team_name,team,season,week,date,playoff,opp,home_away,result,team_score,pts_allowed,sacks,def_int,fum_rec,safeties,blk_punt,blk_fg,blk_xp,def_int_td,def_fum_td,def_td,ret_td,fpts,int_check,def_int_defenders,opp_pass_int,complete,missing_fields,source
Atlanta Falcons,ATL,1980,1,1980-09-07,False,MIN,A,L,23,24,,1,,0,,,,0,,,0,2,match,1,1,False,sacks;fum_rec;blocked_kicks;def_fum_td,PFR
Atlanta Falcons,ATL,1980,2,1980-09-14,False,NWE,A,W,37,21,,1,,0,,,,0,,,0,2,match,1,1,False,sacks;fum_rec;blocked_kicks;def_fum_td,PFR
Atlanta Falcons,ATL,1980,3,1980-09-21,False,MIA,H,L,17,20,,1,,0,,,,0,,,0,3,match,1,1,False,sacks;fum_rec;blocked_kicks;def_fum_td,PFR
Atlanta Falcons,ATL,1980,4,1980-09-28,False,SFO,A,W,20,17,,2,,0,,,,0,,,0,5,match,2,2,False,sacks;fum_rec;blocked_kicks;def_fum_td,PFR
Atlanta Falcons,ATL,1980,5,1980-10-05,False,DET,H,W,43,28,,1,,0,,,,0,,,0,1,match,1,1,False,sacks;fum_rec;blocked_kicks;def_fum_td,PFR
Atlanta Falcons,ATL,1980,6,1980-10-12,False,NYJ,H,L,7,14,,0,,0,,,,0,,,0,1,match,0,0,False,sacks;fum_rec;blocked_kicks;def_fum_td,PFR
Atlanta Falcons,ATL,1980,7,1980-10-19,False,NOR,A,W,41,14,,3,,0,,,,0,,,0,7,match,3,3,False,sacks;fum_rec;blocked_kicks;def_fum_td,PFR
Atlanta Falcons,ATL,1980,8,1980-10-26,False,RAM,H,W,13,10,,2,,0,,,,0,,,0,8,match,2,2,False,sacks;fum_rec;blocked_kicks;def_fum_td,PFR
Atlanta Falcons,ATL,1980,9,1980-11-02,False,BUF,A,W,30,14,,3,,0,,,,0,,,0,7,match,3,3,False,sacks;fum_rec;blocked_kicks;def_fum_td,PFR
Atlanta Falcons,ATL,1980,10,1980-11-09,False,STL,A,W,33,27,,5,,0,,,,0,,,0,10,match,5,5,False,sacks;fum_rec;blocked_kicks;def_fum_td,PFR
Atlanta Falcons,ATL,1980,11,1980-11-16,False,NOR,H,W,31,13,,2,,0,,,,0,,,0,8,match,2,2,False,sacks;fum_rec;blocked_kicks;def_fum_td,PFR
Atlanta Falcons,ATL,1980,12,1980-11-23,False,CHI,H,W,28,17,,0,,0,,,,0,,,0,1,match,0,0,False,sacks;fum_rec;blocked_kicks;def_fum_td,PFR
Atlanta Falcons,ATL,1980,13,1980-11-30,False,WAS,H,W,10,6,,1,,0,,,,0,,,0,9,match,1,1,False,sacks;fum_rec;blocked_kicks;def_fum_td,PFR
Atlanta Falcons,ATL,1980,14,1980-12-07,False,PHI,A,W,20,17,,2,,0,,,,0,,,0,5,match,2,2,False,sacks;fum_rec;blocked_kicks;def_fum_td,PFR
Atlanta Falcons,ATL,1980,15,1980-12-14,False,SFO,H,W,35,10,,2,,0,,,,0,,,0,8,match,2,2,False,sacks;fum_rec;blocked_kicks;def_fum_td,PFR
Atlanta Falcons,ATL,1980,16,1980-12-21,False,RAM,A,L,17,20,,0,,0,,,,0,,,0,1,match,0,0,False,sacks;fum_rec;blocked_kicks;def_fum_td,PFR
Atlanta Falcons,ATL,1980,17,1981-01-04,True,DAL,H,L,27,30,,1,,0,,,,0,,,0,1,match,1,1,False,sacks;fum_rec;blocked_kicks;def_fum_td,PFR
Baltimore Colts,BAL,1980,1,1980-09-07,False,NYJ,A,W,17,14,,4,,0,,,,0,,,0,9,match,4,4,False,sacks;fum_rec;blocked_kicks;def_fum_td,PFR
Baltimore Colts,BAL,1980,2,1980-09-14,False,PIT,H,L,17,20,,1,,0,,,,0,,,0,3,match,1,1,False,sacks;fum_rec;blocked_kicks;def_fum_td,PFR
Baltimore Colts,BAL,1980,3,1980-09-21,False,HOU,A,L,16,21,,2,,0,,,,0,,,0,4,match,2,2,False,sacks;fum_rec;blocked_kicks;def_fum_td,PFR
Baltimore Colts,BAL,1980,4,1980-09-28,False,NYJ,H,W,35,21,,2,,0,,,,0,,,0,4,match,2,2,False,sacks;fum_rec;blocked_kicks;def_fum_td,PFR
Baltimore Colts,BAL,1980,5,1980-10-05,False,MIA,A,W,30,17,,0,,0,,,,0,,,0,1,match,0,0,False,sacks;fum_rec;blocked_kicks;def_fum_td,PFR
Baltimore Colts,BAL,1980,6,1980-10-12,False,BUF,A,W,17,12,,1,,0,,,,0,,,0,6,match,1,1,False,sacks;fum_rec;blocked_kicks;def_fum_td,PFR
Baltimore Colts,BAL,1980,7,1980-10-19,False,NWE,H,L,21,37,,0,,0,,,,0,,,0,-4,match,0,0,False,sacks;fum_rec;blocked_kicks;def_fum_td,PFR
Baltimore Colts,BAL,1980,8,1980-10-26,False,STL,H,L,10,17,,1,,0,,,,0,,,0,3,match,1,1,False,sacks;fum_rec;blocked_kicks;def_fum_td,PFR
Baltimore Colts,BAL,1980,9,1980-11-02,False,KAN,A,W,31,24,,1,,0,,,,0,,,0,2,match,1,1,False,sacks;fum_rec;blocked_kicks;def_fum_td,PFR
Baltimore Colts,BAL,1980,10,1980-11-09,False,CLE,H,L,27,28,,0,,0,,,,0,,,0,-1,match,0,0,False,sacks;fum_rec;blocked_kicks;def_fum_td,PFR
Baltimore Colts,BAL,1980,11,1980-11-16,False,DET,A,W,10,9,,1,,0,,,,0,,,0,6,match,1,1,False,sacks;fum_rec;blocked_kicks;def_fum_td,PFR
Baltimore Colts,BAL,1980,12,1980-11-23,False,NWE,A,L,21,47,,1,,0,,,,0,,,0,-2,match,1,1,False,sacks;fum_rec;blocked_kicks;def_fum_td,PFR
Baltimore Colts,BAL,1980,13,1980-11-30,False,BUF,H,W,28,24,,1,,0,,,,0,,,0,2,match,1,1,False,sacks;fum_rec;blocked_kicks;def_fum_td,PFR
Baltimore Colts,BAL,1980,14,1980-12-07,False,CIN,A,L,33,34,,1,,0,,,,0,,,0,1,match,1,1,False,sacks;fum_rec;blocked_kicks;def_fum_td,PFR
Baltimore Colts,BAL,1980,15,1980-12-14,False,MIA,H,L,14,24,,1,,0,,,,0,,,0,2,match,1,1,False,sacks;fum_rec;blocked_kicks;def_fum_td,PFR
Baltimore Colts,BAL,1980,16,1980-12-21,False,KAN,H,L,28,38,,0,,0,,,,0,,,0,-4,match,0,0,False,sacks;fum_rec;blocked_kicks;def_fum_td,PFR
Buffalo Bills,BUF,1980,1,1980-09-07,False,MIA,H,W,17,7,,4,,0,,,,0,,,0,12,match,4,4,False,sacks;fum_rec;blocked_kicks;def_fum_td,PFR
Buffalo Bills,BUF,1980,2,1980-09-14,False,NYJ,H,W,20,10,,1,,0,,,,0,,,0,6,match,1,1,False,sacks;fum_rec;blocked_kicks;def_fum_td,PFR
Buffalo Bills,BUF,1980,3,1980-09-21,False,NOR,A,W,35,26,,0,,0,,,,0,,,0,0,match,0,0,False,sacks;fum_rec;blocked_kicks;def_fum_td,PFR
Buffalo Bills,BUF,1980,4,1980-09-28,False,OAK,H,W,24,7,,2,,0,,,,0,,,0,8,match,2,2,False,sacks;fum_rec;blocked_kicks;def_fum_td,PFR
Buffalo Bills,BUF,1980,5,1980-10-05,False,SDG,A,W,26,24,,1,,0,,,,0,,,0,2,match,1,1,False,sacks;fum_rec;blocked_kicks;def_fum_td,PFR
Buffalo Bills,BUF,1980,6,1980-10-12,False,BAL,H,L,12,17,,1,,0,,,,0,,,0,3,match,1,1,False,sacks;fum_rec;blocked_kicks;def_fum_td,PFR
Buffalo Bills,BUF,1980,7,1980-10-19,False,MIA,A,L,14,17,,1,,0,,,,0,,,0,3,match,1,1,False,sacks;fum_rec;blocked_kicks;def_fum_td,PFR
Buffalo Bills,BUF,1980,8,1980-10-26,False,NWE,H,W,31,13,,4,,0,,,,0,,,0,12,match,4,4,False,sacks;fum_rec;blocked_kicks;def_fum_td,PFR
Buffalo Bills,BUF,1980,9,1980-11-02,False,ATL,H,L,14,30,,3,,0,,,,0,,,0,5,match,3,3,False,sacks;fum_rec;blocked_kicks;def_fum_td,PFR
Buffalo Bills,BUF,1980,10,1980-11-09,False,NYJ,A,W,31,24,,1,,0,,,,0,,,0,2,match,1,1,False,sacks;fum_rec;blocked_kicks;def_fum_td,PFR
Buffalo Bills,BUF,1980,11,1980-11-16,False,CIN,A,W,14,0,,1,,0,,,,0,,,0,12,match,1,1,False,sacks;fum_rec;blocked_kicks;def_fum_td,PFR
Buffalo Bills,BUF,1980,12,1980-11-23,False,PIT,H,W,28,13,,0,,0,,,,0,,,0,4,match,0,0,False,sacks;fum_rec;blocked_kicks;def_fum_td,PFR
Buffalo Bills,BUF,1980,13,1980-11-30,False,BAL,A,L,24,28,,2,,0,,,,0,,,0,3,match,2,2,False,sacks;fum_rec;blocked_kicks;def_fum_td,PFR
Buffalo Bills,BUF,1980,14,1980-12-07,False,RAM,H,W,10,7,,1,,0,,,,0,,,0,6,match,1,1,False,sacks;fum_rec;blocked_kicks;def_fum_td,PFR
Buffalo Bills,BUF,1980,15,1980-12-14,False,NWE,A,L,2,24,,2,,0,,,,0,,,0,4,match,2,2,False,sacks;fum_rec;blocked_kicks;def_fum_td,PFR
Buffalo Bills,BUF,1980,16,1980-12-21,False,SFO,A,W,18,13,,0,,0,,,,0,,,0,4,match,0,0,False,sacks;fum_rec;blocked_kicks;def_fum_td,PFR
Buffalo Bills,BUF,1980,17,1981-01-03,True,SDG,A,L,14,20,,1,,0,,,,0,,,0,3,match,1,1,False,sacks;fum_rec;blocked_kicks;def_fum_td,PFR
Chicago Bears,CHI,1980,1,1980-09-07,False,GNB,A,L,6,12,,1,,0,,,,0,,,0,6,match,1,1,False,sacks;fum_rec;blocked_kicks;def_fum_td,PFR
Chicago Bears,CHI,1980,2,1980-09-14,False,NOR,H,W,22,3,,2,,0,,,,0,,,0,11,match,2,2,False,sacks;fum_rec;blocked_kicks;def_fum_td,PFR
Chicago Bears,CHI,1980,3,1980-09-21,False,MIN,H,L,14,34,,1,,0,,,,0,,,0,1,match,1,1,False,sacks;fum_rec;blocked_kicks;def_fum_td,PFR
Chicago Bears,CHI,1980,4,1980-09-28,False,PIT,A,L,3,38,,1,,0,,,,0,,,0,-2,match,1,1,False,sacks;fum_rec;blocked_kicks;def_fum_td,PFR
Chicago Bears,CHI,1980,5,1980-10-06,False,TAM,H,W,23,0,,1,,0,,,,0,,,0,12,match,1,1,False,sacks;fum_rec;blocked_kicks;def_fum_td,PFR
Chicago Bears,CHI,1980,6,1980-10-12,False,MIN,A,L,7,13,,1,,0,,,,0,,,0,6,match,1,1,False,sacks;fum_rec;blocked_kicks;def_fum_td,PFR
Chicago Bears,CHI,1980,7,1980-10-19,False,DET,H,W,24,7,,0,,0,,,,0,,,0,4,match,0,0,False,sacks;fum_rec;blocked_kicks;def_fum_td,PFR
Chicago Bears,CHI,1980,8,1980-10-26,False,PHI,A,L,14,17,,0,,0,,,,0,,,0,1,match,0,0,False,sacks;fum_rec;blocked_kicks;def_fum_td,PFR
Chicago Bears,CHI,1980,9,1980-11-03,False,CLE,A,L,21,27,,2,,0,,,,0,,,0,4,match,2,2,False,sacks;fum_rec;blocked_kicks;def_fum_td,PFR
Chicago Bears,CHI,1980,10,1980-11-09,False,WAS,H,W,35,21,,2,,0,,,,0,,,0,4,match,2,2,False,sacks;fum_rec;blocked_kicks;def_fum_td,PFR
Chicago Bears,CHI,1980,11,1980-11-16,False,HOU,H,L,6,10,,1,,0,,,,0,,,0,6,match,1,1,False,sacks;fum_rec;blocked_kicks;def_fum_td,PFR
Chicago Bears,CHI,1980,12,1980-11-23,False,ATL,A,L,17,28,,1,,0,,,,0,,,0,1,match,1,1,False,sacks;fum_rec;blocked_kicks;def_fum_td,PFR
Chicago Bears,CHI,1980,13,1980-11-27,False,DET,A,W,23,17,,0,,0,,,,0,,,1,7,match,0,0,False,sacks;fum_rec;blocked_kicks;def_fum_td,PFR
Chicago Bears,CHI,1980,14,1980-12-07,False,GNB,H,W,61,7,,2,,0,,,,0,,,0,8,match,2,2,False,sacks;fum_rec;blocked_kicks;def_fum_td,PFR
Chicago Bears,CHI,1980,15,1980-12-14,False,CIN,H,L,14,17,,0,,0,,,,0,,,0,1,match,0,0,False,sacks;fum_rec;blocked_kicks;def_fum_td,PFR
Chicago Bears,CHI,1980,16,1980-12-20,False,TAM,A,W,14,13,,2,,0,,,,0,,,0,8,match,2,2,False,sacks;fum_rec;blocked_kicks;def_fum_td,PFR
Cincinnati Bengals,CIN,1980,1,1980-09-07,False,TAM,H,L,12,17,,0,,0,,,,0,,,0,1,match,0,0,False,sacks;fum_rec;blocked_kicks;def_fum_td,PFR
Cincinnati Bengals,CIN,1980,2,1980-09-14,False,MIA,A,L,16,17,,1,,0,,,,0,,,0,3,match,1,1,False,sacks;fum_rec;blocked_kicks;def_fum_td,PFR
Cincinnati Bengals,CIN,1980,3,1980-09-21,False,PIT,H,W,30,28,,2,,0,,,,0,,,0,3,match,2,2,False,sacks;fum_rec;blocked_kicks;def_fum_td,PFR
Cincinnati Bengals,CIN,1980,4,1980-09-28,False,HOU,H,L,10,13,,0,,0,,,,0,,,0,4,match,0,0,False,sacks;fum_rec;blocked_kicks;def_fum_td,PFR
Cincinnati Bengals,CIN,1980,5,1980-10-05,False,GNB,A,L,9,14,,0,,0,,,,0,,,0,1,match,0,0,False,sacks;fum_rec;blocked_kicks;def_fum_td,PFR
Cincinnati Bengals,CIN,1980,6,1980-10-12,False,PIT,A,W,17,16,,1,,0,,,,0,,,0,3,match,1,1,False,sacks;fum_rec;blocked_kicks;def_fum_td,PFR
Cincinnati Bengals,CIN,1980,7,1980-10-19,False,MIN,H,W,14,0,,2,,0,,,,0,,,0,14,match,2,2,False,sacks;fum_rec;blocked_kicks;def_fum_td,PFR
Cincinnati Bengals,CIN,1980,8,1980-10-26,False,HOU,A,L,3,23,,1,,0,,,,0,,,0,2,match,1,1,False,sacks;fum_rec;blocked_kicks;def_fum_td,PFR
Cincinnati Bengals,CIN,1980,9,1980-11-02,False,SDG,H,L,14,31,,0,,0,,,,0,,,0,-1,match,0,0,False,sacks;fum_rec;blocked_kicks;def_fum_td,PFR
Cincinnati Bengals,CIN,1980,10,1980-11-09,False,OAK,A,L,17,28,,2,,0,,,,0,,,0,3,match,2,2,False,sacks;fum_rec;blocked_kicks;def_fum_td,PFR
Cincinnati Bengals,CIN,1980,11,1980-11-16,False,BUF,H,L,0,14,,2,,0,,,,0,,,0,5,match,2,2,False,sacks;fum_rec;blocked_kicks;def_fum_td,PFR
Cincinnati Bengals,CIN,1980,12,1980-11-23,False,CLE,A,L,7,31,,1,,0,,,,0,,,0,1,match,1,1,False,sacks;fum_rec;blocked_kicks;def_fum_td,PFR
Cincinnati Bengals,CIN,1980,13,1980-11-30,False,KAN,A,W,20,6,,1,,0,,,,0,,,0,9,match,1,1,False,sacks;fum_rec;blocked_kicks;def_fum_td,PFR
Cincinnati Bengals,CIN,1980,14,1980-12-07,False,BAL,H,W,34,33,,1,,0,,,,0,,,0,1,match,1,1,False,sacks;fum_rec;blocked_kicks;def_fum_td,PFR
Cincinnati Bengals,CIN,1980,15,1980-12-14,False,CHI,A,W,17,14,,4,,0,,,,0,,,0,9,match,4,4,False,sacks;fum_rec;blocked_kicks;def_fum_td,PFR
Cincinnati Bengals,CIN,1980,16,1980-12-21,False,CLE,H,L,24,27,,2,,0,,,,0,,,0,4,match,2,2,False,sacks;fum_rec;blocked_kicks;def_fum_td,PFR
Cleveland Browns,CLE,1980,1,1980-09-07,False,NWE,A,L,17,34,,1,,0,,,,0,,,0,1,match,1,1,False,sacks;fum_rec;blocked_kicks;def_fum_td,PFR
Cleveland Browns,CLE,1980,2,1980-09-15,False,HOU,H,L,7,16,,0,,0,,,,0,,,0,1,match,0,0,False,sacks;fum_rec;blocked_kicks;def_fum_td,PFR
Cleveland Browns,CLE,1980,3,1980-09-21,False,KAN,H,W,20,13,,0,,0,,,,0,,,0,4,match,0,0,False,sacks;fum_rec;blocked_kicks;def_fum_td,PFR
Cleveland Browns,CLE,1980,4,1980-09-28,False,TAM,A,W,34,27,,2,,0,,,,0,,,0,4,match,2,2,False,sacks;fum_rec;blocked_kicks;def_fum_td,PFR
Cleveland Browns,CLE,1980,5,1980-10-05,False,DEN,H,L,16,19,,1,,0,,,,0,,,0,3,match,1,1,False,sacks;fum_rec;blocked_kicks;def_fum_td,PFR
Cleveland Browns,CLE,1980,6,1980-10-12,False,SEA,A,W,27,3,,0,,0,,,,0,,,0,7,match,0,0,False,sacks;fum_rec;blocked_kicks;def_fum_td,PFR
Cleveland Browns,CLE,1980,7,1980-10-19,False,GNB,H,W,26,21,,3,,0,,,,0,,,0,6,match,3,3,False,sacks;fum_rec;blocked_kicks;def_fum_td,PFR
Cleveland Browns,CLE,1980,8,1980-10-26,False,PIT,H,W,27,26,,1,,0,,,,0,,,0,2,match,1,1,False,sacks;fum_rec;blocked_kicks;def_fum_td,PFR
Cleveland Browns,CLE,1980,9,1980-11-03,False,CHI,H,W,27,21,,1,,0,,,,0,,,0,2,match,1,1,False,sacks;fum_rec;blocked_kicks;def_fum_td,PFR
Cleveland Browns,CLE,1980,10,1980-11-09,False,BAL,A,W,28,27,,1,,0,,,,0,,,0,2,match,1,1,False,sacks;fum_rec;blocked_kicks;def_fum_td,PFR
Cleveland Browns,CLE,1980,11,1980-11-16,False,PIT,A,L,13,16,,4,,0,,,,0,,,0,9,match,4,4,False,sacks;fum_rec;blocked_kicks;def_fum_td,PFR
Cleveland Browns,CLE,1980,12,1980-11-23,False,CIN,H,W,31,7,,2,,0,,,,0,,,0,8,match,2,2,False,sacks;fum_rec;blocked_kicks;def_fum_td,PFR
Cleveland Browns,CLE,1980,13,1980-11-30,False,HOU,A,W,17,14,,2,,0,,,,0,,,0,5,match,2,2,False,sacks;fum_rec;blocked_kicks;def_fum_td,PFR
Cleveland Browns,CLE,1980,14,1980-12-07,False,NYJ,H,W,17,14,,2,,0,,,,0,,,0,5,match,2,2,False,sacks;fum_rec;blocked_kicks;def_fum_td,PFR
Cleveland Browns,CLE,1980,15,1980-12-14,False,MIN,A,L,23,28,,0,,0,,,,0,,,0,-1,match,0,0,False,sacks;fum_rec;blocked_kicks;def_fum_td,PFR
Cleveland Browns,CLE,1980,16,1980-12-21,False,CIN,A,W,27,24,,2,,0,,,,0,,,0,4,match,2,2,False,sacks;fum_rec;blocked_kicks;def_fum_td,PFR
Cleveland Browns,CLE,1980,17,1981-01-04,True,OAK,H,L,12,14,,2,,0,,,,0,,,0,5,match,2,2,False,sacks;fum_rec;blocked_kicks;def_fum_td,PFR
Dallas Cowboys,DAL,1980,1,1980-09-08,False,WAS,A,W,17,3,,1,,0,,,,0,,,0,9,match,1,1,False,sacks;fum_rec;blocked_kicks;def_fum_td,PFR
Dallas Cowboys,DAL,1980,2,1980-09-14,False,DEN,A,L,20,41,,0,,0,,,,0,,,0,-4,match,0,0,False,sacks;fum_rec;blocked_kicks;def_fum_td,PFR
Dallas Cowboys,DAL,1980,3,1980-09-21,False,TAM,H,W,28,17,,2,,0,,,,0,,,0,5,match,2,2,False,sacks;fum_rec;blocked_kicks;def_fum_td,PFR
Dallas Cowboys,DAL,1980,4,1980-09-28,False,GNB,A,W,28,7,,1,,0,,,,0,,,0,6,match,1,1,False,sacks;fum_rec;blocked_kicks;def_fum_td,PFR
Dallas Cowboys,DAL,1980,5,1980-10-05,False,NYG,H,W,24,3,,3,,0,,,,0,,,0,13,match,3,3,False,sacks;fum_rec;blocked_kicks;def_fum_td,PFR
Dallas Cowboys,DAL,1980,6,1980-10-12,False,SFO,H,W,59,14,,5,,0,,,,0,,,0,11,match,5,5,False,sacks;fum_rec;blocked_kicks;def_fum_td,PFR
Dallas Cowboys,DAL,1980,7,1980-10-19,False,PHI,A,L,10,17,,1,,0,,,,0,,,0,3,match,1,1,False,sacks;fum_rec;blocked_kicks;def_fum_td,PFR
Dallas Cowboys,DAL,1980,8,1980-10-26,False,SDG,H,W,42,31,,4,,0,,,,0,,,0,7,match,4,4,False,sacks;fum_rec;blocked_kicks;def_fum_td,PFR
Dallas Cowboys,DAL,1980,9,1980-11-02,False,STL,A,W,27,24,,2,,0,,,,0,,,0,4,match,2,2,False,sacks;fum_rec;blocked_kicks;def_fum_td,PFR
Dallas Cowboys,DAL,1980,10,1980-11-09,False,NYG,A,L,35,38,,1,,0,,,,0,,,0,-2,match,1,1,False,sacks;fum_rec;blocked_kicks;def_fum_td,PFR
Dallas Cowboys,DAL,1980,11,1980-11-16,False,STL,H,W,31,21,,1,,0,,,,0,,,0,2,match,1,1,False,sacks;fum_rec;blocked_kicks;def_fum_td,PFR
Dallas Cowboys,DAL,1980,12,1980-11-23,False,WAS,H,W,14,10,,1,,0,,,,0,,,0,6,match,1,1,False,sacks;fum_rec;blocked_kicks;def_fum_td,PFR
Dallas Cowboys,DAL,1980,13,1980-11-27,False,SEA,H,W,51,7,,3,,0,,,,0,,,0,10,match,3,3,False,sacks;fum_rec;blocked_kicks;def_fum_td,PFR
Dallas Cowboys,DAL,1980,14,1980-12-07,False,OAK,A,W,19,13,,2,,0,,,,0,,,0,8,match,2,2,False,sacks;fum_rec;blocked_kicks;def_fum_td,PFR
Dallas Cowboys,DAL,1980,15,1980-12-15,False,RAM,A,L,14,38,,0,,0,,,,0,,,0,-4,match,0,0,False,sacks;fum_rec;blocked_kicks;def_fum_td,PFR
Dallas Cowboys,DAL,1980,16,1980-12-21,False,PHI,H,W,35,27,,0,,0,,,,0,,,0,0,match,0,0,False,sacks;fum_rec;blocked_kicks;def_fum_td,PFR
Dallas Cowboys,DAL,1980,17,1980-12-28,True,RAM,H,W,34,13,,3,,0,,,,0,,,0,10,match,3,3,False,sacks;fum_rec;blocked_kicks;def_fum_td,PFR
Dallas Cowboys,DAL,1980,18,1981-01-04,True,ATL,A,W,30,27,,1,,0,,,,0,,,0,2,match,1,1,False,sacks;fum_rec;blocked_kicks;def_fum_td,PFR
Dallas Cowboys,DAL,1980,19,1981-01-11,True,PHI,A,L,7,20,,2,,0,,,,0,,,0,5,match,2,2,False,sacks;fum_rec;blocked_kicks;def_fum_td,PFR
Denver Broncos,DEN,1980,1,1980-09-07,False,PHI,A,L,6,27,,0,,0,,,,0,,,0,0,match,0,0,False,sacks;fum_rec;blocked_kicks;def_fum_td,PFR
Denver Broncos,DEN,1980,2,1980-09-14,False,DAL,H,W,41,20,,1,,0,,,,0,,,0,3,match,1,1,False,sacks;fum_rec;blocked_kicks;def_fum_td,PFR
Denver Broncos,DEN,1980,3,1980-09-21,False,SDG,H,L,13,30,,3,,0,,,,0,,,0,5,match,3,3,False,sacks;fum_rec;blocked_kicks;def_fum_td,PFR
Denver Broncos,DEN,1980,4,1980-09-29,False,NWE,A,L,14,23,,1,,0,,,,0,,,0,2,match,1,1,False,sacks;fum_rec;blocked_kicks;def_fum_td,PFR
Denver Broncos,DEN,1980,5,1980-10-05,False,CLE,A,W,19,16,,1,,0,,,,0,,,0,3,match,1,1,False,sacks;fum_rec;blocked_kicks;def_fum_td,PFR
Denver Broncos,DEN,1980,6,1980-10-13,False,WAS,H,W,20,17,,0,,0,,,,0,,,0,1,match,0,0,False,sacks;fum_rec;blocked_kicks;def_fum_td,PFR
Denver Broncos,DEN,1980,7,1980-10-19,False,KAN,H,L,17,23,,0,,0,,,,0,,,0,0,match,0,0,False,sacks;fum_rec;blocked_kicks;def_fum_td,PFR
Denver Broncos,DEN,1980,8,1980-10-26,False,NYG,A,W,14,9,,1,,0,,,,0,,,0,6,match,1,1,False,sacks;fum_rec;blocked_kicks;def_fum_td,PFR
Denver Broncos,DEN,1980,9,1980-11-02,False,HOU,H,L,16,20,,0,,0,,,,0,,,0,1,match,0,0,False,sacks;fum_rec;blocked_kicks;def_fum_td,PFR
Denver Broncos,DEN,1980,10,1980-11-09,False,SDG,A,W,20,13,,1,,0,,,,0,,,0,6,match,1,1,False,sacks;fum_rec;blocked_kicks;def_fum_td,PFR
Denver Broncos,DEN,1980,11,1980-11-16,False,NYJ,H,W,31,24,,1,,0,,,,0,,,0,2,match,1,1,False,sacks;fum_rec;blocked_kicks;def_fum_td,PFR
Denver Broncos,DEN,1980,12,1980-11-23,False,SEA,H,W,36,20,,3,,0,,,,0,,,0,7,match,3,3,False,sacks;fum_rec;blocked_kicks;def_fum_td,PFR
Denver Broncos,DEN,1980,13,1980-12-01,False,OAK,A,L,3,9,,0,,0,,,,0,,,0,4,match,0,0,False,sacks;fum_rec;blocked_kicks;def_fum_td,PFR
Denver Broncos,DEN,1980,14,1980-12-07,False,KAN,A,L,14,31,,1,,0,,,,0,,,0,1,match,1,1,False,sacks;fum_rec;blocked_kicks;def_fum_td,PFR
Denver Broncos,DEN,1980,15,1980-12-14,False,OAK,H,L,21,24,,1,,0,,,,0,,,0,2,match,1,1,False,sacks;fum_rec;blocked_kicks;def_fum_td,PFR
Denver Broncos,DEN,1980,16,1980-12-21,False,SEA,A,W,25,17,,2,,0,,,,0,,,0,5,match,2,2,False,sacks;fum_rec;blocked_kicks;def_fum_td,PFR
Detroit Lions,DET,1980,1,1980-09-07,False,RAM,A,W,41,20,,3,,0,,,,0,,,0,7,match,3,3,False,sacks;fum_rec;blocked_kicks;def_fum_td,PFR
Detroit Lions,DET,1980,2,1980-09-14,False,GNB,A,W,29,7,,2,,0,,,,0,,,0,8,match,2,2,False,sacks;fum_rec;blocked_kicks;def_fum_td,PFR
Detroit Lions,DET,1980,3,1980-09-21,False,STL,H,W,20,7,,1,,0,,,,0,,,0,6,match,1,1,False,sacks;fum_rec;blocked_kicks;def_fum_td,PFR
Detroit Lions,DET,1980,4,1980-09-28,False,MIN,H,W,27,7,,5,,0,,,,0,,,0,14,match,5,5,False,sacks;fum_rec;blocked_kicks;def_fum_td,PFR
Detroit Lions,DET,1980,5,1980-10-05,False,ATL,A,L,28,43,,2,,0,,,,0,,,0,0,match,2,2,False,sacks;fum_rec;blocked_kicks;def_fum_td,PFR
Detroit Lions,DET,1980,6,1980-10-12,False,NOR,H,W,24,13,,0,,0,,,,0,,,0,4,match,0,0,False,sacks;fum_rec;blocked_kicks;def_fum_td,PFR
Detroit Lions,DET,1980,7,1980-10-19,False,CHI,A,L,7,24,,1,,0,,,,0,,,0,2,match,1,1,False,sacks;fum_rec;blocked_kicks;def_fum_td,PFR
Detroit Lions,DET,1980,8,1980-10-26,False,KAN,A,L,17,20,,0,,0,,,,0,,,0,1,match,0,0,False,sacks;fum_rec;blocked_kicks;def_fum_td,PFR
Detroit Lions,DET,1980,9,1980-11-02,False,SFO,H,W,17,13,,1,,0,,,,0,,,0,6,match,1,1,False,sacks;fum_rec;blocked_kicks;def_fum_td,PFR
Detroit Lions,DET,1980,10,1980-11-09,False,MIN,A,L,0,34,,0,,0,,,,0,,,0,-1,match,0,0,False,sacks;fum_rec;blocked_kicks;def_fum_td,PFR
Detroit Lions,DET,1980,11,1980-11-16,False,BAL,H,L,9,10,,3,,0,,,,0,,,0,10,match,3,3,False,sacks;fum_rec;blocked_kicks;def_fum_td,PFR
Detroit Lions,DET,1980,12,1980-11-23,False,TAM,A,W,24,10,,1,,0,,,,0,,,0,6,match,1,1,False,sacks;fum_rec;blocked_kicks;def_fum_td,PFR
Detroit Lions,DET,1980,13,1980-11-27,False,CHI,H,L,17,23,,0,,0,,,,0,,,0,0,match,0,0,False,sacks;fum_rec;blocked_kicks;def_fum_td,PFR
Detroit Lions,DET,1980,14,1980-12-07,False,STL,A,L,23,24,,1,,0,,,,0,,,0,2,match,1,1,False,sacks;fum_rec;blocked_kicks;def_fum_td,PFR
Detroit Lions,DET,1980,15,1980-12-14,False,TAM,H,W,27,14,,2,,0,,,,0,,,1,11,match,2,2,False,sacks;fum_rec;blocked_kicks;def_fum_td,PFR
Detroit Lions,DET,1980,16,1980-12-21,False,GNB,H,W,24,3,,1,,0,,,,0,,,0,9,match,1,1,False,sacks;fum_rec;blocked_kicks;def_fum_td,PFR
Green Bay Packers,GNB,1980,1,1980-09-07,False,CHI,H,W,12,6,,3,,0,,,,0,,,0,13,match,3,3,False,sacks;fum_rec;blocked_kicks;def_fum_td,PFR
Green Bay Packers,GNB,1980,2,1980-09-14,False,DET,H,L,7,29,,1,,0,,,,0,,,0,1,match,1,1,False,sacks;fum_rec;blocked_kicks;def_fum_td,PFR
Green Bay Packers,GNB,1980,3,1980-09-21,False,RAM,A,L,21,51,,0,,0,,,,0,,,0,-4,match,0,0,False,sacks;fum_rec;blocked_kicks;def_fum_td,PFR
Green Bay Packers,GNB,1980,4,1980-09-28,False,DAL,H,L,7,28,,0,,0,,,,0,,,0,-1,match,0,0,False,sacks;fum_rec;blocked_kicks;def_fum_td,PFR
Green Bay Packers,GNB,1980,5,1980-10-05,False,CIN,H,W,14,9,,2,,0,,,,0,,,0,8,match,2,2,False,sacks;fum_rec;blocked_kicks;def_fum_td,PFR
Green Bay Packers,GNB,1980,6,1980-10-12,False,TAM,A,T,14,14,,0,,0,,,,0,,,0,1,match,0,0,False,sacks;fum_rec;blocked_kicks;def_fum_td,PFR
Green Bay Packers,GNB,1980,7,1980-10-19,False,CLE,A,L,21,26,,0,,0,,,,0,,,0,0,match,0,0,False,sacks;fum_rec;blocked_kicks;def_fum_td,PFR
Green Bay Packers,GNB,1980,8,1980-10-26,False,MIN,H,W,16,3,,1,,0,,,,0,,,0,9,match,1,1,False,sacks;fum_rec;blocked_kicks;def_fum_td,PFR
Green Bay Packers,GNB,1980,9,1980-11-02,False,PIT,A,L,20,22,,2,,0,,,,0,,,0,4,match,2,2,False,sacks;fum_rec;blocked_kicks;def_fum_td,PFR
Green Bay Packers,GNB,1980,10,1980-11-09,False,SFO,H,W,23,16,,1,,0,,,,0,,,0,3,match,1,1,False,sacks;fum_rec;blocked_kicks;def_fum_td,PFR
Green Bay Packers,GNB,1980,11,1980-11-16,False,NYG,A,L,21,27,,0,,0,,,,0,,,0,0,match,0,0,False,sacks;fum_rec;blocked_kicks;def_fum_td,PFR
Green Bay Packers,GNB,1980,12,1980-11-23,False,MIN,A,W,25,13,,0,,0,,,,0,,,0,4,match,0,0,False,sacks;fum_rec;blocked_kicks;def_fum_td,PFR
Green Bay Packers,GNB,1980,13,1980-11-30,False,TAM,H,L,17,20,,0,,0,,,,0,,,0,1,match,0,0,False,sacks;fum_rec;blocked_kicks;def_fum_td,PFR
Green Bay Packers,GNB,1980,14,1980-12-07,False,CHI,A,L,7,61,,0,,0,,,,0,,,0,-4,match,0,0,False,sacks;fum_rec;blocked_kicks;def_fum_td,PFR
Green Bay Packers,GNB,1980,15,1980-12-14,False,HOU,H,L,3,22,,1,,0,,,,0,,,0,2,match,1,1,False,sacks;fum_rec;blocked_kicks;def_fum_td,PFR
Green Bay Packers,GNB,1980,16,1980-12-21,False,DET,A,L,3,24,,2,,0,,,,0,,,0,4,match,2,2,False,sacks;fum_rec;blocked_kicks;def_fum_td,PFR
Houston Oilers,HOU,1980,1,1980-09-07,False,PIT,A,L,17,31,,2,,0,,,,0,,,0,3,match,2,2,False,sacks;fum_rec;blocked_kicks;def_fum_td,PFR
Houston Oilers,HOU,1980,2,1980-09-15,False,CLE,A,W,16,7,,1,,0,,,,0,,,0,6,match,1,1,False,sacks;fum_rec;blocked_kicks;def_fum_td,PFR
Houston Oilers,HOU,1980,3,1980-09-21,False,BAL,H,W,21,16,,0,,0,,,,0,,,0,1,match,0,0,False,sacks;fum_rec;blocked_kicks;def_fum_td,PFR
Houston Oilers,HOU,1980,4,1980-09-28,False,CIN,A,W,13,10,,1,,0,,,,0,,,0,6,match,1,1,False,sacks;fum_rec;blocked_kicks;def_fum_td,PFR
Houston Oilers,HOU,1980,5,1980-10-05,False,SEA,H,L,7,26,,0,,0,,,,0,,,0,0,match,0,0,False,sacks;fum_rec;blocked_kicks;def_fum_td,PFR
Houston Oilers,HOU,1980,6,1980-10-12,False,KAN,A,L,20,21,,1,,0,,,,0,,,0,2,match,1,1,False,sacks;fum_rec;blocked_kicks;def_fum_td,PFR
Houston Oilers,HOU,1980,7,1980-10-19,False,TAM,H,W,20,14,,2,,0,,,,0,,,0,5,raised_to_opp_qb_count,1,2,False,sacks;fum_rec;blocked_kicks;def_fum_td,PFR
Houston Oilers,HOU,1980,8,1980-10-26,False,CIN,H,W,23,3,,3,,0,,,,0,,,0,13,match,3,3,False,sacks;fum_rec;blocked_kicks;def_fum_td,PFR
Houston Oilers,HOU,1980,9,1980-11-02,False,DEN,A,W,20,16,,0,,0,,,,0,,,0,1,match,0,0,False,sacks;fum_rec;blocked_kicks;def_fum_td,PFR
Houston Oilers,HOU,1980,10,1980-11-10,False,NWE,H,W,38,34,,2,,0,,,,0,,,0,3,match,2,2,False,sacks;fum_rec;blocked_kicks;def_fum_td,PFR
Houston Oilers,HOU,1980,11,1980-11-16,False,CHI,A,W,10,6,,1,,0,,,,0,,,0,9,match,1,1,False,sacks;fum_rec;blocked_kicks;def_fum_td,PFR
Houston Oilers,HOU,1980,12,1980-11-23,False,NYJ,A,L,28,31,,2,,0,,,,0,,,0,3,match,2,2,False,sacks;fum_rec;blocked_kicks;def_fum_td,PFR
Houston Oilers,HOU,1980,13,1980-11-30,False,CLE,H,L,14,17,,1,,0,,,,0,,,0,3,match,1,1,False,sacks;fum_rec;blocked_kicks;def_fum_td,PFR
Houston Oilers,HOU,1980,14,1980-12-04,False,PIT,H,W,6,0,,3,,0,,,,0,,,0,16,match,3,3,False,sacks;fum_rec;blocked_kicks;def_fum_td,PFR
Houston Oilers,HOU,1980,15,1980-12-14,False,GNB,A,W,22,3,,3,,0,,,,0,,,0,13,match,3,3,False,sacks;fum_rec;blocked_kicks;def_fum_td,PFR
Houston Oilers,HOU,1980,16,1980-12-21,False,MIN,H,W,20,16,,4,,0,,,,0,,,0,9,match,4,4,False,sacks;fum_rec;blocked_kicks;def_fum_td,PFR
Houston Oilers,HOU,1980,17,1980-12-28,True,OAK,A,L,7,27,,1,,0,,,,0,,,0,2,match,1,1,False,sacks;fum_rec;blocked_kicks;def_fum_td,PFR
Kansas City Chiefs,KAN,1980,1,1980-09-07,False,OAK,H,L,14,27,,0,,0,,,,0,,,0,0,match,0,0,False,sacks;fum_rec;blocked_kicks;def_fum_td,PFR
Kansas City Chiefs,KAN,1980,2,1980-09-14,False,SEA,H,L,16,17,,1,,0,,,,0,,,0,3,match,1,1,False,sacks;fum_rec;blocked_kicks;def_fum_td,PFR
Kansas City Chiefs,KAN,1980,3,1980-09-21,False,CLE,A,L,13,20,,1,,0,,,,0,,,0,3,match,1,1,False,sacks;fum_rec;blocked_kicks;def_fum_td,PFR
Kansas City Chiefs,KAN,1980,4,1980-09-28,False,SDG,H,L,7,24,,0,,0,,,,0,,,0,0,match,0,0,False,sacks;fum_rec;blocked_kicks;def_fum_td,PFR
Kansas City Chiefs,KAN,1980,5,1980-10-05,False,OAK,A,W,31,17,,5,,0,,,,0,,,0,11,match,5,5,False,sacks;fum_rec;blocked_kicks;def_fum_td,PFR
Kansas City Chiefs,KAN,1980,6,1980-10-12,False,HOU,H,W,21,20,,2,,0,,,,0,,,0,5,raised_to_opp_qb_count,1,2,False,sacks;fum_rec;blocked_kicks;def_fum_td,PFR
Kansas City Chiefs,KAN,1980,7,1980-10-19,False,DEN,A,W,23,17,,2,,0,,,,0,,,0,5,match,2,2,False,sacks;fum_rec;blocked_kicks;def_fum_td,PFR
Kansas City Chiefs,KAN,1980,8,1980-10-26,False,DET,H,W,20,17,,2,,0,,,,0,,,0,5,match,2,2,False,sacks;fum_rec;blocked_kicks;def_fum_td,PFR
Kansas City Chiefs,KAN,1980,9,1980-11-02,False,BAL,H,L,24,31,,2,,0,,,,0,,,0,3,match,2,2,False,sacks;fum_rec;blocked_kicks;def_fum_td,PFR
Kansas City Chiefs,KAN,1980,10,1980-11-09,False,SEA,A,W,31,30,,5,,0,,,,0,,,0,9,match,5,5,False,sacks;fum_rec;blocked_kicks;def_fum_td,PFR
Kansas City Chiefs,KAN,1980,11,1980-11-16,False,SDG,A,L,7,20,,1,,0,,,,0,,,0,3,match,1,1,False,sacks;fum_rec;blocked_kicks;def_fum_td,PFR
Kansas City Chiefs,KAN,1980,12,1980-11-23,False,STL,A,W,21,13,,1,,0,,,,0,,,1,12,match,1,1,False,sacks;fum_rec;blocked_kicks;def_fum_td,PFR
Kansas City Chiefs,KAN,1980,13,1980-11-30,False,CIN,H,L,6,20,,2,,0,,,,0,,,0,5,match,2,2,False,sacks;fum_rec;blocked_kicks;def_fum_td,PFR
Kansas City Chiefs,KAN,1980,14,1980-12-07,False,DEN,H,W,31,14,,1,,0,,,,0,,,0,3,match,1,1,False,sacks;fum_rec;blocked_kicks;def_fum_td,PFR
Kansas City Chiefs,KAN,1980,15,1980-12-14,False,PIT,A,L,16,21,,2,,0,,,,0,,,0,4,match,2,2,False,sacks;fum_rec;blocked_kicks;def_fum_td,PFR
Kansas City Chiefs,KAN,1980,16,1980-12-21,False,BAL,A,W,38,28,,1,,0,,,,0,,,1,7,match,1,1,False,sacks;fum_rec;blocked_kicks;def_fum_td,PFR
Miami Dolphins,MIA,1980,1,1980-09-07,False,BUF,A,L,7,17,,5,,0,,,,0,,,0,11,match,5,5,False,sacks;fum_rec;blocked_kicks;def_fum_td,PFR
Miami Dolphins,MIA,1980,2,1980-09-14,False,CIN,H,W,17,16,,1,,0,,,,0,,,0,3,match,1,1,False,sacks;fum_rec;blocked_kicks;def_fum_td,PFR
Miami Dolphins,MIA,1980,3,1980-09-21,False,ATL,A,W,20,17,,0,,0,,,,0,,,0,1,match,0,0,False,sacks;fum_rec;blocked_kicks;def_fum_td,PFR
Miami Dolphins,MIA,1980,4,1980-09-28,False,NOR,H,W,21,16,,2,,0,,,,0,,,0,5,match,2,2,False,sacks;fum_rec;blocked_kicks;def_fum_td,PFR
Miami Dolphins,MIA,1980,5,1980-10-05,False,BAL,H,L,17,30,,0,,0,,,,0,,,0,-1,match,0,0,False,sacks;fum_rec;blocked_kicks;def_fum_td,PFR
Miami Dolphins,MIA,1980,6,1980-10-12,False,NWE,A,L,0,34,,3,,0,,,,0,,,0,5,match,3,3,False,sacks;fum_rec;blocked_kicks;def_fum_td,PFR
Miami Dolphins,MIA,1980,7,1980-10-19,False,BUF,H,W,17,14,,0,,0,,,,0,,,0,1,match,0,0,False,sacks;fum_rec;blocked_kicks;def_fum_td,PFR
Miami Dolphins,MIA,1980,8,1980-10-27,False,NYJ,A,L,14,17,,3,,0,,,,0,,,0,7,match,3,3,False,sacks;fum_rec;blocked_kicks;def_fum_td,PFR
Miami Dolphins,MIA,1980,9,1980-11-02,False,OAK,A,L,10,16,,3,,0,,,,0,,,0,7,match,3,3,False,sacks;fum_rec;blocked_kicks;def_fum_td,PFR
Miami Dolphins,MIA,1980,10,1980-11-09,False,RAM,A,W,35,14,,4,,0,,,,0,,,0,9,match,4,4,False,sacks;fum_rec;blocked_kicks;def_fum_td,PFR
Miami Dolphins,MIA,1980,11,1980-11-16,False,SFO,H,W,17,13,,1,,0,,,,0,,,0,6,match,1,1,False,sacks;fum_rec;blocked_kicks;def_fum_td,PFR
Miami Dolphins,MIA,1980,12,1980-11-20,False,SDG,H,L,24,27,,0,,0,,,,0,,,0,0,match,0,0,False,sacks;fum_rec;blocked_kicks;def_fum_td,PFR
Miami Dolphins,MIA,1980,13,1980-11-30,False,PIT,A,L,10,23,,1,,0,,,,0,,,0,2,match,1,1,False,sacks;fum_rec;blocked_kicks;def_fum_td,PFR
Miami Dolphins,MIA,1980,14,1980-12-08,False,NWE,H,W,16,13,,0,,0,,,,0,,,0,4,match,0,0,False,sacks;fum_rec;blocked_kicks;def_fum_td,PFR
Miami Dolphins,MIA,1980,15,1980-12-14,False,BAL,A,W,24,14,,2,,0,,,,0,,,0,5,match,2,2,False,sacks;fum_rec;blocked_kicks;def_fum_td,PFR
Miami Dolphins,MIA,1980,16,1980-12-20,False,NYJ,H,L,17,24,,3,,0,,,,0,,,0,6,match,3,3,False,sacks;fum_rec;blocked_kicks;def_fum_td,PFR
Minnesota Vikings,MIN,1980,1,1980-09-07,False,ATL,H,W,24,23,,1,,0,,,,0,,,0,2,match,1,1,False,sacks;fum_rec;blocked_kicks;def_fum_td,PFR
Minnesota Vikings,MIN,1980,2,1980-09-14,False,PHI,H,L,7,42,,1,,0,,,,0,,,0,-2,match,1,1,False,sacks;fum_rec;blocked_kicks;def_fum_td,PFR
Minnesota Vikings,MIN,1980,3,1980-09-21,False,CHI,A,W,34,14,,2,,0,,,,0,,,0,5,match,2,2,False,sacks;fum_rec;blocked_kicks;def_fum_td,PFR
Minnesota Vikings,MIN,1980,4,1980-09-28,False,DET,A,L,7,27,,1,,0,,,,0,,,0,2,match,1,1,False,sacks;fum_rec;blocked_kicks;def_fum_td,PFR
Minnesota Vikings,MIN,1980,5,1980-10-05,False,PIT,H,L,17,23,,1,,0,,,,0,,,0,2,match,1,1,False,sacks;fum_rec;blocked_kicks;def_fum_td,PFR
Minnesota Vikings,MIN,1980,6,1980-10-12,False,CHI,H,W,13,7,,4,,0,,,,0,,,0,12,match,4,4,False,sacks;fum_rec;blocked_kicks;def_fum_td,PFR
Minnesota Vikings,MIN,1980,7,1980-10-19,False,CIN,A,L,0,14,,1,,0,,,,0,,,0,3,match,1,1,False,sacks;fum_rec;blocked_kicks;def_fum_td,PFR
Minnesota Vikings,MIN,1980,8,1980-10-26,False,GNB,A,L,3,16,,3,,0,,,,0,,,0,7,match,3,3,False,sacks;fum_rec;blocked_kicks;def_fum_td,PFR
Minnesota Vikings,MIN,1980,9,1980-11-02,False,WAS,A,W,39,14,,2,,0,,,,0,,,1,11,match,2,2,False,sacks;fum_rec;blocked_kicks;def_fum_td,PFR
Minnesota Vikings,MIN,1980,10,1980-11-09,False,DET,H,W,34,0,,1,,0,,,,0,,,0,12,match,1,1,False,sacks;fum_rec;blocked_kicks;def_fum_td,PFR
Minnesota Vikings,MIN,1980,11,1980-11-16,False,TAM,H,W,38,30,,2,,0,,,,0,,,0,3,match,2,2,False,sacks;fum_rec;blocked_kicks;def_fum_td,PFR
Minnesota Vikings,MIN,1980,12,1980-11-23,False,GNB,H,L,13,25,,0,,0,,,,0,,,0,0,match,0,0,False,sacks;fum_rec;blocked_kicks;def_fum_td,PFR
Minnesota Vikings,MIN,1980,13,1980-11-30,False,NOR,A,W,23,20,,2,,0,,,,0,,,0,5,match,2,2,False,sacks;fum_rec;blocked_kicks;def_fum_td,PFR
Minnesota Vikings,MIN,1980,14,1980-12-07,False,TAM,A,W,21,10,,0,,0,,,,0,,,0,4,match,0,0,False,sacks;fum_rec;blocked_kicks;def_fum_td,PFR
Minnesota Vikings,MIN,1980,15,1980-12-14,False,CLE,H,W,28,23,,1,,0,,,,0,,,0,2,match,1,1,False,sacks;fum_rec;blocked_kicks;def_fum_td,PFR
Minnesota Vikings,MIN,1980,16,1980-12-21,False,HOU,A,L,16,20,,2,,0,,,,0,,,0,5,match,2,2,False,sacks;fum_rec;blocked_kicks;def_fum_td,PFR
Minnesota Vikings,MIN,1980,17,1981-01-03,True,PHI,A,L,16,31,,2,,0,,,,0,,,0,3,match,2,2,False,sacks;fum_rec;blocked_kicks;def_fum_td,PFR
New Orleans Saints,NOR,1980,1,1980-09-07,False,SFO,H,L,23,26,,1,,0,,,,0,,,0,2,match,1,1,False,sacks;fum_rec;blocked_kicks;def_fum_td,PFR
New Orleans Saints,NOR,1980,2,1980-09-14,False,CHI,A,L,3,22,,0,,0,,,,0,,,0,0,match,0,0,False,sacks;fum_rec;blocked_kicks;def_fum_td,PFR
New Orleans Saints,NOR,1980,3,1980-09-21,False,BUF,H,L,26,35,,2,,0,,,,0,,,0,0,match,2,2,False,sacks;fum_rec;blocked_kicks;def_fum_td,PFR
New Orleans Saints,NOR,1980,4,1980-09-28,False,MIA,A,L,16,21,,3,,0,,,,0,,,0,6,match,3,3,False,sacks;fum_rec;blocked_kicks;def_fum_td,PFR
New Orleans Saints,NOR,1980,5,1980-10-05,False,STL,H,L,7,40,,0,,0,,,,0,,,0,-4,match,0,0,False,sacks;fum_rec;blocked_kicks;def_fum_td,PFR
New Orleans Saints,NOR,1980,6,1980-10-12,False,DET,A,L,13,24,,0,,0,,,,0,,,0,0,match,0,0,False,sacks;fum_rec;blocked_kicks;def_fum_td,PFR
New Orleans Saints,NOR,1980,7,1980-10-19,False,ATL,H,L,14,41,,0,,0,,,,0,,,0,-4,match,0,0,False,sacks;fum_rec;blocked_kicks;def_fum_td,PFR
New Orleans Saints,NOR,1980,8,1980-10-26,False,WAS,A,L,14,22,,0,,0,,,,0,,,0,0,match,0,0,False,sacks;fum_rec;blocked_kicks;def_fum_td,PFR
New Orleans Saints,NOR,1980,9,1980-11-02,False,RAM,A,L,31,45,,1,,0,,,,0,,,0,-2,match,1,1,False,sacks;fum_rec;blocked_kicks;def_fum_td,PFR
New Orleans Saints,NOR,1980,10,1980-11-09,False,PHI,H,L,21,34,,0,,0,,,,0,,,0,-1,match,0,0,False,sacks;fum_rec;blocked_kicks;def_fum_td,PFR
New Orleans Saints,NOR,1980,11,1980-11-16,False,ATL,A,L,13,31,,0,,0,,,,0,,,0,-1,match,0,0,False,sacks;fum_rec;blocked_kicks;def_fum_td,PFR
New Orleans Saints,NOR,1980,12,1980-11-24,False,RAM,H,L,7,27,,0,,0,,,,0,,,0,0,match,0,0,False,sacks;fum_rec;blocked_kicks;def_fum_td,PFR
New Orleans Saints,NOR,1980,13,1980-11-30,False,MIN,H,L,20,23,,2,,0,,,,0,,,0,4,match,2,2,False,sacks;fum_rec;blocked_kicks;def_fum_td,PFR
New Orleans Saints,NOR,1980,14,1980-12-07,False,SFO,A,L,35,38,,0,,0,,,,0,,,0,-4,match,0,0,False,sacks;fum_rec;blocked_kicks;def_fum_td,PFR
New Orleans Saints,NOR,1980,15,1980-12-14,False,NYJ,A,W,21,20,,2,,0,,,,0,,,0,5,match,2,2,False,sacks;fum_rec;blocked_kicks;def_fum_td,PFR
New Orleans Saints,NOR,1980,16,1980-12-21,False,NWE,H,L,27,38,,1,,0,,,,0,,,0,-2,match,1,1,False,sacks;fum_rec;blocked_kicks;def_fum_td,PFR
New England Patriots,NWE,1980,1,1980-09-07,False,CLE,H,W,34,17,,0,,0,,,,0,,,0,1,match,0,0,False,sacks;fum_rec;blocked_kicks;def_fum_td,PFR
New England Patriots,NWE,1980,2,1980-09-14,False,ATL,H,L,21,37,,0,,0,,,,0,,,0,-4,match,0,0,False,sacks;fum_rec;blocked_kicks;def_fum_td,PFR
New England Patriots,NWE,1980,3,1980-09-21,False,SEA,A,W,37,31,,1,,0,,,,0,,,0,1,match,1,1,False,sacks;fum_rec;blocked_kicks;def_fum_td,PFR
New England Patriots,NWE,1980,4,1980-09-29,False,DEN,H,W,23,14,,1,,0,,,,0,,,0,3,match,1,1,False,sacks;fum_rec;blocked_kicks;def_fum_td,PFR
New England Patriots,NWE,1980,5,1980-10-05,False,NYJ,A,W,21,11,,2,,0,,,,0,,,0,8,match,2,2,False,sacks;fum_rec;blocked_kicks;def_fum_td,PFR
New England Patriots,NWE,1980,6,1980-10-12,False,MIA,H,W,34,0,,4,,0,,,,0,,,0,18,match,4,4,False,sacks;fum_rec;blocked_kicks;def_fum_td,PFR
New England Patriots,NWE,1980,7,1980-10-19,False,BAL,A,W,37,21,,2,,0,,,,0,,,1,10,match,2,2,False,sacks;fum_rec;blocked_kicks;def_fum_td,PFR
New England Patriots,NWE,1980,8,1980-10-26,False,BUF,A,L,13,31,,2,,0,,,,0,,,0,3,match,2,2,False,sacks;fum_rec;blocked_kicks;def_fum_td,PFR
New England Patriots,NWE,1980,9,1980-11-02,False,NYJ,H,W,34,21,,3,,0,,,,0,,,1,12,match,3,3,False,sacks;fum_rec;blocked_kicks;def_fum_td,PFR
New England Patriots,NWE,1980,10,1980-11-10,False,HOU,A,L,34,38,,1,,0,,,,0,,,0,-2,match,1,1,False,sacks;fum_rec;blocked_kicks;def_fum_td,PFR
New England Patriots,NWE,1980,11,1980-11-16,False,RAM,H,L,14,17,,2,,0,,,,0,,,0,5,match,2,2,False,sacks;fum_rec;blocked_kicks;def_fum_td,PFR
New England Patriots,NWE,1980,12,1980-11-23,False,BAL,H,W,47,21,,3,,0,,,,0,,,0,6,match,3,3,False,sacks;fum_rec;blocked_kicks;def_fum_td,PFR
New England Patriots,NWE,1980,13,1980-11-30,False,SFO,A,L,17,21,,2,,0,,,,0,,,0,4,match,2,2,False,sacks;fum_rec;blocked_kicks;def_fum_td,PFR
New England Patriots,NWE,1980,14,1980-12-08,False,MIA,A,L,13,16,,0,,0,,,,0,,,0,1,match,0,0,False,sacks;fum_rec;blocked_kicks;def_fum_td,PFR
New England Patriots,NWE,1980,15,1980-12-14,False,BUF,H,W,24,2,,1,,0,,,,0,,,0,9,match,1,1,False,sacks;fum_rec;blocked_kicks;def_fum_td,PFR
New England Patriots,NWE,1980,16,1980-12-21,False,NOR,A,W,38,27,,0,,0,,,,0,,,0,0,match,0,0,False,sacks;fum_rec;blocked_kicks;def_fum_td,PFR
New York Giants,NYG,1980,1,1980-09-07,False,STL,A,W,41,35,,3,,0,,,,0,,,0,2,match,3,3,False,sacks;fum_rec;blocked_kicks;def_fum_td,PFR
New York Giants,NYG,1980,2,1980-09-14,False,WAS,H,L,21,23,,0,,0,,,,0,,,0,0,match,0,0,False,sacks;fum_rec;blocked_kicks;def_fum_td,PFR
New York Giants,NYG,1980,3,1980-09-22,False,PHI,A,L,3,35,,1,,0,,,,0,,,0,-2,match,1,1,False,sacks;fum_rec;blocked_kicks;def_fum_td,PFR
New York Giants,NYG,1980,4,1980-09-28,False,RAM,H,L,7,28,,1,,0,,,,0,,,0,1,match,1,1,False,sacks;fum_rec;blocked_kicks;def_fum_td,PFR
New York Giants,NYG,1980,5,1980-10-05,False,DAL,A,L,3,24,,1,,0,,,,0,,,0,2,match,1,1,False,sacks;fum_rec;blocked_kicks;def_fum_td,PFR
New York Giants,NYG,1980,6,1980-10-12,False,PHI,H,L,16,31,,0,,0,,,,0,,,0,-1,match,0,0,False,sacks;fum_rec;blocked_kicks;def_fum_td,PFR
New York Giants,NYG,1980,7,1980-10-19,False,SDG,A,L,7,44,,1,,0,,,,0,,,0,-2,match,1,1,False,sacks;fum_rec;blocked_kicks;def_fum_td,PFR
New York Giants,NYG,1980,8,1980-10-26,False,DEN,H,L,9,14,,0,,0,,,,0,,,0,1,match,0,0,False,sacks;fum_rec;blocked_kicks;def_fum_td,PFR
New York Giants,NYG,1980,9,1980-11-02,False,TAM,A,L,13,30,,0,,0,,,,0,,,0,-1,match,0,0,False,sacks;fum_rec;blocked_kicks;def_fum_td,PFR
New York Giants,NYG,1980,10,1980-11-09,False,DAL,H,W,38,35,,5,,0,,,,0,,,0,6,match,5,5,False,sacks;fum_rec;blocked_kicks;def_fum_td,PFR
New York Giants,NYG,1980,11,1980-11-16,False,GNB,H,W,27,21,,2,,0,,,,0,,,0,4,match,2,2,False,sacks;fum_rec;blocked_kicks;def_fum_td,PFR
New York Giants,NYG,1980,12,1980-11-23,False,SFO,A,L,0,12,,2,,0,,,,0,,,0,8,match,2,2,False,sacks;fum_rec;blocked_kicks;def_fum_td,PFR
New York Giants,NYG,1980,13,1980-11-30,False,STL,H,L,7,23,,1,,0,,,,0,,,0,2,match,1,1,False,sacks;fum_rec;blocked_kicks;def_fum_td,PFR
New York Giants,NYG,1980,14,1980-12-07,False,SEA,A,W,27,21,,0,,0,,,,0,,,0,0,match,0,0,False,sacks;fum_rec;blocked_kicks;def_fum_td,PFR
New York Giants,NYG,1980,15,1980-12-13,False,WAS,A,L,13,16,,1,,0,,,,0,,,0,3,match,1,1,False,sacks;fum_rec;blocked_kicks;def_fum_td,PFR
New York Giants,NYG,1980,16,1980-12-21,False,OAK,H,L,17,33,,0,,0,,,,0,,,0,-1,match,0,0,False,sacks;fum_rec;blocked_kicks;def_fum_td,PFR
New York Jets,NYJ,1980,1,1980-09-07,False,BAL,H,L,14,17,,1,,0,,,,0,,,0,3,match,1,1,False,sacks;fum_rec;blocked_kicks;def_fum_td,PFR
New York Jets,NYJ,1980,2,1980-09-14,False,BUF,A,L,10,20,,0,,0,,,,0,,,0,1,match,0,0,False,sacks;fum_rec;blocked_kicks;def_fum_td,PFR
New York Jets,NYJ,1980,3,1980-09-21,False,SFO,H,L,27,37,,0,,0,,,,0,,,0,-4,match,0,0,False,sacks;fum_rec;blocked_kicks;def_fum_td,PFR
New York Jets,NYJ,1980,4,1980-09-28,False,BAL,A,L,21,35,,2,,0,,,,0,,,0,0,match,2,2,False,sacks;fum_rec;blocked_kicks;def_fum_td,PFR
New York Jets,NYJ,1980,5,1980-10-05,False,NWE,H,L,11,21,,1,,0,,,,0,,,0,2,match,1,1,False,sacks;fum_rec;blocked_kicks;def_fum_td,PFR
New York Jets,NYJ,1980,6,1980-10-12,False,ATL,A,W,14,7,,3,,0,,,,0,,,0,10,match,3,3,False,sacks;fum_rec;blocked_kicks;def_fum_td,PFR
New York Jets,NYJ,1980,7,1980-10-19,False,SEA,H,L,17,27,,0,,0,,,,0,,,0,0,match,0,0,False,sacks;fum_rec;blocked_kicks;def_fum_td,PFR
New York Jets,NYJ,1980,8,1980-10-27,False,MIA,H,W,17,14,,2,,0,,,,0,,,0,5,match,2,2,False,sacks;fum_rec;blocked_kicks;def_fum_td,PFR
New York Jets,NYJ,1980,9,1980-11-02,False,NWE,A,L,21,34,,1,,0,,,,0,,,0,1,match,1,1,False,sacks;fum_rec;blocked_kicks;def_fum_td,PFR
New York Jets,NYJ,1980,10,1980-11-09,False,BUF,H,L,24,31,,0,,0,,,,0,,,0,-1,match,0,0,False,sacks;fum_rec;blocked_kicks;def_fum_td,PFR
New York Jets,NYJ,1980,11,1980-11-16,False,DEN,A,L,24,31,,2,,0,,,,0,,,0,3,match,2,2,False,sacks;fum_rec;blocked_kicks;def_fum_td,PFR
New York Jets,NYJ,1980,12,1980-11-23,False,HOU,H,W,31,28,,4,,0,,,,0,,,0,7,match,4,4,False,sacks;fum_rec;blocked_kicks;def_fum_td,PFR
New York Jets,NYJ,1980,13,1980-11-30,False,RAM,A,L,13,38,,4,,0,,,,0,,,0,4,match,4,4,False,sacks;fum_rec;blocked_kicks;def_fum_td,PFR
New York Jets,NYJ,1980,14,1980-12-07,False,CLE,A,L,14,17,,1,,0,,,,0,,,0,3,match,1,1,False,sacks;fum_rec;blocked_kicks;def_fum_td,PFR
New York Jets,NYJ,1980,15,1980-12-14,False,NOR,H,L,20,21,,0,,0,,,,0,,,0,0,match,0,0,False,sacks;fum_rec;blocked_kicks;def_fum_td,PFR
New York Jets,NYJ,1980,16,1980-12-20,False,MIA,A,W,24,17,,2,,0,,,,0,,,0,5,match,2,2,False,sacks;fum_rec;blocked_kicks;def_fum_td,PFR
Oakland Raiders,OAK,1980,1,1980-09-07,False,KAN,A,W,27,14,,3,,0,,,,0,,,0,7,match,3,3,False,sacks;fum_rec;blocked_kicks;def_fum_td,PFR
Oakland Raiders,OAK,1980,2,1980-09-14,False,SDG,A,L,24,30,,5,,0,,,,0,,,0,9,match,5,5,False,sacks;fum_rec;blocked_kicks;def_fum_td,PFR
Oakland Raiders,OAK,1980,3,1980-09-21,False,WAS,H,W,24,21,,1,,0,,,,0,,,0,2,match,1,1,False,sacks;fum_rec;blocked_kicks;def_fum_td,PFR
Oakland Raiders,OAK,1980,4,1980-09-28,False,BUF,A,L,7,24,,1,,0,,,,0,,,0,2,match,1,1,False,sacks;fum_rec;blocked_kicks;def_fum_td,PFR
Oakland Raiders,OAK,1980,5,1980-10-05,False,KAN,H,L,17,31,,1,,0,,,,0,,,0,1,match,1,1,False,sacks;fum_rec;blocked_kicks;def_fum_td,PFR
Oakland Raiders,OAK,1980,6,1980-10-12,False,SDG,H,W,38,24,,2,,0,,,,0,,,0,4,match,2,2,False,sacks;fum_rec;blocked_kicks;def_fum_td,PFR
Oakland Raiders,OAK,1980,7,1980-10-20,False,PIT,A,W,45,34,,2,,0,,,,0,,,0,3,match,2,2,False,sacks;fum_rec;blocked_kicks;def_fum_td,PFR
Oakland Raiders,OAK,1980,8,1980-10-26,False,SEA,H,W,33,14,,2,,0,,,,0,,,0,5,match,2,2,False,sacks;fum_rec;blocked_kicks;def_fum_td,PFR
Oakland Raiders,OAK,1980,9,1980-11-02,False,MIA,H,W,16,10,,3,,0,,,,0,,,0,10,match,3,3,False,sacks;fum_rec;blocked_kicks;def_fum_td,PFR
Oakland Raiders,OAK,1980,10,1980-11-09,False,CIN,H,W,28,17,,4,,0,,,,0,,,1,15,match,4,4,False,sacks;fum_rec;blocked_kicks;def_fum_td,PFR
Oakland Raiders,OAK,1980,11,1980-11-17,False,SEA,A,W,19,17,,2,,0,,,,0,,,0,5,match,2,2,False,sacks;fum_rec;blocked_kicks;def_fum_td,PFR
Oakland Raiders,OAK,1980,12,1980-11-23,False,PHI,A,L,7,10,,1,,0,,,,0,,,0,6,match,1,1,False,sacks;fum_rec;blocked_kicks;def_fum_td,PFR
Oakland Raiders,OAK,1980,13,1980-12-01,False,DEN,H,W,9,3,,4,,0,,,,0,,,0,15,match,4,4,False,sacks;fum_rec;blocked_kicks;def_fum_td,PFR
Oakland Raiders,OAK,1980,14,1980-12-07,False,DAL,H,L,13,19,,0,,0,,,,0,,,0,1,match,0,0,False,sacks;fum_rec;blocked_kicks;def_fum_td,PFR
Oakland Raiders,OAK,1980,15,1980-12-14,False,DEN,A,W,24,21,,3,,0,,,,0,,,0,6,match,3,3,False,sacks;fum_rec;blocked_kicks;def_fum_td,PFR
Oakland Raiders,OAK,1980,16,1980-12-21,False,NYG,A,W,33,17,,1,,0,,,,0,,,1,9,match,1,1,False,sacks;fum_rec;blocked_kicks;def_fum_td,PFR
Oakland Raiders,OAK,1980,17,1980-12-28,True,HOU,H,W,27,7,,2,,0,,,,0,,,0,8,match,2,2,False,sacks;fum_rec;blocked_kicks;def_fum_td,PFR
Oakland Raiders,OAK,1980,18,1981-01-04,True,CLE,A,W,14,12,,3,,0,,,,0,,,0,10,match,3,3,False,sacks;fum_rec;blocked_kicks;def_fum_td,PFR
Oakland Raiders,OAK,1980,19,1981-01-11,True,SDG,A,W,34,27,,2,,0,,,,0,,,0,4,match,2,2,False,sacks;fum_rec;blocked_kicks;def_fum_td,PFR
Oakland Raiders,OAK,1980,20,1981-01-25,True,PHI,N,W,27,10,,3,,0,,,,0,,,0,10,match,3,3,False,sacks;fum_rec;blocked_kicks;def_fum_td,PFR
Philadelphia Eagles,PHI,1980,1,1980-09-07,False,DEN,H,W,27,6,,2,,0,,,,0,,,0,11,match,2,2,False,sacks;fum_rec;blocked_kicks;def_fum_td,PFR
Philadelphia Eagles,PHI,1980,2,1980-09-14,False,MIN,A,W,42,7,,1,,0,,,,0,,,0,6,match,1,1,False,sacks;fum_rec;blocked_kicks;def_fum_td,PFR
Philadelphia Eagles,PHI,1980,3,1980-09-22,False,NYG,H,W,35,3,,2,,0,,,,0,,,0,11,match,2,2,False,sacks;fum_rec;blocked_kicks;def_fum_td,PFR
Philadelphia Eagles,PHI,1980,4,1980-09-28,False,STL,A,L,14,24,,0,,0,,,,0,,,0,0,match,0,0,False,sacks;fum_rec;blocked_kicks;def_fum_td,PFR
Philadelphia Eagles,PHI,1980,5,1980-10-05,False,WAS,H,W,24,14,,1,,0,,,,0,,,0,3,match,1,1,False,sacks;fum_rec;blocked_kicks;def_fum_td,PFR
Philadelphia Eagles,PHI,1980,6,1980-10-12,False,NYG,A,W,31,16,,2,,0,,,,0,,,0,5,match,2,2,False,sacks;fum_rec;blocked_kicks;def_fum_td,PFR
Philadelphia Eagles,PHI,1980,7,1980-10-19,False,DAL,H,W,17,10,,3,,0,,,,0,,,0,10,match,3,3,False,sacks;fum_rec;blocked_kicks;def_fum_td,PFR
Philadelphia Eagles,PHI,1980,8,1980-10-26,False,CHI,H,W,17,14,,2,,0,,,,0,,,0,5,match,2,2,False,sacks;fum_rec;blocked_kicks;def_fum_td,PFR
Philadelphia Eagles,PHI,1980,9,1980-11-02,False,SEA,A,W,27,20,,0,,0,,,,0,,,0,1,match,0,0,False,sacks;fum_rec;blocked_kicks;def_fum_td,PFR
Philadelphia Eagles,PHI,1980,10,1980-11-09,False,NOR,A,W,34,21,,2,,0,,,,0,,,0,4,match,2,2,False,sacks;fum_rec;blocked_kicks;def_fum_td,PFR
Philadelphia Eagles,PHI,1980,11,1980-11-16,False,WAS,A,W,24,0,,3,,0,,,,0,,,0,16,match,3,3,False,sacks;fum_rec;blocked_kicks;def_fum_td,PFR
Philadelphia Eagles,PHI,1980,12,1980-11-23,False,OAK,H,W,10,7,,2,,0,,,,0,,,0,8,match,2,2,False,sacks;fum_rec;blocked_kicks;def_fum_td,PFR
Philadelphia Eagles,PHI,1980,13,1980-11-30,False,SDG,A,L,21,22,,1,,0,,,,0,,,0,2,match,1,1,False,sacks;fum_rec;blocked_kicks;def_fum_td,PFR
Philadelphia Eagles,PHI,1980,14,1980-12-07,False,ATL,H,L,17,20,,2,,0,,,,0,,,0,5,match,2,2,False,sacks;fum_rec;blocked_kicks;def_fum_td,PFR
Philadelphia Eagles,PHI,1980,15,1980-12-14,False,STL,H,W,17,3,,1,,0,,,,0,,,0,9,match,1,1,False,sacks;fum_rec;blocked_kicks;def_fum_td,PFR
Philadelphia Eagles,PHI,1980,16,1980-12-21,False,DAL,A,L,27,35,,1,,0,,,,0,,,0,-2,match,1,1,False,sacks;fum_rec;blocked_kicks;def_fum_td,PFR
Philadelphia Eagles,PHI,1980,17,1981-01-03,True,MIN,H,W,31,16,,5,,0,,,,0,,,0,11,match,5,5,False,sacks;fum_rec;blocked_kicks;def_fum_td,PFR
Philadelphia Eagles,PHI,1980,18,1981-01-11,True,DAL,H,W,20,7,,1,,0,,,,0,,,0,6,match,1,1,False,sacks;fum_rec;blocked_kicks;def_fum_td,PFR
Philadelphia Eagles,PHI,1980,19,1981-01-25,True,OAK,N,L,10,27,,0,,0,,,,0,,,0,0,match,0,0,False,sacks;fum_rec;blocked_kicks;def_fum_td,PFR
Pittsburgh Steelers,PIT,1980,1,1980-09-07,False,HOU,H,W,31,17,,5,,0,,,,0,,,0,11,match,5,5,False,sacks;fum_rec;blocked_kicks;def_fum_td,PFR
Pittsburgh Steelers,PIT,1980,2,1980-09-14,False,BAL,A,W,20,17,,1,,0,,,,0,,,0,3,match,1,1,False,sacks;fum_rec;blocked_kicks;def_fum_td,PFR
Pittsburgh Steelers,PIT,1980,3,1980-09-21,False,CIN,A,L,28,30,,0,,0,,,,0,,,0,-1,match,0,0,False,sacks;fum_rec;blocked_kicks;def_fum_td,PFR
Pittsburgh Steelers,PIT,1980,4,1980-09-28,False,CHI,H,W,38,3,,4,,0,,,,0,,,0,15,match,4,4,False,sacks;fum_rec;blocked_kicks;def_fum_td,PFR
Pittsburgh Steelers,PIT,1980,5,1980-10-05,False,MIN,A,W,23,17,,5,,0,,,,0,,,0,11,match,5,5,False,sacks;fum_rec;blocked_kicks;def_fum_td,PFR
Pittsburgh Steelers,PIT,1980,6,1980-10-12,False,CIN,H,L,16,17,,1,,0,,,,0,,,0,3,match,1,1,False,sacks;fum_rec;blocked_kicks;def_fum_td,PFR
Pittsburgh Steelers,PIT,1980,7,1980-10-20,False,OAK,H,L,34,45,,0,,0,,,,0,,,0,-4,match,0,0,False,sacks;fum_rec;blocked_kicks;def_fum_td,PFR
Pittsburgh Steelers,PIT,1980,8,1980-10-26,False,CLE,A,L,26,27,,1,,0,,,,0,,,0,2,match,1,1,False,sacks;fum_rec;blocked_kicks;def_fum_td,PFR
Pittsburgh Steelers,PIT,1980,9,1980-11-02,False,GNB,H,W,22,20,,3,,0,,,,0,,,0,7,match,3,3,False,sacks;fum_rec;blocked_kicks;def_fum_td,PFR
Pittsburgh Steelers,PIT,1980,10,1980-11-09,False,TAM,A,W,24,21,,1,,0,,,,0,,,0,2,match,1,1,False,sacks;fum_rec;blocked_kicks;def_fum_td,PFR
Pittsburgh Steelers,PIT,1980,11,1980-11-16,False,CLE,H,W,16,13,,1,,0,,,,0,,,0,6,match,1,1,False,sacks;fum_rec;blocked_kicks;def_fum_td,PFR
Pittsburgh Steelers,PIT,1980,12,1980-11-23,False,BUF,A,L,13,28,,1,,0,,,,0,,,0,1,match,1,1,False,sacks;fum_rec;blocked_kicks;def_fum_td,PFR
Pittsburgh Steelers,PIT,1980,13,1980-11-30,False,MIA,H,W,23,10,,1,,0,,,,0,,,0,6,match,1,1,False,sacks;fum_rec;blocked_kicks;def_fum_td,PFR
Pittsburgh Steelers,PIT,1980,14,1980-12-04,False,HOU,A,L,0,6,,1,,0,,,,0,,,0,9,match,1,1,False,sacks;fum_rec;blocked_kicks;def_fum_td,PFR
Pittsburgh Steelers,PIT,1980,15,1980-12-14,False,KAN,H,W,21,16,,1,,0,,,,0,,,0,3,match,1,1,False,sacks;fum_rec;blocked_kicks;def_fum_td,PFR
Pittsburgh Steelers,PIT,1980,16,1980-12-22,False,SDG,A,L,17,26,,0,,0,,,,0,,,0,0,match,0,0,False,sacks;fum_rec;blocked_kicks;def_fum_td,PFR
Los Angeles Rams,RAM,1980,1,1980-09-07,False,DET,H,L,20,41,,0,,0,,,,0,,,1,2,match,0,0,False,sacks;fum_rec;blocked_kicks;def_fum_td,PFR
Los Angeles Rams,RAM,1980,2,1980-09-11,False,TAM,A,L,9,10,,1,,0,,,,0,,,0,6,raised_to_opp_qb_count,0,1,False,sacks;fum_rec;blocked_kicks;def_fum_td,PFR
Los Angeles Rams,RAM,1980,3,1980-09-21,False,GNB,H,W,51,21,,5,,0,,,,0,,,0,10,raised_to_opp_qb_count,4,5,False,sacks;fum_rec;blocked_kicks;def_fum_td,PFR
Los Angeles Rams,RAM,1980,4,1980-09-28,False,NYG,A,W,28,7,,1,,0,,,,0,,,0,6,raised_to_opp_qb_count,0,1,False,sacks;fum_rec;blocked_kicks;def_fum_td,PFR
Los Angeles Rams,RAM,1980,5,1980-10-05,False,SFO,H,W,48,26,,3,,0,,,,0,,,0,6,raised_to_opp_qb_count,2,3,False,sacks;fum_rec;blocked_kicks;def_fum_td,PFR
Los Angeles Rams,RAM,1980,6,1980-10-12,False,STL,A,W,21,13,,1,,0,,,,0,,,0,6,match,1,1,False,sacks;fum_rec;blocked_kicks;def_fum_td,PFR
Los Angeles Rams,RAM,1980,7,1980-10-19,False,SFO,A,W,31,17,,2,,0,,,,0,,,0,5,match,2,2,False,sacks;fum_rec;blocked_kicks;def_fum_td,PFR
Los Angeles Rams,RAM,1980,8,1980-10-26,False,ATL,A,L,10,13,,2,,0,,,,0,,,0,8,raised_to_opp_qb_count,1,2,False,sacks;fum_rec;blocked_kicks;def_fum_td,PFR
Los Angeles Rams,RAM,1980,9,1980-11-02,False,NOR,H,W,45,31,,1,,0,,,,0,,,0,1,match,1,1,False,sacks;fum_rec;blocked_kicks;def_fum_td,PFR
Los Angeles Rams,RAM,1980,10,1980-11-09,False,MIA,H,L,14,35,,0,,0,,,,0,,,0,-4,match,0,0,False,sacks;fum_rec;blocked_kicks;def_fum_td,PFR
Los Angeles Rams,RAM,1980,11,1980-11-16,False,NWE,A,W,17,14,,2,,0,,,,0,,,0,5,match,2,2,False,sacks;fum_rec;blocked_kicks;def_fum_td,PFR
Los Angeles Rams,RAM,1980,12,1980-11-24,False,NOR,A,W,27,7,,2,,0,,,,0,,,0,8,raised_to_opp_qb_count,0,2,False,sacks;fum_rec;blocked_kicks;def_fum_td,PFR
Los Angeles Rams,RAM,1980,13,1980-11-30,False,NYJ,H,W,38,13,,1,,0,,,,0,,,0,6,match,1,1,False,sacks;fum_rec;blocked_kicks;def_fum_td,PFR
Los Angeles Rams,RAM,1980,14,1980-12-07,False,BUF,A,L,7,10,,0,,0,,,,0,,,0,4,match,0,0,False,sacks;fum_rec;blocked_kicks;def_fum_td,PFR
Los Angeles Rams,RAM,1980,15,1980-12-15,False,DAL,H,W,38,14,,3,,0,,,,0,,,0,7,raised_to_opp_qb_count,2,3,False,sacks;fum_rec;blocked_kicks;def_fum_td,PFR
Los Angeles Rams,RAM,1980,16,1980-12-21,False,ATL,H,W,20,17,,1,,0,,,,0,,,0,3,match,1,1,False,sacks;fum_rec;blocked_kicks;def_fum_td,PFR
Los Angeles Rams,RAM,1980,17,1980-12-28,True,DAL,A,L,13,34,,3,,0,,,,0,,,0,5,raised_to_opp_qb_count,2,3,False,sacks;fum_rec;blocked_kicks;def_fum_td,PFR
San Diego Chargers,SDG,1980,1,1980-09-07,False,SEA,A,W,34,13,,2,,0,,,,0,,,0,8,match,2,2,False,sacks;fum_rec;blocked_kicks;def_fum_td,PFR
San Diego Chargers,SDG,1980,2,1980-09-14,False,OAK,H,W,30,24,,3,,0,,,,0,,,0,6,match,3,3,False,sacks;fum_rec;blocked_kicks;def_fum_td,PFR
San Diego Chargers,SDG,1980,3,1980-09-21,False,DEN,A,W,30,13,,6,,0,,,,0,,,0,16,match,6,6,False,sacks;fum_rec;blocked_kicks;def_fum_td,PFR
San Diego Chargers,SDG,1980,4,1980-09-28,False,KAN,A,W,24,7,,1,,0,,,,0,,,0,6,match,1,1,False,sacks;fum_rec;blocked_kicks;def_fum_td,PFR
San Diego Chargers,SDG,1980,5,1980-10-05,False,BUF,H,L,24,26,,0,,0,,,,0,,,0,0,match,0,0,False,sacks;fum_rec;blocked_kicks;def_fum_td,PFR
San Diego Chargers,SDG,1980,6,1980-10-12,False,OAK,A,L,24,38,,0,,0,,,,0,,,0,-4,match,0,0,False,sacks;fum_rec;blocked_kicks;def_fum_td,PFR
San Diego Chargers,SDG,1980,7,1980-10-19,False,NYG,H,W,44,7,,2,,0,,,,0,,,0,8,match,2,2,False,sacks;fum_rec;blocked_kicks;def_fum_td,PFR
San Diego Chargers,SDG,1980,8,1980-10-26,False,DAL,A,L,31,42,,1,,0,,,,0,,,0,-2,match,1,1,False,sacks;fum_rec;blocked_kicks;def_fum_td,PFR
San Diego Chargers,SDG,1980,9,1980-11-02,False,CIN,A,W,31,14,,3,,0,,,,0,,,0,7,match,3,3,False,sacks;fum_rec;blocked_kicks;def_fum_td,PFR
San Diego Chargers,SDG,1980,10,1980-11-09,False,DEN,H,L,13,20,,0,,0,,,,0,,,0,1,match,0,0,False,sacks;fum_rec;blocked_kicks;def_fum_td,PFR
San Diego Chargers,SDG,1980,11,1980-11-16,False,KAN,H,W,20,7,,0,,0,,,,0,,,0,4,match,0,0,False,sacks;fum_rec;blocked_kicks;def_fum_td,PFR
San Diego Chargers,SDG,1980,12,1980-11-20,False,MIA,A,W,27,24,,2,,0,,,,0,,,0,4,match,2,2,False,sacks;fum_rec;blocked_kicks;def_fum_td,PFR
San Diego Chargers,SDG,1980,13,1980-11-30,False,PHI,H,W,22,21,,0,,0,,,,0,,,0,0,match,0,0,False,sacks;fum_rec;blocked_kicks;def_fum_td,PFR
San Diego Chargers,SDG,1980,14,1980-12-07,False,WAS,A,L,17,40,,0,,0,,,,0,,,0,-4,match,0,0,False,sacks;fum_rec;blocked_kicks;def_fum_td,PFR
San Diego Chargers,SDG,1980,15,1980-12-13,False,SEA,H,W,21,14,,0,,0,,,,0,,,0,1,match,0,0,False,sacks;fum_rec;blocked_kicks;def_fum_td,PFR
San Diego Chargers,SDG,1980,16,1980-12-22,False,PIT,H,W,26,17,,0,,0,,,,0,,,0,1,match,0,0,False,sacks;fum_rec;blocked_kicks;def_fum_td,PFR
San Diego Chargers,SDG,1980,17,1981-01-03,True,BUF,H,W,20,14,,3,,0,,,,0,,,0,7,match,3,3,False,sacks;fum_rec;blocked_kicks;def_fum_td,PFR
San Diego Chargers,SDG,1980,18,1981-01-11,True,OAK,H,L,27,34,,0,,0,,,,0,,,0,-1,match,0,0,False,sacks;fum_rec;blocked_kicks;def_fum_td,PFR
Seattle Seahawks,SEA,1980,1,1980-09-07,False,SDG,H,L,13,34,,0,,0,,,,0,,,0,-1,match,0,0,False,sacks;fum_rec;blocked_kicks;def_fum_td,PFR
Seattle Seahawks,SEA,1980,2,1980-09-14,False,KAN,A,W,17,16,,0,,0,,,,0,,,0,1,match,0,0,False,sacks;fum_rec;blocked_kicks;def_fum_td,PFR
Seattle Seahawks,SEA,1980,3,1980-09-21,False,NWE,H,L,31,37,,1,,0,,,,0,,,0,-2,match,1,1,False,sacks;fum_rec;blocked_kicks;def_fum_td,PFR
Seattle Seahawks,SEA,1980,4,1980-09-28,False,WAS,A,W,14,0,,4,,0,,,,0,,,0,18,match,4,4,False,sacks;fum_rec;blocked_kicks;def_fum_td,PFR
Seattle Seahawks,SEA,1980,5,1980-10-05,False,HOU,A,W,26,7,,5,,0,,,,0,,,0,14,match,5,5,False,sacks;fum_rec;blocked_kicks;def_fum_td,PFR
Seattle Seahawks,SEA,1980,6,1980-10-12,False,CLE,H,L,3,27,,0,,0,,,,0,,,0,0,match,0,0,False,sacks;fum_rec;blocked_kicks;def_fum_td,PFR
Seattle Seahawks,SEA,1980,7,1980-10-19,False,NYJ,A,W,27,17,,2,,0,,,,0,,,0,5,match,2,2,False,sacks;fum_rec;blocked_kicks;def_fum_td,PFR
Seattle Seahawks,SEA,1980,8,1980-10-26,False,OAK,A,L,14,33,,0,,0,,,,0,,,0,-1,match,0,0,False,sacks;fum_rec;blocked_kicks;def_fum_td,PFR
Seattle Seahawks,SEA,1980,9,1980-11-02,False,PHI,H,L,20,27,,1,,0,,,,0,,,0,2,match,1,1,False,sacks;fum_rec;blocked_kicks;def_fum_td,PFR
Seattle Seahawks,SEA,1980,10,1980-11-09,False,KAN,H,L,30,31,,2,,0,,,,0,,,0,3,match,2,2,False,sacks;fum_rec;blocked_kicks;def_fum_td,PFR
Seattle Seahawks,SEA,1980,11,1980-11-17,False,OAK,H,L,17,19,,1,,0,,,,0,,,0,3,match,1,1,False,sacks;fum_rec;blocked_kicks;def_fum_td,PFR
Seattle Seahawks,SEA,1980,12,1980-11-23,False,DEN,A,L,20,36,,2,,0,,,,0,,,1,6,match,2,2,False,sacks;fum_rec;blocked_kicks;def_fum_td,PFR
Seattle Seahawks,SEA,1980,13,1980-11-27,False,DAL,A,L,7,51,,2,,0,,,,0,,,0,0,match,2,2,False,sacks;fum_rec;blocked_kicks;def_fum_td,PFR
Seattle Seahawks,SEA,1980,14,1980-12-07,False,NYG,H,L,21,27,,1,,0,,,,0,,,0,2,match,1,1,False,sacks;fum_rec;blocked_kicks;def_fum_td,PFR
Seattle Seahawks,SEA,1980,15,1980-12-13,False,SDG,A,L,14,21,,2,,0,,,,0,,,0,4,match,2,2,False,sacks;fum_rec;blocked_kicks;def_fum_td,PFR
Seattle Seahawks,SEA,1980,16,1980-12-21,False,DEN,H,L,17,25,,0,,0,,,,0,,,0,0,match,0,0,False,sacks;fum_rec;blocked_kicks;def_fum_td,PFR
San Francisco 49ers,SFO,1980,1,1980-09-07,False,NOR,A,W,26,23,,0,,0,,,,0,,,0,0,match,0,0,False,sacks;fum_rec;blocked_kicks;def_fum_td,PFR
San Francisco 49ers,SFO,1980,2,1980-09-14,False,STL,H,W,24,21,,1,,0,,,,0,,,0,2,match,1,1,False,sacks;fum_rec;blocked_kicks;def_fum_td,PFR
San Francisco 49ers,SFO,1980,3,1980-09-21,False,NYJ,A,W,37,27,,1,,0,,,,0,,,0,2,match,1,1,False,sacks;fum_rec;blocked_kicks;def_fum_td,PFR
San Francisco 49ers,SFO,1980,4,1980-09-28,False,ATL,H,L,17,20,,0,,0,,,,0,,,0,1,match,0,0,False,sacks;fum_rec;blocked_kicks;def_fum_td,PFR
San Francisco 49ers,SFO,1980,5,1980-10-05,False,RAM,A,L,26,48,,0,,0,,,,0,,,0,-4,match,0,0,False,sacks;fum_rec;blocked_kicks;def_fum_td,PFR
San Francisco 49ers,SFO,1980,6,1980-10-12,False,DAL,A,L,14,59,,0,,0,,,,0,,,0,-4,match,0,0,False,sacks;fum_rec;blocked_kicks;def_fum_td,PFR
San Francisco 49ers,SFO,1980,7,1980-10-19,False,RAM,H,L,17,31,,1,,0,,,,0,,,0,1,match,1,1,False,sacks;fum_rec;blocked_kicks;def_fum_td,PFR
San Francisco 49ers,SFO,1980,8,1980-10-26,False,TAM,H,L,23,24,,1,,0,,,,0,,,1,8,match,1,1,False,sacks;fum_rec;blocked_kicks;def_fum_td,PFR
San Francisco 49ers,SFO,1980,9,1980-11-02,False,DET,A,L,13,17,,2,,0,,,,0,,,1,11,match,2,2,False,sacks;fum_rec;blocked_kicks;def_fum_td,PFR
San Francisco 49ers,SFO,1980,10,1980-11-09,False,GNB,A,L,16,23,,1,,0,,,,0,,,0,2,match,1,1,False,sacks;fum_rec;blocked_kicks;def_fum_td,PFR
San Francisco 49ers,SFO,1980,11,1980-11-16,False,MIA,A,L,13,17,,1,,0,,,,0,,,0,3,match,1,1,False,sacks;fum_rec;blocked_kicks;def_fum_td,PFR
San Francisco 49ers,SFO,1980,12,1980-11-23,False,NYG,H,W,12,0,,1,,0,,,,0,,,0,12,match,1,1,False,sacks;fum_rec;blocked_kicks;def_fum_td,PFR
San Francisco 49ers,SFO,1980,13,1980-11-30,False,NWE,H,W,21,17,,6,,0,,,,0,,,0,13,match,6,6,False,sacks;fum_rec;blocked_kicks;def_fum_td,PFR
San Francisco 49ers,SFO,1980,14,1980-12-07,False,NOR,H,W,38,35,,1,,0,,,,0,,,1,4,match,1,1,False,sacks;fum_rec;blocked_kicks;def_fum_td,PFR
San Francisco 49ers,SFO,1980,15,1980-12-14,False,ATL,A,L,10,35,,1,,0,,,,0,,,0,-2,match,1,1,False,sacks;fum_rec;blocked_kicks;def_fum_td,PFR
San Francisco 49ers,SFO,1980,16,1980-12-21,False,BUF,H,L,13,18,,0,,0,,,,0,,,0,1,match,0,0,False,sacks;fum_rec;blocked_kicks;def_fum_td,PFR
St. Louis Cardinals,STL,1980,1,1980-09-07,False,NYG,H,L,35,41,,1,,0,,,,0,,,0,-2,match,1,1,False,sacks;fum_rec;blocked_kicks;def_fum_td,PFR
St. Louis Cardinals,STL,1980,2,1980-09-14,False,SFO,A,L,21,24,,3,,0,,,,0,,,0,6,match,3,3,False,sacks;fum_rec;blocked_kicks;def_fum_td,PFR
St. Louis Cardinals,STL,1980,3,1980-09-21,False,DET,A,L,7,20,,0,,0,,,,0,,,0,1,match,0,0,False,sacks;fum_rec;blocked_kicks;def_fum_td,PFR
St. Louis Cardinals,STL,1980,4,1980-09-28,False,PHI,H,W,24,14,,3,,0,,,,0,,,0,7,match,3,3,False,sacks;fum_rec;blocked_kicks;def_fum_td,PFR
St. Louis Cardinals,STL,1980,5,1980-10-05,False,NOR,A,W,40,7,,2,,0,,,,0,,,0,8,match,2,2,False,sacks;fum_rec;blocked_kicks;def_fum_td,PFR
St. Louis Cardinals,STL,1980,6,1980-10-12,False,RAM,H,L,13,21,,0,,0,,,,0,,,0,0,match,0,0,False,sacks;fum_rec;blocked_kicks;def_fum_td,PFR
St. Louis Cardinals,STL,1980,7,1980-10-19,False,WAS,A,L,0,23,,1,,0,,,,0,,,0,2,match,1,1,False,sacks;fum_rec;blocked_kicks;def_fum_td,PFR
St. Louis Cardinals,STL,1980,8,1980-10-26,False,BAL,A,W,17,10,,2,,0,,,,0,,,0,8,match,2,2,False,sacks;fum_rec;blocked_kicks;def_fum_td,PFR
St. Louis Cardinals,STL,1980,9,1980-11-02,False,DAL,H,L,24,27,,1,,0,,,,0,,,0,2,match,1,1,False,sacks;fum_rec;blocked_kicks;def_fum_td,PFR
St. Louis Cardinals,STL,1980,10,1980-11-09,False,ATL,H,L,27,33,,1,,0,,,,0,,,0,1,match,1,1,False,sacks;fum_rec;blocked_kicks;def_fum_td,PFR
St. Louis Cardinals,STL,1980,11,1980-11-16,False,DAL,A,L,21,31,,1,,0,,,,0,,,0,1,match,1,1,False,sacks;fum_rec;blocked_kicks;def_fum_td,PFR
St. Louis Cardinals,STL,1980,12,1980-11-23,False,KAN,H,L,13,21,,2,,0,,,,0,,,0,4,match,2,2,False,sacks;fum_rec;blocked_kicks;def_fum_td,PFR
St. Louis Cardinals,STL,1980,13,1980-11-30,False,NYG,A,W,23,7,,2,,0,,,,0,,,0,8,match,2,2,False,sacks;fum_rec;blocked_kicks;def_fum_td,PFR
St. Louis Cardinals,STL,1980,14,1980-12-07,False,DET,H,W,24,23,,1,,0,,,,0,,,1,8,match,1,1,False,sacks;fum_rec;blocked_kicks;def_fum_td,PFR
St. Louis Cardinals,STL,1980,15,1980-12-14,False,PHI,A,L,3,17,,0,,0,,,,0,,,0,1,match,0,0,False,sacks;fum_rec;blocked_kicks;def_fum_td,PFR
St. Louis Cardinals,STL,1980,16,1980-12-21,False,WAS,H,L,7,31,,0,,0,,,,0,,,0,-1,match,0,0,False,sacks;fum_rec;blocked_kicks;def_fum_td,PFR
Tampa Bay Buccaneers,TAM,1980,1,1980-09-07,False,CIN,A,W,17,12,,1,,0,,,,0,,,0,6,match,1,1,False,sacks;fum_rec;blocked_kicks;def_fum_td,PFR
Tampa Bay Buccaneers,TAM,1980,2,1980-09-11,False,RAM,H,W,10,9,,4,,0,,,,0,,,0,12,match,4,4,False,sacks;fum_rec;blocked_kicks;def_fum_td,PFR
Tampa Bay Buccaneers,TAM,1980,3,1980-09-21,False,DAL,A,L,17,28,,0,,0,,,,0,,,0,-1,match,0,0,False,sacks;fum_rec;blocked_kicks;def_fum_td,PFR
Tampa Bay Buccaneers,TAM,1980,4,1980-09-28,False,CLE,H,L,27,34,,1,,0,,,,0,,,0,1,match,1,1,False,sacks;fum_rec;blocked_kicks;def_fum_td,PFR
Tampa Bay Buccaneers,TAM,1980,5,1980-10-06,False,CHI,A,L,0,23,,0,,0,,,,0,,,0,0,match,0,0,False,sacks;fum_rec;blocked_kicks;def_fum_td,PFR
Tampa Bay Buccaneers,TAM,1980,6,1980-10-12,False,GNB,H,T,14,14,,2,,0,,,,0,,,0,5,match,2,2,False,sacks;fum_rec;blocked_kicks;def_fum_td,PFR
Tampa Bay Buccaneers,TAM,1980,7,1980-10-19,False,HOU,A,L,14,20,,1,,0,,,,0,,,0,3,match,1,1,False,sacks;fum_rec;blocked_kicks;def_fum_td,PFR
Tampa Bay Buccaneers,TAM,1980,8,1980-10-26,False,SFO,A,W,24,23,,1,,0,,,,0,,,0,2,match,1,1,False,sacks;fum_rec;blocked_kicks;def_fum_td,PFR
Tampa Bay Buccaneers,TAM,1980,9,1980-11-02,False,NYG,H,W,30,13,,2,,0,,,,0,,,0,8,match,2,2,False,sacks;fum_rec;blocked_kicks;def_fum_td,PFR
Tampa Bay Buccaneers,TAM,1980,10,1980-11-09,False,PIT,H,L,21,24,,1,,0,,,,0,,,0,2,match,1,1,False,sacks;fum_rec;blocked_kicks;def_fum_td,PFR
Tampa Bay Buccaneers,TAM,1980,11,1980-11-16,False,MIN,A,L,30,38,,0,,0,,,,0,,,0,-4,match,0,0,False,sacks;fum_rec;blocked_kicks;def_fum_td,PFR
Tampa Bay Buccaneers,TAM,1980,12,1980-11-23,False,DET,H,L,10,24,,0,,0,,,,0,,,0,0,match,0,0,False,sacks;fum_rec;blocked_kicks;def_fum_td,PFR
Tampa Bay Buccaneers,TAM,1980,13,1980-11-30,False,GNB,A,W,20,17,,0,,0,,,,0,,,0,1,match,0,0,False,sacks;fum_rec;blocked_kicks;def_fum_td,PFR
Tampa Bay Buccaneers,TAM,1980,14,1980-12-07,False,MIN,H,L,10,21,,0,,0,,,,0,,,0,0,match,0,0,False,sacks;fum_rec;blocked_kicks;def_fum_td,PFR
Tampa Bay Buccaneers,TAM,1980,15,1980-12-14,False,DET,A,L,14,27,,0,,0,,,,0,,,0,0,match,0,0,False,sacks;fum_rec;blocked_kicks;def_fum_td,PFR
Tampa Bay Buccaneers,TAM,1980,16,1980-12-20,False,CHI,H,L,13,14,,2,,0,,,,0,,,0,5,match,2,2,False,sacks;fum_rec;blocked_kicks;def_fum_td,PFR
Washington Redskins,WAS,1980,1,1980-09-08,False,DAL,H,L,3,17,,2,,0,,,,0,,,0,5,match,2,2,False,sacks;fum_rec;blocked_kicks;def_fum_td,PFR
Washington Redskins,WAS,1980,2,1980-09-14,False,NYG,A,W,23,21,,3,,0,,,,0,,,0,6,match,3,3,False,sacks;fum_rec;blocked_kicks;def_fum_td,PFR
Washington Redskins,WAS,1980,3,1980-09-21,False,OAK,A,L,21,24,,3,,0,,,,0,,,0,6,match,3,3,False,sacks;fum_rec;blocked_kicks;def_fum_td,PFR
Washington Redskins,WAS,1980,4,1980-09-28,False,SEA,H,L,0,14,,2,,0,,,,0,,,0,5,match,2,2,False,sacks;fum_rec;blocked_kicks;def_fum_td,PFR
Washington Redskins,WAS,1980,5,1980-10-05,False,PHI,A,L,14,24,,1,,0,,,,0,,,0,2,match,1,1,False,sacks;fum_rec;blocked_kicks;def_fum_td,PFR
Washington Redskins,WAS,1980,6,1980-10-13,False,DEN,A,L,17,20,,1,,0,,,,0,,,0,3,match,1,1,False,sacks;fum_rec;blocked_kicks;def_fum_td,PFR
Washington Redskins,WAS,1980,7,1980-10-19,False,STL,H,W,23,0,,2,,0,,,,0,,,0,14,match,2,2,False,sacks;fum_rec;blocked_kicks;def_fum_td,PFR
Washington Redskins,WAS,1980,8,1980-10-26,False,NOR,H,W,22,14,,3,,0,,,,0,,,0,7,match,3,3,False,sacks;fum_rec;blocked_kicks;def_fum_td,PFR
Washington Redskins,WAS,1980,9,1980-11-02,False,MIN,H,L,14,39,,0,,0,,,,0,,,0,-4,match,0,0,False,sacks;fum_rec;blocked_kicks;def_fum_td,PFR
Washington Redskins,WAS,1980,10,1980-11-09,False,CHI,A,L,21,35,,1,,0,,,,0,,,0,-2,match,1,1,False,sacks;fum_rec;blocked_kicks;def_fum_td,PFR
Washington Redskins,WAS,1980,11,1980-11-16,False,PHI,H,L,0,24,,1,,0,,,,0,,,0,2,match,1,1,False,sacks;fum_rec;blocked_kicks;def_fum_td,PFR
Washington Redskins,WAS,1980,12,1980-11-23,False,DAL,A,L,10,14,,4,,0,,,,0,,,0,9,match,4,4,False,sacks;fum_rec;blocked_kicks;def_fum_td,PFR
Washington Redskins,WAS,1980,13,1980-11-30,False,ATL,A,L,6,10,,0,,0,,,,0,,,0,4,match,0,0,False,sacks;fum_rec;blocked_kicks;def_fum_td,PFR
Washington Redskins,WAS,1980,14,1980-12-07,False,SDG,H,W,40,17,,5,,0,,,,0,,,0,11,match,5,5,False,sacks;fum_rec;blocked_kicks;def_fum_td,PFR
Washington Redskins,WAS,1980,15,1980-12-13,False,NYG,H,W,16,13,,2,,0,,,,0,,,0,8,match,2,2,False,sacks;fum_rec;blocked_kicks;def_fum_td,PFR
Washington Redskins,WAS,1980,16,1980-12-21,False,STL,A,W,31,7,,3,,0,,,,0,,,0,10,match,3,3,False,sacks;fum_rec;blocked_kicks;def_fum_td,PFR
Atlanta Falcons,ATL,1981,1,1981-09-06,False,NOR,H,W,27,0,,1,,0,,,,0,,,0,12,match,1,1,False,sacks;fum_rec;blocked_kicks;def_fum_td,PFR
Atlanta Falcons,ATL,1981,2,1981-09-13,False,GNB,A,W,31,17,,3,,0,,,,0,,,0,7,match,3,3,False,sacks;fum_rec;blocked_kicks;def_fum_td,PFR
Atlanta Falcons,ATL,1981,3,1981-09-20,False,SFO,H,W,34,17,,2,,0,,,,0,,,0,5,match,2,2,False,sacks;fum_rec;blocked_kicks;def_fum_td,PFR
Atlanta Falcons,ATL,1981,4,1981-09-27,False,CLE,A,L,17,28,,2,,0,,,,0,,,0,3,match,2,2,False,sacks;fum_rec;blocked_kicks;def_fum_td,PFR
Atlanta Falcons,ATL,1981,5,1981-10-05,False,PHI,A,L,13,16,,0,,0,,,,0,,,0,1,match,0,0,False,sacks;fum_rec;blocked_kicks;def_fum_td,PFR
Atlanta Falcons,ATL,1981,6,1981-10-11,False,RAM,H,L,35,37,,1,,0,,,,0,,,0,-2,match,1,1,False,sacks;fum_rec;blocked_kicks;def_fum_td,PFR
Atlanta Falcons,ATL,1981,7,1981-10-18,False,STL,H,W,41,20,,3,,0,,,,0,,,0,7,match,3,3,False,sacks;fum_rec;blocked_kicks;def_fum_td,PFR
Atlanta Falcons,ATL,1981,8,1981-10-25,False,NYG,H,L,24,27,,0,,0,,,,0,,,0,0,match,0,0,False,sacks;fum_rec;blocked_kicks;def_fum_td,PFR
Atlanta Falcons,ATL,1981,9,1981-11-01,False,NOR,A,W,41,10,,1,,0,,,,0,,,0,6,match,1,1,False,sacks;fum_rec;blocked_kicks;def_fum_td,PFR
Atlanta Falcons,ATL,1981,10,1981-11-08,False,SFO,A,L,14,17,,1,,0,,,,0,,,0,3,match,1,1,False,sacks;fum_rec;blocked_kicks;def_fum_td,PFR
Atlanta Falcons,ATL,1981,11,1981-11-15,False,PIT,H,L,20,34,,1,,0,,,,0,,,0,1,match,1,1,False,sacks;fum_rec;blocked_kicks;def_fum_td,PFR
Atlanta Falcons,ATL,1981,12,1981-11-23,False,MIN,H,W,31,30,,4,,0,,,,0,,,0,7,match,4,4,False,sacks;fum_rec;blocked_kicks;def_fum_td,PFR
Atlanta Falcons,ATL,1981,13,1981-11-29,False,HOU,A,W,31,27,,3,,0,,,,0,,,0,6,match,3,3,False,sacks;fum_rec;blocked_kicks;def_fum_td,PFR
Atlanta Falcons,ATL,1981,14,1981-12-06,False,TAM,A,L,23,24,,0,,0,,,,0,,,0,0,match,0,0,False,sacks;fum_rec;blocked_kicks;def_fum_td,PFR
Atlanta Falcons,ATL,1981,15,1981-12-14,False,RAM,A,L,16,21,,2,,0,,,,0,,,0,4,match,2,2,False,sacks;fum_rec;blocked_kicks;def_fum_td,PFR
Atlanta Falcons,ATL,1981,16,1981-12-20,False,CIN,H,L,28,30,,1,,0,,,,0,,,0,1,match,1,1,False,sacks;fum_rec;blocked_kicks;def_fum_td,PFR
Baltimore Colts,BAL,1981,1,1981-09-06,False,NWE,A,W,29,28,,2,,0,,,,0,,,0,3,match,2,2,False,sacks;fum_rec;blocked_kicks;def_fum_td,PFR
Baltimore Colts,BAL,1981,2,1981-09-13,False,BUF,H,L,3,35,,1,,0,,,,0,,,0,-2,match,1,1,False,sacks;fum_rec;blocked_kicks;def_fum_td,PFR
Baltimore Colts,BAL,1981,3,1981-09-20,False,DEN,A,L,10,28,,4,,0,,,,0,,,0,7,match,4,4,False,sacks;fum_rec;blocked_kicks;def_fum_td,PFR
Baltimore Colts,BAL,1981,4,1981-09-27,False,MIA,H,L,28,31,,0,,0,,,,0,,,0,-1,match,0,0,False,sacks;fum_rec;blocked_kicks;def_fum_td,PFR
Baltimore Colts,BAL,1981,5,1981-10-04,False,BUF,A,L,17,23,,1,,0,,,,0,,,0,2,match,1,1,False,sacks;fum_rec;blocked_kicks;def_fum_td,PFR
Baltimore Colts,BAL,1981,6,1981-10-11,False,CIN,H,L,19,41,,0,,0,,,,0,,,0,-4,match,0,0,False,sacks;fum_rec;blocked_kicks;def_fum_td,PFR
Baltimore Colts,BAL,1981,7,1981-10-18,False,SDG,H,L,14,43,,0,,0,,,,0,,,0,-4,match,0,0,False,sacks;fum_rec;blocked_kicks;def_fum_td,PFR
Baltimore Colts,BAL,1981,8,1981-10-25,False,CLE,A,L,28,42,,2,,0,,,,0,,,0,0,match,2,2,False,sacks;fum_rec;blocked_kicks;def_fum_td,PFR
Baltimore Colts,BAL,1981,9,1981-11-01,False,MIA,A,L,10,27,,0,,0,,,,0,,,0,0,match,0,0,False,sacks;fum_rec;blocked_kicks;def_fum_td,PFR
Baltimore Colts,BAL,1981,10,1981-11-08,False,NYJ,H,L,14,41,,0,,0,,,,0,,,0,-4,match,0,0,False,sacks;fum_rec;blocked_kicks;def_fum_td,PFR
Baltimore Colts,BAL,1981,11,1981-11-15,False,PHI,A,L,13,38,,1,,0,,,,0,,,0,-2,match,1,1,False,sacks;fum_rec;blocked_kicks;def_fum_td,PFR
Baltimore Colts,BAL,1981,12,1981-11-22,False,STL,H,L,24,35,,0,,0,,,,0,,,0,-4,match,0,0,False,sacks;fum_rec;blocked_kicks;def_fum_td,PFR
Baltimore Colts,BAL,1981,13,1981-11-29,False,NYJ,A,L,0,25,,0,,0,,,,0,,,0,0,match,0,0,False,sacks;fum_rec;blocked_kicks;def_fum_td,PFR
Baltimore Colts,BAL,1981,14,1981-12-06,False,DAL,H,L,13,37,,1,,0,,,,0,,,0,-2,match,1,1,False,sacks;fum_rec;blocked_kicks;def_fum_td,PFR
Baltimore Colts,BAL,1981,15,1981-12-13,False,WAS,A,L,14,38,,1,,0,,,,0,,,0,-2,match,1,1,False,sacks;fum_rec;blocked_kicks;def_fum_td,PFR
Baltimore Colts,BAL,1981,16,1981-12-20,False,NWE,H,W,23,21,,3,,0,,,,0,,,0,6,match,3,3,False,sacks;fum_rec;blocked_kicks;def_fum_td,PFR
Buffalo Bills,BUF,1981,1,1981-09-06,False,NYJ,H,W,31,0,,2,,0,,,,0,,,0,14,match,2,2,False,sacks;fum_rec;blocked_kicks;def_fum_td,PFR
Buffalo Bills,BUF,1981,2,1981-09-13,False,BAL,A,W,35,3,,2,,0,,,,0,,,0,11,match,2,2,False,sacks;fum_rec;blocked_kicks;def_fum_td,PFR
Buffalo Bills,BUF,1981,3,1981-09-17,False,PHI,H,L,14,20,,1,,0,,,,0,,,0,3,match,1,1,False,sacks;fum_rec;blocked_kicks;def_fum_td,PFR
Buffalo Bills,BUF,1981,4,1981-09-27,False,CIN,A,L,24,27,,0,,0,,,,0,,,0,0,match,0,0,False,sacks;fum_rec;blocked_kicks;def_fum_td,PFR
Buffalo Bills,BUF,1981,5,1981-10-04,False,BAL,H,W,23,17,,1,,0,,,,0,,,0,3,match,1,1,False,sacks;fum_rec;blocked_kicks;def_fum_td,PFR
Buffalo Bills,BUF,1981,6,1981-10-12,False,MIA,H,W,31,21,,4,,0,,,,0,,,0,8,match,4,4,False,sacks;fum_rec;blocked_kicks;def_fum_td,PFR
Buffalo Bills,BUF,1981,7,1981-10-18,False,NYJ,A,L,14,33,,0,,0,,,,0,,,0,-1,match,0,0,False,sacks;fum_rec;blocked_kicks;def_fum_td,PFR
Buffalo Bills,BUF,1981,8,1981-10-25,False,DEN,H,W,9,7,,0,,0,,,,0,,,0,4,match,0,0,False,sacks;fum_rec;blocked_kicks;def_fum_td,PFR
Buffalo Bills,BUF,1981,9,1981-11-01,False,CLE,H,W,22,13,,3,,0,,,,0,,,0,10,match,3,3,False,sacks;fum_rec;blocked_kicks;def_fum_td,PFR
Buffalo Bills,BUF,1981,10,1981-11-09,False,DAL,A,L,14,27,,1,,0,,,,0,,,0,2,match,1,1,False,sacks;fum_rec;blocked_kicks;def_fum_td,PFR
Buffalo Bills,BUF,1981,11,1981-11-15,False,STL,A,L,0,24,,1,,0,,,,0,,,0,2,match,1,1,False,sacks;fum_rec;blocked_kicks;def_fum_td,PFR
Buffalo Bills,BUF,1981,12,1981-11-22,False,NWE,H,W,20,17,,0,,0,,,,0,,,0,1,match,0,0,False,sacks;fum_rec;blocked_kicks;def_fum_td,PFR
Buffalo Bills,BUF,1981,13,1981-11-29,False,WAS,H,W,21,14,,1,,0,,,,0,,,0,3,match,1,1,False,sacks;fum_rec;blocked_kicks;def_fum_td,PFR
Buffalo Bills,BUF,1981,14,1981-12-06,False,SDG,A,W,28,27,,1,,0,,,,0,,,0,2,match,1,1,False,sacks;fum_rec;blocked_kicks;def_fum_td,PFR
Buffalo Bills,BUF,1981,15,1981-12-13,False,NWE,A,W,19,10,,2,,0,,,,0,,,0,8,match,2,2,False,sacks;fum_rec;blocked_kicks;def_fum_td,PFR
Buffalo Bills,BUF,1981,16,1981-12-19,False,MIA,A,L,6,16,,0,,0,,,,0,,,0,1,match,0,0,False,sacks;fum_rec;blocked_kicks;def_fum_td,PFR
Buffalo Bills,BUF,1981,17,1981-12-27,True,NYJ,A,W,31,27,,4,,0,,,,0,,,0,8,match,4,4,False,sacks;fum_rec;blocked_kicks;def_fum_td,PFR
Buffalo Bills,BUF,1981,18,1982-01-03,True,CIN,A,L,21,28,,0,,0,,,,0,,,0,-1,match,0,0,False,sacks;fum_rec;blocked_kicks;def_fum_td,PFR
Chicago Bears,CHI,1981,1,1981-09-06,False,GNB,H,L,9,16,,1,,0,,,,0,,,0,3,match,1,1,False,sacks;fum_rec;blocked_kicks;def_fum_td,PFR
Chicago Bears,CHI,1981,2,1981-09-13,False,SFO,A,L,17,28,,0,,0,,,,0,,,0,-1,match,0,0,False,sacks;fum_rec;blocked_kicks;def_fum_td,PFR
Chicago Bears,CHI,1981,3,1981-09-20,False,TAM,H,W,28,17,,2,,0,,,,0,,,1,11,match,2,2,False,sacks;fum_rec;blocked_kicks;def_fum_td,PFR
Chicago Bears,CHI,1981,4,1981-09-28,False,RAM,H,L,7,24,,0,,0,,,,0,,,0,0,match,0,0,False,sacks;fum_rec;blocked_kicks;def_fum_td,PFR
Chicago Bears,CHI,1981,5,1981-10-04,False,MIN,A,L,21,24,,1,,0,,,,0,,,0,2,match,1,1,False,sacks;fum_rec;blocked_kicks;def_fum_td,PFR
Chicago Bears,CHI,1981,6,1981-10-11,False,WAS,H,L,7,24,,1,,0,,,,0,,,0,2,match,1,1,False,sacks;fum_rec;blocked_kicks;def_fum_td,PFR
Chicago Bears,CHI,1981,7,1981-10-19,False,DET,A,L,17,48,,0,,0,,,,0,,,0,-4,match,0,0,False,sacks;fum_rec;blocked_kicks;def_fum_td,PFR
Chicago Bears,CHI,1981,8,1981-10-25,False,SDG,H,W,20,17,,2,,0,,,,0,,,0,5,match,2,2,False,sacks;fum_rec;blocked_kicks;def_fum_td,PFR
Chicago Bears,CHI,1981,9,1981-11-01,False,TAM,A,L,10,20,,1,,0,,,,0,,,0,3,match,1,1,False,sacks;fum_rec;blocked_kicks;def_fum_td,PFR
Chicago Bears,CHI,1981,10,1981-11-08,False,KAN,A,W,16,13,,1,,0,,,,0,,,0,6,match,1,1,False,sacks;fum_rec;blocked_kicks;def_fum_td,PFR
Chicago Bears,CHI,1981,11,1981-11-15,False,GNB,A,L,17,21,,1,,0,,,,0,,,0,2,match,1,1,False,sacks;fum_rec;blocked_kicks;def_fum_td,PFR
Chicago Bears,CHI,1981,12,1981-11-22,False,DET,H,L,7,23,,1,,0,,,,0,,,0,2,match,1,1,False,sacks;fum_rec;blocked_kicks;def_fum_td,PFR
Chicago Bears,CHI,1981,13,1981-11-26,False,DAL,A,L,9,10,,1,,0,,,,0,,,0,6,match,1,1,False,sacks;fum_rec;blocked_kicks;def_fum_td,PFR
Chicago Bears,CHI,1981,14,1981-12-06,False,MIN,H,W,10,9,,2,,0,,,,0,,,0,8,match,2,2,False,sacks;fum_rec;blocked_kicks;def_fum_td,PFR
Chicago Bears,CHI,1981,15,1981-12-13,False,OAK,A,W,23,6,,1,,0,,,,0,,,0,9,match,1,1,False,sacks;fum_rec;blocked_kicks;def_fum_td,PFR
Chicago Bears,CHI,1981,16,1981-12-20,False,DEN,H,W,35,24,,3,,0,,,,0,,,0,6,match,3,3,False,sacks;fum_rec;blocked_kicks;def_fum_td,PFR
Cincinnati Bengals,CIN,1981,1,1981-09-06,False,SEA,H,W,27,21,,1,,0,,,,0,,,0,2,match,1,1,False,sacks;fum_rec;blocked_kicks;def_fum_td,PFR
Cincinnati Bengals,CIN,1981,2,1981-09-13,False,NYJ,A,W,31,30,,0,,0,,,,0,,,0,-1,match,0,0,False,sacks;fum_rec;blocked_kicks;def_fum_td,PFR
Cincinnati Bengals,CIN,1981,3,1981-09-20,False,CLE,H,L,17,20,,0,,0,,,,0,,,0,1,match,0,0,False,sacks;fum_rec;blocked_kicks;def_fum_td,PFR
Cincinnati Bengals,CIN,1981,4,1981-09-27,False,BUF,H,W,27,24,,0,,0,,,,0,,,0,0,match,0,0,False,sacks;fum_rec;blocked_kicks;def_fum_td,PFR
Cincinnati Bengals,CIN,1981,5,1981-10-04,False,HOU,A,L,10,17,,0,,0,,,,0,,,0,1,match,0,0,False,sacks;fum_rec;blocked_kicks;def_fum_td,PFR
Cincinnati Bengals,CIN,1981,6,1981-10-11,False,BAL,A,W,41,19,,2,,0,,,,0,,,0,5,match,2,2,False,sacks;fum_rec;blocked_kicks;def_fum_td,PFR
Cincinnati Bengals,CIN,1981,7,1981-10-18,False,PIT,H,W,34,7,,0,,0,,,,0,,,0,4,match,0,0,False,sacks;fum_rec;blocked_kicks;def_fum_td,PFR
Cincinnati Bengals,CIN,1981,8,1981-10-25,False,NOR,A,L,7,17,,1,,0,,,,0,,,0,3,match,1,1,False,sacks;fum_rec;blocked_kicks;def_fum_td,PFR
Cincinnati Bengals,CIN,1981,9,1981-11-01,False,HOU,H,W,34,21,,3,,0,,,,0,,,0,6,match,3,3,False,sacks;fum_rec;blocked_kicks;def_fum_td,PFR
Cincinnati Bengals,CIN,1981,10,1981-11-08,False,SDG,A,W,40,17,,2,,0,,,,0,,,0,5,match,2,2,False,sacks;fum_rec;blocked_kicks;def_fum_td,PFR
Cincinnati Bengals,CIN,1981,11,1981-11-15,False,RAM,H,W,24,10,,4,,0,,,,0,,,0,12,match,4,4,False,sacks;fum_rec;blocked_kicks;def_fum_td,PFR
Cincinnati Bengals,CIN,1981,12,1981-11-22,False,DEN,H,W,38,21,,2,,0,,,,0,,,0,4,match,2,2,False,sacks;fum_rec;blocked_kicks;def_fum_td,PFR
Cincinnati Bengals,CIN,1981,13,1981-11-29,False,CLE,A,W,41,21,,0,,0,,,,0,,,0,0,match,0,0,False,sacks;fum_rec;blocked_kicks;def_fum_td,PFR
Cincinnati Bengals,CIN,1981,14,1981-12-06,False,SFO,H,L,3,21,,1,,0,,,,0,,,0,2,match,1,1,False,sacks;fum_rec;blocked_kicks;def_fum_td,PFR
Cincinnati Bengals,CIN,1981,15,1981-12-13,False,PIT,A,W,17,10,,2,,0,,,,0,,,0,8,match,2,2,False,sacks;fum_rec;blocked_kicks;def_fum_td,PFR
Cincinnati Bengals,CIN,1981,16,1981-12-20,False,ATL,A,W,30,28,,1,,0,,,,0,,,0,1,match,1,1,False,sacks;fum_rec;blocked_kicks;def_fum_td,PFR
Cincinnati Bengals,CIN,1981,17,1982-01-03,True,BUF,H,W,28,21,,2,,0,,,,0,,,0,4,match,2,2,False,sacks;fum_rec;blocked_kicks;def_fum_td,PFR
Cincinnati Bengals,CIN,1981,18,1982-01-10,True,SDG,H,W,27,7,,2,,0,,,,0,,,0,8,match,2,2,False,sacks;fum_rec;blocked_kicks;def_fum_td,PFR
Cincinnati Bengals,CIN,1981,19,1982-01-24,True,SFO,N,L,21,26,,0,,0,,,,0,,,0,0,match,0,0,False,sacks;fum_rec;blocked_kicks;def_fum_td,PFR
Cleveland Browns,CLE,1981,1,1981-09-07,False,SDG,H,L,14,44,,0,,0,,,,0,,,0,-4,match,0,0,False,sacks;fum_rec;blocked_kicks;def_fum_td,PFR
Cleveland Browns,CLE,1981,2,1981-09-13,False,HOU,H,L,3,9,,1,,0,,,,0,,,0,6,match,1,1,False,sacks;fum_rec;blocked_kicks;def_fum_td,PFR
Cleveland Browns,CLE,1981,3,1981-09-20,False,CIN,A,W,20,17,,0,,0,,,,0,,,0,1,match,0,0,False,sacks;fum_rec;blocked_kicks;def_fum_td,PFR
Cleveland Browns,CLE,1981,4,1981-09-27,False,ATL,H,W,28,17,,2,,0,,,,0,,,0,5,match,2,2,False,sacks;fum_rec;blocked_kicks;def_fum_td,PFR
Cleveland Browns,CLE,1981,5,1981-10-04,False,RAM,A,L,16,27,,0,,0,,,,0,,,0,0,match,0,0,False,sacks;fum_rec;blocked_kicks;def_fum_td,PFR
Cleveland Browns,CLE,1981,6,1981-10-11,False,PIT,A,L,7,13,,1,,0,,,,0,,,0,6,match,1,1,False,sacks;fum_rec;blocked_kicks;def_fum_td,PFR
Cleveland Browns,CLE,1981,7,1981-10-18,False,NOR,H,W,20,17,,0,,0,,,,0,,,0,1,match,0,0,False,sacks;fum_rec;blocked_kicks;def_fum_td,PFR
Cleveland Browns,CLE,1981,8,1981-10-25,False,BAL,H,W,42,28,,2,,0,,,,0,,,0,3,match,2,2,False,sacks;fum_rec;blocked_kicks;def_fum_td,PFR
Cleveland Browns,CLE,1981,9,1981-11-01,False,BUF,A,L,13,22,,1,,0,,,,0,,,0,2,match,1,1,False,sacks;fum_rec;blocked_kicks;def_fum_td,PFR
Cleveland Browns,CLE,1981,10,1981-11-08,False,DEN,A,L,20,23,,0,,0,,,,0,,,0,0,match,0,0,False,sacks;fum_rec;blocked_kicks;def_fum_td,PFR
Cleveland Browns,CLE,1981,11,1981-11-15,False,SFO,A,W,15,12,,2,,0,,,,0,,,0,8,match,2,2,False,sacks;fum_rec;blocked_kicks;def_fum_td,PFR
Cleveland Browns,CLE,1981,12,1981-11-22,False,PIT,H,L,10,32,,2,,0,,,,0,,,0,3,match,2,2,False,sacks;fum_rec;blocked_kicks;def_fum_td,PFR
Cleveland Browns,CLE,1981,13,1981-11-29,False,CIN,H,L,21,41,,0,,0,,,,0,,,0,-4,match,0,0,False,sacks;fum_rec;blocked_kicks;def_fum_td,PFR
Cleveland Browns,CLE,1981,14,1981-12-03,False,HOU,A,L,13,17,,1,,0,,,,0,,,0,3,match,1,1,False,sacks;fum_rec;blocked_kicks;def_fum_td,PFR
Cleveland Browns,CLE,1981,15,1981-12-12,False,NYJ,H,L,13,14,,2,,0,,,,0,,,0,5,match,2,2,False,sacks;fum_rec;blocked_kicks;def_fum_td,PFR
Cleveland Browns,CLE,1981,16,1981-12-20,False,SEA,A,L,21,42,,1,,0,,,,0,,,0,-2,match,1,1,False,sacks;fum_rec;blocked_kicks;def_fum_td,PFR
Dallas Cowboys,DAL,1981,1,1981-09-06,False,WAS,A,W,26,10,,4,,0,,,,0,,,0,12,match,4,4,False,sacks;fum_rec;blocked_kicks;def_fum_td,PFR
Dallas Cowboys,DAL,1981,2,1981-09-13,False,STL,H,W,30,17,,2,,0,,,,0,,,0,5,match,2,2,False,sacks;fum_rec;blocked_kicks;def_fum_td,PFR
Dallas Cowboys,DAL,1981,3,1981-09-21,False,NWE,A,W,35,21,,4,,0,,,,0,,,0,8,match,4,4,False,sacks;fum_rec;blocked_kicks;def_fum_td,PFR
Dallas Cowboys,DAL,1981,4,1981-09-27,False,NYG,H,W,18,10,,3,,0,,,,0,,,0,10,match,3,3,False,sacks;fum_rec;blocked_kicks;def_fum_td,PFR
Dallas Cowboys,DAL,1981,5,1981-10-04,False,STL,A,L,17,20,,1,,0,,,,0,,,0,3,match,1,1,False,sacks;fum_rec;blocked_kicks;def_fum_td,PFR
Dallas Cowboys,DAL,1981,6,1981-10-11,False,SFO,A,L,14,45,,0,,0,,,,0,,,0,-4,match,0,0,False,sacks;fum_rec;blocked_kicks;def_fum_td,PFR
Dallas Cowboys,DAL,1981,7,1981-10-18,False,RAM,H,W,29,17,,3,,0,,,,0,,,0,7,match,3,3,False,sacks;fum_rec;blocked_kicks;def_fum_td,PFR
Dallas Cowboys,DAL,1981,8,1981-10-25,False,MIA,H,W,28,27,,5,,0,,,,0,,,0,10,match,5,5,False,sacks;fum_rec;blocked_kicks;def_fum_td,PFR
Dallas Cowboys,DAL,1981,9,1981-11-01,False,PHI,A,W,17,14,,1,,0,,,,0,,,0,3,match,1,1,False,sacks;fum_rec;blocked_kicks;def_fum_td,PFR
Dallas Cowboys,DAL,1981,10,1981-11-09,False,BUF,H,W,27,14,,4,,0,,,,0,,,0,9,match,4,4,False,sacks;fum_rec;blocked_kicks;def_fum_td,PFR
Dallas Cowboys,DAL,1981,11,1981-11-15,False,DET,A,L,24,27,,1,,0,,,,0,,,0,2,match,1,1,False,sacks;fum_rec;blocked_kicks;def_fum_td,PFR
Dallas Cowboys,DAL,1981,12,1981-11-22,False,WAS,H,W,24,10,,1,,0,,,,0,,,0,6,match,1,1,False,sacks;fum_rec;blocked_kicks;def_fum_td,PFR
Dallas Cowboys,DAL,1981,13,1981-11-26,False,CHI,H,W,10,9,,1,,0,,,,0,,,0,6,match,1,1,False,sacks;fum_rec;blocked_kicks;def_fum_td,PFR
Dallas Cowboys,DAL,1981,14,1981-12-06,False,BAL,A,W,37,13,,2,,0,,,,0,,,0,8,match,2,2,False,sacks;fum_rec;blocked_kicks;def_fum_td,PFR
Dallas Cowboys,DAL,1981,15,1981-12-13,False,PHI,H,W,21,10,,4,,0,,,,0,,,0,12,match,4,4,False,sacks;fum_rec;blocked_kicks;def_fum_td,PFR
Dallas Cowboys,DAL,1981,16,1981-12-19,False,NYG,A,L,10,13,,1,,0,,,,0,,,0,6,match,1,1,False,sacks;fum_rec;blocked_kicks;def_fum_td,PFR
Dallas Cowboys,DAL,1981,17,1982-01-02,True,TAM,H,W,38,0,,4,,0,,,,0,,,0,18,match,4,4,False,sacks;fum_rec;blocked_kicks;def_fum_td,PFR
Dallas Cowboys,DAL,1981,18,1982-01-10,True,SFO,A,L,27,28,,3,,0,,,,0,,,0,5,match,3,3,False,sacks;fum_rec;blocked_kicks;def_fum_td,PFR
Denver Broncos,DEN,1981,1,1981-09-06,False,OAK,H,W,9,7,,2,,0,,,,0,,,0,8,match,2,2,False,sacks;fum_rec;blocked_kicks;def_fum_td,PFR
Denver Broncos,DEN,1981,2,1981-09-13,False,SEA,A,L,10,13,,2,,0,,,,0,,,0,8,match,2,2,False,sacks;fum_rec;blocked_kicks;def_fum_td,PFR
Denver Broncos,DEN,1981,3,1981-09-20,False,BAL,H,W,28,10,,1,,0,,,,0,,,0,6,match,1,1,False,sacks;fum_rec;blocked_kicks;def_fum_td,PFR
Denver Broncos,DEN,1981,4,1981-09-27,False,SDG,H,W,42,24,,3,,0,,,,0,,,0,6,match,3,3,False,sacks;fum_rec;blocked_kicks;def_fum_td,PFR
Denver Broncos,DEN,1981,5,1981-10-04,False,OAK,A,W,17,0,,2,,0,,,,0,,,0,14,match,2,2,False,sacks;fum_rec;blocked_kicks;def_fum_td,PFR
Denver Broncos,DEN,1981,6,1981-10-11,False,DET,H,W,27,21,,1,,0,,,,0,,,0,2,match,1,1,False,sacks;fum_rec;blocked_kicks;def_fum_td,PFR
Denver Broncos,DEN,1981,7,1981-10-18,False,KAN,A,L,14,28,,2,,0,,,,0,,,0,3,match,2,2,False,sacks;fum_rec;blocked_kicks;def_fum_td,PFR
Denver Broncos,DEN,1981,8,1981-10-25,False,BUF,A,L,7,9,,1,,0,,,,0,,,0,6,match,1,1,False,sacks;fum_rec;blocked_kicks;def_fum_td,PFR
Denver Broncos,DEN,1981,9,1981-11-02,False,MIN,H,W,19,17,,1,,0,,,,0,,,0,3,match,1,1,False,sacks;fum_rec;blocked_kicks;def_fum_td,PFR
Denver Broncos,DEN,1981,10,1981-11-08,False,CLE,H,W,23,20,,2,,0,,,,0,,,0,5,match,2,2,False,sacks;fum_rec;blocked_kicks;def_fum_td,PFR
Denver Broncos,DEN,1981,11,1981-11-15,False,TAM,A,W,24,7,,2,,0,,,,0,,,0,8,match,2,2,False,sacks;fum_rec;blocked_kicks;def_fum_td,PFR
Denver Broncos,DEN,1981,12,1981-11-22,False,CIN,A,L,21,38,,0,,0,,,,0,,,0,-4,match,0,0,False,sacks;fum_rec;blocked_kicks;def_fum_td,PFR
Denver Broncos,DEN,1981,13,1981-11-29,False,SDG,A,L,17,34,,1,,0,,,,0,,,0,1,match,1,1,False,sacks;fum_rec;blocked_kicks;def_fum_td,PFR
Denver Broncos,DEN,1981,14,1981-12-06,False,KAN,H,W,16,13,,1,,0,,,,0,,,0,6,match,1,1,False,sacks;fum_rec;blocked_kicks;def_fum_td,PFR
Denver Broncos,DEN,1981,15,1981-12-13,False,SEA,H,W,23,13,,0,,0,,,,0,,,0,4,match,0,0,False,sacks;fum_rec;blocked_kicks;def_fum_td,PFR
Denver Broncos,DEN,1981,16,1981-12-20,False,CHI,A,L,24,35,,2,,0,,,,0,,,0,0,match,2,2,False,sacks;fum_rec;blocked_kicks;def_fum_td,PFR
Detroit Lions,DET,1981,1,1981-09-06,False,SFO,H,W,24,17,,1,,0,,,,0,,,0,3,match,1,1,False,sacks;fum_rec;blocked_kicks;def_fum_td,PFR
Detroit Lions,DET,1981,2,1981-09-13,False,SDG,A,L,23,28,,1,,0,,,,0,,,0,1,match,1,1,False,sacks;fum_rec;blocked_kicks;def_fum_td,PFR
Detroit Lions,DET,1981,3,1981-09-20,False,MIN,A,L,24,26,,2,,0,,,,0,,,0,4,match,2,2,False,sacks;fum_rec;blocked_kicks;def_fum_td,PFR
Detroit Lions,DET,1981,4,1981-09-27,False,OAK,H,W,16,0,,1,,0,,,,0,,,0,12,match,1,1,False,sacks;fum_rec;blocked_kicks;def_fum_td,PFR
Detroit Lions,DET,1981,5,1981-10-04,False,TAM,A,L,10,28,,1,,0,,,,0,,,0,1,match,1,1,False,sacks;fum_rec;blocked_kicks;def_fum_td,PFR
Detroit Lions,DET,1981,6,1981-10-11,False,DEN,A,L,21,27,,1,,0,,,,0,,,0,2,match,1,1,False,sacks;fum_rec;blocked_kicks;def_fum_td,PFR
Detroit Lions,DET,1981,7,1981-10-19,False,CHI,H,W,48,17,,1,,0,,,,0,,,0,3,match,1,1,False,sacks;fum_rec;blocked_kicks;def_fum_td,PFR
Detroit Lions,DET,1981,8,1981-10-25,False,GNB,H,W,31,27,,1,,0,,,,0,,,0,2,match,1,1,False,sacks;fum_rec;blocked_kicks;def_fum_td,PFR
Detroit Lions,DET,1981,9,1981-11-01,False,RAM,A,L,13,20,,2,,0,,,,0,,,0,5,match,2,2,False,sacks;fum_rec;blocked_kicks;def_fum_td,PFR
Detroit Lions,DET,1981,10,1981-11-08,False,WAS,A,L,31,33,,2,,0,,,,0,,,0,3,match,2,2,False,sacks;fum_rec;blocked_kicks;def_fum_td,PFR
Detroit Lions,DET,1981,11,1981-11-15,False,DAL,H,W,27,24,,2,,0,,,,0,,,0,4,match,2,2,False,sacks;fum_rec;blocked_kicks;def_fum_td,PFR
Detroit Lions,DET,1981,12,1981-11-22,False,CHI,A,W,23,7,,3,,0,,,,0,,,0,10,match,3,3,False,sacks;fum_rec;blocked_kicks;def_fum_td,PFR
Detroit Lions,DET,1981,13,1981-11-26,False,KAN,H,W,27,10,,2,,0,,,,0,,,0,8,match,2,2,False,sacks;fum_rec;blocked_kicks;def_fum_td,PFR
Detroit Lions,DET,1981,14,1981-12-06,False,GNB,A,L,17,31,,0,,0,,,,0,,,0,-1,match,0,0,False,sacks;fum_rec;blocked_kicks;def_fum_td,PFR
Detroit Lions,DET,1981,15,1981-12-12,False,MIN,H,W,45,7,,4,,0,,,,0,,,1,18,match,4,4,False,sacks;fum_rec;blocked_kicks;def_fum_td,PFR
Detroit Lions,DET,1981,16,1981-12-20,False,TAM,H,L,17,20,,0,,0,,,,0,,,0,1,match,0,0,False,sacks;fum_rec;blocked_kicks;def_fum_td,PFR
Green Bay Packers,GNB,1981,1,1981-09-06,False,CHI,A,W,16,9,,0,,0,,,,0,,,0,4,match,0,0,False,sacks;fum_rec;blocked_kicks;def_fum_td,PFR
Green Bay Packers,GNB,1981,2,1981-09-13,False,ATL,H,L,17,31,,4,,0,,,,0,,,0,7,match,4,4,False,sacks;fum_rec;blocked_kicks;def_fum_td,PFR
Green Bay Packers,GNB,1981,3,1981-09-20,False,RAM,A,L,23,35,,1,,0,,,,0,,,0,-2,match,1,1,False,sacks;fum_rec;blocked_kicks;def_fum_td,PFR
Green Bay Packers,GNB,1981,4,1981-09-27,False,MIN,H,L,13,30,,0,,0,,,,0,,,0,-1,match,0,0,False,sacks;fum_rec;blocked_kicks;def_fum_td,PFR
Green Bay Packers,GNB,1981,5,1981-10-04,False,NYG,A,W,27,14,,2,,0,,,,0,,,0,5,match,2,2,False,sacks;fum_rec;blocked_kicks;def_fum_td,PFR
Green Bay Packers,GNB,1981,6,1981-10-11,False,TAM,H,L,10,21,,1,,0,,,,0,,,0,2,match,1,1,False,sacks;fum_rec;blocked_kicks;def_fum_td,PFR
Green Bay Packers,GNB,1981,7,1981-10-18,False,SFO,H,L,3,13,,0,,0,,,,0,,,0,4,match,0,0,False,sacks;fum_rec;blocked_kicks;def_fum_td,PFR
Green Bay Packers,GNB,1981,8,1981-10-25,False,DET,A,L,27,31,,1,,0,,,,0,,,0,1,match,1,1,False,sacks;fum_rec;blocked_kicks;def_fum_td,PFR
Green Bay Packers,GNB,1981,9,1981-11-01,False,SEA,H,W,34,24,,1,,0,,,,0,,,0,2,raised_to_opp_qb_count,0,1,False,sacks;fum_rec;blocked_kicks;def_fum_td,PFR
Green Bay Packers,GNB,1981,10,1981-11-08,False,NYG,H,W,26,24,,4,,0,,,,0,,,1,14,match,4,4,False,sacks;fum_rec;blocked_kicks;def_fum_td,PFR
Green Bay Packers,GNB,1981,11,1981-11-15,False,CHI,H,W,21,17,,3,,0,,,,0,,,0,7,match,3,3,False,sacks;fum_rec;blocked_kicks;def_fum_td,PFR
Green Bay Packers,GNB,1981,12,1981-11-22,False,TAM,A,L,3,37,,1,,0,,,,0,,,0,-2,match,1,1,False,sacks;fum_rec;blocked_kicks;def_fum_td,PFR
Green Bay Packers,GNB,1981,13,1981-11-29,False,MIN,A,W,35,23,,5,,0,,,,0,,,0,10,match,5,5,False,sacks;fum_rec;blocked_kicks;def_fum_td,PFR
Green Bay Packers,GNB,1981,14,1981-12-06,False,DET,H,W,31,17,,2,,0,,,,0,,,0,5,match,2,2,False,sacks;fum_rec;blocked_kicks;def_fum_td,PFR
Green Bay Packers,GNB,1981,15,1981-12-13,False,NOR,A,W,35,7,,4,,0,,,,0,,,0,12,match,4,4,False,sacks;fum_rec;blocked_kicks;def_fum_td,PFR
Green Bay Packers,GNB,1981,16,1981-12-20,False,NYJ,A,L,3,28,,1,,0,,,,0,,,0,1,match,1,1,False,sacks;fum_rec;blocked_kicks;def_fum_td,PFR
Houston Oilers,HOU,1981,1,1981-09-06,False,RAM,A,W,27,20,,4,,0,,,,0,,,1,15,match,4,4,False,sacks;fum_rec;blocked_kicks;def_fum_td,PFR
Houston Oilers,HOU,1981,2,1981-09-13,False,CLE,A,W,9,3,,1,,0,,,,0,,,0,9,match,1,1,False,sacks;fum_rec;blocked_kicks;def_fum_td,PFR
Houston Oilers,HOU,1981,3,1981-09-20,False,MIA,H,L,10,16,,1,,0,,,,0,,,0,3,match,1,1,False,sacks;fum_rec;blocked_kicks;def_fum_td,PFR
Houston Oilers,HOU,1981,4,1981-09-27,False,NYJ,A,L,17,33,,0,,0,,,,0,,,0,-1,match,0,0,False,sacks;fum_rec;blocked_kicks;def_fum_td,PFR
Houston Oilers,HOU,1981,5,1981-10-04,False,CIN,H,W,17,10,,1,,0,,,,0,,,1,12,match,1,1,False,sacks;fum_rec;blocked_kicks;def_fum_td,PFR
Houston Oilers,HOU,1981,6,1981-10-11,False,SEA,H,W,35,17,,2,,0,,,,0,,,0,5,raised_to_opp_qb_count,1,2,False,sacks;fum_rec;blocked_kicks;def_fum_td,PFR
Houston Oilers,HOU,1981,7,1981-10-18,False,NWE,A,L,10,38,,1,,0,,,,0,,,0,-2,raised_to_opp_qb_count,0,1,False,sacks;fum_rec;blocked_kicks;def_fum_td,PFR
Houston Oilers,HOU,1981,8,1981-10-26,False,PIT,A,L,13,26,,1,,0,,,,0,,,0,2,match,1,1,False,sacks;fum_rec;blocked_kicks;def_fum_td,PFR
Houston Oilers,HOU,1981,9,1981-11-01,False,CIN,A,L,21,34,,0,,0,,,,0,,,0,-1,match,0,0,False,sacks;fum_rec;blocked_kicks;def_fum_td,PFR
Houston Oilers,HOU,1981,10,1981-11-08,False,OAK,H,W,17,16,,2,,0,,,,0,,,0,5,match,2,2,False,sacks;fum_rec;blocked_kicks;def_fum_td,PFR
Houston Oilers,HOU,1981,11,1981-11-15,False,KAN,A,L,10,23,,1,,0,,,,0,,,0,2,match,1,1,False,sacks;fum_rec;blocked_kicks;def_fum_td,PFR
Houston Oilers,HOU,1981,12,1981-11-22,False,NOR,H,L,24,27,,0,,0,,,,0,,,0,0,match,0,0,False,sacks;fum_rec;blocked_kicks;def_fum_td,PFR
Houston Oilers,HOU,1981,13,1981-11-29,False,ATL,H,L,27,31,,1,,0,,,,0,,,0,1,match,1,1,False,sacks;fum_rec;blocked_kicks;def_fum_td,PFR
Houston Oilers,HOU,1981,14,1981-12-03,False,CLE,H,W,17,13,,2,,0,,,,0,,,0,8,match,2,2,False,sacks;fum_rec;blocked_kicks;def_fum_td,PFR
Houston Oilers,HOU,1981,15,1981-12-13,False,SFO,A,L,6,28,,0,,0,,,,0,,,0,-1,match,0,0,False,sacks;fum_rec;blocked_kicks;def_fum_td,PFR
Houston Oilers,HOU,1981,16,1981-12-20,False,PIT,H,W,21,20,,1,,0,,,,0,,,0,3,raised_to_opp_qb_count,0,1,False,sacks;fum_rec;blocked_kicks;def_fum_td,PFR
Kansas City Chiefs,KAN,1981,1,1981-09-06,False,PIT,A,W,37,33,,2,,0,,,,0,,,0,3,match,2,2,False,sacks;fum_rec;blocked_kicks;def_fum_td,PFR
Kansas City Chiefs,KAN,1981,2,1981-09-13,False,TAM,H,W,19,10,,0,,0,,,,0,,,0,4,match,0,0,False,sacks;fum_rec;blocked_kicks;def_fum_td,PFR
Kansas City Chiefs,KAN,1981,3,1981-09-20,False,SDG,H,L,31,42,,3,,0,,,,0,,,0,2,match,3,3,False,sacks;fum_rec;blocked_kicks;def_fum_td,PFR
Kansas City Chiefs,KAN,1981,4,1981-09-27,False,SEA,A,W,20,14,,0,,0,,,,0,,,0,1,match,0,0,False,sacks;fum_rec;blocked_kicks;def_fum_td,PFR
Kansas City Chiefs,KAN,1981,5,1981-10-04,False,NWE,A,L,17,33,,2,,0,,,,0,,,0,3,match,2,2,False,sacks;fum_rec;blocked_kicks;def_fum_td,PFR
Kansas City Chiefs,KAN,1981,6,1981-10-11,False,OAK,H,W,27,0,,3,,0,,,,0,,,0,16,match,3,3,False,sacks;fum_rec;blocked_kicks;def_fum_td,PFR
Kansas City Chiefs,KAN,1981,7,1981-10-18,False,DEN,H,W,28,14,,3,,0,,,,0,,,0,7,match,3,3,False,sacks;fum_rec;blocked_kicks;def_fum_td,PFR
Kansas City Chiefs,KAN,1981,8,1981-10-25,False,OAK,A,W,28,17,,4,,0,,,,0,,,0,9,match,4,4,False,sacks;fum_rec;blocked_kicks;def_fum_td,PFR
Kansas City Chiefs,KAN,1981,9,1981-11-01,False,SDG,A,L,20,22,,1,,0,,,,0,,,0,2,match,1,1,False,sacks;fum_rec;blocked_kicks;def_fum_td,PFR
Kansas City Chiefs,KAN,1981,10,1981-11-08,False,CHI,H,L,13,16,,0,,0,,,,0,,,0,1,match,0,0,False,sacks;fum_rec;blocked_kicks;def_fum_td,PFR
Kansas City Chiefs,KAN,1981,11,1981-11-15,False,HOU,H,W,23,10,,3,,0,,,,0,,,0,10,match,3,3,False,sacks;fum_rec;blocked_kicks;def_fum_td,PFR
Kansas City Chiefs,KAN,1981,12,1981-11-22,False,SEA,H,W,40,13,,1,,0,,,,0,,,0,6,match,1,1,False,sacks;fum_rec;blocked_kicks;def_fum_td,PFR
Kansas City Chiefs,KAN,1981,13,1981-11-26,False,DET,A,L,10,27,,0,,0,,,,0,,,0,0,match,0,0,False,sacks;fum_rec;blocked_kicks;def_fum_td,PFR
Kansas City Chiefs,KAN,1981,14,1981-12-06,False,DEN,A,L,13,16,,0,,0,,,,0,,,0,1,match,0,0,False,sacks;fum_rec;blocked_kicks;def_fum_td,PFR
Kansas City Chiefs,KAN,1981,15,1981-12-13,False,MIA,H,L,7,17,,3,,0,,,,0,,,0,7,match,3,3,False,sacks;fum_rec;blocked_kicks;def_fum_td,PFR
Kansas City Chiefs,KAN,1981,16,1981-12-20,False,MIN,A,W,10,6,,1,,0,,,,0,,,0,9,match,1,1,False,sacks;fum_rec;blocked_kicks;def_fum_td,PFR
Miami Dolphins,MIA,1981,1,1981-09-06,False,STL,A,W,20,7,,1,,0,,,,0,,,0,6,match,1,1,False,sacks;fum_rec;blocked_kicks;def_fum_td,PFR
Miami Dolphins,MIA,1981,2,1981-09-10,False,PIT,H,W,30,10,,2,,0,,,,0,,,1,14,match,2,2,False,sacks;fum_rec;blocked_kicks;def_fum_td,PFR
Miami Dolphins,MIA,1981,3,1981-09-20,False,HOU,A,W,16,10,,1,,0,,,,0,,,0,6,match,1,1,False,sacks;fum_rec;blocked_kicks;def_fum_td,PFR
Miami Dolphins,MIA,1981,4,1981-09-27,False,BAL,A,W,31,28,,1,,0,,,,0,,,0,1,match,1,1,False,sacks;fum_rec;blocked_kicks;def_fum_td,PFR
Miami Dolphins,MIA,1981,5,1981-10-04,False,NYJ,H,T,28,28,,1,,0,,,,0,,,0,1,match,1,1,False,sacks;fum_rec;blocked_kicks;def_fum_td,PFR
Miami Dolphins,MIA,1981,6,1981-10-12,False,BUF,A,L,21,31,,0,,0,,,,0,,,1,5,match,0,0,False,sacks;fum_rec;blocked_kicks;def_fum_td,PFR
Miami Dolphins,MIA,1981,7,1981-10-18,False,WAS,H,W,13,10,,1,,0,,,,0,,,0,6,match,1,1,False,sacks;fum_rec;blocked_kicks;def_fum_td,PFR
Miami Dolphins,MIA,1981,8,1981-10-25,False,DAL,A,L,27,28,,1,,0,,,,0,,,0,1,match,1,1,False,sacks;fum_rec;blocked_kicks;def_fum_td,PFR
Miami Dolphins,MIA,1981,9,1981-11-01,False,BAL,H,W,27,10,,2,,0,,,,0,,,0,8,match,2,2,False,sacks;fum_rec;blocked_kicks;def_fum_td,PFR
Miami Dolphins,MIA,1981,10,1981-11-08,False,NWE,A,W,30,27,,4,,0,,,,0,,,0,8,match,4,4,False,sacks;fum_rec;blocked_kicks;def_fum_td,PFR
Miami Dolphins,MIA,1981,11,1981-11-15,False,OAK,H,L,17,33,,0,,0,,,,0,,,0,-1,match,0,0,False,sacks;fum_rec;blocked_kicks;def_fum_td,PFR
Miami Dolphins,MIA,1981,12,1981-11-22,False,NYJ,A,L,15,16,,0,,0,,,,0,,,0,1,match,0,0,False,sacks;fum_rec;blocked_kicks;def_fum_td,PFR
Miami Dolphins,MIA,1981,13,1981-11-30,False,PHI,H,W,13,10,,1,,0,,,,0,,,0,6,match,1,1,False,sacks;fum_rec;blocked_kicks;def_fum_td,PFR
Miami Dolphins,MIA,1981,14,1981-12-06,False,NWE,H,W,24,14,,0,,0,,,,0,,,0,1,match,0,0,False,sacks;fum_rec;blocked_kicks;def_fum_td,PFR
Miami Dolphins,MIA,1981,15,1981-12-13,False,KAN,A,W,17,7,,1,,0,,,,0,,,0,6,match,1,1,False,sacks;fum_rec;blocked_kicks;def_fum_td,PFR
Miami Dolphins,MIA,1981,16,1981-12-19,False,BUF,H,W,16,6,,2,,0,,,,0,,,0,11,match,2,2,False,sacks;fum_rec;blocked_kicks;def_fum_td,PFR
Miami Dolphins,MIA,1981,17,1982-01-02,True,SDG,H,L,38,41,,1,,0,,,,0,,,0,-2,match,1,1,False,sacks;fum_rec;blocked_kicks;def_fum_td,PFR
Minnesota Vikings,MIN,1981,1,1981-09-05,False,TAM,A,L,13,21,,0,,0,,,,0,,,0,0,match,0,0,False,sacks;fum_rec;blocked_kicks;def_fum_td,PFR
Minnesota Vikings,MIN,1981,2,1981-09-14,False,OAK,H,L,10,36,,1,,0,,,,0,,,1,4,match,1,1,False,sacks;fum_rec;blocked_kicks;def_fum_td,PFR
Minnesota Vikings,MIN,1981,3,1981-09-20,False,DET,H,W,26,24,,1,,0,,,,0,,,0,2,match,1,1,False,sacks;fum_rec;blocked_kicks;def_fum_td,PFR
Minnesota Vikings,MIN,1981,4,1981-09-27,False,GNB,A,W,30,13,,0,,0,,,,0,,,0,4,match,0,0,False,sacks;fum_rec;blocked_kicks;def_fum_td,PFR
Minnesota Vikings,MIN,1981,5,1981-10-04,False,CHI,H,W,24,21,,1,,0,,,,0,,,0,2,match,1,1,False,sacks;fum_rec;blocked_kicks;def_fum_td,PFR
Minnesota Vikings,MIN,1981,6,1981-10-11,False,SDG,A,W,33,31,,0,,0,,,,0,,,0,-1,match,0,0,False,sacks;fum_rec;blocked_kicks;def_fum_td,PFR
Minnesota Vikings,MIN,1981,7,1981-10-18,False,PHI,H,W,35,23,,2,,0,,,,0,,,0,4,match,2,2,False,sacks;fum_rec;blocked_kicks;def_fum_td,PFR
Minnesota Vikings,MIN,1981,8,1981-10-25,False,STL,A,L,17,30,,2,,0,,,,0,,,0,3,match,2,2,False,sacks;fum_rec;blocked_kicks;def_fum_td,PFR
Minnesota Vikings,MIN,1981,9,1981-11-02,False,DEN,A,L,17,19,,1,,0,,,,0,,,0,3,match,1,1,False,sacks;fum_rec;blocked_kicks;def_fum_td,PFR
Minnesota Vikings,MIN,1981,10,1981-11-08,False,TAM,H,W,25,10,,0,,0,,,,0,,,0,4,match,0,0,False,sacks;fum_rec;blocked_kicks;def_fum_td,PFR
Minnesota Vikings,MIN,1981,11,1981-11-15,False,NOR,H,W,20,10,,2,,0,,,,0,,,0,8,match,2,2,False,sacks;fum_rec;blocked_kicks;def_fum_td,PFR
Minnesota Vikings,MIN,1981,12,1981-11-23,False,ATL,A,L,30,31,,0,,0,,,,0,,,0,-1,match,0,0,False,sacks;fum_rec;blocked_kicks;def_fum_td,PFR
Minnesota Vikings,MIN,1981,13,1981-11-29,False,GNB,H,L,23,35,,2,,0,,,,0,,,0,0,match,2,2,False,sacks;fum_rec;blocked_kicks;def_fum_td,PFR
Minnesota Vikings,MIN,1981,14,1981-12-06,False,CHI,A,L,9,10,,2,,0,,,,0,,,0,8,match,2,2,False,sacks;fum_rec;blocked_kicks;def_fum_td,PFR
Minnesota Vikings,MIN,1981,15,1981-12-12,False,DET,A,L,7,45,,1,,0,,,,0,,,0,-2,match,1,1,False,sacks;fum_rec;blocked_kicks;def_fum_td,PFR
Minnesota Vikings,MIN,1981,16,1981-12-20,False,KAN,H,L,6,10,,1,,0,,,,0,,,0,6,match,1,1,False,sacks;fum_rec;blocked_kicks;def_fum_td,PFR
New Orleans Saints,NOR,1981,1,1981-09-06,False,ATL,A,L,0,27,,2,,0,,,,0,,,0,4,match,2,2,False,sacks;fum_rec;blocked_kicks;def_fum_td,PFR
New Orleans Saints,NOR,1981,2,1981-09-13,False,RAM,H,W,23,17,,2,,0,,,,0,,,0,5,match,2,2,False,sacks;fum_rec;blocked_kicks;def_fum_td,PFR
New Orleans Saints,NOR,1981,3,1981-09-20,False,NYG,A,L,7,20,,0,,0,,,,0,,,0,1,match,0,0,False,sacks;fum_rec;blocked_kicks;def_fum_td,PFR
New Orleans Saints,NOR,1981,4,1981-09-27,False,SFO,A,L,14,21,,1,,0,,,,0,,,0,2,match,1,1,False,sacks;fum_rec;blocked_kicks;def_fum_td,PFR
New Orleans Saints,NOR,1981,5,1981-10-04,False,PIT,H,L,6,20,,0,,0,,,,0,,,0,1,match,0,0,False,sacks;fum_rec;blocked_kicks;def_fum_td,PFR
New Orleans Saints,NOR,1981,6,1981-10-11,False,PHI,H,L,14,31,,2,,0,,,,0,,,0,3,match,2,2,False,sacks;fum_rec;blocked_kicks;def_fum_td,PFR
New Orleans Saints,NOR,1981,7,1981-10-18,False,CLE,A,L,17,20,,0,,0,,,,0,,,0,1,match,0,0,False,sacks;fum_rec;blocked_kicks;def_fum_td,PFR
New Orleans Saints,NOR,1981,8,1981-10-25,False,CIN,H,W,17,7,,1,,0,,,,0,,,0,6,match,1,1,False,sacks;fum_rec;blocked_kicks;def_fum_td,PFR
New Orleans Saints,NOR,1981,9,1981-11-01,False,ATL,H,L,10,41,,1,,0,,,,0,,,0,-2,match,1,1,False,sacks;fum_rec;blocked_kicks;def_fum_td,PFR
New Orleans Saints,NOR,1981,10,1981-11-08,False,RAM,A,W,21,13,,4,,0,,,,0,,,0,12,match,4,4,False,sacks;fum_rec;blocked_kicks;def_fum_td,PFR
New Orleans Saints,NOR,1981,11,1981-11-15,False,MIN,A,L,10,20,,0,,0,,,,0,,,0,1,match,0,0,False,sacks;fum_rec;blocked_kicks;def_fum_td,PFR
New Orleans Saints,NOR,1981,12,1981-11-22,False,HOU,A,W,27,24,,1,,0,,,,0,,,0,2,match,1,1,False,sacks;fum_rec;blocked_kicks;def_fum_td,PFR
New Orleans Saints,NOR,1981,13,1981-11-29,False,TAM,H,L,14,31,,1,,0,,,,0,,,0,1,match,1,1,False,sacks;fum_rec;blocked_kicks;def_fum_td,PFR
New Orleans Saints,NOR,1981,14,1981-12-06,False,STL,A,L,3,30,,1,,0,,,,0,,,0,1,match,1,1,False,sacks;fum_rec;blocked_kicks;def_fum_td,PFR
New Orleans Saints,NOR,1981,15,1981-12-13,False,GNB,H,L,7,35,,0,,0,,,,0,,,0,-4,match,0,0,False,sacks;fum_rec;blocked_kicks;def_fum_td,PFR
New Orleans Saints,NOR,1981,16,1981-12-20,False,SFO,H,L,17,21,,1,,0,,,,0,,,0,2,match,1,1,False,sacks;fum_rec;blocked_kicks;def_fum_td,PFR
New England Patriots,NWE,1981,1,1981-09-06,False,BAL,H,L,28,29,,0,,0,,,,0,,,0,-1,match,0,0,False,sacks;fum_rec;blocked_kicks;def_fum_td,PFR
New England Patriots,NWE,1981,2,1981-09-13,False,PHI,A,L,3,13,,0,,0,,,,0,,,0,4,match,0,0,False,sacks;fum_rec;blocked_kicks;def_fum_td,PFR
New England Patriots,NWE,1981,3,1981-09-21,False,DAL,H,L,21,35,,0,,0,,,,0,,,0,-4,match,0,0,False,sacks;fum_rec;blocked_kicks;def_fum_td,PFR
New England Patriots,NWE,1981,4,1981-09-27,False,PIT,A,L,21,27,,0,,0,,,,0,,,0,0,match,0,0,False,sacks;fum_rec;blocked_kicks;def_fum_td,PFR
New England Patriots,NWE,1981,5,1981-10-04,False,KAN,H,W,33,17,,4,,0,,,,0,,,0,9,match,4,4,False,sacks;fum_rec;blocked_kicks;def_fum_td,PFR
New England Patriots,NWE,1981,6,1981-10-11,False,NYJ,A,L,24,28,,1,,0,,,,0,,,0,1,match,1,1,False,sacks;fum_rec;blocked_kicks;def_fum_td,PFR
New England Patriots,NWE,1981,7,1981-10-18,False,HOU,H,W,38,10,,4,,0,,,,0,,,0,12,match,4,4,False,sacks;fum_rec;blocked_kicks;def_fum_td,PFR
New England Patriots,NWE,1981,8,1981-10-25,False,WAS,A,L,22,24,,0,,0,,,,0,,,0,0,match,0,0,False,sacks;fum_rec;blocked_kicks;def_fum_td,PFR
New England Patriots,NWE,1981,9,1981-11-01,False,OAK,A,L,17,27,,1,,0,,,,0,,,0,2,match,1,1,False,sacks;fum_rec;blocked_kicks;def_fum_td,PFR
New England Patriots,NWE,1981,10,1981-11-08,False,MIA,H,L,27,30,,2,,0,,,,0,,,0,3,match,2,2,False,sacks;fum_rec;blocked_kicks;def_fum_td,PFR
New England Patriots,NWE,1981,11,1981-11-15,False,NYJ,H,L,6,17,,1,,0,,,,0,,,0,3,match,1,1,False,sacks;fum_rec;blocked_kicks;def_fum_td,PFR
New England Patriots,NWE,1981,12,1981-11-22,False,BUF,A,L,17,20,,1,,0,,,,0,,,0,3,match,1,1,False,sacks;fum_rec;blocked_kicks;def_fum_td,PFR
New England Patriots,NWE,1981,13,1981-11-29,False,STL,H,L,20,27,,0,,0,,,,0,,,0,0,match,0,0,False,sacks;fum_rec;blocked_kicks;def_fum_td,PFR
New England Patriots,NWE,1981,14,1981-12-06,False,MIA,A,L,14,24,,1,,0,,,,0,,,0,2,match,1,1,False,sacks;fum_rec;blocked_kicks;def_fum_td,PFR
New England Patriots,NWE,1981,15,1981-12-13,False,BUF,H,L,10,19,,0,,0,,,,0,,,0,1,match,0,0,False,sacks;fum_rec;blocked_kicks;def_fum_td,PFR
New England Patriots,NWE,1981,16,1981-12-20,False,BAL,A,L,21,23,,1,,0,,,,0,,,0,2,match,1,1,False,sacks;fum_rec;blocked_kicks;def_fum_td,PFR
New York Giants,NYG,1981,1,1981-09-06,False,PHI,H,L,10,24,,1,,0,,,,0,,,0,2,match,1,1,False,sacks;fum_rec;blocked_kicks;def_fum_td,PFR
New York Giants,NYG,1981,2,1981-09-13,False,WAS,A,W,17,7,,1,,0,,,,0,,,0,6,match,1,1,False,sacks;fum_rec;blocked_kicks;def_fum_td,PFR
New York Giants,NYG,1981,3,1981-09-20,False,NOR,H,W,20,7,,2,,0,,,,0,,,0,8,match,2,2,False,sacks;fum_rec;blocked_kicks;def_fum_td,PFR
New York Giants,NYG,1981,4,1981-09-27,False,DAL,A,L,10,18,,0,,0,,,,0,,,0,1,match,0,0,False,sacks;fum_rec;blocked_kicks;def_fum_td,PFR
New York Giants,NYG,1981,5,1981-10-04,False,GNB,H,L,14,27,,1,,0,,,,0,,,0,2,match,1,1,False,sacks;fum_rec;blocked_kicks;def_fum_td,PFR
New York Giants,NYG,1981,6,1981-10-11,False,STL,H,W,34,14,,1,,0,,,,0,,,0,3,match,1,1,False,sacks;fum_rec;blocked_kicks;def_fum_td,PFR
New York Giants,NYG,1981,7,1981-10-18,False,SEA,A,W,32,0,,2,,0,,,,0,,,0,14,match,2,2,False,sacks;fum_rec;blocked_kicks;def_fum_td,PFR
New York Giants,NYG,1981,8,1981-10-25,False,ATL,A,W,27,24,,1,,0,,,,0,,,0,2,match,1,1,False,sacks;fum_rec;blocked_kicks;def_fum_td,PFR
New York Giants,NYG,1981,9,1981-11-01,False,NYJ,H,L,7,26,,0,,0,,,,0,,,0,0,match,0,0,False,sacks;fum_rec;blocked_kicks;def_fum_td,PFR
New York Giants,NYG,1981,10,1981-11-08,False,GNB,A,L,24,26,,2,,0,,,,0,,,0,4,match,2,2,False,sacks;fum_rec;blocked_kicks;def_fum_td,PFR
New York Giants,NYG,1981,11,1981-11-15,False,WAS,H,L,27,30,,1,,0,,,,0,,,0,1,match,1,1,False,sacks;fum_rec;blocked_kicks;def_fum_td,PFR
New York Giants,NYG,1981,12,1981-11-22,False,PHI,A,W,20,10,,1,,0,,,,0,,,0,6,match,1,1,False,sacks;fum_rec;blocked_kicks;def_fum_td,PFR
New York Giants,NYG,1981,13,1981-11-29,False,SFO,A,L,10,17,,0,,0,,,,0,,,0,1,match,0,0,False,sacks;fum_rec;blocked_kicks;def_fum_td,PFR
New York Giants,NYG,1981,14,1981-12-06,False,RAM,H,W,10,7,,1,,0,,,,0,,,0,6,match,1,1,False,sacks;fum_rec;blocked_kicks;def_fum_td,PFR
New York Giants,NYG,1981,15,1981-12-13,False,STL,A,W,20,10,,2,,0,,,,0,,,0,8,match,2,2,False,sacks;fum_rec;blocked_kicks;def_fum_td,PFR
New York Giants,NYG,1981,16,1981-12-19,False,DAL,H,W,13,10,,1,,0,,,,0,,,0,6,match,1,1,False,sacks;fum_rec;blocked_kicks;def_fum_td,PFR
New York Giants,NYG,1981,17,1981-12-27,True,PHI,A,W,27,21,,0,,0,,,,0,,,0,0,match,0,0,False,sacks;fum_rec;blocked_kicks;def_fum_td,PFR
New York Giants,NYG,1981,18,1982-01-03,True,SFO,A,L,24,38,,1,,0,,,,0,,,0,-2,match,1,1,False,sacks;fum_rec;blocked_kicks;def_fum_td,PFR
New York Jets,NYJ,1981,1,1981-09-06,False,BUF,A,L,0,31,,1,,0,,,,0,,,0,1,match,1,1,False,sacks;fum_rec;blocked_kicks;def_fum_td,PFR
New York Jets,NYJ,1981,2,1981-09-13,False,CIN,H,L,30,31,,1,,0,,,,0,,,0,1,match,1,1,False,sacks;fum_rec;blocked_kicks;def_fum_td,PFR
New York Jets,NYJ,1981,3,1981-09-20,False,PIT,A,L,10,38,,0,,0,,,,0,,,0,-4,match,0,0,False,sacks;fum_rec;blocked_kicks;def_fum_td,PFR
New York Jets,NYJ,1981,4,1981-09-27,False,HOU,H,W,33,17,,3,,0,,,,0,,,0,7,match,3,3,False,sacks;fum_rec;blocked_kicks;def_fum_td,PFR
New York Jets,NYJ,1981,5,1981-10-04,False,MIA,A,T,28,28,,0,,0,,,,0,,,0,-1,match,0,0,False,sacks;fum_rec;blocked_kicks;def_fum_td,PFR
New York Jets,NYJ,1981,6,1981-10-11,False,NWE,H,W,28,24,,4,,0,,,,0,,,0,8,match,4,4,False,sacks;fum_rec;blocked_kicks;def_fum_td,PFR
New York Jets,NYJ,1981,7,1981-10-18,False,BUF,H,W,33,14,,2,,0,,,,0,,,0,5,match,2,2,False,sacks;fum_rec;blocked_kicks;def_fum_td,PFR
New York Jets,NYJ,1981,8,1981-10-25,False,SEA,H,L,3,19,,0,,0,,,,0,,,0,1,match,0,0,False,sacks;fum_rec;blocked_kicks;def_fum_td,PFR
New York Jets,NYJ,1981,9,1981-11-01,False,NYG,A,W,26,7,,1,,0,,,,0,,,0,6,match,1,1,False,sacks;fum_rec;blocked_kicks;def_fum_td,PFR
New York Jets,NYJ,1981,10,1981-11-08,False,BAL,A,W,41,14,,1,,0,,,,0,,,0,3,match,1,1,False,sacks;fum_rec;blocked_kicks;def_fum_td,PFR
New York Jets,NYJ,1981,11,1981-11-15,False,NWE,A,W,17,6,,1,,0,,,,0,,,0,9,match,1,1,False,sacks;fum_rec;blocked_kicks;def_fum_td,PFR
New York Jets,NYJ,1981,12,1981-11-22,False,MIA,H,W,16,15,,2,,0,,,,0,,,0,5,match,2,2,False,sacks;fum_rec;blocked_kicks;def_fum_td,PFR
New York Jets,NYJ,1981,13,1981-11-29,False,BAL,H,W,25,0,,1,,0,,,,0,,,0,12,match,1,1,False,sacks;fum_rec;blocked_kicks;def_fum_td,PFR
New York Jets,NYJ,1981,14,1981-12-06,False,SEA,A,L,23,27,,3,,0,,,,0,,,0,6,match,3,3,False,sacks;fum_rec;blocked_kicks;def_fum_td,PFR
New York Jets,NYJ,1981,15,1981-12-12,False,CLE,A,W,14,13,,0,,0,,,,0,,,0,4,match,0,0,False,sacks;fum_rec;blocked_kicks;def_fum_td,PFR
New York Jets,NYJ,1981,16,1981-12-20,False,GNB,H,W,28,3,,1,,0,,,,0,,,0,9,match,1,1,False,sacks;fum_rec;blocked_kicks;def_fum_td,PFR
New York Jets,NYJ,1981,17,1981-12-27,True,BUF,H,L,27,31,,4,,0,,,,0,,,0,7,match,4,4,False,sacks;fum_rec;blocked_kicks;def_fum_td,PFR
Oakland Raiders,OAK,1981,1,1981-09-06,False,DEN,A,L,7,9,,0,,0,,,,0,,,0,4,match,0,0,False,sacks;fum_rec;blocked_kicks;def_fum_td,PFR
Oakland Raiders,OAK,1981,2,1981-09-14,False,MIN,A,W,36,10,,1,,0,,,,0,,,0,6,match,1,1,False,sacks;fum_rec;blocked_kicks;def_fum_td,PFR
Oakland Raiders,OAK,1981,3,1981-09-20,False,SEA,H,W,20,10,,1,,0,,,,0,,,0,6,match,1,1,False,sacks;fum_rec;blocked_kicks;def_fum_td,PFR
Oakland Raiders,OAK,1981,4,1981-09-27,False,DET,A,L,0,16,,2,,0,,,,0,,,0,5,match,2,2,False,sacks;fum_rec;blocked_kicks;def_fum_td,PFR
Oakland Raiders,OAK,1981,5,1981-10-04,False,DEN,H,L,0,17,,0,,0,,,,0,,,0,1,match,0,0,False,sacks;fum_rec;blocked_kicks;def_fum_td,PFR
Oakland Raiders,OAK,1981,6,1981-10-11,False,KAN,A,L,0,27,,0,,0,,,,0,,,0,0,match,0,0,False,sacks;fum_rec;blocked_kicks;def_fum_td,PFR
Oakland Raiders,OAK,1981,7,1981-10-18,False,TAM,H,W,18,16,,0,,0,,,,0,,,0,1,match,0,0,False,sacks;fum_rec;blocked_kicks;def_fum_td,PFR
Oakland Raiders,OAK,1981,8,1981-10-25,False,KAN,H,L,17,28,,3,,0,,,,0,,,0,5,match,3,3,False,sacks;fum_rec;blocked_kicks;def_fum_td,PFR
Oakland Raiders,OAK,1981,9,1981-11-01,False,NWE,H,W,27,17,,1,,0,,,,0,,,0,3,match,1,1,False,sacks;fum_rec;blocked_kicks;def_fum_td,PFR
Oakland Raiders,OAK,1981,10,1981-11-08,False,HOU,A,L,16,17,,0,,0,,,,0,,,0,1,match,0,0,False,sacks;fum_rec;blocked_kicks;def_fum_td,PFR
Oakland Raiders,OAK,1981,11,1981-11-15,False,MIA,A,W,33,17,,1,,0,,,,0,,,0,3,match,1,1,False,sacks;fum_rec;blocked_kicks;def_fum_td,PFR
Oakland Raiders,OAK,1981,12,1981-11-22,False,SDG,H,L,21,55,,1,,0,,,,0,,,0,-2,match,1,1,False,sacks;fum_rec;blocked_kicks;def_fum_td,PFR
Oakland Raiders,OAK,1981,13,1981-11-29,False,SEA,A,W,32,31,,0,,0,,,,0,,,0,-1,match,0,0,False,sacks;fum_rec;blocked_kicks;def_fum_td,PFR
Oakland Raiders,OAK,1981,14,1981-12-07,False,PIT,H,W,30,27,,2,,0,,,,0,,,1,10,match,2,2,False,sacks;fum_rec;blocked_kicks;def_fum_td,PFR
Oakland Raiders,OAK,1981,15,1981-12-13,False,CHI,H,L,6,23,,1,,0,,,,0,,,0,2,match,1,1,False,sacks;fum_rec;blocked_kicks;def_fum_td,PFR
Oakland Raiders,OAK,1981,16,1981-12-21,False,SDG,A,L,10,23,,0,,0,,,,0,,,0,0,match,0,0,False,sacks;fum_rec;blocked_kicks;def_fum_td,PFR
Philadelphia Eagles,PHI,1981,1,1981-09-06,False,NYG,A,W,24,10,,0,,0,,,,0,,,0,4,match,0,0,False,sacks;fum_rec;blocked_kicks;def_fum_td,PFR
Philadelphia Eagles,PHI,1981,2,1981-09-13,False,NWE,H,W,13,3,,5,,0,,,,0,,,0,17,match,5,5,False,sacks;fum_rec;blocked_kicks;def_fum_td,PFR
Philadelphia Eagles,PHI,1981,3,1981-09-17,False,BUF,A,W,20,14,,2,,0,,,,0,,,0,5,match,2,2,False,sacks;fum_rec;blocked_kicks;def_fum_td,PFR
Philadelphia Eagles,PHI,1981,4,1981-09-27,False,WAS,H,W,36,13,,1,,0,,,,0,,,0,6,match,1,1,False,sacks;fum_rec;blocked_kicks;def_fum_td,PFR
Philadelphia Eagles,PHI,1981,5,1981-10-05,False,ATL,H,W,16,13,,2,,0,,,,0,,,0,8,match,2,2,False,sacks;fum_rec;blocked_kicks;def_fum_td,PFR
Philadelphia Eagles,PHI,1981,6,1981-10-11,False,NOR,A,W,31,14,,1,,0,,,,0,,,0,3,match,1,1,False,sacks;fum_rec;blocked_kicks;def_fum_td,PFR
Philadelphia Eagles,PHI,1981,7,1981-10-18,False,MIN,A,L,23,35,,0,,0,,,,0,,,0,-4,match,0,0,False,sacks;fum_rec;blocked_kicks;def_fum_td,PFR
Philadelphia Eagles,PHI,1981,8,1981-10-25,False,TAM,H,W,20,10,,3,,0,,,,0,,,0,10,match,3,3,False,sacks;fum_rec;blocked_kicks;def_fum_td,PFR
Philadelphia Eagles,PHI,1981,9,1981-11-01,False,DAL,H,L,14,17,,2,,0,,,,0,,,0,5,match,2,2,False,sacks;fum_rec;blocked_kicks;def_fum_td,PFR
Philadelphia Eagles,PHI,1981,10,1981-11-08,False,STL,A,W,52,10,,2,,0,,,,0,,,0,8,match,2,2,False,sacks;fum_rec;blocked_kicks;def_fum_td,PFR
Philadelphia Eagles,PHI,1981,11,1981-11-15,False,BAL,H,W,38,13,,1,,0,,,,0,,,0,6,match,1,1,False,sacks;fum_rec;blocked_kicks;def_fum_td,PFR
Philadelphia Eagles,PHI,1981,12,1981-11-22,False,NYG,H,L,10,20,,2,,0,,,,0,,,0,5,match,2,2,False,sacks;fum_rec;blocked_kicks;def_fum_td,PFR
Philadelphia Eagles,PHI,1981,13,1981-11-30,False,MIA,A,L,10,13,,0,,0,,,,0,,,0,4,match,0,0,False,sacks;fum_rec;blocked_kicks;def_fum_td,PFR
Philadelphia Eagles,PHI,1981,14,1981-12-06,False,WAS,A,L,13,15,,2,,0,,,,0,,,0,5,match,2,2,False,sacks;fum_rec;blocked_kicks;def_fum_td,PFR
Philadelphia Eagles,PHI,1981,15,1981-12-13,False,DAL,A,L,10,21,,0,,0,,,,0,,,0,0,match,0,0,False,sacks;fum_rec;blocked_kicks;def_fum_td,PFR
Philadelphia Eagles,PHI,1981,16,1981-12-20,False,STL,H,W,38,0,,3,,0,,,,0,,,0,16,match,3,3,False,sacks;fum_rec;blocked_kicks;def_fum_td,PFR
Philadelphia Eagles,PHI,1981,17,1981-12-27,True,NYG,H,L,21,27,,1,,0,,,,0,,,0,2,match,1,1,False,sacks;fum_rec;blocked_kicks;def_fum_td,PFR
Pittsburgh Steelers,PIT,1981,1,1981-09-06,False,KAN,H,L,33,37,,1,,0,,,,0,,,0,-2,match,1,1,False,sacks;fum_rec;blocked_kicks;def_fum_td,PFR
Pittsburgh Steelers,PIT,1981,2,1981-09-10,False,MIA,A,L,10,30,,1,,0,,,,0,,,0,1,match,1,1,False,sacks;fum_rec;blocked_kicks;def_fum_td,PFR
Pittsburgh Steelers,PIT,1981,3,1981-09-20,False,NYJ,H,W,38,10,,2,,0,,,,0,,,0,8,match,2,2,False,sacks;fum_rec;blocked_kicks;def_fum_td,PFR
Pittsburgh Steelers,PIT,1981,4,1981-09-27,False,NWE,H,W,27,21,,1,,0,,,,0,,,0,2,match,1,1,False,sacks;fum_rec;blocked_kicks;def_fum_td,PFR
Pittsburgh Steelers,PIT,1981,5,1981-10-04,False,NOR,A,W,20,6,,4,,0,,,,0,,,0,15,match,4,4,False,sacks;fum_rec;blocked_kicks;def_fum_td,PFR
Pittsburgh Steelers,PIT,1981,6,1981-10-11,False,CLE,H,W,13,7,,2,,0,,,,0,,,0,8,match,2,2,False,sacks;fum_rec;blocked_kicks;def_fum_td,PFR
Pittsburgh Steelers,PIT,1981,7,1981-10-18,False,CIN,A,L,7,34,,0,,0,,,,0,,,0,-1,match,0,0,False,sacks;fum_rec;blocked_kicks;def_fum_td,PFR
Pittsburgh Steelers,PIT,1981,8,1981-10-26,False,HOU,H,W,26,13,,1,,0,,,,0,,,0,6,match,1,1,False,sacks;fum_rec;blocked_kicks;def_fum_td,PFR
Pittsburgh Steelers,PIT,1981,9,1981-11-01,False,SFO,H,L,14,17,,2,,0,,,,0,,,0,5,match,2,2,False,sacks;fum_rec;blocked_kicks;def_fum_td,PFR
Pittsburgh Steelers,PIT,1981,10,1981-11-08,False,SEA,A,L,21,24,,0,,0,,,,0,,,0,0,match,0,0,False,sacks;fum_rec;blocked_kicks;def_fum_td,PFR
Pittsburgh Steelers,PIT,1981,11,1981-11-15,False,ATL,A,W,34,20,,2,,0,,,,0,,,0,5,match,2,2,False,sacks;fum_rec;blocked_kicks;def_fum_td,PFR
Pittsburgh Steelers,PIT,1981,12,1981-11-22,False,CLE,A,W,32,10,,6,,0,,,,0,,,0,16,match,6,6,False,sacks;fum_rec;blocked_kicks;def_fum_td,PFR
Pittsburgh Steelers,PIT,1981,13,1981-11-29,False,RAM,H,W,24,0,,4,,0,,,,0,,,0,18,match,4,4,False,sacks;fum_rec;blocked_kicks;def_fum_td,PFR
Pittsburgh Steelers,PIT,1981,14,1981-12-07,False,OAK,A,L,27,30,,1,,0,,,,0,,,0,1,match,1,1,False,sacks;fum_rec;blocked_kicks;def_fum_td,PFR
Pittsburgh Steelers,PIT,1981,15,1981-12-13,False,CIN,H,L,10,17,,1,,0,,,,0,,,0,3,match,1,1,False,sacks;fum_rec;blocked_kicks;def_fum_td,PFR
Pittsburgh Steelers,PIT,1981,16,1981-12-20,False,HOU,A,L,20,21,,2,,0,,,,0,,,0,4,match,2,2,False,sacks;fum_rec;blocked_kicks;def_fum_td,PFR
Los Angeles Rams,RAM,1981,1,1981-09-06,False,HOU,H,L,20,27,,0,,0,,,,0,,,0,0,match,0,0,False,sacks;fum_rec;blocked_kicks;def_fum_td,PFR
Los Angeles Rams,RAM,1981,2,1981-09-13,False,NOR,A,L,17,23,,3,,0,,,,0,,,0,6,match,3,3,False,sacks;fum_rec;blocked_kicks;def_fum_td,PFR
Los Angeles Rams,RAM,1981,3,1981-09-20,False,GNB,H,W,35,23,,1,,0,,,,0,,,0,2,match,1,1,False,sacks;fum_rec;blocked_kicks;def_fum_td,PFR
Los Angeles Rams,RAM,1981,4,1981-09-28,False,CHI,A,W,24,7,,1,,0,,,,0,,,1,12,match,1,1,False,sacks;fum_rec;blocked_kicks;def_fum_td,PFR
Los Angeles Rams,RAM,1981,5,1981-10-04,False,CLE,H,W,27,16,,1,,0,,,,0,,,0,3,match,1,1,False,sacks;fum_rec;blocked_kicks;def_fum_td,PFR
Los Angeles Rams,RAM,1981,6,1981-10-11,False,ATL,A,W,37,35,,2,,0,,,,0,,,2,12,match,2,2,False,sacks;fum_rec;blocked_kicks;def_fum_td,PFR
Los Angeles Rams,RAM,1981,7,1981-10-18,False,DAL,A,L,17,29,,2,,0,,,,0,,,0,3,match,2,2,False,sacks;fum_rec;blocked_kicks;def_fum_td,PFR
Los Angeles Rams,RAM,1981,8,1981-10-25,False,SFO,A,L,17,20,,0,,0,,,,0,,,0,1,match,0,0,False,sacks;fum_rec;blocked_kicks;def_fum_td,PFR
Los Angeles Rams,RAM,1981,9,1981-11-01,False,DET,H,W,20,13,,2,,0,,,,0,,,0,8,match,2,2,False,sacks;fum_rec;blocked_kicks;def_fum_td,PFR
Los Angeles Rams,RAM,1981,10,1981-11-08,False,NOR,H,L,13,21,,0,,0,,,,0,,,0,0,match,0,0,False,sacks;fum_rec;blocked_kicks;def_fum_td,PFR
Los Angeles Rams,RAM,1981,11,1981-11-15,False,CIN,A,L,10,24,,1,,0,,,,0,,,0,2,match,1,1,False,sacks;fum_rec;blocked_kicks;def_fum_td,PFR
Los Angeles Rams,RAM,1981,12,1981-11-22,False,SFO,H,L,31,33,,1,,0,,,,0,,,0,1,match,1,1,False,sacks;fum_rec;blocked_kicks;def_fum_td,PFR
Los Angeles Rams,RAM,1981,13,1981-11-29,False,PIT,A,L,0,24,,0,,0,,,,0,,,0,0,match,0,0,False,sacks;fum_rec;blocked_kicks;def_fum_td,PFR
Los Angeles Rams,RAM,1981,14,1981-12-06,False,NYG,A,L,7,10,,0,,0,,,,0,,,0,4,match,0,0,False,sacks;fum_rec;blocked_kicks;def_fum_td,PFR
Los Angeles Rams,RAM,1981,15,1981-12-14,False,ATL,H,W,21,16,,2,,0,,,,0,,,0,5,match,2,2,False,sacks;fum_rec;blocked_kicks;def_fum_td,PFR
Los Angeles Rams,RAM,1981,16,1981-12-20,False,WAS,H,L,7,30,,1,,0,,,,0,,,0,1,match,1,1,False,sacks;fum_rec;blocked_kicks;def_fum_td,PFR
San Diego Chargers,SDG,1981,1,1981-09-07,False,CLE,A,W,44,14,,2,,0,,,,0,,,0,5,match,2,2,False,sacks;fum_rec;blocked_kicks;def_fum_td,PFR
San Diego Chargers,SDG,1981,2,1981-09-13,False,DET,H,W,28,23,,1,,0,,,,0,,,0,2,match,1,1,False,sacks;fum_rec;blocked_kicks;def_fum_td,PFR
San Diego Chargers,SDG,1981,3,1981-09-20,False,KAN,A,W,42,31,,5,,0,,,,0,,,0,9,match,5,5,False,sacks;fum_rec;blocked_kicks;def_fum_td,PFR
San Diego Chargers,SDG,1981,4,1981-09-27,False,DEN,A,L,24,42,,0,,0,,,,0,,,0,-4,match,0,0,False,sacks;fum_rec;blocked_kicks;def_fum_td,PFR
San Diego Chargers,SDG,1981,5,1981-10-04,False,SEA,H,W,24,10,,1,,0,,,,0,,,0,6,match,1,1,False,sacks;fum_rec;blocked_kicks;def_fum_td,PFR
San Diego Chargers,SDG,1981,6,1981-10-11,False,MIN,H,L,31,33,,2,,0,,,,0,,,0,3,match,2,2,False,sacks;fum_rec;blocked_kicks;def_fum_td,PFR
San Diego Chargers,SDG,1981,7,1981-10-18,False,BAL,A,W,43,14,,2,,0,,,,0,,,0,5,match,2,2,False,sacks;fum_rec;blocked_kicks;def_fum_td,PFR
San Diego Chargers,SDG,1981,8,1981-10-25,False,CHI,A,L,17,20,,0,,0,,,,0,,,0,1,match,0,0,False,sacks;fum_rec;blocked_kicks;def_fum_td,PFR
San Diego Chargers,SDG,1981,9,1981-11-01,False,KAN,H,W,22,20,,0,,0,,,,0,,,0,1,match,0,0,False,sacks;fum_rec;blocked_kicks;def_fum_td,PFR
San Diego Chargers,SDG,1981,10,1981-11-08,False,CIN,H,L,17,40,,1,,0,,,,0,,,0,-2,match,1,1,False,sacks;fum_rec;blocked_kicks;def_fum_td,PFR
San Diego Chargers,SDG,1981,11,1981-11-16,False,SEA,A,L,23,44,,0,,0,,,,0,,,0,-4,match,0,0,False,sacks;fum_rec;blocked_kicks;def_fum_td,PFR
San Diego Chargers,SDG,1981,12,1981-11-22,False,OAK,A,W,55,21,,3,,0,,,,0,,,0,6,match,3,3,False,sacks;fum_rec;blocked_kicks;def_fum_td,PFR
San Diego Chargers,SDG,1981,13,1981-11-29,False,DEN,H,W,34,17,,3,,0,,,,0,,,0,7,match,3,3,False,sacks;fum_rec;blocked_kicks;def_fum_td,PFR
San Diego Chargers,SDG,1981,14,1981-12-06,False,BUF,H,L,27,28,,0,,0,,,,0,,,0,-1,match,0,0,False,sacks;fum_rec;blocked_kicks;def_fum_td,PFR
San Diego Chargers,SDG,1981,15,1981-12-13,False,TAM,A,W,24,23,,2,,0,,,,0,,,0,4,match,2,2,False,sacks;fum_rec;blocked_kicks;def_fum_td,PFR
San Diego Chargers,SDG,1981,16,1981-12-21,False,OAK,H,W,23,10,,1,,0,,,,0,,,0,6,match,1,1,False,sacks;fum_rec;blocked_kicks;def_fum_td,PFR
San Diego Chargers,SDG,1981,17,1982-01-02,True,MIA,A,W,41,38,,2,,0,,,,0,,,1,6,match,2,2,False,sacks;fum_rec;blocked_kicks;def_fum_td,PFR
San Diego Chargers,SDG,1981,18,1982-01-10,True,CIN,A,L,7,27,,0,,0,,,,0,,,0,0,match,0,0,False,sacks;fum_rec;blocked_kicks;def_fum_td,PFR
Seattle Seahawks,SEA,1981,1,1981-09-06,False,CIN,A,L,21,27,,2,,0,,,,0,,,0,4,match,2,2,False,sacks;fum_rec;blocked_kicks;def_fum_td,PFR
Seattle Seahawks,SEA,1981,2,1981-09-13,False,DEN,H,W,13,10,,1,,0,,,,0,,,0,6,match,1,1,False,sacks;fum_rec;blocked_kicks;def_fum_td,PFR
Seattle Seahawks,SEA,1981,3,1981-09-20,False,OAK,A,L,10,20,,2,,0,,,,0,,,0,5,match,2,2,False,sacks;fum_rec;blocked_kicks;def_fum_td,PFR
Seattle Seahawks,SEA,1981,4,1981-09-27,False,KAN,H,L,14,20,,0,,0,,,,0,,,0,1,match,0,0,False,sacks;fum_rec;blocked_kicks;def_fum_td,PFR
Seattle Seahawks,SEA,1981,5,1981-10-04,False,SDG,A,L,10,24,,0,,0,,,,0,,,0,0,match,0,0,False,sacks;fum_rec;blocked_kicks;def_fum_td,PFR
Seattle Seahawks,SEA,1981,6,1981-10-11,False,HOU,A,L,17,35,,0,,0,,,,0,,,0,-4,match,0,0,False,sacks;fum_rec;blocked_kicks;def_fum_td,PFR
Seattle Seahawks,SEA,1981,7,1981-10-18,False,NYG,H,L,0,32,,1,,0,,,,0,,,0,1,match,1,1,False,sacks;fum_rec;blocked_kicks;def_fum_td,PFR
Seattle Seahawks,SEA,1981,8,1981-10-25,False,NYJ,A,W,19,3,,2,,0,,,,0,,,0,11,match,2,2,False,sacks;fum_rec;blocked_kicks;def_fum_td,PFR
Seattle Seahawks,SEA,1981,9,1981-11-01,False,GNB,A,L,24,34,,2,,0,,,,0,,,0,3,match,2,2,False,sacks;fum_rec;blocked_kicks;def_fum_td,PFR
Seattle Seahawks,SEA,1981,10,1981-11-08,False,PIT,H,W,24,21,,2,,0,,,,0,,,0,4,match,2,2,False,sacks;fum_rec;blocked_kicks;def_fum_td,PFR
Seattle Seahawks,SEA,1981,11,1981-11-16,False,SDG,H,W,44,23,,1,,0,,,,0,,,0,2,match,1,1,False,sacks;fum_rec;blocked_kicks;def_fum_td,PFR
Seattle Seahawks,SEA,1981,12,1981-11-22,False,KAN,A,L,13,40,,0,,0,,,,0,,,0,-4,match,0,0,False,sacks;fum_rec;blocked_kicks;def_fum_td,PFR
Seattle Seahawks,SEA,1981,13,1981-11-29,False,OAK,H,L,31,32,,1,,0,,,,0,,,0,1,match,1,1,False,sacks;fum_rec;blocked_kicks;def_fum_td,PFR
Seattle Seahawks,SEA,1981,14,1981-12-06,False,NYJ,H,W,27,23,,2,,0,,,,0,,,0,4,match,2,2,False,sacks;fum_rec;blocked_kicks;def_fum_td,PFR
Seattle Seahawks,SEA,1981,15,1981-12-13,False,DEN,A,L,13,23,,2,,0,,,,0,,,0,4,match,2,2,False,sacks;fum_rec;blocked_kicks;def_fum_td,PFR
Seattle Seahawks,SEA,1981,16,1981-12-20,False,CLE,H,W,42,21,,3,,0,,,,0,,,0,6,match,3,3,False,sacks;fum_rec;blocked_kicks;def_fum_td,PFR
San Francisco 49ers,SFO,1981,1,1981-09-06,False,DET,A,L,17,24,,1,,0,,,,0,,,0,2,match,1,1,False,sacks;fum_rec;blocked_kicks;def_fum_td,PFR
San Francisco 49ers,SFO,1981,2,1981-09-13,False,CHI,H,W,28,17,,1,,0,,,,0,,,0,3,match,1,1,False,sacks;fum_rec;blocked_kicks;def_fum_td,PFR
San Francisco 49ers,SFO,1981,3,1981-09-20,False,ATL,A,L,17,34,,0,,0,,,,0,,,0,-1,match,0,0,False,sacks;fum_rec;blocked_kicks;def_fum_td,PFR
San Francisco 49ers,SFO,1981,4,1981-09-27,False,NOR,H,W,21,14,,2,,0,,,,0,,,0,5,match,2,2,False,sacks;fum_rec;blocked_kicks;def_fum_td,PFR
San Francisco 49ers,SFO,1981,5,1981-10-04,False,WAS,A,W,30,17,,4,,0,,,,0,,,0,9,match,4,4,False,sacks;fum_rec;blocked_kicks;def_fum_td,PFR
San Francisco 49ers,SFO,1981,6,1981-10-11,False,DAL,H,W,45,14,,2,,0,,,,0,,,0,5,match,2,2,False,sacks;fum_rec;blocked_kicks;def_fum_td,PFR
San Francisco 49ers,SFO,1981,7,1981-10-18,False,GNB,A,W,13,3,,1,,0,,,,0,,,0,9,match,1,1,False,sacks;fum_rec;blocked_kicks;def_fum_td,PFR
San Francisco 49ers,SFO,1981,8,1981-10-25,False,RAM,H,W,20,17,,1,,0,,,,0,,,0,3,match,1,1,False,sacks;fum_rec;blocked_kicks;def_fum_td,PFR
San Francisco 49ers,SFO,1981,9,1981-11-01,False,PIT,A,W,17,14,,3,,0,,,,0,,,0,7,match,3,3,False,sacks;fum_rec;blocked_kicks;def_fum_td,PFR
San Francisco 49ers,SFO,1981,10,1981-11-08,False,ATL,H,W,17,14,,3,,0,,,,0,,,0,7,match,3,3,False,sacks;fum_rec;blocked_kicks;def_fum_td,PFR
San Francisco 49ers,SFO,1981,11,1981-11-15,False,CLE,H,L,12,15,,1,,0,,,,0,,,0,3,match,1,1,False,sacks;fum_rec;blocked_kicks;def_fum_td,PFR
San Francisco 49ers,SFO,1981,12,1981-11-22,False,RAM,A,W,33,31,,1,,0,,,,0,,,1,7,match,1,1,False,sacks;fum_rec;blocked_kicks;def_fum_td,PFR
San Francisco 49ers,SFO,1981,13,1981-11-29,False,NYG,H,W,17,10,,3,,0,,,,0,,,0,10,match,3,3,False,sacks;fum_rec;blocked_kicks;def_fum_td,PFR
San Francisco 49ers,SFO,1981,14,1981-12-06,False,CIN,A,W,21,3,,3,,0,,,,0,,,0,13,match,3,3,False,sacks;fum_rec;blocked_kicks;def_fum_td,PFR
San Francisco 49ers,SFO,1981,15,1981-12-13,False,HOU,H,W,28,6,,0,,0,,,,0,,,0,7,match,0,0,False,sacks;fum_rec;blocked_kicks;def_fum_td,PFR
San Francisco 49ers,SFO,1981,16,1981-12-20,False,NOR,A,W,21,17,,1,,0,,,,0,,,0,3,match,1,1,False,sacks;fum_rec;blocked_kicks;def_fum_td,PFR
San Francisco 49ers,SFO,1981,17,1982-01-03,True,NYG,H,W,38,24,,2,,0,,,,0,,,0,4,match,2,2,False,sacks;fum_rec;blocked_kicks;def_fum_td,PFR
San Francisco 49ers,SFO,1981,18,1982-01-10,True,DAL,H,W,28,27,,1,,0,,,,0,,,0,2,match,1,1,False,sacks;fum_rec;blocked_kicks;def_fum_td,PFR
San Francisco 49ers,SFO,1981,19,1982-01-24,True,CIN,N,W,26,21,,2,,0,,,,0,,,0,4,match,2,2,False,sacks;fum_rec;blocked_kicks;def_fum_td,PFR
St. Louis Cardinals,STL,1981,1,1981-09-06,False,MIA,H,L,7,20,,1,,0,,,,0,,,0,3,match,1,1,False,sacks;fum_rec;blocked_kicks;def_fum_td,PFR
St. Louis Cardinals,STL,1981,2,1981-09-13,False,DAL,A,L,17,30,,1,,0,,,,0,,,0,1,match,1,1,False,sacks;fum_rec;blocked_kicks;def_fum_td,PFR
St. Louis Cardinals,STL,1981,3,1981-09-20,False,WAS,H,W,40,30,,1,,0,,,,0,,,1,7,match,1,1,False,sacks;fum_rec;blocked_kicks;def_fum_td,PFR
St. Louis Cardinals,STL,1981,4,1981-09-27,False,TAM,A,L,10,20,,0,,0,,,,0,,,0,1,match,0,0,False,sacks;fum_rec;blocked_kicks;def_fum_td,PFR
St. Louis Cardinals,STL,1981,5,1981-10-04,False,DAL,H,W,20,17,,1,,0,,,,0,,,0,3,match,1,1,False,sacks;fum_rec;blocked_kicks;def_fum_td,PFR
St. Louis Cardinals,STL,1981,6,1981-10-11,False,NYG,A,L,14,34,,0,,0,,,,0,,,0,-1,match,0,0,False,sacks;fum_rec;blocked_kicks;def_fum_td,PFR
St. Louis Cardinals,STL,1981,7,1981-10-18,False,ATL,A,L,20,41,,0,,0,,,,0,,,0,-4,match,0,0,False,sacks;fum_rec;blocked_kicks;def_fum_td,PFR
St. Louis Cardinals,STL,1981,8,1981-10-25,False,MIN,H,W,30,17,,2,,0,,,,0,,,0,5,match,2,2,False,sacks;fum_rec;blocked_kicks;def_fum_td,PFR
St. Louis Cardinals,STL,1981,9,1981-11-01,False,WAS,A,L,21,42,,0,,0,,,,0,,,0,-4,match,0,0,False,sacks;fum_rec;blocked_kicks;def_fum_td,PFR
St. Louis Cardinals,STL,1981,10,1981-11-08,False,PHI,H,L,10,52,,1,,0,,,,0,,,0,-2,match,1,1,False,sacks;fum_rec;blocked_kicks;def_fum_td,PFR
St. Louis Cardinals,STL,1981,11,1981-11-15,False,BUF,H,W,24,0,,4,,0,,,,0,,,0,18,match,4,4,False,sacks;fum_rec;blocked_kicks;def_fum_td,PFR
St. Louis Cardinals,STL,1981,12,1981-11-22,False,BAL,A,W,35,24,,2,,0,,,,0,,,0,4,match,2,2,False,sacks;fum_rec;blocked_kicks;def_fum_td,PFR
St. Louis Cardinals,STL,1981,13,1981-11-29,False,NWE,A,W,27,20,,2,,0,,,,0,,,0,5,match,2,2,False,sacks;fum_rec;blocked_kicks;def_fum_td,PFR
St. Louis Cardinals,STL,1981,14,1981-12-06,False,NOR,H,W,30,3,,3,,0,,,,0,,,0,13,match,3,3,False,sacks;fum_rec;blocked_kicks;def_fum_td,PFR
St. Louis Cardinals,STL,1981,15,1981-12-13,False,NYG,H,L,10,20,,1,,0,,,,0,,,0,3,match,1,1,False,sacks;fum_rec;blocked_kicks;def_fum_td,PFR
St. Louis Cardinals,STL,1981,16,1981-12-20,False,PHI,A,L,0,38,,2,,0,,,,0,,,0,0,match,2,2,False,sacks;fum_rec;blocked_kicks;def_fum_td,PFR
Tampa Bay Buccaneers,TAM,1981,1,1981-09-05,False,MIN,H,W,21,13,,2,,0,,,,0,,,0,8,match,2,2,False,sacks;fum_rec;blocked_kicks;def_fum_td,PFR
Tampa Bay Buccaneers,TAM,1981,2,1981-09-13,False,KAN,A,L,10,19,,0,,0,,,,0,,,0,1,match,0,0,False,sacks;fum_rec;blocked_kicks;def_fum_td,PFR
Tampa Bay Buccaneers,TAM,1981,3,1981-09-20,False,CHI,A,L,17,28,,1,,0,,,,0,,,0,1,match,1,1,False,sacks;fum_rec;blocked_kicks;def_fum_td,PFR
Tampa Bay Buccaneers,TAM,1981,4,1981-09-27,False,STL,H,W,20,10,,1,,0,,,,0,,,0,6,match,1,1,False,sacks;fum_rec;blocked_kicks;def_fum_td,PFR
Tampa Bay Buccaneers,TAM,1981,5,1981-10-04,False,DET,H,W,28,10,,4,,0,,,,0,,,0,12,match,4,4,False,sacks;fum_rec;blocked_kicks;def_fum_td,PFR
Tampa Bay Buccaneers,TAM,1981,6,1981-10-11,False,GNB,A,W,21,10,,4,,0,,,,0,,,0,12,match,4,4,False,sacks;fum_rec;blocked_kicks;def_fum_td,PFR
Tampa Bay Buccaneers,TAM,1981,7,1981-10-18,False,OAK,A,L,16,18,,3,,0,,,,0,,,0,7,match,3,3,False,sacks;fum_rec;blocked_kicks;def_fum_td,PFR
Tampa Bay Buccaneers,TAM,1981,8,1981-10-25,False,PHI,A,L,10,20,,1,,0,,,,0,,,0,3,match,1,1,False,sacks;fum_rec;blocked_kicks;def_fum_td,PFR
Tampa Bay Buccaneers,TAM,1981,9,1981-11-01,False,CHI,H,W,20,10,,2,,0,,,,0,,,0,8,match,2,2,False,sacks;fum_rec;blocked_kicks;def_fum_td,PFR
Tampa Bay Buccaneers,TAM,1981,10,1981-11-08,False,MIN,A,L,10,25,,2,,0,,,,0,,,0,4,match,2,2,False,sacks;fum_rec;blocked_kicks;def_fum_td,PFR
Tampa Bay Buccaneers,TAM,1981,11,1981-11-15,False,DEN,H,L,7,24,,1,,0,,,,0,,,0,2,match,1,1,False,sacks;fum_rec;blocked_kicks;def_fum_td,PFR
Tampa Bay Buccaneers,TAM,1981,12,1981-11-22,False,GNB,H,W,37,3,,4,,0,,,,0,,,0,15,match,4,4,False,sacks;fum_rec;blocked_kicks;def_fum_td,PFR
Tampa Bay Buccaneers,TAM,1981,13,1981-11-29,False,NOR,A,W,31,14,,2,,0,,,,0,,,0,5,match,2,2,False,sacks;fum_rec;blocked_kicks;def_fum_td,PFR
Tampa Bay Buccaneers,TAM,1981,14,1981-12-06,False,ATL,H,W,24,23,,1,,0,,,,0,,,0,2,match,1,1,False,sacks;fum_rec;blocked_kicks;def_fum_td,PFR
Tampa Bay Buccaneers,TAM,1981,15,1981-12-13,False,SDG,H,L,23,24,,2,,0,,,,0,,,0,4,match,2,2,False,sacks;fum_rec;blocked_kicks;def_fum_td,PFR
Tampa Bay Buccaneers,TAM,1981,16,1981-12-20,False,DET,A,W,20,17,,2,,0,,,,0,,,0,5,match,2,2,False,sacks;fum_rec;blocked_kicks;def_fum_td,PFR
Tampa Bay Buccaneers,TAM,1981,17,1982-01-02,True,DAL,A,L,0,38,,0,,0,,,,0,,,0,-4,match,0,0,False,sacks;fum_rec;blocked_kicks;def_fum_td,PFR
Washington Redskins,WAS,1981,1,1981-09-06,False,DAL,H,L,10,26,,0,,0,,,,0,,,0,0,match,0,0,False,sacks;fum_rec;blocked_kicks;def_fum_td,PFR
Washington Redskins,WAS,1981,2,1981-09-13,False,NYG,H,L,7,17,,1,,0,,,,0,,,0,3,match,1,1,False,sacks;fum_rec;blocked_kicks;def_fum_td,PFR
Washington Redskins,WAS,1981,3,1981-09-20,False,STL,A,L,30,40,,0,,0,,,,0,,,0,-4,match,0,0,False,sacks;fum_rec;blocked_kicks;def_fum_td,PFR
Washington Redskins,WAS,1981,4,1981-09-27,False,PHI,A,L,13,36,,1,,0,,,,0,,,0,-2,match,1,1,False,sacks;fum_rec;blocked_kicks;def_fum_td,PFR
Washington Redskins,WAS,1981,5,1981-10-04,False,SFO,H,L,17,30,,1,,0,,,,0,,,1,7,match,1,1,False,sacks;fum_rec;blocked_kicks;def_fum_td,PFR
Washington Redskins,WAS,1981,6,1981-10-11,False,CHI,A,W,24,7,,4,,0,,,,0,,,0,12,match,4,4,False,sacks;fum_rec;blocked_kicks;def_fum_td,PFR
Washington Redskins,WAS,1981,7,1981-10-18,False,MIA,A,L,10,13,,0,,0,,,,0,,,0,4,match,0,0,False,sacks;fum_rec;blocked_kicks;def_fum_td,PFR
Washington Redskins,WAS,1981,8,1981-10-25,False,NWE,H,W,24,22,,2,,0,,,,0,,,1,10,match,2,2,False,sacks;fum_rec;blocked_kicks;def_fum_td,PFR
Washington Redskins,WAS,1981,9,1981-11-01,False,STL,H,W,42,21,,4,,0,,,,0,,,0,8,match,4,4,False,sacks;fum_rec;blocked_kicks;def_fum_td,PFR
Washington Redskins,WAS,1981,10,1981-11-08,False,DET,H,W,33,31,,3,,0,,,,0,,,0,5,match,3,3,False,sacks;fum_rec;blocked_kicks;def_fum_td,PFR
Washington Redskins,WAS,1981,11,1981-11-15,False,NYG,A,W,30,27,,1,,0,,,,0,,,0,2,match,1,1,False,sacks;fum_rec;blocked_kicks;def_fum_td,PFR
Washington Redskins,WAS,1981,12,1981-11-22,False,DAL,A,L,10,24,,0,,0,,,,0,,,0,0,match,0,0,False,sacks;fum_rec;blocked_kicks;def_fum_td,PFR
Washington Redskins,WAS,1981,13,1981-11-29,False,BUF,A,L,14,21,,0,,0,,,,0,,,0,0,match,0,0,False,sacks;fum_rec;blocked_kicks;def_fum_td,PFR
Washington Redskins,WAS,1981,14,1981-12-06,False,PHI,H,W,15,13,,3,,0,,,,0,,,0,10,match,3,3,False,sacks;fum_rec;blocked_kicks;def_fum_td,PFR
Washington Redskins,WAS,1981,15,1981-12-13,False,BAL,H,W,38,14,,2,,0,,,,0,,,0,5,match,2,2,False,sacks;fum_rec;blocked_kicks;def_fum_td,PFR
Washington Redskins,WAS,1981,16,1981-12-20,False,RAM,A,W,30,7,,2,,0,,,,0,,,0,8,match,2,2,False,sacks;fum_rec;blocked_kicks;def_fum_td,PFR
Atlanta Falcons,ATL,1982,1,1982-09-12,False,NYG,A,W,16,14,1.0,1,,0,,,,0,,,0,4.0,match,1,1,False,fum_rec;blocked_kicks;def_fum_td,PFR
Atlanta Falcons,ATL,1982,2,1982-09-19,False,RAI,H,L,14,38,3.0,0,,0,,,,0,,,0,-1.0,match,0,0,False,fum_rec;blocked_kicks;def_fum_td,PFR
Atlanta Falcons,ATL,1982,3,1982-11-21,False,RAM,H,W,34,17,1.0,0,,0,,,,0,,,0,2.0,match,0,0,False,fum_rec;blocked_kicks;def_fum_td,PFR
Atlanta Falcons,ATL,1982,4,1982-11-28,False,STL,H,L,20,23,1.0,0,,0,,,,0,,,0,1.0,match,0,0,False,fum_rec;blocked_kicks;def_fum_td,PFR
Atlanta Falcons,ATL,1982,5,1982-12-05,False,DEN,A,W,34,27,2.0,2,,0,,,,0,,,0,6.0,match,2,2,False,fum_rec;blocked_kicks;def_fum_td,PFR
Atlanta Falcons,ATL,1982,6,1982-12-12,False,NOR,H,W,35,0,7.0,3,,0,,,,0,,,0,23.0,match,3,3,False,fum_rec;blocked_kicks;def_fum_td,PFR
Atlanta Falcons,ATL,1982,7,1982-12-19,False,SFO,A,W,17,7,2.0,1,,0,,,,0,,,0,8.0,match,1,1,False,fum_rec;blocked_kicks;def_fum_td,PFR
Atlanta Falcons,ATL,1982,8,1982-12-26,False,GNB,H,L,7,38,1.0,1,,0,,,,0,,,0,-1.0,match,1,1,False,fum_rec;blocked_kicks;def_fum_td,PFR
Atlanta Falcons,ATL,1982,9,1983-01-02,False,NOR,A,L,6,35,0,2,,0,,,,0,,,0,0,match,2,2,False,fum_rec;blocked_kicks;def_fum_td,PFR
Atlanta Falcons,ATL,1982,10,1983-01-09,True,MIN,A,L,24,30,0,1,,0,,,,0,,,0,1,match,1,1,False,fum_rec;blocked_kicks;def_fum_td,PFR
Baltimore Colts,BAL,1982,1,1982-09-12,False,NWE,H,L,13,24,0,1,,0,,,,0,,,0,2,match,1,1,False,fum_rec;blocked_kicks;def_fum_td,PFR
Baltimore Colts,BAL,1982,2,1982-09-19,False,MIA,A,L,20,24,1.0,0,,0,,,,0,,,0,1.0,match,0,0,False,fum_rec;blocked_kicks;def_fum_td,PFR
Baltimore Colts,BAL,1982,3,1982-11-21,False,NYJ,A,L,0,37,1.0,0,,0,,,,0,,,0,-3.0,match,0,0,False,fum_rec;blocked_kicks;def_fum_td,PFR
Baltimore Colts,BAL,1982,4,1982-11-28,False,BUF,A,L,0,20,0,0,,0,,,,0,,,0,1,match,0,0,False,fum_rec;blocked_kicks;def_fum_td,PFR
Baltimore Colts,BAL,1982,5,1982-12-05,False,CIN,H,L,17,20,3.0,0,,0,,,,0,,,0,4.0,match,0,0,False,fum_rec;blocked_kicks;def_fum_td,PFR
Baltimore Colts,BAL,1982,6,1982-12-12,False,MIN,A,L,10,13,0,1,,0,,,,0,,,0,6,match,1,1,False,fum_rec;blocked_kicks;def_fum_td,PFR
Baltimore Colts,BAL,1982,7,1982-12-19,False,GNB,H,T,20,20,4.0,1,,0,,,,0,,,0,7.0,match,1,1,False,fum_rec;blocked_kicks;def_fum_td,PFR
Baltimore Colts,BAL,1982,8,1982-12-26,False,SDG,A,L,26,44,2.0,2,,0,,,,0,,,0,2.0,match,2,2,False,fum_rec;blocked_kicks;def_fum_td,PFR
Baltimore Colts,BAL,1982,9,1983-01-02,False,MIA,H,L,7,34,0,0,,0,,,,0,,,0,-1,match,0,0,False,fum_rec;blocked_kicks;def_fum_td,PFR
Buffalo Bills,BUF,1982,1,1982-09-12,False,KAN,H,W,14,9,3.0,1,,0,,,,0,,,0,9.0,match,1,1,False,fum_rec;blocked_kicks;def_fum_td,PFR
Buffalo Bills,BUF,1982,2,1982-09-16,False,MIN,H,W,23,22,1.0,1,,0,,,,0,,,0,3.0,match,1,1,False,fum_rec;blocked_kicks;def_fum_td,PFR
Buffalo Bills,BUF,1982,3,1982-11-21,False,MIA,H,L,7,9,1.0,2,,0,,,,0,,,0,9.0,match,2,2,False,fum_rec;blocked_kicks;def_fum_td,PFR
Buffalo Bills,BUF,1982,4,1982-11-28,False,BAL,H,W,20,0,1.0,0,,0,,,,0,,,0,11.0,match,0,0,False,fum_rec;blocked_kicks;def_fum_td,PFR
Buffalo Bills,BUF,1982,5,1982-12-05,False,GNB,A,L,21,33,0,1,,0,,,,0,,,0,1,match,1,1,False,fum_rec;blocked_kicks;def_fum_td,PFR
Buffalo Bills,BUF,1982,6,1982-12-12,False,PIT,H,W,13,0,5.0,3,,0,,,,0,,,0,21.0,match,3,3,False,fum_rec;blocked_kicks;def_fum_td,PFR
Buffalo Bills,BUF,1982,7,1982-12-19,False,TAM,A,L,23,24,0.0,3,,0,,,,0,,,0,6,match,3,3,False,fum_rec;blocked_kicks;def_fum_td,PFR
Buffalo Bills,BUF,1982,8,1982-12-27,False,MIA,A,L,10,27,1.0,1,,0,,,,0,,,0,3.0,match,1,1,False,fum_rec;blocked_kicks;def_fum_td,PFR
Buffalo Bills,BUF,1982,9,1983-01-02,False,NWE,A,L,19,30,0.0,1,,0,,,,0,,,0,1,match,1,1,False,fum_rec;blocked_kicks;def_fum_td,PFR
Chicago Bears,CHI,1982,1,1982-09-12,False,DET,A,L,10,17,3.0,1,,0,,,,0,,,0,6.0,match,1,1,False,fum_rec;blocked_kicks;def_fum_td,PFR
Chicago Bears,CHI,1982,2,1982-09-19,False,NOR,H,L,0,10,1.0,1,,0,,,,0,,,0,7.0,match,1,1,False,fum_rec;blocked_kicks;def_fum_td,PFR
Chicago Bears,CHI,1982,3,1982-11-21,False,DET,H,W,20,17,7.0,2,,0,,,,0,,,0,12.0,match,2,2,False,fum_rec;blocked_kicks;def_fum_td,PFR
Chicago Bears,CHI,1982,4,1982-11-28,False,MIN,A,L,7,35,3.0,2,,0,,,,0,,,0,3.0,match,2,2,False,fum_rec;blocked_kicks;def_fum_td,PFR
Chicago Bears,CHI,1982,5,1982-12-05,False,NWE,H,W,26,13,5.0,2,,0,,,,0,,,0,13.0,match,2,2,False,fum_rec;blocked_kicks;def_fum_td,PFR
Chicago Bears,CHI,1982,6,1982-12-12,False,SEA,A,L,14,20,4.0,0,,0,,,,0,,,0,5.0,match,0,0,False,fum_rec;blocked_kicks;def_fum_td,PFR
Chicago Bears,CHI,1982,7,1982-12-19,False,STL,H,L,7,10,3.0,1,,0,,,,0,,,0,9.0,match,1,1,False,fum_rec;blocked_kicks;def_fum_td,PFR
Chicago Bears,CHI,1982,8,1982-12-26,False,RAM,A,W,34,26,1.0,2,,0,,,,0,,,0,5.0,match,2,2,False,fum_rec;blocked_kicks;def_fum_td,PFR
Chicago Bears,CHI,1982,9,1983-01-02,False,TAM,A,L,23,26,3.0,2,,0,,,,0,,,0,7.0,match,2,2,False,fum_rec;blocked_kicks;def_fum_td,PFR
Cincinnati Bengals,CIN,1982,1,1982-09-12,False,HOU,H,W,27,6,3.0,0,,0,,,,0,,,0,10.0,match,0,0,False,fum_rec;blocked_kicks;def_fum_td,PFR
Cincinnati Bengals,CIN,1982,2,1982-09-19,False,PIT,A,L,20,26,3.0,0,,0,,,,0,,,0,3.0,match,0,0,False,fum_rec;blocked_kicks;def_fum_td,PFR
Cincinnati Bengals,CIN,1982,3,1982-11-21,False,PHI,A,W,18,14,3.0,2,,0,,,,0,,,0,8.0,match,2,2,False,fum_rec;blocked_kicks;def_fum_td,PFR
Cincinnati Bengals,CIN,1982,4,1982-11-28,False,RAI,H,W,31,17,2.0,4,,0,,,,0,,,0,11.0,match,4,4,False,fum_rec;blocked_kicks;def_fum_td,PFR
Cincinnati Bengals,CIN,1982,5,1982-12-05,False,BAL,A,W,20,17,2.0,0,,0,,,,0,,,0,3.0,match,0,0,False,fum_rec;blocked_kicks;def_fum_td,PFR
Cincinnati Bengals,CIN,1982,6,1982-12-12,False,CLE,H,W,23,10,4.0,3,,0,,,,0,,,0,14.0,match,3,3,False,fum_rec;blocked_kicks;def_fum_td,PFR
Cincinnati Bengals,CIN,1982,7,1982-12-20,False,SDG,A,L,34,50,2.0,2,,0,,,,0,,,0,2.0,match,2,2,False,fum_rec;blocked_kicks;def_fum_td,PFR
Cincinnati Bengals,CIN,1982,8,1982-12-26,False,SEA,H,W,24,10,2.0,2,,0,,,,0,,,0,10.0,match,2,2,False,fum_rec;blocked_kicks;def_fum_td,PFR
Cincinnati Bengals,CIN,1982,9,1983-01-02,False,HOU,A,W,35,27,1.0,1,,0,,,,0,,,0,3.0,match,1,1,False,fum_rec;blocked_kicks;def_fum_td,PFR
Cincinnati Bengals,CIN,1982,10,1983-01-09,True,NYJ,H,L,17,44,0,1,,0,,,,0,,,0,-2,match,1,1,False,fum_rec;blocked_kicks;def_fum_td,PFR
Cleveland Browns,CLE,1982,1,1982-09-12,False,SEA,A,W,21,7,8.0,1,,0,,,,0,,,0,14.0,match,1,1,False,fum_rec;blocked_kicks;def_fum_td,PFR
Cleveland Browns,CLE,1982,2,1982-09-19,False,PHI,H,L,21,24,1.0,1,,0,,,,0,,,0,3.0,match,1,1,False,fum_rec;blocked_kicks;def_fum_td,PFR
Cleveland Browns,CLE,1982,3,1982-11-21,False,NWE,H,W,10,7,0,0,,0,,,,0,,,0,4,match,0,0,False,fum_rec;blocked_kicks;def_fum_td,PFR
Cleveland Browns,CLE,1982,4,1982-11-25,False,DAL,A,L,14,31,2.0,2,,0,,,,0,,,0,5.0,match,2,2,False,fum_rec;blocked_kicks;def_fum_td,PFR
Cleveland Browns,CLE,1982,5,1982-12-05,False,SDG,H,L,13,30,0,2,,0,,,,0,,,0,3,match,2,2,False,fum_rec;blocked_kicks;def_fum_td,PFR
Cleveland Browns,CLE,1982,6,1982-12-12,False,CIN,A,L,10,23,4.0,1,,0,,,,0,,,0,6.0,match,1,1,False,fum_rec;blocked_kicks;def_fum_td,PFR
Cleveland Browns,CLE,1982,7,1982-12-19,False,PIT,H,W,10,9,3.0,4,,0,,,,0,,,0,15.0,match,4,4,False,fum_rec;blocked_kicks;def_fum_td,PFR
Cleveland Browns,CLE,1982,8,1982-12-26,False,HOU,A,W,20,14,3.0,4,,0,,,,0,,,0,12.0,match,4,4,False,fum_rec;blocked_kicks;def_fum_td,PFR
Cleveland Browns,CLE,1982,9,1983-01-02,False,PIT,A,L,21,37,1.0,2,,0,,,,0,,,0,1.0,match,2,2,False,fum_rec;blocked_kicks;def_fum_td,PFR
Cleveland Browns,CLE,1982,10,1983-01-08,True,RAI,A,L,10,27,2.0,2,,0,,,,0,,,0,6.0,match,2,2,False,fum_rec;blocked_kicks;def_fum_td,PFR
Dallas Cowboys,DAL,1982,1,1982-09-13,False,PIT,H,L,28,36,1.0,0,,0,,,,0,,,0,-3.0,match,0,0,False,fum_rec;blocked_kicks;def_fum_td,PFR
Dallas Cowboys,DAL,1982,2,1982-09-19,False,STL,A,W,24,7,5.0,1,,0,,,,0,,,0,11.0,match,1,1,False,fum_rec;blocked_kicks;def_fum_td,PFR
Dallas Cowboys,DAL,1982,3,1982-11-21,False,TAM,H,W,14,9,1.0,0,,0,,,,0,,,0,5.0,match,0,0,False,fum_rec;blocked_kicks;def_fum_td,PFR
Dallas Cowboys,DAL,1982,4,1982-11-25,False,CLE,H,W,31,14,4.0,4,,0,,,,0,,,0,13.0,match,4,4,False,fum_rec;blocked_kicks;def_fum_td,PFR
Dallas Cowboys,DAL,1982,5,1982-12-05,False,WAS,A,W,24,10,7.0,3,,0,,,,0,,,0,17.0,match,3,3,False,fum_rec;blocked_kicks;def_fum_td,PFR
Dallas Cowboys,DAL,1982,6,1982-12-13,False,HOU,A,W,37,7,6.0,0,,0,,,,0,,,0,10.0,match,0,0,False,fum_rec;blocked_kicks;def_fum_td,PFR
Dallas Cowboys,DAL,1982,7,1982-12-19,False,NOR,H,W,21,7,3.0,3,,0,,,,0,,,0,13.0,match,3,3,False,fum_rec;blocked_kicks;def_fum_td,PFR
Dallas Cowboys,DAL,1982,8,1982-12-26,False,PHI,H,L,20,24,2.0,2,,0,,,,0,,,0,6.0,match,2,2,False,fum_rec;blocked_kicks;def_fum_td,PFR
Dallas Cowboys,DAL,1982,9,1983-01-03,False,MIN,A,L,27,31,3.0,2,,0,,,,0,,,0,6.0,match,2,2,False,fum_rec;blocked_kicks;def_fum_td,PFR
Dallas Cowboys,DAL,1982,10,1983-01-09,True,TAM,H,W,30,17,0.0,3,,0,,,,0,,,0,7,match,3,3,False,fum_rec;blocked_kicks;def_fum_td,PFR
Dallas Cowboys,DAL,1982,11,1983-01-16,True,GNB,H,W,37,26,4.0,3,,0,,,,0,,,0,10.0,match,3,3,False,fum_rec;blocked_kicks;def_fum_td,PFR
Dallas Cowboys,DAL,1982,12,1983-01-22,True,WAS,A,L,17,31,3.0,0,,0,,,,0,,,0,2.0,match,0,0,False,fum_rec;blocked_kicks;def_fum_td,PFR
Denver Broncos,DEN,1982,1,1982-09-12,False,SDG,H,L,3,23,0,0,,0,,,,0,,,0,0,match,0,0,False,fum_rec;blocked_kicks;def_fum_td,PFR
Denver Broncos,DEN,1982,2,1982-09-19,False,SFO,H,W,24,21,1.0,2,,0,,,,0,,,1,11.0,match,2,2,False,fum_rec;blocked_kicks;def_fum_td,PFR
Denver Broncos,DEN,1982,3,1982-11-21,False,SEA,H,L,10,17,2.0,1,,0,,,,0,,,0,5.0,match,1,1,False,fum_rec;blocked_kicks;def_fum_td,PFR
Denver Broncos,DEN,1982,4,1982-11-28,False,SDG,A,L,20,30,1.0,1,,0,,,,0,,,0,2.0,match,1,1,False,fum_rec;blocked_kicks;def_fum_td,PFR
Denver Broncos,DEN,1982,5,1982-12-05,False,ATL,H,L,27,34,3.0,1,,0,,,,0,,,0,4.0,match,1,1,False,fum_rec;blocked_kicks;def_fum_td,PFR
Denver Broncos,DEN,1982,6,1982-12-12,False,RAM,A,W,27,24,2.0,3,,0,,,,0,,,0,8.0,match,3,3,False,fum_rec;blocked_kicks;def_fum_td,PFR
Denver Broncos,DEN,1982,7,1982-12-19,False,KAN,H,L,16,37,2.0,1,,0,,,,0,,,1,6.0,match,1,1,False,fum_rec;blocked_kicks;def_fum_td,PFR
Denver Broncos,DEN,1982,8,1982-12-26,False,RAI,A,L,10,27,2.0,1,,0,,,,0,,,0,4.0,match,1,1,False,fum_rec;blocked_kicks;def_fum_td,PFR
Denver Broncos,DEN,1982,9,1983-01-02,False,SEA,A,L,11,13,3.0,2,,0,,,,0,,,0,11.0,match,2,2,False,fum_rec;blocked_kicks;def_fum_td,PFR
Detroit Lions,DET,1982,1,1982-09-12,False,CHI,H,W,17,10,5.0,0,,0,,,,0,,,0,9.0,match,0,0,False,fum_rec;blocked_kicks;def_fum_td,PFR
Detroit Lions,DET,1982,2,1982-09-19,False,RAM,A,W,19,14,2.0,2,,0,,,,0,,,0,7.0,match,2,2,False,fum_rec;blocked_kicks;def_fum_td,PFR
Detroit Lions,DET,1982,3,1982-11-21,False,CHI,A,L,17,20,3.0,3,,0,,,,0,,,0,10.0,match,3,3,False,fum_rec;blocked_kicks;def_fum_td,PFR
Detroit Lions,DET,1982,4,1982-11-25,False,NYG,H,L,6,13,2.0,2,,0,,,,0,,,0,10.0,match,2,2,False,fum_rec;blocked_kicks;def_fum_td,PFR
Detroit Lions,DET,1982,5,1982-12-06,False,NYJ,H,L,13,28,4.0,1,,0,,,,0,,,0,5.0,match,1,1,False,fum_rec;blocked_kicks;def_fum_td,PFR
Detroit Lions,DET,1982,6,1982-12-12,False,GNB,A,W,30,10,9.0,5,,0,,,,0,,,1,29.0,match,5,5,False,fum_rec;blocked_kicks;def_fum_td,PFR
Detroit Lions,DET,1982,7,1982-12-19,False,MIN,H,L,31,34,4.0,0,,0,,,,0,,,0,3.0,match,0,0,False,fum_rec;blocked_kicks;def_fum_td,PFR
Detroit Lions,DET,1982,8,1982-12-26,False,TAM,A,L,21,23,2.0,1,,0,,,,0,,,0,4.0,match,1,1,False,fum_rec;blocked_kicks;def_fum_td,PFR
Detroit Lions,DET,1982,9,1983-01-02,False,GNB,H,W,27,24,1.0,4,,0,,,,0,,,0,9.0,match,4,4,False,fum_rec;blocked_kicks;def_fum_td,PFR
Detroit Lions,DET,1982,10,1983-01-08,True,WAS,A,L,7,31,2.0,0,,0,,,,0,,,0,1.0,match,0,0,False,fum_rec;blocked_kicks;def_fum_td,PFR
Green Bay Packers,GNB,1982,1,1982-09-12,False,RAM,H,W,35,23,4.0,2,,0,,,,0,,,0,8.0,match,2,2,False,fum_rec;blocked_kicks;def_fum_td,PFR
Green Bay Packers,GNB,1982,2,1982-09-20,False,NYG,A,W,27,19,0.0,2,,0,,,,0,,,0,5,match,2,2,False,fum_rec;blocked_kicks;def_fum_td,PFR
Green Bay Packers,GNB,1982,3,1982-11-21,False,MIN,H,W,26,7,2.0,0,,0,,,,0,,,0,6.0,match,0,0,False,fum_rec;blocked_kicks;def_fum_td,PFR
Green Bay Packers,GNB,1982,4,1982-11-28,False,NYJ,A,L,13,15,2.0,1,,0,,,,0,,,0,5.0,match,1,1,False,fum_rec;blocked_kicks;def_fum_td,PFR
Green Bay Packers,GNB,1982,5,1982-12-05,False,BUF,H,W,33,21,1.0,2,,0,,,,0,,,0,5.0,match,2,2,False,fum_rec;blocked_kicks;def_fum_td,PFR
Green Bay Packers,GNB,1982,6,1982-12-12,False,DET,H,L,10,30,2.0,3,,0,,,,0,,,0,7.0,match,3,3,False,fum_rec;blocked_kicks;def_fum_td,PFR
Green Bay Packers,GNB,1982,7,1982-12-19,False,BAL,A,T,20,20,3.0,0,,0,,,,0,,,0,4.0,match,0,0,False,fum_rec;blocked_kicks;def_fum_td,PFR
Green Bay Packers,GNB,1982,8,1982-12-26,False,ATL,A,W,38,7,4.0,1,,0,,,,0,,,0,10.0,match,1,1,False,fum_rec;blocked_kicks;def_fum_td,PFR
Green Bay Packers,GNB,1982,9,1983-01-02,False,DET,A,L,24,27,2.0,1,,0,,,,0,,,0,4.0,match,1,1,False,fum_rec;blocked_kicks;def_fum_td,PFR
Green Bay Packers,GNB,1982,10,1983-01-08,True,STL,H,W,41,16,5.0,2,,0,,,,0,,,0,10.0,match,2,2,False,fum_rec;blocked_kicks;def_fum_td,PFR
Green Bay Packers,GNB,1982,11,1983-01-16,True,DAL,A,L,26,37,1.0,1,,0,,,,0,,,0,-1.0,match,1,1,False,fum_rec;blocked_kicks;def_fum_td,PFR
Houston Oilers,HOU,1982,1,1982-09-12,False,CIN,A,L,6,27,8.0,0,,0,,,,0,,,0,8.0,match,0,0,False,fum_rec;blocked_kicks;def_fum_td,PFR
Houston Oilers,HOU,1982,2,1982-09-19,False,SEA,H,W,23,21,5.0,0,,0,,,,0,,,0,5.0,match,0,0,False,fum_rec;blocked_kicks;def_fum_td,PFR
Houston Oilers,HOU,1982,3,1982-11-21,False,PIT,H,L,10,24,4.0,2,,0,,,,0,,,0,8.0,match,2,2,False,fum_rec;blocked_kicks;def_fum_td,PFR
Houston Oilers,HOU,1982,4,1982-11-28,False,NWE,A,L,21,29,2.0,0,,0,,,,0,,,0,1.0,match,0,0,False,fum_rec;blocked_kicks;def_fum_td,PFR
Houston Oilers,HOU,1982,5,1982-12-05,False,NYG,A,L,14,17,0,0,,0,,,,0,,,0,1,match,0,0,False,fum_rec;blocked_kicks;def_fum_td,PFR
Houston Oilers,HOU,1982,6,1982-12-13,False,DAL,H,L,7,37,2.0,0,,0,,,,0,,,0,-2.0,match,0,0,False,fum_rec;blocked_kicks;def_fum_td,PFR
Houston Oilers,HOU,1982,7,1982-12-19,False,PHI,A,L,14,35,4.0,1,,0,,,,0,,,0,2.0,match,1,1,False,fum_rec;blocked_kicks;def_fum_td,PFR
Houston Oilers,HOU,1982,8,1982-12-26,False,CLE,H,L,14,20,2.0,0,,0,,,,0,,,0,3.0,match,0,0,False,fum_rec;blocked_kicks;def_fum_td,PFR
Houston Oilers,HOU,1982,9,1983-01-02,False,CIN,H,L,27,35,2.0,0,,0,,,,0,,,0,-2.0,match,0,0,False,fum_rec;blocked_kicks;def_fum_td,PFR
Kansas City Chiefs,KAN,1982,1,1982-09-12,False,BUF,A,L,9,14,1.0,0,,0,,,,0,,,0,2.0,match,0,0,False,fum_rec;blocked_kicks;def_fum_td,PFR
Kansas City Chiefs,KAN,1982,2,1982-09-19,False,SDG,H,W,19,12,2.0,1,,0,,,,0,,,0,8.0,match,1,1,False,fum_rec;blocked_kicks;def_fum_td,PFR
Kansas City Chiefs,KAN,1982,3,1982-11-21,False,NOR,A,L,17,27,0.0,1,,0,,,,0,,,0,2,match,1,1,False,fum_rec;blocked_kicks;def_fum_td,PFR
Kansas City Chiefs,KAN,1982,4,1982-11-28,False,RAM,A,L,14,20,2.0,1,,0,,,,0,,,0,5.0,match,1,1,False,fum_rec;blocked_kicks;def_fum_td,PFR
Kansas City Chiefs,KAN,1982,5,1982-12-05,False,PIT,A,L,14,35,1.0,2,,0,,,,0,,,0,1.0,match,2,2,False,fum_rec;blocked_kicks;def_fum_td,PFR
Kansas City Chiefs,KAN,1982,6,1982-12-12,False,RAI,H,L,16,21,2.0,1,,0,,,,0,,,0,4.0,match,1,1,False,fum_rec;blocked_kicks;def_fum_td,PFR
Kansas City Chiefs,KAN,1982,7,1982-12-19,False,DEN,A,W,37,16,3.0,2,,0,,,,0,,,0,8.0,match,2,2,False,fum_rec;blocked_kicks;def_fum_td,PFR
Kansas City Chiefs,KAN,1982,8,1982-12-26,False,SFO,H,L,13,26,3.0,2,,0,,,,0,,,0,7.0,match,2,2,False,fum_rec;blocked_kicks;def_fum_td,PFR
Kansas City Chiefs,KAN,1982,9,1983-01-02,False,NYJ,H,W,37,13,1.0,2,,0,,,,0,,,0,9.0,match,2,2,False,fum_rec;blocked_kicks;def_fum_td,PFR
Miami Dolphins,MIA,1982,1,1982-09-12,False,NYJ,A,W,45,28,4.0,3,,0,,,,0,,,1,15.0,match,3,3,False,fum_rec;blocked_kicks;def_fum_td,PFR
Miami Dolphins,MIA,1982,2,1982-09-19,False,BAL,H,W,24,20,3.0,0,,0,,,,0,,,0,4.0,match,0,0,False,fum_rec;blocked_kicks;def_fum_td,PFR
Miami Dolphins,MIA,1982,3,1982-11-21,False,BUF,A,W,9,7,1.0,6,,0,,,,0,,,0,17.0,match,6,6,False,fum_rec;blocked_kicks;def_fum_td,PFR
Miami Dolphins,MIA,1982,4,1982-11-29,False,TAM,A,L,17,23,2.0,0,,0,,,,0,,,0,2.0,match,0,0,False,fum_rec;blocked_kicks;def_fum_td,PFR
Miami Dolphins,MIA,1982,5,1982-12-05,False,MIN,H,W,22,14,5.0,3,,0,,,,0,,,0,12.0,match,3,3,False,fum_rec;blocked_kicks;def_fum_td,PFR
Miami Dolphins,MIA,1982,6,1982-12-12,False,NWE,A,L,0,3,0.0,1,,0,,,,0,,,0,9,match,1,1,False,fum_rec;blocked_kicks;def_fum_td,PFR
Miami Dolphins,MIA,1982,7,1982-12-18,False,NYJ,H,W,20,19,3.0,2,,0,,,,0,,,0,8.0,match,2,2,False,fum_rec;blocked_kicks;def_fum_td,PFR
Miami Dolphins,MIA,1982,8,1982-12-27,False,BUF,H,W,27,10,4.0,2,,0,,,,0,,,0,12.0,match,2,2,False,fum_rec;blocked_kicks;def_fum_td,PFR
Miami Dolphins,MIA,1982,9,1983-01-02,False,BAL,A,W,34,7,7.0,2,,0,,,,0,,,0,15.0,match,2,2,False,fum_rec;blocked_kicks;def_fum_td,PFR
Miami Dolphins,MIA,1982,10,1983-01-08,True,NWE,H,W,28,13,4.0,2,,0,,,,0,,,0,12.0,match,2,2,False,fum_rec;blocked_kicks;def_fum_td,PFR
Miami Dolphins,MIA,1982,11,1983-01-16,True,SDG,H,W,34,13,3.0,5,,0,,,,0,,,0,17.0,match,5,5,False,fum_rec;blocked_kicks;def_fum_td,PFR
Miami Dolphins,MIA,1982,12,1983-01-23,True,NYJ,H,W,14,0,4.0,5,,0,,,,0,,,0,24.0,match,5,5,False,fum_rec;blocked_kicks;def_fum_td,PFR
Miami Dolphins,MIA,1982,13,1983-01-30,True,WAS,N,L,17,27,3.0,2,,0,,,,0,,,1,13.0,match,2,2,False,fum_rec;blocked_kicks;def_fum_td,PFR
Minnesota Vikings,MIN,1982,1,1982-09-12,False,TAM,H,W,17,10,0.0,3,,0,,,,0,,,0,10,match,3,3,False,fum_rec;blocked_kicks;def_fum_td,PFR
Minnesota Vikings,MIN,1982,2,1982-09-16,False,BUF,A,L,22,23,2.0,1,,0,,,,0,,,0,4.0,match,1,1,False,fum_rec;blocked_kicks;def_fum_td,PFR
Minnesota Vikings,MIN,1982,3,1982-11-21,False,GNB,A,L,7,26,8.0,0,,0,,,,0,,,0,8.0,match,0,0,False,fum_rec;blocked_kicks;def_fum_td,PFR
Minnesota Vikings,MIN,1982,4,1982-11-28,False,CHI,H,W,35,7,7.0,3,,0,,,,0,,,0,17.0,match,3,3,False,fum_rec;blocked_kicks;def_fum_td,PFR
Minnesota Vikings,MIN,1982,5,1982-12-05,False,MIA,A,L,14,22,1.0,0,,0,,,,0,,,0,1.0,match,0,0,False,fum_rec;blocked_kicks;def_fum_td,PFR
Minnesota Vikings,MIN,1982,6,1982-12-12,False,BAL,H,W,13,10,0.0,2,,0,,,,0,,,0,8,match,2,2,False,fum_rec;blocked_kicks;def_fum_td,PFR
Minnesota Vikings,MIN,1982,7,1982-12-19,False,DET,A,W,34,31,7.0,2,,0,,,,0,,,0,10.0,match,2,2,False,fum_rec;blocked_kicks;def_fum_td,PFR
Minnesota Vikings,MIN,1982,8,1982-12-26,False,NYJ,H,L,14,42,3.0,0,,0,,,,0,,,0,-1.0,match,0,0,False,fum_rec;blocked_kicks;def_fum_td,PFR
Minnesota Vikings,MIN,1982,9,1983-01-03,False,DAL,H,W,31,27,2.0,1,,0,,,,0,,,0,4.0,match,1,1,False,fum_rec;blocked_kicks;def_fum_td,PFR
Minnesota Vikings,MIN,1982,10,1983-01-09,True,ATL,H,W,30,24,3.0,2,,0,,,,0,,,0,7.0,match,2,2,False,fum_rec;blocked_kicks;def_fum_td,PFR
Minnesota Vikings,MIN,1982,11,1983-01-15,True,WAS,A,L,7,21,2.0,1,,0,,,,0,,,0,4.0,match,1,1,False,fum_rec;blocked_kicks;def_fum_td,PFR
New Orleans Saints,NOR,1982,1,1982-09-12,False,STL,H,L,7,21,6.0,0,,0,,,,0,,,0,6.0,match,0,0,False,fum_rec;blocked_kicks;def_fum_td,PFR
New Orleans Saints,NOR,1982,2,1982-09-19,False,CHI,A,W,10,0,5.0,3,,0,,,,0,,,0,21.0,match,3,3,False,fum_rec;blocked_kicks;def_fum_td,PFR
New Orleans Saints,NOR,1982,3,1982-11-21,False,KAN,H,W,27,17,6.0,1,,0,,,,0,,,0,9.0,match,1,1,False,fum_rec;blocked_kicks;def_fum_td,PFR
New Orleans Saints,NOR,1982,4,1982-11-28,False,SFO,A,W,23,20,2.0,1,,0,,,,0,,,0,5.0,match,1,1,False,fum_rec;blocked_kicks;def_fum_td,PFR
New Orleans Saints,NOR,1982,5,1982-12-05,False,TAM,H,L,10,13,1.0,0,,0,,,,0,,,0,5.0,match,0,0,False,fum_rec;blocked_kicks;def_fum_td,PFR
New Orleans Saints,NOR,1982,6,1982-12-12,False,ATL,A,L,0,35,2.0,1,,0,,,,0,,,0,0.0,match,1,1,False,fum_rec;blocked_kicks;def_fum_td,PFR
New Orleans Saints,NOR,1982,7,1982-12-19,False,DAL,A,L,7,21,2.0,2,,0,,,,0,,,0,6.0,match,2,2,False,fum_rec;blocked_kicks;def_fum_td,PFR
New Orleans Saints,NOR,1982,8,1982-12-26,False,WAS,H,L,10,27,3.0,0,,0,,,,0,,,0,3.0,match,0,0,False,fum_rec;blocked_kicks;def_fum_td,PFR
New Orleans Saints,NOR,1982,9,1983-01-02,False,ATL,H,W,35,6,4.0,1,,0,,,,0,,,0,13.0,match,1,1,False,fum_rec;blocked_kicks;def_fum_td,PFR
New England Patriots,NWE,1982,1,1982-09-12,False,BAL,A,W,24,13,2.0,3,,0,,,,0,,,0,12.0,match,3,3,False,fum_rec;blocked_kicks;def_fum_td,PFR
New England Patriots,NWE,1982,2,1982-09-19,False,NYJ,H,L,7,31,3.0,0,,0,,,,0,,,1,8.0,match,0,0,False,fum_rec;blocked_kicks;def_fum_td,PFR
New England Patriots,NWE,1982,3,1982-11-21,False,CLE,A,L,7,10,1.0,0,,0,,,,0,,,0,5.0,match,0,0,False,fum_rec;blocked_kicks;def_fum_td,PFR
New England Patriots,NWE,1982,4,1982-11-28,False,HOU,H,W,29,21,6.0,1,,0,,,,0,,,0,8.0,match,1,1,False,fum_rec;blocked_kicks;def_fum_td,PFR
New England Patriots,NWE,1982,5,1982-12-05,False,CHI,A,L,13,26,3.0,1,,0,,,,0,,,0,5.0,match,1,1,False,fum_rec;blocked_kicks;def_fum_td,PFR
New England Patriots,NWE,1982,6,1982-12-12,False,MIA,H,W,3,0,2.0,2,,0,,,,0,,,0,16.0,match,2,2,False,fum_rec;blocked_kicks;def_fum_td,PFR
New England Patriots,NWE,1982,7,1982-12-19,False,SEA,A,W,16,0,2.0,4,,0,,,,0,,,0,20.0,match,4,4,False,fum_rec;blocked_kicks;def_fum_td,PFR
New England Patriots,NWE,1982,8,1982-12-26,False,PIT,A,L,14,37,0,0,,0,,,,0,,,0,-4,match,0,0,False,fum_rec;blocked_kicks;def_fum_td,PFR
New England Patriots,NWE,1982,9,1983-01-02,False,BUF,H,W,30,19,1.0,1,,0,,,,0,,,0,4.0,match,1,1,False,fum_rec;blocked_kicks;def_fum_td,PFR
New England Patriots,NWE,1982,10,1983-01-08,True,MIA,A,L,13,28,2.0,0,,0,,,,0,,,0,1.0,match,0,0,False,fum_rec;blocked_kicks;def_fum_td,PFR
New York Giants,NYG,1982,1,1982-09-12,False,ATL,H,L,14,16,3.0,1,,0,,,,0,,,0,6.0,match,1,1,False,fum_rec;blocked_kicks;def_fum_td,PFR
New York Giants,NYG,1982,2,1982-09-20,False,GNB,H,L,19,27,4.0,0,,0,,,,0,,,0,4.0,match,0,0,False,fum_rec;blocked_kicks;def_fum_td,PFR
New York Giants,NYG,1982,3,1982-11-21,False,WAS,H,L,17,27,1.0,0,,0,,,,0,,,0,1.0,match,0,0,False,fum_rec;blocked_kicks;def_fum_td,PFR
New York Giants,NYG,1982,4,1982-11-25,False,DET,A,W,13,6,2.0,3,,0,,,,0,,,0,15.0,match,3,3,False,fum_rec;blocked_kicks;def_fum_td,PFR
New York Giants,NYG,1982,5,1982-12-05,False,HOU,H,W,17,14,5.0,0,,0,,,,0,,,0,6.0,match,0,0,False,fum_rec;blocked_kicks;def_fum_td,PFR
New York Giants,NYG,1982,6,1982-12-11,False,PHI,H,W,23,7,8.0,2,,0,,,,0,,,0,16.0,match,2,2,False,fum_rec;blocked_kicks;def_fum_td,PFR
New York Giants,NYG,1982,7,1982-12-19,False,WAS,A,L,14,15,1.0,4,,0,,,,0,,,0,10.0,match,4,4,False,fum_rec;blocked_kicks;def_fum_td,PFR
New York Giants,NYG,1982,8,1982-12-26,False,STL,A,L,21,24,4.0,1,,0,,,,0,,,0,6.0,match,1,1,False,fum_rec;blocked_kicks;def_fum_td,PFR
New York Giants,NYG,1982,9,1983-01-02,False,PHI,A,W,26,24,3.0,1,,0,,,,0,,,0,5.0,match,1,1,False,fum_rec;blocked_kicks;def_fum_td,PFR
New York Jets,NYJ,1982,1,1982-09-12,False,MIA,H,L,28,45,0,1,,0,,,,0,,,0,-2,match,1,1,False,fum_rec;blocked_kicks;def_fum_td,PFR
New York Jets,NYJ,1982,2,1982-09-19,False,NWE,A,W,31,7,6.0,3,,0,,,,0,,,0,16.0,match,3,3,False,fum_rec;blocked_kicks;def_fum_td,PFR
New York Jets,NYJ,1982,3,1982-11-21,False,BAL,H,W,37,0,0,2,,0,,,,0,,,0,14,match,2,2,False,fum_rec;blocked_kicks;def_fum_td,PFR
New York Jets,NYJ,1982,4,1982-11-28,False,GNB,H,W,15,13,3.0,0,,0,,,,0,,,0,7.0,match,0,0,False,fum_rec;blocked_kicks;def_fum_td,PFR
New York Jets,NYJ,1982,5,1982-12-06,False,DET,A,W,28,13,5.0,3,,0,,,,0,,,0,15.0,match,3,3,False,fum_rec;blocked_kicks;def_fum_td,PFR
New York Jets,NYJ,1982,6,1982-12-12,False,TAM,H,W,32,17,0,2,,0,,,,0,,,0,5,match,2,2,False,fum_rec;blocked_kicks;def_fum_td,PFR
New York Jets,NYJ,1982,7,1982-12-18,False,MIA,A,L,19,20,3.0,2,,0,,,,0,,,0,8.0,match,2,2,False,fum_rec;blocked_kicks;def_fum_td,PFR
New York Jets,NYJ,1982,8,1982-12-26,False,MIN,A,W,42,14,1.0,3,,0,,,,0,,,0,8.0,match,3,3,False,fum_rec;blocked_kicks;def_fum_td,PFR
New York Jets,NYJ,1982,9,1983-01-02,False,KAN,A,L,13,37,2.0,1,,0,,,,0,,,0,0.0,match,1,1,False,fum_rec;blocked_kicks;def_fum_td,PFR
New York Jets,NYJ,1982,10,1983-01-09,True,CIN,A,W,44,17,4.0,3,,0,,,,0,,,0,11.0,match,3,3,False,fum_rec;blocked_kicks;def_fum_td,PFR
New York Jets,NYJ,1982,11,1983-01-15,True,RAI,A,W,17,14,2.0,3,,0,,,,0,,,0,9.0,match,3,3,False,fum_rec;blocked_kicks;def_fum_td,PFR
New York Jets,NYJ,1982,12,1983-01-23,True,MIA,A,L,0,14,4.0,3,,0,,,,0,,,0,11.0,match,3,3,False,fum_rec;blocked_kicks;def_fum_td,PFR
Philadelphia Eagles,PHI,1982,1,1982-09-12,False,WAS,H,L,34,37,1.0,0,,0,,,,0,,,0,-3.0,match,0,0,False,fum_rec;blocked_kicks;def_fum_td,PFR
Philadelphia Eagles,PHI,1982,2,1982-09-19,False,CLE,A,W,24,21,1.0,2,,0,,,,0,,,0,5.0,match,2,2,False,fum_rec;blocked_kicks;def_fum_td,PFR
Philadelphia Eagles,PHI,1982,3,1982-11-21,False,CIN,H,L,14,18,3.0,2,,0,,,,0,,,0,8.0,match,2,2,False,fum_rec;blocked_kicks;def_fum_td,PFR
Philadelphia Eagles,PHI,1982,4,1982-11-28,False,WAS,A,L,9,13,4.0,2,,0,,,,0,,,0,12.0,match,2,2,False,fum_rec;blocked_kicks;def_fum_td,PFR
Philadelphia Eagles,PHI,1982,5,1982-12-05,False,STL,H,L,20,23,4.0,0,,0,,,,0,,,0,4.0,match,0,0,False,fum_rec;blocked_kicks;def_fum_td,PFR
Philadelphia Eagles,PHI,1982,6,1982-12-11,False,NYG,A,L,7,23,4.0,0,,0,,,,0,,,0,4.0,match,0,0,False,fum_rec;blocked_kicks;def_fum_td,PFR
Philadelphia Eagles,PHI,1982,7,1982-12-19,False,HOU,H,W,35,14,7.0,4,,0,,,,0,,,0,16.0,match,4,4,False,fum_rec;blocked_kicks;def_fum_td,PFR
Philadelphia Eagles,PHI,1982,8,1982-12-26,False,DAL,A,W,24,20,5.0,2,,0,,,,0,,,0,10.0,match,2,2,False,fum_rec;blocked_kicks;def_fum_td,PFR
Philadelphia Eagles,PHI,1982,9,1983-01-02,False,NYG,H,L,24,26,1.0,3,,0,,,,0,,,0,7.0,match,3,3,False,fum_rec;blocked_kicks;def_fum_td,PFR
Pittsburgh Steelers,PIT,1982,1,1982-09-13,False,DAL,A,W,36,28,3.0,2,,0,,,,0,,,0,6.0,match,2,2,False,fum_rec;blocked_kicks;def_fum_td,PFR
Pittsburgh Steelers,PIT,1982,2,1982-09-19,False,CIN,H,W,26,20,2.0,3,,0,,,,0,,,0,9.0,match,3,3,False,fum_rec;blocked_kicks;def_fum_td,PFR
Pittsburgh Steelers,PIT,1982,3,1982-11-21,False,HOU,A,W,24,10,5.0,3,,0,,,,0,,,0,15.0,match,3,3,False,fum_rec;blocked_kicks;def_fum_td,PFR
Pittsburgh Steelers,PIT,1982,4,1982-11-28,False,SEA,A,L,0,16,5.0,0,,0,,,,0,,,0,6.0,match,0,0,False,fum_rec;blocked_kicks;def_fum_td,PFR
Pittsburgh Steelers,PIT,1982,5,1982-12-05,False,KAN,H,W,35,14,8.0,1,,0,,,,0,,,0,11.0,match,1,1,False,fum_rec;blocked_kicks;def_fum_td,PFR
Pittsburgh Steelers,PIT,1982,6,1982-12-12,False,BUF,A,L,0,13,1.0,2,,0,,,,0,,,0,9.0,match,2,2,False,fum_rec;blocked_kicks;def_fum_td,PFR
Pittsburgh Steelers,PIT,1982,7,1982-12-19,False,CLE,A,L,9,10,6.0,1,,0,,,,0,,,0,12.0,match,1,1,False,fum_rec;blocked_kicks;def_fum_td,PFR
Pittsburgh Steelers,PIT,1982,8,1982-12-26,False,NWE,H,W,37,14,1.0,1,,0,,,,0,,,0,4.0,match,1,1,False,fum_rec;blocked_kicks;def_fum_td,PFR
Pittsburgh Steelers,PIT,1982,9,1983-01-02,False,CLE,H,W,37,21,3.0,4,,0,,,,0,,,0,11.0,match,4,4,False,fum_rec;blocked_kicks;def_fum_td,PFR
Pittsburgh Steelers,PIT,1982,10,1983-01-09,True,SDG,H,L,28,31,0,0,,0,,,,0,,,0,-1,match,0,0,False,fum_rec;blocked_kicks;def_fum_td,PFR
Los Angeles Raiders,RAI,1982,1,1982-09-12,False,SFO,A,W,23,17,5.0,1,,0,,,,0,,,0,8.0,match,1,1,False,fum_rec;blocked_kicks;def_fum_td,PFR
Los Angeles Raiders,RAI,1982,2,1982-09-19,False,ATL,A,W,38,14,7.0,3,,0,,,,0,,,0,14.0,match,3,3,False,fum_rec;blocked_kicks;def_fum_td,PFR
Los Angeles Raiders,RAI,1982,3,1982-11-22,False,SDG,H,W,28,24,2.0,2,,0,,,,0,,,0,6.0,match,2,2,False,fum_rec;blocked_kicks;def_fum_td,PFR
Los Angeles Raiders,RAI,1982,4,1982-11-28,False,CIN,A,L,17,31,0,0,,0,,,,0,,,0,-1,match,0,0,False,fum_rec;blocked_kicks;def_fum_td,PFR
Los Angeles Raiders,RAI,1982,5,1982-12-05,False,SEA,H,W,28,23,4.0,3,,0,,,,0,,,0,10.0,match,3,3,False,fum_rec;blocked_kicks;def_fum_td,PFR
Los Angeles Raiders,RAI,1982,6,1982-12-12,False,KAN,A,W,21,16,8.0,0,,0,,,,0,,,0,9.0,match,0,0,False,fum_rec;blocked_kicks;def_fum_td,PFR
Los Angeles Raiders,RAI,1982,7,1982-12-18,False,RAM,H,W,37,31,2.0,2,,0,,,,0,,,0,5.0,match,2,2,False,fum_rec;blocked_kicks;def_fum_td,PFR
Los Angeles Raiders,RAI,1982,8,1982-12-26,False,DEN,H,W,27,10,7.0,5,,0,,,,0,,,0,21.0,match,5,5,False,fum_rec;blocked_kicks;def_fum_td,PFR
Los Angeles Raiders,RAI,1982,9,1983-01-02,False,SDG,A,W,41,34,3.0,2,,0,,,,0,,,0,6.0,match,2,2,False,fum_rec;blocked_kicks;def_fum_td,PFR
Los Angeles Raiders,RAI,1982,10,1983-01-08,True,CLE,H,W,27,10,6.0,0,,0,,,,0,,,0,10.0,match,0,0,False,fum_rec;blocked_kicks;def_fum_td,PFR
Los Angeles Raiders,RAI,1982,11,1983-01-15,True,NYJ,H,L,14,17,4.0,2,,0,,,,0,,,0,9.0,match,2,2,False,fum_rec;blocked_kicks;def_fum_td,PFR
Los Angeles Rams,RAM,1982,1,1982-09-12,False,GNB,A,L,23,35,2.0,3,,0,,,,0,,,0,4.0,match,3,3,False,fum_rec;blocked_kicks;def_fum_td,PFR
Los Angeles Rams,RAM,1982,2,1982-09-19,False,DET,H,L,14,19,1.0,1,,0,,,,0,,,0,4.0,match,1,1,False,fum_rec;blocked_kicks;def_fum_td,PFR
Los Angeles Rams,RAM,1982,3,1982-11-21,False,ATL,A,L,17,34,0,0,,0,,,,0,,,0,-1,match,0,0,False,fum_rec;blocked_kicks;def_fum_td,PFR
Los Angeles Rams,RAM,1982,4,1982-11-28,False,KAN,H,W,20,14,3.0,1,,0,,,,0,,,1,12.0,match,1,1,False,fum_rec;blocked_kicks;def_fum_td,PFR
Los Angeles Rams,RAM,1982,5,1982-12-02,False,SFO,H,L,24,30,3.0,0,,0,,,,0,,,0,2.0,match,0,0,False,fum_rec;blocked_kicks;def_fum_td,PFR
Los Angeles Rams,RAM,1982,6,1982-12-12,False,DEN,H,L,24,27,5.0,1,,0,,,,0,,,0,7.0,match,1,1,False,fum_rec;blocked_kicks;def_fum_td,PFR
Los Angeles Rams,RAM,1982,7,1982-12-18,False,RAI,A,L,31,37,2.0,4,,0,,,,0,,,0,6.0,match,4,4,False,fum_rec;blocked_kicks;def_fum_td,PFR
Los Angeles Rams,RAM,1982,8,1982-12-26,False,CHI,H,L,26,34,2.0,0,,0,,,,0,,,0,1.0,match,0,0,False,fum_rec;blocked_kicks;def_fum_td,PFR
Los Angeles Rams,RAM,1982,9,1983-01-02,False,SFO,A,W,21,20,0,1,,0,,,,0,,,0,3,match,1,1,False,fum_rec;blocked_kicks;def_fum_td,PFR
San Diego Chargers,SDG,1982,1,1982-09-12,False,DEN,A,W,23,3,1.0,2,,0,,,,0,,,0,12.0,match,2,2,False,fum_rec;blocked_kicks;def_fum_td,PFR
San Diego Chargers,SDG,1982,2,1982-09-19,False,KAN,A,L,12,19,3.0,1,,0,,,,0,,,0,6.0,match,1,1,False,fum_rec;blocked_kicks;def_fum_td,PFR
San Diego Chargers,SDG,1982,3,1982-11-22,False,RAI,A,L,24,28,2.0,2,,0,,,,0,,,0,5.0,match,2,2,False,fum_rec;blocked_kicks;def_fum_td,PFR
San Diego Chargers,SDG,1982,4,1982-11-28,False,DEN,H,W,30,20,1.0,2,,0,,,,0,,,0,6.0,match,2,2,False,fum_rec;blocked_kicks;def_fum_td,PFR
San Diego Chargers,SDG,1982,5,1982-12-05,False,CLE,A,W,30,13,4.0,2,,0,,,,0,,,0,12.0,match,2,2,False,fum_rec;blocked_kicks;def_fum_td,PFR
San Diego Chargers,SDG,1982,6,1982-12-11,False,SFO,A,W,41,37,0.0,2,,0,,,,0,,,0,0,match,2,2,False,fum_rec;blocked_kicks;def_fum_td,PFR
San Diego Chargers,SDG,1982,7,1982-12-20,False,CIN,H,W,50,34,3.0,1,,0,,,,0,,,0,4.0,match,1,1,False,fum_rec;blocked_kicks;def_fum_td,PFR
San Diego Chargers,SDG,1982,8,1982-12-26,False,BAL,H,W,44,26,2.0,1,,0,,,,0,,,0,4.0,match,1,1,False,fum_rec;blocked_kicks;def_fum_td,PFR
San Diego Chargers,SDG,1982,9,1983-01-02,False,RAI,H,L,34,41,3.0,0,,0,,,,0,,,0,-1.0,match,0,0,False,fum_rec;blocked_kicks;def_fum_td,PFR
San Diego Chargers,SDG,1982,10,1983-01-09,True,PIT,A,W,31,28,0.0,2,,0,,,,0,,,0,3,match,2,2,False,fum_rec;blocked_kicks;def_fum_td,PFR
San Diego Chargers,SDG,1982,11,1983-01-16,True,MIA,A,L,13,34,1.0,1,,0,,,,0,,,0,2.0,match,1,1,False,fum_rec;blocked_kicks;def_fum_td,PFR
Seattle Seahawks,SEA,1982,1,1982-09-12,False,CLE,H,L,7,21,1.0,0,,0,,,,0,,,0,1.0,match,0,0,False,fum_rec;blocked_kicks;def_fum_td,PFR
Seattle Seahawks,SEA,1982,2,1982-09-19,False,HOU,A,L,21,23,3.0,2,,0,,,,0,,,0,7.0,match,2,2,False,fum_rec;blocked_kicks;def_fum_td,PFR
Seattle Seahawks,SEA,1982,3,1982-11-21,False,DEN,A,W,17,10,2.0,2,,0,,,,0,,,0,10.0,match,2,2,False,fum_rec;blocked_kicks;def_fum_td,PFR
Seattle Seahawks,SEA,1982,4,1982-11-28,False,PIT,H,W,16,0,1.0,3,,0,,,,0,,,0,17.0,match,3,3,False,fum_rec;blocked_kicks;def_fum_td,PFR
Seattle Seahawks,SEA,1982,5,1982-12-05,False,RAI,A,L,23,28,4.0,1,,0,,,,0,,,0,5.0,match,1,1,False,fum_rec;blocked_kicks;def_fum_td,PFR
Seattle Seahawks,SEA,1982,6,1982-12-12,False,CHI,H,W,20,14,3.0,1,,0,,,,0,,,0,6.0,match,1,1,False,fum_rec;blocked_kicks;def_fum_td,PFR
Seattle Seahawks,SEA,1982,7,1982-12-19,False,NWE,H,L,0,16,1.0,0,,0,,,,0,,,0,2.0,match,0,0,False,fum_rec;blocked_kicks;def_fum_td,PFR
Seattle Seahawks,SEA,1982,8,1982-12-26,False,CIN,A,L,10,24,2.0,2,,0,,,,0,,,0,6.0,match,2,2,False,fum_rec;blocked_kicks;def_fum_td,PFR
Seattle Seahawks,SEA,1982,9,1983-01-02,False,DEN,H,W,13,11,0.0,2,,0,,,,0,,,0,8,match,2,2,False,fum_rec;blocked_kicks;def_fum_td,PFR
San Francisco 49ers,SFO,1982,1,1982-09-12,False,RAI,H,L,17,23,3.0,2,,0,,,,0,,,0,7.0,match,2,2,False,fum_rec;blocked_kicks;def_fum_td,PFR
San Francisco 49ers,SFO,1982,2,1982-09-19,False,DEN,A,L,21,24,3.0,1,,0,,,,0,,,0,5.0,match,1,1,False,fum_rec;blocked_kicks;def_fum_td,PFR
San Francisco 49ers,SFO,1982,3,1982-11-21,False,STL,A,W,31,20,1.0,0,,0,,,,0,,,0,2.0,match,0,0,False,fum_rec;blocked_kicks;def_fum_td,PFR
San Francisco 49ers,SFO,1982,4,1982-11-28,False,NOR,H,L,20,23,0,1,,0,,,,0,,,0,2,match,1,1,False,fum_rec;blocked_kicks;def_fum_td,PFR
San Francisco 49ers,SFO,1982,5,1982-12-02,False,RAM,A,W,30,24,1.0,2,,0,,,,0,,,0,5.0,match,2,2,False,fum_rec;blocked_kicks;def_fum_td,PFR
San Francisco 49ers,SFO,1982,6,1982-12-11,False,SDG,H,L,37,41,0,0,,0,,,,0,,,0,-4,match,0,0,False,fum_rec;blocked_kicks;def_fum_td,PFR
San Francisco 49ers,SFO,1982,7,1982-12-19,False,ATL,H,L,7,17,2.0,2,,0,,,,0,,,0,7.0,match,2,2,False,fum_rec;blocked_kicks;def_fum_td,PFR
San Francisco 49ers,SFO,1982,8,1982-12-26,False,KAN,A,W,26,13,5.0,1,,0,,,,0,,,0,11.0,match,1,1,False,fum_rec;blocked_kicks;def_fum_td,PFR
San Francisco 49ers,SFO,1982,9,1983-01-02,False,RAM,H,L,20,21,0,0,,0,,,,0,,,1,6,match,0,0,False,fum_rec;blocked_kicks;def_fum_td,PFR
St. Louis Cardinals,STL,1982,1,1982-09-12,False,NOR,A,W,21,7,5.0,2,,0,,,,0,,,0,13.0,match,2,2,False,fum_rec;blocked_kicks;def_fum_td,PFR
St. Louis Cardinals,STL,1982,2,1982-09-19,False,DAL,H,L,7,24,3.0,2,,0,,,,0,,,0,7.0,match,2,2,False,fum_rec;blocked_kicks;def_fum_td,PFR
St. Louis Cardinals,STL,1982,3,1982-11-21,False,SFO,H,L,20,31,4.0,1,,0,,,,0,,,0,5.0,match,1,1,False,fum_rec;blocked_kicks;def_fum_td,PFR
St. Louis Cardinals,STL,1982,4,1982-11-28,False,ATL,A,W,23,20,0.0,1,,0,,,,0,,,0,3,match,1,1,False,fum_rec;blocked_kicks;def_fum_td,PFR
St. Louis Cardinals,STL,1982,5,1982-12-05,False,PHI,A,W,23,20,2.0,0,,0,,,,0,,,0,3.0,match,0,0,False,fum_rec;blocked_kicks;def_fum_td,PFR
St. Louis Cardinals,STL,1982,6,1982-12-12,False,WAS,H,L,7,12,2.0,0,,0,,,,0,,,0,6.0,match,0,0,False,fum_rec;blocked_kicks;def_fum_td,PFR
St. Louis Cardinals,STL,1982,7,1982-12-19,False,CHI,A,W,10,7,1.0,0,,0,,,,0,,,0,5.0,match,0,0,False,fum_rec;blocked_kicks;def_fum_td,PFR
St. Louis Cardinals,STL,1982,8,1982-12-26,False,NYG,H,W,24,21,1.0,0,,0,,,,0,,,0,1.0,match,0,0,False,fum_rec;blocked_kicks;def_fum_td,PFR
St. Louis Cardinals,STL,1982,9,1983-01-02,False,WAS,A,L,0,28,5.0,0,,0,,,,0,,,0,4.0,match,0,0,False,fum_rec;blocked_kicks;def_fum_td,PFR
St. Louis Cardinals,STL,1982,10,1983-01-08,True,GNB,A,L,16,41,0,0,,0,,,,0,,,0,-4,match,0,0,False,fum_rec;blocked_kicks;def_fum_td,PFR
Tampa Bay Buccaneers,TAM,1982,1,1982-09-12,False,MIN,A,L,10,17,3.0,0,,0,,,,0,,,0,4.0,match,0,0,False,fum_rec;blocked_kicks;def_fum_td,PFR
Tampa Bay Buccaneers,TAM,1982,2,1982-09-19,False,WAS,H,L,13,21,6.0,0,,0,,,,0,,,0,6.0,match,0,0,False,fum_rec;blocked_kicks;def_fum_td,PFR
Tampa Bay Buccaneers,TAM,1982,3,1982-11-21,False,DAL,A,L,9,14,4.0,1,,0,,,,0,,,0,7.0,match,1,1,False,fum_rec;blocked_kicks;def_fum_td,PFR
Tampa Bay Buccaneers,TAM,1982,4,1982-11-29,False,MIA,H,W,23,17,1.3,5,,0,,,,0,,,0,12.3,match,5,5,False,fum_rec;blocked_kicks;def_fum_td,PFR
Tampa Bay Buccaneers,TAM,1982,5,1982-12-05,False,NOR,A,W,13,10,2.0,0,,0,,,,0,,,0,6.0,match,0,0,False,fum_rec;blocked_kicks;def_fum_td,PFR
Tampa Bay Buccaneers,TAM,1982,6,1982-12-12,False,NYJ,A,L,17,32,2.0,0,,0,,,,0,,,0,1.0,match,0,0,False,fum_rec;blocked_kicks;def_fum_td,PFR
Tampa Bay Buccaneers,TAM,1982,7,1982-12-19,False,BUF,H,W,24,23,1.0,3,,0,,,,0,,,0,7.0,match,3,3,False,fum_rec;blocked_kicks;def_fum_td,PFR
Tampa Bay Buccaneers,TAM,1982,8,1982-12-26,False,DET,H,W,23,21,1.0,2,,0,,,,0,,,0,5.0,match,2,2,False,fum_rec;blocked_kicks;def_fum_td,PFR
Tampa Bay Buccaneers,TAM,1982,9,1983-01-02,False,CHI,H,W,26,23,4.0,0,,0,,,,0,,,0,4.0,match,0,0,False,fum_rec;blocked_kicks;def_fum_td,PFR
Tampa Bay Buccaneers,TAM,1982,10,1983-01-09,True,DAL,A,L,17,30,5.0,2,,0,,,,0,,,0,8.0,match,2,2,False,fum_rec;blocked_kicks;def_fum_td,PFR
Washington Redskins,WAS,1982,1,1982-09-12,False,PHI,A,W,37,34,6.0,0,,0,,,,0,,,0,5.0,match,0,0,False,fum_rec;blocked_kicks;def_fum_td,PFR
Washington Redskins,WAS,1982,2,1982-09-19,False,TAM,A,W,21,13,2.0,0,,0,,,,0,,,0,6.0,match,0,0,False,fum_rec;blocked_kicks;def_fum_td,PFR
Washington Redskins,WAS,1982,3,1982-11-21,False,NYG,A,W,27,17,3.0,1,,0,,,,0,,,0,6.0,match,1,1,False,fum_rec;blocked_kicks;def_fum_td,PFR
Washington Redskins,WAS,1982,4,1982-11-28,False,PHI,H,W,13,9,2.0,4,,0,,,,0,,,0,14.0,match,4,4,False,fum_rec;blocked_kicks;def_fum_td,PFR
Washington Redskins,WAS,1982,5,1982-12-05,False,DAL,H,L,10,24,1.0,2,,0,,,,0,,,0,5.0,match,2,2,False,fum_rec;blocked_kicks;def_fum_td,PFR
Washington Redskins,WAS,1982,6,1982-12-12,False,STL,A,W,12,7,3.0,0,,0,,,,0,,,0,7.0,match,0,0,False,fum_rec;blocked_kicks;def_fum_td,PFR
Washington Redskins,WAS,1982,7,1982-12-19,False,NYG,H,W,15,14,5.0,0,,0,,,,0,,,0,6.0,match,0,0,False,fum_rec;blocked_kicks;def_fum_td,PFR
Washington Redskins,WAS,1982,8,1982-12-26,False,NOR,A,W,27,10,5.0,1,,0,,,,0,,,0,11.0,match,1,1,False,fum_rec;blocked_kicks;def_fum_td,PFR
Washington Redskins,WAS,1982,9,1983-01-02,False,STL,H,W,28,0,5.0,3,,0,,,,0,,,0,21.0,match,3,3,False,fum_rec;blocked_kicks;def_fum_td,PFR
Washington Redskins,WAS,1982,10,1983-01-08,True,DET,H,W,31,7,4.0,2,,0,,,,0,,,0,12.0,match,2,2,False,fum_rec;blocked_kicks;def_fum_td,PFR
Washington Redskins,WAS,1982,11,1983-01-15,True,MIN,H,W,21,7,2.0,0,,0,,,,0,,,0,6.0,match,0,0,False,fum_rec;blocked_kicks;def_fum_td,PFR
Washington Redskins,WAS,1982,12,1983-01-22,True,DAL,H,W,31,17,0.0,2,,0,,,,0,,,0,5,match,2,2,False,fum_rec;blocked_kicks;def_fum_td,PFR
Washington Redskins,WAS,1982,13,1983-01-30,True,MIA,N,W,27,17,1.0,1,,0,,,,0,,,0,4.0,match,1,1,False,fum_rec;blocked_kicks;def_fum_td,PFR
Atlanta Falcons,ATL,1983,1,1983-09-04,False,CHI,A,W,20,17,4.0,1,,0,,,,0,,,0,7.0,match,1,1,False,fum_rec;blocked_kicks;def_fum_td,PFR
Atlanta Falcons,ATL,1983,2,1983-09-11,False,NYG,H,L,13,16,1.0,1,,0,,,,0,,,0,4.0,match,1,1,False,fum_rec;blocked_kicks;def_fum_td,PFR
Atlanta Falcons,ATL,1983,3,1983-09-18,False,DET,A,W,30,14,3.0,1,,0,,,,0,,,0,6.0,match,1,1,False,fum_rec;blocked_kicks;def_fum_td,PFR
Atlanta Falcons,ATL,1983,4,1983-09-25,False,SFO,A,L,20,24,0,2,,0,,,,0,,,0,4,match,2,2,False,fum_rec;blocked_kicks;def_fum_td,PFR
Atlanta Falcons,ATL,1983,5,1983-10-02,False,PHI,H,L,24,28,4.0,0,,0,,,,0,,,0,3.0,match,0,0,False,fum_rec;blocked_kicks;def_fum_td,PFR
Atlanta Falcons,ATL,1983,6,1983-10-09,False,NOR,H,L,17,19,0,1,,0,,,,0,,,0,3,match,1,1,False,fum_rec;blocked_kicks;def_fum_td,PFR
Atlanta Falcons,ATL,1983,7,1983-10-16,False,RAM,A,L,21,27,4.0,1,,0,,,,0,,,0,6.0,match,1,1,False,fum_rec;blocked_kicks;def_fum_td,PFR
Atlanta Falcons,ATL,1983,8,1983-10-23,False,NYJ,A,W,27,21,4.0,1,,0,,,,0,,,1,12.0,match,1,1,False,fum_rec;blocked_kicks;def_fum_td,PFR
Atlanta Falcons,ATL,1983,9,1983-10-30,False,NWE,H,W,24,13,1.0,1,,0,,,,0,,,0,7.0,match,1,1,False,fum_rec;blocked_kicks;def_fum_td,PFR
Atlanta Falcons,ATL,1983,10,1983-11-06,False,NOR,A,L,10,27,2.0,1,,0,,,,0,,,0,4.0,match,1,1,False,fum_rec;blocked_kicks;def_fum_td,PFR
Atlanta Falcons,ATL,1983,11,1983-11-14,False,RAM,H,L,13,36,0,0,,0,,,,0,,,0,-4,match,0,0,False,fum_rec;blocked_kicks;def_fum_td,PFR
Atlanta Falcons,ATL,1983,12,1983-11-20,False,SFO,H,W,28,24,1.0,0,,0,,,,0,,,0,1.0,match,0,0,False,fum_rec;blocked_kicks;def_fum_td,PFR
Atlanta Falcons,ATL,1983,13,1983-11-27,False,GNB,H,W,47,41,0,3,,0,,,,0,,,0,2,match,3,3,False,fum_rec;blocked_kicks;def_fum_td,PFR
Atlanta Falcons,ATL,1983,14,1983-12-04,False,WAS,A,L,21,37,1.0,0,,0,,,,0,,,0,-3.0,match,0,0,False,fum_rec;blocked_kicks;def_fum_td,PFR
Atlanta Falcons,ATL,1983,15,1983-12-10,False,MIA,A,L,24,31,0,0,,0,,,,0,,,0,-1,match,0,0,False,fum_rec;blocked_kicks;def_fum_td,PFR
Atlanta Falcons,ATL,1983,16,1983-12-18,False,BUF,H,W,31,14,6.0,2,,0,,,,0,,,0,11.0,match,2,2,False,fum_rec;blocked_kicks;def_fum_td,PFR
Baltimore Colts,BAL,1983,1,1983-09-04,False,NWE,A,W,29,23,7.0,1,,0,,,,0,,,0,9.0,match,1,1,False,fum_rec;blocked_kicks;def_fum_td,PFR
Baltimore Colts,BAL,1983,2,1983-09-11,False,DEN,H,L,10,17,5.0,1,,0,,,,0,,,0,8.0,match,1,1,False,fum_rec;blocked_kicks;def_fum_td,PFR
Baltimore Colts,BAL,1983,3,1983-09-18,False,BUF,A,L,23,28,1.0,0,,0,,,,0,,,0,0.0,match,0,0,False,fum_rec;blocked_kicks;def_fum_td,PFR
Baltimore Colts,BAL,1983,4,1983-09-25,False,CHI,H,W,22,19,3.0,2,,0,,,,0,,,0,8.0,match,2,2,False,fum_rec;blocked_kicks;def_fum_td,PFR
Baltimore Colts,BAL,1983,5,1983-10-02,False,CIN,A,W,34,31,2.0,3,,0,,,,0,,,0,7.0,match,3,3,False,fum_rec;blocked_kicks;def_fum_td,PFR
Baltimore Colts,BAL,1983,6,1983-10-09,False,NWE,H,W,12,7,4.0,2,,0,,,,0,,,0,12.0,match,2,2,False,fum_rec;blocked_kicks;def_fum_td,PFR
Baltimore Colts,BAL,1983,7,1983-10-16,False,BUF,H,L,7,30,0.0,0,,0,,,,0,,,0,-1,match,0,0,False,fum_rec;blocked_kicks;def_fum_td,PFR
Baltimore Colts,BAL,1983,8,1983-10-23,False,MIA,H,L,7,21,0,0,,0,,,,0,,,0,0,match,0,0,False,fum_rec;blocked_kicks;def_fum_td,PFR
Baltimore Colts,BAL,1983,9,1983-10-30,False,PHI,A,W,22,21,2.0,2,,0,,,,0,,,0,6.0,match,2,2,False,fum_rec;blocked_kicks;def_fum_td,PFR
Baltimore Colts,BAL,1983,10,1983-11-06,False,NYJ,A,W,17,14,4.0,2,,0,,,,0,,,0,9.0,match,2,2,False,fum_rec;blocked_kicks;def_fum_td,PFR
Baltimore Colts,BAL,1983,11,1983-11-13,False,PIT,H,L,13,24,3.0,1,,0,,,,0,,,0,5.0,match,1,1,False,fum_rec;blocked_kicks;def_fum_td,PFR
Baltimore Colts,BAL,1983,12,1983-11-20,False,MIA,A,L,0,37,0.0,0,,0,,,,0,,,0,-4,match,0,0,False,fum_rec;blocked_kicks;def_fum_td,PFR
Baltimore Colts,BAL,1983,13,1983-11-27,False,CLE,A,L,23,41,1.0,0,,0,,,,0,,,0,-3.0,match,0,0,False,fum_rec;blocked_kicks;def_fum_td,PFR
Baltimore Colts,BAL,1983,14,1983-12-04,False,NYJ,H,L,6,10,1.0,3,,0,,,,0,,,0,11.0,match,3,3,False,fum_rec;blocked_kicks;def_fum_td,PFR
Baltimore Colts,BAL,1983,15,1983-12-11,False,DEN,A,L,19,21,5.0,0,,0,,,,0,,,0,5.0,match,0,0,False,fum_rec;blocked_kicks;def_fum_td,PFR
Baltimore Colts,BAL,1983,16,1983-12-18,False,HOU,H,W,20,10,3.0,3,,0,,,,0,,,0,13.0,match,3,3,False,fum_rec;blocked_kicks;def_fum_td,PFR
Buffalo Bills,BUF,1983,1,1983-09-04,False,MIA,H,L,0,12,3.0,0,,0,,,,0,,,0,7.0,match,0,0,False,fum_rec;blocked_kicks;def_fum_td,PFR
Buffalo Bills,BUF,1983,2,1983-09-11,False,CIN,A,W,10,6,0,0,,0,,,,0,,,0,7,match,0,0,False,fum_rec;blocked_kicks;def_fum_td,PFR
Buffalo Bills,BUF,1983,3,1983-09-18,False,BAL,H,W,28,23,1.0,0,,0,,,,0,,,0,1.0,match,0,0,False,fum_rec;blocked_kicks;def_fum_td,PFR
Buffalo Bills,BUF,1983,4,1983-09-25,False,HOU,H,W,30,13,7.0,0,,0,,,,0,,,0,11.0,match,0,0,False,fum_rec;blocked_kicks;def_fum_td,PFR
Buffalo Bills,BUF,1983,5,1983-10-03,False,NYJ,H,L,10,34,2.0,1,,0,,,,0,,,0,3.0,match,1,1,False,fum_rec;blocked_kicks;def_fum_td,PFR
Buffalo Bills,BUF,1983,6,1983-10-09,False,MIA,A,W,38,35,3.0,2,,0,,,,0,,,0,3.0,match,2,2,False,fum_rec;blocked_kicks;def_fum_td,PFR
Buffalo Bills,BUF,1983,7,1983-10-16,False,BAL,A,W,30,7,4.0,3,,0,,,,0,,,0,14.0,match,3,3,False,fum_rec;blocked_kicks;def_fum_td,PFR
Buffalo Bills,BUF,1983,8,1983-10-23,False,NWE,H,L,0,31,1.0,0,,0,,,,0,,,0,0.0,match,0,0,False,fum_rec;blocked_kicks;def_fum_td,PFR
Buffalo Bills,BUF,1983,9,1983-10-30,False,NOR,H,W,27,21,0,2,,0,,,,0,,,0,4,match,2,2,False,fum_rec;blocked_kicks;def_fum_td,PFR
Buffalo Bills,BUF,1983,10,1983-11-06,False,NWE,A,L,7,21,0,2,,0,,,,0,,,0,4,match,2,2,False,fum_rec;blocked_kicks;def_fum_td,PFR
Buffalo Bills,BUF,1983,11,1983-11-13,False,NYJ,A,W,24,17,2.0,1,,0,,,,0,,,0,5.0,match,1,1,False,fum_rec;blocked_kicks;def_fum_td,PFR
Buffalo Bills,BUF,1983,12,1983-11-20,False,RAI,H,L,24,27,0,0,,0,,,,0,,,0,0,match,0,0,False,fum_rec;blocked_kicks;def_fum_td,PFR
Buffalo Bills,BUF,1983,13,1983-11-27,False,RAM,A,L,17,41,1.0,0,,0,,,,0,,,0,-3.0,match,0,0,False,fum_rec;blocked_kicks;def_fum_td,PFR
Buffalo Bills,BUF,1983,14,1983-12-04,False,KAN,A,W,14,9,3.0,2,,0,,,,0,,,0,11.0,match,2,2,False,fum_rec;blocked_kicks;def_fum_td,PFR
Buffalo Bills,BUF,1983,15,1983-12-11,False,SFO,H,L,10,23,4.0,0,,0,,,,0,,,0,4.0,match,0,0,False,fum_rec;blocked_kicks;def_fum_td,PFR
Buffalo Bills,BUF,1983,16,1983-12-18,False,ATL,A,L,14,31,1.0,0,,0,,,,0,,,0,0.0,match,0,0,False,fum_rec;blocked_kicks;def_fum_td,PFR
Chicago Bears,CHI,1983,1,1983-09-04,False,ATL,H,L,17,20,4.0,0,,0,,,,0,,,0,5.0,match,0,0,False,fum_rec;blocked_kicks;def_fum_td,PFR
Chicago Bears,CHI,1983,2,1983-09-11,False,TAM,H,W,17,10,2.0,1,,0,,,,0,,,0,8.0,match,1,1,False,fum_rec;blocked_kicks;def_fum_td,PFR
Chicago Bears,CHI,1983,3,1983-09-18,False,NOR,A,L,31,34,6.0,3,,0,,,,0,,,0,11.0,match,3,3,False,fum_rec;blocked_kicks;def_fum_td,PFR
Chicago Bears,CHI,1983,4,1983-09-25,False,BAL,A,L,19,22,1.0,2,,0,,,,0,,,0,5.0,match,2,2,False,fum_rec;blocked_kicks;def_fum_td,PFR
Chicago Bears,CHI,1983,5,1983-10-02,False,DEN,H,W,31,14,9.0,2,,0,,,,0,,,0,14.0,match,2,2,False,fum_rec;blocked_kicks;def_fum_td,PFR
Chicago Bears,CHI,1983,6,1983-10-09,False,MIN,H,L,14,23,1.0,1,,0,,,,0,,,0,3.0,match,1,1,False,fum_rec;blocked_kicks;def_fum_td,PFR
Chicago Bears,CHI,1983,7,1983-10-16,False,DET,A,L,17,31,1.0,0,,0,,,,0,,,0,0.0,match,0,0,False,fum_rec;blocked_kicks;def_fum_td,PFR
Chicago Bears,CHI,1983,8,1983-10-23,False,PHI,A,W,7,6,4.0,0,,0,,,,0,,,0,11.0,match,0,0,False,fum_rec;blocked_kicks;def_fum_td,PFR
Chicago Bears,CHI,1983,9,1983-10-30,False,DET,H,L,17,38,1.0,0,,0,,,,0,,,0,-3.0,match,0,0,False,fum_rec;blocked_kicks;def_fum_td,PFR
Chicago Bears,CHI,1983,10,1983-11-06,False,RAM,A,L,14,21,1.0,0,,0,,,,0,,,0,1.0,match,0,0,False,fum_rec;blocked_kicks;def_fum_td,PFR
Chicago Bears,CHI,1983,11,1983-11-13,False,PHI,H,W,17,14,1.0,1,,0,,,,0,,,0,4.0,match,1,1,False,fum_rec;blocked_kicks;def_fum_td,PFR
Chicago Bears,CHI,1983,12,1983-11-20,False,TAM,A,W,27,0,5.0,2,,0,,,,0,,,0,19.0,match,2,2,False,fum_rec;blocked_kicks;def_fum_td,PFR
Chicago Bears,CHI,1983,13,1983-11-27,False,SFO,H,W,13,3,5.0,2,,0,,,,0,,,0,16.0,match,2,2,False,fum_rec;blocked_kicks;def_fum_td,PFR
Chicago Bears,CHI,1983,14,1983-12-04,False,GNB,A,L,28,31,2.0,2,,0,,,,0,,,1,11.0,match,2,2,False,fum_rec;blocked_kicks;def_fum_td,PFR
Chicago Bears,CHI,1983,15,1983-12-11,False,MIN,A,W,19,13,4.0,1,,0,,,,0,,,0,10.0,match,1,1,False,fum_rec;blocked_kicks;def_fum_td,PFR
Chicago Bears,CHI,1983,16,1983-12-18,False,GNB,H,W,23,21,4.0,4,,0,,,,0,,,0,12.0,match,4,4,False,fum_rec;blocked_kicks;def_fum_td,PFR
Cincinnati Bengals,CIN,1983,1,1983-09-04,False,RAI,H,L,10,20,3.0,1,,0,,,,0,,,0,6.0,match,1,1,False,fum_rec;blocked_kicks;def_fum_td,PFR
Cincinnati Bengals,CIN,1983,2,1983-09-11,False,BUF,H,L,6,10,2.0,0,,0,,,,0,,,0,6.0,match,0,0,False,fum_rec;blocked_kicks;def_fum_td,PFR
Cincinnati Bengals,CIN,1983,3,1983-09-15,False,CLE,A,L,7,17,1.0,2,,0,,,,0,,,0,6.0,match,2,2,False,fum_rec;blocked_kicks;def_fum_td,PFR
Cincinnati Bengals,CIN,1983,4,1983-09-25,False,TAM,A,W,23,17,3.0,3,,0,,,,0,,,0,10.0,match,3,3,False,fum_rec;blocked_kicks;def_fum_td,PFR
Cincinnati Bengals,CIN,1983,5,1983-10-02,False,BAL,H,L,31,34,4.0,0,,0,,,,0,,,0,3.0,match,0,0,False,fum_rec;blocked_kicks;def_fum_td,PFR
Cincinnati Bengals,CIN,1983,6,1983-10-10,False,PIT,H,L,14,24,2.0,1,,0,,,,0,,,0,4.0,match,1,1,False,fum_rec;blocked_kicks;def_fum_td,PFR
Cincinnati Bengals,CIN,1983,7,1983-10-16,False,DEN,A,L,17,24,1.0,1,,0,,,,0,,,0,3.0,match,1,1,False,fum_rec;blocked_kicks;def_fum_td,PFR
Cincinnati Bengals,CIN,1983,8,1983-10-23,False,CLE,H,W,28,21,1.0,2,,0,,,,0,,,0,5.0,match,2,2,False,fum_rec;blocked_kicks;def_fum_td,PFR
Cincinnati Bengals,CIN,1983,9,1983-10-30,False,GNB,H,W,34,14,4.0,2,,0,,,,0,,,0,9.0,match,2,2,False,fum_rec;blocked_kicks;def_fum_td,PFR
Cincinnati Bengals,CIN,1983,10,1983-11-06,False,HOU,A,W,55,14,4.0,3,,0,,,,0,,,0,11.0,match,3,3,False,fum_rec;blocked_kicks;def_fum_td,PFR
Cincinnati Bengals,CIN,1983,11,1983-11-13,False,KAN,A,L,15,20,2.0,0,,0,,,,0,,,0,3.0,match,0,0,False,fum_rec;blocked_kicks;def_fum_td,PFR
Cincinnati Bengals,CIN,1983,12,1983-11-20,False,HOU,H,W,38,10,1.0,3,,0,,,,0,,,0,11.0,match,3,3,False,fum_rec;blocked_kicks;def_fum_td,PFR
Cincinnati Bengals,CIN,1983,13,1983-11-28,False,MIA,A,L,14,38,1.0,0,,0,,,,0,,,0,-3.0,match,0,0,False,fum_rec;blocked_kicks;def_fum_td,PFR
Cincinnati Bengals,CIN,1983,14,1983-12-04,False,PIT,A,W,23,10,3.0,2,,0,,,,0,,,0,11.0,match,2,2,False,fum_rec;blocked_kicks;def_fum_td,PFR
Cincinnati Bengals,CIN,1983,15,1983-12-11,False,DET,H,W,17,9,3.0,1,,0,,,,0,,,0,9.0,match,1,1,False,fum_rec;blocked_kicks;def_fum_td,PFR
Cincinnati Bengals,CIN,1983,16,1983-12-17,False,MIN,A,L,14,20,3.0,2,,0,,,,0,,,0,8.0,match,2,2,False,fum_rec;blocked_kicks;def_fum_td,PFR
Cleveland Browns,CLE,1983,1,1983-09-04,False,MIN,H,L,21,27,0.0,1,,0,,,,0,,,0,2,match,1,1,False,fum_rec;blocked_kicks;def_fum_td,PFR
Cleveland Browns,CLE,1983,2,1983-09-11,False,DET,A,W,31,26,3.0,3,,0,,,,0,,,0,9.0,match,3,3,False,fum_rec;blocked_kicks;def_fum_td,PFR
Cleveland Browns,CLE,1983,3,1983-09-15,False,CIN,H,W,17,7,1.0,2,,0,,,,0,,,0,9.0,match,2,2,False,fum_rec;blocked_kicks;def_fum_td,PFR
Cleveland Browns,CLE,1983,4,1983-09-25,False,SDG,A,W,30,24,1.0,0,,0,,,,0,,,0,1.0,match,0,0,False,fum_rec;blocked_kicks;def_fum_td,PFR
Cleveland Browns,CLE,1983,5,1983-10-02,False,SEA,H,L,9,24,0,1,,0,,,,0,,,0,2,match,1,1,False,fum_rec;blocked_kicks;def_fum_td,PFR
Cleveland Browns,CLE,1983,6,1983-10-09,False,NYJ,H,W,10,7,2.0,1,,0,,,,0,,,0,8.0,match,1,1,False,fum_rec;blocked_kicks;def_fum_td,PFR
Cleveland Browns,CLE,1983,7,1983-10-16,False,PIT,A,L,17,44,1.0,0,,0,,,,0,,,0,-3.0,match,0,0,False,fum_rec;blocked_kicks;def_fum_td,PFR
Cleveland Browns,CLE,1983,8,1983-10-23,False,CIN,A,L,21,28,1.0,0,,0,,,,0,,,0,0.0,match,0,0,False,fum_rec;blocked_kicks;def_fum_td,PFR
Cleveland Browns,CLE,1983,9,1983-10-30,False,HOU,H,W,25,19,3.0,1,,0,,,,0,,,0,6.0,match,1,1,False,fum_rec;blocked_kicks;def_fum_td,PFR
Cleveland Browns,CLE,1983,10,1983-11-06,False,GNB,A,L,21,35,2.0,3,,0,,,,0,,,0,4.0,match,3,3,False,fum_rec;blocked_kicks;def_fum_td,PFR
Cleveland Browns,CLE,1983,11,1983-11-13,False,TAM,H,W,20,0,2.0,0,,0,,,,0,,,0,12.0,match,0,0,False,fum_rec;blocked_kicks;def_fum_td,PFR
Cleveland Browns,CLE,1983,12,1983-11-20,False,NWE,A,W,30,0,4.0,5,,0,,,,0,,,0,24.0,match,5,5,False,fum_rec;blocked_kicks;def_fum_td,PFR
Cleveland Browns,CLE,1983,13,1983-11-27,False,BAL,H,W,41,23,2.0,2,,0,,,,0,,,0,6.0,match,2,2,False,fum_rec;blocked_kicks;def_fum_td,PFR
Cleveland Browns,CLE,1983,14,1983-12-04,False,DEN,A,L,6,27,0,1,,0,,,,0,,,0,2,match,1,1,False,fum_rec;blocked_kicks;def_fum_td,PFR
Cleveland Browns,CLE,1983,15,1983-12-11,False,HOU,A,L,27,34,4.0,0,,0,,,,0,,,0,3.0,match,0,0,False,fum_rec;blocked_kicks;def_fum_td,PFR
Cleveland Browns,CLE,1983,16,1983-12-18,False,PIT,H,W,30,17,6.0,2,,0,,,,0,,,0,11.0,match,2,2,False,fum_rec;blocked_kicks;def_fum_td,PFR
Dallas Cowboys,DAL,1983,1,1983-09-05,False,WAS,A,W,31,30,3.0,1,,0,,,,0,,,0,4.0,match,1,1,False,fum_rec;blocked_kicks;def_fum_td,PFR
Dallas Cowboys,DAL,1983,2,1983-09-11,False,STL,A,W,34,17,5.0,4,,0,,,,0,,,0,14.0,match,4,4,False,fum_rec;blocked_kicks;def_fum_td,PFR
Dallas Cowboys,DAL,1983,3,1983-09-18,False,NYG,H,W,28,13,3.0,3,,0,,,,0,,,0,13.0,match,3,3,False,fum_rec;blocked_kicks;def_fum_td,PFR
Dallas Cowboys,DAL,1983,4,1983-09-25,False,NOR,H,W,21,20,3.0,1,,0,,,,0,,,0,6.0,match,1,1,False,fum_rec;blocked_kicks;def_fum_td,PFR
Dallas Cowboys,DAL,1983,5,1983-10-02,False,MIN,A,W,37,24,1.0,3,,0,,,,0,,,0,7.0,match,3,3,False,fum_rec;blocked_kicks;def_fum_td,PFR
Dallas Cowboys,DAL,1983,6,1983-10-09,False,TAM,H,W,27,24,3.0,1,,0,,,,0,,,0,5.0,match,1,1,False,fum_rec;blocked_kicks;def_fum_td,PFR
Dallas Cowboys,DAL,1983,7,1983-10-16,False,PHI,H,W,37,7,3.0,2,,0,,,,0,,,0,11.0,match,2,2,False,fum_rec;blocked_kicks;def_fum_td,PFR
Dallas Cowboys,DAL,1983,8,1983-10-23,False,RAI,H,L,38,40,2.0,1,,0,,,,0,,,0,0.0,match,1,1,False,fum_rec;blocked_kicks;def_fum_td,PFR
Dallas Cowboys,DAL,1983,9,1983-10-30,False,NYG,A,W,38,20,6.0,3,,0,,,,0,,,0,13.0,match,3,3,False,fum_rec;blocked_kicks;def_fum_td,PFR
Dallas Cowboys,DAL,1983,10,1983-11-06,False,PHI,A,W,27,20,2.0,1,,0,,,,0,,,0,5.0,match,1,1,False,fum_rec;blocked_kicks;def_fum_td,PFR
Dallas Cowboys,DAL,1983,11,1983-11-13,False,SDG,A,L,23,24,1.0,1,,0,,,,0,,,0,3.0,match,1,1,False,fum_rec;blocked_kicks;def_fum_td,PFR
Dallas Cowboys,DAL,1983,12,1983-11-20,False,KAN,H,W,41,21,4.0,2,,0,,,,0,,,1,14.0,match,2,2,False,fum_rec;blocked_kicks;def_fum_td,PFR
Dallas Cowboys,DAL,1983,13,1983-11-24,False,STL,H,W,35,17,7.0,0,,0,,,,0,,,0,8.0,match,0,0,False,fum_rec;blocked_kicks;def_fum_td,PFR
Dallas Cowboys,DAL,1983,14,1983-12-04,False,SEA,A,W,35,10,8.0,2,,0,,,,0,,,0,16.0,match,2,2,False,fum_rec;blocked_kicks;def_fum_td,PFR
Dallas Cowboys,DAL,1983,15,1983-12-11,False,WAS,H,L,10,31,4.0,1,,0,,,,0,,,0,5.0,match,1,1,False,fum_rec;blocked_kicks;def_fum_td,PFR
Dallas Cowboys,DAL,1983,16,1983-12-19,False,SFO,A,L,17,42,2.0,1,,0,,,,0,,,0,0.0,match,1,1,False,fum_rec;blocked_kicks;def_fum_td,PFR
Dallas Cowboys,DAL,1983,17,1983-12-26,True,RAM,H,L,17,24,2.0,0,,0,,,,0,,,0,2.0,match,0,0,False,fum_rec;blocked_kicks;def_fum_td,PFR
Denver Broncos,DEN,1983,1,1983-09-04,False,PIT,A,W,14,10,4.0,3,,0,,,,0,,,0,14.0,match,3,3,False,fum_rec;blocked_kicks;def_fum_td,PFR
Denver Broncos,DEN,1983,2,1983-09-11,False,BAL,A,W,17,10,4.0,3,,0,,,,0,,,0,14.0,match,3,3,False,fum_rec;blocked_kicks;def_fum_td,PFR
Denver Broncos,DEN,1983,3,1983-09-18,False,PHI,H,L,10,13,1.0,0,,0,,,,0,,,0,5.0,match,0,0,False,fum_rec;blocked_kicks;def_fum_td,PFR
Denver Broncos,DEN,1983,4,1983-09-25,False,RAI,H,L,7,22,3.0,1,,0,,,,0,,,1,11.0,match,1,1,False,fum_rec;blocked_kicks;def_fum_td,PFR
Denver Broncos,DEN,1983,5,1983-10-02,False,CHI,A,L,14,31,0.0,4,,0,,,,0,,,0,7,match,4,4,False,fum_rec;blocked_kicks;def_fum_td,PFR
Denver Broncos,DEN,1983,6,1983-10-09,False,HOU,A,W,26,14,2.0,0,,0,,,,0,,,0,3.0,match,0,0,False,fum_rec;blocked_kicks;def_fum_td,PFR
Denver Broncos,DEN,1983,7,1983-10-16,False,CIN,H,W,24,17,4.0,1,,0,,,,0,,,0,7.0,match,1,1,False,fum_rec;blocked_kicks;def_fum_td,PFR
Denver Broncos,DEN,1983,8,1983-10-23,False,SDG,H,W,14,6,0.0,3,,0,,,,0,,,0,13,match,3,3,False,fum_rec;blocked_kicks;def_fum_td,PFR
Denver Broncos,DEN,1983,9,1983-10-30,False,KAN,H,W,27,24,4.0,2,,0,,,,0,,,0,8.0,match,2,2,False,fum_rec;blocked_kicks;def_fum_td,PFR
Denver Broncos,DEN,1983,10,1983-11-06,False,SEA,A,L,19,27,0.0,1,,0,,,,0,,,0,2,match,1,1,False,fum_rec;blocked_kicks;def_fum_td,PFR
Denver Broncos,DEN,1983,11,1983-11-13,False,RAI,A,L,20,22,5.0,0,,0,,,,0,,,0,5.0,match,0,0,False,fum_rec;blocked_kicks;def_fum_td,PFR
Denver Broncos,DEN,1983,12,1983-11-20,False,SEA,H,W,38,27,3.0,4,,0,,,,0,,,0,11.0,match,4,4,False,fum_rec;blocked_kicks;def_fum_td,PFR
Denver Broncos,DEN,1983,13,1983-11-27,False,SDG,A,L,7,31,1.0,1,,0,,,,0,,,0,2.0,match,1,1,False,fum_rec;blocked_kicks;def_fum_td,PFR
Denver Broncos,DEN,1983,14,1983-12-04,False,CLE,H,W,27,6,2.0,3,,0,,,,0,,,0,15.0,match,3,3,False,fum_rec;blocked_kicks;def_fum_td,PFR
Denver Broncos,DEN,1983,15,1983-12-11,False,BAL,H,W,21,19,2.0,1,,0,,,,0,,,0,5.0,match,1,1,False,fum_rec;blocked_kicks;def_fum_td,PFR
Denver Broncos,DEN,1983,16,1983-12-18,False,KAN,A,L,17,48,1.0,0,,0,,,,0,,,0,-3.0,match,0,0,False,fum_rec;blocked_kicks;def_fum_td,PFR
Denver Broncos,DEN,1983,17,1983-12-24,True,SEA,A,L,7,31,2.0,0,,0,,,,0,,,0,1.0,match,0,0,False,fum_rec;blocked_kicks;def_fum_td,PFR
Detroit Lions,DET,1983,1,1983-09-04,False,TAM,A,W,11,0,7.0,1,,0,,,,0,,,0,19.0,match,1,1,False,fum_rec;blocked_kicks;def_fum_td,PFR
Detroit Lions,DET,1983,2,1983-09-11,False,CLE,H,L,26,31,2.0,0,,0,,,,0,,,0,1.0,match,0,0,False,fum_rec;blocked_kicks;def_fum_td,PFR
Detroit Lions,DET,1983,3,1983-09-18,False,ATL,H,L,14,30,4.0,0,,0,,,,0,,,0,3.0,match,0,0,False,fum_rec;blocked_kicks;def_fum_td,PFR
Detroit Lions,DET,1983,4,1983-09-25,False,MIN,A,L,17,20,1.0,1,,0,,,,0,,,0,4.0,match,1,1,False,fum_rec;blocked_kicks;def_fum_td,PFR
Detroit Lions,DET,1983,5,1983-10-02,False,RAM,A,L,10,21,2.0,1,,0,,,,0,,,0,4.0,match,1,1,False,fum_rec;blocked_kicks;def_fum_td,PFR
Detroit Lions,DET,1983,6,1983-10-09,False,GNB,H,W,38,14,2.0,2,,0,,,,0,,,0,7.0,match,2,2,False,fum_rec;blocked_kicks;def_fum_td,PFR
Detroit Lions,DET,1983,7,1983-10-16,False,CHI,H,W,31,17,4.0,0,,0,,,,0,,,0,5.0,match,0,0,False,fum_rec;blocked_kicks;def_fum_td,PFR
Detroit Lions,DET,1983,8,1983-10-23,False,WAS,A,L,17,38,2.0,0,,0,,,,0,,,0,-2.0,match,0,0,False,fum_rec;blocked_kicks;def_fum_td,PFR
Detroit Lions,DET,1983,9,1983-10-30,False,CHI,A,W,38,17,1.0,2,,0,,,,0,,,0,6.0,match,2,2,False,fum_rec;blocked_kicks;def_fum_td,PFR
Detroit Lions,DET,1983,10,1983-11-07,False,NYG,H,W,15,9,2.0,3,,0,,,,0,,,0,12.0,match,3,3,False,fum_rec;blocked_kicks;def_fum_td,PFR
Detroit Lions,DET,1983,11,1983-11-13,False,HOU,A,L,17,27,1.0,1,,0,,,,0,,,0,3.0,match,1,1,False,fum_rec;blocked_kicks;def_fum_td,PFR
Detroit Lions,DET,1983,12,1983-11-20,False,GNB,A,W,23,20,2.0,2,,0,,,,0,,,0,7.0,match,2,2,False,fum_rec;blocked_kicks;def_fum_td,PFR
Detroit Lions,DET,1983,13,1983-11-24,False,PIT,H,W,45,3,2.0,5,,0,,,,0,,,1,25.0,match,5,5,False,fum_rec;blocked_kicks;def_fum_td,PFR
Detroit Lions,DET,1983,14,1983-12-05,False,MIN,H,W,13,2,7.0,1,,0,,,,0,,,0,16.0,match,1,1,False,fum_rec;blocked_kicks;def_fum_td,PFR
Detroit Lions,DET,1983,15,1983-12-11,False,CIN,A,L,9,17,1.0,2,,0,,,,0,,,0,6.0,match,2,2,False,fum_rec;blocked_kicks;def_fum_td,PFR
Detroit Lions,DET,1983,16,1983-12-18,False,TAM,H,W,23,20,3.0,1,,0,,,,0,,,0,6.0,match,1,1,False,fum_rec;blocked_kicks;def_fum_td,PFR
Detroit Lions,DET,1983,17,1983-12-31,True,SFO,A,L,23,24,3.0,1,,0,,,,0,,,0,5.0,match,1,1,False,fum_rec;blocked_kicks;def_fum_td,PFR
Green Bay Packers,GNB,1983,1,1983-09-04,False,HOU,A,W,41,38,0.0,2,,0,,,,0,,,0,0,match,2,2,False,fum_rec;blocked_kicks;def_fum_td,PFR
Green Bay Packers,GNB,1983,2,1983-09-11,False,PIT,H,L,21,25,1.0,0,,0,,,,0,,,0,1.0,match,0,0,False,fum_rec;blocked_kicks;def_fum_td,PFR
Green Bay Packers,GNB,1983,3,1983-09-18,False,RAM,H,W,27,24,2.0,1,,0,,,,0,,,0,4.0,match,1,1,False,fum_rec;blocked_kicks;def_fum_td,PFR
Green Bay Packers,GNB,1983,4,1983-09-26,False,NYG,A,L,3,27,2.0,0,,0,,,,0,,,0,2.0,match,0,0,False,fum_rec;blocked_kicks;def_fum_td,PFR
Green Bay Packers,GNB,1983,5,1983-10-02,False,TAM,H,W,55,14,4.0,2,,0,,,,0,,,1,15.0,match,2,2,False,fum_rec;blocked_kicks;def_fum_td,PFR
Green Bay Packers,GNB,1983,6,1983-10-09,False,DET,A,L,14,38,1.0,0,,0,,,,0,,,0,-3.0,match,0,0,False,fum_rec;blocked_kicks;def_fum_td,PFR
Green Bay Packers,GNB,1983,7,1983-10-17,False,WAS,H,W,48,47,4.0,0,,0,,,,0,,,0,0.0,match,0,0,False,fum_rec;blocked_kicks;def_fum_td,PFR
Green Bay Packers,GNB,1983,8,1983-10-23,False,MIN,H,L,17,20,1.0,0,,0,,,,0,,,0,2.0,match,0,0,False,fum_rec;blocked_kicks;def_fum_td,PFR
Green Bay Packers,GNB,1983,9,1983-10-30,False,CIN,A,L,14,34,1.0,0,,0,,,,0,,,0,0.0,match,0,0,False,fum_rec;blocked_kicks;def_fum_td,PFR
Green Bay Packers,GNB,1983,10,1983-11-06,False,CLE,H,W,35,21,4.0,2,,0,,,,0,,,0,8.0,match,2,2,False,fum_rec;blocked_kicks;def_fum_td,PFR
Green Bay Packers,GNB,1983,11,1983-11-13,False,MIN,A,W,29,21,6.0,1,,0,,,,0,,,0,8.0,match,1,1,False,fum_rec;blocked_kicks;def_fum_td,PFR
Green Bay Packers,GNB,1983,12,1983-11-20,False,DET,H,L,20,23,2.0,3,,0,,,,0,,,0,8.0,match,3,3,False,fum_rec;blocked_kicks;def_fum_td,PFR
Green Bay Packers,GNB,1983,13,1983-11-27,False,ATL,A,L,41,47,1.0,1,,0,,,,0,,,0,-1.0,match,1,1,False,fum_rec;blocked_kicks;def_fum_td,PFR
Green Bay Packers,GNB,1983,14,1983-12-04,False,CHI,H,W,31,28,4.0,1,,0,,,,0,,,0,5.0,match,1,1,False,fum_rec;blocked_kicks;def_fum_td,PFR
Green Bay Packers,GNB,1983,15,1983-12-12,False,TAM,A,W,12,9,3.0,3,,0,,,,0,,,0,13.0,match,3,3,False,fum_rec;blocked_kicks;def_fum_td,PFR
Green Bay Packers,GNB,1983,16,1983-12-18,False,CHI,A,L,21,23,5.0,3,,0,,,,0,,,0,11.0,match,3,3,False,fum_rec;blocked_kicks;def_fum_td,PFR
Houston Oilers,HOU,1983,1,1983-09-04,False,GNB,H,L,38,41,1.0,1,,0,,,,0,,,0,-1.0,match,1,1,False,fum_rec;blocked_kicks;def_fum_td,PFR
Houston Oilers,HOU,1983,2,1983-09-11,False,RAI,A,L,6,20,3.0,2,,0,,,,0,,,0,8.0,match,2,2,False,fum_rec;blocked_kicks;def_fum_td,PFR
Houston Oilers,HOU,1983,3,1983-09-18,False,PIT,H,L,28,40,2.0,1,,0,,,,0,,,1,6.0,match,1,1,False,fum_rec;blocked_kicks;def_fum_td,PFR
Houston Oilers,HOU,1983,4,1983-09-25,False,BUF,A,L,13,30,2.0,1,,0,,,,0,,,0,3.0,match,1,1,False,fum_rec;blocked_kicks;def_fum_td,PFR
Houston Oilers,HOU,1983,5,1983-10-02,False,PIT,A,L,10,17,2.0,0,,0,,,,0,,,0,3.0,match,0,0,False,fum_rec;blocked_kicks;def_fum_td,PFR
Houston Oilers,HOU,1983,6,1983-10-09,False,DEN,H,L,14,26,1.0,0,,0,,,,0,,,0,1.0,match,0,0,False,fum_rec;blocked_kicks;def_fum_td,PFR
Houston Oilers,HOU,1983,7,1983-10-16,False,MIN,A,L,14,34,3.0,0,,0,,,,0,,,0,2.0,match,0,0,False,fum_rec;blocked_kicks;def_fum_td,PFR
Houston Oilers,HOU,1983,8,1983-10-23,False,KAN,H,L,10,13,4.0,0,,0,,,,0,,,0,8.0,match,0,0,False,fum_rec;blocked_kicks;def_fum_td,PFR
Houston Oilers,HOU,1983,9,1983-10-30,False,CLE,A,L,19,25,3.0,2,,0,,,,0,,,0,7.0,match,2,2,False,fum_rec;blocked_kicks;def_fum_td,PFR
Houston Oilers,HOU,1983,10,1983-11-06,False,CIN,H,L,14,55,0,0,,0,,,,0,,,0,-4,match,0,0,False,fum_rec;blocked_kicks;def_fum_td,PFR
Houston Oilers,HOU,1983,11,1983-11-13,False,DET,H,W,27,17,3.0,4,,0,,,,0,,,0,12.0,match,4,4,False,fum_rec;blocked_kicks;def_fum_td,PFR
Houston Oilers,HOU,1983,12,1983-11-20,False,CIN,A,L,10,38,2.0,0,,0,,,,0,,,0,-2.0,match,0,0,False,fum_rec;blocked_kicks;def_fum_td,PFR
Houston Oilers,HOU,1983,13,1983-11-27,False,TAM,A,L,24,33,2.0,0,,0,,,,0,,,0,1.0,match,0,0,False,fum_rec;blocked_kicks;def_fum_td,PFR
Houston Oilers,HOU,1983,14,1983-12-04,False,MIA,H,L,17,24,0.0,1,,0,,,,0,,,0,2,match,1,1,False,fum_rec;blocked_kicks;def_fum_td,PFR
Houston Oilers,HOU,1983,15,1983-12-11,False,CLE,H,W,34,27,0.0,1,,0,,,,0,,,1,8,match,1,1,False,fum_rec;blocked_kicks;def_fum_td,PFR
Houston Oilers,HOU,1983,16,1983-12-18,False,BAL,A,L,10,20,2.0,1,,0,,,,0,,,0,5.0,match,1,1,False,fum_rec;blocked_kicks;def_fum_td,PFR
Kansas City Chiefs,KAN,1983,1,1983-09-04,False,SEA,H,W,17,13,1.0,2,,0,,,,0,,,0,9.0,match,2,2,False,fum_rec;blocked_kicks;def_fum_td,PFR
Kansas City Chiefs,KAN,1983,2,1983-09-12,False,SDG,H,L,14,17,1.0,1,,0,,,,0,,,0,4.0,match,1,1,False,fum_rec;blocked_kicks;def_fum_td,PFR
Kansas City Chiefs,KAN,1983,3,1983-09-18,False,WAS,A,L,12,27,0.0,2,,0,,,,0,,,0,4,match,2,2,False,fum_rec;blocked_kicks;def_fum_td,PFR
Kansas City Chiefs,KAN,1983,4,1983-09-25,False,MIA,A,L,6,14,1.0,2,,0,,,,0,,,0,6.0,match,2,2,False,fum_rec;blocked_kicks;def_fum_td,PFR
Kansas City Chiefs,KAN,1983,5,1983-10-02,False,STL,H,W,38,14,3.0,5,,0,,,,0,,,0,14.0,match,5,5,False,fum_rec;blocked_kicks;def_fum_td,PFR
Kansas City Chiefs,KAN,1983,6,1983-10-09,False,RAI,A,L,20,21,2.0,2,,0,,,,0,,,0,6.0,match,2,2,False,fum_rec;blocked_kicks;def_fum_td,PFR
Kansas City Chiefs,KAN,1983,7,1983-10-16,False,NYG,H,W,38,17,3.0,3,,0,,,,0,,,0,10.0,match,3,3,False,fum_rec;blocked_kicks;def_fum_td,PFR
Kansas City Chiefs,KAN,1983,8,1983-10-23,False,HOU,A,W,13,10,2.0,1,,0,,,,0,,,0,8.0,match,1,1,False,fum_rec;blocked_kicks;def_fum_td,PFR
Kansas City Chiefs,KAN,1983,9,1983-10-30,False,DEN,A,L,24,27,4.0,0,,0,,,,0,,,0,4.0,match,0,0,False,fum_rec;blocked_kicks;def_fum_td,PFR
Kansas City Chiefs,KAN,1983,10,1983-11-06,False,RAI,H,L,20,28,3.0,1,,0,,,,0,,,0,4.0,match,1,1,False,fum_rec;blocked_kicks;def_fum_td,PFR
Kansas City Chiefs,KAN,1983,11,1983-11-13,False,CIN,H,W,20,15,7.0,2,,0,,,,0,,,0,12.0,match,2,2,False,fum_rec;blocked_kicks;def_fum_td,PFR
Kansas City Chiefs,KAN,1983,12,1983-11-20,False,DAL,A,L,21,41,0.0,1,,0,,,,0,,,0,-2,match,1,1,False,fum_rec;blocked_kicks;def_fum_td,PFR
Kansas City Chiefs,KAN,1983,13,1983-11-27,False,SEA,A,L,48,51,4.0,1,,0,,,,0,,,0,2.0,match,1,1,False,fum_rec;blocked_kicks;def_fum_td,PFR
Kansas City Chiefs,KAN,1983,14,1983-12-04,False,BUF,H,L,9,14,0,1,,0,,,,0,,,0,3,match,1,1,False,fum_rec;blocked_kicks;def_fum_td,PFR
Kansas City Chiefs,KAN,1983,15,1983-12-11,False,SDG,A,L,38,41,0.0,2,,0,,,,0,,,0,0,match,2,2,False,fum_rec;blocked_kicks;def_fum_td,PFR
Kansas City Chiefs,KAN,1983,16,1983-12-18,False,DEN,H,W,48,17,0.0,4,,0,,,,0,,,0,9,match,4,4,False,fum_rec;blocked_kicks;def_fum_td,PFR
Miami Dolphins,MIA,1983,1,1983-09-04,False,BUF,A,W,12,0,6.0,2,,0,,,,0,,,0,20.0,match,2,2,False,fum_rec;blocked_kicks;def_fum_td,PFR
Miami Dolphins,MIA,1983,2,1983-09-11,False,NWE,H,W,34,24,5.0,1,,0,,,,0,,,0,7.0,match,1,1,False,fum_rec;blocked_kicks;def_fum_td,PFR
Miami Dolphins,MIA,1983,3,1983-09-19,False,RAI,A,L,14,27,6.0,0,,0,,,,0,,,0,6.0,match,0,0,False,fum_rec;blocked_kicks;def_fum_td,PFR
Miami Dolphins,MIA,1983,4,1983-09-25,False,KAN,H,W,14,6,3.0,4,,0,,,,0,,,0,18.0,match,4,4,False,fum_rec;blocked_kicks;def_fum_td,PFR
Miami Dolphins,MIA,1983,5,1983-10-02,False,NOR,A,L,7,17,0.0,0,,0,,,,0,,,0,1,match,0,0,False,fum_rec;blocked_kicks;def_fum_td,PFR
Miami Dolphins,MIA,1983,6,1983-10-09,False,BUF,H,L,35,38,1.0,1,,0,,,,0,,,0,-1.0,match,1,1,False,fum_rec;blocked_kicks;def_fum_td,PFR
Miami Dolphins,MIA,1983,7,1983-10-16,False,NYJ,A,W,32,14,4.0,6,,0,,,,0,,,0,17.0,match,6,6,False,fum_rec;blocked_kicks;def_fum_td,PFR
Miami Dolphins,MIA,1983,8,1983-10-23,False,BAL,A,W,21,7,3.0,2,,0,,,,0,,,0,11.0,match,2,2,False,fum_rec;blocked_kicks;def_fum_td,PFR
Miami Dolphins,MIA,1983,9,1983-10-30,False,RAM,H,W,30,14,1.0,3,,0,,,,0,,,0,8.0,match,3,3,False,fum_rec;blocked_kicks;def_fum_td,PFR
Miami Dolphins,MIA,1983,10,1983-11-06,False,SFO,A,W,20,17,3.0,0,,0,,,,0,,,0,4.0,match,0,0,False,fum_rec;blocked_kicks;def_fum_td,PFR
Miami Dolphins,MIA,1983,11,1983-11-13,False,NWE,A,L,6,17,1.0,0,,0,,,,0,,,0,2.0,match,0,0,False,fum_rec;blocked_kicks;def_fum_td,PFR
Miami Dolphins,MIA,1983,12,1983-11-20,False,BAL,H,W,37,0,6.0,2,,0,,,,0,,,1,26.0,match,2,2,False,fum_rec;blocked_kicks;def_fum_td,PFR
Miami Dolphins,MIA,1983,13,1983-11-28,False,CIN,H,W,38,14,2.0,2,,0,,,,0,,,0,7.0,match,2,2,False,fum_rec;blocked_kicks;def_fum_td,PFR
Miami Dolphins,MIA,1983,14,1983-12-04,False,HOU,A,W,24,17,1.0,1,,0,,,,0,,,0,4.0,match,1,1,False,fum_rec;blocked_kicks;def_fum_td,PFR
Miami Dolphins,MIA,1983,15,1983-12-10,False,ATL,H,W,31,24,3.0,0,,0,,,,0,,,0,3.0,match,0,0,False,fum_rec;blocked_kicks;def_fum_td,PFR
Miami Dolphins,MIA,1983,16,1983-12-16,False,NYJ,H,W,34,14,4.0,2,,0,,,,0,,,0,9.0,match,2,2,False,fum_rec;blocked_kicks;def_fum_td,PFR
Miami Dolphins,MIA,1983,17,1983-12-31,True,SEA,H,L,20,27,1.0,1,,0,,,,0,,,0,3.0,match,1,1,False,fum_rec;blocked_kicks;def_fum_td,PFR
Minnesota Vikings,MIN,1983,1,1983-09-04,False,CLE,A,W,27,21,4.0,3,,0,,,,0,,,0,10.0,match,3,3,False,fum_rec;blocked_kicks;def_fum_td,PFR
Minnesota Vikings,MIN,1983,2,1983-09-08,False,SFO,H,L,17,48,3.0,0,,0,,,,0,,,0,-1.0,match,0,0,False,fum_rec;blocked_kicks;def_fum_td,PFR
Minnesota Vikings,MIN,1983,3,1983-09-18,False,TAM,A,W,19,16,0.0,2,,0,,,,0,,,0,5,match,2,2,False,fum_rec;blocked_kicks;def_fum_td,PFR
Minnesota Vikings,MIN,1983,4,1983-09-25,False,DET,H,W,20,17,8.0,5,,0,,,,0,,,0,19.0,match,5,5,False,fum_rec;blocked_kicks;def_fum_td,PFR
Minnesota Vikings,MIN,1983,5,1983-10-02,False,DAL,H,L,24,37,1.0,2,,0,,,,0,,,0,1.0,match,2,2,False,fum_rec;blocked_kicks;def_fum_td,PFR
Minnesota Vikings,MIN,1983,6,1983-10-09,False,CHI,A,W,23,14,3.0,2,,0,,,,0,,,0,8.0,match,2,2,False,fum_rec;blocked_kicks;def_fum_td,PFR
Minnesota Vikings,MIN,1983,7,1983-10-16,False,HOU,H,W,34,14,6.0,2,,0,,,,0,,,0,11.0,match,2,2,False,fum_rec;blocked_kicks;def_fum_td,PFR
Minnesota Vikings,MIN,1983,8,1983-10-23,False,GNB,A,W,20,17,7.0,3,,0,,,,0,,,0,14.0,match,3,3,False,fum_rec;blocked_kicks;def_fum_td,PFR
Minnesota Vikings,MIN,1983,9,1983-10-30,False,STL,A,L,31,41,1.0,0,,0,,,,0,,,0,-3.0,match,0,0,False,fum_rec;blocked_kicks;def_fum_td,PFR
Minnesota Vikings,MIN,1983,10,1983-11-06,False,TAM,H,L,12,17,1.0,1,,0,,,,0,,,0,4.0,match,1,1,False,fum_rec;blocked_kicks;def_fum_td,PFR
Minnesota Vikings,MIN,1983,11,1983-11-13,False,GNB,H,L,21,29,0.0,1,,0,,,,0,,,0,1,match,1,1,False,fum_rec;blocked_kicks;def_fum_td,PFR
Minnesota Vikings,MIN,1983,12,1983-11-20,False,PIT,A,W,17,14,5.0,0,,0,,,,0,,,0,6.0,match,0,0,False,fum_rec;blocked_kicks;def_fum_td,PFR
Minnesota Vikings,MIN,1983,13,1983-11-27,False,NOR,A,L,16,17,0.0,3,,0,,,,0,,,0,7,match,3,3,False,fum_rec;blocked_kicks;def_fum_td,PFR
Minnesota Vikings,MIN,1983,14,1983-12-05,False,DET,A,L,2,13,3.0,0,,0,,,,0,,,0,7.0,match,0,0,False,fum_rec;blocked_kicks;def_fum_td,PFR
Minnesota Vikings,MIN,1983,15,1983-12-11,False,CHI,H,L,13,19,2.0,0,,0,,,,0,,,0,3.0,match,0,0,False,fum_rec;blocked_kicks;def_fum_td,PFR
Minnesota Vikings,MIN,1983,16,1983-12-17,False,CIN,H,W,20,14,3.0,1,,0,,,,0,,,0,6.0,match,1,1,False,fum_rec;blocked_kicks;def_fum_td,PFR
New Orleans Saints,NOR,1983,1,1983-09-04,False,STL,H,W,28,17,4.0,1,,0,,,,0,,,0,7.0,match,1,1,False,fum_rec;blocked_kicks;def_fum_td,PFR
New Orleans Saints,NOR,1983,2,1983-09-11,False,RAM,A,L,27,30,1.0,2,,0,,,,0,,,0,4.0,match,2,2,False,fum_rec;blocked_kicks;def_fum_td,PFR
New Orleans Saints,NOR,1983,3,1983-09-18,False,CHI,H,W,34,31,8.0,3,,0,,,,0,,,0,13.0,match,3,3,False,fum_rec;blocked_kicks;def_fum_td,PFR
New Orleans Saints,NOR,1983,4,1983-09-25,False,DAL,A,L,20,21,7.0,4,,0,,,,0,,,0,15.0,match,4,4,False,fum_rec;blocked_kicks;def_fum_td,PFR
New Orleans Saints,NOR,1983,5,1983-10-02,False,MIA,H,W,17,7,1.0,2,,0,,,,0,,,0,9.0,match,2,2,False,fum_rec;blocked_kicks;def_fum_td,PFR
New Orleans Saints,NOR,1983,6,1983-10-09,False,ATL,A,W,19,17,5.0,1,,0,,,,0,,,0,8.0,match,1,1,False,fum_rec;blocked_kicks;def_fum_td,PFR
New Orleans Saints,NOR,1983,7,1983-10-16,False,SFO,H,L,13,32,2.0,1,,0,,,,0,,,0,3.0,match,1,1,False,fum_rec;blocked_kicks;def_fum_td,PFR
New Orleans Saints,NOR,1983,8,1983-10-23,False,TAM,A,W,24,21,7.0,3,,0,,,,0,,,0,13.0,match,3,3,False,fum_rec;blocked_kicks;def_fum_td,PFR
New Orleans Saints,NOR,1983,9,1983-10-30,False,BUF,A,L,21,27,1.0,0,,0,,,,0,,,0,1.0,match,0,0,False,fum_rec;blocked_kicks;def_fum_td,PFR
New Orleans Saints,NOR,1983,10,1983-11-06,False,ATL,H,W,27,10,5.0,1,,0,,,,0,,,0,11.0,match,1,1,False,fum_rec;blocked_kicks;def_fum_td,PFR
New Orleans Saints,NOR,1983,11,1983-11-13,False,SFO,A,L,0,27,2.0,2,,0,,,,0,,,0,6.0,match,2,2,False,fum_rec;blocked_kicks;def_fum_td,PFR
New Orleans Saints,NOR,1983,12,1983-11-21,False,NYJ,H,L,28,31,3.0,1,,0,,,,0,,,0,4.0,match,1,1,False,fum_rec;blocked_kicks;def_fum_td,PFR
New Orleans Saints,NOR,1983,13,1983-11-27,False,MIN,H,W,17,16,2.0,1,,0,,,,0,,,0,5.0,match,1,1,False,fum_rec;blocked_kicks;def_fum_td,PFR
New Orleans Saints,NOR,1983,14,1983-12-04,False,NWE,A,L,0,7,2.0,0,,0,,,,0,,,0,6.0,match,0,0,False,fum_rec;blocked_kicks;def_fum_td,PFR
New Orleans Saints,NOR,1983,15,1983-12-11,False,PHI,A,W,20,17,4.0,0,,0,,,,0,,,0,5.0,match,0,0,False,fum_rec;blocked_kicks;def_fum_td,PFR
New Orleans Saints,NOR,1983,16,1983-12-18,False,RAM,H,L,24,26,2.0,1,,0,,,,0,,,0,4.0,match,1,1,False,fum_rec;blocked_kicks;def_fum_td,PFR
New England Patriots,NWE,1983,1,1983-09-04,False,BAL,H,L,23,29,2.0,1,,0,,,,0,,,0,3.0,match,1,1,False,fum_rec;blocked_kicks;def_fum_td,PFR
New England Patriots,NWE,1983,2,1983-09-11,False,MIA,A,L,24,34,3.0,0,,0,,,,0,,,0,2.0,match,0,0,False,fum_rec;blocked_kicks;def_fum_td,PFR
New England Patriots,NWE,1983,3,1983-09-18,False,NYJ,H,W,23,13,2.0,0,,0,,,,0,,,0,6.0,match,0,0,False,fum_rec;blocked_kicks;def_fum_td,PFR
New England Patriots,NWE,1983,4,1983-09-25,False,PIT,A,W,28,23,5.0,3,,0,,,,0,,,0,11.0,match,3,3,False,fum_rec;blocked_kicks;def_fum_td,PFR
New England Patriots,NWE,1983,5,1983-10-02,False,SFO,H,L,13,33,5.0,0,,0,,,,0,,,0,4.0,match,0,0,False,fum_rec;blocked_kicks;def_fum_td,PFR
New England Patriots,NWE,1983,6,1983-10-09,False,BAL,A,L,7,12,2.0,1,,0,,,,0,,,0,8.0,match,1,1,False,fum_rec;blocked_kicks;def_fum_td,PFR
New England Patriots,NWE,1983,7,1983-10-16,False,SDG,H,W,37,21,2.0,1,,0,,,,0,,,0,4.0,match,1,1,False,fum_rec;blocked_kicks;def_fum_td,PFR
New England Patriots,NWE,1983,8,1983-10-23,False,BUF,A,W,31,0,1.0,3,,0,,,,0,,,0,17.0,match,3,3,False,fum_rec;blocked_kicks;def_fum_td,PFR
New England Patriots,NWE,1983,9,1983-10-30,False,ATL,A,L,13,24,2.0,0,,0,,,,0,,,0,2.0,match,0,0,False,fum_rec;blocked_kicks;def_fum_td,PFR
New England Patriots,NWE,1983,10,1983-11-06,False,BUF,H,W,21,7,2.0,4,,0,,,,0,,,0,14.0,match,4,4,False,fum_rec;blocked_kicks;def_fum_td,PFR
New England Patriots,NWE,1983,11,1983-11-13,False,MIA,H,W,17,6,1.0,1,,0,,,,0,,,0,10.0,match,1,1,False,fum_rec;blocked_kicks;def_fum_td,PFR
New England Patriots,NWE,1983,12,1983-11-20,False,CLE,H,L,0,30,3.0,1,,0,,,,0,,,0,4.0,match,1,1,False,fum_rec;blocked_kicks;def_fum_td,PFR
New England Patriots,NWE,1983,13,1983-11-27,False,NYJ,A,L,3,26,0,1,,0,,,,0,,,0,2,match,1,1,False,fum_rec;blocked_kicks;def_fum_td,PFR
New England Patriots,NWE,1983,14,1983-12-04,False,NOR,H,W,7,0,1.0,0,,0,,,,0,,,0,11.0,match,0,0,False,fum_rec;blocked_kicks;def_fum_td,PFR
New England Patriots,NWE,1983,15,1983-12-11,False,RAM,A,W,21,7,3.0,1,,0,,,,0,,,0,9.0,match,1,1,False,fum_rec;blocked_kicks;def_fum_td,PFR
New England Patriots,NWE,1983,16,1983-12-18,False,SEA,A,L,6,24,5.0,0,,0,,,,0,,,0,5.0,match,0,0,False,fum_rec;blocked_kicks;def_fum_td,PFR
New York Giants,NYG,1983,1,1983-09-04,False,RAM,H,L,6,16,0,2,,0,,,,0,,,0,5,match,2,2,False,fum_rec;blocked_kicks;def_fum_td,PFR
New York Giants,NYG,1983,2,1983-09-11,False,ATL,A,W,16,13,3.0,0,,0,,,,0,,,0,7.0,match,0,0,False,fum_rec;blocked_kicks;def_fum_td,PFR
New York Giants,NYG,1983,3,1983-09-18,False,DAL,A,L,13,28,2.0,2,,0,,,,0,,,0,5.0,match,2,2,False,fum_rec;blocked_kicks;def_fum_td,PFR
New York Giants,NYG,1983,4,1983-09-26,False,GNB,H,W,27,3,4.0,1,,0,,,,0,,,0,13.0,match,1,1,False,fum_rec;blocked_kicks;def_fum_td,PFR
New York Giants,NYG,1983,5,1983-10-02,False,SDG,H,L,34,41,1.0,3,,0,,,,0,,,0,3.0,match,3,3,False,fum_rec;blocked_kicks;def_fum_td,PFR
New York Giants,NYG,1983,6,1983-10-09,False,PHI,H,L,13,17,3.0,0,,0,,,,0,,,0,4.0,match,0,0,False,fum_rec;blocked_kicks;def_fum_td,PFR
New York Giants,NYG,1983,7,1983-10-16,False,KAN,A,L,17,38,2.0,1,,0,,,,0,,,0,0.0,match,1,1,False,fum_rec;blocked_kicks;def_fum_td,PFR
New York Giants,NYG,1983,8,1983-10-24,False,STL,A,T,20,20,3.0,3,,0,,,,0,,,0,10.0,match,3,3,False,fum_rec;blocked_kicks;def_fum_td,PFR
New York Giants,NYG,1983,9,1983-10-30,False,DAL,H,L,20,38,2.0,2,,0,,,,0,,,0,2.0,match,2,2,False,fum_rec;blocked_kicks;def_fum_td,PFR
New York Giants,NYG,1983,10,1983-11-07,False,DET,A,L,9,15,2.0,2,,0,,,,0,,,0,7.0,match,2,2,False,fum_rec;blocked_kicks;def_fum_td,PFR
New York Giants,NYG,1983,11,1983-11-13,False,WAS,H,L,17,33,4.0,0,,0,,,,0,,,0,3.0,match,0,0,False,fum_rec;blocked_kicks;def_fum_td,PFR
New York Giants,NYG,1983,12,1983-11-20,False,PHI,A,W,23,0,4.0,1,,0,,,,0,,,0,16.0,match,1,1,False,fum_rec;blocked_kicks;def_fum_td,PFR
New York Giants,NYG,1983,13,1983-11-27,False,RAI,A,L,12,27,0.0,0,,0,,,,0,,,0,0,match,0,0,False,fum_rec;blocked_kicks;def_fum_td,PFR
New York Giants,NYG,1983,14,1983-12-04,False,STL,H,L,6,10,5.0,1,,0,,,,0,,,0,11.0,match,1,1,False,fum_rec;blocked_kicks;def_fum_td,PFR
New York Giants,NYG,1983,15,1983-12-11,False,SEA,H,L,12,17,3.0,1,,0,,,,0,,,0,6.0,match,1,1,False,fum_rec;blocked_kicks;def_fum_td,PFR
New York Giants,NYG,1983,16,1983-12-17,False,WAS,A,L,22,31,6.0,4,,0,,,,0,,,0,13.0,match,4,4,False,fum_rec;blocked_kicks;def_fum_td,PFR
New York Jets,NYJ,1983,1,1983-09-04,False,SDG,A,W,41,29,0.0,2,,0,,,,0,,,0,3,match,2,2,False,fum_rec;blocked_kicks;def_fum_td,PFR
New York Jets,NYJ,1983,2,1983-09-11,False,SEA,H,L,10,17,1.0,0,,0,,,,0,,,0,2.0,match,0,0,False,fum_rec;blocked_kicks;def_fum_td,PFR
New York Jets,NYJ,1983,3,1983-09-18,False,NWE,A,L,13,23,2.0,0,,0,,,,0,,,0,2.0,match,0,0,False,fum_rec;blocked_kicks;def_fum_td,PFR
New York Jets,NYJ,1983,4,1983-09-25,False,RAM,H,W,27,24,1.0,4,,0,,,,0,,,0,9.0,match,4,4,False,fum_rec;blocked_kicks;def_fum_td,PFR
New York Jets,NYJ,1983,5,1983-10-03,False,BUF,A,W,34,10,7.0,3,,0,,,,0,,,0,17.0,match,3,3,False,fum_rec;blocked_kicks;def_fum_td,PFR
New York Jets,NYJ,1983,6,1983-10-09,False,CLE,A,L,7,10,3.0,2,,0,,,,0,,,0,11.0,match,2,2,False,fum_rec;blocked_kicks;def_fum_td,PFR
New York Jets,NYJ,1983,7,1983-10-16,False,MIA,H,L,14,32,3.0,0,,0,,,,0,,,0,2.0,match,0,0,False,fum_rec;blocked_kicks;def_fum_td,PFR
New York Jets,NYJ,1983,8,1983-10-23,False,ATL,H,L,21,27,4.0,2,,0,,,,0,,,0,8.0,match,2,2,False,fum_rec;blocked_kicks;def_fum_td,PFR
New York Jets,NYJ,1983,9,1983-10-30,False,SFO,A,W,27,13,1.0,2,,0,,,,0,,,0,9.0,match,2,2,False,fum_rec;blocked_kicks;def_fum_td,PFR
New York Jets,NYJ,1983,10,1983-11-06,False,BAL,H,L,14,17,4.0,0,,0,,,,0,,,0,5.0,match,0,0,False,fum_rec;blocked_kicks;def_fum_td,PFR
New York Jets,NYJ,1983,11,1983-11-13,False,BUF,H,L,17,24,3.0,1,,0,,,,0,,,0,5.0,match,1,1,False,fum_rec;blocked_kicks;def_fum_td,PFR
New York Jets,NYJ,1983,12,1983-11-21,False,NOR,A,W,31,28,2.0,1,,0,,,,0,,,1,9.0,match,1,1,False,fum_rec;blocked_kicks;def_fum_td,PFR
New York Jets,NYJ,1983,13,1983-11-27,False,NWE,H,W,26,3,5.0,1,,0,,,,0,,,0,14.0,match,1,1,False,fum_rec;blocked_kicks;def_fum_td,PFR
New York Jets,NYJ,1983,14,1983-12-04,False,BAL,A,W,10,6,5.0,2,,0,,,,0,,,0,16.0,match,2,2,False,fum_rec;blocked_kicks;def_fum_td,PFR
New York Jets,NYJ,1983,15,1983-12-10,False,PIT,H,L,7,34,4.0,1,,0,,,,0,,,0,5.0,match,1,1,False,fum_rec;blocked_kicks;def_fum_td,PFR
New York Jets,NYJ,1983,16,1983-12-16,False,MIA,A,L,14,34,3.0,1,,0,,,,0,,,0,4.0,match,1,1,False,fum_rec;blocked_kicks;def_fum_td,PFR
Philadelphia Eagles,PHI,1983,1,1983-09-03,False,SFO,A,W,22,17,1.0,1,,0,,,,0,,,0,4.0,match,1,1,False,fum_rec;blocked_kicks;def_fum_td,PFR
Philadelphia Eagles,PHI,1983,2,1983-09-11,False,WAS,H,L,13,23,2.0,0,,0,,,,0,,,0,2.0,match,0,0,False,fum_rec;blocked_kicks;def_fum_td,PFR
Philadelphia Eagles,PHI,1983,3,1983-09-18,False,DEN,A,W,13,10,3.0,2,,0,,,,0,,,0,11.0,match,2,2,False,fum_rec;blocked_kicks;def_fum_td,PFR
Philadelphia Eagles,PHI,1983,4,1983-09-25,False,STL,H,L,11,14,5.0,0,,0,,,,0,,,0,6.0,match,0,0,False,fum_rec;blocked_kicks;def_fum_td,PFR
Philadelphia Eagles,PHI,1983,5,1983-10-02,False,ATL,A,W,28,24,5.0,0,,0,,,,0,,,0,5.0,match,0,0,False,fum_rec;blocked_kicks;def_fum_td,PFR
Philadelphia Eagles,PHI,1983,6,1983-10-09,False,NYG,A,W,17,13,3.0,1,,0,,,,0,,,0,9.0,match,1,1,False,fum_rec;blocked_kicks;def_fum_td,PFR
Philadelphia Eagles,PHI,1983,7,1983-10-16,False,DAL,A,L,7,37,0,1,,0,,,,0,,,0,-2,match,1,1,False,fum_rec;blocked_kicks;def_fum_td,PFR
Philadelphia Eagles,PHI,1983,8,1983-10-23,False,CHI,H,L,6,7,2.0,0,,0,,,,0,,,0,6.0,match,0,0,False,fum_rec;blocked_kicks;def_fum_td,PFR
Philadelphia Eagles,PHI,1983,9,1983-10-30,False,BAL,H,L,21,22,3.0,0,,0,,,,0,,,0,3.0,match,0,0,False,fum_rec;blocked_kicks;def_fum_td,PFR
Philadelphia Eagles,PHI,1983,10,1983-11-06,False,DAL,H,L,20,27,2.0,1,,0,,,,0,,,0,4.0,match,1,1,False,fum_rec;blocked_kicks;def_fum_td,PFR
Philadelphia Eagles,PHI,1983,11,1983-11-13,False,CHI,A,L,14,17,4.0,0,,0,,,,0,,,0,5.0,match,0,0,False,fum_rec;blocked_kicks;def_fum_td,PFR
Philadelphia Eagles,PHI,1983,12,1983-11-20,False,NYG,H,L,0,23,2.0,0,,0,,,,0,,,0,2.0,match,0,0,False,fum_rec;blocked_kicks;def_fum_td,PFR
Philadelphia Eagles,PHI,1983,13,1983-11-27,False,WAS,A,L,24,28,0,1,,0,,,,0,,,0,1,match,1,1,False,fum_rec;blocked_kicks;def_fum_td,PFR
Philadelphia Eagles,PHI,1983,14,1983-12-04,False,RAM,H,W,13,9,0,0,,0,,,,0,,,0,4,match,0,0,False,fum_rec;blocked_kicks;def_fum_td,PFR
Philadelphia Eagles,PHI,1983,15,1983-12-11,False,NOR,H,L,17,20,0,0,,0,,,,0,,,0,1,match,0,0,False,fum_rec;blocked_kicks;def_fum_td,PFR
Philadelphia Eagles,PHI,1983,16,1983-12-18,False,STL,A,L,7,31,4.0,1,,0,,,,0,,,0,5.0,match,1,1,False,fum_rec;blocked_kicks;def_fum_td,PFR
Pittsburgh Steelers,PIT,1983,1,1983-09-04,False,DEN,H,L,10,14,7.0,1,,0,,,,0,,,0,10.0,match,1,1,False,fum_rec;blocked_kicks;def_fum_td,PFR
Pittsburgh Steelers,PIT,1983,2,1983-09-11,False,GNB,A,W,25,21,4.0,0,,0,,,,0,,,0,4.0,match,0,0,False,fum_rec;blocked_kicks;def_fum_td,PFR
Pittsburgh Steelers,PIT,1983,3,1983-09-18,False,HOU,A,W,40,28,6.0,4,,0,,,,0,,,0,13.0,match,4,4,False,fum_rec;blocked_kicks;def_fum_td,PFR
Pittsburgh Steelers,PIT,1983,4,1983-09-25,False,NWE,H,L,23,28,2.0,1,,0,,,,0,,,0,3.0,match,1,1,False,fum_rec;blocked_kicks;def_fum_td,PFR
Pittsburgh Steelers,PIT,1983,5,1983-10-02,False,HOU,H,W,17,10,1.0,3,,0,,,,0,,,0,11.0,match,3,3,False,fum_rec;blocked_kicks;def_fum_td,PFR
Pittsburgh Steelers,PIT,1983,6,1983-10-10,False,CIN,A,W,24,14,9.0,3,,0,,,,0,,,0,16.0,match,3,3,False,fum_rec;blocked_kicks;def_fum_td,PFR
Pittsburgh Steelers,PIT,1983,7,1983-10-16,False,CLE,H,W,44,17,2.0,6,,0,,,,0,,,0,15.0,match,6,6,False,fum_rec;blocked_kicks;def_fum_td,PFR
Pittsburgh Steelers,PIT,1983,8,1983-10-23,False,SEA,A,W,27,21,4.0,1,,0,,,,0,,,0,6.0,match,1,1,False,fum_rec;blocked_kicks;def_fum_td,PFR
Pittsburgh Steelers,PIT,1983,9,1983-10-30,False,TAM,H,W,17,12,2.0,0,,0,,,,0,,,0,6.0,match,0,0,False,fum_rec;blocked_kicks;def_fum_td,PFR
Pittsburgh Steelers,PIT,1983,10,1983-11-06,False,SDG,H,W,26,3,2.0,2,,0,,,,0,,,0,13.0,match,2,2,False,fum_rec;blocked_kicks;def_fum_td,PFR
Pittsburgh Steelers,PIT,1983,11,1983-11-13,False,BAL,A,W,24,13,2.0,2,,0,,,,0,,,0,10.0,match,2,2,False,fum_rec;blocked_kicks;def_fum_td,PFR
Pittsburgh Steelers,PIT,1983,12,1983-11-20,False,MIN,H,L,14,17,0,2,,0,,,,0,,,0,5,match,2,2,False,fum_rec;blocked_kicks;def_fum_td,PFR
Pittsburgh Steelers,PIT,1983,13,1983-11-24,False,DET,A,L,3,45,4.0,0,,0,,,,0,,,0,0.0,match,0,0,False,fum_rec;blocked_kicks;def_fum_td,PFR
Pittsburgh Steelers,PIT,1983,14,1983-12-04,False,CIN,H,L,10,23,1.0,0,,0,,,,0,,,0,1.0,match,0,0,False,fum_rec;blocked_kicks;def_fum_td,PFR
Pittsburgh Steelers,PIT,1983,15,1983-12-10,False,NYJ,A,W,34,7,3.0,3,,0,,,,0,,,0,13.0,match,3,3,False,fum_rec;blocked_kicks;def_fum_td,PFR
Pittsburgh Steelers,PIT,1983,16,1983-12-18,False,CLE,A,L,17,30,1.0,0,,0,,,,0,,,0,0.0,match,0,0,False,fum_rec;blocked_kicks;def_fum_td,PFR
Pittsburgh Steelers,PIT,1983,17,1984-01-01,True,RAI,A,L,10,38,1.0,0,,0,,,,0,,,0,-3.0,match,0,0,False,fum_rec;blocked_kicks;def_fum_td,PFR
Los Angeles Raiders,RAI,1983,1,1983-09-04,False,CIN,A,W,20,10,4.0,1,,0,,,,0,,,0,10.0,match,1,1,False,fum_rec;blocked_kicks;def_fum_td,PFR
Los Angeles Raiders,RAI,1983,2,1983-09-11,False,HOU,H,W,20,6,5.0,2,,0,,,,0,,,0,16.0,match,2,2,False,fum_rec;blocked_kicks;def_fum_td,PFR
Los Angeles Raiders,RAI,1983,3,1983-09-19,False,MIA,H,W,27,14,3.0,1,,0,,,,0,,,0,6.0,match,1,1,False,fum_rec;blocked_kicks;def_fum_td,PFR
Los Angeles Raiders,RAI,1983,4,1983-09-25,False,DEN,A,W,22,7,5.0,2,,0,,,,0,,,0,13.0,match,2,2,False,fum_rec;blocked_kicks;def_fum_td,PFR
Los Angeles Raiders,RAI,1983,5,1983-10-02,False,WAS,A,L,35,37,6.0,0,,0,,,,0,,,1,8.0,match,0,0,False,fum_rec;blocked_kicks;def_fum_td,PFR
Los Angeles Raiders,RAI,1983,6,1983-10-09,False,KAN,H,W,21,20,5.0,0,,0,,,,0,,,0,6.0,match,0,0,False,fum_rec;blocked_kicks;def_fum_td,PFR
Los Angeles Raiders,RAI,1983,7,1983-10-16,False,SEA,A,L,36,38,1.0,0,,0,,,,0,,,0,-3.0,match,0,0,False,fum_rec;blocked_kicks;def_fum_td,PFR
Los Angeles Raiders,RAI,1983,8,1983-10-23,False,DAL,A,W,40,38,2.0,2,,0,,,,0,,,0,2.0,match,2,2,False,fum_rec;blocked_kicks;def_fum_td,PFR
Los Angeles Raiders,RAI,1983,9,1983-10-30,False,SEA,H,L,21,34,4.0,1,,0,,,,0,,,0,5.0,match,1,1,False,fum_rec;blocked_kicks;def_fum_td,PFR
Los Angeles Raiders,RAI,1983,10,1983-11-06,False,KAN,A,W,28,20,2.0,2,,0,,,,0,,,0,7.0,match,2,2,False,fum_rec;blocked_kicks;def_fum_td,PFR
Los Angeles Raiders,RAI,1983,11,1983-11-13,False,DEN,H,W,22,20,2.0,1,,0,,,,0,,,0,5.0,match,1,1,False,fum_rec;blocked_kicks;def_fum_td,PFR
Los Angeles Raiders,RAI,1983,12,1983-11-20,False,BUF,A,W,27,24,3.0,2,,0,,,,0,,,0,7.0,match,2,2,False,fum_rec;blocked_kicks;def_fum_td,PFR
Los Angeles Raiders,RAI,1983,13,1983-11-27,False,NYG,H,W,27,12,7.0,3,,0,,,,0,,,0,17.0,match,3,3,False,fum_rec;blocked_kicks;def_fum_td,PFR
Los Angeles Raiders,RAI,1983,14,1983-12-01,False,SDG,A,W,42,10,6.0,2,,0,,,,0,,,0,14.0,match,2,2,False,fum_rec;blocked_kicks;def_fum_td,PFR
Los Angeles Raiders,RAI,1983,15,1983-12-11,False,STL,H,L,24,34,1.0,0,,0,,,,0,,,0,0.0,match,0,0,False,fum_rec;blocked_kicks;def_fum_td,PFR
Los Angeles Raiders,RAI,1983,16,1983-12-18,False,SDG,H,W,30,14,1.0,1,,0,,,,0,,,0,4.0,match,1,1,False,fum_rec;blocked_kicks;def_fum_td,PFR
Los Angeles Raiders,RAI,1983,17,1984-01-01,True,PIT,H,W,38,10,5.0,1,,0,,,,0,,,0,11.0,match,1,1,False,fum_rec;blocked_kicks;def_fum_td,PFR
Los Angeles Raiders,RAI,1983,18,1984-01-08,True,SEA,H,W,30,14,4.0,5,,0,,,,0,,,0,15.0,match,5,5,False,fum_rec;blocked_kicks;def_fum_td,PFR
Los Angeles Raiders,RAI,1983,19,1984-01-22,True,WAS,N,W,38,9,6.0,2,,0,,,,0,,,0,14.0,match,2,2,False,fum_rec;blocked_kicks;def_fum_td,PFR
Los Angeles Rams,RAM,1983,1,1983-09-04,False,NYG,A,W,16,6,5.0,3,,0,,,,0,,,0,18.0,match,3,3,False,fum_rec;blocked_kicks;def_fum_td,PFR
Los Angeles Rams,RAM,1983,2,1983-09-11,False,NOR,H,W,30,27,0.0,1,,0,,,,0,,,0,2,match,1,1,False,fum_rec;blocked_kicks;def_fum_td,PFR
Los Angeles Rams,RAM,1983,3,1983-09-18,False,GNB,A,L,24,27,4.0,3,,0,,,,0,,,0,10.0,match,3,3,False,fum_rec;blocked_kicks;def_fum_td,PFR
Los Angeles Rams,RAM,1983,4,1983-09-25,False,NYJ,A,L,24,27,4.0,2,,0,,,,0,,,0,8.0,match,2,2,False,fum_rec;blocked_kicks;def_fum_td,PFR
Los Angeles Rams,RAM,1983,5,1983-10-02,False,DET,H,W,21,10,1.0,1,,0,,,,0,,,0,7.0,match,1,1,False,fum_rec;blocked_kicks;def_fum_td,PFR
Los Angeles Rams,RAM,1983,6,1983-10-09,False,SFO,A,W,10,7,2.0,0,,0,,,,0,,,0,6.0,match,0,0,False,fum_rec;blocked_kicks;def_fum_td,PFR
Los Angeles Rams,RAM,1983,7,1983-10-16,False,ATL,H,W,27,21,1.0,0,,0,,,,0,,,0,1.0,match,0,0,False,fum_rec;blocked_kicks;def_fum_td,PFR
Los Angeles Rams,RAM,1983,8,1983-10-23,False,SFO,H,L,35,45,0.0,0,,0,,,,0,,,0,-4,match,0,0,False,fum_rec;blocked_kicks;def_fum_td,PFR
Los Angeles Rams,RAM,1983,9,1983-10-30,False,MIA,A,L,14,30,0.0,1,,0,,,,0,,,0,1,match,1,1,False,fum_rec;blocked_kicks;def_fum_td,PFR
Los Angeles Rams,RAM,1983,10,1983-11-06,False,CHI,H,W,21,14,4.0,1,,0,,,,0,,,0,7.0,match,1,1,False,fum_rec;blocked_kicks;def_fum_td,PFR
Los Angeles Rams,RAM,1983,11,1983-11-14,False,ATL,A,W,36,13,2.0,1,,0,,,,0,,,0,8.0,match,1,1,False,fum_rec;blocked_kicks;def_fum_td,PFR
Los Angeles Rams,RAM,1983,12,1983-11-20,False,WAS,H,L,20,42,1.0,0,,0,,,,0,,,0,-3.0,match,0,0,False,fum_rec;blocked_kicks;def_fum_td,PFR
Los Angeles Rams,RAM,1983,13,1983-11-27,False,BUF,H,W,41,17,1.0,5,,0,,,,0,,,0,12.0,match,5,5,False,fum_rec;blocked_kicks;def_fum_td,PFR
Los Angeles Rams,RAM,1983,14,1983-12-04,False,PHI,A,L,9,13,2.0,3,,0,,,,0,,,0,12.0,match,3,3,False,fum_rec;blocked_kicks;def_fum_td,PFR
Los Angeles Rams,RAM,1983,15,1983-12-11,False,NWE,H,L,7,21,3.0,1,,0,,,,0,,,0,5.0,match,1,1,False,fum_rec;blocked_kicks;def_fum_td,PFR
Los Angeles Rams,RAM,1983,16,1983-12-18,False,NOR,A,W,26,24,3.0,2,,0,,,,0,,,1,13.0,match,2,2,False,fum_rec;blocked_kicks;def_fum_td,PFR
Los Angeles Rams,RAM,1983,17,1983-12-26,True,DAL,A,W,24,17,3.0,3,,0,,,,0,,,0,10.0,match,3,3,False,fum_rec;blocked_kicks;def_fum_td,PFR
Los Angeles Rams,RAM,1983,18,1984-01-01,True,WAS,A,L,7,51,0.0,0,,0,,,,0,,,0,-4,match,0,0,False,fum_rec;blocked_kicks;def_fum_td,PFR
San Diego Chargers,SDG,1983,1,1983-09-04,False,NYJ,H,L,29,41,2.0,1,,0,,,,0,,,0,0.0,match,1,1,False,fum_rec;blocked_kicks;def_fum_td,PFR
San Diego Chargers,SDG,1983,2,1983-09-12,False,KAN,A,W,17,14,2.0,1,,0,,,,0,,,0,5.0,match,1,1,False,fum_rec;blocked_kicks;def_fum_td,PFR
San Diego Chargers,SDG,1983,3,1983-09-18,False,SEA,A,L,31,34,1.0,1,,0,,,,0,,,0,2.0,match,1,1,False,fum_rec;blocked_kicks;def_fum_td,PFR
San Diego Chargers,SDG,1983,4,1983-09-25,False,CLE,H,L,24,30,2.0,1,,0,,,,0,,,0,3.0,match,1,1,False,fum_rec;blocked_kicks;def_fum_td,PFR
San Diego Chargers,SDG,1983,5,1983-10-02,False,NYG,A,W,41,34,0,1,,0,,,,0,,,0,1,match,1,1,False,fum_rec;blocked_kicks;def_fum_td,PFR
San Diego Chargers,SDG,1983,6,1983-10-09,False,SEA,H,W,28,21,1.0,1,,0,,,,0,,,0,3.0,match,1,1,False,fum_rec;blocked_kicks;def_fum_td,PFR
San Diego Chargers,SDG,1983,7,1983-10-16,False,NWE,A,L,21,37,1.0,0,,0,,,,0,,,0,-3.0,match,0,0,False,fum_rec;blocked_kicks;def_fum_td,PFR
San Diego Chargers,SDG,1983,8,1983-10-23,False,DEN,A,L,6,14,4.0,1,,0,,,,0,,,0,7.0,match,1,1,False,fum_rec;blocked_kicks;def_fum_td,PFR
San Diego Chargers,SDG,1983,9,1983-10-31,False,WAS,H,L,24,27,1.0,1,,0,,,,0,,,0,3.0,match,1,1,False,fum_rec;blocked_kicks;def_fum_td,PFR
San Diego Chargers,SDG,1983,10,1983-11-06,False,PIT,A,L,3,26,3.0,1,,0,,,,0,,,0,5.0,match,1,1,False,fum_rec;blocked_kicks;def_fum_td,PFR
San Diego Chargers,SDG,1983,11,1983-11-13,False,DAL,H,W,24,23,1.0,0,,0,,,,0,,,0,1.0,match,0,0,False,fum_rec;blocked_kicks;def_fum_td,PFR
San Diego Chargers,SDG,1983,12,1983-11-20,False,STL,A,L,14,44,4.0,1,,0,,,,0,,,0,2.0,match,1,1,False,fum_rec;blocked_kicks;def_fum_td,PFR
San Diego Chargers,SDG,1983,13,1983-11-27,False,DEN,H,W,31,7,4.0,3,,0,,,,0,,,0,14.0,match,3,3,False,fum_rec;blocked_kicks;def_fum_td,PFR
San Diego Chargers,SDG,1983,14,1983-12-01,False,RAI,H,L,10,42,2.0,1,,0,,,,0,,,0,0.0,match,1,1,False,fum_rec;blocked_kicks;def_fum_td,PFR
San Diego Chargers,SDG,1983,15,1983-12-11,False,KAN,H,W,41,38,1.0,1,,0,,,,0,,,0,-1.0,match,1,1,False,fum_rec;blocked_kicks;def_fum_td,PFR
San Diego Chargers,SDG,1983,16,1983-12-18,False,RAI,A,L,14,30,1.0,1,,0,,,,0,,,0,2.0,match,1,1,False,fum_rec;blocked_kicks;def_fum_td,PFR
Seattle Seahawks,SEA,1983,1,1983-09-04,False,KAN,A,L,13,17,2.0,0,,0,,,,0,,,0,3.0,match,0,0,False,fum_rec;blocked_kicks;def_fum_td,PFR
Seattle Seahawks,SEA,1983,2,1983-09-11,False,NYJ,A,W,17,10,3.0,3,,0,,,,0,,,0,13.0,match,3,3,False,fum_rec;blocked_kicks;def_fum_td,PFR
Seattle Seahawks,SEA,1983,3,1983-09-18,False,SDG,H,W,34,31,1.0,3,,0,,,,0,,,0,6.0,match,3,3,False,fum_rec;blocked_kicks;def_fum_td,PFR
Seattle Seahawks,SEA,1983,4,1983-09-25,False,WAS,H,L,17,27,0,0,,0,,,,0,,,0,0,match,0,0,False,fum_rec;blocked_kicks;def_fum_td,PFR
Seattle Seahawks,SEA,1983,5,1983-10-02,False,CLE,A,W,24,9,3.0,3,,0,,,,0,,,0,13.0,match,3,3,False,fum_rec;blocked_kicks;def_fum_td,PFR
Seattle Seahawks,SEA,1983,6,1983-10-09,False,SDG,A,L,21,28,4.0,2,,0,,,,0,,,0,7.0,match,2,2,False,fum_rec;blocked_kicks;def_fum_td,PFR
Seattle Seahawks,SEA,1983,7,1983-10-16,False,RAI,H,W,38,36,8.0,3,,0,,,,0,,,1,16.0,match,3,3,False,fum_rec;blocked_kicks;def_fum_td,PFR
Seattle Seahawks,SEA,1983,8,1983-10-23,False,PIT,H,L,21,27,3.0,0,,0,,,,0,,,0,3.0,match,0,0,False,fum_rec;blocked_kicks;def_fum_td,PFR
Seattle Seahawks,SEA,1983,9,1983-10-30,False,RAI,A,W,34,21,5.0,4,,0,,,,0,,,0,13.0,match,4,4,False,fum_rec;blocked_kicks;def_fum_td,PFR
Seattle Seahawks,SEA,1983,10,1983-11-06,False,DEN,H,W,27,19,3.0,2,,0,,,,0,,,0,8.0,match,2,2,False,fum_rec;blocked_kicks;def_fum_td,PFR
Seattle Seahawks,SEA,1983,11,1983-11-13,False,STL,A,L,28,33,3.0,0,,0,,,,0,,,1,8.0,match,0,0,False,fum_rec;blocked_kicks;def_fum_td,PFR
Seattle Seahawks,SEA,1983,12,1983-11-20,False,DEN,A,L,27,38,2.0,1,,0,,,,0,,,0,0.0,match,1,1,False,fum_rec;blocked_kicks;def_fum_td,PFR
Seattle Seahawks,SEA,1983,13,1983-11-27,False,KAN,H,W,51,48,1.0,0,,0,,,,0,,,0,-3.0,match,0,0,False,fum_rec;blocked_kicks;def_fum_td,PFR
Seattle Seahawks,SEA,1983,14,1983-12-04,False,DAL,H,L,10,35,1.0,1,,0,,,,0,,,0,-1.0,match,1,1,False,fum_rec;blocked_kicks;def_fum_td,PFR
Seattle Seahawks,SEA,1983,15,1983-12-11,False,NYG,A,W,17,12,1.0,2,,0,,,,0,,,0,9.0,match,2,2,False,fum_rec;blocked_kicks;def_fum_td,PFR
Seattle Seahawks,SEA,1983,16,1983-12-18,False,NWE,H,W,24,6,3.0,2,,0,,,,0,,,0,14.0,match,2,2,False,fum_rec;blocked_kicks;def_fum_td,PFR
Seattle Seahawks,SEA,1983,17,1983-12-24,True,DEN,H,W,31,7,2.0,2,,0,,,,0,,,0,10.0,match,2,2,False,fum_rec;blocked_kicks;def_fum_td,PFR
Seattle Seahawks,SEA,1983,18,1983-12-31,True,MIA,A,W,27,20,0.0,2,,0,,,,0,,,0,5,match,2,2,False,fum_rec;blocked_kicks;def_fum_td,PFR
Seattle Seahawks,SEA,1983,19,1984-01-08,True,RAI,A,L,14,30,2.0,2,,0,,,,0,,,0,5.0,match,2,2,False,fum_rec;blocked_kicks;def_fum_td,PFR
San Francisco 49ers,SFO,1983,1,1983-09-03,False,PHI,H,L,17,22,4.0,0,,0,,,,0,,,0,4.0,match,0,0,False,fum_rec;blocked_kicks;def_fum_td,PFR
San Francisco 49ers,SFO,1983,2,1983-09-08,False,MIN,A,W,48,17,4.0,5,,0,,,,0,,,0,15.0,match,5,5,False,fum_rec;blocked_kicks;def_fum_td,PFR
San Francisco 49ers,SFO,1983,3,1983-09-18,False,STL,A,W,42,27,3.0,2,,0,,,,0,,,0,7.0,match,2,2,False,fum_rec;blocked_kicks;def_fum_td,PFR
San Francisco 49ers,SFO,1983,4,1983-09-25,False,ATL,H,W,24,20,8.0,0,,0,,,,0,,,0,9.0,match,0,0,False,fum_rec;blocked_kicks;def_fum_td,PFR
San Francisco 49ers,SFO,1983,5,1983-10-02,False,NWE,A,W,33,13,4.0,1,,0,,,,0,,,0,10.0,match,1,1,False,fum_rec;blocked_kicks;def_fum_td,PFR
San Francisco 49ers,SFO,1983,6,1983-10-09,False,RAM,H,L,7,10,0,1,,0,,,,0,,,0,6,match,1,1,False,fum_rec;blocked_kicks;def_fum_td,PFR
San Francisco 49ers,SFO,1983,7,1983-10-16,False,NOR,A,W,32,13,4.0,3,,0,,,,0,,,0,14.0,match,3,3,False,fum_rec;blocked_kicks;def_fum_td,PFR
San Francisco 49ers,SFO,1983,8,1983-10-23,False,RAM,A,W,45,35,3.0,2,,0,,,,0,,,0,3.0,match,2,2,False,fum_rec;blocked_kicks;def_fum_td,PFR
San Francisco 49ers,SFO,1983,9,1983-10-30,False,NYJ,H,L,13,27,3.0,0,,0,,,,0,,,0,3.0,match,0,0,False,fum_rec;blocked_kicks;def_fum_td,PFR
San Francisco 49ers,SFO,1983,10,1983-11-06,False,MIA,H,L,17,20,1.0,0,,0,,,,0,,,0,2.0,match,0,0,False,fum_rec;blocked_kicks;def_fum_td,PFR
San Francisco 49ers,SFO,1983,11,1983-11-13,False,NOR,H,W,27,0,9.0,2,,0,,,,0,,,0,23.0,match,2,2,False,fum_rec;blocked_kicks;def_fum_td,PFR
San Francisco 49ers,SFO,1983,12,1983-11-20,False,ATL,A,L,24,28,4.0,0,,0,,,,0,,,0,3.0,match,0,0,False,fum_rec;blocked_kicks;def_fum_td,PFR
San Francisco 49ers,SFO,1983,13,1983-11-27,False,CHI,A,L,3,13,4.0,0,,0,,,,0,,,0,8.0,match,0,0,False,fum_rec;blocked_kicks;def_fum_td,PFR
San Francisco 49ers,SFO,1983,14,1983-12-04,False,TAM,H,W,35,21,2.0,2,,0,,,,0,,,0,6.0,match,2,2,False,fum_rec;blocked_kicks;def_fum_td,PFR
San Francisco 49ers,SFO,1983,15,1983-12-11,False,BUF,A,W,23,10,1.0,3,,0,,,,0,,,0,11.0,match,3,3,False,fum_rec;blocked_kicks;def_fum_td,PFR
San Francisco 49ers,SFO,1983,16,1983-12-19,False,DAL,H,W,42,17,3.0,3,,0,,,,0,,,1,16.0,match,3,3,False,fum_rec;blocked_kicks;def_fum_td,PFR
San Francisco 49ers,SFO,1983,17,1983-12-31,True,DET,H,W,24,23,2.0,5,,0,,,,0,,,0,12.0,match,5,5,False,fum_rec;blocked_kicks;def_fum_td,PFR
San Francisco 49ers,SFO,1983,18,1984-01-08,True,WAS,A,L,21,24,3.0,1,,0,,,,0,,,0,5.0,match,1,1,False,fum_rec;blocked_kicks;def_fum_td,PFR
St. Louis Cardinals,STL,1983,1,1983-09-04,False,NOR,A,L,17,28,1.0,1,,0,,,,0,,,0,2.0,match,1,1,False,fum_rec;blocked_kicks;def_fum_td,PFR
St. Louis Cardinals,STL,1983,2,1983-09-11,False,DAL,H,L,17,34,4.0,0,,0,,,,0,,,0,3.0,match,0,0,False,fum_rec;blocked_kicks;def_fum_td,PFR
St. Louis Cardinals,STL,1983,3,1983-09-18,False,SFO,H,L,27,42,1.0,1,,0,,,,0,,,0,-1.0,match,1,1,False,fum_rec;blocked_kicks;def_fum_td,PFR
St. Louis Cardinals,STL,1983,4,1983-09-25,False,PHI,A,W,14,11,3.0,1,,0,,,,0,,,0,9.0,match,1,1,False,fum_rec;blocked_kicks;def_fum_td,PFR
St. Louis Cardinals,STL,1983,5,1983-10-02,False,KAN,A,L,14,38,4.0,2,,0,,,,0,,,0,4.0,match,2,2,False,fum_rec;blocked_kicks;def_fum_td,PFR
St. Louis Cardinals,STL,1983,6,1983-10-09,False,WAS,H,L,14,38,0,0,,0,,,,0,,,0,-4,match,0,0,False,fum_rec;blocked_kicks;def_fum_td,PFR
St. Louis Cardinals,STL,1983,7,1983-10-16,False,TAM,A,W,34,27,3.0,2,,0,,,,0,,,0,7.0,match,2,2,False,fum_rec;blocked_kicks;def_fum_td,PFR
St. Louis Cardinals,STL,1983,8,1983-10-24,False,NYG,H,T,20,20,6.0,2,,0,,,,0,,,0,11.0,match,2,2,False,fum_rec;blocked_kicks;def_fum_td,PFR
St. Louis Cardinals,STL,1983,9,1983-10-30,False,MIN,H,W,41,31,3.0,3,,0,,,,0,,,0,8.0,match,3,3,False,fum_rec;blocked_kicks;def_fum_td,PFR
St. Louis Cardinals,STL,1983,10,1983-11-06,False,WAS,A,L,7,45,1.0,1,,0,,,,0,,,0,-1.0,match,1,1,False,fum_rec;blocked_kicks;def_fum_td,PFR
St. Louis Cardinals,STL,1983,11,1983-11-13,False,SEA,H,W,33,28,6.0,1,,0,,,,0,,,0,7.0,match,1,1,False,fum_rec;blocked_kicks;def_fum_td,PFR
St. Louis Cardinals,STL,1983,12,1983-11-20,False,SDG,H,W,44,14,5.0,3,,0,,,,0,,,0,12.0,match,3,3,False,fum_rec;blocked_kicks;def_fum_td,PFR
St. Louis Cardinals,STL,1983,13,1983-11-24,False,DAL,A,L,17,35,1.0,0,,0,,,,0,,,0,-3.0,match,0,0,False,fum_rec;blocked_kicks;def_fum_td,PFR
St. Louis Cardinals,STL,1983,14,1983-12-04,False,NYG,A,W,10,6,3.0,4,,0,,,,0,,,0,18.0,match,4,4,False,fum_rec;blocked_kicks;def_fum_td,PFR
St. Louis Cardinals,STL,1983,15,1983-12-11,False,RAI,A,W,34,24,6.0,3,,0,,,,0,,,0,12.0,match,3,3,False,fum_rec;blocked_kicks;def_fum_td,PFR
St. Louis Cardinals,STL,1983,16,1983-12-18,False,PHI,H,W,31,7,11.0,4,,0,,,,0,,,0,23.0,match,4,4,False,fum_rec;blocked_kicks;def_fum_td,PFR
Tampa Bay Buccaneers,TAM,1983,1,1983-09-04,False,DET,H,L,0,11,3.0,1,,0,,,,0,,,0,9.0,match,1,1,False,fum_rec;blocked_kicks;def_fum_td,PFR
Tampa Bay Buccaneers,TAM,1983,2,1983-09-11,False,CHI,A,L,10,17,4.0,2,,0,,,,0,,,0,9.0,match,2,2,False,fum_rec;blocked_kicks;def_fum_td,PFR
Tampa Bay Buccaneers,TAM,1983,3,1983-09-18,False,MIN,H,L,16,19,3.0,0,,0,,,,0,,,0,4.0,match,0,0,False,fum_rec;blocked_kicks;def_fum_td,PFR
Tampa Bay Buccaneers,TAM,1983,4,1983-09-25,False,CIN,H,L,17,23,2.0,1,,0,,,,0,,,0,4.0,match,1,1,False,fum_rec;blocked_kicks;def_fum_td,PFR
Tampa Bay Buccaneers,TAM,1983,5,1983-10-02,False,GNB,A,L,14,55,1.0,1,,0,,,,0,,,0,-1.0,match,1,1,False,fum_rec;blocked_kicks;def_fum_td,PFR
Tampa Bay Buccaneers,TAM,1983,6,1983-10-09,False,DAL,A,L,24,27,5.0,3,,0,,,,0,,,0,11.0,match,3,3,False,fum_rec;blocked_kicks;def_fum_td,PFR
Tampa Bay Buccaneers,TAM,1983,7,1983-10-16,False,STL,H,L,27,34,3.0,1,,0,,,,0,,,0,4.0,match,1,1,False,fum_rec;blocked_kicks;def_fum_td,PFR
Tampa Bay Buccaneers,TAM,1983,8,1983-10-23,False,NOR,H,L,21,24,4.0,4,,0,,,,0,,,0,12.0,match,4,4,False,fum_rec;blocked_kicks;def_fum_td,PFR
Tampa Bay Buccaneers,TAM,1983,9,1983-10-30,False,PIT,A,L,12,17,5.0,3,,0,,,,0,,,0,12.0,match,3,3,False,fum_rec;blocked_kicks;def_fum_td,PFR
Tampa Bay Buccaneers,TAM,1983,10,1983-11-06,False,MIN,A,W,17,12,4.0,0,,0,,,,0,,,0,8.0,match,0,0,False,fum_rec;blocked_kicks;def_fum_td,PFR
Tampa Bay Buccaneers,TAM,1983,11,1983-11-13,False,CLE,A,L,0,20,0.0,0,,0,,,,0,,,0,1,match,0,0,False,fum_rec;blocked_kicks;def_fum_td,PFR
Tampa Bay Buccaneers,TAM,1983,12,1983-11-20,False,CHI,H,L,0,27,1.0,1,,0,,,,0,,,0,3.0,match,1,1,False,fum_rec;blocked_kicks;def_fum_td,PFR
Tampa Bay Buccaneers,TAM,1983,13,1983-11-27,False,HOU,H,W,33,24,2.0,3,,0,,,,0,,,0,8.0,match,3,3,False,fum_rec;blocked_kicks;def_fum_td,PFR
Tampa Bay Buccaneers,TAM,1983,14,1983-12-04,False,SFO,A,L,21,35,1.0,0,,0,,,,0,,,0,-3.0,match,0,0,False,fum_rec;blocked_kicks;def_fum_td,PFR
Tampa Bay Buccaneers,TAM,1983,15,1983-12-12,False,GNB,H,L,9,12,2.0,3,,0,,,,0,,,0,12.0,match,3,3,False,fum_rec;blocked_kicks;def_fum_td,PFR
Tampa Bay Buccaneers,TAM,1983,16,1983-12-18,False,DET,A,L,20,23,2.0,0,,0,,,,0,,,0,2.0,match,0,0,False,fum_rec;blocked_kicks;def_fum_td,PFR
Washington Redskins,WAS,1983,1,1983-09-05,False,DAL,H,L,30,31,2.0,0,,0,,,,0,,,0,1.0,match,0,0,False,fum_rec;blocked_kicks;def_fum_td,PFR
Washington Redskins,WAS,1983,2,1983-09-11,False,PHI,A,W,23,13,6.0,2,,0,,,,0,,,0,14.0,match,2,2,False,fum_rec;blocked_kicks;def_fum_td,PFR
Washington Redskins,WAS,1983,3,1983-09-18,False,KAN,H,W,27,12,5.0,2,,0,,,,0,,,0,13.0,match,2,2,False,fum_rec;blocked_kicks;def_fum_td,PFR
Washington Redskins,WAS,1983,4,1983-09-25,False,SEA,A,W,27,17,1.0,1,,0,,,,0,,,0,4.0,match,1,1,False,fum_rec;blocked_kicks;def_fum_td,PFR
Washington Redskins,WAS,1983,5,1983-10-02,False,RAI,H,W,37,35,5.0,4,,0,,,,0,,,0,9.0,match,4,4,False,fum_rec;blocked_kicks;def_fum_td,PFR
Washington Redskins,WAS,1983,6,1983-10-09,False,STL,A,W,38,14,3.0,1,,0,,,,0,,,0,6.0,match,1,1,False,fum_rec;blocked_kicks;def_fum_td,PFR
Washington Redskins,WAS,1983,7,1983-10-17,False,GNB,A,L,47,48,3.0,1,,0,,,,0,,,0,1.0,match,1,1,False,fum_rec;blocked_kicks;def_fum_td,PFR
Washington Redskins,WAS,1983,8,1983-10-23,False,DET,H,W,38,17,5.0,2,,0,,,,0,,,0,10.0,match,2,2,False,fum_rec;blocked_kicks;def_fum_td,PFR
Washington Redskins,WAS,1983,9,1983-10-31,False,SDG,A,W,27,24,1.0,6,,0,,,,0,,,0,13.0,match,6,6,False,fum_rec;blocked_kicks;def_fum_td,PFR
Washington Redskins,WAS,1983,10,1983-11-06,False,STL,H,W,45,7,5.0,1,,0,,,,0,,,0,11.0,match,1,1,False,fum_rec;blocked_kicks;def_fum_td,PFR
Washington Redskins,WAS,1983,11,1983-11-13,False,NYG,A,W,33,17,2.0,1,,0,,,,0,,,0,5.0,match,1,1,False,fum_rec;blocked_kicks;def_fum_td,PFR
Washington Redskins,WAS,1983,12,1983-11-20,False,RAM,A,W,42,20,2.0,4,,0,,,,0,,,0,11.0,match,4,4,False,fum_rec;blocked_kicks;def_fum_td,PFR
Washington Redskins,WAS,1983,13,1983-11-27,False,PHI,H,W,28,24,3.0,1,,0,,,,0,,,0,5.0,match,1,1,False,fum_rec;blocked_kicks;def_fum_td,PFR
Washington Redskins,WAS,1983,14,1983-12-04,False,ATL,H,W,37,21,3.0,4,,0,,,,0,,,0,11.0,match,4,4,False,fum_rec;blocked_kicks;def_fum_td,PFR
Washington Redskins,WAS,1983,15,1983-12-11,False,DAL,A,W,31,10,3.0,3,,0,,,,0,,,0,13.0,match,3,3,False,fum_rec;blocked_kicks;def_fum_td,PFR
Washington Redskins,WAS,1983,16,1983-12-17,False,NYG,H,W,31,22,2.0,1,,0,,,,0,,,0,4.0,match,1,1,False,fum_rec;blocked_kicks;def_fum_td,PFR
Washington Redskins,WAS,1983,17,1984-01-01,True,RAM,H,W,51,7,3.0,3,,0,,,,0,,,0,13.0,match,3,3,False,fum_rec;blocked_kicks;def_fum_td,PFR
Washington Redskins,WAS,1983,18,1984-01-08,True,SFO,H,W,24,21,0.0,1,,0,,,,0,,,0,2,match,1,1,False,fum_rec;blocked_kicks;def_fum_td,PFR
Washington Redskins,WAS,1983,19,1984-01-22,True,RAI,N,L,9,38,2.0,0,,0,,,,0,,,0,-2.0,match,0,0,False,fum_rec;blocked_kicks;def_fum_td,PFR
Atlanta Falcons,ATL,1984,1,1984-09-02,False,NOR,A,W,36,28,5.0,3,,0,,,,0,,,0,10.0,match,3,3,False,fum_rec;blocked_kicks;def_fum_td,PFR
Atlanta Falcons,ATL,1984,2,1984-09-09,False,DET,H,L,24,27,1.0,0,,0,,,,0,,,0,1.0,match,0,0,False,fum_rec;blocked_kicks;def_fum_td,PFR
Atlanta Falcons,ATL,1984,3,1984-09-16,False,MIN,A,L,20,27,2.0,0,,0,,,,0,,,0,2.0,match,0,0,False,fum_rec;blocked_kicks;def_fum_td,PFR
Atlanta Falcons,ATL,1984,4,1984-09-23,False,HOU,H,W,42,10,4.0,1,,0,,,,0,,,0,10.0,match,1,1,False,fum_rec;blocked_kicks;def_fum_td,PFR
Atlanta Falcons,ATL,1984,5,1984-09-30,False,SFO,A,L,5,14,0,0,,0,,,,0,,,0,1,match,0,0,False,fum_rec;blocked_kicks;def_fum_td,PFR
Atlanta Falcons,ATL,1984,6,1984-10-07,False,RAM,A,W,30,28,2.0,0,,0,,,,0,,,0,1.0,match,0,0,False,fum_rec;blocked_kicks;def_fum_td,PFR
Atlanta Falcons,ATL,1984,7,1984-10-14,False,NYG,H,L,7,19,0.0,0,,0,,,,0,,,0,1,match,0,0,False,fum_rec;blocked_kicks;def_fum_td,PFR
Atlanta Falcons,ATL,1984,8,1984-10-22,False,RAM,H,L,10,24,3.0,0,,0,,,,0,,,0,3.0,match,0,0,False,fum_rec;blocked_kicks;def_fum_td,PFR
Atlanta Falcons,ATL,1984,9,1984-10-28,False,PIT,A,L,10,35,2.0,2,,0,,,,0,,,0,2.0,match,2,2,False,fum_rec;blocked_kicks;def_fum_td,PFR
Atlanta Falcons,ATL,1984,10,1984-11-05,False,WAS,A,L,14,27,4.0,1,,0,,,,0,,,0,6.0,match,1,1,False,fum_rec;blocked_kicks;def_fum_td,PFR
Atlanta Falcons,ATL,1984,11,1984-11-11,False,NOR,H,L,13,17,0.0,1,,0,,,,0,,,0,3,match,1,1,False,fum_rec;blocked_kicks;def_fum_td,PFR
Atlanta Falcons,ATL,1984,12,1984-11-18,False,CLE,H,L,7,23,1.0,1,,0,,,,0,,,0,3.0,match,1,1,False,fum_rec;blocked_kicks;def_fum_td,PFR
Atlanta Falcons,ATL,1984,13,1984-11-25,False,CIN,A,L,14,35,3.0,1,,0,,,,0,,,0,1.0,match,1,1,False,fum_rec;blocked_kicks;def_fum_td,PFR
Atlanta Falcons,ATL,1984,14,1984-12-02,False,SFO,H,L,17,35,2.0,2,,0,,,,0,,,0,2.0,match,2,2,False,fum_rec;blocked_kicks;def_fum_td,PFR
Atlanta Falcons,ATL,1984,15,1984-12-09,False,TAM,A,L,6,23,0.0,0,,0,,,,0,,,0,0,match,0,0,False,fum_rec;blocked_kicks;def_fum_td,PFR
Atlanta Falcons,ATL,1984,16,1984-12-16,False,PHI,H,W,26,10,8.0,0,,0,,,,0,,,0,12.0,match,0,0,False,fum_rec;blocked_kicks;def_fum_td,PFR
Buffalo Bills,BUF,1984,1,1984-09-02,False,NWE,H,L,17,21,2.0,1,,0,,,,0,,,0,4.0,match,1,1,False,fum_rec;blocked_kicks;def_fum_td,PFR
Buffalo Bills,BUF,1984,2,1984-09-09,False,STL,A,L,7,37,0,0,,0,,,,0,,,0,-4,match,0,0,False,fum_rec;blocked_kicks;def_fum_td,PFR
Buffalo Bills,BUF,1984,3,1984-09-17,False,MIA,H,L,17,21,0.0,1,,0,,,,0,,,0,2,match,1,1,False,fum_rec;blocked_kicks;def_fum_td,PFR
Buffalo Bills,BUF,1984,4,1984-09-23,False,NYJ,H,L,26,28,0,1,,0,,,,0,,,0,1,match,1,1,False,fum_rec;blocked_kicks;def_fum_td,PFR
Buffalo Bills,BUF,1984,5,1984-09-30,False,IND,A,L,17,31,1.0,0,,0,,,,0,,,0,0.0,match,0,0,False,fum_rec;blocked_kicks;def_fum_td,PFR
Buffalo Bills,BUF,1984,6,1984-10-07,False,PHI,H,L,17,27,1.0,0,,0,,,,0,,,0,1.0,match,0,0,False,fum_rec;blocked_kicks;def_fum_td,PFR
Buffalo Bills,BUF,1984,7,1984-10-14,False,SEA,A,L,28,31,3.0,2,,0,,,,0,,,1,12.0,match,2,2,False,fum_rec;blocked_kicks;def_fum_td,PFR
Buffalo Bills,BUF,1984,8,1984-10-21,False,DEN,H,L,7,37,4.0,0,,0,,,,0,,,0,0.0,match,0,0,False,fum_rec;blocked_kicks;def_fum_td,PFR
Buffalo Bills,BUF,1984,9,1984-10-28,False,MIA,A,L,7,38,1.0,3,,0,,,,0,,,0,3.0,match,3,3,False,fum_rec;blocked_kicks;def_fum_td,PFR
Buffalo Bills,BUF,1984,10,1984-11-04,False,CLE,H,L,10,13,2.0,1,,0,,,,0,,,0,8.0,match,1,1,False,fum_rec;blocked_kicks;def_fum_td,PFR
Buffalo Bills,BUF,1984,11,1984-11-11,False,NWE,A,L,10,38,3.0,2,,0,,,,0,,,0,3.0,match,2,2,False,fum_rec;blocked_kicks;def_fum_td,PFR
Buffalo Bills,BUF,1984,12,1984-11-18,False,DAL,H,W,14,3,3.0,2,,0,,,,0,,,0,14.0,match,2,2,False,fum_rec;blocked_kicks;def_fum_td,PFR
Buffalo Bills,BUF,1984,13,1984-11-25,False,WAS,A,L,14,41,1.0,1,,0,,,,0,,,0,-1.0,match,1,1,False,fum_rec;blocked_kicks;def_fum_td,PFR
Buffalo Bills,BUF,1984,14,1984-12-02,False,IND,H,W,21,15,2.0,1,,0,,,,0,,,0,5.0,match,1,1,False,fum_rec;blocked_kicks;def_fum_td,PFR
Buffalo Bills,BUF,1984,15,1984-12-08,False,NYJ,A,L,17,21,2.0,1,,0,,,,0,,,0,4.0,match,1,1,False,fum_rec;blocked_kicks;def_fum_td,PFR
Buffalo Bills,BUF,1984,16,1984-12-16,False,CIN,A,L,21,52,1.0,0,,0,,,,0,,,0,-3.0,match,0,0,False,fum_rec;blocked_kicks;def_fum_td,PFR
Chicago Bears,CHI,1984,1,1984-09-02,False,TAM,H,W,34,14,4.0,6,,0,,,,0,,,0,17.0,match,6,6,False,fum_rec;blocked_kicks;def_fum_td,PFR
Chicago Bears,CHI,1984,2,1984-09-09,False,DEN,H,W,27,0,3.0,2,,0,,,,0,,,0,17.0,match,2,2,False,fum_rec;blocked_kicks;def_fum_td,PFR
Chicago Bears,CHI,1984,3,1984-09-16,False,GNB,A,W,9,7,3.0,1,,0,,,,0,,,0,9.0,match,1,1,False,fum_rec;blocked_kicks;def_fum_td,PFR
Chicago Bears,CHI,1984,4,1984-09-23,False,SEA,A,L,9,38,4.0,0,,0,,,,0,,,0,0.0,match,0,0,False,fum_rec;blocked_kicks;def_fum_td,PFR
Chicago Bears,CHI,1984,5,1984-09-30,False,DAL,H,L,14,23,1.0,0,,0,,,,0,,,0,1.0,match,0,0,False,fum_rec;blocked_kicks;def_fum_td,PFR
Chicago Bears,CHI,1984,6,1984-10-07,False,NOR,H,W,20,7,1.0,0,,0,,,,0,,,0,5.0,match,0,0,False,fum_rec;blocked_kicks;def_fum_td,PFR
Chicago Bears,CHI,1984,7,1984-10-14,False,STL,A,L,21,38,5.0,1,,0,,,,0,,,0,3.0,match,1,1,False,fum_rec;blocked_kicks;def_fum_td,PFR
Chicago Bears,CHI,1984,8,1984-10-21,False,TAM,A,W,44,9,6.0,1,,0,,,,0,,,0,12.0,match,1,1,False,fum_rec;blocked_kicks;def_fum_td,PFR
Chicago Bears,CHI,1984,9,1984-10-28,False,MIN,H,W,16,7,11.0,2,,0,,,,0,,,0,19.0,match,2,2,False,fum_rec;blocked_kicks;def_fum_td,PFR
Chicago Bears,CHI,1984,10,1984-11-04,False,RAI,H,W,17,6,9.0,3,,0,,,,0,,,0,22.0,match,3,3,False,fum_rec;blocked_kicks;def_fum_td,PFR
Chicago Bears,CHI,1984,11,1984-11-11,False,RAM,A,L,13,29,0,0,,0,,,,0,,,0,-1,match,0,0,False,fum_rec;blocked_kicks;def_fum_td,PFR
Chicago Bears,CHI,1984,12,1984-11-18,False,DET,H,W,16,14,3.0,0,,0,,,,0,,,0,4.0,match,0,0,False,fum_rec;blocked_kicks;def_fum_td,PFR
Chicago Bears,CHI,1984,13,1984-11-25,False,MIN,A,W,34,3,3.0,2,,0,,,,0,,,0,14.0,match,2,2,False,fum_rec;blocked_kicks;def_fum_td,PFR
Chicago Bears,CHI,1984,14,1984-12-03,False,SDG,A,L,7,20,4.0,0,,0,,,,0,,,0,5.0,match,0,0,False,fum_rec;blocked_kicks;def_fum_td,PFR
Chicago Bears,CHI,1984,15,1984-12-09,False,GNB,H,L,14,20,3.0,2,,0,,,,0,,,0,8.0,match,2,2,False,fum_rec;blocked_kicks;def_fum_td,PFR
Chicago Bears,CHI,1984,16,1984-12-16,False,DET,A,W,30,13,12.0,1,,0,,,,0,,,0,18.0,match,1,1,False,fum_rec;blocked_kicks;def_fum_td,PFR
Chicago Bears,CHI,1984,17,1984-12-30,True,WAS,A,W,23,19,7.0,1,,0,,,,0,,,0,10.0,match,1,1,False,fum_rec;blocked_kicks;def_fum_td,PFR
Chicago Bears,CHI,1984,18,1985-01-06,True,SFO,A,L,0,23,3.0,2,,0,,,,0,,,0,7.0,match,2,2,False,fum_rec;blocked_kicks;def_fum_td,PFR
Cincinnati Bengals,CIN,1984,1,1984-09-02,False,DEN,A,L,17,20,1.0,1,,0,,,,0,,,0,4.0,match,1,1,False,fum_rec;blocked_kicks;def_fum_td,PFR
Cincinnati Bengals,CIN,1984,2,1984-09-09,False,KAN,H,L,22,27,3.0,1,,0,,,,0,,,0,5.0,match,1,1,False,fum_rec;blocked_kicks;def_fum_td,PFR
Cincinnati Bengals,CIN,1984,3,1984-09-16,False,NYJ,A,L,23,43,4.0,0,,0,,,,0,,,0,0.0,match,0,0,False,fum_rec;blocked_kicks;def_fum_td,PFR
Cincinnati Bengals,CIN,1984,4,1984-09-23,False,RAM,H,L,14,24,2.0,0,,0,,,,0,,,0,2.0,match,0,0,False,fum_rec;blocked_kicks;def_fum_td,PFR
Cincinnati Bengals,CIN,1984,5,1984-10-01,False,PIT,A,L,17,38,1.0,3,,0,,,,0,,,0,3.0,match,3,3,False,fum_rec;blocked_kicks;def_fum_td,PFR
Cincinnati Bengals,CIN,1984,6,1984-10-07,False,HOU,H,W,13,3,4.0,0,,0,,,,0,,,0,11.0,match,0,0,False,fum_rec;blocked_kicks;def_fum_td,PFR
Cincinnati Bengals,CIN,1984,7,1984-10-14,False,NWE,A,L,14,20,2.0,1,,0,,,,0,,,0,5.0,match,1,1,False,fum_rec;blocked_kicks;def_fum_td,PFR
Cincinnati Bengals,CIN,1984,8,1984-10-21,False,CLE,H,W,12,9,5.0,2,,0,,,,0,,,0,13.0,match,2,2,False,fum_rec;blocked_kicks;def_fum_td,PFR
Cincinnati Bengals,CIN,1984,9,1984-10-28,False,HOU,A,W,31,13,3.0,3,,0,,,,0,,,0,13.0,match,3,3,False,fum_rec;blocked_kicks;def_fum_td,PFR
Cincinnati Bengals,CIN,1984,10,1984-11-04,False,SFO,A,L,17,23,1.0,4,,0,,,,0,,,0,9.0,match,4,4,False,fum_rec;blocked_kicks;def_fum_td,PFR
Cincinnati Bengals,CIN,1984,11,1984-11-11,False,PIT,H,W,22,20,3.0,3,,0,,,,0,,,0,10.0,match,3,3,False,fum_rec;blocked_kicks;def_fum_td,PFR
Cincinnati Bengals,CIN,1984,12,1984-11-18,False,SEA,H,L,6,26,1.0,1,,0,,,,0,,,0,3.0,match,1,1,False,fum_rec;blocked_kicks;def_fum_td,PFR
Cincinnati Bengals,CIN,1984,13,1984-11-25,False,ATL,H,W,35,14,1.0,2,,0,,,,0,,,0,6.0,match,2,2,False,fum_rec;blocked_kicks;def_fum_td,PFR
Cincinnati Bengals,CIN,1984,14,1984-12-02,False,CLE,A,W,20,17,1.0,0,,0,,,,0,,,0,2.0,match,0,0,False,fum_rec;blocked_kicks;def_fum_td,PFR
Cincinnati Bengals,CIN,1984,15,1984-12-09,False,NOR,A,W,24,21,6.0,1,,0,,,,0,,,0,8.0,match,1,1,False,fum_rec;blocked_kicks;def_fum_td,PFR
Cincinnati Bengals,CIN,1984,16,1984-12-16,False,BUF,H,W,52,21,2.0,3,,0,,,,0,,,0,8.0,match,3,3,False,fum_rec;blocked_kicks;def_fum_td,PFR
Cleveland Browns,CLE,1984,1,1984-09-03,False,SEA,A,L,0,33,2.0,1,,0,,,,0,,,0,3.0,match,1,1,False,fum_rec;blocked_kicks;def_fum_td,PFR
Cleveland Browns,CLE,1984,2,1984-09-09,False,RAM,A,L,17,20,2.0,2,,0,,,,0,,,0,7.0,match,2,2,False,fum_rec;blocked_kicks;def_fum_td,PFR
Cleveland Browns,CLE,1984,3,1984-09-16,False,DEN,H,L,14,24,1.0,1,,0,,,,0,,,0,3.0,match,1,1,False,fum_rec;blocked_kicks;def_fum_td,PFR
Cleveland Browns,CLE,1984,4,1984-09-23,False,PIT,H,W,20,10,1.0,1,,0,,,,0,,,0,7.0,match,1,1,False,fum_rec;blocked_kicks;def_fum_td,PFR
Cleveland Browns,CLE,1984,5,1984-09-30,False,KAN,A,L,6,10,2.0,2,,0,,,,0,,,0,10.0,match,2,2,False,fum_rec;blocked_kicks;def_fum_td,PFR
Cleveland Browns,CLE,1984,6,1984-10-07,False,NWE,H,L,16,17,5.0,0,,0,,,,0,,,0,6.0,match,0,0,False,fum_rec;blocked_kicks;def_fum_td,PFR
Cleveland Browns,CLE,1984,7,1984-10-14,False,NYJ,H,L,20,24,2.0,2,,0,,,,0,,,0,6.0,match,2,2,False,fum_rec;blocked_kicks;def_fum_td,PFR
Cleveland Browns,CLE,1984,8,1984-10-21,False,CIN,A,L,9,12,3.0,1,,0,,,,0,,,0,9.0,match,1,1,False,fum_rec;blocked_kicks;def_fum_td,PFR
Cleveland Browns,CLE,1984,9,1984-10-28,False,NOR,H,L,14,16,3.0,0,,0,,,,0,,,0,4.0,match,0,0,False,fum_rec;blocked_kicks;def_fum_td,PFR
Cleveland Browns,CLE,1984,10,1984-11-04,False,BUF,A,W,13,10,3.0,2,,0,,,,0,,,0,11.0,match,2,2,False,fum_rec;blocked_kicks;def_fum_td,PFR
Cleveland Browns,CLE,1984,11,1984-11-11,False,SFO,H,L,7,41,1.0,1,,0,,,,0,,,0,-1.0,match,1,1,False,fum_rec;blocked_kicks;def_fum_td,PFR
Cleveland Browns,CLE,1984,12,1984-11-18,False,ATL,A,W,23,7,11.0,2,,0,,,,0,,,0,19.0,match,2,2,False,fum_rec;blocked_kicks;def_fum_td,PFR
Cleveland Browns,CLE,1984,13,1984-11-25,False,HOU,H,W,27,10,4.0,2,,0,,,,0,,,0,12.0,match,2,2,False,fum_rec;blocked_kicks;def_fum_td,PFR
Cleveland Browns,CLE,1984,14,1984-12-02,False,CIN,H,L,17,20,2.0,1,,0,,,,0,,,0,5.0,match,1,1,False,fum_rec;blocked_kicks;def_fum_td,PFR
Cleveland Browns,CLE,1984,15,1984-12-09,False,PIT,A,L,20,23,1.0,2,,0,,,,0,,,0,5.0,match,2,2,False,fum_rec;blocked_kicks;def_fum_td,PFR
Cleveland Browns,CLE,1984,16,1984-12-16,False,HOU,A,W,27,20,0,0,,0,,,,0,,,0,1,match,0,0,False,fum_rec;blocked_kicks;def_fum_td,PFR
Dallas Cowboys,DAL,1984,1,1984-09-03,False,RAM,A,W,20,13,3.0,5,,0,,,,0,,,0,17.0,match,5,5,False,fum_rec;blocked_kicks;def_fum_td,PFR
Dallas Cowboys,DAL,1984,2,1984-09-09,False,NYG,A,L,7,28,2.0,0,,0,,,,0,,,0,1.0,match,0,0,False,fum_rec;blocked_kicks;def_fum_td,PFR
Dallas Cowboys,DAL,1984,3,1984-09-16,False,PHI,H,W,23,17,1.0,3,,0,,,,0,,,0,8.0,match,3,3,False,fum_rec;blocked_kicks;def_fum_td,PFR
Dallas Cowboys,DAL,1984,4,1984-09-23,False,GNB,H,W,20,6,6.0,4,,0,,,,0,,,0,21.0,match,4,4,False,fum_rec;blocked_kicks;def_fum_td,PFR
Dallas Cowboys,DAL,1984,5,1984-09-30,False,CHI,A,W,23,14,2.0,1,,0,,,,0,,,0,5.0,match,1,1,False,fum_rec;blocked_kicks;def_fum_td,PFR
Dallas Cowboys,DAL,1984,6,1984-10-07,False,STL,H,L,20,31,4.0,0,,0,,,,0,,,0,3.0,match,0,0,False,fum_rec;blocked_kicks;def_fum_td,PFR
Dallas Cowboys,DAL,1984,7,1984-10-14,False,WAS,A,L,14,34,0,0,,0,,,,0,,,0,-1,match,0,0,False,fum_rec;blocked_kicks;def_fum_td,PFR
Dallas Cowboys,DAL,1984,8,1984-10-21,False,NOR,H,W,30,27,1.0,3,,0,,,,0,,,0,7.0,match,3,3,False,fum_rec;blocked_kicks;def_fum_td,PFR
Dallas Cowboys,DAL,1984,9,1984-10-28,False,IND,H,W,22,3,3.0,2,,0,,,,0,,,0,14.0,match,2,2,False,fum_rec;blocked_kicks;def_fum_td,PFR
Dallas Cowboys,DAL,1984,10,1984-11-04,False,NYG,H,L,7,19,2.0,1,,0,,,,0,,,0,5.0,match,1,1,False,fum_rec;blocked_kicks;def_fum_td,PFR
Dallas Cowboys,DAL,1984,11,1984-11-11,False,STL,A,W,24,17,5.0,2,,0,,,,0,,,0,10.0,match,2,2,False,fum_rec;blocked_kicks;def_fum_td,PFR
Dallas Cowboys,DAL,1984,12,1984-11-18,False,BUF,A,L,3,14,2.0,2,,0,,,,0,,,0,7.0,match,2,2,False,fum_rec;blocked_kicks;def_fum_td,PFR
Dallas Cowboys,DAL,1984,13,1984-11-22,False,NWE,H,W,20,17,10.0,1,,0,,,,0,,,0,13.0,match,1,1,False,fum_rec;blocked_kicks;def_fum_td,PFR
Dallas Cowboys,DAL,1984,14,1984-12-02,False,PHI,A,W,26,10,6.0,2,,0,,,,0,,,0,14.0,match,2,2,False,fum_rec;blocked_kicks;def_fum_td,PFR
Dallas Cowboys,DAL,1984,15,1984-12-09,False,WAS,H,L,28,30,8.0,0,,0,,,,0,,,0,7.0,match,0,0,False,fum_rec;blocked_kicks;def_fum_td,PFR
Dallas Cowboys,DAL,1984,16,1984-12-17,False,MIA,A,L,21,28,1.0,2,,0,,,,0,,,0,4.0,match,2,2,False,fum_rec;blocked_kicks;def_fum_td,PFR
Denver Broncos,DEN,1984,1,1984-09-02,False,CIN,H,W,20,17,4.0,1,,0,,,,0,,,0,7.0,match,1,1,False,fum_rec;blocked_kicks;def_fum_td,PFR
Denver Broncos,DEN,1984,2,1984-09-09,False,CHI,A,L,0,27,1.0,1,,0,,,,0,,,0,3.0,match,1,1,False,fum_rec;blocked_kicks;def_fum_td,PFR
Denver Broncos,DEN,1984,3,1984-09-16,False,CLE,A,W,24,14,7.0,3,,0,,,,0,,,0,14.0,match,3,3,False,fum_rec;blocked_kicks;def_fum_td,PFR
Denver Broncos,DEN,1984,4,1984-09-23,False,KAN,H,W,21,0,1.0,2,,0,,,,0,,,0,15.0,match,2,2,False,fum_rec;blocked_kicks;def_fum_td,PFR
Denver Broncos,DEN,1984,5,1984-09-30,False,RAI,H,W,16,13,2.0,2,,0,,,,0,,,0,10.0,match,2,2,False,fum_rec;blocked_kicks;def_fum_td,PFR
Denver Broncos,DEN,1984,6,1984-10-07,False,DET,A,W,28,7,6.0,7,,0,,,,0,,,0,24.0,match,7,7,False,fum_rec;blocked_kicks;def_fum_td,PFR
Denver Broncos,DEN,1984,7,1984-10-15,False,GNB,H,W,17,14,3.0,1,,0,,,,0,,,0,6.0,match,1,1,False,fum_rec;blocked_kicks;def_fum_td,PFR
Denver Broncos,DEN,1984,8,1984-10-21,False,BUF,A,W,37,7,6.0,4,,0,,,,0,,,0,18.0,match,4,4,False,fum_rec;blocked_kicks;def_fum_td,PFR
Denver Broncos,DEN,1984,9,1984-10-28,False,RAI,A,W,22,19,4.0,3,,0,,,,0,,,0,11.0,match,3,3,False,fum_rec;blocked_kicks;def_fum_td,PFR
Denver Broncos,DEN,1984,10,1984-11-04,False,NWE,H,W,26,19,4.0,1,,0,,,,0,,,0,7.0,match,1,1,False,fum_rec;blocked_kicks;def_fum_td,PFR
Denver Broncos,DEN,1984,11,1984-11-11,False,SDG,A,W,16,13,1.0,0,,0,,,,0,,,0,5.0,match,0,0,False,fum_rec;blocked_kicks;def_fum_td,PFR
Denver Broncos,DEN,1984,12,1984-11-18,False,MIN,H,W,42,21,5.0,3,,0,,,,0,,,0,11.0,match,3,3,False,fum_rec;blocked_kicks;def_fum_td,PFR
Denver Broncos,DEN,1984,13,1984-11-25,False,SEA,H,L,24,27,0,0,,0,,,,0,,,0,0,match,0,0,False,fum_rec;blocked_kicks;def_fum_td,PFR
Denver Broncos,DEN,1984,14,1984-12-02,False,KAN,A,L,13,16,6.0,1,,0,,,,0,,,0,9.0,match,1,1,False,fum_rec;blocked_kicks;def_fum_td,PFR
Denver Broncos,DEN,1984,15,1984-12-09,False,SDG,H,W,16,13,3.0,0,,0,,,,0,,,0,7.0,match,0,0,False,fum_rec;blocked_kicks;def_fum_td,PFR
Denver Broncos,DEN,1984,16,1984-12-15,False,SEA,A,W,31,14,4.0,2,,0,,,,0,,,0,9.0,match,2,2,False,fum_rec;blocked_kicks;def_fum_td,PFR
Denver Broncos,DEN,1984,17,1984-12-30,True,PIT,H,L,17,24,2.0,0,,0,,,,0,,,0,2.0,match,0,0,False,fum_rec;blocked_kicks;def_fum_td,PFR
Detroit Lions,DET,1984,1,1984-09-02,False,SFO,H,L,27,30,2.0,0,,0,,,,0,,,0,1.0,match,0,0,False,fum_rec;blocked_kicks;def_fum_td,PFR
Detroit Lions,DET,1984,2,1984-09-09,False,ATL,A,W,27,24,1.0,0,,0,,,,0,,,0,1.0,match,0,0,False,fum_rec;blocked_kicks;def_fum_td,PFR
Detroit Lions,DET,1984,3,1984-09-16,False,TAM,A,L,17,21,2.0,1,,0,,,,0,,,0,4.0,match,1,1,False,fum_rec;blocked_kicks;def_fum_td,PFR
Detroit Lions,DET,1984,4,1984-09-23,False,MIN,H,L,28,29,2.0,0,,0,,,,0,,,0,1.0,match,0,0,False,fum_rec;blocked_kicks;def_fum_td,PFR
Detroit Lions,DET,1984,5,1984-09-30,False,SDG,A,L,24,27,1.0,0,,0,,,,0,,,0,1.0,match,0,0,False,fum_rec;blocked_kicks;def_fum_td,PFR
Detroit Lions,DET,1984,6,1984-10-07,False,DEN,H,L,7,28,3.0,1,,0,,,,0,,,0,4.0,match,1,1,False,fum_rec;blocked_kicks;def_fum_td,PFR
Detroit Lions,DET,1984,7,1984-10-14,False,TAM,H,W,13,7,1.0,0,,0,,,,0,,,0,5.0,match,0,0,False,fum_rec;blocked_kicks;def_fum_td,PFR
Detroit Lions,DET,1984,8,1984-10-21,False,MIN,A,W,16,14,4.0,2,,0,,,,0,,,0,9.0,match,2,2,False,fum_rec;blocked_kicks;def_fum_td,PFR
Detroit Lions,DET,1984,9,1984-10-28,False,GNB,A,L,9,41,1.0,0,,0,,,,0,,,0,-3.0,match,0,0,False,fum_rec;blocked_kicks;def_fum_td,PFR
Detroit Lions,DET,1984,10,1984-11-04,False,PHI,H,T,23,23,4.0,2,,0,,,,0,,,0,8.0,match,2,2,False,fum_rec;blocked_kicks;def_fum_td,PFR
Detroit Lions,DET,1984,11,1984-11-11,False,WAS,A,L,14,28,5.0,0,,0,,,,0,,,0,4.0,match,0,0,False,fum_rec;blocked_kicks;def_fum_td,PFR
Detroit Lions,DET,1984,12,1984-11-18,False,CHI,A,L,14,16,3.0,0,,0,,,,0,,,0,4.0,match,0,0,False,fum_rec;blocked_kicks;def_fum_td,PFR
Detroit Lions,DET,1984,13,1984-11-22,False,GNB,H,W,31,28,2.0,2,,0,,,,0,,,0,5.0,match,2,2,False,fum_rec;blocked_kicks;def_fum_td,PFR
Detroit Lions,DET,1984,14,1984-12-02,False,SEA,A,L,17,38,2.0,1,,0,,,,0,,,0,0.0,match,1,1,False,fum_rec;blocked_kicks;def_fum_td,PFR
Detroit Lions,DET,1984,15,1984-12-10,False,RAI,H,L,3,24,3.0,2,,0,,,,0,,,0,7.0,match,2,2,False,fum_rec;blocked_kicks;def_fum_td,PFR
Detroit Lions,DET,1984,16,1984-12-16,False,CHI,H,L,13,30,1.0,3,,0,,,,0,,,0,6.0,match,3,3,False,fum_rec;blocked_kicks;def_fum_td,PFR
Green Bay Packers,GNB,1984,1,1984-09-02,False,STL,H,W,24,23,2.0,1,,0,,,,0,,,0,4.0,match,1,1,False,fum_rec;blocked_kicks;def_fum_td,PFR
Green Bay Packers,GNB,1984,2,1984-09-09,False,RAI,A,L,7,28,5.0,1,,0,,,,0,,,0,6.0,match,1,1,False,fum_rec;blocked_kicks;def_fum_td,PFR
Green Bay Packers,GNB,1984,3,1984-09-16,False,CHI,H,L,7,9,1.0,1,,0,,,,0,,,0,7.0,match,1,1,False,fum_rec;blocked_kicks;def_fum_td,PFR
Green Bay Packers,GNB,1984,4,1984-09-23,False,DAL,A,L,6,20,4.0,1,,0,,,,0,,,0,7.0,match,1,1,False,fum_rec;blocked_kicks;def_fum_td,PFR
Green Bay Packers,GNB,1984,5,1984-09-30,False,TAM,A,L,27,30,3.0,3,,0,,,,0,,,0,8.0,match,3,3,False,fum_rec;blocked_kicks;def_fum_td,PFR
Green Bay Packers,GNB,1984,6,1984-10-07,False,SDG,H,L,28,34,3.0,0,,0,,,,0,,,0,2.0,match,0,0,False,fum_rec;blocked_kicks;def_fum_td,PFR
Green Bay Packers,GNB,1984,7,1984-10-15,False,DEN,A,L,14,17,0.0,1,,0,,,,0,,,0,3,match,1,1,False,fum_rec;blocked_kicks;def_fum_td,PFR
Green Bay Packers,GNB,1984,8,1984-10-21,False,SEA,H,L,24,30,5.0,2,,0,,,,0,,,0,8.0,match,2,2,False,fum_rec;blocked_kicks;def_fum_td,PFR
Green Bay Packers,GNB,1984,9,1984-10-28,False,DET,H,W,41,9,3.0,3,,0,,,,0,,,0,13.0,match,3,3,False,fum_rec;blocked_kicks;def_fum_td,PFR
Green Bay Packers,GNB,1984,10,1984-11-04,False,NOR,A,W,23,13,2.0,2,,0,,,,0,,,0,10.0,match,2,2,False,fum_rec;blocked_kicks;def_fum_td,PFR
Green Bay Packers,GNB,1984,11,1984-11-11,False,MIN,H,W,45,17,3.0,1,,0,,,,0,,,0,6.0,match,1,1,False,fum_rec;blocked_kicks;def_fum_td,PFR
Green Bay Packers,GNB,1984,12,1984-11-18,False,RAM,H,W,31,6,1.0,3,,0,,,,0,,,0,14.0,match,3,3,False,fum_rec;blocked_kicks;def_fum_td,PFR
Green Bay Packers,GNB,1984,13,1984-11-22,False,DET,A,L,28,31,0,1,,0,,,,0,,,0,1,match,1,1,False,fum_rec;blocked_kicks;def_fum_td,PFR
Green Bay Packers,GNB,1984,14,1984-12-02,False,TAM,H,W,27,14,3.0,2,,0,,,,0,,,0,8.0,match,2,2,False,fum_rec;blocked_kicks;def_fum_td,PFR
Green Bay Packers,GNB,1984,15,1984-12-09,False,CHI,A,W,20,14,5.0,2,,0,,,,0,,,1,16.0,match,2,2,False,fum_rec;blocked_kicks;def_fum_td,PFR
Green Bay Packers,GNB,1984,16,1984-12-16,False,MIN,A,W,38,14,4.0,3,,0,,,,0,,,0,11.0,match,3,3,False,fum_rec;blocked_kicks;def_fum_td,PFR
Houston Oilers,HOU,1984,1,1984-09-02,False,RAI,H,L,14,24,3.0,0,,0,,,,0,,,0,3.0,match,0,0,False,fum_rec;blocked_kicks;def_fum_td,PFR
Houston Oilers,HOU,1984,2,1984-09-09,False,IND,H,L,21,35,0,0,,0,,,,0,,,0,-4,match,0,0,False,fum_rec;blocked_kicks;def_fum_td,PFR
Houston Oilers,HOU,1984,3,1984-09-16,False,SDG,A,L,14,31,2.0,1,,0,,,,0,,,0,3.0,raised_to_opp_qb_count,0,1,False,fum_rec;blocked_kicks;def_fum_td,PFR
Houston Oilers,HOU,1984,4,1984-09-23,False,ATL,A,L,10,42,3.0,0,,0,,,,0,,,0,-1.0,match,0,0,False,fum_rec;blocked_kicks;def_fum_td,PFR
Houston Oilers,HOU,1984,5,1984-09-30,False,NOR,H,L,10,27,3.0,1,,0,,,,0,,,0,5.0,match,1,1,False,fum_rec;blocked_kicks;def_fum_td,PFR
Houston Oilers,HOU,1984,6,1984-10-07,False,CIN,A,L,3,13,0,2,,0,,,,0,,,0,8,raised_to_opp_qb_count,1,2,False,fum_rec;blocked_kicks;def_fum_td,PFR
Houston Oilers,HOU,1984,7,1984-10-14,False,MIA,A,L,10,28,2.0,0,,0,,,,0,,,0,1.0,match,0,0,False,fum_rec;blocked_kicks;def_fum_td,PFR
Houston Oilers,HOU,1984,8,1984-10-21,False,SFO,H,L,21,34,1.0,1,,0,,,,0,,,0,2.0,match,1,1,False,fum_rec;blocked_kicks;def_fum_td,PFR
Houston Oilers,HOU,1984,9,1984-10-28,False,CIN,H,L,13,31,0,1,,0,,,,0,,,0,1,match,1,1,False,fum_rec;blocked_kicks;def_fum_td,PFR
Houston Oilers,HOU,1984,10,1984-11-04,False,PIT,A,L,7,35,1.0,2,,0,,,,0,,,0,1.0,raised_to_opp_qb_count,1,2,False,fum_rec;blocked_kicks;def_fum_td,PFR
Houston Oilers,HOU,1984,11,1984-11-11,False,KAN,A,W,17,16,5.0,0,,0,,,,0,,,0,6.0,match,0,0,False,fum_rec;blocked_kicks;def_fum_td,PFR
Houston Oilers,HOU,1984,12,1984-11-18,False,NYJ,H,W,31,20,3.0,1,,0,,,,0,,,0,6.0,match,1,1,False,fum_rec;blocked_kicks;def_fum_td,PFR
Houston Oilers,HOU,1984,13,1984-11-25,False,CLE,A,L,10,27,1.0,1,,0,,,,0,,,0,3.0,match,1,1,False,fum_rec;blocked_kicks;def_fum_td,PFR
Houston Oilers,HOU,1984,14,1984-12-02,False,PIT,H,W,23,20,4.0,2,,0,,,,0,,,0,9.0,match,2,2,False,fum_rec;blocked_kicks;def_fum_td,PFR
Houston Oilers,HOU,1984,15,1984-12-09,False,RAM,A,L,16,27,2.0,0,,0,,,,0,,,0,2.0,match,0,0,False,fum_rec;blocked_kicks;def_fum_td,PFR
Houston Oilers,HOU,1984,16,1984-12-16,False,CLE,H,L,20,27,2.0,1,,0,,,,0,,,0,4.0,match,1,1,False,fum_rec;blocked_kicks;def_fum_td,PFR
Indianapolis Colts,IND,1984,1,1984-09-02,False,NYJ,H,L,14,23,1.0,2,,0,,,,0,,,0,5.0,match,2,2,False,fum_rec;blocked_kicks;def_fum_td,PFR
Indianapolis Colts,IND,1984,2,1984-09-09,False,HOU,A,W,35,21,4.0,0,,0,,,,0,,,0,4.0,match,0,0,False,fum_rec;blocked_kicks;def_fum_td,PFR
Indianapolis Colts,IND,1984,3,1984-09-16,False,STL,H,L,33,34,1.0,3,,0,,,,0,,,1,12.0,match,3,3,False,fum_rec;blocked_kicks;def_fum_td,PFR
Indianapolis Colts,IND,1984,4,1984-09-23,False,MIA,A,L,7,44,0,0,,0,,,,0,,,0,-4,match,0,0,False,fum_rec;blocked_kicks;def_fum_td,PFR
Indianapolis Colts,IND,1984,5,1984-09-30,False,BUF,H,W,31,17,4.0,3,,0,,,,0,,,0,11.0,match,3,3,False,fum_rec;blocked_kicks;def_fum_td,PFR
Indianapolis Colts,IND,1984,6,1984-10-07,False,WAS,H,L,7,35,1.0,1,,0,,,,0,,,0,-1.0,match,1,1,False,fum_rec;blocked_kicks;def_fum_td,PFR
Indianapolis Colts,IND,1984,7,1984-10-14,False,PHI,A,L,7,16,2.0,1,,0,,,,0,,,0,5.0,match,1,1,False,fum_rec;blocked_kicks;def_fum_td,PFR
Indianapolis Colts,IND,1984,8,1984-10-21,False,PIT,H,W,17,16,1.0,1,,0,,,,0,,,0,4.0,match,1,1,False,fum_rec;blocked_kicks;def_fum_td,PFR
Indianapolis Colts,IND,1984,9,1984-10-28,False,DAL,A,L,3,22,0,0,,0,,,,0,,,0,0,match,0,0,False,fum_rec;blocked_kicks;def_fum_td,PFR
Indianapolis Colts,IND,1984,10,1984-11-04,False,SDG,H,L,10,38,0.0,2,,0,,,,0,,,0,0,match,2,2,False,fum_rec;blocked_kicks;def_fum_td,PFR
Indianapolis Colts,IND,1984,11,1984-11-11,False,NYJ,A,W,9,5,6.0,1,,0,,,,0,,,0,15.0,match,1,1,False,fum_rec;blocked_kicks;def_fum_td,PFR
Indianapolis Colts,IND,1984,12,1984-11-18,False,NWE,H,L,17,50,6.0,0,,0,,,,0,,,0,2.0,match,0,0,False,fum_rec;blocked_kicks;def_fum_td,PFR
Indianapolis Colts,IND,1984,13,1984-11-25,False,RAI,A,L,7,21,6.0,2,,0,,,,0,,,0,10.0,match,2,2,False,fum_rec;blocked_kicks;def_fum_td,PFR
Indianapolis Colts,IND,1984,14,1984-12-02,False,BUF,A,L,15,21,1.0,1,,0,,,,0,,,0,3.0,match,1,1,False,fum_rec;blocked_kicks;def_fum_td,PFR
Indianapolis Colts,IND,1984,15,1984-12-09,False,MIA,H,L,17,35,2.0,1,,0,,,,0,,,0,0.0,match,1,1,False,fum_rec;blocked_kicks;def_fum_td,PFR
Indianapolis Colts,IND,1984,16,1984-12-16,False,NWE,A,L,10,16,7.0,0,,0,,,,0,,,0,8.0,match,0,0,False,fum_rec;blocked_kicks;def_fum_td,PFR
Kansas City Chiefs,KAN,1984,1,1984-09-02,False,PIT,A,W,37,27,5.0,2,,0,,,,0,,,0,9.0,match,2,2,False,fum_rec;blocked_kicks;def_fum_td,PFR
Kansas City Chiefs,KAN,1984,2,1984-09-09,False,CIN,A,W,27,22,5.0,0,,0,,,,0,,,0,5.0,match,0,0,False,fum_rec;blocked_kicks;def_fum_td,PFR
Kansas City Chiefs,KAN,1984,3,1984-09-16,False,RAI,H,L,20,22,1.0,4,,0,,,,0,,,0,9.0,match,4,4,False,fum_rec;blocked_kicks;def_fum_td,PFR
Kansas City Chiefs,KAN,1984,4,1984-09-23,False,DEN,A,L,0,21,4.0,2,,0,,,,0,,,0,8.0,match,2,2,False,fum_rec;blocked_kicks;def_fum_td,PFR
Kansas City Chiefs,KAN,1984,5,1984-09-30,False,CLE,H,W,10,6,10.0,4,,0,,,,0,,,0,25.0,match,4,4,False,fum_rec;blocked_kicks;def_fum_td,PFR
Kansas City Chiefs,KAN,1984,6,1984-10-07,False,NYJ,H,L,16,17,0,1,,0,,,,0,,,0,3,match,1,1,False,fum_rec;blocked_kicks;def_fum_td,PFR
Kansas City Chiefs,KAN,1984,7,1984-10-14,False,SDG,H,W,31,13,4.0,2,,0,,,,0,,,0,12.0,match,2,2,False,fum_rec;blocked_kicks;def_fum_td,PFR
Kansas City Chiefs,KAN,1984,8,1984-10-21,False,NYJ,A,L,7,28,2.0,0,,0,,,,0,,,0,1.0,match,0,0,False,fum_rec;blocked_kicks;def_fum_td,PFR
Kansas City Chiefs,KAN,1984,9,1984-10-28,False,TAM,H,W,24,20,4.0,3,,0,,,,0,,,0,11.0,match,3,3,False,fum_rec;blocked_kicks;def_fum_td,PFR
Kansas City Chiefs,KAN,1984,10,1984-11-04,False,SEA,A,L,0,45,1.0,1,,0,,,,0,,,0,-1.0,match,1,1,False,fum_rec;blocked_kicks;def_fum_td,PFR
Kansas City Chiefs,KAN,1984,11,1984-11-11,False,HOU,H,L,16,17,5.0,0,,0,,,,0,,,0,6.0,match,0,0,False,fum_rec;blocked_kicks;def_fum_td,PFR
Kansas City Chiefs,KAN,1984,12,1984-11-18,False,RAI,A,L,7,17,3.0,1,,0,,,,0,,,0,6.0,match,1,1,False,fum_rec;blocked_kicks;def_fum_td,PFR
Kansas City Chiefs,KAN,1984,13,1984-11-25,False,NYG,A,L,27,28,2.0,3,,0,,,,0,,,0,7.0,match,3,3,False,fum_rec;blocked_kicks;def_fum_td,PFR
Kansas City Chiefs,KAN,1984,14,1984-12-02,False,DEN,H,W,16,13,3.0,1,,0,,,,0,,,0,9.0,match,1,1,False,fum_rec;blocked_kicks;def_fum_td,PFR
Kansas City Chiefs,KAN,1984,15,1984-12-09,False,SEA,H,W,34,7,0.0,6,,0,,,,0,,,0,16,match,6,6,False,fum_rec;blocked_kicks;def_fum_td,PFR
Kansas City Chiefs,KAN,1984,16,1984-12-16,False,SDG,A,W,42,21,0,0,,0,,,,0,,,0,0,match,0,0,False,fum_rec;blocked_kicks;def_fum_td,PFR
Miami Dolphins,MIA,1984,1,1984-09-02,False,WAS,A,W,35,17,2.0,2,,0,,,,0,,,0,7.0,match,2,2,False,fum_rec;blocked_kicks;def_fum_td,PFR
Miami Dolphins,MIA,1984,2,1984-09-09,False,NWE,H,W,28,7,2.0,4,,0,,,,0,,,0,14.0,match,4,4,False,fum_rec;blocked_kicks;def_fum_td,PFR
Miami Dolphins,MIA,1984,3,1984-09-17,False,BUF,A,W,21,17,3.0,0,,0,,,,0,,,0,4.0,match,0,0,False,fum_rec;blocked_kicks;def_fum_td,PFR
Miami Dolphins,MIA,1984,4,1984-09-23,False,IND,H,W,44,7,6.0,3,,0,,,,0,,,0,16.0,match,3,3,False,fum_rec;blocked_kicks;def_fum_td,PFR
Miami Dolphins,MIA,1984,5,1984-09-30,False,STL,A,W,36,28,0.0,0,,0,,,,0,,,0,-1,match,0,0,False,fum_rec;blocked_kicks;def_fum_td,PFR
Miami Dolphins,MIA,1984,6,1984-10-07,False,PIT,A,W,31,7,3.0,2,,0,,,,0,,,0,11.0,match,2,2,False,fum_rec;blocked_kicks;def_fum_td,PFR
Miami Dolphins,MIA,1984,7,1984-10-14,False,HOU,H,W,28,10,1.0,1,,0,,,,0,,,0,7.0,match,1,1,False,fum_rec;blocked_kicks;def_fum_td,PFR
Miami Dolphins,MIA,1984,8,1984-10-21,False,NWE,A,W,44,24,1.0,0,,0,,,,0,,,0,1.0,match,0,0,False,fum_rec;blocked_kicks;def_fum_td,PFR
Miami Dolphins,MIA,1984,9,1984-10-28,False,BUF,H,W,38,7,5.0,1,,0,,,,0,,,0,11.0,match,1,1,False,fum_rec;blocked_kicks;def_fum_td,PFR
Miami Dolphins,MIA,1984,10,1984-11-04,False,NYJ,A,W,31,17,5.0,2,,0,,,,0,,,0,10.0,match,2,2,False,fum_rec;blocked_kicks;def_fum_td,PFR
Miami Dolphins,MIA,1984,11,1984-11-11,False,PHI,H,W,24,23,2.0,2,,0,,,,0,,,0,6.0,match,2,2,False,fum_rec;blocked_kicks;def_fum_td,PFR
Miami Dolphins,MIA,1984,12,1984-11-18,False,SDG,A,L,28,34,1.0,1,,0,,,,0,,,0,2.0,match,1,1,False,fum_rec;blocked_kicks;def_fum_td,PFR
Miami Dolphins,MIA,1984,13,1984-11-26,False,NYJ,H,W,28,17,3.0,1,,0,,,,0,,,0,6.0,match,1,1,False,fum_rec;blocked_kicks;def_fum_td,PFR
Miami Dolphins,MIA,1984,14,1984-12-02,False,RAI,H,L,34,45,2.0,1,,0,,,,0,,,0,0.0,match,1,1,False,fum_rec;blocked_kicks;def_fum_td,PFR
Miami Dolphins,MIA,1984,15,1984-12-09,False,IND,A,W,35,17,3.0,2,,0,,,,0,,,0,8.0,match,2,2,False,fum_rec;blocked_kicks;def_fum_td,PFR
Miami Dolphins,MIA,1984,16,1984-12-17,False,DAL,H,W,28,21,3.0,2,,0,,,,0,,,0,7.0,match,2,2,False,fum_rec;blocked_kicks;def_fum_td,PFR
Miami Dolphins,MIA,1984,17,1984-12-29,True,SEA,H,W,31,10,2.0,0,,0,,,,0,,,0,6.0,match,0,0,False,fum_rec;blocked_kicks;def_fum_td,PFR
Miami Dolphins,MIA,1984,18,1985-01-06,True,PIT,H,W,45,28,0.0,3,,0,,,,0,,,0,5,match,3,3,False,fum_rec;blocked_kicks;def_fum_td,PFR
Miami Dolphins,MIA,1984,19,1985-01-20,True,SFO,N,L,16,38,1.0,0,,0,,,,0,,,0,-3.0,match,0,0,False,fum_rec;blocked_kicks;def_fum_td,PFR
Minnesota Vikings,MIN,1984,1,1984-09-02,False,SDG,H,L,13,42,0,0,,0,,,,0,,,0,-4,match,0,0,False,fum_rec;blocked_kicks;def_fum_td,PFR
Minnesota Vikings,MIN,1984,2,1984-09-09,False,PHI,A,L,17,19,2.0,0,,0,,,,0,,,0,3.0,match,0,0,False,fum_rec;blocked_kicks;def_fum_td,PFR
Minnesota Vikings,MIN,1984,3,1984-09-16,False,ATL,H,W,27,20,7.0,1,,0,,,,0,,,0,10.0,match,1,1,False,fum_rec;blocked_kicks;def_fum_td,PFR
Minnesota Vikings,MIN,1984,4,1984-09-23,False,DET,A,W,29,28,1.0,0,,0,,,,0,,,0,0.0,match,0,0,False,fum_rec;blocked_kicks;def_fum_td,PFR
Minnesota Vikings,MIN,1984,5,1984-09-30,False,SEA,H,L,12,20,1.0,3,,0,,,,0,,,0,8.0,match,3,3,False,fum_rec;blocked_kicks;def_fum_td,PFR
Minnesota Vikings,MIN,1984,6,1984-10-07,False,TAM,A,L,31,35,0,0,,0,,,,0,,,0,-4,match,0,0,False,fum_rec;blocked_kicks;def_fum_td,PFR
Minnesota Vikings,MIN,1984,7,1984-10-14,False,RAI,A,L,20,23,2.0,1,,0,,,,0,,,0,4.0,match,1,1,False,fum_rec;blocked_kicks;def_fum_td,PFR
Minnesota Vikings,MIN,1984,8,1984-10-21,False,DET,H,L,14,16,0,1,,0,,,,0,,,0,3,match,1,1,False,fum_rec;blocked_kicks;def_fum_td,PFR
Minnesota Vikings,MIN,1984,9,1984-10-28,False,CHI,A,L,7,16,1.0,0,,0,,,,0,,,0,2.0,match,0,0,False,fum_rec;blocked_kicks;def_fum_td,PFR
Minnesota Vikings,MIN,1984,10,1984-11-04,False,TAM,H,W,27,24,2.0,1,,0,,,,0,,,0,4.0,match,1,1,False,fum_rec;blocked_kicks;def_fum_td,PFR
Minnesota Vikings,MIN,1984,11,1984-11-11,False,GNB,A,L,17,45,2.0,1,,0,,,,0,,,0,0.0,match,1,1,False,fum_rec;blocked_kicks;def_fum_td,PFR
Minnesota Vikings,MIN,1984,12,1984-11-18,False,DEN,A,L,21,42,1.0,0,,0,,,,0,,,0,-3.0,match,0,0,False,fum_rec;blocked_kicks;def_fum_td,PFR
Minnesota Vikings,MIN,1984,13,1984-11-25,False,CHI,H,L,3,34,1.0,0,,0,,,,0,,,0,0.0,match,0,0,False,fum_rec;blocked_kicks;def_fum_td,PFR
Minnesota Vikings,MIN,1984,14,1984-11-29,False,WAS,H,L,17,31,2.0,0,,0,,,,0,,,0,1.0,match,0,0,False,fum_rec;blocked_kicks;def_fum_td,PFR
Minnesota Vikings,MIN,1984,15,1984-12-08,False,SFO,A,L,7,51,1.0,0,,0,,,,0,,,0,-3.0,match,0,0,False,fum_rec;blocked_kicks;def_fum_td,PFR
Minnesota Vikings,MIN,1984,16,1984-12-16,False,GNB,H,L,14,38,2.0,3,,0,,,,0,,,0,4.0,match,3,3,False,fum_rec;blocked_kicks;def_fum_td,PFR
New Orleans Saints,NOR,1984,1,1984-09-02,False,ATL,H,L,28,36,3.0,2,,0,,,,0,,,0,3.0,match,2,2,False,fum_rec;blocked_kicks;def_fum_td,PFR
New Orleans Saints,NOR,1984,2,1984-09-09,False,TAM,H,W,17,13,7.0,0,,0,,,,0,,,0,11.0,match,0,0,False,fum_rec;blocked_kicks;def_fum_td,PFR
New Orleans Saints,NOR,1984,3,1984-09-16,False,SFO,A,L,20,30,3.0,1,,0,,,,0,,,0,4.0,match,1,1,False,fum_rec;blocked_kicks;def_fum_td,PFR
New Orleans Saints,NOR,1984,4,1984-09-23,False,STL,H,W,34,24,5.0,0,,0,,,,0,,,0,5.0,match,0,0,False,fum_rec;blocked_kicks;def_fum_td,PFR
New Orleans Saints,NOR,1984,5,1984-09-30,False,HOU,A,W,27,10,5.0,2,,0,,,,0,,,0,13.0,match,2,2,False,fum_rec;blocked_kicks;def_fum_td,PFR
New Orleans Saints,NOR,1984,6,1984-10-07,False,CHI,A,L,7,20,4.0,0,,0,,,,0,,,0,5.0,match,0,0,False,fum_rec;blocked_kicks;def_fum_td,PFR
New Orleans Saints,NOR,1984,7,1984-10-14,False,RAM,H,L,10,28,1.0,0,,0,,,,0,,,0,0.0,match,0,0,False,fum_rec;blocked_kicks;def_fum_td,PFR
New Orleans Saints,NOR,1984,8,1984-10-21,False,DAL,A,L,27,30,6.0,2,,0,,,,0,,,0,9.0,match,2,2,False,fum_rec;blocked_kicks;def_fum_td,PFR
New Orleans Saints,NOR,1984,9,1984-10-28,False,CLE,A,W,16,14,2.0,0,,0,,,,0,,,0,3.0,match,0,0,False,fum_rec;blocked_kicks;def_fum_td,PFR
New Orleans Saints,NOR,1984,10,1984-11-04,False,GNB,H,L,13,23,1.0,0,,0,,,,0,,,0,1.0,match,0,0,False,fum_rec;blocked_kicks;def_fum_td,PFR
New Orleans Saints,NOR,1984,11,1984-11-11,False,ATL,A,W,17,13,5.0,0,,0,,,,0,,,0,9.0,match,0,0,False,fum_rec;blocked_kicks;def_fum_td,PFR
New Orleans Saints,NOR,1984,12,1984-11-19,False,PIT,H,W,27,24,3.0,2,,0,,,,0,,,0,7.0,match,2,2,False,fum_rec;blocked_kicks;def_fum_td,PFR
New Orleans Saints,NOR,1984,13,1984-11-25,False,SFO,H,L,3,35,1.0,0,,0,,,,0,,,0,-3.0,match,0,0,False,fum_rec;blocked_kicks;def_fum_td,PFR
New Orleans Saints,NOR,1984,14,1984-12-02,False,RAM,A,L,21,34,0.0,2,,0,,,,0,,,0,3,match,2,2,False,fum_rec;blocked_kicks;def_fum_td,PFR
New Orleans Saints,NOR,1984,15,1984-12-09,False,CIN,H,L,21,24,2.0,0,,0,,,,0,,,0,2.0,match,0,0,False,fum_rec;blocked_kicks;def_fum_td,PFR
New Orleans Saints,NOR,1984,16,1984-12-15,False,NYG,A,W,10,3,7.0,2,,0,,,,0,,,0,18.0,match,2,2,False,fum_rec;blocked_kicks;def_fum_td,PFR
New England Patriots,NWE,1984,1,1984-09-02,False,BUF,A,W,21,17,3.0,0,,0,,,,0,,,0,4.0,match,0,0,False,fum_rec;blocked_kicks;def_fum_td,PFR
New England Patriots,NWE,1984,2,1984-09-09,False,MIA,A,L,7,28,0.0,2,,0,,,,0,,,0,3,match,2,2,False,fum_rec;blocked_kicks;def_fum_td,PFR
New England Patriots,NWE,1984,3,1984-09-16,False,SEA,H,W,38,23,5.0,2,,0,,,,0,,,0,9.0,match,2,2,False,fum_rec;blocked_kicks;def_fum_td,PFR
New England Patriots,NWE,1984,4,1984-09-23,False,WAS,H,L,10,26,2.0,0,,0,,,,0,,,0,2.0,match,0,0,False,fum_rec;blocked_kicks;def_fum_td,PFR
New England Patriots,NWE,1984,5,1984-09-30,False,NYJ,A,W,28,21,6.0,1,,0,,,,0,,,0,8.0,match,1,1,False,fum_rec;blocked_kicks;def_fum_td,PFR
New England Patriots,NWE,1984,6,1984-10-07,False,CLE,A,W,17,16,4.0,1,,0,,,,0,,,0,7.0,match,1,1,False,fum_rec;blocked_kicks;def_fum_td,PFR
New England Patriots,NWE,1984,7,1984-10-14,False,CIN,H,W,20,14,2.0,0,,0,,,,0,,,0,3.0,match,0,0,False,fum_rec;blocked_kicks;def_fum_td,PFR
New England Patriots,NWE,1984,8,1984-10-21,False,MIA,H,L,24,44,0,1,,0,,,,0,,,0,-2,match,1,1,False,fum_rec;blocked_kicks;def_fum_td,PFR
New England Patriots,NWE,1984,9,1984-10-28,False,NYJ,H,W,30,20,4.0,2,,0,,,,0,,,0,9.0,match,2,2,False,fum_rec;blocked_kicks;def_fum_td,PFR
New England Patriots,NWE,1984,10,1984-11-04,False,DEN,A,L,19,26,3.0,1,,0,,,,0,,,0,5.0,match,1,1,False,fum_rec;blocked_kicks;def_fum_td,PFR
New England Patriots,NWE,1984,11,1984-11-11,False,BUF,H,W,38,10,8.0,3,,0,,,,0,,,0,18.0,match,3,3,False,fum_rec;blocked_kicks;def_fum_td,PFR
New England Patriots,NWE,1984,12,1984-11-18,False,IND,A,W,50,17,7.0,1,,0,,,,0,,,0,10.0,match,1,1,False,fum_rec;blocked_kicks;def_fum_td,PFR
New England Patriots,NWE,1984,13,1984-11-22,False,DAL,A,L,17,20,2.0,1,,0,,,,0,,,0,5.0,match,1,1,False,fum_rec;blocked_kicks;def_fum_td,PFR
New England Patriots,NWE,1984,14,1984-12-02,False,STL,H,L,10,33,1.0,0,,0,,,,0,,,0,0.0,match,0,0,False,fum_rec;blocked_kicks;def_fum_td,PFR
New England Patriots,NWE,1984,15,1984-12-09,False,PHI,A,L,17,27,5.0,1,,0,,,,0,,,0,7.0,match,1,1,False,fum_rec;blocked_kicks;def_fum_td,PFR
New England Patriots,NWE,1984,16,1984-12-16,False,IND,H,W,16,10,3.0,1,,0,,,,0,,,0,9.0,match,1,1,False,fum_rec;blocked_kicks;def_fum_td,PFR
New York Giants,NYG,1984,1,1984-09-02,False,PHI,H,W,28,27,3.0,0,,0,,,,0,,,0,3.0,match,0,0,False,fum_rec;blocked_kicks;def_fum_td,PFR
New York Giants,NYG,1984,2,1984-09-09,False,DAL,H,W,28,7,5.0,1,,0,,,,0,,,0,11.0,match,1,1,False,fum_rec;blocked_kicks;def_fum_td,PFR
New York Giants,NYG,1984,3,1984-09-16,False,WAS,A,L,14,30,2.0,2,,0,,,,0,,,0,5.0,match,2,2,False,fum_rec;blocked_kicks;def_fum_td,PFR
New York Giants,NYG,1984,4,1984-09-23,False,TAM,H,W,17,14,5.0,1,,0,,,,0,,,0,8.0,match,1,1,False,fum_rec;blocked_kicks;def_fum_td,PFR
New York Giants,NYG,1984,5,1984-09-30,False,RAM,A,L,12,33,2.0,0,,0,,,,0,,,0,1.0,match,0,0,False,fum_rec;blocked_kicks;def_fum_td,PFR
New York Giants,NYG,1984,6,1984-10-08,False,SFO,H,L,10,31,1.0,0,,0,,,,0,,,0,0.0,match,0,0,False,fum_rec;blocked_kicks;def_fum_td,PFR
New York Giants,NYG,1984,7,1984-10-14,False,ATL,A,W,19,7,4.0,3,,0,,,,0,,,0,14.0,match,3,3,False,fum_rec;blocked_kicks;def_fum_td,PFR
New York Giants,NYG,1984,8,1984-10-21,False,PHI,A,L,10,24,5.0,0,,0,,,,0,,,0,5.0,match,0,0,False,fum_rec;blocked_kicks;def_fum_td,PFR
New York Giants,NYG,1984,9,1984-10-28,False,WAS,H,W,37,13,3.0,1,,0,,,,0,,,0,9.0,match,1,1,False,fum_rec;blocked_kicks;def_fum_td,PFR
New York Giants,NYG,1984,10,1984-11-04,False,DAL,A,W,19,7,5.0,2,,0,,,,0,,,0,13.0,match,2,2,False,fum_rec;blocked_kicks;def_fum_td,PFR
New York Giants,NYG,1984,11,1984-11-11,False,TAM,A,L,17,20,2.0,2,,0,,,,0,,,0,7.0,match,2,2,False,fum_rec;blocked_kicks;def_fum_td,PFR
New York Giants,NYG,1984,12,1984-11-18,False,STL,H,W,16,10,2.0,4,,0,,,,0,,,0,14.0,match,4,4,False,fum_rec;blocked_kicks;def_fum_td,PFR
New York Giants,NYG,1984,13,1984-11-25,False,KAN,H,W,28,27,1.0,1,,0,,,,0,,,0,3.0,match,1,1,False,fum_rec;blocked_kicks;def_fum_td,PFR
New York Giants,NYG,1984,14,1984-12-02,False,NYJ,A,W,20,10,3.0,1,,0,,,,0,,,0,9.0,match,1,1,False,fum_rec;blocked_kicks;def_fum_td,PFR
New York Giants,NYG,1984,15,1984-12-09,False,STL,A,L,21,31,5.0,0,,0,,,,0,,,0,4.0,match,0,0,False,fum_rec;blocked_kicks;def_fum_td,PFR
New York Giants,NYG,1984,16,1984-12-15,False,NOR,H,L,3,10,0,1,,0,,,,0,,,0,6,match,1,1,False,fum_rec;blocked_kicks;def_fum_td,PFR
New York Giants,NYG,1984,17,1984-12-23,True,RAM,A,W,16,13,2.0,0,,0,,,,0,,,0,6.0,match,0,0,False,fum_rec;blocked_kicks;def_fum_td,PFR
New York Giants,NYG,1984,18,1984-12-29,True,SFO,A,L,10,21,4.0,3,,0,,,,0,,,0,10.0,match,3,3,False,fum_rec;blocked_kicks;def_fum_td,PFR
New York Jets,NYJ,1984,1,1984-09-02,False,IND,A,W,23,14,4.0,1,,0,,,,0,,,0,7.0,match,1,1,False,fum_rec;blocked_kicks;def_fum_td,PFR
New York Jets,NYJ,1984,2,1984-09-06,False,PIT,H,L,17,23,2.0,1,,0,,,,0,,,1,10.0,match,1,1,False,fum_rec;blocked_kicks;def_fum_td,PFR
New York Jets,NYJ,1984,3,1984-09-16,False,CIN,H,W,43,23,2.0,4,,0,,,,0,,,0,10.0,match,4,4,False,fum_rec;blocked_kicks;def_fum_td,PFR
New York Jets,NYJ,1984,4,1984-09-23,False,BUF,A,W,28,26,4.0,1,,0,,,,0,,,0,6.0,match,1,1,False,fum_rec;blocked_kicks;def_fum_td,PFR
New York Jets,NYJ,1984,5,1984-09-30,False,NWE,H,L,21,28,0,0,,0,,,,0,,,0,-1,match,0,0,False,fum_rec;blocked_kicks;def_fum_td,PFR
New York Jets,NYJ,1984,6,1984-10-07,False,KAN,A,W,17,16,2.0,0,,0,,,,0,,,0,3.0,match,0,0,False,fum_rec;blocked_kicks;def_fum_td,PFR
New York Jets,NYJ,1984,7,1984-10-14,False,CLE,A,W,24,20,5.0,0,,0,,,,0,,,0,6.0,match,0,0,False,fum_rec;blocked_kicks;def_fum_td,PFR
New York Jets,NYJ,1984,8,1984-10-21,False,KAN,H,W,28,7,4.0,1,,0,,,,0,,,0,10.0,match,1,1,False,fum_rec;blocked_kicks;def_fum_td,PFR
New York Jets,NYJ,1984,9,1984-10-28,False,NWE,A,L,20,30,4.0,1,,0,,,,0,,,0,5.0,match,1,1,False,fum_rec;blocked_kicks;def_fum_td,PFR
New York Jets,NYJ,1984,10,1984-11-04,False,MIA,H,L,17,31,2.0,2,,0,,,,0,,,0,5.0,match,2,2,False,fum_rec;blocked_kicks;def_fum_td,PFR
New York Jets,NYJ,1984,11,1984-11-11,False,IND,H,L,5,9,1.0,0,,0,,,,0,,,0,5.0,match,0,0,False,fum_rec;blocked_kicks;def_fum_td,PFR
New York Jets,NYJ,1984,12,1984-11-18,False,HOU,A,L,20,31,1.0,0,,0,,,,0,,,0,0.0,match,0,0,False,fum_rec;blocked_kicks;def_fum_td,PFR
New York Jets,NYJ,1984,13,1984-11-26,False,MIA,A,L,17,28,1.0,1,,0,,,,0,,,0,2.0,match,1,1,False,fum_rec;blocked_kicks;def_fum_td,PFR
New York Jets,NYJ,1984,14,1984-12-02,False,NYG,H,L,10,20,4.0,1,,0,,,,0,,,0,7.0,match,1,1,False,fum_rec;blocked_kicks;def_fum_td,PFR
New York Jets,NYJ,1984,15,1984-12-08,False,BUF,H,W,21,17,3.0,2,,0,,,,0,,,0,8.0,match,2,2,False,fum_rec;blocked_kicks;def_fum_td,PFR
New York Jets,NYJ,1984,16,1984-12-16,False,TAM,A,L,21,41,5.0,0,,0,,,,0,,,0,1.0,match,0,0,False,fum_rec;blocked_kicks;def_fum_td,PFR
Philadelphia Eagles,PHI,1984,1,1984-09-02,False,NYG,A,L,27,28,2.0,0,,0,,,,0,,,0,1.0,match,0,0,False,fum_rec;blocked_kicks;def_fum_td,PFR
Philadelphia Eagles,PHI,1984,2,1984-09-09,False,MIN,H,W,19,17,2.0,1,,0,,,,0,,,0,5.0,match,1,1,False,fum_rec;blocked_kicks;def_fum_td,PFR
Philadelphia Eagles,PHI,1984,3,1984-09-16,False,DAL,A,L,17,23,2.0,0,,0,,,,0,,,0,2.0,match,0,0,False,fum_rec;blocked_kicks;def_fum_td,PFR
Philadelphia Eagles,PHI,1984,4,1984-09-23,False,SFO,H,L,9,21,4.0,0,,0,,,,0,,,0,4.0,match,0,0,False,fum_rec;blocked_kicks;def_fum_td,PFR
Philadelphia Eagles,PHI,1984,5,1984-09-30,False,WAS,A,L,0,20,3.0,1,,0,,,,0,,,0,6.0,match,1,1,False,fum_rec;blocked_kicks;def_fum_td,PFR
Philadelphia Eagles,PHI,1984,6,1984-10-07,False,BUF,A,W,27,17,3.0,1,,0,,,,0,,,0,6.0,match,1,1,False,fum_rec;blocked_kicks;def_fum_td,PFR
Philadelphia Eagles,PHI,1984,7,1984-10-14,False,IND,H,W,16,7,5.0,1,,0,,,,0,,,0,11.0,match,1,1,False,fum_rec;blocked_kicks;def_fum_td,PFR
Philadelphia Eagles,PHI,1984,8,1984-10-21,False,NYG,H,W,24,10,5.0,1,,0,,,,0,,,0,11.0,match,1,1,False,fum_rec;blocked_kicks;def_fum_td,PFR
Philadelphia Eagles,PHI,1984,9,1984-10-28,False,STL,H,L,14,34,2.0,1,,0,,,,0,,,0,3.0,match,1,1,False,fum_rec;blocked_kicks;def_fum_td,PFR
Philadelphia Eagles,PHI,1984,10,1984-11-04,False,DET,A,T,23,23,8.0,2,,0,,,,0,,,0,12.0,match,2,2,False,fum_rec;blocked_kicks;def_fum_td,PFR
Philadelphia Eagles,PHI,1984,11,1984-11-11,False,MIA,A,L,23,24,1.0,1,,0,,,,0,,,0,3.0,match,1,1,False,fum_rec;blocked_kicks;def_fum_td,PFR
Philadelphia Eagles,PHI,1984,12,1984-11-18,False,WAS,H,W,16,10,1.0,3,,0,,,,0,,,1,17.0,match,3,3,False,fum_rec;blocked_kicks;def_fum_td,PFR
Philadelphia Eagles,PHI,1984,13,1984-11-25,False,STL,A,L,16,17,5.0,1,,0,,,,0,,,0,8.0,match,1,1,False,fum_rec;blocked_kicks;def_fum_td,PFR
Philadelphia Eagles,PHI,1984,14,1984-12-02,False,DAL,H,L,10,26,3.0,5,,0,,,,0,,,0,13.0,match,5,5,False,fum_rec;blocked_kicks;def_fum_td,PFR
Philadelphia Eagles,PHI,1984,15,1984-12-09,False,NWE,H,W,27,17,4.0,1,,0,,,,0,,,0,7.0,match,1,1,False,fum_rec;blocked_kicks;def_fum_td,PFR
Philadelphia Eagles,PHI,1984,16,1984-12-16,False,ATL,A,L,10,26,9.0,1,,0,,,,0,,,0,11.0,match,1,1,False,fum_rec;blocked_kicks;def_fum_td,PFR
Pittsburgh Steelers,PIT,1984,1,1984-09-02,False,KAN,H,L,27,37,0,0,,0,,,,0,,,0,-4,match,0,0,False,fum_rec;blocked_kicks;def_fum_td,PFR
Pittsburgh Steelers,PIT,1984,2,1984-09-06,False,NYJ,A,W,23,17,4.0,3,,0,,,,0,,,0,11.0,match,3,3,False,fum_rec;blocked_kicks;def_fum_td,PFR
Pittsburgh Steelers,PIT,1984,3,1984-09-16,False,RAM,H,W,24,14,5.0,3,,0,,,,0,,,0,12.0,match,3,3,False,fum_rec;blocked_kicks;def_fum_td,PFR
Pittsburgh Steelers,PIT,1984,4,1984-09-23,False,CLE,A,L,10,20,1.0,1,,0,,,,0,,,0,4.0,match,1,1,False,fum_rec;blocked_kicks;def_fum_td,PFR
Pittsburgh Steelers,PIT,1984,5,1984-10-01,False,CIN,H,W,38,17,6.0,5,,0,,,,0,,,0,17.0,match,5,5,False,fum_rec;blocked_kicks;def_fum_td,PFR
Pittsburgh Steelers,PIT,1984,6,1984-10-07,False,MIA,H,L,7,31,0.0,1,,0,,,,0,,,0,1,match,1,1,False,fum_rec;blocked_kicks;def_fum_td,PFR
Pittsburgh Steelers,PIT,1984,7,1984-10-14,False,SFO,A,W,20,17,0.0,1,,0,,,,0,,,0,3,match,1,1,False,fum_rec;blocked_kicks;def_fum_td,PFR
Pittsburgh Steelers,PIT,1984,8,1984-10-21,False,IND,A,L,16,17,6.0,1,,0,,,,0,,,0,9.0,match,1,1,False,fum_rec;blocked_kicks;def_fum_td,PFR
Pittsburgh Steelers,PIT,1984,9,1984-10-28,False,ATL,H,W,35,10,4.0,1,,0,,,,0,,,0,10.0,match,1,1,False,fum_rec;blocked_kicks;def_fum_td,PFR
Pittsburgh Steelers,PIT,1984,10,1984-11-04,False,HOU,H,W,35,7,5.0,0,,0,,,,0,,,0,9.0,match,0,0,False,fum_rec;blocked_kicks;def_fum_td,PFR
Pittsburgh Steelers,PIT,1984,11,1984-11-11,False,CIN,A,L,20,22,3.0,0,,0,,,,0,,,0,3.0,match,0,0,False,fum_rec;blocked_kicks;def_fum_td,PFR
Pittsburgh Steelers,PIT,1984,12,1984-11-19,False,NOR,A,L,24,27,6.0,2,,0,,,,0,,,1,16.0,match,2,2,False,fum_rec;blocked_kicks;def_fum_td,PFR
Pittsburgh Steelers,PIT,1984,13,1984-11-25,False,SDG,H,W,52,24,1.0,4,,0,,,,0,,,0,9.0,match,4,4,False,fum_rec;blocked_kicks;def_fum_td,PFR
Pittsburgh Steelers,PIT,1984,14,1984-12-02,False,HOU,A,L,20,23,0.0,3,,0,,,,0,,,0,6,match,3,3,False,fum_rec;blocked_kicks;def_fum_td,PFR
Pittsburgh Steelers,PIT,1984,15,1984-12-09,False,CLE,H,W,23,20,2.0,4,,0,,,,0,,,0,11.0,match,4,4,False,fum_rec;blocked_kicks;def_fum_td,PFR
Pittsburgh Steelers,PIT,1984,16,1984-12-16,False,RAI,A,W,13,7,3.0,2,,0,,,,0,,,0,11.0,match,2,2,False,fum_rec;blocked_kicks;def_fum_td,PFR
Pittsburgh Steelers,PIT,1984,17,1984-12-30,True,DEN,A,W,24,17,4.0,2,,0,,,,0,,,0,9.0,match,2,2,False,fum_rec;blocked_kicks;def_fum_td,PFR
Pittsburgh Steelers,PIT,1984,18,1985-01-06,True,MIA,A,L,28,45,0.0,1,,0,,,,0,,,0,-2,match,1,1,False,fum_rec;blocked_kicks;def_fum_td,PFR
Los Angeles Raiders,RAI,1984,1,1984-09-02,False,HOU,A,W,24,14,5.0,0,,0,,,,0,,,0,6.0,match,0,0,False,fum_rec;blocked_kicks;def_fum_td,PFR
Los Angeles Raiders,RAI,1984,2,1984-09-09,False,GNB,H,W,28,7,4.0,2,,0,,,,0,,,0,12.0,match,2,2,False,fum_rec;blocked_kicks;def_fum_td,PFR
Los Angeles Raiders,RAI,1984,3,1984-09-16,False,KAN,A,W,22,20,0.0,2,,0,,,,0,,,0,5,match,2,2,False,fum_rec;blocked_kicks;def_fum_td,PFR
Los Angeles Raiders,RAI,1984,4,1984-09-24,False,SDG,H,W,33,30,4.0,1,,0,,,,0,,,0,5.0,match,1,1,False,fum_rec;blocked_kicks;def_fum_td,PFR
Los Angeles Raiders,RAI,1984,5,1984-09-30,False,DEN,A,L,13,16,2.0,1,,0,,,,0,,,0,5.0,match,1,1,False,fum_rec;blocked_kicks;def_fum_td,PFR
Los Angeles Raiders,RAI,1984,6,1984-10-07,False,SEA,H,W,28,14,6.0,2,,0,,,,0,,,0,11.0,match,2,2,False,fum_rec;blocked_kicks;def_fum_td,PFR
Los Angeles Raiders,RAI,1984,7,1984-10-14,False,MIN,H,W,23,20,5.0,0,,0,,,,0,,,0,6.0,match,0,0,False,fum_rec;blocked_kicks;def_fum_td,PFR
Los Angeles Raiders,RAI,1984,8,1984-10-21,False,SDG,A,W,44,37,4.0,3,,0,,,,0,,,0,6.0,match,3,3,False,fum_rec;blocked_kicks;def_fum_td,PFR
Los Angeles Raiders,RAI,1984,9,1984-10-28,False,DEN,H,L,19,22,4.0,0,,0,,,,0,,,0,4.0,match,0,0,False,fum_rec;blocked_kicks;def_fum_td,PFR
Los Angeles Raiders,RAI,1984,10,1984-11-04,False,CHI,A,L,6,17,1.0,1,,0,,,,0,,,0,4.0,match,1,1,False,fum_rec;blocked_kicks;def_fum_td,PFR
Los Angeles Raiders,RAI,1984,11,1984-11-12,False,SEA,A,L,14,17,6.0,1,,0,,,,0,,,0,9.0,match,1,1,False,fum_rec;blocked_kicks;def_fum_td,PFR
Los Angeles Raiders,RAI,1984,12,1984-11-18,False,KAN,H,W,17,7,4.0,1,,0,,,,0,,,0,10.0,match,1,1,False,fum_rec;blocked_kicks;def_fum_td,PFR
Los Angeles Raiders,RAI,1984,13,1984-11-25,False,IND,H,W,21,7,6.0,1,,0,,,,0,,,0,12.0,match,1,1,False,fum_rec;blocked_kicks;def_fum_td,PFR
Los Angeles Raiders,RAI,1984,14,1984-12-02,False,MIA,A,W,45,34,3.0,2,,0,,,,0,,,0,6.0,match,2,2,False,fum_rec;blocked_kicks;def_fum_td,PFR
Los Angeles Raiders,RAI,1984,15,1984-12-10,False,DET,A,W,24,3,8.0,2,,0,,,,0,,,1,25.0,match,2,2,False,fum_rec;blocked_kicks;def_fum_td,PFR
Los Angeles Raiders,RAI,1984,16,1984-12-16,False,PIT,H,L,7,13,2.0,1,,0,,,,0,,,0,8.0,match,1,1,False,fum_rec;blocked_kicks;def_fum_td,PFR
Los Angeles Raiders,RAI,1984,17,1984-12-22,True,SEA,A,L,7,13,2.0,0,,0,,,,0,,,0,6.0,match,0,0,False,fum_rec;blocked_kicks;def_fum_td,PFR
Los Angeles Rams,RAM,1984,1,1984-09-03,False,DAL,H,L,13,20,2.0,1,,0,,,,0,,,0,5.0,match,1,1,False,fum_rec;blocked_kicks;def_fum_td,PFR
Los Angeles Rams,RAM,1984,2,1984-09-09,False,CLE,H,W,20,17,2.0,1,,0,,,,0,,,0,5.0,match,1,1,False,fum_rec;blocked_kicks;def_fum_td,PFR
Los Angeles Rams,RAM,1984,3,1984-09-16,False,PIT,A,L,14,24,3.0,0,,0,,,,0,,,0,3.0,match,0,0,False,fum_rec;blocked_kicks;def_fum_td,PFR
Los Angeles Rams,RAM,1984,4,1984-09-23,False,CIN,A,W,24,14,2.0,2,,0,,,,0,,,1,13.0,match,2,2,False,fum_rec;blocked_kicks;def_fum_td,PFR
Los Angeles Rams,RAM,1984,5,1984-09-30,False,NYG,H,W,33,12,5.0,0,,0,,,,0,,,1,15.0,match,0,0,False,fum_rec;blocked_kicks;def_fum_td,PFR
Los Angeles Rams,RAM,1984,6,1984-10-07,False,ATL,H,L,28,30,3.0,0,,0,,,,0,,,0,2.0,match,0,0,False,fum_rec;blocked_kicks;def_fum_td,PFR
Los Angeles Rams,RAM,1984,7,1984-10-14,False,NOR,A,W,28,10,2.0,3,,0,,,,0,,,0,12.0,match,3,3,False,fum_rec;blocked_kicks;def_fum_td,PFR
Los Angeles Rams,RAM,1984,8,1984-10-22,False,ATL,A,W,24,10,1.0,0,,0,,,,0,,,1,11.0,match,0,0,False,fum_rec;blocked_kicks;def_fum_td,PFR
Los Angeles Rams,RAM,1984,9,1984-10-28,False,SFO,H,L,0,33,2.0,0,,0,,,,0,,,0,1.0,match,0,0,False,fum_rec;blocked_kicks;def_fum_td,PFR
Los Angeles Rams,RAM,1984,10,1984-11-04,False,STL,A,W,16,13,6.0,2,,0,,,,0,,,0,14.0,match,2,2,False,fum_rec;blocked_kicks;def_fum_td,PFR
Los Angeles Rams,RAM,1984,11,1984-11-11,False,CHI,H,W,29,13,2.0,0,,0,,,,0,,,0,6.0,match,0,0,False,fum_rec;blocked_kicks;def_fum_td,PFR
Los Angeles Rams,RAM,1984,12,1984-11-18,False,GNB,A,L,6,31,1.0,2,,0,,,,0,,,0,4.0,match,2,2,False,fum_rec;blocked_kicks;def_fum_td,PFR
Los Angeles Rams,RAM,1984,13,1984-11-25,False,TAM,A,W,34,33,0,1,,0,,,,0,,,0,1,match,1,1,False,fum_rec;blocked_kicks;def_fum_td,PFR
Los Angeles Rams,RAM,1984,14,1984-12-02,False,NOR,H,W,34,21,5.0,4,,0,,,,0,,,0,13.0,match,4,4,False,fum_rec;blocked_kicks;def_fum_td,PFR
Los Angeles Rams,RAM,1984,15,1984-12-09,False,HOU,H,W,27,16,3.0,1,,0,,,,0,,,0,6.0,match,1,1,False,fum_rec;blocked_kicks;def_fum_td,PFR
Los Angeles Rams,RAM,1984,16,1984-12-14,False,SFO,A,L,16,19,4.0,0,,0,,,,0,,,0,5.0,match,0,0,False,fum_rec;blocked_kicks;def_fum_td,PFR
Los Angeles Rams,RAM,1984,17,1984-12-23,True,NYG,H,L,13,16,4.0,0,,0,,,,0,,,0,5.0,match,0,0,False,fum_rec;blocked_kicks;def_fum_td,PFR
San Diego Chargers,SDG,1984,1,1984-09-02,False,MIN,A,W,42,13,3.0,3,,0,,,,0,,,0,13.0,match,3,3,False,fum_rec;blocked_kicks;def_fum_td,PFR
San Diego Chargers,SDG,1984,2,1984-09-09,False,SEA,A,L,17,31,1.0,1,,0,,,,0,,,0,2.0,match,1,1,False,fum_rec;blocked_kicks;def_fum_td,PFR
San Diego Chargers,SDG,1984,3,1984-09-16,False,HOU,H,W,31,14,3.0,0,,0,,,,0,,,0,4.0,match,0,0,False,fum_rec;blocked_kicks;def_fum_td,PFR
San Diego Chargers,SDG,1984,4,1984-09-24,False,RAI,A,L,30,33,2.0,1,,0,,,,0,,,0,3.0,match,1,1,False,fum_rec;blocked_kicks;def_fum_td,PFR
San Diego Chargers,SDG,1984,5,1984-09-30,False,DET,H,W,27,24,4.0,0,,0,,,,0,,,0,4.0,match,0,0,False,fum_rec;blocked_kicks;def_fum_td,PFR
San Diego Chargers,SDG,1984,6,1984-10-07,False,GNB,A,W,34,28,3.0,2,,0,,,,0,,,0,6.0,match,2,2,False,fum_rec;blocked_kicks;def_fum_td,PFR
San Diego Chargers,SDG,1984,7,1984-10-14,False,KAN,A,L,13,31,1.0,3,,0,,,,0,,,0,6.0,match,3,3,False,fum_rec;blocked_kicks;def_fum_td,PFR
San Diego Chargers,SDG,1984,8,1984-10-21,False,RAI,H,L,37,44,2.0,1,,0,,,,0,,,0,0.0,match,1,1,False,fum_rec;blocked_kicks;def_fum_td,PFR
San Diego Chargers,SDG,1984,9,1984-10-29,False,SEA,H,L,0,24,1.0,1,,0,,,,0,,,0,3.0,match,1,1,False,fum_rec;blocked_kicks;def_fum_td,PFR
San Diego Chargers,SDG,1984,10,1984-11-04,False,IND,A,W,38,10,2.0,4,,0,,,,0,,,0,14.0,match,4,4,False,fum_rec;blocked_kicks;def_fum_td,PFR
San Diego Chargers,SDG,1984,11,1984-11-11,False,DEN,H,L,13,16,3.0,0,,0,,,,0,,,0,4.0,match,0,0,False,fum_rec;blocked_kicks;def_fum_td,PFR
San Diego Chargers,SDG,1984,12,1984-11-18,False,MIA,H,W,34,28,0,1,,0,,,,0,,,0,1,match,1,1,False,fum_rec;blocked_kicks;def_fum_td,PFR
San Diego Chargers,SDG,1984,13,1984-11-25,False,PIT,A,L,24,52,1.0,0,,0,,,,0,,,1,3.0,match,0,0,False,fum_rec;blocked_kicks;def_fum_td,PFR
San Diego Chargers,SDG,1984,14,1984-12-03,False,CHI,H,W,20,7,5.0,1,,0,,,,0,,,0,11.0,match,1,1,False,fum_rec;blocked_kicks;def_fum_td,PFR
San Diego Chargers,SDG,1984,15,1984-12-09,False,DEN,A,L,13,16,1.0,1,,0,,,,0,,,0,4.0,match,1,1,False,fum_rec;blocked_kicks;def_fum_td,PFR
San Diego Chargers,SDG,1984,16,1984-12-16,False,KAN,H,L,21,42,0,0,,0,,,,0,,,0,-4,match,0,0,False,fum_rec;blocked_kicks;def_fum_td,PFR
Seattle Seahawks,SEA,1984,1,1984-09-03,False,CLE,H,W,33,0,7.0,2,,0,,,,0,,,0,21.0,match,2,2,False,fum_rec;blocked_kicks;def_fum_td,PFR
Seattle Seahawks,SEA,1984,2,1984-09-09,False,SDG,H,W,31,17,2.0,4,,0,,,,0,,,0,11.0,match,4,4,False,fum_rec;blocked_kicks;def_fum_td,PFR
Seattle Seahawks,SEA,1984,3,1984-09-16,False,NWE,A,L,23,38,4.0,1,,0,,,,0,,,1,8.0,match,1,1,False,fum_rec;blocked_kicks;def_fum_td,PFR
Seattle Seahawks,SEA,1984,4,1984-09-23,False,CHI,H,W,38,9,4.0,3,,0,,,,0,,,0,14.0,match,3,3,False,fum_rec;blocked_kicks;def_fum_td,PFR
Seattle Seahawks,SEA,1984,5,1984-09-30,False,MIN,A,W,20,12,5.0,1,,0,,,,0,,,0,11.0,match,1,1,False,fum_rec;blocked_kicks;def_fum_td,PFR
Seattle Seahawks,SEA,1984,6,1984-10-07,False,RAI,A,L,14,28,3.0,1,,0,,,,0,,,0,4.0,match,1,1,False,fum_rec;blocked_kicks;def_fum_td,PFR
Seattle Seahawks,SEA,1984,7,1984-10-14,False,BUF,H,W,31,28,1.0,2,,0,,,,0,,,0,4.0,match,2,2,False,fum_rec;blocked_kicks;def_fum_td,PFR
Seattle Seahawks,SEA,1984,8,1984-10-21,False,GNB,A,W,30,24,6.0,3,,0,,,,0,,,0,12.0,match,3,3,False,fum_rec;blocked_kicks;def_fum_td,PFR
Seattle Seahawks,SEA,1984,9,1984-10-29,False,SDG,A,W,24,0,6.0,3,,0,,,,0,,,0,22.0,match,3,3,False,fum_rec;blocked_kicks;def_fum_td,PFR
Seattle Seahawks,SEA,1984,10,1984-11-04,False,KAN,H,W,45,0,2.0,6,,0,,,,0,,,0,24.0,match,6,6,False,fum_rec;blocked_kicks;def_fum_td,PFR
Seattle Seahawks,SEA,1984,11,1984-11-12,False,RAI,H,W,17,14,4.0,3,,0,,,,0,,,0,11.0,match,3,3,False,fum_rec;blocked_kicks;def_fum_td,PFR
Seattle Seahawks,SEA,1984,12,1984-11-18,False,CIN,A,W,26,6,4.0,2,,0,,,,0,,,0,15.0,match,2,2,False,fum_rec;blocked_kicks;def_fum_td,PFR
Seattle Seahawks,SEA,1984,13,1984-11-25,False,DEN,A,W,27,24,2.0,1,,0,,,,0,,,0,4.0,match,1,1,False,fum_rec;blocked_kicks;def_fum_td,PFR
Seattle Seahawks,SEA,1984,14,1984-12-02,False,DET,H,W,38,17,5.0,2,,0,,,,0,,,0,10.0,match,2,2,False,fum_rec;blocked_kicks;def_fum_td,PFR
Seattle Seahawks,SEA,1984,15,1984-12-09,False,KAN,A,L,7,34,0,0,,0,,,,0,,,0,-1,match,0,0,False,fum_rec;blocked_kicks;def_fum_td,PFR
Seattle Seahawks,SEA,1984,16,1984-12-15,False,DEN,H,L,14,31,0.0,4,,0,,,,0,,,0,7,match,4,4,False,fum_rec;blocked_kicks;def_fum_td,PFR
Seattle Seahawks,SEA,1984,17,1984-12-22,True,RAI,H,W,13,7,6.0,2,,0,,,,0,,,0,14.0,match,2,2,False,fum_rec;blocked_kicks;def_fum_td,PFR
Seattle Seahawks,SEA,1984,18,1984-12-29,True,MIA,A,L,10,31,0.0,2,,0,,,,0,,,0,3,match,2,2,False,fum_rec;blocked_kicks;def_fum_td,PFR
San Francisco 49ers,SFO,1984,1,1984-09-02,False,DET,A,W,30,27,2.0,0,,0,,,,0,,,0,2.0,match,0,0,False,fum_rec;blocked_kicks;def_fum_td,PFR
San Francisco 49ers,SFO,1984,2,1984-09-10,False,WAS,H,W,37,31,4.0,0,,0,,,,0,,,0,3.0,match,0,0,False,fum_rec;blocked_kicks;def_fum_td,PFR
San Francisco 49ers,SFO,1984,3,1984-09-16,False,NOR,H,W,30,20,2.0,5,,0,,,,0,,,0,13.0,match,5,5,False,fum_rec;blocked_kicks;def_fum_td,PFR
San Francisco 49ers,SFO,1984,4,1984-09-23,False,PHI,A,W,21,9,2.0,1,,0,,,,0,,,0,8.0,match,1,1,False,fum_rec;blocked_kicks;def_fum_td,PFR
San Francisco 49ers,SFO,1984,5,1984-09-30,False,ATL,H,W,14,5,2.0,2,,0,,,,0,,,0,13.0,match,2,2,False,fum_rec;blocked_kicks;def_fum_td,PFR
San Francisco 49ers,SFO,1984,6,1984-10-08,False,NYG,A,W,31,10,4.0,2,,0,,,,0,,,1,18.0,match,2,2,False,fum_rec;blocked_kicks;def_fum_td,PFR
San Francisco 49ers,SFO,1984,7,1984-10-14,False,PIT,H,L,17,20,1.0,1,,0,,,,0,,,0,4.0,match,1,1,False,fum_rec;blocked_kicks;def_fum_td,PFR
San Francisco 49ers,SFO,1984,8,1984-10-21,False,HOU,A,W,34,21,2.0,2,,0,,,,0,,,0,6.0,match,2,2,False,fum_rec;blocked_kicks;def_fum_td,PFR
San Francisco 49ers,SFO,1984,9,1984-10-28,False,RAM,A,W,33,0,5.0,2,,0,,,,0,,,0,19.0,match,2,2,False,fum_rec;blocked_kicks;def_fum_td,PFR
San Francisco 49ers,SFO,1984,10,1984-11-04,False,CIN,H,W,23,17,6.0,2,,0,,,,0,,,0,11.0,match,2,2,False,fum_rec;blocked_kicks;def_fum_td,PFR
San Francisco 49ers,SFO,1984,11,1984-11-11,False,CLE,A,W,41,7,2.0,1,,0,,,,0,,,0,8.0,match,1,1,False,fum_rec;blocked_kicks;def_fum_td,PFR
San Francisco 49ers,SFO,1984,12,1984-11-18,False,TAM,H,W,24,17,1.0,2,,0,,,,0,,,0,6.0,match,2,2,False,fum_rec;blocked_kicks;def_fum_td,PFR
San Francisco 49ers,SFO,1984,13,1984-11-25,False,NOR,A,W,35,3,8.0,1,,0,,,,0,,,0,17.0,match,1,1,False,fum_rec;blocked_kicks;def_fum_td,PFR
San Francisco 49ers,SFO,1984,14,1984-12-02,False,ATL,A,W,35,17,3.0,3,,0,,,,0,,,0,10.0,match,3,3,False,fum_rec;blocked_kicks;def_fum_td,PFR
San Francisco 49ers,SFO,1984,15,1984-12-08,False,MIN,H,W,51,7,6.0,1,,0,,,,0,,,0,12.0,match,1,1,False,fum_rec;blocked_kicks;def_fum_td,PFR
San Francisco 49ers,SFO,1984,16,1984-12-14,False,RAM,H,W,19,16,1.0,0,,0,,,,0,,,0,2.0,match,0,0,False,fum_rec;blocked_kicks;def_fum_td,PFR
San Francisco 49ers,SFO,1984,17,1984-12-29,True,NYG,H,W,21,10,6.0,2,,0,,,,0,,,0,14.0,match,2,2,False,fum_rec;blocked_kicks;def_fum_td,PFR
San Francisco 49ers,SFO,1984,18,1985-01-06,True,CHI,H,W,23,0,9.0,1,,0,,,,0,,,0,21.0,match,1,1,False,fum_rec;blocked_kicks;def_fum_td,PFR
San Francisco 49ers,SFO,1984,19,1985-01-20,True,MIA,N,W,38,16,4.0,2,,0,,,,0,,,0,9.0,match,2,2,False,fum_rec;blocked_kicks;def_fum_td,PFR
St. Louis Cardinals,STL,1984,1,1984-09-02,False,GNB,A,L,23,24,3.0,1,,0,,,,0,,,0,5.0,match,1,1,False,fum_rec;blocked_kicks;def_fum_td,PFR
St. Louis Cardinals,STL,1984,2,1984-09-09,False,BUF,H,W,37,7,4.0,3,,0,,,,0,,,0,14.0,match,3,3,False,fum_rec;blocked_kicks;def_fum_td,PFR
St. Louis Cardinals,STL,1984,3,1984-09-16,False,IND,A,W,34,33,4.0,2,,0,,,,0,,,0,7.0,match,2,2,False,fum_rec;blocked_kicks;def_fum_td,PFR
St. Louis Cardinals,STL,1984,4,1984-09-23,False,NOR,A,L,24,34,0,1,,0,,,,0,,,0,1,match,1,1,False,fum_rec;blocked_kicks;def_fum_td,PFR
St. Louis Cardinals,STL,1984,5,1984-09-30,False,MIA,H,L,28,36,1.0,0,,0,,,,0,,,0,-3.0,match,0,0,False,fum_rec;blocked_kicks;def_fum_td,PFR
St. Louis Cardinals,STL,1984,6,1984-10-07,False,DAL,A,W,31,20,2.0,2,,0,,,,0,,,0,7.0,match,2,2,False,fum_rec;blocked_kicks;def_fum_td,PFR
St. Louis Cardinals,STL,1984,7,1984-10-14,False,CHI,H,W,38,21,2.0,1,,0,,,,0,,,0,4.0,match,1,1,False,fum_rec;blocked_kicks;def_fum_td,PFR
St. Louis Cardinals,STL,1984,8,1984-10-21,False,WAS,H,W,26,24,4.0,0,,0,,,,0,,,0,4.0,match,0,0,False,fum_rec;blocked_kicks;def_fum_td,PFR
St. Louis Cardinals,STL,1984,9,1984-10-28,False,PHI,A,W,34,14,6.0,3,,0,,,,0,,,0,13.0,match,3,3,False,fum_rec;blocked_kicks;def_fum_td,PFR
St. Louis Cardinals,STL,1984,10,1984-11-04,False,RAM,H,L,13,16,3.0,0,,0,,,,0,,,0,4.0,match,0,0,False,fum_rec;blocked_kicks;def_fum_td,PFR
St. Louis Cardinals,STL,1984,11,1984-11-11,False,DAL,H,L,17,24,2.0,2,,0,,,,0,,,0,6.0,match,2,2,False,fum_rec;blocked_kicks;def_fum_td,PFR
St. Louis Cardinals,STL,1984,12,1984-11-18,False,NYG,A,L,10,16,2.0,2,,0,,,,0,,,0,7.0,match,2,2,False,fum_rec;blocked_kicks;def_fum_td,PFR
St. Louis Cardinals,STL,1984,13,1984-11-25,False,PHI,H,W,17,16,5.0,0,,0,,,,0,,,0,6.0,match,0,0,False,fum_rec;blocked_kicks;def_fum_td,PFR
St. Louis Cardinals,STL,1984,14,1984-12-02,False,NWE,A,W,33,10,8.0,1,,0,,,,0,,,0,14.0,match,1,1,False,fum_rec;blocked_kicks;def_fum_td,PFR
St. Louis Cardinals,STL,1984,15,1984-12-09,False,NYG,H,W,31,21,3.0,2,,0,,,,0,,,0,7.0,match,2,2,False,fum_rec;blocked_kicks;def_fum_td,PFR
St. Louis Cardinals,STL,1984,16,1984-12-16,False,WAS,A,L,27,29,6.0,1,,0,,,,0,,,0,7.0,match,1,1,False,fum_rec;blocked_kicks;def_fum_td,PFR
Tampa Bay Buccaneers,TAM,1984,1,1984-09-02,False,CHI,A,L,14,34,2.0,1,,0,,,,0,,,0,3.0,match,1,1,False,fum_rec;blocked_kicks;def_fum_td,PFR
Tampa Bay Buccaneers,TAM,1984,2,1984-09-09,False,NOR,A,L,13,17,1.0,0,,0,,,,0,,,0,2.0,match,0,0,False,fum_rec;blocked_kicks;def_fum_td,PFR
Tampa Bay Buccaneers,TAM,1984,3,1984-09-16,False,DET,H,W,21,17,2.0,0,,0,,,,0,,,0,3.0,match,0,0,False,fum_rec;blocked_kicks;def_fum_td,PFR
Tampa Bay Buccaneers,TAM,1984,4,1984-09-23,False,NYG,A,L,14,17,3.0,0,,0,,,,0,,,0,4.0,match,0,0,False,fum_rec;blocked_kicks;def_fum_td,PFR
Tampa Bay Buccaneers,TAM,1984,5,1984-09-30,False,GNB,H,W,30,27,2.0,3,,0,,,,0,,,0,8.0,match,3,3,False,fum_rec;blocked_kicks;def_fum_td,PFR
Tampa Bay Buccaneers,TAM,1984,6,1984-10-07,False,MIN,H,W,35,31,3.0,2,,0,,,,0,,,0,6.0,match,2,2,False,fum_rec;blocked_kicks;def_fum_td,PFR
Tampa Bay Buccaneers,TAM,1984,7,1984-10-14,False,DET,A,L,7,13,1.0,0,,0,,,,0,,,0,5.0,match,0,0,False,fum_rec;blocked_kicks;def_fum_td,PFR
Tampa Bay Buccaneers,TAM,1984,8,1984-10-21,False,CHI,H,L,9,44,1.0,0,,0,,,,0,,,0,-3.0,match,0,0,False,fum_rec;blocked_kicks;def_fum_td,PFR
Tampa Bay Buccaneers,TAM,1984,9,1984-10-28,False,KAN,A,L,20,24,2.0,2,,0,,,,0,,,0,6.0,match,2,2,False,fum_rec;blocked_kicks;def_fum_td,PFR
Tampa Bay Buccaneers,TAM,1984,10,1984-11-04,False,MIN,A,L,24,27,2.0,2,,0,,,,0,,,0,6.0,match,2,2,False,fum_rec;blocked_kicks;def_fum_td,PFR
Tampa Bay Buccaneers,TAM,1984,11,1984-11-11,False,NYG,H,W,20,17,2.0,1,,0,,,,0,,,0,5.0,match,1,1,False,fum_rec;blocked_kicks;def_fum_td,PFR
Tampa Bay Buccaneers,TAM,1984,12,1984-11-18,False,SFO,A,L,17,24,2.0,0,,0,,,,0,,,0,2.0,match,0,0,False,fum_rec;blocked_kicks;def_fum_td,PFR
Tampa Bay Buccaneers,TAM,1984,13,1984-11-25,False,RAM,H,L,33,34,0,0,,0,,,,0,,,0,-1,match,0,0,False,fum_rec;blocked_kicks;def_fum_td,PFR
Tampa Bay Buccaneers,TAM,1984,14,1984-12-02,False,GNB,A,L,14,27,0.0,3,,0,,,,0,,,0,6,match,3,3,False,fum_rec;blocked_kicks;def_fum_td,PFR
Tampa Bay Buccaneers,TAM,1984,15,1984-12-09,False,ATL,H,W,23,6,3.0,2,,0,,,,0,,,0,14.0,match,2,2,False,fum_rec;blocked_kicks;def_fum_td,PFR
Tampa Bay Buccaneers,TAM,1984,16,1984-12-16,False,NYJ,H,W,41,21,6.0,2,,0,,,,0,,,0,10.0,match,2,2,False,fum_rec;blocked_kicks;def_fum_td,PFR
Washington Redskins,WAS,1984,1,1984-09-02,False,MIA,H,L,17,35,0,0,,0,,,,0,,,0,-4,match,0,0,False,fum_rec;blocked_kicks;def_fum_td,PFR
Washington Redskins,WAS,1984,2,1984-09-10,False,SFO,A,L,31,37,2.0,0,,0,,,,0,,,0,-2.0,match,0,0,False,fum_rec;blocked_kicks;def_fum_td,PFR
Washington Redskins,WAS,1984,3,1984-09-16,False,NYG,H,W,30,14,5.0,3,,0,,,,0,,,0,12.0,match,3,3,False,fum_rec;blocked_kicks;def_fum_td,PFR
Washington Redskins,WAS,1984,4,1984-09-23,False,NWE,A,W,26,10,4.0,0,,0,,,,0,,,0,8.0,match,0,0,False,fum_rec;blocked_kicks;def_fum_td,PFR
Washington Redskins,WAS,1984,5,1984-09-30,False,PHI,H,W,20,0,4.0,1,,0,,,,0,,,0,16.0,match,1,1,False,fum_rec;blocked_kicks;def_fum_td,PFR
Washington Redskins,WAS,1984,6,1984-10-07,False,IND,A,W,35,7,5.0,2,,0,,,,0,,,0,13.0,match,2,2,False,fum_rec;blocked_kicks;def_fum_td,PFR
Washington Redskins,WAS,1984,7,1984-10-14,False,DAL,H,W,34,14,3.0,3,,0,,,,0,,,0,10.0,match,3,3,False,fum_rec;blocked_kicks;def_fum_td,PFR
Washington Redskins,WAS,1984,8,1984-10-21,False,STL,A,L,24,26,3.0,0,,0,,,,0,,,0,3.0,match,0,0,False,fum_rec;blocked_kicks;def_fum_td,PFR
Washington Redskins,WAS,1984,9,1984-10-28,False,NYG,A,L,13,37,7.0,0,,0,,,,0,,,0,3.0,match,0,0,False,fum_rec;blocked_kicks;def_fum_td,PFR
Washington Redskins,WAS,1984,10,1984-11-05,False,ATL,H,W,27,14,7.0,1,,0,,,,0,,,0,10.0,match,1,1,False,fum_rec;blocked_kicks;def_fum_td,PFR
Washington Redskins,WAS,1984,11,1984-11-11,False,DET,H,W,28,14,5.0,3,,0,,,,0,,,0,12.0,match,3,3,False,fum_rec;blocked_kicks;def_fum_td,PFR
Washington Redskins,WAS,1984,12,1984-11-18,False,PHI,A,L,10,16,3.0,1,,0,,,,0,,,0,6.0,match,1,1,False,fum_rec;blocked_kicks;def_fum_td,PFR
Washington Redskins,WAS,1984,13,1984-11-25,False,BUF,H,W,41,14,7.0,2,,0,,,,0,,,0,12.0,match,2,2,False,fum_rec;blocked_kicks;def_fum_td,PFR
Washington Redskins,WAS,1984,14,1984-11-29,False,MIN,A,W,31,17,3.0,2,,0,,,,0,,,0,8.0,match,2,2,False,fum_rec;blocked_kicks;def_fum_td,PFR
Washington Redskins,WAS,1984,15,1984-12-09,False,DAL,A,W,30,28,5.0,2,,0,,,,0,,,0,8.0,match,2,2,False,fum_rec;blocked_kicks;def_fum_td,PFR
Washington Redskins,WAS,1984,16,1984-12-16,False,STL,H,W,29,27,3.0,1,,0,,,,0,,,0,5.0,match,1,1,False,fum_rec;blocked_kicks;def_fum_td,PFR
Washington Redskins,WAS,1984,17,1984-12-30,True,CHI,H,L,19,23,5.0,0,,0,,,,0,,,0,5.0,match,0,0,False,fum_rec;blocked_kicks;def_fum_td,PFR
Atlanta Falcons,ATL,1985,1,1985-09-08,False,DET,H,L,27,28,4.0,2,,0,,,,0,,,0,7.0,match,2,2,False,fum_rec;blocked_kicks;def_fum_td,PFR
Atlanta Falcons,ATL,1985,2,1985-09-15,False,SFO,A,L,16,35,3.0,1,,0,,,,0,,,0,1.0,match,1,1,False,fum_rec;blocked_kicks;def_fum_td,PFR
Atlanta Falcons,ATL,1985,3,1985-09-22,False,DEN,H,L,28,44,2.0,2,,0,,,,0,,,0,2.0,match,2,2,False,fum_rec;blocked_kicks;def_fum_td,PFR
Atlanta Falcons,ATL,1985,4,1985-09-29,False,RAM,A,L,6,17,2.0,0,,0,,,,0,,,0,3.0,match,0,0,False,fum_rec;blocked_kicks;def_fum_td,PFR
Atlanta Falcons,ATL,1985,5,1985-10-06,False,SFO,H,L,17,38,1.0,0,,0,,,,0,,,0,-3.0,match,0,0,False,fum_rec;blocked_kicks;def_fum_td,PFR
Atlanta Falcons,ATL,1985,6,1985-10-13,False,SEA,A,L,26,30,4.0,1,,0,,,,0,,,0,5.0,match,1,1,False,fum_rec;blocked_kicks;def_fum_td,PFR
Atlanta Falcons,ATL,1985,7,1985-10-20,False,NOR,H,W,31,24,2.0,4,,0,,,,0,,,1,16.0,match,4,4,False,fum_rec;blocked_kicks;def_fum_td,PFR
Atlanta Falcons,ATL,1985,8,1985-10-27,False,DAL,A,L,10,24,1.0,3,,0,,,,0,,,0,7.0,match,3,3,False,fum_rec;blocked_kicks;def_fum_td,PFR
Atlanta Falcons,ATL,1985,9,1985-11-03,False,WAS,H,L,10,44,1.5,0,,0,,,,0,,,0,-2.5,match,0,0,False,fum_rec;blocked_kicks;def_fum_td,PFR
Atlanta Falcons,ATL,1985,10,1985-11-10,False,PHI,A,L,17,23,3.0,2,,0,,,,0,,,0,7.0,match,2,2,False,fum_rec;blocked_kicks;def_fum_td,PFR
Atlanta Falcons,ATL,1985,11,1985-11-17,False,RAM,H,W,30,14,4.0,2,,0,,,,0,,,0,9.0,match,2,2,False,fum_rec;blocked_kicks;def_fum_td,PFR
Atlanta Falcons,ATL,1985,12,1985-11-24,False,CHI,A,L,0,36,1.0,0,,0,,,,0,,,0,-3.0,match,0,0,False,fum_rec;blocked_kicks;def_fum_td,PFR
Atlanta Falcons,ATL,1985,13,1985-12-01,False,RAI,H,L,24,34,2.0,1,,0,,,,0,,,0,3.0,match,1,1,False,fum_rec;blocked_kicks;def_fum_td,PFR
Atlanta Falcons,ATL,1985,14,1985-12-08,False,KAN,A,L,10,38,1.5,1,,0,,,,0,,,0,-0.5,match,1,1,False,fum_rec;blocked_kicks;def_fum_td,PFR
Atlanta Falcons,ATL,1985,15,1985-12-15,False,MIN,H,W,14,13,1.5,2,,0,,,,0,,,0,9.5,match,2,2,False,fum_rec;blocked_kicks;def_fum_td,PFR
Atlanta Falcons,ATL,1985,16,1985-12-22,False,NOR,A,W,16,10,1.0,1,,0,,,,0,,,0,7.0,match,1,1,False,fum_rec;blocked_kicks;def_fum_td,PFR
Buffalo Bills,BUF,1985,1,1985-09-08,False,SDG,H,L,9,14,1.0,1,,0,,,,0,,,0,4.0,match,1,1,False,fum_rec;blocked_kicks;def_fum_td,PFR
Buffalo Bills,BUF,1985,2,1985-09-15,False,NYJ,A,L,3,42,1.0,0,,0,,,,0,,,0,-3.0,match,0,0,False,fum_rec;blocked_kicks;def_fum_td,PFR
Buffalo Bills,BUF,1985,3,1985-09-22,False,NWE,H,L,14,17,0,1,,0,,,,0,,,0,3,match,1,1,False,fum_rec;blocked_kicks;def_fum_td,PFR
Buffalo Bills,BUF,1985,4,1985-09-29,False,MIN,H,L,20,27,4.0,1,,0,,,,0,,,0,6.0,match,1,1,False,fum_rec;blocked_kicks;def_fum_td,PFR
Buffalo Bills,BUF,1985,5,1985-10-06,False,IND,A,L,17,49,0,1,,0,,,,0,,,0,-2,match,1,1,False,fum_rec;blocked_kicks;def_fum_td,PFR
Buffalo Bills,BUF,1985,6,1985-10-13,False,NWE,A,L,3,14,4.0,2,,0,,,,0,,,0,9.0,match,2,2,False,fum_rec;blocked_kicks;def_fum_td,PFR
Buffalo Bills,BUF,1985,7,1985-10-20,False,IND,H,W,21,9,2.0,2,,0,,,,0,,,0,10.0,match,2,2,False,fum_rec;blocked_kicks;def_fum_td,PFR
Buffalo Bills,BUF,1985,8,1985-10-27,False,PHI,A,L,17,21,2.0,0,,0,,,,0,,,0,2.0,match,0,0,False,fum_rec;blocked_kicks;def_fum_td,PFR
Buffalo Bills,BUF,1985,9,1985-11-03,False,CIN,H,L,17,23,1.0,1,,0,,,,0,,,0,3.0,match,1,1,False,fum_rec;blocked_kicks;def_fum_td,PFR
Buffalo Bills,BUF,1985,10,1985-11-10,False,HOU,H,W,20,0,1.0,3,,0,,,,0,,,0,17.0,match,3,3,False,fum_rec;blocked_kicks;def_fum_td,PFR
Buffalo Bills,BUF,1985,11,1985-11-17,False,CLE,A,L,7,17,2.0,0,,0,,,,0,,,0,3.0,match,0,0,False,fum_rec;blocked_kicks;def_fum_td,PFR
Buffalo Bills,BUF,1985,12,1985-11-24,False,MIA,H,L,14,23,0.0,2,,0,,,,0,,,0,4,match,2,2,False,fum_rec;blocked_kicks;def_fum_td,PFR
Buffalo Bills,BUF,1985,13,1985-12-01,False,SDG,A,L,7,40,0,2,,0,,,,0,,,0,0,match,2,2,False,fum_rec;blocked_kicks;def_fum_td,PFR
Buffalo Bills,BUF,1985,14,1985-12-08,False,NYJ,H,L,7,27,1.0,1,,0,,,,0,,,0,3.0,match,1,1,False,fum_rec;blocked_kicks;def_fum_td,PFR
Buffalo Bills,BUF,1985,15,1985-12-15,False,PIT,A,L,24,30,4.0,2,,0,,,,0,,,0,7.0,match,2,2,False,fum_rec;blocked_kicks;def_fum_td,PFR
Buffalo Bills,BUF,1985,16,1985-12-22,False,MIA,A,L,0,28,1.0,1,,0,,,,0,,,0,2.0,match,1,1,False,fum_rec;blocked_kicks;def_fum_td,PFR
Chicago Bears,CHI,1985,1,1985-09-08,False,TAM,H,W,38,28,2.0,2,,0,,,,0,,,0,5.0,match,2,2,False,fum_rec;blocked_kicks;def_fum_td,PFR
Chicago Bears,CHI,1985,2,1985-09-15,False,NWE,H,W,20,7,6.0,3,,0,,,,0,,,0,16.0,match,3,3,False,fum_rec;blocked_kicks;def_fum_td,PFR
Chicago Bears,CHI,1985,3,1985-09-19,False,MIN,A,W,33,24,4.0,3,,0,,,,0,,,0,10.0,match,3,3,False,fum_rec;blocked_kicks;def_fum_td,PFR
Chicago Bears,CHI,1985,4,1985-09-29,False,WAS,H,W,45,10,4.0,2,,0,,,,0,,,1,18.0,match,2,2,False,fum_rec;blocked_kicks;def_fum_td,PFR
Chicago Bears,CHI,1985,5,1985-10-06,False,TAM,A,W,27,19,0.0,2,,0,,,,0,,,0,5,match,2,2,False,fum_rec;blocked_kicks;def_fum_td,PFR
Chicago Bears,CHI,1985,6,1985-10-13,False,SFO,A,W,26,10,7.0,0,,0,,,,0,,,0,11.0,match,0,0,False,fum_rec;blocked_kicks;def_fum_td,PFR
Chicago Bears,CHI,1985,7,1985-10-21,False,GNB,H,W,23,7,5.0,4,,0,,,,0,,,0,17.0,match,4,4,False,fum_rec;blocked_kicks;def_fum_td,PFR
Chicago Bears,CHI,1985,8,1985-10-27,False,MIN,H,W,27,9,4.0,5,,0,,,,0,,,0,18.0,match,5,5,False,fum_rec;blocked_kicks;def_fum_td,PFR
Chicago Bears,CHI,1985,9,1985-11-03,False,GNB,A,W,16,10,3.0,1,,0,,,,0,,,0,9.0,match,1,1,False,fum_rec;blocked_kicks;def_fum_td,PFR
Chicago Bears,CHI,1985,10,1985-11-10,False,DET,H,W,24,3,4.0,2,,0,,,,0,,,0,15.0,match,2,2,False,fum_rec;blocked_kicks;def_fum_td,PFR
Chicago Bears,CHI,1985,11,1985-11-17,False,DAL,A,W,44,0,6.0,4,,0,,,,0,,,0,24.0,match,4,4,False,fum_rec;blocked_kicks;def_fum_td,PFR
Chicago Bears,CHI,1985,12,1985-11-24,False,ATL,H,W,36,0,5.0,2,,0,,,,0,,,0,19.0,match,2,2,False,fum_rec;blocked_kicks;def_fum_td,PFR
Chicago Bears,CHI,1985,13,1985-12-02,False,MIA,A,L,24,38,3.0,1,,0,,,,0,,,0,1.0,match,1,1,False,fum_rec;blocked_kicks;def_fum_td,PFR
Chicago Bears,CHI,1985,14,1985-12-08,False,IND,H,W,17,10,1.0,0,,0,,,,0,,,0,5.0,match,0,0,False,fum_rec;blocked_kicks;def_fum_td,PFR
Chicago Bears,CHI,1985,15,1985-12-14,False,NYJ,A,W,19,6,4.0,0,,0,,,,0,,,0,11.0,match,0,0,False,fum_rec;blocked_kicks;def_fum_td,PFR
Chicago Bears,CHI,1985,16,1985-12-22,False,DET,A,W,37,17,6.0,3,,0,,,,0,,,1,19.0,match,3,3,False,fum_rec;blocked_kicks;def_fum_td,PFR
Chicago Bears,CHI,1985,17,1986-01-05,True,NYG,H,W,21,0,6.0,0,,0,,,,0,,,1,22.0,match,0,0,False,fum_rec;blocked_kicks;def_fum_td,PFR
Chicago Bears,CHI,1985,18,1986-01-12,True,RAM,H,W,24,0,3.0,1,,0,,,,0,,,0,15.0,match,1,1,False,fum_rec;blocked_kicks;def_fum_td,PFR
Chicago Bears,CHI,1985,19,1986-01-26,True,NWE,N,W,46,10,7.0,2,,1,,,,0,,,0,17.0,match,2,2,False,fum_rec;blocked_kicks;def_fum_td,PFR
Cincinnati Bengals,CIN,1985,1,1985-09-08,False,SEA,H,L,24,28,3.0,0,,0,,,,0,,,0,2.0,match,0,0,False,fum_rec;blocked_kicks;def_fum_td,PFR
Cincinnati Bengals,CIN,1985,2,1985-09-15,False,STL,A,L,27,41,2.0,1,,0,,,,0,,,0,0.0,match,1,1,False,fum_rec;blocked_kicks;def_fum_td,PFR
Cincinnati Bengals,CIN,1985,3,1985-09-22,False,SDG,H,L,41,44,0.0,2,,0,,,,0,,,0,0,match,2,2,False,fum_rec;blocked_kicks;def_fum_td,PFR
Cincinnati Bengals,CIN,1985,4,1985-09-30,False,PIT,A,W,37,24,4.0,2,,0,,,,0,,,0,8.0,match,2,2,False,fum_rec;blocked_kicks;def_fum_td,PFR
Cincinnati Bengals,CIN,1985,5,1985-10-06,False,NYJ,H,L,20,29,4.0,1,,0,,,,0,,,0,5.0,match,1,1,False,fum_rec;blocked_kicks;def_fum_td,PFR
Cincinnati Bengals,CIN,1985,6,1985-10-13,False,NYG,H,W,35,30,7.0,2,,0,,,,0,,,0,10.0,match,2,2,False,fum_rec;blocked_kicks;def_fum_td,PFR
Cincinnati Bengals,CIN,1985,7,1985-10-20,False,HOU,A,L,27,44,0,0,,0,,,,0,,,0,-4,match,0,0,False,fum_rec;blocked_kicks;def_fum_td,PFR
Cincinnati Bengals,CIN,1985,8,1985-10-27,False,PIT,H,W,26,21,1.0,3,,0,,,,0,,,0,7.0,match,3,3,False,fum_rec;blocked_kicks;def_fum_td,PFR
Cincinnati Bengals,CIN,1985,9,1985-11-03,False,BUF,A,W,23,17,3.0,2,,0,,,,0,,,0,8.0,match,2,2,False,fum_rec;blocked_kicks;def_fum_td,PFR
Cincinnati Bengals,CIN,1985,10,1985-11-10,False,CLE,H,W,27,10,3.0,2,,0,,,,0,,,0,11.0,match,2,2,False,fum_rec;blocked_kicks;def_fum_td,PFR
Cincinnati Bengals,CIN,1985,11,1985-11-17,False,RAI,A,L,6,13,2.0,1,,0,,,,0,,,0,8.0,match,1,1,False,fum_rec;blocked_kicks;def_fum_td,PFR
Cincinnati Bengals,CIN,1985,12,1985-11-24,False,CLE,A,L,6,24,0,0,,0,,,,0,,,0,0,match,0,0,False,fum_rec;blocked_kicks;def_fum_td,PFR
Cincinnati Bengals,CIN,1985,13,1985-12-01,False,HOU,H,W,45,27,5.0,0,,0,,,,0,,,0,5.0,match,0,0,False,fum_rec;blocked_kicks;def_fum_td,PFR
Cincinnati Bengals,CIN,1985,14,1985-12-08,False,DAL,H,W,50,24,3.0,1,,0,,,,0,,,0,5.0,match,1,1,False,fum_rec;blocked_kicks;def_fum_td,PFR
Cincinnati Bengals,CIN,1985,15,1985-12-15,False,WAS,A,L,24,27,2.0,1,,0,,,,0,,,0,4.0,match,1,1,False,fum_rec;blocked_kicks;def_fum_td,PFR
Cincinnati Bengals,CIN,1985,16,1985-12-22,False,NWE,A,L,23,34,1.0,1,,0,,,,0,,,0,2.0,match,1,1,False,fum_rec;blocked_kicks;def_fum_td,PFR
Cleveland Browns,CLE,1985,1,1985-09-08,False,STL,H,L,24,27,3.0,0,,0,,,,0,,,0,3.0,match,0,0,False,fum_rec;blocked_kicks;def_fum_td,PFR
Cleveland Browns,CLE,1985,2,1985-09-16,False,PIT,H,W,17,7,2.0,2,,0,,,,0,,,0,10.0,match,2,2,False,fum_rec;blocked_kicks;def_fum_td,PFR
Cleveland Browns,CLE,1985,3,1985-09-22,False,DAL,A,L,7,20,0,1,,0,,,,0,,,0,3,match,1,1,False,fum_rec;blocked_kicks;def_fum_td,PFR
Cleveland Browns,CLE,1985,4,1985-09-29,False,SDG,A,W,21,7,6.0,2,,0,,,,0,,,0,14.0,match,2,2,False,fum_rec;blocked_kicks;def_fum_td,PFR
Cleveland Browns,CLE,1985,5,1985-10-06,False,NWE,H,W,24,20,2.0,1,,0,,,,0,,,0,5.0,match,1,1,False,fum_rec;blocked_kicks;def_fum_td,PFR
Cleveland Browns,CLE,1985,6,1985-10-13,False,HOU,A,W,21,6,7.0,2,,0,,,,0,,,0,18.0,match,2,2,False,fum_rec;blocked_kicks;def_fum_td,PFR
Cleveland Browns,CLE,1985,7,1985-10-20,False,RAI,H,L,20,21,1.0,1,,0,,,,0,,,0,3.0,match,1,1,False,fum_rec;blocked_kicks;def_fum_td,PFR
Cleveland Browns,CLE,1985,8,1985-10-27,False,WAS,H,L,7,14,2.0,1,,0,,,,0,,,0,5.0,match,1,1,False,fum_rec;blocked_kicks;def_fum_td,PFR
Cleveland Browns,CLE,1985,9,1985-11-03,False,PIT,A,L,9,10,1.0,0,,0,,,,0,,,0,5.0,match,0,0,False,fum_rec;blocked_kicks;def_fum_td,PFR
Cleveland Browns,CLE,1985,10,1985-11-10,False,CIN,A,L,10,27,1.0,0,,0,,,,0,,,0,1.0,match,0,0,False,fum_rec;blocked_kicks;def_fum_td,PFR
Cleveland Browns,CLE,1985,11,1985-11-17,False,BUF,H,W,17,7,1.0,2,,0,,,,0,,,0,9.0,match,2,2,False,fum_rec;blocked_kicks;def_fum_td,PFR
Cleveland Browns,CLE,1985,12,1985-11-24,False,CIN,H,W,24,6,5.0,1,,0,,,,0,,,0,14.0,match,1,1,False,fum_rec;blocked_kicks;def_fum_td,PFR
Cleveland Browns,CLE,1985,13,1985-12-01,False,NYG,A,W,35,33,4.0,2,,0,,,,0,,,0,7.0,match,2,2,False,fum_rec;blocked_kicks;def_fum_td,PFR
Cleveland Browns,CLE,1985,14,1985-12-08,False,SEA,A,L,13,31,2.0,0,,0,,,,0,,,0,1.0,match,0,0,False,fum_rec;blocked_kicks;def_fum_td,PFR
Cleveland Browns,CLE,1985,15,1985-12-15,False,HOU,H,W,28,21,4.0,2,,0,,,,0,,,0,8.0,match,2,2,False,fum_rec;blocked_kicks;def_fum_td,PFR
Cleveland Browns,CLE,1985,16,1985-12-22,False,NYJ,A,L,10,37,3.0,1,,0,,,,0,,,1,7.0,match,1,1,False,fum_rec;blocked_kicks;def_fum_td,PFR
Cleveland Browns,CLE,1985,17,1986-01-04,True,MIA,A,L,21,24,0,1,,0,,,,0,,,0,2,match,1,1,False,fum_rec;blocked_kicks;def_fum_td,PFR
Dallas Cowboys,DAL,1985,1,1985-09-09,False,WAS,H,W,44,14,2.0,6,,0,,,,0,,,0,15.0,match,6,6,False,fum_rec;blocked_kicks;def_fum_td,PFR
Dallas Cowboys,DAL,1985,2,1985-09-15,False,DET,A,L,21,26,2.0,1,,0,,,,0,,,0,4.0,match,1,1,False,fum_rec;blocked_kicks;def_fum_td,PFR
Dallas Cowboys,DAL,1985,3,1985-09-22,False,CLE,H,W,20,7,4.0,2,,0,,,,0,,,0,12.0,match,2,2,False,fum_rec;blocked_kicks;def_fum_td,PFR
Dallas Cowboys,DAL,1985,4,1985-09-29,False,HOU,A,W,17,10,10.0,4,,0,,,,0,,,0,22.0,match,4,4,False,fum_rec;blocked_kicks;def_fum_td,PFR
Dallas Cowboys,DAL,1985,5,1985-10-06,False,NYG,A,W,30,29,4.0,2,,0,,,,0,,,0,7.0,match,2,2,False,fum_rec;blocked_kicks;def_fum_td,PFR
Dallas Cowboys,DAL,1985,6,1985-10-13,False,PIT,H,W,27,13,1.0,3,,0,,,,0,,,0,11.0,match,3,3,False,fum_rec;blocked_kicks;def_fum_td,PFR
Dallas Cowboys,DAL,1985,7,1985-10-20,False,PHI,A,L,14,16,4.0,0,,0,,,,0,,,0,5.0,match,0,0,False,fum_rec;blocked_kicks;def_fum_td,PFR
Dallas Cowboys,DAL,1985,8,1985-10-27,False,ATL,H,W,24,10,5.0,4,,0,,,,0,,,0,17.0,match,4,4,False,fum_rec;blocked_kicks;def_fum_td,PFR
Dallas Cowboys,DAL,1985,9,1985-11-04,False,STL,A,L,10,21,3.0,0,,0,,,,0,,,0,3.0,match,0,0,False,fum_rec;blocked_kicks;def_fum_td,PFR
Dallas Cowboys,DAL,1985,10,1985-11-10,False,WAS,A,W,13,7,6.0,3,,0,,,,0,,,0,16.0,match,3,3,False,fum_rec;blocked_kicks;def_fum_td,PFR
Dallas Cowboys,DAL,1985,11,1985-11-17,False,CHI,H,L,0,44,3.0,1,,0,,,,0,,,0,1.0,match,1,1,False,fum_rec;blocked_kicks;def_fum_td,PFR
Dallas Cowboys,DAL,1985,12,1985-11-24,False,PHI,H,W,34,17,1.0,3,,0,,,,0,,,0,8.0,match,3,3,False,fum_rec;blocked_kicks;def_fum_td,PFR
Dallas Cowboys,DAL,1985,13,1985-11-28,False,STL,H,W,35,17,5.0,0,,0,,,,0,,,0,6.0,match,0,0,False,fum_rec;blocked_kicks;def_fum_td,PFR
Dallas Cowboys,DAL,1985,14,1985-12-08,False,CIN,A,L,24,50,1.0,0,,0,,,,0,,,0,-3.0,match,0,0,False,fum_rec;blocked_kicks;def_fum_td,PFR
Dallas Cowboys,DAL,1985,15,1985-12-15,False,NYG,H,W,28,21,5.0,3,,0,,,,0,,,0,11.0,match,3,3,False,fum_rec;blocked_kicks;def_fum_td,PFR
Dallas Cowboys,DAL,1985,16,1985-12-22,False,SFO,A,L,16,31,3.0,1,,0,,,,0,,,0,4.0,match,1,1,False,fum_rec;blocked_kicks;def_fum_td,PFR
Dallas Cowboys,DAL,1985,17,1986-01-04,True,RAM,A,L,0,20,1.0,1,,0,,,,0,,,0,4.0,match,1,1,False,fum_rec;blocked_kicks;def_fum_td,PFR
Denver Broncos,DEN,1985,1,1985-09-08,False,RAM,A,L,16,20,4.0,2,,0,,,,0,,,0,9.0,match,2,2,False,fum_rec;blocked_kicks;def_fum_td,PFR
Denver Broncos,DEN,1985,2,1985-09-15,False,NOR,H,W,34,23,6.0,0,,0,,,,0,,,0,6.0,match,0,0,False,fum_rec;blocked_kicks;def_fum_td,PFR
Denver Broncos,DEN,1985,3,1985-09-22,False,ATL,A,W,44,28,4.0,1,,0,,,,0,,,0,5.0,match,1,1,False,fum_rec;blocked_kicks;def_fum_td,PFR
Denver Broncos,DEN,1985,4,1985-09-29,False,MIA,H,L,26,30,3.0,0,,0,,,,0,,,0,2.0,match,0,0,False,fum_rec;blocked_kicks;def_fum_td,PFR
Denver Broncos,DEN,1985,5,1985-10-06,False,HOU,H,W,31,20,4.0,0,,0,,,,0,,,0,5.0,match,0,0,False,fum_rec;blocked_kicks;def_fum_td,PFR
Denver Broncos,DEN,1985,6,1985-10-13,False,IND,A,W,15,10,3.0,1,,0,,,,0,,,0,9.0,match,1,1,False,fum_rec;blocked_kicks;def_fum_td,PFR
Denver Broncos,DEN,1985,7,1985-10-20,False,SEA,H,W,13,10,5.0,3,,0,,,,0,,,0,15.0,match,3,3,False,fum_rec;blocked_kicks;def_fum_td,PFR
Denver Broncos,DEN,1985,8,1985-10-27,False,KAN,A,W,30,10,2.0,0,,0,,,,0,,,0,6.0,match,0,0,False,fum_rec;blocked_kicks;def_fum_td,PFR
Denver Broncos,DEN,1985,9,1985-11-03,False,SDG,A,L,10,30,2.0,2,,0,,,,0,,,0,5.0,match,2,2,False,fum_rec;blocked_kicks;def_fum_td,PFR
Denver Broncos,DEN,1985,10,1985-11-11,False,SFO,H,W,17,16,2.0,0,,0,,,,0,,,0,3.0,match,0,0,False,fum_rec;blocked_kicks;def_fum_td,PFR
Denver Broncos,DEN,1985,11,1985-11-17,False,SDG,H,W,30,24,0,2,,0,,,,0,,,0,4,match,2,2,False,fum_rec;blocked_kicks;def_fum_td,PFR
Denver Broncos,DEN,1985,12,1985-11-24,False,RAI,A,L,28,31,2.0,3,,0,,,,0,,,0,7.0,match,3,3,False,fum_rec;blocked_kicks;def_fum_td,PFR
Denver Broncos,DEN,1985,13,1985-12-01,False,PIT,A,W,31,23,6.0,4,,0,,,,0,,,0,14.0,match,4,4,False,fum_rec;blocked_kicks;def_fum_td,PFR
Denver Broncos,DEN,1985,14,1985-12-08,False,RAI,H,L,14,17,0.0,4,,0,,,,0,,,0,9,match,4,4,False,fum_rec;blocked_kicks;def_fum_td,PFR
Denver Broncos,DEN,1985,15,1985-12-14,False,KAN,H,W,14,13,3.0,1,,0,,,,0,,,0,9.0,match,1,1,False,fum_rec;blocked_kicks;def_fum_td,PFR
Denver Broncos,DEN,1985,16,1985-12-20,False,SEA,A,W,27,24,1.0,1,,0,,,,0,,,0,3.0,match,1,1,False,fum_rec;blocked_kicks;def_fum_td,PFR
Detroit Lions,DET,1985,1,1985-09-08,False,ATL,A,W,28,27,5.0,0,,0,,,,0,,,0,5.0,match,0,0,False,fum_rec;blocked_kicks;def_fum_td,PFR
Detroit Lions,DET,1985,2,1985-09-15,False,DAL,H,W,26,21,4.0,3,,0,,,,0,,,0,10.0,match,3,3,False,fum_rec;blocked_kicks;def_fum_td,PFR
Detroit Lions,DET,1985,3,1985-09-22,False,IND,A,L,6,14,1.0,2,,0,,,,0,,,0,6.0,match,2,2,False,fum_rec;blocked_kicks;def_fum_td,PFR
Detroit Lions,DET,1985,4,1985-09-29,False,TAM,H,W,30,9,4.0,1,,0,,,,0,,,0,10.0,match,1,1,False,fum_rec;blocked_kicks;def_fum_td,PFR
Detroit Lions,DET,1985,5,1985-10-06,False,GNB,A,L,10,43,1.0,0,,0,,,,0,,,0,-3.0,match,0,0,False,fum_rec;blocked_kicks;def_fum_td,PFR
Detroit Lions,DET,1985,6,1985-10-13,False,WAS,A,L,3,24,3.0,0,,0,,,,0,,,0,3.0,match,0,0,False,fum_rec;blocked_kicks;def_fum_td,PFR
Detroit Lions,DET,1985,7,1985-10-20,False,SFO,H,W,23,21,1.0,1,,0,,,,0,,,1,9.0,match,1,1,False,fum_rec;blocked_kicks;def_fum_td,PFR
Detroit Lions,DET,1985,8,1985-10-27,False,MIA,H,W,31,21,1.0,2,,0,,,,0,,,0,5.0,match,2,2,False,fum_rec;blocked_kicks;def_fum_td,PFR
Detroit Lions,DET,1985,9,1985-11-03,False,MIN,A,L,13,16,1.0,1,,0,,,,0,,,0,4.0,match,1,1,False,fum_rec;blocked_kicks;def_fum_td,PFR
Detroit Lions,DET,1985,10,1985-11-10,False,CHI,A,L,3,24,1.0,0,,0,,,,0,,,0,1.0,match,0,0,False,fum_rec;blocked_kicks;def_fum_td,PFR
Detroit Lions,DET,1985,11,1985-11-17,False,MIN,H,W,41,21,3.0,3,,0,,,,0,,,0,9.0,match,3,3,False,fum_rec;blocked_kicks;def_fum_td,PFR
Detroit Lions,DET,1985,12,1985-11-24,False,TAM,A,L,16,19,6.0,0,,0,,,,0,,,0,7.0,match,0,0,False,fum_rec;blocked_kicks;def_fum_td,PFR
Detroit Lions,DET,1985,13,1985-11-28,False,NYJ,H,W,31,20,7.0,0,,0,,,,0,,,0,8.0,match,0,0,False,fum_rec;blocked_kicks;def_fum_td,PFR
Detroit Lions,DET,1985,14,1985-12-08,False,NWE,A,L,6,23,0.0,1,,0,,,,0,,,0,2,match,1,1,False,fum_rec;blocked_kicks;def_fum_td,PFR
Detroit Lions,DET,1985,15,1985-12-15,False,GNB,H,L,23,26,2.0,1,,0,,,,0,,,0,4.0,match,1,1,False,fum_rec;blocked_kicks;def_fum_td,PFR
Detroit Lions,DET,1985,16,1985-12-22,False,CHI,H,L,17,37,4.0,3,,0,,,,0,,,0,6.0,match,3,3,False,fum_rec;blocked_kicks;def_fum_td,PFR
Green Bay Packers,GNB,1985,1,1985-09-08,False,NWE,A,L,20,26,4.0,1,,0,,,,0,,,0,6.0,match,1,1,False,fum_rec;blocked_kicks;def_fum_td,PFR
Green Bay Packers,GNB,1985,2,1985-09-15,False,NYG,H,W,23,20,5.0,0,,0,,,,0,,,0,6.0,match,0,0,False,fum_rec;blocked_kicks;def_fum_td,PFR
Green Bay Packers,GNB,1985,3,1985-09-22,False,NYJ,H,L,3,24,3.0,0,,0,,,,0,,,0,3.0,match,0,0,False,fum_rec;blocked_kicks;def_fum_td,PFR
Green Bay Packers,GNB,1985,4,1985-09-29,False,STL,A,L,28,43,3.0,0,,0,,,,0,,,0,-1.0,match,0,0,False,fum_rec;blocked_kicks;def_fum_td,PFR
Green Bay Packers,GNB,1985,5,1985-10-06,False,DET,H,W,43,10,4.0,2,,0,,,,0,,,0,12.0,match,2,2,False,fum_rec;blocked_kicks;def_fum_td,PFR
Green Bay Packers,GNB,1985,6,1985-10-13,False,MIN,H,W,20,17,2.0,2,,0,,,,0,,,0,7.0,match,2,2,False,fum_rec;blocked_kicks;def_fum_td,PFR
Green Bay Packers,GNB,1985,7,1985-10-21,False,CHI,A,L,7,23,3.0,0,,0,,,,0,,,0,3.0,match,0,0,False,fum_rec;blocked_kicks;def_fum_td,PFR
Green Bay Packers,GNB,1985,8,1985-10-27,False,IND,A,L,10,37,1.0,0,,0,,,,0,,,0,-3.0,match,0,0,False,fum_rec;blocked_kicks;def_fum_td,PFR
Green Bay Packers,GNB,1985,9,1985-11-03,False,CHI,H,L,10,16,3.0,0,,0,,,,0,,,0,4.0,match,0,0,False,fum_rec;blocked_kicks;def_fum_td,PFR
Green Bay Packers,GNB,1985,10,1985-11-10,False,MIN,A,W,27,17,1.0,2,,0,,,,0,,,0,6.0,match,2,2,False,fum_rec;blocked_kicks;def_fum_td,PFR
Green Bay Packers,GNB,1985,11,1985-11-17,False,NOR,H,W,38,14,6.0,0,,0,,,,0,,,0,7.0,match,0,0,False,fum_rec;blocked_kicks;def_fum_td,PFR
Green Bay Packers,GNB,1985,12,1985-11-24,False,RAM,A,L,17,34,1.0,0,,0,,,,0,,,0,0.0,match,0,0,False,fum_rec;blocked_kicks;def_fum_td,PFR
Green Bay Packers,GNB,1985,13,1985-12-01,False,TAM,H,W,21,0,5.0,1,,0,,,,0,,,0,17.0,match,1,1,False,fum_rec;blocked_kicks;def_fum_td,PFR
Green Bay Packers,GNB,1985,14,1985-12-08,False,MIA,H,L,24,34,0,1,,0,,,,0,,,0,1,match,1,1,False,fum_rec;blocked_kicks;def_fum_td,PFR
Green Bay Packers,GNB,1985,15,1985-12-15,False,DET,A,W,26,23,2.0,4,,0,,,,0,,,0,10.0,match,4,4,False,fum_rec;blocked_kicks;def_fum_td,PFR
Green Bay Packers,GNB,1985,16,1985-12-22,False,TAM,A,W,20,17,5.0,2,,0,,,,0,,,0,10.0,match,2,2,False,fum_rec;blocked_kicks;def_fum_td,PFR
Houston Oilers,HOU,1985,1,1985-09-08,False,MIA,H,W,26,23,0.0,2,,0,,,,0,,,0,4,match,2,2,False,fum_rec;blocked_kicks;def_fum_td,PFR
Houston Oilers,HOU,1985,2,1985-09-15,False,WAS,A,L,13,16,5.0,1,,0,,,,0,,,0,8.0,match,1,1,False,fum_rec;blocked_kicks;def_fum_td,PFR
Houston Oilers,HOU,1985,3,1985-09-22,False,PIT,A,L,0,20,3.0,0,,0,,,,0,,,0,4.0,match,0,0,False,fum_rec;blocked_kicks;def_fum_td,PFR
Houston Oilers,HOU,1985,4,1985-09-29,False,DAL,H,L,10,17,2.0,0,,0,,,,0,,,0,3.0,match,0,0,False,fum_rec;blocked_kicks;def_fum_td,PFR
Houston Oilers,HOU,1985,5,1985-10-06,False,DEN,A,L,20,31,2.0,3,,0,,,,0,,,0,7.0,match,3,3,False,fum_rec;blocked_kicks;def_fum_td,PFR
Houston Oilers,HOU,1985,6,1985-10-13,False,CLE,H,L,6,21,0.0,1,,0,,,,0,,,0,2,match,1,1,False,fum_rec;blocked_kicks;def_fum_td,PFR
Houston Oilers,HOU,1985,7,1985-10-20,False,CIN,H,W,44,27,4.0,3,,0,,,,0,,,0,10.0,match,3,3,False,fum_rec;blocked_kicks;def_fum_td,PFR
Houston Oilers,HOU,1985,8,1985-10-27,False,STL,A,W,20,10,5.0,0,,0,,,,0,,,0,9.0,match,0,0,False,fum_rec;blocked_kicks;def_fum_td,PFR
Houston Oilers,HOU,1985,9,1985-11-03,False,KAN,H,W,23,20,3.0,1,,0,,,,0,,,0,6.0,match,1,1,False,fum_rec;blocked_kicks;def_fum_td,PFR
Houston Oilers,HOU,1985,10,1985-11-10,False,BUF,A,L,0,20,8.0,0,,0,,,,0,,,0,9.0,match,0,0,False,fum_rec;blocked_kicks;def_fum_td,PFR
Houston Oilers,HOU,1985,11,1985-11-17,False,PIT,H,L,7,30,1.0,1,,0,,,,0,,,0,2.0,match,1,1,False,fum_rec;blocked_kicks;def_fum_td,PFR
Houston Oilers,HOU,1985,12,1985-11-24,False,SDG,H,W,37,35,3.0,2,,0,,,,0,,,0,3.0,match,2,2,False,fum_rec;blocked_kicks;def_fum_td,PFR
Houston Oilers,HOU,1985,13,1985-12-01,False,CIN,A,L,27,45,2.0,0,,0,,,,0,,,0,-2.0,match,0,0,False,fum_rec;blocked_kicks;def_fum_td,PFR
Houston Oilers,HOU,1985,14,1985-12-08,False,NYG,H,L,14,35,0.0,1,,0,,,,0,,,0,-2,match,1,1,False,fum_rec;blocked_kicks;def_fum_td,PFR
Houston Oilers,HOU,1985,15,1985-12-15,False,CLE,A,L,21,28,1.0,0,,0,,,,0,,,0,0.0,match,0,0,False,fum_rec;blocked_kicks;def_fum_td,PFR
Houston Oilers,HOU,1985,16,1985-12-22,False,IND,A,L,16,34,2.0,0,,0,,,,0,,,0,1.0,match,0,0,False,fum_rec;blocked_kicks;def_fum_td,PFR
Indianapolis Colts,IND,1985,1,1985-09-08,False,PIT,A,L,3,45,1.0,1,,0,,,,0,,,0,-1.0,match,1,1,False,fum_rec;blocked_kicks;def_fum_td,PFR
Indianapolis Colts,IND,1985,2,1985-09-15,False,MIA,A,L,13,30,0,0,,0,,,,0,,,0,-1,match,0,0,False,fum_rec;blocked_kicks;def_fum_td,PFR
Indianapolis Colts,IND,1985,3,1985-09-22,False,DET,H,W,14,6,5.0,1,,0,,,,0,,,0,14.0,match,1,1,False,fum_rec;blocked_kicks;def_fum_td,PFR
Indianapolis Colts,IND,1985,4,1985-09-29,False,NYJ,A,L,20,25,2.0,0,,0,,,,0,,,0,2.0,match,0,0,False,fum_rec;blocked_kicks;def_fum_td,PFR
Indianapolis Colts,IND,1985,5,1985-10-06,False,BUF,H,W,49,17,2.0,2,,0,,,,0,,,0,7.0,match,2,2,False,fum_rec;blocked_kicks;def_fum_td,PFR
Indianapolis Colts,IND,1985,6,1985-10-13,False,DEN,H,L,10,15,2.0,1,,0,,,,0,,,0,5.0,match,1,1,False,fum_rec;blocked_kicks;def_fum_td,PFR
Indianapolis Colts,IND,1985,7,1985-10-20,False,BUF,A,L,9,21,3.0,1,,0,,,,0,,,0,5.0,match,1,1,False,fum_rec;blocked_kicks;def_fum_td,PFR
Indianapolis Colts,IND,1985,8,1985-10-27,False,GNB,H,W,37,10,3.0,4,,0,,,,0,,,0,15.0,match,4,4,False,fum_rec;blocked_kicks;def_fum_td,PFR
Indianapolis Colts,IND,1985,9,1985-11-03,False,NYJ,H,L,17,35,2.0,0,,0,,,,0,,,0,-2.0,match,0,0,False,fum_rec;blocked_kicks;def_fum_td,PFR
Indianapolis Colts,IND,1985,10,1985-11-10,False,NWE,A,L,15,34,3.0,0,,0,,,,0,,,0,2.0,match,0,0,False,fum_rec;blocked_kicks;def_fum_td,PFR
Indianapolis Colts,IND,1985,11,1985-11-17,False,MIA,H,L,20,34,1.0,0,,0,,,,0,,,1,6.0,match,0,0,False,fum_rec;blocked_kicks;def_fum_td,PFR
Indianapolis Colts,IND,1985,12,1985-11-24,False,KAN,A,L,7,20,2.0,1,,0,,,,0,,,0,5.0,match,1,1,False,fum_rec;blocked_kicks;def_fum_td,PFR
Indianapolis Colts,IND,1985,13,1985-12-01,False,NWE,H,L,31,38,2.0,1,,0,,,,0,,,0,0.0,match,1,1,False,fum_rec;blocked_kicks;def_fum_td,PFR
Indianapolis Colts,IND,1985,14,1985-12-08,False,CHI,A,L,10,17,3.0,0,,0,,,,0,,,0,4.0,match,0,0,False,fum_rec;blocked_kicks;def_fum_td,PFR
Indianapolis Colts,IND,1985,15,1985-12-15,False,TAM,A,W,31,23,2.0,2,,0,,,,0,,,0,6.0,match,2,2,False,fum_rec;blocked_kicks;def_fum_td,PFR
Indianapolis Colts,IND,1985,16,1985-12-22,False,HOU,H,W,34,16,3.0,2,,0,,,,0,,,0,8.0,match,2,2,False,fum_rec;blocked_kicks;def_fum_td,PFR
Kansas City Chiefs,KAN,1985,1,1985-09-08,False,NOR,A,W,47,27,4.0,4,,0,,,,0,,,0,12.0,match,4,4,False,fum_rec;blocked_kicks;def_fum_td,PFR
Kansas City Chiefs,KAN,1985,2,1985-09-12,False,RAI,H,W,36,20,3.0,2,,0,,,,0,,,0,8.0,match,2,2,False,fum_rec;blocked_kicks;def_fum_td,PFR
Kansas City Chiefs,KAN,1985,3,1985-09-22,False,MIA,A,L,0,31,0.0,1,,0,,,,0,,,0,1,match,1,1,False,fum_rec;blocked_kicks;def_fum_td,PFR
Kansas City Chiefs,KAN,1985,4,1985-09-29,False,SEA,H,W,28,7,0.0,5,,0,,,,0,,,0,14,match,5,5,False,fum_rec;blocked_kicks;def_fum_td,PFR
Kansas City Chiefs,KAN,1985,5,1985-10-06,False,RAI,A,L,10,19,3.0,0,,0,,,,0,,,0,4.0,match,0,0,False,fum_rec;blocked_kicks;def_fum_td,PFR
Kansas City Chiefs,KAN,1985,6,1985-10-13,False,SDG,A,L,20,31,4.0,0,,0,,,,0,,,0,3.0,match,0,0,False,fum_rec;blocked_kicks;def_fum_td,PFR
Kansas City Chiefs,KAN,1985,7,1985-10-20,False,RAM,H,L,0,16,3.0,0,,0,,,,0,,,0,4.0,match,0,0,False,fum_rec;blocked_kicks;def_fum_td,PFR
Kansas City Chiefs,KAN,1985,8,1985-10-27,False,DEN,H,L,10,30,2.0,0,,0,,,,0,,,0,1.0,match,0,0,False,fum_rec;blocked_kicks;def_fum_td,PFR
Kansas City Chiefs,KAN,1985,9,1985-11-03,False,HOU,A,L,20,23,2.0,1,,0,,,,0,,,0,4.0,match,1,1,False,fum_rec;blocked_kicks;def_fum_td,PFR
Kansas City Chiefs,KAN,1985,10,1985-11-10,False,PIT,H,L,28,36,1.0,1,,0,,,,0,,,0,-1.0,match,1,1,False,fum_rec;blocked_kicks;def_fum_td,PFR
Kansas City Chiefs,KAN,1985,11,1985-11-17,False,SFO,A,L,3,31,0.0,0,,0,,,,0,,,0,-1,match,0,0,False,fum_rec;blocked_kicks;def_fum_td,PFR
Kansas City Chiefs,KAN,1985,12,1985-11-24,False,IND,H,W,20,7,3.0,1,,0,,,,0,,,0,9.0,match,1,1,False,fum_rec;blocked_kicks;def_fum_td,PFR
Kansas City Chiefs,KAN,1985,13,1985-12-01,False,SEA,A,L,6,24,1.0,1,,0,,,,0,,,0,3.0,match,1,1,False,fum_rec;blocked_kicks;def_fum_td,PFR
Kansas City Chiefs,KAN,1985,14,1985-12-08,False,ATL,H,W,38,10,7.0,3,,0,,,,0,,,0,17.0,match,3,3,False,fum_rec;blocked_kicks;def_fum_td,PFR
Kansas City Chiefs,KAN,1985,15,1985-12-14,False,DEN,A,L,13,14,0.0,5,,0,,,,0,,,0,11,match,5,5,False,fum_rec;blocked_kicks;def_fum_td,PFR
Kansas City Chiefs,KAN,1985,16,1985-12-22,False,SDG,H,W,38,34,2.0,3,,0,,,,0,,,0,7.0,match,3,3,False,fum_rec;blocked_kicks;def_fum_td,PFR
Miami Dolphins,MIA,1985,1,1985-09-08,False,HOU,A,L,23,26,3.0,1,,0,,,,0,,,0,5.0,match,1,1,False,fum_rec;blocked_kicks;def_fum_td,PFR
Miami Dolphins,MIA,1985,2,1985-09-15,False,IND,H,W,30,13,2.0,1,,0,,,,0,,,0,8.0,match,1,1,False,fum_rec;blocked_kicks;def_fum_td,PFR
Miami Dolphins,MIA,1985,3,1985-09-22,False,KAN,H,W,31,0,3.0,2,,0,,,,0,,,0,17.0,match,2,2,False,fum_rec;blocked_kicks;def_fum_td,PFR
Miami Dolphins,MIA,1985,4,1985-09-29,False,DEN,A,W,30,26,3.0,1,,0,,,,0,,,0,5.0,match,1,1,False,fum_rec;blocked_kicks;def_fum_td,PFR
Miami Dolphins,MIA,1985,5,1985-10-06,False,PIT,H,W,24,20,0.0,1,,0,,,,0,,,0,3,match,1,1,False,fum_rec;blocked_kicks;def_fum_td,PFR
Miami Dolphins,MIA,1985,6,1985-10-14,False,NYJ,A,L,7,23,1.0,0,,0,,,,0,,,0,1.0,match,0,0,False,fum_rec;blocked_kicks;def_fum_td,PFR
Miami Dolphins,MIA,1985,7,1985-10-20,False,TAM,H,W,41,38,0.0,1,,0,,,,0,,,0,-2,match,1,1,False,fum_rec;blocked_kicks;def_fum_td,PFR
Miami Dolphins,MIA,1985,8,1985-10-27,False,DET,A,L,21,31,4.0,0,,0,,,,0,,,0,3.0,match,0,0,False,fum_rec;blocked_kicks;def_fum_td,PFR
Miami Dolphins,MIA,1985,9,1985-11-03,False,NWE,A,L,13,17,1.0,3,,0,,,,0,,,0,8.0,match,3,3,False,fum_rec;blocked_kicks;def_fum_td,PFR
Miami Dolphins,MIA,1985,10,1985-11-10,False,NYJ,H,W,21,17,5.0,0,,0,,,,0,,,0,6.0,match,0,0,False,fum_rec;blocked_kicks;def_fum_td,PFR
Miami Dolphins,MIA,1985,11,1985-11-17,False,IND,A,W,34,20,3.0,2,,0,,,,0,,,0,8.0,match,2,2,False,fum_rec;blocked_kicks;def_fum_td,PFR
Miami Dolphins,MIA,1985,12,1985-11-24,False,BUF,A,W,23,14,3.0,0,,0,,,,0,,,0,4.0,match,0,0,False,fum_rec;blocked_kicks;def_fum_td,PFR
Miami Dolphins,MIA,1985,13,1985-12-02,False,CHI,H,W,38,24,6.0,3,,0,,,,0,,,0,12.0,match,3,3,False,fum_rec;blocked_kicks;def_fum_td,PFR
Miami Dolphins,MIA,1985,14,1985-12-08,False,GNB,A,W,34,24,1.0,2,,0,,,,0,,,0,5.0,match,2,2,False,fum_rec;blocked_kicks;def_fum_td,PFR
Miami Dolphins,MIA,1985,15,1985-12-16,False,NWE,H,W,30,27,2.0,3,,0,,,,0,,,0,8.0,match,3,3,False,fum_rec;blocked_kicks;def_fum_td,PFR
Miami Dolphins,MIA,1985,16,1985-12-22,False,BUF,H,W,28,0,0.0,3,,0,,,,0,,,0,16,match,3,3,False,fum_rec;blocked_kicks;def_fum_td,PFR
Miami Dolphins,MIA,1985,17,1986-01-04,True,CLE,H,W,24,21,1.0,1,,0,,,,0,,,0,3.0,match,1,1,False,fum_rec;blocked_kicks;def_fum_td,PFR
Miami Dolphins,MIA,1985,18,1986-01-12,True,NWE,H,L,14,31,0,0,,0,,,,0,,,0,-1,match,0,0,False,fum_rec;blocked_kicks;def_fum_td,PFR
Minnesota Vikings,MIN,1985,1,1985-09-08,False,SFO,H,W,28,21,2.0,2,,0,,,,0,,,0,6.0,match,2,2,False,fum_rec;blocked_kicks;def_fum_td,PFR
Minnesota Vikings,MIN,1985,2,1985-09-15,False,TAM,A,W,31,16,1.0,2,,0,,,,0,,,0,6.0,match,2,2,False,fum_rec;blocked_kicks;def_fum_td,PFR
Minnesota Vikings,MIN,1985,3,1985-09-19,False,CHI,H,L,24,33,1.0,1,,0,,,,0,,,0,2.0,match,1,1,False,fum_rec;blocked_kicks;def_fum_td,PFR
Minnesota Vikings,MIN,1985,4,1985-09-29,False,BUF,A,W,27,20,3.0,2,,0,,,,0,,,0,8.0,match,2,2,False,fum_rec;blocked_kicks;def_fum_td,PFR
Minnesota Vikings,MIN,1985,5,1985-10-06,False,RAM,A,L,10,13,2.0,0,,0,,,,0,,,0,6.0,match,0,0,False,fum_rec;blocked_kicks;def_fum_td,PFR
Minnesota Vikings,MIN,1985,6,1985-10-13,False,GNB,A,L,17,20,3.0,2,,0,,,,0,,,0,8.0,match,2,2,False,fum_rec;blocked_kicks;def_fum_td,PFR
Minnesota Vikings,MIN,1985,7,1985-10-20,False,SDG,H,W,21,17,2.0,4,,0,,,,0,,,0,11.0,match,4,4,False,fum_rec;blocked_kicks;def_fum_td,PFR
Minnesota Vikings,MIN,1985,8,1985-10-27,False,CHI,A,L,9,27,1.0,1,,0,,,,0,,,0,3.0,match,1,1,False,fum_rec;blocked_kicks;def_fum_td,PFR
Minnesota Vikings,MIN,1985,9,1985-11-03,False,DET,H,W,16,13,2.0,0,,0,,,,0,,,0,6.0,match,0,0,False,fum_rec;blocked_kicks;def_fum_td,PFR
Minnesota Vikings,MIN,1985,10,1985-11-10,False,GNB,H,L,17,27,2.0,0,,0,,,,0,,,0,2.0,match,0,0,False,fum_rec;blocked_kicks;def_fum_td,PFR
Minnesota Vikings,MIN,1985,11,1985-11-17,False,DET,A,L,21,41,2.0,1,,0,,,,0,,,0,0.0,match,1,1,False,fum_rec;blocked_kicks;def_fum_td,PFR
Minnesota Vikings,MIN,1985,12,1985-11-24,False,NOR,H,L,23,30,1.0,1,,0,,,,0,,,0,2.0,match,1,1,False,fum_rec;blocked_kicks;def_fum_td,PFR
Minnesota Vikings,MIN,1985,13,1985-12-01,False,PHI,A,W,28,23,2.0,1,,0,,,,0,,,0,4.0,match,1,1,False,fum_rec;blocked_kicks;def_fum_td,PFR
Minnesota Vikings,MIN,1985,14,1985-12-08,False,TAM,H,W,26,7,3.0,3,,0,,,,0,,,0,13.0,match,3,3,False,fum_rec;blocked_kicks;def_fum_td,PFR
Minnesota Vikings,MIN,1985,15,1985-12-15,False,ATL,A,L,13,14,3.0,0,,0,,,,0,,,0,4.0,match,0,0,False,fum_rec;blocked_kicks;def_fum_td,PFR
Minnesota Vikings,MIN,1985,16,1985-12-22,False,PHI,H,L,35,37,3.0,2,,0,,,,0,,,0,3.0,match,2,2,False,fum_rec;blocked_kicks;def_fum_td,PFR
New Orleans Saints,NOR,1985,1,1985-09-08,False,KAN,H,L,27,47,2.0,1,,0,,,,0,,,0,0.0,match,1,1,False,fum_rec;blocked_kicks;def_fum_td,PFR
New Orleans Saints,NOR,1985,2,1985-09-15,False,DEN,A,L,23,34,3.0,1,,0,,,,0,,,0,4.0,match,1,1,False,fum_rec;blocked_kicks;def_fum_td,PFR
New Orleans Saints,NOR,1985,3,1985-09-22,False,TAM,H,W,20,13,4.0,2,,0,,,,0,,,0,12.0,match,2,2,False,fum_rec;blocked_kicks;def_fum_td,PFR
New Orleans Saints,NOR,1985,4,1985-09-29,False,SFO,A,W,20,17,6.0,2,,0,,,,0,,,0,11.0,match,2,2,False,fum_rec;blocked_kicks;def_fum_td,PFR
New Orleans Saints,NOR,1985,5,1985-10-06,False,PHI,H,W,23,21,3.0,4,,0,,,,0,,,0,11.0,match,4,4,False,fum_rec;blocked_kicks;def_fum_td,PFR
New Orleans Saints,NOR,1985,6,1985-10-13,False,RAI,A,L,13,23,4.0,0,,0,,,,0,,,0,4.0,match,0,0,False,fum_rec;blocked_kicks;def_fum_td,PFR
New Orleans Saints,NOR,1985,7,1985-10-20,False,ATL,A,L,24,31,1.0,3,,0,,,,0,,,0,6.0,match,3,3,False,fum_rec;blocked_kicks;def_fum_td,PFR
New Orleans Saints,NOR,1985,8,1985-10-27,False,NYG,H,L,13,21,1.0,0,,0,,,,0,,,0,1.0,match,0,0,False,fum_rec;blocked_kicks;def_fum_td,PFR
New Orleans Saints,NOR,1985,9,1985-11-03,False,RAM,A,L,10,28,3.0,0,,0,,,,0,,,0,2.0,match,0,0,False,fum_rec;blocked_kicks;def_fum_td,PFR
New Orleans Saints,NOR,1985,10,1985-11-10,False,SEA,H,L,3,27,3.0,1,,0,,,,0,,,0,5.0,match,1,1,False,fum_rec;blocked_kicks;def_fum_td,PFR
New Orleans Saints,NOR,1985,11,1985-11-17,False,GNB,A,L,14,38,2.0,2,,0,,,,0,,,0,2.0,match,2,2,False,fum_rec;blocked_kicks;def_fum_td,PFR
New Orleans Saints,NOR,1985,12,1985-11-24,False,MIN,A,W,30,23,2.0,3,,0,,,,0,,,0,8.0,match,3,3,False,fum_rec;blocked_kicks;def_fum_td,PFR
New Orleans Saints,NOR,1985,13,1985-12-01,False,RAM,H,W,29,3,9.0,1,,0,,,,0,,,0,18.0,match,1,1,False,fum_rec;blocked_kicks;def_fum_td,PFR
New Orleans Saints,NOR,1985,14,1985-12-08,False,STL,A,L,16,28,1.0,0,,0,,,,0,,,0,0.0,match,0,0,False,fum_rec;blocked_kicks;def_fum_td,PFR
New Orleans Saints,NOR,1985,15,1985-12-15,False,SFO,H,L,19,31,1.0,1,,0,,,,0,,,0,2.0,match,1,1,False,fum_rec;blocked_kicks;def_fum_td,PFR
New Orleans Saints,NOR,1985,16,1985-12-22,False,ATL,H,L,10,16,1.0,0,,0,,,,0,,,0,2.0,match,0,0,False,fum_rec;blocked_kicks;def_fum_td,PFR
New England Patriots,NWE,1985,1,1985-09-08,False,GNB,H,W,26,20,7.0,1,,0,,,,0,,,0,10.0,match,1,1,False,fum_rec;blocked_kicks;def_fum_td,PFR
New England Patriots,NWE,1985,2,1985-09-15,False,CHI,A,L,7,20,3.0,1,,0,,,,0,,,0,6.0,match,1,1,False,fum_rec;blocked_kicks;def_fum_td,PFR
New England Patriots,NWE,1985,3,1985-09-22,False,BUF,A,W,17,14,0,1,,0,,,,0,,,1,9,match,1,1,False,fum_rec;blocked_kicks;def_fum_td,PFR
New England Patriots,NWE,1985,4,1985-09-29,False,RAI,H,L,20,35,2.0,1,,0,,,,0,,,0,0.0,match,1,1,False,fum_rec;blocked_kicks;def_fum_td,PFR
New England Patriots,NWE,1985,5,1985-10-06,False,CLE,A,L,20,24,0,2,,0,,,,0,,,0,4,match,2,2,False,fum_rec;blocked_kicks;def_fum_td,PFR
New England Patriots,NWE,1985,6,1985-10-13,False,BUF,H,W,14,3,4.0,2,,0,,,,0,,,0,15.0,match,2,2,False,fum_rec;blocked_kicks;def_fum_td,PFR
New England Patriots,NWE,1985,7,1985-10-20,False,NYJ,H,W,20,13,5.0,1,,0,,,,0,,,0,11.0,match,1,1,False,fum_rec;blocked_kicks;def_fum_td,PFR
New England Patriots,NWE,1985,8,1985-10-27,False,TAM,A,W,32,14,3.0,2,,0,,,,0,,,0,8.0,match,2,2,False,fum_rec;blocked_kicks;def_fum_td,PFR
New England Patriots,NWE,1985,9,1985-11-03,False,MIA,H,W,17,13,3.0,2,,0,,,,0,,,0,11.0,match,2,2,False,fum_rec;blocked_kicks;def_fum_td,PFR
New England Patriots,NWE,1985,10,1985-11-10,False,IND,H,W,34,15,7.0,2,,0,,,,0,,,1,18.0,match,2,2,False,fum_rec;blocked_kicks;def_fum_td,PFR
New England Patriots,NWE,1985,11,1985-11-17,False,SEA,A,W,20,13,5.0,3,,0,,,,0,,,0,15.0,match,3,3,False,fum_rec;blocked_kicks;def_fum_td,PFR
New England Patriots,NWE,1985,12,1985-11-24,False,NYJ,A,L,13,16,6.0,0,,0,,,,0,,,0,7.0,match,0,0,False,fum_rec;blocked_kicks;def_fum_td,PFR
New England Patriots,NWE,1985,13,1985-12-01,False,IND,A,W,38,31,1.0,2,,0,,,,0,,,0,4.0,match,2,2,False,fum_rec;blocked_kicks;def_fum_td,PFR
New England Patriots,NWE,1985,14,1985-12-08,False,DET,H,W,23,6,2.0,1,,0,,,,0,,,0,11.0,match,1,1,False,fum_rec;blocked_kicks;def_fum_td,PFR
New England Patriots,NWE,1985,15,1985-12-16,False,MIA,A,L,27,30,2.0,1,,0,,,,0,,,0,3.0,match,1,1,False,fum_rec;blocked_kicks;def_fum_td,PFR
New England Patriots,NWE,1985,16,1985-12-22,False,CIN,H,W,34,23,1.0,1,,0,,,,0,,,0,3.0,match,1,1,False,fum_rec;blocked_kicks;def_fum_td,PFR
New England Patriots,NWE,1985,17,1985-12-28,True,NYJ,A,W,26,14,5.0,2,,0,,,,0,,,0,10.0,match,2,2,False,fum_rec;blocked_kicks;def_fum_td,PFR
New England Patriots,NWE,1985,18,1986-01-05,True,RAI,A,W,27,20,2.0,3,,0,,,,0,,,0,9.0,match,3,3,False,fum_rec;blocked_kicks;def_fum_td,PFR
New England Patriots,NWE,1985,19,1986-01-12,True,MIA,A,W,31,14,1.0,2,,0,,,,0,,,0,6.0,match,2,2,False,fum_rec;blocked_kicks;def_fum_td,PFR
New England Patriots,NWE,1985,20,1986-01-26,True,CHI,N,L,10,46,3.0,0,,0,,,,0,,,0,-1.0,match,0,0,False,fum_rec;blocked_kicks;def_fum_td,PFR
New York Giants,NYG,1985,1,1985-09-08,False,PHI,H,W,21,0,8.0,1,,0,,,,0,,,0,20.0,match,1,1,False,fum_rec;blocked_kicks;def_fum_td,PFR
New York Giants,NYG,1985,2,1985-09-15,False,GNB,A,L,20,23,4.0,1,,0,,,,0,,,0,6.0,match,1,1,False,fum_rec;blocked_kicks;def_fum_td,PFR
New York Giants,NYG,1985,3,1985-09-22,False,STL,H,W,27,17,4.0,2,,0,,,,0,,,0,9.0,match,2,2,False,fum_rec;blocked_kicks;def_fum_td,PFR
New York Giants,NYG,1985,4,1985-09-29,False,PHI,A,W,16,10,7.0,1,,0,,,,0,,,0,13.0,match,1,1,False,fum_rec;blocked_kicks;def_fum_td,PFR
New York Giants,NYG,1985,5,1985-10-06,False,DAL,H,L,29,30,3.0,4,,0,,,,0,,,0,10.0,match,4,4,False,fum_rec;blocked_kicks;def_fum_td,PFR
New York Giants,NYG,1985,6,1985-10-13,False,CIN,A,L,30,35,4.0,0,,0,,,,0,,,0,0.0,match,0,0,False,fum_rec;blocked_kicks;def_fum_td,PFR
New York Giants,NYG,1985,7,1985-10-20,False,WAS,H,W,17,3,7.0,3,,0,,,,0,,,0,20.0,match,3,3,False,fum_rec;blocked_kicks;def_fum_td,PFR
New York Giants,NYG,1985,8,1985-10-27,False,NOR,A,W,21,13,1.0,2,,0,,,,0,,,0,9.0,match,2,2,False,fum_rec;blocked_kicks;def_fum_td,PFR
New York Giants,NYG,1985,9,1985-11-03,False,TAM,H,W,22,20,2.0,1,,0,,,,0,,,0,5.0,match,1,1,False,fum_rec;blocked_kicks;def_fum_td,PFR
New York Giants,NYG,1985,10,1985-11-10,False,RAM,H,W,24,19,3.0,1,,0,,,,0,,,0,6.0,match,1,1,False,fum_rec;blocked_kicks;def_fum_td,PFR
New York Giants,NYG,1985,11,1985-11-18,False,WAS,A,L,21,23,4.0,0,,0,,,,0,,,0,4.0,match,0,0,False,fum_rec;blocked_kicks;def_fum_td,PFR
New York Giants,NYG,1985,12,1985-11-24,False,STL,A,W,34,3,8.0,3,,0,,,,0,,,0,21.0,match,3,3,False,fum_rec;blocked_kicks;def_fum_td,PFR
New York Giants,NYG,1985,13,1985-12-01,False,CLE,H,L,33,35,3.0,1,,0,,,,0,,,0,1.0,match,1,1,False,fum_rec;blocked_kicks;def_fum_td,PFR
New York Giants,NYG,1985,14,1985-12-08,False,HOU,A,W,35,14,3.0,2,,0,,,,0,,,0,8.0,match,2,2,False,fum_rec;blocked_kicks;def_fum_td,PFR
New York Giants,NYG,1985,15,1985-12-15,False,DAL,A,L,21,28,4.0,1,,0,,,,0,,,0,5.0,match,1,1,False,fum_rec;blocked_kicks;def_fum_td,PFR
New York Giants,NYG,1985,16,1985-12-21,False,PIT,H,W,28,10,3.0,1,,0,,,,0,,,0,9.0,match,1,1,False,fum_rec;blocked_kicks;def_fum_td,PFR
New York Giants,NYG,1985,17,1985-12-29,True,SFO,H,W,17,3,4.0,1,,0,,,,0,,,0,13.0,match,1,1,False,fum_rec;blocked_kicks;def_fum_td,PFR
New York Giants,NYG,1985,18,1986-01-05,True,CHI,A,L,0,21,0.0,0,,0,,,,0,,,0,0,match,0,0,False,fum_rec;blocked_kicks;def_fum_td,PFR
New York Jets,NYJ,1985,1,1985-09-08,False,RAI,A,L,0,31,4.0,0,,0,,,,0,,,0,3.0,match,0,0,False,fum_rec;blocked_kicks;def_fum_td,PFR
New York Jets,NYJ,1985,2,1985-09-15,False,BUF,H,W,42,3,4.0,4,,0,,,,0,,,0,19.0,match,4,4,False,fum_rec;blocked_kicks;def_fum_td,PFR
New York Jets,NYJ,1985,3,1985-09-22,False,GNB,A,W,24,3,5.0,2,,0,,,,0,,,0,16.0,match,2,2,False,fum_rec;blocked_kicks;def_fum_td,PFR
New York Jets,NYJ,1985,4,1985-09-29,False,IND,H,W,25,20,0.0,1,,0,,,,0,,,0,3,match,1,1,False,fum_rec;blocked_kicks;def_fum_td,PFR
New York Jets,NYJ,1985,5,1985-10-06,False,CIN,A,W,29,20,3.0,1,,0,,,,0,,,0,6.0,match,1,1,False,fum_rec;blocked_kicks;def_fum_td,PFR
New York Jets,NYJ,1985,6,1985-10-14,False,MIA,H,W,23,7,1.0,1,,0,,,,0,,,0,7.0,match,1,1,False,fum_rec;blocked_kicks;def_fum_td,PFR
New York Jets,NYJ,1985,7,1985-10-20,False,NWE,A,L,13,20,2.0,1,,0,,,,0,,,0,5.0,match,1,1,False,fum_rec;blocked_kicks;def_fum_td,PFR
New York Jets,NYJ,1985,8,1985-10-27,False,SEA,H,W,17,14,3.0,2,,0,,,,0,,,0,8.0,match,2,2,False,fum_rec;blocked_kicks;def_fum_td,PFR
New York Jets,NYJ,1985,9,1985-11-03,False,IND,A,W,35,17,7.0,2,,0,,,,0,,,0,12.0,match,2,2,False,fum_rec;blocked_kicks;def_fum_td,PFR
New York Jets,NYJ,1985,10,1985-11-10,False,MIA,A,L,17,21,3.0,3,,0,,,,0,,,0,9.0,match,3,3,False,fum_rec;blocked_kicks;def_fum_td,PFR
New York Jets,NYJ,1985,11,1985-11-17,False,TAM,H,W,62,28,1.0,0,,0,,,,0,,,0,0.0,match,0,0,False,fum_rec;blocked_kicks;def_fum_td,PFR
New York Jets,NYJ,1985,12,1985-11-24,False,NWE,H,W,16,13,5.0,0,,0,,,,0,,,0,9.0,match,0,0,False,fum_rec;blocked_kicks;def_fum_td,PFR
New York Jets,NYJ,1985,13,1985-11-28,False,DET,A,L,20,31,1.0,1,,0,,,,0,,,0,2.0,match,1,1,False,fum_rec;blocked_kicks;def_fum_td,PFR
New York Jets,NYJ,1985,14,1985-12-08,False,BUF,A,W,27,7,3.0,2,,0,,,,0,,,0,11.0,match,2,2,False,fum_rec;blocked_kicks;def_fum_td,PFR
New York Jets,NYJ,1985,15,1985-12-14,False,CHI,H,L,6,19,5.0,1,,0,,,,0,,,0,8.0,match,1,1,False,fum_rec;blocked_kicks;def_fum_td,PFR
New York Jets,NYJ,1985,16,1985-12-22,False,CLE,H,W,37,10,2.0,1,,0,,,,0,,,0,8.0,match,1,1,False,fum_rec;blocked_kicks;def_fum_td,PFR
New York Jets,NYJ,1985,17,1985-12-28,True,NWE,H,L,14,26,3.0,0,,0,,,,0,,,0,3.0,match,0,0,False,fum_rec;blocked_kicks;def_fum_td,PFR
Philadelphia Eagles,PHI,1985,1,1985-09-08,False,NYG,A,L,0,21,2.0,1,,0,,,,0,,,0,4.0,match,1,1,False,fum_rec;blocked_kicks;def_fum_td,PFR
Philadelphia Eagles,PHI,1985,2,1985-09-15,False,RAM,H,L,6,17,2.0,1,,0,,,,0,,,0,5.0,match,1,1,False,fum_rec;blocked_kicks;def_fum_td,PFR
Philadelphia Eagles,PHI,1985,3,1985-09-22,False,WAS,A,W,19,6,1.0,1,,0,,,,0,,,0,10.0,match,1,1,False,fum_rec;blocked_kicks;def_fum_td,PFR
Philadelphia Eagles,PHI,1985,4,1985-09-29,False,NYG,H,L,10,16,4.0,1,,0,,,,0,,,0,7.0,match,1,1,False,fum_rec;blocked_kicks;def_fum_td,PFR
Philadelphia Eagles,PHI,1985,5,1985-10-06,False,NOR,A,L,21,23,4.0,1,,0,,,,0,,,0,6.0,match,1,1,False,fum_rec;blocked_kicks;def_fum_td,PFR
Philadelphia Eagles,PHI,1985,6,1985-10-13,False,STL,H,W,30,7,4.0,2,,0,,,,0,,,0,12.0,match,2,2,False,fum_rec;blocked_kicks;def_fum_td,PFR
Philadelphia Eagles,PHI,1985,7,1985-10-20,False,DAL,H,W,16,14,1.0,2,,0,,,,0,,,0,6.0,match,2,2,False,fum_rec;blocked_kicks;def_fum_td,PFR
Philadelphia Eagles,PHI,1985,8,1985-10-27,False,BUF,H,W,21,17,1.0,2,,0,,,,0,,,0,6.0,match,2,2,False,fum_rec;blocked_kicks;def_fum_td,PFR
Philadelphia Eagles,PHI,1985,9,1985-11-03,False,SFO,A,L,13,24,3.0,1,,0,,,,0,,,0,5.0,match,1,1,False,fum_rec;blocked_kicks;def_fum_td,PFR
Philadelphia Eagles,PHI,1985,10,1985-11-10,False,ATL,H,W,23,17,6.0,2,,0,,,,0,,,0,11.0,match,2,2,False,fum_rec;blocked_kicks;def_fum_td,PFR
Philadelphia Eagles,PHI,1985,11,1985-11-17,False,STL,A,W,24,14,7.0,0,,0,,,,0,,,0,8.0,match,0,0,False,fum_rec;blocked_kicks;def_fum_td,PFR
Philadelphia Eagles,PHI,1985,12,1985-11-24,False,DAL,A,L,17,34,1.0,1,,0,,,,0,,,0,2.0,match,1,1,False,fum_rec;blocked_kicks;def_fum_td,PFR
Philadelphia Eagles,PHI,1985,13,1985-12-01,False,MIN,H,L,23,28,3.0,0,,0,,,,0,,,0,2.0,match,0,0,False,fum_rec;blocked_kicks;def_fum_td,PFR
Philadelphia Eagles,PHI,1985,14,1985-12-08,False,WAS,H,L,12,17,4.0,1,,0,,,,0,,,0,7.0,match,1,1,False,fum_rec;blocked_kicks;def_fum_td,PFR
Philadelphia Eagles,PHI,1985,15,1985-12-15,False,SDG,A,L,14,20,2.0,1,,0,,,,0,,,0,5.0,match,1,1,False,fum_rec;blocked_kicks;def_fum_td,PFR
Philadelphia Eagles,PHI,1985,16,1985-12-22,False,MIN,A,W,37,35,8.0,1,,0,,,,0,,,0,6.0,match,1,1,False,fum_rec;blocked_kicks;def_fum_td,PFR
Pittsburgh Steelers,PIT,1985,1,1985-09-08,False,IND,H,W,45,3,2.0,2,,0,,,,0,,,0,13.0,match,2,2,False,fum_rec;blocked_kicks;def_fum_td,PFR
Pittsburgh Steelers,PIT,1985,2,1985-09-16,False,CLE,A,L,7,17,6.0,1,,0,,,,0,,,0,9.0,match,1,1,False,fum_rec;blocked_kicks;def_fum_td,PFR
Pittsburgh Steelers,PIT,1985,3,1985-09-22,False,HOU,H,W,20,0,3.0,1,,0,,,,0,,,0,15.0,match,1,1,False,fum_rec;blocked_kicks;def_fum_td,PFR
Pittsburgh Steelers,PIT,1985,4,1985-09-30,False,CIN,H,L,24,37,3.0,1,,0,,,,0,,,0,1.0,match,1,1,False,fum_rec;blocked_kicks;def_fum_td,PFR
Pittsburgh Steelers,PIT,1985,5,1985-10-06,False,MIA,A,L,20,24,0.0,3,,0,,,,0,,,0,6,match,3,3,False,fum_rec;blocked_kicks;def_fum_td,PFR
Pittsburgh Steelers,PIT,1985,6,1985-10-13,False,DAL,A,L,13,27,4.0,1,,0,,,,0,,,0,6.0,match,1,1,False,fum_rec;blocked_kicks;def_fum_td,PFR
Pittsburgh Steelers,PIT,1985,7,1985-10-20,False,STL,H,W,23,10,6.0,1,,0,,,,0,,,0,12.0,match,1,1,False,fum_rec;blocked_kicks;def_fum_td,PFR
Pittsburgh Steelers,PIT,1985,8,1985-10-27,False,CIN,A,L,21,26,1.0,1,,0,,,,0,,,1,9.0,match,1,1,False,fum_rec;blocked_kicks;def_fum_td,PFR
Pittsburgh Steelers,PIT,1985,9,1985-11-03,False,CLE,H,W,10,9,1.0,0,,0,,,,0,,,0,5.0,match,0,0,False,fum_rec;blocked_kicks;def_fum_td,PFR
Pittsburgh Steelers,PIT,1985,10,1985-11-10,False,KAN,A,W,36,28,0,1,,0,,,,0,,,1,7,match,1,1,False,fum_rec;blocked_kicks;def_fum_td,PFR
Pittsburgh Steelers,PIT,1985,11,1985-11-17,False,HOU,A,W,30,7,3.0,1,,0,,,,0,,,0,9.0,match,1,1,False,fum_rec;blocked_kicks;def_fum_td,PFR
Pittsburgh Steelers,PIT,1985,12,1985-11-24,False,WAS,H,L,23,30,0,0,,0,,,,0,,,0,-1,match,0,0,False,fum_rec;blocked_kicks;def_fum_td,PFR
Pittsburgh Steelers,PIT,1985,13,1985-12-01,False,DEN,H,L,23,31,0.0,1,,0,,,,0,,,0,1,match,1,1,False,fum_rec;blocked_kicks;def_fum_td,PFR
Pittsburgh Steelers,PIT,1985,14,1985-12-08,False,SDG,A,L,44,54,1.0,3,,0,,,,0,,,0,3.0,match,3,3,False,fum_rec;blocked_kicks;def_fum_td,PFR
Pittsburgh Steelers,PIT,1985,15,1985-12-15,False,BUF,H,W,30,24,1.0,2,,0,,,,0,,,0,5.0,match,2,2,False,fum_rec;blocked_kicks;def_fum_td,PFR
Pittsburgh Steelers,PIT,1985,16,1985-12-21,False,NYG,A,L,10,28,3.0,1,,0,,,,0,,,0,4.0,match,1,1,False,fum_rec;blocked_kicks;def_fum_td,PFR
Los Angeles Raiders,RAI,1985,1,1985-09-08,False,NYJ,H,W,31,0,10.0,2,,0,,,,0,,,0,24.0,match,2,2,False,fum_rec;blocked_kicks;def_fum_td,PFR
Los Angeles Raiders,RAI,1985,2,1985-09-12,False,KAN,A,L,20,36,2.0,0,,0,,,,0,,,0,-2.0,match,0,0,False,fum_rec;blocked_kicks;def_fum_td,PFR
Los Angeles Raiders,RAI,1985,3,1985-09-22,False,SFO,H,L,10,34,4.0,0,,0,,,,0,,,0,3.0,match,0,0,False,fum_rec;blocked_kicks;def_fum_td,PFR
Los Angeles Raiders,RAI,1985,4,1985-09-29,False,NWE,A,W,35,20,3.0,3,,0,,,,0,,,0,10.0,match,3,3,False,fum_rec;blocked_kicks;def_fum_td,PFR
Los Angeles Raiders,RAI,1985,5,1985-10-06,False,KAN,H,W,19,10,6.0,1,,0,,,,0,,,0,12.0,match,1,1,False,fum_rec;blocked_kicks;def_fum_td,PFR
Los Angeles Raiders,RAI,1985,6,1985-10-13,False,NOR,H,W,23,13,4.0,2,,0,,,,0,,,0,12.0,match,2,2,False,fum_rec;blocked_kicks;def_fum_td,PFR
Los Angeles Raiders,RAI,1985,7,1985-10-20,False,CLE,A,W,21,20,2.0,0,,0,,,,0,,,0,3.0,match,0,0,False,fum_rec;blocked_kicks;def_fum_td,PFR
Los Angeles Raiders,RAI,1985,8,1985-10-28,False,SDG,H,W,34,21,6.0,1,,0,,,,0,,,0,8.0,match,1,1,False,fum_rec;blocked_kicks;def_fum_td,PFR
Los Angeles Raiders,RAI,1985,9,1985-11-03,False,SEA,A,L,3,33,2.0,0,,0,,,,0,,,0,1.0,match,0,0,False,fum_rec;blocked_kicks;def_fum_td,PFR
Los Angeles Raiders,RAI,1985,10,1985-11-10,False,SDG,A,L,34,40,1.0,1,,0,,,,0,,,0,-1.0,match,1,1,False,fum_rec;blocked_kicks;def_fum_td,PFR
Los Angeles Raiders,RAI,1985,11,1985-11-17,False,CIN,H,W,13,6,3.0,0,,0,,,,0,,,0,10.0,match,0,0,False,fum_rec;blocked_kicks;def_fum_td,PFR
Los Angeles Raiders,RAI,1985,12,1985-11-24,False,DEN,H,W,31,28,4.0,0,,0,,,,0,,,0,3.0,match,0,0,False,fum_rec;blocked_kicks;def_fum_td,PFR
Los Angeles Raiders,RAI,1985,13,1985-12-01,False,ATL,A,W,34,24,5.0,2,,0,,,,0,,,0,9.0,match,2,2,False,fum_rec;blocked_kicks;def_fum_td,PFR
Los Angeles Raiders,RAI,1985,14,1985-12-08,False,DEN,A,W,17,14,3.0,3,,0,,,,0,,,0,10.0,match,3,3,False,fum_rec;blocked_kicks;def_fum_td,PFR
Los Angeles Raiders,RAI,1985,15,1985-12-15,False,SEA,H,W,13,3,4.0,2,,0,,,,0,,,0,15.0,match,2,2,False,fum_rec;blocked_kicks;def_fum_td,PFR
Los Angeles Raiders,RAI,1985,16,1985-12-23,False,RAM,A,W,16,6,6.0,0,,0,,,,0,,,0,13.0,match,0,0,False,fum_rec;blocked_kicks;def_fum_td,PFR
Los Angeles Raiders,RAI,1985,17,1986-01-05,True,NWE,H,L,20,27,3.0,0,,0,,,,0,,,0,3.0,match,0,0,False,fum_rec;blocked_kicks;def_fum_td,PFR
Los Angeles Rams,RAM,1985,1,1985-09-08,False,DEN,H,W,20,16,2.0,1,,0,,,,0,,,0,5.0,match,1,1,False,fum_rec;blocked_kicks;def_fum_td,PFR
Los Angeles Rams,RAM,1985,2,1985-09-15,False,PHI,A,W,17,6,5.0,4,,0,,,,0,,,1,26.0,match,4,4,False,fum_rec;blocked_kicks;def_fum_td,PFR
Los Angeles Rams,RAM,1985,3,1985-09-23,False,SEA,A,W,35,24,7.0,2,,0,,,,0,,,0,11.0,match,2,2,False,fum_rec;blocked_kicks;def_fum_td,PFR
Los Angeles Rams,RAM,1985,4,1985-09-29,False,ATL,H,W,17,6,3.0,1,,0,,,,0,,,0,12.0,match,1,1,False,fum_rec;blocked_kicks;def_fum_td,PFR
Los Angeles Rams,RAM,1985,5,1985-10-06,False,MIN,H,W,13,10,4.0,0,,0,,,,0,,,0,8.0,match,0,0,False,fum_rec;blocked_kicks;def_fum_td,PFR
Los Angeles Rams,RAM,1985,6,1985-10-13,False,TAM,A,W,31,27,1.0,4,,0,,,,0,,,0,9.0,match,4,4,False,fum_rec;blocked_kicks;def_fum_td,PFR
Los Angeles Rams,RAM,1985,7,1985-10-20,False,KAN,A,W,16,0,1.0,6,,0,,,,0,,,0,23.0,match,6,6,False,fum_rec;blocked_kicks;def_fum_td,PFR
Los Angeles Rams,RAM,1985,8,1985-10-27,False,SFO,H,L,14,28,3.0,0,,0,,,,0,,,0,2.0,match,0,0,False,fum_rec;blocked_kicks;def_fum_td,PFR
Los Angeles Rams,RAM,1985,9,1985-11-03,False,NOR,H,W,28,10,9.0,3,,0,,,,0,,,0,19.0,match,3,3,False,fum_rec;blocked_kicks;def_fum_td,PFR
Los Angeles Rams,RAM,1985,10,1985-11-10,False,NYG,A,L,19,24,2.0,2,,0,,,,0,,,0,6.0,match,2,2,False,fum_rec;blocked_kicks;def_fum_td,PFR
Los Angeles Rams,RAM,1985,11,1985-11-17,False,ATL,A,L,14,30,3.0,0,,0,,,,0,,,0,2.0,match,0,0,False,fum_rec;blocked_kicks;def_fum_td,PFR
Los Angeles Rams,RAM,1985,12,1985-11-24,False,GNB,H,W,34,17,5.0,1,,0,,,,0,,,2,20.0,match,1,1,False,fum_rec;blocked_kicks;def_fum_td,PFR
Los Angeles Rams,RAM,1985,13,1985-12-01,False,NOR,A,L,3,29,2.0,0,,0,,,,0,,,0,1.0,match,0,0,False,fum_rec;blocked_kicks;def_fum_td,PFR
Los Angeles Rams,RAM,1985,14,1985-12-09,False,SFO,A,W,27,20,4.0,2,,0,,,,0,,,1,15.0,match,2,2,False,fum_rec;blocked_kicks;def_fum_td,PFR
Los Angeles Rams,RAM,1985,15,1985-12-15,False,STL,H,W,46,14,4.0,2,,0,,,,0,,,0,9.0,match,2,2,False,fum_rec;blocked_kicks;def_fum_td,PFR
Los Angeles Rams,RAM,1985,16,1985-12-23,False,RAI,H,L,6,16,1.0,1,,0,,,,0,,,0,4.0,match,1,1,False,fum_rec;blocked_kicks;def_fum_td,PFR
Los Angeles Rams,RAM,1985,17,1986-01-04,True,DAL,H,W,20,0,5.0,3,,0,,,,0,,,0,21.0,match,3,3,False,fum_rec;blocked_kicks;def_fum_td,PFR
Los Angeles Rams,RAM,1985,18,1986-01-12,True,CHI,A,L,0,24,3.0,0,,0,,,,0,,,0,3.0,match,0,0,False,fum_rec;blocked_kicks;def_fum_td,PFR
San Diego Chargers,SDG,1985,1,1985-09-08,False,BUF,A,W,14,9,1.0,2,,0,,,,0,,,0,9.0,match,2,2,False,fum_rec;blocked_kicks;def_fum_td,PFR
San Diego Chargers,SDG,1985,2,1985-09-15,False,SEA,H,L,35,49,2.0,0,,0,,,,0,,,0,-2.0,match,0,0,False,fum_rec;blocked_kicks;def_fum_td,PFR
San Diego Chargers,SDG,1985,3,1985-09-22,False,CIN,A,W,44,41,3.0,2,,0,,,,0,,,0,3.0,match,2,2,False,fum_rec;blocked_kicks;def_fum_td,PFR
San Diego Chargers,SDG,1985,4,1985-09-29,False,CLE,H,L,7,21,1.0,0,,0,,,,0,,,0,1.0,match,0,0,False,fum_rec;blocked_kicks;def_fum_td,PFR
San Diego Chargers,SDG,1985,5,1985-10-06,False,SEA,A,L,21,26,5.0,0,,0,,,,0,,,0,5.0,match,0,0,False,fum_rec;blocked_kicks;def_fum_td,PFR
San Diego Chargers,SDG,1985,6,1985-10-13,False,KAN,H,W,31,20,4.0,2,,0,,,,0,,,0,9.0,match,2,2,False,fum_rec;blocked_kicks;def_fum_td,PFR
San Diego Chargers,SDG,1985,7,1985-10-20,False,MIN,A,L,17,21,3.0,2,,0,,,,0,,,0,7.0,match,2,2,False,fum_rec;blocked_kicks;def_fum_td,PFR
San Diego Chargers,SDG,1985,8,1985-10-28,False,RAI,A,L,21,34,1.0,2,,0,,,,0,,,0,4.0,match,2,2,False,fum_rec;blocked_kicks;def_fum_td,PFR
San Diego Chargers,SDG,1985,9,1985-11-03,False,DEN,H,W,30,10,4.0,2,,0,,,,0,,,0,12.0,match,2,2,False,fum_rec;blocked_kicks;def_fum_td,PFR
San Diego Chargers,SDG,1985,10,1985-11-10,False,RAI,H,W,40,34,1.0,2,,0,,,,0,,,0,4.0,match,2,2,False,fum_rec;blocked_kicks;def_fum_td,PFR
San Diego Chargers,SDG,1985,11,1985-11-17,False,DEN,A,L,24,30,3.0,2,,0,,,,0,,,1,12.0,match,2,2,False,fum_rec;blocked_kicks;def_fum_td,PFR
San Diego Chargers,SDG,1985,12,1985-11-24,False,HOU,A,L,35,37,2.0,1,,0,,,,0,,,0,0.0,match,1,1,False,fum_rec;blocked_kicks;def_fum_td,PFR
San Diego Chargers,SDG,1985,13,1985-12-01,False,BUF,H,W,40,7,4.0,4,,0,,,,0,,,0,16.0,match,4,4,False,fum_rec;blocked_kicks;def_fum_td,PFR
San Diego Chargers,SDG,1985,14,1985-12-08,False,PIT,H,W,54,44,2.0,2,,0,,,,0,,,0,2.0,match,2,2,False,fum_rec;blocked_kicks;def_fum_td,PFR
San Diego Chargers,SDG,1985,15,1985-12-15,False,PHI,H,W,20,14,3.0,3,,0,,,,0,,,0,10.0,match,3,3,False,fum_rec;blocked_kicks;def_fum_td,PFR
San Diego Chargers,SDG,1985,16,1985-12-22,False,KAN,A,L,34,38,1.0,0,,0,,,,0,,,0,-3.0,match,0,0,False,fum_rec;blocked_kicks;def_fum_td,PFR
Seattle Seahawks,SEA,1985,1,1985-09-08,False,CIN,A,W,28,24,3.0,0,,0,,,,0,,,0,3.0,match,0,0,False,fum_rec;blocked_kicks;def_fum_td,PFR
Seattle Seahawks,SEA,1985,2,1985-09-15,False,SDG,A,W,49,35,3.0,1,,0,,,,0,,,0,1.0,match,1,1,False,fum_rec;blocked_kicks;def_fum_td,PFR
Seattle Seahawks,SEA,1985,3,1985-09-23,False,RAM,H,L,24,35,2.0,3,,0,,,,0,,,0,4.0,match,3,3,False,fum_rec;blocked_kicks;def_fum_td,PFR
Seattle Seahawks,SEA,1985,4,1985-09-29,False,KAN,A,L,7,28,3.0,3,,0,,,,0,,,0,8.0,match,3,3,False,fum_rec;blocked_kicks;def_fum_td,PFR
Seattle Seahawks,SEA,1985,5,1985-10-06,False,SDG,H,W,26,21,5.0,3,,0,,,,0,,,0,11.0,match,3,3,False,fum_rec;blocked_kicks;def_fum_td,PFR
Seattle Seahawks,SEA,1985,6,1985-10-13,False,ATL,H,W,30,26,2.0,1,,0,,,,0,,,0,4.0,match,1,1,False,fum_rec;blocked_kicks;def_fum_td,PFR
Seattle Seahawks,SEA,1985,7,1985-10-20,False,DEN,A,L,10,13,3.0,0,,0,,,,0,,,0,7.0,match,0,0,False,fum_rec;blocked_kicks;def_fum_td,PFR
Seattle Seahawks,SEA,1985,8,1985-10-27,False,NYJ,A,L,14,17,7.0,1,,0,,,,0,,,0,10.0,match,1,1,False,fum_rec;blocked_kicks;def_fum_td,PFR
Seattle Seahawks,SEA,1985,9,1985-11-03,False,RAI,H,W,33,3,6.0,4,,0,,,,0,,,0,21.0,match,4,4,False,fum_rec;blocked_kicks;def_fum_td,PFR
Seattle Seahawks,SEA,1985,10,1985-11-10,False,NOR,A,W,27,3,8.0,1,,0,,,,0,,,0,17.0,match,1,1,False,fum_rec;blocked_kicks;def_fum_td,PFR
Seattle Seahawks,SEA,1985,11,1985-11-17,False,NWE,H,L,13,20,0.0,1,,0,,,,0,,,0,3,match,1,1,False,fum_rec;blocked_kicks;def_fum_td,PFR
Seattle Seahawks,SEA,1985,12,1985-11-25,False,SFO,A,L,6,19,1.0,3,,0,,,,0,,,0,8.0,match,3,3,False,fum_rec;blocked_kicks;def_fum_td,PFR
Seattle Seahawks,SEA,1985,13,1985-12-01,False,KAN,H,W,24,6,5.0,3,,0,,,,0,,,0,18.0,match,3,3,False,fum_rec;blocked_kicks;def_fum_td,PFR
Seattle Seahawks,SEA,1985,14,1985-12-08,False,CLE,H,W,31,13,6.0,0,,0,,,,0,,,0,10.0,match,0,0,False,fum_rec;blocked_kicks;def_fum_td,PFR
Seattle Seahawks,SEA,1985,15,1985-12-15,False,RAI,A,L,3,13,2.0,0,,0,,,,0,,,0,6.0,match,0,0,False,fum_rec;blocked_kicks;def_fum_td,PFR
Seattle Seahawks,SEA,1985,16,1985-12-20,False,DEN,H,L,24,27,5.0,0,,0,,,,0,,,0,5.0,match,0,0,False,fum_rec;blocked_kicks;def_fum_td,PFR
San Francisco 49ers,SFO,1985,1,1985-09-08,False,MIN,A,L,21,28,1.0,0,,0,,,,0,,,0,0.0,match,0,0,False,fum_rec;blocked_kicks;def_fum_td,PFR
San Francisco 49ers,SFO,1985,2,1985-09-15,False,ATL,H,W,35,16,6.0,0,,0,,,,0,,,0,7.0,match,0,0,False,fum_rec;blocked_kicks;def_fum_td,PFR
San Francisco 49ers,SFO,1985,3,1985-09-22,False,RAI,A,W,34,10,9.0,2,,0,,,,0,,,0,17.0,match,2,2,False,fum_rec;blocked_kicks;def_fum_td,PFR
San Francisco 49ers,SFO,1985,4,1985-09-29,False,NOR,H,L,17,20,1.0,2,,0,,,,0,,,0,6.0,match,2,2,False,fum_rec;blocked_kicks;def_fum_td,PFR
San Francisco 49ers,SFO,1985,5,1985-10-06,False,ATL,A,W,38,17,7.0,0,,0,,,,0,,,0,8.0,match,0,0,False,fum_rec;blocked_kicks;def_fum_td,PFR
San Francisco 49ers,SFO,1985,6,1985-10-13,False,CHI,H,L,10,26,1.0,1,,0,,,,0,,,0,3.0,match,1,1,False,fum_rec;blocked_kicks;def_fum_td,PFR
San Francisco 49ers,SFO,1985,7,1985-10-20,False,DET,A,L,21,23,2.0,0,,0,,,,0,,,0,2.0,match,0,0,False,fum_rec;blocked_kicks;def_fum_td,PFR
San Francisco 49ers,SFO,1985,8,1985-10-27,False,RAM,A,W,28,14,4.0,3,,0,,,,0,,,0,11.0,match,3,3,False,fum_rec;blocked_kicks;def_fum_td,PFR
San Francisco 49ers,SFO,1985,9,1985-11-03,False,PHI,H,W,24,13,4.0,3,,0,,,,0,,,0,14.0,match,3,3,False,fum_rec;blocked_kicks;def_fum_td,PFR
San Francisco 49ers,SFO,1985,10,1985-11-11,False,DEN,A,L,16,17,0.0,1,,0,,,,0,,,0,3,match,1,1,False,fum_rec;blocked_kicks;def_fum_td,PFR
San Francisco 49ers,SFO,1985,11,1985-11-17,False,KAN,H,W,31,3,3.0,0,,0,,,,0,,,0,10.0,match,0,0,False,fum_rec;blocked_kicks;def_fum_td,PFR
San Francisco 49ers,SFO,1985,12,1985-11-25,False,SEA,H,W,19,6,5.0,2,,0,,,,0,,,0,16.0,match,2,2,False,fum_rec;blocked_kicks;def_fum_td,PFR
San Francisco 49ers,SFO,1985,13,1985-12-01,False,WAS,A,W,35,8,4.0,2,,0,,,,0,,,1,18.0,match,2,2,False,fum_rec;blocked_kicks;def_fum_td,PFR
San Francisco 49ers,SFO,1985,14,1985-12-09,False,RAM,H,L,20,27,2.0,0,,0,,,,0,,,0,2.0,match,0,0,False,fum_rec;blocked_kicks;def_fum_td,PFR
San Francisco 49ers,SFO,1985,15,1985-12-15,False,NOR,A,W,31,19,5.0,0,,0,,,,0,,,0,6.0,match,0,0,False,fum_rec;blocked_kicks;def_fum_td,PFR
San Francisco 49ers,SFO,1985,16,1985-12-22,False,DAL,H,W,31,16,6.0,2,,0,,,,0,,,0,11.0,match,2,2,False,fum_rec;blocked_kicks;def_fum_td,PFR
San Francisco 49ers,SFO,1985,17,1985-12-29,True,NYG,A,L,3,17,0,1,,0,,,,0,,,0,3,match,1,1,False,fum_rec;blocked_kicks;def_fum_td,PFR
St. Louis Cardinals,STL,1985,1,1985-09-08,False,CLE,A,W,27,24,3.0,1,,0,,,,0,,,0,5.0,match,1,1,False,fum_rec;blocked_kicks;def_fum_td,PFR
St. Louis Cardinals,STL,1985,2,1985-09-15,False,CIN,H,W,41,27,2.0,0,,0,,,,0,,,0,2.0,match,0,0,False,fum_rec;blocked_kicks;def_fum_td,PFR
St. Louis Cardinals,STL,1985,3,1985-09-22,False,NYG,A,L,17,27,1.0,1,,0,,,,0,,,0,3.0,match,1,1,False,fum_rec;blocked_kicks;def_fum_td,PFR
St. Louis Cardinals,STL,1985,4,1985-09-29,False,GNB,H,W,43,28,2.0,2,,0,,,,0,,,0,5.0,match,2,2,False,fum_rec;blocked_kicks;def_fum_td,PFR
St. Louis Cardinals,STL,1985,5,1985-10-07,False,WAS,A,L,10,27,2.0,0,,0,,,,0,,,0,2.0,match,0,0,False,fum_rec;blocked_kicks;def_fum_td,PFR
St. Louis Cardinals,STL,1985,6,1985-10-13,False,PHI,A,L,7,30,0,0,,0,,,,0,,,0,-1,match,0,0,False,fum_rec;blocked_kicks;def_fum_td,PFR
St. Louis Cardinals,STL,1985,7,1985-10-20,False,PIT,A,L,10,23,0.0,1,,0,,,,0,,,0,2,match,1,1,False,fum_rec;blocked_kicks;def_fum_td,PFR
St. Louis Cardinals,STL,1985,8,1985-10-27,False,HOU,H,L,10,20,2.0,2,,0,,,,0,,,0,7.0,match,2,2,False,fum_rec;blocked_kicks;def_fum_td,PFR
St. Louis Cardinals,STL,1985,9,1985-11-04,False,DAL,H,W,21,10,4.0,1,,0,,,,0,,,0,10.0,match,1,1,False,fum_rec;blocked_kicks;def_fum_td,PFR
St. Louis Cardinals,STL,1985,10,1985-11-10,False,TAM,A,L,0,16,1.0,1,,0,,,,0,,,0,4.0,match,1,1,False,fum_rec;blocked_kicks;def_fum_td,PFR
St. Louis Cardinals,STL,1985,11,1985-11-17,False,PHI,H,L,14,24,4.0,1,,0,,,,0,,,0,6.0,match,1,1,False,fum_rec;blocked_kicks;def_fum_td,PFR
St. Louis Cardinals,STL,1985,12,1985-11-24,False,NYG,H,L,3,34,5.0,0,,0,,,,0,,,0,4.0,match,0,0,False,fum_rec;blocked_kicks;def_fum_td,PFR
St. Louis Cardinals,STL,1985,13,1985-11-28,False,DAL,A,L,17,35,0.0,1,,0,,,,0,,,0,-2,match,1,1,False,fum_rec;blocked_kicks;def_fum_td,PFR
St. Louis Cardinals,STL,1985,14,1985-12-08,False,NOR,H,W,28,16,2.0,2,,0,,,,0,,,0,7.0,match,2,2,False,fum_rec;blocked_kicks;def_fum_td,PFR
St. Louis Cardinals,STL,1985,15,1985-12-15,False,RAM,A,L,14,46,1.0,0,,0,,,,0,,,0,-3.0,match,0,0,False,fum_rec;blocked_kicks;def_fum_td,PFR
St. Louis Cardinals,STL,1985,16,1985-12-21,False,WAS,H,L,16,27,3.0,0,,0,,,,0,,,0,3.0,match,0,0,False,fum_rec;blocked_kicks;def_fum_td,PFR
Tampa Bay Buccaneers,TAM,1985,1,1985-09-08,False,CHI,A,L,28,38,3.0,1,,0,,,,0,,,0,1.0,match,1,1,False,fum_rec;blocked_kicks;def_fum_td,PFR
Tampa Bay Buccaneers,TAM,1985,2,1985-09-15,False,MIN,H,L,16,31,0.0,2,,0,,,,0,,,0,3,match,2,2,False,fum_rec;blocked_kicks;def_fum_td,PFR
Tampa Bay Buccaneers,TAM,1985,3,1985-09-22,False,NOR,A,L,13,20,2.0,0,,0,,,,0,,,0,3.0,match,0,0,False,fum_rec;blocked_kicks;def_fum_td,PFR
Tampa Bay Buccaneers,TAM,1985,4,1985-09-29,False,DET,A,L,9,30,4.0,0,,0,,,,0,,,0,3.0,match,0,0,False,fum_rec;blocked_kicks;def_fum_td,PFR
Tampa Bay Buccaneers,TAM,1985,5,1985-10-06,False,CHI,H,L,19,27,1.0,2,,0,,,,0,,,0,5.0,match,2,2,False,fum_rec;blocked_kicks;def_fum_td,PFR
Tampa Bay Buccaneers,TAM,1985,6,1985-10-13,False,RAM,H,L,27,31,7.0,1,,0,,,,0,,,0,8.0,match,1,1,False,fum_rec;blocked_kicks;def_fum_td,PFR
Tampa Bay Buccaneers,TAM,1985,7,1985-10-20,False,MIA,A,L,38,41,0,1,,0,,,,0,,,0,-2,match,1,1,False,fum_rec;blocked_kicks;def_fum_td,PFR
Tampa Bay Buccaneers,TAM,1985,8,1985-10-27,False,NWE,H,L,14,32,3.0,0,,0,,,,0,,,0,2.0,match,0,0,False,fum_rec;blocked_kicks;def_fum_td,PFR
Tampa Bay Buccaneers,TAM,1985,9,1985-11-03,False,NYG,A,L,20,22,4.0,0,,0,,,,0,,,0,4.0,match,0,0,False,fum_rec;blocked_kicks;def_fum_td,PFR
Tampa Bay Buccaneers,TAM,1985,10,1985-11-10,False,STL,H,W,16,0,2.0,2,,0,,,,0,,,0,16.0,match,2,2,False,fum_rec;blocked_kicks;def_fum_td,PFR
Tampa Bay Buccaneers,TAM,1985,11,1985-11-17,False,NYJ,A,L,28,62,1.0,1,,0,,,,0,,,0,-1.0,match,1,1,False,fum_rec;blocked_kicks;def_fum_td,PFR
Tampa Bay Buccaneers,TAM,1985,12,1985-11-24,False,DET,H,W,19,16,3.0,1,,0,,,,0,,,0,6.0,match,1,1,False,fum_rec;blocked_kicks;def_fum_td,PFR
Tampa Bay Buccaneers,TAM,1985,13,1985-12-01,False,GNB,A,L,0,21,2.0,2,,0,,,,0,,,0,6.0,match,2,2,False,fum_rec;blocked_kicks;def_fum_td,PFR
Tampa Bay Buccaneers,TAM,1985,14,1985-12-08,False,MIN,A,L,7,26,0.0,2,,0,,,,0,,,0,4,match,2,2,False,fum_rec;blocked_kicks;def_fum_td,PFR
Tampa Bay Buccaneers,TAM,1985,15,1985-12-15,False,IND,H,L,23,31,0.0,1,,0,,,,0,,,0,1,match,1,1,False,fum_rec;blocked_kicks;def_fum_td,PFR
Tampa Bay Buccaneers,TAM,1985,16,1985-12-22,False,GNB,H,L,17,20,3.0,2,,0,,,,0,,,0,8.0,match,2,2,False,fum_rec;blocked_kicks;def_fum_td,PFR
Washington Redskins,WAS,1985,1,1985-09-09,False,DAL,A,L,14,44,2.0,0,,0,,,,0,,,0,-2.0,match,0,0,False,fum_rec;blocked_kicks;def_fum_td,PFR
Washington Redskins,WAS,1985,2,1985-09-15,False,HOU,H,W,16,13,4.0,0,,0,,,,0,,,0,8.0,match,0,0,False,fum_rec;blocked_kicks;def_fum_td,PFR
Washington Redskins,WAS,1985,3,1985-09-22,False,PHI,H,L,6,19,4.0,1,,0,,,,0,,,0,7.0,match,1,1,False,fum_rec;blocked_kicks;def_fum_td,PFR
Washington Redskins,WAS,1985,4,1985-09-29,False,CHI,A,L,10,45,3.0,1,,0,,,,0,,,0,1.0,match,1,1,False,fum_rec;blocked_kicks;def_fum_td,PFR
Washington Redskins,WAS,1985,5,1985-10-07,False,STL,H,W,27,10,4.0,5,,0,,,,0,,,0,18.0,match,5,5,False,fum_rec;blocked_kicks;def_fum_td,PFR
Washington Redskins,WAS,1985,6,1985-10-13,False,DET,H,W,24,3,6.0,2,,0,,,,0,,,0,17.0,match,2,2,False,fum_rec;blocked_kicks;def_fum_td,PFR
Washington Redskins,WAS,1985,7,1985-10-20,False,NYG,A,L,3,17,1.0,3,,0,,,,0,,,0,8.0,match,3,3,False,fum_rec;blocked_kicks;def_fum_td,PFR
Washington Redskins,WAS,1985,8,1985-10-27,False,CLE,A,W,14,7,2.0,2,,0,,,,0,,,0,10.0,match,2,2,False,fum_rec;blocked_kicks;def_fum_td,PFR
Washington Redskins,WAS,1985,9,1985-11-03,False,ATL,A,W,44,10,6.0,1,,0,,,,0,,,0,12.0,match,1,1,False,fum_rec;blocked_kicks;def_fum_td,PFR
Washington Redskins,WAS,1985,10,1985-11-10,False,DAL,H,L,7,13,3.0,0,,0,,,,0,,,0,7.0,match,0,0,False,fum_rec;blocked_kicks;def_fum_td,PFR
Washington Redskins,WAS,1985,11,1985-11-18,False,NYG,H,W,23,21,4.0,1,,0,,,,0,,,0,6.0,match,1,1,False,fum_rec;blocked_kicks;def_fum_td,PFR
Washington Redskins,WAS,1985,12,1985-11-24,False,PIT,A,W,30,23,3.0,3,,0,,,,0,,,0,9.0,match,3,3,False,fum_rec;blocked_kicks;def_fum_td,PFR
Washington Redskins,WAS,1985,13,1985-12-01,False,SFO,H,L,8,35,1.0,0,,0,,,,0,,,0,-3.0,match,0,0,False,fum_rec;blocked_kicks;def_fum_td,PFR
Washington Redskins,WAS,1985,14,1985-12-08,False,PHI,A,W,17,12,2.0,2,,0,,,,0,,,0,10.0,match,2,2,False,fum_rec;blocked_kicks;def_fum_td,PFR
Washington Redskins,WAS,1985,15,1985-12-15,False,CIN,H,W,27,24,3.0,2,,0,,,,0,,,0,7.0,match,2,2,False,fum_rec;blocked_kicks;def_fum_td,PFR
Washington Redskins,WAS,1985,16,1985-12-21,False,STL,A,W,27,16,4.0,0,,0,,,,0,,,0,5.0,match,0,0,False,fum_rec;blocked_kicks;def_fum_td,PFR
Atlanta Falcons,ATL,1986,1,1986-09-07,False,NOR,A,W,31,10,2.0,2,,0,,,,0,,,0,10.0,match,2,2,False,fum_rec;blocked_kicks;def_fum_td,PFR
Atlanta Falcons,ATL,1986,2,1986-09-14,False,STL,H,W,33,13,2.0,1,,0,,,,0,,,0,8.0,match,1,1,False,fum_rec;blocked_kicks;def_fum_td,PFR
Atlanta Falcons,ATL,1986,3,1986-09-21,False,DAL,A,W,37,35,2.0,1,,0,,,,0,,,0,0.0,match,1,1,False,fum_rec;blocked_kicks;def_fum_td,PFR
Atlanta Falcons,ATL,1986,4,1986-09-28,False,TAM,A,W,23,20,1.0,1,,0,,,,0,,,0,4.0,match,1,1,False,fum_rec;blocked_kicks;def_fum_td,PFR
Atlanta Falcons,ATL,1986,5,1986-10-05,False,PHI,H,L,0,16,4.0,0,,0,,,,0,,,0,5.0,match,0,0,False,fum_rec;blocked_kicks;def_fum_td,PFR
Atlanta Falcons,ATL,1986,6,1986-10-12,False,RAM,H,W,26,14,2.0,1,,0,,,,0,,,0,5.0,match,1,1,False,fum_rec;blocked_kicks;def_fum_td,PFR
Atlanta Falcons,ATL,1986,7,1986-10-19,False,SFO,H,T,10,10,1.0,2,,0,,,,0,,,0,9.0,match,2,2,False,fum_rec;blocked_kicks;def_fum_td,PFR
Atlanta Falcons,ATL,1986,8,1986-10-26,False,RAM,A,L,7,14,0.0,2,,0,,,,0,,,0,5,match,2,2,False,fum_rec;blocked_kicks;def_fum_td,PFR
Atlanta Falcons,ATL,1986,9,1986-11-02,False,NWE,A,L,17,25,0.0,1,,0,,,,0,,,0,2,match,1,1,False,fum_rec;blocked_kicks;def_fum_td,PFR
Atlanta Falcons,ATL,1986,10,1986-11-09,False,NYJ,H,L,14,28,0,0,,0,,,,0,,,0,-1,match,0,0,False,fum_rec;blocked_kicks;def_fum_td,PFR
Atlanta Falcons,ATL,1986,11,1986-11-16,False,CHI,H,L,10,13,0,2,,0,,,,0,,,0,8,match,2,2,False,fum_rec;blocked_kicks;def_fum_td,PFR
Atlanta Falcons,ATL,1986,12,1986-11-23,False,SFO,A,L,0,20,4.0,0,,0,,,,0,,,0,5.0,match,0,0,False,fum_rec;blocked_kicks;def_fum_td,PFR
Atlanta Falcons,ATL,1986,13,1986-11-30,False,MIA,A,W,20,14,0.0,4,,0,,,,0,,,0,9,match,4,4,False,fum_rec;blocked_kicks;def_fum_td,PFR
Atlanta Falcons,ATL,1986,14,1986-12-07,False,IND,H,L,23,28,3.0,3,,0,,,,0,,,0,8.0,match,3,3,False,fum_rec;blocked_kicks;def_fum_td,PFR
Atlanta Falcons,ATL,1986,15,1986-12-14,False,NOR,H,L,9,14,1.0,1,,0,,,,0,,,0,4.0,match,1,1,False,fum_rec;blocked_kicks;def_fum_td,PFR
Atlanta Falcons,ATL,1986,16,1986-12-21,False,DET,A,W,20,6,3.0,1,,0,,,,0,,,0,12.0,match,1,1,False,fum_rec;blocked_kicks;def_fum_td,PFR
Buffalo Bills,BUF,1986,1,1986-09-07,False,NYJ,H,L,24,28,3.0,0,,0,,,,0,,,0,2.0,match,0,0,False,fum_rec;blocked_kicks;def_fum_td,PFR
Buffalo Bills,BUF,1986,2,1986-09-14,False,CIN,A,L,33,36,1.0,1,,0,,,,0,,,0,-1.0,match,1,1,False,fum_rec;blocked_kicks;def_fum_td,PFR
Buffalo Bills,BUF,1986,3,1986-09-21,False,STL,H,W,17,10,1.0,0,,0,,,,0,,,0,5.0,match,0,0,False,fum_rec;blocked_kicks;def_fum_td,PFR
Buffalo Bills,BUF,1986,4,1986-09-28,False,KAN,H,L,17,20,1.0,1,,0,,,,0,,,0,4.0,match,1,1,False,fum_rec;blocked_kicks;def_fum_td,PFR
Buffalo Bills,BUF,1986,5,1986-10-05,False,NYJ,A,L,13,14,2.0,1,,0,,,,0,,,0,5.0,match,1,1,False,fum_rec;blocked_kicks;def_fum_td,PFR
Buffalo Bills,BUF,1986,6,1986-10-12,False,MIA,A,L,14,27,1.0,1,,0,,,,0,,,0,3.0,match,1,1,False,fum_rec;blocked_kicks;def_fum_td,PFR
Buffalo Bills,BUF,1986,7,1986-10-19,False,IND,H,W,24,13,1.0,1,,0,,,,0,,,0,7.0,match,1,1,False,fum_rec;blocked_kicks;def_fum_td,PFR
Buffalo Bills,BUF,1986,8,1986-10-26,False,NWE,H,L,3,23,3.0,0,,0,,,,0,,,0,3.0,match,0,0,False,fum_rec;blocked_kicks;def_fum_td,PFR
Buffalo Bills,BUF,1986,9,1986-11-02,False,TAM,A,L,28,34,3.0,0,,0,,,,0,,,1,8.0,match,0,0,False,fum_rec;blocked_kicks;def_fum_td,PFR
Buffalo Bills,BUF,1986,10,1986-11-09,False,PIT,H,W,16,12,1.0,1,,0,,,,0,,,0,7.0,match,1,1,False,fum_rec;blocked_kicks;def_fum_td,PFR
Buffalo Bills,BUF,1986,11,1986-11-16,False,MIA,H,L,24,34,2.0,0,,0,,,,0,,,0,1.0,match,0,0,False,fum_rec;blocked_kicks;def_fum_td,PFR
Buffalo Bills,BUF,1986,12,1986-11-23,False,NWE,A,L,19,22,6.0,1,,0,,,,0,,,0,8.0,match,1,1,False,fum_rec;blocked_kicks;def_fum_td,PFR
Buffalo Bills,BUF,1986,13,1986-11-30,False,KAN,A,W,17,14,3.0,3,,0,,,,0,,,0,10.0,match,3,3,False,fum_rec;blocked_kicks;def_fum_td,PFR
Buffalo Bills,BUF,1986,14,1986-12-07,False,CLE,H,L,17,21,3.0,0,,0,,,,0,,,0,3.0,match,0,0,False,fum_rec;blocked_kicks;def_fum_td,PFR
Buffalo Bills,BUF,1986,15,1986-12-14,False,IND,A,L,14,24,3.0,0,,0,,,,0,,,0,3.0,match,0,0,False,fum_rec;blocked_kicks;def_fum_td,PFR
Buffalo Bills,BUF,1986,16,1986-12-21,False,HOU,A,L,7,16,2.0,0,,0,,,,0,,,0,3.0,match,0,0,False,fum_rec;blocked_kicks;def_fum_td,PFR
Chicago Bears,CHI,1986,1,1986-09-07,False,CLE,H,W,41,31,1.0,1,,0,,,,0,,,1,8.0,match,1,1,False,fum_rec;blocked_kicks;def_fum_td,PFR
Chicago Bears,CHI,1986,2,1986-09-14,False,PHI,H,W,13,10,3.0,4,,0,,,,0,,,0,15.0,match,4,4,False,fum_rec;blocked_kicks;def_fum_td,PFR
Chicago Bears,CHI,1986,3,1986-09-22,False,GNB,A,W,25,12,4.0,1,,0,,,,0,,,0,10.0,match,1,1,False,fum_rec;blocked_kicks;def_fum_td,PFR
Chicago Bears,CHI,1986,4,1986-09-28,False,CIN,A,W,44,7,4.0,5,,0,,,,0,,,0,18.0,match,5,5,False,fum_rec;blocked_kicks;def_fum_td,PFR
Chicago Bears,CHI,1986,5,1986-10-05,False,MIN,H,W,23,0,7.0,2,,0,,,,0,,,0,21.0,match,2,2,False,fum_rec;blocked_kicks;def_fum_td,PFR
Chicago Bears,CHI,1986,6,1986-10-12,False,HOU,A,W,20,7,5.0,1,,0,,,,0,,,0,11.0,match,1,1,False,fum_rec;blocked_kicks;def_fum_td,PFR
Chicago Bears,CHI,1986,7,1986-10-19,False,MIN,A,L,7,23,2.0,0,,0,,,,0,,,0,2.0,match,0,0,False,fum_rec;blocked_kicks;def_fum_td,PFR
Chicago Bears,CHI,1986,8,1986-10-26,False,DET,H,W,13,7,3.0,2,,0,,,,0,,,0,11.0,match,2,2,False,fum_rec;blocked_kicks;def_fum_td,PFR
Chicago Bears,CHI,1986,9,1986-11-03,False,RAM,H,L,17,20,0.0,1,,0,,,,0,,,0,3,match,1,1,False,fum_rec;blocked_kicks;def_fum_td,PFR
Chicago Bears,CHI,1986,10,1986-11-09,False,TAM,A,W,23,3,5.0,1,,0,,,,0,,,0,14.0,match,1,1,False,fum_rec;blocked_kicks;def_fum_td,PFR
Chicago Bears,CHI,1986,11,1986-11-16,False,ATL,A,W,13,10,5.0,3,,0,,,,0,,,0,15.0,match,3,3,False,fum_rec;blocked_kicks;def_fum_td,PFR
Chicago Bears,CHI,1986,12,1986-11-23,False,GNB,H,W,12,10,6.0,2,,0,,,,0,,,0,14.0,match,2,2,False,fum_rec;blocked_kicks;def_fum_td,PFR
Chicago Bears,CHI,1986,13,1986-11-30,False,PIT,H,W,13,10,1.0,2,,0,,,,0,,,0,9.0,match,2,2,False,fum_rec;blocked_kicks;def_fum_td,PFR
Chicago Bears,CHI,1986,14,1986-12-07,False,TAM,H,W,48,14,3.0,2,,0,,,,0,,,1,14.0,match,2,2,False,fum_rec;blocked_kicks;def_fum_td,PFR
Chicago Bears,CHI,1986,15,1986-12-15,False,DET,A,W,16,13,6.0,1,,0,,,,0,,,0,12.0,match,1,1,False,fum_rec;blocked_kicks;def_fum_td,PFR
Chicago Bears,CHI,1986,16,1986-12-21,False,DAL,A,W,24,10,7.0,3,,0,,,,0,,,0,17.0,match,3,3,False,fum_rec;blocked_kicks;def_fum_td,PFR
Chicago Bears,CHI,1986,17,1987-01-03,True,WAS,H,L,13,27,2.0,1,,0,,,,0,,,0,4.0,match,1,1,False,fum_rec;blocked_kicks;def_fum_td,PFR
Cincinnati Bengals,CIN,1986,1,1986-09-07,False,KAN,A,L,14,24,5.0,1,,0,,,,0,,,0,7.0,match,1,1,False,fum_rec;blocked_kicks;def_fum_td,PFR
Cincinnati Bengals,CIN,1986,2,1986-09-14,False,BUF,H,W,36,33,2.0,2,,0,,,,0,,,0,5.0,match,2,2,False,fum_rec;blocked_kicks;def_fum_td,PFR
Cincinnati Bengals,CIN,1986,3,1986-09-18,False,CLE,A,W,30,13,4.0,0,,0,,,,0,,,0,8.0,match,0,0,False,fum_rec;blocked_kicks;def_fum_td,PFR
Cincinnati Bengals,CIN,1986,4,1986-09-28,False,CHI,H,L,7,44,1.0,1,,0,,,,0,,,0,-1.0,match,1,1,False,fum_rec;blocked_kicks;def_fum_td,PFR
Cincinnati Bengals,CIN,1986,5,1986-10-05,False,GNB,A,W,34,28,3.0,1,,0,,,,0,,,0,4.0,match,1,1,False,fum_rec;blocked_kicks;def_fum_td,PFR
Cincinnati Bengals,CIN,1986,6,1986-10-13,False,PIT,H,W,24,22,1.0,0,,0,,,,0,,,0,1.0,match,0,0,False,fum_rec;blocked_kicks;def_fum_td,PFR
Cincinnati Bengals,CIN,1986,7,1986-10-19,False,HOU,H,W,31,28,2.0,2,,0,,,,0,,,0,5.0,match,2,2,False,fum_rec;blocked_kicks;def_fum_td,PFR
Cincinnati Bengals,CIN,1986,8,1986-10-26,False,PIT,A,L,9,30,1.0,0,,0,,,,0,,,0,0.0,match,0,0,False,fum_rec;blocked_kicks;def_fum_td,PFR
Cincinnati Bengals,CIN,1986,9,1986-11-02,False,DET,A,W,24,17,3.0,2,,0,,,,0,,,0,8.0,match,2,2,False,fum_rec;blocked_kicks;def_fum_td,PFR
Cincinnati Bengals,CIN,1986,10,1986-11-09,False,HOU,A,L,28,32,1.0,0,,0,,,,0,,,0,0.0,match,0,0,False,fum_rec;blocked_kicks;def_fum_td,PFR
Cincinnati Bengals,CIN,1986,11,1986-11-16,False,SEA,H,W,34,7,5.0,2,,0,,,,0,,,0,13.0,match,2,2,False,fum_rec;blocked_kicks;def_fum_td,PFR
Cincinnati Bengals,CIN,1986,12,1986-11-23,False,MIN,H,W,24,20,3.0,1,,0,,,,0,,,0,6.0,match,1,1,False,fum_rec;blocked_kicks;def_fum_td,PFR
Cincinnati Bengals,CIN,1986,13,1986-11-30,False,DEN,A,L,28,34,1.0,0,,0,,,,0,,,0,0.0,match,0,0,False,fum_rec;blocked_kicks;def_fum_td,PFR
Cincinnati Bengals,CIN,1986,14,1986-12-07,False,NWE,A,W,31,7,6.0,2,,0,,,,0,,,0,14.0,match,2,2,False,fum_rec;blocked_kicks;def_fum_td,PFR
Cincinnati Bengals,CIN,1986,15,1986-12-14,False,CLE,H,L,3,34,0,0,,0,,,,0,,,0,-1,match,0,0,False,fum_rec;blocked_kicks;def_fum_td,PFR
Cincinnati Bengals,CIN,1986,16,1986-12-21,False,NYJ,H,W,52,21,4.0,3,,0,,,,0,,,0,10.0,match,3,3,False,fum_rec;blocked_kicks;def_fum_td,PFR
Cleveland Browns,CLE,1986,1,1986-09-07,False,CHI,A,L,31,41,1.0,0,,0,,,,0,,,0,-3.0,match,0,0,False,fum_rec;blocked_kicks;def_fum_td,PFR
Cleveland Browns,CLE,1986,2,1986-09-14,False,HOU,A,W,23,20,0.0,3,,0,,,,0,,,0,7,match,3,3,False,fum_rec;blocked_kicks;def_fum_td,PFR
Cleveland Browns,CLE,1986,3,1986-09-18,False,CIN,H,L,13,30,1.0,1,,0,,,,0,,,0,2.0,match,1,1,False,fum_rec;blocked_kicks;def_fum_td,PFR
Cleveland Browns,CLE,1986,4,1986-09-28,False,DET,H,W,24,21,3.0,0,,0,,,,0,,,1,9.0,match,0,0,False,fum_rec;blocked_kicks;def_fum_td,PFR
Cleveland Browns,CLE,1986,5,1986-10-05,False,PIT,A,W,27,24,2.0,1,,0,,,,0,,,1,10.0,match,1,1,False,fum_rec;blocked_kicks;def_fum_td,PFR
Cleveland Browns,CLE,1986,6,1986-10-12,False,KAN,H,W,20,7,4.0,1,,0,,,,0,,,0,10.0,match,1,1,False,fum_rec;blocked_kicks;def_fum_td,PFR
Cleveland Browns,CLE,1986,7,1986-10-19,False,GNB,H,L,14,17,1.0,0,,0,,,,0,,,0,2.0,match,0,0,False,fum_rec;blocked_kicks;def_fum_td,PFR
Cleveland Browns,CLE,1986,8,1986-10-26,False,MIN,A,W,23,20,4.0,1,,0,,,,0,,,0,7.0,match,1,1,False,fum_rec;blocked_kicks;def_fum_td,PFR
Cleveland Browns,CLE,1986,9,1986-11-02,False,IND,A,W,24,9,7.0,0,,0,,,,0,,,0,11.0,match,0,0,False,fum_rec;blocked_kicks;def_fum_td,PFR
Cleveland Browns,CLE,1986,10,1986-11-10,False,MIA,H,W,26,16,0.0,1,,0,,,,0,,,0,3,match,1,1,False,fum_rec;blocked_kicks;def_fum_td,PFR
Cleveland Browns,CLE,1986,11,1986-11-16,False,RAI,A,L,14,27,2.0,0,,0,,,,0,,,0,2.0,match,0,0,False,fum_rec;blocked_kicks;def_fum_td,PFR
Cleveland Browns,CLE,1986,12,1986-11-23,False,PIT,H,W,37,31,1.0,1,,0,,,,0,,,0,2.0,match,1,1,False,fum_rec;blocked_kicks;def_fum_td,PFR
Cleveland Browns,CLE,1986,13,1986-11-30,False,HOU,H,W,13,10,2.0,6,,0,,,,0,,,0,18.0,match,6,6,False,fum_rec;blocked_kicks;def_fum_td,PFR
Cleveland Browns,CLE,1986,14,1986-12-07,False,BUF,A,W,21,17,2.0,0,,0,,,,0,,,0,3.0,match,0,0,False,fum_rec;blocked_kicks;def_fum_td,PFR
Cleveland Browns,CLE,1986,15,1986-12-14,False,CIN,A,W,34,3,2.0,2,,0,,,,0,,,0,13.0,match,2,2,False,fum_rec;blocked_kicks;def_fum_td,PFR
Cleveland Browns,CLE,1986,16,1986-12-21,False,SDG,H,W,47,17,3.0,1,,0,,,,0,,,0,6.0,match,1,1,False,fum_rec;blocked_kicks;def_fum_td,PFR
Cleveland Browns,CLE,1986,17,1987-01-03,True,NYJ,H,W,23,20,9.0,0,,0,,,,0,,,0,10.0,match,0,0,False,fum_rec;blocked_kicks;def_fum_td,PFR
Cleveland Browns,CLE,1986,18,1987-01-11,True,DEN,H,L,20,23,2.0,1,,0,,,,0,,,0,4.0,match,1,1,False,fum_rec;blocked_kicks;def_fum_td,PFR
Dallas Cowboys,DAL,1986,1,1986-09-08,False,NYG,H,W,31,28,4.0,1,,0,,,,0,,,0,5.0,match,1,1,False,fum_rec;blocked_kicks;def_fum_td,PFR
Dallas Cowboys,DAL,1986,2,1986-09-14,False,DET,A,W,31,7,2.0,0,,0,,,,0,,,0,6.0,match,0,0,False,fum_rec;blocked_kicks;def_fum_td,PFR
Dallas Cowboys,DAL,1986,3,1986-09-21,False,ATL,H,L,35,37,5.0,0,,0,,,,0,,,0,1.0,match,0,0,False,fum_rec;blocked_kicks;def_fum_td,PFR
Dallas Cowboys,DAL,1986,4,1986-09-29,False,STL,A,W,31,7,2.0,4,,0,,,,0,,,0,14.0,match,4,4,False,fum_rec;blocked_kicks;def_fum_td,PFR
Dallas Cowboys,DAL,1986,5,1986-10-05,False,DEN,A,L,14,29,1.0,0,,0,,,,0,,,0,0.0,match,0,0,False,fum_rec;blocked_kicks;def_fum_td,PFR
Dallas Cowboys,DAL,1986,6,1986-10-12,False,WAS,H,W,30,6,4.0,1,,0,,,,0,,,0,13.0,match,1,1,False,fum_rec;blocked_kicks;def_fum_td,PFR
Dallas Cowboys,DAL,1986,7,1986-10-19,False,PHI,A,W,17,14,10.0,0,,0,,,,0,,,0,11.0,match,0,0,False,fum_rec;blocked_kicks;def_fum_td,PFR
Dallas Cowboys,DAL,1986,8,1986-10-26,False,STL,H,W,37,6,3.0,0,,0,,,,0,,,0,10.0,match,0,0,False,fum_rec;blocked_kicks;def_fum_td,PFR
Dallas Cowboys,DAL,1986,9,1986-11-02,False,NYG,A,L,14,17,3.0,1,,0,,,,0,,,0,6.0,match,1,1,False,fum_rec;blocked_kicks;def_fum_td,PFR
Dallas Cowboys,DAL,1986,10,1986-11-09,False,RAI,H,L,13,17,5.0,3,,0,,,,0,,,0,12.0,match,3,3,False,fum_rec;blocked_kicks;def_fum_td,PFR
Dallas Cowboys,DAL,1986,11,1986-11-16,False,SDG,A,W,24,21,4.0,0,,0,,,,0,,,0,4.0,match,0,0,False,fum_rec;blocked_kicks;def_fum_td,PFR
Dallas Cowboys,DAL,1986,12,1986-11-23,False,WAS,A,L,14,41,1.0,1,,0,,,,0,,,0,-1.0,match,1,1,False,fum_rec;blocked_kicks;def_fum_td,PFR
Dallas Cowboys,DAL,1986,13,1986-11-27,False,SEA,H,L,14,31,0,1,,0,,,,0,,,0,1,match,1,1,False,fum_rec;blocked_kicks;def_fum_td,PFR
Dallas Cowboys,DAL,1986,14,1986-12-07,False,RAM,A,L,10,29,1.0,1,,0,,,,0,,,0,2.0,match,1,1,False,fum_rec;blocked_kicks;def_fum_td,PFR
Dallas Cowboys,DAL,1986,15,1986-12-14,False,PHI,H,L,21,23,5.0,1,,0,,,,0,,,0,7.0,match,1,1,False,fum_rec;blocked_kicks;def_fum_td,PFR
Dallas Cowboys,DAL,1986,16,1986-12-21,False,CHI,H,L,10,24,3.0,3,,0,,,,0,,,0,9.0,match,3,3,False,fum_rec;blocked_kicks;def_fum_td,PFR
Denver Broncos,DEN,1986,1,1986-09-07,False,RAI,H,W,38,36,3.0,0,,0,,,,0,,,0,-1.0,match,0,0,False,fum_rec;blocked_kicks;def_fum_td,PFR
Denver Broncos,DEN,1986,2,1986-09-15,False,PIT,A,W,21,10,1.0,2,,0,,,,0,,,0,9.0,match,2,2,False,fum_rec;blocked_kicks;def_fum_td,PFR
Denver Broncos,DEN,1986,3,1986-09-21,False,PHI,A,W,33,7,5.0,1,,0,,,,0,,,0,11.0,match,1,1,False,fum_rec;blocked_kicks;def_fum_td,PFR
Denver Broncos,DEN,1986,4,1986-09-28,False,NWE,H,W,27,20,5.0,1,,0,,,,0,,,0,8.0,match,1,1,False,fum_rec;blocked_kicks;def_fum_td,PFR
Denver Broncos,DEN,1986,5,1986-10-05,False,DAL,H,W,29,14,5.0,3,,0,,,,0,,,0,12.0,match,3,3,False,fum_rec;blocked_kicks;def_fum_td,PFR
Denver Broncos,DEN,1986,6,1986-10-12,False,SDG,A,W,31,14,5.0,2,,0,,,,0,,,1,16.0,match,2,2,False,fum_rec;blocked_kicks;def_fum_td,PFR
Denver Broncos,DEN,1986,7,1986-10-20,False,NYJ,A,L,10,22,5.0,0,,0,,,,0,,,0,5.0,match,0,0,False,fum_rec;blocked_kicks;def_fum_td,PFR
Denver Broncos,DEN,1986,8,1986-10-26,False,SEA,H,W,20,13,5.0,0,,0,,,,0,,,0,9.0,match,0,0,False,fum_rec;blocked_kicks;def_fum_td,PFR
Denver Broncos,DEN,1986,9,1986-11-02,False,RAI,A,W,21,10,4.0,4,,0,,,,0,,,0,16.0,match,4,4,False,fum_rec;blocked_kicks;def_fum_td,PFR
Denver Broncos,DEN,1986,10,1986-11-09,False,SDG,H,L,3,9,1.0,1,,0,,,,0,,,0,7.0,match,1,1,False,fum_rec;blocked_kicks;def_fum_td,PFR
Denver Broncos,DEN,1986,11,1986-11-16,False,KAN,H,W,38,17,5.0,1,,0,,,,0,,,1,14.0,match,1,1,False,fum_rec;blocked_kicks;def_fum_td,PFR
Denver Broncos,DEN,1986,12,1986-11-23,False,NYG,A,L,16,19,3.0,0,,0,,,,0,,,0,4.0,match,0,0,False,fum_rec;blocked_kicks;def_fum_td,PFR
Denver Broncos,DEN,1986,13,1986-11-30,False,CIN,H,W,34,28,1.0,1,,0,,,,0,,,0,2.0,match,1,1,False,fum_rec;blocked_kicks;def_fum_td,PFR
Denver Broncos,DEN,1986,14,1986-12-07,False,KAN,A,L,10,37,0.0,0,,0,,,,0,,,0,-4,match,0,0,False,fum_rec;blocked_kicks;def_fum_td,PFR
Denver Broncos,DEN,1986,15,1986-12-13,False,WAS,H,W,31,30,0,2,,0,,,,0,,,0,3,match,2,2,False,fum_rec;blocked_kicks;def_fum_td,PFR
Denver Broncos,DEN,1986,16,1986-12-20,False,SEA,A,L,16,41,0,0,,0,,,,0,,,0,-4,match,0,0,False,fum_rec;blocked_kicks;def_fum_td,PFR
Denver Broncos,DEN,1986,17,1987-01-04,True,NWE,H,W,22,17,5.0,0,,1,,,,0,,,0,8.0,match,0,0,False,fum_rec;blocked_kicks;def_fum_td,PFR
Denver Broncos,DEN,1986,18,1987-01-11,True,CLE,A,W,23,20,1.0,2,,0,,,,0,,,0,6.0,match,2,2,False,fum_rec;blocked_kicks;def_fum_td,PFR
Denver Broncos,DEN,1986,19,1987-01-25,True,NYG,N,L,20,39,1.0,0,,0,,,,0,,,0,-3.0,match,0,0,False,fum_rec;blocked_kicks;def_fum_td,PFR
Detroit Lions,DET,1986,1,1986-09-07,False,MIN,A,W,13,10,2.0,1,,0,,,,0,,,0,8.0,match,1,1,False,fum_rec;blocked_kicks;def_fum_td,PFR
Detroit Lions,DET,1986,2,1986-09-14,False,DAL,H,L,7,31,1.0,2,,0,,,,0,,,0,4.0,match,2,2,False,fum_rec;blocked_kicks;def_fum_td,PFR
Detroit Lions,DET,1986,3,1986-09-21,False,TAM,H,L,20,24,1.0,0,,0,,,,0,,,0,1.0,match,0,0,False,fum_rec;blocked_kicks;def_fum_td,PFR
Detroit Lions,DET,1986,4,1986-09-28,False,CLE,A,L,21,24,1.0,0,,0,,,,0,,,0,1.0,match,0,0,False,fum_rec;blocked_kicks;def_fum_td,PFR
Detroit Lions,DET,1986,5,1986-10-05,False,HOU,H,W,24,13,0.0,3,,0,,,,0,,,0,10,match,3,3,False,fum_rec;blocked_kicks;def_fum_td,PFR
Detroit Lions,DET,1986,6,1986-10-12,False,GNB,A,W,21,14,2.0,1,,0,,,,0,,,0,5.0,match,1,1,False,fum_rec;blocked_kicks;def_fum_td,PFR
Detroit Lions,DET,1986,7,1986-10-19,False,RAM,A,L,10,14,3.0,0,,0,,,,0,,,0,4.0,match,0,0,False,fum_rec;blocked_kicks;def_fum_td,PFR
Detroit Lions,DET,1986,8,1986-10-26,False,CHI,A,L,7,13,3.0,2,,0,,,,0,,,0,11.0,match,2,2,False,fum_rec;blocked_kicks;def_fum_td,PFR
Detroit Lions,DET,1986,9,1986-11-02,False,CIN,H,L,17,24,1.0,1,,0,,,,0,,,0,3.0,match,1,1,False,fum_rec;blocked_kicks;def_fum_td,PFR
Detroit Lions,DET,1986,10,1986-11-09,False,MIN,H,L,10,24,2.0,2,,0,,,,0,,,0,6.0,match,2,2,False,fum_rec;blocked_kicks;def_fum_td,PFR
Detroit Lions,DET,1986,11,1986-11-16,False,PHI,A,W,13,11,11.0,3,,0,,,,0,,,0,21.0,match,3,3,False,fum_rec;blocked_kicks;def_fum_td,PFR
Detroit Lions,DET,1986,12,1986-11-23,False,TAM,A,W,38,17,4.0,2,,0,,,,0,,,0,9.0,match,2,2,False,fum_rec;blocked_kicks;def_fum_td,PFR
Detroit Lions,DET,1986,13,1986-11-27,False,GNB,H,L,40,44,2.0,1,,0,,,,0,,,0,0.0,match,1,1,False,fum_rec;blocked_kicks;def_fum_td,PFR
Detroit Lions,DET,1986,14,1986-12-07,False,PIT,A,L,17,27,2.0,2,,0,,,,0,,,0,6.0,match,2,2,False,fum_rec;blocked_kicks;def_fum_td,PFR
Detroit Lions,DET,1986,15,1986-12-15,False,CHI,H,L,13,16,2.0,1,,0,,,,0,,,0,5.0,match,1,1,False,fum_rec;blocked_kicks;def_fum_td,PFR
Detroit Lions,DET,1986,16,1986-12-21,False,ATL,H,L,6,20,3.0,1,,0,,,,0,,,1,12.0,match,1,1,False,fum_rec;blocked_kicks;def_fum_td,PFR
Green Bay Packers,GNB,1986,1,1986-09-07,False,HOU,H,L,3,31,0,1,,0,,,,0,,,0,1,match,1,1,False,fum_rec;blocked_kicks;def_fum_td,PFR
Green Bay Packers,GNB,1986,2,1986-09-14,False,NOR,A,L,10,24,1.0,2,,0,,,,0,,,0,5.0,match,2,2,False,fum_rec;blocked_kicks;def_fum_td,PFR
Green Bay Packers,GNB,1986,3,1986-09-22,False,CHI,H,L,12,25,0,1,,0,,,,0,,,0,2,match,1,1,False,fum_rec;blocked_kicks;def_fum_td,PFR
Green Bay Packers,GNB,1986,4,1986-09-28,False,MIN,A,L,7,42,1.0,1,,0,,,,0,,,0,-1.0,match,1,1,False,fum_rec;blocked_kicks;def_fum_td,PFR
Green Bay Packers,GNB,1986,5,1986-10-05,False,CIN,H,L,28,34,3.0,0,,0,,,,0,,,0,2.0,match,0,0,False,fum_rec;blocked_kicks;def_fum_td,PFR
Green Bay Packers,GNB,1986,6,1986-10-12,False,DET,H,L,14,21,0.0,1,,0,,,,0,,,0,2,match,1,1,False,fum_rec;blocked_kicks;def_fum_td,PFR
Green Bay Packers,GNB,1986,7,1986-10-19,False,CLE,A,W,17,14,3.0,1,,0,,,,0,,,0,6.0,match,1,1,False,fum_rec;blocked_kicks;def_fum_td,PFR
Green Bay Packers,GNB,1986,8,1986-10-26,False,SFO,H,L,17,31,2.0,1,,0,,,,0,,,0,3.0,match,1,1,False,fum_rec;blocked_kicks;def_fum_td,PFR
Green Bay Packers,GNB,1986,9,1986-11-02,False,PIT,A,L,3,27,0,0,,0,,,,0,,,0,0,match,0,0,False,fum_rec;blocked_kicks;def_fum_td,PFR
Green Bay Packers,GNB,1986,10,1986-11-09,False,WAS,H,L,7,16,0.0,0,,0,,,,0,,,0,1,match,0,0,False,fum_rec;blocked_kicks;def_fum_td,PFR
Green Bay Packers,GNB,1986,11,1986-11-16,False,TAM,H,W,31,7,6.0,2,,0,,,,0,,,0,14.0,match,2,2,False,fum_rec;blocked_kicks;def_fum_td,PFR
Green Bay Packers,GNB,1986,12,1986-11-23,False,CHI,A,L,10,12,0.0,3,,0,,,,0,,,0,10,match,3,3,False,fum_rec;blocked_kicks;def_fum_td,PFR
Green Bay Packers,GNB,1986,13,1986-11-27,False,DET,A,W,44,40,2.0,2,,0,,,,0,,,1,8.0,match,2,2,False,fum_rec;blocked_kicks;def_fum_td,PFR
Green Bay Packers,GNB,1986,14,1986-12-07,False,MIN,H,L,6,32,1.0,1,,0,,,,0,,,0,2.0,match,1,1,False,fum_rec;blocked_kicks;def_fum_td,PFR
Green Bay Packers,GNB,1986,15,1986-12-14,False,TAM,A,W,21,7,7.0,2,,0,,,,0,,,0,15.0,match,2,2,False,fum_rec;blocked_kicks;def_fum_td,PFR
Green Bay Packers,GNB,1986,16,1986-12-20,False,NYG,A,L,24,55,2.0,2,,0,,,,0,,,0,2.0,match,2,2,False,fum_rec;blocked_kicks;def_fum_td,PFR
Houston Oilers,HOU,1986,1,1986-09-07,False,GNB,A,W,31,3,1.0,1,,0,,,,0,,,0,10.0,match,1,1,False,fum_rec;blocked_kicks;def_fum_td,PFR
Houston Oilers,HOU,1986,2,1986-09-14,False,CLE,H,L,20,23,3.0,0,,0,,,,0,,,0,3.0,match,0,0,False,fum_rec;blocked_kicks;def_fum_td,PFR
Houston Oilers,HOU,1986,3,1986-09-21,False,KAN,A,L,13,27,6.0,0,,0,,,,0,,,0,6.0,match,0,0,False,fum_rec;blocked_kicks;def_fum_td,PFR
Houston Oilers,HOU,1986,4,1986-09-28,False,PIT,H,L,16,22,0,1,,0,,,,0,,,0,2,match,1,1,False,fum_rec;blocked_kicks;def_fum_td,PFR
Houston Oilers,HOU,1986,5,1986-10-05,False,DET,A,L,13,24,2.0,0,,0,,,,0,,,0,2.0,match,0,0,False,fum_rec;blocked_kicks;def_fum_td,PFR
Houston Oilers,HOU,1986,6,1986-10-12,False,CHI,H,L,7,20,1.0,1,,0,,,,0,,,0,4.0,match,1,1,False,fum_rec;blocked_kicks;def_fum_td,PFR
Houston Oilers,HOU,1986,7,1986-10-19,False,CIN,A,L,28,31,1.0,0,,0,,,,0,,,0,0.0,match,0,0,False,fum_rec;blocked_kicks;def_fum_td,PFR
Houston Oilers,HOU,1986,8,1986-10-26,False,RAI,H,L,17,28,2.0,1,,0,,,,0,,,0,3.0,match,1,1,False,fum_rec;blocked_kicks;def_fum_td,PFR
Houston Oilers,HOU,1986,9,1986-11-02,False,MIA,A,L,7,28,1.0,2,,0,,,,0,,,0,4.0,match,2,2,False,fum_rec;blocked_kicks;def_fum_td,PFR
Houston Oilers,HOU,1986,10,1986-11-09,False,CIN,H,W,32,28,1.0,2,,0,,,,0,,,0,4.0,match,2,2,False,fum_rec;blocked_kicks;def_fum_td,PFR
Houston Oilers,HOU,1986,11,1986-11-16,False,PIT,A,L,10,21,1.0,0,,0,,,,0,,,0,1.0,match,0,0,False,fum_rec;blocked_kicks;def_fum_td,PFR
Houston Oilers,HOU,1986,12,1986-11-23,False,IND,H,W,31,17,2.0,1,,0,,,,0,,,0,5.0,match,1,1,False,fum_rec;blocked_kicks;def_fum_td,PFR
Houston Oilers,HOU,1986,13,1986-11-30,False,CLE,A,L,10,13,2.0,3,,0,,,,0,,,0,12.0,match,3,3,False,fum_rec;blocked_kicks;def_fum_td,PFR
Houston Oilers,HOU,1986,14,1986-12-07,False,SDG,A,L,0,27,1.0,0,,0,,,,0,,,0,1.0,match,0,0,False,fum_rec;blocked_kicks;def_fum_td,PFR
Houston Oilers,HOU,1986,15,1986-12-14,False,MIN,H,W,23,10,2.0,3,,0,,,,0,,,0,12.0,match,3,3,False,fum_rec;blocked_kicks;def_fum_td,PFR
Houston Oilers,HOU,1986,16,1986-12-21,False,BUF,H,W,16,7,6.0,1,,0,,,,0,,,0,12.0,match,1,1,False,fum_rec;blocked_kicks;def_fum_td,PFR
Indianapolis Colts,IND,1986,1,1986-09-07,False,NWE,A,L,3,33,1.0,0,,0,,,,0,,,0,0.0,match,0,0,False,fum_rec;blocked_kicks;def_fum_td,PFR
Indianapolis Colts,IND,1986,2,1986-09-14,False,MIA,A,L,10,30,0,1,,0,,,,0,,,0,1,match,1,1,False,fum_rec;blocked_kicks;def_fum_td,PFR
Indianapolis Colts,IND,1986,3,1986-09-21,False,RAM,H,L,7,24,0,0,,0,,,,0,,,0,0,match,0,0,False,fum_rec;blocked_kicks;def_fum_td,PFR
Indianapolis Colts,IND,1986,4,1986-09-28,False,NYJ,H,L,7,26,2.0,2,,0,,,,0,,,0,6.0,match,2,2,False,fum_rec;blocked_kicks;def_fum_td,PFR
Indianapolis Colts,IND,1986,5,1986-10-05,False,SFO,A,L,14,35,4.0,0,,0,,,,0,,,0,0.0,match,0,0,False,fum_rec;blocked_kicks;def_fum_td,PFR
Indianapolis Colts,IND,1986,6,1986-10-12,False,NOR,H,L,14,17,0,3,,0,,,,0,,,0,7,match,3,3,False,fum_rec;blocked_kicks;def_fum_td,PFR
Indianapolis Colts,IND,1986,7,1986-10-19,False,BUF,A,L,13,24,1.0,2,,0,,,,0,,,0,5.0,match,2,2,False,fum_rec;blocked_kicks;def_fum_td,PFR
Indianapolis Colts,IND,1986,8,1986-10-26,False,MIA,H,L,13,17,0,0,,0,,,,0,,,0,1,match,0,0,False,fum_rec;blocked_kicks;def_fum_td,PFR
Indianapolis Colts,IND,1986,9,1986-11-02,False,CLE,H,L,9,24,3.0,0,,0,,,,0,,,0,3.0,match,0,0,False,fum_rec;blocked_kicks;def_fum_td,PFR
Indianapolis Colts,IND,1986,10,1986-11-09,False,NWE,H,L,21,30,2.0,1,,0,,,,0,,,0,3.0,match,1,1,False,fum_rec;blocked_kicks;def_fum_td,PFR
Indianapolis Colts,IND,1986,11,1986-11-16,False,NYJ,A,L,16,31,2.0,2,,0,,,,0,,,0,5.0,match,2,2,False,fum_rec;blocked_kicks;def_fum_td,PFR
Indianapolis Colts,IND,1986,12,1986-11-23,False,HOU,A,L,17,31,1.0,2,,0,,,,0,,,0,4.0,match,2,2,False,fum_rec;blocked_kicks;def_fum_td,PFR
Indianapolis Colts,IND,1986,13,1986-11-30,False,SDG,H,L,3,17,0.0,2,,0,,,,0,,,0,5,match,2,2,False,fum_rec;blocked_kicks;def_fum_td,PFR
Indianapolis Colts,IND,1986,14,1986-12-07,False,ATL,A,W,28,23,3.0,0,,0,,,,0,,,0,3.0,match,0,0,False,fum_rec;blocked_kicks;def_fum_td,PFR
Indianapolis Colts,IND,1986,15,1986-12-14,False,BUF,H,W,24,14,2.0,1,,0,,,,0,,,0,5.0,match,1,1,False,fum_rec;blocked_kicks;def_fum_td,PFR
Indianapolis Colts,IND,1986,16,1986-12-21,False,RAI,A,W,30,24,3.0,0,,0,,,,0,,,0,3.0,match,0,0,False,fum_rec;blocked_kicks;def_fum_td,PFR
Kansas City Chiefs,KAN,1986,1,1986-09-07,False,CIN,H,W,24,14,3.0,1,,0,,,,0,,,0,6.0,match,1,1,False,fum_rec;blocked_kicks;def_fum_td,PFR
Kansas City Chiefs,KAN,1986,2,1986-09-14,False,SEA,A,L,17,23,0.0,1,,0,,,,0,,,0,2,match,1,1,False,fum_rec;blocked_kicks;def_fum_td,PFR
Kansas City Chiefs,KAN,1986,3,1986-09-21,False,HOU,H,W,27,13,7.0,2,,0,,,,0,,,0,15.0,match,2,2,False,fum_rec;blocked_kicks;def_fum_td,PFR
Kansas City Chiefs,KAN,1986,4,1986-09-28,False,BUF,A,W,20,17,3.0,3,,0,,,,0,,,0,10.0,match,3,3,False,fum_rec;blocked_kicks;def_fum_td,PFR
Kansas City Chiefs,KAN,1986,5,1986-10-05,False,RAI,H,L,17,24,3.0,1,,0,,,,0,,,0,5.0,match,1,1,False,fum_rec;blocked_kicks;def_fum_td,PFR
Kansas City Chiefs,KAN,1986,6,1986-10-12,False,CLE,A,L,7,20,1.0,1,,0,,,,0,,,0,4.0,match,1,1,False,fum_rec;blocked_kicks;def_fum_td,PFR
Kansas City Chiefs,KAN,1986,7,1986-10-19,False,SDG,H,W,42,41,0.0,4,,0,,,,0,,,0,4,match,4,4,False,fum_rec;blocked_kicks;def_fum_td,PFR
Kansas City Chiefs,KAN,1986,8,1986-10-26,False,TAM,H,W,27,20,5.0,1,,0,,,,0,,,0,8.0,match,1,1,False,fum_rec;blocked_kicks;def_fum_td,PFR
Kansas City Chiefs,KAN,1986,9,1986-11-02,False,SDG,A,W,24,23,1.0,4,,0,,,,0,,,0,9.0,match,4,4,False,fum_rec;blocked_kicks;def_fum_td,PFR
Kansas City Chiefs,KAN,1986,10,1986-11-09,False,SEA,H,W,27,7,5.0,1,,0,,,,0,,,0,11.0,match,1,1,False,fum_rec;blocked_kicks;def_fum_td,PFR
Kansas City Chiefs,KAN,1986,11,1986-11-16,False,DEN,A,L,17,38,4.0,0,,0,,,,0,,,0,0.0,match,0,0,False,fum_rec;blocked_kicks;def_fum_td,PFR
Kansas City Chiefs,KAN,1986,12,1986-11-23,False,STL,A,L,14,23,3.0,1,,0,,,,0,,,0,5.0,match,1,1,False,fum_rec;blocked_kicks;def_fum_td,PFR
Kansas City Chiefs,KAN,1986,13,1986-11-30,False,BUF,H,L,14,17,2.0,1,,0,,,,0,,,0,5.0,match,1,1,False,fum_rec;blocked_kicks;def_fum_td,PFR
Kansas City Chiefs,KAN,1986,14,1986-12-07,False,DEN,H,W,37,10,5.0,5,,0,,,,0,,,0,19.0,raised_to_opp_qb_count,4,5,False,fum_rec;blocked_kicks;def_fum_td,PFR
Kansas City Chiefs,KAN,1986,15,1986-12-14,False,RAI,A,W,20,17,1.0,4,,0,,,,0,,,0,10.0,match,4,4,False,fum_rec;blocked_kicks;def_fum_td,PFR
Kansas City Chiefs,KAN,1986,16,1986-12-21,False,PIT,A,W,24,19,1.0,1,,0,,,,0,,,1,10.0,match,1,1,False,fum_rec;blocked_kicks;def_fum_td,PFR
Kansas City Chiefs,KAN,1986,17,1986-12-28,True,NYJ,A,L,15,35,2.0,0,,0,,,,0,,,0,-2.0,match,0,0,False,fum_rec;blocked_kicks;def_fum_td,PFR
Miami Dolphins,MIA,1986,1,1986-09-07,False,SDG,A,L,28,50,2.0,0,,0,,,,0,,,0,-2.0,match,0,0,False,fum_rec;blocked_kicks;def_fum_td,PFR
Miami Dolphins,MIA,1986,2,1986-09-14,False,IND,H,W,30,10,7.0,1,,0,,,,0,,,1,19.0,match,1,1,False,fum_rec;blocked_kicks;def_fum_td,PFR
Miami Dolphins,MIA,1986,3,1986-09-21,False,NYJ,A,L,45,51,3.0,1,,0,,,,0,,,0,1.0,match,1,1,False,fum_rec;blocked_kicks;def_fum_td,PFR
Miami Dolphins,MIA,1986,4,1986-09-28,False,SFO,H,L,16,31,0,1,,0,,,,0,,,0,1,match,1,1,False,fum_rec;blocked_kicks;def_fum_td,PFR
Miami Dolphins,MIA,1986,5,1986-10-05,False,NWE,A,L,7,34,1.0,0,,0,,,,0,,,0,0.0,match,0,0,False,fum_rec;blocked_kicks;def_fum_td,PFR
Miami Dolphins,MIA,1986,6,1986-10-12,False,BUF,H,W,27,14,2.0,2,,0,,,,0,,,0,7.0,match,2,2,False,fum_rec;blocked_kicks;def_fum_td,PFR
Miami Dolphins,MIA,1986,7,1986-10-19,False,RAI,H,L,28,30,3.0,0,,0,,,,0,,,0,2.0,match,0,0,False,fum_rec;blocked_kicks;def_fum_td,PFR
Miami Dolphins,MIA,1986,8,1986-10-26,False,IND,A,W,17,13,0,1,,0,,,,0,,,0,6,match,1,1,False,fum_rec;blocked_kicks;def_fum_td,PFR
Miami Dolphins,MIA,1986,9,1986-11-02,False,HOU,H,W,28,7,3.0,2,,0,,,,0,,,0,11.0,match,2,2,False,fum_rec;blocked_kicks;def_fum_td,PFR
Miami Dolphins,MIA,1986,10,1986-11-10,False,CLE,A,L,16,26,2.0,1,,0,,,,0,,,0,4.0,match,1,1,False,fum_rec;blocked_kicks;def_fum_td,PFR
Miami Dolphins,MIA,1986,11,1986-11-16,False,BUF,A,W,34,24,1.0,0,,0,,,,0,,,0,1.0,match,0,0,False,fum_rec;blocked_kicks;def_fum_td,PFR
Miami Dolphins,MIA,1986,12,1986-11-24,False,NYJ,H,W,45,3,3.0,2,,0,,,,0,,,0,14.0,match,2,2,False,fum_rec;blocked_kicks;def_fum_td,PFR
Miami Dolphins,MIA,1986,13,1986-11-30,False,ATL,H,L,14,20,0,0,,0,,,,0,,,0,1,match,0,0,False,fum_rec;blocked_kicks;def_fum_td,PFR
Miami Dolphins,MIA,1986,14,1986-12-07,False,NOR,A,W,31,27,1.0,1,,0,,,,0,,,0,3.0,match,1,1,False,fum_rec;blocked_kicks;def_fum_td,PFR
Miami Dolphins,MIA,1986,15,1986-12-14,False,RAM,A,W,37,31,3.0,0,,0,,,,0,,,0,2.0,match,0,0,False,fum_rec;blocked_kicks;def_fum_td,PFR
Miami Dolphins,MIA,1986,16,1986-12-22,False,NWE,H,L,27,34,2.0,1,,0,,,,0,,,0,3.0,match,1,1,False,fum_rec;blocked_kicks;def_fum_td,PFR
Minnesota Vikings,MIN,1986,1,1986-09-07,False,DET,H,L,10,13,2.0,1,,0,,,,0,,,0,8.0,match,1,1,False,fum_rec;blocked_kicks;def_fum_td,PFR
Minnesota Vikings,MIN,1986,2,1986-09-14,False,TAM,A,W,23,10,3.0,2,,0,,,,0,,,0,11.0,match,2,2,False,fum_rec;blocked_kicks;def_fum_td,PFR
Minnesota Vikings,MIN,1986,3,1986-09-21,False,PIT,H,W,31,7,1.0,3,,0,,,,0,,,0,11.0,match,3,3,False,fum_rec;blocked_kicks;def_fum_td,PFR
Minnesota Vikings,MIN,1986,4,1986-09-28,False,GNB,H,W,42,7,4.0,2,,0,,,,0,,,0,12.0,match,2,2,False,fum_rec;blocked_kicks;def_fum_td,PFR
Minnesota Vikings,MIN,1986,5,1986-10-05,False,CHI,A,L,0,23,1.0,1,,0,,,,0,,,0,3.0,match,1,1,False,fum_rec;blocked_kicks;def_fum_td,PFR
Minnesota Vikings,MIN,1986,6,1986-10-12,False,SFO,A,W,27,24,1.0,2,,0,,,,0,,,0,5.0,match,2,2,False,fum_rec;blocked_kicks;def_fum_td,PFR
Minnesota Vikings,MIN,1986,7,1986-10-19,False,CHI,H,W,23,7,7.0,1,,0,,,,0,,,0,13.0,match,1,1,False,fum_rec;blocked_kicks;def_fum_td,PFR
Minnesota Vikings,MIN,1986,8,1986-10-26,False,CLE,H,L,20,23,5.0,1,,0,,,,0,,,0,7.0,match,1,1,False,fum_rec;blocked_kicks;def_fum_td,PFR
Minnesota Vikings,MIN,1986,9,1986-11-02,False,WAS,A,L,38,44,1.0,1,,0,,,,0,,,0,-1.0,match,1,1,False,fum_rec;blocked_kicks;def_fum_td,PFR
Minnesota Vikings,MIN,1986,10,1986-11-09,False,DET,A,W,24,10,1.0,1,,0,,,,0,,,0,7.0,match,1,1,False,fum_rec;blocked_kicks;def_fum_td,PFR
Minnesota Vikings,MIN,1986,11,1986-11-16,False,NYG,H,L,20,22,2.0,2,,0,,,,0,,,0,6.0,match,2,2,False,fum_rec;blocked_kicks;def_fum_td,PFR
Minnesota Vikings,MIN,1986,12,1986-11-23,False,CIN,A,L,20,24,1.0,2,,0,,,,0,,,0,5.0,match,2,2,False,fum_rec;blocked_kicks;def_fum_td,PFR
Minnesota Vikings,MIN,1986,13,1986-11-30,False,TAM,H,W,45,13,3.0,1,,0,,,,0,,,0,9.0,match,1,1,False,fum_rec;blocked_kicks;def_fum_td,PFR
Minnesota Vikings,MIN,1986,14,1986-12-07,False,GNB,A,W,32,6,3.0,0,,0,,,,0,,,0,10.0,match,0,0,False,fum_rec;blocked_kicks;def_fum_td,PFR
Minnesota Vikings,MIN,1986,15,1986-12-14,False,HOU,A,L,10,23,2.0,0,,0,,,,0,,,0,2.0,match,0,0,False,fum_rec;blocked_kicks;def_fum_td,PFR
Minnesota Vikings,MIN,1986,16,1986-12-21,False,NOR,H,W,33,17,1.0,4,,0,,,,0,,,0,10.0,match,4,4,False,fum_rec;blocked_kicks;def_fum_td,PFR
New Orleans Saints,NOR,1986,1,1986-09-07,False,ATL,H,L,10,31,2.0,1,,0,,,,0,,,0,3.0,match,1,1,False,fum_rec;blocked_kicks;def_fum_td,PFR
New Orleans Saints,NOR,1986,2,1986-09-14,False,GNB,H,W,24,10,0.0,7,,0,,,,0,,,0,18,match,7,7,False,fum_rec;blocked_kicks;def_fum_td,PFR
New Orleans Saints,NOR,1986,3,1986-09-21,False,SFO,A,L,17,26,1.0,1,,0,,,,0,,,1,9.0,match,1,1,False,fum_rec;blocked_kicks;def_fum_td,PFR
New Orleans Saints,NOR,1986,4,1986-09-28,False,NYG,A,L,17,20,2.0,3,,0,,,,0,,,0,9.0,match,3,3,False,fum_rec;blocked_kicks;def_fum_td,PFR
New Orleans Saints,NOR,1986,5,1986-10-05,False,WAS,H,L,6,14,1.0,0,,0,,,,0,,,0,2.0,match,0,0,False,fum_rec;blocked_kicks;def_fum_td,PFR
New Orleans Saints,NOR,1986,6,1986-10-12,False,IND,A,W,17,14,3.0,1,,0,,,,0,,,0,6.0,match,1,1,False,fum_rec;blocked_kicks;def_fum_td,PFR
New Orleans Saints,NOR,1986,7,1986-10-19,False,TAM,H,W,38,7,5.0,2,,0,,,,0,,,0,13.0,match,2,2,False,fum_rec;blocked_kicks;def_fum_td,PFR
New Orleans Saints,NOR,1986,8,1986-10-26,False,NYJ,A,L,23,28,4.0,0,,0,,,,0,,,0,3.0,match,0,0,False,fum_rec;blocked_kicks;def_fum_td,PFR
New Orleans Saints,NOR,1986,9,1986-11-02,False,SFO,H,W,23,10,4.0,2,,0,,,,0,,,0,12.0,match,2,2,False,fum_rec;blocked_kicks;def_fum_td,PFR
New Orleans Saints,NOR,1986,10,1986-11-09,False,RAM,H,W,6,0,3.0,1,,0,,,,0,,,0,15.0,match,1,1,False,fum_rec;blocked_kicks;def_fum_td,PFR
New Orleans Saints,NOR,1986,11,1986-11-16,False,STL,A,W,16,7,3.0,3,,0,,,,0,,,0,13.0,match,3,3,False,fum_rec;blocked_kicks;def_fum_td,PFR
New Orleans Saints,NOR,1986,12,1986-11-23,False,RAM,A,L,13,26,1.0,2,,0,,,,0,,,0,5.0,match,2,2,False,fum_rec;blocked_kicks;def_fum_td,PFR
New Orleans Saints,NOR,1986,13,1986-11-30,False,NWE,H,L,20,21,5.0,1,,0,,,,0,,,0,7.0,match,1,1,False,fum_rec;blocked_kicks;def_fum_td,PFR
New Orleans Saints,NOR,1986,14,1986-12-07,False,MIA,H,L,27,31,0,0,,0,,,,0,,,0,-1,match,0,0,False,fum_rec;blocked_kicks;def_fum_td,PFR
New Orleans Saints,NOR,1986,15,1986-12-14,False,ATL,A,W,14,9,6.0,2,,0,,,,0,,,0,14.0,match,2,2,False,fum_rec;blocked_kicks;def_fum_td,PFR
New Orleans Saints,NOR,1986,16,1986-12-21,False,MIN,A,L,17,33,7.0,0,,0,,,,0,,,0,6.0,match,0,0,False,fum_rec;blocked_kicks;def_fum_td,PFR
New England Patriots,NWE,1986,1,1986-09-07,False,IND,H,W,33,3,6.0,0,,0,,,,0,,,0,13.0,match,0,0,False,fum_rec;blocked_kicks;def_fum_td,PFR
New England Patriots,NWE,1986,2,1986-09-11,False,NYJ,A,W,20,6,4.0,2,,0,,,,0,,,0,15.0,match,2,2,False,fum_rec;blocked_kicks;def_fum_td,PFR
New England Patriots,NWE,1986,3,1986-09-21,False,SEA,H,L,31,38,3.0,0,,0,,,,0,,,0,-1.0,match,0,0,False,fum_rec;blocked_kicks;def_fum_td,PFR
New England Patriots,NWE,1986,4,1986-09-28,False,DEN,A,L,20,27,2.0,1,,0,,,,0,,,0,4.0,match,1,1,False,fum_rec;blocked_kicks;def_fum_td,PFR
New England Patriots,NWE,1986,5,1986-10-05,False,MIA,H,W,34,7,2.0,3,,0,,,,0,,,0,12.0,match,3,3,False,fum_rec;blocked_kicks;def_fum_td,PFR
New England Patriots,NWE,1986,6,1986-10-12,False,NYJ,H,L,24,31,1.0,0,,0,,,,0,,,0,0.0,match,0,0,False,fum_rec;blocked_kicks;def_fum_td,PFR
New England Patriots,NWE,1986,7,1986-10-19,False,PIT,A,W,34,0,5.0,2,,0,,,,0,,,0,19.0,match,2,2,False,fum_rec;blocked_kicks;def_fum_td,PFR
New England Patriots,NWE,1986,8,1986-10-26,False,BUF,A,W,23,3,5.0,4,,0,,,,0,,,0,20.0,match,4,4,False,fum_rec;blocked_kicks;def_fum_td,PFR
New England Patriots,NWE,1986,9,1986-11-02,False,ATL,H,W,25,17,4.0,0,,0,,,,0,,,1,11.0,match,0,0,False,fum_rec;blocked_kicks;def_fum_td,PFR
New England Patriots,NWE,1986,10,1986-11-09,False,IND,A,W,30,21,3.0,4,,0,,,,0,,,0,11.0,match,4,4,False,fum_rec;blocked_kicks;def_fum_td,PFR
New England Patriots,NWE,1986,11,1986-11-16,False,RAM,A,W,30,28,3.0,0,,0,,,,0,,,0,2.0,match,0,0,False,fum_rec;blocked_kicks;def_fum_td,PFR
New England Patriots,NWE,1986,12,1986-11-23,False,BUF,H,W,22,19,6.0,2,,0,,,,0,,,0,11.0,match,2,2,False,fum_rec;blocked_kicks;def_fum_td,PFR
New England Patriots,NWE,1986,13,1986-11-30,False,NOR,A,W,21,20,4.0,0,,0,,,,0,,,0,5.0,match,0,0,False,fum_rec;blocked_kicks;def_fum_td,PFR
New England Patriots,NWE,1986,14,1986-12-07,False,CIN,H,L,7,31,0.0,0,,0,,,,0,,,0,-1,match,0,0,False,fum_rec;blocked_kicks;def_fum_td,PFR
New England Patriots,NWE,1986,15,1986-12-14,False,SFO,H,L,24,29,0.0,1,,0,,,,0,,,0,1,match,1,1,False,fum_rec;blocked_kicks;def_fum_td,PFR
New England Patriots,NWE,1986,16,1986-12-22,False,MIA,A,W,34,27,0.0,2,,0,,,,0,,,0,4,match,2,2,False,fum_rec;blocked_kicks;def_fum_td,PFR
New England Patriots,NWE,1986,17,1987-01-04,True,DEN,A,L,17,22,1.0,2,,0,,,,0,,,0,5.0,match,2,2,False,fum_rec;blocked_kicks;def_fum_td,PFR
New York Giants,NYG,1986,1,1986-09-08,False,DAL,A,L,28,31,2.0,0,,0,,,,0,,,0,1.0,match,0,0,False,fum_rec;blocked_kicks;def_fum_td,PFR
New York Giants,NYG,1986,2,1986-09-14,False,SDG,H,W,20,7,1.0,5,,0,,,,0,,,0,15.0,match,5,5,False,fum_rec;blocked_kicks;def_fum_td,PFR
New York Giants,NYG,1986,3,1986-09-21,False,RAI,A,W,14,9,3.0,0,,0,,,,0,,,0,7.0,match,0,0,False,fum_rec;blocked_kicks;def_fum_td,PFR
New York Giants,NYG,1986,4,1986-09-28,False,NOR,H,W,20,17,2.0,0,,0,,,,0,,,0,3.0,match,0,0,False,fum_rec;blocked_kicks;def_fum_td,PFR
New York Giants,NYG,1986,5,1986-10-05,False,STL,A,W,13,6,7.0,1,,0,,,,0,,,0,16.0,match,1,1,False,fum_rec;blocked_kicks;def_fum_td,PFR
New York Giants,NYG,1986,6,1986-10-12,False,PHI,H,W,35,3,6.0,1,,0,,,,0,,,0,15.0,match,1,1,False,fum_rec;blocked_kicks;def_fum_td,PFR
New York Giants,NYG,1986,7,1986-10-19,False,SEA,A,L,12,17,2.0,1,,0,,,,0,,,0,5.0,match,1,1,False,fum_rec;blocked_kicks;def_fum_td,PFR
New York Giants,NYG,1986,8,1986-10-27,False,WAS,H,W,27,20,4.0,2,,0,,,,0,,,0,9.0,match,2,2,False,fum_rec;blocked_kicks;def_fum_td,PFR
New York Giants,NYG,1986,9,1986-11-02,False,DAL,H,W,17,14,6.0,0,,0,,,,0,,,0,7.0,match,0,0,False,fum_rec;blocked_kicks;def_fum_td,PFR
New York Giants,NYG,1986,10,1986-11-09,False,PHI,A,W,17,14,7.0,2,,0,,,,0,,,0,12.0,match,2,2,False,fum_rec;blocked_kicks;def_fum_td,PFR
New York Giants,NYG,1986,11,1986-11-16,False,MIN,A,W,22,20,3.0,0,,0,,,,0,,,0,4.0,match,0,0,False,fum_rec;blocked_kicks;def_fum_td,PFR
New York Giants,NYG,1986,12,1986-11-23,False,DEN,H,W,19,16,2.0,2,,0,,,,0,,,0,7.0,match,2,2,False,fum_rec;blocked_kicks;def_fum_td,PFR
New York Giants,NYG,1986,13,1986-12-01,False,SFO,A,W,21,17,0.0,1,,0,,,,0,,,0,3,match,1,1,False,fum_rec;blocked_kicks;def_fum_td,PFR
New York Giants,NYG,1986,14,1986-12-07,False,WAS,A,W,24,14,4.0,6,,0,,,,0,,,0,17.0,match,6,6,False,fum_rec;blocked_kicks;def_fum_td,PFR
New York Giants,NYG,1986,15,1986-12-14,False,STL,H,W,27,7,9.0,1,,0,,,,0,,,0,15.0,match,1,1,False,fum_rec;blocked_kicks;def_fum_td,PFR
New York Giants,NYG,1986,16,1986-12-20,False,GNB,H,W,55,24,1.0,2,,0,,,,0,,,0,5.0,match,2,2,False,fum_rec;blocked_kicks;def_fum_td,PFR
New York Giants,NYG,1986,17,1987-01-04,True,SFO,H,W,49,3,1.0,3,,0,,,,0,,,0,14.0,match,3,3,False,fum_rec;blocked_kicks;def_fum_td,PFR
New York Giants,NYG,1986,18,1987-01-11,True,WAS,H,W,17,0,4.0,1,,0,,,,0,,,0,16.0,match,1,1,False,fum_rec;blocked_kicks;def_fum_td,PFR
New York Giants,NYG,1986,19,1987-01-25,True,DEN,N,W,39,20,4.0,1,,1,,,,0,,,0,9.0,match,1,1,False,fum_rec;blocked_kicks;def_fum_td,PFR
New York Jets,NYJ,1986,1,1986-09-07,False,BUF,A,W,28,24,1.0,0,,0,,,,0,,,0,1.0,match,0,0,False,fum_rec;blocked_kicks;def_fum_td,PFR
New York Jets,NYJ,1986,2,1986-09-11,False,NWE,H,L,6,20,2.0,0,,0,,,,0,,,0,3.0,match,0,0,False,fum_rec;blocked_kicks;def_fum_td,PFR
New York Jets,NYJ,1986,3,1986-09-21,False,MIA,H,W,51,45,2.0,2,,0,,,,0,,,0,2.0,match,2,2,False,fum_rec;blocked_kicks;def_fum_td,PFR
New York Jets,NYJ,1986,4,1986-09-28,False,IND,A,W,26,7,1.0,1,,0,,,,0,,,0,7.0,match,1,1,False,fum_rec;blocked_kicks;def_fum_td,PFR
New York Jets,NYJ,1986,5,1986-10-05,False,BUF,H,W,14,13,3.0,1,,0,,,,0,,,0,9.0,match,1,1,False,fum_rec;blocked_kicks;def_fum_td,PFR
New York Jets,NYJ,1986,6,1986-10-12,False,NWE,A,W,31,24,2.0,0,,0,,,,0,,,0,2.0,match,0,0,False,fum_rec;blocked_kicks;def_fum_td,PFR
New York Jets,NYJ,1986,7,1986-10-20,False,DEN,H,W,22,10,5.0,2,,0,,,,0,,,0,13.0,match,2,2,False,fum_rec;blocked_kicks;def_fum_td,PFR
New York Jets,NYJ,1986,8,1986-10-26,False,NOR,H,W,28,23,0.0,2,,0,,,,0,,,0,4,match,2,2,False,fum_rec;blocked_kicks;def_fum_td,PFR
New York Jets,NYJ,1986,9,1986-11-02,False,SEA,A,W,38,7,1.0,2,,0,,,,0,,,0,9.0,match,2,2,False,fum_rec;blocked_kicks;def_fum_td,PFR
New York Jets,NYJ,1986,10,1986-11-09,False,ATL,A,W,28,14,4.0,1,,0,,,,0,,,0,7.0,match,1,1,False,fum_rec;blocked_kicks;def_fum_td,PFR
New York Jets,NYJ,1986,11,1986-11-16,False,IND,H,W,31,16,2.0,4,,0,,,,0,,,0,11.0,match,4,4,False,fum_rec;blocked_kicks;def_fum_td,PFR
New York Jets,NYJ,1986,12,1986-11-24,False,MIA,A,L,3,45,0.0,0,,0,,,,0,,,0,-4,match,0,0,False,fum_rec;blocked_kicks;def_fum_td,PFR
New York Jets,NYJ,1986,13,1986-11-30,False,RAM,H,L,3,17,0.0,2,,0,,,,0,,,0,5,match,2,2,False,fum_rec;blocked_kicks;def_fum_td,PFR
New York Jets,NYJ,1986,14,1986-12-07,False,SFO,A,L,10,24,2.0,1,,0,,,,0,,,0,4.0,match,1,1,False,fum_rec;blocked_kicks;def_fum_td,PFR
New York Jets,NYJ,1986,15,1986-12-13,False,PIT,H,L,24,45,1.0,1,,0,,,,0,,,1,5.0,match,1,1,False,fum_rec;blocked_kicks;def_fum_td,PFR
New York Jets,NYJ,1986,16,1986-12-21,False,CIN,A,L,21,52,2.0,1,,0,,,,0,,,1,6.0,match,1,1,False,fum_rec;blocked_kicks;def_fum_td,PFR
New York Jets,NYJ,1986,17,1986-12-28,True,KAN,H,W,35,15,2.0,2,,0,,,,0,,,0,7.0,match,2,2,False,fum_rec;blocked_kicks;def_fum_td,PFR
New York Jets,NYJ,1986,18,1987-01-03,True,CLE,A,L,20,23,4.0,2,,0,,,,0,,,0,8.0,match,2,2,False,fum_rec;blocked_kicks;def_fum_td,PFR
Philadelphia Eagles,PHI,1986,1,1986-09-07,False,WAS,A,L,14,41,2.0,1,,0,,,,0,,,0,0.0,match,1,1,False,fum_rec;blocked_kicks;def_fum_td,PFR
Philadelphia Eagles,PHI,1986,2,1986-09-14,False,CHI,A,L,10,13,2.0,3,,0,,,,0,,,0,12.0,match,3,3,False,fum_rec;blocked_kicks;def_fum_td,PFR
Philadelphia Eagles,PHI,1986,3,1986-09-21,False,DEN,H,L,7,33,5.0,1,,0,,,,0,,,0,6.0,match,1,1,False,fum_rec;blocked_kicks;def_fum_td,PFR
Philadelphia Eagles,PHI,1986,4,1986-09-28,False,RAM,H,W,34,20,0.0,2,,0,,,,0,,,0,5,match,2,2,False,fum_rec;blocked_kicks;def_fum_td,PFR
Philadelphia Eagles,PHI,1986,5,1986-10-05,False,ATL,A,W,16,0,7.0,1,,0,,,,0,,,0,19.0,match,1,1,False,fum_rec;blocked_kicks;def_fum_td,PFR
Philadelphia Eagles,PHI,1986,6,1986-10-12,False,NYG,A,L,3,35,2.0,0,,0,,,,0,,,0,-2.0,match,0,0,False,fum_rec;blocked_kicks;def_fum_td,PFR
Philadelphia Eagles,PHI,1986,7,1986-10-19,False,DAL,H,L,14,17,1.0,2,,0,,,,0,,,0,6.0,match,2,2,False,fum_rec;blocked_kicks;def_fum_td,PFR
Philadelphia Eagles,PHI,1986,8,1986-10-26,False,SDG,H,W,23,7,3.0,1,,0,,,,0,,,0,9.0,match,1,1,False,fum_rec;blocked_kicks;def_fum_td,PFR
Philadelphia Eagles,PHI,1986,9,1986-11-02,False,STL,A,L,10,13,5.0,1,,0,,,,0,,,0,11.0,match,1,1,False,fum_rec;blocked_kicks;def_fum_td,PFR
Philadelphia Eagles,PHI,1986,10,1986-11-09,False,NYG,H,L,14,17,3.0,2,,0,,,,0,,,0,8.0,match,2,2,False,fum_rec;blocked_kicks;def_fum_td,PFR
Philadelphia Eagles,PHI,1986,11,1986-11-16,False,DET,H,L,11,13,3.0,1,,0,,,,0,,,0,9.0,match,1,1,False,fum_rec;blocked_kicks;def_fum_td,PFR
Philadelphia Eagles,PHI,1986,12,1986-11-23,False,SEA,A,L,20,24,3.0,0,,0,,,,0,,,0,3.0,match,0,0,False,fum_rec;blocked_kicks;def_fum_td,PFR
Philadelphia Eagles,PHI,1986,13,1986-11-30,False,RAI,A,W,33,27,6.0,2,,0,,,,0,,,1,16.0,match,2,2,False,fum_rec;blocked_kicks;def_fum_td,PFR
Philadelphia Eagles,PHI,1986,14,1986-12-07,False,STL,H,T,10,10,4.0,1,,0,,,,0,,,0,10.0,match,1,1,False,fum_rec;blocked_kicks;def_fum_td,PFR
Philadelphia Eagles,PHI,1986,15,1986-12-14,False,DAL,A,W,23,21,4.0,2,,0,,,,0,,,0,8.0,match,2,2,False,fum_rec;blocked_kicks;def_fum_td,PFR
Philadelphia Eagles,PHI,1986,16,1986-12-21,False,WAS,H,L,14,21,3.0,3,,0,,,,0,,,0,9.0,match,3,3,False,fum_rec;blocked_kicks;def_fum_td,PFR
Pittsburgh Steelers,PIT,1986,1,1986-09-07,False,SEA,A,L,0,30,3.0,2,,0,,,,0,,,0,6.0,match,2,2,False,fum_rec;blocked_kicks;def_fum_td,PFR
Pittsburgh Steelers,PIT,1986,2,1986-09-15,False,DEN,H,L,10,21,1.0,0,,0,,,,0,,,0,1.0,match,0,0,False,fum_rec;blocked_kicks;def_fum_td,PFR
Pittsburgh Steelers,PIT,1986,3,1986-09-21,False,MIN,A,L,7,31,2.0,0,,0,,,,0,,,0,1.0,match,0,0,False,fum_rec;blocked_kicks;def_fum_td,PFR
Pittsburgh Steelers,PIT,1986,4,1986-09-28,False,HOU,A,W,22,16,6.0,1,,0,,,,0,,,0,9.0,match,1,1,False,fum_rec;blocked_kicks;def_fum_td,PFR
Pittsburgh Steelers,PIT,1986,5,1986-10-05,False,CLE,H,L,24,27,2.0,0,,0,,,,0,,,0,2.0,match,0,0,False,fum_rec;blocked_kicks;def_fum_td,PFR
Pittsburgh Steelers,PIT,1986,6,1986-10-13,False,CIN,A,L,22,24,3.0,1,,0,,,,0,,,0,5.0,match,1,1,False,fum_rec;blocked_kicks;def_fum_td,PFR
Pittsburgh Steelers,PIT,1986,7,1986-10-19,False,NWE,H,L,0,34,1.0,1,,0,,,,0,,,0,2.0,match,1,1,False,fum_rec;blocked_kicks;def_fum_td,PFR
Pittsburgh Steelers,PIT,1986,8,1986-10-26,False,CIN,H,W,30,9,2.0,1,,0,,,,0,,,0,8.0,match,1,1,False,fum_rec;blocked_kicks;def_fum_td,PFR
Pittsburgh Steelers,PIT,1986,9,1986-11-02,False,GNB,H,W,27,3,3.0,2,,0,,,,0,,,0,14.0,match,2,2,False,fum_rec;blocked_kicks;def_fum_td,PFR
Pittsburgh Steelers,PIT,1986,10,1986-11-09,False,BUF,A,L,12,16,4.0,0,,0,,,,0,,,0,5.0,match,0,0,False,fum_rec;blocked_kicks;def_fum_td,PFR
Pittsburgh Steelers,PIT,1986,11,1986-11-16,False,HOU,H,W,21,10,5.0,2,,0,,,,0,,,0,13.0,match,2,2,False,fum_rec;blocked_kicks;def_fum_td,PFR
Pittsburgh Steelers,PIT,1986,12,1986-11-23,False,CLE,A,L,31,37,0.0,1,,0,,,,0,,,0,-2,match,1,1,False,fum_rec;blocked_kicks;def_fum_td,PFR
Pittsburgh Steelers,PIT,1986,13,1986-11-30,False,CHI,A,L,10,13,0.0,2,,0,,,,0,,,0,8,match,2,2,False,fum_rec;blocked_kicks;def_fum_td,PFR
Pittsburgh Steelers,PIT,1986,14,1986-12-07,False,DET,H,W,27,17,3.0,3,,0,,,,0,,,0,10.0,match,3,3,False,fum_rec;blocked_kicks;def_fum_td,PFR
Pittsburgh Steelers,PIT,1986,15,1986-12-13,False,NYJ,A,W,45,24,5.0,3,,0,,,,0,,,0,11.0,match,3,3,False,fum_rec;blocked_kicks;def_fum_td,PFR
Pittsburgh Steelers,PIT,1986,16,1986-12-21,False,KAN,H,L,19,24,2.0,1,,0,,,,0,,,0,4.0,match,1,1,False,fum_rec;blocked_kicks;def_fum_td,PFR
Los Angeles Raiders,RAI,1986,1,1986-09-07,False,DEN,A,L,36,38,3.0,0,,0,,,,0,,,0,-1.0,match,0,0,False,fum_rec;blocked_kicks;def_fum_td,PFR
Los Angeles Raiders,RAI,1986,2,1986-09-14,False,WAS,A,L,6,10,4.0,1,,0,,,,0,,,0,10.0,match,1,1,False,fum_rec;blocked_kicks;def_fum_td,PFR
Los Angeles Raiders,RAI,1986,3,1986-09-21,False,NYG,H,L,9,14,4.0,2,,0,,,,0,,,0,9.0,match,2,2,False,fum_rec;blocked_kicks;def_fum_td,PFR
Los Angeles Raiders,RAI,1986,4,1986-09-28,False,SDG,H,W,17,13,1.0,3,,0,,,,0,,,0,11.0,match,3,3,False,fum_rec;blocked_kicks;def_fum_td,PFR
Los Angeles Raiders,RAI,1986,5,1986-10-05,False,KAN,A,W,24,17,5.0,1,,0,,,,0,,,0,8.0,match,1,1,False,fum_rec;blocked_kicks;def_fum_td,PFR
Los Angeles Raiders,RAI,1986,6,1986-10-12,False,SEA,H,W,14,10,4.0,0,,0,,,,0,,,0,8.0,match,0,0,False,fum_rec;blocked_kicks;def_fum_td,PFR
Los Angeles Raiders,RAI,1986,7,1986-10-19,False,MIA,A,W,30,28,2.0,2,,0,,,,0,,,0,5.0,match,2,2,False,fum_rec;blocked_kicks;def_fum_td,PFR
Los Angeles Raiders,RAI,1986,8,1986-10-26,False,HOU,A,W,28,17,6.0,4,,0,,,,0,,,0,15.0,match,4,4,False,fum_rec;blocked_kicks;def_fum_td,PFR
Los Angeles Raiders,RAI,1986,9,1986-11-02,False,DEN,H,L,10,21,2.0,0,,0,,,,0,,,0,2.0,match,0,0,False,fum_rec;blocked_kicks;def_fum_td,PFR
Los Angeles Raiders,RAI,1986,10,1986-11-09,False,DAL,A,W,17,13,4.0,5,,0,,,,0,,,0,18.0,match,5,5,False,fum_rec;blocked_kicks;def_fum_td,PFR
Los Angeles Raiders,RAI,1986,11,1986-11-16,False,CLE,H,W,27,14,6.0,2,,0,,,,0,,,0,11.0,match,2,2,False,fum_rec;blocked_kicks;def_fum_td,PFR
Los Angeles Raiders,RAI,1986,12,1986-11-20,False,SDG,A,W,37,31,4.0,3,,0,,,,0,,,0,9.0,match,3,3,False,fum_rec;blocked_kicks;def_fum_td,PFR
Los Angeles Raiders,RAI,1986,13,1986-11-30,False,PHI,H,L,27,33,11.0,1,,0,,,,0,,,1,18.0,match,1,1,False,fum_rec;blocked_kicks;def_fum_td,PFR
Los Angeles Raiders,RAI,1986,14,1986-12-08,False,SEA,A,L,0,37,2.0,0,,0,,,,0,,,0,-2.0,match,0,0,False,fum_rec;blocked_kicks;def_fum_td,PFR
Los Angeles Raiders,RAI,1986,15,1986-12-14,False,KAN,H,L,17,20,2.0,0,,0,,,,0,,,0,3.0,match,0,0,False,fum_rec;blocked_kicks;def_fum_td,PFR
Los Angeles Raiders,RAI,1986,16,1986-12-21,False,IND,H,L,24,30,3.0,2,,0,,,,0,,,0,6.0,match,2,2,False,fum_rec;blocked_kicks;def_fum_td,PFR
Los Angeles Rams,RAM,1986,1,1986-09-07,False,STL,A,W,16,10,5.0,1,,0,,,,0,,,0,11.0,match,1,1,False,fum_rec;blocked_kicks;def_fum_td,PFR
Los Angeles Rams,RAM,1986,2,1986-09-14,False,SFO,H,W,16,13,1.0,2,,0,,,,0,,,0,9.0,match,2,2,False,fum_rec;blocked_kicks;def_fum_td,PFR
Los Angeles Rams,RAM,1986,3,1986-09-21,False,IND,A,W,24,7,7.0,1,,0,,,,0,,,0,13.0,match,1,1,False,fum_rec;blocked_kicks;def_fum_td,PFR
Los Angeles Rams,RAM,1986,4,1986-09-28,False,PHI,A,L,20,34,3.0,1,,0,,,,0,,,0,4.0,match,1,1,False,fum_rec;blocked_kicks;def_fum_td,PFR
Los Angeles Rams,RAM,1986,5,1986-10-05,False,TAM,H,W,26,20,4.0,0,,0,,,,0,,,0,5.0,match,0,0,False,fum_rec;blocked_kicks;def_fum_td,PFR
Los Angeles Rams,RAM,1986,6,1986-10-12,False,ATL,A,L,14,26,1.0,2,,0,,,,0,,,0,5.0,match,2,2,False,fum_rec;blocked_kicks;def_fum_td,PFR
Los Angeles Rams,RAM,1986,7,1986-10-19,False,DET,H,W,14,10,2.0,2,,0,,,,0,,,0,10.0,match,2,2,False,fum_rec;blocked_kicks;def_fum_td,PFR
Los Angeles Rams,RAM,1986,8,1986-10-26,False,ATL,H,W,14,7,1.0,2,,0,,,,0,,,0,9.0,match,2,2,False,fum_rec;blocked_kicks;def_fum_td,PFR
Los Angeles Rams,RAM,1986,9,1986-11-03,False,CHI,A,W,20,17,1.0,2,,0,,,,0,,,0,6.0,match,2,2,False,fum_rec;blocked_kicks;def_fum_td,PFR
Los Angeles Rams,RAM,1986,10,1986-11-09,False,NOR,A,L,0,6,0,3,,0,,,,0,,,0,13,match,3,3,False,fum_rec;blocked_kicks;def_fum_td,PFR
Los Angeles Rams,RAM,1986,11,1986-11-16,False,NWE,H,L,28,30,5.0,2,,0,,,,0,,,0,8.0,match,2,2,False,fum_rec;blocked_kicks;def_fum_td,PFR
Los Angeles Rams,RAM,1986,12,1986-11-23,False,NOR,H,W,26,13,2.0,4,,0,,,,0,,,0,14.0,match,4,4,False,fum_rec;blocked_kicks;def_fum_td,PFR
Los Angeles Rams,RAM,1986,13,1986-11-30,False,NYJ,A,W,17,3,1.0,2,,0,,,,0,,,0,12.0,match,2,2,False,fum_rec;blocked_kicks;def_fum_td,PFR
Los Angeles Rams,RAM,1986,14,1986-12-07,False,DAL,H,W,29,10,5.0,2,,0,,,,0,,,0,13.0,match,2,2,False,fum_rec;blocked_kicks;def_fum_td,PFR
Los Angeles Rams,RAM,1986,15,1986-12-14,False,MIA,H,L,31,37,1.0,1,,0,,,,0,,,0,-1.0,match,1,1,False,fum_rec;blocked_kicks;def_fum_td,PFR
Los Angeles Rams,RAM,1986,16,1986-12-19,False,SFO,A,L,14,24,0,1,,0,,,,0,,,0,2,match,1,1,False,fum_rec;blocked_kicks;def_fum_td,PFR
Los Angeles Rams,RAM,1986,17,1986-12-28,True,WAS,A,L,7,19,0,0,,0,,,,0,,,0,1,match,0,0,False,fum_rec;blocked_kicks;def_fum_td,PFR
San Diego Chargers,SDG,1986,1,1986-09-07,False,MIA,H,W,50,28,4.0,0,,0,,,,0,,,0,3.0,match,0,0,False,fum_rec;blocked_kicks;def_fum_td,PFR
San Diego Chargers,SDG,1986,2,1986-09-14,False,NYG,A,L,7,20,4.0,1,,0,,,,0,,,0,7.0,match,1,1,False,fum_rec;blocked_kicks;def_fum_td,PFR
San Diego Chargers,SDG,1986,3,1986-09-21,False,WAS,H,L,27,30,1.0,0,,0,,,,0,,,0,0.0,match,0,0,False,fum_rec;blocked_kicks;def_fum_td,PFR
San Diego Chargers,SDG,1986,4,1986-09-28,False,RAI,A,L,13,17,8.0,2,,0,,,,0,,,0,13.0,match,2,2,False,fum_rec;blocked_kicks;def_fum_td,PFR
San Diego Chargers,SDG,1986,5,1986-10-06,False,SEA,A,L,7,33,1.0,2,,0,,,,0,,,0,4.0,match,2,2,False,fum_rec;blocked_kicks;def_fum_td,PFR
San Diego Chargers,SDG,1986,6,1986-10-12,False,DEN,H,L,14,31,0,1,,0,,,,0,,,0,1,match,1,1,False,fum_rec;blocked_kicks;def_fum_td,PFR
San Diego Chargers,SDG,1986,7,1986-10-19,False,KAN,A,L,41,42,2.0,1,,0,,,,0,,,0,0.0,match,1,1,False,fum_rec;blocked_kicks;def_fum_td,PFR
San Diego Chargers,SDG,1986,8,1986-10-26,False,PHI,A,L,7,23,4.0,1,,0,,,,0,,,0,6.0,match,1,1,False,fum_rec;blocked_kicks;def_fum_td,PFR
San Diego Chargers,SDG,1986,9,1986-11-02,False,KAN,H,L,23,24,7.0,0,,0,,,,0,,,0,7.0,match,0,0,False,fum_rec;blocked_kicks;def_fum_td,PFR
San Diego Chargers,SDG,1986,10,1986-11-09,False,DEN,A,W,9,3,2.0,3,,0,,,,0,,,0,15.0,match,3,3,False,fum_rec;blocked_kicks;def_fum_td,PFR
San Diego Chargers,SDG,1986,11,1986-11-16,False,DAL,H,L,21,24,11.0,0,,0,,,,0,,,0,11.0,match,0,0,False,fum_rec;blocked_kicks;def_fum_td,PFR
San Diego Chargers,SDG,1986,12,1986-11-20,False,RAI,H,L,31,37,3.0,1,,0,,,,0,,,0,1.0,match,1,1,False,fum_rec;blocked_kicks;def_fum_td,PFR
San Diego Chargers,SDG,1986,13,1986-11-30,False,IND,A,W,17,3,3.0,1,,0,,,,0,,,0,12.0,match,1,1,False,fum_rec;blocked_kicks;def_fum_td,PFR
San Diego Chargers,SDG,1986,14,1986-12-07,False,HOU,H,W,27,0,6.0,2,,0,,,,0,,,0,20.0,match,2,2,False,fum_rec;blocked_kicks;def_fum_td,PFR
San Diego Chargers,SDG,1986,15,1986-12-14,False,SEA,H,L,24,34,4.0,0,,0,,,,0,,,0,3.0,match,0,0,False,fum_rec;blocked_kicks;def_fum_td,PFR
San Diego Chargers,SDG,1986,16,1986-12-21,False,CLE,A,L,17,47,2.0,0,,0,,,,0,,,0,-2.0,match,0,0,False,fum_rec;blocked_kicks;def_fum_td,PFR
Seattle Seahawks,SEA,1986,1,1986-09-07,False,PIT,H,W,30,0,1.0,3,,0,,,,0,,,0,17.0,match,3,3,False,fum_rec;blocked_kicks;def_fum_td,PFR
Seattle Seahawks,SEA,1986,2,1986-09-14,False,KAN,H,W,23,17,2.0,2,,0,,,,0,,,0,7.0,match,2,2,False,fum_rec;blocked_kicks;def_fum_td,PFR
Seattle Seahawks,SEA,1986,3,1986-09-21,False,NWE,A,W,38,31,3.0,0,,0,,,,0,,,0,2.0,match,0,0,False,fum_rec;blocked_kicks;def_fum_td,PFR
Seattle Seahawks,SEA,1986,4,1986-09-28,False,WAS,A,L,14,19,0.0,0,,0,,,,0,,,0,1,match,0,0,False,fum_rec;blocked_kicks;def_fum_td,PFR
Seattle Seahawks,SEA,1986,5,1986-10-06,False,SDG,H,W,33,7,1.0,3,,0,,,,0,,,0,11.0,match,3,3,False,fum_rec;blocked_kicks;def_fum_td,PFR
Seattle Seahawks,SEA,1986,6,1986-10-12,False,RAI,A,L,10,14,2.0,1,,0,,,,0,,,0,5.0,match,1,1,False,fum_rec;blocked_kicks;def_fum_td,PFR
Seattle Seahawks,SEA,1986,7,1986-10-19,False,NYG,H,W,17,12,7.0,4,,0,,,,0,,,0,19.0,match,4,4,False,fum_rec;blocked_kicks;def_fum_td,PFR
Seattle Seahawks,SEA,1986,8,1986-10-26,False,DEN,A,L,13,20,0.0,1,,0,,,,0,,,0,3,match,1,1,False,fum_rec;blocked_kicks;def_fum_td,PFR
Seattle Seahawks,SEA,1986,9,1986-11-02,False,NYJ,H,L,7,38,1.0,0,,0,,,,0,,,0,-3.0,match,0,0,False,fum_rec;blocked_kicks;def_fum_td,PFR
Seattle Seahawks,SEA,1986,10,1986-11-09,False,KAN,A,L,7,27,2.0,3,,0,,,,0,,,0,8.0,match,3,3,False,fum_rec;blocked_kicks;def_fum_td,PFR
Seattle Seahawks,SEA,1986,11,1986-11-16,False,CIN,A,L,7,34,2.0,1,,0,,,,0,,,0,3.0,match,1,1,False,fum_rec;blocked_kicks;def_fum_td,PFR
Seattle Seahawks,SEA,1986,12,1986-11-23,False,PHI,H,W,24,20,9.0,0,,0,,,,0,,,1,16.0,match,0,0,False,fum_rec;blocked_kicks;def_fum_td,PFR
Seattle Seahawks,SEA,1986,13,1986-11-27,False,DAL,A,W,31,14,1.0,0,,0,,,,0,,,0,2.0,match,0,0,False,fum_rec;blocked_kicks;def_fum_td,PFR
Seattle Seahawks,SEA,1986,14,1986-12-08,False,RAI,H,W,37,0,11.0,3,,0,,,,0,,,0,27.0,match,3,3,False,fum_rec;blocked_kicks;def_fum_td,PFR
Seattle Seahawks,SEA,1986,15,1986-12-14,False,SDG,A,W,34,24,2.0,1,,0,,,,0,,,0,4.0,match,1,1,False,fum_rec;blocked_kicks;def_fum_td,PFR
Seattle Seahawks,SEA,1986,16,1986-12-20,False,DEN,H,W,41,16,2.0,0,,0,,,,0,,,0,3.0,match,0,0,False,fum_rec;blocked_kicks;def_fum_td,PFR
San Francisco 49ers,SFO,1986,1,1986-09-07,False,TAM,A,W,31,7,3.0,7,,0,,,,0,,,0,21.0,match,7,7,False,fum_rec;blocked_kicks;def_fum_td,PFR
San Francisco 49ers,SFO,1986,2,1986-09-14,False,RAM,A,L,13,16,4.0,0,,0,,,,0,,,0,5.0,match,0,0,False,fum_rec;blocked_kicks;def_fum_td,PFR
San Francisco 49ers,SFO,1986,3,1986-09-21,False,NOR,H,W,26,17,4.0,0,,0,,,,0,,,0,5.0,match,0,0,False,fum_rec;blocked_kicks;def_fum_td,PFR
San Francisco 49ers,SFO,1986,4,1986-09-28,False,MIA,A,W,31,16,2.0,4,,0,,,,0,,,0,11.0,match,4,4,False,fum_rec;blocked_kicks;def_fum_td,PFR
San Francisco 49ers,SFO,1986,5,1986-10-05,False,IND,H,W,35,14,2.0,3,,0,,,,0,,,0,9.0,match,3,3,False,fum_rec;blocked_kicks;def_fum_td,PFR
San Francisco 49ers,SFO,1986,6,1986-10-12,False,MIN,H,L,24,27,2.0,2,,0,,,,0,,,0,6.0,match,2,2,False,fum_rec;blocked_kicks;def_fum_td,PFR
San Francisco 49ers,SFO,1986,7,1986-10-19,False,ATL,A,T,10,10,5.0,3,,0,,,,0,,,0,15.0,match,3,3,False,fum_rec;blocked_kicks;def_fum_td,PFR
San Francisco 49ers,SFO,1986,8,1986-10-26,False,GNB,A,W,31,17,3.0,3,,0,,,,0,,,0,10.0,match,3,3,False,fum_rec;blocked_kicks;def_fum_td,PFR
San Francisco 49ers,SFO,1986,9,1986-11-02,False,NOR,A,L,10,23,3.0,1,,0,,,,0,,,0,5.0,match,1,1,False,fum_rec;blocked_kicks;def_fum_td,PFR
San Francisco 49ers,SFO,1986,10,1986-11-09,False,STL,H,W,43,17,1.0,3,,0,,,,0,,,0,8.0,match,3,3,False,fum_rec;blocked_kicks;def_fum_td,PFR
San Francisco 49ers,SFO,1986,11,1986-11-17,False,WAS,A,L,6,14,3.0,2,,0,,,,0,,,0,8.0,match,2,2,False,fum_rec;blocked_kicks;def_fum_td,PFR
San Francisco 49ers,SFO,1986,12,1986-11-23,False,ATL,H,W,20,0,8.0,1,,0,,,,0,,,1,26.0,match,1,1,False,fum_rec;blocked_kicks;def_fum_td,PFR
San Francisco 49ers,SFO,1986,13,1986-12-01,False,NYG,H,L,17,21,1.0,2,,0,,,,0,,,0,5.0,match,2,2,False,fum_rec;blocked_kicks;def_fum_td,PFR
San Francisco 49ers,SFO,1986,14,1986-12-07,False,NYJ,H,W,24,10,4.0,3,,0,,,,0,,,0,14.0,match,3,3,False,fum_rec;blocked_kicks;def_fum_td,PFR
San Francisco 49ers,SFO,1986,15,1986-12-14,False,NWE,A,W,29,24,3.0,2,,0,,,,0,,,0,7.0,match,2,2,False,fum_rec;blocked_kicks;def_fum_td,PFR
San Francisco 49ers,SFO,1986,16,1986-12-19,False,RAM,H,W,24,14,3.0,3,,0,,,,0,,,0,10.0,match,3,3,False,fum_rec;blocked_kicks;def_fum_td,PFR
San Francisco 49ers,SFO,1986,17,1987-01-04,True,NYG,A,L,3,49,1.0,0,,0,,,,0,,,0,-3.0,match,0,0,False,fum_rec;blocked_kicks;def_fum_td,PFR
St. Louis Cardinals,STL,1986,1,1986-09-07,False,RAM,H,L,10,16,2.0,0,,0,,,,0,,,0,3.0,match,0,0,False,fum_rec;blocked_kicks;def_fum_td,PFR
St. Louis Cardinals,STL,1986,2,1986-09-14,False,ATL,A,L,13,33,1.0,0,,0,,,,0,,,0,0.0,match,0,0,False,fum_rec;blocked_kicks;def_fum_td,PFR
St. Louis Cardinals,STL,1986,3,1986-09-21,False,BUF,A,L,10,17,4.0,0,,0,,,,0,,,0,5.0,match,0,0,False,fum_rec;blocked_kicks;def_fum_td,PFR
St. Louis Cardinals,STL,1986,4,1986-09-29,False,DAL,H,L,7,31,3.0,2,,0,,,,0,,,0,6.0,match,2,2,False,fum_rec;blocked_kicks;def_fum_td,PFR
St. Louis Cardinals,STL,1986,5,1986-10-05,False,NYG,H,L,6,13,3.0,0,,0,,,,0,,,0,7.0,match,0,0,False,fum_rec;blocked_kicks;def_fum_td,PFR
St. Louis Cardinals,STL,1986,6,1986-10-12,False,TAM,A,W,30,19,3.0,0,,0,,,,0,,,0,4.0,match,0,0,False,fum_rec;blocked_kicks;def_fum_td,PFR
St. Louis Cardinals,STL,1986,7,1986-10-19,False,WAS,A,L,21,28,0,1,,0,,,,0,,,0,1,match,1,1,False,fum_rec;blocked_kicks;def_fum_td,PFR
St. Louis Cardinals,STL,1986,8,1986-10-26,False,DAL,A,L,6,37,2.0,0,,0,,,,0,,,0,-2.0,match,0,0,False,fum_rec;blocked_kicks;def_fum_td,PFR
St. Louis Cardinals,STL,1986,9,1986-11-02,False,PHI,H,W,13,10,5.0,0,,0,,,,0,,,0,9.0,match,0,0,False,fum_rec;blocked_kicks;def_fum_td,PFR
St. Louis Cardinals,STL,1986,10,1986-11-09,False,SFO,A,L,17,43,1.0,1,,0,,,,0,,,0,-1.0,match,1,1,False,fum_rec;blocked_kicks;def_fum_td,PFR
St. Louis Cardinals,STL,1986,11,1986-11-16,False,NOR,H,L,7,16,3.0,0,,0,,,,0,,,0,4.0,match,0,0,False,fum_rec;blocked_kicks;def_fum_td,PFR
St. Louis Cardinals,STL,1986,12,1986-11-23,False,KAN,H,W,23,14,2.0,2,,0,,,,0,,,0,7.0,match,2,2,False,fum_rec;blocked_kicks;def_fum_td,PFR
St. Louis Cardinals,STL,1986,13,1986-11-30,False,WAS,H,L,17,20,0,1,,0,,,,0,,,0,3,match,1,1,False,fum_rec;blocked_kicks;def_fum_td,PFR
St. Louis Cardinals,STL,1986,14,1986-12-07,False,PHI,A,T,10,10,10.0,1,,0,,,,0,,,0,16.0,match,1,1,False,fum_rec;blocked_kicks;def_fum_td,PFR
St. Louis Cardinals,STL,1986,15,1986-12-14,False,NYG,A,L,7,27,2.0,0,,0,,,,0,,,0,2.0,match,0,0,False,fum_rec;blocked_kicks;def_fum_td,PFR
St. Louis Cardinals,STL,1986,16,1986-12-21,False,TAM,H,W,21,17,0,2,,0,,,,0,,,2,17,match,2,2,False,fum_rec;blocked_kicks;def_fum_td,PFR
Tampa Bay Buccaneers,TAM,1986,1,1986-09-07,False,SFO,H,L,7,31,2.0,1,,0,,,,0,,,0,3.0,match,1,1,False,fum_rec;blocked_kicks;def_fum_td,PFR
Tampa Bay Buccaneers,TAM,1986,2,1986-09-14,False,MIN,H,L,10,23,2.0,0,,0,,,,0,,,0,2.0,match,0,0,False,fum_rec;blocked_kicks;def_fum_td,PFR
Tampa Bay Buccaneers,TAM,1986,3,1986-09-21,False,DET,A,W,24,20,4.0,2,,0,,,,0,,,0,9.0,match,2,2,False,fum_rec;blocked_kicks;def_fum_td,PFR
Tampa Bay Buccaneers,TAM,1986,4,1986-09-28,False,ATL,H,L,20,23,1.0,0,,0,,,,0,,,0,1.0,match,0,0,False,fum_rec;blocked_kicks;def_fum_td,PFR
Tampa Bay Buccaneers,TAM,1986,5,1986-10-05,False,RAM,A,L,20,26,1.0,0,,0,,,,0,,,0,1.0,match,0,0,False,fum_rec;blocked_kicks;def_fum_td,PFR
Tampa Bay Buccaneers,TAM,1986,6,1986-10-12,False,STL,H,L,19,30,2.0,0,,0,,,,0,,,0,1.0,match,0,0,False,fum_rec;blocked_kicks;def_fum_td,PFR
Tampa Bay Buccaneers,TAM,1986,7,1986-10-19,False,NOR,A,L,7,38,0.0,1,,0,,,,0,,,0,-2,match,1,1,False,fum_rec;blocked_kicks;def_fum_td,PFR
Tampa Bay Buccaneers,TAM,1986,8,1986-10-26,False,KAN,A,L,20,27,1.0,1,,0,,,,0,,,0,3.0,match,1,1,False,fum_rec;blocked_kicks;def_fum_td,PFR
Tampa Bay Buccaneers,TAM,1986,9,1986-11-02,False,BUF,H,W,34,28,1.0,0,,0,,,,0,,,0,0.0,match,0,0,False,fum_rec;blocked_kicks;def_fum_td,PFR
Tampa Bay Buccaneers,TAM,1986,10,1986-11-09,False,CHI,H,L,3,23,1.0,1,,0,,,,0,,,0,3.0,match,1,1,False,fum_rec;blocked_kicks;def_fum_td,PFR
Tampa Bay Buccaneers,TAM,1986,11,1986-11-16,False,GNB,A,L,7,31,0,3,,0,,,,0,,,0,5,match,3,3,False,fum_rec;blocked_kicks;def_fum_td,PFR
Tampa Bay Buccaneers,TAM,1986,12,1986-11-23,False,DET,H,L,17,38,0,1,,0,,,,0,,,0,-2,match,1,1,False,fum_rec;blocked_kicks;def_fum_td,PFR
Tampa Bay Buccaneers,TAM,1986,13,1986-11-30,False,MIN,A,L,13,45,0,0,,0,,,,0,,,0,-4,match,0,0,False,fum_rec;blocked_kicks;def_fum_td,PFR
Tampa Bay Buccaneers,TAM,1986,14,1986-12-07,False,CHI,A,L,14,48,0,1,,0,,,,0,,,0,-2,match,1,1,False,fum_rec;blocked_kicks;def_fum_td,PFR
Tampa Bay Buccaneers,TAM,1986,15,1986-12-14,False,GNB,H,L,7,21,2.0,0,,0,,,,0,,,0,2.0,match,0,0,False,fum_rec;blocked_kicks;def_fum_td,PFR
Tampa Bay Buccaneers,TAM,1986,16,1986-12-21,False,STL,A,L,17,21,2.0,2,,0,,,,0,,,0,6.0,match,2,2,False,fum_rec;blocked_kicks;def_fum_td,PFR
Washington Redskins,WAS,1986,1,1986-09-07,False,PHI,H,W,41,14,6.0,1,,0,,,,0,,,0,9.0,match,1,1,False,fum_rec;blocked_kicks;def_fum_td,PFR
Washington Redskins,WAS,1986,2,1986-09-14,False,RAI,H,W,10,6,5.0,3,,0,,,,0,,,0,18.0,match,3,3,False,fum_rec;blocked_kicks;def_fum_td,PFR
Washington Redskins,WAS,1986,3,1986-09-21,False,SDG,A,W,30,27,3.0,3,,0,,,,0,,,0,9.0,match,3,3,False,fum_rec;blocked_kicks;def_fum_td,PFR
Washington Redskins,WAS,1986,4,1986-09-28,False,SEA,H,W,19,14,1.0,2,,0,,,,0,,,0,6.0,match,2,2,False,fum_rec;blocked_kicks;def_fum_td,PFR
Washington Redskins,WAS,1986,5,1986-10-05,False,NOR,A,W,14,6,3.0,1,,0,,,,0,,,0,12.0,match,1,1,False,fum_rec;blocked_kicks;def_fum_td,PFR
Washington Redskins,WAS,1986,6,1986-10-12,False,DAL,A,L,6,30,1.0,1,,0,,,,0,,,0,2.0,match,1,1,False,fum_rec;blocked_kicks;def_fum_td,PFR
Washington Redskins,WAS,1986,7,1986-10-19,False,STL,H,W,28,21,5.0,0,,0,,,,0,,,0,5.0,match,0,0,False,fum_rec;blocked_kicks;def_fum_td,PFR
Washington Redskins,WAS,1986,8,1986-10-27,False,NYG,A,L,20,27,3.0,0,,0,,,,0,,,0,3.0,match,0,0,False,fum_rec;blocked_kicks;def_fum_td,PFR
Washington Redskins,WAS,1986,9,1986-11-02,False,MIN,H,W,44,38,4.0,1,,0,,,,0,,,0,2.0,match,1,1,False,fum_rec;blocked_kicks;def_fum_td,PFR
Washington Redskins,WAS,1986,10,1986-11-09,False,GNB,A,W,16,7,2.0,1,,0,,,,0,,,0,8.0,match,1,1,False,fum_rec;blocked_kicks;def_fum_td,PFR
Washington Redskins,WAS,1986,11,1986-11-17,False,SFO,H,W,14,6,3.0,3,,0,,,,0,,,0,16.0,match,3,3,False,fum_rec;blocked_kicks;def_fum_td,PFR
Washington Redskins,WAS,1986,12,1986-11-23,False,DAL,H,W,41,14,5.0,1,,0,,,,0,,,0,8.0,match,1,1,False,fum_rec;blocked_kicks;def_fum_td,PFR
Washington Redskins,WAS,1986,13,1986-11-30,False,STL,A,W,20,17,5.0,0,,0,,,,0,,,0,6.0,match,0,0,False,fum_rec;blocked_kicks;def_fum_td,PFR
Washington Redskins,WAS,1986,14,1986-12-07,False,NYG,H,L,14,24,1.0,2,,0,,,,0,,,0,5.0,match,2,2,False,fum_rec;blocked_kicks;def_fum_td,PFR
Washington Redskins,WAS,1986,15,1986-12-13,False,DEN,A,L,30,31,3.0,0,,0,,,,0,,,0,2.0,match,0,0,False,fum_rec;blocked_kicks;def_fum_td,PFR
Washington Redskins,WAS,1986,16,1986-12-21,False,PHI,A,W,21,14,5.0,0,,0,,,,0,,,0,6.0,match,0,0,False,fum_rec;blocked_kicks;def_fum_td,PFR
Washington Redskins,WAS,1986,17,1986-12-28,True,RAM,H,W,19,7,1.0,2,,0,,,,0,,,0,9.0,match,2,2,False,fum_rec;blocked_kicks;def_fum_td,PFR
Washington Redskins,WAS,1986,18,1987-01-03,True,CHI,A,W,27,13,1.0,2,,0,,,,0,,,0,9.0,match,2,2,False,fum_rec;blocked_kicks;def_fum_td,PFR
Washington Redskins,WAS,1986,19,1987-01-11,True,NYG,A,L,0,17,1.0,0,,0,,,,0,,,0,2.0,match,0,0,False,fum_rec;blocked_kicks;def_fum_td,PFR
Atlanta Falcons,ATL,1987,1,1987-09-13,False,TAM,A,L,10,48,0,1,,0,,,,0,,,0,-2,match,1,1,False,fum_rec;blocked_kicks;def_fum_td,PFR
Atlanta Falcons,ATL,1987,2,1987-09-20,False,WAS,H,W,21,20,1.0,2,,0,,,,0,,,0,6.0,match,2,2,False,fum_rec;blocked_kicks;def_fum_td,PFR
Atlanta Falcons,ATL,1987,3,1987-10-04,False,PIT,H,L,12,28,1.0,1,,0,,,,0,,,0,2.0,match,1,1,False,fum_rec;blocked_kicks;def_fum_td,PFR
Atlanta Falcons,ATL,1987,4,1987-10-11,False,SFO,H,L,17,25,3.0,1,,0,,,,0,,,0,5.0,match,1,1,False,fum_rec;blocked_kicks;def_fum_td,PFR
Atlanta Falcons,ATL,1987,5,1987-10-18,False,RAM,H,W,24,20,2.0,1,,0,,,,0,,,0,5.0,match,1,1,False,fum_rec;blocked_kicks;def_fum_td,PFR
Atlanta Falcons,ATL,1987,6,1987-10-25,False,HOU,A,L,33,37,1.0,2,,0,,,,0,,,0,1.0,match,2,2,False,fum_rec;blocked_kicks;def_fum_td,PFR
Atlanta Falcons,ATL,1987,7,1987-11-01,False,NOR,H,L,0,38,1.0,0,,0,,,,0,,,0,-3.0,match,0,0,False,fum_rec;blocked_kicks;def_fum_td,PFR
Atlanta Falcons,ATL,1987,8,1987-11-08,False,CLE,A,L,3,38,0,0,,0,,,,0,,,0,-4,match,0,0,False,fum_rec;blocked_kicks;def_fum_td,PFR
Atlanta Falcons,ATL,1987,9,1987-11-15,False,CIN,H,L,10,16,1.0,2,,0,,,,0,,,0,6.0,match,2,2,False,fum_rec;blocked_kicks;def_fum_td,PFR
Atlanta Falcons,ATL,1987,10,1987-11-22,False,MIN,A,L,13,24,1.0,1,,0,,,,0,,,0,3.0,match,1,1,False,fum_rec;blocked_kicks;def_fum_td,PFR
Atlanta Falcons,ATL,1987,11,1987-11-29,False,STL,H,L,21,34,1.0,1,,0,,,,0,,,0,2.0,match,1,1,False,fum_rec;blocked_kicks;def_fum_td,PFR
Atlanta Falcons,ATL,1987,12,1987-12-06,False,DAL,A,W,21,10,3.0,1,,0,,,,0,,,0,9.0,match,1,1,False,fum_rec;blocked_kicks;def_fum_td,PFR
Atlanta Falcons,ATL,1987,13,1987-12-13,False,RAM,A,L,0,33,0,0,,0,,,,0,,,0,-1,match,0,0,False,fum_rec;blocked_kicks;def_fum_td,PFR
Atlanta Falcons,ATL,1987,14,1987-12-20,False,SFO,A,L,7,35,1.0,0,,0,,,,0,,,1,3.0,match,0,0,False,fum_rec;blocked_kicks;def_fum_td,PFR
Atlanta Falcons,ATL,1987,15,1987-12-27,False,DET,H,L,13,30,1.0,2,,0,,,,0,,,0,4.0,match,2,2,False,fum_rec;blocked_kicks;def_fum_td,PFR
Buffalo Bills,BUF,1987,1,1987-09-13,False,NYJ,H,L,28,31,4.0,1,,0,,,,0,,,0,5.0,match,1,1,False,fum_rec;blocked_kicks;def_fum_td,PFR
Buffalo Bills,BUF,1987,2,1987-09-20,False,HOU,H,W,34,30,1.0,1,,0,,,,0,,,0,2.0,match,1,1,False,fum_rec;blocked_kicks;def_fum_td,PFR
Buffalo Bills,BUF,1987,3,1987-10-04,False,IND,H,L,6,47,1.0,0,,0,,,,0,,,0,-3.0,match,0,0,False,fum_rec;blocked_kicks;def_fum_td,PFR
Buffalo Bills,BUF,1987,4,1987-10-11,False,NWE,A,L,7,14,0,1,,0,,,,0,,,0,3,match,1,1,False,fum_rec;blocked_kicks;def_fum_td,PFR
Buffalo Bills,BUF,1987,5,1987-10-18,False,NYG,H,W,6,3,3.0,2,,0,,,,0,,,0,14.0,match,2,2,False,fum_rec;blocked_kicks;def_fum_td,PFR
Buffalo Bills,BUF,1987,6,1987-10-25,False,MIA,A,W,34,31,1.0,0,,0,,,,0,,,0,0.0,match,0,0,False,fum_rec;blocked_kicks;def_fum_td,PFR
Buffalo Bills,BUF,1987,7,1987-11-01,False,WAS,H,L,7,27,2.0,0,,0,,,,0,,,0,2.0,match,0,0,False,fum_rec;blocked_kicks;def_fum_td,PFR
Buffalo Bills,BUF,1987,8,1987-11-08,False,DEN,H,W,21,14,3.0,0,,0,,,,0,,,0,4.0,match,0,0,False,fum_rec;blocked_kicks;def_fum_td,PFR
Buffalo Bills,BUF,1987,9,1987-11-15,False,CLE,A,L,21,27,2.0,1,,0,,,,0,,,0,4.0,match,1,1,False,fum_rec;blocked_kicks;def_fum_td,PFR
Buffalo Bills,BUF,1987,10,1987-11-22,False,NYJ,A,W,17,14,5.0,1,,0,,,,0,,,0,8.0,match,1,1,False,fum_rec;blocked_kicks;def_fum_td,PFR
Buffalo Bills,BUF,1987,11,1987-11-29,False,MIA,H,W,27,0,1.0,3,,0,,,,0,,,0,17.0,match,3,3,False,fum_rec;blocked_kicks;def_fum_td,PFR
Buffalo Bills,BUF,1987,12,1987-12-06,False,RAI,A,L,21,34,1.0,0,,0,,,,0,,,0,0.0,match,0,0,False,fum_rec;blocked_kicks;def_fum_td,PFR
Buffalo Bills,BUF,1987,13,1987-12-13,False,IND,A,W,27,3,5.0,4,,0,,,,0,,,0,20.0,match,4,4,False,fum_rec;blocked_kicks;def_fum_td,PFR
Buffalo Bills,BUF,1987,14,1987-12-20,False,NWE,H,L,7,13,0,2,,0,,,,0,,,0,8,match,2,2,False,fum_rec;blocked_kicks;def_fum_td,PFR
Buffalo Bills,BUF,1987,15,1987-12-27,False,PHI,A,L,7,17,5.0,1,,0,,,,0,,,0,8.0,match,1,1,False,fum_rec;blocked_kicks;def_fum_td,PFR
Chicago Bears,CHI,1987,1,1987-09-14,False,NYG,H,W,34,19,9.0,0,,0,,,,0,,,1,16.0,match,0,0,False,fum_rec;blocked_kicks;def_fum_td,PFR
Chicago Bears,CHI,1987,2,1987-09-20,False,TAM,H,W,20,3,4.0,2,,0,,,,0,,,0,15.0,match,2,2,False,fum_rec;blocked_kicks;def_fum_td,PFR
Chicago Bears,CHI,1987,3,1987-10-04,False,PHI,A,W,35,3,11.0,0,,0,,,,0,,,0,18.0,match,0,0,False,fum_rec;blocked_kicks;def_fum_td,PFR
Chicago Bears,CHI,1987,4,1987-10-11,False,MIN,H,W,27,7,9.0,1,,0,,,,0,,,0,15.0,match,1,1,False,fum_rec;blocked_kicks;def_fum_td,PFR
Chicago Bears,CHI,1987,5,1987-10-18,False,NOR,H,L,17,19,3.0,1,,0,,,,0,,,0,6.0,match,1,1,False,fum_rec;blocked_kicks;def_fum_td,PFR
Chicago Bears,CHI,1987,6,1987-10-25,False,TAM,A,W,27,26,7.0,0,,0,,,,0,,,1,13.0,match,0,0,False,fum_rec;blocked_kicks;def_fum_td,PFR
Chicago Bears,CHI,1987,7,1987-11-01,False,KAN,H,W,31,28,2.0,1,,0,,,,0,,,1,9.0,match,1,1,False,fum_rec;blocked_kicks;def_fum_td,PFR
Chicago Bears,CHI,1987,8,1987-11-08,False,GNB,A,W,26,24,0.0,0,,0,,,,0,,,0,0,match,0,0,False,fum_rec;blocked_kicks;def_fum_td,PFR
Chicago Bears,CHI,1987,9,1987-11-16,False,DEN,A,L,29,31,0.0,2,,0,,,,0,,,0,3,match,2,2,False,fum_rec;blocked_kicks;def_fum_td,PFR
Chicago Bears,CHI,1987,10,1987-11-22,False,DET,H,W,30,10,3.0,2,,0,,,,0,,,0,11.0,match,2,2,False,fum_rec;blocked_kicks;def_fum_td,PFR
Chicago Bears,CHI,1987,11,1987-11-29,False,GNB,H,W,23,10,3.0,2,,0,,,,0,,,0,11.0,match,2,2,False,fum_rec;blocked_kicks;def_fum_td,PFR
Chicago Bears,CHI,1987,12,1987-12-06,False,MIN,A,W,30,24,5.0,1,,0,,,,0,,,0,7.0,match,1,1,False,fum_rec;blocked_kicks;def_fum_td,PFR
Chicago Bears,CHI,1987,13,1987-12-14,False,SFO,A,L,0,41,2.0,0,,0,,,,0,,,0,-2.0,match,0,0,False,fum_rec;blocked_kicks;def_fum_td,PFR
Chicago Bears,CHI,1987,14,1987-12-20,False,SEA,H,L,21,34,2.0,0,,0,,,,0,,,0,1.0,match,0,0,False,fum_rec;blocked_kicks;def_fum_td,PFR
Chicago Bears,CHI,1987,15,1987-12-27,False,RAI,A,W,6,3,9.0,1,,0,,,,0,,,0,18.0,match,1,1,False,fum_rec;blocked_kicks;def_fum_td,PFR
Chicago Bears,CHI,1987,16,1988-01-10,True,WAS,H,L,17,21,1.0,1,,0,,,,0,,,0,3.0,match,1,1,False,fum_rec;blocked_kicks;def_fum_td,PFR
Cincinnati Bengals,CIN,1987,1,1987-09-13,False,IND,A,W,23,21,0.0,3,,0,,,,0,,,0,6,match,3,3,False,fum_rec;blocked_kicks;def_fum_td,PFR
Cincinnati Bengals,CIN,1987,2,1987-09-20,False,SFO,H,L,26,27,5.0,0,,0,,,,0,,,0,5.0,match,0,0,False,fum_rec;blocked_kicks;def_fum_td,PFR
Cincinnati Bengals,CIN,1987,3,1987-10-04,False,SDG,H,L,9,10,3.0,1,,0,,,,0,,,0,9.0,match,1,1,False,fum_rec;blocked_kicks;def_fum_td,PFR
Cincinnati Bengals,CIN,1987,4,1987-10-11,False,SEA,A,W,17,10,5.0,2,,0,,,,0,,,0,13.0,match,2,2,False,fum_rec;blocked_kicks;def_fum_td,PFR
Cincinnati Bengals,CIN,1987,5,1987-10-18,False,CLE,H,L,0,34,2.0,0,,0,,,,0,,,0,1.0,match,0,0,False,fum_rec;blocked_kicks;def_fum_td,PFR
Cincinnati Bengals,CIN,1987,6,1987-10-25,False,PIT,A,L,20,23,2.0,0,,0,,,,0,,,0,2.0,match,0,0,False,fum_rec;blocked_kicks;def_fum_td,PFR
Cincinnati Bengals,CIN,1987,7,1987-11-01,False,HOU,H,L,29,31,6.0,1,,0,,,,0,,,0,7.0,match,1,1,False,fum_rec;blocked_kicks;def_fum_td,PFR
Cincinnati Bengals,CIN,1987,8,1987-11-08,False,MIA,H,L,14,20,3.0,0,,0,,,,0,,,0,4.0,match,0,0,False,fum_rec;blocked_kicks;def_fum_td,PFR
Cincinnati Bengals,CIN,1987,9,1987-11-15,False,ATL,A,W,16,10,3.0,1,,0,,,,0,,,0,9.0,match,1,1,False,fum_rec;blocked_kicks;def_fum_td,PFR
Cincinnati Bengals,CIN,1987,10,1987-11-22,False,PIT,H,L,16,30,0.0,2,,0,,,,0,,,0,3,match,2,2,False,fum_rec;blocked_kicks;def_fum_td,PFR
Cincinnati Bengals,CIN,1987,11,1987-11-29,False,NYJ,A,L,20,27,2.0,2,,0,,,,0,,,0,6.0,match,2,2,False,fum_rec;blocked_kicks;def_fum_td,PFR
Cincinnati Bengals,CIN,1987,12,1987-12-06,False,KAN,H,W,30,27,2.0,0,,0,,,,0,,,0,2.0,match,0,0,False,fum_rec;blocked_kicks;def_fum_td,PFR
Cincinnati Bengals,CIN,1987,13,1987-12-13,False,CLE,A,L,24,38,1.0,0,,0,,,,0,,,0,-3.0,match,0,0,False,fum_rec;blocked_kicks;def_fum_td,PFR
Cincinnati Bengals,CIN,1987,14,1987-12-20,False,NOR,H,L,24,41,3.0,0,,0,,,,0,,,0,-1.0,match,0,0,False,fum_rec;blocked_kicks;def_fum_td,PFR
Cincinnati Bengals,CIN,1987,15,1987-12-27,False,HOU,A,L,17,21,3.0,2,,0,,,,0,,,0,7.0,match,2,2,False,fum_rec;blocked_kicks;def_fum_td,PFR
Cleveland Browns,CLE,1987,1,1987-09-13,False,NOR,A,L,21,28,1.0,0,,0,,,,0,,,0,0.0,match,0,0,False,fum_rec;blocked_kicks;def_fum_td,PFR
Cleveland Browns,CLE,1987,2,1987-09-20,False,PIT,H,W,34,10,4.0,6,,0,,,,0,,,0,20.0,match,6,6,False,fum_rec;blocked_kicks;def_fum_td,PFR
Cleveland Browns,CLE,1987,3,1987-10-04,False,NWE,A,W,20,10,3.0,0,,0,,,,0,,,0,7.0,match,0,0,False,fum_rec;blocked_kicks;def_fum_td,PFR
Cleveland Browns,CLE,1987,4,1987-10-11,False,HOU,H,L,10,15,1.0,2,,0,,,,0,,,0,6.0,match,2,2,False,fum_rec;blocked_kicks;def_fum_td,PFR
Cleveland Browns,CLE,1987,5,1987-10-18,False,CIN,A,W,34,0,2.0,1,,0,,,,0,,,0,14.0,match,1,1,False,fum_rec;blocked_kicks;def_fum_td,PFR
Cleveland Browns,CLE,1987,6,1987-10-26,False,RAM,H,W,30,17,0.0,3,,0,,,,0,,,0,7,match,3,3,False,fum_rec;blocked_kicks;def_fum_td,PFR
Cleveland Browns,CLE,1987,7,1987-11-01,False,SDG,A,L,24,27,3.0,1,,0,,,,0,,,0,5.0,match,1,1,False,fum_rec;blocked_kicks;def_fum_td,PFR
Cleveland Browns,CLE,1987,8,1987-11-08,False,ATL,H,W,38,3,7.0,1,,0,,,,0,,,0,16.0,match,1,1,False,fum_rec;blocked_kicks;def_fum_td,PFR
Cleveland Browns,CLE,1987,9,1987-11-15,False,BUF,H,W,27,21,3.0,0,,0,,,,0,,,0,3.0,match,0,0,False,fum_rec;blocked_kicks;def_fum_td,PFR
Cleveland Browns,CLE,1987,10,1987-11-22,False,HOU,A,W,40,7,3.0,4,,0,,,,0,,,0,15.0,match,4,4,False,fum_rec;blocked_kicks;def_fum_td,PFR
Cleveland Browns,CLE,1987,11,1987-11-29,False,SFO,A,L,24,38,1.0,1,,0,,,,0,,,0,-1.0,match,1,1,False,fum_rec;blocked_kicks;def_fum_td,PFR
Cleveland Browns,CLE,1987,12,1987-12-06,False,IND,H,L,7,9,1.0,0,,0,,,,0,,,0,5.0,match,0,0,False,fum_rec;blocked_kicks;def_fum_td,PFR
Cleveland Browns,CLE,1987,13,1987-12-13,False,CIN,H,W,38,24,1.0,2,,0,,,,0,,,0,5.0,match,2,2,False,fum_rec;blocked_kicks;def_fum_td,PFR
Cleveland Browns,CLE,1987,14,1987-12-20,False,RAI,A,W,24,17,4.0,0,,0,,,,0,,,0,5.0,match,0,0,False,fum_rec;blocked_kicks;def_fum_td,PFR
Cleveland Browns,CLE,1987,15,1987-12-26,False,PIT,A,W,19,13,0.0,2,,0,,,,0,,,0,8,match,2,2,False,fum_rec;blocked_kicks;def_fum_td,PFR
Cleveland Browns,CLE,1987,16,1988-01-09,True,IND,H,W,38,21,2.0,2,,0,,,,0,,,0,6.0,match,2,2,False,fum_rec;blocked_kicks;def_fum_td,PFR
Cleveland Browns,CLE,1987,17,1988-01-17,True,DEN,A,L,33,38,2.0,1,,1,,,,0,,,0,2.0,match,1,1,False,fum_rec;blocked_kicks;def_fum_td,PFR
Dallas Cowboys,DAL,1987,1,1987-09-13,False,STL,A,L,13,24,3.0,0,,0,,,,0,,,0,3.0,match,0,0,False,fum_rec;blocked_kicks;def_fum_td,PFR
Dallas Cowboys,DAL,1987,2,1987-09-20,False,NYG,A,W,16,14,2.0,4,,0,,,,0,,,0,11.0,match,4,4,False,fum_rec;blocked_kicks;def_fum_td,PFR
Dallas Cowboys,DAL,1987,3,1987-10-04,False,NYJ,A,W,38,24,11.0,2,,0,,,,0,,,0,15.0,match,2,2,False,fum_rec;blocked_kicks;def_fum_td,PFR
Dallas Cowboys,DAL,1987,4,1987-10-11,False,PHI,H,W,41,22,5.0,0,,0,,,,0,,,0,5.0,match,0,0,False,fum_rec;blocked_kicks;def_fum_td,PFR
Dallas Cowboys,DAL,1987,5,1987-10-19,False,WAS,H,L,7,13,3.0,2,,0,,,,0,,,0,11.0,match,2,2,False,fum_rec;blocked_kicks;def_fum_td,PFR
Dallas Cowboys,DAL,1987,6,1987-10-25,False,PHI,A,L,20,37,4.0,0,,0,,,,0,,,0,0.0,match,0,0,False,fum_rec;blocked_kicks;def_fum_td,PFR
Dallas Cowboys,DAL,1987,7,1987-11-02,False,NYG,H,W,33,24,6.0,2,,0,,,,0,,,0,10.0,match,2,2,False,fum_rec;blocked_kicks;def_fum_td,PFR
Dallas Cowboys,DAL,1987,8,1987-11-08,False,DET,A,L,17,27,0.0,2,,0,,,,0,,,0,4,match,2,2,False,fum_rec;blocked_kicks;def_fum_td,PFR
Dallas Cowboys,DAL,1987,9,1987-11-15,False,NWE,A,W,23,17,4.0,1,,0,,,,0,,,0,7.0,match,1,1,False,fum_rec;blocked_kicks;def_fum_td,PFR
Dallas Cowboys,DAL,1987,10,1987-11-22,False,MIA,H,L,14,20,1.0,1,,0,,,,0,,,0,4.0,match,1,1,False,fum_rec;blocked_kicks;def_fum_td,PFR
Dallas Cowboys,DAL,1987,11,1987-11-26,False,MIN,H,L,38,44,4.0,2,,0,,,,0,,,0,4.0,match,2,2,False,fum_rec;blocked_kicks;def_fum_td,PFR
Dallas Cowboys,DAL,1987,12,1987-12-06,False,ATL,H,L,10,21,0,2,,0,,,,0,,,0,4,match,2,2,False,fum_rec;blocked_kicks;def_fum_td,PFR
Dallas Cowboys,DAL,1987,13,1987-12-13,False,WAS,A,L,20,24,1.0,1,,0,,,,0,,,0,3.0,match,1,1,False,fum_rec;blocked_kicks;def_fum_td,PFR
Dallas Cowboys,DAL,1987,14,1987-12-21,False,RAM,A,W,29,21,3.0,3,,0,,,,0,,,0,9.0,match,3,3,False,fum_rec;blocked_kicks;def_fum_td,PFR
Dallas Cowboys,DAL,1987,15,1987-12-27,False,STL,H,W,21,16,3.0,1,,0,,,,0,,,0,6.0,match,1,1,False,fum_rec;blocked_kicks;def_fum_td,PFR
Denver Broncos,DEN,1987,1,1987-09-13,False,SEA,H,W,40,17,1.0,3,,0,,,,0,,,0,8.0,match,3,3,False,fum_rec;blocked_kicks;def_fum_td,PFR
Denver Broncos,DEN,1987,2,1987-09-20,False,GNB,A,T,17,17,3.0,0,,0,,,,0,,,0,4.0,match,0,0,False,fum_rec;blocked_kicks;def_fum_td,PFR
Denver Broncos,DEN,1987,3,1987-10-04,False,HOU,H,L,10,40,0,0,,0,,,,0,,,0,-4,match,0,0,False,fum_rec;blocked_kicks;def_fum_td,PFR
Denver Broncos,DEN,1987,4,1987-10-12,False,RAI,H,W,30,14,2.0,3,,0,,,,0,,,0,9.0,match,3,3,False,fum_rec;blocked_kicks;def_fum_td,PFR
Denver Broncos,DEN,1987,5,1987-10-18,False,KAN,A,W,26,17,2.0,1,,0,,,,0,,,0,5.0,match,1,1,False,fum_rec;blocked_kicks;def_fum_td,PFR
Denver Broncos,DEN,1987,6,1987-10-26,False,MIN,A,L,27,34,1.0,5,,0,,,,0,,,0,10.0,match,5,5,False,fum_rec;blocked_kicks;def_fum_td,PFR
Denver Broncos,DEN,1987,7,1987-11-01,False,DET,H,W,34,0,3.0,1,,0,,,,0,,,0,15.0,match,1,1,False,fum_rec;blocked_kicks;def_fum_td,PFR
Denver Broncos,DEN,1987,8,1987-11-08,False,BUF,A,L,14,21,0,1,,0,,,,0,,,0,2,match,1,1,False,fum_rec;blocked_kicks;def_fum_td,PFR
Denver Broncos,DEN,1987,9,1987-11-16,False,CHI,H,W,31,29,3.0,1,,0,,,,0,,,0,4.0,match,1,1,False,fum_rec;blocked_kicks;def_fum_td,PFR
Denver Broncos,DEN,1987,10,1987-11-22,False,RAI,A,W,23,17,6.0,0,,0,,,,0,,,0,7.0,match,0,0,False,fum_rec;blocked_kicks;def_fum_td,PFR
Denver Broncos,DEN,1987,11,1987-11-29,False,SDG,A,W,31,17,2.0,2,,0,,,,0,,,0,7.0,match,2,2,False,fum_rec;blocked_kicks;def_fum_td,PFR
Denver Broncos,DEN,1987,12,1987-12-06,False,NWE,H,W,31,20,3.0,4,,0,,,,0,,,0,12.0,match,4,4,False,fum_rec;blocked_kicks;def_fum_td,PFR
Denver Broncos,DEN,1987,13,1987-12-13,False,SEA,A,L,21,28,1.0,2,,0,,,,0,,,0,4.0,match,2,2,False,fum_rec;blocked_kicks;def_fum_td,PFR
Denver Broncos,DEN,1987,14,1987-12-19,False,KAN,H,W,20,17,2.0,0,,0,,,,0,,,0,3.0,match,0,0,False,fum_rec;blocked_kicks;def_fum_td,PFR
Denver Broncos,DEN,1987,15,1987-12-27,False,SDG,H,W,24,0,2.0,5,,0,,,,0,,,1,28.0,match,5,5,False,fum_rec;blocked_kicks;def_fum_td,PFR
Denver Broncos,DEN,1987,16,1988-01-10,True,HOU,H,W,34,10,0.0,2,,0,,,,0,,,0,8,match,2,2,False,fum_rec;blocked_kicks;def_fum_td,PFR
Denver Broncos,DEN,1987,17,1988-01-17,True,CLE,H,W,38,33,2.0,1,,0,,,,0,,,0,3.0,match,1,1,False,fum_rec;blocked_kicks;def_fum_td,PFR
Denver Broncos,DEN,1987,18,1988-01-31,True,WAS,N,L,10,42,2.0,1,,0,,,,0,,,0,0.0,match,1,1,False,fum_rec;blocked_kicks;def_fum_td,PFR
Detroit Lions,DET,1987,1,1987-09-13,False,MIN,A,L,19,34,1.0,3,,0,,,,0,,,0,6.0,match,3,3,False,fum_rec;blocked_kicks;def_fum_td,PFR
Detroit Lions,DET,1987,2,1987-09-20,False,RAI,A,L,7,27,1.0,1,,0,,,,0,,,0,3.0,match,1,1,False,fum_rec;blocked_kicks;def_fum_td,PFR
Detroit Lions,DET,1987,3,1987-10-04,False,TAM,H,L,27,31,1.0,0,,0,,,,0,,,0,0.0,match,0,0,False,fum_rec;blocked_kicks;def_fum_td,PFR
Detroit Lions,DET,1987,4,1987-10-11,False,GNB,A,W,19,16,7.0,1,,0,,,,0,,,0,10.0,match,1,1,False,fum_rec;blocked_kicks;def_fum_td,PFR
Detroit Lions,DET,1987,5,1987-10-18,False,SEA,H,L,14,37,4.0,1,,0,,,,0,,,0,2.0,match,1,1,False,fum_rec;blocked_kicks;def_fum_td,PFR
Detroit Lions,DET,1987,6,1987-10-25,False,GNB,H,L,33,34,3.0,1,,0,,,,0,,,0,4.0,match,1,1,False,fum_rec;blocked_kicks;def_fum_td,PFR
Detroit Lions,DET,1987,7,1987-11-01,False,DEN,A,L,0,34,3.0,0,,0,,,,0,,,0,2.0,match,0,0,False,fum_rec;blocked_kicks;def_fum_td,PFR
Detroit Lions,DET,1987,8,1987-11-08,False,DAL,H,W,27,17,3.0,4,,0,,,,0,,,0,12.0,match,4,4,False,fum_rec;blocked_kicks;def_fum_td,PFR
Detroit Lions,DET,1987,9,1987-11-15,False,WAS,A,L,13,20,2.0,0,,0,,,,0,,,0,3.0,match,0,0,False,fum_rec;blocked_kicks;def_fum_td,PFR
Detroit Lions,DET,1987,10,1987-11-22,False,CHI,A,L,10,30,8.0,1,,0,,,,0,,,0,9.0,match,1,1,False,fum_rec;blocked_kicks;def_fum_td,PFR
Detroit Lions,DET,1987,11,1987-11-26,False,KAN,H,L,20,27,0,1,,0,,,,0,,,0,2,match,1,1,False,fum_rec;blocked_kicks;def_fum_td,PFR
Detroit Lions,DET,1987,12,1987-12-06,False,RAM,H,L,16,37,1.0,1,,0,,,,0,,,0,-1.0,match,1,1,False,fum_rec;blocked_kicks;def_fum_td,PFR
Detroit Lions,DET,1987,13,1987-12-13,False,TAM,A,W,20,10,4.0,1,,0,,,,0,,,0,10.0,match,1,1,False,fum_rec;blocked_kicks;def_fum_td,PFR
Detroit Lions,DET,1987,14,1987-12-20,False,MIN,H,L,14,17,2.0,0,,0,,,,0,,,0,3.0,match,0,0,False,fum_rec;blocked_kicks;def_fum_td,PFR
Detroit Lions,DET,1987,15,1987-12-27,False,ATL,A,W,30,13,2.0,4,,0,,,,0,,,0,14.0,match,4,4,False,fum_rec;blocked_kicks;def_fum_td,PFR
Green Bay Packers,GNB,1987,1,1987-09-13,False,RAI,H,L,0,20,4.0,0,,0,,,,0,,,0,5.0,match,0,0,False,fum_rec;blocked_kicks;def_fum_td,PFR
Green Bay Packers,GNB,1987,2,1987-09-20,False,DEN,H,T,17,17,1.0,3,,0,,,,0,,,0,8.0,match,3,3,False,fum_rec;blocked_kicks;def_fum_td,PFR
Green Bay Packers,GNB,1987,3,1987-10-04,False,MIN,A,W,23,16,3.0,1,,0,,,,0,,,0,6.0,match,1,1,False,fum_rec;blocked_kicks;def_fum_td,PFR
Green Bay Packers,GNB,1987,4,1987-10-11,False,DET,H,L,16,19,1.0,0,,0,,,,0,,,0,2.0,match,0,0,False,fum_rec;blocked_kicks;def_fum_td,PFR
Green Bay Packers,GNB,1987,5,1987-10-18,False,PHI,H,W,16,10,1.0,4,,0,,,,0,,,0,13.0,match,4,4,False,fum_rec;blocked_kicks;def_fum_td,PFR
Green Bay Packers,GNB,1987,6,1987-10-25,False,DET,A,W,34,33,3.0,0,,0,,,,0,,,0,2.0,match,0,0,False,fum_rec;blocked_kicks;def_fum_td,PFR
Green Bay Packers,GNB,1987,7,1987-11-01,False,TAM,H,L,17,23,1.0,1,,0,,,,0,,,0,3.0,match,1,1,False,fum_rec;blocked_kicks;def_fum_td,PFR
Green Bay Packers,GNB,1987,8,1987-11-08,False,CHI,H,L,24,26,2.0,2,,0,,,,0,,,0,6.0,match,2,2,False,fum_rec;blocked_kicks;def_fum_td,PFR
Green Bay Packers,GNB,1987,9,1987-11-15,False,SEA,A,L,13,24,3.0,3,,0,,,,0,,,0,9.0,match,3,3,False,fum_rec;blocked_kicks;def_fum_td,PFR
Green Bay Packers,GNB,1987,10,1987-11-22,False,KAN,A,W,23,3,5.0,1,,0,,,,0,,,0,14.0,match,1,1,False,fum_rec;blocked_kicks;def_fum_td,PFR
Green Bay Packers,GNB,1987,11,1987-11-29,False,CHI,A,L,10,23,1.0,1,,0,,,,0,,,0,3.0,match,1,1,False,fum_rec;blocked_kicks;def_fum_td,PFR
Green Bay Packers,GNB,1987,12,1987-12-06,False,SFO,H,L,12,23,2.0,1,,0,,,,0,,,0,4.0,match,1,1,False,fum_rec;blocked_kicks;def_fum_td,PFR
Green Bay Packers,GNB,1987,13,1987-12-13,False,MIN,H,W,16,10,1.0,0,,0,,,,0,,,0,5.0,match,0,0,False,fum_rec;blocked_kicks;def_fum_td,PFR
Green Bay Packers,GNB,1987,14,1987-12-19,False,NYG,A,L,10,20,4.0,0,,0,,,,0,,,0,5.0,match,0,0,False,fum_rec;blocked_kicks;def_fum_td,PFR
Green Bay Packers,GNB,1987,15,1987-12-27,False,NOR,A,L,24,33,2.0,1,,0,,,,0,,,0,3.0,match,1,1,False,fum_rec;blocked_kicks;def_fum_td,PFR
Houston Oilers,HOU,1987,1,1987-09-13,False,RAM,H,W,20,16,3.0,2,,0,,,,0,,,0,8.0,match,2,2,False,fum_rec;blocked_kicks;def_fum_td,PFR
Houston Oilers,HOU,1987,2,1987-09-20,False,BUF,A,L,30,34,5.0,2,,0,,,,0,,,0,8.0,match,2,2,False,fum_rec;blocked_kicks;def_fum_td,PFR
Houston Oilers,HOU,1987,3,1987-10-04,False,DEN,A,W,40,10,5.0,3,,0,,,,0,,,0,15.0,match,3,3,False,fum_rec;blocked_kicks;def_fum_td,PFR
Houston Oilers,HOU,1987,4,1987-10-11,False,CLE,A,W,15,10,4.0,3,,0,,,,0,,,0,14.0,match,3,3,False,fum_rec;blocked_kicks;def_fum_td,PFR
Houston Oilers,HOU,1987,5,1987-10-18,False,NWE,H,L,7,21,1.0,0,,0,,,,0,,,0,1.0,match,0,0,False,fum_rec;blocked_kicks;def_fum_td,PFR
Houston Oilers,HOU,1987,6,1987-10-25,False,ATL,H,W,37,33,1.0,1,,0,,,,0,,,0,2.0,match,1,1,False,fum_rec;blocked_kicks;def_fum_td,PFR
Houston Oilers,HOU,1987,7,1987-11-01,False,CIN,A,W,31,29,1.0,2,,0,,,,0,,,0,4.0,match,2,2,False,fum_rec;blocked_kicks;def_fum_td,PFR
Houston Oilers,HOU,1987,8,1987-11-08,False,SFO,A,L,20,27,1.0,2,,0,,,,0,,,0,5.0,match,2,2,False,fum_rec;blocked_kicks;def_fum_td,PFR
Houston Oilers,HOU,1987,9,1987-11-15,False,PIT,A,W,23,3,2.0,3,,0,,,,0,,,0,15.0,match,3,3,False,fum_rec;blocked_kicks;def_fum_td,PFR
Houston Oilers,HOU,1987,10,1987-11-22,False,CLE,H,L,7,40,0,0,,0,,,,0,,,0,-4,match,0,0,False,fum_rec;blocked_kicks;def_fum_td,PFR
Houston Oilers,HOU,1987,11,1987-11-29,False,IND,A,L,27,51,1.0,0,,0,,,,0,,,0,-3.0,match,0,0,False,fum_rec;blocked_kicks;def_fum_td,PFR
Houston Oilers,HOU,1987,12,1987-12-06,False,SDG,H,W,33,18,5.0,0,,0,,,,0,,,0,6.0,match,0,0,False,fum_rec;blocked_kicks;def_fum_td,PFR
Houston Oilers,HOU,1987,13,1987-12-13,False,NOR,A,L,10,24,3.0,0,,0,,,,0,,,0,3.0,match,0,0,False,fum_rec;blocked_kicks;def_fum_td,PFR
Houston Oilers,HOU,1987,14,1987-12-20,False,PIT,H,W,24,16,1.0,3,,0,,,,0,,,0,8.0,match,3,3,False,fum_rec;blocked_kicks;def_fum_td,PFR
Houston Oilers,HOU,1987,15,1987-12-27,False,CIN,H,W,21,17,2.0,2,,0,,,,0,,,0,7.0,match,2,2,False,fum_rec;blocked_kicks;def_fum_td,PFR
Houston Oilers,HOU,1987,16,1988-01-03,True,SEA,H,W,23,20,2.0,0,,0,,,,0,,,0,3.0,match,0,0,False,fum_rec;blocked_kicks;def_fum_td,PFR
Houston Oilers,HOU,1987,17,1988-01-10,True,DEN,A,L,10,34,1.0,1,,0,,,,0,,,0,2.0,match,1,1,False,fum_rec;blocked_kicks;def_fum_td,PFR
Indianapolis Colts,IND,1987,1,1987-09-13,False,CIN,H,L,21,23,2.0,0,,0,,,,0,,,0,2.0,match,0,0,False,fum_rec;blocked_kicks;def_fum_td,PFR
Indianapolis Colts,IND,1987,2,1987-09-20,False,MIA,H,L,10,23,1.0,0,,0,,,,0,,,0,1.0,match,0,0,False,fum_rec;blocked_kicks;def_fum_td,PFR
Indianapolis Colts,IND,1987,3,1987-10-04,False,BUF,A,W,47,6,6.0,3,,0,,,,0,,,0,19.0,match,3,3,False,fum_rec;blocked_kicks;def_fum_td,PFR
Indianapolis Colts,IND,1987,4,1987-10-11,False,NYJ,H,W,6,0,4.0,3,,0,,,,0,,,0,20.0,match,3,3,False,fum_rec;blocked_kicks;def_fum_td,PFR
Indianapolis Colts,IND,1987,5,1987-10-18,False,PIT,A,L,7,21,2.0,1,,0,,,,0,,,0,4.0,match,1,1,False,fum_rec;blocked_kicks;def_fum_td,PFR
Indianapolis Colts,IND,1987,6,1987-10-25,False,NWE,H,W,30,16,2.0,1,,0,,,,0,,,0,5.0,match,1,1,False,fum_rec;blocked_kicks;def_fum_td,PFR
Indianapolis Colts,IND,1987,7,1987-11-01,False,NYJ,A,W,19,14,7.0,1,,0,,,,0,,,0,10.0,match,1,1,False,fum_rec;blocked_kicks;def_fum_td,PFR
Indianapolis Colts,IND,1987,8,1987-11-08,False,SDG,H,L,13,16,0.0,3,,0,,,,0,,,0,7,match,3,3,False,fum_rec;blocked_kicks;def_fum_td,PFR
Indianapolis Colts,IND,1987,9,1987-11-15,False,MIA,A,W,40,21,0,2,,0,,,,0,,,0,4,match,2,2,False,fum_rec;blocked_kicks;def_fum_td,PFR
Indianapolis Colts,IND,1987,10,1987-11-22,False,NWE,A,L,0,24,3.0,0,,0,,,,0,,,0,3.0,match,0,0,False,fum_rec;blocked_kicks;def_fum_td,PFR
Indianapolis Colts,IND,1987,11,1987-11-29,False,HOU,H,W,51,27,1.0,2,,0,,,,0,,,0,5.0,match,2,2,False,fum_rec;blocked_kicks;def_fum_td,PFR
Indianapolis Colts,IND,1987,12,1987-12-06,False,CLE,A,W,9,7,3.0,0,,0,,,,0,,,0,7.0,match,0,0,False,fum_rec;blocked_kicks;def_fum_td,PFR
Indianapolis Colts,IND,1987,13,1987-12-13,False,BUF,H,L,3,27,0.0,0,,0,,,,0,,,0,0,match,0,0,False,fum_rec;blocked_kicks;def_fum_td,PFR
Indianapolis Colts,IND,1987,14,1987-12-20,False,SDG,A,W,20,7,5.0,3,,0,,,,0,,,0,15.0,match,3,3,False,fum_rec;blocked_kicks;def_fum_td,PFR
Indianapolis Colts,IND,1987,15,1987-12-27,False,TAM,H,W,24,6,3.0,1,,0,,,,0,,,0,12.0,match,1,1,False,fum_rec;blocked_kicks;def_fum_td,PFR
Indianapolis Colts,IND,1987,16,1988-01-09,True,CLE,A,L,21,38,0,1,,0,,,,0,,,0,-2,match,1,1,False,fum_rec;blocked_kicks;def_fum_td,PFR
Kansas City Chiefs,KAN,1987,1,1987-09-13,False,SDG,H,W,20,13,2.0,3,,0,,,,0,,,1,18.0,match,3,3,False,fum_rec;blocked_kicks;def_fum_td,PFR
Kansas City Chiefs,KAN,1987,2,1987-09-20,False,SEA,A,L,14,43,2.0,0,,0,,,,0,,,0,-2.0,match,0,0,False,fum_rec;blocked_kicks;def_fum_td,PFR
Kansas City Chiefs,KAN,1987,3,1987-10-04,False,RAI,A,L,17,35,0,0,,0,,,,0,,,0,-4,match,0,0,False,fum_rec;blocked_kicks;def_fum_td,PFR
Kansas City Chiefs,KAN,1987,4,1987-10-11,False,MIA,A,L,0,42,0,0,,0,,,,0,,,0,-4,match,0,0,False,fum_rec;blocked_kicks;def_fum_td,PFR
Kansas City Chiefs,KAN,1987,5,1987-10-18,False,DEN,H,L,17,26,0.0,2,,0,,,,0,,,1,10,match,2,2,False,fum_rec;blocked_kicks;def_fum_td,PFR
Kansas City Chiefs,KAN,1987,6,1987-10-25,False,SDG,A,L,21,42,3.0,0,,0,,,,0,,,0,-1.0,match,0,0,False,fum_rec;blocked_kicks;def_fum_td,PFR
Kansas City Chiefs,KAN,1987,7,1987-11-01,False,CHI,A,L,28,31,5.0,1,,0,,,,0,,,0,6.0,match,1,1,False,fum_rec;blocked_kicks;def_fum_td,PFR
Kansas City Chiefs,KAN,1987,8,1987-11-08,False,PIT,H,L,16,17,2.0,2,,0,,,,0,,,0,7.0,match,2,2,False,fum_rec;blocked_kicks;def_fum_td,PFR
Kansas City Chiefs,KAN,1987,9,1987-11-15,False,NYJ,H,L,9,16,4.0,0,,0,,,,0,,,0,5.0,match,0,0,False,fum_rec;blocked_kicks;def_fum_td,PFR
Kansas City Chiefs,KAN,1987,10,1987-11-22,False,GNB,H,L,3,23,0,0,,0,,,,0,,,0,0,match,0,0,False,fum_rec;blocked_kicks;def_fum_td,PFR
Kansas City Chiefs,KAN,1987,11,1987-11-26,False,DET,A,W,27,20,0,0,,0,,,,0,,,0,1,match,0,0,False,fum_rec;blocked_kicks;def_fum_td,PFR
Kansas City Chiefs,KAN,1987,12,1987-12-06,False,CIN,A,L,27,30,1.0,0,,0,,,,0,,,0,0.0,match,0,0,False,fum_rec;blocked_kicks;def_fum_td,PFR
Kansas City Chiefs,KAN,1987,13,1987-12-13,False,RAI,H,W,16,10,4.0,3,,0,,,,0,,,0,14.0,match,3,3,False,fum_rec;blocked_kicks;def_fum_td,PFR
Kansas City Chiefs,KAN,1987,14,1987-12-19,False,DEN,A,L,17,20,1.0,0,,0,,,,0,,,0,2.0,match,0,0,False,fum_rec;blocked_kicks;def_fum_td,PFR
Kansas City Chiefs,KAN,1987,15,1987-12-27,False,SEA,H,W,41,20,2.0,0,,0,,,,0,,,1,9.0,match,0,0,False,fum_rec;blocked_kicks;def_fum_td,PFR
Miami Dolphins,MIA,1987,1,1987-09-13,False,NWE,A,L,21,28,0,2,,0,,,,0,,,0,3,match,2,2,False,fum_rec;blocked_kicks;def_fum_td,PFR
Miami Dolphins,MIA,1987,2,1987-09-20,False,IND,A,W,23,10,2.0,1,,0,,,,0,,,0,8.0,match,1,1,False,fum_rec;blocked_kicks;def_fum_td,PFR
Miami Dolphins,MIA,1987,3,1987-10-04,False,SEA,A,L,20,24,0,3,,0,,,,0,,,0,6,match,3,3,False,fum_rec;blocked_kicks;def_fum_td,PFR
Miami Dolphins,MIA,1987,4,1987-10-11,False,KAN,H,W,42,0,4.0,2,,0,,,,0,,,0,18.0,match,2,2,False,fum_rec;blocked_kicks;def_fum_td,PFR
Miami Dolphins,MIA,1987,5,1987-10-18,False,NYJ,A,L,31,37,1.0,2,,0,,,,0,,,0,1.0,match,2,2,False,fum_rec;blocked_kicks;def_fum_td,PFR
Miami Dolphins,MIA,1987,6,1987-10-25,False,BUF,H,L,31,34,3.0,0,,0,,,,0,,,0,2.0,match,0,0,False,fum_rec;blocked_kicks;def_fum_td,PFR
Miami Dolphins,MIA,1987,7,1987-11-01,False,PIT,H,W,35,24,1.0,1,,0,,,,0,,,0,3.0,match,1,1,False,fum_rec;blocked_kicks;def_fum_td,PFR
Miami Dolphins,MIA,1987,8,1987-11-08,False,CIN,A,W,20,14,1.0,1,,0,,,,0,,,0,4.0,match,1,1,False,fum_rec;blocked_kicks;def_fum_td,PFR
Miami Dolphins,MIA,1987,9,1987-11-15,False,IND,H,L,21,40,0,0,,0,,,,0,,,0,-4,match,0,0,False,fum_rec;blocked_kicks;def_fum_td,PFR
Miami Dolphins,MIA,1987,10,1987-11-22,False,DAL,A,W,20,14,0,2,,0,,,,0,,,0,5,match,2,2,False,fum_rec;blocked_kicks;def_fum_td,PFR
Miami Dolphins,MIA,1987,11,1987-11-29,False,BUF,A,L,0,27,0,0,,0,,,,0,,,0,0,match,0,0,False,fum_rec;blocked_kicks;def_fum_td,PFR
Miami Dolphins,MIA,1987,12,1987-12-07,False,NYJ,H,W,37,28,4.0,1,,0,,,,0,,,0,5.0,match,1,1,False,fum_rec;blocked_kicks;def_fum_td,PFR
Miami Dolphins,MIA,1987,13,1987-12-13,False,PHI,A,W,28,10,4.0,0,,0,,,,0,,,0,8.0,match,0,0,False,fum_rec;blocked_kicks;def_fum_td,PFR
Miami Dolphins,MIA,1987,14,1987-12-20,False,WAS,H,W,23,21,1.0,1,,0,,,,0,,,0,3.0,match,1,1,False,fum_rec;blocked_kicks;def_fum_td,PFR
Miami Dolphins,MIA,1987,15,1987-12-28,False,NWE,H,L,10,24,0,0,,0,,,,0,,,0,0,match,0,0,False,fum_rec;blocked_kicks;def_fum_td,PFR
Minnesota Vikings,MIN,1987,1,1987-09-13,False,DET,H,W,34,19,1.0,2,,0,,,,0,,,0,6.0,match,2,2,False,fum_rec;blocked_kicks;def_fum_td,PFR
Minnesota Vikings,MIN,1987,2,1987-09-20,False,RAM,A,W,21,16,2.0,1,,0,,,,0,,,0,5.0,match,1,1,False,fum_rec;blocked_kicks;def_fum_td,PFR
Minnesota Vikings,MIN,1987,3,1987-10-04,False,GNB,H,L,16,23,2.0,0,,0,,,,0,,,0,2.0,match,0,0,False,fum_rec;blocked_kicks;def_fum_td,PFR
Minnesota Vikings,MIN,1987,4,1987-10-11,False,CHI,A,L,7,27,4.0,0,,0,,,,0,,,0,4.0,match,0,0,False,fum_rec;blocked_kicks;def_fum_td,PFR
Minnesota Vikings,MIN,1987,5,1987-10-18,False,TAM,A,L,10,20,1.0,2,,0,,,,0,,,0,6.0,match,2,2,False,fum_rec;blocked_kicks;def_fum_td,PFR
Minnesota Vikings,MIN,1987,6,1987-10-26,False,DEN,H,W,34,27,5.0,1,,0,,,,0,,,0,7.0,match,1,1,False,fum_rec;blocked_kicks;def_fum_td,PFR
Minnesota Vikings,MIN,1987,7,1987-11-01,False,SEA,A,L,17,28,1.0,1,,0,,,,0,,,0,2.0,match,1,1,False,fum_rec;blocked_kicks;def_fum_td,PFR
Minnesota Vikings,MIN,1987,8,1987-11-08,False,RAI,H,W,31,20,5.0,4,,0,,,,0,,,0,14.0,match,4,4,False,fum_rec;blocked_kicks;def_fum_td,PFR
Minnesota Vikings,MIN,1987,9,1987-11-15,False,TAM,H,W,23,17,4.0,1,,0,,,,0,,,0,7.0,match,1,1,False,fum_rec;blocked_kicks;def_fum_td,PFR
Minnesota Vikings,MIN,1987,10,1987-11-22,False,ATL,H,W,24,13,3.0,1,,0,,,,0,,,1,15.0,match,1,1,False,fum_rec;blocked_kicks;def_fum_td,PFR
Minnesota Vikings,MIN,1987,11,1987-11-26,False,DAL,A,W,44,38,6.0,3,,0,,,,0,,,0,8.0,match,3,3,False,fum_rec;blocked_kicks;def_fum_td,PFR
Minnesota Vikings,MIN,1987,12,1987-12-06,False,CHI,H,L,24,30,3.0,1,,0,,,,0,,,0,4.0,match,1,1,False,fum_rec;blocked_kicks;def_fum_td,PFR
Minnesota Vikings,MIN,1987,13,1987-12-13,False,GNB,A,L,10,16,2.0,1,,0,,,,0,,,0,5.0,match,1,1,False,fum_rec;blocked_kicks;def_fum_td,PFR
Minnesota Vikings,MIN,1987,14,1987-12-20,False,DET,A,W,17,14,1.0,4,,0,,,,0,,,0,10.0,match,4,4,False,fum_rec;blocked_kicks;def_fum_td,PFR
Minnesota Vikings,MIN,1987,15,1987-12-26,False,WAS,H,L,24,27,1.0,4,,0,,,,0,,,0,9.0,match,4,4,False,fum_rec;blocked_kicks;def_fum_td,PFR
Minnesota Vikings,MIN,1987,16,1988-01-03,True,NOR,A,W,44,10,2.0,4,,0,,,,0,,,1,20.0,raised_to_opp_qb_count,3,4,False,fum_rec;blocked_kicks;def_fum_td,PFR
Minnesota Vikings,MIN,1987,17,1988-01-09,True,SFO,A,W,36,24,4.0,2,,0,,,,0,,,0,8.0,raised_to_opp_qb_count,1,2,False,fum_rec;blocked_kicks;def_fum_td,PFR
Minnesota Vikings,MIN,1987,18,1988-01-17,True,WAS,A,L,10,17,0.0,0,,0,,,,0,,,0,1,match,0,0,False,fum_rec;blocked_kicks;def_fum_td,PFR
New Orleans Saints,NOR,1987,1,1987-09-13,False,CLE,H,W,28,21,4.0,1,,0,,,,0,,,0,6.0,match,1,1,False,fum_rec;blocked_kicks;def_fum_td,PFR
New Orleans Saints,NOR,1987,2,1987-09-20,False,PHI,A,L,17,27,3.0,1,,0,,,,0,,,0,5.0,match,1,1,False,fum_rec;blocked_kicks;def_fum_td,PFR
New Orleans Saints,NOR,1987,3,1987-10-04,False,RAM,H,W,37,10,2.0,1,,0,,,,0,,,0,8.0,match,1,1,False,fum_rec;blocked_kicks;def_fum_td,PFR
New Orleans Saints,NOR,1987,4,1987-10-11,False,STL,A,L,19,24,1.0,1,,0,,,,0,,,0,3.0,match,1,1,False,fum_rec;blocked_kicks;def_fum_td,PFR
New Orleans Saints,NOR,1987,5,1987-10-18,False,CHI,A,W,19,17,5.0,4,,0,,,,0,,,0,14.0,match,4,4,False,fum_rec;blocked_kicks;def_fum_td,PFR
New Orleans Saints,NOR,1987,6,1987-10-25,False,SFO,H,L,22,24,4.0,0,,0,,,,0,,,0,4.0,match,0,0,False,fum_rec;blocked_kicks;def_fum_td,PFR
New Orleans Saints,NOR,1987,7,1987-11-01,False,ATL,A,W,38,0,4.0,5,,0,,,,0,,,0,24.0,match,5,5,False,fum_rec;blocked_kicks;def_fum_td,PFR
New Orleans Saints,NOR,1987,8,1987-11-08,False,RAM,A,W,31,14,0.0,2,,0,,,,0,,,0,5,match,2,2,False,fum_rec;blocked_kicks;def_fum_td,PFR
New Orleans Saints,NOR,1987,9,1987-11-15,False,SFO,A,W,26,24,3.0,2,,0,,,,0,,,0,7.0,match,2,2,False,fum_rec;blocked_kicks;def_fum_td,PFR
New Orleans Saints,NOR,1987,10,1987-11-22,False,NYG,H,W,23,14,5.0,5,,0,,,,0,,,0,16.0,match,5,5,False,fum_rec;blocked_kicks;def_fum_td,PFR
New Orleans Saints,NOR,1987,11,1987-11-29,False,PIT,A,W,20,16,4.0,3,,0,,,,0,,,0,11.0,match,3,3,False,fum_rec;blocked_kicks;def_fum_td,PFR
New Orleans Saints,NOR,1987,12,1987-12-06,False,TAM,H,W,44,34,3.0,2,,0,,,,0,,,0,6.0,match,2,2,False,fum_rec;blocked_kicks;def_fum_td,PFR
New Orleans Saints,NOR,1987,13,1987-12-13,False,HOU,H,W,24,10,2.0,0,,0,,,,0,,,0,6.0,match,0,0,False,fum_rec;blocked_kicks;def_fum_td,PFR
New Orleans Saints,NOR,1987,14,1987-12-20,False,CIN,A,W,41,24,6.0,2,,0,,,,0,,,0,10.0,match,2,2,False,fum_rec;blocked_kicks;def_fum_td,PFR
New Orleans Saints,NOR,1987,15,1987-12-27,False,GNB,H,W,33,24,1.0,1,,0,,,,0,,,0,3.0,match,1,1,False,fum_rec;blocked_kicks;def_fum_td,PFR
New Orleans Saints,NOR,1987,16,1988-01-03,True,MIN,H,L,10,44,5.0,0,,0,,,,0,,,0,1.0,match,0,0,False,fum_rec;blocked_kicks;def_fum_td,PFR
New England Patriots,NWE,1987,1,1987-09-13,False,MIA,H,W,28,21,0.0,2,,0,,,,0,,,0,4,match,2,2,False,fum_rec;blocked_kicks;def_fum_td,PFR
New England Patriots,NWE,1987,2,1987-09-21,False,NYJ,A,L,24,43,5.0,0,,0,,,,0,,,0,1.0,match,0,0,False,fum_rec;blocked_kicks;def_fum_td,PFR
New England Patriots,NWE,1987,3,1987-10-04,False,CLE,H,L,10,20,1.0,0,,0,,,,0,,,0,2.0,match,0,0,False,fum_rec;blocked_kicks;def_fum_td,PFR
New England Patriots,NWE,1987,4,1987-10-11,False,BUF,H,W,14,7,2.0,2,,0,,,,0,,,0,10.0,match,2,2,False,fum_rec;blocked_kicks;def_fum_td,PFR
New England Patriots,NWE,1987,5,1987-10-18,False,HOU,A,W,21,7,4.0,2,,0,,,,0,,,0,12.0,match,2,2,False,fum_rec;blocked_kicks;def_fum_td,PFR
New England Patriots,NWE,1987,6,1987-10-25,False,IND,A,L,16,30,3.0,0,,0,,,,0,,,0,2.0,match,0,0,False,fum_rec;blocked_kicks;def_fum_td,PFR
New England Patriots,NWE,1987,7,1987-11-01,False,RAI,H,W,26,23,4.0,1,,0,,,,0,,,0,6.0,match,1,1,False,fum_rec;blocked_kicks;def_fum_td,PFR
New England Patriots,NWE,1987,8,1987-11-08,False,NYG,A,L,10,17,3.0,2,,0,,,,0,,,0,8.0,match,2,2,False,fum_rec;blocked_kicks;def_fum_td,PFR
New England Patriots,NWE,1987,9,1987-11-15,False,DAL,H,L,17,23,4.0,2,,0,,,,0,,,0,8.0,match,2,2,False,fum_rec;blocked_kicks;def_fum_td,PFR
New England Patriots,NWE,1987,10,1987-11-22,False,IND,H,W,24,0,3.0,4,,0,,,,0,,,0,21.0,match,4,4,False,fum_rec;blocked_kicks;def_fum_td,PFR
New England Patriots,NWE,1987,11,1987-11-29,False,PHI,H,L,31,34,3.0,1,,0,,,,0,,,0,4.0,match,1,1,False,fum_rec;blocked_kicks;def_fum_td,PFR
New England Patriots,NWE,1987,12,1987-12-06,False,DEN,A,L,20,31,2.0,1,,0,,,,0,,,0,3.0,match,1,1,False,fum_rec;blocked_kicks;def_fum_td,PFR
New England Patriots,NWE,1987,13,1987-12-13,False,NYJ,H,W,42,20,4.0,1,,0,,,,0,,,0,7.0,match,1,1,False,fum_rec;blocked_kicks;def_fum_td,PFR
New England Patriots,NWE,1987,14,1987-12-20,False,BUF,A,W,13,7,5.0,1,,0,,,,0,,,0,11.0,match,1,1,False,fum_rec;blocked_kicks;def_fum_td,PFR
New England Patriots,NWE,1987,15,1987-12-28,False,MIA,A,W,24,10,0,2,,0,,,,0,,,0,8,match,2,2,False,fum_rec;blocked_kicks;def_fum_td,PFR
New York Giants,NYG,1987,1,1987-09-14,False,CHI,A,L,19,34,0,2,,0,,,,0,,,0,3,match,2,2,False,fum_rec;blocked_kicks;def_fum_td,PFR
New York Giants,NYG,1987,2,1987-09-20,False,DAL,H,L,14,16,5.0,4,,0,,,,0,,,0,14.0,match,4,4,False,fum_rec;blocked_kicks;def_fum_td,PFR
New York Giants,NYG,1987,3,1987-10-05,False,SFO,H,L,21,41,2.0,0,,0,,,,0,,,0,-2.0,match,0,0,False,fum_rec;blocked_kicks;def_fum_td,PFR
New York Giants,NYG,1987,4,1987-10-11,False,WAS,H,L,12,38,0,0,,0,,,,0,,,0,-4,match,0,0,False,fum_rec;blocked_kicks;def_fum_td,PFR
New York Giants,NYG,1987,5,1987-10-18,False,BUF,A,L,3,6,2.0,3,,0,,,,0,,,0,15.0,match,3,3,False,fum_rec;blocked_kicks;def_fum_td,PFR
New York Giants,NYG,1987,6,1987-10-25,False,STL,H,W,30,7,5.0,2,,0,,,,0,,,0,13.0,match,2,2,False,fum_rec;blocked_kicks;def_fum_td,PFR
New York Giants,NYG,1987,7,1987-11-02,False,DAL,A,L,24,33,4.0,1,,0,,,,0,,,0,5.0,match,1,1,False,fum_rec;blocked_kicks;def_fum_td,PFR
New York Giants,NYG,1987,8,1987-11-08,False,NWE,H,W,17,10,2.0,3,,0,,,,0,,,0,12.0,match,3,3,False,fum_rec;blocked_kicks;def_fum_td,PFR
New York Giants,NYG,1987,9,1987-11-15,False,PHI,A,W,20,17,6.0,1,,0,,,,0,,,0,9.0,match,1,1,False,fum_rec;blocked_kicks;def_fum_td,PFR
New York Giants,NYG,1987,10,1987-11-22,False,NOR,A,L,14,23,3.0,1,,0,,,,0,,,0,5.0,match,1,1,False,fum_rec;blocked_kicks;def_fum_td,PFR
New York Giants,NYG,1987,11,1987-11-29,False,WAS,A,L,19,23,6.0,2,,0,,,,0,,,0,10.0,match,2,2,False,fum_rec;blocked_kicks;def_fum_td,PFR
New York Giants,NYG,1987,12,1987-12-06,False,PHI,H,W,23,20,9.0,0,,0,,,,0,,,0,10.0,match,0,0,False,fum_rec;blocked_kicks;def_fum_td,PFR
New York Giants,NYG,1987,13,1987-12-13,False,STL,A,L,24,27,4.0,0,,0,,,,0,,,0,4.0,match,0,0,False,fum_rec;blocked_kicks;def_fum_td,PFR
New York Giants,NYG,1987,14,1987-12-19,False,GNB,H,W,20,10,4.0,1,,0,,,,0,,,0,10.0,match,1,1,False,fum_rec;blocked_kicks;def_fum_td,PFR
New York Giants,NYG,1987,15,1987-12-27,False,NYJ,H,W,20,7,3.0,0,,0,,,,0,,,0,7.0,match,0,0,False,fum_rec;blocked_kicks;def_fum_td,PFR
New York Jets,NYJ,1987,1,1987-09-13,False,BUF,A,W,31,28,2.0,1,,0,,,,0,,,0,3.0,match,1,1,False,fum_rec;blocked_kicks;def_fum_td,PFR
New York Jets,NYJ,1987,2,1987-09-21,False,NWE,H,W,43,24,5.0,1,,0,,,,0,,,0,7.0,match,1,1,False,fum_rec;blocked_kicks;def_fum_td,PFR
New York Jets,NYJ,1987,3,1987-10-04,False,DAL,H,L,24,38,2.0,1,,0,,,,0,,,1,6.0,match,1,1,False,fum_rec;blocked_kicks;def_fum_td,PFR
New York Jets,NYJ,1987,4,1987-10-11,False,IND,A,L,0,6,3.0,1,,0,,,,0,,,0,12.0,match,1,1,False,fum_rec;blocked_kicks;def_fum_td,PFR
New York Jets,NYJ,1987,5,1987-10-18,False,MIA,H,W,37,31,1.0,5,,0,,,,0,,,0,10.0,match,5,5,False,fum_rec;blocked_kicks;def_fum_td,PFR
New York Jets,NYJ,1987,6,1987-10-25,False,WAS,A,L,16,17,0,1,,0,,,,0,,,0,3,match,1,1,False,fum_rec;blocked_kicks;def_fum_td,PFR
New York Jets,NYJ,1987,7,1987-11-01,False,IND,H,L,14,19,1.0,0,,0,,,,0,,,0,2.0,match,0,0,False,fum_rec;blocked_kicks;def_fum_td,PFR
New York Jets,NYJ,1987,8,1987-11-09,False,SEA,H,W,30,14,2.0,2,,0,,,,0,,,1,13.0,match,2,2,False,fum_rec;blocked_kicks;def_fum_td,PFR
New York Jets,NYJ,1987,9,1987-11-15,False,KAN,A,W,16,9,4.0,3,,0,,,,0,,,0,14.0,match,3,3,False,fum_rec;blocked_kicks;def_fum_td,PFR
New York Jets,NYJ,1987,10,1987-11-22,False,BUF,H,L,14,17,2.0,1,,0,,,,0,,,0,5.0,match,1,1,False,fum_rec;blocked_kicks;def_fum_td,PFR
New York Jets,NYJ,1987,11,1987-11-29,False,CIN,H,W,27,20,3.0,2,,0,,,,0,,,0,8.0,match,2,2,False,fum_rec;blocked_kicks;def_fum_td,PFR
New York Jets,NYJ,1987,12,1987-12-07,False,MIA,A,L,28,37,0,0,,0,,,,0,,,0,-4,match,0,0,False,fum_rec;blocked_kicks;def_fum_td,PFR
New York Jets,NYJ,1987,13,1987-12-13,False,NWE,A,L,20,42,1.0,0,,0,,,,0,,,0,-3.0,match,0,0,False,fum_rec;blocked_kicks;def_fum_td,PFR
New York Jets,NYJ,1987,14,1987-12-20,False,PHI,H,L,27,38,3.0,0,,0,,,,0,,,0,-1.0,match,0,0,False,fum_rec;blocked_kicks;def_fum_td,PFR
New York Jets,NYJ,1987,15,1987-12-27,False,NYG,A,L,7,20,0,0,,0,,,,0,,,0,1,match,0,0,False,fum_rec;blocked_kicks;def_fum_td,PFR
Philadelphia Eagles,PHI,1987,1,1987-09-13,False,WAS,A,L,24,34,1.0,0,,0,,,,0,,,0,0.0,match,0,0,False,fum_rec;blocked_kicks;def_fum_td,PFR
Philadelphia Eagles,PHI,1987,2,1987-09-20,False,NOR,H,W,27,17,3.0,3,,0,,,,0,,,0,10.0,match,3,3,False,fum_rec;blocked_kicks;def_fum_td,PFR
Philadelphia Eagles,PHI,1987,3,1987-10-04,False,CHI,H,L,3,35,4.0,1,,0,,,,0,,,0,2.0,match,1,1,False,fum_rec;blocked_kicks;def_fum_td,PFR
Philadelphia Eagles,PHI,1987,4,1987-10-11,False,DAL,A,L,22,41,2.0,0,,0,,,,0,,,0,-2.0,match,0,0,False,fum_rec;blocked_kicks;def_fum_td,PFR
Philadelphia Eagles,PHI,1987,5,1987-10-18,False,GNB,A,L,10,16,6.0,2,,0,,,,0,,,0,11.0,match,2,2,False,fum_rec;blocked_kicks;def_fum_td,PFR
Philadelphia Eagles,PHI,1987,6,1987-10-25,False,DAL,H,W,37,20,5.0,0,,0,,,,0,,,0,6.0,match,0,0,False,fum_rec;blocked_kicks;def_fum_td,PFR
Philadelphia Eagles,PHI,1987,7,1987-11-01,False,STL,A,W,28,23,7.0,3,,0,,,,0,,,0,13.0,match,3,3,False,fum_rec;blocked_kicks;def_fum_td,PFR
Philadelphia Eagles,PHI,1987,8,1987-11-08,False,WAS,H,W,31,27,3.0,2,,0,,,,0,,,0,7.0,match,2,2,False,fum_rec;blocked_kicks;def_fum_td,PFR
Philadelphia Eagles,PHI,1987,9,1987-11-15,False,NYG,H,L,17,20,4.0,2,,0,,,,0,,,0,9.0,match,2,2,False,fum_rec;blocked_kicks;def_fum_td,PFR
Philadelphia Eagles,PHI,1987,10,1987-11-22,False,STL,H,L,19,31,5.0,2,,0,,,,0,,,0,8.0,match,2,2,False,fum_rec;blocked_kicks;def_fum_td,PFR
Philadelphia Eagles,PHI,1987,11,1987-11-29,False,NWE,A,W,34,31,6.0,2,,0,,,,0,,,0,9.0,match,2,2,False,fum_rec;blocked_kicks;def_fum_td,PFR
Philadelphia Eagles,PHI,1987,12,1987-12-06,False,NYG,A,L,20,23,4.0,1,,0,,,,0,,,0,6.0,match,1,1,False,fum_rec;blocked_kicks;def_fum_td,PFR
Philadelphia Eagles,PHI,1987,13,1987-12-13,False,MIA,H,L,10,28,2.0,1,,0,,,,0,,,0,3.0,match,1,1,False,fum_rec;blocked_kicks;def_fum_td,PFR
Philadelphia Eagles,PHI,1987,14,1987-12-20,False,NYJ,A,W,38,27,3.0,0,,0,,,,0,,,0,3.0,match,0,0,False,fum_rec;blocked_kicks;def_fum_td,PFR
Philadelphia Eagles,PHI,1987,15,1987-12-27,False,BUF,H,W,17,7,2.0,2,,0,,,,0,,,0,10.0,match,2,2,False,fum_rec;blocked_kicks;def_fum_td,PFR
Pittsburgh Steelers,PIT,1987,1,1987-09-13,False,SFO,H,W,30,17,1.0,3,,0,,,,0,,,0,8.0,match,3,3,False,fum_rec;blocked_kicks;def_fum_td,PFR
Pittsburgh Steelers,PIT,1987,2,1987-09-20,False,CLE,A,L,10,34,1.0,1,,0,,,,0,,,0,2.0,match,1,1,False,fum_rec;blocked_kicks;def_fum_td,PFR
Pittsburgh Steelers,PIT,1987,3,1987-10-04,False,ATL,A,W,28,12,2.0,3,,0,,,,0,,,0,12.0,match,3,3,False,fum_rec;blocked_kicks;def_fum_td,PFR
Pittsburgh Steelers,PIT,1987,4,1987-10-11,False,RAM,A,L,21,31,1.0,1,,0,,,,0,,,0,2.0,match,1,1,False,fum_rec;blocked_kicks;def_fum_td,PFR
Pittsburgh Steelers,PIT,1987,5,1987-10-18,False,IND,H,W,21,7,0,3,,0,,,,0,,,0,10,match,3,3,False,fum_rec;blocked_kicks;def_fum_td,PFR
Pittsburgh Steelers,PIT,1987,6,1987-10-25,False,CIN,H,W,23,20,1.0,2,,0,,,,0,,,0,6.0,match,2,2,False,fum_rec;blocked_kicks;def_fum_td,PFR
Pittsburgh Steelers,PIT,1987,7,1987-11-01,False,MIA,A,L,24,35,0.0,2,,0,,,,0,,,0,0,match,2,2,False,fum_rec;blocked_kicks;def_fum_td,PFR
Pittsburgh Steelers,PIT,1987,8,1987-11-08,False,KAN,A,W,17,16,4.0,4,,0,,,,0,,,0,13.0,match,4,4,False,fum_rec;blocked_kicks;def_fum_td,PFR
Pittsburgh Steelers,PIT,1987,9,1987-11-15,False,HOU,H,L,3,23,0,0,,0,,,,0,,,0,0,match,0,0,False,fum_rec;blocked_kicks;def_fum_td,PFR
Pittsburgh Steelers,PIT,1987,10,1987-11-22,False,CIN,A,W,30,16,5.0,3,,0,,,,0,,,0,12.0,match,3,3,False,fum_rec;blocked_kicks;def_fum_td,PFR
Pittsburgh Steelers,PIT,1987,11,1987-11-29,False,NOR,H,L,16,20,2.0,1,,0,,,,0,,,0,5.0,match,1,1,False,fum_rec;blocked_kicks;def_fum_td,PFR
Pittsburgh Steelers,PIT,1987,12,1987-12-06,False,SEA,H,W,13,9,1.0,1,,0,,,,0,,,0,7.0,match,1,1,False,fum_rec;blocked_kicks;def_fum_td,PFR
Pittsburgh Steelers,PIT,1987,13,1987-12-13,False,SDG,A,W,20,16,2.0,1,,0,,,,0,,,0,5.0,match,1,1,False,fum_rec;blocked_kicks;def_fum_td,PFR
Pittsburgh Steelers,PIT,1987,14,1987-12-20,False,HOU,A,L,16,24,3.0,1,,0,,,,0,,,0,5.0,match,1,1,False,fum_rec;blocked_kicks;def_fum_td,PFR
Pittsburgh Steelers,PIT,1987,15,1987-12-26,False,CLE,H,L,13,19,1.0,1,,0,,,,0,,,0,4.0,match,1,1,False,fum_rec;blocked_kicks;def_fum_td,PFR
Los Angeles Raiders,RAI,1987,1,1987-09-13,False,GNB,A,W,20,0,4.0,3,,0,,,,0,,,0,20.0,match,3,3,False,fum_rec;blocked_kicks;def_fum_td,PFR
Los Angeles Raiders,RAI,1987,2,1987-09-20,False,DET,H,W,27,7,2.0,2,,0,,,,0,,,0,10.0,match,2,2,False,fum_rec;blocked_kicks;def_fum_td,PFR
Los Angeles Raiders,RAI,1987,3,1987-10-04,False,KAN,H,W,35,17,3.0,0,,0,,,,0,,,0,4.0,match,0,0,False,fum_rec;blocked_kicks;def_fum_td,PFR
Los Angeles Raiders,RAI,1987,4,1987-10-12,False,DEN,A,L,14,30,1.0,0,,0,,,,0,,,1,6.0,match,0,0,False,fum_rec;blocked_kicks;def_fum_td,PFR
Los Angeles Raiders,RAI,1987,5,1987-10-18,False,SDG,H,L,17,23,7.0,0,,0,,,,0,,,0,7.0,match,0,0,False,fum_rec;blocked_kicks;def_fum_td,PFR
Los Angeles Raiders,RAI,1987,6,1987-10-25,False,SEA,H,L,13,35,5.0,1,,0,,,,0,,,0,3.0,match,1,1,False,fum_rec;blocked_kicks;def_fum_td,PFR
Los Angeles Raiders,RAI,1987,7,1987-11-01,False,NWE,A,L,23,26,3.0,1,,0,,,,0,,,0,5.0,match,1,1,False,fum_rec;blocked_kicks;def_fum_td,PFR
Los Angeles Raiders,RAI,1987,8,1987-11-08,False,MIN,A,L,20,31,4.0,0,,0,,,,0,,,0,3.0,match,0,0,False,fum_rec;blocked_kicks;def_fum_td,PFR
Los Angeles Raiders,RAI,1987,9,1987-11-15,False,SDG,A,L,14,16,2.0,1,,0,,,,0,,,0,5.0,match,1,1,False,fum_rec;blocked_kicks;def_fum_td,PFR
Los Angeles Raiders,RAI,1987,10,1987-11-22,False,DEN,H,L,17,23,2.0,0,,0,,,,0,,,0,2.0,match,0,0,False,fum_rec;blocked_kicks;def_fum_td,PFR
Los Angeles Raiders,RAI,1987,11,1987-11-30,False,SEA,A,W,37,14,4.0,2,,0,,,,0,,,0,9.0,match,2,2,False,fum_rec;blocked_kicks;def_fum_td,PFR
Los Angeles Raiders,RAI,1987,12,1987-12-06,False,BUF,H,W,34,21,2.0,0,,0,,,,0,,,0,2.0,match,0,0,False,fum_rec;blocked_kicks;def_fum_td,PFR
Los Angeles Raiders,RAI,1987,13,1987-12-13,False,KAN,A,L,10,16,3.0,1,,0,,,,0,,,0,6.0,match,1,1,False,fum_rec;blocked_kicks;def_fum_td,PFR
Los Angeles Raiders,RAI,1987,14,1987-12-20,False,CLE,H,L,17,24,0,1,,0,,,,0,,,0,2,match,1,1,False,fum_rec;blocked_kicks;def_fum_td,PFR
Los Angeles Raiders,RAI,1987,15,1987-12-27,False,CHI,H,L,3,6,1.0,1,,0,,,,0,,,0,10.0,match,1,1,False,fum_rec;blocked_kicks;def_fum_td,PFR
Los Angeles Rams,RAM,1987,1,1987-09-13,False,HOU,A,L,16,20,2.0,2,,0,,,,0,,,0,7.0,match,2,2,False,fum_rec;blocked_kicks;def_fum_td,PFR
Los Angeles Rams,RAM,1987,2,1987-09-20,False,MIN,H,L,16,21,4.0,0,,0,,,,0,,,0,4.0,match,0,0,False,fum_rec;blocked_kicks;def_fum_td,PFR
Los Angeles Rams,RAM,1987,3,1987-10-04,False,NOR,A,L,10,37,1.0,1,,0,,,,0,,,0,-1.0,match,1,1,False,fum_rec;blocked_kicks;def_fum_td,PFR
Los Angeles Rams,RAM,1987,4,1987-10-11,False,PIT,H,W,31,21,4.0,1,,0,,,,0,,,0,6.0,match,1,1,False,fum_rec;blocked_kicks;def_fum_td,PFR
Los Angeles Rams,RAM,1987,5,1987-10-18,False,ATL,A,L,20,24,5.0,2,,0,,,,0,,,0,9.0,match,2,2,False,fum_rec;blocked_kicks;def_fum_td,PFR
Los Angeles Rams,RAM,1987,6,1987-10-26,False,CLE,A,L,17,30,3.0,1,,0,,,,0,,,0,4.0,match,1,1,False,fum_rec;blocked_kicks;def_fum_td,PFR
Los Angeles Rams,RAM,1987,7,1987-11-01,False,SFO,H,L,10,31,1.0,1,,0,,,,0,,,0,2.0,match,1,1,False,fum_rec;blocked_kicks;def_fum_td,PFR
Los Angeles Rams,RAM,1987,8,1987-11-08,False,NOR,H,L,14,31,0,1,,0,,,,0,,,0,1,match,1,1,False,fum_rec;blocked_kicks;def_fum_td,PFR
Los Angeles Rams,RAM,1987,9,1987-11-15,False,STL,A,W,27,24,3.0,0,,0,,,,0,,,0,3.0,match,0,0,False,fum_rec;blocked_kicks;def_fum_td,PFR
Los Angeles Rams,RAM,1987,10,1987-11-23,False,WAS,A,W,30,26,4.0,1,,0,,,,0,,,1,12.0,match,1,1,False,fum_rec;blocked_kicks;def_fum_td,PFR
Los Angeles Rams,RAM,1987,11,1987-11-29,False,TAM,H,W,35,3,4.0,2,,0,,,,0,,,0,15.0,match,2,2,False,fum_rec;blocked_kicks;def_fum_td,PFR
Los Angeles Rams,RAM,1987,12,1987-12-06,False,DET,A,W,37,16,2.0,2,,0,,,,0,,,0,7.0,match,2,2,False,fum_rec;blocked_kicks;def_fum_td,PFR
Los Angeles Rams,RAM,1987,13,1987-12-13,False,ATL,H,W,33,0,2.0,2,,0,,,,0,,,0,16.0,match,2,2,False,fum_rec;blocked_kicks;def_fum_td,PFR
Los Angeles Rams,RAM,1987,14,1987-12-21,False,DAL,H,L,21,29,2.0,0,,0,,,,0,,,0,1.0,match,0,0,False,fum_rec;blocked_kicks;def_fum_td,PFR
Los Angeles Rams,RAM,1987,15,1987-12-27,False,SFO,A,L,0,48,1.0,0,,0,,,,0,,,0,-3.0,match,0,0,False,fum_rec;blocked_kicks;def_fum_td,PFR
San Diego Chargers,SDG,1987,1,1987-09-13,False,KAN,A,L,13,20,4.0,1,,0,,,,0,,,0,7.0,match,1,1,False,fum_rec;blocked_kicks;def_fum_td,PFR
San Diego Chargers,SDG,1987,2,1987-09-20,False,STL,H,W,28,24,5.0,1,,0,,,,0,,,1,13.0,match,1,1,False,fum_rec;blocked_kicks;def_fum_td,PFR
San Diego Chargers,SDG,1987,3,1987-10-04,False,CIN,A,W,10,9,3.0,0,,0,,,,0,,,0,7.0,match,0,0,False,fum_rec;blocked_kicks;def_fum_td,PFR
San Diego Chargers,SDG,1987,4,1987-10-11,False,TAM,A,W,17,13,3.0,1,,0,,,,0,,,0,9.0,match,1,1,False,fum_rec;blocked_kicks;def_fum_td,PFR
San Diego Chargers,SDG,1987,5,1987-10-18,False,RAI,A,W,23,17,5.0,1,,0,,,,0,,,0,8.0,match,1,1,False,fum_rec;blocked_kicks;def_fum_td,PFR
San Diego Chargers,SDG,1987,6,1987-10-25,False,KAN,H,W,42,21,7.0,1,,0,,,,0,,,0,9.0,match,1,1,False,fum_rec;blocked_kicks;def_fum_td,PFR
San Diego Chargers,SDG,1987,7,1987-11-01,False,CLE,H,W,27,24,5.0,2,,0,,,,0,,,0,9.0,match,2,2,False,fum_rec;blocked_kicks;def_fum_td,PFR
San Diego Chargers,SDG,1987,8,1987-11-08,False,IND,A,W,16,13,3.0,0,,0,,,,0,,,0,7.0,match,0,0,False,fum_rec;blocked_kicks;def_fum_td,PFR
San Diego Chargers,SDG,1987,9,1987-11-15,False,RAI,H,W,16,14,2.0,1,,0,,,,0,,,0,5.0,match,1,1,False,fum_rec;blocked_kicks;def_fum_td,PFR
San Diego Chargers,SDG,1987,10,1987-11-22,False,SEA,A,L,3,34,2.0,0,,0,,,,0,,,0,1.0,match,0,0,False,fum_rec;blocked_kicks;def_fum_td,PFR
San Diego Chargers,SDG,1987,11,1987-11-29,False,DEN,H,L,17,31,0.0,1,,0,,,,0,,,0,1,match,1,1,False,fum_rec;blocked_kicks;def_fum_td,PFR
San Diego Chargers,SDG,1987,12,1987-12-06,False,HOU,A,L,18,33,1.0,1,,0,,,,0,,,0,2.0,match,1,1,False,fum_rec;blocked_kicks;def_fum_td,PFR
San Diego Chargers,SDG,1987,13,1987-12-13,False,PIT,H,L,16,20,2.0,0,,0,,,,0,,,0,3.0,match,0,0,False,fum_rec;blocked_kicks;def_fum_td,PFR
San Diego Chargers,SDG,1987,14,1987-12-20,False,IND,H,L,7,20,1.0,0,,0,,,,0,,,0,2.0,match,0,0,False,fum_rec;blocked_kicks;def_fum_td,PFR
San Diego Chargers,SDG,1987,15,1987-12-27,False,DEN,A,L,0,24,2.0,3,,0,,,,0,,,0,8.0,match,3,3,False,fum_rec;blocked_kicks;def_fum_td,PFR
Seattle Seahawks,SEA,1987,1,1987-09-13,False,DEN,A,L,17,40,0,1,,0,,,,0,,,0,-2,match,1,1,False,fum_rec;blocked_kicks;def_fum_td,PFR
Seattle Seahawks,SEA,1987,2,1987-09-20,False,KAN,H,W,43,14,4.0,1,,0,,,,0,,,0,7.0,match,1,1,False,fum_rec;blocked_kicks;def_fum_td,PFR
Seattle Seahawks,SEA,1987,3,1987-10-04,False,MIA,H,W,24,20,3.0,1,,0,,,,0,,,0,6.0,match,1,1,False,fum_rec;blocked_kicks;def_fum_td,PFR
Seattle Seahawks,SEA,1987,4,1987-10-11,False,CIN,H,L,10,17,0,0,,0,,,,0,,,0,1,match,0,0,False,fum_rec;blocked_kicks;def_fum_td,PFR
Seattle Seahawks,SEA,1987,5,1987-10-18,False,DET,A,W,37,14,3.0,2,,0,,,,0,,,0,8.0,match,2,2,False,fum_rec;blocked_kicks;def_fum_td,PFR
Seattle Seahawks,SEA,1987,6,1987-10-25,False,RAI,A,W,35,13,5.0,3,,0,,,,0,,,0,15.0,match,3,3,False,fum_rec;blocked_kicks;def_fum_td,PFR
Seattle Seahawks,SEA,1987,7,1987-11-01,False,MIN,H,W,28,17,4.0,1,,0,,,,0,,,0,7.0,match,1,1,False,fum_rec;blocked_kicks;def_fum_td,PFR
Seattle Seahawks,SEA,1987,8,1987-11-09,False,NYJ,A,L,14,30,2.0,0,,0,,,,0,,,0,1.0,match,0,0,False,fum_rec;blocked_kicks;def_fum_td,PFR
Seattle Seahawks,SEA,1987,9,1987-11-15,False,GNB,H,W,24,13,3.0,2,,0,,,,0,,,0,11.0,match,2,2,False,fum_rec;blocked_kicks;def_fum_td,PFR
Seattle Seahawks,SEA,1987,10,1987-11-22,False,SDG,H,W,34,3,2.0,2,,0,,,,0,,,0,13.0,match,2,2,False,fum_rec;blocked_kicks;def_fum_td,PFR
Seattle Seahawks,SEA,1987,11,1987-11-30,False,RAI,H,L,14,37,1.0,0,,0,,,,0,,,0,-3.0,match,0,0,False,fum_rec;blocked_kicks;def_fum_td,PFR
Seattle Seahawks,SEA,1987,12,1987-12-06,False,PIT,A,L,9,13,0,0,,0,,,,0,,,0,4,match,0,0,False,fum_rec;blocked_kicks;def_fum_td,PFR
Seattle Seahawks,SEA,1987,13,1987-12-13,False,DEN,H,W,28,21,5.0,2,,0,,,,0,,,0,9.0,match,2,2,False,fum_rec;blocked_kicks;def_fum_td,PFR
Seattle Seahawks,SEA,1987,14,1987-12-20,False,CHI,A,W,34,21,4.0,2,,0,,,,0,,,0,8.0,match,2,2,False,fum_rec;blocked_kicks;def_fum_td,PFR
Seattle Seahawks,SEA,1987,15,1987-12-27,False,KAN,A,L,20,41,1.0,0,,0,,,,0,,,0,-3.0,match,0,0,False,fum_rec;blocked_kicks;def_fum_td,PFR
Seattle Seahawks,SEA,1987,16,1988-01-03,True,HOU,A,L,20,23,2.0,1,,0,,,,0,,,0,4.0,match,1,1,False,fum_rec;blocked_kicks;def_fum_td,PFR
San Francisco 49ers,SFO,1987,1,1987-09-13,False,PIT,A,L,17,30,2.0,0,,0,,,,0,,,0,1.0,match,0,0,False,fum_rec;blocked_kicks;def_fum_td,PFR
San Francisco 49ers,SFO,1987,2,1987-09-20,False,CIN,A,W,27,26,3.0,1,,0,,,,0,,,0,5.0,match,1,1,False,fum_rec;blocked_kicks;def_fum_td,PFR
San Francisco 49ers,SFO,1987,3,1987-10-05,False,NYG,A,W,41,21,3.0,1,,0,,,,0,,,0,5.0,match,1,1,False,fum_rec;blocked_kicks;def_fum_td,PFR
San Francisco 49ers,SFO,1987,4,1987-10-11,False,ATL,A,W,25,17,6.0,2,,0,,,,0,,,0,11.0,match,2,2,False,fum_rec;blocked_kicks;def_fum_td,PFR
San Francisco 49ers,SFO,1987,5,1987-10-18,False,STL,H,W,34,28,1.0,2,,0,,,,0,,,0,4.0,match,2,2,False,fum_rec;blocked_kicks;def_fum_td,PFR
San Francisco 49ers,SFO,1987,6,1987-10-25,False,NOR,A,W,24,22,0.0,1,,0,,,,0,,,0,2,match,1,1,False,fum_rec;blocked_kicks;def_fum_td,PFR
San Francisco 49ers,SFO,1987,7,1987-11-01,False,RAM,A,W,31,10,3.0,0,,0,,,,0,,,0,7.0,match,0,0,False,fum_rec;blocked_kicks;def_fum_td,PFR
San Francisco 49ers,SFO,1987,8,1987-11-08,False,HOU,H,W,27,20,1.0,3,,0,,,,0,,,0,8.0,match,3,3,False,fum_rec;blocked_kicks;def_fum_td,PFR
San Francisco 49ers,SFO,1987,9,1987-11-15,False,NOR,H,L,24,26,3.0,1,,0,,,,0,,,0,5.0,match,1,1,False,fum_rec;blocked_kicks;def_fum_td,PFR
San Francisco 49ers,SFO,1987,10,1987-11-22,False,TAM,A,W,24,10,1.0,1,,0,,,,0,,,0,7.0,match,1,1,False,fum_rec;blocked_kicks;def_fum_td,PFR
San Francisco 49ers,SFO,1987,11,1987-11-29,False,CLE,H,W,38,24,1.0,1,,0,,,,0,,,0,3.0,match,1,1,False,fum_rec;blocked_kicks;def_fum_td,PFR
San Francisco 49ers,SFO,1987,12,1987-12-06,False,GNB,A,W,23,12,4.0,3,,0,,,,0,,,0,14.0,match,3,3,False,fum_rec;blocked_kicks;def_fum_td,PFR
San Francisco 49ers,SFO,1987,13,1987-12-14,False,CHI,H,W,41,0,3.0,4,,0,,,,0,,,1,27.0,match,4,4,False,fum_rec;blocked_kicks;def_fum_td,PFR
San Francisco 49ers,SFO,1987,14,1987-12-20,False,ATL,H,W,35,7,3.0,4,,0,,,,0,,,1,21.0,match,4,4,False,fum_rec;blocked_kicks;def_fum_td,PFR
San Francisco 49ers,SFO,1987,15,1987-12-27,False,RAM,H,W,48,0,2.0,1,,0,,,,0,,,0,14.0,match,1,1,False,fum_rec;blocked_kicks;def_fum_td,PFR
San Francisco 49ers,SFO,1987,16,1988-01-09,True,MIN,H,L,24,36,2.0,1,,0,,,,0,,,0,0.0,match,1,1,False,fum_rec;blocked_kicks;def_fum_td,PFR
St. Louis Cardinals,STL,1987,1,1987-09-13,False,DAL,H,W,24,13,8.0,0,,0,,,,0,,,0,12.0,match,0,0,False,fum_rec;blocked_kicks;def_fum_td,PFR
St. Louis Cardinals,STL,1987,2,1987-09-20,False,SDG,A,L,24,28,0.0,1,,0,,,,0,,,0,1,match,1,1,False,fum_rec;blocked_kicks;def_fum_td,PFR
St. Louis Cardinals,STL,1987,3,1987-10-04,False,WAS,A,L,21,28,0,1,,0,,,,0,,,0,1,match,1,1,False,fum_rec;blocked_kicks;def_fum_td,PFR
St. Louis Cardinals,STL,1987,4,1987-10-11,False,NOR,H,W,24,19,3.0,1,,0,,,,0,,,0,6.0,match,1,1,False,fum_rec;blocked_kicks;def_fum_td,PFR
St. Louis Cardinals,STL,1987,5,1987-10-18,False,SFO,A,L,28,34,1.0,2,,0,,,,0,,,0,4.0,match,2,2,False,fum_rec;blocked_kicks;def_fum_td,PFR
St. Louis Cardinals,STL,1987,6,1987-10-25,False,NYG,A,L,7,30,3.0,0,,0,,,,0,,,0,2.0,match,0,0,False,fum_rec;blocked_kicks;def_fum_td,PFR
St. Louis Cardinals,STL,1987,7,1987-11-01,False,PHI,H,L,23,28,4.0,1,,0,,,,0,,,0,5.0,match,1,1,False,fum_rec;blocked_kicks;def_fum_td,PFR
St. Louis Cardinals,STL,1987,8,1987-11-08,False,TAM,H,W,31,28,1.0,0,,0,,,,0,,,0,0.0,match,0,0,False,fum_rec;blocked_kicks;def_fum_td,PFR
St. Louis Cardinals,STL,1987,9,1987-11-15,False,RAM,H,L,24,27,1.0,1,,0,,,,0,,,0,3.0,match,1,1,False,fum_rec;blocked_kicks;def_fum_td,PFR
St. Louis Cardinals,STL,1987,10,1987-11-22,False,PHI,A,W,31,19,6.0,2,,0,,,,0,,,0,11.0,match,2,2,False,fum_rec;blocked_kicks;def_fum_td,PFR
St. Louis Cardinals,STL,1987,11,1987-11-29,False,ATL,A,W,34,21,3.0,1,,0,,,,0,,,0,5.0,match,1,1,False,fum_rec;blocked_kicks;def_fum_td,PFR
St. Louis Cardinals,STL,1987,12,1987-12-06,False,WAS,H,L,17,34,1.0,1,,0,,,,0,,,0,2.0,match,1,1,False,fum_rec;blocked_kicks;def_fum_td,PFR
St. Louis Cardinals,STL,1987,13,1987-12-13,False,NYG,H,W,27,24,4.0,1,,0,,,,0,,,1,12.0,match,1,1,False,fum_rec;blocked_kicks;def_fum_td,PFR
St. Louis Cardinals,STL,1987,14,1987-12-20,False,TAM,A,W,31,14,6.0,2,,0,,,,0,,,0,11.0,match,2,2,False,fum_rec;blocked_kicks;def_fum_td,PFR
St. Louis Cardinals,STL,1987,15,1987-12-27,False,DAL,A,L,16,21,0,0,,0,,,,0,,,0,0,match,0,0,False,fum_rec;blocked_kicks;def_fum_td,PFR
Tampa Bay Buccaneers,TAM,1987,1,1987-09-13,False,ATL,H,W,48,10,4.0,2,,0,,,,0,,,0,12.0,match,2,2,False,fum_rec;blocked_kicks;def_fum_td,PFR
Tampa Bay Buccaneers,TAM,1987,2,1987-09-20,False,CHI,A,L,3,20,0,2,,0,,,,0,,,0,5,match,2,2,False,fum_rec;blocked_kicks;def_fum_td,PFR
Tampa Bay Buccaneers,TAM,1987,3,1987-10-04,False,DET,A,W,31,27,5.0,3,,0,,,,0,,,0,11.0,match,3,3,False,fum_rec;blocked_kicks;def_fum_td,PFR
Tampa Bay Buccaneers,TAM,1987,4,1987-10-11,False,SDG,H,L,13,17,1.0,0,,0,,,,0,,,0,2.0,match,0,0,False,fum_rec;blocked_kicks;def_fum_td,PFR
Tampa Bay Buccaneers,TAM,1987,5,1987-10-18,False,MIN,H,W,20,10,7.0,4,,0,,,,0,,,0,19.0,match,4,4,False,fum_rec;blocked_kicks;def_fum_td,PFR
Tampa Bay Buccaneers,TAM,1987,6,1987-10-25,False,CHI,H,L,26,27,4.0,1,,0,,,,0,,,0,6.0,match,1,1,False,fum_rec;blocked_kicks;def_fum_td,PFR
Tampa Bay Buccaneers,TAM,1987,7,1987-11-01,False,GNB,A,W,23,17,3.0,0,,0,,,,0,,,0,4.0,match,0,0,False,fum_rec;blocked_kicks;def_fum_td,PFR
Tampa Bay Buccaneers,TAM,1987,8,1987-11-08,False,STL,A,L,28,31,4.0,1,,0,,,,0,,,0,5.0,match,1,1,False,fum_rec;blocked_kicks;def_fum_td,PFR
Tampa Bay Buccaneers,TAM,1987,9,1987-11-15,False,MIN,A,L,17,23,2.0,1,,0,,,,0,,,0,4.0,match,1,1,False,fum_rec;blocked_kicks;def_fum_td,PFR
Tampa Bay Buccaneers,TAM,1987,10,1987-11-22,False,SFO,H,L,10,24,1.0,1,,0,,,,0,,,0,3.0,match,1,1,False,fum_rec;blocked_kicks;def_fum_td,PFR
Tampa Bay Buccaneers,TAM,1987,11,1987-11-29,False,RAM,A,L,3,35,3.0,0,,0,,,,0,,,0,-1.0,match,0,0,False,fum_rec;blocked_kicks;def_fum_td,PFR
Tampa Bay Buccaneers,TAM,1987,12,1987-12-06,False,NOR,A,L,34,44,1.0,0,,0,,,,0,,,0,-3.0,match,0,0,False,fum_rec;blocked_kicks;def_fum_td,PFR
Tampa Bay Buccaneers,TAM,1987,13,1987-12-13,False,DET,H,L,10,20,0,0,,0,,,,0,,,0,1,match,0,0,False,fum_rec;blocked_kicks;def_fum_td,PFR
Tampa Bay Buccaneers,TAM,1987,14,1987-12-20,False,STL,H,L,14,31,3.0,1,,0,,,,0,,,0,4.0,match,1,1,False,fum_rec;blocked_kicks;def_fum_td,PFR
Tampa Bay Buccaneers,TAM,1987,15,1987-12-27,False,IND,A,L,6,24,0,0,,0,,,,0,,,0,0,match,0,0,False,fum_rec;blocked_kicks;def_fum_td,PFR
Washington Redskins,WAS,1987,1,1987-09-13,False,PHI,H,W,34,24,4.0,2,,0,,,,0,,,0,8.0,match,2,2,False,fum_rec;blocked_kicks;def_fum_td,PFR
Washington Redskins,WAS,1987,2,1987-09-20,False,ATL,A,L,20,21,1.0,1,,0,,,,0,,,0,3.0,match,1,1,False,fum_rec;blocked_kicks;def_fum_td,PFR
Washington Redskins,WAS,1987,3,1987-10-04,False,STL,H,W,28,21,4.0,0,,0,,,,0,,,0,4.0,match,0,0,False,fum_rec;blocked_kicks;def_fum_td,PFR
Washington Redskins,WAS,1987,4,1987-10-11,False,NYG,A,W,38,12,6.0,1,,0,,,,0,,,0,12.0,match,1,1,False,fum_rec;blocked_kicks;def_fum_td,PFR
Washington Redskins,WAS,1987,5,1987-10-19,False,DAL,A,W,13,7,5.0,1,,0,,,,0,,,0,11.0,match,1,1,False,fum_rec;blocked_kicks;def_fum_td,PFR
Washington Redskins,WAS,1987,6,1987-10-25,False,NYJ,H,W,17,16,7.0,1,,0,,,,0,,,0,10.0,match,1,1,False,fum_rec;blocked_kicks;def_fum_td,PFR
Washington Redskins,WAS,1987,7,1987-11-01,False,BUF,A,W,27,7,3.0,3,,0,,,,0,,,0,13.0,match,3,3,False,fum_rec;blocked_kicks;def_fum_td,PFR
Washington Redskins,WAS,1987,8,1987-11-08,False,PHI,A,L,27,31,4.0,3,,0,,,,0,,,0,9.0,match,3,3,False,fum_rec;blocked_kicks;def_fum_td,PFR
Washington Redskins,WAS,1987,9,1987-11-15,False,DET,H,W,20,13,1.0,4,,0,,,,0,,,0,13.0,match,4,4,False,fum_rec;blocked_kicks;def_fum_td,PFR
Washington Redskins,WAS,1987,10,1987-11-23,False,RAM,H,L,26,30,1.0,1,,0,,,,0,,,0,2.0,match,1,1,False,fum_rec;blocked_kicks;def_fum_td,PFR
Washington Redskins,WAS,1987,11,1987-11-29,False,NYG,H,W,23,19,5.0,1,,0,,,,0,,,0,8.0,match,1,1,False,fum_rec;blocked_kicks;def_fum_td,PFR
Washington Redskins,WAS,1987,12,1987-12-06,False,STL,A,W,34,17,5.0,0,,0,,,,0,,,0,6.0,match,0,0,False,fum_rec;blocked_kicks;def_fum_td,PFR
Washington Redskins,WAS,1987,13,1987-12-13,False,DAL,H,W,24,20,3.0,1,,0,,,,0,,,0,6.0,match,1,1,False,fum_rec;blocked_kicks;def_fum_td,PFR
Washington Redskins,WAS,1987,14,1987-12-20,False,MIA,A,L,21,23,0,1,,0,,,,0,,,0,2,match,1,1,False,fum_rec;blocked_kicks;def_fum_td,PFR
Washington Redskins,WAS,1987,15,1987-12-26,False,MIN,A,W,27,24,4.0,3,,0,,,,0,,,0,10.0,match,3,3,False,fum_rec;blocked_kicks;def_fum_td,PFR
Washington Redskins,WAS,1987,16,1988-01-10,True,CHI,A,W,21,17,5.0,3,,0,,,,0,,,1,18.0,match,3,3,False,fum_rec;blocked_kicks;def_fum_td,PFR
Washington Redskins,WAS,1987,17,1988-01-17,True,MIN,H,W,17,10,8.0,1,,0,,,,0,,,0,14.0,match,1,1,False,fum_rec;blocked_kicks;def_fum_td,PFR
Washington Redskins,WAS,1987,18,1988-01-31,True,DEN,N,W,42,10,5.0,3,,0,,,,0,,,0,15.0,match,3,3,False,fum_rec;blocked_kicks;def_fum_td,PFR
Atlanta Falcons,ATL,1988,1,1988-09-04,False,DET,A,L,17,31,3.0,1,,0,,,,0,,,0,4.0,match,1,1,False,fum_rec;blocked_kicks;def_fum_td,PFR
Atlanta Falcons,ATL,1988,2,1988-09-11,False,NOR,H,L,21,29,0,0,,0,,,,0,,,0,-1,match,0,0,False,fum_rec;blocked_kicks;def_fum_td,PFR
Atlanta Falcons,ATL,1988,3,1988-09-18,False,SFO,A,W,34,17,3.0,4,,0,,,,0,,,0,12.0,match,4,4,False,fum_rec;blocked_kicks;def_fum_td,PFR
Atlanta Falcons,ATL,1988,4,1988-09-25,False,DAL,A,L,20,26,2.0,1,,0,,,,0,,,0,4.0,match,1,1,False,fum_rec;blocked_kicks;def_fum_td,PFR
Atlanta Falcons,ATL,1988,5,1988-10-02,False,SEA,H,L,20,31,2.0,0,,0,,,,0,,,0,1.0,match,0,0,False,fum_rec;blocked_kicks;def_fum_td,PFR
Atlanta Falcons,ATL,1988,6,1988-10-09,False,RAM,H,L,0,33,1.0,1,,0,,,,0,,,0,2.0,match,1,1,False,fum_rec;blocked_kicks;def_fum_td,PFR
Atlanta Falcons,ATL,1988,7,1988-10-16,False,DEN,A,L,14,30,2.0,0,,0,,,,0,,,0,1.0,match,0,0,False,fum_rec;blocked_kicks;def_fum_td,PFR
Atlanta Falcons,ATL,1988,8,1988-10-23,False,NYG,H,L,16,23,4.0,3,,0,,,,0,,,0,10.0,match,3,3,False,fum_rec;blocked_kicks;def_fum_td,PFR
Atlanta Falcons,ATL,1988,9,1988-10-30,False,PHI,A,W,27,24,3.0,2,,0,,,,0,,,0,7.0,match,2,2,False,fum_rec;blocked_kicks;def_fum_td,PFR
Atlanta Falcons,ATL,1988,10,1988-11-06,False,GNB,H,W,20,0,1.0,4,,0,,,,0,,,0,19.0,match,4,4,False,fum_rec;blocked_kicks;def_fum_td,PFR
Atlanta Falcons,ATL,1988,11,1988-11-13,False,SDG,H,L,7,10,2.0,2,,0,,,,0,,,0,10.0,match,2,2,False,fum_rec;blocked_kicks;def_fum_td,PFR
Atlanta Falcons,ATL,1988,12,1988-11-20,False,RAI,A,W,12,6,3.0,1,,0,,,,0,,,0,12.0,match,1,1,False,fum_rec;blocked_kicks;def_fum_td,PFR
Atlanta Falcons,ATL,1988,13,1988-11-27,False,TAM,H,W,17,10,1.0,3,,0,,,,0,,,0,11.0,match,3,3,False,fum_rec;blocked_kicks;def_fum_td,PFR
Atlanta Falcons,ATL,1988,14,1988-12-04,False,SFO,H,L,3,13,1.0,0,,0,,,,0,,,0,5.0,match,0,0,False,fum_rec;blocked_kicks;def_fum_td,PFR
Atlanta Falcons,ATL,1988,15,1988-12-11,False,RAM,A,L,7,22,1.0,1,,0,,,,0,,,0,3.0,match,1,1,False,fum_rec;blocked_kicks;def_fum_td,PFR
Atlanta Falcons,ATL,1988,16,1988-12-18,False,NOR,A,L,9,10,1.0,1,,0,,,,0,,,0,7.0,match,1,1,False,fum_rec;blocked_kicks;def_fum_td,PFR
Buffalo Bills,BUF,1988,1,1988-09-04,False,MIN,H,W,13,10,6.0,1,,0,,,,0,,,0,12.0,match,1,1,False,fum_rec;blocked_kicks;def_fum_td,PFR
Buffalo Bills,BUF,1988,2,1988-09-11,False,MIA,H,W,9,6,1.0,0,,0,,,,0,,,0,8.0,match,0,0,False,fum_rec;blocked_kicks;def_fum_td,PFR
Buffalo Bills,BUF,1988,3,1988-09-18,False,NWE,A,W,16,14,4.0,2,,0,,,,0,,,0,9.0,match,2,2,False,fum_rec;blocked_kicks;def_fum_td,PFR
Buffalo Bills,BUF,1988,4,1988-09-25,False,PIT,H,W,36,28,3.0,3,,0,,,,0,,,0,8.0,match,3,3,False,fum_rec;blocked_kicks;def_fum_td,PFR
Buffalo Bills,BUF,1988,5,1988-10-02,False,CHI,A,L,3,24,0.0,1,,0,,,,0,,,0,2,match,1,1,False,fum_rec;blocked_kicks;def_fum_td,PFR
Buffalo Bills,BUF,1988,6,1988-10-09,False,IND,H,W,34,23,4.0,2,,0,,,,0,,,0,8.0,match,2,2,False,fum_rec;blocked_kicks;def_fum_td,PFR
Buffalo Bills,BUF,1988,7,1988-10-17,False,NYJ,A,W,37,14,5.0,1,,0,,,,0,,,0,8.0,match,1,1,False,fum_rec;blocked_kicks;def_fum_td,PFR
Buffalo Bills,BUF,1988,8,1988-10-23,False,NWE,H,W,23,20,2.0,0,,0,,,,0,,,0,3.0,match,0,0,False,fum_rec;blocked_kicks;def_fum_td,PFR
Buffalo Bills,BUF,1988,9,1988-10-30,False,GNB,H,W,28,0,6.0,1,,0,,,,0,,,0,18.0,match,1,1,False,fum_rec;blocked_kicks;def_fum_td,PFR
Buffalo Bills,BUF,1988,10,1988-11-06,False,SEA,A,W,13,3,4.0,1,,0,,,,0,,,0,13.0,match,1,1,False,fum_rec;blocked_kicks;def_fum_td,PFR
Buffalo Bills,BUF,1988,11,1988-11-14,False,MIA,A,W,31,6,0.0,3,,0,,,,0,,,0,13,match,3,3,False,fum_rec;blocked_kicks;def_fum_td,PFR
Buffalo Bills,BUF,1988,12,1988-11-20,False,NYJ,H,W,9,6,2.0,0,,0,,,,0,,,0,9.0,match,0,0,False,fum_rec;blocked_kicks;def_fum_td,PFR
Buffalo Bills,BUF,1988,13,1988-11-27,False,CIN,A,L,21,35,2.0,0,,0,,,,0,,,0,-2.0,match,0,0,False,fum_rec;blocked_kicks;def_fum_td,PFR
Buffalo Bills,BUF,1988,14,1988-12-04,False,TAM,A,L,5,10,2.0,0,,0,,,,0,,,0,6.0,match,0,0,False,fum_rec;blocked_kicks;def_fum_td,PFR
Buffalo Bills,BUF,1988,15,1988-12-11,False,RAI,H,W,37,21,2.0,0,,0,,,,0,,,0,2.0,match,0,0,False,fum_rec;blocked_kicks;def_fum_td,PFR
Buffalo Bills,BUF,1988,16,1988-12-18,False,IND,A,L,14,17,3.0,0,,0,,,,0,,,0,4.0,match,0,0,False,fum_rec;blocked_kicks;def_fum_td,PFR
Buffalo Bills,BUF,1988,17,1989-01-01,True,HOU,H,W,17,10,2.0,1,,0,,,,0,,,0,8.0,match,1,1,False,fum_rec;blocked_kicks;def_fum_td,PFR
Buffalo Bills,BUF,1988,18,1989-01-08,True,CIN,A,L,10,21,3.0,2,,0,,,,0,,,0,7.0,match,2,2,False,fum_rec;blocked_kicks;def_fum_td,PFR
Chicago Bears,CHI,1988,1,1988-09-04,False,MIA,H,W,34,7,1.0,0,,0,,,,0,,,0,5.0,match,0,0,False,fum_rec;blocked_kicks;def_fum_td,PFR
Chicago Bears,CHI,1988,2,1988-09-11,False,IND,A,W,17,13,2.0,2,,0,,,,0,,,0,10.0,match,2,2,False,fum_rec;blocked_kicks;def_fum_td,PFR
Chicago Bears,CHI,1988,3,1988-09-18,False,MIN,H,L,7,31,1.0,1,,0,,,,0,,,0,2.0,match,1,1,False,fum_rec;blocked_kicks;def_fum_td,PFR
Chicago Bears,CHI,1988,4,1988-09-25,False,GNB,A,W,24,6,5.0,2,,0,,,,0,,,0,16.0,match,2,2,False,fum_rec;blocked_kicks;def_fum_td,PFR
Chicago Bears,CHI,1988,5,1988-10-02,False,BUF,H,W,24,3,6.0,1,,0,,,,0,,,0,15.0,match,1,1,False,fum_rec;blocked_kicks;def_fum_td,PFR
Chicago Bears,CHI,1988,6,1988-10-09,False,DET,A,W,24,7,3.0,1,,0,,,,0,,,0,9.0,match,1,1,False,fum_rec;blocked_kicks;def_fum_td,PFR
Chicago Bears,CHI,1988,7,1988-10-16,False,DAL,H,W,17,7,5.0,2,,0,,,,0,,,0,13.0,match,2,2,False,fum_rec;blocked_kicks;def_fum_td,PFR
Chicago Bears,CHI,1988,8,1988-10-24,False,SFO,H,W,10,9,4.0,1,,0,,,,0,,,0,10.0,match,1,1,False,fum_rec;blocked_kicks;def_fum_td,PFR
Chicago Bears,CHI,1988,9,1988-10-30,False,NWE,A,L,7,30,0,0,,0,,,,0,,,0,-1,match,0,0,False,fum_rec;blocked_kicks;def_fum_td,PFR
Chicago Bears,CHI,1988,10,1988-11-06,False,TAM,H,W,28,10,2.0,2,,0,,,,0,,,0,10.0,match,2,2,False,fum_rec;blocked_kicks;def_fum_td,PFR
Chicago Bears,CHI,1988,11,1988-11-13,False,WAS,A,W,34,14,3.0,5,,0,,,,0,,,0,14.0,match,5,5,False,fum_rec;blocked_kicks;def_fum_td,PFR
Chicago Bears,CHI,1988,12,1988-11-20,False,TAM,A,W,27,15,1.0,2,,0,,,,0,,,0,6.0,match,2,2,False,fum_rec;blocked_kicks;def_fum_td,PFR
Chicago Bears,CHI,1988,13,1988-11-27,False,GNB,H,W,16,0,4.0,2,,0,,,,0,,,0,18.0,match,2,2,False,fum_rec;blocked_kicks;def_fum_td,PFR
Chicago Bears,CHI,1988,14,1988-12-05,False,RAM,A,L,3,23,2.0,3,,0,,,,0,,,0,8.0,match,3,3,False,fum_rec;blocked_kicks;def_fum_td,PFR
Chicago Bears,CHI,1988,15,1988-12-11,False,DET,H,W,13,12,0,0,,0,,,,0,,,0,4,match,0,0,False,fum_rec;blocked_kicks;def_fum_td,PFR
Chicago Bears,CHI,1988,16,1988-12-19,False,MIN,A,L,27,28,4.0,2,,0,,,,0,,,0,7.0,match,2,2,False,fum_rec;blocked_kicks;def_fum_td,PFR
Chicago Bears,CHI,1988,17,1988-12-31,True,PHI,H,W,20,12,4.0,3,,0,,,,0,,,0,14.0,match,3,3,False,fum_rec;blocked_kicks;def_fum_td,PFR
Chicago Bears,CHI,1988,18,1989-01-08,True,SFO,H,L,3,28,2.0,0,,0,,,,0,,,0,1.0,match,0,0,False,fum_rec;blocked_kicks;def_fum_td,PFR
Cincinnati Bengals,CIN,1988,1,1988-09-04,False,PHO,H,W,21,14,2.0,2,,0,,,,0,,,0,7.0,match,2,2,False,fum_rec;blocked_kicks;def_fum_td,PFR
Cincinnati Bengals,CIN,1988,2,1988-09-11,False,PHI,A,W,28,24,4.0,1,,0,,,,0,,,0,6.0,match,1,1,False,fum_rec;blocked_kicks;def_fum_td,PFR
Cincinnati Bengals,CIN,1988,3,1988-09-18,False,PIT,A,W,17,12,5.0,2,,0,,,,0,,,0,13.0,match,2,2,False,fum_rec;blocked_kicks;def_fum_td,PFR
Cincinnati Bengals,CIN,1988,4,1988-09-25,False,CLE,H,W,24,17,0,0,,0,,,,0,,,0,1,match,0,0,False,fum_rec;blocked_kicks;def_fum_td,PFR
Cincinnati Bengals,CIN,1988,5,1988-10-02,False,RAI,A,W,45,21,2.0,4,,0,,,,0,,,0,10.0,match,4,4,False,fum_rec;blocked_kicks;def_fum_td,PFR
Cincinnati Bengals,CIN,1988,6,1988-10-09,False,NYJ,H,W,36,19,3.0,0,,0,,,,0,,,0,4.0,match,0,0,False,fum_rec;blocked_kicks;def_fum_td,PFR
Cincinnati Bengals,CIN,1988,7,1988-10-16,False,NWE,A,L,21,27,2.0,0,,0,,,,0,,,0,2.0,match,0,0,False,fum_rec;blocked_kicks;def_fum_td,PFR
Cincinnati Bengals,CIN,1988,8,1988-10-23,False,HOU,H,W,44,21,4.0,2,,0,,,,0,,,0,8.0,match,2,2,False,fum_rec;blocked_kicks;def_fum_td,PFR
Cincinnati Bengals,CIN,1988,9,1988-10-30,False,CLE,A,L,16,23,1.0,2,,0,,,,0,,,0,5.0,match,2,2,False,fum_rec;blocked_kicks;def_fum_td,PFR
Cincinnati Bengals,CIN,1988,10,1988-11-06,False,PIT,H,W,42,7,4.0,0,,0,,,,0,,,0,8.0,match,0,0,False,fum_rec;blocked_kicks;def_fum_td,PFR
Cincinnati Bengals,CIN,1988,11,1988-11-13,False,KAN,A,L,28,31,1.0,0,,0,,,,0,,,1,6.0,match,0,0,False,fum_rec;blocked_kicks;def_fum_td,PFR
Cincinnati Bengals,CIN,1988,12,1988-11-20,False,DAL,A,W,38,24,6.0,2,,0,,,,0,,,0,10.0,match,2,2,False,fum_rec;blocked_kicks;def_fum_td,PFR
Cincinnati Bengals,CIN,1988,13,1988-11-27,False,BUF,H,W,35,21,2.0,2,,0,,,,0,,,0,6.0,match,2,2,False,fum_rec;blocked_kicks;def_fum_td,PFR
Cincinnati Bengals,CIN,1988,14,1988-12-04,False,SDG,H,W,27,10,3.0,3,,0,,,,0,,,0,13.0,match,3,3,False,fum_rec;blocked_kicks;def_fum_td,PFR
Cincinnati Bengals,CIN,1988,15,1988-12-11,False,HOU,A,L,6,41,1.0,1,,0,,,,0,,,0,-1.0,match,1,1,False,fum_rec;blocked_kicks;def_fum_td,PFR
Cincinnati Bengals,CIN,1988,16,1988-12-17,False,WAS,H,W,20,17,1.0,1,,0,,,,0,,,0,4.0,match,1,1,False,fum_rec;blocked_kicks;def_fum_td,PFR
Cincinnati Bengals,CIN,1988,17,1988-12-31,True,SEA,H,W,21,13,3.0,2,,0,,,,0,,,0,11.0,match,2,2,False,fum_rec;blocked_kicks;def_fum_td,PFR
Cincinnati Bengals,CIN,1988,18,1989-01-08,True,BUF,H,W,21,10,3.0,3,,0,,,,0,,,0,13.0,match,3,3,False,fum_rec;blocked_kicks;def_fum_td,PFR
Cincinnati Bengals,CIN,1988,19,1989-01-22,True,SFO,N,L,16,20,4.0,0,,0,,,,0,,,1,11.0,match,0,0,False,fum_rec;blocked_kicks;def_fum_td,PFR
Cleveland Browns,CLE,1988,1,1988-09-04,False,KAN,A,W,6,3,3.0,2,,0,,,,0,,,0,14.0,match,2,2,False,fum_rec;blocked_kicks;def_fum_td,PFR
Cleveland Browns,CLE,1988,2,1988-09-11,False,NYJ,H,L,3,23,1.0,0,,0,,,,0,,,0,1.0,match,0,0,False,fum_rec;blocked_kicks;def_fum_td,PFR
Cleveland Browns,CLE,1988,3,1988-09-19,False,IND,H,W,23,17,1.0,2,,0,,,,0,,,0,6.0,match,2,2,False,fum_rec;blocked_kicks;def_fum_td,PFR
Cleveland Browns,CLE,1988,4,1988-09-25,False,CIN,A,L,17,24,1.0,0,,0,,,,0,,,0,1.0,match,0,0,False,fum_rec;blocked_kicks;def_fum_td,PFR
Cleveland Browns,CLE,1988,5,1988-10-02,False,PIT,A,W,23,9,2.0,4,,0,,,,0,,,0,14.0,match,4,4,False,fum_rec;blocked_kicks;def_fum_td,PFR
Cleveland Browns,CLE,1988,6,1988-10-09,False,SEA,H,L,10,16,1.0,0,,0,,,,0,,,0,2.0,match,0,0,False,fum_rec;blocked_kicks;def_fum_td,PFR
Cleveland Browns,CLE,1988,7,1988-10-16,False,PHI,H,W,19,3,9.0,2,,0,,,,0,,,0,20.0,match,2,2,False,fum_rec;blocked_kicks;def_fum_td,PFR
Cleveland Browns,CLE,1988,8,1988-10-23,False,PHO,A,W,29,21,6.0,3,,0,,,,0,,,0,12.0,match,3,3,False,fum_rec;blocked_kicks;def_fum_td,PFR
Cleveland Browns,CLE,1988,9,1988-10-30,False,CIN,H,W,23,16,4.0,0,,0,,,,0,,,0,5.0,match,0,0,False,fum_rec;blocked_kicks;def_fum_td,PFR
Cleveland Browns,CLE,1988,10,1988-11-07,False,HOU,A,L,17,24,0,0,,0,,,,0,,,0,0,match,0,0,False,fum_rec;blocked_kicks;def_fum_td,PFR
Cleveland Browns,CLE,1988,11,1988-11-13,False,DEN,A,L,7,30,0,0,,0,,,,0,,,0,-1,match,0,0,False,fum_rec;blocked_kicks;def_fum_td,PFR
Cleveland Browns,CLE,1988,12,1988-11-20,False,PIT,H,W,27,7,6.0,2,,0,,,,0,,,0,14.0,match,2,2,False,fum_rec;blocked_kicks;def_fum_td,PFR
Cleveland Browns,CLE,1988,13,1988-11-27,False,WAS,A,W,17,13,1.0,2,,0,,,,0,,,0,9.0,match,2,2,False,fum_rec;blocked_kicks;def_fum_td,PFR
Cleveland Browns,CLE,1988,14,1988-12-04,False,DAL,H,W,24,21,0,0,,0,,,,0,,,0,0,match,0,0,False,fum_rec;blocked_kicks;def_fum_td,PFR
Cleveland Browns,CLE,1988,15,1988-12-12,False,MIA,A,L,31,38,0.0,3,,0,,,,0,,,0,2,match,3,3,False,fum_rec;blocked_kicks;def_fum_td,PFR
Cleveland Browns,CLE,1988,16,1988-12-18,False,HOU,H,W,28,23,1.0,0,,0,,,,0,,,0,1.0,match,0,0,False,fum_rec;blocked_kicks;def_fum_td,PFR
Cleveland Browns,CLE,1988,17,1988-12-24,True,HOU,H,L,23,24,1.0,3,,0,,,,0,,,0,7.0,match,3,3,False,fum_rec;blocked_kicks;def_fum_td,PFR
Dallas Cowboys,DAL,1988,1,1988-09-04,False,PIT,A,L,21,24,1.0,0,,0,,,,0,,,0,1.0,match,0,0,False,fum_rec;blocked_kicks;def_fum_td,PFR
Dallas Cowboys,DAL,1988,2,1988-09-12,False,PHO,A,W,17,14,4.0,0,,0,,,,0,,,0,5.0,match,0,0,False,fum_rec;blocked_kicks;def_fum_td,PFR
Dallas Cowboys,DAL,1988,3,1988-09-18,False,NYG,H,L,10,12,4.0,2,,0,,,,0,,,0,12.0,match,2,2,False,fum_rec;blocked_kicks;def_fum_td,PFR
Dallas Cowboys,DAL,1988,4,1988-09-25,False,ATL,H,W,26,20,7.0,1,,0,,,,0,,,0,10.0,match,1,1,False,fum_rec;blocked_kicks;def_fum_td,PFR
Dallas Cowboys,DAL,1988,5,1988-10-03,False,NOR,A,L,17,20,1.0,1,,0,,,,0,,,0,4.0,match,1,1,False,fum_rec;blocked_kicks;def_fum_td,PFR
Dallas Cowboys,DAL,1988,6,1988-10-09,False,WAS,H,L,17,35,2.0,0,,0,,,,0,,,0,-2.0,match,0,0,False,fum_rec;blocked_kicks;def_fum_td,PFR
Dallas Cowboys,DAL,1988,7,1988-10-16,False,CHI,A,L,7,17,3.0,0,,0,,,,0,,,0,4.0,match,0,0,False,fum_rec;blocked_kicks;def_fum_td,PFR
Dallas Cowboys,DAL,1988,8,1988-10-23,False,PHI,A,L,23,24,5.0,1,,0,,,,0,,,0,7.0,match,1,1,False,fum_rec;blocked_kicks;def_fum_td,PFR
Dallas Cowboys,DAL,1988,9,1988-10-30,False,PHO,H,L,10,16,4.0,0,,0,,,,0,,,0,5.0,match,0,0,False,fum_rec;blocked_kicks;def_fum_td,PFR
Dallas Cowboys,DAL,1988,10,1988-11-06,False,NYG,A,L,21,29,2.0,1,,0,,,,0,,,0,3.0,match,1,1,False,fum_rec;blocked_kicks;def_fum_td,PFR
Dallas Cowboys,DAL,1988,11,1988-11-13,False,MIN,H,L,3,43,4.0,1,,0,,,,0,,,0,2.0,match,1,1,False,fum_rec;blocked_kicks;def_fum_td,PFR
Dallas Cowboys,DAL,1988,12,1988-11-20,False,CIN,H,L,24,38,2.0,0,,0,,,,0,,,0,-2.0,match,0,0,False,fum_rec;blocked_kicks;def_fum_td,PFR
Dallas Cowboys,DAL,1988,13,1988-11-24,False,HOU,H,L,17,25,2.0,0,,0,,,,0,,,0,2.0,match,0,0,False,fum_rec;blocked_kicks;def_fum_td,PFR
Dallas Cowboys,DAL,1988,14,1988-12-04,False,CLE,A,L,21,24,5.0,0,,0,,,,0,,,0,5.0,match,0,0,False,fum_rec;blocked_kicks;def_fum_td,PFR
Dallas Cowboys,DAL,1988,15,1988-12-11,False,WAS,A,W,24,17,0.0,3,,0,,,,0,,,0,7,match,3,3,False,fum_rec;blocked_kicks;def_fum_td,PFR
Dallas Cowboys,DAL,1988,16,1988-12-18,False,PHI,H,L,7,23,0,0,,0,,,,0,,,0,0,match,0,0,False,fum_rec;blocked_kicks;def_fum_td,PFR
Denver Broncos,DEN,1988,1,1988-09-04,False,SEA,H,L,14,21,2.0,0,,0,,,,0,,,0,2.0,match,0,0,False,fum_rec;blocked_kicks;def_fum_td,PFR
Denver Broncos,DEN,1988,2,1988-09-11,False,SDG,H,W,34,3,2.0,2,,0,,,,0,,,0,13.0,match,2,2,False,fum_rec;blocked_kicks;def_fum_td,PFR
Denver Broncos,DEN,1988,3,1988-09-18,False,KAN,A,L,13,20,1.0,0,,0,,,,0,,,0,2.0,match,0,0,False,fum_rec;blocked_kicks;def_fum_td,PFR
Denver Broncos,DEN,1988,4,1988-09-26,False,RAI,H,L,27,30,1.0,1,,0,,,,0,,,0,2.0,match,1,1,False,fum_rec;blocked_kicks;def_fum_td,PFR
Denver Broncos,DEN,1988,5,1988-10-02,False,SDG,A,W,12,0,4.0,1,,0,,,,0,,,0,16.0,match,1,1,False,fum_rec;blocked_kicks;def_fum_td,PFR
Denver Broncos,DEN,1988,6,1988-10-09,False,SFO,A,W,16,13,3.0,3,,0,,,,0,,,0,13.0,match,3,3,False,fum_rec;blocked_kicks;def_fum_td,PFR
Denver Broncos,DEN,1988,7,1988-10-16,False,ATL,H,W,30,14,3.0,2,,0,,,,0,,,0,8.0,match,2,2,False,fum_rec;blocked_kicks;def_fum_td,PFR
Denver Broncos,DEN,1988,8,1988-10-23,False,PIT,A,L,21,39,3.0,1,,0,,,,0,,,0,1.0,match,1,1,False,fum_rec;blocked_kicks;def_fum_td,PFR
Denver Broncos,DEN,1988,9,1988-10-31,False,IND,A,L,23,55,0,0,,0,,,,0,,,0,-4,match,0,0,False,fum_rec;blocked_kicks;def_fum_td,PFR
Denver Broncos,DEN,1988,10,1988-11-06,False,KAN,H,W,17,11,2.0,1,,0,,,,0,,,0,8.0,match,1,1,False,fum_rec;blocked_kicks;def_fum_td,PFR
Denver Broncos,DEN,1988,11,1988-11-13,False,CLE,H,W,30,7,6.0,1,,0,,,,0,,,0,12.0,match,1,1,False,fum_rec;blocked_kicks;def_fum_td,PFR
Denver Broncos,DEN,1988,12,1988-11-20,False,NOR,A,L,0,42,1.0,0,,0,,,,0,,,0,-3.0,match,0,0,False,fum_rec;blocked_kicks;def_fum_td,PFR
Denver Broncos,DEN,1988,13,1988-11-27,False,RAM,H,W,35,24,2.0,1,,0,,,,0,,,0,4.0,match,1,1,False,fum_rec;blocked_kicks;def_fum_td,PFR
Denver Broncos,DEN,1988,14,1988-12-04,False,RAI,A,L,20,21,4.0,1,,0,,,,0,,,0,6.0,match,1,1,False,fum_rec;blocked_kicks;def_fum_td,PFR
Denver Broncos,DEN,1988,15,1988-12-11,False,SEA,A,L,14,42,0,0,,0,,,,0,,,0,-4,match,0,0,False,fum_rec;blocked_kicks;def_fum_td,PFR
Denver Broncos,DEN,1988,16,1988-12-17,False,NWE,H,W,21,10,2.0,2,,0,,,,0,,,0,10.0,match,2,2,False,fum_rec;blocked_kicks;def_fum_td,PFR
Detroit Lions,DET,1988,1,1988-09-04,False,ATL,H,W,31,17,2.0,1,,0,,,,0,,,0,5.0,match,1,1,False,fum_rec;blocked_kicks;def_fum_td,PFR
Detroit Lions,DET,1988,2,1988-09-11,False,RAM,A,L,10,17,3.0,1,,0,,,,0,,,0,6.0,match,1,1,False,fum_rec;blocked_kicks;def_fum_td,PFR
Detroit Lions,DET,1988,3,1988-09-18,False,NOR,H,L,14,22,0.0,1,,0,,,,0,,,0,2,match,1,1,False,fum_rec;blocked_kicks;def_fum_td,PFR
Detroit Lions,DET,1988,4,1988-09-25,False,NYJ,H,L,10,17,4.0,1,,0,,,,0,,,0,7.0,match,1,1,False,fum_rec;blocked_kicks;def_fum_td,PFR
Detroit Lions,DET,1988,5,1988-10-02,False,SFO,A,L,13,20,2.0,0,,0,,,,0,,,0,3.0,match,0,0,False,fum_rec;blocked_kicks;def_fum_td,PFR
Detroit Lions,DET,1988,6,1988-10-09,False,CHI,H,L,7,24,3.0,0,,0,,,,0,,,0,3.0,match,0,0,False,fum_rec;blocked_kicks;def_fum_td,PFR
Detroit Lions,DET,1988,7,1988-10-16,False,NYG,A,L,10,30,5.0,0,,0,,,,0,,,0,4.0,match,0,0,False,fum_rec;blocked_kicks;def_fum_td,PFR
Detroit Lions,DET,1988,8,1988-10-23,False,KAN,A,W,7,6,4.0,1,,0,,,,0,,,0,13.0,match,1,1,False,fum_rec;blocked_kicks;def_fum_td,PFR
Detroit Lions,DET,1988,9,1988-10-30,False,NYG,H,L,10,13,5.0,0,,0,,,,0,,,0,9.0,match,0,0,False,fum_rec;blocked_kicks;def_fum_td,PFR
Detroit Lions,DET,1988,10,1988-11-06,False,MIN,A,L,17,44,5.0,1,,0,,,,0,,,0,3.0,match,1,1,False,fum_rec;blocked_kicks;def_fum_td,PFR
Detroit Lions,DET,1988,11,1988-11-13,False,TAM,H,L,20,23,2.0,2,,0,,,,0,,,0,6.0,match,2,2,False,fum_rec;blocked_kicks;def_fum_td,PFR
Detroit Lions,DET,1988,12,1988-11-20,False,GNB,A,W,19,9,3.0,1,,0,,,,0,,,0,9.0,match,1,1,False,fum_rec;blocked_kicks;def_fum_td,PFR
Detroit Lions,DET,1988,13,1988-11-24,False,MIN,H,L,0,23,2.0,0,,0,,,,0,,,0,2.0,match,0,0,False,fum_rec;blocked_kicks;def_fum_td,PFR
Detroit Lions,DET,1988,14,1988-12-04,False,GNB,H,W,30,14,2.0,3,,0,,,,0,,,0,9.0,match,3,3,False,fum_rec;blocked_kicks;def_fum_td,PFR
Detroit Lions,DET,1988,15,1988-12-11,False,CHI,A,L,12,13,1.0,0,,0,,,,0,,,0,5.0,match,0,0,False,fum_rec;blocked_kicks;def_fum_td,PFR
Detroit Lions,DET,1988,16,1988-12-18,False,TAM,A,L,10,21,4.0,3,,0,,,,0,,,0,10.0,match,3,3,False,fum_rec;blocked_kicks;def_fum_td,PFR
Green Bay Packers,GNB,1988,1,1988-09-04,False,RAM,H,L,7,34,1.0,0,,0,,,,0,,,0,0.0,match,0,0,False,fum_rec;blocked_kicks;def_fum_td,PFR
Green Bay Packers,GNB,1988,2,1988-09-11,False,TAM,H,L,10,13,3.0,0,,0,,,,0,,,0,7.0,match,0,0,False,fum_rec;blocked_kicks;def_fum_td,PFR
Green Bay Packers,GNB,1988,3,1988-09-18,False,MIA,A,L,17,24,1.0,2,,0,,,,0,,,0,5.0,match,2,2,False,fum_rec;blocked_kicks;def_fum_td,PFR
Green Bay Packers,GNB,1988,4,1988-09-25,False,CHI,H,L,6,24,1.0,2,,0,,,,0,,,0,5.0,match,2,2,False,fum_rec;blocked_kicks;def_fum_td,PFR
Green Bay Packers,GNB,1988,5,1988-10-02,False,TAM,A,L,24,27,2.0,4,,0,,,,0,,,0,10.0,match,4,4,False,fum_rec;blocked_kicks;def_fum_td,PFR
Green Bay Packers,GNB,1988,6,1988-10-09,False,NWE,H,W,45,3,1.0,5,,0,,,,0,,,0,18.0,match,5,5,False,fum_rec;blocked_kicks;def_fum_td,PFR
Green Bay Packers,GNB,1988,7,1988-10-16,False,MIN,A,W,34,14,3.0,1,,0,,,,0,,,0,6.0,match,1,1,False,fum_rec;blocked_kicks;def_fum_td,PFR
Green Bay Packers,GNB,1988,8,1988-10-23,False,WAS,H,L,17,20,0.0,1,,0,,,,0,,,0,3,match,1,1,False,fum_rec;blocked_kicks;def_fum_td,PFR
Green Bay Packers,GNB,1988,9,1988-10-30,False,BUF,A,L,0,28,3.0,2,,0,,,,0,,,0,6.0,match,2,2,False,fum_rec;blocked_kicks;def_fum_td,PFR
Green Bay Packers,GNB,1988,10,1988-11-06,False,ATL,A,L,0,20,0,2,,0,,,,0,,,0,5,match,2,2,False,fum_rec;blocked_kicks;def_fum_td,PFR
Green Bay Packers,GNB,1988,11,1988-11-13,False,IND,H,L,13,20,3.0,0,,0,,,,0,,,0,4.0,match,0,0,False,fum_rec;blocked_kicks;def_fum_td,PFR
Green Bay Packers,GNB,1988,12,1988-11-20,False,DET,H,L,9,19,1.0,0,,0,,,,0,,,0,2.0,match,0,0,False,fum_rec;blocked_kicks;def_fum_td,PFR
Green Bay Packers,GNB,1988,13,1988-11-27,False,CHI,A,L,0,16,3.0,0,,0,,,,0,,,0,4.0,match,0,0,False,fum_rec;blocked_kicks;def_fum_td,PFR
Green Bay Packers,GNB,1988,14,1988-12-04,False,DET,A,L,14,30,2.0,0,,0,,,,0,,,0,1.0,match,0,0,False,fum_rec;blocked_kicks;def_fum_td,PFR
Green Bay Packers,GNB,1988,15,1988-12-11,False,MIN,H,W,18,6,3.0,1,,0,,,,0,,,0,12.0,match,1,1,False,fum_rec;blocked_kicks;def_fum_td,PFR
Green Bay Packers,GNB,1988,16,1988-12-18,False,PHO,A,W,26,17,3.0,0,,0,,,,0,,,1,10.0,match,0,0,False,fum_rec;blocked_kicks;def_fum_td,PFR
Houston Oilers,HOU,1988,1,1988-09-04,False,IND,A,W,17,14,5.0,1,,0,,,,0,,,0,8.0,match,1,1,False,fum_rec;blocked_kicks;def_fum_td,PFR
Houston Oilers,HOU,1988,2,1988-09-11,False,RAI,H,W,38,35,5.0,1,,0,,,,0,,,0,3.0,match,1,1,False,fum_rec;blocked_kicks;def_fum_td,PFR
Houston Oilers,HOU,1988,3,1988-09-18,False,NYJ,A,L,3,45,1.0,0,,0,,,,0,,,0,-3.0,match,0,0,False,fum_rec;blocked_kicks;def_fum_td,PFR
Houston Oilers,HOU,1988,4,1988-09-25,False,NWE,H,W,31,6,2.0,5,,0,,,,0,,,0,19.0,match,5,5,False,fum_rec;blocked_kicks;def_fum_td,PFR
Houston Oilers,HOU,1988,5,1988-10-02,False,PHI,A,L,23,32,3.0,0,,0,,,,0,,,0,2.0,match,0,0,False,fum_rec;blocked_kicks;def_fum_td,PFR
Houston Oilers,HOU,1988,6,1988-10-09,False,KAN,H,W,7,6,5.0,2,,0,,,,0,,,0,16.0,match,2,2,False,fum_rec;blocked_kicks;def_fum_td,PFR
Houston Oilers,HOU,1988,7,1988-10-16,False,PIT,A,W,34,14,0,2,,0,,,,0,,,0,5,match,2,2,False,fum_rec;blocked_kicks;def_fum_td,PFR
Houston Oilers,HOU,1988,8,1988-10-23,False,CIN,A,L,21,44,3.0,2,,0,,,,0,,,0,3.0,match,2,2,False,fum_rec;blocked_kicks;def_fum_td,PFR
Houston Oilers,HOU,1988,9,1988-10-30,False,WAS,H,W,41,17,3.0,1,,0,,,,0,,,0,6.0,match,1,1,False,fum_rec;blocked_kicks;def_fum_td,PFR
Houston Oilers,HOU,1988,10,1988-11-07,False,CLE,H,W,24,17,1.0,0,,0,,,,0,,,0,2.0,match,0,0,False,fum_rec;blocked_kicks;def_fum_td,PFR
Houston Oilers,HOU,1988,11,1988-11-13,False,SEA,A,L,24,27,1.0,1,,0,,,,0,,,0,3.0,match,1,1,False,fum_rec;blocked_kicks;def_fum_td,PFR
Houston Oilers,HOU,1988,12,1988-11-20,False,PHO,H,W,38,20,5.0,2,,0,,,,0,,,0,10.0,match,2,2,False,fum_rec;blocked_kicks;def_fum_td,PFR
Houston Oilers,HOU,1988,13,1988-11-24,False,DAL,A,W,25,17,0,1,,0,,,,0,,,0,3,match,1,1,False,fum_rec;blocked_kicks;def_fum_td,PFR
Houston Oilers,HOU,1988,14,1988-12-04,False,PIT,H,L,34,37,3.0,0,,0,,,,0,,,1,5.0,match,0,0,False,fum_rec;blocked_kicks;def_fum_td,PFR
Houston Oilers,HOU,1988,15,1988-12-11,False,CIN,H,W,41,6,3.0,1,,0,,,,0,,,0,12.0,match,1,1,False,fum_rec;blocked_kicks;def_fum_td,PFR
Houston Oilers,HOU,1988,16,1988-12-18,False,CLE,A,L,23,28,2.0,3,,0,,,,0,,,0,7.0,match,3,3,False,fum_rec;blocked_kicks;def_fum_td,PFR
Houston Oilers,HOU,1988,17,1988-12-24,True,CLE,A,W,24,23,0.0,1,,0,,,,0,,,0,2,match,1,1,False,fum_rec;blocked_kicks;def_fum_td,PFR
Houston Oilers,HOU,1988,18,1989-01-01,True,BUF,A,L,10,17,1.0,1,,0,,,,0,,,0,4.0,match,1,1,False,fum_rec;blocked_kicks;def_fum_td,PFR
Indianapolis Colts,IND,1988,1,1988-09-04,False,HOU,H,L,14,17,2.0,0,,0,,,,0,,,0,3.0,match,0,0,False,fum_rec;blocked_kicks;def_fum_td,PFR
Indianapolis Colts,IND,1988,2,1988-09-11,False,CHI,H,L,13,17,1.0,1,,0,,,,0,,,0,4.0,match,1,1,False,fum_rec;blocked_kicks;def_fum_td,PFR
Indianapolis Colts,IND,1988,3,1988-09-19,False,CLE,A,L,17,23,0.0,1,,0,,,,0,,,1,8,match,1,1,False,fum_rec;blocked_kicks;def_fum_td,PFR
Indianapolis Colts,IND,1988,4,1988-09-25,False,MIA,H,W,15,13,4.0,1,,0,,,,0,,,0,10.0,match,1,1,False,fum_rec;blocked_kicks;def_fum_td,PFR
Indianapolis Colts,IND,1988,5,1988-10-02,False,NWE,A,L,17,21,3.0,2,,0,,,,0,,,0,7.0,match,2,2,False,fum_rec;blocked_kicks;def_fum_td,PFR
Indianapolis Colts,IND,1988,6,1988-10-09,False,BUF,A,L,23,34,0,1,,0,,,,0,,,0,1,match,1,1,False,fum_rec;blocked_kicks;def_fum_td,PFR
Indianapolis Colts,IND,1988,7,1988-10-16,False,TAM,H,W,35,31,3.0,2,,0,,,,0,,,0,6.0,match,2,2,False,fum_rec;blocked_kicks;def_fum_td,PFR
Indianapolis Colts,IND,1988,8,1988-10-23,False,SDG,A,W,16,0,0,0,,0,,,,0,,,0,10,match,0,0,False,fum_rec;blocked_kicks;def_fum_td,PFR
Indianapolis Colts,IND,1988,9,1988-10-31,False,DEN,H,W,55,23,3.0,0,,0,,,,0,,,0,3.0,match,0,0,False,fum_rec;blocked_kicks;def_fum_td,PFR
Indianapolis Colts,IND,1988,10,1988-11-06,False,NYJ,H,W,38,14,3.0,2,,0,,,,0,,,0,8.0,match,2,2,False,fum_rec;blocked_kicks;def_fum_td,PFR
Indianapolis Colts,IND,1988,11,1988-11-13,False,GNB,A,W,20,13,5.0,0,,0,,,,0,,,0,9.0,match,0,0,False,fum_rec;blocked_kicks;def_fum_td,PFR
Indianapolis Colts,IND,1988,12,1988-11-20,False,MIN,A,L,3,12,0,0,,0,,,,0,,,0,4,match,0,0,False,fum_rec;blocked_kicks;def_fum_td,PFR
Indianapolis Colts,IND,1988,13,1988-11-27,False,NWE,H,W,24,21,1.0,1,,0,,,,0,,,0,3.0,match,1,1,False,fum_rec;blocked_kicks;def_fum_td,PFR
Indianapolis Colts,IND,1988,14,1988-12-04,False,MIA,A,W,31,28,0.0,1,,0,,,,0,,,0,1,match,1,1,False,fum_rec;blocked_kicks;def_fum_td,PFR
Indianapolis Colts,IND,1988,15,1988-12-10,False,NYJ,A,L,16,34,2.0,3,,0,,,,0,,,0,7.0,match,3,3,False,fum_rec;blocked_kicks;def_fum_td,PFR
Indianapolis Colts,IND,1988,16,1988-12-18,False,BUF,H,W,17,14,1.0,0,,0,,,,0,,,0,2.0,match,0,0,False,fum_rec;blocked_kicks;def_fum_td,PFR
Kansas City Chiefs,KAN,1988,1,1988-09-04,False,CLE,H,L,3,6,3.0,1,,0,,,,0,,,0,12.0,match,1,1,False,fum_rec;blocked_kicks;def_fum_td,PFR
Kansas City Chiefs,KAN,1988,2,1988-09-11,False,SEA,A,L,10,31,1.0,1,,0,,,,0,,,0,2.0,match,1,1,False,fum_rec;blocked_kicks;def_fum_td,PFR
Kansas City Chiefs,KAN,1988,3,1988-09-18,False,DEN,H,W,20,13,0,2,,0,,,,0,,,0,8,match,2,2,False,fum_rec;blocked_kicks;def_fum_td,PFR
Kansas City Chiefs,KAN,1988,4,1988-09-25,False,SDG,H,L,23,24,3.0,1,,0,,,,0,,,0,5.0,match,1,1,False,fum_rec;blocked_kicks;def_fum_td,PFR
Kansas City Chiefs,KAN,1988,5,1988-10-02,False,NYJ,A,T,17,17,3.0,1,,0,,,,0,,,0,6.0,match,1,1,False,fum_rec;blocked_kicks;def_fum_td,PFR
Kansas City Chiefs,KAN,1988,6,1988-10-09,False,HOU,A,L,6,7,1.0,3,,0,,,,0,,,0,11.0,match,3,3,False,fum_rec;blocked_kicks;def_fum_td,PFR
Kansas City Chiefs,KAN,1988,7,1988-10-16,False,RAI,H,L,17,27,2.0,0,,0,,,,0,,,0,2.0,match,0,0,False,fum_rec;blocked_kicks;def_fum_td,PFR
Kansas City Chiefs,KAN,1988,8,1988-10-23,False,DET,H,L,6,7,3.0,2,,0,,,,0,,,0,11.0,match,2,2,False,fum_rec;blocked_kicks;def_fum_td,PFR
Kansas City Chiefs,KAN,1988,9,1988-10-30,False,RAI,A,L,10,17,1.0,1,,0,,,,0,,,0,4.0,match,1,1,False,fum_rec;blocked_kicks;def_fum_td,PFR
Kansas City Chiefs,KAN,1988,10,1988-11-06,False,DEN,A,L,11,17,1.0,2,,0,,,,0,,,0,6.0,match,2,2,False,fum_rec;blocked_kicks;def_fum_td,PFR
Kansas City Chiefs,KAN,1988,11,1988-11-13,False,CIN,H,W,31,28,0,1,,0,,,,0,,,0,1,match,1,1,False,fum_rec;blocked_kicks;def_fum_td,PFR
Kansas City Chiefs,KAN,1988,12,1988-11-20,False,SEA,H,W,27,24,2.0,1,,0,,,,0,,,0,4.0,match,1,1,False,fum_rec;blocked_kicks;def_fum_td,PFR
Kansas City Chiefs,KAN,1988,13,1988-11-27,False,PIT,A,L,10,16,0,1,,0,,,,0,,,0,3,match,1,1,False,fum_rec;blocked_kicks;def_fum_td,PFR
Kansas City Chiefs,KAN,1988,14,1988-12-04,False,NYJ,H,W,38,34,2.0,0,,0,,,,0,,,0,1.0,match,0,0,False,fum_rec;blocked_kicks;def_fum_td,PFR
Kansas City Chiefs,KAN,1988,15,1988-12-11,False,NYG,A,L,12,28,1.0,1,,0,,,,0,,,0,2.0,match,1,1,False,fum_rec;blocked_kicks;def_fum_td,PFR
Kansas City Chiefs,KAN,1988,16,1988-12-18,False,SDG,A,L,13,24,0,0,,0,,,,0,,,0,0,match,0,0,False,fum_rec;blocked_kicks;def_fum_td,PFR
Miami Dolphins,MIA,1988,1,1988-09-04,False,CHI,A,L,7,34,1.0,0,,0,,,,0,,,0,0.0,match,0,0,False,fum_rec;blocked_kicks;def_fum_td,PFR
Miami Dolphins,MIA,1988,2,1988-09-11,False,BUF,A,L,6,9,3.0,1,,0,,,,0,,,0,9.0,match,1,1,False,fum_rec;blocked_kicks;def_fum_td,PFR
Miami Dolphins,MIA,1988,3,1988-09-18,False,GNB,H,W,24,17,4.0,0,,0,,,,0,,,0,5.0,match,0,0,False,fum_rec;blocked_kicks;def_fum_td,PFR
Miami Dolphins,MIA,1988,4,1988-09-25,False,IND,A,L,13,15,4.0,1,,0,,,,0,,,0,7.0,match,1,1,False,fum_rec;blocked_kicks;def_fum_td,PFR
Miami Dolphins,MIA,1988,5,1988-10-02,False,MIN,H,W,24,7,2.0,4,,0,,,,0,,,0,14.0,match,4,4,False,fum_rec;blocked_kicks;def_fum_td,PFR
Miami Dolphins,MIA,1988,6,1988-10-09,False,RAI,A,W,24,14,3.0,4,,0,,,,0,,,0,12.0,match,4,4,False,fum_rec;blocked_kicks;def_fum_td,PFR
Miami Dolphins,MIA,1988,7,1988-10-16,False,SDG,H,W,31,28,1.0,2,,0,,,,0,,,0,4.0,match,2,2,False,fum_rec;blocked_kicks;def_fum_td,PFR
Miami Dolphins,MIA,1988,8,1988-10-23,False,NYJ,H,L,30,44,0,1,,0,,,,0,,,0,-2,match,1,1,False,fum_rec;blocked_kicks;def_fum_td,PFR
Miami Dolphins,MIA,1988,9,1988-10-30,False,TAM,A,W,17,14,1.0,1,,0,,,,0,,,0,4.0,match,1,1,False,fum_rec;blocked_kicks;def_fum_td,PFR
Miami Dolphins,MIA,1988,10,1988-11-06,False,NWE,A,L,10,21,0.0,1,,0,,,,0,,,0,2,match,1,1,False,fum_rec;blocked_kicks;def_fum_td,PFR
Miami Dolphins,MIA,1988,11,1988-11-14,False,BUF,H,L,6,31,0,0,,0,,,,0,,,0,-1,match,0,0,False,fum_rec;blocked_kicks;def_fum_td,PFR
Miami Dolphins,MIA,1988,12,1988-11-20,False,NWE,H,L,3,6,2.0,0,,0,,,,0,,,0,9.0,match,0,0,False,fum_rec;blocked_kicks;def_fum_td,PFR
Miami Dolphins,MIA,1988,13,1988-11-27,False,NYJ,A,L,34,38,1.0,1,,0,,,,0,,,0,-1.0,match,1,1,False,fum_rec;blocked_kicks;def_fum_td,PFR
Miami Dolphins,MIA,1988,14,1988-12-04,False,IND,H,L,28,31,1.0,0,,0,,,,0,,,0,0.0,match,0,0,False,fum_rec;blocked_kicks;def_fum_td,PFR
Miami Dolphins,MIA,1988,15,1988-12-12,False,CLE,H,W,38,31,1.0,0,,0,,,,0,,,0,0.0,match,0,0,False,fum_rec;blocked_kicks;def_fum_td,PFR
Miami Dolphins,MIA,1988,16,1988-12-18,False,PIT,A,L,24,40,0,0,,0,,,,0,,,0,-4,match,0,0,False,fum_rec;blocked_kicks;def_fum_td,PFR
Minnesota Vikings,MIN,1988,1,1988-09-04,False,BUF,A,L,10,13,1.0,1,,0,,,,0,,,0,7.0,match,1,1,False,fum_rec;blocked_kicks;def_fum_td,PFR
Minnesota Vikings,MIN,1988,2,1988-09-11,False,NWE,H,W,36,6,0.0,4,,0,,,,0,,,0,15,match,4,4,False,fum_rec;blocked_kicks;def_fum_td,PFR
Minnesota Vikings,MIN,1988,3,1988-09-18,False,CHI,A,W,31,7,2.0,3,,0,,,,0,,,0,12.0,match,3,3,False,fum_rec;blocked_kicks;def_fum_td,PFR
Minnesota Vikings,MIN,1988,4,1988-09-25,False,PHI,H,W,23,21,8.0,1,,0,,,,0,,,0,10.0,match,1,1,False,fum_rec;blocked_kicks;def_fum_td,PFR
Minnesota Vikings,MIN,1988,5,1988-10-02,False,MIA,A,L,7,24,0.0,3,,0,,,,0,,,0,6,match,3,3,False,fum_rec;blocked_kicks;def_fum_td,PFR
Minnesota Vikings,MIN,1988,6,1988-10-09,False,TAM,H,W,14,13,1.0,2,,0,,,,0,,,0,9.0,match,2,2,False,fum_rec;blocked_kicks;def_fum_td,PFR
Minnesota Vikings,MIN,1988,7,1988-10-16,False,GNB,H,L,14,34,2.0,1,,0,,,,0,,,0,3.0,match,1,1,False,fum_rec;blocked_kicks;def_fum_td,PFR
Minnesota Vikings,MIN,1988,8,1988-10-23,False,TAM,A,W,49,20,1.0,6,,0,,,,0,,,0,14.0,match,6,6,False,fum_rec;blocked_kicks;def_fum_td,PFR
Minnesota Vikings,MIN,1988,9,1988-10-30,False,SFO,A,L,21,24,4.0,0,,0,,,,0,,,0,4.0,match,0,0,False,fum_rec;blocked_kicks;def_fum_td,PFR
Minnesota Vikings,MIN,1988,10,1988-11-06,False,DET,H,W,44,17,4.0,1,,0,,,,0,,,0,7.0,match,1,1,False,fum_rec;blocked_kicks;def_fum_td,PFR
Minnesota Vikings,MIN,1988,11,1988-11-13,False,DAL,A,W,43,3,6.0,4,,0,,,,0,,,0,21.0,match,4,4,False,fum_rec;blocked_kicks;def_fum_td,PFR
Minnesota Vikings,MIN,1988,12,1988-11-20,False,IND,H,W,12,3,3.0,2,,0,,,,0,,,0,14.0,match,2,2,False,fum_rec;blocked_kicks;def_fum_td,PFR
Minnesota Vikings,MIN,1988,13,1988-11-24,False,DET,A,W,23,0,2.0,2,,0,,,,0,,,0,16.0,match,2,2,False,fum_rec;blocked_kicks;def_fum_td,PFR
Minnesota Vikings,MIN,1988,14,1988-12-04,False,NOR,H,W,45,3,1.0,2,,0,,,,0,,,0,12.0,match,2,2,False,fum_rec;blocked_kicks;def_fum_td,PFR
Minnesota Vikings,MIN,1988,15,1988-12-11,False,GNB,A,L,6,18,1.0,3,,0,,,,0,,,0,8.0,match,3,3,False,fum_rec;blocked_kicks;def_fum_td,PFR
Minnesota Vikings,MIN,1988,16,1988-12-19,False,CHI,H,W,28,27,1.0,1,,0,,,,0,,,0,3.0,match,1,1,False,fum_rec;blocked_kicks;def_fum_td,PFR
Minnesota Vikings,MIN,1988,17,1988-12-26,True,RAM,H,W,28,17,1.0,3,,0,,,,0,,,0,8.0,match,3,3,False,fum_rec;blocked_kicks;def_fum_td,PFR
Minnesota Vikings,MIN,1988,18,1989-01-01,True,SFO,A,L,9,34,1.0,1,,0,,,,0,,,0,2.0,match,1,1,False,fum_rec;blocked_kicks;def_fum_td,PFR
New Orleans Saints,NOR,1988,1,1988-09-04,False,SFO,H,L,33,34,0,1,,0,,,,0,,,0,1,match,1,1,False,fum_rec;blocked_kicks;def_fum_td,PFR
New Orleans Saints,NOR,1988,2,1988-09-11,False,ATL,A,W,29,21,3.0,1,,0,,,,0,,,0,5.0,match,1,1,False,fum_rec;blocked_kicks;def_fum_td,PFR
New Orleans Saints,NOR,1988,3,1988-09-18,False,DET,A,W,22,14,5.0,2,,0,,,,0,,,0,10.0,match,2,2,False,fum_rec;blocked_kicks;def_fum_td,PFR
New Orleans Saints,NOR,1988,4,1988-09-25,False,TAM,H,W,13,9,4.0,1,,0,,,,0,,,0,10.0,match,1,1,False,fum_rec;blocked_kicks;def_fum_td,PFR
New Orleans Saints,NOR,1988,5,1988-10-03,False,DAL,H,W,20,17,1.0,1,,0,,,,0,,,0,4.0,match,1,1,False,fum_rec;blocked_kicks;def_fum_td,PFR
New Orleans Saints,NOR,1988,6,1988-10-09,False,SDG,A,W,23,17,2.0,1,,0,,,,0,,,0,5.0,match,1,1,False,fum_rec;blocked_kicks;def_fum_td,PFR
New Orleans Saints,NOR,1988,7,1988-10-16,False,SEA,A,W,20,19,3.0,1,,0,,,,0,,,0,6.0,match,1,1,False,fum_rec;blocked_kicks;def_fum_td,PFR
New Orleans Saints,NOR,1988,8,1988-10-23,False,RAI,H,W,20,6,2.0,2,,0,,,,0,,,0,13.0,match,2,2,False,fum_rec;blocked_kicks;def_fum_td,PFR
New Orleans Saints,NOR,1988,9,1988-10-30,False,RAM,H,L,10,12,1.0,0,,0,,,,0,,,0,5.0,match,0,0,False,fum_rec;blocked_kicks;def_fum_td,PFR
New Orleans Saints,NOR,1988,10,1988-11-06,False,WAS,A,L,24,27,0,1,,0,,,,0,,,0,2,match,1,1,False,fum_rec;blocked_kicks;def_fum_td,PFR
New Orleans Saints,NOR,1988,11,1988-11-13,False,RAM,A,W,14,10,1.0,2,,0,,,,0,,,0,9.0,match,2,2,False,fum_rec;blocked_kicks;def_fum_td,PFR
New Orleans Saints,NOR,1988,12,1988-11-20,False,DEN,H,W,42,0,1.0,1,,0,,,,0,,,1,19.0,match,1,1,False,fum_rec;blocked_kicks;def_fum_td,PFR
New Orleans Saints,NOR,1988,13,1988-11-27,False,NYG,H,L,12,13,4.0,1,,0,,,,0,,,0,10.0,match,1,1,False,fum_rec;blocked_kicks;def_fum_td,PFR
New Orleans Saints,NOR,1988,14,1988-12-04,False,MIN,A,L,3,45,1.0,1,,0,,,,0,,,0,-1.0,match,1,1,False,fum_rec;blocked_kicks;def_fum_td,PFR
New Orleans Saints,NOR,1988,15,1988-12-11,False,SFO,A,L,17,30,2.0,1,,0,,,,0,,,0,3.0,match,1,1,False,fum_rec;blocked_kicks;def_fum_td,PFR
New Orleans Saints,NOR,1988,16,1988-12-18,False,ATL,H,W,10,9,1.0,0,,0,,,,0,,,0,5.0,match,0,0,False,fum_rec;blocked_kicks;def_fum_td,PFR
New England Patriots,NWE,1988,1,1988-09-04,False,NYJ,H,W,28,3,5.0,0,,0,,,,0,,,0,12.0,match,0,0,False,fum_rec;blocked_kicks;def_fum_td,PFR
New England Patriots,NWE,1988,2,1988-09-11,False,MIN,A,L,6,36,3.0,1,,0,,,,0,,,0,1.0,match,1,1,False,fum_rec;blocked_kicks;def_fum_td,PFR
New England Patriots,NWE,1988,3,1988-09-18,False,BUF,H,L,14,16,3.0,2,,0,,,,0,,,0,8.0,match,2,2,False,fum_rec;blocked_kicks;def_fum_td,PFR
New England Patriots,NWE,1988,4,1988-09-25,False,HOU,A,L,6,31,1.0,2,,0,,,,0,,,0,4.0,match,2,2,False,fum_rec;blocked_kicks;def_fum_td,PFR
New England Patriots,NWE,1988,5,1988-10-02,False,IND,H,W,21,17,2.0,1,,0,,,,0,,,0,5.0,match,1,1,False,fum_rec;blocked_kicks;def_fum_td,PFR
New England Patriots,NWE,1988,6,1988-10-09,False,GNB,A,L,3,45,3.0,0,,0,,,,0,,,0,-1.0,match,0,0,False,fum_rec;blocked_kicks;def_fum_td,PFR
New England Patriots,NWE,1988,7,1988-10-16,False,CIN,H,W,27,21,1.0,5,,0,,,,0,,,0,11.0,match,5,5,False,fum_rec;blocked_kicks;def_fum_td,PFR
New England Patriots,NWE,1988,8,1988-10-23,False,BUF,A,L,20,23,2.0,1,,0,,,,0,,,0,4.0,match,1,1,False,fum_rec;blocked_kicks;def_fum_td,PFR
New England Patriots,NWE,1988,9,1988-10-30,False,CHI,H,W,30,7,0,1,,0,,,,0,,,0,6,match,1,1,False,fum_rec;blocked_kicks;def_fum_td,PFR
New England Patriots,NWE,1988,10,1988-11-06,False,MIA,H,W,21,10,0,2,,0,,,,0,,,0,8,match,2,2,False,fum_rec;blocked_kicks;def_fum_td,PFR
New England Patriots,NWE,1988,11,1988-11-13,False,NYJ,A,W,14,13,3.0,1,,0,,,,0,,,0,9.0,match,1,1,False,fum_rec;blocked_kicks;def_fum_td,PFR
New England Patriots,NWE,1988,12,1988-11-20,False,MIA,A,W,6,3,0,0,,0,,,,0,,,0,7,match,0,0,False,fum_rec;blocked_kicks;def_fum_td,PFR
New England Patriots,NWE,1988,13,1988-11-27,False,IND,A,L,21,24,1.0,2,,0,,,,0,,,1,11.0,match,2,2,False,fum_rec;blocked_kicks;def_fum_td,PFR
New England Patriots,NWE,1988,14,1988-12-04,False,SEA,H,W,13,7,1.0,0,,0,,,,0,,,0,5.0,match,0,0,False,fum_rec;blocked_kicks;def_fum_td,PFR
New England Patriots,NWE,1988,15,1988-12-11,False,TAM,H,W,10,7,2.0,1,,0,,,,0,,,0,8.0,match,1,1,False,fum_rec;blocked_kicks;def_fum_td,PFR
New England Patriots,NWE,1988,16,1988-12-17,False,DEN,A,L,10,21,1.0,1,,0,,,,0,,,0,3.0,match,1,1,False,fum_rec;blocked_kicks;def_fum_td,PFR
New York Giants,NYG,1988,1,1988-09-05,False,WAS,H,W,27,20,3.0,0,,0,,,,0,,,0,4.0,match,0,0,False,fum_rec;blocked_kicks;def_fum_td,PFR
New York Giants,NYG,1988,2,1988-09-11,False,SFO,H,L,17,20,3.0,0,,0,,,,0,,,0,4.0,match,0,0,False,fum_rec;blocked_kicks;def_fum_td,PFR
New York Giants,NYG,1988,3,1988-09-18,False,DAL,A,W,12,10,0.0,2,,0,,,,0,,,0,8,match,2,2,False,fum_rec;blocked_kicks;def_fum_td,PFR
New York Giants,NYG,1988,4,1988-09-25,False,RAM,H,L,31,45,1.0,1,,0,,,,0,,,0,-1.0,match,1,1,False,fum_rec;blocked_kicks;def_fum_td,PFR
New York Giants,NYG,1988,5,1988-10-02,False,WAS,A,W,24,23,3.0,1,,0,,,,0,,,0,5.0,match,1,1,False,fum_rec;blocked_kicks;def_fum_td,PFR
New York Giants,NYG,1988,6,1988-10-10,False,PHI,A,L,13,24,4.0,0,,0,,,,0,,,0,4.0,match,0,0,False,fum_rec;blocked_kicks;def_fum_td,PFR
New York Giants,NYG,1988,7,1988-10-16,False,DET,H,W,30,10,7.0,1,,0,,,,0,,,0,13.0,match,1,1,False,fum_rec;blocked_kicks;def_fum_td,PFR
New York Giants,NYG,1988,8,1988-10-23,False,ATL,A,W,23,16,2.0,2,,0,,,,0,,,0,7.0,match,2,2,False,fum_rec;blocked_kicks;def_fum_td,PFR
New York Giants,NYG,1988,9,1988-10-30,False,DET,A,W,13,10,6.0,1,,0,,,,0,,,0,12.0,match,1,1,False,fum_rec;blocked_kicks;def_fum_td,PFR
New York Giants,NYG,1988,10,1988-11-06,False,DAL,H,W,29,21,3.0,0,,0,,,,0,,,0,3.0,match,0,0,False,fum_rec;blocked_kicks;def_fum_td,PFR
New York Giants,NYG,1988,11,1988-11-13,False,PHO,A,L,17,24,2.0,1,,0,,,,0,,,0,4.0,match,1,1,False,fum_rec;blocked_kicks;def_fum_td,PFR
New York Giants,NYG,1988,12,1988-11-20,False,PHI,H,L,17,23,4.0,1,,0,,,,0,,,0,6.0,match,1,1,False,fum_rec;blocked_kicks;def_fum_td,PFR
New York Giants,NYG,1988,13,1988-11-27,False,NOR,A,W,13,12,5.0,3,,0,,,,0,,,0,15.0,match,3,3,False,fum_rec;blocked_kicks;def_fum_td,PFR
New York Giants,NYG,1988,14,1988-12-04,False,PHO,H,W,44,7,4.0,2,,0,,,,0,,,0,12.0,match,2,2,False,fum_rec;blocked_kicks;def_fum_td,PFR
New York Giants,NYG,1988,15,1988-12-11,False,KAN,H,W,28,12,3.0,0,,0,,,,0,,,0,7.0,match,0,0,False,fum_rec;blocked_kicks;def_fum_td,PFR
New York Giants,NYG,1988,16,1988-12-18,False,NYJ,A,L,21,27,2.0,0,,0,,,,0,,,0,2.0,match,0,0,False,fum_rec;blocked_kicks;def_fum_td,PFR
New York Jets,NYJ,1988,1,1988-09-04,False,NWE,A,L,3,28,0.0,1,,0,,,,0,,,0,1,match,1,1,False,fum_rec;blocked_kicks;def_fum_td,PFR
New York Jets,NYJ,1988,2,1988-09-11,False,CLE,A,W,23,3,5.0,1,,0,,,,0,,,0,14.0,match,1,1,False,fum_rec;blocked_kicks;def_fum_td,PFR
New York Jets,NYJ,1988,3,1988-09-18,False,HOU,H,W,45,3,4.0,3,,0,,,,0,,,0,17.0,match,3,3,False,fum_rec;blocked_kicks;def_fum_td,PFR
New York Jets,NYJ,1988,4,1988-09-25,False,DET,A,W,17,10,3.0,1,,0,,,,0,,,0,9.0,match,1,1,False,fum_rec;blocked_kicks;def_fum_td,PFR
New York Jets,NYJ,1988,5,1988-10-02,False,KAN,H,T,17,17,6.0,2,,0,,,,0,,,0,11.0,match,2,2,False,fum_rec;blocked_kicks;def_fum_td,PFR
New York Jets,NYJ,1988,6,1988-10-09,False,CIN,A,L,19,36,4.0,0,,0,,,,0,,,0,0.0,match,0,0,False,fum_rec;blocked_kicks;def_fum_td,PFR
New York Jets,NYJ,1988,7,1988-10-17,False,BUF,H,L,14,37,1.0,1,,0,,,,0,,,0,-1.0,match,1,1,False,fum_rec;blocked_kicks;def_fum_td,PFR
New York Jets,NYJ,1988,8,1988-10-23,False,MIA,A,W,44,30,0.0,5,,0,,,,0,,,0,9,match,5,5,False,fum_rec;blocked_kicks;def_fum_td,PFR
New York Jets,NYJ,1988,9,1988-10-30,False,PIT,H,W,24,20,6.0,2,,0,,,,0,,,0,11.0,match,2,2,False,fum_rec;blocked_kicks;def_fum_td,PFR
New York Jets,NYJ,1988,10,1988-11-06,False,IND,A,L,14,38,0,1,,0,,,,0,,,0,-2,match,1,1,False,fum_rec;blocked_kicks;def_fum_td,PFR
New York Jets,NYJ,1988,11,1988-11-13,False,NWE,H,L,13,14,0.0,2,,0,,,,0,,,0,5,match,2,2,False,fum_rec;blocked_kicks;def_fum_td,PFR
New York Jets,NYJ,1988,12,1988-11-20,False,BUF,A,L,6,9,2.0,1,,0,,,,0,,,0,8.0,match,1,1,False,fum_rec;blocked_kicks;def_fum_td,PFR
New York Jets,NYJ,1988,13,1988-11-27,False,MIA,H,W,38,34,0,0,,0,,,,0,,,0,-1,match,0,0,False,fum_rec;blocked_kicks;def_fum_td,PFR
New York Jets,NYJ,1988,14,1988-12-04,False,KAN,A,L,34,38,0.0,1,,0,,,,0,,,0,-2,match,1,1,False,fum_rec;blocked_kicks;def_fum_td,PFR
New York Jets,NYJ,1988,15,1988-12-10,False,IND,H,W,34,16,5.0,3,,0,,,,0,,,1,18.0,match,3,3,False,fum_rec;blocked_kicks;def_fum_td,PFR
New York Jets,NYJ,1988,16,1988-12-18,False,NYG,H,W,27,21,8.0,0,,0,,,,0,,,0,8.0,match,0,0,False,fum_rec;blocked_kicks;def_fum_td,PFR
Philadelphia Eagles,PHI,1988,1,1988-09-04,False,TAM,A,W,41,14,1.0,5,,0,,,,0,,,0,12.0,match,5,5,False,fum_rec;blocked_kicks;def_fum_td,PFR
Philadelphia Eagles,PHI,1988,2,1988-09-11,False,CIN,H,L,24,28,1.0,1,,0,,,,0,,,0,2.0,match,1,1,False,fum_rec;blocked_kicks;def_fum_td,PFR
Philadelphia Eagles,PHI,1988,3,1988-09-18,False,WAS,A,L,10,17,1.0,2,,0,,,,0,,,0,6.0,match,2,2,False,fum_rec;blocked_kicks;def_fum_td,PFR
Philadelphia Eagles,PHI,1988,4,1988-09-25,False,MIN,A,L,21,23,5.0,1,,0,,,,0,,,0,7.0,match,1,1,False,fum_rec;blocked_kicks;def_fum_td,PFR
Philadelphia Eagles,PHI,1988,5,1988-10-02,False,HOU,H,W,32,23,2.0,1,,0,,,,0,,,0,4.0,match,1,1,False,fum_rec;blocked_kicks;def_fum_td,PFR
Philadelphia Eagles,PHI,1988,6,1988-10-10,False,NYG,H,W,24,13,3.0,1,,0,,,,0,,,0,9.0,match,1,1,False,fum_rec;blocked_kicks;def_fum_td,PFR
Philadelphia Eagles,PHI,1988,7,1988-10-16,False,CLE,A,L,3,19,2.0,1,,0,,,,0,,,0,5.0,match,1,1,False,fum_rec;blocked_kicks;def_fum_td,PFR
Philadelphia Eagles,PHI,1988,8,1988-10-23,False,DAL,H,W,24,23,2.0,1,,0,,,,0,,,0,4.0,match,1,1,False,fum_rec;blocked_kicks;def_fum_td,PFR
Philadelphia Eagles,PHI,1988,9,1988-10-30,False,ATL,H,L,24,27,4.0,0,,0,,,,0,,,0,4.0,match,0,0,False,fum_rec;blocked_kicks;def_fum_td,PFR
Philadelphia Eagles,PHI,1988,10,1988-11-06,False,RAM,H,W,30,24,3.0,4,,0,,,,0,,,0,11.0,match,4,4,False,fum_rec;blocked_kicks;def_fum_td,PFR
Philadelphia Eagles,PHI,1988,11,1988-11-13,False,PIT,A,W,27,26,4.0,1,,0,,,,0,,,0,6.0,match,1,1,False,fum_rec;blocked_kicks;def_fum_td,PFR
Philadelphia Eagles,PHI,1988,12,1988-11-20,False,NYG,A,W,23,17,4.0,3,,0,,,,0,,,0,11.0,match,3,3,False,fum_rec;blocked_kicks;def_fum_td,PFR
Philadelphia Eagles,PHI,1988,13,1988-11-27,False,PHO,H,W,31,21,4.0,4,,0,,,,0,,,0,12.0,match,4,4,False,fum_rec;blocked_kicks;def_fum_td,PFR
Philadelphia Eagles,PHI,1988,14,1988-12-04,False,WAS,H,L,19,20,0.0,3,,0,,,,0,,,0,7,match,3,3,False,fum_rec;blocked_kicks;def_fum_td,PFR
Philadelphia Eagles,PHI,1988,15,1988-12-10,False,PHO,A,W,23,17,4.0,1,,0,,,,0,,,0,7.0,match,1,1,False,fum_rec;blocked_kicks;def_fum_td,PFR
Philadelphia Eagles,PHI,1988,16,1988-12-18,False,DAL,A,W,23,7,2.0,3,,0,,,,0,,,0,12.0,match,3,3,False,fum_rec;blocked_kicks;def_fum_td,PFR
Philadelphia Eagles,PHI,1988,17,1988-12-31,True,CHI,A,L,12,20,1.0,3,,0,,,,0,,,0,8.0,match,3,3,False,fum_rec;blocked_kicks;def_fum_td,PFR
Phoenix Cardinals,PHO,1988,1,1988-09-04,False,CIN,A,L,14,21,2.0,1,,0,,,,0,,,0,4.0,match,1,1,False,fum_rec;blocked_kicks;def_fum_td,PFR
Phoenix Cardinals,PHO,1988,2,1988-09-12,False,DAL,H,L,14,17,0.0,1,,0,,,,0,,,0,3,match,1,1,False,fum_rec;blocked_kicks;def_fum_td,PFR
Phoenix Cardinals,PHO,1988,3,1988-09-18,False,TAM,A,W,30,24,4.0,2,,0,,,,0,,,0,8.0,match,2,2,False,fum_rec;blocked_kicks;def_fum_td,PFR
Phoenix Cardinals,PHO,1988,4,1988-09-25,False,WAS,H,W,30,21,4.0,1,,0,,,,0,,,0,6.0,match,1,1,False,fum_rec;blocked_kicks;def_fum_td,PFR
Phoenix Cardinals,PHO,1988,5,1988-10-02,False,RAM,A,W,41,27,3.0,0,,0,,,,0,,,0,3.0,match,0,0,False,fum_rec;blocked_kicks;def_fum_td,PFR
Phoenix Cardinals,PHO,1988,6,1988-10-09,False,PIT,H,W,31,14,2.0,0,,0,,,,0,,,0,3.0,match,0,0,False,fum_rec;blocked_kicks;def_fum_td,PFR
Phoenix Cardinals,PHO,1988,7,1988-10-16,False,WAS,A,L,17,33,2.0,1,,0,,,,0,,,0,3.0,match,1,1,False,fum_rec;blocked_kicks;def_fum_td,PFR
Phoenix Cardinals,PHO,1988,8,1988-10-23,False,CLE,H,L,21,29,2.0,3,,0,,,,0,,,0,7.0,match,3,3,False,fum_rec;blocked_kicks;def_fum_td,PFR
Phoenix Cardinals,PHO,1988,9,1988-10-30,False,DAL,A,W,16,10,4.0,2,,0,,,,0,,,0,12.0,match,2,2,False,fum_rec;blocked_kicks;def_fum_td,PFR
Phoenix Cardinals,PHO,1988,10,1988-11-06,False,SFO,H,W,24,23,4.0,0,,0,,,,0,,,0,4.0,match,0,0,False,fum_rec;blocked_kicks;def_fum_td,PFR
Phoenix Cardinals,PHO,1988,11,1988-11-13,False,NYG,H,W,24,17,1.0,0,,0,,,,0,,,0,2.0,match,0,0,False,fum_rec;blocked_kicks;def_fum_td,PFR
Phoenix Cardinals,PHO,1988,12,1988-11-20,False,HOU,A,L,20,38,1.0,0,,0,,,,0,,,0,-3.0,match,0,0,False,fum_rec;blocked_kicks;def_fum_td,PFR
Phoenix Cardinals,PHO,1988,13,1988-11-27,False,PHI,A,L,21,31,2.0,2,,0,,,,0,,,0,5.0,match,2,2,False,fum_rec;blocked_kicks;def_fum_td,PFR
Phoenix Cardinals,PHO,1988,14,1988-12-04,False,NYG,A,L,7,44,3.0,0,,0,,,,0,,,0,-1.0,match,0,0,False,fum_rec;blocked_kicks;def_fum_td,PFR
Phoenix Cardinals,PHO,1988,15,1988-12-10,False,PHI,H,L,17,23,3.0,1,,0,,,,0,,,0,5.0,match,1,1,False,fum_rec;blocked_kicks;def_fum_td,PFR
Phoenix Cardinals,PHO,1988,16,1988-12-18,False,GNB,H,L,17,26,2.0,2,,0,,,,0,,,0,6.0,match,2,2,False,fum_rec;blocked_kicks;def_fum_td,PFR
Pittsburgh Steelers,PIT,1988,1,1988-09-04,False,DAL,H,W,24,21,2.0,2,,0,,,,0,,,0,6.0,match,2,2,False,fum_rec;blocked_kicks;def_fum_td,PFR
Pittsburgh Steelers,PIT,1988,2,1988-09-11,False,WAS,A,L,29,30,1.0,1,,0,,,,0,,,0,2.0,match,1,1,False,fum_rec;blocked_kicks;def_fum_td,PFR
Pittsburgh Steelers,PIT,1988,3,1988-09-18,False,CIN,H,L,12,17,2.0,1,,0,,,,0,,,0,5.0,match,1,1,False,fum_rec;blocked_kicks;def_fum_td,PFR
Pittsburgh Steelers,PIT,1988,4,1988-09-25,False,BUF,A,L,28,36,1.0,1,,0,,,,0,,,0,-1.0,match,1,1,False,fum_rec;blocked_kicks;def_fum_td,PFR
Pittsburgh Steelers,PIT,1988,5,1988-10-02,False,CLE,H,L,9,23,0.0,1,,0,,,,0,,,0,2,match,1,1,False,fum_rec;blocked_kicks;def_fum_td,PFR
Pittsburgh Steelers,PIT,1988,6,1988-10-09,False,PHO,A,L,14,31,4.0,1,,0,,,,0,,,1,11.0,match,1,1,False,fum_rec;blocked_kicks;def_fum_td,PFR
Pittsburgh Steelers,PIT,1988,7,1988-10-16,False,HOU,H,L,14,34,0.0,0,,0,,,,0,,,0,-1,match,0,0,False,fum_rec;blocked_kicks;def_fum_td,PFR
Pittsburgh Steelers,PIT,1988,8,1988-10-23,False,DEN,H,W,39,21,1.0,3,,0,,,,0,,,0,7.0,match,3,3,False,fum_rec;blocked_kicks;def_fum_td,PFR
Pittsburgh Steelers,PIT,1988,9,1988-10-30,False,NYJ,A,L,20,24,3.0,0,,0,,,,0,,,0,3.0,match,0,0,False,fum_rec;blocked_kicks;def_fum_td,PFR
Pittsburgh Steelers,PIT,1988,10,1988-11-06,False,CIN,A,L,7,42,0.0,2,,0,,,,0,,,0,0,match,2,2,False,fum_rec;blocked_kicks;def_fum_td,PFR
Pittsburgh Steelers,PIT,1988,11,1988-11-13,False,PHI,H,L,26,27,2.0,2,,0,,,,0,,,0,6.0,match,2,2,False,fum_rec;blocked_kicks;def_fum_td,PFR
Pittsburgh Steelers,PIT,1988,12,1988-11-20,False,CLE,A,L,7,27,2.0,0,,0,,,,0,,,0,2.0,match,0,0,False,fum_rec;blocked_kicks;def_fum_td,PFR
Pittsburgh Steelers,PIT,1988,13,1988-11-27,False,KAN,H,W,16,10,0.0,1,,0,,,,0,,,0,6,match,1,1,False,fum_rec;blocked_kicks;def_fum_td,PFR
Pittsburgh Steelers,PIT,1988,14,1988-12-04,False,HOU,A,W,37,34,0.0,3,,0,,,,0,,,1,11,match,3,3,False,fum_rec;blocked_kicks;def_fum_td,PFR
Pittsburgh Steelers,PIT,1988,15,1988-12-11,False,SDG,A,L,14,20,1.0,0,,0,,,,0,,,0,2.0,match,0,0,False,fum_rec;blocked_kicks;def_fum_td,PFR
Pittsburgh Steelers,PIT,1988,16,1988-12-18,False,MIA,H,W,40,24,0.0,2,,0,,,,0,,,0,4,match,2,2,False,fum_rec;blocked_kicks;def_fum_td,PFR
Los Angeles Raiders,RAI,1988,1,1988-09-04,False,SDG,H,W,24,13,5.0,1,,0,,,,0,,,1,17.0,match,1,1,False,fum_rec;blocked_kicks;def_fum_td,PFR
Los Angeles Raiders,RAI,1988,2,1988-09-11,False,HOU,A,L,35,38,4.0,1,,0,,,,0,,,0,2.0,match,1,1,False,fum_rec;blocked_kicks;def_fum_td,PFR
Los Angeles Raiders,RAI,1988,3,1988-09-18,False,RAM,H,L,17,22,3.0,0,,0,,,,0,,,0,3.0,match,0,0,False,fum_rec;blocked_kicks;def_fum_td,PFR
Los Angeles Raiders,RAI,1988,4,1988-09-26,False,DEN,A,W,30,27,2.0,4,,0,,,,0,,,0,10.0,match,4,4,False,fum_rec;blocked_kicks;def_fum_td,PFR
Los Angeles Raiders,RAI,1988,5,1988-10-02,False,CIN,H,L,21,45,0,0,,0,,,,0,,,0,-4,match,0,0,False,fum_rec;blocked_kicks;def_fum_td,PFR
Los Angeles Raiders,RAI,1988,6,1988-10-09,False,MIA,H,L,14,24,0,1,,0,,,,0,,,0,2,match,1,1,False,fum_rec;blocked_kicks;def_fum_td,PFR
Los Angeles Raiders,RAI,1988,7,1988-10-16,False,KAN,A,W,27,17,4.0,2,,0,,,,0,,,0,9.0,match,2,2,False,fum_rec;blocked_kicks;def_fum_td,PFR
Los Angeles Raiders,RAI,1988,8,1988-10-23,False,NOR,A,L,6,20,2.0,0,,0,,,,0,,,0,3.0,match,0,0,False,fum_rec;blocked_kicks;def_fum_td,PFR
Los Angeles Raiders,RAI,1988,9,1988-10-30,False,KAN,H,W,17,10,2.0,0,,0,,,,0,,,0,6.0,match,0,0,False,fum_rec;blocked_kicks;def_fum_td,PFR
Los Angeles Raiders,RAI,1988,10,1988-11-06,False,SDG,A,W,13,3,3.0,2,,0,,,,0,,,0,14.0,match,2,2,False,fum_rec;blocked_kicks;def_fum_td,PFR
Los Angeles Raiders,RAI,1988,11,1988-11-13,False,SFO,A,W,9,3,4.0,0,,0,,,,0,,,0,11.0,match,0,0,False,fum_rec;blocked_kicks;def_fum_td,PFR
Los Angeles Raiders,RAI,1988,12,1988-11-20,False,ATL,H,L,6,12,2.0,0,,0,,,,0,,,0,6.0,match,0,0,False,fum_rec;blocked_kicks;def_fum_td,PFR
Los Angeles Raiders,RAI,1988,13,1988-11-28,False,SEA,A,L,27,35,1.0,2,,0,,,,0,,,0,1.0,match,2,2,False,fum_rec;blocked_kicks;def_fum_td,PFR
Los Angeles Raiders,RAI,1988,14,1988-12-04,False,DEN,H,W,21,20,3.0,3,,0,,,,0,,,0,10.0,match,3,3,False,fum_rec;blocked_kicks;def_fum_td,PFR
Los Angeles Raiders,RAI,1988,15,1988-12-11,False,BUF,A,L,21,37,2.0,0,,0,,,,0,,,0,-2.0,match,0,0,False,fum_rec;blocked_kicks;def_fum_td,PFR
Los Angeles Raiders,RAI,1988,16,1988-12-18,False,SEA,H,L,37,43,3.0,1,,0,,,,0,,,0,1.0,match,1,1,False,fum_rec;blocked_kicks;def_fum_td,PFR
Los Angeles Rams,RAM,1988,1,1988-09-04,False,GNB,A,W,34,7,7.0,3,,0,,,,0,,,0,17.0,match,3,3,False,fum_rec;blocked_kicks;def_fum_td,PFR
Los Angeles Rams,RAM,1988,2,1988-09-11,False,DET,H,W,17,10,5.0,1,,0,,,,0,,,0,11.0,match,1,1,False,fum_rec;blocked_kicks;def_fum_td,PFR
Los Angeles Rams,RAM,1988,3,1988-09-18,False,RAI,A,W,22,17,9.0,1,,0,,,,0,,,0,12.0,match,1,1,False,fum_rec;blocked_kicks;def_fum_td,PFR
Los Angeles Rams,RAM,1988,4,1988-09-25,False,NYG,A,W,45,31,4.0,1,,0,,,,0,,,0,5.0,match,1,1,False,fum_rec;blocked_kicks;def_fum_td,PFR
Los Angeles Rams,RAM,1988,5,1988-10-02,False,PHO,H,L,27,41,2.0,1,,0,,,,0,,,0,0.0,match,1,1,False,fum_rec;blocked_kicks;def_fum_td,PFR
Los Angeles Rams,RAM,1988,6,1988-10-09,False,ATL,A,W,33,0,9.0,1,,0,,,,0,,,0,21.0,match,1,1,False,fum_rec;blocked_kicks;def_fum_td,PFR
Los Angeles Rams,RAM,1988,7,1988-10-16,False,SFO,H,L,21,24,2.0,1,,0,,,,0,,,0,4.0,match,1,1,False,fum_rec;blocked_kicks;def_fum_td,PFR
Los Angeles Rams,RAM,1988,8,1988-10-23,False,SEA,H,W,31,10,1.0,4,,0,,,,0,,,0,13.0,match,4,4,False,fum_rec;blocked_kicks;def_fum_td,PFR
Los Angeles Rams,RAM,1988,9,1988-10-30,False,NOR,A,W,12,10,2.0,1,,0,,,,0,,,0,8.0,match,1,1,False,fum_rec;blocked_kicks;def_fum_td,PFR
Los Angeles Rams,RAM,1988,10,1988-11-06,False,PHI,A,L,24,30,1.0,0,,0,,,,0,,,0,0.0,match,0,0,False,fum_rec;blocked_kicks;def_fum_td,PFR
Los Angeles Rams,RAM,1988,11,1988-11-13,False,NOR,H,L,10,14,0,2,,0,,,,0,,,0,5,match,2,2,False,fum_rec;blocked_kicks;def_fum_td,PFR
Los Angeles Rams,RAM,1988,12,1988-11-20,False,SDG,H,L,24,38,1.0,1,,0,,,,0,,,0,-1.0,match,1,1,False,fum_rec;blocked_kicks;def_fum_td,PFR
Los Angeles Rams,RAM,1988,13,1988-11-27,False,DEN,A,L,24,35,1.0,1,,0,,,,0,,,0,-1.0,match,1,1,False,fum_rec;blocked_kicks;def_fum_td,PFR
Los Angeles Rams,RAM,1988,14,1988-12-05,False,CHI,H,W,23,3,2.0,2,,0,,,,0,,,0,13.0,match,2,2,False,fum_rec;blocked_kicks;def_fum_td,PFR
Los Angeles Rams,RAM,1988,15,1988-12-11,False,ATL,H,W,22,7,1.0,2,,0,,,,0,,,0,9.0,match,2,2,False,fum_rec;blocked_kicks;def_fum_td,PFR
Los Angeles Rams,RAM,1988,16,1988-12-18,False,SFO,A,W,38,16,9.0,0,,0,,,,0,,,0,10.0,match,0,0,False,fum_rec;blocked_kicks;def_fum_td,PFR
Los Angeles Rams,RAM,1988,17,1988-12-26,True,MIN,A,L,17,28,5.0,0,,0,,,,0,,,0,4.0,match,0,0,False,fum_rec;blocked_kicks;def_fum_td,PFR
San Diego Chargers,SDG,1988,1,1988-09-04,False,RAI,A,L,13,24,1.0,0,,0,,,,0,,,0,1.0,match,0,0,False,fum_rec;blocked_kicks;def_fum_td,PFR
San Diego Chargers,SDG,1988,2,1988-09-11,False,DEN,A,L,3,34,1.0,0,,0,,,,0,,,0,0.0,match,0,0,False,fum_rec;blocked_kicks;def_fum_td,PFR
San Diego Chargers,SDG,1988,3,1988-09-18,False,SEA,H,W,17,6,2.0,4,,0,,,,0,,,0,17.0,match,4,4,False,fum_rec;blocked_kicks;def_fum_td,PFR
San Diego Chargers,SDG,1988,4,1988-09-25,False,KAN,A,W,24,23,3.0,1,,0,,,,0,,,0,5.0,match,1,1,False,fum_rec;blocked_kicks;def_fum_td,PFR
San Diego Chargers,SDG,1988,5,1988-10-02,False,DEN,H,L,0,12,4.0,1,,0,,,,0,,,0,10.0,match,1,1,False,fum_rec;blocked_kicks;def_fum_td,PFR
San Diego Chargers,SDG,1988,6,1988-10-09,False,NOR,H,L,17,23,1.0,0,,0,,,,0,,,0,1.0,match,0,0,False,fum_rec;blocked_kicks;def_fum_td,PFR
San Diego Chargers,SDG,1988,7,1988-10-16,False,MIA,A,L,28,31,0,0,,0,,,,0,,,0,-1,match,0,0,False,fum_rec;blocked_kicks;def_fum_td,PFR
San Diego Chargers,SDG,1988,8,1988-10-23,False,IND,H,L,0,16,0.0,3,,0,,,,0,,,0,7,match,3,3,False,fum_rec;blocked_kicks;def_fum_td,PFR
San Diego Chargers,SDG,1988,9,1988-10-30,False,SEA,A,L,14,17,1.0,0,,0,,,,0,,,0,2.0,match,0,0,False,fum_rec;blocked_kicks;def_fum_td,PFR
San Diego Chargers,SDG,1988,10,1988-11-06,False,RAI,H,L,3,13,3.0,1,,0,,,,0,,,0,9.0,match,1,1,False,fum_rec;blocked_kicks;def_fum_td,PFR
San Diego Chargers,SDG,1988,11,1988-11-13,False,ATL,A,W,10,7,1.0,1,,0,,,,0,,,0,7.0,match,1,1,False,fum_rec;blocked_kicks;def_fum_td,PFR
San Diego Chargers,SDG,1988,12,1988-11-20,False,RAM,A,W,38,24,5.0,1,,0,,,,0,,,1,13.0,match,1,1,False,fum_rec;blocked_kicks;def_fum_td,PFR
San Diego Chargers,SDG,1988,13,1988-11-27,False,SFO,H,L,10,48,2.0,0,,0,,,,0,,,0,-2.0,match,0,0,False,fum_rec;blocked_kicks;def_fum_td,PFR
San Diego Chargers,SDG,1988,14,1988-12-04,False,CIN,A,L,10,27,4.0,0,,0,,,,0,,,0,4.0,match,0,0,False,fum_rec;blocked_kicks;def_fum_td,PFR
San Diego Chargers,SDG,1988,15,1988-12-11,False,PIT,H,W,20,14,3.0,2,,0,,,,0,,,0,8.0,match,2,2,False,fum_rec;blocked_kicks;def_fum_td,PFR
San Diego Chargers,SDG,1988,16,1988-12-18,False,KAN,H,W,24,13,3.0,2,,0,,,,0,,,1,17.0,match,2,2,False,fum_rec;blocked_kicks;def_fum_td,PFR
Seattle Seahawks,SEA,1988,1,1988-09-04,False,DEN,A,W,21,14,3.0,2,,0,,,,0,,,0,8.0,match,2,2,False,fum_rec;blocked_kicks;def_fum_td,PFR
Seattle Seahawks,SEA,1988,2,1988-09-11,False,KAN,H,W,31,10,6.0,4,,0,,,,0,,,0,18.0,match,4,4,False,fum_rec;blocked_kicks;def_fum_td,PFR
Seattle Seahawks,SEA,1988,3,1988-09-18,False,SDG,A,L,6,17,3.0,1,,0,,,,0,,,0,6.0,match,1,1,False,fum_rec;blocked_kicks;def_fum_td,PFR
Seattle Seahawks,SEA,1988,4,1988-09-25,False,SFO,H,L,7,38,2.0,1,,0,,,,0,,,0,0.0,match,1,1,False,fum_rec;blocked_kicks;def_fum_td,PFR
Seattle Seahawks,SEA,1988,5,1988-10-02,False,ATL,A,W,31,20,3.0,2,,0,,,,0,,,0,8.0,match,2,2,False,fum_rec;blocked_kicks;def_fum_td,PFR
Seattle Seahawks,SEA,1988,6,1988-10-09,False,CLE,A,W,16,10,0,2,,0,,,,0,,,0,8,match,2,2,False,fum_rec;blocked_kicks;def_fum_td,PFR
Seattle Seahawks,SEA,1988,7,1988-10-16,False,NOR,H,L,19,20,1.0,1,,0,,,,0,,,0,4.0,match,1,1,False,fum_rec;blocked_kicks;def_fum_td,PFR
Seattle Seahawks,SEA,1988,8,1988-10-23,False,RAM,A,L,10,31,0,0,,0,,,,0,,,0,-1,match,0,0,False,fum_rec;blocked_kicks;def_fum_td,PFR
Seattle Seahawks,SEA,1988,9,1988-10-30,False,SDG,H,W,17,14,0,1,,0,,,,0,,,0,3,match,1,1,False,fum_rec;blocked_kicks;def_fum_td,PFR
Seattle Seahawks,SEA,1988,10,1988-11-06,False,BUF,H,L,3,13,1.0,1,,0,,,,0,,,0,7.0,match,1,1,False,fum_rec;blocked_kicks;def_fum_td,PFR
Seattle Seahawks,SEA,1988,11,1988-11-13,False,HOU,H,W,27,24,0,1,,0,,,,0,,,0,2,match,1,1,False,fum_rec;blocked_kicks;def_fum_td,PFR
Seattle Seahawks,SEA,1988,12,1988-11-20,False,KAN,A,L,24,27,0,2,,0,,,,0,,,0,4,match,2,2,False,fum_rec;blocked_kicks;def_fum_td,PFR
Seattle Seahawks,SEA,1988,13,1988-11-28,False,RAI,H,W,35,27,3.0,2,,0,,,,0,,,0,7.0,match,2,2,False,fum_rec;blocked_kicks;def_fum_td,PFR
Seattle Seahawks,SEA,1988,14,1988-12-04,False,NWE,A,L,7,13,1.0,1,,0,,,,0,,,0,7.0,match,1,1,False,fum_rec;blocked_kicks;def_fum_td,PFR
Seattle Seahawks,SEA,1988,15,1988-12-11,False,DEN,H,W,42,14,4.0,0,,0,,,,0,,,0,5.0,match,0,0,False,fum_rec;blocked_kicks;def_fum_td,PFR
Seattle Seahawks,SEA,1988,16,1988-12-18,False,RAI,A,W,43,37,3.0,1,,0,,,,0,,,0,1.0,match,1,1,False,fum_rec;blocked_kicks;def_fum_td,PFR
Seattle Seahawks,SEA,1988,17,1988-12-31,True,CIN,A,L,13,21,2.0,0,,0,,,,0,,,0,2.0,match,0,0,False,fum_rec;blocked_kicks;def_fum_td,PFR
San Francisco 49ers,SFO,1988,1,1988-09-04,False,NOR,A,W,34,33,5.0,2,,0,,,,0,,,0,8.0,match,2,2,False,fum_rec;blocked_kicks;def_fum_td,PFR
San Francisco 49ers,SFO,1988,2,1988-09-11,False,NYG,A,W,20,17,3.0,0,,0,,,,0,,,0,4.0,match,0,0,False,fum_rec;blocked_kicks;def_fum_td,PFR
San Francisco 49ers,SFO,1988,3,1988-09-18,False,ATL,H,L,17,34,1.0,2,,0,,,,0,,,0,4.0,match,2,2,False,fum_rec;blocked_kicks;def_fum_td,PFR
San Francisco 49ers,SFO,1988,4,1988-09-25,False,SEA,A,W,38,7,3.0,4,,0,,,,0,,,0,15.0,match,4,4,False,fum_rec;blocked_kicks;def_fum_td,PFR
San Francisco 49ers,SFO,1988,5,1988-10-02,False,DET,H,W,20,13,4.0,0,,0,,,,0,,,1,14.0,match,0,0,False,fum_rec;blocked_kicks;def_fum_td,PFR
San Francisco 49ers,SFO,1988,6,1988-10-09,False,DEN,H,L,13,16,5.0,2,,0,,,,0,,,0,10.0,match,2,2,False,fum_rec;blocked_kicks;def_fum_td,PFR
San Francisco 49ers,SFO,1988,7,1988-10-16,False,RAM,A,W,24,21,1.0,2,,0,,,,0,,,0,5.0,match,2,2,False,fum_rec;blocked_kicks;def_fum_td,PFR
San Francisco 49ers,SFO,1988,8,1988-10-24,False,CHI,A,L,9,10,3.0,1,,0,,,,0,,,0,9.0,match,1,1,False,fum_rec;blocked_kicks;def_fum_td,PFR
San Francisco 49ers,SFO,1988,9,1988-10-30,False,MIN,H,W,24,21,2.0,2,,0,,,,0,,,0,6.0,match,2,2,False,fum_rec;blocked_kicks;def_fum_td,PFR
San Francisco 49ers,SFO,1988,10,1988-11-06,False,PHO,A,L,23,24,7.0,0,,0,,,,0,,,0,7.0,match,0,0,False,fum_rec;blocked_kicks;def_fum_td,PFR
San Francisco 49ers,SFO,1988,11,1988-11-13,False,RAI,H,L,3,9,2.0,0,,0,,,,0,,,0,6.0,match,0,0,False,fum_rec;blocked_kicks;def_fum_td,PFR
San Francisco 49ers,SFO,1988,12,1988-11-21,False,WAS,H,W,37,21,0.0,2,,0,,,,0,,,1,10,match,2,2,False,fum_rec;blocked_kicks;def_fum_td,PFR
San Francisco 49ers,SFO,1988,13,1988-11-27,False,SDG,A,W,48,10,1.0,2,,0,,,,0,,,0,9.0,match,2,2,False,fum_rec;blocked_kicks;def_fum_td,PFR
San Francisco 49ers,SFO,1988,14,1988-12-04,False,ATL,A,W,13,3,3.0,1,,0,,,,0,,,0,12.0,match,1,1,False,fum_rec;blocked_kicks;def_fum_td,PFR
San Francisco 49ers,SFO,1988,15,1988-12-11,False,NOR,H,W,30,17,2.0,1,,0,,,,0,,,0,5.0,match,1,1,False,fum_rec;blocked_kicks;def_fum_td,PFR
San Francisco 49ers,SFO,1988,16,1988-12-18,False,RAM,H,L,16,38,0,1,,0,,,,0,,,0,-2,match,1,1,False,fum_rec;blocked_kicks;def_fum_td,PFR
San Francisco 49ers,SFO,1988,17,1989-01-01,True,MIN,H,W,34,9,6.0,2,,0,,,,0,,,0,14.0,match,2,2,False,fum_rec;blocked_kicks;def_fum_td,PFR
San Francisco 49ers,SFO,1988,18,1989-01-08,True,CHI,A,W,28,3,0.0,1,,0,,,,0,,,0,9,match,1,1,False,fum_rec;blocked_kicks;def_fum_td,PFR
San Francisco 49ers,SFO,1988,19,1989-01-22,True,CIN,N,W,20,16,5.0,1,,0,,,,0,,,0,8.0,match,1,1,False,fum_rec;blocked_kicks;def_fum_td,PFR
Tampa Bay Buccaneers,TAM,1988,1,1988-09-04,False,PHI,H,L,14,41,0,2,,0,,,,0,,,0,0,match,2,2,False,fum_rec;blocked_kicks;def_fum_td,PFR
Tampa Bay Buccaneers,TAM,1988,2,1988-09-11,False,GNB,A,W,13,10,0,0,,0,,,,0,,,0,4,match,0,0,False,fum_rec;blocked_kicks;def_fum_td,PFR
Tampa Bay Buccaneers,TAM,1988,3,1988-09-18,False,PHO,H,L,24,30,1.0,0,,0,,,,0,,,0,0.0,match,0,0,False,fum_rec;blocked_kicks;def_fum_td,PFR
Tampa Bay Buccaneers,TAM,1988,4,1988-09-25,False,NOR,A,L,9,13,1.0,1,,0,,,,0,,,0,7.0,match,1,1,False,fum_rec;blocked_kicks;def_fum_td,PFR
Tampa Bay Buccaneers,TAM,1988,5,1988-10-02,False,GNB,H,W,27,24,3.0,2,,0,,,,0,,,0,7.0,match,2,2,False,fum_rec;blocked_kicks;def_fum_td,PFR
Tampa Bay Buccaneers,TAM,1988,6,1988-10-09,False,MIN,A,L,13,14,2.0,1,,0,,,,0,,,0,5.0,match,1,1,False,fum_rec;blocked_kicks;def_fum_td,PFR
Tampa Bay Buccaneers,TAM,1988,7,1988-10-16,False,IND,A,L,31,35,0.0,2,,0,,,,0,,,0,0,match,2,2,False,fum_rec;blocked_kicks;def_fum_td,PFR
Tampa Bay Buccaneers,TAM,1988,8,1988-10-23,False,MIN,H,L,20,49,4.0,0,,0,,,,0,,,0,0.0,match,0,0,False,fum_rec;blocked_kicks;def_fum_td,PFR
Tampa Bay Buccaneers,TAM,1988,9,1988-10-30,False,MIA,H,L,14,17,0,0,,0,,,,0,,,0,1,match,0,0,False,fum_rec;blocked_kicks;def_fum_td,PFR
Tampa Bay Buccaneers,TAM,1988,10,1988-11-06,False,CHI,A,L,10,28,0,1,,0,,,,0,,,0,1,match,1,1,False,fum_rec;blocked_kicks;def_fum_td,PFR
Tampa Bay Buccaneers,TAM,1988,11,1988-11-13,False,DET,A,W,23,20,1.0,2,,0,,,,0,,,0,6.0,match,2,2,False,fum_rec;blocked_kicks;def_fum_td,PFR
Tampa Bay Buccaneers,TAM,1988,12,1988-11-20,False,CHI,H,L,15,27,1.0,2,,0,,,,0,,,0,5.0,match,2,2,False,fum_rec;blocked_kicks;def_fum_td,PFR
Tampa Bay Buccaneers,TAM,1988,13,1988-11-27,False,ATL,A,L,10,17,1.0,1,,0,,,,0,,,0,4.0,match,1,1,False,fum_rec;blocked_kicks;def_fum_td,PFR
Tampa Bay Buccaneers,TAM,1988,14,1988-12-04,False,BUF,H,W,10,5,2.0,2,,0,,,,0,,,0,13.0,match,2,2,False,fum_rec;blocked_kicks;def_fum_td,PFR
Tampa Bay Buccaneers,TAM,1988,15,1988-12-11,False,NWE,A,L,7,10,1.0,2,,0,,,,0,,,0,9.0,match,2,2,False,fum_rec;blocked_kicks;def_fum_td,PFR
Tampa Bay Buccaneers,TAM,1988,16,1988-12-18,False,DET,H,W,21,10,3.0,3,,0,,,,0,,,0,13.0,match,3,3,False,fum_rec;blocked_kicks;def_fum_td,PFR
Washington Redskins,WAS,1988,1,1988-09-05,False,NYG,A,L,20,27,4.0,0,,0,,,,0,,,0,4.0,match,0,0,False,fum_rec;blocked_kicks;def_fum_td,PFR
Washington Redskins,WAS,1988,2,1988-09-11,False,PIT,H,W,30,29,0.0,0,,0,,,,0,,,0,-1,match,0,0,False,fum_rec;blocked_kicks;def_fum_td,PFR
Washington Redskins,WAS,1988,3,1988-09-18,False,PHI,H,W,17,10,6.0,0,,0,,,,0,,,0,10.0,match,0,0,False,fum_rec;blocked_kicks;def_fum_td,PFR
Washington Redskins,WAS,1988,4,1988-09-25,False,PHO,A,L,21,30,3.0,1,,0,,,,0,,,0,4.0,match,1,1,False,fum_rec;blocked_kicks;def_fum_td,PFR
Washington Redskins,WAS,1988,5,1988-10-02,False,NYG,H,L,23,24,5.0,1,,0,,,,0,,,0,7.0,match,1,1,False,fum_rec;blocked_kicks;def_fum_td,PFR
Washington Redskins,WAS,1988,6,1988-10-09,False,DAL,A,W,35,17,0.0,4,,0,,,,0,,,0,9,match,4,4,False,fum_rec;blocked_kicks;def_fum_td,PFR
Washington Redskins,WAS,1988,7,1988-10-16,False,PHO,H,W,33,17,5.0,1,,0,,,,0,,,0,8.0,match,1,1,False,fum_rec;blocked_kicks;def_fum_td,PFR
Washington Redskins,WAS,1988,8,1988-10-23,False,GNB,A,W,20,17,3.0,0,,0,,,,0,,,0,4.0,match,0,0,False,fum_rec;blocked_kicks;def_fum_td,PFR
Washington Redskins,WAS,1988,9,1988-10-30,False,HOU,A,L,17,41,1.0,1,,0,,,,0,,,0,-1.0,match,1,1,False,fum_rec;blocked_kicks;def_fum_td,PFR
Washington Redskins,WAS,1988,10,1988-11-06,False,NOR,H,W,27,24,1.0,0,,0,,,,0,,,0,1.0,match,0,0,False,fum_rec;blocked_kicks;def_fum_td,PFR
Washington Redskins,WAS,1988,11,1988-11-13,False,CHI,H,L,14,34,1.0,0,,0,,,,0,,,0,0.0,match,0,0,False,fum_rec;blocked_kicks;def_fum_td,PFR
Washington Redskins,WAS,1988,12,1988-11-21,False,SFO,A,L,21,37,1.0,2,,0,,,,0,,,0,1.0,match,2,2,False,fum_rec;blocked_kicks;def_fum_td,PFR
Washington Redskins,WAS,1988,13,1988-11-27,False,CLE,H,L,13,17,6.0,1,,0,,,,0,,,0,9.0,match,1,1,False,fum_rec;blocked_kicks;def_fum_td,PFR
Washington Redskins,WAS,1988,14,1988-12-04,False,PHI,A,W,20,19,3.0,2,,0,,,,0,,,0,8.0,match,2,2,False,fum_rec;blocked_kicks;def_fum_td,PFR
Washington Redskins,WAS,1988,15,1988-12-11,False,DAL,H,L,17,24,2.0,1,,0,,,,0,,,0,4.0,match,1,1,False,fum_rec;blocked_kicks;def_fum_td,PFR
Washington Redskins,WAS,1988,16,1988-12-17,False,CIN,A,L,17,20,1.0,0,,0,,,,0,,,0,2.0,match,0,0,False,fum_rec;blocked_kicks;def_fum_td,PFR
Atlanta Falcons,ATL,1989,1,1989-09-10,False,RAM,H,L,21,31,1.0,0,,0,,,,0,,,1,6.0,match,0,0,False,fum_rec;blocked_kicks;def_fum_td,PFR
Atlanta Falcons,ATL,1989,2,1989-09-17,False,DAL,H,W,27,21,0.0,2,,0,,,,0,,,0,4,match,2,2,False,fum_rec;blocked_kicks;def_fum_td,PFR
Atlanta Falcons,ATL,1989,3,1989-09-24,False,IND,A,L,9,13,2.0,1,,0,,,,0,,,0,8.0,match,1,1,False,fum_rec;blocked_kicks;def_fum_td,PFR
Atlanta Falcons,ATL,1989,4,1989-10-01,False,GNB,A,L,21,23,0.0,2,,0,,,,0,,,0,4,match,2,2,False,fum_rec;blocked_kicks;def_fum_td,PFR
Atlanta Falcons,ATL,1989,5,1989-10-08,False,RAM,A,L,14,26,2.0,1,,0,,,,0,,,0,4.0,match,1,1,False,fum_rec;blocked_kicks;def_fum_td,PFR
Atlanta Falcons,ATL,1989,6,1989-10-15,False,NWE,H,W,16,15,3.0,3,,0,,,,0,,,0,10.0,match,3,3,False,fum_rec;blocked_kicks;def_fum_td,PFR
Atlanta Falcons,ATL,1989,7,1989-10-22,False,PHO,A,L,20,34,2.0,1,,0,,,,0,,,0,3.0,match,1,1,False,fum_rec;blocked_kicks;def_fum_td,PFR
Atlanta Falcons,ATL,1989,8,1989-10-29,False,NOR,A,L,13,20,2.0,1,,0,,,,0,,,0,5.0,match,1,1,False,fum_rec;blocked_kicks;def_fum_td,PFR
Atlanta Falcons,ATL,1989,9,1989-11-05,False,BUF,H,W,30,28,4.0,1,,0,,,,0,,,0,5.0,match,1,1,False,fum_rec;blocked_kicks;def_fum_td,PFR
Atlanta Falcons,ATL,1989,10,1989-11-12,False,SFO,A,L,3,45,2.0,0,,0,,,,0,,,0,-2.0,match,0,0,False,fum_rec;blocked_kicks;def_fum_td,PFR
Atlanta Falcons,ATL,1989,11,1989-11-19,False,NOR,H,L,17,26,0.0,4,,0,,,,0,,,0,8,match,4,4,False,fum_rec;blocked_kicks;def_fum_td,PFR
Atlanta Falcons,ATL,1989,12,1989-11-26,False,NYJ,A,L,7,27,1.0,0,,0,,,,0,,,0,1.0,match,0,0,False,fum_rec;blocked_kicks;def_fum_td,PFR
Atlanta Falcons,ATL,1989,13,1989-12-03,False,SFO,H,L,10,23,3.0,1,,0,,,,0,,,0,5.0,match,1,1,False,fum_rec;blocked_kicks;def_fum_td,PFR
Atlanta Falcons,ATL,1989,14,1989-12-10,False,MIN,A,L,17,43,4.0,1,,0,,,,0,,,0,2.0,match,1,1,False,fum_rec;blocked_kicks;def_fum_td,PFR
Atlanta Falcons,ATL,1989,15,1989-12-17,False,WAS,H,L,30,31,2.0,1,,0,,,,0,,,0,3.0,match,1,1,False,fum_rec;blocked_kicks;def_fum_td,PFR
Atlanta Falcons,ATL,1989,16,1989-12-24,False,DET,H,L,24,31,3.0,1,,0,,,,0,,,0,4.0,match,1,1,False,fum_rec;blocked_kicks;def_fum_td,PFR
Buffalo Bills,BUF,1989,1,1989-09-10,False,MIA,A,W,27,24,0.0,2,,0,,,,0,,,0,4,match,2,2,False,fum_rec;blocked_kicks;def_fum_td,PFR
Buffalo Bills,BUF,1989,2,1989-09-18,False,DEN,H,L,14,28,2.0,2,,0,,,,0,,,0,5.0,match,2,2,False,fum_rec;blocked_kicks;def_fum_td,PFR
Buffalo Bills,BUF,1989,3,1989-09-24,False,HOU,A,W,47,41,3.0,2,,0,,,,0,,,0,3.0,match,2,2,False,fum_rec;blocked_kicks;def_fum_td,PFR
Buffalo Bills,BUF,1989,4,1989-10-01,False,NWE,H,W,31,10,2.0,1,,0,,,,0,,,0,8.0,match,1,1,False,fum_rec;blocked_kicks;def_fum_td,PFR
Buffalo Bills,BUF,1989,5,1989-10-08,False,IND,A,L,14,37,3.0,1,,0,,,,0,,,0,1.0,match,1,1,False,fum_rec;blocked_kicks;def_fum_td,PFR
Buffalo Bills,BUF,1989,6,1989-10-16,False,RAM,H,W,23,20,2.0,1,,0,,,,0,,,0,5.0,match,1,1,False,fum_rec;blocked_kicks;def_fum_td,PFR
Buffalo Bills,BUF,1989,7,1989-10-22,False,NYJ,H,W,34,3,5.0,1,,0,,,,0,,,0,14.0,match,1,1,False,fum_rec;blocked_kicks;def_fum_td,PFR
Buffalo Bills,BUF,1989,8,1989-10-29,False,MIA,H,W,31,17,2.0,3,,0,,,,0,,,0,9.0,match,3,3,False,fum_rec;blocked_kicks;def_fum_td,PFR
Buffalo Bills,BUF,1989,9,1989-11-05,False,ATL,A,L,28,30,2.0,0,,0,,,,0,,,0,1.0,match,0,0,False,fum_rec;blocked_kicks;def_fum_td,PFR
Buffalo Bills,BUF,1989,10,1989-11-12,False,IND,H,W,30,7,3.0,0,,0,,,,0,,,0,7.0,match,0,0,False,fum_rec;blocked_kicks;def_fum_td,PFR
Buffalo Bills,BUF,1989,11,1989-11-19,False,NWE,A,L,24,33,0.0,3,,0,,,,0,,,0,5,match,3,3,False,fum_rec;blocked_kicks;def_fum_td,PFR
Buffalo Bills,BUF,1989,12,1989-11-26,False,CIN,H,W,24,7,1.0,1,,0,,,,0,,,0,7.0,match,1,1,False,fum_rec;blocked_kicks;def_fum_td,PFR
Buffalo Bills,BUF,1989,13,1989-12-04,False,SEA,A,L,16,17,2.0,2,,0,,,,0,,,0,7.0,match,2,2,False,fum_rec;blocked_kicks;def_fum_td,PFR
Buffalo Bills,BUF,1989,14,1989-12-10,False,NOR,H,L,19,22,3.0,1,,0,,,,0,,,0,5.0,match,1,1,False,fum_rec;blocked_kicks;def_fum_td,PFR
Buffalo Bills,BUF,1989,15,1989-12-17,False,SFO,A,L,10,21,4.0,2,,0,,,,0,,,0,8.0,match,2,2,False,fum_rec;blocked_kicks;def_fum_td,PFR
Buffalo Bills,BUF,1989,16,1989-12-23,False,NYJ,A,W,37,0,4.0,1,,0,,,,0,,,0,16.0,match,1,1,False,fum_rec;blocked_kicks;def_fum_td,PFR
Buffalo Bills,BUF,1989,17,1990-01-06,True,CLE,A,L,30,34,2.0,0,,0,,,,0,,,0,1.0,match,0,0,False,fum_rec;blocked_kicks;def_fum_td,PFR
Chicago Bears,CHI,1989,1,1989-09-10,False,CIN,H,W,17,14,3.0,0,,0,,,,0,,,0,4.0,match,0,0,False,fum_rec;blocked_kicks;def_fum_td,PFR
Chicago Bears,CHI,1989,2,1989-09-17,False,MIN,H,W,38,7,0.0,4,,0,,,,0,,,0,12,match,4,4,False,fum_rec;blocked_kicks;def_fum_td,PFR
Chicago Bears,CHI,1989,3,1989-09-24,False,DET,A,W,47,27,4.0,3,,0,,,,0,,,0,10.0,match,3,3,False,fum_rec;blocked_kicks;def_fum_td,PFR
Chicago Bears,CHI,1989,4,1989-10-02,False,PHI,H,W,27,13,4.0,4,,0,,,,0,,,0,16.0,match,4,4,False,fum_rec;blocked_kicks;def_fum_td,PFR
Chicago Bears,CHI,1989,5,1989-10-08,False,TAM,A,L,35,42,2.0,2,,0,,,,0,,,0,2.0,match,2,2,False,fum_rec;blocked_kicks;def_fum_td,PFR
Chicago Bears,CHI,1989,6,1989-10-15,False,HOU,H,L,28,33,0,2,,0,,,,0,,,0,3,match,2,2,False,fum_rec;blocked_kicks;def_fum_td,PFR
Chicago Bears,CHI,1989,7,1989-10-23,False,CLE,A,L,7,27,2.0,0,,0,,,,0,,,0,2.0,match,0,0,False,fum_rec;blocked_kicks;def_fum_td,PFR
Chicago Bears,CHI,1989,8,1989-10-29,False,RAM,H,W,20,10,3.0,2,,0,,,,0,,,0,11.0,match,2,2,False,fum_rec;blocked_kicks;def_fum_td,PFR
Chicago Bears,CHI,1989,9,1989-11-05,False,GNB,A,L,13,14,5.0,1,,0,,,,0,,,0,8.0,match,1,1,False,fum_rec;blocked_kicks;def_fum_td,PFR
Chicago Bears,CHI,1989,10,1989-11-12,False,PIT,A,W,20,0,4.0,3,,0,,,,0,,,0,20.0,match,3,3,False,fum_rec;blocked_kicks;def_fum_td,PFR
Chicago Bears,CHI,1989,11,1989-11-19,False,TAM,H,L,31,32,4.0,0,,0,,,,0,,,0,3.0,match,0,0,False,fum_rec;blocked_kicks;def_fum_td,PFR
Chicago Bears,CHI,1989,12,1989-11-26,False,WAS,A,L,14,38,2.0,1,,0,,,,0,,,1,6.0,match,1,1,False,fum_rec;blocked_kicks;def_fum_td,PFR
Chicago Bears,CHI,1989,13,1989-12-03,False,MIN,A,L,16,27,2.0,1,,0,,,,0,,,0,4.0,match,1,1,False,fum_rec;blocked_kicks;def_fum_td,PFR
Chicago Bears,CHI,1989,14,1989-12-10,False,DET,H,L,17,27,0,1,,0,,,,0,,,0,2,match,1,1,False,fum_rec;blocked_kicks;def_fum_td,PFR
Chicago Bears,CHI,1989,15,1989-12-17,False,GNB,H,L,28,40,1.0,1,,0,,,,0,,,0,-1.0,match,1,1,False,fum_rec;blocked_kicks;def_fum_td,PFR
Chicago Bears,CHI,1989,16,1989-12-24,False,SFO,A,L,0,26,3.0,1,,0,,,,0,,,0,5.0,match,1,1,False,fum_rec;blocked_kicks;def_fum_td,PFR
Cincinnati Bengals,CIN,1989,1,1989-09-10,False,CHI,A,L,14,17,1.0,2,,0,,,,0,,,0,6.0,match,2,2,False,fum_rec;blocked_kicks;def_fum_td,PFR
Cincinnati Bengals,CIN,1989,2,1989-09-17,False,PIT,H,W,41,10,6.0,0,,0,,,,0,,,0,10.0,match,0,0,False,fum_rec;blocked_kicks;def_fum_td,PFR
Cincinnati Bengals,CIN,1989,3,1989-09-25,False,CLE,H,W,21,14,6.0,0,,0,,,,0,,,0,7.0,match,0,0,False,fum_rec;blocked_kicks;def_fum_td,PFR
Cincinnati Bengals,CIN,1989,4,1989-10-01,False,KAN,A,W,21,17,1.0,4,,0,,,,0,,,0,10.0,match,4,4,False,fum_rec;blocked_kicks;def_fum_td,PFR
Cincinnati Bengals,CIN,1989,5,1989-10-08,False,PIT,A,W,26,16,3.0,0,,0,,,,0,,,0,4.0,match,0,0,False,fum_rec;blocked_kicks;def_fum_td,PFR
Cincinnati Bengals,CIN,1989,6,1989-10-15,False,MIA,H,L,13,20,0,1,,0,,,,0,,,0,3,match,1,1,False,fum_rec;blocked_kicks;def_fum_td,PFR
Cincinnati Bengals,CIN,1989,7,1989-10-22,False,IND,H,L,12,23,0,1,,0,,,,0,,,0,2,match,1,1,False,fum_rec;blocked_kicks;def_fum_td,PFR
Cincinnati Bengals,CIN,1989,8,1989-10-29,False,TAM,H,W,56,23,0.0,3,,0,,,,0,,,0,6,match,3,3,False,fum_rec;blocked_kicks;def_fum_td,PFR
Cincinnati Bengals,CIN,1989,9,1989-11-05,False,RAI,A,L,7,28,2.0,1,,0,,,,0,,,0,3.0,match,1,1,False,fum_rec;blocked_kicks;def_fum_td,PFR
Cincinnati Bengals,CIN,1989,10,1989-11-13,False,HOU,A,L,24,26,2.0,1,,0,,,,0,,,0,4.0,match,1,1,False,fum_rec;blocked_kicks;def_fum_td,PFR
Cincinnati Bengals,CIN,1989,11,1989-11-19,False,DET,H,W,42,7,2.0,2,,0,,,,0,,,0,10.0,match,2,2,False,fum_rec;blocked_kicks;def_fum_td,PFR
Cincinnati Bengals,CIN,1989,12,1989-11-26,False,BUF,A,L,7,24,1.0,0,,0,,,,0,,,0,1.0,match,0,0,False,fum_rec;blocked_kicks;def_fum_td,PFR
Cincinnati Bengals,CIN,1989,13,1989-12-03,False,CLE,A,W,21,0,0.0,2,,0,,,,0,,,0,14,match,2,2,False,fum_rec;blocked_kicks;def_fum_td,PFR
Cincinnati Bengals,CIN,1989,14,1989-12-10,False,SEA,H,L,17,24,1.0,1,,0,,,,0,,,0,3.0,match,1,1,False,fum_rec;blocked_kicks;def_fum_td,PFR
Cincinnati Bengals,CIN,1989,15,1989-12-17,False,HOU,H,W,61,7,4.0,3,,0,,,,0,,,0,14.0,match,3,3,False,fum_rec;blocked_kicks;def_fum_td,PFR
Cincinnati Bengals,CIN,1989,16,1989-12-25,False,MIN,A,L,21,29,4.0,0,,0,,,,0,,,0,3.0,match,0,0,False,fum_rec;blocked_kicks;def_fum_td,PFR
Cleveland Browns,CLE,1989,1,1989-09-10,False,PIT,A,W,51,0,6.0,3,,0,,,,0,,,0,22.0,match,3,3,False,fum_rec;blocked_kicks;def_fum_td,PFR
Cleveland Browns,CLE,1989,2,1989-09-17,False,NYJ,H,W,38,24,3.0,4,,0,,,,0,,,0,11.0,match,4,4,False,fum_rec;blocked_kicks;def_fum_td,PFR
Cleveland Browns,CLE,1989,3,1989-09-25,False,CIN,A,L,14,21,0.0,1,,0,,,,0,,,0,2,match,1,1,False,fum_rec;blocked_kicks;def_fum_td,PFR
Cleveland Browns,CLE,1989,4,1989-10-01,False,DEN,H,W,16,13,4.0,1,,0,,,,0,,,0,10.0,match,1,1,False,fum_rec;blocked_kicks;def_fum_td,PFR
Cleveland Browns,CLE,1989,5,1989-10-08,False,MIA,A,L,10,13,0,1,,0,,,,0,,,0,6,match,1,1,False,fum_rec;blocked_kicks;def_fum_td,PFR
Cleveland Browns,CLE,1989,6,1989-10-15,False,PIT,H,L,7,17,3.0,1,,0,,,,0,,,0,6.0,match,1,1,False,fum_rec;blocked_kicks;def_fum_td,PFR
Cleveland Browns,CLE,1989,7,1989-10-23,False,CHI,H,W,27,7,3.0,1,,0,,,,0,,,0,9.0,match,1,1,False,fum_rec;blocked_kicks;def_fum_td,PFR
Cleveland Browns,CLE,1989,8,1989-10-29,False,HOU,H,W,28,17,3.0,0,,0,,,,0,,,0,4.0,match,0,0,False,fum_rec;blocked_kicks;def_fum_td,PFR
Cleveland Browns,CLE,1989,9,1989-11-05,False,TAM,A,W,42,31,2.0,4,,0,,,,0,,,0,9.0,match,4,4,False,fum_rec;blocked_kicks;def_fum_td,PFR
Cleveland Browns,CLE,1989,10,1989-11-12,False,SEA,A,W,17,7,1.0,3,,0,,,,0,,,0,11.0,match,3,3,False,fum_rec;blocked_kicks;def_fum_td,PFR
Cleveland Browns,CLE,1989,11,1989-11-19,False,KAN,H,T,10,10,5.0,3,,0,,,,0,,,0,15.0,match,3,3,False,fum_rec;blocked_kicks;def_fum_td,PFR
Cleveland Browns,CLE,1989,12,1989-11-23,False,DET,A,L,10,13,4.0,0,,0,,,,0,,,0,8.0,match,0,0,False,fum_rec;blocked_kicks;def_fum_td,PFR
Cleveland Browns,CLE,1989,13,1989-12-03,False,CIN,H,L,0,21,0,2,,0,,,,0,,,0,4,match,2,2,False,fum_rec;blocked_kicks;def_fum_td,PFR
Cleveland Browns,CLE,1989,14,1989-12-10,False,IND,A,L,17,23,4.0,1,,0,,,,0,,,0,6.0,match,1,1,False,fum_rec;blocked_kicks;def_fum_td,PFR
Cleveland Browns,CLE,1989,15,1989-12-17,False,MIN,H,W,23,17,2.0,1,,0,,,,0,,,0,5.0,match,1,1,False,fum_rec;blocked_kicks;def_fum_td,PFR
Cleveland Browns,CLE,1989,16,1989-12-23,False,HOU,A,W,24,20,5.0,1,,0,,,,0,,,0,8.0,match,1,1,False,fum_rec;blocked_kicks;def_fum_td,PFR
Cleveland Browns,CLE,1989,17,1990-01-06,True,BUF,H,W,34,30,1.0,2,,0,,,,0,,,1,10.0,match,2,2,False,fum_rec;blocked_kicks;def_fum_td,PFR
Cleveland Browns,CLE,1989,18,1990-01-14,True,DEN,A,L,21,37,1.0,0,,0,,,,0,,,0,-3.0,match,0,0,False,fum_rec;blocked_kicks;def_fum_td,PFR
Dallas Cowboys,DAL,1989,1,1989-09-10,False,NOR,A,L,0,28,1.0,0,,0,,,,0,,,0,0.0,match,0,0,False,fum_rec;blocked_kicks;def_fum_td,PFR
Dallas Cowboys,DAL,1989,2,1989-09-17,False,ATL,A,L,21,27,2.0,0,,0,,,,0,,,0,2.0,match,0,0,False,fum_rec;blocked_kicks;def_fum_td,PFR
Dallas Cowboys,DAL,1989,3,1989-09-24,False,WAS,H,L,7,30,1.0,0,,0,,,,0,,,0,0.0,match,0,0,False,fum_rec;blocked_kicks;def_fum_td,PFR
Dallas Cowboys,DAL,1989,4,1989-10-01,False,NYG,H,L,13,30,1.0,3,,0,,,,0,,,0,6.0,match,3,3,False,fum_rec;blocked_kicks;def_fum_td,PFR
Dallas Cowboys,DAL,1989,5,1989-10-08,False,GNB,A,L,13,31,0,0,,0,,,,0,,,0,-1,match,0,0,False,fum_rec;blocked_kicks;def_fum_td,PFR
Dallas Cowboys,DAL,1989,6,1989-10-15,False,SFO,H,L,14,31,1.0,1,,0,,,,0,,,0,2.0,match,1,1,False,fum_rec;blocked_kicks;def_fum_td,PFR
Dallas Cowboys,DAL,1989,7,1989-10-22,False,KAN,A,L,28,36,1.0,0,,0,,,,0,,,1,3.0,match,0,0,False,fum_rec;blocked_kicks;def_fum_td,PFR
Dallas Cowboys,DAL,1989,8,1989-10-29,False,PHO,H,L,10,19,4.0,0,,0,,,,0,,,0,5.0,match,0,0,False,fum_rec;blocked_kicks;def_fum_td,PFR
Dallas Cowboys,DAL,1989,9,1989-11-05,False,WAS,A,W,13,3,0,2,,0,,,,0,,,0,11,match,2,2,False,fum_rec;blocked_kicks;def_fum_td,PFR
Dallas Cowboys,DAL,1989,10,1989-11-12,False,PHO,A,L,20,24,3.0,0,,0,,,,0,,,0,3.0,match,0,0,False,fum_rec;blocked_kicks;def_fum_td,PFR
Dallas Cowboys,DAL,1989,11,1989-11-19,False,MIA,H,L,14,17,2.0,0,,0,,,,0,,,0,3.0,match,0,0,False,fum_rec;blocked_kicks;def_fum_td,PFR
Dallas Cowboys,DAL,1989,12,1989-11-23,False,PHI,H,L,0,27,0,0,,0,,,,0,,,0,0,match,0,0,False,fum_rec;blocked_kicks;def_fum_td,PFR
Dallas Cowboys,DAL,1989,13,1989-12-03,False,RAM,H,L,31,35,2.0,1,,0,,,,0,,,0,0.0,match,1,1,False,fum_rec;blocked_kicks;def_fum_td,PFR
Dallas Cowboys,DAL,1989,14,1989-12-10,False,PHI,A,L,10,20,4.0,0,,0,,,,0,,,0,5.0,match,0,0,False,fum_rec;blocked_kicks;def_fum_td,PFR
Dallas Cowboys,DAL,1989,15,1989-12-16,False,NYG,A,L,0,15,2.0,0,,0,,,,0,,,0,3.0,match,0,0,False,fum_rec;blocked_kicks;def_fum_td,PFR
Dallas Cowboys,DAL,1989,16,1989-12-24,False,GNB,H,L,10,20,4.0,0,,0,,,,0,,,0,5.0,match,0,0,False,fum_rec;blocked_kicks;def_fum_td,PFR
Denver Broncos,DEN,1989,1,1989-09-10,False,KAN,H,W,34,20,2.0,2,,0,,,,0,,,0,7.0,match,2,2,False,fum_rec;blocked_kicks;def_fum_td,PFR
Denver Broncos,DEN,1989,2,1989-09-18,False,BUF,A,W,28,14,3.0,3,,0,,,,0,,,0,10.0,match,3,3,False,fum_rec;blocked_kicks;def_fum_td,PFR
Denver Broncos,DEN,1989,3,1989-09-24,False,RAI,H,W,31,21,3.0,3,,0,,,,0,,,0,9.0,match,3,3,False,fum_rec;blocked_kicks;def_fum_td,PFR
Denver Broncos,DEN,1989,4,1989-10-01,False,CLE,A,L,13,16,3.0,1,,0,,,,0,,,0,6.0,match,1,1,False,fum_rec;blocked_kicks;def_fum_td,PFR
Denver Broncos,DEN,1989,5,1989-10-08,False,SDG,H,W,16,10,3.0,1,,0,,,,0,,,0,9.0,match,1,1,False,fum_rec;blocked_kicks;def_fum_td,PFR
Denver Broncos,DEN,1989,6,1989-10-15,False,IND,H,W,14,3,2.0,1,,0,,,,0,,,0,11.0,match,1,1,False,fum_rec;blocked_kicks;def_fum_td,PFR
Denver Broncos,DEN,1989,7,1989-10-22,False,SEA,A,W,24,21,2.0,2,,0,,,,0,,,0,6.0,match,2,2,False,fum_rec;blocked_kicks;def_fum_td,PFR
Denver Broncos,DEN,1989,8,1989-10-29,False,PHI,H,L,24,28,4.0,1,,0,,,,0,,,0,5.0,match,1,1,False,fum_rec;blocked_kicks;def_fum_td,PFR
Denver Broncos,DEN,1989,9,1989-11-05,False,PIT,H,W,34,7,2.0,0,,0,,,,0,,,0,6.0,match,0,0,False,fum_rec;blocked_kicks;def_fum_td,PFR
Denver Broncos,DEN,1989,10,1989-11-12,False,KAN,A,W,16,13,4.0,0,,0,,,,0,,,0,8.0,match,0,0,False,fum_rec;blocked_kicks;def_fum_td,PFR
Denver Broncos,DEN,1989,11,1989-11-20,False,WAS,A,W,14,10,0,0,,0,,,,0,,,0,4,match,0,0,False,fum_rec;blocked_kicks;def_fum_td,PFR
Denver Broncos,DEN,1989,12,1989-11-26,False,SEA,H,W,41,14,7.0,2,,0,,,,0,,,0,12.0,match,2,2,False,fum_rec;blocked_kicks;def_fum_td,PFR
Denver Broncos,DEN,1989,13,1989-12-03,False,RAI,A,L,13,16,2.0,0,,0,,,,0,,,0,3.0,match,0,0,False,fum_rec;blocked_kicks;def_fum_td,PFR
Denver Broncos,DEN,1989,14,1989-12-10,False,NYG,H,L,7,14,3.0,0,,0,,,,0,,,0,4.0,match,0,0,False,fum_rec;blocked_kicks;def_fum_td,PFR
Denver Broncos,DEN,1989,15,1989-12-16,False,PHO,A,W,37,0,6.0,1,,0,,,,0,,,0,18.0,match,1,1,False,fum_rec;blocked_kicks;def_fum_td,PFR
Denver Broncos,DEN,1989,16,1989-12-24,False,SDG,A,L,16,19,0,4,,0,,,,0,,,0,9,match,4,4,False,fum_rec;blocked_kicks;def_fum_td,PFR
Denver Broncos,DEN,1989,17,1990-01-07,True,PIT,H,W,24,23,0.0,0,,0,,,,0,,,0,0,match,0,0,False,fum_rec;blocked_kicks;def_fum_td,PFR
Denver Broncos,DEN,1989,18,1990-01-14,True,CLE,H,W,37,21,4.0,3,,0,,,,0,,,0,10.0,match,3,3,False,fum_rec;blocked_kicks;def_fum_td,PFR
Denver Broncos,DEN,1989,19,1990-01-28,True,SFO,N,L,10,55,2.0,0,,0,,,,0,,,0,-2.0,match,0,0,False,fum_rec;blocked_kicks;def_fum_td,PFR
Detroit Lions,DET,1989,1,1989-09-10,False,PHO,H,L,13,16,0.0,1,,0,,,,0,,,0,3,match,1,1,False,fum_rec;blocked_kicks;def_fum_td,PFR
Detroit Lions,DET,1989,2,1989-09-17,False,NYG,A,L,14,24,1.0,0,,0,,,,0,,,0,1.0,match,0,0,False,fum_rec;blocked_kicks;def_fum_td,PFR
Detroit Lions,DET,1989,3,1989-09-24,False,CHI,H,L,27,47,0,0,,0,,,,0,,,0,-4,match,0,0,False,fum_rec;blocked_kicks;def_fum_td,PFR
Detroit Lions,DET,1989,4,1989-10-01,False,PIT,H,L,3,23,7.0,0,,0,,,,0,,,0,7.0,match,0,0,False,fum_rec;blocked_kicks;def_fum_td,PFR
Detroit Lions,DET,1989,5,1989-10-08,False,MIN,A,L,17,24,2.0,0,,0,,,,0,,,0,2.0,match,0,0,False,fum_rec;blocked_kicks;def_fum_td,PFR
Detroit Lions,DET,1989,6,1989-10-15,False,TAM,A,W,17,16,3.0,1,,0,,,,0,,,0,6.0,match,1,1,False,fum_rec;blocked_kicks;def_fum_td,PFR
Detroit Lions,DET,1989,7,1989-10-22,False,MIN,H,L,7,20,3.0,0,,0,,,,0,,,0,4.0,match,0,0,False,fum_rec;blocked_kicks;def_fum_td,PFR
Detroit Lions,DET,1989,8,1989-10-29,False,GNB,A,L,20,23,4.0,1,,0,,,,0,,,0,6.0,match,1,1,False,fum_rec;blocked_kicks;def_fum_td,PFR
Detroit Lions,DET,1989,9,1989-11-05,False,HOU,A,L,31,35,0.0,1,,0,,,,0,,,0,-2,match,1,1,False,fum_rec;blocked_kicks;def_fum_td,PFR
Detroit Lions,DET,1989,10,1989-11-12,False,GNB,H,W,31,22,5.0,2,,0,,,,0,,,0,9.0,match,2,2,False,fum_rec;blocked_kicks;def_fum_td,PFR
Detroit Lions,DET,1989,11,1989-11-19,False,CIN,A,L,7,42,1.0,2,,0,,,,0,,,0,1.0,match,2,2,False,fum_rec;blocked_kicks;def_fum_td,PFR
Detroit Lions,DET,1989,12,1989-11-23,False,CLE,H,W,13,10,1.0,1,,0,,,,0,,,0,7.0,match,1,1,False,fum_rec;blocked_kicks;def_fum_td,PFR
Detroit Lions,DET,1989,13,1989-12-03,False,NOR,H,W,21,14,3.0,1,,0,,,,0,,,0,6.0,match,1,1,False,fum_rec;blocked_kicks;def_fum_td,PFR
Detroit Lions,DET,1989,14,1989-12-10,False,CHI,A,W,27,17,5.0,1,,0,,,,0,,,0,8.0,match,1,1,False,fum_rec;blocked_kicks;def_fum_td,PFR
Detroit Lions,DET,1989,15,1989-12-17,False,TAM,H,W,33,7,4.0,4,,0,,,,0,,,0,16.0,match,4,4,False,fum_rec;blocked_kicks;def_fum_td,PFR
Detroit Lions,DET,1989,16,1989-12-24,False,ATL,A,W,31,24,1.0,1,,0,,,,0,,,0,3.0,match,1,1,False,fum_rec;blocked_kicks;def_fum_td,PFR
Green Bay Packers,GNB,1989,1,1989-09-10,False,TAM,H,L,21,23,0,0,,0,,,,0,,,0,0,match,0,0,False,fum_rec;blocked_kicks;def_fum_td,PFR
Green Bay Packers,GNB,1989,2,1989-09-17,False,NOR,H,W,35,34,0,1,,0,,,,0,,,0,1,match,1,1,False,fum_rec;blocked_kicks;def_fum_td,PFR
Green Bay Packers,GNB,1989,3,1989-09-24,False,RAM,A,L,38,41,2.0,2,,0,,,,0,,,0,2.0,match,2,2,False,fum_rec;blocked_kicks;def_fum_td,PFR
Green Bay Packers,GNB,1989,4,1989-10-01,False,ATL,H,W,23,21,5.0,1,,0,,,,0,,,0,7.0,match,1,1,False,fum_rec;blocked_kicks;def_fum_td,PFR
Green Bay Packers,GNB,1989,5,1989-10-08,False,DAL,H,W,31,13,3.0,1,,0,,,,0,,,0,9.0,match,1,1,False,fum_rec;blocked_kicks;def_fum_td,PFR
Green Bay Packers,GNB,1989,6,1989-10-15,False,MIN,A,L,14,26,1.0,1,,0,,,,0,,,0,3.0,match,1,1,False,fum_rec;blocked_kicks;def_fum_td,PFR
Green Bay Packers,GNB,1989,7,1989-10-22,False,MIA,A,L,20,23,0.0,2,,0,,,,0,,,0,4,match,2,2,False,fum_rec;blocked_kicks;def_fum_td,PFR
Green Bay Packers,GNB,1989,8,1989-10-29,False,DET,H,W,23,20,1.0,1,,0,,,,0,,,0,4.0,match,1,1,False,fum_rec;blocked_kicks;def_fum_td,PFR
Green Bay Packers,GNB,1989,9,1989-11-05,False,CHI,H,W,14,13,2.0,0,,0,,,,0,,,0,6.0,match,0,0,False,fum_rec;blocked_kicks;def_fum_td,PFR
Green Bay Packers,GNB,1989,10,1989-11-12,False,DET,A,L,22,31,4.0,1,,0,,,,0,,,0,5.0,match,1,1,False,fum_rec;blocked_kicks;def_fum_td,PFR
Green Bay Packers,GNB,1989,11,1989-11-19,False,SFO,A,W,21,17,6.0,1,,0,,,,0,,,0,9.0,match,1,1,False,fum_rec;blocked_kicks;def_fum_td,PFR
Green Bay Packers,GNB,1989,12,1989-11-26,False,MIN,H,W,20,19,2.0,2,,0,,,,0,,,0,7.0,match,2,2,False,fum_rec;blocked_kicks;def_fum_td,PFR
Green Bay Packers,GNB,1989,13,1989-12-03,False,TAM,A,W,17,16,4.0,5,,0,,,,0,,,0,15.0,match,5,5,False,fum_rec;blocked_kicks;def_fum_td,PFR
Green Bay Packers,GNB,1989,14,1989-12-10,False,KAN,H,L,3,21,0,0,,0,,,,0,,,0,0,match,0,0,False,fum_rec;blocked_kicks;def_fum_td,PFR
Green Bay Packers,GNB,1989,15,1989-12-17,False,CHI,A,W,40,28,2.0,3,,0,,,,0,,,0,7.0,match,3,3,False,fum_rec;blocked_kicks;def_fum_td,PFR
Green Bay Packers,GNB,1989,16,1989-12-24,False,DAL,A,W,20,10,2.0,4,,0,,,,0,,,0,14.0,match,4,4,False,fum_rec;blocked_kicks;def_fum_td,PFR
Houston Oilers,HOU,1989,1,1989-09-10,False,MIN,A,L,7,38,3.0,0,,0,,,,0,,,0,-1.0,match,0,0,False,fum_rec;blocked_kicks;def_fum_td,PFR
Houston Oilers,HOU,1989,2,1989-09-17,False,SDG,A,W,34,27,3.0,3,,0,,,,0,,,0,9.0,match,3,3,False,fum_rec;blocked_kicks;def_fum_td,PFR
Houston Oilers,HOU,1989,3,1989-09-24,False,BUF,H,L,41,47,3.0,1,,0,,,,0,,,0,1.0,match,1,1,False,fum_rec;blocked_kicks;def_fum_td,PFR
Houston Oilers,HOU,1989,4,1989-10-01,False,MIA,H,W,39,7,0.0,2,,0,,,,0,,,0,8,match,2,2,False,fum_rec;blocked_kicks;def_fum_td,PFR
Houston Oilers,HOU,1989,5,1989-10-08,False,NWE,A,L,13,23,1.0,0,,0,,,,0,,,0,1.0,match,0,0,False,fum_rec;blocked_kicks;def_fum_td,PFR
Houston Oilers,HOU,1989,6,1989-10-15,False,CHI,A,W,33,28,1.0,4,,0,,,,0,,,0,8.0,match,4,4,False,fum_rec;blocked_kicks;def_fum_td,PFR
Houston Oilers,HOU,1989,7,1989-10-22,False,PIT,H,W,27,0,1.0,2,,0,,,,0,,,0,15.0,match,2,2,False,fum_rec;blocked_kicks;def_fum_td,PFR
Houston Oilers,HOU,1989,8,1989-10-29,False,CLE,A,L,17,28,2.0,2,,0,,,,0,,,0,5.0,match,2,2,False,fum_rec;blocked_kicks;def_fum_td,PFR
Houston Oilers,HOU,1989,9,1989-11-05,False,DET,H,W,35,31,3.0,1,,0,,,,0,,,0,4.0,match,1,1,False,fum_rec;blocked_kicks;def_fum_td,PFR
Houston Oilers,HOU,1989,10,1989-11-13,False,CIN,H,W,26,24,4.0,0,,0,,,,0,,,0,4.0,match,0,0,False,fum_rec;blocked_kicks;def_fum_td,PFR
Houston Oilers,HOU,1989,11,1989-11-19,False,RAI,H,W,23,7,4.0,3,,0,,,,0,,,0,14.0,match,3,3,False,fum_rec;blocked_kicks;def_fum_td,PFR
Houston Oilers,HOU,1989,12,1989-11-26,False,KAN,A,L,0,34,0.0,1,,0,,,,0,,,0,1,match,1,1,False,fum_rec;blocked_kicks;def_fum_td,PFR
Houston Oilers,HOU,1989,13,1989-12-03,False,PIT,A,W,23,16,3.0,1,,0,,,,0,,,0,6.0,match,1,1,False,fum_rec;blocked_kicks;def_fum_td,PFR
Houston Oilers,HOU,1989,14,1989-12-10,False,TAM,H,W,20,17,4.0,1,,0,,,,0,,,0,7.0,match,1,1,False,fum_rec;blocked_kicks;def_fum_td,PFR
Houston Oilers,HOU,1989,15,1989-12-17,False,CIN,A,L,7,61,3.0,0,,0,,,,0,,,0,-1.0,match,0,0,False,fum_rec;blocked_kicks;def_fum_td,PFR
Houston Oilers,HOU,1989,16,1989-12-23,False,CLE,H,L,20,24,1.0,0,,0,,,,0,,,0,1.0,match,0,0,False,fum_rec;blocked_kicks;def_fum_td,PFR
Houston Oilers,HOU,1989,17,1989-12-31,True,PIT,H,L,23,26,2.0,0,,0,,,,0,,,0,2.0,match,0,0,False,fum_rec;blocked_kicks;def_fum_td,PFR
Indianapolis Colts,IND,1989,1,1989-09-10,False,SFO,H,L,24,30,3.0,0,,0,,,,0,,,0,2.0,match,0,0,False,fum_rec;blocked_kicks;def_fum_td,PFR
Indianapolis Colts,IND,1989,2,1989-09-17,False,RAM,A,L,17,31,3.0,1,,0,,,,0,,,0,4.0,match,1,1,False,fum_rec;blocked_kicks;def_fum_td,PFR
Indianapolis Colts,IND,1989,3,1989-09-24,False,ATL,H,W,13,9,4.0,1,,0,,,,0,,,0,10.0,match,1,1,False,fum_rec;blocked_kicks;def_fum_td,PFR
Indianapolis Colts,IND,1989,4,1989-10-01,False,NYJ,A,W,17,10,4.0,1,,0,,,,0,,,1,16.0,match,1,1,False,fum_rec;blocked_kicks;def_fum_td,PFR
Indianapolis Colts,IND,1989,5,1989-10-08,False,BUF,H,W,37,14,4.0,4,,0,,,,0,,,0,13.0,match,4,4,False,fum_rec;blocked_kicks;def_fum_td,PFR
Indianapolis Colts,IND,1989,6,1989-10-15,False,DEN,A,L,3,14,0.0,1,,0,,,,0,,,0,3,match,1,1,False,fum_rec;blocked_kicks;def_fum_td,PFR
Indianapolis Colts,IND,1989,7,1989-10-22,False,CIN,A,W,23,12,5.0,2,,0,,,,0,,,0,13.0,match,2,2,False,fum_rec;blocked_kicks;def_fum_td,PFR
Indianapolis Colts,IND,1989,8,1989-10-29,False,NWE,H,L,20,23,3.0,2,,0,,,,0,,,0,7.0,match,2,2,False,fum_rec;blocked_kicks;def_fum_td,PFR
Indianapolis Colts,IND,1989,9,1989-11-05,False,MIA,A,L,13,19,0,0,,0,,,,0,,,0,1,match,0,0,False,fum_rec;blocked_kicks;def_fum_td,PFR
Indianapolis Colts,IND,1989,10,1989-11-12,False,BUF,A,L,7,30,2.0,0,,0,,,,0,,,0,1.0,match,0,0,False,fum_rec;blocked_kicks;def_fum_td,PFR
Indianapolis Colts,IND,1989,11,1989-11-19,False,NYJ,H,W,27,10,5.0,3,,0,,,,0,,,0,15.0,match,3,3,False,fum_rec;blocked_kicks;def_fum_td,PFR
Indianapolis Colts,IND,1989,12,1989-11-26,False,SDG,H,W,10,6,5.0,0,,0,,,,0,,,0,12.0,match,0,0,False,fum_rec;blocked_kicks;def_fum_td,PFR
Indianapolis Colts,IND,1989,13,1989-12-03,False,NWE,A,L,16,22,1.0,1,,0,,,,0,,,0,3.0,match,1,1,False,fum_rec;blocked_kicks;def_fum_td,PFR
Indianapolis Colts,IND,1989,14,1989-12-10,False,CLE,H,W,23,17,1.0,2,,0,,,,0,,,0,6.0,match,2,2,False,fum_rec;blocked_kicks;def_fum_td,PFR
Indianapolis Colts,IND,1989,15,1989-12-17,False,MIA,H,W,42,13,2.0,2,,0,,,,0,,,0,10.0,match,2,2,False,fum_rec;blocked_kicks;def_fum_td,PFR
Indianapolis Colts,IND,1989,16,1989-12-24,False,NOR,A,L,6,41,3.0,1,,0,,,,0,,,0,1.0,match,1,1,False,fum_rec;blocked_kicks;def_fum_td,PFR
Kansas City Chiefs,KAN,1989,1,1989-09-10,False,DEN,A,L,20,34,0.0,2,,0,,,,0,,,0,3,match,2,2,False,fum_rec;blocked_kicks;def_fum_td,PFR
Kansas City Chiefs,KAN,1989,2,1989-09-17,False,RAI,H,W,24,19,4.0,1,,0,,,,0,,,0,7.0,match,1,1,False,fum_rec;blocked_kicks;def_fum_td,PFR
Kansas City Chiefs,KAN,1989,3,1989-09-24,False,SDG,A,L,6,21,0,0,,0,,,,0,,,0,0,match,0,0,False,fum_rec;blocked_kicks;def_fum_td,PFR
Kansas City Chiefs,KAN,1989,4,1989-10-01,False,CIN,H,L,17,21,4.0,1,,0,,,,0,,,0,6.0,match,1,1,False,fum_rec;blocked_kicks;def_fum_td,PFR
Kansas City Chiefs,KAN,1989,5,1989-10-08,False,SEA,A,W,20,16,2.0,2,,0,,,,0,,,0,7.0,match,2,2,False,fum_rec;blocked_kicks;def_fum_td,PFR
Kansas City Chiefs,KAN,1989,6,1989-10-15,False,RAI,A,L,14,20,1.0,2,,0,,,,0,,,0,6.0,match,2,2,False,fum_rec;blocked_kicks;def_fum_td,PFR
Kansas City Chiefs,KAN,1989,7,1989-10-22,False,DAL,H,W,36,28,0,0,,0,,,,0,,,0,-1,match,0,0,False,fum_rec;blocked_kicks;def_fum_td,PFR
Kansas City Chiefs,KAN,1989,8,1989-10-29,False,PIT,A,L,17,23,2.0,0,,0,,,,0,,,0,2.0,match,0,0,False,fum_rec;blocked_kicks;def_fum_td,PFR
Kansas City Chiefs,KAN,1989,9,1989-11-05,False,SEA,H,W,20,10,4.0,0,,0,,,,0,,,0,8.0,match,0,0,False,fum_rec;blocked_kicks;def_fum_td,PFR
Kansas City Chiefs,KAN,1989,10,1989-11-12,False,DEN,H,L,13,16,2.0,1,,0,,,,0,,,0,5.0,match,1,1,False,fum_rec;blocked_kicks;def_fum_td,PFR
Kansas City Chiefs,KAN,1989,11,1989-11-19,False,CLE,A,T,10,10,3.0,1,,0,,,,0,,,0,9.0,match,1,1,False,fum_rec;blocked_kicks;def_fum_td,PFR
Kansas City Chiefs,KAN,1989,12,1989-11-26,False,HOU,H,W,34,0,5.0,1,,0,,,,0,,,0,17.0,match,1,1,False,fum_rec;blocked_kicks;def_fum_td,PFR
Kansas City Chiefs,KAN,1989,13,1989-12-03,False,MIA,H,W,26,21,0.0,1,,0,,,,0,,,0,2,match,1,1,False,fum_rec;blocked_kicks;def_fum_td,PFR
Kansas City Chiefs,KAN,1989,14,1989-12-10,False,GNB,A,W,21,3,4.0,1,,0,,,,0,,,0,13.0,match,1,1,False,fum_rec;blocked_kicks;def_fum_td,PFR
Kansas City Chiefs,KAN,1989,15,1989-12-17,False,SDG,H,L,13,20,2.0,1,,0,,,,0,,,0,5.0,match,1,1,False,fum_rec;blocked_kicks;def_fum_td,PFR
Kansas City Chiefs,KAN,1989,16,1989-12-24,False,MIA,A,W,27,24,2.0,1,,0,,,,0,,,0,4.0,match,1,1,False,fum_rec;blocked_kicks;def_fum_td,PFR
Miami Dolphins,MIA,1989,1,1989-09-10,False,BUF,H,L,24,27,4.0,0,,0,,,,0,,,0,4.0,match,0,0,False,fum_rec;blocked_kicks;def_fum_td,PFR
Miami Dolphins,MIA,1989,2,1989-09-17,False,NWE,A,W,24,10,7.0,1,,0,,,,0,,,0,13.0,match,1,1,False,fum_rec;blocked_kicks;def_fum_td,PFR
Miami Dolphins,MIA,1989,3,1989-09-24,False,NYJ,H,L,33,40,4.0,1,,0,,,,0,,,0,2.0,match,1,1,False,fum_rec;blocked_kicks;def_fum_td,PFR
Miami Dolphins,MIA,1989,4,1989-10-01,False,HOU,A,L,7,39,2.0,1,,0,,,,0,,,1,6.0,match,1,1,False,fum_rec;blocked_kicks;def_fum_td,PFR
Miami Dolphins,MIA,1989,5,1989-10-08,False,CLE,H,W,13,10,3.0,2,,0,,,,0,,,0,11.0,match,2,2,False,fum_rec;blocked_kicks;def_fum_td,PFR
Miami Dolphins,MIA,1989,6,1989-10-15,False,CIN,A,W,20,13,3.0,0,,0,,,,0,,,0,7.0,match,0,0,False,fum_rec;blocked_kicks;def_fum_td,PFR
Miami Dolphins,MIA,1989,7,1989-10-22,False,GNB,H,W,23,20,2.0,0,,0,,,,0,,,0,3.0,match,0,0,False,fum_rec;blocked_kicks;def_fum_td,PFR
Miami Dolphins,MIA,1989,8,1989-10-29,False,BUF,A,L,17,31,1.0,0,,0,,,,0,,,0,0.0,match,0,0,False,fum_rec;blocked_kicks;def_fum_td,PFR
Miami Dolphins,MIA,1989,9,1989-11-05,False,IND,H,W,19,13,1.0,2,,0,,,,0,,,0,9.0,match,2,2,False,fum_rec;blocked_kicks;def_fum_td,PFR
Miami Dolphins,MIA,1989,10,1989-11-12,False,NYJ,A,W,31,23,2.0,3,,0,,,,0,,,0,8.0,match,3,3,False,fum_rec;blocked_kicks;def_fum_td,PFR
Miami Dolphins,MIA,1989,11,1989-11-19,False,DAL,A,W,17,14,0.0,1,,0,,,,0,,,0,3,match,1,1,False,fum_rec;blocked_kicks;def_fum_td,PFR
Miami Dolphins,MIA,1989,12,1989-11-26,False,PIT,H,L,14,34,1.0,0,,0,,,,0,,,0,0.0,match,0,0,False,fum_rec;blocked_kicks;def_fum_td,PFR
Miami Dolphins,MIA,1989,13,1989-12-03,False,KAN,A,L,21,26,0,1,,0,,,,0,,,0,2,match,1,1,False,fum_rec;blocked_kicks;def_fum_td,PFR
Miami Dolphins,MIA,1989,14,1989-12-10,False,NWE,H,W,31,10,5.0,1,,0,,,,0,,,0,11.0,match,1,1,False,fum_rec;blocked_kicks;def_fum_td,PFR
Miami Dolphins,MIA,1989,15,1989-12-17,False,IND,A,L,13,42,2.0,1,,0,,,,0,,,1,6.0,match,1,1,False,fum_rec;blocked_kicks;def_fum_td,PFR
Miami Dolphins,MIA,1989,16,1989-12-24,False,KAN,H,L,24,27,1.0,1,,0,,,,0,,,0,3.0,match,1,1,False,fum_rec;blocked_kicks;def_fum_td,PFR
Minnesota Vikings,MIN,1989,1,1989-09-10,False,HOU,H,W,38,7,7.0,1,,0,,,,0,,,0,13.0,match,1,1,False,fum_rec;blocked_kicks;def_fum_td,PFR
Minnesota Vikings,MIN,1989,2,1989-09-17,False,CHI,A,L,7,38,0.0,1,,0,,,,0,,,0,-2,match,1,1,False,fum_rec;blocked_kicks;def_fum_td,PFR
Minnesota Vikings,MIN,1989,3,1989-09-24,False,PIT,A,L,14,27,4.0,0,,0,,,,0,,,0,4.0,match,0,0,False,fum_rec;blocked_kicks;def_fum_td,PFR
Minnesota Vikings,MIN,1989,4,1989-10-01,False,TAM,H,W,17,3,2.0,0,,0,,,,0,,,0,9.0,match,0,0,False,fum_rec;blocked_kicks;def_fum_td,PFR
Minnesota Vikings,MIN,1989,5,1989-10-08,False,DET,H,W,24,17,8.0,3,,0,,,,0,,,0,15.0,match,3,3,False,fum_rec;blocked_kicks;def_fum_td,PFR
Minnesota Vikings,MIN,1989,6,1989-10-15,False,GNB,H,W,26,14,8.0,2,,0,,,,0,,,0,13.0,match,2,2,False,fum_rec;blocked_kicks;def_fum_td,PFR
Minnesota Vikings,MIN,1989,7,1989-10-22,False,DET,A,W,20,7,8.0,2,,0,,,,0,,,0,16.0,match,2,2,False,fum_rec;blocked_kicks;def_fum_td,PFR
Minnesota Vikings,MIN,1989,8,1989-10-30,False,NYG,A,L,14,24,5.0,0,,0,,,,0,,,0,5.0,match,0,0,False,fum_rec;blocked_kicks;def_fum_td,PFR
Minnesota Vikings,MIN,1989,9,1989-11-05,False,RAM,H,W,23,21,1.0,1,,0,,,,0,,,0,3.0,match,1,1,False,fum_rec;blocked_kicks;def_fum_td,PFR
Minnesota Vikings,MIN,1989,10,1989-11-12,False,TAM,A,W,24,10,7.0,1,,0,,,,0,,,0,13.0,match,1,1,False,fum_rec;blocked_kicks;def_fum_td,PFR
Minnesota Vikings,MIN,1989,11,1989-11-19,False,PHI,A,L,9,10,3.0,0,,0,,,,0,,,1,13.0,match,0,0,False,fum_rec;blocked_kicks;def_fum_td,PFR
Minnesota Vikings,MIN,1989,12,1989-11-26,False,GNB,A,L,19,20,4.0,1,,0,,,,0,,,0,7.0,match,1,1,False,fum_rec;blocked_kicks;def_fum_td,PFR
Minnesota Vikings,MIN,1989,13,1989-12-03,False,CHI,H,W,27,16,1.0,2,,0,,,,0,,,0,6.0,match,2,2,False,fum_rec;blocked_kicks;def_fum_td,PFR
Minnesota Vikings,MIN,1989,14,1989-12-10,False,ATL,H,W,43,17,4.0,1,,0,,,,0,,,0,7.0,match,1,1,False,fum_rec;blocked_kicks;def_fum_td,PFR
Minnesota Vikings,MIN,1989,15,1989-12-17,False,CLE,A,L,17,23,3.0,0,,0,,,,0,,,0,3.0,match,0,0,False,fum_rec;blocked_kicks;def_fum_td,PFR
Minnesota Vikings,MIN,1989,16,1989-12-25,False,CIN,H,W,29,21,6.0,3,,0,,,,0,,,0,12.0,match,3,3,False,fum_rec;blocked_kicks;def_fum_td,PFR
Minnesota Vikings,MIN,1989,17,1990-01-06,True,SFO,A,L,13,41,0,0,,0,,,,0,,,0,-4,match,0,0,False,fum_rec;blocked_kicks;def_fum_td,PFR
New Orleans Saints,NOR,1989,1,1989-09-10,False,DAL,H,W,28,0,2.0,2,,0,,,,0,,,1,22.0,match,2,2,False,fum_rec;blocked_kicks;def_fum_td,PFR
New Orleans Saints,NOR,1989,2,1989-09-17,False,GNB,A,L,34,35,2.0,1,,0,,,,0,,,0,0.0,match,1,1,False,fum_rec;blocked_kicks;def_fum_td,PFR
New Orleans Saints,NOR,1989,3,1989-09-24,False,TAM,A,L,10,20,1.0,1,,0,,,,0,,,0,4.0,match,1,1,False,fum_rec;blocked_kicks;def_fum_td,PFR
New Orleans Saints,NOR,1989,4,1989-10-01,False,WAS,H,L,14,16,0,1,,0,,,,0,,,0,3,match,1,1,False,fum_rec;blocked_kicks;def_fum_td,PFR
New Orleans Saints,NOR,1989,5,1989-10-08,False,SFO,H,L,20,24,2.0,0,,0,,,,0,,,0,2.0,match,0,0,False,fum_rec;blocked_kicks;def_fum_td,PFR
New Orleans Saints,NOR,1989,6,1989-10-15,False,NYJ,H,W,29,14,5.0,1,,0,,,,0,,,0,8.0,match,1,1,False,fum_rec;blocked_kicks;def_fum_td,PFR
New Orleans Saints,NOR,1989,7,1989-10-22,False,RAM,A,W,40,21,6.0,3,,0,,,,0,,,0,12.0,match,3,3,False,fum_rec;blocked_kicks;def_fum_td,PFR
New Orleans Saints,NOR,1989,8,1989-10-29,False,ATL,H,W,20,13,6.0,0,,0,,,,0,,,0,10.0,match,0,0,False,fum_rec;blocked_kicks;def_fum_td,PFR
New Orleans Saints,NOR,1989,9,1989-11-06,False,SFO,A,L,13,31,0,0,,0,,,,0,,,0,-1,match,0,0,False,fum_rec;blocked_kicks;def_fum_td,PFR
New Orleans Saints,NOR,1989,10,1989-11-12,False,NWE,A,W,28,24,2.0,1,,0,,,,0,,,0,4.0,match,1,1,False,fum_rec;blocked_kicks;def_fum_td,PFR
New Orleans Saints,NOR,1989,11,1989-11-19,False,ATL,A,W,26,17,4.0,1,,0,,,,0,,,0,7.0,match,1,1,False,fum_rec;blocked_kicks;def_fum_td,PFR
New Orleans Saints,NOR,1989,12,1989-11-26,False,RAM,H,L,17,20,6.0,2,,0,,,,0,,,0,11.0,match,2,2,False,fum_rec;blocked_kicks;def_fum_td,PFR
New Orleans Saints,NOR,1989,13,1989-12-03,False,DET,A,L,14,21,4.0,1,,0,,,,0,,,1,12.0,match,1,1,False,fum_rec;blocked_kicks;def_fum_td,PFR
New Orleans Saints,NOR,1989,14,1989-12-10,False,BUF,A,W,22,19,2.0,3,,0,,,,0,,,0,9.0,match,3,3,False,fum_rec;blocked_kicks;def_fum_td,PFR
New Orleans Saints,NOR,1989,15,1989-12-18,False,PHI,H,W,30,20,4.0,2,,0,,,,0,,,0,9.0,match,2,2,False,fum_rec;blocked_kicks;def_fum_td,PFR
New Orleans Saints,NOR,1989,16,1989-12-24,False,IND,H,W,41,6,1.0,2,,0,,,,0,,,0,12.0,match,2,2,False,fum_rec;blocked_kicks;def_fum_td,PFR
New England Patriots,NWE,1989,1,1989-09-10,False,NYJ,A,W,27,24,1.0,1,,0,,,,0,,,0,3.0,match,1,1,False,fum_rec;blocked_kicks;def_fum_td,PFR
New England Patriots,NWE,1989,2,1989-09-17,False,MIA,H,L,10,24,0.0,3,,0,,,,0,,,0,6,match,3,3,False,fum_rec;blocked_kicks;def_fum_td,PFR
New England Patriots,NWE,1989,3,1989-09-24,False,SEA,H,L,3,24,2.0,0,,0,,,,0,,,0,2.0,match,0,0,False,fum_rec;blocked_kicks;def_fum_td,PFR
New England Patriots,NWE,1989,4,1989-10-01,False,BUF,A,L,10,31,3.0,0,,0,,,,0,,,0,2.0,match,0,0,False,fum_rec;blocked_kicks;def_fum_td,PFR
New England Patriots,NWE,1989,5,1989-10-08,False,HOU,H,W,23,13,3.0,2,,0,,,,0,,,0,11.0,match,2,2,False,fum_rec;blocked_kicks;def_fum_td,PFR
New England Patriots,NWE,1989,6,1989-10-15,False,ATL,A,L,15,16,4.0,1,,0,,,,0,,,0,7.0,match,1,1,False,fum_rec;blocked_kicks;def_fum_td,PFR
New England Patriots,NWE,1989,7,1989-10-22,False,SFO,A,L,20,37,2.0,0,,0,,,,0,,,0,-2.0,match,0,0,False,fum_rec;blocked_kicks;def_fum_td,PFR
New England Patriots,NWE,1989,8,1989-10-29,False,IND,A,W,23,20,3.0,0,,0,,,,0,,,0,4.0,match,0,0,False,fum_rec;blocked_kicks;def_fum_td,PFR
New England Patriots,NWE,1989,9,1989-11-05,False,NYJ,H,L,26,27,2.0,0,,0,,,,0,,,0,2.0,match,0,0,False,fum_rec;blocked_kicks;def_fum_td,PFR
New England Patriots,NWE,1989,10,1989-11-12,False,NOR,H,L,24,28,2.0,1,,0,,,,0,,,0,3.0,match,1,1,False,fum_rec;blocked_kicks;def_fum_td,PFR
New England Patriots,NWE,1989,11,1989-11-19,False,BUF,H,W,33,24,3.0,2,,0,,,,0,,,0,7.0,match,2,2,False,fum_rec;blocked_kicks;def_fum_td,PFR
New England Patriots,NWE,1989,12,1989-11-26,False,RAI,A,L,21,24,4.0,0,,0,,,,0,,,0,4.0,match,0,0,False,fum_rec;blocked_kicks;def_fum_td,PFR
New England Patriots,NWE,1989,13,1989-12-03,False,IND,H,W,22,16,0.0,3,,0,,,,0,,,0,7,match,3,3,False,fum_rec;blocked_kicks;def_fum_td,PFR
New England Patriots,NWE,1989,14,1989-12-10,False,MIA,A,L,10,31,0,1,,0,,,,0,,,0,1,match,1,1,False,fum_rec;blocked_kicks;def_fum_td,PFR
New England Patriots,NWE,1989,15,1989-12-17,False,PIT,A,L,10,28,1.0,0,,0,,,,0,,,0,0.0,match,0,0,False,fum_rec;blocked_kicks;def_fum_td,PFR
New England Patriots,NWE,1989,16,1989-12-24,False,RAM,H,L,20,24,0,2,,0,,,,0,,,0,4,match,2,2,False,fum_rec;blocked_kicks;def_fum_td,PFR
New York Giants,NYG,1989,1,1989-09-11,False,WAS,A,W,27,24,1.0,1,,0,,,,0,,,0,3.0,match,1,1,False,fum_rec;blocked_kicks;def_fum_td,PFR
New York Giants,NYG,1989,2,1989-09-17,False,DET,H,W,24,14,4.0,3,,0,,,,0,,,0,11.0,match,3,3,False,fum_rec;blocked_kicks;def_fum_td,PFR
New York Giants,NYG,1989,3,1989-09-24,False,PHO,H,W,35,7,5.0,4,,0,,,,0,,,0,17.0,match,4,4,False,fum_rec;blocked_kicks;def_fum_td,PFR
New York Giants,NYG,1989,4,1989-10-01,False,DAL,A,W,30,13,0.0,2,,0,,,,0,,,0,8,match,2,2,False,fum_rec;blocked_kicks;def_fum_td,PFR
New York Giants,NYG,1989,5,1989-10-08,False,PHI,A,L,19,21,2.0,0,,0,,,,0,,,0,2.0,match,0,0,False,fum_rec;blocked_kicks;def_fum_td,PFR
New York Giants,NYG,1989,6,1989-10-15,False,WAS,H,W,20,17,1.0,0,,0,,,,0,,,0,2.0,match,0,0,False,fum_rec;blocked_kicks;def_fum_td,PFR
New York Giants,NYG,1989,7,1989-10-22,False,SDG,A,W,20,13,1.0,1,,0,,,,0,,,0,7.0,match,1,1,False,fum_rec;blocked_kicks;def_fum_td,PFR
New York Giants,NYG,1989,8,1989-10-30,False,MIN,H,W,24,14,6.0,2,,0,,,,0,,,0,11.0,match,2,2,False,fum_rec;blocked_kicks;def_fum_td,PFR
New York Giants,NYG,1989,9,1989-11-05,False,PHO,A,W,20,13,7.0,1,,0,,,,0,,,0,13.0,match,1,1,False,fum_rec;blocked_kicks;def_fum_td,PFR
New York Giants,NYG,1989,10,1989-11-12,False,RAM,A,L,10,31,0,2,,0,,,,0,,,0,3,match,2,2,False,fum_rec;blocked_kicks;def_fum_td,PFR
New York Giants,NYG,1989,11,1989-11-19,False,SEA,H,W,15,3,2.0,2,,0,,,,0,,,0,13.0,match,2,2,False,fum_rec;blocked_kicks;def_fum_td,PFR
New York Giants,NYG,1989,12,1989-11-27,False,SFO,A,L,24,34,2.0,0,,0,,,,0,,,0,1.0,match,0,0,False,fum_rec;blocked_kicks;def_fum_td,PFR
New York Giants,NYG,1989,13,1989-12-03,False,PHI,H,L,17,24,1.0,1,,0,,,,0,,,0,3.0,match,1,1,False,fum_rec;blocked_kicks;def_fum_td,PFR
New York Giants,NYG,1989,14,1989-12-10,False,DEN,A,W,14,7,1.0,0,,0,,,,0,,,0,5.0,match,0,0,False,fum_rec;blocked_kicks;def_fum_td,PFR
New York Giants,NYG,1989,15,1989-12-16,False,DAL,H,W,15,0,2.0,1,,0,,,,0,,,0,14.0,match,1,1,False,fum_rec;blocked_kicks;def_fum_td,PFR
New York Giants,NYG,1989,16,1989-12-24,False,RAI,H,W,34,17,4.0,2,,0,,,,0,,,1,15.0,match,2,2,False,fum_rec;blocked_kicks;def_fum_td,PFR
New York Giants,NYG,1989,17,1990-01-07,True,RAM,H,L,13,19,2.0,1,,0,,,,0,,,0,5.0,match,1,1,False,fum_rec;blocked_kicks;def_fum_td,PFR
New York Jets,NYJ,1989,1,1989-09-10,False,NWE,H,L,24,27,0.0,2,,0,,,,0,,,0,4,match,2,2,False,fum_rec;blocked_kicks;def_fum_td,PFR
New York Jets,NYJ,1989,2,1989-09-17,False,CLE,A,L,24,38,1.0,0,,0,,,,0,,,0,-3.0,match,0,0,False,fum_rec;blocked_kicks;def_fum_td,PFR
New York Jets,NYJ,1989,3,1989-09-24,False,MIA,A,W,40,33,0,2,,0,,,,0,,,0,3,match,2,2,False,fum_rec;blocked_kicks;def_fum_td,PFR
New York Jets,NYJ,1989,4,1989-10-01,False,IND,H,L,10,17,2.0,1,,0,,,,0,,,0,5.0,match,1,1,False,fum_rec;blocked_kicks;def_fum_td,PFR
New York Jets,NYJ,1989,5,1989-10-09,False,RAI,H,L,7,14,3.0,1,,0,,,,0,,,0,6.0,match,1,1,False,fum_rec;blocked_kicks;def_fum_td,PFR
New York Jets,NYJ,1989,6,1989-10-15,False,NOR,A,L,14,29,3.0,1,,0,,,,0,,,0,4.0,match,1,1,False,fum_rec;blocked_kicks;def_fum_td,PFR
New York Jets,NYJ,1989,7,1989-10-22,False,BUF,A,L,3,34,1.0,0,,0,,,,0,,,0,0.0,match,0,0,False,fum_rec;blocked_kicks;def_fum_td,PFR
New York Jets,NYJ,1989,8,1989-10-29,False,SFO,H,L,10,23,1.0,0,,0,,,,0,,,0,1.0,match,0,0,False,fum_rec;blocked_kicks;def_fum_td,PFR
New York Jets,NYJ,1989,9,1989-11-05,False,NWE,A,W,27,26,2.0,1,,0,,,,0,,,0,4.0,match,1,1,False,fum_rec;blocked_kicks;def_fum_td,PFR
New York Jets,NYJ,1989,10,1989-11-12,False,MIA,H,L,23,31,2.0,2,,0,,,,0,,,0,5.0,match,2,2,False,fum_rec;blocked_kicks;def_fum_td,PFR
New York Jets,NYJ,1989,11,1989-11-19,False,IND,A,L,10,27,2.0,0,,0,,,,0,,,0,2.0,match,0,0,False,fum_rec;blocked_kicks;def_fum_td,PFR
New York Jets,NYJ,1989,12,1989-11-26,False,ATL,H,W,27,7,2.0,1,,0,,,,0,,,0,8.0,match,1,1,False,fum_rec;blocked_kicks;def_fum_td,PFR
New York Jets,NYJ,1989,13,1989-12-03,False,SDG,A,W,20,17,5.0,2,,0,,,,0,,,0,10.0,match,2,2,False,fum_rec;blocked_kicks;def_fum_td,PFR
New York Jets,NYJ,1989,14,1989-12-10,False,PIT,H,L,0,13,2.0,1,,0,,,,0,,,0,8.0,match,1,1,False,fum_rec;blocked_kicks;def_fum_td,PFR
New York Jets,NYJ,1989,15,1989-12-17,False,RAM,A,L,14,38,2.0,0,,0,,,,0,,,0,-2.0,match,0,0,False,fum_rec;blocked_kicks;def_fum_td,PFR
New York Jets,NYJ,1989,16,1989-12-23,False,BUF,H,L,0,37,0.0,1,,0,,,,0,,,0,-2,match,1,1,False,fum_rec;blocked_kicks;def_fum_td,PFR
Philadelphia Eagles,PHI,1989,1,1989-09-10,False,SEA,H,W,31,7,4.0,3,,0,,,,0,,,0,14.0,match,3,3,False,fum_rec;blocked_kicks;def_fum_td,PFR
Philadelphia Eagles,PHI,1989,2,1989-09-17,False,WAS,A,W,42,37,2.0,2,,0,,,,0,,,0,2.0,match,2,2,False,fum_rec;blocked_kicks;def_fum_td,PFR
Philadelphia Eagles,PHI,1989,3,1989-09-24,False,SFO,H,L,28,38,8.0,1,,0,,,,0,,,0,6.0,match,1,1,False,fum_rec;blocked_kicks;def_fum_td,PFR
Philadelphia Eagles,PHI,1989,4,1989-10-02,False,CHI,A,L,13,27,1.0,1,,0,,,,0,,,0,3.0,match,1,1,False,fum_rec;blocked_kicks;def_fum_td,PFR
Philadelphia Eagles,PHI,1989,5,1989-10-08,False,NYG,H,W,21,19,5.0,1,,0,,,,0,,,0,8.0,match,1,1,False,fum_rec;blocked_kicks;def_fum_td,PFR
Philadelphia Eagles,PHI,1989,6,1989-10-15,False,PHO,A,W,17,5,6.0,6,,0,,,,0,,,0,25.0,match,6,6,False,fum_rec;blocked_kicks;def_fum_td,PFR
Philadelphia Eagles,PHI,1989,7,1989-10-22,False,RAI,H,W,10,7,3.0,2,,0,,,,0,,,0,11.0,match,2,2,False,fum_rec;blocked_kicks;def_fum_td,PFR
Philadelphia Eagles,PHI,1989,8,1989-10-29,False,DEN,A,W,28,24,7.0,3,,0,,,,0,,,0,13.0,match,3,3,False,fum_rec;blocked_kicks;def_fum_td,PFR
Philadelphia Eagles,PHI,1989,9,1989-11-05,False,SDG,A,L,17,20,2.0,1,,0,,,,0,,,0,5.0,match,1,1,False,fum_rec;blocked_kicks;def_fum_td,PFR
Philadelphia Eagles,PHI,1989,10,1989-11-12,False,WAS,H,L,3,10,1.0,0,,0,,,,0,,,0,5.0,match,0,0,False,fum_rec;blocked_kicks;def_fum_td,PFR
Philadelphia Eagles,PHI,1989,11,1989-11-19,False,MIN,H,W,10,9,2.0,2,,0,,,,0,,,0,10.0,match,2,2,False,fum_rec;blocked_kicks;def_fum_td,PFR
Philadelphia Eagles,PHI,1989,12,1989-11-23,False,DAL,A,W,27,0,2.0,3,,0,,,,0,,,0,18.0,match,3,3,False,fum_rec;blocked_kicks;def_fum_td,PFR
Philadelphia Eagles,PHI,1989,13,1989-12-03,False,NYG,A,W,24,17,5.0,2,,0,,,,0,,,0,10.0,match,2,2,False,fum_rec;blocked_kicks;def_fum_td,PFR
Philadelphia Eagles,PHI,1989,14,1989-12-10,False,DAL,H,W,20,10,5.0,0,,0,,,,0,,,0,9.0,match,0,0,False,fum_rec;blocked_kicks;def_fum_td,PFR
Philadelphia Eagles,PHI,1989,15,1989-12-18,False,NOR,A,L,20,30,5.0,1,,0,,,,0,,,0,6.0,match,1,1,False,fum_rec;blocked_kicks;def_fum_td,PFR
Philadelphia Eagles,PHI,1989,16,1989-12-24,False,PHO,H,W,31,14,4.0,2,,0,,,,0,,,0,9.0,match,2,2,False,fum_rec;blocked_kicks;def_fum_td,PFR
Philadelphia Eagles,PHI,1989,17,1989-12-31,True,RAM,H,L,7,21,2.0,2,,0,,,,0,,,0,6.0,match,2,2,False,fum_rec;blocked_kicks;def_fum_td,PFR
Phoenix Cardinals,PHO,1989,1,1989-09-10,False,DET,A,W,16,13,2.0,0,,0,,,,0,,,0,6.0,match,0,0,False,fum_rec;blocked_kicks;def_fum_td,PFR
Phoenix Cardinals,PHO,1989,2,1989-09-17,False,SEA,A,W,34,24,3.0,1,,0,,,,0,,,0,5.0,match,1,1,False,fum_rec;blocked_kicks;def_fum_td,PFR
Phoenix Cardinals,PHO,1989,3,1989-09-24,False,NYG,A,L,7,35,1.0,0,,0,,,,0,,,0,-3.0,match,0,0,False,fum_rec;blocked_kicks;def_fum_td,PFR
Phoenix Cardinals,PHO,1989,4,1989-10-01,False,SDG,H,L,13,24,4.0,0,,0,,,,0,,,0,4.0,match,0,0,False,fum_rec;blocked_kicks;def_fum_td,PFR
Phoenix Cardinals,PHO,1989,5,1989-10-08,False,WAS,A,L,28,30,0.0,1,,0,,,,0,,,0,1,match,1,1,False,fum_rec;blocked_kicks;def_fum_td,PFR
Phoenix Cardinals,PHO,1989,6,1989-10-15,False,PHI,H,L,5,17,1.0,3,,0,,,,0,,,0,8.0,match,3,3,False,fum_rec;blocked_kicks;def_fum_td,PFR
Phoenix Cardinals,PHO,1989,7,1989-10-22,False,ATL,H,W,34,20,2.0,0,,0,,,,0,,,0,3.0,match,0,0,False,fum_rec;blocked_kicks;def_fum_td,PFR
Phoenix Cardinals,PHO,1989,8,1989-10-29,False,DAL,A,W,19,10,0.0,2,,0,,,,0,,,0,8,match,2,2,False,fum_rec;blocked_kicks;def_fum_td,PFR
Phoenix Cardinals,PHO,1989,9,1989-11-05,False,NYG,H,L,13,20,1.0,2,,0,,,,0,,,0,6.0,match,2,2,False,fum_rec;blocked_kicks;def_fum_td,PFR
Phoenix Cardinals,PHO,1989,10,1989-11-12,False,DAL,H,W,24,20,1.0,2,,0,,,,0,,,0,6.0,match,2,2,False,fum_rec;blocked_kicks;def_fum_td,PFR
Phoenix Cardinals,PHO,1989,11,1989-11-19,False,RAM,A,L,14,37,1.0,0,,0,,,,0,,,0,-3.0,match,0,0,False,fum_rec;blocked_kicks;def_fum_td,PFR
Phoenix Cardinals,PHO,1989,12,1989-11-26,False,TAM,H,L,13,14,5.0,1,,0,,,,0,,,0,8.0,match,1,1,False,fum_rec;blocked_kicks;def_fum_td,PFR
Phoenix Cardinals,PHO,1989,13,1989-12-03,False,WAS,H,L,10,29,1.0,1,,0,,,,0,,,0,2.0,match,1,1,False,fum_rec;blocked_kicks;def_fum_td,PFR
Phoenix Cardinals,PHO,1989,14,1989-12-10,False,RAI,A,L,14,16,4.0,0,,0,,,,0,,,0,5.0,match,0,0,False,fum_rec;blocked_kicks;def_fum_td,PFR
Phoenix Cardinals,PHO,1989,15,1989-12-16,False,DEN,H,L,0,37,2.0,2,,0,,,,0,,,0,2.0,match,2,2,False,fum_rec;blocked_kicks;def_fum_td,PFR
Phoenix Cardinals,PHO,1989,16,1989-12-24,False,PHI,A,L,14,31,2.0,1,,0,,,,0,,,0,3.0,match,1,1,False,fum_rec;blocked_kicks;def_fum_td,PFR
Pittsburgh Steelers,PIT,1989,1,1989-09-10,False,CLE,H,L,0,51,1.0,0,,0,,,,0,,,0,-3.0,match,0,0,False,fum_rec;blocked_kicks;def_fum_td,PFR
Pittsburgh Steelers,PIT,1989,2,1989-09-17,False,CIN,A,L,10,41,0.0,0,,0,,,,0,,,0,-4,match,0,0,False,fum_rec;blocked_kicks;def_fum_td,PFR
Pittsburgh Steelers,PIT,1989,3,1989-09-24,False,MIN,H,W,27,14,5.0,2,,0,,,,0,,,0,10.0,match,2,2,False,fum_rec;blocked_kicks;def_fum_td,PFR
Pittsburgh Steelers,PIT,1989,4,1989-10-01,False,DET,A,W,23,3,3.0,2,,0,,,,0,,,0,14.0,match,2,2,False,fum_rec;blocked_kicks;def_fum_td,PFR
Pittsburgh Steelers,PIT,1989,5,1989-10-08,False,CIN,H,L,16,26,3.0,0,,0,,,,0,,,0,3.0,match,0,0,False,fum_rec;blocked_kicks;def_fum_td,PFR
Pittsburgh Steelers,PIT,1989,6,1989-10-15,False,CLE,A,W,17,7,2.0,4,,0,,,,0,,,0,14.0,match,4,4,False,fum_rec;blocked_kicks;def_fum_td,PFR
Pittsburgh Steelers,PIT,1989,7,1989-10-22,False,HOU,A,L,0,27,0.0,0,,0,,,,0,,,0,0,match,0,0,False,fum_rec;blocked_kicks;def_fum_td,PFR
Pittsburgh Steelers,PIT,1989,8,1989-10-29,False,KAN,H,W,23,17,2.0,2,,0,,,,0,,,0,7.0,match,2,2,False,fum_rec;blocked_kicks;def_fum_td,PFR
Pittsburgh Steelers,PIT,1989,9,1989-11-05,False,DEN,A,L,7,34,3.0,2,,0,,,,0,,,0,6.0,match,2,2,False,fum_rec;blocked_kicks;def_fum_td,PFR
Pittsburgh Steelers,PIT,1989,10,1989-11-12,False,CHI,H,L,0,20,2.0,1,,0,,,,0,,,0,5.0,match,1,1,False,fum_rec;blocked_kicks;def_fum_td,PFR
Pittsburgh Steelers,PIT,1989,11,1989-11-19,False,SDG,H,W,20,17,2.0,1,,0,,,,0,,,1,11.0,match,1,1,False,fum_rec;blocked_kicks;def_fum_td,PFR
Pittsburgh Steelers,PIT,1989,12,1989-11-26,False,MIA,A,W,34,14,0.0,2,,0,,,,0,,,0,5,match,2,2,False,fum_rec;blocked_kicks;def_fum_td,PFR
Pittsburgh Steelers,PIT,1989,13,1989-12-03,False,HOU,H,L,16,23,3.0,0,,0,,,,0,,,0,3.0,match,0,0,False,fum_rec;blocked_kicks;def_fum_td,PFR
Pittsburgh Steelers,PIT,1989,14,1989-12-10,False,NYJ,A,W,13,0,1.0,2,,0,,,,0,,,0,15.0,match,2,2,False,fum_rec;blocked_kicks;def_fum_td,PFR
Pittsburgh Steelers,PIT,1989,15,1989-12-17,False,NWE,H,W,28,10,3.0,2,,0,,,,0,,,0,11.0,match,2,2,False,fum_rec;blocked_kicks;def_fum_td,PFR
Pittsburgh Steelers,PIT,1989,16,1989-12-24,False,TAM,A,W,31,22,1.0,1,,0,,,,0,,,0,3.0,match,1,1,False,fum_rec;blocked_kicks;def_fum_td,PFR
Pittsburgh Steelers,PIT,1989,17,1989-12-31,True,HOU,A,W,26,23,0,0,,0,,,,0,,,0,0,match,0,0,False,fum_rec;blocked_kicks;def_fum_td,PFR
Pittsburgh Steelers,PIT,1989,18,1990-01-07,True,DEN,A,L,23,24,1.0,1,,0,,,,0,,,0,3.0,match,1,1,False,fum_rec;blocked_kicks;def_fum_td,PFR
Los Angeles Raiders,RAI,1989,1,1989-09-10,False,SDG,H,W,40,14,3.0,1,,0,,,,0,,,0,6.0,match,1,1,False,fum_rec;blocked_kicks;def_fum_td,PFR
Los Angeles Raiders,RAI,1989,2,1989-09-17,False,KAN,A,L,19,24,0,1,,0,,,,0,,,0,2,match,1,1,False,fum_rec;blocked_kicks;def_fum_td,PFR
Los Angeles Raiders,RAI,1989,3,1989-09-24,False,DEN,A,L,21,31,1.0,1,,0,,,,0,,,0,2.0,match,1,1,False,fum_rec;blocked_kicks;def_fum_td,PFR
Los Angeles Raiders,RAI,1989,4,1989-10-01,False,SEA,H,L,20,24,4.0,0,,0,,,,0,,,0,4.0,match,0,0,False,fum_rec;blocked_kicks;def_fum_td,PFR
Los Angeles Raiders,RAI,1989,5,1989-10-09,False,NYJ,A,W,14,7,3.0,2,,0,,,,0,,,0,11.0,match,2,2,False,fum_rec;blocked_kicks;def_fum_td,PFR
Los Angeles Raiders,RAI,1989,6,1989-10-15,False,KAN,H,W,20,14,0,1,,0,,,,0,,,0,3,match,1,1,False,fum_rec;blocked_kicks;def_fum_td,PFR
Los Angeles Raiders,RAI,1989,7,1989-10-22,False,PHI,A,L,7,10,1.0,0,,0,,,,0,,,0,5.0,match,0,0,False,fum_rec;blocked_kicks;def_fum_td,PFR
Los Angeles Raiders,RAI,1989,8,1989-10-29,False,WAS,H,W,37,24,7.0,4,,0,,,,0,,,0,15.0,match,4,4,False,fum_rec;blocked_kicks;def_fum_td,PFR
Los Angeles Raiders,RAI,1989,9,1989-11-05,False,CIN,H,W,28,7,3.0,1,,0,,,,0,,,0,9.0,match,1,1,False,fum_rec;blocked_kicks;def_fum_td,PFR
Los Angeles Raiders,RAI,1989,10,1989-11-12,False,SDG,A,L,12,14,3.0,1,,0,,,,0,,,0,6.0,match,1,1,False,fum_rec;blocked_kicks;def_fum_td,PFR
Los Angeles Raiders,RAI,1989,11,1989-11-19,False,HOU,A,L,7,23,0,1,,0,,,,0,,,0,2,match,1,1,False,fum_rec;blocked_kicks;def_fum_td,PFR
Los Angeles Raiders,RAI,1989,12,1989-11-26,False,NWE,H,W,24,21,0.0,3,,0,,,,0,,,0,6,match,3,3,False,fum_rec;blocked_kicks;def_fum_td,PFR
Los Angeles Raiders,RAI,1989,13,1989-12-03,False,DEN,H,W,16,13,3.0,2,,0,,,,0,,,0,11.0,match,2,2,False,fum_rec;blocked_kicks;def_fum_td,PFR
Los Angeles Raiders,RAI,1989,14,1989-12-10,False,PHO,H,W,16,14,5.0,0,,0,,,,0,,,0,6.0,match,0,0,False,fum_rec;blocked_kicks;def_fum_td,PFR
Los Angeles Raiders,RAI,1989,15,1989-12-17,False,SEA,A,L,17,23,1.0,0,,0,,,,0,,,0,1.0,match,0,0,False,fum_rec;blocked_kicks;def_fum_td,PFR
Los Angeles Raiders,RAI,1989,16,1989-12-24,False,NYG,A,L,17,34,1.0,0,,0,,,,0,,,0,0.0,match,0,0,False,fum_rec;blocked_kicks;def_fum_td,PFR
Los Angeles Rams,RAM,1989,1,1989-09-10,False,ATL,A,W,31,21,5.0,0,,0,,,,0,,,0,5.0,match,0,0,False,fum_rec;blocked_kicks;def_fum_td,PFR
Los Angeles Rams,RAM,1989,2,1989-09-17,False,IND,H,W,31,17,0,1,,0,,,,0,,,0,3,match,1,1,False,fum_rec;blocked_kicks;def_fum_td,PFR
Los Angeles Rams,RAM,1989,3,1989-09-24,False,GNB,H,W,41,38,3.0,3,,0,,,,0,,,0,5.0,match,3,3,False,fum_rec;blocked_kicks;def_fum_td,PFR
Los Angeles Rams,RAM,1989,4,1989-10-01,False,SFO,A,W,13,12,2.0,0,,0,,,,0,,,0,6.0,match,0,0,False,fum_rec;blocked_kicks;def_fum_td,PFR
Los Angeles Rams,RAM,1989,5,1989-10-08,False,ATL,H,W,26,14,2.0,1,,0,,,,0,,,0,5.0,match,1,1,False,fum_rec;blocked_kicks;def_fum_td,PFR
Los Angeles Rams,RAM,1989,6,1989-10-16,False,BUF,A,L,20,23,0,1,,0,,,,0,,,0,2,match,1,1,False,fum_rec;blocked_kicks;def_fum_td,PFR
Los Angeles Rams,RAM,1989,7,1989-10-22,False,NOR,H,L,21,40,1.0,1,,0,,,,0,,,0,-1.0,match,1,1,False,fum_rec;blocked_kicks;def_fum_td,PFR
Los Angeles Rams,RAM,1989,8,1989-10-29,False,CHI,A,L,10,20,3.0,0,,0,,,,0,,,0,4.0,match,0,0,False,fum_rec;blocked_kicks;def_fum_td,PFR
Los Angeles Rams,RAM,1989,9,1989-11-05,False,MIN,A,L,21,23,1.0,1,,0,,,,0,,,0,3.0,match,1,1,False,fum_rec;blocked_kicks;def_fum_td,PFR
Los Angeles Rams,RAM,1989,10,1989-11-12,False,NYG,H,W,31,10,4.0,1,,0,,,,0,,,0,10.0,match,1,1,False,fum_rec;blocked_kicks;def_fum_td,PFR
Los Angeles Rams,RAM,1989,11,1989-11-19,False,PHO,H,W,37,14,5.0,4,,0,,,,0,,,0,14.0,match,4,4,False,fum_rec;blocked_kicks;def_fum_td,PFR
Los Angeles Rams,RAM,1989,12,1989-11-26,False,NOR,A,W,20,17,4.0,1,,0,,,,0,,,0,7.0,match,1,1,False,fum_rec;blocked_kicks;def_fum_td,PFR
Los Angeles Rams,RAM,1989,13,1989-12-03,False,DAL,A,W,35,31,2.0,1,,0,,,,0,,,0,3.0,match,1,1,False,fum_rec;blocked_kicks;def_fum_td,PFR
Los Angeles Rams,RAM,1989,14,1989-12-11,False,SFO,H,L,27,30,2.0,2,,0,,,,0,,,0,5.0,match,2,2,False,fum_rec;blocked_kicks;def_fum_td,PFR
Los Angeles Rams,RAM,1989,15,1989-12-17,False,NYJ,H,W,38,14,7.0,1,,0,,,,0,,,0,10.0,match,1,1,False,fum_rec;blocked_kicks;def_fum_td,PFR
Los Angeles Rams,RAM,1989,16,1989-12-24,False,NWE,A,W,24,20,1.0,3,,0,,,,0,,,0,8.0,match,3,3,False,fum_rec;blocked_kicks;def_fum_td,PFR
Los Angeles Rams,RAM,1989,17,1989-12-31,True,PHI,A,W,21,7,2.0,1,,0,,,,0,,,0,8.0,match,1,1,False,fum_rec;blocked_kicks;def_fum_td,PFR
Los Angeles Rams,RAM,1989,18,1990-01-07,True,NYG,A,W,19,13,1.0,1,,0,,,,0,,,0,7.0,match,1,1,False,fum_rec;blocked_kicks;def_fum_td,PFR
Los Angeles Rams,RAM,1989,19,1990-01-14,True,SFO,A,L,3,30,1.0,0,,0,,,,0,,,0,0.0,match,0,0,False,fum_rec;blocked_kicks;def_fum_td,PFR
San Diego Chargers,SDG,1989,1,1989-09-10,False,RAI,A,L,14,40,3.0,0,,0,,,,0,,,0,-1.0,match,0,0,False,fum_rec;blocked_kicks;def_fum_td,PFR
San Diego Chargers,SDG,1989,2,1989-09-17,False,HOU,H,L,27,34,0,0,,0,,,,0,,,0,-1,match,0,0,False,fum_rec;blocked_kicks;def_fum_td,PFR
San Diego Chargers,SDG,1989,3,1989-09-24,False,KAN,H,W,21,6,3.0,5,,0,,,,0,,,0,20.0,match,5,5,False,fum_rec;blocked_kicks;def_fum_td,PFR
San Diego Chargers,SDG,1989,4,1989-10-01,False,PHO,A,W,24,13,4.0,2,,0,,,,0,,,0,12.0,match,2,2,False,fum_rec;blocked_kicks;def_fum_td,PFR
San Diego Chargers,SDG,1989,5,1989-10-08,False,DEN,A,L,10,16,3.0,1,,0,,,,0,,,0,6.0,match,1,1,False,fum_rec;blocked_kicks;def_fum_td,PFR
San Diego Chargers,SDG,1989,6,1989-10-15,False,SEA,H,L,16,17,0.0,2,,0,,,,0,,,0,5,match,2,2,False,fum_rec;blocked_kicks;def_fum_td,PFR
San Diego Chargers,SDG,1989,7,1989-10-22,False,NYG,H,L,13,20,2.0,1,,0,,,,0,,,0,5.0,match,1,1,False,fum_rec;blocked_kicks;def_fum_td,PFR
San Diego Chargers,SDG,1989,8,1989-10-29,False,SEA,A,L,7,10,5.0,2,,0,,,,0,,,0,13.0,match,2,2,False,fum_rec;blocked_kicks;def_fum_td,PFR
San Diego Chargers,SDG,1989,9,1989-11-05,False,PHI,H,W,20,17,5.0,1,,0,,,,0,,,0,8.0,match,1,1,False,fum_rec;blocked_kicks;def_fum_td,PFR
San Diego Chargers,SDG,1989,10,1989-11-12,False,RAI,H,W,14,12,3.0,3,,0,,,,0,,,1,19.0,match,3,3,False,fum_rec;blocked_kicks;def_fum_td,PFR
San Diego Chargers,SDG,1989,11,1989-11-19,False,PIT,A,L,17,20,4.0,0,,0,,,,0,,,0,5.0,match,0,0,False,fum_rec;blocked_kicks;def_fum_td,PFR
San Diego Chargers,SDG,1989,12,1989-11-26,False,IND,A,L,6,10,2.0,1,,0,,,,0,,,0,8.0,match,1,1,False,fum_rec;blocked_kicks;def_fum_td,PFR
San Diego Chargers,SDG,1989,13,1989-12-03,False,NYJ,H,L,17,20,5.0,3,,0,,,,0,,,0,12.0,match,3,3,False,fum_rec;blocked_kicks;def_fum_td,PFR
San Diego Chargers,SDG,1989,14,1989-12-10,False,WAS,A,L,21,26,0,1,,0,,,,0,,,0,2,match,1,1,False,fum_rec;blocked_kicks;def_fum_td,PFR
San Diego Chargers,SDG,1989,15,1989-12-17,False,KAN,A,W,20,13,2.0,2,,0,,,,0,,,0,10.0,match,2,2,False,fum_rec;blocked_kicks;def_fum_td,PFR
San Diego Chargers,SDG,1989,16,1989-12-24,False,DEN,H,W,19,16,7.0,1,,0,,,,0,,,0,10.0,match,1,1,False,fum_rec;blocked_kicks;def_fum_td,PFR
Seattle Seahawks,SEA,1989,1,1989-09-10,False,PHI,A,L,7,31,1.0,0,,0,,,,0,,,0,0.0,match,0,0,False,fum_rec;blocked_kicks;def_fum_td,PFR
Seattle Seahawks,SEA,1989,2,1989-09-17,False,PHO,H,L,24,34,0,1,,0,,,,0,,,0,1,match,1,1,False,fum_rec;blocked_kicks;def_fum_td,PFR
Seattle Seahawks,SEA,1989,3,1989-09-24,False,NWE,A,W,24,3,3.0,1,,0,,,,0,,,0,12.0,match,1,1,False,fum_rec;blocked_kicks;def_fum_td,PFR
Seattle Seahawks,SEA,1989,4,1989-10-01,False,RAI,A,W,24,20,2.0,1,,0,,,,0,,,0,5.0,match,1,1,False,fum_rec;blocked_kicks;def_fum_td,PFR
Seattle Seahawks,SEA,1989,5,1989-10-08,False,KAN,H,L,16,20,0,0,,0,,,,0,,,1,7,match,0,0,False,fum_rec;blocked_kicks;def_fum_td,PFR
Seattle Seahawks,SEA,1989,6,1989-10-15,False,SDG,A,W,17,16,4.0,2,,0,,,,0,,,0,9.0,match,2,2,False,fum_rec;blocked_kicks;def_fum_td,PFR
Seattle Seahawks,SEA,1989,7,1989-10-22,False,DEN,H,L,21,24,4.0,0,,0,,,,0,,,0,4.0,match,0,0,False,fum_rec;blocked_kicks;def_fum_td,PFR
Seattle Seahawks,SEA,1989,8,1989-10-29,False,SDG,H,W,10,7,2.0,1,,0,,,,0,,,0,8.0,match,1,1,False,fum_rec;blocked_kicks;def_fum_td,PFR
Seattle Seahawks,SEA,1989,9,1989-11-05,False,KAN,A,L,10,20,1.0,0,,0,,,,0,,,0,2.0,match,0,0,False,fum_rec;blocked_kicks;def_fum_td,PFR
Seattle Seahawks,SEA,1989,10,1989-11-12,False,CLE,H,L,7,17,4.0,0,,0,,,,0,,,0,5.0,match,0,0,False,fum_rec;blocked_kicks;def_fum_td,PFR
Seattle Seahawks,SEA,1989,11,1989-11-19,False,NYG,A,L,3,15,1.0,0,,0,,,,0,,,0,2.0,match,0,0,False,fum_rec;blocked_kicks;def_fum_td,PFR
Seattle Seahawks,SEA,1989,12,1989-11-26,False,DEN,A,L,14,41,2.0,0,,0,,,,0,,,0,-2.0,match,0,0,False,fum_rec;blocked_kicks;def_fum_td,PFR
Seattle Seahawks,SEA,1989,13,1989-12-04,False,BUF,H,W,17,16,1.0,1,,0,,,,0,,,0,4.0,match,1,1,False,fum_rec;blocked_kicks;def_fum_td,PFR
Seattle Seahawks,SEA,1989,14,1989-12-10,False,CIN,A,W,24,17,4.0,0,,0,,,,0,,,0,5.0,match,0,0,False,fum_rec;blocked_kicks;def_fum_td,PFR
Seattle Seahawks,SEA,1989,15,1989-12-17,False,RAI,H,W,23,17,2.0,1,,0,,,,0,,,0,5.0,match,1,1,False,fum_rec;blocked_kicks;def_fum_td,PFR
Seattle Seahawks,SEA,1989,16,1989-12-23,False,WAS,H,L,0,29,1.0,1,,0,,,,0,,,0,2.0,match,1,1,False,fum_rec;blocked_kicks;def_fum_td,PFR
San Francisco 49ers,SFO,1989,1,1989-09-10,False,IND,A,W,30,24,1.0,1,,0,,,,0,,,0,3.0,match,1,1,False,fum_rec;blocked_kicks;def_fum_td,PFR
San Francisco 49ers,SFO,1989,2,1989-09-17,False,TAM,A,W,20,16,2.0,2,,0,,,,0,,,0,7.0,match,2,2,False,fum_rec;blocked_kicks;def_fum_td,PFR
San Francisco 49ers,SFO,1989,3,1989-09-24,False,PHI,A,W,38,28,4.0,1,,0,,,,0,,,0,5.0,match,1,1,False,fum_rec;blocked_kicks;def_fum_td,PFR
San Francisco 49ers,SFO,1989,4,1989-10-01,False,RAM,H,L,12,13,0,0,,0,,,,0,,,0,4,match,0,0,False,fum_rec;blocked_kicks;def_fum_td,PFR
San Francisco 49ers,SFO,1989,5,1989-10-08,False,NOR,A,W,24,20,1.0,0,,0,,,,0,,,0,2.0,match,0,0,False,fum_rec;blocked_kicks;def_fum_td,PFR
San Francisco 49ers,SFO,1989,6,1989-10-15,False,DAL,A,W,31,14,4.0,2,,0,,,,0,,,0,9.0,match,2,2,False,fum_rec;blocked_kicks;def_fum_td,PFR
San Francisco 49ers,SFO,1989,7,1989-10-22,False,NWE,H,W,37,20,1.0,2,,0,,,,0,,,0,6.0,match,2,2,False,fum_rec;blocked_kicks;def_fum_td,PFR
San Francisco 49ers,SFO,1989,8,1989-10-29,False,NYJ,A,W,23,10,9.0,0,,0,,,,0,,,0,13.0,match,0,0,False,fum_rec;blocked_kicks;def_fum_td,PFR
San Francisco 49ers,SFO,1989,9,1989-11-06,False,NOR,H,W,31,13,3.0,2,,0,,,,0,,,0,11.0,match,2,2,False,fum_rec;blocked_kicks;def_fum_td,PFR
San Francisco 49ers,SFO,1989,10,1989-11-12,False,ATL,H,W,45,3,2.0,0,,0,,,,0,,,0,9.0,match,0,0,False,fum_rec;blocked_kicks;def_fum_td,PFR
San Francisco 49ers,SFO,1989,11,1989-11-19,False,GNB,H,L,17,21,2.0,0,,0,,,,0,,,0,2.0,match,0,0,False,fum_rec;blocked_kicks;def_fum_td,PFR
San Francisco 49ers,SFO,1989,12,1989-11-27,False,NYG,H,W,34,24,7.0,3,,0,,,,0,,,0,13.0,match,3,3,False,fum_rec;blocked_kicks;def_fum_td,PFR
San Francisco 49ers,SFO,1989,13,1989-12-03,False,ATL,A,W,23,10,2.0,2,,0,,,,0,,,0,10.0,match,2,2,False,fum_rec;blocked_kicks;def_fum_td,PFR
San Francisco 49ers,SFO,1989,14,1989-12-11,False,RAM,A,W,30,27,1.0,0,,0,,,,0,,,0,1.0,match,0,0,False,fum_rec;blocked_kicks;def_fum_td,PFR
San Francisco 49ers,SFO,1989,15,1989-12-17,False,BUF,H,W,21,10,2.0,3,,0,,,,0,,,0,12.0,match,3,3,False,fum_rec;blocked_kicks;def_fum_td,PFR
San Francisco 49ers,SFO,1989,16,1989-12-24,False,CHI,H,W,26,0,1.0,3,,0,,,,0,,,0,17.0,match,3,3,False,fum_rec;blocked_kicks;def_fum_td,PFR
San Francisco 49ers,SFO,1989,17,1990-01-06,True,MIN,H,W,41,13,4.0,4,,0,,,,0,,,0,16.0,kept_defender_count,4,3,False,fum_rec;blocked_kicks;def_fum_td,PFR
San Francisco 49ers,SFO,1989,18,1990-01-14,True,RAM,H,W,30,3,1.0,3,,0,,,,0,,,0,14.0,match,3,3,False,fum_rec;blocked_kicks;def_fum_td,PFR
San Francisco 49ers,SFO,1989,19,1990-01-28,True,DEN,N,W,55,10,6.0,2,,0,,,,0,,,0,14.0,match,2,2,False,fum_rec;blocked_kicks;def_fum_td,PFR
Tampa Bay Buccaneers,TAM,1989,1,1989-09-10,False,GNB,A,W,23,21,2.0,3,,0,,,,0,,,0,8.0,match,3,3,False,fum_rec;blocked_kicks;def_fum_td,PFR
Tampa Bay Buccaneers,TAM,1989,2,1989-09-17,False,SFO,H,L,16,20,4.0,2,,0,,,,0,,,0,9.0,match,2,2,False,fum_rec;blocked_kicks;def_fum_td,PFR
Tampa Bay Buccaneers,TAM,1989,3,1989-09-24,False,NOR,H,W,20,10,3.0,2,,0,,,,0,,,0,11.0,match,2,2,False,fum_rec;blocked_kicks;def_fum_td,PFR
Tampa Bay Buccaneers,TAM,1989,4,1989-10-01,False,MIN,A,L,3,17,2.0,2,,0,,,,0,,,0,7.0,match,2,2,False,fum_rec;blocked_kicks;def_fum_td,PFR
Tampa Bay Buccaneers,TAM,1989,5,1989-10-08,False,CHI,H,W,42,35,2.0,1,,0,,,,0,,,0,0.0,match,1,1,False,fum_rec;blocked_kicks;def_fum_td,PFR
Tampa Bay Buccaneers,TAM,1989,6,1989-10-15,False,DET,H,L,16,17,4.0,2,,0,,,,0,,,0,9.0,match,2,2,False,fum_rec;blocked_kicks;def_fum_td,PFR
Tampa Bay Buccaneers,TAM,1989,7,1989-10-22,False,WAS,A,L,28,32,2.0,1,,0,,,,0,,,0,3.0,match,1,1,False,fum_rec;blocked_kicks;def_fum_td,PFR
Tampa Bay Buccaneers,TAM,1989,8,1989-10-29,False,CIN,A,L,23,56,1.0,0,,0,,,,0,,,0,-3.0,match,0,0,False,fum_rec;blocked_kicks;def_fum_td,PFR
Tampa Bay Buccaneers,TAM,1989,9,1989-11-05,False,CLE,H,L,31,42,1.0,0,,0,,,,0,,,0,-3.0,match,0,0,False,fum_rec;blocked_kicks;def_fum_td,PFR
Tampa Bay Buccaneers,TAM,1989,10,1989-11-12,False,MIN,H,L,10,24,1.0,0,,0,,,,0,,,0,1.0,match,0,0,False,fum_rec;blocked_kicks;def_fum_td,PFR
Tampa Bay Buccaneers,TAM,1989,11,1989-11-19,False,CHI,A,W,32,31,3.0,3,,0,,,,0,,,0,8.0,match,3,3,False,fum_rec;blocked_kicks;def_fum_td,PFR
Tampa Bay Buccaneers,TAM,1989,12,1989-11-26,False,PHO,A,W,14,13,2.0,0,,0,,,,0,,,0,6.0,match,0,0,False,fum_rec;blocked_kicks;def_fum_td,PFR
Tampa Bay Buccaneers,TAM,1989,13,1989-12-03,False,GNB,H,L,16,17,2.0,2,,0,,,,0,,,0,7.0,match,2,2,False,fum_rec;blocked_kicks;def_fum_td,PFR
Tampa Bay Buccaneers,TAM,1989,14,1989-12-10,False,HOU,A,L,17,20,0,0,,0,,,,0,,,0,1,match,0,0,False,fum_rec;blocked_kicks;def_fum_td,PFR
Tampa Bay Buccaneers,TAM,1989,15,1989-12-17,False,DET,A,L,7,33,3.0,1,,0,,,,0,,,0,4.0,match,1,1,False,fum_rec;blocked_kicks;def_fum_td,PFR
Tampa Bay Buccaneers,TAM,1989,16,1989-12-24,False,PIT,H,L,22,31,1.0,2,,0,,,,0,,,0,4.0,match,2,2,False,fum_rec;blocked_kicks;def_fum_td,PFR
Washington Redskins,WAS,1989,1,1989-09-11,False,NYG,H,L,24,27,4.0,2,,0,,,,0,,,0,8.0,match,2,2,False,fum_rec;blocked_kicks;def_fum_td,PFR
Washington Redskins,WAS,1989,2,1989-09-17,False,PHI,H,L,37,42,4.0,1,,0,,,,0,,,0,2.0,match,1,1,False,fum_rec;blocked_kicks;def_fum_td,PFR
Washington Redskins,WAS,1989,3,1989-09-24,False,DAL,A,W,30,7,4.0,4,,0,,,,0,,,0,16.0,match,4,4,False,fum_rec;blocked_kicks;def_fum_td,PFR
Washington Redskins,WAS,1989,4,1989-10-01,False,NOR,A,W,16,14,2.0,1,,0,,,,0,,,0,5.0,match,1,1,False,fum_rec;blocked_kicks;def_fum_td,PFR
Washington Redskins,WAS,1989,5,1989-10-08,False,PHO,H,W,30,28,1.0,4,,0,,,,0,,,0,8.0,match,4,4,False,fum_rec;blocked_kicks;def_fum_td,PFR
Washington Redskins,WAS,1989,6,1989-10-15,False,NYG,A,L,17,20,3.0,1,,0,,,,0,,,0,6.0,match,1,1,False,fum_rec;blocked_kicks;def_fum_td,PFR
Washington Redskins,WAS,1989,7,1989-10-22,False,TAM,H,W,32,28,2.0,2,,0,,,,0,,,0,5.0,match,2,2,False,fum_rec;blocked_kicks;def_fum_td,PFR
Washington Redskins,WAS,1989,8,1989-10-29,False,RAI,A,L,24,37,0,2,,0,,,,0,,,1,6,match,2,2,False,fum_rec;blocked_kicks;def_fum_td,PFR
Washington Redskins,WAS,1989,9,1989-11-05,False,DAL,H,L,3,13,3.0,0,,0,,,,0,,,0,7.0,match,0,0,False,fum_rec;blocked_kicks;def_fum_td,PFR
Washington Redskins,WAS,1989,10,1989-11-12,False,PHI,A,W,10,3,5.0,1,,0,,,,0,,,0,14.0,match,1,1,False,fum_rec;blocked_kicks;def_fum_td,PFR
Washington Redskins,WAS,1989,11,1989-11-20,False,DEN,H,L,10,14,2.0,1,,0,,,,0,,,0,5.0,match,1,1,False,fum_rec;blocked_kicks;def_fum_td,PFR
Washington Redskins,WAS,1989,12,1989-11-26,False,CHI,H,W,38,14,1.0,2,,0,,,,0,,,0,6.0,match,2,2,False,fum_rec;blocked_kicks;def_fum_td,PFR
Washington Redskins,WAS,1989,13,1989-12-03,False,PHO,A,W,29,10,2.0,3,,0,,,,0,,,0,12.0,match,3,3,False,fum_rec;blocked_kicks;def_fum_td,PFR
Washington Redskins,WAS,1989,14,1989-12-10,False,SDG,H,W,26,21,0,0,,0,,,,0,,,0,0,match,0,0,False,fum_rec;blocked_kicks;def_fum_td,PFR
Washington Redskins,WAS,1989,15,1989-12-17,False,ATL,A,W,31,30,3.0,2,,0,,,,0,,,0,6.0,match,2,2,False,fum_rec;blocked_kicks;def_fum_td,PFR
Washington Redskins,WAS,1989,16,1989-12-23,False,SEA,A,W,29,0,4.0,1,,0,,,,0,,,0,16.0,match,1,1,False,fum_rec;blocked_kicks;def_fum_td,PFR
