team_name,team,season,week,date,playoff,opp,home_away,result,team_score,pts_allowed,sacks,def_int,def_int_td,safeties,ret_td,fpts
Atlanta Falcons,ATL,1990,1,1990-09-09,False,HOU,H,W,47,27,2.0,2,0,0,0,6.0
Atlanta Falcons,ATL,1990,2,1990-09-16,False,DET,A,L,14,21,3.0,2,0,0,0,7.0
Atlanta Falcons,ATL,1990,3,1990-09-23,False,SFO,A,L,13,19,3.0,0,0,0,0,4.0
Atlanta Falcons,ATL,1990,4,1990-10-07,False,NOR,H,W,28,27,3.0,0,0,0,0,3.0
Atlanta Falcons,ATL,1990,5,1990-10-14,False,SFO,H,L,35,45,4.0,2,0,0,0,4.0
Atlanta Falcons,ATL,1990,6,1990-10-21,False,RAM,A,L,24,44,0,0,0,0,0,-4
Atlanta Falcons,ATL,1990,7,1990-10-28,False,CIN,H,W,38,17,1.0,2,0,0,1,12.0
Atlanta Falcons,ATL,1990,8,1990-11-04,False,PIT,A,L,9,21,1.0,0,0,0,0,1.0
Atlanta Falcons,ATL,1990,9,1990-11-11,False,CHI,A,L,24,30,1.0,1,0,0,0,2.0
Atlanta Falcons,ATL,1990,10,1990-11-18,False,PHI,H,L,23,24,3.0,0,0,0,0,3.0
Atlanta Falcons,ATL,1990,11,1990-11-25,False,NOR,A,L,7,10,1.0,1,0,0,0,7.0
Atlanta Falcons,ATL,1990,12,1990-12-02,False,TAM,A,L,17,23,3.0,1,0,0,0,5.0
Atlanta Falcons,ATL,1990,13,1990-12-09,False,PHO,H,L,13,24,1.0,1,0,0,0,3.0
Atlanta Falcons,ATL,1990,14,1990-12-16,False,CLE,A,L,10,13,2.0,1,0,0,0,8.0
Atlanta Falcons,ATL,1990,15,1990-12-23,False,RAM,H,W,20,13,2.0,2,0,0,0,10.0
Atlanta Falcons,ATL,1990,16,1990-12-30,False,DAL,H,W,26,7,3.0,2,0,0,1,17.0
Buffalo Bills,BUF,1990,1,1990-09-09,False,IND,H,W,26,10,3.0,1,0,0,0,9.0
Buffalo Bills,BUF,1990,2,1990-09-16,False,MIA,A,L,7,30,0,0,0,0,0,-1
Buffalo Bills,BUF,1990,3,1990-09-24,False,NYJ,A,W,30,7,3.0,0,0,0,0,7.0
Buffalo Bills,BUF,1990,4,1990-09-30,False,DEN,H,W,29,28,2.0,2,0,0,0,5.0
Buffalo Bills,BUF,1990,5,1990-10-07,False,RAI,H,W,38,24,2.0,1,0,0,0,4.0
Buffalo Bills,BUF,1990,6,1990-10-21,False,NYJ,H,W,30,27,3.0,1,0,0,0,5.0
Buffalo Bills,BUF,1990,7,1990-10-28,False,NWE,A,W,27,10,3.0,2,0,0,0,11.0
Buffalo Bills,BUF,1990,8,1990-11-04,False,CLE,A,W,42,0,1.0,2,0,0,0,15.0
Buffalo Bills,BUF,1990,9,1990-11-11,False,PHO,H,W,45,14,4.0,1,0,0,0,7.0
Buffalo Bills,BUF,1990,10,1990-11-18,False,NWE,H,W,14,0,4.0,2,0,0,0,18.0
Buffalo Bills,BUF,1990,11,1990-11-26,False,HOU,A,L,24,27,3.0,0,0,0,0,3.0
Buffalo Bills,BUF,1990,12,1990-12-02,False,PHI,H,W,30,23,6.0,1,0,0,0,8.0
Buffalo Bills,BUF,1990,13,1990-12-09,False,IND,A,W,31,7,5.0,3,0,0,0,15.0
Buffalo Bills,BUF,1990,14,1990-12-15,False,NYG,A,W,17,13,1.0,0,0,0,0,5.0
Buffalo Bills,BUF,1990,15,1990-12-23,False,MIA,H,W,24,14,3.0,1,0,0,0,6.0
Buffalo Bills,BUF,1990,16,1990-12-30,False,WAS,A,L,14,29,0,1,0,0,0,1
Buffalo Bills,BUF,1990,17,1991-01-12,True,MIA,H,W,44,34,0.0,2,0,0,0,3
Buffalo Bills,BUF,1990,18,1991-01-20,True,RAI,H,W,51,3,1.0,6,0,0,0,20.0
Buffalo Bills,BUF,1990,19,1991-01-27,True,NYG,N,L,19,20,2.0,0,0,1,0,5.0
Chicago Bears,CHI,1990,1,1990-09-09,False,SEA,H,W,17,0,3.0,3,0,0,0,19.0
Chicago Bears,CHI,1990,2,1990-09-16,False,GNB,A,W,31,13,6.0,2,0,0,0,14.0
Chicago Bears,CHI,1990,3,1990-09-23,False,MIN,H,W,19,16,2.0,2,0,0,0,7.0
Chicago Bears,CHI,1990,4,1990-09-30,False,RAI,A,L,10,24,1.0,0,0,0,0,1.0
Chicago Bears,CHI,1990,5,1990-10-07,False,GNB,H,W,27,13,1.0,2,0,0,0,9.0
Chicago Bears,CHI,1990,6,1990-10-14,False,RAM,H,W,38,9,1.0,1,0,0,0,7.0
Chicago Bears,CHI,1990,7,1990-10-28,False,PHO,A,W,31,21,4.0,1,0,0,0,6.0
Chicago Bears,CHI,1990,8,1990-11-04,False,TAM,A,W,26,6,3.0,5,0,0,0,20.0
Chicago Bears,CHI,1990,9,1990-11-11,False,ATL,H,W,30,24,2.0,4,0,0,0,10.0
Chicago Bears,CHI,1990,10,1990-11-18,False,DEN,A,W,16,13,6.0,1,0,0,0,12.0
Chicago Bears,CHI,1990,11,1990-11-25,False,MIN,A,L,13,41,1.0,0,0,0,0,-3.0
Chicago Bears,CHI,1990,12,1990-12-02,False,DET,H,W,23,17,2.0,1,0,0,0,5.0
Chicago Bears,CHI,1990,13,1990-12-09,False,WAS,A,L,9,10,2.0,5,0,0,0,16.0
Chicago Bears,CHI,1990,14,1990-12-16,False,DET,A,L,21,38,1.0,2,0,0,0,1.0
Chicago Bears,CHI,1990,15,1990-12-23,False,TAM,H,W,27,14,4.0,2,0,0,0,9.0
Chicago Bears,CHI,1990,16,1990-12-29,False,KAN,H,L,10,21,2.0,0,0,0,1,8.0
Chicago Bears,CHI,1990,17,1991-01-06,True,NOR,H,W,16,6,2.0,3,0,0,0,15.0
Chicago Bears,CHI,1990,18,1991-01-13,True,NYG,A,L,3,31,3.0,0,0,0,0,2.0
Cincinnati Bengals,CIN,1990,1,1990-09-09,False,NYJ,H,W,25,20,4.0,1,0,0,0,7.0
Cincinnati Bengals,CIN,1990,2,1990-09-16,False,SDG,A,W,21,16,1.0,1,0,0,0,4.0
Cincinnati Bengals,CIN,1990,3,1990-09-23,False,NWE,H,W,41,7,6.0,2,0,0,0,14.0
Cincinnati Bengals,CIN,1990,4,1990-10-01,False,SEA,A,L,16,31,2.0,1,0,0,1,9.0
Cincinnati Bengals,CIN,1990,5,1990-10-07,False,RAM,A,W,34,31,2.0,0,0,0,0,1.0
Cincinnati Bengals,CIN,1990,6,1990-10-14,False,HOU,A,L,17,48,0.0,1,0,0,0,-2
Cincinnati Bengals,CIN,1990,7,1990-10-22,False,CLE,A,W,34,13,4.0,2,0,0,0,12.0
Cincinnati Bengals,CIN,1990,8,1990-10-28,False,ATL,A,L,17,38,0,0,0,0,0,-4
Cincinnati Bengals,CIN,1990,9,1990-11-04,False,NOR,H,L,7,21,0,0,0,0,0,0
Cincinnati Bengals,CIN,1990,10,1990-11-18,False,PIT,H,W,27,3,0,0,0,0,0,7
Cincinnati Bengals,CIN,1990,11,1990-11-25,False,IND,H,L,20,34,1.0,0,0,0,0,0.0
Cincinnati Bengals,CIN,1990,12,1990-12-02,False,PIT,A,W,16,12,1.0,1,0,0,0,7.0
Cincinnati Bengals,CIN,1990,13,1990-12-09,False,SFO,H,L,17,20,2.0,1,0,0,0,5.0
Cincinnati Bengals,CIN,1990,14,1990-12-16,False,RAI,A,L,7,24,0,0,0,0,0,0
Cincinnati Bengals,CIN,1990,15,1990-12-23,False,HOU,H,W,40,20,2.0,2,0,0,0,7.0
Cincinnati Bengals,CIN,1990,16,1990-12-30,False,CLE,H,W,21,14,0.0,3,0,0,0,7
Cincinnati Bengals,CIN,1990,17,1991-01-06,True,HOU,H,W,41,14,0.0,1,0,0,0,3
Cincinnati Bengals,CIN,1990,18,1991-01-13,True,RAI,A,L,10,20,3.0,1,0,0,0,6.0
Cleveland Browns,CLE,1990,1,1990-09-09,False,PIT,H,W,13,3,3.0,2,0,0,0,14.0
Cleveland Browns,CLE,1990,2,1990-09-16,False,NYJ,A,L,21,24,3.0,0,0,0,1,9.0
Cleveland Browns,CLE,1990,3,1990-09-23,False,SDG,H,L,14,24,1.0,2,0,0,0,5.0
Cleveland Browns,CLE,1990,4,1990-09-30,False,KAN,A,L,0,34,1.0,0,0,0,0,0.0
Cleveland Browns,CLE,1990,5,1990-10-08,False,DEN,A,W,30,29,0,2,0,0,0,3
Cleveland Browns,CLE,1990,6,1990-10-14,False,NOR,A,L,20,25,1.0,1,0,0,0,3.0
Cleveland Browns,CLE,1990,7,1990-10-22,False,CIN,H,L,13,34,1.0,1,0,0,0,2.0
Cleveland Browns,CLE,1990,8,1990-10-28,False,SFO,A,L,17,20,1.0,2,0,0,0,6.0
Cleveland Browns,CLE,1990,9,1990-11-04,False,BUF,H,L,0,42,1.0,0,0,0,0,-3.0
Cleveland Browns,CLE,1990,10,1990-11-18,False,HOU,H,L,23,35,5.0,0,0,0,0,1.0
Cleveland Browns,CLE,1990,11,1990-11-25,False,MIA,H,L,13,30,0,0,0,0,0,-1
Cleveland Browns,CLE,1990,12,1990-12-02,False,RAM,H,L,23,38,1.0,0,0,0,0,-3.0
Cleveland Browns,CLE,1990,13,1990-12-09,False,HOU,A,L,14,58,2.0,0,0,0,1,4.0
Cleveland Browns,CLE,1990,14,1990-12-16,False,ATL,H,W,13,10,8.0,0,0,0,0,12.0
Cleveland Browns,CLE,1990,15,1990-12-23,False,PIT,A,L,0,35,2.0,1,0,0,0,0.0
Cleveland Browns,CLE,1990,16,1990-12-30,False,CIN,A,L,14,21,2.0,2,0,0,0,6.0
Dallas Cowboys,DAL,1990,1,1990-09-09,False,SDG,H,W,17,14,1.0,1,0,0,0,4.0
Dallas Cowboys,DAL,1990,2,1990-09-16,False,NYG,H,L,7,28,0,0,0,0,1,5
Dallas Cowboys,DAL,1990,3,1990-09-23,False,WAS,A,L,15,19,3.0,0,0,0,0,4.0
Dallas Cowboys,DAL,1990,4,1990-09-30,False,NYG,A,L,17,31,2.0,0,0,0,0,1.0
Dallas Cowboys,DAL,1990,5,1990-10-07,False,TAM,H,W,14,10,4.0,0,0,0,0,8.0
Dallas Cowboys,DAL,1990,6,1990-10-14,False,PHO,A,L,3,20,0,0,0,0,0,1
Dallas Cowboys,DAL,1990,7,1990-10-21,False,TAM,A,W,17,13,6.0,3,0,0,0,16.0
Dallas Cowboys,DAL,1990,8,1990-10-28,False,PHI,H,L,20,21,2.0,0,0,0,0,2.0
Dallas Cowboys,DAL,1990,9,1990-11-04,False,NYJ,A,L,9,24,2.0,0,0,0,0,2.0
Dallas Cowboys,DAL,1990,10,1990-11-11,False,SFO,H,L,6,24,2.0,1,0,0,0,4.0
Dallas Cowboys,DAL,1990,11,1990-11-18,False,RAM,A,W,24,21,2.0,0,0,0,0,2.0
Dallas Cowboys,DAL,1990,12,1990-11-22,False,WAS,H,W,27,17,2.0,1,0,0,0,5.0
Dallas Cowboys,DAL,1990,13,1990-12-02,False,NOR,H,W,17,13,1.0,0,0,0,0,5.0
Dallas Cowboys,DAL,1990,14,1990-12-16,False,PHO,H,W,41,10,0,3,0,0,0,10
Dallas Cowboys,DAL,1990,15,1990-12-23,False,PHI,A,L,3,17,5.0,2,0,0,0,10.0
Dallas Cowboys,DAL,1990,16,1990-12-30,False,ATL,A,L,7,26,4.0,0,0,0,0,4.0
Denver Broncos,DEN,1990,1,1990-09-09,False,RAI,A,L,9,14,5.0,1,0,0,0,8.0
Denver Broncos,DEN,1990,2,1990-09-17,False,KAN,H,W,24,23,3.0,0,0,0,0,3.0
Denver Broncos,DEN,1990,3,1990-09-23,False,SEA,H,W,34,31,0,0,0,0,0,-1
Denver Broncos,DEN,1990,4,1990-09-30,False,BUF,A,L,28,29,4.0,1,0,0,0,5.0
Denver Broncos,DEN,1990,5,1990-10-08,False,CLE,H,L,29,30,0.0,2,0,0,0,3
Denver Broncos,DEN,1990,6,1990-10-14,False,PIT,H,L,17,34,1.0,0,0,0,0,0.0
Denver Broncos,DEN,1990,7,1990-10-21,False,IND,A,W,27,17,2.0,1,0,0,0,5.0
Denver Broncos,DEN,1990,8,1990-11-04,False,MIN,A,L,22,27,7.0,1,0,0,0,9.0
Denver Broncos,DEN,1990,9,1990-11-11,False,SDG,A,L,7,19,2.0,0,0,0,0,3.0
Denver Broncos,DEN,1990,10,1990-11-18,False,CHI,H,L,13,16,2.0,0,0,0,0,3.0
Denver Broncos,DEN,1990,11,1990-11-22,False,DET,A,L,27,40,0,1,0,0,0,-2
Denver Broncos,DEN,1990,12,1990-12-02,False,RAI,H,L,20,23,2.0,0,0,0,0,2.0
Denver Broncos,DEN,1990,13,1990-12-09,False,KAN,A,L,20,31,0,0,0,0,0,-1
Denver Broncos,DEN,1990,14,1990-12-16,False,SDG,H,W,20,10,1.0,1,0,0,0,7.0
Denver Broncos,DEN,1990,15,1990-12-23,False,SEA,A,L,12,17,1.0,1,0,0,0,4.0
Denver Broncos,DEN,1990,16,1990-12-30,False,GNB,H,W,22,13,3.0,1,0,0,0,9.0
Detroit Lions,DET,1990,1,1990-09-09,False,TAM,H,L,21,38,0,1,0,0,0,-2
Detroit Lions,DET,1990,2,1990-09-16,False,ATL,H,W,21,14,3.0,0,0,0,0,4.0
Detroit Lions,DET,1990,3,1990-09-23,False,TAM,A,L,20,23,1.0,0,0,0,0,1.0
Detroit Lions,DET,1990,4,1990-09-30,False,GNB,H,L,21,24,4.0,0,0,0,0,4.0
Detroit Lions,DET,1990,5,1990-10-07,False,MIN,A,W,34,27,5.0,1,0,0,0,7.0
Detroit Lions,DET,1990,6,1990-10-14,False,KAN,A,L,24,43,0,0,0,0,0,-4
Detroit Lions,DET,1990,7,1990-10-28,False,NOR,A,W,27,10,3.0,4,0,0,0,15.0
Detroit Lions,DET,1990,8,1990-11-04,False,WAS,H,L,38,41,6.0,3,0,0,0,8.0
Detroit Lions,DET,1990,9,1990-11-11,False,MIN,H,L,7,17,3.0,1,0,0,0,6.0
Detroit Lions,DET,1990,10,1990-11-18,False,NYG,A,L,0,20,0,0,0,0,0,1
Detroit Lions,DET,1990,11,1990-11-22,False,DEN,H,W,40,27,3.0,1,0,0,0,5.0
Detroit Lions,DET,1990,12,1990-12-02,False,CHI,A,L,17,23,2.0,0,0,0,0,2.0
Detroit Lions,DET,1990,13,1990-12-10,False,RAI,H,L,31,38,2.0,2,0,0,0,2.0
Detroit Lions,DET,1990,14,1990-12-16,False,CHI,H,W,38,21,6.0,1,0,0,0,8.0
Detroit Lions,DET,1990,15,1990-12-22,False,GNB,A,W,24,17,1.0,1,0,0,0,4.0
Detroit Lions,DET,1990,16,1990-12-30,False,SEA,A,L,10,30,2.0,2,0,0,0,5.0
Green Bay Packers,GNB,1990,1,1990-09-09,False,RAM,H,W,36,24,3.0,2,0,0,0,7.0
Green Bay Packers,GNB,1990,2,1990-09-16,False,CHI,H,L,13,31,2.0,1,0,0,0,3.0
Green Bay Packers,GNB,1990,3,1990-09-23,False,KAN,H,L,3,17,1.0,0,0,0,0,2.0
Green Bay Packers,GNB,1990,4,1990-09-30,False,DET,A,W,24,21,1.0,0,0,0,0,1.0
Green Bay Packers,GNB,1990,5,1990-10-07,False,CHI,A,L,13,27,3.0,1,0,0,0,5.0
Green Bay Packers,GNB,1990,6,1990-10-14,False,TAM,A,L,14,26,4.0,0,0,0,0,4.0
Green Bay Packers,GNB,1990,7,1990-10-28,False,MIN,H,W,24,10,1.0,5,0,0,0,15.0
Green Bay Packers,GNB,1990,8,1990-11-04,False,SFO,H,L,20,24,0,0,0,0,0,0
Green Bay Packers,GNB,1990,9,1990-11-11,False,RAI,A,W,29,16,5.0,3,0,0,0,12.0
Green Bay Packers,GNB,1990,10,1990-11-18,False,PHO,A,W,24,21,1.0,1,0,0,0,3.0
Green Bay Packers,GNB,1990,11,1990-11-25,False,TAM,H,W,20,10,2.0,0,0,0,0,6.0
Green Bay Packers,GNB,1990,12,1990-12-02,False,MIN,A,L,7,23,1.0,0,0,0,0,1.0
Green Bay Packers,GNB,1990,13,1990-12-09,False,SEA,H,L,14,20,0.0,1,0,0,0,3
Green Bay Packers,GNB,1990,14,1990-12-16,False,PHI,A,L,0,31,1.0,0,0,0,0,0.0
Green Bay Packers,GNB,1990,15,1990-12-22,False,DET,H,L,17,24,0,1,0,0,1,8
Green Bay Packers,GNB,1990,16,1990-12-30,False,DEN,A,L,13,22,2.0,1,0,0,0,4.0
Houston Oilers,HOU,1990,1,1990-09-09,False,ATL,A,L,27,47,3.0,1,0,0,0,1.0
Houston Oilers,HOU,1990,2,1990-09-16,False,PIT,A,L,9,20,4.0,0,0,0,0,5.0
Houston Oilers,HOU,1990,3,1990-09-23,False,IND,H,W,24,10,3.0,2,0,0,0,11.0
Houston Oilers,HOU,1990,4,1990-09-30,False,SDG,A,W,17,7,1.0,2,0,0,0,9.0
Houston Oilers,HOU,1990,5,1990-10-07,False,SFO,H,L,21,24,2.0,1,0,0,0,4.0
Houston Oilers,HOU,1990,6,1990-10-14,False,CIN,H,W,48,17,2.0,3,0,0,0,9.0
Houston Oilers,HOU,1990,7,1990-10-21,False,NOR,H,W,23,10,4.0,1,0,0,0,10.0
Houston Oilers,HOU,1990,8,1990-10-28,False,NYJ,H,L,12,17,0,1,0,0,0,3
Houston Oilers,HOU,1990,9,1990-11-04,False,RAM,A,L,13,17,3.0,1,0,0,0,6.0
Houston Oilers,HOU,1990,10,1990-11-18,False,CLE,A,W,35,23,3.0,2,0,0,0,7.0
Houston Oilers,HOU,1990,11,1990-11-26,False,BUF,H,W,27,24,2.0,1,0,0,0,4.0
Houston Oilers,HOU,1990,12,1990-12-02,False,SEA,A,L,10,13,2.0,1,0,0,0,8.0
Houston Oilers,HOU,1990,13,1990-12-09,False,CLE,H,W,58,14,4.0,2,0,0,0,9.0
Houston Oilers,HOU,1990,14,1990-12-16,False,KAN,A,W,27,10,1.0,2,0,0,0,9.0
Houston Oilers,HOU,1990,15,1990-12-23,False,CIN,A,L,20,40,2.0,0,0,0,0,-2.0
Houston Oilers,HOU,1990,16,1990-12-30,False,PIT,H,W,34,14,2.0,1,0,0,0,5.0
Houston Oilers,HOU,1990,17,1991-01-06,True,CIN,A,L,14,41,0,0,0,0,0,-4
Indianapolis Colts,IND,1990,1,1990-09-09,False,BUF,A,L,10,26,0,0,0,0,0,0
Indianapolis Colts,IND,1990,2,1990-09-16,False,NWE,H,L,14,16,0.0,1,0,0,0,3
Indianapolis Colts,IND,1990,3,1990-09-23,False,HOU,A,L,10,24,1.0,1,0,0,0,3.0
Indianapolis Colts,IND,1990,4,1990-09-30,False,PHI,A,W,24,23,1.0,0,0,0,0,1.0
Indianapolis Colts,IND,1990,5,1990-10-07,False,KAN,H,W,23,19,4.0,3,0,0,0,11.0
Indianapolis Colts,IND,1990,6,1990-10-21,False,DEN,H,L,17,27,3.0,0,0,0,0,3.0
Indianapolis Colts,IND,1990,7,1990-10-28,False,MIA,H,L,7,27,2.0,0,0,0,0,2.0
Indianapolis Colts,IND,1990,8,1990-11-05,False,NYG,H,L,7,24,2.0,1,0,0,0,4.0
Indianapolis Colts,IND,1990,9,1990-11-11,False,NWE,A,W,13,10,3.0,0,0,0,0,7.0
Indianapolis Colts,IND,1990,10,1990-11-18,False,NYJ,H,W,17,14,2.0,0,0,0,0,3.0
Indianapolis Colts,IND,1990,11,1990-11-25,False,CIN,A,W,34,20,2.0,1,0,0,0,5.0
Indianapolis Colts,IND,1990,12,1990-12-02,False,PHO,A,L,17,20,2.0,0,0,0,0,3.0
Indianapolis Colts,IND,1990,13,1990-12-09,False,BUF,H,L,7,31,2.0,0,0,0,0,1.0
Indianapolis Colts,IND,1990,14,1990-12-16,False,NYJ,A,W,29,21,3.0,0,0,0,0,3.0
Indianapolis Colts,IND,1990,15,1990-12-22,False,WAS,H,W,35,28,1.0,2,0,0,0,4.0
Indianapolis Colts,IND,1990,16,1990-12-30,False,MIA,A,L,17,23,0,0,0,0,0,0
Kansas City Chiefs,KAN,1990,1,1990-09-09,False,MIN,H,W,24,21,3.0,1,0,0,0,5.0
Kansas City Chiefs,KAN,1990,2,1990-09-17,False,DEN,A,L,23,24,2.0,0,0,0,0,2.0
Kansas City Chiefs,KAN,1990,3,1990-09-23,False,GNB,A,W,17,3,6.0,2,0,0,0,17.0
Kansas City Chiefs,KAN,1990,4,1990-09-30,False,CLE,H,W,34,0,2.0,1,0,0,0,14.0
Kansas City Chiefs,KAN,1990,5,1990-10-07,False,IND,A,L,19,23,7.0,2,0,0,0,11.0
Kansas City Chiefs,KAN,1990,6,1990-10-14,False,DET,H,W,43,24,4.0,1,0,0,0,6.0
Kansas City Chiefs,KAN,1990,7,1990-10-21,False,SEA,A,L,7,19,1.0,4,0,0,0,10.0
Kansas City Chiefs,KAN,1990,8,1990-11-04,False,RAI,H,W,9,7,1.0,1,0,0,0,7.0
Kansas City Chiefs,KAN,1990,9,1990-11-11,False,SEA,H,L,16,17,9.0,0,0,0,0,10.0
Kansas City Chiefs,KAN,1990,10,1990-11-18,False,SDG,H,W,27,10,2.0,3,0,0,0,12.0
Kansas City Chiefs,KAN,1990,11,1990-11-25,False,RAI,A,W,27,24,5.0,0,0,0,0,5.0
Kansas City Chiefs,KAN,1990,12,1990-12-02,False,NWE,A,W,37,7,6.0,2,0,0,0,14.0
Kansas City Chiefs,KAN,1990,13,1990-12-09,False,DEN,H,W,31,20,5.0,1,0,0,0,8.0
Kansas City Chiefs,KAN,1990,14,1990-12-16,False,HOU,H,L,10,27,3.0,0,0,0,0,3.0
Kansas City Chiefs,KAN,1990,15,1990-12-23,False,SDG,A,W,24,21,2.0,2,0,0,0,6.0
Kansas City Chiefs,KAN,1990,16,1990-12-29,False,CHI,A,W,21,10,2.0,0,0,0,0,6.0
Kansas City Chiefs,KAN,1990,17,1991-01-05,True,MIA,A,L,16,17,2.0,0,0,0,0,3.0
Miami Dolphins,MIA,1990,1,1990-09-09,False,NWE,A,W,27,24,4.0,0,0,0,0,4.0
Miami Dolphins,MIA,1990,2,1990-09-16,False,BUF,H,W,30,7,3.0,1,0,0,0,9.0
Miami Dolphins,MIA,1990,3,1990-09-23,False,NYG,A,L,3,20,1.0,0,0,0,0,2.0
Miami Dolphins,MIA,1990,4,1990-09-30,False,PIT,A,W,28,6,5.0,3,0,0,0,18.0
Miami Dolphins,MIA,1990,5,1990-10-07,False,NYJ,H,W,20,16,4.0,0,0,0,0,5.0
Miami Dolphins,MIA,1990,6,1990-10-18,False,NWE,H,W,17,10,5.0,0,0,0,0,9.0
Miami Dolphins,MIA,1990,7,1990-10-28,False,IND,A,W,27,7,3.0,3,0,0,0,13.0
Miami Dolphins,MIA,1990,8,1990-11-04,False,PHO,H,W,23,3,5.0,1,0,0,0,14.0
Miami Dolphins,MIA,1990,9,1990-11-11,False,NYJ,A,W,17,3,5.0,2,0,0,0,16.0
Miami Dolphins,MIA,1990,10,1990-11-19,False,RAI,H,L,10,13,0,0,0,0,0,4
Miami Dolphins,MIA,1990,11,1990-11-25,False,CLE,A,W,30,13,1.0,2,0,0,0,9.0
Miami Dolphins,MIA,1990,12,1990-12-02,False,WAS,A,L,20,42,0.0,1,0,0,0,-2
Miami Dolphins,MIA,1990,13,1990-12-09,False,PHI,H,W,23,20,2.0,1,0,0,0,5.0
Miami Dolphins,MIA,1990,14,1990-12-16,False,SEA,H,W,24,17,3.0,3,0,0,0,10.0
Miami Dolphins,MIA,1990,15,1990-12-23,False,BUF,A,L,14,24,1.0,0,0,0,0,1.0
Miami Dolphins,MIA,1990,16,1990-12-30,False,IND,H,W,23,17,3.0,2,0,0,0,8.0
Miami Dolphins,MIA,1990,17,1991-01-05,True,KAN,H,W,17,16,1.0,1,0,0,0,4.0
Miami Dolphins,MIA,1990,18,1991-01-12,True,BUF,A,L,34,44,0.0,1,0,0,0,-2
Minnesota Vikings,MIN,1990,1,1990-09-09,False,KAN,A,L,21,24,1.0,0,0,0,0,1.0
Minnesota Vikings,MIN,1990,2,1990-09-16,False,NOR,H,W,32,3,3.0,4,0,0,0,18.0
Minnesota Vikings,MIN,1990,3,1990-09-23,False,CHI,A,L,16,19,1.0,1,0,0,0,4.0
Minnesota Vikings,MIN,1990,4,1990-09-30,False,TAM,H,L,20,23,2.0,0,0,0,0,2.0
Minnesota Vikings,MIN,1990,5,1990-10-07,False,DET,H,L,27,34,3.0,2,0,0,0,6.0
Minnesota Vikings,MIN,1990,6,1990-10-15,False,PHI,A,L,24,32,5.0,1,0,0,0,6.0
Minnesota Vikings,MIN,1990,7,1990-10-28,False,GNB,A,L,10,24,6.0,0,0,0,0,6.0
Minnesota Vikings,MIN,1990,8,1990-11-04,False,DEN,H,W,27,22,3.0,3,0,0,0,9.0
Minnesota Vikings,MIN,1990,9,1990-11-11,False,DET,A,W,17,7,1.0,4,0,0,0,13.0
Minnesota Vikings,MIN,1990,10,1990-11-18,False,SEA,A,W,24,21,1.0,1,0,0,0,3.0
Minnesota Vikings,MIN,1990,11,1990-11-25,False,CHI,H,W,41,13,7.0,0,0,0,0,11.0
Minnesota Vikings,MIN,1990,12,1990-12-02,False,GNB,H,W,23,7,4.0,3,0,0,0,14.0
Minnesota Vikings,MIN,1990,13,1990-12-09,False,NYG,A,L,15,23,1.0,0,0,0,0,1.0
Minnesota Vikings,MIN,1990,14,1990-12-16,False,TAM,A,L,13,26,2.0,2,0,0,0,6.0
Minnesota Vikings,MIN,1990,15,1990-12-22,False,RAI,H,L,24,28,0,0,0,0,0,-1
Minnesota Vikings,MIN,1990,16,1990-12-30,False,SFO,H,L,17,20,6.0,1,0,0,0,9.0
New Orleans Saints,NOR,1990,1,1990-09-10,False,SFO,H,L,12,13,6.0,1,0,0,0,12.0
New Orleans Saints,NOR,1990,2,1990-09-16,False,MIN,A,L,3,32,4.0,0,0,0,0,3.0
New Orleans Saints,NOR,1990,3,1990-09-23,False,PHO,H,W,28,7,1.0,1,0,0,0,7.0
New Orleans Saints,NOR,1990,4,1990-10-07,False,ATL,A,L,27,28,0.0,1,0,0,0,1
New Orleans Saints,NOR,1990,5,1990-10-14,False,CLE,H,W,25,20,2.0,0,0,0,0,3.0
New Orleans Saints,NOR,1990,6,1990-10-21,False,HOU,A,L,10,23,0,0,0,0,0,0
New Orleans Saints,NOR,1990,7,1990-10-28,False,DET,H,L,10,27,5.0,0,0,0,0,5.0
New Orleans Saints,NOR,1990,8,1990-11-04,False,CIN,A,W,21,7,3.0,0,0,0,0,7.0
New Orleans Saints,NOR,1990,9,1990-11-11,False,TAM,H,W,35,7,6.0,2,0,0,0,14.0
New Orleans Saints,NOR,1990,10,1990-11-18,False,WAS,A,L,17,31,0.0,0,0,0,0,-1
New Orleans Saints,NOR,1990,11,1990-11-25,False,ATL,H,W,10,7,4.0,0,0,0,0,8.0
New Orleans Saints,NOR,1990,12,1990-12-02,False,DAL,A,L,13,17,2.0,0,0,0,0,3.0
New Orleans Saints,NOR,1990,13,1990-12-09,False,RAM,A,W,24,20,3.0,2,0,0,0,8.0
New Orleans Saints,NOR,1990,14,1990-12-16,False,PIT,H,L,6,9,0.0,1,0,0,0,6
New Orleans Saints,NOR,1990,15,1990-12-23,False,SFO,A,W,13,10,4.0,0,0,0,0,8.0
New Orleans Saints,NOR,1990,16,1990-12-31,False,RAM,H,W,20,17,2.0,0,0,0,0,3.0
New Orleans Saints,NOR,1990,17,1991-01-06,True,CHI,A,L,6,16,2.0,0,0,0,0,3.0
New England Patriots,NWE,1990,1,1990-09-09,False,MIA,H,L,24,27,0.0,3,0,0,0,6
New England Patriots,NWE,1990,2,1990-09-16,False,IND,A,W,16,14,2.0,4,0,0,0,11.0
New England Patriots,NWE,1990,3,1990-09-23,False,CIN,A,L,7,41,7.0,2,0,0,0,7.0
New England Patriots,NWE,1990,4,1990-09-30,False,NYJ,H,L,13,37,1.0,1,0,0,0,-1.0
New England Patriots,NWE,1990,5,1990-10-07,False,SEA,H,L,20,33,3.0,1,0,0,0,4.0
New England Patriots,NWE,1990,6,1990-10-18,False,MIA,A,L,10,17,2.0,1,0,0,0,5.0
New England Patriots,NWE,1990,7,1990-10-28,False,BUF,H,L,10,27,2.0,0,0,0,0,2.0
New England Patriots,NWE,1990,8,1990-11-04,False,PHI,A,L,20,48,3.0,0,0,0,0,-1.0
New England Patriots,NWE,1990,9,1990-11-11,False,IND,H,L,10,13,1.0,0,0,0,0,5.0
New England Patriots,NWE,1990,10,1990-11-18,False,BUF,A,L,0,14,2.0,0,0,0,0,3.0
New England Patriots,NWE,1990,11,1990-11-25,False,PHO,A,L,14,34,4.0,0,0,0,0,3.0
New England Patriots,NWE,1990,12,1990-12-02,False,KAN,H,L,7,37,1.0,0,0,0,0,-3.0
New England Patriots,NWE,1990,13,1990-12-09,False,PIT,A,L,3,24,1.0,1,0,0,0,3.0
New England Patriots,NWE,1990,14,1990-12-15,False,WAS,H,L,10,25,0.0,1,0,0,0,2
New England Patriots,NWE,1990,15,1990-12-23,False,NYJ,A,L,7,42,1.0,0,0,0,0,-3.0
New England Patriots,NWE,1990,16,1990-12-30,False,NYG,H,L,10,13,3.0,0,0,0,0,7.0
New York Giants,NYG,1990,1,1990-09-09,False,PHI,H,W,27,20,4.0,3,0,0,1,17.0
New York Giants,NYG,1990,2,1990-09-16,False,DAL,A,W,28,7,2.0,2,0,0,0,10.0
New York Giants,NYG,1990,3,1990-09-23,False,MIA,H,W,20,3,1.0,2,0,0,0,12.0
New York Giants,NYG,1990,4,1990-09-30,False,DAL,H,W,31,17,0,1,0,0,0,3
New York Giants,NYG,1990,5,1990-10-14,False,WAS,A,W,24,20,0.0,3,0,0,0,7
New York Giants,NYG,1990,6,1990-10-21,False,PHO,H,W,20,19,2.0,0,0,0,0,3.0
New York Giants,NYG,1990,7,1990-10-28,False,WAS,H,W,21,10,3.0,3,0,0,0,13.0
New York Giants,NYG,1990,8,1990-11-05,False,IND,A,W,24,7,3.0,0,0,0,0,7.0
New York Giants,NYG,1990,9,1990-11-11,False,RAM,A,W,31,7,2.0,3,0,0,0,12.0
New York Giants,NYG,1990,10,1990-11-18,False,DET,H,W,20,0,4.0,1,0,0,0,16.0
New York Giants,NYG,1990,11,1990-11-25,False,PHI,A,L,13,31,1.0,0,0,0,0,0.0
New York Giants,NYG,1990,12,1990-12-03,False,SFO,A,L,3,7,0,0,0,0,0,4
New York Giants,NYG,1990,13,1990-12-09,False,MIN,H,W,23,15,3.0,2,0,0,0,8.0
New York Giants,NYG,1990,14,1990-12-15,False,BUF,H,L,13,17,2.0,0,0,0,0,3.0
New York Giants,NYG,1990,15,1990-12-23,False,PHO,A,W,24,21,3.0,2,0,0,0,7.0
New York Giants,NYG,1990,16,1990-12-30,False,NWE,A,W,13,10,0,1,0,0,0,6
New York Giants,NYG,1990,17,1991-01-13,True,CHI,H,W,31,3,0.0,2,0,0,0,11
New York Giants,NYG,1990,18,1991-01-20,True,SFO,A,W,15,13,3.0,0,0,0,0,7.0
New York Giants,NYG,1990,19,1991-01-27,True,BUF,N,W,20,19,1.0,0,0,0,0,2.0
New York Jets,NYJ,1990,1,1990-09-09,False,CIN,A,L,20,25,1.0,2,0,0,0,5.0
New York Jets,NYJ,1990,2,1990-09-16,False,CLE,H,W,24,21,3.0,0,0,0,0,3.0
New York Jets,NYJ,1990,3,1990-09-24,False,BUF,H,L,7,30,2.0,1,0,0,0,3.0
New York Jets,NYJ,1990,4,1990-09-30,False,NWE,A,W,37,13,2.0,4,0,0,0,14.0
New York Jets,NYJ,1990,5,1990-10-07,False,MIA,A,L,16,20,0,0,0,0,0,1
New York Jets,NYJ,1990,6,1990-10-14,False,SDG,H,L,3,39,2.0,0,0,0,0,-2.0
New York Jets,NYJ,1990,7,1990-10-21,False,BUF,A,L,27,30,2.0,1,0,0,0,3.0
New York Jets,NYJ,1990,8,1990-10-28,False,HOU,A,W,17,12,5.0,0,0,0,0,9.0
New York Jets,NYJ,1990,9,1990-11-04,False,DAL,H,W,24,9,3.0,2,0,0,1,17.0
New York Jets,NYJ,1990,10,1990-11-11,False,MIA,H,L,3,17,0,1,0,0,0,3
New York Jets,NYJ,1990,11,1990-11-18,False,IND,A,L,14,17,4.0,1,0,0,0,7.0
New York Jets,NYJ,1990,12,1990-11-25,False,PIT,H,L,7,24,2.0,2,0,0,0,6.0
New York Jets,NYJ,1990,13,1990-12-02,False,SDG,A,L,17,38,0.0,1,0,0,0,-2
New York Jets,NYJ,1990,14,1990-12-16,False,IND,H,L,21,29,3.0,0,0,0,0,2.0
New York Jets,NYJ,1990,15,1990-12-23,False,NWE,H,W,42,7,6.0,1,0,0,0,12.0
New York Jets,NYJ,1990,16,1990-12-30,False,TAM,A,W,16,14,3.0,2,0,0,0,8.0
Philadelphia Eagles,PHI,1990,1,1990-09-09,False,NYG,A,L,20,27,1.0,1,0,0,0,3.0
Philadelphia Eagles,PHI,1990,2,1990-09-16,False,PHO,H,L,21,23,6.0,1,0,0,0,8.0
Philadelphia Eagles,PHI,1990,3,1990-09-23,False,RAM,A,W,27,21,2.0,1,0,0,0,4.0
Philadelphia Eagles,PHI,1990,4,1990-09-30,False,IND,H,L,23,24,3.0,1,0,0,0,5.0
Philadelphia Eagles,PHI,1990,5,1990-10-15,False,MIN,H,W,32,24,5.0,2,0,0,0,9.0
Philadelphia Eagles,PHI,1990,6,1990-10-21,False,WAS,A,L,7,13,0,0,0,0,0,4
Philadelphia Eagles,PHI,1990,7,1990-10-28,False,DAL,A,W,21,20,2.0,1,0,0,0,5.0
Philadelphia Eagles,PHI,1990,8,1990-11-04,False,NWE,H,W,48,20,4.0,1,0,0,0,7.0
Philadelphia Eagles,PHI,1990,9,1990-11-12,False,WAS,H,W,28,14,4.0,2,0,0,0,9.0
Philadelphia Eagles,PHI,1990,10,1990-11-18,False,ATL,A,W,24,23,2.0,0,0,0,0,2.0
Philadelphia Eagles,PHI,1990,11,1990-11-25,False,NYG,H,W,31,13,2.0,2,0,0,0,10.0
Philadelphia Eagles,PHI,1990,12,1990-12-02,False,BUF,A,L,23,30,0.0,1,0,0,0,1
Philadelphia Eagles,PHI,1990,13,1990-12-09,False,MIA,A,L,20,23,2.0,0,0,0,0,2.0
Philadelphia Eagles,PHI,1990,14,1990-12-16,False,GNB,H,W,31,0,5.0,1,0,0,0,17.0
Philadelphia Eagles,PHI,1990,15,1990-12-23,False,DAL,H,W,17,3,2.0,4,0,0,0,17.0
Philadelphia Eagles,PHI,1990,16,1990-12-29,False,PHO,A,W,23,21,5.0,1,0,0,0,7.0
Philadelphia Eagles,PHI,1990,17,1991-01-05,True,WAS,H,L,6,20,0,1,0,0,0,3
Phoenix Cardinals,PHO,1990,1,1990-09-09,False,WAS,A,L,0,31,1.0,0,0,0,0,0.0
Phoenix Cardinals,PHO,1990,2,1990-09-16,False,PHI,A,W,23,21,4.0,2,0,0,0,8.0
Phoenix Cardinals,PHO,1990,3,1990-09-23,False,NOR,A,L,7,28,1.0,1,0,0,0,2.0
Phoenix Cardinals,PHO,1990,4,1990-09-30,False,WAS,H,L,10,38,0,0,0,0,0,-4
Phoenix Cardinals,PHO,1990,5,1990-10-14,False,DAL,H,W,20,3,4.0,2,0,0,0,15.0
Phoenix Cardinals,PHO,1990,6,1990-10-21,False,NYG,A,L,19,20,5.0,1,0,0,0,8.0
Phoenix Cardinals,PHO,1990,7,1990-10-28,False,CHI,H,L,21,31,1.0,1,0,0,0,2.0
Phoenix Cardinals,PHO,1990,8,1990-11-04,False,MIA,A,L,3,23,0,0,0,0,0,0
Phoenix Cardinals,PHO,1990,9,1990-11-11,False,BUF,A,L,14,45,1.0,1,0,0,0,-1.0
Phoenix Cardinals,PHO,1990,10,1990-11-18,False,GNB,H,L,21,24,3.0,2,0,0,0,7.0
Phoenix Cardinals,PHO,1990,11,1990-11-25,False,NWE,H,W,34,14,5.0,0,0,0,0,6.0
Phoenix Cardinals,PHO,1990,12,1990-12-02,False,IND,H,W,20,17,4.0,1,0,0,0,7.0
Phoenix Cardinals,PHO,1990,13,1990-12-09,False,ATL,A,W,24,13,3.0,3,0,0,0,13.0
Phoenix Cardinals,PHO,1990,14,1990-12-16,False,DAL,A,L,10,41,1.0,1,0,0,0,-1.0
Phoenix Cardinals,PHO,1990,15,1990-12-23,False,NYG,H,L,21,24,2.0,0,0,0,0,2.0
Phoenix Cardinals,PHO,1990,16,1990-12-29,False,PHI,H,L,21,23,1.0,1,0,0,0,3.0
Pittsburgh Steelers,PIT,1990,1,1990-09-09,False,CLE,A,L,3,13,7.0,0,0,0,0,11.0
Pittsburgh Steelers,PIT,1990,2,1990-09-16,False,HOU,H,W,20,9,4.0,4,0,0,1,22.0
Pittsburgh Steelers,PIT,1990,3,1990-09-23,False,RAI,A,L,3,20,0.0,1,0,0,0,3
Pittsburgh Steelers,PIT,1990,4,1990-09-30,False,MIA,H,L,6,28,1.0,1,0,0,0,2.0
Pittsburgh Steelers,PIT,1990,5,1990-10-07,False,SDG,H,W,36,14,3.0,3,0,0,0,10.0
Pittsburgh Steelers,PIT,1990,6,1990-10-14,False,DEN,A,W,34,17,3.0,0,0,0,0,4.0
Pittsburgh Steelers,PIT,1990,7,1990-10-21,False,SFO,A,L,7,27,1.0,2,0,0,0,5.0
Pittsburgh Steelers,PIT,1990,8,1990-10-29,False,RAM,H,W,41,10,1.0,2,0,0,0,9.0
Pittsburgh Steelers,PIT,1990,9,1990-11-04,False,ATL,H,W,21,9,2.0,3,0,0,0,12.0
Pittsburgh Steelers,PIT,1990,10,1990-11-18,False,CIN,A,L,3,27,0,1,0,0,0,2
Pittsburgh Steelers,PIT,1990,11,1990-11-25,False,NYJ,A,W,24,7,2.0,2,0,0,0,10.0
Pittsburgh Steelers,PIT,1990,12,1990-12-02,False,CIN,H,L,12,16,2.0,2,0,0,0,7.0
Pittsburgh Steelers,PIT,1990,13,1990-12-09,False,NWE,H,W,24,3,3.0,1,0,0,0,12.0
Pittsburgh Steelers,PIT,1990,14,1990-12-16,False,NOR,A,W,9,6,0,0,0,0,0,7
Pittsburgh Steelers,PIT,1990,15,1990-12-23,False,CLE,H,W,35,0,2.0,1,0,0,0,14.0
Pittsburgh Steelers,PIT,1990,16,1990-12-30,False,HOU,A,L,14,34,3.0,1,0,0,0,4.0
Los Angeles Raiders,RAI,1990,1,1990-09-09,False,DEN,H,W,14,9,4.0,2,0,0,0,12.0
Los Angeles Raiders,RAI,1990,2,1990-09-16,False,SEA,A,W,17,13,1.0,1,0,0,0,7.0
Los Angeles Raiders,RAI,1990,3,1990-09-23,False,PIT,H,W,20,3,6.0,1,0,0,0,15.0
Los Angeles Raiders,RAI,1990,4,1990-09-30,False,CHI,H,W,24,10,6.0,0,0,0,0,10.0
Los Angeles Raiders,RAI,1990,5,1990-10-07,False,BUF,A,L,24,38,0,2,0,0,0,0
Los Angeles Raiders,RAI,1990,6,1990-10-14,False,SEA,H,W,24,17,3.0,0,0,0,0,4.0
Los Angeles Raiders,RAI,1990,7,1990-10-21,False,SDG,A,W,24,9,2.0,0,0,0,0,6.0
Los Angeles Raiders,RAI,1990,8,1990-11-04,False,KAN,A,L,7,9,2.0,0,0,0,0,6.0
Los Angeles Raiders,RAI,1990,9,1990-11-11,False,GNB,H,L,16,29,8.0,1,0,0,0,9.0
Los Angeles Raiders,RAI,1990,10,1990-11-19,False,MIA,A,W,13,10,2.0,0,0,0,0,6.0
Los Angeles Raiders,RAI,1990,11,1990-11-25,False,KAN,H,L,24,27,1.0,0,0,0,0,1.0
Los Angeles Raiders,RAI,1990,12,1990-12-02,False,DEN,A,W,23,20,2.0,1,0,0,0,5.0
Los Angeles Raiders,RAI,1990,13,1990-12-10,False,DET,A,W,38,31,4.0,1,0,0,0,5.0
Los Angeles Raiders,RAI,1990,14,1990-12-16,False,CIN,H,W,24,7,1.0,2,0,0,0,9.0
Los Angeles Raiders,RAI,1990,15,1990-12-22,False,MIN,A,W,28,24,5.0,1,0,0,0,7.0
Los Angeles Raiders,RAI,1990,16,1990-12-30,False,SDG,H,W,17,12,1.0,1,0,0,0,7.0
Los Angeles Raiders,RAI,1990,17,1991-01-13,True,CIN,H,W,20,10,4.0,0,0,0,0,8.0
Los Angeles Raiders,RAI,1990,18,1991-01-20,True,BUF,A,L,3,51,0.0,1,0,0,0,-2
Los Angeles Rams,RAM,1990,1,1990-09-09,False,GNB,A,L,24,36,2.0,0,0,0,0,-2.0
Los Angeles Rams,RAM,1990,2,1990-09-16,False,TAM,A,W,35,14,2.0,1,0,0,0,5.0
Los Angeles Rams,RAM,1990,3,1990-09-23,False,PHI,H,L,21,27,3.0,1,0,0,0,5.0
Los Angeles Rams,RAM,1990,4,1990-10-07,False,CIN,H,L,31,34,1.0,0,0,0,0,0.0
Los Angeles Rams,RAM,1990,5,1990-10-14,False,CHI,A,L,9,38,0,0,0,0,0,-4
Los Angeles Rams,RAM,1990,6,1990-10-21,False,ATL,H,W,44,24,4.0,1,0,0,0,6.0
Los Angeles Rams,RAM,1990,7,1990-10-29,False,PIT,A,L,10,41,1.0,1,0,0,1,5.0
Los Angeles Rams,RAM,1990,8,1990-11-04,False,HOU,H,W,17,13,1.0,2,0,0,0,9.0
Los Angeles Rams,RAM,1990,9,1990-11-11,False,NYG,H,L,7,31,3.0,0,0,0,0,2.0
Los Angeles Rams,RAM,1990,10,1990-11-18,False,DAL,H,L,21,24,1.0,1,0,0,0,3.0
Los Angeles Rams,RAM,1990,11,1990-11-25,False,SFO,A,W,28,17,2.0,3,0,0,0,9.0
Los Angeles Rams,RAM,1990,12,1990-12-02,False,CLE,A,W,38,23,4.0,0,0,0,0,4.0
Los Angeles Rams,RAM,1990,13,1990-12-09,False,NOR,H,L,20,24,1.0,2,0,0,0,5.0
Los Angeles Rams,RAM,1990,14,1990-12-17,False,SFO,H,L,10,26,3.0,0,0,0,0,3.0
Los Angeles Rams,RAM,1990,15,1990-12-23,False,ATL,A,L,13,20,2.0,0,0,0,0,3.0
Los Angeles Rams,RAM,1990,16,1990-12-31,False,NOR,A,L,17,20,0,0,0,0,0,1
San Diego Chargers,SDG,1990,1,1990-09-09,False,DAL,A,L,14,17,5.0,1,0,0,0,8.0
San Diego Chargers,SDG,1990,2,1990-09-16,False,CIN,H,L,16,21,3.0,3,0,0,0,9.0
San Diego Chargers,SDG,1990,3,1990-09-23,False,CLE,A,W,24,14,3.0,3,0,0,0,10.0
San Diego Chargers,SDG,1990,4,1990-09-30,False,HOU,H,L,7,17,3.0,1,0,0,0,6.0
San Diego Chargers,SDG,1990,5,1990-10-07,False,PIT,A,L,14,36,2.0,0,0,0,0,-2.0
San Diego Chargers,SDG,1990,6,1990-10-14,False,NYJ,A,W,39,3,4.0,1,0,0,0,13.0
San Diego Chargers,SDG,1990,7,1990-10-21,False,RAI,H,L,9,24,1.0,1,0,0,0,3.0
San Diego Chargers,SDG,1990,8,1990-10-28,False,TAM,H,W,41,10,4.0,4,0,0,0,16.0
San Diego Chargers,SDG,1990,9,1990-11-04,False,SEA,A,W,31,14,4.0,1,0,0,1,13.0
San Diego Chargers,SDG,1990,10,1990-11-11,False,DEN,H,W,19,7,3.0,2,0,0,0,11.0
San Diego Chargers,SDG,1990,11,1990-11-18,False,KAN,A,L,10,27,1.0,0,0,0,0,1.0
San Diego Chargers,SDG,1990,12,1990-11-25,False,SEA,H,L,10,13,3.0,0,0,0,0,7.0
San Diego Chargers,SDG,1990,13,1990-12-02,False,NYJ,H,W,38,17,2.0,2,0,0,0,7.0
San Diego Chargers,SDG,1990,14,1990-12-16,False,DEN,A,L,10,20,3.0,0,0,0,0,4.0
San Diego Chargers,SDG,1990,15,1990-12-23,False,KAN,H,L,21,24,0.0,0,0,0,1,6
San Diego Chargers,SDG,1990,16,1990-12-30,False,RAI,A,L,12,17,3.0,0,0,0,0,4.0
Seattle Seahawks,SEA,1990,1,1990-09-09,False,CHI,A,L,0,17,1.0,1,0,0,0,4.0
Seattle Seahawks,SEA,1990,2,1990-09-16,False,RAI,H,L,13,17,1.0,0,0,0,0,2.0
Seattle Seahawks,SEA,1990,3,1990-09-23,False,DEN,A,L,31,34,2.0,0,0,0,0,1.0
Seattle Seahawks,SEA,1990,4,1990-10-01,False,CIN,H,W,31,16,3.0,1,0,0,0,6.0
Seattle Seahawks,SEA,1990,5,1990-10-07,False,NWE,A,W,33,20,2.0,2,0,0,0,7.0
Seattle Seahawks,SEA,1990,6,1990-10-14,False,RAI,A,L,17,24,1.0,0,0,0,0,1.0
Seattle Seahawks,SEA,1990,7,1990-10-21,False,KAN,H,W,19,7,3.0,0,0,0,0,7.0
Seattle Seahawks,SEA,1990,8,1990-11-04,False,SDG,H,L,14,31,0,0,0,0,0,-1
Seattle Seahawks,SEA,1990,9,1990-11-11,False,KAN,A,W,17,16,1.0,0,0,0,0,2.0
Seattle Seahawks,SEA,1990,10,1990-11-18,False,MIN,H,L,21,24,3.0,0,0,0,0,3.0
Seattle Seahawks,SEA,1990,11,1990-11-25,False,SDG,A,W,13,10,1.0,2,0,0,0,9.0
Seattle Seahawks,SEA,1990,12,1990-12-02,False,HOU,H,W,13,10,2.0,1,0,0,0,8.0
Seattle Seahawks,SEA,1990,13,1990-12-09,False,GNB,A,W,20,14,4.0,1,0,0,0,7.0
Seattle Seahawks,SEA,1990,14,1990-12-16,False,MIA,A,L,17,24,1.0,1,0,0,0,3.0
Seattle Seahawks,SEA,1990,15,1990-12-23,False,DEN,H,W,17,12,3.0,2,0,0,0,11.0
Seattle Seahawks,SEA,1990,16,1990-12-30,False,DET,H,W,30,10,5.0,1,0,0,0,11.0
San Francisco 49ers,SFO,1990,1,1990-09-10,False,NOR,A,W,13,12,1.0,3,0,0,0,11.0
San Francisco 49ers,SFO,1990,2,1990-09-16,False,WAS,H,W,26,13,0,0,0,0,0,4
San Francisco 49ers,SFO,1990,3,1990-09-23,False,ATL,H,W,19,13,4.0,2,0,0,0,12.0
San Francisco 49ers,SFO,1990,4,1990-10-07,False,HOU,A,W,24,21,3.0,0,0,0,0,3.0
San Francisco 49ers,SFO,1990,5,1990-10-14,False,ATL,A,W,45,35,4.0,0,0,0,0,0.0
San Francisco 49ers,SFO,1990,6,1990-10-21,False,PIT,H,W,27,7,2.0,1,0,0,0,8.0
San Francisco 49ers,SFO,1990,7,1990-10-28,False,CLE,H,W,20,17,4.0,2,0,0,0,9.0
San Francisco 49ers,SFO,1990,8,1990-11-04,False,GNB,A,W,24,20,4.0,0,0,0,0,5.0
San Francisco 49ers,SFO,1990,9,1990-11-11,False,DAL,A,W,24,6,2.0,1,0,0,0,11.0
San Francisco 49ers,SFO,1990,10,1990-11-18,False,TAM,H,W,31,7,7.0,1,0,0,0,13.0
San Francisco 49ers,SFO,1990,11,1990-11-25,False,RAM,H,L,17,28,1.0,1,0,0,0,2.0
San Francisco 49ers,SFO,1990,12,1990-12-03,False,NYG,H,W,7,3,4.0,0,0,0,0,11.0
San Francisco 49ers,SFO,1990,13,1990-12-09,False,CIN,A,W,20,17,2.0,1,0,0,0,5.0
San Francisco 49ers,SFO,1990,14,1990-12-17,False,RAM,A,W,26,10,3.0,2,0,0,0,11.0
San Francisco 49ers,SFO,1990,15,1990-12-23,False,NOR,H,L,10,13,1.0,2,0,0,0,9.0
San Francisco 49ers,SFO,1990,16,1990-12-30,False,MIN,A,W,20,17,2.0,1,0,0,0,5.0
San Francisco 49ers,SFO,1990,17,1991-01-12,True,WAS,H,W,28,10,0.0,3,0,0,0,10
San Francisco 49ers,SFO,1990,18,1991-01-20,True,NYG,H,L,13,15,3.0,0,0,0,0,4.0
Tampa Bay Buccaneers,TAM,1990,1,1990-09-09,False,DET,A,W,38,21,6.0,3,0,0,0,12.0
Tampa Bay Buccaneers,TAM,1990,2,1990-09-16,False,RAM,H,L,14,35,2.0,0,0,0,0,-2.0
Tampa Bay Buccaneers,TAM,1990,3,1990-09-23,False,DET,H,W,23,20,3.0,0,0,0,0,4.0
Tampa Bay Buccaneers,TAM,1990,4,1990-09-30,False,MIN,A,W,23,20,2.0,2,0,0,0,7.0
Tampa Bay Buccaneers,TAM,1990,5,1990-10-07,False,DAL,A,L,10,14,3.0,1,0,0,0,6.0
Tampa Bay Buccaneers,TAM,1990,6,1990-10-14,False,GNB,H,W,26,14,2.0,5,0,0,0,13.0
Tampa Bay Buccaneers,TAM,1990,7,1990-10-21,False,DAL,H,L,13,17,2.0,1,0,0,0,5.0
Tampa Bay Buccaneers,TAM,1990,8,1990-10-28,False,SDG,A,L,10,41,0,0,0,0,0,-4
Tampa Bay Buccaneers,TAM,1990,9,1990-11-04,False,CHI,H,L,6,26,5.0,0,0,0,0,5.0
Tampa Bay Buccaneers,TAM,1990,10,1990-11-11,False,NOR,A,L,7,35,0,1,0,0,0,-2
Tampa Bay Buccaneers,TAM,1990,11,1990-11-18,False,SFO,A,L,7,31,1.0,1,0,0,0,2.0
Tampa Bay Buccaneers,TAM,1990,12,1990-11-25,False,GNB,A,L,10,20,2.0,0,0,0,0,3.0
Tampa Bay Buccaneers,TAM,1990,13,1990-12-02,False,ATL,H,W,23,17,1.0,3,0,0,0,8.0
Tampa Bay Buccaneers,TAM,1990,14,1990-12-16,False,MIN,H,W,26,13,2.0,5,0,0,0,16.0
Tampa Bay Buccaneers,TAM,1990,15,1990-12-23,False,CHI,A,L,14,27,2.0,3,0,0,0,8.0
Tampa Bay Buccaneers,TAM,1990,16,1990-12-30,False,NYJ,H,L,14,16,1.0,0,0,0,0,2.0
Washington Redskins,WAS,1990,1,1990-09-09,False,PHO,H,W,31,0,3.0,4,0,0,0,21.0
Washington Redskins,WAS,1990,2,1990-09-16,False,SFO,A,L,13,26,0,1,0,0,0,2
Washington Redskins,WAS,1990,3,1990-09-23,False,DAL,H,W,19,15,8.0,2,0,0,0,13.0
Washington Redskins,WAS,1990,4,1990-09-30,False,PHO,A,W,38,10,2.0,1,0,0,0,8.0
Washington Redskins,WAS,1990,5,1990-10-14,False,NYG,H,L,20,24,1.0,0,0,0,0,1.0
Washington Redskins,WAS,1990,6,1990-10-21,False,PHI,H,W,13,7,5.0,0,0,0,0,9.0
Washington Redskins,WAS,1990,7,1990-10-28,False,NYG,A,L,10,21,1.0,0,0,0,0,1.0
Washington Redskins,WAS,1990,8,1990-11-04,False,DET,A,W,41,38,2.0,0,0,0,0,-2.0
Washington Redskins,WAS,1990,9,1990-11-12,False,PHI,A,L,14,28,4.0,1,0,0,0,5.0
Washington Redskins,WAS,1990,10,1990-11-18,False,NOR,H,W,31,17,0.0,3,0,0,0,7
Washington Redskins,WAS,1990,11,1990-11-22,False,DAL,A,L,17,27,3.0,2,0,0,0,7.0
Washington Redskins,WAS,1990,12,1990-12-02,False,MIA,H,W,42,20,2.0,2,0,0,0,7.0
Washington Redskins,WAS,1990,13,1990-12-09,False,CHI,H,W,10,9,2.0,2,0,0,0,10.0
Washington Redskins,WAS,1990,14,1990-12-15,False,NWE,A,W,25,10,5.0,1,0,0,0,11.0
Washington Redskins,WAS,1990,15,1990-12-22,False,IND,A,L,28,35,4.0,0,0,0,0,0.0
Washington Redskins,WAS,1990,16,1990-12-30,False,BUF,H,W,29,14,3.0,2,0,0,0,8.0
Washington Redskins,WAS,1990,17,1991-01-05,True,PHI,A,W,20,6,5.0,1,0,0,0,14.0
Washington Redskins,WAS,1990,18,1991-01-12,True,SFO,A,L,10,28,2.0,1,0,0,0,3.0
Atlanta Falcons,ATL,1991,1,1991-09-01,False,KAN,A,L,3,14,2.0,0,0,0,0,3.0
Atlanta Falcons,ATL,1991,2,1991-09-08,False,MIN,H,L,19,20,0.0,1,0,0,0,3
Atlanta Falcons,ATL,1991,3,1991-09-15,False,SDG,A,W,13,10,1.0,0,0,0,0,5.0
Atlanta Falcons,ATL,1991,4,1991-09-22,False,RAI,H,W,21,17,3.0,2,0,0,0,8.0
Atlanta Falcons,ATL,1991,5,1991-09-29,False,NOR,H,L,6,27,0.0,0,0,0,0,0
Atlanta Falcons,ATL,1991,6,1991-10-13,False,SFO,A,W,39,34,1.0,3,0,0,1,12.0
Atlanta Falcons,ATL,1991,7,1991-10-20,False,PHO,A,L,10,16,4.0,1,0,0,0,7.0
Atlanta Falcons,ATL,1991,8,1991-10-27,False,RAM,H,W,31,14,1.0,1,0,0,0,4.0
Atlanta Falcons,ATL,1991,9,1991-11-03,False,SFO,H,W,17,14,3.0,2,0,0,0,8.0
Atlanta Falcons,ATL,1991,10,1991-11-10,False,WAS,A,L,17,56,0.0,0,0,0,0,-4
Atlanta Falcons,ATL,1991,11,1991-11-17,False,TAM,H,W,43,7,4.0,2,0,0,0,12.0
Atlanta Falcons,ATL,1991,12,1991-11-24,False,NOR,A,W,23,20,0.0,1,0,0,0,3
Atlanta Falcons,ATL,1991,13,1991-12-01,False,GNB,H,W,35,31,2.0,0,0,0,0,1.0
Atlanta Falcons,ATL,1991,14,1991-12-08,False,RAM,A,W,31,14,3.0,1,0,0,0,6.0
Atlanta Falcons,ATL,1991,15,1991-12-15,False,SEA,H,W,26,13,5.0,3,0,0,0,15.0
Atlanta Falcons,ATL,1991,16,1991-12-22,False,DAL,A,L,27,31,0.0,2,0,0,0,3
Atlanta Falcons,ATL,1991,17,1991-12-28,True,NOR,A,W,27,20,1.0,2,0,0,0,6.0
Atlanta Falcons,ATL,1991,18,1992-01-04,True,WAS,A,L,7,24,0.0,1,0,0,0,2
Buffalo Bills,BUF,1991,1,1991-09-01,False,MIA,H,W,35,31,2.0,0,0,0,0,1.0
Buffalo Bills,BUF,1991,2,1991-09-08,False,PIT,H,W,52,34,2.0,1,0,0,0,3.0
Buffalo Bills,BUF,1991,3,1991-09-15,False,NYJ,A,W,23,20,2.0,1,0,0,0,5.0
Buffalo Bills,BUF,1991,4,1991-09-22,False,TAM,A,W,17,10,2.0,1,0,0,0,8.0
Buffalo Bills,BUF,1991,5,1991-09-29,False,CHI,H,W,35,20,0.0,1,0,0,0,3
Buffalo Bills,BUF,1991,6,1991-10-07,False,KAN,A,L,6,33,0,0,0,0,0,-1
Buffalo Bills,BUF,1991,7,1991-10-13,False,IND,H,W,42,6,1.0,2,0,0,0,12.0
Buffalo Bills,BUF,1991,8,1991-10-21,False,CIN,H,W,35,16,1.0,1,0,0,0,4.0
Buffalo Bills,BUF,1991,9,1991-11-03,False,NWE,H,W,22,17,3.0,1,0,0,0,6.0
Buffalo Bills,BUF,1991,10,1991-11-10,False,GNB,A,W,34,24,3.0,2,0,0,0,7.0
Buffalo Bills,BUF,1991,11,1991-11-18,False,MIA,A,W,41,27,1.0,2,0,0,0,5.0
Buffalo Bills,BUF,1991,12,1991-11-24,False,NWE,A,L,13,16,6.0,2,0,0,0,11.0
Buffalo Bills,BUF,1991,13,1991-12-01,False,NYJ,H,W,24,13,3.0,2,0,0,0,11.0
Buffalo Bills,BUF,1991,14,1991-12-08,False,RAI,A,W,30,27,1.0,2,0,0,1,11.0
Buffalo Bills,BUF,1991,15,1991-12-15,False,IND,A,W,35,7,2.0,3,0,0,0,12.0
Buffalo Bills,BUF,1991,16,1991-12-22,False,DET,H,L,14,17,1.0,2,0,0,0,6.0
Buffalo Bills,BUF,1991,17,1992-01-05,True,KAN,H,W,37,14,1.0,4,0,0,0,10.0
Buffalo Bills,BUF,1991,18,1992-01-12,True,DEN,H,W,10,7,4.0,1,0,0,0,10.0
Buffalo Bills,BUF,1991,19,1992-01-26,True,WAS,N,L,24,37,0.0,1,0,0,0,-2
Chicago Bears,CHI,1991,1,1991-09-01,False,MIN,H,W,10,6,1.0,3,0,0,0,14.0
Chicago Bears,CHI,1991,2,1991-09-08,False,TAM,A,W,21,20,8.0,0,0,0,0,9.0
Chicago Bears,CHI,1991,3,1991-09-15,False,NYG,H,W,20,17,1.0,1,0,0,0,4.0
Chicago Bears,CHI,1991,4,1991-09-23,False,NYJ,H,W,19,13,1.0,0,0,0,0,5.0
Chicago Bears,CHI,1991,5,1991-09-29,False,BUF,A,L,20,35,3.0,0,0,0,0,-1.0
Chicago Bears,CHI,1991,6,1991-10-06,False,WAS,H,L,7,20,0,1,0,0,0,3
Chicago Bears,CHI,1991,7,1991-10-17,False,GNB,A,W,10,0,3.0,1,0,0,0,15.0
Chicago Bears,CHI,1991,8,1991-10-27,False,NOR,A,W,20,17,3.0,1,0,0,0,6.0
Chicago Bears,CHI,1991,9,1991-11-03,False,DET,H,W,20,10,3.0,2,0,0,0,11.0
Chicago Bears,CHI,1991,10,1991-11-11,False,MIN,A,W,34,17,2.0,1,0,0,0,5.0
Chicago Bears,CHI,1991,11,1991-11-17,False,IND,A,W,31,17,5.0,0,0,0,0,6.0
Chicago Bears,CHI,1991,12,1991-11-24,False,MIA,H,L,13,16,3.0,2,0,0,0,8.0
Chicago Bears,CHI,1991,13,1991-11-28,False,DET,A,L,6,16,0,1,0,0,0,3
Chicago Bears,CHI,1991,14,1991-12-08,False,GNB,H,W,27,13,3.0,1,0,0,0,9.0
Chicago Bears,CHI,1991,15,1991-12-14,False,TAM,H,W,27,0,4.0,3,0,0,0,20.0
Chicago Bears,CHI,1991,16,1991-12-23,False,SFO,A,L,14,52,0,0,0,0,0,-4
Chicago Bears,CHI,1991,17,1991-12-29,True,DAL,H,L,13,17,0,0,0,0,0,1
Cincinnati Bengals,CIN,1991,1,1991-09-01,False,DEN,A,L,14,45,0,0,0,0,0,-4
Cincinnati Bengals,CIN,1991,2,1991-09-08,False,HOU,H,L,7,30,0,1,0,0,0,1
Cincinnati Bengals,CIN,1991,3,1991-09-15,False,CLE,A,L,13,14,3.0,0,0,0,0,4.0
Cincinnati Bengals,CIN,1991,4,1991-09-22,False,WAS,H,L,27,34,1.0,1,0,0,0,2.0
Cincinnati Bengals,CIN,1991,5,1991-10-06,False,SEA,H,L,7,13,1.0,3,0,0,0,11.0
Cincinnati Bengals,CIN,1991,6,1991-10-13,False,DAL,A,L,23,35,1.0,2,0,0,0,1.0
Cincinnati Bengals,CIN,1991,7,1991-10-21,False,BUF,A,L,16,35,0.0,3,0,0,0,2
Cincinnati Bengals,CIN,1991,8,1991-10-27,False,HOU,A,L,3,35,1.0,2,0,0,0,1.0
Cincinnati Bengals,CIN,1991,9,1991-11-03,False,CLE,H,W,23,21,1.0,0,0,0,0,1.0
Cincinnati Bengals,CIN,1991,10,1991-11-10,False,PIT,H,L,27,33,2.0,0,0,0,0,1.0
Cincinnati Bengals,CIN,1991,11,1991-11-17,False,PHI,A,L,10,17,0,1,0,0,0,3
Cincinnati Bengals,CIN,1991,12,1991-11-24,False,RAI,H,L,14,38,1.0,0,0,0,0,-3.0
Cincinnati Bengals,CIN,1991,13,1991-12-01,False,NYG,H,W,27,24,3.0,0,0,0,1,9.0
Cincinnati Bengals,CIN,1991,14,1991-12-09,False,MIA,A,L,13,37,2.0,0,0,0,0,-2.0
Cincinnati Bengals,CIN,1991,15,1991-12-15,False,PIT,A,L,10,17,1.0,2,0,0,0,6.0
Cincinnati Bengals,CIN,1991,16,1991-12-22,False,NWE,H,W,29,7,4.0,2,0,0,0,12.0
Cleveland Browns,CLE,1991,1,1991-09-01,False,DAL,H,L,14,26,2.0,0,0,0,0,2.0
Cleveland Browns,CLE,1991,2,1991-09-08,False,NWE,A,W,20,0,4.0,2,0,0,0,18.0
Cleveland Browns,CLE,1991,3,1991-09-15,False,CIN,H,W,14,13,1.0,0,0,0,0,5.0
Cleveland Browns,CLE,1991,4,1991-09-22,False,NYG,A,L,10,13,5.0,0,0,0,0,9.0
Cleveland Browns,CLE,1991,5,1991-10-06,False,NYJ,H,L,14,17,0,0,0,0,0,1
Cleveland Browns,CLE,1991,6,1991-10-13,False,WAS,A,L,17,42,0,0,0,0,0,-4
Cleveland Browns,CLE,1991,7,1991-10-20,False,SDG,A,W,30,24,3.0,2,0,0,0,7.0
Cleveland Browns,CLE,1991,8,1991-10-27,False,PIT,H,W,17,14,2.0,2,0,0,0,7.0
Cleveland Browns,CLE,1991,9,1991-11-03,False,CIN,A,L,21,23,0.0,1,0,0,0,2
Cleveland Browns,CLE,1991,10,1991-11-10,False,PHI,H,L,30,32,3.0,1,0,0,0,4.0
Cleveland Browns,CLE,1991,11,1991-11-17,False,HOU,A,L,24,28,1.0,1,0,0,0,2.0
Cleveland Browns,CLE,1991,12,1991-11-24,False,KAN,H,W,20,15,1.0,2,0,0,0,6.0
Cleveland Browns,CLE,1991,13,1991-12-01,False,IND,A,W,31,0,6.0,2,0,0,0,20.0
Cleveland Browns,CLE,1991,14,1991-12-08,False,DEN,H,L,7,17,4.0,1,0,0,0,7.0
Cleveland Browns,CLE,1991,15,1991-12-15,False,HOU,H,L,14,17,1.0,1,0,0,0,4.0
Cleveland Browns,CLE,1991,16,1991-12-22,False,PIT,A,L,10,17,2.0,0,0,0,0,3.0
Dallas Cowboys,DAL,1991,1,1991-09-01,False,CLE,A,W,26,14,1.0,0,0,0,0,2.0
Dallas Cowboys,DAL,1991,2,1991-09-09,False,WAS,H,L,31,33,1.0,1,0,0,0,2.0
Dallas Cowboys,DAL,1991,3,1991-09-15,False,PHI,H,L,0,24,0,0,0,0,0,0
Dallas Cowboys,DAL,1991,4,1991-09-22,False,PHO,A,W,17,9,3.0,0,0,0,0,7.0
Dallas Cowboys,DAL,1991,5,1991-09-29,False,NYG,H,W,21,16,0,1,0,0,0,3
Dallas Cowboys,DAL,1991,6,1991-10-06,False,GNB,A,W,20,17,2.0,2,0,0,0,7.0
Dallas Cowboys,DAL,1991,7,1991-10-13,False,CIN,H,W,35,23,2.0,2,0,0,0,6.0
Dallas Cowboys,DAL,1991,8,1991-10-27,False,DET,A,L,10,34,1.0,0,0,0,0,0.0
Dallas Cowboys,DAL,1991,9,1991-11-03,False,PHO,H,W,27,7,0.0,2,0,0,0,8
Dallas Cowboys,DAL,1991,10,1991-11-10,False,HOU,A,L,23,26,2.0,0,0,0,0,2.0
Dallas Cowboys,DAL,1991,11,1991-11-17,False,NYG,A,L,9,22,1.0,0,0,0,0,1.0
Dallas Cowboys,DAL,1991,12,1991-11-24,False,WAS,A,W,24,21,0,1,0,0,0,2
Dallas Cowboys,DAL,1991,13,1991-11-28,False,PIT,H,W,20,10,3.0,0,0,0,0,7.0
Dallas Cowboys,DAL,1991,14,1991-12-08,False,NOR,H,W,23,14,1.0,1,0,0,0,4.0
Dallas Cowboys,DAL,1991,15,1991-12-15,False,PHI,A,W,25,13,4.0,2,0,0,1,18.0
Dallas Cowboys,DAL,1991,16,1991-12-22,False,ATL,H,W,31,27,2.0,0,0,0,1,8.0
Dallas Cowboys,DAL,1991,17,1991-12-29,True,CHI,A,W,17,13,3.0,2,0,0,0,11.0
Dallas Cowboys,DAL,1991,18,1992-01-05,True,DET,A,L,6,38,1.0,0,0,0,0,-3.0
Denver Broncos,DEN,1991,1,1991-09-01,False,CIN,H,W,45,14,1.0,3,0,0,0,8.0
Denver Broncos,DEN,1991,2,1991-09-08,False,RAI,A,L,13,16,5.0,0,0,0,0,6.0
Denver Broncos,DEN,1991,3,1991-09-15,False,SEA,H,W,16,10,2.0,2,0,0,0,10.0
Denver Broncos,DEN,1991,4,1991-09-22,False,SDG,H,W,27,19,2.0,1,0,0,0,5.0
Denver Broncos,DEN,1991,5,1991-09-29,False,MIN,A,W,13,6,3.0,3,0,0,0,16.0
Denver Broncos,DEN,1991,6,1991-10-06,False,HOU,A,L,14,42,1.0,1,0,0,0,-1.0
Denver Broncos,DEN,1991,7,1991-10-20,False,KAN,H,W,19,16,4.0,0,0,0,0,5.0
Denver Broncos,DEN,1991,8,1991-10-27,False,NWE,A,W,9,6,2.0,0,0,0,0,9.0
Denver Broncos,DEN,1991,9,1991-11-03,False,PIT,H,W,20,13,6.0,1,0,0,0,12.0
Denver Broncos,DEN,1991,10,1991-11-10,False,RAI,H,L,16,17,3.0,0,0,0,0,4.0
Denver Broncos,DEN,1991,11,1991-11-17,False,KAN,A,W,24,20,1.0,4,0,0,0,10.0
Denver Broncos,DEN,1991,12,1991-11-24,False,SEA,A,L,10,13,4.0,2,0,0,0,12.0
Denver Broncos,DEN,1991,13,1991-12-01,False,NWE,H,W,20,3,5.0,2,0,0,0,16.0
Denver Broncos,DEN,1991,14,1991-12-08,False,CLE,A,W,17,7,5.0,1,0,0,0,11.0
Denver Broncos,DEN,1991,15,1991-12-15,False,PHO,H,W,24,19,5.0,0,0,0,0,6.0
Denver Broncos,DEN,1991,16,1991-12-22,False,SDG,A,W,17,14,3.0,3,0,0,0,10.0
Denver Broncos,DEN,1991,17,1992-01-04,True,HOU,H,W,26,24,0.0,1,0,0,0,2
Denver Broncos,DEN,1991,18,1992-01-12,True,BUF,A,L,7,10,1.0,2,0,0,0,9.0
Detroit Lions,DET,1991,1,1991-09-01,False,WAS,A,L,0,45,0,1,0,0,0,-2
Detroit Lions,DET,1991,2,1991-09-08,False,GNB,H,W,23,14,2.0,1,0,0,0,5.0
Detroit Lions,DET,1991,3,1991-09-15,False,MIA,H,W,17,13,2.0,0,0,0,0,6.0
Detroit Lions,DET,1991,4,1991-09-22,False,IND,A,W,33,24,4.0,1,0,0,0,6.0
Detroit Lions,DET,1991,5,1991-09-29,False,TAM,H,W,31,3,1.0,2,0,0,0,12.0
Detroit Lions,DET,1991,6,1991-10-06,False,MIN,H,W,24,20,0,0,0,0,0,1
Detroit Lions,DET,1991,7,1991-10-20,False,SFO,A,L,3,35,0,0,0,0,0,-4
Detroit Lions,DET,1991,8,1991-10-27,False,DAL,H,W,34,10,2.0,2,0,0,0,10.0
Detroit Lions,DET,1991,9,1991-11-03,False,CHI,A,L,10,20,3.0,0,0,0,0,4.0
Detroit Lions,DET,1991,10,1991-11-10,False,TAM,A,L,21,30,0,0,0,0,0,-1
Detroit Lions,DET,1991,11,1991-11-17,False,RAM,H,W,21,10,0.0,1,0,0,0,6
Detroit Lions,DET,1991,12,1991-11-24,False,MIN,A,W,34,14,6.0,3,0,0,0,13.0
Detroit Lions,DET,1991,13,1991-11-28,False,CHI,H,W,16,6,1.0,4,0,0,0,16.0
Detroit Lions,DET,1991,14,1991-12-08,False,NYJ,H,W,34,20,5.0,2,0,0,0,10.0
Detroit Lions,DET,1991,15,1991-12-15,False,GNB,A,W,21,17,0.0,1,0,0,1,9
Detroit Lions,DET,1991,16,1991-12-22,False,BUF,A,W,17,14,4.0,1,0,0,0,7.0
Detroit Lions,DET,1991,17,1992-01-05,True,DAL,H,W,38,6,3.0,2,0,0,0,14.0
Detroit Lions,DET,1991,18,1992-01-12,True,WAS,A,L,10,41,0.0,0,0,0,0,-4
Green Bay Packers,GNB,1991,1,1991-09-01,False,PHI,H,L,3,20,4.0,2,0,0,0,9.0
Green Bay Packers,GNB,1991,2,1991-09-08,False,DET,A,L,14,23,0,0,0,0,0,0
Green Bay Packers,GNB,1991,3,1991-09-15,False,TAM,H,W,15,13,7.0,1,0,0,0,13.0
Green Bay Packers,GNB,1991,4,1991-09-22,False,MIA,A,L,13,16,3.0,1,0,0,0,6.0
Green Bay Packers,GNB,1991,5,1991-09-29,False,RAM,A,L,21,23,2.0,1,0,0,0,4.0
Green Bay Packers,GNB,1991,6,1991-10-06,False,DAL,H,L,17,20,0,0,0,0,1,7
Green Bay Packers,GNB,1991,7,1991-10-17,False,CHI,H,L,0,10,2.0,1,0,0,0,8.0
Green Bay Packers,GNB,1991,8,1991-10-27,False,TAM,A,W,27,0,6.0,5,0,0,0,26.0
Green Bay Packers,GNB,1991,9,1991-11-03,False,NYJ,A,L,16,19,3.0,0,0,0,0,4.0
Green Bay Packers,GNB,1991,10,1991-11-10,False,BUF,H,L,24,34,2.0,0,0,0,0,1.0
Green Bay Packers,GNB,1991,11,1991-11-17,False,MIN,H,L,21,35,0,0,0,0,0,-4
Green Bay Packers,GNB,1991,12,1991-11-24,False,IND,H,W,14,10,7.0,1,0,0,0,13.0
Green Bay Packers,GNB,1991,13,1991-12-01,False,ATL,A,L,31,35,2.0,1,0,0,0,0.0
Green Bay Packers,GNB,1991,14,1991-12-08,False,CHI,A,L,13,27,2.0,1,0,0,0,4.0
Green Bay Packers,GNB,1991,15,1991-12-15,False,DET,H,L,17,21,4.0,0,0,0,0,4.0
Green Bay Packers,GNB,1991,16,1991-12-21,False,MIN,A,W,27,7,0,1,0,0,0,6
Houston Oilers,HOU,1991,1,1991-09-01,False,RAI,H,W,47,17,2.0,2,0,0,0,7.0
Houston Oilers,HOU,1991,2,1991-09-08,False,CIN,A,W,30,7,3.0,1,0,0,0,9.0
Houston Oilers,HOU,1991,3,1991-09-16,False,KAN,H,W,17,7,1.0,1,0,0,0,7.0
Houston Oilers,HOU,1991,4,1991-09-22,False,NWE,A,L,20,24,5.0,3,0,0,0,11.0
Houston Oilers,HOU,1991,5,1991-10-06,False,DEN,H,W,42,14,6.0,1,0,0,0,9.0
Houston Oilers,HOU,1991,6,1991-10-13,False,NYJ,A,W,23,20,4.0,1,0,0,0,7.0
Houston Oilers,HOU,1991,7,1991-10-20,False,MIA,A,W,17,13,1.0,3,0,0,0,11.0
Houston Oilers,HOU,1991,8,1991-10-27,False,CIN,H,W,35,3,0.0,2,0,0,0,11
Houston Oilers,HOU,1991,9,1991-11-03,False,WAS,A,L,13,16,0.0,1,0,0,0,3
Houston Oilers,HOU,1991,10,1991-11-10,False,DAL,H,W,26,23,3.0,0,0,0,0,3.0
Houston Oilers,HOU,1991,11,1991-11-17,False,CLE,H,W,28,24,3.0,1,0,0,0,5.0
Houston Oilers,HOU,1991,12,1991-11-24,False,PIT,A,L,14,26,1.0,1,0,0,0,3.0
Houston Oilers,HOU,1991,13,1991-12-02,False,PHI,H,L,6,13,3.0,1,0,0,0,9.0
Houston Oilers,HOU,1991,14,1991-12-08,False,PIT,H,W,31,6,7.0,1,0,0,0,16.0
Houston Oilers,HOU,1991,15,1991-12-15,False,CLE,A,W,17,14,3.0,1,0,0,0,6.0
Houston Oilers,HOU,1991,16,1991-12-21,False,NYG,A,L,20,24,2.0,0,0,0,0,2.0
Houston Oilers,HOU,1991,17,1991-12-29,True,NYJ,H,W,17,10,1.0,3,0,0,0,11.0
Houston Oilers,HOU,1991,18,1992-01-04,True,DEN,A,L,24,26,0.0,1,0,0,0,2
Indianapolis Colts,IND,1991,1,1991-09-01,False,NWE,H,L,7,16,2.0,0,0,0,0,3.0
Indianapolis Colts,IND,1991,2,1991-09-08,False,MIA,A,L,6,17,2.0,1,0,0,0,5.0
Indianapolis Colts,IND,1991,3,1991-09-15,False,RAI,A,L,0,16,3.0,0,0,0,0,4.0
Indianapolis Colts,IND,1991,4,1991-09-22,False,DET,H,L,24,33,0.0,2,0,0,0,3
Indianapolis Colts,IND,1991,5,1991-09-29,False,SEA,A,L,3,31,0,1,0,0,0,1
Indianapolis Colts,IND,1991,6,1991-10-06,False,PIT,H,L,3,21,2.0,2,0,0,0,6.0
Indianapolis Colts,IND,1991,7,1991-10-13,False,BUF,A,L,6,42,0,1,0,0,0,-2
Indianapolis Colts,IND,1991,8,1991-10-20,False,NYJ,H,L,6,17,2.0,1,0,0,0,5.0
Indianapolis Colts,IND,1991,9,1991-11-03,False,MIA,H,L,6,10,0,0,0,0,0,4
Indianapolis Colts,IND,1991,10,1991-11-10,False,NYJ,A,W,28,27,1.0,0,0,0,1,7.0
Indianapolis Colts,IND,1991,11,1991-11-17,False,CHI,H,L,17,31,3.0,1,0,0,0,4.0
Indianapolis Colts,IND,1991,12,1991-11-24,False,GNB,A,L,10,14,2.0,1,0,0,0,5.0
Indianapolis Colts,IND,1991,13,1991-12-01,False,CLE,H,L,0,31,3.0,0,0,0,0,2.0
Indianapolis Colts,IND,1991,14,1991-12-08,False,NWE,A,L,17,23,8.0,2,0,0,0,12.0
Indianapolis Colts,IND,1991,15,1991-12-15,False,BUF,H,L,7,35,1.0,0,0,0,0,-3.0
Indianapolis Colts,IND,1991,16,1991-12-22,False,TAM,A,L,3,17,0.0,3,0,0,0,7
Kansas City Chiefs,KAN,1991,1,1991-09-01,False,ATL,H,W,14,3,1.0,4,0,0,0,16.0
Kansas City Chiefs,KAN,1991,2,1991-09-08,False,NOR,H,L,10,17,3.0,0,0,0,0,4.0
Kansas City Chiefs,KAN,1991,3,1991-09-16,False,HOU,A,L,7,17,1.0,0,0,0,0,2.0
Kansas City Chiefs,KAN,1991,4,1991-09-22,False,SEA,H,W,20,13,3.0,2,0,0,0,11.0
Kansas City Chiefs,KAN,1991,5,1991-09-29,False,SDG,A,W,14,13,1.0,0,0,0,0,5.0
Kansas City Chiefs,KAN,1991,6,1991-10-07,False,BUF,H,W,33,6,6.0,0,0,0,0,13.0
Kansas City Chiefs,KAN,1991,7,1991-10-13,False,MIA,H,W,42,7,0,1,0,0,0,6
Kansas City Chiefs,KAN,1991,8,1991-10-20,False,DEN,A,L,16,19,5.0,0,0,0,0,6.0
Kansas City Chiefs,KAN,1991,9,1991-10-28,False,RAI,H,W,24,21,4.0,3,0,0,0,10.0
Kansas City Chiefs,KAN,1991,10,1991-11-10,False,RAM,A,W,27,20,1.0,1,0,0,0,4.0
Kansas City Chiefs,KAN,1991,11,1991-11-17,False,DEN,H,L,20,24,6.0,0,0,0,0,6.0
Kansas City Chiefs,KAN,1991,12,1991-11-24,False,CLE,A,L,15,20,2.0,2,0,0,0,7.0
Kansas City Chiefs,KAN,1991,13,1991-12-01,False,SEA,A,W,19,6,5.0,1,0,0,0,14.0
Kansas City Chiefs,KAN,1991,14,1991-12-08,False,SDG,H,W,20,17,0.0,1,0,0,0,3
Kansas City Chiefs,KAN,1991,15,1991-12-14,False,SFO,A,L,14,28,1.0,0,0,0,0,0.0
Kansas City Chiefs,KAN,1991,16,1991-12-22,False,RAI,A,W,27,21,0,0,0,0,0,0
Kansas City Chiefs,KAN,1991,17,1991-12-28,True,RAI,H,W,10,6,2.0,4,0,0,0,17.0
Kansas City Chiefs,KAN,1991,18,1992-01-05,True,BUF,A,L,14,37,1.0,3,0,0,0,3.0
Miami Dolphins,MIA,1991,1,1991-09-01,False,BUF,A,L,31,35,0,1,0,0,0,-2
Miami Dolphins,MIA,1991,2,1991-09-08,False,IND,H,W,17,6,2.0,0,0,0,0,9.0
Miami Dolphins,MIA,1991,3,1991-09-15,False,DET,A,L,13,17,2.0,1,0,0,0,5.0
Miami Dolphins,MIA,1991,4,1991-09-22,False,GNB,H,W,16,13,4.0,1,0,0,0,10.0
Miami Dolphins,MIA,1991,5,1991-09-29,False,NYJ,A,L,23,41,0,0,0,0,0,-4
Miami Dolphins,MIA,1991,6,1991-10-06,False,NWE,A,W,20,10,6.0,2,0,0,0,14.0
Miami Dolphins,MIA,1991,7,1991-10-13,False,KAN,A,L,7,42,0,0,0,0,0,-4
Miami Dolphins,MIA,1991,8,1991-10-20,False,HOU,H,L,13,17,1.0,3,0,0,0,8.0
Miami Dolphins,MIA,1991,9,1991-11-03,False,IND,A,W,10,6,1.0,1,0,0,0,10.0
Miami Dolphins,MIA,1991,10,1991-11-10,False,NWE,H,W,30,20,2.0,1,0,0,0,5.0
Miami Dolphins,MIA,1991,11,1991-11-18,False,BUF,H,L,27,41,2.0,0,0,0,0,-2.0
Miami Dolphins,MIA,1991,12,1991-11-24,False,CHI,A,W,16,13,1.0,0,0,0,0,5.0
Miami Dolphins,MIA,1991,13,1991-12-01,False,TAM,H,W,33,14,4.0,1,0,0,0,7.0
Miami Dolphins,MIA,1991,14,1991-12-09,False,CIN,H,W,37,13,3.0,0,0,0,0,7.0
Miami Dolphins,MIA,1991,15,1991-12-15,False,SDG,A,L,30,38,2.0,0,0,0,0,-2.0
Miami Dolphins,MIA,1991,16,1991-12-22,False,NYJ,H,L,20,23,4.0,1,0,0,0,6.0
Minnesota Vikings,MIN,1991,1,1991-09-01,False,CHI,A,L,6,10,0,0,0,0,0,4
Minnesota Vikings,MIN,1991,2,1991-09-08,False,ATL,A,W,20,19,2.0,1,0,0,0,5.0
Minnesota Vikings,MIN,1991,3,1991-09-15,False,SFO,H,W,17,14,2.0,1,0,0,0,5.0
Minnesota Vikings,MIN,1991,4,1991-09-22,False,NOR,A,L,0,26,1.0,1,0,0,0,3.0
Minnesota Vikings,MIN,1991,5,1991-09-29,False,DEN,H,L,6,13,3.0,0,0,0,0,7.0
Minnesota Vikings,MIN,1991,6,1991-10-06,False,DET,A,L,20,24,3.0,1,0,0,0,5.0
Minnesota Vikings,MIN,1991,7,1991-10-13,False,PHO,H,W,34,7,5.0,0,0,0,0,9.0
Minnesota Vikings,MIN,1991,8,1991-10-20,False,NWE,A,L,23,26,4.0,1,0,0,0,6.0
Minnesota Vikings,MIN,1991,9,1991-10-27,False,PHO,A,W,28,0,4.0,2,0,0,0,18.0
Minnesota Vikings,MIN,1991,10,1991-11-03,False,TAM,H,W,28,13,2.0,3,0,0,0,12.0
Minnesota Vikings,MIN,1991,11,1991-11-11,False,CHI,H,L,17,34,0,1,0,0,0,1
Minnesota Vikings,MIN,1991,12,1991-11-17,False,GNB,A,W,35,21,0.0,2,0,0,0,4
Minnesota Vikings,MIN,1991,13,1991-11-24,False,DET,H,L,14,34,1.0,0,0,0,0,0.0
Minnesota Vikings,MIN,1991,14,1991-12-08,False,TAM,A,W,26,24,1.0,0,0,0,0,1.0
Minnesota Vikings,MIN,1991,15,1991-12-15,False,RAM,H,W,20,14,1.0,4,0,0,0,10.0
Minnesota Vikings,MIN,1991,16,1991-12-21,False,GNB,H,L,7,27,4.0,0,0,0,0,4.0
New Orleans Saints,NOR,1991,1,1991-09-01,False,SEA,H,W,27,24,2.0,2,0,0,0,6.0
New Orleans Saints,NOR,1991,2,1991-09-08,False,KAN,A,W,17,10,1.0,2,0,0,0,9.0
New Orleans Saints,NOR,1991,3,1991-09-15,False,RAM,H,W,24,7,5.0,1,0,0,0,11.0
New Orleans Saints,NOR,1991,4,1991-09-22,False,MIN,H,W,26,0,3.0,2,0,0,0,17.0
New Orleans Saints,NOR,1991,5,1991-09-29,False,ATL,A,W,27,6,5.0,0,0,0,0,12.0
New Orleans Saints,NOR,1991,6,1991-10-13,False,PHI,A,W,13,6,6.0,5,0,0,0,23.0
New Orleans Saints,NOR,1991,7,1991-10-20,False,TAM,H,W,23,7,6.0,2,0,0,0,14.0
New Orleans Saints,NOR,1991,8,1991-10-27,False,CHI,H,L,17,20,3.0,2,0,0,0,8.0
New Orleans Saints,NOR,1991,9,1991-11-03,False,RAM,A,W,24,17,3.0,3,0,0,0,10.0
New Orleans Saints,NOR,1991,10,1991-11-10,False,SFO,H,W,10,3,3.0,0,0,0,0,10.0
New Orleans Saints,NOR,1991,11,1991-11-17,False,SDG,A,L,21,24,2.0,1,0,0,0,4.0
New Orleans Saints,NOR,1991,12,1991-11-24,False,ATL,H,L,20,23,4.0,3,0,0,0,10.0
New Orleans Saints,NOR,1991,13,1991-12-01,False,SFO,A,L,24,38,1.0,0,0,0,0,-3.0
New Orleans Saints,NOR,1991,14,1991-12-08,False,DAL,A,L,14,23,0.0,0,0,0,0,0
New Orleans Saints,NOR,1991,15,1991-12-16,False,RAI,H,W,27,0,4.0,1,0,0,0,16.0
New Orleans Saints,NOR,1991,16,1991-12-22,False,PHO,A,W,27,3,2.0,5,0,0,0,19.0
New Orleans Saints,NOR,1991,17,1991-12-28,True,ATL,H,L,20,27,5.0,1,0,0,0,7.0
New England Patriots,NWE,1991,1,1991-09-01,False,IND,A,W,16,7,4.0,2,0,0,0,12.0
New England Patriots,NWE,1991,2,1991-09-08,False,CLE,H,L,0,20,3.0,0,0,0,0,4.0
New England Patriots,NWE,1991,3,1991-09-15,False,PIT,A,L,6,20,1.0,0,0,0,0,2.0
New England Patriots,NWE,1991,4,1991-09-22,False,HOU,H,W,24,20,0,2,0,0,0,5
New England Patriots,NWE,1991,5,1991-09-29,False,PHO,A,L,10,24,1.0,1,0,0,1,9.0
New England Patriots,NWE,1991,6,1991-10-06,False,MIA,H,L,10,20,1.0,0,0,0,0,2.0
New England Patriots,NWE,1991,7,1991-10-20,False,MIN,H,W,26,23,2.0,0,0,0,0,2.0
New England Patriots,NWE,1991,8,1991-10-27,False,DEN,H,L,6,9,1.0,0,0,0,0,5.0
New England Patriots,NWE,1991,9,1991-11-03,False,BUF,A,L,17,22,1.0,2,0,0,0,5.0
New England Patriots,NWE,1991,10,1991-11-10,False,MIA,A,L,20,30,1.0,1,0,0,0,2.0
New England Patriots,NWE,1991,11,1991-11-17,False,NYJ,H,L,21,28,0,0,0,0,0,-1
New England Patriots,NWE,1991,12,1991-11-24,False,BUF,H,W,16,13,4.0,4,0,0,0,16.0
New England Patriots,NWE,1991,13,1991-12-01,False,DEN,A,L,3,20,1.0,0,0,0,0,2.0
New England Patriots,NWE,1991,14,1991-12-08,False,IND,H,W,23,17,3.0,0,0,0,0,4.0
New England Patriots,NWE,1991,15,1991-12-15,False,NYJ,A,W,6,3,1.0,0,0,0,0,8.0
New England Patriots,NWE,1991,16,1991-12-22,False,CIN,A,L,7,29,1.0,0,0,0,0,0.0
New York Giants,NYG,1991,1,1991-09-02,False,SFO,H,W,16,14,1.0,1,0,0,0,4.0
New York Giants,NYG,1991,2,1991-09-08,False,RAM,H,L,13,19,1.0,0,0,0,0,2.0
New York Giants,NYG,1991,3,1991-09-15,False,CHI,A,L,17,20,2.0,1,0,0,0,5.0
New York Giants,NYG,1991,4,1991-09-22,False,CLE,H,W,13,10,5.0,0,0,0,0,9.0
New York Giants,NYG,1991,5,1991-09-29,False,DAL,A,L,16,21,1.0,0,0,0,0,1.0
New York Giants,NYG,1991,6,1991-10-06,False,PHO,H,W,20,9,2.0,2,0,0,0,10.0
New York Giants,NYG,1991,7,1991-10-14,False,PIT,A,W,23,20,2.0,1,0,0,0,5.0
New York Giants,NYG,1991,8,1991-10-27,False,WAS,H,L,13,17,0.0,1,0,0,0,3
New York Giants,NYG,1991,9,1991-11-04,False,PHI,A,L,7,30,2.0,0,0,0,0,1.0
New York Giants,NYG,1991,10,1991-11-10,False,PHO,A,W,21,14,4.0,2,0,0,0,9.0
New York Giants,NYG,1991,11,1991-11-17,False,DAL,H,W,22,9,1.0,0,0,0,0,5.0
New York Giants,NYG,1991,12,1991-11-24,False,TAM,A,W,21,14,7.0,2,0,0,1,18.0
New York Giants,NYG,1991,13,1991-12-01,False,CIN,A,L,24,27,0,0,0,0,0,0
New York Giants,NYG,1991,14,1991-12-08,False,PHI,H,L,14,19,3.0,2,0,0,0,8.0
New York Giants,NYG,1991,15,1991-12-15,False,WAS,A,L,17,34,1.0,0,0,0,0,0.0
New York Giants,NYG,1991,16,1991-12-21,False,HOU,H,W,24,20,2.0,0,0,0,0,3.0
New York Jets,NYJ,1991,1,1991-09-01,False,TAM,H,W,16,13,1.0,1,0,0,0,7.0
New York Jets,NYJ,1991,2,1991-09-08,False,SEA,A,L,13,20,0.0,2,0,0,0,5
New York Jets,NYJ,1991,3,1991-09-15,False,BUF,H,L,20,23,4.0,1,0,0,0,6.0
New York Jets,NYJ,1991,4,1991-09-23,False,CHI,A,L,13,19,2.0,0,0,0,0,3.0
New York Jets,NYJ,1991,5,1991-09-29,False,MIA,H,W,41,23,4.0,1,0,0,0,6.0
New York Jets,NYJ,1991,6,1991-10-06,False,CLE,A,W,17,14,1.0,0,0,0,0,2.0
New York Jets,NYJ,1991,7,1991-10-13,False,HOU,H,L,20,23,1.0,2,0,0,0,5.0
New York Jets,NYJ,1991,8,1991-10-20,False,IND,A,W,17,6,4.0,0,0,0,0,11.0
New York Jets,NYJ,1991,9,1991-11-03,False,GNB,H,W,19,16,4.0,1,0,0,0,7.0
New York Jets,NYJ,1991,10,1991-11-10,False,IND,H,L,27,28,0.0,2,0,0,0,3
New York Jets,NYJ,1991,11,1991-11-17,False,NWE,A,W,28,21,3.0,1,0,0,0,5.0
New York Jets,NYJ,1991,12,1991-11-24,False,SDG,H,W,24,3,4.0,2,0,0,0,15.0
New York Jets,NYJ,1991,13,1991-12-01,False,BUF,A,L,13,24,1.0,2,0,0,0,5.0
New York Jets,NYJ,1991,14,1991-12-08,False,DET,A,L,20,34,0.0,1,0,0,0,1
New York Jets,NYJ,1991,15,1991-12-15,False,NWE,H,L,3,6,3.0,1,0,0,0,12.0
New York Jets,NYJ,1991,16,1991-12-22,False,MIA,A,W,23,20,3.0,1,0,0,0,6.0
New York Jets,NYJ,1991,17,1991-12-29,True,HOU,A,L,10,17,4.0,1,0,0,0,7.0
Philadelphia Eagles,PHI,1991,1,1991-09-01,False,GNB,A,W,20,3,4.0,3,0,0,0,17.0
Philadelphia Eagles,PHI,1991,2,1991-09-08,False,PHO,H,L,10,26,1.0,1,0,0,0,3.0
Philadelphia Eagles,PHI,1991,3,1991-09-15,False,DAL,A,W,24,0,11.0,3,0,0,0,27.0
Philadelphia Eagles,PHI,1991,4,1991-09-22,False,PIT,H,W,23,14,3.0,1,0,0,0,6.0
Philadelphia Eagles,PHI,1991,5,1991-09-30,False,WAS,A,L,0,23,1.0,2,0,0,0,5.0
Philadelphia Eagles,PHI,1991,6,1991-10-06,False,TAM,A,L,13,14,3.0,3,0,0,0,10.0
Philadelphia Eagles,PHI,1991,7,1991-10-13,False,NOR,H,L,6,13,2.0,2,0,0,0,10.0
Philadelphia Eagles,PHI,1991,8,1991-10-27,False,SFO,H,L,7,23,2.0,0,0,0,0,2.0
Philadelphia Eagles,PHI,1991,9,1991-11-04,False,NYG,H,W,30,7,4.0,0,0,0,0,8.0
Philadelphia Eagles,PHI,1991,10,1991-11-10,False,CLE,A,W,32,30,2.0,1,0,0,0,3.0
Philadelphia Eagles,PHI,1991,11,1991-11-17,False,CIN,H,W,17,10,6.0,3,0,0,0,16.0
Philadelphia Eagles,PHI,1991,12,1991-11-24,False,PHO,A,W,34,14,3.0,4,0,0,0,12.0
Philadelphia Eagles,PHI,1991,13,1991-12-02,False,HOU,A,W,13,6,4.0,0,0,0,0,11.0
Philadelphia Eagles,PHI,1991,14,1991-12-08,False,NYG,A,W,19,14,4.0,2,0,0,0,9.0
Philadelphia Eagles,PHI,1991,15,1991-12-15,False,DAL,H,L,13,25,1.0,0,0,0,0,1.0
Philadelphia Eagles,PHI,1991,16,1991-12-22,False,WAS,H,W,24,22,3.0,1,0,0,0,5.0
Phoenix Cardinals,PHO,1991,1,1991-09-01,False,RAM,A,W,24,14,2.0,2,0,0,0,7.0
Phoenix Cardinals,PHO,1991,2,1991-09-08,False,PHI,A,W,26,10,3.0,1,0,0,0,9.0
Phoenix Cardinals,PHO,1991,3,1991-09-15,False,WAS,A,L,0,34,0,0,0,0,0,-1
Phoenix Cardinals,PHO,1991,4,1991-09-22,False,DAL,H,L,9,17,1.0,0,0,0,0,2.0
Phoenix Cardinals,PHO,1991,5,1991-09-29,False,NWE,H,W,24,10,3.0,0,0,0,0,7.0
Phoenix Cardinals,PHO,1991,6,1991-10-06,False,NYG,A,L,9,20,0,0,0,0,0,1
Phoenix Cardinals,PHO,1991,7,1991-10-13,False,MIN,A,L,7,34,0,0,0,0,0,-1
Phoenix Cardinals,PHO,1991,8,1991-10-20,False,ATL,H,W,16,10,2.0,4,0,0,0,14.0
Phoenix Cardinals,PHO,1991,9,1991-10-27,False,MIN,H,L,0,28,0,1,0,0,0,1
Phoenix Cardinals,PHO,1991,10,1991-11-03,False,DAL,A,L,7,27,4.0,2,0,0,0,8.0
Phoenix Cardinals,PHO,1991,11,1991-11-10,False,NYG,H,L,14,21,2.0,0,0,0,0,2.0
Phoenix Cardinals,PHO,1991,12,1991-11-17,False,SFO,A,L,10,14,3.0,0,0,0,0,4.0
Phoenix Cardinals,PHO,1991,13,1991-11-24,False,PHI,H,L,14,34,2.0,3,0,0,0,7.0
Phoenix Cardinals,PHO,1991,14,1991-12-08,False,WAS,H,L,14,20,1.0,0,0,0,0,2.0
Phoenix Cardinals,PHO,1991,15,1991-12-15,False,DEN,A,L,19,24,1.0,3,0,0,0,7.0
Phoenix Cardinals,PHO,1991,16,1991-12-22,False,NOR,H,L,3,27,1.0,1,0,0,0,3.0
Pittsburgh Steelers,PIT,1991,1,1991-09-01,False,SDG,H,W,26,20,3.0,1,0,0,0,6.0
Pittsburgh Steelers,PIT,1991,2,1991-09-08,False,BUF,A,L,34,52,2.0,2,0,0,0,2.0
Pittsburgh Steelers,PIT,1991,3,1991-09-15,False,NWE,H,W,20,6,3.0,2,0,0,1,20.0
Pittsburgh Steelers,PIT,1991,4,1991-09-22,False,PHI,A,L,14,23,1.0,1,0,0,0,3.0
Pittsburgh Steelers,PIT,1991,5,1991-10-06,False,IND,A,W,21,3,5.0,0,0,0,0,12.0
Pittsburgh Steelers,PIT,1991,6,1991-10-14,False,NYG,H,L,20,23,2.0,0,0,0,0,2.0
Pittsburgh Steelers,PIT,1991,7,1991-10-20,False,SEA,H,L,7,27,3.0,0,0,0,0,3.0
Pittsburgh Steelers,PIT,1991,8,1991-10-27,False,CLE,A,L,14,17,0.0,0,0,0,0,1
Pittsburgh Steelers,PIT,1991,9,1991-11-03,False,DEN,A,L,13,20,1.0,1,0,0,0,4.0
Pittsburgh Steelers,PIT,1991,10,1991-11-10,False,CIN,A,W,33,27,3.0,1,0,0,0,5.0
Pittsburgh Steelers,PIT,1991,11,1991-11-17,False,WAS,H,L,14,41,0.0,0,0,0,0,-4
Pittsburgh Steelers,PIT,1991,12,1991-11-24,False,HOU,H,W,26,14,2.0,5,0,0,0,13.0
Pittsburgh Steelers,PIT,1991,13,1991-11-28,False,DAL,A,L,10,20,4.0,0,0,0,0,5.0
Pittsburgh Steelers,PIT,1991,14,1991-12-08,False,HOU,A,L,6,31,3.0,1,0,0,0,4.0
Pittsburgh Steelers,PIT,1991,15,1991-12-15,False,CIN,H,W,17,10,1.0,2,0,0,0,9.0
Pittsburgh Steelers,PIT,1991,16,1991-12-22,False,CLE,H,W,17,10,5.0,3,0,0,0,15.0
Los Angeles Raiders,RAI,1991,1,1991-09-01,False,HOU,A,L,17,47,3.0,0,0,0,0,-1.0
Los Angeles Raiders,RAI,1991,2,1991-09-08,False,DEN,H,W,16,13,5.0,0,0,0,0,9.0
Los Angeles Raiders,RAI,1991,3,1991-09-15,False,IND,H,W,16,0,3.0,0,0,0,0,13.0
Los Angeles Raiders,RAI,1991,4,1991-09-22,False,ATL,A,L,17,21,1.0,3,0,0,0,7.0
Los Angeles Raiders,RAI,1991,5,1991-09-29,False,SFO,H,W,12,6,2.0,2,0,0,0,13.0
Los Angeles Raiders,RAI,1991,6,1991-10-06,False,SDG,H,L,13,21,3.0,0,0,0,0,3.0
Los Angeles Raiders,RAI,1991,7,1991-10-13,False,SEA,A,W,23,20,2.0,3,0,0,0,9.0
Los Angeles Raiders,RAI,1991,8,1991-10-20,False,RAM,H,W,20,17,1.0,2,0,0,0,6.0
Los Angeles Raiders,RAI,1991,9,1991-10-28,False,KAN,A,L,21,24,1.0,1,0,0,0,3.0
Los Angeles Raiders,RAI,1991,10,1991-11-10,False,DEN,A,W,17,16,1.0,2,0,0,0,6.0
Los Angeles Raiders,RAI,1991,11,1991-11-17,False,SEA,H,W,31,7,7.0,0,0,0,0,11.0
Los Angeles Raiders,RAI,1991,12,1991-11-24,False,CIN,A,W,38,14,4.0,3,0,0,1,17.0
Los Angeles Raiders,RAI,1991,13,1991-12-01,False,SDG,A,W,9,7,3.0,1,0,0,0,9.0
Los Angeles Raiders,RAI,1991,14,1991-12-08,False,BUF,H,L,27,30,3.0,1,0,0,0,4.0
Los Angeles Raiders,RAI,1991,15,1991-12-16,False,NOR,A,L,0,27,1.0,0,0,0,0,1.0
Los Angeles Raiders,RAI,1991,16,1991-12-22,False,KAN,H,L,21,27,2.0,0,0,0,0,2.0
Los Angeles Raiders,RAI,1991,17,1991-12-28,True,KAN,A,L,6,10,2.0,1,0,0,0,8.0
Los Angeles Rams,RAM,1991,1,1991-09-01,False,PHO,H,L,14,24,0,0,0,0,0,0
Los Angeles Rams,RAM,1991,2,1991-09-08,False,NYG,A,W,19,13,2.0,1,0,0,0,8.0
Los Angeles Rams,RAM,1991,3,1991-09-15,False,NOR,A,L,7,24,1.0,1,0,0,0,3.0
Los Angeles Rams,RAM,1991,4,1991-09-22,False,SFO,A,L,10,27,2.0,0,0,0,0,2.0
Los Angeles Rams,RAM,1991,5,1991-09-29,False,GNB,H,W,23,21,2.0,1,0,0,0,4.0
Los Angeles Rams,RAM,1991,6,1991-10-13,False,SDG,H,W,30,24,1.0,1,0,0,0,3.0
Los Angeles Rams,RAM,1991,7,1991-10-20,False,RAI,A,L,17,20,2.0,1,0,0,0,5.0
Los Angeles Rams,RAM,1991,8,1991-10-27,False,ATL,A,L,14,31,1.0,0,0,0,0,0.0
Los Angeles Rams,RAM,1991,9,1991-11-03,False,NOR,H,L,17,24,0.0,1,0,0,0,2
Los Angeles Rams,RAM,1991,10,1991-11-10,False,KAN,H,L,20,27,1.0,0,0,0,0,1.0
Los Angeles Rams,RAM,1991,11,1991-11-17,False,DET,A,L,10,21,1.0,0,0,0,0,1.0
Los Angeles Rams,RAM,1991,12,1991-11-25,False,SFO,H,L,10,33,0,1,0,0,0,1
Los Angeles Rams,RAM,1991,13,1991-12-01,False,WAS,H,L,6,27,0,1,0,0,0,2
Los Angeles Rams,RAM,1991,14,1991-12-08,False,ATL,H,L,14,31,0.0,1,0,0,0,1
Los Angeles Rams,RAM,1991,15,1991-12-15,False,MIN,A,L,14,20,3.0,0,0,0,0,4.0
Los Angeles Rams,RAM,1991,16,1991-12-22,False,SEA,A,L,9,23,1.0,2,0,0,0,5.0
San Diego Chargers,SDG,1991,1,1991-09-01,False,PIT,A,L,20,26,2.0,2,0,0,0,6.0
San Diego Chargers,SDG,1991,2,1991-09-08,False,SFO,A,L,14,34,1.0,0,0,0,0,0.0
San Diego Chargers,SDG,1991,3,1991-09-15,False,ATL,H,L,10,13,1.0,1,0,0,0,7.0
San Diego Chargers,SDG,1991,4,1991-09-22,False,DEN,A,L,19,27,1.0,1,0,0,0,3.0
San Diego Chargers,SDG,1991,5,1991-09-29,False,KAN,H,L,13,14,2.0,1,0,0,0,5.0
San Diego Chargers,SDG,1991,6,1991-10-06,False,RAI,A,W,21,13,1.0,2,0,0,0,9.0
San Diego Chargers,SDG,1991,7,1991-10-13,False,RAM,A,L,24,30,2.0,0,0,0,0,1.0
San Diego Chargers,SDG,1991,8,1991-10-20,False,CLE,H,L,24,30,1.0,0,0,0,0,0.0
San Diego Chargers,SDG,1991,9,1991-10-27,False,SEA,A,L,9,20,2.0,2,0,0,0,7.0
San Diego Chargers,SDG,1991,10,1991-11-10,False,SEA,H,W,17,14,4.0,1,0,0,0,7.0
San Diego Chargers,SDG,1991,11,1991-11-17,False,NOR,H,W,24,21,1.0,1,0,0,1,9.0
San Diego Chargers,SDG,1991,12,1991-11-24,False,NYJ,A,L,3,24,1.0,1,0,0,0,3.0
San Diego Chargers,SDG,1991,13,1991-12-01,False,RAI,H,L,7,9,0.0,3,0,0,0,10
San Diego Chargers,SDG,1991,14,1991-12-08,False,KAN,A,L,17,20,2.0,2,0,0,0,7.0
San Diego Chargers,SDG,1991,15,1991-12-15,False,MIA,H,W,38,30,2.0,1,0,0,0,3.0
San Diego Chargers,SDG,1991,16,1991-12-22,False,DEN,H,L,14,17,5.0,1,0,0,0,8.0
Seattle Seahawks,SEA,1991,1,1991-09-01,False,NOR,A,L,24,27,4.0,2,0,0,0,8.0
Seattle Seahawks,SEA,1991,2,1991-09-08,False,NYJ,H,W,20,13,3.0,3,0,0,0,13.0
Seattle Seahawks,SEA,1991,3,1991-09-15,False,DEN,A,L,10,16,1.0,0,0,0,0,2.0
Seattle Seahawks,SEA,1991,4,1991-09-22,False,KAN,A,L,13,20,0,0,0,0,0,1
Seattle Seahawks,SEA,1991,5,1991-09-29,False,IND,H,W,31,3,5.0,2,0,0,1,22.0
Seattle Seahawks,SEA,1991,6,1991-10-06,False,CIN,A,W,13,7,2.0,2,0,0,0,10.0
Seattle Seahawks,SEA,1991,7,1991-10-13,False,RAI,H,L,20,23,0.0,2,0,0,0,4
Seattle Seahawks,SEA,1991,8,1991-10-20,False,PIT,A,W,27,7,4.0,1,0,0,0,10.0
Seattle Seahawks,SEA,1991,9,1991-10-27,False,SDG,H,W,20,9,3.0,0,0,0,0,7.0
Seattle Seahawks,SEA,1991,10,1991-11-10,False,SDG,A,L,14,17,3.0,0,0,0,0,4.0
Seattle Seahawks,SEA,1991,11,1991-11-17,False,RAI,A,L,7,31,1.0,0,0,0,0,0.0
Seattle Seahawks,SEA,1991,12,1991-11-24,False,DEN,H,W,13,10,5.0,2,0,0,0,13.0
Seattle Seahawks,SEA,1991,13,1991-12-01,False,KAN,H,L,6,19,0,0,0,0,0,1
Seattle Seahawks,SEA,1991,14,1991-12-08,False,SFO,H,L,22,24,2.0,2,0,0,0,6.0
Seattle Seahawks,SEA,1991,15,1991-12-15,False,ATL,A,L,13,26,2.0,0,0,0,0,2.0
Seattle Seahawks,SEA,1991,16,1991-12-22,False,RAM,H,W,23,9,1.0,2,0,0,0,9.0
San Francisco 49ers,SFO,1991,1,1991-09-02,False,NYG,A,L,14,16,2.0,0,0,0,0,3.0
San Francisco 49ers,SFO,1991,2,1991-09-08,False,SDG,H,W,34,14,1.0,3,0,0,0,8.0
San Francisco 49ers,SFO,1991,3,1991-09-15,False,MIN,A,L,14,17,2.0,1,0,0,0,5.0
San Francisco 49ers,SFO,1991,4,1991-09-22,False,RAM,H,W,27,10,2.0,1,0,0,0,8.0
San Francisco 49ers,SFO,1991,5,1991-09-29,False,RAI,A,L,6,12,3.0,0,0,0,0,7.0
San Francisco 49ers,SFO,1991,6,1991-10-13,False,ATL,H,L,34,39,0,0,0,0,0,-4
San Francisco 49ers,SFO,1991,7,1991-10-20,False,DET,H,W,35,3,0,1,0,0,0,9
San Francisco 49ers,SFO,1991,8,1991-10-27,False,PHI,A,W,23,7,6.0,2,0,0,0,14.0
San Francisco 49ers,SFO,1991,9,1991-11-03,False,ATL,A,L,14,17,0.0,1,0,0,0,3
San Francisco 49ers,SFO,1991,10,1991-11-10,False,NOR,A,L,3,10,1.0,1,0,0,0,7.0
San Francisco 49ers,SFO,1991,11,1991-11-17,False,PHO,H,W,14,10,4.0,0,0,0,0,8.0
San Francisco 49ers,SFO,1991,12,1991-11-25,False,RAM,A,W,33,10,2.0,0,0,0,0,6.0
San Francisco 49ers,SFO,1991,13,1991-12-01,False,NOR,H,W,38,24,0.0,0,0,0,1,6
San Francisco 49ers,SFO,1991,14,1991-12-08,False,SEA,A,W,24,22,1.0,0,0,0,0,1.0
San Francisco 49ers,SFO,1991,15,1991-12-14,False,KAN,H,W,28,14,3.0,1,0,0,0,6.0
San Francisco 49ers,SFO,1991,16,1991-12-23,False,CHI,H,W,52,14,2.0,1,0,0,0,5.0
Tampa Bay Buccaneers,TAM,1991,1,1991-09-01,False,NYJ,A,L,13,16,2.0,0,0,0,0,3.0
Tampa Bay Buccaneers,TAM,1991,2,1991-09-08,False,CHI,H,L,20,21,1.0,1,0,0,0,3.0
Tampa Bay Buccaneers,TAM,1991,3,1991-09-15,False,GNB,A,L,13,15,3.0,1,0,0,0,6.0
Tampa Bay Buccaneers,TAM,1991,4,1991-09-22,False,BUF,H,L,10,17,2.0,1,0,0,0,5.0
Tampa Bay Buccaneers,TAM,1991,5,1991-09-29,False,DET,A,L,3,31,2.0,1,0,0,0,3.0
Tampa Bay Buccaneers,TAM,1991,6,1991-10-06,False,PHI,H,W,14,13,1.0,2,0,0,0,9.0
Tampa Bay Buccaneers,TAM,1991,7,1991-10-20,False,NOR,A,L,7,23,0,2,0,0,0,4
Tampa Bay Buccaneers,TAM,1991,8,1991-10-27,False,GNB,H,L,0,27,6.0,1,0,0,0,8.0
Tampa Bay Buccaneers,TAM,1991,9,1991-11-03,False,MIN,A,L,13,28,3.0,0,0,0,0,2.0
Tampa Bay Buccaneers,TAM,1991,10,1991-11-10,False,DET,H,W,30,21,4.0,2,0,0,0,8.0
Tampa Bay Buccaneers,TAM,1991,11,1991-11-17,False,ATL,A,L,7,43,1.0,0,0,0,0,-3.0
Tampa Bay Buccaneers,TAM,1991,12,1991-11-24,False,NYG,H,L,14,21,3.0,0,0,0,0,3.0
Tampa Bay Buccaneers,TAM,1991,13,1991-12-01,False,MIA,A,L,14,33,1.0,0,0,0,0,0.0
Tampa Bay Buccaneers,TAM,1991,14,1991-12-08,False,MIN,H,L,24,26,2.0,0,0,0,0,2.0
Tampa Bay Buccaneers,TAM,1991,15,1991-12-14,False,CHI,A,L,0,27,3.0,0,0,0,0,3.0
Tampa Bay Buccaneers,TAM,1991,16,1991-12-22,False,IND,H,W,17,3,5.0,0,0,0,0,12.0
Washington Redskins,WAS,1991,1,1991-09-01,False,DET,H,W,45,0,3.0,3,0,0,1,25.0
Washington Redskins,WAS,1991,2,1991-09-09,False,DAL,A,W,33,31,2.0,0,0,0,0,1.0
Washington Redskins,WAS,1991,3,1991-09-15,False,PHO,H,W,34,0,4.0,3,0,0,0,20.0
Washington Redskins,WAS,1991,4,1991-09-22,False,CIN,A,W,34,27,4.0,1,0,0,1,12.0
Washington Redskins,WAS,1991,5,1991-09-30,False,PHI,H,W,23,0,5.0,3,0,0,0,21.0
Washington Redskins,WAS,1991,6,1991-10-06,False,CHI,A,W,20,7,1.0,3,0,0,0,11.0
Washington Redskins,WAS,1991,7,1991-10-13,False,CLE,H,W,42,17,4.0,1,0,0,0,7.0
Washington Redskins,WAS,1991,8,1991-10-27,False,NYG,A,W,17,13,0.0,1,0,0,0,6
Washington Redskins,WAS,1991,9,1991-11-03,False,HOU,H,W,16,13,1.0,2,0,0,0,9.0
Washington Redskins,WAS,1991,10,1991-11-10,False,ATL,H,W,56,17,6.0,3,0,0,0,13.0
Washington Redskins,WAS,1991,11,1991-11-17,False,PIT,A,W,41,14,5.0,1,0,0,0,8.0
Washington Redskins,WAS,1991,12,1991-11-24,False,DAL,H,L,21,24,5.0,1,0,0,0,7.0
Washington Redskins,WAS,1991,13,1991-12-01,False,RAM,A,W,27,6,3.0,0,0,0,0,10.0
Washington Redskins,WAS,1991,14,1991-12-08,False,PHO,A,W,20,14,1.0,2,0,0,0,6.0
Washington Redskins,WAS,1991,15,1991-12-15,False,NYG,H,W,34,17,4.0,2,0,0,0,9.0
Washington Redskins,WAS,1991,16,1991-12-22,False,PHI,A,L,22,24,2.0,1,0,0,0,4.0
Washington Redskins,WAS,1991,17,1992-01-04,True,ATL,H,W,24,7,4.0,4,0,0,0,16.0
Washington Redskins,WAS,1991,18,1992-01-12,True,DET,H,W,41,10,5.0,2,0,0,0,13.0
Washington Redskins,WAS,1991,19,1992-01-26,True,BUF,N,W,37,24,5.0,4,0,0,0,13.0
Atlanta Falcons,ATL,1992,1,1992-09-06,False,NYJ,H,W,20,17,2.0,0,0,0,0,3.0
Atlanta Falcons,ATL,1992,2,1992-09-13,False,WAS,A,L,17,24,1.0,1,0,0,1,9.0
Atlanta Falcons,ATL,1992,3,1992-09-20,False,NOR,H,L,7,10,1.0,0,0,0,0,5.0
Atlanta Falcons,ATL,1992,4,1992-09-27,False,CHI,A,L,31,41,2.0,0,0,0,0,-2.0
Atlanta Falcons,ATL,1992,5,1992-10-04,False,GNB,H,W,24,10,2.0,1,0,0,0,8.0
Atlanta Falcons,ATL,1992,6,1992-10-11,False,MIA,A,L,17,21,1.0,0,0,0,0,1.0
Atlanta Falcons,ATL,1992,7,1992-10-18,False,SFO,A,L,17,56,0.0,1,0,0,0,-2
Atlanta Falcons,ATL,1992,8,1992-11-01,False,RAM,H,W,30,28,6.0,0,0,0,0,5.0
Atlanta Falcons,ATL,1992,9,1992-11-09,False,SFO,H,L,3,41,2.0,0,0,0,0,-2.0
Atlanta Falcons,ATL,1992,10,1992-11-15,False,PHO,H,W,20,17,2.0,2,0,0,0,7.0
Atlanta Falcons,ATL,1992,11,1992-11-22,False,BUF,A,L,14,41,0.0,1,0,0,1,4
Atlanta Falcons,ATL,1992,12,1992-11-29,False,NWE,H,W,34,0,5.0,2,0,0,0,19.0
Atlanta Falcons,ATL,1992,13,1992-12-03,False,NOR,A,L,14,22,0.0,1,0,0,0,2
Atlanta Falcons,ATL,1992,14,1992-12-13,False,TAM,A,W,35,7,4.0,1,0,0,0,10.0
Atlanta Falcons,ATL,1992,15,1992-12-21,False,DAL,H,L,17,41,0,0,0,0,0,-4
Atlanta Falcons,ATL,1992,16,1992-12-27,False,RAM,A,L,27,38,3.0,1,0,0,0,1.0
Buffalo Bills,BUF,1992,1,1992-09-06,False,RAM,H,W,40,7,3.0,4,0,0,0,15.0
Buffalo Bills,BUF,1992,2,1992-09-13,False,SFO,A,W,34,31,1.0,1,0,0,0,2.0
Buffalo Bills,BUF,1992,3,1992-09-20,False,IND,H,W,38,0,5.0,3,0,0,0,21.0
Buffalo Bills,BUF,1992,4,1992-09-27,False,NWE,A,W,41,7,1.0,1,0,0,0,7.0
Buffalo Bills,BUF,1992,5,1992-10-04,False,MIA,H,L,10,37,0.0,1,0,0,0,-2
Buffalo Bills,BUF,1992,6,1992-10-11,False,RAI,A,L,3,20,4.0,1,0,0,0,7.0
Buffalo Bills,BUF,1992,7,1992-10-26,False,NYJ,A,W,24,20,2.0,2,0,0,0,7.0
Buffalo Bills,BUF,1992,8,1992-11-01,False,NWE,H,W,16,7,5.0,1,0,0,0,11.0
Buffalo Bills,BUF,1992,9,1992-11-08,False,PIT,H,W,28,20,1.0,0,0,0,0,2.0
Buffalo Bills,BUF,1992,10,1992-11-16,False,MIA,A,W,26,20,4.0,1,0,0,0,7.0
Buffalo Bills,BUF,1992,11,1992-11-22,False,ATL,H,W,41,14,1.0,1,0,0,0,4.0
Buffalo Bills,BUF,1992,12,1992-11-29,False,IND,A,L,13,16,4.0,1,0,0,0,7.0
Buffalo Bills,BUF,1992,13,1992-12-06,False,NYJ,H,L,17,24,3.0,1,0,0,0,5.0
Buffalo Bills,BUF,1992,14,1992-12-12,False,DEN,H,W,27,17,4.0,3,0,0,0,11.0
Buffalo Bills,BUF,1992,15,1992-12-20,False,NOR,A,W,20,16,4.0,1,0,0,0,7.0
Buffalo Bills,BUF,1992,16,1992-12-27,False,HOU,A,L,3,27,2.0,1,0,0,0,4.0
Buffalo Bills,BUF,1992,17,1993-01-03,True,HOU,H,W,41,38,4.0,2,0,0,0,4.0
Buffalo Bills,BUF,1992,18,1993-01-09,True,PIT,A,W,24,3,7.0,2,0,0,0,18.0
Buffalo Bills,BUF,1992,19,1993-01-17,True,MIA,A,W,29,10,4.0,2,0,0,0,12.0
Buffalo Bills,BUF,1992,20,1993-01-31,True,DAL,N,L,17,52,1.0,0,0,0,0,-3.0
Chicago Bears,CHI,1992,1,1992-09-06,False,DET,H,W,27,24,6.0,1,0,0,0,8.0
Chicago Bears,CHI,1992,2,1992-09-13,False,NOR,A,L,6,28,2.0,0,0,0,0,1.0
Chicago Bears,CHI,1992,3,1992-09-21,False,NYG,H,L,14,27,1.0,0,0,0,0,1.0
Chicago Bears,CHI,1992,4,1992-09-27,False,ATL,H,W,41,31,3.0,1,0,0,0,4.0
Chicago Bears,CHI,1992,5,1992-10-04,False,MIN,A,L,20,21,0,2,0,0,0,4
Chicago Bears,CHI,1992,6,1992-10-18,False,TAM,H,W,31,14,3.0,2,0,0,0,8.0
Chicago Bears,CHI,1992,7,1992-10-25,False,GNB,A,W,30,10,4.0,1,0,0,0,10.0
Chicago Bears,CHI,1992,8,1992-11-02,False,MIN,H,L,10,38,2.0,0,0,0,0,-2.0
Chicago Bears,CHI,1992,9,1992-11-08,False,CIN,H,L,28,31,3.0,1,0,0,1,10.0
Chicago Bears,CHI,1992,10,1992-11-15,False,TAM,A,L,17,20,2.0,1,0,0,0,5.0
Chicago Bears,CHI,1992,11,1992-11-22,False,GNB,H,L,3,17,1.0,0,0,0,0,2.0
Chicago Bears,CHI,1992,12,1992-11-29,False,CLE,A,L,14,27,3.0,0,0,0,0,3.0
Chicago Bears,CHI,1992,13,1992-12-07,False,HOU,A,L,7,24,2.0,0,0,0,0,2.0
Chicago Bears,CHI,1992,14,1992-12-13,False,PIT,H,W,30,6,5.0,2,0,0,0,16.0
Chicago Bears,CHI,1992,15,1992-12-20,False,DET,A,L,3,16,5.0,2,0,0,0,10.0
Chicago Bears,CHI,1992,16,1992-12-27,False,DAL,A,L,14,27,1.0,1,0,0,0,3.0
Cincinnati Bengals,CIN,1992,1,1992-09-06,False,SEA,A,W,21,3,6.0,0,0,0,0,13.0
Cincinnati Bengals,CIN,1992,2,1992-09-13,False,RAI,H,W,24,21,3.0,1,0,0,0,5.0
Cincinnati Bengals,CIN,1992,3,1992-09-20,False,GNB,A,L,23,24,6.0,0,0,0,1,12.0
Cincinnati Bengals,CIN,1992,4,1992-09-27,False,MIN,H,L,7,42,5.0,0,0,0,0,1.0
Cincinnati Bengals,CIN,1992,5,1992-10-11,False,HOU,H,L,24,38,0.0,2,0,0,0,0
Cincinnati Bengals,CIN,1992,6,1992-10-19,False,PIT,A,L,0,20,4.0,0,0,0,0,5.0
Cincinnati Bengals,CIN,1992,7,1992-10-25,False,HOU,A,L,10,26,2.0,1,0,0,0,4.0
Cincinnati Bengals,CIN,1992,8,1992-11-01,False,CLE,H,W,30,10,3.0,0,0,0,0,7.0
Cincinnati Bengals,CIN,1992,9,1992-11-08,False,CHI,A,W,31,28,4.0,2,0,0,0,7.0
Cincinnati Bengals,CIN,1992,10,1992-11-15,False,NYJ,A,L,14,17,1.0,2,0,0,0,6.0
Cincinnati Bengals,CIN,1992,11,1992-11-22,False,DET,H,L,13,19,5.0,3,0,0,0,12.0
Cincinnati Bengals,CIN,1992,12,1992-11-29,False,PIT,H,L,9,21,1.0,1,0,0,0,3.0
Cincinnati Bengals,CIN,1992,13,1992-12-06,False,CLE,A,L,21,37,2.0,0,0,0,0,-2.0
Cincinnati Bengals,CIN,1992,14,1992-12-13,False,SDG,A,L,10,27,1.0,2,0,0,0,5.0
Cincinnati Bengals,CIN,1992,15,1992-12-20,False,NWE,H,W,20,10,0.0,2,0,0,0,8
Cincinnati Bengals,CIN,1992,16,1992-12-27,False,IND,H,L,17,21,2.0,0,0,0,0,2.0
Cleveland Browns,CLE,1992,1,1992-09-06,False,IND,A,L,3,14,1.0,1,0,0,0,4.0
Cleveland Browns,CLE,1992,2,1992-09-14,False,MIA,H,L,23,27,3.0,0,0,0,0,3.0
Cleveland Browns,CLE,1992,3,1992-09-20,False,RAI,A,W,28,16,6.0,3,0,0,0,13.0
Cleveland Browns,CLE,1992,4,1992-09-27,False,DEN,H,L,0,12,5.0,1,0,0,0,11.0
Cleveland Browns,CLE,1992,5,1992-10-11,False,PIT,H,W,17,9,1.0,0,0,0,0,5.0
Cleveland Browns,CLE,1992,6,1992-10-18,False,GNB,H,W,17,6,2.0,0,0,0,0,9.0
Cleveland Browns,CLE,1992,7,1992-10-25,False,NWE,A,W,19,17,5.0,0,0,0,0,6.0
Cleveland Browns,CLE,1992,8,1992-11-01,False,CIN,A,L,10,30,0,0,0,0,0,-1
Cleveland Browns,CLE,1992,9,1992-11-08,False,HOU,A,W,24,14,0.0,1,0,0,0,3
Cleveland Browns,CLE,1992,10,1992-11-15,False,SDG,H,L,13,14,1.0,1,0,0,0,4.0
Cleveland Browns,CLE,1992,11,1992-11-22,False,MIN,A,L,13,17,1.0,2,0,0,0,6.0
Cleveland Browns,CLE,1992,12,1992-11-29,False,CHI,H,W,27,14,7.0,2,0,0,1,18.0
Cleveland Browns,CLE,1992,13,1992-12-06,False,CIN,H,W,37,21,4.0,0,0,0,0,4.0
Cleveland Browns,CLE,1992,14,1992-12-13,False,DET,A,L,14,24,2.0,0,0,0,0,2.0
Cleveland Browns,CLE,1992,15,1992-12-20,False,HOU,H,L,14,17,5.0,2,0,0,0,10.0
Cleveland Browns,CLE,1992,16,1992-12-27,False,PIT,A,L,13,23,5.0,0,0,0,0,5.0
Dallas Cowboys,DAL,1992,1,1992-09-07,False,WAS,H,W,23,10,2.0,0,0,0,1,12.0
Dallas Cowboys,DAL,1992,2,1992-09-13,False,NYG,A,W,34,28,2.0,1,0,0,0,3.0
Dallas Cowboys,DAL,1992,3,1992-09-20,False,PHO,H,W,31,20,2.0,0,0,0,0,3.0
Dallas Cowboys,DAL,1992,4,1992-10-05,False,PHI,A,L,7,31,2.0,1,0,0,0,3.0
Dallas Cowboys,DAL,1992,5,1992-10-11,False,SEA,H,W,27,0,7.0,1,0,0,0,19.0
Dallas Cowboys,DAL,1992,6,1992-10-18,False,KAN,H,W,17,10,3.0,1,0,0,0,9.0
Dallas Cowboys,DAL,1992,7,1992-10-25,False,RAI,A,W,28,13,3.0,0,0,0,0,7.0
Dallas Cowboys,DAL,1992,8,1992-11-01,False,PHI,H,W,20,10,2.0,2,0,0,0,10.0
Dallas Cowboys,DAL,1992,9,1992-11-08,False,DET,A,W,37,3,2.0,3,0,0,0,15.0
Dallas Cowboys,DAL,1992,10,1992-11-15,False,RAM,H,L,23,27,1.0,0,0,0,1,7.0
Dallas Cowboys,DAL,1992,11,1992-11-22,False,PHO,A,W,16,10,2.0,0,0,0,0,6.0
Dallas Cowboys,DAL,1992,12,1992-11-26,False,NYG,H,W,30,3,4.0,0,0,0,0,11.0
Dallas Cowboys,DAL,1992,13,1992-12-06,False,DEN,A,W,31,27,4.0,4,0,0,0,12.0
Dallas Cowboys,DAL,1992,14,1992-12-13,False,WAS,A,L,17,20,2.0,1,0,0,0,5.0
Dallas Cowboys,DAL,1992,15,1992-12-21,False,ATL,A,W,41,17,4.0,0,0,0,0,5.0
Dallas Cowboys,DAL,1992,16,1992-12-27,False,CHI,H,W,27,14,2.0,3,0,0,0,9.0
Dallas Cowboys,DAL,1992,17,1993-01-10,True,PHI,H,W,34,10,5.0,0,0,0,0,9.0
Dallas Cowboys,DAL,1992,18,1993-01-17,True,SFO,A,W,30,20,3.0,2,0,0,0,8.0
Dallas Cowboys,DAL,1992,19,1993-01-31,True,BUF,N,W,52,17,4.0,4,0,0,0,13.0
Denver Broncos,DEN,1992,1,1992-09-06,False,RAI,H,W,17,13,2.0,2,0,0,0,10.0
Denver Broncos,DEN,1992,2,1992-09-13,False,SDG,H,W,21,13,5.0,2,0,0,0,13.0
Denver Broncos,DEN,1992,3,1992-09-20,False,PHI,A,L,0,30,2.0,0,0,0,0,1.0
Denver Broncos,DEN,1992,4,1992-09-27,False,CLE,A,W,12,0,0.0,3,0,0,0,16
Denver Broncos,DEN,1992,5,1992-10-04,False,KAN,H,W,20,19,3.0,0,0,0,0,4.0
Denver Broncos,DEN,1992,6,1992-10-12,False,WAS,A,L,3,34,0,0,0,0,0,-1
Denver Broncos,DEN,1992,7,1992-10-18,False,HOU,H,W,27,21,4.0,1,0,0,0,6.0
Denver Broncos,DEN,1992,8,1992-10-25,False,SDG,A,L,21,24,3.0,1,0,0,0,5.0
Denver Broncos,DEN,1992,9,1992-11-08,False,NYJ,H,W,27,16,3.0,1,0,0,0,6.0
Denver Broncos,DEN,1992,10,1992-11-15,False,NYG,H,W,27,13,5.0,0,0,0,0,9.0
Denver Broncos,DEN,1992,11,1992-11-22,False,RAI,A,L,0,24,2.0,0,0,0,0,2.0
Denver Broncos,DEN,1992,12,1992-11-30,False,SEA,A,L,13,16,6.0,2,0,0,0,11.0
Denver Broncos,DEN,1992,13,1992-12-06,False,DAL,H,L,27,31,2.0,0,0,0,0,1.0
Denver Broncos,DEN,1992,14,1992-12-12,False,BUF,A,L,17,27,1.0,2,0,0,0,5.0
Denver Broncos,DEN,1992,15,1992-12-20,False,SEA,H,W,10,6,8.0,0,0,0,0,15.0
Denver Broncos,DEN,1992,16,1992-12-27,False,KAN,A,L,20,42,3.0,1,0,0,0,1.0
Detroit Lions,DET,1992,1,1992-09-06,False,CHI,A,L,24,27,0,0,0,0,0,0
Detroit Lions,DET,1992,2,1992-09-13,False,MIN,H,W,31,17,2.0,3,0,0,1,15.0
Detroit Lions,DET,1992,3,1992-09-20,False,WAS,A,L,10,13,1.0,3,0,0,0,11.0
Detroit Lions,DET,1992,4,1992-09-27,False,TAM,H,L,23,27,0.0,3,0,0,1,12
Detroit Lions,DET,1992,5,1992-10-04,False,NOR,H,L,7,13,2.0,0,0,0,0,6.0
Detroit Lions,DET,1992,6,1992-10-15,False,MIN,A,L,14,31,2.0,0,0,0,0,1.0
Detroit Lions,DET,1992,7,1992-10-25,False,TAM,A,W,38,7,2.0,1,0,0,0,8.0
Detroit Lions,DET,1992,8,1992-11-01,False,GNB,H,L,13,27,2.0,0,0,0,0,2.0
Detroit Lions,DET,1992,9,1992-11-08,False,DAL,H,L,3,37,0,1,0,0,0,-2
Detroit Lions,DET,1992,10,1992-11-15,False,PIT,A,L,14,17,3.0,1,0,0,0,6.0
Detroit Lions,DET,1992,11,1992-11-22,False,CIN,A,W,19,13,3.0,2,0,0,0,11.0
Detroit Lions,DET,1992,12,1992-11-26,False,HOU,H,L,21,24,2.0,2,0,0,0,6.0
Detroit Lions,DET,1992,13,1992-12-06,False,GNB,A,L,10,38,1.0,0,0,0,0,-3.0
Detroit Lions,DET,1992,14,1992-12-13,False,CLE,H,W,24,14,3.0,2,0,0,0,8.0
Detroit Lions,DET,1992,15,1992-12-20,False,CHI,H,W,16,3,4.0,3,0,0,0,17.0
Detroit Lions,DET,1992,16,1992-12-28,False,SFO,A,L,6,24,2.0,0,0,0,0,2.0
Green Bay Packers,GNB,1992,1,1992-09-06,False,MIN,H,L,20,23,2.0,1,0,0,0,4.0
Green Bay Packers,GNB,1992,2,1992-09-13,False,TAM,A,L,3,31,4.0,0,0,0,0,3.0
Green Bay Packers,GNB,1992,3,1992-09-20,False,CIN,H,W,24,23,0.0,2,0,0,1,10
Green Bay Packers,GNB,1992,4,1992-09-27,False,PIT,H,W,17,3,2.0,0,0,0,0,9.0
Green Bay Packers,GNB,1992,5,1992-10-04,False,ATL,A,L,10,24,2.0,0,0,0,0,2.0
Green Bay Packers,GNB,1992,6,1992-10-18,False,CLE,A,L,6,17,0,0,0,0,0,1
Green Bay Packers,GNB,1992,7,1992-10-25,False,CHI,H,L,10,30,2.0,0,0,0,0,1.0
Green Bay Packers,GNB,1992,8,1992-11-01,False,DET,A,W,27,13,4.0,1,0,0,0,10.0
Green Bay Packers,GNB,1992,9,1992-11-08,False,NYG,A,L,7,27,4.0,0,0,0,0,4.0
Green Bay Packers,GNB,1992,10,1992-11-15,False,PHI,H,W,27,24,3.0,0,0,0,0,3.0
Green Bay Packers,GNB,1992,11,1992-11-22,False,CHI,A,W,17,3,1.0,2,0,0,0,12.0
Green Bay Packers,GNB,1992,12,1992-11-29,False,TAM,H,W,19,14,3.0,3,0,0,0,10.0
Green Bay Packers,GNB,1992,13,1992-12-06,False,DET,H,W,38,10,4.0,1,0,0,0,10.0
Green Bay Packers,GNB,1992,14,1992-12-13,False,HOU,A,W,16,14,1.0,2,0,0,0,6.0
Green Bay Packers,GNB,1992,15,1992-12-20,False,RAM,H,W,28,13,1.0,3,0,0,0,11.0
Green Bay Packers,GNB,1992,16,1992-12-27,False,MIN,A,L,7,27,1.0,0,0,0,0,1.0
Houston Oilers,HOU,1992,1,1992-09-06,False,PIT,H,L,24,29,3.0,0,0,0,0,2.0
Houston Oilers,HOU,1992,2,1992-09-13,False,IND,A,W,20,10,3.0,1,0,0,0,9.0
Houston Oilers,HOU,1992,3,1992-09-20,False,KAN,H,W,23,20,4.0,0,0,0,0,5.0
Houston Oilers,HOU,1992,4,1992-09-27,False,SDG,H,W,27,0,1.0,3,0,0,0,17.0
Houston Oilers,HOU,1992,5,1992-10-11,False,CIN,A,W,38,24,2.0,2,0,0,0,6.0
Houston Oilers,HOU,1992,6,1992-10-18,False,DEN,A,L,21,27,4.0,0,0,0,0,4.0
Houston Oilers,HOU,1992,7,1992-10-25,False,CIN,H,W,26,10,3.0,1,0,0,0,9.0
Houston Oilers,HOU,1992,8,1992-11-01,False,PIT,A,L,20,21,3.0,1,0,0,0,5.0
Houston Oilers,HOU,1992,9,1992-11-08,False,CLE,H,L,14,24,2.0,0,0,0,0,2.0
Houston Oilers,HOU,1992,10,1992-11-15,False,MIN,A,W,17,13,2.0,0,0,0,0,6.0
Houston Oilers,HOU,1992,11,1992-11-22,False,MIA,A,L,16,19,4.0,1,0,0,0,7.0
Houston Oilers,HOU,1992,12,1992-11-26,False,DET,A,W,24,21,4.0,2,0,0,0,8.0
Houston Oilers,HOU,1992,13,1992-12-07,False,CHI,H,W,24,7,5.0,2,0,0,0,13.0
Houston Oilers,HOU,1992,14,1992-12-13,False,GNB,H,L,14,16,3.0,1,0,0,0,6.0
Houston Oilers,HOU,1992,15,1992-12-20,False,CLE,A,W,17,14,0.0,3,0,0,0,7
Houston Oilers,HOU,1992,16,1992-12-27,False,BUF,H,W,27,3,7.0,3,0,0,0,20.0
Houston Oilers,HOU,1992,17,1993-01-03,True,BUF,A,L,38,41,3.0,1,0,0,0,1.0
Indianapolis Colts,IND,1992,1,1992-09-06,False,CLE,H,W,14,3,11.0,2,0,0,0,22.0
Indianapolis Colts,IND,1992,2,1992-09-13,False,HOU,H,L,10,20,2.0,0,0,0,0,3.0
Indianapolis Colts,IND,1992,3,1992-09-20,False,BUF,A,L,0,38,0,0,0,0,0,-4
Indianapolis Colts,IND,1992,4,1992-10-04,False,TAM,A,W,24,14,4.0,2,0,0,0,9.0
Indianapolis Colts,IND,1992,5,1992-10-11,False,NYJ,H,W,6,3,2.0,0,0,0,0,9.0
Indianapolis Colts,IND,1992,6,1992-10-18,False,SDG,H,L,14,34,1.0,1,0,0,0,2.0
Indianapolis Colts,IND,1992,7,1992-10-25,False,MIA,A,W,31,20,1.0,3,0,0,1,14.0
Indianapolis Colts,IND,1992,8,1992-11-01,False,SDG,A,L,0,26,1.0,2,0,0,0,5.0
Indianapolis Colts,IND,1992,9,1992-11-08,False,MIA,H,L,0,28,1.0,0,0,0,0,0.0
Indianapolis Colts,IND,1992,10,1992-11-15,False,NWE,H,L,34,37,4.0,1,0,0,1,8.0
Indianapolis Colts,IND,1992,11,1992-11-22,False,PIT,A,L,14,30,0,1,0,0,0,1
Indianapolis Colts,IND,1992,12,1992-11-29,False,BUF,H,W,16,13,1.0,2,0,0,0,9.0
Indianapolis Colts,IND,1992,13,1992-12-06,False,NWE,A,W,6,0,8.0,0,0,0,0,18.0
Indianapolis Colts,IND,1992,14,1992-12-13,False,NYJ,A,W,10,6,1.0,3,0,0,0,14.0
Indianapolis Colts,IND,1992,15,1992-12-20,False,PHO,H,W,16,13,0,3,0,0,0,10
Indianapolis Colts,IND,1992,16,1992-12-27,False,CIN,A,W,21,17,2.0,0,0,0,0,3.0
Kansas City Chiefs,KAN,1992,1,1992-09-06,False,SDG,A,W,24,10,5.0,3,0,0,1,21.0
Kansas City Chiefs,KAN,1992,2,1992-09-13,False,SEA,H,W,26,7,1.0,2,0,0,0,9.0
Kansas City Chiefs,KAN,1992,3,1992-09-20,False,HOU,A,L,20,23,2.0,2,0,0,0,6.0
Kansas City Chiefs,KAN,1992,4,1992-09-28,False,RAI,H,W,27,7,4.0,2,0,0,0,12.0
Kansas City Chiefs,KAN,1992,5,1992-10-04,False,DEN,A,L,19,20,5.0,0,0,0,0,6.0
Kansas City Chiefs,KAN,1992,6,1992-10-11,False,PHI,H,W,24,17,6.0,2,0,0,0,11.0
Kansas City Chiefs,KAN,1992,7,1992-10-18,False,DAL,A,L,10,17,1.0,2,0,0,0,6.0
Kansas City Chiefs,KAN,1992,8,1992-10-25,False,PIT,H,L,3,27,1.0,0,0,0,0,1.0
Kansas City Chiefs,KAN,1992,9,1992-11-08,False,SDG,H,W,16,14,5.0,1,0,0,0,8.0
Kansas City Chiefs,KAN,1992,10,1992-11-15,False,WAS,H,W,35,16,3.0,1,0,0,0,6.0
Kansas City Chiefs,KAN,1992,11,1992-11-22,False,SEA,A,W,24,14,4.0,4,0,0,1,19.0
Kansas City Chiefs,KAN,1992,12,1992-11-29,False,NYJ,A,W,23,7,1.0,0,0,0,0,5.0
Kansas City Chiefs,KAN,1992,13,1992-12-06,False,RAI,A,L,7,28,3.0,2,0,0,0,6.0
Kansas City Chiefs,KAN,1992,14,1992-12-13,False,NWE,H,W,27,20,2.0,1,0,0,0,5.0
Kansas City Chiefs,KAN,1992,15,1992-12-19,False,NYG,A,L,21,35,0,0,0,0,0,-4
Kansas City Chiefs,KAN,1992,16,1992-12-27,False,DEN,H,W,42,20,6.0,2,0,0,0,11.0
Kansas City Chiefs,KAN,1992,17,1993-01-02,True,SDG,A,L,0,17,5.0,0,0,0,0,6.0
Miami Dolphins,MIA,1992,1,1992-09-14,False,CLE,A,W,27,23,2.0,0,0,0,0,2.0
Miami Dolphins,MIA,1992,2,1992-09-20,False,RAM,H,W,26,10,2.0,2,0,0,0,10.0
Miami Dolphins,MIA,1992,3,1992-09-27,False,SEA,A,W,19,17,5.0,1,0,0,0,8.0
Miami Dolphins,MIA,1992,4,1992-10-04,False,BUF,A,W,37,10,3.0,4,0,0,0,15.0
Miami Dolphins,MIA,1992,5,1992-10-11,False,ATL,H,W,21,17,0,1,0,0,0,3
Miami Dolphins,MIA,1992,6,1992-10-18,False,NWE,H,W,38,17,2.0,0,0,0,0,3.0
Miami Dolphins,MIA,1992,7,1992-10-25,False,IND,H,L,20,31,3.0,1,0,0,0,4.0
Miami Dolphins,MIA,1992,8,1992-11-01,False,NYJ,A,L,14,26,5.0,1,0,0,0,7.0
Miami Dolphins,MIA,1992,9,1992-11-08,False,IND,A,W,28,0,2.0,2,0,0,0,16.0
Miami Dolphins,MIA,1992,10,1992-11-16,False,BUF,H,L,20,26,0,0,0,0,0,0
Miami Dolphins,MIA,1992,11,1992-11-22,False,HOU,H,W,19,16,3.0,2,0,0,0,8.0
Miami Dolphins,MIA,1992,12,1992-11-29,False,NOR,A,L,13,24,1.0,0,0,0,0,1.0
Miami Dolphins,MIA,1992,13,1992-12-06,False,SFO,A,L,3,27,0,1,0,0,0,2
Miami Dolphins,MIA,1992,14,1992-12-14,False,RAI,H,W,20,7,3.0,1,0,0,0,9.0
Miami Dolphins,MIA,1992,15,1992-12-20,False,NYJ,H,W,19,17,3.0,2,0,0,0,8.0
Miami Dolphins,MIA,1992,16,1992-12-27,False,NWE,A,W,16,13,2.0,0,0,0,0,6.0
Miami Dolphins,MIA,1992,17,1993-01-10,True,SDG,H,W,31,0,1.0,4,0,0,0,19.0
Miami Dolphins,MIA,1992,18,1993-01-17,True,BUF,H,L,10,29,1.0,2,0,0,0,4.0
Minnesota Vikings,MIN,1992,1,1992-09-06,False,GNB,A,W,23,20,6.0,1,0,0,0,9.0
Minnesota Vikings,MIN,1992,2,1992-09-13,False,DET,A,L,17,31,2.0,1,0,0,0,3.0
Minnesota Vikings,MIN,1992,3,1992-09-20,False,TAM,H,W,26,20,3.0,1,0,0,0,6.0
Minnesota Vikings,MIN,1992,4,1992-09-27,False,CIN,A,W,42,7,5.0,4,0,0,0,17.0
Minnesota Vikings,MIN,1992,5,1992-10-04,False,CHI,H,W,21,20,1.0,2,0,0,0,6.0
Minnesota Vikings,MIN,1992,6,1992-10-15,False,DET,H,W,31,14,5.0,2,0,0,0,10.0
Minnesota Vikings,MIN,1992,7,1992-10-25,False,WAS,H,L,13,15,2.0,1,0,0,0,5.0
Minnesota Vikings,MIN,1992,8,1992-11-02,False,CHI,A,W,38,10,4.0,3,0,0,0,14.0
Minnesota Vikings,MIN,1992,9,1992-11-08,False,TAM,A,W,35,7,1.0,2,0,0,0,9.0
Minnesota Vikings,MIN,1992,10,1992-11-15,False,HOU,H,L,13,17,5.0,1,0,0,0,8.0
Minnesota Vikings,MIN,1992,11,1992-11-22,False,CLE,H,W,17,13,1.0,3,0,0,0,11.0
Minnesota Vikings,MIN,1992,12,1992-11-29,False,RAM,A,W,31,17,2.0,3,0,0,0,9.0
Minnesota Vikings,MIN,1992,13,1992-12-06,False,PHI,A,L,17,28,4.0,0,0,0,0,3.0
Minnesota Vikings,MIN,1992,14,1992-12-13,False,SFO,H,L,17,20,6.0,1,0,0,0,9.0
Minnesota Vikings,MIN,1992,15,1992-12-20,False,PIT,A,W,6,3,3.0,0,0,0,0,10.0
Minnesota Vikings,MIN,1992,16,1992-12-27,False,GNB,H,W,27,7,1.0,3,0,0,0,11.0
Minnesota Vikings,MIN,1992,17,1993-01-02,True,WAS,H,L,7,24,1.0,1,0,0,0,3.0
New Orleans Saints,NOR,1992,1,1992-09-06,False,PHI,A,L,13,15,6.0,0,0,0,0,7.0
New Orleans Saints,NOR,1992,2,1992-09-13,False,CHI,H,W,28,6,2.0,2,0,0,0,13.0
New Orleans Saints,NOR,1992,3,1992-09-20,False,ATL,A,W,10,7,4.0,1,0,0,0,10.0
New Orleans Saints,NOR,1992,4,1992-09-27,False,SFO,H,L,10,16,1.0,0,0,0,0,2.0
New Orleans Saints,NOR,1992,5,1992-10-04,False,DET,A,W,13,7,6.0,0,0,0,0,10.0
New Orleans Saints,NOR,1992,6,1992-10-11,False,RAM,H,W,13,10,4.0,1,0,0,0,10.0
New Orleans Saints,NOR,1992,7,1992-10-18,False,PHO,A,W,30,21,2.0,0,0,0,0,2.0
New Orleans Saints,NOR,1992,8,1992-11-01,False,TAM,H,W,23,21,3.0,1,0,0,0,5.0
New Orleans Saints,NOR,1992,9,1992-11-08,False,NWE,A,W,31,14,5.0,2,0,0,0,10.0
New Orleans Saints,NOR,1992,10,1992-11-15,False,SFO,A,L,20,21,4.0,1,0,0,0,6.0
New Orleans Saints,NOR,1992,11,1992-11-23,False,WAS,H,W,20,3,4.0,1,0,0,0,13.0
New Orleans Saints,NOR,1992,12,1992-11-29,False,MIA,H,W,24,13,5.0,1,0,0,0,11.0
New Orleans Saints,NOR,1992,13,1992-12-03,False,ATL,H,W,22,14,5.0,2,0,0,0,10.0
New Orleans Saints,NOR,1992,14,1992-12-13,False,RAM,A,W,37,14,0.0,3,0,0,0,7
New Orleans Saints,NOR,1992,15,1992-12-20,False,BUF,H,L,16,20,1.0,1,0,0,0,4.0
New Orleans Saints,NOR,1992,16,1992-12-26,False,NYJ,A,W,20,0,5.0,2,0,0,0,19.0
New Orleans Saints,NOR,1992,17,1993-01-03,True,PHI,H,L,20,36,1.0,0,0,0,0,-3.0
New England Patriots,NWE,1992,1,1992-09-13,False,RAM,A,L,0,14,1.0,0,0,0,0,2.0
New England Patriots,NWE,1992,2,1992-09-20,False,SEA,H,L,6,10,1.0,0,0,0,0,5.0
New England Patriots,NWE,1992,3,1992-09-27,False,BUF,H,L,7,41,0,0,0,0,0,-4
New England Patriots,NWE,1992,4,1992-10-04,False,NYJ,A,L,21,30,0,1,0,0,0,1
New England Patriots,NWE,1992,5,1992-10-11,False,SFO,H,L,12,24,2.0,1,0,0,0,4.0
New England Patriots,NWE,1992,6,1992-10-18,False,MIA,A,L,17,38,1.0,2,0,0,0,1.0
New England Patriots,NWE,1992,7,1992-10-25,False,CLE,H,L,17,19,2.0,0,0,0,0,3.0
New England Patriots,NWE,1992,8,1992-11-01,False,BUF,A,L,7,16,2.0,2,0,0,0,7.0
New England Patriots,NWE,1992,9,1992-11-08,False,NOR,H,L,14,31,0.0,1,0,0,0,1
New England Patriots,NWE,1992,10,1992-11-15,False,IND,A,W,37,34,0,3,0,0,0,5
New England Patriots,NWE,1992,11,1992-11-22,False,NYJ,H,W,24,3,4.0,2,0,0,0,15.0
New England Patriots,NWE,1992,12,1992-11-29,False,ATL,A,L,0,34,1.0,0,0,0,0,0.0
New England Patriots,NWE,1992,13,1992-12-06,False,IND,H,L,0,6,1.0,1,0,0,0,10.0
New England Patriots,NWE,1992,14,1992-12-13,False,KAN,A,L,20,27,3.0,0,0,0,0,3.0
New England Patriots,NWE,1992,15,1992-12-20,False,CIN,A,L,10,20,1.0,0,0,0,1,8.0
New England Patriots,NWE,1992,16,1992-12-27,False,MIA,H,L,13,16,1.0,1,0,0,0,4.0
New York Giants,NYG,1992,1,1992-09-06,False,SFO,H,L,14,31,1.0,0,0,0,0,0.0
New York Giants,NYG,1992,2,1992-09-13,False,DAL,H,L,28,34,2.0,0,0,0,0,1.0
New York Giants,NYG,1992,3,1992-09-21,False,CHI,A,W,27,14,1.0,2,0,0,0,6.0
New York Giants,NYG,1992,4,1992-10-04,False,RAI,A,L,10,13,2.0,0,0,0,0,6.0
New York Giants,NYG,1992,5,1992-10-11,False,PHO,H,W,31,21,2.0,1,0,0,0,4.0
New York Giants,NYG,1992,6,1992-10-18,False,RAM,A,L,17,38,1.0,0,0,0,0,-3.0
New York Giants,NYG,1992,7,1992-10-25,False,SEA,H,W,23,10,2.0,1,0,0,0,8.0
New York Giants,NYG,1992,8,1992-11-01,False,WAS,A,W,24,7,1.0,0,0,0,0,5.0
New York Giants,NYG,1992,9,1992-11-08,False,GNB,H,W,27,7,1.0,3,0,0,0,11.0
New York Giants,NYG,1992,10,1992-11-15,False,DEN,A,L,13,27,0,1,0,0,0,2
New York Giants,NYG,1992,11,1992-11-22,False,PHI,H,L,34,47,4.0,3,0,0,1,12.0
New York Giants,NYG,1992,12,1992-11-26,False,DAL,A,L,3,30,1.0,1,0,0,0,2.0
New York Giants,NYG,1992,13,1992-12-06,False,WAS,H,L,10,28,0,0,0,0,0,-1
New York Giants,NYG,1992,14,1992-12-12,False,PHO,A,L,0,19,2.0,0,0,0,0,3.0
New York Giants,NYG,1992,15,1992-12-19,False,KAN,H,W,35,21,1.0,2,0,0,0,5.0
New York Giants,NYG,1992,16,1992-12-27,False,PHI,A,L,10,20,4.0,0,0,0,0,5.0
New York Jets,NYJ,1992,1,1992-09-06,False,ATL,A,L,17,20,1.0,0,0,0,0,2.0
New York Jets,NYJ,1992,2,1992-09-13,False,PIT,A,L,10,27,5.0,2,0,0,0,9.0
New York Jets,NYJ,1992,3,1992-09-20,False,SFO,H,L,14,31,0.0,1,0,0,0,1
New York Jets,NYJ,1992,4,1992-09-27,False,RAM,A,L,10,18,0,1,0,0,0,3
New York Jets,NYJ,1992,5,1992-10-04,False,NWE,H,W,30,21,7.0,2,0,0,0,11.0
New York Jets,NYJ,1992,6,1992-10-11,False,IND,A,L,3,6,3.0,1,0,0,0,12.0
New York Jets,NYJ,1992,7,1992-10-26,False,BUF,H,L,20,24,2.0,1,0,0,0,4.0
New York Jets,NYJ,1992,8,1992-11-01,False,MIA,H,W,26,14,2.0,0,0,0,0,3.0
New York Jets,NYJ,1992,9,1992-11-08,False,DEN,A,L,16,27,0.0,2,0,0,0,4
New York Jets,NYJ,1992,10,1992-11-15,False,CIN,H,W,17,14,3.0,2,0,0,0,8.0
New York Jets,NYJ,1992,11,1992-11-22,False,NWE,A,L,3,24,2.0,0,0,0,0,2.0
New York Jets,NYJ,1992,12,1992-11-29,False,KAN,H,L,7,23,4.0,0,0,0,0,4.0
New York Jets,NYJ,1992,13,1992-12-06,False,BUF,A,W,24,17,1.0,2,0,0,0,6.0
New York Jets,NYJ,1992,14,1992-12-13,False,IND,H,L,6,10,5.0,2,0,0,0,13.0
New York Jets,NYJ,1992,15,1992-12-20,False,MIA,A,L,17,19,1.0,2,0,0,0,6.0
New York Jets,NYJ,1992,16,1992-12-26,False,NOR,H,L,0,20,0.0,3,0,0,0,7
Philadelphia Eagles,PHI,1992,1,1992-09-06,False,NOR,H,W,15,13,1.0,2,0,0,0,9.0
Philadelphia Eagles,PHI,1992,2,1992-09-13,False,PHO,A,W,31,14,6.0,0,0,0,0,7.0
Philadelphia Eagles,PHI,1992,3,1992-09-20,False,DEN,H,W,30,0,4.0,1,0,0,0,16.0
Philadelphia Eagles,PHI,1992,4,1992-10-05,False,DAL,H,W,31,7,4.0,3,0,0,0,14.0
Philadelphia Eagles,PHI,1992,5,1992-10-11,False,KAN,A,L,17,24,3.0,1,0,0,0,5.0
Philadelphia Eagles,PHI,1992,6,1992-10-18,False,WAS,A,L,12,16,2.0,1,0,0,0,5.0
Philadelphia Eagles,PHI,1992,7,1992-10-25,False,PHO,H,W,7,3,1.0,1,0,0,0,10.0
Philadelphia Eagles,PHI,1992,8,1992-11-01,False,DAL,A,L,10,20,1.0,1,0,0,0,4.0
Philadelphia Eagles,PHI,1992,9,1992-11-08,False,RAI,H,W,31,10,3.0,4,0,0,0,15.0
Philadelphia Eagles,PHI,1992,10,1992-11-15,False,GNB,A,L,24,27,2.0,2,0,0,0,6.0
Philadelphia Eagles,PHI,1992,11,1992-11-22,False,NYG,A,W,47,34,8.0,2,0,0,1,17.0
Philadelphia Eagles,PHI,1992,12,1992-11-29,False,SFO,A,L,14,20,2.0,0,0,0,0,3.0
Philadelphia Eagles,PHI,1992,13,1992-12-06,False,MIN,H,W,28,17,5.0,1,0,0,0,8.0
Philadelphia Eagles,PHI,1992,14,1992-12-13,False,SEA,A,W,20,17,5.0,2,0,0,0,10.0
Philadelphia Eagles,PHI,1992,15,1992-12-20,False,WAS,H,W,17,13,3.0,2,0,0,0,11.0
Philadelphia Eagles,PHI,1992,16,1992-12-27,False,NYG,H,W,20,10,4.0,1,0,0,0,10.0
Philadelphia Eagles,PHI,1992,17,1993-01-03,True,NOR,A,W,36,20,1.0,3,0,1,0,10.0
Philadelphia Eagles,PHI,1992,18,1993-01-10,True,DAL,A,L,10,34,2.0,0,0,0,0,1.0
Phoenix Cardinals,PHO,1992,1,1992-09-06,False,TAM,A,L,7,23,2.0,0,0,0,0,2.0
Phoenix Cardinals,PHO,1992,2,1992-09-13,False,PHI,H,L,14,31,4.0,0,0,0,0,3.0
Phoenix Cardinals,PHO,1992,3,1992-09-20,False,DAL,A,L,20,31,0,0,0,0,0,-1
Phoenix Cardinals,PHO,1992,4,1992-10-04,False,WAS,H,W,27,24,0,3,0,0,0,6
Phoenix Cardinals,PHO,1992,5,1992-10-11,False,NYG,A,L,21,31,1.0,0,0,0,0,0.0
Phoenix Cardinals,PHO,1992,6,1992-10-18,False,NOR,H,L,21,30,1.0,1,0,0,0,2.0
Phoenix Cardinals,PHO,1992,7,1992-10-25,False,PHI,A,L,3,7,5.0,1,0,0,0,11.0
Phoenix Cardinals,PHO,1992,8,1992-11-01,False,SFO,H,W,24,14,3.0,1,0,0,0,6.0
Phoenix Cardinals,PHO,1992,9,1992-11-08,False,RAM,A,W,20,14,0.0,1,0,0,0,3
Phoenix Cardinals,PHO,1992,10,1992-11-15,False,ATL,A,L,17,20,4.0,1,0,0,0,7.0
Phoenix Cardinals,PHO,1992,11,1992-11-22,False,DAL,H,L,10,16,0,1,0,0,0,3
Phoenix Cardinals,PHO,1992,12,1992-11-29,False,WAS,A,L,3,41,0.0,2,0,0,0,0
Phoenix Cardinals,PHO,1992,13,1992-12-06,False,SDG,H,L,21,27,1.0,1,0,0,0,3.0
Phoenix Cardinals,PHO,1992,14,1992-12-12,False,NYG,H,W,19,0,2.0,2,0,0,0,16.0
Phoenix Cardinals,PHO,1992,15,1992-12-20,False,IND,A,L,13,16,1.0,1,0,0,0,4.0
Phoenix Cardinals,PHO,1992,16,1992-12-27,False,TAM,H,L,3,7,3.0,1,0,0,0,9.0
Pittsburgh Steelers,PIT,1992,1,1992-09-06,False,HOU,A,W,29,24,0.0,5,0,0,0,10
Pittsburgh Steelers,PIT,1992,2,1992-09-13,False,NYJ,H,W,27,10,1.0,4,0,0,0,13.0
Pittsburgh Steelers,PIT,1992,3,1992-09-20,False,SDG,A,W,23,6,1.0,3,0,0,0,14.0
Pittsburgh Steelers,PIT,1992,4,1992-09-27,False,GNB,A,L,3,17,2.0,0,0,0,0,3.0
Pittsburgh Steelers,PIT,1992,5,1992-10-11,False,CLE,A,L,9,17,1.0,0,0,0,0,2.0
Pittsburgh Steelers,PIT,1992,6,1992-10-19,False,CIN,H,W,20,0,3.0,0,0,0,0,13.0
Pittsburgh Steelers,PIT,1992,7,1992-10-25,False,KAN,A,W,27,3,2.0,3,0,0,1,21.0
Pittsburgh Steelers,PIT,1992,8,1992-11-01,False,HOU,H,W,21,20,2.0,0,0,0,0,3.0
Pittsburgh Steelers,PIT,1992,9,1992-11-08,False,BUF,A,L,20,28,1.0,0,0,0,0,0.0
Pittsburgh Steelers,PIT,1992,10,1992-11-15,False,DET,H,W,17,14,3.0,2,0,0,0,8.0
Pittsburgh Steelers,PIT,1992,11,1992-11-22,False,IND,H,W,30,14,1.0,3,0,0,0,8.0
Pittsburgh Steelers,PIT,1992,12,1992-11-29,False,CIN,A,W,21,9,10.0,0,0,0,0,14.0
Pittsburgh Steelers,PIT,1992,13,1992-12-06,False,SEA,H,W,20,14,3.0,1,0,0,0,6.0
Pittsburgh Steelers,PIT,1992,14,1992-12-13,False,CHI,A,L,6,30,4.0,0,0,0,0,3.0
Pittsburgh Steelers,PIT,1992,15,1992-12-20,False,MIN,H,L,3,6,1.0,0,0,0,0,8.0
Pittsburgh Steelers,PIT,1992,16,1992-12-27,False,CLE,H,W,23,13,1.0,1,0,0,0,7.0
Pittsburgh Steelers,PIT,1992,17,1993-01-09,True,BUF,H,L,3,24,1.0,0,0,0,0,1.0
Los Angeles Raiders,RAI,1992,1,1992-09-06,False,DEN,A,L,13,17,4.0,1,0,0,0,7.0
Los Angeles Raiders,RAI,1992,2,1992-09-13,False,CIN,A,L,21,24,0,0,0,0,0,0
Los Angeles Raiders,RAI,1992,3,1992-09-20,False,CLE,H,L,16,28,0,0,0,0,0,-1
Los Angeles Raiders,RAI,1992,4,1992-09-28,False,KAN,A,L,7,27,3.0,1,0,0,0,5.0
Los Angeles Raiders,RAI,1992,5,1992-10-04,False,NYG,H,W,13,10,3.0,1,0,0,0,9.0
Los Angeles Raiders,RAI,1992,6,1992-10-11,False,BUF,H,W,20,3,5.0,1,0,0,0,14.0
Los Angeles Raiders,RAI,1992,7,1992-10-18,False,SEA,A,W,19,0,6.0,1,0,0,0,18.0
Los Angeles Raiders,RAI,1992,8,1992-10-25,False,DAL,H,L,13,28,5.0,0,0,0,0,4.0
Los Angeles Raiders,RAI,1992,9,1992-11-08,False,PHI,A,L,10,31,3.0,1,0,0,0,4.0
Los Angeles Raiders,RAI,1992,10,1992-11-15,False,SEA,H,W,20,3,5.0,1,0,0,0,14.0
Los Angeles Raiders,RAI,1992,11,1992-11-22,False,DEN,H,W,24,0,3.0,2,0,0,0,17.0
Los Angeles Raiders,RAI,1992,12,1992-11-29,False,SDG,A,L,3,27,0,1,0,0,0,2
Los Angeles Raiders,RAI,1992,13,1992-12-06,False,KAN,H,W,28,7,4.0,1,0,0,0,10.0
Los Angeles Raiders,RAI,1992,14,1992-12-14,False,MIA,A,L,7,20,1.0,1,0,0,0,4.0
Los Angeles Raiders,RAI,1992,15,1992-12-20,False,SDG,H,L,14,36,2.0,0,0,0,0,-2.0
Los Angeles Raiders,RAI,1992,16,1992-12-26,False,WAS,A,W,21,20,1.0,0,0,0,0,2.0
Los Angeles Rams,RAM,1992,1,1992-09-06,False,BUF,A,L,7,40,2.0,1,0,0,0,0.0
Los Angeles Rams,RAM,1992,2,1992-09-13,False,NWE,H,W,14,0,7.0,4,0,0,0,25.0
Los Angeles Rams,RAM,1992,3,1992-09-20,False,MIA,A,L,10,26,0,1,0,0,0,2
Los Angeles Rams,RAM,1992,4,1992-09-27,False,NYJ,H,W,18,10,2.0,2,0,0,0,10.0
Los Angeles Rams,RAM,1992,5,1992-10-04,False,SFO,A,L,24,27,2.0,1,0,0,0,4.0
Los Angeles Rams,RAM,1992,6,1992-10-11,False,NOR,A,L,10,13,0,1,0,0,0,6
Los Angeles Rams,RAM,1992,7,1992-10-18,False,NYG,H,W,38,17,2.0,2,0,0,0,7.0
Los Angeles Rams,RAM,1992,8,1992-11-01,False,ATL,A,L,28,30,2.0,0,0,0,0,1.0
Los Angeles Rams,RAM,1992,9,1992-11-08,False,PHO,H,L,14,20,1.0,0,0,0,0,2.0
Los Angeles Rams,RAM,1992,10,1992-11-15,False,DAL,A,W,27,23,1.0,0,0,0,0,1.0
Los Angeles Rams,RAM,1992,11,1992-11-22,False,SFO,H,L,10,27,3.0,0,0,0,0,3.0
Los Angeles Rams,RAM,1992,12,1992-11-29,False,MIN,H,L,17,31,0,1,0,0,0,1
Los Angeles Rams,RAM,1992,13,1992-12-06,False,TAM,A,W,31,27,3.0,2,0,0,0,7.0
Los Angeles Rams,RAM,1992,14,1992-12-13,False,NOR,H,L,14,37,0,0,0,0,0,-4
Los Angeles Rams,RAM,1992,15,1992-12-20,False,GNB,A,L,13,28,3.0,1,0,0,0,4.0
Los Angeles Rams,RAM,1992,16,1992-12-27,False,ATL,H,W,38,27,2.0,2,0,0,2,18.0
San Diego Chargers,SDG,1992,1,1992-09-06,False,KAN,H,L,10,24,3.0,1,0,0,0,5.0
San Diego Chargers,SDG,1992,2,1992-09-13,False,DEN,A,L,13,21,2.0,1,0,0,0,4.0
San Diego Chargers,SDG,1992,3,1992-09-20,False,PIT,H,L,6,23,1.0,1,0,0,0,3.0
San Diego Chargers,SDG,1992,4,1992-09-27,False,HOU,A,L,0,27,0,1,0,0,0,2
San Diego Chargers,SDG,1992,5,1992-10-04,False,SEA,H,W,17,6,4.0,3,0,0,0,17.0
San Diego Chargers,SDG,1992,6,1992-10-18,False,IND,A,W,34,14,5.0,2,0,0,0,10.0
San Diego Chargers,SDG,1992,7,1992-10-25,False,DEN,H,W,24,21,0,3,0,0,0,6
San Diego Chargers,SDG,1992,8,1992-11-01,False,IND,H,W,26,0,7.0,1,0,0,0,19.0
San Diego Chargers,SDG,1992,9,1992-11-08,False,KAN,A,L,14,16,2.0,0,0,0,0,3.0
San Diego Chargers,SDG,1992,10,1992-11-15,False,CLE,A,W,14,13,3.0,2,0,0,0,11.0
San Diego Chargers,SDG,1992,11,1992-11-22,False,TAM,H,W,29,14,6.0,0,0,0,0,7.0
San Diego Chargers,SDG,1992,12,1992-11-29,False,RAI,H,W,27,3,2.0,1,0,0,0,11.0
San Diego Chargers,SDG,1992,13,1992-12-06,False,PHO,A,W,27,21,6.0,2,0,0,0,10.0
San Diego Chargers,SDG,1992,14,1992-12-13,False,CIN,H,W,27,10,4.0,2,0,0,0,12.0
San Diego Chargers,SDG,1992,15,1992-12-20,False,RAI,A,W,36,14,4.0,3,0,0,0,11.0
San Diego Chargers,SDG,1992,16,1992-12-27,False,SEA,A,W,31,14,2.0,2,0,0,0,7.0
San Diego Chargers,SDG,1992,17,1993-01-02,True,KAN,H,W,17,0,7.0,2,0,0,0,21.0
San Diego Chargers,SDG,1992,18,1993-01-10,True,MIA,A,L,0,31,0.0,0,0,0,0,-1
Seattle Seahawks,SEA,1992,1,1992-09-06,False,CIN,H,L,3,21,2.0,1,0,0,0,4.0
Seattle Seahawks,SEA,1992,2,1992-09-13,False,KAN,A,L,7,26,3.0,0,0,0,0,3.0
Seattle Seahawks,SEA,1992,3,1992-09-20,False,NWE,A,W,10,6,6.0,1,0,0,0,15.0
Seattle Seahawks,SEA,1992,4,1992-09-27,False,MIA,H,L,17,19,2.0,3,0,0,0,9.0
Seattle Seahawks,SEA,1992,5,1992-10-04,False,SDG,A,L,6,17,2.0,0,0,0,0,3.0
Seattle Seahawks,SEA,1992,6,1992-10-11,False,DAL,A,L,0,27,1.0,2,0,0,0,5.0
Seattle Seahawks,SEA,1992,7,1992-10-18,False,RAI,H,L,0,19,2.0,0,0,0,0,3.0
Seattle Seahawks,SEA,1992,8,1992-10-25,False,NYG,A,L,10,23,1.0,0,0,0,0,1.0
Seattle Seahawks,SEA,1992,9,1992-11-08,False,WAS,H,L,3,16,1.0,1,0,0,0,4.0
Seattle Seahawks,SEA,1992,10,1992-11-15,False,RAI,A,L,3,20,2.0,1,0,0,0,5.0
Seattle Seahawks,SEA,1992,11,1992-11-22,False,KAN,H,L,14,24,4.0,0,0,0,0,4.0
Seattle Seahawks,SEA,1992,12,1992-11-30,False,DEN,H,W,16,13,3.0,2,0,0,0,11.0
Seattle Seahawks,SEA,1992,13,1992-12-06,False,PIT,A,L,14,20,2.0,5,0,0,0,13.0
Seattle Seahawks,SEA,1992,14,1992-12-13,False,PHI,H,L,17,20,10.0,1,0,0,0,13.0
Seattle Seahawks,SEA,1992,15,1992-12-20,False,DEN,A,L,6,10,2.0,3,0,0,0,12.0
Seattle Seahawks,SEA,1992,16,1992-12-27,False,SDG,H,L,14,31,3.0,0,0,0,0,2.0
San Francisco 49ers,SFO,1992,1,1992-09-06,False,NYG,A,W,31,14,4.0,1,0,0,0,7.0
San Francisco 49ers,SFO,1992,2,1992-09-13,False,BUF,H,L,31,34,3.0,1,0,0,0,4.0
San Francisco 49ers,SFO,1992,3,1992-09-20,False,NYJ,A,W,31,14,3.0,1,0,0,0,6.0
San Francisco 49ers,SFO,1992,4,1992-09-27,False,NOR,A,W,16,10,1.0,3,0,0,0,11.0
San Francisco 49ers,SFO,1992,5,1992-10-04,False,RAM,H,W,27,24,1.0,1,0,0,0,3.0
San Francisco 49ers,SFO,1992,6,1992-10-11,False,NWE,A,W,24,12,4.0,2,0,0,0,12.0
San Francisco 49ers,SFO,1992,7,1992-10-18,False,ATL,H,W,56,17,4.0,2,0,0,0,9.0
San Francisco 49ers,SFO,1992,8,1992-11-01,False,PHO,A,L,14,24,0,1,0,0,0,2
San Francisco 49ers,SFO,1992,9,1992-11-09,False,ATL,A,W,41,3,3.0,3,0,0,1,22.0
San Francisco 49ers,SFO,1992,10,1992-11-15,False,NOR,H,W,21,20,1.0,0,0,0,0,2.0
San Francisco 49ers,SFO,1992,11,1992-11-22,False,RAM,A,W,27,10,1.0,0,0,0,0,5.0
San Francisco 49ers,SFO,1992,12,1992-11-29,False,PHI,H,W,20,14,2.0,0,0,0,0,3.0
San Francisco 49ers,SFO,1992,13,1992-12-06,False,MIA,H,W,27,3,1.0,0,0,0,0,8.0
San Francisco 49ers,SFO,1992,14,1992-12-13,False,MIN,A,W,20,17,3.0,1,0,0,0,6.0
San Francisco 49ers,SFO,1992,15,1992-12-19,False,TAM,H,W,21,14,2.0,0,0,0,0,3.0
San Francisco 49ers,SFO,1992,16,1992-12-28,False,DET,H,W,24,6,6.0,1,0,0,0,15.0
San Francisco 49ers,SFO,1992,17,1993-01-09,True,WAS,H,W,20,13,5.0,2,0,0,0,13.0
San Francisco 49ers,SFO,1992,18,1993-01-17,True,DAL,H,L,20,30,4.0,0,0,0,0,3.0
Tampa Bay Buccaneers,TAM,1992,1,1992-09-06,False,PHO,H,W,23,7,2.0,2,0,0,0,10.0
Tampa Bay Buccaneers,TAM,1992,2,1992-09-13,False,GNB,H,W,31,3,6.0,2,0,0,0,17.0
Tampa Bay Buccaneers,TAM,1992,3,1992-09-20,False,MIN,A,L,20,26,5.0,1,0,0,0,7.0
Tampa Bay Buccaneers,TAM,1992,4,1992-09-27,False,DET,A,W,27,23,3.0,0,0,0,0,3.0
Tampa Bay Buccaneers,TAM,1992,5,1992-10-04,False,IND,H,L,14,24,1.0,3,0,0,0,7.0
Tampa Bay Buccaneers,TAM,1992,6,1992-10-18,False,CHI,A,L,14,31,2.0,1,0,0,0,3.0
Tampa Bay Buccaneers,TAM,1992,7,1992-10-25,False,DET,H,L,7,38,0,1,0,0,0,-2
Tampa Bay Buccaneers,TAM,1992,8,1992-11-01,False,NOR,A,L,21,23,1.0,3,0,0,0,7.0
Tampa Bay Buccaneers,TAM,1992,9,1992-11-08,False,MIN,H,L,7,35,5.0,2,0,0,0,5.0
Tampa Bay Buccaneers,TAM,1992,10,1992-11-15,False,CHI,H,W,20,17,4.0,0,0,0,0,5.0
Tampa Bay Buccaneers,TAM,1992,11,1992-11-22,False,SDG,A,L,14,29,0,0,0,0,0,-1
Tampa Bay Buccaneers,TAM,1992,12,1992-11-29,False,GNB,A,L,14,19,1.0,0,0,0,0,2.0
Tampa Bay Buccaneers,TAM,1992,13,1992-12-06,False,RAM,H,L,27,31,0,0,0,0,0,-1
Tampa Bay Buccaneers,TAM,1992,14,1992-12-13,False,ATL,H,L,7,35,2.0,0,0,0,0,-2.0
Tampa Bay Buccaneers,TAM,1992,15,1992-12-19,False,SFO,A,L,14,21,3.0,0,0,0,0,3.0
Tampa Bay Buccaneers,TAM,1992,16,1992-12-27,False,PHO,A,W,7,3,1.0,5,0,0,0,18.0
Washington Redskins,WAS,1992,1,1992-09-07,False,DAL,A,L,10,23,0,2,0,0,0,4
Washington Redskins,WAS,1992,2,1992-09-13,False,ATL,H,W,24,17,1.0,1,0,0,0,4.0
Washington Redskins,WAS,1992,3,1992-09-20,False,DET,H,W,13,10,2.0,1,0,0,0,8.0
Washington Redskins,WAS,1992,4,1992-10-04,False,PHO,A,L,24,27,5.0,2,0,0,0,9.0
Washington Redskins,WAS,1992,5,1992-10-12,False,DEN,H,W,34,3,5.0,3,0,0,0,18.0
Washington Redskins,WAS,1992,6,1992-10-18,False,PHI,H,W,16,12,5.0,1,0,0,0,11.0
Washington Redskins,WAS,1992,7,1992-10-25,False,MIN,A,W,15,13,4.0,1,0,0,0,10.0
Washington Redskins,WAS,1992,8,1992-11-01,False,NYG,H,L,7,24,2.0,0,0,0,1,8.0
Washington Redskins,WAS,1992,9,1992-11-08,False,SEA,A,W,16,3,2.0,2,0,0,0,13.0
Washington Redskins,WAS,1992,10,1992-11-15,False,KAN,A,L,16,35,2.0,1,0,0,0,0.0
Washington Redskins,WAS,1992,11,1992-11-23,False,NOR,A,L,3,20,0,0,0,0,0,1
Washington Redskins,WAS,1992,12,1992-11-29,False,PHO,H,W,41,3,2.0,5,0,0,0,19.0
Washington Redskins,WAS,1992,13,1992-12-06,False,NYG,A,W,28,10,2.0,0,0,0,0,6.0
Washington Redskins,WAS,1992,14,1992-12-13,False,DAL,H,W,20,17,4.0,1,0,0,0,7.0
Washington Redskins,WAS,1992,15,1992-12-20,False,PHI,A,L,13,17,1.0,1,0,0,0,4.0
Washington Redskins,WAS,1992,16,1992-12-26,False,RAI,H,L,20,21,2.0,2,0,0,0,6.0
Washington Redskins,WAS,1992,17,1993-01-02,True,MIN,A,W,24,7,4.0,2,0,0,0,12.0
Washington Redskins,WAS,1992,18,1993-01-09,True,SFO,A,L,13,20,2.0,1,0,0,0,5.0
Atlanta Falcons,ATL,1993,1,1993-09-05,False,DET,A,L,13,30,2.0,0,0,0,0,1.0
Atlanta Falcons,ATL,1993,2,1993-09-12,False,NOR,H,L,31,34,2.0,1,0,0,0,3.0
Atlanta Falcons,ATL,1993,3,1993-09-19,False,SFO,A,L,30,37,0,1,0,0,0,-2
Atlanta Falcons,ATL,1993,4,1993-09-27,False,PIT,H,L,17,45,0,0,0,0,1,2
Atlanta Falcons,ATL,1993,5,1993-10-03,False,CHI,A,L,0,6,1.0,0,0,0,0,8.0
Atlanta Falcons,ATL,1993,6,1993-10-14,False,RAM,H,W,30,24,2.0,2,0,0,0,6.0
Atlanta Falcons,ATL,1993,7,1993-10-24,False,NOR,A,W,26,15,1.0,2,0,0,0,6.0
Atlanta Falcons,ATL,1993,8,1993-10-31,False,TAM,H,L,24,31,2.0,2,0,0,0,5.0
Atlanta Falcons,ATL,1993,9,1993-11-14,False,RAM,A,W,13,0,6.0,2,0,0,0,20.0
Atlanta Falcons,ATL,1993,10,1993-11-21,False,DAL,H,W,27,14,2.0,0,0,0,0,3.0
Atlanta Falcons,ATL,1993,11,1993-11-28,False,CLE,H,W,17,14,2.0,0,0,0,0,3.0
Atlanta Falcons,ATL,1993,12,1993-12-05,False,HOU,A,L,17,33,1.0,0,0,0,0,0.0
Atlanta Falcons,ATL,1993,13,1993-12-11,False,SFO,H,W,27,24,3.0,2,0,0,0,7.0
Atlanta Falcons,ATL,1993,14,1993-12-19,False,WAS,A,L,17,30,0,1,0,0,0,1
Atlanta Falcons,ATL,1993,15,1993-12-26,False,CIN,A,L,17,21,2.0,0,0,0,0,2.0
Atlanta Falcons,ATL,1993,16,1994-01-02,False,PHO,H,L,10,27,0,0,0,0,0,0
Buffalo Bills,BUF,1993,1,1993-09-05,False,NWE,H,W,38,14,3.0,1,0,0,1,12.0
Buffalo Bills,BUF,1993,2,1993-09-12,False,DAL,A,W,13,10,1.0,2,0,0,0,9.0
Buffalo Bills,BUF,1993,3,1993-09-26,False,MIA,H,L,13,22,1.0,1,0,0,0,3.0
Buffalo Bills,BUF,1993,4,1993-10-03,False,NYG,H,W,17,14,2.0,3,0,0,0,9.0
Buffalo Bills,BUF,1993,5,1993-10-11,False,HOU,H,W,35,7,4.0,4,0,0,0,16.0
Buffalo Bills,BUF,1993,6,1993-10-24,False,NYJ,A,W,19,10,3.0,2,0,0,0,11.0
Buffalo Bills,BUF,1993,7,1993-11-01,False,WAS,H,W,24,10,2.0,4,0,0,0,14.0
Buffalo Bills,BUF,1993,8,1993-11-07,False,NWE,A,W,13,10,2.0,1,0,0,0,8.0
Buffalo Bills,BUF,1993,9,1993-11-15,False,PIT,A,L,0,23,4.0,0,0,0,0,4.0
Buffalo Bills,BUF,1993,10,1993-11-21,False,IND,H,W,23,9,2.0,1,0,0,0,8.0
Buffalo Bills,BUF,1993,11,1993-11-28,False,KAN,A,L,7,23,0,1,0,0,0,2
Buffalo Bills,BUF,1993,12,1993-12-05,False,RAI,H,L,24,25,5.0,0,0,0,0,5.0
Buffalo Bills,BUF,1993,13,1993-12-12,False,PHI,A,W,10,7,1.0,0,0,0,0,5.0
Buffalo Bills,BUF,1993,14,1993-12-19,False,MIA,A,W,47,34,3.0,3,0,0,0,8.0
Buffalo Bills,BUF,1993,15,1993-12-26,False,NYJ,H,W,16,14,0,0,0,0,0,1
Buffalo Bills,BUF,1993,16,1994-01-02,False,IND,A,W,30,10,4.0,0,0,0,0,8.0
Buffalo Bills,BUF,1993,17,1994-01-15,True,RAI,H,W,29,23,2.0,0,0,0,0,2.0
Buffalo Bills,BUF,1993,18,1994-01-23,True,KAN,H,W,30,13,4.0,2,0,0,0,12.0
Buffalo Bills,BUF,1993,19,1994-01-30,True,DAL,N,L,13,30,2.0,1,0,0,0,3.0
Chicago Bears,CHI,1993,1,1993-09-05,False,NYG,H,L,20,26,4.0,0,0,0,0,4.0
Chicago Bears,CHI,1993,2,1993-09-12,False,MIN,A,L,7,10,4.0,0,0,0,0,8.0
Chicago Bears,CHI,1993,3,1993-09-26,False,TAM,H,W,47,17,2.0,4,0,0,0,11.0
Chicago Bears,CHI,1993,4,1993-10-03,False,ATL,H,W,6,0,3.0,2,0,0,0,17.0
Chicago Bears,CHI,1993,5,1993-10-10,False,PHI,A,W,17,6,7.0,2,0,0,0,18.0
Chicago Bears,CHI,1993,6,1993-10-25,False,MIN,H,L,12,19,1.0,1,0,0,0,4.0
Chicago Bears,CHI,1993,7,1993-10-31,False,GNB,A,L,3,17,2.0,1,0,0,0,5.0
Chicago Bears,CHI,1993,8,1993-11-07,False,RAI,H,L,14,16,3.0,0,0,0,0,4.0
Chicago Bears,CHI,1993,9,1993-11-14,False,SDG,A,W,16,13,3.0,0,0,0,0,7.0
Chicago Bears,CHI,1993,10,1993-11-21,False,KAN,A,W,19,17,5.0,1,0,0,0,8.0
Chicago Bears,CHI,1993,11,1993-11-25,False,DET,A,W,10,6,5.0,2,0,0,0,16.0
Chicago Bears,CHI,1993,12,1993-12-05,False,GNB,H,W,30,17,0.0,3,0,0,0,7
Chicago Bears,CHI,1993,13,1993-12-12,False,TAM,A,L,10,13,3.0,1,0,0,0,9.0
Chicago Bears,CHI,1993,14,1993-12-18,False,DEN,H,L,3,13,3.0,0,0,0,0,7.0
Chicago Bears,CHI,1993,15,1993-12-26,False,DET,H,L,14,20,0.0,1,0,0,0,3
Chicago Bears,CHI,1993,16,1994-01-02,False,RAM,A,L,6,20,0,0,0,0,0,1
Cincinnati Bengals,CIN,1993,1,1993-09-05,False,CLE,A,L,14,27,2.0,0,0,0,0,2.0
Cincinnati Bengals,CIN,1993,2,1993-09-12,False,IND,H,L,6,9,1.0,2,0,0,0,9.0
Cincinnati Bengals,CIN,1993,3,1993-09-19,False,PIT,A,L,7,34,1.0,0,0,0,0,0.0
Cincinnati Bengals,CIN,1993,4,1993-09-26,False,SEA,H,L,10,19,2.0,0,0,0,0,3.0
Cincinnati Bengals,CIN,1993,5,1993-10-10,False,KAN,A,L,15,17,3.0,0,0,0,0,4.0
Cincinnati Bengals,CIN,1993,6,1993-10-17,False,CLE,H,L,17,28,2.0,1,0,0,0,3.0
Cincinnati Bengals,CIN,1993,7,1993-10-24,False,HOU,A,L,12,28,1.0,1,0,0,0,2.0
Cincinnati Bengals,CIN,1993,8,1993-11-07,False,PIT,H,L,16,24,0.0,1,0,0,0,2
Cincinnati Bengals,CIN,1993,9,1993-11-14,False,HOU,H,L,3,38,1.0,2,0,0,0,1.0
Cincinnati Bengals,CIN,1993,10,1993-11-21,False,NYJ,A,L,12,17,2.0,0,0,0,0,3.0
Cincinnati Bengals,CIN,1993,11,1993-11-28,False,RAI,H,W,16,10,4.0,1,0,0,0,10.0
Cincinnati Bengals,CIN,1993,12,1993-12-05,False,SFO,A,L,8,21,1.0,2,0,0,0,5.0
Cincinnati Bengals,CIN,1993,13,1993-12-12,False,NWE,A,L,2,7,0,0,0,0,0,4
Cincinnati Bengals,CIN,1993,14,1993-12-19,False,RAM,H,W,15,3,0,0,0,0,0,7
Cincinnati Bengals,CIN,1993,15,1993-12-26,False,ATL,H,W,21,17,2.0,1,0,0,0,5.0
Cincinnati Bengals,CIN,1993,16,1994-01-02,False,NOR,A,L,13,20,0,1,0,0,0,3
Cleveland Browns,CLE,1993,1,1993-09-05,False,CIN,H,W,27,14,6.0,2,0,0,0,11.0
Cleveland Browns,CLE,1993,2,1993-09-13,False,SFO,H,W,23,13,1.0,3,0,0,0,11.0
Cleveland Browns,CLE,1993,3,1993-09-19,False,RAI,A,W,19,16,6.0,0,0,0,0,7.0
Cleveland Browns,CLE,1993,4,1993-09-26,False,IND,A,L,10,23,0,0,0,0,0,0
Cleveland Browns,CLE,1993,5,1993-10-10,False,MIA,H,L,14,24,1.0,1,0,0,0,3.0
Cleveland Browns,CLE,1993,6,1993-10-17,False,CIN,A,W,28,17,4.0,0,0,0,0,5.0
Cleveland Browns,CLE,1993,7,1993-10-24,False,PIT,H,W,28,23,2.0,1,0,0,2,16.0
Cleveland Browns,CLE,1993,8,1993-11-07,False,DEN,H,L,14,29,1.0,0,0,0,0,0.0
Cleveland Browns,CLE,1993,9,1993-11-14,False,SEA,A,L,5,22,2.0,0,0,0,0,2.0
Cleveland Browns,CLE,1993,10,1993-11-21,False,HOU,H,L,20,27,1.0,2,0,0,0,5.0
Cleveland Browns,CLE,1993,11,1993-11-28,False,ATL,A,L,14,17,2.0,0,0,0,0,3.0
Cleveland Browns,CLE,1993,12,1993-12-05,False,NOR,H,W,17,13,9.0,0,0,0,0,13.0
Cleveland Browns,CLE,1993,13,1993-12-12,False,HOU,A,L,17,19,4.0,1,0,0,0,7.0
Cleveland Browns,CLE,1993,14,1993-12-19,False,NWE,H,L,17,20,1.0,1,0,0,0,4.0
Cleveland Browns,CLE,1993,15,1993-12-26,False,RAM,A,W,42,14,1.0,2,0,0,1,12.0
Cleveland Browns,CLE,1993,16,1994-01-02,False,PIT,A,L,9,16,7.0,0,0,0,0,8.0
Dallas Cowboys,DAL,1993,1,1993-09-06,False,WAS,A,L,16,35,0,0,0,0,0,-4
Dallas Cowboys,DAL,1993,2,1993-09-12,False,BUF,H,L,10,13,4.0,1,0,0,0,10.0
Dallas Cowboys,DAL,1993,3,1993-09-19,False,PHO,A,W,17,10,2.0,1,0,0,0,8.0
Dallas Cowboys,DAL,1993,4,1993-10-03,False,GNB,H,W,36,14,1.0,0,0,0,0,2.0
Dallas Cowboys,DAL,1993,5,1993-10-10,False,IND,A,W,27,3,1.0,4,0,0,0,16.0
Dallas Cowboys,DAL,1993,6,1993-10-17,False,SFO,H,W,26,17,4.0,0,0,0,0,5.0
Dallas Cowboys,DAL,1993,7,1993-10-31,False,PHI,A,W,23,10,2.0,0,0,0,0,6.0
Dallas Cowboys,DAL,1993,8,1993-11-07,False,NYG,H,W,31,9,5.0,0,0,0,0,9.0
Dallas Cowboys,DAL,1993,9,1993-11-14,False,PHO,H,W,20,15,0,1,0,0,0,3
Dallas Cowboys,DAL,1993,10,1993-11-21,False,ATL,A,L,14,27,0,0,0,0,0,0
Dallas Cowboys,DAL,1993,11,1993-11-25,False,MIA,H,L,14,16,2.0,2,0,0,1,13.0
Dallas Cowboys,DAL,1993,12,1993-12-06,False,PHI,H,W,23,17,0,1,0,0,0,3
Dallas Cowboys,DAL,1993,13,1993-12-12,False,MIN,A,W,37,20,3.0,1,0,0,0,6.0
Dallas Cowboys,DAL,1993,14,1993-12-18,False,NYJ,A,W,28,7,2.0,1,0,0,0,8.0
Dallas Cowboys,DAL,1993,15,1993-12-26,False,WAS,H,W,38,3,4.0,2,0,0,1,21.0
Dallas Cowboys,DAL,1993,16,1994-01-02,False,NYG,A,W,16,13,4.0,0,0,0,0,8.0
Dallas Cowboys,DAL,1993,17,1994-01-16,True,GNB,H,W,27,17,2.0,2,0,0,0,7.0
Dallas Cowboys,DAL,1993,18,1994-01-23,True,SFO,H,W,38,21,4.0,1,0,0,0,6.0
Dallas Cowboys,DAL,1993,19,1994-01-30,True,BUF,N,W,30,13,3.5,1,0,0,0,9.5
Denver Broncos,DEN,1993,1,1993-09-05,False,NYJ,A,W,26,20,3.0,1,0,0,0,6.0
Denver Broncos,DEN,1993,2,1993-09-12,False,SDG,H,W,34,17,4.0,1,0,0,0,7.0
Denver Broncos,DEN,1993,3,1993-09-20,False,KAN,A,L,7,15,3.0,0,0,0,0,4.0
Denver Broncos,DEN,1993,4,1993-10-03,False,IND,H,W,35,13,1.0,2,0,0,0,9.0
Denver Broncos,DEN,1993,5,1993-10-10,False,GNB,A,L,27,30,0.0,3,0,0,0,5
Denver Broncos,DEN,1993,6,1993-10-18,False,RAI,H,L,20,23,2.0,1,0,0,0,4.0
Denver Broncos,DEN,1993,7,1993-10-31,False,SEA,H,W,28,17,4.0,2,0,0,0,9.0
Denver Broncos,DEN,1993,8,1993-11-07,False,CLE,A,W,29,14,6.0,0,0,0,0,7.0
Denver Broncos,DEN,1993,9,1993-11-14,False,MIN,H,L,23,26,1.0,1,0,0,0,3.0
Denver Broncos,DEN,1993,10,1993-11-21,False,PIT,H,W,37,13,4.0,1,0,0,0,10.0
Denver Broncos,DEN,1993,11,1993-11-28,False,SEA,A,W,17,9,6.0,1,0,0,0,12.0
Denver Broncos,DEN,1993,12,1993-12-05,False,SDG,A,L,10,13,2.0,0,0,0,0,6.0
Denver Broncos,DEN,1993,13,1993-12-12,False,KAN,H,W,27,21,1.0,1,0,0,0,3.0
Denver Broncos,DEN,1993,14,1993-12-18,False,CHI,A,W,13,3,4.0,3,0,0,0,17.0
Denver Broncos,DEN,1993,15,1993-12-26,False,TAM,H,L,10,17,2.0,1,0,0,0,5.0
Denver Broncos,DEN,1993,16,1994-01-02,False,RAI,A,L,30,33,3.0,0,0,0,0,2.0
Denver Broncos,DEN,1993,17,1994-01-09,True,RAI,A,L,24,42,2.0,0,0,0,0,-2.0
Detroit Lions,DET,1993,1,1993-09-05,False,ATL,H,W,30,13,6.0,2,0,0,0,14.0
Detroit Lions,DET,1993,2,1993-09-12,False,NWE,A,W,19,16,2.0,1,0,0,0,5.0
Detroit Lions,DET,1993,3,1993-09-19,False,NOR,A,L,3,14,2.0,0,0,0,0,3.0
Detroit Lions,DET,1993,4,1993-09-26,False,PHO,H,W,26,20,4.0,0,0,0,0,5.0
Detroit Lions,DET,1993,5,1993-10-03,False,TAM,A,L,10,27,3.0,0,0,0,0,3.0
Detroit Lions,DET,1993,6,1993-10-17,False,SEA,H,W,30,10,3.0,3,0,0,1,19.0
Detroit Lions,DET,1993,7,1993-10-24,False,RAM,A,W,16,13,3.0,1,0,0,0,9.0
Detroit Lions,DET,1993,8,1993-10-31,False,MIN,A,W,30,27,1.0,1,0,0,0,3.0
Detroit Lions,DET,1993,9,1993-11-07,False,TAM,H,W,23,0,3.0,1,0,0,0,15.0
Detroit Lions,DET,1993,10,1993-11-21,False,GNB,A,L,17,26,1.0,2,0,0,0,5.0
Detroit Lions,DET,1993,11,1993-11-25,False,CHI,H,L,6,10,4.0,1,0,0,0,10.0
Detroit Lions,DET,1993,12,1993-12-05,False,MIN,H,L,0,13,3.0,0,0,0,0,7.0
Detroit Lions,DET,1993,13,1993-12-12,False,PHO,A,W,21,14,4.0,3,0,0,0,11.0
Detroit Lions,DET,1993,14,1993-12-19,False,SFO,H,L,17,55,0,0,0,0,0,-4
Detroit Lions,DET,1993,15,1993-12-26,False,CHI,A,W,20,14,2.0,0,0,0,0,3.0
Detroit Lions,DET,1993,16,1994-01-02,False,GNB,H,W,30,20,2.0,4,0,0,0,11.0
Detroit Lions,DET,1993,17,1994-01-08,True,GNB,H,L,24,28,0,1,0,0,0,1
Green Bay Packers,GNB,1993,1,1993-09-05,False,RAM,H,W,36,6,0.0,2,0,0,0,11
Green Bay Packers,GNB,1993,2,1993-09-12,False,PHI,H,L,17,20,3.0,1,0,0,0,6.0
Green Bay Packers,GNB,1993,3,1993-09-26,False,MIN,A,L,13,15,2.0,0,0,0,0,3.0
Green Bay Packers,GNB,1993,4,1993-10-03,False,DAL,A,L,14,36,2.0,0,0,0,1,4.0
Green Bay Packers,GNB,1993,5,1993-10-10,False,DEN,H,W,30,27,4.0,1,0,0,0,6.0
Green Bay Packers,GNB,1993,6,1993-10-24,False,TAM,A,W,37,14,2.0,3,0,0,0,9.0
Green Bay Packers,GNB,1993,7,1993-10-31,False,CHI,H,W,17,3,7.0,1,0,0,0,16.0
Green Bay Packers,GNB,1993,8,1993-11-08,False,KAN,A,L,16,23,4.0,0,0,0,0,4.0
Green Bay Packers,GNB,1993,9,1993-11-14,False,NOR,A,W,19,17,5.0,2,0,0,0,10.0
Green Bay Packers,GNB,1993,10,1993-11-21,False,DET,H,W,26,17,2.0,1,0,0,0,5.0
Green Bay Packers,GNB,1993,11,1993-11-28,False,TAM,H,W,13,10,3.0,0,0,0,0,7.0
Green Bay Packers,GNB,1993,12,1993-12-05,False,CHI,A,L,17,30,1.0,1,0,0,0,2.0
Green Bay Packers,GNB,1993,13,1993-12-12,False,SDG,A,W,20,13,3.0,3,0,0,0,13.0
Green Bay Packers,GNB,1993,14,1993-12-19,False,MIN,H,L,17,21,0.0,0,0,0,0,0
Green Bay Packers,GNB,1993,15,1993-12-26,False,RAI,H,W,28,0,8.0,2,0,0,0,22.0
Green Bay Packers,GNB,1993,16,1994-01-02,False,DET,A,L,20,30,0.0,1,0,0,0,1
Green Bay Packers,GNB,1993,17,1994-01-08,True,DET,A,W,28,24,4.0,2,0,0,0,8.0
Green Bay Packers,GNB,1993,18,1994-01-16,True,DAL,A,L,17,27,4.0,2,0,0,0,8.0
Houston Oilers,HOU,1993,1,1993-09-05,False,NOR,A,L,21,33,2.0,0,0,0,0,1.0
Houston Oilers,HOU,1993,2,1993-09-12,False,KAN,H,W,30,0,4.0,2,0,0,0,18.0
Houston Oilers,HOU,1993,3,1993-09-19,False,SDG,A,L,17,18,1.0,1,0,0,0,4.0
Houston Oilers,HOU,1993,4,1993-09-26,False,RAM,H,L,13,28,0,0,0,0,0,-1
Houston Oilers,HOU,1993,5,1993-10-11,False,BUF,A,L,7,35,2.0,0,0,0,0,-2.0
Houston Oilers,HOU,1993,6,1993-10-17,False,NWE,A,W,28,14,5.0,3,0,0,0,12.0
Houston Oilers,HOU,1993,7,1993-10-24,False,CIN,H,W,28,12,3.0,0,0,0,0,7.0
Houston Oilers,HOU,1993,8,1993-11-07,False,SEA,H,W,24,14,2.0,1,0,0,0,5.0
Houston Oilers,HOU,1993,9,1993-11-14,False,CIN,A,W,38,3,5.0,0,0,0,0,12.0
Houston Oilers,HOU,1993,10,1993-11-21,False,CLE,A,W,27,20,2.0,4,0,0,0,11.0
Houston Oilers,HOU,1993,11,1993-11-28,False,PIT,H,W,23,3,6.0,2,0,0,0,17.0
Houston Oilers,HOU,1993,12,1993-12-05,False,ATL,H,W,33,17,3.0,6,0,0,0,16.0
Houston Oilers,HOU,1993,13,1993-12-12,False,CLE,H,W,19,17,2.0,2,0,0,0,7.0
Houston Oilers,HOU,1993,14,1993-12-19,False,PIT,A,W,26,17,6.0,2,0,0,0,11.0
Houston Oilers,HOU,1993,15,1993-12-25,False,SFO,A,W,10,7,2.0,2,0,0,0,10.0
Houston Oilers,HOU,1993,16,1994-01-02,False,NYJ,H,W,24,0,6.0,1,0,0,0,18.0
Houston Oilers,HOU,1993,17,1994-01-16,True,KAN,H,L,20,28,2.0,2,0,0,0,5.0
Indianapolis Colts,IND,1993,1,1993-09-05,False,MIA,H,L,20,24,0,1,0,0,0,2
Indianapolis Colts,IND,1993,2,1993-09-12,False,CIN,A,W,9,6,2.0,1,0,0,0,11.0
Indianapolis Colts,IND,1993,3,1993-09-26,False,CLE,H,W,23,10,5.0,1,0,0,0,11.0
Indianapolis Colts,IND,1993,4,1993-10-03,False,DEN,A,L,13,35,1.0,0,0,0,0,-3.0
Indianapolis Colts,IND,1993,5,1993-10-10,False,DAL,H,L,3,27,2.0,0,0,0,0,2.0
Indianapolis Colts,IND,1993,6,1993-10-24,False,MIA,A,L,27,41,1.0,0,0,0,0,-3.0
Indianapolis Colts,IND,1993,7,1993-10-31,False,NWE,H,W,9,6,1.0,2,0,0,0,12.0
Indianapolis Colts,IND,1993,8,1993-11-07,False,WAS,A,L,24,30,4.0,0,0,0,0,3.0
Indianapolis Colts,IND,1993,9,1993-11-14,False,NYJ,H,L,17,31,0.0,1,0,0,0,1
Indianapolis Colts,IND,1993,10,1993-11-21,False,BUF,A,L,9,23,1.0,1,0,0,0,3.0
Indianapolis Colts,IND,1993,11,1993-11-29,False,SDG,H,L,0,31,0,0,0,0,0,-1
Indianapolis Colts,IND,1993,12,1993-12-05,False,NYJ,A,W,9,6,0,2,0,0,0,11
Indianapolis Colts,IND,1993,13,1993-12-12,False,NYG,A,L,6,20,0,0,0,0,0,1
Indianapolis Colts,IND,1993,14,1993-12-19,False,PHI,H,L,10,20,3.0,1,0,0,0,6.0
Indianapolis Colts,IND,1993,15,1993-12-26,False,NWE,A,L,0,38,0,0,0,0,0,-4
Indianapolis Colts,IND,1993,16,1994-01-02,False,BUF,H,L,10,30,1.0,0,0,0,0,0.0
Kansas City Chiefs,KAN,1993,1,1993-09-05,False,TAM,A,W,27,3,1.0,1,0,0,0,10.0
Kansas City Chiefs,KAN,1993,2,1993-09-12,False,HOU,A,L,0,30,2.0,1,0,0,0,3.0
Kansas City Chiefs,KAN,1993,3,1993-09-20,False,DEN,H,W,15,7,0,1,0,0,0,6
Kansas City Chiefs,KAN,1993,4,1993-10-03,False,RAI,H,W,24,9,6.0,0,0,0,0,10.0
Kansas City Chiefs,KAN,1993,5,1993-10-10,False,CIN,H,W,17,15,4.0,1,0,0,0,7.0
Kansas City Chiefs,KAN,1993,6,1993-10-17,False,SDG,A,W,17,14,3.0,1,0,0,0,6.0
Kansas City Chiefs,KAN,1993,7,1993-10-31,False,MIA,A,L,10,30,0,0,0,0,0,-1
Kansas City Chiefs,KAN,1993,8,1993-11-08,False,GNB,H,W,23,16,4.0,3,0,0,0,11.0
Kansas City Chiefs,KAN,1993,9,1993-11-14,False,RAI,A,W,31,20,1.0,1,0,0,0,4.0
Kansas City Chiefs,KAN,1993,10,1993-11-21,False,CHI,H,L,17,19,1.0,2,0,0,0,6.0
Kansas City Chiefs,KAN,1993,11,1993-11-28,False,BUF,H,W,23,7,4.0,3,0,0,0,14.0
Kansas City Chiefs,KAN,1993,12,1993-12-05,False,SEA,A,W,31,16,3.0,2,0,0,0,8.0
Kansas City Chiefs,KAN,1993,13,1993-12-12,False,DEN,A,L,21,27,2.0,2,0,0,0,6.0
Kansas City Chiefs,KAN,1993,14,1993-12-19,False,SDG,H,W,28,24,3.0,2,0,0,0,7.0
Kansas City Chiefs,KAN,1993,15,1993-12-26,False,MIN,A,L,10,30,0.0,1,0,0,0,1
Kansas City Chiefs,KAN,1993,16,1994-01-02,False,SEA,H,W,34,24,1.0,0,0,0,0,1.0
Kansas City Chiefs,KAN,1993,17,1994-01-08,True,PIT,H,W,27,24,3.0,0,0,0,0,3.0
Kansas City Chiefs,KAN,1993,18,1994-01-16,True,HOU,A,W,28,20,9.0,1,0,0,0,12.0
Kansas City Chiefs,KAN,1993,19,1994-01-23,True,BUF,A,L,13,30,0.0,0,0,0,0,-1
Miami Dolphins,MIA,1993,1,1993-09-05,False,IND,A,W,24,20,0,1,0,0,0,3
Miami Dolphins,MIA,1993,2,1993-09-12,False,NYJ,H,L,14,24,0,1,0,0,0,2
Miami Dolphins,MIA,1993,3,1993-09-26,False,BUF,A,W,22,13,4.0,2,0,0,0,12.0
Miami Dolphins,MIA,1993,4,1993-10-04,False,WAS,H,W,17,10,2.0,1,0,0,0,8.0
Miami Dolphins,MIA,1993,5,1993-10-10,False,CLE,A,W,24,14,6.0,1,0,0,0,9.0
Miami Dolphins,MIA,1993,6,1993-10-24,False,IND,H,W,41,27,4.0,3,0,0,1,16.0
Miami Dolphins,MIA,1993,7,1993-10-31,False,KAN,H,W,30,10,1.0,0,0,0,0,5.0
Miami Dolphins,MIA,1993,8,1993-11-07,False,NYJ,A,L,10,27,0,0,0,0,0,0
Miami Dolphins,MIA,1993,9,1993-11-14,False,PHI,A,W,19,14,4.0,0,0,0,0,5.0
Miami Dolphins,MIA,1993,10,1993-11-21,False,NWE,H,W,17,13,2.0,1,0,0,0,8.0
Miami Dolphins,MIA,1993,11,1993-11-25,False,DAL,A,W,16,14,0.0,1,0,0,0,3
Miami Dolphins,MIA,1993,12,1993-12-05,False,NYG,H,L,14,19,3.0,0,0,0,0,4.0
Miami Dolphins,MIA,1993,13,1993-12-13,False,PIT,H,L,20,21,2.0,0,0,0,1,8.0
Miami Dolphins,MIA,1993,14,1993-12-19,False,BUF,H,L,34,47,0,1,0,0,0,-2
Miami Dolphins,MIA,1993,15,1993-12-27,False,SDG,A,L,20,45,1.0,0,0,0,0,-3.0
Miami Dolphins,MIA,1993,16,1994-01-02,False,NWE,A,L,27,33,0,1,0,0,0,1
Minnesota Vikings,MIN,1993,1,1993-09-05,False,RAI,A,L,7,24,1.0,1,0,0,0,3.0
Minnesota Vikings,MIN,1993,2,1993-09-12,False,CHI,H,W,10,7,4.0,1,0,0,0,10.0
Minnesota Vikings,MIN,1993,3,1993-09-26,False,GNB,H,W,15,13,0.0,2,0,0,0,8
Minnesota Vikings,MIN,1993,4,1993-10-03,False,SFO,A,L,19,38,4.0,1,0,0,0,2.0
Minnesota Vikings,MIN,1993,5,1993-10-10,False,TAM,H,W,15,0,3.0,4,0,0,0,21.0
Minnesota Vikings,MIN,1993,6,1993-10-25,False,CHI,A,W,19,12,9.0,2,0,0,0,17.0
Minnesota Vikings,MIN,1993,7,1993-10-31,False,DET,H,L,27,30,2.0,2,0,0,0,5.0
Minnesota Vikings,MIN,1993,8,1993-11-07,False,SDG,H,L,17,30,1.0,0,0,0,0,0.0
Minnesota Vikings,MIN,1993,9,1993-11-14,False,DEN,A,W,26,23,4.0,1,0,0,0,6.0
Minnesota Vikings,MIN,1993,10,1993-11-21,False,TAM,A,L,10,23,4.0,0,0,0,0,4.0
Minnesota Vikings,MIN,1993,11,1993-11-28,False,NOR,H,L,14,17,2.0,2,0,0,0,7.0
Minnesota Vikings,MIN,1993,12,1993-12-05,False,DET,A,W,13,0,7.0,5,0,0,0,27.0
Minnesota Vikings,MIN,1993,13,1993-12-12,False,DAL,H,L,20,37,0,0,0,0,0,-4
Minnesota Vikings,MIN,1993,14,1993-12-19,False,GNB,A,W,21,17,1.0,1,0,0,0,4.0
Minnesota Vikings,MIN,1993,15,1993-12-26,False,KAN,H,W,30,10,1.0,2,0,0,0,9.0
Minnesota Vikings,MIN,1993,16,1993-12-31,False,WAS,A,W,14,9,2.0,0,0,0,0,6.0
Minnesota Vikings,MIN,1993,17,1994-01-09,True,NYG,A,L,10,17,0,0,0,0,0,1
New Orleans Saints,NOR,1993,1,1993-09-05,False,HOU,H,W,33,21,4.0,1,0,0,0,6.0
New Orleans Saints,NOR,1993,2,1993-09-12,False,ATL,A,W,34,31,4.0,1,0,0,0,5.0
New Orleans Saints,NOR,1993,3,1993-09-19,False,DET,H,W,14,3,5.0,0,0,0,0,12.0
New Orleans Saints,NOR,1993,4,1993-09-26,False,SFO,H,W,16,13,5.0,1,0,0,0,11.0
New Orleans Saints,NOR,1993,5,1993-10-03,False,RAM,A,W,37,6,3.0,2,0,0,1,20.0
New Orleans Saints,NOR,1993,6,1993-10-17,False,PIT,A,L,14,37,1.0,1,0,0,0,-1.0
New Orleans Saints,NOR,1993,7,1993-10-24,False,ATL,H,L,15,26,1.0,0,0,0,0,1.0
New Orleans Saints,NOR,1993,8,1993-10-31,False,PHO,A,W,20,17,6.0,1,0,0,0,9.0
New Orleans Saints,NOR,1993,9,1993-11-14,False,GNB,H,L,17,19,6.0,0,0,0,0,7.0
New Orleans Saints,NOR,1993,10,1993-11-22,False,SFO,A,L,7,42,2.0,0,0,0,0,-2.0
New Orleans Saints,NOR,1993,11,1993-11-28,False,MIN,A,W,17,14,4.0,1,0,0,1,13.0
New Orleans Saints,NOR,1993,12,1993-12-05,False,CLE,A,L,13,17,0.0,2,0,0,0,5
New Orleans Saints,NOR,1993,13,1993-12-12,False,RAM,H,L,20,23,1.0,0,0,0,0,1.0
New Orleans Saints,NOR,1993,14,1993-12-20,False,NYG,H,L,14,24,4.0,0,0,0,0,4.0
New Orleans Saints,NOR,1993,15,1993-12-26,False,PHI,A,L,26,37,2.0,0,0,0,1,4.0
New Orleans Saints,NOR,1993,16,1994-01-02,False,CIN,H,W,20,13,3.0,0,0,0,0,7.0
New England Patriots,NWE,1993,1,1993-09-05,False,BUF,A,L,14,38,1.0,1,0,0,0,-1.0
New England Patriots,NWE,1993,2,1993-09-12,False,DET,H,L,16,19,3.0,3,0,0,0,10.0
New England Patriots,NWE,1993,3,1993-09-19,False,SEA,H,L,14,17,5.0,2,0,0,0,10.0
New England Patriots,NWE,1993,4,1993-09-26,False,NYJ,A,L,7,45,0,0,0,0,0,-4
New England Patriots,NWE,1993,5,1993-10-10,False,PHO,A,W,23,21,2.0,2,0,0,0,6.0
New England Patriots,NWE,1993,6,1993-10-17,False,HOU,H,L,14,28,1.0,0,0,0,0,0.0
New England Patriots,NWE,1993,7,1993-10-24,False,SEA,A,L,9,10,1.0,2,0,0,0,9.0
New England Patriots,NWE,1993,8,1993-10-31,False,IND,A,L,6,9,2.0,0,0,0,0,6.0
New England Patriots,NWE,1993,9,1993-11-07,False,BUF,H,L,10,13,2.0,0,0,0,0,6.0
New England Patriots,NWE,1993,10,1993-11-21,False,MIA,A,L,13,17,3.0,0,0,0,0,4.0
New England Patriots,NWE,1993,11,1993-11-28,False,NYJ,H,L,0,6,1.0,0,0,0,0,8.0
New England Patriots,NWE,1993,12,1993-12-05,False,PIT,A,L,14,17,3.0,0,0,0,0,4.0
New England Patriots,NWE,1993,13,1993-12-12,False,CIN,H,W,7,2,4.0,1,0,0,0,13.0
New England Patriots,NWE,1993,14,1993-12-19,False,CLE,A,W,20,17,0.0,2,0,0,0,5
New England Patriots,NWE,1993,15,1993-12-26,False,IND,H,W,38,0,2.0,0,0,0,0,12.0
New England Patriots,NWE,1993,16,1994-01-02,False,MIA,H,W,33,27,4.0,0,0,0,0,4.0
New York Giants,NYG,1993,1,1993-09-05,False,CHI,A,W,26,20,4.0,1,0,0,0,7.0
New York Giants,NYG,1993,2,1993-09-12,False,TAM,H,W,23,7,3.0,1,0,0,0,9.0
New York Giants,NYG,1993,3,1993-09-19,False,RAM,H,W,20,10,1.0,2,0,0,0,9.0
New York Giants,NYG,1993,4,1993-10-03,False,BUF,A,L,14,17,5.0,1,0,0,0,8.0
New York Giants,NYG,1993,5,1993-10-10,False,WAS,A,W,41,7,3.0,3,0,0,0,13.0
New York Giants,NYG,1993,6,1993-10-17,False,PHI,H,W,21,10,3.0,1,0,0,0,9.0
New York Giants,NYG,1993,7,1993-10-31,False,NYJ,H,L,6,10,0,0,0,0,0,4
New York Giants,NYG,1993,8,1993-11-07,False,DAL,A,L,9,31,2.0,0,0,0,0,1.0
New York Giants,NYG,1993,9,1993-11-14,False,WAS,H,W,20,6,1.0,1,0,0,0,10.0
New York Giants,NYG,1993,10,1993-11-21,False,PHI,A,W,7,3,4.0,1,0,0,0,13.0
New York Giants,NYG,1993,11,1993-11-28,False,PHO,H,W,19,17,3.0,1,0,0,0,6.0
New York Giants,NYG,1993,12,1993-12-05,False,MIA,A,W,19,14,3.0,2,0,0,0,8.0
New York Giants,NYG,1993,13,1993-12-12,False,IND,H,W,20,6,2.0,0,0,0,0,9.0
New York Giants,NYG,1993,14,1993-12-20,False,NOR,A,W,24,14,2.0,2,0,0,1,13.0
New York Giants,NYG,1993,15,1993-12-26,False,PHO,A,L,6,17,1.0,2,0,0,0,6.0
New York Giants,NYG,1993,16,1994-01-02,False,DAL,H,L,13,16,4.0,0,0,0,0,5.0
New York Giants,NYG,1993,17,1994-01-09,True,MIN,H,W,17,10,3.0,0,0,0,0,7.0
New York Giants,NYG,1993,18,1994-01-15,True,SFO,A,L,3,44,1.0,0,0,0,0,-3.0
New York Jets,NYJ,1993,1,1993-09-05,False,DEN,H,L,20,26,2.0,0,0,0,0,2.0
New York Jets,NYJ,1993,2,1993-09-12,False,MIA,A,W,24,14,2.0,0,0,0,0,3.0
New York Jets,NYJ,1993,3,1993-09-26,False,NWE,H,W,45,7,3.0,2,0,0,0,11.0
New York Jets,NYJ,1993,4,1993-10-03,False,PHI,H,L,30,35,1.0,1,0,0,0,-1.0
New York Jets,NYJ,1993,5,1993-10-10,False,RAI,A,L,20,24,0.0,3,0,0,0,6
New York Jets,NYJ,1993,6,1993-10-24,False,BUF,H,L,10,19,1.0,2,0,0,0,6.0
New York Jets,NYJ,1993,7,1993-10-31,False,NYG,A,W,10,6,1.0,1,0,0,0,10.0
New York Jets,NYJ,1993,8,1993-11-07,False,MIA,H,W,27,10,1.0,1,0,0,0,7.0
New York Jets,NYJ,1993,9,1993-11-14,False,IND,A,W,31,17,3.0,0,0,0,0,4.0
New York Jets,NYJ,1993,10,1993-11-21,False,CIN,H,W,17,12,4.0,2,0,0,0,12.0
New York Jets,NYJ,1993,11,1993-11-28,False,NWE,A,W,6,0,0,1,0,0,0,12
New York Jets,NYJ,1993,12,1993-12-05,False,IND,H,L,6,9,0,0,0,0,0,4
New York Jets,NYJ,1993,13,1993-12-11,False,WAS,A,W,3,0,3.0,0,0,0,0,13.0
New York Jets,NYJ,1993,14,1993-12-18,False,DAL,H,L,7,28,3.0,3,0,0,0,8.0
New York Jets,NYJ,1993,15,1993-12-26,False,BUF,A,L,14,16,0.0,2,0,0,0,5
New York Jets,NYJ,1993,16,1994-01-02,False,HOU,A,L,0,24,6.0,1,0,0,0,8.0
Philadelphia Eagles,PHI,1993,1,1993-09-05,False,PHO,H,W,23,17,1.0,1,0,0,0,4.0
Philadelphia Eagles,PHI,1993,2,1993-09-12,False,GNB,A,W,20,17,1.0,2,0,0,0,6.0
Philadelphia Eagles,PHI,1993,3,1993-09-19,False,WAS,H,W,34,31,2.0,2,0,0,0,5.0
Philadelphia Eagles,PHI,1993,4,1993-10-03,False,NYJ,A,W,35,30,0.0,2,0,0,0,3
Philadelphia Eagles,PHI,1993,5,1993-10-10,False,CHI,H,L,6,17,1.0,1,0,0,0,4.0
Philadelphia Eagles,PHI,1993,6,1993-10-17,False,NYG,A,L,10,21,1.0,2,0,0,0,5.0
Philadelphia Eagles,PHI,1993,7,1993-10-31,False,DAL,H,L,10,23,2.0,0,0,0,0,2.0
Philadelphia Eagles,PHI,1993,8,1993-11-07,False,PHO,A,L,3,16,1.0,0,0,0,0,2.0
Philadelphia Eagles,PHI,1993,9,1993-11-14,False,MIA,H,L,14,19,1.0,1,0,0,0,4.0
Philadelphia Eagles,PHI,1993,10,1993-11-21,False,NYG,H,L,3,7,2.0,1,0,0,0,8.0
Philadelphia Eagles,PHI,1993,11,1993-11-28,False,WAS,A,W,17,14,5.0,3,0,0,0,12.0
Philadelphia Eagles,PHI,1993,12,1993-12-06,False,DAL,A,L,17,23,4.0,0,0,0,0,4.0
Philadelphia Eagles,PHI,1993,13,1993-12-12,False,BUF,H,L,7,10,3.0,2,0,0,0,11.0
Philadelphia Eagles,PHI,1993,14,1993-12-19,False,IND,A,W,20,10,4.0,0,0,0,0,8.0
Philadelphia Eagles,PHI,1993,15,1993-12-26,False,NOR,H,W,37,26,3.0,2,0,0,0,7.0
Philadelphia Eagles,PHI,1993,16,1994-01-03,False,SFO,A,W,37,34,5.0,1,0,0,0,6.0
Phoenix Cardinals,PHO,1993,1,1993-09-05,False,PHI,A,L,17,23,0.0,1,0,0,0,2
Phoenix Cardinals,PHO,1993,2,1993-09-12,False,WAS,A,W,17,10,3.0,1,0,0,1,15.0
Phoenix Cardinals,PHO,1993,3,1993-09-19,False,DAL,H,L,10,17,1.0,0,0,0,0,2.0
Phoenix Cardinals,PHO,1993,4,1993-09-26,False,DET,A,L,20,26,5.0,0,0,0,0,5.0
Phoenix Cardinals,PHO,1993,5,1993-10-10,False,NWE,H,L,21,23,2.0,1,0,0,0,4.0
Phoenix Cardinals,PHO,1993,6,1993-10-17,False,WAS,H,W,36,6,5.0,1,0,0,0,14.0
Phoenix Cardinals,PHO,1993,7,1993-10-24,False,SFO,A,L,14,28,2.0,0,0,0,0,1.0
Phoenix Cardinals,PHO,1993,8,1993-10-31,False,NOR,H,L,17,20,2.0,1,0,0,0,5.0
Phoenix Cardinals,PHO,1993,9,1993-11-07,False,PHI,H,W,16,3,4.0,1,0,0,0,13.0
Phoenix Cardinals,PHO,1993,10,1993-11-14,False,DAL,A,L,15,20,0,0,0,0,0,1
Phoenix Cardinals,PHO,1993,11,1993-11-28,False,NYG,A,L,17,19,1.0,0,0,0,0,2.0
Phoenix Cardinals,PHO,1993,12,1993-12-05,False,RAM,H,W,38,10,1.0,1,0,0,0,7.0
Phoenix Cardinals,PHO,1993,13,1993-12-12,False,DET,H,L,14,21,2.0,0,0,0,0,2.0
Phoenix Cardinals,PHO,1993,14,1993-12-19,False,SEA,A,W,30,27,2.0,0,0,0,0,2.0
Phoenix Cardinals,PHO,1993,15,1993-12-26,False,NYG,H,W,17,6,3.0,0,0,0,0,10.0
Phoenix Cardinals,PHO,1993,16,1994-01-02,False,ATL,A,W,27,10,1.0,2,0,0,0,9.0
Pittsburgh Steelers,PIT,1993,1,1993-09-05,False,SFO,H,L,13,24,1.0,3,0,0,0,7.0
Pittsburgh Steelers,PIT,1993,2,1993-09-12,False,RAM,A,L,0,27,1.0,2,0,0,0,5.0
Pittsburgh Steelers,PIT,1993,3,1993-09-19,False,CIN,H,W,34,7,2.0,1,0,0,0,8.0
Pittsburgh Steelers,PIT,1993,4,1993-09-27,False,ATL,A,W,45,17,3.0,4,0,0,0,12.0
Pittsburgh Steelers,PIT,1993,5,1993-10-10,False,SDG,H,W,16,3,1.0,1,0,0,0,10.0
Pittsburgh Steelers,PIT,1993,6,1993-10-17,False,NOR,H,W,37,14,5.0,3,0,0,0,12.0
Pittsburgh Steelers,PIT,1993,7,1993-10-24,False,CLE,A,L,23,28,4.0,0,0,0,0,3.0
Pittsburgh Steelers,PIT,1993,8,1993-11-07,False,CIN,A,W,24,16,3.0,1,0,0,0,6.0
Pittsburgh Steelers,PIT,1993,9,1993-11-15,False,BUF,H,W,23,0,3.0,0,0,0,0,13.0
Pittsburgh Steelers,PIT,1993,10,1993-11-21,False,DEN,A,L,13,37,2.0,0,0,0,0,-2.0
Pittsburgh Steelers,PIT,1993,11,1993-11-28,False,HOU,A,L,3,23,3.0,1,0,0,0,5.0
Pittsburgh Steelers,PIT,1993,12,1993-12-05,False,NWE,H,W,17,14,0.0,5,0,0,0,11
Pittsburgh Steelers,PIT,1993,13,1993-12-13,False,MIA,A,W,21,20,5.0,2,0,0,0,10.0
Pittsburgh Steelers,PIT,1993,14,1993-12-19,False,HOU,H,L,17,26,1.0,0,0,0,0,1.0
Pittsburgh Steelers,PIT,1993,15,1993-12-26,False,SEA,A,L,6,16,5.0,1,0,0,0,8.0
Pittsburgh Steelers,PIT,1993,16,1994-01-02,False,CLE,H,W,16,9,3.0,0,0,0,0,7.0
Pittsburgh Steelers,PIT,1993,17,1994-01-08,True,KAN,A,L,24,27,4.0,0,0,0,0,4.0
Los Angeles Raiders,RAI,1993,1,1993-09-05,False,MIN,H,W,24,7,3.0,2,0,0,0,11.0
Los Angeles Raiders,RAI,1993,2,1993-09-12,False,SEA,A,W,17,13,5.0,2,0,0,0,13.0
Los Angeles Raiders,RAI,1993,3,1993-09-19,False,CLE,H,L,16,19,4.0,4,0,0,0,13.0
Los Angeles Raiders,RAI,1993,4,1993-10-03,False,KAN,A,L,9,24,3.0,0,0,0,0,3.0
Los Angeles Raiders,RAI,1993,5,1993-10-10,False,NYJ,H,W,24,20,3.0,1,0,0,0,6.0
Los Angeles Raiders,RAI,1993,6,1993-10-18,False,DEN,A,W,23,20,7.0,1,0,0,0,10.0
Los Angeles Raiders,RAI,1993,7,1993-10-31,False,SDG,H,L,23,30,1.0,0,0,0,0,0.0
Los Angeles Raiders,RAI,1993,8,1993-11-07,False,CHI,A,W,16,14,1.0,1,0,0,0,4.0
Los Angeles Raiders,RAI,1993,9,1993-11-14,False,KAN,H,L,20,31,1.0,0,0,0,0,0.0
Los Angeles Raiders,RAI,1993,10,1993-11-21,False,SDG,A,W,12,7,4.0,1,0,0,0,10.0
Los Angeles Raiders,RAI,1993,11,1993-11-28,False,CIN,A,L,10,16,4.0,0,0,0,0,5.0
Los Angeles Raiders,RAI,1993,12,1993-12-05,False,BUF,A,W,25,24,0,1,0,0,0,2
Los Angeles Raiders,RAI,1993,13,1993-12-12,False,SEA,H,W,27,23,1.0,1,0,0,1,9.0
Los Angeles Raiders,RAI,1993,14,1993-12-19,False,TAM,H,W,27,20,5.0,0,0,0,0,6.0
Los Angeles Raiders,RAI,1993,15,1993-12-26,False,GNB,A,L,0,28,2.0,0,0,0,0,1.0
Los Angeles Raiders,RAI,1993,16,1994-01-02,False,DEN,H,W,33,30,0,0,0,0,0,-1
Los Angeles Raiders,RAI,1993,17,1994-01-09,True,DEN,H,W,42,24,1.0,1,0,0,0,3.0
Los Angeles Raiders,RAI,1993,18,1994-01-15,True,BUF,A,L,23,29,2.0,0,0,0,0,1.0
Los Angeles Rams,RAM,1993,1,1993-09-05,False,GNB,A,L,6,36,3.0,1,0,0,0,1.0
Los Angeles Rams,RAM,1993,2,1993-09-12,False,PIT,H,W,27,0,5.0,1,0,0,0,17.0
Los Angeles Rams,RAM,1993,3,1993-09-19,False,NYG,A,L,10,20,5.0,0,0,0,0,6.0
Los Angeles Rams,RAM,1993,4,1993-09-26,False,HOU,A,W,28,13,4.0,2,0,0,0,12.0
Los Angeles Rams,RAM,1993,5,1993-10-03,False,NOR,H,L,6,37,0,0,0,0,0,-4
Los Angeles Rams,RAM,1993,6,1993-10-14,False,ATL,A,L,24,30,1.0,1,0,0,0,2.0
Los Angeles Rams,RAM,1993,7,1993-10-24,False,DET,H,L,13,16,4.0,1,0,0,0,7.0
Los Angeles Rams,RAM,1993,8,1993-10-31,False,SFO,A,L,17,40,0,0,0,0,0,-4
Los Angeles Rams,RAM,1993,9,1993-11-14,False,ATL,H,L,0,13,0,1,0,0,0,6
Los Angeles Rams,RAM,1993,10,1993-11-21,False,WAS,H,W,10,6,3.0,1,0,0,0,12.0
Los Angeles Rams,RAM,1993,11,1993-11-28,False,SFO,H,L,10,35,4.0,1,0,0,0,2.0
Los Angeles Rams,RAM,1993,12,1993-12-05,False,PHO,A,L,10,38,1.0,0,0,0,0,-3.0
Los Angeles Rams,RAM,1993,13,1993-12-12,False,NOR,A,W,23,20,0,1,0,0,0,3
Los Angeles Rams,RAM,1993,14,1993-12-19,False,CIN,A,L,3,15,1.0,0,0,0,0,2.0
Los Angeles Rams,RAM,1993,15,1993-12-26,False,CLE,H,L,14,42,1.0,0,0,0,0,-3.0
Los Angeles Rams,RAM,1993,16,1994-01-02,False,CHI,H,W,20,6,3.0,1,0,0,0,12.0
San Diego Chargers,SDG,1993,1,1993-09-05,False,SEA,H,W,18,12,4.0,1,0,0,0,10.0
San Diego Chargers,SDG,1993,2,1993-09-12,False,DEN,A,L,17,34,1.0,1,0,0,0,2.0
San Diego Chargers,SDG,1993,3,1993-09-19,False,HOU,H,W,18,17,3.0,4,0,0,0,12.0
San Diego Chargers,SDG,1993,4,1993-10-03,False,SEA,A,L,14,31,2.0,0,0,0,0,1.0
San Diego Chargers,SDG,1993,5,1993-10-10,False,PIT,A,L,3,16,0,0,0,0,0,1
San Diego Chargers,SDG,1993,6,1993-10-17,False,KAN,H,L,14,17,4.0,1,0,0,0,7.0
San Diego Chargers,SDG,1993,7,1993-10-31,False,RAI,A,W,30,23,3.0,2,0,0,0,7.0
San Diego Chargers,SDG,1993,8,1993-11-07,False,MIN,A,W,30,17,3.0,1,0,0,0,6.0
San Diego Chargers,SDG,1993,9,1993-11-14,False,CHI,H,L,13,16,2.0,1,0,0,0,5.0
San Diego Chargers,SDG,1993,10,1993-11-21,False,RAI,H,L,7,12,0,1,0,0,0,6
San Diego Chargers,SDG,1993,11,1993-11-29,False,IND,A,W,31,0,1.0,1,0,0,0,13.0
San Diego Chargers,SDG,1993,12,1993-12-05,False,DEN,H,W,13,10,5.0,1,0,0,0,11.0
San Diego Chargers,SDG,1993,13,1993-12-12,False,GNB,H,L,13,20,2.0,1,0,0,0,5.0
San Diego Chargers,SDG,1993,14,1993-12-19,False,KAN,A,L,24,28,2.0,1,0,0,0,3.0
San Diego Chargers,SDG,1993,15,1993-12-27,False,MIA,H,W,45,20,0.0,3,0,0,0,7
San Diego Chargers,SDG,1993,16,1994-01-02,False,TAM,A,W,32,17,0.0,3,0,0,0,7
Seattle Seahawks,SEA,1993,1,1993-09-05,False,SDG,A,L,12,18,2.0,2,0,0,0,7.0
Seattle Seahawks,SEA,1993,2,1993-09-12,False,RAI,H,L,13,17,3.0,1,0,0,0,6.0
Seattle Seahawks,SEA,1993,3,1993-09-19,False,NWE,A,W,17,14,2.0,2,0,0,0,7.0
Seattle Seahawks,SEA,1993,4,1993-09-26,False,CIN,A,W,19,10,5.0,1,0,0,0,11.0
Seattle Seahawks,SEA,1993,5,1993-10-03,False,SDG,H,W,31,14,3.0,2,0,0,0,8.0
Seattle Seahawks,SEA,1993,6,1993-10-17,False,DET,A,L,10,30,2.0,1,0,0,0,3.0
Seattle Seahawks,SEA,1993,7,1993-10-24,False,NWE,H,W,10,9,0,2,0,0,0,8
Seattle Seahawks,SEA,1993,8,1993-10-31,False,DEN,A,L,17,28,2.0,1,0,0,0,3.0
Seattle Seahawks,SEA,1993,9,1993-11-07,False,HOU,A,L,14,24,3.0,2,0,0,0,7.0
Seattle Seahawks,SEA,1993,10,1993-11-14,False,CLE,H,W,22,5,3.0,2,0,0,0,14.0
Seattle Seahawks,SEA,1993,11,1993-11-28,False,DEN,H,L,9,17,4.0,1,0,0,0,7.0
Seattle Seahawks,SEA,1993,12,1993-12-05,False,KAN,H,L,16,31,1.0,0,0,0,0,0.0
Seattle Seahawks,SEA,1993,13,1993-12-12,False,RAI,A,L,23,27,2.0,1,0,0,0,4.0
Seattle Seahawks,SEA,1993,14,1993-12-19,False,PHO,H,L,27,30,3.0,2,0,0,0,6.0
Seattle Seahawks,SEA,1993,15,1993-12-26,False,PIT,H,W,16,6,2.0,1,0,0,0,11.0
Seattle Seahawks,SEA,1993,16,1994-01-02,False,KAN,A,L,24,34,1.0,1,0,0,0,2.0
San Francisco 49ers,SFO,1993,1,1993-09-05,False,PIT,A,W,24,13,5.0,2,0,0,0,13.0
San Francisco 49ers,SFO,1993,2,1993-09-13,False,CLE,A,L,13,23,1.0,0,0,0,0,1.0
San Francisco 49ers,SFO,1993,3,1993-09-19,False,ATL,H,W,37,30,2.0,0,0,0,0,1.0
San Francisco 49ers,SFO,1993,4,1993-09-26,False,NOR,A,L,13,16,1.0,0,0,0,0,2.0
San Francisco 49ers,SFO,1993,5,1993-10-03,False,MIN,H,W,38,19,3.0,1,0,0,1,12.0
San Francisco 49ers,SFO,1993,6,1993-10-17,False,DAL,A,L,17,26,2.0,0,0,0,0,2.0
San Francisco 49ers,SFO,1993,7,1993-10-24,False,PHO,H,W,28,14,1.0,3,0,0,0,8.0
San Francisco 49ers,SFO,1993,8,1993-10-31,False,RAM,H,W,40,17,6.0,2,0,0,0,11.0
San Francisco 49ers,SFO,1993,9,1993-11-14,False,TAM,A,W,45,21,3.0,1,0,0,0,5.0
San Francisco 49ers,SFO,1993,10,1993-11-22,False,NOR,H,W,42,7,3.0,4,0,0,0,15.0
San Francisco 49ers,SFO,1993,11,1993-11-28,False,RAM,A,W,35,10,2.0,1,0,0,0,8.0
San Francisco 49ers,SFO,1993,12,1993-12-05,False,CIN,H,W,21,8,0,1,0,0,0,6
San Francisco 49ers,SFO,1993,13,1993-12-11,False,ATL,A,L,24,27,4.0,0,0,0,0,4.0
San Francisco 49ers,SFO,1993,14,1993-12-19,False,DET,A,W,55,17,2.0,0,0,0,0,3.0
San Francisco 49ers,SFO,1993,15,1993-12-25,False,HOU,H,L,7,10,3.0,3,0,0,0,13.0
San Francisco 49ers,SFO,1993,16,1994-01-03,False,PHI,H,L,34,37,3.0,1,0,0,0,1.0
San Francisco 49ers,SFO,1993,17,1994-01-15,True,NYG,H,W,44,3,3.5,2,0,0,0,14.5
San Francisco 49ers,SFO,1993,18,1994-01-23,True,DAL,A,L,21,38,2.0,0,0,0,0,-2.0
Tampa Bay Buccaneers,TAM,1993,1,1993-09-05,False,KAN,H,L,3,27,1.0,0,0,0,0,1.0
Tampa Bay Buccaneers,TAM,1993,2,1993-09-12,False,NYG,A,L,7,23,1.0,1,0,0,0,3.0
Tampa Bay Buccaneers,TAM,1993,3,1993-09-26,False,CHI,A,L,17,47,3.0,0,0,0,0,-1.0
Tampa Bay Buccaneers,TAM,1993,4,1993-10-03,False,DET,H,W,27,10,3.0,2,0,0,0,11.0
Tampa Bay Buccaneers,TAM,1993,5,1993-10-10,False,MIN,A,L,0,15,5.0,1,0,0,0,8.0
Tampa Bay Buccaneers,TAM,1993,6,1993-10-24,False,GNB,H,L,14,37,2.0,1,0,0,0,0.0
Tampa Bay Buccaneers,TAM,1993,7,1993-10-31,False,ATL,A,W,31,24,1.0,1,0,0,0,3.0
Tampa Bay Buccaneers,TAM,1993,8,1993-11-07,False,DET,A,L,0,23,2.0,0,0,0,0,2.0
Tampa Bay Buccaneers,TAM,1993,9,1993-11-14,False,SFO,H,L,21,45,1.0,0,0,0,0,-3.0
Tampa Bay Buccaneers,TAM,1993,10,1993-11-21,False,MIN,H,W,23,10,2.0,2,0,0,0,10.0
Tampa Bay Buccaneers,TAM,1993,11,1993-11-28,False,GNB,A,L,10,13,2.0,0,0,0,0,6.0
Tampa Bay Buccaneers,TAM,1993,12,1993-12-05,False,WAS,H,L,17,23,1.0,1,0,0,0,3.0
Tampa Bay Buccaneers,TAM,1993,13,1993-12-12,False,CHI,H,W,13,10,1.0,0,0,0,0,5.0
Tampa Bay Buccaneers,TAM,1993,14,1993-12-19,False,RAI,A,L,20,27,3.0,0,0,0,0,3.0
Tampa Bay Buccaneers,TAM,1993,15,1993-12-26,False,DEN,A,W,17,10,1.0,0,0,0,0,5.0
Tampa Bay Buccaneers,TAM,1993,16,1994-01-02,False,SDG,H,L,17,32,0,0,0,0,0,-1
Washington Redskins,WAS,1993,1,1993-09-06,False,DAL,H,W,35,16,2.0,0,0,0,0,3.0
Washington Redskins,WAS,1993,2,1993-09-12,False,PHO,H,L,10,17,1.0,2,0,0,0,6.0
Washington Redskins,WAS,1993,3,1993-09-19,False,PHI,A,L,31,34,4.0,2,0,0,0,7.0
Washington Redskins,WAS,1993,4,1993-10-04,False,MIA,A,L,10,17,1.0,1,0,0,0,4.0
Washington Redskins,WAS,1993,5,1993-10-10,False,NYG,H,L,7,41,1.0,0,0,0,0,-3.0
Washington Redskins,WAS,1993,6,1993-10-17,False,PHO,A,L,6,36,3.0,1,0,0,0,1.0
Washington Redskins,WAS,1993,7,1993-11-01,False,BUF,A,L,10,24,0,1,0,0,0,2
Washington Redskins,WAS,1993,8,1993-11-07,False,IND,H,W,30,24,2.0,1,0,0,0,4.0
Washington Redskins,WAS,1993,9,1993-11-14,False,NYG,A,L,6,20,3.0,1,0,0,0,6.0
Washington Redskins,WAS,1993,10,1993-11-21,False,RAM,A,L,6,10,3.0,0,0,0,0,7.0
Washington Redskins,WAS,1993,11,1993-11-28,False,PHI,H,L,14,17,1.0,0,0,0,0,2.0
Washington Redskins,WAS,1993,12,1993-12-05,False,TAM,A,W,23,17,0.0,3,0,0,0,7
Washington Redskins,WAS,1993,13,1993-12-11,False,NYJ,H,L,0,3,1.0,0,0,0,0,8.0
Washington Redskins,WAS,1993,14,1993-12-19,False,ATL,H,W,30,17,7.0,4,0,0,0,16.0
Washington Redskins,WAS,1993,15,1993-12-26,False,DAL,A,L,3,38,2.0,0,0,0,0,-2.0
Washington Redskins,WAS,1993,16,1993-12-31,False,MIN,H,L,9,14,0.0,1,0,0,0,3
Arizona Cardinals,ARI,1994,1,1994-09-04,False,RAM,A,L,12,14,5.0,1,0,0,0,8.0
Arizona Cardinals,ARI,1994,2,1994-09-11,False,NYG,H,L,17,20,4.0,1,0,0,0,7.0
Arizona Cardinals,ARI,1994,3,1994-09-18,False,CLE,A,L,0,32,1.0,1,0,0,0,2.0
Arizona Cardinals,ARI,1994,4,1994-10-02,False,MIN,H,W,17,7,1.0,2,0,0,0,9.0
Arizona Cardinals,ARI,1994,5,1994-10-09,False,DAL,A,L,3,38,0,0,0,0,0,-4
Arizona Cardinals,ARI,1994,6,1994-10-16,False,WAS,A,W,19,16,1.0,5,0,0,0,12.0
Arizona Cardinals,ARI,1994,7,1994-10-23,False,DAL,H,L,21,28,0,0,0,0,0,-1
Arizona Cardinals,ARI,1994,8,1994-10-30,False,PIT,H,W,20,17,4.0,1,0,0,0,7.0
Arizona Cardinals,ARI,1994,9,1994-11-06,False,PHI,A,L,7,17,3.0,0,0,0,0,4.0
Arizona Cardinals,ARI,1994,10,1994-11-13,False,NYG,A,W,10,9,1.0,1,0,0,0,7.0
Arizona Cardinals,ARI,1994,11,1994-11-20,False,PHI,H,W,12,6,4.0,1,0,0,0,13.0
Arizona Cardinals,ARI,1994,12,1994-11-27,False,CHI,H,L,16,19,0.0,2,0,0,0,5
Arizona Cardinals,ARI,1994,13,1994-12-04,False,HOU,A,W,30,12,4.0,5,0,0,0,18.0
Arizona Cardinals,ARI,1994,14,1994-12-11,False,WAS,H,W,17,15,1.0,1,0,0,0,4.0
Arizona Cardinals,ARI,1994,15,1994-12-18,False,CIN,H,W,28,7,4.0,1,0,0,0,10.0
Arizona Cardinals,ARI,1994,16,1994-12-24,False,ATL,A,L,6,10,2.0,1,0,0,0,8.0
Atlanta Falcons,ATL,1994,1,1994-09-04,False,DET,A,L,28,31,0.0,1,0,0,0,1
Atlanta Falcons,ATL,1994,2,1994-09-11,False,RAM,H,W,31,13,2.0,3,0,0,0,12.0
Atlanta Falcons,ATL,1994,3,1994-09-18,False,KAN,H,L,10,30,0,2,0,0,0,3
Atlanta Falcons,ATL,1994,4,1994-09-25,False,WAS,A,W,27,20,1.0,4,0,0,0,10.0
Atlanta Falcons,ATL,1994,5,1994-10-02,False,RAM,A,W,8,5,1.0,2,0,0,0,12.0
Atlanta Falcons,ATL,1994,6,1994-10-09,False,TAM,H,W,34,13,5.0,3,0,0,0,15.0
Atlanta Falcons,ATL,1994,7,1994-10-16,False,SFO,H,L,3,42,1.0,0,0,0,0,-3.0
Atlanta Falcons,ATL,1994,8,1994-10-23,False,RAI,A,L,17,30,2.0,0,0,0,0,1.0
Atlanta Falcons,ATL,1994,9,1994-11-06,False,SDG,H,W,10,9,4.0,0,0,0,0,8.0
Atlanta Falcons,ATL,1994,10,1994-11-13,False,NOR,A,L,32,33,0.0,3,0,0,0,5
Atlanta Falcons,ATL,1994,11,1994-11-20,False,DEN,A,L,28,32,5.0,1,0,0,0,6.0
Atlanta Falcons,ATL,1994,12,1994-11-27,False,PHI,H,W,28,21,5.0,1,0,0,0,7.0
Atlanta Falcons,ATL,1994,13,1994-12-04,False,SFO,A,L,14,50,2.0,1,0,0,0,0.0
Atlanta Falcons,ATL,1994,14,1994-12-11,False,NOR,H,L,20,29,1.0,0,0,0,0,0.0
Atlanta Falcons,ATL,1994,15,1994-12-18,False,GNB,A,L,17,21,2.0,1,0,0,0,4.0
Atlanta Falcons,ATL,1994,16,1994-12-24,False,ARI,H,W,10,6,1.0,0,0,0,0,8.0
Buffalo Bills,BUF,1994,1,1994-09-04,False,NYJ,H,L,3,23,0,1,0,0,0,2
Buffalo Bills,BUF,1994,2,1994-09-11,False,NWE,A,W,38,35,2.0,2,0,0,0,2.0
Buffalo Bills,BUF,1994,3,1994-09-18,False,HOU,A,W,15,7,5.0,1,0,0,0,11.0
Buffalo Bills,BUF,1994,4,1994-09-26,False,DEN,H,W,27,20,4.0,1,0,0,0,7.0
Buffalo Bills,BUF,1994,5,1994-10-02,False,CHI,A,L,13,20,2.0,1,0,0,0,5.0
Buffalo Bills,BUF,1994,6,1994-10-09,False,MIA,H,W,21,11,0,0,0,0,0,4
Buffalo Bills,BUF,1994,7,1994-10-16,False,IND,H,L,17,27,0,0,0,0,0,0
Buffalo Bills,BUF,1994,8,1994-10-30,False,KAN,H,W,44,10,4.0,2,0,0,0,12.0
Buffalo Bills,BUF,1994,9,1994-11-06,False,NYJ,A,L,17,22,1.0,1,0,0,0,3.0
Buffalo Bills,BUF,1994,10,1994-11-14,False,PIT,A,L,10,23,1.0,1,0,0,0,3.0
Buffalo Bills,BUF,1994,11,1994-11-20,False,GNB,H,W,29,20,1.0,1,0,0,0,4.0
Buffalo Bills,BUF,1994,12,1994-11-24,False,DET,A,L,21,35,2.0,0,0,0,0,-2.0
Buffalo Bills,BUF,1994,13,1994-12-04,False,MIA,A,W,42,31,1.0,4,0,0,0,8.0
Buffalo Bills,BUF,1994,14,1994-12-11,False,MIN,H,L,17,21,0,0,0,0,0,0
Buffalo Bills,BUF,1994,15,1994-12-18,False,NWE,H,L,17,41,0,0,0,0,0,-4
Buffalo Bills,BUF,1994,16,1994-12-24,False,IND,A,L,9,10,2.0,1,0,0,0,8.0
Chicago Bears,CHI,1994,1,1994-09-04,False,TAM,H,W,21,9,3.0,0,0,0,0,7.0
Chicago Bears,CHI,1994,2,1994-09-12,False,PHI,A,L,22,30,0,0,0,0,0,-1
Chicago Bears,CHI,1994,3,1994-09-18,False,MIN,H,L,14,42,0.0,1,0,0,0,-2
Chicago Bears,CHI,1994,4,1994-09-25,False,NYJ,A,W,19,7,4.0,1,0,0,0,10.0
Chicago Bears,CHI,1994,5,1994-10-02,False,BUF,H,W,20,13,2.0,2,0,0,0,10.0
Chicago Bears,CHI,1994,6,1994-10-09,False,NOR,H,W,17,7,0,1,0,0,0,6
Chicago Bears,CHI,1994,7,1994-10-23,False,DET,A,L,16,21,1.0,1,0,0,0,3.0
Chicago Bears,CHI,1994,8,1994-10-31,False,GNB,H,L,6,33,0,0,0,0,0,-1
Chicago Bears,CHI,1994,9,1994-11-06,False,TAM,A,W,20,6,2.0,1,0,0,0,11.0
Chicago Bears,CHI,1994,10,1994-11-13,False,MIA,A,W,17,14,2.0,1,0,0,0,5.0
Chicago Bears,CHI,1994,11,1994-11-20,False,DET,H,W,20,10,3.0,0,0,0,0,7.0
Chicago Bears,CHI,1994,12,1994-11-27,False,ARI,A,W,19,16,2.0,1,0,0,0,5.0
Chicago Bears,CHI,1994,13,1994-12-01,False,MIN,A,L,27,33,3.0,1,0,0,1,10.0
Chicago Bears,CHI,1994,14,1994-12-11,False,GNB,A,L,3,40,2.0,1,0,0,0,0.0
Chicago Bears,CHI,1994,15,1994-12-18,False,RAM,H,W,27,13,2.0,0,0,0,0,6.0
Chicago Bears,CHI,1994,16,1994-12-24,False,NWE,H,L,3,13,2.0,1,0,0,0,8.0
Chicago Bears,CHI,1994,17,1995-01-01,True,MIN,A,W,35,18,2.0,2,0,0,0,7.0
Chicago Bears,CHI,1994,18,1995-01-07,True,SFO,A,L,15,44,1.0,0,0,0,0,-3.0
Cincinnati Bengals,CIN,1994,1,1994-09-04,False,CLE,H,L,20,28,0.0,2,0,0,0,3
Cincinnati Bengals,CIN,1994,2,1994-09-11,False,SDG,A,L,10,27,0,0,0,0,0,0
Cincinnati Bengals,CIN,1994,3,1994-09-18,False,NWE,H,L,28,31,0.0,2,0,0,0,3
Cincinnati Bengals,CIN,1994,4,1994-09-25,False,HOU,A,L,13,20,3.0,2,0,0,1,14.0
Cincinnati Bengals,CIN,1994,5,1994-10-02,False,MIA,H,L,7,23,0,0,0,0,0,0
Cincinnati Bengals,CIN,1994,6,1994-10-16,False,PIT,A,L,10,14,8.0,0,0,0,0,9.0
Cincinnati Bengals,CIN,1994,7,1994-10-23,False,CLE,A,L,13,37,2.0,1,0,0,0,0.0
Cincinnati Bengals,CIN,1994,8,1994-10-30,False,DAL,H,L,20,23,0,1,0,0,0,2
Cincinnati Bengals,CIN,1994,9,1994-11-06,False,SEA,A,W,20,17,3.0,0,0,0,0,4.0
Cincinnati Bengals,CIN,1994,10,1994-11-13,False,HOU,H,W,34,31,4.0,0,0,0,0,3.0
Cincinnati Bengals,CIN,1994,11,1994-11-20,False,IND,H,L,13,17,0,0,0,0,0,1
Cincinnati Bengals,CIN,1994,12,1994-11-27,False,DEN,A,L,13,15,4.0,0,0,0,0,5.0
Cincinnati Bengals,CIN,1994,13,1994-12-04,False,PIT,H,L,15,38,1.0,0,0,0,0,-3.0
Cincinnati Bengals,CIN,1994,14,1994-12-11,False,NYG,A,L,20,27,1.0,2,0,0,0,5.0
Cincinnati Bengals,CIN,1994,15,1994-12-18,False,ARI,A,L,7,28,1.0,0,0,0,0,0.0
Cincinnati Bengals,CIN,1994,16,1994-12-24,False,PHI,H,W,33,30,4.0,0,0,0,0,3.0
Cleveland Browns,CLE,1994,1,1994-09-04,False,CIN,A,W,28,20,2.0,2,0,0,2,19.0
Cleveland Browns,CLE,1994,2,1994-09-11,False,PIT,H,L,10,17,0,0,0,0,0,1
Cleveland Browns,CLE,1994,3,1994-09-18,False,ARI,H,W,32,0,2.0,3,0,0,0,18.0
Cleveland Browns,CLE,1994,4,1994-09-25,False,IND,A,W,21,14,1.0,1,0,0,0,4.0
Cleveland Browns,CLE,1994,5,1994-10-02,False,NYJ,H,W,27,7,2.0,2,0,0,0,10.0
Cleveland Browns,CLE,1994,6,1994-10-13,False,HOU,A,W,11,8,5.0,1,0,0,0,11.0
Cleveland Browns,CLE,1994,7,1994-10-23,False,CIN,H,W,37,13,4.0,0,0,0,1,14.0
Cleveland Browns,CLE,1994,8,1994-10-30,False,DEN,A,L,14,26,1.0,0,0,0,0,1.0
Cleveland Browns,CLE,1994,9,1994-11-06,False,NWE,H,W,13,6,2.0,4,0,0,0,17.0
Cleveland Browns,CLE,1994,10,1994-11-13,False,PHI,A,W,26,7,3.0,1,0,0,0,9.0
Cleveland Browns,CLE,1994,11,1994-11-20,False,KAN,A,L,13,20,2.0,0,0,0,0,3.0
Cleveland Browns,CLE,1994,12,1994-11-27,False,HOU,H,W,34,10,4.0,0,0,0,0,8.0
Cleveland Browns,CLE,1994,13,1994-12-04,False,NYG,H,L,13,16,4.0,1,0,0,0,7.0
Cleveland Browns,CLE,1994,14,1994-12-10,False,DAL,A,W,19,14,2.0,2,0,0,0,7.0
Cleveland Browns,CLE,1994,15,1994-12-18,False,PIT,A,L,7,17,2.0,0,0,0,0,3.0
Cleveland Browns,CLE,1994,16,1994-12-24,False,SEA,H,W,35,9,2.0,1,0,0,0,8.0
Cleveland Browns,CLE,1994,17,1995-01-01,True,NWE,H,W,20,13,1.0,3,0,0,0,11.0
Cleveland Browns,CLE,1994,18,1995-01-07,True,PIT,A,L,9,29,0.0,0,0,0,0,-1
Dallas Cowboys,DAL,1994,1,1994-09-04,False,PIT,A,W,26,9,9.0,0,0,0,0,13.0
Dallas Cowboys,DAL,1994,2,1994-09-11,False,HOU,H,W,20,17,5.0,2,0,0,0,10.0
Dallas Cowboys,DAL,1994,3,1994-09-19,False,DET,H,L,17,20,1.0,0,0,0,0,2.0
Dallas Cowboys,DAL,1994,4,1994-10-02,False,WAS,A,W,34,7,2.0,1,0,0,0,8.0
Dallas Cowboys,DAL,1994,5,1994-10-09,False,ARI,H,W,38,3,1.0,5,0,0,1,24.0
Dallas Cowboys,DAL,1994,6,1994-10-16,False,PHI,H,W,24,13,4.0,4,0,0,0,16.0
Dallas Cowboys,DAL,1994,7,1994-10-23,False,ARI,A,W,28,21,1.0,0,0,0,0,1.0
Dallas Cowboys,DAL,1994,8,1994-10-30,False,CIN,A,W,23,20,1.0,0,0,0,0,2.0
Dallas Cowboys,DAL,1994,9,1994-11-07,False,NYG,H,W,38,10,4.0,1,0,0,0,10.0
Dallas Cowboys,DAL,1994,10,1994-11-13,False,SFO,A,L,14,21,3.0,0,0,0,0,3.0
Dallas Cowboys,DAL,1994,11,1994-11-20,False,WAS,H,W,31,7,2.0,4,0,0,1,20.0
Dallas Cowboys,DAL,1994,12,1994-11-24,False,GNB,H,W,42,31,2.0,0,0,0,0,1.0
Dallas Cowboys,DAL,1994,13,1994-12-04,False,PHI,A,W,31,19,5.0,1,0,0,0,8.0
Dallas Cowboys,DAL,1994,14,1994-12-10,False,CLE,H,L,14,19,1.0,1,0,0,0,4.0
Dallas Cowboys,DAL,1994,15,1994-12-19,False,NOR,A,W,24,16,2.0,3,0,0,0,9.0
Dallas Cowboys,DAL,1994,16,1994-12-24,False,NYG,A,L,10,15,4.0,0,0,0,0,5.0
Dallas Cowboys,DAL,1994,17,1995-01-08,True,GNB,H,W,35,9,1.0,1,0,0,0,7.0
Dallas Cowboys,DAL,1994,18,1995-01-15,True,SFO,A,L,28,38,0,0,0,0,0,-4
Denver Broncos,DEN,1994,1,1994-09-04,False,SDG,H,L,34,37,0,0,0,0,0,-4
Denver Broncos,DEN,1994,2,1994-09-11,False,NYJ,A,L,22,25,0.5,2,0,0,0,4.5
Denver Broncos,DEN,1994,3,1994-09-18,False,RAI,H,L,16,48,2.0,0,0,0,0,-2.0
Denver Broncos,DEN,1994,4,1994-09-26,False,BUF,A,L,20,27,2.0,1,0,0,0,4.0
Denver Broncos,DEN,1994,5,1994-10-09,False,SEA,A,W,16,9,0,2,0,0,0,8
Denver Broncos,DEN,1994,6,1994-10-17,False,KAN,H,L,28,31,0,1,0,0,0,1
Denver Broncos,DEN,1994,7,1994-10-23,False,SDG,A,W,20,15,1.0,3,0,0,0,8.0
Denver Broncos,DEN,1994,8,1994-10-30,False,CLE,H,W,26,14,1.0,0,0,0,0,2.0
Denver Broncos,DEN,1994,9,1994-11-06,False,RAM,A,L,21,27,0,1,0,0,0,2
Denver Broncos,DEN,1994,10,1994-11-13,False,SEA,H,W,17,10,2.0,0,0,0,0,6.0
Denver Broncos,DEN,1994,11,1994-11-20,False,ATL,H,W,32,28,0,0,0,0,0,-1
Denver Broncos,DEN,1994,12,1994-11-27,False,CIN,H,W,15,13,2.0,1,0,0,0,8.0
Denver Broncos,DEN,1994,13,1994-12-04,False,KAN,A,W,20,17,0,0,0,0,0,1
Denver Broncos,DEN,1994,14,1994-12-11,False,RAI,A,L,13,23,5.0,0,0,0,0,5.0
Denver Broncos,DEN,1994,15,1994-12-17,False,SFO,A,L,19,42,1.0,1,0,0,0,-1.0
Denver Broncos,DEN,1994,16,1994-12-24,False,NOR,H,L,28,30,4.0,0,0,0,0,3.0
Detroit Lions,DET,1994,1,1994-09-04,False,ATL,H,W,31,28,2.0,0,0,0,0,1.0
Detroit Lions,DET,1994,2,1994-09-11,False,MIN,A,L,3,10,2.0,1,0,0,0,8.0
Detroit Lions,DET,1994,3,1994-09-19,False,DAL,A,W,20,17,2.0,0,0,0,0,3.0
Detroit Lions,DET,1994,4,1994-09-25,False,NWE,H,L,17,23,1.0,0,0,0,0,1.0
Detroit Lions,DET,1994,5,1994-10-02,False,TAM,A,L,14,24,1.0,0,0,0,0,1.0
Detroit Lions,DET,1994,6,1994-10-09,False,SFO,H,L,21,27,2.0,0,0,0,0,2.0
Detroit Lions,DET,1994,7,1994-10-23,False,CHI,H,W,21,16,3.0,3,0,0,1,16.0
Detroit Lions,DET,1994,8,1994-10-30,False,NYG,A,W,28,25,1.0,1,0,0,0,3.0
Detroit Lions,DET,1994,9,1994-11-06,False,GNB,A,L,30,38,1.0,1,0,0,1,5.0
Detroit Lions,DET,1994,10,1994-11-13,False,TAM,H,W,14,9,3.0,0,0,0,0,7.0
Detroit Lions,DET,1994,11,1994-11-20,False,CHI,A,L,10,20,2.0,1,0,0,0,5.0
Detroit Lions,DET,1994,12,1994-11-24,False,BUF,H,W,35,21,3.0,2,0,0,0,7.0
Detroit Lions,DET,1994,13,1994-12-04,False,GNB,H,W,34,31,1.0,2,0,0,0,4.0
Detroit Lions,DET,1994,14,1994-12-10,False,NYJ,A,W,18,7,1.0,0,0,0,0,5.0
Detroit Lions,DET,1994,15,1994-12-17,False,MIN,H,W,41,19,2.0,1,0,0,1,11.0
Detroit Lions,DET,1994,16,1994-12-25,False,MIA,A,L,20,27,1.0,0,0,0,1,7.0
Detroit Lions,DET,1994,17,1994-12-31,True,GNB,A,L,12,16,1.0,0,0,1,0,4.0
Green Bay Packers,GNB,1994,1,1994-09-04,False,MIN,H,W,16,10,3.0,3,0,0,0,13.0
Green Bay Packers,GNB,1994,2,1994-09-11,False,MIA,H,L,14,24,2.0,0,0,0,0,2.0
Green Bay Packers,GNB,1994,3,1994-09-18,False,PHI,A,L,7,13,3.0,1,0,0,0,9.0
Green Bay Packers,GNB,1994,4,1994-09-25,False,TAM,H,W,30,3,5.0,1,0,0,0,14.0
Green Bay Packers,GNB,1994,5,1994-10-02,False,NWE,A,L,16,17,2.0,1,0,0,0,5.0
Green Bay Packers,GNB,1994,6,1994-10-09,False,RAM,H,W,24,17,3.0,1,0,0,1,12.0
Green Bay Packers,GNB,1994,7,1994-10-20,False,MIN,A,L,10,13,4.0,2,0,0,0,12.0
Green Bay Packers,GNB,1994,8,1994-10-31,False,CHI,A,W,33,6,2.0,3,0,0,0,15.0
Green Bay Packers,GNB,1994,9,1994-11-06,False,DET,H,W,38,30,3.0,2,0,0,0,6.0
Green Bay Packers,GNB,1994,10,1994-11-13,False,NYJ,H,W,17,10,2.0,1,0,0,0,8.0
Green Bay Packers,GNB,1994,11,1994-11-20,False,BUF,A,L,20,29,2.0,1,0,0,0,3.0
Green Bay Packers,GNB,1994,12,1994-11-24,False,DAL,A,L,31,42,2.0,1,0,0,0,0.0
Green Bay Packers,GNB,1994,13,1994-12-04,False,DET,A,L,31,34,1.0,0,0,0,1,6.0
Green Bay Packers,GNB,1994,14,1994-12-11,False,CHI,H,W,40,3,2.0,2,0,0,0,13.0
Green Bay Packers,GNB,1994,15,1994-12-18,False,ATL,H,W,21,17,0.0,1,0,0,0,3
Green Bay Packers,GNB,1994,16,1994-12-24,False,TAM,A,W,34,19,1.0,1,0,0,0,4.0
Green Bay Packers,GNB,1994,17,1994-12-31,True,DET,H,W,16,12,4.0,0,0,0,0,8.0
Green Bay Packers,GNB,1994,18,1995-01-08,True,DAL,A,L,9,35,1.0,1,0,0,0,-1.0
Houston Oilers,HOU,1994,1,1994-09-04,False,IND,A,L,21,45,2.0,1,0,0,0,0.0
Houston Oilers,HOU,1994,2,1994-09-11,False,DAL,A,L,17,20,3.0,1,0,0,0,6.0
Houston Oilers,HOU,1994,3,1994-09-18,False,BUF,H,L,7,15,1.0,1,0,0,0,4.0
Houston Oilers,HOU,1994,4,1994-09-25,False,CIN,H,W,20,13,7.0,3,0,0,0,17.0
Houston Oilers,HOU,1994,5,1994-10-03,False,PIT,A,L,14,30,1.0,0,0,0,0,0.0
Houston Oilers,HOU,1994,6,1994-10-13,False,CLE,H,L,8,11,0,2,0,0,0,8
Houston Oilers,HOU,1994,7,1994-10-24,False,PHI,A,L,6,21,4.0,1,0,0,0,6.0
Houston Oilers,HOU,1994,8,1994-10-30,False,RAI,A,L,14,17,1.0,2,0,0,0,6.0
Houston Oilers,HOU,1994,9,1994-11-06,False,PIT,H,L,9,12,4.0,0,0,0,0,8.0
Houston Oilers,HOU,1994,10,1994-11-13,False,CIN,A,L,31,34,1.0,0,0,0,0,0.0
Houston Oilers,HOU,1994,11,1994-11-21,False,NYG,H,L,10,13,0.0,0,0,0,0,4
Houston Oilers,HOU,1994,12,1994-11-27,False,CLE,A,L,10,34,1.0,1,0,0,0,2.0
Houston Oilers,HOU,1994,13,1994-12-04,False,ARI,H,L,12,30,1.0,1,0,0,0,2.0
Houston Oilers,HOU,1994,14,1994-12-11,False,SEA,H,L,14,16,4.0,0,0,0,1,11.0
Houston Oilers,HOU,1994,15,1994-12-18,False,KAN,A,L,9,31,1.0,0,0,0,0,0.0
Houston Oilers,HOU,1994,16,1994-12-24,False,NYJ,H,W,24,10,0,1,0,0,0,6
Indianapolis Colts,IND,1994,1,1994-09-04,False,HOU,H,W,45,21,4.0,1,0,0,0,6.0
Indianapolis Colts,IND,1994,2,1994-09-11,False,TAM,A,L,10,24,0,0,0,0,0,0
Indianapolis Colts,IND,1994,3,1994-09-18,False,PIT,A,L,21,31,2.0,1,0,0,1,9.0
Indianapolis Colts,IND,1994,4,1994-09-25,False,CLE,H,L,14,21,1.0,1,0,0,0,3.0
Indianapolis Colts,IND,1994,5,1994-10-02,False,SEA,H,W,17,15,3.0,1,0,0,0,6.0
Indianapolis Colts,IND,1994,6,1994-10-09,False,NYJ,A,L,6,16,1.0,1,0,0,0,4.0
Indianapolis Colts,IND,1994,7,1994-10-16,False,BUF,A,W,27,17,4.0,0,0,0,0,5.0
Indianapolis Colts,IND,1994,8,1994-10-23,False,WAS,H,L,27,41,0,0,0,0,0,-4
Indianapolis Colts,IND,1994,9,1994-10-30,False,NYJ,H,W,28,25,1.0,1,0,0,0,3.0
Indianapolis Colts,IND,1994,10,1994-11-06,False,MIA,A,L,21,22,1.0,2,0,0,0,5.0
Indianapolis Colts,IND,1994,11,1994-11-20,False,CIN,A,W,17,13,1.0,1,0,0,0,7.0
Indianapolis Colts,IND,1994,12,1994-11-27,False,NWE,H,L,10,12,2.0,1,0,0,0,8.0
Indianapolis Colts,IND,1994,13,1994-12-04,False,SEA,A,W,31,19,5.0,2,0,0,0,10.0
Indianapolis Colts,IND,1994,14,1994-12-11,False,NWE,A,L,13,28,0.0,4,0,0,0,7
Indianapolis Colts,IND,1994,15,1994-12-18,False,MIA,H,W,10,6,2.0,0,0,0,1,15.0
Indianapolis Colts,IND,1994,16,1994-12-24,False,BUF,H,W,10,9,2.0,2,0,0,0,10.0
Kansas City Chiefs,KAN,1994,1,1994-09-04,False,NOR,A,W,30,17,1.0,2,0,0,0,6.0
Kansas City Chiefs,KAN,1994,2,1994-09-11,False,SFO,H,W,24,17,4.0,2,0,0,0,9.0
Kansas City Chiefs,KAN,1994,3,1994-09-18,False,ATL,A,W,30,10,3.0,2,0,0,0,11.0
Kansas City Chiefs,KAN,1994,4,1994-09-25,False,RAM,H,L,0,16,1.0,0,0,0,0,2.0
Kansas City Chiefs,KAN,1994,5,1994-10-09,False,SDG,A,L,6,20,0,0,0,0,0,1
Kansas City Chiefs,KAN,1994,6,1994-10-17,False,DEN,A,W,31,28,6.0,0,0,0,0,5.0
Kansas City Chiefs,KAN,1994,7,1994-10-23,False,SEA,H,W,38,23,3.0,0,0,0,0,3.0
Kansas City Chiefs,KAN,1994,8,1994-10-30,False,BUF,A,L,10,44,1.0,0,0,0,0,-3.0
Kansas City Chiefs,KAN,1994,9,1994-11-06,False,RAI,H,W,13,3,5.0,2,0,0,0,16.0
Kansas City Chiefs,KAN,1994,10,1994-11-13,False,SDG,H,L,13,14,2.0,1,0,0,0,5.0
Kansas City Chiefs,KAN,1994,11,1994-11-20,False,CLE,H,W,20,13,1.0,1,0,0,0,7.0
Kansas City Chiefs,KAN,1994,12,1994-11-27,False,SEA,A,L,9,10,2.0,0,0,0,0,6.0
Kansas City Chiefs,KAN,1994,13,1994-12-04,False,DEN,H,L,17,20,5.0,0,0,0,0,6.0
Kansas City Chiefs,KAN,1994,14,1994-12-12,False,MIA,A,L,28,45,0,0,0,0,1,2
Kansas City Chiefs,KAN,1994,15,1994-12-18,False,HOU,H,W,31,9,3.0,1,0,0,0,9.0
Kansas City Chiefs,KAN,1994,16,1994-12-24,False,RAI,A,W,19,9,2.0,1,0,0,0,8.0
Kansas City Chiefs,KAN,1994,17,1994-12-31,True,MIA,A,L,17,27,1.0,0,0,0,0,1.0
Miami Dolphins,MIA,1994,1,1994-09-04,False,NWE,H,W,39,35,1.0,2,0,0,0,1.0
Miami Dolphins,MIA,1994,2,1994-09-11,False,GNB,A,W,24,14,3.0,1,0,0,0,6.0
Miami Dolphins,MIA,1994,3,1994-09-18,False,NYJ,H,W,28,14,1.0,4,0,0,0,10.0
Miami Dolphins,MIA,1994,4,1994-09-25,False,MIN,A,L,35,38,2.0,0,0,0,0,-2.0
Miami Dolphins,MIA,1994,5,1994-10-02,False,CIN,A,W,23,7,1.0,3,0,0,0,11.0
Miami Dolphins,MIA,1994,6,1994-10-09,False,BUF,A,L,11,21,0,1,0,0,0,2
Miami Dolphins,MIA,1994,7,1994-10-16,False,RAI,H,W,20,17,4.0,0,0,0,0,5.0
Miami Dolphins,MIA,1994,8,1994-10-30,False,NWE,A,W,23,3,2.0,3,0,0,0,15.0
Miami Dolphins,MIA,1994,9,1994-11-06,False,IND,H,W,22,21,2.0,1,0,0,0,4.0
Miami Dolphins,MIA,1994,10,1994-11-13,False,CHI,H,L,14,17,0,0,0,0,0,1
Miami Dolphins,MIA,1994,11,1994-11-20,False,PIT,A,L,13,16,1.0,0,0,0,0,2.0
Miami Dolphins,MIA,1994,12,1994-11-27,False,NYJ,A,W,28,24,2.0,2,0,0,0,6.0
Miami Dolphins,MIA,1994,13,1994-12-04,False,BUF,H,L,31,42,2.0,1,0,0,0,0.0
Miami Dolphins,MIA,1994,14,1994-12-12,False,KAN,H,W,45,28,0.0,3,0,0,0,5
Miami Dolphins,MIA,1994,15,1994-12-18,False,IND,A,L,6,10,2.0,0,0,0,0,6.0
Miami Dolphins,MIA,1994,16,1994-12-25,False,DET,H,W,27,20,5.0,2,0,0,0,10.0
Miami Dolphins,MIA,1994,17,1994-12-31,True,KAN,H,W,27,17,0.0,1,0,0,0,3
Miami Dolphins,MIA,1994,18,1995-01-08,True,SDG,A,L,21,22,2.0,2,0,0,0,6.0
Minnesota Vikings,MIN,1994,1,1994-09-04,False,GNB,A,L,10,16,2.0,0,0,0,0,3.0
Minnesota Vikings,MIN,1994,2,1994-09-11,False,DET,H,W,10,3,6.0,1,0,0,0,15.0
Minnesota Vikings,MIN,1994,3,1994-09-18,False,CHI,A,W,42,14,3.0,1,0,0,0,6.0
Minnesota Vikings,MIN,1994,4,1994-09-25,False,MIA,H,W,38,35,1.0,3,0,0,0,3.0
Minnesota Vikings,MIN,1994,5,1994-10-02,False,ARI,A,L,7,17,2.0,1,0,0,0,5.0
Minnesota Vikings,MIN,1994,6,1994-10-10,False,NYG,A,W,27,10,4.0,3,0,0,0,14.0
Minnesota Vikings,MIN,1994,7,1994-10-20,False,GNB,H,W,13,10,3.0,1,0,0,0,9.0
Minnesota Vikings,MIN,1994,8,1994-10-30,False,TAM,A,W,36,13,3.0,3,0,0,0,13.0
Minnesota Vikings,MIN,1994,9,1994-11-06,False,NOR,H,W,21,20,2.0,1,0,0,0,5.0
Minnesota Vikings,MIN,1994,10,1994-11-13,False,NWE,A,L,20,26,0,0,0,0,0,0
Minnesota Vikings,MIN,1994,11,1994-11-20,False,NYJ,H,L,21,31,1.0,0,0,0,0,0.0
Minnesota Vikings,MIN,1994,12,1994-11-27,False,TAM,H,L,17,20,0,1,0,0,0,3
Minnesota Vikings,MIN,1994,13,1994-12-01,False,CHI,H,W,33,27,1.0,1,0,0,0,3.0
Minnesota Vikings,MIN,1994,14,1994-12-11,False,BUF,A,W,21,17,4.0,1,0,0,0,7.0
Minnesota Vikings,MIN,1994,15,1994-12-17,False,DET,A,L,19,41,0,0,0,0,0,-4
Minnesota Vikings,MIN,1994,16,1994-12-26,False,SFO,H,W,21,14,3.0,1,0,0,0,6.0
Minnesota Vikings,MIN,1994,17,1995-01-01,True,CHI,H,L,18,35,1.0,1,0,0,0,-1.0
New Orleans Saints,NOR,1994,1,1994-09-04,False,KAN,H,L,17,30,1.0,0,0,0,0,0.0
New Orleans Saints,NOR,1994,2,1994-09-11,False,WAS,H,L,24,38,1.0,0,0,0,0,-3.0
New Orleans Saints,NOR,1994,3,1994-09-18,False,TAM,A,W,9,7,5.0,0,0,0,0,9.0
New Orleans Saints,NOR,1994,4,1994-09-25,False,SFO,A,L,13,24,5.0,2,0,0,0,9.0
New Orleans Saints,NOR,1994,5,1994-10-02,False,NYG,H,W,27,22,7.0,2,0,0,0,11.0
New Orleans Saints,NOR,1994,6,1994-10-09,False,CHI,A,L,7,17,0,0,0,0,0,1
New Orleans Saints,NOR,1994,7,1994-10-16,False,SDG,H,L,22,36,1.0,0,0,0,0,-3.0
New Orleans Saints,NOR,1994,8,1994-10-23,False,RAM,H,W,37,34,1.0,3,0,0,2,18.0
New Orleans Saints,NOR,1994,9,1994-11-06,False,MIN,A,L,20,21,3.0,1,0,0,0,5.0
New Orleans Saints,NOR,1994,10,1994-11-13,False,ATL,H,W,33,32,1.0,1,0,0,0,2.0
New Orleans Saints,NOR,1994,11,1994-11-20,False,RAI,A,L,19,24,2.0,2,0,0,0,6.0
New Orleans Saints,NOR,1994,12,1994-11-28,False,SFO,H,L,14,35,2.0,0,0,0,0,-2.0
New Orleans Saints,NOR,1994,13,1994-12-04,False,RAM,A,W,31,15,3.0,0,0,0,0,4.0
New Orleans Saints,NOR,1994,14,1994-12-11,False,ATL,A,W,29,20,0.0,1,0,0,0,3
New Orleans Saints,NOR,1994,15,1994-12-19,False,DAL,H,L,16,24,0.0,2,0,0,0,4
New Orleans Saints,NOR,1994,16,1994-12-24,False,DEN,A,W,30,28,4.0,3,0,0,0,9.0
New England Patriots,NWE,1994,1,1994-09-04,False,MIA,A,L,35,39,2.0,1,0,0,0,0.0
New England Patriots,NWE,1994,2,1994-09-11,False,BUF,H,L,35,38,2.0,3,0,0,0,4.0
New England Patriots,NWE,1994,3,1994-09-18,False,CIN,A,W,31,28,7.0,0,0,0,0,6.0
New England Patriots,NWE,1994,4,1994-09-25,False,DET,A,W,23,17,1.0,2,0,0,0,6.0
New England Patriots,NWE,1994,5,1994-10-02,False,GNB,H,W,17,16,4.0,2,0,0,0,9.0
New England Patriots,NWE,1994,6,1994-10-09,False,RAI,H,L,17,21,1.0,3,0,0,0,7.0
New England Patriots,NWE,1994,7,1994-10-16,False,NYJ,A,L,17,24,6.0,0,0,0,0,6.0
New England Patriots,NWE,1994,8,1994-10-30,False,MIA,H,L,3,23,0,2,0,0,0,4
New England Patriots,NWE,1994,9,1994-11-06,False,CLE,A,L,6,13,1.0,1,0,0,0,7.0
New England Patriots,NWE,1994,10,1994-11-13,False,MIN,H,W,26,20,1.0,0,0,0,0,2.0
New England Patriots,NWE,1994,11,1994-11-20,False,SDG,H,W,23,17,5.0,3,0,0,0,12.0
New England Patriots,NWE,1994,12,1994-11-27,False,IND,A,W,12,10,2.0,0,0,0,0,6.0
New England Patriots,NWE,1994,13,1994-12-04,False,NYJ,H,W,24,13,0.0,1,0,0,0,6
New England Patriots,NWE,1994,14,1994-12-11,False,IND,H,W,28,13,4.0,2,0,0,0,12.0
New England Patriots,NWE,1994,15,1994-12-18,False,BUF,A,W,41,17,2.0,2,0,0,0,7.0
New England Patriots,NWE,1994,16,1994-12-24,False,CHI,A,W,13,3,1.0,0,0,0,0,8.0
New England Patriots,NWE,1994,17,1995-01-01,True,CLE,A,L,13,20,2.0,0,0,0,0,3.0
New York Giants,NYG,1994,1,1994-09-04,False,PHI,H,W,28,23,5.0,0,0,0,1,11.0
New York Giants,NYG,1994,2,1994-09-11,False,ARI,A,W,20,17,3.0,2,0,0,0,8.0
New York Giants,NYG,1994,3,1994-09-18,False,WAS,H,W,31,23,1.0,2,0,0,0,5.0
New York Giants,NYG,1994,4,1994-10-02,False,NOR,A,L,22,27,1.0,1,0,0,0,3.0
New York Giants,NYG,1994,5,1994-10-10,False,MIN,H,L,10,27,1.0,1,0,0,0,3.0
New York Giants,NYG,1994,6,1994-10-16,False,RAM,A,L,10,17,3.0,1,0,0,0,6.0
New York Giants,NYG,1994,7,1994-10-23,False,PIT,H,L,6,10,2.0,1,0,0,0,8.0
New York Giants,NYG,1994,8,1994-10-30,False,DET,H,L,25,28,0,3,0,0,1,11
New York Giants,NYG,1994,9,1994-11-07,False,DAL,A,L,10,38,0,0,0,0,0,-4
New York Giants,NYG,1994,10,1994-11-13,False,ARI,H,L,9,10,2.0,1,0,0,0,8.0
New York Giants,NYG,1994,11,1994-11-21,False,HOU,A,W,13,10,1.0,0,0,0,0,5.0
New York Giants,NYG,1994,12,1994-11-27,False,WAS,A,W,21,19,1.0,1,0,0,0,4.0
New York Giants,NYG,1994,13,1994-12-04,False,CLE,A,W,16,13,1.0,2,0,0,0,9.0
New York Giants,NYG,1994,14,1994-12-11,False,CIN,H,W,27,20,1.0,0,0,0,0,2.0
New York Giants,NYG,1994,15,1994-12-18,False,PHI,A,W,16,13,1.0,1,0,0,0,7.0
New York Giants,NYG,1994,16,1994-12-24,False,DAL,H,W,15,10,3.0,0,0,0,0,7.0
New York Jets,NYJ,1994,1,1994-09-04,False,BUF,A,W,23,3,4.0,1,0,0,0,13.0
New York Jets,NYJ,1994,2,1994-09-11,False,DEN,H,W,25,22,1.0,1,0,0,0,3.0
New York Jets,NYJ,1994,3,1994-09-18,False,MIA,A,L,14,28,0.0,1,0,0,0,1
New York Jets,NYJ,1994,4,1994-09-25,False,CHI,H,L,7,19,4.0,0,0,0,0,5.0
New York Jets,NYJ,1994,5,1994-10-02,False,CLE,A,L,7,27,1.0,0,0,0,0,1.0
New York Jets,NYJ,1994,6,1994-10-09,False,IND,H,W,16,6,1.0,0,0,0,0,8.0
New York Jets,NYJ,1994,7,1994-10-16,False,NWE,H,W,24,17,3.0,1,0,0,0,6.0
New York Jets,NYJ,1994,8,1994-10-30,False,IND,A,L,25,28,1.0,2,0,0,0,4.0
New York Jets,NYJ,1994,9,1994-11-06,False,BUF,H,W,22,17,3.0,1,0,0,0,6.0
New York Jets,NYJ,1994,10,1994-11-13,False,GNB,A,L,10,17,1.0,0,0,0,0,2.0
New York Jets,NYJ,1994,11,1994-11-20,False,MIN,A,W,31,21,3.0,4,0,0,0,11.0
New York Jets,NYJ,1994,12,1994-11-27,False,MIA,H,L,24,28,0.0,2,0,0,0,3
New York Jets,NYJ,1994,13,1994-12-04,False,NWE,A,L,13,24,1.0,1,0,0,0,3.0
New York Jets,NYJ,1994,14,1994-12-10,False,DET,H,L,7,18,0.0,1,0,0,0,3
New York Jets,NYJ,1994,15,1994-12-18,False,SDG,H,L,6,21,3.0,0,0,0,0,3.0
New York Jets,NYJ,1994,16,1994-12-24,False,HOU,A,L,10,24,3.0,2,0,0,0,7.0
Philadelphia Eagles,PHI,1994,1,1994-09-04,False,NYG,A,L,23,28,3.0,1,0,0,0,4.0
Philadelphia Eagles,PHI,1994,2,1994-09-12,False,CHI,H,W,30,22,3.0,1,0,0,0,5.0
Philadelphia Eagles,PHI,1994,3,1994-09-18,False,GNB,H,W,13,7,6.0,2,0,0,0,14.0
Philadelphia Eagles,PHI,1994,4,1994-10-02,False,SFO,A,W,40,8,3.0,2,0,0,0,11.0
Philadelphia Eagles,PHI,1994,5,1994-10-09,False,WAS,H,W,21,17,2.0,1,0,0,0,5.0
Philadelphia Eagles,PHI,1994,6,1994-10-16,False,DAL,A,L,13,24,2.0,1,0,0,0,4.0
Philadelphia Eagles,PHI,1994,7,1994-10-24,False,HOU,H,W,21,6,3.0,1,0,0,0,12.0
Philadelphia Eagles,PHI,1994,8,1994-10-30,False,WAS,A,W,31,29,1.0,2,0,0,0,4.0
Philadelphia Eagles,PHI,1994,9,1994-11-06,False,ARI,H,W,17,7,5.0,0,0,0,0,9.0
Philadelphia Eagles,PHI,1994,10,1994-11-13,False,CLE,H,L,7,26,0.0,1,0,0,0,2
Philadelphia Eagles,PHI,1994,11,1994-11-20,False,ARI,A,L,6,12,1.0,0,0,0,0,5.0
Philadelphia Eagles,PHI,1994,12,1994-11-27,False,ATL,A,L,21,28,2.0,3,0,0,0,7.0
Philadelphia Eagles,PHI,1994,13,1994-12-04,False,DAL,H,L,19,31,3.0,1,0,0,0,4.0
Philadelphia Eagles,PHI,1994,14,1994-12-11,False,PIT,A,L,3,14,2.0,1,0,0,0,5.0
Philadelphia Eagles,PHI,1994,15,1994-12-18,False,NYG,H,L,13,16,5.0,1,0,0,0,8.0
Philadelphia Eagles,PHI,1994,16,1994-12-24,False,CIN,A,L,30,33,1.0,3,0,0,1,12.0
Pittsburgh Steelers,PIT,1994,1,1994-09-04,False,DAL,H,L,9,26,0.0,1,0,0,0,2
Pittsburgh Steelers,PIT,1994,2,1994-09-11,False,CLE,A,W,17,10,2.0,4,0,0,0,14.0
Pittsburgh Steelers,PIT,1994,3,1994-09-18,False,IND,H,W,31,21,4.0,0,0,0,0,4.0
Pittsburgh Steelers,PIT,1994,4,1994-09-25,False,SEA,A,L,13,30,2.0,1,0,0,0,3.0
Pittsburgh Steelers,PIT,1994,5,1994-10-03,False,HOU,H,W,30,14,6.0,0,0,0,0,7.0
Pittsburgh Steelers,PIT,1994,6,1994-10-16,False,CIN,H,W,14,10,2.0,1,0,0,0,8.0
Pittsburgh Steelers,PIT,1994,7,1994-10-23,False,NYG,A,W,10,6,5.0,2,0,0,0,16.0
Pittsburgh Steelers,PIT,1994,8,1994-10-30,False,ARI,A,L,17,20,2.0,0,0,0,0,3.0
Pittsburgh Steelers,PIT,1994,9,1994-11-06,False,HOU,A,W,12,9,6.0,0,0,0,0,10.0
Pittsburgh Steelers,PIT,1994,10,1994-11-14,False,BUF,H,W,23,10,7.0,2,0,0,0,15.0
Pittsburgh Steelers,PIT,1994,11,1994-11-20,False,MIA,H,W,16,13,4.0,1,0,0,0,10.0
Pittsburgh Steelers,PIT,1994,12,1994-11-27,False,RAI,A,W,21,3,5.0,0,0,0,0,12.0
Pittsburgh Steelers,PIT,1994,13,1994-12-04,False,CIN,A,W,38,15,5.0,2,0,0,0,10.0
Pittsburgh Steelers,PIT,1994,14,1994-12-11,False,PHI,H,W,14,3,3.0,1,0,0,0,12.0
Pittsburgh Steelers,PIT,1994,15,1994-12-18,False,CLE,H,W,17,7,1.0,2,0,0,0,9.0
Pittsburgh Steelers,PIT,1994,16,1994-12-24,False,SDG,A,L,34,37,1.0,0,0,0,0,-3.0
Pittsburgh Steelers,PIT,1994,17,1995-01-07,True,CLE,H,W,29,9,2.0,2,0,1,0,12.0
Pittsburgh Steelers,PIT,1994,18,1995-01-15,True,SDG,H,L,13,17,1.0,1,0,0,0,4.0
Los Angeles Raiders,RAI,1994,1,1994-09-05,False,SFO,A,L,14,44,2.0,1,0,0,0,0.0
Los Angeles Raiders,RAI,1994,2,1994-09-11,False,SEA,H,L,9,38,1.0,0,0,0,0,-3.0
Los Angeles Raiders,RAI,1994,3,1994-09-18,False,DEN,A,W,48,16,4.0,1,0,0,0,7.0
Los Angeles Raiders,RAI,1994,4,1994-09-25,False,SDG,H,L,24,26,2.0,2,0,0,0,6.0
Los Angeles Raiders,RAI,1994,5,1994-10-09,False,NWE,A,W,21,17,3.0,3,0,0,0,10.0
Los Angeles Raiders,RAI,1994,6,1994-10-16,False,MIA,A,L,17,20,2.0,1,0,0,0,5.0
Los Angeles Raiders,RAI,1994,7,1994-10-23,False,ATL,H,W,30,17,4.0,2,0,0,0,9.0
Los Angeles Raiders,RAI,1994,8,1994-10-30,False,HOU,H,W,17,14,3.0,0,0,0,0,4.0
Los Angeles Raiders,RAI,1994,9,1994-11-06,False,KAN,A,L,3,13,2.0,0,0,0,0,6.0
Los Angeles Raiders,RAI,1994,10,1994-11-13,False,RAM,A,W,20,17,4.0,1,0,0,0,7.0
Los Angeles Raiders,RAI,1994,11,1994-11-20,False,NOR,H,W,24,19,4.0,1,0,0,0,7.0
Los Angeles Raiders,RAI,1994,12,1994-11-27,False,PIT,H,L,3,21,0,0,0,0,0,0
Los Angeles Raiders,RAI,1994,13,1994-12-05,False,SDG,A,W,24,17,2.0,0,0,0,0,3.0
Los Angeles Raiders,RAI,1994,14,1994-12-11,False,DEN,H,W,23,13,2.0,0,0,0,0,6.0
Los Angeles Raiders,RAI,1994,15,1994-12-18,False,SEA,A,W,17,16,2.0,0,0,0,0,3.0
Los Angeles Raiders,RAI,1994,16,1994-12-24,False,KAN,H,L,9,19,1.0,0,0,0,0,2.0
Los Angeles Rams,RAM,1994,1,1994-09-04,False,ARI,H,W,14,12,4.0,2,0,0,0,12.0
Los Angeles Rams,RAM,1994,2,1994-09-11,False,ATL,A,L,13,31,0.0,1,0,0,0,1
Los Angeles Rams,RAM,1994,3,1994-09-18,False,SFO,H,L,19,34,2.0,0,0,0,0,1.0
Los Angeles Rams,RAM,1994,4,1994-09-25,False,KAN,A,W,16,0,1.0,3,0,0,0,17.0
Los Angeles Rams,RAM,1994,5,1994-10-02,False,ATL,H,L,5,8,5.0,1,0,0,0,11.0
Los Angeles Rams,RAM,1994,6,1994-10-09,False,GNB,A,L,17,24,2.0,1,0,0,0,4.0
Los Angeles Rams,RAM,1994,7,1994-10-16,False,NYG,H,W,17,10,1.0,2,0,0,0,9.0
Los Angeles Rams,RAM,1994,8,1994-10-23,False,NOR,A,L,34,37,1.0,0,0,0,1,3.0
Los Angeles Rams,RAM,1994,9,1994-11-06,False,DEN,H,W,27,21,1.0,0,0,0,0,1.0
Los Angeles Rams,RAM,1994,10,1994-11-13,False,RAI,H,L,17,20,3.0,1,0,0,0,6.0
Los Angeles Rams,RAM,1994,11,1994-11-20,False,SFO,A,L,27,31,0,0,0,0,0,-1
Los Angeles Rams,RAM,1994,12,1994-11-27,False,SDG,A,L,17,31,2.0,1,0,0,0,3.0
Los Angeles Rams,RAM,1994,13,1994-12-04,False,NOR,H,L,15,31,2.0,1,0,0,0,3.0
Los Angeles Rams,RAM,1994,14,1994-12-11,False,TAM,A,L,14,24,1.0,0,0,0,0,1.0
Los Angeles Rams,RAM,1994,15,1994-12-18,False,CHI,A,L,13,27,0,0,0,0,0,0
Los Angeles Rams,RAM,1994,16,1994-12-24,False,WAS,H,L,21,24,1.0,1,0,0,0,3.0
San Diego Chargers,SDG,1994,1,1994-09-04,False,DEN,A,W,37,34,3.0,2,0,0,0,6.0
San Diego Chargers,SDG,1994,2,1994-09-11,False,CIN,H,W,27,10,2.0,1,0,0,0,8.0
San Diego Chargers,SDG,1994,3,1994-09-18,False,SEA,A,W,24,10,6.0,1,0,0,0,12.0
San Diego Chargers,SDG,1994,4,1994-09-25,False,RAI,A,W,26,24,3.0,0,0,0,1,9.0
San Diego Chargers,SDG,1994,5,1994-10-09,False,KAN,H,W,20,6,2.0,1,0,0,0,11.0
San Diego Chargers,SDG,1994,6,1994-10-16,False,NOR,A,W,36,22,3.0,0,0,0,0,3.0
San Diego Chargers,SDG,1994,7,1994-10-23,False,DEN,H,L,15,20,3.0,1,0,0,0,6.0
San Diego Chargers,SDG,1994,8,1994-10-30,False,SEA,H,W,35,15,3.0,0,0,0,0,4.0
San Diego Chargers,SDG,1994,9,1994-11-06,False,ATL,A,L,9,10,1.0,2,0,0,0,9.0
San Diego Chargers,SDG,1994,10,1994-11-13,False,KAN,A,W,14,13,2.0,2,0,0,0,10.0
San Diego Chargers,SDG,1994,11,1994-11-20,False,NWE,A,L,17,23,1.0,2,0,0,1,11.0
San Diego Chargers,SDG,1994,12,1994-11-27,False,RAM,H,W,31,17,4.0,4,0,0,1,19.0
San Diego Chargers,SDG,1994,13,1994-12-05,False,RAI,H,L,17,24,1.0,1,0,0,0,3.0
San Diego Chargers,SDG,1994,14,1994-12-11,False,SFO,H,L,15,38,1.0,0,0,0,0,-3.0
San Diego Chargers,SDG,1994,15,1994-12-18,False,NYJ,A,W,21,6,5.0,0,0,0,0,12.0
San Diego Chargers,SDG,1994,16,1994-12-24,False,PIT,H,W,37,34,2.0,0,0,0,1,7.0
San Diego Chargers,SDG,1994,17,1995-01-08,True,MIA,H,W,22,21,0.0,0,0,1,0,2
San Diego Chargers,SDG,1994,18,1995-01-15,True,PIT,A,W,17,13,0.0,0,0,0,0,4
San Diego Chargers,SDG,1994,19,1995-01-29,True,SFO,N,L,26,49,3.0,0,0,0,1,5.0
Seattle Seahawks,SEA,1994,1,1994-09-04,False,WAS,A,W,28,7,0.0,2,0,0,0,8
Seattle Seahawks,SEA,1994,2,1994-09-11,False,RAI,A,W,38,9,4.0,3,0,0,0,14.0
Seattle Seahawks,SEA,1994,3,1994-09-18,False,SDG,H,L,10,24,2.0,1,0,0,0,4.0
Seattle Seahawks,SEA,1994,4,1994-09-25,False,PIT,H,W,30,13,0.0,4,0,0,0,12
Seattle Seahawks,SEA,1994,5,1994-10-02,False,IND,A,L,15,17,2.0,0,0,0,0,3.0
Seattle Seahawks,SEA,1994,6,1994-10-09,False,DEN,H,L,9,16,2.0,0,0,0,0,3.0
Seattle Seahawks,SEA,1994,7,1994-10-23,False,KAN,A,L,23,38,1.0,0,0,0,0,-3.0
Seattle Seahawks,SEA,1994,8,1994-10-30,False,SDG,A,L,15,35,2.0,1,0,0,1,6.0
Seattle Seahawks,SEA,1994,9,1994-11-06,False,CIN,H,L,17,20,2.0,1,0,0,0,5.0
Seattle Seahawks,SEA,1994,10,1994-11-13,False,DEN,A,L,10,17,2.0,2,0,0,0,7.0
Seattle Seahawks,SEA,1994,11,1994-11-20,False,TAM,H,W,22,21,0.0,1,0,0,0,2
Seattle Seahawks,SEA,1994,12,1994-11-27,False,KAN,H,W,10,9,1.0,0,0,0,0,5.0
Seattle Seahawks,SEA,1994,13,1994-12-04,False,IND,H,L,19,31,0.0,2,0,0,0,3
Seattle Seahawks,SEA,1994,14,1994-12-11,False,HOU,A,W,16,14,6.0,1,0,0,0,9.0
Seattle Seahawks,SEA,1994,15,1994-12-18,False,RAI,H,L,16,17,5.0,0,0,0,0,6.0
Seattle Seahawks,SEA,1994,16,1994-12-24,False,CLE,A,L,9,35,0,1,0,0,0,-2
San Francisco 49ers,SFO,1994,1,1994-09-05,False,RAI,H,W,44,14,5.0,1,0,0,0,8.0
San Francisco 49ers,SFO,1994,2,1994-09-11,False,KAN,A,L,17,24,1.0,0,0,0,0,1.0
San Francisco 49ers,SFO,1994,3,1994-09-18,False,RAM,A,W,34,19,1.0,0,0,0,0,2.0
San Francisco 49ers,SFO,1994,4,1994-09-25,False,NOR,H,W,24,13,0.0,2,0,0,0,8
San Francisco 49ers,SFO,1994,5,1994-10-02,False,PHI,H,L,8,40,0,0,0,0,0,-4
San Francisco 49ers,SFO,1994,6,1994-10-09,False,DET,A,W,27,21,2.0,1,0,0,0,4.0
San Francisco 49ers,SFO,1994,7,1994-10-16,False,ATL,A,W,42,3,6.0,4,0,0,0,21.0
San Francisco 49ers,SFO,1994,8,1994-10-23,False,TAM,H,W,41,16,1.0,1,0,0,0,4.0
San Francisco 49ers,SFO,1994,9,1994-11-06,False,WAS,A,W,37,22,3.0,2,0,0,1,13.0
San Francisco 49ers,SFO,1994,10,1994-11-13,False,DAL,H,W,21,14,3.0,3,0,0,0,10.0
San Francisco 49ers,SFO,1994,11,1994-11-20,False,RAM,H,W,31,27,2.0,0,0,0,0,2.0
San Francisco 49ers,SFO,1994,12,1994-11-28,False,NOR,A,W,35,14,1.0,2,0,0,0,6.0
San Francisco 49ers,SFO,1994,13,1994-12-04,False,ATL,H,W,50,14,3.0,3,0,0,0,10.0
San Francisco 49ers,SFO,1994,14,1994-12-11,False,SDG,A,W,38,15,2.0,2,0,0,0,7.0
San Francisco 49ers,SFO,1994,15,1994-12-17,False,DEN,H,W,42,19,7.0,1,0,0,0,10.0
San Francisco 49ers,SFO,1994,16,1994-12-26,False,MIN,A,L,14,21,1.0,1,0,0,0,3.0
San Francisco 49ers,SFO,1994,17,1995-01-07,True,CHI,H,W,44,15,4.0,2,0,0,0,9.0
San Francisco 49ers,SFO,1994,18,1995-01-15,True,DAL,H,W,38,28,4.0,3,0,0,0,9.0
San Francisco 49ers,SFO,1994,19,1995-01-29,True,SDG,N,W,49,26,2.0,3,0,0,0,8.0
Tampa Bay Buccaneers,TAM,1994,1,1994-09-04,False,CHI,A,L,9,21,2.0,0,0,0,0,2.0
Tampa Bay Buccaneers,TAM,1994,2,1994-09-11,False,IND,H,W,24,10,1.0,1,0,0,0,7.0
Tampa Bay Buccaneers,TAM,1994,3,1994-09-18,False,NOR,H,L,7,9,0,0,0,0,0,4
Tampa Bay Buccaneers,TAM,1994,4,1994-09-25,False,GNB,A,L,3,30,0,0,0,0,0,-1
Tampa Bay Buccaneers,TAM,1994,5,1994-10-02,False,DET,H,W,24,14,1.0,0,0,0,1,8.0
Tampa Bay Buccaneers,TAM,1994,6,1994-10-09,False,ATL,A,L,13,34,2.0,2,0,0,0,5.0
Tampa Bay Buccaneers,TAM,1994,7,1994-10-23,False,SFO,A,L,16,41,2.0,0,0,0,0,-2.0
Tampa Bay Buccaneers,TAM,1994,8,1994-10-30,False,MIN,H,L,13,36,0.0,1,0,0,0,-2
Tampa Bay Buccaneers,TAM,1994,9,1994-11-06,False,CHI,H,L,6,20,0,1,0,0,0,3
Tampa Bay Buccaneers,TAM,1994,10,1994-11-13,False,DET,A,L,9,14,0,0,0,0,0,1
Tampa Bay Buccaneers,TAM,1994,11,1994-11-20,False,SEA,A,L,21,22,1.0,1,0,0,0,3.0
Tampa Bay Buccaneers,TAM,1994,12,1994-11-27,False,MIN,A,W,20,17,5.0,1,0,0,0,8.0
Tampa Bay Buccaneers,TAM,1994,13,1994-12-04,False,WAS,H,W,26,21,3.0,1,0,0,0,5.0
Tampa Bay Buccaneers,TAM,1994,14,1994-12-11,False,RAM,H,W,24,14,1.0,0,0,0,0,2.0
Tampa Bay Buccaneers,TAM,1994,15,1994-12-18,False,WAS,A,W,17,14,1.0,0,0,0,0,2.0
Tampa Bay Buccaneers,TAM,1994,16,1994-12-24,False,GNB,H,L,19,34,1.0,1,0,0,0,2.0
Washington Redskins,WAS,1994,1,1994-09-04,False,SEA,H,L,7,28,1.0,0,0,0,0,0.0
Washington Redskins,WAS,1994,2,1994-09-11,False,NOR,A,W,38,24,1.0,1,0,0,1,9.0
Washington Redskins,WAS,1994,3,1994-09-18,False,NYG,A,L,23,31,1.0,0,0,0,0,0.0
Washington Redskins,WAS,1994,4,1994-09-25,False,ATL,H,L,20,27,6.0,1,0,0,0,8.0
Washington Redskins,WAS,1994,5,1994-10-02,False,DAL,H,L,7,34,0,1,0,0,0,1
Washington Redskins,WAS,1994,6,1994-10-09,False,PHI,A,L,17,21,3.0,2,0,0,0,7.0
Washington Redskins,WAS,1994,7,1994-10-16,False,ARI,H,L,16,19,3.0,3,0,0,0,10.0
Washington Redskins,WAS,1994,8,1994-10-23,False,IND,A,W,41,27,4.0,3,0,0,0,10.0
Washington Redskins,WAS,1994,9,1994-10-30,False,PHI,H,L,29,31,1.0,0,0,0,0,0.0
Washington Redskins,WAS,1994,10,1994-11-06,False,SFO,H,L,22,37,2.0,1,0,0,0,0.0
Washington Redskins,WAS,1994,11,1994-11-20,False,DAL,A,L,7,31,0,0,0,0,0,-1
Washington Redskins,WAS,1994,12,1994-11-27,False,NYG,H,L,19,21,1.0,0,0,0,0,1.0
Washington Redskins,WAS,1994,13,1994-12-04,False,TAM,A,L,21,26,0.0,2,0,0,0,4
Washington Redskins,WAS,1994,14,1994-12-11,False,ARI,A,L,15,17,3.0,0,0,0,0,4.0
Washington Redskins,WAS,1994,15,1994-12-18,False,TAM,H,L,14,17,0,2,0,0,0,5
Washington Redskins,WAS,1994,16,1994-12-24,False,RAM,A,W,24,21,2.0,1,0,0,1,10.0
Arizona Cardinals,ARI,1995,1,1995-09-03,False,WAS,A,L,7,27,2.0,1,0,0,0,4.0
Arizona Cardinals,ARI,1995,2,1995-09-10,False,PHI,H,L,19,31,1.0,1,0,0,0,2.0
Arizona Cardinals,ARI,1995,3,1995-09-17,False,DET,A,W,20,17,2.0,0,0,0,0,3.0
Arizona Cardinals,ARI,1995,4,1995-09-24,False,DAL,A,L,20,34,0,0,0,0,0,-1
Arizona Cardinals,ARI,1995,5,1995-10-01,False,KAN,H,L,3,24,1.0,1,0,0,0,3.0
Arizona Cardinals,ARI,1995,6,1995-10-08,False,NYG,A,L,21,27,2.0,2,0,0,0,6.0
Arizona Cardinals,ARI,1995,7,1995-10-15,False,WAS,H,W,24,20,2.0,1,0,0,0,5.0
Arizona Cardinals,ARI,1995,8,1995-10-29,False,SEA,H,W,20,14,2.0,4,0,0,0,11.0
Arizona Cardinals,ARI,1995,9,1995-11-05,False,DEN,A,L,6,38,1.0,0,0,0,0,-3.0
Arizona Cardinals,ARI,1995,10,1995-11-12,False,MIN,H,L,24,30,5.0,0,0,0,0,4.0
Arizona Cardinals,ARI,1995,11,1995-11-19,False,CAR,A,L,7,27,3.0,0,0,0,0,3.0
Arizona Cardinals,ARI,1995,12,1995-11-26,False,ATL,H,W,40,37,3.0,1,0,0,0,1.0
Arizona Cardinals,ARI,1995,13,1995-11-30,False,NYG,H,L,6,10,3.0,0,0,0,0,7.0
Arizona Cardinals,ARI,1995,14,1995-12-09,False,SDG,A,L,25,28,0.0,4,0,0,0,7
Arizona Cardinals,ARI,1995,15,1995-12-17,False,PHI,A,L,20,21,2.0,3,0,0,0,8.0
Arizona Cardinals,ARI,1995,16,1995-12-25,False,DAL,H,L,13,37,2.0,1,0,0,0,0.0
Atlanta Falcons,ATL,1995,1,1995-09-03,False,CAR,H,W,23,20,9.0,0,0,0,0,10.0
Atlanta Falcons,ATL,1995,2,1995-09-10,False,SFO,A,L,10,41,0,1,0,0,0,-2
Atlanta Falcons,ATL,1995,3,1995-09-17,False,NOR,A,W,27,24,3.0,0,0,0,0,3.0
Atlanta Falcons,ATL,1995,4,1995-09-24,False,NYJ,H,W,13,3,2.0,3,0,0,0,15.0
Atlanta Falcons,ATL,1995,5,1995-10-01,False,NWE,H,W,30,17,4.0,0,0,0,0,5.0
Atlanta Falcons,ATL,1995,6,1995-10-12,False,STL,A,L,19,21,1.0,1,0,0,1,9.0
Atlanta Falcons,ATL,1995,7,1995-10-22,False,TAM,A,W,24,21,1.0,0,0,0,0,1.0
Atlanta Falcons,ATL,1995,8,1995-10-29,False,DAL,H,L,13,28,1.0,1,0,0,0,2.0
Atlanta Falcons,ATL,1995,9,1995-11-05,False,DET,H,W,34,22,1.0,2,0,0,0,5.0
Atlanta Falcons,ATL,1995,10,1995-11-12,False,BUF,A,L,17,23,2.0,1,0,0,0,4.0
Atlanta Falcons,ATL,1995,11,1995-11-19,False,STL,H,W,31,6,1.0,2,0,0,0,12.0
Atlanta Falcons,ATL,1995,12,1995-11-26,False,ARI,A,L,37,40,3.0,2,0,0,0,3.0
Atlanta Falcons,ATL,1995,13,1995-12-03,False,MIA,A,L,20,21,0,2,0,0,0,4
Atlanta Falcons,ATL,1995,14,1995-12-10,False,NOR,H,W,19,14,0.0,1,0,0,0,3
Atlanta Falcons,ATL,1995,15,1995-12-17,False,CAR,A,L,17,21,0,1,0,0,0,2
Atlanta Falcons,ATL,1995,16,1995-12-24,False,SFO,H,W,28,27,2.0,1,0,0,0,4.0
Atlanta Falcons,ATL,1995,17,1995-12-31,True,GNB,A,L,20,37,1.0,0,0,0,0,-3.0
Buffalo Bills,BUF,1995,1,1995-09-03,False,DEN,A,L,7,22,2.0,1,0,0,0,4.0
Buffalo Bills,BUF,1995,2,1995-09-10,False,CAR,H,W,31,9,2.0,0,0,0,0,6.0
Buffalo Bills,BUF,1995,3,1995-09-17,False,IND,H,W,20,14,5.0,0,0,0,0,6.0
Buffalo Bills,BUF,1995,4,1995-10-02,False,CLE,A,W,22,19,3.0,0,0,0,0,4.0
Buffalo Bills,BUF,1995,5,1995-10-08,False,NYJ,H,W,29,10,4.0,1,0,0,0,10.0
Buffalo Bills,BUF,1995,6,1995-10-15,False,SEA,H,W,27,21,4.0,2,0,0,0,8.0
Buffalo Bills,BUF,1995,7,1995-10-23,False,NWE,A,L,14,27,0,0,0,0,0,0
Buffalo Bills,BUF,1995,8,1995-10-29,False,MIA,A,L,6,23,1.0,0,0,0,0,1.0
Buffalo Bills,BUF,1995,9,1995-11-05,False,IND,A,W,16,10,4.0,0,0,0,0,8.0
Buffalo Bills,BUF,1995,10,1995-11-12,False,ATL,H,W,23,17,5.0,0,0,0,0,6.0
Buffalo Bills,BUF,1995,11,1995-11-19,False,NYJ,A,W,28,26,4.0,2,0,0,0,8.0
Buffalo Bills,BUF,1995,12,1995-11-26,False,NWE,H,L,25,35,0.5,3,0,0,0,2.5
Buffalo Bills,BUF,1995,13,1995-12-03,False,SFO,A,L,17,27,4.0,1,0,0,0,6.0
Buffalo Bills,BUF,1995,14,1995-12-10,False,STL,A,W,45,27,4.0,0,0,0,0,4.0
Buffalo Bills,BUF,1995,15,1995-12-17,False,MIA,H,W,23,20,3.0,1,0,0,0,6.0
Buffalo Bills,BUF,1995,16,1995-12-24,False,HOU,H,L,17,28,1.0,0,0,0,0,0.0
Buffalo Bills,BUF,1995,17,1995-12-30,True,MIA,H,W,37,22,0,3,0,0,0,6
Buffalo Bills,BUF,1995,18,1996-01-06,True,PIT,A,L,21,40,0,2,0,0,0,0
Carolina Panthers,CAR,1995,1,1995-09-03,False,ATL,A,L,20,23,3.0,1,0,0,0,5.0
Carolina Panthers,CAR,1995,2,1995-09-10,False,BUF,A,L,9,31,0.0,3,0,0,0,5
Carolina Panthers,CAR,1995,3,1995-09-17,False,STL,H,L,10,31,2.0,0,0,0,0,1.0
Carolina Panthers,CAR,1995,4,1995-10-01,False,TAM,H,L,13,20,1.0,0,0,0,0,2.0
Carolina Panthers,CAR,1995,5,1995-10-08,False,CHI,A,L,27,31,1.0,0,0,0,1,6.0
Carolina Panthers,CAR,1995,6,1995-10-15,False,NYJ,H,W,26,15,2.0,3,0,0,0,9.0
Carolina Panthers,CAR,1995,7,1995-10-22,False,NOR,H,W,20,3,1.0,4,0,0,0,16.0
Carolina Panthers,CAR,1995,8,1995-10-29,False,NWE,A,W,20,17,0,0,0,0,0,1
Carolina Panthers,CAR,1995,9,1995-11-05,False,SFO,A,W,13,7,2.0,2,0,0,0,10.0
Carolina Panthers,CAR,1995,10,1995-11-12,False,STL,A,L,17,28,3.0,1,0,0,0,4.0
Carolina Panthers,CAR,1995,11,1995-11-19,False,ARI,H,W,27,7,6.0,1,0,0,0,12.0
Carolina Panthers,CAR,1995,12,1995-11-26,False,NOR,A,L,26,34,2.0,1,0,0,0,3.0
Carolina Panthers,CAR,1995,13,1995-12-03,False,IND,H,W,13,10,7.0,2,0,0,0,15.0
Carolina Panthers,CAR,1995,14,1995-12-10,False,SFO,H,L,10,31,3.0,1,0,0,0,4.0
Carolina Panthers,CAR,1995,15,1995-12-17,False,ATL,H,W,21,17,0.0,2,0,0,0,5
Carolina Panthers,CAR,1995,16,1995-12-24,False,WAS,A,L,17,20,2.0,0,0,0,0,3.0
Chicago Bears,CHI,1995,1,1995-09-03,False,MIN,H,W,31,14,3.0,1,0,0,0,6.0
Chicago Bears,CHI,1995,2,1995-09-11,False,GNB,H,L,24,27,2.0,1,0,0,0,4.0
Chicago Bears,CHI,1995,3,1995-09-17,False,TAM,A,W,25,6,4.0,4,0,0,0,19.0
Chicago Bears,CHI,1995,4,1995-09-24,False,STL,A,L,28,34,2.0,0,0,0,0,1.0
Chicago Bears,CHI,1995,5,1995-10-08,False,CAR,H,W,31,27,0,1,0,0,0,2
Chicago Bears,CHI,1995,6,1995-10-15,False,JAX,A,W,30,27,1.0,1,0,0,0,3.0
Chicago Bears,CHI,1995,7,1995-10-22,False,HOU,H,W,35,32,2.0,0,0,0,0,1.0
Chicago Bears,CHI,1995,8,1995-10-30,False,MIN,A,W,14,6,4.0,0,0,0,0,11.0
Chicago Bears,CHI,1995,9,1995-11-05,False,PIT,H,L,34,37,5.0,2,0,0,0,5.0
Chicago Bears,CHI,1995,10,1995-11-12,False,GNB,A,L,28,35,2.0,0,0,0,0,-2.0
Chicago Bears,CHI,1995,11,1995-11-19,False,DET,H,L,17,24,1.0,1,0,0,0,3.0
Chicago Bears,CHI,1995,12,1995-11-26,False,NYG,A,W,27,24,0,0,0,0,0,0
Chicago Bears,CHI,1995,13,1995-12-04,False,DET,A,L,7,27,1.0,0,0,0,0,1.0
Chicago Bears,CHI,1995,14,1995-12-10,False,CIN,A,L,10,16,1.0,0,0,0,0,2.0
Chicago Bears,CHI,1995,15,1995-12-17,False,TAM,H,W,31,10,2.0,3,0,0,0,12.0
Chicago Bears,CHI,1995,16,1995-12-24,False,PHI,H,W,20,14,4.0,2,0,0,0,9.0
Cincinnati Bengals,CIN,1995,1,1995-09-03,False,IND,A,W,24,21,4.0,3,0,0,0,10.0
Cincinnati Bengals,CIN,1995,2,1995-09-10,False,JAX,H,W,24,17,7.0,1,0,0,0,10.0
Cincinnati Bengals,CIN,1995,3,1995-09-17,False,SEA,A,L,21,24,2.0,1,0,0,0,4.0
Cincinnati Bengals,CIN,1995,4,1995-09-24,False,HOU,H,L,28,38,1.0,0,0,0,0,-3.0
Cincinnati Bengals,CIN,1995,5,1995-10-01,False,MIA,H,L,23,26,1.0,1,0,0,0,3.0
Cincinnati Bengals,CIN,1995,6,1995-10-08,False,TAM,A,L,16,19,7.0,0,0,0,0,8.0
Cincinnati Bengals,CIN,1995,7,1995-10-19,False,PIT,A,W,27,9,1.0,1,0,0,0,7.0
Cincinnati Bengals,CIN,1995,8,1995-10-29,False,CLE,H,L,26,29,2.0,1,0,0,0,3.0
Cincinnati Bengals,CIN,1995,9,1995-11-05,False,OAK,H,L,17,20,2.0,1,0,0,0,5.0
Cincinnati Bengals,CIN,1995,10,1995-11-12,False,HOU,A,W,32,25,4.0,1,0,0,0,6.0
Cincinnati Bengals,CIN,1995,11,1995-11-19,False,PIT,H,L,31,49,2.0,0,0,0,0,-2.0
Cincinnati Bengals,CIN,1995,12,1995-11-26,False,JAX,A,W,17,13,4.0,1,0,0,0,10.0
Cincinnati Bengals,CIN,1995,13,1995-12-03,False,GNB,A,L,10,24,1.0,1,0,0,0,3.0
Cincinnati Bengals,CIN,1995,14,1995-12-10,False,CHI,H,W,16,10,3.0,0,0,0,0,7.0
Cincinnati Bengals,CIN,1995,15,1995-12-17,False,CLE,A,L,10,26,0,0,0,0,0,0
Cincinnati Bengals,CIN,1995,16,1995-12-24,False,MIN,H,W,27,24,1.0,0,0,0,0,1.0
Cleveland Browns,CLE,1995,1,1995-09-03,False,NWE,A,L,14,17,0,0,0,0,0,1
Cleveland Browns,CLE,1995,2,1995-09-10,False,TAM,H,W,22,6,7.0,2,0,0,0,18.0
Cleveland Browns,CLE,1995,3,1995-09-17,False,HOU,A,W,14,7,1.0,4,0,0,0,13.0
Cleveland Browns,CLE,1995,4,1995-09-24,False,KAN,H,W,35,17,1.0,2,0,0,0,6.0
Cleveland Browns,CLE,1995,5,1995-10-02,False,BUF,H,L,19,22,1.0,1,0,0,1,9.0
Cleveland Browns,CLE,1995,6,1995-10-08,False,DET,A,L,20,38,3.0,1,0,0,0,1.0
Cleveland Browns,CLE,1995,7,1995-10-22,False,JAX,H,L,15,23,1.0,1,0,0,0,3.0
Cleveland Browns,CLE,1995,8,1995-10-29,False,CIN,A,W,29,26,5.0,2,0,0,0,9.0
Cleveland Browns,CLE,1995,9,1995-11-05,False,HOU,H,L,10,37,1.0,1,0,0,0,-1.0
Cleveland Browns,CLE,1995,10,1995-11-13,False,PIT,A,L,3,20,1.0,0,0,0,0,2.0
Cleveland Browns,CLE,1995,11,1995-11-19,False,GNB,H,L,20,31,2.0,0,0,0,0,1.0
Cleveland Browns,CLE,1995,12,1995-11-26,False,PIT,H,L,17,20,1.0,0,0,0,0,2.0
Cleveland Browns,CLE,1995,13,1995-12-03,False,SDG,A,L,13,31,0.0,0,0,0,0,-1
Cleveland Browns,CLE,1995,14,1995-12-09,False,MIN,A,L,11,27,2.0,2,0,0,0,6.0
Cleveland Browns,CLE,1995,15,1995-12-17,False,CIN,H,W,26,10,2.0,1,0,0,0,8.0
Cleveland Browns,CLE,1995,16,1995-12-24,False,JAX,A,L,21,24,1.0,0,0,0,0,1.0
Dallas Cowboys,DAL,1995,1,1995-09-04,False,NYG,A,W,35,0,2.0,1,0,0,0,14.0
Dallas Cowboys,DAL,1995,2,1995-09-10,False,DEN,H,W,31,21,3.0,1,0,0,0,5.0
Dallas Cowboys,DAL,1995,3,1995-09-17,False,MIN,A,W,23,17,3.0,0,0,0,0,4.0
Dallas Cowboys,DAL,1995,4,1995-09-24,False,ARI,H,W,34,20,3.0,3,0,0,0,10.0
Dallas Cowboys,DAL,1995,5,1995-10-01,False,WAS,A,L,23,27,1.0,1,0,0,0,3.0
Dallas Cowboys,DAL,1995,6,1995-10-08,False,GNB,H,W,34,24,0,1,0,0,0,2
Dallas Cowboys,DAL,1995,7,1995-10-15,False,SDG,A,W,23,9,6.0,3,0,0,0,16.0
Dallas Cowboys,DAL,1995,8,1995-10-29,False,ATL,A,W,28,13,3.0,0,0,0,0,7.0
Dallas Cowboys,DAL,1995,9,1995-11-06,False,PHI,H,W,34,12,3.0,2,0,0,0,11.0
Dallas Cowboys,DAL,1995,10,1995-11-12,False,SFO,H,L,20,38,2.0,0,0,0,0,-2.0
Dallas Cowboys,DAL,1995,11,1995-11-19,False,OAK,A,W,34,21,0,3,0,0,0,6
Dallas Cowboys,DAL,1995,12,1995-11-23,False,KAN,H,W,24,12,1.0,0,0,0,0,5.0
Dallas Cowboys,DAL,1995,13,1995-12-03,False,WAS,H,L,17,24,1.0,0,0,0,0,1.0
Dallas Cowboys,DAL,1995,14,1995-12-10,False,PHI,A,L,17,20,2.0,1,0,0,0,5.0
Dallas Cowboys,DAL,1995,15,1995-12-17,False,NYG,H,W,21,20,2.0,1,0,0,0,5.0
Dallas Cowboys,DAL,1995,16,1995-12-25,False,ARI,A,W,37,13,3.0,2,0,0,0,11.0
Dallas Cowboys,DAL,1995,17,1996-01-07,True,PHI,H,W,30,11,5.0,1,0,0,0,11.0
Dallas Cowboys,DAL,1995,18,1996-01-14,True,GNB,H,W,38,27,4.0,2,0,0,0,8.0
Dallas Cowboys,DAL,1995,19,1996-01-28,True,PIT,N,W,27,17,4.0,3,0,0,0,11.0
Denver Broncos,DEN,1995,1,1995-09-03,False,BUF,H,W,22,7,2.0,0,0,0,0,6.0
Denver Broncos,DEN,1995,2,1995-09-10,False,DAL,A,L,21,31,0,1,0,0,0,1
Denver Broncos,DEN,1995,3,1995-09-17,False,WAS,H,W,38,31,1.0,1,0,0,0,2.0
Denver Broncos,DEN,1995,4,1995-09-24,False,SDG,A,L,6,17,2.0,1,0,0,0,5.0
Denver Broncos,DEN,1995,5,1995-10-01,False,SEA,A,L,10,27,4.0,0,0,0,0,4.0
Denver Broncos,DEN,1995,6,1995-10-08,False,NWE,A,W,37,3,2.0,0,0,0,0,9.0
Denver Broncos,DEN,1995,7,1995-10-16,False,OAK,H,W,27,0,3.0,2,0,0,0,17.0
Denver Broncos,DEN,1995,8,1995-10-22,False,KAN,H,L,7,21,1.0,0,0,0,0,1.0
Denver Broncos,DEN,1995,9,1995-11-05,False,ARI,H,W,38,6,6.0,0,0,0,0,13.0
Denver Broncos,DEN,1995,10,1995-11-12,False,PHI,A,L,13,31,1.0,0,0,0,0,0.0
Denver Broncos,DEN,1995,11,1995-11-19,False,SDG,H,W,30,27,1.0,0,0,0,0,1.0
Denver Broncos,DEN,1995,12,1995-11-26,False,HOU,A,L,33,42,0,0,0,0,0,-4
Denver Broncos,DEN,1995,13,1995-12-03,False,JAX,H,W,31,23,3.0,1,0,0,0,5.0
Denver Broncos,DEN,1995,14,1995-12-10,False,SEA,H,L,27,31,2.0,2,0,0,0,5.0
Denver Broncos,DEN,1995,15,1995-12-17,False,KAN,A,L,17,20,1.0,0,0,0,0,2.0
Denver Broncos,DEN,1995,16,1995-12-24,False,OAK,A,W,31,28,1.0,0,0,0,0,0.0
Detroit Lions,DET,1995,1,1995-09-03,False,PIT,A,L,20,23,1.0,4,0,0,0,9.0
Detroit Lions,DET,1995,2,1995-09-10,False,MIN,A,L,10,20,2.0,0,0,0,0,3.0
Detroit Lions,DET,1995,3,1995-09-17,False,ARI,H,L,17,20,7.0,0,0,0,0,8.0
Detroit Lions,DET,1995,4,1995-09-25,False,SFO,H,W,27,24,1.0,1,0,0,0,3.0
Detroit Lions,DET,1995,5,1995-10-08,False,CLE,H,W,38,20,1.0,0,0,0,0,2.0
Detroit Lions,DET,1995,6,1995-10-15,False,GNB,A,L,21,30,2.0,0,0,0,0,1.0
Detroit Lions,DET,1995,7,1995-10-22,False,WAS,A,L,30,36,1.0,0,0,0,0,-3.0
Detroit Lions,DET,1995,8,1995-10-29,False,GNB,H,W,24,16,1.0,3,0,0,0,8.0
Detroit Lions,DET,1995,9,1995-11-05,False,ATL,A,L,22,34,3.0,0,0,0,0,2.0
Detroit Lions,DET,1995,10,1995-11-12,False,TAM,H,W,27,24,4.0,2,0,0,0,8.0
Detroit Lions,DET,1995,11,1995-11-19,False,CHI,A,W,24,17,0.0,1,0,0,0,3
Detroit Lions,DET,1995,12,1995-11-23,False,MIN,H,W,44,38,4.0,2,0,0,0,4.0
Detroit Lions,DET,1995,13,1995-12-04,False,CHI,H,W,27,7,4.0,0,0,0,0,8.0
Detroit Lions,DET,1995,14,1995-12-10,False,HOU,A,W,24,17,3.0,3,0,0,0,10.0
Detroit Lions,DET,1995,15,1995-12-17,False,JAX,H,W,44,0,3.0,4,0,0,0,21.0
Detroit Lions,DET,1995,16,1995-12-23,False,TAM,A,W,37,10,5.0,2,0,0,0,13.0
Detroit Lions,DET,1995,17,1995-12-30,True,PHI,A,L,37,58,1.0,0,0,0,0,-3.0
Green Bay Packers,GNB,1995,1,1995-09-03,False,STL,H,L,14,17,5.0,0,0,0,0,6.0
Green Bay Packers,GNB,1995,2,1995-09-11,False,CHI,A,W,27,24,2.0,1,0,0,0,4.0
Green Bay Packers,GNB,1995,3,1995-09-17,False,NYG,H,W,14,6,2.0,1,0,0,0,11.0
Green Bay Packers,GNB,1995,4,1995-09-24,False,JAX,A,W,24,14,5.0,0,0,0,0,6.0
Green Bay Packers,GNB,1995,5,1995-10-08,False,DAL,A,L,24,34,1.0,0,0,0,0,0.0
Green Bay Packers,GNB,1995,6,1995-10-15,False,DET,H,W,30,21,0,1,0,0,0,2
Green Bay Packers,GNB,1995,7,1995-10-22,False,MIN,H,W,38,21,3.0,3,0,0,0,9.0
Green Bay Packers,GNB,1995,8,1995-10-29,False,DET,A,L,16,24,2.0,0,0,0,0,2.0
Green Bay Packers,GNB,1995,9,1995-11-05,False,MIN,A,L,24,27,2.0,0,0,0,0,2.0
Green Bay Packers,GNB,1995,10,1995-11-12,False,CHI,H,W,35,28,2.0,1,0,0,0,3.0
Green Bay Packers,GNB,1995,11,1995-11-19,False,CLE,A,W,31,20,2.0,1,0,0,0,5.0
Green Bay Packers,GNB,1995,12,1995-11-26,False,TAM,H,W,35,13,4.0,0,0,0,0,8.0
Green Bay Packers,GNB,1995,13,1995-12-03,False,CIN,H,W,24,10,3.0,2,0,0,0,11.0
Green Bay Packers,GNB,1995,14,1995-12-10,False,TAM,A,L,10,13,3.0,2,0,0,0,11.0
Green Bay Packers,GNB,1995,15,1995-12-16,False,NOR,A,W,34,23,2.0,1,0,0,0,4.0
Green Bay Packers,GNB,1995,16,1995-12-24,False,PIT,H,W,24,19,1.0,0,0,0,0,2.0
Green Bay Packers,GNB,1995,17,1995-12-31,True,ATL,H,W,37,20,3.0,2,0,0,1,14.0
Green Bay Packers,GNB,1995,18,1996-01-06,True,SFO,A,W,27,17,3.0,2,0,0,0,8.0
Green Bay Packers,GNB,1995,19,1996-01-14,True,DAL,A,L,27,38,1.0,0,0,0,0,-3.0
Houston Oilers,HOU,1995,1,1995-09-03,False,JAX,A,W,10,3,4.0,1,0,0,0,13.0
Houston Oilers,HOU,1995,2,1995-09-10,False,PIT,H,L,17,34,0,0,0,0,0,-1
Houston Oilers,HOU,1995,3,1995-09-17,False,CLE,H,L,7,14,1.0,0,0,0,0,2.0
Houston Oilers,HOU,1995,4,1995-09-24,False,CIN,A,W,38,28,1.0,0,0,0,0,0.0
Houston Oilers,HOU,1995,5,1995-10-01,False,JAX,H,L,16,17,3.0,1,0,0,0,6.0
Houston Oilers,HOU,1995,6,1995-10-08,False,MIN,A,L,17,23,1.0,2,0,0,0,5.0
Houston Oilers,HOU,1995,7,1995-10-22,False,CHI,A,L,32,35,0.0,2,0,0,0,0
Houston Oilers,HOU,1995,8,1995-10-29,False,TAM,H,W,19,7,3.0,3,0,0,0,13.0
Houston Oilers,HOU,1995,9,1995-11-05,False,CLE,A,W,37,10,3.0,3,0,0,0,13.0
Houston Oilers,HOU,1995,10,1995-11-12,False,CIN,H,L,25,32,0.0,1,0,0,0,1
Houston Oilers,HOU,1995,11,1995-11-19,False,KAN,A,L,13,20,1.0,1,0,0,0,4.0
Houston Oilers,HOU,1995,12,1995-11-26,False,DEN,H,W,42,33,0.0,2,0,0,0,3
Houston Oilers,HOU,1995,13,1995-12-03,False,PIT,A,L,7,21,2.0,2,0,0,0,6.0
Houston Oilers,HOU,1995,14,1995-12-10,False,DET,H,L,17,24,3.0,2,0,0,0,7.0
Houston Oilers,HOU,1995,15,1995-12-17,False,NYJ,H,W,23,6,3.0,0,0,0,0,10.0
Houston Oilers,HOU,1995,16,1995-12-24,False,BUF,A,W,28,17,5.0,1,0,0,0,8.0
Indianapolis Colts,IND,1995,1,1995-09-03,False,CIN,H,L,21,24,0,0,0,0,0,0
Indianapolis Colts,IND,1995,2,1995-09-10,False,NYJ,A,W,27,24,0,0,0,0,0,0
Indianapolis Colts,IND,1995,3,1995-09-17,False,BUF,A,L,14,20,1.0,0,0,0,0,2.0
Indianapolis Colts,IND,1995,4,1995-10-01,False,STL,H,W,21,18,2.0,2,0,0,0,7.0
Indianapolis Colts,IND,1995,5,1995-10-08,False,MIA,A,W,27,24,0,0,0,0,0,0
Indianapolis Colts,IND,1995,6,1995-10-15,False,SFO,H,W,18,17,6.0,1,0,0,0,9.0
Indianapolis Colts,IND,1995,7,1995-10-22,False,OAK,A,L,17,30,3.0,1,0,0,0,4.0
Indianapolis Colts,IND,1995,8,1995-10-29,False,NYJ,H,W,17,10,2.0,1,0,0,0,8.0
Indianapolis Colts,IND,1995,9,1995-11-05,False,BUF,H,L,10,16,1.0,0,0,0,0,2.0
Indianapolis Colts,IND,1995,10,1995-11-12,False,NOR,A,L,14,17,1.0,1,0,0,0,4.0
Indianapolis Colts,IND,1995,11,1995-11-19,False,NWE,A,W,24,10,5.0,0,0,0,0,9.0
Indianapolis Colts,IND,1995,12,1995-11-26,False,MIA,H,W,36,28,4.0,1,0,0,0,5.0
Indianapolis Colts,IND,1995,13,1995-12-03,False,CAR,A,L,10,13,0.0,1,0,0,0,6
Indianapolis Colts,IND,1995,14,1995-12-10,False,JAX,A,W,41,31,2.0,1,0,0,1,9.0
Indianapolis Colts,IND,1995,15,1995-12-17,False,SDG,H,L,24,27,1.0,1,0,0,0,3.0
Indianapolis Colts,IND,1995,16,1995-12-23,False,NWE,H,W,10,7,1.0,3,0,0,0,11.0
Indianapolis Colts,IND,1995,17,1995-12-31,True,SDG,A,W,35,20,1.0,4,0,0,0,10.0
Indianapolis Colts,IND,1995,18,1996-01-07,True,KAN,A,W,10,7,0.0,3,0,0,0,10
Indianapolis Colts,IND,1995,19,1996-01-14,True,PIT,A,L,16,20,1.0,1,0,0,0,4.0
Jacksonville Jaguars,JAX,1995,1,1995-09-03,False,HOU,H,L,3,10,0,0,0,0,0,4
Jacksonville Jaguars,JAX,1995,2,1995-09-10,False,CIN,A,L,17,24,3.0,0,0,0,0,3.0
Jacksonville Jaguars,JAX,1995,3,1995-09-17,False,NYJ,A,L,10,27,0,1,0,0,0,2
Jacksonville Jaguars,JAX,1995,4,1995-09-24,False,GNB,H,L,14,24,2.0,1,0,0,0,4.0
Jacksonville Jaguars,JAX,1995,5,1995-10-01,False,HOU,A,W,17,16,2.0,1,0,0,0,5.0
Jacksonville Jaguars,JAX,1995,6,1995-10-08,False,PIT,H,W,20,16,0,0,0,0,0,1
Jacksonville Jaguars,JAX,1995,7,1995-10-15,False,CHI,H,L,27,30,0,0,0,0,0,-1
Jacksonville Jaguars,JAX,1995,8,1995-10-22,False,CLE,A,W,23,15,1.0,2,0,0,0,6.0
Jacksonville Jaguars,JAX,1995,9,1995-10-29,False,PIT,A,L,7,24,0,0,0,0,0,0
Jacksonville Jaguars,JAX,1995,10,1995-11-12,False,SEA,H,L,30,47,2.0,1,0,0,0,0.0
Jacksonville Jaguars,JAX,1995,11,1995-11-19,False,TAM,A,L,16,17,1.0,0,0,0,0,2.0
Jacksonville Jaguars,JAX,1995,12,1995-11-26,False,CIN,H,L,13,17,0.0,3,0,0,0,7
Jacksonville Jaguars,JAX,1995,13,1995-12-03,False,DEN,A,L,23,31,0,1,0,0,1,7
Jacksonville Jaguars,JAX,1995,14,1995-12-10,False,IND,H,L,31,41,1.0,0,0,0,0,-3.0
Jacksonville Jaguars,JAX,1995,15,1995-12-17,False,DET,A,L,0,44,2.0,0,0,0,0,-2.0
Jacksonville Jaguars,JAX,1995,16,1995-12-24,False,CLE,H,W,24,21,3.0,3,0,0,0,9.0
Kansas City Chiefs,KAN,1995,1,1995-09-03,False,SEA,A,W,34,10,3.0,1,0,0,1,15.0
Kansas City Chiefs,KAN,1995,2,1995-09-10,False,NYG,H,W,20,17,4.0,0,0,0,0,5.0
Kansas City Chiefs,KAN,1995,3,1995-09-17,False,OAK,H,W,23,17,2.0,2,0,0,0,7.0
Kansas City Chiefs,KAN,1995,4,1995-09-24,False,CLE,A,L,17,35,1.0,0,0,0,0,-3.0
Kansas City Chiefs,KAN,1995,5,1995-10-01,False,ARI,A,W,24,3,7.0,1,0,0,0,16.0
Kansas City Chiefs,KAN,1995,6,1995-10-09,False,SDG,H,W,29,23,3.0,1,0,0,1,11.0
Kansas City Chiefs,KAN,1995,7,1995-10-15,False,NWE,H,W,31,26,3.0,1,0,0,0,5.0
Kansas City Chiefs,KAN,1995,8,1995-10-22,False,DEN,A,W,21,7,3.0,2,0,0,0,11.0
Kansas City Chiefs,KAN,1995,9,1995-11-05,False,WAS,H,W,24,3,3.0,2,0,0,0,14.0
Kansas City Chiefs,KAN,1995,10,1995-11-12,False,SDG,A,W,22,7,4.0,0,0,0,0,8.0
Kansas City Chiefs,KAN,1995,11,1995-11-19,False,HOU,H,W,20,13,0.0,3,0,0,0,10
Kansas City Chiefs,KAN,1995,12,1995-11-23,False,DAL,A,L,12,24,2.0,0,0,0,0,2.0
Kansas City Chiefs,KAN,1995,13,1995-12-03,False,OAK,A,W,29,23,4.0,2,0,0,0,8.0
Kansas City Chiefs,KAN,1995,14,1995-12-11,False,MIA,A,L,6,13,1.0,1,0,0,0,7.0
Kansas City Chiefs,KAN,1995,15,1995-12-17,False,DEN,H,W,20,17,3.0,0,0,0,0,4.0
Kansas City Chiefs,KAN,1995,16,1995-12-24,False,SEA,H,W,26,3,4.0,0,0,0,1,17.0
Kansas City Chiefs,KAN,1995,17,1996-01-07,True,IND,H,L,7,10,2.0,1,0,0,0,8.0
Miami Dolphins,MIA,1995,1,1995-09-03,False,NYJ,H,W,52,14,2.0,4,0,0,0,11.0
Miami Dolphins,MIA,1995,2,1995-09-10,False,NWE,A,W,20,3,1.0,2,0,0,0,12.0
Miami Dolphins,MIA,1995,3,1995-09-18,False,PIT,H,W,23,10,4.0,3,0,0,0,14.0
Miami Dolphins,MIA,1995,4,1995-10-01,False,CIN,A,W,26,23,1.0,0,0,0,0,1.0
Miami Dolphins,MIA,1995,5,1995-10-08,False,IND,H,L,24,27,2.0,0,0,0,0,2.0
Miami Dolphins,MIA,1995,6,1995-10-15,False,NOR,A,L,30,33,1.0,0,0,0,0,0.0
Miami Dolphins,MIA,1995,7,1995-10-22,False,NYJ,A,L,16,17,3.0,1,0,0,0,6.0
Miami Dolphins,MIA,1995,8,1995-10-29,False,BUF,H,W,23,6,2.0,0,0,0,0,9.0
Miami Dolphins,MIA,1995,9,1995-11-05,False,SDG,A,W,24,14,3.0,1,0,0,0,6.0
Miami Dolphins,MIA,1995,10,1995-11-12,False,NWE,H,L,17,34,1.0,0,0,0,0,0.0
Miami Dolphins,MIA,1995,11,1995-11-20,False,SFO,H,L,20,44,1.0,0,0,0,0,-3.0
Miami Dolphins,MIA,1995,12,1995-11-26,False,IND,A,L,28,36,3.0,0,0,0,0,-1.0
Miami Dolphins,MIA,1995,13,1995-12-03,False,ATL,H,W,21,20,1.0,0,0,0,0,2.0
Miami Dolphins,MIA,1995,14,1995-12-11,False,KAN,H,W,13,6,0,1,0,0,0,9
Miami Dolphins,MIA,1995,15,1995-12-17,False,BUF,A,L,20,23,1.0,1,0,0,0,3.0
Miami Dolphins,MIA,1995,16,1995-12-24,False,STL,A,W,41,22,3.0,1,0,0,0,5.0
Miami Dolphins,MIA,1995,17,1995-12-30,True,BUF,A,L,22,37,0,2,0,0,0,0
Minnesota Vikings,MIN,1995,1,1995-09-03,False,CHI,A,L,14,31,1.0,1,0,0,0,2.0
Minnesota Vikings,MIN,1995,2,1995-09-10,False,DET,H,W,20,10,4.0,1,0,0,0,10.0
Minnesota Vikings,MIN,1995,3,1995-09-17,False,DAL,H,L,17,23,2.0,0,0,0,0,2.0
Minnesota Vikings,MIN,1995,4,1995-09-24,False,PIT,A,W,44,24,2.0,6,0,0,0,14.0
Minnesota Vikings,MIN,1995,5,1995-10-08,False,HOU,H,W,23,17,3.0,2,0,0,0,8.0
Minnesota Vikings,MIN,1995,6,1995-10-15,False,TAM,A,L,17,20,3.0,0,0,0,0,4.0
Minnesota Vikings,MIN,1995,7,1995-10-22,False,GNB,A,L,21,38,3.0,0,0,0,0,-1.0
Minnesota Vikings,MIN,1995,8,1995-10-30,False,CHI,H,L,6,14,0,0,0,0,0,1
Minnesota Vikings,MIN,1995,9,1995-11-05,False,GNB,H,W,27,24,4.0,4,0,0,0,12.0
Minnesota Vikings,MIN,1995,10,1995-11-12,False,ARI,A,W,30,24,3.0,1,0,0,0,5.0
Minnesota Vikings,MIN,1995,11,1995-11-19,False,NOR,H,W,43,24,2.0,0,0,0,0,2.0
Minnesota Vikings,MIN,1995,12,1995-11-23,False,DET,A,L,38,44,3.0,1,0,0,1,7.0
Minnesota Vikings,MIN,1995,13,1995-12-03,False,TAM,H,W,31,17,8.0,1,0,0,0,11.0
Minnesota Vikings,MIN,1995,14,1995-12-09,False,CLE,H,W,27,11,5.0,4,0,0,0,17.0
Minnesota Vikings,MIN,1995,15,1995-12-18,False,SFO,A,L,30,37,1.0,2,0,0,0,1.0
Minnesota Vikings,MIN,1995,16,1995-12-24,False,CIN,A,L,24,27,0.0,2,0,0,0,4
New Orleans Saints,NOR,1995,1,1995-09-03,False,SFO,H,L,22,24,5.0,1,0,0,0,7.0
New Orleans Saints,NOR,1995,2,1995-09-10,False,STL,A,L,13,17,3.0,0,0,0,0,4.0
New Orleans Saints,NOR,1995,3,1995-09-17,False,ATL,H,L,24,27,7.0,1,0,0,0,9.0
New Orleans Saints,NOR,1995,4,1995-09-24,False,NYG,A,L,29,45,1.0,1,0,0,0,-1.0
New Orleans Saints,NOR,1995,5,1995-10-01,False,PHI,H,L,10,15,5.0,0,0,0,0,6.0
New Orleans Saints,NOR,1995,6,1995-10-15,False,MIA,H,W,33,30,2.0,2,0,0,0,5.0
New Orleans Saints,NOR,1995,7,1995-10-22,False,CAR,A,L,3,20,4.0,0,0,0,0,5.0
New Orleans Saints,NOR,1995,8,1995-10-29,False,SFO,A,W,11,7,1.0,2,0,0,0,9.0
New Orleans Saints,NOR,1995,9,1995-11-05,False,STL,H,W,19,10,2.0,1,0,0,0,8.0
New Orleans Saints,NOR,1995,10,1995-11-12,False,IND,H,W,17,14,1.0,0,0,0,0,2.0
New Orleans Saints,NOR,1995,11,1995-11-19,False,MIN,A,L,24,43,2.0,0,0,0,0,-2.0
New Orleans Saints,NOR,1995,12,1995-11-26,False,CAR,H,W,34,26,2.0,4,0,0,0,10.0
New Orleans Saints,NOR,1995,13,1995-12-03,False,NWE,A,W,31,17,2.0,2,0,0,0,7.0
New Orleans Saints,NOR,1995,14,1995-12-10,False,ATL,A,L,14,19,1.0,0,0,0,0,2.0
New Orleans Saints,NOR,1995,15,1995-12-16,False,GNB,H,L,23,34,2.0,0,0,0,0,1.0
New Orleans Saints,NOR,1995,16,1995-12-24,False,NYJ,A,W,12,0,4.0,3,0,0,0,20.0
New England Patriots,NWE,1995,1,1995-09-03,False,CLE,H,W,17,14,3.0,1,0,0,0,6.0
New England Patriots,NWE,1995,2,1995-09-10,False,MIA,H,L,3,20,0.0,1,0,0,0,3
New England Patriots,NWE,1995,3,1995-09-17,False,SFO,A,L,3,28,3.0,1,0,0,0,4.0
New England Patriots,NWE,1995,4,1995-10-01,False,ATL,A,L,17,30,2.0,1,0,0,0,3.0
New England Patriots,NWE,1995,5,1995-10-08,False,DEN,H,L,3,37,1.0,1,0,0,0,-1.0
New England Patriots,NWE,1995,6,1995-10-15,False,KAN,A,L,26,31,2.0,0,0,0,0,1.0
New England Patriots,NWE,1995,7,1995-10-23,False,BUF,H,W,27,14,4.0,0,0,0,0,5.0
New England Patriots,NWE,1995,8,1995-10-29,False,CAR,H,L,17,20,2.0,1,0,0,0,5.0
New England Patriots,NWE,1995,9,1995-11-05,False,NYJ,A,W,20,7,5.0,1,0,0,0,11.0
New England Patriots,NWE,1995,10,1995-11-12,False,MIA,A,W,34,17,2.0,2,0,0,0,7.0
New England Patriots,NWE,1995,11,1995-11-19,False,IND,H,L,10,24,0,1,0,0,0,2
New England Patriots,NWE,1995,12,1995-11-26,False,BUF,A,W,35,25,2.0,2,0,0,0,6.0
New England Patriots,NWE,1995,13,1995-12-03,False,NOR,H,L,17,31,0.0,1,0,0,0,1
New England Patriots,NWE,1995,14,1995-12-10,False,NYJ,H,W,31,28,4.0,1,0,0,0,5.0
New England Patriots,NWE,1995,15,1995-12-16,False,PIT,A,L,27,41,1.0,1,0,0,0,-1.0
New England Patriots,NWE,1995,16,1995-12-23,False,IND,A,L,7,10,6.0,0,0,0,0,10.0
New York Giants,NYG,1995,1,1995-09-04,False,DAL,H,L,0,35,0,0,0,0,0,-4
New York Giants,NYG,1995,2,1995-09-10,False,KAN,A,L,17,20,1.0,1,0,0,0,4.0
New York Giants,NYG,1995,3,1995-09-17,False,GNB,A,L,6,14,4.0,0,0,0,0,5.0
New York Giants,NYG,1995,4,1995-09-24,False,NOR,H,W,45,29,2.0,2,0,0,0,5.0
New York Giants,NYG,1995,5,1995-10-01,False,SFO,A,L,6,20,0,0,0,0,0,1
New York Giants,NYG,1995,6,1995-10-08,False,ARI,H,W,27,21,2.0,1,0,0,0,4.0
New York Giants,NYG,1995,7,1995-10-15,False,PHI,H,L,14,17,2.0,1,0,0,0,5.0
New York Giants,NYG,1995,8,1995-10-29,False,WAS,A,W,24,15,4.0,4,0,0,0,13.0
New York Giants,NYG,1995,9,1995-11-05,False,SEA,A,L,28,30,2.0,1,0,0,0,3.0
New York Giants,NYG,1995,10,1995-11-12,False,OAK,H,L,13,17,1.0,1,0,0,0,4.0
New York Giants,NYG,1995,11,1995-11-19,False,PHI,A,L,19,28,3.0,1,0,0,0,4.0
New York Giants,NYG,1995,12,1995-11-26,False,CHI,H,L,24,27,0,0,0,0,0,0
New York Giants,NYG,1995,13,1995-11-30,False,ARI,A,W,10,6,2.0,2,0,0,0,13.0
New York Giants,NYG,1995,14,1995-12-10,False,WAS,H,W,20,13,4.0,1,0,0,1,16.0
New York Giants,NYG,1995,15,1995-12-17,False,DAL,A,L,20,21,0,1,0,0,0,2
New York Giants,NYG,1995,16,1995-12-23,False,SDG,H,L,17,27,1.0,0,0,0,0,1.0
New York Jets,NYJ,1995,1,1995-09-03,False,MIA,A,L,14,52,1.0,2,0,0,0,1.0
New York Jets,NYJ,1995,2,1995-09-10,False,IND,H,L,24,27,4.0,1,0,0,0,6.0
New York Jets,NYJ,1995,3,1995-09-17,False,JAX,H,W,27,10,6.0,1,0,0,0,12.0
New York Jets,NYJ,1995,4,1995-09-24,False,ATL,A,L,3,13,3.0,1,0,0,0,9.0
New York Jets,NYJ,1995,5,1995-10-01,False,OAK,H,L,10,47,4.0,0,0,0,0,0.0
New York Jets,NYJ,1995,6,1995-10-08,False,BUF,A,L,10,29,1.0,1,0,0,0,2.0
New York Jets,NYJ,1995,7,1995-10-15,False,CAR,A,L,15,26,4.0,2,0,0,0,8.0
New York Jets,NYJ,1995,8,1995-10-22,False,MIA,H,W,17,16,3.0,3,0,0,0,10.0
New York Jets,NYJ,1995,9,1995-10-29,False,IND,A,L,10,17,4.0,0,0,0,0,5.0
New York Jets,NYJ,1995,10,1995-11-05,False,NWE,H,L,7,20,0,0,0,0,0,1
New York Jets,NYJ,1995,11,1995-11-19,False,BUF,H,L,26,28,3.0,0,0,0,0,2.0
New York Jets,NYJ,1995,12,1995-11-26,False,SEA,A,W,16,10,3.0,1,0,0,0,9.0
New York Jets,NYJ,1995,13,1995-12-03,False,STL,H,L,20,23,4.0,4,0,0,0,12.0
New York Jets,NYJ,1995,14,1995-12-10,False,NWE,A,L,28,31,1.0,1,0,0,0,2.0
New York Jets,NYJ,1995,15,1995-12-17,False,HOU,A,L,6,23,2.0,0,0,0,0,2.0
New York Jets,NYJ,1995,16,1995-12-24,False,NOR,H,L,0,12,0,0,0,0,0,4
Oakland Raiders,OAK,1995,1,1995-09-03,False,SDG,H,W,17,7,1.0,1,0,0,0,7.0
Oakland Raiders,OAK,1995,2,1995-09-10,False,WAS,A,W,20,8,2.0,1,0,0,0,8.0
Oakland Raiders,OAK,1995,3,1995-09-17,False,KAN,A,L,17,23,3.0,0,0,0,0,3.0
Oakland Raiders,OAK,1995,4,1995-09-24,False,PHI,H,W,48,17,7.0,2,0,0,0,12.0
Oakland Raiders,OAK,1995,5,1995-10-01,False,NYJ,A,W,47,10,4.0,0,0,0,0,8.0
Oakland Raiders,OAK,1995,6,1995-10-08,False,SEA,H,W,34,14,2.0,2,0,0,0,7.0
Oakland Raiders,OAK,1995,7,1995-10-16,False,DEN,A,L,0,27,2.0,0,0,0,0,2.0
Oakland Raiders,OAK,1995,8,1995-10-22,False,IND,H,W,30,17,4.0,0,0,0,1,11.0
Oakland Raiders,OAK,1995,9,1995-11-05,False,CIN,A,W,20,17,4.0,2,0,0,0,9.0
Oakland Raiders,OAK,1995,10,1995-11-12,False,NYG,A,W,17,13,4.0,0,0,0,0,8.0
Oakland Raiders,OAK,1995,11,1995-11-19,False,DAL,H,L,21,34,1.0,0,0,0,0,0.0
Oakland Raiders,OAK,1995,12,1995-11-27,False,SDG,A,L,6,12,3.0,0,0,0,0,7.0
Oakland Raiders,OAK,1995,13,1995-12-03,False,KAN,H,L,23,29,2.0,1,0,0,0,3.0
Oakland Raiders,OAK,1995,14,1995-12-10,False,PIT,H,L,10,29,2.0,1,0,0,0,3.0
Oakland Raiders,OAK,1995,15,1995-12-17,False,SEA,A,L,10,44,0,0,0,0,0,-4
Oakland Raiders,OAK,1995,16,1995-12-24,False,DEN,H,L,28,31,2.0,1,0,0,0,3.0
Philadelphia Eagles,PHI,1995,1,1995-09-03,False,TAM,H,L,6,21,1.0,1,0,0,0,3.0
Philadelphia Eagles,PHI,1995,2,1995-09-10,False,ARI,A,W,31,19,1.0,2,0,0,0,6.0
Philadelphia Eagles,PHI,1995,3,1995-09-17,False,SDG,H,L,21,27,1.0,0,0,0,0,1.0
Philadelphia Eagles,PHI,1995,4,1995-09-24,False,OAK,A,L,17,48,2.0,2,0,0,0,2.0
Philadelphia Eagles,PHI,1995,5,1995-10-01,False,NOR,A,W,15,10,3.0,1,0,0,0,9.0
Philadelphia Eagles,PHI,1995,6,1995-10-08,False,WAS,H,W,37,34,3.0,1,0,0,0,4.0
Philadelphia Eagles,PHI,1995,7,1995-10-15,False,NYG,A,W,17,14,6.0,3,0,0,0,13.0
Philadelphia Eagles,PHI,1995,8,1995-10-29,False,STL,H,W,20,9,6.0,2,0,0,0,14.0
Philadelphia Eagles,PHI,1995,9,1995-11-06,False,DAL,A,L,12,34,0,1,0,0,0,1
Philadelphia Eagles,PHI,1995,10,1995-11-12,False,DEN,H,W,31,13,3.0,0,0,0,0,7.0
Philadelphia Eagles,PHI,1995,11,1995-11-19,False,NYG,H,W,28,19,8.0,2,0,0,0,13.0
Philadelphia Eagles,PHI,1995,12,1995-11-26,False,WAS,A,W,14,7,3.0,1,0,0,0,9.0
Philadelphia Eagles,PHI,1995,13,1995-12-03,False,SEA,A,L,14,26,5.0,0,0,0,0,5.0
Philadelphia Eagles,PHI,1995,14,1995-12-10,False,DAL,H,W,20,17,3.0,0,0,0,0,4.0
Philadelphia Eagles,PHI,1995,15,1995-12-17,False,ARI,H,W,21,20,3.0,2,0,0,1,14.0
Philadelphia Eagles,PHI,1995,16,1995-12-24,False,CHI,A,L,14,20,0.0,1,0,0,0,3
Philadelphia Eagles,PHI,1995,17,1995-12-30,True,DET,H,W,58,37,2.0,6,0,0,0,10.0
Philadelphia Eagles,PHI,1995,18,1996-01-07,True,DAL,A,L,11,30,1.0,1,0,0,0,2.0
Pittsburgh Steelers,PIT,1995,1,1995-09-03,False,DET,H,W,23,20,2.0,1,0,0,0,5.0
Pittsburgh Steelers,PIT,1995,2,1995-09-10,False,HOU,A,W,34,17,4.0,2,0,0,1,15.0
Pittsburgh Steelers,PIT,1995,3,1995-09-18,False,MIA,A,L,10,23,3.0,0,0,0,0,3.0
Pittsburgh Steelers,PIT,1995,4,1995-09-24,False,MIN,H,L,24,44,1.0,2,0,0,0,1.0
Pittsburgh Steelers,PIT,1995,5,1995-10-01,False,SDG,H,W,31,16,3.0,4,0,0,0,12.0
Pittsburgh Steelers,PIT,1995,6,1995-10-08,False,JAX,A,L,16,20,4.0,0,0,0,0,5.0
Pittsburgh Steelers,PIT,1995,7,1995-10-19,False,CIN,H,L,9,27,0,0,0,0,0,0
Pittsburgh Steelers,PIT,1995,8,1995-10-29,False,JAX,H,W,24,7,7.0,0,0,0,0,11.0
Pittsburgh Steelers,PIT,1995,9,1995-11-05,False,CHI,A,W,37,34,1.0,3,0,0,0,6.0
Pittsburgh Steelers,PIT,1995,10,1995-11-13,False,CLE,H,W,20,3,4.0,1,0,0,0,13.0
Pittsburgh Steelers,PIT,1995,11,1995-11-19,False,CIN,A,W,49,31,3.0,1,0,0,0,4.0
Pittsburgh Steelers,PIT,1995,12,1995-11-26,False,CLE,A,W,20,17,0,2,0,0,0,5
Pittsburgh Steelers,PIT,1995,13,1995-12-03,False,HOU,H,W,21,7,6.0,1,0,0,0,12.0
Pittsburgh Steelers,PIT,1995,14,1995-12-10,False,OAK,A,W,29,10,0.0,4,0,0,0,12
Pittsburgh Steelers,PIT,1995,15,1995-12-16,False,NWE,H,W,41,27,2.0,1,0,0,0,4.0
Pittsburgh Steelers,PIT,1995,16,1995-12-24,False,GNB,A,L,19,24,2.0,0,0,0,0,2.0
Pittsburgh Steelers,PIT,1995,17,1996-01-06,True,BUF,H,W,40,21,2.0,3,0,0,0,8.0
Pittsburgh Steelers,PIT,1995,18,1996-01-14,True,IND,H,W,20,16,3.0,0,0,0,0,4.0
Pittsburgh Steelers,PIT,1995,19,1996-01-28,True,DAL,N,L,17,27,2.0,0,0,0,0,2.0
San Diego Chargers,SDG,1995,1,1995-09-03,False,OAK,A,L,7,17,5.0,0,0,0,0,6.0
San Diego Chargers,SDG,1995,2,1995-09-10,False,SEA,H,W,14,10,1.0,2,0,0,0,9.0
San Diego Chargers,SDG,1995,3,1995-09-17,False,PHI,A,W,27,21,2.0,1,0,0,1,10.0
San Diego Chargers,SDG,1995,4,1995-09-24,False,DEN,H,W,17,6,1.0,0,0,0,0,8.0
San Diego Chargers,SDG,1995,5,1995-10-01,False,PIT,A,L,16,31,1.0,1,0,0,0,2.0
San Diego Chargers,SDG,1995,6,1995-10-09,False,KAN,A,L,23,29,1.0,0,0,0,0,0.0
San Diego Chargers,SDG,1995,7,1995-10-15,False,DAL,H,L,9,23,1.0,0,0,0,0,1.0
San Diego Chargers,SDG,1995,8,1995-10-22,False,SEA,A,W,35,25,7.0,3,0,0,0,13.0
San Diego Chargers,SDG,1995,9,1995-11-05,False,MIA,H,L,14,24,0.0,1,0,0,0,2
San Diego Chargers,SDG,1995,10,1995-11-12,False,KAN,H,L,7,22,3.0,1,0,0,0,5.0
San Diego Chargers,SDG,1995,11,1995-11-19,False,DEN,A,L,27,30,0.0,2,0,0,1,9
San Diego Chargers,SDG,1995,12,1995-11-27,False,OAK,H,W,12,6,3.0,3,0,0,0,16.0
San Diego Chargers,SDG,1995,13,1995-12-03,False,CLE,H,W,31,13,2.0,1,0,0,0,8.0
San Diego Chargers,SDG,1995,14,1995-12-09,False,ARI,H,W,28,25,5.0,0,0,0,1,11.0
San Diego Chargers,SDG,1995,15,1995-12-17,False,IND,A,W,27,24,3.0,1,0,0,0,5.0
San Diego Chargers,SDG,1995,16,1995-12-23,False,NYG,A,W,27,17,1.0,1,0,0,0,4.0
San Diego Chargers,SDG,1995,17,1995-12-31,True,IND,H,L,20,35,2.0,1,0,0,0,0.0
Seattle Seahawks,SEA,1995,1,1995-09-03,False,KAN,H,L,10,34,0,0,0,0,0,-1
Seattle Seahawks,SEA,1995,2,1995-09-10,False,SDG,A,L,10,14,1.0,1,0,0,0,4.0
Seattle Seahawks,SEA,1995,3,1995-09-17,False,CIN,H,W,24,21,1.0,1,0,0,0,3.0
Seattle Seahawks,SEA,1995,4,1995-10-01,False,DEN,H,W,27,10,0,0,0,0,0,4
Seattle Seahawks,SEA,1995,5,1995-10-08,False,OAK,A,L,14,34,3.0,0,0,0,0,2.0
Seattle Seahawks,SEA,1995,6,1995-10-15,False,BUF,A,L,21,27,2.0,0,0,0,0,2.0
Seattle Seahawks,SEA,1995,7,1995-10-22,False,SDG,H,L,25,35,2.0,1,0,0,0,0.0
Seattle Seahawks,SEA,1995,8,1995-10-29,False,ARI,A,L,14,20,1.0,2,0,0,0,6.0
Seattle Seahawks,SEA,1995,9,1995-11-05,False,NYG,H,W,30,28,3.0,0,0,0,1,8.0
Seattle Seahawks,SEA,1995,10,1995-11-12,False,JAX,A,W,47,30,3.0,1,0,0,0,4.0
Seattle Seahawks,SEA,1995,11,1995-11-19,False,WAS,A,W,27,20,2.0,4,0,0,0,11.0
Seattle Seahawks,SEA,1995,12,1995-11-26,False,NYJ,H,L,10,16,1.0,1,0,0,0,4.0
Seattle Seahawks,SEA,1995,13,1995-12-03,False,PHI,H,W,26,14,1.0,1,0,0,0,4.0
Seattle Seahawks,SEA,1995,14,1995-12-10,False,DEN,A,W,31,27,4.0,3,0,0,0,10.0
Seattle Seahawks,SEA,1995,15,1995-12-17,False,OAK,H,W,44,10,3.0,0,0,0,0,7.0
Seattle Seahawks,SEA,1995,16,1995-12-24,False,KAN,A,L,3,26,1.0,1,0,0,0,3.0
San Francisco 49ers,SFO,1995,1,1995-09-03,False,NOR,A,W,24,22,1.0,1,0,0,0,3.0
San Francisco 49ers,SFO,1995,2,1995-09-10,False,ATL,H,W,41,10,2.0,3,0,0,0,12.0
San Francisco 49ers,SFO,1995,3,1995-09-17,False,NWE,H,W,28,3,4.0,3,0,0,0,17.0
San Francisco 49ers,SFO,1995,4,1995-09-25,False,DET,A,L,24,27,3.0,0,0,0,0,3.0
San Francisco 49ers,SFO,1995,5,1995-10-01,False,NYG,H,W,20,6,2.0,1,0,0,0,11.0
San Francisco 49ers,SFO,1995,6,1995-10-15,False,IND,A,L,17,18,1.0,1,0,0,0,4.0
San Francisco 49ers,SFO,1995,7,1995-10-22,False,STL,A,W,44,10,2.0,4,0,0,0,14.0
San Francisco 49ers,SFO,1995,8,1995-10-29,False,NOR,H,L,7,11,2.0,0,0,0,0,6.0
San Francisco 49ers,SFO,1995,9,1995-11-05,False,CAR,H,L,7,13,3.0,1,0,0,0,9.0
San Francisco 49ers,SFO,1995,10,1995-11-12,False,DAL,A,W,38,20,3.0,3,0,0,0,10.0
San Francisco 49ers,SFO,1995,11,1995-11-20,False,MIA,A,W,44,20,5.0,1,0,0,0,8.0
San Francisco 49ers,SFO,1995,12,1995-11-26,False,STL,H,W,41,13,1.0,4,0,0,0,13.0
San Francisco 49ers,SFO,1995,13,1995-12-03,False,BUF,H,W,27,17,4.0,3,0,0,0,11.0
San Francisco 49ers,SFO,1995,14,1995-12-10,False,CAR,A,W,31,10,1.0,1,0,0,0,7.0
San Francisco 49ers,SFO,1995,15,1995-12-18,False,MIN,H,W,37,30,5.0,0,0,0,1,10.0
San Francisco 49ers,SFO,1995,16,1995-12-24,False,ATL,A,L,27,28,1.0,0,0,0,0,0.0
San Francisco 49ers,SFO,1995,17,1996-01-06,True,GNB,H,L,17,27,1.0,0,0,0,0,1.0
St. Louis Rams,STL,1995,1,1995-09-03,False,GNB,A,W,17,14,4.0,3,0,0,0,11.0
St. Louis Rams,STL,1995,2,1995-09-10,False,NOR,H,W,17,13,5.0,1,0,0,0,11.0
St. Louis Rams,STL,1995,3,1995-09-17,False,CAR,A,W,31,10,2.0,5,0,0,0,16.0
St. Louis Rams,STL,1995,4,1995-09-24,False,CHI,H,W,34,28,0,0,0,0,0,-1
St. Louis Rams,STL,1995,5,1995-10-01,False,IND,A,L,18,21,0.0,1,0,0,0,2
St. Louis Rams,STL,1995,6,1995-10-12,False,ATL,H,W,21,19,2.0,0,0,0,0,3.0
St. Louis Rams,STL,1995,7,1995-10-22,False,SFO,H,L,10,44,1.0,0,0,0,0,-3.0
St. Louis Rams,STL,1995,8,1995-10-29,False,PHI,A,L,9,20,1.0,1,0,0,0,4.0
St. Louis Rams,STL,1995,9,1995-11-05,False,NOR,A,L,10,19,3.0,0,0,0,0,4.0
St. Louis Rams,STL,1995,10,1995-11-12,False,CAR,H,W,28,17,3.0,4,0,0,0,12.0
St. Louis Rams,STL,1995,11,1995-11-19,False,ATL,A,L,6,31,3.0,0,0,0,0,2.0
St. Louis Rams,STL,1995,12,1995-11-26,False,SFO,A,L,13,41,1.0,2,0,0,0,1.0
St. Louis Rams,STL,1995,13,1995-12-03,False,NYJ,A,W,23,20,6.0,1,0,0,0,9.0
St. Louis Rams,STL,1995,14,1995-12-10,False,BUF,H,L,27,45,1.0,1,0,0,0,-1.0
St. Louis Rams,STL,1995,15,1995-12-17,False,WAS,H,L,23,35,2.0,1,0,0,0,0.0
St. Louis Rams,STL,1995,16,1995-12-24,False,MIA,H,L,22,41,2.0,2,0,0,0,2.0
Tampa Bay Buccaneers,TAM,1995,1,1995-09-03,False,PHI,A,W,21,6,5.0,1,0,0,0,14.0
Tampa Bay Buccaneers,TAM,1995,2,1995-09-10,False,CLE,A,L,6,22,1.0,0,0,0,0,1.0
Tampa Bay Buccaneers,TAM,1995,3,1995-09-17,False,CHI,H,L,6,25,0,0,0,0,0,0
Tampa Bay Buccaneers,TAM,1995,4,1995-09-24,False,WAS,H,W,14,6,3.0,1,0,0,0,12.0
Tampa Bay Buccaneers,TAM,1995,5,1995-10-01,False,CAR,A,W,20,13,0,1,0,0,0,6
Tampa Bay Buccaneers,TAM,1995,6,1995-10-08,False,CIN,H,W,19,16,1.0,3,0,0,0,8.0
Tampa Bay Buccaneers,TAM,1995,7,1995-10-15,False,MIN,H,W,20,17,0,2,0,0,0,5
Tampa Bay Buccaneers,TAM,1995,8,1995-10-22,False,ATL,H,L,21,24,4.0,1,0,0,0,6.0
Tampa Bay Buccaneers,TAM,1995,9,1995-10-29,False,HOU,A,L,7,19,2.0,0,0,0,0,3.0
Tampa Bay Buccaneers,TAM,1995,10,1995-11-12,False,DET,A,L,24,27,1.0,0,0,0,0,1.0
Tampa Bay Buccaneers,TAM,1995,11,1995-11-19,False,JAX,H,W,17,16,3.0,1,0,0,0,6.0
Tampa Bay Buccaneers,TAM,1995,12,1995-11-26,False,GNB,A,L,13,35,1.0,0,0,0,0,-3.0
Tampa Bay Buccaneers,TAM,1995,13,1995-12-03,False,MIN,A,L,17,31,2.0,2,0,0,0,5.0
Tampa Bay Buccaneers,TAM,1995,14,1995-12-10,False,GNB,H,W,13,10,0,1,0,0,0,6
Tampa Bay Buccaneers,TAM,1995,15,1995-12-17,False,CHI,A,L,10,31,0,0,0,0,0,-1
Tampa Bay Buccaneers,TAM,1995,16,1995-12-23,False,DET,H,L,10,37,2.0,1,0,0,0,0.0
Washington Redskins,WAS,1995,1,1995-09-03,False,ARI,H,W,27,7,1.0,4,0,0,0,13.0
Washington Redskins,WAS,1995,2,1995-09-10,False,OAK,H,L,8,20,0,0,0,0,0,1
Washington Redskins,WAS,1995,3,1995-09-17,False,DEN,A,L,31,38,1.0,0,0,0,0,-3.0
Washington Redskins,WAS,1995,4,1995-09-24,False,TAM,A,L,6,14,2.0,0,0,0,0,3.0
Washington Redskins,WAS,1995,5,1995-10-01,False,DAL,H,W,27,23,2.0,1,0,0,0,4.0
Washington Redskins,WAS,1995,6,1995-10-08,False,PHI,A,L,34,37,1.0,1,0,0,1,5.0
Washington Redskins,WAS,1995,7,1995-10-15,False,ARI,A,L,20,24,2.0,1,0,0,0,4.0
Washington Redskins,WAS,1995,8,1995-10-22,False,DET,H,W,36,30,2.0,1,0,0,0,3.0
Washington Redskins,WAS,1995,9,1995-10-29,False,NYG,H,L,15,24,2.0,0,0,0,0,2.0
Washington Redskins,WAS,1995,10,1995-11-05,False,KAN,A,L,3,24,2.0,1,0,0,0,4.0
Washington Redskins,WAS,1995,11,1995-11-19,False,SEA,H,L,20,27,2.0,2,0,0,0,6.0
Washington Redskins,WAS,1995,12,1995-11-26,False,PHI,H,L,7,14,4.0,1,0,0,0,7.0
Washington Redskins,WAS,1995,13,1995-12-03,False,DAL,A,W,24,17,0,1,0,0,0,3
Washington Redskins,WAS,1995,14,1995-12-10,False,NYG,A,L,13,20,4.0,0,0,0,0,5.0
Washington Redskins,WAS,1995,15,1995-12-17,False,STL,A,W,35,23,2.0,1,0,0,0,4.0
Washington Redskins,WAS,1995,16,1995-12-24,False,CAR,H,W,20,17,2.0,2,0,0,0,7.0
Arizona Cardinals,ARI,1996,1,1996-09-01,False,IND,A,L,13,20,1.0,1,0,0,0,4.0
Arizona Cardinals,ARI,1996,2,1996-09-08,False,MIA,H,L,10,38,3.0,0,0,0,0,-1.0
Arizona Cardinals,ARI,1996,3,1996-09-15,False,NWE,A,L,0,31,2.0,0,0,0,0,1.0
Arizona Cardinals,ARI,1996,4,1996-09-22,False,NOR,A,W,28,14,3.0,1,0,0,0,6.0
Arizona Cardinals,ARI,1996,5,1996-09-29,False,STL,H,W,31,28,3.0,1,0,0,0,4.0
Arizona Cardinals,ARI,1996,6,1996-10-13,False,DAL,A,L,3,17,0.0,1,0,0,0,3
Arizona Cardinals,ARI,1996,7,1996-10-20,False,TAM,H,W,13,9,1.0,0,0,0,0,5.0
Arizona Cardinals,ARI,1996,8,1996-10-27,False,NYJ,H,L,21,31,1.0,2,0,0,0,4.0
Arizona Cardinals,ARI,1996,9,1996-11-03,False,NYG,A,L,8,16,2.0,0,0,0,0,3.0
Arizona Cardinals,ARI,1996,10,1996-11-10,False,WAS,A,W,37,34,0,1,0,0,0,1
Arizona Cardinals,ARI,1996,11,1996-11-17,False,NYG,H,W,31,23,4.0,2,0,0,0,8.0
Arizona Cardinals,ARI,1996,12,1996-11-24,False,PHI,H,W,36,30,4.0,1,0,0,0,5.0
Arizona Cardinals,ARI,1996,13,1996-12-01,False,MIN,A,L,17,41,1.0,0,0,0,0,-3.0
Arizona Cardinals,ARI,1996,14,1996-12-08,False,DAL,H,L,6,10,1.0,0,0,0,0,5.0
Arizona Cardinals,ARI,1996,15,1996-12-15,False,WAS,H,W,27,26,2.0,0,0,0,0,2.0
Arizona Cardinals,ARI,1996,16,1996-12-22,False,PHI,A,L,19,29,0.0,1,0,0,0,1
Atlanta Falcons,ATL,1996,1,1996-09-01,False,CAR,A,L,6,29,4.0,0,0,0,0,3.0
Atlanta Falcons,ATL,1996,2,1996-09-08,False,MIN,H,L,17,23,1.0,1,0,0,0,3.0
Atlanta Falcons,ATL,1996,3,1996-09-22,False,PHI,H,L,18,33,3.0,0,0,0,0,2.0
Atlanta Falcons,ATL,1996,4,1996-09-29,False,SFO,A,L,17,39,0,0,0,0,0,-4
Atlanta Falcons,ATL,1996,5,1996-10-06,False,DET,A,L,24,28,2.0,0,0,0,0,1.0
Atlanta Falcons,ATL,1996,6,1996-10-13,False,HOU,H,L,13,23,2.0,0,0,0,0,2.0
Atlanta Falcons,ATL,1996,7,1996-10-20,False,DAL,A,L,28,32,2.0,0,0,0,0,1.0
Atlanta Falcons,ATL,1996,8,1996-10-27,False,PIT,H,L,17,20,3.0,0,0,0,0,4.0
Atlanta Falcons,ATL,1996,9,1996-11-03,False,CAR,H,W,20,17,6.0,0,0,0,0,7.0
Atlanta Falcons,ATL,1996,10,1996-11-10,False,STL,A,L,16,59,1.0,0,0,0,0,-3.0
Atlanta Falcons,ATL,1996,11,1996-11-17,False,NOR,H,W,17,15,1.0,2,0,0,0,6.0
Atlanta Falcons,ATL,1996,12,1996-11-24,False,CIN,A,L,31,41,1.0,0,0,0,0,-3.0
Atlanta Falcons,ATL,1996,13,1996-12-02,False,SFO,H,L,10,34,4.0,1,0,0,0,5.0
Atlanta Falcons,ATL,1996,14,1996-12-08,False,NOR,A,W,31,15,1.0,1,0,0,0,4.0
Atlanta Falcons,ATL,1996,15,1996-12-15,False,STL,H,L,27,34,2.0,1,0,0,0,3.0
Atlanta Falcons,ATL,1996,16,1996-12-22,False,JAX,A,L,17,19,3.0,0,0,0,0,4.0
Baltimore Ravens,BAL,1996,1,1996-09-01,False,OAK,H,W,19,14,3.0,2,0,0,0,8.0
Baltimore Ravens,BAL,1996,2,1996-09-08,False,PIT,A,L,17,31,1.0,1,0,0,0,2.0
Baltimore Ravens,BAL,1996,3,1996-09-15,False,HOU,A,L,13,29,1.0,0,0,0,0,0.0
Baltimore Ravens,BAL,1996,4,1996-09-29,False,NOR,H,W,17,10,1.0,0,0,0,0,5.0
Baltimore Ravens,BAL,1996,5,1996-10-06,False,NWE,H,L,38,46,0,0,0,0,0,-4
Baltimore Ravens,BAL,1996,6,1996-10-13,False,IND,A,L,21,26,4.0,0,0,0,0,4.0
Baltimore Ravens,BAL,1996,7,1996-10-20,False,DEN,A,L,34,45,0,1,0,0,0,-2
Baltimore Ravens,BAL,1996,8,1996-10-27,False,STL,H,W,37,31,5.0,2,0,0,0,8.0
Baltimore Ravens,BAL,1996,9,1996-11-03,False,CIN,H,L,21,24,1.0,1,0,0,0,3.0
Baltimore Ravens,BAL,1996,10,1996-11-10,False,JAX,A,L,27,30,6.0,1,0,0,0,7.0
Baltimore Ravens,BAL,1996,11,1996-11-17,False,SFO,A,L,20,38,2.0,2,0,0,0,2.0
Baltimore Ravens,BAL,1996,12,1996-11-24,False,JAX,H,L,25,28,2.0,2,0,0,0,5.0
Baltimore Ravens,BAL,1996,13,1996-12-01,False,PIT,H,W,31,17,1.0,1,0,0,0,4.0
Baltimore Ravens,BAL,1996,14,1996-12-08,False,CIN,A,L,14,21,2.0,0,0,0,0,2.0
Baltimore Ravens,BAL,1996,15,1996-12-15,False,CAR,A,L,16,27,0,2,0,0,0,4
Baltimore Ravens,BAL,1996,16,1996-12-22,False,HOU,H,L,21,24,1.0,0,0,0,0,1.0
Buffalo Bills,BUF,1996,1,1996-09-01,False,NYG,A,W,23,20,4.0,0,0,0,0,5.0
Buffalo Bills,BUF,1996,2,1996-09-08,False,NWE,H,W,17,10,4.0,0,0,0,0,8.0
Buffalo Bills,BUF,1996,3,1996-09-16,False,PIT,A,L,6,24,0,0,0,0,0,0
Buffalo Bills,BUF,1996,4,1996-09-22,False,DAL,H,W,10,7,1.0,3,0,0,0,11.0
Buffalo Bills,BUF,1996,5,1996-10-06,False,IND,H,W,16,13,5.5,0,0,0,0,9.5
Buffalo Bills,BUF,1996,6,1996-10-13,False,MIA,H,L,7,21,3.0,0,0,0,0,3.0
Buffalo Bills,BUF,1996,7,1996-10-20,False,NYJ,A,W,25,22,0,2,0,0,0,4
Buffalo Bills,BUF,1996,8,1996-10-27,False,NWE,A,L,25,28,2.0,0,0,0,0,1.0
Buffalo Bills,BUF,1996,9,1996-11-03,False,WAS,H,W,38,13,1.0,0,0,0,0,5.0
Buffalo Bills,BUF,1996,10,1996-11-10,False,PHI,A,W,24,17,5.0,1,0,0,0,8.0
Buffalo Bills,BUF,1996,11,1996-11-17,False,CIN,H,W,31,17,8.0,1,0,0,0,11.0
Buffalo Bills,BUF,1996,12,1996-11-24,False,NYJ,H,W,35,10,5.0,1,0,0,1,17.0
Buffalo Bills,BUF,1996,13,1996-12-01,False,IND,A,L,10,13,1.0,0,0,0,0,5.0
Buffalo Bills,BUF,1996,14,1996-12-08,False,SEA,A,L,18,26,2.0,0,0,0,0,2.0
Buffalo Bills,BUF,1996,15,1996-12-16,False,MIA,A,L,14,16,2.0,0,0,0,0,3.0
Buffalo Bills,BUF,1996,16,1996-12-22,False,KAN,H,W,20,9,1.0,2,0,0,0,9.0
Buffalo Bills,BUF,1996,17,1996-12-28,True,JAX,H,L,27,30,2.0,2,0,0,0,5.0
Carolina Panthers,CAR,1996,1,1996-09-01,False,ATL,H,W,29,6,7.0,0,0,0,0,14.0
Carolina Panthers,CAR,1996,2,1996-09-08,False,NOR,A,W,22,20,2.0,0,0,0,1,9.0
Carolina Panthers,CAR,1996,3,1996-09-22,False,SFO,H,W,23,7,4.0,1,0,0,0,10.0
Carolina Panthers,CAR,1996,4,1996-09-29,False,JAX,A,L,14,24,3.0,1,0,0,0,5.0
Carolina Panthers,CAR,1996,5,1996-10-06,False,MIN,A,L,12,14,4.0,1,0,0,0,7.0
Carolina Panthers,CAR,1996,6,1996-10-13,False,STL,H,W,45,13,5.0,2,0,0,1,19.0
Carolina Panthers,CAR,1996,7,1996-10-20,False,NOR,H,W,19,7,1.0,1,0,0,0,7.0
Carolina Panthers,CAR,1996,8,1996-10-27,False,PHI,A,L,9,20,2.0,1,0,0,0,5.0
Carolina Panthers,CAR,1996,9,1996-11-03,False,ATL,A,L,17,20,4.0,1,0,0,0,7.0
Carolina Panthers,CAR,1996,10,1996-11-10,False,NYG,H,W,27,17,1.0,3,0,0,0,8.0
Carolina Panthers,CAR,1996,11,1996-11-17,False,STL,A,W,20,10,6.0,1,0,0,0,12.0
Carolina Panthers,CAR,1996,12,1996-11-24,False,HOU,A,W,31,6,4.0,2,0,0,0,15.0
Carolina Panthers,CAR,1996,13,1996-12-01,False,TAM,H,W,24,0,4.0,2,0,0,0,18.0
Carolina Panthers,CAR,1996,14,1996-12-08,False,SFO,A,W,30,24,5.0,2,0,0,0,9.0
Carolina Panthers,CAR,1996,15,1996-12-15,False,BAL,H,W,27,16,4.0,2,0,0,0,9.0
Carolina Panthers,CAR,1996,16,1996-12-22,False,PIT,H,W,18,14,4.0,2,0,0,0,9.0
Carolina Panthers,CAR,1996,17,1997-01-05,True,DAL,H,W,26,17,2.0,3,0,0,0,9.0
Carolina Panthers,CAR,1996,18,1997-01-12,True,GNB,A,L,13,30,0.0,1,0,0,0,1
Chicago Bears,CHI,1996,1,1996-09-02,False,DAL,H,W,22,6,2.0,1,0,0,0,11.0
Chicago Bears,CHI,1996,2,1996-09-08,False,WAS,A,L,3,10,1.0,0,0,0,0,5.0
Chicago Bears,CHI,1996,3,1996-09-15,False,MIN,H,L,14,20,0,1,0,0,0,3
Chicago Bears,CHI,1996,4,1996-09-22,False,DET,A,L,16,35,4.0,1,0,0,0,2.0
Chicago Bears,CHI,1996,5,1996-09-29,False,OAK,H,W,19,17,1.0,4,0,0,0,10.0
Chicago Bears,CHI,1996,6,1996-10-06,False,GNB,H,L,6,37,2.0,1,0,0,0,0.0
Chicago Bears,CHI,1996,7,1996-10-13,False,NOR,A,L,24,27,1.0,1,0,0,0,3.0
Chicago Bears,CHI,1996,8,1996-10-28,False,MIN,A,W,15,13,5.0,1,0,0,0,11.0
Chicago Bears,CHI,1996,9,1996-11-03,False,TAM,H,W,13,10,1.0,1,0,0,0,7.0
Chicago Bears,CHI,1996,10,1996-11-10,False,DEN,A,L,12,17,1.0,0,0,0,0,2.0
Chicago Bears,CHI,1996,11,1996-11-17,False,KAN,A,L,10,14,4.0,1,0,0,0,7.0
Chicago Bears,CHI,1996,12,1996-11-24,False,DET,H,W,31,14,3.0,3,0,0,0,10.0
Chicago Bears,CHI,1996,13,1996-12-01,False,GNB,A,L,17,28,2.0,0,0,0,0,1.0
Chicago Bears,CHI,1996,14,1996-12-08,False,STL,H,W,35,9,2.0,1,0,0,0,8.0
Chicago Bears,CHI,1996,15,1996-12-14,False,SDG,H,W,27,14,0,1,0,0,0,3
Chicago Bears,CHI,1996,16,1996-12-22,False,TAM,A,L,19,34,1.0,0,0,0,0,0.0
Cincinnati Bengals,CIN,1996,1,1996-09-01,False,STL,A,L,16,26,2.0,1,0,0,0,4.0
Cincinnati Bengals,CIN,1996,2,1996-09-08,False,SDG,A,L,14,27,1.0,2,0,0,0,5.0
Cincinnati Bengals,CIN,1996,3,1996-09-15,False,NOR,H,W,30,15,1.0,3,0,0,0,8.0
Cincinnati Bengals,CIN,1996,4,1996-09-29,False,DEN,H,L,10,14,5.0,1,0,0,0,8.0
Cincinnati Bengals,CIN,1996,5,1996-10-06,False,HOU,H,L,27,30,2.0,1,0,0,0,3.0
Cincinnati Bengals,CIN,1996,6,1996-10-13,False,PIT,A,L,10,20,0.0,2,0,0,0,5
Cincinnati Bengals,CIN,1996,7,1996-10-20,False,SFO,A,L,21,28,4.0,4,0,0,0,11.0
Cincinnati Bengals,CIN,1996,8,1996-10-27,False,JAX,H,W,28,21,4.0,2,0,0,0,8.0
Cincinnati Bengals,CIN,1996,9,1996-11-03,False,BAL,A,W,24,21,0.0,4,0,0,0,8
Cincinnati Bengals,CIN,1996,10,1996-11-10,False,PIT,H,W,34,24,1.0,3,0,0,1,13.0
Cincinnati Bengals,CIN,1996,11,1996-11-17,False,BUF,A,L,17,31,3.0,2,0,0,0,6.0
Cincinnati Bengals,CIN,1996,12,1996-11-24,False,ATL,H,W,41,31,1.0,3,0,0,0,6.0
Cincinnati Bengals,CIN,1996,13,1996-12-01,False,JAX,A,L,27,30,1.0,0,0,0,0,0.0
Cincinnati Bengals,CIN,1996,14,1996-12-08,False,BAL,H,W,21,14,1.0,1,0,0,0,4.0
Cincinnati Bengals,CIN,1996,15,1996-12-15,False,HOU,A,W,21,13,3.0,3,0,0,0,13.0
Cincinnati Bengals,CIN,1996,16,1996-12-22,False,IND,H,W,31,24,3.0,2,0,0,0,7.0
Dallas Cowboys,DAL,1996,1,1996-09-02,False,CHI,A,L,6,22,0,1,0,0,0,2
Dallas Cowboys,DAL,1996,2,1996-09-08,False,NYG,H,W,27,0,3.0,1,0,0,0,15.0
Dallas Cowboys,DAL,1996,3,1996-09-15,False,IND,H,L,24,25,5.0,1,0,0,0,7.0
Dallas Cowboys,DAL,1996,4,1996-09-22,False,BUF,A,L,7,10,2.0,1,0,0,0,8.0
Dallas Cowboys,DAL,1996,5,1996-09-30,False,PHI,A,W,23,19,6.0,2,0,0,0,11.0
Dallas Cowboys,DAL,1996,6,1996-10-13,False,ARI,H,W,17,3,3.0,1,0,0,0,12.0
Dallas Cowboys,DAL,1996,7,1996-10-20,False,ATL,H,W,32,28,3.0,0,0,0,0,2.0
Dallas Cowboys,DAL,1996,8,1996-10-27,False,MIA,A,W,29,10,0,1,0,0,0,6
Dallas Cowboys,DAL,1996,9,1996-11-03,False,PHI,H,L,21,31,0,0,0,0,0,-1
Dallas Cowboys,DAL,1996,10,1996-11-10,False,SFO,A,W,20,17,3.0,2,0,0,0,8.0
Dallas Cowboys,DAL,1996,11,1996-11-18,False,GNB,H,W,21,6,4.0,0,0,0,0,11.0
Dallas Cowboys,DAL,1996,12,1996-11-24,False,NYG,A,L,6,20,1.0,1,0,0,0,4.0
Dallas Cowboys,DAL,1996,13,1996-11-28,False,WAS,H,W,21,10,2.0,2,0,0,0,10.0
Dallas Cowboys,DAL,1996,14,1996-12-08,False,ARI,A,W,10,6,2.0,2,0,0,0,13.0
Dallas Cowboys,DAL,1996,15,1996-12-15,False,NWE,H,W,12,6,0.0,3,0,0,0,13
Dallas Cowboys,DAL,1996,16,1996-12-22,False,WAS,A,L,10,37,3.0,1,0,0,0,1.0
Dallas Cowboys,DAL,1996,17,1996-12-28,True,MIN,H,W,40,15,2.0,2,0,0,0,7.0
Dallas Cowboys,DAL,1996,18,1997-01-05,True,CAR,A,L,17,26,0.0,1,0,0,0,2
Denver Broncos,DEN,1996,1,1996-09-01,False,NYJ,H,W,31,6,9.0,1,0,0,0,18.0
Denver Broncos,DEN,1996,2,1996-09-08,False,SEA,A,W,30,20,3.0,1,0,0,0,6.0
Denver Broncos,DEN,1996,3,1996-09-15,False,TAM,H,W,27,23,2.0,1,0,0,0,4.0
Denver Broncos,DEN,1996,4,1996-09-22,False,KAN,A,L,14,17,2.0,1,0,0,0,5.0
Denver Broncos,DEN,1996,5,1996-09-29,False,CIN,A,W,14,10,4.0,1,0,0,0,10.0
Denver Broncos,DEN,1996,6,1996-10-06,False,SDG,H,W,28,17,3.0,0,0,0,0,4.0
Denver Broncos,DEN,1996,7,1996-10-20,False,BAL,H,W,45,34,3.0,1,0,0,0,4.0
Denver Broncos,DEN,1996,8,1996-10-27,False,KAN,H,W,34,7,1.0,2,0,0,0,9.0
Denver Broncos,DEN,1996,9,1996-11-04,False,OAK,A,W,22,21,4.0,0,0,0,0,4.0
Denver Broncos,DEN,1996,10,1996-11-10,False,CHI,H,W,17,12,1.0,2,0,0,0,9.0
Denver Broncos,DEN,1996,11,1996-11-17,False,NWE,A,W,34,8,2.0,1,0,0,0,8.0
Denver Broncos,DEN,1996,12,1996-11-24,False,MIN,A,W,21,17,2.0,2,0,0,0,7.0
Denver Broncos,DEN,1996,13,1996-12-01,False,SEA,H,W,34,7,1.0,2,0,0,0,9.0
Denver Broncos,DEN,1996,14,1996-12-08,False,GNB,A,L,6,41,1.0,2,0,0,0,1.0
Denver Broncos,DEN,1996,15,1996-12-15,False,OAK,H,W,24,19,1.0,3,0,0,0,8.0
Denver Broncos,DEN,1996,16,1996-12-22,False,SDG,A,L,10,16,1.0,3,0,0,0,8.0
Denver Broncos,DEN,1996,17,1997-01-04,True,JAX,H,L,27,30,3.0,0,0,0,0,2.0
Detroit Lions,DET,1996,1,1996-09-01,False,MIN,A,L,13,17,4.0,0,0,0,0,5.0
Detroit Lions,DET,1996,2,1996-09-08,False,TAM,H,W,21,6,2.0,2,0,0,0,13.0
Detroit Lions,DET,1996,3,1996-09-15,False,PHI,A,L,17,24,2.0,0,0,0,0,2.0
Detroit Lions,DET,1996,4,1996-09-22,False,CHI,H,W,35,16,2.0,1,0,0,0,5.0
Detroit Lions,DET,1996,5,1996-09-29,False,TAM,A,W,27,0,2.0,3,0,0,0,18.0
Detroit Lions,DET,1996,6,1996-10-06,False,ATL,H,W,28,24,3.0,1,0,0,0,5.0
Detroit Lions,DET,1996,7,1996-10-13,False,OAK,A,L,21,37,0,0,0,0,0,-4
Detroit Lions,DET,1996,8,1996-10-27,False,NYG,H,L,7,35,2.0,1,0,0,0,0.0
Detroit Lions,DET,1996,9,1996-11-03,False,GNB,A,L,18,28,4.0,1,0,0,0,5.0
Detroit Lions,DET,1996,10,1996-11-11,False,SDG,A,L,21,27,3.0,0,0,0,0,3.0
Detroit Lions,DET,1996,11,1996-11-17,False,SEA,H,W,17,16,1.0,1,0,0,0,4.0
Detroit Lions,DET,1996,12,1996-11-24,False,CHI,A,L,14,31,0,0,0,0,0,-1
Detroit Lions,DET,1996,13,1996-11-28,False,KAN,H,L,24,28,2.0,0,0,0,0,1.0
Detroit Lions,DET,1996,14,1996-12-08,False,MIN,H,L,22,24,2.0,0,0,0,0,2.0
Detroit Lions,DET,1996,15,1996-12-15,False,GNB,H,L,3,31,3.0,1,0,0,0,4.0
Detroit Lions,DET,1996,16,1996-12-23,False,SFO,A,L,14,24,0,0,0,0,0,0
Green Bay Packers,GNB,1996,1,1996-09-01,False,TAM,A,W,34,3,1.0,4,0,0,0,16.0
Green Bay Packers,GNB,1996,2,1996-09-09,False,PHI,H,W,39,13,3.0,3,0,0,0,13.0
Green Bay Packers,GNB,1996,3,1996-09-15,False,SDG,H,W,42,10,5.0,2,0,0,1,19.0
Green Bay Packers,GNB,1996,4,1996-09-22,False,MIN,A,L,21,30,2.0,2,0,0,0,5.0
Green Bay Packers,GNB,1996,5,1996-09-29,False,SEA,A,W,31,10,1.0,4,0,0,0,13.0
Green Bay Packers,GNB,1996,6,1996-10-06,False,CHI,A,W,37,6,1.0,3,0,0,1,20.0
Green Bay Packers,GNB,1996,7,1996-10-14,False,SFO,H,W,23,20,1.0,2,0,0,0,6.0
Green Bay Packers,GNB,1996,8,1996-10-27,False,TAM,H,W,13,7,3.0,2,0,0,0,11.0
Green Bay Packers,GNB,1996,9,1996-11-03,False,DET,H,W,28,18,5.0,0,0,0,0,6.0
Green Bay Packers,GNB,1996,10,1996-11-10,False,KAN,A,L,20,27,1.0,0,0,0,0,1.0
Green Bay Packers,GNB,1996,11,1996-11-18,False,DAL,A,L,6,21,1.0,0,0,0,0,1.0
Green Bay Packers,GNB,1996,12,1996-11-24,False,STL,A,W,24,9,3.0,1,0,0,0,9.0
Green Bay Packers,GNB,1996,13,1996-12-01,False,CHI,H,W,28,17,1.0,1,0,0,1,10.0
Green Bay Packers,GNB,1996,14,1996-12-08,False,DEN,H,W,41,6,3.0,0,0,0,0,10.0
Green Bay Packers,GNB,1996,15,1996-12-15,False,DET,A,W,31,3,4.0,1,0,0,1,19.0
Green Bay Packers,GNB,1996,16,1996-12-22,False,MIN,H,W,38,10,2.0,1,0,0,0,8.0
Green Bay Packers,GNB,1996,17,1997-01-04,True,SFO,H,W,35,14,1.0,3,0,0,1,14.0
Green Bay Packers,GNB,1996,18,1997-01-12,True,CAR,H,W,30,13,2.0,2,0,0,0,10.0
Green Bay Packers,GNB,1996,19,1997-01-26,True,NWE,N,W,35,21,5.0,4,0,0,1,19.0
Houston Oilers,HOU,1996,1,1996-09-01,False,KAN,H,L,19,20,1.0,0,0,0,0,2.0
Houston Oilers,HOU,1996,2,1996-09-08,False,JAX,A,W,34,27,2.0,2,0,0,0,6.0
Houston Oilers,HOU,1996,3,1996-09-15,False,BAL,H,W,29,13,1.0,3,0,0,0,11.0
Houston Oilers,HOU,1996,4,1996-09-29,False,PIT,A,L,16,30,1.0,1,0,0,0,2.0
Houston Oilers,HOU,1996,5,1996-10-06,False,CIN,A,W,30,27,4.0,0,0,0,0,4.0
Houston Oilers,HOU,1996,6,1996-10-13,False,ATL,A,W,23,13,1.0,2,0,0,0,9.0
Houston Oilers,HOU,1996,7,1996-10-20,False,PIT,H,W,23,13,2.0,0,0,0,0,6.0
Houston Oilers,HOU,1996,8,1996-10-27,False,SFO,H,L,9,10,2.0,0,0,0,0,6.0
Houston Oilers,HOU,1996,9,1996-11-03,False,SEA,A,L,16,23,3.0,1,0,0,0,5.0
Houston Oilers,HOU,1996,10,1996-11-10,False,NOR,A,W,31,14,1.0,0,0,0,0,2.0
Houston Oilers,HOU,1996,11,1996-11-17,False,MIA,H,L,20,23,3.0,0,0,0,0,3.0
Houston Oilers,HOU,1996,12,1996-11-24,False,CAR,H,L,6,31,1.0,0,0,0,0,0.0
Houston Oilers,HOU,1996,13,1996-12-01,False,NYJ,A,W,35,10,2.0,1,0,0,0,8.0
Houston Oilers,HOU,1996,14,1996-12-08,False,JAX,H,L,17,23,3.0,0,0,0,0,3.0
Houston Oilers,HOU,1996,15,1996-12-15,False,CIN,H,L,13,21,4.0,0,0,0,0,4.0
Houston Oilers,HOU,1996,16,1996-12-22,False,BAL,A,W,24,21,4.0,2,0,0,0,8.0
Indianapolis Colts,IND,1996,1,1996-09-01,False,ARI,H,W,20,13,2.0,0,0,0,0,6.0
Indianapolis Colts,IND,1996,2,1996-09-08,False,NYJ,A,W,21,7,3.0,1,0,0,0,9.0
Indianapolis Colts,IND,1996,3,1996-09-15,False,DAL,A,W,25,24,0,0,0,0,0,0
Indianapolis Colts,IND,1996,4,1996-09-23,False,MIA,H,W,10,6,5.0,0,0,0,0,12.0
Indianapolis Colts,IND,1996,5,1996-10-06,False,BUF,A,L,13,16,2.0,0,0,0,0,3.0
Indianapolis Colts,IND,1996,6,1996-10-13,False,BAL,H,W,26,21,2.0,1,0,0,0,4.0
Indianapolis Colts,IND,1996,7,1996-10-20,False,NWE,H,L,9,27,0,0,0,0,0,0
Indianapolis Colts,IND,1996,8,1996-10-27,False,WAS,A,L,16,31,1.0,1,0,0,0,2.0
Indianapolis Colts,IND,1996,9,1996-11-03,False,SDG,H,L,19,26,0.0,0,0,0,0,0
Indianapolis Colts,IND,1996,10,1996-11-10,False,MIA,A,L,13,37,2.0,0,0,0,0,-2.0
Indianapolis Colts,IND,1996,11,1996-11-17,False,NYJ,H,W,34,29,3.0,4,0,0,0,10.0
Indianapolis Colts,IND,1996,12,1996-11-24,False,NWE,A,L,13,27,2.0,0,0,0,0,2.0
Indianapolis Colts,IND,1996,13,1996-12-01,False,BUF,H,W,13,10,3.0,2,0,0,0,11.0
Indianapolis Colts,IND,1996,14,1996-12-05,False,PHI,H,W,37,10,1.0,3,0,0,0,11.0
Indianapolis Colts,IND,1996,15,1996-12-15,False,KAN,A,W,24,19,2.0,0,0,0,0,3.0
Indianapolis Colts,IND,1996,16,1996-12-22,False,CIN,A,L,24,31,0.0,1,0,0,1,7
Indianapolis Colts,IND,1996,17,1996-12-29,True,PIT,A,L,14,42,0,2,0,0,0,0
Jacksonville Jaguars,JAX,1996,1,1996-09-01,False,PIT,H,W,24,9,4.0,1,0,0,0,10.0
Jacksonville Jaguars,JAX,1996,2,1996-09-08,False,HOU,H,L,27,34,1.0,0,0,0,0,0.0
Jacksonville Jaguars,JAX,1996,3,1996-09-15,False,OAK,A,L,3,17,1.0,2,0,0,0,6.0
Jacksonville Jaguars,JAX,1996,4,1996-09-22,False,NWE,A,L,25,28,4.0,1,0,0,0,5.0
Jacksonville Jaguars,JAX,1996,5,1996-09-29,False,CAR,H,W,24,14,5.0,0,0,0,0,6.0
Jacksonville Jaguars,JAX,1996,6,1996-10-06,False,NOR,A,L,13,17,0.0,1,0,0,0,3
Jacksonville Jaguars,JAX,1996,7,1996-10-13,False,NYJ,H,W,21,17,0.0,2,0,0,0,5
Jacksonville Jaguars,JAX,1996,8,1996-10-20,False,STL,A,L,14,17,2.0,1,0,0,0,5.0
Jacksonville Jaguars,JAX,1996,9,1996-10-27,False,CIN,A,L,21,28,5.0,0,0,0,0,4.0
Jacksonville Jaguars,JAX,1996,10,1996-11-10,False,BAL,H,W,30,27,4.0,0,0,0,0,4.0
Jacksonville Jaguars,JAX,1996,11,1996-11-17,False,PIT,A,L,3,28,2.0,1,0,0,0,3.0
Jacksonville Jaguars,JAX,1996,12,1996-11-24,False,BAL,A,W,28,25,1.0,0,0,0,0,1.0
Jacksonville Jaguars,JAX,1996,13,1996-12-01,False,CIN,H,W,30,27,0.0,2,0,0,0,4
Jacksonville Jaguars,JAX,1996,14,1996-12-08,False,HOU,A,W,23,17,4.0,1,0,0,0,7.0
Jacksonville Jaguars,JAX,1996,15,1996-12-15,False,SEA,H,W,20,13,2.0,1,0,0,0,8.0
Jacksonville Jaguars,JAX,1996,16,1996-12-22,False,ATL,H,W,19,17,1.0,0,0,0,0,2.0
Jacksonville Jaguars,JAX,1996,17,1996-12-28,True,BUF,A,W,30,27,3.0,1,0,0,0,5.0
Jacksonville Jaguars,JAX,1996,18,1997-01-04,True,DEN,A,W,30,27,1.0,0,0,0,0,1.0
Jacksonville Jaguars,JAX,1996,19,1997-01-12,True,NWE,A,L,6,20,2.0,1,0,0,0,5.0
Kansas City Chiefs,KAN,1996,1,1996-09-01,False,HOU,A,W,20,19,3.0,1,0,0,0,6.0
Kansas City Chiefs,KAN,1996,2,1996-09-08,False,OAK,H,W,19,3,2.0,1,0,0,0,11.0
Kansas City Chiefs,KAN,1996,3,1996-09-15,False,SEA,A,W,35,17,7.0,1,0,0,0,10.0
Kansas City Chiefs,KAN,1996,4,1996-09-22,False,DEN,H,W,17,14,2.0,2,0,0,0,7.0
Kansas City Chiefs,KAN,1996,5,1996-09-29,False,SDG,A,L,19,22,0,0,0,0,0,0
Kansas City Chiefs,KAN,1996,6,1996-10-07,False,PIT,H,L,7,17,0,1,0,0,0,3
Kansas City Chiefs,KAN,1996,7,1996-10-17,False,SEA,H,W,34,16,3.0,1,0,0,0,6.0
Kansas City Chiefs,KAN,1996,8,1996-10-27,False,DEN,A,L,7,34,0.0,2,0,0,1,9
Kansas City Chiefs,KAN,1996,9,1996-11-03,False,MIN,A,W,21,6,1.0,2,0,0,0,12.0
Kansas City Chiefs,KAN,1996,10,1996-11-10,False,GNB,H,W,27,20,4.0,1,0,0,0,7.0
Kansas City Chiefs,KAN,1996,11,1996-11-17,False,CHI,H,W,14,10,2.0,1,0,0,0,8.0
Kansas City Chiefs,KAN,1996,12,1996-11-24,False,SDG,H,L,14,28,0,0,0,0,0,-1
Kansas City Chiefs,KAN,1996,13,1996-11-28,False,DET,A,W,28,24,2.0,3,0,0,0,8.0
Kansas City Chiefs,KAN,1996,14,1996-12-09,False,OAK,A,L,7,26,1.0,0,0,0,0,1.0
Kansas City Chiefs,KAN,1996,15,1996-12-15,False,IND,H,L,19,24,2.0,0,0,0,0,2.0
Kansas City Chiefs,KAN,1996,16,1996-12-22,False,BUF,A,L,9,20,2.0,1,0,0,0,5.0
Miami Dolphins,MIA,1996,1,1996-09-01,False,NWE,H,W,24,10,4.0,2,0,0,0,12.0
Miami Dolphins,MIA,1996,2,1996-09-08,False,ARI,A,W,38,10,2.0,3,0,0,0,12.0
Miami Dolphins,MIA,1996,3,1996-09-15,False,NYJ,H,W,36,27,2.0,3,0,0,0,8.0
Miami Dolphins,MIA,1996,4,1996-09-23,False,IND,A,L,6,10,3.0,0,0,0,0,7.0
Miami Dolphins,MIA,1996,5,1996-10-06,False,SEA,H,L,15,22,0.0,1,0,0,0,2
Miami Dolphins,MIA,1996,6,1996-10-13,False,BUF,A,W,21,7,7.0,3,0,0,0,17.0
Miami Dolphins,MIA,1996,7,1996-10-20,False,PHI,A,L,28,35,1.0,1,0,0,0,-1.0
Miami Dolphins,MIA,1996,8,1996-10-27,False,DAL,H,L,10,29,1.0,0,0,0,0,0.0
Miami Dolphins,MIA,1996,9,1996-11-03,False,NWE,A,L,23,42,1.0,2,0,0,0,1.0
Miami Dolphins,MIA,1996,10,1996-11-10,False,IND,H,W,37,13,0.0,2,0,0,0,8
Miami Dolphins,MIA,1996,11,1996-11-17,False,HOU,A,W,23,20,2.0,1,0,0,0,5.0
Miami Dolphins,MIA,1996,12,1996-11-25,False,PIT,H,L,17,24,1.0,1,0,0,0,3.0
Miami Dolphins,MIA,1996,13,1996-12-01,False,OAK,A,L,7,17,4.0,0,0,0,0,5.0
Miami Dolphins,MIA,1996,14,1996-12-08,False,NYG,H,L,7,17,4.0,0,0,0,0,5.0
Miami Dolphins,MIA,1996,15,1996-12-16,False,BUF,H,W,16,14,3.0,1,0,0,0,6.0
Miami Dolphins,MIA,1996,16,1996-12-22,False,NYJ,A,W,31,28,2.0,0,0,0,0,1.0
Minnesota Vikings,MIN,1996,1,1996-09-01,False,DET,H,W,17,13,3.0,4,0,0,0,15.0
Minnesota Vikings,MIN,1996,2,1996-09-08,False,ATL,A,W,23,17,3.0,1,0,0,0,6.0
Minnesota Vikings,MIN,1996,3,1996-09-15,False,CHI,A,W,20,14,1.0,3,0,0,0,8.0
Minnesota Vikings,MIN,1996,4,1996-09-22,False,GNB,H,W,30,21,7.0,1,0,0,0,9.0
Minnesota Vikings,MIN,1996,5,1996-09-29,False,NYG,A,L,10,15,5.0,0,0,0,1,12.0
Minnesota Vikings,MIN,1996,6,1996-10-06,False,CAR,H,W,14,12,1.0,4,0,0,0,13.0
Minnesota Vikings,MIN,1996,7,1996-10-13,False,TAM,A,L,13,24,1.0,0,0,0,0,1.0
Minnesota Vikings,MIN,1996,8,1996-10-28,False,CHI,H,L,13,15,1.0,2,0,0,0,6.0
Minnesota Vikings,MIN,1996,9,1996-11-03,False,KAN,H,L,6,21,1.0,1,0,0,0,3.0
Minnesota Vikings,MIN,1996,10,1996-11-10,False,SEA,A,L,23,42,2.0,0,0,0,0,-2.0
Minnesota Vikings,MIN,1996,11,1996-11-17,False,OAK,A,W,16,13,4.0,1,0,0,0,10.0
Minnesota Vikings,MIN,1996,12,1996-11-24,False,DEN,H,L,17,21,3.0,1,0,0,0,5.0
Minnesota Vikings,MIN,1996,13,1996-12-01,False,ARI,H,W,41,17,3.0,2,0,0,0,8.0
Minnesota Vikings,MIN,1996,14,1996-12-08,False,DET,A,W,24,22,3.0,0,0,0,0,3.0
Minnesota Vikings,MIN,1996,15,1996-12-15,False,TAM,H,W,21,10,3.0,2,0,0,0,11.0
Minnesota Vikings,MIN,1996,16,1996-12-22,False,GNB,A,L,10,38,2.0,0,0,0,0,-2.0
Minnesota Vikings,MIN,1996,17,1996-12-28,True,DAL,A,L,15,40,1.0,1,0,0,0,-1.0
New Orleans Saints,NOR,1996,1,1996-09-01,False,SFO,A,L,11,27,3.0,0,0,0,0,3.0
New Orleans Saints,NOR,1996,2,1996-09-08,False,CAR,H,L,20,22,3.0,1,0,0,0,5.0
New Orleans Saints,NOR,1996,3,1996-09-15,False,CIN,A,L,15,30,2.0,0,0,0,0,1.0
New Orleans Saints,NOR,1996,4,1996-09-22,False,ARI,H,L,14,28,1.0,0,0,0,0,0.0
New Orleans Saints,NOR,1996,5,1996-09-29,False,BAL,A,L,10,17,1.0,0,0,0,0,2.0
New Orleans Saints,NOR,1996,6,1996-10-06,False,JAX,H,W,17,13,1.0,0,0,0,0,5.0
New Orleans Saints,NOR,1996,7,1996-10-13,False,CHI,H,W,27,24,2.0,0,0,0,0,2.0
New Orleans Saints,NOR,1996,8,1996-10-20,False,CAR,A,L,7,19,3.0,0,0,0,0,4.0
New Orleans Saints,NOR,1996,9,1996-11-03,False,SFO,H,L,17,24,6.0,0,0,0,0,6.0
New Orleans Saints,NOR,1996,10,1996-11-10,False,HOU,H,L,14,31,1.0,1,0,0,0,2.0
New Orleans Saints,NOR,1996,11,1996-11-17,False,ATL,A,L,15,17,1.0,1,0,0,0,4.0
New Orleans Saints,NOR,1996,12,1996-11-24,False,TAM,A,L,7,13,1.0,0,0,0,0,5.0
New Orleans Saints,NOR,1996,13,1996-12-01,False,STL,H,L,10,26,1.0,1,0,0,0,3.0
New Orleans Saints,NOR,1996,14,1996-12-08,False,ATL,H,L,15,31,2.0,2,0,0,0,5.0
New Orleans Saints,NOR,1996,15,1996-12-15,False,NYG,A,W,17,3,7.0,3,0,0,0,20.0
New Orleans Saints,NOR,1996,16,1996-12-21,False,STL,A,L,13,14,6.0,3,0,0,0,13.0
New England Patriots,NWE,1996,1,1996-09-01,False,MIA,A,L,10,24,0.0,1,0,0,0,2
New England Patriots,NWE,1996,2,1996-09-08,False,BUF,A,L,10,17,2.0,3,0,0,0,9.0
New England Patriots,NWE,1996,3,1996-09-15,False,ARI,H,W,31,0,1.0,3,0,0,0,17.0
New England Patriots,NWE,1996,4,1996-09-22,False,JAX,H,W,28,25,2.0,1,0,0,0,4.0
New England Patriots,NWE,1996,5,1996-10-06,False,BAL,A,W,46,38,3.0,1,0,0,0,1.0
New England Patriots,NWE,1996,6,1996-10-13,False,WAS,H,L,22,27,1.0,0,0,0,0,1.0
New England Patriots,NWE,1996,7,1996-10-20,False,IND,A,W,27,9,4.0,0,0,0,0,8.0
New England Patriots,NWE,1996,8,1996-10-27,False,BUF,H,W,28,25,1.0,1,0,0,0,3.0
New England Patriots,NWE,1996,9,1996-11-03,False,MIA,H,W,42,23,2.0,1,0,0,0,4.0
New England Patriots,NWE,1996,10,1996-11-10,False,NYJ,A,W,31,27,1.0,1,0,0,0,3.0
New England Patriots,NWE,1996,11,1996-11-17,False,DEN,H,L,8,34,1.0,1,0,0,0,2.0
New England Patriots,NWE,1996,12,1996-11-24,False,IND,H,W,27,13,0.0,1,0,0,0,6
New England Patriots,NWE,1996,13,1996-12-01,False,SDG,A,W,45,7,6.0,4,0,0,0,18.0
New England Patriots,NWE,1996,14,1996-12-08,False,NYJ,H,W,34,10,4.0,2,0,0,0,12.0
New England Patriots,NWE,1996,15,1996-12-15,False,DAL,A,L,6,12,3.0,2,0,0,0,11.0
New England Patriots,NWE,1996,16,1996-12-21,False,NYG,A,W,23,22,2.0,1,0,0,1,10.0
New England Patriots,NWE,1996,17,1997-01-05,True,PIT,H,W,28,3,3.0,2,0,0,0,14.0
New England Patriots,NWE,1996,18,1997-01-12,True,JAX,H,W,20,6,1.0,2,0,0,0,12.0
New England Patriots,NWE,1996,19,1997-01-26,True,GNB,N,L,21,35,5.0,0,0,0,0,1.0
New York Giants,NYG,1996,1,1996-09-01,False,BUF,H,L,20,23,7.0,1,0,0,1,15.0
New York Giants,NYG,1996,2,1996-09-08,False,DAL,A,L,0,27,0,0,0,0,0,0
New York Giants,NYG,1996,3,1996-09-15,False,WAS,H,L,10,31,2.0,1,0,0,0,3.0
New York Giants,NYG,1996,4,1996-09-22,False,NYJ,A,W,13,6,3.0,1,0,0,0,12.0
New York Giants,NYG,1996,5,1996-09-29,False,MIN,H,W,15,10,2.0,1,0,0,0,8.0
New York Giants,NYG,1996,6,1996-10-13,False,PHI,H,L,10,19,1.0,0,0,0,1,8.0
New York Giants,NYG,1996,7,1996-10-20,False,WAS,A,L,21,31,0,1,0,0,0,1
New York Giants,NYG,1996,8,1996-10-27,False,DET,A,W,35,7,2.0,5,0,0,0,16.0
New York Giants,NYG,1996,9,1996-11-03,False,ARI,H,W,16,8,2.0,2,0,0,0,10.0
New York Giants,NYG,1996,10,1996-11-10,False,CAR,A,L,17,27,0.0,1,0,0,0,2
New York Giants,NYG,1996,11,1996-11-17,False,ARI,A,L,23,31,2.0,1,0,0,0,3.0
New York Giants,NYG,1996,12,1996-11-24,False,DAL,H,W,20,6,1.0,2,0,0,0,12.0
New York Giants,NYG,1996,13,1996-12-01,False,PHI,A,L,0,24,2.0,1,0,0,0,4.0
New York Giants,NYG,1996,14,1996-12-08,False,MIA,A,W,17,7,3.0,2,0,0,0,11.0
New York Giants,NYG,1996,15,1996-12-15,False,NOR,H,L,3,17,0.0,1,0,0,0,3
New York Giants,NYG,1996,16,1996-12-21,False,NWE,H,L,22,23,2.0,2,0,0,0,6.0
New York Jets,NYJ,1996,1,1996-09-01,False,DEN,A,L,6,31,2.0,2,0,0,0,5.0
New York Jets,NYJ,1996,2,1996-09-08,False,IND,H,L,7,21,2.0,0,0,0,0,2.0
New York Jets,NYJ,1996,3,1996-09-15,False,MIA,A,L,27,36,1.0,1,0,0,0,-1.0
New York Jets,NYJ,1996,4,1996-09-22,False,NYG,H,L,6,13,1.0,0,0,0,0,5.0
New York Jets,NYJ,1996,5,1996-09-29,False,WAS,A,L,16,31,0,0,0,0,0,-1
New York Jets,NYJ,1996,6,1996-10-06,False,OAK,H,L,13,34,3.0,1,0,0,0,4.0
New York Jets,NYJ,1996,7,1996-10-13,False,JAX,A,L,17,21,5.0,0,0,0,0,5.0
New York Jets,NYJ,1996,8,1996-10-20,False,BUF,H,L,22,25,3.0,0,0,0,0,3.0
New York Jets,NYJ,1996,9,1996-10-27,False,ARI,A,W,31,21,1.0,1,0,0,0,3.0
New York Jets,NYJ,1996,10,1996-11-10,False,NWE,H,L,27,31,2.0,2,0,0,0,5.0
New York Jets,NYJ,1996,11,1996-11-17,False,IND,A,L,29,34,2.0,0,0,0,0,1.0
New York Jets,NYJ,1996,12,1996-11-24,False,BUF,A,L,10,35,0.0,1,0,0,0,-2
New York Jets,NYJ,1996,13,1996-12-01,False,HOU,H,L,10,35,0,0,0,0,0,-4
New York Jets,NYJ,1996,14,1996-12-08,False,NWE,A,L,10,34,1.0,1,0,0,0,2.0
New York Jets,NYJ,1996,15,1996-12-14,False,PHI,H,L,20,21,4.0,2,0,0,0,8.0
New York Jets,NYJ,1996,16,1996-12-22,False,MIA,H,L,28,31,1.0,0,0,0,0,0.0
Oakland Raiders,OAK,1996,1,1996-09-01,False,BAL,A,L,14,19,3.0,0,0,0,0,4.0
Oakland Raiders,OAK,1996,2,1996-09-08,False,KAN,A,L,3,19,3.0,0,0,0,0,4.0
Oakland Raiders,OAK,1996,3,1996-09-15,False,JAX,H,W,17,3,3.0,2,0,0,0,14.0
Oakland Raiders,OAK,1996,4,1996-09-22,False,SDG,H,L,34,40,1.0,0,0,0,0,-3.0
Oakland Raiders,OAK,1996,5,1996-09-29,False,CHI,A,L,17,19,1.0,0,0,0,0,2.0
Oakland Raiders,OAK,1996,6,1996-10-06,False,NYJ,A,W,34,13,2.0,2,0,0,0,10.0
Oakland Raiders,OAK,1996,7,1996-10-13,False,DET,H,W,37,21,2.0,2,0,0,0,6.0
Oakland Raiders,OAK,1996,8,1996-10-21,False,SDG,A,W,23,14,1.0,1,0,0,0,4.0
Oakland Raiders,OAK,1996,9,1996-11-04,False,DEN,H,L,21,22,2.0,1,0,0,0,4.0
Oakland Raiders,OAK,1996,10,1996-11-10,False,TAM,A,L,17,20,2.0,1,0,0,0,5.0
Oakland Raiders,OAK,1996,11,1996-11-17,False,MIN,H,L,13,16,1.0,2,0,0,0,6.0
Oakland Raiders,OAK,1996,12,1996-11-24,False,SEA,A,W,27,21,3.0,0,0,0,0,3.0
Oakland Raiders,OAK,1996,13,1996-12-01,False,MIA,H,W,17,7,1.0,3,0,0,0,11.0
Oakland Raiders,OAK,1996,14,1996-12-09,False,KAN,H,W,26,7,3.0,1,0,0,0,9.0
Oakland Raiders,OAK,1996,15,1996-12-15,False,DEN,A,L,19,24,2.0,1,0,0,0,4.0
Oakland Raiders,OAK,1996,16,1996-12-22,False,SEA,H,L,21,28,4.0,1,0,0,0,5.0
Philadelphia Eagles,PHI,1996,1,1996-09-01,False,WAS,A,W,17,14,3.0,0,0,0,0,4.0
Philadelphia Eagles,PHI,1996,2,1996-09-09,False,GNB,A,L,13,39,1.0,0,0,0,0,-3.0
Philadelphia Eagles,PHI,1996,3,1996-09-15,False,DET,H,W,24,17,1.0,1,0,0,0,4.0
Philadelphia Eagles,PHI,1996,4,1996-09-22,False,ATL,A,W,33,18,3.0,5,0,0,1,20.0
Philadelphia Eagles,PHI,1996,5,1996-09-30,False,DAL,H,L,19,23,2.0,0,0,0,0,2.0
Philadelphia Eagles,PHI,1996,6,1996-10-13,False,NYG,A,W,19,10,8.0,1,0,0,0,14.0
Philadelphia Eagles,PHI,1996,7,1996-10-20,False,MIA,H,W,35,28,4.0,1,0,0,0,5.0
Philadelphia Eagles,PHI,1996,8,1996-10-27,False,CAR,H,W,20,9,1.0,0,0,0,0,5.0
Philadelphia Eagles,PHI,1996,9,1996-11-03,False,DAL,A,W,31,21,0,2,0,0,0,4
Philadelphia Eagles,PHI,1996,10,1996-11-10,False,BUF,H,L,17,24,0.0,1,0,0,0,2
Philadelphia Eagles,PHI,1996,11,1996-11-17,False,WAS,H,L,21,26,2.0,1,0,0,0,4.0
Philadelphia Eagles,PHI,1996,12,1996-11-24,False,ARI,A,L,30,36,3.0,0,0,0,1,5.0
Philadelphia Eagles,PHI,1996,13,1996-12-01,False,NYG,H,W,24,0,5.0,2,0,0,0,19.0
Philadelphia Eagles,PHI,1996,14,1996-12-05,False,IND,A,L,10,37,1.0,0,0,0,0,-3.0
Philadelphia Eagles,PHI,1996,15,1996-12-14,False,NYJ,A,W,21,20,2.0,4,0,0,0,11.0
Philadelphia Eagles,PHI,1996,16,1996-12-22,False,ARI,H,W,29,19,4.0,1,0,0,0,7.0
Philadelphia Eagles,PHI,1996,17,1996-12-29,True,SFO,A,L,0,14,1.0,0,0,0,0,2.0
Pittsburgh Steelers,PIT,1996,1,1996-09-01,False,JAX,A,L,9,24,4.0,2,0,0,0,8.0
Pittsburgh Steelers,PIT,1996,2,1996-09-08,False,BAL,H,W,31,17,2.0,1,0,0,0,5.0
Pittsburgh Steelers,PIT,1996,3,1996-09-16,False,BUF,H,W,24,6,2.0,4,0,0,0,17.0
Pittsburgh Steelers,PIT,1996,4,1996-09-29,False,HOU,H,W,30,16,2.0,2,0,0,0,7.0
Pittsburgh Steelers,PIT,1996,5,1996-10-07,False,KAN,A,W,17,7,0.0,2,0,0,0,8
Pittsburgh Steelers,PIT,1996,6,1996-10-13,False,CIN,H,W,20,10,10.0,1,0,0,0,16.0
Pittsburgh Steelers,PIT,1996,7,1996-10-20,False,HOU,A,L,13,23,4.0,1,0,0,0,6.0
Pittsburgh Steelers,PIT,1996,8,1996-10-27,False,ATL,A,W,20,17,0.0,1,0,0,0,3
Pittsburgh Steelers,PIT,1996,9,1996-11-03,False,STL,H,W,42,6,6.0,2,0,0,1,23.0
Pittsburgh Steelers,PIT,1996,10,1996-11-10,False,CIN,A,L,24,34,1.0,3,0,0,0,6.0
Pittsburgh Steelers,PIT,1996,11,1996-11-17,False,JAX,H,W,28,3,6.0,2,0,0,0,17.0
Pittsburgh Steelers,PIT,1996,12,1996-11-25,False,MIA,A,W,24,17,2.0,0,0,0,0,3.0
Pittsburgh Steelers,PIT,1996,13,1996-12-01,False,BAL,A,L,17,31,1.0,1,0,0,0,2.0
Pittsburgh Steelers,PIT,1996,14,1996-12-08,False,SDG,H,W,16,3,5.0,1,0,0,0,14.0
Pittsburgh Steelers,PIT,1996,15,1996-12-15,False,SFO,H,L,15,25,3.0,0,0,0,0,3.0
Pittsburgh Steelers,PIT,1996,16,1996-12-22,False,CAR,A,L,14,18,2.0,0,0,0,0,3.0
Pittsburgh Steelers,PIT,1996,17,1996-12-29,True,IND,H,W,42,14,4.0,1,0,0,0,7.0
Pittsburgh Steelers,PIT,1996,18,1997-01-05,True,NWE,A,L,3,28,2.0,2,0,0,0,5.0
San Diego Chargers,SDG,1996,1,1996-09-01,False,SEA,H,W,29,7,1.0,2,0,0,0,9.0
San Diego Chargers,SDG,1996,2,1996-09-08,False,CIN,H,W,27,14,0.0,1,0,0,0,3
San Diego Chargers,SDG,1996,3,1996-09-15,False,GNB,A,L,10,42,1.0,1,0,0,0,-1.0
San Diego Chargers,SDG,1996,4,1996-09-22,False,OAK,A,W,40,34,4.0,2,0,0,0,7.0
San Diego Chargers,SDG,1996,5,1996-09-29,False,KAN,H,W,22,19,3.0,2,0,0,1,14.0
San Diego Chargers,SDG,1996,6,1996-10-06,False,DEN,A,L,17,28,1.0,1,0,0,0,2.0
San Diego Chargers,SDG,1996,7,1996-10-21,False,OAK,H,L,14,23,2.0,1,0,0,0,4.0
San Diego Chargers,SDG,1996,8,1996-10-27,False,SEA,A,L,13,32,2.0,0,0,0,0,1.0
San Diego Chargers,SDG,1996,9,1996-11-03,False,IND,A,W,26,19,6.0,4,0,0,0,15.0
San Diego Chargers,SDG,1996,10,1996-11-11,False,DET,H,W,27,21,4.0,0,0,0,0,4.0
San Diego Chargers,SDG,1996,11,1996-11-17,False,TAM,H,L,17,25,1.0,1,0,0,0,3.0
San Diego Chargers,SDG,1996,12,1996-11-24,False,KAN,A,W,28,14,0.0,2,0,0,0,5
San Diego Chargers,SDG,1996,13,1996-12-01,False,NWE,H,L,7,45,2.0,0,0,0,0,-2.0
San Diego Chargers,SDG,1996,14,1996-12-08,False,PIT,A,L,3,16,0.0,3,0,0,0,7
San Diego Chargers,SDG,1996,15,1996-12-14,False,CHI,A,L,14,27,2.0,0,0,0,0,2.0
San Diego Chargers,SDG,1996,16,1996-12-22,False,DEN,H,W,16,10,3.0,2,0,0,0,11.0
Seattle Seahawks,SEA,1996,1,1996-09-01,False,SDG,A,L,7,29,1.0,0,0,0,0,0.0
Seattle Seahawks,SEA,1996,2,1996-09-08,False,DEN,H,L,20,30,5.0,0,0,0,1,10.0
Seattle Seahawks,SEA,1996,3,1996-09-15,False,KAN,H,L,17,35,3.0,0,0,0,0,-1.0
Seattle Seahawks,SEA,1996,4,1996-09-22,False,TAM,A,W,17,13,2.0,1,0,0,0,8.0
Seattle Seahawks,SEA,1996,5,1996-09-29,False,GNB,H,L,10,31,2.0,0,0,0,0,1.0
Seattle Seahawks,SEA,1996,6,1996-10-06,False,MIA,A,W,22,15,4.0,1,0,0,0,7.0
Seattle Seahawks,SEA,1996,7,1996-10-17,False,KAN,A,L,16,34,0,0,0,0,0,-1
Seattle Seahawks,SEA,1996,8,1996-10-27,False,SDG,H,W,32,13,4.0,4,0,0,0,16.0
Seattle Seahawks,SEA,1996,9,1996-11-03,False,HOU,H,W,23,16,0,1,0,0,0,3
Seattle Seahawks,SEA,1996,10,1996-11-10,False,MIN,H,W,42,23,1.0,2,0,0,0,5.0
Seattle Seahawks,SEA,1996,11,1996-11-17,False,DET,A,L,16,17,2.0,1,0,0,0,5.0
Seattle Seahawks,SEA,1996,12,1996-11-24,False,OAK,H,L,21,27,4.0,0,0,0,0,4.0
Seattle Seahawks,SEA,1996,13,1996-12-01,False,DEN,A,L,7,34,1.0,0,0,0,0,0.0
Seattle Seahawks,SEA,1996,14,1996-12-08,False,BUF,H,W,26,18,9.0,3,0,0,0,16.0
Seattle Seahawks,SEA,1996,15,1996-12-15,False,JAX,A,L,13,20,3.0,0,0,0,0,4.0
Seattle Seahawks,SEA,1996,16,1996-12-22,False,OAK,A,W,28,21,7.0,1,0,0,0,9.0
San Francisco 49ers,SFO,1996,1,1996-09-01,False,NOR,H,W,27,11,0.0,1,0,0,0,6
San Francisco 49ers,SFO,1996,2,1996-09-08,False,STL,H,W,34,0,7.0,1,0,0,0,19.0
San Francisco 49ers,SFO,1996,3,1996-09-22,False,CAR,A,L,7,23,3.0,1,0,0,0,5.0
San Francisco 49ers,SFO,1996,4,1996-09-29,False,ATL,H,W,39,17,2.0,3,0,0,0,9.0
San Francisco 49ers,SFO,1996,5,1996-10-06,False,STL,A,W,28,11,5.0,2,0,0,0,13.0
San Francisco 49ers,SFO,1996,6,1996-10-14,False,GNB,A,L,20,23,2.0,2,0,0,0,6.0
San Francisco 49ers,SFO,1996,7,1996-10-20,False,CIN,H,W,28,21,1.0,1,0,0,0,3.0
San Francisco 49ers,SFO,1996,8,1996-10-27,False,HOU,A,W,10,9,3.0,1,0,0,0,9.0
San Francisco 49ers,SFO,1996,9,1996-11-03,False,NOR,A,W,24,17,4.0,2,0,0,0,9.0
San Francisco 49ers,SFO,1996,10,1996-11-10,False,DAL,H,L,17,20,2.0,1,0,0,0,5.0
San Francisco 49ers,SFO,1996,11,1996-11-17,False,BAL,H,W,38,20,5.0,1,0,0,0,8.0
San Francisco 49ers,SFO,1996,12,1996-11-24,False,WAS,A,W,19,16,2.0,0,0,0,0,3.0
San Francisco 49ers,SFO,1996,13,1996-12-02,False,ATL,A,W,34,10,4.0,2,0,0,0,12.0
San Francisco 49ers,SFO,1996,14,1996-12-08,False,CAR,H,L,24,30,1.0,0,0,0,0,0.0
San Francisco 49ers,SFO,1996,15,1996-12-15,False,PIT,A,W,25,15,1.0,2,0,0,0,6.0
San Francisco 49ers,SFO,1996,16,1996-12-23,False,DET,H,W,24,14,3.0,0,0,0,0,4.0
San Francisco 49ers,SFO,1996,17,1996-12-29,True,PHI,H,W,14,0,3.0,3,0,0,0,19.0
San Francisco 49ers,SFO,1996,18,1997-01-04,True,GNB,A,L,14,35,1.0,0,0,0,0,-3.0
St. Louis Rams,STL,1996,1,1996-09-01,False,CIN,H,W,26,16,3.0,2,0,0,0,8.0
St. Louis Rams,STL,1996,2,1996-09-08,False,SFO,A,L,0,34,1.0,0,0,0,0,0.0
St. Louis Rams,STL,1996,3,1996-09-22,False,WAS,H,L,10,17,0,2,0,0,0,5
St. Louis Rams,STL,1996,4,1996-09-29,False,ARI,A,L,28,31,4.0,0,0,0,1,9.0
St. Louis Rams,STL,1996,5,1996-10-06,False,SFO,H,L,11,28,0,2,0,0,0,3
St. Louis Rams,STL,1996,6,1996-10-13,False,CAR,A,L,13,45,2.0,1,0,0,0,0.0
St. Louis Rams,STL,1996,7,1996-10-20,False,JAX,H,W,17,14,2.0,5,0,0,0,13.0
St. Louis Rams,STL,1996,8,1996-10-27,False,BAL,A,L,31,37,3.0,2,0,0,0,3.0
St. Louis Rams,STL,1996,9,1996-11-03,False,PIT,A,L,6,42,0,0,0,0,0,-4
St. Louis Rams,STL,1996,10,1996-11-10,False,ATL,H,W,59,16,4.0,2,0,0,1,15.0
St. Louis Rams,STL,1996,11,1996-11-17,False,CAR,H,L,10,20,4.0,1,0,0,0,7.0
St. Louis Rams,STL,1996,12,1996-11-24,False,GNB,H,L,9,24,1.0,2,0,0,0,5.0
St. Louis Rams,STL,1996,13,1996-12-01,False,NOR,A,W,26,10,3.0,0,0,0,0,7.0
St. Louis Rams,STL,1996,14,1996-12-08,False,CHI,A,L,9,35,1.0,1,0,0,0,-1.0
St. Louis Rams,STL,1996,15,1996-12-15,False,ATL,A,W,34,27,3.0,6,0,0,0,15.0
St. Louis Rams,STL,1996,16,1996-12-21,False,NOR,H,W,14,13,1.0,0,0,0,0,5.0
Tampa Bay Buccaneers,TAM,1996,1,1996-09-01,False,GNB,H,L,3,34,1.0,0,0,0,0,0.0
Tampa Bay Buccaneers,TAM,1996,2,1996-09-08,False,DET,A,L,6,21,3.0,0,0,0,0,3.0
Tampa Bay Buccaneers,TAM,1996,3,1996-09-15,False,DEN,A,L,23,27,0,2,0,0,0,4
Tampa Bay Buccaneers,TAM,1996,4,1996-09-22,False,SEA,H,L,13,17,3.0,1,0,0,0,6.0
Tampa Bay Buccaneers,TAM,1996,5,1996-09-29,False,DET,H,L,0,27,3.0,0,0,0,0,3.0
Tampa Bay Buccaneers,TAM,1996,6,1996-10-13,False,MIN,H,W,24,13,3.0,1,0,0,0,9.0
Tampa Bay Buccaneers,TAM,1996,7,1996-10-20,False,ARI,A,L,9,13,3.0,0,0,0,0,7.0
Tampa Bay Buccaneers,TAM,1996,8,1996-10-27,False,GNB,A,L,7,13,2.0,1,0,0,0,8.0
Tampa Bay Buccaneers,TAM,1996,9,1996-11-03,False,CHI,A,L,10,13,0,1,0,0,0,6
Tampa Bay Buccaneers,TAM,1996,10,1996-11-10,False,OAK,H,W,20,17,4.0,1,0,0,0,7.0
Tampa Bay Buccaneers,TAM,1996,11,1996-11-17,False,SDG,A,W,25,17,2.0,3,0,0,0,9.0
Tampa Bay Buccaneers,TAM,1996,12,1996-11-24,False,NOR,H,W,13,7,2.0,3,0,0,0,12.0
Tampa Bay Buccaneers,TAM,1996,13,1996-12-01,False,CAR,A,L,0,24,0,0,0,0,0,0
Tampa Bay Buccaneers,TAM,1996,14,1996-12-08,False,WAS,H,W,24,10,2.0,1,0,0,0,8.0
Tampa Bay Buccaneers,TAM,1996,15,1996-12-15,False,MIN,A,L,10,21,3.0,2,0,0,0,7.0
Tampa Bay Buccaneers,TAM,1996,16,1996-12-22,False,CHI,H,W,34,19,4.0,1,0,0,1,13.0
Washington Redskins,WAS,1996,1,1996-09-01,False,PHI,H,L,14,17,2.0,1,0,0,0,5.0
Washington Redskins,WAS,1996,2,1996-09-08,False,CHI,H,W,10,3,4.0,1,0,0,0,13.0
Washington Redskins,WAS,1996,3,1996-09-15,False,NYG,A,W,31,10,4.0,4,0,0,0,16.0
Washington Redskins,WAS,1996,4,1996-09-22,False,STL,A,W,17,10,1.0,3,0,0,0,11.0
Washington Redskins,WAS,1996,5,1996-09-29,False,NYJ,H,W,31,16,1.0,1,0,0,0,4.0
Washington Redskins,WAS,1996,6,1996-10-13,False,NWE,A,W,27,22,2.0,1,0,0,0,4.0
Washington Redskins,WAS,1996,7,1996-10-20,False,NYG,H,W,31,21,2.0,2,0,0,0,6.0
Washington Redskins,WAS,1996,8,1996-10-27,False,IND,H,W,31,16,1.0,0,0,0,0,2.0
Washington Redskins,WAS,1996,9,1996-11-03,False,BUF,A,L,13,38,1.0,0,0,0,0,-3.0
Washington Redskins,WAS,1996,10,1996-11-10,False,ARI,H,L,34,37,2.0,4,0,0,0,6.0
Washington Redskins,WAS,1996,11,1996-11-17,False,PHI,A,W,26,21,3.0,1,0,0,0,5.0
Washington Redskins,WAS,1996,12,1996-11-24,False,SFO,H,L,16,19,4.0,0,0,0,0,5.0
Washington Redskins,WAS,1996,13,1996-11-28,False,DAL,A,L,10,21,2.0,1,0,0,0,4.0
Washington Redskins,WAS,1996,14,1996-12-08,False,TAM,A,L,10,24,3.0,0,0,0,0,3.0
Washington Redskins,WAS,1996,15,1996-12-15,False,ARI,A,L,26,27,1.0,1,0,0,0,3.0
Washington Redskins,WAS,1996,16,1996-12-22,False,DAL,H,W,37,10,1.0,1,0,0,0,7.0
Arizona Cardinals,ARI,1997,1,1997-08-31,False,CIN,A,L,21,24,4.0,1,0,0,0,6.0
Arizona Cardinals,ARI,1997,2,1997-09-07,False,DAL,H,W,25,22,3.0,0,0,0,0,3.0
Arizona Cardinals,ARI,1997,3,1997-09-14,False,WAS,A,L,13,19,2.0,1,0,0,0,5.0
Arizona Cardinals,ARI,1997,4,1997-09-28,False,TAM,A,L,18,19,3.0,1,0,0,0,6.0
Arizona Cardinals,ARI,1997,5,1997-10-05,False,MIN,H,L,19,20,2.0,2,0,0,0,7.0
Arizona Cardinals,ARI,1997,6,1997-10-12,False,NYG,H,L,13,27,1.0,1,0,0,0,3.0
Arizona Cardinals,ARI,1997,7,1997-10-19,False,PHI,A,L,10,13,4.0,2,0,0,0,12.0
Arizona Cardinals,ARI,1997,8,1997-10-26,False,TEN,H,L,14,41,2.0,0,0,0,0,-2.0
Arizona Cardinals,ARI,1997,9,1997-11-02,False,PHI,H,W,31,21,2.0,3,0,0,0,8.0
Arizona Cardinals,ARI,1997,10,1997-11-09,False,DAL,A,L,6,24,2.0,1,0,0,0,4.0
Arizona Cardinals,ARI,1997,11,1997-11-16,False,NYG,A,L,10,19,1.0,0,0,0,0,2.0
Arizona Cardinals,ARI,1997,12,1997-11-23,False,BAL,A,W,16,13,2.0,0,0,0,0,6.0
Arizona Cardinals,ARI,1997,13,1997-11-30,False,PIT,H,L,20,26,2.0,0,0,0,0,2.0
Arizona Cardinals,ARI,1997,14,1997-12-07,False,WAS,H,L,28,38,1.0,1,0,0,0,-1.0
Arizona Cardinals,ARI,1997,15,1997-12-14,False,NOR,A,L,10,27,0,1,0,0,0,2
Arizona Cardinals,ARI,1997,16,1997-12-21,False,ATL,H,W,29,26,3.0,1,0,0,0,5.0
Atlanta Falcons,ATL,1997,1,1997-08-31,False,DET,A,L,17,28,4.0,1,0,0,0,5.0
Atlanta Falcons,ATL,1997,2,1997-09-07,False,CAR,H,L,6,9,6.0,0,0,0,0,10.0
Atlanta Falcons,ATL,1997,3,1997-09-14,False,OAK,H,L,31,36,3.0,0,0,0,0,-1.0
Atlanta Falcons,ATL,1997,4,1997-09-21,False,SFO,A,L,7,34,3.0,0,0,0,0,2.0
Atlanta Falcons,ATL,1997,5,1997-09-28,False,DEN,H,L,21,29,3.0,1,0,0,0,4.0
Atlanta Falcons,ATL,1997,6,1997-10-12,False,NOR,A,W,23,17,10.0,2,0,0,0,15.0
Atlanta Falcons,ATL,1997,7,1997-10-19,False,SFO,H,L,28,35,3.0,1,0,0,0,1.0
Atlanta Falcons,ATL,1997,8,1997-10-26,False,CAR,A,L,12,21,3.0,1,0,0,0,5.0
Atlanta Falcons,ATL,1997,9,1997-11-02,False,STL,H,W,34,31,1.0,1,0,0,0,2.0
Atlanta Falcons,ATL,1997,10,1997-11-09,False,TAM,H,L,10,31,0,0,0,0,0,-1
Atlanta Falcons,ATL,1997,11,1997-11-16,False,STL,A,W,27,21,3.0,0,0,0,0,3.0
Atlanta Falcons,ATL,1997,12,1997-11-23,False,NOR,H,W,20,3,6.0,4,0,0,0,21.0
Atlanta Falcons,ATL,1997,13,1997-11-30,False,SEA,A,W,24,17,3.0,1,0,0,1,12.0
Atlanta Falcons,ATL,1997,14,1997-12-07,False,SDG,A,W,14,3,4.0,3,0,0,1,23.0
Atlanta Falcons,ATL,1997,15,1997-12-14,False,PHI,H,W,20,17,1.0,1,0,0,0,4.0
Atlanta Falcons,ATL,1997,16,1997-12-21,False,ARI,A,L,26,29,2.0,2,0,0,0,5.0
Baltimore Ravens,BAL,1997,1,1997-08-31,False,JAX,H,L,27,28,3.0,0,0,0,0,2.0
Baltimore Ravens,BAL,1997,2,1997-09-07,False,CIN,H,W,23,10,5.0,2,0,0,0,13.0
Baltimore Ravens,BAL,1997,3,1997-09-14,False,NYG,A,W,24,23,0,0,0,0,0,0
Baltimore Ravens,BAL,1997,4,1997-09-21,False,TEN,A,W,36,10,3.0,1,0,0,0,9.0
Baltimore Ravens,BAL,1997,5,1997-09-28,False,SDG,A,L,17,21,1.0,2,0,0,0,5.0
Baltimore Ravens,BAL,1997,6,1997-10-05,False,PIT,H,L,34,42,2.0,3,0,0,0,4.0
Baltimore Ravens,BAL,1997,7,1997-10-19,False,MIA,H,L,13,24,0,0,0,0,0,0
Baltimore Ravens,BAL,1997,8,1997-10-26,False,WAS,A,W,20,17,3.0,1,0,0,0,6.0
Baltimore Ravens,BAL,1997,9,1997-11-02,False,NYJ,A,L,16,19,2.0,0,0,0,0,3.0
Baltimore Ravens,BAL,1997,10,1997-11-09,False,PIT,A,L,0,37,1.0,0,0,0,0,-3.0
Baltimore Ravens,BAL,1997,11,1997-11-16,False,PHI,H,T,10,10,9.0,0,0,0,0,13.0
Baltimore Ravens,BAL,1997,12,1997-11-23,False,ARI,H,L,13,16,2.0,2,0,0,0,7.0
Baltimore Ravens,BAL,1997,13,1997-11-30,False,JAX,A,L,27,29,1.0,1,0,0,0,2.0
Baltimore Ravens,BAL,1997,14,1997-12-07,False,SEA,H,W,31,24,4.0,4,0,0,2,24.0
Baltimore Ravens,BAL,1997,15,1997-12-14,False,TEN,H,W,21,19,3.0,1,0,0,0,6.0
Baltimore Ravens,BAL,1997,16,1997-12-21,False,CIN,A,L,14,16,3.0,0,0,0,0,4.0
Buffalo Bills,BUF,1997,1,1997-08-31,False,MIN,H,L,13,34,2.0,1,0,0,0,3.0
Buffalo Bills,BUF,1997,2,1997-09-07,False,NYJ,A,W,28,22,7.5,2,0,0,0,11.5
Buffalo Bills,BUF,1997,3,1997-09-14,False,KAN,A,L,16,22,2.0,0,0,0,0,2.0
Buffalo Bills,BUF,1997,4,1997-09-21,False,IND,H,W,37,35,2.0,1,0,0,0,0.0
Buffalo Bills,BUF,1997,5,1997-10-05,False,DET,H,W,22,13,4.0,1,0,0,0,10.0
Buffalo Bills,BUF,1997,6,1997-10-12,False,NWE,A,L,6,33,1.0,1,0,0,0,2.0
Buffalo Bills,BUF,1997,7,1997-10-20,False,IND,A,W,9,6,4.5,0,0,0,0,11.5
Buffalo Bills,BUF,1997,8,1997-10-26,False,DEN,H,L,20,23,4.5,1,0,0,0,6.5
Buffalo Bills,BUF,1997,9,1997-11-02,False,MIA,H,W,9,6,2.0,2,0,0,0,13.0
Buffalo Bills,BUF,1997,10,1997-11-09,False,NWE,H,L,10,31,2.5,0,0,0,0,1.5
Buffalo Bills,BUF,1997,11,1997-11-17,False,MIA,A,L,13,30,2.0,1,0,0,0,3.0
Buffalo Bills,BUF,1997,12,1997-11-23,False,TEN,A,L,14,31,1.0,0,0,0,0,0.0
Buffalo Bills,BUF,1997,13,1997-11-30,False,NYJ,H,W,20,10,3.0,1,0,0,0,9.0
Buffalo Bills,BUF,1997,14,1997-12-07,False,CHI,A,L,3,20,1.0,1,0,0,0,4.0
Buffalo Bills,BUF,1997,15,1997-12-14,False,JAX,H,L,14,20,2.0,1,0,0,0,5.0
Buffalo Bills,BUF,1997,16,1997-12-20,False,GNB,A,L,21,31,1.0,0,0,0,0,0.0
Carolina Panthers,CAR,1997,1,1997-08-31,False,WAS,H,L,10,24,2.0,0,0,0,0,2.0
Carolina Panthers,CAR,1997,2,1997-09-07,False,ATL,A,W,9,6,0.0,0,0,0,0,7
Carolina Panthers,CAR,1997,3,1997-09-14,False,SDG,A,W,26,7,6.0,0,0,0,0,10.0
Carolina Panthers,CAR,1997,4,1997-09-21,False,KAN,H,L,14,35,1.0,1,0,0,0,-1.0
Carolina Panthers,CAR,1997,5,1997-09-29,False,SFO,H,L,21,34,2.0,0,0,0,0,1.0
Carolina Panthers,CAR,1997,6,1997-10-12,False,MIN,A,L,14,21,0.0,1,0,0,0,2
Carolina Panthers,CAR,1997,7,1997-10-19,False,NOR,A,W,13,0,7.0,2,0,0,0,21.0
Carolina Panthers,CAR,1997,8,1997-10-26,False,ATL,H,W,21,12,2.0,2,0,0,0,10.0
Carolina Panthers,CAR,1997,9,1997-11-02,False,OAK,H,W,38,14,2.0,2,0,0,0,7.0
Carolina Panthers,CAR,1997,10,1997-11-09,False,DEN,A,L,0,34,3.0,0,0,0,0,2.0
Carolina Panthers,CAR,1997,11,1997-11-16,False,SFO,A,L,19,27,0.0,0,0,0,0,0
Carolina Panthers,CAR,1997,12,1997-11-23,False,STL,A,W,16,10,2.0,1,0,0,0,8.0
Carolina Panthers,CAR,1997,13,1997-11-30,False,NOR,H,L,13,16,0.0,1,0,0,0,3
Carolina Panthers,CAR,1997,14,1997-12-08,False,DAL,A,W,23,13,4.0,0,0,0,0,8.0
Carolina Panthers,CAR,1997,15,1997-12-14,False,GNB,H,L,10,31,3.0,1,0,0,0,4.0
Carolina Panthers,CAR,1997,16,1997-12-20,False,STL,H,L,18,30,1.0,0,0,0,0,0.0
Chicago Bears,CHI,1997,1,1997-09-01,False,GNB,A,L,24,38,2.0,1,0,0,0,0.0
Chicago Bears,CHI,1997,2,1997-09-07,False,MIN,H,L,24,27,3.0,1,0,0,0,5.0
Chicago Bears,CHI,1997,3,1997-09-14,False,DET,H,L,7,32,1.0,0,0,0,0,0.0
Chicago Bears,CHI,1997,4,1997-09-21,False,NWE,A,L,3,31,2.0,1,0,0,0,3.0
Chicago Bears,CHI,1997,5,1997-09-28,False,DAL,A,L,3,27,3.0,1,0,0,0,5.0
Chicago Bears,CHI,1997,6,1997-10-05,False,NOR,H,L,17,20,2.0,1,0,0,0,5.0
Chicago Bears,CHI,1997,7,1997-10-12,False,GNB,H,L,23,24,0,1,0,0,0,2
Chicago Bears,CHI,1997,8,1997-10-27,False,MIA,A,W,36,33,4.0,1,0,0,0,5.0
Chicago Bears,CHI,1997,9,1997-11-02,False,WAS,H,L,8,31,1.0,0,0,0,0,0.0
Chicago Bears,CHI,1997,10,1997-11-09,False,MIN,A,L,22,29,2.0,2,0,0,0,5.0
Chicago Bears,CHI,1997,11,1997-11-16,False,NYJ,H,L,15,23,3.0,0,0,0,0,3.0
Chicago Bears,CHI,1997,12,1997-11-23,False,TAM,H,W,13,7,2.0,0,0,0,0,6.0
Chicago Bears,CHI,1997,13,1997-11-27,False,DET,A,L,20,55,2.0,1,0,0,0,0.0
Chicago Bears,CHI,1997,14,1997-12-07,False,BUF,H,W,20,3,5.0,0,0,0,0,12.0
Chicago Bears,CHI,1997,15,1997-12-14,False,STL,A,W,13,10,5.0,3,0,0,0,15.0
Chicago Bears,CHI,1997,16,1997-12-21,False,TAM,A,L,15,31,1.0,0,0,0,0,0.0
Cincinnati Bengals,CIN,1997,1,1997-08-31,False,ARI,H,W,24,21,0,1,0,0,0,2
Cincinnati Bengals,CIN,1997,2,1997-09-07,False,BAL,A,L,10,23,1.0,1,0,0,0,3.0
Cincinnati Bengals,CIN,1997,3,1997-09-21,False,DEN,A,L,20,38,2.0,1,0,0,0,0.0
Cincinnati Bengals,CIN,1997,4,1997-09-28,False,NYJ,H,L,14,31,0,0,0,0,0,-1
Cincinnati Bengals,CIN,1997,5,1997-10-05,False,JAX,A,L,13,21,3.0,0,0,0,0,3.0
Cincinnati Bengals,CIN,1997,6,1997-10-12,False,TEN,A,L,7,30,1.0,0,0,0,0,0.0
Cincinnati Bengals,CIN,1997,7,1997-10-19,False,PIT,H,L,10,26,0,2,0,0,0,4
Cincinnati Bengals,CIN,1997,8,1997-10-26,False,NYG,A,L,27,29,0,0,0,0,1,5
Cincinnati Bengals,CIN,1997,9,1997-11-02,False,SDG,H,W,38,31,6.0,1,0,0,0,7.0
Cincinnati Bengals,CIN,1997,10,1997-11-09,False,IND,A,W,28,13,7.0,3,0,0,0,17.0
Cincinnati Bengals,CIN,1997,11,1997-11-16,False,PIT,A,L,3,20,1.0,0,0,0,0,2.0
Cincinnati Bengals,CIN,1997,12,1997-11-23,False,JAX,H,W,31,26,1.0,1,0,0,0,3.0
Cincinnati Bengals,CIN,1997,13,1997-11-30,False,PHI,A,L,42,44,2.0,1,0,0,0,0.0
Cincinnati Bengals,CIN,1997,14,1997-12-04,False,TEN,H,W,41,14,3.0,0,0,0,0,4.0
Cincinnati Bengals,CIN,1997,15,1997-12-14,False,DAL,H,W,31,24,1.0,2,0,0,0,5.0
Cincinnati Bengals,CIN,1997,16,1997-12-21,False,BAL,H,W,16,14,7.0,0,0,0,0,8.0
Dallas Cowboys,DAL,1997,1,1997-08-31,False,PIT,A,W,37,7,3.0,1,0,0,0,9.0
Dallas Cowboys,DAL,1997,2,1997-09-07,False,ARI,A,L,22,25,3.0,0,0,0,0,3.0
Dallas Cowboys,DAL,1997,3,1997-09-15,False,PHI,H,W,21,20,2.0,0,0,0,0,3.0
Dallas Cowboys,DAL,1997,4,1997-09-28,False,CHI,H,W,27,3,5.0,2,0,0,1,22.0
Dallas Cowboys,DAL,1997,5,1997-10-05,False,NYG,A,L,17,20,0,0,0,0,0,1
Dallas Cowboys,DAL,1997,6,1997-10-13,False,WAS,A,L,16,21,3.0,0,0,0,0,3.0
Dallas Cowboys,DAL,1997,7,1997-10-19,False,JAX,H,W,26,22,2.0,1,0,0,0,4.0
Dallas Cowboys,DAL,1997,8,1997-10-26,False,PHI,A,L,12,13,2.0,0,0,0,0,6.0
Dallas Cowboys,DAL,1997,9,1997-11-02,False,SFO,A,L,10,17,1.0,1,0,0,0,4.0
Dallas Cowboys,DAL,1997,10,1997-11-09,False,ARI,H,W,24,6,9.0,0,0,0,0,16.0
Dallas Cowboys,DAL,1997,11,1997-11-16,False,WAS,H,W,17,14,1.0,0,0,0,0,2.0
Dallas Cowboys,DAL,1997,12,1997-11-23,False,GNB,A,L,17,45,2.0,1,0,0,0,0.0
Dallas Cowboys,DAL,1997,13,1997-11-27,False,TEN,H,L,14,27,0,0,0,0,0,0
Dallas Cowboys,DAL,1997,14,1997-12-08,False,CAR,H,L,13,23,1.0,0,0,0,0,1.0
Dallas Cowboys,DAL,1997,15,1997-12-14,False,CIN,A,L,24,31,1.0,1,0,0,0,2.0
Dallas Cowboys,DAL,1997,16,1997-12-21,False,NYG,H,L,7,20,3.0,0,0,0,0,4.0
Denver Broncos,DEN,1997,1,1997-08-31,False,KAN,H,W,19,3,3.0,1,0,0,0,12.0
Denver Broncos,DEN,1997,2,1997-09-07,False,SEA,A,W,35,14,1.0,1,0,0,0,4.0
Denver Broncos,DEN,1997,3,1997-09-14,False,STL,H,W,35,14,5.0,2,0,0,1,16.0
Denver Broncos,DEN,1997,4,1997-09-21,False,CIN,H,W,38,20,4.0,0,0,0,0,5.0
Denver Broncos,DEN,1997,5,1997-09-28,False,ATL,A,W,29,21,4.0,1,0,0,0,6.0
Denver Broncos,DEN,1997,6,1997-10-06,False,NWE,H,W,34,13,3.0,1,0,0,0,9.0
Denver Broncos,DEN,1997,7,1997-10-19,False,OAK,A,L,25,28,2.0,1,0,0,0,3.0
Denver Broncos,DEN,1997,8,1997-10-26,False,BUF,A,W,23,20,4.0,3,0,0,0,11.0
Denver Broncos,DEN,1997,9,1997-11-02,False,SEA,H,W,30,27,2.0,0,0,0,0,2.0
Denver Broncos,DEN,1997,10,1997-11-09,False,CAR,H,W,34,0,4.0,3,0,0,2,32.0
Denver Broncos,DEN,1997,11,1997-11-16,False,KAN,A,L,22,24,1.0,1,0,0,0,3.0
Denver Broncos,DEN,1997,12,1997-11-24,False,OAK,H,W,31,3,4.0,0,0,0,0,11.0
Denver Broncos,DEN,1997,13,1997-11-30,False,SDG,A,W,38,28,1.0,2,0,0,0,4.0
Denver Broncos,DEN,1997,14,1997-12-07,False,PIT,A,L,24,35,1.0,1,0,0,0,-1.0
Denver Broncos,DEN,1997,15,1997-12-15,False,SFO,A,L,17,34,2.0,0,0,0,0,1.0
Denver Broncos,DEN,1997,16,1997-12-21,False,SDG,H,W,38,3,2.0,1,0,0,0,11.0
Denver Broncos,DEN,1997,17,1997-12-27,True,JAX,H,W,42,17,3.0,1,0,0,0,6.0
Denver Broncos,DEN,1997,18,1998-01-04,True,KAN,A,W,14,10,4.0,0,0,0,0,8.0
Denver Broncos,DEN,1997,19,1998-01-11,True,PIT,A,W,24,21,3.0,3,0,0,0,9.0
Denver Broncos,DEN,1997,20,1998-01-25,True,GNB,N,W,31,24,1.0,1,0,0,0,3.0
Detroit Lions,DET,1997,1,1997-08-31,False,ATL,H,W,28,17,4.0,3,0,0,0,11.0
Detroit Lions,DET,1997,2,1997-09-07,False,TAM,H,L,17,24,3.0,0,0,0,0,3.0
Detroit Lions,DET,1997,3,1997-09-14,False,CHI,A,W,32,7,5.0,1,0,0,0,11.0
Detroit Lions,DET,1997,4,1997-09-21,False,NOR,A,L,17,35,2.0,0,0,0,0,-2.0
Detroit Lions,DET,1997,5,1997-09-28,False,GNB,H,W,26,15,2.0,3,0,0,0,9.0
Detroit Lions,DET,1997,6,1997-10-05,False,BUF,A,L,13,22,3.0,0,0,0,0,3.0
Detroit Lions,DET,1997,7,1997-10-12,False,TAM,A,W,27,9,3.0,2,0,0,0,11.0
Detroit Lions,DET,1997,8,1997-10-19,False,NYG,H,L,20,26,1.0,1,0,0,0,3.0
Detroit Lions,DET,1997,9,1997-11-02,False,GNB,A,L,10,20,2.0,1,0,0,0,5.0
Detroit Lions,DET,1997,10,1997-11-09,False,WAS,A,L,7,30,0,0,0,0,0,-1
Detroit Lions,DET,1997,11,1997-11-16,False,MIN,H,W,38,15,1.0,1,0,0,0,4.0
Detroit Lions,DET,1997,12,1997-11-23,False,IND,H,W,32,10,8.0,1,0,0,0,14.0
Detroit Lions,DET,1997,13,1997-11-27,False,CHI,H,W,55,20,3.0,0,0,0,0,4.0
Detroit Lions,DET,1997,14,1997-12-07,False,MIA,A,L,30,33,0,1,0,0,0,1
Detroit Lions,DET,1997,15,1997-12-14,False,MIN,A,W,14,13,2.0,0,0,0,0,6.0
Detroit Lions,DET,1997,16,1997-12-21,False,NYJ,H,W,13,10,4.0,3,0,0,0,14.0
Detroit Lions,DET,1997,17,1997-12-28,True,TAM,A,L,10,20,2.0,1,0,0,0,5.0
Green Bay Packers,GNB,1997,1,1997-09-01,False,CHI,H,W,38,24,3.0,2,0,0,0,7.0
Green Bay Packers,GNB,1997,2,1997-09-07,False,PHI,A,L,9,10,3.0,0,0,0,0,7.0
Green Bay Packers,GNB,1997,3,1997-09-14,False,MIA,H,W,23,18,0,1,0,0,0,3
Green Bay Packers,GNB,1997,4,1997-09-21,False,MIN,H,W,38,32,3.0,2,0,0,0,6.0
Green Bay Packers,GNB,1997,5,1997-09-28,False,DET,A,L,15,26,2.0,0,0,0,0,2.0
Green Bay Packers,GNB,1997,6,1997-10-05,False,TAM,H,W,21,16,3.0,1,0,0,0,6.0
Green Bay Packers,GNB,1997,7,1997-10-12,False,CHI,A,W,24,23,0.0,2,0,0,0,4
Green Bay Packers,GNB,1997,8,1997-10-27,False,NWE,A,W,28,10,2.0,3,0,0,0,12.0
Green Bay Packers,GNB,1997,9,1997-11-02,False,DET,H,W,20,10,4.0,4,0,0,0,16.0
Green Bay Packers,GNB,1997,10,1997-11-09,False,STL,H,W,17,7,4.0,1,0,0,0,10.0
Green Bay Packers,GNB,1997,11,1997-11-16,False,IND,A,L,38,41,2.0,0,0,0,0,-2.0
Green Bay Packers,GNB,1997,12,1997-11-23,False,DAL,H,W,45,17,1.0,0,0,0,0,2.0
Green Bay Packers,GNB,1997,13,1997-12-01,False,MIN,A,W,27,11,4.0,1,0,0,0,10.0
Green Bay Packers,GNB,1997,14,1997-12-07,False,TAM,A,W,17,6,4.0,1,0,0,0,13.0
Green Bay Packers,GNB,1997,15,1997-12-14,False,CAR,A,W,31,10,3.0,0,0,0,0,7.0
Green Bay Packers,GNB,1997,16,1997-12-20,False,BUF,H,W,31,21,1.0,3,0,0,0,7.0
Green Bay Packers,GNB,1997,17,1998-01-04,True,TAM,H,W,21,7,2.0,2,0,0,0,10.0
Green Bay Packers,GNB,1997,18,1998-01-11,True,SFO,A,W,23,10,4.0,1,0,0,0,10.0
Green Bay Packers,GNB,1997,19,1998-01-25,True,DEN,N,L,24,31,0.0,1,0,0,0,1
Indianapolis Colts,IND,1997,1,1997-08-31,False,MIA,A,L,10,16,0.0,1,0,0,0,3
Indianapolis Colts,IND,1997,2,1997-09-07,False,NWE,H,L,6,31,1.0,0,0,0,0,0.0
Indianapolis Colts,IND,1997,3,1997-09-14,False,SEA,H,L,3,31,1.0,1,0,0,0,2.0
Indianapolis Colts,IND,1997,4,1997-09-21,False,BUF,A,L,35,37,6.0,1,0,0,0,4.0
Indianapolis Colts,IND,1997,5,1997-10-05,False,NYJ,H,L,12,16,1.0,1,0,0,0,4.0
Indianapolis Colts,IND,1997,6,1997-10-12,False,PIT,A,L,22,24,0.0,2,0,0,0,4
Indianapolis Colts,IND,1997,7,1997-10-20,False,BUF,H,L,6,9,3.0,0,0,0,0,7.0
Indianapolis Colts,IND,1997,8,1997-10-26,False,SDG,A,L,19,35,1.0,0,0,0,0,-3.0
Indianapolis Colts,IND,1997,9,1997-11-02,False,TAM,H,L,28,31,3.0,0,0,0,0,2.0
Indianapolis Colts,IND,1997,10,1997-11-09,False,CIN,H,L,13,28,3.0,0,0,0,0,2.0
Indianapolis Colts,IND,1997,11,1997-11-16,False,GNB,H,W,41,38,3.0,2,0,0,0,3.0
Indianapolis Colts,IND,1997,12,1997-11-23,False,DET,A,L,10,32,1.0,0,0,0,0,0.0
Indianapolis Colts,IND,1997,13,1997-11-30,False,NWE,A,L,17,20,2.0,0,0,0,0,3.0
Indianapolis Colts,IND,1997,14,1997-12-07,False,NYJ,A,W,22,14,8.0,1,0,0,0,11.0
Indianapolis Colts,IND,1997,15,1997-12-14,False,MIA,H,W,41,0,2.0,0,0,0,0,12.0
Indianapolis Colts,IND,1997,16,1997-12-21,False,MIN,A,L,28,39,1.0,3,0,0,0,3.0
Jacksonville Jaguars,JAX,1997,1,1997-08-31,False,BAL,A,W,28,27,3.0,3,0,0,0,9.0
Jacksonville Jaguars,JAX,1997,2,1997-09-07,False,NYG,H,W,40,13,2.0,1,0,0,0,8.0
Jacksonville Jaguars,JAX,1997,3,1997-09-22,False,PIT,H,W,30,21,2.0,1,0,0,0,4.0
Jacksonville Jaguars,JAX,1997,4,1997-09-28,False,WAS,A,L,12,24,4.0,1,0,0,0,6.0
Jacksonville Jaguars,JAX,1997,5,1997-10-05,False,CIN,H,W,21,13,5.0,0,0,0,0,9.0
Jacksonville Jaguars,JAX,1997,6,1997-10-12,False,PHI,H,W,38,21,4.0,1,0,0,0,6.0
Jacksonville Jaguars,JAX,1997,7,1997-10-19,False,DAL,A,L,22,26,2.0,0,0,0,0,2.0
Jacksonville Jaguars,JAX,1997,8,1997-10-26,False,PIT,A,L,17,23,3.0,1,0,0,0,5.0
Jacksonville Jaguars,JAX,1997,9,1997-11-02,False,TEN,A,W,30,24,1.0,1,0,0,0,3.0
Jacksonville Jaguars,JAX,1997,10,1997-11-09,False,KAN,H,W,24,10,6.0,2,0,0,0,14.0
Jacksonville Jaguars,JAX,1997,11,1997-11-16,False,TEN,H,W,17,9,0.0,2,0,0,0,8
Jacksonville Jaguars,JAX,1997,12,1997-11-23,False,CIN,A,L,26,31,1.0,0,0,0,0,0.0
Jacksonville Jaguars,JAX,1997,13,1997-11-30,False,BAL,H,W,29,27,4.0,0,0,0,0,4.0
Jacksonville Jaguars,JAX,1997,14,1997-12-07,False,NWE,H,L,20,26,2.0,0,0,0,1,8.0
Jacksonville Jaguars,JAX,1997,15,1997-12-14,False,BUF,A,W,20,14,2.0,1,0,0,0,5.0
Jacksonville Jaguars,JAX,1997,16,1997-12-21,False,OAK,A,W,20,9,6.0,0,0,0,0,10.0
Jacksonville Jaguars,JAX,1997,17,1997-12-27,True,DEN,A,L,17,42,3.0,0,0,0,0,-1.0
Kansas City Chiefs,KAN,1997,1,1997-08-31,False,DEN,A,L,3,19,2.0,0,0,0,0,3.0
Kansas City Chiefs,KAN,1997,2,1997-09-08,False,OAK,A,W,28,27,1.0,2,0,0,0,5.0
Kansas City Chiefs,KAN,1997,3,1997-09-14,False,BUF,H,W,22,16,4.0,2,0,0,1,15.0
Kansas City Chiefs,KAN,1997,4,1997-09-21,False,CAR,A,W,35,14,5.0,4,0,0,0,14.0
Kansas City Chiefs,KAN,1997,5,1997-09-28,False,SEA,H,W,20,17,3.0,1,0,0,0,6.0
Kansas City Chiefs,KAN,1997,6,1997-10-05,False,MIA,A,L,14,17,1.0,0,0,0,0,2.0
Kansas City Chiefs,KAN,1997,7,1997-10-16,False,SDG,H,W,31,3,2.0,2,0,0,0,13.0
Kansas City Chiefs,KAN,1997,8,1997-10-26,False,STL,A,W,28,20,1.0,1,0,0,0,4.0
Kansas City Chiefs,KAN,1997,9,1997-11-03,False,PIT,H,W,13,10,1.0,1,0,0,0,7.0
Kansas City Chiefs,KAN,1997,10,1997-11-09,False,JAX,A,L,10,24,3.0,1,0,0,0,5.0
Kansas City Chiefs,KAN,1997,11,1997-11-16,False,DEN,H,W,24,22,6.0,0,0,0,0,6.0
Kansas City Chiefs,KAN,1997,12,1997-11-23,False,SEA,A,W,19,14,5.0,1,0,0,0,8.0
Kansas City Chiefs,KAN,1997,13,1997-11-30,False,SFO,H,W,44,9,5.0,2,0,0,0,13.0
Kansas City Chiefs,KAN,1997,14,1997-12-07,False,OAK,H,W,30,0,6.0,0,0,0,0,16.0
Kansas City Chiefs,KAN,1997,15,1997-12-14,False,SDG,A,W,29,7,7.0,1,0,0,0,13.0
Kansas City Chiefs,KAN,1997,16,1997-12-21,False,NOR,H,W,25,13,2.0,3,0,0,1,18.0
Kansas City Chiefs,KAN,1997,17,1998-01-04,True,DEN,H,L,10,14,1.0,0,0,0,0,2.0
Miami Dolphins,MIA,1997,1,1997-08-31,False,IND,H,W,16,10,5.0,2,0,0,0,13.0
Miami Dolphins,MIA,1997,2,1997-09-07,False,TEN,H,W,16,13,0,1,0,0,0,6
Miami Dolphins,MIA,1997,3,1997-09-14,False,GNB,A,L,18,23,1.0,0,0,0,0,1.0
Miami Dolphins,MIA,1997,4,1997-09-21,False,TAM,A,L,21,31,0.0,1,0,0,0,1
Miami Dolphins,MIA,1997,5,1997-10-05,False,KAN,H,W,17,14,2.0,0,0,0,0,3.0
Miami Dolphins,MIA,1997,6,1997-10-12,False,NYJ,A,W,31,20,5.0,0,0,0,0,6.0
Miami Dolphins,MIA,1997,7,1997-10-19,False,BAL,A,W,24,13,0,0,0,0,0,4
Miami Dolphins,MIA,1997,8,1997-10-27,False,CHI,H,L,33,36,1.0,0,0,0,0,-3.0
Miami Dolphins,MIA,1997,9,1997-11-02,False,BUF,A,L,6,9,1.0,0,0,0,0,5.0
Miami Dolphins,MIA,1997,10,1997-11-09,False,NYJ,H,W,24,17,2.0,1,0,0,0,5.0
Miami Dolphins,MIA,1997,11,1997-11-17,False,BUF,H,W,30,13,3.0,1,0,0,0,9.0
Miami Dolphins,MIA,1997,12,1997-11-23,False,NWE,A,L,24,27,1.0,0,0,0,0,1.0
Miami Dolphins,MIA,1997,13,1997-11-30,False,OAK,A,W,34,16,6.0,1,0,0,0,9.0
Miami Dolphins,MIA,1997,14,1997-12-07,False,DET,H,W,33,30,1.0,2,0,0,0,4.0
Miami Dolphins,MIA,1997,15,1997-12-14,False,IND,A,L,0,41,1.0,0,0,0,0,-3.0
Miami Dolphins,MIA,1997,16,1997-12-22,False,NWE,H,L,12,14,2.0,1,0,0,0,5.0
Miami Dolphins,MIA,1997,17,1997-12-28,True,NWE,A,L,3,17,3.0,0,0,0,0,4.0
Minnesota Vikings,MIN,1997,1,1997-08-31,False,BUF,A,W,34,13,3.0,2,0,0,0,11.0
Minnesota Vikings,MIN,1997,2,1997-09-07,False,CHI,A,W,27,24,2.0,0,0,0,0,2.0
Minnesota Vikings,MIN,1997,3,1997-09-14,False,TAM,H,L,14,28,1.0,0,0,0,0,0.0
Minnesota Vikings,MIN,1997,4,1997-09-21,False,GNB,A,L,32,38,2.0,2,0,0,0,2.0
Minnesota Vikings,MIN,1997,5,1997-09-28,False,PHI,H,W,28,19,5.0,2,0,0,0,10.0
Minnesota Vikings,MIN,1997,6,1997-10-05,False,ARI,A,W,20,19,3.0,0,0,0,0,4.0
Minnesota Vikings,MIN,1997,7,1997-10-12,False,CAR,H,W,21,14,5.0,0,0,0,0,6.0
Minnesota Vikings,MIN,1997,8,1997-10-26,False,TAM,A,W,10,6,3.0,0,0,0,0,10.0
Minnesota Vikings,MIN,1997,9,1997-11-02,False,NWE,H,W,23,18,3.0,1,0,0,0,6.0
Minnesota Vikings,MIN,1997,10,1997-11-09,False,CHI,H,W,29,22,2.0,1,0,0,0,4.0
Minnesota Vikings,MIN,1997,11,1997-11-16,False,DET,A,L,15,38,2.0,0,0,0,0,-2.0
Minnesota Vikings,MIN,1997,12,1997-11-23,False,NYJ,A,L,21,23,3.0,0,0,0,0,3.0
Minnesota Vikings,MIN,1997,13,1997-12-01,False,GNB,H,L,11,27,1.0,0,0,0,0,1.0
Minnesota Vikings,MIN,1997,14,1997-12-07,False,SFO,A,L,17,28,2.0,0,0,0,0,1.0
Minnesota Vikings,MIN,1997,15,1997-12-14,False,DET,H,L,13,14,3.0,1,0,0,0,6.0
Minnesota Vikings,MIN,1997,16,1997-12-21,False,IND,H,W,39,28,4.0,3,0,0,0,9.0
Minnesota Vikings,MIN,1997,17,1997-12-27,True,NYG,A,W,23,22,1.0,0,0,0,0,1.0
Minnesota Vikings,MIN,1997,18,1998-01-03,True,SFO,A,L,22,38,1.0,0,0,0,0,-3.0
New Orleans Saints,NOR,1997,1,1997-08-31,False,STL,A,L,24,38,2.0,1,0,0,1,6.0
New Orleans Saints,NOR,1997,2,1997-09-07,False,SDG,H,L,6,20,2.0,1,0,0,0,5.0
New Orleans Saints,NOR,1997,3,1997-09-14,False,SFO,A,L,7,33,6.0,0,0,0,0,5.0
New Orleans Saints,NOR,1997,4,1997-09-21,False,DET,H,W,35,17,5.0,3,0,0,0,12.0
New Orleans Saints,NOR,1997,5,1997-09-28,False,NYG,A,L,9,14,4.0,1,0,0,0,7.0
New Orleans Saints,NOR,1997,6,1997-10-05,False,CHI,A,W,20,17,5.0,0,0,0,0,6.0
New Orleans Saints,NOR,1997,7,1997-10-12,False,ATL,H,L,17,23,5.0,0,0,0,0,5.0
New Orleans Saints,NOR,1997,8,1997-10-19,False,CAR,H,L,0,13,1.0,1,0,0,0,7.0
New Orleans Saints,NOR,1997,9,1997-10-26,False,SFO,H,L,0,23,3.0,0,0,0,0,3.0
New Orleans Saints,NOR,1997,10,1997-11-09,False,OAK,A,W,13,10,3.0,1,0,0,0,9.0
New Orleans Saints,NOR,1997,11,1997-11-16,False,SEA,H,W,20,17,3.0,2,0,0,0,8.0
New Orleans Saints,NOR,1997,12,1997-11-23,False,ATL,A,L,3,20,5.0,0,0,0,0,6.0
New Orleans Saints,NOR,1997,13,1997-11-30,False,CAR,A,W,16,13,2.0,3,0,0,0,12.0
New Orleans Saints,NOR,1997,14,1997-12-07,False,STL,H,L,27,34,5.0,1,0,0,0,6.0
New Orleans Saints,NOR,1997,15,1997-12-14,False,ARI,H,W,27,10,5.0,2,0,0,0,13.0
New Orleans Saints,NOR,1997,16,1997-12-21,False,KAN,A,L,13,25,3.0,0,0,0,0,3.0
New England Patriots,NWE,1997,1,1997-08-31,False,SDG,H,W,41,7,4.0,1,0,0,0,10.0
New England Patriots,NWE,1997,2,1997-09-07,False,IND,A,W,31,6,5.0,0,0,0,0,12.0
New England Patriots,NWE,1997,3,1997-09-14,False,NYJ,H,W,27,24,7.0,0,0,0,0,7.0
New England Patriots,NWE,1997,4,1997-09-21,False,CHI,H,W,31,3,5.0,2,0,0,0,16.0
New England Patriots,NWE,1997,5,1997-10-06,False,DEN,A,L,13,34,1.0,2,0,0,0,4.0
New England Patriots,NWE,1997,6,1997-10-12,False,BUF,H,W,33,6,3.0,4,0,0,0,18.0
New England Patriots,NWE,1997,7,1997-10-19,False,NYJ,A,L,19,24,1.0,0,0,0,0,1.0
New England Patriots,NWE,1997,8,1997-10-27,False,GNB,H,L,10,28,0,0,0,0,0,-1
New England Patriots,NWE,1997,9,1997-11-02,False,MIN,A,L,18,23,1.0,0,0,0,0,1.0
New England Patriots,NWE,1997,10,1997-11-09,False,BUF,A,W,31,10,2.0,4,0,0,1,20.0
New England Patriots,NWE,1997,11,1997-11-16,False,TAM,A,L,7,27,1.0,0,0,0,0,1.0
New England Patriots,NWE,1997,12,1997-11-23,False,MIA,H,W,27,24,3.0,3,0,0,0,9.0
New England Patriots,NWE,1997,13,1997-11-30,False,IND,H,W,20,17,4.0,0,0,0,0,5.0
New England Patriots,NWE,1997,14,1997-12-07,False,JAX,A,W,26,20,4.0,0,0,0,0,5.0
New England Patriots,NWE,1997,15,1997-12-13,False,PIT,H,L,21,24,0,2,0,0,0,4
New England Patriots,NWE,1997,16,1997-12-22,False,MIA,A,W,14,12,3.0,1,0,0,0,9.0
New England Patriots,NWE,1997,17,1997-12-28,True,MIA,H,W,17,3,4.0,2,0,0,0,15.0
New England Patriots,NWE,1997,18,1998-01-03,True,PIT,A,L,6,7,2.0,1,0,0,0,8.0
New York Giants,NYG,1997,1,1997-08-31,False,PHI,H,W,31,17,9.0,1,0,0,0,12.0
New York Giants,NYG,1997,2,1997-09-07,False,JAX,A,L,13,40,1.0,0,0,0,0,-3.0
New York Giants,NYG,1997,3,1997-09-14,False,BAL,H,L,23,24,1.0,1,0,0,0,3.0
New York Giants,NYG,1997,4,1997-09-21,False,STL,A,L,3,13,5.0,0,0,0,0,9.0
New York Giants,NYG,1997,5,1997-09-28,False,NOR,H,W,14,9,2.0,1,0,0,0,8.0
New York Giants,NYG,1997,6,1997-10-05,False,DAL,H,W,20,17,1.0,2,0,0,0,6.0
New York Giants,NYG,1997,7,1997-10-12,False,ARI,A,W,27,13,5.0,4,0,0,0,17.0
New York Giants,NYG,1997,8,1997-10-19,False,DET,A,W,26,20,3.0,0,0,0,1,10.0
New York Giants,NYG,1997,9,1997-10-26,False,CIN,H,W,29,27,2.0,1,0,0,0,4.0
New York Giants,NYG,1997,10,1997-11-09,False,TEN,A,L,6,10,1.0,1,0,0,0,7.0
New York Giants,NYG,1997,11,1997-11-16,False,ARI,H,W,19,10,8.0,2,0,0,0,16.0
New York Giants,NYG,1997,12,1997-11-23,False,WAS,A,T,7,7,5.0,3,0,0,0,15.0
New York Giants,NYG,1997,13,1997-11-30,False,TAM,H,L,8,20,0.0,3,0,0,0,7
New York Giants,NYG,1997,14,1997-12-07,False,PHI,A,W,31,21,4.0,3,0,0,0,10.0
New York Giants,NYG,1997,15,1997-12-13,False,WAS,H,W,30,10,3.0,4,0,0,0,15.0
New York Giants,NYG,1997,16,1997-12-21,False,DAL,A,W,20,7,4.0,1,0,0,0,10.0
New York Giants,NYG,1997,17,1997-12-27,True,MIN,H,L,22,23,2.0,1,0,0,0,4.0
New York Jets,NYJ,1997,1,1997-08-31,False,SEA,A,W,41,3,1.0,1,0,0,0,10.0
New York Jets,NYJ,1997,2,1997-09-07,False,BUF,H,L,22,28,2.0,2,0,0,1,11.0
New York Jets,NYJ,1997,3,1997-09-14,False,NWE,A,L,24,27,0.0,2,0,0,0,4
New York Jets,NYJ,1997,4,1997-09-21,False,OAK,H,W,23,22,4.0,0,0,0,0,4.0
New York Jets,NYJ,1997,5,1997-09-28,False,CIN,A,W,31,14,2.0,1,0,0,0,5.0
New York Jets,NYJ,1997,6,1997-10-05,False,IND,A,W,16,12,2.0,3,0,0,0,12.0
New York Jets,NYJ,1997,7,1997-10-12,False,MIA,H,L,20,31,0,0,0,0,0,-1
New York Jets,NYJ,1997,8,1997-10-19,False,NWE,H,W,24,19,3.0,1,0,0,0,6.0
New York Jets,NYJ,1997,9,1997-11-02,False,BAL,H,W,19,16,0.0,1,0,0,0,3
New York Jets,NYJ,1997,10,1997-11-09,False,MIA,A,L,17,24,1.0,0,0,0,0,1.0
New York Jets,NYJ,1997,11,1997-11-16,False,CHI,A,W,23,15,5.0,4,0,0,0,14.0
New York Jets,NYJ,1997,12,1997-11-23,False,MIN,H,W,23,21,0,0,0,0,1,6
New York Jets,NYJ,1997,13,1997-11-30,False,BUF,A,L,10,20,3.0,1,0,0,0,6.0
New York Jets,NYJ,1997,14,1997-12-07,False,IND,H,L,14,22,0,0,0,0,0,0
New York Jets,NYJ,1997,15,1997-12-14,False,TAM,H,W,31,0,3.0,2,0,0,1,23.0
New York Jets,NYJ,1997,16,1997-12-21,False,DET,A,L,10,13,3.0,0,0,0,0,7.0
Oakland Raiders,OAK,1997,1,1997-08-31,False,TEN,A,L,21,24,3.0,1,0,0,0,5.0
Oakland Raiders,OAK,1997,2,1997-09-08,False,KAN,H,L,27,28,1.0,0,0,0,0,0.0
Oakland Raiders,OAK,1997,3,1997-09-14,False,ATL,A,W,36,31,6.0,0,0,0,0,5.0
Oakland Raiders,OAK,1997,4,1997-09-21,False,NYJ,A,L,22,23,1.0,0,0,0,0,1.0
Oakland Raiders,OAK,1997,5,1997-09-28,False,STL,H,W,35,17,0,3,0,0,0,7
Oakland Raiders,OAK,1997,6,1997-10-05,False,SDG,H,L,10,25,1.0,0,0,0,0,1.0
Oakland Raiders,OAK,1997,7,1997-10-19,False,DEN,H,W,28,25,3.0,0,0,0,0,3.0
Oakland Raiders,OAK,1997,8,1997-10-26,False,SEA,A,L,34,45,0.0,2,0,0,0,0
Oakland Raiders,OAK,1997,9,1997-11-02,False,CAR,A,L,14,38,1.0,0,0,0,0,-3.0
Oakland Raiders,OAK,1997,10,1997-11-09,False,NOR,H,L,10,13,3.0,1,0,0,0,9.0
Oakland Raiders,OAK,1997,11,1997-11-16,False,SDG,A,W,38,13,3.0,0,0,0,0,7.0
Oakland Raiders,OAK,1997,12,1997-11-24,False,DEN,A,L,3,31,3.0,0,0,0,0,2.0
Oakland Raiders,OAK,1997,13,1997-11-30,False,MIA,H,L,16,34,0.0,1,0,0,0,1
Oakland Raiders,OAK,1997,14,1997-12-07,False,KAN,A,L,0,30,3.0,0,0,0,0,2.0
Oakland Raiders,OAK,1997,15,1997-12-14,False,SEA,H,L,21,22,2.0,2,0,0,0,6.0
Oakland Raiders,OAK,1997,16,1997-12-21,False,JAX,H,L,9,20,1.0,0,0,0,0,2.0
Philadelphia Eagles,PHI,1997,1,1997-08-31,False,NYG,A,L,17,31,1.0,0,0,0,0,0.0
Philadelphia Eagles,PHI,1997,2,1997-09-07,False,GNB,H,W,10,9,1.0,1,0,0,0,7.0
Philadelphia Eagles,PHI,1997,3,1997-09-15,False,DAL,A,L,20,21,2.0,0,0,0,0,2.0
Philadelphia Eagles,PHI,1997,4,1997-09-28,False,MIN,A,L,19,28,0,1,0,0,0,1
Philadelphia Eagles,PHI,1997,5,1997-10-05,False,WAS,H,W,24,10,2.0,1,0,0,0,8.0
Philadelphia Eagles,PHI,1997,6,1997-10-12,False,JAX,A,L,21,38,3.0,0,0,0,0,-1.0
Philadelphia Eagles,PHI,1997,7,1997-10-19,False,ARI,H,W,13,10,7.0,0,0,0,0,11.0
Philadelphia Eagles,PHI,1997,8,1997-10-26,False,DAL,H,W,13,12,6.0,0,0,0,0,10.0
Philadelphia Eagles,PHI,1997,9,1997-11-02,False,ARI,A,L,21,31,5.0,1,0,0,1,12.0
Philadelphia Eagles,PHI,1997,10,1997-11-10,False,SFO,H,L,12,24,1.0,1,0,0,0,3.0
Philadelphia Eagles,PHI,1997,11,1997-11-16,False,BAL,A,T,10,10,2.0,2,0,0,0,10.0
Philadelphia Eagles,PHI,1997,12,1997-11-23,False,PIT,H,W,23,20,2.0,3,0,0,0,9.0
Philadelphia Eagles,PHI,1997,13,1997-11-30,False,CIN,H,W,44,42,1.0,1,0,0,0,-1.0
Philadelphia Eagles,PHI,1997,14,1997-12-07,False,NYG,H,L,21,31,1.0,1,0,0,0,2.0
Philadelphia Eagles,PHI,1997,15,1997-12-14,False,ATL,A,L,17,20,5.0,0,0,0,0,6.0
Philadelphia Eagles,PHI,1997,16,1997-12-21,False,WAS,A,L,32,35,2.0,2,0,0,0,2.0
Pittsburgh Steelers,PIT,1997,1,1997-08-31,False,DAL,H,L,7,37,0,0,0,0,0,-4
Pittsburgh Steelers,PIT,1997,2,1997-09-07,False,WAS,H,W,14,13,0.0,3,0,0,0,10
Pittsburgh Steelers,PIT,1997,3,1997-09-22,False,JAX,A,L,21,30,3.0,0,0,0,0,2.0
Pittsburgh Steelers,PIT,1997,4,1997-09-28,False,TEN,H,W,37,24,7.0,2,0,0,0,11.0
Pittsburgh Steelers,PIT,1997,5,1997-10-05,False,BAL,A,W,42,34,4.0,2,0,0,1,13.0
Pittsburgh Steelers,PIT,1997,6,1997-10-12,False,IND,H,W,24,22,4.0,1,0,0,0,6.0
Pittsburgh Steelers,PIT,1997,7,1997-10-19,False,CIN,A,W,26,10,2.0,2,0,0,0,10.0
Pittsburgh Steelers,PIT,1997,8,1997-10-26,False,JAX,H,W,23,17,4.0,1,0,0,0,7.0
Pittsburgh Steelers,PIT,1997,9,1997-11-03,False,KAN,A,L,10,13,0,1,0,0,0,6
Pittsburgh Steelers,PIT,1997,10,1997-11-09,False,BAL,H,W,37,0,3.0,4,0,0,0,21.0
Pittsburgh Steelers,PIT,1997,11,1997-11-16,False,CIN,H,W,20,3,4.0,0,0,0,0,11.0
Pittsburgh Steelers,PIT,1997,12,1997-11-23,False,PHI,A,L,20,23,3.0,0,0,0,0,3.0
Pittsburgh Steelers,PIT,1997,13,1997-11-30,False,ARI,A,W,26,20,10.0,0,0,0,0,11.0
Pittsburgh Steelers,PIT,1997,14,1997-12-07,False,DEN,H,W,35,24,2.0,1,0,0,0,4.0
Pittsburgh Steelers,PIT,1997,15,1997-12-13,False,NWE,A,W,24,21,0.0,2,0,0,0,4
Pittsburgh Steelers,PIT,1997,16,1997-12-21,False,TEN,A,L,6,16,2.0,1,0,0,0,5.0
Pittsburgh Steelers,PIT,1997,17,1998-01-03,True,NWE,H,W,7,6,2.0,2,0,0,0,13.0
Pittsburgh Steelers,PIT,1997,18,1998-01-11,True,DEN,H,L,21,24,2.0,1,0,0,0,4.0
San Diego Chargers,SDG,1997,1,1997-08-31,False,NWE,A,L,7,41,0,0,0,0,0,-4
San Diego Chargers,SDG,1997,2,1997-09-07,False,NOR,A,W,20,6,3.0,3,0,0,0,16.0
San Diego Chargers,SDG,1997,3,1997-09-14,False,CAR,H,L,7,26,0.0,1,0,0,0,2
San Diego Chargers,SDG,1997,4,1997-09-21,False,SEA,A,L,22,26,1.0,2,0,0,0,5.0
San Diego Chargers,SDG,1997,5,1997-09-28,False,BAL,H,W,21,17,2.0,2,0,0,0,7.0
San Diego Chargers,SDG,1997,6,1997-10-05,False,OAK,A,W,25,10,6.0,0,0,0,0,10.0
San Diego Chargers,SDG,1997,7,1997-10-16,False,KAN,A,L,3,31,2.0,0,0,0,0,1.0
San Diego Chargers,SDG,1997,8,1997-10-26,False,IND,H,W,35,19,3.0,2,0,0,1,14.0
San Diego Chargers,SDG,1997,9,1997-11-02,False,CIN,A,L,31,38,3.0,0,0,0,2,11.0
San Diego Chargers,SDG,1997,10,1997-11-09,False,SEA,H,L,31,37,2.0,1,0,0,0,0.0
San Diego Chargers,SDG,1997,11,1997-11-16,False,OAK,H,L,13,38,1.0,2,0,0,0,1.0
San Diego Chargers,SDG,1997,12,1997-11-23,False,SFO,A,L,10,17,2.0,0,0,0,0,3.0
San Diego Chargers,SDG,1997,13,1997-11-30,False,DEN,H,L,28,38,0,0,0,0,1,2
San Diego Chargers,SDG,1997,14,1997-12-07,False,ATL,H,L,3,14,1.0,1,0,0,0,4.0
San Diego Chargers,SDG,1997,15,1997-12-14,False,KAN,H,L,7,29,1.0,0,0,0,0,0.0
San Diego Chargers,SDG,1997,16,1997-12-21,False,DEN,A,L,3,38,0.0,1,0,0,0,-2
Seattle Seahawks,SEA,1997,1,1997-08-31,False,NYJ,H,L,3,41,0,0,0,0,0,-4
Seattle Seahawks,SEA,1997,2,1997-09-07,False,DEN,H,L,14,35,2.0,0,0,0,0,-2.0
Seattle Seahawks,SEA,1997,3,1997-09-14,False,IND,A,W,31,3,8.0,0,0,0,0,15.0
Seattle Seahawks,SEA,1997,4,1997-09-21,False,SDG,H,W,26,22,2.0,3,0,0,0,8.0
Seattle Seahawks,SEA,1997,5,1997-09-28,False,KAN,A,L,17,20,1.0,3,0,0,0,8.0
Seattle Seahawks,SEA,1997,6,1997-10-05,False,TEN,H,W,16,13,1.0,2,0,0,0,9.0
Seattle Seahawks,SEA,1997,7,1997-10-19,False,STL,A,W,17,9,2.0,1,0,0,0,8.0
Seattle Seahawks,SEA,1997,8,1997-10-26,False,OAK,H,W,45,34,5.0,0,0,0,0,4.0
Seattle Seahawks,SEA,1997,9,1997-11-02,False,DEN,A,L,27,30,1.0,0,0,0,0,0.0
Seattle Seahawks,SEA,1997,10,1997-11-09,False,SDG,A,W,37,31,4.0,1,0,0,0,5.0
Seattle Seahawks,SEA,1997,11,1997-11-16,False,NOR,A,L,17,20,3.0,2,0,0,0,8.0
Seattle Seahawks,SEA,1997,12,1997-11-23,False,KAN,H,L,14,19,2.0,0,0,0,0,3.0
Seattle Seahawks,SEA,1997,13,1997-11-30,False,ATL,H,L,17,24,1.0,0,0,0,0,1.0
Seattle Seahawks,SEA,1997,14,1997-12-07,False,BAL,A,L,24,31,3.0,0,0,0,0,2.0
Seattle Seahawks,SEA,1997,15,1997-12-14,False,OAK,A,W,22,21,5.0,0,0,0,0,5.0
Seattle Seahawks,SEA,1997,16,1997-12-21,False,SFO,H,W,38,9,2.0,1,0,0,0,8.0
San Francisco 49ers,SFO,1997,1,1997-08-31,False,TAM,A,L,6,13,2.0,1,0,0,0,8.0
San Francisco 49ers,SFO,1997,2,1997-09-07,False,STL,A,W,15,12,3.0,0,0,0,0,7.0
San Francisco 49ers,SFO,1997,3,1997-09-14,False,NOR,H,W,33,7,1.0,6,0,0,0,17.0
San Francisco 49ers,SFO,1997,4,1997-09-21,False,ATL,H,W,34,7,3.0,1,0,0,0,9.0
San Francisco 49ers,SFO,1997,5,1997-09-29,False,CAR,A,W,34,21,2.0,3,0,0,0,8.0
San Francisco 49ers,SFO,1997,6,1997-10-12,False,STL,H,W,30,10,4.0,0,0,0,0,8.0
San Francisco 49ers,SFO,1997,7,1997-10-19,False,ATL,A,W,35,28,6.0,0,0,0,0,5.0
San Francisco 49ers,SFO,1997,8,1997-10-26,False,NOR,A,W,23,0,4.0,1,0,0,0,16.0
San Francisco 49ers,SFO,1997,9,1997-11-02,False,DAL,H,W,17,10,4.0,2,0,0,0,12.0
San Francisco 49ers,SFO,1997,10,1997-11-10,False,PHI,A,W,24,12,8.0,1,0,0,1,20.0
San Francisco 49ers,SFO,1997,11,1997-11-16,False,CAR,H,W,27,19,3.0,3,0,0,1,16.0
San Francisco 49ers,SFO,1997,12,1997-11-23,False,SDG,H,W,17,10,4.0,3,0,0,0,14.0
San Francisco 49ers,SFO,1997,13,1997-11-30,False,KAN,A,L,9,44,0.0,1,0,0,0,-2
San Francisco 49ers,SFO,1997,14,1997-12-07,False,MIN,H,W,28,17,4.0,1,0,0,0,7.0
San Francisco 49ers,SFO,1997,15,1997-12-15,False,DEN,H,W,34,17,1.0,2,0,0,0,6.0
San Francisco 49ers,SFO,1997,16,1997-12-21,False,SEA,A,L,9,38,5.0,0,0,0,0,1.0
San Francisco 49ers,SFO,1997,17,1998-01-03,True,MIN,H,W,38,22,1.0,1,0,0,0,3.0
San Francisco 49ers,SFO,1997,18,1998-01-11,True,GNB,H,L,10,23,1.0,0,0,0,1,7.0
St. Louis Rams,STL,1997,1,1997-08-31,False,NOR,H,W,38,24,3.0,3,0,0,0,9.0
St. Louis Rams,STL,1997,2,1997-09-07,False,SFO,H,L,12,15,1.0,3,0,0,0,8.0
St. Louis Rams,STL,1997,3,1997-09-14,False,DEN,A,L,14,35,1.0,1,0,0,0,-1.0
St. Louis Rams,STL,1997,4,1997-09-21,False,NYG,H,W,13,3,4.0,1,0,0,0,13.0
St. Louis Rams,STL,1997,5,1997-09-28,False,OAK,A,L,17,35,1.0,1,0,0,0,-1.0
St. Louis Rams,STL,1997,6,1997-10-12,False,SFO,A,L,10,30,4.0,1,0,0,0,5.0
St. Louis Rams,STL,1997,7,1997-10-19,False,SEA,H,L,9,17,1.0,2,0,0,0,6.0
St. Louis Rams,STL,1997,8,1997-10-26,False,KAN,H,L,20,28,4.0,0,0,0,0,3.0
St. Louis Rams,STL,1997,9,1997-11-02,False,ATL,A,L,31,34,2.0,1,0,0,0,3.0
St. Louis Rams,STL,1997,10,1997-11-09,False,GNB,A,L,7,17,2.0,2,0,0,0,7.0
St. Louis Rams,STL,1997,11,1997-11-16,False,ATL,H,L,21,27,2.0,1,0,0,0,4.0
St. Louis Rams,STL,1997,12,1997-11-23,False,CAR,H,L,10,16,4.0,0,0,0,0,5.0
St. Louis Rams,STL,1997,13,1997-11-30,False,WAS,A,W,23,20,3.0,2,0,0,0,8.0
St. Louis Rams,STL,1997,14,1997-12-07,False,NOR,A,W,34,27,2.0,2,0,0,0,6.0
St. Louis Rams,STL,1997,15,1997-12-14,False,CHI,H,L,10,13,1.0,2,0,0,0,9.0
St. Louis Rams,STL,1997,16,1997-12-20,False,CAR,A,W,30,18,3.0,3,0,0,0,10.0
Tampa Bay Buccaneers,TAM,1997,1,1997-08-31,False,SFO,H,W,13,6,7.0,1,0,0,0,16.0
Tampa Bay Buccaneers,TAM,1997,2,1997-09-07,False,DET,A,W,24,17,2.0,1,0,0,0,5.0
Tampa Bay Buccaneers,TAM,1997,3,1997-09-14,False,MIN,A,W,28,14,3.0,0,0,0,0,4.0
Tampa Bay Buccaneers,TAM,1997,4,1997-09-21,False,MIA,H,W,31,21,0,0,0,0,0,0
Tampa Bay Buccaneers,TAM,1997,5,1997-09-28,False,ARI,H,W,19,18,6.0,2,0,0,0,11.0
Tampa Bay Buccaneers,TAM,1997,6,1997-10-05,False,GNB,A,L,16,21,3.0,0,0,0,0,3.0
Tampa Bay Buccaneers,TAM,1997,7,1997-10-12,False,DET,H,L,9,27,4.0,0,0,0,0,4.0
Tampa Bay Buccaneers,TAM,1997,8,1997-10-26,False,MIN,H,L,6,10,2.0,0,0,0,0,6.0
Tampa Bay Buccaneers,TAM,1997,9,1997-11-02,False,IND,A,W,31,28,2.0,1,0,0,0,3.0
Tampa Bay Buccaneers,TAM,1997,10,1997-11-09,False,ATL,A,W,31,10,5.0,0,0,0,0,9.0
Tampa Bay Buccaneers,TAM,1997,11,1997-11-16,False,NWE,H,W,27,7,5.0,2,0,0,0,13.0
Tampa Bay Buccaneers,TAM,1997,12,1997-11-23,False,CHI,A,L,7,13,0,0,0,0,0,4
Tampa Bay Buccaneers,TAM,1997,13,1997-11-30,False,NYG,A,W,20,8,2.0,2,0,0,0,10.0
Tampa Bay Buccaneers,TAM,1997,14,1997-12-07,False,GNB,H,L,6,17,0,1,0,0,0,3
Tampa Bay Buccaneers,TAM,1997,15,1997-12-14,False,NYJ,A,L,0,31,0.0,1,0,0,0,1
Tampa Bay Buccaneers,TAM,1997,16,1997-12-21,False,CHI,H,W,31,15,3.0,2,0,0,1,14.0
Tampa Bay Buccaneers,TAM,1997,17,1997-12-28,True,DET,H,W,20,10,2.0,1,0,0,0,8.0
Tampa Bay Buccaneers,TAM,1997,18,1998-01-04,True,GNB,A,L,7,21,4.0,2,0,0,0,8.0
Tennessee Oilers,TEN,1997,1,1997-08-31,False,OAK,H,W,24,21,3.0,0,0,0,0,3.0
Tennessee Oilers,TEN,1997,2,1997-09-07,False,MIA,A,L,13,16,3.0,0,0,0,0,4.0
Tennessee Oilers,TEN,1997,3,1997-09-21,False,BAL,H,L,10,36,1.0,0,0,0,0,-3.0
Tennessee Oilers,TEN,1997,4,1997-09-28,False,PIT,A,L,24,37,1.0,0,0,0,0,-3.0
Tennessee Oilers,TEN,1997,5,1997-10-05,False,SEA,A,L,13,16,2.0,0,0,0,0,3.0
Tennessee Oilers,TEN,1997,6,1997-10-12,False,CIN,H,W,30,7,5.0,0,0,0,0,9.0
Tennessee Oilers,TEN,1997,7,1997-10-19,False,WAS,H,W,28,14,1.0,3,0,0,0,8.0
Tennessee Oilers,TEN,1997,8,1997-10-26,False,ARI,A,W,41,14,6.0,4,0,0,0,15.0
Tennessee Oilers,TEN,1997,9,1997-11-02,False,JAX,H,L,24,30,3.0,1,0,0,0,4.0
Tennessee Oilers,TEN,1997,10,1997-11-09,False,NYG,H,W,10,6,3.0,1,0,0,0,12.0
Tennessee Oilers,TEN,1997,11,1997-11-16,False,JAX,A,L,9,17,2.0,0,0,0,0,3.0
Tennessee Oilers,TEN,1997,12,1997-11-23,False,BUF,H,W,31,14,0,1,0,0,0,3
Tennessee Oilers,TEN,1997,13,1997-11-27,False,DAL,A,W,27,14,2.0,3,0,0,0,9.0
Tennessee Oilers,TEN,1997,14,1997-12-04,False,CIN,A,L,14,41,1.0,0,0,0,0,-3.0
Tennessee Oilers,TEN,1997,15,1997-12-14,False,BAL,A,L,19,21,2.0,0,0,0,0,2.0
Tennessee Oilers,TEN,1997,16,1997-12-21,False,PIT,H,W,16,6,0.0,1,0,0,0,9
Washington Redskins,WAS,1997,1,1997-08-31,False,CAR,A,W,24,10,1.0,2,0,0,0,9.0
Washington Redskins,WAS,1997,2,1997-09-07,False,PIT,A,L,13,14,1.0,1,0,0,1,10.0
Washington Redskins,WAS,1997,3,1997-09-14,False,ARI,H,W,19,13,2.0,0,0,0,0,6.0
Washington Redskins,WAS,1997,4,1997-09-28,False,JAX,H,W,24,12,3.0,2,0,0,0,11.0
Washington Redskins,WAS,1997,5,1997-10-05,False,PHI,A,L,10,24,0,0,0,0,0,0
Washington Redskins,WAS,1997,6,1997-10-13,False,DAL,H,W,21,16,3.0,0,0,0,0,4.0
Washington Redskins,WAS,1997,7,1997-10-19,False,TEN,A,L,14,28,2.0,0,0,0,0,1.0
Washington Redskins,WAS,1997,8,1997-10-26,False,BAL,H,L,17,20,1.0,0,0,0,0,2.0
Washington Redskins,WAS,1997,9,1997-11-02,False,CHI,A,W,31,8,2.0,2,0,0,0,10.0
Washington Redskins,WAS,1997,10,1997-11-09,False,DET,H,W,30,7,0.0,3,0,0,0,10
Washington Redskins,WAS,1997,11,1997-11-16,False,DAL,A,L,14,17,1.0,0,0,0,0,2.0
Washington Redskins,WAS,1997,12,1997-11-23,False,NYG,H,T,7,7,6.0,1,0,0,0,12.0
Washington Redskins,WAS,1997,13,1997-11-30,False,STL,H,L,20,23,1.0,0,0,0,0,1.0
Washington Redskins,WAS,1997,14,1997-12-07,False,ARI,A,W,38,28,5.0,2,0,0,1,14.0
Washington Redskins,WAS,1997,15,1997-12-13,False,NYG,A,L,10,30,2.0,2,0,0,0,5.0
Washington Redskins,WAS,1997,16,1997-12-21,False,PHI,H,W,35,32,6.0,1,0,0,0,7.0
Arizona Cardinals,ARI,1998,1,1998-09-06,False,DAL,A,L,10,38,0.0,2,0,0,0,0
Arizona Cardinals,ARI,1998,2,1998-09-13,False,SEA,A,L,14,33,3.0,0,0,0,0,2.0
Arizona Cardinals,ARI,1998,3,1998-09-20,False,PHI,H,W,17,3,5.0,1,0,0,0,14.0
Arizona Cardinals,ARI,1998,4,1998-09-27,False,STL,A,W,20,17,4.0,0,0,0,0,5.0
Arizona Cardinals,ARI,1998,5,1998-10-04,False,OAK,H,L,20,23,3.0,1,0,0,0,5.0
Arizona Cardinals,ARI,1998,6,1998-10-11,False,CHI,H,W,20,7,2.0,4,0,0,0,14.0
Arizona Cardinals,ARI,1998,7,1998-10-18,False,NYG,A,L,7,34,1.0,0,0,0,0,0.0
Arizona Cardinals,ARI,1998,8,1998-11-01,False,DET,A,W,17,15,5.0,3,0,0,0,12.0
Arizona Cardinals,ARI,1998,9,1998-11-08,False,WAS,H,W,29,27,3.0,0,0,0,0,3.0
Arizona Cardinals,ARI,1998,10,1998-11-15,False,DAL,H,L,28,35,0,0,0,0,0,-4
Arizona Cardinals,ARI,1998,11,1998-11-22,False,WAS,A,W,45,42,5.0,1,0,0,0,3.0
Arizona Cardinals,ARI,1998,12,1998-11-29,False,KAN,A,L,24,34,2.0,1,0,0,0,3.0
Arizona Cardinals,ARI,1998,13,1998-12-06,False,NYG,H,L,19,23,0,2,0,0,0,4
Arizona Cardinals,ARI,1998,14,1998-12-13,False,PHI,A,W,20,17,0,1,0,0,0,3
Arizona Cardinals,ARI,1998,15,1998-12-20,False,NOR,H,W,19,17,4.0,0,0,0,0,5.0
Arizona Cardinals,ARI,1998,16,1998-12-27,False,SDG,H,W,16,13,2.0,4,0,0,0,14.0
Arizona Cardinals,ARI,1998,17,1999-01-02,True,DAL,A,W,20,7,4.0,3,0,0,0,14.0
Arizona Cardinals,ARI,1998,18,1999-01-10,True,MIN,A,L,21,41,1.0,1,0,0,0,-1.0
Atlanta Falcons,ATL,1998,1,1998-09-06,False,CAR,A,W,19,14,1.0,1,0,0,0,4.0
Atlanta Falcons,ATL,1998,2,1998-09-13,False,PHI,H,W,17,12,2.0,0,0,0,0,6.0
Atlanta Falcons,ATL,1998,3,1998-09-27,False,SFO,A,L,20,31,3.0,1,0,0,0,4.0
Atlanta Falcons,ATL,1998,4,1998-10-04,False,CAR,H,W,51,23,2.0,2,0,0,1,12.0
Atlanta Falcons,ATL,1998,5,1998-10-11,False,NYG,A,W,34,20,6.0,0,0,0,0,7.0
Atlanta Falcons,ATL,1998,6,1998-10-18,False,NOR,H,W,31,23,1.0,1,0,0,0,3.0
Atlanta Falcons,ATL,1998,7,1998-10-25,False,NYJ,A,L,3,28,2.0,0,0,0,0,1.0
Atlanta Falcons,ATL,1998,8,1998-11-01,False,STL,H,W,37,15,2.0,0,0,0,0,3.0
Atlanta Falcons,ATL,1998,9,1998-11-08,False,NWE,A,W,41,10,6.0,2,0,0,0,14.0
Atlanta Falcons,ATL,1998,10,1998-11-15,False,SFO,H,W,31,19,4.0,1,0,0,0,7.0
Atlanta Falcons,ATL,1998,11,1998-11-22,False,CHI,H,W,20,13,1.0,2,0,0,0,9.0
Atlanta Falcons,ATL,1998,12,1998-11-29,False,STL,A,W,21,10,3.0,0,0,0,0,7.0
Atlanta Falcons,ATL,1998,13,1998-12-06,False,IND,H,W,28,21,0,2,0,0,0,4
Atlanta Falcons,ATL,1998,14,1998-12-13,False,NOR,A,W,27,17,1.0,3,0,0,0,8.0
Atlanta Falcons,ATL,1998,15,1998-12-20,False,DET,A,W,24,17,1.0,2,0,0,0,6.0
Atlanta Falcons,ATL,1998,16,1998-12-27,False,MIA,H,W,38,16,3.0,2,0,0,0,8.0
Atlanta Falcons,ATL,1998,17,1999-01-09,True,SFO,H,W,20,18,1.0,3,0,0,0,8.0
Atlanta Falcons,ATL,1998,18,1999-01-17,True,MIN,A,W,30,27,3.0,0,0,0,0,3.0
Atlanta Falcons,ATL,1998,19,1999-01-31,True,DEN,N,L,19,34,0.0,1,0,0,1,7
Baltimore Ravens,BAL,1998,1,1998-09-06,False,PIT,H,L,13,20,2.0,2,0,0,0,7.0
Baltimore Ravens,BAL,1998,2,1998-09-13,False,NYJ,A,W,24,10,3.0,3,0,0,1,19.0
Baltimore Ravens,BAL,1998,3,1998-09-20,False,JAX,A,L,10,24,3.0,0,0,0,0,3.0
Baltimore Ravens,BAL,1998,4,1998-09-27,False,CIN,H,W,31,24,5.0,0,0,0,1,11.0
Baltimore Ravens,BAL,1998,5,1998-10-11,False,TEN,H,L,8,12,4.0,1,0,0,0,10.0
Baltimore Ravens,BAL,1998,6,1998-10-18,False,PIT,A,L,6,16,5.0,1,0,0,0,8.0
Baltimore Ravens,BAL,1998,7,1998-10-25,False,GNB,A,L,10,28,1.0,2,0,0,0,4.0
Baltimore Ravens,BAL,1998,8,1998-11-01,False,JAX,H,L,19,45,2.0,1,0,0,0,0.0
Baltimore Ravens,BAL,1998,9,1998-11-08,False,OAK,H,W,13,10,5.0,2,0,0,0,13.0
Baltimore Ravens,BAL,1998,10,1998-11-15,False,SDG,A,L,13,14,2.0,0,0,0,0,3.0
Baltimore Ravens,BAL,1998,11,1998-11-22,False,CIN,A,W,20,13,2.0,2,0,0,0,10.0
Baltimore Ravens,BAL,1998,12,1998-11-29,False,IND,H,W,38,31,2.0,1,0,0,0,3.0
Baltimore Ravens,BAL,1998,13,1998-12-06,False,TEN,A,L,14,16,0,1,0,0,0,3
Baltimore Ravens,BAL,1998,14,1998-12-13,False,MIN,H,L,28,38,2.0,1,0,0,2,12.0
Baltimore Ravens,BAL,1998,15,1998-12-20,False,CHI,A,L,3,24,0.0,0,0,0,0,0
Baltimore Ravens,BAL,1998,16,1998-12-27,False,DET,H,W,19,10,1.0,0,0,0,0,5.0
Buffalo Bills,BUF,1998,1,1998-09-06,False,SDG,A,L,14,16,2.0,2,0,0,0,7.0
Buffalo Bills,BUF,1998,2,1998-09-13,False,MIA,A,L,7,13,1.5,0,0,0,0,5.5
Buffalo Bills,BUF,1998,3,1998-09-20,False,STL,H,L,33,34,2.0,0,0,0,0,1.0
Buffalo Bills,BUF,1998,4,1998-10-04,False,SFO,H,W,26,21,5.0,1,0,0,0,7.0
Buffalo Bills,BUF,1998,5,1998-10-11,False,IND,A,W,31,24,0,1,0,0,0,2
Buffalo Bills,BUF,1998,6,1998-10-18,False,JAX,H,W,17,16,3.0,0,0,0,0,4.0
Buffalo Bills,BUF,1998,7,1998-10-25,False,CAR,A,W,30,14,2.0,2,0,0,0,7.0
Buffalo Bills,BUF,1998,8,1998-11-01,False,MIA,H,W,30,24,2.0,0,0,0,0,2.0
Buffalo Bills,BUF,1998,9,1998-11-08,False,NYJ,A,L,12,34,1.0,1,0,0,0,2.0
Buffalo Bills,BUF,1998,10,1998-11-15,False,NWE,H,W,13,10,3.0,0,0,0,0,7.0
Buffalo Bills,BUF,1998,11,1998-11-22,False,IND,H,W,34,11,0,1,0,0,0,6
Buffalo Bills,BUF,1998,12,1998-11-29,False,NWE,A,L,21,25,3.0,1,0,0,0,5.0
Buffalo Bills,BUF,1998,13,1998-12-06,False,CIN,A,W,33,20,5.0,1,0,0,0,8.0
Buffalo Bills,BUF,1998,14,1998-12-13,False,OAK,H,W,44,21,5.0,1,0,0,0,7.0
Buffalo Bills,BUF,1998,15,1998-12-19,False,NYJ,H,L,10,17,0,0,0,0,0,1
Buffalo Bills,BUF,1998,16,1998-12-27,False,NOR,A,W,45,33,4.0,1,0,0,0,5.0
Buffalo Bills,BUF,1998,17,1999-01-02,True,MIA,A,L,17,24,1.0,1,0,0,0,3.0
Carolina Panthers,CAR,1998,1,1998-09-06,False,ATL,H,L,14,19,6.0,1,0,0,0,9.0
Carolina Panthers,CAR,1998,2,1998-09-13,False,NOR,A,L,14,19,6.0,0,0,0,0,7.0
Carolina Panthers,CAR,1998,3,1998-09-27,False,GNB,H,L,30,37,2.0,3,0,0,0,4.0
Carolina Panthers,CAR,1998,4,1998-10-04,False,ATL,A,L,23,51,2.0,2,0,0,0,2.0
Carolina Panthers,CAR,1998,5,1998-10-11,False,DAL,A,L,20,27,2.0,0,0,0,0,2.0
Carolina Panthers,CAR,1998,6,1998-10-18,False,TAM,A,L,13,16,1.0,1,0,0,0,4.0
Carolina Panthers,CAR,1998,7,1998-10-25,False,BUF,H,L,14,30,0.0,1,0,0,0,1
Carolina Panthers,CAR,1998,8,1998-11-01,False,NOR,H,W,31,17,3.0,2,0,0,0,8.0
Carolina Panthers,CAR,1998,9,1998-11-08,False,SFO,A,L,23,25,3.0,3,0,0,0,9.0
Carolina Panthers,CAR,1998,10,1998-11-15,False,MIA,H,L,9,13,1.0,1,0,0,0,7.0
Carolina Panthers,CAR,1998,11,1998-11-22,False,STL,A,W,24,20,2.0,0,0,0,0,3.0
Carolina Panthers,CAR,1998,12,1998-11-29,False,NYJ,A,L,21,48,0,0,0,0,0,-4
Carolina Panthers,CAR,1998,13,1998-12-06,False,SFO,H,L,28,31,1.0,1,0,0,0,2.0
Carolina Panthers,CAR,1998,14,1998-12-13,False,WAS,H,L,25,28,1.0,0,0,0,0,0.0
Carolina Panthers,CAR,1998,15,1998-12-20,False,STL,H,W,20,13,2.0,2,0,0,0,10.0
Carolina Panthers,CAR,1998,16,1998-12-27,False,IND,A,W,27,19,5.0,2,0,0,1,16.0
Chicago Bears,CHI,1998,1,1998-09-06,False,JAX,H,L,23,24,1.0,2,0,0,1,11.0
Chicago Bears,CHI,1998,2,1998-09-13,False,PIT,A,L,12,17,3.0,1,0,0,0,6.0
Chicago Bears,CHI,1998,3,1998-09-20,False,TAM,A,L,15,27,1.0,0,0,0,1,7.0
Chicago Bears,CHI,1998,4,1998-09-27,False,MIN,H,L,28,31,3.0,0,0,0,0,2.0
Chicago Bears,CHI,1998,5,1998-10-04,False,DET,H,W,31,27,4.0,0,0,0,0,4.0
Chicago Bears,CHI,1998,6,1998-10-11,False,ARI,A,L,7,20,1.0,2,0,0,0,6.0
Chicago Bears,CHI,1998,7,1998-10-18,False,DAL,H,W,13,12,1.0,1,0,0,0,7.0
Chicago Bears,CHI,1998,8,1998-10-25,False,TEN,A,W,23,20,4.0,1,0,0,0,7.0
Chicago Bears,CHI,1998,9,1998-11-08,False,STL,H,L,12,20,0,0,0,0,0,1
Chicago Bears,CHI,1998,10,1998-11-15,False,DET,A,L,3,26,1.0,0,0,0,0,1.0
Chicago Bears,CHI,1998,11,1998-11-22,False,ATL,A,L,13,20,4.0,0,0,0,0,5.0
Chicago Bears,CHI,1998,12,1998-11-29,False,TAM,H,L,17,31,0,1,0,0,0,1
Chicago Bears,CHI,1998,13,1998-12-06,False,MIN,A,L,22,48,0,1,0,0,0,-2
Chicago Bears,CHI,1998,14,1998-12-13,False,GNB,A,L,20,26,3.0,2,0,0,1,13.0
Chicago Bears,CHI,1998,15,1998-12-20,False,BAL,H,W,24,3,2.0,1,0,0,0,11.0
Chicago Bears,CHI,1998,16,1998-12-27,False,GNB,H,L,13,16,0.0,2,0,0,0,5
Cincinnati Bengals,CIN,1998,1,1998-09-06,False,TEN,H,L,14,23,0,0,0,0,0,0
Cincinnati Bengals,CIN,1998,2,1998-09-13,False,DET,A,W,34,28,2.0,2,0,0,1,11.0
Cincinnati Bengals,CIN,1998,3,1998-09-20,False,GNB,H,L,6,13,3.0,1,0,0,0,9.0
Cincinnati Bengals,CIN,1998,4,1998-09-27,False,BAL,A,L,24,31,3.0,0,0,0,1,8.0
Cincinnati Bengals,CIN,1998,5,1998-10-11,False,PIT,H,W,25,20,3.0,0,0,0,0,4.0
Cincinnati Bengals,CIN,1998,6,1998-10-18,False,TEN,A,L,14,44,1.0,0,0,0,0,-3.0
Cincinnati Bengals,CIN,1998,7,1998-10-25,False,OAK,A,L,10,27,2.0,0,0,0,0,2.0
Cincinnati Bengals,CIN,1998,8,1998-11-01,False,DEN,H,L,26,33,2.0,1,0,0,0,3.0
Cincinnati Bengals,CIN,1998,9,1998-11-08,False,JAX,A,L,11,24,2.0,0,0,0,0,2.0
Cincinnati Bengals,CIN,1998,10,1998-11-15,False,MIN,A,L,3,24,2.0,3,0,0,0,8.0
Cincinnati Bengals,CIN,1998,11,1998-11-22,False,BAL,H,L,13,20,1.0,1,0,0,0,4.0
Cincinnati Bengals,CIN,1998,12,1998-11-29,False,JAX,H,L,17,34,1.0,0,0,0,0,0.0
Cincinnati Bengals,CIN,1998,13,1998-12-06,False,BUF,H,L,20,33,2.0,3,0,0,0,7.0
Cincinnati Bengals,CIN,1998,14,1998-12-13,False,IND,A,L,26,39,0,0,0,0,0,-4
Cincinnati Bengals,CIN,1998,15,1998-12-20,False,PIT,A,W,25,24,2.0,1,0,0,0,4.0
Cincinnati Bengals,CIN,1998,16,1998-12-27,False,TAM,H,L,0,35,2.0,1,0,0,0,0.0
Dallas Cowboys,DAL,1998,1,1998-09-06,False,ARI,H,W,38,10,2.0,0,0,0,0,6.0
Dallas Cowboys,DAL,1998,2,1998-09-13,False,DEN,A,L,23,42,0.0,0,0,0,0,-4
Dallas Cowboys,DAL,1998,3,1998-09-21,False,NYG,A,W,31,7,4.0,3,0,0,1,20.0
Dallas Cowboys,DAL,1998,4,1998-09-27,False,OAK,H,L,12,13,2.0,0,0,0,0,6.0
Dallas Cowboys,DAL,1998,5,1998-10-04,False,WAS,A,W,31,10,4.0,1,0,0,0,10.0
Dallas Cowboys,DAL,1998,6,1998-10-11,False,CAR,H,W,27,20,4.0,1,0,0,0,7.0
Dallas Cowboys,DAL,1998,7,1998-10-18,False,CHI,A,L,12,13,3.0,1,0,0,0,9.0
Dallas Cowboys,DAL,1998,8,1998-11-02,False,PHI,A,W,34,0,3.0,2,0,0,1,23.0
Dallas Cowboys,DAL,1998,9,1998-11-08,False,NYG,H,W,16,6,3.0,0,0,0,0,10.0
Dallas Cowboys,DAL,1998,10,1998-11-15,False,ARI,A,W,35,28,3.0,1,0,0,0,4.0
Dallas Cowboys,DAL,1998,11,1998-11-22,False,SEA,H,W,30,22,2.0,1,0,0,0,4.0
Dallas Cowboys,DAL,1998,12,1998-11-26,False,MIN,H,L,36,46,1.0,1,0,0,0,-1.0
Dallas Cowboys,DAL,1998,13,1998-12-06,False,NOR,A,L,3,22,2.0,1,0,0,0,4.0
Dallas Cowboys,DAL,1998,14,1998-12-13,False,KAN,A,L,17,20,0,0,0,0,0,1
Dallas Cowboys,DAL,1998,15,1998-12-20,False,PHI,H,W,13,9,0,1,0,0,0,6
Dallas Cowboys,DAL,1998,16,1998-12-27,False,WAS,H,W,23,7,1.0,1,0,0,0,7.0
Dallas Cowboys,DAL,1998,17,1999-01-02,True,ARI,H,L,7,20,0,2,0,0,0,5
Denver Broncos,DEN,1998,1,1998-09-07,False,NWE,H,W,27,21,3.0,0,0,0,0,3.0
Denver Broncos,DEN,1998,2,1998-09-13,False,DAL,H,W,42,23,1.0,0,0,0,0,1.0
Denver Broncos,DEN,1998,3,1998-09-20,False,OAK,A,W,34,17,4.0,3,0,0,0,11.0
Denver Broncos,DEN,1998,4,1998-09-27,False,WAS,A,W,38,16,3.0,2,0,0,0,8.0
Denver Broncos,DEN,1998,5,1998-10-04,False,PHI,H,W,41,16,6.0,1,0,0,0,9.0
Denver Broncos,DEN,1998,6,1998-10-11,False,SEA,A,W,21,16,3.0,1,0,0,0,6.0
Denver Broncos,DEN,1998,7,1998-10-25,False,JAX,H,W,37,24,7.0,0,0,0,0,7.0
Denver Broncos,DEN,1998,8,1998-11-01,False,CIN,A,W,33,26,2.0,0,0,0,0,2.0
Denver Broncos,DEN,1998,9,1998-11-08,False,SDG,H,W,27,10,1.0,1,0,0,0,7.0
Denver Broncos,DEN,1998,10,1998-11-16,False,KAN,A,W,30,7,4.0,1,0,0,0,10.0
Denver Broncos,DEN,1998,11,1998-11-22,False,OAK,H,W,40,14,4.0,3,0,0,0,11.0
Denver Broncos,DEN,1998,12,1998-11-29,False,SDG,A,W,31,16,1.0,5,0,0,0,12.0
Denver Broncos,DEN,1998,13,1998-12-06,False,KAN,H,W,35,31,4.0,0,0,0,0,3.0
Denver Broncos,DEN,1998,14,1998-12-13,False,NYG,A,L,16,20,1.0,0,0,0,0,2.0
Denver Broncos,DEN,1998,15,1998-12-21,False,MIA,A,L,21,31,0,1,0,0,1,7
Denver Broncos,DEN,1998,16,1998-12-27,False,SEA,H,W,28,21,3.0,1,0,0,0,5.0
Denver Broncos,DEN,1998,17,1999-01-09,True,MIA,H,W,38,3,1.0,2,0,0,0,12.0
Denver Broncos,DEN,1998,18,1999-01-17,True,NYJ,H,W,23,10,0.0,2,0,0,0,8
Denver Broncos,DEN,1998,19,1999-01-31,True,ATL,N,W,34,19,2.0,3,0,0,0,9.0
Detroit Lions,DET,1998,1,1998-09-06,False,GNB,A,L,19,38,2.0,0,0,0,1,4.0
Detroit Lions,DET,1998,2,1998-09-13,False,CIN,H,L,28,34,3.0,0,0,0,0,2.0
Detroit Lions,DET,1998,3,1998-09-20,False,MIN,A,L,6,29,2.0,0,0,0,0,1.0
Detroit Lions,DET,1998,4,1998-09-28,False,TAM,H,W,27,6,4.0,2,0,0,1,21.0
Detroit Lions,DET,1998,5,1998-10-04,False,CHI,A,L,27,31,2.0,0,0,0,0,1.0
Detroit Lions,DET,1998,6,1998-10-15,False,GNB,H,W,27,20,2.0,3,0,0,0,9.0
Detroit Lions,DET,1998,7,1998-10-25,False,MIN,H,L,13,34,4.0,2,0,0,0,7.0
Detroit Lions,DET,1998,8,1998-11-01,False,ARI,H,L,15,17,3.0,1,0,0,0,6.0
Detroit Lions,DET,1998,9,1998-11-08,False,PHI,A,L,9,10,4.0,0,0,0,0,8.0
Detroit Lions,DET,1998,10,1998-11-15,False,CHI,H,W,26,3,5.0,0,0,0,0,12.0
Detroit Lions,DET,1998,11,1998-11-22,False,TAM,A,W,28,25,0.0,2,0,0,0,4
Detroit Lions,DET,1998,12,1998-11-26,False,PIT,H,W,19,16,5.0,1,0,0,0,8.0
Detroit Lions,DET,1998,13,1998-12-06,False,JAX,A,L,22,37,1.0,0,0,0,0,-3.0
Detroit Lions,DET,1998,14,1998-12-14,False,SFO,A,L,13,35,1.0,1,0,0,0,-1.0
Detroit Lions,DET,1998,15,1998-12-20,False,ATL,H,L,17,24,4.0,0,0,0,0,4.0
Detroit Lions,DET,1998,16,1998-12-27,False,BAL,A,L,10,19,0,0,0,0,0,1
Green Bay Packers,GNB,1998,1,1998-09-06,False,DET,H,W,38,19,2.0,1,0,0,1,11.0
Green Bay Packers,GNB,1998,2,1998-09-13,False,TAM,H,W,23,15,6.0,1,0,0,0,9.0
Green Bay Packers,GNB,1998,3,1998-09-20,False,CIN,A,W,13,6,3.0,0,0,0,0,10.0
Green Bay Packers,GNB,1998,4,1998-09-27,False,CAR,A,W,37,30,4.0,1,0,0,0,5.0
Green Bay Packers,GNB,1998,5,1998-10-05,False,MIN,H,L,24,37,0,0,0,0,1,2
Green Bay Packers,GNB,1998,6,1998-10-15,False,DET,A,L,20,27,3.0,0,0,0,0,3.0
Green Bay Packers,GNB,1998,7,1998-10-25,False,BAL,H,W,28,10,4.0,2,0,0,1,18.0
Green Bay Packers,GNB,1998,8,1998-11-01,False,SFO,H,W,36,22,9.0,1,0,0,0,11.0
Green Bay Packers,GNB,1998,9,1998-11-09,False,PIT,A,L,20,27,2.0,0,0,0,0,2.0
Green Bay Packers,GNB,1998,10,1998-11-15,False,NYG,A,W,37,3,5.0,2,0,0,0,16.0
Green Bay Packers,GNB,1998,11,1998-11-22,False,MIN,A,L,14,28,2.0,1,0,0,0,3.0
Green Bay Packers,GNB,1998,12,1998-11-29,False,PHI,H,W,24,16,2.0,0,0,0,0,3.0
Green Bay Packers,GNB,1998,13,1998-12-07,False,TAM,A,L,22,24,1.0,1,0,0,0,3.0
Green Bay Packers,GNB,1998,14,1998-12-13,False,CHI,H,W,26,20,4.0,0,0,0,0,5.0
Green Bay Packers,GNB,1998,15,1998-12-20,False,TEN,H,W,30,22,1.0,1,0,0,0,3.0
Green Bay Packers,GNB,1998,16,1998-12-27,False,CHI,A,W,16,13,2.0,2,0,0,0,10.0
Green Bay Packers,GNB,1998,17,1999-01-03,True,SFO,A,L,27,30,1.5,2,0,0,0,4.5
Indianapolis Colts,IND,1998,1,1998-09-06,False,MIA,H,L,15,24,0,0,0,0,0,0
Indianapolis Colts,IND,1998,2,1998-09-13,False,NWE,A,L,6,29,0,0,0,0,0,-1
Indianapolis Colts,IND,1998,3,1998-09-20,False,NYJ,A,L,6,44,0,1,0,0,0,-2
Indianapolis Colts,IND,1998,4,1998-09-27,False,NOR,H,L,13,19,4.0,1,0,0,0,7.0
Indianapolis Colts,IND,1998,5,1998-10-04,False,SDG,H,W,17,12,4.0,1,0,0,0,10.0
Indianapolis Colts,IND,1998,6,1998-10-11,False,BUF,H,L,24,31,1.0,0,0,0,0,0.0
Indianapolis Colts,IND,1998,7,1998-10-18,False,SFO,A,L,31,34,5.0,0,0,0,0,4.0
Indianapolis Colts,IND,1998,8,1998-11-01,False,NWE,H,L,16,21,1.0,1,0,0,0,3.0
Indianapolis Colts,IND,1998,9,1998-11-08,False,MIA,A,L,14,27,0.0,1,0,0,0,2
Indianapolis Colts,IND,1998,10,1998-11-15,False,NYJ,H,W,24,23,4.0,1,0,0,0,6.0
Indianapolis Colts,IND,1998,11,1998-11-22,False,BUF,A,L,11,34,2.0,0,0,0,0,1.0
Indianapolis Colts,IND,1998,12,1998-11-29,False,BAL,A,L,31,38,0,0,0,0,0,-4
Indianapolis Colts,IND,1998,13,1998-12-06,False,ATL,A,L,21,28,5.0,1,0,0,0,6.0
Indianapolis Colts,IND,1998,14,1998-12-13,False,CIN,H,W,39,26,3.0,0,0,0,0,3.0
Indianapolis Colts,IND,1998,15,1998-12-20,False,SEA,A,L,23,27,4.0,0,0,0,0,4.0
Indianapolis Colts,IND,1998,16,1998-12-27,False,CAR,H,L,19,27,5.0,1,0,0,0,7.0
Jacksonville Jaguars,JAX,1998,1,1998-09-06,False,CHI,A,W,24,23,0,0,0,0,0,0
Jacksonville Jaguars,JAX,1998,2,1998-09-13,False,KAN,H,W,21,16,2.0,0,0,0,1,9.0
Jacksonville Jaguars,JAX,1998,3,1998-09-20,False,BAL,H,W,24,10,2.0,1,0,0,0,8.0
Jacksonville Jaguars,JAX,1998,4,1998-09-27,False,TEN,A,W,27,22,4.0,2,0,0,0,8.0
Jacksonville Jaguars,JAX,1998,5,1998-10-12,False,MIA,H,W,28,21,2.0,1,0,0,0,4.0
Jacksonville Jaguars,JAX,1998,6,1998-10-18,False,BUF,A,L,16,17,1.0,0,0,0,0,2.0
Jacksonville Jaguars,JAX,1998,7,1998-10-25,False,DEN,A,L,24,37,0,0,0,0,0,-4
Jacksonville Jaguars,JAX,1998,8,1998-11-01,False,BAL,A,W,45,19,2.0,1,0,0,0,5.0
Jacksonville Jaguars,JAX,1998,9,1998-11-08,False,CIN,H,W,24,11,4.0,1,0,0,0,10.0
Jacksonville Jaguars,JAX,1998,10,1998-11-15,False,TAM,H,W,29,24,2.0,2,0,0,0,6.0
Jacksonville Jaguars,JAX,1998,11,1998-11-22,False,PIT,A,L,15,30,0,0,0,0,0,-1
Jacksonville Jaguars,JAX,1998,12,1998-11-29,False,CIN,A,W,34,17,1.0,2,0,0,0,6.0
Jacksonville Jaguars,JAX,1998,13,1998-12-06,False,DET,H,W,37,22,5.0,0,0,0,0,5.0
Jacksonville Jaguars,JAX,1998,14,1998-12-13,False,TEN,H,L,13,16,2.0,1,0,0,0,5.0
Jacksonville Jaguars,JAX,1998,15,1998-12-20,False,MIN,A,L,10,50,1.0,0,0,0,0,-3.0
Jacksonville Jaguars,JAX,1998,16,1998-12-28,False,PIT,H,W,21,3,2.0,2,0,0,0,13.0
Jacksonville Jaguars,JAX,1998,17,1999-01-03,True,NWE,H,W,25,10,2.0,1,0,0,0,8.0
Jacksonville Jaguars,JAX,1998,18,1999-01-10,True,NYJ,A,L,24,34,1.0,0,0,0,0,0.0
Kansas City Chiefs,KAN,1998,1,1998-09-06,False,OAK,H,W,28,8,10.0,0,0,0,0,14.0
Kansas City Chiefs,KAN,1998,2,1998-09-13,False,JAX,A,L,16,21,2.0,0,0,0,0,2.0
Kansas City Chiefs,KAN,1998,3,1998-09-20,False,SDG,H,W,23,7,2.0,2,0,0,0,10.0
Kansas City Chiefs,KAN,1998,4,1998-09-27,False,PHI,A,W,24,21,3.0,1,0,0,0,5.0
Kansas City Chiefs,KAN,1998,5,1998-10-04,False,SEA,H,W,17,6,0.0,2,0,0,0,11
Kansas City Chiefs,KAN,1998,6,1998-10-11,False,NWE,A,L,10,40,0,0,0,0,0,-4
Kansas City Chiefs,KAN,1998,7,1998-10-26,False,PIT,H,L,13,20,1.0,0,0,0,0,2.0
Kansas City Chiefs,KAN,1998,8,1998-11-01,False,NYJ,H,L,17,20,1.0,1,0,0,0,4.0
Kansas City Chiefs,KAN,1998,9,1998-11-08,False,SEA,A,L,12,24,2.0,2,0,0,0,6.0
Kansas City Chiefs,KAN,1998,10,1998-11-16,False,DEN,H,L,7,30,1.0,0,0,0,0,0.0
Kansas City Chiefs,KAN,1998,11,1998-11-22,False,SDG,A,L,37,38,1.0,1,0,0,0,-1.0
Kansas City Chiefs,KAN,1998,12,1998-11-29,False,ARI,H,W,34,24,5.0,2,0,0,0,9.0
Kansas City Chiefs,KAN,1998,13,1998-12-06,False,DEN,A,L,31,35,2.0,1,0,0,0,0.0
Kansas City Chiefs,KAN,1998,14,1998-12-13,False,DAL,H,W,20,17,1.0,1,0,0,0,4.0
Kansas City Chiefs,KAN,1998,15,1998-12-20,False,NYG,A,L,7,28,2.0,0,0,0,0,1.0
Kansas City Chiefs,KAN,1998,16,1998-12-26,False,OAK,A,W,31,24,5.0,0,0,0,0,5.0
Miami Dolphins,MIA,1998,1,1998-09-06,False,IND,A,W,24,15,4.0,3,0,0,0,11.0
Miami Dolphins,MIA,1998,2,1998-09-13,False,BUF,H,W,13,7,8.0,1,0,0,0,14.0
Miami Dolphins,MIA,1998,3,1998-09-20,False,PIT,H,W,21,0,1.0,3,0,0,0,17.0
Miami Dolphins,MIA,1998,4,1998-10-04,False,NYJ,A,L,9,20,2.0,0,0,0,0,3.0
Miami Dolphins,MIA,1998,5,1998-10-12,False,JAX,A,L,21,28,2.0,1,0,0,0,3.0
Miami Dolphins,MIA,1998,6,1998-10-18,False,STL,H,W,14,0,4.0,1,0,0,0,16.0
Miami Dolphins,MIA,1998,7,1998-10-25,False,NWE,H,W,12,9,2.0,1,0,0,0,8.0
Miami Dolphins,MIA,1998,8,1998-11-01,False,BUF,A,L,24,30,1.0,1,0,0,0,2.0
Miami Dolphins,MIA,1998,9,1998-11-08,False,IND,H,W,27,14,0.0,2,0,0,0,5
Miami Dolphins,MIA,1998,10,1998-11-15,False,CAR,A,W,13,9,4.0,2,0,0,0,12.0
Miami Dolphins,MIA,1998,11,1998-11-23,False,NWE,A,L,23,26,1.0,2,0,0,0,5.0
Miami Dolphins,MIA,1998,12,1998-11-29,False,NOR,H,W,30,10,5.0,3,0,0,0,15.0
Miami Dolphins,MIA,1998,13,1998-12-06,False,OAK,A,W,27,17,8.0,6,0,0,0,21.0
Miami Dolphins,MIA,1998,14,1998-12-13,False,NYJ,H,L,16,21,0,1,0,0,0,2
Miami Dolphins,MIA,1998,15,1998-12-21,False,DEN,H,W,31,21,2.0,2,0,0,0,6.0
Miami Dolphins,MIA,1998,16,1998-12-27,False,ATL,A,L,16,38,0,0,0,0,0,-4
Miami Dolphins,MIA,1998,17,1999-01-02,True,BUF,H,W,24,17,3.0,1,0,0,0,6.0
Miami Dolphins,MIA,1998,18,1999-01-09,True,DEN,A,L,3,38,1.0,0,0,0,0,-3.0
Minnesota Vikings,MIN,1998,1,1998-09-06,False,TAM,H,W,31,7,1.0,1,0,0,0,7.0
Minnesota Vikings,MIN,1998,2,1998-09-13,False,STL,A,W,38,31,1.0,4,0,0,0,8.0
Minnesota Vikings,MIN,1998,3,1998-09-20,False,DET,H,W,29,6,5.0,2,0,0,0,16.0
Minnesota Vikings,MIN,1998,4,1998-09-27,False,CHI,A,W,31,28,1.0,1,0,0,0,2.0
Minnesota Vikings,MIN,1998,5,1998-10-05,False,GNB,A,W,37,24,2.0,3,0,0,0,8.0
Minnesota Vikings,MIN,1998,6,1998-10-18,False,WAS,H,W,41,7,5.0,1,0,0,0,11.0
Minnesota Vikings,MIN,1998,7,1998-10-25,False,DET,A,W,34,13,4.0,1,0,0,0,10.0
Minnesota Vikings,MIN,1998,8,1998-11-01,False,TAM,A,L,24,27,0,0,0,0,0,0
Minnesota Vikings,MIN,1998,9,1998-11-08,False,NOR,H,W,31,24,3.0,0,0,0,0,3.0
Minnesota Vikings,MIN,1998,10,1998-11-15,False,CIN,H,W,24,3,4.0,1,0,0,0,13.0
Minnesota Vikings,MIN,1998,11,1998-11-22,False,GNB,H,W,28,14,2.0,1,0,0,0,5.0
Minnesota Vikings,MIN,1998,12,1998-11-26,False,DAL,A,W,46,36,0,0,0,0,0,-4
Minnesota Vikings,MIN,1998,13,1998-12-06,False,CHI,H,W,48,22,3.0,1,0,0,0,5.0
Minnesota Vikings,MIN,1998,14,1998-12-13,False,BAL,A,W,38,28,0.0,1,0,0,1,7
Minnesota Vikings,MIN,1998,15,1998-12-20,False,JAX,H,W,50,10,4.0,2,0,0,0,12.0
Minnesota Vikings,MIN,1998,16,1998-12-26,False,TEN,A,W,26,16,2.0,0,0,0,0,3.0
Minnesota Vikings,MIN,1998,17,1999-01-10,True,ARI,H,W,41,21,0.0,2,0,0,0,4
Minnesota Vikings,MIN,1998,18,1999-01-17,True,ATL,H,L,27,30,3.0,0,0,0,0,2.0
New Orleans Saints,NOR,1998,1,1998-09-06,False,STL,A,W,24,17,6.0,1,0,0,0,9.0
New Orleans Saints,NOR,1998,2,1998-09-13,False,CAR,H,W,19,14,3.0,2,0,0,0,8.0
New Orleans Saints,NOR,1998,3,1998-09-27,False,IND,A,W,19,13,4.0,3,0,0,0,14.0
New Orleans Saints,NOR,1998,4,1998-10-04,False,NWE,H,L,27,30,3.0,3,0,0,0,8.0
New Orleans Saints,NOR,1998,5,1998-10-11,False,SFO,H,L,0,31,1.0,0,0,0,0,0.0
New Orleans Saints,NOR,1998,6,1998-10-18,False,ATL,A,L,23,31,5.0,0,0,0,0,4.0
New Orleans Saints,NOR,1998,7,1998-10-25,False,TAM,H,W,9,3,1.0,2,0,0,0,12.0
New Orleans Saints,NOR,1998,8,1998-11-01,False,CAR,A,L,17,31,3.0,1,0,0,0,4.0
New Orleans Saints,NOR,1998,9,1998-11-08,False,MIN,A,L,24,31,2.0,2,0,0,1,11.0
New Orleans Saints,NOR,1998,10,1998-11-15,False,STL,H,W,24,3,7.0,2,0,0,0,18.0
New Orleans Saints,NOR,1998,11,1998-11-22,False,SFO,A,L,20,31,3.0,1,0,0,0,4.0
New Orleans Saints,NOR,1998,12,1998-11-29,False,MIA,A,L,10,30,0,1,0,0,0,1
New Orleans Saints,NOR,1998,13,1998-12-06,False,DAL,H,W,22,3,2.0,0,0,0,0,9.0
New Orleans Saints,NOR,1998,14,1998-12-13,False,ATL,H,L,17,27,3.0,2,0,0,0,7.0
New Orleans Saints,NOR,1998,15,1998-12-20,False,ARI,A,L,17,19,0,1,0,0,0,3
New Orleans Saints,NOR,1998,16,1998-12-27,False,BUF,H,L,33,45,4.0,0,0,0,0,0.0
New England Patriots,NWE,1998,1,1998-09-07,False,DEN,A,L,21,27,1.0,0,0,0,0,1.0
New England Patriots,NWE,1998,2,1998-09-13,False,IND,H,W,29,6,2.0,3,0,0,0,15.0
New England Patriots,NWE,1998,3,1998-09-20,False,TEN,H,W,27,16,2.0,2,0,0,0,7.0
New England Patriots,NWE,1998,4,1998-10-04,False,NOR,A,W,30,27,7.0,2,0,0,0,11.0
New England Patriots,NWE,1998,5,1998-10-11,False,KAN,H,W,40,10,4.0,1,0,0,0,10.0
New England Patriots,NWE,1998,6,1998-10-19,False,NYJ,H,L,14,24,4.0,0,0,0,0,4.0
New England Patriots,NWE,1998,7,1998-10-25,False,MIA,A,L,9,12,3.0,3,0,0,0,13.0
New England Patriots,NWE,1998,8,1998-11-01,False,IND,A,W,21,16,0.0,2,0,0,0,5
New England Patriots,NWE,1998,9,1998-11-08,False,ATL,H,L,10,41,1.0,2,0,0,0,1.0
New England Patriots,NWE,1998,10,1998-11-15,False,BUF,A,L,10,13,0.0,2,0,0,0,8
New England Patriots,NWE,1998,11,1998-11-23,False,MIA,H,W,26,23,0.0,1,0,0,0,2
New England Patriots,NWE,1998,12,1998-11-29,False,BUF,H,W,25,21,1.0,0,0,0,0,1.0
New England Patriots,NWE,1998,13,1998-12-06,False,PIT,A,W,23,9,3.0,2,0,0,0,11.0
New England Patriots,NWE,1998,14,1998-12-13,False,STL,A,L,18,32,3.0,1,0,0,0,4.0
New England Patriots,NWE,1998,15,1998-12-20,False,SFO,H,W,24,21,5.0,2,0,0,0,9.0
New England Patriots,NWE,1998,16,1998-12-27,False,NYJ,A,L,10,31,0.0,1,0,0,0,1
New England Patriots,NWE,1998,17,1999-01-03,True,JAX,A,L,10,25,2.0,0,0,0,0,2.0
New York Giants,NYG,1998,1,1998-09-06,False,WAS,H,W,31,24,8.0,2,0,0,0,12.0
New York Giants,NYG,1998,2,1998-09-13,False,OAK,A,L,17,20,5.0,0,0,0,0,6.0
New York Giants,NYG,1998,3,1998-09-21,False,DAL,H,L,7,31,0,0,0,0,0,-1
New York Giants,NYG,1998,4,1998-09-27,False,SDG,A,W,34,16,2.0,4,0,0,0,11.0
New York Giants,NYG,1998,5,1998-10-04,False,TAM,A,L,3,20,5.0,1,0,0,0,8.0
New York Giants,NYG,1998,6,1998-10-11,False,ATL,H,L,20,34,2.0,0,0,0,0,1.0
New York Giants,NYG,1998,7,1998-10-18,False,ARI,H,W,34,7,8.0,2,0,0,0,16.0
New York Giants,NYG,1998,8,1998-11-01,False,WAS,A,L,14,21,4.0,0,0,0,1,10.0
New York Giants,NYG,1998,9,1998-11-08,False,DAL,A,L,6,16,0,0,0,0,0,1
New York Giants,NYG,1998,10,1998-11-15,False,GNB,H,L,3,37,1.0,0,0,0,0,-3.0
New York Giants,NYG,1998,11,1998-11-22,False,PHI,H,W,20,0,6.0,2,0,0,0,20.0
New York Giants,NYG,1998,12,1998-11-30,False,SFO,A,L,7,31,3.0,0,0,0,0,2.0
New York Giants,NYG,1998,13,1998-12-06,False,ARI,A,W,23,19,2.0,2,0,0,0,7.0
New York Giants,NYG,1998,14,1998-12-13,False,DEN,H,W,20,16,3.0,1,0,0,0,6.0
New York Giants,NYG,1998,15,1998-12-20,False,KAN,H,W,28,7,3.0,4,0,0,0,15.0
New York Giants,NYG,1998,16,1998-12-27,False,PHI,A,W,20,10,2.0,1,0,0,0,8.0
New York Jets,NYJ,1998,1,1998-09-06,False,SFO,A,L,30,36,2.0,1,0,0,0,0.0
New York Jets,NYJ,1998,2,1998-09-13,False,BAL,H,L,10,24,0,0,0,0,0,0
New York Jets,NYJ,1998,3,1998-09-20,False,IND,H,W,44,6,1.0,2,0,0,0,12.0
New York Jets,NYJ,1998,4,1998-10-04,False,MIA,H,W,20,9,3.0,3,0,0,0,13.0
New York Jets,NYJ,1998,5,1998-10-11,False,STL,A,L,10,30,1.0,0,0,0,0,0.0
New York Jets,NYJ,1998,6,1998-10-19,False,NWE,A,W,24,14,4.0,1,0,0,0,7.0
New York Jets,NYJ,1998,7,1998-10-25,False,ATL,H,W,28,3,5.0,2,0,0,0,16.0
New York Jets,NYJ,1998,8,1998-11-01,False,KAN,A,W,20,17,1.0,3,0,0,0,8.0
New York Jets,NYJ,1998,9,1998-11-08,False,BUF,H,W,34,12,2.0,2,0,0,0,10.0
New York Jets,NYJ,1998,10,1998-11-15,False,IND,A,L,23,24,0,2,0,0,0,4
New York Jets,NYJ,1998,11,1998-11-22,False,TEN,A,W,24,3,3.0,0,0,0,0,10.0
New York Jets,NYJ,1998,12,1998-11-29,False,CAR,H,W,48,21,5.0,1,0,0,0,7.0
New York Jets,NYJ,1998,13,1998-12-06,False,SEA,H,W,32,31,1.0,2,0,0,0,4.0
New York Jets,NYJ,1998,14,1998-12-13,False,MIA,A,W,21,16,5.0,1,0,0,0,8.0
New York Jets,NYJ,1998,15,1998-12-19,False,BUF,A,W,17,10,1.0,1,0,0,0,7.0
New York Jets,NYJ,1998,16,1998-12-27,False,NWE,H,W,31,10,1.0,0,0,0,0,5.0
New York Jets,NYJ,1998,17,1999-01-10,True,JAX,H,W,34,24,0.0,3,0,0,0,6
New York Jets,NYJ,1998,18,1999-01-17,True,DEN,A,L,10,23,3.0,0,0,0,0,3.0
Oakland Raiders,OAK,1998,1,1998-09-06,False,KAN,A,L,8,28,2.0,0,0,0,0,1.0
Oakland Raiders,OAK,1998,2,1998-09-13,False,NYG,H,W,20,17,3.0,1,0,0,0,6.0
Oakland Raiders,OAK,1998,3,1998-09-20,False,DEN,H,L,17,34,2.0,1,0,0,0,3.0
Oakland Raiders,OAK,1998,4,1998-09-27,False,DAL,A,W,13,12,2.0,2,0,0,0,10.0
Oakland Raiders,OAK,1998,5,1998-10-04,False,ARI,A,W,23,20,3.0,3,0,0,0,10.0
Oakland Raiders,OAK,1998,6,1998-10-11,False,SDG,H,W,7,6,3.0,4,0,0,0,18.0
Oakland Raiders,OAK,1998,7,1998-10-25,False,CIN,H,W,27,10,6.0,1,0,0,0,12.0
Oakland Raiders,OAK,1998,8,1998-11-01,False,SEA,A,W,31,18,3.0,1,0,0,0,6.0
Oakland Raiders,OAK,1998,9,1998-11-08,False,BAL,A,L,10,13,4.0,1,0,0,0,10.0
Oakland Raiders,OAK,1998,10,1998-11-15,False,SEA,H,W,20,17,5.0,3,0,0,1,18.0
Oakland Raiders,OAK,1998,11,1998-11-22,False,DEN,A,L,14,40,1.0,0,0,0,0,-3.0
Oakland Raiders,OAK,1998,12,1998-11-29,False,WAS,H,L,19,29,3.0,0,0,0,0,2.0
Oakland Raiders,OAK,1998,13,1998-12-06,False,MIA,H,L,17,27,0,0,0,0,0,0
Oakland Raiders,OAK,1998,14,1998-12-13,False,BUF,A,L,21,44,1.0,0,0,0,1,3.0
Oakland Raiders,OAK,1998,15,1998-12-20,False,SDG,A,W,17,10,3.0,2,0,0,0,11.0
Oakland Raiders,OAK,1998,16,1998-12-26,False,KAN,H,L,24,31,0.0,2,0,0,0,3
Philadelphia Eagles,PHI,1998,1,1998-09-06,False,SEA,H,L,0,38,0.0,0,0,0,0,-4
Philadelphia Eagles,PHI,1998,2,1998-09-13,False,ATL,A,L,12,17,3.0,0,0,0,0,4.0
Philadelphia Eagles,PHI,1998,3,1998-09-20,False,ARI,A,L,3,17,3.0,0,0,0,0,4.0
Philadelphia Eagles,PHI,1998,4,1998-09-27,False,KAN,H,L,21,24,0.0,0,0,0,0,0
Philadelphia Eagles,PHI,1998,5,1998-10-04,False,DEN,A,L,16,41,2.0,2,0,0,0,2.0
Philadelphia Eagles,PHI,1998,6,1998-10-11,False,WAS,H,W,17,12,6.0,1,0,0,0,12.0
Philadelphia Eagles,PHI,1998,7,1998-10-18,False,SDG,A,L,10,13,6.0,0,0,0,0,10.0
Philadelphia Eagles,PHI,1998,8,1998-11-02,False,DAL,H,L,0,34,2.0,0,0,0,0,1.0
Philadelphia Eagles,PHI,1998,9,1998-11-08,False,DET,H,W,10,9,5.0,0,0,0,0,9.0
Philadelphia Eagles,PHI,1998,10,1998-11-15,False,WAS,A,L,3,28,4.0,0,0,0,0,3.0
Philadelphia Eagles,PHI,1998,11,1998-11-22,False,NYG,A,L,0,20,3.0,1,0,0,0,6.0
Philadelphia Eagles,PHI,1998,12,1998-11-29,False,GNB,A,L,16,24,0.0,2,0,0,0,4
Philadelphia Eagles,PHI,1998,13,1998-12-03,False,STL,H,W,17,14,1.0,1,0,0,0,4.0
Philadelphia Eagles,PHI,1998,14,1998-12-13,False,ARI,H,L,17,20,2.0,1,0,0,0,5.0
Philadelphia Eagles,PHI,1998,15,1998-12-20,False,DAL,A,L,9,13,3.0,1,0,0,0,9.0
Philadelphia Eagles,PHI,1998,16,1998-12-27,False,NYG,H,L,10,20,2.0,0,0,0,0,3.0
Pittsburgh Steelers,PIT,1998,1,1998-09-06,False,BAL,A,W,20,13,1.0,0,0,0,0,5.0
Pittsburgh Steelers,PIT,1998,2,1998-09-13,False,CHI,H,W,17,12,1.0,1,0,0,0,7.0
Pittsburgh Steelers,PIT,1998,3,1998-09-20,False,MIA,A,L,0,21,1.0,0,0,0,0,1.0
Pittsburgh Steelers,PIT,1998,4,1998-09-27,False,SEA,H,W,13,10,4.0,1,0,0,0,10.0
Pittsburgh Steelers,PIT,1998,5,1998-10-11,False,CIN,A,L,20,25,3.0,0,0,0,0,3.0
Pittsburgh Steelers,PIT,1998,6,1998-10-18,False,BAL,H,W,16,6,7.0,3,0,0,0,20.0
Pittsburgh Steelers,PIT,1998,7,1998-10-26,False,KAN,A,W,20,13,2.0,2,0,0,0,10.0
Pittsburgh Steelers,PIT,1998,8,1998-11-01,False,TEN,H,L,31,41,3.0,0,0,0,0,-1.0
Pittsburgh Steelers,PIT,1998,9,1998-11-09,False,GNB,H,W,27,20,3.0,1,0,0,0,6.0
Pittsburgh Steelers,PIT,1998,10,1998-11-15,False,TEN,A,L,14,23,1.0,1,0,0,0,3.0
Pittsburgh Steelers,PIT,1998,11,1998-11-22,False,JAX,H,W,30,15,1.0,3,0,0,0,8.0
Pittsburgh Steelers,PIT,1998,12,1998-11-26,False,DET,A,L,16,19,4.0,0,0,0,0,5.0
Pittsburgh Steelers,PIT,1998,13,1998-12-06,False,NWE,H,L,9,23,2.0,3,0,0,0,8.0
Pittsburgh Steelers,PIT,1998,14,1998-12-13,False,TAM,A,L,3,16,1.0,0,0,0,0,2.0
Pittsburgh Steelers,PIT,1998,15,1998-12-20,False,CIN,H,L,24,25,4.0,1,0,0,0,6.0
Pittsburgh Steelers,PIT,1998,16,1998-12-28,False,JAX,A,L,3,21,3.0,0,0,0,0,3.0
San Diego Chargers,SDG,1998,1,1998-09-06,False,BUF,H,W,16,14,5.0,2,0,0,0,10.0
San Diego Chargers,SDG,1998,2,1998-09-13,False,TEN,A,W,13,7,3.0,0,0,0,0,7.0
San Diego Chargers,SDG,1998,3,1998-09-20,False,KAN,A,L,7,23,1.0,0,0,0,0,1.0
San Diego Chargers,SDG,1998,4,1998-09-27,False,NYG,H,L,16,34,0,1,0,0,0,1
San Diego Chargers,SDG,1998,5,1998-10-04,False,IND,A,L,12,17,0.0,1,0,0,0,3
San Diego Chargers,SDG,1998,6,1998-10-11,False,OAK,A,L,6,7,5.0,1,0,0,0,11.0
San Diego Chargers,SDG,1998,7,1998-10-18,False,PHI,H,W,13,10,5.0,2,0,0,0,13.0
San Diego Chargers,SDG,1998,8,1998-10-25,False,SEA,H,L,20,27,0,0,0,0,0,0
San Diego Chargers,SDG,1998,9,1998-11-08,False,DEN,A,L,10,27,2.0,1,0,0,0,4.0
San Diego Chargers,SDG,1998,10,1998-11-15,False,BAL,H,W,14,13,6.0,2,0,0,0,14.0
San Diego Chargers,SDG,1998,11,1998-11-22,False,KAN,H,W,38,37,1.0,1,0,0,0,-1.0
San Diego Chargers,SDG,1998,12,1998-11-29,False,DEN,H,L,16,31,1.0,3,0,0,0,6.0
San Diego Chargers,SDG,1998,13,1998-12-06,False,WAS,A,L,20,24,2.0,1,0,0,0,4.0
San Diego Chargers,SDG,1998,14,1998-12-13,False,SEA,A,L,17,38,2.0,3,0,0,0,4.0
San Diego Chargers,SDG,1998,15,1998-12-20,False,OAK,H,L,10,17,0,2,0,0,0,5
San Diego Chargers,SDG,1998,16,1998-12-27,False,ARI,A,L,13,16,4.0,0,0,0,0,5.0
Seattle Seahawks,SEA,1998,1,1998-09-06,False,PHI,A,W,38,0,9.0,1,0,0,0,21.0
Seattle Seahawks,SEA,1998,2,1998-09-13,False,ARI,H,W,33,14,7.0,3,0,0,0,14.0
Seattle Seahawks,SEA,1998,3,1998-09-20,False,WAS,H,W,24,14,3.0,2,0,0,1,14.0
Seattle Seahawks,SEA,1998,4,1998-09-27,False,PIT,A,L,10,13,2.0,0,0,0,0,6.0
Seattle Seahawks,SEA,1998,5,1998-10-04,False,KAN,A,L,6,17,2.0,0,0,0,0,3.0
Seattle Seahawks,SEA,1998,6,1998-10-11,False,DEN,H,L,16,21,3.0,2,0,0,0,7.0
Seattle Seahawks,SEA,1998,7,1998-10-25,False,SDG,A,W,27,20,1.0,0,0,0,1,8.0
Seattle Seahawks,SEA,1998,8,1998-11-01,False,OAK,H,L,18,31,3.0,1,0,0,0,4.0
Seattle Seahawks,SEA,1998,9,1998-11-08,False,KAN,H,W,24,12,4.0,3,0,0,0,14.0
Seattle Seahawks,SEA,1998,10,1998-11-15,False,OAK,A,L,17,20,3.0,2,0,0,1,14.0
Seattle Seahawks,SEA,1998,11,1998-11-22,False,DAL,A,L,22,30,1.0,1,0,0,0,2.0
Seattle Seahawks,SEA,1998,12,1998-11-29,False,TEN,H,W,20,18,4.0,0,0,0,0,5.0
Seattle Seahawks,SEA,1998,13,1998-12-06,False,NYJ,A,L,31,32,0,1,0,0,0,1
Seattle Seahawks,SEA,1998,14,1998-12-13,False,SDG,H,W,38,17,4.0,7,0,0,0,19.0
Seattle Seahawks,SEA,1998,15,1998-12-20,False,IND,H,W,27,23,2.0,1,0,0,0,4.0
Seattle Seahawks,SEA,1998,16,1998-12-27,False,DEN,A,L,21,28,2.0,0,0,0,0,1.0
San Francisco 49ers,SFO,1998,1,1998-09-06,False,NYJ,H,W,36,30,1.0,1,0,0,0,2.0
San Francisco 49ers,SFO,1998,2,1998-09-14,False,WAS,A,W,45,10,4.0,1,0,0,0,10.0
San Francisco 49ers,SFO,1998,3,1998-09-27,False,ATL,H,W,31,20,7.0,3,0,0,0,14.0
San Francisco 49ers,SFO,1998,4,1998-10-04,False,BUF,A,L,21,26,3.0,0,0,0,0,3.0
San Francisco 49ers,SFO,1998,5,1998-10-11,False,NOR,A,W,31,0,7.0,1,0,0,0,19.0
San Francisco 49ers,SFO,1998,6,1998-10-18,False,IND,H,W,34,31,1.0,0,0,0,0,0.0
San Francisco 49ers,SFO,1998,7,1998-10-25,False,STL,A,W,28,10,8.0,3,0,0,0,18.0
San Francisco 49ers,SFO,1998,8,1998-11-01,False,GNB,A,L,22,36,2.0,3,0,0,0,4.0
San Francisco 49ers,SFO,1998,9,1998-11-08,False,CAR,H,W,25,23,4.0,0,0,0,0,4.0
San Francisco 49ers,SFO,1998,10,1998-11-15,False,ATL,A,L,19,31,3.0,0,0,0,0,2.0
San Francisco 49ers,SFO,1998,11,1998-11-22,False,NOR,H,W,31,20,4.0,2,0,0,0,9.0
San Francisco 49ers,SFO,1998,12,1998-11-30,False,NYG,H,W,31,7,2.0,1,0,0,0,8.0
San Francisco 49ers,SFO,1998,13,1998-12-06,False,CAR,A,W,31,28,2.0,1,0,0,0,3.0
San Francisco 49ers,SFO,1998,14,1998-12-14,False,DET,H,W,35,13,1.0,2,0,0,0,9.0
San Francisco 49ers,SFO,1998,15,1998-12-20,False,NWE,A,L,21,24,1.0,2,0,0,0,5.0
San Francisco 49ers,SFO,1998,16,1998-12-27,False,STL,H,W,38,19,1.0,1,0,0,1,10.0
San Francisco 49ers,SFO,1998,17,1999-01-03,True,GNB,H,W,30,27,1.0,2,0,0,0,5.0
San Francisco 49ers,SFO,1998,18,1999-01-09,True,ATL,A,L,18,20,2.0,1,0,0,0,5.0
St. Louis Rams,STL,1998,1,1998-09-06,False,NOR,H,L,17,24,2.0,1,0,0,0,4.0
St. Louis Rams,STL,1998,2,1998-09-13,False,MIN,H,L,31,38,3.0,2,0,0,1,9.0
St. Louis Rams,STL,1998,3,1998-09-20,False,BUF,A,W,34,33,9.0,1,0,0,0,10.0
St. Louis Rams,STL,1998,4,1998-09-27,False,ARI,H,L,17,20,1.0,1,0,0,0,4.0
St. Louis Rams,STL,1998,5,1998-10-11,False,NYJ,H,W,30,10,5.0,2,0,0,0,13.0
St. Louis Rams,STL,1998,6,1998-10-18,False,MIA,A,L,0,14,1.0,1,0,0,0,4.0
St. Louis Rams,STL,1998,7,1998-10-25,False,SFO,H,L,10,28,3.0,2,0,0,0,6.0
St. Louis Rams,STL,1998,8,1998-11-01,False,ATL,A,L,15,37,2.0,1,0,0,0,0.0
St. Louis Rams,STL,1998,9,1998-11-08,False,CHI,A,W,20,12,4.0,1,0,0,0,10.0
St. Louis Rams,STL,1998,10,1998-11-15,False,NOR,A,L,3,24,2.0,0,0,0,0,2.0
St. Louis Rams,STL,1998,11,1998-11-22,False,CAR,H,L,20,24,5.0,1,0,0,0,7.0
St. Louis Rams,STL,1998,12,1998-11-29,False,ATL,H,L,10,21,1.0,1,0,0,1,9.0
St. Louis Rams,STL,1998,13,1998-12-03,False,PHI,A,L,14,17,0.0,1,0,0,0,3
St. Louis Rams,STL,1998,14,1998-12-13,False,NWE,H,W,32,18,5.0,1,0,0,0,8.0
St. Louis Rams,STL,1998,15,1998-12-20,False,CAR,A,L,13,20,4.0,0,0,0,0,5.0
St. Louis Rams,STL,1998,16,1998-12-27,False,SFO,A,L,19,38,3.0,0,0,0,0,-1.0
Tampa Bay Buccaneers,TAM,1998,1,1998-09-06,False,MIN,A,L,7,31,1.0,1,0,0,0,2.0
Tampa Bay Buccaneers,TAM,1998,2,1998-09-13,False,GNB,A,L,15,23,4.0,0,0,0,1,10.0
Tampa Bay Buccaneers,TAM,1998,3,1998-09-20,False,CHI,H,W,27,15,0,0,0,0,0,1
Tampa Bay Buccaneers,TAM,1998,4,1998-09-28,False,DET,A,L,6,27,1.0,0,0,0,0,1.0
Tampa Bay Buccaneers,TAM,1998,5,1998-10-04,False,NYG,H,W,20,3,1.0,3,0,0,0,14.0
Tampa Bay Buccaneers,TAM,1998,6,1998-10-18,False,CAR,H,W,16,13,3.0,0,0,0,0,7.0
Tampa Bay Buccaneers,TAM,1998,7,1998-10-25,False,NOR,A,L,3,9,1.0,0,0,0,0,5.0
Tampa Bay Buccaneers,TAM,1998,8,1998-11-01,False,MIN,H,W,27,24,2.0,1,0,0,0,4.0
Tampa Bay Buccaneers,TAM,1998,9,1998-11-08,False,TEN,H,L,22,31,1.0,0,0,0,0,0.0
Tampa Bay Buccaneers,TAM,1998,10,1998-11-15,False,JAX,A,L,24,29,3.0,0,0,0,0,2.0
Tampa Bay Buccaneers,TAM,1998,11,1998-11-22,False,DET,H,L,25,28,1.0,0,0,0,0,0.0
Tampa Bay Buccaneers,TAM,1998,12,1998-11-29,False,CHI,A,W,31,17,2.0,0,0,0,1,9.0
Tampa Bay Buccaneers,TAM,1998,13,1998-12-07,False,GNB,H,W,24,22,8.0,0,0,0,0,8.0
Tampa Bay Buccaneers,TAM,1998,14,1998-12-13,False,PIT,H,W,16,3,2.0,4,0,0,0,17.0
Tampa Bay Buccaneers,TAM,1998,15,1998-12-19,False,WAS,A,L,16,20,5.0,1,0,0,0,8.0
Tampa Bay Buccaneers,TAM,1998,16,1998-12-27,False,CIN,A,W,35,0,2.0,2,0,0,0,16.0
Tennessee Oilers,TEN,1998,1,1998-09-06,False,CIN,A,W,23,14,2.0,1,0,0,0,5.0
Tennessee Oilers,TEN,1998,2,1998-09-13,False,SDG,H,L,7,13,0,0,0,0,0,4
Tennessee Oilers,TEN,1998,3,1998-09-20,False,NWE,A,L,16,27,4.0,0,0,0,0,4.0
Tennessee Oilers,TEN,1998,4,1998-09-27,False,JAX,H,L,22,27,2.0,2,0,0,0,6.0
Tennessee Oilers,TEN,1998,5,1998-10-11,False,BAL,A,W,12,8,3.0,1,0,0,0,9.0
Tennessee Oilers,TEN,1998,6,1998-10-18,False,CIN,H,W,44,14,3.0,0,0,0,0,4.0
Tennessee Oilers,TEN,1998,7,1998-10-25,False,CHI,H,L,20,23,1.0,0,0,0,0,1.0
Tennessee Oilers,TEN,1998,8,1998-11-01,False,PIT,A,W,41,31,0.0,3,0,0,0,5
Tennessee Oilers,TEN,1998,9,1998-11-08,False,TAM,A,W,31,22,0.0,1,0,0,0,2
Tennessee Oilers,TEN,1998,10,1998-11-15,False,PIT,H,W,23,14,2.0,0,0,0,0,3.0
Tennessee Oilers,TEN,1998,11,1998-11-22,False,NYJ,H,L,3,24,1.0,0,0,0,0,1.0
Tennessee Oilers,TEN,1998,12,1998-11-29,False,SEA,A,L,18,20,1.0,1,0,0,0,4.0
Tennessee Oilers,TEN,1998,13,1998-12-06,False,BAL,H,W,16,14,6.0,1,0,0,0,9.0
Tennessee Oilers,TEN,1998,14,1998-12-13,False,JAX,A,W,16,13,2.0,1,0,0,0,8.0
Tennessee Oilers,TEN,1998,15,1998-12-20,False,GNB,A,L,22,30,3.0,0,0,0,0,2.0
Tennessee Oilers,TEN,1998,16,1998-12-26,False,MIN,H,L,16,26,0.0,1,0,0,0,2
Washington Redskins,WAS,1998,1,1998-09-06,False,NYG,A,L,24,31,1.0,1,0,0,0,2.0
Washington Redskins,WAS,1998,2,1998-09-14,False,SFO,H,L,10,45,2.0,0,0,0,0,-2.0
Washington Redskins,WAS,1998,3,1998-09-20,False,SEA,A,L,14,24,1.0,0,0,0,0,1.0
Washington Redskins,WAS,1998,4,1998-09-27,False,DEN,H,L,16,38,0,0,0,0,0,-4
Washington Redskins,WAS,1998,5,1998-10-04,False,DAL,H,L,10,31,2.0,0,0,0,0,1.0
Washington Redskins,WAS,1998,6,1998-10-11,False,PHI,A,L,12,17,4.0,1,0,0,0,7.0
Washington Redskins,WAS,1998,7,1998-10-18,False,MIN,A,L,7,41,0,0,0,0,0,-4
Washington Redskins,WAS,1998,8,1998-11-01,False,NYG,H,W,21,14,1.0,0,0,0,0,2.0
Washington Redskins,WAS,1998,9,1998-11-08,False,ARI,A,L,27,29,4.0,0,0,0,0,3.0
Washington Redskins,WAS,1998,10,1998-11-15,False,PHI,H,W,28,3,5.0,3,0,0,0,18.0
Washington Redskins,WAS,1998,11,1998-11-22,False,ARI,H,L,42,45,1.0,1,0,0,0,-1.0
Washington Redskins,WAS,1998,12,1998-11-29,False,OAK,A,W,29,19,2.0,2,0,0,0,7.0
Washington Redskins,WAS,1998,13,1998-12-06,False,SDG,H,W,24,20,2.0,1,0,0,1,11.0
Washington Redskins,WAS,1998,14,1998-12-13,False,CAR,A,W,28,25,3.0,2,0,0,0,7.0
Washington Redskins,WAS,1998,15,1998-12-19,False,TAM,H,W,20,16,3.0,2,0,0,0,8.0
Washington Redskins,WAS,1998,16,1998-12-27,False,DAL,A,L,7,23,2.0,0,0,0,0,2.0
Arizona Cardinals,ARI,1999,1,1999-09-12,False,PHI,A,W,25,24,4.0,2,0,0,0,8.0
Arizona Cardinals,ARI,1999,2,1999-09-19,False,MIA,A,L,16,19,0.0,2,0,0,0,5
Arizona Cardinals,ARI,1999,3,1999-09-27,False,SFO,H,L,10,24,1.0,1,0,0,0,3.0
Arizona Cardinals,ARI,1999,4,1999-10-03,False,DAL,A,L,7,35,0,0,0,0,0,-4
Arizona Cardinals,ARI,1999,5,1999-10-10,False,NYG,H,W,14,3,3.0,1,0,0,0,12.0
Arizona Cardinals,ARI,1999,6,1999-10-17,False,WAS,H,L,10,24,1.0,2,0,0,0,5.0
Arizona Cardinals,ARI,1999,7,1999-10-31,False,NWE,H,L,3,27,5.0,0,0,0,0,5.0
Arizona Cardinals,ARI,1999,8,1999-11-07,False,NYJ,A,L,7,12,3.0,0,0,0,0,7.0
Arizona Cardinals,ARI,1999,9,1999-11-14,False,DET,H,W,23,19,5.0,0,0,0,0,6.0
Arizona Cardinals,ARI,1999,10,1999-11-21,False,DAL,H,W,13,9,2.0,0,0,0,0,6.0
Arizona Cardinals,ARI,1999,11,1999-11-28,False,NYG,A,W,34,24,2.0,3,0,0,0,8.0
Arizona Cardinals,ARI,1999,12,1999-12-05,False,PHI,H,W,21,17,1.0,1,0,0,0,4.0
Arizona Cardinals,ARI,1999,13,1999-12-12,False,WAS,A,L,3,28,2.0,2,0,0,0,5.0
Arizona Cardinals,ARI,1999,14,1999-12-19,False,BUF,H,L,21,31,2.0,2,0,0,0,5.0
Arizona Cardinals,ARI,1999,15,1999-12-26,False,ATL,A,L,14,37,0,0,0,0,0,-4
Arizona Cardinals,ARI,1999,16,2000-01-02,False,GNB,A,L,24,49,2.0,1,0,0,0,0.0
Atlanta Falcons,ATL,1999,1,1999-09-12,False,MIN,H,L,14,17,0,0,0,0,0,1
Atlanta Falcons,ATL,1999,2,1999-09-20,False,DAL,A,L,7,24,2.0,2,0,0,0,6.0
Atlanta Falcons,ATL,1999,3,1999-09-26,False,STL,A,L,7,35,0,0,0,0,0,-4
Atlanta Falcons,ATL,1999,4,1999-10-03,False,BAL,H,L,13,19,5.0,0,0,0,0,6.0
Atlanta Falcons,ATL,1999,5,1999-10-10,False,NOR,A,W,20,17,3.0,2,0,0,0,8.0
Atlanta Falcons,ATL,1999,6,1999-10-17,False,STL,H,L,13,41,2.0,0,0,0,0,-2.0
Atlanta Falcons,ATL,1999,7,1999-10-25,False,PIT,A,L,9,13,1.0,0,0,0,0,5.0
Atlanta Falcons,ATL,1999,8,1999-10-31,False,CAR,H,W,27,20,6.0,3,0,0,0,13.0
Atlanta Falcons,ATL,1999,9,1999-11-07,False,JAX,H,L,7,30,3.0,0,0,0,0,2.0
Atlanta Falcons,ATL,1999,10,1999-11-21,False,TAM,A,L,10,19,3.0,1,0,0,0,6.0
Atlanta Falcons,ATL,1999,11,1999-11-28,False,CAR,A,L,28,34,2.0,0,0,0,0,1.0
Atlanta Falcons,ATL,1999,12,1999-12-05,False,NOR,H,W,35,12,7.0,2,0,0,0,15.0
Atlanta Falcons,ATL,1999,13,1999-12-12,False,SFO,A,L,7,26,2.0,0,0,0,1,8.0
Atlanta Falcons,ATL,1999,14,1999-12-19,False,TEN,A,L,17,30,2.0,0,0,0,0,1.0
Atlanta Falcons,ATL,1999,15,1999-12-26,False,ARI,H,W,37,14,1.0,2,0,0,0,6.0
Atlanta Falcons,ATL,1999,16,2000-01-03,False,SFO,H,W,34,29,0,0,0,0,1,5
Baltimore Ravens,BAL,1999,1,1999-09-12,False,STL,A,L,10,27,3.0,2,0,0,0,7.0
Baltimore Ravens,BAL,1999,2,1999-09-19,False,PIT,H,L,20,23,3.0,0,0,0,0,3.0
Baltimore Ravens,BAL,1999,3,1999-09-26,False,CLE,H,W,17,10,4.0,1,0,0,0,10.0
Baltimore Ravens,BAL,1999,4,1999-10-03,False,ATL,A,W,19,13,2.0,0,0,0,0,6.0
Baltimore Ravens,BAL,1999,5,1999-10-10,False,TEN,A,L,11,14,0.0,0,0,0,0,1
Baltimore Ravens,BAL,1999,6,1999-10-21,False,KAN,H,L,8,35,1.0,0,0,0,0,-3.0
Baltimore Ravens,BAL,1999,7,1999-10-31,False,BUF,H,L,10,13,3.0,3,0,0,0,13.0
Baltimore Ravens,BAL,1999,8,1999-11-07,False,CLE,A,W,41,9,3.0,2,0,0,0,11.0
Baltimore Ravens,BAL,1999,9,1999-11-14,False,JAX,A,L,3,6,6.0,0,0,0,0,13.0
Baltimore Ravens,BAL,1999,10,1999-11-21,False,CIN,A,W,34,31,0,2,0,0,0,3
Baltimore Ravens,BAL,1999,11,1999-11-28,False,JAX,H,L,23,30,3.0,2,0,0,0,6.0
Baltimore Ravens,BAL,1999,12,1999-12-05,False,TEN,H,W,41,14,5.0,2,0,0,0,10.0
Baltimore Ravens,BAL,1999,13,1999-12-12,False,PIT,A,W,31,24,5.0,0,0,0,0,5.0
Baltimore Ravens,BAL,1999,14,1999-12-19,False,NOR,H,W,31,8,2.0,4,0,0,0,14.0
Baltimore Ravens,BAL,1999,15,1999-12-26,False,CIN,H,W,22,0,7.0,2,0,0,0,21.0
Baltimore Ravens,BAL,1999,16,2000-01-02,False,NWE,A,L,3,20,2.0,1,0,0,0,5.0
Buffalo Bills,BUF,1999,1,1999-09-12,False,IND,A,L,14,31,0,2,0,0,0,3
Buffalo Bills,BUF,1999,2,1999-09-19,False,NYJ,H,W,17,3,1.5,0,0,0,0,8.5
Buffalo Bills,BUF,1999,3,1999-09-26,False,PHI,H,W,26,0,2.0,0,0,0,0,12.0
Buffalo Bills,BUF,1999,4,1999-10-04,False,MIA,A,W,23,18,2.0,1,0,0,0,5.0
Buffalo Bills,BUF,1999,5,1999-10-10,False,PIT,H,W,24,21,2.0,1,0,0,0,4.0
Buffalo Bills,BUF,1999,6,1999-10-17,False,OAK,H,L,14,20,2.0,0,0,0,0,3.0
Buffalo Bills,BUF,1999,7,1999-10-24,False,SEA,A,L,16,26,1.0,0,0,0,0,1.0
Buffalo Bills,BUF,1999,8,1999-10-31,False,BAL,A,W,13,10,3.0,0,0,0,0,7.0
Buffalo Bills,BUF,1999,9,1999-11-07,False,WAS,A,W,34,17,2.0,0,0,0,0,3.0
Buffalo Bills,BUF,1999,10,1999-11-14,False,MIA,H,W,23,3,3.0,1,0,0,0,12.0
Buffalo Bills,BUF,1999,11,1999-11-21,False,NYJ,A,L,7,17,4.0,0,0,0,0,5.0
Buffalo Bills,BUF,1999,12,1999-11-28,False,NWE,H,W,17,7,4.0,1,0,0,0,10.0
Buffalo Bills,BUF,1999,13,1999-12-12,False,NYG,H,L,17,19,0.0,1,0,0,0,3
Buffalo Bills,BUF,1999,14,1999-12-19,False,ARI,A,W,31,21,2.0,1,0,0,1,10.0
Buffalo Bills,BUF,1999,15,1999-12-26,False,NWE,A,W,13,10,6.0,0,0,0,0,10.0
Buffalo Bills,BUF,1999,16,2000-01-02,False,IND,H,W,31,6,0,1,0,0,0,9
Buffalo Bills,BUF,1999,17,2000-01-08,True,TEN,A,L,16,22,3.0,1,0,0,0,5.0
Carolina Panthers,CAR,1999,1,1999-09-12,False,NOR,A,L,10,19,4.0,0,0,0,0,5.0
Carolina Panthers,CAR,1999,2,1999-09-19,False,JAX,H,L,20,22,1.0,0,0,0,0,1.0
Carolina Panthers,CAR,1999,3,1999-09-26,False,CIN,H,W,27,3,3.0,1,0,0,0,12.0
Carolina Panthers,CAR,1999,4,1999-10-03,False,WAS,A,L,36,38,3.0,0,0,0,0,-1.0
Carolina Panthers,CAR,1999,5,1999-10-17,False,SFO,A,W,31,29,3.0,0,0,0,0,2.0
Carolina Panthers,CAR,1999,6,1999-10-24,False,DET,H,L,9,24,0.0,1,0,0,0,2
Carolina Panthers,CAR,1999,7,1999-10-31,False,ATL,A,L,20,27,3.0,0,0,0,1,9.0
Carolina Panthers,CAR,1999,8,1999-11-07,False,PHI,H,W,33,7,3.0,1,0,0,0,9.0
Carolina Panthers,CAR,1999,9,1999-11-14,False,STL,A,L,10,35,0,1,0,0,0,-2
Carolina Panthers,CAR,1999,10,1999-11-21,False,CLE,A,W,31,17,1.0,2,0,0,0,6.0
Carolina Panthers,CAR,1999,11,1999-11-28,False,ATL,H,W,34,28,4.0,0,0,0,0,3.0
Carolina Panthers,CAR,1999,12,1999-12-05,False,STL,H,L,21,34,1.0,2,0,0,0,4.0
Carolina Panthers,CAR,1999,13,1999-12-12,False,GNB,A,W,33,31,2.0,1,0,0,0,3.0
Carolina Panthers,CAR,1999,14,1999-12-18,False,SFO,H,W,41,24,2.0,1,0,0,0,4.0
Carolina Panthers,CAR,1999,15,1999-12-26,False,PIT,A,L,20,30,1.0,1,0,0,0,2.0
Carolina Panthers,CAR,1999,16,2000-01-02,False,NOR,H,W,45,13,3.0,4,0,0,1,21.0
Chicago Bears,CHI,1999,1,1999-09-12,False,KAN,H,W,20,17,1.0,1,0,0,0,4.0
Chicago Bears,CHI,1999,2,1999-09-19,False,SEA,H,L,13,14,6.0,0,0,0,0,7.0
Chicago Bears,CHI,1999,3,1999-09-26,False,OAK,A,L,17,24,4.0,0,0,0,0,4.0
Chicago Bears,CHI,1999,4,1999-10-03,False,NOR,H,W,14,10,4.0,0,0,0,0,8.0
Chicago Bears,CHI,1999,5,1999-10-10,False,MIN,A,W,24,22,4.0,3,0,0,0,10.0
Chicago Bears,CHI,1999,6,1999-10-17,False,PHI,H,L,16,20,1.0,0,0,0,0,2.0
Chicago Bears,CHI,1999,7,1999-10-24,False,TAM,A,L,3,6,2.0,0,0,0,0,9.0
Chicago Bears,CHI,1999,8,1999-10-31,False,WAS,A,L,22,48,0,1,0,0,0,-2
Chicago Bears,CHI,1999,9,1999-11-07,False,GNB,A,W,14,13,3.0,1,0,0,0,9.0
Chicago Bears,CHI,1999,10,1999-11-14,False,MIN,H,L,24,27,3.0,1,0,0,0,5.0
Chicago Bears,CHI,1999,11,1999-11-21,False,SDG,A,W,23,20,1.0,1,0,0,0,4.0
Chicago Bears,CHI,1999,12,1999-11-25,False,DET,A,L,17,21,2.0,0,0,0,0,2.0
Chicago Bears,CHI,1999,13,1999-12-05,False,GNB,H,L,19,35,2.0,2,0,0,0,2.0
Chicago Bears,CHI,1999,14,1999-12-19,False,DET,H,W,28,10,3.0,3,0,0,0,13.0
Chicago Bears,CHI,1999,15,1999-12-26,False,STL,A,L,12,34,0,1,0,0,0,1
Chicago Bears,CHI,1999,16,2000-01-02,False,TAM,H,L,6,20,1.0,0,0,0,0,2.0
Cincinnati Bengals,CIN,1999,1,1999-09-12,False,TEN,A,L,35,36,2.0,1,0,0,0,0.0
Cincinnati Bengals,CIN,1999,2,1999-09-19,False,SDG,H,L,7,34,4.0,0,0,0,0,3.0
Cincinnati Bengals,CIN,1999,3,1999-09-26,False,CAR,A,L,3,27,1.0,0,0,0,0,1.0
Cincinnati Bengals,CIN,1999,4,1999-10-03,False,STL,H,L,10,38,2.0,0,0,0,0,-2.0
Cincinnati Bengals,CIN,1999,5,1999-10-10,False,CLE,A,W,18,17,3.0,1,0,0,0,6.0
Cincinnati Bengals,CIN,1999,6,1999-10-17,False,PIT,H,L,3,17,2.0,0,0,0,0,3.0
Cincinnati Bengals,CIN,1999,7,1999-10-24,False,IND,A,L,10,31,1.0,1,0,0,0,2.0
Cincinnati Bengals,CIN,1999,8,1999-10-31,False,JAX,H,L,10,41,2.0,0,0,0,0,-2.0
Cincinnati Bengals,CIN,1999,9,1999-11-07,False,SEA,A,L,20,37,2.0,2,0,0,0,2.0
Cincinnati Bengals,CIN,1999,10,1999-11-14,False,TEN,H,L,14,24,1.0,0,0,0,1,7.0
Cincinnati Bengals,CIN,1999,11,1999-11-21,False,BAL,H,L,31,34,7.0,1,0,0,1,14.0
Cincinnati Bengals,CIN,1999,12,1999-11-28,False,PIT,A,W,27,20,2.0,2,0,0,0,7.0
Cincinnati Bengals,CIN,1999,13,1999-12-05,False,SFO,H,W,44,30,0.0,1,0,0,0,1
Cincinnati Bengals,CIN,1999,14,1999-12-12,False,CLE,H,W,44,28,3.0,2,0,0,1,12.0
Cincinnati Bengals,CIN,1999,15,1999-12-26,False,BAL,A,L,0,22,1.0,1,0,0,0,3.0
Cincinnati Bengals,CIN,1999,16,2000-01-02,False,JAX,A,L,7,24,2.0,0,0,0,0,2.0
Cleveland Browns,CLE,1999,1,1999-09-12,False,PIT,H,L,0,43,1.0,0,0,0,0,-3.0
Cleveland Browns,CLE,1999,2,1999-09-19,False,TEN,A,L,9,26,0,0,0,0,0,0
Cleveland Browns,CLE,1999,3,1999-09-26,False,BAL,A,L,10,17,4.0,3,0,0,0,11.0
Cleveland Browns,CLE,1999,4,1999-10-03,False,NWE,H,L,7,19,4.0,0,0,0,0,5.0
Cleveland Browns,CLE,1999,5,1999-10-10,False,CIN,H,L,17,18,4.0,0,0,0,0,5.0
Cleveland Browns,CLE,1999,6,1999-10-17,False,JAX,A,L,7,24,0,0,0,0,0,0
Cleveland Browns,CLE,1999,7,1999-10-24,False,STL,A,L,3,34,2.0,0,0,0,0,1.0
Cleveland Browns,CLE,1999,8,1999-10-31,False,NOR,A,W,21,16,0.0,2,0,0,0,5
Cleveland Browns,CLE,1999,9,1999-11-07,False,BAL,H,L,9,41,2.0,0,0,0,0,-2.0
Cleveland Browns,CLE,1999,10,1999-11-14,False,PIT,A,W,16,15,1.0,2,0,0,0,6.0
Cleveland Browns,CLE,1999,11,1999-11-21,False,CAR,H,L,17,31,2.0,0,0,0,0,1.0
Cleveland Browns,CLE,1999,12,1999-11-28,False,TEN,H,L,21,33,0,0,0,0,0,-1
Cleveland Browns,CLE,1999,13,1999-12-05,False,SDG,A,L,10,23,4.0,0,0,0,0,4.0
Cleveland Browns,CLE,1999,14,1999-12-12,False,CIN,A,L,28,44,0,0,0,0,0,-4
Cleveland Browns,CLE,1999,15,1999-12-19,False,JAX,H,L,14,24,1.0,1,0,0,0,3.0
Cleveland Browns,CLE,1999,16,1999-12-26,False,IND,H,L,28,29,0,0,0,0,0,-1
Dallas Cowboys,DAL,1999,1,1999-09-12,False,WAS,A,W,41,35,2.0,0,0,0,0,-2.0
Dallas Cowboys,DAL,1999,2,1999-09-20,False,ATL,H,W,24,7,4.0,3,0,0,0,14.0
Dallas Cowboys,DAL,1999,3,1999-10-03,False,ARI,H,W,35,7,1.0,4,0,0,0,13.0
Dallas Cowboys,DAL,1999,4,1999-10-10,False,PHI,A,L,10,13,2.0,1,0,0,0,8.0
Dallas Cowboys,DAL,1999,5,1999-10-18,False,NYG,A,L,10,13,5.0,0,0,0,0,9.0
Dallas Cowboys,DAL,1999,6,1999-10-24,False,WAS,H,W,38,20,1.0,0,0,0,1,8.0
Dallas Cowboys,DAL,1999,7,1999-10-31,False,IND,A,L,24,34,1.0,0,0,0,0,0.0
Dallas Cowboys,DAL,1999,8,1999-11-08,False,MIN,A,L,17,27,4.0,1,0,0,0,6.0
Dallas Cowboys,DAL,1999,9,1999-11-14,False,GNB,H,W,27,13,3.0,2,0,0,0,11.0
Dallas Cowboys,DAL,1999,10,1999-11-21,False,ARI,A,L,9,13,2.0,2,0,0,0,10.0
Dallas Cowboys,DAL,1999,11,1999-11-25,False,MIA,H,W,20,0,2.0,5,0,0,0,22.0
Dallas Cowboys,DAL,1999,12,1999-12-05,False,NWE,A,L,6,13,1.0,2,0,0,0,9.0
Dallas Cowboys,DAL,1999,13,1999-12-12,False,PHI,H,W,20,10,3.0,1,0,0,0,9.0
Dallas Cowboys,DAL,1999,14,1999-12-19,False,NYJ,H,L,21,22,0.0,1,0,0,0,2
Dallas Cowboys,DAL,1999,15,1999-12-24,False,NOR,A,L,24,31,3.0,1,0,0,0,4.0
Dallas Cowboys,DAL,1999,16,2000-01-02,False,NYG,H,W,26,18,1.0,1,0,0,0,4.0
Dallas Cowboys,DAL,1999,17,2000-01-09,True,MIN,A,L,10,27,4.0,0,0,0,0,4.0
Denver Broncos,DEN,1999,1,1999-09-13,False,MIA,H,L,21,38,0,0,0,0,0,-4
Denver Broncos,DEN,1999,2,1999-09-19,False,KAN,A,L,10,26,1.0,1,0,0,0,3.0
Denver Broncos,DEN,1999,3,1999-09-26,False,TAM,A,L,10,13,7.0,0,0,0,0,11.0
Denver Broncos,DEN,1999,4,1999-10-03,False,NYJ,H,L,13,21,4.0,2,0,0,0,8.0
Denver Broncos,DEN,1999,5,1999-10-10,False,OAK,A,W,16,13,6.0,2,0,0,0,14.0
Denver Broncos,DEN,1999,6,1999-10-17,False,GNB,H,W,31,10,1.0,3,0,0,0,11.0
Denver Broncos,DEN,1999,7,1999-10-24,False,NWE,A,L,23,24,4.0,0,0,0,0,4.0
Denver Broncos,DEN,1999,8,1999-10-31,False,MIN,H,L,20,23,2.0,0,0,0,0,2.0
Denver Broncos,DEN,1999,9,1999-11-07,False,SDG,A,W,33,17,4.0,2,0,0,0,9.0
Denver Broncos,DEN,1999,10,1999-11-14,False,SEA,A,L,17,20,1.0,1,0,0,0,4.0
Denver Broncos,DEN,1999,11,1999-11-22,False,OAK,H,W,27,21,5.0,1,0,0,0,7.0
Denver Broncos,DEN,1999,12,1999-12-05,False,KAN,H,L,10,16,1.0,1,0,0,0,4.0
Denver Broncos,DEN,1999,13,1999-12-13,False,JAX,A,L,24,27,3.0,0,0,0,0,3.0
Denver Broncos,DEN,1999,14,1999-12-19,False,SEA,H,W,36,30,3.0,0,0,0,1,8.0
Denver Broncos,DEN,1999,15,1999-12-25,False,DET,A,W,17,7,5.0,0,0,0,0,9.0
Denver Broncos,DEN,1999,16,2000-01-02,False,SDG,H,L,6,12,3.0,2,0,0,0,11.0
Detroit Lions,DET,1999,1,1999-09-12,False,SEA,A,W,28,20,6.0,0,0,0,0,7.0
Detroit Lions,DET,1999,2,1999-09-19,False,GNB,H,W,23,15,1.0,1,0,0,0,4.0
Detroit Lions,DET,1999,3,1999-09-26,False,KAN,A,L,21,31,1.0,0,0,0,0,0.0
Detroit Lions,DET,1999,4,1999-10-10,False,SDG,H,L,10,20,2.0,1,0,0,0,5.0
Detroit Lions,DET,1999,5,1999-10-17,False,MIN,H,W,25,23,4.0,2,0,0,0,8.0
Detroit Lions,DET,1999,6,1999-10-24,False,CAR,A,W,24,9,4.0,1,0,0,0,10.0
Detroit Lions,DET,1999,7,1999-10-31,False,TAM,H,W,20,3,5.0,0,0,0,0,12.0
Detroit Lions,DET,1999,8,1999-11-07,False,STL,H,W,31,27,4.0,2,0,0,0,8.0
Detroit Lions,DET,1999,9,1999-11-14,False,ARI,A,L,19,23,3.0,0,0,0,0,3.0
Detroit Lions,DET,1999,10,1999-11-21,False,GNB,A,L,17,26,1.0,0,0,0,0,1.0
Detroit Lions,DET,1999,11,1999-11-25,False,CHI,H,W,21,17,2.0,1,0,0,0,5.0
Detroit Lions,DET,1999,12,1999-12-05,False,WAS,H,W,33,17,5.0,2,0,0,1,16.0
Detroit Lions,DET,1999,13,1999-12-12,False,TAM,A,L,16,23,3.0,1,0,0,0,5.0
Detroit Lions,DET,1999,14,1999-12-19,False,CHI,A,L,10,28,2.0,2,0,0,0,5.0
Detroit Lions,DET,1999,15,1999-12-25,False,DEN,H,L,7,17,1.0,1,0,0,0,4.0
Detroit Lions,DET,1999,16,2000-01-02,False,MIN,A,L,17,24,5.0,2,0,0,0,9.0
Detroit Lions,DET,1999,17,2000-01-08,True,WAS,A,L,13,27,1.0,2,0,0,0,5.0
Green Bay Packers,GNB,1999,1,1999-09-12,False,OAK,H,W,28,24,4.0,1,0,0,0,6.0
Green Bay Packers,GNB,1999,2,1999-09-19,False,DET,A,L,15,23,4.0,2,0,0,0,8.0
Green Bay Packers,GNB,1999,3,1999-09-26,False,MIN,H,W,23,20,2.0,2,0,0,0,7.0
Green Bay Packers,GNB,1999,4,1999-10-10,False,TAM,H,W,26,23,2.0,3,0,0,0,8.0
Green Bay Packers,GNB,1999,5,1999-10-17,False,DEN,A,L,10,31,0.0,1,0,0,0,1
Green Bay Packers,GNB,1999,6,1999-10-24,False,SDG,A,W,31,3,3.0,6,0,0,0,22.0
Green Bay Packers,GNB,1999,7,1999-11-01,False,SEA,H,L,7,27,2.0,0,0,0,0,2.0
Green Bay Packers,GNB,1999,8,1999-11-07,False,CHI,H,L,13,14,1.0,3,0,0,0,8.0
Green Bay Packers,GNB,1999,9,1999-11-14,False,DAL,A,L,13,27,2.0,0,0,0,0,2.0
Green Bay Packers,GNB,1999,10,1999-11-21,False,DET,H,W,26,17,0.0,2,0,0,0,5
Green Bay Packers,GNB,1999,11,1999-11-29,False,SFO,A,W,20,3,1.0,1,0,0,0,10.0
Green Bay Packers,GNB,1999,12,1999-12-05,False,CHI,A,W,35,19,3.0,1,0,0,0,6.0
Green Bay Packers,GNB,1999,13,1999-12-12,False,CAR,H,L,31,33,1.0,0,0,0,0,0.0
Green Bay Packers,GNB,1999,14,1999-12-20,False,MIN,A,L,20,24,1.0,0,0,0,0,1.0
Green Bay Packers,GNB,1999,15,1999-12-26,False,TAM,A,L,10,29,0,1,0,0,0,1
Green Bay Packers,GNB,1999,16,2000-01-02,False,ARI,H,W,49,24,3.0,3,0,0,1,15.0
Indianapolis Colts,IND,1999,1,1999-09-12,False,BUF,H,W,31,14,5.0,2,0,0,0,10.0
Indianapolis Colts,IND,1999,2,1999-09-19,False,NWE,A,L,28,31,1.0,0,0,0,0,0.0
Indianapolis Colts,IND,1999,3,1999-09-26,False,SDG,A,W,27,19,3.0,1,0,0,0,6.0
Indianapolis Colts,IND,1999,4,1999-10-10,False,MIA,H,L,31,34,0,0,0,0,1,5
Indianapolis Colts,IND,1999,5,1999-10-17,False,NYJ,A,W,16,13,1.0,1,0,0,0,7.0
Indianapolis Colts,IND,1999,6,1999-10-24,False,CIN,H,W,31,10,5.0,0,0,0,0,9.0
Indianapolis Colts,IND,1999,7,1999-10-31,False,DAL,H,W,34,24,5.0,0,0,0,0,5.0
Indianapolis Colts,IND,1999,8,1999-11-07,False,KAN,H,W,25,17,1.0,0,0,0,0,2.0
Indianapolis Colts,IND,1999,9,1999-11-14,False,NYG,A,W,27,19,3.0,2,0,0,1,14.0
Indianapolis Colts,IND,1999,10,1999-11-21,False,PHI,A,W,44,17,4.0,2,0,0,0,9.0
Indianapolis Colts,IND,1999,11,1999-11-28,False,NYJ,H,W,13,6,2.0,0,0,0,0,9.0
Indianapolis Colts,IND,1999,12,1999-12-05,False,MIA,A,W,37,34,2.0,1,0,0,0,3.0
Indianapolis Colts,IND,1999,13,1999-12-12,False,NWE,H,W,20,15,5.0,1,0,0,0,8.0
Indianapolis Colts,IND,1999,14,1999-12-19,False,WAS,H,W,24,21,4.0,0,0,0,0,4.0
Indianapolis Colts,IND,1999,15,1999-12-26,False,CLE,A,W,29,28,0,0,0,0,0,-1
Indianapolis Colts,IND,1999,16,2000-01-02,False,BUF,A,L,6,31,0,0,0,0,0,-1
Indianapolis Colts,IND,1999,17,2000-01-16,True,TEN,H,L,16,19,0,0,0,0,0,1
Jacksonville Jaguars,JAX,1999,1,1999-09-12,False,SFO,H,W,41,3,4.0,3,0,0,0,17.0
Jacksonville Jaguars,JAX,1999,2,1999-09-19,False,CAR,A,W,22,20,4.0,1,0,0,0,7.0
Jacksonville Jaguars,JAX,1999,3,1999-09-26,False,TEN,H,L,19,20,2.0,1,0,0,0,5.0
Jacksonville Jaguars,JAX,1999,4,1999-10-03,False,PIT,A,W,17,3,4.0,1,0,0,0,13.0
Jacksonville Jaguars,JAX,1999,5,1999-10-11,False,NYJ,A,W,16,6,4.0,2,0,0,0,15.0
Jacksonville Jaguars,JAX,1999,6,1999-10-17,False,CLE,H,W,24,7,4.0,0,0,0,0,8.0
Jacksonville Jaguars,JAX,1999,7,1999-10-31,False,CIN,A,W,41,10,4.0,2,0,0,0,12.0
Jacksonville Jaguars,JAX,1999,8,1999-11-07,False,ATL,A,W,30,7,9.0,3,0,0,0,19.0
Jacksonville Jaguars,JAX,1999,9,1999-11-14,False,BAL,H,W,6,3,4.0,0,0,0,0,11.0
Jacksonville Jaguars,JAX,1999,10,1999-11-21,False,NOR,H,W,41,23,2.0,1,0,0,1,10.0
Jacksonville Jaguars,JAX,1999,11,1999-11-28,False,BAL,A,W,30,23,3.0,1,0,0,0,5.0
Jacksonville Jaguars,JAX,1999,12,1999-12-02,False,PIT,H,W,20,6,3.0,0,0,0,0,10.0
Jacksonville Jaguars,JAX,1999,13,1999-12-13,False,DEN,H,W,27,24,1.0,2,0,0,0,5.0
Jacksonville Jaguars,JAX,1999,14,1999-12-19,False,CLE,A,W,24,14,6.0,0,0,0,0,7.0
Jacksonville Jaguars,JAX,1999,15,1999-12-26,False,TEN,A,L,14,41,0,0,0,0,1,2
Jacksonville Jaguars,JAX,1999,16,2000-01-02,False,CIN,H,W,24,7,3.0,2,0,0,0,11.0
Jacksonville Jaguars,JAX,1999,17,2000-01-15,True,MIA,H,W,62,7,5.0,2,0,0,0,13.0
Jacksonville Jaguars,JAX,1999,18,2000-01-23,True,TEN,H,L,14,33,1.0,1,0,0,0,2.0
Kansas City Chiefs,KAN,1999,1,1999-09-12,False,CHI,A,L,17,20,0,0,0,0,0,1
Kansas City Chiefs,KAN,1999,2,1999-09-19,False,DEN,H,W,26,10,2.0,2,0,0,0,10.0
Kansas City Chiefs,KAN,1999,3,1999-09-26,False,DET,H,W,31,21,4.0,2,0,0,0,8.0
Kansas City Chiefs,KAN,1999,4,1999-10-03,False,SDG,A,L,14,21,2.0,2,0,0,0,6.0
Kansas City Chiefs,KAN,1999,5,1999-10-10,False,NWE,H,W,16,14,3.0,2,0,0,0,8.0
Kansas City Chiefs,KAN,1999,6,1999-10-21,False,BAL,A,W,35,8,0.0,3,0,0,0,10
Kansas City Chiefs,KAN,1999,7,1999-10-31,False,SDG,H,W,34,0,5.0,2,0,0,0,19.0
Kansas City Chiefs,KAN,1999,8,1999-11-07,False,IND,A,L,17,25,3.0,1,0,0,0,5.0
Kansas City Chiefs,KAN,1999,9,1999-11-14,False,TAM,A,L,10,17,0.0,1,0,0,0,3
Kansas City Chiefs,KAN,1999,10,1999-11-21,False,SEA,H,L,19,31,0,1,0,0,0,1
Kansas City Chiefs,KAN,1999,11,1999-11-28,False,OAK,A,W,37,34,5.0,2,0,0,0,8.0
Kansas City Chiefs,KAN,1999,12,1999-12-05,False,DEN,A,W,16,10,2.0,1,0,0,1,14.0
Kansas City Chiefs,KAN,1999,13,1999-12-12,False,MIN,H,W,31,28,4.0,0,0,0,0,3.0
Kansas City Chiefs,KAN,1999,14,1999-12-18,False,PIT,H,W,35,19,2.0,4,0,0,0,11.0
Kansas City Chiefs,KAN,1999,15,1999-12-26,False,SEA,A,L,14,23,3.0,0,0,0,0,3.0
Kansas City Chiefs,KAN,1999,16,2000-01-02,False,OAK,H,L,38,41,4.0,2,0,0,1,10.0
Miami Dolphins,MIA,1999,1,1999-09-13,False,DEN,A,W,38,21,2.0,0,0,0,0,2.0
Miami Dolphins,MIA,1999,2,1999-09-19,False,ARI,H,W,19,16,2.0,4,0,0,0,11.0
Miami Dolphins,MIA,1999,3,1999-10-04,False,BUF,H,L,18,23,1.0,0,0,0,0,1.0
Miami Dolphins,MIA,1999,4,1999-10-10,False,IND,A,W,34,31,2.0,1,0,0,0,3.0
Miami Dolphins,MIA,1999,5,1999-10-17,False,NWE,A,W,31,30,2.0,1,0,0,0,3.0
Miami Dolphins,MIA,1999,6,1999-10-24,False,PHI,H,W,16,13,4.0,1,0,0,0,10.0
Miami Dolphins,MIA,1999,7,1999-10-31,False,OAK,A,W,16,9,5.0,1,0,0,0,11.0
Miami Dolphins,MIA,1999,8,1999-11-07,False,TEN,H,W,17,0,4.0,3,0,0,0,20.0
Miami Dolphins,MIA,1999,9,1999-11-14,False,BUF,A,L,3,23,0.0,0,0,0,0,0
Miami Dolphins,MIA,1999,10,1999-11-21,False,NWE,H,W,27,17,5.0,5,0,0,0,16.0
Miami Dolphins,MIA,1999,11,1999-11-25,False,DAL,A,L,0,20,1.0,0,0,0,0,2.0
Miami Dolphins,MIA,1999,12,1999-12-05,False,IND,H,L,34,37,2.0,2,0,0,0,2.0
Miami Dolphins,MIA,1999,13,1999-12-12,False,NYJ,A,L,20,28,1.0,0,0,0,0,0.0
Miami Dolphins,MIA,1999,14,1999-12-19,False,SDG,H,W,12,9,5.0,0,0,0,0,9.0
Miami Dolphins,MIA,1999,15,1999-12-27,False,NYJ,H,L,31,38,1.0,0,0,0,0,-3.0
Miami Dolphins,MIA,1999,16,2000-01-02,False,WAS,A,L,10,21,2.0,0,0,0,0,2.0
Miami Dolphins,MIA,1999,17,2000-01-09,True,SEA,A,W,20,17,6.0,2,0,0,0,11.0
Miami Dolphins,MIA,1999,18,2000-01-15,True,JAX,A,L,7,62,2.0,1,0,0,0,0.0
Minnesota Vikings,MIN,1999,1,1999-09-12,False,ATL,A,W,17,14,2.0,0,0,0,0,3.0
Minnesota Vikings,MIN,1999,2,1999-09-19,False,OAK,H,L,17,22,1.0,0,0,0,0,1.0
Minnesota Vikings,MIN,1999,3,1999-09-26,False,GNB,A,L,20,23,2.0,0,0,0,0,2.0
Minnesota Vikings,MIN,1999,4,1999-10-03,False,TAM,H,W,21,14,3.0,1,0,0,0,6.0
Minnesota Vikings,MIN,1999,5,1999-10-10,False,CHI,H,L,22,24,1.0,0,0,0,0,1.0
Minnesota Vikings,MIN,1999,6,1999-10-17,False,DET,A,L,23,25,4.0,0,0,0,0,4.0
Minnesota Vikings,MIN,1999,7,1999-10-24,False,SFO,H,W,40,16,3.0,2,0,0,0,8.0
Minnesota Vikings,MIN,1999,8,1999-10-31,False,DEN,A,W,23,20,4.0,1,0,0,0,7.0
Minnesota Vikings,MIN,1999,9,1999-11-08,False,DAL,H,W,27,17,2.0,1,0,0,0,5.0
Minnesota Vikings,MIN,1999,10,1999-11-14,False,CHI,A,W,27,24,3.0,1,0,0,0,5.0
Minnesota Vikings,MIN,1999,11,1999-11-28,False,SDG,H,W,35,27,1.0,1,0,0,0,3.0
Minnesota Vikings,MIN,1999,12,1999-12-06,False,TAM,A,L,17,24,2.0,1,0,0,0,4.0
Minnesota Vikings,MIN,1999,13,1999-12-12,False,KAN,A,L,28,31,2.0,0,0,0,2,13.0
Minnesota Vikings,MIN,1999,14,1999-12-20,False,GNB,H,W,24,20,4.0,2,0,0,0,9.0
Minnesota Vikings,MIN,1999,15,1999-12-26,False,NYG,A,W,34,17,5.0,1,0,0,1,14.0
Minnesota Vikings,MIN,1999,16,2000-01-02,False,DET,H,W,24,17,7.0,1,0,0,0,10.0
Minnesota Vikings,MIN,1999,17,2000-01-09,True,DAL,H,W,27,10,1.0,1,0,0,0,7.0
Minnesota Vikings,MIN,1999,18,2000-01-16,True,STL,A,L,37,49,2.0,1,0,0,0,0.0
New Orleans Saints,NOR,1999,1,1999-09-12,False,CAR,H,W,19,10,7.0,1,0,0,0,13.0
New Orleans Saints,NOR,1999,2,1999-09-19,False,SFO,A,L,21,28,5.0,1,0,0,0,6.0
New Orleans Saints,NOR,1999,3,1999-10-03,False,CHI,A,L,10,14,3.0,2,0,0,0,8.0
New Orleans Saints,NOR,1999,4,1999-10-10,False,ATL,H,L,17,20,3.0,0,0,0,0,4.0
New Orleans Saints,NOR,1999,5,1999-10-17,False,TEN,H,L,21,24,1.0,2,0,0,0,5.0
New Orleans Saints,NOR,1999,6,1999-10-24,False,NYG,A,L,3,31,4.0,1,0,0,0,5.0
New Orleans Saints,NOR,1999,7,1999-10-31,False,CLE,H,L,16,21,2.0,0,0,0,0,2.0
New Orleans Saints,NOR,1999,8,1999-11-07,False,TAM,H,L,16,31,1.0,0,0,0,0,0.0
New Orleans Saints,NOR,1999,9,1999-11-14,False,SFO,H,W,24,6,2.0,1,0,0,0,11.0
New Orleans Saints,NOR,1999,10,1999-11-21,False,JAX,A,L,23,41,3.0,1,0,0,0,1.0
New Orleans Saints,NOR,1999,11,1999-11-28,False,STL,A,L,12,43,2.0,0,0,0,0,-2.0
New Orleans Saints,NOR,1999,12,1999-12-05,False,ATL,A,L,12,35,0.0,3,0,0,0,2
New Orleans Saints,NOR,1999,13,1999-12-12,False,STL,H,L,14,30,1.0,1,0,0,0,2.0
New Orleans Saints,NOR,1999,14,1999-12-19,False,BAL,A,L,8,31,5.0,4,0,0,0,12.0
New Orleans Saints,NOR,1999,15,1999-12-24,False,DAL,H,W,31,24,0.0,2,0,0,0,4
New Orleans Saints,NOR,1999,16,2000-01-02,False,CAR,A,L,13,45,6.0,0,0,0,0,2.0
New England Patriots,NWE,1999,1,1999-09-12,False,NYJ,A,W,30,28,4.0,3,0,0,0,9.0
New England Patriots,NWE,1999,2,1999-09-19,False,IND,H,W,31,28,0.0,2,0,0,0,3
New England Patriots,NWE,1999,3,1999-09-26,False,NYG,H,W,16,14,1.0,0,0,0,0,2.0
New England Patriots,NWE,1999,4,1999-10-03,False,CLE,A,W,19,7,4.0,0,0,0,0,8.0
New England Patriots,NWE,1999,5,1999-10-10,False,KAN,A,L,14,16,2.0,1,0,0,0,5.0
New England Patriots,NWE,1999,6,1999-10-17,False,MIA,H,L,30,31,9.0,2,0,0,0,12.0
New England Patriots,NWE,1999,7,1999-10-24,False,DEN,H,W,24,23,3.0,0,0,0,0,3.0
New England Patriots,NWE,1999,8,1999-10-31,False,ARI,A,W,27,3,3.0,2,0,0,0,14.0
New England Patriots,NWE,1999,9,1999-11-15,False,NYJ,H,L,17,24,0.0,2,0,0,0,4
New England Patriots,NWE,1999,10,1999-11-21,False,MIA,A,L,17,27,2.0,0,0,0,0,2.0
New England Patriots,NWE,1999,11,1999-11-28,False,BUF,A,L,7,17,0,0,0,0,0,1
New England Patriots,NWE,1999,12,1999-12-05,False,DAL,H,W,13,6,3.0,0,0,0,0,10.0
New England Patriots,NWE,1999,13,1999-12-12,False,IND,A,L,15,20,1.0,0,0,0,0,2.0
New England Patriots,NWE,1999,14,1999-12-19,False,PHI,A,L,9,24,0.0,2,0,0,0,4
New England Patriots,NWE,1999,15,1999-12-26,False,BUF,H,L,10,13,3.0,0,0,0,0,7.0
New England Patriots,NWE,1999,16,2000-01-02,False,BAL,H,W,20,3,7.0,2,0,0,0,18.0
New York Giants,NYG,1999,1,1999-09-12,False,TAM,A,W,17,13,2.0,4,0,0,0,14.0
New York Giants,NYG,1999,2,1999-09-19,False,WAS,H,L,21,50,0,0,0,0,0,-4
New York Giants,NYG,1999,3,1999-09-26,False,NWE,A,L,14,16,1.0,0,0,0,0,2.0
New York Giants,NYG,1999,4,1999-10-03,False,PHI,H,W,16,15,5.0,2,0,0,0,10.0
New York Giants,NYG,1999,5,1999-10-10,False,ARI,A,L,3,14,4.0,0,0,0,0,5.0
New York Giants,NYG,1999,6,1999-10-18,False,DAL,H,W,13,10,3.0,1,0,0,1,15.0
New York Giants,NYG,1999,7,1999-10-24,False,NOR,H,W,31,3,2.0,3,0,0,0,15.0
New York Giants,NYG,1999,8,1999-10-31,False,PHI,A,W,23,17,3.0,2,0,0,0,8.0
New York Giants,NYG,1999,9,1999-11-14,False,IND,H,L,19,27,0.0,1,0,0,0,2
New York Giants,NYG,1999,10,1999-11-21,False,WAS,A,L,13,23,1.0,1,0,0,0,3.0
New York Giants,NYG,1999,11,1999-11-28,False,ARI,H,L,24,34,4.0,0,0,0,0,3.0
New York Giants,NYG,1999,12,1999-12-05,False,NYJ,H,W,41,28,2.0,0,0,0,0,1.0
New York Giants,NYG,1999,13,1999-12-12,False,BUF,A,W,19,17,3.0,1,0,0,0,6.0
New York Giants,NYG,1999,14,1999-12-19,False,STL,A,L,10,31,1.0,0,0,0,0,0.0
New York Giants,NYG,1999,15,1999-12-26,False,MIN,H,L,17,34,1.0,2,0,0,0,4.0
New York Giants,NYG,1999,16,2000-01-02,False,DAL,A,L,18,26,0,0,0,0,0,0
New York Jets,NYJ,1999,1,1999-09-12,False,NWE,H,L,28,30,2.0,1,0,0,0,3.0
New York Jets,NYJ,1999,2,1999-09-19,False,BUF,A,L,3,17,0,0,0,0,0,1
New York Jets,NYJ,1999,3,1999-09-26,False,WAS,H,L,20,27,1.0,0,0,0,0,1.0
New York Jets,NYJ,1999,4,1999-10-03,False,DEN,A,W,21,13,1.0,5,0,0,0,15.0
New York Jets,NYJ,1999,5,1999-10-11,False,JAX,H,L,6,16,2.0,0,0,0,0,3.0
New York Jets,NYJ,1999,6,1999-10-17,False,IND,H,L,13,16,0,1,0,0,0,3
New York Jets,NYJ,1999,7,1999-10-24,False,OAK,A,L,23,24,2.0,1,0,0,0,4.0
New York Jets,NYJ,1999,8,1999-11-07,False,ARI,H,W,12,7,6.0,0,0,0,0,10.0
New York Jets,NYJ,1999,9,1999-11-15,False,NWE,A,W,24,17,3.0,3,0,0,0,10.0
New York Jets,NYJ,1999,10,1999-11-21,False,BUF,H,W,17,7,2.0,2,0,0,0,10.0
New York Jets,NYJ,1999,11,1999-11-28,False,IND,A,L,6,13,2.0,2,0,0,0,10.0
New York Jets,NYJ,1999,12,1999-12-05,False,NYG,A,L,28,41,1.0,0,0,0,0,-3.0
New York Jets,NYJ,1999,13,1999-12-12,False,MIA,H,W,28,20,2.0,2,0,0,0,7.0
New York Jets,NYJ,1999,14,1999-12-19,False,DAL,A,W,22,21,1.0,2,0,0,0,5.0
New York Jets,NYJ,1999,15,1999-12-27,False,MIA,A,W,38,31,0.0,3,0,0,0,5
New York Jets,NYJ,1999,16,2000-01-02,False,SEA,H,W,19,9,1.0,2,0,0,0,9.0
Oakland Raiders,OAK,1999,1,1999-09-12,False,GNB,A,L,24,28,3.0,3,0,0,0,8.0
Oakland Raiders,OAK,1999,2,1999-09-19,False,MIN,A,W,22,17,6.0,2,0,0,0,11.0
Oakland Raiders,OAK,1999,3,1999-09-26,False,CHI,H,W,24,17,3.0,1,0,0,0,6.0
Oakland Raiders,OAK,1999,4,1999-10-03,False,SEA,A,L,21,22,2.0,1,0,0,0,4.0
Oakland Raiders,OAK,1999,5,1999-10-10,False,DEN,H,L,13,16,2.0,1,0,0,0,5.0
Oakland Raiders,OAK,1999,6,1999-10-17,False,BUF,A,W,20,14,1.0,3,0,0,0,8.0
Oakland Raiders,OAK,1999,7,1999-10-24,False,NYJ,H,W,24,23,2.0,2,0,0,0,6.0
Oakland Raiders,OAK,1999,8,1999-10-31,False,MIA,H,L,9,16,5.0,0,0,0,0,6.0
Oakland Raiders,OAK,1999,9,1999-11-14,False,SDG,H,W,28,9,2.0,0,0,0,0,6.0
Oakland Raiders,OAK,1999,10,1999-11-22,False,DEN,A,L,21,27,2.0,0,0,0,0,2.0
Oakland Raiders,OAK,1999,11,1999-11-28,False,KAN,H,L,34,37,4.0,2,0,0,0,4.0
Oakland Raiders,OAK,1999,12,1999-12-05,False,SEA,H,W,30,21,1.0,2,0,0,0,5.0
Oakland Raiders,OAK,1999,13,1999-12-09,False,TEN,A,L,14,21,2.0,1,0,0,0,4.0
Oakland Raiders,OAK,1999,14,1999-12-19,False,TAM,H,W,45,0,4.0,1,0,0,0,16.0
Oakland Raiders,OAK,1999,15,1999-12-26,False,SDG,A,L,20,23,4.0,1,0,0,0,6.0
Oakland Raiders,OAK,1999,16,2000-01-02,False,KAN,A,W,41,38,1.0,0,0,0,0,-3.0
Philadelphia Eagles,PHI,1999,1,1999-09-12,False,ARI,H,L,24,25,1.0,3,0,0,0,7.0
Philadelphia Eagles,PHI,1999,2,1999-09-19,False,TAM,H,L,5,19,2.0,2,0,0,0,7.0
Philadelphia Eagles,PHI,1999,3,1999-09-26,False,BUF,A,L,0,26,1.0,1,0,0,0,3.0
Philadelphia Eagles,PHI,1999,4,1999-10-03,False,NYG,A,L,15,16,2.0,3,0,0,0,9.0
Philadelphia Eagles,PHI,1999,5,1999-10-10,False,DAL,H,W,13,10,1.0,2,0,0,0,9.0
Philadelphia Eagles,PHI,1999,6,1999-10-17,False,CHI,A,W,20,16,4.0,2,0,0,0,9.0
Philadelphia Eagles,PHI,1999,7,1999-10-24,False,MIA,A,L,13,16,1.0,1,0,0,0,4.0
Philadelphia Eagles,PHI,1999,8,1999-10-31,False,NYG,H,L,17,23,5.0,0,0,0,0,5.0
Philadelphia Eagles,PHI,1999,9,1999-11-07,False,CAR,A,L,7,33,2.0,0,0,0,0,1.0
Philadelphia Eagles,PHI,1999,10,1999-11-14,False,WAS,H,W,35,28,3.0,3,0,0,1,14.0
Philadelphia Eagles,PHI,1999,11,1999-11-21,False,IND,H,L,17,44,1.0,1,0,0,0,-1.0
Philadelphia Eagles,PHI,1999,12,1999-11-28,False,WAS,A,L,17,20,0.0,1,0,0,0,3
Philadelphia Eagles,PHI,1999,13,1999-12-05,False,ARI,A,L,17,21,1.0,1,0,0,0,3.0
Philadelphia Eagles,PHI,1999,14,1999-12-12,False,DAL,A,L,10,20,1.0,0,0,0,0,2.0
Philadelphia Eagles,PHI,1999,15,1999-12-19,False,NWE,H,W,24,9,6.0,4,0,0,0,18.0
Philadelphia Eagles,PHI,1999,16,2000-01-02,False,STL,H,W,38,31,4.0,4,0,0,0,11.0
Pittsburgh Steelers,PIT,1999,1,1999-09-12,False,CLE,A,W,43,0,3.0,2,0,0,0,17.0
Pittsburgh Steelers,PIT,1999,2,1999-09-19,False,BAL,A,W,23,20,2.0,2,0,0,0,7.0
Pittsburgh Steelers,PIT,1999,3,1999-09-26,False,SEA,H,L,10,29,1.0,0,0,0,0,0.0
Pittsburgh Steelers,PIT,1999,4,1999-10-03,False,JAX,H,L,3,17,1.0,1,0,0,0,4.0
Pittsburgh Steelers,PIT,1999,5,1999-10-10,False,BUF,A,L,21,24,2.0,0,0,0,0,2.0
Pittsburgh Steelers,PIT,1999,6,1999-10-17,False,CIN,A,W,17,3,4.0,2,0,0,0,15.0
Pittsburgh Steelers,PIT,1999,7,1999-10-25,False,ATL,H,W,13,9,7.0,1,0,0,0,13.0
Pittsburgh Steelers,PIT,1999,8,1999-11-07,False,SFO,A,W,27,6,1.0,1,0,0,0,10.0
Pittsburgh Steelers,PIT,1999,9,1999-11-14,False,CLE,H,L,15,16,6.0,1,0,0,0,9.0
Pittsburgh Steelers,PIT,1999,10,1999-11-21,False,TEN,A,L,10,16,0,1,0,0,0,3
Pittsburgh Steelers,PIT,1999,11,1999-11-28,False,CIN,H,L,20,27,2.0,1,0,0,0,4.0
Pittsburgh Steelers,PIT,1999,12,1999-12-02,False,JAX,A,L,6,20,2.0,0,0,0,0,3.0
Pittsburgh Steelers,PIT,1999,13,1999-12-12,False,BAL,H,L,24,31,4.0,0,0,0,0,3.0
Pittsburgh Steelers,PIT,1999,14,1999-12-18,False,KAN,A,L,19,35,1.0,0,0,0,0,-3.0
Pittsburgh Steelers,PIT,1999,15,1999-12-26,False,CAR,H,W,30,20,1.0,1,0,0,0,4.0
Pittsburgh Steelers,PIT,1999,16,2000-01-02,False,TEN,H,L,36,47,2.0,1,0,0,0,0.0
San Diego Chargers,SDG,1999,1,1999-09-19,False,CIN,A,W,34,7,3.0,1,0,0,0,9.0
San Diego Chargers,SDG,1999,2,1999-09-26,False,IND,H,L,19,27,0,1,0,0,0,2
San Diego Chargers,SDG,1999,3,1999-10-03,False,KAN,H,W,21,14,1.0,4,0,0,0,10.0
San Diego Chargers,SDG,1999,4,1999-10-10,False,DET,A,W,20,10,6.0,1,0,0,0,12.0
San Diego Chargers,SDG,1999,5,1999-10-17,False,SEA,H,W,13,10,3.0,1,0,0,0,9.0
San Diego Chargers,SDG,1999,6,1999-10-24,False,GNB,H,L,3,31,1.0,1,0,0,0,2.0
San Diego Chargers,SDG,1999,7,1999-10-31,False,KAN,A,L,0,34,1.0,0,0,0,0,0.0
San Diego Chargers,SDG,1999,8,1999-11-07,False,DEN,H,L,17,33,5.0,0,0,0,0,4.0
San Diego Chargers,SDG,1999,9,1999-11-14,False,OAK,A,L,9,28,1.0,0,0,0,0,0.0
San Diego Chargers,SDG,1999,10,1999-11-21,False,CHI,H,L,20,23,1.0,0,0,0,0,1.0
San Diego Chargers,SDG,1999,11,1999-11-28,False,MIN,A,L,27,35,1.0,2,0,0,0,1.0
San Diego Chargers,SDG,1999,12,1999-12-05,False,CLE,H,W,23,10,6.0,2,0,0,0,14.0
San Diego Chargers,SDG,1999,13,1999-12-12,False,SEA,A,W,19,16,3.0,1,0,0,0,6.0
San Diego Chargers,SDG,1999,14,1999-12-19,False,MIA,A,L,9,12,2.0,0,0,0,0,6.0
San Diego Chargers,SDG,1999,15,1999-12-26,False,OAK,H,W,23,20,3.0,1,0,0,0,6.0
San Diego Chargers,SDG,1999,16,2000-01-02,False,DEN,A,W,12,6,4.0,0,0,0,0,11.0
Seattle Seahawks,SEA,1999,1,1999-09-12,False,DET,H,L,20,28,5.0,1,0,0,0,6.0
Seattle Seahawks,SEA,1999,2,1999-09-19,False,CHI,A,W,14,13,3.0,0,0,0,0,7.0
Seattle Seahawks,SEA,1999,3,1999-09-26,False,PIT,A,W,29,10,2.0,5,0,0,1,22.0
Seattle Seahawks,SEA,1999,4,1999-10-03,False,OAK,H,W,22,21,2.0,1,0,0,0,4.0
Seattle Seahawks,SEA,1999,5,1999-10-17,False,SDG,A,L,10,13,2.0,4,0,0,0,14.0
Seattle Seahawks,SEA,1999,6,1999-10-24,False,BUF,H,W,26,16,3.0,2,0,0,0,8.0
Seattle Seahawks,SEA,1999,7,1999-11-01,False,GNB,A,W,27,7,3.0,4,0,0,0,15.0
Seattle Seahawks,SEA,1999,8,1999-11-07,False,CIN,H,W,37,20,1.0,2,0,0,0,6.0
Seattle Seahawks,SEA,1999,9,1999-11-14,False,DEN,H,W,20,17,1.0,1,0,0,0,4.0
Seattle Seahawks,SEA,1999,10,1999-11-21,False,KAN,A,W,31,19,2.0,1,0,0,0,5.0
Seattle Seahawks,SEA,1999,11,1999-11-28,False,TAM,H,L,3,16,5.0,0,0,0,0,6.0
Seattle Seahawks,SEA,1999,12,1999-12-05,False,OAK,A,L,21,30,0,1,0,0,0,1
Seattle Seahawks,SEA,1999,13,1999-12-12,False,SDG,H,L,16,19,1.0,1,0,0,0,4.0
Seattle Seahawks,SEA,1999,14,1999-12-19,False,DEN,A,L,30,36,2.0,2,0,0,0,2.0
Seattle Seahawks,SEA,1999,15,1999-12-26,False,KAN,H,W,23,14,4.0,3,0,0,0,11.0
Seattle Seahawks,SEA,1999,16,2000-01-02,False,NYJ,A,L,9,19,1.0,2,0,0,0,6.0
Seattle Seahawks,SEA,1999,17,2000-01-09,True,MIA,H,L,17,20,1.0,0,0,0,1,8.0
San Francisco 49ers,SFO,1999,1,1999-09-12,False,JAX,A,L,3,41,2.0,0,0,0,0,-2.0
San Francisco 49ers,SFO,1999,2,1999-09-19,False,NOR,H,W,28,21,0.0,2,0,0,0,4
San Francisco 49ers,SFO,1999,3,1999-09-27,False,ARI,A,W,24,10,5.0,2,0,0,0,13.0
San Francisco 49ers,SFO,1999,4,1999-10-03,False,TEN,H,W,24,22,3.0,1,0,0,0,5.0
San Francisco 49ers,SFO,1999,5,1999-10-10,False,STL,A,L,20,42,1.0,1,0,0,0,-1.0
San Francisco 49ers,SFO,1999,6,1999-10-17,False,CAR,H,L,29,31,2.0,3,0,0,0,7.0
San Francisco 49ers,SFO,1999,7,1999-10-24,False,MIN,A,L,16,40,1.0,1,0,0,0,-1.0
San Francisco 49ers,SFO,1999,8,1999-11-07,False,PIT,H,L,6,27,1.0,0,0,0,0,1.0
San Francisco 49ers,SFO,1999,9,1999-11-14,False,NOR,A,L,6,24,2.0,0,0,0,0,2.0
San Francisco 49ers,SFO,1999,10,1999-11-21,False,STL,H,L,7,23,3.0,1,0,0,0,5.0
San Francisco 49ers,SFO,1999,11,1999-11-29,False,GNB,H,L,3,20,1.0,0,0,0,0,2.0
San Francisco 49ers,SFO,1999,12,1999-12-05,False,CIN,A,L,30,44,2.0,0,0,0,0,-2.0
San Francisco 49ers,SFO,1999,13,1999-12-12,False,ATL,H,W,26,7,5.0,1,0,0,0,11.0
San Francisco 49ers,SFO,1999,14,1999-12-18,False,CAR,A,L,24,41,1.0,0,0,0,0,-3.0
San Francisco 49ers,SFO,1999,15,1999-12-26,False,WAS,H,L,20,26,3.0,1,0,0,0,5.0
San Francisco 49ers,SFO,1999,16,2000-01-03,False,ATL,A,L,29,34,0,0,0,0,0,-1
St. Louis Rams,STL,1999,1,1999-09-12,False,BAL,H,W,27,10,5.0,2,0,0,0,13.0
St. Louis Rams,STL,1999,2,1999-09-26,False,ATL,H,W,35,7,2.0,1,0,0,0,8.0
St. Louis Rams,STL,1999,3,1999-10-03,False,CIN,A,W,38,10,3.0,1,0,0,1,15.0
St. Louis Rams,STL,1999,4,1999-10-10,False,SFO,H,W,42,20,0.0,3,0,0,1,13
St. Louis Rams,STL,1999,5,1999-10-17,False,ATL,A,W,41,13,4.0,2,0,0,1,18.0
St. Louis Rams,STL,1999,6,1999-10-24,False,CLE,H,W,34,3,1.0,2,0,0,0,12.0
St. Louis Rams,STL,1999,7,1999-10-31,False,TEN,A,L,21,24,1.0,0,0,0,0,1.0
St. Louis Rams,STL,1999,8,1999-11-07,False,DET,A,L,27,31,7.0,0,0,0,0,6.0
St. Louis Rams,STL,1999,9,1999-11-14,False,CAR,H,W,35,10,6.0,2,0,0,0,14.0
St. Louis Rams,STL,1999,10,1999-11-21,False,SFO,A,W,23,7,7.0,3,0,0,0,17.0
St. Louis Rams,STL,1999,11,1999-11-28,False,NOR,H,W,43,12,2.0,2,0,0,0,10.0
St. Louis Rams,STL,1999,12,1999-12-05,False,CAR,A,W,34,21,4.0,2,0,0,0,8.0
St. Louis Rams,STL,1999,13,1999-12-12,False,NOR,A,W,30,14,6.0,3,0,0,0,13.0
St. Louis Rams,STL,1999,14,1999-12-19,False,NYG,H,W,31,10,2.0,2,0,0,0,10.0
St. Louis Rams,STL,1999,15,1999-12-26,False,CHI,H,W,34,12,4.0,2,0,0,0,12.0
St. Louis Rams,STL,1999,16,2000-01-02,False,PHI,A,L,31,38,3.0,2,0,0,0,3.0
St. Louis Rams,STL,1999,17,2000-01-16,True,MIN,H,W,49,37,4.0,1,0,0,1,8.0
St. Louis Rams,STL,1999,18,2000-01-23,True,TAM,H,W,11,6,5.0,2,0,0,0,16.0
St. Louis Rams,STL,1999,19,2000-01-30,True,TEN,N,W,23,16,1.0,0,0,0,0,2.0
Tampa Bay Buccaneers,TAM,1999,1,1999-09-12,False,NYG,H,L,13,17,2.0,0,0,0,0,3.0
Tampa Bay Buccaneers,TAM,1999,2,1999-09-19,False,PHI,A,W,19,5,9.0,1,0,0,0,18.0
Tampa Bay Buccaneers,TAM,1999,3,1999-09-26,False,DEN,H,W,13,10,2.0,1,0,0,0,8.0
Tampa Bay Buccaneers,TAM,1999,4,1999-10-03,False,MIN,A,L,14,21,0.0,1,0,0,0,2
Tampa Bay Buccaneers,TAM,1999,5,1999-10-10,False,GNB,A,L,23,26,5.0,0,0,0,0,5.0
Tampa Bay Buccaneers,TAM,1999,6,1999-10-24,False,CHI,H,W,6,3,2.0,2,0,0,0,13.0
Tampa Bay Buccaneers,TAM,1999,7,1999-10-31,False,DET,A,L,3,20,3.0,0,0,0,0,4.0
Tampa Bay Buccaneers,TAM,1999,8,1999-11-07,False,NOR,A,W,31,16,1.0,2,0,0,0,6.0
Tampa Bay Buccaneers,TAM,1999,9,1999-11-14,False,KAN,H,W,17,10,2.0,1,0,0,0,8.0
Tampa Bay Buccaneers,TAM,1999,10,1999-11-21,False,ATL,H,W,19,10,2.0,2,0,0,0,10.0
Tampa Bay Buccaneers,TAM,1999,11,1999-11-28,False,SEA,A,W,16,3,3.0,5,0,0,0,20.0
Tampa Bay Buccaneers,TAM,1999,12,1999-12-06,False,MIN,H,W,24,17,4.0,2,0,0,0,9.0
Tampa Bay Buccaneers,TAM,1999,13,1999-12-12,False,DET,H,W,23,16,4.0,1,0,0,0,7.0
Tampa Bay Buccaneers,TAM,1999,14,1999-12-19,False,OAK,A,L,0,45,1.0,0,0,0,0,-3.0
Tampa Bay Buccaneers,TAM,1999,15,1999-12-26,False,GNB,H,W,29,10,1.0,2,0,0,0,9.0
Tampa Bay Buccaneers,TAM,1999,16,2000-01-02,False,CHI,A,W,20,6,2.0,1,0,0,0,11.0
Tampa Bay Buccaneers,TAM,1999,17,2000-01-15,True,WAS,H,W,14,13,3.0,1,0,0,0,9.0
Tampa Bay Buccaneers,TAM,1999,18,2000-01-23,True,STL,A,L,6,11,0.0,3,0,0,0,10
Tennessee Titans,TEN,1999,1,1999-09-12,False,CIN,H,W,36,35,1.0,2,0,0,0,1.0
Tennessee Titans,TEN,1999,2,1999-09-19,False,CLE,H,W,26,9,7.0,0,0,0,0,11.0
Tennessee Titans,TEN,1999,3,1999-09-26,False,JAX,A,W,20,19,0.0,3,0,0,0,7
Tennessee Titans,TEN,1999,4,1999-10-03,False,SFO,A,L,22,24,1.0,0,0,0,0,1.0
Tennessee Titans,TEN,1999,5,1999-10-10,False,BAL,H,W,14,11,3.0,0,0,0,0,7.0
Tennessee Titans,TEN,1999,6,1999-10-17,False,NOR,A,W,24,21,0.0,2,0,0,0,4
Tennessee Titans,TEN,1999,7,1999-10-31,False,STL,H,W,24,21,6.0,0,0,0,0,6.0
Tennessee Titans,TEN,1999,8,1999-11-07,False,MIA,A,L,0,17,4.0,0,0,0,0,5.0
Tennessee Titans,TEN,1999,9,1999-11-14,False,CIN,A,W,24,14,7.0,0,0,0,0,8.0
Tennessee Titans,TEN,1999,10,1999-11-21,False,PIT,H,W,16,10,5.0,1,0,0,0,11.0
Tennessee Titans,TEN,1999,11,1999-11-28,False,CLE,A,W,33,21,7.0,0,0,0,1,13.0
Tennessee Titans,TEN,1999,12,1999-12-05,False,BAL,A,L,14,41,1.0,0,0,0,0,-3.0
Tennessee Titans,TEN,1999,13,1999-12-09,False,OAK,H,W,21,14,4.0,1,0,0,0,7.0
Tennessee Titans,TEN,1999,14,1999-12-19,False,ATL,H,W,30,17,2.0,3,0,0,0,9.0
Tennessee Titans,TEN,1999,15,1999-12-26,False,JAX,H,W,41,14,4.0,3,0,0,0,11.0
Tennessee Titans,TEN,1999,16,2000-01-02,False,PIT,A,W,47,36,2.0,1,0,0,0,0.0
Tennessee Titans,TEN,1999,17,2000-01-08,True,BUF,H,W,22,16,6.0,0,0,1,1,15.0
Tennessee Titans,TEN,1999,18,2000-01-16,True,IND,A,W,19,16,0.0,0,0,0,0,1
Tennessee Titans,TEN,1999,19,2000-01-23,True,JAX,A,W,33,14,3.0,2,0,0,1,14.0
Tennessee Titans,TEN,1999,20,2000-01-30,True,STL,N,L,16,23,2.0,0,0,0,0,2.0
Washington Redskins,WAS,1999,1,1999-09-12,False,DAL,H,L,35,41,1.0,3,0,0,0,3.0
Washington Redskins,WAS,1999,2,1999-09-19,False,NYG,A,W,50,21,2.0,2,0,0,0,6.0
Washington Redskins,WAS,1999,3,1999-09-26,False,NYJ,A,W,27,20,6.0,1,0,0,0,9.0
Washington Redskins,WAS,1999,4,1999-10-03,False,CAR,H,W,38,36,2.0,1,0,0,0,0.0
Washington Redskins,WAS,1999,5,1999-10-17,False,ARI,A,W,24,10,2.0,3,0,0,0,12.0
Washington Redskins,WAS,1999,6,1999-10-24,False,DAL,A,L,20,38,0,0,0,0,0,-4
Washington Redskins,WAS,1999,7,1999-10-31,False,CHI,H,W,48,22,3.0,4,0,0,0,11.0
Washington Redskins,WAS,1999,8,1999-11-07,False,BUF,H,L,17,34,1.0,0,0,0,0,0.0
Washington Redskins,WAS,1999,9,1999-11-14,False,PHI,A,L,28,35,3.0,0,0,0,0,-1.0
Washington Redskins,WAS,1999,10,1999-11-21,False,NYG,H,W,23,13,4.0,3,0,0,0,14.0
Washington Redskins,WAS,1999,11,1999-11-28,False,PHI,H,W,20,17,2.0,0,0,0,0,3.0
Washington Redskins,WAS,1999,12,1999-12-05,False,DET,A,L,17,33,5.0,0,0,0,1,10.0
Washington Redskins,WAS,1999,13,1999-12-12,False,ARI,H,W,28,3,5.0,3,0,0,0,18.0
Washington Redskins,WAS,1999,14,1999-12-19,False,IND,A,L,21,24,1.0,1,0,0,0,3.0
Washington Redskins,WAS,1999,15,1999-12-26,False,SFO,A,W,26,20,0.0,1,0,0,0,3
Washington Redskins,WAS,1999,16,2000-01-02,False,MIA,H,W,21,10,3.0,2,0,0,0,11.0
Washington Redskins,WAS,1999,17,2000-01-08,True,DET,H,W,27,13,5.0,2,0,0,0,13.0
Washington Redskins,WAS,1999,18,2000-01-15,True,TAM,A,L,13,14,2.0,1,0,0,1,11.0
