name,season,week,date,playoff,team,opp,home_away,result,team_score,opp_score,pass_cmp,pass_att,pass_yds,pass_td,pass_int,pass_rating,sacked,rush_att,rush_yds,rush_td,two_pt,fum_rec_td,fpts_std,fpts_ppr,player_id,complete,missing_fields,source
Bob Griese,1980,1,1980-09-07,False,MIA,BUF,A,L,7,17,11,18,101,1,2,55.3,,1,0,0,0,,4.04,4.04,8495,False,sacked;fum_rec_td,PFR+RULE2PT
Bob Griese,1980,2,1980-09-14,False,MIA,CIN,H,W,17,16,3,8,36,0,1,12.5,,0,0,0,0,,-0.56,-0.56,8495,False,sacked;fum_rec_td,PFR+RULE2PT
Bob Griese,1980,3,1980-09-21,False,MIA,ATL,A,W,20,17,10,14,140,2,1,113.1,,0,0,0,0,,11.6,11.6,8495,False,sacked;fum_rec_td,PFR+RULE2PT
Bob Griese,1980,4,1980-09-28,False,MIA,NOR,H,W,21,16,16,23,241,1,0,118.2,,0,0,0,0,,13.64,13.64,8495,False,sacked;fum_rec_td,PFR+RULE2PT
Bob Griese,1980,5,1980-10-05,False,MIA,BAL,H,L,17,30,21,37,272,2,0,98.0,,0,0,0,0,,18.88,18.88,8495,False,sacked;fum_rec_td,PFR+RULE2PT
Terry Bradshaw,1980,1,1980-09-07,False,PIT,HOU,H,W,31,17,12,24,254,2,2,80.9,,2,6,1,0,,20.76,20.76,2230,False,sacked;fum_rec_td,PFR+RULE2PT
Terry Bradshaw,1980,2,1980-09-14,False,PIT,BAL,A,W,20,17,20,35,282,2,1,90.4,,4,-2,0,0,,17.08,17.08,2230,False,sacked;fum_rec_td,PFR+RULE2PT
Terry Bradshaw,1980,3,1980-09-21,False,PIT,CIN,A,L,28,30,14,25,265,3,2,99.2,,1,0,0,0,,18.6,18.6,2230,False,sacked;fum_rec_td,PFR+RULE2PT
Terry Bradshaw,1980,4,1980-09-28,False,PIT,CHI,H,W,38,3,12,19,217,4,1,120.0,,1,-6,0,0,,22.08,22.08,2230,False,sacked;fum_rec_td,PFR+RULE2PT
Terry Bradshaw,1980,5,1980-10-05,False,PIT,MIN,A,W,23,17,16,28,236,1,1,81.8,,4,10,1,0,,18.44,18.44,2230,False,sacked;fum_rec_td,PFR+RULE2PT
Terry Bradshaw,1980,6,1980-10-12,False,PIT,CIN,H,L,16,17,14,35,237,1,1,61.2,,3,13,0,0,,12.78,12.78,2230,False,sacked;fum_rec_td,PFR+RULE2PT
Terry Bradshaw,1980,7,1980-10-20,False,PIT,OAK,H,L,34,45,18,27,299,2,1,113.0,,2,12,0,0,,19.16,19.16,2230,False,sacked;fum_rec_td,PFR+RULE2PT
Terry Bradshaw,1980,9,1980-11-02,False,PIT,GNB,H,W,22,20,12,28,135,2,2,51.9,,4,10,0,0,,10.4,10.4,2230,False,sacked;fum_rec_td,PFR+RULE2PT
Terry Bradshaw,1980,10,1980-11-09,False,PIT,TAM,A,W,24,21,11,26,100,1,1,50.2,,1,-1,0,0,,5.9,5.9,2230,False,sacked;fum_rec_td,PFR+RULE2PT
Terry Bradshaw,1980,11,1980-11-16,False,PIT,CLE,H,W,16,13,19,35,263,2,4,58.1,,3,21,0,0,,12.62,12.62,2230,False,sacked;fum_rec_td,PFR+RULE2PT
Terry Bradshaw,1980,12,1980-11-23,False,PIT,BUF,A,L,13,28,17,31,155,0,0,68.6,,3,17,0,0,,7.9,7.9,2230,False,sacked;fum_rec_td,PFR+RULE2PT
Terry Bradshaw,1980,13,1980-11-30,False,PIT,MIA,H,W,23,10,13,31,289,1,1,73.2,,3,14,0,0,,14.96,14.96,2230,False,sacked;fum_rec_td,PFR+RULE2PT
Terry Bradshaw,1980,14,1980-12-04,False,PIT,HOU,A,L,0,6,10,26,138,0,3,16.7,,2,18,0,0,,1.32,1.32,2230,False,sacked;fum_rec_td,PFR+RULE2PT
Terry Bradshaw,1980,15,1980-12-14,False,PIT,KAN,H,W,21,16,14,22,197,2,2,84.8,,2,-1,0,0,,11.78,11.78,2230,False,sacked;fum_rec_td,PFR+RULE2PT
Terry Bradshaw,1980,16,1980-12-22,False,PIT,SDG,A,L,17,26,16,32,272,1,0,89.6,,1,0,0,0,,14.88,14.88,2230,False,sacked;fum_rec_td,PFR+RULE2PT
Terry Bradshaw,1981,1,1981-09-06,False,PIT,KAN,H,L,33,37,21,36,319,2,2,83.0,,2,-7,0,0,,16.06,16.06,2230,False,sacked;fum_rec_td,PFR+RULE2PT
Terry Bradshaw,1981,2,1981-09-10,False,PIT,MIA,A,L,10,30,15,33,222,1,2,52.8,,2,16,0,0,,10.48,10.48,2230,False,sacked;fum_rec_td,PFR+RULE2PT
Terry Bradshaw,1981,3,1981-09-20,False,PIT,NYJ,H,W,38,10,14,28,225,0,0,77.2,,7,41,1,0,,19.1,19.1,2230,False,sacked;fum_rec_td,PFR+RULE2PT
Terry Bradshaw,1981,4,1981-09-27,False,PIT,NWE,H,W,27,21,15,30,247,2,0,100.3,,5,49,0,0,,22.78,22.78,2230,False,sacked;fum_rec_td,PFR+RULE2PT
Terry Bradshaw,1981,5,1981-10-04,False,PIT,NOR,A,W,20,6,19,28,276,2,0,123.5,,1,0,0,0,,19.04,19.04,2230,False,sacked;fum_rec_td,PFR+RULE2PT
Terry Bradshaw,1981,6,1981-10-11,False,PIT,CLE,H,W,13,7,19,33,199,1,1,72.7,,3,20,0,0,,11.96,11.96,2230,False,sacked;fum_rec_td,PFR+RULE2PT
Terry Bradshaw,1981,7,1981-10-18,False,PIT,CIN,A,L,7,34,14,27,145,1,0,80.0,,1,5,0,0,,10.3,10.3,2230,False,sacked;fum_rec_td,PFR+RULE2PT
Terry Bradshaw,1981,8,1981-10-26,False,PIT,HOU,H,W,26,13,14,28,208,2,1,83.6,,4,4,0,0,,14.72,14.72,2230,False,sacked;fum_rec_td,PFR+RULE2PT
Terry Bradshaw,1981,9,1981-11-01,False,PIT,SFO,H,L,14,17,12,23,125,1,3,43.1,,3,7,0,0,,3.7,3.7,2230,False,sacked;fum_rec_td,PFR+RULE2PT
Terry Bradshaw,1981,10,1981-11-08,False,PIT,SEA,A,L,21,24,13,22,212,1,2,68.8,,2,6,0,0,,9.08,9.08,2230,False,sacked;fum_rec_td,PFR+RULE2PT
Terry Bradshaw,1981,11,1981-11-15,False,PIT,ATL,A,W,34,20,14,22,253,5,1,123.7,,1,1,0,0,,28.22,28.22,2230,False,sacked;fum_rec_td,PFR+RULE2PT
Terry Bradshaw,1981,12,1981-11-22,False,PIT,CLE,A,W,32,10,17,32,223,2,2,70.2,,2,4,0,0,,13.32,13.32,2230,False,sacked;fum_rec_td,PFR+RULE2PT
Terry Bradshaw,1981,13,1981-11-29,False,PIT,RAM,H,W,24,0,10,19,204,1,0,108.2,,5,16,1,0,,19.76,19.76,2230,False,sacked;fum_rec_td,PFR+RULE2PT
Terry Bradshaw,1981,14,1981-12-07,False,PIT,OAK,A,L,27,30,4,9,29,1,0,89.6,,0,0,0,0,,5.16,5.16,2230,False,sacked;fum_rec_td,PFR+RULE2PT
Terry Bradshaw,1982,1,1982-09-13,False,PIT,DAL,A,W,36,28,17,28,246,3,0,125.0,1,0,0,0,0,,21.84,21.84,2230,False,fum_rec_td,PFR+RULE2PT
Terry Bradshaw,1982,2,1982-09-19,False,PIT,CIN,H,W,26,20,29,42,298,3,0,113.0,3,2,3,0,0,,24.22,24.22,2230,False,fum_rec_td,PFR+RULE2PT
Terry Bradshaw,1982,3,1982-11-21,False,PIT,HOU,A,W,24,10,16,40,228,3,2,63.3,4,1,6,0,0,,17.72,17.72,2230,False,fum_rec_td,PFR+RULE2PT
Terry Bradshaw,1982,4,1982-11-28,False,PIT,SEA,A,L,0,16,5,7,67,0,0,101.5,1,0,0,0,0,,2.68,2.68,2230,False,fum_rec_td,PFR+RULE2PT
Terry Bradshaw,1982,5,1982-12-05,False,PIT,KAN,H,W,35,14,15,20,231,3,1,131.5,1,2,0,0,0,,19.24,19.24,2230,False,fum_rec_td,PFR+RULE2PT
Terry Bradshaw,1982,6,1982-12-12,False,PIT,BUF,A,L,0,13,2,13,3,0,2,0.0,4,0,0,0,0,,-3.88,-3.88,2230,False,fum_rec_td,PFR+RULE2PT
Terry Bradshaw,1982,7,1982-12-19,False,PIT,CLE,A,L,9,10,12,39,144,1,4,12.1,3,0,0,0,0,,1.76,1.76,2230,False,fum_rec_td,PFR+RULE2PT
Terry Bradshaw,1982,8,1982-12-26,False,PIT,NWE,H,W,37,14,17,27,282,2,0,122.8,0,2,2,0,0,,19.48,19.48,2230,False,fum_rec_td,PFR+RULE2PT
Terry Bradshaw,1982,9,1983-01-02,False,PIT,CLE,H,W,37,21,14,24,269,2,2,90.5,1,1,-1,0,0,,14.66,14.66,2230,False,fum_rec_td,PFR+RULE2PT
Terry Bradshaw,1982,10,1983-01-09,True,PIT,SDG,H,L,28,31,28,39,325,2,2,92.4,0,2,12,1,0,,24.2,24.2,2230,False,fum_rec_td,PFR+RULE2PT
Terry Bradshaw,1983,15,1983-12-10,False,PIT,NYJ,A,W,34,7,5,8,77,2,0,133.9,0,1,3,0,0,,11.38,11.38,2230,False,fum_rec_td,PFR+RULE2PT
Ken Stabler,1980,1,1980-09-07,False,HOU,PIT,A,L,17,31,24,43,196,0,5,28.0,,1,0,0,0,,-2.16,-2.16,21053,False,sacked;fum_rec_td,PFR+RULE2PT
Ken Stabler,1980,2,1980-09-15,False,HOU,CLE,A,W,16,7,23,28,187,0,0,94.5,,0,0,0,0,,7.48,7.48,21053,False,sacked;fum_rec_td,PFR+RULE2PT
Ken Stabler,1980,3,1980-09-21,False,HOU,BAL,H,W,21,16,18,21,219,1,2,86.4,,2,-4,0,0,,8.36,8.36,21053,False,sacked;fum_rec_td,PFR+RULE2PT
Ken Stabler,1980,4,1980-09-28,False,HOU,CIN,A,W,13,10,26,34,241,0,0,95.3,,1,-2,0,0,,9.44,9.44,21053,False,sacked;fum_rec_td,PFR+RULE2PT
Ken Stabler,1980,5,1980-10-05,False,HOU,SEA,H,L,7,26,23,50,174,1,5,22.0,,0,0,0,0,,0.96,0.96,21053,False,sacked;fum_rec_td,PFR+RULE2PT
Ken Stabler,1980,6,1980-10-12,False,HOU,KAN,A,L,20,21,11,17,131,1,2,68.1,,0,0,0,0,,5.24,5.24,21053,False,sacked;fum_rec_td,PFR+RULE2PT
Ken Stabler,1980,7,1980-10-19,False,HOU,TAM,H,W,20,14,19,26,242,1,1,98.6,,1,-2,0,0,,11.48,11.48,21053,False,sacked;fum_rec_td,PFR+RULE2PT
Ken Stabler,1980,8,1980-10-26,False,HOU,CIN,H,W,23,3,12,20,118,0,1,55.8,,0,0,0,0,,2.72,2.72,21053,False,sacked;fum_rec_td,PFR+RULE2PT
Ken Stabler,1980,9,1980-11-02,False,HOU,DEN,A,W,20,16,11,19,164,0,0,86.3,,1,-2,0,0,,6.36,6.36,21053,False,sacked;fum_rec_td,PFR+RULE2PT
Ken Stabler,1980,10,1980-11-10,False,HOU,NWE,H,W,38,34,15,17,258,3,1,133.8,,2,-1,0,0,,20.22,20.22,21053,False,sacked;fum_rec_td,PFR+RULE2PT
Ken Stabler,1980,11,1980-11-16,False,HOU,CHI,A,W,10,6,12,23,106,0,1,46.6,,2,-2,0,0,,2.04,2.04,21053,False,sacked;fum_rec_td,PFR+RULE2PT
Ken Stabler,1980,12,1980-11-23,False,HOU,NYJ,A,L,28,31,33,51,388,4,4,81.2,,1,-3,0,0,,23.22,23.22,21053,False,sacked;fum_rec_td,PFR+RULE2PT
Ken Stabler,1980,13,1980-11-30,False,HOU,CLE,H,L,14,17,17,26,219,1,2,72.4,,1,0,0,0,,8.76,8.76,21053,False,sacked;fum_rec_td,PFR+RULE2PT
Ken Stabler,1980,14,1980-12-04,False,HOU,PIT,H,W,6,0,15,27,177,0,1,60.3,,3,-6,0,0,,4.48,4.48,21053,False,sacked;fum_rec_td,PFR+RULE2PT
Ken Stabler,1980,15,1980-12-14,False,HOU,GNB,A,W,22,3,15,22,143,0,1,67.0,,0,0,0,0,,3.72,3.72,21053,False,sacked;fum_rec_td,PFR+RULE2PT
Ken Stabler,1980,16,1980-12-21,False,HOU,MIN,H,W,20,16,19,33,239,1,2,65.1,,0,0,0,0,,9.56,9.56,21053,False,sacked;fum_rec_td,PFR+RULE2PT
Ken Stabler,1980,17,1980-12-28,True,HOU,OAK,A,L,7,27,15,26,243,0,2,57.1,,0,0,0,0,,5.72,5.72,21053,False,sacked;fum_rec_td,PFR+RULE2PT
Ken Stabler,1981,1,1981-09-06,False,HOU,RAM,A,W,27,20,12,19,169,2,0,126.9,,1,-2,0,0,,14.56,14.56,21053,False,sacked;fum_rec_td,PFR+RULE2PT
Ken Stabler,1981,2,1981-09-13,False,HOU,CLE,A,W,9,3,10,18,131,0,1,55.6,,2,-1,0,0,,3.14,3.14,21053,False,sacked;fum_rec_td,PFR+RULE2PT
Ken Stabler,1981,3,1981-09-20,False,HOU,MIA,H,L,10,16,16,26,178,1,1,78.7,,1,4,0,0,,9.52,9.52,21053,False,sacked;fum_rec_td,PFR+RULE2PT
Ken Stabler,1981,4,1981-09-27,False,HOU,NYJ,A,L,17,33,10,20,138,1,2,49.6,,1,0,0,0,,5.52,5.52,21053,False,sacked;fum_rec_td,PFR+RULE2PT
Ken Stabler,1981,5,1981-10-04,False,HOU,CIN,H,W,17,10,1,6,3,0,0,39.6,,2,-4,0,0,,-0.28,-0.28,21053,False,sacked;fum_rec_td,PFR+RULE2PT
Ken Stabler,1981,6,1981-10-11,False,HOU,SEA,H,W,35,17,12,18,156,3,0,133.3,,0,0,0,0,,18.24,18.24,21053,False,sacked;fum_rec_td,PFR+RULE2PT
Ken Stabler,1981,7,1981-10-18,False,HOU,NWE,A,L,10,38,18,35,201,1,4,38.8,,0,0,0,0,,4.04,4.04,21053,False,sacked;fum_rec_td,PFR+RULE2PT
Ken Stabler,1981,8,1981-10-26,False,HOU,PIT,A,L,13,26,15,23,230,1,1,94.5,,2,0,0,0,,11.2,11.2,21053,False,sacked;fum_rec_td,PFR+RULE2PT
Ken Stabler,1981,9,1981-11-01,False,HOU,CIN,A,L,21,34,22,33,211,1,3,56.5,,1,0,0,0,,6.44,6.44,21053,False,sacked;fum_rec_td,PFR+RULE2PT
Ken Stabler,1981,11,1981-11-15,False,HOU,KAN,A,L,10,23,12,22,194,1,2,61.6,,0,0,0,0,,7.76,7.76,21053,False,sacked;fum_rec_td,PFR+RULE2PT
Ken Stabler,1981,12,1981-11-22,False,HOU,NOR,H,L,24,27,15,23,190,1,1,87.2,,0,0,0,0,,9.6,9.6,21053,False,sacked;fum_rec_td,PFR+RULE2PT
Ken Stabler,1981,13,1981-11-29,False,HOU,ATL,H,L,27,31,17,33,139,2,2,57.5,,0,0,0,0,,9.56,9.56,21053,False,sacked;fum_rec_td,PFR+RULE2PT
Ken Stabler,1981,14,1981-12-03,False,HOU,CLE,H,W,17,13,5,9,48,0,1,31.0,,0,0,0,0,,-0.08,-0.08,21053,False,sacked;fum_rec_td,PFR+RULE2PT
Ken Stabler,1982,1,1982-09-12,False,NOR,STL,H,L,7,21,19,27,221,1,0,107.2,3,1,0,0,0,,12.84,12.84,21053,False,fum_rec_td,PFR+RULE2PT
Ken Stabler,1982,2,1982-09-19,False,NOR,CHI,A,W,10,0,11,17,147,1,1,87.1,1,0,0,0,0,,7.88,7.88,21053,False,fum_rec_td,PFR+RULE2PT
Ken Stabler,1982,3,1982-11-21,False,NOR,KAN,H,W,27,17,13,18,129,1,1,87.5,0,0,0,0,0,,7.16,7.16,21053,False,fum_rec_td,PFR+RULE2PT
Ken Stabler,1982,4,1982-11-28,False,NOR,SFO,A,W,23,20,11,20,154,1,1,75.8,0,2,-4,0,0,,7.76,7.76,21053,False,fum_rec_td,PFR+RULE2PT
Ken Stabler,1982,5,1982-12-05,False,NOR,TAM,H,L,10,13,29,43,333,1,0,98.3,2,0,0,0,0,,17.32,17.32,21053,False,fum_rec_td,PFR+RULE2PT
Ken Stabler,1982,6,1982-12-12,False,NOR,ATL,A,L,0,35,8,19,56,0,3,10.1,5,0,0,0,0,,-3.76,-3.76,21053,False,fum_rec_td,PFR+RULE2PT
Ken Stabler,1982,7,1982-12-19,False,NOR,DAL,A,L,7,21,2,10,32,0,2,0.8,2,0,0,0,0,,-2.72,-2.72,21053,False,fum_rec_td,PFR+RULE2PT
Ken Stabler,1982,9,1983-01-02,False,NOR,ATL,H,W,35,6,24,35,271,1,2,77.2,0,0,0,0,0,,10.84,10.84,21053,False,fum_rec_td,PFR+RULE2PT
Ken Stabler,1983,1,1983-09-04,False,NOR,STL,H,W,28,17,0,1,0,0,0,39.6,0,0,0,0,0,,0.0,0.0,21053,False,fum_rec_td,PFR+RULE2PT
Ken Stabler,1983,2,1983-09-11,False,NOR,RAM,A,L,27,30,16,30,220,1,1,74.3,0,0,0,0,0,,10.8,10.8,21053,False,fum_rec_td,PFR+RULE2PT
Ken Stabler,1983,3,1983-09-18,False,NOR,CHI,H,W,34,31,25,39,279,2,3,70.4,6,0,0,0,0,,13.16,13.16,21053,False,fum_rec_td,PFR+RULE2PT
Ken Stabler,1983,4,1983-09-25,False,NOR,DAL,A,L,20,21,18,34,207,0,1,59.3,3,1,0,0,0,,6.28,6.28,21053,False,fum_rec_td,PFR+RULE2PT
Ken Stabler,1983,5,1983-10-02,False,NOR,MIA,H,W,17,7,12,18,124,1,0,104.9,0,1,-2,0,0,,8.76,8.76,21053,False,fum_rec_td,PFR+RULE2PT
Ken Stabler,1983,6,1983-10-09,False,NOR,ATL,A,W,19,17,15,29,148,1,1,63.6,0,0,0,0,0,,7.92,7.92,21053,False,fum_rec_td,PFR+RULE2PT
Ken Stabler,1983,7,1983-10-16,False,NOR,SFO,H,L,13,32,10,20,105,0,2,26.0,0,0,0,0,0,,0.2,0.2,21053,False,fum_rec_td,PFR+RULE2PT
Ken Stabler,1983,8,1983-10-23,False,NOR,TAM,A,W,24,21,12,29,94,1,4,22.0,4,2,-4,0,0,,-0.64,-0.64,21053,False,fum_rec_td,PFR+RULE2PT
Ken Stabler,1983,9,1983-10-30,False,NOR,BUF,A,L,21,27,4,6,47,0,1,50.7,0,0,0,0,0,,-0.12,-0.12,21053,False,fum_rec_td,PFR+RULE2PT
Ken Stabler,1983,12,1983-11-21,False,NOR,NYJ,H,L,28,31,12,19,190,1,1,92.0,2,0,0,0,0,,9.6,9.6,21053,False,fum_rec_td,PFR+RULE2PT
Ken Stabler,1983,13,1983-11-27,False,NOR,MIN,H,W,17,16,13,22,171,0,3,44.1,0,3,-6,0,0,,0.24,0.24,21053,False,fum_rec_td,PFR+RULE2PT
Ken Stabler,1983,14,1983-12-04,False,NOR,NWE,A,L,0,7,15,26,125,0,0,70.2,1,0,0,0,0,,5.0,5.0,21053,False,fum_rec_td,PFR+RULE2PT
Ken Stabler,1983,15,1983-12-11,False,NOR,PHI,A,W,20,17,16,24,183,1,0,103.3,0,2,-2,0,0,,11.12,11.12,21053,False,fum_rec_td,PFR+RULE2PT
Ken Stabler,1983,16,1983-12-18,False,NOR,RAM,H,L,24,26,8,14,95,1,1,72.0,2,0,0,0,0,,5.8,5.8,21053,False,fum_rec_td,PFR+RULE2PT
Ken Stabler,1984,3,1984-09-16,False,NOR,SFO,A,L,20,30,14,27,157,2,2,63.3,2,0,0,0,0,,10.28,10.28,21053,False,fum_rec_td,PFR+RULE2PT
Ken Stabler,1984,7,1984-10-14,False,NOR,RAM,H,L,10,28,17,34,148,0,1,49.6,2,0,0,0,0,,3.92,3.92,21053,False,fum_rec_td,PFR+RULE2PT
Ken Stabler,1984,8,1984-10-21,False,NOR,DAL,A,L,27,30,2,9,34,0,2,3.2,1,1,-1,0,0,,-2.74,-2.74,21053,False,fum_rec_td,PFR+RULE2PT
Dan Fouts,1980,1,1980-09-07,False,SDG,SEA,A,W,34,13,21,31,230,4,0,129.0,,1,3,0,0,,25.5,25.5,7204,False,sacked;fum_rec_td,PFR+RULE2PT
Dan Fouts,1980,2,1980-09-14,False,SDG,OAK,H,W,30,24,29,44,387,3,5,76.8,,2,9,0,0,,18.38,18.38,7204,False,sacked;fum_rec_td,PFR+RULE2PT
Dan Fouts,1980,3,1980-09-21,False,SDG,DEN,A,W,30,13,13,27,211,1,3,47.5,,2,0,0,0,,6.44,6.44,7204,False,sacked;fum_rec_td,PFR+RULE2PT
Dan Fouts,1980,4,1980-09-28,False,SDG,KAN,A,W,24,7,15,30,194,2,0,92.9,,1,-1,0,0,,15.66,15.66,7204,False,sacked;fum_rec_td,PFR+RULE2PT
Dan Fouts,1980,5,1980-10-05,False,SDG,BUF,H,L,24,26,20,35,220,2,1,83.0,,1,1,0,0,,14.9,14.9,7204,False,sacked;fum_rec_td,PFR+RULE2PT
Dan Fouts,1980,6,1980-10-12,False,SDG,OAK,A,L,24,38,23,39,388,1,2,79.9,,2,1,1,0,,21.62,21.62,7204,False,sacked;fum_rec_td,PFR+RULE2PT
Dan Fouts,1980,7,1980-10-19,False,SDG,NYG,H,W,44,7,26,41,444,3,1,114.3,,0,0,0,0,,27.76,27.76,7204,False,sacked;fum_rec_td,PFR+RULE2PT
Dan Fouts,1980,8,1980-10-26,False,SDG,DAL,A,L,31,42,21,44,371,3,4,61.8,,1,-6,0,0,,18.24,18.24,7204,False,sacked;fum_rec_td,PFR+RULE2PT
Dan Fouts,1980,9,1980-11-02,False,SDG,CIN,A,W,31,14,22,41,270,3,0,98.6,,1,-1,0,0,,22.7,22.7,7204,False,sacked;fum_rec_td,PFR+RULE2PT
Dan Fouts,1980,10,1980-11-09,False,SDG,DEN,H,L,13,20,29,45,363,1,1,87.5,,2,2,0,0,,16.72,16.72,7204,False,sacked;fum_rec_td,PFR+RULE2PT
Dan Fouts,1980,11,1980-11-16,False,SDG,KAN,H,W,20,7,22,39,222,0,1,62.1,,2,-1,0,0,,6.78,6.78,7204,False,sacked;fum_rec_td,PFR+RULE2PT
Dan Fouts,1980,12,1980-11-20,False,SDG,MIA,A,W,27,24,25,41,226,3,0,100.3,,2,12,0,0,,22.24,22.24,7204,False,sacked;fum_rec_td,PFR+RULE2PT
Dan Fouts,1980,13,1980-11-30,False,SDG,PHI,H,W,22,21,20,28,342,2,0,136.3,,5,-5,0,0,,21.18,21.18,7204,False,sacked;fum_rec_td,PFR+RULE2PT
Dan Fouts,1980,14,1980-12-07,False,SDG,WAS,A,L,17,40,13,25,200,1,4,52.5,,0,0,0,0,,4.0,4.0,7204,False,sacked;fum_rec_td,PFR+RULE2PT
Dan Fouts,1980,15,1980-12-13,False,SDG,SEA,H,W,21,14,28,42,339,1,2,79.4,,0,0,0,0,,13.56,13.56,7204,False,sacked;fum_rec_td,PFR+RULE2PT
Dan Fouts,1980,16,1980-12-22,False,SDG,PIT,H,W,26,17,21,37,308,0,0,84.1,,1,1,1,0,,18.42,18.42,7204,False,sacked;fum_rec_td,PFR+RULE2PT
Dan Fouts,1980,17,1981-01-03,True,SDG,BUF,H,W,20,14,22,37,314,2,1,93.7,,2,-6,0,0,,17.96,17.96,7204,False,sacked;fum_rec_td,PFR+RULE2PT
Dan Fouts,1980,18,1981-01-11,True,SDG,OAK,H,L,27,34,22,45,336,2,2,70.2,,1,2,0,0,,17.64,17.64,7204,False,sacked;fum_rec_td,PFR+RULE2PT
Dan Fouts,1981,1,1981-09-07,False,SDG,CLE,A,W,44,14,19,25,330,3,0,157.1,,2,9,0,0,,26.1,26.1,7204,False,sacked;fum_rec_td,PFR+RULE2PT
Dan Fouts,1981,2,1981-09-13,False,SDG,DET,H,W,28,23,18,25,316,1,1,110.8,,6,17,0,0,,16.34,16.34,7204,False,sacked;fum_rec_td,PFR+RULE2PT
Dan Fouts,1981,3,1981-09-20,False,SDG,KAN,A,W,42,31,22,43,284,3,3,66.4,,3,8,0,0,,18.16,18.16,7204,False,sacked;fum_rec_td,PFR+RULE2PT
Dan Fouts,1981,4,1981-09-27,False,SDG,DEN,A,L,24,42,26,47,298,2,3,62.2,,1,-2,0,0,,13.72,13.72,7204,False,sacked;fum_rec_td,PFR+RULE2PT
Dan Fouts,1981,5,1981-10-04,False,SDG,SEA,H,W,24,10,30,41,302,3,0,118.1,,0,0,0,0,,24.08,24.08,7204,False,sacked;fum_rec_td,PFR+RULE2PT
Dan Fouts,1981,6,1981-10-11,False,SDG,MIN,H,L,31,33,20,38,310,2,0,97.5,,4,9,0,0,,21.3,21.3,7204,False,sacked;fum_rec_td,PFR+RULE2PT
Dan Fouts,1981,7,1981-10-18,False,SDG,BAL,A,W,43,14,26,43,298,3,0,104.6,,1,13,0,0,,25.22,25.22,7204,False,sacked;fum_rec_td,PFR+RULE2PT
Dan Fouts,1981,8,1981-10-25,False,SDG,CHI,A,L,17,20,13,43,295,2,2,52.0,,0,0,0,0,,15.8,15.8,7204,False,sacked;fum_rec_td,PFR+RULE2PT
Dan Fouts,1981,9,1981-11-01,False,SDG,KAN,H,W,22,20,24,39,297,0,1,74.4,,0,0,0,0,,9.88,9.88,7204,False,sacked;fum_rec_td,PFR+RULE2PT
Dan Fouts,1981,10,1981-11-08,False,SDG,CIN,H,L,17,40,20,40,352,2,2,76.2,,1,1,0,0,,18.18,18.18,7204,False,sacked;fum_rec_td,PFR+RULE2PT
Dan Fouts,1981,11,1981-11-16,False,SDG,SEA,A,L,23,44,20,34,252,1,1,79.5,,0,0,0,0,,12.08,12.08,7204,False,sacked;fum_rec_td,PFR+RULE2PT
Dan Fouts,1981,12,1981-11-22,False,SDG,OAK,A,W,55,21,28,44,296,6,1,113.3,,0,0,0,0,,33.84,33.84,7204,False,sacked;fum_rec_td,PFR+RULE2PT
Dan Fouts,1981,13,1981-11-29,False,SDG,DEN,H,W,34,17,19,29,256,1,0,105.0,,0,0,0,0,,14.24,14.24,7204,False,sacked;fum_rec_td,PFR+RULE2PT
Dan Fouts,1981,14,1981-12-06,False,SDG,BUF,H,L,27,28,28,42,343,2,1,97.6,,3,-2,0,0,,19.52,19.52,7204,False,sacked;fum_rec_td,PFR+RULE2PT
Dan Fouts,1981,15,1981-12-13,False,SDG,TAM,A,W,24,23,33,49,351,1,2,77.8,,1,3,0,0,,14.34,14.34,7204,False,sacked;fum_rec_td,PFR+RULE2PT
Dan Fouts,1981,16,1981-12-21,False,SDG,OAK,H,W,23,10,14,27,222,1,0,91.9,,0,0,0,0,,12.88,12.88,7204,False,sacked;fum_rec_td,PFR+RULE2PT
Dan Fouts,1981,17,1982-01-02,True,SDG,MIA,A,W,41,38,33,53,433,3,1,99.0,,2,10,0,0,,28.32,28.32,7204,False,sacked;fum_rec_td,PFR+RULE2PT
Dan Fouts,1981,18,1982-01-10,True,SDG,CIN,A,L,7,27,15,28,185,1,2,56.4,,1,6,0,0,,8.0,8.0,7204,False,sacked;fum_rec_td,PFR+RULE2PT
Dan Fouts,1982,1,1982-09-12,False,SDG,DEN,A,W,23,3,19,33,253,1,0,92.1,0,1,-3,0,0,,13.82,13.82,7204,False,fum_rec_td,PFR+RULE2PT
Dan Fouts,1982,2,1982-09-19,False,SDG,KAN,A,L,12,19,21,36,204,0,1,62.7,2,1,0,0,0,,6.16,6.16,7204,False,fum_rec_td,PFR+RULE2PT
Dan Fouts,1982,3,1982-11-22,False,SDG,RAI,A,L,24,28,25,42,357,1,2,75.2,2,0,0,0,0,,14.28,14.28,7204,False,fum_rec_td,PFR+RULE2PT
Dan Fouts,1982,4,1982-11-28,False,SDG,DEN,H,W,30,20,27,40,337,3,1,108.0,1,1,4,0,0,,23.88,23.88,7204,False,fum_rec_td,PFR+RULE2PT
Dan Fouts,1982,5,1982-12-05,False,SDG,CLE,A,W,30,13,18,23,252,0,2,76.1,0,3,5,0,0,,6.58,6.58,7204,False,fum_rec_td,PFR+RULE2PT
Dan Fouts,1982,6,1982-12-11,False,SDG,SFO,A,W,41,37,33,48,444,5,0,132.6,0,1,-2,0,0,,37.56,37.56,7204,False,fum_rec_td,PFR+RULE2PT
Dan Fouts,1982,7,1982-12-20,False,SDG,CIN,H,W,50,34,25,40,435,1,2,87.0,2,1,0,0,0,,17.4,17.4,7204,False,fum_rec_td,PFR+RULE2PT
Dan Fouts,1982,8,1982-12-26,False,SDG,BAL,H,W,44,26,18,30,298,5,1,119.2,2,0,0,0,0,,29.92,29.92,7204,False,fum_rec_td,PFR+RULE2PT
Dan Fouts,1982,9,1983-01-02,False,SDG,RAI,H,L,34,41,18,38,303,1,2,61.6,3,1,4,1,0,,18.52,18.52,7204,False,fum_rec_td,PFR+RULE2PT
Dan Fouts,1982,10,1983-01-09,True,SDG,PIT,A,W,31,28,27,42,333,3,0,112.5,0,0,0,0,0,,25.32,25.32,7204,False,fum_rec_td,PFR+RULE2PT
Dan Fouts,1982,11,1983-01-16,True,SDG,MIA,A,L,13,34,15,34,191,1,5,32.5,3,2,3,0,0,,1.94,1.94,7204,False,fum_rec_td,PFR+RULE2PT
Dan Fouts,1983,1,1983-09-04,False,SDG,NYJ,H,L,29,41,20,36,354,2,2,84.7,0,1,-2,0,0,,17.96,17.96,7204,False,fum_rec_td,PFR+RULE2PT
Dan Fouts,1983,2,1983-09-12,False,SDG,KAN,A,W,17,14,17,25,259,1,1,98.6,1,1,-4,0,0,,11.96,11.96,7204,False,fum_rec_td,PFR+RULE2PT
Dan Fouts,1983,3,1983-09-18,False,SDG,SEA,A,L,31,34,21,41,338,4,3,81.1,1,1,1,0,0,,23.62,23.62,7204,False,fum_rec_td,PFR+RULE2PT
Dan Fouts,1983,4,1983-09-25,False,SDG,CLE,H,L,24,30,24,38,351,3,0,119.5,1,1,-2,0,0,,25.84,25.84,7204,False,fum_rec_td,PFR+RULE2PT
Dan Fouts,1983,5,1983-10-02,False,SDG,NYG,A,W,41,34,15,28,215,2,2,72.8,1,1,0,0,0,,12.6,12.6,7204,False,fum_rec_td,PFR+RULE2PT
Dan Fouts,1983,6,1983-10-09,False,SDG,SEA,H,W,28,21,28,36,331,1,2,91.1,3,1,-2,0,0,,13.04,13.04,7204,False,fum_rec_td,PFR+RULE2PT
Dan Fouts,1983,7,1983-10-16,False,SDG,NWE,A,L,21,37,25,37,357,1,1,96.3,2,2,0,0,0,,16.28,16.28,7204,False,fum_rec_td,PFR+RULE2PT
Dan Fouts,1983,13,1983-11-27,False,SDG,DEN,H,W,31,7,24,33,299,2,1,108.0,1,2,0,0,0,,17.96,17.96,7204,False,fum_rec_td,PFR+RULE2PT
Dan Fouts,1983,14,1983-12-01,False,SDG,RAI,H,L,10,42,16,30,186,1,2,55.7,4,1,3,0,0,,7.74,7.74,7204,False,fum_rec_td,PFR+RULE2PT
Dan Fouts,1983,15,1983-12-11,False,SDG,KAN,H,W,41,38,25,36,285,3,1,109.1,0,1,1,1,0,,27.5,27.5,7204,False,fum_rec_td,PFR+RULE2PT
Dan Fouts,1984,1,1984-09-02,False,SDG,MIN,A,W,42,13,21,28,292,2,0,131.8,0,0,0,0,0,,19.68,19.68,7204,False,fum_rec_td,PFR+RULE2PT
Dan Fouts,1984,2,1984-09-09,False,SDG,SEA,A,L,17,31,23,40,332,2,4,61.7,2,1,2,0,0,,13.48,13.48,7204,False,fum_rec_td,PFR+RULE2PT
Dan Fouts,1984,3,1984-09-16,False,SDG,HOU,H,W,31,14,26,37,336,0,1,87.2,2,0,0,0,0,,11.44,12.44,7204,False,fum_rec_td,PFR+RULE2PT
Dan Fouts,1984,4,1984-09-24,False,SDG,RAI,A,L,30,33,19,37,227,1,1,68.2,4,1,-3,0,0,,10.78,10.78,7204,False,fum_rec_td,PFR+RULE2PT
Dan Fouts,1984,5,1984-09-30,False,SDG,DET,H,W,27,24,22,34,268,0,0,88.8,1,4,-6,0,0,,10.12,10.12,7204,False,fum_rec_td,PFR+RULE2PT
Dan Fouts,1984,6,1984-10-07,False,SDG,GNB,A,W,34,28,31,50,376,3,0,105.1,3,3,-8,0,0,,26.24,26.24,7204,False,fum_rec_td,PFR+RULE2PT
Dan Fouts,1984,7,1984-10-14,False,SDG,KAN,A,L,13,31,30,46,270,0,2,62.8,4,0,0,0,0,,6.8,6.8,7204,False,fum_rec_td,PFR+RULE2PT
Dan Fouts,1984,8,1984-10-21,False,SDG,RAI,H,L,37,44,24,45,410,3,3,78.9,4,2,-14,0,0,,21.0,21.0,7204,False,fum_rec_td,PFR+RULE2PT
Dan Fouts,1984,9,1984-10-29,False,SDG,SEA,H,L,0,24,24,39,200,0,2,53.4,6,1,0,0,0,,4.0,4.0,7204,False,fum_rec_td,PFR+RULE2PT
Dan Fouts,1984,10,1984-11-04,False,SDG,IND,A,W,38,10,27,38,283,3,2,96.7,0,0,0,0,0,,19.32,19.32,7204,False,fum_rec_td,PFR+RULE2PT
Dan Fouts,1984,11,1984-11-11,False,SDG,DEN,H,L,13,16,22,38,261,1,0,87.7,1,0,0,0,0,,14.44,14.44,7204,False,fum_rec_td,PFR+RULE2PT
Dan Fouts,1984,12,1984-11-18,False,SDG,MIA,H,W,34,28,37,56,380,4,1,101.8,1,0,0,0,0,,29.2,29.2,7204,False,fum_rec_td,PFR+RULE2PT
Dan Fouts,1984,13,1984-11-25,False,SDG,PIT,A,L,24,52,11,19,105,0,1,51.4,1,0,0,0,0,,2.2,2.2,7204,False,fum_rec_td,PFR+RULE2PT
Dan Fouts,1985,1,1985-09-08,False,SDG,BUF,A,W,14,9,16,29,218,1,1,76.5,1,3,7,0,0,,11.42,11.42,7204,False,fum_rec_td,PFR+RULE2PT
Dan Fouts,1985,2,1985-09-15,False,SDG,SEA,H,L,35,49,29,43,440,4,1,122.2,3,1,0,0,0,,31.6,31.6,7204,False,fum_rec_td,PFR+RULE2PT
Dan Fouts,1985,3,1985-09-22,False,SDG,CIN,A,W,44,41,25,43,344,4,2,95.5,0,0,0,0,0,,25.76,25.76,7204,False,fum_rec_td,PFR+RULE2PT
Dan Fouts,1985,4,1985-09-29,False,SDG,CLE,H,L,7,21,5,8,82,1,0,136.5,0,0,0,0,0,,7.28,7.28,7204,False,fum_rec_td,PFR+RULE2PT
Dan Fouts,1985,7,1985-10-20,False,SDG,MIN,A,L,17,21,7,10,64,0,2,47.5,0,1,0,0,0,,-1.44,-1.44,7204,False,fum_rec_td,PFR+RULE2PT
Dan Fouts,1985,8,1985-10-28,False,SDG,RAI,A,L,21,34,23,50,315,2,1,71.7,6,0,0,0,0,,18.6,18.6,7204,False,fum_rec_td,PFR+RULE2PT
Dan Fouts,1985,9,1985-11-03,False,SDG,DEN,H,W,30,10,23,34,302,2,2,90.6,2,0,0,0,0,,16.08,16.08,7204,False,fum_rec_td,PFR+RULE2PT
Dan Fouts,1985,10,1985-11-10,False,SDG,RAI,H,W,40,34,26,41,436,4,1,121.6,1,1,0,0,0,,31.44,31.44,7204,False,fum_rec_td,PFR+RULE2PT
Dan Fouts,1985,11,1985-11-17,False,SDG,DEN,A,L,24,30,23,45,245,1,2,56.3,0,2,-3,0,0,,9.5,9.5,7204,False,fum_rec_td,PFR+RULE2PT
Dan Fouts,1985,12,1985-11-24,False,SDG,HOU,A,L,35,37,24,36,343,2,2,92.7,3,0,0,0,0,,17.72,17.72,7204,False,fum_rec_td,PFR+RULE2PT
Dan Fouts,1985,13,1985-12-01,False,SDG,BUF,H,W,40,7,21,36,256,3,2,85.0,0,2,-3,0,0,,17.94,17.94,7204,False,fum_rec_td,PFR+RULE2PT
Dan Fouts,1985,14,1985-12-08,False,SDG,PIT,H,W,54,44,21,33,372,3,3,94.5,1,1,-2,0,0,,20.68,20.68,7204,False,fum_rec_td,PFR+RULE2PT
Dan Fouts,1985,15,1985-12-15,False,SDG,PHI,H,W,20,14,11,22,221,0,1,66.7,1,0,0,0,0,,6.84,6.84,7204,False,fum_rec_td,PFR+RULE2PT
Dan Fouts,1985,16,1985-12-22,False,SDG,KAN,A,L,34,38,0,0,0,0,0,0,0,0,0,0,0,,0.0,0.0,7204,False,fum_rec_td,PFR+RULE2PT
Dan Fouts,1986,1,1986-09-07,False,SDG,MIA,H,W,50,28,23,35,293,3,0,120.3,2,0,0,0,0,,23.72,23.72,7204,False,fum_rec_td,PFR+RULE2PT
Dan Fouts,1986,2,1986-09-14,False,SDG,NYG,A,L,7,20,19,43,224,1,5,28.8,1,0,0,0,0,,2.96,2.96,7204,False,fum_rec_td,PFR+RULE2PT
Dan Fouts,1986,3,1986-09-21,False,SDG,WAS,H,L,27,30,22,36,235,1,3,54.7,3,0,0,0,0,,7.4,7.4,7204,False,fum_rec_td,PFR+RULE2PT
Dan Fouts,1986,4,1986-09-28,False,SDG,RAI,A,L,13,17,20,45,208,2,3,45.4,1,2,0,0,0,,10.32,10.32,7204,False,fum_rec_td,PFR+RULE2PT
Dan Fouts,1986,5,1986-10-06,False,SDG,SEA,A,L,7,33,20,31,231,0,3,47.3,0,1,-3,0,0,,2.94,2.94,7204,False,fum_rec_td,PFR+RULE2PT
Dan Fouts,1986,6,1986-10-12,False,SDG,DEN,H,L,14,31,26,40,352,1,2,80.4,5,0,0,0,0,,14.08,14.08,7204,False,fum_rec_td,PFR+RULE2PT
Dan Fouts,1986,7,1986-10-19,False,SDG,KAN,A,L,41,42,19,33,200,1,3,47.5,0,0,0,0,0,,6.0,6.0,7204,False,fum_rec_td,PFR+RULE2PT
Dan Fouts,1986,11,1986-11-16,False,SDG,DAL,H,L,21,24,22,41,275,2,0,91.0,4,0,0,0,0,,19.0,19.0,7204,False,fum_rec_td,PFR+RULE2PT
Dan Fouts,1986,13,1986-11-30,False,SDG,IND,A,W,17,3,24,31,290,1,2,89.4,0,0,0,0,0,,11.6,11.6,7204,False,fum_rec_td,PFR+RULE2PT
Dan Fouts,1986,14,1986-12-07,False,SDG,HOU,H,W,27,0,21,30,250,1,0,106.2,1,0,0,0,0,,14.0,14.0,7204,False,fum_rec_td,PFR+RULE2PT
Dan Fouts,1986,15,1986-12-14,False,SDG,SEA,H,L,24,34,21,38,237,1,1,71.9,2,0,0,0,0,,11.48,11.48,7204,False,fum_rec_td,PFR+RULE2PT
Dan Fouts,1986,16,1986-12-21,False,SDG,CLE,A,L,17,47,15,27,236,2,0,109.5,2,1,0,0,0,,17.44,17.44,7204,False,fum_rec_td,PFR+RULE2PT
Dan Fouts,1987,1,1987-09-13,False,SDG,KAN,A,L,13,20,21,39,270,1,2,63.0,2,0,0,0,0,,10.8,10.8,7204,False,fum_rec_td,PFR+RULE2PT
Dan Fouts,1987,2,1987-09-20,False,SDG,STL,H,W,28,24,13,19,152,1,1,88.0,0,3,-1,0,0,,7.98,7.98,7204,False,fum_rec_td,PFR+RULE2PT
Dan Fouts,1987,6,1987-10-25,False,SDG,KAN,H,W,42,21,24,34,293,2,0,116.4,3,1,1,1,0,,25.82,25.82,7204,False,fum_rec_td,PFR+RULE2PT
Dan Fouts,1987,7,1987-11-01,False,SDG,CLE,H,W,27,24,25,42,315,2,1,88.9,3,1,-1,0,0,,18.5,18.5,7204,False,fum_rec_td,PFR+RULE2PT
Dan Fouts,1987,8,1987-11-08,False,SDG,IND,A,W,16,13,16,30,214,1,3,47.8,0,2,2,0,0,,6.76,6.76,7204,False,fum_rec_td,PFR+RULE2PT
Dan Fouts,1987,9,1987-11-15,False,SDG,RAI,H,W,16,14,15,32,149,1,1,57.9,2,1,-2,0,0,,7.76,7.76,7204,False,fum_rec_td,PFR+RULE2PT
Dan Fouts,1987,10,1987-11-22,False,SDG,SEA,A,L,3,34,2,6,15,0,1,2.8,2,0,0,0,0,,-1.4,-1.4,7204,False,fum_rec_td,PFR+RULE2PT
Dan Fouts,1987,11,1987-11-29,False,SDG,DEN,H,L,17,31,23,40,322,0,2,62.7,2,0,0,0,0,,8.88,8.88,7204,False,fum_rec_td,PFR+RULE2PT
Dan Fouts,1987,12,1987-12-06,False,SDG,HOU,A,L,18,33,16,33,196,1,0,77.3,3,0,0,0,0,,11.84,11.84,7204,False,fum_rec_td,PFR+RULE2PT
Dan Fouts,1987,13,1987-12-13,False,SDG,PIT,H,L,16,20,29,52,334,1,1,73.7,2,3,0,0,0,,15.36,15.36,7204,False,fum_rec_td,PFR+RULE2PT
Dan Fouts,1987,14,1987-12-20,False,SDG,IND,H,L,7,20,22,37,257,0,3,46.8,5,1,1,1,0,,10.38,10.38,7204,False,fum_rec_td,PFR+RULE2PT
Ken Anderson,1980,2,1980-09-14,False,CIN,MIA,A,L,16,17,2,8,21,0,0,39.6,,2,30,0,0,,3.84,3.84,464,False,sacked;fum_rec_td,PFR+RULE2PT
Ken Anderson,1980,3,1980-09-21,False,CIN,PIT,H,W,30,28,8,10,63,0,0,92.9,,0,0,0,0,,2.52,2.52,464,False,sacked;fum_rec_td,PFR+RULE2PT
Ken Anderson,1980,5,1980-10-05,False,CIN,GNB,A,L,9,14,15,30,154,0,2,37.4,,0,0,0,0,,2.16,2.16,464,False,sacked;fum_rec_td,PFR+RULE2PT
Ken Anderson,1980,6,1980-10-12,False,CIN,PIT,A,W,17,16,17,32,179,1,1,67.1,,2,13,0,0,,10.46,10.46,464,False,sacked;fum_rec_td,PFR+RULE2PT
Ken Anderson,1980,7,1980-10-19,False,CIN,MIN,H,W,14,0,21,28,270,1,1,101.8,,2,1,0,0,,12.9,12.9,464,False,sacked;fum_rec_td,PFR+RULE2PT
Ken Anderson,1980,8,1980-10-26,False,CIN,HOU,A,L,3,23,23,33,185,0,2,58.3,,0,0,0,0,,3.4,3.4,464,False,sacked;fum_rec_td,PFR+RULE2PT
Ken Anderson,1980,9,1980-11-02,False,CIN,SDG,H,L,14,31,14,25,127,1,1,66.6,,2,5,0,0,,7.58,7.58,464,False,sacked;fum_rec_td,PFR+RULE2PT
Ken Anderson,1980,10,1980-11-09,False,CIN,OAK,A,L,17,28,16,29,174,1,1,70.2,,0,0,0,0,,8.96,8.96,464,False,sacked;fum_rec_td,PFR+RULE2PT
Ken Anderson,1980,11,1980-11-16,False,CIN,BUF,H,L,0,14,11,19,95,0,1,49.2,,0,0,0,0,,1.8,1.8,464,False,sacked;fum_rec_td,PFR+RULE2PT
Ken Anderson,1980,12,1980-11-23,False,CIN,CLE,A,L,7,31,18,25,187,0,2,59.9,,3,20,0,0,,5.48,5.48,464,False,sacked;fum_rec_td,PFR+RULE2PT
Ken Anderson,1980,13,1980-11-30,False,CIN,KAN,A,W,20,6,11,21,87,1,2,39.3,,4,41,0,0,,7.58,7.58,464,False,sacked;fum_rec_td,PFR+RULE2PT
Ken Anderson,1980,14,1980-12-07,False,CIN,BAL,H,W,34,33,6,9,182,1,0,146.8,,1,12,0,0,,12.48,12.48,464,False,sacked;fum_rec_td,PFR+RULE2PT
Ken Anderson,1980,16,1980-12-21,False,CIN,CLE,H,L,24,27,4,6,54,0,0,95.1,,0,0,0,0,,2.16,2.16,464,False,sacked;fum_rec_td,PFR+RULE2PT
Ken Anderson,1981,1,1981-09-06,False,CIN,SEA,H,W,27,21,5,15,39,0,2,2.8,,0,0,0,0,,-2.44,-2.44,464,False,sacked;fum_rec_td,PFR+RULE2PT
Ken Anderson,1981,2,1981-09-13,False,CIN,NYJ,A,W,31,30,22,34,252,2,1,94.2,,5,9,0,0,,16.98,16.98,464,False,sacked;fum_rec_td,PFR+RULE2PT
Ken Anderson,1981,3,1981-09-20,False,CIN,CLE,H,L,17,20,16,25,238,1,0,108.4,,2,28,0,0,,16.32,16.32,464,False,sacked;fum_rec_td,PFR+RULE2PT
Ken Anderson,1981,4,1981-09-27,False,CIN,BUF,H,W,27,24,28,40,328,3,0,119.6,,2,21,0,0,,27.22,27.22,464,False,sacked;fum_rec_td,PFR+RULE2PT
Ken Anderson,1981,5,1981-10-04,False,CIN,HOU,A,L,10,17,30,52,290,1,1,71.8,,1,8,0,0,,14.4,14.4,464,False,sacked;fum_rec_td,PFR+RULE2PT
Ken Anderson,1981,6,1981-10-11,False,CIN,BAL,A,W,41,19,21,27,257,3,0,143.4,,1,7,0,0,,22.98,22.98,464,False,sacked;fum_rec_td,PFR+RULE2PT
Ken Anderson,1981,7,1981-10-18,False,CIN,PIT,H,W,34,7,16,28,346,2,0,125.0,,4,32,0,0,,25.04,25.04,464,False,sacked;fum_rec_td,PFR+RULE2PT
Ken Anderson,1981,8,1981-10-25,False,CIN,NOR,A,L,7,17,13,21,117,0,0,76.9,,1,0,0,0,,4.68,4.68,464,False,sacked;fum_rec_td,PFR+RULE2PT
Ken Anderson,1981,9,1981-11-01,False,CIN,HOU,H,W,34,21,21,30,281,3,0,132.8,,4,15,0,0,,24.74,24.74,464,False,sacked;fum_rec_td,PFR+RULE2PT
Ken Anderson,1981,10,1981-11-08,False,CIN,SDG,A,W,40,17,18,28,288,2,1,107.4,,3,35,0,0,,21.02,21.02,464,False,sacked;fum_rec_td,PFR+RULE2PT
Ken Anderson,1981,11,1981-11-15,False,CIN,RAM,H,W,24,10,9,21,76,1,1,48.9,,4,58,0,0,,10.84,10.84,464,False,sacked;fum_rec_td,PFR+RULE2PT
Ken Anderson,1981,12,1981-11-22,False,CIN,DEN,H,W,38,21,25,37,396,3,0,130.0,,3,11,1,0,,34.94,34.94,464,False,sacked;fum_rec_td,PFR+RULE2PT
Ken Anderson,1981,13,1981-11-29,False,CIN,CLE,A,W,41,21,26,32,235,4,0,136.8,,2,7,0,0,,26.1,26.1,464,False,sacked;fum_rec_td,PFR+RULE2PT
Ken Anderson,1981,14,1981-12-06,False,CIN,SFO,H,L,3,21,11,20,97,0,2,28.5,,4,45,0,0,,4.38,4.38,464,False,sacked;fum_rec_td,PFR+RULE2PT
Ken Anderson,1981,15,1981-12-13,False,CIN,PIT,A,W,17,10,21,35,215,2,1,84.8,,8,37,0,0,,18.3,18.3,464,False,sacked;fum_rec_td,PFR+RULE2PT
Ken Anderson,1981,16,1981-12-20,False,CIN,ATL,A,W,30,28,18,34,299,2,1,90.2,,2,7,0,0,,18.66,18.66,464,False,sacked;fum_rec_td,PFR+RULE2PT
Ken Anderson,1981,17,1982-01-03,True,CIN,BUF,H,W,28,21,14,21,192,1,0,111.6,,2,15,0,0,,13.18,13.18,464,False,sacked;fum_rec_td,PFR+RULE2PT
Ken Anderson,1981,18,1982-01-10,True,CIN,SDG,H,W,27,7,14,22,161,2,0,115.9,,5,39,0,0,,18.34,18.34,464,False,sacked;fum_rec_td,PFR+RULE2PT
Ken Anderson,1981,19,1982-01-24,True,CIN,SFO,N,L,21,26,25,34,300,2,2,95.2,,4,15,1,0,,23.5,23.5,464,False,sacked;fum_rec_td,PFR+RULE2PT
Ken Anderson,1982,1,1982-09-12,False,CIN,HOU,H,W,27,6,29,40,354,2,0,116.0,8,1,2,1,0,,28.36,28.36,464,False,fum_rec_td,PFR+RULE2PT
Ken Anderson,1982,2,1982-09-19,False,CIN,PIT,A,L,20,26,27,38,323,0,3,63.8,2,2,5,0,0,,7.42,7.42,464,False,fum_rec_td,PFR+RULE2PT
Ken Anderson,1982,3,1982-11-21,False,CIN,PHI,A,W,18,14,19,32,215,1,2,63.9,3,2,5,0,0,,9.1,9.1,464,False,fum_rec_td,PFR+RULE2PT
Ken Anderson,1982,4,1982-11-28,False,CIN,RAI,H,W,31,17,14,26,210,1,0,93.4,0,2,6,1,0,,19.0,19.0,464,False,fum_rec_td,PFR+RULE2PT
Ken Anderson,1982,5,1982-12-05,False,CIN,BAL,A,W,20,17,22,29,206,3,0,129.4,3,3,3,0,0,,20.54,20.54,464,False,fum_rec_td,PFR+RULE2PT
Ken Anderson,1982,6,1982-12-12,False,CIN,CLE,H,W,23,10,18,28,183,0,1,68.0,4,7,24,1,0,,13.72,13.72,464,False,fum_rec_td,PFR+RULE2PT
Ken Anderson,1982,7,1982-12-20,False,CIN,SDG,A,L,34,50,40,56,416,2,1,97.0,3,2,16,1,0,,30.24,30.24,464,False,fum_rec_td,PFR+RULE2PT
Ken Anderson,1982,8,1982-12-26,False,CIN,SEA,H,W,24,10,22,29,265,1,2,86.1,2,2,11,0,0,,11.7,11.7,464,False,fum_rec_td,PFR+RULE2PT
Ken Anderson,1982,9,1983-01-02,False,CIN,HOU,A,W,35,27,27,31,323,2,0,131.6,1,4,13,0,0,,22.22,22.22,464,False,fum_rec_td,PFR+RULE2PT
Ken Anderson,1982,10,1983-01-09,True,CIN,NYJ,H,L,17,44,26,35,354,2,3,89.5,4,2,5,0,0,,16.66,16.66,464,False,fum_rec_td,PFR+RULE2PT
Ken Anderson,1983,1,1983-09-04,False,CIN,RAI,H,L,10,20,26,35,226,1,1,88.5,4,4,19,0,0,,12.94,12.94,464,False,fum_rec_td,PFR+RULE2PT
Ken Anderson,1983,2,1983-09-11,False,CIN,BUF,H,L,6,10,9,12,117,0,0,105.2,0,0,0,0,0,,4.68,4.68,464,False,fum_rec_td,PFR+RULE2PT
Ken Anderson,1983,3,1983-09-15,False,CIN,CLE,A,L,7,17,26,40,207,0,2,57.0,1,4,21,0,0,,6.38,6.38,464,False,fum_rec_td,PFR+RULE2PT
Ken Anderson,1983,4,1983-09-25,False,CIN,TAM,A,W,23,17,15,20,168,1,1,95.4,2,5,42,0,0,,12.92,12.92,464,False,fum_rec_td,PFR+RULE2PT
Ken Anderson,1983,5,1983-10-02,False,CIN,BAL,H,L,31,34,21,31,330,3,3,95.6,2,2,10,1,0,,26.2,26.2,464,False,fum_rec_td,PFR+RULE2PT
Ken Anderson,1983,6,1983-10-10,False,CIN,PIT,H,L,14,24,5,5,60,0,0,116.7,2,0,0,0,0,,2.4,2.4,464,False,fum_rec_td,PFR+RULE2PT
Ken Anderson,1983,10,1983-11-06,False,CIN,HOU,A,W,55,14,7,12,107,1,0,115.6,0,0,0,0,0,,8.28,8.28,464,False,fum_rec_td,PFR+RULE2PT
Ken Anderson,1983,11,1983-11-13,False,CIN,KAN,A,L,15,20,19,32,219,1,2,64.5,7,2,13,0,0,,10.06,10.06,464,False,fum_rec_td,PFR+RULE2PT
Ken Anderson,1983,12,1983-11-20,False,CIN,HOU,H,W,38,10,10,15,177,3,0,146.4,2,0,0,0,0,,19.08,19.08,464,False,fum_rec_td,PFR+RULE2PT
Ken Anderson,1983,13,1983-11-28,False,CIN,MIA,A,L,14,38,23,36,342,1,2,81.0,2,1,1,0,0,,13.78,13.78,464,False,fum_rec_td,PFR+RULE2PT
Ken Anderson,1983,14,1983-12-04,False,CIN,PIT,A,W,23,10,7,9,67,0,0,97.7,0,1,13,0,0,,3.98,3.98,464,False,fum_rec_td,PFR+RULE2PT
Ken Anderson,1983,15,1983-12-11,False,CIN,DET,H,W,17,9,4,7,56,0,1,43.5,0,1,14,0,0,,1.64,1.64,464,False,fum_rec_td,PFR+RULE2PT
Ken Anderson,1983,16,1983-12-17,False,CIN,MIN,A,L,14,20,26,43,257,1,1,75.4,3,2,14,0,0,,13.68,13.68,464,False,fum_rec_td,PFR+RULE2PT
Ken Anderson,1984,1,1984-09-02,False,CIN,DEN,A,L,17,20,25,49,323,0,1,63.6,4,1,9,0,0,,11.82,11.82,464,False,fum_rec_td,PFR+RULE2PT
Ken Anderson,1984,2,1984-09-09,False,CIN,KAN,H,L,22,27,24,37,310,0,0,91.0,5,1,5,0,0,,12.9,12.9,464,False,fum_rec_td,PFR+RULE2PT
Ken Anderson,1984,3,1984-09-16,False,CIN,NYJ,A,L,23,43,16,22,316,2,4,105.5,1,1,13,0,0,,13.94,13.94,464,False,fum_rec_td,PFR+RULE2PT
Ken Anderson,1984,4,1984-09-23,False,CIN,RAM,H,L,14,24,17,31,143,1,2,50.9,2,2,2,0,0,,5.92,5.92,464,False,fum_rec_td,PFR+RULE2PT
Ken Anderson,1984,5,1984-10-01,False,CIN,PIT,A,L,17,38,6,9,50,0,1,41.2,1,0,0,0,0,,0.0,0.0,464,False,fum_rec_td,PFR+RULE2PT
Ken Anderson,1984,8,1984-10-21,False,CIN,CLE,H,W,12,9,8,12,68,0,1,46.5,1,2,17,0,0,,2.42,2.42,464,False,fum_rec_td,PFR+RULE2PT
Ken Anderson,1984,9,1984-10-28,False,CIN,HOU,A,W,31,13,18,24,154,1,1,87.8,0,1,12,0,0,,9.36,9.36,464,False,fum_rec_td,PFR+RULE2PT
Ken Anderson,1984,10,1984-11-04,False,CIN,SFO,A,L,17,23,21,34,269,1,2,71.8,6,0,0,0,0,,10.76,10.76,464,False,fum_rec_td,PFR+RULE2PT
Ken Anderson,1984,11,1984-11-11,False,CIN,PIT,H,W,22,20,5,8,77,0,0,94.3,1,0,0,0,0,,3.08,3.08,464,False,fum_rec_td,PFR+RULE2PT
Ken Anderson,1984,15,1984-12-09,False,CIN,NOR,A,W,24,21,18,26,191,2,0,116.0,2,2,-6,0,0,,15.04,15.04,464,False,fum_rec_td,PFR+RULE2PT
Ken Anderson,1984,16,1984-12-16,False,CIN,BUF,H,W,52,21,17,23,206,3,0,140.6,1,1,12,0,0,,21.44,21.44,464,False,fum_rec_td,PFR+RULE2PT
Ken Anderson,1985,1,1985-09-08,False,CIN,SEA,H,L,24,28,4,7,45,0,0,76.5,2,0,0,0,0,,1.8,1.8,464,False,fum_rec_td,PFR+RULE2PT
Ken Anderson,1985,2,1985-09-15,False,CIN,STL,A,L,27,41,10,21,111,2,0,95.5,0,1,0,0,0,,12.44,12.44,464,False,fum_rec_td,PFR+RULE2PT
Ken Anderson,1985,14,1985-12-08,False,CIN,DAL,H,W,50,24,2,4,14,0,0,58.3,0,0,0,0,0,,0.56,0.56,464,False,fum_rec_td,PFR+RULE2PT
Ken Anderson,1986,1,1986-09-07,False,CIN,KAN,A,L,14,24,0,0,0,0,0,0,0,0,0,0,0,,0.0,0.0,464,False,fum_rec_td,PFR+RULE2PT
Ken Anderson,1986,2,1986-09-14,False,CIN,BUF,H,W,36,33,0,0,0,0,0,0,0,0,0,0,0,,0.0,0.0,464,False,fum_rec_td,PFR+RULE2PT
Ken Anderson,1986,3,1986-09-18,False,CIN,CLE,A,W,30,13,0,0,0,0,0,0,0,0,0,0,0,,0.0,0.0,464,False,fum_rec_td,PFR+RULE2PT
Ken Anderson,1986,4,1986-09-28,False,CIN,CHI,H,L,7,44,5,12,64,0,1,24.3,0,0,0,0,0,,0.56,0.56,464,False,fum_rec_td,PFR+RULE2PT
Ken Anderson,1986,5,1986-10-05,False,CIN,GNB,A,W,34,28,0,0,0,0,0,0,0,0,0,0,0,,0.0,0.0,464,False,fum_rec_td,PFR+RULE2PT
Ken Anderson,1986,7,1986-10-19,False,CIN,HOU,H,W,31,28,0,0,0,0,0,0,0,0,0,0,0,,0.0,0.0,464,False,fum_rec_td,PFR+RULE2PT
Ken Anderson,1986,10,1986-11-09,False,CIN,HOU,A,L,28,32,5,10,90,1,1,75.0,1,0,0,0,0,,5.6,5.6,464,False,fum_rec_td,PFR+RULE2PT
Ken Anderson,1986,15,1986-12-14,False,CIN,CLE,H,L,3,34,1,1,17,0,0,118.7,0,0,0,0,0,,0.68,0.68,464,False,fum_rec_td,PFR+RULE2PT
Joe Montana,1980,1,1980-09-07,False,SFO,NOR,A,W,26,23,0,0,0,0,0,0,,0,0,0,0,,0.0,0.0,15597,False,sacked;fum_rec_td,PFR+RULE2PT
Joe Montana,1980,2,1980-09-14,False,SFO,STL,H,W,24,21,0,0,0,0,0,0,,0,0,0,0,,0.0,0.0,15597,False,sacked;fum_rec_td,PFR+RULE2PT
Joe Montana,1980,3,1980-09-21,False,SFO,NYJ,A,W,37,27,4,6,60,2,0,138.9,,1,5,1,0,,16.9,16.9,15597,False,sacked;fum_rec_td,PFR+RULE2PT
Joe Montana,1980,4,1980-09-28,False,SFO,ATL,H,L,17,20,0,0,0,0,0,0,,1,2,0,0,,0.2,0.2,15597,False,sacked;fum_rec_td,PFR+RULE2PT
Joe Montana,1980,5,1980-10-05,False,SFO,RAM,A,L,26,48,21,33,253,2,1,94.6,,1,11,0,0,,17.22,17.22,15597,False,sacked;fum_rec_td,PFR+RULE2PT
Joe Montana,1980,7,1980-10-19,False,SFO,RAM,H,L,17,31,21,37,252,2,2,73.3,,4,9,0,0,,14.98,14.98,15597,False,sacked;fum_rec_td,PFR+RULE2PT
Joe Montana,1980,8,1980-10-26,False,SFO,TAM,H,L,23,24,24,31,200,1,1,90.8,,3,13,0,0,,11.3,11.3,15597,False,sacked;fum_rec_td,PFR+RULE2PT
Joe Montana,1980,9,1980-11-02,False,SFO,DET,A,L,13,17,6,11,51,0,0,66.9,,1,-8,0,0,,1.24,1.24,15597,False,sacked;fum_rec_td,PFR+RULE2PT
Joe Montana,1980,10,1980-11-09,False,SFO,GNB,A,L,16,23,0,0,0,0,0,0,,0,0,0,0,,0.0,0.0,15597,False,sacked;fum_rec_td,PFR+RULE2PT
Joe Montana,1980,11,1980-11-16,False,SFO,MIA,A,L,13,17,3,4,35,0,0,101.0,,1,2,0,0,,1.6,1.6,15597,False,sacked;fum_rec_td,PFR+RULE2PT
Joe Montana,1980,12,1980-11-23,False,SFO,NYG,H,W,12,0,9,15,151,1,2,76.7,,6,-6,0,0,,5.44,5.44,15597,False,sacked;fum_rec_td,PFR+RULE2PT
Joe Montana,1980,13,1980-11-30,False,SFO,NWE,H,W,21,17,14,23,123,3,1,96.6,,4,4,0,0,,15.32,15.32,15597,False,sacked;fum_rec_td,PFR+RULE2PT
Joe Montana,1980,14,1980-12-07,False,SFO,NOR,H,W,38,35,24,36,285,2,0,109.1,,4,13,1,0,,26.7,26.7,15597,False,sacked;fum_rec_td,PFR+RULE2PT
Joe Montana,1980,15,1980-12-14,False,SFO,ATL,A,L,10,35,25,41,222,1,2,63.3,,6,32,0,0,,12.08,12.08,15597,False,sacked;fum_rec_td,PFR+RULE2PT
Joe Montana,1980,16,1980-12-21,False,SFO,BUF,H,L,13,18,25,36,163,1,0,88.1,,0,0,0,0,,10.52,10.52,15597,False,sacked;fum_rec_td,PFR+RULE2PT
Joe Montana,1981,1,1981-09-06,False,SFO,DET,A,L,17,24,18,28,195,1,1,81.7,,2,4,0,0,,10.2,10.2,15597,False,sacked;fum_rec_td,PFR+RULE2PT
Joe Montana,1981,2,1981-09-13,False,SFO,CHI,H,W,28,17,20,32,287,3,0,122.8,,0,0,0,0,,23.48,23.48,15597,False,sacked;fum_rec_td,PFR+RULE2PT
Joe Montana,1981,3,1981-09-20,False,SFO,ATL,A,L,17,34,24,34,274,2,2,89.6,,0,0,0,0,,14.96,14.96,15597,False,sacked;fum_rec_td,PFR+RULE2PT
Joe Montana,1981,4,1981-09-27,False,SFO,NOR,H,W,21,14,16,22,175,1,1,92.0,,3,17,0,0,,10.7,10.7,15597,False,sacked;fum_rec_td,PFR+RULE2PT
Joe Montana,1981,5,1981-10-04,False,SFO,WAS,A,W,30,17,15,28,193,0,1,60.6,,0,0,0,0,,5.72,5.72,15597,False,sacked;fum_rec_td,PFR+RULE2PT
Joe Montana,1981,6,1981-10-11,False,SFO,DAL,H,W,45,14,19,29,279,2,0,119.8,,1,2,0,0,,19.36,19.36,15597,False,sacked;fum_rec_td,PFR+RULE2PT
Joe Montana,1981,7,1981-10-18,False,SFO,GNB,A,W,13,3,23,32,220,0,0,90.6,,1,2,0,0,,9.0,9.0,15597,False,sacked;fum_rec_td,PFR+RULE2PT
Joe Montana,1981,8,1981-10-25,False,SFO,RAM,H,W,20,17,18,32,287,2,0,107.2,,2,3,0,0,,19.78,19.78,15597,False,sacked;fum_rec_td,PFR+RULE2PT
Joe Montana,1981,9,1981-11-01,False,SFO,PIT,A,W,17,14,22,37,205,1,2,61.2,,4,12,0,0,,9.4,9.4,15597,False,sacked;fum_rec_td,PFR+RULE2PT
Joe Montana,1981,10,1981-11-08,False,SFO,ATL,H,W,17,14,16,30,223,2,1,85.8,,2,1,0,0,,15.02,15.02,15597,False,sacked;fum_rec_td,PFR+RULE2PT
Joe Montana,1981,11,1981-11-15,False,SFO,CLE,H,L,12,15,24,42,213,0,2,51.0,,2,5,0,0,,5.02,5.02,15597,False,sacked;fum_rec_td,PFR+RULE2PT
Joe Montana,1981,12,1981-11-22,False,SFO,RAM,A,W,33,31,19,30,283,0,1,80.3,,1,-1,0,0,,9.22,9.22,15597,False,sacked;fum_rec_td,PFR+RULE2PT
Joe Montana,1981,13,1981-11-29,False,SFO,NYG,H,W,17,10,27,39,234,0,0,84.8,,2,24,1,0,,17.76,17.76,15597,False,sacked;fum_rec_td,PFR+RULE2PT
Joe Montana,1981,14,1981-12-06,False,SFO,CIN,A,W,21,3,23,36,187,2,1,83.9,,2,14,1,0,,20.88,20.88,15597,False,sacked;fum_rec_td,PFR+RULE2PT
Joe Montana,1981,15,1981-12-13,False,SFO,HOU,H,W,28,6,18,26,204,1,0,105.3,,2,2,0,0,,12.36,12.36,15597,False,sacked;fum_rec_td,PFR+RULE2PT
Joe Montana,1981,16,1981-12-20,False,SFO,NOR,A,W,21,17,9,11,106,2,0,146.4,,1,10,0,0,,13.24,13.24,15597,False,sacked;fum_rec_td,PFR+RULE2PT
Joe Montana,1981,17,1982-01-03,True,SFO,NYG,H,W,38,24,20,31,304,2,1,104.8,,3,-9,0,0,,17.26,17.26,15597,False,sacked;fum_rec_td,PFR+RULE2PT
Joe Montana,1981,18,1982-01-10,True,SFO,DAL,H,W,28,27,22,35,286,3,3,81.4,,3,-5,0,0,,16.94,16.94,15597,False,sacked;fum_rec_td,PFR+RULE2PT
Joe Montana,1981,19,1982-01-24,True,SFO,CIN,N,W,26,21,14,22,157,1,0,100.0,,6,18,1,0,,18.08,18.08,15597,False,sacked;fum_rec_td,PFR+RULE2PT
Joe Montana,1982,1,1982-09-12,False,SFO,RAI,H,L,17,23,21,41,244,2,1,75.7,5,2,5,0,0,,16.26,16.26,15597,False,fum_rec_td,PFR+RULE2PT
Joe Montana,1982,2,1982-09-19,False,SFO,DEN,A,L,21,24,26,37,336,2,2,94.0,1,3,0,0,0,,17.44,17.44,15597,False,fum_rec_td,PFR+RULE2PT
Joe Montana,1982,3,1982-11-21,False,SFO,STL,A,W,31,20,26,39,408,3,1,116.2,4,4,6,0,0,,26.92,26.92,15597,False,fum_rec_td,PFR+RULE2PT
Joe Montana,1982,4,1982-11-28,False,SFO,NOR,H,L,20,23,27,42,334,2,1,94.7,2,3,17,0,0,,21.06,21.06,15597,False,fum_rec_td,PFR+RULE2PT
Joe Montana,1982,5,1982-12-02,False,SFO,RAM,A,W,30,24,26,37,305,2,0,113.0,3,5,-7,0,0,,19.5,19.5,15597,False,fum_rec_td,PFR+RULE2PT
Joe Montana,1982,6,1982-12-11,False,SFO,SDG,H,L,37,41,31,46,356,3,2,94.1,0,3,16,1,0,,29.84,29.84,15597,False,fum_rec_td,PFR+RULE2PT
Joe Montana,1982,7,1982-12-19,False,SFO,ATL,H,L,7,17,16,31,177,1,1,66.2,2,5,19,0,0,,10.98,10.98,15597,False,fum_rec_td,PFR+RULE2PT
Joe Montana,1982,8,1982-12-26,False,SFO,KAN,A,W,26,13,20,35,253,0,2,56.0,3,4,41,0,0,,10.22,10.22,15597,False,fum_rec_td,PFR+RULE2PT
Joe Montana,1982,9,1983-01-02,False,SFO,RAM,H,L,20,21,20,38,200,2,1,74.5,0,1,21,0,0,,16.1,16.1,15597,False,fum_rec_td,PFR+RULE2PT
Joe Montana,1983,1,1983-09-03,False,SFO,PHI,H,L,17,22,10,20,118,0,1,47.5,1,2,10,0,0,,3.72,3.72,15597,False,fum_rec_td,PFR+RULE2PT
Joe Montana,1983,2,1983-09-08,False,SFO,MIN,A,W,48,17,17,24,230,4,0,140.6,3,2,8,0,0,,26.0,26.0,15597,False,fum_rec_td,PFR+RULE2PT
Joe Montana,1983,3,1983-09-18,False,SFO,STL,A,W,42,27,20,32,341,3,1,116.8,1,2,13,0,0,,24.94,24.94,15597,False,fum_rec_td,PFR+RULE2PT
Joe Montana,1983,4,1983-09-25,False,SFO,ATL,H,W,24,20,27,32,261,3,2,105.9,0,4,19,0,0,,20.34,20.34,15597,False,fum_rec_td,PFR+RULE2PT
Joe Montana,1983,5,1983-10-02,False,SFO,NWE,A,W,33,13,25,38,288,2,0,106.0,5,5,41,0,0,,23.62,23.62,15597,False,fum_rec_td,PFR+RULE2PT
Joe Montana,1983,6,1983-10-09,False,SFO,RAM,H,L,7,10,28,42,316,0,0,89.0,2,3,4,0,0,,13.04,13.04,15597,False,fum_rec_td,PFR+RULE2PT
Joe Montana,1983,7,1983-10-16,False,SFO,NOR,A,W,32,13,17,27,145,0,1,61.5,2,3,11,0,0,,4.9,4.9,15597,False,fum_rec_td,PFR+RULE2PT
Joe Montana,1983,8,1983-10-23,False,SFO,RAM,A,W,45,35,25,39,358,3,0,119.4,0,5,8,0,0,,27.12,27.12,15597,False,fum_rec_td,PFR+RULE2PT
Joe Montana,1983,9,1983-10-30,False,SFO,NYJ,H,L,13,27,21,36,233,1,2,63.8,1,8,50,0,0,,14.32,14.32,15597,False,fum_rec_td,PFR+RULE2PT
Joe Montana,1983,10,1983-11-06,False,SFO,MIA,H,L,17,20,16,26,232,1,0,103.4,3,3,12,0,0,,14.48,14.48,15597,False,fum_rec_td,PFR+RULE2PT
Joe Montana,1983,11,1983-11-13,False,SFO,NOR,H,W,27,0,26,43,283,3,2,83.8,2,2,7,0,0,,20.02,20.02,15597,False,fum_rec_td,PFR+RULE2PT
Joe Montana,1983,12,1983-11-20,False,SFO,ATL,A,L,24,28,21,28,182,1,0,103.6,1,6,38,1,0,,21.08,21.08,15597,False,fum_rec_td,PFR+RULE2PT
Joe Montana,1983,13,1983-11-27,False,SFO,CHI,A,L,3,13,26,43,255,0,2,57.8,5,5,15,0,0,,7.7,7.7,15597,False,fum_rec_td,PFR+RULE2PT
Joe Montana,1983,14,1983-12-04,False,SFO,TAM,H,W,35,21,21,31,227,0,0,89.0,1,4,31,1,0,,18.18,18.18,15597,False,fum_rec_td,PFR+RULE2PT
Joe Montana,1983,15,1983-12-11,False,SFO,BUF,A,W,23,10,18,28,218,1,0,100.0,4,4,14,0,0,,14.12,14.12,15597,False,fum_rec_td,PFR+RULE2PT
Joe Montana,1983,16,1983-12-19,False,SFO,DAL,H,W,42,17,14,26,223,4,1,106.3,2,3,3,0,0,,23.22,23.22,15597,False,fum_rec_td,PFR+RULE2PT
Joe Montana,1983,17,1983-12-31,True,SFO,DET,H,W,24,23,18,31,201,1,1,74.8,2,3,16,0,0,,11.64,11.64,15597,False,fum_rec_td,PFR+RULE2PT
Joe Montana,1983,18,1984-01-08,True,SFO,WAS,A,L,21,24,27,48,347,3,1,91.2,0,5,40,0,0,,27.88,27.88,15597,False,fum_rec_td,PFR+RULE2PT
Joe Montana,1984,1,1984-09-02,False,SFO,DET,A,W,30,27,16,25,188,1,0,100.1,2,0,0,0,0,,11.52,11.52,15597,False,fum_rec_td,PFR+RULE2PT
Joe Montana,1984,2,1984-09-10,False,SFO,WAS,H,W,37,31,24,40,381,2,0,108.4,2,3,14,1,0,,30.64,30.64,15597,False,fum_rec_td,PFR+RULE2PT
Joe Montana,1984,3,1984-09-16,False,SFO,NOR,H,W,30,20,10,17,128,1,1,77.6,3,1,14,0,0,,8.52,8.52,15597,False,fum_rec_td,PFR+RULE2PT
Joe Montana,1984,4,1984-09-23,False,SFO,PHI,A,W,21,9,0,0,0,0,0,0,0,0,0,0,0,,0.0,0.0,15597,False,fum_rec_td,PFR+RULE2PT
Joe Montana,1984,5,1984-09-30,False,SFO,ATL,H,W,14,5,13,25,149,2,0,96.9,0,4,14,0,0,,15.36,15.36,15597,False,fum_rec_td,PFR+RULE2PT
Joe Montana,1984,6,1984-10-08,False,SFO,NYG,A,W,31,10,15,24,207,3,0,129.7,1,2,7,0,0,,20.98,20.98,15597,False,fum_rec_td,PFR+RULE2PT
Joe Montana,1984,7,1984-10-14,False,SFO,PIT,H,L,17,20,24,34,241,0,1,78.2,0,3,29,1,0,,16.54,16.54,15597,False,fum_rec_td,PFR+RULE2PT
Joe Montana,1984,8,1984-10-21,False,SFO,HOU,A,W,34,21,25,35,353,3,1,120.3,1,5,13,0,0,,25.42,25.42,15597,False,fum_rec_td,PFR+RULE2PT
Joe Montana,1984,9,1984-10-28,False,SFO,RAM,A,W,33,0,21,31,365,3,0,139.9,2,6,11,0,0,,27.7,27.7,15597,False,fum_rec_td,PFR+RULE2PT
Joe Montana,1984,10,1984-11-04,False,SFO,CIN,H,W,23,17,27,42,301,2,4,61.8,1,3,-5,0,0,,11.54,11.54,15597,False,fum_rec_td,PFR+RULE2PT
Joe Montana,1984,11,1984-11-11,False,SFO,CLE,A,W,41,7,24,30,263,2,1,111.5,1,2,4,0,0,,16.92,16.92,15597,False,fum_rec_td,PFR+RULE2PT
Joe Montana,1984,12,1984-11-18,False,SFO,TAM,H,W,24,17,19,23,247,0,0,111.4,2,4,2,0,0,,10.08,10.08,15597,False,fum_rec_td,PFR+RULE2PT
Joe Montana,1984,13,1984-11-25,False,SFO,NOR,A,W,35,3,14,30,177,2,0,87.8,1,1,1,0,0,,15.18,15.18,15597,False,fum_rec_td,PFR+RULE2PT
Joe Montana,1984,14,1984-12-02,False,SFO,ATL,A,W,35,17,12,24,165,2,2,65.5,2,1,6,0,0,,11.2,11.2,15597,False,fum_rec_td,PFR+RULE2PT
Joe Montana,1984,15,1984-12-08,False,SFO,MIN,H,W,51,7,15,21,246,3,0,150.0,0,1,4,0,0,,22.24,22.24,15597,False,fum_rec_td,PFR+RULE2PT
Joe Montana,1984,16,1984-12-14,False,SFO,RAM,H,W,19,16,20,31,219,2,0,106.8,4,3,4,0,0,,17.16,17.16,15597,False,fum_rec_td,PFR+RULE2PT
Joe Montana,1984,17,1984-12-29,True,SFO,NYG,H,W,21,10,25,39,309,3,3,82.1,4,3,63,0,0,,24.66,24.66,15597,False,fum_rec_td,PFR+RULE2PT
Joe Montana,1984,18,1985-01-06,True,SFO,CHI,H,W,23,0,18,34,233,1,2,60.0,3,5,22,0,0,,11.52,11.52,15597,False,fum_rec_td,PFR+RULE2PT
Joe Montana,1984,19,1985-01-20,True,SFO,MIA,N,W,38,16,24,35,331,3,0,127.2,1,5,59,1,0,,37.14,37.14,15597,False,fum_rec_td,PFR+RULE2PT
Joe Montana,1985,1,1985-09-08,False,SFO,MIN,A,L,21,28,24,39,265,2,2,77.4,2,4,14,0,0,,16.0,16.0,15597,False,fum_rec_td,PFR+RULE2PT
Joe Montana,1985,2,1985-09-15,False,SFO,ATL,H,W,35,16,19,26,204,1,1,92.5,3,4,33,1,0,,19.46,19.46,15597,False,fum_rec_td,PFR+RULE2PT
Joe Montana,1985,3,1985-09-22,False,SFO,RAI,A,W,34,10,14,24,255,2,0,122.7,2,4,23,0,0,,20.5,20.5,15597,False,fum_rec_td,PFR+RULE2PT
Joe Montana,1985,4,1985-09-29,False,SFO,NOR,H,L,17,20,12,26,120,0,2,27.7,6,1,14,0,0,,2.2,2.2,15597,False,fum_rec_td,PFR+RULE2PT
Joe Montana,1985,5,1985-10-06,False,SFO,ATL,A,W,38,17,37,57,429,5,0,116.8,1,4,6,0,0,,37.76,37.76,15597,False,fum_rec_td,PFR+RULE2PT
Joe Montana,1985,6,1985-10-13,False,SFO,CHI,H,L,10,26,17,29,160,0,0,73.9,7,2,0,0,0,,6.4,6.4,15597,False,fum_rec_td,PFR+RULE2PT
Joe Montana,1985,7,1985-10-20,False,SFO,DET,A,L,21,23,15,26,97,0,1,49.7,0,3,17,1,0,,9.58,9.58,15597,False,fum_rec_td,PFR+RULE2PT
Joe Montana,1985,8,1985-10-27,False,SFO,RAM,A,W,28,14,22,30,306,3,0,139.0,2,2,4,0,0,,24.64,24.64,15597,False,fum_rec_td,PFR+RULE2PT
Joe Montana,1985,10,1985-11-11,False,SFO,DEN,A,L,16,17,17,40,222,1,0,69.0,2,0,0,0,0,,12.88,12.88,15597,False,fum_rec_td,PFR+RULE2PT
Joe Montana,1985,11,1985-11-17,False,SFO,KAN,H,W,31,3,23,34,235,2,0,106.9,0,2,2,1,0,,23.6,23.6,15597,False,fum_rec_td,PFR+RULE2PT
Joe Montana,1985,12,1985-11-25,False,SFO,SEA,H,W,19,6,17,33,237,2,3,57.3,1,6,23,0,0,,13.78,13.78,15597,False,fum_rec_td,PFR+RULE2PT
Joe Montana,1985,13,1985-12-01,False,SFO,WAS,A,W,35,8,11,22,119,1,0,81.4,1,2,-3,0,0,,8.46,8.46,15597,False,fum_rec_td,PFR+RULE2PT
Joe Montana,1985,14,1985-12-09,False,SFO,RAM,H,L,20,27,26,36,328,3,2,104.9,4,1,-3,0,0,,20.82,20.82,15597,False,fum_rec_td,PFR+RULE2PT
Joe Montana,1985,15,1985-12-15,False,SFO,NOR,A,W,31,19,25,38,354,3,1,111.1,1,7,23,0,0,,26.46,26.46,15597,False,fum_rec_td,PFR+RULE2PT
Joe Montana,1985,16,1985-12-22,False,SFO,DAL,H,W,31,16,24,34,322,2,1,107.7,3,0,0,0,0,,18.88,18.88,15597,False,fum_rec_td,PFR+RULE2PT
Joe Montana,1985,17,1985-12-29,True,SFO,NYG,A,L,3,17,26,47,296,0,1,65.6,4,1,0,0,0,,9.84,9.84,15597,False,fum_rec_td,PFR+RULE2PT
Joe Montana,1986,1,1986-09-07,False,SFO,TAM,A,W,31,7,32,46,356,1,1,90.5,2,1,0,0,0,,16.24,16.24,15597,False,fum_rec_td,PFR+RULE2PT
Joe Montana,1986,10,1986-11-09,False,SFO,STL,H,W,43,17,13,19,270,3,1,128.8,1,0,0,0,0,,20.8,20.8,15597,False,fum_rec_td,PFR+RULE2PT
Joe Montana,1986,11,1986-11-17,False,SFO,WAS,A,L,6,14,33,60,441,0,3,57.7,3,2,9,0,0,,12.54,12.54,15597,False,fum_rec_td,PFR+RULE2PT
Joe Montana,1986,12,1986-11-23,False,SFO,ATL,H,W,20,0,21,32,233,1,0,97.5,4,1,2,0,0,,13.52,13.52,15597,False,fum_rec_td,PFR+RULE2PT
Joe Montana,1986,13,1986-12-01,False,SFO,NYG,H,L,17,21,32,52,251,1,1,71.9,0,1,2,0,0,,12.24,12.24,15597,False,fum_rec_td,PFR+RULE2PT
Joe Montana,1986,14,1986-12-07,False,SFO,NYJ,H,W,24,10,23,37,245,0,1,70.2,2,1,9,0,0,,8.7,8.7,15597,False,fum_rec_td,PFR+RULE2PT
Joe Montana,1986,15,1986-12-14,False,SFO,NWE,A,W,29,24,14,25,202,0,1,65.7,0,7,5,0,0,,6.58,6.58,15597,False,fum_rec_td,PFR+RULE2PT
Joe Montana,1986,16,1986-12-19,False,SFO,RAM,H,W,24,14,23,36,238,2,1,89.8,0,4,11,0,0,,16.62,16.62,15597,False,fum_rec_td,PFR+RULE2PT
Joe Montana,1986,17,1987-01-04,True,SFO,NYG,A,L,3,49,8,15,98,0,2,34.2,0,0,0,0,0,,-0.08,-0.08,15597,False,fum_rec_td,PFR+RULE2PT
Joe Montana,1987,1,1987-09-13,False,SFO,PIT,A,L,17,30,34,49,316,2,3,74.9,1,1,-2,0,0,,14.44,14.44,15597,False,fum_rec_td,PFR+RULE2PT
Joe Montana,1987,2,1987-09-20,False,SFO,CIN,A,W,27,26,21,37,250,3,0,104.6,5,0,0,0,0,,22.0,22.0,15597,False,fum_rec_td,PFR+RULE2PT
Joe Montana,1987,4,1987-10-11,False,SFO,ATL,A,W,25,17,5,8,63,1,0,126.6,1,0,0,0,0,,6.52,6.52,15597,False,fum_rec_td,PFR+RULE2PT
Joe Montana,1987,5,1987-10-18,False,SFO,STL,H,W,34,28,31,39,334,4,2,115.2,1,5,19,0,0,,27.26,27.26,15597,False,fum_rec_td,PFR+RULE2PT
Joe Montana,1987,6,1987-10-25,False,SFO,NOR,A,W,24,22,18,32,256,3,0,113.5,3,4,3,0,0,,22.54,22.54,15597,False,fum_rec_td,PFR+RULE2PT
Joe Montana,1987,7,1987-11-01,False,SFO,RAM,A,W,31,10,21,30,294,3,1,120.7,1,2,11,0,0,,22.86,22.86,15597,False,fum_rec_td,PFR+RULE2PT
Joe Montana,1987,8,1987-11-08,False,SFO,HOU,H,W,27,20,32,46,289,3,2,89.9,1,2,-3,0,0,,19.26,19.26,15597,False,fum_rec_td,PFR+RULE2PT
Joe Montana,1987,9,1987-11-15,False,SFO,NOR,H,L,24,26,16,29,144,1,2,51.5,2,2,16,0,0,,7.36,7.36,15597,False,fum_rec_td,PFR+RULE2PT
Joe Montana,1987,10,1987-11-22,False,SFO,TAM,A,W,24,10,29,45,304,3,1,96.9,1,3,6,0,0,,22.76,22.76,15597,False,fum_rec_td,PFR+RULE2PT
Joe Montana,1987,11,1987-11-29,False,SFO,CLE,H,W,38,24,23,31,342,4,1,136.0,1,4,43,0,0,,31.98,31.98,15597,False,fum_rec_td,PFR+RULE2PT
Joe Montana,1987,12,1987-12-06,False,SFO,GNB,A,W,23,12,26,35,308,2,1,107.8,2,7,33,1,0,,27.62,27.62,15597,False,fum_rec_td,PFR+RULE2PT
Joe Montana,1987,13,1987-12-14,False,SFO,CHI,H,W,41,0,4,8,47,0,0,68.2,2,2,15,0,0,,3.38,3.38,15597,False,fum_rec_td,PFR+RULE2PT
Joe Montana,1987,15,1987-12-27,False,SFO,RAM,H,W,48,0,6,9,107,2,0,146.8,1,3,0,0,0,,12.28,12.28,15597,False,fum_rec_td,PFR+RULE2PT
Joe Montana,1987,16,1988-01-09,True,SFO,MIN,H,L,24,36,12,26,109,0,1,42.0,4,3,20,0,0,,4.36,4.36,15597,False,fum_rec_td,PFR+RULE2PT
Joe Montana,1988,1,1988-09-04,False,SFO,NOR,A,W,34,33,13,23,161,3,1,99.8,0,3,20,0,0,,18.44,18.44,15597,False,fum_rec_td,PFR+RULE2PT
Joe Montana,1988,2,1988-09-11,False,SFO,NYG,A,W,20,17,10,18,148,1,0,101.2,0,1,0,0,0,,9.92,9.92,15597,False,fum_rec_td,PFR+RULE2PT
Joe Montana,1988,3,1988-09-18,False,SFO,ATL,H,L,17,34,32,48,343,2,3,75.3,3,2,4,0,0,,16.12,16.12,15597,False,fum_rec_td,PFR+RULE2PT
Joe Montana,1988,4,1988-09-25,False,SFO,SEA,A,W,38,7,20,29,302,4,1,128.2,2,0,0,0,0,,26.08,26.08,15597,False,fum_rec_td,PFR+RULE2PT
Joe Montana,1988,5,1988-10-02,False,SFO,DET,H,W,20,13,19,30,182,0,0,80.1,2,4,1,0,0,,7.38,7.38,15597,False,fum_rec_td,PFR+RULE2PT
Joe Montana,1988,6,1988-10-09,False,SFO,DEN,H,L,13,16,12,24,191,0,1,59.5,3,6,13,1,0,,12.94,12.94,15597,False,fum_rec_td,PFR+RULE2PT
Joe Montana,1988,7,1988-10-16,False,SFO,RAM,A,W,24,21,21,31,203,0,1,72.4,2,2,7,0,0,,6.82,6.82,15597,False,fum_rec_td,PFR+RULE2PT
Joe Montana,1988,8,1988-10-24,False,SFO,CHI,A,L,9,10,13,29,168,1,1,60.7,4,1,15,0,0,,10.22,10.22,15597,False,fum_rec_td,PFR+RULE2PT
Joe Montana,1988,11,1988-11-13,False,SFO,RAI,H,L,3,9,16,31,160,0,0,66.6,4,4,12,0,0,,7.6,7.6,15597,False,fum_rec_td,PFR+RULE2PT
Joe Montana,1988,12,1988-11-21,False,SFO,WAS,H,W,37,21,15,23,218,2,1,106.8,1,2,20,1,0,,22.72,22.72,15597,False,fum_rec_td,PFR+RULE2PT
Joe Montana,1988,13,1988-11-27,False,SFO,SDG,A,W,48,10,14,22,271,3,0,146.0,2,2,14,0,0,,24.24,24.24,15597,False,fum_rec_td,PFR+RULE2PT
Joe Montana,1988,14,1988-12-04,False,SFO,ATL,A,W,13,3,20,34,230,1,0,89.1,1,5,8,0,0,,14.0,14.0,15597,False,fum_rec_td,PFR+RULE2PT
Joe Montana,1988,15,1988-12-11,False,SFO,NOR,H,W,30,17,18,29,233,1,1,84.4,2,6,18,1,0,,19.12,19.12,15597,False,fum_rec_td,PFR+RULE2PT
Joe Montana,1988,16,1988-12-18,False,SFO,RAM,H,L,16,38,15,26,171,0,0,77.6,8,0,0,0,0,,6.84,6.84,15597,False,fum_rec_td,PFR+RULE2PT
Joe Montana,1988,17,1989-01-01,True,SFO,MIN,H,W,34,9,16,27,178,3,1,100.5,1,3,18,0,0,,18.92,18.92,15597,False,fum_rec_td,PFR+RULE2PT
Joe Montana,1988,18,1989-01-08,True,SFO,CHI,A,W,28,3,17,27,288,3,0,136.0,2,3,12,0,0,,24.72,24.72,15597,False,fum_rec_td,PFR+RULE2PT
Joe Montana,1988,19,1989-01-22,True,SFO,CIN,N,W,20,16,23,36,357,2,0,115.2,4,4,13,0,0,,23.58,23.58,15597,False,fum_rec_td,PFR+RULE2PT
Joe Montana,1989,1,1989-09-10,False,SFO,IND,A,W,30,24,15,26,233,1,0,100.3,3,4,21,0,0,,15.42,15.42,15597,False,fum_rec_td,PFR+RULE2PT
Joe Montana,1989,2,1989-09-17,False,SFO,TAM,A,W,20,16,25,39,266,1,2,71.1,4,9,21,1,0,,18.74,18.74,15597,False,fum_rec_td,PFR+RULE2PT
Joe Montana,1989,3,1989-09-24,False,SFO,PHI,A,W,38,28,25,34,428,5,1,142.8,8,4,14,0,0,,36.52,36.52,15597,False,fum_rec_td,PFR+RULE2PT
Joe Montana,1989,4,1989-10-01,False,SFO,RAM,H,L,12,13,25,35,227,0,0,88.6,2,4,29,0,0,,11.98,11.98,15597,False,fum_rec_td,PFR+RULE2PT
Joe Montana,1989,5,1989-10-08,False,SFO,NOR,A,W,24,20,21,29,291,3,0,138.7,2,1,11,0,0,,24.74,24.74,15597,False,fum_rec_td,PFR+RULE2PT
Joe Montana,1989,7,1989-10-22,False,SFO,NWE,H,W,37,20,16,22,178,1,0,111.6,0,3,40,0,0,,15.12,15.12,15597,False,fum_rec_td,PFR+RULE2PT
Joe Montana,1989,9,1989-11-06,False,SFO,NOR,H,W,31,13,22,31,302,3,0,134.1,0,5,17,1,0,,31.78,31.78,15597,False,fum_rec_td,PFR+RULE2PT
Joe Montana,1989,10,1989-11-12,False,SFO,ATL,H,W,45,3,16,19,270,3,0,158.3,2,4,13,1,0,,30.1,30.1,15597,False,fum_rec_td,PFR+RULE2PT
Joe Montana,1989,11,1989-11-19,False,SFO,GNB,H,L,17,21,30,42,325,2,1,99.8,5,2,13,0,0,,20.3,20.3,15597,False,fum_rec_td,PFR+RULE2PT
Joe Montana,1989,12,1989-11-27,False,SFO,NYG,H,W,34,24,27,33,292,3,0,133.8,2,3,15,0,0,,25.18,25.18,15597,False,fum_rec_td,PFR+RULE2PT
Joe Montana,1989,13,1989-12-03,False,SFO,ATL,A,W,23,10,9,13,145,0,1,74.2,1,1,5,0,0,,4.3,4.3,15597,False,fum_rec_td,PFR+RULE2PT
Joe Montana,1989,14,1989-12-11,False,SFO,RAM,A,W,30,27,30,42,458,3,2,111.0,2,7,12,0,0,,27.52,27.52,15597,False,fum_rec_td,PFR+RULE2PT
Joe Montana,1989,16,1989-12-24,False,SFO,CHI,H,W,26,0,10,21,106,1,1,58.8,2,2,16,0,0,,7.84,7.84,15597,False,fum_rec_td,PFR+RULE2PT
Joe Montana,1989,17,1990-01-06,True,SFO,MIN,H,W,41,13,17,24,241,4,0,142.5,0,2,0,0,0,,25.64,25.64,15597,False,fum_rec_td,PFR+RULE2PT
Joe Montana,1989,18,1990-01-14,True,SFO,RAM,H,W,30,3,26,30,262,2,0,125.3,0,1,4,0,0,,18.88,18.88,15597,False,fum_rec_td,PFR+RULE2PT
Joe Montana,1989,19,1990-01-28,True,SFO,DEN,N,W,55,10,22,29,297,5,0,147.6,1,2,15,0,0,,33.38,33.38,15597,False,fum_rec_td,PFR+RULE2PT
Dan Marino,1983,3,1983-09-19,False,MIA,RAI,A,L,14,27,11,17,90,2,0,117.3,0,0,0,0,0,,11.6,11.6,14047,False,fum_rec_td,PFR+RULE2PT
Dan Marino,1983,5,1983-10-02,False,MIA,NOR,A,L,7,17,12,22,150,1,1,72.2,1,0,0,0,0,,8.0,8.0,14047,False,fum_rec_td,PFR+RULE2PT
Dan Marino,1983,6,1983-10-09,False,MIA,BUF,H,L,35,38,19,29,322,3,2,108.7,3,4,-4,0,0,,20.48,20.48,14047,False,fum_rec_td,PFR+RULE2PT
Dan Marino,1983,7,1983-10-16,False,MIA,NYJ,A,W,32,14,17,30,225,3,0,113.9,3,4,4,0,0,,21.4,21.4,14047,False,fum_rec_td,PFR+RULE2PT
Dan Marino,1983,8,1983-10-23,False,MIA,BAL,A,W,21,7,11,18,157,2,0,126.4,0,4,0,0,0,,14.28,14.28,14047,False,fum_rec_td,PFR+RULE2PT
Dan Marino,1983,9,1983-10-30,False,MIA,RAM,H,W,30,14,25,38,279,2,1,94.1,0,2,0,1,0,,23.16,23.16,14047,False,fum_rec_td,PFR+RULE2PT
Dan Marino,1983,10,1983-11-06,False,MIA,SFO,A,W,20,17,15,29,194,2,0,96.0,1,5,10,0,0,,16.76,16.76,14047,False,fum_rec_td,PFR+RULE2PT
Dan Marino,1983,11,1983-11-13,False,MIA,NWE,A,L,6,17,14,37,141,0,1,38.2,1,2,18,0,0,,5.44,5.44,14047,False,fum_rec_td,PFR+RULE2PT
Dan Marino,1983,12,1983-11-20,False,MIA,BAL,H,W,37,0,14,21,240,1,0,121.1,0,3,11,1,0,,20.7,20.7,14047,False,fum_rec_td,PFR+RULE2PT
Dan Marino,1983,13,1983-11-28,False,MIA,CIN,H,W,38,14,18,29,217,3,0,119.5,1,3,2,0,0,,20.88,20.88,14047,False,fum_rec_td,PFR+RULE2PT
Dan Marino,1983,14,1983-12-04,False,MIA,HOU,A,W,24,17,17,26,195,1,1,84.6,0,1,4,0,0,,10.2,10.2,14047,False,fum_rec_td,PFR+RULE2PT
Dan Marino,1983,17,1983-12-31,True,MIA,SEA,H,L,20,27,15,25,193,2,2,77.6,0,0,0,0,0,,11.72,11.72,14047,False,fum_rec_td,PFR+RULE2PT
Dan Marino,1984,1,1984-09-02,False,MIA,WAS,A,W,35,17,21,28,311,5,0,150.4,0,3,-7,0,0,,31.74,31.74,14047,False,fum_rec_td,PFR+RULE2PT
Dan Marino,1984,2,1984-09-09,False,MIA,NWE,H,W,28,7,16,27,234,2,2,81.4,0,3,-1,0,0,,13.26,13.26,14047,False,fum_rec_td,PFR+RULE2PT
Dan Marino,1984,3,1984-09-17,False,MIA,BUF,A,W,21,17,26,35,296,3,1,115.9,0,6,-11,0,0,,20.74,20.74,14047,False,fum_rec_td,PFR+RULE2PT
Dan Marino,1984,4,1984-09-23,False,MIA,IND,H,W,44,7,14,29,257,2,0,102.2,0,1,-1,0,0,,18.18,18.18,14047,False,fum_rec_td,PFR+RULE2PT
Dan Marino,1984,5,1984-09-30,False,MIA,STL,A,W,36,28,24,36,429,3,0,135.1,1,1,-2,0,0,,28.96,28.96,14047,False,fum_rec_td,PFR+RULE2PT
Dan Marino,1984,6,1984-10-07,False,MIA,PIT,A,W,31,7,16,24,226,2,1,107.3,0,0,0,0,0,,15.04,15.04,14047,False,fum_rec_td,PFR+RULE2PT
Dan Marino,1984,7,1984-10-14,False,MIA,HOU,H,W,28,10,25,32,321,3,0,139.7,1,1,4,0,0,,25.24,25.24,14047,False,fum_rec_td,PFR+RULE2PT
Dan Marino,1984,8,1984-10-21,False,MIA,NWE,A,W,44,24,24,39,316,4,1,110.6,0,1,9,0,0,,27.54,27.54,14047,False,fum_rec_td,PFR+RULE2PT
Dan Marino,1984,9,1984-10-28,False,MIA,BUF,H,W,38,7,19,28,282,3,3,96.7,1,1,7,0,0,,17.98,17.98,14047,False,fum_rec_td,PFR+RULE2PT
Dan Marino,1984,10,1984-11-04,False,MIA,NYJ,A,W,31,17,23,42,422,2,2,85.6,2,4,4,0,0,,21.28,21.28,14047,False,fum_rec_td,PFR+RULE2PT
Dan Marino,1984,11,1984-11-11,False,MIA,PHI,H,W,24,23,20,34,246,1,1,78.8,1,2,0,0,0,,11.84,11.84,14047,False,fum_rec_td,PFR+RULE2PT
Dan Marino,1984,12,1984-11-18,False,MIA,SDG,A,L,28,34,28,41,338,2,1,99.4,0,0,0,0,0,,19.52,19.52,14047,False,fum_rec_td,PFR+RULE2PT
Dan Marino,1984,13,1984-11-26,False,MIA,NYJ,H,W,28,17,19,31,192,4,0,118.5,1,2,-2,0,0,,23.48,23.48,14047,False,fum_rec_td,PFR+RULE2PT
Dan Marino,1984,14,1984-12-02,False,MIA,RAI,H,L,34,45,35,57,470,4,2,96.4,3,1,-4,0,0,,30.4,30.4,14047,False,fum_rec_td,PFR+RULE2PT
Dan Marino,1984,15,1984-12-09,False,MIA,IND,A,W,35,17,29,41,404,4,1,124.4,2,0,0,0,0,,30.16,30.16,14047,False,fum_rec_td,PFR+RULE2PT
Dan Marino,1984,16,1984-12-17,False,MIA,DAL,H,W,28,21,23,40,340,4,2,97.9,1,2,-3,0,0,,25.3,25.3,14047,False,fum_rec_td,PFR+RULE2PT
Dan Marino,1984,17,1984-12-29,True,MIA,SEA,H,W,31,10,21,34,262,3,2,90.6,0,0,0,0,0,,18.48,18.48,14047,False,fum_rec_td,PFR+RULE2PT
Dan Marino,1984,18,1985-01-06,True,MIA,PIT,H,W,45,28,21,32,421,4,1,135.4,0,0,0,0,0,,30.84,30.84,14047,False,fum_rec_td,PFR+RULE2PT
Dan Marino,1984,19,1985-01-20,True,MIA,SFO,N,L,16,38,29,50,318,1,2,66.9,4,1,0,0,0,,12.72,12.72,14047,False,fum_rec_td,PFR+RULE2PT
Dan Marino,1985,1,1985-09-08,False,MIA,HOU,A,L,23,26,13,24,159,0,2,40.1,0,2,-1,0,0,,2.26,2.26,14047,False,fum_rec_td,PFR+RULE2PT
Dan Marino,1985,2,1985-09-15,False,MIA,IND,H,W,30,13,29,48,329,2,0,94.9,0,0,0,0,0,,21.16,21.16,14047,False,fum_rec_td,PFR+RULE2PT
Dan Marino,1985,3,1985-09-22,False,MIA,KAN,H,W,31,0,23,35,258,2,1,94.7,0,0,0,0,0,,16.32,16.32,14047,False,fum_rec_td,PFR+RULE2PT
Dan Marino,1985,4,1985-09-29,False,MIA,DEN,A,W,30,26,25,43,390,3,0,111.6,3,1,-2,0,0,,27.4,27.4,14047,False,fum_rec_td,PFR+RULE2PT
Dan Marino,1985,5,1985-10-06,False,MIA,PIT,H,W,24,20,27,45,277,1,3,57.4,0,4,-4,0,0,,8.68,8.68,14047,False,fum_rec_td,PFR+RULE2PT
Dan Marino,1985,6,1985-10-14,False,MIA,NYJ,A,L,7,23,13,23,136,0,1,55.7,1,0,0,0,0,,3.44,3.44,14047,False,fum_rec_td,PFR+RULE2PT
Dan Marino,1985,7,1985-10-20,False,MIA,TAM,H,W,41,38,27,39,302,3,1,107.0,0,2,-2,0,0,,21.88,21.88,14047,False,fum_rec_td,PFR+RULE2PT
Dan Marino,1985,8,1985-10-27,False,MIA,DET,A,L,21,31,23,44,247,2,2,65.2,1,0,0,0,0,,13.88,13.88,14047,False,fum_rec_td,PFR+RULE2PT
Dan Marino,1985,9,1985-11-03,False,MIA,NWE,A,L,13,17,15,33,171,0,2,36.3,2,2,0,0,0,,2.84,2.84,14047,False,fum_rec_td,PFR+RULE2PT
Dan Marino,1985,10,1985-11-10,False,MIA,NYJ,H,W,21,17,21,37,362,3,3,83.4,3,0,0,0,0,,20.48,20.48,14047,False,fum_rec_td,PFR+RULE2PT
Dan Marino,1985,11,1985-11-17,False,MIA,IND,A,W,34,20,22,37,330,1,0,97.8,1,2,-4,0,0,,16.8,16.8,14047,False,fum_rec_td,PFR+RULE2PT
Dan Marino,1985,12,1985-11-24,False,MIA,BUF,A,W,23,14,22,31,233,2,2,87.2,1,2,-1,0,0,,13.22,13.22,14047,False,fum_rec_td,PFR+RULE2PT
Dan Marino,1985,13,1985-12-02,False,MIA,CHI,H,W,38,24,14,27,270,3,1,108.6,3,0,0,0,0,,20.8,20.8,14047,False,fum_rec_td,PFR+RULE2PT
Dan Marino,1985,14,1985-12-08,False,MIA,GNB,A,W,34,24,30,44,345,5,1,120.0,0,4,4,0,0,,32.2,32.2,14047,False,fum_rec_td,PFR+RULE2PT
Dan Marino,1985,15,1985-12-16,False,MIA,NWE,H,W,30,27,17,33,192,1,1,66.7,2,5,-18,0,0,,7.88,7.88,14047,False,fum_rec_td,PFR+RULE2PT
Dan Marino,1985,16,1985-12-22,False,MIA,BUF,H,W,28,0,15,24,136,2,1,88.2,1,2,4,0,0,,11.84,11.84,14047,False,fum_rec_td,PFR+RULE2PT
Dan Marino,1985,17,1986-01-04,True,MIA,CLE,H,W,24,21,25,45,238,1,1,68.6,0,0,0,0,0,,11.52,11.52,14047,False,fum_rec_td,PFR+RULE2PT
Dan Marino,1985,18,1986-01-12,True,MIA,NWE,H,L,14,31,20,48,248,2,2,54.9,1,1,0,0,0,,13.92,13.92,14047,False,fum_rec_td,PFR+RULE2PT
Dan Marino,1986,1,1986-09-07,False,MIA,SDG,A,L,28,50,23,36,290,3,0,116.7,4,0,0,0,0,,23.6,23.6,14047,False,fum_rec_td,PFR+RULE2PT
Dan Marino,1986,2,1986-09-14,False,MIA,IND,H,W,30,10,17,29,254,1,1,84.6,0,0,0,0,0,,12.16,12.16,14047,False,fum_rec_td,PFR+RULE2PT
Dan Marino,1986,3,1986-09-21,False,MIA,NYJ,A,L,45,51,30,50,448,6,2,112.3,2,0,0,0,0,,37.92,37.92,14047,False,fum_rec_td,PFR+RULE2PT
Dan Marino,1986,4,1986-09-28,False,MIA,SFO,H,L,16,31,27,46,301,1,4,49.3,2,0,0,0,0,,8.04,8.04,14047,False,fum_rec_td,PFR+RULE2PT
Dan Marino,1986,5,1986-10-05,False,MIA,NWE,A,L,7,34,13,23,167,1,3,54.3,2,0,0,0,0,,4.68,4.68,14047,False,fum_rec_td,PFR+RULE2PT
Dan Marino,1986,6,1986-10-12,False,MIA,BUF,H,W,27,14,24,41,337,1,1,83.1,1,1,0,0,0,,15.48,15.48,14047,False,fum_rec_td,PFR+RULE2PT
Dan Marino,1986,7,1986-10-19,False,MIA,RAI,H,L,28,30,20,32,286,3,2,96.6,2,0,0,0,0,,19.44,19.44,14047,False,fum_rec_td,PFR+RULE2PT
Dan Marino,1986,8,1986-10-26,False,MIA,IND,A,W,17,13,23,42,243,1,0,79.8,0,4,-8,0,0,,12.92,12.92,14047,False,fum_rec_td,PFR+RULE2PT
Dan Marino,1986,9,1986-11-02,False,MIA,HOU,H,W,28,7,12,29,220,4,2,79.0,1,0,0,0,0,,20.8,20.8,14047,False,fum_rec_td,PFR+RULE2PT
Dan Marino,1986,10,1986-11-10,False,MIA,CLE,A,L,16,26,22,39,295,2,1,87.0,0,1,5,0,0,,18.3,18.3,14047,False,fum_rec_td,PFR+RULE2PT
Dan Marino,1986,11,1986-11-16,False,MIA,BUF,A,W,34,24,39,54,404,4,0,118.1,2,1,-3,0,0,,31.86,31.86,14047,False,fum_rec_td,PFR+RULE2PT
Dan Marino,1986,12,1986-11-24,False,MIA,NYJ,H,W,45,3,29,36,288,4,0,137.0,0,1,0,0,0,,27.52,27.52,14047,False,fum_rec_td,PFR+RULE2PT
Dan Marino,1986,13,1986-11-30,False,MIA,ATL,H,L,14,20,20,40,303,2,4,52.4,0,2,8,0,0,,12.92,12.92,14047,False,fum_rec_td,PFR+RULE2PT
Dan Marino,1986,14,1986-12-07,False,MIA,NOR,A,W,31,27,27,41,241,3,0,105.8,0,2,-5,0,0,,21.14,21.14,14047,False,fum_rec_td,PFR+RULE2PT
Dan Marino,1986,15,1986-12-14,False,MIA,RAM,A,W,37,31,29,46,403,5,1,118.3,1,0,0,0,0,,34.12,34.12,14047,False,fum_rec_td,PFR+RULE2PT
Dan Marino,1986,16,1986-12-22,False,MIA,NWE,H,L,27,34,23,39,266,3,2,83.9,0,0,0,0,0,,18.64,18.64,14047,False,fum_rec_td,PFR+RULE2PT
Dan Marino,1987,1,1987-09-13,False,MIA,NWE,A,L,21,28,19,37,165,3,2,68.0,0,1,0,0,0,,14.6,14.6,14047,False,fum_rec_td,PFR+RULE2PT
Dan Marino,1987,2,1987-09-20,False,MIA,IND,A,W,23,10,23,32,254,3,0,126.3,1,0,0,0,0,,22.16,22.16,14047,False,fum_rec_td,PFR+RULE2PT
Dan Marino,1987,6,1987-10-25,False,MIA,BUF,H,L,31,34,24,36,303,4,0,129.7,1,0,0,0,0,,28.12,28.12,14047,False,fum_rec_td,PFR+RULE2PT
Dan Marino,1987,7,1987-11-01,False,MIA,PIT,H,W,35,24,25,31,332,4,2,124.0,0,0,0,0,0,,25.28,25.28,14047,False,fum_rec_td,PFR+RULE2PT
Dan Marino,1987,8,1987-11-08,False,MIA,CIN,A,W,20,14,26,41,262,1,0,89.7,3,0,0,0,0,,14.48,14.48,14047,False,fum_rec_td,PFR+RULE2PT
Dan Marino,1987,9,1987-11-15,False,MIA,IND,H,L,21,40,14,34,194,2,1,67.5,0,0,0,0,0,,13.76,13.76,14047,False,fum_rec_td,PFR+RULE2PT
Dan Marino,1987,10,1987-11-22,False,MIA,DAL,A,W,20,14,22,39,265,1,1,75.3,1,2,-4,0,0,,12.2,12.2,14047,False,fum_rec_td,PFR+RULE2PT
Dan Marino,1987,11,1987-11-29,False,MIA,BUF,A,L,0,27,13,28,165,0,3,25.7,1,1,0,0,0,,0.6,0.6,14047,False,fum_rec_td,PFR+RULE2PT
Dan Marino,1987,12,1987-12-07,False,MIA,NYJ,H,W,37,28,29,40,293,1,0,101.4,0,2,2,1,0,,21.92,21.92,14047,False,fum_rec_td,PFR+RULE2PT
Dan Marino,1987,13,1987-12-13,False,MIA,PHI,A,W,28,10,25,39,376,3,1,110.6,2,3,-2,0,0,,24.84,24.84,14047,False,fum_rec_td,PFR+RULE2PT
Dan Marino,1987,14,1987-12-20,False,MIA,WAS,H,W,23,21,22,50,393,3,1,83.2,0,1,-1,0,0,,25.62,25.62,14047,False,fum_rec_td,PFR+RULE2PT
Dan Marino,1987,15,1987-12-28,False,MIA,NWE,H,L,10,24,21,37,243,1,2,63.2,0,2,0,0,0,,9.72,9.72,14047,False,fum_rec_td,PFR+RULE2PT
Dan Marino,1988,1,1988-09-04,False,MIA,CHI,A,L,7,34,9,22,113,1,0,72.7,0,2,0,0,0,,8.52,8.52,14047,False,fum_rec_td,PFR+RULE2PT
Dan Marino,1988,2,1988-09-11,False,MIA,BUF,A,L,6,9,22,34,221,0,0,83.1,1,1,0,0,0,,8.84,8.84,14047,False,fum_rec_td,PFR+RULE2PT
Dan Marino,1988,3,1988-09-18,False,MIA,GNB,H,W,24,17,22,33,261,2,2,85.5,1,1,-1,0,0,,14.34,14.34,14047,False,fum_rec_td,PFR+RULE2PT
Dan Marino,1988,4,1988-09-25,False,MIA,IND,A,L,13,15,22,35,276,2,1,94.5,4,0,0,0,0,,17.04,17.04,14047,False,fum_rec_td,PFR+RULE2PT
Dan Marino,1988,5,1988-10-02,False,MIA,MIN,H,W,24,7,20,37,264,2,3,61.1,0,5,-12,0,0,,11.36,11.36,14047,False,fum_rec_td,PFR+RULE2PT
Dan Marino,1988,6,1988-10-09,False,MIA,RAI,A,W,24,14,14,36,175,1,1,52.4,0,3,-4,0,0,,8.6,8.6,14047,False,fum_rec_td,PFR+RULE2PT
Dan Marino,1988,7,1988-10-16,False,MIA,SDG,H,W,31,28,26,45,329,1,0,88.1,0,0,0,0,0,,17.16,17.16,14047,False,fum_rec_td,PFR+RULE2PT
Dan Marino,1988,8,1988-10-23,False,MIA,NYJ,H,L,30,44,35,60,521,3,5,68.8,0,1,0,0,0,,22.84,22.84,14047,False,fum_rec_td,PFR+RULE2PT
Dan Marino,1988,9,1988-10-30,False,MIA,TAM,A,W,17,14,27,46,266,2,0,89.6,0,3,-4,0,0,,18.24,18.24,14047,False,fum_rec_td,PFR+RULE2PT
Dan Marino,1988,10,1988-11-06,False,MIA,NWE,A,L,10,21,29,51,359,1,2,69.0,0,1,0,0,0,,14.36,14.36,14047,False,fum_rec_td,PFR+RULE2PT
Dan Marino,1988,11,1988-11-14,False,MIA,BUF,H,L,6,31,19,30,224,1,3,57.5,0,0,0,0,0,,6.96,6.96,14047,False,fum_rec_td,PFR+RULE2PT
Dan Marino,1988,12,1988-11-20,False,MIA,NWE,H,L,3,6,19,29,169,0,0,81.0,0,1,6,0,0,,7.36,7.36,14047,False,fum_rec_td,PFR+RULE2PT
Dan Marino,1988,13,1988-11-27,False,MIA,NYJ,A,L,34,38,17,35,353,5,0,124.2,0,0,0,0,0,,34.12,34.12,14047,False,fum_rec_td,PFR+RULE2PT
Dan Marino,1988,14,1988-12-04,False,MIA,IND,H,L,28,31,26,32,304,3,1,124.5,0,1,1,0,0,,22.26,22.26,14047,False,fum_rec_td,PFR+RULE2PT
Dan Marino,1988,15,1988-12-12,False,MIA,CLE,H,W,38,31,30,50,404,4,3,87.4,0,0,0,0,0,,26.16,26.16,14047,False,fum_rec_td,PFR+RULE2PT
Dan Marino,1988,16,1988-12-18,False,MIA,PIT,A,L,24,40,17,31,195,0,2,47.1,0,1,-3,0,0,,3.5,3.5,14047,False,fum_rec_td,PFR+RULE2PT
Dan Marino,1989,1,1989-09-10,False,MIA,BUF,H,L,24,27,25,38,255,1,2,71.7,0,1,0,0,0,,10.2,10.2,14047,False,fum_rec_td,PFR+RULE2PT
Dan Marino,1989,2,1989-09-17,False,MIA,NWE,A,W,24,10,17,28,226,3,3,82.4,0,2,-3,0,0,,14.74,14.74,14047,False,fum_rec_td,PFR+RULE2PT
Dan Marino,1989,3,1989-09-24,False,MIA,NYJ,H,L,33,40,33,55,427,3,2,87.5,0,0,0,0,0,,25.08,25.08,14047,False,fum_rec_td,PFR+RULE2PT
Dan Marino,1989,4,1989-10-01,False,MIA,HOU,A,L,7,39,11,29,103,0,2,19.8,0,0,0,0,0,,0.12,0.12,14047,False,fum_rec_td,PFR+RULE2PT
Dan Marino,1989,5,1989-10-08,False,MIA,CLE,H,W,13,10,19,33,234,1,1,77.1,0,0,0,0,0,,11.36,11.36,14047,False,fum_rec_td,PFR+RULE2PT
Dan Marino,1989,6,1989-10-15,False,MIA,CIN,A,W,20,13,16,33,266,0,1,63.4,0,3,-4,1,0,,14.24,14.24,14047,False,fum_rec_td,PFR+RULE2PT
Dan Marino,1989,7,1989-10-22,False,MIA,GNB,H,W,23,20,24,37,333,2,2,89.1,0,1,0,0,0,,17.32,17.32,14047,False,fum_rec_td,PFR+RULE2PT
Dan Marino,1989,8,1989-10-29,False,MIA,BUF,A,L,17,31,20,36,255,1,3,52.4,2,0,0,0,0,,8.2,8.2,14047,False,fum_rec_td,PFR+RULE2PT
Dan Marino,1989,9,1989-11-05,False,MIA,IND,H,W,19,13,14,26,149,2,0,96.5,0,2,-2,0,0,,13.76,13.76,14047,False,fum_rec_td,PFR+RULE2PT
Dan Marino,1989,10,1989-11-12,False,MIA,NYJ,A,W,31,23,18,34,359,3,2,95.1,2,1,0,0,0,,22.36,22.36,14047,False,fum_rec_td,PFR+RULE2PT
Dan Marino,1989,11,1989-11-19,False,MIA,DAL,A,W,17,14,21,36,255,1,0,89.5,2,0,0,0,0,,14.2,14.2,14047,False,fum_rec_td,PFR+RULE2PT
Dan Marino,1989,12,1989-11-26,False,MIA,PIT,H,L,14,34,8,16,128,1,0,97.9,0,1,0,0,0,,9.12,9.12,14047,False,fum_rec_td,PFR+RULE2PT
Dan Marino,1989,13,1989-12-03,False,MIA,KAN,A,L,21,26,18,37,218,3,1,82.9,0,1,2,0,0,,18.92,18.92,14047,False,fum_rec_td,PFR+RULE2PT
Dan Marino,1989,14,1989-12-10,False,MIA,NWE,H,W,31,10,21,32,300,0,1,82.8,0,2,0,1,0,,16.0,16.0,14047,False,fum_rec_td,PFR+RULE2PT
Dan Marino,1989,15,1989-12-17,False,MIA,IND,A,L,13,42,15,33,150,0,1,46.3,2,0,0,0,0,,4.0,4.0,14047,False,fum_rec_td,PFR+RULE2PT
Dan Marino,1989,16,1989-12-24,False,MIA,KAN,H,L,24,27,28,47,339,3,1,94.2,2,0,0,0,0,,23.56,23.56,14047,False,fum_rec_td,PFR+RULE2PT
John Elway,1983,1,1983-09-04,False,DEN,PIT,A,W,14,10,1,8,14,0,1,0.0,4,0,0,0,0,,-1.44,-1.44,6441,False,fum_rec_td,PFR+RULE2PT
John Elway,1983,2,1983-09-11,False,DEN,BAL,A,W,17,10,9,21,106,0,0,58.8,3,1,2,0,0,,4.44,4.44,6441,False,fum_rec_td,PFR+RULE2PT
John Elway,1983,3,1983-09-18,False,DEN,PHI,H,L,10,13,18,33,193,1,2,56.8,3,4,29,0,0,,10.62,10.62,6441,False,fum_rec_td,PFR+RULE2PT
John Elway,1983,4,1983-09-25,False,DEN,RAI,H,L,7,22,6,11,71,0,1,36.6,2,0,0,0,0,,0.84,0.84,6441,False,fum_rec_td,PFR+RULE2PT
John Elway,1983,5,1983-10-02,False,DEN,CHI,A,L,14,31,4,10,36,0,1,10.8,3,3,10,0,0,,0.44,0.44,6441,False,fum_rec_td,PFR+RULE2PT
John Elway,1983,10,1983-11-06,False,DEN,SEA,A,L,19,27,8,15,134,1,0,106.0,2,4,20,0,0,,11.36,11.36,6441,False,fum_rec_td,PFR+RULE2PT
John Elway,1983,11,1983-11-13,False,DEN,RAI,A,L,20,22,11,31,190,0,1,43.8,2,3,32,1,0,,14.8,14.8,6441,False,fum_rec_td,PFR+RULE2PT
John Elway,1983,13,1983-11-27,False,DEN,SDG,A,L,7,31,14,28,147,0,3,26.0,4,1,1,0,0,,-0.02,-0.02,6441,False,fum_rec_td,PFR+RULE2PT
John Elway,1983,14,1983-12-04,False,DEN,CLE,H,W,27,6,16,24,284,2,1,117.4,0,6,18,0,0,,19.16,19.16,6441,False,fum_rec_td,PFR+RULE2PT
John Elway,1983,15,1983-12-11,False,DEN,BAL,H,W,21,19,23,44,345,3,0,101.0,5,3,23,0,0,,28.1,28.1,6441,False,fum_rec_td,PFR+RULE2PT
John Elway,1983,16,1983-12-18,False,DEN,KAN,A,L,17,48,13,34,143,0,4,11.9,0,3,11,0,0,,-1.18,-1.18,6441,False,fum_rec_td,PFR+RULE2PT
John Elway,1983,17,1983-12-24,True,DEN,SEA,A,L,7,31,10,15,123,0,1,64.0,0,3,16,0,0,,4.52,4.52,6441,False,fum_rec_td,PFR+RULE2PT
John Elway,1984,1,1984-09-02,False,DEN,CIN,H,W,20,17,8,13,127,1,1,87.7,1,3,13,0,0,,8.38,8.38,6441,False,fum_rec_td,PFR+RULE2PT
John Elway,1984,2,1984-09-09,False,DEN,CHI,A,L,0,27,2,3,11,0,0,72.9,0,1,0,0,0,,0.44,0.44,6441,False,fum_rec_td,PFR+RULE2PT
John Elway,1984,3,1984-09-16,False,DEN,CLE,A,W,24,14,15,35,170,2,1,65.2,1,6,42,0,0,,17.0,17.0,6441,False,fum_rec_td,PFR+RULE2PT
John Elway,1984,4,1984-09-23,False,DEN,KAN,H,W,21,0,17,29,172,0,2,46.9,4,0,0,0,0,,2.88,2.88,6441,False,fum_rec_td,PFR+RULE2PT
John Elway,1984,5,1984-09-30,False,DEN,RAI,H,W,16,13,14,26,139,0,1,53.2,2,5,13,0,0,,4.86,4.86,6441,False,fum_rec_td,PFR+RULE2PT
John Elway,1984,6,1984-10-07,False,DEN,DET,A,W,28,7,16,22,210,1,1,98.7,3,4,8,0,0,,11.2,11.2,6441,False,fum_rec_td,PFR+RULE2PT
John Elway,1984,7,1984-10-15,False,DEN,GNB,H,W,17,14,11,20,101,0,1,48.1,0,1,0,0,0,,2.04,2.04,6441,False,fum_rec_td,PFR+RULE2PT
John Elway,1984,8,1984-10-21,False,DEN,BUF,A,W,37,7,12,23,148,2,0,101.4,1,1,0,0,0,,13.92,13.92,6441,False,fum_rec_td,PFR+RULE2PT
John Elway,1984,10,1984-11-04,False,DEN,NWE,H,W,26,19,26,40,315,3,1,103.6,3,4,3,0,0,,22.9,22.9,6441,False,fum_rec_td,PFR+RULE2PT
John Elway,1984,11,1984-11-11,False,DEN,SDG,A,W,16,13,19,35,188,0,0,69.7,3,6,25,0,0,,10.02,10.02,6441,False,fum_rec_td,PFR+RULE2PT
John Elway,1984,12,1984-11-18,False,DEN,MIN,H,W,42,21,16,19,218,5,0,154.1,0,1,0,0,0,,28.72,28.72,6441,False,fum_rec_td,PFR+RULE2PT
John Elway,1984,13,1984-11-25,False,DEN,SEA,H,L,24,27,15,27,275,2,1,100.1,2,5,43,0,0,,21.3,21.3,6441,False,fum_rec_td,PFR+RULE2PT
John Elway,1984,14,1984-12-02,False,DEN,KAN,A,L,13,16,16,36,183,1,1,58.0,3,3,24,0,0,,11.72,11.72,6441,False,fum_rec_td,PFR+RULE2PT
John Elway,1984,15,1984-12-09,False,DEN,SDG,H,W,16,13,18,31,193,0,1,63.0,1,7,23,0,0,,8.02,8.02,6441,False,fum_rec_td,PFR+RULE2PT
John Elway,1984,16,1984-12-15,False,DEN,SEA,A,W,31,14,9,21,148,1,4,43.5,0,9,43,1,0,,12.22,12.22,6441,False,fum_rec_td,PFR+RULE2PT
John Elway,1984,17,1984-12-30,True,DEN,PIT,H,L,17,24,19,37,184,2,2,61.1,4,4,16,0,0,,12.96,12.96,6441,False,fum_rec_td,PFR+RULE2PT
John Elway,1985,1,1985-09-08,False,DEN,RAM,A,L,16,20,18,38,229,2,1,73.2,2,1,7,0,0,,15.86,15.86,6441,False,fum_rec_td,PFR+RULE2PT
John Elway,1985,2,1985-09-15,False,DEN,NOR,H,W,34,23,28,43,353,4,1,111.9,3,3,2,0,0,,28.32,28.32,6441,False,fum_rec_td,PFR+RULE2PT
John Elway,1985,3,1985-09-22,False,DEN,ATL,A,W,44,28,19,38,291,3,2,80.0,2,6,32,0,0,,22.84,22.84,6441,False,fum_rec_td,PFR+RULE2PT
John Elway,1985,4,1985-09-29,False,DEN,MIA,H,L,26,30,18,37,250,0,1,59.5,3,4,32,0,0,,11.2,11.2,6441,False,fum_rec_td,PFR+RULE2PT
John Elway,1985,5,1985-10-06,False,DEN,HOU,H,W,31,20,17,35,256,3,3,65.9,2,5,24,0,0,,18.64,18.64,6441,False,fum_rec_td,PFR+RULE2PT
John Elway,1985,6,1985-10-13,False,DEN,IND,A,W,15,10,17,36,239,0,1,57.5,2,6,49,0,0,,12.46,12.46,6441,False,fum_rec_td,PFR+RULE2PT
John Elway,1985,7,1985-10-20,False,DEN,SEA,H,W,13,10,22,43,166,0,0,60.8,3,3,-3,0,0,,6.34,6.34,6441,False,fum_rec_td,PFR+RULE2PT
John Elway,1985,8,1985-10-27,False,DEN,KAN,A,W,30,10,13,20,116,0,0,80.4,2,2,16,0,0,,6.24,6.24,6441,False,fum_rec_td,PFR+RULE2PT
John Elway,1985,9,1985-11-03,False,DEN,SDG,A,L,10,30,20,35,222,0,2,52.3,4,3,27,0,0,,7.58,7.58,6441,False,fum_rec_td,PFR+RULE2PT
John Elway,1985,10,1985-11-11,False,DEN,SFO,H,W,17,16,20,42,215,2,1,69.0,0,3,16,0,0,,16.2,16.2,6441,False,fum_rec_td,PFR+RULE2PT
John Elway,1985,11,1985-11-17,False,DEN,SDG,H,W,30,24,28,50,261,1,2,60.5,3,2,8,0,0,,11.24,11.24,6441,False,fum_rec_td,PFR+RULE2PT
John Elway,1985,12,1985-11-24,False,DEN,RAI,A,L,28,31,19,32,164,3,0,104.2,4,2,25,0,0,,21.06,21.06,6441,False,fum_rec_td,PFR+RULE2PT
John Elway,1985,13,1985-12-01,False,DEN,PIT,A,W,31,23,24,41,238,1,1,73.0,0,2,3,0,0,,11.82,11.82,6441,False,fum_rec_td,PFR+RULE2PT
John Elway,1985,14,1985-12-08,False,DEN,RAI,H,L,14,17,18,36,158,1,3,36.6,3,3,11,0,0,,5.42,5.42,6441,False,fum_rec_td,PFR+RULE2PT
John Elway,1985,15,1985-12-14,False,DEN,KAN,H,W,14,13,22,37,301,1,5,55.0,0,6,4,0,0,,6.44,6.44,6441,False,fum_rec_td,PFR+RULE2PT
John Elway,1985,16,1985-12-20,False,DEN,SEA,A,W,27,24,24,42,432,1,0,100.5,5,0,0,0,0,,21.28,21.28,6441,False,fum_rec_td,PFR+RULE2PT
John Elway,1986,1,1986-09-07,False,DEN,RAI,H,W,38,36,21,35,239,2,0,99.6,2,0,0,0,0,,25.86,26.86,6441,False,fum_rec_td,PFR+RULE2PT
John Elway,1986,2,1986-09-15,False,DEN,PIT,A,W,21,10,21,38,243,3,0,101.1,1,2,-5,0,0,,21.22,21.22,6441,False,fum_rec_td,PFR+RULE2PT
John Elway,1986,3,1986-09-21,False,DEN,PHI,A,W,33,7,7,12,96,1,0,111.8,3,1,11,0,0,,8.94,8.94,6441,False,fum_rec_td,PFR+RULE2PT
John Elway,1986,4,1986-09-28,False,DEN,NWE,H,W,27,20,18,34,188,1,1,66.8,1,1,3,0,0,,9.82,9.82,6441,False,fum_rec_td,PFR+RULE2PT
John Elway,1986,5,1986-10-05,False,DEN,DAL,H,W,29,14,12,24,200,3,0,118.1,1,3,22,0,0,,22.2,22.2,6441,False,fum_rec_td,PFR+RULE2PT
John Elway,1986,6,1986-10-12,False,DEN,SDG,A,W,31,14,20,34,242,1,1,78.3,0,2,18,0,0,,13.48,13.48,6441,False,fum_rec_td,PFR+RULE2PT
John Elway,1986,7,1986-10-20,False,DEN,NYJ,A,L,10,22,13,28,145,0,1,47.5,5,3,22,0,0,,6.0,6.0,6441,False,fum_rec_td,PFR+RULE2PT
John Elway,1986,8,1986-10-26,False,DEN,SEA,H,W,20,13,18,32,321,1,1,88.2,0,7,-6,0,0,,14.24,14.24,6441,False,fum_rec_td,PFR+RULE2PT
John Elway,1986,9,1986-11-02,False,DEN,RAI,A,W,21,10,11,12,141,1,0,143.4,2,1,0,0,0,,9.64,9.64,6441,False,fum_rec_td,PFR+RULE2PT
John Elway,1986,10,1986-11-09,False,DEN,SDG,H,L,3,9,13,31,196,0,3,23.8,2,2,22,0,0,,4.04,4.04,6441,False,fum_rec_td,PFR+RULE2PT
John Elway,1986,11,1986-11-16,False,DEN,KAN,H,W,38,17,15,29,196,0,0,73.3,3,2,9,0,0,,8.74,8.74,6441,False,fum_rec_td,PFR+RULE2PT
John Elway,1986,12,1986-11-23,False,DEN,NYG,A,L,16,19,29,47,336,0,2,65.6,2,8,51,0,0,,14.54,14.54,6441,False,fum_rec_td,PFR+RULE2PT
John Elway,1986,13,1986-11-30,False,DEN,CIN,H,W,34,28,22,34,228,3,0,113.4,1,7,41,0,0,,25.22,25.22,6441,False,fum_rec_td,PFR+RULE2PT
John Elway,1986,14,1986-12-07,False,DEN,KAN,A,L,10,37,23,42,246,1,4,40.5,5,4,37,0,0,,9.54,9.54,6441,False,fum_rec_td,PFR+RULE2PT
John Elway,1986,15,1986-12-13,False,DEN,WAS,H,W,31,30,20,35,282,1,0,92.8,3,6,15,1,0,,22.78,22.78,6441,False,fum_rec_td,PFR+RULE2PT
John Elway,1986,16,1986-12-20,False,DEN,SEA,A,L,16,41,17,37,186,1,0,70.3,1,3,17,0,0,,13.14,13.14,6441,False,fum_rec_td,PFR+RULE2PT
John Elway,1986,17,1987-01-04,True,DEN,NWE,H,W,22,17,13,32,257,1,2,53.8,1,5,18,1,0,,18.08,18.08,6441,False,fum_rec_td,PFR+RULE2PT
John Elway,1986,18,1987-01-11,True,DEN,CLE,A,W,23,20,22,38,244,1,1,74.9,2,4,56,0,0,,17.36,17.36,6441,False,fum_rec_td,PFR+RULE2PT
John Elway,1986,19,1987-01-25,True,DEN,NYG,N,L,20,39,22,37,304,1,1,83.6,3,6,27,1,0,,22.86,22.86,6441,False,fum_rec_td,PFR+RULE2PT
John Elway,1987,1,1987-09-13,False,DEN,SEA,H,W,40,17,22,32,338,4,1,129.9,0,4,16,0,0,,29.12,29.12,6441,False,fum_rec_td,PFR+RULE2PT
John Elway,1987,2,1987-09-20,False,DEN,GNB,A,T,17,17,30,48,285,0,3,52.9,1,4,36,0,0,,9.0,9.0,6441,False,fum_rec_td,PFR+RULE2PT
John Elway,1987,6,1987-10-26,False,DEN,MIN,A,L,27,34,22,39,245,2,1,81.7,4,7,37,1,0,,25.5,25.5,6441,False,fum_rec_td,PFR+RULE2PT
John Elway,1987,7,1987-11-01,False,DEN,DET,H,W,34,0,16,30,246,1,0,91.8,1,4,42,2,0,,30.04,30.04,6441,False,fum_rec_td,PFR+RULE2PT
John Elway,1987,8,1987-11-08,False,DEN,BUF,A,L,14,21,13,30,163,1,0,71.9,3,3,9,0,0,,11.42,11.42,6441,False,fum_rec_td,PFR+RULE2PT
John Elway,1987,9,1987-11-16,False,DEN,CHI,H,W,31,29,21,40,341,3,2,85.5,0,5,35,0,0,,25.14,25.14,6441,False,fum_rec_td,PFR+RULE2PT
John Elway,1987,10,1987-11-22,False,DEN,RAI,A,W,23,17,16,29,298,1,0,102.4,2,7,25,1,0,,24.42,24.42,6441,False,fum_rec_td,PFR+RULE2PT
John Elway,1987,11,1987-11-29,False,DEN,SDG,A,W,31,17,21,32,347,3,1,120.2,0,6,40,0,0,,27.88,27.88,6441,False,fum_rec_td,PFR+RULE2PT
John Elway,1987,12,1987-12-06,False,DEN,NWE,H,W,31,20,17,37,265,2,1,77.0,2,7,8,0,0,,17.4,17.4,6441,False,fum_rec_td,PFR+RULE2PT
John Elway,1987,13,1987-12-13,False,DEN,SEA,A,L,21,28,21,42,335,1,2,65.1,4,3,12,0,0,,14.6,14.6,6441,False,fum_rec_td,PFR+RULE2PT
John Elway,1987,14,1987-12-19,False,DEN,KAN,H,W,20,17,18,31,237,1,0,93.1,1,11,20,0,0,,15.48,15.48,6441,False,fum_rec_td,PFR+RULE2PT
John Elway,1987,15,1987-12-27,False,DEN,SDG,H,W,24,0,7,20,98,0,1,30.8,2,5,24,0,0,,4.32,4.32,6441,False,fum_rec_td,PFR+RULE2PT
John Elway,1987,16,1988-01-10,True,DEN,HOU,H,W,34,10,14,25,259,2,1,101.9,1,4,8,1,0,,23.16,23.16,6441,False,fum_rec_td,PFR+RULE2PT
John Elway,1987,17,1988-01-17,True,DEN,CLE,H,W,38,33,14,26,281,3,1,114.4,2,11,36,0,0,,24.84,24.84,6441,False,fum_rec_td,PFR+RULE2PT
John Elway,1987,18,1988-01-31,True,DEN,WAS,N,L,10,42,14,38,257,1,3,36.8,5,3,32,0,0,,13.78,14.78,6441,False,fum_rec_td,PFR+RULE2PT
John Elway,1988,1,1988-09-04,False,DEN,SEA,H,L,14,21,21,45,259,2,2,61.2,3,1,0,0,0,,14.36,14.36,6441,False,fum_rec_td,PFR+RULE2PT
John Elway,1988,2,1988-09-11,False,DEN,SDG,H,W,34,3,17,28,259,2,0,115.0,1,1,-1,0,0,,18.26,18.26,6441,False,fum_rec_td,PFR+RULE2PT
John Elway,1988,3,1988-09-18,False,DEN,KAN,A,L,13,20,15,32,213,0,2,42.8,0,5,20,0,0,,6.52,6.52,6441,False,fum_rec_td,PFR+RULE2PT
John Elway,1988,4,1988-09-26,False,DEN,RAI,H,L,27,30,14,28,220,1,4,48.8,2,4,2,0,0,,5.0,5.0,6441,False,fum_rec_td,PFR+RULE2PT
John Elway,1988,5,1988-10-02,False,DEN,SDG,A,W,12,0,17,29,184,0,1,63.0,4,8,22,0,0,,7.56,7.56,6441,False,fum_rec_td,PFR+RULE2PT
John Elway,1988,6,1988-10-09,False,DEN,SFO,A,W,16,13,21,39,210,1,2,56.6,5,5,16,0,0,,10.0,10.0,6441,False,fum_rec_td,PFR+RULE2PT
John Elway,1988,7,1988-10-16,False,DEN,ATL,H,W,30,14,16,26,235,1,0,103.8,2,1,9,0,0,,14.3,14.3,6441,False,fum_rec_td,PFR+RULE2PT
John Elway,1988,9,1988-10-31,False,DEN,IND,A,L,23,55,15,27,158,1,0,85.1,3,2,20,0,0,,12.32,12.32,6441,False,fum_rec_td,PFR+RULE2PT
John Elway,1988,10,1988-11-06,False,DEN,KAN,H,W,17,11,14,28,183,1,2,53.1,1,6,12,0,0,,8.52,8.52,6441,False,fum_rec_td,PFR+RULE2PT
John Elway,1988,11,1988-11-13,False,DEN,CLE,H,W,30,7,21,30,207,2,0,111.4,0,3,34,0,0,,19.68,19.68,6441,False,fum_rec_td,PFR+RULE2PT
John Elway,1988,12,1988-11-20,False,DEN,NOR,A,L,0,42,18,36,166,0,1,51.4,1,3,22,0,0,,6.84,6.84,6441,False,fum_rec_td,PFR+RULE2PT
John Elway,1988,13,1988-11-27,False,DEN,RAM,H,W,35,24,21,36,272,3,1,98.4,1,7,42,1,0,,31.08,31.08,6441,False,fum_rec_td,PFR+RULE2PT
John Elway,1988,14,1988-12-04,False,DEN,RAI,A,L,20,21,29,49,324,2,3,67.0,3,2,13,0,0,,16.26,16.26,6441,False,fum_rec_td,PFR+RULE2PT
John Elway,1988,15,1988-12-11,False,DEN,SEA,A,L,14,42,21,34,270,1,0,96.4,4,4,14,0,0,,16.2,16.2,6441,False,fum_rec_td,PFR+RULE2PT
John Elway,1988,16,1988-12-17,False,DEN,NWE,H,W,21,10,14,29,149,0,1,49.4,0,2,9,0,0,,4.86,4.86,6441,False,fum_rec_td,PFR+RULE2PT
John Elway,1989,1,1989-09-10,False,DEN,KAN,H,W,34,20,16,28,150,1,2,54.2,0,5,-4,0,0,,5.6,5.6,6441,False,fum_rec_td,PFR+RULE2PT
John Elway,1989,2,1989-09-18,False,DEN,BUF,A,W,28,14,15,28,207,1,2,59.7,2,3,33,0,0,,11.58,11.58,6441,False,fum_rec_td,PFR+RULE2PT
John Elway,1989,3,1989-09-24,False,DEN,RAI,H,W,31,21,11,23,131,2,1,76.5,1,2,35,1,0,,20.74,20.74,6441,False,fum_rec_td,PFR+RULE2PT
John Elway,1989,4,1989-10-01,False,DEN,CLE,A,L,13,16,6,19,198,1,1,67.4,4,1,2,0,0,,10.12,10.12,6441,False,fum_rec_td,PFR+RULE2PT
John Elway,1989,5,1989-10-08,False,DEN,SDG,H,W,16,10,19,35,199,0,1,59.1,3,7,30,0,0,,8.96,8.96,6441,False,fum_rec_td,PFR+RULE2PT
John Elway,1989,6,1989-10-15,False,DEN,IND,H,W,14,3,13,25,150,0,1,53.7,0,5,8,0,0,,4.8,4.8,6441,False,fum_rec_td,PFR+RULE2PT
John Elway,1989,7,1989-10-22,False,DEN,SEA,A,W,24,21,18,35,344,2,0,104.9,4,3,3,0,0,,22.06,22.06,6441,False,fum_rec_td,PFR+RULE2PT
John Elway,1989,8,1989-10-29,False,DEN,PHI,H,L,24,28,19,39,278,2,3,57.4,7,4,45,1,0,,23.62,23.62,6441,False,fum_rec_td,PFR+RULE2PT
John Elway,1989,9,1989-11-05,False,DEN,PIT,H,W,34,7,14,21,261,1,2,85.7,3,7,34,1,0,,19.84,19.84,6441,False,fum_rec_td,PFR+RULE2PT
John Elway,1989,10,1989-11-12,False,DEN,KAN,A,W,16,13,11,22,133,0,1,50.0,2,1,-2,0,0,,3.12,3.12,6441,False,fum_rec_td,PFR+RULE2PT
John Elway,1989,12,1989-11-26,False,DEN,SEA,H,W,41,14,10,19,217,4,0,133.1,0,2,17,0,0,,26.38,26.38,6441,False,fum_rec_td,PFR+RULE2PT
John Elway,1989,13,1989-12-03,False,DEN,RAI,A,L,13,16,23,36,197,0,2,55.0,3,2,16,0,0,,5.48,5.48,6441,False,fum_rec_td,PFR+RULE2PT
John Elway,1989,14,1989-12-10,False,DEN,NYG,H,L,7,14,23,47,292,1,0,75.8,1,4,26,0,0,,18.28,18.28,6441,False,fum_rec_td,PFR+RULE2PT
John Elway,1989,15,1989-12-16,False,DEN,PHO,A,W,37,0,20,29,247,2,2,89.3,2,2,1,0,0,,13.98,13.98,6441,False,fum_rec_td,PFR+RULE2PT
John Elway,1989,16,1989-12-24,False,DEN,SDG,A,L,16,19,5,10,47,1,0,96.7,3,0,0,0,0,,5.88,5.88,6441,False,fum_rec_td,PFR+RULE2PT
John Elway,1989,17,1990-01-07,True,DEN,PIT,H,W,24,23,12,20,239,1,1,97.7,1,7,44,0,0,,15.96,15.96,6441,False,fum_rec_td,PFR+RULE2PT
John Elway,1989,18,1990-01-14,True,DEN,CLE,H,W,37,21,20,36,385,3,0,120.7,1,5,39,0,0,,31.3,31.3,6441,False,fum_rec_td,PFR+RULE2PT
John Elway,1989,19,1990-01-28,True,DEN,SFO,N,L,10,55,10,26,108,0,2,19.4,4,4,8,1,0,,7.12,7.12,6441,False,fum_rec_td,PFR+RULE2PT
Jim Kelly,1986,1,1986-09-07,False,BUF,NYJ,H,L,24,28,20,33,292,3,0,119.8,1,3,8,0,0,,24.48,24.48,12066,False,fum_rec_td,PFR+RULE2PT
Jim Kelly,1986,2,1986-09-14,False,BUF,CIN,A,L,33,36,13,22,228,1,2,71.8,2,2,0,0,0,,9.12,9.12,12066,False,fum_rec_td,PFR+RULE2PT
Jim Kelly,1986,3,1986-09-21,False,BUF,STL,H,W,17,10,6,10,105,0,0,95.8,4,3,-5,0,0,,3.7,3.7,12066,False,fum_rec_td,PFR+RULE2PT
Jim Kelly,1986,4,1986-09-28,False,BUF,KAN,H,L,17,20,24,38,291,1,3,62.5,2,0,0,0,0,,9.64,9.64,12066,False,fum_rec_td,PFR+RULE2PT
Jim Kelly,1986,5,1986-10-05,False,BUF,NYJ,A,L,13,14,18,35,211,1,1,67.7,3,3,30,0,0,,13.44,13.44,12066,False,fum_rec_td,PFR+RULE2PT
Jim Kelly,1986,6,1986-10-12,False,BUF,MIA,A,L,14,27,20,28,218,1,2,76.2,2,3,13,0,0,,10.02,10.02,12066,False,fum_rec_td,PFR+RULE2PT
Jim Kelly,1986,7,1986-10-19,False,BUF,IND,H,W,24,13,20,31,252,2,2,84.3,1,2,2,0,0,,14.28,14.28,12066,False,fum_rec_td,PFR+RULE2PT
Jim Kelly,1986,8,1986-10-26,False,BUF,NWE,H,L,3,23,13,26,166,0,2,38.3,5,4,29,0,0,,5.54,5.54,12066,False,fum_rec_td,PFR+RULE2PT
Jim Kelly,1986,9,1986-11-02,False,BUF,TAM,A,L,28,34,29,39,342,3,0,126.2,1,5,42,0,0,,29.88,29.88,12066,False,fum_rec_td,PFR+RULE2PT
Jim Kelly,1986,10,1986-11-09,False,BUF,PIT,H,W,16,12,11,22,95,1,0,76.9,4,2,7,0,0,,8.5,8.5,12066,False,fum_rec_td,PFR+RULE2PT
Jim Kelly,1986,11,1986-11-16,False,BUF,MIA,H,L,24,34,17,33,189,2,0,89.1,1,2,25,0,0,,18.06,18.06,12066,False,fum_rec_td,PFR+RULE2PT
Jim Kelly,1986,12,1986-11-23,False,BUF,NWE,A,L,19,22,22,32,250,1,2,76.3,6,1,8,0,0,,10.8,10.8,12066,False,fum_rec_td,PFR+RULE2PT
Jim Kelly,1986,13,1986-11-30,False,BUF,KAN,A,W,17,14,17,34,190,2,1,74.4,2,1,-2,0,0,,13.4,13.4,12066,False,fum_rec_td,PFR+RULE2PT
Jim Kelly,1986,14,1986-12-07,False,BUF,CLE,H,L,17,21,20,39,315,2,0,95.6,2,6,23,0,0,,22.9,22.9,12066,False,fum_rec_td,PFR+RULE2PT
Jim Kelly,1986,15,1986-12-14,False,BUF,IND,A,L,14,24,11,19,188,1,1,87.2,1,1,5,0,0,,10.02,10.02,12066,False,fum_rec_td,PFR+RULE2PT
Jim Kelly,1986,16,1986-12-21,False,BUF,HOU,A,L,7,16,24,39,261,1,1,79.1,6,3,14,0,0,,13.84,13.84,12066,False,fum_rec_td,PFR+RULE2PT
Jim Kelly,1987,1,1987-09-13,False,BUF,NYJ,H,L,28,31,25,42,305,3,1,95.8,2,0,0,0,0,,22.2,22.2,12066,False,fum_rec_td,PFR+RULE2PT
Jim Kelly,1987,2,1987-09-20,False,BUF,HOU,H,W,34,30,26,43,293,3,2,84.7,5,3,10,0,0,,20.72,20.72,12066,False,fum_rec_td,PFR+RULE2PT
Jim Kelly,1987,6,1987-10-25,False,BUF,MIA,A,W,34,31,29,39,359,2,0,119.5,3,4,21,0,0,,24.46,24.46,12066,False,fum_rec_td,PFR+RULE2PT
Jim Kelly,1987,7,1987-11-01,False,BUF,WAS,H,L,7,27,25,43,292,1,3,57.5,3,2,3,0,0,,9.98,9.98,12066,False,fum_rec_td,PFR+RULE2PT
Jim Kelly,1987,8,1987-11-08,False,BUF,DEN,H,W,21,14,14,23,135,1,1,73.6,0,6,17,0,0,,12.6,13.6,12066,False,fum_rec_td,PFR+RULE2PT
Jim Kelly,1987,9,1987-11-15,False,BUF,CLE,A,L,21,27,22,35,222,2,0,99.9,3,4,42,0,0,,21.08,21.08,12066,False,fum_rec_td,PFR+RULE2PT
Jim Kelly,1987,10,1987-11-22,False,BUF,NYJ,A,W,17,14,21,33,214,1,1,79.6,2,1,3,0,0,,10.86,10.86,12066,False,fum_rec_td,PFR+RULE2PT
Jim Kelly,1987,11,1987-11-29,False,BUF,MIA,H,W,27,0,15,21,217,2,0,136.4,0,2,11,0,0,,17.78,17.78,12066,False,fum_rec_td,PFR+RULE2PT
Jim Kelly,1987,12,1987-12-06,False,BUF,RAI,A,L,21,34,22,36,315,1,0,98.7,2,3,1,0,0,,16.7,16.7,12066,False,fum_rec_td,PFR+RULE2PT
Jim Kelly,1987,13,1987-12-13,False,BUF,IND,A,W,27,3,18,34,167,2,0,86.3,0,2,6,0,0,,15.28,15.28,12066,False,fum_rec_td,PFR+RULE2PT
Jim Kelly,1987,14,1987-12-20,False,BUF,NWE,H,L,7,13,13,31,125,0,1,40.4,5,2,19,0,0,,4.9,4.9,12066,False,fum_rec_td,PFR+RULE2PT
Jim Kelly,1987,15,1987-12-27,False,BUF,PHI,A,L,7,17,20,39,154,1,2,48.5,2,0,0,0,0,,6.16,6.16,12066,False,fum_rec_td,PFR+RULE2PT
Jim Kelly,1988,1,1988-09-04,False,BUF,MIN,H,W,13,10,17,31,204,0,1,61.8,1,5,21,0,0,,8.26,8.26,12066,False,fum_rec_td,PFR+RULE2PT
Jim Kelly,1988,2,1988-09-11,False,BUF,MIA,H,W,9,6,15,24,231,0,1,76.9,3,4,16,0,0,,8.84,8.84,12066,False,fum_rec_td,PFR+RULE2PT
Jim Kelly,1988,3,1988-09-18,False,BUF,NWE,A,W,16,14,21,33,170,1,2,61.4,3,4,18,0,0,,8.6,8.6,12066,False,fum_rec_td,PFR+RULE2PT
Jim Kelly,1988,4,1988-09-25,False,BUF,PIT,H,W,36,28,20,32,288,1,1,89.1,1,2,-1,0,0,,13.42,13.42,12066,False,fum_rec_td,PFR+RULE2PT
Jim Kelly,1988,5,1988-10-02,False,BUF,CHI,A,L,3,24,20,37,273,0,1,66.6,6,2,4,0,0,,9.32,9.32,12066,False,fum_rec_td,PFR+RULE2PT
Jim Kelly,1988,6,1988-10-09,False,BUF,IND,H,W,34,23,21,39,315,3,1,95.6,0,4,14,0,0,,24.0,24.0,12066,False,fum_rec_td,PFR+RULE2PT
Jim Kelly,1988,7,1988-10-17,False,BUF,NYJ,A,W,37,14,16,27,302,3,1,119.7,1,1,6,0,0,,22.68,22.68,12066,False,fum_rec_td,PFR+RULE2PT
Jim Kelly,1988,8,1988-10-23,False,BUF,NWE,H,W,23,20,12,18,165,1,1,91.2,2,3,27,0,0,,11.3,11.3,12066,False,fum_rec_td,PFR+RULE2PT
Jim Kelly,1988,9,1988-10-30,False,BUF,GNB,H,W,28,0,10,14,80,1,2,69.6,3,1,1,0,0,,3.3,3.3,12066,False,fum_rec_td,PFR+RULE2PT
Jim Kelly,1988,10,1988-11-06,False,BUF,SEA,A,W,13,3,16,25,180,0,1,68.7,1,2,-2,0,0,,5.0,5.0,12066,False,fum_rec_td,PFR+RULE2PT
Jim Kelly,1988,11,1988-11-14,False,BUF,MIA,A,W,31,6,18,26,211,1,0,106.4,0,2,23,0,0,,14.74,14.74,12066,False,fum_rec_td,PFR+RULE2PT
Jim Kelly,1988,12,1988-11-20,False,BUF,NYJ,H,W,9,6,8,18,115,0,1,42.6,2,1,17,0,0,,4.8,5.8,12066,False,fum_rec_td,PFR+RULE2PT
Jim Kelly,1988,13,1988-11-27,False,BUF,CIN,A,L,21,35,24,35,265,1,2,76.5,2,0,0,0,0,,10.6,10.6,12066,False,fum_rec_td,PFR+RULE2PT
Jim Kelly,1988,14,1988-12-04,False,BUF,TAM,A,L,5,10,23,40,249,0,2,55.1,2,0,0,0,0,,5.96,5.96,12066,False,fum_rec_td,PFR+RULE2PT
Jim Kelly,1988,15,1988-12-11,False,BUF,RAI,H,W,37,21,11,24,128,1,0,76.4,2,1,0,0,0,,9.12,9.12,12066,False,fum_rec_td,PFR+RULE2PT
Jim Kelly,1988,16,1988-12-18,False,BUF,IND,A,L,14,17,17,29,204,2,0,103.2,1,3,10,0,0,,17.16,17.16,12066,False,fum_rec_td,PFR+RULE2PT
Jim Kelly,1988,17,1989-01-01,True,BUF,HOU,H,W,17,10,19,33,244,0,1,68.2,1,3,18,0,0,,9.56,9.56,12066,False,fum_rec_td,PFR+RULE2PT
Jim Kelly,1988,18,1989-01-08,True,BUF,CIN,A,L,10,21,14,30,163,1,3,35.1,3,2,10,0,0,,5.52,5.52,12066,False,fum_rec_td,PFR+RULE2PT
Jim Kelly,1989,1,1989-09-10,False,BUF,MIA,A,W,27,24,25,40,265,1,0,90.1,4,1,2,1,0,,20.8,20.8,12066,False,fum_rec_td,PFR+RULE2PT
Jim Kelly,1989,2,1989-09-18,False,BUF,DEN,H,L,14,28,26,44,298,1,3,58.7,3,5,51,0,0,,15.02,15.02,12066,False,fum_rec_td,PFR+RULE2PT
Jim Kelly,1989,3,1989-09-24,False,BUF,HOU,A,W,47,41,17,29,363,5,1,128.2,3,3,43,0,0,,36.82,36.82,12066,False,fum_rec_td,PFR+RULE2PT
Jim Kelly,1989,4,1989-10-01,False,BUF,NWE,H,W,31,10,12,17,278,3,0,152.6,3,4,-1,0,0,,23.02,23.02,12066,False,fum_rec_td,PFR+RULE2PT
Jim Kelly,1989,5,1989-10-08,False,BUF,IND,A,L,14,37,20,32,216,1,3,53.6,3,2,6,0,0,,7.24,7.24,12066,False,fum_rec_td,PFR+RULE2PT
Jim Kelly,1989,9,1989-11-05,False,BUF,ATL,A,L,28,30,17,22,231,2,1,121.6,3,2,-1,0,0,,15.14,15.14,12066,False,fum_rec_td,PFR+RULE2PT
Jim Kelly,1989,10,1989-11-12,False,BUF,IND,H,W,30,7,14,30,172,3,0,98.2,2,2,-1,0,0,,18.78,18.78,12066,False,fum_rec_td,PFR+RULE2PT
Jim Kelly,1989,11,1989-11-19,False,BUF,NWE,A,L,24,33,21,41,356,1,2,68.8,3,1,1,0,0,,14.34,14.34,12066,False,fum_rec_td,PFR+RULE2PT
Jim Kelly,1989,12,1989-11-26,False,BUF,CIN,H,W,24,7,10,15,123,3,0,131.4,1,1,15,0,0,,18.42,18.42,12066,False,fum_rec_td,PFR+RULE2PT
Jim Kelly,1989,13,1989-12-04,False,BUF,SEA,A,L,16,17,10,23,144,1,1,60.8,1,2,4,0,0,,8.16,8.16,12066,False,fum_rec_td,PFR+RULE2PT
Jim Kelly,1989,14,1989-12-10,False,BUF,NOR,H,L,19,22,17,35,211,2,3,51.0,2,1,8,0,0,,11.24,11.24,12066,False,fum_rec_td,PFR+RULE2PT
Jim Kelly,1989,15,1989-12-17,False,BUF,SFO,A,L,10,21,26,42,265,0,3,50.2,2,4,10,1,0,,11.6,11.6,12066,False,fum_rec_td,PFR+RULE2PT
Jim Kelly,1989,16,1989-12-23,False,BUF,NYJ,A,W,37,0,13,21,208,2,1,106.8,0,1,0,0,0,,14.32,14.32,12066,False,fum_rec_td,PFR+RULE2PT
Jim Kelly,1989,17,1990-01-06,True,BUF,CLE,A,L,30,34,28,54,405,4,2,85.8,1,1,5,0,0,,28.7,28.7,12066,False,fum_rec_td,PFR+RULE2PT
Warren Moon,1984,1,1984-09-02,False,HOU,RAI,H,L,14,24,12,29,201,2,0,88.4,5,4,1,0,0,,16.14,16.14,15631,False,fum_rec_td,PFR+RULE2PT
Warren Moon,1984,2,1984-09-09,False,HOU,IND,H,L,21,35,23,43,365,0,0,82.0,4,2,8,0,0,,15.4,15.4,15631,False,fum_rec_td,PFR+RULE2PT
Warren Moon,1984,3,1984-09-16,False,HOU,SDG,A,L,14,31,11,31,212,1,0,70.9,3,0,0,0,0,,12.48,12.48,15631,False,fum_rec_td,PFR+RULE2PT
Warren Moon,1984,4,1984-09-23,False,HOU,ATL,A,L,10,42,17,28,208,1,1,80.7,4,7,22,0,0,,12.52,12.52,15631,False,fum_rec_td,PFR+RULE2PT
Warren Moon,1984,5,1984-09-30,False,HOU,NOR,H,L,10,27,3,8,36,0,2,12.5,3,2,13,0,0,,-1.26,-1.26,15631,False,fum_rec_td,PFR+RULE2PT
Warren Moon,1984,6,1984-10-07,False,HOU,CIN,A,L,3,13,15,33,181,0,0,62.8,4,5,30,0,0,,10.24,10.24,15631,False,fum_rec_td,PFR+RULE2PT
Warren Moon,1984,7,1984-10-14,False,HOU,MIA,A,L,10,28,19,28,170,1,1,81.0,1,3,0,0,0,,8.8,8.8,15631,False,fum_rec_td,PFR+RULE2PT
Warren Moon,1984,8,1984-10-21,False,HOU,SFO,H,L,21,34,25,33,356,2,2,105.1,2,5,31,0,0,,21.34,21.34,15631,False,fum_rec_td,PFR+RULE2PT
Warren Moon,1984,9,1984-10-28,False,HOU,CIN,H,L,13,31,11,18,196,0,2,58.8,3,3,13,0,0,,5.14,5.14,15631,False,fum_rec_td,PFR+RULE2PT
Warren Moon,1984,10,1984-11-04,False,HOU,PIT,A,L,7,35,10,20,133,0,0,71.5,5,5,9,0,0,,6.22,6.22,15631,False,fum_rec_td,PFR+RULE2PT
Warren Moon,1984,11,1984-11-11,False,HOU,KAN,A,W,17,16,19,26,180,1,0,104.6,5,5,12,1,0,,18.4,18.4,15631,False,fum_rec_td,PFR+RULE2PT
Warren Moon,1984,12,1984-11-18,False,HOU,NYJ,H,W,31,20,20,28,207,3,0,128.1,1,6,5,0,0,,20.78,20.78,15631,False,fum_rec_td,PFR+RULE2PT
Warren Moon,1984,13,1984-11-25,False,HOU,CLE,A,L,10,27,9,20,84,0,2,17.5,4,3,4,0,0,,-0.24,-0.24,15631,False,fum_rec_td,PFR+RULE2PT
Warren Moon,1984,14,1984-12-02,False,HOU,PIT,H,W,23,20,27,45,303,1,3,59.8,0,3,35,0,0,,13.62,13.62,15631,False,fum_rec_td,PFR+RULE2PT
Warren Moon,1984,15,1984-12-09,False,HOU,RAM,A,L,16,27,19,29,200,0,1,71.0,3,3,24,0,0,,8.4,8.4,15631,False,fum_rec_td,PFR+RULE2PT
Warren Moon,1984,16,1984-12-16,False,HOU,CLE,H,L,20,27,19,31,306,0,0,94.3,0,2,4,0,0,,12.64,12.64,15631,False,fum_rec_td,PFR+RULE2PT
Warren Moon,1985,1,1985-09-08,False,HOU,MIA,H,W,26,23,12,17,270,1,1,108.1,3,5,18,0,0,,14.6,14.6,15631,False,fum_rec_td,PFR+RULE2PT
Warren Moon,1985,2,1985-09-15,False,HOU,WAS,A,L,13,16,12,28,137,1,0,70.1,4,5,47,0,0,,14.18,14.18,15631,False,fum_rec_td,PFR+RULE2PT
Warren Moon,1985,3,1985-09-22,False,HOU,PIT,A,L,0,20,10,18,92,0,1,46.5,3,5,2,0,0,,1.88,1.88,15631,False,fum_rec_td,PFR+RULE2PT
Warren Moon,1985,4,1985-09-29,False,HOU,DAL,H,L,10,17,11,26,215,1,4,45.0,12,3,2,0,0,,4.8,4.8,15631,False,fum_rec_td,PFR+RULE2PT
Warren Moon,1985,5,1985-10-06,False,HOU,DEN,A,L,20,31,8,17,122,1,0,90.8,4,4,10,0,0,,9.88,9.88,15631,False,fum_rec_td,PFR+RULE2PT
Warren Moon,1985,6,1985-10-13,False,HOU,CLE,H,L,6,21,14,23,97,0,1,52.3,5,3,19,0,0,,3.78,3.78,15631,False,fum_rec_td,PFR+RULE2PT
Warren Moon,1985,7,1985-10-20,False,HOU,CIN,H,W,44,27,20,31,266,2,0,113.1,0,2,17,0,0,,20.34,20.34,15631,False,fum_rec_td,PFR+RULE2PT
Warren Moon,1985,8,1985-10-27,False,HOU,STL,A,W,20,10,14,30,187,1,2,50.3,2,6,-7,0,0,,6.78,6.78,15631,False,fum_rec_td,PFR+RULE2PT
Warren Moon,1985,9,1985-11-03,False,HOU,KAN,H,W,23,20,24,35,255,2,1,96.7,2,1,-7,0,0,,15.5,15.5,15631,False,fum_rec_td,PFR+RULE2PT
Warren Moon,1985,10,1985-11-10,False,HOU,BUF,A,L,0,20,3,14,22,0,3,0.0,0,1,-1,0,0,,-5.22,-5.22,15631,False,fum_rec_td,PFR+RULE2PT
Warren Moon,1985,11,1985-11-17,False,HOU,PIT,H,L,7,30,2,3,13,0,0,75.7,1,1,17,0,0,,2.22,2.22,15631,False,fum_rec_td,PFR+RULE2PT
Warren Moon,1985,14,1985-12-08,False,HOU,NYG,H,L,14,35,26,47,330,2,2,73.9,3,1,2,0,0,,17.4,17.4,15631,False,fum_rec_td,PFR+RULE2PT
Warren Moon,1985,15,1985-12-15,False,HOU,CLE,A,L,21,28,22,48,339,2,2,66.2,4,1,11,0,0,,18.66,18.66,15631,False,fum_rec_td,PFR+RULE2PT
Warren Moon,1985,16,1985-12-22,False,HOU,IND,A,L,16,34,22,40,364,2,2,81.7,3,1,0,0,0,,18.56,18.56,15631,False,fum_rec_td,PFR+RULE2PT
Warren Moon,1986,1,1986-09-07,False,HOU,GNB,A,W,31,3,14,21,218,2,1,112.8,0,3,10,1,0,,21.72,21.72,15631,False,fum_rec_td,PFR+RULE2PT
Warren Moon,1986,2,1986-09-14,False,HOU,CLE,H,L,20,23,22,31,264,1,3,67.9,0,3,22,0,0,,10.76,10.76,15631,False,fum_rec_td,PFR+RULE2PT
Warren Moon,1986,3,1986-09-21,False,HOU,KAN,A,L,13,27,18,40,229,0,2,42.6,7,4,19,1,0,,13.06,13.06,15631,False,fum_rec_td,PFR+RULE2PT
Warren Moon,1986,4,1986-09-28,False,HOU,PIT,H,L,16,22,22,42,237,1,1,67.3,6,1,0,0,0,,11.48,11.48,15631,False,fum_rec_td,PFR+RULE2PT
Warren Moon,1986,5,1986-10-05,False,HOU,DET,A,L,13,24,21,38,398,1,3,67.7,0,3,24,0,0,,16.32,16.32,15631,False,fum_rec_td,PFR+RULE2PT
Warren Moon,1986,6,1986-10-12,False,HOU,CHI,H,L,7,20,12,29,204,1,1,63.0,5,3,19,0,0,,12.06,12.06,15631,False,fum_rec_td,PFR+RULE2PT
Warren Moon,1986,7,1986-10-19,False,HOU,CIN,A,L,28,31,14,24,181,1,2,61.3,2,3,3,0,0,,7.54,7.54,15631,False,fum_rec_td,PFR+RULE2PT
Warren Moon,1986,8,1986-10-26,False,HOU,RAI,H,L,17,28,18,46,304,0,4,26.0,6,1,9,0,0,,5.06,5.06,15631,False,fum_rec_td,PFR+RULE2PT
Warren Moon,1986,9,1986-11-02,False,HOU,MIA,A,L,7,28,5,8,45,0,1,38.0,2,1,7,0,0,,0.5,0.5,15631,False,fum_rec_td,PFR+RULE2PT
Warren Moon,1986,10,1986-11-09,False,HOU,CIN,H,W,32,28,25,44,310,1,0,86.4,1,3,-1,0,0,,16.3,16.3,15631,False,fum_rec_td,PFR+RULE2PT
Warren Moon,1986,11,1986-11-16,False,HOU,PIT,A,L,10,21,22,41,249,1,2,59.9,5,5,18,0,0,,11.76,11.76,15631,False,fum_rec_td,PFR+RULE2PT
Warren Moon,1986,12,1986-11-23,False,HOU,IND,H,W,31,17,22,35,294,3,2,94.2,1,1,2,0,0,,19.96,19.96,15631,False,fum_rec_td,PFR+RULE2PT
Warren Moon,1986,13,1986-11-30,False,HOU,CLE,A,L,10,13,5,23,68,0,4,0.0,2,3,4,0,0,,-4.88,-4.88,15631,False,fum_rec_td,PFR+RULE2PT
Warren Moon,1986,15,1986-12-14,False,HOU,MIN,H,W,23,10,22,37,280,1,0,92.2,2,2,5,0,0,,15.7,15.7,15631,False,fum_rec_td,PFR+RULE2PT
Warren Moon,1986,16,1986-12-21,False,HOU,BUF,H,W,16,7,14,29,208,0,0,72.2,2,6,16,0,0,,9.92,9.92,15631,False,fum_rec_td,PFR+RULE2PT
Warren Moon,1987,1,1987-09-13,False,HOU,RAM,H,W,20,16,21,43,310,2,2,68.9,2,2,0,0,0,,16.4,16.4,15631,False,fum_rec_td,PFR+RULE2PT
Warren Moon,1987,2,1987-09-20,False,HOU,BUF,A,L,30,34,13,27,142,2,1,73.4,1,1,0,0,0,,11.68,11.68,15631,False,fum_rec_td,PFR+RULE2PT
Warren Moon,1987,6,1987-10-25,False,HOU,ATL,H,W,37,33,15,34,242,3,2,73.4,1,6,26,0,0,,20.28,20.28,15631,False,fum_rec_td,PFR+RULE2PT
Warren Moon,1987,7,1987-11-01,False,HOU,CIN,A,W,31,29,18,29,191,2,1,89.9,6,5,43,1,0,,23.94,23.94,15631,False,fum_rec_td,PFR+RULE2PT
Warren Moon,1987,8,1987-11-08,False,HOU,SFO,A,L,20,27,17,36,198,2,3,48.1,1,4,14,0,0,,11.32,11.32,15631,False,fum_rec_td,PFR+RULE2PT
Warren Moon,1987,9,1987-11-15,False,HOU,PIT,A,W,23,3,16,22,239,2,0,138.3,1,4,6,0,0,,18.16,18.16,15631,False,fum_rec_td,PFR+RULE2PT
Warren Moon,1987,10,1987-11-22,False,HOU,CLE,H,L,7,40,5,23,193,1,3,37.0,3,1,12,0,0,,6.92,6.92,15631,False,fum_rec_td,PFR+RULE2PT
Warren Moon,1987,11,1987-11-29,False,HOU,IND,A,L,27,51,24,44,327,3,2,82.3,1,2,4,0,0,,21.48,21.48,15631,False,fum_rec_td,PFR+RULE2PT
Warren Moon,1987,12,1987-12-06,False,HOU,SDG,H,W,33,18,13,24,186,0,1,62.2,1,2,6,1,0,,12.04,12.04,15631,False,fum_rec_td,PFR+RULE2PT
Warren Moon,1987,13,1987-12-13,False,HOU,NOR,A,L,10,24,16,36,258,1,0,78.2,2,0,0,0,0,,14.32,14.32,15631,False,fum_rec_td,PFR+RULE2PT
Warren Moon,1987,14,1987-12-20,False,HOU,PIT,H,W,24,16,12,25,240,2,1,92.1,3,4,2,0,0,,15.8,15.8,15631,False,fum_rec_td,PFR+RULE2PT
Warren Moon,1987,15,1987-12-27,False,HOU,CIN,H,W,21,17,14,25,280,1,2,75.4,3,3,-1,1,0,,17.1,17.1,15631,False,fum_rec_td,PFR+RULE2PT
Warren Moon,1987,16,1988-01-03,True,HOU,SEA,H,W,23,20,21,32,273,1,1,89.7,2,4,-2,0,0,,12.72,12.72,15631,False,fum_rec_td,PFR+RULE2PT
Warren Moon,1987,17,1988-01-10,True,HOU,DEN,A,L,10,34,24,43,264,1,2,62.5,0,5,15,0,0,,12.06,12.06,15631,False,fum_rec_td,PFR+RULE2PT
Warren Moon,1988,1,1988-09-04,False,HOU,IND,A,W,17,14,11,15,137,0,0,101.2,2,2,-1,0,0,,5.38,5.38,15631,False,fum_rec_td,PFR+RULE2PT
Warren Moon,1988,7,1988-10-16,False,HOU,PIT,A,W,34,14,11,19,174,2,0,123.6,0,1,0,0,0,,14.96,14.96,15631,False,fum_rec_td,PFR+RULE2PT
Warren Moon,1988,8,1988-10-23,False,HOU,CIN,A,L,21,44,13,32,158,2,2,51.3,4,1,5,0,0,,10.82,10.82,15631,False,fum_rec_td,PFR+RULE2PT
Warren Moon,1988,9,1988-10-30,False,HOU,WAS,H,W,41,17,16,30,192,3,1,92.6,1,2,13,1,0,,24.98,24.98,15631,False,fum_rec_td,PFR+RULE2PT
Warren Moon,1988,10,1988-11-07,False,HOU,CLE,H,W,24,17,11,17,182,1,0,120.2,0,4,1,0,0,,11.38,11.38,15631,False,fum_rec_td,PFR+RULE2PT
Warren Moon,1988,11,1988-11-13,False,HOU,SEA,A,L,24,27,13,22,182,1,1,82.0,0,3,35,1,0,,18.78,18.78,15631,False,fum_rec_td,PFR+RULE2PT
Warren Moon,1988,12,1988-11-20,False,HOU,PHO,H,W,38,20,17,31,266,3,0,115.8,1,6,26,1,0,,31.24,31.24,15631,False,fum_rec_td,PFR+RULE2PT
Warren Moon,1988,13,1988-11-24,False,HOU,DAL,A,W,25,17,15,29,226,1,0,89.2,2,4,3,0,0,,13.34,13.34,15631,False,fum_rec_td,PFR+RULE2PT
Warren Moon,1988,14,1988-12-04,False,HOU,PIT,H,L,34,37,19,39,269,1,3,47.9,0,5,13,2,0,,22.06,22.06,15631,False,fum_rec_td,PFR+RULE2PT
Warren Moon,1988,15,1988-12-11,False,HOU,CIN,H,W,41,6,14,25,254,2,1,101.1,1,3,-5,0,0,,15.66,15.66,15631,False,fum_rec_td,PFR+RULE2PT
Warren Moon,1988,16,1988-12-18,False,HOU,CLE,A,L,23,28,20,35,287,1,0,93.4,1,2,-2,0,0,,15.28,15.28,15631,False,fum_rec_td,PFR+RULE2PT
Warren Moon,1988,17,1988-12-24,True,HOU,CLE,A,W,24,23,16,26,213,1,3,60.7,1,6,16,0,0,,8.12,8.12,15631,False,fum_rec_td,PFR+RULE2PT
Warren Moon,1988,18,1989-01-01,True,HOU,BUF,A,L,10,17,17,33,240,0,1,62.7,2,5,11,0,0,,8.7,8.7,15631,False,fum_rec_td,PFR+RULE2PT
Warren Moon,1989,1,1989-09-10,False,HOU,MIN,A,L,7,38,8,20,69,0,1,29.0,7,1,5,0,0,,1.26,1.26,15631,False,fum_rec_td,PFR+RULE2PT
Warren Moon,1989,2,1989-09-17,False,HOU,SDG,A,W,34,27,21,35,235,2,0,99.1,0,5,15,1,0,,24.9,24.9,15631,False,fum_rec_td,PFR+RULE2PT
Warren Moon,1989,3,1989-09-24,False,HOU,BUF,H,L,41,47,28,42,338,1,2,79.3,3,5,36,1,0,,23.12,23.12,15631,False,fum_rec_td,PFR+RULE2PT
Warren Moon,1989,4,1989-10-01,False,HOU,MIA,H,W,39,7,19,23,254,2,0,141.7,2,2,6,0,0,,18.76,18.76,15631,False,fum_rec_td,PFR+RULE2PT
Warren Moon,1989,5,1989-10-08,False,HOU,NWE,A,L,13,23,14,29,227,1,2,57.7,3,4,28,0,0,,11.88,11.88,15631,False,fum_rec_td,PFR+RULE2PT
Warren Moon,1989,6,1989-10-15,False,HOU,CHI,A,W,33,28,16,26,317,2,2,97.8,0,10,20,1,0,,24.68,24.68,15631,False,fum_rec_td,PFR+RULE2PT
Warren Moon,1989,7,1989-10-22,False,HOU,PIT,H,W,27,0,17,29,229,3,0,118.3,0,4,15,0,0,,22.66,22.66,15631,False,fum_rec_td,PFR+RULE2PT
Warren Moon,1989,8,1989-10-29,False,HOU,CLE,A,L,17,28,15,25,241,1,0,105.6,3,2,6,0,0,,14.24,14.24,15631,False,fum_rec_td,PFR+RULE2PT
Warren Moon,1989,9,1989-11-05,False,HOU,DET,H,W,35,31,30,38,345,2,1,111.1,0,8,22,1,0,,28.0,28.0,15631,False,fum_rec_td,PFR+RULE2PT
Warren Moon,1989,10,1989-11-13,False,HOU,CIN,H,W,26,24,17,33,198,1,1,67.5,2,4,23,0,0,,12.22,12.22,15631,False,fum_rec_td,PFR+RULE2PT
Warren Moon,1989,11,1989-11-19,False,HOU,RAI,H,W,23,7,20,30,249,2,1,100.6,0,4,11,0,0,,17.06,17.06,15631,False,fum_rec_td,PFR+RULE2PT
Warren Moon,1989,12,1989-11-26,False,HOU,KAN,A,L,0,34,8,20,99,0,1,35.2,4,4,35,0,0,,5.46,5.46,15631,False,fum_rec_td,PFR+RULE2PT
Warren Moon,1989,13,1989-12-03,False,HOU,PIT,A,W,23,16,12,20,171,2,0,121.0,3,5,21,0,0,,16.94,16.94,15631,False,fum_rec_td,PFR+RULE2PT
Warren Moon,1989,14,1989-12-10,False,HOU,TAM,H,W,20,17,14,23,149,2,0,108.8,0,7,5,0,0,,14.46,14.46,15631,False,fum_rec_td,PFR+RULE2PT
Warren Moon,1989,15,1989-12-17,False,HOU,CIN,A,L,7,61,9,20,96,0,2,20.0,3,1,0,0,0,,-0.16,-0.16,15631,False,fum_rec_td,PFR+RULE2PT
Warren Moon,1989,16,1989-12-23,False,HOU,CLE,H,L,20,24,32,51,414,2,1,93.1,5,4,20,0,0,,24.56,24.56,15631,False,fum_rec_td,PFR+RULE2PT
Warren Moon,1989,17,1989-12-31,True,HOU,PIT,H,L,23,26,29,48,315,2,0,93.7,0,3,12,0,0,,21.8,21.8,15631,False,fum_rec_td,PFR+RULE2PT
Steve Young,1985,12,1985-11-24,False,TAM,DET,H,W,19,16,16,27,167,0,0,77.2,6,10,60,0,0,,12.68,12.68,24918,False,fum_rec_td,PFR+RULE2PT
Steve Young,1985,13,1985-12-01,False,TAM,GNB,A,L,0,21,8,17,53,0,1,29.8,5,7,31,0,0,,3.22,3.22,24918,False,fum_rec_td,PFR+RULE2PT
Steve Young,1985,14,1985-12-08,False,TAM,MIN,A,L,7,26,13,32,187,1,3,31.6,3,8,53,0,0,,10.78,10.78,24918,False,fum_rec_td,PFR+RULE2PT
Steve Young,1985,15,1985-12-15,False,TAM,IND,H,L,23,31,14,25,251,1,2,70.6,2,8,49,1,0,,20.94,20.94,24918,False,fum_rec_td,PFR+RULE2PT
Steve Young,1985,16,1985-12-22,False,TAM,GNB,H,L,17,20,21,37,277,1,2,67.1,5,7,40,0,0,,15.08,15.08,24918,False,fum_rec_td,PFR+RULE2PT
Steve Young,1986,3,1986-09-21,False,TAM,DET,A,W,24,20,6,15,39,0,0,47.9,1,5,24,1,0,,9.96,9.96,24918,False,fum_rec_td,PFR+RULE2PT
Steve Young,1986,4,1986-09-28,False,TAM,ATL,H,L,20,23,12,21,160,1,1,77.5,1,7,68,1,0,,21.2,21.2,24918,False,fum_rec_td,PFR+RULE2PT
Steve Young,1986,5,1986-10-05,False,TAM,RAM,A,L,20,26,8,20,83,0,0,52.7,4,8,37,1,0,,13.02,13.02,24918,False,fum_rec_td,PFR+RULE2PT
Steve Young,1986,6,1986-10-12,False,TAM,STL,H,L,19,30,15,29,260,1,0,94.0,3,10,47,0,0,,19.1,19.1,24918,False,fum_rec_td,PFR+RULE2PT
Steve Young,1986,7,1986-10-19,False,TAM,NOR,A,L,7,38,11,15,143,0,0,102.9,3,2,12,0,0,,6.92,6.92,24918,False,fum_rec_td,PFR+RULE2PT
Steve Young,1986,8,1986-10-26,False,TAM,KAN,A,L,20,27,11,20,124,1,1,69.6,5,4,29,0,0,,9.86,9.86,24918,False,fum_rec_td,PFR+RULE2PT
Steve Young,1986,9,1986-11-02,False,TAM,BUF,H,W,34,28,14,24,193,0,0,84.2,3,7,32,2,0,,22.92,22.92,24918,False,fum_rec_td,PFR+RULE2PT
Steve Young,1986,10,1986-11-09,False,TAM,CHI,H,L,3,23,22,43,220,0,1,56.3,5,4,23,0,0,,9.1,9.1,24918,False,fum_rec_td,PFR+RULE2PT
Steve Young,1986,11,1986-11-16,False,TAM,GNB,A,L,7,31,20,35,234,1,2,63.3,6,6,33,0,0,,12.66,12.66,24918,False,fum_rec_td,PFR+RULE2PT
Steve Young,1986,12,1986-11-23,False,TAM,DET,H,L,17,38,23,32,218,2,2,85.2,4,8,53,0,0,,18.02,18.02,24918,False,fum_rec_td,PFR+RULE2PT
Steve Young,1986,13,1986-11-30,False,TAM,MIN,A,L,13,45,14,23,113,0,1,55.2,2,5,35,0,0,,6.02,6.02,24918,False,fum_rec_td,PFR+RULE2PT
Steve Young,1986,14,1986-12-07,False,TAM,CHI,A,L,14,48,16,32,234,1,2,58.6,3,4,11,0,0,,10.46,10.46,24918,False,fum_rec_td,PFR+RULE2PT
Steve Young,1986,15,1986-12-14,False,TAM,GNB,H,L,7,21,10,20,104,0,1,44.6,7,3,19,0,0,,4.06,4.06,24918,False,fum_rec_td,PFR+RULE2PT
Steve Young,1986,16,1986-12-21,False,TAM,STL,A,L,17,21,13,34,157,1,2,38.5,0,1,2,0,0,,6.48,6.48,24918,False,fum_rec_td,PFR+RULE2PT
Steve Young,1987,6,1987-10-25,False,SFO,NOR,A,W,24,22,0,0,0,0,0,0,0,0,0,0,0,,0.0,0.0,24918,False,fum_rec_td,PFR+RULE2PT
Steve Young,1987,7,1987-11-01,False,SFO,RAM,A,W,31,10,0,0,0,0,0,0,0,1,-1,0,0,,-0.1,-0.1,24918,False,fum_rec_td,PFR+RULE2PT
Steve Young,1987,8,1987-11-08,False,SFO,HOU,H,W,27,20,0,0,0,0,0,0,0,1,15,0,0,,1.5,1.5,24918,False,fum_rec_td,PFR+RULE2PT
Steve Young,1987,9,1987-11-15,False,SFO,NOR,H,L,24,26,5,6,80,1,0,158.3,1,4,24,0,0,,9.6,9.6,24918,False,fum_rec_td,PFR+RULE2PT
Steve Young,1987,11,1987-11-29,False,SFO,CLE,H,W,38,24,0,1,0,0,0,39.6,0,2,-3,0,0,,-0.3,-0.3,24918,False,fum_rec_td,PFR+RULE2PT
Steve Young,1987,13,1987-12-14,False,SFO,CHI,H,W,41,0,9,19,100,4,0,103.1,0,8,43,0,0,,24.3,24.3,24918,False,fum_rec_td,PFR+RULE2PT
Steve Young,1987,14,1987-12-20,False,SFO,ATL,H,W,35,7,13,30,216,2,0,90.4,1,6,83,1,0,,30.94,30.94,24918,False,fum_rec_td,PFR+RULE2PT
Steve Young,1987,15,1987-12-27,False,SFO,RAM,H,W,48,0,10,13,174,3,0,157.9,0,4,29,0,0,,21.86,21.86,24918,False,fum_rec_td,PFR+RULE2PT
Steve Young,1987,16,1988-01-09,True,SFO,MIN,H,L,24,36,12,17,158,1,1,94.7,0,6,72,1,0,,21.72,21.72,24918,False,fum_rec_td,PFR+RULE2PT
Steve Young,1988,1,1988-09-04,False,SFO,NOR,A,W,34,33,1,3,4,0,0,42.4,0,1,-2,0,0,,-0.04,-0.04,24918,False,fum_rec_td,PFR+RULE2PT
Steve Young,1988,2,1988-09-11,False,SFO,NYG,A,W,20,17,11,18,115,0,0,79.6,3,5,48,0,0,,9.4,9.4,24918,False,fum_rec_td,PFR+RULE2PT
Steve Young,1988,4,1988-09-25,False,SFO,SEA,A,W,38,7,4,6,49,1,0,131.2,0,1,-1,0,0,,5.86,5.86,24918,False,fum_rec_td,PFR+RULE2PT
Steve Young,1988,6,1988-10-09,False,SFO,DEN,H,L,13,16,0,3,0,0,2,0.0,0,3,8,0,0,,-3.2,-3.2,24918,False,fum_rec_td,PFR+RULE2PT
Steve Young,1988,7,1988-10-16,False,SFO,RAM,A,W,24,21,0,2,0,0,0,39.6,0,1,0,0,0,,0.0,0.0,24918,False,fum_rec_td,PFR+RULE2PT
Steve Young,1988,8,1988-10-24,False,SFO,CHI,A,L,9,10,1,1,1,0,0,79.2,0,2,3,0,0,,0.34,0.34,24918,False,fum_rec_td,PFR+RULE2PT
Steve Young,1988,9,1988-10-30,False,SFO,MIN,H,W,24,21,14,25,232,1,0,100.7,4,7,72,1,0,,26.48,26.48,24918,False,fum_rec_td,PFR+RULE2PT
Steve Young,1988,10,1988-11-06,False,SFO,PHO,A,L,23,24,14,27,145,1,0,80.0,4,3,26,0,0,,12.4,12.4,24918,False,fum_rec_td,PFR+RULE2PT
Steve Young,1988,12,1988-11-21,False,SFO,WAS,H,W,37,21,0,2,0,0,1,0.0,1,1,12,0,0,,-0.8,-0.8,24918,False,fum_rec_td,PFR+RULE2PT
Steve Young,1988,13,1988-11-27,False,SFO,SDG,A,W,48,10,2,3,14,0,0,77.1,0,2,9,0,0,,1.46,1.46,24918,False,fum_rec_td,PFR+RULE2PT
Steve Young,1988,16,1988-12-18,False,SFO,RAM,H,L,16,38,7,11,120,0,0,100.6,1,1,9,0,0,,5.7,5.7,24918,False,fum_rec_td,PFR+RULE2PT
Steve Young,1988,17,1989-01-01,True,SFO,MIN,H,W,34,9,1,1,-1,0,0,79.2,0,3,1,0,0,,0.06,0.06,24918,False,fum_rec_td,PFR+RULE2PT
Steve Young,1988,18,1989-01-08,True,SFO,CHI,A,W,28,3,0,0,0,0,0,0,0,0,0,0,0,,0.0,0.0,24918,False,fum_rec_td,PFR+RULE2PT
Steve Young,1989,5,1989-10-08,False,SFO,NOR,A,W,24,20,0,0,0,0,0,0,0,3,-4,0,0,,-0.4,-0.4,24918,False,fum_rec_td,PFR+RULE2PT
Steve Young,1989,6,1989-10-15,False,SFO,DAL,A,W,31,14,13,18,174,2,1,116.4,1,11,79,0,0,,20.86,20.86,24918,False,fum_rec_td,PFR+RULE2PT
Steve Young,1989,7,1989-10-22,False,SFO,NWE,H,W,37,20,11,12,188,3,0,158.3,2,3,17,0,0,,21.22,21.22,24918,False,fum_rec_td,PFR+RULE2PT
Steve Young,1989,8,1989-10-29,False,SFO,NYJ,A,W,23,10,13,20,182,1,0,110.8,1,5,12,0,0,,12.48,12.48,24918,False,fum_rec_td,PFR+RULE2PT
Steve Young,1989,10,1989-11-12,False,SFO,ATL,H,W,45,3,1,1,16,0,0,118.7,0,3,2,0,0,,0.84,0.84,24918,False,fum_rec_td,PFR+RULE2PT
Steve Young,1989,11,1989-11-19,False,SFO,GNB,H,L,17,21,0,0,0,0,0,0,0,0,0,0,0,,0.0,0.0,24918,False,fum_rec_td,PFR+RULE2PT
Steve Young,1989,12,1989-11-27,False,SFO,NYG,H,W,34,24,0,1,0,0,0,39.6,0,1,1,0,0,,0.1,0.1,24918,False,fum_rec_td,PFR+RULE2PT
Steve Young,1989,13,1989-12-03,False,SFO,ATL,A,W,23,10,11,12,175,1,0,146.5,2,5,8,1,0,,17.8,17.8,24918,False,fum_rec_td,PFR+RULE2PT
Steve Young,1989,15,1989-12-17,False,SFO,BUF,H,W,21,10,9,19,166,1,2,55.9,4,4,0,1,0,,12.64,12.64,24918,False,fum_rec_td,PFR+RULE2PT
Steve Young,1989,16,1989-12-24,False,SFO,CHI,H,W,26,0,6,9,100,0,0,103.9,1,3,11,0,0,,5.1,5.1,24918,False,fum_rec_td,PFR+RULE2PT
Steve Young,1989,17,1990-01-06,True,SFO,MIN,H,W,41,13,0,1,0,0,0,39.6,0,0,0,0,0,,0.0,0.0,24918,False,fum_rec_td,PFR+RULE2PT
Steve Young,1989,18,1990-01-14,True,SFO,RAM,H,W,30,3,1,1,6,0,0,91.7,0,1,-1,0,0,,0.14,0.14,24918,False,fum_rec_td,PFR+RULE2PT
Steve Young,1989,19,1990-01-28,True,SFO,DEN,N,W,55,10,2,3,20,0,0,85.4,0,4,6,0,0,,1.4,1.4,24918,False,fum_rec_td,PFR+RULE2PT
Troy Aikman,1989,1,1989-09-10,False,DAL,NOR,A,L,0,28,17,35,180,0,2,40.2,2,1,13,0,0,,4.5,4.5,156,False,fum_rec_td,PFR+RULE2PT
Troy Aikman,1989,2,1989-09-17,False,DAL,ATL,A,L,21,27,13,23,241,1,2,71.1,0,5,13,0,0,,10.94,10.94,156,False,fum_rec_td,PFR+RULE2PT
Troy Aikman,1989,3,1989-09-24,False,DAL,WAS,H,L,7,30,6,21,83,0,2,4.0,4,1,3,0,0,,-0.38,-0.38,156,False,fum_rec_td,PFR+RULE2PT
Troy Aikman,1989,4,1989-10-01,False,DAL,NYG,H,L,13,30,1,6,11,0,0,39.6,0,2,9,0,0,,1.34,1.34,156,False,fum_rec_td,PFR+RULE2PT
Troy Aikman,1989,10,1989-11-12,False,DAL,PHO,A,L,20,24,21,40,379,2,2,81.1,1,0,0,0,0,,19.16,19.16,156,False,fum_rec_td,PFR+RULE2PT
Troy Aikman,1989,11,1989-11-19,False,DAL,MIA,H,L,14,17,25,33,261,1,1,95.6,0,8,71,0,0,,19.54,19.54,156,False,fum_rec_td,PFR+RULE2PT
Troy Aikman,1989,12,1989-11-23,False,DAL,PHI,H,L,0,27,7,21,54,0,3,2.8,1,4,25,0,0,,-1.34,-1.34,156,False,fum_rec_td,PFR+RULE2PT
Troy Aikman,1989,13,1989-12-03,False,DAL,RAM,H,L,31,35,19,34,179,4,1,97.5,2,4,57,0,0,,26.86,26.86,156,False,fum_rec_td,PFR+RULE2PT
Troy Aikman,1989,14,1989-12-10,False,DAL,PHI,A,L,10,20,17,30,152,1,0,81.5,5,6,60,0,0,,16.08,16.08,156,False,fum_rec_td,PFR+RULE2PT
Troy Aikman,1989,15,1989-12-16,False,DAL,NYG,A,L,0,15,11,22,84,0,1,40.7,2,3,14,0,0,,2.76,2.76,156,False,fum_rec_td,PFR+RULE2PT
Troy Aikman,1989,16,1989-12-24,False,DAL,GNB,H,L,10,20,18,28,125,0,4,34.7,2,4,37,0,0,,-0.6,0.4,156,False,fum_rec_td,PFR+RULE2PT
Randall Cunningham,1985,1,1985-09-08,False,PHI,NYG,A,L,0,21,1,7,24,0,1,1.8,0,1,4,0,0,,-0.64,-0.64,4933,False,fum_rec_td,PFR+RULE2PT
Randall Cunningham,1985,2,1985-09-15,False,PHI,RAM,H,L,6,17,14,34,211,0,4,22.7,5,10,90,0,0,,9.44,9.44,4933,False,fum_rec_td,PFR+RULE2PT
Randall Cunningham,1985,3,1985-09-22,False,PHI,WAS,A,W,19,6,8,15,187,1,1,92.9,4,8,60,0,0,,15.48,15.48,4933,False,fum_rec_td,PFR+RULE2PT
Randall Cunningham,1985,4,1985-09-29,False,PHI,NYG,H,L,10,16,6,15,79,0,0,57.4,7,5,32,0,0,,6.36,6.36,4933,False,fum_rec_td,PFR+RULE2PT
Randall Cunningham,1985,5,1985-10-06,False,PHI,NOR,A,L,21,23,2,7,6,0,2,0.0,2,1,15,0,0,,-2.26,-2.26,4933,False,fum_rec_td,PFR+RULE2PT
Randall Cunningham,1985,11,1985-11-17,False,PHI,STL,A,W,24,14,3,3,41,0,0,118.7,2,4,4,0,0,,2.04,2.04,4933,False,fum_rec_td,PFR+RULE2PT
Randall Cunningham,1986,1,1986-09-07,False,PHI,WAS,A,L,14,41,1,3,8,0,0,42.4,2,2,31,0,0,,3.42,3.42,4933,False,fum_rec_td,PFR+RULE2PT
Randall Cunningham,1986,2,1986-09-14,False,PHI,CHI,A,L,10,13,1,3,13,0,0,47.9,1,1,16,0,0,,2.12,2.12,4933,False,fum_rec_td,PFR+RULE2PT
Randall Cunningham,1986,3,1986-09-21,False,PHI,DEN,H,L,7,33,2,3,32,1,1,102.1,2,3,25,0,0,,5.78,5.78,4933,False,fum_rec_td,PFR+RULE2PT
Randall Cunningham,1986,4,1986-09-28,False,PHI,RAM,H,W,34,20,0,3,0,0,1,0.0,3,2,20,0,0,,0.0,0.0,4933,False,fum_rec_td,PFR+RULE2PT
Randall Cunningham,1986,5,1986-10-05,False,PHI,ATL,A,W,16,0,0,0,0,0,0,0,0,1,3,0,0,,0.3,0.3,4933,False,fum_rec_td,PFR+RULE2PT
Randall Cunningham,1986,6,1986-10-12,False,PHI,NYG,A,L,3,35,3,6,48,0,0,77.1,3,2,24,0,0,,4.32,4.32,4933,False,fum_rec_td,PFR+RULE2PT
Randall Cunningham,1986,7,1986-10-19,False,PHI,DAL,H,L,14,17,8,15,127,1,0,104.0,7,5,58,1,0,,20.88,20.88,4933,False,fum_rec_td,PFR+RULE2PT
Randall Cunningham,1986,8,1986-10-26,False,PHI,SDG,H,W,23,7,3,4,58,0,0,116.7,1,2,13,0,0,,3.62,3.62,4933,False,fum_rec_td,PFR+RULE2PT
Randall Cunningham,1986,9,1986-11-02,False,PHI,STL,A,L,10,13,0,1,0,0,0,39.6,3,1,17,0,0,,1.7,1.7,4933,False,fum_rec_td,PFR+RULE2PT
Randall Cunningham,1986,10,1986-11-09,False,PHI,NYG,H,L,14,17,10,21,152,1,1,68.0,3,4,42,1,0,,18.28,18.28,4933,False,fum_rec_td,PFR+RULE2PT
Randall Cunningham,1986,11,1986-11-16,False,PHI,DET,H,L,11,13,16,30,140,0,3,26.4,10,14,110,0,0,,10.6,10.6,4933,False,fum_rec_td,PFR+RULE2PT
Randall Cunningham,1986,12,1986-11-23,False,PHI,SEA,A,L,20,24,22,37,215,2,0,93.9,9,8,63,0,0,,22.9,22.9,4933,False,fum_rec_td,PFR+RULE2PT
Randall Cunningham,1986,13,1986-11-30,False,PHI,RAI,A,W,33,27,22,39,298,3,1,95.9,11,11,60,1,0,,33.92,33.92,4933,False,fum_rec_td,PFR+RULE2PT
Randall Cunningham,1986,14,1986-12-07,False,PHI,STL,H,T,10,10,11,20,147,0,0,78.5,10,4,25,1,0,,14.38,14.38,4933,False,fum_rec_td,PFR+RULE2PT
Randall Cunningham,1986,16,1986-12-21,False,PHI,WAS,H,L,14,21,12,24,153,0,0,70.3,5,6,33,1,0,,15.42,15.42,4933,False,fum_rec_td,PFR+RULE2PT
Randall Cunningham,1987,1,1987-09-13,False,PHI,WAS,A,L,24,34,21,36,269,1,2,67.9,4,7,39,1,0,,20.66,20.66,4933,False,fum_rec_td,PFR+RULE2PT
Randall Cunningham,1987,2,1987-09-20,False,PHI,NOR,H,W,27,17,19,34,195,2,1,79.9,3,8,32,0,0,,17.0,17.0,4933,False,fum_rec_td,PFR+RULE2PT
Randall Cunningham,1987,6,1987-10-25,False,PHI,DAL,H,W,37,20,10,24,127,2,0,86.6,4,8,39,0,0,,16.98,16.98,4933,False,fum_rec_td,PFR+RULE2PT
Randall Cunningham,1987,7,1987-11-01,False,PHI,STL,A,W,28,23,17,32,291,3,1,102.5,3,5,20,0,0,,23.64,23.64,4933,False,fum_rec_td,PFR+RULE2PT
Randall Cunningham,1987,8,1987-11-08,False,PHI,WAS,H,W,31,27,18,31,268,3,3,79.2,4,7,80,0,0,,24.72,24.72,4933,False,fum_rec_td,PFR+RULE2PT
Randall Cunningham,1987,9,1987-11-15,False,PHI,NYG,H,L,17,20,17,34,177,1,1,63.0,6,10,71,1,0,,21.88,22.88,4933,False,fum_rec_td,PFR+RULE2PT
Randall Cunningham,1987,10,1987-11-22,False,PHI,STL,H,L,19,31,26,51,272,2,2,63.5,6,4,43,0,0,,19.18,19.18,4933,False,fum_rec_td,PFR+RULE2PT
Randall Cunningham,1987,11,1987-11-29,False,PHI,NWE,A,W,34,31,18,31,314,2,1,100.7,3,7,31,1,0,,27.66,27.66,4933,False,fum_rec_td,PFR+RULE2PT
Randall Cunningham,1987,12,1987-12-06,False,PHI,NYG,A,L,20,23,20,43,227,2,0,78.3,9,3,20,0,0,,19.08,19.08,4933,False,fum_rec_td,PFR+RULE2PT
Randall Cunningham,1987,13,1987-12-13,False,PHI,MIA,H,L,10,28,22,38,189,1,0,79.8,4,2,37,0,0,,15.26,15.26,4933,False,fum_rec_td,PFR+RULE2PT
Randall Cunningham,1987,14,1987-12-20,False,PHI,NYJ,A,W,38,27,19,31,280,3,0,123.1,3,5,47,0,0,,27.9,27.9,4933,False,fum_rec_td,PFR+RULE2PT
Randall Cunningham,1987,15,1987-12-27,False,PHI,BUF,H,W,17,7,16,21,177,1,1,96.7,5,10,46,0,0,,13.68,13.68,4933,False,fum_rec_td,PFR+RULE2PT
Randall Cunningham,1988,1,1988-09-04,False,PHI,TAM,A,W,41,14,7,12,156,2,1,107.6,0,5,21,1,0,,20.34,20.34,4933,False,fum_rec_td,PFR+RULE2PT
Randall Cunningham,1988,2,1988-09-11,False,PHI,CIN,H,L,24,28,25,36,261,1,1,87.8,4,9,85,0,0,,20.94,20.94,4933,False,fum_rec_td,PFR+RULE2PT
Randall Cunningham,1988,3,1988-09-18,False,PHI,WAS,A,L,10,17,15,35,236,1,0,75.4,6,6,40,0,0,,17.44,17.44,4933,False,fum_rec_td,PFR+RULE2PT
Randall Cunningham,1988,4,1988-09-25,False,PHI,MIN,A,L,21,23,13,23,187,2,1,93.9,8,4,18,0,0,,15.28,15.28,4933,False,fum_rec_td,PFR+RULE2PT
Randall Cunningham,1988,5,1988-10-02,False,PHI,HOU,H,W,32,23,24,38,289,2,0,103.9,3,3,59,1,0,,31.46,31.46,4933,False,fum_rec_td,PFR+RULE2PT
Randall Cunningham,1988,6,1988-10-10,False,PHI,NYG,H,W,24,13,31,41,369,3,0,127.0,4,2,8,0,0,,27.56,27.56,4933,False,fum_rec_td,PFR+RULE2PT
Randall Cunningham,1988,7,1988-10-16,False,PHI,CLE,A,L,3,19,15,27,114,0,2,35.1,9,3,22,0,0,,2.76,2.76,4933,False,fum_rec_td,PFR+RULE2PT
Randall Cunningham,1988,8,1988-10-23,False,PHI,DAL,H,W,24,23,26,53,298,2,1,71.1,5,5,34,0,0,,21.32,21.32,4933,False,fum_rec_td,PFR+RULE2PT
Randall Cunningham,1988,9,1988-10-30,False,PHI,ATL,H,L,24,27,21,48,289,2,2,60.2,3,6,54,0,0,,20.96,20.96,4933,False,fum_rec_td,PFR+RULE2PT
Randall Cunningham,1988,10,1988-11-06,False,PHI,RAM,H,W,30,24,22,39,323,3,0,109.2,1,8,53,0,0,,30.22,30.22,4933,False,fum_rec_td,PFR+RULE2PT
Randall Cunningham,1988,11,1988-11-13,False,PHI,PIT,A,W,27,26,25,41,276,0,2,60.6,2,8,48,2,0,,23.84,23.84,4933,False,fum_rec_td,PFR+RULE2PT
Randall Cunningham,1988,12,1988-11-20,False,PHI,NYG,A,W,23,17,14,36,224,0,1,48.8,4,9,64,1,0,,19.36,19.36,4933,False,fum_rec_td,PFR+RULE2PT
Randall Cunningham,1988,13,1988-11-27,False,PHI,PHO,H,W,31,21,17,35,214,2,2,63.3,2,4,-2,0,0,,12.36,12.36,4933,False,fum_rec_td,PFR+RULE2PT
Randall Cunningham,1988,14,1988-12-04,False,PHI,WAS,H,L,19,20,16,32,165,1,2,49.6,3,7,49,0,0,,11.5,11.5,4933,False,fum_rec_td,PFR+RULE2PT
Randall Cunningham,1988,15,1988-12-10,False,PHI,PHO,A,W,23,17,10,26,169,1,1,58.0,3,9,21,1,0,,16.86,16.86,4933,False,fum_rec_td,PFR+RULE2PT
Randall Cunningham,1988,16,1988-12-18,False,PHI,DAL,A,W,23,7,20,38,238,2,0,89.6,0,5,50,0,0,,22.52,22.52,4933,False,fum_rec_td,PFR+RULE2PT
Randall Cunningham,1988,17,1988-12-31,True,PHI,CHI,A,L,12,20,27,54,407,0,3,52.0,4,3,12,0,0,,11.48,11.48,4933,False,fum_rec_td,PFR+RULE2PT
Randall Cunningham,1989,1,1989-09-10,False,PHI,SEA,H,W,31,7,13,27,240,2,0,103.9,1,2,6,0,0,,18.2,18.2,4933,False,fum_rec_td,PFR+RULE2PT
Randall Cunningham,1989,2,1989-09-17,False,PHI,WAS,A,W,42,37,34,46,447,5,1,131.3,4,7,6,0,0,,36.48,36.48,4933,False,fum_rec_td,PFR+RULE2PT
Randall Cunningham,1989,3,1989-09-24,False,PHI,SFO,H,L,28,38,19,38,192,1,1,62.6,4,8,52,0,0,,14.88,14.88,4933,False,fum_rec_td,PFR+RULE2PT
Randall Cunningham,1989,4,1989-10-02,False,PHI,CHI,A,L,13,27,32,62,401,1,4,50.5,4,5,41,0,0,,16.14,16.14,4933,False,fum_rec_td,PFR+RULE2PT
Randall Cunningham,1989,5,1989-10-08,False,PHI,NYG,H,W,21,19,10,24,106,0,0,55.2,2,10,44,2,0,,20.64,20.64,4933,False,fum_rec_td,PFR+RULE2PT
Randall Cunningham,1989,6,1989-10-15,False,PHI,PHO,A,W,17,5,16,29,192,2,3,59.1,1,7,70,0,0,,16.68,16.68,4933,False,fum_rec_td,PFR+RULE2PT
Randall Cunningham,1989,7,1989-10-22,False,PHI,RAI,H,W,10,7,8,20,64,0,0,48.7,1,9,57,1,0,,14.26,14.26,4933,False,fum_rec_td,PFR+RULE2PT
Randall Cunningham,1989,8,1989-10-29,False,PHI,DEN,A,W,28,24,11,20,126,2,0,107.5,4,6,57,0,0,,18.74,18.74,4933,False,fum_rec_td,PFR+RULE2PT
Randall Cunningham,1989,9,1989-11-05,False,PHI,SDG,A,L,17,20,19,29,236,1,1,87.7,5,6,44,0,0,,15.84,15.84,4933,False,fum_rec_td,PFR+RULE2PT
Randall Cunningham,1989,10,1989-11-12,False,PHI,WAS,H,L,3,10,17,39,177,0,1,46.6,5,2,0,0,0,,5.08,5.08,4933,False,fum_rec_td,PFR+RULE2PT
Randall Cunningham,1989,11,1989-11-19,False,PHI,MIN,H,W,10,9,26,43,207,1,0,80.3,3,10,8,0,0,,13.08,13.08,4933,False,fum_rec_td,PFR+RULE2PT
Randall Cunningham,1989,12,1989-11-23,False,PHI,DAL,A,W,27,0,21,33,234,2,0,104.9,0,5,46,0,0,,21.96,21.96,4933,False,fum_rec_td,PFR+RULE2PT
Randall Cunningham,1989,13,1989-12-03,False,PHI,NYG,A,W,24,17,9,16,140,0,1,59.4,1,5,10,0,0,,4.6,4.6,4933,False,fum_rec_td,PFR+RULE2PT
Randall Cunningham,1989,14,1989-12-10,False,PHI,DAL,H,W,20,10,17,31,170,1,0,81.4,4,6,47,0,0,,15.5,15.5,4933,False,fum_rec_td,PFR+RULE2PT
Randall Cunningham,1989,15,1989-12-18,False,PHI,NOR,A,L,20,30,19,39,306,2,2,71.1,4,8,92,0,0,,25.44,25.44,4933,False,fum_rec_td,PFR+RULE2PT
Randall Cunningham,1989,16,1989-12-24,False,PHI,PHO,H,W,31,14,19,36,162,1,1,62.5,2,8,41,1,0,,18.58,18.58,4933,False,fum_rec_td,PFR+RULE2PT
Randall Cunningham,1989,17,1989-12-31,True,PHI,RAM,H,L,7,21,24,40,238,0,1,66.5,2,6,39,0,0,,11.42,11.42,4933,False,fum_rec_td,PFR+RULE2PT
Boomer Esiason,1984,3,1984-09-16,False,CIN,NYJ,A,L,23,43,4,7,31,0,0,68.2,0,3,9,1,0,,8.14,8.14,6529,False,fum_rec_td,PFR+RULE2PT
Boomer Esiason,1984,5,1984-10-01,False,CIN,PIT,A,L,17,38,1,3,9,0,0,42.4,0,0,0,0,0,,0.36,0.36,6529,False,fum_rec_td,PFR+RULE2PT
Boomer Esiason,1984,6,1984-10-07,False,CIN,HOU,H,W,13,3,13,24,159,0,2,40.1,0,4,8,1,0,,9.16,9.16,6529,False,fum_rec_td,PFR+RULE2PT
Boomer Esiason,1984,7,1984-10-14,False,CIN,NWE,A,L,14,20,13,26,174,2,0,97.3,2,5,25,0,0,,17.46,17.46,6529,False,fum_rec_td,PFR+RULE2PT
Boomer Esiason,1984,8,1984-10-21,False,CIN,CLE,H,W,12,9,1,7,4,0,0,39.6,1,4,11,0,0,,1.26,1.26,6529,False,fum_rec_td,PFR+RULE2PT
Boomer Esiason,1984,12,1984-11-18,False,CIN,SEA,H,L,6,26,1,2,14,0,1,33.3,1,0,0,0,0,,-1.44,-1.44,6529,False,fum_rec_td,PFR+RULE2PT
Boomer Esiason,1984,13,1984-11-25,False,CIN,ATL,H,W,35,14,2,2,9,0,0,85.4,0,0,0,0,0,,0.36,0.36,6529,False,fum_rec_td,PFR+RULE2PT
Boomer Esiason,1984,14,1984-12-02,False,CIN,CLE,A,W,20,17,12,20,108,1,0,91.2,1,0,0,0,0,,8.32,8.32,6529,False,fum_rec_td,PFR+RULE2PT
Boomer Esiason,1984,15,1984-12-09,False,CIN,NOR,A,W,24,21,1,6,1,0,0,39.6,0,2,10,0,0,,1.04,1.04,6529,False,fum_rec_td,PFR+RULE2PT
Boomer Esiason,1984,16,1984-12-16,False,CIN,BUF,H,W,52,21,3,5,21,0,0,69.6,0,1,0,0,0,,0.84,0.84,6529,False,fum_rec_td,PFR+RULE2PT
Boomer Esiason,1985,2,1985-09-15,False,CIN,STL,A,L,27,41,7,12,85,1,0,108.0,1,1,1,0,0,,7.5,7.5,6529,False,fum_rec_td,PFR+RULE2PT
Boomer Esiason,1985,3,1985-09-22,False,CIN,SDG,H,L,41,44,26,44,320,3,2,85.4,3,1,0,0,0,,20.8,20.8,6529,False,fum_rec_td,PFR+RULE2PT
Boomer Esiason,1985,4,1985-09-30,False,CIN,PIT,A,W,37,24,19,27,184,3,0,126.2,3,2,10,0,0,,20.36,20.36,6529,False,fum_rec_td,PFR+RULE2PT
Boomer Esiason,1985,5,1985-10-06,False,CIN,NYJ,H,L,20,29,12,26,173,0,1,52.2,3,4,19,1,0,,12.82,12.82,6529,False,fum_rec_td,PFR+RULE2PT
Boomer Esiason,1985,6,1985-10-13,False,CIN,NYG,H,W,35,30,15,24,193,3,0,127.3,4,4,-27,0,0,,17.02,17.02,6529,False,fum_rec_td,PFR+RULE2PT
Boomer Esiason,1985,7,1985-10-20,False,CIN,HOU,A,L,27,44,30,52,381,3,3,75.9,4,2,16,0,0,,22.84,22.84,6529,False,fum_rec_td,PFR+RULE2PT
Boomer Esiason,1985,8,1985-10-27,False,CIN,PIT,H,W,26,21,18,29,235,1,1,84.7,1,5,-1,0,0,,11.3,11.3,6529,False,fum_rec_td,PFR+RULE2PT
Boomer Esiason,1985,9,1985-11-03,False,CIN,BUF,A,W,23,17,11,21,193,2,1,95.9,1,3,3,0,0,,14.02,14.02,6529,False,fum_rec_td,PFR+RULE2PT
Boomer Esiason,1985,10,1985-11-10,False,CIN,CLE,H,W,27,10,23,33,262,1,0,103.3,1,2,1,0,0,,14.58,14.58,6529,False,fum_rec_td,PFR+RULE2PT
Boomer Esiason,1985,11,1985-11-17,False,CIN,RAI,A,L,6,13,14,31,175,0,0,63.2,3,1,20,0,0,,9.0,9.0,6529,False,fum_rec_td,PFR+RULE2PT
Boomer Esiason,1985,12,1985-11-24,False,CIN,CLE,A,L,6,24,3,5,30,0,1,37.5,3,1,11,0,0,,0.3,0.3,6529,False,fum_rec_td,PFR+RULE2PT
Boomer Esiason,1985,13,1985-12-01,False,CIN,HOU,H,W,45,27,18,24,320,3,0,156.2,1,2,0,0,0,,24.8,24.8,6529,False,fum_rec_td,PFR+RULE2PT
Boomer Esiason,1985,14,1985-12-08,False,CIN,DAL,H,W,50,24,15,25,265,3,0,135.8,0,0,0,0,0,,22.6,22.6,6529,False,fum_rec_td,PFR+RULE2PT
Boomer Esiason,1985,15,1985-12-15,False,CIN,WAS,A,L,24,27,22,39,357,2,2,83.0,3,4,21,0,0,,20.38,20.38,6529,False,fum_rec_td,PFR+RULE2PT
Boomer Esiason,1985,16,1985-12-22,False,CIN,NWE,A,L,23,34,18,39,270,2,1,75.8,1,1,5,0,0,,17.3,17.3,6529,False,fum_rec_td,PFR+RULE2PT
Boomer Esiason,1986,1,1986-09-07,False,CIN,KAN,A,L,14,24,22,41,263,2,1,79.6,3,2,0,0,0,,16.52,16.52,6529,False,fum_rec_td,PFR+RULE2PT
Boomer Esiason,1986,2,1986-09-14,False,CIN,BUF,H,W,36,33,17,29,252,2,1,95.8,1,7,34,1,0,,25.48,25.48,6529,False,fum_rec_td,PFR+RULE2PT
Boomer Esiason,1986,3,1986-09-18,False,CIN,CLE,A,W,30,13,12,21,152,0,1,60.0,1,1,-2,0,0,,3.88,3.88,6529,False,fum_rec_td,PFR+RULE2PT
Boomer Esiason,1986,4,1986-09-28,False,CIN,CHI,H,L,7,44,14,30,212,1,4,41.9,3,2,14,0,0,,5.88,5.88,6529,False,fum_rec_td,PFR+RULE2PT
Boomer Esiason,1986,5,1986-10-05,False,CIN,GNB,A,W,34,28,15,24,207,3,0,129.7,3,4,11,0,0,,21.38,21.38,6529,False,fum_rec_td,PFR+RULE2PT
Boomer Esiason,1986,6,1986-10-13,False,CIN,PIT,H,W,24,22,15,30,231,2,1,84.2,3,4,-10,0,0,,14.24,14.24,6529,False,fum_rec_td,PFR+RULE2PT
Boomer Esiason,1986,7,1986-10-19,False,CIN,HOU,H,W,31,28,13,25,192,1,0,90.7,1,2,-4,0,0,,11.28,11.28,6529,False,fum_rec_td,PFR+RULE2PT
Boomer Esiason,1986,8,1986-10-26,False,CIN,PIT,A,L,9,30,19,33,259,0,1,70.1,2,1,1,0,0,,8.46,8.46,6529,False,fum_rec_td,PFR+RULE2PT
Boomer Esiason,1986,9,1986-11-02,False,CIN,DET,A,W,24,17,13,27,167,0,1,52.5,1,3,10,0,0,,5.68,5.68,6529,False,fum_rec_td,PFR+RULE2PT
Boomer Esiason,1986,10,1986-11-09,False,CIN,HOU,A,L,28,32,19,29,272,3,1,115.9,0,3,19,0,0,,22.78,22.78,6529,False,fum_rec_td,PFR+RULE2PT
Boomer Esiason,1986,11,1986-11-16,False,CIN,SEA,H,W,34,7,22,33,334,1,1,97.3,2,2,18,0,0,,17.16,17.16,6529,False,fum_rec_td,PFR+RULE2PT
Boomer Esiason,1986,12,1986-11-23,False,CIN,MIN,H,W,24,20,17,25,252,1,1,97.4,1,3,1,0,0,,12.18,12.18,6529,False,fum_rec_td,PFR+RULE2PT
Boomer Esiason,1986,13,1986-11-30,False,CIN,DEN,A,L,28,34,21,30,306,2,1,111.2,1,3,10,0,0,,19.24,19.24,6529,False,fum_rec_td,PFR+RULE2PT
Boomer Esiason,1986,14,1986-12-07,False,CIN,NWE,A,W,31,7,17,31,284,1,0,96.7,0,2,-1,0,0,,15.26,15.26,6529,False,fum_rec_td,PFR+RULE2PT
Boomer Esiason,1986,15,1986-12-14,False,CIN,CLE,H,L,3,34,14,31,151,0,2,33.1,2,0,0,0,0,,2.04,2.04,6529,False,fum_rec_td,PFR+RULE2PT
Boomer Esiason,1986,16,1986-12-21,False,CIN,NYJ,H,W,52,21,23,30,425,5,1,143.8,2,5,45,0,0,,39.5,39.5,6529,False,fum_rec_td,PFR+RULE2PT
Boomer Esiason,1987,1,1987-09-13,False,CIN,IND,A,W,23,21,17,26,236,2,0,120.0,2,5,20,0,0,,19.44,19.44,6529,False,fum_rec_td,PFR+RULE2PT
Boomer Esiason,1987,2,1987-09-20,False,CIN,SFO,H,L,26,27,14,29,180,1,1,65.3,3,10,5,0,0,,9.7,9.7,6529,False,fum_rec_td,PFR+RULE2PT
Boomer Esiason,1987,6,1987-10-25,False,CIN,PIT,A,L,20,23,20,32,303,2,2,88.4,1,1,3,0,0,,16.42,16.42,6529,False,fum_rec_td,PFR+RULE2PT
Boomer Esiason,1987,7,1987-11-01,False,CIN,HOU,H,L,29,31,26,41,387,2,2,90.2,1,4,25,0,0,,21.98,21.98,6529,False,fum_rec_td,PFR+RULE2PT
Boomer Esiason,1987,8,1987-11-08,False,CIN,MIA,H,L,14,20,18,37,228,1,1,66.0,1,2,15,0,0,,12.62,12.62,6529,False,fum_rec_td,PFR+RULE2PT
Boomer Esiason,1987,9,1987-11-15,False,CIN,ATL,A,W,16,10,13,30,159,0,2,32.5,0,10,77,0,0,,10.06,10.06,6529,False,fum_rec_td,PFR+RULE2PT
Boomer Esiason,1987,10,1987-11-22,False,CIN,PIT,H,L,16,30,30,53,409,0,3,57.8,5,7,26,0,0,,12.96,12.96,6529,False,fum_rec_td,PFR+RULE2PT
Boomer Esiason,1987,11,1987-11-29,False,CIN,NYJ,A,L,20,27,16,34,250,2,2,67.0,3,3,-1,0,0,,13.9,13.9,6529,False,fum_rec_td,PFR+RULE2PT
Boomer Esiason,1987,12,1987-12-06,False,CIN,KAN,H,W,30,27,28,44,368,2,0,105.1,1,3,20,0,0,,24.72,24.72,6529,False,fum_rec_td,PFR+RULE2PT
Boomer Esiason,1987,13,1987-12-13,False,CIN,CLE,A,L,24,38,22,39,361,1,2,74.8,1,0,0,0,0,,14.44,14.44,6529,False,fum_rec_td,PFR+RULE2PT
Boomer Esiason,1987,14,1987-12-20,False,CIN,NOR,H,L,24,41,17,37,170,2,2,55.0,6,5,34,0,0,,14.2,14.2,6529,False,fum_rec_td,PFR+RULE2PT
Boomer Esiason,1987,15,1987-12-27,False,CIN,HOU,A,L,17,21,19,38,270,1,2,60.2,2,2,17,0,0,,12.5,12.5,6529,False,fum_rec_td,PFR+RULE2PT
Boomer Esiason,1988,1,1988-09-04,False,CIN,PHO,H,W,21,14,17,26,271,3,1,122.4,2,4,22,0,0,,23.04,23.04,6529,False,fum_rec_td,PFR+RULE2PT
Boomer Esiason,1988,2,1988-09-11,False,CIN,PHI,A,W,28,24,20,32,363,4,1,128.0,1,2,-2,0,0,,28.32,28.32,6529,False,fum_rec_td,PFR+RULE2PT
Boomer Esiason,1988,3,1988-09-18,False,CIN,PIT,A,W,17,12,15,27,223,2,1,92.1,2,2,-6,0,0,,14.32,14.32,6529,False,fum_rec_td,PFR+RULE2PT
Boomer Esiason,1988,4,1988-09-25,False,CIN,CLE,H,W,24,17,8,23,183,0,0,64.2,1,3,0,0,0,,7.32,7.32,6529,False,fum_rec_td,PFR+RULE2PT
Boomer Esiason,1988,5,1988-10-02,False,CIN,RAI,A,W,45,21,21,28,332,3,0,149.7,0,1,6,0,0,,25.88,25.88,6529,False,fum_rec_td,PFR+RULE2PT
Boomer Esiason,1988,6,1988-10-09,False,CIN,NYJ,H,W,36,19,10,20,220,3,0,129.2,4,3,61,0,0,,26.9,26.9,6529,False,fum_rec_td,PFR+RULE2PT
Boomer Esiason,1988,7,1988-10-16,False,CIN,NWE,A,L,21,27,18,28,239,2,5,75.4,1,4,35,0,0,,11.06,11.06,6529,False,fum_rec_td,PFR+RULE2PT
Boomer Esiason,1988,8,1988-10-23,False,CIN,HOU,H,W,44,21,11,20,154,0,2,40.4,3,4,34,0,0,,5.56,5.56,6529,False,fum_rec_td,PFR+RULE2PT
Boomer Esiason,1988,9,1988-10-30,False,CIN,CLE,A,L,16,23,12,25,173,0,0,70.9,4,5,18,0,0,,8.72,8.72,6529,False,fum_rec_td,PFR+RULE2PT
Boomer Esiason,1988,10,1988-11-06,False,CIN,PIT,H,W,42,7,16,23,318,3,2,115.5,0,1,7,0,0,,21.42,21.42,6529,False,fum_rec_td,PFR+RULE2PT
Boomer Esiason,1988,11,1988-11-13,False,CIN,KAN,A,L,28,31,11,22,157,0,1,54.5,0,3,25,1,0,,12.78,12.78,6529,False,fum_rec_td,PFR+RULE2PT
Boomer Esiason,1988,12,1988-11-20,False,CIN,DAL,A,W,38,24,16,29,205,3,0,112.0,2,3,10,0,0,,21.2,21.2,6529,False,fum_rec_td,PFR+RULE2PT
Boomer Esiason,1988,13,1988-11-27,False,CIN,BUF,H,W,35,21,18,25,238,1,0,115.1,2,2,9,0,0,,14.42,14.42,6529,False,fum_rec_td,PFR+RULE2PT
Boomer Esiason,1988,14,1988-12-04,False,CIN,SDG,H,W,27,10,10,19,178,2,0,120.1,4,1,7,0,0,,15.82,15.82,6529,False,fum_rec_td,PFR+RULE2PT
Boomer Esiason,1988,15,1988-12-11,False,CIN,HOU,A,L,6,41,10,22,131,0,1,45.8,3,2,14,0,0,,4.64,4.64,6529,False,fum_rec_td,PFR+RULE2PT
Boomer Esiason,1988,16,1988-12-17,False,CIN,WAS,H,W,20,17,10,19,187,2,0,122.0,1,3,8,0,0,,16.28,16.28,6529,False,fum_rec_td,PFR+RULE2PT
Boomer Esiason,1988,17,1988-12-31,True,CIN,SEA,H,W,21,13,7,19,108,0,0,56.5,2,4,11,0,0,,5.42,5.42,6529,False,fum_rec_td,PFR+RULE2PT
Boomer Esiason,1988,18,1989-01-08,True,CIN,BUF,H,W,21,10,11,20,94,1,2,44.6,3,7,26,0,0,,6.36,6.36,6529,False,fum_rec_td,PFR+RULE2PT
Boomer Esiason,1988,19,1989-01-22,True,CIN,SFO,N,L,16,20,11,25,144,0,1,46.1,5,1,0,0,0,,3.76,3.76,6529,False,fum_rec_td,PFR+RULE2PT
Boomer Esiason,1989,1,1989-09-10,False,CIN,CHI,A,L,14,17,18,36,184,1,0,74.3,3,5,20,0,0,,13.36,13.36,6529,False,fum_rec_td,PFR+RULE2PT
Boomer Esiason,1989,2,1989-09-17,False,CIN,PIT,H,W,41,10,16,27,328,2,0,126.8,0,2,26,0,0,,23.72,23.72,6529,False,fum_rec_td,PFR+RULE2PT
Boomer Esiason,1989,3,1989-09-25,False,CIN,CLE,H,W,21,14,14,20,184,3,1,117.5,0,9,42,0,0,,21.56,21.56,6529,False,fum_rec_td,PFR+RULE2PT
Boomer Esiason,1989,4,1989-10-01,False,CIN,KAN,A,W,21,17,6,14,152,1,1,77.1,3,6,23,0,0,,10.38,10.38,6529,False,fum_rec_td,PFR+RULE2PT
Boomer Esiason,1989,5,1989-10-08,False,CIN,PIT,A,W,26,16,17,32,219,1,0,85.3,3,4,38,0,0,,16.56,16.56,6529,False,fum_rec_td,PFR+RULE2PT
Boomer Esiason,1989,6,1989-10-15,False,CIN,MIA,H,L,13,20,16,24,194,1,0,105.2,3,4,25,0,0,,14.26,14.26,6529,False,fum_rec_td,PFR+RULE2PT
Boomer Esiason,1989,7,1989-10-22,False,CIN,IND,H,L,12,23,14,31,169,0,2,35.6,4,5,31,0,0,,5.86,5.86,6529,False,fum_rec_td,PFR+RULE2PT
Boomer Esiason,1989,8,1989-10-29,False,CIN,TAM,H,W,56,23,17,28,197,5,0,121.6,1,0,0,0,0,,27.88,27.88,6529,False,fum_rec_td,PFR+RULE2PT
Boomer Esiason,1989,9,1989-11-05,False,CIN,RAI,A,L,7,28,2,4,18,0,0,62.5,1,0,0,0,0,,0.72,0.72,6529,False,fum_rec_td,PFR+RULE2PT
Boomer Esiason,1989,10,1989-11-13,False,CIN,HOU,A,L,24,26,11,19,209,1,0,113.7,4,1,11,0,0,,13.46,13.46,6529,False,fum_rec_td,PFR+RULE2PT
Boomer Esiason,1989,11,1989-11-19,False,CIN,DET,H,W,42,7,30,39,399,3,1,123.8,1,1,1,0,0,,26.06,26.06,6529,False,fum_rec_td,PFR+RULE2PT
Boomer Esiason,1989,12,1989-11-26,False,CIN,BUF,A,L,7,24,11,26,136,0,1,43.1,1,4,18,0,0,,5.24,5.24,6529,False,fum_rec_td,PFR+RULE2PT
Boomer Esiason,1989,13,1989-12-03,False,CIN,CLE,A,W,21,0,14,32,197,2,2,59.0,0,2,19,0,0,,13.78,13.78,6529,False,fum_rec_td,PFR+RULE2PT
Boomer Esiason,1989,14,1989-12-10,False,CIN,SEA,H,L,17,24,21,42,246,1,0,76.1,4,1,15,0,0,,15.34,15.34,6529,False,fum_rec_td,PFR+RULE2PT
Boomer Esiason,1989,15,1989-12-17,False,CIN,HOU,H,W,61,7,20,27,326,4,0,153.7,2,3,9,0,0,,29.94,29.94,6529,False,fum_rec_td,PFR+RULE2PT
Boomer Esiason,1989,16,1989-12-25,False,CIN,MIN,A,L,21,29,31,54,367,3,3,73.6,6,0,0,0,0,,20.68,20.68,6529,False,fum_rec_td,PFR+RULE2PT
Dave Krieg,1980,16,1980-12-21,False,SEA,DEN,H,L,17,25,0,2,0,0,0,39.6,,0,0,0,0,,0.0,0.0,12634,False,sacked;fum_rec_td,PFR+RULE2PT
Dave Krieg,1981,7,1981-10-18,False,SEA,NYG,H,L,0,32,5,9,50,0,0,71.5,,0,0,0,0,,2.0,2.0,12634,False,sacked;fum_rec_td,PFR+RULE2PT
Dave Krieg,1981,9,1981-11-01,False,SEA,GNB,A,L,24,34,2,5,25,0,1,16.7,,0,0,0,0,,-1.0,-1.0,12634,False,sacked;fum_rec_td,PFR+RULE2PT
Dave Krieg,1981,11,1981-11-16,False,SEA,SDG,H,W,44,23,0,0,0,0,0,0,,0,0,0,0,,0.0,0.0,12634,False,sacked;fum_rec_td,PFR+RULE2PT
Dave Krieg,1981,13,1981-11-29,False,SEA,OAK,H,L,31,32,5,11,79,1,0,100.2,,0,0,0,0,,7.16,7.16,12634,False,sacked;fum_rec_td,PFR+RULE2PT
Dave Krieg,1981,14,1981-12-06,False,SEA,NYJ,H,W,27,23,20,26,264,2,3,94.6,,5,30,1,0,,21.56,21.56,12634,False,sacked;fum_rec_td,PFR+RULE2PT
Dave Krieg,1981,15,1981-12-13,False,SEA,DEN,A,L,13,23,18,40,219,1,0,70.7,,4,21,0,0,,14.86,14.86,12634,False,sacked;fum_rec_td,PFR+RULE2PT
Dave Krieg,1981,16,1981-12-20,False,SEA,CLE,H,W,42,21,14,21,206,3,1,118.3,,2,5,0,0,,18.74,18.74,12634,False,sacked;fum_rec_td,PFR+RULE2PT
Dave Krieg,1982,1,1982-09-12,False,SEA,CLE,H,L,7,21,22,38,203,0,1,61.6,8,1,4,0,0,,6.52,6.52,12634,False,fum_rec_td,PFR+RULE2PT
Dave Krieg,1982,2,1982-09-19,False,SEA,HOU,A,L,21,23,15,22,156,1,0,103.6,6,2,2,0,0,,10.44,10.44,12634,False,fum_rec_td,PFR+RULE2PT
Dave Krieg,1982,9,1983-01-02,False,SEA,DEN,H,W,13,11,12,18,142,1,1,85.9,2,3,-9,0,0,,6.78,6.78,12634,False,fum_rec_td,PFR+RULE2PT
Dave Krieg,1983,8,1983-10-23,False,SEA,PIT,H,L,21,27,13,20,214,2,0,134.2,1,1,8,0,0,,17.36,17.36,12634,False,fum_rec_td,PFR+RULE2PT
Dave Krieg,1983,9,1983-10-30,False,SEA,RAI,A,W,34,21,13,22,156,1,1,77.1,4,0,0,0,0,,8.24,8.24,12634,False,fum_rec_td,PFR+RULE2PT
Dave Krieg,1983,10,1983-11-06,False,SEA,DEN,H,W,27,19,14,23,216,2,1,102.8,0,6,21,1,0,,22.74,22.74,12634,False,fum_rec_td,PFR+RULE2PT
Dave Krieg,1983,11,1983-11-13,False,SEA,STL,A,L,28,33,13,26,216,3,1,100.8,6,0,0,0,0,,18.64,18.64,12634,False,fum_rec_td,PFR+RULE2PT
Dave Krieg,1983,12,1983-11-20,False,SEA,DEN,A,L,27,38,31,42,418,3,4,89.3,5,1,8,0,0,,21.52,21.52,12634,False,fum_rec_td,PFR+RULE2PT
Dave Krieg,1983,13,1983-11-27,False,SEA,KAN,H,W,51,48,16,31,280,3,1,101.5,6,3,9,0,0,,23.2,24.2,12634,False,fum_rec_td,PFR+RULE2PT
Dave Krieg,1983,14,1983-12-04,False,SEA,DAL,H,L,10,35,16,30,253,0,2,53.9,8,2,0,0,0,,6.12,6.12,12634,False,fum_rec_td,PFR+RULE2PT
Dave Krieg,1983,15,1983-12-11,False,SEA,NYG,A,W,17,12,18,28,156,2,1,87.8,3,1,-2,0,0,,12.04,12.04,12634,False,fum_rec_td,PFR+RULE2PT
Dave Krieg,1983,16,1983-12-18,False,SEA,NWE,H,W,24,6,13,21,230,2,0,131.1,5,2,11,1,0,,24.3,24.3,12634,False,fum_rec_td,PFR+RULE2PT
Dave Krieg,1983,17,1983-12-24,True,SEA,DEN,H,W,31,7,12,13,200,3,0,158.3,2,3,9,0,0,,20.9,20.9,12634,False,fum_rec_td,PFR+RULE2PT
Dave Krieg,1983,18,1983-12-31,True,SEA,MIA,A,W,27,20,15,28,192,1,1,72.3,1,4,-5,0,0,,9.18,9.18,12634,False,fum_rec_td,PFR+RULE2PT
Dave Krieg,1983,19,1984-01-08,True,SEA,RAI,A,L,14,30,3,9,12,0,3,2.8,3,0,0,0,0,,-5.52,-5.52,12634,False,fum_rec_td,PFR+RULE2PT
Dave Krieg,1984,1,1984-09-03,False,SEA,CLE,H,W,33,0,14,28,179,3,1,91.2,2,3,9,0,0,,18.06,18.06,12634,False,fum_rec_td,PFR+RULE2PT
Dave Krieg,1984,2,1984-09-09,False,SEA,SDG,H,W,31,17,18,38,263,1,1,68.2,1,6,61,2,0,,30.62,30.62,12634,False,fum_rec_td,PFR+RULE2PT
Dave Krieg,1984,3,1984-09-16,False,SEA,NWE,A,L,23,38,17,35,265,1,2,59.8,5,3,1,0,0,,10.7,10.7,12634,False,fum_rec_td,PFR+RULE2PT
Dave Krieg,1984,4,1984-09-23,False,SEA,CHI,H,W,38,9,6,16,146,1,0,92.2,4,3,18,1,0,,17.64,17.64,12634,False,fum_rec_td,PFR+RULE2PT
Dave Krieg,1984,5,1984-09-30,False,SEA,MIN,A,W,20,12,17,27,222,1,3,61.6,1,4,23,0,0,,9.18,9.18,12634,False,fum_rec_td,PFR+RULE2PT
Dave Krieg,1984,6,1984-10-07,False,SEA,RAI,A,L,14,28,5,12,74,1,1,55.6,5,2,7,0,0,,5.66,5.66,12634,False,fum_rec_td,PFR+RULE2PT
Dave Krieg,1984,7,1984-10-14,False,SEA,BUF,H,W,31,28,17,29,231,3,2,89.9,3,3,3,0,0,,17.54,17.54,12634,False,fum_rec_td,PFR+RULE2PT
Dave Krieg,1984,8,1984-10-21,False,SEA,GNB,A,W,30,24,22,35,310,2,2,86.6,5,5,18,0,0,,18.2,18.2,12634,False,fum_rec_td,PFR+RULE2PT
Dave Krieg,1984,9,1984-10-29,False,SEA,SDG,A,W,24,0,23,29,282,3,1,127.3,1,2,-3,0,0,,20.98,20.98,12634,False,fum_rec_td,PFR+RULE2PT
Dave Krieg,1984,10,1984-11-04,False,SEA,KAN,H,W,45,0,12,20,138,2,1,93.3,1,1,0,0,0,,11.52,11.52,12634,False,fum_rec_td,PFR+RULE2PT
Dave Krieg,1984,11,1984-11-12,False,SEA,RAI,H,W,17,14,11,25,156,2,1,74.7,6,2,14,0,0,,13.64,13.64,12634,False,fum_rec_td,PFR+RULE2PT
Dave Krieg,1984,12,1984-11-18,False,SEA,CIN,A,W,26,6,10,16,108,1,1,77.1,1,3,9,0,0,,7.22,7.22,12634,False,fum_rec_td,PFR+RULE2PT
Dave Krieg,1984,13,1984-11-25,False,SEA,DEN,A,W,27,24,30,44,406,3,0,120.1,0,3,-1,0,0,,28.14,28.14,12634,False,fum_rec_td,PFR+RULE2PT
Dave Krieg,1984,14,1984-12-02,False,SEA,DET,H,W,38,17,27,38,294,5,1,122.1,1,0,0,0,0,,29.76,29.76,12634,False,fum_rec_td,PFR+RULE2PT
Dave Krieg,1984,15,1984-12-09,False,SEA,KAN,A,L,7,34,17,38,263,1,5,37.4,0,1,0,0,0,,4.52,4.52,12634,False,fum_rec_td,PFR+RULE2PT
Dave Krieg,1984,16,1984-12-15,False,SEA,DEN,H,L,14,31,30,50,334,2,2,76.6,4,5,27,0,0,,20.06,20.06,12634,False,fum_rec_td,PFR+RULE2PT
Dave Krieg,1984,17,1984-12-22,True,SEA,RAI,H,W,13,7,4,10,70,1,0,97.9,2,3,10,0,0,,7.8,7.8,12634,False,fum_rec_td,PFR+RULE2PT
Dave Krieg,1984,18,1984-12-29,True,SEA,MIA,A,L,10,31,20,35,234,1,0,87.1,2,1,2,0,0,,13.66,14.66,12634,False,fum_rec_td,PFR+RULE2PT
Dave Krieg,1985,1,1985-09-08,False,SEA,CIN,A,W,28,24,16,25,236,3,0,134.3,3,4,9,0,0,,22.34,22.34,12634,False,fum_rec_td,PFR+RULE2PT
Dave Krieg,1985,2,1985-09-15,False,SEA,SDG,A,W,49,35,22,32,307,5,0,138.9,2,3,10,0,0,,33.28,33.28,12634,False,fum_rec_td,PFR+RULE2PT
Dave Krieg,1985,3,1985-09-23,False,SEA,RAM,H,L,24,35,23,45,267,1,2,58.3,7,2,12,0,0,,11.88,11.88,12634,False,fum_rec_td,PFR+RULE2PT
Dave Krieg,1985,4,1985-09-29,False,SEA,KAN,A,L,7,28,19,38,220,1,4,37.1,0,2,-1,0,0,,4.7,4.7,12634,False,fum_rec_td,PFR+RULE2PT
Dave Krieg,1985,5,1985-10-06,False,SEA,SDG,H,W,26,21,16,26,189,1,0,96.5,5,4,2,0,0,,11.76,11.76,12634,False,fum_rec_td,PFR+RULE2PT
Dave Krieg,1985,6,1985-10-13,False,SEA,ATL,H,W,30,26,33,51,405,4,1,107.1,4,2,0,0,0,,30.2,30.2,12634,False,fum_rec_td,PFR+RULE2PT
Dave Krieg,1985,7,1985-10-20,False,SEA,DEN,A,L,10,13,9,32,115,1,3,13.4,5,3,1,0,0,,2.7,2.7,12634,False,fum_rec_td,PFR+RULE2PT
Dave Krieg,1985,8,1985-10-27,False,SEA,NYJ,A,L,14,17,9,20,148,1,2,47.5,3,4,28,0,0,,8.72,8.72,12634,False,fum_rec_td,PFR+RULE2PT
Dave Krieg,1985,9,1985-11-03,False,SEA,RAI,H,W,33,3,9,21,143,2,0,97.9,2,2,3,0,0,,14.02,14.02,12634,False,fum_rec_td,PFR+RULE2PT
Dave Krieg,1985,10,1985-11-10,False,SEA,NOR,A,W,27,3,21,28,282,1,0,118.5,3,2,14,0,0,,16.68,16.68,12634,False,fum_rec_td,PFR+RULE2PT
Dave Krieg,1985,11,1985-11-17,False,SEA,NWE,H,L,13,20,19,43,229,0,3,32.0,5,4,24,1,0,,11.56,11.56,12634,False,fum_rec_td,PFR+RULE2PT
Dave Krieg,1985,12,1985-11-25,False,SEA,SFO,A,L,6,19,11,30,139,0,1,38.1,4,1,7,0,0,,4.26,4.26,12634,False,fum_rec_td,PFR+RULE2PT
Dave Krieg,1985,13,1985-12-01,False,SEA,KAN,H,W,24,6,21,34,254,2,1,92.0,2,0,0,0,0,,16.16,16.16,12634,False,fum_rec_td,PFR+RULE2PT
Dave Krieg,1985,14,1985-12-08,False,SEA,CLE,H,W,31,13,24,34,268,4,0,133.0,2,1,-1,0,0,,26.62,26.62,12634,False,fum_rec_td,PFR+RULE2PT
Dave Krieg,1985,15,1985-12-15,False,SEA,RAI,A,L,3,13,16,33,184,0,2,40.5,4,0,0,0,0,,3.36,3.36,12634,False,fum_rec_td,PFR+RULE2PT
Dave Krieg,1985,16,1985-12-20,False,SEA,DEN,H,L,24,27,17,40,216,1,1,57.9,1,1,13,0,0,,11.94,11.94,12634,False,fum_rec_td,PFR+RULE2PT
Dave Krieg,1986,1,1986-09-07,False,SEA,PIT,H,W,30,0,21,33,195,2,2,74.7,3,1,4,0,0,,12.2,12.2,12634,False,fum_rec_td,PFR+RULE2PT
Dave Krieg,1986,2,1986-09-14,False,SEA,KAN,H,W,23,17,21,35,203,1,1,73.9,0,4,31,0,0,,13.22,13.22,12634,False,fum_rec_td,PFR+RULE2PT
Dave Krieg,1986,3,1986-09-21,False,SEA,NWE,A,W,38,31,9,20,207,2,0,116.0,3,5,1,0,0,,16.38,16.38,12634,False,fum_rec_td,PFR+RULE2PT
Dave Krieg,1986,4,1986-09-28,False,SEA,WAS,A,L,14,19,19,32,219,1,2,64.5,1,1,6,0,0,,9.36,9.36,12634,False,fum_rec_td,PFR+RULE2PT
Dave Krieg,1986,5,1986-10-06,False,SEA,SDG,H,W,33,7,21,35,284,3,2,90.7,1,0,0,0,0,,19.36,19.36,12634,False,fum_rec_td,PFR+RULE2PT
Dave Krieg,1986,6,1986-10-12,False,SEA,RAI,A,L,10,14,17,26,152,0,0,80.9,4,0,0,0,0,,6.08,6.08,12634,False,fum_rec_td,PFR+RULE2PT
Dave Krieg,1986,7,1986-10-19,False,SEA,NYG,H,W,17,12,15,22,166,1,1,86.6,2,3,-1,0,0,,8.54,8.54,12634,False,fum_rec_td,PFR+RULE2PT
Dave Krieg,1986,8,1986-10-26,False,SEA,DEN,A,L,13,20,6,16,26,0,0,45.8,5,1,1,0,0,,1.14,1.14,12634,False,fum_rec_td,PFR+RULE2PT
Dave Krieg,1986,10,1986-11-09,False,SEA,KAN,A,L,7,27,2,12,13,0,1,4.9,2,0,0,0,0,,-1.48,-1.48,12634,False,fum_rec_td,PFR+RULE2PT
Dave Krieg,1986,11,1986-11-16,False,SEA,CIN,A,L,7,34,18,28,168,0,1,65.8,5,1,-1,0,0,,4.62,4.62,12634,False,fum_rec_td,PFR+RULE2PT
Dave Krieg,1986,12,1986-11-23,False,SEA,PHI,H,W,24,20,14,26,288,1,0,105.9,3,5,17,0,0,,17.22,17.22,12634,False,fum_rec_td,PFR+RULE2PT
Dave Krieg,1986,13,1986-11-27,False,SEA,DAL,A,W,31,14,16,24,214,2,1,105.2,0,4,16,1,0,,22.16,22.16,12634,False,fum_rec_td,PFR+RULE2PT
Dave Krieg,1986,14,1986-12-08,False,SEA,RAI,H,W,37,0,14,21,243,2,0,137.6,2,5,23,0,0,,20.02,20.02,12634,False,fum_rec_td,PFR+RULE2PT
Dave Krieg,1986,15,1986-12-14,False,SEA,SDG,A,W,34,24,15,21,305,4,0,153.3,4,3,6,0,0,,28.8,28.8,12634,False,fum_rec_td,PFR+RULE2PT
Dave Krieg,1986,16,1986-12-20,False,SEA,DEN,H,W,41,16,17,24,238,2,0,130.2,0,2,19,0,0,,19.42,19.42,12634,False,fum_rec_td,PFR+RULE2PT
Dave Krieg,1987,1,1987-09-13,False,SEA,DEN,A,L,17,40,14,28,185,2,3,55.5,1,2,1,0,0,,9.5,9.5,12634,False,fum_rec_td,PFR+RULE2PT
Dave Krieg,1987,2,1987-09-20,False,SEA,KAN,H,W,43,14,16,22,152,3,0,131.1,2,2,22,0,0,,20.28,20.28,12634,False,fum_rec_td,PFR+RULE2PT
Dave Krieg,1987,6,1987-10-25,False,SEA,RAI,A,W,35,13,14,20,192,2,1,112.9,5,3,8,0,0,,14.48,14.48,12634,False,fum_rec_td,PFR+RULE2PT
Dave Krieg,1987,7,1987-11-01,False,SEA,MIN,H,W,28,17,11,17,148,3,1,107.4,1,1,-1,0,0,,15.82,15.82,12634,False,fum_rec_td,PFR+RULE2PT
Dave Krieg,1987,8,1987-11-09,False,SEA,NYJ,A,L,14,30,12,29,188,1,2,46.3,2,1,1,0,0,,7.62,7.62,12634,False,fum_rec_td,PFR+RULE2PT
Dave Krieg,1987,9,1987-11-15,False,SEA,GNB,H,W,24,13,9,15,105,0,3,41.7,3,4,13,1,0,,5.5,5.5,12634,False,fum_rec_td,PFR+RULE2PT
Dave Krieg,1987,10,1987-11-22,False,SEA,SDG,H,W,34,3,19,26,246,2,0,128.0,2,3,35,1,0,,27.34,27.34,12634,False,fum_rec_td,PFR+RULE2PT
Dave Krieg,1987,11,1987-11-30,False,SEA,RAI,H,L,14,37,17,31,170,2,2,65.3,4,2,5,0,0,,11.3,11.3,12634,False,fum_rec_td,PFR+RULE2PT
Dave Krieg,1987,12,1987-12-06,False,SEA,PIT,A,L,9,13,9,15,91,1,1,71.8,1,3,5,0,0,,6.14,6.14,12634,False,fum_rec_td,PFR+RULE2PT
Dave Krieg,1987,13,1987-12-13,False,SEA,DEN,H,W,28,21,23,33,238,3,2,95.3,1,5,28,0,0,,20.32,20.32,12634,False,fum_rec_td,PFR+RULE2PT
Dave Krieg,1987,14,1987-12-20,False,SEA,CHI,A,W,34,21,17,26,214,2,0,116.5,3,7,15,0,0,,18.06,18.06,12634,False,fum_rec_td,PFR+RULE2PT
Dave Krieg,1987,15,1987-12-27,False,SEA,KAN,A,L,20,41,17,32,202,2,0,93.5,2,3,23,0,0,,18.38,18.38,12634,False,fum_rec_td,PFR+RULE2PT
Dave Krieg,1987,16,1988-01-03,True,SEA,HOU,A,L,20,23,16,38,237,2,0,80.7,2,0,0,0,0,,17.48,17.48,12634,False,fum_rec_td,PFR+RULE2PT
Dave Krieg,1988,1,1988-09-04,False,SEA,DEN,A,W,21,14,14,30,168,2,0,86.5,2,4,27,0,0,,17.42,17.42,12634,False,fum_rec_td,PFR+RULE2PT
Dave Krieg,1988,2,1988-09-11,False,SEA,KAN,H,W,31,10,14,22,114,1,0,91.9,1,2,3,0,0,,8.86,8.86,12634,False,fum_rec_td,PFR+RULE2PT
Dave Krieg,1988,3,1988-09-18,False,SEA,SDG,A,L,6,17,9,18,134,0,3,35.2,1,1,-2,0,0,,-0.84,-0.84,12634,False,fum_rec_td,PFR+RULE2PT
Dave Krieg,1988,11,1988-11-13,False,SEA,HOU,H,W,27,24,14,26,188,1,1,73.9,0,1,3,0,0,,9.82,9.82,12634,False,fum_rec_td,PFR+RULE2PT
Dave Krieg,1988,12,1988-11-20,False,SEA,KAN,A,L,24,27,20,30,225,2,1,97.2,2,3,20,0,0,,17.0,17.0,12634,False,fum_rec_td,PFR+RULE2PT
Dave Krieg,1988,13,1988-11-28,False,SEA,RAI,H,W,35,27,16,28,220,5,2,92.3,1,7,12,0,0,,26.0,26.0,12634,False,fum_rec_td,PFR+RULE2PT
Dave Krieg,1988,14,1988-12-04,False,SEA,NWE,A,L,7,13,9,20,62,1,0,69.2,2,1,-4,0,0,,6.08,6.08,12634,False,fum_rec_td,PFR+RULE2PT
Dave Krieg,1988,15,1988-12-11,False,SEA,DEN,H,W,42,14,19,22,220,2,0,138.6,0,1,-3,0,0,,16.5,16.5,12634,False,fum_rec_td,PFR+RULE2PT
Dave Krieg,1988,16,1988-12-18,False,SEA,RAI,A,W,43,37,19,32,410,4,1,130.2,3,4,8,0,0,,31.2,31.2,12634,False,fum_rec_td,PFR+RULE2PT
Dave Krieg,1988,17,1988-12-31,True,SEA,CIN,A,L,13,21,24,50,297,1,2,56.8,2,1,1,1,0,,17.98,17.98,12634,False,fum_rec_td,PFR+RULE2PT
Dave Krieg,1989,1,1989-09-10,False,SEA,PHI,A,L,7,31,15,34,210,1,2,49.9,3,0,0,0,0,,8.4,8.4,12634,False,fum_rec_td,PFR+RULE2PT
Dave Krieg,1989,2,1989-09-17,False,SEA,PHO,H,L,24,34,25,43,279,3,1,91.1,3,3,21,0,0,,23.26,23.26,12634,False,fum_rec_td,PFR+RULE2PT
Dave Krieg,1989,3,1989-09-24,False,SEA,NWE,A,W,24,3,14,24,177,3,0,121.0,2,4,28,0,0,,21.88,21.88,12634,False,fum_rec_td,PFR+RULE2PT
Dave Krieg,1989,4,1989-10-01,False,SEA,RAI,A,W,24,20,22,31,227,2,0,113.2,4,5,15,0,0,,18.58,18.58,12634,False,fum_rec_td,PFR+RULE2PT
Dave Krieg,1989,5,1989-10-08,False,SEA,KAN,H,L,16,20,20,36,252,0,2,54.4,2,3,29,0,0,,8.98,8.98,12634,False,fum_rec_td,PFR+RULE2PT
Dave Krieg,1989,6,1989-10-15,False,SEA,SDG,A,W,17,16,14,24,139,1,2,54.0,0,3,1,0,0,,5.66,5.66,12634,False,fum_rec_td,PFR+RULE2PT
Dave Krieg,1989,7,1989-10-22,False,SEA,DEN,H,L,21,24,22,38,237,2,2,71.9,2,2,3,0,0,,13.78,13.78,12634,False,fum_rec_td,PFR+RULE2PT
Dave Krieg,1989,8,1989-10-29,False,SEA,SDG,H,W,10,7,27,49,311,1,2,64.2,5,0,0,0,0,,12.44,12.44,12634,False,fum_rec_td,PFR+RULE2PT
Dave Krieg,1989,9,1989-11-05,False,SEA,KAN,A,L,10,20,14,32,126,0,0,54.9,5,3,0,0,0,,5.04,5.04,12634,False,fum_rec_td,PFR+RULE2PT
Dave Krieg,1989,10,1989-11-12,False,SEA,CLE,H,L,7,17,17,30,141,1,3,40.4,1,2,6,0,0,,4.24,4.24,12634,False,fum_rec_td,PFR+RULE2PT
Dave Krieg,1989,12,1989-11-26,False,SEA,DEN,A,L,14,41,11,22,171,1,2,53.4,2,1,7,0,0,,7.54,7.54,12634,False,fum_rec_td,PFR+RULE2PT
Dave Krieg,1989,13,1989-12-04,False,SEA,BUF,H,W,17,16,20,40,298,1,2,62.3,2,2,-2,0,0,,11.72,11.72,12634,False,fum_rec_td,PFR+RULE2PT
Dave Krieg,1989,14,1989-12-10,False,SEA,CIN,A,W,24,17,22,33,258,3,1,107.9,1,4,23,0,0,,22.62,22.62,12634,False,fum_rec_td,PFR+RULE2PT
Dave Krieg,1989,15,1989-12-17,False,SEA,RAI,H,W,23,17,25,34,270,2,0,116.1,1,6,21,0,0,,20.9,20.9,12634,False,fum_rec_td,PFR+RULE2PT
Dave Krieg,1989,16,1989-12-23,False,SEA,WAS,H,L,0,29,18,29,213,0,1,70.0,4,2,8,0,0,,7.32,7.32,12634,False,fum_rec_td,PFR+RULE2PT
Jim Everett,1986,11,1986-11-16,False,RAM,NWE,H,L,28,30,12,19,193,3,0,136.6,1,2,5,0,0,,20.22,20.22,6612,False,fum_rec_td,PFR+RULE2PT
Jim Everett,1986,12,1986-11-23,False,RAM,NOR,H,W,26,13,7,20,56,0,2,4.2,0,4,13,1,0,,5.54,5.54,6612,False,fum_rec_td,PFR+RULE2PT
Jim Everett,1986,13,1986-11-30,False,RAM,NYJ,A,W,17,3,9,17,155,1,2,64.2,0,4,1,0,0,,6.3,6.3,6612,False,fum_rec_td,PFR+RULE2PT
Jim Everett,1986,14,1986-12-07,False,RAM,DAL,H,W,29,10,14,25,212,1,1,80.7,1,3,9,0,0,,11.38,11.38,6612,False,fum_rec_td,PFR+RULE2PT
Jim Everett,1986,15,1986-12-14,False,RAM,MIA,H,L,31,37,18,31,251,2,0,105.7,3,3,18,0,0,,19.84,19.84,6612,False,fum_rec_td,PFR+RULE2PT
Jim Everett,1986,16,1986-12-19,False,RAM,SFO,A,L,14,24,13,35,151,1,3,24.8,3,0,0,0,0,,4.04,4.04,6612,False,fum_rec_td,PFR+RULE2PT
Jim Everett,1986,17,1986-12-28,True,RAM,WAS,A,L,7,19,9,18,136,1,2,54.2,1,1,12,0,0,,6.64,6.64,6612,False,fum_rec_td,PFR+RULE2PT
Jim Everett,1987,1,1987-09-13,False,RAM,HOU,A,L,16,20,9,26,125,0,2,18.9,3,0,0,0,0,,1.0,1.0,6612,False,fum_rec_td,PFR+RULE2PT
Jim Everett,1987,2,1987-09-20,False,RAM,MIN,H,L,16,21,15,25,105,0,1,52.9,2,4,16,0,0,,3.8,3.8,6612,False,fum_rec_td,PFR+RULE2PT
Jim Everett,1987,6,1987-10-26,False,RAM,CLE,A,L,17,30,21,50,227,0,3,31.0,0,0,0,0,0,,3.08,3.08,6612,False,fum_rec_td,PFR+RULE2PT
Jim Everett,1987,7,1987-11-01,False,RAM,SFO,H,L,10,31,20,35,231,1,0,86.7,3,2,9,0,0,,14.14,14.14,6612,False,fum_rec_td,PFR+RULE2PT
Jim Everett,1987,8,1987-11-08,False,RAM,NOR,H,L,14,31,17,34,202,2,2,63.6,0,2,17,0,0,,13.78,13.78,6612,False,fum_rec_td,PFR+RULE2PT
Jim Everett,1987,9,1987-11-15,False,RAM,STL,A,W,27,24,14,26,154,1,1,68.4,1,3,8,0,0,,8.96,8.96,6612,False,fum_rec_td,PFR+RULE2PT
Jim Everett,1987,10,1987-11-23,False,RAM,WAS,A,W,30,26,7,13,106,1,1,74.5,1,1,-1,0,0,,6.14,6.14,6612,False,fum_rec_td,PFR+RULE2PT
Jim Everett,1987,11,1987-11-29,False,RAM,TAM,H,W,35,3,14,19,208,2,0,144.2,3,0,0,0,0,,16.32,16.32,6612,False,fum_rec_td,PFR+RULE2PT
Jim Everett,1987,12,1987-12-06,False,RAM,DET,A,W,37,16,20,26,324,2,1,127.7,1,1,0,0,0,,18.96,18.96,6612,False,fum_rec_td,PFR+RULE2PT
Jim Everett,1987,13,1987-12-13,False,RAM,ATL,H,W,33,0,13,24,193,1,0,94.6,0,2,26,0,0,,14.32,14.32,6612,False,fum_rec_td,PFR+RULE2PT
Jim Everett,1987,14,1987-12-21,False,RAM,DAL,H,L,21,29,12,24,189,0,2,41.8,3,3,8,1,0,,10.36,10.36,6612,False,fum_rec_td,PFR+RULE2PT
Jim Everett,1988,1,1988-09-04,False,RAM,GNB,A,W,34,7,19,28,184,2,0,109.8,1,1,9,0,0,,16.26,16.26,6612,False,fum_rec_td,PFR+RULE2PT
Jim Everett,1988,2,1988-09-11,False,RAM,DET,H,W,17,10,17,27,141,1,1,73.2,3,7,16,0,0,,9.24,9.24,6612,False,fum_rec_td,PFR+RULE2PT
Jim Everett,1988,3,1988-09-18,False,RAM,RAI,A,W,22,17,13,24,178,1,0,92.0,3,3,9,0,0,,12.02,12.02,6612,False,fum_rec_td,PFR+RULE2PT
Jim Everett,1988,4,1988-09-25,False,RAM,NYG,A,W,45,31,14,24,236,5,1,113.9,1,5,8,0,0,,28.24,28.24,6612,False,fum_rec_td,PFR+RULE2PT
Jim Everett,1988,5,1988-10-02,False,RAM,PHO,H,L,27,41,25,33,300,1,0,113.2,3,1,-1,0,0,,15.9,15.9,6612,False,fum_rec_td,PFR+RULE2PT
Jim Everett,1988,6,1988-10-09,False,RAM,ATL,A,W,33,0,15,24,234,3,1,117.0,1,1,2,0,0,,19.56,19.56,6612,False,fum_rec_td,PFR+RULE2PT
Jim Everett,1988,7,1988-10-16,False,RAM,SFO,H,L,21,24,20,33,199,3,2,82.8,1,1,3,0,0,,16.26,16.26,6612,False,fum_rec_td,PFR+RULE2PT
Jim Everett,1988,8,1988-10-23,False,RAM,SEA,H,W,31,10,20,27,311,3,0,148.8,0,0,0,0,0,,24.44,24.44,6612,False,fum_rec_td,PFR+RULE2PT
Jim Everett,1988,9,1988-10-30,False,RAM,NOR,A,W,12,10,21,34,243,0,0,83.3,1,3,-9,0,0,,8.82,8.82,6612,False,fum_rec_td,PFR+RULE2PT
Jim Everett,1988,10,1988-11-06,False,RAM,PHI,A,L,24,30,24,45,377,2,4,59.2,3,0,0,0,0,,15.08,15.08,6612,False,fum_rec_td,PFR+RULE2PT
Jim Everett,1988,11,1988-11-13,False,RAM,NOR,H,L,10,14,18,35,198,0,2,44.7,1,3,22,0,0,,6.12,6.12,6612,False,fum_rec_td,PFR+RULE2PT
Jim Everett,1988,12,1988-11-20,False,RAM,SDG,H,L,24,38,17,34,243,2,1,80.9,5,2,24,0,0,,18.12,18.12,6612,False,fum_rec_td,PFR+RULE2PT
Jim Everett,1988,13,1988-11-27,False,RAM,DEN,A,L,24,35,25,47,365,2,1,84.1,2,1,7,0,0,,21.3,21.3,6612,False,fum_rec_td,PFR+RULE2PT
Jim Everett,1988,14,1988-12-05,False,RAM,CHI,H,W,23,3,17,31,251,1,3,52.7,2,2,4,0,0,,8.44,8.44,6612,False,fum_rec_td,PFR+RULE2PT
Jim Everett,1988,15,1988-12-11,False,RAM,ATL,H,W,22,7,24,33,303,1,1,98.4,1,2,4,0,0,,14.52,14.52,6612,False,fum_rec_td,PFR+RULE2PT
Jim Everett,1988,16,1988-12-18,False,RAM,SFO,A,W,38,16,19,38,201,4,1,89.9,0,2,6,0,0,,22.64,22.64,6612,False,fum_rec_td,PFR+RULE2PT
Jim Everett,1988,17,1988-12-26,True,RAM,MIN,A,L,17,28,19,45,247,2,3,47.2,1,2,8,0,0,,12.68,12.68,6612,False,fum_rec_td,PFR+RULE2PT
Jim Everett,1989,1,1989-09-10,False,RAM,ATL,A,W,31,21,14,25,206,1,0,96.4,1,3,18,1,0,,20.04,20.04,6612,False,fum_rec_td,PFR+RULE2PT
Jim Everett,1989,2,1989-09-17,False,RAM,IND,H,W,31,17,28,35,368,3,1,127.1,3,1,3,0,0,,25.02,25.02,6612,False,fum_rec_td,PFR+RULE2PT
Jim Everett,1989,3,1989-09-24,False,RAM,GNB,H,W,41,38,19,31,238,2,2,79.8,2,3,-6,0,0,,12.92,12.92,6612,False,fum_rec_td,PFR+RULE2PT
Jim Everett,1989,4,1989-10-01,False,RAM,SFO,A,W,13,12,16,25,250,1,0,110.4,0,2,-4,0,0,,13.6,13.6,6612,False,fum_rec_td,PFR+RULE2PT
Jim Everett,1989,5,1989-10-08,False,RAM,ATL,H,W,26,14,16,28,290,2,1,101.8,2,3,-6,0,0,,17.0,17.0,6612,False,fum_rec_td,PFR+RULE2PT
Jim Everett,1989,6,1989-10-16,False,RAM,BUF,A,L,20,23,15,36,219,2,1,69.1,2,3,4,0,0,,15.16,15.16,6612,False,fum_rec_td,PFR+RULE2PT
Jim Everett,1989,7,1989-10-22,False,RAM,NOR,H,L,21,40,24,42,263,3,2,79.8,5,1,-2,0,0,,18.32,18.32,6612,False,fum_rec_td,PFR+RULE2PT
Jim Everett,1989,8,1989-10-29,False,RAM,CHI,A,L,10,20,13,35,185,0,2,31.3,3,0,0,0,0,,3.4,3.4,6612,False,fum_rec_td,PFR+RULE2PT
Jim Everett,1989,9,1989-11-05,False,RAM,MIN,A,L,21,23,18,30,200,1,1,77.1,1,2,4,0,0,,10.4,10.4,6612,False,fum_rec_td,PFR+RULE2PT
Jim Everett,1989,10,1989-11-12,False,RAM,NYG,H,W,31,10,23,33,295,2,2,92.4,0,2,12,0,0,,17.0,17.0,6612,False,fum_rec_td,PFR+RULE2PT
Jim Everett,1989,11,1989-11-19,False,RAM,PHO,H,W,37,14,15,24,308,2,0,134.0,1,0,0,0,0,,20.32,20.32,6612,False,fum_rec_td,PFR+RULE2PT
Jim Everett,1989,12,1989-11-26,False,RAM,NOR,A,W,20,17,29,51,454,1,2,76.8,6,1,-2,0,0,,17.96,17.96,6612,False,fum_rec_td,PFR+RULE2PT
Jim Everett,1989,13,1989-12-03,False,RAM,DAL,A,W,35,31,27,37,341,4,1,126.1,2,0,0,0,0,,27.64,27.64,6612,False,fum_rec_td,PFR+RULE2PT
Jim Everett,1989,14,1989-12-11,False,RAM,SFO,H,L,27,30,18,31,239,2,0,104.1,1,2,9,0,0,,18.46,18.46,6612,False,fum_rec_td,PFR+RULE2PT
Jim Everett,1989,15,1989-12-17,False,RAM,NYJ,H,W,38,14,16,26,273,2,0,122.8,0,1,1,0,0,,19.02,19.02,6612,False,fum_rec_td,PFR+RULE2PT
Jim Everett,1989,16,1989-12-24,False,RAM,NWE,A,W,24,20,13,29,181,1,2,48.2,0,1,0,0,0,,7.24,7.24,6612,False,fum_rec_td,PFR+RULE2PT
Jim Everett,1989,17,1989-12-31,True,RAM,PHI,A,W,21,7,18,33,281,2,2,78.0,2,7,2,0,0,,15.44,15.44,6612,False,fum_rec_td,PFR+RULE2PT
Jim Everett,1989,18,1990-01-07,True,RAM,NYG,A,W,19,13,25,44,315,2,1,84.9,2,2,25,0,0,,21.1,21.1,6612,False,fum_rec_td,PFR+RULE2PT
Jim Everett,1989,19,1990-01-14,True,RAM,SFO,A,L,3,30,16,36,141,0,3,20.7,1,0,0,0,0,,-0.36,-0.36,6612,False,fum_rec_td,PFR+RULE2PT
Jim Hart,1980,1,1980-09-07,False,STL,NYG,H,L,35,41,18,31,322,2,3,75.7,,1,4,0,0,,15.28,15.28,9287,False,sacked;fum_rec_td,PFR+RULE2PT
Jim Hart,1980,2,1980-09-14,False,STL,SFO,A,L,21,24,28,38,265,2,1,99.1,,1,-3,0,0,,16.3,16.3,9287,False,sacked;fum_rec_td,PFR+RULE2PT
Jim Hart,1980,3,1980-09-21,False,STL,DET,A,L,7,20,22,36,275,1,1,82.5,,0,0,0,0,,13.0,13.0,9287,False,sacked;fum_rec_td,PFR+RULE2PT
Jim Hart,1980,4,1980-09-28,False,STL,PHI,H,W,24,14,11,21,108,0,0,67.2,,2,-3,0,0,,4.02,4.02,9287,False,sacked;fum_rec_td,PFR+RULE2PT
Jim Hart,1980,5,1980-10-05,False,STL,NOR,A,W,40,7,13,18,113,1,0,106.9,,0,0,0,0,,8.52,8.52,9287,False,sacked;fum_rec_td,PFR+RULE2PT
Jim Hart,1980,6,1980-10-12,False,STL,RAM,H,L,13,21,16,34,190,1,1,62.1,,0,0,0,0,,9.6,9.6,9287,False,sacked;fum_rec_td,PFR+RULE2PT
Jim Hart,1980,7,1980-10-19,False,STL,WAS,A,L,0,23,13,32,200,0,2,35.9,,1,12,0,0,,5.2,5.2,9287,False,sacked;fum_rec_td,PFR+RULE2PT
Jim Hart,1980,8,1980-10-26,False,STL,BAL,A,W,17,10,18,32,190,1,1,71.1,,0,0,0,0,,9.6,9.6,9287,False,sacked;fum_rec_td,PFR+RULE2PT
Jim Hart,1980,9,1980-11-02,False,STL,DAL,H,L,24,27,12,24,258,2,2,81.6,,1,0,0,0,,14.32,14.32,9287,False,sacked;fum_rec_td,PFR+RULE2PT
Jim Hart,1980,10,1980-11-09,False,STL,ATL,H,L,27,33,25,43,344,2,5,59.8,,0,0,0,0,,11.76,11.76,9287,False,sacked;fum_rec_td,PFR+RULE2PT
Jim Hart,1980,11,1980-11-16,False,STL,DAL,A,L,21,31,12,30,209,2,1,72.8,,1,0,0,0,,14.36,14.36,9287,False,sacked;fum_rec_td,PFR+RULE2PT
Jim Hart,1980,12,1980-11-23,False,STL,KAN,H,L,13,21,14,39,211,0,1,43.9,,0,0,0,0,,6.44,6.44,9287,False,sacked;fum_rec_td,PFR+RULE2PT
Jim Hart,1980,13,1980-11-30,False,STL,NYG,A,W,23,7,10,17,136,0,1,59.9,,1,2,0,0,,3.64,3.64,9287,False,sacked;fum_rec_td,PFR+RULE2PT
Jim Hart,1980,14,1980-12-07,False,STL,DET,H,W,24,23,12,22,99,2,1,77.7,,1,-1,0,0,,9.86,9.86,9287,False,sacked;fum_rec_td,PFR+RULE2PT
Jim Hart,1980,15,1980-12-14,False,STL,PHI,A,L,3,17,4,8,26,0,0,57.3,,0,0,0,0,,1.04,1.04,9287,False,sacked;fum_rec_td,PFR+RULE2PT
Jim Hart,1981,1,1981-09-06,False,STL,MIA,H,L,7,20,3,5,25,0,0,72.9,,0,0,0,0,,1.0,1.0,9287,False,sacked;fum_rec_td,PFR+RULE2PT
Jim Hart,1981,3,1981-09-20,False,STL,WAS,H,W,40,30,12,22,226,3,0,129.9,,0,0,0,0,,21.04,21.04,9287,False,sacked;fum_rec_td,PFR+RULE2PT
Jim Hart,1981,4,1981-09-27,False,STL,TAM,A,L,10,20,11,18,91,0,1,50.9,,0,0,0,0,,1.64,1.64,9287,False,sacked;fum_rec_td,PFR+RULE2PT
Jim Hart,1981,5,1981-10-04,False,STL,DAL,H,W,20,17,16,29,199,1,1,73.8,,0,0,0,0,,9.96,9.96,9287,False,sacked;fum_rec_td,PFR+RULE2PT
Jim Hart,1981,6,1981-10-11,False,STL,NYG,A,L,14,34,17,26,195,1,1,84.6,,1,0,0,0,,9.8,9.8,9287,False,sacked;fum_rec_td,PFR+RULE2PT
Jim Hart,1981,7,1981-10-18,False,STL,ATL,A,L,20,41,24,49,263,0,3,39.8,,1,4,0,0,,4.92,4.92,9287,False,sacked;fum_rec_td,PFR+RULE2PT
Jim Hart,1981,8,1981-10-25,False,STL,MIN,H,W,30,17,13,26,191,2,2,67.9,,1,-2,0,0,,11.44,11.44,9287,False,sacked;fum_rec_td,PFR+RULE2PT
Jim Hart,1981,9,1981-11-01,False,STL,WAS,A,L,21,42,24,39,305,3,4,72.0,,0,0,0,0,,16.2,16.2,9287,False,sacked;fum_rec_td,PFR+RULE2PT
Jim Hart,1981,10,1981-11-08,False,STL,PHI,H,L,10,52,14,26,199,1,1,75.6,,0,0,0,0,,9.96,9.96,9287,False,sacked;fum_rec_td,PFR+RULE2PT
Jim Hart,1981,15,1981-12-13,False,STL,NYG,H,L,10,20,0,1,0,0,1,0.0,,0,0,0,0,,-2.0,-2.0,9287,False,sacked;fum_rec_td,PFR+RULE2PT
Jim Hart,1982,3,1982-11-21,False,STL,SFO,H,L,20,31,8,11,72,0,0,90.0,0,0,0,0,0,,2.88,2.88,9287,False,fum_rec_td,PFR+RULE2PT
Jim Hart,1982,6,1982-12-12,False,STL,WAS,H,L,7,12,7,12,91,1,0,110.1,0,0,0,0,0,,7.64,7.64,9287,False,fum_rec_td,PFR+RULE2PT
Jim Hart,1982,7,1982-12-19,False,STL,CHI,A,W,10,7,4,9,36,0,0,55.8,0,0,0,0,0,,1.44,1.44,9287,False,fum_rec_td,PFR+RULE2PT
Jim Hart,1982,8,1982-12-26,False,STL,NYG,H,W,24,21,0,1,0,0,0,39.6,0,0,0,0,0,,0.0,0.0,9287,False,fum_rec_td,PFR+RULE2PT
Jim Hart,1982,10,1983-01-08,True,STL,GNB,A,L,16,41,0,0,0,0,0,0,0,0,0,0,0,,0.0,0.0,9287,False,fum_rec_td,PFR+RULE2PT
Jim Hart,1983,1,1983-09-04,False,STL,NOR,A,L,17,28,11,20,141,1,1,73.1,3,2,13,0,0,,8.94,8.94,9287,False,fum_rec_td,PFR+RULE2PT
Jim Hart,1983,2,1983-09-11,False,STL,DAL,H,L,17,34,22,39,295,1,4,49.6,5,2,-1,0,0,,7.7,7.7,9287,False,fum_rec_td,PFR+RULE2PT
Jim Hart,1983,4,1983-09-25,False,STL,PHI,A,W,14,11,12,19,123,2,0,116.8,5,0,0,0,0,,12.92,12.92,9287,False,fum_rec_td,PFR+RULE2PT
Jim Hart,1983,5,1983-10-02,False,STL,KAN,A,L,14,38,5,13,33,0,3,7.1,0,1,0,0,0,,-4.68,-4.68,9287,False,fum_rec_td,PFR+RULE2PT
Jim Hart,1983,7,1983-10-16,False,STL,TAM,A,W,34,27,0,0,0,0,0,0,0,0,0,0,0,,0.0,0.0,9287,False,fum_rec_td,PFR+RULE2PT
Jim Hart,1984,6,1984-10-07,False,WAS,IND,A,W,35,7,1,2,7,0,0,58.3,0,2,-4,0,0,,-0.12,-0.12,9287,False,fum_rec_td,PFR+RULE2PT
Jim Hart,1984,9,1984-10-28,False,WAS,NYG,A,L,13,37,2,5,19,0,0,51.2,0,1,-2,0,0,,0.56,0.56,9287,False,fum_rec_td,PFR+RULE2PT
Phil Simms,1980,1,1980-09-07,False,NYG,STL,A,W,41,35,16,31,280,5,1,108.9,,4,3,0,0,,29.5,29.5,20297,False,sacked;fum_rec_td,PFR+RULE2PT
Phil Simms,1980,2,1980-09-14,False,NYG,WAS,H,L,21,23,12,29,174,2,3,45.0,,2,4,0,0,,9.36,9.36,20297,False,sacked;fum_rec_td,PFR+RULE2PT
Phil Simms,1980,3,1980-09-22,False,NYG,PHI,A,L,3,35,21,49,184,0,2,36.4,,3,22,0,0,,5.56,5.56,20297,False,sacked;fum_rec_td,PFR+RULE2PT
Phil Simms,1980,4,1980-09-28,False,NYG,RAM,H,L,7,28,9,22,118,0,1,39.6,,1,9,0,0,,3.62,3.62,20297,False,sacked;fum_rec_td,PFR+RULE2PT
Phil Simms,1980,5,1980-10-05,False,NYG,DAL,A,L,3,24,4,15,87,0,1,23.5,,2,20,0,0,,3.48,3.48,20297,False,sacked;fum_rec_td,PFR+RULE2PT
Phil Simms,1980,6,1980-10-12,False,NYG,PHI,H,L,16,31,14,33,91,1,2,34.8,,5,21,1,0,,11.74,11.74,20297,False,sacked;fum_rec_td,PFR+RULE2PT
Phil Simms,1980,7,1980-10-19,False,NYG,SDG,A,L,7,44,14,29,135,0,2,33.0,,4,21,0,0,,3.5,3.5,20297,False,sacked;fum_rec_td,PFR+RULE2PT
Phil Simms,1980,8,1980-10-26,False,NYG,DEN,H,L,9,14,19,36,200,0,1,57.6,,2,30,0,0,,9.0,9.0,20297,False,sacked;fum_rec_td,PFR+RULE2PT
Phil Simms,1980,9,1980-11-02,False,NYG,TAM,A,L,13,30,22,34,155,1,2,60.3,,1,1,0,0,,6.3,6.3,20297,False,sacked;fum_rec_td,PFR+RULE2PT
Phil Simms,1980,10,1980-11-09,False,NYG,DAL,H,W,38,35,18,33,351,3,1,109.5,,2,-4,0,0,,23.64,23.64,20297,False,sacked;fum_rec_td,PFR+RULE2PT
Phil Simms,1980,11,1980-11-16,False,NYG,GNB,H,W,27,21,17,33,322,3,0,116.0,,4,19,0,0,,26.78,26.78,20297,False,sacked;fum_rec_td,PFR+RULE2PT
Phil Simms,1980,12,1980-11-23,False,NYG,SFO,A,L,0,12,15,28,118,0,1,49.4,,2,15,0,0,,4.22,4.22,20297,False,sacked;fum_rec_td,PFR+RULE2PT
Phil Simms,1980,13,1980-11-30,False,NYG,STL,H,L,7,23,12,30,106,0,2,22.4,,4,29,0,0,,3.14,3.14,20297,False,sacked;fum_rec_td,PFR+RULE2PT
Phil Simms,1981,1,1981-09-06,False,NYG,PHI,H,L,10,24,20,37,241,1,0,83.3,,5,8,0,0,,14.44,14.44,20297,False,sacked;fum_rec_td,PFR+RULE2PT
Phil Simms,1981,2,1981-09-13,False,NYG,WAS,A,W,17,7,8,27,93,0,1,26.0,,1,-5,0,0,,1.22,1.22,20297,False,sacked;fum_rec_td,PFR+RULE2PT
Phil Simms,1981,3,1981-09-20,False,NYG,NOR,H,W,20,7,28,41,324,1,0,100.1,,4,0,0,0,,16.96,16.96,20297,False,sacked;fum_rec_td,PFR+RULE2PT
Phil Simms,1981,4,1981-09-27,False,NYG,DAL,A,L,10,18,18,35,285,1,3,52.7,,0,0,0,0,,9.4,9.4,20297,False,sacked;fum_rec_td,PFR+RULE2PT
Phil Simms,1981,5,1981-10-04,False,NYG,GNB,H,L,14,27,20,32,230,1,2,68.5,,2,1,0,0,,9.3,9.3,20297,False,sacked;fum_rec_td,PFR+RULE2PT
Phil Simms,1981,6,1981-10-11,False,NYG,STL,H,W,34,14,19,33,208,3,0,106.6,,2,24,0,0,,22.72,22.72,20297,False,sacked;fum_rec_td,PFR+RULE2PT
Phil Simms,1981,7,1981-10-18,False,NYG,SEA,A,W,32,0,12,27,103,1,1,51.9,,1,6,0,0,,6.72,6.72,20297,False,sacked;fum_rec_td,PFR+RULE2PT
Phil Simms,1981,8,1981-10-25,False,NYG,ATL,A,W,27,24,19,32,256,2,0,105.7,,4,8,0,0,,19.04,19.04,20297,False,sacked;fum_rec_td,PFR+RULE2PT
Phil Simms,1981,9,1981-11-01,False,NYG,NYJ,H,L,7,26,22,35,182,0,1,64.2,,0,0,0,0,,5.28,5.28,20297,False,sacked;fum_rec_td,PFR+RULE2PT
Phil Simms,1981,11,1981-11-15,False,NYG,WAS,H,L,27,30,6,17,109,1,1,53.3,,0,0,0,0,,6.36,6.36,20297,False,sacked;fum_rec_td,PFR+RULE2PT
Phil Simms,1983,3,1983-09-18,False,NYG,DAL,A,L,13,28,3,8,52,0,1,20.8,1,0,0,0,0,,0.08,0.08,20297,False,fum_rec_td,PFR+RULE2PT
Phil Simms,1983,6,1983-10-09,False,NYG,PHI,H,L,13,17,4,5,78,0,0,118.7,2,0,0,0,0,,3.12,3.12,20297,False,fum_rec_td,PFR+RULE2PT
Phil Simms,1984,1,1984-09-02,False,NYG,PHI,H,W,28,27,23,30,409,4,0,157.6,2,6,20,0,0,,34.36,34.36,20297,False,fum_rec_td,PFR+RULE2PT
Phil Simms,1984,2,1984-09-09,False,NYG,DAL,H,W,28,7,10,20,185,3,0,121.9,2,1,0,0,0,,19.4,19.4,20297,False,fum_rec_td,PFR+RULE2PT
Phil Simms,1984,3,1984-09-16,False,NYG,WAS,A,L,14,30,22,45,347,1,3,54.6,5,1,3,0,0,,12.18,12.18,20297,False,fum_rec_td,PFR+RULE2PT
Phil Simms,1984,4,1984-09-23,False,NYG,TAM,H,W,17,14,17,34,186,2,0,86.2,3,5,30,0,0,,18.44,18.44,20297,False,fum_rec_td,PFR+RULE2PT
Phil Simms,1984,5,1984-09-30,False,NYG,RAM,A,L,12,33,24,48,276,1,0,74.7,5,0,0,0,0,,15.04,15.04,20297,False,fum_rec_td,PFR+RULE2PT
Phil Simms,1984,6,1984-10-08,False,NYG,SFO,H,L,10,31,24,43,290,0,2,57.3,4,3,22,0,0,,11.1,12.1,20297,False,fum_rec_td,PFR+RULE2PT
Phil Simms,1984,7,1984-10-14,False,NYG,ATL,A,W,19,7,16,25,247,1,0,109.9,0,2,2,0,0,,14.08,14.08,20297,False,fum_rec_td,PFR+RULE2PT
Phil Simms,1984,8,1984-10-21,False,NYG,PHI,A,L,10,24,16,33,248,0,1,61.2,5,1,4,0,0,,8.32,8.32,20297,False,fum_rec_td,PFR+RULE2PT
Phil Simms,1984,9,1984-10-28,False,NYG,WAS,H,W,37,13,18,29,339,2,0,125.5,7,3,1,0,0,,21.66,21.66,20297,False,fum_rec_td,PFR+RULE2PT
Phil Simms,1984,10,1984-11-04,False,NYG,DAL,A,W,19,7,16,37,244,1,1,63.3,2,1,-2,0,0,,11.56,11.56,20297,False,fum_rec_td,PFR+RULE2PT
Phil Simms,1984,11,1984-11-11,False,NYG,TAM,A,L,17,20,21,33,198,2,1,87.7,2,6,9,0,0,,14.82,14.82,20297,False,fum_rec_td,PFR+RULE2PT
Phil Simms,1984,12,1984-11-18,False,NYG,STL,H,W,16,10,12,30,178,1,2,43.5,2,0,0,0,0,,7.12,7.12,20297,False,fum_rec_td,PFR+RULE2PT
Phil Simms,1984,13,1984-11-25,False,NYG,KAN,H,W,28,27,24,41,343,2,3,71.5,2,2,11,0,0,,16.82,16.82,20297,False,fum_rec_td,PFR+RULE2PT
Phil Simms,1984,14,1984-12-02,False,NYG,NYJ,A,W,20,10,18,28,252,0,1,78.3,4,4,21,0,0,,10.18,10.18,20297,False,fum_rec_td,PFR+RULE2PT
Phil Simms,1984,15,1984-12-09,False,NYG,STL,A,L,21,31,13,31,175,2,2,55.2,3,1,-2,0,0,,10.8,10.8,20297,False,fum_rec_td,PFR+RULE2PT
Phil Simms,1984,16,1984-12-15,False,NYG,NOR,H,L,3,10,12,26,127,0,2,28.8,7,6,43,0,0,,5.38,5.38,20297,False,fum_rec_td,PFR+RULE2PT
Phil Simms,1984,17,1984-12-23,True,NYG,RAM,A,W,16,13,22,31,179,0,0,85.3,4,4,-1,0,0,,7.06,7.06,20297,False,fum_rec_td,PFR+RULE2PT
Phil Simms,1984,18,1984-12-29,True,NYG,SFO,A,L,10,21,25,44,218,0,2,51.1,6,1,3,0,0,,5.02,5.02,20297,False,fum_rec_td,PFR+RULE2PT
Phil Simms,1985,1,1985-09-08,False,NYG,PHI,H,W,21,0,8,21,133,1,1,56.2,2,2,5,0,0,,7.82,7.82,20297,False,fum_rec_td,PFR+RULE2PT
Phil Simms,1985,2,1985-09-15,False,NYG,GNB,A,L,20,23,21,40,272,2,0,90.8,5,1,11,0,0,,19.98,19.98,20297,False,fum_rec_td,PFR+RULE2PT
Phil Simms,1985,3,1985-09-22,False,NYG,STL,H,W,27,17,10,23,167,3,1,90.0,1,5,-5,0,0,,16.18,16.18,20297,False,fum_rec_td,PFR+RULE2PT
Phil Simms,1985,4,1985-09-29,False,NYG,PHI,A,W,16,10,14,27,228,1,1,77.4,4,7,37,0,0,,14.82,14.82,20297,False,fum_rec_td,PFR+RULE2PT
Phil Simms,1985,5,1985-10-06,False,NYG,DAL,H,L,29,30,18,36,432,3,2,98.4,4,1,0,0,0,,25.28,25.28,20297,False,fum_rec_td,PFR+RULE2PT
Phil Simms,1985,6,1985-10-13,False,NYG,CIN,A,L,30,35,40,62,513,1,2,82.3,7,2,5,0,0,,21.02,21.02,20297,False,fum_rec_td,PFR+RULE2PT
Phil Simms,1985,7,1985-10-20,False,NYG,WAS,H,W,17,3,17,26,196,1,3,61.2,1,2,31,0,0,,8.94,8.94,20297,False,fum_rec_td,PFR+RULE2PT
Phil Simms,1985,8,1985-10-27,False,NYG,NOR,A,W,21,13,18,28,159,1,0,91.2,1,6,4,0,0,,10.76,10.76,20297,False,fum_rec_td,PFR+RULE2PT
Phil Simms,1985,9,1985-11-03,False,NYG,TAM,H,W,22,20,18,31,204,0,0,77.9,4,2,1,0,0,,8.26,8.26,20297,False,fum_rec_td,PFR+RULE2PT
Phil Simms,1985,10,1985-11-10,False,NYG,RAM,H,W,24,19,16,30,239,1,2,63.1,2,3,9,0,0,,10.46,10.46,20297,False,fum_rec_td,PFR+RULE2PT
Phil Simms,1985,11,1985-11-18,False,NYG,WAS,A,L,21,23,9,18,138,0,1,52.5,4,1,8,0,0,,4.32,4.32,20297,False,fum_rec_td,PFR+RULE2PT
Phil Simms,1985,12,1985-11-24,False,NYG,STL,A,W,34,3,16,26,190,2,0,109.5,5,0,0,0,0,,15.6,15.6,20297,False,fum_rec_td,PFR+RULE2PT
Phil Simms,1985,13,1985-12-01,False,NYG,CLE,H,L,33,35,23,37,289,1,2,72.9,4,3,29,0,0,,14.46,14.46,20297,False,fum_rec_td,PFR+RULE2PT
Phil Simms,1985,14,1985-12-08,False,NYG,HOU,A,W,35,14,13,24,234,2,1,98.3,0,0,0,0,0,,15.36,15.36,20297,False,fum_rec_td,PFR+RULE2PT
Phil Simms,1985,15,1985-12-15,False,NYG,DAL,A,L,21,28,24,50,329,2,3,57.8,5,0,0,0,0,,15.16,15.16,20297,False,fum_rec_td,PFR+RULE2PT
Phil Simms,1985,16,1985-12-21,False,NYG,PIT,H,W,28,10,10,16,106,1,1,76.6,3,2,-3,0,0,,5.94,5.94,20297,False,fum_rec_td,PFR+RULE2PT
Phil Simms,1985,17,1985-12-29,True,NYG,SFO,H,W,17,3,15,31,181,2,1,74.8,0,5,-5,0,0,,12.74,12.74,20297,False,fum_rec_td,PFR+RULE2PT
Phil Simms,1985,18,1986-01-05,True,NYG,CHI,A,L,0,21,14,35,209,0,0,60.3,6,0,0,0,0,,8.36,8.36,20297,False,fum_rec_td,PFR+RULE2PT
Phil Simms,1986,1,1986-09-08,False,NYG,DAL,A,L,28,31,22,45,300,3,1,83.6,4,2,10,0,0,,23.0,23.0,20297,False,fum_rec_td,PFR+RULE2PT
Phil Simms,1986,2,1986-09-14,False,NYG,SDG,H,W,20,7,18,37,300,1,1,74.2,4,3,-7,0,0,,13.3,13.3,20297,False,fum_rec_td,PFR+RULE2PT
Phil Simms,1986,3,1986-09-21,False,NYG,RAI,A,W,14,9,18,30,239,2,2,79.7,4,1,-2,0,0,,13.36,13.36,20297,False,fum_rec_td,PFR+RULE2PT
Phil Simms,1986,4,1986-09-28,False,NYG,NOR,H,W,20,17,24,41,286,2,3,65.7,2,4,28,0,0,,16.24,16.24,20297,False,fum_rec_td,PFR+RULE2PT
Phil Simms,1986,5,1986-10-05,False,NYG,STL,A,W,13,6,8,24,104,0,0,47.9,3,4,-8,0,0,,3.36,3.36,20297,False,fum_rec_td,PFR+RULE2PT
Phil Simms,1986,6,1986-10-12,False,NYG,PHI,H,W,35,3,20,29,214,2,0,113.3,2,2,4,1,0,,22.96,22.96,20297,False,fum_rec_td,PFR+RULE2PT
Phil Simms,1986,7,1986-10-19,False,NYG,SEA,A,L,12,17,14,25,190,1,4,54.2,6,0,0,0,0,,3.6,3.6,20297,False,fum_rec_td,PFR+RULE2PT
Phil Simms,1986,8,1986-10-27,False,NYG,WAS,H,W,27,20,20,30,219,1,0,99.2,3,1,-2,0,0,,12.56,12.56,20297,False,fum_rec_td,PFR+RULE2PT
Phil Simms,1986,9,1986-11-02,False,NYG,DAL,H,W,17,14,6,18,67,0,1,22.2,3,2,-4,0,0,,0.28,0.28,20297,False,fum_rec_td,PFR+RULE2PT
Phil Simms,1986,10,1986-11-09,False,NYG,PHI,A,W,17,14,8,18,130,0,2,29.6,3,5,10,0,0,,2.2,2.2,20297,False,fum_rec_td,PFR+RULE2PT
Phil Simms,1986,11,1986-11-16,False,NYG,MIN,A,W,22,20,25,38,310,1,2,77.7,2,3,18,0,0,,14.2,14.2,20297,False,fum_rec_td,PFR+RULE2PT
Phil Simms,1986,12,1986-11-23,False,NYG,DEN,H,W,19,16,11,20,148,0,0,78.7,3,5,20,0,0,,7.92,7.92,20297,False,fum_rec_td,PFR+RULE2PT
Phil Simms,1986,13,1986-12-01,False,NYG,SFO,A,W,21,17,27,38,388,2,2,99.5,1,3,-3,0,0,,19.22,19.22,20297,False,fum_rec_td,PFR+RULE2PT
Phil Simms,1986,14,1986-12-07,False,NYG,WAS,A,W,24,14,15,29,265,3,2,89.0,1,4,-2,0,0,,18.4,18.4,20297,False,fum_rec_td,PFR+RULE2PT
Phil Simms,1986,15,1986-12-14,False,NYG,STL,H,W,27,7,5,21,82,0,0,43.4,2,4,10,0,0,,4.28,4.28,20297,False,fum_rec_td,PFR+RULE2PT
Phil Simms,1986,16,1986-12-20,False,NYG,GNB,H,W,55,24,18,25,245,3,2,109.2,2,0,0,0,0,,17.8,17.8,20297,False,fum_rec_td,PFR+RULE2PT
Phil Simms,1986,17,1987-01-04,True,NYG,SFO,H,W,49,3,9,19,136,4,0,111.0,1,1,15,0,0,,22.94,22.94,20297,False,fum_rec_td,PFR+RULE2PT
Phil Simms,1986,18,1987-01-11,True,NYG,WAS,H,W,17,0,7,14,90,1,0,94.3,1,7,-2,0,0,,7.4,7.4,20297,False,fum_rec_td,PFR+RULE2PT
Phil Simms,1986,19,1987-01-25,True,NYG,DEN,N,W,39,20,22,25,268,3,0,150.9,1,3,25,0,0,,25.22,25.22,20297,False,fum_rec_td,PFR+RULE2PT
Phil Simms,1987,1,1987-09-14,False,NYG,CHI,A,L,19,34,15,28,181,1,0,85.6,8,0,0,0,0,,11.24,11.24,20297,False,fum_rec_td,PFR+RULE2PT
Phil Simms,1987,2,1987-09-20,False,NYG,DAL,H,L,14,16,17,36,219,2,4,45.7,2,1,2,0,0,,8.96,8.96,20297,False,fum_rec_td,PFR+RULE2PT
Phil Simms,1987,6,1987-10-25,False,NYG,STL,H,W,30,7,17,21,253,3,0,156.4,3,2,-3,0,0,,21.82,21.82,20297,False,fum_rec_td,PFR+RULE2PT
Phil Simms,1987,7,1987-11-02,False,NYG,DAL,A,L,24,33,15,21,240,2,2,101.4,5,3,15,0,0,,15.1,15.1,20297,False,fum_rec_td,PFR+RULE2PT
Phil Simms,1987,11,1987-11-29,False,NYG,WAS,A,L,19,23,12,29,236,1,1,67.6,5,2,27,0,0,,14.14,14.14,20297,False,fum_rec_td,PFR+RULE2PT
Phil Simms,1987,12,1987-12-06,False,NYG,PHI,H,W,23,20,16,34,245,2,1,78.7,4,4,5,0,0,,16.3,16.3,20297,False,fum_rec_td,PFR+RULE2PT
Phil Simms,1987,13,1987-12-13,False,NYG,STL,A,L,24,27,30,48,359,2,1,90.5,4,0,0,0,0,,20.36,20.36,20297,False,fum_rec_td,PFR+RULE2PT
Phil Simms,1987,14,1987-12-19,False,NYG,GNB,H,W,20,10,21,26,233,2,0,129.6,4,0,0,0,0,,17.32,17.32,20297,False,fum_rec_td,PFR+RULE2PT
Phil Simms,1987,15,1987-12-27,False,NYG,NYJ,H,W,20,7,20,39,264,2,0,90.1,0,2,-2,0,0,,18.36,18.36,20297,False,fum_rec_td,PFR+RULE2PT
Phil Simms,1988,1,1988-09-05,False,NYG,WAS,H,W,27,20,19,37,195,0,0,66.8,4,3,17,0,0,,9.5,9.5,20297,False,fum_rec_td,PFR+RULE2PT
Phil Simms,1988,2,1988-09-11,False,NYG,SFO,H,L,17,20,21,37,227,2,0,93.0,3,2,14,0,0,,18.48,18.48,20297,False,fum_rec_td,PFR+RULE2PT
Phil Simms,1988,3,1988-09-18,False,NYG,DAL,A,W,12,10,13,25,187,1,2,56.6,4,2,0,0,0,,7.48,7.48,20297,False,fum_rec_td,PFR+RULE2PT
Phil Simms,1988,4,1988-09-25,False,NYG,RAM,H,L,31,45,29,49,309,2,1,82.8,4,1,13,0,0,,19.66,19.66,20297,False,fum_rec_td,PFR+RULE2PT
Phil Simms,1988,5,1988-10-02,False,NYG,WAS,A,W,24,23,17,31,233,1,1,76.4,5,3,2,0,0,,11.52,11.52,20297,False,fum_rec_td,PFR+RULE2PT
Phil Simms,1988,6,1988-10-10,False,NYG,PHI,A,L,13,24,19,39,324,1,1,75.2,3,1,-1,0,0,,14.86,14.86,20297,False,fum_rec_td,PFR+RULE2PT
Phil Simms,1988,7,1988-10-16,False,NYG,DET,H,W,30,10,23,32,320,2,0,124.5,5,1,1,0,0,,20.9,20.9,20297,False,fum_rec_td,PFR+RULE2PT
Phil Simms,1988,8,1988-10-23,False,NYG,ATL,A,W,23,16,17,27,252,0,3,53.9,4,2,16,0,0,,5.68,5.68,20297,False,fum_rec_td,PFR+RULE2PT
Phil Simms,1988,9,1988-10-30,False,NYG,DET,A,W,13,10,22,36,227,0,0,79.3,5,1,-3,0,0,,8.78,8.78,20297,False,fum_rec_td,PFR+RULE2PT
Phil Simms,1988,10,1988-11-06,False,NYG,DAL,H,W,29,21,11,25,165,2,1,76.2,2,5,1,0,0,,12.7,12.7,20297,False,fum_rec_td,PFR+RULE2PT
Phil Simms,1988,11,1988-11-13,False,NYG,PHO,A,L,17,24,20,45,195,1,0,64.6,1,2,16,0,0,,13.4,13.4,20297,False,fum_rec_td,PFR+RULE2PT
Phil Simms,1988,12,1988-11-20,False,NYG,PHI,H,L,17,23,17,28,253,2,1,99.3,1,4,19,0,0,,18.02,18.02,20297,False,fum_rec_td,PFR+RULE2PT
Phil Simms,1988,14,1988-12-04,False,NYG,PHO,H,W,44,7,11,20,149,2,0,112.3,3,1,1,0,0,,14.06,14.06,20297,False,fum_rec_td,PFR+RULE2PT
Phil Simms,1988,15,1988-12-11,False,NYG,KAN,H,W,28,12,6,15,93,2,1,73.1,1,1,-1,0,0,,9.62,9.62,20297,False,fum_rec_td,PFR+RULE2PT
Phil Simms,1988,16,1988-12-18,False,NYG,NYJ,A,L,21,27,18,33,230,3,0,106.9,8,4,57,0,0,,26.9,26.9,20297,False,fum_rec_td,PFR+RULE2PT
Phil Simms,1989,1,1989-09-11,False,NYG,WAS,A,W,27,24,11,19,255,2,2,97.9,4,2,22,0,0,,16.4,16.4,20297,False,fum_rec_td,PFR+RULE2PT
Phil Simms,1989,2,1989-09-17,False,NYG,DET,H,W,24,14,20,26,218,2,0,126.8,1,5,11,0,0,,17.82,17.82,20297,False,fum_rec_td,PFR+RULE2PT
Phil Simms,1989,3,1989-09-24,False,NYG,PHO,H,W,35,7,11,21,202,1,0,101.7,1,1,5,0,0,,12.58,12.58,20297,False,fum_rec_td,PFR+RULE2PT
Phil Simms,1989,4,1989-10-01,False,NYG,DAL,A,W,30,13,14,19,211,2,3,105.3,1,2,29,0,0,,13.34,13.34,20297,False,fum_rec_td,PFR+RULE2PT
Phil Simms,1989,5,1989-10-08,False,NYG,PHI,A,L,19,21,21,39,241,0,1,62.0,5,4,29,0,0,,10.54,10.54,20297,False,fum_rec_td,PFR+RULE2PT
Phil Simms,1989,6,1989-10-15,False,NYG,WAS,H,W,20,17,16,32,201,2,1,77.7,3,4,11,0,0,,15.14,15.14,20297,False,fum_rec_td,PFR+RULE2PT
Phil Simms,1989,7,1989-10-22,False,NYG,SDG,A,W,20,13,22,33,232,0,1,74.3,2,4,0,0,0,,7.28,7.28,20297,False,fum_rec_td,PFR+RULE2PT
Phil Simms,1989,8,1989-10-30,False,NYG,MIN,H,W,24,14,0,1,0,0,0,39.6,1,0,0,0,0,,0.0,0.0,20297,False,fum_rec_td,PFR+RULE2PT
Phil Simms,1989,10,1989-11-12,False,NYG,RAM,A,L,10,31,25,38,237,0,1,71.9,4,1,-1,0,0,,7.38,7.38,20297,False,fum_rec_td,PFR+RULE2PT
Phil Simms,1989,11,1989-11-19,False,NYG,SEA,H,W,15,3,17,26,194,1,0,100.5,1,2,-2,0,0,,11.56,11.56,20297,False,fum_rec_td,PFR+RULE2PT
Phil Simms,1989,12,1989-11-27,False,NYG,SFO,A,L,24,34,25,48,326,2,3,61.6,6,2,11,0,0,,16.14,16.14,20297,False,fum_rec_td,PFR+RULE2PT
Phil Simms,1989,13,1989-12-03,False,NYG,PHI,H,L,17,24,11,37,265,1,2,43.4,5,0,0,0,0,,10.6,10.6,20297,False,fum_rec_td,PFR+RULE2PT
Phil Simms,1989,14,1989-12-10,False,NYG,DEN,A,W,14,7,13,22,171,1,0,98.9,3,3,19,0,0,,12.74,12.74,20297,False,fum_rec_td,PFR+RULE2PT
Phil Simms,1989,15,1989-12-16,False,NYG,DAL,H,W,15,0,9,19,139,0,0,72.0,2,1,4,0,0,,5.96,5.96,20297,False,fum_rec_td,PFR+RULE2PT
Phil Simms,1989,16,1989-12-24,False,NYG,RAI,H,W,34,17,13,25,169,0,0,73.6,1,1,3,1,0,,13.06,13.06,20297,False,fum_rec_td,PFR+RULE2PT
Phil Simms,1989,17,1990-01-07,True,NYG,RAM,H,L,13,19,14,29,180,0,1,53.8,1,3,16,0,0,,6.8,6.8,20297,False,fum_rec_td,PFR+RULE2PT
Steve DeBerg,1980,1,1980-09-07,False,SFO,NOR,A,W,26,23,21,29,223,1,1,91.6,,0,0,0,0,,10.92,10.92,5396,False,sacked;fum_rec_td,PFR+RULE2PT
Steve DeBerg,1980,2,1980-09-14,False,SFO,STL,H,W,24,21,25,42,266,2,3,64.2,,1,0,0,0,,12.64,12.64,5396,False,sacked;fum_rec_td,PFR+RULE2PT
Steve DeBerg,1980,3,1980-09-21,False,SFO,NYJ,A,W,37,27,17,23,181,2,0,125.5,,2,-4,0,0,,14.84,14.84,5396,False,sacked;fum_rec_td,PFR+RULE2PT
Steve DeBerg,1980,4,1980-09-28,False,SFO,ATL,H,L,17,20,32,51,345,2,2,79.3,,0,0,0,0,,17.8,17.8,5396,False,sacked;fum_rec_td,PFR+RULE2PT
Steve DeBerg,1980,5,1980-10-05,False,SFO,RAM,A,L,26,48,7,16,101,1,2,46.1,,0,0,0,0,,4.04,4.04,5396,False,sacked;fum_rec_td,PFR+RULE2PT
Steve DeBerg,1980,6,1980-10-12,False,SFO,DAL,A,L,14,59,12,35,173,2,5,30.7,,1,7,0,0,,5.62,5.62,5396,False,sacked;fum_rec_td,PFR+RULE2PT
Steve DeBerg,1980,9,1980-11-02,False,SFO,DET,A,L,13,17,15,31,146,0,1,48.6,,0,0,0,0,,3.84,3.84,5396,False,sacked;fum_rec_td,PFR+RULE2PT
Steve DeBerg,1980,10,1980-11-09,False,SFO,GNB,A,L,16,23,18,35,265,1,1,74.1,,0,0,0,0,,12.6,12.6,5396,False,sacked;fum_rec_td,PFR+RULE2PT
Steve DeBerg,1980,11,1980-11-16,False,SFO,MIA,A,L,13,17,29,41,225,1,1,81.9,,2,1,0,0,,11.1,11.1,5396,False,sacked;fum_rec_td,PFR+RULE2PT
Steve DeBerg,1980,12,1980-11-23,False,SFO,NYG,H,W,12,0,7,12,65,0,0,73.3,,0,0,0,0,,2.6,2.6,5396,False,sacked;fum_rec_td,PFR+RULE2PT
Steve DeBerg,1980,13,1980-11-30,False,SFO,NWE,H,W,21,17,3,6,8,0,1,16.7,,0,0,0,0,,-1.68,-1.68,5396,False,sacked;fum_rec_td,PFR+RULE2PT
Steve DeBerg,1981,3,1981-09-20,False,DEN,BAL,H,W,28,10,4,5,50,0,0,108.3,,0,0,0,0,,2.0,2.0,5396,False,sacked;fum_rec_td,PFR+RULE2PT
Steve DeBerg,1981,4,1981-09-27,False,DEN,SDG,H,W,42,24,4,6,59,0,0,98.6,,0,0,0,0,,2.36,2.36,5396,False,sacked;fum_rec_td,PFR+RULE2PT
Steve DeBerg,1981,5,1981-10-04,False,DEN,OAK,A,W,17,0,1,1,24,0,0,118.7,,0,0,0,0,,0.96,0.96,5396,False,sacked;fum_rec_td,PFR+RULE2PT
Steve DeBerg,1981,6,1981-10-11,False,DEN,DET,H,W,27,21,0,0,0,0,0,0,,0,0,0,0,,0.0,0.0,5396,False,sacked;fum_rec_td,PFR+RULE2PT
Steve DeBerg,1981,7,1981-10-18,False,DEN,KAN,A,L,14,28,3,5,16,0,2,25.8,,0,0,0,0,,-3.36,-3.36,5396,False,sacked;fum_rec_td,PFR+RULE2PT
Steve DeBerg,1981,8,1981-10-25,False,DEN,BUF,A,L,7,9,0,0,0,0,0,0,,0,0,0,0,,0.0,0.0,5396,False,sacked;fum_rec_td,PFR+RULE2PT
Steve DeBerg,1981,9,1981-11-02,False,DEN,MIN,H,W,19,17,0,1,0,0,0,39.6,,0,0,0,0,,0.0,0.0,5396,False,sacked;fum_rec_td,PFR+RULE2PT
Steve DeBerg,1981,10,1981-11-08,False,DEN,CLE,H,W,23,20,0,0,0,0,0,0,,0,0,0,0,,0.0,0.0,5396,False,sacked;fum_rec_td,PFR+RULE2PT
Steve DeBerg,1981,11,1981-11-15,False,DEN,TAM,A,W,24,7,10,15,70,1,1,71.5,,3,10,0,0,,5.8,5.8,5396,False,sacked;fum_rec_td,PFR+RULE2PT
Steve DeBerg,1981,12,1981-11-22,False,DEN,CIN,A,L,21,38,21,34,305,2,2,86.0,,6,30,0,0,,19.2,19.2,5396,False,sacked;fum_rec_td,PFR+RULE2PT
Steve DeBerg,1981,13,1981-11-29,False,DEN,SDG,A,L,17,34,7,15,83,1,1,58.5,,0,0,0,0,,5.32,5.32,5396,False,sacked;fum_rec_td,PFR+RULE2PT
Steve DeBerg,1981,14,1981-12-06,False,DEN,KAN,H,W,16,13,0,0,0,0,0,0,,0,0,0,0,,0.0,0.0,5396,False,sacked;fum_rec_td,PFR+RULE2PT
Steve DeBerg,1981,15,1981-12-13,False,DEN,SEA,H,W,23,13,0,0,0,0,0,0,,0,0,0,0,,0.0,0.0,5396,False,sacked;fum_rec_td,PFR+RULE2PT
Steve DeBerg,1981,16,1981-12-20,False,DEN,CHI,A,L,24,35,14,26,190,2,0,103.0,,0,0,0,0,,15.6,15.6,5396,False,sacked;fum_rec_td,PFR+RULE2PT
Steve DeBerg,1982,1,1982-09-12,False,DEN,SDG,H,L,3,23,8,16,71,0,0,62.2,1,0,0,0,0,,2.84,2.84,5396,False,fum_rec_td,PFR+RULE2PT
Steve DeBerg,1982,2,1982-09-19,False,DEN,SFO,H,W,24,21,14,22,157,2,0,115.2,0,1,6,0,0,,14.88,14.88,5396,False,fum_rec_td,PFR+RULE2PT
Steve DeBerg,1982,3,1982-11-21,False,DEN,SEA,H,L,10,17,12,25,129,0,2,30.2,1,0,0,0,0,,1.16,1.16,5396,False,fum_rec_td,PFR+RULE2PT
Steve DeBerg,1982,4,1982-11-28,False,DEN,SDG,A,L,20,30,19,28,184,1,2,68.2,1,3,12,1,0,,14.56,14.56,5396,False,fum_rec_td,PFR+RULE2PT
Steve DeBerg,1982,5,1982-12-05,False,DEN,ATL,H,L,27,34,24,43,271,2,2,71.0,2,2,3,0,0,,15.14,15.14,5396,False,fum_rec_td,PFR+RULE2PT
Steve DeBerg,1982,6,1982-12-12,False,DEN,RAM,A,W,27,24,23,31,307,2,1,113.2,5,1,2,0,0,,18.48,18.48,5396,False,fum_rec_td,PFR+RULE2PT
Steve DeBerg,1982,7,1982-12-19,False,DEN,KAN,H,L,16,37,19,30,163,0,2,49.7,3,0,0,0,0,,2.52,2.52,5396,False,fum_rec_td,PFR+RULE2PT
Steve DeBerg,1982,8,1982-12-26,False,DEN,RAI,A,L,10,27,12,28,123,0,2,26.3,3,1,4,0,0,,1.32,1.32,5396,False,fum_rec_td,PFR+RULE2PT
Steve DeBerg,1982,9,1983-01-02,False,DEN,SEA,A,L,11,13,0,0,0,0,0,0,0,0,0,0,0,,0.0,0.0,5396,False,fum_rec_td,PFR+RULE2PT
Steve DeBerg,1983,1,1983-09-04,False,DEN,PIT,A,W,14,10,4,8,35,1,0,101.6,3,2,5,0,0,,5.9,5.9,5396,False,fum_rec_td,PFR+RULE2PT
Steve DeBerg,1983,2,1983-09-11,False,DEN,BAL,A,W,17,10,9,11,158,1,1,111.2,2,2,2,1,0,,14.52,14.52,5396,False,fum_rec_td,PFR+RULE2PT
Steve DeBerg,1983,3,1983-09-18,False,DEN,PHI,H,L,10,13,0,0,0,0,0,0,0,0,0,0,0,,0.0,0.0,5396,False,fum_rec_td,PFR+RULE2PT
Steve DeBerg,1983,4,1983-09-25,False,DEN,RAI,H,L,7,22,8,21,117,0,1,37.2,3,0,0,0,0,,2.68,2.68,5396,False,fum_rec_td,PFR+RULE2PT
Steve DeBerg,1983,5,1983-10-02,False,DEN,CHI,A,L,14,31,17,30,235,1,1,79.2,6,0,0,0,0,,11.4,11.4,5396,False,fum_rec_td,PFR+RULE2PT
Steve DeBerg,1983,6,1983-10-09,False,DEN,HOU,A,W,26,14,11,21,149,2,0,107.0,1,2,13,0,0,,15.26,15.26,5396,False,fum_rec_td,PFR+RULE2PT
Steve DeBerg,1983,7,1983-10-16,False,DEN,CIN,H,W,24,17,25,37,284,2,1,97.1,1,1,1,0,0,,17.46,17.46,5396,False,fum_rec_td,PFR+RULE2PT
Steve DeBerg,1983,8,1983-10-23,False,DEN,SDG,H,W,14,6,14,26,175,1,1,71.8,4,2,1,0,0,,9.1,9.1,5396,False,fum_rec_td,PFR+RULE2PT
Steve DeBerg,1983,9,1983-10-30,False,DEN,KAN,H,W,27,24,21,41,350,1,0,88.5,4,3,7,0,0,,18.7,18.7,5396,False,fum_rec_td,PFR+RULE2PT
Steve DeBerg,1983,10,1983-11-06,False,DEN,SEA,A,L,19,27,10,20,114,0,2,27.9,1,1,-1,0,0,,0.46,0.46,5396,False,fum_rec_td,PFR+RULE2PT
Steve DeBerg,1983,17,1983-12-24,True,DEN,SEA,A,L,7,31,14,19,131,1,1,87.8,2,0,0,0,0,,7.24,7.24,5396,False,fum_rec_td,PFR+RULE2PT
Steve DeBerg,1984,1,1984-09-02,False,TAM,CHI,A,L,14,34,5,10,96,1,2,77.5,2,0,0,0,0,,3.84,3.84,5396,False,fum_rec_td,PFR+RULE2PT
Steve DeBerg,1984,2,1984-09-09,False,TAM,NOR,A,L,13,17,0,0,0,0,0,0,0,1,3,0,0,,0.3,0.3,5396,False,fum_rec_td,PFR+RULE2PT
Steve DeBerg,1984,3,1984-09-16,False,TAM,DET,H,W,21,17,18,27,195,2,0,112.4,1,2,-2,0,0,,15.6,15.6,5396,False,fum_rec_td,PFR+RULE2PT
Steve DeBerg,1984,4,1984-09-23,False,TAM,NYG,A,L,14,17,18,31,229,0,1,67.8,5,0,0,0,0,,7.16,7.16,5396,False,fum_rec_td,PFR+RULE2PT
Steve DeBerg,1984,5,1984-09-30,False,TAM,GNB,H,W,30,27,21,40,246,0,3,40.2,3,3,7,1,0,,10.54,10.54,5396,False,fum_rec_td,PFR+RULE2PT
Steve DeBerg,1984,6,1984-10-07,False,TAM,MIN,H,W,35,31,16,29,212,2,0,101.5,0,2,-4,0,0,,16.08,16.08,5396,False,fum_rec_td,PFR+RULE2PT
Steve DeBerg,1984,7,1984-10-14,False,TAM,DET,A,L,7,13,25,29,272,1,0,117.2,1,5,23,0,0,,17.18,17.18,5396,False,fum_rec_td,PFR+RULE2PT
Steve DeBerg,1984,8,1984-10-21,False,TAM,CHI,H,L,9,44,24,39,288,1,1,82.0,6,2,1,0,0,,13.62,13.62,5396,False,fum_rec_td,PFR+RULE2PT
Steve DeBerg,1984,9,1984-10-28,False,TAM,KAN,A,L,20,24,29,54,280,2,3,57.6,4,2,4,0,0,,13.6,13.6,5396,False,fum_rec_td,PFR+RULE2PT
Steve DeBerg,1984,10,1984-11-04,False,TAM,MIN,A,L,24,27,17,36,198,1,1,62.0,2,2,7,0,0,,10.62,10.62,5396,False,fum_rec_td,PFR+RULE2PT
Steve DeBerg,1984,11,1984-11-11,False,TAM,NYG,H,W,20,17,16,28,238,1,2,67.3,2,2,-2,0,0,,9.32,9.32,5396,False,fum_rec_td,PFR+RULE2PT
Steve DeBerg,1984,12,1984-11-18,False,TAM,SFO,A,L,17,24,26,41,316,2,2,83.0,1,2,0,0,0,,16.64,16.64,5396,False,fum_rec_td,PFR+RULE2PT
Steve DeBerg,1984,13,1984-11-25,False,TAM,RAM,H,L,33,34,27,44,322,2,1,89.4,0,2,7,0,0,,19.58,19.58,5396,False,fum_rec_td,PFR+RULE2PT
Steve DeBerg,1984,14,1984-12-02,False,TAM,GNB,A,L,14,27,22,38,190,1,2,58.0,3,1,0,0,0,,7.6,7.6,5396,False,fum_rec_td,PFR+RULE2PT
Steve DeBerg,1984,15,1984-12-09,False,TAM,ATL,H,W,23,6,18,29,192,0,0,81.4,0,1,2,1,0,,13.88,13.88,5396,False,fum_rec_td,PFR+RULE2PT
Steve DeBerg,1984,16,1984-12-16,False,TAM,NYJ,H,W,41,21,26,34,280,3,0,129.5,5,1,13,0,0,,24.5,24.5,5396,False,fum_rec_td,PFR+RULE2PT
Steve DeBerg,1985,1,1985-09-08,False,TAM,CHI,A,L,28,38,13,21,160,3,2,85.4,2,2,0,0,0,,14.4,14.4,5396,False,fum_rec_td,PFR+RULE2PT
Steve DeBerg,1985,2,1985-09-15,False,TAM,MIN,H,L,16,31,26,38,237,1,2,71.9,1,1,2,0,0,,9.68,9.68,5396,False,fum_rec_td,PFR+RULE2PT
Steve DeBerg,1985,3,1985-09-22,False,TAM,NOR,A,L,13,20,22,44,252,1,2,56.2,4,0,0,0,0,,10.08,10.08,5396,False,fum_rec_td,PFR+RULE2PT
Steve DeBerg,1985,4,1985-09-29,False,TAM,DET,A,L,9,30,19,31,193,0,1,65.7,4,0,0,0,0,,5.72,5.72,5396,False,fum_rec_td,PFR+RULE2PT
Steve DeBerg,1985,5,1985-10-06,False,TAM,CHI,H,L,19,27,23,43,346,2,2,76.3,0,1,0,0,0,,17.84,17.84,5396,False,fum_rec_td,PFR+RULE2PT
Steve DeBerg,1985,6,1985-10-13,False,TAM,RAM,H,L,27,31,14,34,161,2,4,36.2,1,0,0,0,0,,6.44,6.44,5396,False,fum_rec_td,PFR+RULE2PT
Steve DeBerg,1985,7,1985-10-20,False,TAM,MIA,A,L,38,41,19,32,365,4,1,125.7,0,1,13,0,0,,29.9,29.9,5396,False,fum_rec_td,PFR+RULE2PT
Steve DeBerg,1985,8,1985-10-27,False,TAM,NWE,H,L,14,32,13,26,141,1,2,47.1,3,0,0,0,0,,5.64,5.64,5396,False,fum_rec_td,PFR+RULE2PT
Steve DeBerg,1985,9,1985-11-03,False,TAM,NYG,A,L,20,22,21,42,239,2,1,73.4,2,0,0,0,0,,15.56,15.56,5396,False,fum_rec_td,PFR+RULE2PT
Steve DeBerg,1985,10,1985-11-10,False,TAM,STL,H,W,16,0,11,27,196,1,1,63.2,1,2,4,0,0,,10.24,10.24,5396,False,fum_rec_td,PFR+RULE2PT
Steve DeBerg,1985,11,1985-11-17,False,TAM,NYJ,A,L,28,62,16,32,198,2,0,90.4,1,2,9,0,0,,16.82,16.82,5396,False,fum_rec_td,PFR+RULE2PT
Steve DeBerg,1986,1,1986-09-07,False,TAM,SFO,H,L,7,31,18,40,214,1,7,30.6,3,0,0,0,0,,-1.44,-1.44,5396,False,fum_rec_td,PFR+RULE2PT
Steve DeBerg,1986,2,1986-09-14,False,TAM,MIN,H,L,10,23,18,28,181,1,2,64.7,3,0,0,0,0,,7.24,7.24,5396,False,fum_rec_td,PFR+RULE2PT
Steve DeBerg,1986,3,1986-09-21,False,TAM,DET,A,W,24,20,0,0,0,0,0,0,0,0,0,0,0,,0.0,0.0,5396,False,fum_rec_td,PFR+RULE2PT
Steve DeBerg,1986,4,1986-09-28,False,TAM,ATL,H,L,20,23,0,0,0,0,0,0,0,0,0,0,0,,0.0,0.0,5396,False,fum_rec_td,PFR+RULE2PT
Steve DeBerg,1986,5,1986-10-05,False,TAM,RAM,A,L,20,26,0,0,0,0,0,0,0,0,0,0,0,,0.0,0.0,5396,False,fum_rec_td,PFR+RULE2PT
Steve DeBerg,1986,6,1986-10-12,False,TAM,STL,H,L,19,30,1,1,15,1,0,158.3,0,0,0,0,0,,4.6,4.6,5396,False,fum_rec_td,PFR+RULE2PT
Steve DeBerg,1986,7,1986-10-19,False,TAM,NOR,A,L,7,38,4,11,54,0,2,13.3,2,1,1,1,0,,4.26,4.26,5396,False,fum_rec_td,PFR+RULE2PT
Steve DeBerg,1986,8,1986-10-26,False,TAM,KAN,A,L,20,27,0,0,0,0,0,0,0,0,0,0,0,,0.0,0.0,5396,False,fum_rec_td,PFR+RULE2PT
Steve DeBerg,1986,9,1986-11-02,False,TAM,BUF,H,W,34,28,0,0,0,0,0,0,0,0,0,0,0,,0.0,0.0,5396,False,fum_rec_td,PFR+RULE2PT
Steve DeBerg,1986,10,1986-11-09,False,TAM,CHI,H,L,3,23,0,0,0,0,0,0,0,0,0,0,0,,0.0,0.0,5396,False,fum_rec_td,PFR+RULE2PT
Steve DeBerg,1986,11,1986-11-16,False,TAM,GNB,A,L,7,31,0,0,0,0,0,0,0,0,0,0,0,,0.0,0.0,5396,False,fum_rec_td,PFR+RULE2PT
Steve DeBerg,1986,12,1986-11-23,False,TAM,DET,H,L,17,38,0,0,0,0,0,0,0,0,0,0,0,,0.0,0.0,5396,False,fum_rec_td,PFR+RULE2PT
Steve DeBerg,1986,13,1986-11-30,False,TAM,MIN,A,L,13,45,5,6,75,1,0,158.3,1,1,0,0,0,,7.0,7.0,5396,False,fum_rec_td,PFR+RULE2PT
Steve DeBerg,1986,14,1986-12-07,False,TAM,CHI,A,L,14,48,0,0,0,0,0,0,0,0,0,0,0,,0.0,0.0,5396,False,fum_rec_td,PFR+RULE2PT
Steve DeBerg,1986,15,1986-12-14,False,TAM,GNB,H,L,7,21,4,10,71,1,1,58.7,0,0,0,0,0,,4.84,4.84,5396,False,fum_rec_td,PFR+RULE2PT
Steve DeBerg,1986,16,1986-12-21,False,TAM,STL,A,L,17,21,0,0,0,0,0,0,0,0,0,0,0,,0.0,0.0,5396,False,fum_rec_td,PFR+RULE2PT
Steve DeBerg,1987,1,1987-09-13,False,TAM,ATL,H,W,48,10,24,34,333,5,1,129.0,0,0,0,0,0,,31.32,31.32,5396,False,fum_rec_td,PFR+RULE2PT
Steve DeBerg,1987,2,1987-09-20,False,TAM,CHI,A,L,3,20,18,36,195,0,2,43.2,3,1,0,0,0,,3.8,3.8,5396,False,fum_rec_td,PFR+RULE2PT
Steve DeBerg,1987,6,1987-10-25,False,TAM,CHI,H,L,26,27,23,38,249,2,0,97.4,7,1,0,0,0,,17.96,17.96,5396,False,fum_rec_td,PFR+RULE2PT
Steve DeBerg,1987,7,1987-11-01,False,TAM,GNB,A,W,23,17,17,30,197,1,1,73.9,1,3,-6,0,0,,9.28,9.28,5396,False,fum_rec_td,PFR+RULE2PT
Steve DeBerg,1987,8,1987-11-08,False,TAM,STL,A,L,28,31,23,37,303,3,0,115.0,1,1,-1,0,0,,24.02,24.02,5396,False,fum_rec_td,PFR+RULE2PT
Steve DeBerg,1987,9,1987-11-15,False,TAM,MIN,A,L,17,23,22,37,284,2,1,90.4,4,1,-1,0,0,,17.26,17.26,5396,False,fum_rec_td,PFR+RULE2PT
Steve DeBerg,1987,10,1987-11-22,False,TAM,SFO,H,L,10,24,19,35,206,1,1,69.5,1,0,0,0,0,,10.24,10.24,5396,False,fum_rec_td,PFR+RULE2PT
Steve DeBerg,1987,11,1987-11-29,False,TAM,RAM,A,L,3,35,13,28,124,0,1,44.3,3,1,0,0,0,,2.96,2.96,5396,False,fum_rec_td,PFR+RULE2PT
Steve DeBerg,1987,12,1987-12-06,False,TAM,NOR,A,L,34,44,0,0,0,0,0,0,0,0,0,0,0,,0.0,0.0,5396,False,fum_rec_td,PFR+RULE2PT
Steve DeBerg,1987,13,1987-12-13,False,TAM,DET,H,L,10,20,0,0,0,0,0,0,0,0,0,0,0,,0.0,0.0,5396,False,fum_rec_td,PFR+RULE2PT
Steve DeBerg,1987,14,1987-12-20,False,TAM,STL,H,L,14,31,0,0,0,0,0,0,0,0,0,0,0,,0.0,0.0,5396,False,fum_rec_td,PFR+RULE2PT
Steve DeBerg,1987,15,1987-12-27,False,TAM,IND,A,L,6,24,0,0,0,0,0,0,0,0,0,0,0,,0.0,0.0,5396,False,fum_rec_td,PFR+RULE2PT
Steve DeBerg,1988,2,1988-09-11,False,KAN,SEA,A,L,10,31,22,38,244,1,3,53.0,3,0,0,0,0,,7.76,7.76,5396,False,fum_rec_td,PFR+RULE2PT
Steve DeBerg,1988,3,1988-09-18,False,KAN,DEN,H,W,20,13,21,35,259,2,0,102.0,1,2,8,0,0,,19.16,19.16,5396,False,fum_rec_td,PFR+RULE2PT
Steve DeBerg,1988,4,1988-09-25,False,KAN,SDG,H,L,23,24,20,38,261,3,1,89.9,3,2,2,0,0,,20.64,20.64,5396,False,fum_rec_td,PFR+RULE2PT
Steve DeBerg,1988,5,1988-10-02,False,KAN,NYJ,A,T,17,17,17,34,312,2,2,77.1,6,2,-1,0,0,,16.38,16.38,5396,False,fum_rec_td,PFR+RULE2PT
Steve DeBerg,1988,6,1988-10-09,False,KAN,HOU,A,L,6,7,15,30,163,0,2,38.6,5,0,0,0,0,,2.52,2.52,5396,False,fum_rec_td,PFR+RULE2PT
Steve DeBerg,1988,7,1988-10-16,False,KAN,RAI,H,L,17,27,16,30,269,2,2,78.3,4,0,0,0,0,,14.76,14.76,5396,False,fum_rec_td,PFR+RULE2PT
Steve DeBerg,1988,9,1988-10-30,False,KAN,RAI,A,L,10,17,4,8,33,0,0,60.9,1,0,0,0,0,,1.32,1.32,5396,False,fum_rec_td,PFR+RULE2PT
Steve DeBerg,1988,11,1988-11-13,False,KAN,CIN,H,W,31,28,22,37,285,1,0,92.7,1,3,2,0,0,,15.6,15.6,5396,False,fum_rec_td,PFR+RULE2PT
Steve DeBerg,1988,12,1988-11-20,False,KAN,SEA,H,W,27,24,16,26,203,0,2,53.8,0,4,18,1,0,,11.92,11.92,5396,False,fum_rec_td,PFR+RULE2PT
Steve DeBerg,1988,13,1988-11-27,False,KAN,PIT,A,L,10,16,23,42,278,1,1,73.3,0,1,0,0,0,,13.12,13.12,5396,False,fum_rec_td,PFR+RULE2PT
Steve DeBerg,1988,14,1988-12-04,False,KAN,NYJ,H,W,38,34,16,25,267,3,1,122.8,0,3,0,0,0,,20.68,20.68,5396,False,fum_rec_td,PFR+RULE2PT
Steve DeBerg,1988,15,1988-12-11,False,KAN,NYG,A,L,12,28,15,35,174,0,0,58.5,3,1,1,0,0,,7.06,7.06,5396,False,fum_rec_td,PFR+RULE2PT
Steve DeBerg,1988,16,1988-12-18,False,KAN,SDG,A,L,13,24,17,36,187,1,2,49.2,3,0,0,0,0,,7.48,7.48,5396,False,fum_rec_td,PFR+RULE2PT
Steve DeBerg,1989,1,1989-09-10,False,KAN,DEN,A,L,20,34,21,34,250,1,2,69.5,2,1,-11,0,0,,8.9,8.9,5396,False,fum_rec_td,PFR+RULE2PT
Steve DeBerg,1989,2,1989-09-17,False,KAN,RAI,H,W,24,19,12,18,171,1,1,92.6,0,3,-6,0,0,,8.24,8.24,5396,False,fum_rec_td,PFR+RULE2PT
Steve DeBerg,1989,3,1989-09-24,False,KAN,SDG,A,L,6,21,16,28,177,0,5,36.5,3,0,0,0,0,,-2.92,-2.92,5396,False,fum_rec_td,PFR+RULE2PT
Steve DeBerg,1989,6,1989-10-15,False,KAN,RAI,A,L,14,20,13,18,109,1,0,106.0,0,0,0,0,0,,8.36,8.36,5396,False,fum_rec_td,PFR+RULE2PT
Steve DeBerg,1989,7,1989-10-22,False,KAN,DAL,H,W,36,28,17,22,237,0,0,111.4,1,1,-2,0,0,,9.28,9.28,5396,False,fum_rec_td,PFR+RULE2PT
Steve DeBerg,1989,8,1989-10-29,False,KAN,PIT,A,L,17,23,24,36,338,1,2,82.9,2,2,3,0,0,,13.82,13.82,5396,False,fum_rec_td,PFR+RULE2PT
Steve DeBerg,1989,11,1989-11-19,False,KAN,CLE,A,T,10,10,17,40,209,0,2,38.4,3,1,15,0,0,,5.86,5.86,5396,False,fum_rec_td,PFR+RULE2PT
Steve DeBerg,1989,12,1989-11-26,False,KAN,HOU,H,W,34,0,15,25,224,1,0,102.7,0,1,-3,0,0,,12.66,12.66,5396,False,fum_rec_td,PFR+RULE2PT
Steve DeBerg,1989,13,1989-12-03,False,KAN,MIA,H,W,26,21,15,25,239,2,1,101.9,0,2,-2,0,0,,15.36,15.36,5396,False,fum_rec_td,PFR+RULE2PT
Steve DeBerg,1989,14,1989-12-10,False,KAN,GNB,A,W,21,3,15,19,203,2,0,146.3,0,0,0,0,0,,16.12,16.12,5396,False,fum_rec_td,PFR+RULE2PT
Steve DeBerg,1989,15,1989-12-17,False,KAN,SDG,H,L,13,20,14,33,142,1,2,40.2,2,1,-1,0,0,,5.58,5.58,5396,False,fum_rec_td,PFR+RULE2PT
Steve DeBerg,1989,16,1989-12-24,False,KAN,MIA,A,W,27,24,17,26,230,1,1,90.2,1,2,-1,0,0,,11.1,11.1,5396,False,fum_rec_td,PFR+RULE2PT
Vinny Testaverde,1987,2,1987-09-20,False,TAM,CHI,A,L,3,20,1,4,14,0,0,41.7,1,0,0,0,0,,0.56,0.56,21967,False,fum_rec_td,PFR+RULE2PT
Vinny Testaverde,1987,11,1987-11-29,False,TAM,RAM,A,L,3,35,4,6,33,0,1,41.0,1,1,0,0,0,,-0.68,-0.68,21967,False,fum_rec_td,PFR+RULE2PT
Vinny Testaverde,1987,12,1987-12-06,False,TAM,NOR,A,L,34,44,22,47,369,2,2,70.3,3,5,19,1,0,,26.66,26.66,21967,False,fum_rec_td,PFR+RULE2PT
Vinny Testaverde,1987,13,1987-12-13,False,TAM,DET,H,L,10,20,20,39,262,1,1,70.7,4,1,0,0,0,,12.48,12.48,21967,False,fum_rec_td,PFR+RULE2PT
Vinny Testaverde,1987,14,1987-12-20,False,TAM,STL,H,L,14,31,16,38,240,2,2,59.1,6,2,19,0,0,,15.5,15.5,21967,False,fum_rec_td,PFR+RULE2PT
Vinny Testaverde,1987,15,1987-12-27,False,TAM,IND,A,L,6,24,8,31,163,0,0,49.0,3,4,12,0,0,,7.72,7.72,21967,False,fum_rec_td,PFR+RULE2PT
Vinny Testaverde,1988,1,1988-09-04,False,TAM,PHI,H,L,14,41,21,45,324,2,5,46.2,1,3,9,0,0,,11.86,11.86,21967,False,fum_rec_td,PFR+RULE2PT
Vinny Testaverde,1988,2,1988-09-11,False,TAM,GNB,A,W,13,10,11,24,135,0,0,63.7,3,2,9,0,0,,6.3,6.3,21967,False,fum_rec_td,PFR+RULE2PT
Vinny Testaverde,1988,3,1988-09-18,False,TAM,PHO,H,L,24,30,16,28,211,1,2,63.2,4,2,0,0,0,,8.44,8.44,21967,False,fum_rec_td,PFR+RULE2PT
Vinny Testaverde,1988,4,1988-09-25,False,TAM,NOR,A,L,9,13,14,33,230,0,1,53.9,4,0,0,0,0,,7.2,7.2,21967,False,fum_rec_td,PFR+RULE2PT
Vinny Testaverde,1988,5,1988-10-02,False,TAM,GNB,H,W,27,24,20,37,300,1,4,50.3,2,2,2,0,0,,8.2,8.2,21967,False,fum_rec_td,PFR+RULE2PT
Vinny Testaverde,1988,6,1988-10-09,False,TAM,MIN,A,L,13,14,12,25,170,1,2,50.4,1,0,0,0,0,,6.8,6.8,21967,False,fum_rec_td,PFR+RULE2PT
Vinny Testaverde,1988,7,1988-10-16,False,TAM,IND,A,L,31,35,25,42,469,2,2,94.2,3,1,-1,0,0,,22.66,22.66,21967,False,fum_rec_td,PFR+RULE2PT
Vinny Testaverde,1988,8,1988-10-23,False,TAM,MIN,H,L,20,49,19,45,223,1,6,25.7,1,0,0,0,0,,0.92,0.92,21967,False,fum_rec_td,PFR+RULE2PT
Vinny Testaverde,1988,10,1988-11-06,False,TAM,CHI,A,L,10,28,22,52,305,1,2,52.2,2,0,0,0,0,,12.2,12.2,21967,False,fum_rec_td,PFR+RULE2PT
Vinny Testaverde,1988,11,1988-11-13,False,TAM,DET,A,W,23,20,9,13,107,0,2,54.5,2,1,-1,0,0,,0.18,0.18,21967,False,fum_rec_td,PFR+RULE2PT
Vinny Testaverde,1988,12,1988-11-20,False,TAM,CHI,H,L,15,27,7,22,86,0,2,7.0,1,5,55,0,0,,4.94,4.94,21967,False,fum_rec_td,PFR+RULE2PT
Vinny Testaverde,1988,13,1988-11-27,False,TAM,ATL,A,L,10,17,12,29,190,0,3,24.3,1,5,58,0,0,,7.4,7.4,21967,False,fum_rec_td,PFR+RULE2PT
Vinny Testaverde,1988,14,1988-12-04,False,TAM,BUF,H,W,10,5,12,29,156,0,0,59.0,2,5,8,1,0,,13.04,13.04,21967,False,fum_rec_td,PFR+RULE2PT
Vinny Testaverde,1988,15,1988-12-11,False,TAM,NWE,A,L,7,10,10,19,145,1,1,73.4,2,1,0,0,0,,7.8,7.8,21967,False,fum_rec_td,PFR+RULE2PT
Vinny Testaverde,1988,16,1988-12-18,False,TAM,DET,H,W,21,10,12,23,189,3,3,79.8,4,1,-1,0,0,,13.46,13.46,21967,False,fum_rec_td,PFR+RULE2PT
Vinny Testaverde,1989,1,1989-09-10,False,TAM,GNB,A,W,23,21,22,27,205,1,0,110.6,0,2,14,0,0,,13.6,13.6,21967,False,fum_rec_td,PFR+RULE2PT
Vinny Testaverde,1989,2,1989-09-17,False,TAM,SFO,H,L,16,20,14,35,146,1,2,38.5,2,5,28,0,0,,8.64,8.64,21967,False,fum_rec_td,PFR+RULE2PT
Vinny Testaverde,1989,3,1989-09-24,False,TAM,NOR,H,W,20,10,15,26,227,1,1,83.3,1,4,-3,0,0,,10.78,10.78,21967,False,fum_rec_td,PFR+RULE2PT
Vinny Testaverde,1989,4,1989-10-01,False,TAM,MIN,A,L,3,17,6,23,82,0,0,41.9,2,1,6,0,0,,3.88,3.88,21967,False,fum_rec_td,PFR+RULE2PT
Vinny Testaverde,1989,5,1989-10-08,False,TAM,CHI,H,W,42,35,22,36,269,3,2,88.8,2,2,18,0,0,,20.56,20.56,21967,False,fum_rec_td,PFR+RULE2PT
Vinny Testaverde,1989,7,1989-10-22,False,TAM,WAS,A,L,28,32,19,38,311,3,2,82.2,2,0,0,0,0,,20.44,20.44,21967,False,fum_rec_td,PFR+RULE2PT
Vinny Testaverde,1989,8,1989-10-29,False,TAM,CIN,A,L,23,56,23,39,336,3,3,80.7,0,1,1,0,0,,19.54,19.54,21967,False,fum_rec_td,PFR+RULE2PT
Vinny Testaverde,1989,9,1989-11-05,False,TAM,CLE,H,L,31,42,27,50,370,2,4,57.9,2,0,0,0,0,,14.8,14.8,21967,False,fum_rec_td,PFR+RULE2PT
Vinny Testaverde,1989,10,1989-11-12,False,TAM,MIN,H,L,10,24,18,28,165,1,0,92.1,7,2,20,0,0,,12.6,12.6,21967,False,fum_rec_td,PFR+RULE2PT
Vinny Testaverde,1989,11,1989-11-19,False,TAM,CHI,A,W,32,31,19,41,288,1,0,78.1,4,0,0,0,0,,15.52,15.52,21967,False,fum_rec_td,PFR+RULE2PT
Vinny Testaverde,1989,12,1989-11-26,False,TAM,PHO,A,W,14,13,19,42,200,2,1,65.6,5,3,11,0,0,,15.1,15.1,21967,False,fum_rec_td,PFR+RULE2PT
Vinny Testaverde,1989,13,1989-12-03,False,TAM,GNB,H,L,16,17,19,39,188,0,5,23.2,4,0,0,0,0,,-2.48,-2.48,21967,False,fum_rec_td,PFR+RULE2PT
Vinny Testaverde,1989,14,1989-12-10,False,TAM,HOU,A,L,17,20,31,48,328,2,1,89.6,4,3,28,0,0,,21.92,21.92,21967,False,fum_rec_td,PFR+RULE2PT
Vinny Testaverde,1989,15,1989-12-17,False,TAM,DET,A,L,7,33,4,8,18,0,1,16.7,3,2,16,0,0,,0.32,0.32,21967,False,fum_rec_td,PFR+RULE2PT
Joe Ferguson,1980,1,1980-09-07,False,BUF,MIA,H,W,17,7,20,32,198,1,5,50.8,,4,16,0,0,,3.52,3.52,6827,False,sacked;fum_rec_td,PFR+RULE2PT
Joe Ferguson,1980,2,1980-09-14,False,BUF,NYJ,H,W,20,10,18,29,207,0,0,83.5,,3,10,0,0,,9.28,9.28,6827,False,sacked;fum_rec_td,PFR+RULE2PT
Joe Ferguson,1980,3,1980-09-21,False,BUF,NOR,A,W,35,26,22,31,295,3,2,106.2,,3,-2,0,0,,19.6,19.6,6827,False,sacked;fum_rec_td,PFR+RULE2PT
Joe Ferguson,1980,4,1980-09-28,False,BUF,OAK,H,W,24,7,17,22,175,1,1,95.8,,3,8,0,0,,9.8,9.8,6827,False,sacked;fum_rec_td,PFR+RULE2PT
Joe Ferguson,1980,5,1980-10-05,False,BUF,SDG,A,W,26,24,14,28,129,1,0,74.9,,2,-5,0,0,,8.66,8.66,6827,False,sacked;fum_rec_td,PFR+RULE2PT
Joe Ferguson,1980,6,1980-10-12,False,BUF,BAL,H,L,12,17,17,36,210,0,1,54.2,,1,8,0,0,,7.2,7.2,6827,False,sacked;fum_rec_td,PFR+RULE2PT
Joe Ferguson,1980,7,1980-10-19,False,BUF,MIA,A,L,14,17,24,42,221,1,0,79.6,,2,8,0,0,,13.64,13.64,6827,False,sacked;fum_rec_td,PFR+RULE2PT
Joe Ferguson,1980,8,1980-10-26,False,BUF,NWE,H,W,31,13,12,28,176,2,2,58.0,,1,-2,0,0,,10.84,10.84,6827,False,sacked;fum_rec_td,PFR+RULE2PT
Joe Ferguson,1980,9,1980-11-02,False,BUF,ATL,H,L,14,30,20,37,270,1,3,52.8,,3,2,0,0,,9.0,9.0,6827,False,sacked;fum_rec_td,PFR+RULE2PT
Joe Ferguson,1980,10,1980-11-09,False,BUF,NYJ,A,W,31,24,16,28,140,3,0,106.2,,2,13,0,0,,18.9,18.9,6827,False,sacked;fum_rec_td,PFR+RULE2PT
Joe Ferguson,1980,11,1980-11-16,False,BUF,CIN,A,W,14,0,15,24,169,1,2,62.7,,2,-3,0,0,,6.46,6.46,6827,False,sacked;fum_rec_td,PFR+RULE2PT
Joe Ferguson,1980,12,1980-11-23,False,BUF,PIT,H,W,28,13,16,28,212,3,1,102.1,,2,2,0,0,,18.68,18.68,6827,False,sacked;fum_rec_td,PFR+RULE2PT
Joe Ferguson,1980,13,1980-11-30,False,BUF,BAL,A,L,24,28,16,27,151,2,1,84.0,,1,2,0,0,,12.24,12.24,6827,False,sacked;fum_rec_td,PFR+RULE2PT
Joe Ferguson,1980,14,1980-12-07,False,BUF,RAM,H,W,10,7,10,25,138,0,0,58.4,,1,8,0,0,,6.32,6.32,6827,False,sacked;fum_rec_td,PFR+RULE2PT
Joe Ferguson,1980,15,1980-12-14,False,BUF,NWE,A,L,2,24,2,2,12,0,0,91.7,,0,0,0,0,,0.48,0.48,6827,False,sacked;fum_rec_td,PFR+RULE2PT
Joe Ferguson,1980,16,1980-12-21,False,BUF,SFO,A,W,18,13,12,20,102,1,0,90.0,,1,0,0,0,,8.08,8.08,6827,False,sacked;fum_rec_td,PFR+RULE2PT
Joe Ferguson,1980,17,1981-01-03,True,BUF,SDG,A,L,14,20,15,29,180,1,3,43.0,,0,0,0,0,,5.2,5.2,6827,False,sacked;fum_rec_td,PFR+RULE2PT
Joe Ferguson,1981,1,1981-09-06,False,BUF,NYJ,H,W,31,0,15,24,254,2,1,108.7,,0,0,0,0,,16.16,16.16,6827,False,sacked;fum_rec_td,PFR+RULE2PT
Joe Ferguson,1981,2,1981-09-13,False,BUF,BAL,A,W,35,3,16,28,261,4,1,113.2,,1,9,0,0,,25.34,25.34,6827,False,sacked;fum_rec_td,PFR+RULE2PT
Joe Ferguson,1981,3,1981-09-17,False,BUF,PHI,H,L,14,20,14,30,187,1,2,50.3,,1,-1,0,0,,7.38,7.38,6827,False,sacked;fum_rec_td,PFR+RULE2PT
Joe Ferguson,1981,4,1981-09-27,False,BUF,CIN,A,L,24,27,25,45,287,3,0,97.2,,0,0,0,0,,23.48,23.48,6827,False,sacked;fum_rec_td,PFR+RULE2PT
Joe Ferguson,1981,5,1981-10-04,False,BUF,BAL,H,W,23,17,14,29,148,1,1,60.7,,1,-1,0,0,,7.82,7.82,6827,False,sacked;fum_rec_td,PFR+RULE2PT
Joe Ferguson,1981,6,1981-10-12,False,BUF,MIA,H,W,31,21,20,29,338,3,0,142.6,,1,-2,0,0,,25.32,25.32,6827,False,sacked;fum_rec_td,PFR+RULE2PT
Joe Ferguson,1981,7,1981-10-18,False,BUF,NYJ,A,L,14,33,15,34,250,2,2,64.6,,1,-2,0,0,,13.8,13.8,6827,False,sacked;fum_rec_td,PFR+RULE2PT
Joe Ferguson,1981,8,1981-10-25,False,BUF,DEN,H,W,9,7,21,42,223,0,1,56.0,,0,0,0,0,,6.92,6.92,6827,False,sacked;fum_rec_td,PFR+RULE2PT
Joe Ferguson,1981,9,1981-11-01,False,BUF,CLE,H,W,22,13,14,30,297,3,1,101.7,,1,-1,0,0,,21.78,21.78,6827,False,sacked;fum_rec_td,PFR+RULE2PT
Joe Ferguson,1981,10,1981-11-09,False,BUF,DAL,A,L,14,27,19,42,301,1,4,38.0,,1,-3,0,0,,7.74,7.74,6827,False,sacked;fum_rec_td,PFR+RULE2PT
Joe Ferguson,1981,11,1981-11-15,False,BUF,STL,A,L,0,24,21,37,233,0,4,36.0,,1,13,0,0,,2.62,2.62,6827,False,sacked;fum_rec_td,PFR+RULE2PT
Joe Ferguson,1981,12,1981-11-22,False,BUF,NWE,H,W,20,17,15,34,258,2,1,77.8,,1,16,0,0,,17.92,17.92,6827,False,sacked;fum_rec_td,PFR+RULE2PT
Joe Ferguson,1981,13,1981-11-29,False,BUF,WAS,H,W,21,14,6,18,76,1,0,66.0,,4,0,0,0,,7.04,7.04,6827,False,sacked;fum_rec_td,PFR+RULE2PT
Joe Ferguson,1981,14,1981-12-06,False,BUF,SDG,A,W,28,27,13,29,248,0,0,75.1,,5,4,1,0,,16.32,16.32,6827,False,sacked;fum_rec_td,PFR+RULE2PT
Joe Ferguson,1981,15,1981-12-13,False,BUF,NWE,A,W,19,10,10,18,151,1,0,101.9,,2,-3,0,0,,9.74,9.74,6827,False,sacked;fum_rec_td,PFR+RULE2PT
Joe Ferguson,1981,16,1981-12-19,False,BUF,MIA,A,L,6,16,14,29,140,0,2,33.7,,0,0,0,0,,1.6,1.6,6827,False,sacked;fum_rec_td,PFR+RULE2PT
Joe Ferguson,1981,17,1981-12-27,True,BUF,NYJ,A,W,31,27,17,34,268,2,4,56.6,,2,-4,0,0,,10.32,10.32,6827,False,sacked;fum_rec_td,PFR+RULE2PT
Joe Ferguson,1981,18,1982-01-03,True,BUF,CIN,A,L,21,28,15,31,202,1,2,53.4,,0,0,0,0,,8.08,8.08,6827,False,sacked;fum_rec_td,PFR+RULE2PT
Joe Ferguson,1982,1,1982-09-12,False,BUF,KAN,H,W,14,9,18,31,166,2,0,94.3,1,5,9,0,0,,15.54,15.54,6827,False,fum_rec_td,PFR+RULE2PT
Joe Ferguson,1982,2,1982-09-16,False,BUF,MIN,H,W,23,22,25,45,330,3,1,91.9,2,2,0,0,0,,23.2,23.2,6827,False,fum_rec_td,PFR+RULE2PT
Joe Ferguson,1982,3,1982-11-21,False,BUF,MIA,H,L,7,9,12,28,140,0,5,19.0,1,1,7,0,0,,-3.7,-3.7,6827,False,fum_rec_td,PFR+RULE2PT
Joe Ferguson,1982,4,1982-11-28,False,BUF,BAL,H,W,20,0,6,16,63,0,0,49.7,0,1,7,0,0,,3.22,3.22,6827,False,fum_rec_td,PFR+RULE2PT
Joe Ferguson,1982,5,1982-12-05,False,BUF,GNB,A,L,21,33,14,29,134,1,2,44.3,0,1,0,0,0,,5.36,5.36,6827,False,fum_rec_td,PFR+RULE2PT
Joe Ferguson,1982,6,1982-12-12,False,BUF,PIT,H,W,13,0,14,29,163,0,2,37.0,1,1,-2,0,0,,2.32,2.32,6827,False,fum_rec_td,PFR+RULE2PT
Joe Ferguson,1982,7,1982-12-19,False,BUF,TAM,A,L,23,24,17,25,168,0,3,47.2,1,3,23,1,0,,9.02,9.02,6827,False,fum_rec_td,PFR+RULE2PT
Joe Ferguson,1982,8,1982-12-27,False,BUF,MIA,A,L,10,27,21,33,199,0,2,55.0,4,0,0,0,0,,3.96,3.96,6827,False,fum_rec_td,PFR+RULE2PT
Joe Ferguson,1982,9,1983-01-02,False,BUF,NWE,A,L,19,30,17,28,234,1,1,84.5,1,2,2,0,0,,11.56,11.56,6827,False,fum_rec_td,PFR+RULE2PT
Joe Ferguson,1983,1,1983-09-04,False,BUF,MIA,H,L,0,12,21,36,233,0,2,54.5,6,0,0,0,0,,5.32,5.32,6827,False,fum_rec_td,PFR+RULE2PT
Joe Ferguson,1983,2,1983-09-11,False,BUF,CIN,A,W,10,6,21,33,175,1,0,87.3,2,4,-2,0,0,,10.8,10.8,6827,False,fum_rec_td,PFR+RULE2PT
Joe Ferguson,1983,3,1983-09-18,False,BUF,BAL,H,W,28,23,18,27,189,3,0,123.8,1,4,6,0,0,,20.16,20.16,6827,False,fum_rec_td,PFR+RULE2PT
Joe Ferguson,1983,4,1983-09-25,False,BUF,HOU,H,W,30,13,11,22,127,2,1,79.2,2,0,0,0,0,,11.08,11.08,6827,False,fum_rec_td,PFR+RULE2PT
Joe Ferguson,1983,5,1983-10-03,False,BUF,NYJ,H,L,10,34,13,20,100,0,2,37.5,2,2,31,0,0,,3.1,3.1,6827,False,fum_rec_td,PFR+RULE2PT
Joe Ferguson,1983,6,1983-10-09,False,BUF,MIA,A,W,38,35,38,55,419,5,1,114.1,1,0,0,0,0,,34.76,34.76,6827,False,fum_rec_td,PFR+RULE2PT
Joe Ferguson,1983,7,1983-10-16,False,BUF,BAL,A,W,30,7,21,30,230,3,0,125.7,0,0,0,0,0,,21.2,21.2,6827,False,fum_rec_td,PFR+RULE2PT
Joe Ferguson,1983,8,1983-10-23,False,BUF,NWE,H,L,0,31,15,38,188,0,3,22.7,1,1,12,0,0,,2.72,2.72,6827,False,fum_rec_td,PFR+RULE2PT
Joe Ferguson,1983,9,1983-10-30,False,BUF,NOR,H,W,27,21,13,25,173,4,0,113.8,1,1,7,0,0,,23.62,23.62,6827,False,fum_rec_td,PFR+RULE2PT
Joe Ferguson,1983,10,1983-11-06,False,BUF,NWE,A,L,7,21,20,48,199,1,4,26.3,2,0,0,0,0,,3.96,3.96,6827,False,fum_rec_td,PFR+RULE2PT
Joe Ferguson,1983,11,1983-11-13,False,BUF,NYJ,A,W,24,17,24,41,262,3,1,91.7,3,1,7,0,0,,21.18,21.18,6827,False,fum_rec_td,PFR+RULE2PT
Joe Ferguson,1983,12,1983-11-20,False,BUF,RAI,H,L,24,27,3,6,18,0,0,56.2,1,1,17,0,0,,2.42,2.42,6827,False,fum_rec_td,PFR+RULE2PT
Joe Ferguson,1983,13,1983-11-27,False,BUF,RAM,A,L,17,41,20,44,233,2,5,37.6,1,0,0,0,0,,7.32,7.32,6827,False,fum_rec_td,PFR+RULE2PT
Joe Ferguson,1983,14,1983-12-04,False,BUF,KAN,A,W,14,9,6,15,76,1,1,51.0,0,2,-5,0,0,,4.54,4.54,6827,False,fum_rec_td,PFR+RULE2PT
Joe Ferguson,1983,15,1983-12-11,False,BUF,SFO,H,L,10,23,23,35,194,0,3,44.2,1,2,9,0,0,,2.66,2.66,6827,False,fum_rec_td,PFR+RULE2PT
Joe Ferguson,1983,16,1983-12-18,False,BUF,ATL,A,L,14,31,14,33,179,1,2,44.9,3,2,6,0,0,,7.76,7.76,6827,False,fum_rec_td,PFR+RULE2PT
Joe Ferguson,1984,1,1984-09-02,False,BUF,NWE,H,L,17,21,27,40,263,2,0,102.4,3,3,15,0,0,,20.02,20.02,6827,False,fum_rec_td,PFR+RULE2PT
Joe Ferguson,1984,2,1984-09-09,False,BUF,STL,A,L,7,37,12,21,144,1,2,54.6,2,1,15,0,0,,7.26,7.26,6827,False,fum_rec_td,PFR+RULE2PT
Joe Ferguson,1984,3,1984-09-17,False,BUF,MIA,H,L,17,21,23,38,259,1,0,89.7,3,2,28,0,0,,17.16,17.16,6827,False,fum_rec_td,PFR+RULE2PT
Joe Ferguson,1984,4,1984-09-23,False,BUF,NYJ,H,L,26,28,31,46,340,2,0,103.5,3,1,2,0,0,,21.8,21.8,6827,False,fum_rec_td,PFR+RULE2PT
Joe Ferguson,1984,7,1984-10-14,False,BUF,SEA,A,L,28,31,14,32,227,2,2,62.9,1,2,-3,0,0,,12.78,12.78,6827,False,fum_rec_td,PFR+RULE2PT
Joe Ferguson,1984,8,1984-10-21,False,BUF,DEN,H,L,7,37,9,19,77,0,2,18.9,3,1,1,0,0,,-0.82,-0.82,6827,False,fum_rec_td,PFR+RULE2PT
Joe Ferguson,1984,9,1984-10-28,False,BUF,MIA,A,L,7,38,20,30,136,0,1,62.6,5,1,20,0,0,,5.44,5.44,6827,False,fum_rec_td,PFR+RULE2PT
Joe Ferguson,1984,10,1984-11-04,False,BUF,CLE,H,L,10,13,16,24,110,0,2,42.0,3,1,-2,0,0,,0.2,0.2,6827,False,fum_rec_td,PFR+RULE2PT
Joe Ferguson,1984,11,1984-11-11,False,BUF,NWE,A,L,10,38,9,29,142,1,3,20.3,6,2,10,0,0,,4.68,4.68,6827,False,fum_rec_td,PFR+RULE2PT
Joe Ferguson,1984,12,1984-11-18,False,BUF,DAL,H,W,14,3,13,29,117,1,2,39.0,2,2,-4,0,0,,4.28,4.28,6827,False,fum_rec_td,PFR+RULE2PT
Joe Ferguson,1984,13,1984-11-25,False,BUF,WAS,A,L,14,41,11,26,124,2,2,50.8,4,2,13,0,0,,10.26,10.26,6827,False,fum_rec_td,PFR+RULE2PT
Joe Ferguson,1984,16,1984-12-16,False,BUF,CIN,A,L,21,52,6,10,52,0,1,34.2,0,1,7,0,0,,0.78,0.78,6827,False,fum_rec_td,PFR+RULE2PT
Joe Ferguson,1985,5,1985-10-06,False,DET,GNB,A,L,10,43,10,11,139,1,1,111.2,1,0,0,0,0,,7.56,7.56,6827,False,fum_rec_td,PFR+RULE2PT
Joe Ferguson,1985,7,1985-10-20,False,DET,SFO,H,W,23,21,6,12,61,0,0,64.9,1,3,11,0,0,,3.54,3.54,6827,False,fum_rec_td,PFR+RULE2PT
Joe Ferguson,1985,9,1985-11-03,False,DET,MIN,A,L,13,16,2,3,21,0,0,86.8,0,1,1,1,0,,6.94,6.94,6827,False,fum_rec_td,PFR+RULE2PT
Joe Ferguson,1985,11,1985-11-17,False,DET,MIN,H,W,41,21,5,9,35,0,0,64.6,1,0,0,0,0,,1.4,1.4,6827,False,fum_rec_td,PFR+RULE2PT
Joe Ferguson,1985,12,1985-11-24,False,DET,TAM,A,L,16,19,0,1,0,0,0,39.6,0,0,0,0,0,,0.0,0.0,6827,False,fum_rec_td,PFR+RULE2PT
Joe Ferguson,1985,14,1985-12-08,False,DET,NWE,A,L,6,23,2,9,15,0,1,0.0,1,0,0,0,0,,-1.4,-1.4,6827,False,fum_rec_td,PFR+RULE2PT
Joe Ferguson,1985,15,1985-12-15,False,DET,GNB,H,L,23,26,4,6,82,1,1,109.7,0,0,0,0,0,,5.28,5.28,6827,False,fum_rec_td,PFR+RULE2PT
Joe Ferguson,1985,16,1985-12-22,False,DET,CHI,H,L,17,37,2,3,11,0,0,72.9,0,0,0,0,0,,0.44,0.44,6827,False,fum_rec_td,PFR+RULE2PT
Joe Ferguson,1986,2,1986-09-14,False,DET,DAL,H,L,7,31,4,12,32,0,0,42.4,1,0,0,0,0,,1.28,1.28,6827,False,fum_rec_td,PFR+RULE2PT
Joe Ferguson,1986,11,1986-11-16,False,DET,PHI,A,W,13,11,10,33,176,1,1,47.0,3,2,14,0,0,,10.44,10.44,6827,False,fum_rec_td,PFR+RULE2PT
Joe Ferguson,1986,12,1986-11-23,False,DET,TAM,A,W,38,17,14,21,230,2,1,115.2,0,3,11,0,0,,16.3,16.3,6827,False,fum_rec_td,PFR+RULE2PT
Joe Ferguson,1986,13,1986-11-27,False,DET,GNB,H,L,40,44,19,37,256,3,2,78.2,2,0,0,0,0,,18.24,18.24,6827,False,fum_rec_td,PFR+RULE2PT
Joe Ferguson,1986,14,1986-12-07,False,DET,PIT,A,L,17,27,23,39,207,1,3,49.8,3,0,0,0,0,,6.28,6.28,6827,False,fum_rec_td,PFR+RULE2PT
Joe Ferguson,1986,16,1986-12-21,False,DET,ATL,H,L,6,20,3,13,40,0,0,39.9,1,0,0,0,0,,1.6,1.6,6827,False,fum_rec_td,PFR+RULE2PT
Joe Ferguson,1988,9,1988-10-30,False,TAM,MIA,H,L,14,17,26,36,291,2,1,102.9,1,1,0,0,0,,17.64,17.64,6827,False,fum_rec_td,PFR+RULE2PT
Joe Ferguson,1988,12,1988-11-20,False,TAM,CHI,H,L,15,27,5,10,77,1,0,109.2,0,0,0,0,0,,7.08,7.08,6827,False,fum_rec_td,PFR+RULE2PT
Joe Ferguson,1989,5,1989-10-08,False,TAM,CHI,H,W,42,35,0,0,0,0,0,0,0,1,-2,0,0,,-0.2,-0.2,6827,False,fum_rec_td,PFR+RULE2PT
Joe Ferguson,1989,6,1989-10-15,False,TAM,DET,H,L,16,17,16,29,128,0,1,52.1,3,1,7,0,0,,3.82,3.82,6827,False,fum_rec_td,PFR+RULE2PT
Joe Ferguson,1989,10,1989-11-12,False,TAM,MIN,H,L,10,24,0,2,0,0,1,0.0,0,1,2,0,0,,-1.8,-1.8,6827,False,fum_rec_td,PFR+RULE2PT
Joe Ferguson,1989,15,1989-12-17,False,TAM,DET,A,L,7,33,7,18,161,1,3,50.7,1,1,-1,0,0,,4.34,4.34,6827,False,fum_rec_td,PFR+RULE2PT
Joe Ferguson,1989,16,1989-12-24,False,TAM,PIT,H,L,22,31,21,41,244,2,1,75.7,1,0,0,0,0,,15.76,15.76,6827,False,fum_rec_td,PFR+RULE2PT
Ron Jaworski,1980,1,1980-09-07,False,PHI,DEN,H,W,27,6,18,28,281,3,0,133.2,,2,2,0,0,,23.44,23.44,10978,False,sacked;fum_rec_td,PFR+RULE2PT
Ron Jaworski,1980,2,1980-09-14,False,PHI,MIN,A,W,42,7,20,26,234,2,1,113.3,,0,0,0,0,,15.36,15.36,10978,False,sacked;fum_rec_td,PFR+RULE2PT
Ron Jaworski,1980,3,1980-09-22,False,PHI,NYG,H,W,35,3,18,29,240,3,1,108.4,,2,11,0,0,,20.7,20.7,10978,False,sacked;fum_rec_td,PFR+RULE2PT
Ron Jaworski,1980,4,1980-09-28,False,PHI,STL,A,L,14,24,16,36,226,1,3,39.8,,2,2,1,0,,13.24,13.24,10978,False,sacked;fum_rec_td,PFR+RULE2PT
Ron Jaworski,1980,5,1980-10-05,False,PHI,WAS,H,W,24,14,11,20,193,2,1,100.6,,1,19,0,0,,15.62,15.62,10978,False,sacked;fum_rec_td,PFR+RULE2PT
Ron Jaworski,1980,6,1980-10-12,False,PHI,NYG,A,W,31,16,18,28,212,1,0,99.1,,2,12,0,0,,13.68,13.68,10978,False,sacked;fum_rec_td,PFR+RULE2PT
Ron Jaworski,1980,7,1980-10-19,False,PHI,DAL,H,W,17,10,13,25,214,2,1,91.1,,4,5,0,0,,15.06,15.06,10978,False,sacked;fum_rec_td,PFR+RULE2PT
Ron Jaworski,1980,8,1980-10-26,False,PHI,CHI,H,W,17,14,7,14,73,2,0,105.1,,3,14,0,0,,12.32,12.32,10978,False,sacked;fum_rec_td,PFR+RULE2PT
Ron Jaworski,1980,9,1980-11-02,False,PHI,SEA,A,W,27,20,19,30,253,2,1,98.3,,1,-1,0,0,,16.02,16.02,10978,False,sacked;fum_rec_td,PFR+RULE2PT
Ron Jaworski,1980,10,1980-11-09,False,PHI,NOR,A,W,34,21,21,32,323,3,0,130.1,,4,9,0,0,,25.82,25.82,10978,False,sacked;fum_rec_td,PFR+RULE2PT
Ron Jaworski,1980,11,1980-11-16,False,PHI,WAS,A,W,24,0,11,21,124,2,1,82.2,,2,11,0,0,,12.06,12.06,10978,False,sacked;fum_rec_td,PFR+RULE2PT
Ron Jaworski,1980,12,1980-11-23,False,PHI,OAK,H,W,10,7,14,32,181,0,1,49.1,,0,0,0,0,,5.24,5.24,10978,False,sacked;fum_rec_td,PFR+RULE2PT
Ron Jaworski,1980,13,1980-11-30,False,PHI,SDG,A,L,21,22,20,31,201,2,0,104.4,,2,6,0,0,,16.64,16.64,10978,False,sacked;fum_rec_td,PFR+RULE2PT
Ron Jaworski,1980,14,1980-12-07,False,PHI,ATL,H,L,17,20,16,35,207,1,2,50.5,,0,0,0,0,,8.28,8.28,10978,False,sacked;fum_rec_td,PFR+RULE2PT
Ron Jaworski,1980,15,1980-12-14,False,PHI,STL,H,W,17,3,17,34,236,0,0,72.7,,2,5,0,0,,9.94,9.94,10978,False,sacked;fum_rec_td,PFR+RULE2PT
Ron Jaworski,1980,16,1980-12-21,False,PHI,DAL,A,L,27,35,18,30,331,1,0,109.2,,0,0,0,0,,17.24,17.24,10978,False,sacked;fum_rec_td,PFR+RULE2PT
Ron Jaworski,1980,17,1981-01-03,True,PHI,MIN,H,W,31,16,17,38,190,1,2,47.0,,0,0,0,0,,7.6,7.6,10978,False,sacked;fum_rec_td,PFR+RULE2PT
Ron Jaworski,1980,18,1981-01-11,True,PHI,DAL,H,W,20,7,9,29,91,0,2,12.3,,2,2,0,0,,-0.16,-0.16,10978,False,sacked;fum_rec_td,PFR+RULE2PT
Ron Jaworski,1980,19,1981-01-25,True,PHI,OAK,N,L,10,27,18,38,291,1,3,49.3,,1,0,0,0,,9.64,9.64,10978,False,sacked;fum_rec_td,PFR+RULE2PT
Ron Jaworski,1981,1,1981-09-06,False,PHI,NYG,A,W,24,10,16,26,158,1,1,75.5,,1,3,0,0,,8.62,8.62,10978,False,sacked;fum_rec_td,PFR+RULE2PT
Ron Jaworski,1981,2,1981-09-13,False,PHI,NWE,H,W,13,3,11,25,152,0,0,64.1,,3,6,0,0,,6.68,6.68,10978,False,sacked;fum_rec_td,PFR+RULE2PT
Ron Jaworski,1981,3,1981-09-17,False,PHI,BUF,A,W,20,14,20,32,240,2,1,93.2,,0,0,0,0,,15.6,15.6,10978,False,sacked;fum_rec_td,PFR+RULE2PT
Ron Jaworski,1981,4,1981-09-27,False,PHI,WAS,H,W,36,13,14,26,150,2,1,80.6,,0,0,0,0,,12.0,12.0,10978,False,sacked;fum_rec_td,PFR+RULE2PT
Ron Jaworski,1981,5,1981-10-05,False,PHI,ATL,H,W,16,13,17,26,161,1,0,95.2,,2,-4,0,0,,10.04,10.04,10978,False,sacked;fum_rec_td,PFR+RULE2PT
Ron Jaworski,1981,6,1981-10-11,False,PHI,NOR,A,W,31,14,15,28,207,1,2,59.7,,2,24,0,0,,10.68,10.68,10978,False,sacked;fum_rec_td,PFR+RULE2PT
Ron Jaworski,1981,7,1981-10-18,False,PHI,MIN,A,L,23,35,29,44,330,2,2,84.5,,1,0,0,0,,17.2,17.2,10978,False,sacked;fum_rec_td,PFR+RULE2PT
Ron Jaworski,1981,8,1981-10-25,False,PHI,TAM,H,W,20,10,9,15,121,1,1,80.1,,2,2,0,0,,7.04,7.04,10978,False,sacked;fum_rec_td,PFR+RULE2PT
Ron Jaworski,1981,9,1981-11-01,False,PHI,DAL,H,L,14,17,10,21,191,1,1,75.7,,0,0,0,0,,9.64,9.64,10978,False,sacked;fum_rec_td,PFR+RULE2PT
Ron Jaworski,1981,10,1981-11-08,False,PHI,STL,A,W,52,10,18,34,235,4,1,102.0,,0,0,0,0,,23.4,23.4,10978,False,sacked;fum_rec_td,PFR+RULE2PT
Ron Jaworski,1981,11,1981-11-15,False,PHI,BAL,H,W,38,13,19,29,294,2,1,107.5,,1,6,0,0,,18.36,18.36,10978,False,sacked;fum_rec_td,PFR+RULE2PT
Ron Jaworski,1981,12,1981-11-22,False,PHI,NYG,H,L,10,20,20,45,187,1,1,54.6,,2,6,0,0,,10.08,10.08,10978,False,sacked;fum_rec_td,PFR+RULE2PT
Ron Jaworski,1981,13,1981-11-30,False,PHI,MIA,A,L,10,13,12,24,91,0,1,42.2,,4,39,0,0,,5.54,5.54,10978,False,sacked;fum_rec_td,PFR+RULE2PT
Ron Jaworski,1981,14,1981-12-06,False,PHI,WAS,A,L,13,15,16,35,266,2,3,55.2,,1,5,0,0,,13.14,13.14,10978,False,sacked;fum_rec_td,PFR+RULE2PT
Ron Jaworski,1981,15,1981-12-13,False,PHI,DAL,A,L,10,21,11,32,140,0,4,9.4,,1,7,0,0,,-1.7,-1.7,10978,False,sacked;fum_rec_td,PFR+RULE2PT
Ron Jaworski,1981,16,1981-12-20,False,PHI,STL,H,W,38,0,13,19,172,3,0,136.4,,2,34,0,0,,22.28,22.28,10978,False,sacked;fum_rec_td,PFR+RULE2PT
Ron Jaworski,1981,17,1981-12-27,True,PHI,NYG,H,L,21,27,13,24,154,1,0,87.8,,5,6,0,0,,10.76,10.76,10978,False,sacked;fum_rec_td,PFR+RULE2PT
Ron Jaworski,1982,1,1982-09-12,False,PHI,WAS,H,L,34,37,27,38,371,2,0,119.5,6,1,6,0,0,,23.44,23.44,10978,False,fum_rec_td,PFR+RULE2PT
Ron Jaworski,1982,2,1982-09-19,False,PHI,CLE,A,W,24,21,25,41,334,2,1,92.9,1,1,1,0,0,,19.46,19.46,10978,False,fum_rec_td,PFR+RULE2PT
Ron Jaworski,1982,3,1982-11-21,False,PHI,CIN,H,L,14,18,24,43,226,0,2,51.1,3,1,0,0,0,,5.04,5.04,10978,False,fum_rec_td,PFR+RULE2PT
Ron Jaworski,1982,4,1982-11-28,False,PHI,WAS,A,L,9,13,18,42,233,1,4,29.3,2,3,4,0,0,,5.72,5.72,10978,False,fum_rec_td,PFR+RULE2PT
Ron Jaworski,1982,5,1982-12-05,False,PHI,STL,H,L,20,23,15,24,163,2,0,110.2,2,0,0,0,0,,14.52,14.52,10978,False,fum_rec_td,PFR+RULE2PT
Ron Jaworski,1982,6,1982-12-11,False,PHI,NYG,A,L,7,23,17,29,218,1,1,79.4,8,1,2,0,0,,10.92,10.92,10978,False,fum_rec_td,PFR+RULE2PT
Ron Jaworski,1982,7,1982-12-19,False,PHI,HOU,H,W,35,14,11,20,193,1,1,84.0,4,0,0,0,0,,9.72,9.72,10978,False,fum_rec_td,PFR+RULE2PT
Ron Jaworski,1982,8,1982-12-26,False,PHI,DAL,A,W,24,20,14,23,175,1,2,62.8,2,3,-4,0,0,,6.6,6.6,10978,False,fum_rec_td,PFR+RULE2PT
Ron Jaworski,1982,9,1983-01-02,False,PHI,NYG,H,L,24,26,16,26,163,2,1,89.1,3,0,0,0,0,,12.52,12.52,10978,False,fum_rec_td,PFR+RULE2PT
Ron Jaworski,1983,1,1983-09-03,False,PHI,SFO,A,W,22,17,7,9,85,0,0,106.0,4,0,0,0,0,,3.4,3.4,10978,False,fum_rec_td,PFR+RULE2PT
Ron Jaworski,1983,2,1983-09-11,False,PHI,WAS,H,L,13,23,24,37,326,1,2,79.3,6,4,9,0,0,,13.94,13.94,10978,False,fum_rec_td,PFR+RULE2PT
Ron Jaworski,1983,3,1983-09-18,False,PHI,DEN,A,W,13,10,18,28,284,1,0,109.8,1,2,0,0,0,,15.36,15.36,10978,False,fum_rec_td,PFR+RULE2PT
Ron Jaworski,1983,4,1983-09-25,False,PHI,STL,H,L,11,14,16,22,197,0,1,81.1,3,0,0,0,0,,5.88,5.88,10978,False,fum_rec_td,PFR+RULE2PT
Ron Jaworski,1983,5,1983-10-02,False,PHI,ATL,A,W,28,24,16,28,239,3,0,121.0,4,3,8,1,0,,28.36,28.36,10978,False,fum_rec_td,PFR+RULE2PT
Ron Jaworski,1983,6,1983-10-09,False,PHI,NYG,A,W,17,13,16,31,241,2,0,99.0,3,3,-7,0,0,,16.94,16.94,10978,False,fum_rec_td,PFR+RULE2PT
Ron Jaworski,1983,7,1983-10-16,False,PHI,DAL,A,L,7,37,7,20,172,1,2,44.2,2,0,0,0,0,,6.88,6.88,10978,False,fum_rec_td,PFR+RULE2PT
Ron Jaworski,1983,8,1983-10-23,False,PHI,CHI,H,L,6,7,11,30,136,0,0,51.5,4,0,0,0,0,,5.44,5.44,10978,False,fum_rec_td,PFR+RULE2PT
Ron Jaworski,1983,9,1983-10-30,False,PHI,BAL,H,L,21,22,13,23,160,1,2,56.4,2,0,0,0,0,,6.4,6.4,10978,False,fum_rec_td,PFR+RULE2PT
Ron Jaworski,1983,10,1983-11-06,False,PHI,DAL,H,L,20,27,13,35,241,2,1,68.9,2,1,0,0,0,,15.64,15.64,10978,False,fum_rec_td,PFR+RULE2PT
Ron Jaworski,1983,11,1983-11-13,False,PHI,CHI,A,L,14,17,12,21,150,2,1,91.4,1,4,27,0,0,,14.7,14.7,10978,False,fum_rec_td,PFR+RULE2PT
Ron Jaworski,1983,12,1983-11-20,False,PHI,NYG,H,L,0,23,1,9,47,0,1,9.3,1,0,0,0,0,,-0.12,-0.12,10978,False,fum_rec_td,PFR+RULE2PT
Ron Jaworski,1983,13,1983-11-27,False,PHI,WAS,A,L,24,28,19,36,333,3,1,100.8,3,1,29,0,0,,26.22,26.22,10978,False,fum_rec_td,PFR+RULE2PT
Ron Jaworski,1983,14,1983-12-04,False,PHI,RAM,H,W,13,9,21,39,221,1,3,47.1,2,1,11,0,0,,7.94,7.94,10978,False,fum_rec_td,PFR+RULE2PT
Ron Jaworski,1983,15,1983-12-11,False,PHI,NOR,H,L,17,20,20,33,185,2,0,96.1,4,6,52,0,0,,20.6,20.6,10978,False,fum_rec_td,PFR+RULE2PT
Ron Jaworski,1983,16,1983-12-18,False,PHI,STL,A,L,7,31,21,45,298,1,4,38.9,11,0,0,0,0,,7.92,7.92,10978,False,fum_rec_td,PFR+RULE2PT
Ron Jaworski,1984,1,1984-09-02,False,PHI,NYG,A,L,27,28,19,33,266,1,0,93.7,3,0,0,0,0,,14.64,14.64,10978,False,fum_rec_td,PFR+RULE2PT
Ron Jaworski,1984,2,1984-09-09,False,PHI,MIN,H,W,19,17,27,37,240,1,0,98.9,2,1,8,0,0,,14.4,14.4,10978,False,fum_rec_td,PFR+RULE2PT
Ron Jaworski,1984,3,1984-09-16,False,PHI,DAL,A,L,17,23,22,48,252,2,3,50.0,1,0,0,0,0,,12.08,12.08,10978,False,fum_rec_td,PFR+RULE2PT
Ron Jaworski,1984,4,1984-09-23,False,PHI,SFO,H,L,9,21,16,40,187,0,1,44.5,2,0,0,0,0,,5.48,5.48,10978,False,fum_rec_td,PFR+RULE2PT
Ron Jaworski,1984,5,1984-09-30,False,PHI,WAS,A,L,0,20,18,35,170,0,1,53.3,4,1,10,0,0,,5.8,5.8,10978,False,fum_rec_td,PFR+RULE2PT
Ron Jaworski,1984,6,1984-10-07,False,PHI,BUF,A,W,27,17,24,38,234,2,0,97.9,1,2,1,1,0,,23.46,23.46,10978,False,fum_rec_td,PFR+RULE2PT
Ron Jaworski,1984,7,1984-10-14,False,PHI,IND,H,W,16,7,21,29,194,1,1,87.4,1,0,0,0,0,,9.76,9.76,10978,False,fum_rec_td,PFR+RULE2PT
Ron Jaworski,1984,8,1984-10-21,False,PHI,NYG,H,W,24,10,17,37,287,3,0,99.7,5,0,0,0,0,,23.48,23.48,10978,False,fum_rec_td,PFR+RULE2PT
Ron Jaworski,1984,9,1984-10-28,False,PHI,STL,H,L,14,34,22,38,340,2,3,72.3,5,0,0,0,0,,15.6,15.6,10978,False,fum_rec_td,PFR+RULE2PT
Ron Jaworski,1984,10,1984-11-04,False,PHI,DET,A,T,23,23,20,39,254,1,2,59.1,4,0,0,0,0,,10.16,10.16,10978,False,fum_rec_td,PFR+RULE2PT
Ron Jaworski,1984,11,1984-11-11,False,PHI,MIA,A,L,23,24,14,25,203,3,2,88.8,2,0,0,0,0,,16.12,16.12,10978,False,fum_rec_td,PFR+RULE2PT
Ron Jaworski,1984,12,1984-11-18,False,PHI,WAS,H,W,16,10,14,28,127,0,1,47.8,3,1,-1,0,0,,2.98,2.98,10978,False,fum_rec_td,PFR+RULE2PT
Ron Jaworski,1984,13,1984-11-25,False,PHI,STL,A,L,16,17,0,0,0,0,0,0,0,0,0,0,0,,0.0,0.0,10978,False,fum_rec_td,PFR+RULE2PT
Ron Jaworski,1985,1,1985-09-08,False,PHI,NYG,A,L,0,21,12,25,137,0,0,64.9,8,1,31,0,0,,8.58,8.58,10978,False,fum_rec_td,PFR+RULE2PT
Ron Jaworski,1985,2,1985-09-15,False,PHI,RAM,H,L,6,17,0,0,0,0,0,0,0,0,0,0,0,,0.0,0.0,10978,False,fum_rec_td,PFR+RULE2PT
Ron Jaworski,1985,3,1985-09-22,False,PHI,WAS,A,W,19,6,1,1,-3,0,0,79.2,0,0,0,0,0,,-0.12,-0.12,10978,False,fum_rec_td,PFR+RULE2PT
Ron Jaworski,1985,4,1985-09-29,False,PHI,NYG,H,L,10,16,3,7,27,0,1,14.3,0,0,0,0,0,,-0.92,-0.92,10978,False,fum_rec_td,PFR+RULE2PT
Ron Jaworski,1985,5,1985-10-06,False,PHI,NOR,A,L,21,23,23,40,274,3,2,82.7,1,0,0,0,0,,18.96,18.96,10978,False,fum_rec_td,PFR+RULE2PT
Ron Jaworski,1985,6,1985-10-13,False,PHI,STL,H,W,30,7,18,28,243,3,0,127.5,0,0,0,0,0,,21.72,21.72,10978,False,fum_rec_td,PFR+RULE2PT
Ron Jaworski,1985,7,1985-10-20,False,PHI,DAL,H,W,16,14,22,35,380,1,0,109.2,4,3,-6,0,0,,18.6,18.6,10978,False,fum_rec_td,PFR+RULE2PT
Ron Jaworski,1985,8,1985-10-27,False,PHI,BUF,H,W,21,17,21,42,258,1,0,77.3,2,3,1,1,0,,20.42,20.42,10978,False,fum_rec_td,PFR+RULE2PT
Ron Jaworski,1985,9,1985-11-03,False,PHI,SFO,A,L,13,24,24,48,394,1,3,58.9,4,0,0,0,0,,13.76,13.76,10978,False,fum_rec_td,PFR+RULE2PT
Ron Jaworski,1985,10,1985-11-10,False,PHI,ATL,H,W,23,17,11,30,258,1,2,51.8,3,1,1,1,0,,16.42,16.42,10978,False,fum_rec_td,PFR+RULE2PT
Ron Jaworski,1985,11,1985-11-17,False,PHI,STL,A,W,24,14,7,14,69,1,1,58.3,2,0,0,0,0,,4.76,4.76,10978,False,fum_rec_td,PFR+RULE2PT
Ron Jaworski,1985,12,1985-11-24,False,PHI,DAL,A,L,17,34,23,42,285,1,3,54.2,1,1,7,0,0,,10.1,10.1,10978,False,fum_rec_td,PFR+RULE2PT
Ron Jaworski,1985,13,1985-12-01,False,PHI,MIN,H,L,23,28,23,42,320,2,1,85.4,2,3,3,0,0,,19.1,19.1,10978,False,fum_rec_td,PFR+RULE2PT
Ron Jaworski,1985,14,1985-12-08,False,PHI,WAS,H,L,12,17,17,38,185,0,2,37.7,1,1,2,0,0,,3.6,3.6,10978,False,fum_rec_td,PFR+RULE2PT
Ron Jaworski,1985,15,1985-12-15,False,PHI,SDG,A,L,14,20,29,48,334,1,3,62.3,3,2,-2,0,0,,11.16,11.16,10978,False,fum_rec_td,PFR+RULE2PT
Ron Jaworski,1985,16,1985-12-22,False,PHI,MIN,A,W,37,35,21,44,289,2,2,65.4,3,2,-2,0,0,,15.36,15.36,10978,False,fum_rec_td,PFR+RULE2PT
Ron Jaworski,1986,1,1986-09-07,False,PHI,WAS,A,L,14,41,23,40,227,2,1,79.9,4,0,0,0,0,,15.08,15.08,10978,False,fum_rec_td,PFR+RULE2PT
Ron Jaworski,1986,2,1986-09-14,False,PHI,CHI,A,L,10,13,18,30,165,1,2,58.3,2,1,10,0,0,,7.6,7.6,10978,False,fum_rec_td,PFR+RULE2PT
Ron Jaworski,1986,3,1986-09-21,False,PHI,DEN,H,L,7,33,14,32,191,0,0,63.4,2,1,0,0,0,,7.64,7.64,10978,False,fum_rec_td,PFR+RULE2PT
Ron Jaworski,1986,4,1986-09-28,False,PHI,RAM,H,W,34,20,17,27,213,3,0,124.5,0,1,1,0,0,,20.62,20.62,10978,False,fum_rec_td,PFR+RULE2PT
Ron Jaworski,1986,5,1986-10-05,False,PHI,ATL,A,W,16,0,14,26,237,1,0,97.8,2,5,11,0,0,,14.58,14.58,10978,False,fum_rec_td,PFR+RULE2PT
Ron Jaworski,1986,6,1986-10-12,False,PHI,NYG,A,L,3,35,6,22,50,0,1,20.6,3,0,0,0,0,,0.0,0.0,10978,False,fum_rec_td,PFR+RULE2PT
Ron Jaworski,1986,7,1986-10-19,False,PHI,DAL,H,L,14,17,0,0,0,0,0,0,0,0,0,0,0,,0.0,0.0,10978,False,fum_rec_td,PFR+RULE2PT
Ron Jaworski,1986,8,1986-10-26,False,PHI,SDG,H,W,23,7,12,23,98,1,1,59.7,3,2,-1,0,0,,5.82,5.82,10978,False,fum_rec_td,PFR+RULE2PT
Ron Jaworski,1986,9,1986-11-02,False,PHI,STL,A,L,10,13,16,30,174,0,0,70.7,2,2,9,0,0,,7.86,7.86,10978,False,fum_rec_td,PFR+RULE2PT
Ron Jaworski,1986,10,1986-11-09,False,PHI,NYG,H,L,14,17,8,15,50,0,1,32.6,4,1,3,0,0,,0.3,0.3,10978,False,fum_rec_td,PFR+RULE2PT
Ron Jaworski,1988,1,1988-09-04,False,MIA,CHI,A,L,7,34,1,3,15,0,0,50.7,1,0,0,0,0,,0.6,0.6,10978,False,fum_rec_td,PFR+RULE2PT
Ron Jaworski,1988,2,1988-09-11,False,MIA,BUF,A,L,6,9,0,0,0,0,0,0,0,0,0,0,0,,0.0,0.0,10978,False,fum_rec_td,PFR+RULE2PT
Ron Jaworski,1988,3,1988-09-18,False,MIA,GNB,H,W,24,17,0,0,0,0,0,0,0,0,0,0,0,,0.0,0.0,10978,False,fum_rec_td,PFR+RULE2PT
Ron Jaworski,1988,4,1988-09-25,False,MIA,IND,A,L,13,15,0,0,0,0,0,0,0,0,0,0,0,,0.0,0.0,10978,False,fum_rec_td,PFR+RULE2PT
Ron Jaworski,1988,5,1988-10-02,False,MIA,MIN,H,W,24,7,0,0,0,0,0,0,0,0,0,0,0,,0.0,0.0,10978,False,fum_rec_td,PFR+RULE2PT
Ron Jaworski,1988,6,1988-10-09,False,MIA,RAI,A,W,24,14,0,1,0,0,0,39.6,0,0,0,0,0,,0.0,0.0,10978,False,fum_rec_td,PFR+RULE2PT
Ron Jaworski,1988,7,1988-10-16,False,MIA,SDG,H,W,31,28,0,0,0,0,0,0,0,0,0,0,0,,0.0,0.0,10978,False,fum_rec_td,PFR+RULE2PT
Ron Jaworski,1988,8,1988-10-23,False,MIA,NYJ,H,L,30,44,0,0,0,0,0,0,0,0,0,0,0,,0.0,0.0,10978,False,fum_rec_td,PFR+RULE2PT
Ron Jaworski,1988,9,1988-10-30,False,MIA,TAM,A,W,17,14,0,0,0,0,0,0,0,0,0,0,0,,0.0,0.0,10978,False,fum_rec_td,PFR+RULE2PT
Ron Jaworski,1988,10,1988-11-06,False,MIA,NWE,A,L,10,21,0,0,0,0,0,0,0,0,0,0,0,,0.0,0.0,10978,False,fum_rec_td,PFR+RULE2PT
Ron Jaworski,1988,11,1988-11-14,False,MIA,BUF,H,L,6,31,0,0,0,0,0,0,0,0,0,0,0,,0.0,0.0,10978,False,fum_rec_td,PFR+RULE2PT
Ron Jaworski,1988,12,1988-11-20,False,MIA,NWE,H,L,3,6,0,0,0,0,0,0,0,0,0,0,0,,0.0,0.0,10978,False,fum_rec_td,PFR+RULE2PT
Ron Jaworski,1988,13,1988-11-27,False,MIA,NYJ,A,L,34,38,0,0,0,0,0,0,0,0,0,0,0,,0.0,0.0,10978,False,fum_rec_td,PFR+RULE2PT
Ron Jaworski,1988,14,1988-12-04,False,MIA,IND,H,L,28,31,0,0,0,0,0,0,0,0,0,0,0,,0.0,0.0,10978,False,fum_rec_td,PFR+RULE2PT
Ron Jaworski,1988,15,1988-12-12,False,MIA,CLE,H,W,38,31,0,0,0,0,0,0,0,0,0,0,0,,0.0,0.0,10978,False,fum_rec_td,PFR+RULE2PT
Ron Jaworski,1988,16,1988-12-18,False,MIA,PIT,A,L,24,40,8,10,108,1,0,145.0,0,0,0,0,0,,8.32,8.32,10978,False,fum_rec_td,PFR+RULE2PT
Ron Jaworski,1989,1,1989-09-10,False,KAN,DEN,A,L,20,34,0,0,0,0,0,0,0,0,0,0,0,,0.0,0.0,10978,False,fum_rec_td,PFR+RULE2PT
Ron Jaworski,1989,2,1989-09-17,False,KAN,RAI,H,W,24,19,0,0,0,0,0,0,0,0,0,0,0,,0.0,0.0,10978,False,fum_rec_td,PFR+RULE2PT
Ron Jaworski,1989,3,1989-09-24,False,KAN,SDG,A,L,6,21,0,0,0,0,0,0,0,0,0,0,0,,0.0,0.0,10978,False,fum_rec_td,PFR+RULE2PT
Ron Jaworski,1989,4,1989-10-01,False,KAN,CIN,H,L,17,21,14,28,163,1,4,40.3,1,1,4,0,0,,2.92,2.92,10978,False,fum_rec_td,PFR+RULE2PT
Ron Jaworski,1989,5,1989-10-08,False,KAN,SEA,A,W,20,16,12,18,104,1,0,100.2,0,1,0,0,0,,8.16,8.16,10978,False,fum_rec_td,PFR+RULE2PT
Ron Jaworski,1989,6,1989-10-15,False,KAN,RAI,A,L,14,20,10,15,118,0,1,62.6,0,2,1,0,0,,2.82,2.82,10978,False,fum_rec_td,PFR+RULE2PT
Craig Morton,1980,3,1980-09-21,False,DEN,SDG,H,L,13,30,12,18,124,1,2,65.3,,0,0,0,0,,4.96,4.96,15889,False,sacked;fum_rec_td,PFR+RULE2PT
Craig Morton,1980,5,1980-10-05,False,DEN,CLE,A,W,19,16,9,12,109,0,0,102.4,,4,5,0,0,,4.86,4.86,15889,False,sacked;fum_rec_td,PFR+RULE2PT
Craig Morton,1980,6,1980-10-13,False,DEN,WAS,H,W,20,17,6,8,108,1,0,156.2,,3,4,0,0,,8.72,8.72,15889,False,sacked;fum_rec_td,PFR+RULE2PT
Craig Morton,1980,7,1980-10-19,False,DEN,KAN,H,L,17,23,18,31,199,2,2,71.8,,1,5,0,0,,12.46,12.46,15889,False,sacked;fum_rec_td,PFR+RULE2PT
Craig Morton,1980,8,1980-10-26,False,DEN,NYG,A,W,14,9,7,19,65,0,0,47.0,,1,0,0,0,,2.6,2.6,15889,False,sacked;fum_rec_td,PFR+RULE2PT
Craig Morton,1980,9,1980-11-02,False,DEN,HOU,H,L,16,20,17,22,168,1,0,113.4,,2,2,0,0,,10.92,10.92,15889,False,sacked;fum_rec_td,PFR+RULE2PT
Craig Morton,1980,10,1980-11-09,False,DEN,SDG,A,W,20,13,12,24,144,0,0,68.7,,2,-5,0,0,,5.26,5.26,15889,False,sacked;fum_rec_td,PFR+RULE2PT
Craig Morton,1980,11,1980-11-16,False,DEN,NYJ,H,W,31,24,27,39,306,2,2,88.2,,3,-1,0,0,,16.14,16.14,15889,False,sacked;fum_rec_td,PFR+RULE2PT
Craig Morton,1980,12,1980-11-23,False,DEN,SEA,H,W,36,20,19,28,192,2,1,96.1,,3,17,1,0,,21.38,21.38,15889,False,sacked;fum_rec_td,PFR+RULE2PT
Craig Morton,1980,13,1980-12-01,False,DEN,OAK,A,L,3,9,18,35,134,0,4,21.3,,0,0,0,0,,-2.64,-2.64,15889,False,sacked;fum_rec_td,PFR+RULE2PT
Craig Morton,1980,14,1980-12-07,False,DEN,KAN,A,L,14,31,20,35,263,2,1,88.2,,0,0,0,0,,16.52,16.52,15889,False,sacked;fum_rec_td,PFR+RULE2PT
Craig Morton,1980,15,1980-12-14,False,DEN,OAK,H,L,21,24,18,30,338,1,1,96.3,,2,2,0,0,,15.72,15.72,15889,False,sacked;fum_rec_td,PFR+RULE2PT
Craig Morton,1981,1,1981-09-06,False,DEN,OAK,H,W,9,7,12,25,194,1,0,87.7,,2,6,0,0,,12.36,12.36,15889,False,sacked;fum_rec_td,PFR+RULE2PT
Craig Morton,1981,2,1981-09-13,False,DEN,SEA,A,L,10,13,14,25,161,1,1,72.2,,0,0,0,0,,8.44,8.44,15889,False,sacked;fum_rec_td,PFR+RULE2PT
Craig Morton,1981,3,1981-09-20,False,DEN,BAL,H,W,28,10,20,28,291,4,4,104.9,,0,0,0,0,,19.64,19.64,15889,False,sacked;fum_rec_td,PFR+RULE2PT
Craig Morton,1981,4,1981-09-27,False,DEN,SDG,H,W,42,24,17,18,308,4,0,158.3,,2,6,0,0,,28.92,28.92,15889,False,sacked;fum_rec_td,PFR+RULE2PT
Craig Morton,1981,5,1981-10-04,False,DEN,OAK,A,W,17,0,9,16,117,0,0,79.4,,0,0,0,0,,4.68,4.68,15889,False,sacked;fum_rec_td,PFR+RULE2PT
Craig Morton,1981,6,1981-10-11,False,DEN,DET,H,W,27,21,13,18,283,3,1,130.8,,2,1,0,0,,21.42,21.42,15889,False,sacked;fum_rec_td,PFR+RULE2PT
Craig Morton,1981,7,1981-10-18,False,DEN,KAN,A,L,14,28,25,38,342,2,1,101.0,,1,0,0,0,,19.68,19.68,15889,False,sacked;fum_rec_td,PFR+RULE2PT
Craig Morton,1981,8,1981-10-25,False,DEN,BUF,A,L,7,9,10,25,151,1,0,73.9,,0,0,0,0,,10.04,10.04,15889,False,sacked;fum_rec_td,PFR+RULE2PT
Craig Morton,1981,9,1981-11-02,False,DEN,MIN,H,W,19,17,16,28,201,1,0,91.5,,0,0,0,0,,12.04,12.04,15889,False,sacked;fum_rec_td,PFR+RULE2PT
Craig Morton,1981,10,1981-11-08,False,DEN,CLE,H,W,23,20,21,33,291,1,0,102.0,,1,5,0,0,,16.14,16.14,15889,False,sacked;fum_rec_td,PFR+RULE2PT
Craig Morton,1981,11,1981-11-15,False,DEN,TAM,A,W,24,7,10,14,73,1,0,107.1,,0,0,0,0,,6.92,6.92,15889,False,sacked;fum_rec_td,PFR+RULE2PT
Craig Morton,1981,13,1981-11-29,False,DEN,SDG,A,L,17,34,19,31,270,0,2,62.6,,0,0,0,0,,6.8,6.8,15889,False,sacked;fum_rec_td,PFR+RULE2PT
Craig Morton,1981,14,1981-12-06,False,DEN,KAN,H,W,16,13,16,24,281,0,0,106.4,,0,0,0,0,,11.24,11.24,15889,False,sacked;fum_rec_td,PFR+RULE2PT
Craig Morton,1981,15,1981-12-13,False,DEN,SEA,H,W,23,13,15,30,144,1,2,47.1,,0,0,0,0,,5.76,5.76,15889,False,sacked;fum_rec_td,PFR+RULE2PT
Craig Morton,1981,16,1981-12-20,False,DEN,CHI,A,L,24,35,8,23,88,1,3,21.9,,0,0,0,0,,1.52,1.52,15889,False,sacked;fum_rec_td,PFR+RULE2PT
Craig Morton,1982,1,1982-09-12,False,DEN,SDG,H,L,3,23,15,20,153,0,2,56.9,0,0,0,0,0,,2.12,2.12,15889,False,fum_rec_td,PFR+RULE2PT
Craig Morton,1982,2,1982-09-19,False,DEN,SFO,H,W,24,21,3,4,40,0,1,66.7,2,0,0,0,0,,-0.4,-0.4,15889,False,fum_rec_td,PFR+RULE2PT
Craig Morton,1982,3,1982-11-21,False,DEN,SEA,H,L,10,17,0,2,0,0,0,39.6,1,0,0,0,0,,0.0,0.0,15889,False,fum_rec_td,PFR+RULE2PT
Jim Plunkett,1980,2,1980-09-14,False,OAK,SDG,A,L,24,30,1,1,18,1,0,158.3,,1,0,0,0,,4.72,4.72,17704,False,sacked;fum_rec_td,PFR+RULE2PT
Jim Plunkett,1980,5,1980-10-05,False,OAK,KAN,H,L,17,31,20,52,238,2,5,26.4,,3,18,0,0,,9.32,9.32,17704,False,sacked;fum_rec_td,PFR+RULE2PT
Jim Plunkett,1980,6,1980-10-12,False,OAK,SDG,H,W,38,24,11,14,164,1,0,139.3,,2,18,0,0,,12.36,12.36,17704,False,sacked;fum_rec_td,PFR+RULE2PT
Jim Plunkett,1980,7,1980-10-20,False,OAK,PIT,A,W,45,34,13,21,247,3,0,142.3,,1,8,0,0,,22.68,22.68,17704,False,sacked;fum_rec_td,PFR+RULE2PT
Jim Plunkett,1980,8,1980-10-26,False,OAK,SEA,H,W,33,14,16,25,214,3,0,130.7,,1,-1,0,0,,20.46,20.46,17704,False,sacked;fum_rec_td,PFR+RULE2PT
Jim Plunkett,1980,9,1980-11-02,False,OAK,MIA,H,W,16,10,16,26,157,2,3,64.6,,3,27,0,0,,10.98,10.98,17704,False,sacked;fum_rec_td,PFR+RULE2PT
Jim Plunkett,1980,10,1980-11-09,False,OAK,CIN,H,W,28,17,19,25,244,0,2,72.7,,4,3,1,0,,12.06,12.06,17704,False,sacked;fum_rec_td,PFR+RULE2PT
Jim Plunkett,1980,11,1980-11-17,False,OAK,SEA,A,W,19,17,9,22,135,0,1,42.8,,4,19,0,0,,5.3,5.3,17704,False,sacked;fum_rec_td,PFR+RULE2PT
Jim Plunkett,1980,12,1980-11-23,False,OAK,PHI,A,L,7,10,10,36,237,1,2,40.6,,2,27,0,0,,12.18,12.18,17704,False,sacked;fum_rec_td,PFR+RULE2PT
Jim Plunkett,1980,13,1980-12-01,False,OAK,DEN,H,W,9,3,9,19,78,0,0,58.7,,4,8,1,0,,9.92,9.92,17704,False,sacked;fum_rec_td,PFR+RULE2PT
Jim Plunkett,1980,14,1980-12-07,False,OAK,DAL,H,L,13,19,16,36,190,1,2,47.2,,2,8,0,0,,8.4,8.4,17704,False,sacked;fum_rec_td,PFR+RULE2PT
Jim Plunkett,1980,15,1980-12-14,False,OAK,DEN,A,W,24,21,13,21,213,2,1,107.8,,1,6,0,0,,15.12,15.12,17704,False,sacked;fum_rec_td,PFR+RULE2PT
Jim Plunkett,1980,16,1980-12-21,False,OAK,NYG,A,W,33,17,12,22,164,2,0,108.9,,0,0,0,0,,14.56,14.56,17704,False,sacked;fum_rec_td,PFR+RULE2PT
Jim Plunkett,1980,17,1980-12-28,True,OAK,HOU,H,W,27,7,8,23,168,2,1,72.4,,1,-1,0,0,,12.62,12.62,17704,False,sacked;fum_rec_td,PFR+RULE2PT
Jim Plunkett,1980,18,1981-01-04,True,OAK,CLE,A,W,14,12,14,30,149,0,2,33.9,,4,8,0,0,,2.76,2.76,17704,False,sacked;fum_rec_td,PFR+RULE2PT
Jim Plunkett,1980,19,1981-01-11,True,OAK,SDG,A,W,34,27,14,18,261,2,0,155.8,,4,6,1,0,,25.04,25.04,17704,False,sacked;fum_rec_td,PFR+RULE2PT
Jim Plunkett,1980,20,1981-01-25,True,OAK,PHI,N,W,27,10,13,21,261,3,0,145.0,,3,9,0,0,,23.34,23.34,17704,False,sacked;fum_rec_td,PFR+RULE2PT
Jim Plunkett,1981,1,1981-09-06,False,OAK,DEN,A,L,7,9,14,24,125,1,2,51.6,,1,5,0,0,,5.5,5.5,17704,False,sacked;fum_rec_td,PFR+RULE2PT
Jim Plunkett,1981,2,1981-09-14,False,OAK,MIN,A,W,36,10,11,24,109,2,1,69.6,,1,0,0,0,,10.36,10.36,17704,False,sacked;fum_rec_td,PFR+RULE2PT
Jim Plunkett,1981,3,1981-09-20,False,OAK,SEA,H,W,20,10,20,30,262,1,2,77.4,,3,10,1,0,,17.48,17.48,17704,False,sacked;fum_rec_td,PFR+RULE2PT
Jim Plunkett,1981,4,1981-09-27,False,OAK,DET,A,L,0,16,11,21,102,0,1,46.1,,1,1,0,0,,2.18,2.18,17704,False,sacked;fum_rec_td,PFR+RULE2PT
Jim Plunkett,1981,5,1981-10-04,False,OAK,DEN,H,L,0,17,13,20,115,0,1,59.4,,2,13,0,0,,3.9,3.9,17704,False,sacked;fum_rec_td,PFR+RULE2PT
Jim Plunkett,1981,6,1981-10-11,False,OAK,KAN,A,L,0,27,12,29,129,0,1,40.7,,3,9,0,0,,4.06,4.06,17704,False,sacked;fum_rec_td,PFR+RULE2PT
Jim Plunkett,1981,12,1981-11-22,False,OAK,SDG,H,L,21,55,8,19,136,0,1,45.1,,0,0,0,0,,3.44,3.44,17704,False,sacked;fum_rec_td,PFR+RULE2PT
Jim Plunkett,1981,15,1981-12-13,False,OAK,CHI,H,L,6,23,3,8,31,0,0,49.5,,1,0,0,0,,1.24,1.24,17704,False,sacked;fum_rec_td,PFR+RULE2PT
Jim Plunkett,1981,16,1981-12-21,False,OAK,SDG,A,L,10,23,2,4,36,0,0,81.2,,0,0,0,0,,1.44,1.44,17704,False,sacked;fum_rec_td,PFR+RULE2PT
Jim Plunkett,1982,1,1982-09-12,False,RAI,SFO,A,W,23,17,10,20,123,1,2,46.5,3,2,-4,0,0,,4.52,4.52,17704,False,fum_rec_td,PFR+RULE2PT
Jim Plunkett,1982,2,1982-09-19,False,RAI,ATL,A,W,38,14,15,29,237,2,0,102.2,3,2,-2,0,0,,17.28,17.28,17704,False,fum_rec_td,PFR+RULE2PT
Jim Plunkett,1982,3,1982-11-22,False,RAI,SDG,H,W,28,24,18,25,163,1,2,69.2,2,1,6,0,0,,7.12,7.12,17704,False,fum_rec_td,PFR+RULE2PT
Jim Plunkett,1982,4,1982-11-28,False,RAI,CIN,A,L,17,31,26,41,318,2,4,63.9,2,0,0,0,0,,12.72,12.72,17704,False,fum_rec_td,PFR+RULE2PT
Jim Plunkett,1982,5,1982-12-05,False,RAI,SEA,H,W,28,23,10,19,82,0,1,42.0,4,3,-3,0,0,,0.98,0.98,17704,False,fum_rec_td,PFR+RULE2PT
Jim Plunkett,1982,6,1982-12-12,False,RAI,KAN,A,W,21,16,18,33,303,3,1,103.5,2,0,0,0,0,,22.12,22.12,17704,False,fum_rec_td,PFR+RULE2PT
Jim Plunkett,1982,7,1982-12-18,False,RAI,RAM,H,W,37,31,22,34,321,2,4,75.4,2,2,11,0,0,,13.94,13.94,17704,False,fum_rec_td,PFR+RULE2PT
Jim Plunkett,1982,8,1982-12-26,False,RAI,DEN,H,W,27,10,16,32,261,2,1,85.5,2,3,-7,0,0,,15.74,15.74,17704,False,fum_rec_td,PFR+RULE2PT
Jim Plunkett,1982,9,1983-01-02,False,RAI,SDG,A,W,41,34,17,28,227,1,0,98.4,3,2,5,0,0,,13.58,13.58,17704,False,fum_rec_td,PFR+RULE2PT
Jim Plunkett,1982,10,1983-01-08,True,RAI,CLE,H,W,27,10,24,37,386,0,2,77.1,0,2,10,0,0,,12.44,12.44,17704,False,fum_rec_td,PFR+RULE2PT
Jim Plunkett,1982,11,1983-01-15,True,RAI,NYJ,H,L,14,17,21,33,266,1,3,60.9,0,4,18,0,0,,10.44,10.44,17704,False,fum_rec_td,PFR+RULE2PT
Jim Plunkett,1983,1,1983-09-04,False,RAI,CIN,A,W,20,10,14,29,158,0,1,50.6,3,5,1,0,0,,4.42,4.42,17704,False,fum_rec_td,PFR+RULE2PT
Jim Plunkett,1983,2,1983-09-11,False,RAI,HOU,H,W,20,6,19,28,229,1,2,74.9,3,2,0,0,0,,9.16,9.16,17704,False,fum_rec_td,PFR+RULE2PT
Jim Plunkett,1983,3,1983-09-19,False,RAI,MIA,H,W,27,14,11,15,162,1,0,130.4,5,2,4,0,0,,10.88,10.88,17704,False,fum_rec_td,PFR+RULE2PT
Jim Plunkett,1983,4,1983-09-25,False,RAI,DEN,A,W,22,7,13,24,154,2,1,84.4,3,2,-3,0,0,,11.86,11.86,17704,False,fum_rec_td,PFR+RULE2PT
Jim Plunkett,1983,5,1983-10-02,False,RAI,WAS,A,L,35,37,16,29,372,4,4,100.1,5,2,21,0,0,,24.98,24.98,17704,False,fum_rec_td,PFR+RULE2PT
Jim Plunkett,1983,6,1983-10-09,False,RAI,KAN,H,W,21,20,15,28,123,1,2,47.2,2,3,14,0,0,,6.32,6.32,17704,False,fum_rec_td,PFR+RULE2PT
Jim Plunkett,1983,7,1983-10-16,False,RAI,SEA,A,L,36,38,14,22,139,1,3,57.0,8,4,27,0,0,,6.26,6.26,17704,False,fum_rec_td,PFR+RULE2PT
Jim Plunkett,1983,10,1983-11-06,False,RAI,KAN,A,W,28,20,5,9,114,1,0,137.5,0,2,5,0,0,,9.06,9.06,17704,False,fum_rec_td,PFR+RULE2PT
Jim Plunkett,1983,11,1983-11-13,False,RAI,DEN,H,W,22,20,26,42,252,0,0,78.7,5,0,0,0,0,,10.08,10.08,17704,False,fum_rec_td,PFR+RULE2PT
Jim Plunkett,1983,12,1983-11-20,False,RAI,BUF,A,W,27,24,24,32,232,1,0,105.2,0,0,0,0,0,,13.28,13.28,17704,False,fum_rec_td,PFR+RULE2PT
Jim Plunkett,1983,13,1983-11-27,False,RAI,NYG,H,W,27,12,19,32,243,2,0,104.0,0,3,7,0,0,,18.42,18.42,17704,False,fum_rec_td,PFR+RULE2PT
Jim Plunkett,1983,14,1983-12-01,False,RAI,SDG,A,W,42,10,14,28,156,2,1,75.9,2,1,2,0,0,,12.44,12.44,17704,False,fum_rec_td,PFR+RULE2PT
Jim Plunkett,1983,15,1983-12-11,False,RAI,STL,H,L,24,34,19,31,269,3,3,82.0,5,0,0,0,0,,16.76,16.76,17704,False,fum_rec_td,PFR+RULE2PT
Jim Plunkett,1983,16,1983-12-18,False,RAI,SDG,H,W,30,14,21,30,332,1,1,103.8,1,0,0,0,0,,15.28,15.28,17704,False,fum_rec_td,PFR+RULE2PT
Jim Plunkett,1983,17,1984-01-01,True,RAI,PIT,H,W,38,10,21,34,232,0,0,82.0,0,2,23,0,0,,11.58,11.58,17704,False,fum_rec_td,PFR+RULE2PT
Jim Plunkett,1983,18,1984-01-08,True,RAI,SEA,H,W,30,14,17,24,214,1,2,77.4,0,7,26,0,0,,11.16,11.16,17704,False,fum_rec_td,PFR+RULE2PT
Jim Plunkett,1983,19,1984-01-22,True,RAI,WAS,N,W,38,9,16,25,172,1,0,97.4,0,1,-2,0,0,,10.68,10.68,17704,False,fum_rec_td,PFR+RULE2PT
Jim Plunkett,1984,1,1984-09-02,False,RAI,HOU,A,W,24,14,15,36,198,0,0,59.7,3,5,16,1,0,,15.52,15.52,17704,False,fum_rec_td,PFR+RULE2PT
Jim Plunkett,1984,2,1984-09-09,False,RAI,GNB,H,W,28,7,14,22,154,1,1,80.5,5,1,7,0,0,,8.86,8.86,17704,False,fum_rec_td,PFR+RULE2PT
Jim Plunkett,1984,3,1984-09-16,False,RAI,KAN,A,W,22,20,28,47,313,1,4,51.1,1,3,-1,0,0,,8.42,8.42,17704,False,fum_rec_td,PFR+RULE2PT
Jim Plunkett,1984,4,1984-09-24,False,RAI,SDG,H,W,33,30,24,33,363,1,1,106.0,2,1,-2,0,0,,16.32,16.32,17704,False,fum_rec_td,PFR+RULE2PT
Jim Plunkett,1984,5,1984-09-30,False,RAI,DEN,A,L,13,16,15,32,220,1,2,54.2,1,3,-4,0,0,,8.4,8.4,17704,False,fum_rec_td,PFR+RULE2PT
Jim Plunkett,1984,6,1984-10-07,False,RAI,SEA,H,W,28,14,0,4,0,0,1,0.0,0,0,0,0,0,,-2.0,-2.0,17704,False,fum_rec_td,PFR+RULE2PT
Jim Plunkett,1984,15,1984-12-10,False,RAI,DET,A,W,24,3,3,4,102,1,0,156.2,0,3,-2,0,0,,7.88,7.88,17704,False,fum_rec_td,PFR+RULE2PT
Jim Plunkett,1984,16,1984-12-16,False,RAI,PIT,H,L,7,13,9,20,123,1,1,61.0,1,0,0,0,0,,6.92,6.92,17704,False,fum_rec_td,PFR+RULE2PT
Jim Plunkett,1984,17,1984-12-22,True,RAI,SEA,A,L,7,13,14,27,184,1,2,55.2,0,0,0,0,0,,7.36,7.36,17704,False,fum_rec_td,PFR+RULE2PT
Jim Plunkett,1985,1,1985-09-08,False,RAI,NYJ,H,W,31,0,14,21,242,1,0,121.5,4,2,6,0,0,,14.28,14.28,17704,False,fum_rec_td,PFR+RULE2PT
Jim Plunkett,1985,2,1985-09-12,False,RAI,KAN,A,L,20,36,34,48,303,2,2,83.9,3,2,6,0,0,,16.72,16.72,17704,False,fum_rec_td,PFR+RULE2PT
Jim Plunkett,1985,3,1985-09-22,False,RAI,SFO,H,L,10,34,23,34,258,0,1,77.8,6,1,0,0,0,,8.32,8.32,17704,False,fum_rec_td,PFR+RULE2PT
Jim Plunkett,1986,3,1986-09-21,False,RAI,NYG,H,L,9,14,21,41,281,0,0,73.3,3,2,4,0,0,,11.64,11.64,17704,False,fum_rec_td,PFR+RULE2PT
Jim Plunkett,1986,5,1986-10-05,False,RAI,KAN,A,W,24,17,8,10,108,1,0,145.0,1,1,-2,0,0,,8.12,8.12,17704,False,fum_rec_td,PFR+RULE2PT
Jim Plunkett,1986,6,1986-10-12,False,RAI,SEA,H,W,14,10,15,26,199,2,1,91.7,2,3,19,0,0,,15.86,15.86,17704,False,fum_rec_td,PFR+RULE2PT
Jim Plunkett,1986,10,1986-11-09,False,RAI,DAL,A,W,17,13,7,12,119,2,0,131.6,2,1,6,0,0,,13.36,13.36,17704,False,fum_rec_td,PFR+RULE2PT
Jim Plunkett,1986,11,1986-11-16,False,RAI,CLE,H,W,27,14,14,26,220,3,0,120.7,2,3,5,0,0,,21.3,21.3,17704,False,fum_rec_td,PFR+RULE2PT
Jim Plunkett,1986,12,1986-11-20,False,RAI,SDG,A,W,37,31,23,40,348,2,1,92.5,3,2,15,0,0,,21.42,21.42,17704,False,fum_rec_td,PFR+RULE2PT
Jim Plunkett,1986,13,1986-11-30,False,RAI,PHI,H,L,27,33,16,42,366,2,2,66.2,6,0,0,0,0,,18.64,18.64,17704,False,fum_rec_td,PFR+RULE2PT
Jim Plunkett,1986,14,1986-12-08,False,RAI,SEA,A,L,0,37,4,11,61,0,1,17.6,6,0,0,0,0,,0.44,0.44,17704,False,fum_rec_td,PFR+RULE2PT
Jim Plunkett,1986,15,1986-12-14,False,RAI,KAN,H,L,17,20,15,29,143,1,4,37.6,1,0,0,0,0,,1.72,1.72,17704,False,fum_rec_td,PFR+RULE2PT
Jim Plunkett,1986,16,1986-12-21,False,RAI,IND,H,L,24,30,10,15,141,1,0,119.0,1,0,0,0,0,,9.64,9.64,17704,False,fum_rec_td,PFR+RULE2PT
Steve Grogan,1980,1,1980-09-07,False,NWE,CLE,H,W,34,17,17,26,277,3,1,123.4,,3,23,0,0,,23.38,23.38,8568,False,sacked;fum_rec_td,PFR+RULE2PT
Steve Grogan,1980,2,1980-09-14,False,NWE,ATL,H,L,21,37,17,31,169,2,1,78.6,,5,27,0,0,,15.46,15.46,8568,False,sacked;fum_rec_td,PFR+RULE2PT
Steve Grogan,1980,3,1980-09-21,False,NWE,SEA,A,W,37,31,15,24,271,3,1,123.4,,5,15,0,0,,22.34,22.34,8568,False,sacked;fum_rec_td,PFR+RULE2PT
Steve Grogan,1980,4,1980-09-29,False,NWE,DEN,H,W,23,14,17,24,209,1,1,93.9,,8,15,0,0,,11.86,11.86,8568,False,sacked;fum_rec_td,PFR+RULE2PT
Steve Grogan,1980,5,1980-10-05,False,NWE,NYJ,A,W,21,11,6,9,35,0,0,73.8,,1,-2,0,0,,1.2,1.2,8568,False,sacked;fum_rec_td,PFR+RULE2PT
Steve Grogan,1980,6,1980-10-12,False,NWE,MIA,H,W,34,0,11,18,173,1,3,72.0,,0,0,0,0,,4.92,4.92,8568,False,sacked;fum_rec_td,PFR+RULE2PT
Steve Grogan,1980,7,1980-10-19,False,NWE,BAL,A,W,37,21,15,24,264,1,0,113.9,,1,14,0,0,,15.96,15.96,8568,False,sacked;fum_rec_td,PFR+RULE2PT
Steve Grogan,1980,8,1980-10-26,False,NWE,BUF,A,L,13,31,13,29,138,1,4,31.2,,1,4,0,0,,1.92,1.92,8568,False,sacked;fum_rec_td,PFR+RULE2PT
Steve Grogan,1980,9,1980-11-02,False,NWE,NYJ,H,W,34,21,12,26,166,2,1,76.8,,2,-3,0,0,,12.34,12.34,8568,False,sacked;fum_rec_td,PFR+RULE2PT
Steve Grogan,1980,10,1980-11-10,False,NWE,HOU,A,L,34,38,25,39,374,3,2,99.7,,1,8,0,0,,23.76,23.76,8568,False,sacked;fum_rec_td,PFR+RULE2PT
Steve Grogan,1980,11,1980-11-16,False,NWE,RAM,H,L,14,17,11,24,125,1,2,41.1,,3,11,1,0,,12.1,12.1,8568,False,sacked;fum_rec_td,PFR+RULE2PT
Steve Grogan,1980,13,1980-11-30,False,NWE,SFO,A,L,17,21,16,32,274,0,6,39.8,,0,0,0,0,,-1.04,-1.04,8568,False,sacked;fum_rec_td,PFR+RULE2PT
Steve Grogan,1981,1,1981-09-06,False,NWE,BAL,H,L,28,29,14,27,261,2,2,79.4,,0,0,0,0,,16.04,17.04,8568,False,sacked;fum_rec_td,PFR+RULE2PT
Steve Grogan,1981,2,1981-09-13,False,NWE,PHI,A,L,3,13,7,19,105,0,3,16.2,,2,2,0,0,,-1.6,-1.6,8568,False,sacked;fum_rec_td,PFR+RULE2PT
Steve Grogan,1981,6,1981-10-11,False,NWE,NYJ,A,L,24,28,19,32,330,1,2,78.9,,0,0,0,0,,13.2,13.2,8568,False,sacked;fum_rec_td,PFR+RULE2PT
Steve Grogan,1981,7,1981-10-18,False,NWE,HOU,H,W,38,10,11,19,164,2,1,99.5,,2,24,1,0,,20.96,20.96,8568,False,sacked;fum_rec_td,PFR+RULE2PT
Steve Grogan,1981,8,1981-10-25,False,NWE,WAS,A,L,22,24,17,30,306,0,2,64.0,,5,9,0,0,,9.14,9.14,8568,False,sacked;fum_rec_td,PFR+RULE2PT
Steve Grogan,1981,9,1981-11-01,False,NWE,OAK,A,L,17,27,17,30,233,1,1,78.9,,0,0,0,0,,12.42,13.42,8568,False,sacked;fum_rec_td,PFR+RULE2PT
Steve Grogan,1981,10,1981-11-08,False,NWE,MIA,H,L,27,30,23,40,355,1,4,55.7,,2,5,1,0,,16.7,16.7,8568,False,sacked;fum_rec_td,PFR+RULE2PT
Steve Grogan,1981,11,1981-11-15,False,NWE,NYJ,H,L,6,17,9,19,105,0,1,42.7,,1,9,0,0,,3.1,3.1,8568,False,sacked;fum_rec_td,PFR+RULE2PT
Steve Grogan,1982,4,1982-11-28,False,NWE,HOU,H,W,29,21,10,16,195,3,0,144.5,2,0,0,0,0,,19.8,19.8,8568,False,fum_rec_td,PFR+RULE2PT
Steve Grogan,1982,5,1982-12-05,False,NWE,CHI,A,L,13,26,13,28,231,0,2,45.4,5,2,3,1,0,,11.54,11.54,8568,False,fum_rec_td,PFR+RULE2PT
Steve Grogan,1982,6,1982-12-12,False,NWE,MIA,H,W,3,0,2,5,13,0,1,8.3,0,1,0,0,0,,-1.48,-1.48,8568,False,fum_rec_td,PFR+RULE2PT
Steve Grogan,1982,7,1982-12-19,False,NWE,SEA,A,W,16,0,14,20,157,1,0,109.8,1,3,11,0,0,,11.38,11.38,8568,False,fum_rec_td,PFR+RULE2PT
Steve Grogan,1982,8,1982-12-26,False,NWE,PIT,A,L,14,37,7,19,74,0,0,49.0,0,1,10,0,0,,3.96,3.96,8568,False,fum_rec_td,PFR+RULE2PT
Steve Grogan,1982,9,1983-01-02,False,NWE,BUF,H,W,30,19,20,34,260,3,1,100.1,0,2,18,0,0,,22.2,22.2,8568,False,fum_rec_td,PFR+RULE2PT
Steve Grogan,1982,10,1983-01-08,True,NWE,MIA,A,L,13,28,16,30,189,1,2,56.1,4,0,0,0,0,,7.56,7.56,8568,False,fum_rec_td,PFR+RULE2PT
Steve Grogan,1983,1,1983-09-04,False,NWE,BAL,H,L,23,29,13,26,257,2,1,94.6,7,4,26,0,0,,18.88,18.88,8568,False,fum_rec_td,PFR+RULE2PT
Steve Grogan,1983,2,1983-09-11,False,NWE,MIA,A,L,24,34,10,16,151,2,1,107.0,4,2,12,0,0,,13.24,13.24,8568,False,fum_rec_td,PFR+RULE2PT
Steve Grogan,1983,3,1983-09-18,False,NWE,NYJ,H,W,23,13,9,11,85,0,0,98.9,2,0,0,0,0,,3.4,3.4,8568,False,fum_rec_td,PFR+RULE2PT
Steve Grogan,1983,4,1983-09-25,False,NWE,PIT,A,W,28,23,9,15,222,2,1,116.0,2,3,3,0,0,,15.18,15.18,8568,False,fum_rec_td,PFR+RULE2PT
Steve Grogan,1983,5,1983-10-02,False,NWE,SFO,H,L,13,33,16,29,251,2,1,92.7,4,0,0,0,0,,16.04,16.04,8568,False,fum_rec_td,PFR+RULE2PT
Steve Grogan,1983,6,1983-10-09,False,NWE,BAL,A,L,7,12,19,34,270,1,2,67.0,4,2,3,0,0,,11.1,11.1,8568,False,fum_rec_td,PFR+RULE2PT
Steve Grogan,1983,7,1983-10-16,False,NWE,SDG,H,W,37,21,17,33,180,0,0,67.7,1,1,1,1,0,,13.3,13.3,8568,False,fum_rec_td,PFR+RULE2PT
Steve Grogan,1983,8,1983-10-23,False,NWE,BUF,A,W,31,0,17,29,251,2,0,110.0,1,3,10,0,0,,19.04,19.04,8568,False,fum_rec_td,PFR+RULE2PT
Steve Grogan,1983,9,1983-10-30,False,NWE,ATL,A,L,13,24,22,36,257,2,1,89.7,1,3,30,0,0,,19.28,19.28,8568,False,fum_rec_td,PFR+RULE2PT
Steve Grogan,1983,10,1983-11-06,False,NWE,BUF,H,W,21,7,15,28,251,2,2,78.1,0,1,9,0,0,,14.14,15.14,8568,False,fum_rec_td,PFR+RULE2PT
Steve Grogan,1983,11,1983-11-13,False,NWE,MIA,H,W,17,6,12,26,162,0,0,66.5,1,3,3,1,0,,12.78,12.78,8568,False,fum_rec_td,PFR+RULE2PT
Steve Grogan,1983,12,1983-11-20,False,NWE,CLE,H,L,0,30,9,20,74,0,3,15.4,2,1,11,0,0,,-1.94,-1.94,8568,False,fum_rec_td,PFR+RULE2PT
Steve Grogan,1984,1,1984-09-02,False,NWE,BUF,A,W,21,17,12,22,227,2,1,101.9,2,3,-4,0,0,,14.68,14.68,8568,False,fum_rec_td,PFR+RULE2PT
Steve Grogan,1984,2,1984-09-09,False,NWE,MIA,A,L,7,28,20,42,217,1,4,31.6,2,3,16,0,0,,6.28,6.28,8568,False,fum_rec_td,PFR+RULE2PT
Steve Grogan,1984,3,1984-09-16,False,NWE,SEA,H,W,38,23,0,4,0,0,1,0.0,3,1,0,0,0,,-2.0,-2.0,8568,False,fum_rec_td,PFR+RULE2PT
Steve Grogan,1985,6,1985-10-13,False,NWE,BUF,H,W,14,3,15,19,282,1,0,136.3,1,1,0,0,0,,15.28,15.28,8568,False,fum_rec_td,PFR+RULE2PT
Steve Grogan,1985,7,1985-10-20,False,NWE,NYJ,H,W,20,13,11,32,171,1,1,50.4,2,8,2,1,0,,15.04,15.04,8568,False,fum_rec_td,PFR+RULE2PT
Steve Grogan,1985,8,1985-10-27,False,NWE,TAM,A,W,32,14,14,21,237,0,0,104.7,3,1,9,0,0,,10.38,10.38,8568,False,fum_rec_td,PFR+RULE2PT
Steve Grogan,1985,9,1985-11-03,False,NWE,MIA,H,W,17,13,14,31,188,1,3,36.2,2,2,13,1,0,,12.82,12.82,8568,False,fum_rec_td,PFR+RULE2PT
Steve Grogan,1985,10,1985-11-10,False,NWE,IND,H,W,34,15,13,22,190,2,0,117.6,3,3,2,0,0,,15.8,15.8,8568,False,fum_rec_td,PFR+RULE2PT
Steve Grogan,1985,11,1985-11-17,False,NWE,SEA,A,W,20,13,15,27,198,2,1,88.2,0,4,3,0,0,,14.22,14.22,8568,False,fum_rec_td,PFR+RULE2PT
Steve Grogan,1985,12,1985-11-24,False,NWE,NYJ,A,L,13,16,3,4,45,0,0,111.5,0,1,0,0,0,,1.8,1.8,8568,False,fum_rec_td,PFR+RULE2PT
Steve Grogan,1985,20,1986-01-26,True,NWE,CHI,N,L,10,46,17,30,177,1,2,57.2,4,1,3,0,0,,7.38,7.38,8568,False,fum_rec_td,PFR+RULE2PT
Steve Grogan,1986,5,1986-10-05,False,NWE,MIA,H,W,34,7,6,10,106,1,0,129.6,0,2,11,0,0,,9.34,9.34,8568,False,fum_rec_td,PFR+RULE2PT
Steve Grogan,1986,6,1986-10-12,False,NWE,NYJ,H,L,24,31,23,42,401,3,0,111.3,2,0,0,0,0,,28.04,28.04,8568,False,fum_rec_td,PFR+RULE2PT
Steve Grogan,1986,7,1986-10-19,False,NWE,PIT,A,W,34,0,18,26,243,3,1,121.2,1,1,0,0,0,,19.72,19.72,8568,False,fum_rec_td,PFR+RULE2PT
Steve Grogan,1986,16,1986-12-22,False,NWE,MIA,A,W,34,27,15,24,226,2,1,103.8,1,6,12,1,0,,22.24,22.24,8568,False,fum_rec_td,PFR+RULE2PT
Steve Grogan,1987,1,1987-09-13,False,NWE,MIA,H,W,28,21,14,21,150,1,2,63.7,0,4,8,0,0,,6.8,6.8,8568,False,fum_rec_td,PFR+RULE2PT
Steve Grogan,1987,7,1987-11-01,False,NWE,RAI,H,W,26,23,14,27,282,1,1,85.7,2,2,14,0,0,,14.68,14.68,8568,False,fum_rec_td,PFR+RULE2PT
Steve Grogan,1987,8,1987-11-08,False,NWE,NYG,A,L,10,17,18,36,175,1,3,38.5,2,1,6,0,0,,5.6,5.6,8568,False,fum_rec_td,PFR+RULE2PT
Steve Grogan,1987,9,1987-11-15,False,NWE,DAL,H,L,17,23,6,12,73,0,1,34.4,2,3,1,1,0,,7.02,7.02,8568,False,fum_rec_td,PFR+RULE2PT
Steve Grogan,1987,13,1987-12-13,False,NWE,NYJ,H,W,42,20,11,18,180,4,0,134.3,1,2,7,1,0,,29.9,29.9,8568,False,fum_rec_td,PFR+RULE2PT
Steve Grogan,1987,14,1987-12-20,False,NWE,BUF,A,W,13,7,9,15,85,1,2,58.3,0,5,4,0,0,,3.8,3.8,8568,False,fum_rec_td,PFR+RULE2PT
Steve Grogan,1987,15,1987-12-28,False,NWE,MIA,A,W,24,10,21,32,238,2,0,108.6,0,3,-3,0,0,,17.22,17.22,8568,False,fum_rec_td,PFR+RULE2PT
Steve Grogan,1988,1,1988-09-04,False,NWE,NYJ,H,W,28,3,16,31,256,2,1,87.6,1,1,0,0,0,,16.24,16.24,8568,False,fum_rec_td,PFR+RULE2PT
Steve Grogan,1988,2,1988-09-11,False,NWE,MIN,A,L,6,36,9,26,106,0,3,8.3,0,1,6,0,0,,-1.16,-1.16,8568,False,fum_rec_td,PFR+RULE2PT
Steve Grogan,1988,3,1988-09-18,False,NWE,BUF,H,L,14,16,14,20,195,2,2,94.8,4,0,0,0,0,,11.8,11.8,8568,False,fum_rec_td,PFR+RULE2PT
Steve Grogan,1988,4,1988-09-25,False,NWE,HOU,A,L,6,31,16,34,136,0,4,18.4,2,4,6,1,0,,4.04,4.04,8568,False,fum_rec_td,PFR+RULE2PT
Steve Grogan,1988,6,1988-10-09,False,NWE,GNB,A,L,3,45,2,7,32,0,2,6.5,0,0,0,0,0,,-2.72,-2.72,8568,False,fum_rec_td,PFR+RULE2PT
Steve Grogan,1988,16,1988-12-17,False,NWE,DEN,A,L,10,21,10,22,109,0,1,41.7,1,0,0,0,0,,2.36,2.36,8568,False,fum_rec_td,PFR+RULE2PT
Steve Grogan,1989,7,1989-10-22,False,NWE,SFO,A,L,20,37,15,29,240,2,2,73.9,1,0,0,0,0,,13.6,13.6,8568,False,fum_rec_td,PFR+RULE2PT
Steve Grogan,1989,8,1989-10-29,False,NWE,IND,A,W,23,20,28,46,355,1,2,74.1,3,3,6,0,0,,14.8,14.8,8568,False,fum_rec_td,PFR+RULE2PT
Steve Grogan,1989,9,1989-11-05,False,NWE,NYJ,H,L,26,27,13,26,160,0,1,53.4,1,1,7,0,0,,5.1,5.1,8568,False,fum_rec_td,PFR+RULE2PT
Steve Grogan,1989,10,1989-11-12,False,NWE,NOR,H,L,24,28,27,59,283,1,1,58.8,2,2,5,0,0,,13.82,13.82,8568,False,fum_rec_td,PFR+RULE2PT
Steve Grogan,1989,11,1989-11-19,False,NWE,BUF,H,W,33,24,12,26,167,1,3,40.5,0,0,0,0,0,,4.68,4.68,8568,False,fum_rec_td,PFR+RULE2PT
Steve Grogan,1989,12,1989-11-26,False,NWE,RAI,A,L,21,24,13,29,179,3,3,60.1,0,1,-1,0,0,,13.06,13.06,8568,False,fum_rec_td,PFR+RULE2PT
Steve Grogan,1989,16,1989-12-24,False,NWE,RAM,H,L,20,24,25,46,313,1,2,64.9,1,2,2,0,0,,12.72,12.72,8568,False,fum_rec_td,PFR+RULE2PT
Joe Theismann,1980,1,1980-09-08,False,WAS,DAL,H,L,3,17,19,34,190,0,1,59.7,,2,7,0,0,,6.3,6.3,21982,False,sacked;fum_rec_td,PFR+RULE2PT
Joe Theismann,1980,2,1980-09-14,False,WAS,NYG,A,W,23,21,10,21,120,1,0,81.4,,3,41,1,0,,18.9,18.9,21982,False,sacked;fum_rec_td,PFR+RULE2PT
Joe Theismann,1980,3,1980-09-21,False,WAS,OAK,A,L,21,24,19,36,204,2,1,76.6,,2,16,1,0,,21.76,21.76,21982,False,sacked;fum_rec_td,PFR+RULE2PT
Joe Theismann,1980,4,1980-09-28,False,WAS,SEA,H,L,0,14,16,35,200,0,4,24.4,,0,0,0,0,,0.0,0.0,21982,False,sacked;fum_rec_td,PFR+RULE2PT
Joe Theismann,1980,5,1980-10-05,False,WAS,PHI,A,L,14,24,19,33,232,1,1,76.8,,0,0,0,0,,11.28,11.28,21982,False,sacked;fum_rec_td,PFR+RULE2PT
Joe Theismann,1980,6,1980-10-13,False,WAS,DEN,A,L,17,20,18,23,158,1,0,109.8,,3,9,0,0,,11.22,11.22,21982,False,sacked;fum_rec_td,PFR+RULE2PT
Joe Theismann,1980,7,1980-10-19,False,WAS,STL,H,W,23,0,21,31,307,2,1,107.9,,2,2,0,0,,18.48,18.48,21982,False,sacked;fum_rec_td,PFR+RULE2PT
Joe Theismann,1980,8,1980-10-26,False,WAS,NOR,H,W,22,14,15,29,185,1,0,83.3,,3,4,0,0,,11.8,11.8,21982,False,sacked;fum_rec_td,PFR+RULE2PT
Joe Theismann,1980,9,1980-11-02,False,WAS,MIN,H,L,14,39,20,34,206,1,2,61.6,,2,18,0,0,,10.04,10.04,21982,False,sacked;fum_rec_td,PFR+RULE2PT
Joe Theismann,1980,10,1980-11-09,False,WAS,CHI,A,L,21,35,24,34,305,2,2,93.4,,6,64,1,0,,28.6,28.6,21982,False,sacked;fum_rec_td,PFR+RULE2PT
Joe Theismann,1980,11,1980-11-16,False,WAS,PHI,H,L,0,24,16,34,164,0,3,24.6,,0,0,0,0,,0.56,0.56,21982,False,sacked;fum_rec_td,PFR+RULE2PT
Joe Theismann,1980,12,1980-11-23,False,WAS,DAL,A,L,10,14,4,9,26,0,0,51.6,,0,0,0,0,,1.04,1.04,21982,False,sacked;fum_rec_td,PFR+RULE2PT
Joe Theismann,1980,13,1980-11-30,False,WAS,ATL,A,L,6,10,0,0,0,0,0,0,,0,0,0,0,,0.0,0.0,21982,False,sacked;fum_rec_td,PFR+RULE2PT
Joe Theismann,1980,14,1980-12-07,False,WAS,SDG,H,W,40,17,26,37,269,2,0,109.0,,2,4,0,0,,19.16,19.16,21982,False,sacked;fum_rec_td,PFR+RULE2PT
Joe Theismann,1980,15,1980-12-13,False,WAS,NYG,H,W,16,13,16,32,136,1,1,58.9,,4,10,0,0,,8.44,8.44,21982,False,sacked;fum_rec_td,PFR+RULE2PT
Joe Theismann,1980,16,1980-12-21,False,WAS,STL,A,W,31,7,19,32,260,3,0,116.7,,0,0,0,0,,22.4,22.4,21982,False,sacked;fum_rec_td,PFR+RULE2PT
Joe Theismann,1981,1,1981-09-06,False,WAS,DAL,H,L,10,26,22,48,281,1,4,36.9,,1,0,0,0,,7.24,7.24,21982,False,sacked;fum_rec_td,PFR+RULE2PT
Joe Theismann,1981,2,1981-09-13,False,WAS,NYG,H,L,7,17,27,48,318,1,1,74.8,,0,0,0,0,,14.72,14.72,21982,False,sacked;fum_rec_td,PFR+RULE2PT
Joe Theismann,1981,3,1981-09-20,False,WAS,STL,A,L,30,40,25,37,388,4,1,126.9,,1,11,0,0,,30.62,30.62,21982,False,sacked;fum_rec_td,PFR+RULE2PT
Joe Theismann,1981,4,1981-09-27,False,WAS,PHI,A,L,13,36,22,32,265,0,1,80.9,,1,4,0,0,,9.0,9.0,21982,False,sacked;fum_rec_td,PFR+RULE2PT
Joe Theismann,1981,5,1981-10-04,False,WAS,SFO,H,L,17,30,10,24,123,0,2,23.4,,1,1,0,0,,1.02,1.02,21982,False,sacked;fum_rec_td,PFR+RULE2PT
Joe Theismann,1981,6,1981-10-11,False,WAS,CHI,A,W,24,7,12,25,83,0,1,39.2,,1,2,0,0,,1.52,1.52,21982,False,sacked;fum_rec_td,PFR+RULE2PT
Joe Theismann,1981,7,1981-10-18,False,WAS,MIA,A,L,10,13,17,23,149,0,1,72.6,,5,19,0,0,,5.86,5.86,21982,False,sacked;fum_rec_td,PFR+RULE2PT
Joe Theismann,1981,8,1981-10-25,False,WAS,NWE,H,W,24,22,14,23,162,1,0,96.6,,3,-2,1,0,,16.28,16.28,21982,False,sacked;fum_rec_td,PFR+RULE2PT
Joe Theismann,1981,9,1981-11-01,False,WAS,STL,H,W,42,21,14,19,219,3,0,151.1,,0,0,0,0,,20.76,20.76,21982,False,sacked;fum_rec_td,PFR+RULE2PT
Joe Theismann,1981,10,1981-11-08,False,WAS,DET,H,W,33,31,19,31,287,1,2,75.6,,2,21,0,0,,13.58,13.58,21982,False,sacked;fum_rec_td,PFR+RULE2PT
Joe Theismann,1981,11,1981-11-15,False,WAS,NYG,A,W,30,27,25,38,242,2,1,90.0,,5,49,0,0,,20.58,20.58,21982,False,sacked;fum_rec_td,PFR+RULE2PT
Joe Theismann,1981,12,1981-11-22,False,WAS,DAL,A,L,10,24,14,34,158,1,1,53.3,,2,11,0,0,,9.42,9.42,21982,False,sacked;fum_rec_td,PFR+RULE2PT
Joe Theismann,1981,13,1981-11-29,False,WAS,BUF,A,L,14,21,22,34,220,1,1,80.5,,4,16,0,0,,12.4,12.4,21982,False,sacked;fum_rec_td,PFR+RULE2PT
Joe Theismann,1981,14,1981-12-06,False,WAS,PHI,H,W,15,13,13,22,87,0,2,29.9,,4,-7,0,0,,-1.22,-1.22,21982,False,sacked;fum_rec_td,PFR+RULE2PT
Joe Theismann,1981,15,1981-12-13,False,WAS,BAL,H,W,38,14,23,36,339,2,1,101.5,,2,12,1,0,,26.76,26.76,21982,False,sacked;fum_rec_td,PFR+RULE2PT
Joe Theismann,1981,16,1981-12-20,False,WAS,RAM,A,W,30,7,14,22,247,2,1,113.3,,4,40,0,0,,19.88,19.88,21982,False,sacked;fum_rec_td,PFR+RULE2PT
Joe Theismann,1982,1,1982-09-12,False,WAS,PHI,A,W,37,34,28,39,382,3,0,128.4,1,3,18,0,0,,29.08,29.08,21982,False,fum_rec_td,PFR+RULE2PT
Joe Theismann,1982,2,1982-09-19,False,WAS,TAM,A,W,21,13,12,20,112,1,0,92.1,6,2,6,0,0,,9.08,9.08,21982,False,fum_rec_td,PFR+RULE2PT
Joe Theismann,1982,3,1982-11-21,False,WAS,NYG,A,W,27,17,16,24,185,2,0,117.5,1,4,19,0,0,,17.3,17.3,21982,False,fum_rec_td,PFR+RULE2PT
Joe Theismann,1982,4,1982-11-28,False,WAS,PHI,H,W,13,9,14,28,259,1,2,64.4,4,7,1,0,0,,10.46,10.46,21982,False,fum_rec_td,PFR+RULE2PT
Joe Theismann,1982,5,1982-12-05,False,WAS,DAL,H,L,10,24,19,29,234,1,3,62.2,7,1,8,0,0,,8.16,8.16,21982,False,fum_rec_td,PFR+RULE2PT
Joe Theismann,1982,6,1982-12-12,False,WAS,STL,A,W,12,7,17,26,188,0,0,86.7,2,1,11,0,0,,8.62,8.62,21982,False,fum_rec_td,PFR+RULE2PT
Joe Theismann,1982,7,1982-12-19,False,WAS,NYG,H,W,15,14,25,38,252,0,4,45.0,1,6,21,0,0,,4.18,4.18,21982,False,fum_rec_td,PFR+RULE2PT
Joe Theismann,1982,8,1982-12-26,False,WAS,NOR,A,W,27,10,14,23,264,2,0,129.6,3,5,58,0,0,,24.36,24.36,21982,False,fum_rec_td,PFR+RULE2PT
Joe Theismann,1982,9,1983-01-02,False,WAS,STL,H,W,28,0,16,25,157,3,0,121.2,5,2,8,0,0,,19.08,19.08,21982,False,fum_rec_td,PFR+RULE2PT
Joe Theismann,1982,10,1983-01-08,True,WAS,DET,H,W,31,7,14,19,210,3,0,149.1,2,2,6,0,0,,21.0,21.0,21982,False,fum_rec_td,PFR+RULE2PT
Joe Theismann,1982,11,1983-01-15,True,WAS,MIN,H,W,21,7,17,23,213,2,1,113.1,2,3,4,0,0,,14.92,14.92,21982,False,fum_rec_td,PFR+RULE2PT
Joe Theismann,1982,12,1983-01-22,True,WAS,DAL,H,W,31,17,12,20,150,1,0,100.0,3,1,-3,0,0,,9.7,9.7,21982,False,fum_rec_td,PFR+RULE2PT
Joe Theismann,1982,13,1983-01-30,True,WAS,MIA,N,W,27,17,15,23,143,2,2,75.1,3,3,20,0,0,,11.72,11.72,21982,False,fum_rec_td,PFR+RULE2PT
Joe Theismann,1983,1,1983-09-05,False,WAS,DAL,H,L,30,31,28,38,325,2,1,105.7,3,3,36,0,0,,22.6,22.6,21982,False,fum_rec_td,PFR+RULE2PT
Joe Theismann,1983,2,1983-09-11,False,WAS,PHI,A,W,23,13,15,26,142,1,0,85.7,2,1,8,0,0,,10.48,10.48,21982,False,fum_rec_td,PFR+RULE2PT
Joe Theismann,1983,3,1983-09-18,False,WAS,KAN,H,W,27,12,12,27,153,2,2,56.6,0,2,13,0,0,,11.42,11.42,21982,False,fum_rec_td,PFR+RULE2PT
Joe Theismann,1983,4,1983-09-25,False,WAS,SEA,A,W,27,17,9,16,162,3,0,130.7,0,5,18,0,0,,20.28,20.28,21982,False,fum_rec_td,PFR+RULE2PT
Joe Theismann,1983,5,1983-10-02,False,WAS,RAI,H,W,37,35,23,39,417,3,0,121.4,6,2,-3,0,0,,28.38,28.38,21982,False,fum_rec_td,PFR+RULE2PT
Joe Theismann,1983,6,1983-10-09,False,WAS,STL,A,W,38,14,14,25,138,2,0,98.4,0,0,0,0,0,,13.52,13.52,21982,False,fum_rec_td,PFR+RULE2PT
Joe Theismann,1983,7,1983-10-17,False,WAS,GNB,A,L,47,48,27,39,398,2,0,119.4,4,1,14,0,0,,25.32,25.32,21982,False,fum_rec_td,PFR+RULE2PT
Joe Theismann,1983,8,1983-10-23,False,WAS,DET,H,W,38,17,15,23,247,2,0,130.2,2,2,8,0,0,,18.68,18.68,21982,False,fum_rec_td,PFR+RULE2PT
Joe Theismann,1983,9,1983-10-31,False,WAS,SDG,A,W,27,24,25,46,324,1,1,74.9,1,2,15,0,0,,16.46,16.46,21982,False,fum_rec_td,PFR+RULE2PT
Joe Theismann,1983,10,1983-11-06,False,WAS,STL,H,W,45,7,13,24,167,0,1,58.9,1,1,5,0,0,,5.18,5.18,21982,False,fum_rec_td,PFR+RULE2PT
Joe Theismann,1983,11,1983-11-13,False,WAS,NYG,A,W,33,17,18,28,157,1,0,90.9,4,3,8,0,0,,11.08,11.08,21982,False,fum_rec_td,PFR+RULE2PT
Joe Theismann,1983,12,1983-11-20,False,WAS,RAM,A,W,42,20,17,29,239,1,0,96.8,0,4,26,0,0,,16.16,16.16,21982,False,fum_rec_td,PFR+RULE2PT
Joe Theismann,1983,13,1983-11-27,False,WAS,PHI,H,W,28,24,16,26,248,2,1,102.7,0,4,27,0,0,,18.62,18.62,21982,False,fum_rec_td,PFR+RULE2PT
Joe Theismann,1983,14,1983-12-04,False,WAS,ATL,H,W,37,21,17,28,221,3,0,121.3,1,2,15,0,0,,22.34,22.34,21982,False,fum_rec_td,PFR+RULE2PT
Joe Theismann,1983,15,1983-12-11,False,WAS,DAL,A,W,31,10,11,17,203,2,1,120.5,4,3,24,0,0,,16.52,16.52,21982,False,fum_rec_td,PFR+RULE2PT
Joe Theismann,1983,16,1983-12-17,False,WAS,NYG,H,W,31,22,16,28,173,2,4,59.7,6,2,20,1,0,,14.92,14.92,21982,False,fum_rec_td,PFR+RULE2PT
Joe Theismann,1983,17,1984-01-01,True,WAS,RAM,H,W,51,7,18,23,302,2,0,147.7,0,0,0,0,0,,20.08,20.08,21982,False,fum_rec_td,PFR+RULE2PT
Joe Theismann,1983,18,1984-01-08,True,WAS,SFO,H,W,24,21,14,26,229,1,1,80.4,3,2,12,0,0,,12.36,12.36,21982,False,fum_rec_td,PFR+RULE2PT
Joe Theismann,1983,19,1984-01-22,True,WAS,RAI,N,L,9,38,16,35,243,0,2,45.3,6,3,18,0,0,,7.52,7.52,21982,False,fum_rec_td,PFR+RULE2PT
Joe Theismann,1984,1,1984-09-02,False,WAS,MIA,H,L,17,35,21,36,204,0,2,51.2,2,2,20,0,0,,6.16,6.16,21982,False,fum_rec_td,PFR+RULE2PT
Joe Theismann,1984,2,1984-09-10,False,WAS,SFO,A,L,31,37,24,43,331,2,0,96.2,4,7,35,0,0,,24.74,24.74,21982,False,fum_rec_td,PFR+RULE2PT
Joe Theismann,1984,3,1984-09-16,False,WAS,NYG,H,W,30,14,15,30,145,0,2,36.1,2,4,17,0,0,,3.5,3.5,21982,False,fum_rec_td,PFR+RULE2PT
Joe Theismann,1984,4,1984-09-23,False,WAS,NWE,A,W,26,10,11,19,110,1,0,92.0,2,4,34,0,0,,11.8,11.8,21982,False,fum_rec_td,PFR+RULE2PT
Joe Theismann,1984,5,1984-09-30,False,WAS,PHI,H,W,20,0,9,20,114,1,1,59.2,3,6,56,0,0,,12.16,12.16,21982,False,fum_rec_td,PFR+RULE2PT
Joe Theismann,1984,6,1984-10-07,False,WAS,IND,A,W,35,7,17,20,267,4,1,137.5,1,1,4,0,0,,25.08,25.08,21982,False,fum_rec_td,PFR+RULE2PT
Joe Theismann,1984,7,1984-10-14,False,WAS,DAL,H,W,34,14,11,17,182,3,0,140.2,0,4,33,0,0,,22.58,22.58,21982,False,fum_rec_td,PFR+RULE2PT
Joe Theismann,1984,8,1984-10-21,False,WAS,STL,A,L,24,26,15,29,224,2,0,100.4,4,2,3,0,0,,17.26,17.26,21982,False,fum_rec_td,PFR+RULE2PT
Joe Theismann,1984,9,1984-10-28,False,WAS,NYG,A,L,13,37,21,41,255,1,1,68.6,3,3,25,0,0,,14.7,14.7,21982,False,fum_rec_td,PFR+RULE2PT
Joe Theismann,1984,10,1984-11-05,False,WAS,ATL,H,W,27,14,19,25,170,1,1,90.4,4,8,26,1,0,,17.4,17.4,21982,False,fum_rec_td,PFR+RULE2PT
Joe Theismann,1984,11,1984-11-11,False,WAS,DET,H,W,28,14,17,36,203,1,0,74.2,5,1,-2,0,0,,11.92,11.92,21982,False,fum_rec_td,PFR+RULE2PT
Joe Theismann,1984,12,1984-11-18,False,WAS,PHI,A,L,10,16,21,38,149,1,3,40.4,1,4,23,0,0,,6.26,6.26,21982,False,fum_rec_td,PFR+RULE2PT
Joe Theismann,1984,13,1984-11-25,False,WAS,BUF,H,W,41,14,26,33,311,2,1,113.5,1,4,3,0,0,,18.74,18.74,21982,False,fum_rec_td,PFR+RULE2PT
Joe Theismann,1984,14,1984-11-29,False,WAS,MIN,A,W,31,17,19,24,223,2,0,133.2,2,1,-1,0,0,,16.82,16.82,21982,False,fum_rec_td,PFR+RULE2PT
Joe Theismann,1984,15,1984-12-09,False,WAS,DAL,A,W,30,28,17,31,205,1,0,86.1,8,6,18,0,0,,14.0,14.0,21982,False,fum_rec_td,PFR+RULE2PT
Joe Theismann,1984,16,1984-12-16,False,WAS,STL,H,W,29,27,20,35,298,2,1,92.3,6,5,20,0,0,,19.92,19.92,21982,False,fum_rec_td,PFR+RULE2PT
Joe Theismann,1984,17,1984-12-30,True,WAS,CHI,H,L,19,23,22,42,292,0,1,64.8,7,5,38,0,0,,13.48,13.48,21982,False,fum_rec_td,PFR+RULE2PT
Joe Theismann,1985,1,1985-09-09,False,WAS,DAL,A,L,14,44,15,35,206,1,5,32.3,1,2,3,0,0,,2.54,2.54,21982,False,fum_rec_td,PFR+RULE2PT
Joe Theismann,1985,2,1985-09-15,False,WAS,HOU,H,W,16,13,15,22,138,1,1,81.3,5,2,9,0,0,,8.42,8.42,21982,False,fum_rec_td,PFR+RULE2PT
Joe Theismann,1985,3,1985-09-22,False,WAS,PHI,H,L,6,19,15,34,124,0,1,41.8,1,1,25,0,0,,5.46,5.46,21982,False,fum_rec_td,PFR+RULE2PT
Joe Theismann,1985,4,1985-09-29,False,WAS,CHI,A,L,10,45,21,39,209,0,2,47.9,4,4,7,0,0,,5.06,5.06,21982,False,fum_rec_td,PFR+RULE2PT
Joe Theismann,1985,5,1985-10-07,False,WAS,STL,H,W,27,10,11,20,83,2,0,98.5,2,3,12,1,0,,18.52,18.52,21982,False,fum_rec_td,PFR+RULE2PT
Joe Theismann,1985,6,1985-10-13,False,WAS,DET,H,W,24,3,18,25,153,0,0,87.6,3,1,0,0,0,,6.12,6.12,21982,False,fum_rec_td,PFR+RULE2PT
Joe Theismann,1985,7,1985-10-20,False,WAS,NYG,A,L,3,17,22,38,272,0,3,47.3,7,0,0,0,0,,4.88,4.88,21982,False,fum_rec_td,PFR+RULE2PT
Joe Theismann,1985,8,1985-10-27,False,WAS,CLE,A,W,14,7,16,23,166,1,1,86.5,2,4,5,0,0,,9.14,9.14,21982,False,fum_rec_td,PFR+RULE2PT
Joe Theismann,1985,9,1985-11-03,False,WAS,ATL,A,W,44,10,13,24,178,1,0,92.0,3,3,16,1,0,,18.72,18.72,21982,False,fum_rec_td,PFR+RULE2PT
Joe Theismann,1985,10,1985-11-10,False,WAS,DAL,H,L,7,13,14,31,195,1,3,37.1,6,4,29,0,0,,8.7,8.7,21982,False,fum_rec_td,PFR+RULE2PT
Joe Theismann,1985,11,1985-11-18,False,WAS,NYG,H,W,23,21,7,10,50,1,0,114.6,3,1,9,0,0,,6.9,6.9,21982,False,fum_rec_td,PFR+RULE2PT
Jim Harbaugh,1987,1,1987-09-14,False,CHI,NYG,H,W,34,19,0,0,0,0,0,0,0,0,0,0,0,,0.0,0.0,9001,False,fum_rec_td,PFR+RULE2PT
Jim Harbaugh,1987,2,1987-09-20,False,CHI,TAM,H,W,20,3,0,0,0,0,0,0,0,0,0,0,0,,0.0,0.0,9001,False,fum_rec_td,PFR+RULE2PT
Jim Harbaugh,1987,6,1987-10-25,False,CHI,TAM,A,W,27,26,0,0,0,0,0,0,0,0,0,0,0,,0.0,0.0,9001,False,fum_rec_td,PFR+RULE2PT
Jim Harbaugh,1987,10,1987-11-22,False,CHI,DET,H,W,30,10,0,0,0,0,0,0,0,0,0,0,0,,0.0,0.0,9001,False,fum_rec_td,PFR+RULE2PT
Jim Harbaugh,1987,13,1987-12-14,False,CHI,SFO,A,L,0,41,8,11,62,0,0,86.2,3,3,15,0,0,,3.98,3.98,9001,False,fum_rec_td,PFR+RULE2PT
Jim Harbaugh,1987,15,1987-12-27,False,CHI,RAI,A,W,6,3,0,0,0,0,0,0,0,1,0,0,0,,0.0,0.0,9001,False,fum_rec_td,PFR+RULE2PT
Jim Harbaugh,1988,3,1988-09-18,False,CHI,MIN,H,L,7,31,4,9,38,0,0,56.7,1,1,12,0,0,,2.72,2.72,9001,False,fum_rec_td,PFR+RULE2PT
Jim Harbaugh,1988,6,1988-10-09,False,CHI,DET,A,W,24,7,2,3,10,0,0,71.5,0,0,0,0,0,,0.4,0.4,9001,False,fum_rec_td,PFR+RULE2PT
Jim Harbaugh,1988,7,1988-10-16,False,CHI,DAL,H,W,17,7,0,0,0,0,0,0,0,0,0,0,0,,0.0,0.0,9001,False,fum_rec_td,PFR+RULE2PT
Jim Harbaugh,1988,8,1988-10-24,False,CHI,SFO,H,W,10,9,0,0,0,0,0,0,0,0,0,0,0,,0.0,0.0,9001,False,fum_rec_td,PFR+RULE2PT
Jim Harbaugh,1988,9,1988-10-30,False,CHI,NWE,A,L,7,30,0,5,0,0,0,39.6,0,1,5,0,0,,0.5,0.5,9001,False,fum_rec_td,PFR+RULE2PT
Jim Harbaugh,1988,11,1988-11-13,False,CHI,WAS,A,W,34,14,1,1,56,0,0,118.7,0,1,-2,0,0,,2.04,2.04,9001,False,fum_rec_td,PFR+RULE2PT
Jim Harbaugh,1988,12,1988-11-20,False,CHI,TAM,A,W,27,15,1,4,30,0,0,58.3,1,1,8,0,0,,2.0,2.0,9001,False,fum_rec_td,PFR+RULE2PT
Jim Harbaugh,1988,13,1988-11-27,False,CHI,GNB,H,W,16,0,10,19,98,0,0,67.4,1,2,19,0,0,,5.82,5.82,9001,False,fum_rec_td,PFR+RULE2PT
Jim Harbaugh,1988,14,1988-12-05,False,CHI,RAM,A,L,3,23,11,30,108,0,2,19.9,2,6,32,0,0,,3.52,3.52,9001,False,fum_rec_td,PFR+RULE2PT
Jim Harbaugh,1988,15,1988-12-11,False,CHI,DET,H,W,13,12,18,26,174,0,0,87.7,1,7,36,1,0,,16.56,16.56,9001,False,fum_rec_td,PFR+RULE2PT
Jim Harbaugh,1989,2,1989-09-17,False,CHI,MIN,H,W,38,7,0,0,0,0,0,0,0,1,-1,0,0,,-0.1,-0.1,9001,False,fum_rec_td,PFR+RULE2PT
Jim Harbaugh,1989,3,1989-09-24,False,CHI,DET,A,W,47,27,1,1,21,0,0,118.7,0,3,3,1,0,,7.14,7.14,9001,False,fum_rec_td,PFR+RULE2PT
Jim Harbaugh,1989,5,1989-10-08,False,CHI,TAM,A,L,35,42,6,8,65,0,0,98.4,1,3,34,1,0,,12.0,12.0,9001,False,fum_rec_td,PFR+RULE2PT
Jim Harbaugh,1989,7,1989-10-23,False,CHI,CLE,A,L,7,27,9,16,93,1,0,94.0,1,3,7,0,0,,8.42,8.42,9001,False,fum_rec_td,PFR+RULE2PT
Jim Harbaugh,1989,8,1989-10-29,False,CHI,RAM,H,W,20,10,10,13,157,0,0,116.5,2,5,31,1,0,,15.38,15.38,9001,False,fum_rec_td,PFR+RULE2PT
Jim Harbaugh,1989,9,1989-11-05,False,CHI,GNB,A,L,13,14,16,30,203,0,0,74.7,2,3,29,0,0,,11.02,11.02,9001,False,fum_rec_td,PFR+RULE2PT
Jim Harbaugh,1989,10,1989-11-12,False,CHI,PIT,A,W,20,0,13,25,125,1,1,62.9,2,7,56,0,0,,12.6,12.6,9001,False,fum_rec_td,PFR+RULE2PT
Jim Harbaugh,1989,11,1989-11-19,False,CHI,TAM,H,L,31,32,12,24,126,0,3,26.0,3,3,6,0,0,,-0.36,-0.36,9001,False,fum_rec_td,PFR+RULE2PT
Jim Harbaugh,1989,13,1989-12-03,False,CHI,MIN,A,L,16,27,0,0,0,0,0,0,0,0,0,0,0,,0.0,0.0,9001,False,fum_rec_td,PFR+RULE2PT
Jim Harbaugh,1989,14,1989-12-10,False,CHI,DET,H,L,17,27,21,29,179,0,1,73.8,4,8,61,0,0,,11.26,11.26,9001,False,fum_rec_td,PFR+RULE2PT
Jim Harbaugh,1989,15,1989-12-17,False,CHI,GNB,H,L,28,40,20,28,205,3,3,88.2,2,2,6,0,0,,14.8,14.8,9001,False,fum_rec_td,PFR+RULE2PT
Jim Harbaugh,1989,16,1989-12-24,False,CHI,SFO,A,L,0,26,3,4,30,0,1,56.2,0,7,44,0,0,,3.6,3.6,9001,False,fum_rec_td,PFR+RULE2PT
Tommy Kramer,1980,1,1980-09-07,False,MIN,ATL,H,W,24,23,30,42,395,3,1,114.7,,1,7,0,0,,26.5,26.5,12601,False,sacked;fum_rec_td,PFR+RULE2PT
Tommy Kramer,1980,2,1980-09-14,False,MIN,PHI,H,L,7,42,16,39,178,1,1,53.2,,1,0,0,0,,9.12,9.12,12601,False,sacked;fum_rec_td,PFR+RULE2PT
Tommy Kramer,1980,3,1980-09-21,False,MIN,CHI,A,W,34,14,8,17,151,1,1,73.4,,0,0,0,0,,8.04,8.04,12601,False,sacked;fum_rec_td,PFR+RULE2PT
Tommy Kramer,1980,4,1980-09-28,False,MIN,DET,A,L,7,27,19,31,221,1,5,54.0,,0,0,0,0,,2.84,2.84,12601,False,sacked;fum_rec_td,PFR+RULE2PT
Tommy Kramer,1980,5,1980-10-05,False,MIN,PIT,H,L,17,23,18,36,214,1,5,38.2,,5,29,1,0,,11.46,11.46,12601,False,sacked;fum_rec_td,PFR+RULE2PT
Tommy Kramer,1980,6,1980-10-12,False,MIN,CHI,H,W,13,7,15,32,155,0,1,48.3,,4,2,0,0,,4.4,4.4,12601,False,sacked;fum_rec_td,PFR+RULE2PT
Tommy Kramer,1980,7,1980-10-19,False,MIN,CIN,A,L,0,14,13,25,130,0,2,33.7,,1,6,0,0,,1.8,1.8,12601,False,sacked;fum_rec_td,PFR+RULE2PT
Tommy Kramer,1980,8,1980-10-26,False,MIN,GNB,A,L,3,16,19,38,222,0,1,57.1,,2,10,0,0,,7.88,7.88,12601,False,sacked;fum_rec_td,PFR+RULE2PT
Tommy Kramer,1980,10,1980-11-09,False,MIN,DET,H,W,34,0,22,32,295,2,0,118.6,,0,0,0,0,,19.8,19.8,12601,False,sacked;fum_rec_td,PFR+RULE2PT
Tommy Kramer,1980,11,1980-11-16,False,MIN,TAM,H,W,38,30,24,37,324,2,0,110.6,,2,12,0,0,,22.16,22.16,12601,False,sacked;fum_rec_td,PFR+RULE2PT
Tommy Kramer,1980,12,1980-11-23,False,MIN,GNB,H,L,13,25,16,31,174,0,0,68.5,,3,17,0,0,,8.66,8.66,12601,False,sacked;fum_rec_td,PFR+RULE2PT
Tommy Kramer,1980,13,1980-11-30,False,MIN,NOR,A,W,23,20,13,29,137,1,2,41.9,,3,-6,0,0,,4.88,4.88,12601,False,sacked;fum_rec_td,PFR+RULE2PT
Tommy Kramer,1980,14,1980-12-07,False,MIN,TAM,A,W,21,10,22,31,264,1,0,107.5,,5,16,0,0,,16.16,16.16,12601,False,sacked;fum_rec_td,PFR+RULE2PT
Tommy Kramer,1980,15,1980-12-14,False,MIN,CLE,H,W,28,23,38,49,456,4,0,132.7,,2,11,0,0,,35.34,35.34,12601,False,sacked;fum_rec_td,PFR+RULE2PT
Tommy Kramer,1980,16,1980-12-21,False,MIN,HOU,A,L,16,20,26,53,266,2,4,45.0,,2,11,0,0,,11.74,11.74,12601,False,sacked;fum_rec_td,PFR+RULE2PT
Tommy Kramer,1980,17,1981-01-03,True,MIN,PHI,A,L,16,31,19,39,209,1,5,34.0,,0,0,0,0,,2.36,2.36,12601,False,sacked;fum_rec_td,PFR+RULE2PT
Tommy Kramer,1981,3,1981-09-20,False,MIN,DET,H,W,26,24,25,42,333,2,2,80.8,,0,0,0,0,,17.32,17.32,12601,False,sacked;fum_rec_td,PFR+RULE2PT
Tommy Kramer,1981,4,1981-09-27,False,MIN,GNB,A,W,30,13,19,34,253,2,0,99.3,,0,0,0,0,,18.12,18.12,12601,False,sacked;fum_rec_td,PFR+RULE2PT
Tommy Kramer,1981,5,1981-10-04,False,MIN,CHI,H,W,24,21,20,38,223,2,1,77.0,,0,0,0,0,,14.92,14.92,12601,False,sacked;fum_rec_td,PFR+RULE2PT
Tommy Kramer,1981,6,1981-10-11,False,MIN,SDG,A,W,33,31,27,43,444,4,2,109.1,,3,-1,0,0,,29.66,29.66,12601,False,sacked;fum_rec_td,PFR+RULE2PT
Tommy Kramer,1981,7,1981-10-18,False,MIN,PHI,H,W,35,23,24,46,257,4,0,97.8,,0,0,0,0,,26.28,26.28,12601,False,sacked;fum_rec_td,PFR+RULE2PT
Tommy Kramer,1981,8,1981-10-25,False,MIN,STL,A,L,17,30,25,55,343,2,2,62.9,,1,7,0,0,,18.42,18.42,12601,False,sacked;fum_rec_td,PFR+RULE2PT
Tommy Kramer,1981,9,1981-11-02,False,MIN,DEN,A,L,17,19,22,36,230,0,1,68.1,,1,1,0,0,,7.3,7.3,12601,False,sacked;fum_rec_td,PFR+RULE2PT
Tommy Kramer,1981,10,1981-11-08,False,MIN,TAM,H,W,25,10,24,41,228,1,2,61.8,,0,0,0,0,,9.12,9.12,12601,False,sacked;fum_rec_td,PFR+RULE2PT
Tommy Kramer,1981,11,1981-11-15,False,MIN,NOR,H,W,20,10,19,40,287,1,0,79.9,,0,0,0,0,,15.48,15.48,12601,False,sacked;fum_rec_td,PFR+RULE2PT
Tommy Kramer,1981,12,1981-11-23,False,MIN,ATL,A,L,30,31,24,47,330,4,4,66.8,,1,0,0,0,,21.2,21.2,12601,False,sacked;fum_rec_td,PFR+RULE2PT
Tommy Kramer,1981,13,1981-11-29,False,MIN,GNB,H,L,23,35,38,55,384,2,5,63.0,,0,0,0,0,,13.36,13.36,12601,False,sacked;fum_rec_td,PFR+RULE2PT
Tommy Kramer,1981,14,1981-12-06,False,MIN,CHI,A,L,9,10,21,36,268,1,2,67.8,,2,-1,0,0,,10.62,10.62,12601,False,sacked;fum_rec_td,PFR+RULE2PT
Tommy Kramer,1981,15,1981-12-12,False,MIN,DET,A,L,7,45,17,42,155,1,2,39.3,,0,0,0,0,,6.2,6.2,12601,False,sacked;fum_rec_td,PFR+RULE2PT
Tommy Kramer,1981,16,1981-12-20,False,MIN,KAN,H,L,6,10,17,38,177,0,1,47.8,,2,7,0,0,,5.78,5.78,12601,False,sacked;fum_rec_td,PFR+RULE2PT
Tommy Kramer,1982,1,1982-09-12,False,MIN,TAM,H,W,17,10,16,28,131,1,0,81.1,3,6,4,0,0,,9.64,9.64,12601,False,fum_rec_td,PFR+RULE2PT
Tommy Kramer,1982,2,1982-09-16,False,MIN,BUF,A,L,22,23,20,46,265,2,1,67.8,1,1,8,0,0,,17.4,17.4,12601,False,fum_rec_td,PFR+RULE2PT
Tommy Kramer,1982,3,1982-11-21,False,MIN,GNB,A,L,7,26,9,17,111,0,0,73.4,1,1,4,1,0,,10.84,10.84,12601,False,fum_rec_td,PFR+RULE2PT
Tommy Kramer,1982,4,1982-11-28,False,MIN,CHI,H,W,35,7,26,35,342,5,2,120.5,3,2,2,0,0,,29.88,29.88,12601,False,fum_rec_td,PFR+RULE2PT
Tommy Kramer,1982,5,1982-12-05,False,MIN,MIA,A,L,14,22,16,28,127,0,3,29.0,5,1,18,1,0,,6.88,6.88,12601,False,fum_rec_td,PFR+RULE2PT
Tommy Kramer,1982,6,1982-12-12,False,MIN,BAL,H,W,13,10,19,35,258,1,1,75.7,0,2,-2,0,0,,12.12,12.12,12601,False,fum_rec_td,PFR+RULE2PT
Tommy Kramer,1982,7,1982-12-19,False,MIN,DET,A,W,34,31,20,29,233,3,0,127.5,4,2,3,0,0,,21.62,21.62,12601,False,fum_rec_td,PFR+RULE2PT
Tommy Kramer,1982,8,1982-12-26,False,MIN,NYJ,H,L,14,42,32,56,328,1,3,57.7,1,4,24,1,0,,19.52,19.52,12601,False,fum_rec_td,PFR+RULE2PT
Tommy Kramer,1982,9,1983-01-03,False,MIN,DAL,H,W,31,27,18,34,242,2,2,71.0,3,2,16,0,0,,15.28,15.28,12601,False,fum_rec_td,PFR+RULE2PT
Tommy Kramer,1982,10,1983-01-09,True,MIN,ATL,H,W,30,24,20,34,253,2,1,89.5,0,8,13,0,0,,17.42,17.42,12601,False,fum_rec_td,PFR+RULE2PT
Tommy Kramer,1982,11,1983-01-15,True,MIN,WAS,A,L,7,21,18,39,252,0,0,67.5,2,1,0,0,0,,10.08,10.08,12601,False,fum_rec_td,PFR+RULE2PT
Tommy Kramer,1983,1,1983-09-04,False,MIN,CLE,A,W,27,21,22,33,198,1,1,80.1,0,6,-5,0,0,,9.42,9.42,12601,False,fum_rec_td,PFR+RULE2PT
Tommy Kramer,1983,2,1983-09-08,False,MIN,SFO,H,L,17,48,25,41,274,1,3,58.4,3,1,0,0,0,,8.96,8.96,12601,False,fum_rec_td,PFR+RULE2PT
Tommy Kramer,1983,3,1983-09-18,False,MIN,TAM,A,W,19,16,8,8,78,1,0,146.9,0,1,8,0,0,,7.92,7.92,12601,False,fum_rec_td,PFR+RULE2PT
Tommy Kramer,1984,1,1984-09-02,False,MIN,SDG,H,L,13,42,11,30,104,0,3,7.5,4,0,0,0,0,,-1.84,-1.84,12601,False,fum_rec_td,PFR+RULE2PT
Tommy Kramer,1984,2,1984-09-09,False,MIN,PHI,A,L,17,19,11,20,101,0,1,48.1,2,0,0,0,0,,10.04,11.04,12601,False,fum_rec_td,PFR+RULE2PT
Tommy Kramer,1984,3,1984-09-16,False,MIN,ATL,H,W,27,20,15,30,203,2,0,94.2,2,4,-6,0,0,,15.52,15.52,12601,False,fum_rec_td,PFR+RULE2PT
Tommy Kramer,1984,4,1984-09-23,False,MIN,DET,A,W,29,28,15,25,225,1,0,102.9,2,4,16,0,0,,14.6,14.6,12601,False,fum_rec_td,PFR+RULE2PT
Tommy Kramer,1984,5,1984-09-30,False,MIN,SEA,H,L,12,20,16,31,227,0,1,62.2,5,1,0,0,0,,7.08,7.08,12601,False,fum_rec_td,PFR+RULE2PT
Tommy Kramer,1984,6,1984-10-07,False,MIN,TAM,A,L,31,35,27,47,386,2,2,80.6,2,2,-2,0,0,,19.24,19.24,12601,False,fum_rec_td,PFR+RULE2PT
Tommy Kramer,1984,7,1984-10-14,False,MIN,RAI,A,L,20,23,11,19,168,2,0,122.3,5,2,0,0,0,,14.72,14.72,12601,False,fum_rec_td,PFR+RULE2PT
Tommy Kramer,1984,8,1984-10-21,False,MIN,DET,H,L,14,16,7,15,142,1,1,74.9,1,1,1,0,0,,7.78,7.78,12601,False,fum_rec_td,PFR+RULE2PT
Tommy Kramer,1984,12,1984-11-18,False,MIN,DEN,A,L,21,42,11,19,122,1,2,55.0,1,1,0,0,0,,4.88,4.88,12601,False,fum_rec_td,PFR+RULE2PT
Tommy Kramer,1985,1,1985-09-08,False,MIN,SFO,H,W,28,21,12,25,191,1,0,87.2,1,4,3,0,0,,11.94,11.94,12601,False,fum_rec_td,PFR+RULE2PT
Tommy Kramer,1985,2,1985-09-15,False,MIN,TAM,A,W,31,16,18,28,183,1,2,65.0,0,4,-5,0,0,,6.82,6.82,12601,False,fum_rec_td,PFR+RULE2PT
Tommy Kramer,1985,3,1985-09-19,False,MIN,CHI,H,L,24,33,28,55,436,3,3,73.0,4,0,0,0,0,,23.44,23.44,12601,False,fum_rec_td,PFR+RULE2PT
Tommy Kramer,1985,4,1985-09-29,False,MIN,BUF,A,W,27,20,15,23,205,3,1,115.0,4,2,10,0,0,,19.2,19.2,12601,False,fum_rec_td,PFR+RULE2PT
Tommy Kramer,1985,5,1985-10-06,False,MIN,RAM,A,L,10,13,21,36,196,0,0,73.4,4,1,11,0,0,,8.94,8.94,12601,False,fum_rec_td,PFR+RULE2PT
Tommy Kramer,1985,6,1985-10-13,False,MIN,GNB,A,L,17,20,20,37,237,2,2,69.3,2,2,1,0,0,,13.58,13.58,12601,False,fum_rec_td,PFR+RULE2PT
Tommy Kramer,1985,7,1985-10-20,False,MIN,SDG,H,W,21,17,31,46,311,2,2,82.8,3,2,9,0,0,,17.34,17.34,12601,False,fum_rec_td,PFR+RULE2PT
Tommy Kramer,1985,8,1985-10-27,False,MIN,CHI,A,L,9,27,16,33,176,0,3,26.8,3,1,-1,0,0,,0.94,0.94,12601,False,fum_rec_td,PFR+RULE2PT
Tommy Kramer,1985,9,1985-11-03,False,MIN,DET,H,W,16,13,14,21,123,0,1,62.2,1,1,8,0,0,,3.72,3.72,12601,False,fum_rec_td,PFR+RULE2PT
Tommy Kramer,1985,10,1985-11-10,False,MIN,GNB,H,L,17,27,12,26,141,0,2,31.1,1,3,1,0,0,,1.74,1.74,12601,False,fum_rec_td,PFR+RULE2PT
Tommy Kramer,1985,11,1985-11-17,False,MIN,DET,A,L,21,41,7,16,138,2,2,74.5,2,1,4,0,0,,9.92,9.92,12601,False,fum_rec_td,PFR+RULE2PT
Tommy Kramer,1985,12,1985-11-24,False,MIN,NOR,H,L,23,30,19,45,240,2,3,46.5,2,0,0,0,0,,11.6,11.6,12601,False,fum_rec_td,PFR+RULE2PT
Tommy Kramer,1985,14,1985-12-08,False,MIN,TAM,H,W,26,7,21,36,309,0,2,63.3,0,3,11,0,0,,9.46,9.46,12601,False,fum_rec_td,PFR+RULE2PT
Tommy Kramer,1985,15,1985-12-15,False,MIN,ATL,A,L,13,14,22,43,315,1,2,63.6,4,2,2,0,0,,12.8,12.8,12601,False,fum_rec_td,PFR+RULE2PT
Tommy Kramer,1985,16,1985-12-22,False,MIN,PHI,H,L,35,37,21,36,321,2,1,94.8,8,1,0,0,0,,18.84,18.84,12601,False,fum_rec_td,PFR+RULE2PT
Tommy Kramer,1986,1,1986-09-07,False,MIN,DET,H,L,10,13,21,38,223,1,1,70.4,2,1,0,0,0,,10.92,10.92,12601,False,fum_rec_td,PFR+RULE2PT
Tommy Kramer,1986,2,1986-09-14,False,MIN,TAM,A,W,23,10,9,21,130,1,0,79.5,2,1,3,0,0,,9.5,9.5,12601,False,fum_rec_td,PFR+RULE2PT
Tommy Kramer,1986,3,1986-09-21,False,MIN,PIT,H,W,31,7,19,27,257,3,0,137.4,2,1,2,0,0,,22.48,22.48,12601,False,fum_rec_td,PFR+RULE2PT
Tommy Kramer,1986,4,1986-09-28,False,MIN,GNB,H,W,42,7,16,25,241,6,0,135.2,0,1,0,0,0,,33.64,33.64,12601,False,fum_rec_td,PFR+RULE2PT
Tommy Kramer,1986,5,1986-10-05,False,MIN,CHI,A,L,0,23,11,30,163,0,2,27.5,7,1,0,0,0,,2.52,2.52,12601,False,fum_rec_td,PFR+RULE2PT
Tommy Kramer,1986,6,1986-10-12,False,MIN,SFO,A,W,27,24,26,41,326,2,2,84.0,2,0,0,0,0,,17.04,17.04,12601,False,fum_rec_td,PFR+RULE2PT
Tommy Kramer,1986,7,1986-10-19,False,MIN,CHI,H,W,23,7,12,18,239,2,0,146.8,1,4,21,1,0,,25.66,25.66,12601,False,fum_rec_td,PFR+RULE2PT
Tommy Kramer,1986,8,1986-10-26,False,MIN,CLE,H,L,20,23,18,35,261,1,1,73.6,4,2,5,0,0,,12.94,12.94,12601,False,fum_rec_td,PFR+RULE2PT
Tommy Kramer,1986,9,1986-11-02,False,MIN,WAS,A,L,38,44,20,35,490,4,1,128.0,4,3,8,0,0,,34.4,34.4,12601,False,fum_rec_td,PFR+RULE2PT
Tommy Kramer,1986,10,1986-11-09,False,MIN,DET,A,W,24,10,24,39,283,1,2,70.8,2,2,-2,0,0,,11.12,11.12,12601,False,fum_rec_td,PFR+RULE2PT
Tommy Kramer,1986,11,1986-11-16,False,MIN,NYG,H,L,20,22,16,25,187,1,0,99.9,3,3,9,0,0,,12.38,12.38,12601,False,fum_rec_td,PFR+RULE2PT
Tommy Kramer,1986,14,1986-12-07,False,MIN,GNB,A,W,32,6,13,25,153,1,1,67.6,1,4,2,0,0,,8.32,8.32,12601,False,fum_rec_td,PFR+RULE2PT
Tommy Kramer,1986,15,1986-12-14,False,MIN,HOU,A,L,10,23,3,13,47,1,0,67.8,1,0,0,0,0,,5.88,5.88,12601,False,fum_rec_td,PFR+RULE2PT
Tommy Kramer,1987,8,1987-11-08,False,MIN,RAI,H,W,31,20,5,16,54,0,0,42.2,1,4,18,1,0,,9.96,9.96,12601,False,fum_rec_td,PFR+RULE2PT
Tommy Kramer,1987,9,1987-11-15,False,MIN,TAM,H,W,23,17,4,9,30,1,1,50.5,0,2,-2,0,0,,3.0,3.0,12601,False,fum_rec_td,PFR+RULE2PT
Tommy Kramer,1987,10,1987-11-22,False,MIN,ATL,H,W,24,13,5,9,43,0,0,68.3,1,0,0,0,0,,1.72,1.72,12601,False,fum_rec_td,PFR+RULE2PT
Tommy Kramer,1987,11,1987-11-26,False,MIN,DAL,A,W,44,38,9,18,123,2,1,86.1,2,1,1,1,0,,17.02,17.02,12601,False,fum_rec_td,PFR+RULE2PT
Tommy Kramer,1987,12,1987-12-06,False,MIN,CHI,H,L,24,30,10,20,91,0,1,41.9,3,1,15,0,0,,3.14,3.14,12601,False,fum_rec_td,PFR+RULE2PT
Tommy Kramer,1987,13,1987-12-13,False,MIN,GNB,A,L,10,16,7,9,111,1,0,155.1,0,2,12,0,0,,9.64,9.64,12601,False,fum_rec_td,PFR+RULE2PT
Tommy Kramer,1987,16,1988-01-03,True,MIN,NOR,A,W,44,10,5,9,50,0,0,71.5,2,2,5,0,0,,2.5,2.5,12601,False,fum_rec_td,PFR+RULE2PT
Tommy Kramer,1988,2,1988-09-11,False,MIN,NWE,H,W,36,6,12,27,209,1,1,68.3,3,3,4,0,0,,10.76,10.76,12601,False,fum_rec_td,PFR+RULE2PT
Tommy Kramer,1988,3,1988-09-18,False,MIN,CHI,A,W,31,7,15,25,258,3,1,118.0,1,2,5,0,0,,20.82,20.82,12601,False,fum_rec_td,PFR+RULE2PT
Tommy Kramer,1988,4,1988-09-25,False,MIN,PHI,H,W,23,21,17,34,299,0,1,68.1,5,3,3,0,0,,10.26,10.26,12601,False,fum_rec_td,PFR+RULE2PT
Tommy Kramer,1988,5,1988-10-02,False,MIN,MIA,A,L,7,24,13,33,220,0,4,23.1,0,1,2,0,0,,1.0,1.0,12601,False,fum_rec_td,PFR+RULE2PT
Tommy Kramer,1988,6,1988-10-09,False,MIN,TAM,H,W,14,13,19,30,209,1,1,81.1,2,1,0,0,0,,10.36,10.36,12601,False,fum_rec_td,PFR+RULE2PT
Tommy Kramer,1988,7,1988-10-16,False,MIN,GNB,H,L,14,34,3,12,37,0,0,39.9,0,0,0,0,0,,1.48,1.48,12601,False,fum_rec_td,PFR+RULE2PT
Tommy Kramer,1988,11,1988-11-13,False,MIN,DAL,A,W,43,3,1,3,11,0,0,45.1,0,0,0,0,0,,0.44,0.44,12601,False,fum_rec_td,PFR+RULE2PT
Tommy Kramer,1988,13,1988-11-24,False,MIN,DET,A,W,23,0,0,0,0,0,0,0,0,0,0,0,0,,0.0,0.0,12601,False,fum_rec_td,PFR+RULE2PT
Tommy Kramer,1988,14,1988-12-04,False,MIN,NOR,H,W,45,3,2,2,8,0,0,83.3,0,1,-2,0,0,,0.12,0.12,12601,False,fum_rec_td,PFR+RULE2PT
Tommy Kramer,1988,16,1988-12-19,False,MIN,CHI,H,W,28,27,1,7,13,0,1,0.0,0,3,-4,0,0,,-1.88,-1.88,12601,False,fum_rec_td,PFR+RULE2PT
Tommy Kramer,1989,3,1989-09-24,False,MIN,PIT,A,L,14,27,3,8,48,0,1,18.7,2,0,0,0,0,,-0.08,-0.08,12601,False,fum_rec_td,PFR+RULE2PT
Tommy Kramer,1989,4,1989-10-01,False,MIN,TAM,H,W,17,3,18,32,190,2,2,68.5,1,2,3,0,0,,11.9,11.9,12601,False,fum_rec_td,PFR+RULE2PT
Tommy Kramer,1989,5,1989-10-08,False,MIN,DET,H,W,24,17,11,18,146,1,0,105.3,2,3,3,0,0,,10.14,10.14,12601,False,fum_rec_td,PFR+RULE2PT
Tommy Kramer,1989,6,1989-10-15,False,MIN,GNB,H,W,26,14,14,24,172,2,1,91.0,1,4,0,0,0,,12.88,12.88,12601,False,fum_rec_td,PFR+RULE2PT
Tommy Kramer,1989,7,1989-10-22,False,MIN,DET,A,W,20,7,15,20,143,0,0,94.4,3,3,3,0,0,,6.02,6.02,12601,False,fum_rec_td,PFR+RULE2PT
Tommy Kramer,1989,8,1989-10-30,False,MIN,NYG,A,L,14,24,10,18,127,1,2,56.7,3,0,0,0,0,,5.08,5.08,12601,False,fum_rec_td,PFR+RULE2PT
Tommy Kramer,1989,14,1989-12-10,False,MIN,ATL,H,W,43,17,0,0,0,0,0,0,0,0,0,0,0,,0.0,0.0,12601,False,fum_rec_td,PFR+RULE2PT
Tommy Kramer,1989,15,1989-12-17,False,MIN,CLE,A,L,17,23,6,16,80,1,1,49.0,0,0,0,0,0,,5.2,5.2,12601,False,fum_rec_td,PFR+RULE2PT
Tommy Kramer,1989,17,1990-01-06,True,MIN,SFO,A,L,13,41,9,19,110,0,1,43.8,0,0,0,0,0,,2.4,2.4,12601,False,fum_rec_td,PFR+RULE2PT
Ken O'Brien,1984,3,1984-09-16,False,NYJ,CIN,H,W,43,23,0,0,0,0,0,0,0,1,-1,0,0,,-0.1,-0.1,16619,False,fum_rec_td,PFR+RULE2PT
Ken O'Brien,1984,8,1984-10-21,False,NYJ,KAN,H,W,28,7,1,1,9,0,0,104.2,0,1,-4,0,0,,-0.04,-0.04,16619,False,fum_rec_td,PFR+RULE2PT
Ken O'Brien,1984,9,1984-10-28,False,NYJ,NWE,A,L,20,30,6,9,81,1,0,132.2,2,1,4,0,0,,7.64,7.64,16619,False,fum_rec_td,PFR+RULE2PT
Ken O'Brien,1984,10,1984-11-04,False,NYJ,MIA,H,L,17,31,0,0,0,0,0,0,0,0,0,0,0,,0.0,0.0,16619,False,fum_rec_td,PFR+RULE2PT
Ken O'Brien,1984,11,1984-11-11,False,NYJ,IND,H,L,5,9,5,13,50,0,1,18.1,3,2,2,0,0,,0.2,0.2,16619,False,fum_rec_td,PFR+RULE2PT
Ken O'Brien,1984,12,1984-11-18,False,NYJ,HOU,A,L,20,31,19,36,226,0,1,60.6,3,3,14,0,0,,8.44,8.44,16619,False,fum_rec_td,PFR+RULE2PT
Ken O'Brien,1984,13,1984-11-26,False,NYJ,MIA,A,L,17,28,21,39,267,1,1,73.3,3,0,0,0,0,,12.68,12.68,16619,False,fum_rec_td,PFR+RULE2PT
Ken O'Brien,1984,14,1984-12-02,False,NYJ,NYG,H,L,10,20,28,41,351,1,1,92.6,3,3,12,0,0,,17.24,17.24,16619,False,fum_rec_td,PFR+RULE2PT
Ken O'Brien,1984,15,1984-12-08,False,NYJ,BUF,H,W,21,17,17,30,217,1,1,76.7,2,2,0,0,0,,10.68,10.68,16619,False,fum_rec_td,PFR+RULE2PT
Ken O'Brien,1984,16,1984-12-16,False,NYJ,TAM,A,L,21,41,19,34,201,2,2,68.4,6,3,2,0,0,,12.24,12.24,16619,False,fum_rec_td,PFR+RULE2PT
Ken O'Brien,1985,1,1985-09-08,False,NYJ,RAI,A,L,0,31,16,29,192,0,2,46.9,10,1,1,0,0,,3.78,3.78,16619,False,fum_rec_td,PFR+RULE2PT
Ken O'Brien,1985,2,1985-09-15,False,NYJ,BUF,H,W,42,3,16,24,181,2,0,116.8,1,1,3,0,0,,15.54,15.54,16619,False,fum_rec_td,PFR+RULE2PT
Ken O'Brien,1985,3,1985-09-22,False,NYJ,GNB,A,W,24,3,14,27,138,1,0,78.9,3,1,0,0,0,,9.52,9.52,16619,False,fum_rec_td,PFR+RULE2PT
Ken O'Brien,1985,4,1985-09-29,False,NYJ,IND,H,W,25,20,20,30,240,1,0,102.1,2,5,27,0,0,,16.3,16.3,16619,False,fum_rec_td,PFR+RULE2PT
Ken O'Brien,1985,5,1985-10-06,False,NYJ,CIN,A,W,29,20,19,28,211,1,1,87.1,4,0,0,0,0,,10.44,10.44,16619,False,fum_rec_td,PFR+RULE2PT
Ken O'Brien,1985,6,1985-10-14,False,NYJ,MIA,H,W,23,7,18,28,239,1,0,103.1,1,1,9,0,0,,14.46,14.46,16619,False,fum_rec_td,PFR+RULE2PT
Ken O'Brien,1985,7,1985-10-20,False,NYJ,NWE,A,L,13,20,15,31,246,0,1,62.0,5,1,1,0,0,,7.94,7.94,16619,False,fum_rec_td,PFR+RULE2PT
Ken O'Brien,1985,8,1985-10-27,False,NYJ,SEA,H,W,17,14,13,25,182,2,1,85.7,7,3,16,0,0,,14.88,14.88,16619,False,fum_rec_td,PFR+RULE2PT
Ken O'Brien,1985,9,1985-11-03,False,NYJ,IND,A,W,35,17,16,25,164,3,0,122.3,2,3,1,0,0,,18.66,18.66,16619,False,fum_rec_td,PFR+RULE2PT
Ken O'Brien,1985,10,1985-11-10,False,NYJ,MIA,A,L,17,21,26,43,393,2,0,106.1,5,0,0,0,0,,23.72,23.72,16619,False,fum_rec_td,PFR+RULE2PT
Ken O'Brien,1985,11,1985-11-17,False,NYJ,TAM,H,W,62,28,23,30,367,5,1,142.6,1,0,0,0,0,,32.68,32.68,16619,False,fum_rec_td,PFR+RULE2PT
Ken O'Brien,1985,12,1985-11-24,False,NYJ,NWE,H,W,16,13,20,33,311,1,0,102.0,6,4,-4,0,0,,16.04,16.04,16619,False,fum_rec_td,PFR+RULE2PT
Ken O'Brien,1985,13,1985-11-28,False,NYJ,DET,A,L,20,31,23,35,281,2,0,109.3,7,0,0,0,0,,19.24,19.24,16619,False,fum_rec_td,PFR+RULE2PT
Ken O'Brien,1985,14,1985-12-08,False,NYJ,BUF,A,W,27,7,25,40,370,3,1,107.3,1,4,4,0,0,,25.2,25.2,16619,False,fum_rec_td,PFR+RULE2PT
Ken O'Brien,1985,15,1985-12-14,False,NYJ,CHI,H,L,6,19,12,26,122,0,0,60.1,4,0,0,0,0,,4.88,4.88,16619,False,fum_rec_td,PFR+RULE2PT
Ken O'Brien,1985,16,1985-12-22,False,NYJ,CLE,H,W,37,10,21,34,251,1,1,81.9,3,1,0,0,0,,12.04,12.04,16619,False,fum_rec_td,PFR+RULE2PT
Ken O'Brien,1985,17,1985-12-28,True,NYJ,NWE,H,L,14,26,13,17,149,1,1,97.4,2,1,4,0,0,,8.36,8.36,16619,False,fum_rec_td,PFR+RULE2PT
Ken O'Brien,1986,1,1986-09-07,False,NYJ,BUF,A,W,28,24,18,25,318,2,0,140.8,3,1,0,0,0,,20.72,20.72,16619,False,fum_rec_td,PFR+RULE2PT
Ken O'Brien,1986,2,1986-09-11,False,NYJ,NWE,H,L,6,20,16,30,180,0,2,43.8,4,1,3,0,0,,3.5,3.5,16619,False,fum_rec_td,PFR+RULE2PT
Ken O'Brien,1986,3,1986-09-21,False,NYJ,MIA,H,W,51,45,29,43,479,4,1,126.0,3,1,8,0,0,,33.96,33.96,16619,False,fum_rec_td,PFR+RULE2PT
Ken O'Brien,1986,4,1986-09-28,False,NYJ,IND,A,W,26,7,19,32,184,1,2,59.9,2,2,4,0,0,,7.76,7.76,16619,False,fum_rec_td,PFR+RULE2PT
Ken O'Brien,1986,5,1986-10-05,False,NYJ,BUF,H,W,14,13,29,39,288,2,1,101.2,2,1,0,0,0,,17.52,17.52,16619,False,fum_rec_td,PFR+RULE2PT
Ken O'Brien,1986,7,1986-10-20,False,NYJ,DEN,H,W,22,10,5,12,52,1,0,82.6,2,0,0,0,0,,6.08,6.08,16619,False,fum_rec_td,PFR+RULE2PT
Ken O'Brien,1986,8,1986-10-26,False,NYJ,NOR,H,W,28,23,20,32,258,3,0,119.0,4,5,-1,0,0,,22.22,22.22,16619,False,fum_rec_td,PFR+RULE2PT
Ken O'Brien,1986,9,1986-11-02,False,NYJ,SEA,A,W,38,7,26,32,431,4,0,158.3,2,1,5,0,0,,33.74,33.74,16619,False,fum_rec_td,PFR+RULE2PT
Ken O'Brien,1986,10,1986-11-09,False,NYJ,ATL,A,W,28,14,26,33,322,3,0,137.6,0,0,0,0,0,,24.88,24.88,16619,False,fum_rec_td,PFR+RULE2PT
Ken O'Brien,1986,11,1986-11-16,False,NYJ,IND,H,W,31,16,20,35,237,3,2,82.7,2,3,16,0,0,,19.08,19.08,16619,False,fum_rec_td,PFR+RULE2PT
Ken O'Brien,1986,12,1986-11-24,False,NYJ,MIA,A,L,3,45,11,21,168,0,1,59.2,2,0,0,0,0,,4.72,4.72,16619,False,fum_rec_td,PFR+RULE2PT
Ken O'Brien,1986,13,1986-11-30,False,NYJ,RAM,H,L,3,17,28,47,272,0,2,58.1,1,0,0,0,0,,6.88,6.88,16619,False,fum_rec_td,PFR+RULE2PT
Ken O'Brien,1986,14,1986-12-07,False,NYJ,SFO,A,L,10,24,20,44,198,1,3,37.9,4,0,0,0,0,,5.92,5.92,16619,False,fum_rec_td,PFR+RULE2PT
Ken O'Brien,1986,15,1986-12-13,False,NYJ,PIT,H,L,24,45,20,30,197,1,3,56.5,5,0,0,0,0,,5.88,5.88,16619,False,fum_rec_td,PFR+RULE2PT
Ken O'Brien,1986,16,1986-12-21,False,NYJ,CIN,A,L,21,52,13,27,106,0,3,19.0,4,2,11,0,0,,-0.66,-0.66,16619,False,fum_rec_td,PFR+RULE2PT
Ken O'Brien,1986,18,1987-01-03,True,NYJ,CLE,A,L,20,23,11,19,134,0,0,79.7,6,3,22,0,0,,7.56,7.56,16619,False,fum_rec_td,PFR+RULE2PT
Ken O'Brien,1987,1,1987-09-13,False,NYJ,BUF,A,W,31,28,24,35,276,2,1,99.2,4,4,7,0,0,,17.74,17.74,16619,False,fum_rec_td,PFR+RULE2PT
Ken O'Brien,1987,2,1987-09-21,False,NYJ,NWE,H,W,43,24,19,26,313,1,0,126.0,5,1,0,0,0,,16.52,16.52,16619,False,fum_rec_td,PFR+RULE2PT
Ken O'Brien,1987,6,1987-10-25,False,NYJ,WAS,A,L,16,17,18,27,174,1,1,81.4,7,1,7,0,0,,9.66,9.66,16619,False,fum_rec_td,PFR+RULE2PT
Ken O'Brien,1987,7,1987-11-01,False,NYJ,IND,H,L,14,19,15,29,174,0,1,55.8,7,2,14,0,0,,6.36,6.36,16619,False,fum_rec_td,PFR+RULE2PT
Ken O'Brien,1987,8,1987-11-09,False,NYJ,SEA,H,W,30,14,23,30,226,1,0,108.5,2,5,22,0,0,,15.24,15.24,16619,False,fum_rec_td,PFR+RULE2PT
Ken O'Brien,1987,9,1987-11-15,False,NYJ,KAN,A,W,16,9,14,22,132,1,0,95.3,4,3,-2,0,0,,9.08,9.08,16619,False,fum_rec_td,PFR+RULE2PT
Ken O'Brien,1987,10,1987-11-22,False,NYJ,BUF,H,L,14,17,18,40,225,2,1,69.3,5,4,8,0,0,,15.8,15.8,16619,False,fum_rec_td,PFR+RULE2PT
Ken O'Brien,1987,11,1987-11-29,False,NYJ,CIN,H,W,27,20,19,33,224,1,2,63.2,2,6,3,0,0,,9.26,9.26,16619,False,fum_rec_td,PFR+RULE2PT
Ken O'Brien,1987,12,1987-12-07,False,NYJ,MIA,A,L,28,37,18,25,237,1,1,98.2,4,0,0,0,0,,11.48,11.48,16619,False,fum_rec_td,PFR+RULE2PT
Ken O'Brien,1987,13,1987-12-13,False,NYJ,NWE,A,L,20,42,22,43,229,1,1,65.0,4,0,0,0,0,,11.16,11.16,16619,False,fum_rec_td,PFR+RULE2PT
Ken O'Brien,1987,14,1987-12-20,False,NYJ,PHI,H,L,27,38,25,49,301,2,0,83.8,3,2,0,0,0,,20.04,20.04,16619,False,fum_rec_td,PFR+RULE2PT
Ken O'Brien,1987,15,1987-12-27,False,NYJ,NYG,A,L,7,20,19,34,185,0,0,71.3,3,2,2,0,0,,7.6,7.6,16619,False,fum_rec_td,PFR+RULE2PT
Ken O'Brien,1988,1,1988-09-04,False,NYJ,NWE,A,L,3,28,15,29,134,0,0,64.4,5,3,9,0,0,,6.26,6.26,16619,False,fum_rec_td,PFR+RULE2PT
Ken O'Brien,1988,2,1988-09-11,False,NYJ,CLE,A,W,23,3,19,30,256,0,0,90.4,2,2,3,0,0,,10.54,10.54,16619,False,fum_rec_td,PFR+RULE2PT
Ken O'Brien,1988,3,1988-09-18,False,NYJ,HOU,H,W,45,3,17,26,260,3,0,136.7,1,1,-2,0,0,,22.2,22.2,16619,False,fum_rec_td,PFR+RULE2PT
Ken O'Brien,1988,4,1988-09-25,False,NYJ,DET,A,W,17,10,27,38,253,2,1,95.6,4,3,14,0,0,,17.52,17.52,16619,False,fum_rec_td,PFR+RULE2PT
Ken O'Brien,1988,5,1988-10-02,False,NYJ,KAN,H,T,17,17,27,48,288,0,1,65.3,3,1,0,0,0,,9.52,9.52,16619,False,fum_rec_td,PFR+RULE2PT
Ken O'Brien,1988,6,1988-10-09,False,NYJ,CIN,A,L,19,36,18,38,151,1,0,66.9,4,0,0,0,0,,10.04,10.04,16619,False,fum_rec_td,PFR+RULE2PT
Ken O'Brien,1988,7,1988-10-17,False,NYJ,BUF,H,L,14,37,18,30,191,0,1,64.7,5,0,0,0,0,,5.64,5.64,16619,False,fum_rec_td,PFR+RULE2PT
Ken O'Brien,1988,8,1988-10-23,False,NYJ,MIA,A,W,44,30,18,37,174,3,1,78.0,0,0,0,0,0,,16.96,16.96,16619,False,fum_rec_td,PFR+RULE2PT
Ken O'Brien,1988,9,1988-10-30,False,NYJ,PIT,H,W,24,20,14,33,132,1,0,64.2,3,4,-6,0,0,,8.68,8.68,16619,False,fum_rec_td,PFR+RULE2PT
Ken O'Brien,1988,10,1988-11-06,False,NYJ,IND,A,L,14,38,20,31,173,0,2,52.2,3,1,0,0,0,,2.92,2.92,16619,False,fum_rec_td,PFR+RULE2PT
Ken O'Brien,1988,11,1988-11-13,False,NYJ,NWE,H,L,13,14,11,30,134,0,1,37.4,3,1,0,0,0,,3.36,3.36,16619,False,fum_rec_td,PFR+RULE2PT
Ken O'Brien,1988,13,1988-11-27,False,NYJ,MIA,H,W,38,34,6,9,92,2,0,139.8,0,3,1,0,0,,11.78,11.78,16619,False,fum_rec_td,PFR+RULE2PT
Ken O'Brien,1988,15,1988-12-10,False,NYJ,IND,H,W,34,16,10,19,115,1,0,88.7,2,0,0,0,0,,8.6,8.6,16619,False,fum_rec_td,PFR+RULE2PT
Ken O'Brien,1988,16,1988-12-18,False,NYJ,NYG,H,W,27,21,16,26,214,2,0,113.3,2,2,6,0,0,,17.16,17.16,16619,False,fum_rec_td,PFR+RULE2PT
Ken O'Brien,1989,1,1989-09-10,False,NYJ,NWE,H,L,24,27,18,31,261,2,1,93.6,1,2,6,0,0,,17.04,17.04,16619,False,fum_rec_td,PFR+RULE2PT
Ken O'Brien,1989,2,1989-09-17,False,NYJ,CLE,A,L,24,38,24,43,270,1,4,43.7,3,0,0,0,0,,6.8,6.8,16619,False,fum_rec_td,PFR+RULE2PT
Ken O'Brien,1989,3,1989-09-24,False,NYJ,MIA,A,W,40,33,27,37,329,3,1,115.7,4,0,0,0,0,,23.16,23.16,16619,False,fum_rec_td,PFR+RULE2PT
Ken O'Brien,1989,4,1989-10-01,False,NYJ,IND,H,L,10,17,20,31,222,0,1,72.2,5,0,0,0,0,,6.88,6.88,16619,False,fum_rec_td,PFR+RULE2PT
Ken O'Brien,1989,5,1989-10-09,False,NYJ,RAI,H,L,7,14,24,48,338,0,2,55.7,3,0,0,0,0,,9.52,9.52,16619,False,fum_rec_td,PFR+RULE2PT
Ken O'Brien,1989,6,1989-10-15,False,NYJ,NOR,A,L,14,29,14,20,157,0,0,93.1,3,0,0,0,0,,6.28,6.28,16619,False,fum_rec_td,PFR+RULE2PT
Ken O'Brien,1989,7,1989-10-22,False,NYJ,BUF,A,L,3,34,11,29,140,0,1,39.4,5,0,0,0,0,,3.6,3.6,16619,False,fum_rec_td,PFR+RULE2PT
Ken O'Brien,1989,8,1989-10-29,False,NYJ,SFO,H,L,10,23,25,36,203,0,0,83.4,9,2,4,0,0,,8.52,8.52,16619,False,fum_rec_td,PFR+RULE2PT
Ken O'Brien,1989,9,1989-11-05,False,NYJ,NWE,A,W,27,26,22,29,386,2,0,140.4,2,2,4,0,0,,23.84,23.84,16619,False,fum_rec_td,PFR+RULE2PT
Ken O'Brien,1989,10,1989-11-12,False,NYJ,MIA,H,L,23,31,22,35,289,1,3,62.7,2,2,4,0,0,,9.96,9.96,16619,False,fum_rec_td,PFR+RULE2PT
Ken O'Brien,1989,11,1989-11-19,False,NYJ,IND,A,L,10,27,19,33,215,0,2,52.0,4,0,0,0,0,,4.6,4.6,16619,False,fum_rec_td,PFR+RULE2PT
Ken O'Brien,1989,12,1989-11-26,False,NYJ,ATL,H,W,27,7,17,29,117,1,0,79.2,1,0,0,0,0,,8.68,8.68,16619,False,fum_rec_td,PFR+RULE2PT
Ken O'Brien,1989,13,1989-12-03,False,NYJ,SDG,A,W,20,17,9,20,81,1,1,52.3,4,0,0,0,0,,5.24,5.24,16619,False,fum_rec_td,PFR+RULE2PT
Ken O'Brien,1989,14,1989-12-10,False,NYJ,PIT,H,L,0,13,26,38,226,0,2,62.0,1,1,0,0,0,,5.04,5.04,16619,False,fum_rec_td,PFR+RULE2PT
Ken O'Brien,1989,15,1989-12-17,False,NYJ,RAM,A,L,14,38,10,18,112,1,0,92.8,3,0,0,0,0,,8.48,8.48,16619,False,fum_rec_td,PFR+RULE2PT
Bernie Kosar,1985,5,1985-10-06,False,CLE,NWE,H,W,24,20,9,15,104,0,1,53.2,0,6,-10,0,0,,1.16,1.16,12529,False,fum_rec_td,PFR+RULE2PT
Bernie Kosar,1985,6,1985-10-13,False,CLE,HOU,A,W,21,6,8,19,208,1,1,78.4,0,2,-2,0,0,,10.12,10.12,12529,False,fum_rec_td,PFR+RULE2PT
Bernie Kosar,1985,7,1985-10-20,False,CLE,RAI,H,L,20,21,10,22,140,1,0,81.6,2,1,10,0,0,,10.6,10.6,12529,False,fum_rec_td,PFR+RULE2PT
Bernie Kosar,1985,8,1985-10-27,False,CLE,WAS,H,L,7,14,7,17,84,0,2,17.4,0,2,-2,0,0,,-0.84,-0.84,12529,False,fum_rec_td,PFR+RULE2PT
Bernie Kosar,1985,9,1985-11-03,False,CLE,PIT,A,L,9,10,13,19,96,0,0,80.2,1,4,-11,0,0,,2.74,2.74,12529,False,fum_rec_td,PFR+RULE2PT
Bernie Kosar,1985,10,1985-11-10,False,CLE,CIN,A,L,10,27,16,32,229,1,2,57.9,3,1,0,0,0,,9.16,9.16,12529,False,fum_rec_td,PFR+RULE2PT
Bernie Kosar,1985,11,1985-11-17,False,CLE,BUF,H,W,17,7,12,25,103,1,0,72.6,2,1,-2,0,0,,7.92,7.92,12529,False,fum_rec_td,PFR+RULE2PT
Bernie Kosar,1985,12,1985-11-24,False,CLE,CIN,H,W,24,6,1,1,-3,0,0,79.2,0,0,0,0,0,,-0.12,-0.12,12529,False,fum_rec_td,PFR+RULE2PT
Bernie Kosar,1985,13,1985-12-01,False,CLE,NYG,A,W,35,33,6,16,86,0,0,55.7,2,3,-1,0,0,,3.34,3.34,12529,False,fum_rec_td,PFR+RULE2PT
Bernie Kosar,1985,14,1985-12-08,False,CLE,SEA,A,L,13,31,18,31,249,1,0,94.7,6,0,0,0,0,,13.96,13.96,12529,False,fum_rec_td,PFR+RULE2PT
Bernie Kosar,1985,15,1985-12-15,False,CLE,HOU,H,W,28,21,14,28,161,3,0,103.4,1,3,-1,1,0,,24.34,24.34,12529,False,fum_rec_td,PFR+RULE2PT
Bernie Kosar,1985,16,1985-12-22,False,CLE,NYJ,A,L,10,37,10,23,121,0,1,42.1,2,3,7,0,0,,3.54,3.54,12529,False,fum_rec_td,PFR+RULE2PT
Bernie Kosar,1985,17,1986-01-04,True,CLE,MIA,A,L,21,24,10,19,66,1,1,56.0,1,2,6,0,0,,5.24,5.24,12529,False,fum_rec_td,PFR+RULE2PT
Bernie Kosar,1986,1,1986-09-07,False,CLE,CHI,A,L,31,41,23,40,289,1,1,78.0,1,0,0,0,0,,13.66,14.66,12529,False,fum_rec_td,PFR+RULE2PT
Bernie Kosar,1986,2,1986-09-14,False,CLE,HOU,A,W,23,20,11,26,180,1,0,79.0,3,2,10,0,0,,12.2,12.2,12529,False,fum_rec_td,PFR+RULE2PT
Bernie Kosar,1986,3,1986-09-18,False,CLE,CIN,H,L,13,30,28,40,293,0,0,90.9,4,0,0,0,0,,11.72,11.72,12529,False,fum_rec_td,PFR+RULE2PT
Bernie Kosar,1986,4,1986-09-28,False,CLE,DET,H,W,24,21,17,27,139,0,0,76.0,1,1,-2,0,0,,5.36,5.36,12529,False,fum_rec_td,PFR+RULE2PT
Bernie Kosar,1986,5,1986-10-05,False,CLE,PIT,A,W,27,24,14,23,186,1,0,101.0,3,5,-3,0,0,,11.14,11.14,12529,False,fum_rec_td,PFR+RULE2PT
Bernie Kosar,1986,6,1986-10-12,False,CLE,KAN,H,W,20,7,22,35,287,2,1,95.8,1,1,-2,0,0,,17.28,17.28,12529,False,fum_rec_td,PFR+RULE2PT
Bernie Kosar,1986,7,1986-10-19,False,CLE,GNB,H,L,14,17,28,36,222,2,1,99.3,3,1,0,0,0,,14.88,14.88,12529,False,fum_rec_td,PFR+RULE2PT
Bernie Kosar,1986,8,1986-10-26,False,CLE,MIN,A,W,23,20,9,18,101,0,1,44.0,5,1,-1,0,0,,1.94,1.94,12529,False,fum_rec_td,PFR+RULE2PT
Bernie Kosar,1986,9,1986-11-02,False,CLE,IND,A,W,24,9,15,25,238,3,0,131.3,3,3,-2,0,0,,21.32,21.32,12529,False,fum_rec_td,PFR+RULE2PT
Bernie Kosar,1986,10,1986-11-10,False,CLE,MIA,H,W,26,16,32,50,401,0,0,88.8,2,0,0,0,0,,16.04,16.04,12529,False,fum_rec_td,PFR+RULE2PT
Bernie Kosar,1986,11,1986-11-16,False,CLE,RAI,A,L,14,27,15,34,188,0,2,37.4,6,1,2,0,0,,3.72,3.72,12529,False,fum_rec_td,PFR+RULE2PT
Bernie Kosar,1986,12,1986-11-23,False,CLE,PIT,H,W,37,31,28,46,414,2,1,95.7,0,1,-1,0,0,,22.46,22.46,12529,False,fum_rec_td,PFR+RULE2PT
Bernie Kosar,1986,13,1986-11-30,False,CLE,HOU,H,W,13,10,16,41,172,1,3,29.7,2,2,12,0,0,,6.08,6.08,12529,False,fum_rec_td,PFR+RULE2PT
Bernie Kosar,1986,14,1986-12-07,False,CLE,BUF,A,W,21,17,18,33,240,1,0,87.9,3,4,-4,0,0,,13.2,13.2,12529,False,fum_rec_td,PFR+RULE2PT
Bernie Kosar,1986,15,1986-12-14,False,CLE,CIN,A,W,34,3,13,29,246,1,0,86.3,0,1,-7,0,0,,13.14,13.14,12529,False,fum_rec_td,PFR+RULE2PT
Bernie Kosar,1986,16,1986-12-21,False,CLE,SDG,H,W,47,17,21,28,258,2,0,126.8,2,1,17,0,0,,20.02,20.02,12529,False,fum_rec_td,PFR+RULE2PT
Bernie Kosar,1986,17,1987-01-03,True,CLE,NYJ,H,W,23,20,33,64,489,1,2,69.1,4,1,0,0,0,,19.56,19.56,12529,False,fum_rec_td,PFR+RULE2PT
Bernie Kosar,1986,18,1987-01-11,True,CLE,DEN,H,L,20,23,18,32,259,2,2,77.5,1,4,3,0,0,,14.66,14.66,12529,False,fum_rec_td,PFR+RULE2PT
Bernie Kosar,1987,1,1987-09-13,False,CLE,NOR,A,L,21,28,28,39,314,2,1,101.9,4,1,3,1,0,,24.86,24.86,12529,False,fum_rec_td,PFR+RULE2PT
Bernie Kosar,1987,2,1987-09-20,False,CLE,PIT,H,W,34,10,17,29,174,2,1,84.6,1,1,3,0,0,,13.26,13.26,12529,False,fum_rec_td,PFR+RULE2PT
Bernie Kosar,1987,6,1987-10-26,False,CLE,RAM,H,W,30,17,19,30,223,1,1,83.1,3,2,3,0,0,,11.22,11.22,12529,False,fum_rec_td,PFR+RULE2PT
Bernie Kosar,1987,7,1987-11-01,False,CLE,SDG,A,L,24,27,24,42,298,2,2,75.3,5,1,-1,0,0,,15.82,15.82,12529,False,fum_rec_td,PFR+RULE2PT
Bernie Kosar,1987,8,1987-11-08,False,CLE,ATL,H,W,38,3,13,23,192,2,0,113.0,0,1,7,0,0,,16.38,16.38,12529,False,fum_rec_td,PFR+RULE2PT
Bernie Kosar,1987,9,1987-11-15,False,CLE,BUF,H,W,27,21,24,34,346,2,1,110.7,2,3,-2,0,0,,19.64,19.64,12529,False,fum_rec_td,PFR+RULE2PT
Bernie Kosar,1987,10,1987-11-22,False,CLE,HOU,A,W,40,7,15,26,257,2,0,117.0,0,0,0,0,0,,18.28,18.28,12529,False,fum_rec_td,PFR+RULE2PT
Bernie Kosar,1987,11,1987-11-29,False,CLE,SFO,A,L,24,38,26,37,275,1,1,89.4,1,3,10,0,0,,14.0,14.0,12529,False,fum_rec_td,PFR+RULE2PT
Bernie Kosar,1987,12,1987-12-06,False,CLE,IND,H,L,7,9,16,35,178,1,0,70.9,3,1,1,0,0,,11.22,11.22,12529,False,fum_rec_td,PFR+RULE2PT
Bernie Kosar,1987,13,1987-12-13,False,CLE,CIN,H,W,38,24,17,26,241,4,0,134.8,1,0,0,0,0,,25.64,25.64,12529,False,fum_rec_td,PFR+RULE2PT
Bernie Kosar,1987,14,1987-12-20,False,CLE,RAI,A,W,24,17,21,32,294,2,1,102.9,0,2,-2,0,0,,17.56,17.56,12529,False,fum_rec_td,PFR+RULE2PT
Bernie Kosar,1987,15,1987-12-26,False,CLE,PIT,A,W,19,13,21,36,241,1,1,76.3,2,0,0,0,0,,11.64,11.64,12529,False,fum_rec_td,PFR+RULE2PT
Bernie Kosar,1987,16,1988-01-09,True,CLE,IND,H,W,38,21,20,31,229,3,1,105.4,0,1,5,0,0,,19.66,19.66,12529,False,fum_rec_td,PFR+RULE2PT
Bernie Kosar,1987,17,1988-01-17,True,CLE,DEN,A,L,33,38,26,41,356,3,1,105.3,2,0,0,0,0,,24.24,24.24,12529,False,fum_rec_td,PFR+RULE2PT
Bernie Kosar,1988,1,1988-09-04,False,CLE,KAN,A,W,6,3,3,8,39,0,0,53.6,1,0,0,0,0,,1.56,1.56,12529,False,fum_rec_td,PFR+RULE2PT
Bernie Kosar,1988,8,1988-10-23,False,CLE,PHO,A,W,29,21,25,43,314,3,3,75.1,2,2,-5,0,0,,18.06,18.06,12529,False,fum_rec_td,PFR+RULE2PT
Bernie Kosar,1988,9,1988-10-30,False,CLE,CIN,H,W,23,16,18,28,210,0,2,57.1,1,1,-4,0,0,,4.0,4.0,12529,False,fum_rec_td,PFR+RULE2PT
Bernie Kosar,1988,10,1988-11-07,False,CLE,HOU,A,L,17,24,16,33,219,1,0,80.2,1,1,0,0,0,,12.76,12.76,12529,False,fum_rec_td,PFR+RULE2PT
Bernie Kosar,1988,11,1988-11-13,False,CLE,DEN,A,L,7,30,19,30,175,0,1,65.3,6,1,-1,0,0,,4.9,4.9,12529,False,fum_rec_td,PFR+RULE2PT
Bernie Kosar,1988,12,1988-11-20,False,CLE,PIT,H,W,27,7,12,24,204,2,0,106.9,2,3,11,0,0,,17.26,17.26,12529,False,fum_rec_td,PFR+RULE2PT
Bernie Kosar,1988,13,1988-11-27,False,CLE,WAS,A,W,17,13,23,36,219,0,1,69.1,6,3,-4,0,0,,6.36,6.36,12529,False,fum_rec_td,PFR+RULE2PT
Bernie Kosar,1988,14,1988-12-04,False,CLE,DAL,H,W,24,21,19,27,308,3,0,145.3,5,0,0,0,0,,24.32,24.32,12529,False,fum_rec_td,PFR+RULE2PT
Bernie Kosar,1988,15,1988-12-12,False,CLE,MIA,A,L,31,38,21,30,202,1,0,99.6,1,1,2,1,0,,18.28,18.28,12529,False,fum_rec_td,PFR+RULE2PT
Bernie Kosar,1989,1,1989-09-10,False,CLE,PIT,A,W,51,0,16,25,207,0,0,89.9,1,0,0,0,0,,8.28,8.28,12529,False,fum_rec_td,PFR+RULE2PT
Bernie Kosar,1989,2,1989-09-17,False,CLE,NYJ,H,W,38,24,15,30,196,3,0,104.3,1,3,4,0,0,,20.24,20.24,12529,False,fum_rec_td,PFR+RULE2PT
Bernie Kosar,1989,3,1989-09-25,False,CLE,CIN,A,L,14,21,15,23,203,2,0,122.2,6,1,1,0,0,,16.22,16.22,12529,False,fum_rec_td,PFR+RULE2PT
Bernie Kosar,1989,4,1989-10-01,False,CLE,DEN,H,W,16,13,25,38,216,1,1,78.4,3,4,33,0,0,,13.94,13.94,12529,False,fum_rec_td,PFR+RULE2PT
Bernie Kosar,1989,5,1989-10-08,False,CLE,MIA,A,L,10,13,22,35,210,0,2,55.7,3,1,-1,0,0,,4.3,4.3,12529,False,fum_rec_td,PFR+RULE2PT
Bernie Kosar,1989,6,1989-10-15,False,CLE,PIT,H,L,7,17,15,41,162,0,4,9.5,2,1,9,0,0,,-1.32,-0.32,12529,False,fum_rec_td,PFR+RULE2PT
Bernie Kosar,1989,7,1989-10-23,False,CLE,CHI,H,W,27,7,22,29,281,2,0,128.7,2,1,1,0,0,,19.34,19.34,12529,False,fum_rec_td,PFR+RULE2PT
Bernie Kosar,1989,8,1989-10-29,False,CLE,HOU,H,W,28,17,14,19,262,2,2,111.1,2,4,0,1,0,,20.48,20.48,12529,False,fum_rec_td,PFR+RULE2PT
Bernie Kosar,1989,9,1989-11-05,False,CLE,TAM,A,W,42,31,18,22,164,3,0,137.3,1,5,-6,0,0,,17.96,17.96,12529,False,fum_rec_td,PFR+RULE2PT
Bernie Kosar,1989,10,1989-11-12,False,CLE,SEA,A,W,17,7,16,27,173,1,0,90.5,4,1,-1,0,0,,10.82,10.82,12529,False,fum_rec_td,PFR+RULE2PT
Bernie Kosar,1989,11,1989-11-19,False,CLE,KAN,H,T,10,10,21,42,198,0,1,53.5,3,0,0,0,0,,5.92,5.92,12529,False,fum_rec_td,PFR+RULE2PT
Bernie Kosar,1989,12,1989-11-23,False,CLE,DET,A,L,10,13,28,38,296,0,1,85.0,1,1,5,0,0,,10.34,10.34,12529,False,fum_rec_td,PFR+RULE2PT
Bernie Kosar,1989,13,1989-12-03,False,CLE,CIN,H,L,0,21,15,30,130,0,1,47.9,0,1,0,0,0,,3.2,3.2,12529,False,fum_rec_td,PFR+RULE2PT
Bernie Kosar,1989,14,1989-12-10,False,CLE,IND,A,L,17,23,26,40,353,0,2,72.2,1,1,12,0,0,,11.32,11.32,12529,False,fum_rec_td,PFR+RULE2PT
Bernie Kosar,1989,15,1989-12-17,False,CLE,MIN,H,W,23,17,17,38,254,2,0,84.8,3,3,6,0,0,,18.76,18.76,12529,False,fum_rec_td,PFR+RULE2PT
Bernie Kosar,1989,16,1989-12-23,False,CLE,HOU,A,W,24,20,18,36,228,2,0,88.7,1,3,7,0,0,,17.82,17.82,12529,False,fum_rec_td,PFR+RULE2PT
Bernie Kosar,1989,17,1990-01-06,True,CLE,BUF,H,W,34,30,20,29,251,3,0,130.1,2,3,-1,0,0,,21.94,21.94,12529,False,fum_rec_td,PFR+RULE2PT
Bernie Kosar,1989,18,1990-01-14,True,CLE,DEN,A,L,21,37,19,44,210,2,3,44.7,4,2,22,0,0,,12.6,12.6,12529,False,fum_rec_td,PFR+RULE2PT
Steve Bartkowski,1980,1,1980-09-07,False,ATL,MIN,A,L,23,24,14,28,165,2,1,77.2,,1,0,0,0,,12.6,12.6,1192,False,sacked;fum_rec_td,PFR+RULE2PT
Steve Bartkowski,1980,2,1980-09-14,False,ATL,NWE,A,W,37,21,19,30,244,3,0,122.1,,3,-1,0,0,,21.66,21.66,1192,False,sacked;fum_rec_td,PFR+RULE2PT
Steve Bartkowski,1980,3,1980-09-21,False,ATL,MIA,H,L,17,20,18,36,332,2,0,100.7,,3,3,0,0,,21.58,21.58,1192,False,sacked;fum_rec_td,PFR+RULE2PT
Steve Bartkowski,1980,4,1980-09-28,False,ATL,SFO,A,W,20,17,11,17,90,1,0,97.7,,3,4,0,0,,8.0,8.0,1192,False,sacked;fum_rec_td,PFR+RULE2PT
Steve Bartkowski,1980,5,1980-10-05,False,ATL,DET,H,W,43,28,11,22,183,1,2,55.7,,2,11,0,0,,8.42,8.42,1192,False,sacked;fum_rec_td,PFR+RULE2PT
Steve Bartkowski,1980,6,1980-10-12,False,ATL,NYJ,H,L,7,14,20,31,168,0,2,51.5,,1,0,0,0,,2.72,2.72,1192,False,sacked;fum_rec_td,PFR+RULE2PT
Steve Bartkowski,1980,7,1980-10-19,False,ATL,NOR,A,W,41,14,16,28,202,4,0,119.3,,0,0,0,0,,24.08,24.08,1192,False,sacked;fum_rec_td,PFR+RULE2PT
Steve Bartkowski,1980,8,1980-10-26,False,ATL,RAM,H,W,13,10,12,22,209,2,2,79.5,,0,0,0,0,,12.36,12.36,1192,False,sacked;fum_rec_td,PFR+RULE2PT
Steve Bartkowski,1980,9,1980-11-02,False,ATL,BUF,A,W,30,14,13,24,193,1,3,55.0,,4,4,0,0,,6.12,6.12,1192,False,sacked;fum_rec_td,PFR+RULE2PT
Steve Bartkowski,1980,10,1980-11-09,False,ATL,STL,A,W,33,27,31,47,378,1,1,88.8,,1,3,0,0,,17.42,17.42,1192,False,sacked;fum_rec_td,PFR+RULE2PT
Steve Bartkowski,1980,11,1980-11-16,False,ATL,NOR,H,W,31,13,13,24,195,3,0,120.7,,1,1,1,0,,25.9,25.9,1192,False,sacked;fum_rec_td,PFR+RULE2PT
Steve Bartkowski,1980,12,1980-11-23,False,ATL,CHI,H,W,28,17,17,32,250,3,1,97.1,,1,0,0,0,,20.0,20.0,1192,False,sacked;fum_rec_td,PFR+RULE2PT
Steve Bartkowski,1980,13,1980-11-30,False,ATL,WAS,H,W,10,6,14,32,219,1,0,77.5,,0,0,0,0,,12.76,12.76,1192,False,sacked;fum_rec_td,PFR+RULE2PT
Steve Bartkowski,1980,14,1980-12-07,False,ATL,PHI,A,W,20,17,13,33,215,2,2,57.0,,3,9,0,0,,13.5,13.5,1192,False,sacked;fum_rec_td,PFR+RULE2PT
Steve Bartkowski,1980,15,1980-12-14,False,ATL,SFO,H,W,35,10,22,31,276,3,1,117.1,,2,1,1,0,,27.14,27.14,1192,False,sacked;fum_rec_td,PFR+RULE2PT
Steve Bartkowski,1980,16,1980-12-21,False,ATL,RAM,A,L,17,20,13,26,225,2,1,89.4,,0,0,0,0,,15.0,15.0,1192,False,sacked;fum_rec_td,PFR+RULE2PT
Steve Bartkowski,1980,17,1981-01-04,True,ATL,DAL,H,L,27,30,18,33,320,2,1,95.5,,0,0,0,0,,18.8,18.8,1192,False,sacked;fum_rec_td,PFR+RULE2PT
Steve Bartkowski,1981,1,1981-09-06,False,ATL,NOR,H,W,27,0,16,25,154,3,1,104.0,,0,0,0,0,,16.16,16.16,1192,False,sacked;fum_rec_td,PFR+RULE2PT
Steve Bartkowski,1981,2,1981-09-13,False,ATL,GNB,A,W,31,17,16,30,233,1,4,50.4,,2,0,0,0,,5.32,5.32,1192,False,sacked;fum_rec_td,PFR+RULE2PT
Steve Bartkowski,1981,3,1981-09-20,False,ATL,SFO,H,W,34,17,13,22,208,3,0,130.3,,0,0,0,0,,20.32,20.32,1192,False,sacked;fum_rec_td,PFR+RULE2PT
Steve Bartkowski,1981,4,1981-09-27,False,ATL,CLE,A,L,17,28,12,30,176,2,2,54.3,,0,0,0,0,,11.04,11.04,1192,False,sacked;fum_rec_td,PFR+RULE2PT
Steve Bartkowski,1981,5,1981-10-05,False,ATL,PHI,A,L,13,16,23,46,232,0,2,46.6,,0,0,0,0,,5.28,5.28,1192,False,sacked;fum_rec_td,PFR+RULE2PT
Steve Bartkowski,1981,6,1981-10-11,False,ATL,RAM,H,L,35,37,17,38,214,3,2,67.2,,0,0,0,0,,16.56,16.56,1192,False,sacked;fum_rec_td,PFR+RULE2PT
Steve Bartkowski,1981,7,1981-10-18,False,ATL,STL,H,W,41,20,18,32,288,4,0,126.0,,0,0,0,0,,27.52,27.52,1192,False,sacked;fum_rec_td,PFR+RULE2PT
Steve Bartkowski,1981,8,1981-10-25,False,ATL,NYG,H,L,24,27,24,48,311,2,1,76.0,,2,0,0,0,,18.44,18.44,1192,False,sacked;fum_rec_td,PFR+RULE2PT
Steve Bartkowski,1981,9,1981-11-01,False,ATL,NOR,A,W,41,10,14,20,258,3,1,131.2,,0,0,0,0,,20.32,20.32,1192,False,sacked;fum_rec_td,PFR+RULE2PT
Steve Bartkowski,1981,10,1981-11-08,False,ATL,SFO,A,L,14,17,20,42,236,1,3,43.4,,2,0,0,0,,7.44,7.44,1192,False,sacked;fum_rec_td,PFR+RULE2PT
Steve Bartkowski,1981,11,1981-11-15,False,ATL,PIT,H,L,20,34,33,50,416,2,2,88.4,,1,5,0,0,,21.14,21.14,1192,False,sacked;fum_rec_td,PFR+RULE2PT
Steve Bartkowski,1981,12,1981-11-23,False,ATL,MIN,H,W,31,30,21,32,213,3,0,115.8,,2,-2,0,0,,20.32,20.32,1192,False,sacked;fum_rec_td,PFR+RULE2PT
Steve Bartkowski,1981,13,1981-11-29,False,ATL,HOU,A,W,31,27,18,25,371,2,1,124.2,,1,-2,0,0,,20.64,20.64,1192,False,sacked;fum_rec_td,PFR+RULE2PT
Steve Bartkowski,1981,14,1981-12-06,False,ATL,TAM,A,L,23,24,24,34,237,0,1,77.7,,0,0,0,0,,7.48,7.48,1192,False,sacked;fum_rec_td,PFR+RULE2PT
Steve Bartkowski,1981,15,1981-12-14,False,ATL,RAM,A,L,16,21,14,36,160,0,2,29.9,,0,0,0,0,,2.4,2.4,1192,False,sacked;fum_rec_td,PFR+RULE2PT
Steve Bartkowski,1981,16,1981-12-20,False,ATL,CIN,H,L,28,30,14,23,122,1,1,71.3,,1,1,0,0,,6.98,6.98,1192,False,sacked;fum_rec_td,PFR+RULE2PT
Steve Bartkowski,1982,1,1982-09-12,False,ATL,NYG,A,W,16,14,15,27,187,0,1,61.8,3,0,0,0,0,,5.48,5.48,1192,False,fum_rec_td,PFR+RULE2PT
Steve Bartkowski,1982,2,1982-09-19,False,ATL,RAI,H,L,14,38,34,56,375,1,3,64.2,7,0,0,0,0,,13.0,13.0,1192,False,fum_rec_td,PFR+RULE2PT
Steve Bartkowski,1982,3,1982-11-21,False,ATL,RAM,H,W,34,17,19,24,213,1,0,117.5,0,1,3,0,0,,12.82,12.82,1192,False,fum_rec_td,PFR+RULE2PT
Steve Bartkowski,1982,4,1982-11-28,False,ATL,STL,H,L,20,23,15,25,143,2,1,85.9,0,2,10,0,0,,12.72,12.72,1192,False,fum_rec_td,PFR+RULE2PT
Steve Bartkowski,1982,5,1982-12-05,False,ATL,DEN,A,W,34,27,14,23,229,2,1,105.2,3,4,-5,0,0,,14.66,14.66,1192,False,fum_rec_td,PFR+RULE2PT
Steve Bartkowski,1982,6,1982-12-12,False,ATL,NOR,H,W,35,0,19,30,153,1,1,73.3,2,0,0,0,0,,8.12,8.12,1192,False,fum_rec_td,PFR+RULE2PT
Steve Bartkowski,1982,7,1982-12-19,False,ATL,SFO,A,W,17,7,12,21,176,0,2,45.0,2,4,-2,1,0,,8.84,8.84,1192,False,fum_rec_td,PFR+RULE2PT
Steve Bartkowski,1982,8,1982-12-26,False,ATL,GNB,H,L,7,38,24,35,267,1,1,88.6,2,1,-2,0,0,,12.48,12.48,1192,False,fum_rec_td,PFR+RULE2PT
Steve Bartkowski,1982,9,1983-01-02,False,ATL,NOR,A,L,6,35,14,21,162,0,1,69.9,1,1,0,0,0,,4.48,4.48,1192,False,fum_rec_td,PFR+RULE2PT
Steve Bartkowski,1982,10,1983-01-09,True,ATL,MIN,A,L,24,30,9,23,134,0,2,22.7,3,0,0,0,0,,1.36,1.36,1192,False,fum_rec_td,PFR+RULE2PT
Steve Bartkowski,1983,1,1983-09-04,False,ATL,CHI,A,W,20,17,14,23,201,2,0,118.2,4,0,0,0,0,,16.04,16.04,1192,False,fum_rec_td,PFR+RULE2PT
Steve Bartkowski,1983,2,1983-09-11,False,ATL,NYG,H,L,13,16,23,35,261,1,0,97.4,3,0,0,0,0,,14.44,14.44,1192,False,fum_rec_td,PFR+RULE2PT
Steve Bartkowski,1983,3,1983-09-18,False,ATL,DET,A,W,30,14,24,34,366,3,0,135.2,4,1,-1,0,0,,26.54,26.54,1192,False,fum_rec_td,PFR+RULE2PT
Steve Bartkowski,1983,4,1983-09-25,False,ATL,SFO,A,L,20,24,19,23,243,2,0,139.7,8,1,3,1,0,,24.02,24.02,1192,False,fum_rec_td,PFR+RULE2PT
Steve Bartkowski,1983,5,1983-10-02,False,ATL,PHI,H,L,24,28,20,34,212,3,0,106.5,5,3,18,0,0,,22.28,22.28,1192,False,fum_rec_td,PFR+RULE2PT
Steve Bartkowski,1983,6,1983-10-09,False,ATL,NOR,H,L,17,19,20,37,241,1,1,72.0,5,0,0,0,0,,11.64,11.64,1192,False,fum_rec_td,PFR+RULE2PT
Steve Bartkowski,1983,7,1983-10-16,False,ATL,RAM,A,L,21,27,13,22,163,2,0,112.5,1,1,0,0,0,,14.52,14.52,1192,False,fum_rec_td,PFR+RULE2PT
Steve Bartkowski,1983,8,1983-10-23,False,ATL,NYJ,A,W,27,21,25,36,313,2,2,91.6,4,3,-5,0,0,,16.02,16.02,1192,False,fum_rec_td,PFR+RULE2PT
Steve Bartkowski,1983,9,1983-10-30,False,ATL,NWE,H,W,24,13,22,33,252,1,0,99.6,2,1,1,0,0,,14.18,14.18,1192,False,fum_rec_td,PFR+RULE2PT
Steve Bartkowski,1983,10,1983-11-06,False,ATL,NOR,A,L,10,27,17,28,145,0,1,59.4,5,2,3,0,0,,4.1,4.1,1192,False,fum_rec_td,PFR+RULE2PT
Steve Bartkowski,1983,11,1983-11-14,False,ATL,RAM,H,L,13,36,14,30,137,0,1,46.1,2,1,5,0,0,,3.98,3.98,1192,False,fum_rec_td,PFR+RULE2PT
Steve Bartkowski,1983,12,1983-11-20,False,ATL,SFO,H,W,28,24,28,39,301,2,0,111.2,4,1,4,0,0,,20.44,20.44,1192,False,fum_rec_td,PFR+RULE2PT
Steve Bartkowski,1983,15,1983-12-10,False,ATL,MIA,A,L,24,31,15,26,175,1,0,91.0,3,1,0,0,0,,11.0,11.0,1192,False,fum_rec_td,PFR+RULE2PT
Steve Bartkowski,1983,16,1983-12-18,False,ATL,BUF,H,W,31,14,20,32,157,2,0,95.4,1,1,10,0,0,,15.28,15.28,1192,False,fum_rec_td,PFR+RULE2PT
Steve Bartkowski,1984,1,1984-09-02,False,ATL,NOR,A,W,36,28,14,21,197,2,2,88.9,3,1,-2,0,0,,11.68,11.68,1192,False,fum_rec_td,PFR+RULE2PT
Steve Bartkowski,1984,2,1984-09-09,False,ATL,DET,H,L,24,27,24,28,299,2,0,135.0,1,1,-2,0,0,,19.76,19.76,1192,False,fum_rec_td,PFR+RULE2PT
Steve Bartkowski,1984,3,1984-09-16,False,ATL,MIN,A,L,20,27,14,24,195,2,1,95.0,7,4,19,0,0,,15.7,15.7,1192,False,fum_rec_td,PFR+RULE2PT
Steve Bartkowski,1984,4,1984-09-23,False,ATL,HOU,H,W,42,10,11,13,195,3,0,158.3,2,1,0,0,0,,19.8,19.8,1192,False,fum_rec_td,PFR+RULE2PT
Steve Bartkowski,1984,5,1984-09-30,False,ATL,SFO,A,L,5,14,22,41,267,0,2,53.6,2,0,0,0,0,,6.68,6.68,1192,False,fum_rec_td,PFR+RULE2PT
Steve Bartkowski,1984,6,1984-10-07,False,ATL,RAM,A,W,30,28,14,19,223,0,0,112.4,3,1,2,0,0,,9.12,9.12,1192,False,fum_rec_td,PFR+RULE2PT
Steve Bartkowski,1984,7,1984-10-14,False,ATL,NYG,H,L,7,19,19,31,211,0,3,41.9,4,1,8,0,0,,3.24,3.24,1192,False,fum_rec_td,PFR+RULE2PT
Steve Bartkowski,1984,8,1984-10-22,False,ATL,RAM,H,L,10,24,20,31,144,1,0,86.0,1,4,11,0,0,,10.86,10.86,1192,False,fum_rec_td,PFR+RULE2PT
Steve Bartkowski,1984,9,1984-10-28,False,ATL,PIT,A,L,10,35,19,23,167,0,1,78.8,4,1,-2,0,0,,4.48,4.48,1192,False,fum_rec_td,PFR+RULE2PT
Steve Bartkowski,1984,10,1984-11-05,False,ATL,WAS,A,L,14,27,5,10,69,0,0,72.5,3,0,0,0,0,,2.76,2.76,1192,False,fum_rec_td,PFR+RULE2PT
Steve Bartkowski,1984,12,1984-11-18,False,ATL,CLE,H,L,7,23,19,28,191,1,1,84.1,10,1,0,0,0,,9.64,9.64,1192,False,fum_rec_td,PFR+RULE2PT
Steve Bartkowski,1985,1,1985-09-08,False,ATL,DET,H,L,27,28,16,23,179,2,0,121.5,5,3,4,0,0,,15.56,15.56,1192,False,fum_rec_td,PFR+RULE2PT
Steve Bartkowski,1985,2,1985-09-15,False,ATL,SFO,A,L,16,35,19,30,150,1,0,86.8,5,0,0,0,0,,10.0,10.0,1192,False,fum_rec_td,PFR+RULE2PT
Steve Bartkowski,1985,3,1985-09-22,False,ATL,DEN,H,L,28,44,16,27,226,2,1,95.6,3,2,5,0,0,,15.54,15.54,1192,False,fum_rec_td,PFR+RULE2PT
Steve Bartkowski,1985,4,1985-09-29,False,ATL,RAM,A,L,6,17,7,13,67,0,0,68.4,3,0,0,0,0,,2.68,2.68,1192,False,fum_rec_td,PFR+RULE2PT
Steve Bartkowski,1985,5,1985-10-06,False,ATL,SFO,H,L,17,38,11,18,116,0,0,79.9,2,0,0,0,0,,4.64,4.64,1192,False,fum_rec_td,PFR+RULE2PT
Steve Bartkowski,1986,1,1986-09-07,False,RAM,STL,A,W,16,10,5,21,91,0,0,45.1,2,1,0,0,0,,3.64,3.64,1192,False,fum_rec_td,PFR+RULE2PT
Steve Bartkowski,1986,2,1986-09-14,False,RAM,SFO,H,W,16,13,13,24,114,0,0,67.0,4,2,-2,0,0,,4.36,4.36,1192,False,fum_rec_td,PFR+RULE2PT
Steve Bartkowski,1986,3,1986-09-21,False,RAM,IND,A,W,24,7,18,26,162,1,0,98.6,0,0,0,0,0,,10.48,10.48,1192,False,fum_rec_td,PFR+RULE2PT
Steve Bartkowski,1986,4,1986-09-28,False,RAM,PHI,A,L,20,34,5,14,43,0,2,5.1,0,1,7,0,0,,-1.58,-1.58,1192,False,fum_rec_td,PFR+RULE2PT
Steve Bartkowski,1986,6,1986-10-12,False,RAM,ATL,A,L,14,26,14,29,196,1,1,67.6,2,0,0,0,0,,9.84,9.84,1192,False,fum_rec_td,PFR+RULE2PT
Steve Bartkowski,1986,7,1986-10-19,False,RAM,DET,H,W,14,10,6,12,48,0,0,60.4,3,2,-2,0,0,,1.72,1.72,1192,False,fum_rec_td,PFR+RULE2PT
Danny White,1980,1,1980-09-08,False,DAL,WAS,A,W,17,3,10,18,107,0,2,33.6,,0,0,0,0,,-0.62,0.38,23756,False,sacked;fum_rec_td,PFR+RULE2PT
Danny White,1980,2,1980-09-14,False,DAL,DEN,A,L,20,41,20,34,292,2,1,94.2,,0,0,0,0,,17.68,17.68,23756,False,sacked;fum_rec_td,PFR+RULE2PT
Danny White,1980,3,1980-09-21,False,DAL,TAM,H,W,28,17,24,33,244,3,0,123.8,,2,-4,0,0,,21.36,21.36,23756,False,sacked;fum_rec_td,PFR+RULE2PT
Danny White,1980,4,1980-09-28,False,DAL,GNB,A,W,28,7,16,20,217,2,0,145.2,,3,57,0,0,,22.38,22.38,23756,False,sacked;fum_rec_td,PFR+RULE2PT
Danny White,1980,5,1980-10-05,False,DAL,NYG,H,W,24,3,22,33,266,2,1,98.8,,1,3,0,0,,16.94,16.94,23756,False,sacked;fum_rec_td,PFR+RULE2PT
Danny White,1980,6,1980-10-12,False,DAL,SFO,H,W,59,14,16,22,239,4,0,147.5,,0,0,0,0,,25.56,25.56,23756,False,sacked;fum_rec_td,PFR+RULE2PT
Danny White,1980,7,1980-10-19,False,DAL,PHI,A,L,10,17,20,38,222,0,3,37.4,,1,2,0,0,,3.08,3.08,23756,False,sacked;fum_rec_td,PFR+RULE2PT
Danny White,1980,8,1980-10-26,False,DAL,SDG,H,W,42,31,22,34,260,3,1,105.0,,6,39,0,0,,24.3,24.3,23756,False,sacked;fum_rec_td,PFR+RULE2PT
Danny White,1980,9,1980-11-02,False,DAL,STL,A,W,27,24,23,38,258,1,1,78.6,,0,0,0,0,,12.32,12.32,23756,False,sacked;fum_rec_td,PFR+RULE2PT
Danny White,1980,10,1980-11-09,False,DAL,NYG,A,L,35,38,10,23,155,1,5,41.3,,0,0,0,0,,0.2,0.2,23756,False,sacked;fum_rec_td,PFR+RULE2PT
Danny White,1980,11,1980-11-16,False,DAL,STL,H,W,31,21,20,36,296,3,1,98.8,,2,3,0,0,,22.14,22.14,23756,False,sacked;fum_rec_td,PFR+RULE2PT
Danny White,1980,12,1980-11-23,False,DAL,WAS,H,W,14,10,7,16,103,0,4,25.8,,1,0,0,0,,-3.88,-3.88,23756,False,sacked;fum_rec_td,PFR+RULE2PT
Danny White,1980,13,1980-11-27,False,DAL,SEA,H,W,51,7,11,18,120,2,2,78.2,,1,7,0,0,,9.5,9.5,23756,False,sacked;fum_rec_td,PFR+RULE2PT
Danny White,1980,14,1980-12-07,False,DAL,OAK,A,W,19,13,14,26,159,0,0,72.4,,1,-2,0,0,,6.16,6.16,23756,False,sacked;fum_rec_td,PFR+RULE2PT
Danny White,1980,15,1980-12-15,False,DAL,RAM,A,L,14,38,9,23,147,1,3,36.2,,1,1,0,0,,3.98,3.98,23756,False,sacked;fum_rec_td,PFR+RULE2PT
Danny White,1980,16,1980-12-21,False,DAL,PHI,H,W,35,27,16,24,202,4,1,114.9,,8,8,1,0,,28.88,28.88,23756,False,sacked;fum_rec_td,PFR+RULE2PT
Danny White,1980,17,1980-12-28,True,DAL,RAM,H,W,34,13,12,25,190,3,3,73.7,,2,2,0,0,,13.8,13.8,23756,False,sacked;fum_rec_td,PFR+RULE2PT
Danny White,1980,18,1981-01-04,True,DAL,ATL,A,W,30,27,25,39,322,3,1,104.9,,4,1,0,0,,22.98,22.98,23756,False,sacked;fum_rec_td,PFR+RULE2PT
Danny White,1980,19,1981-01-11,True,DAL,PHI,A,L,7,20,12,31,127,0,1,38.0,,1,0,0,0,,3.08,3.08,23756,False,sacked;fum_rec_td,PFR+RULE2PT
Danny White,1981,1,1981-09-06,False,DAL,WAS,A,W,26,10,12,24,145,2,0,96.7,,1,0,0,0,,13.8,13.8,23756,False,sacked;fum_rec_td,PFR+RULE2PT
Danny White,1981,2,1981-09-13,False,DAL,STL,H,W,30,17,21,29,240,0,1,82.5,,1,0,0,0,,7.6,7.6,23756,False,sacked;fum_rec_td,PFR+RULE2PT
Danny White,1981,3,1981-09-21,False,DAL,NWE,A,W,35,21,24,34,218,2,0,107.2,,5,-8,0,0,,15.92,15.92,23756,False,sacked;fum_rec_td,PFR+RULE2PT
Danny White,1981,4,1981-09-27,False,DAL,NYG,H,W,18,10,14,27,204,1,0,89.1,,2,14,0,0,,13.56,13.56,23756,False,sacked;fum_rec_td,PFR+RULE2PT
Danny White,1981,5,1981-10-04,False,DAL,STL,A,L,17,20,15,28,182,1,1,70.8,,2,2,0,0,,9.48,9.48,23756,False,sacked;fum_rec_td,PFR+RULE2PT
Danny White,1981,6,1981-10-11,False,DAL,SFO,A,L,14,45,8,16,60,0,2,19.8,,1,7,0,0,,-0.9,-0.9,23756,False,sacked;fum_rec_td,PFR+RULE2PT
Danny White,1981,7,1981-10-18,False,DAL,RAM,H,W,29,17,15,33,277,1,2,59.8,,3,21,0,0,,13.18,13.18,23756,False,sacked;fum_rec_td,PFR+RULE2PT
Danny White,1981,8,1981-10-25,False,DAL,MIA,H,W,28,27,22,32,354,3,1,123.7,,5,8,0,0,,24.96,24.96,23756,False,sacked;fum_rec_td,PFR+RULE2PT
Danny White,1981,9,1981-11-01,False,DAL,PHI,A,W,17,14,13,24,203,1,2,61.6,,2,5,0,0,,8.62,8.62,23756,False,sacked;fum_rec_td,PFR+RULE2PT
Danny White,1981,10,1981-11-09,False,DAL,BUF,H,W,27,14,9,17,219,3,1,113.4,,4,5,0,0,,19.26,19.26,23756,False,sacked;fum_rec_td,PFR+RULE2PT
Danny White,1981,11,1981-11-15,False,DAL,DET,A,L,24,27,20,30,244,3,2,97.1,,2,5,0,0,,18.26,18.26,23756,False,sacked;fum_rec_td,PFR+RULE2PT
Danny White,1981,12,1981-11-22,False,DAL,WAS,H,W,24,10,13,27,222,2,0,101.2,,2,14,0,0,,18.28,18.28,23756,False,sacked;fum_rec_td,PFR+RULE2PT
Danny White,1981,13,1981-11-26,False,DAL,CHI,H,W,10,9,3,7,66,0,0,77.1,,1,8,0,0,,3.44,3.44,23756,False,sacked;fum_rec_td,PFR+RULE2PT
Danny White,1981,14,1981-12-06,False,DAL,BAL,A,W,37,13,0,0,0,0,0,0,,1,13,0,0,,1.3,1.3,23756,False,sacked;fum_rec_td,PFR+RULE2PT
Danny White,1981,15,1981-12-13,False,DAL,PHI,H,W,21,10,17,30,264,2,0,108.2,,3,2,0,0,,18.76,18.76,23756,False,sacked;fum_rec_td,PFR+RULE2PT
Danny White,1981,16,1981-12-19,False,DAL,NYG,A,L,10,13,17,33,200,1,1,67.7,,3,8,0,0,,10.8,10.8,23756,False,sacked;fum_rec_td,PFR+RULE2PT
Danny White,1981,17,1982-01-02,True,DAL,TAM,H,W,38,0,15,26,143,1,0,85.9,,0,0,0,0,,9.72,9.72,23756,False,sacked;fum_rec_td,PFR+RULE2PT
Danny White,1981,18,1982-01-10,True,DAL,SFO,A,L,27,28,16,24,173,2,1,98.1,,1,0,0,0,,12.92,12.92,23756,False,sacked;fum_rec_td,PFR+RULE2PT
Danny White,1982,1,1982-09-13,False,DAL,PIT,H,L,28,36,25,36,347,4,2,114.0,3,2,13,0,0,,27.18,27.18,23756,False,fum_rec_td,PFR+RULE2PT
Danny White,1982,2,1982-09-19,False,DAL,STL,A,W,24,7,20,32,266,2,2,83.6,3,0,0,0,0,,14.64,14.64,23756,False,fum_rec_td,PFR+RULE2PT
Danny White,1982,3,1982-11-21,False,DAL,TAM,H,W,14,9,11,16,158,1,1,95.3,4,2,0,0,0,,8.32,8.32,23756,False,fum_rec_td,PFR+RULE2PT
Danny White,1982,4,1982-11-25,False,DAL,CLE,H,W,31,14,13,22,215,2,1,103.4,2,2,16,0,0,,16.2,16.2,23756,False,fum_rec_td,PFR+RULE2PT
Danny White,1982,5,1982-12-05,False,DAL,WAS,A,W,24,10,21,29,216,1,1,90.6,1,4,14,0,0,,12.04,12.04,23756,False,fum_rec_td,PFR+RULE2PT
Danny White,1982,6,1982-12-13,False,DAL,HOU,A,W,37,7,21,27,279,3,0,146.8,3,0,0,0,0,,23.16,23.16,23756,False,fum_rec_td,PFR+RULE2PT
Danny White,1982,7,1982-12-19,False,DAL,NOR,H,W,21,7,14,22,222,1,2,74.4,2,1,-1,0,0,,8.78,8.78,23756,False,fum_rec_td,PFR+RULE2PT
Danny White,1982,8,1982-12-26,False,DAL,PHI,H,L,20,24,17,31,185,2,2,67.3,5,3,22,0,0,,13.6,13.6,23756,False,fum_rec_td,PFR+RULE2PT
Danny White,1982,9,1983-01-03,False,DAL,MIN,A,L,27,31,14,32,191,0,1,50.4,2,3,27,0,0,,8.34,8.34,23756,False,fum_rec_td,PFR+RULE2PT
Danny White,1982,10,1983-01-09,True,DAL,TAM,H,W,30,17,27,45,312,2,2,77.3,6,0,0,0,0,,16.48,16.48,23756,False,fum_rec_td,PFR+RULE2PT
Danny White,1982,11,1983-01-16,True,DAL,GNB,H,W,37,26,23,36,225,1,1,79.1,1,4,-7,0,0,,10.3,10.3,23756,False,fum_rec_td,PFR+RULE2PT
Danny White,1982,12,1983-01-22,True,DAL,WAS,A,L,17,31,9,15,113,0,0,83.5,0,0,0,0,0,,4.52,4.52,23756,False,fum_rec_td,PFR+RULE2PT
Danny White,1983,1,1983-09-05,False,DAL,WAS,A,W,31,30,9,20,193,3,0,119.4,2,6,3,1,0,,26.02,26.02,23756,False,fum_rec_td,PFR+RULE2PT
Danny White,1983,2,1983-09-11,False,DAL,STL,A,W,34,17,19,27,234,1,0,109.2,4,0,0,0,0,,13.36,13.36,23756,False,fum_rec_td,PFR+RULE2PT
Danny White,1983,3,1983-09-18,False,DAL,NYG,H,W,28,13,24,32,238,2,2,90.4,2,0,0,0,0,,13.52,13.52,23756,False,fum_rec_td,PFR+RULE2PT
Danny White,1983,4,1983-09-25,False,DAL,NOR,H,W,21,20,15,30,166,1,3,38.3,7,0,0,0,0,,4.64,4.64,23756,False,fum_rec_td,PFR+RULE2PT
Danny White,1983,5,1983-10-02,False,DAL,MIN,A,W,37,24,22,40,213,1,2,57.6,1,5,-2,1,0,,14.32,14.32,23756,False,fum_rec_td,PFR+RULE2PT
Danny White,1983,6,1983-10-09,False,DAL,TAM,H,W,27,24,29,44,377,2,3,79.5,5,1,1,0,0,,17.18,17.18,23756,False,fum_rec_td,PFR+RULE2PT
Danny White,1983,7,1983-10-16,False,DAL,PHI,H,W,37,7,24,37,266,2,1,92.8,0,0,0,0,0,,16.64,16.64,23756,False,fum_rec_td,PFR+RULE2PT
Danny White,1983,8,1983-10-23,False,DAL,RAI,H,L,38,40,19,38,240,2,2,65.7,2,1,4,0,0,,21.5,22.5,23756,False,fum_rec_td,PFR+RULE2PT
Danny White,1983,9,1983-10-30,False,DAL,NYG,A,W,38,20,15,33,304,5,2,92.7,2,0,0,0,0,,28.16,28.16,23756,False,fum_rec_td,PFR+RULE2PT
Danny White,1983,10,1983-11-06,False,DAL,PHI,A,W,27,20,21,24,268,2,1,123.6,2,0,0,0,0,,16.72,16.72,23756,False,fum_rec_td,PFR+RULE2PT
Danny White,1983,11,1983-11-13,False,DAL,SDG,A,L,23,24,31,47,300,3,0,104.9,1,1,0,0,0,,24.0,24.0,23756,False,fum_rec_td,PFR+RULE2PT
Danny White,1983,12,1983-11-20,False,DAL,KAN,H,W,41,21,18,31,237,0,1,68.9,1,1,22,0,0,,9.68,9.68,23756,False,fum_rec_td,PFR+RULE2PT
Danny White,1983,13,1983-11-24,False,DAL,STL,H,W,35,17,24,31,237,1,0,109.2,1,1,4,1,0,,19.88,19.88,23756,False,fum_rec_td,PFR+RULE2PT
Danny White,1983,14,1983-12-04,False,DAL,SEA,A,W,35,10,19,26,233,2,1,109.9,1,1,-2,0,0,,15.12,15.12,23756,False,fum_rec_td,PFR+RULE2PT
Danny White,1983,15,1983-12-11,False,DAL,WAS,H,L,10,31,20,35,197,1,3,47.0,3,0,0,0,0,,5.88,5.88,23756,False,fum_rec_td,PFR+RULE2PT
Danny White,1983,16,1983-12-19,False,DAL,SFO,A,L,17,42,25,38,277,1,2,74.1,3,1,1,1,0,,17.18,17.18,23756,False,fum_rec_td,PFR+RULE2PT
Danny White,1983,17,1983-12-26,True,DAL,RAM,H,L,17,24,32,53,330,2,3,67.3,3,1,0,0,0,,15.2,15.2,23756,False,fum_rec_td,PFR+RULE2PT
Danny White,1984,2,1984-09-09,False,DAL,NYG,A,L,7,28,0,0,0,0,0,0,0,0,0,0,0,,0.0,0.0,23756,False,fum_rec_td,PFR+RULE2PT
Danny White,1984,3,1984-09-16,False,DAL,PHI,H,W,23,17,0,0,0,0,0,0,0,0,0,0,0,,0.0,0.0,23756,False,fum_rec_td,PFR+RULE2PT
Danny White,1984,4,1984-09-23,False,DAL,GNB,H,W,20,6,0,0,0,0,0,0,0,0,0,0,0,,0.0,0.0,23756,False,fum_rec_td,PFR+RULE2PT
Danny White,1984,5,1984-09-30,False,DAL,CHI,A,W,23,14,0,0,0,0,0,0,0,0,0,0,0,,0.0,0.0,23756,False,fum_rec_td,PFR+RULE2PT
Danny White,1984,6,1984-10-07,False,DAL,STL,H,L,20,31,5,8,55,1,0,122.4,1,0,0,0,0,,6.2,6.2,23756,False,fum_rec_td,PFR+RULE2PT
Danny White,1984,7,1984-10-14,False,DAL,WAS,A,L,14,34,13,20,125,0,1,61.5,1,0,0,0,0,,3.0,3.0,23756,False,fum_rec_td,PFR+RULE2PT
Danny White,1984,8,1984-10-21,False,DAL,NOR,H,W,30,27,15,25,132,1,1,70.7,5,1,5,0,0,,7.78,7.78,23756,False,fum_rec_td,PFR+RULE2PT
Danny White,1984,9,1984-10-28,False,DAL,IND,H,W,22,3,21,32,262,2,0,111.7,0,0,0,0,0,,18.48,18.48,23756,False,fum_rec_td,PFR+RULE2PT
Danny White,1984,10,1984-11-04,False,DAL,NYG,H,L,7,19,1,6,20,0,0,41.0,2,0,0,0,0,,0.8,0.8,23756,False,fum_rec_td,PFR+RULE2PT
Danny White,1984,12,1984-11-18,False,DAL,BUF,A,L,3,14,0,0,0,0,0,0,0,0,0,0,0,,0.0,0.0,23756,False,fum_rec_td,PFR+RULE2PT
Danny White,1984,13,1984-11-22,False,DAL,NWE,H,W,20,17,21,41,288,1,1,72.0,2,2,1,0,0,,13.62,13.62,23756,False,fum_rec_td,PFR+RULE2PT
Danny White,1984,14,1984-12-02,False,DAL,PHI,A,W,26,10,8,25,125,1,4,23.3,3,1,7,0,0,,1.7,1.7,23756,False,fum_rec_td,PFR+RULE2PT
Danny White,1984,15,1984-12-09,False,DAL,WAS,H,L,28,30,22,42,327,4,2,90.1,5,1,8,0,0,,25.88,25.88,23756,False,fum_rec_td,PFR+RULE2PT
Danny White,1984,16,1984-12-17,False,DAL,MIA,A,L,21,28,20,34,246,1,2,66.5,3,1,0,0,0,,9.84,9.84,23756,False,fum_rec_td,PFR+RULE2PT
Danny White,1985,1,1985-09-09,False,DAL,WAS,H,W,44,14,14,33,219,1,0,75.2,2,0,0,0,0,,12.76,12.76,23756,False,fum_rec_td,PFR+RULE2PT
Danny White,1985,2,1985-09-15,False,DAL,DET,A,L,21,26,23,38,226,0,3,44.4,3,1,0,0,0,,3.04,3.04,23756,False,fum_rec_td,PFR+RULE2PT
Danny White,1985,3,1985-09-22,False,DAL,CLE,H,W,20,7,20,32,182,1,1,75.3,0,4,18,0,0,,18.28,19.28,23756,False,fum_rec_td,PFR+RULE2PT
Danny White,1985,4,1985-09-29,False,DAL,HOU,A,W,17,10,16,32,199,2,0,90.5,2,3,-6,0,0,,15.36,15.36,23756,False,fum_rec_td,PFR+RULE2PT
Danny White,1985,5,1985-10-06,False,DAL,NYG,A,W,30,29,31,46,342,3,4,74.7,3,2,-4,0,0,,17.28,17.28,23756,False,fum_rec_td,PFR+RULE2PT
Danny White,1985,6,1985-10-13,False,DAL,PIT,H,W,27,13,25,36,269,1,1,88.8,4,2,5,0,0,,13.26,13.26,23756,False,fum_rec_td,PFR+RULE2PT
Danny White,1985,8,1985-10-27,False,DAL,ATL,H,W,24,10,27,47,362,1,3,62.5,1,3,12,1,0,,19.68,19.68,23756,False,fum_rec_td,PFR+RULE2PT
Danny White,1985,9,1985-11-04,False,DAL,STL,A,L,10,21,21,36,202,1,1,71.8,4,1,-2,0,0,,9.88,9.88,23756,False,fum_rec_td,PFR+RULE2PT
Danny White,1985,10,1985-11-10,False,DAL,WAS,A,W,13,7,16,29,245,1,0,94.8,3,1,16,0,0,,15.4,15.4,23756,False,fum_rec_td,PFR+RULE2PT
Danny White,1985,11,1985-11-17,False,DAL,CHI,H,L,0,44,9,17,107,0,1,47.9,4,0,0,0,0,,2.28,2.28,23756,False,fum_rec_td,PFR+RULE2PT
Danny White,1985,12,1985-11-24,False,DAL,PHI,H,W,34,17,20,28,243,3,0,133.5,1,3,7,0,0,,22.42,22.42,23756,False,fum_rec_td,PFR+RULE2PT
Danny White,1985,13,1985-11-28,False,DAL,STL,H,W,35,17,14,26,235,4,1,108.2,0,2,-2,0,0,,23.2,23.2,23756,False,fum_rec_td,PFR+RULE2PT
Danny White,1985,14,1985-12-08,False,DAL,CIN,A,L,24,50,22,33,227,2,1,93.9,3,0,0,0,0,,15.08,15.08,23756,False,fum_rec_td,PFR+RULE2PT
Danny White,1985,15,1985-12-15,False,DAL,NYG,H,W,28,21,9,17,99,1,1,65.6,0,0,0,0,0,,5.96,5.96,23756,False,fum_rec_td,PFR+RULE2PT
Danny White,1985,17,1986-01-04,True,DAL,RAM,A,L,0,20,24,43,217,0,3,40.6,5,0,0,0,0,,2.68,2.68,23756,False,fum_rec_td,PFR+RULE2PT
Danny White,1986,1,1986-09-08,False,DAL,NYG,H,W,31,28,23,39,279,2,0,98.1,2,1,4,0,0,,19.56,19.56,23756,False,fum_rec_td,PFR+RULE2PT
Danny White,1986,2,1986-09-14,False,DAL,DET,A,W,31,7,20,31,184,1,2,64.4,1,1,1,1,0,,13.46,13.46,23756,False,fum_rec_td,PFR+RULE2PT
Danny White,1986,3,1986-09-21,False,DAL,ATL,H,L,35,37,23,30,280,4,1,130.6,2,1,10,0,0,,26.2,26.2,23756,False,fum_rec_td,PFR+RULE2PT
Danny White,1986,4,1986-09-29,False,DAL,STL,A,W,31,7,16,29,223,3,2,85.8,3,4,1,0,0,,17.02,17.02,23756,False,fum_rec_td,PFR+RULE2PT
Danny White,1986,7,1986-10-19,False,DAL,PHI,A,W,17,14,2,5,15,0,0,47.9,0,0,0,0,0,,0.6,0.6,23756,False,fum_rec_td,PFR+RULE2PT
Danny White,1986,8,1986-10-26,False,DAL,STL,H,W,37,6,10,16,168,2,0,137.5,1,0,0,0,0,,14.72,14.72,23756,False,fum_rec_td,PFR+RULE2PT
Danny White,1986,9,1986-11-02,False,DAL,NYG,A,L,14,17,1,3,8,0,0,42.4,1,1,0,0,0,,0.32,0.32,23756,False,fum_rec_td,PFR+RULE2PT
Danny White,1987,1,1987-09-13,False,DAL,STL,A,L,13,24,20,32,256,1,0,97.9,8,1,3,0,0,,14.54,14.54,23756,False,fum_rec_td,PFR+RULE2PT
Danny White,1987,2,1987-09-20,False,DAL,NYG,A,W,16,14,23,38,276,1,4,52.0,5,1,-2,0,0,,6.84,6.84,23756,False,fum_rec_td,PFR+RULE2PT
Danny White,1987,4,1987-10-11,False,DAL,PHI,H,W,41,22,3,3,59,0,0,118.7,1,0,0,0,0,,2.36,2.36,23756,False,fum_rec_td,PFR+RULE2PT
Danny White,1987,5,1987-10-19,False,DAL,WAS,H,L,7,13,21,36,262,1,1,78.7,5,3,12,0,0,,13.68,13.68,23756,False,fum_rec_td,PFR+RULE2PT
Danny White,1987,6,1987-10-25,False,DAL,PHI,A,L,20,37,22,36,257,1,0,92.0,5,0,0,0,0,,14.28,14.28,23756,False,fum_rec_td,PFR+RULE2PT
Danny White,1987,7,1987-11-02,False,DAL,NYG,H,W,33,24,24,33,245,1,1,91.1,4,0,0,0,0,,11.8,11.8,23756,False,fum_rec_td,PFR+RULE2PT
Danny White,1987,8,1987-11-08,False,DAL,DET,A,L,17,27,17,38,193,0,4,20.9,3,1,0,0,0,,-0.28,-0.28,23756,False,fum_rec_td,PFR+RULE2PT
Danny White,1987,9,1987-11-15,False,DAL,NWE,A,W,23,17,25,44,286,1,2,65.2,4,0,0,0,0,,11.44,11.44,23756,False,fum_rec_td,PFR+RULE2PT
Danny White,1987,11,1987-11-26,False,DAL,MIN,H,L,38,44,25,41,341,4,3,89.6,6,3,-1,1,0,,29.54,29.54,23756,False,fum_rec_td,PFR+RULE2PT
Danny White,1987,12,1987-12-06,False,DAL,ATL,H,L,10,21,8,12,83,0,1,51.7,0,0,0,0,0,,1.32,1.32,23756,False,fum_rec_td,PFR+RULE2PT
Danny White,1987,13,1987-12-13,False,DAL,WAS,A,L,20,24,27,49,359,2,1,83.6,3,1,2,0,0,,20.56,20.56,23756,False,fum_rec_td,PFR+RULE2PT
Danny White,1988,1,1988-09-04,False,DAL,PIT,A,L,21,24,0,0,0,0,0,0,0,0,0,0,0,,0.0,0.0,23756,False,fum_rec_td,PFR+RULE2PT
Danny White,1988,6,1988-10-09,False,DAL,WAS,H,L,17,35,5,7,32,0,1,41.1,0,0,0,0,0,,-0.72,-0.72,23756,False,fum_rec_td,PFR+RULE2PT
Danny White,1988,7,1988-10-16,False,DAL,CHI,A,L,7,17,24,35,242,1,2,73.7,5,0,0,0,0,,9.68,9.68,23756,False,fum_rec_td,PFR+RULE2PT
Lynn Dickey,1980,1,1980-09-07,False,GNB,CHI,H,W,12,6,10,22,138,0,1,47.2,,1,0,0,0,,3.52,3.52,5611,False,sacked;fum_rec_td,PFR+RULE2PT
Lynn Dickey,1980,2,1980-09-14,False,GNB,DET,H,L,7,29,16,30,174,0,1,56.8,,0,0,0,0,,4.96,4.96,5611,False,sacked;fum_rec_td,PFR+RULE2PT
Lynn Dickey,1980,3,1980-09-21,False,GNB,RAM,A,L,21,51,13,25,176,1,3,48.5,,1,2,0,0,,5.24,5.24,5611,False,sacked;fum_rec_td,PFR+RULE2PT
Lynn Dickey,1980,4,1980-09-28,False,GNB,DAL,H,L,7,28,11,26,141,0,1,43.9,,1,1,0,0,,3.74,3.74,5611,False,sacked;fum_rec_td,PFR+RULE2PT
Lynn Dickey,1980,5,1980-10-05,False,GNB,CIN,H,W,14,9,18,26,203,2,0,117.9,,3,-2,0,0,,15.92,15.92,5611,False,sacked;fum_rec_td,PFR+RULE2PT
Lynn Dickey,1980,6,1980-10-12,False,GNB,TAM,A,T,14,14,35,51,418,1,2,83.6,,2,1,0,0,,16.82,16.82,5611,False,sacked;fum_rec_td,PFR+RULE2PT
Lynn Dickey,1980,7,1980-10-19,False,GNB,CLE,A,L,21,26,17,22,230,1,3,85.6,,3,8,1,0,,14.0,14.0,5611,False,sacked;fum_rec_td,PFR+RULE2PT
Lynn Dickey,1980,8,1980-10-26,False,GNB,MIN,H,W,16,3,16,32,194,2,3,50.8,,3,4,0,0,,10.16,10.16,5611,False,sacked;fum_rec_td,PFR+RULE2PT
Lynn Dickey,1980,9,1980-11-02,False,GNB,PIT,A,L,20,22,20,38,289,3,3,71.1,,0,0,0,0,,17.56,17.56,5611,False,sacked;fum_rec_td,PFR+RULE2PT
Lynn Dickey,1980,10,1980-11-09,False,GNB,SFO,H,W,23,16,24,33,244,0,1,80.9,,2,-2,0,0,,7.56,7.56,5611,False,sacked;fum_rec_td,PFR+RULE2PT
Lynn Dickey,1980,11,1980-11-16,False,GNB,NYG,A,L,21,27,20,36,331,2,2,82.1,,1,0,0,0,,17.24,17.24,5611,False,sacked;fum_rec_td,PFR+RULE2PT
Lynn Dickey,1980,12,1980-11-23,False,GNB,MIN,A,W,25,13,13,21,218,1,0,112.8,,0,0,0,0,,12.72,12.72,5611,False,sacked;fum_rec_td,PFR+RULE2PT
Lynn Dickey,1980,13,1980-11-30,False,GNB,TAM,H,L,17,20,24,36,183,1,0,88.1,,1,0,0,0,,11.32,11.32,5611,False,sacked;fum_rec_td,PFR+RULE2PT
Lynn Dickey,1980,14,1980-12-07,False,GNB,CHI,A,L,7,61,12,23,160,1,1,70.9,,1,-1,0,0,,8.3,8.3,5611,False,sacked;fum_rec_td,PFR+RULE2PT
Lynn Dickey,1980,15,1980-12-14,False,GNB,HOU,H,L,3,22,18,37,309,0,3,43.6,,0,0,0,0,,6.36,6.36,5611,False,sacked;fum_rec_td,PFR+RULE2PT
Lynn Dickey,1980,16,1980-12-21,False,GNB,DET,A,L,3,24,11,20,121,0,1,52.3,,0,0,0,0,,2.84,2.84,5611,False,sacked;fum_rec_td,PFR+RULE2PT
Lynn Dickey,1981,1,1981-09-06,False,GNB,CHI,A,W,16,9,10,23,165,0,1,50.1,,3,2,0,0,,4.8,4.8,5611,False,sacked;fum_rec_td,PFR+RULE2PT
Lynn Dickey,1981,2,1981-09-13,False,GNB,ATL,H,L,17,31,30,44,342,2,3,78.0,,1,-4,0,0,,15.28,15.28,5611,False,sacked;fum_rec_td,PFR+RULE2PT
Lynn Dickey,1981,3,1981-09-20,False,GNB,RAM,A,L,23,35,15,29,125,1,1,60.3,,2,13,0,0,,8.3,8.3,5611,False,sacked;fum_rec_td,PFR+RULE2PT
Lynn Dickey,1981,4,1981-09-27,False,GNB,MIN,H,L,13,30,19,33,251,1,0,91.9,,1,0,0,0,,14.04,14.04,5611,False,sacked;fum_rec_td,PFR+RULE2PT
Lynn Dickey,1981,5,1981-10-04,False,GNB,NYG,A,W,27,14,17,22,208,2,1,117.2,,0,0,0,0,,14.32,14.32,5611,False,sacked;fum_rec_td,PFR+RULE2PT
Lynn Dickey,1981,6,1981-10-11,False,GNB,TAM,H,L,10,21,19,33,219,0,4,38.1,,1,0,0,0,,0.76,0.76,5611,False,sacked;fum_rec_td,PFR+RULE2PT
Lynn Dickey,1981,7,1981-10-18,False,GNB,SFO,H,L,3,13,11,18,156,0,0,89.1,,1,0,0,0,,6.24,6.24,5611,False,sacked;fum_rec_td,PFR+RULE2PT
Lynn Dickey,1981,8,1981-10-25,False,GNB,DET,A,L,27,31,4,7,97,1,0,141.4,,0,0,0,0,,7.88,7.88,5611,False,sacked;fum_rec_td,PFR+RULE2PT
Lynn Dickey,1981,10,1981-11-08,False,GNB,NYG,H,W,26,24,10,27,143,0,2,24.2,,0,0,0,0,,1.72,1.72,5611,False,sacked;fum_rec_td,PFR+RULE2PT
Lynn Dickey,1981,13,1981-11-29,False,GNB,MIN,A,W,35,23,18,33,294,3,2,89.7,,5,-2,0,0,,19.56,19.56,5611,False,sacked;fum_rec_td,PFR+RULE2PT
Lynn Dickey,1981,14,1981-12-06,False,GNB,DET,H,W,31,17,20,31,279,2,0,114.9,,3,-3,0,0,,18.86,18.86,5611,False,sacked;fum_rec_td,PFR+RULE2PT
Lynn Dickey,1981,15,1981-12-13,False,GNB,NOR,A,W,35,7,19,21,218,5,0,149.5,,0,0,0,0,,28.72,28.72,5611,False,sacked;fum_rec_td,PFR+RULE2PT
Lynn Dickey,1981,16,1981-12-20,False,GNB,NYJ,A,L,3,28,12,33,96,0,1,32.3,,2,0,0,0,,1.84,1.84,5611,False,sacked;fum_rec_td,PFR+RULE2PT
Lynn Dickey,1982,1,1982-09-12,False,GNB,RAM,H,W,35,23,17,27,237,3,3,88.6,2,3,-5,0,0,,14.98,14.98,5611,False,fum_rec_td,PFR+RULE2PT
Lynn Dickey,1982,2,1982-09-20,False,GNB,NYG,A,W,27,19,13,20,201,1,0,114.8,4,2,-4,0,0,,11.64,11.64,5611,False,fum_rec_td,PFR+RULE2PT
Lynn Dickey,1982,3,1982-11-21,False,GNB,MIN,H,W,26,7,15,22,244,1,0,120.3,6,0,0,0,0,,13.76,13.76,5611,False,fum_rec_td,PFR+RULE2PT
Lynn Dickey,1982,4,1982-11-28,False,GNB,NYJ,A,L,13,15,19,30,225,2,0,108.3,3,2,1,0,0,,17.1,17.1,5611,False,fum_rec_td,PFR+RULE2PT
Lynn Dickey,1982,5,1982-12-05,False,GNB,BUF,H,W,33,21,14,23,195,1,1,84.5,0,2,0,0,0,,9.8,9.8,5611,False,fum_rec_td,PFR+RULE2PT
Lynn Dickey,1982,6,1982-12-12,False,GNB,DET,H,L,10,30,7,19,39,0,4,5.7,4,0,0,0,0,,-6.44,-6.44,5611,False,fum_rec_td,PFR+RULE2PT
Lynn Dickey,1982,7,1982-12-19,False,GNB,BAL,A,T,20,20,16,34,213,1,1,65.0,4,1,11,0,0,,11.62,11.62,5611,False,fum_rec_td,PFR+RULE2PT
Lynn Dickey,1982,8,1982-12-26,False,GNB,ATL,A,W,38,7,10,17,248,2,1,117.9,1,0,0,0,0,,15.92,15.92,5611,False,fum_rec_td,PFR+RULE2PT
Lynn Dickey,1982,9,1983-01-02,False,GNB,DET,A,L,24,27,13,26,188,1,4,47.1,1,3,16,0,0,,5.12,5.12,5611,False,fum_rec_td,PFR+RULE2PT
Lynn Dickey,1982,10,1983-01-08,True,GNB,STL,H,W,41,16,17,23,260,4,0,150.4,0,1,0,0,0,,26.4,26.4,5611,False,fum_rec_td,PFR+RULE2PT
Lynn Dickey,1982,11,1983-01-16,True,GNB,DAL,A,L,26,37,19,36,332,1,3,59.0,2,1,0,0,0,,11.28,11.28,5611,False,fum_rec_td,PFR+RULE2PT
Lynn Dickey,1983,1,1983-09-04,False,GNB,HOU,A,W,41,38,27,31,333,5,1,137.6,1,1,0,0,0,,31.32,31.32,5611,False,fum_rec_td,PFR+RULE2PT
Lynn Dickey,1983,2,1983-09-11,False,GNB,PIT,H,L,21,25,14,20,290,3,0,152.1,4,0,0,0,0,,23.6,23.6,5611,False,fum_rec_td,PFR+RULE2PT
Lynn Dickey,1983,3,1983-09-18,False,GNB,RAM,H,W,27,24,22,36,288,1,3,60.9,4,2,2,0,0,,9.72,9.72,5611,False,fum_rec_td,PFR+RULE2PT
Lynn Dickey,1983,4,1983-09-26,False,GNB,NYG,A,L,3,27,16,28,283,0,1,76.9,3,2,2,0,0,,9.52,9.52,5611,False,fum_rec_td,PFR+RULE2PT
Lynn Dickey,1983,5,1983-10-02,False,GNB,TAM,H,W,55,14,10,15,267,3,1,121.5,1,0,0,0,0,,20.68,20.68,5611,False,fum_rec_td,PFR+RULE2PT
Lynn Dickey,1983,6,1983-10-09,False,GNB,DET,A,L,14,38,21,37,214,1,2,60.0,2,0,0,0,0,,8.56,8.56,5611,False,fum_rec_td,PFR+RULE2PT
Lynn Dickey,1983,7,1983-10-17,False,GNB,WAS,H,W,48,47,22,31,387,3,1,132.1,3,2,4,0,0,,25.88,25.88,5611,False,fum_rec_td,PFR+RULE2PT
Lynn Dickey,1983,8,1983-10-23,False,GNB,MIN,H,L,17,20,23,41,383,2,3,73.5,7,0,0,0,0,,17.32,17.32,5611,False,fum_rec_td,PFR+RULE2PT
Lynn Dickey,1983,9,1983-10-30,False,GNB,CIN,A,L,14,34,16,31,231,0,2,49.3,4,2,1,1,0,,11.34,11.34,5611,False,fum_rec_td,PFR+RULE2PT
Lynn Dickey,1983,10,1983-11-06,False,GNB,CLE,H,W,35,21,20,33,228,4,3,83.1,2,2,1,0,0,,19.22,19.22,5611,False,fum_rec_td,PFR+RULE2PT
Lynn Dickey,1983,11,1983-11-13,False,GNB,MIN,A,W,29,21,13,27,180,2,1,79.2,0,2,2,0,0,,13.4,13.4,5611,False,fum_rec_td,PFR+RULE2PT
Lynn Dickey,1983,12,1983-11-20,False,GNB,DET,H,L,20,23,10,17,123,2,0,120.5,1,0,0,0,0,,12.92,12.92,5611,False,fum_rec_td,PFR+RULE2PT
Lynn Dickey,1983,13,1983-11-27,False,GNB,ATL,A,L,41,47,25,37,366,3,3,92.8,0,2,0,1,0,,26.64,26.64,5611,False,fum_rec_td,PFR+RULE2PT
Lynn Dickey,1983,14,1983-12-04,False,GNB,CHI,H,W,31,28,16,34,345,1,1,81.1,2,1,-2,0,0,,15.6,15.6,5611,False,fum_rec_td,PFR+RULE2PT
Lynn Dickey,1983,15,1983-12-12,False,GNB,TAM,A,W,12,9,24,36,278,0,3,55.1,2,3,1,0,0,,5.22,5.22,5611,False,fum_rec_td,PFR+RULE2PT
Lynn Dickey,1983,16,1983-12-18,False,GNB,CHI,A,L,21,23,10,30,262,2,4,48.9,4,2,1,1,0,,16.58,16.58,5611,False,fum_rec_td,PFR+RULE2PT
Lynn Dickey,1984,1,1984-09-02,False,GNB,STL,H,W,24,23,16,22,188,1,1,94.5,3,3,-5,1,0,,15.02,15.02,5611,False,fum_rec_td,PFR+RULE2PT
Lynn Dickey,1984,2,1984-09-09,False,GNB,RAI,A,L,7,28,2,5,14,0,0,47.9,1,0,0,0,0,,0.56,0.56,5611,False,fum_rec_td,PFR+RULE2PT
Lynn Dickey,1984,3,1984-09-16,False,GNB,CHI,H,L,7,9,11,23,142,0,1,49.5,3,1,-2,0,0,,3.48,3.48,5611,False,fum_rec_td,PFR+RULE2PT
Lynn Dickey,1984,4,1984-09-23,False,GNB,DAL,A,L,6,20,5,16,64,0,1,18.7,5,0,0,0,0,,0.56,0.56,5611,False,fum_rec_td,PFR+RULE2PT
Lynn Dickey,1984,5,1984-09-30,False,GNB,TAM,A,L,27,30,16,31,232,2,3,58.2,2,0,0,0,0,,11.28,11.28,5611,False,fum_rec_td,PFR+RULE2PT
Lynn Dickey,1984,6,1984-10-07,False,GNB,SDG,H,L,28,34,25,40,384,3,2,98.3,3,1,0,0,0,,23.36,23.36,5611,False,fum_rec_td,PFR+RULE2PT
Lynn Dickey,1984,7,1984-10-15,False,GNB,DEN,A,L,14,17,27,37,371,1,1,102.4,3,2,1,0,0,,16.94,16.94,5611,False,fum_rec_td,PFR+RULE2PT
Lynn Dickey,1984,8,1984-10-21,False,GNB,SEA,H,L,24,30,24,38,364,3,3,88.0,6,3,9,0,0,,21.46,21.46,5611,False,fum_rec_td,PFR+RULE2PT
Lynn Dickey,1984,9,1984-10-28,False,GNB,DET,H,W,41,9,17,25,248,4,0,139.7,1,1,0,0,0,,25.92,25.92,5611,False,fum_rec_td,PFR+RULE2PT
Lynn Dickey,1984,10,1984-11-04,False,GNB,NOR,A,W,23,13,15,28,173,2,0,96.3,1,1,-2,0,0,,14.72,14.72,5611,False,fum_rec_td,PFR+RULE2PT
Lynn Dickey,1984,11,1984-11-11,False,GNB,MIN,H,W,45,17,22,40,303,4,1,102.4,1,0,0,0,0,,26.12,26.12,5611,False,fum_rec_td,PFR+RULE2PT
Lynn Dickey,1984,12,1984-11-18,False,GNB,RAM,H,W,31,6,15,27,194,0,2,47.5,0,0,0,0,0,,3.76,3.76,5611,False,fum_rec_td,PFR+RULE2PT
Lynn Dickey,1984,13,1984-11-22,False,GNB,DET,A,L,28,31,8,17,115,2,1,84.2,2,0,0,0,0,,10.6,10.6,5611,False,fum_rec_td,PFR+RULE2PT
Lynn Dickey,1984,14,1984-12-02,False,GNB,TAM,H,W,27,14,18,32,205,1,3,47.0,0,3,-3,1,0,,11.9,11.9,5611,False,fum_rec_td,PFR+RULE2PT
Lynn Dickey,1984,16,1984-12-16,False,GNB,MIN,A,W,38,14,16,20,198,2,0,141.2,1,3,8,1,0,,22.72,22.72,5611,False,fum_rec_td,PFR+RULE2PT
Lynn Dickey,1985,1,1985-09-08,False,GNB,NWE,A,L,20,26,14,29,205,1,1,68.9,7,2,-2,0,0,,10.0,10.0,5611,False,fum_rec_td,PFR+RULE2PT
Lynn Dickey,1985,2,1985-09-15,False,GNB,NYG,H,W,23,20,15,26,188,1,1,77.1,4,6,-15,0,0,,8.02,8.02,5611,False,fum_rec_td,PFR+RULE2PT
Lynn Dickey,1985,3,1985-09-22,False,GNB,NYJ,H,L,3,24,6,18,84,0,1,26.2,3,1,0,0,0,,1.36,1.36,5611,False,fum_rec_td,PFR+RULE2PT
Lynn Dickey,1985,4,1985-09-29,False,GNB,STL,A,L,28,43,14,21,175,3,0,131.9,1,0,0,0,0,,19.0,19.0,5611,False,fum_rec_td,PFR+RULE2PT
Lynn Dickey,1985,5,1985-10-06,False,GNB,DET,H,W,43,10,11,17,126,2,0,126.1,0,2,0,0,0,,13.04,13.04,5611,False,fum_rec_td,PFR+RULE2PT
Lynn Dickey,1985,6,1985-10-13,False,GNB,MIN,H,W,20,17,15,31,166,1,2,48.6,3,2,3,0,0,,6.94,6.94,5611,False,fum_rec_td,PFR+RULE2PT
Lynn Dickey,1985,7,1985-10-21,False,GNB,CHI,A,L,7,23,4,7,62,1,3,86.6,0,1,3,0,0,,0.78,0.78,5611,False,fum_rec_td,PFR+RULE2PT
Lynn Dickey,1985,8,1985-10-27,False,GNB,IND,A,L,10,37,20,47,225,1,4,29.1,3,0,0,0,0,,5.0,5.0,5611,False,fum_rec_td,PFR+RULE2PT
Lynn Dickey,1985,10,1985-11-10,False,GNB,MIN,A,W,27,17,9,11,135,1,0,148.1,1,0,0,0,0,,9.4,9.4,5611,False,fum_rec_td,PFR+RULE2PT
Lynn Dickey,1985,11,1985-11-17,False,GNB,NOR,H,W,38,14,22,35,302,2,2,85.7,1,0,0,0,0,,16.08,16.08,5611,False,fum_rec_td,PFR+RULE2PT
Lynn Dickey,1985,12,1985-11-24,False,GNB,RAM,A,L,17,34,20,36,239,2,1,83.0,5,0,0,0,0,,15.56,15.56,5611,False,fum_rec_td,PFR+RULE2PT
Lynn Dickey,1985,13,1985-12-01,False,GNB,TAM,H,W,21,0,22,36,299,0,2,64.5,2,4,-1,1,0,,13.86,13.86,5611,False,fum_rec_td,PFR+RULE2PT
Archie Manning,1980,1,1980-09-07,False,NOR,SFO,H,L,23,26,25,40,314,1,0,95.2,,1,3,0,0,,16.86,16.86,13979,False,sacked;fum_rec_td,PFR+RULE2PT
Archie Manning,1980,2,1980-09-14,False,NOR,CHI,A,L,3,22,15,27,168,0,2,43.4,,2,10,0,0,,3.72,3.72,13979,False,sacked;fum_rec_td,PFR+RULE2PT
Archie Manning,1980,3,1980-09-21,False,NOR,BUF,H,L,26,35,24,34,285,2,0,115.4,,1,14,0,0,,20.8,20.8,13979,False,sacked;fum_rec_td,PFR+RULE2PT
Archie Manning,1980,4,1980-09-28,False,NOR,MIA,A,L,16,21,20,35,201,1,2,59.3,,1,3,0,0,,8.34,8.34,13979,False,sacked;fum_rec_td,PFR+RULE2PT
Archie Manning,1980,5,1980-10-05,False,NOR,STL,H,L,7,40,5,9,49,0,1,31.5,,0,0,0,0,,-0.04,-0.04,13979,False,sacked;fum_rec_td,PFR+RULE2PT
Archie Manning,1980,6,1980-10-12,False,NOR,DET,A,L,13,24,25,36,314,1,0,105.6,,1,-4,0,0,,16.16,16.16,13979,False,sacked;fum_rec_td,PFR+RULE2PT
Archie Manning,1980,7,1980-10-19,False,NOR,ATL,H,L,14,41,23,32,323,2,3,85.8,,0,0,0,0,,14.92,14.92,13979,False,sacked;fum_rec_td,PFR+RULE2PT
Archie Manning,1980,8,1980-10-26,False,NOR,WAS,A,L,14,22,12,24,124,1,3,39.6,,2,44,0,0,,7.36,7.36,13979,False,sacked;fum_rec_td,PFR+RULE2PT
Archie Manning,1980,9,1980-11-02,False,NOR,RAM,A,L,31,45,24,48,263,3,1,78.7,,0,0,0,0,,20.52,20.52,13979,False,sacked;fum_rec_td,PFR+RULE2PT
Archie Manning,1980,10,1980-11-09,False,NOR,PHI,H,L,21,34,25,40,306,3,1,100.6,,2,21,0,0,,24.34,24.34,13979,False,sacked;fum_rec_td,PFR+RULE2PT
Archie Manning,1980,11,1980-11-16,False,NOR,ATL,A,L,13,31,12,20,153,1,2,61.0,,2,12,0,0,,7.32,7.32,13979,False,sacked;fum_rec_td,PFR+RULE2PT
Archie Manning,1980,12,1980-11-24,False,NOR,RAM,H,L,7,27,12,26,92,0,2,23.2,,2,18,0,0,,1.48,1.48,13979,False,sacked;fum_rec_td,PFR+RULE2PT
Archie Manning,1980,13,1980-11-30,False,NOR,MIN,H,L,20,23,19,31,248,3,2,91.9,,1,10,0,0,,18.92,18.92,13979,False,sacked;fum_rec_td,PFR+RULE2PT
Archie Manning,1980,14,1980-12-07,False,NOR,SFO,A,L,35,38,24,38,377,3,1,111.4,,2,4,0,0,,25.48,25.48,13979,False,sacked;fum_rec_td,PFR+RULE2PT
Archie Manning,1980,15,1980-12-14,False,NOR,NYJ,A,W,21,20,20,30,198,1,0,96.2,,1,4,0,0,,12.32,12.32,13979,False,sacked;fum_rec_td,PFR+RULE2PT
Archie Manning,1980,16,1980-12-21,False,NOR,NWE,H,L,27,38,24,39,301,1,0,94.1,,5,27,0,0,,18.74,18.74,13979,False,sacked;fum_rec_td,PFR+RULE2PT
Archie Manning,1981,1,1981-09-06,False,NOR,ATL,A,L,0,27,15,28,122,0,0,64.9,,0,0,0,0,,4.88,4.88,13979,False,sacked;fum_rec_td,PFR+RULE2PT
Archie Manning,1981,2,1981-09-13,False,NOR,RAM,H,W,23,17,0,2,0,0,0,39.6,,1,13,0,0,,1.3,1.3,13979,False,sacked;fum_rec_td,PFR+RULE2PT
Archie Manning,1981,4,1981-09-27,False,NOR,SFO,A,L,14,21,10,16,70,1,1,67.2,,0,0,0,0,,4.8,4.8,13979,False,sacked;fum_rec_td,PFR+RULE2PT
Archie Manning,1981,6,1981-10-11,False,NOR,PHI,H,L,14,31,4,15,43,0,1,11.8,,0,0,0,0,,-0.28,-0.28,13979,False,sacked;fum_rec_td,PFR+RULE2PT
Archie Manning,1981,7,1981-10-18,False,NOR,CLE,A,L,17,20,16,28,199,0,0,79.3,,0,0,0,0,,7.96,7.96,13979,False,sacked;fum_rec_td,PFR+RULE2PT
Archie Manning,1981,8,1981-10-25,False,NOR,CIN,H,W,17,7,15,24,170,1,1,80.2,,1,15,0,0,,10.3,10.3,13979,False,sacked;fum_rec_td,PFR+RULE2PT
Archie Manning,1981,9,1981-11-01,False,NOR,ATL,H,L,10,41,17,29,198,1,0,90.9,,0,0,0,0,,11.92,11.92,13979,False,sacked;fum_rec_td,PFR+RULE2PT
Archie Manning,1981,12,1981-11-22,False,NOR,HOU,A,W,27,24,10,14,147,1,0,129.2,,0,0,0,0,,9.88,9.88,13979,False,sacked;fum_rec_td,PFR+RULE2PT
Archie Manning,1981,13,1981-11-29,False,NOR,TAM,H,L,14,31,16,23,162,1,2,67.7,,0,0,0,0,,6.48,6.48,13979,False,sacked;fum_rec_td,PFR+RULE2PT
Archie Manning,1981,14,1981-12-06,False,NOR,STL,A,L,3,30,7,17,105,0,2,22.5,,0,0,0,0,,0.2,0.2,13979,False,sacked;fum_rec_td,PFR+RULE2PT
Archie Manning,1981,15,1981-12-13,False,NOR,GNB,H,L,7,35,10,15,121,0,3,51.7,,0,0,0,0,,-1.16,-1.16,13979,False,sacked;fum_rec_td,PFR+RULE2PT
Archie Manning,1981,16,1981-12-20,False,NOR,SFO,H,L,17,21,14,21,110,0,1,59.6,,0,0,0,0,,2.4,2.4,13979,False,sacked;fum_rec_td,PFR+RULE2PT
Archie Manning,1982,1,1982-09-12,False,NOR,STL,H,L,7,21,1,7,3,0,2,0.0,2,0,0,0,0,,-3.88,-3.88,13979,False,fum_rec_td,PFR+RULE2PT
Archie Manning,1982,3,1982-11-21,False,HOU,PIT,H,L,10,24,1,5,23,0,0,46.2,3,2,9,0,0,,1.82,1.82,13979,False,fum_rec_td,PFR+RULE2PT
Archie Manning,1982,4,1982-11-28,False,HOU,NWE,A,L,21,29,19,33,231,2,1,86.8,6,4,35,0,0,,18.74,18.74,13979,False,fum_rec_td,PFR+RULE2PT
Archie Manning,1982,5,1982-12-05,False,HOU,NYG,A,L,14,17,15,20,189,1,0,120.6,5,0,0,0,0,,11.56,11.56,13979,False,fum_rec_td,PFR+RULE2PT
Archie Manning,1982,6,1982-12-13,False,HOU,DAL,H,L,7,37,12,33,199,1,0,67.6,6,1,0,0,0,,11.96,11.96,13979,False,fum_rec_td,PFR+RULE2PT
Archie Manning,1982,7,1982-12-19,False,HOU,PHI,A,L,14,35,18,30,230,2,4,66.7,7,4,22,0,0,,11.4,11.4,13979,False,fum_rec_td,PFR+RULE2PT
Archie Manning,1982,8,1982-12-26,False,HOU,CLE,H,L,14,20,1,4,5,0,1,0.0,0,2,19,0,0,,0.1,0.1,13979,False,fum_rec_td,PFR+RULE2PT
Archie Manning,1983,1,1983-09-04,False,HOU,GNB,H,L,38,41,22,34,348,1,2,83.9,0,0,0,0,0,,13.92,13.92,13979,False,fum_rec_td,PFR+RULE2PT
Archie Manning,1983,2,1983-09-11,False,HOU,RAI,A,L,6,20,6,19,107,0,2,12.3,5,1,11,0,0,,1.38,1.38,13979,False,fum_rec_td,PFR+RULE2PT
Archie Manning,1983,3,1983-09-18,False,HOU,PIT,H,L,28,40,16,35,300,1,4,45.8,6,1,2,0,0,,8.2,8.2,13979,False,fum_rec_td,PFR+RULE2PT
Archie Manning,1983,7,1983-10-16,False,MIN,HOU,H,W,34,14,0,0,0,0,0,0,0,1,-1,0,0,,-0.1,-0.1,13979,False,fum_rec_td,PFR+RULE2PT
Archie Manning,1983,12,1983-11-20,False,MIN,PIT,A,W,17,14,0,0,0,0,0,0,0,0,0,0,0,,0.0,0.0,13979,False,fum_rec_td,PFR+RULE2PT
Archie Manning,1984,6,1984-10-07,False,MIN,TAM,A,L,31,35,1,2,7,0,0,58.3,0,1,0,0,0,,0.28,0.28,13979,False,fum_rec_td,PFR+RULE2PT
Archie Manning,1984,8,1984-10-21,False,MIN,DET,H,L,14,16,5,14,40,0,1,14.6,3,2,10,0,0,,0.6,0.6,13979,False,fum_rec_td,PFR+RULE2PT
Archie Manning,1984,9,1984-10-28,False,MIN,CHI,A,L,7,16,14,24,138,0,1,57.3,11,4,20,0,0,,5.52,5.52,13979,False,fum_rec_td,PFR+RULE2PT
Archie Manning,1984,14,1984-11-29,False,MIN,WAS,H,L,17,31,11,22,164,2,0,105.1,0,2,13,0,0,,15.86,15.86,13979,False,fum_rec_td,PFR+RULE2PT
Archie Manning,1984,15,1984-12-08,False,MIN,SFO,A,L,7,51,3,7,21,0,0,50.3,2,1,1,0,0,,0.94,0.94,13979,False,fum_rec_td,PFR+RULE2PT
Archie Manning,1984,16,1984-12-16,False,MIN,GNB,H,L,14,38,18,25,175,0,1,74.6,2,1,-2,0,0,,4.8,4.8,13979,False,fum_rec_td,PFR+RULE2PT
Brian Sipe,1980,1,1980-09-07,False,CLE,NWE,A,L,17,34,22,35,233,2,0,101.2,,2,-4,0,0,,16.92,16.92,20386,False,sacked;fum_rec_td,PFR+RULE2PT
Brian Sipe,1980,2,1980-09-15,False,CLE,HOU,H,L,7,16,12,25,106,1,1,56.4,,0,0,0,0,,6.24,6.24,20386,False,sacked;fum_rec_td,PFR+RULE2PT
Brian Sipe,1980,3,1980-09-21,False,CLE,KAN,H,W,20,13,23,36,295,2,1,96.4,,1,7,0,0,,18.5,18.5,20386,False,sacked;fum_rec_td,PFR+RULE2PT
Brian Sipe,1980,4,1980-09-28,False,CLE,TAM,A,W,34,27,22,32,318,3,1,119.0,,1,-2,0,0,,22.52,22.52,20386,False,sacked;fum_rec_td,PFR+RULE2PT
Brian Sipe,1980,5,1980-10-05,False,CLE,DEN,H,L,16,19,20,40,258,1,1,68.5,,0,0,0,0,,12.32,12.32,20386,False,sacked;fum_rec_td,PFR+RULE2PT
Brian Sipe,1980,6,1980-10-12,False,CLE,SEA,A,W,27,3,12,24,211,1,0,94.3,,1,11,0,0,,13.54,13.54,20386,False,sacked;fum_rec_td,PFR+RULE2PT
Brian Sipe,1980,7,1980-10-19,False,CLE,GNB,H,W,26,21,24,39,391,2,0,112.2,,2,33,0,0,,26.94,26.94,20386,False,sacked;fum_rec_td,PFR+RULE2PT
Brian Sipe,1980,8,1980-10-26,False,CLE,PIT,H,W,27,26,28,46,349,4,1,104.3,,0,0,0,0,,27.96,27.96,20386,False,sacked;fum_rec_td,PFR+RULE2PT
Brian Sipe,1980,9,1980-11-03,False,CLE,CHI,H,W,27,21,23,39,298,1,2,70.2,,2,7,0,0,,12.62,12.62,20386,False,sacked;fum_rec_td,PFR+RULE2PT
Brian Sipe,1980,10,1980-11-09,False,CLE,BAL,A,W,28,27,22,29,212,2,0,118.7,,0,0,0,0,,16.48,16.48,20386,False,sacked;fum_rec_td,PFR+RULE2PT
Brian Sipe,1980,11,1980-11-16,False,CLE,PIT,A,L,13,16,15,34,178,2,1,68.0,,0,0,0,0,,13.12,13.12,20386,False,sacked;fum_rec_td,PFR+RULE2PT
Brian Sipe,1980,12,1980-11-23,False,CLE,CIN,H,W,31,7,27,36,310,4,1,125.9,,0,0,0,0,,26.4,26.4,20386,False,sacked;fum_rec_td,PFR+RULE2PT
Brian Sipe,1980,13,1980-11-30,False,CLE,HOU,A,W,17,14,13,21,93,0,1,52.3,,3,-3,0,0,,1.42,1.42,20386,False,sacked;fum_rec_td,PFR+RULE2PT
Brian Sipe,1980,14,1980-12-07,False,CLE,NYJ,H,W,17,14,30,41,340,1,1,95.6,,5,0,0,0,,15.6,15.6,20386,False,sacked;fum_rec_td,PFR+RULE2PT
Brian Sipe,1980,15,1980-12-14,False,CLE,MIN,A,L,23,28,20,33,232,1,1,79.4,,2,9,1,0,,18.18,18.18,20386,False,sacked;fum_rec_td,PFR+RULE2PT
Brian Sipe,1980,16,1980-12-21,False,CLE,CIN,A,W,27,24,24,44,308,3,2,80.5,,1,-3,0,0,,20.02,20.02,20386,False,sacked;fum_rec_td,PFR+RULE2PT
Brian Sipe,1980,17,1981-01-04,True,CLE,OAK,H,L,12,14,13,40,183,0,3,17.0,,6,13,0,0,,2.62,2.62,20386,False,sacked;fum_rec_td,PFR+RULE2PT
Brian Sipe,1981,1,1981-09-07,False,CLE,SDG,H,L,14,44,31,57,375,2,2,71.9,,4,10,0,0,,20.0,20.0,20386,False,sacked;fum_rec_td,PFR+RULE2PT
Brian Sipe,1981,2,1981-09-13,False,CLE,HOU,H,L,3,9,25,53,234,0,1,51.9,,0,0,0,0,,7.36,7.36,20386,False,sacked;fum_rec_td,PFR+RULE2PT
Brian Sipe,1981,3,1981-09-20,False,CLE,CIN,A,W,20,17,24,35,259,1,0,99.6,,2,5,0,0,,14.86,14.86,20386,False,sacked;fum_rec_td,PFR+RULE2PT
Brian Sipe,1981,4,1981-09-27,False,CLE,ATL,H,W,28,17,21,34,215,2,2,75.0,,4,-2,1,0,,18.4,18.4,20386,False,sacked;fum_rec_td,PFR+RULE2PT
Brian Sipe,1981,5,1981-10-04,False,CLE,RAM,A,L,16,27,14,28,250,1,1,78.0,,1,0,0,0,,12.0,12.0,20386,False,sacked;fum_rec_td,PFR+RULE2PT
Brian Sipe,1981,6,1981-10-11,False,CLE,PIT,A,L,7,13,12,26,183,1,1,66.7,,3,27,0,0,,12.02,12.02,20386,False,sacked;fum_rec_td,PFR+RULE2PT
Brian Sipe,1981,7,1981-10-18,False,CLE,NOR,H,W,20,17,25,42,270,0,0,78.5,,3,-8,0,0,,10.0,10.0,20386,False,sacked;fum_rec_td,PFR+RULE2PT
Brian Sipe,1981,8,1981-10-25,False,CLE,BAL,H,W,42,28,30,41,444,4,2,120.4,,2,-7,0,0,,29.06,29.06,20386,False,sacked;fum_rec_td,PFR+RULE2PT
Brian Sipe,1981,9,1981-11-01,False,CLE,BUF,A,L,13,22,14,37,199,1,3,31.2,,2,6,0,0,,6.56,6.56,20386,False,sacked;fum_rec_td,PFR+RULE2PT
Brian Sipe,1981,10,1981-11-08,False,CLE,DEN,A,L,20,23,20,42,290,1,2,58.6,,3,10,0,0,,12.6,12.6,20386,False,sacked;fum_rec_td,PFR+RULE2PT
Brian Sipe,1981,11,1981-11-15,False,CLE,SFO,A,W,15,12,16,33,180,1,1,62.7,,1,-3,0,0,,8.9,8.9,20386,False,sacked;fum_rec_td,PFR+RULE2PT
Brian Sipe,1981,12,1981-11-22,False,CLE,PIT,H,L,10,32,18,39,227,1,6,33.8,,4,27,0,0,,3.78,3.78,20386,False,sacked;fum_rec_td,PFR+RULE2PT
Brian Sipe,1981,13,1981-11-29,False,CLE,CIN,H,L,21,41,19,28,217,1,0,102.8,,4,43,0,0,,16.98,16.98,20386,False,sacked;fum_rec_td,PFR+RULE2PT
Brian Sipe,1981,14,1981-12-03,False,CLE,HOU,A,L,13,17,21,31,206,0,2,59.3,,1,12,0,0,,5.44,5.44,20386,False,sacked;fum_rec_td,PFR+RULE2PT
Brian Sipe,1981,15,1981-12-12,False,CLE,NYJ,H,L,13,14,20,35,280,1,0,92.6,,3,19,0,0,,17.1,17.1,20386,False,sacked;fum_rec_td,PFR+RULE2PT
Brian Sipe,1981,16,1981-12-20,False,CLE,SEA,A,L,21,42,3,6,47,0,2,36.8,,1,14,0,0,,-0.72,-0.72,20386,False,sacked;fum_rec_td,PFR+RULE2PT
Brian Sipe,1982,1,1982-09-12,False,CLE,SEA,A,W,21,7,11,23,138,0,0,66.9,1,3,-9,0,0,,4.62,4.62,20386,False,fum_rec_td,PFR+RULE2PT
Brian Sipe,1982,2,1982-09-19,False,CLE,PHI,H,L,21,24,20,41,239,2,2,63.0,1,2,22,0,0,,15.76,15.76,20386,False,fum_rec_td,PFR+RULE2PT
Brian Sipe,1982,3,1982-11-21,False,CLE,NWE,H,W,10,7,13,32,138,1,0,64.3,1,4,18,0,0,,11.32,11.32,20386,False,fum_rec_td,PFR+RULE2PT
Brian Sipe,1982,4,1982-11-25,False,CLE,DAL,A,L,14,31,11,23,85,0,3,17.8,3,2,6,0,0,,-2.0,-2.0,20386,False,fum_rec_td,PFR+RULE2PT
Brian Sipe,1982,5,1982-12-05,False,CLE,SDG,H,L,13,30,33,48,338,1,2,78.3,4,0,0,0,0,,13.52,13.52,20386,False,fum_rec_td,PFR+RULE2PT
Brian Sipe,1982,6,1982-12-12,False,CLE,CIN,A,L,10,23,13,18,126,0,1,68.3,3,2,7,0,0,,3.74,3.74,20386,False,fum_rec_td,PFR+RULE2PT
Brian Sipe,1983,1,1983-09-04,False,CLE,MIN,H,L,21,27,20,33,223,3,2,85.8,4,3,7,0,0,,17.62,17.62,20386,False,fum_rec_td,PFR+RULE2PT
Brian Sipe,1983,2,1983-09-11,False,CLE,DET,A,W,31,26,18,29,234,4,0,127.0,2,5,3,0,0,,25.66,25.66,20386,False,fum_rec_td,PFR+RULE2PT
Brian Sipe,1983,3,1983-09-15,False,CLE,CIN,H,W,17,7,21,31,201,1,2,69.4,1,1,-2,0,0,,7.84,7.84,20386,False,fum_rec_td,PFR+RULE2PT
Brian Sipe,1983,4,1983-09-25,False,CLE,SDG,A,W,30,24,27,44,327,3,0,106.9,2,0,0,0,0,,25.08,25.08,20386,False,fum_rec_td,PFR+RULE2PT
Brian Sipe,1983,5,1983-10-02,False,CLE,SEA,H,L,9,24,25,40,310,1,3,63.5,3,2,13,0,0,,11.7,11.7,20386,False,fum_rec_td,PFR+RULE2PT
Brian Sipe,1983,6,1983-10-09,False,CLE,NYJ,H,W,10,7,21,34,294,1,2,74.9,3,2,11,0,0,,12.86,12.86,20386,False,fum_rec_td,PFR+RULE2PT
Brian Sipe,1983,7,1983-10-16,False,CLE,PIT,A,L,17,44,27,49,310,0,6,34.8,2,0,0,0,0,,0.4,0.4,20386,False,fum_rec_td,PFR+RULE2PT
Brian Sipe,1983,8,1983-10-23,False,CLE,CIN,A,L,21,28,19,35,225,3,2,78.9,2,1,7,0,0,,17.7,17.7,20386,False,fum_rec_td,PFR+RULE2PT
Brian Sipe,1983,10,1983-11-06,False,CLE,GNB,A,L,21,35,16,27,231,2,1,96.4,1,2,3,0,0,,15.54,15.54,20386,False,fum_rec_td,PFR+RULE2PT
Brian Sipe,1983,11,1983-11-13,False,CLE,TAM,H,W,20,0,14,26,174,0,0,74.8,0,4,12,0,0,,8.16,8.16,20386,False,fum_rec_td,PFR+RULE2PT
Brian Sipe,1983,12,1983-11-20,False,CLE,NWE,A,W,30,0,9,20,71,1,1,50.2,3,2,2,0,0,,5.04,5.04,20386,False,fum_rec_td,PFR+RULE2PT
Brian Sipe,1983,13,1983-11-27,False,CLE,BAL,H,W,41,23,20,33,313,3,0,122.4,1,0,0,0,0,,24.52,24.52,20386,False,fum_rec_td,PFR+RULE2PT
Brian Sipe,1983,14,1983-12-04,False,CLE,DEN,A,L,6,27,22,47,231,0,3,35.0,2,0,0,0,0,,3.24,3.24,20386,False,fum_rec_td,PFR+RULE2PT
Brian Sipe,1983,15,1983-12-11,False,CLE,HOU,A,L,27,34,18,26,223,0,1,79.5,0,2,2,0,0,,7.12,7.12,20386,False,fum_rec_td,PFR+RULE2PT
Brian Sipe,1983,16,1983-12-18,False,CLE,PIT,H,W,30,17,14,22,199,4,0,132.4,1,2,-2,0,0,,23.76,23.76,20386,False,fum_rec_td,PFR+RULE2PT
Neil Lomax,1981,1,1981-09-06,False,STL,MIA,H,L,7,20,14,30,151,0,1,48.1,,0,0,0,0,,4.04,4.04,13519,False,sacked;fum_rec_td,PFR+RULE2PT
Neil Lomax,1981,2,1981-09-13,False,STL,DAL,A,L,17,30,14,41,295,1,2,48.3,,2,18,0,0,,13.6,13.6,13519,False,sacked;fum_rec_td,PFR+RULE2PT
Neil Lomax,1981,3,1981-09-20,False,STL,WAS,H,W,40,30,0,0,0,0,0,0,,1,-2,0,0,,-0.2,-0.2,13519,False,sacked;fum_rec_td,PFR+RULE2PT
Neil Lomax,1981,4,1981-09-27,False,STL,TAM,A,L,10,20,1,1,8,0,0,100.0,,0,0,0,0,,0.32,0.32,13519,False,sacked;fum_rec_td,PFR+RULE2PT
Neil Lomax,1981,6,1981-10-11,False,STL,NYG,A,L,14,34,2,3,26,0,0,93.7,,1,8,0,0,,1.84,1.84,13519,False,sacked;fum_rec_td,PFR+RULE2PT
Neil Lomax,1981,7,1981-10-18,False,STL,ATL,A,L,20,41,0,2,0,0,0,39.6,,1,1,0,0,,0.1,0.1,13519,False,sacked;fum_rec_td,PFR+RULE2PT
Neil Lomax,1981,9,1981-11-01,False,STL,WAS,A,L,21,42,3,8,29,0,0,48.4,,0,0,0,0,,1.16,1.16,13519,False,sacked;fum_rec_td,PFR+RULE2PT
Neil Lomax,1981,10,1981-11-08,False,STL,PHI,H,L,10,52,0,3,0,0,1,0.0,,0,0,0,0,,-2.0,-2.0,13519,False,sacked;fum_rec_td,PFR+RULE2PT
Neil Lomax,1981,11,1981-11-15,False,STL,BUF,H,W,24,0,13,23,102,1,1,64.0,,3,15,0,0,,7.58,7.58,13519,False,sacked;fum_rec_td,PFR+RULE2PT
Neil Lomax,1981,12,1981-11-22,False,STL,BAL,A,W,35,24,12,21,219,0,0,93.2,,4,24,1,0,,17.16,17.16,13519,False,sacked;fum_rec_td,PFR+RULE2PT
Neil Lomax,1981,13,1981-11-29,False,STL,NWE,A,W,27,20,20,28,280,1,0,115.2,,1,2,0,0,,15.4,15.4,13519,False,sacked;fum_rec_td,PFR+RULE2PT
Neil Lomax,1981,14,1981-12-06,False,STL,NOR,H,W,30,3,13,19,173,0,1,75.1,,2,19,1,0,,12.82,12.82,13519,False,sacked;fum_rec_td,PFR+RULE2PT
Neil Lomax,1981,15,1981-12-13,False,STL,NYG,H,L,10,20,16,31,163,1,1,64.3,,2,6,0,0,,9.12,9.12,13519,False,sacked;fum_rec_td,PFR+RULE2PT
Neil Lomax,1981,16,1981-12-20,False,STL,PHI,A,L,0,38,11,26,129,0,3,18.4,,2,13,0,0,,0.46,0.46,13519,False,sacked;fum_rec_td,PFR+RULE2PT
Neil Lomax,1982,1,1982-09-12,False,STL,NOR,A,W,21,7,10,18,92,1,0,88.2,6,5,7,0,0,,8.38,8.38,13519,False,fum_rec_td,PFR+RULE2PT
Neil Lomax,1982,2,1982-09-19,False,STL,DAL,H,L,7,24,22,38,291,1,1,80.0,5,3,18,0,0,,15.44,15.44,13519,False,fum_rec_td,PFR+RULE2PT
Neil Lomax,1982,3,1982-11-21,False,STL,SFO,H,L,20,31,9,23,82,1,0,64.0,1,2,5,0,0,,7.78,7.78,13519,False,fum_rec_td,PFR+RULE2PT
Neil Lomax,1982,4,1982-11-28,False,STL,ATL,A,W,23,20,10,15,109,0,0,87.9,1,6,38,1,0,,14.16,14.16,13519,False,fum_rec_td,PFR+RULE2PT
Neil Lomax,1982,5,1982-12-05,False,STL,PHI,A,W,23,20,13,22,148,0,0,79.4,3,4,22,0,0,,9.12,10.12,13519,False,fum_rec_td,PFR+RULE2PT
Neil Lomax,1982,6,1982-12-12,False,STL,WAS,H,L,7,12,8,14,160,0,0,97.3,3,1,0,0,0,,6.4,6.4,13519,False,fum_rec_td,PFR+RULE2PT
Neil Lomax,1982,7,1982-12-19,False,STL,CHI,A,W,10,7,5,17,74,0,1,20.7,3,2,11,0,0,,2.06,2.06,13519,False,fum_rec_td,PFR+RULE2PT
Neil Lomax,1982,8,1982-12-26,False,STL,NYG,H,W,24,21,14,24,212,2,1,97.9,4,2,20,0,0,,16.48,16.48,13519,False,fum_rec_td,PFR+RULE2PT
Neil Lomax,1982,9,1983-01-02,False,STL,WAS,A,L,0,28,18,34,199,0,3,33.8,5,3,-2,0,0,,1.76,1.76,13519,False,fum_rec_td,PFR+RULE2PT
Neil Lomax,1982,10,1983-01-08,True,STL,GNB,A,L,16,41,32,51,385,2,2,82.6,5,4,9,0,0,,20.3,20.3,13519,False,fum_rec_td,PFR+RULE2PT
Neil Lomax,1983,1,1983-09-04,False,STL,NOR,A,L,17,28,11,16,111,1,0,109.1,1,0,0,0,0,,8.44,8.44,13519,False,fum_rec_td,PFR+RULE2PT
Neil Lomax,1983,3,1983-09-18,False,STL,SFO,H,L,27,42,16,35,194,2,2,58.5,3,2,12,0,0,,12.96,12.96,13519,False,fum_rec_td,PFR+RULE2PT
Neil Lomax,1983,6,1983-10-09,False,STL,WAS,H,L,14,38,20,31,251,1,1,86.9,3,2,8,0,0,,12.84,12.84,13519,False,fum_rec_td,PFR+RULE2PT
Neil Lomax,1983,7,1983-10-16,False,STL,TAM,A,W,34,27,17,22,166,3,1,118.6,3,1,0,0,0,,16.64,16.64,13519,False,fum_rec_td,PFR+RULE2PT
Neil Lomax,1983,8,1983-10-24,False,STL,NYG,H,T,20,20,16,33,204,0,3,30.4,3,3,37,0,0,,5.86,5.86,13519,False,fum_rec_td,PFR+RULE2PT
Neil Lomax,1983,9,1983-10-30,False,STL,MIN,H,W,41,31,19,28,241,3,0,130.2,1,4,0,0,0,,21.64,21.64,13519,False,fum_rec_td,PFR+RULE2PT
Neil Lomax,1983,10,1983-11-06,False,STL,WAS,A,L,7,45,17,35,212,1,1,65.4,5,1,3,0,0,,10.78,10.78,13519,False,fum_rec_td,PFR+RULE2PT
Neil Lomax,1983,11,1983-11-13,False,STL,SEA,H,W,33,28,21,27,253,4,0,145.3,3,3,31,0,0,,29.22,29.22,13519,False,fum_rec_td,PFR+RULE2PT
Neil Lomax,1983,12,1983-11-20,False,STL,SDG,H,W,44,14,12,20,247,2,1,116.0,4,3,10,2,0,,28.88,28.88,13519,False,fum_rec_td,PFR+RULE2PT
Neil Lomax,1983,13,1983-11-24,False,STL,DAL,A,L,17,35,18,30,230,2,0,106.2,7,1,0,0,0,,17.2,17.2,13519,False,fum_rec_td,PFR+RULE2PT
Neil Lomax,1983,14,1983-12-04,False,STL,NYG,A,W,10,6,11,25,122,1,1,55.7,5,2,7,0,0,,7.58,7.58,13519,False,fum_rec_td,PFR+RULE2PT
Neil Lomax,1983,15,1983-12-11,False,STL,RAI,A,W,34,24,17,24,227,2,0,128.3,1,1,0,0,0,,17.08,17.08,13519,False,fum_rec_td,PFR+RULE2PT
Neil Lomax,1983,16,1983-12-18,False,STL,PHI,H,W,31,7,14,28,178,2,1,79.2,4,4,19,0,0,,15.02,15.02,13519,False,fum_rec_td,PFR+RULE2PT
Neil Lomax,1984,1,1984-09-02,False,STL,GNB,A,L,23,24,25,35,270,2,1,100.9,2,2,9,0,0,,17.7,17.7,13519,False,fum_rec_td,PFR+RULE2PT
Neil Lomax,1984,2,1984-09-09,False,STL,BUF,H,W,37,7,21,29,265,2,0,123.5,0,1,6,0,0,,19.2,19.2,13519,False,fum_rec_td,PFR+RULE2PT
Neil Lomax,1984,3,1984-09-16,False,STL,IND,A,W,34,33,16,39,270,2,3,50.2,1,0,0,0,0,,12.8,12.8,13519,False,fum_rec_td,PFR+RULE2PT
Neil Lomax,1984,4,1984-09-23,False,STL,NOR,A,L,24,34,23,33,269,1,0,104.2,5,1,0,0,0,,14.76,14.76,13519,False,fum_rec_td,PFR+RULE2PT
Neil Lomax,1984,5,1984-09-30,False,STL,MIA,H,L,28,36,22,37,308,1,0,95.3,0,0,0,0,0,,16.32,16.32,13519,False,fum_rec_td,PFR+RULE2PT
Neil Lomax,1984,6,1984-10-07,False,STL,DAL,A,W,31,20,19,29,354,3,0,142.0,4,4,5,0,0,,26.66,26.66,13519,False,fum_rec_td,PFR+RULE2PT
Neil Lomax,1984,7,1984-10-14,False,STL,CHI,H,W,38,21,14,24,271,1,1,94.3,5,2,29,1,0,,21.74,21.74,13519,False,fum_rec_td,PFR+RULE2PT
Neil Lomax,1984,8,1984-10-21,False,STL,WAS,H,W,26,24,20,38,361,3,0,111.8,3,3,28,0,0,,29.24,29.24,13519,False,fum_rec_td,PFR+RULE2PT
Neil Lomax,1984,9,1984-10-28,False,STL,PHI,A,W,34,14,20,26,286,2,1,121.6,2,4,25,0,0,,19.94,19.94,13519,False,fum_rec_td,PFR+RULE2PT
Neil Lomax,1984,10,1984-11-04,False,STL,RAM,H,L,13,16,34,52,341,1,2,74.3,6,1,9,0,0,,14.54,14.54,13519,False,fum_rec_td,PFR+RULE2PT
Neil Lomax,1984,11,1984-11-11,False,STL,DAL,H,L,17,24,27,52,388,2,2,73.2,5,1,-2,0,0,,19.32,19.32,13519,False,fum_rec_td,PFR+RULE2PT
Neil Lomax,1984,12,1984-11-18,False,STL,NYG,A,L,10,16,19,38,230,0,4,29.4,2,1,1,1,0,,7.3,7.3,13519,False,fum_rec_td,PFR+RULE2PT
Neil Lomax,1984,13,1984-11-25,False,STL,PHI,H,W,17,16,16,34,141,2,1,65.9,5,3,18,0,0,,13.44,13.44,13519,False,fum_rec_td,PFR+RULE2PT
Neil Lomax,1984,14,1984-12-02,False,STL,NWE,A,W,33,10,9,15,92,1,0,99.9,1,6,39,0,0,,11.58,11.58,13519,False,fum_rec_td,PFR+RULE2PT
Neil Lomax,1984,15,1984-12-09,False,STL,NYG,H,W,31,21,23,33,300,3,0,128.3,5,3,-1,0,0,,23.9,23.9,13519,False,fum_rec_td,PFR+RULE2PT
Neil Lomax,1984,16,1984-12-16,False,STL,WAS,A,L,27,29,37,46,468,2,1,114.5,3,3,18,1,0,,32.52,32.52,13519,False,fum_rec_td,PFR+RULE2PT
Neil Lomax,1985,1,1985-09-08,False,STL,CLE,A,W,27,24,12,23,203,1,0,96.8,3,4,14,0,0,,13.52,13.52,13519,False,fum_rec_td,PFR+RULE2PT
Neil Lomax,1985,2,1985-09-15,False,STL,CIN,H,W,41,27,17,31,250,2,1,89.4,2,1,9,0,0,,16.9,16.9,13519,False,fum_rec_td,PFR+RULE2PT
Neil Lomax,1985,3,1985-09-22,False,STL,NYG,A,L,17,27,18,34,234,2,2,70.0,4,1,-1,0,0,,13.26,13.26,13519,False,fum_rec_td,PFR+RULE2PT
Neil Lomax,1985,4,1985-09-29,False,STL,GNB,H,W,43,28,20,38,260,3,0,100.8,3,2,-3,0,0,,22.1,22.1,13519,False,fum_rec_td,PFR+RULE2PT
Neil Lomax,1985,5,1985-10-07,False,STL,WAS,A,L,10,27,18,33,216,0,4,35.2,4,3,11,0,0,,1.74,1.74,13519,False,fum_rec_td,PFR+RULE2PT
Neil Lomax,1985,6,1985-10-13,False,STL,PHI,A,L,7,30,6,15,65,0,1,25.7,3,2,24,0,0,,3.0,3.0,13519,False,fum_rec_td,PFR+RULE2PT
Neil Lomax,1985,7,1985-10-20,False,STL,PIT,A,L,10,23,24,40,209,1,1,71.8,6,3,12,0,0,,11.56,11.56,13519,False,fum_rec_td,PFR+RULE2PT
Neil Lomax,1985,8,1985-10-27,False,STL,HOU,H,L,10,20,21,40,274,1,0,82.7,5,2,7,0,0,,15.66,15.66,13519,False,fum_rec_td,PFR+RULE2PT
Neil Lomax,1985,9,1985-11-04,False,STL,DAL,H,W,21,10,17,32,261,2,0,101.2,3,1,-1,0,0,,18.34,18.34,13519,False,fum_rec_td,PFR+RULE2PT
Neil Lomax,1985,10,1985-11-10,False,STL,TAM,A,L,0,16,21,33,197,0,2,54.7,2,1,0,0,0,,3.88,3.88,13519,False,fum_rec_td,PFR+RULE2PT
Neil Lomax,1985,11,1985-11-17,False,STL,PHI,H,L,14,24,12,21,194,0,0,88.2,7,2,14,0,0,,9.16,9.16,13519,False,fum_rec_td,PFR+RULE2PT
Neil Lomax,1985,12,1985-11-24,False,STL,NYG,H,L,3,34,10,22,117,0,1,43.2,6,0,0,0,0,,2.68,2.68,13519,False,fum_rec_td,PFR+RULE2PT
Neil Lomax,1985,13,1985-11-28,False,STL,DAL,A,L,17,35,28,43,319,1,0,95.0,4,1,14,0,0,,18.16,18.16,13519,False,fum_rec_td,PFR+RULE2PT
Neil Lomax,1985,14,1985-12-08,False,STL,NOR,H,W,28,16,14,20,197,2,0,134.8,1,4,7,0,0,,16.58,16.58,13519,False,fum_rec_td,PFR+RULE2PT
Neil Lomax,1985,15,1985-12-15,False,STL,RAM,A,L,14,46,9,18,100,1,0,85.4,4,1,0,0,0,,8.0,8.0,13519,False,fum_rec_td,PFR+RULE2PT
Neil Lomax,1985,16,1985-12-21,False,STL,WAS,H,L,16,27,18,28,118,2,0,97.0,4,4,18,0,0,,14.52,14.52,13519,False,fum_rec_td,PFR+RULE2PT
Neil Lomax,1986,1,1986-09-07,False,STL,RAM,H,L,10,16,19,34,222,0,1,63.6,5,2,0,0,0,,6.88,6.88,13519,False,fum_rec_td,PFR+RULE2PT
Neil Lomax,1986,2,1986-09-14,False,STL,ATL,A,L,13,33,10,20,147,1,1,70.2,2,1,4,0,0,,8.28,8.28,13519,False,fum_rec_td,PFR+RULE2PT
Neil Lomax,1986,3,1986-09-21,False,STL,BUF,A,L,10,17,27,47,263,1,0,80.4,1,0,0,0,0,,14.52,14.52,13519,False,fum_rec_td,PFR+RULE2PT
Neil Lomax,1986,4,1986-09-29,False,STL,DAL,H,L,7,31,14,33,112,0,4,12.0,2,2,23,0,0,,-1.22,-1.22,13519,False,fum_rec_td,PFR+RULE2PT
Neil Lomax,1986,5,1986-10-05,False,STL,NYG,H,L,6,13,17,30,206,0,1,64.0,7,1,0,0,0,,6.24,6.24,13519,False,fum_rec_td,PFR+RULE2PT
Neil Lomax,1986,6,1986-10-12,False,STL,TAM,A,W,30,19,17,27,228,2,0,114.4,2,7,25,0,0,,19.62,19.62,13519,False,fum_rec_td,PFR+RULE2PT
Neil Lomax,1986,7,1986-10-19,False,STL,WAS,A,L,21,28,16,29,155,3,0,104.8,5,2,14,0,0,,19.6,19.6,13519,False,fum_rec_td,PFR+RULE2PT
Neil Lomax,1986,8,1986-10-26,False,STL,DAL,A,L,6,37,17,34,172,0,0,64.8,3,0,0,0,0,,6.88,6.88,13519,False,fum_rec_td,PFR+RULE2PT
Neil Lomax,1986,9,1986-11-02,False,STL,PHI,H,W,13,10,7,16,47,0,0,51.0,2,1,6,0,0,,2.48,2.48,13519,False,fum_rec_td,PFR+RULE2PT
Neil Lomax,1986,12,1986-11-23,False,STL,KAN,H,W,23,14,17,29,185,3,1,97.6,3,4,20,0,0,,19.4,19.4,13519,False,fum_rec_td,PFR+RULE2PT
Neil Lomax,1986,13,1986-11-30,False,STL,WAS,H,L,17,20,10,16,159,2,0,135.2,5,2,4,0,0,,14.76,14.76,13519,False,fum_rec_td,PFR+RULE2PT
Neil Lomax,1986,14,1986-12-07,False,STL,PHI,A,T,10,10,30,48,390,1,1,86.3,4,3,7,0,0,,18.3,18.3,13519,False,fum_rec_td,PFR+RULE2PT
Neil Lomax,1986,15,1986-12-14,False,STL,NYG,A,L,7,27,20,27,153,0,1,72.0,9,3,15,0,0,,5.62,5.62,13519,False,fum_rec_td,PFR+RULE2PT
Neil Lomax,1986,16,1986-12-21,False,STL,TAM,H,W,21,17,19,31,144,0,2,45.6,2,7,30,1,0,,10.76,10.76,13519,False,fum_rec_td,PFR+RULE2PT
Neil Lomax,1987,1,1987-09-13,False,STL,DAL,H,W,24,13,17,33,270,2,0,99.3,3,3,-4,0,0,,18.4,18.4,13519,False,fum_rec_td,PFR+RULE2PT
Neil Lomax,1987,2,1987-09-20,False,STL,SDG,A,L,24,28,32,61,457,3,1,86.6,5,2,2,0,0,,28.48,28.48,13519,False,fum_rec_td,PFR+RULE2PT
Neil Lomax,1987,6,1987-10-25,False,STL,NYG,A,L,7,30,23,32,280,1,2,82.8,5,3,17,0,0,,12.9,12.9,13519,False,fum_rec_td,PFR+RULE2PT
Neil Lomax,1987,7,1987-11-01,False,STL,PHI,H,L,23,28,29,50,288,2,3,62.7,7,3,25,0,0,,16.02,16.02,13519,False,fum_rec_td,PFR+RULE2PT
Neil Lomax,1987,8,1987-11-08,False,STL,TAM,H,W,31,28,25,36,314,3,1,112.5,4,4,23,0,0,,24.86,24.86,13519,False,fum_rec_td,PFR+RULE2PT
Neil Lomax,1987,9,1987-11-15,False,STL,RAM,H,L,24,27,18,27,168,1,0,95.9,3,0,0,0,0,,10.72,10.72,13519,False,fum_rec_td,PFR+RULE2PT
Neil Lomax,1987,10,1987-11-22,False,STL,PHI,A,W,31,19,18,30,263,3,2,94.2,5,5,-1,0,0,,18.42,18.42,13519,False,fum_rec_td,PFR+RULE2PT
Neil Lomax,1987,11,1987-11-29,False,STL,ATL,A,W,34,21,25,42,369,2,1,94.2,1,3,15,0,0,,22.26,22.26,13519,False,fum_rec_td,PFR+RULE2PT
Neil Lomax,1987,12,1987-12-06,False,STL,WAS,H,L,17,34,21,39,241,2,0,89.8,5,1,11,0,0,,18.74,18.74,13519,False,fum_rec_td,PFR+RULE2PT
Neil Lomax,1987,13,1987-12-13,False,STL,NYG,H,W,27,24,17,30,190,1,0,86.8,4,2,-4,0,0,,11.2,11.2,13519,False,fum_rec_td,PFR+RULE2PT
Neil Lomax,1987,14,1987-12-20,False,STL,TAM,A,W,31,14,22,29,233,3,1,118.9,3,1,9,0,0,,20.22,20.22,13519,False,fum_rec_td,PFR+RULE2PT
Neil Lomax,1987,15,1987-12-27,False,STL,DAL,A,L,16,21,28,54,314,1,1,68.0,3,2,14,0,0,,15.96,15.96,13519,False,fum_rec_td,PFR+RULE2PT
Neil Lomax,1988,1,1988-09-04,False,PHO,CIN,A,L,14,21,21,31,227,2,2,83.7,2,2,3,0,0,,13.38,13.38,13519,False,fum_rec_td,PFR+RULE2PT
Neil Lomax,1988,2,1988-09-12,False,PHO,DAL,H,L,14,17,20,34,266,2,0,103.3,4,0,0,0,0,,18.64,18.64,13519,False,fum_rec_td,PFR+RULE2PT
Neil Lomax,1988,3,1988-09-18,False,PHO,TAM,A,W,30,24,10,13,148,0,0,113.6,0,1,3,0,0,,6.22,6.22,13519,False,fum_rec_td,PFR+RULE2PT
Neil Lomax,1988,4,1988-09-25,False,PHO,WAS,H,W,30,21,8,17,159,1,1,75.4,3,3,7,0,0,,9.06,9.06,13519,False,fum_rec_td,PFR+RULE2PT
Neil Lomax,1988,5,1988-10-02,False,PHO,RAM,A,W,41,27,28,43,342,2,1,95.3,2,2,-1,0,0,,19.58,19.58,13519,False,fum_rec_td,PFR+RULE2PT
Neil Lomax,1988,6,1988-10-09,False,PHO,PIT,H,W,31,14,17,26,291,3,1,125.6,4,0,0,0,0,,21.64,21.64,13519,False,fum_rec_td,PFR+RULE2PT
Neil Lomax,1988,7,1988-10-16,False,PHO,WAS,A,L,17,33,26,44,332,2,1,88.4,5,0,0,0,0,,19.28,19.28,13519,False,fum_rec_td,PFR+RULE2PT
Neil Lomax,1988,8,1988-10-23,False,PHO,CLE,H,L,21,29,11,19,120,1,1,72.3,5,2,25,0,0,,9.3,9.3,13519,False,fum_rec_td,PFR+RULE2PT
Neil Lomax,1988,9,1988-10-30,False,PHO,DAL,A,W,16,10,13,32,175,1,0,69.1,4,2,10,0,0,,12.0,12.0,13519,False,fum_rec_td,PFR+RULE2PT
Neil Lomax,1988,10,1988-11-06,False,PHO,SFO,H,W,24,23,25,41,323,3,0,110.1,7,0,0,0,0,,24.92,24.92,13519,False,fum_rec_td,PFR+RULE2PT
Neil Lomax,1988,11,1988-11-13,False,PHO,NYG,H,W,24,17,23,35,353,2,1,106.0,2,2,3,1,0,,26.42,26.42,13519,False,fum_rec_td,PFR+RULE2PT
Neil Lomax,1988,14,1988-12-04,False,PHO,NYG,A,L,7,44,9,25,103,0,2,15.9,1,0,0,0,0,,0.12,0.12,13519,False,fum_rec_td,PFR+RULE2PT
Neil Lomax,1988,15,1988-12-10,False,PHO,PHI,H,L,17,23,29,50,384,1,1,80.7,4,2,5,0,0,,17.86,17.86,13519,False,fum_rec_td,PFR+RULE2PT
Neil Lomax,1988,16,1988-12-18,False,PHO,GNB,H,L,17,26,15,33,172,0,0,61.7,3,1,0,0,0,,6.88,6.88,13519,False,fum_rec_td,PFR+RULE2PT
Bobby Hebert,1985,11,1985-11-17,False,NOR,GNB,A,L,14,38,18,36,186,0,0,65.3,6,1,7,0,0,,14.84,15.84,9518,False,fum_rec_td,PFR+RULE2PT
Bobby Hebert,1985,12,1985-11-24,False,NOR,MIN,A,W,30,23,10,14,147,1,1,99.4,1,3,9,0,0,,8.78,8.78,9518,False,fum_rec_td,PFR+RULE2PT
Bobby Hebert,1985,13,1985-12-01,False,NOR,RAM,H,W,29,3,13,22,208,1,0,105.9,2,2,-7,0,0,,11.62,11.62,9518,False,fum_rec_td,PFR+RULE2PT
Bobby Hebert,1985,14,1985-12-08,False,NOR,STL,A,L,16,28,19,39,225,1,2,53.9,2,3,9,0,0,,9.9,9.9,9518,False,fum_rec_td,PFR+RULE2PT
Bobby Hebert,1985,15,1985-12-15,False,NOR,SFO,H,L,19,31,20,34,254,1,0,92.0,5,2,10,0,0,,15.16,15.16,9518,False,fum_rec_td,PFR+RULE2PT
Bobby Hebert,1985,16,1985-12-22,False,NOR,ATL,H,L,10,16,17,36,188,1,1,60.9,1,1,-2,0,0,,9.32,9.32,9518,False,fum_rec_td,PFR+RULE2PT
Bobby Hebert,1986,1,1986-09-07,False,NOR,ATL,H,L,10,31,13,33,115,0,2,24.2,2,1,3,0,0,,0.9,0.9,9518,False,fum_rec_td,PFR+RULE2PT
Bobby Hebert,1986,2,1986-09-14,False,NOR,GNB,H,W,24,10,9,14,200,1,2,92.0,1,1,-2,0,0,,7.8,7.8,9518,False,fum_rec_td,PFR+RULE2PT
Bobby Hebert,1986,3,1986-09-21,False,NOR,SFO,A,L,17,26,0,0,0,0,0,0,0,0,0,0,0,,0.0,0.0,9518,False,fum_rec_td,PFR+RULE2PT
Bobby Hebert,1986,15,1986-12-14,False,NOR,ATL,A,W,14,9,0,0,0,0,0,0,0,0,0,0,0,,0.0,0.0,9518,False,fum_rec_td,PFR+RULE2PT
Bobby Hebert,1986,16,1986-12-21,False,NOR,MIN,A,L,17,33,19,32,183,1,4,46.2,1,3,13,0,0,,4.72,5.72,9518,False,fum_rec_td,PFR+RULE2PT
Bobby Hebert,1987,1,1987-09-13,False,NOR,CLE,H,W,28,21,13,22,149,2,0,109.8,1,1,13,0,0,,15.26,15.26,9518,False,fum_rec_td,PFR+RULE2PT
Bobby Hebert,1987,2,1987-09-20,False,NOR,PHI,A,L,17,27,14,32,127,1,3,26.4,2,1,9,0,0,,3.98,3.98,9518,False,fum_rec_td,PFR+RULE2PT
Bobby Hebert,1987,6,1987-10-25,False,NOR,SFO,H,L,22,24,14,27,202,0,1,61.0,0,1,9,0,0,,6.98,6.98,9518,False,fum_rec_td,PFR+RULE2PT
Bobby Hebert,1987,7,1987-11-01,False,NOR,ATL,A,W,38,0,16,26,171,1,0,93.6,1,3,24,0,0,,13.24,13.24,9518,False,fum_rec_td,PFR+RULE2PT
Bobby Hebert,1987,8,1987-11-08,False,NOR,RAM,A,W,31,14,12,20,188,2,1,103.7,0,2,25,0,0,,16.02,16.02,9518,False,fum_rec_td,PFR+RULE2PT
Bobby Hebert,1987,9,1987-11-15,False,NOR,SFO,A,W,26,24,10,27,181,1,1,57.8,3,0,0,0,0,,9.24,9.24,9518,False,fum_rec_td,PFR+RULE2PT
Bobby Hebert,1987,10,1987-11-22,False,NOR,NYG,H,W,23,14,17,27,194,1,1,81.4,3,1,-2,0,0,,9.56,9.56,9518,False,fum_rec_td,PFR+RULE2PT
Bobby Hebert,1987,11,1987-11-29,False,NOR,PIT,A,W,20,16,14,23,154,1,1,77.1,2,2,0,0,0,,8.16,8.16,9518,False,fum_rec_td,PFR+RULE2PT
Bobby Hebert,1987,12,1987-12-06,False,NOR,TAM,H,W,44,34,16,24,255,2,0,129.7,1,0,0,0,0,,18.2,18.2,9518,False,fum_rec_td,PFR+RULE2PT
Bobby Hebert,1987,13,1987-12-13,False,NOR,HOU,H,W,24,10,15,27,254,3,0,124.6,3,0,0,0,0,,22.16,22.16,9518,False,fum_rec_td,PFR+RULE2PT
Bobby Hebert,1987,14,1987-12-20,False,NOR,CIN,A,W,41,24,7,16,84,0,0,60.4,2,0,0,0,0,,3.36,3.36,9518,False,fum_rec_td,PFR+RULE2PT
Bobby Hebert,1987,15,1987-12-27,False,NOR,GNB,H,W,33,24,16,23,160,1,1,85.4,2,2,17,0,0,,10.1,10.1,9518,False,fum_rec_td,PFR+RULE2PT
Bobby Hebert,1987,16,1988-01-03,True,NOR,MIN,H,L,10,44,9,19,84,1,2,37.9,1,2,2,0,0,,3.56,3.56,9518,False,fum_rec_td,PFR+RULE2PT
Bobby Hebert,1988,1,1988-09-04,False,NOR,SFO,H,L,33,34,22,31,245,4,2,106.9,5,1,16,0,0,,23.4,23.4,9518,False,fum_rec_td,PFR+RULE2PT
Bobby Hebert,1988,2,1988-09-11,False,NOR,ATL,A,W,29,21,20,27,222,1,0,110.4,0,4,0,0,0,,12.88,12.88,9518,False,fum_rec_td,PFR+RULE2PT
Bobby Hebert,1988,3,1988-09-18,False,NOR,DET,A,W,22,14,23,32,282,1,1,96.1,0,1,9,0,0,,14.18,14.18,9518,False,fum_rec_td,PFR+RULE2PT
Bobby Hebert,1988,4,1988-09-25,False,NOR,TAM,H,W,13,9,16,28,159,1,1,70.4,1,4,0,0,0,,8.36,8.36,9518,False,fum_rec_td,PFR+RULE2PT
Bobby Hebert,1988,5,1988-10-03,False,NOR,DAL,H,W,20,17,17,37,273,2,1,77.9,1,0,0,0,0,,16.92,16.92,9518,False,fum_rec_td,PFR+RULE2PT
Bobby Hebert,1988,6,1988-10-09,False,NOR,SDG,A,W,23,17,22,36,234,2,0,98.6,1,2,-4,0,0,,16.96,16.96,9518,False,fum_rec_td,PFR+RULE2PT
Bobby Hebert,1988,7,1988-10-16,False,NOR,SEA,A,W,20,19,16,22,185,1,1,93.9,1,3,-4,0,0,,9.0,9.0,9518,False,fum_rec_td,PFR+RULE2PT
Bobby Hebert,1988,8,1988-10-23,False,NOR,RAI,H,W,20,6,12,24,137,0,0,67.5,2,4,-3,0,0,,5.18,5.18,9518,False,fum_rec_td,PFR+RULE2PT
Bobby Hebert,1988,9,1988-10-30,False,NOR,RAM,H,L,10,12,19,37,215,1,1,66.8,2,0,0,0,0,,10.4,11.4,9518,False,fum_rec_td,PFR+RULE2PT
Bobby Hebert,1988,10,1988-11-06,False,NOR,WAS,A,L,24,27,19,32,279,2,0,108.7,1,0,0,0,0,,19.16,19.16,9518,False,fum_rec_td,PFR+RULE2PT
Bobby Hebert,1988,11,1988-11-13,False,NOR,RAM,A,W,14,10,22,37,249,0,2,57.2,0,4,3,0,0,,6.26,6.26,9518,False,fum_rec_td,PFR+RULE2PT
Bobby Hebert,1988,12,1988-11-20,False,NOR,DEN,H,W,42,0,20,23,194,3,0,141.4,1,4,6,0,0,,20.56,21.56,9518,False,fum_rec_td,PFR+RULE2PT
Bobby Hebert,1988,13,1988-11-27,False,NOR,NYG,H,L,12,13,15,33,145,0,3,20.4,5,3,23,0,0,,2.1,2.1,9518,False,fum_rec_td,PFR+RULE2PT
Bobby Hebert,1988,14,1988-12-04,False,NOR,MIN,A,L,3,45,5,20,37,0,1,18.7,1,2,18,0,0,,1.28,1.28,9518,False,fum_rec_td,PFR+RULE2PT
Bobby Hebert,1988,15,1988-12-11,False,NOR,SFO,A,L,17,30,19,34,170,1,1,67.0,2,3,14,0,0,,10.2,10.2,9518,False,fum_rec_td,PFR+RULE2PT
Bobby Hebert,1988,16,1988-12-18,False,NOR,ATL,H,W,10,9,13,25,130,1,1,63.7,1,2,1,0,0,,7.3,7.3,9518,False,fum_rec_td,PFR+RULE2PT
Bobby Hebert,1989,1,1989-09-10,False,NOR,DAL,H,W,28,0,16,19,153,0,0,100.2,1,2,11,0,0,,7.22,7.22,9518,False,fum_rec_td,PFR+RULE2PT
Bobby Hebert,1989,2,1989-09-17,False,NOR,GNB,A,L,34,35,23,32,282,3,1,116.9,0,0,0,0,0,,21.28,21.28,9518,False,fum_rec_td,PFR+RULE2PT
Bobby Hebert,1989,3,1989-09-24,False,NOR,TAM,A,L,10,20,15,23,169,0,1,68.9,3,2,18,0,0,,6.56,6.56,9518,False,fum_rec_td,PFR+RULE2PT
Bobby Hebert,1989,4,1989-10-01,False,NOR,WAS,H,L,14,16,16,25,259,1,1,95.2,2,0,0,0,0,,12.36,12.36,9518,False,fum_rec_td,PFR+RULE2PT
Bobby Hebert,1989,5,1989-10-08,False,NOR,SFO,H,L,20,24,31,49,308,2,0,94.6,1,1,5,0,0,,20.82,20.82,9518,False,fum_rec_td,PFR+RULE2PT
Bobby Hebert,1989,6,1989-10-15,False,NOR,NYJ,H,W,29,14,18,28,281,3,1,118.3,1,2,13,0,0,,22.54,22.54,9518,False,fum_rec_td,PFR+RULE2PT
Bobby Hebert,1989,7,1989-10-22,False,NOR,RAM,A,W,40,21,15,22,276,3,1,131.6,1,5,7,0,0,,21.74,21.74,9518,False,fum_rec_td,PFR+RULE2PT
Bobby Hebert,1989,8,1989-10-29,False,NOR,ATL,H,W,20,13,18,30,272,1,1,87.1,2,4,14,0,0,,14.28,14.28,9518,False,fum_rec_td,PFR+RULE2PT
Bobby Hebert,1989,9,1989-11-06,False,NOR,SFO,A,L,13,31,20,33,183,0,2,50.4,3,1,1,0,0,,3.42,3.42,9518,False,fum_rec_td,PFR+RULE2PT
Bobby Hebert,1989,10,1989-11-12,False,NOR,NWE,A,W,28,24,9,16,101,1,1,70.1,2,4,1,0,0,,6.14,6.14,9518,False,fum_rec_td,PFR+RULE2PT
Bobby Hebert,1989,11,1989-11-19,False,NOR,ATL,A,W,26,17,13,24,148,0,4,33.3,0,0,0,0,0,,-2.08,-2.08,9518,False,fum_rec_td,PFR+RULE2PT
Bobby Hebert,1989,12,1989-11-26,False,NOR,RAM,H,L,17,20,12,26,155,1,1,62.2,4,2,8,0,0,,9.0,9.0,9518,False,fum_rec_td,PFR+RULE2PT
Bobby Hebert,1989,13,1989-12-03,False,NOR,DET,A,L,14,21,16,26,99,0,1,53.2,2,2,9,0,0,,2.86,2.86,9518,False,fum_rec_td,PFR+RULE2PT
Bobby Hebert,1989,15,1989-12-18,False,NOR,PHI,H,W,30,20,0,0,0,0,0,0,0,0,0,0,0,,0.0,0.0,9518,False,fum_rec_td,PFR+RULE2PT
Richard Todd,1980,1,1980-09-07,False,NYJ,BAL,H,L,14,17,11,26,200,0,4,29.8,,2,4,1,0,,6.4,6.4,22361,False,sacked;fum_rec_td,PFR+RULE2PT
Richard Todd,1980,2,1980-09-14,False,NYJ,BUF,A,L,10,20,19,34,168,1,1,66.8,,1,3,0,0,,9.02,9.02,22361,False,sacked;fum_rec_td,PFR+RULE2PT
Richard Todd,1980,3,1980-09-21,False,NYJ,SFO,H,L,27,37,42,60,447,3,1,101.2,,2,18,0,0,,29.68,29.68,22361,False,sacked;fum_rec_td,PFR+RULE2PT
Richard Todd,1980,4,1980-09-28,False,NYJ,BAL,A,L,21,35,16,36,240,1,2,53.0,,1,24,0,0,,12.0,12.0,22361,False,sacked;fum_rec_td,PFR+RULE2PT
Richard Todd,1980,5,1980-10-05,False,NYJ,NWE,H,L,11,21,22,36,252,1,2,68.3,,2,18,0,0,,11.88,11.88,22361,False,sacked;fum_rec_td,PFR+RULE2PT
Richard Todd,1980,6,1980-10-12,False,NYJ,ATL,A,W,14,7,8,19,104,0,0,60.0,,3,13,0,0,,5.46,5.46,22361,False,sacked;fum_rec_td,PFR+RULE2PT
Richard Todd,1980,7,1980-10-19,False,NYJ,SEA,H,L,17,27,17,27,198,2,2,78.9,,3,27,0,0,,14.62,14.62,22361,False,sacked;fum_rec_td,PFR+RULE2PT
Richard Todd,1980,8,1980-10-27,False,NYJ,MIA,H,W,17,14,11,20,175,0,3,44.8,,5,24,1,0,,9.4,9.4,22361,False,sacked;fum_rec_td,PFR+RULE2PT
Richard Todd,1980,9,1980-11-02,False,NYJ,NWE,A,L,21,34,19,35,261,2,3,61.7,,5,35,0,0,,15.94,15.94,22361,False,sacked;fum_rec_td,PFR+RULE2PT
Richard Todd,1980,10,1980-11-09,False,NYJ,BUF,H,L,24,31,17,27,171,1,1,77.9,,6,23,1,0,,17.14,17.14,22361,False,sacked;fum_rec_td,PFR+RULE2PT
Richard Todd,1980,11,1980-11-16,False,NYJ,DEN,A,L,24,31,14,25,218,2,1,95.1,,2,8,0,0,,15.52,15.52,22361,False,sacked;fum_rec_td,PFR+RULE2PT
Richard Todd,1980,12,1980-11-23,False,NYJ,HOU,H,W,31,28,13,26,236,1,2,62.3,,5,22,1,0,,17.64,17.64,22361,False,sacked;fum_rec_td,PFR+RULE2PT
Richard Todd,1980,13,1980-11-30,False,NYJ,RAM,A,L,13,38,14,34,196,1,1,58.0,,2,22,0,0,,12.04,12.04,22361,False,sacked;fum_rec_td,PFR+RULE2PT
Richard Todd,1980,14,1980-12-07,False,NYJ,CLE,A,L,14,17,19,28,214,2,2,84.5,,1,7,0,0,,13.26,13.26,22361,False,sacked;fum_rec_td,PFR+RULE2PT
Richard Todd,1980,15,1980-12-14,False,NYJ,NOR,H,L,20,21,10,27,77,0,2,14.6,,4,53,1,0,,10.38,10.38,22361,False,sacked;fum_rec_td,PFR+RULE2PT
Richard Todd,1980,16,1980-12-20,False,NYJ,MIA,A,W,24,17,12,19,172,0,3,52.9,,5,29,0,0,,3.78,3.78,22361,False,sacked;fum_rec_td,PFR+RULE2PT
Richard Todd,1981,1,1981-09-06,False,NYJ,BUF,A,L,0,31,16,25,138,0,2,45.1,,6,32,0,0,,4.72,4.72,22361,False,sacked;fum_rec_td,PFR+RULE2PT
Richard Todd,1981,2,1981-09-13,False,NYJ,CIN,H,L,30,31,18,29,251,3,0,124.4,,2,9,0,0,,22.94,22.94,22361,False,sacked;fum_rec_td,PFR+RULE2PT
Richard Todd,1981,3,1981-09-20,False,NYJ,PIT,A,L,10,38,11,28,149,0,2,27.2,,2,5,0,0,,2.46,2.46,22361,False,sacked;fum_rec_td,PFR+RULE2PT
Richard Todd,1981,4,1981-09-27,False,NYJ,HOU,H,W,33,17,25,39,312,3,0,114.5,,3,11,0,0,,25.58,25.58,22361,False,sacked;fum_rec_td,PFR+RULE2PT
Richard Todd,1981,5,1981-10-04,False,NYJ,MIA,A,T,28,28,28,39,310,4,1,118.5,,3,6,0,0,,27.1,28.1,22361,False,sacked;fum_rec_td,PFR+RULE2PT
Richard Todd,1981,6,1981-10-11,False,NYJ,NWE,H,W,28,24,16,29,182,3,1,94.3,,1,5,0,0,,17.78,17.78,22361,False,sacked;fum_rec_td,PFR+RULE2PT
Richard Todd,1981,7,1981-10-18,False,NYJ,BUF,H,W,33,14,17,27,190,1,0,96.2,,3,33,0,0,,14.9,14.9,22361,False,sacked;fum_rec_td,PFR+RULE2PT
Richard Todd,1981,8,1981-10-25,False,NYJ,SEA,H,L,3,19,14,29,121,0,2,31.0,,2,12,0,0,,2.04,2.04,22361,False,sacked;fum_rec_td,PFR+RULE2PT
Richard Todd,1981,9,1981-11-01,False,NYJ,NYG,A,W,26,7,13,30,207,1,0,78.1,,1,6,0,0,,12.88,12.88,22361,False,sacked;fum_rec_td,PFR+RULE2PT
Richard Todd,1981,10,1981-11-08,False,NYJ,BAL,A,W,41,14,21,31,277,3,0,128.0,,0,0,0,0,,23.08,23.08,22361,False,sacked;fum_rec_td,PFR+RULE2PT
Richard Todd,1981,11,1981-11-15,False,NYJ,NWE,A,W,17,6,6,13,56,0,0,58.5,,2,-3,0,0,,1.94,1.94,22361,False,sacked;fum_rec_td,PFR+RULE2PT
Richard Todd,1981,12,1981-11-22,False,NYJ,MIA,H,W,16,15,21,38,203,1,0,79.2,,1,10,0,0,,13.12,13.12,22361,False,sacked;fum_rec_td,PFR+RULE2PT
Richard Todd,1981,13,1981-11-29,False,NYJ,BAL,H,W,25,0,16,28,143,0,0,71.0,,0,0,0,0,,5.72,5.72,22361,False,sacked;fum_rec_td,PFR+RULE2PT
Richard Todd,1981,14,1981-12-06,False,NYJ,SEA,A,L,23,27,27,51,286,2,2,66.3,,0,0,0,0,,15.44,15.44,22361,False,sacked;fum_rec_td,PFR+RULE2PT
Richard Todd,1981,15,1981-12-12,False,NYJ,CLE,A,W,14,13,15,28,159,2,2,64.4,,3,7,0,0,,11.06,11.06,22361,False,sacked;fum_rec_td,PFR+RULE2PT
Richard Todd,1981,16,1981-12-20,False,NYJ,GNB,H,W,28,3,15,33,247,2,1,78.7,,3,-2,0,0,,15.68,15.68,22361,False,sacked;fum_rec_td,PFR+RULE2PT
Richard Todd,1981,17,1981-12-27,True,NYJ,BUF,H,L,27,31,28,51,377,2,4,59.0,,2,11,0,0,,16.18,16.18,22361,False,sacked;fum_rec_td,PFR+RULE2PT
Richard Todd,1982,1,1982-09-12,False,NYJ,MIA,H,L,28,45,18,30,233,3,3,78.2,4,1,2,0,0,,15.52,15.52,22361,False,fum_rec_td,PFR+RULE2PT
Richard Todd,1982,2,1982-09-19,False,NYJ,NWE,A,W,31,7,17,27,165,1,0,92.4,3,2,8,1,0,,17.4,17.4,22361,False,fum_rec_td,PFR+RULE2PT
Richard Todd,1982,3,1982-11-21,False,NYJ,BAL,H,W,37,0,13,27,231,2,0,102.5,1,0,0,0,0,,17.24,17.24,22361,False,fum_rec_td,PFR+RULE2PT
Richard Todd,1982,4,1982-11-28,False,NYJ,GNB,H,W,15,13,20,36,240,1,1,73.8,2,5,-6,0,0,,11.0,11.0,22361,False,fum_rec_td,PFR+RULE2PT
Richard Todd,1982,5,1982-12-06,False,NYJ,DET,A,W,28,13,23,32,384,3,1,130.2,4,3,-7,0,0,,24.66,24.66,22361,False,fum_rec_td,PFR+RULE2PT
Richard Todd,1982,6,1982-12-12,False,NYJ,TAM,H,W,32,17,17,29,189,1,0,89.6,2,1,-2,0,0,,11.36,11.36,22361,False,fum_rec_td,PFR+RULE2PT
Richard Todd,1982,7,1982-12-18,False,NYJ,MIA,A,L,19,20,16,29,174,2,2,67.3,3,0,0,0,0,,10.96,10.96,22361,False,fum_rec_td,PFR+RULE2PT
Richard Todd,1982,8,1982-12-26,False,NYJ,MIN,A,W,42,14,15,22,236,1,0,118.7,3,1,0,0,0,,13.44,13.44,22361,False,fum_rec_td,PFR+RULE2PT
Richard Todd,1982,9,1983-01-02,False,NYJ,KAN,A,L,13,37,14,29,109,0,1,43.6,1,0,0,0,0,,2.36,2.36,22361,False,fum_rec_td,PFR+RULE2PT
Richard Todd,1982,10,1983-01-09,True,NYJ,CIN,A,W,44,17,20,28,269,1,1,98.7,0,3,3,0,0,,13.06,13.06,22361,False,fum_rec_td,PFR+RULE2PT
Richard Todd,1982,11,1983-01-15,True,NYJ,RAI,A,W,17,14,15,24,277,1,2,81.4,4,5,8,0,0,,11.88,11.88,22361,False,fum_rec_td,PFR+RULE2PT
Richard Todd,1982,12,1983-01-23,True,NYJ,MIA,A,L,0,14,15,37,103,0,5,8.8,4,4,10,0,0,,-4.88,-4.88,22361,False,fum_rec_td,PFR+RULE2PT
Richard Todd,1983,1,1983-09-04,False,NYJ,SDG,A,W,41,29,17,29,160,2,1,82.5,2,6,26,0,0,,15.0,15.0,22361,False,fum_rec_td,PFR+RULE2PT
Richard Todd,1983,2,1983-09-11,False,NYJ,SEA,H,L,10,17,12,28,222,1,3,43.2,3,1,2,0,0,,7.08,7.08,22361,False,fum_rec_td,PFR+RULE2PT
Richard Todd,1983,3,1983-09-18,False,NYJ,NWE,A,L,13,23,17,33,188,1,0,78.9,2,2,10,0,0,,12.52,12.52,22361,False,fum_rec_td,PFR+RULE2PT
Richard Todd,1983,4,1983-09-25,False,NYJ,RAM,H,W,27,24,37,50,446,2,2,97.6,4,2,-2,0,0,,21.64,21.64,22361,False,fum_rec_td,PFR+RULE2PT
Richard Todd,1983,5,1983-10-03,False,NYJ,BUF,A,W,34,10,20,31,221,2,1,93.6,2,6,3,0,0,,15.14,15.14,22361,False,fum_rec_td,PFR+RULE2PT
Richard Todd,1983,6,1983-10-09,False,NYJ,CLE,A,L,7,10,22,31,197,1,1,85.0,2,3,4,0,0,,10.28,10.28,22361,False,fum_rec_td,PFR+RULE2PT
Richard Todd,1983,7,1983-10-16,False,NYJ,MIA,H,L,14,32,9,26,114,1,5,22.4,3,3,25,0,0,,1.06,1.06,22361,False,fum_rec_td,PFR+RULE2PT
Richard Todd,1983,8,1983-10-23,False,NYJ,ATL,H,L,21,27,20,37,240,0,1,62.9,4,1,2,0,0,,7.8,7.8,22361,False,fum_rec_td,PFR+RULE2PT
Richard Todd,1983,9,1983-10-30,False,NYJ,SFO,A,W,27,13,20,28,201,1,0,103.4,3,2,9,0,0,,12.94,12.94,22361,False,fum_rec_td,PFR+RULE2PT
Richard Todd,1983,10,1983-11-06,False,NYJ,BAL,H,L,14,17,22,39,227,2,2,69.1,4,2,26,0,0,,15.68,15.68,22361,False,fum_rec_td,PFR+RULE2PT
Richard Todd,1983,11,1983-11-13,False,NYJ,BUF,H,L,17,24,25,36,245,0,1,76.7,2,0,0,0,0,,7.8,7.8,22361,False,fum_rec_td,PFR+RULE2PT
Richard Todd,1983,12,1983-11-21,False,NYJ,NOR,A,W,31,28,20,30,230,1,1,86.8,3,2,-3,0,0,,10.9,10.9,22361,False,fum_rec_td,PFR+RULE2PT
Richard Todd,1983,13,1983-11-27,False,NYJ,NWE,H,W,26,3,22,36,305,2,1,95.3,0,1,-2,0,0,,18.0,18.0,22361,False,fum_rec_td,PFR+RULE2PT
Richard Todd,1983,14,1983-12-04,False,NYJ,BAL,A,W,10,6,15,28,138,1,3,39.6,1,2,1,0,0,,3.62,3.62,22361,False,fum_rec_td,PFR+RULE2PT
Richard Todd,1983,15,1983-12-10,False,NYJ,PIT,H,L,7,34,11,20,114,0,2,32.1,3,0,0,0,0,,0.56,0.56,22361,False,fum_rec_td,PFR+RULE2PT
Richard Todd,1983,16,1983-12-16,False,NYJ,MIA,A,L,14,34,19,36,230,1,2,58.8,4,2,0,0,0,,9.2,9.2,22361,False,fum_rec_td,PFR+RULE2PT
Richard Todd,1984,1,1984-09-02,False,NOR,ATL,H,L,28,36,16,32,185,2,3,49.6,5,0,0,0,0,,9.4,9.4,22361,False,fum_rec_td,PFR+RULE2PT
Richard Todd,1984,2,1984-09-09,False,NOR,TAM,H,W,17,13,13,23,213,0,0,87.8,1,3,11,0,0,,9.62,9.62,22361,False,fum_rec_td,PFR+RULE2PT
Richard Todd,1984,3,1984-09-16,False,NOR,SFO,A,L,20,30,2,7,5,0,3,0.0,0,1,6,0,0,,-5.2,-5.2,22361,False,fum_rec_td,PFR+RULE2PT
Richard Todd,1984,4,1984-09-23,False,NOR,STL,H,W,34,24,14,29,264,2,1,88.9,0,0,0,0,0,,16.56,16.56,22361,False,fum_rec_td,PFR+RULE2PT
Richard Todd,1984,5,1984-09-30,False,NOR,HOU,A,W,27,10,14,22,188,0,1,71.8,3,1,0,0,0,,5.52,5.52,22361,False,fum_rec_td,PFR+RULE2PT
Richard Todd,1984,6,1984-10-07,False,NOR,CHI,A,L,7,20,7,26,158,1,0,65.2,1,2,7,0,0,,11.02,11.02,22361,False,fum_rec_td,PFR+RULE2PT
Richard Todd,1984,7,1984-10-14,False,NOR,RAM,H,L,10,28,8,13,75,0,2,37.8,0,1,-2,0,0,,-1.2,-1.2,22361,False,fum_rec_td,PFR+RULE2PT
Richard Todd,1984,8,1984-10-21,False,NOR,DAL,A,L,27,30,5,16,81,1,1,44.0,0,4,26,0,0,,7.84,7.84,22361,False,fum_rec_td,PFR+RULE2PT
Richard Todd,1984,9,1984-10-28,False,NOR,CLE,A,W,16,14,21,27,294,1,0,124.4,3,3,8,0,0,,16.56,16.56,22361,False,fum_rec_td,PFR+RULE2PT
Richard Todd,1984,10,1984-11-04,False,NOR,GNB,H,L,13,23,18,32,163,0,2,44.1,2,3,8,0,0,,3.32,3.32,22361,False,fum_rec_td,PFR+RULE2PT
Richard Todd,1984,11,1984-11-11,False,NOR,ATL,A,W,17,13,15,31,235,2,1,82.1,0,1,9,0,0,,16.3,16.3,22361,False,fum_rec_td,PFR+RULE2PT
Richard Todd,1984,12,1984-11-19,False,NOR,PIT,H,W,27,24,18,31,223,2,2,75.1,6,4,11,0,0,,14.02,14.02,22361,False,fum_rec_td,PFR+RULE2PT
Richard Todd,1984,13,1984-11-25,False,NOR,SFO,H,L,3,35,9,18,72,0,1,37.3,7,3,17,0,0,,2.58,2.58,22361,False,fum_rec_td,PFR+RULE2PT
Richard Todd,1984,14,1984-12-02,False,NOR,RAM,A,L,21,34,1,5,22,0,2,5.8,4,2,10,0,0,,-2.12,-2.12,22361,False,fum_rec_td,PFR+RULE2PT
Richard Todd,1984,15,1984-12-09,False,NOR,CIN,H,L,21,24,0,0,0,0,0,0,0,0,0,0,0,,0.0,0.0,22361,False,fum_rec_td,PFR+RULE2PT
Richard Todd,1985,1,1985-09-08,False,NOR,KAN,H,L,27,47,12,26,162,3,2,72.9,1,0,0,0,0,,14.48,14.48,22361,False,fum_rec_td,PFR+RULE2PT
Richard Todd,1985,9,1985-11-03,False,NOR,RAM,A,L,10,28,4,6,29,0,2,38.2,0,0,0,0,0,,-2.84,-2.84,22361,False,fum_rec_td,PFR+RULE2PT
Chris Chandler,1988,2,1988-09-11,False,IND,CHI,H,L,13,17,0,0,0,0,0,0,0,0,0,0,0,,0.0,0.0,3745,False,fum_rec_td,PFR+RULE2PT
Chris Chandler,1988,3,1988-09-19,False,IND,CLE,A,L,17,23,3,8,80,0,1,35.4,1,1,4,0,0,,1.6,1.6,3745,False,fum_rec_td,PFR+RULE2PT
Chris Chandler,1988,4,1988-09-25,False,IND,MIA,H,W,15,13,10,18,110,0,1,50.7,4,7,7,0,0,,3.1,3.1,3745,False,fum_rec_td,PFR+RULE2PT
Chris Chandler,1988,5,1988-10-02,False,IND,NWE,A,L,17,21,14,26,172,1,1,71.3,2,2,-9,0,0,,7.98,7.98,3745,False,fum_rec_td,PFR+RULE2PT
Chris Chandler,1988,6,1988-10-09,False,IND,BUF,A,L,23,34,7,11,71,0,0,82.0,2,1,1,1,0,,8.94,8.94,3745,False,fum_rec_td,PFR+RULE2PT
Chris Chandler,1988,7,1988-10-16,False,IND,TAM,H,W,35,31,20,33,246,1,2,68.5,0,8,23,1,0,,18.14,18.14,3745,False,fum_rec_td,PFR+RULE2PT
Chris Chandler,1988,8,1988-10-23,False,IND,SDG,A,W,16,0,9,17,123,0,3,36.8,0,2,14,0,0,,0.32,0.32,3745,False,fum_rec_td,PFR+RULE2PT
Chris Chandler,1988,9,1988-10-31,False,IND,DEN,H,W,55,23,10,13,167,1,0,143.9,0,3,8,0,0,,11.48,11.48,3745,False,fum_rec_td,PFR+RULE2PT
Chris Chandler,1988,10,1988-11-06,False,IND,NYJ,H,W,38,14,14,22,173,1,1,84.1,0,5,33,1,0,,18.22,18.22,3745,False,fum_rec_td,PFR+RULE2PT
Chris Chandler,1988,11,1988-11-13,False,IND,GNB,A,W,20,13,9,17,98,2,0,109.4,3,0,0,0,0,,11.92,11.92,3745,False,fum_rec_td,PFR+RULE2PT
Chris Chandler,1988,12,1988-11-20,False,IND,MIN,A,L,3,12,5,14,45,0,1,15.5,2,3,5,0,0,,0.3,0.3,3745,False,fum_rec_td,PFR+RULE2PT
Chris Chandler,1988,13,1988-11-27,False,IND,NWE,H,W,24,21,12,24,171,1,2,52.6,1,4,22,0,0,,9.04,9.04,3745,False,fum_rec_td,PFR+RULE2PT
Chris Chandler,1988,14,1988-12-04,False,IND,MIA,A,W,31,28,12,15,111,1,0,119.7,0,6,23,0,0,,10.74,10.74,3745,False,fum_rec_td,PFR+RULE2PT
Chris Chandler,1988,15,1988-12-10,False,IND,NYJ,A,L,16,34,0,4,0,0,0,39.6,0,0,0,0,0,,0.0,0.0,3745,False,fum_rec_td,PFR+RULE2PT
Chris Chandler,1988,16,1988-12-18,False,IND,BUF,H,W,17,14,4,11,52,0,0,52.1,3,4,8,0,0,,2.88,2.88,3745,False,fum_rec_td,PFR+RULE2PT
Chris Chandler,1989,1,1989-09-10,False,IND,SFO,H,L,24,30,14,32,200,1,1,62.0,1,4,21,1,0,,18.1,18.1,3745,False,fum_rec_td,PFR+RULE2PT
Chris Chandler,1989,2,1989-09-17,False,IND,RAM,A,L,17,31,20,33,266,1,1,83.6,0,1,4,0,0,,13.04,13.04,3745,False,fum_rec_td,PFR+RULE2PT
Chris Chandler,1989,3,1989-09-24,False,IND,ATL,H,W,13,9,5,15,71,0,1,21.8,2,2,32,0,0,,4.04,4.04,3745,False,fum_rec_td,PFR+RULE2PT
Jim Zorn,1980,1,1980-09-07,False,SEA,SDG,H,L,13,34,18,33,235,1,2,62.1,,2,0,0,0,,9.4,9.4,25032,False,sacked;fum_rec_td,PFR+RULE2PT
Jim Zorn,1980,2,1980-09-14,False,SEA,KAN,A,W,17,16,17,27,194,2,1,93.8,,3,-4,0,0,,13.36,13.36,25032,False,sacked;fum_rec_td,PFR+RULE2PT
Jim Zorn,1980,3,1980-09-21,False,SEA,NWE,H,L,31,37,20,36,312,4,1,110.0,,5,42,0,0,,30.68,30.68,25032,False,sacked;fum_rec_td,PFR+RULE2PT
Jim Zorn,1980,4,1980-09-28,False,SEA,WAS,A,W,14,0,7,19,86,0,2,12.1,,6,36,1,0,,9.04,9.04,25032,False,sacked;fum_rec_td,PFR+RULE2PT
Jim Zorn,1980,5,1980-10-05,False,SEA,HOU,A,W,26,7,12,22,172,2,0,110.4,,2,7,0,0,,15.58,15.58,25032,False,sacked;fum_rec_td,PFR+RULE2PT
Jim Zorn,1980,6,1980-10-12,False,SEA,CLE,H,L,3,27,23,29,222,0,0,98.6,,3,34,0,0,,12.28,12.28,25032,False,sacked;fum_rec_td,PFR+RULE2PT
Jim Zorn,1980,7,1980-10-19,False,SEA,NYJ,A,W,27,17,17,27,258,0,0,94.4,,2,3,0,0,,10.62,10.62,25032,False,sacked;fum_rec_td,PFR+RULE2PT
Jim Zorn,1980,8,1980-10-26,False,SEA,OAK,A,L,14,33,17,33,282,1,2,65.5,,1,0,0,0,,11.28,11.28,25032,False,sacked;fum_rec_td,PFR+RULE2PT
Jim Zorn,1980,9,1980-11-02,False,SEA,PHI,H,L,20,27,20,35,250,1,0,89.0,,6,29,0,0,,16.9,16.9,25032,False,sacked;fum_rec_td,PFR+RULE2PT
Jim Zorn,1980,10,1980-11-09,False,SEA,KAN,H,L,30,31,18,37,189,1,5,33.3,,2,2,0,0,,1.76,1.76,25032,False,sacked;fum_rec_td,PFR+RULE2PT
Jim Zorn,1980,11,1980-11-17,False,SEA,OAK,H,L,17,19,19,35,250,1,2,62.8,,1,7,0,0,,10.7,10.7,25032,False,sacked;fum_rec_td,PFR+RULE2PT
Jim Zorn,1980,12,1980-11-23,False,SEA,DEN,A,L,20,36,12,18,147,0,2,52.1,,3,25,0,0,,4.38,4.38,25032,False,sacked;fum_rec_td,PFR+RULE2PT
Jim Zorn,1980,13,1980-11-27,False,SEA,DAL,A,L,7,51,12,25,110,1,1,57.1,,1,1,0,0,,6.5,6.5,25032,False,sacked;fum_rec_td,PFR+RULE2PT
Jim Zorn,1980,14,1980-12-07,False,SEA,NYG,H,L,21,27,20,37,238,1,0,82.9,,1,0,0,0,,13.52,13.52,25032,False,sacked;fum_rec_td,PFR+RULE2PT
Jim Zorn,1980,15,1980-12-13,False,SEA,SDG,A,L,14,21,22,42,179,1,0,71.4,,3,5,0,0,,11.66,11.66,25032,False,sacked;fum_rec_td,PFR+RULE2PT
Jim Zorn,1980,16,1980-12-21,False,SEA,DEN,H,L,17,25,22,33,222,1,2,70.5,,3,27,0,0,,11.58,11.58,25032,False,sacked;fum_rec_td,PFR+RULE2PT
Jim Zorn,1981,1,1981-09-06,False,SEA,CIN,A,L,21,27,21,41,230,1,1,66.1,,1,7,0,0,,11.9,11.9,25032,False,sacked;fum_rec_td,PFR+RULE2PT
Jim Zorn,1981,2,1981-09-13,False,SEA,DEN,H,W,13,10,24,34,199,1,2,70.6,,2,4,0,0,,8.36,8.36,25032,False,sacked;fum_rec_td,PFR+RULE2PT
Jim Zorn,1981,3,1981-09-20,False,SEA,OAK,A,L,10,20,24,43,327,1,1,78.3,,1,14,0,0,,16.48,16.48,25032,False,sacked;fum_rec_td,PFR+RULE2PT
Jim Zorn,1981,4,1981-09-27,False,SEA,KAN,H,L,14,20,31,47,308,1,0,91.4,,4,48,0,0,,21.12,21.12,25032,False,sacked;fum_rec_td,PFR+RULE2PT
Jim Zorn,1981,5,1981-10-04,False,SEA,SDG,A,L,10,24,16,34,229,1,1,66.9,,6,29,0,0,,14.06,14.06,25032,False,sacked;fum_rec_td,PFR+RULE2PT
Jim Zorn,1981,6,1981-10-11,False,SEA,HOU,A,L,17,35,19,30,145,1,2,58.3,,1,5,0,0,,6.3,6.3,25032,False,sacked;fum_rec_td,PFR+RULE2PT
Jim Zorn,1981,7,1981-10-18,False,SEA,NYG,H,L,0,32,14,22,84,0,1,52.1,,0,0,0,0,,1.36,1.36,25032,False,sacked;fum_rec_td,PFR+RULE2PT
Jim Zorn,1981,8,1981-10-25,False,SEA,NYJ,A,W,19,3,13,21,172,1,0,103.7,,6,26,0,0,,13.48,13.48,25032,False,sacked;fum_rec_td,PFR+RULE2PT
Jim Zorn,1981,9,1981-11-01,False,SEA,GNB,A,L,24,34,12,23,108,2,0,94.1,,1,2,0,0,,12.52,12.52,25032,False,sacked;fum_rec_td,PFR+RULE2PT
Jim Zorn,1981,10,1981-11-08,False,SEA,PIT,H,W,24,21,18,25,277,1,0,121.6,,4,-2,0,0,,14.88,14.88,25032,False,sacked;fum_rec_td,PFR+RULE2PT
Jim Zorn,1981,11,1981-11-16,False,SEA,SDG,H,W,44,23,11,22,212,2,0,114.2,,2,1,0,0,,16.58,16.58,25032,False,sacked;fum_rec_td,PFR+RULE2PT
Jim Zorn,1981,12,1981-11-22,False,SEA,KAN,A,L,13,40,19,30,258,1,1,87.9,,0,0,0,0,,12.32,12.32,25032,False,sacked;fum_rec_td,PFR+RULE2PT
Jim Zorn,1981,13,1981-11-29,False,SEA,OAK,H,L,31,32,14,25,239,0,0,88.6,,2,6,1,0,,16.16,16.16,25032,False,sacked;fum_rec_td,PFR+RULE2PT
Jim Zorn,1982,1,1982-09-12,False,SEA,CLE,H,L,7,21,0,0,0,0,0,0,0,0,0,0,0,,0.0,0.0,25032,False,fum_rec_td,PFR+RULE2PT
Jim Zorn,1982,2,1982-09-19,False,SEA,HOU,A,L,21,23,9,16,113,1,0,99.2,0,3,2,0,0,,8.72,8.72,25032,False,fum_rec_td,PFR+RULE2PT
Jim Zorn,1982,3,1982-11-21,False,SEA,DEN,A,W,17,10,22,41,318,1,1,77.1,2,3,-9,0,0,,13.82,13.82,25032,False,fum_rec_td,PFR+RULE2PT
Jim Zorn,1982,4,1982-11-28,False,SEA,PIT,H,W,16,0,14,22,204,1,0,108.9,5,1,3,0,0,,12.46,12.46,25032,False,fum_rec_td,PFR+RULE2PT
Jim Zorn,1982,5,1982-12-05,False,SEA,RAI,A,L,23,28,16,45,280,2,3,44.7,4,1,35,0,0,,16.7,16.7,25032,False,fum_rec_td,PFR+RULE2PT
Jim Zorn,1982,6,1982-12-12,False,SEA,CHI,H,W,20,14,22,32,196,1,0,95.3,4,4,41,1,0,,21.94,21.94,25032,False,fum_rec_td,PFR+RULE2PT
Jim Zorn,1982,7,1982-12-19,False,SEA,NWE,H,L,0,16,15,35,134,0,4,14.2,2,0,0,0,0,,-2.64,-2.64,25032,False,fum_rec_td,PFR+RULE2PT
Jim Zorn,1982,8,1982-12-26,False,SEA,CIN,A,L,10,24,19,35,217,1,2,58.9,2,2,13,0,0,,9.98,9.98,25032,False,fum_rec_td,PFR+RULE2PT
Jim Zorn,1982,9,1983-01-02,False,SEA,DEN,H,W,13,11,9,19,78,0,1,36.7,1,1,28,0,0,,6.62,7.62,25032,False,fum_rec_td,PFR+RULE2PT
Jim Zorn,1983,1,1983-09-04,False,SEA,KAN,A,L,13,17,19,43,206,1,2,47.2,1,2,8,0,0,,9.04,9.04,25032,False,fum_rec_td,PFR+RULE2PT
Jim Zorn,1983,2,1983-09-11,False,SEA,NYJ,A,W,17,10,7,15,81,0,0,63.5,1,5,-2,0,0,,3.04,3.04,25032,False,fum_rec_td,PFR+RULE2PT
Jim Zorn,1983,3,1983-09-18,False,SEA,SDG,H,W,34,31,15,24,173,2,1,94.6,1,4,-10,0,0,,11.92,11.92,25032,False,fum_rec_td,PFR+RULE2PT
Jim Zorn,1983,4,1983-09-25,False,SEA,WAS,H,L,17,27,20,40,241,2,1,75.1,1,1,12,0,0,,16.84,16.84,25032,False,fum_rec_td,PFR+RULE2PT
Jim Zorn,1983,5,1983-10-02,False,SEA,CLE,A,W,24,9,11,17,122,0,1,61.4,0,6,15,0,0,,4.38,4.38,25032,False,fum_rec_td,PFR+RULE2PT
Jim Zorn,1983,6,1983-10-09,False,SEA,SDG,A,L,21,28,25,41,295,1,1,80.8,1,2,15,0,0,,15.3,15.3,25032,False,fum_rec_td,PFR+RULE2PT
Jim Zorn,1983,7,1983-10-16,False,SEA,RAI,H,W,38,36,4,16,13,0,0,39.6,1,8,36,1,0,,10.12,10.12,25032,False,fum_rec_td,PFR+RULE2PT
Jim Zorn,1983,8,1983-10-23,False,SEA,PIT,H,L,21,27,1,8,2,0,1,0.0,3,2,-3,0,0,,-2.22,-2.22,25032,False,fum_rec_td,PFR+RULE2PT
Jim Zorn,1983,9,1983-10-30,False,SEA,RAI,A,W,34,21,1,1,33,1,0,158.3,0,0,0,0,0,,5.32,5.32,25032,False,fum_rec_td,PFR+RULE2PT
Jim Zorn,1983,10,1983-11-06,False,SEA,DEN,H,W,27,19,0,0,0,0,0,0,0,0,0,0,0,,0.0,0.0,25032,False,fum_rec_td,PFR+RULE2PT
Jim Zorn,1983,11,1983-11-13,False,SEA,STL,A,L,28,33,0,0,0,0,0,0,0,0,0,0,0,,0.0,0.0,25032,False,fum_rec_td,PFR+RULE2PT
Jim Zorn,1983,12,1983-11-20,False,SEA,DEN,A,L,27,38,0,0,0,0,0,0,0,0,0,0,0,,0.0,0.0,25032,False,fum_rec_td,PFR+RULE2PT
Jim Zorn,1983,13,1983-11-27,False,SEA,KAN,H,W,51,48,0,0,0,0,0,0,0,0,0,0,0,,0.0,0.0,25032,False,fum_rec_td,PFR+RULE2PT
Jim Zorn,1983,14,1983-12-04,False,SEA,DAL,H,L,10,35,0,0,0,0,0,0,0,0,0,0,0,,0.0,0.0,25032,False,fum_rec_td,PFR+RULE2PT
Jim Zorn,1983,15,1983-12-11,False,SEA,NYG,A,W,17,12,0,0,0,0,0,0,0,0,0,0,0,,0.0,0.0,25032,False,fum_rec_td,PFR+RULE2PT
Jim Zorn,1983,16,1983-12-18,False,SEA,NWE,H,W,24,6,0,0,0,0,0,0,0,0,0,0,0,,0.0,0.0,25032,False,fum_rec_td,PFR+RULE2PT
Jim Zorn,1983,17,1983-12-24,True,SEA,DEN,H,W,31,7,0,0,0,0,0,0,0,1,2,0,0,,0.2,0.2,25032,False,fum_rec_td,PFR+RULE2PT
Jim Zorn,1983,18,1983-12-31,True,SEA,MIA,A,W,27,20,0,1,0,0,0,39.6,0,0,0,0,0,,0.0,0.0,25032,False,fum_rec_td,PFR+RULE2PT
Jim Zorn,1983,19,1984-01-08,True,SEA,RAI,A,L,14,30,14,27,134,2,2,59.8,1,0,0,0,0,,9.36,9.36,25032,False,fum_rec_td,PFR+RULE2PT
Jim Zorn,1984,1,1984-09-03,False,SEA,CLE,H,W,33,0,0,0,0,0,0,0,0,4,3,0,0,,0.3,0.3,25032,False,fum_rec_td,PFR+RULE2PT
Jim Zorn,1984,2,1984-09-09,False,SEA,SDG,H,W,31,17,0,0,0,0,0,0,0,0,0,0,0,,0.0,0.0,25032,False,fum_rec_td,PFR+RULE2PT
Jim Zorn,1984,3,1984-09-16,False,SEA,NWE,A,L,23,38,0,0,0,0,0,0,0,0,0,0,0,,0.0,0.0,25032,False,fum_rec_td,PFR+RULE2PT
Jim Zorn,1984,4,1984-09-23,False,SEA,CHI,H,W,38,9,0,0,0,0,0,0,0,0,0,0,0,,0.0,0.0,25032,False,fum_rec_td,PFR+RULE2PT
Jim Zorn,1984,5,1984-09-30,False,SEA,MIN,A,W,20,12,0,0,0,0,0,0,0,0,0,0,0,,0.0,0.0,25032,False,fum_rec_td,PFR+RULE2PT
Jim Zorn,1984,6,1984-10-07,False,SEA,RAI,A,L,14,28,3,7,36,0,1,19.6,1,0,0,0,0,,-0.56,-0.56,25032,False,fum_rec_td,PFR+RULE2PT
Jim Zorn,1984,7,1984-10-14,False,SEA,BUF,H,W,31,28,0,0,0,0,0,0,0,0,0,0,0,,0.0,0.0,25032,False,fum_rec_td,PFR+RULE2PT
Jim Zorn,1984,8,1984-10-21,False,SEA,GNB,A,W,30,24,0,0,0,0,0,0,0,0,0,0,0,,0.0,0.0,25032,False,fum_rec_td,PFR+RULE2PT
Jim Zorn,1984,9,1984-10-29,False,SEA,SDG,A,W,24,0,0,0,0,0,0,0,0,0,0,0,0,,0.0,0.0,25032,False,fum_rec_td,PFR+RULE2PT
Jim Zorn,1984,10,1984-11-04,False,SEA,KAN,H,W,45,0,0,1,0,0,0,39.6,0,1,-2,0,0,,-0.2,-0.2,25032,False,fum_rec_td,PFR+RULE2PT
Jim Zorn,1984,11,1984-11-12,False,SEA,RAI,H,W,17,14,0,0,0,0,0,0,0,0,0,0,0,,0.0,0.0,25032,False,fum_rec_td,PFR+RULE2PT
Jim Zorn,1984,12,1984-11-18,False,SEA,CIN,A,W,26,6,0,0,0,0,0,0,0,0,0,0,0,,0.0,0.0,25032,False,fum_rec_td,PFR+RULE2PT
Jim Zorn,1984,13,1984-11-25,False,SEA,DEN,A,W,27,24,0,0,0,0,0,0,0,0,0,0,0,,0.0,0.0,25032,False,fum_rec_td,PFR+RULE2PT
Jim Zorn,1984,14,1984-12-02,False,SEA,DET,H,W,38,17,0,0,0,0,0,0,0,2,-4,0,0,,-0.4,-0.4,25032,False,fum_rec_td,PFR+RULE2PT
Jim Zorn,1984,15,1984-12-09,False,SEA,KAN,A,L,7,34,4,8,44,0,1,27.1,0,0,0,0,0,,-0.24,-0.24,25032,False,fum_rec_td,PFR+RULE2PT
Jim Zorn,1984,16,1984-12-15,False,SEA,DEN,H,L,14,31,0,1,0,0,0,39.6,0,0,0,0,0,,0.0,0.0,25032,False,fum_rec_td,PFR+RULE2PT
Jim Zorn,1984,17,1984-12-22,True,SEA,RAI,H,W,13,7,0,0,0,0,0,0,0,0,0,0,0,,0.0,0.0,25032,False,fum_rec_td,PFR+RULE2PT
Jim Zorn,1984,18,1984-12-29,True,SEA,MIA,A,L,10,31,0,0,0,0,0,0,0,0,0,0,0,,0.0,0.0,25032,False,fum_rec_td,PFR+RULE2PT
Jim Zorn,1985,4,1985-09-29,False,GNB,STL,A,L,28,43,0,0,0,0,0,0,0,0,0,0,0,,0.0,0.0,25032,False,fum_rec_td,PFR+RULE2PT
Jim Zorn,1985,5,1985-10-06,False,GNB,DET,H,W,43,10,0,1,0,0,0,39.6,0,0,0,0,0,,0.0,0.0,25032,False,fum_rec_td,PFR+RULE2PT
Jim Zorn,1985,6,1985-10-13,False,GNB,MIN,H,W,20,17,0,0,0,0,0,0,0,0,0,0,0,,0.0,0.0,25032,False,fum_rec_td,PFR+RULE2PT
Jim Zorn,1985,7,1985-10-21,False,GNB,CHI,A,L,7,23,1,2,9,0,0,62.5,2,0,0,0,0,,0.36,0.36,25032,False,fum_rec_td,PFR+RULE2PT
Jim Zorn,1985,8,1985-10-27,False,GNB,IND,A,L,10,37,0,0,0,0,0,0,0,0,0,0,0,,0.0,0.0,25032,False,fum_rec_td,PFR+RULE2PT
Jim Zorn,1985,9,1985-11-03,False,GNB,CHI,H,L,10,16,11,26,179,1,1,62.8,3,1,0,0,0,,9.16,9.16,25032,False,fum_rec_td,PFR+RULE2PT
Jim Zorn,1985,10,1985-11-10,False,GNB,MIN,A,W,27,17,5,13,75,0,0,58.2,1,1,4,0,0,,3.4,3.4,25032,False,fum_rec_td,PFR+RULE2PT
Jim Zorn,1985,11,1985-11-17,False,GNB,NOR,H,W,38,14,1,1,8,1,0,139.6,0,2,-2,0,0,,4.12,4.12,25032,False,fum_rec_td,PFR+RULE2PT
Jim Zorn,1985,12,1985-11-24,False,GNB,RAM,A,L,17,34,0,0,0,0,0,0,0,0,0,0,0,,0.0,0.0,25032,False,fum_rec_td,PFR+RULE2PT
Jim Zorn,1985,13,1985-12-01,False,GNB,TAM,H,W,21,0,0,0,0,0,0,0,0,0,0,0,0,,0.0,0.0,25032,False,fum_rec_td,PFR+RULE2PT
Jim Zorn,1985,14,1985-12-08,False,GNB,MIA,H,L,24,34,20,35,247,2,2,74.3,1,3,8,0,0,,14.68,14.68,25032,False,fum_rec_td,PFR+RULE2PT
Jim Zorn,1985,15,1985-12-15,False,GNB,DET,A,W,26,23,10,23,159,0,1,49.0,2,2,-2,0,0,,4.16,4.16,25032,False,fum_rec_td,PFR+RULE2PT
Jim Zorn,1985,16,1985-12-22,False,GNB,TAM,A,W,20,17,8,22,117,0,2,16.7,2,1,1,0,0,,0.78,0.78,25032,False,fum_rec_td,PFR+RULE2PT
Jim Zorn,1987,5,1987-10-18,False,TAM,MIN,H,W,20,10,20,36,199,0,2,48.3,1,4,4,0,0,,4.36,4.36,25032,False,fum_rec_td,PFR+RULE2PT
Jay Schroeder,1985,1,1985-09-09,False,WAS,DAL,A,L,14,44,4,8,51,0,1,30.7,1,0,0,0,0,,0.04,0.04,19708,False,fum_rec_td,PFR+RULE2PT
Jay Schroeder,1985,4,1985-09-29,False,WAS,CHI,A,L,10,45,0,0,0,0,0,0,0,0,0,0,0,,0.0,0.0,19708,False,fum_rec_td,PFR+RULE2PT
Jay Schroeder,1985,9,1985-11-03,False,WAS,ATL,A,W,44,10,0,0,0,0,0,0,0,1,-1,0,0,,-0.1,-0.1,19708,False,fum_rec_td,PFR+RULE2PT
Jay Schroeder,1985,11,1985-11-18,False,WAS,NYG,H,W,23,21,13,20,221,1,0,119.0,1,7,15,0,0,,14.34,14.34,19708,False,fum_rec_td,PFR+RULE2PT
Jay Schroeder,1985,12,1985-11-24,False,WAS,PIT,A,W,30,23,15,28,176,1,0,84.8,0,2,-2,0,0,,10.84,10.84,19708,False,fum_rec_td,PFR+RULE2PT
Jay Schroeder,1985,13,1985-12-01,False,WAS,SFO,H,L,8,35,30,58,348,0,2,55.8,4,0,0,0,0,,9.92,9.92,19708,False,fum_rec_td,PFR+RULE2PT
Jay Schroeder,1985,14,1985-12-08,False,WAS,PHI,A,W,17,12,16,29,175,1,1,70.3,4,4,17,0,0,,10.7,10.7,19708,False,fum_rec_td,PFR+RULE2PT
Jay Schroeder,1985,15,1985-12-15,False,WAS,CIN,H,W,27,24,18,35,273,1,1,75.1,2,1,-2,0,0,,12.72,12.72,19708,False,fum_rec_td,PFR+RULE2PT
Jay Schroeder,1985,16,1985-12-21,False,WAS,STL,A,W,27,16,16,31,214,1,0,84.6,3,2,3,0,0,,12.86,12.86,19708,False,fum_rec_td,PFR+RULE2PT
Jay Schroeder,1986,1,1986-09-07,False,WAS,PHI,H,W,41,14,19,38,289,2,1,82.0,2,4,11,1,0,,24.66,24.66,19708,False,fum_rec_td,PFR+RULE2PT
Jay Schroeder,1986,2,1986-09-14,False,WAS,RAI,H,W,10,6,12,19,213,0,1,79.5,4,4,-2,0,0,,6.32,6.32,19708,False,fum_rec_td,PFR+RULE2PT
Jay Schroeder,1986,3,1986-09-21,False,WAS,SDG,A,W,30,27,16,36,341,1,0,87.8,1,5,-17,0,0,,15.94,15.94,19708,False,fum_rec_td,PFR+RULE2PT
Jay Schroeder,1986,4,1986-09-28,False,WAS,SEA,H,W,19,14,14,26,195,0,0,78.2,0,2,9,0,0,,8.7,8.7,19708,False,fum_rec_td,PFR+RULE2PT
Jay Schroeder,1986,5,1986-10-05,False,WAS,NOR,A,W,14,6,14,27,170,1,0,83.9,1,4,3,0,0,,11.1,11.1,19708,False,fum_rec_td,PFR+RULE2PT
Jay Schroeder,1986,6,1986-10-12,False,WAS,DAL,A,L,6,30,12,29,132,0,1,41.2,4,1,-2,0,0,,3.08,3.08,19708,False,fum_rec_td,PFR+RULE2PT
Jay Schroeder,1986,7,1986-10-19,False,WAS,STL,H,W,28,21,13,23,232,3,1,112.7,0,1,3,0,0,,19.58,19.58,19708,False,fum_rec_td,PFR+RULE2PT
Jay Schroeder,1986,8,1986-10-27,False,WAS,NYG,A,L,20,27,22,40,420,1,2,79.2,4,1,2,0,0,,17.0,17.0,19708,False,fum_rec_td,PFR+RULE2PT
Jay Schroeder,1986,9,1986-11-02,False,WAS,MIN,H,W,44,38,24,47,378,2,1,83.5,1,2,8,0,0,,21.92,21.92,19708,False,fum_rec_td,PFR+RULE2PT
Jay Schroeder,1986,10,1986-11-09,False,WAS,GNB,A,W,16,7,13,23,167,2,0,108.4,0,5,-3,0,0,,14.38,14.38,19708,False,fum_rec_td,PFR+RULE2PT
Jay Schroeder,1986,11,1986-11-17,False,WAS,SFO,H,W,14,6,17,40,170,1,2,42.7,3,3,12,0,0,,8.0,8.0,19708,False,fum_rec_td,PFR+RULE2PT
Jay Schroeder,1986,12,1986-11-23,False,WAS,DAL,H,W,41,14,16,31,325,2,1,96.8,1,0,0,0,0,,19.0,19.0,19708,False,fum_rec_td,PFR+RULE2PT
Jay Schroeder,1986,13,1986-11-30,False,WAS,STL,A,W,20,17,23,44,256,2,1,75.6,0,1,9,0,0,,17.14,17.14,19708,False,fum_rec_td,PFR+RULE2PT
Jay Schroeder,1986,14,1986-12-07,False,WAS,NYG,H,L,14,24,28,51,309,1,6,40.0,4,1,1,0,0,,4.46,4.46,19708,False,fum_rec_td,PFR+RULE2PT
Jay Schroeder,1986,15,1986-12-13,False,WAS,DEN,A,L,30,31,15,33,285,2,2,70.9,0,2,13,0,0,,16.7,16.7,19708,False,fum_rec_td,PFR+RULE2PT
Jay Schroeder,1986,16,1986-12-21,False,WAS,PHI,A,W,21,14,18,34,227,2,3,56.9,3,0,0,0,0,,11.08,11.08,19708,False,fum_rec_td,PFR+RULE2PT
Jay Schroeder,1986,17,1986-12-28,True,WAS,RAM,H,W,19,7,13,23,90,1,0,80.0,0,3,-2,0,0,,7.4,7.4,19708,False,fum_rec_td,PFR+RULE2PT
Jay Schroeder,1986,18,1987-01-03,True,WAS,CHI,A,W,27,13,15,32,184,2,1,72.9,2,3,16,0,0,,14.96,14.96,19708,False,fum_rec_td,PFR+RULE2PT
Jay Schroeder,1986,19,1987-01-11,True,WAS,NYG,A,L,0,17,20,50,195,0,1,43.3,4,1,0,0,0,,5.8,5.8,19708,False,fum_rec_td,PFR+RULE2PT
Jay Schroeder,1987,1,1987-09-13,False,WAS,PHI,H,W,34,24,0,3,0,0,0,39.6,0,1,31,0,0,,3.1,3.1,19708,False,fum_rec_td,PFR+RULE2PT
Jay Schroeder,1987,6,1987-10-25,False,WAS,NYJ,H,W,17,16,15,38,275,2,1,71.7,0,2,2,0,0,,17.2,17.2,19708,False,fum_rec_td,PFR+RULE2PT
Jay Schroeder,1987,7,1987-11-01,False,WAS,BUF,A,W,27,7,11,18,132,2,0,120.6,2,3,15,1,0,,20.78,20.78,19708,False,fum_rec_td,PFR+RULE2PT
Jay Schroeder,1987,8,1987-11-08,False,WAS,PHI,A,L,27,31,16,46,265,2,2,51.4,3,2,9,0,0,,15.5,15.5,19708,False,fum_rec_td,PFR+RULE2PT
Jay Schroeder,1987,9,1987-11-15,False,WAS,DET,H,W,20,13,5,10,33,0,0,57.5,1,1,2,0,0,,1.52,1.52,19708,False,fum_rec_td,PFR+RULE2PT
Jay Schroeder,1987,10,1987-11-23,False,WAS,RAM,H,L,26,30,0,0,0,0,0,0,0,0,0,0,0,,0.0,0.0,19708,False,fum_rec_td,PFR+RULE2PT
Jay Schroeder,1987,11,1987-11-29,False,WAS,NYG,H,W,23,19,28,46,331,3,2,86.4,6,4,19,0,0,,23.14,23.14,19708,False,fum_rec_td,PFR+RULE2PT
Jay Schroeder,1987,12,1987-12-06,False,WAS,STL,A,W,34,17,13,25,235,2,1,94.6,1,8,27,1,0,,24.1,24.1,19708,False,fum_rec_td,PFR+RULE2PT
Jay Schroeder,1987,13,1987-12-13,False,WAS,DAL,H,W,24,20,13,26,250,1,1,80.6,2,3,-4,0,0,,11.6,11.6,19708,False,fum_rec_td,PFR+RULE2PT
Jay Schroeder,1987,14,1987-12-20,False,WAS,MIA,A,L,21,23,19,38,272,0,1,62.6,1,2,19,1,0,,16.78,16.78,19708,False,fum_rec_td,PFR+RULE2PT
Jay Schroeder,1987,15,1987-12-26,False,WAS,MIN,A,W,27,24,9,17,85,0,2,27.5,1,0,0,0,0,,-0.6,-0.6,19708,False,fum_rec_td,PFR+RULE2PT
Jay Schroeder,1987,16,1988-01-10,True,WAS,CHI,A,W,21,17,0,0,0,0,0,0,0,1,-8,0,0,,-0.8,-0.8,19708,False,fum_rec_td,PFR+RULE2PT
Jay Schroeder,1987,17,1988-01-17,True,WAS,MIN,H,W,17,10,0,0,0,0,0,0,0,0,0,0,0,,0.0,0.0,19708,False,fum_rec_td,PFR+RULE2PT
Jay Schroeder,1987,18,1988-01-31,True,WAS,DEN,N,W,42,10,0,1,0,0,0,39.6,1,0,0,0,0,,0.0,0.0,19708,False,fum_rec_td,PFR+RULE2PT
Jay Schroeder,1988,4,1988-09-26,False,RAI,DEN,A,W,30,27,13,35,242,2,1,69.0,1,6,36,0,0,,19.28,19.28,19708,False,fum_rec_td,PFR+RULE2PT
Jay Schroeder,1988,5,1988-10-02,False,RAI,CIN,H,L,21,45,17,44,324,2,4,42.2,2,4,14,1,0,,20.36,20.36,19708,False,fum_rec_td,PFR+RULE2PT
Jay Schroeder,1988,6,1988-10-09,False,RAI,MIA,H,L,14,24,21,37,293,2,4,60.8,3,3,12,0,0,,12.92,12.92,19708,False,fum_rec_td,PFR+RULE2PT
Jay Schroeder,1988,7,1988-10-16,False,RAI,KAN,A,W,27,17,7,17,68,0,0,53.1,2,3,0,0,0,,2.72,2.72,19708,False,fum_rec_td,PFR+RULE2PT
Jay Schroeder,1988,8,1988-10-23,False,RAI,NOR,A,L,6,20,5,20,116,1,1,47.1,1,2,14,0,0,,8.04,8.04,19708,False,fum_rec_td,PFR+RULE2PT
Jay Schroeder,1988,13,1988-11-28,False,RAI,SEA,A,L,27,35,4,11,84,0,1,26.3,1,0,0,0,0,,1.36,1.36,19708,False,fum_rec_td,PFR+RULE2PT
Jay Schroeder,1988,14,1988-12-04,False,RAI,DEN,H,W,21,20,10,19,131,1,1,70.3,4,5,8,0,0,,8.04,8.04,19708,False,fum_rec_td,PFR+RULE2PT
Jay Schroeder,1988,15,1988-12-11,False,RAI,BUF,A,L,21,37,14,24,227,2,0,117.9,2,3,7,0,0,,17.78,17.78,19708,False,fum_rec_td,PFR+RULE2PT
Jay Schroeder,1988,16,1988-12-18,False,RAI,SEA,H,L,37,43,22,49,354,3,1,81.5,3,3,18,0,0,,25.96,25.96,19708,False,fum_rec_td,PFR+RULE2PT
Jay Schroeder,1989,1,1989-09-10,False,RAI,SDG,H,W,40,14,2,3,79,1,0,149.3,0,0,0,0,0,,7.16,7.16,19708,False,fum_rec_td,PFR+RULE2PT
Jay Schroeder,1989,2,1989-09-17,False,RAI,KAN,A,L,19,24,14,21,192,2,1,107.6,4,1,12,0,0,,14.88,14.88,19708,False,fum_rec_td,PFR+RULE2PT
Jay Schroeder,1989,3,1989-09-24,False,RAI,DEN,A,L,21,31,15,28,290,1,3,62.2,3,4,18,0,0,,11.4,11.4,19708,False,fum_rec_td,PFR+RULE2PT
Jay Schroeder,1989,4,1989-10-01,False,RAI,SEA,H,L,20,24,16,30,213,1,1,73.3,2,1,10,0,0,,11.52,11.52,19708,False,fum_rec_td,PFR+RULE2PT
Jay Schroeder,1989,5,1989-10-09,False,RAI,NYJ,A,W,14,7,11,24,197,1,1,71.0,3,0,0,0,0,,9.88,9.88,19708,False,fum_rec_td,PFR+RULE2PT
Jay Schroeder,1989,6,1989-10-15,False,RAI,KAN,H,W,20,14,5,16,87,0,1,24.7,1,1,3,0,0,,1.78,1.78,19708,False,fum_rec_td,PFR+RULE2PT
Jay Schroeder,1989,7,1989-10-22,False,RAI,PHI,A,L,7,10,7,22,87,0,1,26.1,2,2,2,0,0,,1.68,1.68,19708,False,fum_rec_td,PFR+RULE2PT
Jay Schroeder,1989,8,1989-10-29,False,RAI,WAS,H,W,37,24,1,8,1,0,1,0.0,0,2,-9,0,0,,-2.86,-2.86,19708,False,fum_rec_td,PFR+RULE2PT
Jay Schroeder,1989,9,1989-11-05,False,RAI,CIN,H,W,28,7,8,17,231,2,1,108.1,2,3,0,0,0,,15.24,15.24,19708,False,fum_rec_td,PFR+RULE2PT
Jay Schroeder,1989,10,1989-11-12,False,RAI,SDG,A,L,12,14,12,25,173,0,3,31.3,3,1,2,0,0,,1.12,1.12,19708,False,fum_rec_td,PFR+RULE2PT
Jay Schroeder,1989,16,1989-12-24,False,RAI,NYG,A,L,17,34,0,0,0,0,0,0,0,0,0,0,0,,0.0,0.0,19708,False,fum_rec_td,PFR+RULE2PT
Mark Rypien,1988,4,1988-09-25,False,WAS,PHO,A,L,21,30,26,41,303,3,1,99.9,4,0,0,0,0,,22.12,22.12,19338,False,fum_rec_td,PFR+RULE2PT
Mark Rypien,1988,5,1988-10-02,False,WAS,NYG,H,L,23,24,16,27,282,2,1,104.2,3,1,3,0,0,,17.58,17.58,19338,False,fum_rec_td,PFR+RULE2PT
Mark Rypien,1988,6,1988-10-09,False,WAS,DAL,A,W,35,17,13,21,187,3,0,130.4,2,4,17,1,0,,27.18,27.18,19338,False,fum_rec_td,PFR+RULE2PT
Mark Rypien,1988,7,1988-10-16,False,WAS,PHO,H,W,33,17,15,27,303,4,1,119.3,2,1,-1,0,0,,26.02,26.02,19338,False,fum_rec_td,PFR+RULE2PT
Mark Rypien,1988,9,1988-10-30,False,WAS,HOU,A,L,17,41,8,12,66,1,0,108.3,0,0,0,0,0,,6.64,6.64,19338,False,fum_rec_td,PFR+RULE2PT
Mark Rypien,1988,11,1988-11-13,False,WAS,CHI,H,L,14,34,14,33,257,2,4,50.5,2,2,11,0,0,,11.38,11.38,19338,False,fum_rec_td,PFR+RULE2PT
Mark Rypien,1988,13,1988-11-27,False,WAS,CLE,H,L,13,17,11,24,135,1,2,42.9,1,1,1,0,0,,5.5,5.5,19338,False,fum_rec_td,PFR+RULE2PT
Mark Rypien,1988,14,1988-12-04,False,WAS,PHI,A,W,20,19,8,17,123,1,3,51.5,0,0,0,0,0,,2.92,2.92,19338,False,fum_rec_td,PFR+RULE2PT
Mark Rypien,1988,15,1988-12-11,False,WAS,DAL,H,L,17,24,3,6,74,1,1,95.1,0,0,0,0,0,,4.96,4.96,19338,False,fum_rec_td,PFR+RULE2PT
Mark Rypien,1989,1,1989-09-11,False,WAS,NYG,H,L,24,27,22,32,349,2,1,112.6,1,0,0,0,0,,19.96,19.96,19338,False,fum_rec_td,PFR+RULE2PT
Mark Rypien,1989,2,1989-09-17,False,WAS,PHI,H,L,37,42,12,23,288,4,2,101.0,2,0,0,0,0,,23.52,23.52,19338,False,fum_rec_td,PFR+RULE2PT
Mark Rypien,1989,3,1989-09-24,False,WAS,DAL,A,W,30,7,15,37,216,0,0,60.2,1,1,9,0,0,,9.54,9.54,19338,False,fum_rec_td,PFR+RULE2PT
Mark Rypien,1989,4,1989-10-01,False,WAS,NOR,A,W,16,14,15,28,216,0,1,64.0,0,3,-2,0,0,,6.44,6.44,19338,False,fum_rec_td,PFR+RULE2PT
Mark Rypien,1989,5,1989-10-08,False,WAS,PHO,H,W,30,28,23,42,333,3,1,94.6,0,1,15,0,0,,24.82,24.82,19338,False,fum_rec_td,PFR+RULE2PT
Mark Rypien,1989,6,1989-10-15,False,WAS,NYG,A,L,17,20,19,30,205,2,0,105.6,1,1,7,0,0,,16.9,16.9,19338,False,fum_rec_td,PFR+RULE2PT
Mark Rypien,1989,7,1989-10-22,False,WAS,TAM,H,W,32,28,24,36,221,2,1,90.2,2,5,9,0,0,,15.74,15.74,19338,False,fum_rec_td,PFR+RULE2PT
Mark Rypien,1989,8,1989-10-29,False,WAS,RAI,A,L,24,37,27,53,364,1,3,55.9,5,1,4,0,0,,12.96,12.96,19338,False,fum_rec_td,PFR+RULE2PT
Mark Rypien,1989,11,1989-11-20,False,WAS,DEN,H,L,10,14,15,29,146,0,0,66.2,0,2,4,0,0,,6.24,6.24,19338,False,fum_rec_td,PFR+RULE2PT
Mark Rypien,1989,12,1989-11-26,False,WAS,CHI,H,W,38,14,30,47,401,4,1,110.3,2,3,-3,0,0,,29.74,29.74,19338,False,fum_rec_td,PFR+RULE2PT
Mark Rypien,1989,13,1989-12-03,False,WAS,PHO,A,W,29,10,16,22,153,0,0,91.7,1,1,-3,0,0,,5.82,5.82,19338,False,fum_rec_td,PFR+RULE2PT
Mark Rypien,1989,14,1989-12-10,False,WAS,SDG,H,W,26,21,23,39,302,2,1,89.9,0,4,7,0,0,,18.78,18.78,19338,False,fum_rec_td,PFR+RULE2PT
Mark Rypien,1989,15,1989-12-17,False,WAS,ATL,A,W,31,30,17,27,284,1,1,95.3,1,4,9,1,0,,20.26,20.26,19338,False,fum_rec_td,PFR+RULE2PT
Mark Rypien,1989,16,1989-12-23,False,WAS,SEA,A,W,29,0,22,31,290,1,1,97.5,0,0,0,0,0,,13.6,13.6,19338,False,fum_rec_td,PFR+RULE2PT
Chris Miller,1987,13,1987-12-13,False,ATL,RAM,A,L,0,33,10,20,170,0,1,58.3,0,2,13,0,0,,6.1,6.1,15295,False,fum_rec_td,PFR+RULE2PT
Chris Miller,1987,14,1987-12-20,False,ATL,SFO,A,L,7,35,13,36,186,0,4,14.1,3,1,3,0,0,,-0.26,-0.26,15295,False,fum_rec_td,PFR+RULE2PT
Chris Miller,1987,15,1987-12-27,False,ATL,DET,H,L,13,30,16,36,196,1,4,31.5,2,1,5,0,0,,4.34,4.34,15295,False,fum_rec_td,PFR+RULE2PT
Chris Miller,1988,1,1988-09-04,False,ATL,DET,A,L,17,31,24,36,205,1,1,79.1,2,4,49,0,0,,15.1,15.1,15295,False,fum_rec_td,PFR+RULE2PT
Chris Miller,1988,2,1988-09-11,False,ATL,NOR,H,L,21,29,15,29,179,2,1,79.5,3,4,14,0,0,,14.56,14.56,15295,False,fum_rec_td,PFR+RULE2PT
Chris Miller,1988,3,1988-09-18,False,ATL,SFO,A,W,34,17,12,24,175,0,2,39.4,1,5,17,1,0,,10.7,10.7,15295,False,fum_rec_td,PFR+RULE2PT
Chris Miller,1988,4,1988-09-25,False,ATL,DAL,A,L,20,26,10,21,218,2,1,96.9,4,0,0,0,0,,14.72,14.72,15295,False,fum_rec_td,PFR+RULE2PT
Chris Miller,1988,8,1988-10-23,False,ATL,NYG,H,L,16,23,14,30,138,0,1,46.3,2,3,14,0,0,,4.92,4.92,15295,False,fum_rec_td,PFR+RULE2PT
Chris Miller,1988,9,1988-10-30,False,ATL,PHI,A,W,27,24,10,23,235,3,0,120.5,4,2,9,0,0,,22.3,22.3,15295,False,fum_rec_td,PFR+RULE2PT
Chris Miller,1988,10,1988-11-06,False,ATL,GNB,H,W,20,0,15,25,177,1,2,61.6,0,3,11,0,0,,8.18,8.18,15295,False,fum_rec_td,PFR+RULE2PT
Chris Miller,1988,11,1988-11-13,False,ATL,SDG,H,L,7,10,18,38,201,1,1,61.4,1,3,7,0,0,,10.74,10.74,15295,False,fum_rec_td,PFR+RULE2PT
Chris Miller,1988,12,1988-11-20,False,ATL,RAI,A,W,12,6,18,29,165,0,0,77.5,2,0,0,0,0,,6.6,6.6,15295,False,fum_rec_td,PFR+RULE2PT
Chris Miller,1988,13,1988-11-27,False,ATL,TAM,H,W,17,10,14,24,121,1,1,68.2,1,5,7,0,0,,7.54,7.54,15295,False,fum_rec_td,PFR+RULE2PT
Chris Miller,1988,14,1988-12-04,False,ATL,SFO,H,L,3,13,13,27,156,0,1,50.8,3,0,0,0,0,,4.24,4.24,15295,False,fum_rec_td,PFR+RULE2PT
Chris Miller,1988,15,1988-12-11,False,ATL,RAM,A,L,7,22,7,18,57,0,1,24.5,0,0,0,0,0,,0.28,0.28,15295,False,fum_rec_td,PFR+RULE2PT
Chris Miller,1988,16,1988-12-18,False,ATL,NOR,A,L,9,10,14,27,106,0,0,61.7,1,2,10,0,0,,5.24,5.24,15295,False,fum_rec_td,PFR+RULE2PT
Chris Miller,1989,1,1989-09-10,False,ATL,RAM,H,L,21,31,23,37,299,2,0,105.6,5,0,0,0,0,,19.96,19.96,15295,False,fum_rec_td,PFR+RULE2PT
Chris Miller,1989,2,1989-09-17,False,ATL,DAL,H,W,27,21,21,29,255,0,0,99.1,2,2,-1,0,0,,10.1,10.1,15295,False,fum_rec_td,PFR+RULE2PT
Chris Miller,1989,3,1989-09-24,False,ATL,IND,A,L,9,13,10,21,100,0,0,61.6,2,2,5,0,0,,4.5,4.5,15295,False,fum_rec_td,PFR+RULE2PT
Chris Miller,1989,4,1989-10-01,False,ATL,GNB,A,L,21,23,0,0,0,0,0,0,0,0,0,0,0,,0.0,0.0,15295,False,fum_rec_td,PFR+RULE2PT
Chris Miller,1989,5,1989-10-08,False,ATL,RAM,A,L,14,26,28,39,340,1,1,96.1,2,2,2,0,0,,15.8,15.8,15295,False,fum_rec_td,PFR+RULE2PT
Chris Miller,1989,6,1989-10-15,False,ATL,NWE,H,W,16,15,19,34,265,0,1,68.9,4,0,0,0,0,,8.6,8.6,15295,False,fum_rec_td,PFR+RULE2PT
Chris Miller,1989,7,1989-10-22,False,ATL,PHO,A,L,20,34,24,44,249,1,0,78.7,2,0,0,0,0,,13.96,13.96,15295,False,fum_rec_td,PFR+RULE2PT
Chris Miller,1989,8,1989-10-29,False,ATL,NOR,A,L,13,20,15,32,135,1,0,69.1,6,0,0,0,0,,9.4,9.4,15295,False,fum_rec_td,PFR+RULE2PT
Chris Miller,1989,9,1989-11-05,False,ATL,BUF,H,W,30,28,10,23,220,1,0,92.7,2,1,7,0,0,,13.5,13.5,15295,False,fum_rec_td,PFR+RULE2PT
Chris Miller,1989,10,1989-11-12,False,ATL,SFO,A,L,3,45,17,32,149,0,0,65.8,2,0,0,0,0,,8.96,8.96,15295,False,fum_rec_td,PFR+RULE2PT
Chris Miller,1989,11,1989-11-19,False,ATL,NOR,H,L,17,26,18,38,232,2,1,73.6,4,1,0,0,0,,15.28,15.28,15295,False,fum_rec_td,PFR+RULE2PT
Chris Miller,1989,12,1989-11-26,False,ATL,NYJ,A,L,7,27,13,41,158,1,1,42.5,2,0,0,0,0,,8.32,8.32,15295,False,fum_rec_td,PFR+RULE2PT
Chris Miller,1989,13,1989-12-03,False,ATL,SFO,H,L,10,23,17,32,231,1,2,60.8,2,1,0,0,0,,9.24,9.24,15295,False,fum_rec_td,PFR+RULE2PT
Chris Miller,1989,14,1989-12-10,False,ATL,MIN,A,L,17,43,11,23,182,2,1,85.8,3,1,7,0,0,,13.98,13.98,15295,False,fum_rec_td,PFR+RULE2PT
Chris Miller,1989,15,1989-12-17,False,ATL,WAS,H,L,30,31,17,35,310,2,2,74.7,2,0,0,0,0,,16.4,16.4,15295,False,fum_rec_td,PFR+RULE2PT
Chris Miller,1989,16,1989-12-24,False,ATL,DET,H,L,24,31,37,66,334,2,1,73.7,1,0,0,0,0,,19.36,19.36,15295,False,fum_rec_td,PFR+RULE2PT
Dan Pastorini,1980,1,1980-09-07,False,OAK,KAN,A,W,27,14,19,37,317,2,0,98.6,,0,0,0,0,,20.68,20.68,17179,False,sacked;fum_rec_td,PFR+RULE2PT
Dan Pastorini,1980,2,1980-09-14,False,OAK,SDG,A,L,24,30,15,33,238,1,3,42.2,,4,24,0,0,,9.92,9.92,17179,False,sacked;fum_rec_td,PFR+RULE2PT
Dan Pastorini,1980,3,1980-09-21,False,OAK,WAS,H,W,24,21,17,33,176,2,3,49.6,,0,0,0,0,,9.04,9.04,17179,False,sacked;fum_rec_td,PFR+RULE2PT
Dan Pastorini,1980,4,1980-09-28,False,OAK,BUF,A,L,7,24,10,20,158,0,2,37.1,,0,0,0,0,,2.32,2.32,17179,False,sacked;fum_rec_td,PFR+RULE2PT
Dan Pastorini,1980,5,1980-10-05,False,OAK,KAN,H,L,17,31,5,7,43,0,0,87.2,,0,0,0,0,,1.72,1.72,17179,False,sacked;fum_rec_td,PFR+RULE2PT
Dan Pastorini,1981,9,1981-11-01,False,RAM,DET,H,W,20,13,0,1,0,0,0,39.6,,2,-5,0,0,,-0.5,-0.5,17179,False,sacked;fum_rec_td,PFR+RULE2PT
Dan Pastorini,1981,10,1981-11-08,False,RAM,NOR,H,L,13,21,15,33,223,1,4,38.6,,0,0,0,0,,4.92,4.92,17179,False,sacked;fum_rec_td,PFR+RULE2PT
Dan Pastorini,1981,11,1981-11-15,False,RAM,CIN,A,L,10,24,8,24,78,0,3,3.8,,0,0,0,0,,-2.88,-2.88,17179,False,sacked;fum_rec_td,PFR+RULE2PT
Dan Pastorini,1981,12,1981-11-22,False,RAM,SFO,H,L,31,33,8,18,79,1,1,52.8,,2,13,0,0,,6.46,6.46,17179,False,sacked;fum_rec_td,PFR+RULE2PT
Dan Pastorini,1981,13,1981-11-29,False,RAM,PIT,A,L,0,24,14,33,126,0,3,15.5,,0,0,0,0,,-0.96,-0.96,17179,False,sacked;fum_rec_td,PFR+RULE2PT
Dan Pastorini,1981,15,1981-12-14,False,RAM,ATL,H,W,21,16,11,22,111,0,2,26.9,,3,-3,0,0,,0.14,0.14,17179,False,sacked;fum_rec_td,PFR+RULE2PT
Dan Pastorini,1981,16,1981-12-20,False,RAM,WAS,H,L,7,30,8,21,102,0,1,34.2,,0,0,0,0,,2.08,2.08,17179,False,sacked;fum_rec_td,PFR+RULE2PT
Dan Pastorini,1983,7,1983-10-16,False,PHI,DAL,A,L,7,37,0,3,0,0,0,39.6,0,0,0,0,0,,0.0,0.0,17179,False,fum_rec_td,PFR+RULE2PT
Dan Pastorini,1983,12,1983-11-20,False,PHI,NYG,H,L,0,23,0,2,0,0,0,39.6,0,1,0,0,0,,0.0,0.0,17179,False,fum_rec_td,PFR+RULE2PT
Dan Pastorini,1983,14,1983-12-04,False,PHI,RAM,H,W,13,9,0,0,0,0,0,0,0,0,0,0,0,,0.0,0.0,17179,False,fum_rec_td,PFR+RULE2PT
Steve Beuerlein,1988,1,1988-09-04,False,RAI,SDG,H,W,24,13,13,29,171,0,0,64.0,1,3,2,0,0,,9.14,10.14,1684,False,fum_rec_td,PFR+RULE2PT
Steve Beuerlein,1988,2,1988-09-11,False,RAI,HOU,A,L,35,38,10,24,129,3,1,81.4,4,3,0,0,0,,15.16,15.16,1684,False,fum_rec_td,PFR+RULE2PT
Steve Beuerlein,1988,3,1988-09-18,False,RAI,RAM,H,L,17,22,19,38,375,2,1,91.4,9,4,11,0,0,,22.1,22.1,1684,False,fum_rec_td,PFR+RULE2PT
Steve Beuerlein,1988,7,1988-10-16,False,RAI,KAN,A,W,27,17,4,7,70,1,0,131.0,0,3,-10,0,0,,5.8,5.8,1684,False,fum_rec_td,PFR+RULE2PT
Steve Beuerlein,1988,8,1988-10-23,False,RAI,NOR,A,L,6,20,5,11,85,0,1,34.3,1,0,0,0,0,,1.4,1.4,1684,False,fum_rec_td,PFR+RULE2PT
Steve Beuerlein,1988,9,1988-10-30,False,RAI,KAN,H,W,17,10,18,29,248,0,1,75.1,1,4,6,0,0,,8.52,8.52,1684,False,fum_rec_td,PFR+RULE2PT
Steve Beuerlein,1988,10,1988-11-06,False,RAI,SDG,A,W,13,3,13,28,182,1,1,64.9,3,2,7,0,0,,9.98,9.98,1684,False,fum_rec_td,PFR+RULE2PT
Steve Beuerlein,1988,11,1988-11-13,False,RAI,SFO,A,W,9,3,8,22,112,0,0,53.6,2,10,14,0,0,,5.88,5.88,1684,False,fum_rec_td,PFR+RULE2PT
Steve Beuerlein,1988,12,1988-11-20,False,RAI,ATL,H,L,6,12,11,31,182,0,1,42.7,3,1,5,0,0,,5.78,5.78,1684,False,fum_rec_td,PFR+RULE2PT
Steve Beuerlein,1988,13,1988-11-28,False,RAI,SEA,A,L,27,35,4,19,89,1,1,42.2,2,0,0,0,0,,5.56,5.56,1684,False,fum_rec_td,PFR+RULE2PT
Steve Beuerlein,1989,1,1989-09-10,False,RAI,SDG,H,W,40,14,15,22,206,2,0,128.2,3,1,-1,0,0,,16.14,16.14,1684,False,fum_rec_td,PFR+RULE2PT
Steve Beuerlein,1989,6,1989-10-15,False,RAI,KAN,H,W,20,14,1,5,15,0,1,0.0,0,1,-1,0,0,,-1.5,-1.5,1684,False,fum_rec_td,PFR+RULE2PT
Steve Beuerlein,1989,7,1989-10-22,False,RAI,PHI,A,L,7,10,5,8,75,1,1,93.2,1,2,6,0,0,,5.6,5.6,1684,False,fum_rec_td,PFR+RULE2PT
Steve Beuerlein,1989,8,1989-10-29,False,RAI,WAS,H,W,37,24,11,22,154,2,1,84.3,0,1,6,0,0,,12.76,12.76,1684,False,fum_rec_td,PFR+RULE2PT
Steve Beuerlein,1989,11,1989-11-19,False,RAI,HOU,A,L,7,23,10,25,149,1,3,34.0,2,2,1,0,0,,4.06,4.06,1684,False,fum_rec_td,PFR+RULE2PT
Steve Beuerlein,1989,12,1989-11-26,False,RAI,NWE,H,W,24,21,15,25,169,2,0,106.9,4,2,6,0,0,,15.36,15.36,1684,False,fum_rec_td,PFR+RULE2PT
Steve Beuerlein,1989,13,1989-12-03,False,RAI,DEN,H,W,16,13,9,23,200,1,0,85.4,2,2,5,0,0,,12.5,12.5,1684,False,fum_rec_td,PFR+RULE2PT
Steve Beuerlein,1989,14,1989-12-10,False,RAI,PHO,H,W,16,14,13,30,255,0,0,73.6,4,0,0,0,0,,10.2,10.2,1684,False,fum_rec_td,PFR+RULE2PT
Steve Beuerlein,1989,15,1989-12-17,False,RAI,SEA,A,L,17,23,13,23,188,2,1,94.1,2,1,7,0,0,,14.22,14.22,1684,False,fum_rec_td,PFR+RULE2PT
Steve Beuerlein,1989,16,1989-12-24,False,RAI,NYG,A,L,17,34,16,34,266,2,2,69.0,4,4,10,0,0,,15.64,15.64,1684,False,fum_rec_td,PFR+RULE2PT
Jim McMahon,1982,2,1982-09-19,False,CHI,NOR,H,L,0,10,12,22,131,0,1,53.4,4,1,4,0,0,,3.64,3.64,14936,False,fum_rec_td,PFR+RULE2PT
Jim McMahon,1982,3,1982-11-21,False,CHI,DET,H,W,20,17,16,27,233,2,3,72.5,3,3,14,0,0,,12.72,12.72,14936,False,fum_rec_td,PFR+RULE2PT
Jim McMahon,1982,4,1982-11-28,False,CHI,MIN,A,L,7,35,12,20,139,1,1,76.9,7,3,17,0,0,,9.26,9.26,14936,False,fum_rec_td,PFR+RULE2PT
Jim McMahon,1982,5,1982-12-05,False,CHI,NWE,H,W,26,13,15,21,192,2,1,111.6,3,2,7,1,0,,20.38,20.38,14936,False,fum_rec_td,PFR+RULE2PT
Jim McMahon,1982,6,1982-12-12,False,CHI,SEA,A,L,14,20,19,29,199,0,1,70.9,3,3,16,0,0,,7.56,7.56,14936,False,fum_rec_td,PFR+RULE2PT
Jim McMahon,1982,7,1982-12-19,False,CHI,STL,H,L,7,10,16,33,160,1,0,72.8,1,5,24,0,0,,12.8,12.8,14936,False,fum_rec_td,PFR+RULE2PT
Jim McMahon,1982,8,1982-12-26,False,CHI,RAM,A,W,34,26,18,28,280,2,0,121.1,2,7,23,0,0,,21.5,21.5,14936,False,fum_rec_td,PFR+RULE2PT
Jim McMahon,1982,9,1983-01-02,False,CHI,TAM,A,L,23,26,12,30,167,1,0,69.7,4,0,0,0,0,,10.68,10.68,14936,False,fum_rec_td,PFR+RULE2PT
Jim McMahon,1983,1,1983-09-04,False,CHI,ATL,H,L,17,20,20,29,254,1,1,93.2,4,2,3,0,0,,12.46,12.46,14936,False,fum_rec_td,PFR+RULE2PT
Jim McMahon,1983,2,1983-09-11,False,CHI,TAM,H,W,17,10,16,24,286,1,2,86.5,4,2,15,0,0,,12.94,12.94,14936,False,fum_rec_td,PFR+RULE2PT
Jim McMahon,1983,3,1983-09-18,False,CHI,NOR,A,L,31,34,11,17,172,1,1,93.3,5,1,9,0,0,,9.78,9.78,14936,False,fum_rec_td,PFR+RULE2PT
Jim McMahon,1983,4,1983-09-25,False,CHI,BAL,A,L,19,22,8,20,89,0,0,54.0,3,2,21,0,0,,5.66,5.66,14936,False,fum_rec_td,PFR+RULE2PT
Jim McMahon,1983,5,1983-10-02,False,CHI,DEN,H,W,31,14,15,23,174,1,3,62.9,0,2,28,0,0,,7.76,7.76,14936,False,fum_rec_td,PFR+RULE2PT
Jim McMahon,1983,6,1983-10-09,False,CHI,MIN,H,L,14,23,4,11,35,0,2,6.1,2,2,6,0,0,,-2.0,-2.0,14936,False,fum_rec_td,PFR+RULE2PT
Jim McMahon,1983,9,1983-10-30,False,CHI,DET,H,L,17,38,11,16,126,1,0,113.0,0,3,22,0,0,,11.24,11.24,14936,False,fum_rec_td,PFR+RULE2PT
Jim McMahon,1983,10,1983-11-06,False,CHI,RAM,A,L,14,21,19,29,178,0,1,67.9,4,5,29,1,0,,21.82,22.82,14936,False,fum_rec_td,PFR+RULE2PT
Jim McMahon,1983,11,1983-11-13,False,CHI,PHI,H,W,17,14,10,16,140,2,0,130.2,4,5,43,0,0,,17.9,17.9,14936,False,fum_rec_td,PFR+RULE2PT
Jim McMahon,1983,12,1983-11-20,False,CHI,TAM,A,W,27,0,8,12,79,0,0,85.1,1,7,22,0,0,,5.36,5.36,14936,False,fum_rec_td,PFR+RULE2PT
Jim McMahon,1983,13,1983-11-27,False,CHI,SFO,H,W,13,3,11,19,159,1,0,102.7,4,9,74,0,0,,17.76,17.76,14936,False,fum_rec_td,PFR+RULE2PT
Jim McMahon,1983,14,1983-12-04,False,CHI,GNB,A,L,28,31,20,38,298,1,1,76.4,4,4,14,0,0,,15.32,15.32,14936,False,fum_rec_td,PFR+RULE2PT
Jim McMahon,1983,15,1983-12-11,False,CHI,MIN,A,W,19,13,8,16,32,1,0,77.1,2,3,4,0,0,,5.68,5.68,14936,False,fum_rec_td,PFR+RULE2PT
Jim McMahon,1983,16,1983-12-18,False,CHI,GNB,H,W,23,21,14,25,162,2,2,69.1,5,8,17,1,0,,18.18,18.18,14936,False,fum_rec_td,PFR+RULE2PT
Jim McMahon,1984,1,1984-09-02,False,CHI,TAM,H,W,34,14,16,22,138,1,1,85.0,1,3,21,1,0,,15.62,15.62,14936,False,fum_rec_td,PFR+RULE2PT
Jim McMahon,1984,2,1984-09-09,False,CHI,DEN,H,W,27,0,5,8,93,1,0,142.2,0,2,8,0,0,,8.52,8.52,14936,False,fum_rec_td,PFR+RULE2PT
Jim McMahon,1984,3,1984-09-16,False,CHI,GNB,A,W,9,7,4,7,39,0,0,72.9,0,4,44,0,0,,5.96,5.96,14936,False,fum_rec_td,PFR+RULE2PT
Jim McMahon,1984,5,1984-09-30,False,CHI,DAL,H,L,14,23,6,14,79,0,0,61.3,2,5,45,1,0,,13.66,13.66,14936,False,fum_rec_td,PFR+RULE2PT
Jim McMahon,1984,6,1984-10-07,False,CHI,NOR,H,W,20,7,10,14,128,1,0,123.5,4,4,25,0,0,,11.62,11.62,14936,False,fum_rec_td,PFR+RULE2PT
Jim McMahon,1984,7,1984-10-14,False,CHI,STL,A,L,21,38,13,23,202,1,0,100.3,1,6,60,0,0,,18.08,18.08,14936,False,fum_rec_td,PFR+RULE2PT
Jim McMahon,1984,8,1984-10-21,False,CHI,TAM,A,W,44,9,12,18,219,3,0,147.9,1,6,24,0,0,,27.36,28.36,14936,False,fum_rec_td,PFR+RULE2PT
Jim McMahon,1984,9,1984-10-28,False,CHI,MIN,H,W,16,7,16,26,180,1,0,95.0,1,6,39,0,0,,15.1,15.1,14936,False,fum_rec_td,PFR+RULE2PT
Jim McMahon,1984,10,1984-11-04,False,CHI,RAI,H,W,17,6,3,11,68,0,1,15.0,0,3,10,0,0,,1.72,1.72,14936,False,fum_rec_td,PFR+RULE2PT
Jim McMahon,1985,1,1985-09-08,False,CHI,TAM,H,W,38,28,23,34,274,2,1,99.4,3,4,18,2,0,,30.76,30.76,14936,False,fum_rec_td,PFR+RULE2PT
Jim McMahon,1985,2,1985-09-15,False,CHI,NWE,H,W,20,7,13,21,232,1,1,95.7,1,3,8,0,0,,12.08,12.08,14936,False,fum_rec_td,PFR+RULE2PT
Jim McMahon,1985,3,1985-09-19,False,CHI,MIN,A,W,33,24,8,15,236,3,0,138.2,0,4,18,0,0,,23.24,23.24,14936,False,fum_rec_td,PFR+RULE2PT
Jim McMahon,1985,4,1985-09-29,False,CHI,WAS,H,W,45,10,13,19,160,3,1,111.8,2,3,36,0,0,,27.3,28.3,14936,False,fum_rec_td,PFR+RULE2PT
Jim McMahon,1985,5,1985-10-06,False,CHI,TAM,A,W,27,19,22,34,292,1,2,77.1,1,8,46,0,0,,16.28,16.28,14936,False,fum_rec_td,PFR+RULE2PT
Jim McMahon,1985,6,1985-10-13,False,CHI,SFO,A,W,26,10,18,31,186,0,1,62.0,1,4,24,0,0,,7.84,7.84,14936,False,fum_rec_td,PFR+RULE2PT
Jim McMahon,1985,7,1985-10-21,False,CHI,GNB,H,W,23,7,12,26,144,0,0,63.6,2,4,27,0,0,,8.46,8.46,14936,False,fum_rec_td,PFR+RULE2PT
Jim McMahon,1985,8,1985-10-27,False,CHI,MIN,H,W,27,9,18,31,181,2,1,82.9,0,1,8,0,0,,14.04,14.04,14936,False,fum_rec_td,PFR+RULE2PT
Jim McMahon,1985,9,1985-11-03,False,CHI,GNB,A,W,16,10,9,20,91,1,0,75.2,3,4,-10,0,0,,6.64,6.64,14936,False,fum_rec_td,PFR+RULE2PT
Jim McMahon,1985,13,1985-12-02,False,CHI,MIA,A,L,24,38,3,6,42,0,1,33.3,2,1,8,0,0,,0.48,0.48,14936,False,fum_rec_td,PFR+RULE2PT
Jim McMahon,1985,14,1985-12-08,False,CHI,IND,H,W,17,10,11,23,145,0,0,68.2,3,5,36,0,0,,9.4,9.4,14936,False,fum_rec_td,PFR+RULE2PT
Jim McMahon,1985,15,1985-12-14,False,CHI,NYJ,A,W,19,6,15,31,215,1,1,68.6,5,3,18,0,0,,12.4,12.4,14936,False,fum_rec_td,PFR+RULE2PT
Jim McMahon,1985,16,1985-12-22,False,CHI,DET,A,W,37,17,13,22,194,1,2,65.3,3,3,15,1,0,,15.26,15.26,14936,False,fum_rec_td,PFR+RULE2PT
Jim McMahon,1985,17,1986-01-05,True,CHI,NYG,H,W,21,0,11,21,216,2,0,120.3,0,5,18,0,0,,18.44,18.44,14936,False,fum_rec_td,PFR+RULE2PT
Jim McMahon,1985,18,1986-01-12,True,CHI,RAM,H,W,24,0,16,25,164,1,0,96.1,3,4,28,1,0,,19.36,19.36,14936,False,fum_rec_td,PFR+RULE2PT
Jim McMahon,1985,19,1986-01-26,True,CHI,NWE,N,W,46,10,12,20,256,0,0,104.2,1,5,14,2,0,,23.64,23.64,14936,False,fum_rec_td,PFR+RULE2PT
Jim McMahon,1986,1,1986-09-07,False,CHI,CLE,H,W,41,31,10,20,135,1,0,88.5,1,4,34,0,0,,12.8,12.8,14936,False,fum_rec_td,PFR+RULE2PT
Jim McMahon,1986,4,1986-09-28,False,CHI,CIN,A,W,44,7,13,22,211,3,1,111.9,1,1,1,1,0,,24.54,24.54,14936,False,fum_rec_td,PFR+RULE2PT
Jim McMahon,1986,5,1986-10-05,False,CHI,MIN,H,W,23,0,12,19,204,1,1,95.1,0,5,25,0,0,,12.66,12.66,14936,False,fum_rec_td,PFR+RULE2PT
Jim McMahon,1986,6,1986-10-12,False,CHI,HOU,A,W,20,7,13,33,209,0,1,48.7,1,2,2,0,0,,6.56,6.56,14936,False,fum_rec_td,PFR+RULE2PT
Jim McMahon,1986,8,1986-10-26,False,CHI,DET,H,W,13,7,17,24,141,0,2,50.9,3,4,26,0,0,,4.24,4.24,14936,False,fum_rec_td,PFR+RULE2PT
Jim McMahon,1986,12,1986-11-23,False,CHI,GNB,H,W,12,10,12,32,95,0,3,6.8,0,6,64,0,0,,4.2,4.2,14936,False,fum_rec_td,PFR+RULE2PT
Jim McMahon,1987,6,1987-10-25,False,CHI,TAM,A,W,27,26,17,24,195,1,1,91.5,3,2,9,1,0,,16.7,16.7,14936,False,fum_rec_td,PFR+RULE2PT
Jim McMahon,1987,7,1987-11-01,False,CHI,KAN,H,W,31,28,23,34,287,3,1,110.8,5,5,6,0,0,,22.08,22.08,14936,False,fum_rec_td,PFR+RULE2PT
Jim McMahon,1987,8,1987-11-08,False,CHI,GNB,A,W,26,24,21,42,259,1,2,57.5,2,1,13,0,0,,11.66,11.66,14936,False,fum_rec_td,PFR+RULE2PT
Jim McMahon,1987,9,1987-11-16,False,CHI,DEN,A,L,29,31,21,34,311,3,1,108.8,3,2,3,1,0,,28.74,28.74,14936,False,fum_rec_td,PFR+RULE2PT
Jim McMahon,1987,10,1987-11-22,False,CHI,DET,H,W,30,10,16,27,206,1,1,80.2,7,1,1,0,0,,10.34,10.34,14936,False,fum_rec_td,PFR+RULE2PT
Jim McMahon,1987,11,1987-11-29,False,CHI,GNB,H,W,23,10,16,27,195,1,1,78.5,1,6,24,0,0,,12.2,12.2,14936,False,fum_rec_td,PFR+RULE2PT
Jim McMahon,1987,12,1987-12-06,False,CHI,MIN,A,W,30,24,11,22,186,2,1,90.3,1,5,32,0,0,,16.64,16.64,14936,False,fum_rec_td,PFR+RULE2PT
Jim McMahon,1987,16,1988-01-10,True,CHI,WAS,H,L,17,21,15,29,197,1,3,45.4,5,2,5,0,0,,6.38,6.38,14936,False,fum_rec_td,PFR+RULE2PT
Jim McMahon,1988,1,1988-09-04,False,CHI,MIA,H,W,34,7,14,23,172,0,0,84.0,1,3,10,2,0,,19.88,19.88,14936,False,fum_rec_td,PFR+RULE2PT
Jim McMahon,1988,2,1988-09-11,False,CHI,IND,A,W,17,13,19,31,186,1,1,75.5,2,1,2,0,0,,9.64,9.64,14936,False,fum_rec_td,PFR+RULE2PT
Jim McMahon,1988,3,1988-09-18,False,CHI,MIN,H,L,7,31,9,15,116,1,1,78.7,1,1,0,0,0,,6.64,6.64,14936,False,fum_rec_td,PFR+RULE2PT
Jim McMahon,1988,4,1988-09-25,False,CHI,GNB,A,W,24,6,10,18,114,0,2,35.2,1,5,18,0,0,,2.36,2.36,14936,False,fum_rec_td,PFR+RULE2PT
Jim McMahon,1988,5,1988-10-02,False,CHI,BUF,H,W,24,3,20,27,260,2,1,113.2,0,3,24,0,0,,18.8,18.8,14936,False,fum_rec_td,PFR+RULE2PT
Jim McMahon,1988,6,1988-10-09,False,CHI,DET,A,W,24,7,8,11,78,1,0,122.5,2,0,0,0,0,,7.12,7.12,14936,False,fum_rec_td,PFR+RULE2PT
Jim McMahon,1988,7,1988-10-16,False,CHI,DAL,H,W,17,7,22,39,284,1,0,88.0,3,4,22,0,0,,17.56,17.56,14936,False,fum_rec_td,PFR+RULE2PT
Jim McMahon,1988,8,1988-10-24,False,CHI,SFO,H,W,10,9,10,22,132,0,1,46.0,3,8,27,1,0,,11.98,11.98,14936,False,fum_rec_td,PFR+RULE2PT
Jim McMahon,1988,9,1988-10-30,False,CHI,NWE,A,L,7,30,2,6,4,0,1,2.8,0,1,1,1,0,,4.26,4.26,14936,False,fum_rec_td,PFR+RULE2PT
Jim McMahon,1988,17,1988-12-31,True,CHI,PHI,H,W,20,12,2,3,13,0,0,75.7,1,2,-2,0,0,,0.32,0.32,14936,False,fum_rec_td,PFR+RULE2PT
Jim McMahon,1988,18,1989-01-08,True,CHI,SFO,H,L,3,28,14,29,121,0,1,45.3,0,1,9,0,0,,3.74,3.74,14936,False,fum_rec_td,PFR+RULE2PT
Jim McMahon,1989,1,1989-09-10,False,SDG,RAI,A,L,14,40,7,18,91,0,0,55.6,1,5,22,0,0,,5.84,5.84,14936,False,fum_rec_td,PFR+RULE2PT
Jim McMahon,1989,2,1989-09-17,False,SDG,HOU,H,L,27,34,27,45,389,2,3,75.1,3,1,10,0,0,,18.56,18.56,14936,False,fum_rec_td,PFR+RULE2PT
Jim McMahon,1989,3,1989-09-24,False,SDG,KAN,H,W,21,6,11,18,96,1,0,93.7,0,3,3,0,0,,8.14,8.14,14936,False,fum_rec_td,PFR+RULE2PT
Jim McMahon,1989,4,1989-10-01,False,SDG,PHO,A,W,24,13,15,23,188,1,0,105.0,4,4,22,0,0,,13.72,13.72,14936,False,fum_rec_td,PFR+RULE2PT
Jim McMahon,1989,5,1989-10-08,False,SDG,DEN,A,L,10,16,10,19,116,0,1,49.5,3,2,6,0,0,,3.24,3.24,14936,False,fum_rec_td,PFR+RULE2PT
Jim McMahon,1989,6,1989-10-15,False,SDG,SEA,H,L,16,17,25,39,286,1,2,73.2,4,2,16,0,0,,13.04,13.04,14936,False,fum_rec_td,PFR+RULE2PT
Jim McMahon,1989,7,1989-10-22,False,SDG,NYG,H,L,13,20,12,27,133,0,1,44.2,1,2,18,0,0,,5.12,5.12,14936,False,fum_rec_td,PFR+RULE2PT
Jim McMahon,1989,8,1989-10-29,False,SDG,SEA,A,L,7,10,9,12,82,1,0,120.8,0,0,0,0,0,,7.68,8.68,14936,False,fum_rec_td,PFR+RULE2PT
Jim McMahon,1989,9,1989-11-05,False,SDG,PHI,H,W,20,17,14,29,264,2,1,88.9,2,2,6,0,0,,17.16,17.16,14936,False,fum_rec_td,PFR+RULE2PT
Jim McMahon,1989,10,1989-11-12,False,SDG,RAI,H,W,14,12,9,20,88,0,1,37.1,3,5,21,0,0,,3.62,3.62,14936,False,fum_rec_td,PFR+RULE2PT
Jim McMahon,1989,11,1989-11-19,False,SDG,PIT,A,L,17,20,19,36,226,2,1,79.2,2,1,0,0,0,,15.04,15.04,14936,False,fum_rec_td,PFR+RULE2PT
Jim McMahon,1989,12,1989-11-26,False,SDG,IND,A,L,6,10,18,32,173,0,0,71.5,5,2,17,0,0,,8.62,8.62,14936,False,fum_rec_td,PFR+RULE2PT
Wade Wilson,1981,2,1981-09-14,False,MIN,OAK,H,L,10,36,6,10,48,0,0,72.1,,0,0,0,0,,1.92,1.92,24436,False,sacked;fum_rec_td,PFR+RULE2PT
Wade Wilson,1981,3,1981-09-20,False,MIN,DET,H,W,26,24,0,1,0,0,0,39.6,,0,0,0,0,,0.0,0.0,24436,False,sacked;fum_rec_td,PFR+RULE2PT
Wade Wilson,1981,15,1981-12-12,False,MIN,DET,A,L,7,45,0,2,0,0,2,0.0,,0,0,0,0,,-4.0,-4.0,24436,False,sacked;fum_rec_td,PFR+RULE2PT
Wade Wilson,1983,16,1983-12-17,False,MIN,CIN,H,W,20,14,16,28,124,1,2,50.3,3,3,-3,0,0,,4.66,4.66,24436,False,fum_rec_td,PFR+RULE2PT
Wade Wilson,1984,9,1984-10-28,False,MIN,CHI,A,L,7,16,6,12,89,1,1,67.7,0,0,0,0,0,,5.56,5.56,24436,False,fum_rec_td,PFR+RULE2PT
Wade Wilson,1984,10,1984-11-04,False,MIN,TAM,H,W,27,24,24,36,236,1,2,71.1,2,3,6,0,0,,10.04,10.04,24436,False,fum_rec_td,PFR+RULE2PT
Wade Wilson,1984,11,1984-11-11,False,MIN,GNB,A,L,17,45,19,37,183,2,1,72.2,3,2,12,0,0,,14.52,14.52,24436,False,fum_rec_td,PFR+RULE2PT
Wade Wilson,1984,12,1984-11-18,False,MIN,DEN,A,L,21,42,11,20,120,1,1,68.7,3,0,0,0,0,,6.8,6.8,24436,False,fum_rec_td,PFR+RULE2PT
Wade Wilson,1984,13,1984-11-25,False,MIN,CHI,H,L,3,34,12,31,90,0,2,20.0,3,0,0,0,0,,-0.4,-0.4,24436,False,fum_rec_td,PFR+RULE2PT
Wade Wilson,1984,14,1984-11-29,False,MIN,WAS,H,L,17,31,8,17,63,0,2,17.2,3,2,6,0,0,,-0.88,-0.88,24436,False,fum_rec_td,PFR+RULE2PT
Wade Wilson,1984,15,1984-12-08,False,MIN,SFO,A,L,7,51,18,32,212,0,1,63.5,4,2,6,0,0,,7.08,7.08,24436,False,fum_rec_td,PFR+RULE2PT
Wade Wilson,1984,16,1984-12-16,False,MIN,GNB,H,L,14,38,4,10,26,0,1,8.3,2,0,0,0,0,,-0.96,-0.96,24436,False,fum_rec_td,PFR+RULE2PT
Wade Wilson,1985,8,1985-10-27,False,MIN,CHI,A,L,9,27,5,13,60,0,2,13.8,1,0,0,0,0,,-1.6,-1.6,24436,False,fum_rec_td,PFR+RULE2PT
Wade Wilson,1985,9,1985-11-03,False,MIN,DET,H,W,16,13,2,2,24,0,0,116.7,0,0,0,0,0,,0.96,0.96,24436,False,fum_rec_td,PFR+RULE2PT
Wade Wilson,1985,11,1985-11-17,False,MIN,DET,A,L,21,41,13,18,133,0,1,69.9,2,0,0,0,0,,3.32,3.32,24436,False,fum_rec_td,PFR+RULE2PT
Wade Wilson,1985,13,1985-12-01,False,MIN,PHI,A,W,28,23,13,27,187,3,0,108.1,1,0,0,0,0,,19.48,19.48,24436,False,fum_rec_td,PFR+RULE2PT
Wade Wilson,1986,3,1986-09-21,False,MIN,PIT,H,W,31,7,1,1,5,0,0,87.5,0,2,-4,0,0,,-0.2,-0.2,24436,False,fum_rec_td,PFR+RULE2PT
Wade Wilson,1986,4,1986-09-28,False,MIN,GNB,H,W,42,7,3,5,65,0,1,64.6,1,5,-4,0,0,,0.2,0.2,24436,False,fum_rec_td,PFR+RULE2PT
Wade Wilson,1986,7,1986-10-19,False,MIN,CHI,H,W,23,7,0,0,0,0,0,0,0,1,-2,0,0,,-0.2,-0.2,24436,False,fum_rec_td,PFR+RULE2PT
Wade Wilson,1986,8,1986-10-26,False,MIN,CLE,H,L,20,23,0,0,0,0,0,0,0,0,0,0,0,,0.0,0.0,24436,False,fum_rec_td,PFR+RULE2PT
Wade Wilson,1986,11,1986-11-16,False,MIN,NYG,H,L,20,22,4,6,68,1,0,144.4,0,1,5,0,0,,7.22,7.22,24436,False,fum_rec_td,PFR+RULE2PT
Wade Wilson,1986,12,1986-11-23,False,MIN,CIN,A,L,20,24,15,32,181,0,1,51.7,0,4,14,1,0,,12.64,12.64,24436,False,fum_rec_td,PFR+RULE2PT
Wade Wilson,1986,13,1986-11-30,False,MIN,TAM,H,W,45,13,22,33,339,3,0,130.7,0,0,0,0,0,,25.56,25.56,24436,False,fum_rec_td,PFR+RULE2PT
Wade Wilson,1986,15,1986-12-14,False,MIN,HOU,A,L,10,23,11,27,146,0,3,19.0,0,0,0,0,0,,-0.16,-0.16,24436,False,fum_rec_td,PFR+RULE2PT
Wade Wilson,1986,16,1986-12-21,False,MIN,NOR,H,W,33,17,24,39,361,3,0,117.6,0,0,0,0,0,,26.44,26.44,24436,False,fum_rec_td,PFR+RULE2PT
Wade Wilson,1987,1,1987-09-13,False,MIN,DET,H,W,34,19,12,22,248,3,3,94.5,1,4,0,0,0,,15.92,15.92,24436,False,fum_rec_td,PFR+RULE2PT
Wade Wilson,1987,2,1987-09-20,False,MIN,RAM,A,W,21,16,17,38,285,3,0,96.9,4,2,2,0,0,,23.6,23.6,24436,False,fum_rec_td,PFR+RULE2PT
Wade Wilson,1987,6,1987-10-26,False,MIN,DEN,H,W,34,27,13,23,197,1,5,59.8,1,4,22,1,0,,10.08,10.08,24436,False,fum_rec_td,PFR+RULE2PT
Wade Wilson,1987,7,1987-11-01,False,MIN,SEA,A,L,17,28,23,39,271,0,1,69.5,4,4,24,1,0,,17.24,17.24,24436,False,fum_rec_td,PFR+RULE2PT
Wade Wilson,1987,8,1987-11-08,False,MIN,RAI,H,W,31,20,2,2,69,2,0,158.3,3,1,1,1,0,,16.86,16.86,24436,False,fum_rec_td,PFR+RULE2PT
Wade Wilson,1987,9,1987-11-15,False,MIN,TAM,H,W,23,17,8,19,97,0,0,58.4,2,3,33,0,0,,7.18,7.18,24436,False,fum_rec_td,PFR+RULE2PT
Wade Wilson,1987,10,1987-11-22,False,MIN,ATL,H,W,24,13,7,18,111,1,0,78.7,0,2,15,0,0,,9.94,9.94,24436,False,fum_rec_td,PFR+RULE2PT
Wade Wilson,1987,11,1987-11-26,False,MIN,DAL,A,W,44,38,9,18,189,0,1,64.4,2,0,0,0,0,,5.56,5.56,24436,False,fum_rec_td,PFR+RULE2PT
Wade Wilson,1987,12,1987-12-06,False,MIN,CHI,H,L,24,30,12,19,211,3,0,140.6,2,2,17,0,0,,22.14,22.14,24436,False,fum_rec_td,PFR+RULE2PT
Wade Wilson,1987,13,1987-12-13,False,MIN,GNB,A,L,10,16,7,12,57,0,0,70.5,1,1,19,0,0,,4.18,4.18,24436,False,fum_rec_td,PFR+RULE2PT
Wade Wilson,1987,14,1987-12-20,False,MIN,DET,A,W,17,14,16,27,165,1,0,89.3,2,8,55,1,0,,22.1,22.1,24436,False,fum_rec_td,PFR+RULE2PT
Wade Wilson,1987,15,1987-12-26,False,MIN,WAS,H,L,24,27,14,27,206,0,3,37.5,4,10,75,1,0,,15.74,15.74,24436,False,fum_rec_td,PFR+RULE2PT
Wade Wilson,1987,16,1988-01-03,True,MIN,NOR,A,W,44,10,11,20,189,2,0,120.6,4,2,5,0,0,,16.06,16.06,24436,False,fum_rec_td,PFR+RULE2PT
Wade Wilson,1987,17,1988-01-09,True,MIN,SFO,A,W,36,24,20,34,298,2,1,95.0,2,6,30,0,0,,20.92,20.92,24436,False,fum_rec_td,PFR+RULE2PT
Wade Wilson,1987,18,1988-01-17,True,MIN,WAS,A,L,10,17,19,39,243,1,1,66.5,8,4,28,0,0,,14.52,14.52,24436,False,fum_rec_td,PFR+RULE2PT
Wade Wilson,1988,1,1988-09-04,False,MIN,BUF,A,L,10,13,19,33,204,0,1,63.2,6,4,24,0,0,,8.56,8.56,24436,False,fum_rec_td,PFR+RULE2PT
Wade Wilson,1988,2,1988-09-11,False,MIN,NWE,H,W,36,6,5,5,73,0,0,118.7,0,1,2,0,0,,3.12,3.12,24436,False,fum_rec_td,PFR+RULE2PT
Wade Wilson,1988,3,1988-09-18,False,MIN,CHI,A,W,31,7,0,2,0,0,0,39.6,0,0,0,0,0,,0.0,0.0,24436,False,fum_rec_td,PFR+RULE2PT
Wade Wilson,1988,4,1988-09-25,False,MIN,PHI,H,W,23,21,2,3,22,0,0,88.2,0,1,3,1,0,,7.18,7.18,24436,False,fum_rec_td,PFR+RULE2PT
Wade Wilson,1988,7,1988-10-16,False,MIN,GNB,H,L,14,34,17,26,248,1,1,93.1,3,0,0,0,0,,11.92,11.92,24436,False,fum_rec_td,PFR+RULE2PT
Wade Wilson,1988,8,1988-10-23,False,MIN,TAM,A,W,49,20,22,30,335,3,0,143.1,4,5,23,0,0,,27.7,27.7,24436,False,fum_rec_td,PFR+RULE2PT
Wade Wilson,1988,9,1988-10-30,False,MIN,SFO,A,L,21,24,18,30,243,1,2,69.2,2,5,10,1,0,,16.72,16.72,24436,False,fum_rec_td,PFR+RULE2PT
Wade Wilson,1988,10,1988-11-06,False,MIN,DET,H,W,44,17,28,35,391,2,1,120.4,4,2,16,0,0,,23.24,23.24,24436,False,fum_rec_td,PFR+RULE2PT
Wade Wilson,1988,11,1988-11-13,False,MIN,DAL,A,W,43,3,12,27,240,3,1,97.8,4,6,20,0,0,,21.6,21.6,24436,False,fum_rec_td,PFR+RULE2PT
Wade Wilson,1988,12,1988-11-20,False,MIN,IND,H,W,12,3,17,29,192,0,0,78.5,0,2,-3,0,0,,7.38,7.38,24436,False,fum_rec_td,PFR+RULE2PT
Wade Wilson,1988,13,1988-11-24,False,MIN,DET,A,W,23,0,16,21,186,0,0,102.5,2,3,18,0,0,,9.24,9.24,24436,False,fum_rec_td,PFR+RULE2PT
Wade Wilson,1988,14,1988-12-04,False,MIN,NOR,H,W,45,3,13,22,215,3,1,112.7,1,0,0,0,0,,18.6,18.6,24436,False,fum_rec_td,PFR+RULE2PT
Wade Wilson,1988,15,1988-12-11,False,MIN,GNB,A,L,6,18,20,41,233,0,1,56.3,3,4,10,0,0,,8.32,8.32,24436,False,fum_rec_td,PFR+RULE2PT
Wade Wilson,1988,16,1988-12-19,False,MIN,CHI,H,W,28,27,15,28,164,2,1,80.1,4,3,13,0,0,,13.86,13.86,24436,False,fum_rec_td,PFR+RULE2PT
Wade Wilson,1988,17,1988-12-26,True,MIN,RAM,H,W,28,17,17,28,253,1,0,102.2,5,5,1,0,0,,14.22,14.22,24436,False,fum_rec_td,PFR+RULE2PT
Wade Wilson,1988,18,1989-01-01,True,MIN,SFO,A,L,9,34,23,47,255,1,2,54.8,6,3,2,0,0,,10.4,10.4,24436,False,fum_rec_td,PFR+RULE2PT
Wade Wilson,1989,1,1989-09-10,False,MIN,HOU,H,W,38,7,16,25,218,2,0,118.4,2,4,10,0,0,,17.72,17.72,24436,False,fum_rec_td,PFR+RULE2PT
Wade Wilson,1989,2,1989-09-17,False,MIN,CHI,A,L,7,38,24,42,253,1,4,43.2,0,2,3,0,0,,6.42,6.42,24436,False,fum_rec_td,PFR+RULE2PT
Wade Wilson,1989,3,1989-09-24,False,MIN,PIT,A,L,14,27,12,22,118,0,1,50.9,3,3,11,1,0,,9.82,9.82,24436,False,fum_rec_td,PFR+RULE2PT
Wade Wilson,1989,4,1989-10-01,False,MIN,TAM,H,W,17,3,3,3,40,0,0,118.7,1,0,0,0,0,,1.6,1.6,24436,False,fum_rec_td,PFR+RULE2PT
Wade Wilson,1989,7,1989-10-22,False,MIN,DET,A,W,20,7,2,4,17,0,0,61.5,0,1,-1,0,0,,0.58,0.58,24436,False,fum_rec_td,PFR+RULE2PT
Wade Wilson,1989,8,1989-10-30,False,MIN,NYG,A,L,14,24,8,16,59,0,0,59.1,3,0,0,0,0,,2.36,2.36,24436,False,fum_rec_td,PFR+RULE2PT
Wade Wilson,1989,9,1989-11-05,False,MIN,RAM,H,W,23,21,20,39,281,0,1,64.2,1,2,7,0,0,,9.94,9.94,24436,False,fum_rec_td,PFR+RULE2PT
Wade Wilson,1989,10,1989-11-12,False,MIN,TAM,A,W,24,10,13,21,146,1,0,98.5,1,8,55,0,0,,15.34,15.34,24436,False,fum_rec_td,PFR+RULE2PT
Wade Wilson,1989,11,1989-11-19,False,MIN,PHI,A,L,9,10,14,34,157,0,2,31.1,2,1,-1,0,0,,2.18,2.18,24436,False,fum_rec_td,PFR+RULE2PT
Wade Wilson,1989,12,1989-11-26,False,MIN,GNB,A,L,19,20,23,38,309,0,2,64.5,2,3,0,0,0,,8.36,8.36,24436,False,fum_rec_td,PFR+RULE2PT
Wade Wilson,1989,13,1989-12-03,False,MIN,CHI,H,W,27,16,15,26,260,2,1,101.4,2,4,34,0,0,,19.8,19.8,24436,False,fum_rec_td,PFR+RULE2PT
Wade Wilson,1989,14,1989-12-10,False,MIN,ATL,H,W,43,17,14,25,241,1,1,85.6,4,1,6,0,0,,12.24,12.24,24436,False,fum_rec_td,PFR+RULE2PT
Wade Wilson,1989,15,1989-12-17,False,MIN,CLE,A,L,17,23,11,32,141,0,0,49.1,2,1,3,0,0,,5.94,5.94,24436,False,fum_rec_td,PFR+RULE2PT
Wade Wilson,1989,16,1989-12-25,False,MIN,CIN,H,W,29,21,19,35,303,2,0,102.4,4,2,5,0,0,,20.62,20.62,24436,False,fum_rec_td,PFR+RULE2PT
Wade Wilson,1989,17,1990-01-06,True,MIN,SFO,A,L,13,41,9,17,84,0,2,27.2,2,3,29,0,0,,2.26,2.26,24436,False,fum_rec_td,PFR+RULE2PT
Stan Humphries,1989,8,1989-10-29,False,WAS,RAI,A,L,24,37,5,10,91,1,1,75.4,2,1,9,0,0,,6.54,6.54,10470,False,fum_rec_td,PFR+RULE2PT
Stan Humphries,1989,16,1989-12-23,False,WAS,SEA,A,W,29,0,0,0,0,0,0,0,0,4,1,0,0,,0.1,0.1,10470,False,fum_rec_td,PFR+RULE2PT
Bert Jones,1980,1,1980-09-07,False,BAL,NYJ,A,W,17,14,24,42,257,0,1,65.3,,3,33,1,0,,17.58,17.58,11502,False,sacked;fum_rec_td,PFR+RULE2PT
Bert Jones,1980,2,1980-09-14,False,BAL,PIT,H,L,17,20,19,34,250,1,1,76.8,,2,26,0,0,,14.6,14.6,11502,False,sacked;fum_rec_td,PFR+RULE2PT
Bert Jones,1980,3,1980-09-21,False,BAL,HOU,A,L,16,21,11,29,137,1,0,64.9,,0,0,0,0,,9.48,9.48,11502,False,sacked;fum_rec_td,PFR+RULE2PT
Bert Jones,1980,4,1980-09-28,False,BAL,NYJ,H,W,35,21,18,25,275,3,2,114.2,,3,9,0,0,,19.9,19.9,11502,False,sacked;fum_rec_td,PFR+RULE2PT
Bert Jones,1980,5,1980-10-05,False,BAL,MIA,A,W,30,17,18,26,282,3,0,143.4,,1,9,1,0,,30.18,30.18,11502,False,sacked;fum_rec_td,PFR+RULE2PT
Bert Jones,1980,6,1980-10-12,False,BAL,BUF,A,W,17,12,10,21,206,1,1,78.7,,4,9,0,0,,11.14,11.14,11502,False,sacked;fum_rec_td,PFR+RULE2PT
Bert Jones,1980,7,1980-10-19,False,BAL,NWE,H,L,21,37,15,21,180,2,2,89.5,,2,21,0,0,,13.3,13.3,11502,False,sacked;fum_rec_td,PFR+RULE2PT
Bert Jones,1980,8,1980-10-26,False,BAL,STL,H,L,10,17,19,43,250,1,2,51.5,,3,21,0,0,,12.1,12.1,11502,False,sacked;fum_rec_td,PFR+RULE2PT
Bert Jones,1980,9,1980-11-02,False,BAL,KAN,A,W,31,24,17,29,211,2,2,75.5,,1,16,0,0,,14.04,14.04,11502,False,sacked;fum_rec_td,PFR+RULE2PT
Bert Jones,1980,10,1980-11-09,False,BAL,CLE,H,L,27,28,27,39,289,3,1,105.6,,1,6,0,0,,22.16,22.16,11502,False,sacked;fum_rec_td,PFR+RULE2PT
Bert Jones,1980,11,1980-11-16,False,BAL,DET,A,W,10,9,9,17,150,0,3,43.4,,4,14,0,0,,1.4,1.4,11502,False,sacked;fum_rec_td,PFR+RULE2PT
Bert Jones,1980,12,1980-11-23,False,BAL,NWE,A,L,21,47,2,6,24,0,2,6.9,,0,0,0,0,,-3.04,-3.04,11502,False,sacked;fum_rec_td,PFR+RULE2PT
Bert Jones,1980,14,1980-12-07,False,BAL,CIN,A,L,33,34,21,40,249,2,1,78.0,,2,4,0,0,,16.36,16.36,11502,False,sacked;fum_rec_td,PFR+RULE2PT
Bert Jones,1980,15,1980-12-14,False,BAL,MIA,H,L,14,24,16,35,149,1,2,43.6,,1,7,0,0,,6.66,6.66,11502,False,sacked;fum_rec_td,PFR+RULE2PT
Bert Jones,1980,16,1980-12-21,False,BAL,KAN,H,L,28,38,22,39,225,3,1,88.1,,0,0,0,0,,19.0,19.0,11502,False,sacked;fum_rec_td,PFR+RULE2PT
Bert Jones,1981,1,1981-09-06,False,BAL,NWE,A,W,29,28,12,20,113,0,0,75.6,,2,3,0,0,,4.82,4.82,11502,False,sacked;fum_rec_td,PFR+RULE2PT
Bert Jones,1981,2,1981-09-13,False,BAL,BUF,H,L,3,35,5,11,30,0,1,14.6,,0,0,0,0,,-0.8,-0.8,11502,False,sacked;fum_rec_td,PFR+RULE2PT
Bert Jones,1981,3,1981-09-20,False,BAL,DEN,A,L,10,28,7,19,65,0,1,25.1,,1,1,0,0,,0.7,0.7,11502,False,sacked;fum_rec_td,PFR+RULE2PT
Bert Jones,1981,4,1981-09-27,False,BAL,MIA,H,L,28,31,20,27,357,3,1,137.5,,1,16,0,0,,25.88,25.88,11502,False,sacked;fum_rec_td,PFR+RULE2PT
Bert Jones,1981,5,1981-10-04,False,BAL,BUF,A,L,17,23,22,36,275,2,1,91.8,,2,-2,0,0,,16.8,16.8,11502,False,sacked;fum_rec_td,PFR+RULE2PT
Bert Jones,1981,6,1981-10-11,False,BAL,CIN,H,L,19,41,22,30,310,1,2,89.6,,1,3,0,0,,12.7,12.7,11502,False,sacked;fum_rec_td,PFR+RULE2PT
Bert Jones,1981,7,1981-10-18,False,BAL,SDG,H,L,14,43,20,37,255,2,2,71.3,,2,9,0,0,,15.1,15.1,11502,False,sacked;fum_rec_td,PFR+RULE2PT
Bert Jones,1981,8,1981-10-25,False,BAL,CLE,A,L,28,42,17,37,249,3,2,72.9,,1,17,0,0,,19.66,19.66,11502,False,sacked;fum_rec_td,PFR+RULE2PT
Bert Jones,1981,9,1981-11-01,False,BAL,MIA,A,L,10,27,23,37,248,1,2,68.3,,0,0,0,0,,9.92,9.92,11502,False,sacked;fum_rec_td,PFR+RULE2PT
Bert Jones,1981,10,1981-11-08,False,BAL,NYJ,H,L,14,41,24,33,243,1,1,90.8,,1,3,0,0,,12.02,12.02,11502,False,sacked;fum_rec_td,PFR+RULE2PT
Bert Jones,1981,11,1981-11-15,False,BAL,PHI,A,L,13,38,8,17,93,1,1,59.2,,0,0,0,0,,5.72,5.72,11502,False,sacked;fum_rec_td,PFR+RULE2PT
Bert Jones,1981,12,1981-11-22,False,BAL,STL,H,L,24,35,23,45,230,2,2,62.3,,2,12,0,0,,14.4,14.4,11502,False,sacked;fum_rec_td,PFR+RULE2PT
Bert Jones,1981,13,1981-11-29,False,BAL,NYJ,A,L,0,25,10,24,142,0,1,44.1,,2,7,0,0,,4.38,4.38,11502,False,sacked;fum_rec_td,PFR+RULE2PT
Bert Jones,1981,15,1981-12-13,False,BAL,WAS,A,L,14,38,14,25,217,2,2,78.2,,2,5,0,0,,13.18,13.18,11502,False,sacked;fum_rec_td,PFR+RULE2PT
Bert Jones,1981,16,1981-12-20,False,BAL,NWE,H,W,23,21,17,28,267,3,1,113.2,,3,11,0,0,,21.78,21.78,11502,False,sacked;fum_rec_td,PFR+RULE2PT
Bert Jones,1982,1,1982-09-12,False,RAM,GNB,A,L,23,35,17,31,202,1,2,58.8,4,2,16,0,0,,9.68,9.68,11502,False,fum_rec_td,PFR+RULE2PT
Bert Jones,1982,2,1982-09-19,False,RAM,DET,H,L,14,19,8,16,99,0,1,43.5,1,3,13,0,0,,3.26,3.26,11502,False,fum_rec_td,PFR+RULE2PT
Bert Jones,1982,3,1982-11-21,False,RAM,ATL,A,L,17,34,17,28,159,1,0,88.2,1,3,14,0,0,,11.76,11.76,11502,False,fum_rec_td,PFR+RULE2PT
Bert Jones,1982,4,1982-11-28,False,RAM,KAN,H,W,20,14,6,12,67,0,1,32.3,2,3,30,0,0,,3.68,3.68,11502,False,fum_rec_td,PFR+RULE2PT
Doug Williams,1980,1,1980-09-07,False,TAM,CIN,A,W,17,12,11,21,155,2,0,108.2,,7,36,0,0,,17.8,17.8,24057,False,sacked;fum_rec_td,PFR+RULE2PT
Doug Williams,1980,2,1980-09-11,False,TAM,RAM,H,W,10,9,10,23,97,0,1,37.8,,4,26,1,0,,10.48,10.48,24057,False,sacked;fum_rec_td,PFR+RULE2PT
Doug Williams,1980,3,1980-09-21,False,TAM,DAL,A,L,17,28,17,30,258,1,2,68.5,,7,77,1,0,,24.02,24.02,24057,False,sacked;fum_rec_td,PFR+RULE2PT
Doug Williams,1980,4,1980-09-28,False,TAM,CLE,H,L,27,34,30,56,343,3,2,75.2,,2,15,0,0,,23.22,23.22,24057,False,sacked;fum_rec_td,PFR+RULE2PT
Doug Williams,1980,5,1980-10-06,False,TAM,CHI,A,L,0,23,9,28,89,0,0,42.1,,3,10,0,0,,4.56,4.56,24057,False,sacked;fum_rec_td,PFR+RULE2PT
Doug Williams,1980,6,1980-10-12,False,TAM,GNB,H,T,14,14,6,24,103,0,0,45.0,,5,48,1,0,,14.92,14.92,24057,False,sacked;fum_rec_td,PFR+RULE2PT
Doug Williams,1980,7,1980-10-19,False,TAM,HOU,A,L,14,20,16,28,142,1,2,53.0,,2,13,0,0,,6.98,6.98,24057,False,sacked;fum_rec_td,PFR+RULE2PT
Doug Williams,1980,8,1980-10-26,False,TAM,SFO,A,W,24,23,10,18,89,0,1,45.8,,9,37,1,0,,11.26,11.26,24057,False,sacked;fum_rec_td,PFR+RULE2PT
Doug Williams,1980,9,1980-11-02,False,TAM,NYG,H,W,30,13,13,25,163,1,0,85.9,,4,15,0,0,,12.02,12.02,24057,False,sacked;fum_rec_td,PFR+RULE2PT
Doug Williams,1980,10,1980-11-09,False,TAM,PIT,H,L,21,24,21,45,302,3,1,81.9,,1,1,0,0,,22.18,22.18,24057,False,sacked;fum_rec_td,PFR+RULE2PT
Doug Williams,1980,11,1980-11-16,False,TAM,MIN,A,L,30,38,30,55,486,4,2,93.4,,2,13,0,0,,32.74,32.74,24057,False,sacked;fum_rec_td,PFR+RULE2PT
Doug Williams,1980,12,1980-11-23,False,TAM,DET,H,L,10,24,18,34,171,1,1,64.7,,1,12,0,0,,10.04,10.04,24057,False,sacked;fum_rec_td,PFR+RULE2PT
Doug Williams,1980,13,1980-11-30,False,TAM,GNB,A,W,20,17,16,32,235,1,0,84.8,,5,20,0,0,,15.4,15.4,24057,False,sacked;fum_rec_td,PFR+RULE2PT
Doug Williams,1980,14,1980-12-07,False,TAM,MIN,H,L,10,21,18,36,227,1,0,79.3,,1,17,0,0,,14.78,14.78,24057,False,sacked;fum_rec_td,PFR+RULE2PT
Doug Williams,1980,15,1980-12-14,False,TAM,DET,A,L,14,27,13,37,186,1,2,38.8,,3,31,0,0,,10.54,10.54,24057,False,sacked;fum_rec_td,PFR+RULE2PT
Doug Williams,1980,16,1980-12-20,False,TAM,CHI,H,L,13,14,16,29,350,1,2,81.1,,2,-1,0,0,,13.9,13.9,24057,False,sacked;fum_rec_td,PFR+RULE2PT
Doug Williams,1981,1,1981-09-05,False,TAM,MIN,H,W,21,13,8,22,108,1,0,68.0,,3,26,1,0,,16.92,16.92,24057,False,sacked;fum_rec_td,PFR+RULE2PT
Doug Williams,1981,2,1981-09-13,False,TAM,KAN,A,L,10,19,20,43,294,0,0,69.3,,2,3,0,0,,12.06,12.06,24057,False,sacked;fum_rec_td,PFR+RULE2PT
Doug Williams,1981,3,1981-09-20,False,TAM,CHI,A,L,17,28,17,40,324,1,2,58.7,,3,18,0,0,,14.76,14.76,24057,False,sacked;fum_rec_td,PFR+RULE2PT
Doug Williams,1981,4,1981-09-27,False,TAM,STL,H,W,20,10,17,30,162,0,0,71.8,,5,19,0,0,,8.38,8.38,24057,False,sacked;fum_rec_td,PFR+RULE2PT
Doug Williams,1981,5,1981-10-04,False,TAM,DET,H,W,28,10,13,29,168,4,1,88.8,,1,2,0,0,,20.92,20.92,24057,False,sacked;fum_rec_td,PFR+RULE2PT
Doug Williams,1981,6,1981-10-11,False,TAM,GNB,A,W,21,10,15,23,199,1,1,88.9,,5,14,1,0,,17.36,17.36,24057,False,sacked;fum_rec_td,PFR+RULE2PT
Doug Williams,1981,7,1981-10-18,False,TAM,OAK,A,L,16,18,16,30,335,2,0,115.3,,1,2,0,0,,21.6,21.6,24057,False,sacked;fum_rec_td,PFR+RULE2PT
Doug Williams,1981,8,1981-10-25,False,TAM,PHI,A,L,10,20,19,45,243,0,3,32.0,,4,16,1,0,,11.32,11.32,24057,False,sacked;fum_rec_td,PFR+RULE2PT
Doug Williams,1981,9,1981-11-01,False,TAM,CHI,H,W,20,10,9,21,192,2,1,87.8,,3,28,0,0,,16.48,16.48,24057,False,sacked;fum_rec_td,PFR+RULE2PT
Doug Williams,1981,10,1981-11-08,False,TAM,MIN,A,L,10,25,13,27,154,1,0,78.3,,3,20,0,0,,12.16,12.16,24057,False,sacked;fum_rec_td,PFR+RULE2PT
Doug Williams,1981,11,1981-11-15,False,TAM,DEN,H,L,7,24,14,31,189,0,2,38.2,,1,3,0,0,,3.86,3.86,24057,False,sacked;fum_rec_td,PFR+RULE2PT
Doug Williams,1981,12,1981-11-22,False,TAM,GNB,H,W,37,3,12,23,148,1,1,68.7,,3,13,0,0,,9.22,9.22,24057,False,sacked;fum_rec_td,PFR+RULE2PT
Doug Williams,1981,13,1981-11-29,False,TAM,NOR,A,W,31,14,16,24,218,2,1,105.9,,5,19,1,0,,22.62,22.62,24057,False,sacked;fum_rec_td,PFR+RULE2PT
Doug Williams,1981,14,1981-12-06,False,TAM,ATL,H,W,24,23,19,29,336,2,0,127.9,,2,1,0,0,,21.54,21.54,24057,False,sacked;fum_rec_td,PFR+RULE2PT
Doug Williams,1981,15,1981-12-13,False,TAM,SDG,H,L,23,24,22,35,321,1,2,78.4,,1,17,0,0,,14.54,14.54,24057,False,sacked;fum_rec_td,PFR+RULE2PT
Doug Williams,1981,16,1981-12-20,False,TAM,DET,A,W,20,17,8,19,172,1,0,92.4,,6,8,0,0,,11.68,11.68,24057,False,sacked;fum_rec_td,PFR+RULE2PT
Doug Williams,1981,17,1982-01-02,True,TAM,DAL,A,L,0,38,10,29,187,0,4,18.1,,3,9,0,0,,0.38,0.38,24057,False,sacked;fum_rec_td,PFR+RULE2PT
Doug Williams,1982,1,1982-09-12,False,TAM,MIN,A,L,10,17,21,38,290,1,3,55.8,0,1,12,0,0,,10.8,10.8,24057,False,fum_rec_td,PFR+RULE2PT
Doug Williams,1982,2,1982-09-19,False,TAM,WAS,H,L,13,21,14,27,199,1,0,88.3,2,9,49,0,0,,16.86,16.86,24057,False,fum_rec_td,PFR+RULE2PT
Doug Williams,1982,3,1982-11-21,False,TAM,DAL,A,L,9,14,23,42,258,0,0,73.3,1,3,6,0,0,,10.92,10.92,24057,False,fum_rec_td,PFR+RULE2PT
Doug Williams,1982,4,1982-11-29,False,TAM,MIA,H,W,23,17,7,19,81,0,0,50.5,2,1,3,1,0,,9.54,9.54,24057,False,fum_rec_td,PFR+RULE2PT
Doug Williams,1982,5,1982-12-05,False,TAM,NOR,A,W,13,10,15,24,192,1,0,101.4,1,2,12,0,0,,12.88,12.88,24057,False,fum_rec_td,PFR+RULE2PT
Doug Williams,1982,6,1982-12-12,False,TAM,NYJ,A,L,17,32,18,38,204,1,2,50.8,0,3,19,0,0,,10.06,10.06,24057,False,fum_rec_td,PFR+RULE2PT
Doug Williams,1982,7,1982-12-19,False,TAM,BUF,H,W,24,23,20,36,204,2,3,55.8,0,7,24,0,0,,12.56,12.56,24057,False,fum_rec_td,PFR+RULE2PT
Doug Williams,1982,8,1982-12-26,False,TAM,DET,H,W,23,21,21,34,276,1,1,84.9,2,4,3,1,0,,19.34,19.34,24057,False,fum_rec_td,PFR+RULE2PT
Doug Williams,1982,9,1983-01-02,False,TAM,CHI,H,W,26,23,25,49,367,2,2,72.4,3,5,30,0,0,,21.68,21.68,24057,False,fum_rec_td,PFR+RULE2PT
Doug Williams,1982,10,1983-01-09,True,TAM,DAL,A,L,17,30,8,28,113,1,3,16.2,0,0,0,0,0,,2.52,2.52,24057,False,fum_rec_td,PFR+RULE2PT
Doug Williams,1986,12,1986-11-23,False,WAS,DAL,H,W,41,14,0,1,0,0,0,39.6,0,0,0,0,0,,0.0,0.0,24057,False,fum_rec_td,PFR+RULE2PT
Doug Williams,1987,1,1987-09-13,False,WAS,PHI,H,W,34,24,17,27,272,2,0,121.2,1,0,0,0,0,,18.88,18.88,24057,False,fum_rec_td,PFR+RULE2PT
Doug Williams,1987,2,1987-09-20,False,WAS,ATL,A,L,20,21,18,30,198,3,2,85.1,1,1,3,0,0,,16.22,16.22,24057,False,fum_rec_td,PFR+RULE2PT
Doug Williams,1987,9,1987-11-15,False,WAS,DET,H,W,20,13,11,18,161,2,0,127.3,1,4,4,0,0,,14.84,14.84,24057,False,fum_rec_td,PFR+RULE2PT
Doug Williams,1987,10,1987-11-23,False,WAS,RAM,H,L,26,30,24,46,308,2,1,78.9,4,1,1,1,0,,24.42,24.42,24057,False,fum_rec_td,PFR+RULE2PT
Doug Williams,1987,15,1987-12-26,False,WAS,MIN,A,W,27,24,11,22,217,2,2,77.3,0,1,1,0,0,,12.78,12.78,24057,False,fum_rec_td,PFR+RULE2PT
Doug Williams,1987,16,1988-01-10,True,WAS,CHI,A,W,21,17,14,29,207,1,1,69.2,1,2,-1,0,0,,10.18,10.18,24057,False,fum_rec_td,PFR+RULE2PT
Doug Williams,1987,17,1988-01-17,True,WAS,MIN,H,W,17,10,9,26,119,2,0,75.6,0,4,7,0,0,,13.46,13.46,24057,False,fum_rec_td,PFR+RULE2PT
Doug Williams,1987,18,1988-01-31,True,WAS,DEN,N,W,42,10,18,29,340,4,1,127.9,1,2,-2,0,0,,27.4,27.4,24057,False,fum_rec_td,PFR+RULE2PT
Doug Williams,1988,1,1988-09-05,False,WAS,NYG,A,L,20,27,24,50,288,2,0,79.4,3,0,0,0,0,,19.52,19.52,24057,False,fum_rec_td,PFR+RULE2PT
Doug Williams,1988,2,1988-09-11,False,WAS,PIT,H,W,30,29,30,52,430,2,1,89.4,1,1,0,0,0,,23.2,23.2,24057,False,fum_rec_td,PFR+RULE2PT
Doug Williams,1988,3,1988-09-18,False,WAS,PHI,H,W,17,10,12,23,142,0,2,35.1,1,2,-1,0,0,,1.58,1.58,24057,False,fum_rec_td,PFR+RULE2PT
Doug Williams,1988,8,1988-10-23,False,WAS,GNB,A,W,20,17,25,42,225,2,1,80.0,0,2,-2,0,0,,14.8,14.8,24057,False,fum_rec_td,PFR+RULE2PT
Doug Williams,1988,9,1988-10-30,False,WAS,HOU,A,L,17,41,15,31,188,0,1,54.2,3,1,0,0,0,,5.52,5.52,24057,False,fum_rec_td,PFR+RULE2PT
Doug Williams,1988,10,1988-11-06,False,WAS,NOR,H,W,27,24,20,28,299,2,1,115.0,0,3,3,1,0,,24.26,24.26,24057,False,fum_rec_td,PFR+RULE2PT
Doug Williams,1988,11,1988-11-13,False,WAS,CHI,H,L,14,34,6,19,69,0,1,21.6,1,0,0,0,0,,0.76,0.76,24057,False,fum_rec_td,PFR+RULE2PT
Doug Williams,1988,12,1988-11-21,False,WAS,SFO,A,L,21,37,27,41,271,3,2,88.6,0,0,0,0,0,,18.84,18.84,24057,False,fum_rec_td,PFR+RULE2PT
Doug Williams,1988,14,1988-12-04,False,WAS,PHI,A,W,20,19,20,32,206,1,0,91.4,0,0,0,0,0,,12.24,12.24,24057,False,fum_rec_td,PFR+RULE2PT
Doug Williams,1988,15,1988-12-11,False,WAS,DAL,H,L,17,24,17,40,274,1,2,53.5,0,0,0,0,0,,10.96,10.96,24057,False,fum_rec_td,PFR+RULE2PT
Doug Williams,1988,16,1988-12-17,False,WAS,CIN,A,L,17,20,17,22,217,2,1,118.9,1,0,0,0,0,,14.68,14.68,24057,False,fum_rec_td,PFR+RULE2PT
Doug Williams,1989,9,1989-11-05,False,WAS,DAL,H,L,3,13,28,52,296,0,2,54.6,0,0,0,0,0,,7.84,7.84,24057,False,fum_rec_td,PFR+RULE2PT
Doug Williams,1989,10,1989-11-12,False,WAS,PHI,A,W,10,3,14,24,161,0,0,78.6,1,1,-4,0,0,,6.04,6.04,24057,False,fum_rec_td,PFR+RULE2PT
Doug Williams,1989,13,1989-12-03,False,WAS,PHO,A,W,29,10,2,5,22,0,1,14.2,0,0,0,0,0,,-1.12,-1.12,24057,False,fum_rec_td,PFR+RULE2PT
Doug Williams,1989,15,1989-12-17,False,WAS,ATL,A,W,31,30,7,12,106,1,0,115.3,1,0,0,0,0,,8.24,8.24,24057,False,fum_rec_td,PFR+RULE2PT
Jeff Hostetler,1986,1,1986-09-08,False,NYG,DAL,A,L,28,31,0,0,0,0,0,0,0,0,0,0,0,,0.0,0.0,10244,False,fum_rec_td,PFR+RULE2PT
Jeff Hostetler,1986,2,1986-09-14,False,NYG,SDG,H,W,20,7,0,0,0,0,0,0,0,0,0,0,0,,0.0,0.0,10244,False,fum_rec_td,PFR+RULE2PT
Jeff Hostetler,1986,3,1986-09-21,False,NYG,RAI,A,W,14,9,0,0,0,0,0,0,0,1,1,0,0,,0.1,0.1,10244,False,fum_rec_td,PFR+RULE2PT
Jeff Hostetler,1986,4,1986-09-28,False,NYG,NOR,H,W,20,17,0,0,0,0,0,0,0,0,0,0,0,,0.0,0.0,10244,False,fum_rec_td,PFR+RULE2PT
Jeff Hostetler,1986,5,1986-10-05,False,NYG,STL,A,W,13,6,0,0,0,0,0,0,0,0,0,0,0,,0.0,0.0,10244,False,fum_rec_td,PFR+RULE2PT
Jeff Hostetler,1986,6,1986-10-12,False,NYG,PHI,H,W,35,3,0,0,0,0,0,0,0,0,0,0,0,,0.0,0.0,10244,False,fum_rec_td,PFR+RULE2PT
Jeff Hostetler,1986,7,1986-10-19,False,NYG,SEA,A,L,12,17,0,0,0,0,0,0,0,0,0,0,0,,0.0,0.0,10244,False,fum_rec_td,PFR+RULE2PT
Jeff Hostetler,1986,8,1986-10-27,False,NYG,WAS,H,W,27,20,0,0,0,0,0,0,0,0,0,0,0,,0.0,0.0,10244,False,fum_rec_td,PFR+RULE2PT
Jeff Hostetler,1986,9,1986-11-02,False,NYG,DAL,H,W,17,14,0,0,0,0,0,0,0,0,0,0,0,,0.0,0.0,10244,False,fum_rec_td,PFR+RULE2PT
Jeff Hostetler,1986,10,1986-11-09,False,NYG,PHI,A,W,17,14,0,0,0,0,0,0,0,0,0,0,0,,0.0,0.0,10244,False,fum_rec_td,PFR+RULE2PT
Jeff Hostetler,1986,11,1986-11-16,False,NYG,MIN,A,W,22,20,0,0,0,0,0,0,0,0,0,0,0,,0.0,0.0,10244,False,fum_rec_td,PFR+RULE2PT
Jeff Hostetler,1986,12,1986-11-23,False,NYG,DEN,H,W,19,16,0,0,0,0,0,0,0,0,0,0,0,,0.0,0.0,10244,False,fum_rec_td,PFR+RULE2PT
Jeff Hostetler,1986,13,1986-12-01,False,NYG,SFO,A,W,21,17,0,0,0,0,0,0,0,0,0,0,0,,0.0,0.0,10244,False,fum_rec_td,PFR+RULE2PT
Jeff Hostetler,1988,1,1988-09-05,False,NYG,WAS,H,W,27,20,0,0,0,0,0,0,0,0,0,0,0,,0.0,0.0,10244,False,fum_rec_td,PFR+RULE2PT
Jeff Hostetler,1988,2,1988-09-11,False,NYG,SFO,H,L,17,20,0,0,0,0,0,0,0,1,0,0,0,,0.0,0.0,10244,False,fum_rec_td,PFR+RULE2PT
Jeff Hostetler,1988,3,1988-09-18,False,NYG,DAL,A,W,12,10,0,0,0,0,0,0,0,0,0,0,0,,0.0,0.0,10244,False,fum_rec_td,PFR+RULE2PT
Jeff Hostetler,1988,4,1988-09-25,False,NYG,RAM,H,L,31,45,0,0,0,0,0,0,0,0,0,0,0,,1.0,2.0,10244,False,fum_rec_td,PFR+RULE2PT
Jeff Hostetler,1988,5,1988-10-02,False,NYG,WAS,A,W,24,23,0,0,0,0,0,0,0,0,0,0,0,,0.0,0.0,10244,False,fum_rec_td,PFR+RULE2PT
Jeff Hostetler,1988,6,1988-10-10,False,NYG,PHI,A,L,13,24,4,6,33,0,0,80.6,0,0,0,0,0,,1.32,1.32,10244,False,fum_rec_td,PFR+RULE2PT
Jeff Hostetler,1988,7,1988-10-16,False,NYG,DET,H,W,30,10,0,0,0,0,0,0,0,0,0,0,0,,0.0,0.0,10244,False,fum_rec_td,PFR+RULE2PT
Jeff Hostetler,1988,8,1988-10-23,False,NYG,ATL,A,W,23,16,0,0,0,0,0,0,0,1,0,0,0,,0.0,0.0,10244,False,fum_rec_td,PFR+RULE2PT
Jeff Hostetler,1988,9,1988-10-30,False,NYG,DET,A,W,13,10,0,0,0,0,0,0,0,0,0,0,0,,0.0,0.0,10244,False,fum_rec_td,PFR+RULE2PT
Jeff Hostetler,1988,10,1988-11-06,False,NYG,DAL,H,W,29,21,0,0,0,0,0,0,0,0,0,0,0,,0.0,0.0,10244,False,fum_rec_td,PFR+RULE2PT
Jeff Hostetler,1988,11,1988-11-13,False,NYG,PHO,A,L,17,24,0,0,0,0,0,0,0,0,0,0,0,,0.0,0.0,10244,False,fum_rec_td,PFR+RULE2PT
Jeff Hostetler,1988,12,1988-11-20,False,NYG,PHI,H,L,17,23,7,13,83,0,2,34.0,3,0,0,0,0,,-0.68,-0.68,10244,False,fum_rec_td,PFR+RULE2PT
Jeff Hostetler,1988,13,1988-11-27,False,NYG,NOR,A,W,13,12,5,10,128,1,0,129.2,2,1,-1,0,0,,9.02,9.02,10244,False,fum_rec_td,PFR+RULE2PT
Jeff Hostetler,1988,14,1988-12-04,False,NYG,PHO,H,W,44,7,0,0,0,0,0,0,0,2,-2,0,0,,-0.2,-0.2,10244,False,fum_rec_td,PFR+RULE2PT
Jeff Hostetler,1988,15,1988-12-11,False,NYG,KAN,H,W,28,12,0,0,0,0,0,0,0,0,0,0,0,,0.0,0.0,10244,False,fum_rec_td,PFR+RULE2PT
Jeff Hostetler,1988,16,1988-12-18,False,NYG,NYJ,A,L,21,27,0,0,0,0,0,0,0,0,0,0,0,,0.0,0.0,10244,False,fum_rec_td,PFR+RULE2PT
Jeff Hostetler,1989,1,1989-09-11,False,NYG,WAS,A,W,27,24,0,0,0,0,0,0,0,0,0,0,0,,0.0,0.0,10244,False,fum_rec_td,PFR+RULE2PT
Jeff Hostetler,1989,2,1989-09-17,False,NYG,DET,H,W,24,14,0,0,0,0,0,0,0,0,0,0,0,,0.0,0.0,10244,False,fum_rec_td,PFR+RULE2PT
Jeff Hostetler,1989,3,1989-09-24,False,NYG,PHO,H,W,35,7,1,1,8,0,0,100.0,0,0,0,0,0,,0.32,0.32,10244,False,fum_rec_td,PFR+RULE2PT
Jeff Hostetler,1989,4,1989-10-01,False,NYG,DAL,A,W,30,13,0,0,0,0,0,0,0,1,0,0,0,,0.0,0.0,10244,False,fum_rec_td,PFR+RULE2PT
Jeff Hostetler,1989,5,1989-10-08,False,NYG,PHI,A,L,19,21,1,1,22,1,0,158.3,0,0,0,0,0,,4.88,4.88,10244,False,fum_rec_td,PFR+RULE2PT
Jeff Hostetler,1989,6,1989-10-15,False,NYG,WAS,H,W,20,17,0,0,0,0,0,0,0,0,0,0,0,,0.0,0.0,10244,False,fum_rec_td,PFR+RULE2PT
Jeff Hostetler,1989,7,1989-10-22,False,NYG,SDG,A,W,20,13,0,0,0,0,0,0,0,0,0,0,0,,0.0,0.0,10244,False,fum_rec_td,PFR+RULE2PT
Jeff Hostetler,1989,8,1989-10-30,False,NYG,MIN,H,W,24,14,6,13,87,1,0,94.1,4,4,21,0,0,,9.58,9.58,10244,False,fum_rec_td,PFR+RULE2PT
Jeff Hostetler,1989,9,1989-11-05,False,NYG,PHO,A,W,20,13,12,24,177,1,2,53.6,1,5,47,2,0,,23.78,23.78,10244,False,fum_rec_td,PFR+RULE2PT
Jeff Hostetler,1989,10,1989-11-12,False,NYG,RAM,A,L,10,31,0,0,0,0,0,0,0,0,0,0,0,,0.0,0.0,10244,False,fum_rec_td,PFR+RULE2PT
Jeff Hostetler,1989,11,1989-11-19,False,NYG,SEA,H,W,15,3,0,0,0,0,0,0,0,1,3,0,0,,0.3,0.3,10244,False,fum_rec_td,PFR+RULE2PT
Jeff Hostetler,1989,12,1989-11-27,False,NYG,SFO,A,L,24,34,0,0,0,0,0,0,0,0,0,0,0,,0.0,0.0,10244,False,fum_rec_td,PFR+RULE2PT
Jeff Hostetler,1989,13,1989-12-03,False,NYG,PHI,H,L,17,24,0,0,0,0,0,0,0,0,0,0,0,,0.0,0.0,10244,False,fum_rec_td,PFR+RULE2PT
Jeff Hostetler,1989,14,1989-12-10,False,NYG,DEN,A,W,14,7,0,0,0,0,0,0,0,0,0,0,0,,0.0,0.0,10244,False,fum_rec_td,PFR+RULE2PT
Jeff Hostetler,1989,15,1989-12-16,False,NYG,DAL,H,W,15,0,0,0,0,0,0,0,0,0,0,0,0,,0.0,0.0,10244,False,fum_rec_td,PFR+RULE2PT
Jeff Hostetler,1989,16,1989-12-24,False,NYG,RAI,H,W,34,17,0,0,0,0,0,0,0,0,0,0,0,,0.0,0.0,10244,False,fum_rec_td,PFR+RULE2PT
Jeff Hostetler,1989,17,1990-01-07,True,NYG,RAM,H,L,13,19,0,0,0,0,0,0,0,0,0,0,0,,0.0,0.0,10244,False,fum_rec_td,PFR+RULE2PT
Bill Kenney,1980,14,1980-12-07,False,KAN,DEN,H,W,31,14,12,18,142,2,1,104.4,,4,6,0,0,,12.28,12.28,12130,False,sacked;fum_rec_td,PFR+RULE2PT
Bill Kenney,1980,15,1980-12-14,False,KAN,PIT,A,L,16,21,8,23,84,0,1,28.2,,3,2,0,0,,1.56,1.56,12130,False,sacked;fum_rec_td,PFR+RULE2PT
Bill Kenney,1980,16,1980-12-21,False,KAN,BAL,A,W,38,28,17,28,316,3,0,135.4,,1,0,0,0,,24.64,24.64,12130,False,sacked;fum_rec_td,PFR+RULE2PT
Bill Kenney,1981,1,1981-09-06,False,KAN,PIT,A,W,37,33,14,26,242,2,1,95.4,,2,-8,0,0,,14.88,14.88,12130,False,sacked;fum_rec_td,PFR+RULE2PT
Bill Kenney,1981,2,1981-09-13,False,KAN,TAM,H,W,19,10,12,25,99,0,0,58.6,,5,24,0,0,,6.36,6.36,12130,False,sacked;fum_rec_td,PFR+RULE2PT
Bill Kenney,1981,3,1981-09-20,False,KAN,SDG,H,L,31,42,22,41,303,1,5,46.1,,0,0,0,0,,6.12,6.12,12130,False,sacked;fum_rec_td,PFR+RULE2PT
Bill Kenney,1981,4,1981-09-27,False,KAN,SEA,A,W,20,14,16,25,239,0,0,95.2,,2,3,1,0,,15.86,15.86,12130,False,sacked;fum_rec_td,PFR+RULE2PT
Bill Kenney,1981,5,1981-10-04,False,KAN,NWE,A,L,17,33,9,20,108,0,3,22.5,,2,25,0,0,,0.82,0.82,12130,False,sacked;fum_rec_td,PFR+RULE2PT
Bill Kenney,1981,6,1981-10-11,False,KAN,OAK,H,W,27,0,15,23,287,2,0,137.4,,1,2,0,0,,19.68,19.68,12130,False,sacked;fum_rec_td,PFR+RULE2PT
Bill Kenney,1981,7,1981-10-18,False,KAN,DEN,H,W,28,14,6,12,100,1,2,66.7,,4,-8,0,0,,3.2,3.2,12130,False,sacked;fum_rec_td,PFR+RULE2PT
Bill Kenney,1981,8,1981-10-25,False,KAN,OAK,A,W,28,17,8,25,132,0,3,11.2,,1,0,0,0,,-0.72,-0.72,12130,False,sacked;fum_rec_td,PFR+RULE2PT
Bill Kenney,1981,9,1981-11-01,False,KAN,SDG,A,L,20,22,13,22,190,1,0,102.5,,3,14,0,0,,13.0,13.0,12130,False,sacked;fum_rec_td,PFR+RULE2PT
Bill Kenney,1981,10,1981-11-08,False,KAN,CHI,H,L,13,16,5,14,25,0,0,44.3,,2,24,0,0,,3.4,3.4,12130,False,sacked;fum_rec_td,PFR+RULE2PT
Bill Kenney,1981,11,1981-11-15,False,KAN,HOU,H,W,23,10,6,11,39,0,0,62.3,,1,4,0,0,,1.96,1.96,12130,False,sacked;fum_rec_td,PFR+RULE2PT
Bill Kenney,1981,12,1981-11-22,False,KAN,SEA,H,W,40,13,17,22,181,2,0,131.1,,1,9,0,0,,16.14,16.14,12130,False,sacked;fum_rec_td,PFR+RULE2PT
Bill Kenney,1981,13,1981-11-26,False,KAN,DET,A,L,10,27,4,8,38,0,2,24.0,,0,0,0,0,,-2.48,-2.48,12130,False,sacked;fum_rec_td,PFR+RULE2PT
Bill Kenney,1982,1,1982-09-12,False,KAN,BUF,A,L,9,14,14,30,149,0,1,47.8,3,1,4,0,0,,4.36,4.36,12130,False,fum_rec_td,PFR+RULE2PT
Bill Kenney,1982,2,1982-09-19,False,KAN,SDG,H,W,19,12,22,30,203,0,1,77.5,3,7,11,0,0,,7.22,7.22,12130,False,fum_rec_td,PFR+RULE2PT
Bill Kenney,1982,3,1982-11-21,False,KAN,NOR,A,L,17,27,6,11,114,1,1,83.1,5,0,0,0,0,,6.56,6.56,12130,False,fum_rec_td,PFR+RULE2PT
Bill Kenney,1982,6,1982-12-12,False,KAN,RAI,H,L,16,21,9,15,134,0,0,89.3,3,0,0,0,0,,5.36,5.36,12130,False,fum_rec_td,PFR+RULE2PT
Bill Kenney,1982,7,1982-12-19,False,KAN,DEN,A,W,37,16,12,26,188,2,1,80.3,2,1,0,0,0,,13.52,13.52,12130,False,fum_rec_td,PFR+RULE2PT
Bill Kenney,1982,8,1982-12-26,False,KAN,SFO,H,L,13,26,14,30,181,1,1,63.3,5,3,13,0,0,,10.54,10.54,12130,False,fum_rec_td,PFR+RULE2PT
Bill Kenney,1982,9,1983-01-02,False,KAN,NYJ,H,W,37,13,18,27,223,3,1,113.7,2,1,12,0,0,,20.12,20.12,12130,False,fum_rec_td,PFR+RULE2PT
Bill Kenney,1983,1,1983-09-04,False,KAN,SEA,H,W,17,13,19,32,247,1,0,94.1,2,1,11,0,0,,14.98,14.98,12130,False,fum_rec_td,PFR+RULE2PT
Bill Kenney,1983,2,1983-09-12,False,KAN,SDG,H,L,14,17,23,30,188,1,1,89.3,2,1,6,0,0,,10.12,10.12,12130,False,fum_rec_td,PFR+RULE2PT
Bill Kenney,1983,3,1983-09-18,False,KAN,WAS,A,L,12,27,20,46,330,0,2,50.1,5,1,0,0,0,,9.2,9.2,12130,False,fum_rec_td,PFR+RULE2PT
Bill Kenney,1983,4,1983-09-25,False,KAN,MIA,A,L,6,14,10,22,105,0,4,20.3,3,1,0,0,0,,-3.8,-3.8,12130,False,fum_rec_td,PFR+RULE2PT
Bill Kenney,1983,5,1983-10-02,False,KAN,STL,H,W,38,14,17,32,173,1,1,66.3,2,1,8,0,0,,9.72,9.72,12130,False,fum_rec_td,PFR+RULE2PT
Bill Kenney,1983,6,1983-10-09,False,KAN,RAI,A,L,20,21,25,45,272,1,0,81.0,5,3,3,0,0,,15.18,15.18,12130,False,fum_rec_td,PFR+RULE2PT
Bill Kenney,1983,7,1983-10-16,False,KAN,NYG,H,W,38,17,25,36,342,4,1,125.0,2,1,0,0,0,,27.68,27.68,12130,False,fum_rec_td,PFR+RULE2PT
Bill Kenney,1983,8,1983-10-23,False,KAN,HOU,A,W,13,10,25,43,264,1,0,83.9,4,0,0,0,0,,14.56,14.56,12130,False,fum_rec_td,PFR+RULE2PT
Bill Kenney,1983,9,1983-10-30,False,KAN,DEN,A,L,24,27,27,52,365,1,2,65.0,3,1,9,0,0,,15.5,15.5,12130,False,fum_rec_td,PFR+RULE2PT
Bill Kenney,1983,10,1983-11-06,False,KAN,RAI,H,L,20,28,24,45,292,1,2,62.5,2,1,0,0,0,,11.68,11.68,12130,False,fum_rec_td,PFR+RULE2PT
Bill Kenney,1983,11,1983-11-13,False,KAN,CIN,H,W,20,15,23,34,244,1,0,98.2,3,2,4,1,0,,20.16,20.16,12130,False,fum_rec_td,PFR+RULE2PT
Bill Kenney,1983,12,1983-11-20,False,KAN,DAL,A,L,21,41,23,40,337,2,2,80.9,3,1,2,0,0,,17.68,17.68,12130,False,fum_rec_td,PFR+RULE2PT
Bill Kenney,1983,13,1983-11-27,False,KAN,SEA,A,L,48,51,21,38,311,4,0,117.3,1,3,7,2,0,,41.14,42.14,12130,False,fum_rec_td,PFR+RULE2PT
Bill Kenney,1983,14,1983-12-04,False,KAN,BUF,H,L,9,14,22,43,306,0,2,55.0,3,0,0,0,0,,8.24,8.24,12130,False,fum_rec_td,PFR+RULE2PT
Bill Kenney,1983,15,1983-12-11,False,KAN,SDG,A,L,38,41,31,41,411,4,1,129.2,1,3,4,0,0,,30.84,30.84,12130,False,fum_rec_td,PFR+RULE2PT
Bill Kenney,1983,16,1983-12-18,False,KAN,DEN,H,W,48,17,11,24,161,2,0,96.0,0,3,5,0,0,,14.94,14.94,12130,False,fum_rec_td,PFR+RULE2PT
Bill Kenney,1984,7,1984-10-14,False,KAN,SDG,H,W,31,13,13,22,238,2,2,88.8,0,1,-2,0,0,,13.32,13.32,12130,False,fum_rec_td,PFR+RULE2PT
Bill Kenney,1984,8,1984-10-21,False,KAN,NYJ,A,L,7,28,12,25,124,1,1,59.4,4,0,0,0,0,,6.96,6.96,12130,False,fum_rec_td,PFR+RULE2PT
Bill Kenney,1984,9,1984-10-28,False,KAN,TAM,H,W,24,20,26,46,332,2,2,75.6,2,2,-2,0,0,,17.08,17.08,12130,False,fum_rec_td,PFR+RULE2PT
Bill Kenney,1984,10,1984-11-04,False,KAN,SEA,A,L,0,45,8,18,86,0,2,19.4,1,2,0,0,0,,-0.56,-0.56,12130,False,fum_rec_td,PFR+RULE2PT
Bill Kenney,1984,12,1984-11-18,False,KAN,RAI,A,L,7,17,19,37,194,1,1,64.5,4,0,0,0,0,,9.76,9.76,12130,False,fum_rec_td,PFR+RULE2PT
Bill Kenney,1984,13,1984-11-25,False,KAN,NYG,A,L,27,28,18,36,286,3,1,93.1,1,1,1,0,0,,21.54,21.54,12130,False,fum_rec_td,PFR+RULE2PT
Bill Kenney,1984,14,1984-12-02,False,KAN,DEN,H,W,16,13,20,38,281,1,1,74.6,6,1,-2,0,0,,13.04,13.04,12130,False,fum_rec_td,PFR+RULE2PT
Bill Kenney,1984,15,1984-12-09,False,KAN,SEA,H,W,34,7,18,37,312,2,0,95.8,0,1,-2,0,0,,20.28,20.28,12130,False,fum_rec_td,PFR+RULE2PT
Bill Kenney,1984,16,1984-12-16,False,KAN,SDG,A,W,42,21,17,23,245,3,0,147.6,0,1,-1,0,0,,21.7,21.7,12130,False,fum_rec_td,PFR+RULE2PT
Bill Kenney,1985,1,1985-09-08,False,KAN,NOR,A,W,47,27,22,34,397,3,1,121.8,2,0,0,0,0,,25.88,25.88,12130,False,fum_rec_td,PFR+RULE2PT
Bill Kenney,1985,2,1985-09-12,False,KAN,RAI,H,W,36,20,18,38,259,2,0,87.5,2,1,-1,0,0,,18.26,18.26,12130,False,fum_rec_td,PFR+RULE2PT
Bill Kenney,1985,3,1985-09-22,False,KAN,MIA,A,L,0,31,19,38,205,0,2,44.3,3,1,0,0,0,,4.2,4.2,12130,False,fum_rec_td,PFR+RULE2PT
Bill Kenney,1985,4,1985-09-29,False,KAN,SEA,H,W,28,7,8,19,116,2,1,75.8,3,2,1,1,0,,16.74,16.74,12130,False,fum_rec_td,PFR+RULE2PT
Bill Kenney,1985,5,1985-10-06,False,KAN,RAI,A,L,10,19,14,28,231,1,1,75.1,6,0,0,0,0,,11.24,11.24,12130,False,fum_rec_td,PFR+RULE2PT
Bill Kenney,1985,6,1985-10-13,False,KAN,SDG,A,L,20,31,24,36,304,2,2,88.2,4,3,-2,0,0,,15.96,15.96,12130,False,fum_rec_td,PFR+RULE2PT
Bill Kenney,1985,7,1985-10-20,False,KAN,RAM,H,L,0,16,0,0,0,0,0,0,0,0,0,0,0,,0.0,0.0,12130,False,fum_rec_td,PFR+RULE2PT
Bill Kenney,1985,8,1985-10-27,False,KAN,DEN,H,L,10,30,14,28,195,0,0,72.8,2,0,0,0,0,,7.8,7.8,12130,False,fum_rec_td,PFR+RULE2PT
Bill Kenney,1985,9,1985-11-03,False,KAN,HOU,A,L,20,23,18,33,271,2,1,89.3,3,2,5,0,0,,17.34,17.34,12130,False,fum_rec_td,PFR+RULE2PT
Bill Kenney,1985,10,1985-11-10,False,KAN,PIT,H,L,28,36,22,39,259,3,1,91.7,0,0,0,0,0,,20.36,20.36,12130,False,fum_rec_td,PFR+RULE2PT
Bill Kenney,1985,11,1985-11-17,False,KAN,SFO,A,L,3,31,12,26,74,0,0,53.0,2,3,2,0,0,,3.16,3.16,12130,False,fum_rec_td,PFR+RULE2PT
Bill Kenney,1985,12,1985-11-24,False,KAN,IND,H,W,20,7,0,0,0,0,0,0,0,0,0,0,0,,0.0,0.0,12130,False,fum_rec_td,PFR+RULE2PT
Bill Kenney,1985,13,1985-12-01,False,KAN,SEA,A,L,6,24,0,0,0,0,0,0,0,0,0,0,0,,0.0,0.0,12130,False,fum_rec_td,PFR+RULE2PT
Bill Kenney,1985,14,1985-12-08,False,KAN,ATL,H,W,38,10,0,0,0,0,0,0,0,0,0,0,0,,0.0,0.0,12130,False,fum_rec_td,PFR+RULE2PT
Bill Kenney,1985,15,1985-12-14,False,KAN,DEN,A,L,13,14,1,3,25,0,0,64.6,0,0,0,0,0,,1.0,1.0,12130,False,fum_rec_td,PFR+RULE2PT
Bill Kenney,1985,16,1985-12-22,False,KAN,SDG,H,W,38,34,9,16,200,2,0,140.6,1,2,-4,0,0,,15.6,15.6,12130,False,fum_rec_td,PFR+RULE2PT
Bill Kenney,1986,1,1986-09-07,False,KAN,CIN,H,W,24,14,0,0,0,0,0,0,0,0,0,0,0,,0.0,0.0,12130,False,fum_rec_td,PFR+RULE2PT
Bill Kenney,1986,2,1986-09-14,False,KAN,SEA,A,L,17,23,0,0,0,0,0,0,0,0,0,0,0,,0.0,0.0,12130,False,fum_rec_td,PFR+RULE2PT
Bill Kenney,1986,3,1986-09-21,False,KAN,HOU,H,W,27,13,0,0,0,0,0,0,0,0,0,0,0,,0.0,0.0,12130,False,fum_rec_td,PFR+RULE2PT
Bill Kenney,1986,4,1986-09-28,False,KAN,BUF,A,W,20,17,0,0,0,0,0,0,0,0,0,0,0,,0.0,0.0,12130,False,fum_rec_td,PFR+RULE2PT
Bill Kenney,1986,5,1986-10-05,False,KAN,RAI,H,L,17,24,3,8,37,0,0,52.6,2,0,0,0,0,,1.48,1.48,12130,False,fum_rec_td,PFR+RULE2PT
Bill Kenney,1986,6,1986-10-12,False,KAN,CLE,A,L,7,20,0,0,0,0,0,0,0,0,0,0,0,,0.0,0.0,12130,False,fum_rec_td,PFR+RULE2PT
Bill Kenney,1986,7,1986-10-19,False,KAN,SDG,H,W,42,41,6,9,97,1,0,139.6,0,1,-2,0,0,,7.68,7.68,12130,False,fum_rec_td,PFR+RULE2PT
Bill Kenney,1986,8,1986-10-26,False,KAN,TAM,H,W,27,20,15,29,230,1,1,75.4,1,2,-1,0,0,,11.1,11.1,12130,False,fum_rec_td,PFR+RULE2PT
Bill Kenney,1986,9,1986-11-02,False,KAN,SDG,A,W,24,23,21,32,287,2,0,115.0,7,2,-5,0,0,,18.98,18.98,12130,False,fum_rec_td,PFR+RULE2PT
Bill Kenney,1986,10,1986-11-09,False,KAN,SEA,H,W,27,7,22,41,256,3,3,66.7,2,4,-3,0,0,,15.94,15.94,12130,False,fum_rec_td,PFR+RULE2PT
Bill Kenney,1986,11,1986-11-16,False,KAN,DEN,A,L,17,38,18,42,179,2,1,61.5,4,2,5,0,0,,13.66,13.66,12130,False,fum_rec_td,PFR+RULE2PT
Bill Kenney,1986,12,1986-11-23,False,KAN,STL,A,L,14,23,24,43,223,2,2,66.3,2,1,0,0,0,,12.92,13.92,12130,False,fum_rec_td,PFR+RULE2PT
Bill Kenney,1986,13,1986-11-30,False,KAN,BUF,H,L,14,17,25,50,286,1,3,49.2,3,2,9,0,0,,10.34,10.34,12130,False,fum_rec_td,PFR+RULE2PT
Bill Kenney,1986,15,1986-12-14,False,KAN,RAI,A,W,20,17,15,31,180,1,0,77.4,2,4,-3,0,0,,10.9,10.9,12130,False,fum_rec_td,PFR+RULE2PT
Bill Kenney,1986,16,1986-12-21,False,KAN,PIT,A,W,24,19,12,23,147,0,1,54.1,2,0,0,0,0,,3.88,3.88,12130,False,fum_rec_td,PFR+RULE2PT
Bill Kenney,1986,17,1986-12-28,True,KAN,NYJ,A,L,15,35,8,16,97,0,0,69.0,0,0,0,0,0,,3.88,3.88,12130,False,fum_rec_td,PFR+RULE2PT
Bill Kenney,1987,1,1987-09-13,False,KAN,SDG,H,W,20,13,0,0,0,0,0,0,0,0,0,0,0,,0.0,0.0,12130,False,fum_rec_td,PFR+RULE2PT
Bill Kenney,1987,2,1987-09-20,False,KAN,SEA,A,L,14,43,6,11,75,1,1,68.4,1,0,0,0,0,,5.0,5.0,12130,False,fum_rec_td,PFR+RULE2PT
Bill Kenney,1987,6,1987-10-25,False,KAN,SDG,A,L,21,42,22,37,328,2,1,95.3,7,0,0,0,0,,19.12,19.12,12130,False,fum_rec_td,PFR+RULE2PT
Bill Kenney,1987,7,1987-11-01,False,KAN,CHI,A,L,28,31,15,28,270,4,1,111.6,2,2,1,0,0,,24.9,24.9,12130,False,fum_rec_td,PFR+RULE2PT
Bill Kenney,1987,8,1987-11-08,False,KAN,PIT,H,L,16,17,14,29,155,0,4,25.0,4,1,0,0,0,,-1.8,-1.8,12130,False,fum_rec_td,PFR+RULE2PT
Bill Kenney,1987,10,1987-11-22,False,KAN,GNB,H,L,3,23,1,2,18,0,0,81.2,0,0,0,0,0,,0.72,0.72,12130,False,fum_rec_td,PFR+RULE2PT
Bill Kenney,1987,11,1987-11-26,False,KAN,DET,A,W,27,20,18,26,246,2,1,108.8,0,1,-2,0,0,,15.64,15.64,12130,False,fum_rec_td,PFR+RULE2PT
Bill Kenney,1987,12,1987-12-06,False,KAN,CIN,A,L,27,30,19,39,229,1,0,75.7,2,3,3,0,0,,13.46,13.46,12130,False,fum_rec_td,PFR+RULE2PT
Bill Kenney,1987,13,1987-12-13,False,KAN,RAI,H,W,16,10,10,27,194,1,1,59.8,3,2,-2,0,0,,9.56,9.56,12130,False,fum_rec_td,PFR+RULE2PT
Bill Kenney,1987,14,1987-12-19,False,KAN,DEN,A,L,17,20,26,39,272,1,0,95.2,2,2,0,0,0,,14.88,14.88,12130,False,fum_rec_td,PFR+RULE2PT
Bill Kenney,1987,15,1987-12-27,False,KAN,SEA,H,W,41,20,23,35,320,3,0,123.5,1,1,-2,0,0,,24.6,24.6,12130,False,fum_rec_td,PFR+RULE2PT
Bill Kenney,1988,1,1988-09-04,False,KAN,CLE,H,L,3,6,11,29,106,0,2,20.2,3,0,0,0,0,,0.24,0.24,12130,False,fum_rec_td,PFR+RULE2PT
Bill Kenney,1988,2,1988-09-11,False,KAN,SEA,A,L,10,31,7,15,49,0,1,26.8,3,0,0,0,0,,-0.04,-0.04,12130,False,fum_rec_td,PFR+RULE2PT
Bill Kenney,1988,3,1988-09-18,False,KAN,DEN,H,W,20,13,0,0,0,0,0,0,0,0,0,0,0,,0.0,0.0,12130,False,fum_rec_td,PFR+RULE2PT
Bill Kenney,1988,4,1988-09-25,False,KAN,SDG,H,L,23,24,0,0,0,0,0,0,0,0,0,0,0,,0.0,0.0,12130,False,fum_rec_td,PFR+RULE2PT
Bill Kenney,1988,5,1988-10-02,False,KAN,NYJ,A,T,17,17,0,0,0,0,0,0,0,0,0,0,0,,0.0,0.0,12130,False,fum_rec_td,PFR+RULE2PT
Bill Kenney,1988,6,1988-10-09,False,KAN,HOU,A,L,6,7,0,0,0,0,0,0,0,0,0,0,0,,0.0,0.0,12130,False,fum_rec_td,PFR+RULE2PT
Bill Kenney,1988,7,1988-10-16,False,KAN,RAI,H,L,17,27,0,0,0,0,0,0,0,0,0,0,0,,0.0,0.0,12130,False,fum_rec_td,PFR+RULE2PT
Bill Kenney,1988,8,1988-10-23,False,KAN,DET,H,L,6,7,17,29,154,0,1,58.7,4,0,0,0,0,,4.16,4.16,12130,False,fum_rec_td,PFR+RULE2PT
Bill Kenney,1988,9,1988-10-30,False,KAN,RAI,A,L,10,17,7,14,47,0,0,57.7,1,1,2,0,0,,2.08,2.08,12130,False,fum_rec_td,PFR+RULE2PT
Bill Kenney,1988,10,1988-11-06,False,KAN,DEN,A,L,11,17,16,27,193,0,1,65.8,2,1,2,0,0,,5.92,5.92,12130,False,fum_rec_td,PFR+RULE2PT
Bill Kenney,1988,11,1988-11-13,False,KAN,CIN,H,W,31,28,0,0,0,0,0,0,0,0,0,0,0,,0.0,0.0,12130,False,fum_rec_td,PFR+RULE2PT
Bill Kenney,1988,12,1988-11-20,False,KAN,SEA,H,W,27,24,0,0,0,0,0,0,0,0,0,0,0,,0.0,0.0,12130,False,fum_rec_td,PFR+RULE2PT
Bill Kenney,1988,13,1988-11-27,False,KAN,PIT,A,L,10,16,0,0,0,0,0,0,0,0,0,0,0,,0.0,0.0,12130,False,fum_rec_td,PFR+RULE2PT
Bill Kenney,1988,14,1988-12-04,False,KAN,NYJ,H,W,38,34,0,0,0,0,0,0,0,0,0,0,0,,0.0,0.0,12130,False,fum_rec_td,PFR+RULE2PT
Bill Kenney,1988,15,1988-12-11,False,KAN,NYG,A,L,12,28,0,0,0,0,0,0,0,0,0,0,0,,0.0,0.0,12130,False,fum_rec_td,PFR+RULE2PT
Bill Kenney,1988,16,1988-12-18,False,KAN,SDG,A,L,13,24,0,0,0,0,0,0,0,0,0,0,0,,0.0,0.0,12130,False,fum_rec_td,PFR+RULE2PT
Mike Tomczak,1985,4,1985-09-29,False,CHI,WAS,H,W,45,10,0,0,0,0,0,0,0,0,0,0,0,,0.0,0.0,22393,False,fum_rec_td,PFR+RULE2PT
Mike Tomczak,1985,7,1985-10-21,False,CHI,GNB,H,W,23,7,0,0,0,0,0,0,0,1,0,0,0,,0.0,0.0,22393,False,fum_rec_td,PFR+RULE2PT
Mike Tomczak,1985,10,1985-11-10,False,CHI,DET,H,W,24,3,0,0,0,0,0,0,0,0,0,0,0,,0.0,0.0,22393,False,fum_rec_td,PFR+RULE2PT
Mike Tomczak,1985,11,1985-11-17,False,CHI,DAL,A,W,44,0,0,0,0,0,0,0,0,0,0,0,0,,0.0,0.0,22393,False,fum_rec_td,PFR+RULE2PT
Mike Tomczak,1985,12,1985-11-24,False,CHI,ATL,H,W,36,0,2,4,33,0,0,78.1,0,1,3,0,0,,1.62,1.62,22393,False,fum_rec_td,PFR+RULE2PT
Mike Tomczak,1985,16,1985-12-22,False,CHI,DET,A,W,37,17,0,2,0,0,0,39.6,0,0,0,0,0,,0.0,0.0,22393,False,fum_rec_td,PFR+RULE2PT
Mike Tomczak,1985,19,1986-01-26,True,CHI,NWE,N,W,46,10,0,0,0,0,0,0,0,0,0,0,0,,0.0,0.0,22393,False,fum_rec_td,PFR+RULE2PT
Mike Tomczak,1986,1,1986-09-07,False,CHI,CLE,H,W,41,31,3,6,48,0,0,77.1,0,0,0,0,0,,1.92,1.92,22393,False,fum_rec_td,PFR+RULE2PT
Mike Tomczak,1986,2,1986-09-14,False,CHI,PHI,H,W,13,10,10,20,116,0,2,28.3,2,2,14,0,0,,2.04,2.04,22393,False,fum_rec_td,PFR+RULE2PT
Mike Tomczak,1986,3,1986-09-22,False,CHI,GNB,A,W,25,12,9,13,74,0,0,83.5,0,2,5,0,0,,3.46,3.46,22393,False,fum_rec_td,PFR+RULE2PT
Mike Tomczak,1986,4,1986-09-28,False,CHI,CIN,A,W,44,7,0,1,0,0,0,39.6,0,0,0,0,0,,0.0,0.0,22393,False,fum_rec_td,PFR+RULE2PT
Mike Tomczak,1986,7,1986-10-19,False,CHI,MIN,A,L,7,23,0,2,0,0,1,0.0,0,1,9,0,0,,-1.1,-1.1,22393,False,fum_rec_td,PFR+RULE2PT
Mike Tomczak,1986,9,1986-11-03,False,CHI,RAM,H,L,17,20,2,8,28,0,0,41.7,1,0,0,0,0,,1.12,1.12,22393,False,fum_rec_td,PFR+RULE2PT
Mike Tomczak,1986,10,1986-11-09,False,CHI,TAM,A,W,23,3,11,24,265,1,1,82.8,1,1,1,1,0,,18.7,18.7,22393,False,fum_rec_td,PFR+RULE2PT
Mike Tomczak,1986,11,1986-11-16,False,CHI,ATL,A,W,13,10,9,22,203,0,2,36.7,0,6,36,1,0,,13.72,13.72,22393,False,fum_rec_td,PFR+RULE2PT
Mike Tomczak,1986,12,1986-11-23,False,CHI,GNB,H,W,12,10,3,6,7,0,0,56.2,0,2,-1,0,0,,0.18,0.18,22393,False,fum_rec_td,PFR+RULE2PT
Mike Tomczak,1986,13,1986-11-30,False,CHI,PIT,H,W,13,10,19,30,235,0,2,59.7,0,4,26,0,0,,8.0,8.0,22393,False,fum_rec_td,PFR+RULE2PT
Mike Tomczak,1986,14,1986-12-07,False,CHI,TAM,H,W,48,14,7,11,108,1,1,88.4,0,5,27,1,0,,15.02,15.02,22393,False,fum_rec_td,PFR+RULE2PT
Mike Tomczak,1986,15,1986-12-15,False,CHI,DET,A,W,16,13,0,2,0,0,0,39.6,0,0,0,0,0,,0.0,0.0,22393,False,fum_rec_td,PFR+RULE2PT
Mike Tomczak,1986,16,1986-12-21,False,CHI,DAL,A,W,24,10,1,6,21,0,1,2.1,0,0,0,0,0,,-1.16,-1.16,22393,False,fum_rec_td,PFR+RULE2PT
Mike Tomczak,1987,1,1987-09-14,False,CHI,NYG,H,W,34,19,20,34,292,2,2,82.0,0,3,5,1,0,,22.18,22.18,22393,False,fum_rec_td,PFR+RULE2PT
Mike Tomczak,1987,2,1987-09-20,False,CHI,TAM,H,W,20,3,15,27,150,1,2,53.0,1,1,10,0,0,,7.0,7.0,22393,False,fum_rec_td,PFR+RULE2PT
Mike Tomczak,1987,6,1987-10-25,False,CHI,TAM,A,W,27,26,6,10,45,0,0,70.8,1,0,0,0,0,,1.8,1.8,22393,False,fum_rec_td,PFR+RULE2PT
Mike Tomczak,1987,7,1987-11-01,False,CHI,KAN,H,W,31,28,0,0,0,0,0,0,0,0,0,0,0,,0.0,0.0,22393,False,fum_rec_td,PFR+RULE2PT
Mike Tomczak,1987,8,1987-11-08,False,CHI,GNB,A,W,26,24,0,0,0,0,0,0,0,0,0,0,0,,0.0,0.0,22393,False,fum_rec_td,PFR+RULE2PT
Mike Tomczak,1987,9,1987-11-16,False,CHI,DEN,A,L,29,31,2,2,9,0,0,85.4,0,0,0,0,0,,0.36,0.36,22393,False,fum_rec_td,PFR+RULE2PT
Mike Tomczak,1987,10,1987-11-22,False,CHI,DET,H,W,30,10,4,5,62,0,0,118.3,0,0,0,0,0,,2.48,2.48,22393,False,fum_rec_td,PFR+RULE2PT
Mike Tomczak,1987,11,1987-11-29,False,CHI,GNB,H,W,23,10,0,0,0,0,0,0,0,1,-1,0,0,,-0.1,-0.1,22393,False,fum_rec_td,PFR+RULE2PT
Mike Tomczak,1987,12,1987-12-06,False,CHI,MIN,A,W,30,24,6,12,96,1,0,104.9,2,0,0,0,0,,7.84,7.84,22393,False,fum_rec_td,PFR+RULE2PT
Mike Tomczak,1987,13,1987-12-14,False,CHI,SFO,A,L,0,41,11,25,122,0,4,19.5,0,2,10,0,0,,-2.12,-2.12,22393,False,fum_rec_td,PFR+RULE2PT
Mike Tomczak,1987,14,1987-12-20,False,CHI,SEA,H,L,21,34,21,36,298,1,2,71.3,4,7,26,0,0,,14.52,14.52,22393,False,fum_rec_td,PFR+RULE2PT
Mike Tomczak,1987,15,1987-12-27,False,CHI,RAI,A,W,6,3,12,27,146,0,0,61.7,1,4,4,0,0,,6.24,6.24,22393,False,fum_rec_td,PFR+RULE2PT
Mike Tomczak,1987,16,1988-01-10,True,CHI,WAS,H,L,17,21,0,0,0,0,0,0,0,0,0,0,0,,0.0,0.0,22393,False,fum_rec_td,PFR+RULE2PT
Mike Tomczak,1988,1,1988-09-04,False,CHI,MIA,H,W,34,7,0,0,0,0,0,0,0,0,0,0,0,,0.0,0.0,22393,False,fum_rec_td,PFR+RULE2PT
Mike Tomczak,1988,2,1988-09-11,False,CHI,IND,A,W,17,13,0,0,0,0,0,0,0,0,0,0,0,,0.0,0.0,22393,False,fum_rec_td,PFR+RULE2PT
Mike Tomczak,1988,3,1988-09-18,False,CHI,MIN,H,L,7,31,3,12,28,0,2,0.0,0,1,2,0,0,,-2.68,-2.68,22393,False,fum_rec_td,PFR+RULE2PT
Mike Tomczak,1988,4,1988-09-25,False,CHI,GNB,A,W,24,6,0,1,0,0,0,39.6,0,0,0,0,0,,0.0,0.0,22393,False,fum_rec_td,PFR+RULE2PT
Mike Tomczak,1988,5,1988-10-02,False,CHI,BUF,H,W,24,3,0,0,0,0,0,0,0,0,0,0,0,,0.0,0.0,22393,False,fum_rec_td,PFR+RULE2PT
Mike Tomczak,1988,6,1988-10-09,False,CHI,DET,A,W,24,7,12,22,158,1,0,92.6,1,1,0,0,0,,10.32,10.32,22393,False,fum_rec_td,PFR+RULE2PT
Mike Tomczak,1988,7,1988-10-16,False,CHI,DAL,H,W,17,7,0,0,0,0,0,0,0,0,0,0,0,,0.0,0.0,22393,False,fum_rec_td,PFR+RULE2PT
Mike Tomczak,1988,8,1988-10-24,False,CHI,SFO,H,W,10,9,0,0,0,0,0,0,0,0,0,0,0,,0.0,0.0,22393,False,fum_rec_td,PFR+RULE2PT
Mike Tomczak,1988,9,1988-10-30,False,CHI,NWE,A,L,7,30,5,13,70,0,0,56.6,0,0,0,0,0,,2.8,2.8,22393,False,fum_rec_td,PFR+RULE2PT
Mike Tomczak,1988,10,1988-11-06,False,CHI,TAM,H,W,28,10,18,26,269,2,1,112.5,0,3,28,0,0,,19.56,19.56,22393,False,fum_rec_td,PFR+RULE2PT
Mike Tomczak,1988,11,1988-11-13,False,CHI,WAS,A,W,34,14,15,26,229,1,0,99.7,1,3,5,1,0,,19.66,19.66,22393,False,fum_rec_td,PFR+RULE2PT
Mike Tomczak,1988,12,1988-11-20,False,CHI,TAM,A,W,27,15,9,21,179,1,2,49.6,0,0,0,0,0,,7.16,7.16,22393,False,fum_rec_td,PFR+RULE2PT
Mike Tomczak,1988,13,1988-11-27,False,CHI,GNB,H,W,16,0,8,17,92,0,0,63.8,2,3,5,0,0,,4.18,4.18,22393,False,fum_rec_td,PFR+RULE2PT
Mike Tomczak,1988,16,1988-12-19,False,CHI,MIN,A,L,27,28,16,32,285,2,1,88.7,1,2,0,0,0,,17.4,17.4,22393,False,fum_rec_td,PFR+RULE2PT
Mike Tomczak,1988,17,1988-12-31,True,CHI,PHI,H,W,20,12,10,20,172,1,3,56.7,0,1,0,0,0,,4.88,4.88,22393,False,fum_rec_td,PFR+RULE2PT
Mike Tomczak,1988,18,1989-01-08,True,CHI,SFO,H,L,3,28,6,12,55,0,0,62.8,0,0,0,0,0,,2.2,2.2,22393,False,fum_rec_td,PFR+RULE2PT
Mike Tomczak,1989,1,1989-09-10,False,CHI,CIN,H,W,17,14,10,24,159,1,2,43.6,1,5,14,1,0,,13.76,13.76,22393,False,fum_rec_td,PFR+RULE2PT
Mike Tomczak,1989,2,1989-09-17,False,CHI,MIN,H,W,38,7,10,26,142,1,1,53.7,0,2,1,0,0,,7.78,7.78,22393,False,fum_rec_td,PFR+RULE2PT
Mike Tomczak,1989,3,1989-09-24,False,CHI,DET,A,W,47,27,17,25,302,2,0,135.7,0,2,19,0,0,,21.98,21.98,22393,False,fum_rec_td,PFR+RULE2PT
Mike Tomczak,1989,4,1989-10-02,False,CHI,PHI,H,W,27,13,24,38,266,3,1,99.2,1,1,2,0,0,,20.84,20.84,22393,False,fum_rec_td,PFR+RULE2PT
Mike Tomczak,1989,5,1989-10-08,False,CHI,TAM,A,L,35,42,16,29,162,1,1,68.5,1,2,4,0,0,,8.88,8.88,22393,False,fum_rec_td,PFR+RULE2PT
Mike Tomczak,1989,6,1989-10-15,False,CHI,HOU,H,L,28,33,20,29,247,3,4,89.9,1,3,1,0,0,,13.98,13.98,22393,False,fum_rec_td,PFR+RULE2PT
Mike Tomczak,1989,7,1989-10-23,False,CHI,CLE,A,L,7,27,4,14,76,0,1,19.9,2,0,0,0,0,,1.04,1.04,22393,False,fum_rec_td,PFR+RULE2PT
Mike Tomczak,1989,8,1989-10-29,False,CHI,RAM,H,W,20,10,4,16,29,0,0,39.6,1,0,0,0,0,,1.16,1.16,22393,False,fum_rec_td,PFR+RULE2PT
Mike Tomczak,1989,9,1989-11-05,False,CHI,GNB,A,L,13,14,0,0,0,0,0,0,0,0,0,0,0,,0.0,0.0,22393,False,fum_rec_td,PFR+RULE2PT
Mike Tomczak,1989,10,1989-11-12,False,CHI,PIT,A,W,20,0,1,3,10,0,0,43.7,0,2,-3,0,0,,0.1,0.1,22393,False,fum_rec_td,PFR+RULE2PT
Mike Tomczak,1989,11,1989-11-19,False,CHI,TAM,H,L,31,32,6,7,156,3,0,158.3,0,0,0,0,0,,18.24,18.24,22393,False,fum_rec_td,PFR+RULE2PT
Mike Tomczak,1989,12,1989-11-26,False,CHI,WAS,A,L,14,38,13,24,137,1,2,50.2,1,2,10,0,0,,6.48,6.48,22393,False,fum_rec_td,PFR+RULE2PT
Mike Tomczak,1989,13,1989-12-03,False,CHI,MIN,A,L,16,27,13,33,180,1,2,42.5,0,3,2,0,0,,7.4,7.4,22393,False,fum_rec_td,PFR+RULE2PT
Mike Tomczak,1989,14,1989-12-10,False,CHI,DET,H,L,17,27,4,8,45,0,0,67.2,1,0,0,0,0,,1.8,1.8,22393,False,fum_rec_td,PFR+RULE2PT
Mike Tomczak,1989,15,1989-12-17,False,CHI,GNB,H,L,28,40,0,0,0,0,0,0,0,0,0,0,0,,0.0,0.0,22393,False,fum_rec_td,PFR+RULE2PT
Mike Tomczak,1989,16,1989-12-24,False,CHI,SFO,A,L,0,26,14,30,147,0,2,33.6,1,2,21,0,0,,3.98,3.98,22393,False,fum_rec_td,PFR+RULE2PT
Erik Kramer,1987,3,1987-10-04,False,ATL,PIT,H,L,12,28,5,13,48,0,2,9.9,0,0,0,0,0,,-2.08,-2.08,12592,False,fum_rec_td,PFR+RULE2PT
Erik Kramer,1987,4,1987-10-11,False,ATL,SFO,H,L,17,25,13,33,176,1,1,54.6,5,1,11,0,0,,10.14,10.14,12592,False,fum_rec_td,PFR+RULE2PT
Erik Kramer,1987,5,1987-10-18,False,ATL,RAM,H,W,24,20,27,46,335,3,2,85.0,5,1,-1,0,0,,21.3,21.3,12592,False,fum_rec_td,PFR+RULE2PT
Greg Landry,1980,1,1980-09-07,False,BAL,NYJ,A,W,17,14,0,0,0,0,0,0,,0,0,0,0,,0.0,0.0,12826,False,sacked;fum_rec_td,PFR+RULE2PT
Greg Landry,1980,2,1980-09-14,False,BAL,PIT,H,L,17,20,0,0,0,0,0,0,,0,0,0,0,,0.0,0.0,12826,False,sacked;fum_rec_td,PFR+RULE2PT
Greg Landry,1980,3,1980-09-21,False,BAL,HOU,A,L,16,21,0,0,0,0,0,0,,0,0,0,0,,0.0,0.0,12826,False,sacked;fum_rec_td,PFR+RULE2PT
Greg Landry,1980,4,1980-09-28,False,BAL,NYJ,H,W,35,21,0,0,0,0,0,0,,0,0,0,0,,0.0,0.0,12826,False,sacked;fum_rec_td,PFR+RULE2PT
Greg Landry,1980,5,1980-10-05,False,BAL,MIA,A,W,30,17,0,0,0,0,0,0,,0,0,0,0,,0.0,0.0,12826,False,sacked;fum_rec_td,PFR+RULE2PT
Greg Landry,1980,6,1980-10-12,False,BAL,BUF,A,W,17,12,0,0,0,0,0,0,,0,0,0,0,,0.0,0.0,12826,False,sacked;fum_rec_td,PFR+RULE2PT
Greg Landry,1980,7,1980-10-19,False,BAL,NWE,H,L,21,37,0,0,0,0,0,0,,0,0,0,0,,0.0,0.0,12826,False,sacked;fum_rec_td,PFR+RULE2PT
Greg Landry,1980,8,1980-10-26,False,BAL,STL,H,L,10,17,0,0,0,0,0,0,,0,0,0,0,,0.0,0.0,12826,False,sacked;fum_rec_td,PFR+RULE2PT
Greg Landry,1980,9,1980-11-02,False,BAL,KAN,A,W,31,24,0,0,0,0,0,0,,0,0,0,0,,0.0,0.0,12826,False,sacked;fum_rec_td,PFR+RULE2PT
Greg Landry,1980,10,1980-11-09,False,BAL,CLE,H,L,27,28,0,0,0,0,0,0,,0,0,0,0,,0.0,0.0,12826,False,sacked;fum_rec_td,PFR+RULE2PT
Greg Landry,1980,11,1980-11-16,False,BAL,DET,A,W,10,9,0,0,0,0,0,0,,0,0,0,0,,0.0,0.0,12826,False,sacked;fum_rec_td,PFR+RULE2PT
Greg Landry,1980,12,1980-11-23,False,BAL,NWE,A,L,21,47,15,22,176,1,1,88.4,,1,14,0,0,,10.44,10.44,12826,False,sacked;fum_rec_td,PFR+RULE2PT
Greg Landry,1980,13,1980-11-30,False,BAL,BUF,H,W,28,24,8,24,88,1,2,24.3,,6,12,1,0,,10.72,10.72,12826,False,sacked;fum_rec_td,PFR+RULE2PT
Greg Landry,1980,14,1980-12-07,False,BAL,CIN,A,L,33,34,0,0,0,0,0,0,,0,0,0,0,,0.0,0.0,12826,False,sacked;fum_rec_td,PFR+RULE2PT
Greg Landry,1980,15,1980-12-14,False,BAL,MIA,H,L,14,24,0,0,0,0,0,0,,0,0,0,0,,0.0,0.0,12826,False,sacked;fum_rec_td,PFR+RULE2PT
Greg Landry,1980,16,1980-12-21,False,BAL,KAN,H,L,28,38,1,1,11,0,0,112.5,,0,0,0,0,,0.44,0.44,12826,False,sacked;fum_rec_td,PFR+RULE2PT
Greg Landry,1981,1,1981-09-06,False,BAL,NWE,A,W,29,28,0,0,0,0,0,0,,0,0,0,0,,0.0,0.0,12826,False,sacked;fum_rec_td,PFR+RULE2PT
Greg Landry,1981,2,1981-09-13,False,BAL,BUF,H,L,3,35,7,17,90,0,1,33.9,,1,11,0,0,,2.7,2.7,12826,False,sacked;fum_rec_td,PFR+RULE2PT
Greg Landry,1981,3,1981-09-20,False,BAL,DEN,A,L,10,28,0,0,0,0,0,0,,0,0,0,0,,0.0,0.0,12826,False,sacked;fum_rec_td,PFR+RULE2PT
Greg Landry,1981,4,1981-09-27,False,BAL,MIA,H,L,28,31,0,0,0,0,0,0,,0,0,0,0,,0.0,0.0,12826,False,sacked;fum_rec_td,PFR+RULE2PT
Greg Landry,1981,5,1981-10-04,False,BAL,BUF,A,L,17,23,0,0,0,0,0,0,,0,0,0,0,,0.0,0.0,12826,False,sacked;fum_rec_td,PFR+RULE2PT
Greg Landry,1981,6,1981-10-11,False,BAL,CIN,H,L,19,41,3,3,26,0,0,102.8,,0,0,0,0,,1.04,1.04,12826,False,sacked;fum_rec_td,PFR+RULE2PT
Greg Landry,1981,7,1981-10-18,False,BAL,SDG,H,L,14,43,0,0,0,0,0,0,,0,0,0,0,,0.0,0.0,12826,False,sacked;fum_rec_td,PFR+RULE2PT
Greg Landry,1981,8,1981-10-25,False,BAL,CLE,A,L,28,42,0,0,0,0,0,0,,0,0,0,0,,0.0,0.0,12826,False,sacked;fum_rec_td,PFR+RULE2PT
Greg Landry,1981,9,1981-11-01,False,BAL,MIA,A,L,10,27,0,0,0,0,0,0,,0,0,0,0,,0.0,0.0,12826,False,sacked;fum_rec_td,PFR+RULE2PT
Greg Landry,1981,10,1981-11-08,False,BAL,NYJ,H,L,14,41,0,0,0,0,0,0,,0,0,0,0,,0.0,0.0,12826,False,sacked;fum_rec_td,PFR+RULE2PT
Greg Landry,1981,11,1981-11-15,False,BAL,PHI,A,L,13,38,4,9,79,0,0,75.7,,0,0,0,0,,3.16,3.16,12826,False,sacked;fum_rec_td,PFR+RULE2PT
Greg Landry,1984,16,1984-12-16,False,CHI,DET,A,W,30,13,11,20,199,1,3,66.5,0,2,1,1,0,,12.06,12.06,12826,False,fum_rec_td,PFR+RULE2PT
Rich Gannon,1987,6,1987-10-26,False,MIN,DEN,H,W,34,27,0,0,0,0,0,0,0,0,0,0,0,,0.0,0.0,7574,False,fum_rec_td,PFR+RULE2PT
Rich Gannon,1987,9,1987-11-15,False,MIN,TAM,H,W,23,17,0,0,0,0,0,0,0,0,0,0,0,,0.0,0.0,7574,False,fum_rec_td,PFR+RULE2PT
Rich Gannon,1987,10,1987-11-22,False,MIN,ATL,H,W,24,13,2,6,18,0,1,2.8,0,0,0,0,0,,-1.28,-1.28,7574,False,fum_rec_td,PFR+RULE2PT
Rich Gannon,1987,14,1987-12-20,False,MIN,DET,A,W,17,14,0,0,0,0,0,0,0,0,0,0,0,,0.0,0.0,7574,False,fum_rec_td,PFR+RULE2PT
Rich Gannon,1987,16,1988-01-03,True,MIN,NOR,A,W,44,10,0,0,0,0,0,0,0,3,3,0,0,,0.3,0.3,7574,False,fum_rec_td,PFR+RULE2PT
Rich Gannon,1988,5,1988-10-02,False,MIN,MIA,A,L,7,24,7,15,90,0,0,66.0,2,2,15,0,0,,5.1,5.1,7574,False,fum_rec_td,PFR+RULE2PT
Rich Gannon,1988,8,1988-10-23,False,MIN,TAM,A,W,49,20,0,0,0,0,0,0,0,1,-1,0,0,,-0.1,-0.1,7574,False,fum_rec_td,PFR+RULE2PT
Rich Gannon,1988,10,1988-11-06,False,MIN,DET,H,W,44,17,0,0,0,0,0,0,0,1,15,0,0,,1.5,1.5,7574,False,fum_rec_td,PFR+RULE2PT
Bubby Brister,1986,6,1986-10-13,False,PIT,CIN,A,L,22,24,12,33,191,0,0,56.5,1,5,8,1,0,,14.44,14.44,2415,False,fum_rec_td,PFR+RULE2PT
Bubby Brister,1986,7,1986-10-19,False,PIT,NWE,H,L,0,34,9,27,100,0,2,14.4,5,1,2,0,0,,0.2,0.2,2415,False,fum_rec_td,PFR+RULE2PT
Bubby Brister,1987,2,1987-09-20,False,PIT,CLE,A,L,10,34,1,5,10,0,1,0.0,1,0,0,0,0,,-1.6,-1.6,2415,False,fum_rec_td,PFR+RULE2PT
Bubby Brister,1987,9,1987-11-15,False,PIT,HOU,H,L,3,23,3,7,10,0,2,10.7,1,0,0,0,0,,-3.6,-3.6,2415,False,fum_rec_td,PFR+RULE2PT
Bubby Brister,1988,1,1988-09-04,False,PIT,DAL,H,W,24,21,13,27,214,0,0,75.2,1,3,12,1,0,,15.76,15.76,2415,False,fum_rec_td,PFR+RULE2PT
Bubby Brister,1988,2,1988-09-11,False,PIT,WAS,A,L,29,30,12,28,258,2,0,100.0,0,2,10,1,0,,25.32,25.32,2415,False,fum_rec_td,PFR+RULE2PT
Bubby Brister,1988,3,1988-09-18,False,PIT,CIN,H,L,12,17,15,30,235,1,2,59.7,5,8,40,0,0,,13.4,13.4,2415,False,fum_rec_td,PFR+RULE2PT
Bubby Brister,1988,4,1988-09-25,False,PIT,BUF,A,L,28,36,22,36,330,2,3,75.0,3,3,2,2,0,,27.4,27.4,2415,False,fum_rec_td,PFR+RULE2PT
Bubby Brister,1988,5,1988-10-02,False,PIT,CLE,H,L,9,23,4,14,28,0,2,0.0,1,2,7,0,0,,-2.18,-2.18,2415,False,fum_rec_td,PFR+RULE2PT
Bubby Brister,1988,9,1988-10-30,False,PIT,NYJ,A,L,20,24,11,25,238,1,2,58.4,6,4,29,0,0,,12.42,12.42,2415,False,fum_rec_td,PFR+RULE2PT
Bubby Brister,1988,10,1988-11-06,False,PIT,CIN,A,L,7,42,11,29,147,0,0,54.8,4,4,7,1,0,,12.58,12.58,2415,False,fum_rec_td,PFR+RULE2PT
Bubby Brister,1988,11,1988-11-13,False,PIT,PHI,H,L,26,27,11,25,226,1,1,73.1,4,1,6,0,0,,11.64,11.64,2415,False,fum_rec_td,PFR+RULE2PT
Bubby Brister,1988,12,1988-11-20,False,PIT,CLE,A,L,7,27,16,35,220,0,2,42.6,6,4,16,0,0,,6.4,6.4,2415,False,fum_rec_td,PFR+RULE2PT
Bubby Brister,1988,13,1988-11-27,False,PIT,KAN,H,W,16,10,13,27,122,0,1,45.6,0,4,12,0,0,,4.08,4.08,2415,False,fum_rec_td,PFR+RULE2PT
Bubby Brister,1988,14,1988-12-04,False,PIT,HOU,A,W,37,34,17,36,311,3,0,105.2,3,1,7,0,0,,25.14,25.14,2415,False,fum_rec_td,PFR+RULE2PT
Bubby Brister,1988,15,1988-12-11,False,PIT,SDG,A,L,14,20,17,32,206,1,1,70.6,3,5,29,1,0,,19.14,19.14,2415,False,fum_rec_td,PFR+RULE2PT
Bubby Brister,1988,16,1988-12-18,False,PIT,MIA,H,W,40,24,13,26,99,0,0,59.6,0,4,32,0,0,,7.16,7.16,2415,False,fum_rec_td,PFR+RULE2PT
Bubby Brister,1989,1,1989-09-10,False,PIT,CLE,H,L,0,51,10,22,84,0,3,16.3,6,2,-8,0,0,,-4.44,-3.44,2415,False,fum_rec_td,PFR+RULE2PT
Bubby Brister,1989,2,1989-09-17,False,PIT,CIN,A,L,10,41,19,35,244,1,0,85.9,6,1,15,0,0,,15.26,15.26,2415,False,fum_rec_td,PFR+RULE2PT
Bubby Brister,1989,3,1989-09-24,False,PIT,MIN,H,W,27,14,16,22,157,1,0,107.6,4,4,-10,0,0,,9.28,9.28,2415,False,fum_rec_td,PFR+RULE2PT
Bubby Brister,1989,4,1989-10-01,False,PIT,DET,A,W,23,3,21,27,267,1,0,120.2,6,5,22,0,0,,16.88,16.88,2415,False,fum_rec_td,PFR+RULE2PT
Bubby Brister,1989,5,1989-10-08,False,PIT,CIN,H,L,16,26,19,31,169,1,0,86.6,3,4,20,0,0,,12.76,12.76,2415,False,fum_rec_td,PFR+RULE2PT
Bubby Brister,1989,8,1989-10-29,False,PIT,KAN,H,W,23,17,17,27,253,2,0,118.3,2,2,-2,0,0,,17.92,17.92,2415,False,fum_rec_td,PFR+RULE2PT
Bubby Brister,1989,9,1989-11-05,False,PIT,DEN,A,L,7,34,11,26,101,1,0,66.3,2,0,0,0,0,,8.04,8.04,2415,False,fum_rec_td,PFR+RULE2PT
Bubby Brister,1989,10,1989-11-12,False,PIT,CHI,H,L,0,20,14,26,197,0,3,38.9,4,0,0,0,0,,1.88,1.88,2415,False,fum_rec_td,PFR+RULE2PT
Bubby Brister,1989,11,1989-11-19,False,PIT,SDG,H,W,20,17,12,27,142,0,0,61.0,4,2,-5,0,0,,5.18,5.18,2415,False,fum_rec_td,PFR+RULE2PT
Bubby Brister,1989,12,1989-11-26,False,PIT,MIA,A,W,34,14,8,18,167,0,0,77.8,0,2,-7,0,0,,5.98,5.98,2415,False,fum_rec_td,PFR+RULE2PT
Bubby Brister,1989,13,1989-12-03,False,PIT,HOU,H,L,16,23,9,21,73,0,1,32.4,3,1,0,0,0,,0.92,0.92,2415,False,fum_rec_td,PFR+RULE2PT
Bubby Brister,1989,14,1989-12-10,False,PIT,NYJ,A,W,13,0,15,29,175,0,1,56.0,2,1,2,0,0,,5.2,5.2,2415,False,fum_rec_td,PFR+RULE2PT
Bubby Brister,1989,15,1989-12-17,False,PIT,NWE,H,W,28,10,9,16,158,0,0,90.1,2,2,-8,0,0,,5.52,5.52,2415,False,fum_rec_td,PFR+RULE2PT
Bubby Brister,1989,16,1989-12-24,False,PIT,TAM,A,W,31,22,7,15,178,2,2,90.4,1,1,6,0,0,,11.72,11.72,2415,False,fum_rec_td,PFR+RULE2PT
Bubby Brister,1989,17,1989-12-31,True,PIT,HOU,A,W,26,23,15,33,127,0,0,56.0,1,1,1,0,0,,5.18,5.18,2415,False,fum_rec_td,PFR+RULE2PT
Bubby Brister,1989,18,1990-01-07,True,PIT,DEN,A,L,23,24,19,29,229,1,0,101.1,0,2,4,0,0,,13.56,13.56,2415,False,fum_rec_td,PFR+RULE2PT
Marc Wilson,1980,6,1980-10-12,False,OAK,SDG,H,W,38,24,1,2,10,0,0,64.6,,0,0,0,0,,0.4,0.4,24397,False,sacked;fum_rec_td,PFR+RULE2PT
Marc Wilson,1980,16,1980-12-21,False,OAK,NYG,A,W,33,17,2,3,21,0,0,86.8,,1,3,0,0,,1.14,1.14,24397,False,sacked;fum_rec_td,PFR+RULE2PT
Marc Wilson,1981,2,1981-09-14,False,OAK,MIN,A,W,36,10,1,1,61,1,0,158.3,,0,0,0,0,,6.44,6.44,24397,False,sacked;fum_rec_td,PFR+RULE2PT
Marc Wilson,1981,5,1981-10-04,False,OAK,DEN,H,L,0,17,1,8,8,0,1,0.0,,0,0,0,0,,-1.68,-1.68,24397,False,sacked;fum_rec_td,PFR+RULE2PT
Marc Wilson,1981,6,1981-10-11,False,OAK,KAN,A,L,0,27,2,11,22,0,2,0.0,,0,0,0,0,,-3.12,-3.12,24397,False,sacked;fum_rec_td,PFR+RULE2PT
Marc Wilson,1981,7,1981-10-18,False,OAK,TAM,H,W,18,16,17,34,176,0,3,28.6,,5,5,0,0,,1.54,1.54,24397,False,sacked;fum_rec_td,PFR+RULE2PT
Marc Wilson,1981,8,1981-10-25,False,OAK,KAN,H,L,17,28,19,47,251,1,4,29.7,,3,24,1,0,,14.44,14.44,24397,False,sacked;fum_rec_td,PFR+RULE2PT
Marc Wilson,1981,9,1981-11-01,False,OAK,NWE,H,W,27,17,22,36,283,1,1,83.4,,3,7,0,0,,14.02,14.02,24397,False,sacked;fum_rec_td,PFR+RULE2PT
Marc Wilson,1981,10,1981-11-08,False,OAK,HOU,A,L,16,17,16,32,175,0,2,40.5,,1,18,0,0,,4.8,4.8,24397,False,sacked;fum_rec_td,PFR+RULE2PT
Marc Wilson,1981,11,1981-11-15,False,OAK,MIA,A,W,33,17,16,39,180,3,0,81.1,,3,14,0,0,,20.6,20.6,24397,False,sacked;fum_rec_td,PFR+RULE2PT
Marc Wilson,1981,12,1981-11-22,False,OAK,SDG,H,L,21,55,12,24,203,1,2,58.2,,2,16,1,0,,15.72,15.72,24397,False,sacked;fum_rec_td,PFR+RULE2PT
Marc Wilson,1981,13,1981-11-29,False,OAK,SEA,A,W,32,31,20,33,218,3,1,97.8,,4,10,0,0,,19.72,19.72,24397,False,sacked;fum_rec_td,PFR+RULE2PT
Marc Wilson,1981,14,1981-12-07,False,OAK,PIT,H,W,30,27,18,29,275,3,1,113.4,,5,22,0,0,,23.2,23.2,24397,False,sacked;fum_rec_td,PFR+RULE2PT
Marc Wilson,1981,15,1981-12-13,False,OAK,CHI,H,L,6,23,17,38,240,1,1,63.5,,0,0,0,0,,11.6,11.6,24397,False,sacked;fum_rec_td,PFR+RULE2PT
Marc Wilson,1981,16,1981-12-21,False,OAK,SDG,A,L,10,23,12,34,219,0,1,46.1,,4,31,0,0,,9.86,9.86,24397,False,sacked;fum_rec_td,PFR+RULE2PT
Marc Wilson,1982,1,1982-09-12,False,RAI,SFO,A,W,23,17,0,0,0,0,0,0,0,0,0,0,0,,0.0,0.0,24397,False,fum_rec_td,PFR+RULE2PT
Marc Wilson,1982,2,1982-09-19,False,RAI,ATL,A,W,38,14,0,0,0,0,0,0,0,0,0,0,0,,0.0,0.0,24397,False,fum_rec_td,PFR+RULE2PT
Marc Wilson,1982,3,1982-11-22,False,RAI,SDG,H,W,28,24,0,0,0,0,0,0,0,0,0,0,0,,0.0,0.0,24397,False,fum_rec_td,PFR+RULE2PT
Marc Wilson,1982,4,1982-11-28,False,RAI,CIN,A,L,17,31,1,2,4,0,0,56.2,0,0,0,0,0,,0.16,0.16,24397,False,fum_rec_td,PFR+RULE2PT
Marc Wilson,1982,5,1982-12-05,False,RAI,SEA,H,W,28,23,0,0,0,0,0,0,0,0,0,0,0,,0.0,0.0,24397,False,fum_rec_td,PFR+RULE2PT
Marc Wilson,1982,7,1982-12-18,False,RAI,RAM,H,W,37,31,0,0,0,0,0,0,0,0,0,0,0,,0.0,0.0,24397,False,fum_rec_td,PFR+RULE2PT
Marc Wilson,1982,8,1982-12-26,False,RAI,DEN,H,W,27,10,0,0,0,0,0,0,0,0,0,0,0,,0.0,0.0,24397,False,fum_rec_td,PFR+RULE2PT
Marc Wilson,1982,9,1983-01-02,False,RAI,SDG,A,W,41,34,0,0,0,0,0,0,0,0,0,0,0,,0.0,0.0,24397,False,fum_rec_td,PFR+RULE2PT
Marc Wilson,1982,10,1983-01-08,True,RAI,CLE,H,W,27,10,0,0,0,0,0,0,0,0,0,0,0,,0.0,0.0,24397,False,fum_rec_td,PFR+RULE2PT
Marc Wilson,1982,11,1983-01-15,True,RAI,NYJ,H,L,14,17,0,0,0,0,0,0,0,0,0,0,0,,0.0,0.0,24397,False,fum_rec_td,PFR+RULE2PT
Marc Wilson,1983,1,1983-09-04,False,RAI,CIN,A,W,20,10,0,0,0,0,0,0,0,0,0,0,0,,0.0,0.0,24397,False,fum_rec_td,PFR+RULE2PT
Marc Wilson,1983,2,1983-09-11,False,RAI,HOU,H,W,20,6,0,0,0,0,0,0,0,0,0,0,0,,0.0,0.0,24397,False,fum_rec_td,PFR+RULE2PT
Marc Wilson,1983,3,1983-09-19,False,RAI,MIA,H,W,27,14,0,0,0,0,0,0,0,0,0,0,0,,0.0,0.0,24397,False,fum_rec_td,PFR+RULE2PT
Marc Wilson,1983,4,1983-09-25,False,RAI,DEN,A,W,22,7,0,0,0,0,0,0,0,0,0,0,0,,0.0,0.0,24397,False,fum_rec_td,PFR+RULE2PT
Marc Wilson,1983,5,1983-10-02,False,RAI,WAS,A,L,35,37,0,0,0,0,0,0,0,0,0,0,0,,0.0,0.0,24397,False,fum_rec_td,PFR+RULE2PT
Marc Wilson,1983,6,1983-10-09,False,RAI,KAN,H,W,21,20,0,0,0,0,0,0,0,0,0,0,0,,0.0,0.0,24397,False,fum_rec_td,PFR+RULE2PT
Marc Wilson,1983,7,1983-10-16,False,RAI,SEA,A,L,36,38,8,11,106,2,0,142.4,0,2,21,0,0,,14.34,14.34,24397,False,fum_rec_td,PFR+RULE2PT
Marc Wilson,1983,8,1983-10-23,False,RAI,DAL,A,W,40,38,26,49,318,3,1,85.2,2,5,46,0,0,,27.32,27.32,24397,False,fum_rec_td,PFR+RULE2PT
Marc Wilson,1983,9,1983-10-30,False,RAI,SEA,H,L,21,34,22,34,297,2,4,72.4,5,3,35,0,0,,15.38,15.38,24397,False,fum_rec_td,PFR+RULE2PT
Marc Wilson,1983,10,1983-11-06,False,RAI,KAN,A,W,28,20,11,23,143,1,1,64.2,3,3,20,0,0,,9.72,9.72,24397,False,fum_rec_td,PFR+RULE2PT
Marc Wilson,1983,17,1984-01-01,True,RAI,PIT,H,W,38,10,0,0,0,0,0,0,0,1,-3,0,0,,-0.3,-0.3,24397,False,fum_rec_td,PFR+RULE2PT
Marc Wilson,1983,18,1984-01-08,True,RAI,SEA,H,W,30,14,0,0,0,0,0,0,0,1,-3,0,0,,-0.3,-0.3,24397,False,fum_rec_td,PFR+RULE2PT
Marc Wilson,1983,19,1984-01-22,True,RAI,WAS,N,W,38,9,0,0,0,0,0,0,0,0,0,0,0,,0.0,0.0,24397,False,fum_rec_td,PFR+RULE2PT
Marc Wilson,1984,1,1984-09-02,False,RAI,HOU,A,W,24,14,0,0,0,0,0,0,0,0,0,0,0,,0.0,0.0,24397,False,fum_rec_td,PFR+RULE2PT
Marc Wilson,1984,2,1984-09-09,False,RAI,GNB,H,W,28,7,0,0,0,0,0,0,0,0,0,0,0,,0.0,0.0,24397,False,fum_rec_td,PFR+RULE2PT
Marc Wilson,1984,3,1984-09-16,False,RAI,KAN,A,W,22,20,0,0,0,0,0,0,0,0,0,0,0,,0.0,0.0,24397,False,fum_rec_td,PFR+RULE2PT
Marc Wilson,1984,4,1984-09-24,False,RAI,SDG,H,W,33,30,0,0,0,0,0,0,0,0,0,0,0,,0.0,0.0,24397,False,fum_rec_td,PFR+RULE2PT
Marc Wilson,1984,5,1984-09-30,False,RAI,DEN,A,L,13,16,0,0,0,0,0,0,0,0,0,0,0,,0.0,0.0,24397,False,fum_rec_td,PFR+RULE2PT
Marc Wilson,1984,6,1984-10-07,False,RAI,SEA,H,W,28,14,12,19,309,2,0,141.9,3,1,0,0,0,,20.36,20.36,24397,False,fum_rec_td,PFR+RULE2PT
Marc Wilson,1984,7,1984-10-14,False,RAI,MIN,H,W,23,20,21,37,268,1,1,77.3,2,2,16,0,0,,14.32,14.32,24397,False,fum_rec_td,PFR+RULE2PT
Marc Wilson,1984,8,1984-10-21,False,RAI,SDG,A,W,44,37,24,37,332,5,1,121.8,2,5,6,0,0,,31.88,31.88,24397,False,fum_rec_td,PFR+RULE2PT
Marc Wilson,1984,9,1984-10-28,False,RAI,DEN,H,L,19,22,19,36,252,1,3,49.8,4,2,-3,0,0,,7.78,7.78,24397,False,fum_rec_td,PFR+RULE2PT
Marc Wilson,1984,10,1984-11-04,False,RAI,CHI,A,L,6,17,7,19,70,0,2,8.6,6,1,3,0,0,,-0.9,-0.9,24397,False,fum_rec_td,PFR+RULE2PT
Marc Wilson,1984,11,1984-11-12,False,RAI,SEA,A,L,14,17,16,34,191,0,3,27.9,4,2,12,0,0,,2.84,2.84,24397,False,fum_rec_td,PFR+RULE2PT
Marc Wilson,1984,12,1984-11-18,False,RAI,KAN,H,W,17,7,12,21,103,1,1,66.2,3,5,5,0,0,,6.62,6.62,24397,False,fum_rec_td,PFR+RULE2PT
Marc Wilson,1984,13,1984-11-25,False,RAI,IND,H,W,21,7,13,23,146,2,2,68.4,6,4,13,1,0,,17.14,17.14,24397,False,fum_rec_td,PFR+RULE2PT
Marc Wilson,1984,14,1984-12-02,False,RAI,MIA,A,W,45,34,13,24,241,2,1,99.5,2,3,-8,0,0,,14.84,14.84,24397,False,fum_rec_td,PFR+RULE2PT
Marc Wilson,1984,15,1984-12-10,False,RAI,DET,A,W,24,3,11,19,194,1,2,70.8,3,4,4,0,0,,8.16,8.16,24397,False,fum_rec_td,PFR+RULE2PT
Marc Wilson,1984,16,1984-12-16,False,RAI,PIT,H,L,7,13,5,13,45,0,1,16.5,2,1,8,0,0,,0.6,0.6,24397,False,fum_rec_td,PFR+RULE2PT
Marc Wilson,1984,17,1984-12-22,True,RAI,SEA,A,L,7,13,0,0,0,0,0,0,0,0,0,0,0,,0.0,0.0,24397,False,fum_rec_td,PFR+RULE2PT
Marc Wilson,1985,1,1985-09-08,False,RAI,NYJ,H,W,31,0,0,0,0,0,0,0,0,0,0,0,0,,0.0,0.0,24397,False,fum_rec_td,PFR+RULE2PT
Marc Wilson,1985,2,1985-09-12,False,RAI,KAN,A,L,20,36,0,0,0,0,0,0,0,0,0,0,0,,0.0,0.0,24397,False,fum_rec_td,PFR+RULE2PT
Marc Wilson,1985,3,1985-09-22,False,RAI,SFO,H,L,10,34,1,6,10,0,1,0.0,3,1,1,1,0,,4.5,4.5,24397,False,fum_rec_td,PFR+RULE2PT
Marc Wilson,1985,4,1985-09-29,False,RAI,NWE,A,W,35,20,9,19,162,1,1,72.7,2,2,10,0,0,,9.48,9.48,24397,False,fum_rec_td,PFR+RULE2PT
Marc Wilson,1985,5,1985-10-06,False,RAI,KAN,H,W,19,10,18,29,241,1,0,99.9,3,0,0,0,0,,13.64,13.64,24397,False,fum_rec_td,PFR+RULE2PT
Marc Wilson,1985,6,1985-10-13,False,RAI,NOR,H,W,23,13,14,31,169,1,0,73.2,3,2,2,0,0,,10.96,10.96,24397,False,fum_rec_td,PFR+RULE2PT
Marc Wilson,1985,7,1985-10-20,False,RAI,CLE,A,W,21,20,15,36,213,2,1,68.4,1,1,0,0,0,,14.52,14.52,24397,False,fum_rec_td,PFR+RULE2PT
Marc Wilson,1985,8,1985-10-28,False,RAI,SDG,H,W,34,21,15,31,258,0,2,50.2,1,1,-1,0,0,,6.22,6.22,24397,False,fum_rec_td,PFR+RULE2PT
Marc Wilson,1985,9,1985-11-03,False,RAI,SEA,A,L,3,33,15,33,156,0,4,20.1,4,1,10,0,0,,-0.76,-0.76,24397,False,fum_rec_td,PFR+RULE2PT
Marc Wilson,1985,10,1985-11-10,False,RAI,SDG,A,L,34,40,18,32,297,3,2,92.8,1,4,27,0,0,,22.58,22.58,24397,False,fum_rec_td,PFR+RULE2PT
Marc Wilson,1985,11,1985-11-17,False,RAI,CIN,H,W,13,6,16,31,143,1,1,61.6,2,1,-1,0,0,,7.62,7.62,24397,False,fum_rec_td,PFR+RULE2PT
Marc Wilson,1985,12,1985-11-24,False,RAI,DEN,H,W,31,28,16,34,238,2,3,53.3,2,4,19,1,0,,19.42,19.42,24397,False,fum_rec_td,PFR+RULE2PT
Marc Wilson,1985,13,1985-12-01,False,RAI,ATL,A,W,34,24,13,27,236,3,1,100.2,2,1,5,0,0,,19.94,19.94,24397,False,fum_rec_td,PFR+RULE2PT
Marc Wilson,1985,14,1985-12-08,False,RAI,DEN,A,W,17,14,13,28,93,1,4,26.9,0,5,23,0,0,,2.02,2.02,24397,False,fum_rec_td,PFR+RULE2PT
Marc Wilson,1985,15,1985-12-15,False,RAI,SEA,H,W,13,3,11,22,204,0,0,82.4,2,0,0,0,0,,8.16,8.16,24397,False,fum_rec_td,PFR+RULE2PT
Marc Wilson,1985,16,1985-12-23,False,RAI,RAM,A,W,16,6,19,29,188,1,1,80.8,1,1,3,0,0,,9.82,9.82,24397,False,fum_rec_td,PFR+RULE2PT
Marc Wilson,1985,17,1986-01-05,True,RAI,NWE,H,L,20,27,11,27,135,1,3,29.6,0,1,9,0,0,,4.3,4.3,24397,False,fum_rec_td,PFR+RULE2PT
Marc Wilson,1986,1,1986-09-07,False,RAI,DEN,A,L,36,38,20,33,346,3,0,126.6,3,1,5,0,0,,26.34,26.34,24397,False,fum_rec_td,PFR+RULE2PT
Marc Wilson,1986,2,1986-09-14,False,RAI,WAS,A,L,6,10,20,39,175,0,3,31.5,5,0,0,0,0,,1.0,1.0,24397,False,fum_rec_td,PFR+RULE2PT
Marc Wilson,1986,3,1986-09-21,False,RAI,NYG,H,L,9,14,0,0,0,0,0,0,0,0,0,0,0,,0.0,0.0,24397,False,fum_rec_td,PFR+RULE2PT
Marc Wilson,1986,4,1986-09-28,False,RAI,SDG,H,W,17,13,19,28,314,2,2,99.4,8,2,-4,0,0,,16.16,16.16,24397,False,fum_rec_td,PFR+RULE2PT
Marc Wilson,1986,5,1986-10-05,False,RAI,KAN,A,W,24,17,9,16,81,1,1,64.8,2,3,-1,0,0,,5.14,5.14,24397,False,fum_rec_td,PFR+RULE2PT
Marc Wilson,1986,6,1986-10-12,False,RAI,SEA,H,W,14,10,0,0,0,0,0,0,0,0,0,0,0,,0.0,0.0,24397,False,fum_rec_td,PFR+RULE2PT
Marc Wilson,1986,7,1986-10-19,False,RAI,MIA,A,W,30,28,11,19,116,1,0,93.3,3,3,13,0,0,,9.94,9.94,24397,False,fum_rec_td,PFR+RULE2PT
Marc Wilson,1986,8,1986-10-26,False,RAI,HOU,A,W,28,17,16,34,230,4,1,96.4,2,1,8,0,0,,24.0,24.0,24397,False,fum_rec_td,PFR+RULE2PT
Marc Wilson,1986,9,1986-11-02,False,RAI,DEN,H,L,10,21,25,47,367,1,4,50.6,4,1,0,0,0,,10.68,10.68,24397,False,fum_rec_td,PFR+RULE2PT
Marc Wilson,1986,10,1986-11-09,False,RAI,DAL,A,W,17,13,4,14,37,0,3,0.0,3,3,24,0,0,,-2.12,-2.12,24397,False,fum_rec_td,PFR+RULE2PT
Marc Wilson,1986,11,1986-11-16,False,RAI,CLE,H,W,27,14,0,0,0,0,0,0,0,0,0,0,0,,0.0,0.0,24397,False,fum_rec_td,PFR+RULE2PT
Marc Wilson,1986,12,1986-11-20,False,RAI,SDG,A,W,37,31,0,0,0,0,0,0,0,0,0,0,0,,0.0,0.0,24397,False,fum_rec_td,PFR+RULE2PT
Marc Wilson,1986,13,1986-11-30,False,RAI,PHI,H,L,27,33,0,0,0,0,0,0,0,0,0,0,0,,0.0,0.0,24397,False,fum_rec_td,PFR+RULE2PT
Marc Wilson,1986,14,1986-12-08,False,RAI,SEA,A,L,0,37,5,10,55,0,1,27.1,4,0,0,0,0,,0.2,0.2,24397,False,fum_rec_td,PFR+RULE2PT
Marc Wilson,1986,15,1986-12-14,False,RAI,KAN,H,L,17,20,0,0,0,0,0,0,0,0,0,0,0,,0.0,0.0,24397,False,fum_rec_td,PFR+RULE2PT
Marc Wilson,1986,16,1986-12-21,False,RAI,IND,H,L,24,30,0,0,0,0,0,0,0,0,0,0,0,,0.0,0.0,24397,False,fum_rec_td,PFR+RULE2PT
Marc Wilson,1987,1,1987-09-13,False,RAI,GNB,A,W,20,0,9,16,97,0,0,74.2,2,2,4,0,0,,4.28,4.28,24397,False,fum_rec_td,PFR+RULE2PT
Marc Wilson,1987,2,1987-09-20,False,RAI,DET,H,W,27,7,0,0,0,0,0,0,0,0,0,0,0,,0.0,0.0,24397,False,fum_rec_td,PFR+RULE2PT
Marc Wilson,1987,3,1987-10-04,False,RAI,KAN,H,W,35,17,0,0,0,0,0,0,0,0,0,0,0,,0.0,0.0,24397,False,fum_rec_td,PFR+RULE2PT
Marc Wilson,1987,4,1987-10-12,False,RAI,DEN,A,L,14,30,0,0,0,0,0,0,0,0,0,0,0,,0.0,0.0,24397,False,fum_rec_td,PFR+RULE2PT
Marc Wilson,1987,5,1987-10-18,False,RAI,SDG,H,L,17,23,0,0,0,0,0,0,0,0,0,0,0,,0.0,0.0,24397,False,fum_rec_td,PFR+RULE2PT
Marc Wilson,1987,6,1987-10-25,False,RAI,SEA,H,L,13,35,13,27,173,2,2,62.7,2,0,0,0,0,,10.92,10.92,24397,False,fum_rec_td,PFR+RULE2PT
Marc Wilson,1987,7,1987-11-01,False,RAI,NWE,A,L,23,26,0,0,0,0,0,0,0,0,0,0,0,,0.0,0.0,24397,False,fum_rec_td,PFR+RULE2PT
Marc Wilson,1987,8,1987-11-08,False,RAI,MIN,A,L,20,31,10,20,155,2,1,88.5,3,1,8,0,0,,13.0,13.0,24397,False,fum_rec_td,PFR+RULE2PT
Marc Wilson,1987,9,1987-11-15,False,RAI,SDG,A,L,14,16,15,32,228,2,1,78.6,2,2,23,0,0,,17.42,17.42,24397,False,fum_rec_td,PFR+RULE2PT
Marc Wilson,1987,10,1987-11-22,False,RAI,DEN,H,L,17,23,15,21,173,0,0,95.9,6,2,7,0,0,,7.62,7.62,24397,False,fum_rec_td,PFR+RULE2PT
Marc Wilson,1987,11,1987-11-30,False,RAI,SEA,A,W,37,14,11,18,159,2,0,126.9,1,2,4,0,0,,14.76,14.76,24397,False,fum_rec_td,PFR+RULE2PT
Marc Wilson,1987,12,1987-12-06,False,RAI,BUF,H,W,34,21,21,32,337,3,0,131.9,1,2,6,0,0,,26.08,26.08,24397,False,fum_rec_td,PFR+RULE2PT
Marc Wilson,1987,13,1987-12-13,False,RAI,KAN,A,L,10,16,22,38,339,0,3,54.6,4,0,0,0,0,,7.56,7.56,24397,False,fum_rec_td,PFR+RULE2PT
Marc Wilson,1987,14,1987-12-20,False,RAI,CLE,H,L,17,24,23,36,270,1,0,95.8,4,4,33,0,0,,18.1,18.1,24397,False,fum_rec_td,PFR+RULE2PT
Marc Wilson,1987,15,1987-12-27,False,RAI,CHI,H,L,3,6,13,26,139,0,1,50.0,8,2,6,0,0,,4.16,4.16,24397,False,fum_rec_td,PFR+RULE2PT
Marc Wilson,1989,1,1989-09-10,False,NWE,NYJ,A,W,27,24,0,0,0,0,0,0,0,0,0,0,0,,0.0,0.0,24397,False,fum_rec_td,PFR+RULE2PT
Marc Wilson,1989,4,1989-10-01,False,NWE,BUF,A,L,10,31,0,0,0,0,0,0,0,0,0,0,0,,0.0,0.0,24397,False,fum_rec_td,PFR+RULE2PT
Marc Wilson,1989,5,1989-10-08,False,NWE,HOU,H,W,23,13,0,0,0,0,0,0,0,0,0,0,0,,0.0,0.0,24397,False,fum_rec_td,PFR+RULE2PT
Marc Wilson,1989,6,1989-10-15,False,NWE,ATL,A,L,15,16,0,0,0,0,0,0,0,0,0,0,0,,0.0,0.0,24397,False,fum_rec_td,PFR+RULE2PT
Marc Wilson,1989,7,1989-10-22,False,NWE,SFO,A,L,20,37,0,0,0,0,0,0,0,0,0,0,0,,0.0,0.0,24397,False,fum_rec_td,PFR+RULE2PT
Marc Wilson,1989,8,1989-10-29,False,NWE,IND,A,W,23,20,0,0,0,0,0,0,0,0,0,0,0,,0.0,0.0,24397,False,fum_rec_td,PFR+RULE2PT
Marc Wilson,1989,9,1989-11-05,False,NWE,NYJ,H,L,26,27,12,18,177,2,0,135.6,1,1,5,0,0,,15.58,15.58,24397,False,fum_rec_td,PFR+RULE2PT
Marc Wilson,1989,10,1989-11-12,False,NWE,NOR,H,L,24,28,0,0,0,0,0,0,0,0,0,0,0,,0.0,0.0,24397,False,fum_rec_td,PFR+RULE2PT
Marc Wilson,1989,11,1989-11-19,False,NWE,BUF,H,W,33,24,0,0,0,0,0,0,0,0,0,0,0,,0.0,0.0,24397,False,fum_rec_td,PFR+RULE2PT
Marc Wilson,1989,12,1989-11-26,False,NWE,RAI,A,L,21,24,0,0,0,0,0,0,0,0,0,0,0,,0.0,0.0,24397,False,fum_rec_td,PFR+RULE2PT
Marc Wilson,1989,13,1989-12-03,False,NWE,IND,H,W,22,16,17,31,255,0,1,68.6,1,2,4,0,0,,8.6,8.6,24397,False,fum_rec_td,PFR+RULE2PT
Marc Wilson,1989,14,1989-12-10,False,NWE,MIA,A,L,10,31,17,37,261,0,1,58.5,5,1,9,0,0,,9.34,9.34,24397,False,fum_rec_td,PFR+RULE2PT
Marc Wilson,1989,15,1989-12-17,False,NWE,PIT,A,L,10,28,27,56,297,1,2,55.4,3,3,24,0,0,,14.28,14.28,24397,False,fum_rec_td,PFR+RULE2PT
Marc Wilson,1989,16,1989-12-24,False,NWE,RAM,H,L,20,24,2,8,16,0,1,0.0,0,0,0,0,0,,-1.36,-1.36,24397,False,fum_rec_td,PFR+RULE2PT
Gary Danielson,1980,1,1980-09-07,False,DET,RAM,A,W,41,20,10,19,173,0,0,83.9,,1,-1,0,0,,6.82,6.82,5077,False,sacked;fum_rec_td,PFR+RULE2PT
Gary Danielson,1980,2,1980-09-14,False,DET,GNB,A,W,29,7,11,17,246,1,0,127.7,,2,24,0,0,,16.24,16.24,5077,False,sacked;fum_rec_td,PFR+RULE2PT
Gary Danielson,1980,3,1980-09-21,False,DET,STL,H,W,20,7,12,24,157,1,0,84.9,,2,8,0,0,,11.08,11.08,5077,False,sacked;fum_rec_td,PFR+RULE2PT
Gary Danielson,1980,4,1980-09-28,False,DET,MIN,H,W,27,7,13,26,150,2,1,77.4,,3,24,0,0,,14.4,14.4,5077,False,sacked;fum_rec_td,PFR+RULE2PT
Gary Danielson,1980,5,1980-10-05,False,DET,ATL,A,L,28,43,23,36,348,3,1,111.8,,5,28,0,0,,26.72,26.72,5077,False,sacked;fum_rec_td,PFR+RULE2PT
Gary Danielson,1980,6,1980-10-12,False,DET,NOR,H,W,24,13,13,19,186,0,0,99.9,,5,46,0,0,,12.04,12.04,5077,False,sacked;fum_rec_td,PFR+RULE2PT
Gary Danielson,1980,7,1980-10-19,False,DET,CHI,A,L,7,24,15,27,203,1,0,92.1,,4,9,0,0,,13.02,13.02,5077,False,sacked;fum_rec_td,PFR+RULE2PT
Gary Danielson,1980,8,1980-10-26,False,DET,KAN,A,L,17,20,7,19,102,0,2,15.6,,3,50,0,0,,5.08,5.08,5077,False,sacked;fum_rec_td,PFR+RULE2PT
Gary Danielson,1980,9,1980-11-02,False,DET,SFO,H,W,17,13,23,32,263,1,2,80.6,,3,5,1,0,,17.02,17.02,5077,False,sacked;fum_rec_td,PFR+RULE2PT
Gary Danielson,1980,10,1980-11-09,False,DET,MIN,A,L,0,34,14,25,186,0,1,63.1,,2,2,0,0,,5.64,5.64,5077,False,sacked;fum_rec_td,PFR+RULE2PT
Gary Danielson,1980,11,1980-11-16,False,DET,BAL,H,L,9,10,11,25,116,0,1,41.4,,3,6,0,0,,3.24,3.24,5077,False,sacked;fum_rec_td,PFR+RULE2PT
Gary Danielson,1980,12,1980-11-23,False,DET,TAM,A,W,24,10,22,29,157,0,0,87.9,,4,10,0,0,,7.28,7.28,5077,False,sacked;fum_rec_td,PFR+RULE2PT
Gary Danielson,1980,13,1980-11-27,False,DET,CHI,H,L,17,23,9,21,156,1,0,84.6,,4,12,1,0,,17.44,17.44,5077,False,sacked;fum_rec_td,PFR+RULE2PT
Gary Danielson,1980,14,1980-12-07,False,DET,STL,A,L,23,24,15,28,201,1,1,73.7,,3,3,0,0,,10.34,10.34,5077,False,sacked;fum_rec_td,PFR+RULE2PT
Gary Danielson,1980,15,1980-12-14,False,DET,TAM,H,W,27,14,29,44,360,1,0,98.7,,3,3,0,0,,18.7,18.7,5077,False,sacked;fum_rec_td,PFR+RULE2PT
Gary Danielson,1980,16,1980-12-21,False,DET,GNB,H,W,24,3,17,26,219,1,2,72.4,,1,3,0,0,,9.06,9.06,5077,False,sacked;fum_rec_td,PFR+RULE2PT
Gary Danielson,1981,1,1981-09-06,False,DET,SFO,H,W,24,17,16,27,196,2,1,91.0,,1,6,0,0,,14.44,14.44,5077,False,sacked;fum_rec_td,PFR+RULE2PT
Gary Danielson,1981,2,1981-09-13,False,DET,SDG,A,L,23,28,18,26,213,0,1,77.9,,4,14,1,0,,13.92,13.92,5077,False,sacked;fum_rec_td,PFR+RULE2PT
Gary Danielson,1981,3,1981-09-20,False,DET,MIN,A,L,24,26,14,26,232,0,1,68.1,,3,5,1,0,,13.78,13.78,5077,False,sacked;fum_rec_td,PFR+RULE2PT
Gary Danielson,1981,4,1981-09-27,False,DET,OAK,H,W,16,0,3,10,36,0,2,2.5,,0,0,0,0,,-2.56,-2.56,5077,False,sacked;fum_rec_td,PFR+RULE2PT
Gary Danielson,1981,15,1981-12-12,False,DET,MIN,H,W,45,7,5,7,107,1,0,153.3,,1,-2,0,0,,8.08,8.08,5077,False,sacked;fum_rec_td,PFR+RULE2PT
Gary Danielson,1981,16,1981-12-20,False,DET,TAM,H,L,17,20,0,0,0,0,0,0,,0,0,0,0,,0.0,0.0,5077,False,sacked;fum_rec_td,PFR+RULE2PT
Gary Danielson,1982,1,1982-09-12,False,DET,CHI,H,W,17,10,4,5,63,0,0,118.7,0,5,10,0,0,,3.52,3.52,5077,False,fum_rec_td,PFR+RULE2PT
Gary Danielson,1982,2,1982-09-19,False,DET,RAM,A,W,19,14,13,20,122,1,0,98.3,0,0,0,0,0,,8.88,8.88,5077,False,fum_rec_td,PFR+RULE2PT
Gary Danielson,1982,4,1982-11-25,False,DET,NYG,H,L,6,13,12,19,125,0,3,42.5,2,2,22,0,0,,1.2,1.2,5077,False,fum_rec_td,PFR+RULE2PT
Gary Danielson,1982,5,1982-12-06,False,DET,NYJ,H,L,13,28,14,37,222,1,3,33.8,5,5,41,0,0,,10.98,10.98,5077,False,fum_rec_td,PFR+RULE2PT
Gary Danielson,1982,6,1982-12-12,False,DET,GNB,A,W,30,10,14,30,159,1,3,34.6,2,1,2,0,0,,4.56,4.56,5077,False,fum_rec_td,PFR+RULE2PT
Gary Danielson,1982,7,1982-12-19,False,DET,MIN,H,L,31,34,20,39,347,3,2,86.2,7,3,7,0,0,,22.58,22.58,5077,False,fum_rec_td,PFR+RULE2PT
Gary Danielson,1982,8,1982-12-26,False,DET,TAM,A,L,21,23,7,16,106,2,2,66.1,1,3,1,0,0,,8.34,8.34,5077,False,fum_rec_td,PFR+RULE2PT
Gary Danielson,1982,9,1983-01-02,False,DET,GNB,H,W,27,24,16,31,199,2,1,79.9,2,4,9,0,0,,14.86,14.86,5077,False,fum_rec_td,PFR+RULE2PT
Gary Danielson,1983,1,1983-09-04,False,DET,TAM,A,W,11,0,8,10,89,0,0,103.7,1,0,0,0,0,,3.56,3.56,5077,False,fum_rec_td,PFR+RULE2PT
Gary Danielson,1983,2,1983-09-11,False,DET,CLE,H,L,26,31,10,17,126,1,1,77.1,0,1,-1,0,0,,6.94,6.94,5077,False,fum_rec_td,PFR+RULE2PT
Gary Danielson,1983,3,1983-09-18,False,DET,ATL,H,L,14,30,12,22,139,1,1,70.1,1,0,0,0,0,,7.56,7.56,5077,False,fum_rec_td,PFR+RULE2PT
Gary Danielson,1983,6,1983-10-09,False,DET,GNB,H,W,38,14,0,0,0,0,0,0,0,0,0,0,0,,0.0,0.0,5077,False,fum_rec_td,PFR+RULE2PT
Gary Danielson,1983,7,1983-10-16,False,DET,CHI,H,W,31,17,4,12,51,1,0,75.3,1,0,0,0,0,,6.04,6.04,5077,False,fum_rec_td,PFR+RULE2PT
Gary Danielson,1983,8,1983-10-23,False,DET,WAS,A,L,17,38,8,17,104,1,1,61.9,2,0,0,0,0,,6.16,6.16,5077,False,fum_rec_td,PFR+RULE2PT
Gary Danielson,1983,11,1983-11-13,False,DET,HOU,A,L,17,27,3,7,18,1,1,50.3,1,0,0,0,0,,2.72,2.72,5077,False,fum_rec_td,PFR+RULE2PT
Gary Danielson,1983,13,1983-11-24,False,DET,PIT,H,W,45,3,2,3,3,1,0,109.7,0,0,0,0,0,,4.12,4.12,5077,False,fum_rec_td,PFR+RULE2PT
Gary Danielson,1983,15,1983-12-11,False,DET,CIN,A,L,9,17,3,13,47,0,0,42.1,2,3,9,0,0,,2.78,2.78,5077,False,fum_rec_td,PFR+RULE2PT
Gary Danielson,1983,16,1983-12-18,False,DET,TAM,H,W,23,20,9,12,143,1,0,142.0,0,2,0,0,0,,9.72,9.72,5077,False,fum_rec_td,PFR+RULE2PT
Gary Danielson,1983,17,1983-12-31,True,DET,SFO,A,L,23,24,24,38,236,0,5,41.0,2,4,17,0,0,,1.14,1.14,5077,False,fum_rec_td,PFR+RULE2PT
Gary Danielson,1984,1,1984-09-02,False,DET,SFO,H,L,27,30,17,24,177,2,0,119.6,1,1,16,0,0,,16.68,16.68,5077,False,fum_rec_td,PFR+RULE2PT
Gary Danielson,1984,2,1984-09-09,False,DET,ATL,A,W,27,24,21,32,250,2,0,110.2,1,0,0,0,0,,18.0,18.0,5077,False,fum_rec_td,PFR+RULE2PT
Gary Danielson,1984,3,1984-09-16,False,DET,TAM,A,L,17,21,15,36,176,1,0,66.4,2,3,14,1,0,,18.44,18.44,5077,False,fum_rec_td,PFR+RULE2PT
Gary Danielson,1984,4,1984-09-23,False,DET,MIN,H,L,28,29,24,30,218,4,0,136.5,1,5,49,0,0,,29.62,29.62,5077,False,fum_rec_td,PFR+RULE2PT
Gary Danielson,1984,5,1984-09-30,False,DET,SDG,A,L,24,27,20,25,269,0,0,111.5,4,0,0,0,0,,10.76,10.76,5077,False,fum_rec_td,PFR+RULE2PT
Gary Danielson,1984,6,1984-10-07,False,DET,DEN,H,L,7,28,17,29,244,0,4,46.4,5,3,9,1,0,,8.66,8.66,5077,False,fum_rec_td,PFR+RULE2PT
Gary Danielson,1984,7,1984-10-14,False,DET,TAM,H,W,13,7,6,12,91,1,0,103.1,1,5,39,1,0,,17.54,17.54,5077,False,fum_rec_td,PFR+RULE2PT
Gary Danielson,1984,8,1984-10-21,False,DET,MIN,A,W,16,14,19,28,260,0,1,82.4,0,6,14,0,0,,9.8,9.8,5077,False,fum_rec_td,PFR+RULE2PT
Gary Danielson,1984,9,1984-10-28,False,DET,GNB,A,L,9,41,21,36,234,0,1,66.2,3,3,16,0,0,,8.96,8.96,5077,False,fum_rec_td,PFR+RULE2PT
Gary Danielson,1984,10,1984-11-04,False,DET,PHI,H,T,23,23,23,38,275,1,2,69.5,8,2,2,0,0,,19.4,20.4,5077,False,fum_rec_td,PFR+RULE2PT
Gary Danielson,1984,11,1984-11-11,False,DET,WAS,A,L,14,28,18,41,226,1,3,39.3,5,3,44,0,0,,11.44,11.44,5077,False,fum_rec_td,PFR+RULE2PT
Gary Danielson,1984,12,1984-11-18,False,DET,CHI,A,L,14,16,10,16,115,1,0,104.9,3,0,0,0,0,,8.6,8.6,5077,False,fum_rec_td,PFR+RULE2PT
Gary Danielson,1984,13,1984-11-22,False,DET,GNB,H,W,31,28,24,33,305,3,1,118.9,0,6,8,0,0,,23.0,23.0,5077,False,fum_rec_td,PFR+RULE2PT
Gary Danielson,1984,14,1984-12-02,False,DET,SEA,A,L,17,38,11,20,117,1,2,49.4,1,3,2,0,0,,4.88,4.88,5077,False,fum_rec_td,PFR+RULE2PT
Gary Danielson,1984,15,1984-12-10,False,DET,RAI,H,L,3,24,6,10,119,0,1,62.1,6,1,5,0,0,,3.26,3.26,5077,False,fum_rec_td,PFR+RULE2PT
Gary Danielson,1985,1,1985-09-08,False,CLE,STL,H,L,24,27,17,25,202,2,1,102.4,3,6,60,0,0,,20.08,20.08,5077,False,fum_rec_td,PFR+RULE2PT
Gary Danielson,1985,2,1985-09-16,False,CLE,PIT,H,W,17,7,18,30,206,1,1,77.9,6,6,23,0,0,,12.54,12.54,5077,False,fum_rec_td,PFR+RULE2PT
Gary Danielson,1985,3,1985-09-22,False,CLE,DAL,A,L,7,20,14,26,193,0,2,45.8,4,6,25,0,0,,6.22,6.22,5077,False,fum_rec_td,PFR+RULE2PT
Gary Danielson,1985,4,1985-09-29,False,CLE,SDG,A,W,21,7,16,24,170,2,0,114.9,1,3,16,0,0,,16.4,16.4,5077,False,fum_rec_td,PFR+RULE2PT
Gary Danielson,1985,5,1985-10-06,False,CLE,NWE,H,W,24,20,11,19,164,0,1,64.4,0,1,4,0,0,,4.96,4.96,5077,False,fum_rec_td,PFR+RULE2PT
Gary Danielson,1985,8,1985-10-27,False,CLE,WAS,H,L,7,14,9,15,99,1,0,101.8,2,2,0,0,0,,7.96,7.96,5077,False,fum_rec_td,PFR+RULE2PT
Gary Danielson,1985,12,1985-11-24,False,CLE,CIN,H,W,24,6,4,7,105,1,0,141.4,0,1,-2,0,0,,8.0,8.0,5077,False,fum_rec_td,PFR+RULE2PT
Gary Danielson,1985,13,1985-12-01,False,CLE,NYG,A,W,35,33,8,17,135,1,1,69.5,1,0,0,0,0,,7.4,7.4,5077,False,fum_rec_td,PFR+RULE2PT
Gary Danielson,1987,2,1987-09-20,False,CLE,PIT,H,W,34,10,0,0,0,0,0,0,0,0,0,0,0,,0.0,0.0,5077,False,fum_rec_td,PFR+RULE2PT
Gary Danielson,1987,5,1987-10-18,False,CLE,CIN,A,W,34,0,25,31,281,4,0,144.0,2,1,0,0,0,,27.24,27.24,5077,False,fum_rec_td,PFR+RULE2PT
Gary Danielson,1987,8,1987-11-08,False,CLE,ATL,H,W,38,3,0,1,0,0,0,39.6,0,0,0,0,0,,0.0,0.0,5077,False,fum_rec_td,PFR+RULE2PT
Gary Danielson,1987,9,1987-11-15,False,CLE,BUF,H,W,27,21,0,0,0,0,0,0,0,0,0,0,0,,0.0,0.0,5077,False,fum_rec_td,PFR+RULE2PT
Gary Danielson,1987,10,1987-11-22,False,CLE,HOU,A,W,40,7,0,1,0,0,0,39.6,0,0,0,0,0,,0.0,0.0,5077,False,fum_rec_td,PFR+RULE2PT
Gary Danielson,1987,11,1987-11-29,False,CLE,SFO,A,L,24,38,0,0,0,0,0,0,0,0,0,0,0,,0.0,0.0,5077,False,fum_rec_td,PFR+RULE2PT
Gary Danielson,1988,1,1988-09-04,False,CLE,KAN,A,W,6,3,18,29,170,0,1,63.9,2,1,-2,0,0,,4.6,4.6,5077,False,fum_rec_td,PFR+RULE2PT
Gary Danielson,1988,2,1988-09-11,False,CLE,NYJ,H,L,3,23,13,23,154,0,0,77.1,4,3,5,0,0,,6.66,6.66,5077,False,fum_rec_td,PFR+RULE2PT
Rodney Peete,1989,4,1989-10-01,False,DET,PIT,H,L,3,23,15,30,160,0,1,52.1,2,0,0,0,0,,4.4,4.4,17316,False,fum_rec_td,PFR+RULE2PT
Rodney Peete,1989,6,1989-10-15,False,DET,TAM,A,W,17,16,17,31,268,1,2,67.7,4,10,78,1,0,,24.52,24.52,17316,False,fum_rec_td,PFR+RULE2PT
Rodney Peete,1989,7,1989-10-22,False,DET,MIN,H,L,7,20,19,36,240,0,2,50.7,8,8,25,1,0,,14.1,14.1,17316,False,fum_rec_td,PFR+RULE2PT
Rodney Peete,1989,8,1989-10-29,False,DET,GNB,A,L,20,23,14,28,201,1,1,70.7,1,4,26,1,0,,18.64,18.64,17316,False,fum_rec_td,PFR+RULE2PT
Rodney Peete,1989,9,1989-11-05,False,DET,HOU,A,L,31,35,18,29,273,1,1,90.2,3,1,3,0,0,,13.22,13.22,17316,False,fum_rec_td,PFR+RULE2PT
Rodney Peete,1989,10,1989-11-12,False,DET,GNB,H,W,31,22,7,15,77,2,1,74.2,4,6,0,0,0,,9.08,9.08,17316,False,fum_rec_td,PFR+RULE2PT
Rodney Peete,1989,11,1989-11-19,False,DET,CIN,A,L,7,42,5,8,83,0,0,97.4,1,1,-1,0,0,,3.22,3.22,17316,False,fum_rec_td,PFR+RULE2PT
Rodney Peete,1989,13,1989-12-03,False,DET,NOR,H,W,21,14,8,18,177,0,1,56.9,4,3,17,1,0,,12.78,12.78,17316,False,fum_rec_td,PFR+RULE2PT
Don Majkowski,1987,1,1987-09-13,False,GNB,RAI,H,L,0,20,2,7,15,0,0,39.6,0,0,0,0,0,,0.6,0.6,13900,False,fum_rec_td,PFR+RULE2PT
Don Majkowski,1987,2,1987-09-20,False,GNB,DEN,H,T,17,17,10,21,121,1,0,81.6,3,3,16,0,0,,10.44,10.44,13900,False,fum_rec_td,PFR+RULE2PT
Don Majkowski,1987,6,1987-10-25,False,GNB,DET,A,W,34,33,19,29,323,1,1,100.2,3,1,2,0,0,,15.12,15.12,13900,False,fum_rec_td,PFR+RULE2PT
Don Majkowski,1987,7,1987-11-01,False,GNB,TAM,H,L,17,23,4,14,43,0,0,39.9,3,6,51,0,0,,6.82,6.82,13900,False,fum_rec_td,PFR+RULE2PT
Don Majkowski,1987,9,1987-11-15,False,GNB,SEA,A,L,13,24,4,16,80,0,1,21.9,0,1,4,0,0,,1.6,1.6,13900,False,fum_rec_td,PFR+RULE2PT
Don Majkowski,1987,10,1987-11-22,False,GNB,KAN,A,W,23,3,2,11,74,0,0,55.1,0,0,0,0,0,,2.96,2.96,13900,False,fum_rec_td,PFR+RULE2PT
Don Majkowski,1987,15,1987-12-27,False,GNB,NOR,A,L,24,33,14,29,219,3,1,93.9,1,4,54,0,0,,24.16,24.16,13900,False,fum_rec_td,PFR+RULE2PT
Don Majkowski,1988,1,1988-09-04,False,GNB,RAM,H,L,7,34,5,10,49,1,1,57.9,1,1,24,0,0,,6.36,6.36,13900,False,fum_rec_td,PFR+RULE2PT
Don Majkowski,1988,3,1988-09-18,False,GNB,MIA,A,L,17,24,11,19,105,0,0,73.4,0,1,5,0,0,,4.7,4.7,13900,False,fum_rec_td,PFR+RULE2PT
Don Majkowski,1988,5,1988-10-02,False,GNB,TAM,A,L,24,27,1,1,56,0,0,118.7,0,0,0,0,0,,2.24,2.24,13900,False,fum_rec_td,PFR+RULE2PT
Don Majkowski,1988,6,1988-10-09,False,GNB,NWE,H,W,45,3,18,26,210,1,0,106.2,3,6,8,1,0,,19.2,19.2,13900,False,fum_rec_td,PFR+RULE2PT
Don Majkowski,1988,7,1988-10-16,False,GNB,MIN,A,W,34,14,19,32,243,0,1,70.2,2,11,29,0,0,,10.62,10.62,13900,False,fum_rec_td,PFR+RULE2PT
Don Majkowski,1988,8,1988-10-23,False,GNB,WAS,H,L,17,20,8,26,134,2,0,74.8,3,3,38,0,0,,17.16,17.16,13900,False,fum_rec_td,PFR+RULE2PT
Don Majkowski,1988,9,1988-10-30,False,GNB,BUF,A,L,0,28,11,29,93,0,1,32.7,6,2,12,0,0,,2.92,2.92,13900,False,fum_rec_td,PFR+RULE2PT
Don Majkowski,1988,10,1988-11-06,False,GNB,ATL,A,L,0,20,14,32,162,0,2,33.6,1,5,36,0,0,,6.08,6.08,13900,False,fum_rec_td,PFR+RULE2PT
Don Majkowski,1988,11,1988-11-13,False,GNB,IND,H,L,13,20,24,41,216,1,0,80.9,5,2,4,0,0,,13.04,13.04,13900,False,fum_rec_td,PFR+RULE2PT
Don Majkowski,1988,12,1988-11-20,False,GNB,DET,H,L,9,19,30,44,327,1,1,88.0,3,2,18,0,0,,16.88,16.88,13900,False,fum_rec_td,PFR+RULE2PT
Don Majkowski,1988,13,1988-11-27,False,GNB,CHI,A,L,0,16,14,30,184,0,2,38.8,4,1,9,0,0,,4.26,4.26,13900,False,fum_rec_td,PFR+RULE2PT
Don Majkowski,1988,15,1988-12-11,False,GNB,MIN,H,W,18,6,5,10,85,1,1,72.9,1,7,15,0,0,,6.9,6.9,13900,False,fum_rec_td,PFR+RULE2PT
Don Majkowski,1988,16,1988-12-18,False,GNB,PHO,A,W,26,17,18,36,255,2,2,68.6,2,6,27,0,0,,16.9,16.9,13900,False,fum_rec_td,PFR+RULE2PT
Don Majkowski,1989,1,1989-09-10,False,GNB,TAM,H,L,21,23,17,27,220,1,3,61.3,2,1,7,0,0,,7.5,7.5,13900,False,fum_rec_td,PFR+RULE2PT
Don Majkowski,1989,2,1989-09-17,False,GNB,NOR,H,W,35,34,25,32,354,3,1,131.0,2,7,28,0,0,,26.96,26.96,13900,False,fum_rec_td,PFR+RULE2PT
Don Majkowski,1989,3,1989-09-24,False,GNB,RAM,A,L,38,41,25,43,335,2,3,69.4,3,3,22,1,0,,23.6,23.6,13900,False,fum_rec_td,PFR+RULE2PT
Don Majkowski,1989,4,1989-10-01,False,GNB,ATL,H,W,23,21,19,35,295,1,2,68.2,0,9,39,0,0,,15.7,15.7,13900,False,fum_rec_td,PFR+RULE2PT
Don Majkowski,1989,5,1989-10-08,False,GNB,DAL,H,W,31,13,21,32,313,4,0,137.1,0,9,32,0,0,,31.72,31.72,13900,False,fum_rec_td,PFR+RULE2PT
Don Majkowski,1989,6,1989-10-15,False,GNB,MIN,A,L,14,26,9,24,198,1,2,46.9,7,3,8,0,0,,8.72,8.72,13900,False,fum_rec_td,PFR+RULE2PT
Don Majkowski,1989,7,1989-10-22,False,GNB,MIA,A,L,20,23,26,42,221,2,0,91.5,2,3,12,0,0,,18.04,18.04,13900,False,fum_rec_td,PFR+RULE2PT
Don Majkowski,1989,8,1989-10-29,False,GNB,DET,H,W,23,20,29,45,367,2,1,95.3,4,3,25,0,0,,23.18,23.18,13900,False,fum_rec_td,PFR+RULE2PT
Don Majkowski,1989,9,1989-11-05,False,GNB,CHI,H,W,14,13,23,40,299,2,1,87.4,5,1,14,0,0,,19.36,19.36,13900,False,fum_rec_td,PFR+RULE2PT
Don Majkowski,1989,10,1989-11-12,False,GNB,DET,A,L,22,31,34,59,357,1,2,66.8,5,8,46,0,0,,18.88,18.88,13900,False,fum_rec_td,PFR+RULE2PT
Don Majkowski,1989,11,1989-11-19,False,GNB,SFO,A,W,21,17,18,30,153,1,0,84.4,2,6,15,2,0,,23.62,23.62,13900,False,fum_rec_td,PFR+RULE2PT
Don Majkowski,1989,12,1989-11-26,False,GNB,MIN,H,W,20,19,26,35,276,2,1,104.0,4,4,3,0,0,,17.34,17.34,13900,False,fum_rec_td,PFR+RULE2PT
Don Majkowski,1989,13,1989-12-03,False,GNB,TAM,A,W,17,16,25,53,331,2,2,64.3,2,3,8,0,0,,18.04,18.04,13900,False,fum_rec_td,PFR+RULE2PT
Don Majkowski,1989,14,1989-12-10,False,GNB,KAN,H,L,3,21,14,34,123,0,1,39.2,4,4,33,0,0,,6.22,6.22,13900,False,fum_rec_td,PFR+RULE2PT
Don Majkowski,1989,15,1989-12-17,False,GNB,CHI,A,W,40,28,21,36,244,1,1,76.6,1,6,59,2,0,,29.66,29.66,13900,False,fum_rec_td,PFR+RULE2PT
Don Majkowski,1989,16,1989-12-24,False,GNB,DAL,A,W,20,10,21,32,232,2,0,107.8,4,5,7,0,0,,17.98,17.98,13900,False,fum_rec_td,PFR+RULE2PT
Vince Ferragamo,1980,1,1980-09-07,False,RAM,DET,H,L,20,41,4,5,46,0,0,105.0,,0,0,0,0,,1.84,1.84,6841,False,sacked;fum_rec_td,PFR+RULE2PT
Vince Ferragamo,1980,2,1980-09-11,False,RAM,TAM,A,L,9,10,17,29,191,0,4,38.8,,0,0,0,0,,-0.36,-0.36,6841,False,sacked;fum_rec_td,PFR+RULE2PT
Vince Ferragamo,1980,3,1980-09-21,False,RAM,GNB,H,W,51,21,15,19,202,3,0,150.5,,2,3,0,0,,20.38,20.38,6841,False,sacked;fum_rec_td,PFR+RULE2PT
Vince Ferragamo,1980,4,1980-09-28,False,RAM,NYG,A,W,28,7,14,18,215,1,1,111.8,,0,0,0,0,,10.6,10.6,6841,False,sacked;fum_rec_td,PFR+RULE2PT
Vince Ferragamo,1980,5,1980-10-05,False,RAM,SFO,H,W,48,26,20,27,304,4,0,150.3,,2,13,0,0,,29.46,29.46,6841,False,sacked;fum_rec_td,PFR+RULE2PT
Vince Ferragamo,1980,6,1980-10-12,False,RAM,STL,A,W,21,13,12,23,99,1,0,78.0,,4,9,1,0,,14.86,14.86,6841,False,sacked;fum_rec_td,PFR+RULE2PT
Vince Ferragamo,1980,7,1980-10-19,False,RAM,SFO,A,W,31,17,18,27,291,4,1,126.7,,1,5,0,0,,26.14,26.14,6841,False,sacked;fum_rec_td,PFR+RULE2PT
Vince Ferragamo,1980,8,1980-10-26,False,RAM,ATL,A,L,10,13,18,36,253,1,2,59.1,,1,3,0,0,,10.42,10.42,6841,False,sacked;fum_rec_td,PFR+RULE2PT
Vince Ferragamo,1980,9,1980-11-02,False,RAM,NOR,H,W,45,31,15,26,270,5,1,117.0,,1,-1,0,0,,28.7,28.7,6841,False,sacked;fum_rec_td,PFR+RULE2PT
Vince Ferragamo,1980,10,1980-11-09,False,RAM,MIA,H,L,14,35,19,42,209,1,4,28.9,,1,8,0,0,,5.16,5.16,6841,False,sacked;fum_rec_td,PFR+RULE2PT
Vince Ferragamo,1980,11,1980-11-16,False,RAM,NWE,A,W,17,14,14,26,164,1,2,54.0,,1,-3,0,0,,6.26,6.26,6841,False,sacked;fum_rec_td,PFR+RULE2PT
Vince Ferragamo,1980,12,1980-11-24,False,RAM,NOR,A,W,27,7,14,24,163,1,0,92.9,,0,0,0,0,,10.52,10.52,6841,False,sacked;fum_rec_td,PFR+RULE2PT
Vince Ferragamo,1980,13,1980-11-30,False,RAM,NYJ,H,W,38,13,22,36,284,4,4,83.3,,2,-3,0,0,,19.06,19.06,6841,False,sacked;fum_rec_td,PFR+RULE2PT
Vince Ferragamo,1980,14,1980-12-07,False,RAM,BUF,A,L,7,10,3,7,20,0,0,50.3,,0,0,0,0,,0.8,0.8,6841,False,sacked;fum_rec_td,PFR+RULE2PT
Vince Ferragamo,1980,15,1980-12-15,False,RAM,DAL,H,W,38,14,15,25,275,3,0,137.5,,0,0,0,0,,23.0,23.0,6841,False,sacked;fum_rec_td,PFR+RULE2PT
Vince Ferragamo,1980,16,1980-12-21,False,RAM,ATL,H,W,20,17,20,34,213,1,0,87.0,,0,0,0,0,,12.52,12.52,6841,False,sacked;fum_rec_td,PFR+RULE2PT
Vince Ferragamo,1980,17,1980-12-28,True,RAM,DAL,A,L,13,34,14,30,175,1,3,36.8,,0,0,0,0,,5.0,5.0,6841,False,sacked;fum_rec_td,PFR+RULE2PT
Vince Ferragamo,1982,2,1982-09-19,False,RAM,DET,H,L,14,19,11,17,184,1,0,120.7,1,0,0,0,0,,11.36,11.36,6841,False,fum_rec_td,PFR+RULE2PT
Vince Ferragamo,1982,4,1982-11-28,False,RAM,KAN,H,W,20,14,0,0,0,0,0,0,0,0,0,0,0,,0.0,0.0,6841,False,fum_rec_td,PFR+RULE2PT
Vince Ferragamo,1982,5,1982-12-02,False,RAM,SFO,H,L,24,30,20,43,286,1,2,56.9,1,1,1,0,0,,11.54,11.54,6841,False,fum_rec_td,PFR+RULE2PT
Vince Ferragamo,1982,6,1982-12-12,False,RAM,DEN,H,L,24,27,14,33,181,0,3,22.4,2,0,0,0,0,,1.24,1.24,6841,False,fum_rec_td,PFR+RULE2PT
Vince Ferragamo,1982,7,1982-12-18,False,RAM,RAI,A,L,31,37,20,35,222,2,2,71.4,2,1,1,1,0,,18.98,18.98,6841,False,fum_rec_td,PFR+RULE2PT
Vince Ferragamo,1982,8,1982-12-26,False,RAM,CHI,H,L,26,34,30,46,509,3,2,106.2,1,1,2,0,0,,28.56,28.56,6841,False,fum_rec_td,PFR+RULE2PT
Vince Ferragamo,1982,9,1983-01-02,False,RAM,SFO,A,W,21,20,23,35,227,2,0,102.9,0,1,-1,0,0,,16.98,16.98,6841,False,fum_rec_td,PFR+RULE2PT
Vince Ferragamo,1983,1,1983-09-04,False,RAM,NYG,A,W,16,6,17,28,279,2,2,88.2,0,5,-3,0,0,,14.86,14.86,6841,False,fum_rec_td,PFR+RULE2PT
Vince Ferragamo,1983,2,1983-09-11,False,RAM,NOR,H,W,30,27,17,30,266,1,2,69.6,1,2,-7,0,0,,9.94,9.94,6841,False,fum_rec_td,PFR+RULE2PT
Vince Ferragamo,1983,3,1983-09-18,False,RAM,GNB,A,L,24,27,20,30,259,2,1,101.9,2,1,1,0,0,,16.46,16.46,6841,False,fum_rec_td,PFR+RULE2PT
Vince Ferragamo,1983,4,1983-09-25,False,RAM,NYJ,A,L,24,27,22,37,232,1,4,47.2,1,0,0,0,0,,5.28,5.28,6841,False,fum_rec_td,PFR+RULE2PT
Vince Ferragamo,1983,5,1983-10-02,False,RAM,DET,H,W,21,10,14,20,140,0,1,68.7,2,0,0,0,0,,3.6,3.6,6841,False,fum_rec_td,PFR+RULE2PT
Vince Ferragamo,1983,6,1983-10-09,False,RAM,SFO,A,W,10,7,13,26,118,0,1,46.6,0,1,4,0,0,,3.12,3.12,6841,False,fum_rec_td,PFR+RULE2PT
Vince Ferragamo,1983,7,1983-10-16,False,RAM,ATL,H,W,27,21,23,36,247,2,1,90.9,4,1,2,0,0,,16.08,16.08,6841,False,fum_rec_td,PFR+RULE2PT
Vince Ferragamo,1983,8,1983-10-23,False,RAM,SFO,H,L,35,45,26,35,327,5,2,118.7,3,1,6,0,0,,29.68,29.68,6841,False,fum_rec_td,PFR+RULE2PT
Vince Ferragamo,1983,9,1983-10-30,False,RAM,MIA,A,L,14,30,23,38,213,1,3,51.8,1,1,0,0,0,,6.52,6.52,6841,False,fum_rec_td,PFR+RULE2PT
Vince Ferragamo,1983,10,1983-11-06,False,RAM,CHI,H,W,21,14,12,23,131,1,0,83.8,1,0,0,0,0,,9.24,9.24,6841,False,fum_rec_td,PFR+RULE2PT
Vince Ferragamo,1983,11,1983-11-14,False,RAM,ATL,A,W,36,13,15,22,173,2,0,122.0,0,2,3,0,0,,15.22,15.22,6841,False,fum_rec_td,PFR+RULE2PT
Vince Ferragamo,1983,12,1983-11-20,False,RAM,WAS,H,L,20,42,8,20,100,1,4,33.3,2,1,-1,0,0,,-0.1,-0.1,6841,False,fum_rec_td,PFR+RULE2PT
Vince Ferragamo,1983,13,1983-11-27,False,RAM,BUF,H,W,41,17,18,31,206,3,0,110.4,1,0,0,0,0,,20.24,20.24,6841,False,fum_rec_td,PFR+RULE2PT
Vince Ferragamo,1983,14,1983-12-04,False,RAM,PHI,A,L,9,13,17,33,232,0,0,74.3,0,4,4,0,0,,9.68,9.68,6841,False,fum_rec_td,PFR+RULE2PT
Vince Ferragamo,1983,15,1983-12-11,False,RAM,NWE,H,L,7,21,14,24,178,1,1,78.1,1,2,10,0,0,,10.12,10.12,6841,False,fum_rec_td,PFR+RULE2PT
Vince Ferragamo,1983,16,1983-12-18,False,RAM,NOR,A,W,26,24,15,31,175,0,1,52.5,2,1,-2,0,0,,4.8,4.8,6841,False,fum_rec_td,PFR+RULE2PT
Vince Ferragamo,1983,17,1983-12-26,True,RAM,DAL,A,W,24,17,15,30,162,3,0,99.6,2,4,-10,0,0,,17.48,17.48,6841,False,fum_rec_td,PFR+RULE2PT
Vince Ferragamo,1983,18,1984-01-01,True,RAM,WAS,A,L,7,51,20,43,175,1,3,36.5,3,0,0,0,0,,5.0,5.0,6841,False,fum_rec_td,PFR+RULE2PT
Vince Ferragamo,1984,1,1984-09-03,False,RAM,DAL,H,L,13,20,11,33,84,0,4,2.8,3,3,-1,0,0,,-4.74,-4.74,6841,False,fum_rec_td,PFR+RULE2PT
Vince Ferragamo,1984,2,1984-09-09,False,RAM,CLE,H,W,20,17,12,20,101,1,2,50.2,2,0,0,0,0,,4.04,4.04,6841,False,fum_rec_td,PFR+RULE2PT
Vince Ferragamo,1984,3,1984-09-16,False,RAM,PIT,A,L,14,24,6,13,132,1,2,68.9,2,1,1,0,0,,5.38,5.38,6841,False,fum_rec_td,PFR+RULE2PT
Vince Ferragamo,1985,1,1985-09-08,False,BUF,SDG,H,L,9,14,31,46,377,0,2,74.3,1,0,0,0,0,,11.08,11.08,6841,False,fum_rec_td,PFR+RULE2PT
Vince Ferragamo,1985,2,1985-09-15,False,BUF,NYJ,A,L,3,42,16,30,150,0,4,27.8,3,0,0,0,0,,-2.0,-2.0,6841,False,fum_rec_td,PFR+RULE2PT
Vince Ferragamo,1985,3,1985-09-22,False,BUF,NWE,H,L,14,17,23,39,251,2,1,84.5,0,2,5,0,0,,16.54,16.54,6841,False,fum_rec_td,PFR+RULE2PT
Vince Ferragamo,1985,4,1985-09-29,False,BUF,MIN,H,L,20,27,18,33,173,0,2,44.1,3,3,3,1,0,,9.22,9.22,6841,False,fum_rec_td,PFR+RULE2PT
Vince Ferragamo,1985,5,1985-10-06,False,BUF,IND,A,L,17,49,12,29,174,1,2,44.3,2,1,5,0,0,,7.46,7.46,6841,False,fum_rec_td,PFR+RULE2PT
Vince Ferragamo,1985,6,1985-10-13,False,BUF,NWE,A,L,3,14,12,31,114,0,2,22.8,4,0,0,0,0,,0.56,0.56,6841,False,fum_rec_td,PFR+RULE2PT
Vince Ferragamo,1985,7,1985-10-20,False,BUF,IND,H,W,21,9,8,20,85,1,1,49.0,3,0,0,0,0,,5.4,5.4,6841,False,fum_rec_td,PFR+RULE2PT
Vince Ferragamo,1985,8,1985-10-27,False,BUF,PHI,A,L,17,21,22,36,219,1,2,64.5,1,2,2,0,0,,8.96,8.96,6841,False,fum_rec_td,PFR+RULE2PT
Vince Ferragamo,1985,9,1985-11-03,False,BUF,CIN,H,L,17,23,7,23,134,0,1,33.6,2,0,0,0,0,,3.36,3.36,6841,False,fum_rec_td,PFR+RULE2PT
Vince Ferragamo,1985,10,1985-11-10,False,BUF,HOU,H,W,20,0,0,0,0,0,0,0,0,0,0,0,0,,0.0,0.0,6841,False,fum_rec_td,PFR+RULE2PT
Vince Ferragamo,1986,2,1986-09-14,False,GNB,NOR,A,L,10,24,10,15,100,0,2,45.8,0,0,0,0,0,,0.0,0.0,6841,False,fum_rec_td,PFR+RULE2PT
Vince Ferragamo,1986,3,1986-09-22,False,GNB,CHI,H,L,12,25,1,2,20,0,0,85.4,1,0,0,0,0,,0.8,0.8,6841,False,fum_rec_td,PFR+RULE2PT
Vince Ferragamo,1986,4,1986-09-28,False,GNB,MIN,A,L,7,42,12,23,163,1,1,71.5,2,1,0,0,0,,8.52,8.52,6841,False,fum_rec_td,PFR+RULE2PT
Tony Eason,1983,1,1983-09-04,False,NWE,BAL,H,L,23,29,0,0,0,0,0,0,0,0,0,0,0,,0.0,0.0,6191,False,fum_rec_td,PFR+RULE2PT
Tony Eason,1983,2,1983-09-11,False,NWE,MIA,A,L,24,34,4,4,58,0,0,118.7,1,1,4,0,0,,2.72,2.72,6191,False,fum_rec_td,PFR+RULE2PT
Tony Eason,1983,3,1983-09-18,False,NWE,NYJ,H,W,23,13,0,0,0,0,0,0,0,0,0,0,0,,0.0,0.0,6191,False,fum_rec_td,PFR+RULE2PT
Tony Eason,1983,4,1983-09-25,False,NWE,PIT,A,W,28,23,0,0,0,0,0,0,0,0,0,0,0,,0.0,0.0,6191,False,fum_rec_td,PFR+RULE2PT
Tony Eason,1983,5,1983-10-02,False,NWE,SFO,H,L,13,33,0,0,0,0,0,0,0,0,0,0,0,,0.0,0.0,6191,False,fum_rec_td,PFR+RULE2PT
Tony Eason,1983,6,1983-10-09,False,NWE,BAL,A,L,7,12,0,0,0,0,0,0,0,0,0,0,0,,0.0,0.0,6191,False,fum_rec_td,PFR+RULE2PT
Tony Eason,1983,7,1983-10-16,False,NWE,SDG,H,W,37,21,0,0,0,0,0,0,0,0,0,0,0,,0.0,0.0,6191,False,fum_rec_td,PFR+RULE2PT
Tony Eason,1983,8,1983-10-23,False,NWE,BUF,A,W,31,0,0,0,0,0,0,0,0,0,0,0,0,,0.0,0.0,6191,False,fum_rec_td,PFR+RULE2PT
Tony Eason,1983,9,1983-10-30,False,NWE,ATL,A,L,13,24,0,0,0,0,0,0,0,0,0,0,0,,0.0,0.0,6191,False,fum_rec_td,PFR+RULE2PT
Tony Eason,1983,10,1983-11-06,False,NWE,BUF,H,W,21,7,0,0,0,0,0,0,0,0,0,0,0,,0.0,0.0,6191,False,fum_rec_td,PFR+RULE2PT
Tony Eason,1983,11,1983-11-13,False,NWE,MIA,H,W,17,6,0,0,0,0,0,0,0,0,0,0,0,,0.0,0.0,6191,False,fum_rec_td,PFR+RULE2PT
Tony Eason,1983,12,1983-11-20,False,NWE,CLE,H,L,0,30,4,11,34,0,2,5.7,2,2,11,0,0,,-1.54,-1.54,6191,False,fum_rec_td,PFR+RULE2PT
Tony Eason,1983,13,1983-11-27,False,NWE,NYJ,A,L,3,26,13,27,159,0,1,51.3,5,1,12,0,0,,5.56,5.56,6191,False,fum_rec_td,PFR+RULE2PT
Tony Eason,1983,14,1983-12-04,False,NWE,NOR,H,W,7,0,3,10,30,0,0,39.6,2,7,12,0,0,,2.4,2.4,6191,False,fum_rec_td,PFR+RULE2PT
Tony Eason,1983,15,1983-12-11,False,NWE,RAM,A,W,21,7,12,21,172,0,1,64.0,3,6,-4,0,0,,4.48,4.48,6191,False,fum_rec_td,PFR+RULE2PT
Tony Eason,1983,16,1983-12-18,False,NWE,SEA,A,L,6,24,10,22,104,1,1,55.9,3,2,4,0,0,,6.56,6.56,6191,False,fum_rec_td,PFR+RULE2PT
Tony Eason,1984,1,1984-09-02,False,NWE,BUF,A,W,21,17,0,0,0,0,0,0,0,0,0,0,0,,0.0,0.0,6191,False,fum_rec_td,PFR+RULE2PT
Tony Eason,1984,2,1984-09-09,False,NWE,MIA,A,L,7,28,0,0,0,0,0,0,0,0,0,0,0,,0.0,0.0,6191,False,fum_rec_td,PFR+RULE2PT
Tony Eason,1984,3,1984-09-16,False,NWE,SEA,H,W,38,23,12,22,126,2,0,101.7,1,4,25,1,0,,21.54,21.54,6191,False,fum_rec_td,PFR+RULE2PT
Tony Eason,1984,4,1984-09-23,False,NWE,WAS,H,L,10,26,21,31,254,1,0,103.4,4,0,0,0,0,,14.16,14.16,6191,False,fum_rec_td,PFR+RULE2PT
Tony Eason,1984,5,1984-09-30,False,NWE,NYJ,A,W,28,21,28,42,354,3,0,116.6,0,8,11,1,0,,33.26,33.26,6191,False,fum_rec_td,PFR+RULE2PT
Tony Eason,1984,6,1984-10-07,False,NWE,CLE,A,W,17,16,14,21,178,1,0,108.8,5,3,20,0,0,,13.12,13.12,6191,False,fum_rec_td,PFR+RULE2PT
Tony Eason,1984,7,1984-10-14,False,NWE,CIN,H,W,20,14,11,22,187,0,1,60.2,2,6,39,2,0,,21.38,21.38,6191,False,fum_rec_td,PFR+RULE2PT
Tony Eason,1984,8,1984-10-21,False,NWE,MIA,H,L,24,44,19,29,313,3,0,136.1,1,2,2,0,0,,24.72,24.72,6191,False,fum_rec_td,PFR+RULE2PT
Tony Eason,1984,9,1984-10-28,False,NWE,NYJ,H,W,30,20,23,35,273,1,1,87.0,4,3,6,0,0,,13.52,13.52,6191,False,fum_rec_td,PFR+RULE2PT
Tony Eason,1984,10,1984-11-04,False,NWE,DEN,A,L,19,26,21,38,313,1,1,80.3,4,2,18,0,0,,16.32,16.32,6191,False,fum_rec_td,PFR+RULE2PT
Tony Eason,1984,11,1984-11-11,False,NWE,BUF,H,W,38,10,23,34,227,3,2,91.2,3,6,12,0,0,,18.28,18.28,6191,False,fum_rec_td,PFR+RULE2PT
Tony Eason,1984,12,1984-11-18,False,NWE,IND,A,W,50,17,29,42,291,4,0,120.2,6,1,3,0,0,,27.94,27.94,6191,False,fum_rec_td,PFR+RULE2PT
Tony Eason,1984,13,1984-11-22,False,NWE,DAL,A,L,17,20,19,38,204,1,1,63.9,10,2,14,1,0,,17.56,17.56,6191,False,fum_rec_td,PFR+RULE2PT
Tony Eason,1984,14,1984-12-02,False,NWE,STL,H,L,10,33,16,32,191,1,1,66.0,8,1,2,0,0,,9.84,9.84,6191,False,fum_rec_td,PFR+RULE2PT
Tony Eason,1984,15,1984-12-09,False,NWE,PHI,A,L,17,27,12,28,194,1,1,63.7,4,1,3,0,0,,10.06,10.06,6191,False,fum_rec_td,PFR+RULE2PT
Tony Eason,1984,16,1984-12-16,False,NWE,IND,H,W,16,10,11,17,123,1,0,105.8,7,1,-1,0,0,,8.82,8.82,6191,False,fum_rec_td,PFR+RULE2PT
Tony Eason,1985,1,1985-09-08,False,NWE,GNB,H,W,26,20,21,28,241,1,1,97.5,4,4,2,0,0,,11.84,11.84,6191,False,fum_rec_td,PFR+RULE2PT
Tony Eason,1985,2,1985-09-15,False,NWE,CHI,A,L,7,20,15,35,234,1,3,39.5,6,0,0,0,0,,7.36,7.36,6191,False,fum_rec_td,PFR+RULE2PT
Tony Eason,1985,3,1985-09-22,False,NWE,BUF,A,W,17,14,12,21,100,0,1,49.7,0,2,-5,0,0,,1.5,1.5,6191,False,fum_rec_td,PFR+RULE2PT
Tony Eason,1985,4,1985-09-29,False,NWE,RAI,H,L,20,35,13,36,200,1,3,29.9,3,0,0,0,0,,6.0,6.0,6191,False,fum_rec_td,PFR+RULE2PT
Tony Eason,1985,5,1985-10-06,False,NWE,CLE,A,L,20,24,20,38,304,1,1,77.1,2,1,9,0,0,,15.06,15.06,6191,False,fum_rec_td,PFR+RULE2PT
Tony Eason,1985,6,1985-10-13,False,NWE,BUF,H,W,14,3,8,16,65,0,2,21.1,3,1,0,0,0,,-1.4,-1.4,6191,False,fum_rec_td,PFR+RULE2PT
Tony Eason,1985,7,1985-10-20,False,NWE,NYJ,H,W,20,13,0,0,0,0,0,0,0,0,0,0,0,,0.0,0.0,6191,False,fum_rec_td,PFR+RULE2PT
Tony Eason,1985,8,1985-10-27,False,NWE,TAM,A,W,32,14,0,0,0,0,0,0,0,0,0,0,0,,0.0,0.0,6191,False,fum_rec_td,PFR+RULE2PT
Tony Eason,1985,9,1985-11-03,False,NWE,MIA,H,W,17,13,0,0,0,0,0,0,0,0,0,0,0,,0.0,0.0,6191,False,fum_rec_td,PFR+RULE2PT
Tony Eason,1985,10,1985-11-10,False,NWE,IND,H,W,34,15,0,0,0,0,0,0,0,0,0,0,0,,0.0,0.0,6191,False,fum_rec_td,PFR+RULE2PT
Tony Eason,1985,11,1985-11-17,False,NWE,SEA,A,W,20,13,0,0,0,0,0,0,0,0,0,0,0,,0.0,0.0,6191,False,fum_rec_td,PFR+RULE2PT
Tony Eason,1985,12,1985-11-24,False,NWE,NYJ,A,L,13,16,23,34,221,1,0,95.3,5,4,35,0,0,,16.34,16.34,6191,False,fum_rec_td,PFR+RULE2PT
Tony Eason,1985,13,1985-12-01,False,NWE,IND,A,W,38,31,20,28,293,3,1,126.0,2,5,-3,0,0,,21.42,21.42,6191,False,fum_rec_td,PFR+RULE2PT
Tony Eason,1985,14,1985-12-08,False,NWE,DET,H,W,23,6,14,22,136,1,1,77.1,0,3,11,1,0,,14.54,14.54,6191,False,fum_rec_td,PFR+RULE2PT
Tony Eason,1985,15,1985-12-16,False,NWE,MIA,A,L,27,30,14,26,217,1,3,55.0,2,0,0,0,0,,6.68,6.68,6191,False,fum_rec_td,PFR+RULE2PT
Tony Eason,1985,16,1985-12-22,False,NWE,CIN,H,W,34,23,8,15,145,1,1,81.3,1,2,21,0,0,,9.9,9.9,6191,False,fum_rec_td,PFR+RULE2PT
Tony Eason,1985,17,1985-12-28,True,NWE,NYJ,A,W,26,14,12,16,179,1,0,132.0,3,6,14,0,0,,12.56,12.56,6191,False,fum_rec_td,PFR+RULE2PT
Tony Eason,1985,18,1986-01-05,True,NWE,RAI,A,W,27,20,7,14,117,1,0,102.4,3,3,-4,0,0,,8.28,8.28,6191,False,fum_rec_td,PFR+RULE2PT
Tony Eason,1985,19,1986-01-12,True,NWE,MIA,A,W,31,14,10,12,71,3,0,130.9,0,3,-7,0,0,,14.14,14.14,6191,False,fum_rec_td,PFR+RULE2PT
Tony Eason,1985,20,1986-01-26,True,NWE,CHI,N,L,10,46,0,6,0,0,0,39.6,3,0,0,0,0,,0.0,0.0,6191,False,fum_rec_td,PFR+RULE2PT
Tony Eason,1986,1,1986-09-07,False,NWE,IND,H,W,33,3,18,29,252,1,0,101.5,1,0,0,0,0,,14.08,14.08,6191,False,fum_rec_td,PFR+RULE2PT
Tony Eason,1986,2,1986-09-11,False,NWE,NYJ,A,W,20,6,14,22,148,1,0,98.3,2,1,1,0,0,,10.02,10.02,6191,False,fum_rec_td,PFR+RULE2PT
Tony Eason,1986,3,1986-09-21,False,NWE,SEA,H,L,31,38,26,45,414,3,0,110.8,3,1,24,0,0,,30.96,30.96,6191,False,fum_rec_td,PFR+RULE2PT
Tony Eason,1986,4,1986-09-28,False,NWE,DEN,A,L,20,27,23,37,228,2,0,97.6,5,2,12,0,0,,18.32,18.32,6191,False,fum_rec_td,PFR+RULE2PT
Tony Eason,1986,5,1986-10-05,False,NWE,MIA,H,W,34,7,12,16,161,2,0,146.1,1,1,1,0,0,,14.54,14.54,6191,False,fum_rec_td,PFR+RULE2PT
Tony Eason,1986,7,1986-10-19,False,NWE,PIT,A,W,34,0,0,0,0,0,0,0,0,0,0,0,0,,0.0,0.0,6191,False,fum_rec_td,PFR+RULE2PT
Tony Eason,1986,8,1986-10-26,False,NWE,BUF,A,W,23,3,17,26,206,0,0,89.6,3,4,55,0,0,,13.74,13.74,6191,False,fum_rec_td,PFR+RULE2PT
Tony Eason,1986,9,1986-11-02,False,NWE,ATL,H,W,25,17,15,31,263,1,1,75.1,0,1,1,0,0,,12.62,12.62,6191,False,fum_rec_td,PFR+RULE2PT
Tony Eason,1986,10,1986-11-09,False,NWE,IND,A,W,30,21,19,33,240,2,1,87.9,2,11,35,0,0,,19.1,19.1,6191,False,fum_rec_td,PFR+RULE2PT
Tony Eason,1986,11,1986-11-16,False,NWE,RAM,A,W,30,28,36,52,375,2,2,86.6,5,3,23,0,0,,21.3,21.3,6191,False,fum_rec_td,PFR+RULE2PT
Tony Eason,1986,12,1986-11-23,False,NWE,BUF,H,W,22,19,24,33,229,1,1,89.1,6,6,25,0,0,,13.66,13.66,6191,False,fum_rec_td,PFR+RULE2PT
Tony Eason,1986,13,1986-11-30,False,NWE,NOR,A,W,21,20,22,38,271,1,1,77.9,5,4,-7,0,0,,12.14,12.14,6191,False,fum_rec_td,PFR+RULE2PT
Tony Eason,1986,14,1986-12-07,False,NWE,CIN,H,L,7,31,22,40,255,0,2,53.6,6,1,0,0,0,,6.2,6.2,6191,False,fum_rec_td,PFR+RULE2PT
Tony Eason,1986,15,1986-12-14,False,NWE,SFO,H,L,24,29,22,37,227,2,2,72.7,3,0,0,0,0,,13.08,13.08,6191,False,fum_rec_td,PFR+RULE2PT
Tony Eason,1986,16,1986-12-22,False,NWE,MIA,A,W,34,27,6,9,59,1,0,122.0,1,0,0,0,0,,6.36,6.36,6191,False,fum_rec_td,PFR+RULE2PT
Tony Eason,1986,17,1987-01-04,True,NWE,DEN,A,L,17,22,13,24,194,2,0,108.7,6,2,23,0,0,,18.06,18.06,6191,False,fum_rec_td,PFR+RULE2PT
Tony Eason,1987,1,1987-09-13,False,NWE,MIA,H,W,28,21,0,0,0,0,0,0,0,0,0,0,0,,0.0,0.0,6191,False,fum_rec_td,PFR+RULE2PT
Tony Eason,1987,2,1987-09-21,False,NWE,NYJ,A,L,24,43,18,34,186,2,1,76.3,5,0,0,0,0,,13.44,13.44,6191,False,fum_rec_td,PFR+RULE2PT
Tony Eason,1987,6,1987-10-25,False,NWE,IND,A,L,16,30,22,42,246,1,1,68.2,2,2,21,0,0,,13.94,13.94,6191,False,fum_rec_td,PFR+RULE2PT
Tony Eason,1987,7,1987-11-01,False,NWE,RAI,H,W,26,23,2,3,21,0,0,86.8,1,1,4,0,0,,1.24,1.24,6191,False,fum_rec_td,PFR+RULE2PT
Tony Eason,1988,15,1988-12-11,False,NWE,TAM,H,W,10,7,16,27,155,0,2,44.5,1,3,14,0,0,,3.6,3.6,6191,False,fum_rec_td,PFR+RULE2PT
Tony Eason,1988,16,1988-12-17,False,NWE,DEN,A,L,10,21,12,16,94,0,0,89.1,1,2,4,0,0,,4.16,4.16,6191,False,fum_rec_td,PFR+RULE2PT
Tony Eason,1989,1,1989-09-10,False,NWE,NYJ,A,W,27,24,15,23,273,2,2,98.6,0,2,-2,0,0,,14.72,14.72,6191,False,fum_rec_td,PFR+RULE2PT
Tony Eason,1989,2,1989-09-17,False,NWE,MIA,H,L,10,24,25,49,341,1,1,71.9,7,0,0,0,0,,15.64,15.64,6191,False,fum_rec_td,PFR+RULE2PT
Tony Eason,1989,3,1989-09-24,False,NWE,SEA,H,L,3,24,17,33,147,0,1,50.9,3,0,0,0,0,,3.88,3.88,6191,False,fum_rec_td,PFR+RULE2PT
Tony Eason,1989,15,1989-12-17,False,NYJ,RAM,A,L,14,38,10,14,130,1,1,94.3,4,0,0,0,0,,7.2,7.2,6191,False,fum_rec_td,PFR+RULE2PT
Tony Eason,1989,16,1989-12-23,False,NYJ,BUF,H,L,0,37,12,22,125,0,1,52.3,3,1,0,0,0,,3.0,3.0,6191,False,fum_rec_td,PFR+RULE2PT
Eric Hipple,1980,1,1980-09-07,False,DET,RAM,A,W,41,20,0,0,0,0,0,0,,0,0,0,0,,0.0,0.0,9945,False,sacked;fum_rec_td,PFR+RULE2PT
Eric Hipple,1980,2,1980-09-14,False,DET,GNB,A,W,29,7,0,0,0,0,0,0,,0,0,0,0,,0.0,0.0,9945,False,sacked;fum_rec_td,PFR+RULE2PT
Eric Hipple,1980,3,1980-09-21,False,DET,STL,H,W,20,7,0,0,0,0,0,0,,0,0,0,0,,0.0,0.0,9945,False,sacked;fum_rec_td,PFR+RULE2PT
Eric Hipple,1980,4,1980-09-28,False,DET,MIN,H,W,27,7,0,0,0,0,0,0,,0,0,0,0,,0.0,0.0,9945,False,sacked;fum_rec_td,PFR+RULE2PT
Eric Hipple,1980,5,1980-10-05,False,DET,ATL,A,L,28,43,0,0,0,0,0,0,,0,0,0,0,,0.0,0.0,9945,False,sacked;fum_rec_td,PFR+RULE2PT
Eric Hipple,1980,6,1980-10-12,False,DET,NOR,H,W,24,13,0,0,0,0,0,0,,0,0,0,0,,0.0,0.0,9945,False,sacked;fum_rec_td,PFR+RULE2PT
Eric Hipple,1980,7,1980-10-19,False,DET,CHI,A,L,7,24,0,0,0,0,0,0,,0,0,0,0,,0.0,0.0,9945,False,sacked;fum_rec_td,PFR+RULE2PT
Eric Hipple,1980,8,1980-10-26,False,DET,KAN,A,L,17,20,0,0,0,0,0,0,,0,0,0,0,,0.0,0.0,9945,False,sacked;fum_rec_td,PFR+RULE2PT
Eric Hipple,1980,9,1980-11-02,False,DET,SFO,H,W,17,13,0,0,0,0,0,0,,0,0,0,0,,0.0,0.0,9945,False,sacked;fum_rec_td,PFR+RULE2PT
Eric Hipple,1980,11,1980-11-16,False,DET,BAL,H,L,9,10,0,0,0,0,0,0,,0,0,0,0,,0.0,0.0,9945,False,sacked;fum_rec_td,PFR+RULE2PT
Eric Hipple,1980,12,1980-11-23,False,DET,TAM,A,W,24,10,0,0,0,0,0,0,,0,0,0,0,,0.0,0.0,9945,False,sacked;fum_rec_td,PFR+RULE2PT
Eric Hipple,1980,13,1980-11-27,False,DET,CHI,H,L,17,23,0,0,0,0,0,0,,0,0,0,0,,0.0,0.0,9945,False,sacked;fum_rec_td,PFR+RULE2PT
Eric Hipple,1980,14,1980-12-07,False,DET,STL,A,L,23,24,0,0,0,0,0,0,,0,0,0,0,,0.0,0.0,9945,False,sacked;fum_rec_td,PFR+RULE2PT
Eric Hipple,1980,15,1980-12-14,False,DET,TAM,H,W,27,14,0,0,0,0,0,0,,0,0,0,0,,0.0,0.0,9945,False,sacked;fum_rec_td,PFR+RULE2PT
Eric Hipple,1980,16,1980-12-21,False,DET,GNB,H,W,24,3,0,0,0,0,0,0,,0,0,0,0,,0.0,0.0,9945,False,sacked;fum_rec_td,PFR+RULE2PT
Eric Hipple,1981,1,1981-09-06,False,DET,SFO,H,W,24,17,0,0,0,0,0,0,,0,0,0,0,,0.0,0.0,9945,False,sacked;fum_rec_td,PFR+RULE2PT
Eric Hipple,1981,2,1981-09-13,False,DET,SDG,A,L,23,28,0,0,0,0,0,0,,0,0,0,0,,0.0,0.0,9945,False,sacked;fum_rec_td,PFR+RULE2PT
Eric Hipple,1981,3,1981-09-20,False,DET,MIN,A,L,24,26,0,0,0,0,0,0,,0,0,0,0,,0.0,0.0,9945,False,sacked;fum_rec_td,PFR+RULE2PT
Eric Hipple,1981,4,1981-09-27,False,DET,OAK,H,W,16,0,0,0,0,0,0,0,,0,0,0,0,,0.0,0.0,9945,False,sacked;fum_rec_td,PFR+RULE2PT
Eric Hipple,1981,5,1981-10-04,False,DET,TAM,A,L,10,28,4,15,102,0,2,15.8,,2,4,0,0,,0.48,0.48,9945,False,sacked;fum_rec_td,PFR+RULE2PT
Eric Hipple,1981,6,1981-10-11,False,DET,DEN,A,L,21,27,0,0,0,0,0,0,,0,0,0,0,,0.0,0.0,9945,False,sacked;fum_rec_td,PFR+RULE2PT
Eric Hipple,1981,7,1981-10-19,False,DET,CHI,H,W,48,17,14,25,336,4,0,140.4,,4,13,2,0,,42.74,42.74,9945,False,sacked;fum_rec_td,PFR+RULE2PT
Eric Hipple,1981,8,1981-10-25,False,DET,GNB,H,W,31,27,20,36,271,1,1,77.4,,5,20,2,0,,26.84,26.84,9945,False,sacked;fum_rec_td,PFR+RULE2PT
Eric Hipple,1981,9,1981-11-01,False,DET,RAM,A,L,13,20,7,25,193,1,2,39.2,,2,-7,0,0,,7.02,7.02,9945,False,sacked;fum_rec_td,PFR+RULE2PT
Eric Hipple,1981,10,1981-11-08,False,DET,WAS,A,L,31,33,14,22,282,1,3,82.8,,2,2,1,0,,15.48,15.48,9945,False,sacked;fum_rec_td,PFR+RULE2PT
Eric Hipple,1981,11,1981-11-15,False,DET,DAL,H,W,27,24,13,23,264,2,1,107.9,,5,27,0,0,,19.26,19.26,9945,False,sacked;fum_rec_td,PFR+RULE2PT
Eric Hipple,1981,12,1981-11-22,False,DET,CHI,A,W,23,7,10,29,145,0,1,37.3,,9,32,1,0,,13.0,13.0,9945,False,sacked;fum_rec_td,PFR+RULE2PT
Eric Hipple,1981,13,1981-11-26,False,DET,KAN,H,W,27,10,10,22,132,2,0,95.3,,3,22,0,0,,15.48,15.48,9945,False,sacked;fum_rec_td,PFR+RULE2PT
Eric Hipple,1981,14,1981-12-06,False,DET,GNB,A,L,17,31,17,33,240,0,2,50.1,,4,27,0,0,,8.3,8.3,9945,False,sacked;fum_rec_td,PFR+RULE2PT
Eric Hipple,1981,15,1981-12-12,False,DET,MIN,H,W,45,7,13,21,188,2,1,102.9,,1,9,0,0,,14.42,14.42,9945,False,sacked;fum_rec_td,PFR+RULE2PT
Eric Hipple,1981,16,1981-12-20,False,DET,TAM,H,L,17,20,18,28,205,1,2,68.3,,4,19,1,0,,16.1,16.1,9945,False,sacked;fum_rec_td,PFR+RULE2PT
Eric Hipple,1982,1,1982-09-12,False,DET,CHI,H,W,17,10,9,23,105,1,1,50.1,3,1,8,0,0,,7.0,7.0,9945,False,fum_rec_td,PFR+RULE2PT
Eric Hipple,1982,2,1982-09-19,False,DET,RAM,A,W,19,14,4,13,97,0,1,26.8,1,0,0,0,0,,1.88,1.88,9945,False,fum_rec_td,PFR+RULE2PT
Eric Hipple,1982,3,1982-11-21,False,DET,CHI,A,L,17,20,15,32,119,1,2,41.0,7,2,14,0,0,,6.16,6.16,9945,False,fum_rec_td,PFR+RULE2PT
Eric Hipple,1982,4,1982-11-25,False,DET,NYG,H,L,6,13,3,12,39,0,0,40.6,0,3,14,0,0,,2.96,2.96,9945,False,fum_rec_td,PFR+RULE2PT
Eric Hipple,1982,5,1982-12-06,False,DET,NYJ,H,L,13,28,0,0,0,0,0,0,0,0,0,0,0,,0.0,0.0,9945,False,fum_rec_td,PFR+RULE2PT
Eric Hipple,1982,6,1982-12-12,False,DET,GNB,A,W,30,10,1,2,-2,0,0,56.2,0,0,0,0,0,,-0.08,-0.08,9945,False,fum_rec_td,PFR+RULE2PT
Eric Hipple,1982,7,1982-12-19,False,DET,MIN,H,L,31,34,0,0,0,0,0,0,0,0,0,0,0,,0.0,0.0,9945,False,fum_rec_td,PFR+RULE2PT
Eric Hipple,1982,8,1982-12-26,False,DET,TAM,A,L,21,23,0,0,0,0,0,0,0,0,0,0,0,,0.0,0.0,9945,False,fum_rec_td,PFR+RULE2PT
Eric Hipple,1982,9,1983-01-02,False,DET,GNB,H,W,27,24,4,4,53,0,0,118.7,0,4,21,0,0,,4.22,4.22,9945,False,fum_rec_td,PFR+RULE2PT
Eric Hipple,1982,10,1983-01-08,True,DET,WAS,A,L,7,31,22,38,298,1,2,69.8,4,6,47,0,0,,16.62,16.62,9945,False,fum_rec_td,PFR+RULE2PT
Eric Hipple,1983,1,1983-09-04,False,DET,TAM,A,W,11,0,14,24,174,0,1,63.5,2,3,11,0,0,,6.06,6.06,9945,False,fum_rec_td,PFR+RULE2PT
Eric Hipple,1983,2,1983-09-11,False,DET,CLE,H,L,26,31,15,25,233,2,2,84.2,3,1,0,0,0,,13.32,13.32,9945,False,fum_rec_td,PFR+RULE2PT
Eric Hipple,1983,3,1983-09-18,False,DET,ATL,H,L,14,30,12,19,115,0,0,79.9,2,1,5,0,0,,5.1,5.1,9945,False,fum_rec_td,PFR+RULE2PT
Eric Hipple,1983,4,1983-09-25,False,DET,MIN,A,L,17,20,18,41,267,1,5,34.3,8,2,2,1,0,,10.88,10.88,9945,False,fum_rec_td,PFR+RULE2PT
Eric Hipple,1983,5,1983-10-02,False,DET,RAM,A,L,10,21,19,41,202,1,1,59.2,1,1,1,0,0,,10.18,10.18,9945,False,fum_rec_td,PFR+RULE2PT
Eric Hipple,1983,6,1983-10-09,False,DET,GNB,H,W,38,14,21,29,235,2,0,119.2,1,5,16,0,0,,19.0,19.0,9945,False,fum_rec_td,PFR+RULE2PT
Eric Hipple,1983,7,1983-10-16,False,DET,CHI,H,W,31,17,7,16,151,1,0,98.7,0,4,22,1,0,,18.24,18.24,9945,False,fum_rec_td,PFR+RULE2PT
Eric Hipple,1983,8,1983-10-23,False,DET,WAS,A,L,17,38,5,17,37,0,1,15.1,3,0,0,0,0,,-0.52,-0.52,9945,False,fum_rec_td,PFR+RULE2PT
Eric Hipple,1983,9,1983-10-30,False,DET,CHI,A,W,38,17,12,19,216,1,0,119.6,1,5,29,0,0,,15.54,15.54,9945,False,fum_rec_td,PFR+RULE2PT
Eric Hipple,1983,10,1983-11-07,False,DET,NYG,H,W,15,9,15,24,152,0,2,45.8,2,5,28,0,0,,4.88,4.88,9945,False,fum_rec_td,PFR+RULE2PT
Eric Hipple,1983,11,1983-11-13,False,DET,HOU,A,L,17,27,17,29,213,0,3,42.0,2,2,6,0,0,,3.12,3.12,9945,False,fum_rec_td,PFR+RULE2PT
Eric Hipple,1983,12,1983-11-20,False,DET,GNB,A,W,23,20,14,35,138,1,2,37.6,2,4,13,1,0,,12.82,12.82,9945,False,fum_rec_td,PFR+RULE2PT
Eric Hipple,1983,13,1983-11-24,False,DET,PIT,H,W,45,3,10,18,153,2,0,120.8,4,5,26,0,0,,16.72,16.72,9945,False,fum_rec_td,PFR+RULE2PT
Eric Hipple,1983,14,1983-12-05,False,DET,MIN,H,W,13,2,9,17,120,1,0,95.2,3,0,0,0,0,,8.8,8.8,9945,False,fum_rec_td,PFR+RULE2PT
Eric Hipple,1983,15,1983-12-11,False,DET,CIN,A,L,9,17,7,18,91,0,1,32.4,1,3,12,0,0,,2.84,2.84,9945,False,fum_rec_td,PFR+RULE2PT
Eric Hipple,1983,16,1983-12-18,False,DET,TAM,H,W,23,20,9,15,80,0,0,74.3,2,0,0,0,0,,3.2,3.2,9945,False,fum_rec_td,PFR+RULE2PT
Eric Hipple,1984,1,1984-09-02,False,DET,SFO,H,L,27,30,0,0,0,0,0,0,0,0,0,0,0,,0.0,0.0,9945,False,fum_rec_td,PFR+RULE2PT
Eric Hipple,1984,2,1984-09-09,False,DET,ATL,A,W,27,24,0,0,0,0,0,0,0,0,0,0,0,,0.0,0.0,9945,False,fum_rec_td,PFR+RULE2PT
Eric Hipple,1984,3,1984-09-16,False,DET,TAM,A,L,17,21,0,0,0,0,0,0,0,0,0,0,0,,0.0,0.0,9945,False,fum_rec_td,PFR+RULE2PT
Eric Hipple,1984,4,1984-09-23,False,DET,MIN,H,L,28,29,0,0,0,0,0,0,0,0,0,0,0,,0.0,0.0,9945,False,fum_rec_td,PFR+RULE2PT
Eric Hipple,1984,5,1984-09-30,False,DET,SDG,A,L,24,27,0,0,0,0,0,0,0,0,0,0,0,,0.0,0.0,9945,False,fum_rec_td,PFR+RULE2PT
Eric Hipple,1984,6,1984-10-07,False,DET,DEN,H,L,7,28,0,0,0,0,0,0,0,0,0,0,0,,0.0,0.0,9945,False,fum_rec_td,PFR+RULE2PT
Eric Hipple,1984,7,1984-10-14,False,DET,TAM,H,W,13,7,5,11,59,0,0,62.3,0,2,3,0,0,,2.66,2.66,9945,False,fum_rec_td,PFR+RULE2PT
Eric Hipple,1984,16,1984-12-16,False,DET,CHI,H,L,13,30,11,27,187,1,1,61.8,7,0,0,0,0,,9.48,9.48,9945,False,fum_rec_td,PFR+RULE2PT
Eric Hipple,1985,1,1985-09-08,False,DET,ATL,A,W,28,27,9,23,188,3,2,72.1,4,3,-4,0,0,,15.12,15.12,9945,False,fum_rec_td,PFR+RULE2PT
Eric Hipple,1985,2,1985-09-15,False,DET,DAL,H,W,26,21,10,24,141,1,1,57.8,2,5,1,1,0,,13.74,13.74,9945,False,fum_rec_td,PFR+RULE2PT
Eric Hipple,1985,3,1985-09-22,False,DET,IND,A,L,6,14,12,26,131,0,1,45.5,5,3,29,0,0,,6.14,6.14,9945,False,fum_rec_td,PFR+RULE2PT
Eric Hipple,1985,4,1985-09-29,False,DET,TAM,H,W,30,9,19,31,250,2,0,108.3,4,3,11,1,0,,25.1,25.1,9945,False,fum_rec_td,PFR+RULE2PT
Eric Hipple,1985,5,1985-10-06,False,DET,GNB,A,L,10,43,17,29,218,0,1,67.9,3,2,26,0,0,,9.32,9.32,9945,False,fum_rec_td,PFR+RULE2PT
Eric Hipple,1985,6,1985-10-13,False,DET,WAS,A,L,3,24,13,29,213,0,2,41.3,6,0,0,0,0,,4.52,4.52,9945,False,fum_rec_td,PFR+RULE2PT
Eric Hipple,1985,7,1985-10-20,False,DET,SFO,H,W,23,21,4,8,80,0,0,85.4,1,0,0,0,0,,3.2,3.2,9945,False,fum_rec_td,PFR+RULE2PT
Eric Hipple,1985,8,1985-10-27,False,DET,MIA,H,W,31,21,14,19,239,3,0,155.2,4,2,-2,0,0,,21.36,21.36,9945,False,fum_rec_td,PFR+RULE2PT
Eric Hipple,1985,9,1985-11-03,False,DET,MIN,A,L,13,16,7,10,80,0,0,93.7,2,3,5,0,0,,3.7,3.7,9945,False,fum_rec_td,PFR+RULE2PT
Eric Hipple,1985,10,1985-11-10,False,DET,CHI,A,L,3,24,8,17,73,0,2,19.6,4,2,-2,0,0,,-1.28,-1.28,9945,False,fum_rec_td,PFR+RULE2PT
Eric Hipple,1985,11,1985-11-17,False,DET,MIN,H,W,41,21,14,20,193,3,1,119.4,1,2,8,0,0,,18.52,18.52,9945,False,fum_rec_td,PFR+RULE2PT
Eric Hipple,1985,12,1985-11-24,False,DET,TAM,A,L,16,19,22,38,225,0,1,64.0,3,2,3,0,0,,7.3,7.3,9945,False,fum_rec_td,PFR+RULE2PT
Eric Hipple,1985,13,1985-11-28,False,DET,NYJ,H,W,31,20,19,29,269,4,1,120.5,1,2,-2,0,0,,24.56,24.56,9945,False,fum_rec_td,PFR+RULE2PT
Eric Hipple,1985,14,1985-12-08,False,DET,NWE,A,L,6,23,14,29,144,0,0,63.0,1,1,6,0,0,,6.36,6.36,9945,False,fum_rec_td,PFR+RULE2PT
Eric Hipple,1985,15,1985-12-15,False,DET,GNB,H,L,23,26,19,30,221,0,3,46.0,2,2,10,0,0,,3.84,3.84,9945,False,fum_rec_td,PFR+RULE2PT
Eric Hipple,1985,16,1985-12-22,False,DET,CHI,H,L,17,37,22,44,287,1,3,50.1,6,0,0,0,0,,9.48,9.48,9945,False,fum_rec_td,PFR+RULE2PT
Eric Hipple,1986,1,1986-09-07,False,DET,MIN,A,W,13,10,8,15,95,0,1,45.1,2,2,5,0,0,,2.3,2.3,9945,False,fum_rec_td,PFR+RULE2PT
Eric Hipple,1986,2,1986-09-14,False,DET,DAL,H,L,7,31,10,16,91,0,0,77.9,1,0,0,0,0,,3.64,3.64,9945,False,fum_rec_td,PFR+RULE2PT
Eric Hipple,1986,3,1986-09-21,False,DET,TAM,H,L,20,24,31,46,318,0,2,68.9,4,2,5,0,0,,9.22,9.22,9945,False,fum_rec_td,PFR+RULE2PT
Eric Hipple,1986,4,1986-09-28,False,DET,CLE,A,L,21,24,33,48,251,3,0,102.0,3,3,27,0,0,,24.74,24.74,9945,False,fum_rec_td,PFR+RULE2PT
Eric Hipple,1986,5,1986-10-05,False,DET,HOU,H,W,24,13,7,14,93,1,0,95.2,2,3,0,0,0,,7.72,7.72,9945,False,fum_rec_td,PFR+RULE2PT
Eric Hipple,1986,6,1986-10-12,False,DET,GNB,A,W,21,14,15,19,102,1,1,84.6,0,1,-2,0,0,,5.88,5.88,9945,False,fum_rec_td,PFR+RULE2PT
Eric Hipple,1986,7,1986-10-19,False,DET,RAM,A,L,10,14,31,50,316,1,2,70.1,2,3,11,0,0,,13.74,13.74,9945,False,fum_rec_td,PFR+RULE2PT
Eric Hipple,1986,8,1986-10-26,False,DET,CHI,A,L,7,13,12,27,161,0,2,33.1,3,0,0,0,0,,2.44,2.44,9945,False,fum_rec_td,PFR+RULE2PT
Eric Hipple,1986,9,1986-11-02,False,DET,CIN,H,L,17,24,23,33,287,2,2,91.4,3,0,0,0,0,,15.48,15.48,9945,False,fum_rec_td,PFR+RULE2PT
Eric Hipple,1986,10,1986-11-09,False,DET,MIN,H,L,10,24,22,37,205,1,1,72.5,1,2,0,0,0,,10.2,10.2,9945,False,fum_rec_td,PFR+RULE2PT
Eric Hipple,1986,11,1986-11-16,False,DET,PHI,A,W,13,11,0,0,0,0,0,0,0,0,0,0,0,,0.0,0.0,9945,False,fum_rec_td,PFR+RULE2PT
Eric Hipple,1986,12,1986-11-23,False,DET,TAM,A,W,38,17,0,0,0,0,0,0,0,0,0,0,0,,0.0,0.0,9945,False,fum_rec_td,PFR+RULE2PT
Eric Hipple,1986,13,1986-11-27,False,DET,GNB,H,L,40,44,0,0,0,0,0,0,0,0,0,0,0,,0.0,0.0,9945,False,fum_rec_td,PFR+RULE2PT
Eric Hipple,1986,14,1986-12-07,False,DET,PIT,A,L,17,27,0,0,0,0,0,0,0,0,0,0,0,,0.0,0.0,9945,False,fum_rec_td,PFR+RULE2PT
Eric Hipple,1986,15,1986-12-15,False,DET,CHI,H,L,13,16,0,0,0,0,0,0,0,0,0,0,0,,0.0,0.0,9945,False,fum_rec_td,PFR+RULE2PT
Eric Hipple,1986,16,1986-12-21,False,DET,ATL,H,L,6,20,0,0,0,0,0,0,0,0,0,0,0,,0.0,0.0,9945,False,fum_rec_td,PFR+RULE2PT
Eric Hipple,1988,1,1988-09-04,False,DET,ATL,H,W,31,17,0,0,0,0,0,0,0,0,0,0,0,,0.0,0.0,9945,False,fum_rec_td,PFR+RULE2PT
Eric Hipple,1988,2,1988-09-11,False,DET,RAM,A,L,10,17,2,8,22,0,0,39.6,2,0,0,0,0,,0.88,0.88,9945,False,fum_rec_td,PFR+RULE2PT
Eric Hipple,1988,3,1988-09-18,False,DET,NOR,H,L,14,22,0,1,0,0,0,39.6,0,0,0,0,0,,0.0,0.0,9945,False,fum_rec_td,PFR+RULE2PT
Eric Hipple,1988,4,1988-09-25,False,DET,NYJ,H,L,10,17,0,0,0,0,0,0,0,0,0,0,0,,0.0,0.0,9945,False,fum_rec_td,PFR+RULE2PT
Eric Hipple,1988,5,1988-10-02,False,DET,SFO,A,L,13,20,10,18,136,0,0,79.9,1,1,5,0,0,,5.94,5.94,9945,False,fum_rec_td,PFR+RULE2PT
Eric Hipple,1989,5,1989-10-08,False,DET,MIN,A,L,17,24,7,18,90,0,3,15.7,5,2,11,1,0,,4.7,4.7,9945,False,fum_rec_td,PFR+RULE2PT
Mike Phipps,1980,1,1980-09-07,False,CHI,GNB,A,L,6,12,17,30,174,0,3,33.9,,0,0,0,0,,0.96,0.96,17566,False,sacked;fum_rec_td,PFR+RULE2PT
Mike Phipps,1980,2,1980-09-14,False,CHI,NOR,H,W,22,3,7,24,115,1,0,60.9,,5,15,0,0,,10.1,10.1,17566,False,sacked;fum_rec_td,PFR+RULE2PT
Mike Phipps,1980,3,1980-09-21,False,CHI,MIN,H,L,14,34,3,6,20,0,1,18.1,,0,0,0,0,,-1.2,-1.2,17566,False,sacked;fum_rec_td,PFR+RULE2PT
Mike Phipps,1980,4,1980-09-28,False,CHI,PIT,A,L,3,38,10,20,108,0,1,45.4,,4,11,0,0,,3.42,3.42,17566,False,sacked;fum_rec_td,PFR+RULE2PT
Mike Phipps,1980,5,1980-10-06,False,CHI,TAM,H,W,23,0,10,21,110,0,0,63.6,,5,11,2,0,,17.5,17.5,17566,False,sacked;fum_rec_td,PFR+RULE2PT
Mike Phipps,1980,6,1980-10-12,False,CHI,MIN,A,L,7,13,12,19,83,1,4,50.9,,1,1,0,0,,-0.58,-0.58,17566,False,sacked;fum_rec_td,PFR+RULE2PT
Mike Phipps,1980,14,1980-12-07,False,CHI,GNB,H,W,61,7,2,2,20,0,0,108.3,,0,0,0,0,,0.8,0.8,17566,False,sacked;fum_rec_td,PFR+RULE2PT
Mike Phipps,1981,4,1981-09-28,False,CHI,RAM,H,L,7,24,7,12,108,1,0,116.0,,0,0,0,0,,8.32,8.32,17566,False,sacked;fum_rec_td,PFR+RULE2PT
Mike Phipps,1981,6,1981-10-11,False,CHI,WAS,H,L,7,24,3,4,52,1,0,156.2,,0,0,0,0,,6.08,6.08,17566,False,sacked;fum_rec_td,PFR+RULE2PT
Mike Phipps,1981,7,1981-10-19,False,CHI,DET,A,L,17,48,1,1,11,0,0,112.5,,1,0,0,0,,0.44,0.44,17566,False,sacked;fum_rec_td,PFR+RULE2PT
Billy Joe Tolliver,1989,8,1989-10-29,False,SDG,SEA,A,L,7,10,6,17,41,0,1,19.5,2,1,0,0,0,,-0.36,-0.36,22384,False,fum_rec_td,PFR+RULE2PT
Billy Joe Tolliver,1989,13,1989-12-03,False,SDG,NYJ,H,L,17,20,24,51,230,1,2,50.3,5,1,-3,0,0,,8.9,8.9,22384,False,fum_rec_td,PFR+RULE2PT
Billy Joe Tolliver,1989,14,1989-12-10,False,SDG,WAS,A,L,21,26,24,39,350,2,0,107.9,0,2,3,0,0,,22.3,22.3,22384,False,fum_rec_td,PFR+RULE2PT
Billy Joe Tolliver,1989,15,1989-12-17,False,SDG,KAN,A,W,20,13,13,30,171,2,1,70.3,2,2,-3,0,0,,12.54,12.54,22384,False,fum_rec_td,PFR+RULE2PT
Billy Joe Tolliver,1989,16,1989-12-24,False,SDG,DEN,H,W,19,16,22,48,305,0,4,32.0,0,1,3,0,0,,4.5,4.5,22384,False,fum_rec_td,PFR+RULE2PT
Mark Malone,1980,16,1980-12-22,False,PIT,SDG,A,L,17,26,0,0,0,0,0,0,,0,0,0,0,,0.0,0.0,13931,False,sacked;fum_rec_td,PFR+RULE2PT
Mark Malone,1981,9,1981-11-01,False,PIT,SFO,H,L,14,17,0,0,0,0,0,0,,0,0,0,0,,0.0,0.0,13931,False,sacked;fum_rec_td,PFR+RULE2PT
Mark Malone,1981,10,1981-11-08,False,PIT,SEA,A,L,21,24,0,0,0,0,0,0,,0,0,0,0,,15.0,16.0,13931,False,sacked;fum_rec_td,PFR+RULE2PT
Mark Malone,1981,11,1981-11-15,False,PIT,ATL,A,W,34,20,0,1,0,0,0,39.6,,3,-4,0,0,,-0.4,-0.4,13931,False,sacked;fum_rec_td,PFR+RULE2PT
Mark Malone,1981,12,1981-11-22,False,PIT,CLE,A,W,32,10,0,0,0,0,0,0,,1,5,0,0,,0.5,0.5,13931,False,sacked;fum_rec_td,PFR+RULE2PT
Mark Malone,1981,13,1981-11-29,False,PIT,RAM,H,W,24,0,0,0,0,0,0,0,,0,0,0,0,,0.0,0.0,13931,False,sacked;fum_rec_td,PFR+RULE2PT
Mark Malone,1981,14,1981-12-07,False,PIT,OAK,A,L,27,30,17,27,244,2,2,86.0,,3,29,1,0,,22.66,22.66,13931,False,sacked;fum_rec_td,PFR+RULE2PT
Mark Malone,1981,15,1981-12-13,False,PIT,CIN,H,L,10,17,15,30,137,1,2,46.1,,3,19,0,0,,7.38,7.38,13931,False,sacked;fum_rec_td,PFR+RULE2PT
Mark Malone,1981,16,1981-12-20,False,PIT,HOU,A,L,20,21,13,30,172,0,1,48.2,,6,19,1,0,,12.78,12.78,13931,False,sacked;fum_rec_td,PFR+RULE2PT
Mark Malone,1983,13,1983-11-24,False,PIT,DET,A,L,3,45,2,8,16,0,1,0.0,0,0,0,0,0,,-1.36,-1.36,13931,False,fum_rec_td,PFR+RULE2PT
Mark Malone,1983,16,1983-12-18,False,PIT,CLE,A,L,17,30,7,12,108,1,1,81.3,1,0,0,0,0,,6.32,6.32,13931,False,fum_rec_td,PFR+RULE2PT
Mark Malone,1983,17,1984-01-01,True,PIT,RAI,A,L,10,38,3,7,22,0,0,50.9,0,0,0,0,0,,0.88,0.88,13931,False,fum_rec_td,PFR+RULE2PT
Mark Malone,1984,1,1984-09-02,False,PIT,KAN,H,L,27,37,11,24,233,1,1,77.3,2,2,6,0,0,,11.92,11.92,13931,False,fum_rec_td,PFR+RULE2PT
Mark Malone,1984,5,1984-10-01,False,PIT,CIN,H,W,38,17,0,0,0,0,0,0,0,1,-2,0,0,,-0.2,-0.2,13931,False,fum_rec_td,PFR+RULE2PT
Mark Malone,1984,6,1984-10-07,False,PIT,MIA,H,L,7,31,19,42,228,0,2,42.6,3,1,-7,0,0,,4.42,4.42,13931,False,fum_rec_td,PFR+RULE2PT
Mark Malone,1984,7,1984-10-14,False,PIT,SFO,A,W,20,17,11,18,156,1,1,84.5,1,3,2,0,0,,8.44,8.44,13931,False,fum_rec_td,PFR+RULE2PT
Mark Malone,1984,8,1984-10-21,False,PIT,IND,A,L,16,17,2,3,71,0,0,109.7,1,0,0,0,0,,2.84,2.84,13931,False,fum_rec_td,PFR+RULE2PT
Mark Malone,1984,9,1984-10-28,False,PIT,ATL,H,W,35,10,11,21,162,3,2,77.9,3,0,0,0,0,,14.48,14.48,13931,False,fum_rec_td,PFR+RULE2PT
Mark Malone,1984,10,1984-11-04,False,PIT,HOU,H,W,35,7,9,14,139,3,1,106.8,1,2,23,1,0,,23.86,23.86,13931,False,fum_rec_td,PFR+RULE2PT
Mark Malone,1984,11,1984-11-11,False,PIT,CIN,A,L,20,22,16,31,150,0,3,25.7,3,2,6,1,0,,6.6,6.6,13931,False,fum_rec_td,PFR+RULE2PT
Mark Malone,1984,12,1984-11-19,False,PIT,NOR,A,L,24,27,10,19,158,1,2,58.6,3,2,-1,0,0,,6.22,6.22,13931,False,fum_rec_td,PFR+RULE2PT
Mark Malone,1984,13,1984-11-25,False,PIT,SDG,H,W,52,24,18,22,253,4,0,154.2,1,2,-1,1,0,,32.02,32.02,13931,False,fum_rec_td,PFR+RULE2PT
Mark Malone,1984,14,1984-12-02,False,PIT,HOU,A,L,20,23,16,33,193,2,2,61.8,4,3,0,0,0,,11.72,11.72,13931,False,fum_rec_td,PFR+RULE2PT
Mark Malone,1984,15,1984-12-09,False,PIT,CLE,H,W,23,20,11,22,203,1,2,59.5,1,4,8,0,0,,8.92,8.92,13931,False,fum_rec_td,PFR+RULE2PT
Mark Malone,1984,16,1984-12-16,False,PIT,RAI,A,W,13,7,13,23,191,0,1,65.7,2,3,8,0,0,,6.44,6.44,13931,False,fum_rec_td,PFR+RULE2PT
Mark Malone,1984,17,1984-12-30,True,PIT,DEN,A,W,24,17,17,28,224,1,0,97.9,2,5,-6,0,0,,12.36,12.36,13931,False,fum_rec_td,PFR+RULE2PT
Mark Malone,1984,18,1985-01-06,True,PIT,MIA,A,L,28,45,20,36,312,3,3,77.5,0,0,0,0,0,,18.48,18.48,13931,False,fum_rec_td,PFR+RULE2PT
Mark Malone,1985,1,1985-09-08,False,PIT,IND,H,W,45,3,21,30,287,5,1,126.0,0,4,0,1,0,,35.48,35.48,13931,False,fum_rec_td,PFR+RULE2PT
Mark Malone,1985,2,1985-09-16,False,PIT,CLE,A,L,7,17,18,45,178,1,2,40.8,2,0,0,0,0,,7.12,7.12,13931,False,fum_rec_td,PFR+RULE2PT
Mark Malone,1985,3,1985-09-22,False,PIT,HOU,H,W,20,0,9,19,126,2,0,104.3,3,4,47,0,0,,17.74,17.74,13931,False,fum_rec_td,PFR+RULE2PT
Mark Malone,1985,4,1985-09-30,False,PIT,CIN,H,L,24,37,26,44,374,3,2,90.5,4,1,9,0,0,,23.86,23.86,13931,False,fum_rec_td,PFR+RULE2PT
Mark Malone,1985,5,1985-10-06,False,PIT,MIA,A,L,20,24,14,33,145,1,1,53.2,0,2,0,0,0,,7.8,7.8,13931,False,fum_rec_td,PFR+RULE2PT
Mark Malone,1985,6,1985-10-13,False,PIT,DAL,A,L,13,27,7,17,83,0,0,56.7,1,0,0,0,0,,3.32,3.32,13931,False,fum_rec_td,PFR+RULE2PT
Mark Malone,1985,7,1985-10-20,False,PIT,STL,H,W,23,10,15,28,184,1,1,71.1,0,2,21,0,0,,11.46,11.46,13931,False,fum_rec_td,PFR+RULE2PT
Mark Malone,1985,8,1985-10-27,False,PIT,CIN,A,L,21,26,4,4,34,0,0,102.1,0,1,-3,0,0,,1.06,1.06,13931,False,fum_rec_td,PFR+RULE2PT
Mark Malone,1985,15,1985-12-15,False,PIT,BUF,H,W,30,24,2,7,21,0,0,39.6,0,0,0,0,0,,0.84,0.84,13931,False,fum_rec_td,PFR+RULE2PT
Mark Malone,1985,16,1985-12-21,False,PIT,NYG,A,L,10,28,1,6,-4,0,0,39.6,0,1,6,0,0,,0.44,0.44,13931,False,fum_rec_td,PFR+RULE2PT
Mark Malone,1986,1,1986-09-07,False,PIT,SEA,A,L,0,30,9,27,79,0,3,2.8,1,5,0,0,0,,-2.84,-2.84,13931,False,fum_rec_td,PFR+RULE2PT
Mark Malone,1986,2,1986-09-15,False,PIT,DEN,H,L,10,21,22,48,216,0,2,41.7,1,0,0,0,0,,4.64,4.64,13931,False,fum_rec_td,PFR+RULE2PT
Mark Malone,1986,3,1986-09-21,False,PIT,MIN,A,L,7,31,13,29,159,1,3,34.2,0,0,0,0,0,,4.36,4.36,13931,False,fum_rec_td,PFR+RULE2PT
Mark Malone,1986,4,1986-09-28,False,PIT,HOU,A,W,22,16,10,31,161,1,1,47.9,0,2,56,0,0,,14.04,14.04,13931,False,fum_rec_td,PFR+RULE2PT
Mark Malone,1986,5,1986-10-05,False,PIT,CLE,H,L,24,27,15,23,143,2,1,93.2,2,3,2,1,0,,17.92,17.92,13931,False,fum_rec_td,PFR+RULE2PT
Mark Malone,1986,8,1986-10-26,False,PIT,CIN,H,W,30,9,12,20,104,2,0,107.1,1,2,-3,0,0,,11.86,11.86,13931,False,fum_rec_td,PFR+RULE2PT
Mark Malone,1986,9,1986-11-02,False,PIT,GNB,H,W,27,3,20,31,195,3,0,114.3,0,2,-2,0,0,,19.6,19.6,13931,False,fum_rec_td,PFR+RULE2PT
Mark Malone,1986,10,1986-11-09,False,PIT,BUF,A,L,12,16,18,36,142,1,1,57.9,1,0,0,0,0,,7.68,7.68,13931,False,fum_rec_td,PFR+RULE2PT
Mark Malone,1986,11,1986-11-16,False,PIT,HOU,H,W,21,10,11,21,122,1,0,85.8,1,2,0,0,0,,8.88,8.88,13931,False,fum_rec_td,PFR+RULE2PT
Mark Malone,1986,12,1986-11-23,False,PIT,CLE,A,L,31,37,17,28,197,0,1,67.1,1,3,1,2,0,,17.98,17.98,13931,False,fum_rec_td,PFR+RULE2PT
Mark Malone,1986,13,1986-11-30,False,PIT,CHI,A,L,10,13,13,29,154,0,2,32.8,1,1,0,0,0,,2.16,2.16,13931,False,fum_rec_td,PFR+RULE2PT
Mark Malone,1986,14,1986-12-07,False,PIT,DET,H,W,27,17,18,32,232,2,2,74.0,2,3,12,0,0,,14.48,14.48,13931,False,fum_rec_td,PFR+RULE2PT
Mark Malone,1986,15,1986-12-13,False,PIT,NYJ,A,W,45,24,16,27,189,2,1,89.9,1,4,14,1,0,,20.96,20.96,13931,False,fum_rec_td,PFR+RULE2PT
Mark Malone,1986,16,1986-12-21,False,PIT,KAN,H,L,19,24,22,43,351,0,1,69.0,1,4,27,1,0,,20.74,20.74,13931,False,fum_rec_td,PFR+RULE2PT
Mark Malone,1987,1,1987-09-13,False,PIT,SFO,H,W,30,17,9,33,99,1,0,49.7,2,6,-1,0,0,,7.86,7.86,13931,False,fum_rec_td,PFR+RULE2PT
Mark Malone,1987,2,1987-09-20,False,PIT,CLE,A,L,10,34,12,36,151,0,5,7.8,3,2,-3,0,0,,-4.26,-4.26,13931,False,fum_rec_td,PFR+RULE2PT
Mark Malone,1987,6,1987-10-25,False,PIT,CIN,H,W,23,20,18,30,218,1,0,93.5,2,0,0,0,0,,12.72,12.72,13931,False,fum_rec_td,PFR+RULE2PT
Mark Malone,1987,7,1987-11-01,False,PIT,MIA,A,L,24,35,18,36,205,1,1,65.2,1,3,19,0,0,,12.1,12.1,13931,False,fum_rec_td,PFR+RULE2PT
Mark Malone,1987,8,1987-11-08,False,PIT,KAN,A,W,17,16,14,31,157,2,2,55.4,2,4,14,0,0,,11.68,11.68,13931,False,fum_rec_td,PFR+RULE2PT
Mark Malone,1987,9,1987-11-15,False,PIT,HOU,H,L,3,23,7,22,89,0,1,26.5,1,0,0,0,0,,1.56,1.56,13931,False,fum_rec_td,PFR+RULE2PT
Mark Malone,1987,10,1987-11-22,False,PIT,CIN,A,W,30,16,15,28,194,1,2,57.7,0,2,41,1,0,,17.86,17.86,13931,False,fum_rec_td,PFR+RULE2PT
Mark Malone,1987,11,1987-11-29,False,PIT,NOR,H,L,16,20,16,31,213,0,3,34.1,4,2,-1,0,0,,2.42,2.42,13931,False,fum_rec_td,PFR+RULE2PT
Mark Malone,1987,12,1987-12-06,False,PIT,SEA,H,W,13,9,11,18,99,0,0,75.9,0,4,31,0,0,,7.06,7.06,13931,False,fum_rec_td,PFR+RULE2PT
Mark Malone,1987,13,1987-12-13,False,PIT,SDG,A,W,20,16,13,26,164,0,0,70.0,2,5,34,1,0,,15.96,15.96,13931,False,fum_rec_td,PFR+RULE2PT
Mark Malone,1987,14,1987-12-20,False,PIT,HOU,A,L,16,24,12,27,181,0,3,27.5,1,2,4,1,0,,7.64,7.64,13931,False,fum_rec_td,PFR+RULE2PT
Mark Malone,1987,15,1987-12-26,False,PIT,CLE,H,L,13,19,11,18,126,0,2,42.6,0,4,24,0,0,,3.44,3.44,13931,False,fum_rec_td,PFR+RULE2PT
Mark Malone,1988,2,1988-09-11,False,SDG,DEN,A,L,3,34,11,22,115,0,1,46.6,2,3,29,0,0,,5.5,5.5,13931,False,fum_rec_td,PFR+RULE2PT
Mark Malone,1988,5,1988-10-02,False,SDG,DEN,H,L,0,12,7,14,82,0,1,38.4,1,0,0,0,0,,1.28,1.28,13931,False,fum_rec_td,PFR+RULE2PT
Mark Malone,1988,6,1988-10-09,False,SDG,NOR,H,L,17,23,1,2,11,0,0,66.7,0,0,0,0,0,,0.44,0.44,13931,False,fum_rec_td,PFR+RULE2PT
Mark Malone,1988,7,1988-10-16,False,SDG,MIA,A,L,28,31,25,38,294,2,2,84.8,1,3,17,1,0,,23.46,23.46,13931,False,fum_rec_td,PFR+RULE2PT
Mark Malone,1988,8,1988-10-23,False,SDG,IND,H,L,0,16,13,30,121,0,0,55.0,0,4,33,0,0,,8.14,8.14,13931,False,fum_rec_td,PFR+RULE2PT
Mark Malone,1988,9,1988-10-30,False,SDG,SEA,A,L,14,17,20,32,169,2,1,84.0,0,5,2,0,0,,12.96,12.96,13931,False,fum_rec_td,PFR+RULE2PT
Mark Malone,1988,10,1988-11-06,False,SDG,RAI,H,L,3,13,12,25,147,0,2,33.2,0,2,14,0,0,,3.28,3.28,13931,False,fum_rec_td,PFR+RULE2PT
Mark Malone,1988,12,1988-11-20,False,SDG,RAM,A,W,38,24,4,6,128,0,1,70.1,0,4,4,0,0,,3.52,3.52,13931,False,fum_rec_td,PFR+RULE2PT
Mark Malone,1988,13,1988-11-27,False,SDG,SFO,H,L,10,48,17,32,136,0,2,38.0,1,2,40,1,0,,11.44,11.44,13931,False,fum_rec_td,PFR+RULE2PT
Mark Malone,1988,14,1988-12-04,False,SDG,CIN,A,L,10,27,14,37,138,1,3,24.4,3,5,13,0,0,,4.82,4.82,13931,False,fum_rec_td,PFR+RULE2PT
Mark Malone,1988,15,1988-12-11,False,SDG,PIT,H,W,20,14,17,24,148,1,0,100.7,1,3,0,1,0,,15.92,15.92,13931,False,fum_rec_td,PFR+RULE2PT
Mark Malone,1988,16,1988-12-18,False,SDG,KAN,H,W,24,13,6,10,91,0,0,90.0,0,6,17,1,0,,11.34,11.34,13931,False,fum_rec_td,PFR+RULE2PT
Mark Malone,1989,7,1989-10-22,False,NYJ,BUF,A,L,3,34,2,2,13,0,0,93.7,0,1,0,0,0,,0.52,0.52,13931,False,fum_rec_td,PFR+RULE2PT
Steve Bono,1985,13,1985-12-01,False,MIN,PHI,A,W,28,23,1,10,5,0,0,39.6,2,0,0,0,0,,0.2,0.2,1997,False,fum_rec_td,PFR+RULE2PT
Steve Bono,1986,13,1986-11-30,False,MIN,TAM,H,W,45,13,1,1,3,0,0,79.2,0,0,0,0,0,,0.12,0.12,1997,False,fum_rec_td,PFR+RULE2PT
Steve Bono,1987,3,1987-10-04,False,PIT,ATL,A,W,28,12,12,23,164,1,1,71.6,1,3,13,1,0,,15.86,15.86,1997,False,fum_rec_td,PFR+RULE2PT
Steve Bono,1987,4,1987-10-11,False,PIT,RAM,A,L,21,31,11,28,136,2,0,78.9,3,1,23,0,0,,15.94,16.94,1997,False,fum_rec_td,PFR+RULE2PT
Steve Bono,1987,5,1987-10-18,False,PIT,IND,H,W,21,7,11,23,138,2,1,77.8,2,4,-9,0,0,,10.62,10.62,1997,False,fum_rec_td,PFR+RULE2PT
Steve Bono,1988,5,1988-10-02,False,PIT,CLE,H,L,9,23,7,24,83,0,2,6.8,1,0,0,0,0,,-0.68,-0.68,1997,False,fum_rec_td,PFR+RULE2PT
Steve Bono,1988,6,1988-10-09,False,PIT,PHO,A,L,14,31,3,11,27,1,0,69.9,0,0,0,0,0,,5.08,5.08,1997,False,fum_rec_td,PFR+RULE2PT
Steve Bono,1989,8,1989-10-29,False,SFO,NYJ,A,W,23,10,4,5,62,1,0,157.9,0,0,0,0,0,,6.48,6.48,1997,False,fum_rec_td,PFR+RULE2PT
Jack Trudeau,1986,2,1986-09-14,False,IND,MIA,A,L,10,30,5,10,50,0,0,64.6,4,0,0,0,0,,2.0,2.0,22535,False,fum_rec_td,PFR+RULE2PT
Jack Trudeau,1986,3,1986-09-21,False,IND,RAM,H,L,7,24,13,22,95,0,1,50.4,3,1,4,0,0,,2.2,2.2,22535,False,fum_rec_td,PFR+RULE2PT
Jack Trudeau,1986,4,1986-09-28,False,IND,NYJ,H,L,7,26,21,53,233,1,1,51.8,1,2,0,0,0,,11.32,11.32,22535,False,fum_rec_td,PFR+RULE2PT
Jack Trudeau,1986,5,1986-10-05,False,IND,SFO,A,L,14,35,18,39,252,1,3,44.0,2,2,0,0,0,,8.08,8.08,22535,False,fum_rec_td,PFR+RULE2PT
Jack Trudeau,1986,6,1986-10-12,False,IND,NOR,H,L,14,17,24,44,315,2,1,83.0,3,1,0,0,0,,18.6,18.6,22535,False,fum_rec_td,PFR+RULE2PT
Jack Trudeau,1986,7,1986-10-19,False,IND,BUF,A,L,13,24,19,41,175,1,1,56.5,1,1,0,0,0,,9.0,9.0,22535,False,fum_rec_td,PFR+RULE2PT
Jack Trudeau,1986,8,1986-10-26,False,IND,MIA,H,L,13,17,14,24,121,0,1,54.3,0,1,4,0,0,,3.24,3.24,22535,False,fum_rec_td,PFR+RULE2PT
Jack Trudeau,1986,9,1986-11-02,False,IND,CLE,H,L,9,24,20,42,208,1,0,70.3,7,2,11,0,0,,13.42,13.42,22535,False,fum_rec_td,PFR+RULE2PT
Jack Trudeau,1986,10,1986-11-09,False,IND,NWE,H,L,21,30,19,36,236,1,4,43.1,3,1,1,1,0,,11.54,11.54,22535,False,fum_rec_td,PFR+RULE2PT
Jack Trudeau,1986,11,1986-11-16,False,IND,NYJ,A,L,16,31,27,57,359,1,4,44.4,2,0,0,0,0,,10.36,10.36,22535,False,fum_rec_td,PFR+RULE2PT
Jack Trudeau,1986,12,1986-11-23,False,IND,HOU,A,L,17,31,9,21,51,0,1,30.5,1,1,1,0,0,,0.14,0.14,22535,False,fum_rec_td,PFR+RULE2PT
Jack Trudeau,1986,13,1986-11-30,False,IND,SDG,H,L,3,17,15,28,130,0,1,51.2,2,1,0,0,0,,3.2,3.2,22535,False,fum_rec_td,PFR+RULE2PT
Jack Trudeau,1987,1,1987-09-13,False,IND,CIN,H,L,21,23,13,23,206,2,3,75.9,0,1,0,0,0,,10.24,10.24,22535,False,fum_rec_td,PFR+RULE2PT
Jack Trudeau,1987,6,1987-10-25,False,IND,NWE,H,W,30,16,17,28,239,1,0,100.1,3,1,-2,0,0,,13.36,13.36,22535,False,fum_rec_td,PFR+RULE2PT
Jack Trudeau,1987,7,1987-11-01,False,IND,NYJ,A,W,19,14,14,23,192,1,0,102.1,1,6,3,0,0,,11.98,11.98,22535,False,fum_rec_td,PFR+RULE2PT
Jack Trudeau,1987,8,1987-11-08,False,IND,SDG,H,L,13,16,12,18,127,0,0,87.0,3,0,0,0,0,,5.08,5.08,22535,False,fum_rec_td,PFR+RULE2PT
Jack Trudeau,1987,10,1987-11-22,False,IND,NWE,A,L,0,24,7,18,96,0,1,33.6,0,0,0,0,0,,1.84,1.84,22535,False,fum_rec_td,PFR+RULE2PT
Jack Trudeau,1987,11,1987-11-29,False,IND,HOU,H,W,51,27,2,4,10,1,0,95.8,1,0,0,0,0,,4.4,4.4,22535,False,fum_rec_td,PFR+RULE2PT
Jack Trudeau,1987,12,1987-12-06,False,IND,CLE,A,W,9,7,20,34,192,0,0,74.6,1,0,0,0,0,,7.68,7.68,22535,False,fum_rec_td,PFR+RULE2PT
Jack Trudeau,1987,13,1987-12-13,False,IND,BUF,H,L,3,27,6,15,78,0,2,17.5,3,2,1,0,0,,-0.78,-0.78,22535,False,fum_rec_td,PFR+RULE2PT
Jack Trudeau,1987,14,1987-12-20,False,IND,SDG,A,W,20,7,20,39,201,1,0,74.8,1,1,6,0,0,,12.64,12.64,22535,False,fum_rec_td,PFR+RULE2PT
Jack Trudeau,1987,15,1987-12-27,False,IND,TAM,H,W,24,6,17,27,246,0,0,92.5,0,4,-1,0,0,,9.74,9.74,22535,False,fum_rec_td,PFR+RULE2PT
Jack Trudeau,1987,16,1988-01-09,True,IND,CLE,A,L,21,38,21,33,251,2,1,94.4,2,2,4,0,0,,16.44,16.44,22535,False,fum_rec_td,PFR+RULE2PT
Jack Trudeau,1988,2,1988-09-11,False,IND,CHI,H,L,13,17,4,15,78,0,2,9.2,2,0,0,0,0,,-0.88,-0.88,22535,False,fum_rec_td,PFR+RULE2PT
Jack Trudeau,1988,3,1988-09-19,False,IND,CLE,A,L,17,23,10,19,80,0,1,41.6,0,0,0,0,0,,1.2,1.2,22535,False,fum_rec_td,PFR+RULE2PT
Jack Trudeau,1989,3,1989-09-24,False,IND,ATL,H,W,13,9,2,6,20,0,0,43.7,0,3,0,1,0,,6.8,6.8,22535,False,fum_rec_td,PFR+RULE2PT
Jack Trudeau,1989,4,1989-10-01,False,IND,NYJ,A,W,17,10,17,30,246,1,1,80.7,2,4,-3,0,0,,11.54,11.54,22535,False,fum_rec_td,PFR+RULE2PT
Jack Trudeau,1989,5,1989-10-08,False,IND,BUF,H,W,37,14,13,24,193,0,1,63.4,3,6,4,1,0,,12.12,12.12,22535,False,fum_rec_td,PFR+RULE2PT
Jack Trudeau,1989,6,1989-10-15,False,IND,DEN,A,L,3,14,12,28,100,0,1,37.8,1,4,9,0,0,,2.9,2.9,22535,False,fum_rec_td,PFR+RULE2PT
Jack Trudeau,1989,7,1989-10-22,False,IND,CIN,A,W,23,12,14,27,168,2,1,80.5,0,1,6,0,0,,13.32,13.32,22535,False,fum_rec_td,PFR+RULE2PT
Jack Trudeau,1989,8,1989-10-29,False,IND,NWE,H,L,20,23,16,33,247,2,0,93.9,3,4,13,0,0,,19.18,19.18,22535,False,fum_rec_td,PFR+RULE2PT
Jack Trudeau,1989,9,1989-11-05,False,IND,MIA,A,L,13,19,20,38,215,1,2,56.4,1,2,12,0,0,,9.8,9.8,22535,False,fum_rec_td,PFR+RULE2PT
Jack Trudeau,1989,11,1989-11-19,False,IND,NYJ,H,W,27,10,17,28,255,1,0,102.5,2,0,0,0,0,,14.2,14.2,22535,False,fum_rec_td,PFR+RULE2PT
Jack Trudeau,1989,12,1989-11-26,False,IND,SDG,H,W,10,6,14,24,153,1,1,73.8,2,3,-3,0,0,,7.82,7.82,22535,False,fum_rec_td,PFR+RULE2PT
Jack Trudeau,1989,13,1989-12-03,False,IND,NWE,A,L,16,22,12,30,207,2,3,46.8,0,1,2,0,0,,10.48,10.48,22535,False,fum_rec_td,PFR+RULE2PT
Jack Trudeau,1989,14,1989-12-10,False,IND,CLE,H,W,23,17,15,32,200,1,1,64.6,3,2,7,0,0,,10.7,10.7,22535,False,fum_rec_td,PFR+RULE2PT
Jack Trudeau,1989,15,1989-12-17,False,IND,MIA,H,W,42,13,23,35,195,4,1,106.3,2,2,6,0,0,,22.4,22.4,22535,False,fum_rec_td,PFR+RULE2PT
Jack Trudeau,1989,16,1989-12-24,False,IND,NOR,A,L,6,41,15,27,118,0,1,51.2,1,3,38,0,0,,6.52,6.52,22535,False,fum_rec_td,PFR+RULE2PT
Pat Haden,1980,1,1980-09-07,False,RAM,DET,H,L,20,41,13,24,133,0,3,30.7,,2,6,0,0,,-0.08,-0.08,8710,False,sacked;fum_rec_td,PFR+RULE2PT
Pat Haden,1980,9,1980-11-02,False,RAM,NOR,H,W,45,31,0,0,0,0,0,0,,0,0,0,0,,0.0,0.0,8710,False,sacked;fum_rec_td,PFR+RULE2PT
Pat Haden,1980,13,1980-11-30,False,RAM,NYJ,H,W,38,13,1,1,11,0,0,112.5,,0,0,0,0,,0.44,0.44,8710,False,sacked;fum_rec_td,PFR+RULE2PT
Pat Haden,1980,14,1980-12-07,False,RAM,BUF,A,L,7,10,5,16,41,0,1,14.6,,1,6,0,0,,0.24,0.24,8710,False,sacked;fum_rec_td,PFR+RULE2PT
Pat Haden,1981,1,1981-09-06,False,RAM,HOU,H,L,20,27,11,20,168,2,3,76.7,,0,0,0,0,,8.72,8.72,8710,False,sacked;fum_rec_td,PFR+RULE2PT
Pat Haden,1981,2,1981-09-13,False,RAM,NOR,A,L,17,23,20,34,201,2,2,70.8,,3,11,0,0,,13.14,13.14,8710,False,sacked;fum_rec_td,PFR+RULE2PT
Pat Haden,1981,3,1981-09-20,False,RAM,GNB,H,W,35,23,1,2,6,0,0,56.2,,0,0,0,0,,0.24,0.24,8710,False,sacked;fum_rec_td,PFR+RULE2PT
Pat Haden,1981,4,1981-09-28,False,RAM,CHI,A,W,24,7,13,29,210,0,0,69.6,,3,5,0,0,,8.9,8.9,8710,False,sacked;fum_rec_td,PFR+RULE2PT
Pat Haden,1981,5,1981-10-04,False,RAM,CLE,H,W,27,16,21,31,205,1,0,96.8,,1,16,0,0,,13.8,13.8,8710,False,sacked;fum_rec_td,PFR+RULE2PT
Pat Haden,1981,6,1981-10-11,False,RAM,ATL,A,W,37,35,3,10,58,0,0,51.2,,2,14,0,0,,3.72,3.72,8710,False,sacked;fum_rec_td,PFR+RULE2PT
Pat Haden,1981,7,1981-10-18,False,RAM,DAL,A,L,17,29,13,30,237,1,3,42.6,,2,17,0,0,,9.18,9.18,8710,False,sacked;fum_rec_td,PFR+RULE2PT
Pat Haden,1981,8,1981-10-25,False,RAM,SFO,A,L,17,20,20,39,310,1,1,75.8,,1,8,0,0,,15.2,15.2,8710,False,sacked;fum_rec_td,PFR+RULE2PT
Pat Haden,1981,9,1981-11-01,False,RAM,DET,H,W,20,13,5,11,41,0,1,17.6,,0,0,0,0,,-0.36,-0.36,8710,False,sacked;fum_rec_td,PFR+RULE2PT
Pat Haden,1981,11,1981-11-15,False,RAM,CIN,A,L,10,24,13,23,167,1,1,75.8,,0,0,0,0,,8.68,8.68,8710,False,sacked;fum_rec_td,PFR+RULE2PT
Pat Haden,1981,12,1981-11-22,False,RAM,SFO,H,L,31,33,9,13,122,1,0,124.5,,1,9,0,0,,9.78,9.78,8710,False,sacked;fum_rec_td,PFR+RULE2PT
Pat Haden,1981,13,1981-11-29,False,RAM,PIT,A,L,0,24,1,4,9,0,1,0.0,,2,16,0,0,,-0.04,-0.04,8710,False,sacked;fum_rec_td,PFR+RULE2PT
Pat Haden,1981,14,1981-12-06,False,RAM,NYG,A,L,7,10,8,21,81,0,1,30.1,,3,8,0,0,,2.04,2.04,8710,False,sacked;fum_rec_td,PFR+RULE2PT
Gary Hogeboom,1980,4,1980-09-28,False,DAL,GNB,A,W,28,7,0,0,0,0,0,0,,0,0,0,0,,0.0,0.0,10025,False,sacked;fum_rec_td,PFR+RULE2PT
Gary Hogeboom,1980,13,1980-11-27,False,DAL,SEA,H,W,51,7,0,0,0,0,0,0,,0,0,0,0,,0.0,0.0,10025,False,sacked;fum_rec_td,PFR+RULE2PT
Gary Hogeboom,1981,14,1981-12-06,False,DAL,BAL,A,W,37,13,0,0,0,0,0,0,,0,0,0,0,,0.0,0.0,10025,False,sacked;fum_rec_td,PFR+RULE2PT
Gary Hogeboom,1982,1,1982-09-13,False,DAL,PIT,H,L,28,36,0,0,0,0,0,0,0,0,0,0,0,,0.0,0.0,10025,False,fum_rec_td,PFR+RULE2PT
Gary Hogeboom,1982,2,1982-09-19,False,DAL,STL,A,W,24,7,0,0,0,0,0,0,0,0,0,0,0,,0.0,0.0,10025,False,fum_rec_td,PFR+RULE2PT
Gary Hogeboom,1982,4,1982-11-25,False,DAL,CLE,H,W,31,14,0,2,0,0,1,0.0,0,2,0,0,0,,-2.0,-2.0,10025,False,fum_rec_td,PFR+RULE2PT
Gary Hogeboom,1982,6,1982-12-13,False,DAL,HOU,A,W,37,7,3,6,45,0,0,75.0,0,1,0,0,0,,1.8,1.8,10025,False,fum_rec_td,PFR+RULE2PT
Gary Hogeboom,1982,12,1983-01-22,True,DAL,WAS,A,L,17,31,14,29,162,2,2,59.8,0,0,0,0,0,,10.48,10.48,10025,False,fum_rec_td,PFR+RULE2PT
Gary Hogeboom,1983,2,1983-09-11,False,DAL,STL,A,W,34,17,0,0,0,0,0,0,0,1,-4,0,0,,-0.4,-0.4,10025,False,fum_rec_td,PFR+RULE2PT
Gary Hogeboom,1983,7,1983-10-16,False,DAL,PHI,H,W,37,7,2,2,44,0,0,118.7,0,1,-2,0,0,,1.56,1.56,10025,False,fum_rec_td,PFR+RULE2PT
Gary Hogeboom,1983,9,1983-10-30,False,DAL,NYG,A,W,38,20,1,1,6,0,0,91.7,0,0,0,0,0,,0.24,0.24,10025,False,fum_rec_td,PFR+RULE2PT
Gary Hogeboom,1983,12,1983-11-20,False,DAL,KAN,H,W,41,21,0,0,0,0,0,0,0,2,-2,0,0,,-0.2,-0.2,10025,False,fum_rec_td,PFR+RULE2PT
Gary Hogeboom,1983,14,1983-12-04,False,DAL,SEA,A,W,35,10,4,4,60,1,0,158.3,0,2,-2,0,0,,6.2,6.2,10025,False,fum_rec_td,PFR+RULE2PT
Gary Hogeboom,1983,16,1983-12-19,False,DAL,SFO,A,L,17,42,4,10,51,0,1,17.1,0,0,0,0,0,,0.04,0.04,10025,False,fum_rec_td,PFR+RULE2PT
Gary Hogeboom,1984,1,1984-09-03,False,DAL,RAM,A,W,20,13,33,47,343,1,1,89.2,2,2,13,0,0,,17.02,17.02,10025,False,fum_rec_td,PFR+RULE2PT
Gary Hogeboom,1984,2,1984-09-09,False,DAL,NYG,A,L,7,28,21,43,242,1,1,64.3,5,0,0,0,0,,11.68,11.68,10025,False,fum_rec_td,PFR+RULE2PT
Gary Hogeboom,1984,3,1984-09-16,False,DAL,PHI,H,W,23,17,22,40,320,1,0,89.6,2,1,0,0,0,,16.8,16.8,10025,False,fum_rec_td,PFR+RULE2PT
Gary Hogeboom,1984,4,1984-09-23,False,DAL,GNB,H,W,20,6,17,35,230,0,1,58.0,4,1,1,0,0,,7.3,7.3,10025,False,fum_rec_td,PFR+RULE2PT
Gary Hogeboom,1984,5,1984-09-30,False,DAL,CHI,A,W,23,14,18,29,265,1,0,103.4,1,2,0,0,0,,14.6,14.6,10025,False,fum_rec_td,PFR+RULE2PT
Gary Hogeboom,1984,6,1984-10-07,False,DAL,STL,H,L,20,31,13,28,143,0,2,32.3,1,0,0,0,0,,1.72,1.72,10025,False,fum_rec_td,PFR+RULE2PT
Gary Hogeboom,1984,7,1984-10-14,False,DAL,WAS,A,L,14,34,13,24,169,0,2,41.8,2,1,0,0,0,,2.76,2.76,10025,False,fum_rec_td,PFR+RULE2PT
Gary Hogeboom,1984,8,1984-10-21,False,DAL,NOR,H,W,30,27,11,18,107,0,1,54.6,1,2,2,0,0,,2.48,2.48,10025,False,fum_rec_td,PFR+RULE2PT
Gary Hogeboom,1984,9,1984-10-28,False,DAL,IND,H,W,22,3,0,0,0,0,0,0,0,0,0,0,0,,0.0,0.0,10025,False,fum_rec_td,PFR+RULE2PT
Gary Hogeboom,1984,10,1984-11-04,False,DAL,NYG,H,L,7,19,13,25,158,1,2,51.7,3,2,1,0,0,,6.42,6.42,10025,False,fum_rec_td,PFR+RULE2PT
Gary Hogeboom,1984,11,1984-11-11,False,DAL,STL,A,W,24,17,12,33,147,2,2,45.9,2,3,3,0,0,,10.18,10.18,10025,False,fum_rec_td,PFR+RULE2PT
Gary Hogeboom,1984,12,1984-11-18,False,DAL,BUF,A,L,3,14,22,45,242,0,2,46.7,3,1,-1,0,0,,5.58,5.58,10025,False,fum_rec_td,PFR+RULE2PT
Gary Hogeboom,1984,13,1984-11-22,False,DAL,NWE,H,W,20,17,0,0,0,0,0,0,0,0,0,0,0,,0.0,0.0,10025,False,fum_rec_td,PFR+RULE2PT
Gary Hogeboom,1984,14,1984-12-02,False,DAL,PHI,A,W,26,10,0,0,0,0,0,0,0,0,0,0,0,,0.0,0.0,10025,False,fum_rec_td,PFR+RULE2PT
Gary Hogeboom,1984,15,1984-12-09,False,DAL,WAS,H,L,28,30,0,0,0,0,0,0,0,0,0,0,0,,0.0,0.0,10025,False,fum_rec_td,PFR+RULE2PT
Gary Hogeboom,1984,16,1984-12-17,False,DAL,MIA,A,L,21,28,0,0,0,0,0,0,0,0,0,0,0,,0.0,0.0,10025,False,fum_rec_td,PFR+RULE2PT
Gary Hogeboom,1985,1,1985-09-09,False,DAL,WAS,H,W,44,14,0,0,0,0,0,0,0,0,0,0,0,,0.0,0.0,10025,False,fum_rec_td,PFR+RULE2PT
Gary Hogeboom,1985,2,1985-09-15,False,DAL,DET,A,L,21,26,17,24,255,2,0,133.2,1,3,8,1,0,,25.0,25.0,10025,False,fum_rec_td,PFR+RULE2PT
Gary Hogeboom,1985,3,1985-09-22,False,DAL,CLE,H,W,20,7,1,1,18,0,0,118.7,0,0,0,0,0,,0.72,0.72,10025,False,fum_rec_td,PFR+RULE2PT
Gary Hogeboom,1985,4,1985-09-29,False,DAL,HOU,A,W,17,10,0,0,0,0,0,0,0,0,0,0,0,,0.0,0.0,10025,False,fum_rec_td,PFR+RULE2PT
Gary Hogeboom,1985,5,1985-10-06,False,DAL,NYG,A,W,30,29,0,0,0,0,0,0,0,0,0,0,0,,0.0,0.0,10025,False,fum_rec_td,PFR+RULE2PT
Gary Hogeboom,1985,6,1985-10-13,False,DAL,PIT,H,W,27,13,0,0,0,0,0,0,0,0,0,0,0,,0.0,0.0,10025,False,fum_rec_td,PFR+RULE2PT
Gary Hogeboom,1985,7,1985-10-20,False,DAL,PHI,A,L,14,16,15,25,172,1,2,60.7,1,2,24,0,0,,9.28,9.28,10025,False,fum_rec_td,PFR+RULE2PT
Gary Hogeboom,1985,8,1985-10-27,False,DAL,ATL,H,W,24,10,0,0,0,0,0,0,0,0,0,0,0,,0.0,0.0,10025,False,fum_rec_td,PFR+RULE2PT
Gary Hogeboom,1985,9,1985-11-04,False,DAL,STL,A,L,10,21,0,0,0,0,0,0,0,0,0,0,0,,0.0,0.0,10025,False,fum_rec_td,PFR+RULE2PT
Gary Hogeboom,1985,10,1985-11-10,False,DAL,WAS,A,W,13,7,0,0,0,0,0,0,0,0,0,0,0,,0.0,0.0,10025,False,fum_rec_td,PFR+RULE2PT
Gary Hogeboom,1985,11,1985-11-17,False,DAL,CHI,H,L,0,44,6,22,60,0,3,0.0,2,1,8,0,0,,-2.8,-2.8,10025,False,fum_rec_td,PFR+RULE2PT
Gary Hogeboom,1985,12,1985-11-24,False,DAL,PHI,H,W,34,17,0,0,0,0,0,0,0,0,0,0,0,,0.0,0.0,10025,False,fum_rec_td,PFR+RULE2PT
Gary Hogeboom,1985,13,1985-11-28,False,DAL,STL,H,W,35,17,0,0,0,0,0,0,0,0,0,0,0,,0.0,0.0,10025,False,fum_rec_td,PFR+RULE2PT
Gary Hogeboom,1985,14,1985-12-08,False,DAL,CIN,A,L,24,50,0,0,0,0,0,0,0,0,0,0,0,,0.0,0.0,10025,False,fum_rec_td,PFR+RULE2PT
Gary Hogeboom,1985,15,1985-12-15,False,DAL,NYG,H,W,28,21,3,5,84,1,0,143.7,4,1,6,0,0,,7.96,7.96,10025,False,fum_rec_td,PFR+RULE2PT
Gary Hogeboom,1985,16,1985-12-22,False,DAL,SFO,A,L,16,31,28,49,389,1,2,72.6,6,1,2,0,0,,15.76,15.76,10025,False,fum_rec_td,PFR+RULE2PT
Gary Hogeboom,1986,1,1986-09-07,False,IND,NWE,A,L,3,33,15,32,241,0,0,72.5,6,6,16,0,0,,11.24,11.24,10025,False,fum_rec_td,PFR+RULE2PT
Gary Hogeboom,1986,2,1986-09-14,False,IND,MIA,A,L,10,30,13,20,188,0,1,74.6,3,2,3,0,0,,5.82,5.82,10025,False,fum_rec_td,PFR+RULE2PT
Gary Hogeboom,1986,14,1986-12-07,False,IND,ATL,A,W,28,23,15,29,167,2,3,52.6,3,0,0,0,0,,8.68,8.68,10025,False,fum_rec_td,PFR+RULE2PT
Gary Hogeboom,1986,15,1986-12-14,False,IND,BUF,H,W,24,14,23,33,318,2,0,120.5,3,1,1,1,0,,26.82,26.82,10025,False,fum_rec_td,PFR+RULE2PT
Gary Hogeboom,1986,16,1986-12-21,False,IND,RAI,A,W,30,24,19,30,240,2,2,82.6,3,1,0,0,0,,13.6,13.6,10025,False,fum_rec_td,PFR+RULE2PT
Gary Hogeboom,1987,2,1987-09-20,False,IND,MIA,H,L,10,23,27,43,282,1,1,79.8,2,0,0,0,0,,13.28,13.28,10025,False,fum_rec_td,PFR+RULE2PT
Gary Hogeboom,1987,3,1987-10-04,False,IND,BUF,A,W,47,6,17,25,259,5,0,141.5,0,0,0,0,0,,30.36,30.36,10025,False,fum_rec_td,PFR+RULE2PT
Gary Hogeboom,1987,4,1987-10-11,False,IND,NYJ,H,W,6,0,15,28,115,0,1,49.0,3,2,1,0,0,,2.7,2.7,10025,False,fum_rec_td,PFR+RULE2PT
Gary Hogeboom,1987,9,1987-11-15,False,IND,MIA,A,W,40,21,22,37,218,1,0,85.2,0,1,2,0,0,,12.92,12.92,10025,False,fum_rec_td,PFR+RULE2PT
Gary Hogeboom,1987,10,1987-11-22,False,IND,NWE,A,L,0,24,10,20,122,0,3,29.6,3,0,0,0,0,,-1.12,-1.12,10025,False,fum_rec_td,PFR+RULE2PT
Gary Hogeboom,1987,11,1987-11-29,False,IND,HOU,H,W,51,27,8,15,149,2,0,127.5,0,0,0,0,0,,13.96,13.96,10025,False,fum_rec_td,PFR+RULE2PT
Gary Hogeboom,1988,1,1988-09-04,False,IND,HOU,H,L,14,17,15,20,209,1,1,104.0,5,2,1,0,0,,10.46,10.46,10025,False,fum_rec_td,PFR+RULE2PT
Gary Hogeboom,1988,2,1988-09-11,False,IND,CHI,H,L,13,17,0,0,0,0,0,0,0,0,0,0,0,,0.0,0.0,10025,False,fum_rec_td,PFR+RULE2PT
Gary Hogeboom,1988,6,1988-10-09,False,IND,BUF,A,L,23,34,15,32,202,1,2,51.8,2,1,-7,0,0,,7.38,7.38,10025,False,fum_rec_td,PFR+RULE2PT
Gary Hogeboom,1988,8,1988-10-23,False,IND,SDG,A,W,16,0,11,19,132,1,0,96.8,0,2,-12,0,0,,8.08,8.08,10025,False,fum_rec_td,PFR+RULE2PT
Gary Hogeboom,1988,9,1988-10-31,False,IND,DEN,H,W,55,23,1,2,53,1,0,135.4,0,2,3,0,0,,6.42,6.42,10025,False,fum_rec_td,PFR+RULE2PT
Gary Hogeboom,1988,10,1988-11-06,False,IND,NYJ,H,W,38,14,0,0,0,0,0,0,0,1,2,1,0,,6.2,6.2,10025,False,fum_rec_td,PFR+RULE2PT
Gary Hogeboom,1988,12,1988-11-20,False,IND,MIN,A,L,3,12,8,13,94,0,1,51.4,1,0,0,0,0,,1.76,1.76,10025,False,fum_rec_td,PFR+RULE2PT
Gary Hogeboom,1988,15,1988-12-10,False,IND,NYJ,A,L,16,34,16,30,217,1,3,48.2,4,0,0,0,0,,6.68,6.68,10025,False,fum_rec_td,PFR+RULE2PT
Gary Hogeboom,1988,16,1988-12-18,False,IND,BUF,H,W,17,14,10,15,89,2,0,121.9,0,3,5,0,0,,12.06,12.06,10025,False,fum_rec_td,PFR+RULE2PT
Gary Hogeboom,1989,1,1989-09-10,False,PHO,DET,A,W,16,13,21,35,264,1,1,81.1,0,1,-2,0,0,,12.36,12.36,10025,False,fum_rec_td,PFR+RULE2PT
Gary Hogeboom,1989,2,1989-09-17,False,PHO,SEA,A,W,34,24,18,24,298,4,1,138.5,0,3,8,0,0,,26.72,26.72,10025,False,fum_rec_td,PFR+RULE2PT
Gary Hogeboom,1989,3,1989-09-24,False,PHO,NYG,A,L,7,35,19,32,222,1,4,51.3,5,0,0,0,0,,4.88,4.88,10025,False,fum_rec_td,PFR+RULE2PT
Gary Hogeboom,1989,4,1989-10-01,False,PHO,SDG,H,L,13,24,22,43,261,1,2,58.4,4,4,13,0,0,,11.74,11.74,10025,False,fum_rec_td,PFR+RULE2PT
Gary Hogeboom,1989,5,1989-10-08,False,PHO,WAS,A,L,28,30,20,35,296,3,3,77.8,1,3,6,0,0,,18.44,18.44,10025,False,fum_rec_td,PFR+RULE2PT
Gary Hogeboom,1989,7,1989-10-22,False,PHO,ATL,H,W,34,20,17,25,181,0,1,72.2,1,5,11,0,0,,6.34,6.34,10025,False,fum_rec_td,PFR+RULE2PT
Gary Hogeboom,1989,8,1989-10-29,False,PHO,DAL,A,W,19,10,17,31,164,0,0,69.8,4,3,9,0,0,,7.46,7.46,10025,False,fum_rec_td,PFR+RULE2PT
Gary Hogeboom,1989,9,1989-11-05,False,PHO,NYG,H,L,13,20,13,31,157,0,1,44.7,7,1,5,1,0,,10.78,10.78,10025,False,fum_rec_td,PFR+RULE2PT
Gary Hogeboom,1989,10,1989-11-12,False,PHO,DAL,H,W,24,20,7,13,91,0,0,76.1,2,1,5,0,0,,4.14,4.14,10025,False,fum_rec_td,PFR+RULE2PT
Gary Hogeboom,1989,11,1989-11-19,False,PHO,RAM,A,L,14,37,6,10,48,0,2,32.5,1,1,3,0,0,,-1.78,-1.78,10025,False,fum_rec_td,PFR+RULE2PT
Gary Hogeboom,1989,13,1989-12-03,False,PHO,WAS,H,L,10,29,8,11,131,0,1,74.4,1,1,-2,0,0,,3.04,3.04,10025,False,fum_rec_td,PFR+RULE2PT
Gary Hogeboom,1989,14,1989-12-10,False,PHO,RAI,A,L,14,16,12,24,160,2,0,99.3,5,4,33,0,0,,17.7,17.7,10025,False,fum_rec_td,PFR+RULE2PT
Gary Hogeboom,1989,15,1989-12-16,False,PHO,DEN,H,L,0,37,12,22,106,0,1,48.7,5,0,0,0,0,,2.24,2.24,10025,False,fum_rec_td,PFR+RULE2PT
Gary Hogeboom,1989,16,1989-12-24,False,PHO,PHI,A,L,14,31,12,28,212,2,2,63.4,4,0,0,0,0,,12.48,12.48,10025,False,fum_rec_td,PFR+RULE2PT
Mike Pagel,1982,1,1982-09-12,False,BAL,NWE,H,L,13,24,7,15,71,0,1,32.9,1,4,11,1,0,,7.94,7.94,16991,False,fum_rec_td,PFR+RULE2PT
Mike Pagel,1982,2,1982-09-19,False,BAL,MIA,A,L,20,24,8,16,124,1,0,96.9,3,3,6,0,0,,9.56,9.56,16991,False,fum_rec_td,PFR+RULE2PT
Mike Pagel,1982,3,1982-11-21,False,BAL,NYJ,A,L,0,37,17,34,230,0,2,47.4,0,0,0,0,0,,5.2,5.2,16991,False,fum_rec_td,PFR+RULE2PT
Mike Pagel,1982,4,1982-11-28,False,BAL,BUF,A,L,0,20,3,17,62,0,0,42.3,1,1,0,0,0,,2.48,2.48,16991,False,fum_rec_td,PFR+RULE2PT
Mike Pagel,1982,5,1982-12-05,False,BAL,CIN,H,L,17,20,11,20,146,2,0,111.7,2,1,18,0,0,,15.64,15.64,16991,False,fum_rec_td,PFR+RULE2PT
Mike Pagel,1982,6,1982-12-12,False,BAL,MIN,A,L,10,13,14,32,116,0,2,27.6,0,2,10,0,0,,1.64,1.64,16991,False,fum_rec_td,PFR+RULE2PT
Mike Pagel,1982,7,1982-12-19,False,BAL,GNB,H,T,20,20,23,39,211,1,0,82.3,3,5,31,0,0,,15.54,15.54,16991,False,fum_rec_td,PFR+RULE2PT
Mike Pagel,1982,8,1982-12-26,False,BAL,SDG,A,L,26,44,17,25,186,1,1,86.4,1,2,5,0,0,,9.94,9.94,16991,False,fum_rec_td,PFR+RULE2PT
Mike Pagel,1982,9,1983-01-02,False,BAL,MIA,H,L,7,34,11,23,135,0,1,48.3,5,1,1,0,0,,3.5,3.5,16991,False,fum_rec_td,PFR+RULE2PT
Mike Pagel,1983,1,1983-09-04,False,BAL,NWE,A,W,29,23,17,31,292,2,1,95.1,2,1,22,0,0,,19.88,19.88,16991,False,fum_rec_td,PFR+RULE2PT
Mike Pagel,1983,2,1983-09-11,False,BAL,DEN,H,L,10,17,10,25,120,0,2,22.1,4,1,-2,0,0,,0.6,0.6,16991,False,fum_rec_td,PFR+RULE2PT
Mike Pagel,1983,3,1983-09-18,False,BAL,BUF,A,L,23,28,12,26,235,1,0,91.0,1,2,27,0,0,,16.1,16.1,16991,False,fum_rec_td,PFR+RULE2PT
Mike Pagel,1983,4,1983-09-25,False,BAL,CHI,H,W,22,19,19,30,251,1,2,73.1,1,4,57,0,0,,15.74,15.74,16991,False,fum_rec_td,PFR+RULE2PT
Mike Pagel,1983,5,1983-10-02,False,BAL,CIN,A,W,34,31,12,19,124,0,0,81.9,4,2,22,0,0,,7.16,7.16,16991,False,fum_rec_td,PFR+RULE2PT
Mike Pagel,1983,6,1983-10-09,False,BAL,NWE,H,W,12,7,7,17,137,1,1,65.1,2,6,54,0,0,,12.88,12.88,16991,False,fum_rec_td,PFR+RULE2PT
Mike Pagel,1983,7,1983-10-16,False,BAL,BUF,H,L,7,30,2,10,73,1,2,51.2,4,5,67,0,0,,9.62,9.62,16991,False,fum_rec_td,PFR+RULE2PT
Mike Pagel,1983,8,1983-10-23,False,BAL,MIA,H,L,7,21,15,31,190,1,2,51.8,3,3,39,0,0,,11.5,11.5,16991,False,fum_rec_td,PFR+RULE2PT
Mike Pagel,1983,9,1983-10-30,False,BAL,PHI,A,W,22,21,8,18,92,0,0,60.4,3,3,9,0,0,,4.58,4.58,16991,False,fum_rec_td,PFR+RULE2PT
Mike Pagel,1983,10,1983-11-06,False,BAL,NYJ,A,W,17,14,9,17,129,1,0,97.4,4,5,22,0,0,,11.36,11.36,16991,False,fum_rec_td,PFR+RULE2PT
Mike Pagel,1983,11,1983-11-13,False,BAL,PIT,H,L,13,24,6,14,82,0,1,32.4,1,1,13,0,0,,2.58,2.58,16991,False,fum_rec_td,PFR+RULE2PT
Mike Pagel,1983,13,1983-11-27,False,BAL,CLE,A,L,23,41,15,26,164,2,2,70.0,2,5,38,0,0,,14.36,14.36,16991,False,fum_rec_td,PFR+RULE2PT
Mike Pagel,1983,14,1983-12-04,False,BAL,NYJ,H,L,6,10,13,24,192,0,2,45.8,5,4,14,0,0,,5.08,5.08,16991,False,fum_rec_td,PFR+RULE2PT
Mike Pagel,1983,15,1983-12-11,False,BAL,DEN,A,L,19,21,13,27,217,1,1,72.6,2,8,35,0,0,,14.18,14.18,16991,False,fum_rec_td,PFR+RULE2PT
Mike Pagel,1983,16,1983-12-18,False,BAL,HOU,H,W,20,10,5,13,55,1,1,45.4,2,4,24,0,0,,6.6,6.6,16991,False,fum_rec_td,PFR+RULE2PT
Mike Pagel,1984,1,1984-09-02,False,IND,NYJ,H,L,14,23,17,26,199,0,1,72.4,4,4,43,0,0,,10.26,10.26,16991,False,fum_rec_td,PFR+RULE2PT
Mike Pagel,1984,2,1984-09-09,False,IND,HOU,A,W,35,21,15,20,215,3,0,149.0,0,7,26,1,0,,29.2,29.2,16991,False,fum_rec_td,PFR+RULE2PT
Mike Pagel,1984,3,1984-09-16,False,IND,STL,H,L,33,34,11,25,173,1,2,47.6,4,2,21,0,0,,9.02,9.02,16991,False,fum_rec_td,PFR+RULE2PT
Mike Pagel,1984,4,1984-09-23,False,IND,MIA,A,L,7,44,8,15,104,1,2,58.1,4,0,0,0,0,,4.16,4.16,16991,False,fum_rec_td,PFR+RULE2PT
Mike Pagel,1984,5,1984-09-30,False,IND,BUF,H,W,31,17,14,23,152,1,0,94.8,1,3,9,0,0,,10.98,10.98,16991,False,fum_rec_td,PFR+RULE2PT
Mike Pagel,1984,6,1984-10-07,False,IND,WAS,H,L,7,35,10,23,140,0,2,27.4,3,0,0,0,0,,1.6,1.6,16991,False,fum_rec_td,PFR+RULE2PT
Mike Pagel,1984,7,1984-10-14,False,IND,PHI,A,L,7,16,8,18,89,0,0,59.7,5,4,18,0,0,,5.36,5.36,16991,False,fum_rec_td,PFR+RULE2PT
Mike Pagel,1984,8,1984-10-21,False,IND,PIT,H,W,17,16,13,17,178,1,0,129.0,3,1,10,0,0,,12.12,12.12,16991,False,fum_rec_td,PFR+RULE2PT
Mike Pagel,1984,9,1984-10-28,False,IND,DAL,A,L,3,22,3,10,29,0,0,39.6,1,2,4,0,0,,1.56,1.56,16991,False,fum_rec_td,PFR+RULE2PT
Mike Pagel,1984,11,1984-11-11,False,IND,NYJ,A,W,9,5,4,12,37,0,0,42.7,0,0,0,0,0,,1.48,1.48,16991,False,fum_rec_td,PFR+RULE2PT
Mike Pagel,1984,15,1984-12-09,False,IND,MIA,H,L,17,35,11,23,110,1,1,58.2,3,3,18,0,0,,8.2,8.2,16991,False,fum_rec_td,PFR+RULE2PT
Mike Pagel,1985,1,1985-09-08,False,IND,PIT,A,L,3,45,1,4,11,0,0,39.6,0,0,0,0,0,,0.44,0.44,16991,False,fum_rec_td,PFR+RULE2PT
Mike Pagel,1985,2,1985-09-15,False,IND,MIA,A,L,13,30,16,32,214,1,1,69.0,2,1,2,0,0,,10.76,10.76,16991,False,fum_rec_td,PFR+RULE2PT
Mike Pagel,1985,3,1985-09-22,False,IND,DET,H,W,14,6,14,32,135,0,2,30.1,1,0,0,0,0,,1.4,1.4,16991,False,fum_rec_td,PFR+RULE2PT
Mike Pagel,1985,4,1985-09-29,False,IND,NYJ,A,L,20,25,17,30,217,2,1,87.8,0,0,0,0,0,,14.68,14.68,16991,False,fum_rec_td,PFR+RULE2PT
Mike Pagel,1985,5,1985-10-06,False,IND,BUF,H,W,49,17,14,25,183,1,1,75.9,0,2,4,1,0,,15.72,15.72,16991,False,fum_rec_td,PFR+RULE2PT
Mike Pagel,1985,6,1985-10-13,False,IND,DEN,H,L,10,15,14,30,140,1,1,57.6,3,4,52,0,0,,12.8,12.8,16991,False,fum_rec_td,PFR+RULE2PT
Mike Pagel,1985,7,1985-10-20,False,IND,BUF,A,L,9,21,7,22,78,0,2,5.5,2,7,38,0,0,,2.92,2.92,16991,False,fum_rec_td,PFR+RULE2PT
Mike Pagel,1985,8,1985-10-27,False,IND,GNB,H,W,37,10,17,28,224,1,0,97.9,1,0,0,0,0,,12.96,12.96,16991,False,fum_rec_td,PFR+RULE2PT
Mike Pagel,1985,9,1985-11-03,False,IND,NYJ,H,L,17,35,11,23,171,1,0,87.4,4,0,0,0,0,,10.84,10.84,16991,False,fum_rec_td,PFR+RULE2PT
Mike Pagel,1985,10,1985-11-10,False,IND,NWE,A,L,15,34,10,19,93,1,1,62.0,3,1,14,0,0,,7.12,7.12,16991,False,fum_rec_td,PFR+RULE2PT
Mike Pagel,1985,11,1985-11-17,False,IND,MIA,H,L,20,34,14,33,222,1,2,50.3,3,4,34,0,0,,12.28,12.28,16991,False,fum_rec_td,PFR+RULE2PT
Mike Pagel,1985,12,1985-11-24,False,IND,KAN,A,L,7,20,8,13,104,0,1,54.6,2,1,6,0,0,,2.76,2.76,16991,False,fum_rec_td,PFR+RULE2PT
Mike Pagel,1985,13,1985-12-01,False,IND,NWE,H,L,31,38,15,28,174,1,2,54.8,1,0,0,0,0,,7.56,8.56,16991,False,fum_rec_td,PFR+RULE2PT
Mike Pagel,1985,14,1985-12-08,False,IND,CHI,A,L,10,17,10,24,143,1,0,75.5,1,0,0,0,0,,9.72,9.72,16991,False,fum_rec_td,PFR+RULE2PT
Mike Pagel,1985,15,1985-12-15,False,IND,TAM,A,W,31,23,17,28,127,0,1,56.7,0,3,2,1,0,,9.28,9.28,16991,False,fum_rec_td,PFR+RULE2PT
Mike Pagel,1985,16,1985-12-22,False,IND,HOU,H,W,34,16,14,22,178,3,0,128.4,2,2,8,0,0,,19.92,19.92,16991,False,fum_rec_td,PFR+RULE2PT
Mike Pagel,1986,16,1986-12-21,False,CLE,SDG,H,W,47,17,2,3,53,0,0,109.7,0,2,0,0,0,,2.12,2.12,16991,False,fum_rec_td,PFR+RULE2PT
Mike Pagel,1987,12,1987-12-06,False,CLE,IND,H,L,7,9,0,0,0,0,0,0,0,0,0,0,0,,0.0,0.0,16991,False,fum_rec_td,PFR+RULE2PT
Mike Pagel,1987,13,1987-12-13,False,CLE,CIN,H,W,38,24,0,0,0,0,0,0,0,0,0,0,0,,0.0,0.0,16991,False,fum_rec_td,PFR+RULE2PT
Mike Pagel,1987,14,1987-12-20,False,CLE,RAI,A,W,24,17,0,0,0,0,0,0,0,0,0,0,0,,0.0,0.0,16991,False,fum_rec_td,PFR+RULE2PT
Mike Pagel,1987,15,1987-12-26,False,CLE,PIT,A,W,19,13,0,0,0,0,0,0,0,0,0,0,0,,0.0,0.0,16991,False,fum_rec_td,PFR+RULE2PT
Mike Pagel,1987,16,1988-01-09,True,CLE,IND,H,W,38,21,0,0,0,0,0,0,0,0,0,0,0,,0.0,0.0,16991,False,fum_rec_td,PFR+RULE2PT
Mike Pagel,1987,17,1988-01-17,True,CLE,DEN,A,L,33,38,0,0,0,0,0,0,0,0,0,0,0,,0.0,0.0,16991,False,fum_rec_td,PFR+RULE2PT
Mike Pagel,1988,2,1988-09-11,False,CLE,NYJ,H,L,3,23,7,14,73,0,1,35.7,1,0,0,0,0,,0.92,0.92,16991,False,fum_rec_td,PFR+RULE2PT
Mike Pagel,1988,3,1988-09-19,False,CLE,IND,H,W,23,17,23,38,255,2,1,87.1,0,1,-2,0,0,,16.0,16.0,16991,False,fum_rec_td,PFR+RULE2PT
Mike Pagel,1988,4,1988-09-25,False,CLE,CIN,A,L,17,24,24,48,254,1,0,72.7,0,1,5,0,0,,14.66,14.66,16991,False,fum_rec_td,PFR+RULE2PT
Mike Pagel,1988,5,1988-10-02,False,CLE,PIT,A,W,23,9,15,26,131,0,1,55.1,0,2,-2,0,0,,3.04,3.04,16991,False,fum_rec_td,PFR+RULE2PT
Mike Pagel,1988,6,1988-10-09,False,CLE,SEA,H,L,10,16,2,8,23,0,1,0.0,0,0,0,0,0,,-1.08,-1.08,16991,False,fum_rec_td,PFR+RULE2PT
Mike Pagel,1988,17,1988-12-24,True,CLE,HOU,H,L,23,24,17,25,179,2,1,98.6,0,1,-1,0,0,,13.06,13.06,16991,False,fum_rec_td,PFR+RULE2PT
Mike Pagel,1989,1,1989-09-10,False,CLE,PIT,A,W,51,0,0,0,0,0,0,0,0,1,-5,0,0,,-0.5,-0.5,16991,False,fum_rec_td,PFR+RULE2PT
Mike Pagel,1989,2,1989-09-17,False,CLE,NYJ,H,W,38,24,0,0,0,0,0,0,0,0,0,0,0,,0.0,0.0,16991,False,fum_rec_td,PFR+RULE2PT
Mike Pagel,1989,3,1989-09-25,False,CLE,CIN,A,L,14,21,0,0,0,0,0,0,0,0,0,0,0,,0.0,0.0,16991,False,fum_rec_td,PFR+RULE2PT
Mike Pagel,1989,4,1989-10-01,False,CLE,DEN,H,W,16,13,0,0,0,0,0,0,0,0,0,0,0,,0.0,0.0,16991,False,fum_rec_td,PFR+RULE2PT
Mike Pagel,1989,5,1989-10-08,False,CLE,MIA,A,L,10,13,0,0,0,0,0,0,0,0,0,0,0,,0.0,0.0,16991,False,fum_rec_td,PFR+RULE2PT
Mike Pagel,1989,6,1989-10-15,False,CLE,PIT,H,L,7,17,0,0,0,0,0,0,0,0,0,0,0,,0.0,0.0,16991,False,fum_rec_td,PFR+RULE2PT
Mike Pagel,1989,7,1989-10-23,False,CLE,CHI,H,W,27,7,0,0,0,0,0,0,0,1,4,0,0,,0.4,0.4,16991,False,fum_rec_td,PFR+RULE2PT
Mike Pagel,1989,8,1989-10-29,False,CLE,HOU,H,W,28,17,0,0,0,0,0,0,0,0,0,0,0,,0.0,0.0,16991,False,fum_rec_td,PFR+RULE2PT
Mike Pagel,1989,9,1989-11-05,False,CLE,TAM,A,W,42,31,0,0,0,0,0,0,0,0,0,0,0,,0.0,0.0,16991,False,fum_rec_td,PFR+RULE2PT
Mike Pagel,1989,10,1989-11-12,False,CLE,SEA,A,W,17,7,0,0,0,0,0,0,0,0,0,0,0,,0.0,0.0,16991,False,fum_rec_td,PFR+RULE2PT
Mike Pagel,1989,11,1989-11-19,False,CLE,KAN,H,T,10,10,0,0,0,0,0,0,0,0,0,0,0,,0.0,0.0,16991,False,fum_rec_td,PFR+RULE2PT
Mike Pagel,1989,12,1989-11-23,False,CLE,DET,A,L,10,13,0,0,0,0,0,0,0,0,0,0,0,,0.0,0.0,16991,False,fum_rec_td,PFR+RULE2PT
Mike Pagel,1989,13,1989-12-03,False,CLE,CIN,H,L,0,21,4,13,46,0,1,10.4,0,0,0,0,0,,-0.16,-0.16,16991,False,fum_rec_td,PFR+RULE2PT
Mike Pagel,1989,14,1989-12-10,False,CLE,IND,A,L,17,23,0,0,0,0,0,0,0,0,0,0,0,,0.0,0.0,16991,False,fum_rec_td,PFR+RULE2PT
Mike Pagel,1989,15,1989-12-17,False,CLE,MIN,H,W,23,17,1,1,14,1,0,158.3,0,0,0,0,0,,4.56,4.56,16991,False,fum_rec_td,PFR+RULE2PT
Mike Pagel,1989,16,1989-12-23,False,CLE,HOU,A,W,24,20,0,0,0,0,0,0,0,0,0,0,0,,0.0,0.0,16991,False,fum_rec_td,PFR+RULE2PT
Mike Pagel,1989,17,1990-01-06,True,CLE,BUF,H,W,34,30,0,0,0,0,0,0,0,0,0,0,0,,0.0,0.0,16991,False,fum_rec_td,PFR+RULE2PT
Mike Pagel,1989,18,1990-01-14,True,CLE,DEN,A,L,21,37,0,0,0,0,0,0,0,0,0,0,0,,0.0,0.0,16991,False,fum_rec_td,PFR+RULE2PT
Vince Evans,1980,3,1980-09-21,False,CHI,MIN,H,L,14,34,14,34,204,1,1,58.9,,4,33,1,0,,19.46,19.46,6608,False,sacked;fum_rec_td,PFR+RULE2PT
Vince Evans,1980,4,1980-09-28,False,CHI,PIT,A,L,3,38,2,7,24,0,3,1.8,,1,7,0,0,,-4.34,-4.34,6608,False,sacked;fum_rec_td,PFR+RULE2PT
Vince Evans,1980,6,1980-10-12,False,CHI,MIN,A,L,7,13,0,1,0,0,0,39.6,,0,0,0,0,,0.0,0.0,6608,False,sacked;fum_rec_td,PFR+RULE2PT
Vince Evans,1980,7,1980-10-19,False,CHI,DET,H,W,24,7,5,8,172,1,1,106.2,,5,15,1,0,,16.38,16.38,6608,False,sacked;fum_rec_td,PFR+RULE2PT
Vince Evans,1980,8,1980-10-26,False,CHI,PHI,A,L,14,17,10,18,113,0,2,35.0,,8,23,1,0,,8.82,8.82,6608,False,sacked;fum_rec_td,PFR+RULE2PT
Vince Evans,1980,9,1980-11-03,False,CHI,CLE,A,L,21,27,18,33,201,2,1,80.5,,6,46,1,0,,24.64,24.64,6608,False,sacked;fum_rec_td,PFR+RULE2PT
Vince Evans,1980,10,1980-11-09,False,CHI,WAS,H,W,35,21,11,18,210,3,1,118.1,,7,6,0,0,,19.0,19.0,6608,False,sacked;fum_rec_td,PFR+RULE2PT
Vince Evans,1980,11,1980-11-16,False,CHI,HOU,H,L,6,10,12,23,165,0,1,57.3,,4,80,0,0,,12.6,12.6,6608,False,sacked;fum_rec_td,PFR+RULE2PT
Vince Evans,1980,12,1980-11-23,False,CHI,ATL,A,L,17,28,19,33,184,0,0,73.3,,7,40,1,0,,17.36,17.36,6608,False,sacked;fum_rec_td,PFR+RULE2PT
Vince Evans,1980,13,1980-11-27,False,CHI,DET,A,W,23,17,11,22,167,1,0,90.5,,4,27,1,0,,19.38,19.38,6608,False,sacked;fum_rec_td,PFR+RULE2PT
Vince Evans,1980,14,1980-12-07,False,CHI,GNB,H,W,61,7,18,22,316,3,0,158.3,,4,8,0,0,,25.44,25.44,6608,False,sacked;fum_rec_td,PFR+RULE2PT
Vince Evans,1980,15,1980-12-14,False,CHI,CIN,H,L,14,17,13,28,132,0,4,20.8,,4,11,0,0,,-1.62,-1.62,6608,False,sacked;fum_rec_td,PFR+RULE2PT
Vince Evans,1980,16,1980-12-20,False,CHI,TAM,A,W,14,13,15,31,151,0,2,35.8,,6,10,2,0,,15.04,15.04,6608,False,sacked;fum_rec_td,PFR+RULE2PT
Vince Evans,1981,1,1981-09-06,False,CHI,GNB,H,L,9,16,17,35,185,0,0,64.6,,2,4,0,0,,7.8,7.8,6608,False,sacked;fum_rec_td,PFR+RULE2PT
Vince Evans,1981,2,1981-09-13,False,CHI,SFO,A,L,17,28,19,33,216,1,1,74.8,,2,7,0,0,,11.34,11.34,6608,False,sacked;fum_rec_td,PFR+RULE2PT
Vince Evans,1981,3,1981-09-20,False,CHI,TAM,H,W,28,17,13,23,126,1,1,68.4,,3,9,1,0,,13.94,13.94,6608,False,sacked;fum_rec_td,PFR+RULE2PT
Vince Evans,1981,4,1981-09-28,False,CHI,RAM,H,L,7,24,1,8,3,0,0,39.6,,0,0,0,0,,0.12,0.12,6608,False,sacked;fum_rec_td,PFR+RULE2PT
Vince Evans,1981,5,1981-10-04,False,CHI,MIN,A,L,21,24,26,43,307,2,1,88.0,,5,23,1,0,,26.58,26.58,6608,False,sacked;fum_rec_td,PFR+RULE2PT
Vince Evans,1981,6,1981-10-11,False,CHI,WAS,H,L,7,24,8,37,131,0,4,2.3,,1,1,0,0,,-2.66,-2.66,6608,False,sacked;fum_rec_td,PFR+RULE2PT
Vince Evans,1981,7,1981-10-19,False,CHI,DET,A,L,17,48,18,31,298,1,1,87.8,,2,3,0,0,,14.22,14.22,6608,False,sacked;fum_rec_td,PFR+RULE2PT
Vince Evans,1981,8,1981-10-25,False,CHI,SDG,H,W,20,17,17,39,219,0,0,61.8,,3,24,0,0,,11.16,11.16,6608,False,sacked;fum_rec_td,PFR+RULE2PT
Vince Evans,1981,9,1981-11-01,False,CHI,TAM,A,L,10,20,21,36,239,0,2,55.2,,1,0,0,0,,5.56,5.56,6608,False,sacked;fum_rec_td,PFR+RULE2PT
Vince Evans,1981,10,1981-11-08,False,CHI,KAN,A,W,16,13,7,30,77,1,0,50.7,,5,10,0,0,,8.08,8.08,6608,False,sacked;fum_rec_td,PFR+RULE2PT
Vince Evans,1981,11,1981-11-15,False,CHI,GNB,A,L,17,21,13,29,114,0,3,16.2,,4,31,0,0,,1.66,1.66,6608,False,sacked;fum_rec_td,PFR+RULE2PT
Vince Evans,1981,12,1981-11-22,False,CHI,DET,H,L,7,23,4,19,21,0,2,0.0,,0,0,0,0,,-3.16,-3.16,6608,False,sacked;fum_rec_td,PFR+RULE2PT
Vince Evans,1981,13,1981-11-26,False,CHI,DAL,A,L,9,10,6,18,60,0,1,20.6,,4,9,1,0,,7.3,7.3,6608,False,sacked;fum_rec_td,PFR+RULE2PT
Vince Evans,1981,14,1981-12-06,False,CHI,MIN,H,W,10,9,0,3,0,0,1,0.0,,0,0,0,0,,-2.0,-2.0,6608,False,sacked;fum_rec_td,PFR+RULE2PT
Vince Evans,1981,15,1981-12-13,False,CHI,OAK,A,W,23,6,15,32,240,3,1,90.6,,5,47,0,0,,24.3,24.3,6608,False,sacked;fum_rec_td,PFR+RULE2PT
Vince Evans,1981,16,1981-12-20,False,CHI,DEN,H,W,35,24,10,20,118,2,2,62.1,,6,50,0,0,,13.72,13.72,6608,False,sacked;fum_rec_td,PFR+RULE2PT
Vince Evans,1982,1,1982-09-12,False,CHI,DET,A,L,10,17,7,15,89,0,0,65.7,1,2,0,0,0,,3.56,3.56,6608,False,fum_rec_td,PFR+RULE2PT
Vince Evans,1982,2,1982-09-19,False,CHI,NOR,H,L,0,10,2,4,16,0,2,20.8,1,0,0,0,0,,-3.36,-3.36,6608,False,fum_rec_td,PFR+RULE2PT
Vince Evans,1982,4,1982-11-28,False,CHI,MIN,A,L,7,35,3,9,20,0,2,2.8,0,0,0,0,0,,-3.2,-3.2,6608,False,fum_rec_td,PFR+RULE2PT
Vince Evans,1982,7,1982-12-19,False,CHI,STL,H,L,7,10,0,0,0,0,0,0,0,0,0,0,0,,0.0,0.0,6608,False,fum_rec_td,PFR+RULE2PT
Vince Evans,1983,1,1983-09-04,False,CHI,ATL,H,L,17,20,1,1,19,0,0,118.7,0,0,0,0,0,,0.76,0.76,6608,False,fum_rec_td,PFR+RULE2PT
Vince Evans,1983,3,1983-09-18,False,CHI,NOR,A,L,31,34,7,14,128,0,2,42.3,3,2,11,0,0,,2.22,2.22,6608,False,fum_rec_td,PFR+RULE2PT
Vince Evans,1983,4,1983-09-25,False,CHI,BAL,A,L,19,22,8,16,153,1,2,64.8,0,3,10,1,0,,13.12,13.12,6608,False,fum_rec_td,PFR+RULE2PT
Vince Evans,1983,5,1983-10-02,False,CHI,DEN,H,W,31,14,1,3,72,1,1,81.9,0,4,4,0,0,,5.28,5.28,6608,False,fum_rec_td,PFR+RULE2PT
Vince Evans,1983,6,1983-10-09,False,CHI,MIN,H,L,14,23,11,21,167,0,0,78.9,1,3,30,0,0,,9.68,9.68,6608,False,fum_rec_td,PFR+RULE2PT
Vince Evans,1983,7,1983-10-16,False,CHI,DET,A,L,17,31,28,45,336,2,0,99.9,4,2,19,0,0,,23.34,23.34,6608,False,fum_rec_td,PFR+RULE2PT
Vince Evans,1983,8,1983-10-23,False,CHI,PHI,A,W,7,6,9,18,102,1,0,85.9,2,4,41,0,0,,12.18,12.18,6608,False,fum_rec_td,PFR+RULE2PT
Vince Evans,1983,9,1983-10-30,False,CHI,DET,H,L,17,38,11,23,131,0,2,29.4,1,3,14,0,0,,2.64,2.64,6608,False,fum_rec_td,PFR+RULE2PT
Vince Evans,1983,11,1983-11-13,False,CHI,PHI,H,W,17,14,0,4,0,0,0,39.6,0,1,13,0,0,,1.3,1.3,6608,False,fum_rec_td,PFR+RULE2PT
Vince Evans,1987,3,1987-10-04,False,RAI,KAN,H,W,35,17,10,18,248,2,0,137.5,0,4,63,1,0,,30.22,30.22,6608,False,fum_rec_td,PFR+RULE2PT
Vince Evans,1987,4,1987-10-12,False,RAI,DEN,A,L,14,30,18,34,175,1,3,40.7,2,3,34,0,0,,8.4,8.4,6608,False,fum_rec_td,PFR+RULE2PT
Vince Evans,1987,5,1987-10-18,False,RAI,SDG,H,L,17,23,11,31,207,2,1,67.5,5,4,47,0,0,,18.98,18.98,6608,False,fum_rec_td,PFR+RULE2PT
Vince Evans,1989,11,1989-11-19,False,RAI,HOU,A,L,7,23,2,2,50,0,0,118.7,2,1,16,0,0,,3.6,3.6,6608,False,fum_rec_td,PFR+RULE2PT
David Woodley,1980,4,1980-09-28,False,MIA,NOR,H,W,21,16,4,15,61,0,3,4.4,,2,22,0,0,,-1.36,-1.36,24618,False,sacked;fum_rec_td,PFR+RULE2PT
David Woodley,1980,5,1980-10-05,False,MIA,BAL,H,L,17,30,2,2,14,0,0,95.8,,0,0,0,0,,0.56,0.56,24618,False,sacked;fum_rec_td,PFR+RULE2PT
David Woodley,1980,6,1980-10-12,False,MIA,NWE,A,L,0,34,11,28,48,0,2,17.6,,0,0,0,0,,-2.08,-2.08,24618,False,sacked;fum_rec_td,PFR+RULE2PT
David Woodley,1980,7,1980-10-19,False,MIA,BUF,H,W,17,14,11,17,93,1,1,73.9,,9,31,0,0,,8.82,8.82,24618,False,sacked;fum_rec_td,PFR+RULE2PT
David Woodley,1980,8,1980-10-27,False,MIA,NYJ,A,L,14,17,22,42,224,1,2,56.1,,2,0,0,0,,8.96,8.96,24618,False,sacked;fum_rec_td,PFR+RULE2PT
David Woodley,1980,9,1980-11-02,False,MIA,OAK,A,L,10,16,11,16,75,0,2,39.3,,3,13,0,0,,0.3,0.3,24618,False,sacked;fum_rec_td,PFR+RULE2PT
David Woodley,1980,10,1980-11-09,False,MIA,RAM,A,W,35,14,17,28,161,3,0,112.4,,9,51,2,0,,35.54,35.54,24618,False,sacked;fum_rec_td,PFR+RULE2PT
David Woodley,1980,11,1980-11-16,False,MIA,SFO,H,W,17,13,18,25,222,2,1,109.1,,9,25,0,0,,17.38,17.38,24618,False,sacked;fum_rec_td,PFR+RULE2PT
David Woodley,1980,12,1980-11-20,False,MIA,SDG,H,L,24,27,22,34,251,1,2,72.1,,8,28,0,0,,12.84,12.84,24618,False,sacked;fum_rec_td,PFR+RULE2PT
David Woodley,1980,13,1980-11-30,False,MIA,PIT,A,L,10,23,14,26,143,1,1,66.7,,3,15,0,0,,9.22,9.22,24618,False,sacked;fum_rec_td,PFR+RULE2PT
David Woodley,1980,14,1980-12-08,False,MIA,NWE,H,W,16,13,15,24,192,1,0,101.4,,2,6,0,0,,12.28,12.28,24618,False,sacked;fum_rec_td,PFR+RULE2PT
David Woodley,1980,15,1980-12-14,False,MIA,BAL,A,W,24,14,9,29,143,3,1,68.6,,3,9,0,0,,16.62,16.62,24618,False,sacked;fum_rec_td,PFR+RULE2PT
David Woodley,1980,16,1980-12-20,False,MIA,NYJ,H,L,17,24,20,41,223,1,2,53.2,,5,14,1,0,,16.32,16.32,24618,False,sacked;fum_rec_td,PFR+RULE2PT
David Woodley,1981,1,1981-09-06,False,MIA,STL,A,W,20,7,14,24,178,2,1,92.0,,6,12,0,0,,14.32,14.32,24618,False,sacked;fum_rec_td,PFR+RULE2PT
David Woodley,1981,2,1981-09-10,False,MIA,PIT,H,W,30,10,14,34,161,1,1,53.7,,4,26,1,0,,17.04,17.04,24618,False,sacked;fum_rec_td,PFR+RULE2PT
David Woodley,1981,3,1981-09-20,False,MIA,HOU,A,W,16,10,11,22,82,0,0,59.3,,1,1,0,0,,3.38,3.38,24618,False,sacked;fum_rec_td,PFR+RULE2PT
David Woodley,1981,4,1981-09-27,False,MIA,BAL,A,W,31,28,19,30,309,2,0,120.0,,4,9,0,0,,21.26,21.26,24618,False,sacked;fum_rec_td,PFR+RULE2PT
David Woodley,1981,5,1981-10-04,False,MIA,NYJ,H,T,28,28,3,5,27,0,0,74.6,,1,25,0,0,,3.58,3.58,24618,False,sacked;fum_rec_td,PFR+RULE2PT
David Woodley,1981,7,1981-10-18,False,MIA,WAS,H,W,13,10,15,28,296,0,0,90.8,,1,5,0,0,,12.34,12.34,24618,False,sacked;fum_rec_td,PFR+RULE2PT
David Woodley,1981,8,1981-10-25,False,MIA,DAL,A,L,27,28,21,37,408,3,5,82.8,,4,21,0,0,,20.42,20.42,24618,False,sacked;fum_rec_td,PFR+RULE2PT
David Woodley,1981,9,1981-11-01,False,MIA,BAL,H,W,27,10,14,25,164,2,0,102.7,,2,5,1,0,,21.06,21.06,24618,False,sacked;fum_rec_td,PFR+RULE2PT
David Woodley,1981,10,1981-11-08,False,MIA,NWE,A,W,30,27,22,37,242,0,2,56.4,,4,4,1,0,,12.08,12.08,24618,False,sacked;fum_rec_td,PFR+RULE2PT
David Woodley,1981,11,1981-11-15,False,MIA,OAK,H,L,17,33,10,22,102,0,0,59.3,,1,2,0,0,,4.28,4.28,24618,False,sacked;fum_rec_td,PFR+RULE2PT
David Woodley,1981,12,1981-11-22,False,MIA,NYJ,A,L,15,16,10,22,63,0,2,14.6,,4,41,0,0,,2.62,2.62,24618,False,sacked;fum_rec_td,PFR+RULE2PT
David Woodley,1981,13,1981-11-30,False,MIA,PHI,H,W,13,10,11,23,117,0,0,63.1,,5,18,0,0,,6.48,6.48,24618,False,sacked;fum_rec_td,PFR+RULE2PT
David Woodley,1981,14,1981-12-06,False,MIA,NWE,H,W,24,14,11,24,128,1,1,59.0,,9,41,1,0,,17.22,17.22,24618,False,sacked;fum_rec_td,PFR+RULE2PT
David Woodley,1981,15,1981-12-13,False,MIA,KAN,A,W,17,7,6,12,56,0,1,28.5,,2,10,0,0,,1.24,1.24,24618,False,sacked;fum_rec_td,PFR+RULE2PT
David Woodley,1981,16,1981-12-19,False,MIA,BUF,H,W,16,6,10,21,137,1,0,84.8,,15,52,0,0,,14.68,14.68,24618,False,sacked;fum_rec_td,PFR+RULE2PT
David Woodley,1981,17,1982-01-02,True,MIA,SDG,H,L,38,41,2,5,20,0,1,12.5,,1,10,0,0,,-0.2,-0.2,24618,False,sacked;fum_rec_td,PFR+RULE2PT
David Woodley,1982,1,1982-09-12,False,MIA,NYJ,A,W,45,28,14,22,98,0,1,54.7,0,7,58,0,0,,15.22,16.22,24618,False,fum_rec_td,PFR+RULE2PT
David Woodley,1982,2,1982-09-19,False,MIA,BAL,H,W,24,20,16,25,180,1,0,98.7,1,4,9,1,0,,18.1,18.1,24618,False,fum_rec_td,PFR+RULE2PT
David Woodley,1982,3,1982-11-21,False,MIA,BUF,A,W,9,7,6,16,79,0,1,27.9,1,1,29,0,0,,4.06,4.06,24618,False,fum_rec_td,PFR+RULE2PT
David Woodley,1982,4,1982-11-29,False,MIA,TAM,A,L,17,23,7,13,40,0,1,27.7,2,3,22,0,0,,1.8,1.8,24618,False,fum_rec_td,PFR+RULE2PT
David Woodley,1982,5,1982-12-05,False,MIA,MIN,H,W,22,14,13,20,132,0,0,83.7,1,8,14,1,0,,12.68,12.68,24618,False,fum_rec_td,PFR+RULE2PT
David Woodley,1982,6,1982-12-12,False,MIA,NWE,A,L,0,3,9,18,76,0,2,21.8,2,4,27,0,0,,1.74,1.74,24618,False,fum_rec_td,PFR+RULE2PT
David Woodley,1982,7,1982-12-18,False,MIA,NYJ,H,W,20,19,12,25,148,1,2,46.7,2,5,29,0,0,,8.82,8.82,24618,False,fum_rec_td,PFR+RULE2PT
David Woodley,1982,8,1982-12-27,False,MIA,BUF,H,W,27,10,7,18,88,0,1,31.7,1,3,17,0,0,,3.22,3.22,24618,False,fum_rec_td,PFR+RULE2PT
David Woodley,1982,9,1983-01-02,False,MIA,BAL,A,W,34,7,14,22,239,3,0,140.0,0,1,2,0,0,,21.76,21.76,24618,False,fum_rec_td,PFR+RULE2PT
David Woodley,1982,10,1983-01-08,True,MIA,NWE,H,W,28,13,16,19,246,2,0,153.8,2,1,16,0,0,,19.44,19.44,24618,False,fum_rec_td,PFR+RULE2PT
David Woodley,1982,11,1983-01-16,True,MIA,SDG,H,W,34,13,17,22,195,2,1,114.8,1,3,14,1,0,,21.2,21.2,24618,False,fum_rec_td,PFR+RULE2PT
David Woodley,1982,12,1983-01-23,True,MIA,NYJ,H,W,14,0,9,21,87,0,3,15.5,4,8,46,0,0,,2.08,2.08,24618,False,fum_rec_td,PFR+RULE2PT
David Woodley,1982,13,1983-01-30,True,MIA,WAS,N,L,17,27,4,14,97,1,1,50.0,1,4,16,0,0,,7.48,7.48,24618,False,fum_rec_td,PFR+RULE2PT
David Woodley,1983,1,1983-09-04,False,MIA,BUF,A,W,12,0,8,22,40,0,0,44.9,3,1,9,0,0,,3.1,4.1,24618,False,fum_rec_td,PFR+RULE2PT
David Woodley,1983,2,1983-09-11,False,MIA,NWE,H,W,34,24,11,20,218,2,0,126.7,3,2,-3,0,0,,16.42,16.42,24618,False,fum_rec_td,PFR+RULE2PT
David Woodley,1983,3,1983-09-19,False,MIA,RAI,A,L,14,27,10,18,144,0,1,58.6,3,5,22,0,0,,5.96,5.96,24618,False,fum_rec_td,PFR+RULE2PT
David Woodley,1983,4,1983-09-25,False,MIA,KAN,H,W,14,6,10,17,92,1,2,53.7,1,11,50,0,0,,8.68,8.68,24618,False,fum_rec_td,PFR+RULE2PT
David Woodley,1983,5,1983-10-02,False,MIA,NOR,A,L,7,17,4,12,34,0,1,7.6,0,0,0,0,0,,-0.64,-0.64,24618,False,fum_rec_td,PFR+RULE2PT
David Woodley,1984,1,1984-09-02,False,PIT,KAN,H,L,27,37,11,17,225,2,1,122.8,3,2,-6,0,0,,14.4,14.4,24618,False,fum_rec_td,PFR+RULE2PT
David Woodley,1984,2,1984-09-06,False,PIT,NYJ,A,W,23,17,14,25,187,2,1,89.9,2,1,7,0,0,,14.18,14.18,24618,False,fum_rec_td,PFR+RULE2PT
David Woodley,1984,3,1984-09-16,False,PIT,RAM,H,W,24,14,20,30,244,2,0,113.7,3,3,5,0,0,,18.26,18.26,24618,False,fum_rec_td,PFR+RULE2PT
David Woodley,1984,4,1984-09-23,False,PIT,CLE,A,L,10,20,9,25,153,0,1,40.9,1,2,1,0,0,,4.22,4.22,24618,False,fum_rec_td,PFR+RULE2PT
David Woodley,1984,5,1984-10-01,False,PIT,CIN,H,W,38,17,19,30,252,1,3,61.4,1,1,0,0,0,,8.08,8.08,24618,False,fum_rec_td,PFR+RULE2PT
David Woodley,1984,6,1984-10-07,False,PIT,MIA,H,L,7,31,0,2,0,0,0,39.6,0,1,0,0,0,,0.0,0.0,24618,False,fum_rec_td,PFR+RULE2PT
David Woodley,1984,8,1984-10-21,False,PIT,IND,A,L,16,17,12,27,212,1,1,68.7,0,1,7,0,0,,11.18,11.18,24618,False,fum_rec_td,PFR+RULE2PT
David Woodley,1985,1,1985-09-08,False,PIT,IND,H,W,45,3,0,1,0,0,0,39.6,1,0,0,0,0,,0.0,0.0,24618,False,fum_rec_td,PFR+RULE2PT
David Woodley,1985,6,1985-10-13,False,PIT,DAL,A,L,13,27,6,23,154,0,3,15.4,0,0,0,0,0,,0.16,0.16,24618,False,fum_rec_td,PFR+RULE2PT
David Woodley,1985,8,1985-10-27,False,PIT,CIN,A,L,21,26,11,22,146,1,3,47.0,1,2,13,0,0,,5.14,5.14,24618,False,fum_rec_td,PFR+RULE2PT
David Woodley,1985,9,1985-11-03,False,PIT,CLE,H,W,10,9,9,17,91,0,0,68.5,1,3,15,0,0,,5.14,5.14,24618,False,fum_rec_td,PFR+RULE2PT
David Woodley,1985,10,1985-11-10,False,PIT,KAN,A,W,36,28,13,25,258,1,1,85.1,1,4,5,0,0,,12.82,12.82,24618,False,fum_rec_td,PFR+RULE2PT
David Woodley,1985,11,1985-11-17,False,PIT,HOU,A,W,30,7,12,20,138,0,1,60.0,1,4,12,1,0,,10.72,10.72,24618,False,fum_rec_td,PFR+RULE2PT
David Woodley,1985,13,1985-12-01,False,PIT,DEN,H,L,23,31,19,40,283,1,4,39.9,6,1,11,0,0,,8.42,8.42,24618,False,fum_rec_td,PFR+RULE2PT
David Woodley,1985,14,1985-12-08,False,PIT,SDG,A,L,44,54,24,35,287,3,2,98.2,2,2,3,1,0,,25.78,25.78,24618,False,fum_rec_td,PFR+RULE2PT
David Woodley,1985,15,1985-12-15,False,PIT,BUF,H,W,30,24,0,0,0,0,0,0,0,1,12,0,0,,1.2,1.2,24618,False,fum_rec_td,PFR+RULE2PT
Doug Flutie,1986,10,1986-11-09,False,CHI,TAM,A,W,23,3,0,1,0,0,0,39.6,0,1,-1,0,0,,-0.1,-0.1,7072,False,fum_rec_td,PFR+RULE2PT
Doug Flutie,1986,14,1986-12-07,False,CHI,TAM,H,W,48,14,2,7,79,1,0,113.7,0,2,7,1,0,,13.86,13.86,7072,False,fum_rec_td,PFR+RULE2PT
Doug Flutie,1986,15,1986-12-15,False,CHI,DET,A,W,16,13,13,24,130,0,1,52.4,3,5,11,0,0,,4.3,4.3,7072,False,fum_rec_td,PFR+RULE2PT
Doug Flutie,1986,16,1986-12-21,False,CHI,DAL,A,W,24,10,8,14,152,2,1,104.8,3,1,19,0,0,,13.98,13.98,7072,False,fum_rec_td,PFR+RULE2PT
Doug Flutie,1986,17,1987-01-03,True,CHI,WAS,H,L,13,27,11,31,134,1,2,33.5,1,2,12,0,0,,6.56,6.56,7072,False,fum_rec_td,PFR+RULE2PT
Doug Flutie,1987,2,1987-09-20,False,CHI,TAM,H,W,20,3,0,0,0,0,0,0,0,0,0,0,0,,0.0,0.0,7072,False,fum_rec_td,PFR+RULE2PT
Doug Flutie,1987,5,1987-10-18,False,NWE,HOU,A,W,21,7,15,25,199,1,0,98.6,1,6,43,0,0,,16.26,16.26,7072,False,fum_rec_td,PFR+RULE2PT
Doug Flutie,1988,5,1988-10-02,False,NWE,IND,H,W,21,17,12,16,132,1,1,93.7,1,3,18,1,0,,15.08,15.08,7072,False,fum_rec_td,PFR+RULE2PT
Doug Flutie,1988,6,1988-10-09,False,NWE,GNB,A,L,3,45,17,33,163,0,3,27.7,1,4,20,0,0,,2.52,2.52,7072,False,fum_rec_td,PFR+RULE2PT
Doug Flutie,1988,7,1988-10-16,False,NWE,CIN,H,W,27,21,10,14,165,0,0,110.7,2,7,36,0,0,,10.2,10.2,7072,False,fum_rec_td,PFR+RULE2PT
Doug Flutie,1988,8,1988-10-23,False,NWE,BUF,A,L,20,23,5,16,58,1,0,64.1,2,1,9,0,0,,7.22,7.22,7072,False,fum_rec_td,PFR+RULE2PT
Doug Flutie,1988,9,1988-10-30,False,NWE,CHI,H,W,30,7,6,18,165,4,0,107.6,0,3,10,0,0,,23.6,23.6,7072,False,fum_rec_td,PFR+RULE2PT
Doug Flutie,1988,10,1988-11-06,False,NWE,MIA,H,W,21,10,7,14,74,1,1,59.8,0,3,17,0,0,,6.66,6.66,7072,False,fum_rec_td,PFR+RULE2PT
Doug Flutie,1988,11,1988-11-13,False,NWE,NYJ,A,W,14,13,6,20,78,1,2,20.4,0,5,27,0,0,,5.82,5.82,7072,False,fum_rec_td,PFR+RULE2PT
Doug Flutie,1988,12,1988-11-20,False,NWE,MIA,A,W,6,3,9,13,78,0,0,84.8,2,5,28,0,0,,5.92,5.92,7072,False,fum_rec_td,PFR+RULE2PT
Doug Flutie,1988,13,1988-11-27,False,NWE,IND,A,L,21,24,15,24,190,0,1,69.8,2,2,16,0,0,,7.2,7.2,7072,False,fum_rec_td,PFR+RULE2PT
Doug Flutie,1988,14,1988-12-04,False,NWE,SEA,H,W,13,7,5,10,47,0,1,23.7,1,5,-2,0,0,,-0.32,-0.32,7072,False,fum_rec_td,PFR+RULE2PT
Doug Flutie,1988,16,1988-12-17,False,NWE,DEN,A,L,10,21,0,1,0,0,1,0.0,0,0,0,0,0,,-2.0,-2.0,7072,False,fum_rec_td,PFR+RULE2PT
Doug Flutie,1989,4,1989-10-01,False,NWE,BUF,A,L,10,31,15,41,176,1,1,48.4,2,7,43,0,0,,13.34,13.34,7072,False,fum_rec_td,PFR+RULE2PT
Doug Flutie,1989,5,1989-10-08,False,NWE,HOU,H,W,23,13,9,18,145,0,0,77.3,1,6,24,0,0,,8.2,8.2,7072,False,fum_rec_td,PFR+RULE2PT
Doug Flutie,1989,6,1989-10-15,False,NWE,ATL,A,L,15,16,12,30,172,1,3,30.8,3,2,11,0,0,,5.98,5.98,7072,False,fum_rec_td,PFR+RULE2PT
Doug Flutie,1989,12,1989-11-26,False,NWE,RAI,A,L,21,24,0,1,0,0,0,39.6,0,0,0,0,0,,0.0,0.0,7072,False,fum_rec_td,PFR+RULE2PT
Doug Flutie,1989,13,1989-12-03,False,NWE,IND,H,W,22,16,0,1,0,0,0,39.6,0,1,9,0,0,,0.9,0.9,7072,False,fum_rec_td,PFR+RULE2PT
Steve Walsh,1989,3,1989-09-24,False,DAL,WAS,H,L,7,30,9,18,100,0,2,27.3,0,0,0,0,0,,0.0,0.0,23188,False,fum_rec_td,PFR+RULE2PT
Steve Walsh,1989,4,1989-10-01,False,DAL,NYG,H,L,13,30,13,24,190,1,2,59.4,0,0,0,0,0,,7.6,7.6,23188,False,fum_rec_td,PFR+RULE2PT
Steve Walsh,1989,5,1989-10-08,False,DAL,GNB,A,L,13,31,18,29,193,1,1,78.7,3,0,0,0,0,,9.72,9.72,23188,False,fum_rec_td,PFR+RULE2PT
Steve Walsh,1989,6,1989-10-15,False,DAL,SFO,H,L,14,31,23,36,294,1,2,75.5,4,4,14,0,0,,13.16,13.16,23188,False,fum_rec_td,PFR+RULE2PT
Steve Walsh,1989,7,1989-10-22,False,DAL,KAN,A,L,28,36,14,29,166,1,0,77.7,0,1,1,0,0,,10.74,10.74,23188,False,fum_rec_td,PFR+RULE2PT
Steve Walsh,1989,8,1989-10-29,False,DAL,PHO,H,L,10,19,21,49,264,1,2,50.0,0,0,0,0,0,,10.56,10.56,23188,False,fum_rec_td,PFR+RULE2PT
Steve Walsh,1989,9,1989-11-05,False,DAL,WAS,A,W,13,3,10,30,142,0,0,49.6,3,1,1,0,0,,5.78,5.78,23188,False,fum_rec_td,PFR+RULE2PT
Steve Walsh,1989,12,1989-11-23,False,DAL,PHI,H,L,0,27,2,4,22,0,0,66.7,1,0,0,0,0,,0.88,0.88,23188,False,fum_rec_td,PFR+RULE2PT
Steve Fuller,1980,1,1980-09-07,False,KAN,OAK,H,L,14,27,16,28,196,1,3,51.2,,6,11,0,0,,6.94,6.94,7448,False,sacked;fum_rec_td,PFR+RULE2PT
Steve Fuller,1980,2,1980-09-14,False,KAN,SEA,H,L,16,17,20,31,184,1,0,91.3,,5,21,0,0,,13.46,13.46,7448,False,sacked;fum_rec_td,PFR+RULE2PT
Steve Fuller,1980,3,1980-09-21,False,KAN,CLE,A,L,13,20,15,26,193,1,0,93.9,,5,26,0,0,,14.32,14.32,7448,False,sacked;fum_rec_td,PFR+RULE2PT
Steve Fuller,1980,4,1980-09-28,False,KAN,SDG,H,L,7,24,11,22,73,0,1,38.6,,4,13,0,0,,2.22,2.22,7448,False,sacked;fum_rec_td,PFR+RULE2PT
Steve Fuller,1980,5,1980-10-05,False,KAN,OAK,A,W,31,17,6,11,65,0,1,34.3,,3,25,0,0,,3.1,3.1,7448,False,sacked;fum_rec_td,PFR+RULE2PT
Steve Fuller,1980,6,1980-10-12,False,KAN,HOU,H,W,21,20,11,18,148,1,1,82.6,,7,47,1,0,,18.62,18.62,7448,False,sacked;fum_rec_td,PFR+RULE2PT
Steve Fuller,1980,7,1980-10-19,False,KAN,DEN,A,W,23,17,14,20,189,2,0,133.1,,4,16,0,0,,17.16,17.16,7448,False,sacked;fum_rec_td,PFR+RULE2PT
Steve Fuller,1980,8,1980-10-26,False,KAN,DET,H,W,20,17,12,18,186,1,0,119.2,,8,38,1,0,,21.24,21.24,7448,False,sacked;fum_rec_td,PFR+RULE2PT
Steve Fuller,1980,9,1980-11-02,False,KAN,BAL,H,L,24,31,15,29,216,0,1,61.9,,3,25,1,0,,15.14,15.14,7448,False,sacked;fum_rec_td,PFR+RULE2PT
Steve Fuller,1980,10,1980-11-09,False,KAN,SEA,A,W,31,30,19,26,233,2,2,93.9,,3,21,0,0,,15.42,15.42,7448,False,sacked;fum_rec_td,PFR+RULE2PT
Steve Fuller,1980,11,1980-11-16,False,KAN,SDG,A,L,7,20,15,22,135,0,0,84.5,,3,5,1,0,,11.9,11.9,7448,False,sacked;fum_rec_td,PFR+RULE2PT
Steve Fuller,1980,12,1980-11-23,False,KAN,STL,A,W,21,13,18,32,222,1,2,62.2,,5,16,0,0,,10.48,10.48,7448,False,sacked;fum_rec_td,PFR+RULE2PT
Steve Fuller,1980,13,1980-11-30,False,KAN,CIN,H,L,6,20,21,37,210,0,1,61.8,,4,10,0,0,,7.4,7.4,7448,False,sacked;fum_rec_td,PFR+RULE2PT
Steve Fuller,1980,14,1980-12-07,False,KAN,DEN,H,W,31,14,0,0,0,0,0,0,,0,0,0,0,,0.0,0.0,7448,False,sacked;fum_rec_td,PFR+RULE2PT
Steve Fuller,1981,4,1981-09-27,False,KAN,SEA,A,W,20,14,0,0,0,0,0,0,,0,0,0,0,,0.0,0.0,7448,False,sacked;fum_rec_td,PFR+RULE2PT
Steve Fuller,1981,5,1981-10-04,False,KAN,NWE,A,L,17,33,0,0,0,0,0,0,,0,0,0,0,,0.0,0.0,7448,False,sacked;fum_rec_td,PFR+RULE2PT
Steve Fuller,1981,6,1981-10-11,False,KAN,OAK,H,W,27,0,0,0,0,0,0,0,,0,0,0,0,,0.0,0.0,7448,False,sacked;fum_rec_td,PFR+RULE2PT
Steve Fuller,1981,7,1981-10-18,False,KAN,DEN,H,W,28,14,0,0,0,0,0,0,,0,0,0,0,,0.0,0.0,7448,False,sacked;fum_rec_td,PFR+RULE2PT
Steve Fuller,1981,8,1981-10-25,False,KAN,OAK,A,W,28,17,9,10,103,0,0,109.6,,3,43,0,0,,8.42,8.42,7448,False,sacked;fum_rec_td,PFR+RULE2PT
Steve Fuller,1981,9,1981-11-01,False,KAN,SDG,A,L,20,22,0,0,0,0,0,0,,0,0,0,0,,0.0,0.0,7448,False,sacked;fum_rec_td,PFR+RULE2PT
Steve Fuller,1981,10,1981-11-08,False,KAN,CHI,H,L,13,16,7,20,88,1,1,45.4,,3,-2,0,0,,5.32,5.32,7448,False,sacked;fum_rec_td,PFR+RULE2PT
Steve Fuller,1981,11,1981-11-15,False,KAN,HOU,H,W,23,10,0,0,0,0,0,0,,0,0,0,0,,0.0,0.0,7448,False,sacked;fum_rec_td,PFR+RULE2PT
Steve Fuller,1981,12,1981-11-22,False,KAN,SEA,H,W,40,13,0,0,0,0,0,0,,0,0,0,0,,0.0,0.0,7448,False,sacked;fum_rec_td,PFR+RULE2PT
Steve Fuller,1981,13,1981-11-26,False,KAN,DET,A,L,10,27,10,17,131,0,0,83.2,,2,19,0,0,,7.14,7.14,7448,False,sacked;fum_rec_td,PFR+RULE2PT
Steve Fuller,1981,14,1981-12-06,False,KAN,DEN,A,L,13,16,18,34,261,0,1,65.9,,2,17,0,0,,10.14,10.14,7448,False,sacked;fum_rec_td,PFR+RULE2PT
Steve Fuller,1981,15,1981-12-13,False,KAN,MIA,H,L,7,17,21,37,206,1,1,70.3,,8,42,0,0,,14.44,14.44,7448,False,sacked;fum_rec_td,PFR+RULE2PT
Steve Fuller,1981,16,1981-12-20,False,KAN,MIN,A,W,10,6,12,16,145,1,1,97.1,,1,-1,0,0,,7.7,7.7,7448,False,sacked;fum_rec_td,PFR+RULE2PT
Steve Fuller,1982,1,1982-09-12,False,KAN,BUF,A,L,9,14,0,0,0,0,0,0,0,0,0,0,0,,0.0,0.0,7448,False,fum_rec_td,PFR+RULE2PT
Steve Fuller,1982,2,1982-09-19,False,KAN,SDG,H,W,19,12,0,0,0,0,0,0,0,0,0,0,0,,0.0,0.0,7448,False,fum_rec_td,PFR+RULE2PT
Steve Fuller,1982,3,1982-11-21,False,KAN,NOR,A,L,17,27,9,14,117,1,0,114.3,1,1,5,0,0,,9.18,9.18,7448,False,fum_rec_td,PFR+RULE2PT
Steve Fuller,1982,4,1982-11-28,False,KAN,RAM,A,L,14,20,12,27,163,1,1,61.2,3,5,30,0,0,,11.52,11.52,7448,False,fum_rec_td,PFR+RULE2PT
Steve Fuller,1982,5,1982-12-05,False,KAN,PIT,A,L,14,35,18,31,249,1,1,81.3,8,1,8,0,0,,12.76,12.76,7448,False,fum_rec_td,PFR+RULE2PT
Steve Fuller,1982,6,1982-12-12,False,KAN,RAI,H,L,16,21,10,21,136,0,0,68.7,5,3,13,0,0,,6.74,6.74,7448,False,fum_rec_td,PFR+RULE2PT
Steve Fuller,1982,7,1982-12-19,False,KAN,DEN,A,W,37,16,0,0,0,0,0,0,0,0,0,0,0,,0.0,0.0,7448,False,fum_rec_td,PFR+RULE2PT
Steve Fuller,1982,8,1982-12-26,False,KAN,SFO,H,L,13,26,0,0,0,0,0,0,0,0,0,0,0,,0.0,0.0,7448,False,fum_rec_td,PFR+RULE2PT
Steve Fuller,1982,9,1983-01-02,False,KAN,NYJ,H,W,37,13,0,0,0,0,0,0,0,0,0,0,0,,0.0,0.0,7448,False,fum_rec_td,PFR+RULE2PT
Steve Fuller,1984,8,1984-10-21,False,CHI,TAM,A,W,44,9,0,0,0,0,0,0,0,0,0,0,0,,0.0,0.0,7448,False,fum_rec_td,PFR+RULE2PT
Steve Fuller,1984,10,1984-11-04,False,CHI,RAI,H,W,17,6,4,5,27,0,0,89.2,1,4,14,0,0,,2.48,2.48,7448,False,fum_rec_td,PFR+RULE2PT
Steve Fuller,1984,11,1984-11-11,False,CHI,RAM,A,L,13,29,21,27,240,0,0,103.7,2,6,29,1,0,,18.5,18.5,7448,False,fum_rec_td,PFR+RULE2PT
Steve Fuller,1984,12,1984-11-18,False,CHI,DET,H,W,16,14,13,23,164,1,0,93.4,3,3,37,0,0,,14.26,14.26,7448,False,fum_rec_td,PFR+RULE2PT
Steve Fuller,1984,13,1984-11-25,False,CHI,MIN,A,W,34,3,12,19,143,2,0,121.2,0,2,9,0,0,,14.62,14.62,7448,False,fum_rec_td,PFR+RULE2PT
Steve Fuller,1984,14,1984-12-03,False,CHI,SDG,A,L,7,20,3,4,21,0,0,86.5,1,0,0,0,0,,0.84,0.84,7448,False,fum_rec_td,PFR+RULE2PT
Steve Fuller,1984,17,1984-12-30,True,CHI,WAS,A,W,23,19,9,15,211,2,0,143.7,5,2,5,0,0,,16.94,16.94,7448,False,fum_rec_td,PFR+RULE2PT
Steve Fuller,1984,18,1985-01-06,True,CHI,SFO,A,L,0,23,13,22,87,0,1,48.9,8,6,39,0,0,,5.38,5.38,7448,False,fum_rec_td,PFR+RULE2PT
Steve Fuller,1985,1,1985-09-08,False,CHI,TAM,H,W,38,28,0,0,0,0,0,0,0,0,0,0,0,,0.0,0.0,7448,False,fum_rec_td,PFR+RULE2PT
Steve Fuller,1985,2,1985-09-15,False,CHI,NWE,H,W,20,7,0,1,0,0,0,39.6,2,1,8,0,0,,0.8,0.8,7448,False,fum_rec_td,PFR+RULE2PT
Steve Fuller,1985,3,1985-09-19,False,CHI,MIN,A,W,33,24,13,18,124,0,1,67.8,1,2,4,0,0,,3.36,3.36,7448,False,fum_rec_td,PFR+RULE2PT
Steve Fuller,1985,4,1985-09-29,False,CHI,WAS,H,W,45,10,0,1,0,0,0,39.6,1,1,0,0,0,,0.0,0.0,7448,False,fum_rec_td,PFR+RULE2PT
Steve Fuller,1985,5,1985-10-06,False,CHI,TAM,A,W,27,19,0,0,0,0,0,0,0,0,0,0,0,,0.0,0.0,7448,False,fum_rec_td,PFR+RULE2PT
Steve Fuller,1985,6,1985-10-13,False,CHI,SFO,A,W,26,10,0,0,0,0,0,0,0,0,0,0,0,,0.0,0.0,7448,False,fum_rec_td,PFR+RULE2PT
Steve Fuller,1985,7,1985-10-21,False,CHI,GNB,H,W,23,7,2,5,23,0,0,54.6,1,2,-1,0,0,,0.82,0.82,7448,False,fum_rec_td,PFR+RULE2PT
Steve Fuller,1985,8,1985-10-27,False,CHI,MIN,H,W,27,9,1,3,34,0,0,77.1,1,0,0,0,0,,1.36,1.36,7448,False,fum_rec_td,PFR+RULE2PT
Steve Fuller,1985,9,1985-11-03,False,CHI,GNB,A,W,16,10,0,0,0,0,0,0,0,0,0,0,0,,0.0,0.0,7448,False,fum_rec_td,PFR+RULE2PT
Steve Fuller,1985,10,1985-11-10,False,CHI,DET,H,W,24,3,7,13,112,0,0,82.9,1,5,11,2,0,,17.58,17.58,7448,False,fum_rec_td,PFR+RULE2PT
Steve Fuller,1985,11,1985-11-17,False,CHI,DAL,A,W,44,0,9,24,164,0,1,44.4,4,4,21,1,0,,12.66,12.66,7448,False,fum_rec_td,PFR+RULE2PT
Steve Fuller,1985,12,1985-11-24,False,CHI,ATL,H,W,36,0,10,20,151,0,0,75.2,1,2,11,0,0,,7.14,7.14,7448,False,fum_rec_td,PFR+RULE2PT
Steve Fuller,1985,13,1985-12-02,False,CHI,MIA,A,L,24,38,11,21,169,1,2,55.6,4,6,19,2,0,,20.66,20.66,7448,False,fum_rec_td,PFR+RULE2PT
Steve Fuller,1985,14,1985-12-08,False,CHI,IND,H,W,17,10,0,0,0,0,0,0,0,0,0,0,0,,0.0,0.0,7448,False,fum_rec_td,PFR+RULE2PT
Steve Fuller,1985,15,1985-12-14,False,CHI,NYJ,A,W,19,6,0,0,0,0,0,0,0,0,0,0,0,,0.0,0.0,7448,False,fum_rec_td,PFR+RULE2PT
Steve Fuller,1985,16,1985-12-22,False,CHI,DET,A,W,37,17,0,1,0,0,1,0.0,1,1,4,0,0,,-1.6,-1.6,7448,False,fum_rec_td,PFR+RULE2PT
Steve Fuller,1985,17,1986-01-05,True,CHI,NYG,H,W,21,0,0,0,0,0,0,0,0,0,0,0,0,,0.0,0.0,7448,False,fum_rec_td,PFR+RULE2PT
Steve Fuller,1985,18,1986-01-12,True,CHI,RAM,H,W,24,0,0,0,0,0,0,0,0,0,0,0,0,,0.0,0.0,7448,False,fum_rec_td,PFR+RULE2PT
Steve Fuller,1985,19,1986-01-26,True,CHI,NWE,N,W,46,10,0,4,0,0,0,39.6,1,1,1,0,0,,0.1,0.1,7448,False,fum_rec_td,PFR+RULE2PT
Steve Fuller,1986,1,1986-09-07,False,CHI,CLE,H,W,41,31,0,0,0,0,0,0,0,0,0,0,0,,0.0,0.0,7448,False,fum_rec_td,PFR+RULE2PT
Steve Fuller,1986,2,1986-09-14,False,CHI,PHI,H,W,13,10,0,0,0,0,0,0,0,0,0,0,0,,0.0,0.0,7448,False,fum_rec_td,PFR+RULE2PT
Steve Fuller,1986,3,1986-09-22,False,CHI,GNB,A,W,25,12,8,14,109,1,1,76.2,0,2,14,0,0,,7.76,7.76,7448,False,fum_rec_td,PFR+RULE2PT
Steve Fuller,1986,4,1986-09-28,False,CHI,CIN,A,W,44,7,2,3,48,0,0,109.7,0,0,0,0,0,,1.92,1.92,7448,False,fum_rec_td,PFR+RULE2PT
Steve Fuller,1986,5,1986-10-05,False,CHI,MIN,H,W,23,0,1,2,4,0,0,56.2,1,0,0,0,0,,0.16,0.16,7448,False,fum_rec_td,PFR+RULE2PT
Steve Fuller,1986,6,1986-10-12,False,CHI,HOU,A,W,20,7,0,0,0,0,0,0,0,0,0,0,0,,0.0,0.0,7448,False,fum_rec_td,PFR+RULE2PT
Steve Fuller,1986,7,1986-10-19,False,CHI,MIN,A,L,7,23,13,22,181,1,0,100.8,7,3,7,0,0,,11.94,11.94,7448,False,fum_rec_td,PFR+RULE2PT
Steve Fuller,1986,8,1986-10-26,False,CHI,DET,H,W,13,7,1,2,7,0,0,58.3,0,0,0,0,0,,0.28,0.28,7448,False,fum_rec_td,PFR+RULE2PT
Steve Fuller,1986,9,1986-11-03,False,CHI,RAM,H,L,17,20,9,19,102,0,2,24.3,0,2,10,0,0,,1.08,1.08,7448,False,fum_rec_td,PFR+RULE2PT
Steve Fuller,1986,10,1986-11-09,False,CHI,TAM,A,W,23,3,0,0,0,0,0,0,0,0,0,0,0,,0.0,0.0,7448,False,fum_rec_td,PFR+RULE2PT
Steve Fuller,1986,11,1986-11-16,False,CHI,ATL,A,W,13,10,0,0,0,0,0,0,0,0,0,0,0,,0.0,0.0,7448,False,fum_rec_td,PFR+RULE2PT
Steve Fuller,1986,12,1986-11-23,False,CHI,GNB,H,W,12,10,0,0,0,0,0,0,0,0,0,0,0,,0.0,0.0,7448,False,fum_rec_td,PFR+RULE2PT
Steve Fuller,1986,13,1986-11-30,False,CHI,PIT,H,W,13,10,0,0,0,0,0,0,0,0,0,0,0,,0.0,0.0,7448,False,fum_rec_td,PFR+RULE2PT
Steve Fuller,1986,14,1986-12-07,False,CHI,TAM,H,W,48,14,0,0,0,0,0,0,0,0,0,0,0,,0.0,0.0,7448,False,fum_rec_td,PFR+RULE2PT
Steve Fuller,1986,15,1986-12-15,False,CHI,DET,A,W,16,13,0,0,0,0,0,0,0,0,0,0,0,,0.0,0.0,7448,False,fum_rec_td,PFR+RULE2PT
Steve Fuller,1986,16,1986-12-21,False,CHI,DAL,A,W,24,10,0,2,0,0,1,0.0,0,1,-1,0,0,,-2.1,-2.1,7448,False,fum_rec_td,PFR+RULE2PT
Steve Fuller,1986,17,1987-01-03,True,CHI,WAS,H,L,13,27,0,0,0,0,0,0,0,0,0,0,0,,0.0,0.0,7448,False,fum_rec_td,PFR+RULE2PT
Bob Avellini,1981,4,1981-09-28,False,CHI,RAM,H,L,7,24,8,14,64,0,1,39.0,,2,3,0,0,,0.86,0.86,766,False,sacked;fum_rec_td,PFR+RULE2PT
Bob Avellini,1981,7,1981-10-19,False,CHI,DET,A,L,17,48,1,1,17,0,0,118.7,,0,0,0,0,,0.68,0.68,766,False,sacked;fum_rec_td,PFR+RULE2PT
Bob Avellini,1981,8,1981-10-25,False,CHI,SDG,H,W,20,17,0,0,0,0,0,0,,0,0,0,0,,0.0,0.0,766,False,sacked;fum_rec_td,PFR+RULE2PT
Bob Avellini,1981,9,1981-11-01,False,CHI,TAM,A,L,10,20,0,0,0,0,0,0,,0,0,0,0,,0.0,0.0,766,False,sacked;fum_rec_td,PFR+RULE2PT
Bob Avellini,1981,10,1981-11-08,False,CHI,KAN,A,W,16,13,0,0,0,0,0,0,,0,0,0,0,,0.0,0.0,766,False,sacked;fum_rec_td,PFR+RULE2PT
Bob Avellini,1981,11,1981-11-15,False,CHI,GNB,A,L,17,21,0,0,0,0,0,0,,0,0,0,0,,0.0,0.0,766,False,sacked;fum_rec_td,PFR+RULE2PT
Bob Avellini,1981,12,1981-11-22,False,CHI,DET,H,L,7,23,3,10,20,0,1,0.0,,0,0,0,0,,-1.2,-1.2,766,False,sacked;fum_rec_td,PFR+RULE2PT
Bob Avellini,1981,13,1981-11-26,False,CHI,DAL,A,L,9,10,0,0,0,0,0,0,,0,0,0,0,,0.0,0.0,766,False,sacked;fum_rec_td,PFR+RULE2PT
Bob Avellini,1981,14,1981-12-06,False,CHI,MIN,H,W,10,9,3,7,84,1,1,87.8,,3,-1,0,0,,5.26,5.26,766,False,sacked;fum_rec_td,PFR+RULE2PT
Bob Avellini,1982,1,1982-09-12,False,CHI,DET,A,L,10,17,5,11,51,0,0,59.3,4,0,0,0,0,,2.04,2.04,766,False,fum_rec_td,PFR+RULE2PT
Bob Avellini,1982,2,1982-09-19,False,CHI,NOR,H,L,0,10,3,9,33,0,0,45.1,0,0,0,0,0,,1.32,1.32,766,False,fum_rec_td,PFR+RULE2PT
Bob Avellini,1983,11,1983-11-13,False,CHI,PHI,H,W,17,14,0,0,0,0,0,0,0,0,0,0,0,,0.0,0.0,766,False,fum_rec_td,PFR+RULE2PT
Bob Avellini,1983,12,1983-11-20,False,CHI,TAM,A,W,27,0,0,0,0,0,0,0,0,0,0,0,0,,0.0,0.0,766,False,fum_rec_td,PFR+RULE2PT
Bob Avellini,1984,1,1984-09-02,False,CHI,TAM,H,W,34,14,1,1,17,0,0,118.7,1,0,0,0,0,,0.68,0.68,766,False,fum_rec_td,PFR+RULE2PT
Bob Avellini,1984,2,1984-09-09,False,CHI,DEN,H,W,27,0,5,9,19,0,1,21.3,1,0,0,0,0,,-1.24,-1.24,766,False,fum_rec_td,PFR+RULE2PT
Bob Avellini,1984,3,1984-09-16,False,CHI,GNB,A,W,9,7,11,17,133,0,1,64.1,1,2,-5,0,0,,2.82,2.82,766,False,fum_rec_td,PFR+RULE2PT
Bob Avellini,1984,4,1984-09-23,False,CHI,SEA,A,L,9,38,13,26,119,0,1,46.8,2,1,0,0,0,,2.76,2.76,766,False,fum_rec_td,PFR+RULE2PT
Randy Wright,1984,2,1984-09-09,False,GNB,RAI,A,L,7,28,10,24,67,1,2,28.5,2,0,0,0,0,,2.68,2.68,24753,False,fum_rec_td,PFR+RULE2PT
Randy Wright,1984,4,1984-09-23,False,GNB,DAL,A,L,6,20,6,18,52,0,3,2.8,1,2,5,0,0,,-3.42,-3.42,24753,False,fum_rec_td,PFR+RULE2PT
Randy Wright,1984,7,1984-10-15,False,GNB,DEN,A,L,14,17,0,1,0,0,0,39.6,0,0,0,0,0,,0.0,0.0,24753,False,fum_rec_td,PFR+RULE2PT
Randy Wright,1984,9,1984-10-28,False,GNB,DET,H,W,41,9,1,1,6,0,0,91.7,0,1,5,0,0,,0.74,0.74,24753,False,fum_rec_td,PFR+RULE2PT
Randy Wright,1984,11,1984-11-11,False,GNB,MIN,H,W,45,17,1,1,10,0,0,108.3,0,2,1,0,0,,0.5,0.5,24753,False,fum_rec_td,PFR+RULE2PT
Randy Wright,1984,12,1984-11-18,False,GNB,RAM,H,W,31,6,0,0,0,0,0,0,0,0,0,0,0,,0.0,0.0,24753,False,fum_rec_td,PFR+RULE2PT
Randy Wright,1984,13,1984-11-22,False,GNB,DET,A,L,28,31,5,7,100,1,1,113.7,0,0,0,0,0,,6.0,6.0,24753,False,fum_rec_td,PFR+RULE2PT
Randy Wright,1984,15,1984-12-09,False,GNB,CHI,A,W,20,14,4,10,75,0,0,66.7,0,3,0,0,0,,3.0,3.0,24753,False,fum_rec_td,PFR+RULE2PT
Randy Wright,1985,3,1985-09-22,False,GNB,NYJ,H,L,3,24,8,15,84,0,1,42.1,2,0,0,0,0,,1.36,1.36,24753,False,fum_rec_td,PFR+RULE2PT
Randy Wright,1985,4,1985-09-29,False,GNB,STL,A,L,28,43,8,17,77,0,2,20.6,1,4,1,0,0,,-0.82,-0.82,24753,False,fum_rec_td,PFR+RULE2PT
Randy Wright,1985,5,1985-10-06,False,GNB,DET,H,W,43,10,6,9,111,2,0,148.6,1,0,0,0,0,,12.44,12.44,24753,False,fum_rec_td,PFR+RULE2PT
Randy Wright,1985,7,1985-10-21,False,GNB,CHI,A,L,7,23,9,22,179,0,1,51.1,3,1,8,0,0,,5.96,5.96,24753,False,fum_rec_td,PFR+RULE2PT
Randy Wright,1985,16,1985-12-22,False,GNB,TAM,A,W,20,17,8,11,101,0,0,100.9,1,3,-1,0,0,,3.94,3.94,24753,False,fum_rec_td,PFR+RULE2PT
Randy Wright,1986,1,1986-09-07,False,GNB,HOU,H,L,3,31,10,23,155,0,1,48.3,1,1,-3,0,0,,3.9,3.9,24753,False,fum_rec_td,PFR+RULE2PT
Randy Wright,1986,2,1986-09-14,False,GNB,NOR,A,L,10,24,18,44,195,1,5,22.6,0,0,0,0,0,,1.8,1.8,24753,False,fum_rec_td,PFR+RULE2PT
Randy Wright,1986,3,1986-09-22,False,GNB,CHI,H,L,12,25,22,42,242,0,1,59.8,3,0,0,0,0,,7.68,7.68,24753,False,fum_rec_td,PFR+RULE2PT
Randy Wright,1986,4,1986-09-28,False,GNB,MIN,A,L,7,42,0,5,0,0,1,0.0,2,0,0,0,0,,-2.0,-2.0,24753,False,fum_rec_td,PFR+RULE2PT
Randy Wright,1986,5,1986-10-05,False,GNB,CIN,H,L,28,34,19,31,276,2,1,98.3,3,2,2,0,0,,17.24,17.24,24753,False,fum_rec_td,PFR+RULE2PT
Randy Wright,1986,6,1986-10-12,False,GNB,DET,H,L,14,21,25,41,253,2,1,84.7,2,1,0,0,0,,16.12,16.12,24753,False,fum_rec_td,PFR+RULE2PT
Randy Wright,1986,7,1986-10-19,False,GNB,CLE,A,W,17,14,21,27,277,1,0,121.8,1,1,-7,0,0,,14.38,14.38,24753,False,fum_rec_td,PFR+RULE2PT
Randy Wright,1986,8,1986-10-26,False,GNB,SFO,H,L,17,31,30,54,328,1,3,56.7,3,1,18,0,0,,12.92,12.92,24753,False,fum_rec_td,PFR+RULE2PT
Randy Wright,1986,9,1986-11-02,False,GNB,PIT,A,L,3,27,15,31,180,0,1,53.2,3,0,0,0,0,,5.2,5.2,24753,False,fum_rec_td,PFR+RULE2PT
Randy Wright,1986,10,1986-11-09,False,GNB,WAS,H,L,7,16,6,12,55,1,1,55.9,2,0,0,0,0,,4.2,4.2,24753,False,fum_rec_td,PFR+RULE2PT
Randy Wright,1986,11,1986-11-16,False,GNB,TAM,H,W,31,7,18,29,238,3,3,82.9,0,1,13,0,0,,16.82,16.82,24753,False,fum_rec_td,PFR+RULE2PT
Randy Wright,1986,12,1986-11-23,False,GNB,CHI,A,L,10,12,10,29,148,1,2,34.8,5,0,0,0,0,,5.92,5.92,24753,False,fum_rec_td,PFR+RULE2PT
Randy Wright,1986,13,1986-11-27,False,GNB,DET,A,W,44,40,18,26,286,3,1,128.0,2,6,-6,0,0,,20.84,20.84,24753,False,fum_rec_td,PFR+RULE2PT
Randy Wright,1986,14,1986-12-07,False,GNB,MIN,H,L,6,32,18,37,225,0,0,68.0,3,3,20,0,0,,11.0,11.0,24753,False,fum_rec_td,PFR+RULE2PT
Randy Wright,1986,15,1986-12-14,False,GNB,TAM,A,W,21,7,14,25,190,0,0,80.4,2,2,4,1,0,,14.0,14.0,24753,False,fum_rec_td,PFR+RULE2PT
Randy Wright,1986,16,1986-12-20,False,GNB,NYG,A,L,24,55,19,36,199,2,2,64.5,1,0,0,0,0,,11.96,11.96,24753,False,fum_rec_td,PFR+RULE2PT
Randy Wright,1987,1,1987-09-13,False,GNB,RAI,H,L,0,20,8,21,99,0,3,13.9,4,0,0,0,0,,-2.04,-2.04,24753,False,fum_rec_td,PFR+RULE2PT
Randy Wright,1987,7,1987-11-01,False,GNB,TAM,H,L,17,23,13,19,161,1,0,112.0,0,2,7,0,0,,11.14,11.14,24753,False,fum_rec_td,PFR+RULE2PT
Randy Wright,1987,8,1987-11-08,False,GNB,CHI,H,L,24,26,20,41,298,2,0,89.3,0,0,0,0,0,,19.92,19.92,24753,False,fum_rec_td,PFR+RULE2PT
Randy Wright,1987,9,1987-11-15,False,GNB,SEA,A,L,13,24,10,19,134,1,1,70.9,3,2,0,0,0,,7.36,7.36,24753,False,fum_rec_td,PFR+RULE2PT
Randy Wright,1987,10,1987-11-22,False,GNB,KAN,A,W,23,3,7,15,91,2,0,105.8,0,1,5,0,0,,12.14,12.14,24753,False,fum_rec_td,PFR+RULE2PT
Randy Wright,1987,11,1987-11-29,False,GNB,CHI,A,L,10,23,18,36,255,0,2,50.1,3,2,23,0,0,,8.5,8.5,24753,False,fum_rec_td,PFR+RULE2PT
Randy Wright,1987,12,1987-12-06,False,GNB,SFO,H,L,12,23,19,32,146,0,3,31.5,4,2,28,0,0,,2.64,2.64,24753,False,fum_rec_td,PFR+RULE2PT
Randy Wright,1987,13,1987-12-13,False,GNB,MIN,H,W,16,10,18,31,192,0,1,62.8,2,1,-2,0,0,,5.48,5.48,24753,False,fum_rec_td,PFR+RULE2PT
Randy Wright,1987,14,1987-12-19,False,GNB,NYG,A,L,10,20,19,33,131,0,1,54.0,4,3,9,0,0,,4.14,4.14,24753,False,fum_rec_td,PFR+RULE2PT
Randy Wright,1988,1,1988-09-04,False,GNB,RAM,H,L,7,34,11,24,130,0,2,28.1,6,0,0,0,0,,1.2,1.2,24753,False,fum_rec_td,PFR+RULE2PT
Randy Wright,1988,2,1988-09-11,False,GNB,TAM,H,L,10,13,22,27,181,1,0,106.9,0,1,9,0,0,,12.14,12.14,24753,False,fum_rec_td,PFR+RULE2PT
Randy Wright,1988,3,1988-09-18,False,GNB,MIA,A,L,17,24,18,23,184,0,0,100.0,4,2,1,1,0,,13.46,13.46,24753,False,fum_rec_td,PFR+RULE2PT
Randy Wright,1988,4,1988-09-25,False,GNB,CHI,H,L,6,24,19,41,242,0,2,45.0,5,0,0,0,0,,5.68,5.68,24753,False,fum_rec_td,PFR+RULE2PT
Randy Wright,1988,5,1988-10-02,False,GNB,TAM,A,L,24,27,28,51,321,1,2,64.3,3,4,33,1,0,,22.14,22.14,24753,False,fum_rec_td,PFR+RULE2PT
Randy Wright,1988,10,1988-11-06,False,GNB,ATL,A,L,0,20,3,6,24,0,2,20.8,0,0,0,0,0,,-3.04,-3.04,24753,False,fum_rec_td,PFR+RULE2PT
Randy Wright,1988,14,1988-12-04,False,GNB,DET,A,L,14,30,29,52,284,2,3,60.1,2,0,0,0,0,,13.36,13.36,24753,False,fum_rec_td,PFR+RULE2PT
Randy Wright,1988,15,1988-12-11,False,GNB,MIN,H,W,18,6,11,20,124,0,2,34.2,0,1,0,0,0,,0.96,0.96,24753,False,fum_rec_td,PFR+RULE2PT
Dave Wilson,1981,3,1981-09-20,False,NOR,NYG,A,L,7,20,11,24,154,0,1,49.7,,0,0,0,0,,4.16,4.16,24358,False,sacked;fum_rec_td,PFR+RULE2PT
Dave Wilson,1981,4,1981-09-27,False,NOR,SFO,A,L,14,21,11,22,180,1,1,74.1,,1,9,0,0,,10.1,10.1,24358,False,sacked;fum_rec_td,PFR+RULE2PT
Dave Wilson,1981,5,1981-10-04,False,NOR,PIT,H,L,6,20,12,20,127,0,4,39.0,,2,-6,0,0,,-3.52,-3.52,24358,False,sacked;fum_rec_td,PFR+RULE2PT
Dave Wilson,1981,6,1981-10-11,False,NOR,PHI,H,L,14,31,6,9,47,0,0,79.4,,0,0,0,0,,1.88,1.88,24358,False,sacked;fum_rec_td,PFR+RULE2PT
Dave Wilson,1981,9,1981-11-01,False,NOR,ATL,H,L,10,41,5,9,27,0,1,21.3,,0,0,0,0,,-0.92,-0.92,24358,False,sacked;fum_rec_td,PFR+RULE2PT
Dave Wilson,1981,10,1981-11-08,False,NOR,RAM,A,W,21,13,11,19,182,0,0,90.2,,0,0,0,0,,7.28,7.28,24358,False,sacked;fum_rec_td,PFR+RULE2PT
Dave Wilson,1981,11,1981-11-15,False,NOR,MIN,A,L,10,20,19,39,244,0,2,47.4,,2,-2,0,0,,5.56,5.56,24358,False,sacked;fum_rec_td,PFR+RULE2PT
Dave Wilson,1981,13,1981-11-29,False,NOR,TAM,H,L,14,31,3,8,53,0,0,60.9,,0,0,0,0,,2.12,2.12,24358,False,sacked;fum_rec_td,PFR+RULE2PT
Dave Wilson,1981,14,1981-12-06,False,NOR,STL,A,L,3,30,0,1,0,0,1,0.0,,0,0,0,0,,-2.0,-2.0,24358,False,sacked;fum_rec_td,PFR+RULE2PT
Dave Wilson,1981,15,1981-12-13,False,NOR,GNB,H,L,7,35,4,6,44,0,1,48.6,,0,0,0,0,,-0.24,-0.24,24358,False,sacked;fum_rec_td,PFR+RULE2PT
Dave Wilson,1981,16,1981-12-20,False,NOR,SFO,H,L,17,21,0,2,0,0,0,39.6,,0,0,0,0,,0.0,0.0,24358,False,sacked;fum_rec_td,PFR+RULE2PT
Dave Wilson,1983,1,1983-09-04,False,NOR,STL,H,W,28,17,7,11,121,1,1,93.4,1,0,0,0,0,,6.84,6.84,24358,False,fum_rec_td,PFR+RULE2PT
Dave Wilson,1983,2,1983-09-11,False,NOR,RAM,A,L,27,30,0,1,0,0,0,39.6,0,0,0,0,0,,0.0,0.0,24358,False,fum_rec_td,PFR+RULE2PT
Dave Wilson,1983,7,1983-10-16,False,NOR,SFO,H,L,13,32,12,17,126,0,1,67.3,4,0,0,0,0,,3.04,3.04,24358,False,fum_rec_td,PFR+RULE2PT
Dave Wilson,1983,9,1983-10-30,False,NOR,BUF,A,L,21,27,19,31,209,3,1,100.1,0,1,0,0,0,,18.36,18.36,24358,False,fum_rec_td,PFR+RULE2PT
Dave Wilson,1983,10,1983-11-06,False,NOR,ATL,H,W,27,10,9,14,146,1,1,93.2,2,1,-5,0,0,,7.34,7.34,24358,False,fum_rec_td,PFR+RULE2PT
Dave Wilson,1983,11,1983-11-13,False,NOR,SFO,A,L,0,27,16,29,132,0,2,38.3,9,2,7,0,0,,1.98,1.98,24358,False,fum_rec_td,PFR+RULE2PT
Dave Wilson,1983,14,1983-12-04,False,NOR,NWE,A,L,0,7,0,1,0,0,0,39.6,0,0,0,0,0,,0.0,0.0,24358,False,fum_rec_td,PFR+RULE2PT
Dave Wilson,1983,16,1983-12-18,False,NOR,RAM,H,L,24,26,3,8,36,0,1,12.5,1,1,1,1,0,,5.54,5.54,24358,False,fum_rec_td,PFR+RULE2PT
Dave Wilson,1984,5,1984-09-30,False,NOR,HOU,A,W,27,10,0,0,0,0,0,0,0,0,0,0,0,,0.0,0.0,24358,False,fum_rec_td,PFR+RULE2PT
Dave Wilson,1984,13,1984-11-25,False,NOR,SFO,H,L,3,35,5,8,46,0,0,78.1,1,0,0,0,0,,1.84,1.84,24358,False,fum_rec_td,PFR+RULE2PT
Dave Wilson,1984,14,1984-12-02,False,NOR,RAM,A,L,21,34,14,29,139,3,2,68.0,1,0,0,0,0,,13.56,13.56,24358,False,fum_rec_td,PFR+RULE2PT
Dave Wilson,1984,15,1984-12-09,False,NOR,CIN,H,L,21,24,20,32,325,3,1,114.7,5,0,0,0,0,,23.0,23.0,24358,False,fum_rec_td,PFR+RULE2PT
Dave Wilson,1984,16,1984-12-15,False,NOR,NYG,A,W,10,3,12,24,137,1,1,64.1,0,3,-7,0,0,,6.78,6.78,24358,False,fum_rec_td,PFR+RULE2PT
Dave Wilson,1985,1,1985-09-08,False,NOR,KAN,H,L,27,47,2,22,30,0,2,1.7,3,1,17,0,0,,-1.1,-1.1,24358,False,fum_rec_td,PFR+RULE2PT
Dave Wilson,1985,2,1985-09-15,False,NOR,DEN,A,L,23,34,18,30,280,2,0,113.2,6,1,0,0,0,,19.2,19.2,24358,False,fum_rec_td,PFR+RULE2PT
Dave Wilson,1985,3,1985-09-22,False,NOR,TAM,H,W,20,13,16,25,246,2,0,123.1,2,4,-6,0,0,,17.24,17.24,24358,False,fum_rec_td,PFR+RULE2PT
Dave Wilson,1985,4,1985-09-29,False,NOR,SFO,A,W,20,17,15,30,189,1,2,53.3,1,4,13,0,0,,8.86,8.86,24358,False,fum_rec_td,PFR+RULE2PT
Dave Wilson,1985,5,1985-10-06,False,NOR,PHI,H,W,23,21,15,24,175,1,1,81.1,4,3,-10,0,0,,8.0,8.0,24358,False,fum_rec_td,PFR+RULE2PT
Dave Wilson,1985,6,1985-10-13,False,NOR,RAI,A,L,13,23,15,32,201,1,2,51.7,3,2,-1,0,0,,7.94,7.94,24358,False,fum_rec_td,PFR+RULE2PT
Dave Wilson,1985,7,1985-10-20,False,NOR,ATL,A,L,24,31,19,45,300,2,4,42.8,2,2,-8,0,0,,11.2,11.2,24358,False,fum_rec_td,PFR+RULE2PT
Dave Wilson,1985,8,1985-10-27,False,NOR,NYG,H,L,13,21,13,28,110,1,2,39.3,1,1,2,0,0,,4.6,4.6,24358,False,fum_rec_td,PFR+RULE2PT
Dave Wilson,1985,9,1985-11-03,False,NOR,RAM,A,L,10,28,19,35,156,1,1,63.5,9,0,0,0,0,,8.24,8.24,24358,False,fum_rec_td,PFR+RULE2PT
Dave Wilson,1985,10,1985-11-10,False,NOR,SEA,H,L,3,27,13,22,156,0,1,61.9,8,0,0,0,0,,4.24,4.24,24358,False,fum_rec_td,PFR+RULE2PT
Dave Wilson,1986,3,1986-09-21,False,NOR,SFO,A,L,17,26,9,20,125,0,0,65.6,3,0,0,0,0,,5.0,5.0,24358,False,fum_rec_td,PFR+RULE2PT
Dave Wilson,1986,4,1986-09-28,False,NOR,NYG,A,L,17,20,12,20,146,1,0,99.2,2,1,0,0,0,,9.84,9.84,24358,False,fum_rec_td,PFR+RULE2PT
Dave Wilson,1986,5,1986-10-05,False,NOR,WAS,H,L,6,14,16,30,159,0,1,54.7,3,1,0,0,0,,4.36,4.36,24358,False,fum_rec_td,PFR+RULE2PT
Dave Wilson,1986,6,1986-10-12,False,NOR,IND,A,W,17,14,11,26,131,1,3,31.6,0,1,2,0,0,,3.44,3.44,24358,False,fum_rec_td,PFR+RULE2PT
Dave Wilson,1986,7,1986-10-19,False,NOR,TAM,H,W,38,7,14,23,185,1,1,82.7,0,1,14,0,0,,10.8,10.8,24358,False,fum_rec_td,PFR+RULE2PT
Dave Wilson,1986,8,1986-10-26,False,NOR,NYJ,A,L,23,28,22,37,243,2,2,74.5,0,0,0,0,0,,13.72,13.72,24358,False,fum_rec_td,PFR+RULE2PT
Dave Wilson,1986,9,1986-11-02,False,NOR,SFO,H,W,23,10,12,16,165,0,1,81.5,3,1,-2,0,0,,4.4,4.4,24358,False,fum_rec_td,PFR+RULE2PT
Dave Wilson,1986,10,1986-11-09,False,NOR,RAM,H,W,6,0,9,20,134,0,3,27.9,0,1,2,0,0,,-0.44,-0.44,24358,False,fum_rec_td,PFR+RULE2PT
Dave Wilson,1986,11,1986-11-16,False,NOR,STL,A,W,16,7,7,16,104,1,0,86.5,3,1,-2,0,0,,7.96,7.96,24358,False,fum_rec_td,PFR+RULE2PT
Dave Wilson,1986,12,1986-11-23,False,NOR,RAM,A,L,13,26,24,43,236,1,4,40.5,2,1,0,0,0,,5.44,5.44,24358,False,fum_rec_td,PFR+RULE2PT
Dave Wilson,1986,13,1986-11-30,False,NOR,NWE,H,L,20,21,20,33,272,1,0,97.0,4,1,-2,0,0,,14.68,14.68,24358,False,fum_rec_td,PFR+RULE2PT
Dave Wilson,1986,14,1986-12-07,False,NOR,MIA,H,L,27,31,19,34,276,1,1,80.0,1,0,0,0,0,,13.04,13.04,24358,False,fum_rec_td,PFR+RULE2PT
Dave Wilson,1986,15,1986-12-14,False,NOR,ATL,A,W,14,9,13,23,170,1,1,76.4,1,4,7,1,0,,15.5,15.5,24358,False,fum_rec_td,PFR+RULE2PT
Dave Wilson,1986,16,1986-12-21,False,NOR,MIN,A,L,17,33,1,1,7,0,0,95.8,0,1,0,0,0,,0.28,0.28,24358,False,fum_rec_td,PFR+RULE2PT
Dave Wilson,1987,2,1987-09-20,False,NOR,PHI,A,L,17,27,4,7,83,1,0,138.7,1,0,0,0,0,,7.32,7.32,24358,False,fum_rec_td,PFR+RULE2PT
Dave Wilson,1987,11,1987-11-29,False,NOR,PIT,A,W,20,16,0,1,0,0,0,39.6,0,0,0,0,0,,0.0,0.0,24358,False,fum_rec_td,PFR+RULE2PT
Dave Wilson,1987,14,1987-12-20,False,NOR,CIN,A,W,41,24,9,15,160,1,0,118.7,1,0,0,0,0,,10.4,10.4,24358,False,fum_rec_td,PFR+RULE2PT
Dave Wilson,1987,15,1987-12-27,False,NOR,GNB,H,W,33,24,0,1,0,0,0,39.6,0,0,0,0,0,,0.0,0.0,24358,False,fum_rec_td,PFR+RULE2PT
Dave Wilson,1987,16,1988-01-03,True,NOR,MIN,H,L,10,44,2,12,20,0,2,0.0,1,0,0,0,0,,-3.2,-3.2,24358,False,fum_rec_td,PFR+RULE2PT
Dave Wilson,1988,14,1988-12-04,False,NOR,MIN,A,L,3,45,5,16,73,0,1,21.1,0,0,0,0,0,,0.92,0.92,24358,False,fum_rec_td,PFR+RULE2PT
Steve Pelluer,1984,8,1984-10-21,False,DAL,NOR,H,W,30,27,0,0,0,0,0,0,0,0,0,0,0,,0.0,0.0,17332,False,fum_rec_td,PFR+RULE2PT
Steve Pelluer,1985,15,1985-12-15,False,DAL,NYG,H,W,28,21,4,7,39,0,0,72.9,0,3,-2,0,0,,1.36,1.36,17332,False,fum_rec_td,PFR+RULE2PT
Steve Pelluer,1985,16,1985-12-22,False,DAL,SFO,A,L,16,31,1,1,8,0,0,100.0,0,0,0,0,0,,0.32,0.32,17332,False,fum_rec_td,PFR+RULE2PT
Steve Pelluer,1986,1,1986-09-08,False,DAL,NYG,H,W,31,28,0,1,0,0,0,39.6,0,0,0,0,0,,0.0,0.0,17332,False,fum_rec_td,PFR+RULE2PT
Steve Pelluer,1986,2,1986-09-14,False,DAL,DET,A,W,31,7,1,1,18,0,0,118.7,0,0,0,0,0,,0.72,0.72,17332,False,fum_rec_td,PFR+RULE2PT
Steve Pelluer,1986,3,1986-09-21,False,DAL,ATL,H,L,35,37,0,0,0,0,0,0,0,0,0,0,0,,0.0,0.0,17332,False,fum_rec_td,PFR+RULE2PT
Steve Pelluer,1986,4,1986-09-29,False,DAL,STL,A,W,31,7,0,0,0,0,0,0,0,0,0,0,0,,0.0,0.0,17332,False,fum_rec_td,PFR+RULE2PT
Steve Pelluer,1986,5,1986-10-05,False,DAL,DEN,A,L,14,29,24,44,271,1,3,52.4,5,1,3,0,0,,9.14,9.14,17332,False,fum_rec_td,PFR+RULE2PT
Steve Pelluer,1986,6,1986-10-12,False,DAL,WAS,H,W,30,6,19,30,323,1,1,96.9,1,3,21,0,0,,17.02,17.02,17332,False,fum_rec_td,PFR+RULE2PT
Steve Pelluer,1986,7,1986-10-19,False,DAL,PHI,A,W,17,14,18,31,244,1,2,67.1,1,4,43,0,0,,14.06,14.06,17332,False,fum_rec_td,PFR+RULE2PT
Steve Pelluer,1986,8,1986-10-26,False,DAL,STL,H,W,37,6,12,16,119,0,0,95.6,1,6,28,0,0,,7.56,7.56,17332,False,fum_rec_td,PFR+RULE2PT
Steve Pelluer,1986,9,1986-11-02,False,DAL,NYG,A,L,14,17,28,38,339,1,0,109.4,5,3,19,0,0,,19.46,19.46,17332,False,fum_rec_td,PFR+RULE2PT
Steve Pelluer,1986,10,1986-11-09,False,DAL,RAI,H,L,13,17,14,30,168,0,5,24.7,4,6,59,0,0,,2.62,2.62,17332,False,fum_rec_td,PFR+RULE2PT
Steve Pelluer,1986,11,1986-11-16,False,DAL,SDG,A,W,24,21,18,33,246,1,0,88.7,11,6,7,1,0,,20.54,20.54,17332,False,fum_rec_td,PFR+RULE2PT
Steve Pelluer,1986,12,1986-11-23,False,DAL,WAS,A,L,14,41,12,28,172,0,1,48.5,5,1,5,0,0,,5.38,5.38,17332,False,fum_rec_td,PFR+RULE2PT
Steve Pelluer,1986,13,1986-11-27,False,DAL,SEA,H,L,14,31,22,36,210,0,0,77.3,1,3,28,0,0,,11.2,11.2,17332,False,fum_rec_td,PFR+RULE2PT
Steve Pelluer,1986,14,1986-12-07,False,DAL,RAM,A,L,10,29,18,29,173,0,2,49.9,5,2,10,0,0,,3.92,3.92,17332,False,fum_rec_td,PFR+RULE2PT
Steve Pelluer,1986,15,1986-12-14,False,DAL,PHI,H,L,21,23,15,33,271,2,2,69.1,4,4,24,0,0,,17.24,17.24,17332,False,fum_rec_td,PFR+RULE2PT
Steve Pelluer,1986,16,1986-12-21,False,DAL,CHI,H,L,10,24,14,28,173,1,1,66.5,4,2,8,0,0,,9.72,9.72,17332,False,fum_rec_td,PFR+RULE2PT
Steve Pelluer,1987,1,1987-09-13,False,DAL,STL,A,L,13,24,0,0,0,0,0,0,0,0,0,0,0,,0.0,0.0,17332,False,fum_rec_td,PFR+RULE2PT
Steve Pelluer,1987,2,1987-09-20,False,DAL,NYG,A,W,16,14,0,0,0,0,0,0,0,0,0,0,0,,0.0,0.0,17332,False,fum_rec_td,PFR+RULE2PT
Steve Pelluer,1987,6,1987-10-25,False,DAL,PHI,A,L,20,37,0,0,0,0,0,0,0,1,1,0,0,,0.1,0.1,17332,False,fum_rec_td,PFR+RULE2PT
Steve Pelluer,1987,7,1987-11-02,False,DAL,NYG,H,W,33,24,0,0,0,0,0,0,0,0,0,0,0,,0.0,0.0,17332,False,fum_rec_td,PFR+RULE2PT
Steve Pelluer,1987,8,1987-11-08,False,DAL,DET,A,L,17,27,0,0,0,0,0,0,0,0,0,0,0,,0.0,0.0,17332,False,fum_rec_td,PFR+RULE2PT
Steve Pelluer,1987,9,1987-11-15,False,DAL,NWE,A,W,23,17,0,0,0,0,0,0,0,0,0,0,0,,0.0,0.0,17332,False,fum_rec_td,PFR+RULE2PT
Steve Pelluer,1987,10,1987-11-22,False,DAL,MIA,H,L,14,20,12,18,134,2,2,86.1,0,11,79,0,0,,17.26,17.26,17332,False,fum_rec_td,PFR+RULE2PT
Steve Pelluer,1987,11,1987-11-26,False,DAL,MIN,H,L,38,44,0,0,0,0,0,0,0,0,0,0,0,,0.0,0.0,17332,False,fum_rec_td,PFR+RULE2PT
Steve Pelluer,1987,12,1987-12-06,False,DAL,ATL,H,L,10,21,18,31,203,0,0,77.8,3,1,11,0,0,,9.22,9.22,17332,False,fum_rec_td,PFR+RULE2PT
Steve Pelluer,1987,13,1987-12-13,False,DAL,WAS,A,L,20,24,0,0,0,0,0,0,0,0,0,0,0,,0.0,0.0,17332,False,fum_rec_td,PFR+RULE2PT
Steve Pelluer,1987,14,1987-12-21,False,DAL,RAM,A,W,29,21,15,30,183,1,0,80.3,2,5,29,0,0,,14.22,14.22,17332,False,fum_rec_td,PFR+RULE2PT
Steve Pelluer,1987,15,1987-12-27,False,DAL,STL,H,W,21,16,10,22,122,0,0,63.1,0,7,22,1,0,,13.08,13.08,17332,False,fum_rec_td,PFR+RULE2PT
Steve Pelluer,1988,1,1988-09-04,False,DAL,PIT,A,L,21,24,24,37,289,2,2,84.2,2,3,33,0,0,,18.86,18.86,17332,False,fum_rec_td,PFR+RULE2PT
Steve Pelluer,1988,2,1988-09-12,False,DAL,PHO,A,W,17,14,12,24,162,0,1,54.5,0,8,36,1,0,,14.08,14.08,17332,False,fum_rec_td,PFR+RULE2PT
Steve Pelluer,1988,3,1988-09-18,False,DAL,NYG,H,L,10,12,20,36,275,1,2,66.3,0,2,19,0,0,,12.9,12.9,17332,False,fum_rec_td,PFR+RULE2PT
Steve Pelluer,1988,4,1988-09-25,False,DAL,ATL,H,W,26,20,17,26,216,2,1,100.8,2,3,5,0,0,,15.14,15.14,17332,False,fum_rec_td,PFR+RULE2PT
Steve Pelluer,1988,5,1988-10-03,False,DAL,NOR,A,L,17,20,23,35,271,2,1,96.3,1,6,53,0,0,,22.14,22.14,17332,False,fum_rec_td,PFR+RULE2PT
Steve Pelluer,1988,6,1988-10-09,False,DAL,WAS,H,L,17,35,14,33,269,1,3,43.6,0,2,14,0,0,,10.16,10.16,17332,False,fum_rec_td,PFR+RULE2PT
Steve Pelluer,1988,7,1988-10-16,False,DAL,CHI,A,L,7,17,0,0,0,0,0,0,0,1,6,0,0,,0.6,0.6,17332,False,fum_rec_td,PFR+RULE2PT
Steve Pelluer,1988,8,1988-10-23,False,DAL,PHI,A,L,23,24,32,46,342,1,1,89.2,2,5,19,0,0,,17.58,17.58,17332,False,fum_rec_td,PFR+RULE2PT
Steve Pelluer,1988,9,1988-10-30,False,DAL,PHO,H,L,10,16,9,31,132,1,2,28.7,4,2,8,0,0,,6.08,6.08,17332,False,fum_rec_td,PFR+RULE2PT
Steve Pelluer,1988,10,1988-11-06,False,DAL,NYG,A,L,21,29,10,18,96,0,0,70.6,2,1,6,0,0,,4.44,4.44,17332,False,fum_rec_td,PFR+RULE2PT
Steve Pelluer,1988,11,1988-11-13,False,DAL,MIN,H,L,3,43,0,0,0,0,0,0,0,0,0,0,0,,0.0,0.0,17332,False,fum_rec_td,PFR+RULE2PT
Steve Pelluer,1988,12,1988-11-20,False,DAL,CIN,H,L,24,38,16,23,185,2,1,104.4,4,3,12,0,0,,14.6,14.6,17332,False,fum_rec_td,PFR+RULE2PT
Steve Pelluer,1988,13,1988-11-24,False,DAL,HOU,H,L,17,25,17,32,203,0,1,59.8,0,2,8,1,0,,12.92,12.92,17332,False,fum_rec_td,PFR+RULE2PT
Steve Pelluer,1988,14,1988-12-04,False,DAL,CLE,A,L,21,24,20,32,247,2,0,107.2,0,5,28,0,0,,20.68,20.68,17332,False,fum_rec_td,PFR+RULE2PT
Steve Pelluer,1988,15,1988-12-11,False,DAL,WAS,A,W,24,17,21,36,333,3,1,105.4,2,4,13,0,0,,24.62,24.62,17332,False,fum_rec_td,PFR+RULE2PT
Steve Pelluer,1988,16,1988-12-18,False,DAL,PHI,H,L,7,23,10,26,119,0,3,13.6,2,4,54,0,0,,4.16,4.16,17332,False,fum_rec_td,PFR+RULE2PT
Steve Pelluer,1989,7,1989-10-22,False,KAN,DAL,H,W,36,28,0,3,0,0,0,39.6,1,2,13,1,0,,7.3,7.3,17332,False,fum_rec_td,PFR+RULE2PT
Steve Pelluer,1989,8,1989-10-29,False,KAN,PIT,A,L,17,23,0,0,0,0,0,0,0,0,0,0,0,,0.0,0.0,17332,False,fum_rec_td,PFR+RULE2PT
Steve Pelluer,1989,9,1989-11-05,False,KAN,SEA,H,W,20,10,7,13,80,0,0,72.6,1,8,69,1,0,,16.1,16.1,17332,False,fum_rec_td,PFR+RULE2PT
Steve Pelluer,1989,10,1989-11-12,False,KAN,DEN,H,L,13,16,17,27,205,1,0,98.5,4,6,43,0,0,,16.5,16.5,17332,False,fum_rec_td,PFR+RULE2PT
Steve Pelluer,1989,11,1989-11-19,False,KAN,CLE,A,T,10,10,2,4,16,0,0,60.4,2,1,18,0,0,,2.44,2.44,17332,False,fum_rec_td,PFR+RULE2PT
Frank Reich,1985,14,1985-12-08,False,BUF,NYJ,H,L,7,27,1,1,19,0,0,118.7,0,0,0,0,0,,0.76,0.76,18410,False,fum_rec_td,PFR+RULE2PT
Frank Reich,1986,4,1986-09-28,False,BUF,KAN,H,L,17,20,0,1,0,0,0,39.6,1,1,0,0,0,,0.0,0.0,18410,False,fum_rec_td,PFR+RULE2PT
Frank Reich,1986,8,1986-10-26,False,BUF,NWE,H,L,3,23,2,8,15,0,2,0.0,0,0,0,0,0,,-3.4,-3.4,18410,False,fum_rec_td,PFR+RULE2PT
Frank Reich,1986,15,1986-12-14,False,BUF,IND,A,L,14,24,7,10,89,0,0,97.5,1,0,0,0,0,,3.56,3.56,18410,False,fum_rec_td,PFR+RULE2PT
Frank Reich,1988,7,1988-10-17,False,BUF,NYJ,A,W,37,14,0,0,0,0,0,0,0,2,-2,0,0,,-0.2,-0.2,18410,False,fum_rec_td,PFR+RULE2PT
Frank Reich,1988,9,1988-10-30,False,BUF,GNB,H,W,28,0,0,0,0,0,0,0,0,0,0,0,0,,0.0,0.0,18410,False,fum_rec_td,PFR+RULE2PT
Frank Reich,1988,11,1988-11-14,False,BUF,MIA,A,W,31,6,0,0,0,0,0,0,0,1,-1,0,0,,-0.1,-0.1,18410,False,fum_rec_td,PFR+RULE2PT
Frank Reich,1989,2,1989-09-18,False,BUF,DEN,H,L,14,28,2,2,42,0,0,118.7,0,0,0,0,0,,1.68,1.68,18410,False,fum_rec_td,PFR+RULE2PT
Frank Reich,1989,5,1989-10-08,False,BUF,IND,A,L,14,37,11,19,177,1,1,84.8,1,0,0,0,0,,9.08,9.08,18410,False,fum_rec_td,PFR+RULE2PT
Frank Reich,1989,6,1989-10-16,False,BUF,RAM,H,W,23,20,21,37,214,2,1,80.2,0,1,1,0,0,,14.66,14.66,18410,False,fum_rec_td,PFR+RULE2PT
Frank Reich,1989,7,1989-10-22,False,BUF,NYJ,H,W,34,3,13,20,145,3,0,126.0,1,5,32,0,0,,21.0,21.0,18410,False,fum_rec_td,PFR+RULE2PT
Frank Reich,1989,8,1989-10-29,False,BUF,MIA,H,W,31,17,6,9,123,1,0,146.8,2,0,0,0,0,,8.92,8.92,18410,False,fum_rec_td,PFR+RULE2PT
Frank Reich,1989,10,1989-11-12,False,BUF,IND,H,W,30,7,0,0,0,0,0,0,0,0,0,0,0,,0.0,0.0,18410,False,fum_rec_td,PFR+RULE2PT
Frank Reich,1989,16,1989-12-23,False,BUF,NYJ,A,W,37,0,0,0,0,0,0,0,0,3,-3,0,0,,-0.3,-0.3,18410,False,fum_rec_td,PFR+RULE2PT
Scott Brunner,1980,1,1980-09-07,False,NYG,STL,A,W,41,35,0,0,0,0,0,0,,0,0,0,0,,0.0,0.0,2813,False,sacked;fum_rec_td,PFR+RULE2PT
Scott Brunner,1980,2,1980-09-14,False,NYG,WAS,H,L,21,23,0,0,0,0,0,0,,0,0,0,0,,0.0,0.0,2813,False,sacked;fum_rec_td,PFR+RULE2PT
Scott Brunner,1980,3,1980-09-22,False,NYG,PHI,A,L,3,35,0,0,0,0,0,0,,0,0,0,0,,0.0,0.0,2813,False,sacked;fum_rec_td,PFR+RULE2PT
Scott Brunner,1980,4,1980-09-28,False,NYG,RAM,H,L,7,28,6,14,72,1,0,83.0,,0,0,0,0,,6.88,6.88,2813,False,sacked;fum_rec_td,PFR+RULE2PT
Scott Brunner,1980,5,1980-10-05,False,NYG,DAL,A,L,3,24,9,19,92,0,2,22.1,,1,10,0,0,,0.68,0.68,2813,False,sacked;fum_rec_td,PFR+RULE2PT
Scott Brunner,1980,6,1980-10-12,False,NYG,PHI,H,L,16,31,0,0,0,0,0,0,,0,0,0,0,,0.0,0.0,2813,False,sacked;fum_rec_td,PFR+RULE2PT
Scott Brunner,1980,7,1980-10-19,False,NYG,SDG,A,L,7,44,1,2,4,0,0,56.2,,0,0,0,0,,0.16,0.16,2813,False,sacked;fum_rec_td,PFR+RULE2PT
Scott Brunner,1980,8,1980-10-26,False,NYG,DEN,H,L,9,14,0,0,0,0,0,0,,0,0,0,0,,0.0,0.0,2813,False,sacked;fum_rec_td,PFR+RULE2PT
Scott Brunner,1980,9,1980-11-02,False,NYG,TAM,A,L,13,30,0,0,0,0,0,0,,0,0,0,0,,0.0,0.0,2813,False,sacked;fum_rec_td,PFR+RULE2PT
Scott Brunner,1980,10,1980-11-09,False,NYG,DAL,H,W,38,35,0,0,0,0,0,0,,0,0,0,0,,0.0,0.0,2813,False,sacked;fum_rec_td,PFR+RULE2PT
Scott Brunner,1980,11,1980-11-16,False,NYG,GNB,H,W,27,21,0,0,0,0,0,0,,0,0,0,0,,0.0,0.0,2813,False,sacked;fum_rec_td,PFR+RULE2PT
Scott Brunner,1980,12,1980-11-23,False,NYG,SFO,A,L,0,12,0,0,0,0,0,0,,0,0,0,0,,0.0,0.0,2813,False,sacked;fum_rec_td,PFR+RULE2PT
Scott Brunner,1980,13,1980-11-30,False,NYG,STL,H,L,7,23,0,0,0,0,0,0,,0,0,0,0,,0.0,0.0,2813,False,sacked;fum_rec_td,PFR+RULE2PT
Scott Brunner,1980,14,1980-12-07,False,NYG,SEA,A,W,27,21,8,18,161,2,1,90.3,,5,-5,0,0,,11.94,11.94,2813,False,sacked;fum_rec_td,PFR+RULE2PT
Scott Brunner,1980,15,1980-12-13,False,NYG,WAS,A,L,13,16,11,27,131,0,2,25.4,,1,-2,0,0,,1.04,1.04,2813,False,sacked;fum_rec_td,PFR+RULE2PT
Scott Brunner,1980,16,1980-12-21,False,NYG,OAK,H,L,17,33,17,32,150,1,1,63.3,,3,15,0,0,,9.5,9.5,2813,False,sacked;fum_rec_td,PFR+RULE2PT
Scott Brunner,1981,1,1981-09-06,False,NYG,PHI,H,L,10,24,0,0,0,0,0,0,,0,0,0,0,,0.0,0.0,2813,False,sacked;fum_rec_td,PFR+RULE2PT
Scott Brunner,1981,2,1981-09-13,False,NYG,WAS,A,W,17,7,0,0,0,0,0,0,,0,0,0,0,,0.0,0.0,2813,False,sacked;fum_rec_td,PFR+RULE2PT
Scott Brunner,1981,3,1981-09-20,False,NYG,NOR,H,W,20,7,0,1,0,0,0,39.6,,0,0,0,0,,0.0,0.0,2813,False,sacked;fum_rec_td,PFR+RULE2PT
Scott Brunner,1981,4,1981-09-27,False,NYG,DAL,A,L,10,18,0,0,0,0,0,0,,0,0,0,0,,0.0,0.0,2813,False,sacked;fum_rec_td,PFR+RULE2PT
Scott Brunner,1981,5,1981-10-04,False,NYG,GNB,H,L,14,27,0,0,0,0,0,0,,0,0,0,0,,0.0,0.0,2813,False,sacked;fum_rec_td,PFR+RULE2PT
Scott Brunner,1981,6,1981-10-11,False,NYG,STL,H,W,34,14,0,0,0,0,0,0,,1,3,0,0,,0.3,0.3,2813,False,sacked;fum_rec_td,PFR+RULE2PT
Scott Brunner,1981,7,1981-10-18,False,NYG,SEA,A,W,32,0,0,1,0,0,0,39.6,,0,0,0,0,,0.0,0.0,2813,False,sacked;fum_rec_td,PFR+RULE2PT
Scott Brunner,1981,8,1981-10-25,False,NYG,ATL,A,W,27,24,0,0,0,0,0,0,,0,0,0,0,,0.0,0.0,2813,False,sacked;fum_rec_td,PFR+RULE2PT
Scott Brunner,1981,9,1981-11-01,False,NYG,NYJ,H,L,7,26,0,1,0,0,0,39.6,,0,0,0,0,,0.0,0.0,2813,False,sacked;fum_rec_td,PFR+RULE2PT
Scott Brunner,1981,10,1981-11-08,False,NYG,GNB,A,L,24,26,23,46,251,3,4,52.0,,2,-2,0,0,,13.84,13.84,2813,False,sacked;fum_rec_td,PFR+RULE2PT
Scott Brunner,1981,11,1981-11-15,False,NYG,WAS,H,L,27,30,3,7,68,1,0,117.9,,0,0,0,0,,6.72,6.72,2813,False,sacked;fum_rec_td,PFR+RULE2PT
Scott Brunner,1981,12,1981-11-22,False,NYG,PHI,A,W,20,10,10,27,181,0,2,30.0,,0,0,0,0,,3.24,3.24,2813,False,sacked;fum_rec_td,PFR+RULE2PT
Scott Brunner,1981,13,1981-11-29,False,NYG,SFO,A,L,10,17,13,34,162,0,3,17.0,,1,-1,0,0,,0.38,0.38,2813,False,sacked;fum_rec_td,PFR+RULE2PT
Scott Brunner,1981,14,1981-12-06,False,NYG,RAM,H,W,10,7,5,22,67,0,0,39.8,,5,-5,0,0,,2.18,2.18,2813,False,sacked;fum_rec_td,PFR+RULE2PT
Scott Brunner,1981,15,1981-12-13,False,NYG,STL,A,W,20,10,12,24,86,0,1,41.3,,3,2,0,0,,1.64,1.64,2813,False,sacked;fum_rec_td,PFR+RULE2PT
Scott Brunner,1981,16,1981-12-19,False,NYG,DAL,H,W,13,10,13,27,163,1,1,64.3,,2,23,0,0,,10.82,10.82,2813,False,sacked;fum_rec_td,PFR+RULE2PT
Scott Brunner,1981,17,1981-12-27,True,NYG,PHI,A,W,27,21,9,14,96,3,1,94.0,,6,11,0,0,,14.94,14.94,2813,False,sacked;fum_rec_td,PFR+RULE2PT
Scott Brunner,1981,18,1982-01-03,True,NYG,SFO,A,L,24,38,16,37,290,3,2,75.3,,2,-2,0,0,,19.4,19.4,2813,False,sacked;fum_rec_td,PFR+RULE2PT
Scott Brunner,1982,1,1982-09-12,False,NYG,ATL,H,L,14,16,25,41,310,2,1,90.5,1,4,-2,0,0,,18.2,18.2,2813,False,fum_rec_td,PFR+RULE2PT
Scott Brunner,1982,2,1982-09-20,False,NYG,GNB,H,L,19,27,15,33,191,0,2,38.8,0,2,2,0,0,,3.84,3.84,2813,False,fum_rec_td,PFR+RULE2PT
Scott Brunner,1982,3,1982-11-21,False,NYG,WAS,H,L,17,27,14,28,169,1,1,65.9,3,3,5,0,0,,9.26,9.26,2813,False,fum_rec_td,PFR+RULE2PT
Scott Brunner,1982,4,1982-11-25,False,NYG,DET,A,W,13,6,12,28,136,0,2,28.3,2,3,-5,0,0,,0.94,0.94,2813,False,fum_rec_td,PFR+RULE2PT
Scott Brunner,1982,5,1982-12-05,False,NYG,HOU,H,W,17,14,18,30,289,1,0,103.3,0,0,0,0,0,,15.56,15.56,2813,False,fum_rec_td,PFR+RULE2PT
Scott Brunner,1982,6,1982-12-11,False,NYG,PHI,H,W,23,7,17,26,272,2,0,125.8,4,4,12,0,0,,20.08,20.08,2813,False,fum_rec_td,PFR+RULE2PT
Scott Brunner,1982,7,1982-12-19,False,NYG,WAS,A,L,14,15,10,26,128,1,0,67.5,5,0,0,0,0,,9.12,9.12,2813,False,fum_rec_td,PFR+RULE2PT
Scott Brunner,1982,8,1982-12-26,False,NYG,STL,A,L,21,24,29,51,326,2,0,89.2,1,2,8,0,0,,21.84,21.84,2813,False,fum_rec_td,PFR+RULE2PT
Scott Brunner,1982,9,1983-01-02,False,NYG,PHI,A,W,26,24,21,35,196,1,3,49.2,1,1,7,1,0,,12.54,12.54,2813,False,fum_rec_td,PFR+RULE2PT
Scott Brunner,1983,1,1983-09-04,False,NYG,RAM,H,L,6,16,16,35,183,0,3,26.3,5,2,4,0,0,,1.72,1.72,2813,False,fum_rec_td,PFR+RULE2PT
Scott Brunner,1983,2,1983-09-11,False,NYG,ATL,A,W,16,13,18,30,194,1,1,76.3,1,4,16,0,0,,11.36,11.36,2813,False,fum_rec_td,PFR+RULE2PT
Scott Brunner,1983,3,1983-09-18,False,NYG,DAL,A,L,13,28,10,19,172,0,2,44.1,2,2,4,0,0,,3.28,3.28,2813,False,fum_rec_td,PFR+RULE2PT
Scott Brunner,1983,4,1983-09-26,False,NYG,GNB,H,W,27,3,8,19,108,1,0,78.4,2,1,-4,0,0,,7.92,7.92,2813,False,fum_rec_td,PFR+RULE2PT
Scott Brunner,1983,5,1983-10-02,False,NYG,SDG,H,L,34,41,31,51,395,3,1,96.4,1,3,12,0,0,,27.0,27.0,2813,False,fum_rec_td,PFR+RULE2PT
Scott Brunner,1983,6,1983-10-09,False,NYG,PHI,H,L,13,17,13,26,208,0,1,61.1,1,3,15,0,0,,7.82,7.82,2813,False,fum_rec_td,PFR+RULE2PT
Scott Brunner,1983,7,1983-10-16,False,NYG,KAN,A,L,17,38,18,37,263,1,3,47.5,3,1,7,0,0,,9.22,9.22,2813,False,fum_rec_td,PFR+RULE2PT
Scott Brunner,1983,8,1983-10-24,False,NYG,STL,A,T,20,20,0,0,0,0,0,0,0,0,0,0,0,,0.0,0.0,2813,False,fum_rec_td,PFR+RULE2PT
Scott Brunner,1983,9,1983-10-30,False,NYG,DAL,H,L,20,38,1,5,8,0,0,39.6,0,1,2,0,0,,0.52,0.52,2813,False,fum_rec_td,PFR+RULE2PT
Scott Brunner,1983,10,1983-11-07,False,NYG,DET,A,L,9,15,13,26,117,0,3,22.9,2,3,5,0,0,,-0.82,-0.82,2813,False,fum_rec_td,PFR+RULE2PT
Scott Brunner,1983,11,1983-11-13,False,NYG,WAS,H,L,17,33,20,37,294,2,1,87.0,2,1,-2,0,0,,17.56,17.56,2813,False,fum_rec_td,PFR+RULE2PT
Scott Brunner,1983,12,1983-11-20,False,NYG,PHI,A,W,23,0,13,25,120,0,0,65.4,2,2,5,0,0,,5.3,5.3,2813,False,fum_rec_td,PFR+RULE2PT
Scott Brunner,1983,13,1983-11-27,False,NYG,RAI,A,L,12,27,19,41,346,1,3,53.5,7,0,0,0,0,,11.84,11.84,2813,False,fum_rec_td,PFR+RULE2PT
Scott Brunner,1983,14,1983-12-04,False,NYG,STL,H,L,6,10,10,35,108,0,4,0.4,3,3,0,0,0,,-3.68,-3.68,2813,False,fum_rec_td,PFR+RULE2PT
Scott Brunner,1983,15,1983-12-11,False,NYG,SEA,H,L,12,17,0,0,0,0,0,0,0,0,0,0,0,,0.0,0.0,2813,False,fum_rec_td,PFR+RULE2PT
Scott Brunner,1983,16,1983-12-17,False,NYG,WAS,A,L,22,31,0,0,0,0,0,0,0,0,0,0,0,,0.0,0.0,2813,False,fum_rec_td,PFR+RULE2PT
Scott Brunner,1985,1,1985-09-08,False,STL,CLE,A,W,27,24,0,0,0,0,0,0,0,0,0,0,0,,0.0,0.0,2813,False,fum_rec_td,PFR+RULE2PT
Scott Brunner,1985,2,1985-09-15,False,STL,CIN,H,W,41,27,0,0,0,0,0,0,0,0,0,0,0,,0.0,0.0,2813,False,fum_rec_td,PFR+RULE2PT
Scott Brunner,1985,3,1985-09-22,False,STL,NYG,A,L,17,27,0,0,0,0,0,0,0,0,0,0,0,,0.0,0.0,2813,False,fum_rec_td,PFR+RULE2PT
Scott Brunner,1985,4,1985-09-29,False,STL,GNB,H,W,43,28,0,0,0,0,0,0,0,0,0,0,0,,0.0,0.0,2813,False,fum_rec_td,PFR+RULE2PT
Scott Brunner,1985,5,1985-10-07,False,STL,WAS,A,L,10,27,2,5,27,0,1,18.3,0,0,0,0,0,,-0.92,-0.92,2813,False,fum_rec_td,PFR+RULE2PT
Scott Brunner,1985,6,1985-10-13,False,STL,PHI,A,L,7,30,11,22,154,1,1,69.1,1,1,8,0,0,,8.96,8.96,2813,False,fum_rec_td,PFR+RULE2PT
Scott Brunner,1985,7,1985-10-20,False,STL,PIT,A,L,10,23,0,0,0,0,0,0,0,0,0,0,0,,0.0,0.0,2813,False,fum_rec_td,PFR+RULE2PT
Scott Brunner,1985,8,1985-10-27,False,STL,HOU,H,L,10,20,0,0,0,0,0,0,0,0,0,0,0,,0.0,0.0,2813,False,fum_rec_td,PFR+RULE2PT
Scott Brunner,1985,9,1985-11-04,False,STL,DAL,H,W,21,10,0,0,0,0,0,0,0,0,0,0,0,,0.0,0.0,2813,False,fum_rec_td,PFR+RULE2PT
Scott Brunner,1985,10,1985-11-10,False,STL,TAM,A,L,0,16,0,0,0,0,0,0,0,0,0,0,0,,0.0,0.0,2813,False,fum_rec_td,PFR+RULE2PT
Scott Brunner,1985,11,1985-11-17,False,STL,PHI,H,L,14,24,0,0,0,0,0,0,0,0,0,0,0,,0.0,0.0,2813,False,fum_rec_td,PFR+RULE2PT
Scott Brunner,1985,12,1985-11-24,False,STL,NYG,H,L,3,34,13,24,121,0,2,33.5,2,2,0,0,0,,0.84,0.84,2813,False,fum_rec_td,PFR+RULE2PT
Scott Brunner,1985,13,1985-11-28,False,STL,DAL,A,L,17,35,0,0,0,0,0,0,0,0,0,0,0,,0.0,0.0,2813,False,fum_rec_td,PFR+RULE2PT
Scott Brunner,1985,14,1985-12-08,False,STL,NOR,H,W,28,16,0,0,0,0,0,0,0,0,0,0,0,,0.0,0.0,2813,False,fum_rec_td,PFR+RULE2PT
Scott Brunner,1985,15,1985-12-15,False,STL,RAM,A,L,14,46,4,9,34,0,2,15.3,0,0,0,0,0,,-2.64,-2.64,2813,False,fum_rec_td,PFR+RULE2PT
Scott Brunner,1985,16,1985-12-21,False,STL,WAS,H,L,16,27,0,0,0,0,0,0,0,0,0,0,0,,0.0,0.0,2813,False,fum_rec_td,PFR+RULE2PT
Hugh Millen,1987,15,1987-12-27,False,RAM,SFO,A,L,0,48,1,1,0,0,0,79.2,1,0,0,0,0,,0.0,0.0,15271,False,fum_rec_td,PFR+RULE2PT
Hugh Millen,1988,6,1988-10-09,False,ATL,RAM,H,L,0,33,6,7,48,0,0,95.2,3,0,0,0,0,,1.92,1.92,15271,False,fum_rec_td,PFR+RULE2PT
Hugh Millen,1988,8,1988-10-23,False,ATL,NYG,H,L,16,23,5,9,89,0,1,50.0,0,0,0,0,0,,1.56,1.56,15271,False,fum_rec_td,PFR+RULE2PT
Hugh Millen,1988,15,1988-12-11,False,ATL,RAM,A,L,7,22,6,15,78,0,1,29.3,1,1,7,0,0,,1.82,1.82,15271,False,fum_rec_td,PFR+RULE2PT
Hugh Millen,1989,3,1989-09-24,False,ATL,IND,A,L,9,13,3,7,33,0,1,17.9,2,0,0,0,0,,-0.68,-0.68,15271,False,fum_rec_td,PFR+RULE2PT
Hugh Millen,1989,4,1989-10-01,False,ATL,GNB,A,L,21,23,20,29,294,1,1,98.9,5,1,0,0,0,,13.76,13.76,15271,False,fum_rec_td,PFR+RULE2PT
Hugh Millen,1989,10,1989-11-12,False,ATL,SFO,A,L,3,45,0,0,0,0,0,0,0,0,0,0,0,,0.0,0.0,15271,False,fum_rec_td,PFR+RULE2PT
Hugh Millen,1989,14,1989-12-10,False,ATL,MIN,A,L,17,43,4,5,44,0,0,103.3,1,0,0,0,0,,1.76,1.76,15271,False,fum_rec_td,PFR+RULE2PT
Hugh Millen,1989,15,1989-12-17,False,ATL,WAS,H,L,30,31,4,9,61,0,0,67.4,1,0,0,0,0,,2.44,2.44,15271,False,fum_rec_td,PFR+RULE2PT
Jeff Kemp,1981,16,1981-12-20,False,RAM,WAS,H,L,7,30,2,6,25,0,1,7.6,,2,9,0,0,,-0.1,-0.1,12094,False,sacked;fum_rec_td,PFR+RULE2PT
Jeff Kemp,1983,11,1983-11-14,False,RAM,ATL,A,W,36,13,0,0,0,0,0,0,0,0,0,0,0,,0.0,0.0,12094,False,fum_rec_td,PFR+RULE2PT
Jeff Kemp,1983,12,1983-11-20,False,RAM,WAS,H,L,20,42,4,12,26,1,0,70.1,0,0,0,0,0,,5.04,5.04,12094,False,fum_rec_td,PFR+RULE2PT
Jeff Kemp,1983,13,1983-11-27,False,RAM,BUF,H,W,41,17,0,0,0,0,0,0,0,1,-2,0,0,,-0.2,-0.2,12094,False,fum_rec_td,PFR+RULE2PT
Jeff Kemp,1983,15,1983-12-11,False,RAM,NWE,H,L,7,21,8,13,109,0,0,88.3,2,2,0,0,0,,4.36,4.36,12094,False,fum_rec_td,PFR+RULE2PT
Jeff Kemp,1983,18,1984-01-01,True,RAM,WAS,A,L,7,51,0,0,0,0,0,0,0,0,0,0,0,,0.0,0.0,12094,False,fum_rec_td,PFR+RULE2PT
Jeff Kemp,1984,3,1984-09-16,False,RAM,PIT,A,L,14,24,9,17,127,1,1,72.4,3,3,33,0,0,,10.38,10.38,12094,False,fum_rec_td,PFR+RULE2PT
Jeff Kemp,1984,4,1984-09-23,False,RAM,CIN,A,W,24,14,13,23,205,1,0,100.8,2,1,-2,0,0,,12.0,12.0,12094,False,fum_rec_td,PFR+RULE2PT
Jeff Kemp,1984,5,1984-09-30,False,RAM,NYG,H,W,33,12,8,17,113,1,0,88.6,2,1,4,0,0,,8.92,8.92,12094,False,fum_rec_td,PFR+RULE2PT
Jeff Kemp,1984,6,1984-10-07,False,RAM,ATL,H,L,28,30,11,19,168,1,0,104.7,1,2,26,0,0,,13.32,13.32,12094,False,fum_rec_td,PFR+RULE2PT
Jeff Kemp,1984,7,1984-10-14,False,RAM,NOR,A,W,28,10,8,19,142,3,0,107.9,1,3,6,0,0,,18.28,18.28,12094,False,fum_rec_td,PFR+RULE2PT
Jeff Kemp,1984,8,1984-10-22,False,RAM,ATL,A,W,24,10,14,19,129,1,0,109.3,3,3,-4,0,0,,8.76,8.76,12094,False,fum_rec_td,PFR+RULE2PT
Jeff Kemp,1984,9,1984-10-28,False,RAM,SFO,H,L,0,33,14,30,180,0,2,38.2,5,4,27,0,0,,5.9,5.9,12094,False,fum_rec_td,PFR+RULE2PT
Jeff Kemp,1984,10,1984-11-04,False,RAM,STL,A,W,16,13,5,14,90,1,0,82.4,3,2,-4,0,0,,7.2,7.2,12094,False,fum_rec_td,PFR+RULE2PT
Jeff Kemp,1984,11,1984-11-11,False,RAM,CHI,H,W,29,13,7,15,175,1,0,111.8,0,1,2,0,0,,11.2,11.2,12094,False,fum_rec_td,PFR+RULE2PT
Jeff Kemp,1984,12,1984-11-18,False,RAM,GNB,A,L,6,31,14,32,118,0,2,27.9,1,3,9,0,0,,1.62,1.62,12094,False,fum_rec_td,PFR+RULE2PT
Jeff Kemp,1984,13,1984-11-25,False,RAM,TAM,A,W,34,33,7,10,68,0,0,88.7,0,3,1,1,0,,8.82,8.82,12094,False,fum_rec_td,PFR+RULE2PT
Jeff Kemp,1984,14,1984-12-02,False,RAM,NOR,H,W,34,21,10,24,127,2,2,51.9,0,6,42,0,0,,13.28,13.28,12094,False,fum_rec_td,PFR+RULE2PT
Jeff Kemp,1984,15,1984-12-09,False,RAM,HOU,H,W,27,16,12,23,199,1,0,96.1,2,0,0,0,0,,11.96,11.96,12094,False,fum_rec_td,PFR+RULE2PT
Jeff Kemp,1984,16,1984-12-14,False,RAM,SFO,A,L,16,19,11,22,180,0,0,77.8,1,2,13,0,0,,8.5,8.5,12094,False,fum_rec_td,PFR+RULE2PT
Jeff Kemp,1984,17,1984-12-23,True,RAM,NYG,H,L,13,16,11,15,109,0,0,93.5,2,1,2,0,0,,4.56,4.56,12094,False,fum_rec_td,PFR+RULE2PT
Jeff Kemp,1985,9,1985-11-03,False,RAM,NOR,H,W,28,10,0,0,0,0,0,0,0,1,-2,0,0,,-0.2,-0.2,12094,False,fum_rec_td,PFR+RULE2PT
Jeff Kemp,1985,10,1985-11-10,False,RAM,NYG,A,L,19,24,10,25,130,0,1,40.4,3,4,2,0,0,,3.4,3.4,12094,False,fum_rec_td,PFR+RULE2PT
Jeff Kemp,1985,11,1985-11-17,False,RAM,ATL,A,L,14,30,0,2,0,0,0,39.6,0,0,0,0,0,,0.0,0.0,12094,False,fum_rec_td,PFR+RULE2PT
Jeff Kemp,1985,13,1985-12-01,False,RAM,NOR,A,L,3,29,5,8,82,0,0,96.9,3,0,0,0,0,,3.28,3.28,12094,False,fum_rec_td,PFR+RULE2PT
Jeff Kemp,1985,15,1985-12-15,False,RAM,STL,H,W,46,14,1,3,2,0,0,42.4,0,0,0,0,0,,0.08,0.08,12094,False,fum_rec_td,PFR+RULE2PT
Jeff Kemp,1986,1,1986-09-07,False,SFO,TAM,A,W,31,7,1,2,10,1,0,104.2,0,1,3,0,0,,4.7,4.7,12094,False,fum_rec_td,PFR+RULE2PT
Jeff Kemp,1986,2,1986-09-14,False,SFO,RAM,A,L,13,16,19,24,252,1,2,89.6,1,0,0,0,0,,10.08,10.08,12094,False,fum_rec_td,PFR+RULE2PT
Jeff Kemp,1986,3,1986-09-21,False,SFO,NOR,H,W,26,17,29,44,332,1,1,86.6,1,4,15,0,0,,16.78,16.78,12094,False,fum_rec_td,PFR+RULE2PT
Jeff Kemp,1986,4,1986-09-28,False,SFO,MIA,A,W,31,16,14,29,168,2,1,75.1,0,3,15,0,0,,14.22,14.22,12094,False,fum_rec_td,PFR+RULE2PT
Jeff Kemp,1986,5,1986-10-05,False,SFO,IND,H,W,35,14,18,27,274,3,0,137.0,4,1,6,0,0,,23.56,23.56,12094,False,fum_rec_td,PFR+RULE2PT
Jeff Kemp,1986,6,1986-10-12,False,SFO,MIN,H,L,24,27,23,42,359,3,2,87.3,1,1,0,0,0,,22.36,22.36,12094,False,fum_rec_td,PFR+RULE2PT
Jeff Kemp,1986,7,1986-10-19,False,SFO,ATL,A,T,10,10,13,29,146,0,2,31.7,1,5,10,0,0,,2.84,2.84,12094,False,fum_rec_td,PFR+RULE2PT
Jeff Kemp,1986,12,1986-11-23,False,SFO,ATL,H,W,20,0,2,2,13,0,0,93.7,0,0,0,0,0,,0.52,0.52,12094,False,fum_rec_td,PFR+RULE2PT
Jeff Kemp,1986,14,1986-12-07,False,SFO,NYJ,H,W,24,10,0,0,0,0,0,0,0,0,0,0,0,,0.0,0.0,12094,False,fum_rec_td,PFR+RULE2PT
Jeff Kemp,1986,15,1986-12-14,False,SFO,NWE,A,W,29,24,0,1,0,0,0,39.6,0,0,0,0,0,,0.0,0.0,12094,False,fum_rec_td,PFR+RULE2PT
Jeff Kemp,1986,17,1987-01-04,True,SFO,NYG,A,L,3,49,7,22,64,0,1,22.2,1,0,0,0,0,,0.56,0.56,12094,False,fum_rec_td,PFR+RULE2PT
Jeff Kemp,1987,1,1987-09-13,False,SEA,DEN,A,L,17,40,0,0,0,0,0,0,0,0,0,0,0,,0.0,0.0,12094,False,fum_rec_td,PFR+RULE2PT
Jeff Kemp,1987,2,1987-09-20,False,SEA,KAN,H,W,43,14,0,0,0,0,0,0,0,2,-3,0,0,,-0.3,-0.3,12094,False,fum_rec_td,PFR+RULE2PT
Jeff Kemp,1987,5,1987-10-18,False,SEA,DET,A,W,37,14,20,27,344,4,1,140.0,3,3,12,0,0,,28.96,28.96,12094,False,fum_rec_td,PFR+RULE2PT
Jeff Kemp,1987,6,1987-10-25,False,SEA,RAI,A,W,35,13,0,0,0,0,0,0,0,0,0,0,0,,0.0,0.0,12094,False,fum_rec_td,PFR+RULE2PT
Jeff Kemp,1987,7,1987-11-01,False,SEA,MIN,H,W,28,17,3,4,52,1,0,156.2,0,0,0,0,0,,6.08,6.08,12094,False,fum_rec_td,PFR+RULE2PT
Jeff Kemp,1987,8,1987-11-09,False,SEA,NYJ,A,L,14,30,0,0,0,0,0,0,0,0,0,0,0,,0.0,0.0,12094,False,fum_rec_td,PFR+RULE2PT
Jeff Kemp,1987,9,1987-11-15,False,SEA,GNB,H,W,24,13,0,0,0,0,0,0,0,0,0,0,0,,0.0,0.0,12094,False,fum_rec_td,PFR+RULE2PT
Jeff Kemp,1987,10,1987-11-22,False,SEA,SDG,H,W,34,3,0,2,0,0,0,39.6,0,0,0,0,0,,0.0,0.0,12094,False,fum_rec_td,PFR+RULE2PT
Jeff Kemp,1987,11,1987-11-30,False,SEA,RAI,H,L,14,37,0,0,0,0,0,0,0,0,0,0,0,,0.0,0.0,12094,False,fum_rec_td,PFR+RULE2PT
Jeff Kemp,1987,12,1987-12-06,False,SEA,PIT,A,L,9,13,0,0,0,0,0,0,0,0,0,0,0,,0.0,0.0,12094,False,fum_rec_td,PFR+RULE2PT
Jeff Kemp,1987,13,1987-12-13,False,SEA,DEN,H,W,28,21,0,0,0,0,0,0,0,0,0,0,0,,0.0,0.0,12094,False,fum_rec_td,PFR+RULE2PT
Jeff Kemp,1987,14,1987-12-20,False,SEA,CHI,A,W,34,21,0,0,0,0,0,0,0,0,0,0,0,,0.0,0.0,12094,False,fum_rec_td,PFR+RULE2PT
Jeff Kemp,1987,15,1987-12-27,False,SEA,KAN,A,L,20,41,0,0,0,0,0,0,0,0,0,0,0,,0.0,0.0,12094,False,fum_rec_td,PFR+RULE2PT
Jeff Kemp,1987,16,1988-01-03,True,SEA,HOU,A,L,20,23,0,0,0,0,0,0,0,0,0,0,0,,0.0,0.0,12094,False,fum_rec_td,PFR+RULE2PT
Jeff Kemp,1988,1,1988-09-04,False,SEA,DEN,A,W,21,14,0,0,0,0,0,0,0,0,0,0,0,,0.0,0.0,12094,False,fum_rec_td,PFR+RULE2PT
Jeff Kemp,1988,2,1988-09-11,False,SEA,KAN,H,W,31,10,0,0,0,0,0,0,0,0,0,0,0,,0.0,0.0,12094,False,fum_rec_td,PFR+RULE2PT
Jeff Kemp,1988,3,1988-09-18,False,SEA,SDG,A,L,6,17,7,14,74,0,1,36.0,1,1,5,0,0,,1.46,1.46,12094,False,fum_rec_td,PFR+RULE2PT
Jeff Kemp,1988,4,1988-09-25,False,SEA,SFO,H,L,7,38,1,12,6,0,3,0.0,1,1,1,0,0,,-5.66,-5.66,12094,False,fum_rec_td,PFR+RULE2PT
Jeff Kemp,1988,5,1988-10-02,False,SEA,ATL,A,W,31,20,0,0,0,0,0,0,0,0,0,0,0,,0.0,0.0,12094,False,fum_rec_td,PFR+RULE2PT
Jeff Kemp,1988,6,1988-10-09,False,SEA,CLE,A,W,16,10,0,0,0,0,0,0,0,0,0,0,0,,0.0,0.0,12094,False,fum_rec_td,PFR+RULE2PT
Jeff Kemp,1988,7,1988-10-16,False,SEA,NOR,H,L,19,20,0,0,0,0,0,0,0,0,0,0,0,,0.0,0.0,12094,False,fum_rec_td,PFR+RULE2PT
Jeff Kemp,1988,8,1988-10-23,False,SEA,RAM,A,L,10,31,5,8,52,0,1,41.7,0,3,39,0,0,,3.98,3.98,12094,False,fum_rec_td,PFR+RULE2PT
Jeff Kemp,1988,9,1988-10-30,False,SEA,SDG,H,W,17,14,0,0,0,0,0,0,0,0,0,0,0,,0.0,0.0,12094,False,fum_rec_td,PFR+RULE2PT
Jeff Kemp,1988,10,1988-11-06,False,SEA,BUF,H,L,3,13,0,1,0,0,0,39.6,1,1,6,0,0,,0.6,0.6,12094,False,fum_rec_td,PFR+RULE2PT
Jeff Kemp,1988,14,1988-12-04,False,SEA,NWE,A,L,7,13,0,0,0,0,0,0,0,0,0,0,0,,0.0,0.0,12094,False,fum_rec_td,PFR+RULE2PT
Jeff Kemp,1989,2,1989-09-17,False,SEA,PHO,H,L,24,34,0,0,0,0,0,0,0,0,0,0,0,,0.0,0.0,12094,False,fum_rec_td,PFR+RULE2PT
Jeff Kemp,1989,3,1989-09-24,False,SEA,NWE,A,W,24,3,0,0,0,0,0,0,0,0,0,0,0,,0.0,0.0,12094,False,fum_rec_td,PFR+RULE2PT
Jeff Kemp,1989,4,1989-10-01,False,SEA,RAI,A,W,24,20,0,0,0,0,0,0,0,0,0,0,0,,0.0,0.0,12094,False,fum_rec_td,PFR+RULE2PT
Jeff Kemp,1989,5,1989-10-08,False,SEA,KAN,H,L,16,20,0,0,0,0,0,0,0,0,0,0,0,,0.0,0.0,12094,False,fum_rec_td,PFR+RULE2PT
Jeff Kemp,1989,6,1989-10-15,False,SEA,SDG,A,W,17,16,0,0,0,0,0,0,0,0,0,0,0,,0.0,0.0,12094,False,fum_rec_td,PFR+RULE2PT
Jeff Kemp,1989,7,1989-10-22,False,SEA,DEN,H,L,21,24,0,0,0,0,0,0,0,1,0,0,0,,0.0,0.0,12094,False,fum_rec_td,PFR+RULE2PT
Jeff Kemp,1989,8,1989-10-29,False,SEA,SDG,H,W,10,7,0,0,0,0,0,0,0,0,0,0,0,,0.0,0.0,12094,False,fum_rec_td,PFR+RULE2PT
Jeff Kemp,1989,9,1989-11-05,False,SEA,KAN,A,L,10,20,0,0,0,0,0,0,0,0,0,0,0,,0.0,0.0,12094,False,fum_rec_td,PFR+RULE2PT
Jeff Kemp,1989,10,1989-11-12,False,SEA,CLE,H,L,7,17,0,0,0,0,0,0,0,0,0,0,0,,0.0,0.0,12094,False,fum_rec_td,PFR+RULE2PT
David Whitehurst,1980,14,1980-12-07,False,GNB,CHI,A,L,7,61,2,8,44,0,1,10.4,,0,0,0,0,,-0.24,-0.24,23836,False,sacked;fum_rec_td,PFR+RULE2PT
David Whitehurst,1980,16,1980-12-21,False,GNB,DET,A,L,3,24,3,7,11,0,0,50.3,,0,0,0,0,,0.44,0.44,23836,False,sacked;fum_rec_td,PFR+RULE2PT
David Whitehurst,1981,3,1981-09-20,False,GNB,RAM,A,L,23,35,0,5,0,0,0,39.6,,2,15,0,0,,1.5,1.5,23836,False,sacked;fum_rec_td,PFR+RULE2PT
David Whitehurst,1981,4,1981-09-27,False,GNB,MIN,H,L,13,30,3,7,52,0,0,68.7,,1,3,0,0,,2.38,2.38,23836,False,sacked;fum_rec_td,PFR+RULE2PT
David Whitehurst,1981,5,1981-10-04,False,GNB,NYG,A,W,27,14,0,0,0,0,0,0,,0,0,0,0,,0.0,0.0,23836,False,sacked;fum_rec_td,PFR+RULE2PT
David Whitehurst,1981,7,1981-10-18,False,GNB,SFO,H,L,3,13,3,6,37,0,1,29.9,,1,8,0,0,,0.28,0.28,23836,False,sacked;fum_rec_td,PFR+RULE2PT
David Whitehurst,1981,8,1981-10-25,False,GNB,DET,A,L,27,31,20,36,243,1,1,74.2,,2,21,0,0,,13.82,13.82,23836,False,sacked;fum_rec_td,PFR+RULE2PT
David Whitehurst,1981,9,1981-11-01,False,GNB,SEA,H,W,34,24,19,31,205,3,2,86.1,,4,9,1,0,,23.1,23.1,23836,False,sacked;fum_rec_td,PFR+RULE2PT
David Whitehurst,1981,10,1981-11-08,False,GNB,NYG,H,W,26,24,4,4,60,0,0,118.7,,3,-3,0,0,,2.1,2.1,23836,False,sacked;fum_rec_td,PFR+RULE2PT
David Whitehurst,1981,11,1981-11-15,False,GNB,CHI,H,W,21,17,11,31,140,3,1,69.3,,2,-2,0,0,,15.4,15.4,23836,False,sacked;fum_rec_td,PFR+RULE2PT
David Whitehurst,1981,12,1981-11-22,False,GNB,TAM,A,L,3,37,6,8,55,0,0,93.2,,0,0,0,0,,2.2,2.2,23836,False,sacked;fum_rec_td,PFR+RULE2PT
David Whitehurst,1982,3,1982-11-21,False,GNB,MIN,H,W,26,7,4,10,41,0,0,52.5,2,0,0,0,0,,1.64,1.64,23836,False,fum_rec_td,PFR+RULE2PT
David Whitehurst,1982,6,1982-12-12,False,GNB,DET,H,L,10,30,12,32,186,0,1,44.5,5,0,0,0,0,,5.44,5.44,23836,False,fum_rec_td,PFR+RULE2PT
David Whitehurst,1982,8,1982-12-26,False,GNB,ATL,A,W,38,7,2,5,8,0,0,47.9,0,0,0,0,0,,0.32,0.32,23836,False,fum_rec_td,PFR+RULE2PT
David Whitehurst,1982,11,1983-01-16,True,GNB,DAL,A,L,26,37,0,0,0,0,0,0,0,0,0,0,0,,0.0,0.0,23836,False,fum_rec_td,PFR+RULE2PT
David Whitehurst,1983,1,1983-09-04,False,GNB,HOU,A,W,41,38,3,3,19,0,0,93.1,0,0,0,0,0,,0.76,0.76,23836,False,fum_rec_td,PFR+RULE2PT
David Whitehurst,1983,4,1983-09-26,False,GNB,NYG,A,L,3,27,2,3,21,0,0,86.8,1,0,0,0,0,,0.84,0.84,23836,False,fum_rec_td,PFR+RULE2PT
David Whitehurst,1983,5,1983-10-02,False,GNB,TAM,H,W,55,14,7,12,76,0,0,77.1,0,1,-4,0,0,,2.64,2.64,23836,False,fum_rec_td,PFR+RULE2PT
David Whitehurst,1983,12,1983-11-20,False,GNB,DET,H,L,20,23,6,17,33,0,2,4.4,1,1,0,0,0,,-2.68,-2.68,23836,False,fum_rec_td,PFR+RULE2PT
Don Strock,1980,1,1980-09-07,False,MIA,BUF,A,L,7,17,4,8,38,0,2,24.0,,0,0,0,0,,-2.48,-2.48,21451,False,sacked;fum_rec_td,PFR+RULE2PT
Don Strock,1980,2,1980-09-14,False,MIA,CIN,H,W,17,16,10,17,145,1,0,106.2,,1,-3,0,0,,9.5,9.5,21451,False,sacked;fum_rec_td,PFR+RULE2PT
Don Strock,1980,3,1980-09-21,False,MIA,ATL,A,W,20,17,10,21,75,0,0,56.6,,0,0,0,0,,3.0,3.0,21451,False,sacked;fum_rec_td,PFR+RULE2PT
Don Strock,1980,6,1980-10-12,False,MIA,NWE,A,L,0,34,3,7,16,0,2,10.7,,0,0,0,0,,-3.36,-3.36,21451,False,sacked;fum_rec_td,PFR+RULE2PT
Don Strock,1980,9,1980-11-02,False,MIA,OAK,A,L,10,16,3,9,39,0,1,8.3,,0,0,0,0,,-0.44,-0.44,21451,False,sacked;fum_rec_td,PFR+RULE2PT
Don Strock,1981,1,1981-09-06,False,MIA,STL,A,W,20,7,0,0,0,0,0,0,,0,0,0,0,,0.0,0.0,21451,False,sacked;fum_rec_td,PFR+RULE2PT
Don Strock,1981,2,1981-09-10,False,MIA,PIT,H,W,30,10,0,0,0,0,0,0,,0,0,0,0,,0.0,0.0,21451,False,sacked;fum_rec_td,PFR+RULE2PT
Don Strock,1981,3,1981-09-20,False,MIA,HOU,A,W,16,10,7,10,62,1,1,80.0,,3,-6,0,0,,3.88,3.88,21451,False,sacked;fum_rec_td,PFR+RULE2PT
Don Strock,1981,4,1981-09-27,False,MIA,BAL,A,W,31,28,0,0,0,0,0,0,,0,0,0,0,,0.0,0.0,21451,False,sacked;fum_rec_td,PFR+RULE2PT
Don Strock,1981,5,1981-10-04,False,MIA,NYJ,H,T,28,28,18,29,279,2,0,116.9,,2,-4,0,0,,18.76,18.76,21451,False,sacked;fum_rec_td,PFR+RULE2PT
Don Strock,1981,6,1981-10-12,False,MIA,BUF,A,L,21,31,26,44,245,1,4,44.2,,1,9,0,0,,6.7,6.7,21451,False,sacked;fum_rec_td,PFR+RULE2PT
Don Strock,1981,7,1981-10-18,False,MIA,WAS,H,W,13,10,0,0,0,0,0,0,,0,0,0,0,,0.0,0.0,21451,False,sacked;fum_rec_td,PFR+RULE2PT
Don Strock,1981,8,1981-10-25,False,MIA,DAL,A,L,27,28,0,0,0,0,0,0,,0,0,0,0,,0.0,0.0,21451,False,sacked;fum_rec_td,PFR+RULE2PT
Don Strock,1981,9,1981-11-01,False,MIA,BAL,H,W,27,10,0,0,0,0,0,0,,0,0,0,0,,0.0,0.0,21451,False,sacked;fum_rec_td,PFR+RULE2PT
Don Strock,1981,10,1981-11-08,False,MIA,NWE,A,W,30,27,0,0,0,0,0,0,,0,0,0,0,,0.0,0.0,21451,False,sacked;fum_rec_td,PFR+RULE2PT
Don Strock,1981,11,1981-11-15,False,MIA,OAK,H,L,17,33,16,25,169,1,1,80.2,,0,0,0,0,,8.76,8.76,21451,False,sacked;fum_rec_td,PFR+RULE2PT
Don Strock,1981,12,1981-11-22,False,MIA,NYJ,A,L,15,16,0,0,0,0,0,0,,0,0,0,0,,0.0,0.0,21451,False,sacked;fum_rec_td,PFR+RULE2PT
Don Strock,1981,13,1981-11-30,False,MIA,PHI,H,W,13,10,4,6,37,1,0,122.9,,5,-9,0,0,,4.58,4.58,21451,False,sacked;fum_rec_td,PFR+RULE2PT
Don Strock,1981,14,1981-12-06,False,MIA,NWE,H,W,24,14,0,0,0,0,0,0,,0,0,0,0,,0.0,0.0,21451,False,sacked;fum_rec_td,PFR+RULE2PT
Don Strock,1981,15,1981-12-13,False,MIA,KAN,A,W,17,7,8,16,109,0,2,32.6,,3,-16,0,0,,-1.24,-1.24,21451,False,sacked;fum_rec_td,PFR+RULE2PT
Don Strock,1981,16,1981-12-19,False,MIA,BUF,H,W,16,6,0,0,0,0,0,0,,0,0,0,0,,0.0,0.0,21451,False,sacked;fum_rec_td,PFR+RULE2PT
Don Strock,1981,17,1982-01-02,True,MIA,SDG,H,L,38,41,29,43,403,4,1,118.7,,0,0,0,0,,30.12,30.12,21451,False,sacked;fum_rec_td,PFR+RULE2PT
Don Strock,1982,1,1982-09-12,False,MIA,NYJ,A,W,45,28,0,0,0,0,0,0,0,0,0,0,0,,0.0,0.0,21451,False,fum_rec_td,PFR+RULE2PT
Don Strock,1982,2,1982-09-19,False,MIA,BAL,H,W,24,20,0,0,0,0,0,0,0,0,0,0,0,,0.0,0.0,21451,False,fum_rec_td,PFR+RULE2PT
Don Strock,1982,3,1982-11-21,False,MIA,BUF,A,W,9,7,6,13,48,0,1,23.9,0,2,-9,0,0,,-0.98,-0.98,21451,False,fum_rec_td,PFR+RULE2PT
Don Strock,1982,4,1982-11-29,False,MIA,TAM,A,L,17,23,17,34,204,2,4,48.8,0,1,0,0,0,,8.16,8.16,21451,False,fum_rec_td,PFR+RULE2PT
Don Strock,1982,5,1982-12-05,False,MIA,MIN,H,W,22,14,0,0,0,0,0,0,0,0,0,0,0,,0.0,0.0,21451,False,fum_rec_td,PFR+RULE2PT
Don Strock,1982,6,1982-12-12,False,MIA,NWE,A,L,0,3,0,0,0,0,0,0,0,0,0,0,0,,0.0,0.0,21451,False,fum_rec_td,PFR+RULE2PT
Don Strock,1982,7,1982-12-18,False,MIA,NYJ,H,W,20,19,7,8,54,0,0,94.8,1,0,0,0,0,,2.16,2.16,21451,False,fum_rec_td,PFR+RULE2PT
Don Strock,1982,8,1982-12-27,False,MIA,BUF,H,W,27,10,0,0,0,0,0,0,0,0,0,0,0,,0.0,0.0,21451,False,fum_rec_td,PFR+RULE2PT
Don Strock,1982,9,1983-01-02,False,MIA,BAL,A,W,34,7,0,0,0,0,0,0,0,0,0,0,0,,0.0,0.0,21451,False,fum_rec_td,PFR+RULE2PT
Don Strock,1982,10,1983-01-08,True,MIA,NWE,H,W,28,13,0,0,0,0,0,0,0,0,0,0,0,,0.0,0.0,21451,False,fum_rec_td,PFR+RULE2PT
Don Strock,1982,11,1983-01-16,True,MIA,SDG,H,W,34,13,0,0,0,0,0,0,0,0,0,0,0,,0.0,0.0,21451,False,fum_rec_td,PFR+RULE2PT
Don Strock,1982,12,1983-01-23,True,MIA,NYJ,H,W,14,0,0,0,0,0,0,0,0,0,0,0,0,,0.0,0.0,21451,False,fum_rec_td,PFR+RULE2PT
Don Strock,1982,13,1983-01-30,True,MIA,WAS,N,L,17,27,0,3,0,0,0,39.6,0,0,0,0,0,,0.0,0.0,21451,False,fum_rec_td,PFR+RULE2PT
Don Strock,1983,2,1983-09-11,False,MIA,NWE,H,W,34,24,0,0,0,0,0,0,0,0,0,0,0,,0.0,0.0,21451,False,fum_rec_td,PFR+RULE2PT
Don Strock,1983,3,1983-09-19,False,MIA,RAI,A,L,14,27,0,0,0,0,0,0,0,0,0,0,0,,0.0,0.0,21451,False,fum_rec_td,PFR+RULE2PT
Don Strock,1983,4,1983-09-25,False,MIA,KAN,H,W,14,6,0,0,0,0,0,0,0,0,0,0,0,,0.0,0.0,21451,False,fum_rec_td,PFR+RULE2PT
Don Strock,1983,5,1983-10-02,False,MIA,NOR,A,L,7,17,0,0,0,0,0,0,0,1,0,0,0,,0.0,0.0,21451,False,fum_rec_td,PFR+RULE2PT
Don Strock,1983,6,1983-10-09,False,MIA,BUF,H,L,35,38,0,0,0,0,0,0,0,0,0,0,0,,0.0,0.0,21451,False,fum_rec_td,PFR+RULE2PT
Don Strock,1983,7,1983-10-16,False,MIA,NYJ,A,W,32,14,0,0,0,0,0,0,0,0,0,0,0,,0.0,0.0,21451,False,fum_rec_td,PFR+RULE2PT
Don Strock,1983,8,1983-10-23,False,MIA,BAL,A,W,21,7,0,0,0,0,0,0,0,0,0,0,0,,0.0,0.0,21451,False,fum_rec_td,PFR+RULE2PT
Don Strock,1983,9,1983-10-30,False,MIA,RAM,H,W,30,14,0,0,0,0,0,0,0,0,0,0,0,,0.0,0.0,21451,False,fum_rec_td,PFR+RULE2PT
Don Strock,1983,10,1983-11-06,False,MIA,SFO,A,W,20,17,0,0,0,0,0,0,0,0,0,0,0,,0.0,0.0,21451,False,fum_rec_td,PFR+RULE2PT
Don Strock,1983,11,1983-11-13,False,MIA,NWE,A,L,6,17,0,0,0,0,0,0,0,0,0,0,0,,0.0,0.0,21451,False,fum_rec_td,PFR+RULE2PT
Don Strock,1983,12,1983-11-20,False,MIA,BAL,H,W,37,0,0,0,0,0,0,0,0,0,0,0,0,,0.0,0.0,21451,False,fum_rec_td,PFR+RULE2PT
Don Strock,1983,13,1983-11-28,False,MIA,CIN,H,W,38,14,0,0,0,0,0,0,0,0,0,0,0,,0.0,0.0,21451,False,fum_rec_td,PFR+RULE2PT
Don Strock,1983,14,1983-12-04,False,MIA,HOU,A,W,24,17,0,0,0,0,0,0,0,2,-4,0,0,,-0.4,-0.4,21451,False,fum_rec_td,PFR+RULE2PT
Don Strock,1983,15,1983-12-10,False,MIA,ATL,H,W,31,24,18,22,229,2,0,140.3,0,3,-12,0,0,,15.96,15.96,21451,False,fum_rec_td,PFR+RULE2PT
Don Strock,1983,16,1983-12-16,False,MIA,NYJ,H,W,34,14,16,30,174,2,1,79.0,3,0,0,0,0,,12.96,12.96,21451,False,fum_rec_td,PFR+RULE2PT
Don Strock,1983,17,1983-12-31,True,MIA,SEA,H,L,20,27,0,0,0,0,0,0,0,0,0,0,0,,0.0,0.0,21451,False,fum_rec_td,PFR+RULE2PT
Don Strock,1984,1,1984-09-02,False,MIA,WAS,A,W,35,17,0,0,0,0,0,0,0,0,0,0,0,,0.0,0.0,21451,False,fum_rec_td,PFR+RULE2PT
Don Strock,1984,2,1984-09-09,False,MIA,NWE,H,W,28,7,0,0,0,0,0,0,0,0,0,0,0,,0.0,0.0,21451,False,fum_rec_td,PFR+RULE2PT
Don Strock,1984,3,1984-09-17,False,MIA,BUF,A,W,21,17,0,0,0,0,0,0,0,0,0,0,0,,0.0,0.0,21451,False,fum_rec_td,PFR+RULE2PT
Don Strock,1984,4,1984-09-23,False,MIA,IND,H,W,44,7,1,1,3,0,0,79.2,0,1,0,0,0,,0.12,0.12,21451,False,fum_rec_td,PFR+RULE2PT
Don Strock,1984,5,1984-09-30,False,MIA,STL,A,W,36,28,0,1,0,0,0,39.6,0,0,0,0,0,,0.0,0.0,21451,False,fum_rec_td,PFR+RULE2PT
Don Strock,1984,6,1984-10-07,False,MIA,PIT,A,W,31,7,0,0,0,0,0,0,0,1,-5,0,0,,-0.5,-0.5,21451,False,fum_rec_td,PFR+RULE2PT
Don Strock,1984,7,1984-10-14,False,MIA,HOU,H,W,28,10,0,0,0,0,0,0,0,0,0,0,0,,0.0,0.0,21451,False,fum_rec_td,PFR+RULE2PT
Don Strock,1984,8,1984-10-21,False,MIA,NWE,A,W,44,24,0,0,0,0,0,0,0,0,0,0,0,,0.0,0.0,21451,False,fum_rec_td,PFR+RULE2PT
Don Strock,1984,9,1984-10-28,False,MIA,BUF,H,W,38,7,3,4,24,0,0,89.6,0,0,0,0,0,,0.96,0.96,21451,False,fum_rec_td,PFR+RULE2PT
Don Strock,1984,10,1984-11-04,False,MIA,NYJ,A,W,31,17,0,0,0,0,0,0,0,0,0,0,0,,0.0,0.0,21451,False,fum_rec_td,PFR+RULE2PT
Don Strock,1984,11,1984-11-11,False,MIA,PHI,H,W,24,23,0,0,0,0,0,0,0,0,0,0,0,,0.0,0.0,21451,False,fum_rec_td,PFR+RULE2PT
Don Strock,1984,12,1984-11-18,False,MIA,SDG,A,L,28,34,0,0,0,0,0,0,0,0,0,0,0,,0.0,0.0,21451,False,fum_rec_td,PFR+RULE2PT
Don Strock,1984,13,1984-11-26,False,MIA,NYJ,H,W,28,17,0,0,0,0,0,0,0,0,0,0,0,,0.0,0.0,21451,False,fum_rec_td,PFR+RULE2PT
Don Strock,1984,14,1984-12-02,False,MIA,RAI,H,L,34,45,0,0,0,0,0,0,0,0,0,0,0,,0.0,0.0,21451,False,fum_rec_td,PFR+RULE2PT
Don Strock,1984,15,1984-12-09,False,MIA,IND,A,W,35,17,0,0,0,0,0,0,0,0,0,0,0,,0.0,0.0,21451,False,fum_rec_td,PFR+RULE2PT
Don Strock,1984,16,1984-12-17,False,MIA,DAL,H,W,28,21,0,0,0,0,0,0,0,0,0,0,0,,0.0,0.0,21451,False,fum_rec_td,PFR+RULE2PT
Don Strock,1984,17,1984-12-29,True,MIA,SEA,H,W,31,10,0,0,0,0,0,0,0,0,0,0,0,,0.0,0.0,21451,False,fum_rec_td,PFR+RULE2PT
Don Strock,1984,18,1985-01-06,True,MIA,PIT,H,W,45,28,0,0,0,0,0,0,0,1,-2,0,0,,-0.2,-0.2,21451,False,fum_rec_td,PFR+RULE2PT
Don Strock,1984,19,1985-01-20,True,MIA,SFO,N,L,16,38,0,0,0,0,0,0,0,0,0,0,0,,0.0,0.0,21451,False,fum_rec_td,PFR+RULE2PT
Don Strock,1985,1,1985-09-08,False,MIA,HOU,A,L,23,26,6,7,132,1,0,158.3,0,0,0,0,0,,9.28,9.28,21451,False,fum_rec_td,PFR+RULE2PT
Don Strock,1985,2,1985-09-15,False,MIA,IND,H,W,30,13,0,0,0,0,0,0,0,0,0,0,0,,0.0,0.0,21451,False,fum_rec_td,PFR+RULE2PT
Don Strock,1985,3,1985-09-22,False,MIA,KAN,H,W,31,0,0,0,0,0,0,0,0,0,0,0,0,,0.0,0.0,21451,False,fum_rec_td,PFR+RULE2PT
Don Strock,1985,4,1985-09-29,False,MIA,DEN,A,W,30,26,0,0,0,0,0,0,0,0,0,0,0,,0.0,0.0,21451,False,fum_rec_td,PFR+RULE2PT
Don Strock,1985,5,1985-10-06,False,MIA,PIT,H,W,24,20,0,0,0,0,0,0,0,0,0,0,0,,0.0,0.0,21451,False,fum_rec_td,PFR+RULE2PT
Don Strock,1985,6,1985-10-14,False,MIA,NYJ,A,L,7,23,0,0,0,0,0,0,0,0,0,0,0,,0.0,0.0,21451,False,fum_rec_td,PFR+RULE2PT
Don Strock,1985,7,1985-10-20,False,MIA,TAM,H,W,41,38,0,0,0,0,0,0,0,0,0,0,0,,0.0,0.0,21451,False,fum_rec_td,PFR+RULE2PT
Don Strock,1985,8,1985-10-27,False,MIA,DET,A,L,21,31,0,0,0,0,0,0,0,0,0,0,0,,0.0,0.0,21451,False,fum_rec_td,PFR+RULE2PT
Don Strock,1985,9,1985-11-03,False,MIA,NWE,A,L,13,17,0,0,0,0,0,0,0,0,0,0,0,,0.0,0.0,21451,False,fum_rec_td,PFR+RULE2PT
Don Strock,1985,10,1985-11-10,False,MIA,NYJ,H,W,21,17,0,0,0,0,0,0,0,0,0,0,0,,0.0,0.0,21451,False,fum_rec_td,PFR+RULE2PT
Don Strock,1985,11,1985-11-17,False,MIA,IND,A,W,34,20,0,0,0,0,0,0,0,0,0,0,0,,0.0,0.0,21451,False,fum_rec_td,PFR+RULE2PT
Don Strock,1985,12,1985-11-24,False,MIA,BUF,A,W,23,14,0,0,0,0,0,0,0,0,0,0,0,,0.0,0.0,21451,False,fum_rec_td,PFR+RULE2PT
Don Strock,1985,13,1985-12-02,False,MIA,CHI,H,W,38,24,0,0,0,0,0,0,0,0,0,0,0,,0.0,0.0,21451,False,fum_rec_td,PFR+RULE2PT
Don Strock,1985,14,1985-12-08,False,MIA,GNB,A,W,34,24,0,0,0,0,0,0,0,0,0,0,0,,0.0,0.0,21451,False,fum_rec_td,PFR+RULE2PT
Don Strock,1985,15,1985-12-16,False,MIA,NWE,H,W,30,27,0,0,0,0,0,0,0,0,0,0,0,,0.0,0.0,21451,False,fum_rec_td,PFR+RULE2PT
Don Strock,1985,16,1985-12-22,False,MIA,BUF,H,W,28,0,1,2,9,0,0,62.5,0,2,-6,0,0,,-0.24,-0.24,21451,False,fum_rec_td,PFR+RULE2PT
Don Strock,1985,17,1986-01-04,True,MIA,CLE,H,W,24,21,0,0,0,0,0,0,0,0,0,0,0,,0.0,0.0,21451,False,fum_rec_td,PFR+RULE2PT
Don Strock,1985,18,1986-01-12,True,MIA,NWE,H,L,14,31,0,0,0,0,0,0,0,0,0,0,0,,0.0,0.0,21451,False,fum_rec_td,PFR+RULE2PT
Don Strock,1986,1,1986-09-07,False,MIA,SDG,A,L,28,50,3,5,33,1,0,119.2,0,0,0,0,0,,5.32,5.32,21451,False,fum_rec_td,PFR+RULE2PT
Don Strock,1986,2,1986-09-14,False,MIA,IND,H,W,30,10,0,0,0,0,0,0,0,0,0,0,0,,0.0,0.0,21451,False,fum_rec_td,PFR+RULE2PT
Don Strock,1986,3,1986-09-21,False,MIA,NYJ,A,L,45,51,0,0,0,0,0,0,0,0,0,0,0,,0.0,0.0,21451,False,fum_rec_td,PFR+RULE2PT
Don Strock,1986,4,1986-09-28,False,MIA,SFO,H,L,16,31,8,12,82,1,0,113.9,0,0,0,0,0,,7.28,7.28,21451,False,fum_rec_td,PFR+RULE2PT
Don Strock,1986,5,1986-10-05,False,MIA,NWE,A,L,7,34,0,0,0,0,0,0,0,0,0,0,0,,0.0,0.0,21451,False,fum_rec_td,PFR+RULE2PT
Don Strock,1986,6,1986-10-12,False,MIA,BUF,H,W,27,14,0,0,0,0,0,0,0,0,0,0,0,,0.0,0.0,21451,False,fum_rec_td,PFR+RULE2PT
Don Strock,1986,7,1986-10-19,False,MIA,RAI,H,L,28,30,0,0,0,0,0,0,0,0,0,0,0,,0.0,0.0,21451,False,fum_rec_td,PFR+RULE2PT
Don Strock,1986,8,1986-10-26,False,MIA,IND,A,W,17,13,0,0,0,0,0,0,0,0,0,0,0,,0.0,0.0,21451,False,fum_rec_td,PFR+RULE2PT
Don Strock,1986,9,1986-11-02,False,MIA,HOU,H,W,28,7,0,0,0,0,0,0,0,0,0,0,0,,0.0,0.0,21451,False,fum_rec_td,PFR+RULE2PT
Don Strock,1986,10,1986-11-10,False,MIA,CLE,A,L,16,26,0,0,0,0,0,0,0,0,0,0,0,,0.0,0.0,21451,False,fum_rec_td,PFR+RULE2PT
Don Strock,1986,11,1986-11-16,False,MIA,BUF,A,W,34,24,0,0,0,0,0,0,0,0,0,0,0,,0.0,0.0,21451,False,fum_rec_td,PFR+RULE2PT
Don Strock,1986,12,1986-11-24,False,MIA,NYJ,H,W,45,3,3,3,37,0,0,118.1,0,1,0,0,0,,1.48,1.48,21451,False,fum_rec_td,PFR+RULE2PT
Don Strock,1986,13,1986-11-30,False,MIA,ATL,H,L,14,20,0,0,0,0,0,0,0,0,0,0,0,,0.0,0.0,21451,False,fum_rec_td,PFR+RULE2PT
Don Strock,1986,14,1986-12-07,False,MIA,NOR,A,W,31,27,0,0,0,0,0,0,0,0,0,0,0,,0.0,0.0,21451,False,fum_rec_td,PFR+RULE2PT
Don Strock,1986,15,1986-12-14,False,MIA,RAM,A,W,37,31,0,0,0,0,0,0,0,0,0,0,0,,0.0,0.0,21451,False,fum_rec_td,PFR+RULE2PT
Don Strock,1986,16,1986-12-22,False,MIA,NWE,H,L,27,34,0,0,0,0,0,0,0,0,0,0,0,,0.0,0.0,21451,False,fum_rec_td,PFR+RULE2PT
Don Strock,1987,1,1987-09-13,False,MIA,NWE,A,L,21,28,5,6,56,0,0,105.6,0,0,0,0,0,,2.24,2.24,21451,False,fum_rec_td,PFR+RULE2PT
Don Strock,1987,2,1987-09-20,False,MIA,IND,A,W,23,10,0,0,0,0,0,0,0,0,0,0,0,,0.0,0.0,21451,False,fum_rec_td,PFR+RULE2PT
Don Strock,1987,6,1987-10-25,False,MIA,BUF,H,L,31,34,0,0,0,0,0,0,0,0,0,0,0,,0.0,0.0,21451,False,fum_rec_td,PFR+RULE2PT
Don Strock,1987,7,1987-11-01,False,MIA,PIT,H,W,35,24,0,0,0,0,0,0,0,0,0,0,0,,0.0,0.0,21451,False,fum_rec_td,PFR+RULE2PT
Don Strock,1987,8,1987-11-08,False,MIA,CIN,A,W,20,14,0,0,0,0,0,0,0,0,0,0,0,,0.0,0.0,21451,False,fum_rec_td,PFR+RULE2PT
Don Strock,1987,9,1987-11-15,False,MIA,IND,H,L,21,40,1,3,9,0,1,2.8,0,0,0,0,0,,-1.64,-1.64,21451,False,fum_rec_td,PFR+RULE2PT
Don Strock,1987,10,1987-11-22,False,MIA,DAL,A,W,20,14,0,0,0,0,0,0,0,0,0,0,0,,0.0,0.0,21451,False,fum_rec_td,PFR+RULE2PT
Don Strock,1987,11,1987-11-29,False,MIA,BUF,A,L,0,27,7,14,49,0,0,58.3,0,0,0,0,0,,1.96,1.96,21451,False,fum_rec_td,PFR+RULE2PT
Don Strock,1987,12,1987-12-07,False,MIA,NYJ,H,W,37,28,0,0,0,0,0,0,0,0,0,0,0,,0.0,0.0,21451,False,fum_rec_td,PFR+RULE2PT
Don Strock,1987,13,1987-12-13,False,MIA,PHI,A,W,28,10,0,0,0,0,0,0,0,0,0,0,0,,0.0,0.0,21451,False,fum_rec_td,PFR+RULE2PT
Don Strock,1987,14,1987-12-20,False,MIA,WAS,H,W,23,21,0,0,0,0,0,0,0,0,0,0,0,,0.0,0.0,21451,False,fum_rec_td,PFR+RULE2PT
Don Strock,1987,15,1987-12-28,False,MIA,NWE,H,L,10,24,0,0,0,0,0,0,0,0,0,0,0,,0.0,0.0,21451,False,fum_rec_td,PFR+RULE2PT
Don Strock,1988,6,1988-10-09,False,CLE,SEA,H,L,10,16,12,20,151,0,1,62.7,0,2,5,0,0,,4.54,4.54,21451,False,fum_rec_td,PFR+RULE2PT
Don Strock,1988,7,1988-10-16,False,CLE,PHI,H,W,19,3,11,18,189,2,1,110.6,2,3,-7,0,0,,12.86,12.86,21451,False,fum_rec_td,PFR+RULE2PT
Don Strock,1988,15,1988-12-12,False,CLE,MIA,A,L,31,38,7,11,70,2,0,121.2,0,0,0,0,0,,10.8,10.8,21451,False,fum_rec_td,PFR+RULE2PT
Don Strock,1988,16,1988-12-18,False,CLE,HOU,H,W,28,23,25,42,326,2,3,70.1,2,1,0,0,0,,15.04,15.04,21451,False,fum_rec_td,PFR+RULE2PT
Don Strock,1988,17,1988-12-24,True,CLE,HOU,H,L,23,24,2,3,13,0,0,75.7,0,1,0,0,0,,0.52,0.52,21451,False,fum_rec_td,PFR+RULE2PT
Steve Dils,1980,1,1980-09-07,False,MIN,ATL,H,W,24,23,0,0,0,0,0,0,,0,0,0,0,,0.0,0.0,5658,False,sacked;fum_rec_td,PFR+RULE2PT
Steve Dils,1980,2,1980-09-14,False,MIN,PHI,H,L,7,42,4,5,19,0,0,82.5,,0,0,0,0,,0.76,0.76,5658,False,sacked;fum_rec_td,PFR+RULE2PT
Steve Dils,1980,3,1980-09-21,False,MIN,CHI,A,W,34,14,0,0,0,0,0,0,,0,0,0,0,,0.0,0.0,5658,False,sacked;fum_rec_td,PFR+RULE2PT
Steve Dils,1980,4,1980-09-28,False,MIN,DET,A,L,7,27,2,3,17,0,0,81.2,,0,0,0,0,,0.68,0.68,5658,False,sacked;fum_rec_td,PFR+RULE2PT
Steve Dils,1980,5,1980-10-05,False,MIN,PIT,H,L,17,23,0,0,0,0,0,0,,0,0,0,0,,0.0,0.0,5658,False,sacked;fum_rec_td,PFR+RULE2PT
Steve Dils,1980,6,1980-10-12,False,MIN,CHI,H,W,13,7,0,0,0,0,0,0,,0,0,0,0,,0.0,0.0,5658,False,sacked;fum_rec_td,PFR+RULE2PT
Steve Dils,1980,7,1980-10-19,False,MIN,CIN,A,L,0,14,0,0,0,0,0,0,,0,0,0,0,,0.0,0.0,5658,False,sacked;fum_rec_td,PFR+RULE2PT
Steve Dils,1980,8,1980-10-26,False,MIN,GNB,A,L,3,16,0,0,0,0,0,0,,0,0,0,0,,0.0,0.0,5658,False,sacked;fum_rec_td,PFR+RULE2PT
Steve Dils,1980,9,1980-11-02,False,MIN,WAS,A,W,39,14,18,29,200,2,0,105.5,,3,26,0,0,,18.6,18.6,5658,False,sacked;fum_rec_td,PFR+RULE2PT
Steve Dils,1980,10,1980-11-09,False,MIN,DET,H,W,34,0,5,8,82,1,0,136.5,,0,0,0,0,,7.28,7.28,5658,False,sacked;fum_rec_td,PFR+RULE2PT
Steve Dils,1980,11,1980-11-16,False,MIN,TAM,H,W,38,30,1,3,7,0,0,42.4,,0,0,0,0,,0.28,0.28,5658,False,sacked;fum_rec_td,PFR+RULE2PT
Steve Dils,1980,12,1980-11-23,False,MIN,GNB,H,L,13,25,2,3,27,0,0,95.1,,0,0,0,0,,1.08,1.08,5658,False,sacked;fum_rec_td,PFR+RULE2PT
Steve Dils,1980,13,1980-11-30,False,MIN,NOR,A,W,23,20,0,0,0,0,0,0,,0,0,0,0,,0.0,0.0,5658,False,sacked;fum_rec_td,PFR+RULE2PT
Steve Dils,1980,14,1980-12-07,False,MIN,TAM,A,W,21,10,0,0,0,0,0,0,,0,0,0,0,,0.0,0.0,5658,False,sacked;fum_rec_td,PFR+RULE2PT
Steve Dils,1980,15,1980-12-14,False,MIN,CLE,H,W,28,23,0,0,0,0,0,0,,0,0,0,0,,0.0,0.0,5658,False,sacked;fum_rec_td,PFR+RULE2PT
Steve Dils,1980,16,1980-12-21,False,MIN,HOU,A,L,16,20,0,0,0,0,0,0,,0,0,0,0,,0.0,0.0,5658,False,sacked;fum_rec_td,PFR+RULE2PT
Steve Dils,1980,17,1981-01-03,True,MIN,PHI,A,L,16,31,0,0,0,0,0,0,,0,0,0,0,,0.0,0.0,5658,False,sacked;fum_rec_td,PFR+RULE2PT
Steve Dils,1981,1,1981-09-05,False,MIN,TAM,A,L,13,21,37,62,361,1,1,74.7,,4,14,0,0,,17.84,17.84,5658,False,sacked;fum_rec_td,PFR+RULE2PT
Steve Dils,1981,2,1981-09-14,False,MIN,OAK,H,L,10,36,17,40,246,0,1,52.7,,0,0,0,0,,7.84,7.84,5658,False,sacked;fum_rec_td,PFR+RULE2PT
Steve Dils,1982,1,1982-09-12,False,MIN,TAM,H,W,17,10,0,0,0,0,0,0,0,0,0,0,0,,0.0,0.0,5658,False,fum_rec_td,PFR+RULE2PT
Steve Dils,1982,2,1982-09-16,False,MIN,BUF,A,L,22,23,0,0,0,0,0,0,0,0,0,0,0,,0.0,0.0,5658,False,fum_rec_td,PFR+RULE2PT
Steve Dils,1982,3,1982-11-21,False,MIN,GNB,A,L,7,26,10,24,62,0,0,49.3,1,1,5,0,0,,2.98,2.98,5658,False,fum_rec_td,PFR+RULE2PT
Steve Dils,1982,4,1982-11-28,False,MIN,CHI,H,W,35,7,0,0,0,0,0,0,0,0,0,0,0,,0.0,0.0,5658,False,fum_rec_td,PFR+RULE2PT
Steve Dils,1982,5,1982-12-05,False,MIN,MIA,A,L,14,22,0,0,0,0,0,0,0,0,0,0,0,,0.0,0.0,5658,False,fum_rec_td,PFR+RULE2PT
Steve Dils,1982,6,1982-12-12,False,MIN,BAL,H,W,13,10,0,0,0,0,0,0,0,0,0,0,0,,0.0,0.0,5658,False,fum_rec_td,PFR+RULE2PT
Steve Dils,1982,7,1982-12-19,False,MIN,DET,A,W,34,31,0,0,0,0,0,0,0,0,0,0,0,,0.0,0.0,5658,False,fum_rec_td,PFR+RULE2PT
Steve Dils,1982,8,1982-12-26,False,MIN,NYJ,H,L,14,42,1,2,6,0,0,56.2,0,0,0,0,0,,0.24,0.24,5658,False,fum_rec_td,PFR+RULE2PT
Steve Dils,1982,9,1983-01-03,False,MIN,DAL,H,W,31,27,0,0,0,0,0,0,0,0,0,0,0,,0.0,0.0,5658,False,fum_rec_td,PFR+RULE2PT
Steve Dils,1982,10,1983-01-09,True,MIN,ATL,H,W,30,24,0,0,0,0,0,0,0,0,0,0,0,,0.0,0.0,5658,False,fum_rec_td,PFR+RULE2PT
Steve Dils,1983,1,1983-09-04,False,MIN,CLE,A,W,27,21,0,0,0,0,0,0,0,0,0,0,0,,0.0,0.0,5658,False,fum_rec_td,PFR+RULE2PT
Steve Dils,1983,2,1983-09-08,False,MIN,SFO,H,L,17,48,3,7,31,0,2,16.7,1,0,0,0,0,,-2.76,-2.76,5658,False,fum_rec_td,PFR+RULE2PT
Steve Dils,1983,3,1983-09-18,False,MIN,TAM,A,W,19,16,16,33,205,0,0,68.4,3,2,4,0,0,,8.6,8.6,5658,False,fum_rec_td,PFR+RULE2PT
Steve Dils,1983,4,1983-09-25,False,MIN,DET,H,W,20,17,18,31,147,1,1,67.5,1,4,-2,0,0,,7.68,7.68,5658,False,fum_rec_td,PFR+RULE2PT
Steve Dils,1983,5,1983-10-02,False,MIN,DAL,H,L,24,37,17,39,272,2,3,52.5,1,0,0,0,0,,12.88,12.88,5658,False,fum_rec_td,PFR+RULE2PT
Steve Dils,1983,6,1983-10-09,False,MIN,CHI,A,W,23,14,14,29,180,0,1,53.8,1,1,0,0,0,,5.2,5.2,5658,False,fum_rec_td,PFR+RULE2PT
Steve Dils,1983,7,1983-10-16,False,MIN,HOU,H,W,34,14,20,34,227,1,0,88.7,3,1,8,0,0,,13.88,13.88,5658,False,fum_rec_td,PFR+RULE2PT
Steve Dils,1983,8,1983-10-23,False,MIN,GNB,A,W,20,17,16,27,205,1,0,95.4,1,2,2,0,0,,12.4,12.4,5658,False,fum_rec_td,PFR+RULE2PT
Steve Dils,1983,9,1983-10-30,False,MIN,STL,A,L,31,41,27,38,314,3,3,89.1,3,0,0,0,0,,18.56,18.56,5658,False,fum_rec_td,PFR+RULE2PT
Steve Dils,1983,10,1983-11-06,False,MIN,TAM,H,L,12,17,22,42,212,0,0,66.8,4,0,0,0,0,,8.48,8.48,5658,False,fum_rec_td,PFR+RULE2PT
Steve Dils,1983,11,1983-11-13,False,MIN,GNB,H,L,21,29,21,37,303,0,1,72.2,6,0,0,0,0,,10.12,10.12,5658,False,fum_rec_td,PFR+RULE2PT
Steve Dils,1983,12,1983-11-20,False,MIN,PIT,A,W,17,14,16,27,188,2,2,74.3,0,3,-1,0,0,,11.42,11.42,5658,False,fum_rec_td,PFR+RULE2PT
Steve Dils,1983,13,1983-11-27,False,MIN,NOR,A,L,16,17,13,30,141,1,1,55.0,2,0,0,0,0,,7.64,7.64,5658,False,fum_rec_td,PFR+RULE2PT
Steve Dils,1983,14,1983-12-05,False,MIN,DET,A,L,2,13,20,33,177,0,1,62.3,7,3,17,0,0,,6.78,6.78,5658,False,fum_rec_td,PFR+RULE2PT
Steve Dils,1983,15,1983-12-11,False,MIN,CHI,H,L,13,19,16,36,238,0,1,55.1,4,0,0,0,0,,7.52,7.52,5658,False,fum_rec_td,PFR+RULE2PT
Steve Dils,1983,16,1983-12-17,False,MIN,CIN,H,W,20,14,0,1,0,0,0,39.6,0,0,0,0,0,,0.0,0.0,5658,False,fum_rec_td,PFR+RULE2PT
Steve Dils,1984,1,1984-09-02,False,MIN,SDG,H,L,13,42,0,0,0,0,0,0,0,0,0,0,0,,0.0,0.0,5658,False,fum_rec_td,PFR+RULE2PT
Steve Dils,1984,2,1984-09-09,False,MIN,PHI,A,L,17,19,0,0,0,0,0,0,0,0,0,0,0,,0.0,0.0,5658,False,fum_rec_td,PFR+RULE2PT
Steve Dils,1984,3,1984-09-16,False,MIN,ATL,H,W,27,20,0,0,0,0,0,0,0,0,0,0,0,,0.0,0.0,5658,False,fum_rec_td,PFR+RULE2PT
Steve Dils,1984,5,1984-09-30,False,RAM,NYG,H,W,33,12,0,0,0,0,0,0,0,0,0,0,0,,0.0,0.0,5658,False,fum_rec_td,PFR+RULE2PT
Steve Dils,1984,6,1984-10-07,False,RAM,ATL,H,L,28,30,2,4,22,1,0,106.2,1,0,0,0,0,,4.88,4.88,5658,False,fum_rec_td,PFR+RULE2PT
Steve Dils,1984,12,1984-11-18,False,RAM,GNB,A,L,6,31,2,3,22,0,1,48.6,0,0,0,0,0,,-1.12,-1.12,5658,False,fum_rec_td,PFR+RULE2PT
Steve Dils,1984,13,1984-11-25,False,RAM,TAM,A,W,34,33,0,0,0,0,0,0,0,0,0,0,0,,0.0,0.0,5658,False,fum_rec_td,PFR+RULE2PT
Steve Dils,1984,14,1984-12-02,False,RAM,NOR,H,W,34,21,0,0,0,0,0,0,0,0,0,0,0,,0.0,0.0,5658,False,fum_rec_td,PFR+RULE2PT
Steve Dils,1984,15,1984-12-09,False,RAM,HOU,H,W,27,16,0,0,0,0,0,0,0,0,0,0,0,,0.0,0.0,5658,False,fum_rec_td,PFR+RULE2PT
Steve Dils,1984,16,1984-12-14,False,RAM,SFO,A,L,16,19,0,0,0,0,0,0,0,0,0,0,0,,0.0,0.0,5658,False,fum_rec_td,PFR+RULE2PT
Steve Dils,1984,17,1984-12-23,True,RAM,NYG,H,L,13,16,0,0,0,0,0,0,0,0,0,0,0,,0.0,0.0,5658,False,fum_rec_td,PFR+RULE2PT
Steve Dils,1985,1,1985-09-08,False,RAM,DEN,H,W,20,16,0,0,0,0,0,0,0,0,0,0,0,,0.0,0.0,5658,False,fum_rec_td,PFR+RULE2PT
Steve Dils,1985,2,1985-09-15,False,RAM,PHI,A,W,17,6,0,0,0,0,0,0,0,0,0,0,0,,0.0,0.0,5658,False,fum_rec_td,PFR+RULE2PT
Steve Dils,1985,3,1985-09-23,False,RAM,SEA,A,W,35,24,0,0,0,0,0,0,0,0,0,0,0,,0.0,0.0,5658,False,fum_rec_td,PFR+RULE2PT
Steve Dils,1985,4,1985-09-29,False,RAM,ATL,H,W,17,6,0,0,0,0,0,0,0,0,0,0,0,,0.0,0.0,5658,False,fum_rec_td,PFR+RULE2PT
Steve Dils,1985,5,1985-10-06,False,RAM,MIN,H,W,13,10,0,0,0,0,0,0,0,0,0,0,0,,0.0,0.0,5658,False,fum_rec_td,PFR+RULE2PT
Steve Dils,1985,6,1985-10-13,False,RAM,TAM,A,W,31,27,0,0,0,0,0,0,0,0,0,0,0,,0.0,0.0,5658,False,fum_rec_td,PFR+RULE2PT
Steve Dils,1985,7,1985-10-20,False,RAM,KAN,A,W,16,0,0,0,0,0,0,0,0,0,0,0,0,,0.0,0.0,5658,False,fum_rec_td,PFR+RULE2PT
Steve Dils,1985,8,1985-10-27,False,RAM,SFO,H,L,14,28,0,0,0,0,0,0,0,0,0,0,0,,0.0,0.0,5658,False,fum_rec_td,PFR+RULE2PT
Steve Dils,1985,9,1985-11-03,False,RAM,NOR,H,W,28,10,0,0,0,0,0,0,0,0,0,0,0,,0.0,0.0,5658,False,fum_rec_td,PFR+RULE2PT
Steve Dils,1985,10,1985-11-10,False,RAM,NYG,A,L,19,24,0,0,0,0,0,0,0,0,0,0,0,,0.0,0.0,5658,False,fum_rec_td,PFR+RULE2PT
Steve Dils,1985,12,1985-11-24,False,RAM,GNB,H,W,34,17,0,0,0,0,0,0,0,0,0,0,0,,0.0,0.0,5658,False,fum_rec_td,PFR+RULE2PT
Steve Dils,1985,13,1985-12-01,False,RAM,NOR,A,L,3,29,0,0,0,0,0,0,0,0,0,0,0,,0.0,0.0,5658,False,fum_rec_td,PFR+RULE2PT
Steve Dils,1985,14,1985-12-09,False,RAM,SFO,A,W,27,20,0,0,0,0,0,0,0,0,0,0,0,,0.0,0.0,5658,False,fum_rec_td,PFR+RULE2PT
Steve Dils,1985,15,1985-12-15,False,RAM,STL,H,W,46,14,0,0,0,0,0,0,0,2,-4,0,0,,-0.4,-0.4,5658,False,fum_rec_td,PFR+RULE2PT
Steve Dils,1985,16,1985-12-23,False,RAM,RAI,H,L,6,16,0,0,0,0,0,0,0,0,0,0,0,,0.0,0.0,5658,False,fum_rec_td,PFR+RULE2PT
Steve Dils,1985,17,1986-01-04,True,RAM,DAL,H,W,20,0,0,0,0,0,0,0,0,0,0,0,0,,0.0,0.0,5658,False,fum_rec_td,PFR+RULE2PT
Steve Dils,1986,1,1986-09-07,False,RAM,STL,A,W,16,10,0,0,0,0,0,0,0,0,0,0,0,,0.0,0.0,5658,False,fum_rec_td,PFR+RULE2PT
Steve Dils,1986,2,1986-09-14,False,RAM,SFO,H,W,16,13,0,0,0,0,0,0,0,0,0,0,0,,0.0,0.0,5658,False,fum_rec_td,PFR+RULE2PT
Steve Dils,1986,3,1986-09-21,False,RAM,IND,A,W,24,7,0,0,0,0,0,0,0,2,-1,0,0,,-0.1,-0.1,5658,False,fum_rec_td,PFR+RULE2PT
Steve Dils,1986,4,1986-09-28,False,RAM,PHI,A,L,20,34,15,26,164,3,0,114.9,0,0,0,0,0,,18.56,18.56,5658,False,fum_rec_td,PFR+RULE2PT
Steve Dils,1986,5,1986-10-05,False,RAM,TAM,H,W,26,20,11,22,118,0,0,66.1,1,0,0,0,0,,4.72,4.72,5658,False,fum_rec_td,PFR+RULE2PT
Steve Dils,1986,7,1986-10-19,False,RAM,DET,H,W,14,10,0,0,0,0,0,0,0,0,0,0,0,,0.0,0.0,5658,False,fum_rec_td,PFR+RULE2PT
Steve Dils,1986,8,1986-10-26,False,RAM,ATL,H,W,14,7,7,16,92,0,2,22.9,1,4,0,0,0,,-0.32,-0.32,5658,False,fum_rec_td,PFR+RULE2PT
Steve Dils,1986,9,1986-11-03,False,RAM,CHI,A,W,20,17,6,25,137,1,1,46.6,0,3,6,0,0,,8.08,8.08,5658,False,fum_rec_td,PFR+RULE2PT
Steve Dils,1986,10,1986-11-09,False,RAM,NOR,A,L,0,6,17,35,138,0,1,47.1,3,1,0,0,0,,3.52,3.52,5658,False,fum_rec_td,PFR+RULE2PT
Steve Dils,1986,11,1986-11-16,False,RAM,NWE,H,L,28,30,3,5,44,0,0,88.7,2,0,0,0,0,,1.76,1.76,5658,False,fum_rec_td,PFR+RULE2PT
Steve Dils,1986,12,1986-11-23,False,RAM,NOR,H,W,26,13,0,0,0,0,0,0,0,0,0,0,0,,0.0,0.0,5658,False,fum_rec_td,PFR+RULE2PT
Steve Dils,1986,13,1986-11-30,False,RAM,NYJ,A,W,17,3,0,0,0,0,0,0,0,0,0,0,0,,0.0,0.0,5658,False,fum_rec_td,PFR+RULE2PT
Steve Dils,1986,14,1986-12-07,False,RAM,DAL,H,W,29,10,0,0,0,0,0,0,0,0,0,0,0,,0.0,0.0,5658,False,fum_rec_td,PFR+RULE2PT
Steve Dils,1986,15,1986-12-14,False,RAM,MIA,H,L,31,37,0,0,0,0,0,0,0,0,0,0,0,,0.0,0.0,5658,False,fum_rec_td,PFR+RULE2PT
Steve Dils,1986,16,1986-12-19,False,RAM,SFO,A,L,14,24,0,0,0,0,0,0,0,0,0,0,0,,0.0,0.0,5658,False,fum_rec_td,PFR+RULE2PT
Steve Dils,1986,17,1986-12-28,True,RAM,WAS,A,L,7,19,0,0,0,0,0,0,0,0,0,0,0,,0.0,0.0,5658,False,fum_rec_td,PFR+RULE2PT
Steve Dils,1987,1,1987-09-13,False,RAM,HOU,A,L,16,20,0,0,0,0,0,0,0,0,0,0,0,,0.0,0.0,5658,False,fum_rec_td,PFR+RULE2PT
Steve Dils,1987,2,1987-09-20,False,RAM,MIN,H,L,16,21,0,0,0,0,0,0,0,0,0,0,0,,0.0,0.0,5658,False,fum_rec_td,PFR+RULE2PT
Steve Dils,1987,3,1987-10-04,False,RAM,NOR,A,L,10,37,10,27,109,0,0,49.8,2,1,0,0,0,,4.36,4.36,5658,False,fum_rec_td,PFR+RULE2PT
Steve Dils,1987,4,1987-10-11,False,RAM,PIT,H,W,31,21,13,19,148,2,1,104.7,1,3,0,0,0,,11.92,11.92,5658,False,fum_rec_td,PFR+RULE2PT
Steve Dils,1987,5,1987-10-18,False,RAM,ATL,A,L,20,24,14,29,174,2,1,75.9,2,1,1,0,0,,13.06,13.06,5658,False,fum_rec_td,PFR+RULE2PT
Steve Dils,1987,6,1987-10-26,False,RAM,CLE,A,L,17,30,0,0,0,0,0,0,0,0,0,0,0,,0.0,0.0,5658,False,fum_rec_td,PFR+RULE2PT
Steve Dils,1987,7,1987-11-01,False,RAM,SFO,H,L,10,31,0,0,0,0,0,0,0,0,0,0,0,,0.0,0.0,5658,False,fum_rec_td,PFR+RULE2PT
Steve Dils,1987,8,1987-11-08,False,RAM,NOR,H,L,14,31,0,0,0,0,0,0,0,0,0,0,0,,0.0,0.0,5658,False,fum_rec_td,PFR+RULE2PT
Steve Dils,1987,9,1987-11-15,False,RAM,STL,A,W,27,24,0,0,0,0,0,0,0,0,0,0,0,,0.0,0.0,5658,False,fum_rec_td,PFR+RULE2PT
Steve Dils,1987,10,1987-11-23,False,RAM,WAS,A,W,30,26,0,0,0,0,0,0,0,0,0,0,0,,0.0,0.0,5658,False,fum_rec_td,PFR+RULE2PT
Steve Dils,1987,11,1987-11-29,False,RAM,TAM,H,W,35,3,2,2,29,0,0,118.7,0,0,0,0,0,,1.16,1.16,5658,False,fum_rec_td,PFR+RULE2PT
Steve Dils,1987,12,1987-12-06,False,RAM,DET,A,W,37,16,0,0,0,0,0,0,0,0,0,0,0,,0.0,0.0,5658,False,fum_rec_td,PFR+RULE2PT
Steve Dils,1987,13,1987-12-13,False,RAM,ATL,H,W,33,0,5,5,63,0,0,118.7,0,0,0,0,0,,2.52,2.52,5658,False,fum_rec_td,PFR+RULE2PT
Steve Dils,1987,14,1987-12-21,False,RAM,DAL,H,L,21,29,7,15,73,1,1,55.7,0,1,0,0,0,,4.92,4.92,5658,False,fum_rec_td,PFR+RULE2PT
Steve Dils,1987,15,1987-12-27,False,RAM,SFO,A,L,0,48,5,17,50,0,1,15.1,2,1,-5,0,0,,-0.5,-0.5,5658,False,fum_rec_td,PFR+RULE2PT
Steve Dils,1988,1,1988-09-04,False,ATL,DET,A,L,17,31,1,2,4,0,0,56.2,0,0,0,0,0,,0.16,0.16,5658,False,fum_rec_td,PFR+RULE2PT
Steve Dils,1988,2,1988-09-11,False,ATL,NOR,H,L,21,29,0,0,0,0,0,0,0,0,0,0,0,,0.0,0.0,5658,False,fum_rec_td,PFR+RULE2PT
Steve Dils,1988,3,1988-09-18,False,ATL,SFO,A,W,34,17,0,0,0,0,0,0,0,0,0,0,0,,0.0,0.0,5658,False,fum_rec_td,PFR+RULE2PT
Steve Dils,1988,4,1988-09-25,False,ATL,DAL,A,L,20,26,3,10,40,0,0,43.7,3,0,0,0,0,,1.6,1.6,5658,False,fum_rec_td,PFR+RULE2PT
Steve Dils,1988,5,1988-10-02,False,ATL,SEA,H,L,20,31,18,32,266,1,2,68.0,3,1,1,1,0,,16.74,16.74,5658,False,fum_rec_td,PFR+RULE2PT
Steve Dils,1988,6,1988-10-09,False,ATL,RAM,H,L,0,33,8,21,100,0,1,33.8,6,1,0,0,0,,2.0,2.0,5658,False,fum_rec_td,PFR+RULE2PT
Steve Dils,1988,7,1988-10-16,False,ATL,DEN,A,L,14,30,19,34,156,1,2,53.1,3,0,0,0,0,,6.24,6.24,5658,False,fum_rec_td,PFR+RULE2PT
Joe Pisarcik,1980,1,1980-09-07,False,PHI,DEN,H,W,27,6,1,2,6,0,0,56.2,,0,0,0,0,,0.24,0.24,17647,False,sacked;fum_rec_td,PFR+RULE2PT
Joe Pisarcik,1980,2,1980-09-14,False,PHI,MIN,A,W,42,7,1,1,46,0,0,118.7,,0,0,0,0,,1.84,1.84,17647,False,sacked;fum_rec_td,PFR+RULE2PT
Joe Pisarcik,1980,3,1980-09-22,False,PHI,NYG,H,W,35,3,1,2,5,0,0,56.2,,0,0,0,0,,0.2,0.2,17647,False,sacked;fum_rec_td,PFR+RULE2PT
Joe Pisarcik,1980,5,1980-10-05,False,PHI,WAS,H,W,24,14,0,0,0,0,0,0,,1,-2,0,0,,-0.2,-0.2,17647,False,sacked;fum_rec_td,PFR+RULE2PT
Joe Pisarcik,1980,6,1980-10-12,False,PHI,NYG,A,W,31,16,0,0,0,0,0,0,,0,0,0,0,,0.0,0.0,17647,False,sacked;fum_rec_td,PFR+RULE2PT
Joe Pisarcik,1980,8,1980-10-26,False,PHI,CHI,H,W,17,14,7,11,80,0,0,85.4,,2,-1,0,0,,3.1,3.1,17647,False,sacked;fum_rec_td,PFR+RULE2PT
Joe Pisarcik,1980,10,1980-11-09,False,PHI,NOR,A,W,34,21,0,0,0,0,0,0,,0,0,0,0,,0.0,0.0,17647,False,sacked;fum_rec_td,PFR+RULE2PT
Joe Pisarcik,1980,11,1980-11-16,False,PHI,WAS,A,W,24,0,2,2,25,0,0,118.7,,0,0,0,0,,1.0,1.0,17647,False,sacked;fum_rec_td,PFR+RULE2PT
Joe Pisarcik,1980,13,1980-11-30,False,PHI,SDG,A,L,21,22,3,4,25,0,0,90.6,,0,0,0,0,,1.0,1.0,17647,False,sacked;fum_rec_td,PFR+RULE2PT
Joe Pisarcik,1981,1,1981-09-06,False,PHI,NYG,A,W,24,10,0,0,0,0,0,0,,0,0,0,0,,0.0,0.0,17647,False,sacked;fum_rec_td,PFR+RULE2PT
Joe Pisarcik,1981,4,1981-09-27,False,PHI,WAS,H,W,36,13,1,1,17,0,0,118.7,,1,-2,0,0,,0.48,0.48,17647,False,sacked;fum_rec_td,PFR+RULE2PT
Joe Pisarcik,1981,6,1981-10-11,False,PHI,NOR,A,W,31,14,0,0,0,0,0,0,,1,-3,0,0,,-0.3,-0.3,17647,False,sacked;fum_rec_td,PFR+RULE2PT
Joe Pisarcik,1981,9,1981-11-01,False,PHI,DAL,H,L,14,17,2,6,46,0,0,61.8,,1,10,0,0,,2.84,2.84,17647,False,sacked;fum_rec_td,PFR+RULE2PT
Joe Pisarcik,1981,10,1981-11-08,False,PHI,STL,A,W,52,10,1,1,20,1,0,158.3,,2,-6,0,0,,4.2,4.2,17647,False,sacked;fum_rec_td,PFR+RULE2PT
Joe Pisarcik,1981,11,1981-11-15,False,PHI,BAL,H,W,38,13,2,2,58,1,0,158.3,,0,0,0,0,,6.32,6.32,17647,False,sacked;fum_rec_td,PFR+RULE2PT
Joe Pisarcik,1981,16,1981-12-20,False,PHI,STL,H,W,38,0,2,5,13,0,2,8.3,,2,2,0,0,,-3.28,-3.28,17647,False,sacked;fum_rec_td,PFR+RULE2PT
Joe Pisarcik,1982,7,1982-12-19,False,PHI,HOU,H,W,35,14,1,1,24,0,0,118.7,0,0,0,0,0,,0.96,0.96,17647,False,fum_rec_td,PFR+RULE2PT
Joe Pisarcik,1983,1,1983-09-03,False,PHI,SFO,A,W,22,17,8,10,101,1,0,142.1,0,1,-1,0,0,,7.94,7.94,17647,False,fum_rec_td,PFR+RULE2PT
Joe Pisarcik,1983,3,1983-09-18,False,PHI,DEN,A,W,13,10,0,0,0,0,0,0,0,1,0,0,0,,0.0,0.0,17647,False,fum_rec_td,PFR+RULE2PT
Joe Pisarcik,1983,4,1983-09-25,False,PHI,STL,H,L,11,14,1,6,9,0,0,39.6,0,0,0,0,0,,0.36,0.36,17647,False,fum_rec_td,PFR+RULE2PT
Joe Pisarcik,1983,7,1983-10-16,False,PHI,DAL,A,L,7,37,1,2,16,0,0,77.1,1,1,0,0,0,,0.64,0.64,17647,False,fum_rec_td,PFR+RULE2PT
Joe Pisarcik,1983,12,1983-11-20,False,PHI,NYG,H,L,0,23,6,16,46,0,0,45.8,3,0,0,0,0,,1.84,1.84,17647,False,fum_rec_td,PFR+RULE2PT
Joe Pisarcik,1984,6,1984-10-07,False,PHI,BUF,A,W,27,17,0,0,0,0,0,0,0,0,0,0,0,,0.0,0.0,17647,False,fum_rec_td,PFR+RULE2PT
Joe Pisarcik,1984,7,1984-10-14,False,PHI,IND,H,W,16,7,8,14,75,0,0,72.0,1,1,-1,0,0,,2.9,2.9,17647,False,fum_rec_td,PFR+RULE2PT
Joe Pisarcik,1984,9,1984-10-28,False,PHI,STL,H,L,14,34,1,4,6,0,0,39.6,0,0,0,0,0,,0.24,0.24,17647,False,fum_rec_td,PFR+RULE2PT
Joe Pisarcik,1984,13,1984-11-25,False,PHI,STL,A,L,16,17,24,39,226,1,0,86.1,4,0,0,0,0,,13.04,13.04,17647,False,fum_rec_td,PFR+RULE2PT
Joe Pisarcik,1984,14,1984-12-02,False,PHI,DAL,H,L,10,26,23,44,190,1,2,52.3,7,0,0,0,0,,7.6,7.6,17647,False,fum_rec_td,PFR+RULE2PT
Joe Pisarcik,1984,15,1984-12-09,False,PHI,NWE,H,W,27,17,16,29,205,0,1,63.1,5,5,20,2,0,,20.2,20.2,17647,False,fum_rec_td,PFR+RULE2PT
Joe Pisarcik,1984,16,1984-12-16,False,PHI,ATL,A,L,10,26,24,46,334,1,0,83.1,8,1,0,0,0,,17.36,17.36,17647,False,fum_rec_td,PFR+RULE2PT
Paul McDonald,1980,1,1980-09-07,False,CLE,NWE,A,L,17,34,0,0,0,0,0,0,,0,0,0,0,,0.0,0.0,14677,False,sacked;fum_rec_td,PFR+RULE2PT
Paul McDonald,1980,2,1980-09-15,False,CLE,HOU,H,L,7,16,0,0,0,0,0,0,,0,0,0,0,,0.0,0.0,14677,False,sacked;fum_rec_td,PFR+RULE2PT
Paul McDonald,1980,3,1980-09-21,False,CLE,KAN,H,W,20,13,0,0,0,0,0,0,,0,0,0,0,,0.0,0.0,14677,False,sacked;fum_rec_td,PFR+RULE2PT
Paul McDonald,1980,4,1980-09-28,False,CLE,TAM,A,W,34,27,0,0,0,0,0,0,,0,0,0,0,,0.0,0.0,14677,False,sacked;fum_rec_td,PFR+RULE2PT
Paul McDonald,1980,5,1980-10-05,False,CLE,DEN,H,L,16,19,0,0,0,0,0,0,,0,0,0,0,,0.0,0.0,14677,False,sacked;fum_rec_td,PFR+RULE2PT
Paul McDonald,1980,6,1980-10-12,False,CLE,SEA,A,W,27,3,0,0,0,0,0,0,,0,0,0,0,,0.0,0.0,14677,False,sacked;fum_rec_td,PFR+RULE2PT
Paul McDonald,1980,7,1980-10-19,False,CLE,GNB,H,W,26,21,0,0,0,0,0,0,,0,0,0,0,,0.0,0.0,14677,False,sacked;fum_rec_td,PFR+RULE2PT
Paul McDonald,1980,8,1980-10-26,False,CLE,PIT,H,W,27,26,0,0,0,0,0,0,,1,0,0,0,,0.0,0.0,14677,False,sacked;fum_rec_td,PFR+RULE2PT
Paul McDonald,1980,9,1980-11-03,False,CLE,CHI,H,W,27,21,0,0,0,0,0,0,,0,0,0,0,,0.0,0.0,14677,False,sacked;fum_rec_td,PFR+RULE2PT
Paul McDonald,1980,10,1980-11-09,False,CLE,BAL,A,W,28,27,0,0,0,0,0,0,,1,-2,0,0,,-0.2,-0.2,14677,False,sacked;fum_rec_td,PFR+RULE2PT
Paul McDonald,1980,11,1980-11-16,False,CLE,PIT,A,L,13,16,0,0,0,0,0,0,,0,0,0,0,,0.0,0.0,14677,False,sacked;fum_rec_td,PFR+RULE2PT
Paul McDonald,1980,12,1980-11-23,False,CLE,CIN,H,W,31,7,0,0,0,0,0,0,,1,0,0,0,,0.0,0.0,14677,False,sacked;fum_rec_td,PFR+RULE2PT
Paul McDonald,1980,13,1980-11-30,False,CLE,HOU,A,W,17,14,0,0,0,0,0,0,,0,0,0,0,,0.0,0.0,14677,False,sacked;fum_rec_td,PFR+RULE2PT
Paul McDonald,1980,14,1980-12-07,False,CLE,NYJ,H,W,17,14,0,0,0,0,0,0,,0,0,0,0,,0.0,0.0,14677,False,sacked;fum_rec_td,PFR+RULE2PT
Paul McDonald,1980,15,1980-12-14,False,CLE,MIN,A,L,23,28,0,0,0,0,0,0,,0,0,0,0,,0.0,0.0,14677,False,sacked;fum_rec_td,PFR+RULE2PT
Paul McDonald,1980,17,1981-01-04,True,CLE,OAK,H,L,12,14,0,0,0,0,0,0,,1,-11,0,0,,-1.1,-1.1,14677,False,sacked;fum_rec_td,PFR+RULE2PT
Paul McDonald,1981,5,1981-10-04,False,CLE,RAM,A,L,16,27,0,0,0,0,0,0,,0,0,0,0,,0.0,0.0,14677,False,sacked;fum_rec_td,PFR+RULE2PT
Paul McDonald,1981,6,1981-10-11,False,CLE,PIT,A,L,7,13,8,16,106,0,1,45.3,,0,0,0,0,,2.24,2.24,14677,False,sacked;fum_rec_td,PFR+RULE2PT
Paul McDonald,1981,7,1981-10-18,False,CLE,NOR,H,W,20,17,0,0,0,0,0,0,,0,0,0,0,,0.0,0.0,14677,False,sacked;fum_rec_td,PFR+RULE2PT
Paul McDonald,1981,8,1981-10-25,False,CLE,BAL,H,W,42,28,0,0,0,0,0,0,,0,0,0,0,,0.0,0.0,14677,False,sacked;fum_rec_td,PFR+RULE2PT
Paul McDonald,1981,9,1981-11-01,False,CLE,BUF,A,L,13,22,0,1,0,0,0,39.6,,0,0,0,0,,0.0,0.0,14677,False,sacked;fum_rec_td,PFR+RULE2PT
Paul McDonald,1981,10,1981-11-08,False,CLE,DEN,A,L,20,23,0,0,0,0,0,0,,0,0,0,0,,0.0,0.0,14677,False,sacked;fum_rec_td,PFR+RULE2PT
Paul McDonald,1981,11,1981-11-15,False,CLE,SFO,A,W,15,12,0,0,0,0,0,0,,0,0,0,0,,0.0,0.0,14677,False,sacked;fum_rec_td,PFR+RULE2PT
Paul McDonald,1981,12,1981-11-22,False,CLE,PIT,H,L,10,32,0,0,0,0,0,0,,0,0,0,0,,0.0,0.0,14677,False,sacked;fum_rec_td,PFR+RULE2PT
Paul McDonald,1981,13,1981-11-29,False,CLE,CIN,H,L,21,41,3,6,60,1,0,125.0,,0,0,0,0,,6.4,6.4,14677,False,sacked;fum_rec_td,PFR+RULE2PT
Paul McDonald,1981,14,1981-12-03,False,CLE,HOU,A,L,13,17,0,0,0,0,0,0,,0,0,0,0,,0.0,0.0,14677,False,sacked;fum_rec_td,PFR+RULE2PT
Paul McDonald,1981,15,1981-12-12,False,CLE,NYJ,H,L,13,14,0,0,0,0,0,0,,0,0,0,0,,0.0,0.0,14677,False,sacked;fum_rec_td,PFR+RULE2PT
Paul McDonald,1981,16,1981-12-20,False,CLE,SEA,A,L,21,42,24,34,297,3,1,114.5,,2,0,0,0,,21.88,21.88,14677,False,sacked;fum_rec_td,PFR+RULE2PT
Paul McDonald,1982,1,1982-09-12,False,CLE,SEA,A,W,21,7,0,0,0,0,0,0,0,0,0,0,0,,0.0,0.0,14677,False,fum_rec_td,PFR+RULE2PT
Paul McDonald,1982,2,1982-09-19,False,CLE,PHI,H,L,21,24,0,0,0,0,0,0,0,0,0,0,0,,0.0,0.0,14677,False,fum_rec_td,PFR+RULE2PT
Paul McDonald,1982,3,1982-11-21,False,CLE,NWE,H,W,10,7,0,0,0,0,0,0,0,0,0,0,0,,0.0,0.0,14677,False,fum_rec_td,PFR+RULE2PT
Paul McDonald,1982,4,1982-11-25,False,CLE,DAL,A,L,14,31,9,15,151,1,1,88.5,1,0,0,0,0,,8.04,8.04,14677,False,fum_rec_td,PFR+RULE2PT
Paul McDonald,1982,5,1982-12-05,False,CLE,SDG,H,L,13,30,0,0,0,0,0,0,0,0,0,0,0,,0.0,0.0,14677,False,fum_rec_td,PFR+RULE2PT
Paul McDonald,1982,6,1982-12-12,False,CLE,CIN,A,L,10,23,5,13,54,0,2,11.9,1,0,0,0,0,,-1.84,-1.84,14677,False,fum_rec_td,PFR+RULE2PT
Paul McDonald,1982,7,1982-12-19,False,CLE,PIT,H,W,10,9,19,40,227,0,1,54.9,6,4,-5,0,0,,6.58,6.58,14677,False,fum_rec_td,PFR+RULE2PT
Paul McDonald,1982,8,1982-12-26,False,CLE,HOU,A,W,20,14,18,34,248,1,0,86.4,2,2,-11,0,0,,12.82,12.82,14677,False,fum_rec_td,PFR+RULE2PT
Paul McDonald,1982,9,1983-01-02,False,CLE,PIT,A,L,21,37,22,47,313,3,4,54.7,3,1,3,0,0,,16.82,16.82,14677,False,fum_rec_td,PFR+RULE2PT
Paul McDonald,1982,10,1983-01-08,True,CLE,RAI,A,L,10,27,18,37,281,1,0,83.3,6,1,7,0,0,,15.94,15.94,14677,False,fum_rec_td,PFR+RULE2PT
Paul McDonald,1983,1,1983-09-04,False,CLE,MIN,H,L,21,27,0,1,0,0,1,0.0,0,0,0,0,0,,-2.0,-2.0,14677,False,fum_rec_td,PFR+RULE2PT
Paul McDonald,1983,2,1983-09-11,False,CLE,DET,A,W,31,26,0,0,0,0,0,0,0,0,0,0,0,,0.0,0.0,14677,False,fum_rec_td,PFR+RULE2PT
Paul McDonald,1983,3,1983-09-15,False,CLE,CIN,H,W,17,7,0,0,0,0,0,0,0,0,0,0,0,,0.0,0.0,14677,False,fum_rec_td,PFR+RULE2PT
Paul McDonald,1983,4,1983-09-25,False,CLE,SDG,A,W,30,24,0,0,0,0,0,0,0,0,0,0,0,,0.0,0.0,14677,False,fum_rec_td,PFR+RULE2PT
Paul McDonald,1983,5,1983-10-02,False,CLE,SEA,H,L,9,24,0,0,0,0,0,0,0,0,0,0,0,,0.0,0.0,14677,False,fum_rec_td,PFR+RULE2PT
Paul McDonald,1983,6,1983-10-09,False,CLE,NYJ,H,W,10,7,1,2,3,0,0,56.2,0,0,0,0,0,,0.12,0.12,14677,False,fum_rec_td,PFR+RULE2PT
Paul McDonald,1983,7,1983-10-16,False,CLE,PIT,A,L,17,44,0,0,0,0,0,0,0,0,0,0,0,,0.0,0.0,14677,False,fum_rec_td,PFR+RULE2PT
Paul McDonald,1983,8,1983-10-23,False,CLE,CIN,A,L,21,28,1,1,-5,0,0,79.2,0,0,0,0,0,,-0.2,-0.2,14677,False,fum_rec_td,PFR+RULE2PT
Paul McDonald,1983,9,1983-10-30,False,CLE,HOU,H,W,25,19,19,41,209,1,2,49.7,3,2,7,0,0,,9.06,9.06,14677,False,fum_rec_td,PFR+RULE2PT
Paul McDonald,1983,10,1983-11-06,False,CLE,GNB,A,L,21,35,11,23,134,0,1,48.1,3,1,10,0,0,,4.36,4.36,14677,False,fum_rec_td,PFR+RULE2PT
Paul McDonald,1983,11,1983-11-13,False,CLE,TAM,H,W,20,0,0,0,0,0,0,0,0,0,0,0,0,,0.0,0.0,14677,False,fum_rec_td,PFR+RULE2PT
Paul McDonald,1983,12,1983-11-20,False,CLE,NWE,A,W,30,0,0,0,0,0,0,0,0,0,0,0,0,,0.0,0.0,14677,False,fum_rec_td,PFR+RULE2PT
Paul McDonald,1983,13,1983-11-27,False,CLE,BAL,H,W,41,23,0,0,0,0,0,0,0,0,0,0,0,,0.0,0.0,14677,False,fum_rec_td,PFR+RULE2PT
Paul McDonald,1983,14,1983-12-04,False,CLE,DEN,A,L,6,27,0,0,0,0,0,0,0,0,0,0,0,,0.0,0.0,14677,False,fum_rec_td,PFR+RULE2PT
Paul McDonald,1983,15,1983-12-11,False,CLE,HOU,A,L,27,34,0,0,0,0,0,0,0,0,0,0,0,,0.0,0.0,14677,False,fum_rec_td,PFR+RULE2PT
Paul McDonald,1983,16,1983-12-18,False,CLE,PIT,H,W,30,17,0,0,0,0,0,0,0,0,0,0,0,,0.0,0.0,14677,False,fum_rec_td,PFR+RULE2PT
Paul McDonald,1984,1,1984-09-03,False,CLE,SEA,A,L,0,33,8,27,114,0,2,13.8,5,0,0,0,0,,0.56,0.56,14677,False,fum_rec_td,PFR+RULE2PT
Paul McDonald,1984,2,1984-09-09,False,CLE,RAM,A,L,17,20,18,35,263,1,1,73.9,2,1,2,0,0,,12.72,12.72,14677,False,fum_rec_td,PFR+RULE2PT
Paul McDonald,1984,3,1984-09-16,False,CLE,DEN,H,L,14,24,22,42,282,0,3,43.9,7,2,3,0,0,,5.58,5.58,14677,False,fum_rec_td,PFR+RULE2PT
Paul McDonald,1984,4,1984-09-23,False,CLE,PIT,H,W,20,10,15,28,293,2,1,99.3,1,3,4,0,0,,18.12,18.12,14677,False,fum_rec_td,PFR+RULE2PT
Paul McDonald,1984,5,1984-09-30,False,CLE,KAN,A,L,6,10,17,38,186,0,4,20.2,11,0,0,0,0,,-0.56,-0.56,14677,False,fum_rec_td,PFR+RULE2PT
Paul McDonald,1984,6,1984-10-07,False,CLE,NWE,H,L,16,17,23,37,320,1,1,87.7,4,0,0,0,0,,14.8,14.8,14677,False,fum_rec_td,PFR+RULE2PT
Paul McDonald,1984,7,1984-10-14,False,CLE,NYJ,H,L,20,24,25,37,299,0,0,92.1,5,1,8,0,0,,12.36,13.36,14677,False,fum_rec_td,PFR+RULE2PT
Paul McDonald,1984,8,1984-10-21,False,CLE,CIN,A,L,9,12,27,47,300,0,2,58.8,5,0,0,0,0,,8.0,8.0,14677,False,fum_rec_td,PFR+RULE2PT
Paul McDonald,1984,9,1984-10-28,False,CLE,NOR,H,L,14,16,16,23,193,2,0,124.0,2,1,0,0,0,,15.72,15.72,14677,False,fum_rec_td,PFR+RULE2PT
Paul McDonald,1984,10,1984-11-04,False,CLE,BUF,A,W,13,10,7,18,86,0,1,31.3,2,5,-3,0,0,,1.14,1.14,14677,False,fum_rec_td,PFR+RULE2PT
Paul McDonald,1984,11,1984-11-11,False,CLE,SFO,H,L,7,41,13,33,220,1,1,60.2,2,2,0,0,0,,10.8,10.8,14677,False,fum_rec_td,PFR+RULE2PT
Paul McDonald,1984,12,1984-11-18,False,CLE,ATL,A,W,23,7,13,23,205,2,1,97.2,1,2,-8,0,0,,13.4,13.4,14677,False,fum_rec_td,PFR+RULE2PT
Paul McDonald,1984,13,1984-11-25,False,CLE,HOU,H,W,27,10,16,26,151,3,1,100.0,1,1,-4,0,0,,15.64,15.64,14677,False,fum_rec_td,PFR+RULE2PT
Paul McDonald,1984,14,1984-12-02,False,CLE,CIN,H,L,17,20,18,24,191,1,0,111.6,1,0,0,0,0,,11.64,11.64,14677,False,fum_rec_td,PFR+RULE2PT
Paul McDonald,1984,15,1984-12-09,False,CLE,PIT,A,L,20,23,19,33,211,1,4,47.2,2,1,3,1,0,,10.74,10.74,14677,False,fum_rec_td,PFR+RULE2PT
Paul McDonald,1984,16,1984-12-16,False,CLE,HOU,A,W,27,20,14,22,158,0,1,66.1,2,3,-1,0,0,,4.22,4.22,14677,False,fum_rec_td,PFR+RULE2PT
Paul McDonald,1985,1,1985-09-08,False,CLE,STL,H,L,24,27,0,0,0,0,0,0,0,0,0,0,0,,0.0,0.0,14677,False,fum_rec_td,PFR+RULE2PT
Paul McDonald,1985,2,1985-09-16,False,CLE,PIT,H,W,17,7,0,0,0,0,0,0,0,0,0,0,0,,0.0,0.0,14677,False,fum_rec_td,PFR+RULE2PT
Paul McDonald,1985,3,1985-09-22,False,CLE,DAL,A,L,7,20,0,0,0,0,0,0,0,0,0,0,0,,0.0,0.0,14677,False,fum_rec_td,PFR+RULE2PT
Paul McDonald,1985,4,1985-09-29,False,CLE,SDG,A,W,21,7,0,0,0,0,0,0,0,0,0,0,0,,0.0,0.0,14677,False,fum_rec_td,PFR+RULE2PT
Paul McDonald,1985,5,1985-10-06,False,CLE,NWE,H,W,24,20,0,0,0,0,0,0,0,0,0,0,0,,0.0,0.0,14677,False,fum_rec_td,PFR+RULE2PT
Paul McDonald,1985,6,1985-10-13,False,CLE,HOU,A,W,21,6,0,0,0,0,0,0,0,0,0,0,0,,0.0,0.0,14677,False,fum_rec_td,PFR+RULE2PT
Paul McDonald,1985,7,1985-10-20,False,CLE,RAI,H,L,20,21,0,0,0,0,0,0,0,0,0,0,0,,0.0,0.0,14677,False,fum_rec_td,PFR+RULE2PT
Paul McDonald,1985,8,1985-10-27,False,CLE,WAS,H,L,7,14,0,0,0,0,0,0,0,0,0,0,0,,0.0,0.0,14677,False,fum_rec_td,PFR+RULE2PT
Paul McDonald,1985,9,1985-11-03,False,CLE,PIT,A,L,9,10,0,0,0,0,0,0,0,0,0,0,0,,0.0,0.0,14677,False,fum_rec_td,PFR+RULE2PT
Paul McDonald,1985,10,1985-11-10,False,CLE,CIN,A,L,10,27,0,0,0,0,0,0,0,0,0,0,0,,0.0,0.0,14677,False,fum_rec_td,PFR+RULE2PT
Paul McDonald,1985,11,1985-11-17,False,CLE,BUF,H,W,17,7,0,0,0,0,0,0,0,0,0,0,0,,0.0,0.0,14677,False,fum_rec_td,PFR+RULE2PT
Paul McDonald,1985,12,1985-11-24,False,CLE,CIN,H,W,24,6,0,0,0,0,0,0,0,0,0,0,0,,0.0,0.0,14677,False,fum_rec_td,PFR+RULE2PT
Paul McDonald,1985,13,1985-12-01,False,CLE,NYG,A,W,35,33,0,0,0,0,0,0,0,0,0,0,0,,0.0,0.0,14677,False,fum_rec_td,PFR+RULE2PT
Paul McDonald,1985,14,1985-12-08,False,CLE,SEA,A,L,13,31,0,0,0,0,0,0,0,0,0,0,0,,0.0,0.0,14677,False,fum_rec_td,PFR+RULE2PT
Paul McDonald,1985,15,1985-12-15,False,CLE,HOU,H,W,28,21,0,0,0,0,0,0,0,0,0,0,0,,0.0,0.0,14677,False,fum_rec_td,PFR+RULE2PT
Paul McDonald,1985,16,1985-12-22,False,CLE,NYJ,A,L,10,37,0,0,0,0,0,0,0,0,0,0,0,,0.0,0.0,14677,False,fum_rec_td,PFR+RULE2PT
Paul McDonald,1985,17,1986-01-04,True,CLE,MIA,A,L,21,24,0,0,0,0,0,0,0,0,0,0,0,,0.0,0.0,14677,False,fum_rec_td,PFR+RULE2PT
Paul McDonald,1986,12,1986-11-23,False,DAL,WAS,A,L,14,41,0,0,0,0,0,0,0,0,0,0,0,,0.0,0.0,14677,False,fum_rec_td,PFR+RULE2PT
Bob Lee,1980,15,1980-12-15,False,RAM,DAL,H,W,38,14,0,0,0,0,0,0,,1,-1,0,0,,-0.1,-0.1,13081,False,sacked;fum_rec_td,PFR+RULE2PT
Todd Blackledge,1983,5,1983-10-02,False,KAN,STL,H,W,38,14,4,5,48,1,0,146.2,2,0,0,0,0,,5.92,5.92,1802,False,fum_rec_td,PFR+RULE2PT
Todd Blackledge,1983,7,1983-10-16,False,KAN,NYG,H,W,38,17,0,0,0,0,0,0,0,0,0,0,0,,0.0,0.0,1802,False,fum_rec_td,PFR+RULE2PT
Todd Blackledge,1983,12,1983-11-20,False,KAN,DAL,A,L,21,41,10,19,95,1,0,84.3,1,1,0,0,0,,7.8,7.8,1802,False,fum_rec_td,PFR+RULE2PT
Todd Blackledge,1983,16,1983-12-18,False,KAN,DEN,H,W,48,17,6,10,116,1,0,133.7,1,0,0,0,0,,8.64,8.64,1802,False,fum_rec_td,PFR+RULE2PT
Todd Blackledge,1984,1,1984-09-02,False,KAN,PIT,A,W,37,27,19,36,170,1,0,75.0,0,2,5,1,0,,17.3,17.3,1802,False,fum_rec_td,PFR+RULE2PT
Todd Blackledge,1984,2,1984-09-09,False,KAN,CIN,A,W,27,22,18,35,280,2,1,85.4,3,3,12,0,0,,18.4,18.4,1802,False,fum_rec_td,PFR+RULE2PT
Todd Blackledge,1984,3,1984-09-16,False,KAN,RAI,H,L,20,22,17,37,187,0,2,38.9,0,0,0,0,0,,3.48,3.48,1802,False,fum_rec_td,PFR+RULE2PT
Todd Blackledge,1984,4,1984-09-23,False,KAN,DEN,A,L,0,21,23,48,295,0,2,50.3,1,2,5,0,0,,8.3,8.3,1802,False,fum_rec_td,PFR+RULE2PT
Todd Blackledge,1984,5,1984-09-30,False,KAN,CLE,H,W,10,6,15,33,155,1,2,44.4,2,4,3,0,0,,6.5,6.5,1802,False,fum_rec_td,PFR+RULE2PT
Todd Blackledge,1984,6,1984-10-07,False,KAN,NYJ,H,L,16,17,15,25,150,1,0,90.4,2,3,41,0,0,,14.1,14.1,1802,False,fum_rec_td,PFR+RULE2PT
Todd Blackledge,1984,7,1984-10-14,False,KAN,SDG,H,W,31,13,10,19,133,0,1,53.2,1,1,4,0,0,,3.72,3.72,1802,False,fum_rec_td,PFR+RULE2PT
Todd Blackledge,1984,10,1984-11-04,False,KAN,SEA,A,L,0,45,8,17,54,0,3,15.0,0,1,6,0,0,,-3.24,-3.24,1802,False,fum_rec_td,PFR+RULE2PT
Todd Blackledge,1984,11,1984-11-11,False,KAN,HOU,H,L,16,17,20,41,236,1,0,74.8,5,2,26,0,0,,16.04,16.04,1802,False,fum_rec_td,PFR+RULE2PT
Todd Blackledge,1984,15,1984-12-09,False,KAN,SEA,H,W,34,7,1,1,13,0,0,118.7,0,0,0,0,0,,0.52,0.52,1802,False,fum_rec_td,PFR+RULE2PT
Todd Blackledge,1984,16,1984-12-16,False,KAN,SDG,A,W,42,21,1,2,34,0,0,95.8,0,0,0,0,0,,1.36,1.36,1802,False,fum_rec_td,PFR+RULE2PT
Todd Blackledge,1985,1,1985-09-08,False,KAN,NOR,A,W,47,27,0,0,0,0,0,0,0,2,4,0,0,,0.4,0.4,1802,False,fum_rec_td,PFR+RULE2PT
Todd Blackledge,1985,2,1985-09-12,False,KAN,RAI,H,W,36,20,0,0,0,0,0,0,0,0,0,0,0,,0.0,0.0,1802,False,fum_rec_td,PFR+RULE2PT
Todd Blackledge,1985,4,1985-09-29,False,KAN,SEA,H,W,28,7,0,3,0,0,2,0.0,0,0,0,0,0,,-4.0,-4.0,1802,False,fum_rec_td,PFR+RULE2PT
Todd Blackledge,1985,6,1985-10-13,False,KAN,SDG,A,L,20,31,1,4,6,0,0,39.6,0,1,12,0,0,,1.44,1.44,1802,False,fum_rec_td,PFR+RULE2PT
Todd Blackledge,1985,7,1985-10-20,False,KAN,RAM,H,L,0,16,14,32,161,0,6,19.9,1,2,30,0,0,,-2.56,-2.56,1802,False,fum_rec_td,PFR+RULE2PT
Todd Blackledge,1985,8,1985-10-27,False,KAN,DEN,H,L,10,30,0,0,0,0,0,0,0,0,0,0,0,,0.0,0.0,1802,False,fum_rec_td,PFR+RULE2PT
Todd Blackledge,1985,11,1985-11-17,False,KAN,SFO,A,L,3,31,10,20,77,0,0,59.8,1,0,0,0,0,,3.08,3.08,1802,False,fum_rec_td,PFR+RULE2PT
Todd Blackledge,1985,12,1985-11-24,False,KAN,IND,H,W,20,7,16,31,246,1,1,75.5,2,5,21,0,0,,13.94,13.94,1802,False,fum_rec_td,PFR+RULE2PT
Todd Blackledge,1985,13,1985-12-01,False,KAN,SEA,A,L,6,24,16,30,180,0,3,31.9,5,2,17,0,0,,2.9,2.9,1802,False,fum_rec_td,PFR+RULE2PT
Todd Blackledge,1985,14,1985-12-08,False,KAN,ATL,H,W,38,10,11,19,219,3,1,116.0,3,1,0,0,0,,18.76,18.76,1802,False,fum_rec_td,PFR+RULE2PT
Todd Blackledge,1985,15,1985-12-14,False,KAN,DEN,A,L,13,14,14,26,158,1,1,69.1,3,2,8,0,0,,9.12,9.12,1802,False,fum_rec_td,PFR+RULE2PT
Todd Blackledge,1985,16,1985-12-22,False,KAN,SDG,H,W,38,34,4,7,143,1,0,141.4,0,2,5,0,0,,10.22,10.22,1802,False,fum_rec_td,PFR+RULE2PT
Todd Blackledge,1986,1,1986-09-07,False,KAN,CIN,H,W,24,14,13,28,190,1,1,66.1,5,3,20,0,0,,11.6,11.6,1802,False,fum_rec_td,PFR+RULE2PT
Todd Blackledge,1986,2,1986-09-14,False,KAN,SEA,A,L,17,23,15,29,183,1,2,54.2,2,1,8,0,0,,8.12,8.12,1802,False,fum_rec_td,PFR+RULE2PT
Todd Blackledge,1986,3,1986-09-21,False,KAN,HOU,H,W,27,13,6,23,160,1,0,70.6,6,2,-4,0,0,,10.0,10.0,1802,False,fum_rec_td,PFR+RULE2PT
Todd Blackledge,1986,4,1986-09-28,False,KAN,BUF,A,W,20,17,17,27,210,2,0,111.7,1,1,3,0,0,,16.7,16.7,1802,False,fum_rec_td,PFR+RULE2PT
Todd Blackledge,1986,5,1986-10-05,False,KAN,RAI,H,L,17,24,9,21,77,1,1,49.1,3,3,11,0,0,,6.18,6.18,1802,False,fum_rec_td,PFR+RULE2PT
Todd Blackledge,1986,6,1986-10-12,False,KAN,CLE,A,L,7,20,11,26,109,1,1,51.6,4,3,6,0,0,,6.96,6.96,1802,False,fum_rec_td,PFR+RULE2PT
Todd Blackledge,1986,7,1986-10-19,False,KAN,SDG,H,W,42,41,6,15,69,1,1,49.0,2,0,0,0,0,,4.76,4.76,1802,False,fum_rec_td,PFR+RULE2PT
Todd Blackledge,1986,11,1986-11-16,False,KAN,DEN,A,L,17,38,5,12,96,0,0,70.1,1,1,9,0,0,,4.74,4.74,1802,False,fum_rec_td,PFR+RULE2PT
Todd Blackledge,1986,14,1986-12-07,False,KAN,DEN,H,W,37,10,14,29,106,2,0,80.5,1,5,15,0,0,,13.74,13.74,1802,False,fum_rec_td,PFR+RULE2PT
Todd Blackledge,1986,16,1986-12-21,False,KAN,PIT,A,W,24,19,0,1,0,0,0,39.6,0,4,-8,0,0,,-0.8,-0.8,1802,False,fum_rec_td,PFR+RULE2PT
Todd Blackledge,1986,17,1986-12-28,True,KAN,NYJ,A,L,15,35,12,21,80,0,2,26.0,2,4,33,0,0,,2.5,2.5,1802,False,fum_rec_td,PFR+RULE2PT
Todd Blackledge,1987,1,1987-09-13,False,KAN,SDG,H,W,20,13,6,15,79,0,1,29.6,4,2,6,0,0,,1.76,1.76,1802,False,fum_rec_td,PFR+RULE2PT
Todd Blackledge,1987,2,1987-09-20,False,KAN,SEA,A,L,14,43,8,15,59,1,0,85.1,3,3,15,0,0,,7.86,7.86,1802,False,fum_rec_td,PFR+RULE2PT
Todd Blackledge,1987,6,1987-10-25,False,KAN,SDG,A,L,21,42,1,1,16,0,0,118.7,0,0,0,0,0,,0.64,0.64,1802,False,fum_rec_td,PFR+RULE2PT
Todd Blackledge,1988,6,1988-10-09,False,PIT,PHO,A,L,14,31,8,20,114,0,0,59.2,2,0,0,0,0,,4.56,4.56,1802,False,fum_rec_td,PFR+RULE2PT
Todd Blackledge,1988,7,1988-10-16,False,PIT,HOU,H,L,14,34,21,42,251,1,2,56.7,0,4,18,0,0,,11.84,11.84,1802,False,fum_rec_td,PFR+RULE2PT
Todd Blackledge,1988,8,1988-10-23,False,PIT,DEN,H,W,39,21,9,17,129,1,1,72.9,2,4,7,1,0,,13.86,13.86,1802,False,fum_rec_td,PFR+RULE2PT
Todd Blackledge,1989,5,1989-10-08,False,PIT,CIN,H,L,16,26,2,5,34,0,0,63.7,0,0,0,0,0,,1.36,1.36,1802,False,fum_rec_td,PFR+RULE2PT
Todd Blackledge,1989,6,1989-10-15,False,PIT,CLE,A,W,17,7,9,28,143,1,1,47.2,3,6,7,0,0,,8.42,8.42,1802,False,fum_rec_td,PFR+RULE2PT
Todd Blackledge,1989,7,1989-10-22,False,PIT,HOU,A,L,0,27,11,27,105,0,2,21.4,1,3,13,0,0,,1.5,1.5,1802,False,fum_rec_td,PFR+RULE2PT
Jack Thompson,1980,1,1980-09-07,False,CIN,TAM,H,L,12,17,6,21,47,1,1,35.6,,1,0,0,0,,3.88,3.88,22185,False,sacked;fum_rec_td,PFR+RULE2PT
Jack Thompson,1980,2,1980-09-14,False,CIN,MIA,A,L,16,17,15,24,136,1,1,74.3,,0,0,0,0,,7.44,7.44,22185,False,sacked;fum_rec_td,PFR+RULE2PT
Jack Thompson,1980,3,1980-09-21,False,CIN,PIT,H,W,30,28,9,18,122,2,0,109.0,,0,0,0,0,,12.88,12.88,22185,False,sacked;fum_rec_td,PFR+RULE2PT
Jack Thompson,1980,4,1980-09-28,False,CIN,HOU,H,L,10,13,14,24,134,1,1,70.5,,4,18,0,0,,9.16,9.16,22185,False,sacked;fum_rec_td,PFR+RULE2PT
Jack Thompson,1980,6,1980-10-12,False,CIN,PIT,A,W,17,16,1,4,15,0,0,42.7,,2,2,0,0,,0.8,0.8,22185,False,sacked;fum_rec_td,PFR+RULE2PT
Jack Thompson,1980,8,1980-10-26,False,CIN,HOU,A,L,3,23,0,3,0,0,1,0.0,,1,0,0,0,,-2.0,-2.0,22185,False,sacked;fum_rec_td,PFR+RULE2PT
Jack Thompson,1980,9,1980-11-02,False,CIN,SDG,H,L,14,31,10,14,108,1,2,78.0,,2,17,0,0,,6.02,6.02,22185,False,sacked;fum_rec_td,PFR+RULE2PT
Jack Thompson,1980,10,1980-11-09,False,CIN,OAK,A,L,17,28,7,17,40,1,3,28.9,,1,5,0,0,,0.1,0.1,22185,False,sacked;fum_rec_td,PFR+RULE2PT
Jack Thompson,1980,11,1980-11-16,False,CIN,BUF,H,L,0,14,4,9,64,0,0,68.7,,1,11,0,0,,3.66,3.66,22185,False,sacked;fum_rec_td,PFR+RULE2PT
Jack Thompson,1980,12,1980-11-23,False,CIN,CLE,A,L,7,31,7,15,81,0,0,63.5,,1,1,0,0,,3.34,3.34,22185,False,sacked;fum_rec_td,PFR+RULE2PT
Jack Thompson,1980,13,1980-11-30,False,CIN,KAN,A,W,20,6,2,2,20,1,0,147.9,,0,0,0,0,,4.8,4.8,22185,False,sacked;fum_rec_td,PFR+RULE2PT
Jack Thompson,1980,14,1980-12-07,False,CIN,BAL,H,W,34,33,15,29,186,1,1,69.0,,1,0,0,0,,9.44,9.44,22185,False,sacked;fum_rec_td,PFR+RULE2PT
Jack Thompson,1980,15,1980-12-14,False,CIN,CHI,A,W,17,14,13,24,174,1,0,91.3,,0,0,0,0,,10.96,10.96,22185,False,sacked;fum_rec_td,PFR+RULE2PT
Jack Thompson,1980,16,1980-12-21,False,CIN,CLE,H,L,24,27,12,30,197,1,2,46.1,,4,30,1,0,,16.88,16.88,22185,False,sacked;fum_rec_td,PFR+RULE2PT
Jack Thompson,1981,7,1981-10-18,False,CIN,PIT,H,W,34,7,0,0,0,0,0,0,,0,0,0,0,,0.0,0.0,22185,False,sacked;fum_rec_td,PFR+RULE2PT
Jack Thompson,1981,8,1981-10-25,False,CIN,NOR,A,L,7,17,6,20,81,1,1,39.8,,0,0,0,0,,5.24,5.24,22185,False,sacked;fum_rec_td,PFR+RULE2PT
Jack Thompson,1981,9,1981-11-01,False,CIN,HOU,H,W,34,21,0,0,0,0,0,0,,0,0,0,0,,0.0,0.0,22185,False,sacked;fum_rec_td,PFR+RULE2PT
Jack Thompson,1981,10,1981-11-08,False,CIN,SDG,A,W,40,17,2,4,32,0,0,77.1,,0,0,0,0,,1.28,1.28,22185,False,sacked;fum_rec_td,PFR+RULE2PT
Jack Thompson,1981,11,1981-11-15,False,CIN,RAM,H,W,24,10,2,5,21,0,0,52.9,,0,0,0,0,,0.84,0.84,22185,False,sacked;fum_rec_td,PFR+RULE2PT
Jack Thompson,1981,12,1981-11-22,False,CIN,DEN,H,W,38,21,0,0,0,0,0,0,,0,0,0,0,,0.0,0.0,22185,False,sacked;fum_rec_td,PFR+RULE2PT
Jack Thompson,1981,13,1981-11-29,False,CIN,CLE,A,W,41,21,1,2,19,0,0,83.3,,0,0,0,0,,0.76,0.76,22185,False,sacked;fum_rec_td,PFR+RULE2PT
Jack Thompson,1981,14,1981-12-06,False,CIN,SFO,H,L,3,21,10,18,114,0,1,51.6,,0,0,0,0,,2.56,2.56,22185,False,sacked;fum_rec_td,PFR+RULE2PT
Jack Thompson,1981,17,1982-01-03,True,CIN,BUF,H,W,28,21,0,0,0,0,0,0,,0,0,0,0,,0.0,0.0,22185,False,sacked;fum_rec_td,PFR+RULE2PT
Jack Thompson,1981,18,1982-01-10,True,CIN,SDG,H,W,27,7,1,1,14,0,0,118.7,,0,0,0,0,,0.56,0.56,22185,False,sacked;fum_rec_td,PFR+RULE2PT
Jack Thompson,1982,1,1982-09-12,False,CIN,HOU,H,W,27,6,0,0,0,0,0,0,0,0,0,0,0,,0.0,0.0,22185,False,fum_rec_td,PFR+RULE2PT
Jack Thompson,1983,1,1983-09-04,False,TAM,DET,H,L,0,11,7,12,97,0,1,49.7,4,0,0,0,0,,1.88,1.88,22185,False,fum_rec_td,PFR+RULE2PT
Jack Thompson,1983,3,1983-09-18,False,TAM,MIN,H,L,16,19,17,30,192,1,2,59.3,0,2,12,0,0,,8.88,8.88,22185,False,fum_rec_td,PFR+RULE2PT
Jack Thompson,1983,4,1983-09-25,False,TAM,CIN,H,L,17,23,30,40,316,1,3,74.6,3,4,2,0,0,,10.84,10.84,22185,False,fum_rec_td,PFR+RULE2PT
Jack Thompson,1983,5,1983-10-02,False,TAM,GNB,A,L,14,55,16,28,217,0,2,52.2,4,1,4,0,0,,5.08,5.08,22185,False,fum_rec_td,PFR+RULE2PT
Jack Thompson,1983,6,1983-10-09,False,TAM,DAL,A,L,24,27,19,30,272,2,1,101.0,3,2,-1,0,0,,16.78,16.78,22185,False,fum_rec_td,PFR+RULE2PT
Jack Thompson,1983,7,1983-10-16,False,TAM,STL,H,L,27,34,20,30,212,3,2,92.6,3,0,0,0,0,,16.48,16.48,22185,False,fum_rec_td,PFR+RULE2PT
Jack Thompson,1983,8,1983-10-23,False,TAM,NOR,H,L,21,24,16,34,124,0,3,19.7,7,4,8,0,0,,-0.24,-0.24,22185,False,fum_rec_td,PFR+RULE2PT
Jack Thompson,1983,9,1983-10-30,False,TAM,PIT,A,L,12,17,14,29,114,0,0,58.7,2,1,-2,0,0,,4.36,4.36,22185,False,fum_rec_td,PFR+RULE2PT
Jack Thompson,1983,10,1983-11-06,False,TAM,MIN,A,W,17,12,11,19,75,0,1,44.8,1,2,-6,0,0,,0.4,0.4,22185,False,fum_rec_td,PFR+RULE2PT
Jack Thompson,1983,11,1983-11-13,False,TAM,CLE,A,L,0,20,17,31,182,0,0,72.2,2,1,4,0,0,,7.68,7.68,22185,False,fum_rec_td,PFR+RULE2PT
Jack Thompson,1983,13,1983-11-27,False,TAM,HOU,H,W,33,24,17,29,224,4,0,122.7,2,4,-2,0,0,,24.76,24.76,22185,False,fum_rec_td,PFR+RULE2PT
Jack Thompson,1983,14,1983-12-04,False,TAM,SFO,A,L,21,35,25,46,337,3,2,81.5,2,1,0,0,0,,21.48,21.48,22185,False,fum_rec_td,PFR+RULE2PT
Jack Thompson,1983,15,1983-12-12,False,TAM,GNB,H,L,9,12,12,23,171,1,3,51.4,3,3,8,0,0,,5.64,5.64,22185,False,fum_rec_td,PFR+RULE2PT
Jack Thompson,1983,16,1983-12-18,False,TAM,DET,A,L,20,23,28,42,373,3,1,108.5,3,1,0,0,0,,24.92,24.92,22185,False,fum_rec_td,PFR+RULE2PT
Jack Thompson,1984,1,1984-09-02,False,TAM,CHI,A,L,14,34,4,17,105,1,4,32.8,2,1,13,0,0,,1.5,1.5,22185,False,fum_rec_td,PFR+RULE2PT
Jack Thompson,1984,2,1984-09-09,False,TAM,NOR,A,L,13,17,15,22,175,1,0,107.2,7,4,22,0,0,,13.2,13.2,22185,False,fum_rec_td,PFR+RULE2PT
Jack Thompson,1984,3,1984-09-16,False,TAM,DET,H,W,21,17,6,13,57,0,1,26.8,1,0,0,0,0,,0.28,0.28,22185,False,fum_rec_td,PFR+RULE2PT
Jack Thompson,1984,14,1984-12-02,False,TAM,GNB,A,L,14,27,0,0,0,0,0,0,0,0,0,0,0,,0.0,0.0,22185,False,fum_rec_td,PFR+RULE2PT
Jack Thompson,1984,15,1984-12-09,False,TAM,ATL,H,W,23,6,0,0,0,0,0,0,0,0,0,0,0,,0.0,0.0,22185,False,fum_rec_td,PFR+RULE2PT
