name,season,week,date,playoff,team,opp,home_away,result,team_score,opp_score,pass_cmp,pass_att,pass_yds,pass_td,pass_int,pass_rating,sacked,rush_att,rush_yds,rush_td,rec,rec_yds,rec_td,ret_td,two_pt,fum_rec_td,fpts_std,fpts_ppr,player_id,complete,missing_fields,source,game_id,scoring_complete,scoring_missing,strict_eligible,era_scored_eligible,era_excluded_fields,era_blocking_fields,team_score_residual
Bobby Layne,1960,1,1960-09-24,False,PIT,DAL,A,W,35,28,16,25,288,4,1,126.3,,4,5,0,0,0,0,0,0,0,31.02,31.02,13019,False,sacked,PFR+RULE2PT+SCORE0,19600924-PIT-DAL,True,,True,True,,,0
Bobby Layne,1960,2,1960-10-02,False,PIT,CLE,A,L,20,28,14,21,296,2,1,121.6,,3,9,0,0,0,0,0,0,0,19.74,19.74,13019,False,sacked,PFR+RULE2PT+SCORE0,19601002-PIT-CLE,True,,True,True,,,0
Bobby Layne,1960,3,1960-10-09,False,PIT,NYG,H,L,17,19,7,21,146,1,4,35.1,,2,14,0,0,0,0,0,0,0,3.24,3.24,13019,False,sacked,PFR+RULE2PT+SCORE0,19601009-NYG-PIT,True,,True,True,,,0
Bobby Layne,1960,4,1960-10-16,False,PIT,STL,H,W,27,14,8,11,95,1,0,129.0,,1,-5,0,0,0,0,0,0,0,7.3,7.3,13019,False,sacked,PFR+RULE2PT+SCORE0,19601016-STL-PIT,True,,True,True,,,0
Bobby Layne,1960,5,1960-10-23,False,PIT,WAS,A,T,27,27,0,0,0,0,0,0,,0,0,0,0,0,0,0,0,,9.0,9.0,13019,False,sacked;fum_rec_td,PFR+RULE2PT,19601023-PIT-WAS,False,fum_rec_td,False,True,fum_rec_td,,6
Bobby Layne,1960,6,1960-10-30,False,PIT,GNB,H,L,13,19,12,20,209,2,0,129.0,,2,-12,0,0,0,0,0,0,0,16.16,16.16,13019,False,sacked,PFR+RULE2PT+SCORE0,19601030-GNB-PIT,True,,True,True,,,0
Bobby Layne,1960,7,1960-11-06,False,PIT,PHI,A,L,7,34,2,16,23,0,2,0.0,,1,0,0,0,0,0,0,0,0,-2.08,-2.08,13019,False,sacked,PFR+RULE2PT+SCORE0,19601106-PIT-PHI,True,,True,True,,,0
Bobby Layne,1960,8,1960-11-13,False,PIT,NYG,A,L,24,27,9,22,169,1,2,45.5,,2,1,1,0,0,0,0,0,0,18.86,18.86,13019,False,sacked,PFR+RULE2PT+SCORE0,19601113-PIT-NYG,True,,True,True,,,0
Bobby Layne,1960,9,1960-11-20,False,PIT,CLE,H,W,14,10,10,23,174,0,2,33.6,,1,-5,0,0,0,0,0,0,0,4.46,4.46,13019,False,sacked,PFR+RULE2PT+SCORE0,19601120-CLE-PIT,True,,True,True,,,0
Bobby Layne,1960,10,1960-11-27,False,PIT,WAS,H,W,22,10,9,24,159,0,2,26.2,,0,0,0,0,0,0,0,0,0,9.36,9.36,13019,False,sacked,PFR+RULE2PT+SCORE0,19601127-WAS-PIT,True,,True,True,,,0
Bobby Layne,1960,11,1960-12-11,False,PIT,PHI,H,W,27,21,12,18,163,1,3,74.3,,3,5,1,0,0,0,0,0,0,14.02,14.02,13019,False,sacked,PFR+RULE2PT+SCORE0,19601211-PHI-PIT,True,,True,True,,,0
Bobby Layne,1960,12,1960-12-18,False,PIT,STL,A,L,7,38,4,8,92,1,0,131.2,,0,0,0,0,0,0,0,0,0,8.68,8.68,13019,False,sacked,PFR+RULE2PT+SCORE0,19601218-PIT-STL,True,,True,True,,,0
Bobby Layne,1961,1,1961-09-17,False,PIT,DAL,A,L,24,27,16,25,252,1,3,71.2,,2,5,0,0,0,0,0,0,,11.58,11.58,13019,False,sacked;fum_rec_td,PFR+RULE2PT,19610917-PIT-DAL,False,fum_rec_td,False,True,fum_rec_td,,6
Bobby Layne,1961,2,1961-09-24,False,PIT,NYG,H,L,14,17,7,19,111,1,2,35.1,,1,3,0,0,0,0,0,0,0,4.74,4.74,13019,False,sacked,PFR+RULE2PT+SCORE0,19610924-NYG-PIT,True,,True,True,,,0
Bobby Layne,1961,3,1961-10-01,False,PIT,RAM,A,L,14,24,1,5,11,0,2,0.0,,0,0,0,0,0,0,0,0,0,-1.56,-1.56,13019,False,sacked,PFR+RULE2PT+SCORE0,19611001-PIT-RAM,True,,True,True,,,0
Bobby Layne,1961,4,1961-10-08,False,PIT,PHI,A,L,16,21,0,0,0,0,0,0,,0,0,0,0,0,0,0,0,0,0.0,0.0,13019,False,sacked,PFR+RULE2PT+SCORE0,19611008-PIT-PHI,True,,True,True,,,0
Bobby Layne,1961,5,1961-10-15,False,PIT,WAS,H,W,20,0,0,0,0,0,0,0,,0,0,0,0,0,0,0,0,0,0.0,0.0,13019,False,sacked,PFR+RULE2PT+SCORE0,19611015-WAS-PIT,True,,True,True,,,0
Bobby Layne,1961,6,1961-10-22,False,PIT,CLE,H,L,28,30,0,0,0,0,0,0,,0,0,0,0,0,0,0,0,0,0.0,0.0,13019,False,sacked,PFR+RULE2PT+SCORE0,19611022-CLE-PIT,True,,True,True,,,0
Bobby Layne,1961,7,1961-10-29,False,PIT,SFO,H,W,20,10,0,0,0,0,0,0,,0,0,0,0,0,0,0,0,0,0.0,0.0,13019,False,sacked,PFR+RULE2PT+SCORE0,19611029-SFO-PIT,True,,True,True,,,0
Bobby Layne,1961,8,1961-11-05,False,PIT,CLE,A,W,17,13,0,0,0,0,0,0,,0,0,0,0,0,0,0,0,0,0.0,0.0,13019,False,sacked,PFR+RULE2PT+SCORE0,19611105-PIT-CLE,True,,True,True,,,0
Bobby Layne,1961,9,1961-11-12,False,PIT,DAL,H,W,37,7,0,0,0,0,0,0,,0,0,0,0,0,0,0,0,,0.0,0.0,13019,False,sacked;fum_rec_td,PFR+RULE2PT,19611112-DAL-PIT,False,fum_rec_td,False,True,fum_rec_td,,6
Bobby Layne,1961,10,1961-11-19,False,PIT,NYG,A,L,21,42,6,8,100,1,0,156.2,,0,0,0,0,0,0,0,0,0,8.0,8.0,13019,False,sacked,PFR+RULE2PT+SCORE0,19611119-PIT-NYG,True,,True,True,,,0
Bobby Layne,1961,11,1961-11-26,False,PIT,STL,H,W,30,27,10,25,187,1,4,40.3,,1,1,0,0,0,0,0,0,0,3.58,3.58,13019,False,sacked,PFR+RULE2PT+SCORE0,19611126-STL-PIT,True,,True,True,,,0
Bobby Layne,1961,12,1961-12-03,False,PIT,PHI,H,L,24,35,13,29,179,3,3,60.1,,3,1,0,0,0,0,0,0,0,13.26,13.26,13019,False,sacked,PFR+RULE2PT+SCORE0,19611203-PHI-PIT,True,,True,True,,,0
Bobby Layne,1961,13,1961-12-10,False,PIT,WAS,A,W,30,14,13,19,226,4,0,148.2,,0,0,0,0,0,0,0,0,0,25.04,25.04,13019,False,sacked,PFR+RULE2PT+SCORE0,19611210-PIT-WAS,True,,True,True,,,0
Bobby Layne,1961,14,1961-12-17,False,PIT,STL,A,L,0,20,9,19,139,0,2,32.5,,1,1,0,0,0,0,0,0,0,1.66,1.66,13019,False,sacked,PFR+RULE2PT+SCORE0,19611217-PIT-STL,True,,True,True,,,0
Bobby Layne,1962,1,1962-09-16,False,PIT,DET,A,L,7,45,5,10,76,0,0,75.4,,1,6,0,0,0,0,0,0,0,3.64,3.64,13019,False,sacked,PFR+RULE2PT+SCORE0,19620916-PIT-DET,True,,True,True,,,0
Bobby Layne,1962,2,1962-09-23,False,PIT,DAL,A,W,30,28,10,24,144,2,1,72.2,,0,0,0,0,0,0,0,0,0,11.76,11.76,13019,False,sacked,PFR+RULE2PT+SCORE2,19620923-PIT-DAL,True,,True,True,,,2
Bobby Layne,1962,3,1962-09-30,False,PIT,NYG,H,L,27,31,12,23,166,1,2,53.9,,3,1,0,0,0,0,0,0,0,6.74,6.74,13019,False,sacked,PFR+RULE2PT+SCORE0,19620930-NYG-PIT,True,,True,True,,,0
Bobby Layne,1962,4,1962-10-06,False,PIT,PHI,H,W,13,7,11,18,132,0,2,44.0,,1,0,0,0,0,0,0,0,,1.28,1.28,13019,False,sacked;fum_rec_td,PFR+RULE2PT,19621006-PHI-PIT,False,fum_rec_td,False,True,fum_rec_td,,6
Bobby Layne,1962,5,1962-10-14,False,PIT,NYG,A,W,20,17,5,10,72,1,0,107.1,,4,5,1,0,0,0,0,0,0,13.38,13.38,13019,False,sacked,PFR+RULE2PT+SCORE0,19621014-PIT-NYG,True,,True,True,,,0
Bobby Layne,1962,6,1962-10-21,False,PIT,DAL,H,L,27,42,15,30,266,2,2,75.1,,1,-7,0,0,0,0,0,0,0,13.94,13.94,13019,False,sacked,PFR+RULE2PT+SCORE0,19621021-DAL-PIT,True,,True,True,,,0
Bobby Layne,1962,7,1962-10-28,False,PIT,CLE,H,L,14,41,3,9,44,0,1,10.6,,0,0,0,0,0,0,0,0,0,-0.24,-0.24,13019,False,sacked,PFR+RULE2PT+SCORE0,19621028-CLE-PIT,True,,True,True,,,0
Bobby Layne,1962,8,1962-11-04,False,PIT,MIN,H,W,39,31,16,28,254,0,1,72.6,,2,28,0,0,0,0,0,0,0,10.96,10.96,13019,False,sacked,PFR+RULE2PT+SCORE2,19621104-MIN-PIT,True,,True,True,,,2
Bobby Layne,1962,9,1962-11-11,False,PIT,STL,A,W,26,17,8,14,79,1,0,97.0,,1,-4,0,0,0,0,0,0,0,6.76,6.76,13019,False,sacked,PFR+RULE2PT+SCORE0,19621111-PIT-STL,True,,True,True,,,0
Bobby Layne,1962,10,1962-11-18,False,PIT,WAS,H,W,23,21,8,23,87,0,3,7.2,,2,-4,0,0,0,0,0,0,0,-2.92,-2.92,13019,False,sacked,PFR+RULE2PT+SCORE0,19621118-WAS-PIT,True,,True,True,,,0
Bobby Layne,1962,11,1962-11-25,False,PIT,CLE,A,L,14,35,13,23,155,0,1,59.1,,0,0,0,0,0,0,0,0,0,4.2,4.2,13019,False,sacked,PFR+RULE2PT+SCORE0,19621125-PIT-CLE,True,,True,True,,,0
Bobby Layne,1962,13,1962-12-09,False,PIT,PHI,A,W,26,17,2,4,10,0,2,16.7,,0,0,0,0,0,0,0,0,0,-3.6,-3.6,13019,False,sacked,PFR+RULE2PT+SCORE0,19621209-PIT-PHI,True,,True,True,,,0
Bobby Layne,1962,14,1962-12-16,False,PIT,WAS,A,W,27,24,8,17,201,2,2,90.2,,0,0,0,0,0,0,0,0,0,12.04,12.04,13019,False,sacked,PFR+RULE2PT+SCORE0,19621216-PIT-WAS,True,,True,True,,,0
Norm Van Brocklin,1960,1,1960-09-25,False,PHI,CLE,H,L,24,41,16,30,251,2,3,64.0,,1,0,0,0,0,0,0,0,0,12.04,12.04,22801,False,sacked,PFR+RULE2PT+SCORE0,19600925-CLE-PHI,True,,True,True,,,0
Norm Van Brocklin,1960,2,1960-09-30,False,PHI,DAL,A,W,27,25,11,23,139,1,3,42.0,,0,0,0,0,0,0,0,0,0,3.56,3.56,22801,False,sacked,PFR+RULE2PT+SCORE0,19600930-PHI-DAL,True,,True,True,,,0
Norm Van Brocklin,1960,3,1960-10-09,False,PHI,STL,H,W,31,27,17,23,199,3,1,121.2,,2,-2,0,0,0,0,0,0,0,17.76,17.76,22801,False,sacked,PFR+RULE2PT+SCORE0,19601009-STL-PHI,True,,True,True,,,0
Norm Van Brocklin,1960,4,1960-10-16,False,PHI,DET,H,W,28,10,9,19,193,2,2,79.4,,0,0,0,0,0,0,0,0,0,11.72,11.72,22801,False,sacked,PFR+RULE2PT+SCORE0,19601016-DET-PHI,True,,True,True,,,0
Norm Van Brocklin,1960,5,1960-10-23,False,PHI,CLE,A,W,31,29,17,26,292,3,1,125.8,,1,1,0,0,0,0,0,0,0,21.78,21.78,22801,False,sacked,PFR+RULE2PT+SCORE0,19601023-PHI-CLE,True,,True,True,,,0
Norm Van Brocklin,1960,6,1960-11-06,False,PHI,PIT,H,W,34,7,19,30,295,3,0,129.2,,1,1,0,0,0,0,0,0,0,23.9,23.9,22801,False,sacked,PFR+RULE2PT+SCORE0,19601106-PIT-PHI,True,,True,True,,,0
Norm Van Brocklin,1960,7,1960-11-13,False,PHI,WAS,H,W,19,13,9,24,182,2,3,53.1,,1,-1,0,0,0,0,0,0,0,9.18,9.18,22801,False,sacked,PFR+RULE2PT+SCORE0,19601113-WAS-PHI,True,,True,True,,,0
Norm Van Brocklin,1960,8,1960-11-20,False,PHI,NYG,A,W,17,10,13,24,236,1,0,102.1,,1,0,0,0,0,0,0,0,,13.44,13.44,22801,False,sacked;fum_rec_td,PFR+RULE2PT,19601120-PHI-NYG,False,fum_rec_td,False,True,fum_rec_td,,6
Norm Van Brocklin,1960,9,1960-11-27,False,PHI,NYG,H,W,31,23,13,23,147,3,3,75.8,,1,1,0,0,0,0,0,0,,11.98,11.98,22801,False,sacked;fum_rec_td,PFR+RULE2PT,19601127-NYG-PHI,False,fum_rec_td,False,True,fum_rec_td,,6
Norm Van Brocklin,1960,10,1960-12-04,False,PHI,STL,A,W,20,6,13,27,251,2,1,90.2,,1,-3,0,0,0,0,0,0,0,15.74,15.74,22801,False,sacked,PFR+RULE2PT+SCORE0,19601204-PHI-STL,True,,True,True,,,0
Norm Van Brocklin,1960,11,1960-12-11,False,PHI,PIT,A,L,21,27,8,20,96,0,0,55.4,,1,-1,0,0,0,0,0,0,0,3.74,3.74,22801,False,sacked,PFR+RULE2PT+SCORE0,19601211-PHI-PIT,True,,True,True,,,0
Norm Van Brocklin,1960,12,1960-12-18,False,PHI,WAS,A,W,38,28,8,15,190,2,0,138.2,,1,-9,0,0,0,0,0,0,0,14.7,14.7,22801,False,sacked,PFR+RULE2PT+SCORE0,19601218-PHI-WAS,True,,True,True,,,0
Norm Van Brocklin,1960,15,1960-12-26,True,PHI,GNB,H,W,17,13,9,20,204,1,1,77.9,,2,3,0,0,0,0,0,0,0,10.46,10.46,22801,False,sacked,PFR+RULE2PT+SCORE0,19601226-GNB-PHI,True,,True,True,,,0
Y.A. Tittle,1960,1,1960-09-25,False,SFO,NYG,H,L,19,21,21,34,233,1,0,91.9,,2,48,0,0,0,0,0,0,0,18.12,18.12,22343,False,sacked,PFR+RULE2PT+SCORE2,19600925-NYG-SFO,True,,True,True,,,2
Y.A. Tittle,1960,2,1960-10-02,False,SFO,RAM,H,W,13,9,12,23,161,1,1,71.1,,5,14,0,0,0,0,0,0,0,9.84,9.84,22343,False,sacked,PFR+RULE2PT+SCORE0,19601002-RAM-SFO,True,,True,True,,,0
Y.A. Tittle,1960,3,1960-10-09,False,SFO,DET,A,W,14,10,10,21,106,0,1,43.0,,2,-2,0,0,0,0,0,0,0,2.04,2.04,22343,False,sacked,PFR+RULE2PT+SCORE0,19601009-SFO-DET,True,,True,True,,,0
Y.A. Tittle,1960,4,1960-10-16,False,SFO,CHI,A,L,10,27,2,5,8,0,0,47.9,,0,0,0,0,0,0,0,0,0,0.32,0.32,22343,False,sacked,PFR+RULE2PT+SCORE0,19601016-SFO-CHI,True,,True,True,,,0
Y.A. Tittle,1960,5,1960-10-23,False,SFO,GNB,A,L,14,41,15,24,108,2,0,100.7,,0,0,0,0,0,0,0,0,0,12.32,12.32,22343,False,sacked,PFR+RULE2PT+SCORE0,19601023-SFO-GNB,True,,True,True,,,0
Y.A. Tittle,1960,6,1960-10-30,False,SFO,CHI,H,W,25,7,4,8,43,0,0,66.1,,1,1,0,0,0,0,0,0,0,1.82,1.82,22343,False,sacked,PFR+RULE2PT+SCORE2,19601030-CHI-SFO,True,,True,True,,,2
Y.A. Tittle,1960,8,1960-11-20,False,SFO,DAL,A,W,26,14,2,4,23,0,0,67.7,,0,0,0,0,0,0,0,0,0,0.92,0.92,22343,False,sacked,PFR+RULE2PT+SCORE0,19601120-SFO-DAL,True,,True,True,,,0
Y.A. Tittle,1960,9,1960-11-27,False,SFO,BAL,A,W,30,22,1,2,19,0,0,83.3,,0,0,0,0,0,0,0,0,0,0.76,0.76,22343,False,sacked,PFR+RULE2PT+SCORE0,19601127-SFO-BAL,True,,True,True,,,0
Y.A. Tittle,1960,11,1960-12-10,False,SFO,GNB,H,L,0,13,2,6,-7,0,1,2.8,,0,0,0,0,0,0,0,0,0,-2.28,-2.28,22343,False,sacked,PFR+RULE2PT+SCORE0,19601210-GNB-SFO,True,,True,True,,,0
Y.A. Tittle,1961,2,1961-09-24,False,NYG,PIT,A,W,17,14,10,12,123,1,0,137.2,,2,-3,0,0,0,0,0,0,0,8.62,8.62,22343,False,sacked,PFR+RULE2PT+SCORE0,19610924-NYG-PIT,True,,True,True,,,0
Y.A. Tittle,1961,3,1961-10-01,False,NYG,WAS,A,W,24,21,24,41,315,1,2,70.7,,4,1,1,0,0,0,0,0,0,18.7,18.7,22343,False,sacked,PFR+RULE2PT+SCORE0,19611001-NYG-WAS,True,,True,True,,,0
Y.A. Tittle,1961,4,1961-10-08,False,NYG,STL,A,W,24,9,11,18,105,1,0,95.8,,0,0,0,0,0,0,0,0,,8.2,8.2,22343,False,sacked;fum_rec_td,PFR+RULE2PT,19611008-NYG-STL,False,fum_rec_td,False,True,fum_rec_td,,6
Y.A. Tittle,1961,5,1961-10-15,False,NYG,DAL,A,W,31,10,9,24,117,2,4,41.8,,1,15,0,0,0,0,0,0,,6.18,6.18,22343,False,sacked;fum_rec_td,PFR+RULE2PT,19611015-NYG-DAL,False,fum_rec_td,False,True,fum_rec_td,,6
Y.A. Tittle,1961,6,1961-10-22,False,NYG,RAM,H,W,24,14,6,18,87,1,1,45.4,,0,0,0,0,0,0,0,0,0,5.48,5.48,22343,False,sacked,PFR+RULE2PT+SCORE0,19611022-RAM-NYG,True,,True,True,,,0
Y.A. Tittle,1961,7,1961-10-29,False,NYG,DAL,H,L,16,17,4,13,69,0,2,10.3,,1,-6,0,0,0,0,0,0,0,-1.84,-1.84,22343,False,sacked,PFR+RULE2PT+SCORE0,19611029-DAL-NYG,True,,True,True,,,0
Y.A. Tittle,1961,8,1961-11-05,False,NYG,WAS,H,W,53,0,15,28,192,3,2,81.3,,3,34,0,0,0,0,0,0,,19.08,19.08,22343,False,sacked;fum_rec_td,PFR+RULE2PT,19611105-WAS-NYG,False,fum_rec_td,False,True,fum_rec_td,,10
Y.A. Tittle,1961,9,1961-11-12,False,NYG,PHI,H,W,38,21,18,24,307,3,0,156.2,,2,22,0,0,0,0,0,0,,26.48,26.48,22343,False,sacked;fum_rec_td,PFR+RULE2PT,19611112-PHI-NYG,False,fum_rec_td,False,True,fum_rec_td,,6
Y.A. Tittle,1961,10,1961-11-19,False,NYG,PIT,H,W,42,21,19,28,314,3,0,141.1,,4,7,0,0,0,0,0,0,0,25.26,25.26,22343,False,sacked,PFR+RULE2PT+SCORE0,19611119-PIT-NYG,True,,True,True,,,0
Y.A. Tittle,1961,11,1961-11-26,False,NYG,CLE,A,W,37,21,17,26,233,0,1,77.9,,4,4,1,0,0,0,0,0,,13.72,13.72,22343,False,sacked;fum_rec_td,PFR+RULE2PT,19611126-NYG-CLE,False,fum_rec_td,False,True,fum_rec_td,,6
Y.A. Tittle,1961,12,1961-12-03,False,NYG,GNB,A,L,17,20,13,22,212,0,0,91.5,,1,1,1,0,0,0,0,0,0,14.58,14.58,22343,False,sacked,PFR+RULE2PT+SCORE0,19611203-NYG-GNB,True,,True,True,,,0
Y.A. Tittle,1961,13,1961-12-10,False,NYG,PHI,A,W,28,24,7,12,82,1,0,106.9,,2,16,0,0,0,0,0,0,0,8.88,8.88,22343,False,sacked,PFR+RULE2PT+SCORE0,19611210-NYG-PHI,True,,True,True,,,0
Y.A. Tittle,1961,14,1961-12-17,False,NYG,CLE,H,T,7,7,10,19,116,1,0,88.9,,1,-6,0,0,0,0,0,0,0,8.04,8.04,22343,False,sacked,PFR+RULE2PT+SCORE0,19611217-CLE-NYG,True,,True,True,,,0
Y.A. Tittle,1961,15,1961-12-31,True,NYG,GNB,A,L,0,37,6,20,65,0,4,1.0,,1,-4,0,0,0,0,0,0,0,-5.8,-5.8,22343,False,sacked,PFR+RULE2PT+SCORE0,19611231-NYG-GNB,True,,True,True,,,0
Y.A. Tittle,1962,1,1962-09-16,False,NYG,CLE,A,L,7,17,16,27,198,0,3,42.4,,1,7,0,0,0,0,0,0,0,2.62,2.62,22343,False,sacked,PFR+RULE2PT+SCORE0,19620916-NYG-CLE,True,,True,True,,,0
Y.A. Tittle,1962,2,1962-09-23,False,NYG,PHI,A,W,29,13,15,26,285,2,2,89.4,,0,0,0,0,0,0,0,0,,15.4,15.4,22343,False,sacked;fum_rec_td,PFR+RULE2PT,19620923-NYG-PHI,False,fum_rec_td,False,True,fum_rec_td,,6
Y.A. Tittle,1962,3,1962-09-30,False,NYG,PIT,A,W,31,27,17,29,332,4,1,123.9,,3,-9,0,0,0,0,0,0,0,26.38,26.38,22343,False,sacked,PFR+RULE2PT+SCORE0,19620930-NYG-PIT,True,,True,True,,,0
Y.A. Tittle,1962,4,1962-10-07,False,NYG,STL,A,W,31,14,16,26,190,1,1,80.6,,1,21,1,0,0,0,0,0,,17.7,17.7,22343,False,sacked;fum_rec_td,PFR+RULE2PT,19621007-NYG-STL,False,fum_rec_td,False,True,fum_rec_td,,6
Y.A. Tittle,1962,5,1962-10-14,False,NYG,PIT,H,L,17,20,18,39,204,2,2,58.1,,0,0,0,0,0,0,0,0,0,12.16,12.16,22343,False,sacked,PFR+RULE2PT+SCORE0,19621014-PIT-NYG,True,,True,True,,,0
Y.A. Tittle,1962,6,1962-10-21,False,NYG,DET,H,W,17,14,9,16,130,0,1,56.8,,2,7,1,0,0,0,0,0,0,9.9,9.9,22343,False,sacked,PFR+RULE2PT+SCORE0,19621021-DET-NYG,True,,True,True,,,0
Y.A. Tittle,1962,7,1962-10-28,False,NYG,WAS,H,W,49,34,27,39,505,7,0,151.4,,1,1,0,0,0,0,0,0,0,48.3,48.3,22343,False,sacked,PFR+RULE2PT+SCORE0,19621028-WAS-NYG,True,,True,True,,,0
Y.A. Tittle,1962,8,1962-11-04,False,NYG,STL,H,W,31,28,8,31,172,3,1,69.0,,2,21,0,0,0,0,0,0,0,18.98,18.98,22343,False,sacked,PFR+RULE2PT+SCORE0,19621104-STL-NYG,True,,True,True,,,0
Y.A. Tittle,1962,9,1962-11-11,False,NYG,DAL,A,W,41,10,20,29,315,3,1,124.9,,0,0,0,0,0,0,0,0,0,22.6,22.6,22343,False,sacked,PFR+RULE2PT+SCORE0,19621111-NYG-DAL,True,,True,True,,,0
Y.A. Tittle,1962,10,1962-11-18,False,NYG,PHI,H,W,19,14,8,19,92,0,3,17.8,,2,10,0,0,0,0,0,0,0,-1.32,-1.32,22343,False,sacked,PFR+RULE2PT+SCORE0,19621118-PHI-NYG,True,,True,True,,,0
Y.A. Tittle,1962,11,1962-11-25,False,NYG,WAS,A,W,42,24,12,21,256,3,2,100.5,,1,10,0,0,0,0,0,0,0,19.24,19.24,22343,False,sacked,PFR+RULE2PT+SCORE0,19621125-NYG-WAS,True,,True,True,,,0
Y.A. Tittle,1962,12,1962-12-02,False,NYG,CHI,A,W,26,24,12,29,192,2,1,72.8,,2,10,0,0,0,0,0,0,0,14.68,14.68,22343,False,sacked,PFR+RULE2PT+SCORE0,19621202-NYG-CHI,True,,True,True,,,0
Y.A. Tittle,1962,13,1962-12-09,False,NYG,CLE,H,W,17,13,1,2,12,0,0,68.7,,1,10,0,0,0,0,0,0,0,1.48,1.48,22343,False,sacked,PFR+RULE2PT+SCORE0,19621209-CLE-NYG,True,,True,True,,,0
Y.A. Tittle,1962,14,1962-12-16,False,NYG,DAL,H,W,41,31,21,42,341,6,2,97.3,,1,20,0,0,0,0,0,0,0,35.64,35.64,22343,False,sacked,PFR+RULE2PT+SCORE0,19621216-DAL-NYG,True,,True,True,,,0
Y.A. Tittle,1962,15,1962-12-30,True,NYG,GNB,H,L,7,16,18,41,197,0,1,48.5,,0,0,0,0,0,0,0,0,,5.88,5.88,22343,False,sacked;fum_rec_td,PFR+RULE2PT,19621230-GNB-NYG,False,fum_rec_td,False,True,fum_rec_td,,6
Y.A. Tittle,1963,1,1963-09-15,False,NYG,BAL,A,W,37,28,16,23,243,3,0,143.7,,5,24,1,0,0,0,0,0,0,30.12,30.12,22343,False,sacked,PFR+RULE2PT+SCORE0,19630915-NYG-BAL,True,,True,True,,,0
Y.A. Tittle,1963,3,1963-09-29,False,NYG,PHI,A,W,37,14,15,25,185,3,0,122.5,,0,0,0,0,0,0,0,0,0,19.4,19.4,22343,False,sacked,PFR+RULE2PT+SCORE0,19630929-NYG-PHI,True,,True,True,,,0
Y.A. Tittle,1963,4,1963-10-06,False,NYG,WAS,A,W,24,14,19,34,324,3,1,105.5,,0,0,0,0,0,0,0,0,0,22.96,22.96,22343,False,sacked,PFR+RULE2PT+SCORE0,19631006-NYG-WAS,True,,True,True,,,0
Y.A. Tittle,1963,5,1963-10-13,False,NYG,CLE,H,L,24,35,17,31,178,1,0,82.5,,1,7,0,0,0,0,0,0,,11.82,11.82,22343,False,sacked;fum_rec_td,PFR+RULE2PT,19631013-CLE-NYG,False,fum_rec_td,False,True,fum_rec_td,,6
Y.A. Tittle,1963,6,1963-10-20,False,NYG,DAL,H,W,37,21,19,32,279,4,0,127.5,,4,19,0,0,0,0,0,0,,29.06,29.06,22343,False,sacked;fum_rec_td,PFR+RULE2PT,19631020-DAL-NYG,False,fum_rec_td,False,True,fum_rec_td,,6
Y.A. Tittle,1963,7,1963-10-27,False,NYG,CLE,A,W,33,6,21,31,214,2,1,95.4,,0,0,0,0,0,0,0,0,0,14.56,14.56,22343,False,sacked,PFR+RULE2PT+SCORE0,19631027-NYG-CLE,True,,True,True,,,0
Y.A. Tittle,1963,8,1963-11-03,False,NYG,STL,A,W,38,21,17,28,295,4,1,121.3,,1,-1,0,0,0,0,0,0,0,25.7,25.7,22343,False,sacked,PFR+RULE2PT+SCORE0,19631103-NYG-STL,True,,True,True,,,0
Y.A. Tittle,1963,9,1963-11-10,False,NYG,PHI,H,W,42,14,16,20,261,3,0,158.3,,1,2,0,0,0,0,0,0,0,22.64,22.64,22343,False,sacked,PFR+RULE2PT+SCORE0,19631110-PHI-NYG,True,,True,True,,,0
Y.A. Tittle,1963,10,1963-11-17,False,NYG,SFO,H,W,48,14,16,31,284,4,1,109.4,,0,0,0,0,0,0,0,0,0,25.36,25.36,22343,False,sacked,PFR+RULE2PT+SCORE0,19631117-SFO-NYG,True,,True,True,,,0
Y.A. Tittle,1963,11,1963-11-24,False,NYG,STL,H,L,17,24,22,38,213,2,2,69.3,,4,45,0,0,0,0,0,0,0,17.02,17.02,22343,False,sacked,PFR+RULE2PT+SCORE0,19631124-STL-NYG,True,,True,True,,,0
Y.A. Tittle,1963,12,1963-12-01,False,NYG,DAL,A,W,34,27,16,26,220,2,3,74.7,,2,3,1,0,0,0,0,0,,17.1,17.1,22343,False,sacked;fum_rec_td,PFR+RULE2PT,19631201-NYG-DAL,False,fum_rec_td,False,True,fum_rec_td,,6
Y.A. Tittle,1963,13,1963-12-08,False,NYG,WAS,H,W,44,14,10,22,141,2,4,57.4,,0,0,0,0,0,0,0,0,,5.64,5.64,22343,False,sacked;fum_rec_td,PFR+RULE2PT,19631208-WAS-NYG,False,fum_rec_td,False,True,fum_rec_td,,18
Y.A. Tittle,1963,14,1963-12-15,False,NYG,PIT,H,W,33,17,17,26,308,3,1,128.4,,0,0,0,0,0,0,0,0,0,22.32,22.32,22343,False,sacked,PFR+RULE2PT+SCORE0,19631215-PIT-NYG,True,,True,True,,,0
Y.A. Tittle,1963,15,1963-12-29,True,NYG,CHI,A,L,10,14,11,29,147,1,5,26.7,,1,2,0,0,0,0,0,0,0,0.08,0.08,22343,False,sacked,PFR+RULE2PT+SCORE0,19631229-NYG-CHI,True,,True,True,,,0
Y.A. Tittle,1964,1,1964-09-13,False,NYG,PHI,A,L,7,38,13,25,122,1,2,45.7,,2,-6,0,0,0,0,0,0,0,4.28,4.28,22343,False,sacked,PFR+RULE2PT+SCORE0,19640913-NYG-PHI,True,,True,True,,,0
Y.A. Tittle,1964,2,1964-09-20,False,NYG,PIT,A,L,24,27,7,16,132,0,1,46.9,,0,0,0,0,0,0,0,0,,3.28,3.28,22343,False,sacked;fum_rec_td,PFR+RULE2PT,19640920-NYG-PIT,False,fum_rec_td,False,True,fum_rec_td,,6
Y.A. Tittle,1964,3,1964-09-25,False,NYG,WAS,H,W,13,10,12,22,150,0,1,57.0,,1,-7,0,0,0,0,0,0,0,3.3,3.3,22343,False,sacked,PFR+RULE2PT+SCORE0,19640925-WAS-NYG,True,,True,True,,,0
Y.A. Tittle,1964,4,1964-10-04,False,NYG,DET,A,L,3,26,11,24,122,0,3,21.9,,0,0,0,0,0,0,0,0,0,-1.12,-1.12,22343,False,sacked,PFR+RULE2PT+SCORE0,19641004-NYG-DET,True,,True,True,,,0
Y.A. Tittle,1964,5,1964-10-11,False,NYG,DAL,A,T,13,13,6,18,66,1,2,24.1,,0,0,0,0,0,0,0,0,0,2.64,2.64,22343,False,sacked,PFR+RULE2PT+SCORE0,19641011-NYG-DAL,True,,True,True,,,0
Y.A. Tittle,1964,6,1964-10-18,False,NYG,PHI,H,L,17,23,14,27,147,0,1,52.5,,3,0,0,0,0,0,0,0,0,3.88,3.88,22343,False,sacked,PFR+RULE2PT+SCORE0,19641018-PHI-NYG,True,,True,True,,,0
Y.A. Tittle,1964,7,1964-10-25,False,NYG,CLE,A,L,20,42,19,31,177,0,3,37.4,,2,14,1,0,0,0,0,0,0,8.48,8.48,22343,False,sacked,PFR+RULE2PT+SCORE0,19641025-NYG-CLE,True,,True,True,,,0
Y.A. Tittle,1964,8,1964-11-01,False,NYG,STL,H,W,34,17,19,33,285,4,1,113.0,,2,-2,0,0,0,0,0,0,0,25.2,25.2,22343,False,sacked,PFR+RULE2PT+SCORE0,19641101-STL-NYG,True,,True,True,,,0
Y.A. Tittle,1964,9,1964-11-08,False,NYG,DAL,H,L,21,31,14,31,215,2,2,63.2,,2,-5,0,0,0,0,0,0,,12.1,12.1,22343,False,sacked;fum_rec_td,PFR+RULE2PT,19641108-DAL-NYG,False,fum_rec_td,False,True,fum_rec_td,,1
Y.A. Tittle,1964,10,1964-11-15,False,NYG,STL,A,T,10,10,10,16,131,1,2,69.5,,1,-2,0,0,0,0,0,0,0,5.04,5.04,22343,False,sacked,PFR+RULE2PT+SCORE0,19641115-NYG-STL,True,,True,True,,,0
Y.A. Tittle,1964,11,1964-11-22,False,NYG,PIT,H,L,17,44,8,14,116,0,0,84.2,,0,0,0,0,0,0,0,0,,4.64,4.64,22343,False,sacked;fum_rec_td,PFR+RULE2PT,19641122-PIT-NYG,False,fum_rec_td,False,True,fum_rec_td,,6
Y.A. Tittle,1964,12,1964-11-29,False,NYG,WAS,A,L,21,36,4,8,42,0,2,26.0,,1,-2,0,0,0,0,0,0,0,-2.52,-2.52,22343,False,sacked,PFR+RULE2PT+SCORE0,19641129-NYG-WAS,True,,True,True,,,0
Y.A. Tittle,1964,13,1964-12-06,False,NYG,MIN,H,L,21,30,0,1,0,0,0,39.6,,0,0,0,0,0,0,0,0,0,0.0,0.0,22343,False,sacked,PFR+RULE2PT+SCORE0,19641206-MIN-NYG,True,,True,True,,,0
Y.A. Tittle,1964,14,1964-12-12,False,NYG,CLE,H,L,20,52,10,15,93,1,2,66.1,,1,3,0,0,0,0,0,0,0,4.02,4.02,22343,False,sacked,PFR+RULE2PT+SCORE0,19641212-CLE-NYG,True,,True,True,,,0
Johnny Unitas,1960,1,1960-09-25,False,BAL,WAS,H,W,20,0,17,35,232,1,1,67.8,,1,-3,0,0,0,0,0,0,0,10.98,10.98,22749,False,sacked,PFR+RULE2PT+SCORE0,19600925-WAS-BAL,True,,True,True,,,0
Johnny Unitas,1960,2,1960-10-02,False,BAL,CHI,H,W,42,7,14,27,307,4,0,132.3,,1,5,0,0,0,0,0,0,0,28.78,28.78,22749,False,sacked,PFR+RULE2PT+SCORE0,19601002-CHI-BAL,True,,True,True,,,0
Johnny Unitas,1960,3,1960-10-09,False,BAL,GNB,A,L,21,35,16,31,216,1,4,45.3,,6,85,0,0,0,0,0,0,0,13.14,13.14,22749,False,sacked,PFR+RULE2PT+SCORE0,19601009-BAL-GNB,True,,True,True,,,0
Johnny Unitas,1960,4,1960-10-16,False,BAL,RAM,H,W,31,17,12,23,176,1,2,55.7,,2,11,0,0,0,0,0,0,0,8.14,8.14,22749,False,sacked,PFR+RULE2PT+SCORE0,19601016-RAM-BAL,True,,True,True,,,0
Johnny Unitas,1960,5,1960-10-23,False,BAL,DET,A,L,17,30,20,40,253,2,2,65.9,,4,20,0,0,0,0,0,0,0,16.12,16.12,22749,False,sacked,PFR+RULE2PT+SCORE0,19601023-BAL-DET,True,,True,True,,,0
Johnny Unitas,1960,6,1960-10-30,False,BAL,DAL,A,W,45,7,8,16,270,4,0,135.4,,1,17,0,0,0,0,0,0,0,28.5,28.5,22749,False,sacked,PFR+RULE2PT+SCORE0,19601030-BAL-DAL,True,,True,True,,,0
Johnny Unitas,1960,7,1960-11-06,False,BAL,GNB,H,W,38,24,20,29,324,4,1,131.3,,5,28,0,0,0,0,0,0,0,29.76,29.76,22749,False,sacked,PFR+RULE2PT+SCORE0,19601106-GNB-BAL,True,,True,True,,,0
Johnny Unitas,1960,8,1960-11-13,False,BAL,CHI,A,W,24,20,16,33,266,2,2,71.0,,6,6,0,0,0,0,0,0,0,15.24,15.24,22749,False,sacked,PFR+RULE2PT+SCORE0,19601113-BAL-CHI,True,,True,True,,,0
Johnny Unitas,1960,9,1960-11-27,False,BAL,SFO,H,L,22,30,16,30,356,3,5,89.7,,3,3,0,0,0,0,0,0,0,16.54,16.54,22749,False,sacked,PFR+RULE2PT+SCORE2,19601127-SFO-BAL,True,,True,True,,,2
Johnny Unitas,1960,10,1960-12-04,False,BAL,DET,H,L,15,20,22,40,357,2,3,70.5,,1,0,0,0,0,0,0,0,0,16.28,16.28,22749,False,sacked,PFR+RULE2PT+SCORE2,19601204-DET-BAL,True,,True,True,,,2
Johnny Unitas,1960,11,1960-12-11,False,BAL,RAM,A,L,3,10,17,38,182,0,1,48.4,,3,11,0,0,0,0,0,0,0,6.38,6.38,22749,False,sacked,PFR+RULE2PT+SCORE0,19601211-BAL-RAM,True,,True,True,,,0
Johnny Unitas,1960,12,1960-12-18,False,BAL,SFO,A,L,10,34,12,36,160,1,3,22.9,,3,12,0,0,0,0,0,0,0,5.6,5.6,22749,False,sacked,PFR+RULE2PT+SCORE0,19601218-BAL-SFO,True,,True,True,,,0
Johnny Unitas,1961,1,1961-09-17,False,BAL,RAM,H,W,27,24,10,22,132,1,2,42.2,,5,27,1,0,0,0,0,0,0,13.98,13.98,22749,False,sacked,PFR+RULE2PT+SCORE0,19610917-RAM-BAL,True,,True,True,,,0
Johnny Unitas,1961,2,1961-09-24,False,BAL,DET,H,L,15,16,10,16,105,1,1,76.3,,2,7,0,0,0,0,0,0,0,6.9,6.9,22749,False,sacked,PFR+RULE2PT+SCORE2,19610924-DET-BAL,True,,True,True,,,2
Johnny Unitas,1961,3,1961-10-01,False,BAL,MIN,H,W,34,33,13,27,284,2,1,95.3,,2,26,0,0,0,0,0,0,0,19.96,19.96,22749,False,sacked,PFR+RULE2PT+SCORE0,19611001-MIN-BAL,True,,True,True,,,0
Johnny Unitas,1961,4,1961-10-08,False,BAL,GNB,A,L,7,45,11,24,141,0,5,25.2,,3,12,0,0,0,0,0,0,0,-3.16,-3.16,22749,False,sacked,PFR+RULE2PT+SCORE0,19611008-BAL-GNB,True,,True,True,,,0
Johnny Unitas,1961,5,1961-10-15,False,BAL,CHI,A,L,10,24,19,36,278,0,1,66.7,,6,31,1,0,0,0,0,0,0,18.22,18.22,22749,False,sacked,PFR+RULE2PT+SCORE0,19611015-BAL-CHI,True,,True,True,,,0
Johnny Unitas,1961,6,1961-10-22,False,BAL,DET,A,W,17,14,22,36,244,0,4,41.7,,5,2,0,0,0,0,0,0,0,1.96,1.96,22749,False,sacked,PFR+RULE2PT+SCORE0,19611022-BAL-DET,True,,True,True,,,0
Johnny Unitas,1961,7,1961-10-29,False,BAL,CHI,H,L,20,21,20,36,302,2,2,78.7,,4,-3,0,0,0,0,0,0,0,15.78,15.78,22749,False,sacked,PFR+RULE2PT+SCORE0,19611029-CHI-BAL,True,,True,True,,,0
Johnny Unitas,1961,8,1961-11-05,False,BAL,GNB,H,W,45,21,22,35,218,4,1,106.6,,0,0,0,0,0,0,0,0,0,22.72,22.72,22749,False,sacked,PFR+RULE2PT+SCORE0,19611105-GNB-BAL,True,,True,True,,,0
Johnny Unitas,1961,9,1961-11-12,False,BAL,MIN,A,L,20,28,14,31,138,0,2,31.4,,4,5,0,0,0,0,0,0,0,2.02,2.02,22749,False,sacked,PFR+RULE2PT+SCORE0,19611112-BAL-MIN,True,,True,True,,,0
Johnny Unitas,1961,10,1961-11-19,False,BAL,STL,H,W,16,0,21,36,246,1,0,88.4,,8,36,0,0,0,0,0,0,0,17.44,17.44,22749,False,sacked,PFR+RULE2PT+SCORE0,19611119-STL-BAL,True,,True,True,,,0
Johnny Unitas,1961,11,1961-11-26,False,BAL,WAS,A,W,27,6,18,33,208,1,3,46.0,,3,-13,0,0,0,0,0,0,0,5.02,5.02,22749,False,sacked,PFR+RULE2PT+SCORE0,19611126-BAL-WAS,True,,True,True,,,0
Johnny Unitas,1961,12,1961-12-03,False,BAL,SFO,H,W,20,17,15,27,216,1,1,78.6,,4,11,0,0,0,0,0,0,0,11.74,11.74,22749,False,sacked,PFR+RULE2PT+SCORE0,19611203-SFO-BAL,True,,True,True,,,0
Johnny Unitas,1961,13,1961-12-09,False,BAL,RAM,A,L,17,34,15,27,164,0,1,58.3,,3,23,0,0,0,0,0,0,0,6.86,6.86,22749,False,sacked,PFR+RULE2PT+SCORE0,19611209-BAL-RAM,True,,True,True,,,0
Johnny Unitas,1961,14,1961-12-16,False,BAL,SFO,A,W,27,24,19,34,314,3,0,116.5,,5,26,0,0,0,0,0,0,0,27.16,27.16,22749,False,sacked,PFR+RULE2PT+SCORE0,19611216-BAL-SFO,True,,True,True,,,0
Johnny Unitas,1962,1,1962-09-16,False,BAL,RAM,H,W,30,27,19,35,245,4,2,90.8,,7,3,0,0,0,0,0,0,0,22.1,22.1,22749,False,sacked,PFR+RULE2PT+SCORE0,19620916-RAM-BAL,True,,True,True,,,0
Johnny Unitas,1962,2,1962-09-23,False,BAL,MIN,A,W,34,7,13,21,133,1,2,56.3,,3,-6,0,0,0,0,0,0,0,4.72,4.72,22749,False,sacked,PFR+RULE2PT+SCORE0,19620923-BAL-MIN,True,,True,True,,,0
Johnny Unitas,1962,3,1962-09-30,False,BAL,DET,H,L,20,29,14,31,166,1,3,33.2,,3,-4,0,0,0,0,0,0,0,4.24,4.24,22749,False,sacked,PFR+RULE2PT+SCORE0,19620930-DET-BAL,True,,True,True,,,0
Johnny Unitas,1962,4,1962-10-07,False,BAL,SFO,H,L,13,21,8,15,82,0,0,69.3,,1,18,0,0,0,0,0,0,0,5.08,5.08,22749,False,sacked,PFR+RULE2PT+SCORE0,19621007-SFO-BAL,True,,True,True,,,0
Johnny Unitas,1962,5,1962-10-14,False,BAL,CLE,A,W,36,14,18,31,225,3,1,99.5,,3,11,0,0,0,0,0,0,,20.1,20.1,22749,False,sacked;fum_rec_td,PFR+RULE2PT,19621014-BAL-CLE,False,fum_rec_td,False,True,fum_rec_td,,6
Johnny Unitas,1962,6,1962-10-21,False,BAL,CHI,A,L,15,35,16,27,255,2,3,75.9,,8,3,0,0,0,0,0,0,0,12.5,12.5,22749,False,sacked,PFR+RULE2PT+SCORE2,19621021-BAL-CHI,True,,True,True,,,2
Johnny Unitas,1962,7,1962-10-28,False,BAL,GNB,H,L,6,17,18,30,161,0,1,60.6,,2,1,0,0,0,0,0,0,0,4.54,4.54,22749,False,sacked,PFR+RULE2PT+SCORE0,19621028-GNB-BAL,True,,True,True,,,0
Johnny Unitas,1962,8,1962-11-04,False,BAL,SFO,A,W,22,3,9,17,156,1,0,104.0,,2,9,0,0,0,0,0,0,0,11.14,11.14,22749,False,sacked,PFR+RULE2PT+SCORE2,19621104-BAL-SFO,True,,True,True,,,2
Johnny Unitas,1962,9,1962-11-11,False,BAL,RAM,A,W,14,2,16,27,232,0,2,56.4,,2,5,0,0,0,0,0,0,0,5.78,5.78,22749,False,sacked,PFR+RULE2PT+SCORE0,19621111-BAL-RAM,True,,True,True,,,0
Johnny Unitas,1962,10,1962-11-18,False,BAL,GNB,A,L,13,17,17,28,237,1,1,85.0,,8,59,0,0,0,0,0,0,0,17.38,17.38,22749,False,sacked,PFR+RULE2PT+SCORE0,19621118-BAL-GNB,True,,True,True,,,0
Johnny Unitas,1962,11,1962-11-25,False,BAL,CHI,H,L,0,57,11,24,91,0,1,38.7,,3,18,0,0,0,0,0,0,0,3.44,3.44,22749,False,sacked,PFR+RULE2PT+SCORE0,19621125-CHI-BAL,True,,True,True,,,0
Johnny Unitas,1962,12,1962-12-02,False,BAL,DET,A,L,14,21,19,33,232,2,2,74.3,,3,-6,0,0,0,0,0,0,0,12.68,12.68,22749,False,sacked,PFR+RULE2PT+SCORE0,19621202-BAL-DET,True,,True,True,,,0
Johnny Unitas,1962,13,1962-12-08,False,BAL,WAS,H,W,34,21,25,36,367,4,1,127.9,,4,22,0,0,0,0,0,0,0,30.88,30.88,22749,False,sacked,PFR+RULE2PT+SCORE0,19621208-WAS-BAL,True,,True,True,,,0
Johnny Unitas,1962,14,1962-12-16,False,BAL,MIN,H,W,42,17,19,34,385,4,4,95.5,,1,4,0,0,0,0,0,0,0,23.8,23.8,22749,False,sacked,PFR+RULE2PT+SCORE0,19621216-MIN-BAL,True,,True,True,,,0
Johnny Unitas,1963,1,1963-09-15,False,BAL,NYG,H,L,28,37,19,33,219,2,2,72.7,,4,25,0,0,0,0,0,0,,15.26,15.26,22749,False,sacked;fum_rec_td,PFR+RULE2PT,19630915-NYG-BAL,False,fum_rec_td,False,True,fum_rec_td,,6
Johnny Unitas,1963,2,1963-09-22,False,BAL,SFO,A,W,20,14,23,44,288,1,0,80.5,,1,4,0,0,0,0,0,0,0,15.92,15.92,22749,False,sacked,PFR+RULE2PT+SCORE0,19630922-BAL-SFO,True,,True,True,,,0
Johnny Unitas,1963,3,1963-09-29,False,BAL,GNB,A,L,20,31,19,30,267,0,2,64.2,,2,4,0,0,0,0,0,0,,7.08,7.08,22749,False,sacked;fum_rec_td,PFR+RULE2PT,19630929-BAL-GNB,False,fum_rec_td,False,True,fum_rec_td,,6
Johnny Unitas,1963,4,1963-10-06,False,BAL,CHI,A,L,3,10,21,36,182,0,1,60.2,,4,11,0,0,0,0,0,0,0,6.38,6.38,22749,False,sacked,PFR+RULE2PT+SCORE0,19631006-BAL-CHI,True,,True,True,,,0
Johnny Unitas,1963,5,1963-10-13,False,BAL,SFO,H,W,20,3,11,25,159,1,0,78.6,,6,23,0,0,0,0,0,0,0,12.66,12.66,22749,False,sacked,PFR+RULE2PT+SCORE0,19631013-SFO-BAL,True,,True,True,,,0
Johnny Unitas,1963,6,1963-10-20,False,BAL,DET,A,W,25,21,9,24,123,1,1,51.2,,3,15,0,0,0,0,0,0,,8.42,8.42,22749,False,sacked;fum_rec_td,PFR+RULE2PT,19631020-BAL-DET,False,fum_rec_td,False,True,fum_rec_td,,6
Johnny Unitas,1963,7,1963-10-27,False,BAL,GNB,H,L,20,34,11,23,233,2,2,76.9,,3,11,0,0,0,0,0,0,0,14.42,14.42,22749,False,sacked,PFR+RULE2PT+SCORE0,19631027-GNB-BAL,True,,True,True,,,0
Johnny Unitas,1963,8,1963-11-03,False,BAL,CHI,H,L,7,17,11,18,127,0,1,59.3,,2,3,0,0,0,0,0,0,0,3.38,3.38,22749,False,sacked,PFR+RULE2PT+SCORE0,19631103-CHI-BAL,True,,True,True,,,0
Johnny Unitas,1963,9,1963-11-10,False,BAL,DET,H,W,24,21,17,24,376,2,1,123.6,,4,9,0,0,0,0,0,0,0,21.94,21.94,22749,False,sacked,PFR+RULE2PT+SCORE0,19631110-DET-BAL,True,,True,True,,,0
Johnny Unitas,1963,10,1963-11-17,False,BAL,MIN,A,W,37,34,14,23,248,4,0,137.3,,2,14,0,0,0,0,0,0,0,27.32,27.32,22749,False,sacked,PFR+RULE2PT+SCORE2,19631117-BAL-MIN,True,,True,True,,,2
Johnny Unitas,1963,11,1963-11-24,False,BAL,RAM,A,L,16,17,20,34,237,0,1,67.9,,3,4,0,0,0,0,0,0,0,7.88,7.88,22749,False,sacked,PFR+RULE2PT+SCORE0,19631124-BAL-RAM,True,,True,True,,,0
Johnny Unitas,1963,12,1963-12-01,False,BAL,WAS,A,W,36,20,24,37,355,3,0,123.1,,4,42,0,0,0,0,0,0,0,30.4,30.4,22749,False,sacked,PFR+RULE2PT+SCORE0,19631201-BAL-WAS,True,,True,True,,,0
Johnny Unitas,1963,13,1963-12-08,False,BAL,MIN,H,W,41,10,17,22,344,3,0,158.1,,3,2,0,0,0,0,0,0,,25.96,25.96,22749,False,sacked;fum_rec_td,PFR+RULE2PT,19631208-MIN-BAL,False,fum_rec_td,False,True,fum_rec_td,,6
Johnny Unitas,1963,14,1963-12-15,False,BAL,RAM,H,W,19,16,21,37,323,1,1,83.5,,6,57,0,0,0,0,0,0,0,20.62,20.62,22749,False,sacked,PFR+RULE2PT+SCORE0,19631215-RAM-BAL,True,,True,True,,,0
Johnny Unitas,1964,1,1964-09-13,False,BAL,MIN,A,L,24,34,11,26,209,2,0,96.5,,3,9,0,0,0,0,0,0,0,17.26,17.26,22749,False,sacked,PFR+RULE2PT+SCORE0,19640913-BAL-MIN,True,,True,True,,,0
Johnny Unitas,1964,2,1964-09-20,False,BAL,GNB,A,W,21,20,7,12,154,2,0,142.4,,5,16,0,0,0,0,0,0,0,15.76,15.76,22749,False,sacked,PFR+RULE2PT+SCORE0,19640920-BAL-GNB,True,,True,True,,,0
Johnny Unitas,1964,3,1964-09-27,False,BAL,CHI,H,W,52,0,11,13,247,3,1,126.3,,3,5,0,0,0,0,0,0,0,20.38,20.38,22749,False,sacked,PFR+RULE2PT+SCORE0,19640927-CHI-BAL,True,,True,True,,,0
Johnny Unitas,1964,4,1964-10-04,False,BAL,RAM,H,W,35,20,10,18,232,3,0,140.0,,1,1,0,0,0,0,0,0,0,21.38,21.38,22749,False,sacked,PFR+RULE2PT+SCORE0,19641004-RAM-BAL,True,,True,True,,,0
Johnny Unitas,1964,5,1964-10-12,False,BAL,STL,H,W,47,27,8,20,117,1,0,76.5,,2,6,1,0,0,0,0,0,0,15.28,15.28,22749,False,sacked,PFR+RULE2PT+SCORE0,19641012-STL-BAL,True,,True,True,,,0
Johnny Unitas,1964,6,1964-10-18,False,BAL,GNB,H,W,24,21,14,27,157,0,0,69.5,,1,3,0,0,0,0,0,0,0,6.58,6.58,22749,False,sacked,PFR+RULE2PT+SCORE0,19641018-GNB-BAL,True,,True,True,,,0
Johnny Unitas,1964,7,1964-10-25,False,BAL,DET,A,W,34,0,12,24,210,2,2,73.3,,3,20,0,0,0,0,0,0,,14.4,14.4,22749,False,sacked;fum_rec_td,PFR+RULE2PT,19641025-BAL-DET,False,fum_rec_td,False,True,fum_rec_td,,6
Johnny Unitas,1964,8,1964-11-01,False,BAL,SFO,H,W,37,7,14,29,222,1,1,71.3,,3,20,0,0,0,0,0,0,,12.88,12.88,22749,False,sacked;fum_rec_td,PFR+RULE2PT,19641101-SFO-BAL,False,fum_rec_td,False,True,fum_rec_td,,6
Johnny Unitas,1964,9,1964-11-08,False,BAL,CHI,A,W,40,24,16,32,241,0,0,75.1,,4,34,1,0,0,0,0,0,0,19.04,19.04,22749,False,sacked,PFR+RULE2PT+SCORE0,19641108-BAL-CHI,True,,True,True,,,0
Johnny Unitas,1964,10,1964-11-15,False,BAL,MIN,H,W,17,14,15,31,289,2,0,102.8,,3,8,0,0,0,0,0,0,0,20.36,20.36,22749,False,sacked,PFR+RULE2PT+SCORE0,19641115-MIN-BAL,True,,True,True,,,0
Johnny Unitas,1964,11,1964-11-22,False,BAL,RAM,A,W,24,7,6,18,142,0,0,62.7,,4,26,0,0,0,0,0,0,0,8.28,8.28,22749,False,sacked,PFR+RULE2PT+SCORE0,19641122-BAL-RAM,True,,True,True,,,0
Johnny Unitas,1964,12,1964-11-29,False,BAL,SFO,A,W,14,3,8,15,135,1,0,106.2,,3,-1,0,0,0,0,0,0,0,9.3,9.3,22749,False,sacked,PFR+RULE2PT+SCORE0,19641129-BAL-SFO,True,,True,True,,,0
Johnny Unitas,1964,13,1964-12-06,False,BAL,DET,H,L,14,31,13,20,243,0,1,86.0,,1,7,0,0,0,0,0,0,,8.42,8.42,22749,False,sacked;fum_rec_td,PFR+RULE2PT,19641206-DET-BAL,False,fum_rec_td,False,True,fum_rec_td,,6
Johnny Unitas,1964,14,1964-12-13,False,BAL,WAS,H,W,45,17,13,20,226,2,1,115.8,,1,8,0,0,0,0,0,0,0,15.84,15.84,22749,False,sacked,PFR+RULE2PT+SCORE0,19641213-WAS-BAL,True,,True,True,,,0
Johnny Unitas,1964,15,1964-12-27,True,BAL,CLE,A,L,0,27,12,20,95,0,2,32.3,,6,30,0,0,0,0,0,0,0,2.8,2.8,22749,False,sacked,PFR+RULE2PT+SCORE0,19641227-BAL-CLE,True,,True,True,,,0
Johnny Unitas,1965,1,1965-09-19,False,BAL,MIN,H,W,35,16,14,22,224,2,2,90.0,,3,23,0,0,0,0,0,0,,15.26,15.26,22749,False,sacked;fum_rec_td,PFR+RULE2PT,19650919-MIN-BAL,False,fum_rec_td,False,True,fum_rec_td,,6
Johnny Unitas,1965,2,1965-09-26,False,BAL,GNB,A,L,17,20,14,32,210,1,2,50.3,,2,1,0,0,0,0,0,0,0,8.5,8.5,22749,False,sacked,PFR+RULE2PT+SCORE0,19650926-BAL-GNB,True,,True,True,,,0
Johnny Unitas,1965,3,1965-10-03,False,BAL,SFO,H,W,27,24,18,30,236,1,1,82.1,,3,7,0,0,0,0,0,0,,12.14,12.14,22749,False,sacked;fum_rec_td,PFR+RULE2PT,19651003-SFO-BAL,False,fum_rec_td,False,True,fum_rec_td,,6
Johnny Unitas,1965,4,1965-10-10,False,BAL,DET,H,W,31,7,18,24,319,3,1,138.9,,0,0,0,0,0,0,0,0,0,22.76,22.76,22749,False,sacked,PFR+RULE2PT+SCORE0,19651010-DET-BAL,True,,True,True,,,0
Johnny Unitas,1965,5,1965-10-17,False,BAL,WAS,A,W,38,7,12,18,221,2,1,122.7,,1,-1,0,0,0,0,0,0,,14.74,14.74,22749,False,sacked;fum_rec_td,PFR+RULE2PT,19651017-BAL-WAS,False,fum_rec_td,False,True,fum_rec_td,,6
Johnny Unitas,1965,6,1965-10-24,False,BAL,RAM,H,W,35,20,18,27,251,3,0,133.4,,3,27,1,0,0,0,0,0,0,30.74,30.74,22749,False,sacked,PFR+RULE2PT+SCORE0,19651024-RAM-BAL,True,,True,True,,,0
Johnny Unitas,1965,7,1965-10-31,False,BAL,SFO,A,W,34,28,23,34,324,4,0,137.4,,1,7,0,0,0,0,0,0,0,29.66,29.66,22749,False,sacked,PFR+RULE2PT+SCORE0,19651031-BAL-SFO,True,,True,True,,,0
Johnny Unitas,1965,8,1965-11-07,False,BAL,CHI,A,W,26,21,11,20,228,2,2,89.2,,2,-7,0,0,0,0,0,0,0,12.42,12.42,22749,False,sacked,PFR+RULE2PT+SCORE2,19651107-BAL-CHI,True,,True,True,,,2
Johnny Unitas,1965,10,1965-11-21,False,BAL,PHI,H,W,34,24,19,32,305,2,1,99.1,,0,0,0,0,0,0,0,0,,18.2,18.2,22749,False,sacked;fum_rec_td,PFR+RULE2PT,19651121-PHI-BAL,False,fum_rec_td,False,True,fum_rec_td,,6
Johnny Unitas,1965,11,1965-11-25,False,BAL,DET,A,T,24,24,14,34,188,3,2,64.3,,2,11,0,0,0,0,0,0,0,16.62,16.62,22749,False,sacked,PFR+RULE2PT+SCORE0,19651125-BAL-DET,True,,True,True,,,0
Johnny Unitas,1965,12,1965-12-05,False,BAL,CHI,H,L,0,13,3,9,24,0,0,42.4,,0,0,0,0,0,0,0,0,0,0.96,0.96,22749,False,sacked,PFR+RULE2PT+SCORE0,19651205-CHI-BAL,True,,True,True,,,0
Johnny Unitas,1966,1,1966-09-10,False,BAL,GNB,A,L,3,24,14,20,106,0,3,42.9,,3,12,0,0,0,0,0,0,0,-0.56,-0.56,22749,False,sacked,PFR+RULE2PT+SCORE0,19660910-BAL-GNB,True,,True,True,,,0
Johnny Unitas,1966,2,1966-09-18,False,BAL,MIN,A,W,38,23,14,22,241,4,2,102.5,,2,2,0,0,0,0,0,0,,21.84,21.84,22749,False,sacked;fum_rec_td,PFR+RULE2PT,19660918-BAL-MIN,False,fum_rec_td,False,True,fum_rec_td,,6
Johnny Unitas,1966,3,1966-09-25,False,BAL,SFO,H,W,36,14,14,30,225,2,1,80.6,,2,2,0,0,0,0,0,0,0,15.2,15.2,22749,False,sacked,PFR+RULE2PT+SCORE0,19660925-SFO-BAL,True,,True,True,,,0
Johnny Unitas,1966,4,1966-10-09,False,BAL,CHI,A,L,17,27,18,38,274,1,2,58.4,,2,-2,0,0,0,0,0,0,,10.76,10.76,22749,False,sacked;fum_rec_td,PFR+RULE2PT,19661009-BAL-CHI,False,fum_rec_td,False,True,fum_rec_td,,6
Johnny Unitas,1966,5,1966-10-16,False,BAL,DET,H,W,45,14,18,27,218,4,0,130.9,,0,0,0,0,0,0,0,0,0,24.72,24.72,22749,False,sacked,PFR+RULE2PT+SCORE0,19661016-DET-BAL,True,,True,True,,,0
Johnny Unitas,1966,6,1966-10-23,False,BAL,MIN,H,W,20,17,17,28,214,1,0,96.4,,3,16,1,0,0,0,0,0,0,20.16,20.16,22749,False,sacked,PFR+RULE2PT+SCORE0,19661023-MIN-BAL,True,,True,True,,,0
Johnny Unitas,1966,7,1966-10-30,False,BAL,RAM,A,W,17,3,13,22,252,2,1,110.4,,2,0,0,0,0,0,0,0,0,16.08,16.08,22749,False,sacked,PFR+RULE2PT+SCORE0,19661030-BAL-RAM,True,,True,True,,,0
Johnny Unitas,1966,8,1966-11-06,False,BAL,WAS,H,W,37,10,22,31,342,3,2,112.6,,0,-3,0,0,0,0,0,0,0,21.38,21.38,22749,False,sacked,PFR+RULE2PT+SCORE0,19661106-WAS-BAL,True,,True,True,,,0
Johnny Unitas,1966,9,1966-11-13,False,BAL,ATL,A,W,19,7,10,25,121,0,2,22.2,,0,0,0,0,0,0,0,0,0,0.84,0.84,22749,False,sacked,PFR+RULE2PT+SCORE0,19661113-BAL-ATL,True,,True,True,,,0
Johnny Unitas,1966,10,1966-11-20,False,BAL,DET,A,L,14,20,9,19,93,0,5,22.4,,0,0,0,0,0,0,0,0,0,-6.28,-6.28,22749,False,sacked,PFR+RULE2PT+SCORE0,19661120-BAL-DET,True,,True,True,,,0
Johnny Unitas,1966,11,1966-11-27,False,BAL,RAM,H,L,7,23,2,11,35,0,1,2.5,,1,5,0,0,0,0,0,0,0,-0.1,-0.1,22749,False,sacked,PFR+RULE2PT+SCORE0,19661127-RAM-BAL,True,,True,True,,,0
Johnny Unitas,1966,12,1966-12-04,False,BAL,CHI,H,W,21,16,13,21,148,1,1,79.1,,0,0,0,0,0,0,0,0,,7.92,7.92,22749,False,sacked;fum_rec_td,PFR+RULE2PT,19661204-CHI-BAL,False,fum_rec_td,False,True,fum_rec_td,,6
Johnny Unitas,1966,13,1966-12-10,False,BAL,GNB,H,L,10,14,11,24,140,0,3,25.0,,5,12,0,0,0,0,0,0,0,0.8,0.8,22749,False,sacked,PFR+RULE2PT+SCORE0,19661210-GNB-BAL,True,,True,True,,,0
Johnny Unitas,1966,14,1966-12-18,False,BAL,SFO,A,W,30,14,20,30,339,4,1,130.4,,0,0,0,0,0,0,0,0,0,27.56,27.56,22749,False,sacked,PFR+RULE2PT+SCORE0,19661218-BAL-SFO,True,,True,True,,,0
Johnny Unitas,1967,1,1967-09-17,False,BAL,ATL,H,W,38,31,22,32,401,2,1,119.3,,3,3,0,0,0,0,0,0,,22.34,22.34,22749,False,sacked;fum_rec_td,PFR+RULE2PT,19670917-ATL-BAL,False,fum_rec_td,False,True,fum_rec_td,,6
Johnny Unitas,1967,2,1967-09-24,False,BAL,PHI,A,W,38,6,21,34,267,2,0,105.9,,2,12,0,0,0,0,0,0,0,19.88,19.88,22749,False,sacked,PFR+RULE2PT+SCORE0,19670924-BAL-PHI,True,,True,True,,,0
Johnny Unitas,1967,3,1967-10-01,False,BAL,SFO,H,W,41,7,22,37,353,2,0,109.4,,1,10,0,0,0,0,0,0,0,23.12,23.12,22749,False,sacked,PFR+RULE2PT+SCORE0,19671001-SFO-BAL,True,,True,True,,,0
Johnny Unitas,1967,4,1967-10-08,False,BAL,CHI,A,W,24,3,19,37,149,1,3,36.9,,0,0,0,0,0,0,0,0,,3.96,3.96,22749,False,sacked;fum_rec_td,PFR+RULE2PT,19671008-BAL-CHI,False,fum_rec_td,False,True,fum_rec_td,,12
Johnny Unitas,1967,5,1967-10-15,False,BAL,RAM,H,T,24,24,21,34,288,2,1,96.2,,0,0,0,0,0,0,0,0,0,17.52,17.52,22749,False,sacked,PFR+RULE2PT+SCORE0,19671015-RAM-BAL,True,,True,True,,,0
Johnny Unitas,1967,6,1967-10-22,False,BAL,MIN,A,T,20,20,20,34,235,1,1,77.5,,4,18,0,0,0,0,0,0,0,13.2,13.2,22749,False,sacked,PFR+RULE2PT+SCORE0,19671022-BAL-MIN,True,,True,True,,,0
Johnny Unitas,1967,7,1967-10-29,False,BAL,WAS,A,W,17,13,19,33,242,1,1,78.1,,1,13,0,0,0,0,0,0,0,12.98,12.98,22749,False,sacked,PFR+RULE2PT+SCORE0,19671029-BAL-WAS,True,,True,True,,,0
Johnny Unitas,1967,8,1967-11-05,False,BAL,GNB,H,W,13,10,15,32,126,2,1,65.4,,3,9,0,0,0,0,0,0,0,11.94,11.94,22749,False,sacked,PFR+RULE2PT+SCORE0,19671105-GNB-BAL,True,,True,True,,,0
Johnny Unitas,1967,9,1967-11-12,False,BAL,ATL,A,W,49,7,17,20,370,4,0,158.3,,1,8,0,0,0,0,0,0,0,31.6,31.6,22749,False,sacked,PFR+RULE2PT+SCORE0,19671112-BAL-ATL,True,,True,True,,,0
Johnny Unitas,1967,10,1967-11-19,False,BAL,DET,H,W,41,7,12,22,157,1,1,73.5,,1,-7,0,0,0,0,0,0,0,7.58,7.58,22749,False,sacked,PFR+RULE2PT+SCORE0,19671119-DET-BAL,True,,True,True,,,0
Johnny Unitas,1967,11,1967-11-26,False,BAL,SFO,A,W,26,9,16,27,211,0,1,68.6,,1,1,0,0,0,0,0,0,,6.54,6.54,22749,False,sacked;fum_rec_td,PFR+RULE2PT,19671126-BAL-SFO,False,fum_rec_td,False,True,fum_rec_td,,6
Johnny Unitas,1967,12,1967-12-03,False,BAL,DAL,H,W,23,17,22,39,275,1,3,55.0,,3,7,0,0,0,0,0,0,0,9.7,9.7,22749,False,sacked,PFR+RULE2PT+SCORE0,19671203-DAL-BAL,True,,True,True,,,0
Johnny Unitas,1967,13,1967-12-10,False,BAL,NOR,H,W,30,10,10,24,148,0,1,45.1,,0,0,0,0,0,0,0,0,0,3.92,3.92,22749,False,sacked,PFR+RULE2PT+SCORE0,19671210-NOR-BAL,True,,True,True,,,0
Johnny Unitas,1967,14,1967-12-17,False,BAL,RAM,A,L,10,34,19,31,206,1,2,64.7,,2,15,0,0,0,0,0,0,0,9.74,9.74,22749,False,sacked,PFR+RULE2PT+SCORE0,19671217-BAL-RAM,True,,True,True,,,0
Johnny Unitas,1968,5,1968-10-13,False,BAL,SFO,A,W,42,14,1,2,6,1,0,95.8,,0,0,0,0,0,0,0,0,0,4.24,4.24,22749,False,sacked,PFR+RULE2PT+SCORE0,19681013-BAL-SFO,True,,True,True,,,0
Johnny Unitas,1968,6,1968-10-20,False,BAL,CLE,H,L,20,30,1,11,12,0,3,0.0,,1,-6,0,0,0,0,0,0,0,-6.12,-6.12,22749,False,sacked,PFR+RULE2PT+SCORE0,19681020-CLE-BAL,True,,True,True,,,0
Johnny Unitas,1968,12,1968-12-01,False,BAL,ATL,H,W,44,0,5,10,54,0,0,66.2,,1,0,0,0,0,0,0,0,0,2.16,2.16,22749,False,sacked,PFR+RULE2PT+SCORE0,19681201-ATL-BAL,True,,True,True,,,0
Johnny Unitas,1968,14,1968-12-15,False,BAL,RAM,A,W,28,24,4,9,67,1,1,67.6,,1,5,0,0,0,0,0,0,,5.18,5.18,22749,False,sacked;fum_rec_td,PFR+RULE2PT,19681215-BAL-RAM,False,fum_rec_td,False,True,fum_rec_td,,6
Johnny Unitas,1968,19,1969-01-12,True,BAL,NYJ,N,L,7,16,11,24,110,0,1,42.0,,1,0,0,0,0,0,0,0,0,2.4,2.4,22749,False,sacked,PFR+SCORE0,19690112-BAL-NYJ-N,True,,True,True,,,0
Johnny Unitas,1969,1,1969-09-21,False,BAL,RAM,H,L,20,27,20,42,297,2,3,57.3,,0,0,0,0,0,0,0,0,0,13.88,13.88,22749,False,sacked,PFR+RULE2PT+SCORE0,19690921-RAM-BAL,True,,True,True,,,0
Johnny Unitas,1969,2,1969-09-28,False,BAL,MIN,A,L,14,52,8,22,68,0,1,26.3,,1,5,0,0,0,0,0,0,0,1.22,1.22,22749,False,sacked,PFR+RULE2PT+SCORE0,19690928-BAL-MIN,True,,True,True,,,0
Johnny Unitas,1969,3,1969-10-05,False,BAL,ATL,A,W,21,14,18,24,164,1,1,89.6,,2,-4,0,0,0,0,0,0,0,8.16,8.16,22749,False,sacked,PFR+RULE2PT+SCORE0,19691005-BAL-ATL,True,,True,True,,,0
Johnny Unitas,1969,4,1969-10-13,False,BAL,PHI,H,W,24,20,19,34,250,0,2,54.8,,1,4,0,0,0,0,0,0,0,6.4,6.4,22749,False,sacked,PFR+RULE2PT+SCORE0,19691013-PHI-BAL,True,,True,True,,,0
Johnny Unitas,1969,5,1969-10-19,False,BAL,NOR,A,W,30,10,20,28,319,3,0,144.8,,0,0,0,0,0,0,0,0,0,24.76,24.76,22749,False,sacked,PFR+RULE2PT+SCORE0,19691019-BAL-NOR,True,,True,True,,,0
Johnny Unitas,1969,6,1969-10-26,False,BAL,SFO,H,L,21,24,19,37,300,2,3,62.9,,0,0,0,0,0,0,0,0,0,14.0,14.0,22749,False,sacked,PFR+RULE2PT+SCORE0,19691026-SFO-BAL,True,,True,True,,,0
Johnny Unitas,1969,7,1969-11-02,False,BAL,WAS,H,W,41,17,10,20,139,0,1,51.9,,2,14,0,0,0,0,0,0,0,4.96,4.96,22749,False,sacked,PFR+RULE2PT+SCORE0,19691102-WAS-BAL,True,,True,True,,,0
Johnny Unitas,1969,8,1969-11-09,False,BAL,GNB,H,W,14,6,15,25,145,2,3,63.3,,1,2,0,0,0,0,0,0,0,8.0,8.0,22749,False,sacked,PFR+RULE2PT+SCORE0,19691109-GNB-BAL,True,,True,True,,,0
Johnny Unitas,1969,9,1969-11-16,False,BAL,SFO,A,L,17,20,2,8,14,1,1,39.6,,0,0,0,0,0,0,0,0,0,2.56,2.56,22749,False,sacked,PFR+RULE2PT+SCORE0,19691116-BAL-SFO,True,,True,True,,,0
Johnny Unitas,1969,10,1969-11-23,False,BAL,CHI,A,W,24,21,3,3,29,0,0,106.9,,0,0,0,0,0,0,0,0,0,1.16,1.16,22749,False,sacked,PFR+RULE2PT+SCORE0,19691123-BAL-CHI,True,,True,True,,,0
Johnny Unitas,1969,11,1969-11-30,False,BAL,ATL,H,W,13,6,13,23,164,0,0,78.9,,2,2,0,0,0,0,0,0,0,6.76,6.76,22749,False,sacked,PFR+RULE2PT+SCORE0,19691130-ATL-BAL,True,,True,True,,,0
Johnny Unitas,1969,13,1969-12-13,False,BAL,DAL,A,L,10,27,12,28,193,1,3,38.8,,0,0,0,0,0,0,0,0,0,5.72,5.72,22749,False,sacked,PFR+RULE2PT+SCORE0,19691213-BAL-DAL,True,,True,True,,,0
Johnny Unitas,1969,14,1969-12-21,False,BAL,RAM,A,W,13,7,19,33,260,0,2,57.6,,2,0,0,0,0,0,0,0,0,6.4,6.4,22749,False,sacked,PFR+RULE2PT+SCORE0,19691221-BAL-RAM,True,,True,True,,,0
Bart Starr,1960,1,1960-09-25,False,GNB,CHI,H,L,14,17,8,22,68,0,2,7.4,,2,14,0,0,0,0,0,0,0,0.12,0.12,21143,False,sacked,PFR+RULE2PT+SCORE0,19600925-CHI-GNB,True,,True,True,,,0
Bart Starr,1960,5,1960-10-30,False,GNB,PIT,A,W,19,13,11,18,150,0,0,87.7,,2,-3,0,0,0,0,0,0,0,5.7,5.7,21143,False,sacked,PFR+RULE2PT+SCORE0,19601030-GNB-PIT,True,,True,True,,,0
Bart Starr,1960,6,1960-11-06,False,GNB,BAL,A,L,24,38,23,32,259,0,4,56.1,,1,-4,0,0,0,0,0,0,0,1.96,1.96,21143,False,sacked,PFR+RULE2PT+SCORE0,19601106-GNB-BAL,True,,True,True,,,0
Bart Starr,1960,7,1960-11-13,False,GNB,DAL,H,W,41,7,9,16,149,0,0,87.8,,1,8,0,0,0,0,0,0,,6.76,6.76,21143,False,sacked;fum_rec_td,PFR+RULE2PT,19601113-DAL-GNB,False,fum_rec_td,False,True,fum_rec_td,,6
Bart Starr,1960,8,1960-11-20,False,GNB,RAM,H,L,31,33,10,20,163,0,1,56.9,,0,0,0,0,0,0,0,0,0,4.52,4.52,21143,False,sacked,PFR+RULE2PT+SCORE0,19601120-RAM-GNB,True,,True,True,,,0
Bart Starr,1960,9,1960-11-24,False,GNB,DET,A,L,10,23,6,15,100,0,0,63.2,,0,0,0,0,0,0,0,0,0,4.0,4.0,21143,False,sacked,PFR+RULE2PT+SCORE0,19601124-GNB-DET,True,,True,True,,,0
Bart Starr,1960,10,1960-12-04,False,GNB,CHI,A,W,41,13,17,23,227,2,0,133.8,,0,0,0,0,0,0,0,0,,17.08,17.08,21143,False,sacked;fum_rec_td,PFR+RULE2PT,19601204-GNB-CHI,False,fum_rec_td,False,True,fum_rec_td,,6
Bart Starr,1960,11,1960-12-10,False,GNB,SFO,A,W,13,0,6,17,41,0,1,19.5,,0,0,0,0,0,0,0,0,0,-0.36,-0.36,21143,False,sacked,PFR+RULE2PT+SCORE0,19601210-GNB-SFO,True,,True,True,,,0
Bart Starr,1960,12,1960-12-17,False,GNB,RAM,A,W,35,21,8,9,201,2,0,158.3,,1,-3,0,0,0,0,0,0,,15.74,15.74,21143,False,sacked;fum_rec_td,PFR+RULE2PT,19601217-GNB-RAM,False,fum_rec_td,False,True,fum_rec_td,,6
Bart Starr,1960,15,1960-12-26,True,GNB,PHI,A,L,13,17,21,34,178,1,0,85.2,,1,0,0,0,0,0,0,0,0,11.12,11.12,21143,False,sacked,PFR+RULE2PT+SCORE0,19601226-GNB-PHI,True,,True,True,,,0
Bart Starr,1961,1,1961-09-17,False,GNB,DET,H,L,13,17,14,26,173,0,2,42.6,,2,8,0,0,0,0,0,0,0,3.72,3.72,21143,False,sacked,PFR+RULE2PT+SCORE0,19610917-DET-GNB,True,,True,True,,,0
Bart Starr,1961,2,1961-09-24,False,GNB,SFO,H,W,30,10,11,16,161,1,1,96.1,,1,2,0,0,0,0,0,0,0,8.64,8.64,21143,False,sacked,PFR+RULE2PT+SCORE0,19610924-SFO-GNB,True,,True,True,,,0
Bart Starr,1961,3,1961-10-01,False,GNB,CHI,H,W,24,0,13,23,111,2,2,62.0,,2,-3,0,0,0,0,0,0,0,8.14,8.14,21143,False,sacked,PFR+RULE2PT+SCORE0,19611001-CHI-GNB,True,,True,True,,,0
Bart Starr,1961,4,1961-10-08,False,GNB,BAL,H,W,45,7,13,25,157,1,1,68.2,,0,0,0,0,0,0,0,0,0,8.28,8.28,21143,False,sacked,PFR+RULE2PT+SCORE0,19611008-BAL-GNB,True,,True,True,,,0
Bart Starr,1961,5,1961-10-15,False,GNB,CLE,A,W,49,17,15,17,272,1,0,138.4,,0,0,0,0,0,0,0,0,0,14.88,14.88,21143,False,sacked,PFR+RULE2PT+SCORE0,19611015-GNB-CLE,True,,True,True,,,0
Bart Starr,1961,6,1961-10-22,False,GNB,MIN,A,W,33,7,9,19,206,1,1,82.3,,0,0,0,0,0,0,0,0,,10.24,10.24,21143,False,sacked;fum_rec_td,PFR+RULE2PT,19611022-GNB-MIN,False,fum_rec_td,False,True,fum_rec_td,,6
Bart Starr,1961,7,1961-10-29,False,GNB,MIN,H,W,28,10,18,24,311,2,0,144.4,,0,0,0,0,0,0,0,0,0,20.44,20.44,21143,False,sacked,PFR+RULE2PT+SCORE0,19611029-MIN-GNB,True,,True,True,,,0
Bart Starr,1961,8,1961-11-05,False,GNB,BAL,A,L,21,45,6,17,64,0,0,47.2,,2,31,1,0,0,0,0,0,,11.66,11.66,21143,False,sacked;fum_rec_td,PFR+RULE2PT,19611105-GNB-BAL,False,fum_rec_td,False,True,fum_rec_td,,6
Bart Starr,1961,9,1961-11-12,False,GNB,CHI,A,W,31,28,11,23,160,3,1,92.4,,0,0,0,0,0,0,0,0,0,16.4,16.4,21143,False,sacked,PFR+RULE2PT+SCORE0,19611112-GNB-CHI,True,,True,True,,,0
Bart Starr,1961,10,1961-11-19,False,GNB,RAM,H,W,35,17,10,15,173,3,1,117.5,,1,1,0,0,0,0,0,0,0,17.02,17.02,21143,False,sacked,PFR+RULE2PT+SCORE0,19611119-RAM-GNB,True,,True,True,,,0
Bart Starr,1961,11,1961-11-23,False,GNB,DET,A,W,17,9,13,22,159,0,1,62.5,,0,0,0,0,0,0,0,0,0,4.36,4.36,21143,False,sacked,PFR+RULE2PT+SCORE0,19611123-GNB-DET,True,,True,True,,,0
Bart Starr,1961,12,1961-12-03,False,GNB,NYG,H,W,20,17,9,23,125,0,2,21.1,,2,23,0,0,0,0,0,0,0,3.3,3.3,21143,False,sacked,PFR+RULE2PT+SCORE0,19611203-NYG-GNB,True,,True,True,,,0
Bart Starr,1961,13,1961-12-10,False,GNB,SFO,A,L,21,22,14,18,185,1,2,88.4,,0,0,0,0,0,0,0,0,0,7.4,7.4,21143,False,sacked,PFR+RULE2PT+SCORE0,19611210-GNB-SFO,True,,True,True,,,0
Bart Starr,1961,14,1961-12-17,False,GNB,RAM,A,W,24,17,16,27,161,1,2,57.8,,2,-6,0,0,0,0,0,0,0,5.84,5.84,21143,False,sacked,PFR+RULE2PT+SCORE0,19611217-GNB-RAM,True,,True,True,,,0
Bart Starr,1961,15,1961-12-31,True,GNB,NYG,H,W,37,0,10,17,164,3,0,130.9,,0,0,0,0,0,0,0,0,0,18.56,18.56,21143,False,sacked,PFR+RULE2PT+SCORE0,19611231-NYG-GNB,True,,True,True,,,0
Bart Starr,1962,1,1962-09-16,False,GNB,MIN,H,W,34,7,7,14,108,1,0,99.7,,1,9,0,0,0,0,0,0,0,9.22,9.22,21143,False,sacked,PFR+RULE2PT+SCORE0,19620916-MIN-GNB,True,,True,True,,,0
Bart Starr,1962,2,1962-09-23,False,GNB,STL,H,W,17,0,14,26,173,1,2,55.4,,1,11,0,0,0,0,0,0,0,8.02,8.02,21143,False,sacked,PFR+RULE2PT+SCORE0,19620923-STL-GNB,True,,True,True,,,0
Bart Starr,1962,3,1962-09-30,False,GNB,CHI,H,W,49,0,9,12,154,1,1,109.7,,1,5,1,0,0,0,0,0,,14.66,14.66,21143,False,sacked;fum_rec_td,PFR+RULE2PT,19620930-CHI-GNB,False,fum_rec_td,False,True,fum_rec_td,,6
Bart Starr,1962,4,1962-10-07,False,GNB,DET,H,W,9,7,18,26,198,0,0,91.5,,1,4,0,0,0,0,0,0,0,8.32,8.32,21143,False,sacked,PFR+RULE2PT+SCORE0,19621007-DET-GNB,True,,True,True,,,0
Bart Starr,1962,5,1962-10-14,False,GNB,MIN,A,W,48,21,20,28,297,3,0,141.5,,3,6,0,0,0,0,0,0,0,24.48,24.48,21143,False,sacked,PFR+RULE2PT+SCORE0,19621014-GNB-MIN,True,,True,True,,,0
Bart Starr,1962,6,1962-10-21,False,GNB,SFO,H,W,31,13,10,12,107,1,0,131.6,,1,1,0,0,0,0,0,0,0,8.38,8.38,21143,False,sacked,PFR+RULE2PT+SCORE0,19621021-SFO-GNB,True,,True,True,,,0
Bart Starr,1962,7,1962-10-28,False,GNB,BAL,A,W,17,6,11,19,152,1,2,61.6,,1,18,0,0,0,0,0,0,0,7.88,7.88,21143,False,sacked,PFR+RULE2PT+SCORE0,19621028-GNB-BAL,True,,True,True,,,0
Bart Starr,1962,8,1962-11-04,False,GNB,CHI,A,W,38,7,14,26,181,0,0,76.0,,2,3,0,0,0,0,0,0,0,7.54,7.54,21143,False,sacked,PFR+RULE2PT+SCORE0,19621104-GNB-CHI,True,,True,True,,,0
Bart Starr,1962,9,1962-11-11,False,GNB,PHI,A,W,49,0,15,20,274,0,1,95.8,,2,12,0,0,0,0,0,0,0,10.16,10.16,21143,False,sacked,PFR+RULE2PT+SCORE0,19621111-GNB-PHI,True,,True,True,,,0
Bart Starr,1962,10,1962-11-18,False,GNB,BAL,H,W,17,13,8,13,57,0,0,71.6,,1,3,0,0,0,0,0,0,0,2.58,2.58,21143,False,sacked,PFR+RULE2PT+SCORE0,19621118-BAL-GNB,True,,True,True,,,0
Bart Starr,1962,11,1962-11-22,False,GNB,DET,A,L,14,26,11,19,142,0,2,41.9,,4,-6,0,0,0,0,0,0,,1.08,1.08,21143,False,sacked;fum_rec_td,PFR+RULE2PT,19621122-GNB-DET,False,fum_rec_td,False,True,fum_rec_td,,6
Bart Starr,1962,12,1962-12-02,False,GNB,RAM,H,W,41,10,15,20,260,2,0,150.0,,1,-1,0,0,0,0,0,0,0,18.3,18.3,21143,False,sacked,PFR+RULE2PT+SCORE0,19621202-RAM-GNB,True,,True,True,,,0
Bart Starr,1962,13,1962-12-09,False,GNB,SFO,A,W,31,21,10,18,130,1,1,73.8,,1,5,0,0,0,0,0,0,0,7.7,7.7,21143,False,sacked,PFR+RULE2PT+SCORE0,19621209-GNB-SFO,True,,True,True,,,0
Bart Starr,1962,14,1962-12-16,False,GNB,RAM,A,W,20,17,16,32,205,1,0,80.9,,1,2,0,0,0,0,0,0,0,12.4,12.4,21143,False,sacked,PFR+RULE2PT+SCORE0,19621216-GNB-RAM,True,,True,True,,,0
Bart Starr,1962,15,1962-12-30,True,GNB,NYG,A,W,16,7,9,21,85,0,0,54.7,,1,4,0,0,0,0,0,0,0,3.8,3.8,21143,False,sacked,PFR+RULE2PT+SCORE0,19621230-GNB-NYG,True,,True,True,,,0
Bart Starr,1963,1,1963-09-15,False,GNB,CHI,H,L,3,10,11,22,83,0,4,19.9,,0,0,0,0,0,0,0,0,0,-4.68,-4.68,21143,False,sacked,PFR+RULE2PT+SCORE0,19630915-CHI-GNB,True,,True,True,,,0
Bart Starr,1963,2,1963-09-22,False,GNB,DET,H,W,31,10,10,21,122,1,2,42.3,,0,0,0,0,0,0,0,0,0,4.88,4.88,21143,False,sacked,PFR+RULE2PT+SCORE0,19630922-DET-GNB,True,,True,True,,,0
Bart Starr,1963,3,1963-09-29,False,GNB,BAL,H,W,31,20,13,27,203,2,2,67.4,,2,12,0,0,0,0,0,0,0,13.32,13.32,21143,False,sacked,PFR+RULE2PT+SCORE0,19630929-BAL-GNB,True,,True,True,,,0
Bart Starr,1963,4,1963-10-06,False,GNB,RAM,H,W,42,10,10,19,183,3,0,125.7,,2,8,0,0,0,0,0,0,0,20.12,20.12,21143,False,sacked,PFR+RULE2PT+SCORE2,19631006-RAM-GNB,True,,True,True,,,2
Bart Starr,1963,5,1963-10-13,False,GNB,MIN,A,W,37,28,18,33,253,2,2,74.4,,1,4,0,0,0,0,0,0,,14.52,14.52,21143,False,sacked;fum_rec_td,PFR+RULE2PT,19631013-GNB-MIN,False,fum_rec_td,False,True,fum_rec_td,,6
Bart Starr,1963,6,1963-10-20,False,GNB,STL,A,W,30,7,7,14,107,0,0,75.6,,1,15,0,0,0,0,0,0,0,5.78,5.78,21143,False,sacked,PFR+RULE2PT+SCORE0,19631020-GNB-STL,True,,True,True,,,0
Bart Starr,1963,11,1963-11-24,False,GNB,SFO,H,W,28,10,14,20,107,1,0,99.4,,3,42,0,0,0,0,0,0,0,12.48,12.48,21143,False,sacked,PFR+RULE2PT+SCORE0,19631124-SFO-GNB,True,,True,True,,,0
Bart Starr,1963,12,1963-11-28,False,GNB,DET,A,T,13,13,18,35,286,1,0,88.5,,1,3,0,0,0,0,0,0,0,15.74,15.74,21143,False,sacked,PFR+RULE2PT+SCORE0,19631128-GNB-DET,True,,True,True,,,0
Bart Starr,1963,13,1963-12-07,False,GNB,RAM,A,W,31,14,14,26,205,3,0,118.3,,2,34,0,0,0,0,0,0,0,23.6,23.6,21143,False,sacked,PFR+RULE2PT+SCORE0,19631207-GNB-RAM,True,,True,True,,,0
Bart Starr,1963,14,1963-12-14,False,GNB,SFO,A,W,21,17,17,27,306,2,0,126.5,,1,-2,0,0,0,0,0,0,0,20.04,20.04,21143,False,sacked,PFR+RULE2PT+SCORE0,19631214-GNB-SFO,True,,True,True,,,0
Bart Starr,1964,1,1964-09-13,False,GNB,CHI,H,W,23,12,8,16,127,2,0,116.4,,1,22,0,0,0,0,0,0,0,15.28,15.28,21143,False,sacked,PFR+RULE2PT+SCORE0,19640913-CHI-GNB,True,,True,True,,,0
Bart Starr,1964,2,1964-09-20,False,GNB,BAL,H,L,20,21,16,21,175,0,3,60.7,,3,29,0,0,0,0,0,0,0,3.9,3.9,21143,False,sacked,PFR+RULE2PT+SCORE0,19640920-BAL-GNB,True,,True,True,,,0
Bart Starr,1964,3,1964-09-28,False,GNB,DET,A,W,14,10,12,16,160,0,1,80.2,,3,31,1,0,0,0,0,0,0,13.5,13.5,21143,False,sacked,PFR+RULE2PT+SCORE0,19640928-GNB-DET,True,,True,True,,,0
Bart Starr,1964,4,1964-10-04,False,GNB,MIN,H,L,23,24,11,21,216,2,0,120.3,,0,0,0,0,0,0,0,0,0,16.64,16.64,21143,False,sacked,PFR+RULE2PT+SCORE0,19641004-MIN-GNB,True,,True,True,,,0
Bart Starr,1964,5,1964-10-11,False,GNB,SFO,H,W,24,14,13,22,144,1,0,93.7,,1,1,0,0,0,0,0,0,0,9.86,9.86,21143,False,sacked,PFR+RULE2PT+SCORE0,19641011-SFO-GNB,True,,True,True,,,0
Bart Starr,1964,6,1964-10-18,False,GNB,BAL,A,L,21,24,18,33,286,1,0,93.7,,0,0,0,0,0,0,0,0,0,15.44,15.44,21143,False,sacked,PFR+RULE2PT+SCORE0,19641018-GNB-BAL,True,,True,True,,,0
Bart Starr,1964,7,1964-10-25,False,GNB,RAM,H,L,17,27,12,23,111,0,0,65.7,,2,-4,0,0,0,0,0,0,,4.04,4.04,21143,False,sacked;fum_rec_td,PFR+RULE2PT,19641025-RAM-GNB,False,fum_rec_td,False,True,fum_rec_td,,6
Bart Starr,1964,8,1964-11-01,False,GNB,MIN,A,W,42,13,12,18,186,4,0,140.3,,2,12,0,0,0,0,0,0,0,24.64,24.64,21143,False,sacked,PFR+RULE2PT+SCORE0,19641101-GNB-MIN,True,,True,True,,,0
Bart Starr,1964,9,1964-11-08,False,GNB,DET,H,W,30,7,14,20,190,0,0,100.0,,3,40,0,0,0,0,0,0,,11.6,11.6,21143,False,sacked;fum_rec_td,PFR+RULE2PT,19641108-DET-GNB,False,fum_rec_td,False,True,fum_rec_td,,6
Bart Starr,1964,10,1964-11-15,False,GNB,SFO,A,L,14,24,1,5,44,1,0,103.3,,1,11,0,0,0,0,0,0,0,6.86,6.86,21143,False,sacked,PFR+RULE2PT+SCORE0,19641115-GNB-SFO,True,,True,True,,,0
Bart Starr,1964,11,1964-11-22,False,GNB,CLE,H,W,28,21,13,18,131,0,0,92.6,,2,6,1,0,0,0,0,0,0,11.84,11.84,21143,False,sacked,PFR+RULE2PT+SCORE0,19641122-CLE-GNB,True,,True,True,,,0
Bart Starr,1964,12,1964-11-29,False,GNB,DAL,A,W,45,21,9,20,105,3,0,101.0,,3,8,1,0,0,0,0,0,,23.0,23.0,21143,False,sacked;fum_rec_td,PFR+RULE2PT,19641129-GNB-DAL,False,fum_rec_td,False,True,fum_rec_td,,12
Bart Starr,1964,13,1964-12-05,False,GNB,CHI,A,W,17,3,9,13,75,0,0,83.8,,2,18,0,0,0,0,0,0,0,4.8,4.8,21143,False,sacked,PFR+RULE2PT+SCORE0,19641205-GNB-CHI,True,,True,True,,,0
Bart Starr,1964,14,1964-12-13,False,GNB,RAM,A,T,24,24,15,26,194,1,0,94.1,,1,-9,0,0,0,0,0,0,0,10.86,10.86,21143,False,sacked,PFR+RULE2PT+SCORE0,19641213-GNB-RAM,True,,True,True,,,0
Bart Starr,1965,1,1965-09-19,False,GNB,PIT,A,W,41,9,17,23,226,2,0,133.6,,0,0,0,0,0,0,0,0,,17.04,17.04,21143,False,sacked;fum_rec_td,PFR+RULE2PT,19650919-GNB-PIT,False,fum_rec_td,False,True,fum_rec_td,,6
Bart Starr,1965,2,1965-09-26,False,GNB,BAL,H,W,20,17,6,9,60,0,0,85.4,,2,24,0,0,0,0,0,0,,4.8,4.8,21143,False,sacked;fum_rec_td,PFR+RULE2PT,19650926-BAL-GNB,False,fum_rec_td,False,True,fum_rec_td,,6
Bart Starr,1965,3,1965-10-03,False,GNB,CHI,H,W,23,14,11,20,263,1,0,116.7,,1,0,0,0,0,0,0,0,,14.52,14.52,21143,False,sacked;fum_rec_td,PFR+RULE2PT,19651003-CHI-GNB,False,fum_rec_td,False,True,fum_rec_td,,6
Bart Starr,1965,4,1965-10-10,False,GNB,SFO,H,W,27,10,17,27,163,2,1,89.0,,1,14,0,0,0,0,0,0,0,13.92,13.92,21143,False,sacked,PFR+RULE2PT+SCORE0,19651010-SFO-GNB,True,,True,True,,,0
Bart Starr,1965,5,1965-10-17,False,GNB,DET,A,W,31,21,15,23,301,3,1,130.0,,4,11,1,0,0,0,0,0,0,29.14,29.14,21143,False,sacked,PFR+RULE2PT+SCORE0,19651017-GNB-DET,True,,True,True,,,0
Bart Starr,1965,6,1965-10-24,False,GNB,DAL,H,W,13,3,4,19,42,0,0,39.6,,2,9,0,0,0,0,0,0,0,2.58,2.58,21143,False,sacked,PFR+RULE2PT+SCORE0,19651024-DAL-GNB,True,,True,True,,,0
Bart Starr,1965,7,1965-10-31,False,GNB,CHI,A,L,10,31,10,20,94,0,3,23.7,,3,48,0,0,0,0,0,0,0,2.56,2.56,21143,False,sacked,PFR+RULE2PT+SCORE0,19651031-GNB-CHI,True,,True,True,,,0
Bart Starr,1965,8,1965-11-07,False,GNB,DET,H,L,7,12,9,12,107,0,0,101.7,,0,0,0,0,0,0,0,0,0,4.28,4.28,21143,False,sacked,PFR+RULE2PT+SCORE0,19651107-DET-GNB,True,,True,True,,,0
Bart Starr,1965,9,1965-11-14,False,GNB,RAM,H,W,6,3,4,9,73,0,0,72.9,,1,0,0,0,0,0,0,0,0,2.92,2.92,21143,False,sacked,PFR+RULE2PT+SCORE0,19651114-RAM-GNB,True,,True,True,,,0
Bart Starr,1965,10,1965-11-21,False,GNB,MIN,A,W,38,13,9,19,159,3,2,76.4,,2,44,0,0,0,0,0,0,,18.76,18.76,21143,False,sacked;fum_rec_td,PFR+RULE2PT,19651121-GNB-MIN,False,fum_rec_td,False,True,fum_rec_td,,6
Bart Starr,1965,11,1965-11-28,False,GNB,RAM,A,L,10,21,13,23,102,0,0,67.7,,0,0,0,0,0,0,0,0,0,4.08,4.08,21143,False,sacked,PFR+RULE2PT+SCORE0,19651128-GNB-RAM,True,,True,True,,,0
Bart Starr,1965,12,1965-12-05,False,GNB,MIN,H,W,24,19,2,2,40,1,0,158.3,,0,0,0,0,0,0,0,0,0,5.6,5.6,21143,False,sacked,PFR+RULE2PT+SCORE0,19651205-MIN-GNB,True,,True,True,,,0
Bart Starr,1965,13,1965-12-12,False,GNB,BAL,A,W,42,27,10,17,222,3,1,118.3,,1,11,0,0,0,0,0,0,0,19.98,19.98,21143,False,sacked,PFR+RULE2PT+SCORE0,19651212-GNB-BAL,True,,True,True,,,0
Bart Starr,1965,14,1965-12-19,False,GNB,SFO,A,T,24,24,13,28,203,1,1,68.0,,1,8,0,0,0,0,0,0,,10.92,10.92,21143,False,sacked;fum_rec_td,PFR+RULE2PT,19651219-GNB-SFO,False,fum_rec_td,False,True,fum_rec_td,,6
Bart Starr,1965,15,1965-12-26,True,GNB,BAL,H,W,13,10,1,1,10,0,0,108.3,,0,0,0,0,0,0,0,0,0,0.4,0.4,21143,False,sacked,PFR+RULE2PT+SCORE0,19651226-BAL-GNB,True,,True,True,,,0
Bart Starr,1965,16,1966-01-02,True,GNB,CLE,H,W,23,12,10,18,147,1,1,77.8,,0,0,0,0,0,0,0,0,0,7.88,7.88,21143,False,sacked,PFR+RULE2PT+SCORE0,19660102-CLE-GNB,True,,True,True,,,0
Bart Starr,1966,1,1966-09-10,False,GNB,BAL,H,W,24,3,14,19,138,0,1,71.8,,3,36,1,0,0,0,0,0,,13.12,13.12,21143,False,sacked;fum_rec_td,PFR+RULE2PT,19660910-BAL-GNB,False,fum_rec_td,False,True,fum_rec_td,,12
Bart Starr,1966,2,1966-09-18,False,GNB,CLE,A,W,21,20,20,30,238,2,0,112.9,,4,17,0,0,0,0,0,0,0,19.22,19.22,21143,False,sacked,PFR+RULE2PT+SCORE0,19660918-GNB-CLE,True,,True,True,,,0
Bart Starr,1966,3,1966-09-25,False,GNB,RAM,H,W,24,13,12,20,257,2,0,137.5,,2,5,0,0,0,0,0,0,0,18.78,18.78,21143,False,sacked,PFR+RULE2PT+SCORE0,19660925-RAM-GNB,True,,True,True,,,0
Bart Starr,1966,4,1966-10-02,False,GNB,DET,H,W,23,14,11,19,212,2,0,131.9,,1,3,0,0,0,0,0,0,0,16.78,16.78,21143,False,sacked,PFR+RULE2PT+SCORE0,19661002-DET-GNB,True,,True,True,,,0
Bart Starr,1966,5,1966-10-09,False,GNB,SFO,A,L,20,21,18,26,287,2,1,115.4,,1,2,0,0,0,0,0,0,0,17.68,17.68,21143,False,sacked,PFR+RULE2PT+SCORE0,19661009-GNB-SFO,True,,True,True,,,0
Bart Starr,1966,6,1966-10-16,False,GNB,CHI,A,W,17,0,8,18,80,0,1,34.5,,1,0,0,0,0,0,0,0,,1.2,1.2,21143,False,sacked;fum_rec_td,PFR+RULE2PT,19661016-GNB-CHI,False,fum_rec_td,False,True,fum_rec_td,,6
Bart Starr,1966,7,1966-10-23,False,GNB,ATL,H,W,56,3,8,13,220,1,0,131.1,,0,0,0,0,0,0,0,0,,12.8,12.8,21143,False,sacked;fum_rec_td,PFR+RULE2PT,19661023-ATL-GNB,False,fum_rec_td,False,True,fum_rec_td,,12
Bart Starr,1966,8,1966-10-30,False,GNB,DET,A,W,31,7,11,13,154,1,0,141.7,,2,16,0,0,0,0,0,0,0,11.76,11.76,21143,False,sacked,PFR+RULE2PT+SCORE0,19661030-GNB-DET,True,,True,True,,,0
Bart Starr,1966,9,1966-11-06,False,GNB,MIN,H,L,17,20,11,18,140,0,0,85.4,,1,1,0,0,0,0,0,0,0,5.7,5.7,21143,False,sacked,PFR+RULE2PT+SCORE0,19661106-MIN-GNB,True,,True,True,,,0
Bart Starr,1966,10,1966-11-20,False,GNB,CHI,H,W,13,6,3,5,50,0,0,93.7,,1,6,0,0,0,0,0,0,0,2.6,2.6,21143,False,sacked,PFR+RULE2PT+SCORE0,19661120-CHI-GNB,True,,True,True,,,0
Bart Starr,1966,11,1966-11-27,False,GNB,MIN,A,W,28,16,20,31,149,2,0,97.4,,3,9,0,0,0,0,0,0,0,14.86,14.86,21143,False,sacked,PFR+RULE2PT+SCORE0,19661127-GNB-MIN,True,,True,True,,,0
Bart Starr,1966,12,1966-12-04,False,GNB,SFO,H,W,20,7,13,24,236,1,0,102.1,,1,1,1,0,0,0,0,0,0,19.54,19.54,21143,False,sacked,PFR+RULE2PT+SCORE0,19661204-SFO-GNB,True,,True,True,,,0
Bart Starr,1966,13,1966-12-10,False,GNB,BAL,A,W,14,10,7,15,96,1,0,89.9,,1,8,0,0,0,0,0,0,0,8.64,8.64,21143,False,sacked,PFR+RULE2PT+SCORE0,19661210-GNB-BAL,True,,True,True,,,0
Bart Starr,1966,15,1967-01-01,True,GNB,DAL,A,W,34,27,19,28,304,4,0,143.5,,2,-1,0,0,0,0,0,0,,28.06,28.06,21143,False,sacked;fum_rec_td,PFR+RULE2PT,19670101-GNB-DAL,False,fum_rec_td,False,True,fum_rec_td,,6
Bart Starr,1966,16,1967-01-15,True,GNB,KAN,N,W,35,10,16,23,250,2,1,116.2,,0,0,0,0,0,0,0,0,0,16.0,16.0,21143,False,sacked,PFR+SCORE0,19670115-GNB-KAN-N,True,,True,True,,,0
Bart Starr,1967,1,1967-09-17,False,GNB,DET,H,T,17,17,14,23,321,0,4,65.3,,0,0,0,0,0,0,0,0,0,4.84,4.84,21143,False,sacked,PFR+RULE2PT+SCORE0,19670917-DET-GNB,True,,True,True,,,0
Bart Starr,1967,2,1967-09-24,False,GNB,CHI,H,W,13,10,10,19,113,0,5,31.1,,1,4,0,0,0,0,0,0,0,-5.08,-5.08,21143,False,sacked,PFR+RULE2PT+SCORE0,19670924-CHI-GNB,True,,True,True,,,0
Bart Starr,1967,3,1967-10-01,False,GNB,ATL,H,W,23,0,2,6,14,0,0,42.4,,1,3,0,0,0,0,0,0,0,0.86,0.86,21143,False,sacked,PFR+RULE2PT+SCORE2,19671001-ATL-GNB,True,,True,True,,,2
Bart Starr,1967,6,1967-10-22,False,GNB,NYG,A,W,48,21,8,20,151,1,0,83.5,,3,16,0,0,0,0,0,0,0,11.64,11.64,21143,False,sacked,PFR+RULE2PT+SCORE0,19671022-GNB-NYG,True,,True,True,,,0
Bart Starr,1967,7,1967-10-30,False,GNB,STL,A,W,31,23,11,26,117,1,2,36.9,,1,6,0,0,0,0,0,0,,5.28,5.28,21143,False,sacked;fum_rec_td,PFR+RULE2PT,19671030-GNB-STL,False,fum_rec_td,False,True,fum_rec_td,,6
Bart Starr,1967,8,1967-11-05,False,GNB,BAL,A,L,10,13,16,25,183,1,1,82.6,,0,0,0,0,0,0,0,0,0,9.32,9.32,21143,False,sacked,PFR+RULE2PT+SCORE0,19671105-GNB-BAL,True,,True,True,,,0
Bart Starr,1967,9,1967-11-12,False,GNB,CLE,H,W,55,7,14,21,249,2,1,118.9,,2,12,0,0,0,0,0,0,0,17.16,17.16,21143,False,sacked,PFR+RULE2PT+SCORE0,19671112-CLE-GNB,True,,True,True,,,0
Bart Starr,1967,10,1967-11-19,False,GNB,SFO,H,W,13,0,4,7,54,0,0,81.8,,2,-5,0,0,0,0,0,0,0,1.66,1.66,21143,False,sacked,PFR+RULE2PT+SCORE0,19671119-SFO-GNB,True,,True,True,,,0
Bart Starr,1967,11,1967-11-26,False,GNB,CHI,A,W,17,13,11,17,202,1,0,125.1,,5,20,0,0,0,0,0,0,0,14.08,14.08,21143,False,sacked,PFR+RULE2PT+SCORE0,19671126-GNB-CHI,True,,True,True,,,0
Bart Starr,1967,12,1967-12-03,False,GNB,MIN,A,W,30,27,10,15,191,2,1,121.5,,3,11,0,0,0,0,0,0,0,14.74,14.74,21143,False,sacked,PFR+RULE2PT+SCORE0,19671203-GNB-MIN,True,,True,True,,,0
Bart Starr,1967,13,1967-12-09,False,GNB,RAM,A,L,24,27,10,20,138,1,2,49.6,,2,23,0,0,0,0,0,0,0,7.82,7.82,21143,False,sacked,PFR+RULE2PT+SCORE0,19671209-GNB-RAM,True,,True,True,,,0
Bart Starr,1967,14,1967-12-17,False,GNB,PIT,H,L,17,24,5,11,90,0,1,36.2,,1,0,0,0,0,0,0,0,0,1.6,1.6,21143,False,sacked,PFR+RULE2PT+SCORE0,19671217-PIT-GNB,True,,True,True,,,0
Bart Starr,1967,15,1967-12-23,True,GNB,RAM,H,W,28,7,17,23,222,1,1,100.3,,2,8,0,0,0,0,0,0,0,11.68,11.68,21143,False,sacked,PFR+RULE2PT+SCORE0,19671223-RAM-GNB,True,,True,True,,,0
Bart Starr,1967,16,1967-12-31,True,GNB,DAL,H,W,21,17,14,24,191,2,0,111.6,,1,1,1,0,0,0,0,0,0,21.74,21.74,21143,False,sacked,PFR+RULE2PT+SCORE0,19671231-DAL-GNB,True,,True,True,,,0
Bart Starr,1967,17,1968-01-14,True,GNB,OAK,N,W,33,14,13,24,202,1,0,96.2,,1,14,0,0,0,0,0,,,13.48,13.48,21143,False,sacked;two_pt;fum_rec_td,PFR,19680114-GNB-OAK-N,False,two_pt;fum_rec_td,False,True,two_pt;fum_rec_td,,6
Bart Starr,1968,1,1968-09-15,False,GNB,PHI,H,W,30,13,14,18,220,2,1,131.5,,1,0,0,0,0,0,0,0,0,14.8,14.8,21143,False,sacked,PFR+RULE2PT+SCORE0,19680915-PHI-GNB,True,,True,True,,,0
Bart Starr,1968,2,1968-09-22,False,GNB,MIN,H,L,13,26,14,22,148,1,2,60.4,,2,10,1,0,0,0,0,0,0,12.92,12.92,21143,False,sacked,PFR+RULE2PT+SCORE0,19680922-MIN-GNB,True,,True,True,,,0
Bart Starr,1968,3,1968-09-29,False,GNB,DET,H,L,17,23,9,19,255,2,3,89.1,,1,5,0,0,0,0,0,0,0,12.7,12.7,21143,False,sacked,PFR+RULE2PT+SCORE0,19680929-DET-GNB,True,,True,True,,,0
Bart Starr,1968,4,1968-10-06,False,GNB,ATL,A,W,38,7,21,31,275,3,0,127.8,,0,0,0,0,0,0,0,0,0,23.0,23.0,21143,False,sacked,PFR+RULE2PT+SCORE0,19681006-GNB-ATL,True,,True,True,,,0
Bart Starr,1968,6,1968-10-20,False,GNB,DET,A,T,14,14,1,1,3,1,0,118.7,,0,0,0,0,0,0,0,0,0,4.12,4.12,21143,False,sacked,PFR+RULE2PT+SCORE0,19681020-GNB-DET,True,,True,True,,,0
Bart Starr,1968,7,1968-10-28,False,GNB,DAL,A,W,28,17,17,25,260,4,1,125.0,,3,12,0,0,0,0,0,0,0,25.6,25.6,21143,False,sacked,PFR+RULE2PT+SCORE0,19681028-GNB-DAL,True,,True,True,,,0
Bart Starr,1968,8,1968-11-03,False,GNB,CHI,H,L,10,13,10,18,154,1,0,102.5,,1,15,0,0,0,0,0,0,0,11.66,11.66,21143,False,sacked,PFR+RULE2PT+SCORE0,19681103-CHI-GNB,True,,True,True,,,0
Bart Starr,1968,9,1968-11-10,False,GNB,MIN,A,L,10,14,12,19,118,0,1,58.7,,1,11,0,0,0,0,0,0,0,3.82,3.82,21143,False,sacked,PFR+RULE2PT+SCORE0,19681110-GNB-MIN,True,,True,True,,,0
Bart Starr,1968,10,1968-11-17,False,GNB,NOR,H,W,29,7,9,14,167,1,0,129.2,,2,9,0,0,0,0,0,0,,11.58,11.58,21143,False,sacked;fum_rec_td,PFR+RULE2PT,19681117-NOR-GNB,False,fum_rec_td,False,True,fum_rec_td,,6
Bart Starr,1968,12,1968-12-01,False,GNB,SFO,A,L,20,27,2,4,17,0,0,61.5,,0,0,0,0,0,0,0,0,0,0.68,0.68,21143,False,sacked,PFR+RULE2PT+SCORE0,19681201-GNB-SFO,True,,True,True,,,0
Bart Starr,1969,1,1969-09-21,False,GNB,CHI,H,W,17,0,9,14,106,1,0,111.0,,0,0,0,0,0,0,0,0,0,8.24,8.24,21143,False,sacked,PFR+RULE2PT+SCORE0,19690921-CHI-GNB,True,,True,True,,,0
Bart Starr,1969,2,1969-09-28,False,GNB,SFO,H,W,14,7,15,25,160,1,1,75.4,,1,0,0,0,0,0,0,0,0,8.4,8.4,21143,False,sacked,PFR+RULE2PT+SCORE0,19690928-SFO-GNB,True,,True,True,,,0
Bart Starr,1969,3,1969-10-05,False,GNB,MIN,A,L,7,19,18,31,128,1,1,65.0,,2,31,0,0,0,0,0,0,0,10.22,10.22,21143,False,sacked,PFR+RULE2PT+SCORE0,19691005-GNB-MIN,True,,True,True,,,0
Bart Starr,1969,4,1969-10-12,False,GNB,DET,A,W,28,17,13,20,234,2,0,138.3,,1,4,0,0,0,0,0,0,0,17.76,17.76,21143,False,sacked,PFR+RULE2PT+SCORE0,19691012-GNB-DET,True,,True,True,,,0
Bart Starr,1969,5,1969-10-19,False,GNB,RAM,A,L,21,34,8,10,93,2,0,145.0,,0,0,0,0,0,0,0,0,0,11.72,11.72,21143,False,sacked,PFR+RULE2PT+SCORE0,19691019-GNB-RAM,True,,True,True,,,0
Bart Starr,1969,6,1969-10-26,False,GNB,ATL,H,W,28,10,9,15,107,1,2,64.4,,1,10,0,0,0,0,0,0,,5.28,5.28,21143,False,sacked;fum_rec_td,PFR+RULE2PT,19691026-ATL-GNB,False,fum_rec_td,False,True,fum_rec_td,,6
Bart Starr,1969,7,1969-11-02,False,GNB,PIT,A,W,38,34,7,10,168,1,0,145.8,,0,0,0,0,0,0,0,0,0,10.72,10.72,21143,False,sacked,PFR+RULE2PT+SCORE0,19691102-GNB-PIT,True,,True,True,,,0
Bart Starr,1969,9,1969-11-16,False,GNB,MIN,H,L,7,9,12,21,151,0,2,40.1,,1,9,0,0,0,0,0,0,,2.94,2.94,21143,False,sacked;fum_rec_td,PFR+RULE2PT,19691116-MIN-GNB,False,fum_rec_td,False,True,fum_rec_td,,6
Bart Starr,1969,10,1969-11-23,False,GNB,DET,H,L,10,16,1,2,14,0,0,72.9,,1,6,0,0,0,0,0,0,0,1.16,1.16,21143,False,sacked,PFR+RULE2PT+SCORE0,19691123-DET-GNB,True,,True,True,,,0
Sonny Jurgensen,1960,1,1960-09-25,False,PHI,CLE,H,L,24,41,5,6,57,1,0,145.8,,0,0,0,0,0,0,0,0,0,6.28,6.28,11819,False,sacked,PFR+RULE2PT+SCORE0,19600925-CLE-PHI,True,,True,True,,,0
Sonny Jurgensen,1960,4,1960-10-16,False,PHI,DET,H,W,28,10,1,4,-3,0,0,39.6,,0,0,0,0,0,0,0,0,0,-0.12,-0.12,11819,False,sacked,PFR+RULE2PT+SCORE0,19601016-DET-PHI,True,,True,True,,,0
Sonny Jurgensen,1960,6,1960-11-06,False,PHI,PIT,H,W,34,7,2,4,25,0,0,69.8,,0,0,0,0,0,0,0,0,0,1.0,1.0,11819,False,sacked,PFR+RULE2PT+SCORE0,19601106-PIT-PHI,True,,True,True,,,0
Sonny Jurgensen,1960,11,1960-12-11,False,PHI,PIT,A,L,21,27,8,19,211,2,1,96.6,,1,-4,0,0,0,0,0,0,0,14.04,14.04,11819,False,sacked,PFR+RULE2PT+SCORE0,19601211-PHI-PIT,True,,True,True,,,0
Sonny Jurgensen,1960,12,1960-12-18,False,PHI,WAS,A,W,38,28,8,11,196,2,0,154.4,,3,9,0,0,0,0,0,0,0,16.74,16.74,11819,False,sacked,PFR+RULE2PT+SCORE0,19601218-PHI-WAS,True,,True,True,,,0
Sonny Jurgensen,1960,15,1960-12-26,True,PHI,GNB,H,W,17,13,0,0,0,0,0,0,,0,0,0,0,0,0,0,0,0,0.0,0.0,11819,False,sacked,PFR+RULE2PT+SCORE0,19601226-GNB-PHI,True,,True,True,,,0
Sonny Jurgensen,1961,1,1961-09-17,False,PHI,CLE,H,W,27,20,11,17,183,2,1,115.6,,1,1,0,0,0,0,0,0,0,13.42,13.42,11819,False,sacked,PFR+RULE2PT+SCORE0,19610917-CLE-PHI,True,,True,True,,,0
Sonny Jurgensen,1961,2,1961-09-24,False,PHI,WAS,H,W,14,7,11,28,210,2,3,50.3,,1,4,0,0,0,0,0,0,0,10.8,10.8,11819,False,sacked,PFR+RULE2PT+SCORE0,19610924-WAS-PHI,True,,True,True,,,0
Sonny Jurgensen,1961,3,1961-10-01,False,PHI,STL,H,L,27,30,24,36,399,3,2,108.4,,4,4,0,0,0,0,0,0,0,24.36,24.36,11819,False,sacked,PFR+RULE2PT+SCORE0,19611001-STL-PHI,True,,True,True,,,0
Sonny Jurgensen,1961,4,1961-10-08,False,PHI,PIT,H,W,21,16,11,22,109,2,3,55.1,,4,10,0,0,0,0,0,0,0,7.36,7.36,11819,False,sacked,PFR+RULE2PT+SCORE0,19611008-PIT-PHI,True,,True,True,,,0
Sonny Jurgensen,1961,5,1961-10-15,False,PHI,STL,A,W,20,7,17,32,233,2,0,97.5,,3,0,0,0,0,0,0,0,0,17.32,17.32,11819,False,sacked,PFR+RULE2PT+SCORE0,19611015-PHI-STL,True,,True,True,,,0
Sonny Jurgensen,1961,6,1961-10-22,False,PHI,DAL,A,W,43,7,10,15,154,0,0,100.4,,0,0,0,0,0,0,0,0,0,6.16,6.16,11819,False,sacked,PFR+RULE2PT+SCORE0,19611022-PHI-DAL,True,,True,True,,,0
Sonny Jurgensen,1961,7,1961-10-29,False,PHI,WAS,A,W,27,24,27,41,436,3,2,105.3,,2,-5,0,0,0,0,0,0,0,24.94,24.94,11819,False,sacked,PFR+RULE2PT+SCORE0,19611029-PHI-WAS,True,,True,True,,,0
Sonny Jurgensen,1961,8,1961-11-05,False,PHI,CHI,H,W,16,14,18,33,249,1,3,51.2,,1,-4,0,0,0,0,0,0,0,7.56,7.56,11819,False,sacked,PFR+RULE2PT+SCORE0,19611105-CHI-PHI,True,,True,True,,,0
Sonny Jurgensen,1961,9,1961-11-12,False,PHI,NYG,A,L,21,38,15,33,188,2,3,46.0,,1,3,0,0,0,0,0,0,0,9.82,9.82,11819,False,sacked,PFR+RULE2PT+SCORE0,19611112-PHI-NYG,True,,True,True,,,0
Sonny Jurgensen,1961,10,1961-11-19,False,PHI,CLE,A,L,24,45,18,32,230,2,1,86.7,,0,0,0,0,0,0,0,0,0,15.2,15.2,11819,False,sacked,PFR+RULE2PT+SCORE0,19611119-PHI-CLE,True,,True,True,,,0
Sonny Jurgensen,1961,11,1961-11-26,False,PHI,DAL,H,W,35,13,16,23,351,5,2,115.5,,0,0,0,0,0,0,0,0,0,30.04,30.04,11819,False,sacked,PFR+RULE2PT+SCORE0,19611126-DAL-PHI,True,,True,True,,,0
Sonny Jurgensen,1961,12,1961-12-03,False,PHI,PIT,A,W,35,24,14,31,211,2,0,89.6,,1,0,0,0,0,0,0,0,0,16.44,16.44,11819,False,sacked,PFR+RULE2PT+SCORE0,19611203-PHI-PIT,True,,True,True,,,0
Sonny Jurgensen,1961,13,1961-12-10,False,PHI,NYG,H,L,24,28,16,31,367,3,2,99.8,,1,14,0,0,0,0,0,0,0,24.08,24.08,11819,False,sacked,PFR+RULE2PT+SCORE0,19611210-NYG-PHI,True,,True,True,,,0
Sonny Jurgensen,1961,14,1961-12-17,False,PHI,DET,A,W,27,24,27,42,403,3,2,99.6,,1,0,0,0,0,0,0,0,0,24.12,24.12,11819,False,sacked,PFR+RULE2PT+SCORE0,19611217-PHI-DET,True,,True,True,,,0
Sonny Jurgensen,1962,1,1962-09-16,False,PHI,STL,H,L,21,27,15,25,273,1,2,77.6,,2,1,0,0,0,0,0,0,,11.02,11.02,11819,False,sacked;fum_rec_td,PFR+RULE2PT,19620916-STL-PHI,False,fum_rec_td,False,True,fum_rec_td,,6
Sonny Jurgensen,1962,2,1962-09-23,False,PHI,NYG,H,L,13,29,33,57,396,1,3,63.2,,1,-7,0,0,0,0,0,0,0,13.14,13.14,11819,False,sacked,PFR+RULE2PT+SCORE0,19620923-NYG-PHI,True,,True,True,,,0
Sonny Jurgensen,1962,3,1962-09-30,False,PHI,CLE,H,W,35,7,18,24,265,2,2,103.6,,1,1,1,0,0,0,0,0,0,20.7,20.7,11819,False,sacked,PFR+RULE2PT+SCORE0,19620930-CLE-PHI,True,,True,True,,,0
Sonny Jurgensen,1962,4,1962-10-06,False,PHI,PIT,A,L,7,13,13,33,163,1,2,40.3,,2,0,0,0,0,0,0,0,0,6.52,6.52,11819,False,sacked,PFR+RULE2PT+SCORE0,19621006-PHI-PIT,True,,True,True,,,0
Sonny Jurgensen,1962,5,1962-10-14,False,PHI,DAL,A,L,19,41,4,10,60,0,0,60.4,,0,0,0,0,0,0,0,0,0,2.4,2.4,11819,False,sacked,PFR+RULE2PT+SCORE0,19621014-PHI-DAL,True,,True,True,,,0
Sonny Jurgensen,1962,6,1962-10-21,False,PHI,WAS,H,L,21,27,15,22,231,3,2,104.4,,0,0,0,0,0,0,0,0,0,17.24,17.24,11819,False,sacked,PFR+RULE2PT+SCORE0,19621021-WAS-PHI,True,,True,True,,,0
Sonny Jurgensen,1962,7,1962-10-28,False,PHI,MIN,A,L,21,31,12,23,297,2,2,90.4,,0,0,0,0,0,0,0,0,0,15.88,15.88,11819,False,sacked,PFR+RULE2PT+SCORE0,19621028-PHI-MIN,True,,True,True,,,0
Sonny Jurgensen,1962,8,1962-11-04,False,PHI,CLE,A,T,14,14,15,27,142,1,3,43.1,,1,2,0,0,0,0,0,0,0,3.88,3.88,11819,False,sacked,PFR+RULE2PT+SCORE0,19621104-PHI-CLE,True,,True,True,,,0
Sonny Jurgensen,1962,9,1962-11-11,False,PHI,GNB,H,L,0,49,4,13,35,0,1,8.2,,0,0,0,0,0,0,0,0,0,-0.6,-0.6,11819,False,sacked,PFR+RULE2PT+SCORE0,19621111-GNB-PHI,True,,True,True,,,0
Sonny Jurgensen,1962,10,1962-11-18,False,PHI,NYG,A,L,14,19,8,23,119,1,0,67.1,,0,0,0,0,0,0,0,0,0,8.76,8.76,11819,False,sacked,PFR+RULE2PT+SCORE0,19621118-PHI-NYG,True,,True,True,,,0
Sonny Jurgensen,1962,11,1962-11-25,False,PHI,DAL,H,W,28,14,13,21,342,1,2,82.0,,4,20,1,0,0,0,0,0,0,21.68,21.68,11819,False,sacked,PFR+RULE2PT+SCORE0,19621125-DAL-PHI,True,,True,True,,,0
Sonny Jurgensen,1962,12,1962-12-02,False,PHI,WAS,A,W,37,14,14,19,261,2,1,128.7,,2,13,0,0,0,0,0,0,0,17.74,17.74,11819,False,sacked,PFR+RULE2PT+SCORE0,19621202-PHI-WAS,True,,True,True,,,0
Sonny Jurgensen,1962,13,1962-12-09,False,PHI,PIT,H,L,17,26,17,35,258,2,3,56.6,,0,0,0,0,0,0,0,0,0,12.32,12.32,11819,False,sacked,PFR+RULE2PT+SCORE0,19621209-PIT-PHI,True,,True,True,,,0
Sonny Jurgensen,1962,14,1962-12-16,False,PHI,STL,A,L,35,45,15,34,419,5,3,93.0,,4,14,0,0,0,0,0,0,0,32.16,32.16,11819,False,sacked,PFR+RULE2PT+SCORE0,19621216-PHI-STL,True,,True,True,,,0
Sonny Jurgensen,1963,1,1963-09-15,False,PHI,PIT,H,T,21,21,16,26,322,3,2,111.4,,2,2,0,0,0,0,0,0,0,21.08,21.08,11819,False,sacked,PFR+RULE2PT+SCORE0,19630915-PIT-PHI,True,,True,True,,,0
Sonny Jurgensen,1963,2,1963-09-22,False,PHI,STL,H,L,24,28,12,24,166,0,0,72.6,,1,1,1,0,0,0,0,0,0,12.74,12.74,11819,False,sacked,PFR+RULE2PT+SCORE0,19630922-STL-PHI,True,,True,True,,,0
Sonny Jurgensen,1963,3,1963-09-29,False,PHI,NYG,H,L,14,37,5,10,50,0,4,25.0,,2,8,0,0,0,0,0,0,0,-5.2,-5.2,11819,False,sacked,PFR+RULE2PT+SCORE0,19630929-NYG-PHI,True,,True,True,,,0
Sonny Jurgensen,1963,4,1963-10-06,False,PHI,DAL,H,W,24,21,0,1,0,0,0,39.6,,0,0,0,0,0,0,0,0,0,0.0,0.0,11819,False,sacked,PFR+RULE2PT+SCORE0,19631006-DAL-PHI,True,,True,True,,,0
Sonny Jurgensen,1963,5,1963-10-13,False,PHI,WAS,A,W,37,24,17,29,315,4,2,107.0,,0,0,0,0,0,0,0,0,0,24.6,24.6,11819,False,sacked,PFR+RULE2PT+SCORE0,19631013-PHI-WAS,True,,True,True,,,0
Sonny Jurgensen,1963,6,1963-10-20,False,PHI,CLE,A,L,7,37,7,13,76,1,1,64.9,,0,0,0,0,0,0,0,0,0,5.04,5.04,11819,False,sacked,PFR+RULE2PT+SCORE0,19631020-PHI-CLE,True,,True,True,,,0
Sonny Jurgensen,1963,11,1963-11-24,False,PHI,WAS,H,L,10,13,19,37,209,1,1,66.2,,3,7,0,0,0,0,0,0,0,11.06,11.06,11819,False,sacked,PFR+RULE2PT+SCORE0,19631124-WAS-PHI,True,,True,True,,,0
Sonny Jurgensen,1963,13,1963-12-08,False,PHI,STL,A,L,14,38,10,18,121,0,1,53.2,,0,0,0,0,0,0,0,0,0,2.84,2.84,11819,False,sacked,PFR+RULE2PT+SCORE0,19631208-PHI-STL,True,,True,True,,,0
Sonny Jurgensen,1963,14,1963-12-15,False,PHI,MIN,H,L,13,34,13,26,154,2,2,62.0,,5,20,0,0,0,0,0,0,0,12.16,12.16,11819,False,sacked,PFR+RULE2PT+SCORE0,19631215-MIN-PHI,True,,True,True,,,0
Sonny Jurgensen,1964,1,1964-09-13,False,WAS,CLE,H,L,13,27,17,30,235,0,0,81.9,,2,10,0,0,0,0,0,0,0,10.4,10.4,11819,False,sacked,PFR+RULE2PT+SCORE0,19640913-CLE-WAS,True,,True,True,,,0
Sonny Jurgensen,1964,2,1964-09-20,False,WAS,DAL,A,L,18,24,6,21,75,0,1,22.1,,1,0,0,0,0,0,0,0,0,1.0,1.0,11819,False,sacked,PFR+RULE2PT+SCORE2,19640920-WAS-DAL,True,,True,True,,,2
Sonny Jurgensen,1964,3,1964-09-25,False,WAS,NYG,A,L,10,13,14,24,157,1,0,91.8,,2,23,0,0,0,0,0,0,0,12.58,12.58,11819,False,sacked,PFR+RULE2PT+SCORE0,19640925-WAS-NYG,True,,True,True,,,0
Sonny Jurgensen,1964,4,1964-10-04,False,WAS,STL,H,L,17,23,12,24,170,1,2,52.4,,2,7,0,0,0,0,0,0,0,7.5,7.5,11819,False,sacked,PFR+RULE2PT+SCORE0,19641004-STL-WAS,True,,True,True,,,0
Sonny Jurgensen,1964,5,1964-10-11,False,WAS,PHI,H,W,35,20,22,33,385,5,2,120.6,,1,-5,0,0,0,0,0,0,0,30.9,30.9,11819,False,sacked,PFR+RULE2PT+SCORE0,19641011-PHI-WAS,True,,True,True,,,0
Sonny Jurgensen,1964,6,1964-10-18,False,WAS,STL,A,L,24,38,11,25,159,2,1,75.2,,2,3,1,0,0,0,0,0,0,18.66,18.66,11819,False,sacked,PFR+RULE2PT+SCORE0,19641018-WAS-STL,True,,True,True,,,0
Sonny Jurgensen,1964,7,1964-10-25,False,WAS,CHI,H,W,27,20,16,31,205,4,1,98.8,,1,-4,0,0,0,0,0,0,0,21.8,21.8,11819,False,sacked,PFR+RULE2PT+SCORE0,19641025-CHI-WAS,True,,True,True,,,0
Sonny Jurgensen,1964,8,1964-11-01,False,WAS,PHI,A,W,21,10,7,18,141,1,1,62.5,,4,-5,0,0,0,0,0,0,0,7.14,7.14,11819,False,sacked,PFR+RULE2PT+SCORE0,19641101-WAS-PHI,True,,True,True,,,0
Sonny Jurgensen,1964,9,1964-11-08,False,WAS,CLE,A,L,24,34,21,36,261,3,1,97.1,,2,14,0,0,0,0,0,0,0,21.84,21.84,11819,False,sacked,PFR+RULE2PT+SCORE0,19641108-WAS-CLE,True,,True,True,,,0
Sonny Jurgensen,1964,10,1964-11-15,False,WAS,PIT,A,W,30,0,7,10,210,2,1,112.5,,1,3,0,0,0,0,0,0,,14.7,14.7,11819,False,sacked;fum_rec_td,PFR+RULE2PT,19641115-WAS-PIT,False,fum_rec_td,False,True,fum_rec_td,,6
Sonny Jurgensen,1964,11,1964-11-22,False,WAS,DAL,H,W,28,16,20,33,307,1,1,88.8,,4,0,1,0,0,0,0,0,,20.28,20.28,11819,False,sacked;fum_rec_td,PFR+RULE2PT,19641122-DAL-WAS,False,fum_rec_td,False,True,fum_rec_td,,12
Sonny Jurgensen,1964,12,1964-11-29,False,WAS,NYG,H,W,36,21,24,43,319,4,0,110.5,,2,16,0,0,0,0,0,0,0,30.36,30.36,11819,False,sacked,PFR+RULE2PT+SCORE0,19641129-NYG-WAS,True,,True,True,,,0
Sonny Jurgensen,1964,13,1964-12-06,False,WAS,PIT,H,L,7,14,17,35,136,0,1,46.8,,1,-7,0,0,0,0,0,0,0,2.74,2.74,11819,False,sacked,PFR+RULE2PT+SCORE0,19641206-PIT-WAS,True,,True,True,,,0
Sonny Jurgensen,1964,14,1964-12-13,False,WAS,BAL,A,L,17,45,13,22,174,0,1,65.3,,2,2,1,0,0,0,0,0,0,11.16,11.16,11819,False,sacked,PFR+RULE2PT+SCORE0,19641213-WAS-BAL,True,,True,True,,,0
Sonny Jurgensen,1965,1,1965-09-19,False,WAS,CLE,H,L,7,17,9,21,124,0,1,42.6,,0,0,0,0,0,0,0,0,0,2.96,2.96,11819,False,sacked,PFR+RULE2PT+SCORE0,19650919-CLE-WAS,True,,True,True,,,0
Sonny Jurgensen,1965,2,1965-09-26,False,WAS,DAL,A,L,7,27,13,30,206,1,1,64.0,,1,1,0,0,0,0,0,0,0,10.34,10.34,11819,False,sacked,PFR+RULE2PT+SCORE0,19650926-WAS-DAL,True,,True,True,,,0
Sonny Jurgensen,1965,3,1965-10-03,False,WAS,DET,A,L,10,14,6,11,19,0,4,20.5,,0,0,0,0,0,0,0,0,,-7.24,-7.24,11819,False,sacked;fum_rec_td,PFR+RULE2PT,19651003-WAS-DET,False,fum_rec_td,False,True,fum_rec_td,,6
Sonny Jurgensen,1965,5,1965-10-17,False,WAS,BAL,H,L,7,38,21,40,205,0,2,46.4,,3,45,1,0,0,0,0,0,0,14.7,14.7,11819,False,sacked,PFR+RULE2PT+SCORE0,19651017-BAL-WAS,True,,True,True,,,0
Sonny Jurgensen,1965,6,1965-10-24,False,WAS,STL,A,W,24,20,12,14,195,3,0,158.3,,3,-9,0,0,0,0,0,0,0,18.9,18.9,11819,False,sacked,PFR+RULE2PT+SCORE0,19651024-WAS-STL,True,,True,True,,,0
Sonny Jurgensen,1965,7,1965-10-31,False,WAS,PHI,H,W,23,21,23,35,293,2,1,98.9,,3,-10,0,0,0,0,0,0,0,16.72,16.72,11819,False,sacked,PFR+RULE2PT+SCORE0,19651031-PHI-WAS,True,,True,True,,,0
Sonny Jurgensen,1965,8,1965-11-07,False,WAS,NYG,A,W,23,7,10,20,125,0,1,49.0,,0,0,0,0,0,0,0,0,,3.0,3.0,11819,False,sacked;fum_rec_td,PFR+RULE2PT,19651107-WAS-NYG,False,fum_rec_td,False,True,fum_rec_td,,6
Sonny Jurgensen,1965,9,1965-11-14,False,WAS,PHI,A,L,14,21,16,29,177,2,1,82.1,,0,0,0,0,0,0,0,0,0,13.08,13.08,11819,False,sacked,PFR+RULE2PT+SCORE0,19651114-WAS-PHI,True,,True,True,,,0
Sonny Jurgensen,1965,10,1965-11-21,False,WAS,PIT,A,W,31,3,9,23,121,1,1,53.0,,1,0,0,0,0,0,0,0,0,6.84,6.84,11819,False,sacked,PFR+RULE2PT+SCORE0,19651121-WAS-PIT,True,,True,True,,,0
Sonny Jurgensen,1965,11,1965-11-28,False,WAS,DAL,H,W,34,31,26,43,411,3,2,96.2,,3,11,1,0,0,0,0,0,0,31.54,31.54,11819,False,sacked,PFR+RULE2PT+SCORE0,19651128-DAL-WAS,True,,True,True,,,0
Sonny Jurgensen,1965,12,1965-12-05,False,WAS,CLE,A,L,16,24,18,35,155,1,2,49.1,,1,-17,0,0,0,0,0,0,0,4.5,4.5,11819,False,sacked,PFR+RULE2PT+SCORE0,19651205-WAS-CLE,True,,True,True,,,0
Sonny Jurgensen,1965,13,1965-12-12,False,WAS,NYG,H,L,10,27,15,34,184,0,0,61.4,,2,2,0,0,0,0,0,0,0,7.56,7.56,11819,False,sacked,PFR+RULE2PT+SCORE0,19651212-NYG-WAS,True,,True,True,,,0
Sonny Jurgensen,1965,14,1965-12-19,False,WAS,PIT,H,W,35,14,12,21,152,2,0,111.6,,0,0,0,0,0,0,0,0,,14.08,14.08,11819,False,sacked;fum_rec_td,PFR+RULE2PT,19651219-PIT-WAS,False,fum_rec_td,False,True,fum_rec_td,,18
Sonny Jurgensen,1966,1,1966-09-11,False,WAS,CLE,H,L,14,38,17,35,240,1,5,41.1,,0,0,0,0,0,0,0,0,0,3.6,3.6,11819,False,sacked,PFR+RULE2PT+SCORE0,19660911-CLE-WAS,True,,True,True,,,0
Sonny Jurgensen,1966,2,1966-09-18,False,WAS,STL,A,L,7,23,18,32,197,1,0,85.0,,0,0,0,0,0,0,0,0,0,11.88,11.88,11819,False,sacked,PFR+RULE2PT+SCORE0,19660918-WAS-STL,True,,True,True,,,0
Sonny Jurgensen,1966,3,1966-09-25,False,WAS,PIT,A,W,33,27,20,33,235,2,2,77.2,,3,5,0,0,0,0,0,0,0,13.9,13.9,11819,False,sacked,PFR+RULE2PT+SCORE0,19660925-WAS-PIT,True,,True,True,,,0
Sonny Jurgensen,1966,4,1966-10-02,False,WAS,PIT,H,W,24,10,14,21,262,3,0,149.2,,1,8,0,0,0,0,0,0,0,23.28,23.28,11819,False,sacked,PFR+RULE2PT+SCORE0,19661002-PIT-WAS,True,,True,True,,,0
Sonny Jurgensen,1966,5,1966-10-09,False,WAS,ATL,H,W,33,20,17,26,286,2,0,128.0,,1,-8,0,0,0,0,0,0,0,18.64,18.64,11819,False,sacked,PFR+RULE2PT+SCORE0,19661009-ATL-WAS,True,,True,True,,,0
Sonny Jurgensen,1966,6,1966-10-16,False,WAS,NYG,A,L,10,13,9,20,125,1,2,42.7,,1,0,0,0,0,0,0,0,0,5.0,5.0,11819,False,sacked,PFR+RULE2PT+SCORE0,19661016-WAS-NYG,True,,True,True,,,0
Sonny Jurgensen,1966,7,1966-10-23,False,WAS,STL,H,W,26,20,20,35,246,2,1,86.1,,0,0,0,0,0,0,0,0,0,15.84,15.84,11819,False,sacked,PFR+RULE2PT+SCORE0,19661023-STL-WAS,True,,True,True,,,0
Sonny Jurgensen,1966,8,1966-10-30,False,WAS,PHI,A,W,27,13,18,31,171,2,2,68.1,,0,0,0,0,0,0,0,0,0,10.84,10.84,11819,False,sacked,PFR+RULE2PT+SCORE0,19661030-WAS-PHI,True,,True,True,,,0
Sonny Jurgensen,1966,9,1966-11-06,False,WAS,BAL,A,L,10,37,21,32,220,1,2,69.8,,1,-2,0,0,0,0,0,0,0,8.6,8.6,11819,False,sacked,PFR+RULE2PT+SCORE0,19661106-WAS-BAL,True,,True,True,,,0
Sonny Jurgensen,1966,10,1966-11-13,False,WAS,DAL,H,L,30,31,26,46,347,3,0,102.4,,1,-4,0,0,0,0,0,0,0,25.48,25.48,11819,False,sacked,PFR+RULE2PT+SCORE0,19661113-DAL-WAS,True,,True,True,,,0
Sonny Jurgensen,1966,11,1966-11-20,False,WAS,CLE,A,L,3,14,27,38,178,0,2,58.9,,2,-4,0,0,0,0,0,0,0,2.72,2.72,11819,False,sacked,PFR+RULE2PT+SCORE0,19661120-WAS-CLE,True,,True,True,,,0
Sonny Jurgensen,1966,12,1966-11-27,False,WAS,NYG,H,W,72,41,10,16,145,3,0,131.5,,0,0,0,0,0,0,0,0,,17.8,17.8,11819,False,sacked;fum_rec_td,PFR+RULE2PT,19661127-NYG-WAS,False,fum_rec_td,False,True,fum_rec_td,,12
Sonny Jurgensen,1966,13,1966-12-11,False,WAS,DAL,A,W,34,31,18,33,308,3,1,104.1,,0,0,0,0,0,0,0,0,,22.32,22.32,11819,False,sacked;fum_rec_td,PFR+RULE2PT,19661211-WAS-DAL,False,fum_rec_td,False,True,fum_rec_td,,6
Sonny Jurgensen,1966,14,1966-12-18,False,WAS,PHI,H,L,28,37,19,38,249,4,2,84.2,,2,19,0,0,0,0,0,0,0,23.86,23.86,11819,False,sacked,PFR+RULE2PT+SCORE0,19661218-PHI-WAS,True,,True,True,,,0
Sonny Jurgensen,1967,1,1967-09-17,False,WAS,PHI,A,L,24,35,25,46,324,1,0,84.0,,0,0,0,0,0,0,0,0,0,16.96,16.96,11819,False,sacked,PFR+RULE2PT+SCORE0,19670917-WAS-PHI,True,,True,True,,,0
Sonny Jurgensen,1967,2,1967-09-24,False,WAS,NOR,A,W,30,10,9,14,148,1,1,93.7,,1,4,0,0,0,0,0,0,0,8.32,8.32,11819,False,sacked,PFR+RULE2PT+SCORE0,19670924-WAS-NOR,True,,True,True,,,0
Sonny Jurgensen,1967,3,1967-10-01,False,WAS,NYG,H,W,38,34,22,36,285,2,1,92.9,,1,1,1,0,0,0,0,0,,23.5,23.5,11819,False,sacked;fum_rec_td,PFR+RULE2PT,19671001-NYG-WAS,False,fum_rec_td,False,True,fum_rec_td,,6
Sonny Jurgensen,1967,4,1967-10-08,False,WAS,DAL,H,L,14,17,20,33,260,1,1,82.9,,2,-15,0,0,0,0,0,0,0,10.9,10.9,11819,False,sacked,PFR+RULE2PT+SCORE0,19671008-DAL-WAS,True,,True,True,,,0
Sonny Jurgensen,1967,5,1967-10-15,False,WAS,ATL,A,T,20,20,28,41,326,3,2,96.2,,0,0,0,0,0,0,0,0,0,21.04,21.04,11819,False,sacked,PFR+RULE2PT+SCORE0,19671015-WAS-ATL,True,,True,True,,,0
Sonny Jurgensen,1967,6,1967-10-22,False,WAS,RAM,A,T,28,28,18,41,334,4,0,105.1,,1,6,0,0,0,0,0,0,0,29.96,29.96,11819,False,sacked,PFR+RULE2PT+SCORE0,19671022-WAS-RAM,True,,True,True,,,0
Sonny Jurgensen,1967,7,1967-10-29,False,WAS,BAL,H,L,13,17,25,35,226,1,1,86.1,,4,5,0,0,0,0,0,0,0,11.54,11.54,11819,False,sacked,PFR+RULE2PT+SCORE0,19671029-BAL-WAS,True,,True,True,,,0
Sonny Jurgensen,1967,8,1967-11-05,False,WAS,STL,H,L,21,27,6,18,135,1,1,56.5,,2,12,1,0,0,0,0,0,,14.6,14.6,11819,False,sacked;fum_rec_td,PFR+RULE2PT,19671105-STL-WAS,False,fum_rec_td,False,True,fum_rec_td,,6
Sonny Jurgensen,1967,9,1967-11-12,False,WAS,SFO,H,W,31,28,22,41,291,3,1,90.6,,0,0,0,0,0,0,0,0,0,21.64,21.64,11819,False,sacked,PFR+RULE2PT+SCORE0,19671112-SFO-WAS,True,,True,True,,,0
Sonny Jurgensen,1967,10,1967-11-19,False,WAS,DAL,A,W,27,20,23,33,265,4,1,120.6,,0,0,0,0,0,0,0,0,0,24.6,24.6,11819,False,sacked,PFR+RULE2PT+SCORE0,19671119-WAS-DAL,True,,True,True,,,0
Sonny Jurgensen,1967,11,1967-11-26,False,WAS,CLE,A,L,37,42,32,50,418,3,1,101.9,,1,21,0,0,0,0,0,0,0,28.82,28.82,11819,False,sacked,PFR+RULE2PT+SCORE0,19671126-WAS-CLE,True,,True,True,,,0
Sonny Jurgensen,1967,12,1967-12-03,False,WAS,PHI,H,T,35,35,30,50,366,4,2,92.6,,1,13,0,0,0,0,0,0,0,27.94,27.94,11819,False,sacked,PFR+RULE2PT+SCORE0,19671203-PHI-WAS,True,,True,True,,,0
Sonny Jurgensen,1967,13,1967-12-10,False,WAS,PIT,A,W,15,10,9,32,155,1,3,18.6,,2,-1,0,0,0,0,0,0,0,4.1,4.1,11819,False,sacked,PFR+RULE2PT+SCORE2,19671210-WAS-PIT,True,,True,True,,,2
Sonny Jurgensen,1967,14,1967-12-17,False,WAS,NOR,H,L,14,30,19,38,214,2,1,73.8,,0,0,0,0,0,0,0,0,0,14.56,14.56,11819,False,sacked,PFR+RULE2PT+SCORE0,19671217-NOR-WAS,True,,True,True,,,0
Sonny Jurgensen,1968,1,1968-09-15,False,WAS,CHI,A,W,38,28,14,21,276,4,0,149.3,,0,0,0,0,0,0,0,0,0,27.04,27.04,11819,False,sacked,PFR+RULE2PT+SCORE0,19680915-WAS-CHI,True,,True,True,,,0
Sonny Jurgensen,1968,2,1968-09-22,False,WAS,NOR,A,L,17,37,13,24,172,2,1,87.5,,1,-1,0,0,0,0,0,0,0,12.78,12.78,11819,False,sacked,PFR+RULE2PT+SCORE0,19680922-WAS-NOR,True,,True,True,,,0
Sonny Jurgensen,1968,3,1968-09-29,False,WAS,NYG,A,L,21,48,26,40,270,2,3,69.8,,0,0,0,0,0,0,0,0,0,12.8,12.8,11819,False,sacked,PFR+RULE2PT+SCORE0,19680929-WAS-NYG,True,,True,True,,,0
Sonny Jurgensen,1968,4,1968-10-06,False,WAS,PHI,H,W,17,14,21,29,196,1,1,87.7,,2,4,1,0,0,0,0,0,0,16.24,16.24,11819,False,sacked,PFR+RULE2PT+SCORE0,19681006-PHI-WAS,True,,True,True,,,0
Sonny Jurgensen,1968,5,1968-10-13,False,WAS,PIT,H,W,16,13,15,29,178,2,1,79.4,,2,12,0,0,0,0,0,0,0,14.32,14.32,11819,False,sacked,PFR+RULE2PT+SCORE0,19681013-PIT-WAS,True,,True,True,,,0
Sonny Jurgensen,1968,6,1968-10-20,False,WAS,STL,A,L,14,41,17,23,211,1,0,116.4,,0,0,0,0,0,0,0,0,0,12.44,12.44,11819,False,sacked,PFR+RULE2PT+SCORE0,19681020-WAS-STL,True,,True,True,,,0
Sonny Jurgensen,1968,7,1968-10-27,False,WAS,NYG,H,L,10,13,7,25,73,0,1,22.9,,0,0,0,0,0,0,0,0,,0.92,0.92,11819,False,sacked;fum_rec_td,PFR+RULE2PT,19681027-NYG-WAS,False,fum_rec_td,False,True,fum_rec_td,,6
Sonny Jurgensen,1968,8,1968-11-03,False,WAS,MIN,A,L,14,27,12,18,85,0,1,54.2,,0,0,0,0,0,0,0,0,,1.4,1.4,11819,False,sacked;fum_rec_td,PFR+RULE2PT,19681103-WAS-MIN,False,fum_rec_td,False,True,fum_rec_td,,6
Sonny Jurgensen,1968,9,1968-11-10,False,WAS,PHI,A,W,16,10,0,6,0,0,0,39.6,,0,0,0,0,0,0,0,0,0,0.0,0.0,11819,False,sacked,PFR+RULE2PT+SCORE0,19681110-WAS-PHI,True,,True,True,,,0
Sonny Jurgensen,1968,10,1968-11-17,False,WAS,DAL,H,L,24,44,12,25,228,2,0,106.7,,1,5,0,0,0,0,0,0,,17.62,17.62,11819,False,sacked;fum_rec_td,PFR+RULE2PT,19681117-DAL-WAS,False,fum_rec_td,False,True,fum_rec_td,,6
Sonny Jurgensen,1968,11,1968-11-24,False,WAS,GNB,H,L,7,27,18,29,164,1,0,88.9,,1,-6,0,0,0,0,0,0,0,9.96,9.96,11819,False,sacked,PFR+RULE2PT+SCORE0,19681124-GNB-WAS,True,,True,True,,,0
Sonny Jurgensen,1968,13,1968-12-08,False,WAS,CLE,H,L,21,24,12,23,127,2,3,58.0,,1,7,0,0,0,0,0,0,0,7.78,7.78,11819,False,sacked,PFR+RULE2PT+SCORE0,19681208-CLE-WAS,True,,True,True,,,0
Sonny Jurgensen,1969,1,1969-09-21,False,WAS,NOR,A,W,26,20,10,23,229,3,0,119.4,,0,0,0,0,0,0,0,0,0,21.16,21.16,11819,False,sacked,PFR+RULE2PT+SCORE2,19690921-WAS-NOR,True,,True,True,,,2
Sonny Jurgensen,1969,2,1969-09-28,False,WAS,CLE,A,L,23,27,14,18,121,2,0,131.7,,1,33,0,0,0,0,0,0,0,16.14,16.14,11819,False,sacked,PFR+RULE2PT+SCORE0,19690928-WAS-CLE,True,,True,True,,,0
Sonny Jurgensen,1969,3,1969-10-05,False,WAS,SFO,A,T,17,17,27,39,258,1,1,85.2,,0,0,0,0,0,0,0,0,0,12.32,12.32,11819,False,sacked,PFR+RULE2PT+SCORE0,19691005-WAS-SFO,True,,True,True,,,0
Sonny Jurgensen,1969,4,1969-10-12,False,WAS,STL,H,W,33,17,19,34,238,2,0,97.4,,0,0,0,0,0,0,0,0,0,17.52,17.52,11819,False,sacked,PFR+RULE2PT+SCORE0,19691012-STL-WAS,True,,True,True,,,0
Sonny Jurgensen,1969,5,1969-10-19,False,WAS,NYG,H,W,20,14,11,21,111,0,1,47.9,,2,20,0,0,0,0,0,0,0,4.44,4.44,11819,False,sacked,PFR+RULE2PT+SCORE0,19691019-NYG-WAS,True,,True,True,,,0
Sonny Jurgensen,1969,6,1969-10-26,False,WAS,PIT,A,W,14,7,14,29,155,1,2,47.3,,4,31,1,0,0,0,0,0,0,15.3,15.3,11819,False,sacked,PFR+RULE2PT+SCORE0,19691026-WAS-PIT,True,,True,True,,,0
Sonny Jurgensen,1969,7,1969-11-02,False,WAS,BAL,A,L,17,41,28,38,339,2,3,85.3,,0,0,0,0,0,0,0,0,0,15.56,15.56,11819,False,sacked,PFR+RULE2PT+SCORE0,19691102-WAS-BAL,True,,True,True,,,0
Sonny Jurgensen,1969,8,1969-11-09,False,WAS,PHI,H,T,28,28,22,32,252,2,0,113.0,,1,7,0,0,0,0,0,0,,18.78,18.78,11819,False,sacked;fum_rec_td,PFR+RULE2PT,19691109-PHI-WAS,False,fum_rec_td,False,True,fum_rec_td,,6
Sonny Jurgensen,1969,9,1969-11-16,False,WAS,DAL,H,L,28,41,24,35,338,4,4,98.0,,4,24,0,0,0,0,0,0,0,23.92,23.92,11819,False,sacked,PFR+RULE2PT+SCORE0,19691116-DAL-WAS,True,,True,True,,,0
Sonny Jurgensen,1969,10,1969-11-23,False,WAS,ATL,H,W,27,20,26,32,300,2,1,113.5,,1,10,0,0,0,0,0,0,0,19.0,19.0,11819,False,sacked,PFR+RULE2PT+SCORE0,19691123-ATL-WAS,True,,True,True,,,0
Sonny Jurgensen,1969,11,1969-11-30,False,WAS,RAM,H,L,13,24,21,39,206,0,2,47.6,,0,0,0,0,0,0,0,0,0,4.24,4.24,11819,False,sacked,PFR+RULE2PT+SCORE0,19691130-RAM-WAS,True,,True,True,,,0
Sonny Jurgensen,1969,12,1969-12-07,False,WAS,PHI,A,W,34,29,18,33,182,2,0,90.7,,2,4,0,0,0,0,0,0,,15.68,15.68,11819,False,sacked;fum_rec_td,PFR+RULE2PT,19691207-WAS-PHI,False,fum_rec_td,False,True,fum_rec_td,,6
Sonny Jurgensen,1969,13,1969-12-14,False,WAS,NOR,H,W,17,14,15,28,167,1,0,83.5,,1,8,0,0,0,0,0,0,0,11.48,11.48,11819,False,sacked,PFR+RULE2PT+SCORE0,19691214-NOR-WAS,True,,True,True,,,0
Sonny Jurgensen,1969,14,1969-12-21,False,WAS,DAL,A,L,10,20,25,41,206,0,1,63.7,,1,19,0,0,0,0,0,0,,8.14,8.14,11819,False,sacked;fum_rec_td,PFR+RULE2PT,19691221-WAS-DAL,False,fum_rec_td,False,True,fum_rec_td,,6
Len Dawson,1960,3,1960-10-16,False,CLE,DAL,A,W,48,7,8,13,23,0,0,65.9,,1,0,0,0,0,0,0,0,,0.92,0.92,5361,False,sacked;fum_rec_td,PFR+RULE2PT,19601016-CLE-DAL,False,fum_rec_td,False,True,fum_rec_td,,6
Len Dawson,1961,4,1961-10-08,False,CLE,WAS,H,W,31,7,1,1,17,1,0,158.3,,0,0,0,0,0,0,0,0,0,4.68,4.68,5361,False,sacked,PFR+RULE2PT+SCORE0,19611008-WAS-CLE,True,,True,True,,,0
Len Dawson,1961,6,1961-10-22,False,CLE,PIT,A,W,30,28,6,12,68,0,2,27.8,,1,-10,0,0,0,0,0,0,0,-2.28,-2.28,5361,False,sacked,PFR+RULE2PT+SCORE0,19611022-CLE-PIT,True,,True,True,,,0
Len Dawson,1961,11,1961-11-26,False,CLE,NYG,H,L,21,37,0,2,0,0,1,0.0,,0,0,0,0,0,0,0,0,0,-2.0,-2.0,5361,False,sacked,PFR+RULE2PT+SCORE0,19611126-NYG-CLE,True,,True,True,,,0
Len Dawson,1962,1,1962-09-08,False,DTX,BOS,H,W,42,28,16,23,202,2,0,125.6,,4,32,0,0,0,0,0,,,19.28,19.28,5361,False,sacked;two_pt;fum_rec_td,PFR,19620908-BOS-DTX,False,two_pt;fum_rec_td,False,True,two_pt;fum_rec_td,,6
Len Dawson,1962,2,1962-09-23,False,DTX,OAK,A,W,26,16,15,23,218,3,0,135.5,,1,2,0,0,0,0,0,0,0,20.92,20.92,5361,False,sacked,PFR+SCORE0,19620923-DTX-OAK,True,,True,True,,,0
Len Dawson,1962,3,1962-09-30,False,DTX,BUF,H,W,41,21,12,19,258,3,1,124.5,,5,59,0,0,0,0,0,0,0,26.22,26.22,5361,False,sacked,PFR+SCORE0,19620930-BUF-DTX,True,,True,True,,,0
Len Dawson,1962,4,1962-10-07,False,DTX,SDG,A,L,28,32,12,24,156,3,2,75.7,,2,5,0,0,0,0,0,,,14.74,14.74,5361,False,sacked;two_pt;fum_rec_td,PFR,19621007-DTX-SDG,False,two_pt;fum_rec_td,False,True,two_pt;fum_rec_td,,4
Len Dawson,1962,5,1962-10-12,False,DTX,BOS,A,W,27,7,17,31,306,2,2,83.5,,3,33,0,0,0,0,0,0,0,19.54,19.54,5361,False,sacked,PFR+SCORE0,19621012-DTX-BOS,True,,True,True,,,0
Len Dawson,1962,6,1962-10-21,False,DTX,NYT,H,W,20,17,19,27,276,1,1,100.2,,0,0,0,0,0,0,0,0,0,13.04,13.04,5361,False,sacked,PFR+SCORE0,19621021-NYT-DTX,True,,True,True,,,0
Len Dawson,1962,7,1962-10-28,False,DTX,HOU,A,W,31,7,12,16,177,3,1,124.2,,3,19,0,0,0,0,0,0,0,18.98,18.98,5361,False,sacked,PFR+SCORE0,19621028-DTX-HOU,True,,True,True,,,0
Len Dawson,1962,8,1962-11-04,False,DTX,HOU,H,L,6,14,19,31,208,1,2,65.0,,4,26,0,0,0,0,0,0,0,10.92,10.92,5361,False,sacked,PFR+SCORE0,19621104-HOU-DTX,True,,True,True,,,0
Len Dawson,1962,9,1962-11-11,False,DTX,NYT,A,W,52,31,5,12,124,3,0,119.4,,2,6,1,0,0,0,0,0,0,23.56,23.56,5361,False,sacked,PFR+SCORE0,19621111-DTX-NYT,True,,True,True,,,0
Len Dawson,1962,10,1962-11-18,False,DTX,DEN,A,W,24,3,11,17,275,3,0,147.7,,4,22,0,0,0,0,0,,,25.2,25.2,5361,False,sacked;two_pt;fum_rec_td,PFR,19621118-DTX-DEN,False,two_pt;fum_rec_td,False,True,two_pt;fum_rec_td,,1
Len Dawson,1962,11,1962-11-25,False,DTX,OAK,H,W,35,7,9,13,129,2,1,108.7,,2,4,1,0,0,0,0,0,0,17.56,17.56,5361,False,sacked,PFR+SCORE0,19621125-OAK-DTX,True,,True,True,,,0
Len Dawson,1962,12,1962-12-02,False,DTX,BUF,A,L,14,23,18,33,186,2,2,66.0,,3,26,0,0,0,0,0,,,14.04,14.04,5361,False,sacked;two_pt;fum_rec_td,PFR,19621202-DTX-BUF,False,two_pt;fum_rec_td,False,True,two_pt;fum_rec_td,,2
Len Dawson,1962,13,1962-12-09,False,DTX,DEN,H,W,17,10,11,20,118,0,3,32.9,,0,0,0,0,0,0,0,0,0,-1.28,-1.28,5361,False,sacked,PFR+SCORE0,19621209-DEN-DTX,True,,True,True,,,0
Len Dawson,1962,14,1962-12-16,False,DTX,SDG,H,W,26,17,13,21,126,1,2,55.0,,5,18,1,0,0,0,0,0,0,12.84,12.84,5361,False,sacked,PFR+SCORE0,19621216-SDG-DTX,True,,True,True,,,0
Len Dawson,1962,15,1962-12-23,True,DTX,HOU,A,W,20,17,9,14,88,1,0,105.7,,5,26,0,0,0,0,0,0,0,10.12,10.12,5361,False,sacked,PFR+SCORE0,19621223-DTX-HOU,True,,True,True,,,0
Len Dawson,1963,1,1963-09-07,False,KAN,DEN,A,W,59,7,12,15,278,4,0,158.3,,0,0,0,0,0,0,0,,,27.12,27.12,5361,False,sacked;two_pt;fum_rec_td,PFR,19630907-KAN-DEN,False,two_pt;fum_rec_td,False,True,two_pt;fum_rec_td,,6
Len Dawson,1963,2,1963-09-22,False,KAN,BUF,A,T,27,27,25,38,267,3,3,79.6,,6,28,0,0,0,0,0,,,19.48,19.48,5361,False,sacked;two_pt;fum_rec_td,PFR,19630922-KAN-BUF,False,two_pt;fum_rec_td,False,True,two_pt;fum_rec_td,,4
Len Dawson,1963,3,1963-09-29,False,KAN,SDG,A,L,10,24,18,34,152,1,3,37.9,,1,7,0,0,0,0,0,0,0,4.78,4.78,5361,False,sacked,PFR+SCORE0,19630929-KAN-SDG,True,,True,True,,,0
Len Dawson,1963,4,1963-10-06,False,KAN,HOU,H,W,28,7,14,22,225,4,0,137.3,,3,12,0,0,0,0,0,0,0,26.2,26.2,5361,False,sacked,PFR+SCORE0,19631006-HOU-KAN,True,,True,True,,,0
Len Dawson,1963,5,1963-10-13,False,KAN,BUF,H,L,26,35,23,46,210,1,1,61.0,,1,10,0,0,0,0,0,0,0,11.4,11.4,5361,False,sacked,PFR+SCORE0,19631013-BUF-KAN,True,,True,True,,,0
Len Dawson,1963,6,1963-10-20,False,KAN,SDG,H,L,17,38,16,24,225,2,2,89.8,,0,0,0,0,0,0,0,0,0,13.0,13.0,5361,False,sacked,PFR+SCORE0,19631020-SDG-KAN,True,,True,True,,,0
Len Dawson,1963,7,1963-10-27,False,KAN,HOU,A,L,7,28,15,31,140,1,4,32.4,,7,69,0,0,0,0,0,0,0,8.5,8.5,5361,False,sacked,PFR+SCORE0,19631027-KAN-HOU,True,,True,True,,,0
Len Dawson,1963,8,1963-11-03,False,KAN,OAK,A,L,7,10,16,27,167,0,0,77.2,,1,11,0,0,0,0,0,0,0,7.78,7.78,5361,False,sacked,PFR+SCORE0,19631103-KAN-OAK,True,,True,True,,,0
Len Dawson,1963,9,1963-11-08,False,KAN,OAK,H,L,7,22,6,25,49,0,2,6.2,,3,25,0,0,0,0,0,0,0,0.46,0.46,5361,False,sacked,PFR+SCORE0,19631108-OAK-KAN,True,,True,True,,,0
Len Dawson,1963,11,1963-12-01,False,KAN,NYJ,A,L,0,17,6,13,49,0,1,24.2,,3,18,0,0,0,0,0,0,0,1.76,1.76,5361,False,sacked,PFR+SCORE0,19631201-KAN-NYJ,True,,True,True,,,0
Len Dawson,1963,12,1963-12-08,False,KAN,DEN,H,W,52,21,11,24,216,3,1,100.0,,5,32,1,0,0,0,0,,,27.84,27.84,5361,False,sacked;two_pt;fum_rec_td,PFR,19631208-DEN-KAN,False,two_pt;fum_rec_td,False,True,two_pt;fum_rec_td,,6
Len Dawson,1963,13,1963-12-14,False,KAN,BOS,H,W,35,3,15,33,189,3,1,81.5,,6,58,1,0,0,0,0,0,0,29.36,29.36,5361,False,sacked,PFR+SCORE0,19631214-BOS-KAN,True,,True,True,,,0
Len Dawson,1963,14,1963-12-22,False,KAN,NYJ,H,W,48,0,13,20,222,4,1,121.2,,1,2,0,0,0,0,0,,,23.08,23.08,5361,False,sacked;two_pt;fum_rec_td,PFR,19631222-NYJ-KAN,False,two_pt;fum_rec_td,False,True,two_pt;fum_rec_td,,12
Len Dawson,1964,1,1964-09-13,False,KAN,BUF,A,L,17,34,16,25,253,2,1,107.6,,5,0,0,0,0,0,0,0,0,16.12,16.12,5361,False,sacked,PFR+SCORE0,19640913-KAN-BUF,True,,True,True,,,0
Len Dawson,1964,2,1964-09-27,False,KAN,OAK,A,W,21,9,12,18,189,2,0,138.4,,2,-1,1,0,0,0,0,0,0,21.46,21.46,5361,False,sacked,PFR+SCORE0,19640927-KAN-OAK,True,,True,True,,,0
Len Dawson,1964,3,1964-10-04,False,KAN,HOU,H,W,28,7,19,36,320,3,3,76.2,,1,-1,0,0,0,0,0,,,18.7,18.7,5361,False,sacked;two_pt;fum_rec_td,PFR,19641004-HOU-KAN,False,two_pt;fum_rec_td,False,True,two_pt;fum_rec_td,,6
Len Dawson,1964,4,1964-10-11,False,KAN,DEN,A,L,27,33,15,27,260,3,3,86.0,,2,13,0,0,0,0,0,0,0,17.7,17.7,5361,False,sacked,PFR+SCORE0,19641011-KAN-DEN,True,,True,True,,,0
Len Dawson,1964,5,1964-10-18,False,KAN,BUF,H,L,22,35,5,9,46,0,0,69.7,,1,-10,0,0,0,0,0,,,0.84,0.84,5361,False,sacked;two_pt;fum_rec_td,PFR,19641018-BUF-KAN,False,two_pt;fum_rec_td,False,True,two_pt;fum_rec_td,,6
Len Dawson,1964,6,1964-10-23,False,KAN,BOS,A,L,7,24,2,4,27,0,0,71.9,,2,-2,0,0,0,0,0,0,0,0.88,0.88,5361,False,sacked,PFR+SCORE0,19641023-KAN-BOS,True,,True,True,,,0
Len Dawson,1964,7,1964-11-01,False,KAN,DEN,H,W,49,39,23,38,435,6,3,106.9,,2,13,0,0,0,0,0,0,0,36.7,36.7,5361,False,sacked,PFR+SCORE0,19641101-DEN-KAN,True,,True,True,,,0
Len Dawson,1964,8,1964-11-08,False,KAN,OAK,H,W,42,7,8,17,222,4,0,133.0,,2,12,0,0,0,0,0,0,0,26.08,26.08,5361,False,sacked,PFR+SCORE0,19641108-OAK-KAN,True,,True,True,,,0
Len Dawson,1964,9,1964-11-15,False,KAN,SDG,H,L,14,28,17,34,176,0,2,40.8,,11,27,1,0,0,0,0,,,11.74,11.74,5361,False,sacked;two_pt;fum_rec_td,PFR,19641115-SDG-KAN,False,two_pt;fum_rec_td,False,True,two_pt;fum_rec_td,,6
Len Dawson,1964,10,1964-11-22,False,KAN,HOU,A,W,28,19,9,13,92,3,0,128.8,,0,0,0,0,0,0,0,0,0,15.68,15.68,5361,False,sacked,PFR+SCORE0,19641122-KAN-HOU,True,,True,True,,,0
Len Dawson,1964,11,1964-11-29,False,KAN,NYJ,A,L,14,27,23,42,245,0,4,32.4,,4,34,0,0,0,0,0,0,0,5.2,5.2,5361,False,sacked,PFR+SCORE0,19641129-KAN-NYJ,True,,True,True,,,0
Len Dawson,1964,12,1964-12-06,False,KAN,BOS,H,L,24,31,22,42,258,1,1,69.3,,4,7,0,0,0,0,0,0,0,13.02,13.02,5361,False,sacked,PFR+SCORE0,19641206-BOS-KAN,True,,True,True,,,0
Len Dawson,1964,13,1964-12-13,False,KAN,SDG,A,W,49,6,17,28,220,4,0,125.0,,2,3,0,0,0,0,0,,,25.1,25.1,5361,False,sacked;two_pt;fum_rec_td,PFR,19641213-KAN-SDG,False,two_pt;fum_rec_td,False,True,two_pt;fum_rec_td,,2
Len Dawson,1964,14,1964-12-20,False,KAN,NYJ,H,W,24,7,11,21,136,2,1,84.6,,2,0,0,0,0,0,0,0,0,11.44,11.44,5361,False,sacked,PFR+SCORE0,19641220-NYJ-KAN,True,,True,True,,,0
Len Dawson,1965,1,1965-09-12,False,KAN,OAK,A,L,10,37,3,16,35,1,1,34.4,,3,-7,0,0,0,0,0,0,0,2.7,2.7,5361,False,sacked,PFR+SCORE0,19650912-KAN-OAK,True,,True,True,,,0
Len Dawson,1965,2,1965-09-18,False,KAN,NYJ,A,W,14,10,10,20,118,2,0,101.7,,1,20,0,0,0,0,0,0,0,14.72,14.72,5361,False,sacked,PFR+SCORE0,19650918-KAN-NYJ,True,,True,True,,,0
Len Dawson,1965,3,1965-09-26,False,KAN,SDG,A,T,10,10,14,26,144,1,2,50.8,,3,46,0,0,0,0,0,0,0,10.36,10.36,5361,False,sacked,PFR+SCORE0,19650926-KAN-SDG,True,,True,True,,,0
Len Dawson,1965,4,1965-10-03,False,KAN,BOS,H,W,27,17,13,25,154,0,2,37.7,,3,15,0,0,0,0,0,,,3.66,3.66,5361,False,sacked;two_pt;fum_rec_td,PFR,19651003-BOS-KAN,False,two_pt;fum_rec_td,False,True,two_pt;fum_rec_td,,12
Len Dawson,1965,6,1965-10-17,False,KAN,BUF,H,L,7,23,14,25,154,1,2,54.4,,4,-12,0,0,0,0,0,0,0,4.96,4.96,5361,False,sacked,PFR+SCORE0,19651017-BUF-KAN,True,,True,True,,,0
Len Dawson,1965,7,1965-10-24,False,KAN,HOU,A,L,36,38,6,10,108,2,1,97.1,,1,-3,0,0,0,0,0,,,10.02,10.02,5361,False,sacked;two_pt;fum_rec_td,PFR,19651024-KAN-HOU,False,two_pt;fum_rec_td,False,True,two_pt;fum_rec_td,,4
Len Dawson,1965,8,1965-10-31,False,KAN,OAK,H,W,14,7,9,17,76,1,0,84.4,,5,8,1,0,0,0,0,0,0,13.84,13.84,5361,False,sacked,PFR+SCORE0,19651031-OAK-KAN,True,,True,True,,,0
Len Dawson,1965,9,1965-11-07,False,KAN,NYJ,H,L,10,13,16,35,233,1,2,53.6,,5,19,0,0,0,0,0,0,0,11.22,11.22,5361,False,sacked,PFR+SCORE0,19651107-NYJ-KAN,True,,True,True,,,0
Len Dawson,1965,10,1965-11-14,False,KAN,SDG,H,W,31,7,13,22,170,3,1,104.2,,3,25,0,0,0,0,0,0,0,19.3,19.3,5361,False,sacked,PFR+SCORE0,19651114-SDG-KAN,True,,True,True,,,0
Len Dawson,1965,11,1965-11-21,False,KAN,BOS,A,T,10,10,17,33,222,1,2,57.9,,6,34,0,0,0,0,0,0,0,12.28,12.28,5361,False,sacked,PFR+SCORE0,19651121-KAN-BOS,True,,True,True,,,0
Len Dawson,1965,12,1965-11-28,False,KAN,HOU,H,W,52,21,14,17,211,3,0,158.0,,3,5,1,0,0,0,0,0,0,26.94,26.94,5361,False,sacked,PFR+SCORE0,19651128-HOU-KAN,True,,True,True,,,0
Len Dawson,1965,13,1965-12-12,False,KAN,BUF,A,L,25,34,23,37,355,3,1,109.6,,5,23,0,0,0,0,0,,,26.5,26.5,5361,False,sacked;two_pt;fum_rec_td,PFR,19651212-KAN-BUF,False,two_pt;fum_rec_td,False,True,two_pt;fum_rec_td,,2
Len Dawson,1965,14,1965-12-19,False,KAN,DEN,H,W,45,35,11,22,282,2,0,126.1,,1,-31,0,0,0,0,0,0,0,16.18,16.18,5361,False,sacked,PFR+SCORE0,19651219-DEN-KAN,True,,True,True,,,0
Len Dawson,1966,1,1966-09-11,False,KAN,BUF,A,W,42,20,8,11,129,2,0,151.1,,0,0,0,0,0,0,0,0,0,13.16,13.16,5361,False,sacked,PFR+SCORE0,19660911-KAN-BUF,True,,True,True,,,0
Len Dawson,1966,2,1966-09-18,False,KAN,OAK,A,W,32,10,7,16,89,3,0,101.3,,2,11,0,0,0,0,0,,,16.66,16.66,5361,False,sacked;two_pt;fum_rec_td,PFR,19660918-KAN-OAK,False,two_pt;fum_rec_td,False,True,two_pt;fum_rec_td,,2
Len Dawson,1966,3,1966-09-25,False,KAN,BOS,A,W,43,24,20,32,291,5,1,118.6,,4,10,0,0,0,0,0,,,30.64,30.64,5361,False,sacked;two_pt;fum_rec_td,PFR,19660925-KAN-BOS,False,two_pt;fum_rec_td,False,True,two_pt;fum_rec_td,,8
Len Dawson,1966,4,1966-10-02,False,KAN,BUF,H,L,14,29,5,15,143,2,1,81.4,,1,12,0,0,0,0,0,0,0,12.92,12.92,5361,False,sacked,PFR+SCORE0,19661002-BUF-KAN,True,,True,True,,,0
Len Dawson,1966,5,1966-10-08,False,KAN,DEN,H,W,37,10,11,20,123,1,0,90.2,,1,3,0,0,0,0,0,0,0,9.22,9.22,5361,False,sacked,PFR+SCORE0,19661008-DEN-KAN,True,,True,True,,,0
Len Dawson,1966,6,1966-10-16,False,KAN,OAK,H,L,13,34,9,15,118,0,0,84.9,,2,6,0,0,0,0,0,,,5.32,5.32,5361,False,sacked;two_pt;fum_rec_td,PFR,19661016-OAK-KAN,False,two_pt;fum_rec_td,False,True,two_pt;fum_rec_td,,6
Len Dawson,1966,7,1966-10-23,False,KAN,DEN,A,W,56,10,12,20,215,2,1,109.4,,1,18,0,0,0,0,0,0,0,16.4,16.4,5361,False,sacked,PFR+SCORE0,19661023-KAN-DEN,True,,True,True,,,0
Len Dawson,1966,8,1966-10-30,False,KAN,HOU,H,W,48,23,7,17,184,2,0,120.7,,0,0,0,0,0,0,0,,,15.36,15.36,5361,False,sacked;two_pt;fum_rec_td,PFR,19661030-HOU-KAN,False,two_pt;fum_rec_td,False,True,two_pt;fum_rec_td,,6
Len Dawson,1966,9,1966-11-06,False,KAN,SDG,H,W,24,14,12,24,153,2,2,63.4,,2,0,0,0,0,0,0,0,0,10.12,10.12,5361,False,sacked,PFR+SCORE0,19661106-SDG-KAN,True,,True,True,,,0
Len Dawson,1966,10,1966-11-13,False,KAN,MIA,H,W,34,16,10,14,256,3,1,123.5,,1,-5,0,0,0,0,0,,,19.74,19.74,5361,False,sacked;two_pt;fum_rec_td,PFR,19661113-MIA-KAN,False,two_pt;fum_rec_td,False,True,two_pt;fum_rec_td,,2
Len Dawson,1966,11,1966-11-20,False,KAN,BOS,H,T,27,27,25,38,324,2,1,99.0,,4,36,0,0,0,0,0,,,22.56,22.56,5361,False,sacked;two_pt;fum_rec_td,PFR,19661120-BOS-KAN,False,two_pt;fum_rec_td,False,True,two_pt;fum_rec_td,,6
Len Dawson,1966,12,1966-11-27,False,KAN,NYJ,A,W,32,24,13,23,260,1,0,110.8,,2,19,0,0,0,0,0,0,0,16.3,16.3,5361,False,sacked,PFR+SCORE0,19661127-KAN-NYJ,True,,True,True,,,0
Len Dawson,1966,13,1966-12-11,False,KAN,MIA,A,W,19,18,11,24,121,1,2,40.5,,1,7,0,0,0,0,0,0,0,5.54,5.54,5361,False,sacked,PFR+SCORE0,19661211-KAN-MIA,True,,True,True,,,0
Len Dawson,1966,14,1966-12-18,False,KAN,SDG,A,W,27,17,9,15,121,0,1,57.9,,3,50,0,0,0,0,0,0,0,7.84,7.84,5361,False,sacked,PFR+SCORE0,19661218-KAN-SDG,True,,True,True,,,0
Len Dawson,1966,15,1967-01-01,True,KAN,BUF,A,W,31,7,16,24,227,2,0,124.8,,5,28,0,0,0,0,0,0,0,19.88,19.88,5361,False,sacked,PFR+SCORE0,19670101-KAN-BUF,True,,True,True,,,0
Len Dawson,1966,16,1967-01-15,True,KAN,GNB,N,L,10,35,16,27,211,1,1,80.9,,3,24,0,0,0,0,0,0,0,12.84,12.84,5361,False,sacked,PFR+SCORE0,19670115-GNB-KAN-N,True,,True,True,,,0
Len Dawson,1967,1,1967-09-09,False,KAN,HOU,A,W,25,20,17,19,193,1,1,104.6,,3,4,0,0,0,0,0,,,10.12,10.12,5361,False,sacked;two_pt;fum_rec_td,PFR,19670909-KAN-HOU,False,two_pt;fum_rec_td,False,True,two_pt;fum_rec_td,,8
Len Dawson,1967,2,1967-09-24,False,KAN,MIA,A,W,24,0,7,13,122,2,0,125.6,,0,0,0,0,0,0,0,0,0,12.88,12.88,5361,False,sacked,PFR+SCORE0,19670924-KAN-MIA,True,,True,True,,,0
Len Dawson,1967,3,1967-10-01,False,KAN,OAK,A,L,21,23,12,25,160,1,1,65.4,,0,0,0,0,0,0,0,0,0,8.4,8.4,5361,False,sacked,PFR+SCORE0,19671001-KAN-OAK,True,,True,True,,,0
Len Dawson,1967,4,1967-10-08,False,KAN,MIA,H,W,41,0,13,23,250,5,0,134.1,,1,6,0,0,0,0,0,0,0,30.6,30.6,5361,False,sacked,PFR+SCORE0,19671008-MIA-KAN,True,,True,True,,,0
Len Dawson,1967,5,1967-10-15,False,KAN,SDG,A,L,31,45,24,37,364,1,3,72.4,,4,16,0,0,0,0,0,0,0,14.16,14.16,5361,False,sacked,PFR+SCORE0,19671015-KAN-SDG,True,,True,True,,,0
Len Dawson,1967,6,1967-10-22,False,KAN,HOU,H,L,19,24,17,31,175,0,3,31.7,,4,19,0,0,0,0,0,0,0,2.9,2.9,5361,False,sacked,PFR+SCORE0,19671022-HOU-KAN,True,,True,True,,,0
Len Dawson,1967,7,1967-10-29,False,KAN,DEN,H,W,52,9,12,18,222,3,0,148.6,,1,5,0,0,0,0,0,0,0,21.38,21.38,5361,False,sacked,PFR+SCORE0,19671029-DEN-KAN,True,,True,True,,,0
Len Dawson,1967,8,1967-11-05,False,KAN,NYJ,H,W,42,18,17,31,191,2,1,81.5,,0,0,0,0,0,0,0,,,13.64,13.64,5361,False,sacked;two_pt;fum_rec_td,PFR,19671105-NYJ-KAN,False,two_pt;fum_rec_td,False,True,two_pt;fum_rec_td,,8
Len Dawson,1967,9,1967-11-12,False,KAN,BOS,A,W,33,10,19,26,186,2,1,102.4,,1,12,0,0,0,0,0,,,14.64,14.64,5361,False,sacked;two_pt;fum_rec_td,PFR,19671112-KAN-BOS,False,two_pt;fum_rec_td,False,True,two_pt;fum_rec_td,,6
Len Dawson,1967,10,1967-11-19,False,KAN,SDG,H,L,16,17,18,31,232,1,0,92.4,,2,-12,0,0,0,0,0,0,0,12.08,12.08,5361,False,sacked,PFR+SCORE0,19671119-SDG-KAN,True,,True,True,,,0
Len Dawson,1967,11,1967-11-23,False,KAN,OAK,H,L,22,44,11,32,130,1,4,18.5,,0,0,0,0,0,0,0,,,1.2,1.2,5361,False,sacked;two_pt;fum_rec_td,PFR,19671123-OAK-KAN,False,two_pt;fum_rec_td,False,True,two_pt;fum_rec_td,,2
Len Dawson,1967,12,1967-12-03,False,KAN,BUF,H,W,23,13,15,29,159,1,1,65.2,,3,17,0,0,0,0,0,0,0,10.06,10.06,5361,False,sacked,PFR+SCORE0,19671203-BUF-KAN,True,,True,True,,,0
Len Dawson,1967,13,1967-12-10,False,KAN,NYJ,A,W,21,7,13,22,109,1,2,49.2,,1,1,0,0,0,0,0,,,4.46,4.46,5361,False,sacked;two_pt;fum_rec_td,PFR,19671210-KAN-NYJ,False,two_pt;fum_rec_td,False,True,two_pt;fum_rec_td,,6
Len Dawson,1967,14,1967-12-17,False,KAN,DEN,A,W,38,24,11,20,158,3,0,120.4,,0,0,0,0,0,0,0,0,0,18.32,18.32,5361,False,sacked,PFR+SCORE0,19671217-KAN-DEN,True,,True,True,,,0
Len Dawson,1968,1,1968-09-09,False,KAN,HOU,A,W,26,21,10,18,77,0,0,66.2,,1,1,0,0,0,0,0,0,0,3.18,3.18,5361,False,sacked,PFR+SCORE0,19680909-KAN-HOU,True,,True,True,,,0
Len Dawson,1968,2,1968-09-15,False,KAN,NYJ,H,L,19,20,12,20,98,0,0,72.5,,2,6,0,0,0,0,0,0,0,4.52,4.52,5361,False,sacked,PFR+SCORE0,19680915-NYJ-KAN,True,,True,True,,,0
Len Dawson,1968,3,1968-09-22,False,KAN,DEN,H,W,34,2,10,15,137,0,0,95.7,,0,0,0,0,0,0,0,0,0,5.48,5.48,5361,False,sacked,PFR+SCORE0,19680922-DEN-KAN,True,,True,True,,,0
Len Dawson,1968,4,1968-09-28,False,KAN,MIA,A,W,48,3,9,15,205,3,0,143.7,,2,3,0,0,0,0,0,,,20.5,20.5,5361,False,sacked;two_pt;fum_rec_td,PFR,19680928-KAN-MIA,False,two_pt;fum_rec_td,False,True,two_pt;fum_rec_td,,6
Len Dawson,1968,5,1968-10-05,False,KAN,BUF,A,W,18,7,9,17,149,1,1,77.8,,3,23,0,0,0,0,0,0,0,10.26,10.26,5361,False,sacked,PFR+SCORE0,19681005-KAN-BUF,True,,True,True,,,0
Len Dawson,1968,6,1968-10-13,False,KAN,CIN,H,W,13,3,11,17,152,0,1,68.8,,1,-3,0,0,0,0,0,0,0,3.78,3.78,5361,False,sacked,PFR+SCORE0,19681013-CIN-KAN,True,,True,True,,,0
Len Dawson,1968,7,1968-10-20,False,KAN,OAK,H,W,24,10,2,3,16,0,0,79.9,,2,0,0,0,0,0,0,0,0,0.64,0.64,5361,False,sacked,PFR+SCORE0,19681020-OAK-KAN,True,,True,True,,,0
Len Dawson,1968,8,1968-10-27,False,KAN,SDG,H,W,27,20,8,13,180,1,0,131.1,,1,11,0,0,0,0,0,0,0,12.3,12.3,5361,False,sacked,PFR+SCORE0,19681027-SDG-KAN,True,,True,True,,,0
Len Dawson,1968,9,1968-11-03,False,KAN,OAK,A,L,21,38,10,20,173,2,2,73.5,,1,3,0,0,0,0,0,0,0,11.22,11.22,5361,False,sacked,PFR+SCORE0,19681103-KAN-OAK,True,,True,True,,,0
Len Dawson,1968,10,1968-11-10,False,KAN,CIN,A,W,16,9,0,2,0,0,0,39.6,,0,0,0,0,0,0,0,0,0,0.0,0.0,5361,False,sacked,PFR+SCORE0,19681110-KAN-CIN,True,,True,True,,,0
Len Dawson,1968,11,1968-11-17,False,KAN,BOS,H,W,31,17,17,31,333,3,3,85.2,,3,0,0,0,0,0,0,0,0,19.32,19.32,5361,False,sacked,PFR+SCORE0,19681117-BOS-KAN,True,,True,True,,,0
Len Dawson,1968,12,1968-11-28,False,KAN,HOU,H,W,24,10,17,23,253,3,1,131.0,,2,-2,0,0,0,0,0,0,0,19.92,19.92,5361,False,sacked,PFR+SCORE0,19681128-HOU-KAN,True,,True,True,,,0
Len Dawson,1968,13,1968-12-08,False,KAN,SDG,A,W,40,3,7,12,153,3,1,107.6,,1,-5,0,0,0,0,0,,,15.62,15.62,5361,False,sacked;two_pt;fum_rec_td,PFR,19681208-KAN-SDG,False,two_pt;fum_rec_td,False,True,two_pt;fum_rec_td,,8
Len Dawson,1968,14,1968-12-14,False,KAN,DEN,A,W,30,7,9,18,183,1,0,104.6,,1,3,0,0,0,0,0,0,0,11.62,11.62,5361,False,sacked,PFR+SCORE0,19681214-KAN-DEN,True,,True,True,,,0
Len Dawson,1968,17,1968-12-22,True,KAN,OAK,A,L,6,41,17,36,253,0,4,31.1,,2,9,0,0,0,0,0,0,0,3.02,3.02,5361,False,sacked,PFR+SCORE0,19681222-KAN-OAK,True,,True,True,,,0
Len Dawson,1969,1,1969-09-14,False,KAN,SDG,A,W,27,9,19,34,224,2,2,71.2,,0,0,0,0,0,0,0,0,0,12.96,12.96,5361,False,sacked,PFR+SCORE0,19690914-KAN-SDG,True,,True,True,,,0
Len Dawson,1969,2,1969-09-21,False,KAN,BOS,A,W,31,0,12,20,140,2,2,75.0,,0,0,0,0,0,0,0,0,0,9.6,9.6,5361,False,sacked,PFR+SCORE0,19690921-KAN-BOS,True,,True,True,,,0
Len Dawson,1969,8,1969-11-02,False,KAN,BUF,A,W,29,7,7,14,94,0,0,71.7,,0,0,0,0,0,0,0,0,0,3.76,3.76,5361,False,sacked,PFR+SCORE0,19691102-KAN-BUF,True,,True,True,,,0
Len Dawson,1969,9,1969-11-09,False,KAN,SDG,H,W,27,3,17,24,169,0,3,50.9,,0,0,0,0,0,0,0,0,0,0.76,0.76,5361,False,sacked,PFR+SCORE0,19691109-SDG-KAN,True,,True,True,,,0
Len Dawson,1969,10,1969-11-16,False,KAN,NYJ,A,W,34,16,23,38,285,3,1,99.1,,1,3,0,0,0,0,0,0,0,21.7,21.7,5361,False,sacked,PFR+SCORE0,19691116-KAN-NYJ,True,,True,True,,,0
Len Dawson,1969,11,1969-11-23,False,KAN,OAK,H,L,24,27,13,24,269,2,5,82.1,,0,0,0,0,0,0,0,0,0,8.76,8.76,5361,False,sacked,PFR+SCORE0,19691123-OAK-KAN,True,,True,True,,,0
Len Dawson,1969,12,1969-11-27,False,KAN,DEN,H,W,31,17,5,6,95,0,0,118.7,,0,0,0,0,0,0,0,,,3.8,3.8,5361,False,sacked;two_pt;fum_rec_td,PFR,19691127-DEN-KAN,False,two_pt;fum_rec_td,False,True,two_pt;fum_rec_td,,6
Len Dawson,1969,14,1969-12-13,False,KAN,OAK,A,L,6,10,2,6,47,0,0,62.5,,0,0,0,0,0,0,0,0,0,1.88,1.88,5361,False,sacked,PFR+SCORE0,19691213-KAN-OAK,True,,True,True,,,0
Len Dawson,1969,17,1969-12-20,True,KAN,NYJ,A,W,13,6,12,27,201,1,0,82.5,,0,0,0,0,0,0,0,0,0,12.04,12.04,5361,False,sacked,PFR+SCORE0,19691220-KAN-NYJ,True,,True,True,,,0
Len Dawson,1969,18,1970-01-04,True,KAN,OAK,A,W,17,7,7,17,129,0,0,68.0,,3,5,0,0,0,0,0,0,0,5.66,5.66,5361,False,sacked,PFR+SCORE0,19700104-KAN-OAK,True,,True,True,,,0
Len Dawson,1969,19,1970-01-11,True,KAN,MIN,N,W,23,7,12,17,142,1,1,90.8,,3,11,0,0,0,0,0,0,0,8.78,8.78,5361,False,sacked,PFR+SCORE0,19700111-KAN-MIN-N,True,,True,True,,,0
Joe Namath,1965,2,1965-09-18,False,NYJ,KAN,H,L,10,14,11,23,121,1,0,78.4,,0,0,0,0,0,0,0,0,0,8.84,8.84,16174,False,sacked,PFR+SCORE0,19650918-KAN-NYJ,True,,True,True,,,0
Joe Namath,1965,3,1965-09-26,False,NYJ,BUF,A,L,21,33,19,40,287,2,2,67.4,,0,0,0,0,0,0,0,,,15.48,15.48,16174,False,sacked;two_pt;fum_rec_td,PFR,19650926-NYJ-BUF,False,two_pt;fum_rec_td,False,True,two_pt;fum_rec_td,,2
Joe Namath,1965,4,1965-10-03,False,NYJ,DEN,A,L,13,16,18,34,152,0,2,40.3,,0,0,0,0,0,0,0,0,0,2.08,2.08,16174,False,sacked,PFR+SCORE0,19651003-NYJ-DEN,True,,True,True,,,0
Joe Namath,1965,5,1965-10-16,False,NYJ,OAK,H,T,24,24,5,21,126,1,1,48.1,,2,15,0,0,0,0,0,0,0,8.54,8.54,16174,False,sacked,PFR+SCORE0,19651016-OAK-NYJ,True,,True,True,,,0
Joe Namath,1965,6,1965-10-23,False,NYJ,SDG,H,L,9,34,2,5,21,0,0,52.9,,0,0,0,0,0,0,0,0,0,0.84,0.84,16174,False,sacked,PFR+SCORE0,19651023-SDG-NYJ,True,,True,True,,,0
Joe Namath,1965,7,1965-10-31,False,NYJ,DEN,H,W,45,10,5,6,49,1,0,140.3,,1,14,0,0,0,0,0,0,0,7.36,7.36,16174,False,sacked,PFR+SCORE0,19651031-DEN-NYJ,True,,True,True,,,0
Joe Namath,1965,8,1965-11-07,False,NYJ,KAN,A,W,13,10,7,16,81,1,0,80.5,,0,-3,0,0,0,0,0,0,0,6.94,6.94,16174,False,sacked,PFR+SCORE0,19651107-NYJ-KAN,True,,True,True,,,0
Joe Namath,1965,9,1965-11-14,False,NYJ,BOS,A,W,30,20,10,25,180,2,0,92.1,,3,-3,0,0,0,0,0,0,0,14.9,14.9,16174,False,sacked,PFR+SCORE0,19651114-NYJ-BOS,True,,True,True,,,0
Joe Namath,1965,10,1965-11-21,False,NYJ,HOU,H,W,41,14,17,26,221,4,1,115.5,,0,0,0,0,0,0,0,0,0,22.84,22.84,16174,False,sacked,PFR+SCORE0,19651121-HOU-NYJ,True,,True,True,,,0
Joe Namath,1965,11,1965-11-28,False,NYJ,BOS,H,L,23,27,16,30,284,1,1,83.2,,1,0,0,0,0,0,0,0,0,13.36,13.36,16174,False,sacked,PFR+SCORE0,19651128-BOS-NYJ,True,,True,True,,,0
Joe Namath,1965,12,1965-12-04,False,NYJ,SDG,A,L,7,38,18,34,179,1,3,41.2,,1,-4,0,0,0,0,0,0,0,4.76,4.76,16174,False,sacked,PFR+SCORE0,19651204-NYJ-SDG,True,,True,True,,,0
Joe Namath,1965,13,1965-12-12,False,NYJ,OAK,A,L,14,24,19,36,280,2,3,62.3,,0,0,0,0,0,0,0,0,0,13.2,13.2,16174,False,sacked,PFR+SCORE0,19651212-NYJ-OAK,True,,True,True,,,0
Joe Namath,1965,14,1965-12-19,False,NYJ,BUF,H,W,14,12,17,44,239,2,2,53.1,,0,0,0,0,0,0,0,0,0,13.56,13.56,16174,False,sacked,PFR+SCORE0,19651219-BUF-NYJ,True,,True,True,,,0
Joe Namath,1966,1,1966-09-09,False,NYJ,MIA,A,W,19,14,8,19,100,0,1,37.2,,1,3,0,0,0,0,0,,,2.3,2.3,16174,False,sacked;two_pt;fum_rec_td,PFR,19660909-NYJ-MIA,False,two_pt;fum_rec_td,False,True,two_pt;fum_rec_td,,2
Joe Namath,1966,2,1966-09-18,False,NYJ,HOU,H,W,52,13,12,31,283,5,0,112.0,,0,0,0,0,0,0,0,0,0,31.32,31.32,16174,False,sacked,PFR+SCORE0,19660918-HOU-NYJ,True,,True,True,,,0
Joe Namath,1966,3,1966-09-25,False,NYJ,DEN,A,W,16,7,16,35,206,1,2,50.4,,0,0,0,0,0,0,0,0,0,8.24,8.24,16174,False,sacked,PFR+SCORE0,19660925-NYJ-DEN,True,,True,True,,,0
Joe Namath,1966,4,1966-10-02,False,NYJ,BOS,A,T,24,24,28,56,338,2,3,58.5,,1,-1,0,0,0,0,0,0,0,15.42,15.42,16174,False,sacked,PFR+SCORE0,19661002-NYJ-BOS,True,,True,True,,,0
Joe Namath,1966,5,1966-10-08,False,NYJ,SDG,H,W,17,16,11,22,129,1,3,43.7,,1,-2,0,0,0,0,0,0,0,2.96,2.96,16174,False,sacked,PFR+SCORE0,19661008-SDG-NYJ,True,,True,True,,,0
Joe Namath,1966,6,1966-10-16,False,NYJ,HOU,A,L,0,24,16,37,143,0,4,14.6,,0,0,0,0,0,0,0,0,0,-2.28,-2.28,16174,False,sacked,PFR+SCORE0,19661016-NYJ-HOU,True,,True,True,,,0
Joe Namath,1966,7,1966-10-23,False,NYJ,OAK,H,L,21,24,19,32,272,0,0,87.0,,2,3,2,0,0,0,0,0,0,23.18,23.18,16174,False,sacked,PFR+SCORE0,19661023-OAK-NYJ,True,,True,True,,,0
Joe Namath,1966,8,1966-10-30,False,NYJ,BUF,H,L,23,33,24,53,343,2,5,40.1,,0,0,0,0,0,0,0,,,11.72,11.72,16174,False,sacked;two_pt;fum_rec_td,PFR,19661030-BUF-NYJ,False,two_pt;fum_rec_td,False,True,two_pt;fum_rec_td,,6
Joe Namath,1966,9,1966-11-13,False,NYJ,BUF,A,L,3,14,19,36,286,0,1,67.6,,0,0,0,0,0,0,0,0,0,9.44,9.44,16174,False,sacked,PFR+SCORE0,19661113-NYJ-BUF,True,,True,True,,,0
Joe Namath,1966,10,1966-11-20,False,NYJ,MIA,H,W,30,13,17,30,236,0,0,82.1,,0,0,0,0,0,0,0,0,0,9.44,9.44,16174,False,sacked,PFR+SCORE0,19661120-MIA-NYJ,True,,True,True,,,0
Joe Namath,1966,11,1966-11-27,False,NYJ,KAN,H,L,24,32,18,36,263,2,1,81.1,,0,0,0,0,0,0,0,0,0,16.52,16.52,16174,False,sacked,PFR+SCORE0,19661127-KAN-NYJ,True,,True,True,,,0
Joe Namath,1966,12,1966-12-03,False,NYJ,OAK,A,T,28,28,20,42,327,2,5,50.5,,1,39,0,0,0,0,0,,,14.98,14.98,16174,False,sacked;two_pt;fum_rec_td,PFR,19661203-NYJ-OAK,False,two_pt;fum_rec_td,False,True,two_pt;fum_rec_td,,2
Joe Namath,1966,13,1966-12-11,False,NYJ,SDG,A,L,27,42,10,21,166,1,2,51.0,,0,0,0,0,0,0,0,,,6.64,6.64,16174,False,sacked;two_pt;fum_rec_td,PFR,19661211-NYJ-SDG,False,two_pt;fum_rec_td,False,True,two_pt;fum_rec_td,,2
Joe Namath,1966,14,1966-12-17,False,NYJ,BOS,H,W,38,28,14,21,287,3,0,149.3,,0,0,0,0,0,0,0,0,0,23.48,23.48,16174,False,sacked,PFR+SCORE0,19661217-BOS-NYJ,True,,True,True,,,0
Joe Namath,1967,1,1967-09-10,False,NYJ,BUF,A,L,17,20,11,23,153,2,0,98.6,,0,0,0,0,0,0,0,0,0,14.12,14.12,16174,False,sacked,PFR+SCORE0,19670910-NYJ-BUF,True,,True,True,,,0
Joe Namath,1967,2,1967-09-24,False,NYJ,DEN,A,W,38,24,22,37,399,2,2,92.1,,0,0,0,0,0,0,0,0,0,19.96,19.96,16174,False,sacked,PFR+SCORE0,19670924-NYJ-DEN,True,,True,True,,,0
Joe Namath,1967,3,1967-10-01,False,NYJ,MIA,H,W,29,7,23,39,415,3,1,110.5,,0,0,0,0,0,0,0,0,0,26.6,26.6,16174,False,sacked,PFR+SCORE0,19671001-MIA-NYJ,True,,True,True,,,0
Joe Namath,1967,4,1967-10-07,False,NYJ,OAK,H,W,27,14,9,28,166,0,2,23.8,,0,0,0,0,0,0,0,0,0,2.64,2.64,16174,False,sacked,PFR+SCORE0,19671007-OAK-NYJ,True,,True,True,,,0
Joe Namath,1967,5,1967-10-15,False,NYJ,HOU,H,T,28,28,27,49,295,1,6,40.3,,1,-5,0,0,0,0,0,,,3.3,3.3,16174,False,sacked;two_pt;fum_rec_td,PFR,19671015-HOU-NYJ,False,two_pt;fum_rec_td,False,True,two_pt;fum_rec_td,,2
Joe Namath,1967,6,1967-10-22,False,NYJ,MIA,A,W,33,14,13,15,199,2,0,158.3,,0,0,0,0,0,0,0,0,0,15.96,15.96,16174,False,sacked,PFR+SCORE0,19671022-NYJ-MIA,True,,True,True,,,0
Joe Namath,1967,7,1967-10-29,False,NYJ,BOS,H,W,30,23,22,43,362,2,2,75.9,,1,-3,0,0,0,0,0,0,0,18.18,18.18,16174,False,sacked,PFR+SCORE0,19671029-BOS-NYJ,True,,True,True,,,0
Joe Namath,1967,8,1967-11-05,False,NYJ,KAN,A,L,18,42,20,40,245,1,3,46.4,,1,13,0,0,0,0,0,,,9.1,9.1,16174,False,sacked;two_pt;fum_rec_td,PFR,19671105-NYJ-KAN,False,two_pt;fum_rec_td,False,True,two_pt;fum_rec_td,,2
Joe Namath,1967,9,1967-11-12,False,NYJ,BUF,H,W,20,10,13,37,338,1,2,55.9,,0,0,0,0,0,0,0,,,13.52,13.52,16174,False,sacked;two_pt;fum_rec_td,PFR,19671112-BUF-NYJ,False,two_pt;fum_rec_td,False,True,two_pt;fum_rec_td,,6
Joe Namath,1967,10,1967-11-19,False,NYJ,BOS,A,W,29,24,15,23,297,2,1,119.4,,0,0,0,0,0,0,0,0,0,17.88,17.88,16174,False,sacked,PFR+SCORE0,19671119-NYJ-BOS,True,,True,True,,,0
Joe Namath,1967,11,1967-12-03,False,NYJ,DEN,H,L,24,33,24,60,292,3,4,44.6,,0,0,0,0,0,0,0,,,15.68,15.68,16174,False,sacked;two_pt;fum_rec_td,PFR,19671203-DEN-NYJ,False,two_pt;fum_rec_td,False,True,two_pt;fum_rec_td,,2
Joe Namath,1967,12,1967-12-10,False,NYJ,KAN,H,L,7,21,14,25,133,0,2,37.6,,1,-3,0,0,0,0,0,0,0,1.02,1.02,16174,False,sacked,PFR+SCORE0,19671210-KAN-NYJ,True,,True,True,,,0
Joe Namath,1967,13,1967-12-17,False,NYJ,OAK,A,L,29,38,27,46,370,3,3,79.1,,1,7,0,0,0,0,0,,,21.5,21.5,16174,False,sacked;two_pt;fum_rec_td,PFR,19671217-NYJ-OAK,False,two_pt;fum_rec_td,False,True,two_pt;fum_rec_td,,8
Joe Namath,1967,14,1967-12-24,False,NYJ,SDG,A,W,42,31,18,26,343,4,0,151.4,,1,5,0,0,0,0,0,0,0,30.22,30.22,16174,False,sacked,PFR+SCORE0,19671224-NYJ-SDG,True,,True,True,,,0
Joe Namath,1968,1,1968-09-15,False,NYJ,KAN,A,W,20,19,17,29,302,2,1,102.9,,0,0,0,0,0,0,0,0,0,18.08,18.08,16174,False,sacked,PFR+SCORE0,19680915-NYJ-KAN,True,,True,True,,,0
Joe Namath,1968,2,1968-09-22,False,NYJ,BOS,A,W,47,31,13,25,196,2,1,88.1,,0,0,0,0,0,0,0,,,13.84,13.84,16174,False,sacked;two_pt;fum_rec_td,PFR,19680922-NYJ-BOS,False,two_pt;fum_rec_td,False,True,two_pt;fum_rec_td,,12
Joe Namath,1968,3,1968-09-29,False,NYJ,BUF,A,L,35,37,19,43,280,4,5,57.5,,1,3,0,0,0,0,0,0,0,17.5,17.5,16174,False,sacked,PFR+SCORE0,19680929-NYJ-BUF,True,,True,True,,,0
Joe Namath,1968,4,1968-10-05,False,NYJ,SDG,H,W,23,20,16,34,220,0,0,68.3,,0,0,0,0,0,0,0,0,0,8.8,8.8,16174,False,sacked,PFR+SCORE0,19681005-SDG-NYJ,True,,True,True,,,0
Joe Namath,1968,5,1968-10-13,False,NYJ,DEN,H,L,13,21,20,41,341,0,5,37.8,,0,0,0,0,0,0,0,0,0,3.64,3.64,16174,False,sacked,PFR+SCORE0,19681013-DEN-NYJ,True,,True,True,,,0
Joe Namath,1968,6,1968-10-20,False,NYJ,HOU,A,W,20,14,12,27,145,0,0,61.5,,1,1,1,0,0,0,0,,,11.9,11.9,16174,False,sacked;two_pt;fum_rec_td,PFR,19681020-NYJ-HOU,False,two_pt;fum_rec_td,False,True,two_pt;fum_rec_td,,4
Joe Namath,1968,7,1968-10-27,False,NYJ,BOS,H,W,48,14,10,18,179,0,2,50.2,,0,0,0,0,0,0,0,0,0,3.16,3.16,16174,False,sacked,PFR+SCORE0,19681027-BOS-NYJ,True,,True,True,,,0
Joe Namath,1968,8,1968-11-03,False,NYJ,BUF,H,W,25,21,10,28,164,0,1,41.4,,0,0,0,0,0,0,0,,,4.56,4.56,16174,False,sacked;two_pt;fum_rec_td,PFR,19681103-BUF-NYJ,False,two_pt;fum_rec_td,False,True,two_pt;fum_rec_td,,6
Joe Namath,1968,9,1968-11-10,False,NYJ,HOU,H,W,26,7,7,20,185,0,0,69.8,,1,2,0,0,0,0,0,0,0,7.6,7.6,16174,False,sacked,PFR+SCORE0,19681110-HOU-NYJ,True,,True,True,,,0
Joe Namath,1968,10,1968-11-17,False,NYJ,OAK,A,L,32,43,19,37,381,1,0,96.8,,1,1,1,0,0,0,0,0,0,25.34,25.34,16174,False,sacked,PFR+SCORE0,19681117-NYJ-OAK,True,,True,True,,,0
Joe Namath,1968,11,1968-11-24,False,NYJ,SDG,A,W,37,15,17,31,337,2,1,101.1,,0,0,0,0,0,0,0,0,0,19.48,19.48,16174,False,sacked,PFR+SCORE0,19681124-NYJ-SDG,True,,True,True,,,0
Joe Namath,1968,12,1968-12-01,False,NYJ,MIA,H,W,35,17,8,14,104,2,0,120.2,,1,4,0,0,0,0,0,0,0,12.56,12.56,16174,False,sacked,PFR+SCORE0,19681201-MIA-NYJ,True,,True,True,,,0
Joe Namath,1968,13,1968-12-08,False,NYJ,CIN,H,W,27,14,13,23,193,2,1,95.0,,0,0,0,0,0,0,0,0,0,13.72,13.72,16174,False,sacked,PFR+SCORE0,19681208-CIN-NYJ,True,,True,True,,,0
Joe Namath,1968,14,1968-12-15,False,NYJ,MIA,A,W,31,7,6,10,120,0,0,102.1,,0,0,0,0,0,0,0,0,0,4.8,4.8,16174,False,sacked,PFR+SCORE0,19681215-NYJ-MIA,True,,True,True,,,0
Joe Namath,1968,17,1968-12-29,True,NYJ,OAK,H,W,27,23,19,49,266,3,1,68.9,,1,14,0,0,0,0,0,0,0,22.04,22.04,16174,False,sacked,PFR+SCORE0,19681229-OAK-NYJ,True,,True,True,,,0
Joe Namath,1968,18,1969-01-12,True,NYJ,BAL,N,W,16,7,17,28,206,0,0,83.3,,0,0,0,0,0,0,0,0,0,8.24,8.24,16174,False,sacked,PFR+SCORE0,19690112-BAL-NYJ-N,True,,True,True,,,0
Joe Namath,1969,1,1969-09-14,False,NYJ,BUF,A,W,33,19,7,19,157,1,3,45.2,,2,8,0,0,0,0,0,,,5.08,5.08,16174,False,sacked;two_pt;fum_rec_td,PFR,19690914-NYJ-BUF,False,two_pt;fum_rec_td,False,True,two_pt;fum_rec_td,,6
Joe Namath,1969,2,1969-09-21,False,NYJ,DEN,A,L,19,21,19,37,283,0,0,76.7,,0,0,0,0,0,0,0,0,0,11.32,11.32,16174,False,sacked,PFR+SCORE0,19690921-NYJ-DEN,True,,True,True,,,0
Joe Namath,1969,3,1969-09-28,False,NYJ,SDG,A,L,27,34,29,51,344,2,2,74.3,,0,0,0,0,0,0,0,0,0,17.76,17.76,16174,False,sacked,PFR+SCORE0,19690928-NYJ-SDG,True,,True,True,,,0
Joe Namath,1969,4,1969-10-05,False,NYJ,BOS,A,W,23,14,15,21,145,1,1,86.4,,1,4,1,0,0,0,0,0,0,14.2,14.2,16174,False,sacked,PFR+SCORE0,19691005-NYJ-BOS,True,,True,True,,,0
Joe Namath,1969,5,1969-10-12,False,NYJ,CIN,A,W,21,7,14,26,163,1,1,69.9,,1,1,1,0,0,0,0,,,14.62,14.62,16174,False,sacked;two_pt;fum_rec_td,PFR,19691012-NYJ-CIN,False,two_pt;fum_rec_td,False,True,two_pt;fum_rec_td,,6
Joe Namath,1969,6,1969-10-20,False,NYJ,HOU,H,W,26,17,12,24,306,2,3,84.0,,2,3,0,0,0,0,0,0,0,14.54,14.54,16174,False,sacked,PFR+SCORE0,19691020-HOU-NYJ,True,,True,True,,,0
Joe Namath,1969,7,1969-10-26,False,NYJ,BOS,H,W,23,17,10,21,115,0,1,44.7,,1,16,0,0,0,0,0,0,0,4.2,4.2,16174,False,sacked,PFR+SCORE0,19691026-BOS-NYJ,True,,True,True,,,0
Joe Namath,1969,8,1969-11-02,False,NYJ,MIA,H,W,34,31,13,26,233,3,1,103.5,,2,0,0,0,0,0,0,,,19.32,19.32,16174,False,sacked;two_pt;fum_rec_td,PFR,19691102-MIA-NYJ,False,two_pt;fum_rec_td,False,True,two_pt;fum_rec_td,,2
Joe Namath,1969,9,1969-11-09,False,NYJ,BUF,H,W,16,6,10,22,169,0,1,53.0,,0,0,0,0,0,0,0,0,0,4.76,4.76,16174,False,sacked,PFR+SCORE0,19691109-BUF-NYJ,True,,True,True,,,0
Joe Namath,1969,10,1969-11-16,False,NYJ,KAN,H,L,16,34,24,40,327,2,3,71.6,,0,0,0,0,0,0,0,0,0,15.08,15.08,16174,False,sacked,PFR+SCORE0,19691116-KAN-NYJ,True,,True,True,,,0
Joe Namath,1969,11,1969-11-23,False,NYJ,CIN,H,W,40,7,11,20,172,2,0,117.1,,1,1,0,0,0,0,0,0,0,14.98,14.98,16174,False,sacked,PFR+SCORE0,19691123-CIN-NYJ,True,,True,True,,,0
Joe Namath,1969,12,1969-11-30,False,NYJ,OAK,H,L,14,27,10,30,169,1,1,50.6,,0,0,0,0,0,0,0,0,0,8.76,8.76,16174,False,sacked,PFR+SCORE0,19691130-OAK-NYJ,True,,True,True,,,0
Joe Namath,1969,13,1969-12-06,False,NYJ,HOU,A,W,34,26,6,16,52,2,0,86.5,,0,0,0,0,0,0,0,0,0,10.08,10.08,16174,False,sacked,PFR+SCORE0,19691206-NYJ-HOU,True,,True,True,,,0
Joe Namath,1969,14,1969-12-14,False,NYJ,MIA,A,W,27,9,5,8,99,2,0,145.3,,1,0,0,0,0,0,0,0,0,11.96,11.96,16174,False,sacked,PFR+SCORE0,19691214-NYJ-MIA,True,,True,True,,,0
Joe Namath,1969,17,1969-12-20,True,NYJ,KAN,H,L,6,13,14,40,169,0,3,17.6,,1,1,0,0,0,0,0,0,0,0.86,0.86,16174,False,sacked,PFR+SCORE0,19691220-KAN-NYJ,True,,True,True,,,0
Fran Tarkenton,1961,1,1961-09-17,False,MIN,CHI,H,W,37,13,17,23,250,4,0,148.6,,4,11,1,0,0,0,0,0,0,33.1,33.1,21781,False,sacked,PFR+RULE2PT+SCORE0,19610917-CHI-MIN,True,,True,True,,,0
Fran Tarkenton,1961,2,1961-09-24,False,MIN,DAL,A,L,7,21,8,24,117,0,2,15.5,,2,11,0,0,0,0,0,0,0,1.78,1.78,21781,False,sacked,PFR+RULE2PT+SCORE0,19610924-MIN-DAL,True,,True,True,,,0
Fran Tarkenton,1961,4,1961-10-08,False,MIN,DAL,H,L,0,28,10,21,151,0,2,32.1,,1,-4,0,0,0,0,0,0,0,1.64,1.64,21781,False,sacked,PFR+RULE2PT+SCORE0,19611008-DAL-MIN,True,,True,True,,,0
Fran Tarkenton,1961,5,1961-10-15,False,MIN,SFO,H,L,24,38,6,11,48,0,0,65.7,,2,12,0,0,0,0,0,0,0,3.12,3.12,21781,False,sacked,PFR+RULE2PT+SCORE0,19611015-SFO-MIN,True,,True,True,,,0
Fran Tarkenton,1961,6,1961-10-22,False,MIN,GNB,H,L,7,33,15,24,130,0,3,37.2,,6,22,1,0,0,0,0,0,0,7.4,7.4,21781,False,sacked,PFR+RULE2PT+SCORE0,19611022-GNB-MIN,True,,True,True,,,0
Fran Tarkenton,1961,7,1961-10-29,False,MIN,GNB,A,L,10,28,1,6,19,0,0,40.3,,1,13,0,0,0,0,0,0,0,2.06,2.06,21781,False,sacked,PFR+RULE2PT+SCORE0,19611029-MIN-GNB,True,,True,True,,,0
Fran Tarkenton,1961,8,1961-11-05,False,MIN,RAM,A,L,17,31,12,19,156,1,1,84.5,,11,99,1,0,0,0,0,0,0,24.14,24.14,21781,False,sacked,PFR+RULE2PT+SCORE0,19611105-MIN-RAM,True,,True,True,,,0
Fran Tarkenton,1961,9,1961-11-12,False,MIN,BAL,H,W,28,20,11,18,179,1,1,89.8,,11,58,1,0,0,0,0,0,0,20.96,20.96,21781,False,sacked,PFR+RULE2PT+SCORE0,19611112-BAL-MIN,True,,True,True,,,0
Fran Tarkenton,1961,10,1961-11-19,False,MIN,DET,H,L,10,37,13,24,116,1,2,46.5,,3,14,0,0,0,0,0,0,0,6.04,6.04,21781,False,sacked,PFR+RULE2PT+SCORE0,19611119-DET-MIN,True,,True,True,,,0
Fran Tarkenton,1961,11,1961-11-26,False,MIN,SFO,A,L,28,38,16,24,277,2,1,116.1,,2,2,1,0,0,0,0,0,0,23.28,23.28,21781,False,sacked,PFR+RULE2PT+SCORE0,19611126-MIN-SFO,True,,True,True,,,0
Fran Tarkenton,1961,12,1961-12-03,False,MIN,RAM,H,W,42,21,21,30,252,4,1,121.1,,6,32,0,0,0,0,0,0,0,27.28,27.28,21781,False,sacked,PFR+RULE2PT+SCORE0,19611203-RAM-MIN,True,,True,True,,,0
Fran Tarkenton,1961,13,1961-12-10,False,MIN,DET,A,L,7,13,15,34,141,1,3,29.2,,5,42,0,0,0,0,0,0,0,7.84,7.84,21781,False,sacked,PFR+RULE2PT+SCORE0,19611210-MIN-DET,True,,True,True,,,0
Fran Tarkenton,1961,14,1961-12-17,False,MIN,CHI,A,L,35,52,12,22,161,4,1,98.7,,2,-4,0,0,0,0,0,0,0,20.04,20.04,21781,False,sacked,PFR+RULE2PT+SCORE0,19611217-MIN-CHI,True,,True,True,,,0
Fran Tarkenton,1962,1,1962-09-16,False,MIN,GNB,A,L,7,34,11,23,100,1,5,35.0,,3,21,0,0,0,0,0,0,0,0.1,0.1,21781,False,sacked,PFR+RULE2PT+SCORE0,19620916-MIN-GNB,True,,True,True,,,0
Fran Tarkenton,1962,2,1962-09-23,False,MIN,BAL,H,L,7,34,15,31,199,0,1,55.7,,2,13,0,0,0,0,0,0,0,7.26,7.26,21781,False,sacked,PFR+RULE2PT+SCORE0,19620923-BAL-MIN,True,,True,True,,,0
Fran Tarkenton,1962,3,1962-09-30,False,MIN,SFO,A,L,7,21,16,27,129,1,2,52.9,,4,46,0,0,0,0,0,0,0,9.76,9.76,21781,False,sacked,PFR+RULE2PT+SCORE0,19620930-MIN-SFO,True,,True,True,,,0
Fran Tarkenton,1962,4,1962-10-07,False,MIN,CHI,H,L,0,13,10,19,179,0,1,63.3,,0,0,0,0,0,0,0,0,0,5.16,5.16,21781,False,sacked,PFR+RULE2PT+SCORE0,19621007-CHI-MIN,True,,True,True,,,0
Fran Tarkenton,1962,5,1962-10-14,False,MIN,GNB,H,L,21,48,18,29,288,2,3,78.6,,2,8,0,0,0,0,0,0,0,14.32,14.32,21781,False,sacked,PFR+RULE2PT+SCORE0,19621014-GNB-MIN,True,,True,True,,,0
Fran Tarkenton,1962,6,1962-10-21,False,MIN,RAM,A,W,38,14,13,22,163,3,0,121.8,,4,48,0,0,0,0,0,0,,23.32,23.32,21781,False,sacked;fum_rec_td,PFR+RULE2PT,19621021-MIN-RAM,False,fum_rec_td,False,True,fum_rec_td,,6
Fran Tarkenton,1962,7,1962-10-28,False,MIN,PHI,H,W,31,21,8,17,187,2,1,101.8,,7,69,1,0,0,0,0,0,0,26.38,26.38,21781,False,sacked,PFR+RULE2PT+SCORE0,19621028-PHI-MIN,True,,True,True,,,0
Fran Tarkenton,1962,8,1962-11-04,False,MIN,PIT,A,L,31,39,13,21,273,4,1,125.5,,2,16,0,0,0,0,0,0,0,26.52,26.52,21781,False,sacked,PFR+RULE2PT+SCORE0,19621104-MIN-PIT,True,,True,True,,,0
Fran Tarkenton,1962,9,1962-11-11,False,MIN,CHI,A,L,30,31,6,23,173,3,1,79.9,,3,23,0,0,0,0,0,0,0,19.22,19.22,21781,False,sacked,PFR+RULE2PT+SCORE0,19621111-MIN-CHI,True,,True,True,,,0
Fran Tarkenton,1962,10,1962-11-18,False,MIN,DET,H,L,6,17,10,25,135,0,1,41.2,,3,26,0,0,0,0,0,0,0,6.0,6.0,21781,False,sacked,PFR+RULE2PT+SCORE0,19621118-DET-MIN,True,,True,True,,,0
Fran Tarkenton,1962,11,1962-11-25,False,MIN,RAM,H,T,24,24,14,24,264,3,4,96.5,,2,1,0,0,0,0,0,0,0,14.66,14.66,21781,False,sacked,PFR+RULE2PT+SCORE0,19621125-RAM-MIN,True,,True,True,,,0
Fran Tarkenton,1962,12,1962-12-02,False,MIN,SFO,H,L,12,35,15,25,254,1,0,107.7,,5,50,0,0,0,0,0,0,0,19.16,19.16,21781,False,sacked,PFR+RULE2PT+SCORE2,19621202-SFO-MIN,True,,True,True,,,2
Fran Tarkenton,1962,13,1962-12-09,False,MIN,DET,A,L,23,37,8,25,185,1,4,33.3,,1,17,0,0,0,0,0,0,,5.1,5.1,21781,False,sacked;fum_rec_td,PFR+RULE2PT,19621209-MIN-DET,False,fum_rec_td,False,True,fum_rec_td,,8
Fran Tarkenton,1962,14,1962-12-16,False,MIN,BAL,A,L,17,42,6,18,66,1,1,40.5,,3,23,1,0,0,0,0,0,0,12.94,12.94,21781,False,sacked,PFR+RULE2PT+SCORE0,19621216-MIN-BAL,True,,True,True,,,0
Fran Tarkenton,1963,1,1963-09-15,False,MIN,SFO,A,W,24,20,20,29,262,1,1,94.3,,4,18,0,0,0,0,0,0,0,14.28,14.28,21781,False,sacked,PFR+RULE2PT+SCORE0,19630915-MIN-SFO,True,,True,True,,,0
Fran Tarkenton,1963,2,1963-09-22,False,MIN,CHI,H,L,7,28,13,22,167,1,3,58.5,,1,9,0,0,0,0,0,0,0,5.58,5.58,21781,False,sacked,PFR+RULE2PT+SCORE0,19630922-CHI-MIN,True,,True,True,,,0
Fran Tarkenton,1963,3,1963-09-29,False,MIN,SFO,H,W,45,14,14,28,242,3,2,85.7,,3,34,0,0,0,0,0,0,,21.08,21.08,21781,False,sacked;fum_rec_td,PFR+RULE2PT,19630929-SFO-MIN,False,fum_rec_td,False,True,fum_rec_td,,6
Fran Tarkenton,1963,4,1963-10-06,False,MIN,STL,H,L,14,56,9,25,81,0,0,45.6,,0,0,0,0,0,0,0,0,0,3.24,3.24,21781,False,sacked,PFR+RULE2PT+SCORE0,19631006-STL-MIN,True,,True,True,,,0
Fran Tarkenton,1963,5,1963-10-13,False,MIN,GNB,H,L,28,37,14,23,282,1,2,82.2,,1,8,0,0,0,0,0,0,,12.08,12.08,21781,False,sacked;fum_rec_td,PFR+RULE2PT,19631013-GNB-MIN,False,fum_rec_td,False,True,fum_rec_td,,12
Fran Tarkenton,1963,6,1963-10-20,False,MIN,RAM,A,L,24,27,14,24,202,2,2,78.8,,2,9,0,0,0,0,0,0,0,12.98,12.98,21781,False,sacked,PFR+RULE2PT+SCORE0,19631020-MIN-RAM,True,,True,True,,,0
Fran Tarkenton,1963,7,1963-10-27,False,MIN,DET,A,L,10,28,15,25,114,0,0,71.1,,1,3,0,0,0,0,0,0,0,4.86,4.86,21781,False,sacked,PFR+RULE2PT+SCORE0,19631027-MIN-DET,True,,True,True,,,0
Fran Tarkenton,1963,8,1963-11-03,False,MIN,RAM,H,W,21,13,13,19,148,2,0,126.6,,4,12,1,0,0,0,0,0,0,21.12,21.12,21781,False,sacked,PFR+RULE2PT+SCORE0,19631103-RAM-MIN,True,,True,True,,,0
Fran Tarkenton,1963,9,1963-11-10,False,MIN,GNB,A,L,7,28,17,35,200,1,2,52.1,,2,-1,0,0,0,0,0,0,0,7.9,7.9,21781,False,sacked,PFR+RULE2PT+SCORE0,19631110-MIN-GNB,True,,True,True,,,0
Fran Tarkenton,1963,10,1963-11-17,False,MIN,BAL,H,L,34,37,14,20,225,2,0,140.6,,4,46,0,0,0,0,0,0,0,21.6,21.6,21781,False,sacked,PFR+RULE2PT+SCORE0,19631117-BAL-MIN,True,,True,True,,,0
Fran Tarkenton,1963,11,1963-11-24,False,MIN,DET,H,W,34,31,16,24,261,1,1,99.5,,4,9,0,0,0,0,0,0,0,13.34,13.34,21781,False,sacked,PFR+RULE2PT+SCORE0,19631124-DET-MIN,True,,True,True,,,0
Fran Tarkenton,1963,12,1963-12-01,False,MIN,CHI,A,T,17,17,1,4,4,0,0,39.6,,1,9,0,0,0,0,0,0,0,1.06,1.06,21781,False,sacked,PFR+RULE2PT+SCORE0,19631201-MIN-CHI,True,,True,True,,,0
Fran Tarkenton,1963,13,1963-12-08,False,MIN,BAL,A,L,10,41,10,19,123,1,2,50.9,,1,6,0,0,0,0,0,0,0,5.52,5.52,21781,False,sacked,PFR+RULE2PT+SCORE0,19631208-MIN-BAL,True,,True,True,,,0
Fran Tarkenton,1964,1,1964-09-13,False,MIN,BAL,H,W,34,24,13,23,175,2,1,91.8,,6,52,0,0,0,0,0,0,0,18.2,18.2,21781,False,sacked,PFR+RULE2PT+SCORE0,19640913-BAL-MIN,True,,True,True,,,0
Fran Tarkenton,1964,2,1964-09-20,False,MIN,CHI,H,L,28,34,22,34,311,4,1,121.1,,2,0,0,0,0,0,0,0,0,26.44,26.44,21781,False,sacked,PFR+RULE2PT+SCORE0,19640920-CHI-MIN,True,,True,True,,,0
Fran Tarkenton,1964,3,1964-09-27,False,MIN,RAM,A,L,13,22,10,22,150,1,0,83.5,,5,33,0,0,0,0,0,0,0,13.3,13.3,21781,False,sacked,PFR+RULE2PT+SCORE0,19640927-MIN-RAM,True,,True,True,,,0
Fran Tarkenton,1964,4,1964-10-04,False,MIN,GNB,A,W,24,23,11,16,177,1,0,126.3,,6,49,0,0,0,0,0,0,0,15.98,15.98,21781,False,sacked,PFR+RULE2PT+SCORE0,19641004-MIN-GNB,True,,True,True,,,0
Fran Tarkenton,1964,5,1964-10-11,False,MIN,DET,H,L,20,24,13,22,237,1,3,71.8,,2,12,0,0,0,0,0,0,0,8.68,8.68,21781,False,sacked,PFR+RULE2PT+SCORE0,19641011-DET-MIN,True,,True,True,,,0
Fran Tarkenton,1964,6,1964-10-18,False,MIN,PIT,H,W,30,10,6,12,110,2,0,121.5,,4,21,0,0,0,0,0,0,,14.5,14.5,21781,False,sacked;fum_rec_td,PFR+RULE2PT,19641018-PIT-MIN,False,fum_rec_td,False,True,fum_rec_td,,6
Fran Tarkenton,1964,7,1964-10-25,False,MIN,SFO,A,W,27,22,11,22,136,0,1,50.6,,3,10,1,0,0,0,0,0,,10.44,10.44,21781,False,sacked;fum_rec_td,PFR+RULE2PT,19641025-MIN-SFO,False,fum_rec_td,False,True,fum_rec_td,,6
Fran Tarkenton,1964,8,1964-11-01,False,MIN,GNB,H,L,13,42,12,19,122,1,0,99.0,,1,0,0,0,0,0,0,0,0,8.88,8.88,21781,False,sacked,PFR+RULE2PT+SCORE0,19641101-GNB-MIN,True,,True,True,,,0
Fran Tarkenton,1964,9,1964-11-08,False,MIN,SFO,H,W,24,7,17,25,234,3,1,120.7,,2,28,0,0,0,0,0,0,0,22.16,22.16,21781,False,sacked,PFR+RULE2PT+SCORE0,19641108-SFO-MIN,True,,True,True,,,0
Fran Tarkenton,1964,10,1964-11-15,False,MIN,BAL,A,L,14,17,11,21,117,1,3,45.2,,2,37,0,0,0,0,0,0,0,6.38,6.38,21781,False,sacked,PFR+RULE2PT+SCORE0,19641115-MIN-BAL,True,,True,True,,,0
Fran Tarkenton,1964,11,1964-11-22,False,MIN,DET,A,T,23,23,11,18,130,1,1,78.5,,5,13,0,0,0,0,0,0,,8.5,8.5,21781,False,sacked;fum_rec_td,PFR+RULE2PT,19641122-MIN-DET,False,fum_rec_td,False,True,fum_rec_td,,6
Fran Tarkenton,1964,12,1964-11-29,False,MIN,RAM,H,W,34,13,14,31,181,2,0,85.6,,1,10,0,0,0,0,0,0,,16.24,16.24,21781,False,sacked;fum_rec_td,PFR+RULE2PT,19641129-RAM-MIN,False,fum_rec_td,False,True,fum_rec_td,,6
Fran Tarkenton,1964,13,1964-12-06,False,MIN,NYG,A,W,30,21,13,29,244,2,0,97.5,,7,24,1,0,0,0,0,0,0,26.16,26.16,21781,False,sacked,PFR+RULE2PT+SCORE0,19641206-MIN-NYG,True,,True,True,,,0
Fran Tarkenton,1964,14,1964-12-13,False,MIN,CHI,A,W,41,14,7,12,182,1,0,130.6,,4,41,0,0,0,0,0,0,,15.38,15.38,21781,False,sacked;fum_rec_td,PFR+RULE2PT,19641213-MIN-CHI,False,fum_rec_td,False,True,fum_rec_td,,6
Fran Tarkenton,1965,1,1965-09-19,False,MIN,BAL,A,L,16,35,10,24,201,1,2,50.9,,3,47,0,0,0,0,0,0,0,12.74,12.74,21781,False,sacked,PFR+RULE2PT+SCORE0,19650919-MIN-BAL,True,,True,True,,,0
Fran Tarkenton,1965,2,1965-09-26,False,MIN,DET,H,L,29,31,9,22,144,1,1,59.7,,5,34,0,0,0,0,0,0,0,11.16,11.16,21781,False,sacked,PFR+RULE2PT+SCORE2,19650926-DET-MIN,True,,True,True,,,2
Fran Tarkenton,1965,3,1965-10-03,False,MIN,RAM,A,W,38,35,17,25,249,2,1,110.2,,3,3,0,0,0,0,0,0,0,16.26,16.26,21781,False,sacked,PFR+RULE2PT+SCORE0,19651003-MIN-RAM,True,,True,True,,,0
Fran Tarkenton,1965,4,1965-10-09,False,MIN,NYG,H,W,40,14,14,22,196,2,0,122.5,,4,23,0,0,0,0,0,0,0,18.14,18.14,21781,False,sacked,PFR+RULE2PT+SCORE2,19651009-NYG-MIN,True,,True,True,,,2
Fran Tarkenton,1965,5,1965-10-17,False,MIN,CHI,H,L,37,45,10,20,121,0,2,29.4,,8,71,1,0,0,0,0,0,0,13.94,13.94,21781,False,sacked,PFR+RULE2PT+SCORE0,19651017-CHI-MIN,True,,True,True,,,0
Fran Tarkenton,1965,6,1965-10-24,False,MIN,SFO,A,W,42,41,21,35,407,3,0,129.1,,2,-3,0,0,0,0,0,0,0,27.98,27.98,21781,False,sacked,PFR+RULE2PT+SCORE0,19651024-MIN-SFO,True,,True,True,,,0
Fran Tarkenton,1965,7,1965-10-31,False,MIN,CLE,A,W,27,17,17,27,234,2,0,115.4,,2,-9,0,0,0,0,0,0,0,16.46,16.46,21781,False,sacked,PFR+RULE2PT+SCORE0,19651031-MIN-CLE,True,,True,True,,,0
Fran Tarkenton,1965,8,1965-11-07,False,MIN,RAM,H,W,24,13,12,21,214,1,1,88.2,,4,58,0,0,0,0,0,0,0,16.36,16.36,21781,False,sacked,PFR+RULE2PT+SCORE0,19651107-RAM-MIN,True,,True,True,,,0
Fran Tarkenton,1965,9,1965-11-14,False,MIN,BAL,H,L,21,41,12,21,120,2,0,105.3,,4,52,0,0,0,0,0,0,0,18.0,18.0,21781,False,sacked,PFR+RULE2PT+SCORE0,19651114-BAL-MIN,True,,True,True,,,0
Fran Tarkenton,1965,10,1965-11-21,False,MIN,GNB,H,L,13,38,9,19,172,1,2,57.2,,8,54,0,0,0,0,0,0,0,12.28,12.28,21781,False,sacked,PFR+RULE2PT+SCORE0,19651121-GNB-MIN,True,,True,True,,,0
Fran Tarkenton,1965,11,1965-11-28,False,MIN,SFO,H,L,24,45,3,10,33,0,1,1.2,,0,0,0,0,0,0,0,0,0,-0.68,-0.68,21781,False,sacked,PFR+RULE2PT+SCORE0,19651128-SFO-MIN,True,,True,True,,,0
Fran Tarkenton,1965,12,1965-12-05,False,MIN,GNB,A,L,19,24,11,30,106,0,0,47.4,,6,29,0,0,0,0,0,0,0,7.14,7.14,21781,False,sacked,PFR+RULE2PT+SCORE0,19651205-MIN-GNB,True,,True,True,,,0
Fran Tarkenton,1965,13,1965-12-12,False,MIN,DET,A,W,29,7,13,24,204,2,0,110.4,,2,-2,0,0,0,0,0,0,,15.96,15.96,21781,False,sacked;fum_rec_td,PFR+RULE2PT,19651212-MIN-DET,False,fum_rec_td,False,True,fum_rec_td,,8
Fran Tarkenton,1965,14,1965-12-19,False,MIN,CHI,A,W,24,17,13,29,208,2,1,77.9,,5,-1,0,0,0,0,0,0,,14.22,14.22,21781,False,sacked;fum_rec_td,PFR+RULE2PT,19651219-MIN-CHI,False,fum_rec_td,False,True,fum_rec_td,,6
Fran Tarkenton,1966,1,1966-09-11,False,MIN,SFO,A,T,20,20,10,27,105,0,1,33.7,,6,58,0,0,0,0,0,0,0,8.0,8.0,21781,False,sacked,PFR+RULE2PT+SCORE0,19660911-MIN-SFO,True,,True,True,,,0
Fran Tarkenton,1966,2,1966-09-18,False,MIN,BAL,H,L,23,38,16,28,200,0,1,64.6,,3,13,0,0,0,0,0,0,0,7.3,7.3,21781,False,sacked,PFR+RULE2PT+SCORE0,19660918-BAL-MIN,True,,True,True,,,0
Fran Tarkenton,1966,3,1966-09-25,False,MIN,DAL,A,L,17,28,18,38,245,2,1,75.0,,4,25,0,0,0,0,0,0,0,18.3,18.3,21781,False,sacked,PFR+RULE2PT+SCORE0,19660925-MIN-DAL,True,,True,True,,,0
Fran Tarkenton,1966,4,1966-10-02,False,MIN,CHI,H,L,10,13,15,29,205,1,1,71.8,,3,-1,0,0,0,0,0,0,0,10.1,10.1,21781,False,sacked,PFR+RULE2PT+SCORE0,19661002-CHI-MIN,True,,True,True,,,0
Fran Tarkenton,1966,5,1966-10-16,False,MIN,RAM,H,W,35,7,21,31,327,3,1,121.3,,5,10,1,0,0,0,0,0,0,30.08,30.08,21781,False,sacked,PFR+RULE2PT+SCORE0,19661016-RAM-MIN,True,,True,True,,,0
Fran Tarkenton,1966,6,1966-10-23,False,MIN,BAL,A,L,17,20,23,36,231,2,0,100.6,,7,49,0,0,0,0,0,0,0,22.14,22.14,21781,False,sacked,PFR+RULE2PT+SCORE0,19661023-MIN-BAL,True,,True,True,,,0
Fran Tarkenton,1966,7,1966-10-30,False,MIN,SFO,H,W,28,3,17,31,278,2,1,93.2,,10,71,2,0,0,0,0,0,0,36.22,36.22,21781,False,sacked,PFR+RULE2PT+SCORE0,19661030-SFO-MIN,True,,True,True,,,0
Fran Tarkenton,1966,8,1966-11-06,False,MIN,GNB,A,W,20,17,16,26,172,0,0,80.9,,5,22,0,0,0,0,0,0,0,9.08,9.08,21781,False,sacked,PFR+RULE2PT+SCORE0,19661106-MIN-GNB,True,,True,True,,,0
Fran Tarkenton,1966,9,1966-11-13,False,MIN,DET,H,L,31,32,11,24,106,0,5,19.1,,4,53,0,0,0,0,0,0,,-0.46,-0.46,21781,False,sacked;fum_rec_td,PFR+RULE2PT,19661113-DET-MIN,False,fum_rec_td,False,True,fum_rec_td,,6
Fran Tarkenton,1966,10,1966-11-20,False,MIN,RAM,A,L,6,21,1,5,-8,0,0,39.6,,3,20,0,0,0,0,0,0,0,1.68,1.68,21781,False,sacked,PFR+RULE2PT+SCORE0,19661120-MIN-RAM,True,,True,True,,,0
Fran Tarkenton,1966,11,1966-11-27,False,MIN,GNB,H,L,16,28,15,27,229,1,1,80.6,,6,18,0,0,0,0,0,0,0,12.96,12.96,21781,False,sacked,PFR+RULE2PT+SCORE0,19661127-GNB-MIN,True,,True,True,,,0
Fran Tarkenton,1966,13,1966-12-11,False,MIN,DET,A,W,28,16,12,20,211,3,2,96.0,,2,15,0,0,0,0,0,0,0,17.94,17.94,21781,False,sacked,PFR+RULE2PT+SCORE0,19661211-MIN-DET,True,,True,True,,,0
Fran Tarkenton,1966,14,1966-12-18,False,MIN,CHI,A,L,28,41,17,36,260,3,2,76.2,,4,23,1,0,0,0,0,0,0,26.7,26.7,21781,False,sacked,PFR+RULE2PT+SCORE0,19661218-MIN-CHI,True,,True,True,,,0
Fran Tarkenton,1967,1,1967-09-17,False,NYG,STL,A,W,37,20,7,19,232,3,0,123.2,,2,24,0,0,0,0,0,0,0,23.68,23.68,21781,False,sacked,PFR+RULE2PT+SCORE0,19670917-NYG-STL,True,,True,True,,,0
Fran Tarkenton,1967,2,1967-09-24,False,NYG,DAL,A,L,24,38,14,29,178,1,2,50.6,,0,0,0,0,0,0,0,0,0,7.12,7.12,21781,False,sacked,PFR+RULE2PT+SCORE0,19670924-NYG-DAL,True,,True,True,,,0
Fran Tarkenton,1967,3,1967-10-01,False,NYG,WAS,A,L,34,38,18,29,249,2,0,112.6,,3,27,0,0,0,0,0,0,0,20.66,20.66,21781,False,sacked,PFR+RULE2PT+SCORE0,19671001-NYG-WAS,True,,True,True,,,0
Fran Tarkenton,1967,4,1967-10-08,False,NYG,NOR,H,W,27,21,18,28,348,2,1,116.4,,8,41,0,0,0,0,0,0,0,24.02,24.02,21781,False,sacked,PFR+RULE2PT+SCORE0,19671008-NOR-NYG,True,,True,True,,,0
Fran Tarkenton,1967,5,1967-10-15,False,NYG,PIT,A,W,27,24,18,29,287,2,1,103.7,,5,34,1,0,0,0,0,0,0,26.88,26.88,21781,False,sacked,PFR+RULE2PT+SCORE0,19671015-NYG-PIT,True,,True,True,,,0
Fran Tarkenton,1967,6,1967-10-22,False,NYG,GNB,H,L,21,48,14,27,203,3,3,74.1,,2,3,0,0,0,0,0,0,0,14.42,14.42,21781,False,sacked,PFR+RULE2PT+SCORE0,19671022-GNB-NYG,True,,True,True,,,0
Fran Tarkenton,1967,7,1967-10-29,False,NYG,CLE,H,W,38,34,18,30,283,3,1,110.8,,7,29,1,0,0,0,0,0,0,30.22,30.22,21781,False,sacked,PFR+RULE2PT+SCORE0,19671029-CLE-NYG,True,,True,True,,,0
Fran Tarkenton,1967,8,1967-11-05,False,NYG,MIN,A,L,24,27,12,23,270,3,0,134.1,,6,56,0,0,0,0,0,0,0,28.4,28.4,21781,False,sacked,PFR+RULE2PT+SCORE0,19671105-NYG-MIN,True,,True,True,,,0
Fran Tarkenton,1967,9,1967-11-12,False,NYG,CHI,A,L,7,34,5,20,63,0,3,0.6,,1,-1,0,0,0,0,0,0,0,-3.58,-3.58,21781,False,sacked,PFR+RULE2PT+SCORE0,19671112-NYG-CHI,True,,True,True,,,0
Fran Tarkenton,1967,10,1967-11-19,False,NYG,PIT,H,W,28,20,15,25,173,2,3,68.0,,1,-2,0,0,0,0,0,0,0,8.72,8.72,21781,False,sacked,PFR+RULE2PT+SCORE0,19671119-PIT-NYG,True,,True,True,,,0
Fran Tarkenton,1967,11,1967-11-26,False,NYG,PHI,H,W,44,7,20,31,261,3,0,123.2,,2,12,0,0,0,0,0,0,0,23.64,23.64,21781,False,sacked,PFR+RULE2PT+SCORE0,19671126-PHI-NYG,True,,True,True,,,0
Fran Tarkenton,1967,12,1967-12-03,False,NYG,CLE,A,L,14,24,26,43,218,1,2,62.0,,1,15,0,0,0,0,0,0,0,10.22,10.22,21781,False,sacked,PFR+RULE2PT+SCORE0,19671203-NYG-CLE,True,,True,True,,,0
Fran Tarkenton,1967,13,1967-12-10,False,NYG,DET,H,L,7,30,3,16,48,0,1,13.5,,2,30,0,0,0,0,0,0,0,2.92,2.92,21781,False,sacked,PFR+RULE2PT+SCORE0,19671210-DET-NYG,True,,True,True,,,0
Fran Tarkenton,1967,14,1967-12-17,False,NYG,STL,H,W,37,14,16,28,275,4,2,100.4,,4,38,0,0,0,0,0,0,0,26.8,26.8,21781,False,sacked,PFR+RULE2PT+SCORE0,19671217-STL-NYG,True,,True,True,,,0
Fran Tarkenton,1968,1,1968-09-15,False,NYG,PIT,A,W,34,20,12,22,172,2,0,110.4,,7,39,1,0,0,0,0,0,0,24.78,24.78,21781,False,sacked,PFR+RULE2PT+SCORE0,19680915-NYG-PIT,True,,True,True,,,0
Fran Tarkenton,1968,2,1968-09-22,False,NYG,PHI,A,W,34,25,14,20,190,1,1,95.8,,4,36,0,0,0,0,0,0,,13.2,13.2,21781,False,sacked;fum_rec_td,PFR+RULE2PT,19680922-NYG-PHI,False,fum_rec_td,False,True,fum_rec_td,,6
Fran Tarkenton,1968,3,1968-09-29,False,NYG,WAS,H,W,48,21,9,16,264,2,0,140.6,,5,5,1,0,0,0,0,0,,25.06,25.06,21781,False,sacked;fum_rec_td,PFR+RULE2PT,19680929-WAS-NYG,False,fum_rec_td,False,True,fum_rec_td,,6
Fran Tarkenton,1968,4,1968-10-06,False,NYG,NOR,H,W,38,21,11,22,177,3,0,116.9,,2,7,0,0,0,0,0,0,0,19.78,19.78,21781,False,sacked,PFR+RULE2PT+SCORE0,19681006-NOR-NYG,True,,True,True,,,0
Fran Tarkenton,1968,5,1968-10-13,False,NYG,ATL,A,L,21,24,14,22,227,3,1,118.8,,3,33,0,0,0,0,0,0,0,22.38,22.38,21781,False,sacked,PFR+RULE2PT+SCORE0,19681013-NYG-ATL,True,,True,True,,,0
Fran Tarkenton,1968,6,1968-10-20,False,NYG,SFO,H,L,10,26,12,23,142,1,1,67.7,,2,6,0,0,0,0,0,0,0,8.28,8.28,21781,False,sacked,PFR+RULE2PT+SCORE0,19681020-SFO-NYG,True,,True,True,,,0
Fran Tarkenton,1968,7,1968-10-27,False,NYG,WAS,A,W,13,10,14,26,129,0,2,35.6,,5,16,0,0,0,0,0,0,0,2.76,2.76,21781,False,sacked,PFR+RULE2PT+SCORE0,19681027-NYG-WAS,True,,True,True,,,0
Fran Tarkenton,1968,8,1968-11-03,False,NYG,BAL,H,L,0,26,10,20,98,0,1,43.3,,2,6,0,0,0,0,0,0,0,2.52,2.52,21781,False,sacked,PFR+RULE2PT+SCORE0,19681103-BAL-NYG,True,,True,True,,,0
Fran Tarkenton,1968,9,1968-11-10,False,NYG,DAL,A,W,27,21,16,24,187,2,0,117.9,,5,35,1,0,0,0,0,0,0,24.98,24.98,21781,False,sacked,PFR+RULE2PT+SCORE0,19681110-NYG-DAL,True,,True,True,,,0
Fran Tarkenton,1968,10,1968-11-17,False,NYG,PHI,H,W,7,6,12,23,171,1,2,54.8,,5,9,0,0,0,0,0,0,0,7.74,7.74,21781,False,sacked,PFR+RULE2PT+SCORE0,19681117-PHI-NYG,True,,True,True,,,0
Fran Tarkenton,1968,11,1968-11-24,False,NYG,RAM,A,L,21,24,13,27,144,3,2,70.6,,8,65,0,0,0,0,0,0,0,20.26,20.26,21781,False,sacked,PFR+RULE2PT+SCORE0,19681124-NYG-RAM,True,,True,True,,,0
Fran Tarkenton,1968,12,1968-12-01,False,NYG,CLE,A,L,10,45,8,20,59,0,1,27.1,,2,16,0,0,0,0,0,0,0,1.96,1.96,21781,False,sacked,PFR+RULE2PT+SCORE0,19681201-NYG-CLE,True,,True,True,,,0
Fran Tarkenton,1968,13,1968-12-08,False,NYG,STL,H,L,21,28,16,29,325,2,1,103.4,,5,20,0,0,0,0,0,0,0,21.0,21.0,21781,False,sacked,PFR+RULE2PT+SCORE0,19681208-STL-NYG,True,,True,True,,,0
Fran Tarkenton,1968,14,1968-12-15,False,NYG,DAL,H,L,10,28,21,43,270,1,0,76.7,,2,8,0,0,0,0,0,0,0,15.6,15.6,21781,False,sacked,PFR+RULE2PT+SCORE0,19681215-DAL-NYG,True,,True,True,,,0
Fran Tarkenton,1969,1,1969-09-21,False,NYG,MIN,H,W,24,23,19,34,224,3,0,105.5,,7,13,0,0,0,0,0,0,0,22.26,22.26,21781,False,sacked,PFR+RULE2PT+SCORE0,19690921-MIN-NYG,True,,True,True,,,0
Fran Tarkenton,1969,2,1969-09-28,False,NYG,DET,A,L,0,24,5,16,78,0,0,48.4,,3,15,0,0,0,0,0,0,0,4.62,4.62,21781,False,sacked,PFR+RULE2PT+SCORE0,19690928-NYG-DET,True,,True,True,,,0
Fran Tarkenton,1969,3,1969-10-05,False,NYG,CHI,H,W,28,24,14,25,227,4,0,126.2,,3,21,0,0,0,0,0,0,0,27.18,27.18,21781,False,sacked,PFR+RULE2PT+SCORE0,19691005-CHI-NYG,True,,True,True,,,0
Fran Tarkenton,1969,4,1969-10-12,False,NYG,PIT,H,W,10,7,16,29,154,1,0,81.7,,6,15,0,0,0,0,0,0,0,11.66,11.66,21781,False,sacked,PFR+RULE2PT+SCORE0,19691012-PIT-NYG,True,,True,True,,,0
Fran Tarkenton,1969,5,1969-10-19,False,NYG,WAS,A,L,14,20,18,28,144,0,0,77.1,,5,30,0,0,0,0,0,0,0,8.76,8.76,21781,False,sacked,PFR+RULE2PT+SCORE0,19691019-NYG-WAS,True,,True,True,,,0
Fran Tarkenton,1969,6,1969-10-27,False,NYG,DAL,A,L,3,25,13,32,196,0,1,48.4,,1,9,0,0,0,0,0,0,0,6.74,6.74,21781,False,sacked,PFR+RULE2PT+SCORE0,19691027-NYG-DAL,True,,True,True,,,0
Fran Tarkenton,1969,7,1969-11-02,False,NYG,PHI,H,L,20,23,14,26,217,0,1,65.7,,1,7,0,0,0,0,0,0,,7.38,7.38,21781,False,sacked;fum_rec_td,PFR+RULE2PT,19691102-PHI-NYG,False,fum_rec_td,False,True,fum_rec_td,,6
Fran Tarkenton,1969,8,1969-11-09,False,NYG,STL,A,L,17,42,18,39,224,2,1,70.9,,1,6,0,0,0,0,0,0,0,15.56,15.56,21781,False,sacked,PFR+RULE2PT+SCORE0,19691109-NYG-STL,True,,True,True,,,0
Fran Tarkenton,1969,9,1969-11-16,False,NYG,NOR,H,L,24,25,18,29,271,2,1,101.4,,3,25,0,0,0,0,0,0,0,19.34,19.34,21781,False,sacked,PFR+RULE2PT+SCORE0,19691116-NOR-NYG,True,,True,True,,,0
Fran Tarkenton,1969,10,1969-11-23,False,NYG,CLE,A,L,17,28,22,32,279,2,3,77.5,,1,10,0,0,0,0,0,0,0,14.16,14.16,21781,False,sacked,PFR+RULE2PT+SCORE0,19691123-NYG-CLE,True,,True,True,,,0
Fran Tarkenton,1969,11,1969-11-30,False,NYG,GNB,A,L,10,20,13,31,190,1,0,73.3,,0,0,0,0,0,0,0,0,0,11.6,11.6,21781,False,sacked,PFR+RULE2PT+SCORE0,19691130-NYG-GNB,True,,True,True,,,0
Fran Tarkenton,1969,12,1969-12-07,False,NYG,STL,H,W,49,6,19,31,252,4,0,126.6,,2,18,0,0,0,0,0,0,0,27.88,27.88,21781,False,sacked,PFR+RULE2PT+SCORE0,19691207-STL-NYG,True,,True,True,,,0
Fran Tarkenton,1969,13,1969-12-14,False,NYG,PIT,A,W,21,17,17,31,205,3,1,94.2,,3,3,0,0,0,0,0,0,0,18.5,18.5,21781,False,sacked,PFR+RULE2PT+SCORE0,19691214-NYG-PIT,True,,True,True,,,0
Fran Tarkenton,1969,14,1969-12-21,False,NYG,CLE,H,W,27,14,14,26,257,1,0,101.0,,1,0,0,0,0,0,0,0,0,14.28,14.28,21781,False,sacked,PFR+RULE2PT+SCORE0,19691221-CLE-NYG,True,,True,True,,,0
Bob Griese,1967,1,1967-09-17,False,MIA,DEN,H,W,35,21,12,19,193,2,2,92.5,,3,0,0,0,0,0,0,0,0,11.72,11.72,8495,False,sacked,PFR+SCORE0,19670917-DEN-MIA,True,,True,True,,,0
Bob Griese,1967,2,1967-09-24,False,MIA,KAN,H,L,0,24,11,22,101,0,2,25.0,,4,13,0,0,0,0,0,0,0,1.34,1.34,8495,False,sacked,PFR+SCORE0,19670924-KAN-MIA,True,,True,True,,,0
Bob Griese,1967,3,1967-10-01,False,MIA,NYJ,A,L,7,29,1,3,4,0,1,2.8,,2,10,0,0,0,0,0,0,0,-0.84,-0.84,8495,False,sacked,PFR+SCORE0,19671001-MIA-NYJ,True,,True,True,,,0
Bob Griese,1967,6,1967-10-22,False,MIA,NYJ,H,L,14,33,17,21,160,2,2,90.6,,2,9,0,0,0,0,0,0,0,11.3,11.3,8495,False,sacked,PFR+SCORE0,19671022-NYJ-MIA,True,,True,True,,,0
Bob Griese,1967,7,1967-11-05,False,MIA,BUF,A,L,13,35,16,37,107,1,1,48.4,,3,17,0,0,0,0,0,0,0,7.98,7.98,8495,False,sacked,PFR+SCORE0,19671105-MIA-BUF,True,,True,True,,,0
Bob Griese,1967,8,1967-11-12,False,MIA,SDG,A,L,0,24,13,39,186,0,0,49.7,,6,36,0,0,0,0,0,0,0,11.04,11.04,8495,False,sacked,PFR+SCORE0,19671112-MIA-SDG,True,,True,True,,,0
Bob Griese,1967,9,1967-11-19,False,MIA,OAK,A,L,17,31,17,29,231,1,2,66.9,,3,-5,0,0,0,0,0,0,0,8.74,8.74,8495,False,sacked,PFR+SCORE0,19671119-MIA-OAK,True,,True,True,,,0
Bob Griese,1967,10,1967-11-26,False,MIA,BUF,H,W,17,14,17,33,222,1,3,45.3,,1,0,0,0,0,0,0,0,0,6.88,6.88,8495,False,sacked,PFR+SCORE0,19671126-BUF-MIA,True,,True,True,,,0
Bob Griese,1967,11,1967-12-03,False,MIA,HOU,A,L,14,17,14,29,178,2,0,90.9,,1,0,0,0,0,0,0,0,0,15.12,15.12,8495,False,sacked,PFR+SCORE0,19671203-MIA-HOU,True,,True,True,,,0
Bob Griese,1967,12,1967-12-10,False,MIA,SDG,H,W,41,24,15,28,145,2,0,92.1,,6,34,1,0,0,0,0,0,0,23.2,23.2,8495,False,sacked,PFR+SCORE0,19671210-SDG-MIA,True,,True,True,,,0
Bob Griese,1967,13,1967-12-17,False,MIA,BOS,H,W,41,32,17,30,270,3,0,120.1,,3,26,0,0,0,0,0,,,25.4,25.4,8495,False,sacked;two_pt;fum_rec_td,PFR,19671217-BOS-MIA,False,two_pt;fum_rec_td,False,True,two_pt;fum_rec_td,,12
Bob Griese,1967,14,1967-12-23,False,MIA,HOU,H,L,10,41,16,41,208,1,5,24.3,,3,17,0,0,0,0,0,0,0,4.02,4.02,8495,False,sacked,PFR+SCORE0,19671223-HOU-MIA,True,,True,True,,,0
Bob Griese,1968,1,1968-09-14,False,MIA,HOU,H,L,10,24,13,28,165,1,3,37.6,,3,-4,0,0,0,0,0,0,0,4.2,4.2,8495,False,sacked,PFR+SCORE0,19680914-HOU-MIA,True,,True,True,,,0
Bob Griese,1968,2,1968-09-21,False,MIA,OAK,H,L,21,47,23,40,290,2,4,57.3,,1,7,0,0,0,0,0,0,0,12.3,12.3,8495,False,sacked,PFR+SCORE0,19680921-OAK-MIA,True,,True,True,,,0
Bob Griese,1968,3,1968-09-28,False,MIA,KAN,H,L,3,48,2,17,24,0,2,0.0,,2,6,0,0,0,0,0,0,0,-2.44,-2.44,8495,False,sacked,PFR+SCORE0,19680928-KAN-MIA,True,,True,True,,,0
Bob Griese,1968,4,1968-10-06,False,MIA,HOU,A,W,24,7,6,12,92,1,0,103.5,,1,1,0,0,0,0,0,,,7.78,7.78,8495,False,sacked;two_pt;fum_rec_td,PFR,19681006-MIA-HOU,False,two_pt;fum_rec_td,False,True,two_pt;fum_rec_td,,6
Bob Griese,1968,5,1968-10-12,False,MIA,BUF,H,T,14,14,9,22,97,0,2,16.7,,6,29,0,0,0,0,0,0,0,2.78,2.78,8495,False,sacked,PFR+SCORE0,19681012-BUF-MIA,True,,True,True,,,0
Bob Griese,1968,6,1968-10-20,False,MIA,CIN,A,W,24,22,16,29,186,3,0,109.3,,2,1,0,0,0,0,0,0,0,19.54,19.54,8495,False,sacked,PFR+SCORE0,19681020-MIA-CIN,True,,True,True,,,0
Bob Griese,1968,7,1968-10-27,False,MIA,DEN,A,L,14,21,16,26,246,1,2,73.6,,2,12,0,0,0,0,0,0,0,11.04,11.04,8495,False,sacked,PFR+SCORE0,19681027-MIA-DEN,True,,True,True,,,0
Bob Griese,1968,8,1968-11-03,False,MIA,SDG,A,L,28,34,20,27,260,3,1,125.5,,3,39,0,0,0,0,0,0,0,24.3,24.3,8495,False,sacked,PFR+SCORE0,19681103-MIA-SDG,True,,True,True,,,0
Bob Griese,1968,9,1968-11-10,False,MIA,BUF,A,W,21,17,13,28,188,1,1,65.8,,5,32,1,0,0,0,0,0,0,18.72,18.72,8495,False,sacked,PFR+SCORE0,19681110-MIA-BUF,True,,True,True,,,0
Bob Griese,1968,10,1968-11-17,False,MIA,CIN,H,L,21,38,16,31,253,3,1,97.9,,4,15,0,0,0,0,0,0,0,21.62,21.62,8495,False,sacked,PFR+SCORE0,19681117-CIN-MIA,True,,True,True,,,0
Bob Griese,1968,11,1968-11-24,False,MIA,BOS,A,W,34,10,19,33,264,3,0,113.7,,4,30,0,0,0,0,0,,,25.56,25.56,8495,False,sacked;two_pt;fum_rec_td,PFR,19681124-MIA-BOS,False,two_pt;fum_rec_td,False,True,two_pt;fum_rec_td,,6
Bob Griese,1968,12,1968-12-01,False,MIA,NYJ,A,L,17,35,17,33,224,1,0,83.4,,6,48,0,0,0,0,0,0,0,17.76,17.76,8495,False,sacked,PFR+SCORE0,19681201-MIA-NYJ,True,,True,True,,,0
Bob Griese,1968,13,1968-12-08,False,MIA,BOS,H,W,38,7,16,29,184,2,0,97.5,,3,14,0,0,0,0,0,,,16.76,16.76,8495,False,sacked;two_pt;fum_rec_td,PFR,19681208-BOS-MIA,False,two_pt;fum_rec_td,False,True,two_pt;fum_rec_td,,6
Bob Griese,1969,1,1969-09-14,False,MIA,CIN,A,L,21,27,19,39,327,1,2,64.8,,1,5,0,0,0,0,0,0,0,13.58,13.58,8495,False,sacked,PFR+SCORE0,19690914-MIA-CIN,True,,True,True,,,0
Bob Griese,1969,2,1969-09-20,False,MIA,OAK,A,L,17,20,9,34,193,0,3,14.0,,2,0,0,0,0,0,0,0,0,1.72,1.72,8495,False,sacked,PFR+SCORE0,19690920-MIA-OAK,True,,True,True,,,0
Bob Griese,1969,3,1969-09-28,False,MIA,HOU,A,L,10,22,14,30,198,1,1,65.7,,0,0,0,0,0,0,0,0,0,9.92,9.92,8495,False,sacked,PFR+SCORE0,19690928-MIA-HOU,True,,True,True,,,0
Bob Griese,1969,4,1969-10-04,False,MIA,OAK,H,T,20,20,13,27,160,1,2,48.4,,4,21,0,0,0,0,0,0,0,8.5,8.5,8495,False,sacked,PFR+SCORE0,19691004-OAK-MIA,True,,True,True,,,0
Bob Griese,1969,5,1969-10-11,False,MIA,SDG,H,L,14,21,18,31,171,1,2,57.3,,2,14,0,0,0,0,0,0,0,8.24,8.24,8495,False,sacked,PFR+SCORE0,19691011-SDG-MIA,True,,True,True,,,0
Bob Griese,1969,6,1969-10-19,False,MIA,KAN,A,L,10,17,21,45,192,0,3,31.0,,2,9,0,0,0,0,0,0,0,2.58,2.58,8495,False,sacked,PFR+SCORE0,19691019-MIA-KAN,True,,True,True,,,0
Bob Griese,1969,7,1969-10-26,False,MIA,BUF,H,W,24,6,9,18,232,2,2,93.3,,4,14,0,0,0,0,0,0,0,14.68,14.68,8495,False,sacked,PFR+SCORE0,19691026-BUF-MIA,True,,True,True,,,0
Bob Griese,1969,8,1969-11-02,False,MIA,NYJ,A,L,31,34,18,27,222,4,1,116.0,,6,39,0,0,0,0,0,0,0,26.78,26.78,8495,False,sacked,PFR+SCORE0,19691102-MIA-NYJ,True,,True,True,,,0
Bob Griese,1969,9,1969-11-09,False,MIA,BOS,A,W,17,16,0,1,0,0,0,39.6,,0,0,0,0,0,0,0,,,0.0,0.0,8495,False,sacked;two_pt;fum_rec_td,PFR,19691109-MIA-BOS,False,two_pt;fum_rec_td,False,True,two_pt;fum_rec_td,,6
Roger Staubach,1969,1,1969-09-21,False,DAL,STL,H,W,24,3,7,15,220,1,0,115.3,,4,22,1,0,0,0,0,0,0,21.0,21.0,21155,False,sacked,PFR+RULE2PT+SCORE0,19690921-STL-DAL,True,,True,True,,,0
Roger Staubach,1969,3,1969-10-05,False,DAL,PHI,A,W,38,7,5,8,60,0,1,45.8,,2,22,0,0,0,0,0,0,,2.6,2.6,21155,False,sacked;fum_rec_td,PFR+RULE2PT,19691005-DAL-PHI,False,fum_rec_td,False,True,fum_rec_td,,6
Roger Staubach,1969,4,1969-10-12,False,DAL,ATL,A,W,24,17,0,1,0,0,0,39.6,,3,5,0,0,0,0,0,0,0,0.5,0.5,21155,False,sacked,PFR+RULE2PT+SCORE0,19691012-DAL-ATL,True,,True,True,,,0
Roger Staubach,1969,5,1969-10-19,False,DAL,PHI,H,W,49,14,3,8,45,0,1,17.2,,5,4,0,0,0,0,0,0,,0.2,0.2,21155,False,sacked;fum_rec_td,PFR+RULE2PT,19691019-PHI-DAL,False,fum_rec_td,False,True,fum_rec_td,,6
Roger Staubach,1969,7,1969-11-02,False,DAL,CLE,A,L,10,42,6,11,74,0,0,75.6,,1,7,0,0,0,0,0,0,0,3.66,3.66,21155,False,sacked,PFR+RULE2PT+SCORE0,19691102-DAL-CLE,True,,True,True,,,0
Roger Staubach,1969,13,1969-12-13,False,DAL,BAL,H,W,27,10,2,4,22,0,0,66.7,,0,0,0,0,0,0,0,0,0,0.88,0.88,21155,False,sacked,PFR+RULE2PT+SCORE0,19691213-BAL-DAL,True,,True,True,,,0
Roger Staubach,1969,17,1969-12-28,True,DAL,CLE,H,L,14,38,4,5,44,1,0,142.9,,3,22,0,0,0,0,0,0,0,7.96,7.96,21155,False,sacked,PFR+RULE2PT+SCORE0,19691228-CLE-DAL,True,,True,True,,,0
Jim Hart,1966,14,1966-12-17,False,STL,CLE,H,L,10,38,4,11,29,0,0,44.9,,0,0,0,0,0,0,0,0,0,1.16,1.16,9287,False,sacked,PFR+RULE2PT+SCORE0,19661217-CLE-STL,True,,True,True,,,0
Jim Hart,1967,1,1967-09-17,False,STL,NYG,H,L,20,37,10,30,166,1,4,24.4,,2,5,0,0,0,0,0,0,0,3.14,3.14,9287,False,sacked,PFR+RULE2PT+SCORE0,19670917-NYG-STL,True,,True,True,,,0
Jim Hart,1967,2,1967-09-24,False,STL,PIT,A,W,28,14,8,25,137,0,1,34.9,,2,21,1,0,0,0,0,0,0,11.58,11.58,9287,False,sacked,PFR+RULE2PT+SCORE0,19670924-STL-PIT,True,,True,True,,,0
Jim Hart,1967,3,1967-10-01,False,STL,DET,H,W,38,28,19,27,313,2,1,118.3,,1,0,0,0,0,0,0,0,0,18.52,18.52,9287,False,sacked,PFR+RULE2PT+SCORE0,19671001-DET-STL,True,,True,True,,,0
Jim Hart,1967,4,1967-10-08,False,STL,MIN,A,W,34,24,14,27,247,2,2,77.2,,1,-2,0,0,0,0,0,0,0,13.68,13.68,9287,False,sacked,PFR+RULE2PT+SCORE0,19671008-STL-MIN,True,,True,True,,,0
Jim Hart,1967,5,1967-10-15,False,STL,CLE,A,L,16,20,15,35,228,0,3,29.2,,2,4,1,0,0,0,0,0,0,9.52,9.52,9287,False,sacked,PFR+RULE2PT+SCORE0,19671015-STL-CLE,True,,True,True,,,0
Jim Hart,1967,6,1967-10-22,False,STL,PHI,H,W,48,14,16,29,267,4,0,126.0,,1,2,0,0,0,0,0,0,,26.88,26.88,9287,False,sacked;fum_rec_td,PFR+RULE2PT,19671022-PHI-STL,False,fum_rec_td,False,True,fum_rec_td,,6
Jim Hart,1967,7,1967-10-30,False,STL,GNB,H,L,23,31,16,29,317,2,2,87.9,,2,-1,0,0,0,0,0,0,0,16.58,16.58,9287,False,sacked,PFR+RULE2PT+SCORE0,19671030-GNB-STL,True,,True,True,,,0
Jim Hart,1967,8,1967-11-05,False,STL,WAS,A,W,27,21,16,32,252,1,2,60.9,,1,1,1,0,0,0,0,0,0,16.18,16.18,9287,False,sacked,PFR+RULE2PT+SCORE0,19671105-STL-WAS,True,,True,True,,,0
Jim Hart,1967,9,1967-11-12,False,STL,PIT,H,T,14,14,15,29,193,1,3,44.8,,0,0,0,0,0,0,0,0,0,5.72,5.72,9287,False,sacked,PFR+RULE2PT+SCORE0,19671112-PIT-STL,True,,True,True,,,0
Jim Hart,1967,10,1967-11-19,False,STL,CHI,A,L,3,30,10,33,126,0,5,3.7,,0,0,0,0,0,0,0,0,0,-4.96,-4.96,9287,False,sacked,PFR+RULE2PT+SCORE0,19671119-STL-CHI,True,,True,True,,,0
Jim Hart,1967,11,1967-11-23,False,STL,DAL,A,L,21,46,7,13,180,2,1,106.6,,0,0,0,0,0,0,0,0,0,13.2,13.2,9287,False,sacked,PFR+RULE2PT+SCORE0,19671123-STL-DAL,True,,True,True,,,0
Jim Hart,1967,12,1967-12-03,False,STL,NOR,H,W,31,20,6,14,106,2,3,69.3,,0,0,0,0,0,0,0,0,0,6.24,6.24,9287,False,sacked,PFR+RULE2PT+SCORE0,19671203-NOR-STL,True,,True,True,,,0
Jim Hart,1967,13,1967-12-10,False,STL,CLE,H,L,16,20,18,36,182,1,1,62.5,,1,6,0,0,0,0,0,0,0,9.88,9.88,9287,False,sacked,PFR+RULE2PT+SCORE0,19671210-CLE-STL,True,,True,True,,,0
Jim Hart,1967,14,1967-12-17,False,STL,NYG,A,L,14,37,22,38,294,1,2,69.4,,0,0,0,0,0,0,0,0,0,11.76,11.76,9287,False,sacked,PFR+RULE2PT+SCORE0,19671217-STL-NYG,True,,True,True,,,0
Jim Hart,1968,1,1968-09-16,False,STL,RAM,H,L,13,24,17,40,211,1,3,36.6,,0,0,0,0,0,0,0,0,0,6.44,6.44,9287,False,sacked,PFR+RULE2PT+SCORE0,19680916-RAM-STL,True,,True,True,,,0
Jim Hart,1968,2,1968-09-22,False,STL,SFO,A,L,17,35,8,20,143,1,0,81.9,,1,1,0,0,0,0,0,0,,9.82,9.82,9287,False,sacked;fum_rec_td,PFR+RULE2PT,19680922-STL-SFO,False,fum_rec_td,False,True,fum_rec_td,,6
Jim Hart,1968,4,1968-10-06,False,STL,DAL,H,L,10,27,10,16,132,1,2,69.8,,0,0,0,0,0,0,0,0,0,5.28,5.28,9287,False,sacked,PFR+RULE2PT+SCORE0,19681006-DAL-STL,True,,True,True,,,0
Jim Hart,1968,5,1968-10-13,False,STL,CLE,A,W,27,21,9,24,140,1,2,36.8,,2,3,1,0,0,0,0,0,0,11.9,11.9,9287,False,sacked,PFR+RULE2PT+SCORE0,19681013-STL-CLE,True,,True,True,,,0
Jim Hart,1968,6,1968-10-20,False,STL,WAS,H,W,41,14,14,21,148,2,0,118.7,,2,2,1,0,0,0,0,0,0,20.12,20.12,9287,False,sacked,PFR+RULE2PT+SCORE0,19681020-WAS-STL,True,,True,True,,,0
Jim Hart,1968,7,1968-10-27,False,STL,NOR,H,W,31,17,9,22,226,2,0,109.3,,3,4,1,0,0,0,0,0,0,23.44,23.44,9287,False,sacked,PFR+RULE2PT+SCORE0,19681027-NOR-STL,True,,True,True,,,0
Jim Hart,1968,8,1968-11-03,False,STL,PHI,A,W,45,17,7,13,147,1,0,119.7,,2,2,2,0,0,0,0,0,0,22.08,22.08,9287,False,sacked,PFR+RULE2PT+SCORE0,19681103-STL-PHI,True,,True,True,,,0
Jim Hart,1968,9,1968-11-10,False,STL,PIT,H,T,28,28,17,40,353,3,2,78.4,,0,0,0,0,0,0,0,0,0,22.12,22.12,9287,False,sacked,PFR+RULE2PT+SCORE0,19681110-PIT-STL,True,,True,True,,,0
Jim Hart,1968,10,1968-11-17,False,STL,BAL,A,L,0,27,17,47,163,0,4,11.2,,0,0,0,0,0,0,0,0,0,-1.48,-1.48,9287,False,sacked,PFR+RULE2PT+SCORE0,19681117-STL-BAL,True,,True,True,,,0
Jim Hart,1968,11,1968-11-24,False,STL,ATL,H,W,17,12,10,22,136,1,2,43.0,,3,-1,1,0,0,0,0,0,0,11.34,11.34,9287,False,sacked,PFR+RULE2PT+SCORE0,19681124-ATL-STL,True,,True,True,,,0
Jim Hart,1968,12,1968-12-01,False,STL,PIT,A,W,20,10,6,20,65,0,2,1.0,,1,1,0,0,0,0,0,0,0,-1.3,-1.3,9287,False,sacked,PFR+RULE2PT+SCORE0,19681201-STL-PIT,True,,True,True,,,0
Jim Hart,1968,13,1968-12-08,False,STL,NYG,A,W,28,21,7,10,74,0,1,51.7,,4,6,0,0,0,0,0,0,0,1.56,1.56,9287,False,sacked,PFR+RULE2PT+SCORE0,19681208-STL-NYG,True,,True,True,,,0
Jim Hart,1968,14,1968-12-14,False,STL,CLE,H,W,27,16,9,21,121,2,0,93.6,,1,2,0,0,0,0,0,0,0,13.04,13.04,9287,False,sacked,PFR+RULE2PT+SCORE0,19681214-CLE-STL,True,,True,True,,,0
Jim Hart,1969,2,1969-09-28,False,STL,CHI,H,W,20,17,3,3,23,0,0,98.6,,0,0,0,0,0,0,0,0,,0.92,0.92,9287,False,sacked;fum_rec_td,PFR+RULE2PT,19690928-CHI-STL,False,fum_rec_td,False,True,fum_rec_td,,6
Jim Hart,1969,3,1969-10-05,False,STL,PIT,A,W,27,14,16,27,260,1,2,73.1,,1,2,0,0,0,0,0,0,0,10.6,10.6,9287,False,sacked,PFR+RULE2PT+SCORE0,19691005-STL-PIT,True,,True,True,,,0
Jim Hart,1969,4,1969-10-12,False,STL,WAS,A,L,17,33,13,30,138,0,5,17.8,,3,12,0,0,0,0,0,0,0,-3.28,-3.28,9287,False,sacked,PFR+RULE2PT+SCORE0,19691012-STL-WAS,True,,True,True,,,0
Jim Hart,1969,8,1969-11-09,False,STL,NYG,H,W,42,17,1,4,60,1,0,118.7,,1,0,0,0,0,0,0,0,0,6.4,6.4,9287,False,sacked,PFR+RULE2PT+SCORE0,19691109-NYG-STL,True,,True,True,,,0
Jim Hart,1969,9,1969-11-16,False,STL,DET,A,L,0,20,2,4,17,0,2,21.9,,0,0,0,0,0,0,0,0,0,-3.32,-3.32,9287,False,sacked,PFR+RULE2PT+SCORE0,19691116-STL-DET,True,,True,True,,,0
Jim Hart,1969,10,1969-11-23,False,STL,PHI,H,L,30,34,15,27,193,1,0,90.5,,1,1,1,0,0,0,0,0,0,17.82,17.82,9287,False,sacked,PFR+RULE2PT+SCORE0,19691123-PHI-STL,True,,True,True,,,0
Jim Hart,1969,11,1969-11-30,False,STL,PIT,H,W,47,10,19,32,195,3,2,82.2,,1,1,1,0,0,0,0,0,0,21.9,21.9,9287,False,sacked,PFR+RULE2PT+SCORE0,19691130-PIT-STL,True,,True,True,,,0
Jim Hart,1969,12,1969-12-07,False,STL,NYG,A,L,6,49,9,21,130,0,1,43.8,,0,0,0,0,0,0,0,0,0,3.2,3.2,9287,False,sacked,PFR+RULE2PT+SCORE0,19691207-STL-NYG,True,,True,True,,,0
Jim Hart,1969,13,1969-12-14,False,STL,CLE,H,L,21,27,6,19,70,0,0,43.7,,0,0,0,0,0,0,0,0,0,2.8,2.8,9287,False,sacked,PFR+RULE2PT+SCORE0,19691214-CLE-STL,True,,True,True,,,0
John Hadl,1962,1,1962-09-07,False,SDG,DEN,A,L,21,30,1,1,15,1,0,158.3,,1,12,0,0,0,0,0,,,5.8,5.8,8711,False,sacked;two_pt;fum_rec_td,PFR,19620907-SDG-DEN,False,two_pt;fum_rec_td,False,True,two_pt;fum_rec_td,,6
John Hadl,1962,2,1962-09-16,False,SDG,NYT,H,W,40,14,0,1,0,0,1,0.0,,1,2,0,0,0,0,0,0,0,-1.8,-1.8,8711,False,sacked,PFR+SCORE0,19620916-NYT-SDG,True,,True,True,,,0
John Hadl,1962,3,1962-09-23,False,SDG,HOU,H,L,17,42,1,4,6,0,1,0.0,,1,0,0,0,0,0,0,0,0,-1.76,-1.76,8711,False,sacked,PFR+SCORE0,19620923-HOU-SDG,True,,True,True,,,0
John Hadl,1962,4,1962-09-30,False,SDG,OAK,A,W,42,33,7,14,161,3,3,91.7,,0,0,0,0,0,0,0,0,0,12.44,12.44,8711,False,sacked,PFR+SCORE0,19620930-SDG-OAK,True,,True,True,,,0
John Hadl,1962,5,1962-10-07,False,SDG,DTX,H,W,32,28,14,29,208,2,0,95.2,,8,21,1,0,0,0,0,0,0,24.42,24.42,8711,False,sacked,PFR+SCORE0,19621007-DTX-SDG,True,,True,True,,,0
John Hadl,1962,6,1962-10-13,False,SDG,BUF,A,L,10,35,2,12,17,0,2,0.0,,0,0,0,0,0,0,0,0,0,-3.32,-3.32,8711,False,sacked,PFR+SCORE0,19621013-SDG-BUF,True,,True,True,,,0
John Hadl,1962,7,1962-10-19,False,SDG,BOS,A,L,20,24,4,8,44,0,1,27.1,,2,14,0,0,0,0,0,0,0,1.16,1.16,8711,False,sacked,PFR+SCORE0,19621019-SDG-BOS,True,,True,True,,,0
John Hadl,1962,8,1962-10-28,False,SDG,NYT,A,L,3,23,9,27,106,0,2,15.4,,5,7,0,0,0,0,0,0,0,0.94,0.94,8711,False,sacked,PFR+SCORE0,19621028-SDG-NYT,True,,True,True,,,0
John Hadl,1962,9,1962-11-04,False,SDG,DEN,H,L,20,23,10,26,198,2,2,59.5,,10,60,0,0,0,0,0,0,0,17.92,17.92,8711,False,sacked,PFR+SCORE0,19621104-DEN-SDG,True,,True,True,,,0
John Hadl,1962,10,1962-11-11,False,SDG,BUF,H,L,20,40,15,28,217,1,3,51.3,,1,-1,0,0,0,0,0,,,6.58,6.58,8711,False,sacked;two_pt;fum_rec_td,PFR,19621111-BUF-SDG,False,two_pt;fum_rec_td,False,True,two_pt;fum_rec_td,,2
John Hadl,1962,11,1962-11-25,False,SDG,HOU,A,L,27,33,15,39,261,3,3,55.6,,4,1,0,0,0,0,0,0,0,16.54,16.54,8711,False,sacked,PFR+SCORE0,19621125-SDG-HOU,True,,True,True,,,0
John Hadl,1962,12,1962-12-02,False,SDG,OAK,H,W,31,21,11,24,161,2,1,78.6,,2,2,0,0,0,0,0,0,0,12.64,12.64,8711,False,sacked,PFR+SCORE0,19621202-OAK-SDG,True,,True,True,,,0
John Hadl,1962,13,1962-12-09,False,SDG,BOS,H,L,14,20,7,18,86,0,0,54.4,,4,16,0,0,0,0,0,,,5.04,5.04,8711,False,sacked;two_pt;fum_rec_td,PFR,19621209-BOS-SDG,False,two_pt;fum_rec_td,False,True,two_pt;fum_rec_td,,2
John Hadl,1962,14,1962-12-16,False,SDG,DTX,A,L,17,26,11,29,152,1,5,27.4,,1,5,0,0,0,0,0,0,0,0.58,0.58,8711,False,sacked,PFR+SCORE0,19621216-SDG-DTX,True,,True,True,,,0
John Hadl,1963,2,1963-09-14,False,SDG,BOS,H,W,17,13,2,8,17,0,0,39.6,,1,0,0,0,0,0,0,0,0,0.68,0.68,8711,False,sacked,PFR+SCORE0,19630914-BOS-SDG,True,,True,True,,,0
John Hadl,1963,3,1963-09-29,False,SDG,KAN,H,W,24,10,2,3,41,0,0,109.7,,0,0,0,0,0,0,0,0,0,1.64,1.64,8711,False,sacked,PFR+SCORE0,19630929-KAN-SDG,True,,True,True,,,0
John Hadl,1963,4,1963-10-06,False,SDG,DEN,A,L,34,50,3,6,87,2,1,95.8,,0,0,0,0,0,0,0,0,0,9.48,9.48,8711,False,sacked,PFR+SCORE0,19631006-SDG-DEN,True,,True,True,,,0
John Hadl,1963,5,1963-10-13,False,SDG,NYJ,H,W,24,20,8,12,134,1,0,131.9,,4,38,0,0,0,0,0,0,0,13.16,13.16,8711,False,sacked,PFR+SCORE0,19631013-NYJ-SDG,True,,True,True,,,0
John Hadl,1963,6,1963-10-20,False,SDG,KAN,A,W,38,17,1,4,15,0,0,42.7,,1,-4,0,0,0,0,0,0,0,0.2,0.2,8711,False,sacked,PFR+SCORE0,19631020-SDG-KAN,True,,True,True,,,0
John Hadl,1963,7,1963-10-27,False,SDG,OAK,H,L,33,34,2,6,82,1,1,81.9,,0,0,0,0,0,0,0,,,5.28,5.28,8711,False,sacked;two_pt;fum_rec_td,PFR,19631027-OAK-SDG,False,two_pt;fum_rec_td,False,True,two_pt;fum_rec_td,,6
John Hadl,1963,8,1963-11-02,False,SDG,NYJ,A,W,53,7,1,2,8,1,0,100.0,,0,0,0,0,0,0,0,,,4.32,4.32,8711,False,sacked;two_pt;fum_rec_td,PFR,19631102-SDG-NYJ,False,two_pt;fum_rec_td,False,True,two_pt;fum_rec_td,,2
John Hadl,1963,9,1963-11-10,False,SDG,BOS,A,W,7,6,1,3,6,0,0,42.4,,1,-5,0,0,0,0,0,0,0,-0.26,-0.26,8711,False,sacked,PFR+SCORE0,19631110-SDG-BOS,True,,True,True,,,0
John Hadl,1963,11,1963-12-01,False,SDG,HOU,H,W,27,0,0,6,0,0,2,0.0,,0,0,0,0,0,0,0,0,0,-4.0,-4.0,8711,False,sacked,PFR+SCORE0,19631201-HOU-SDG,True,,True,True,,,0
John Hadl,1963,12,1963-12-08,False,SDG,OAK,A,L,27,41,2,6,20,0,1,4.2,,0,0,0,0,0,0,0,0,0,-1.2,-1.2,8711,False,sacked,PFR+SCORE0,19631208-SDG-OAK,True,,True,True,,,0
John Hadl,1963,13,1963-12-15,False,SDG,HOU,A,W,20,14,1,1,4,0,0,83.3,,0,0,0,0,0,0,0,0,0,0.16,0.16,8711,False,sacked,PFR+SCORE0,19631215-SDG-HOU,True,,True,True,,,0
John Hadl,1963,14,1963-12-22,False,SDG,DEN,H,W,58,20,5,7,88,1,1,113.7,,1,-3,0,0,0,0,0,,,5.22,5.22,8711,False,sacked;two_pt;fum_rec_td,PFR,19631222-DEN-SDG,False,two_pt;fum_rec_td,False,True,two_pt;fum_rec_td,,8
John Hadl,1963,15,1964-01-05,True,SDG,BOS,H,W,51,10,7,11,132,1,0,135.4,,1,1,1,0,0,0,0,0,0,15.38,15.38,8711,False,sacked,PFR+SCORE0,19640105-BOS-SDG,True,,True,True,,,0
John Hadl,1964,1,1964-09-12,False,SDG,HOU,H,W,27,21,0,0,0,0,0,0,,0,0,0,0,0,0,0,0,0,0.0,0.0,8711,False,sacked,PFR+SCORE0,19640912-HOU-SDG,True,,True,True,,,0
John Hadl,1964,2,1964-09-20,False,SDG,BOS,H,L,28,33,10,19,175,2,1,97.5,,1,11,0,0,0,0,0,,,14.1,14.1,8711,False,sacked;two_pt;fum_rec_td,PFR,19640920-BOS-SDG,False,two_pt;fum_rec_td,False,True,two_pt;fum_rec_td,,2
John Hadl,1964,3,1964-09-26,False,SDG,BUF,A,L,3,30,4,12,50,0,1,12.5,,0,0,0,0,0,0,0,0,0,0.0,0.0,8711,False,sacked,PFR+SCORE0,19640926-SDG-BUF,True,,True,True,,,0
John Hadl,1964,4,1964-10-03,False,SDG,NYJ,A,T,17,17,0,0,0,0,0,0,,0,0,0,0,0,0,0,0,0,0.0,0.0,8711,False,sacked,PFR+SCORE0,19641003-SDG-NYJ,True,,True,True,,,0
John Hadl,1964,5,1964-10-09,False,SDG,BOS,A,W,26,17,17,29,228,3,0,118.2,,3,24,0,0,0,0,0,0,0,23.52,23.52,8711,False,sacked,PFR+SCORE0,19641009-SDG-BOS,True,,True,True,,,0
John Hadl,1964,6,1964-10-18,False,SDG,DEN,H,W,42,14,18,28,216,2,0,111.6,,2,23,1,0,0,0,0,0,0,24.94,24.94,8711,False,sacked,PFR+SCORE0,19641018-DEN-SDG,True,,True,True,,,0
John Hadl,1964,7,1964-10-25,False,SDG,HOU,A,W,20,17,19,31,226,1,1,80.8,,1,3,0,0,0,0,0,,,11.34,11.34,8711,False,sacked;two_pt;fum_rec_td,PFR,19641025-SDG-HOU,False,two_pt;fum_rec_td,False,True,two_pt;fum_rec_td,,6
John Hadl,1964,8,1964-11-01,False,SDG,OAK,H,W,31,17,15,29,261,1,2,65.4,,0,0,0,0,0,0,0,0,0,10.44,10.44,8711,False,sacked,PFR+SCORE0,19641101-OAK-SDG,True,,True,True,,,0
John Hadl,1964,9,1964-11-08,False,SDG,DEN,A,W,31,20,9,24,79,1,1,43.6,,3,7,0,0,0,0,0,0,0,5.86,5.86,8711,False,sacked,PFR+SCORE0,19641108-SDG-DEN,True,,True,True,,,0
John Hadl,1964,10,1964-11-15,False,SDG,KAN,A,W,28,14,11,19,238,2,0,137.5,,6,-7,0,0,0,0,0,0,0,16.82,16.82,8711,False,sacked,PFR+SCORE0,19641115-SDG-KAN,True,,True,True,,,0
John Hadl,1964,11,1964-11-26,False,SDG,BUF,H,L,24,27,10,20,209,2,3,81.0,,2,13,0,0,0,0,0,0,0,11.66,11.66,8711,False,sacked,PFR+SCORE0,19641126-BUF-SDG,True,,True,True,,,0
John Hadl,1964,12,1964-12-06,False,SDG,NYJ,H,W,38,3,15,27,240,2,2,79.2,,2,-5,0,0,0,0,0,,,13.1,13.1,8711,False,sacked;two_pt;fum_rec_td,PFR,19641206-NYJ-SDG,False,two_pt;fum_rec_td,False,True,two_pt;fum_rec_td,,6
John Hadl,1964,13,1964-12-13,False,SDG,KAN,H,L,6,49,8,20,108,1,2,35.0,,1,0,0,0,0,0,0,0,0,4.32,4.32,8711,False,sacked,PFR+SCORE0,19641213-KAN-SDG,True,,True,True,,,0
John Hadl,1964,14,1964-12-20,False,SDG,OAK,A,L,20,21,10,16,129,1,2,69.0,,0,0,0,0,0,0,0,0,0,5.16,5.16,8711,False,sacked,PFR+SCORE0,19641220-SDG-OAK,True,,True,True,,,0
John Hadl,1964,15,1964-12-26,True,SDG,BUF,A,L,7,20,3,10,31,0,1,0.4,,1,13,0,0,0,0,0,0,0,0.54,0.54,8711,False,sacked,PFR+SCORE0,19641226-SDG-BUF,True,,True,True,,,0
John Hadl,1965,1,1965-09-11,False,SDG,DEN,H,W,34,31,11,25,246,1,1,76.4,,0,0,0,0,0,0,0,0,0,11.84,11.84,8711,False,sacked,PFR+SCORE0,19650911-DEN-SDG,True,,True,True,,,0
John Hadl,1965,2,1965-09-19,False,SDG,OAK,A,W,17,6,11,28,148,1,0,68.7,,2,15,0,0,0,0,0,0,0,11.42,11.42,8711,False,sacked,PFR+SCORE0,19650919-SDG-OAK,True,,True,True,,,0
John Hadl,1965,3,1965-09-26,False,SDG,KAN,H,T,10,10,11,27,82,0,3,9.1,,2,1,0,0,0,0,0,0,0,-2.62,-2.62,8711,False,sacked,PFR+SCORE0,19650926-KAN-SDG,True,,True,True,,,0
John Hadl,1965,4,1965-10-03,False,SDG,HOU,H,W,31,14,14,26,242,3,0,124.2,,1,-7,0,0,0,0,0,,,20.98,20.98,8711,False,sacked;two_pt;fum_rec_td,PFR,19651003-HOU-SDG,False,two_pt;fum_rec_td,False,True,two_pt;fum_rec_td,,6
John Hadl,1965,5,1965-10-10,False,SDG,BUF,A,W,34,3,18,29,314,3,1,119.0,,1,5,0,0,0,0,0,,,23.06,23.06,8711,False,sacked;two_pt;fum_rec_td,PFR,19651010-SDG-BUF,False,two_pt;fum_rec_td,False,True,two_pt;fum_rec_td,,6
John Hadl,1965,6,1965-10-17,False,SDG,BOS,A,T,13,13,10,22,168,1,1,68.0,,4,2,0,0,0,0,0,0,0,8.92,8.92,8711,False,sacked,PFR+SCORE0,19651017-SDG-BOS,True,,True,True,,,0
John Hadl,1965,7,1965-10-23,False,SDG,NYJ,A,W,34,9,16,28,182,1,1,73.8,,0,0,0,0,0,0,0,0,0,9.28,9.28,8711,False,sacked,PFR+SCORE0,19651023-SDG-NYJ,True,,True,True,,,0
John Hadl,1965,8,1965-10-31,False,SDG,BOS,H,L,6,22,13,26,119,0,3,23.2,,0,0,0,0,0,0,0,0,0,-1.24,-1.24,8711,False,sacked,PFR+SCORE0,19651031-BOS-SDG,True,,True,True,,,0
John Hadl,1965,9,1965-11-07,False,SDG,DEN,A,W,35,21,13,23,256,3,2,98.9,,0,0,0,0,0,0,0,0,0,18.24,18.24,8711,False,sacked,PFR+SCORE0,19651107-SDG-DEN,True,,True,True,,,0
John Hadl,1965,10,1965-11-14,False,SDG,KAN,A,L,7,31,7,18,152,1,4,48.6,,1,-4,0,0,0,0,0,0,0,1.68,1.68,8711,False,sacked,PFR+SCORE0,19651114-SDG-KAN,True,,True,True,,,0
John Hadl,1965,11,1965-11-25,False,SDG,BUF,H,T,20,20,18,37,315,0,2,55.6,,5,12,0,0,0,0,0,,,9.8,9.8,8711,False,sacked;two_pt;fum_rec_td,PFR,19651125-BUF-SDG,False,two_pt;fum_rec_td,False,True,two_pt;fum_rec_td,,6
John Hadl,1965,12,1965-12-04,False,SDG,NYJ,H,W,38,7,13,19,236,3,1,128.5,,3,6,0,0,0,0,0,,,20.04,20.04,8711,False,sacked;two_pt;fum_rec_td,PFR,19651204-NYJ-SDG,False,two_pt;fum_rec_td,False,True,two_pt;fum_rec_td,,6
John Hadl,1965,13,1965-12-12,False,SDG,HOU,A,W,37,26,11,25,146,1,1,59.7,,6,48,1,0,0,0,0,0,0,18.64,18.64,8711,False,sacked,PFR+SCORE0,19651212-SDG-HOU,True,,True,True,,,0
John Hadl,1965,14,1965-12-19,False,SDG,OAK,H,W,24,14,8,15,192,2,1,110.4,,2,14,0,0,0,0,0,0,0,15.08,15.08,8711,False,sacked,PFR+SCORE0,19651219-OAK-SDG,True,,True,True,,,0
John Hadl,1965,15,1965-12-26,True,SDG,BUF,H,L,0,23,11,23,140,0,2,31.1,,8,24,0,0,0,0,0,0,0,4.0,4.0,8711,False,sacked,PFR+SCORE0,19651226-BUF-SDG,True,,True,True,,,0
John Hadl,1966,1,1966-09-04,False,SDG,BUF,H,W,27,7,14,18,160,2,0,140.7,,4,6,0,1,4,0,0,0,0,15.4,16.4,8711,False,sacked,PFR+SCORE0,19660904-BUF-SDG,True,,True,True,,,0
John Hadl,1966,2,1966-09-10,False,SDG,BOS,H,W,24,0,10,28,155,1,0,66.8,,6,30,0,0,0,0,0,,,13.2,13.2,8711,False,sacked;two_pt;fum_rec_td,PFR,19660910-BOS-SDG,False,two_pt;fum_rec_td,False,True,two_pt;fum_rec_td,,6
John Hadl,1966,3,1966-09-25,False,SDG,OAK,A,W,29,20,10,20,162,1,1,73.3,,4,39,1,0,0,0,0,,,18.38,18.38,8711,False,sacked;two_pt;fum_rec_td,PFR,19660925-SDG-OAK,False,two_pt;fum_rec_td,False,True,two_pt;fum_rec_td,,2
John Hadl,1966,4,1966-10-02,False,SDG,MIA,H,W,44,10,6,11,62,0,1,33.1,,1,-3,0,0,0,0,0,,,0.18,0.18,8711,False,sacked;two_pt;fum_rec_td,PFR,19661002-MIA-SDG,False,two_pt;fum_rec_td,False,True,two_pt;fum_rec_td,,6
John Hadl,1966,5,1966-10-08,False,SDG,NYJ,A,L,16,17,22,41,331,1,0,88.6,,4,3,0,0,0,0,0,0,0,17.54,17.54,8711,False,sacked,PFR+SCORE0,19661008-SDG-NYJ,True,,True,True,,,0
John Hadl,1966,6,1966-10-16,False,SDG,BUF,A,T,17,17,11,20,185,2,0,119.8,,2,7,0,0,0,0,0,0,0,16.1,16.1,8711,False,sacked,PFR+SCORE0,19661016-SDG-BUF,True,,True,True,,,0
John Hadl,1966,7,1966-10-23,False,SDG,BOS,A,L,17,35,19,36,289,2,2,74.9,,3,-12,0,0,0,0,0,0,0,14.36,14.36,8711,False,sacked,PFR+SCORE0,19661023-SDG-BOS,True,,True,True,,,0
John Hadl,1966,8,1966-10-30,False,SDG,DEN,H,W,24,17,19,26,180,2,0,117.5,,3,-6,0,1,-17,0,0,0,0,12.9,13.9,8711,False,sacked,PFR+SCORE0,19661030-DEN-SDG,True,,True,True,,,0
John Hadl,1966,9,1966-11-06,False,SDG,KAN,A,L,14,24,17,31,230,2,2,73.3,,1,0,0,0,0,0,0,0,0,13.2,13.2,8711,False,sacked,PFR+SCORE0,19661106-SDG-KAN,True,,True,True,,,0
John Hadl,1966,10,1966-11-13,False,SDG,OAK,H,L,19,41,8,16,91,1,1,62.2,,0,0,0,0,0,0,0,0,0,5.64,5.64,8711,False,sacked,PFR+SCORE0,19661113-OAK-SDG,True,,True,True,,,0
John Hadl,1966,11,1966-11-27,False,SDG,DEN,A,L,17,20,13,30,181,2,1,71.7,,3,2,0,0,0,0,0,0,0,13.44,13.44,8711,False,sacked,PFR+SCORE0,19661127-SDG-DEN,True,,True,True,,,0
John Hadl,1966,12,1966-12-04,False,SDG,HOU,A,W,28,22,20,35,341,4,3,92.7,,1,3,0,0,0,0,0,0,0,23.94,23.94,8711,False,sacked,PFR+SCORE0,19661204-SDG-HOU,True,,True,True,,,0
John Hadl,1966,13,1966-12-11,False,SDG,NYJ,H,W,42,27,14,27,240,2,1,91.6,,3,28,1,0,0,0,0,0,0,24.4,24.4,8711,False,sacked,PFR+SCORE0,19661211-NYJ-SDG,True,,True,True,,,0
John Hadl,1966,14,1966-12-18,False,SDG,KAN,H,L,17,27,17,36,239,1,2,55.2,,3,-2,0,0,0,0,0,0,0,9.36,9.36,8711,False,sacked,PFR+SCORE0,19661218-KAN-SDG,True,,True,True,,,0
John Hadl,1967,1,1967-09-09,False,SDG,BOS,H,W,28,14,15,29,242,2,1,88.6,,4,28,0,0,0,0,0,,,18.48,18.48,8711,False,sacked;two_pt;fum_rec_td,PFR,19670909-BOS-SDG,False,two_pt;fum_rec_td,False,True,two_pt;fum_rec_td,,6
John Hadl,1967,2,1967-09-24,False,SDG,HOU,H,W,13,3,20,39,213,1,1,65.4,,2,9,0,0,0,0,0,0,0,11.42,11.42,8711,False,sacked,PFR+SCORE0,19670924-HOU-SDG,True,,True,True,,,0
John Hadl,1967,3,1967-10-01,False,SDG,BUF,A,W,37,17,18,31,282,2,0,109.9,,3,10,0,0,0,0,0,,,20.28,20.28,8711,False,sacked;two_pt;fum_rec_td,PFR,19671001-SDG-BUF,False,two_pt;fum_rec_td,False,True,two_pt;fum_rec_td,,6
John Hadl,1967,4,1967-10-08,False,SDG,BOS,H,T,31,31,17,29,249,3,0,121.2,,4,20,1,0,0,0,0,0,0,29.96,29.96,8711,False,sacked,PFR+SCORE0,19671008-BOS-SDG,True,,True,True,,,0
John Hadl,1967,5,1967-10-15,False,SDG,KAN,H,W,45,31,17,32,307,2,1,94.1,,3,-7,1,0,0,0,0,,,23.58,23.58,8711,False,sacked;two_pt;fum_rec_td,PFR,19671015-KAN-SDG,False,two_pt;fum_rec_td,False,True,two_pt;fum_rec_td,,12
John Hadl,1967,6,1967-10-22,False,SDG,DEN,A,W,38,21,15,34,345,3,2,86.0,,2,-15,0,0,0,0,0,0,0,20.3,20.3,8711,False,sacked,PFR+SCORE0,19671022-SDG-DEN,True,,True,True,,,0
John Hadl,1967,7,1967-10-29,False,SDG,OAK,A,L,10,51,19,39,318,1,3,53.2,,0,0,0,0,0,0,0,0,0,10.72,10.72,8711,False,sacked,PFR+SCORE0,19671029-SDG-OAK,True,,True,True,,,0
John Hadl,1967,8,1967-11-12,False,SDG,MIA,H,W,24,0,14,27,216,2,4,63.7,,3,22,0,0,0,0,0,0,0,10.84,10.84,8711,False,sacked,PFR+SCORE0,19671112-MIA-SDG,True,,True,True,,,0
John Hadl,1967,9,1967-11-19,False,SDG,KAN,A,W,17,16,11,23,139,1,1,63.5,,5,-4,0,0,0,0,0,0,0,7.16,7.16,8711,False,sacked,PFR+SCORE0,19671119-SDG-KAN,True,,True,True,,,0
John Hadl,1967,10,1967-11-23,False,SDG,DEN,H,W,24,20,13,26,202,0,1,60.1,,1,5,0,0,0,0,0,,,6.58,6.58,8711,False,sacked;two_pt;fum_rec_td,PFR,19671123-DEN-SDG,False,two_pt;fum_rec_td,False,True,two_pt;fum_rec_td,,6
John Hadl,1967,11,1967-12-03,False,SDG,OAK,H,L,21,41,18,40,315,2,3,57.8,,5,40,1,0,0,0,0,0,0,24.6,24.6,8711,False,sacked,PFR+SCORE0,19671203-OAK-SDG,True,,True,True,,,0
John Hadl,1967,12,1967-12-10,False,SDG,MIA,A,L,24,41,9,21,166,2,4,62.9,,4,-10,0,0,0,0,0,0,0,5.64,5.64,8711,False,sacked,PFR+SCORE0,19671210-SDG-MIA,True,,True,True,,,0
John Hadl,1967,13,1967-12-16,False,SDG,HOU,A,L,17,24,23,40,198,2,0,87.3,,1,9,0,0,0,0,0,0,0,16.82,16.82,8711,False,sacked,PFR+SCORE0,19671216-SDG-HOU,True,,True,True,,,0
John Hadl,1967,14,1967-12-24,False,SDG,NYJ,H,L,31,42,8,17,173,1,1,78.8,,0,0,0,0,0,0,0,0,0,8.92,8.92,8711,False,sacked,PFR+SCORE0,19671224-NYJ-SDG,True,,True,True,,,0
John Hadl,1968,1,1968-09-06,False,SDG,CIN,H,W,29,13,20,37,325,2,0,101.7,,1,0,0,0,0,0,0,0,0,21.0,21.0,8711,False,sacked,PFR+SCORE0,19680906-CIN-SDG,True,,True,True,,,0
John Hadl,1968,2,1968-09-21,False,SDG,HOU,H,W,30,14,17,28,265,1,2,74.3,,3,1,0,0,0,0,0,,,10.7,10.7,8711,False,sacked;two_pt;fum_rec_td,PFR,19680921-HOU-SDG,False,two_pt;fum_rec_td,False,True,two_pt;fum_rec_td,,6
John Hadl,1968,3,1968-09-29,False,SDG,CIN,A,W,31,10,9,22,132,2,1,72.5,,3,-7,2,0,0,0,0,0,0,22.58,22.58,8711,False,sacked,PFR+SCORE0,19680929-SDG-CIN,True,,True,True,,,0
John Hadl,1968,4,1968-10-05,False,SDG,NYJ,A,L,20,23,17,37,326,3,3,70.3,,2,-11,0,0,0,0,0,0,0,17.94,17.94,8711,False,sacked,PFR+SCORE0,19681005-SDG-NYJ,True,,True,True,,,0
John Hadl,1968,5,1968-10-13,False,SDG,OAK,A,W,23,14,14,32,220,1,1,64.6,,0,0,0,0,0,0,0,0,0,10.8,10.8,8711,False,sacked,PFR+SCORE0,19681013-SDG-OAK,True,,True,True,,,0
John Hadl,1968,6,1968-10-20,False,SDG,DEN,H,W,55,24,9,18,321,4,1,112.3,,1,5,0,0,0,0,0,,,27.34,27.34,8711,False,sacked;two_pt;fum_rec_td,PFR,19681020-DEN-SDG,False,two_pt;fum_rec_td,False,True,two_pt;fum_rec_td,,6
John Hadl,1968,7,1968-10-27,False,SDG,KAN,A,L,20,27,19,36,297,2,4,59.4,,0,0,0,0,0,0,0,0,0,11.88,11.88,8711,False,sacked,PFR+SCORE0,19681027-SDG-KAN,True,,True,True,,,0
John Hadl,1968,8,1968-11-03,False,SDG,MIA,H,W,34,28,17,28,228,2,2,80.7,,3,10,0,0,0,0,0,0,0,14.12,14.12,8711,False,sacked,PFR+SCORE0,19681103-MIA-SDG,True,,True,True,,,0
John Hadl,1968,9,1968-11-10,False,SDG,BOS,A,W,27,17,5,23,152,1,2,32.9,,2,-2,0,0,0,0,0,0,0,5.88,5.88,8711,False,sacked,PFR+SCORE0,19681110-SDG-BOS,True,,True,True,,,0
John Hadl,1968,10,1968-11-17,False,SDG,BUF,A,W,21,6,11,22,223,2,3,76.7,,1,0,0,0,0,0,0,0,0,10.92,10.92,8711,False,sacked,PFR+SCORE0,19681117-SDG-BUF,True,,True,True,,,0
John Hadl,1968,11,1968-11-24,False,SDG,NYJ,H,L,15,37,19,46,190,1,4,24.7,,1,2,0,0,0,0,0,,,3.8,3.8,8711,False,sacked;two_pt;fum_rec_td,PFR,19681124-NYJ-SDG,False,two_pt;fum_rec_td,False,True,two_pt;fum_rec_td,,2
John Hadl,1968,12,1968-12-01,False,SDG,DEN,A,W,47,23,21,35,325,5,1,118.5,,2,4,0,0,0,0,0,,,31.4,31.4,8711,False,sacked;two_pt;fum_rec_td,PFR,19681201-SDG-DEN,False,two_pt;fum_rec_td,False,True,two_pt;fum_rec_td,,2
John Hadl,1968,13,1968-12-08,False,SDG,KAN,H,L,3,40,9,24,110,0,6,12.8,,1,-1,0,0,0,0,0,0,0,-7.7,-7.7,8711,False,sacked,PFR+SCORE0,19681208-KAN-SDG,True,,True,True,,,0
John Hadl,1968,14,1968-12-15,False,SDG,OAK,H,L,27,34,21,52,359,1,2,54.9,,3,13,0,0,0,0,0,,,15.66,15.66,8711,False,sacked;two_pt;fum_rec_td,PFR,19681215-OAK-SDG,False,two_pt;fum_rec_td,False,True,two_pt;fum_rec_td,,8
John Hadl,1969,1,1969-09-14,False,SDG,KAN,H,L,9,27,16,29,220,0,4,40.1,,3,9,1,0,0,0,0,0,0,7.7,7.7,8711,False,sacked,PFR+SCORE0,19690914-KAN-SDG,True,,True,True,,,0
John Hadl,1969,2,1969-09-21,False,SDG,CIN,A,L,20,34,12,30,229,0,1,53.3,,2,4,0,0,0,0,0,,,7.56,7.56,8711,False,sacked;two_pt;fum_rec_td,PFR,19690921-SDG-CIN,False,two_pt;fum_rec_td,False,True,two_pt;fum_rec_td,,6
John Hadl,1969,3,1969-09-28,False,SDG,NYJ,H,W,34,27,19,31,281,3,0,123.2,,4,14,0,0,0,0,0,0,0,24.64,24.64,8711,False,sacked,PFR+SCORE0,19690928-NYJ-SDG,True,,True,True,,,0
John Hadl,1969,4,1969-10-04,False,SDG,CIN,H,W,21,14,17,27,238,0,1,75.8,,0,0,0,0,0,0,0,0,0,7.52,7.52,8711,False,sacked,PFR+SCORE0,19691004-CIN-SDG,True,,True,True,,,0
John Hadl,1969,5,1969-10-11,False,SDG,MIA,A,W,21,14,13,28,195,2,1,78.7,,2,23,0,0,0,0,0,,,16.1,16.1,8711,False,sacked;two_pt;fum_rec_td,PFR,19691011-SDG-MIA,False,two_pt;fum_rec_td,False,True,two_pt;fum_rec_td,,6
John Hadl,1969,6,1969-10-19,False,SDG,BOS,A,W,13,10,15,26,163,0,0,76.3,,7,19,1,0,0,0,0,0,0,14.42,14.42,8711,False,sacked,PFR+SCORE0,19691019-SDG-BOS,True,,True,True,,,0
John Hadl,1969,7,1969-10-26,False,SDG,OAK,H,L,12,24,12,45,167,1,3,22.2,,1,14,0,0,0,0,0,0,0,6.08,6.08,8711,False,sacked,PFR+SCORE0,19691026-OAK-SDG,True,,True,True,,,0
John Hadl,1969,8,1969-11-02,False,SDG,DEN,A,L,0,13,8,20,51,0,0,47.9,,4,23,0,0,0,0,0,0,0,4.34,4.34,8711,False,sacked,PFR+SCORE0,19691102-SDG-DEN,True,,True,True,,,0
John Hadl,1969,10,1969-11-16,False,SDG,OAK,A,L,16,21,12,32,127,0,0,49.9,,1,-5,0,0,0,0,0,,,4.58,4.58,8711,False,sacked;two_pt;fum_rec_td,PFR,19691116-SDG-OAK,False,two_pt;fum_rec_td,False,True,two_pt;fum_rec_td,,6
John Hadl,1969,12,1969-11-27,False,SDG,HOU,A,W,21,17,12,17,144,0,0,96.2,,1,3,0,0,0,0,0,,,6.06,6.06,8711,False,sacked;two_pt;fum_rec_td,PFR,19691127-SDG-HOU,False,two_pt;fum_rec_td,False,True,two_pt;fum_rec_td,,6
John Hadl,1969,13,1969-12-07,False,SDG,BOS,H,W,28,18,6,10,176,2,1,104.2,,1,5,0,0,0,0,0,0,0,13.54,13.54,8711,False,sacked,PFR+SCORE0,19691207-BOS-SDG,True,,True,True,,,0
John Hadl,1969,14,1969-12-14,False,SDG,BUF,H,W,45,6,16,29,262,2,0,108.7,,0,0,0,0,0,0,0,0,0,18.48,18.48,8711,False,sacked,PFR+SCORE0,19691214-BUF-SDG,True,,True,True,,,0
John Brodie,1960,2,1960-10-02,False,SFO,RAM,H,W,13,9,1,1,20,0,0,118.7,,0,0,0,0,0,0,0,0,0,0.8,0.8,2459,False,sacked,PFR+RULE2PT+SCORE0,19601002-RAM-SFO,True,,True,True,,,0
John Brodie,1960,3,1960-10-09,False,SFO,DET,A,W,14,10,8,13,105,2,0,126.6,,2,29,0,0,0,0,0,0,0,15.1,15.1,2459,False,sacked,PFR+RULE2PT+SCORE0,19601009-SFO-DET,True,,True,True,,,0
John Brodie,1960,4,1960-10-16,False,SFO,CHI,A,L,10,27,14,26,107,0,0,64.1,,2,5,0,0,0,0,0,0,0,4.78,4.78,2459,False,sacked,PFR+RULE2PT+SCORE0,19601016-SFO-CHI,True,,True,True,,,0
John Brodie,1960,5,1960-10-23,False,SFO,GNB,A,L,14,41,0,13,0,0,1,7.5,,0,0,0,0,0,0,0,0,0,-2.0,-2.0,2459,False,sacked,PFR+RULE2PT+SCORE0,19601023-SFO-GNB,True,,True,True,,,0
John Brodie,1960,6,1960-10-30,False,SFO,CHI,H,W,25,7,8,12,89,1,0,116.3,,1,1,0,0,0,0,0,0,0,7.66,7.66,2459,False,sacked,PFR+RULE2PT+SCORE2,19601030-CHI-SFO,True,,True,True,,,2
John Brodie,1960,7,1960-11-06,False,SFO,DET,H,L,0,24,19,31,151,0,3,33.9,,1,10,0,0,0,0,0,0,0,1.04,1.04,2459,False,sacked,PFR+RULE2PT+SCORE0,19601106-DET-SFO,True,,True,True,,,0
John Brodie,1960,8,1960-11-20,False,SFO,DAL,A,W,26,14,13,29,128,0,2,29.1,,4,65,0,0,0,0,0,0,0,7.62,7.62,2459,False,sacked,PFR+RULE2PT+SCORE0,19601120-SFO-DAL,True,,True,True,,,0
John Brodie,1960,9,1960-11-27,False,SFO,BAL,A,W,30,22,12,23,207,1,0,97.6,,1,4,0,0,0,0,0,0,0,12.68,12.68,2459,False,sacked,PFR+RULE2PT+SCORE0,19601127-SFO-BAL,True,,True,True,,,0
John Brodie,1960,10,1960-12-04,False,SFO,RAM,A,W,23,7,11,16,164,1,0,122.9,,3,24,0,0,0,0,0,0,0,12.96,12.96,2459,False,sacked,PFR+RULE2PT+SCORE0,19601204-SFO-RAM,True,,True,True,,,0
John Brodie,1960,11,1960-12-10,False,SFO,GNB,H,L,0,13,7,19,41,0,1,23.4,,1,14,0,0,0,0,0,0,0,1.04,1.04,2459,False,sacked,PFR+RULE2PT+SCORE0,19601210-GNB-SFO,True,,True,True,,,0
John Brodie,1960,12,1960-12-18,False,SFO,BAL,H,W,34,10,10,24,99,1,2,33.2,,3,19,1,0,0,0,0,0,0,11.86,11.86,2459,False,sacked,PFR+RULE2PT+SCORE0,19601218-BAL-SFO,True,,True,True,,,0
John Brodie,1961,1,1961-09-17,False,SFO,WAS,H,W,35,3,16,22,237,4,1,128.2,,2,3,0,0,0,0,0,0,0,23.78,23.78,2459,False,sacked,PFR+RULE2PT+SCORE0,19610917-WAS-SFO,True,,True,True,,,0
John Brodie,1961,2,1961-09-24,False,SFO,GNB,A,L,10,30,9,20,93,0,1,38.1,,1,0,0,0,0,0,0,0,0,1.72,1.72,2459,False,sacked,PFR+RULE2PT+SCORE0,19610924-SFO-GNB,True,,True,True,,,0
John Brodie,1961,3,1961-10-01,False,SFO,DET,A,W,49,0,5,12,108,0,1,39.6,,1,2,0,0,0,0,0,0,0,2.52,2.52,2459,False,sacked,PFR+RULE2PT+SCORE0,19611001-SFO-DET,True,,True,True,,,0
John Brodie,1961,4,1961-10-08,False,SFO,RAM,H,W,35,0,12,17,151,0,0,97.9,,2,17,0,0,0,0,0,0,0,7.74,7.74,2459,False,sacked,PFR+RULE2PT+SCORE0,19611008-RAM-SFO,True,,True,True,,,0
John Brodie,1961,5,1961-10-15,False,SFO,MIN,A,W,38,24,11,14,209,0,2,79.2,,2,1,0,0,0,0,0,0,0,4.46,4.46,2459,False,sacked,PFR+RULE2PT+SCORE0,19611015-SFO-MIN,True,,True,True,,,0
John Brodie,1961,6,1961-10-22,False,SFO,CHI,A,L,0,31,3,10,23,0,2,0.0,,2,-1,0,0,0,0,0,0,0,-3.18,-3.18,2459,False,sacked,PFR+RULE2PT+SCORE0,19611022-SFO-CHI,True,,True,True,,,0
John Brodie,1961,7,1961-10-29,False,SFO,PIT,A,L,10,20,9,21,163,1,0,86.0,,3,-14,0,0,0,0,0,0,0,9.12,9.12,2459,False,sacked,PFR+RULE2PT+SCORE0,19611029-SFO-PIT,True,,True,True,,,0
John Brodie,1961,8,1961-11-05,False,SFO,DET,H,T,20,20,13,21,193,0,2,52.4,,1,6,0,0,0,0,0,0,0,4.32,4.32,2459,False,sacked,PFR+RULE2PT+SCORE0,19611105-DET-SFO,True,,True,True,,,0
John Brodie,1961,9,1961-11-12,False,SFO,RAM,A,L,7,17,4,9,47,0,0,60.9,,2,2,0,0,0,0,0,0,0,2.08,2.08,2459,False,sacked,PFR+RULE2PT+SCORE0,19611112-SFO-RAM,True,,True,True,,,0
John Brodie,1961,10,1961-11-19,False,SFO,CHI,H,W,41,31,11,19,322,3,0,142.0,,1,-2,0,0,0,0,0,0,0,24.68,24.68,2459,False,sacked,PFR+RULE2PT+SCORE0,19611119-CHI-SFO,True,,True,True,,,0
John Brodie,1961,11,1961-11-26,False,SFO,MIN,H,W,38,28,14,24,246,1,0,107.3,,1,16,1,0,0,0,0,0,0,21.44,21.44,2459,False,sacked,PFR+RULE2PT+SCORE0,19611126-MIN-SFO,True,,True,True,,,0
John Brodie,1961,12,1961-12-03,False,SFO,BAL,A,L,17,20,13,27,176,1,2,50.8,,3,41,0,0,0,0,0,0,0,11.14,11.14,2459,False,sacked,PFR+RULE2PT+SCORE0,19611203-SFO-BAL,True,,True,True,,,0
John Brodie,1961,13,1961-12-10,False,SFO,GNB,H,W,22,21,19,29,328,2,0,126.8,,5,10,0,0,0,0,0,0,0,22.12,22.12,2459,False,sacked,PFR+RULE2PT+SCORE2,19611210-GNB-SFO,True,,True,True,,,2
John Brodie,1961,14,1961-12-16,False,SFO,BAL,H,L,24,27,16,38,292,2,1,75.8,,2,9,1,0,0,0,0,0,0,24.58,24.58,2459,False,sacked,PFR+RULE2PT+SCORE0,19611216-BAL-SFO,True,,True,True,,,0
John Brodie,1962,1,1962-09-16,False,SFO,CHI,H,L,14,30,12,22,136,1,2,50.6,,3,41,1,0,0,0,0,0,0,15.54,15.54,2459,False,sacked,PFR+RULE2PT+SCORE0,19620916-CHI-SFO,True,,True,True,,,0
John Brodie,1962,2,1962-09-23,False,SFO,DET,A,L,24,45,18,26,259,2,1,110.9,,3,7,0,0,0,0,0,0,0,17.06,17.06,2459,False,sacked,PFR+RULE2PT+SCORE0,19620923-SFO-DET,True,,True,True,,,0
John Brodie,1962,3,1962-09-30,False,SFO,MIN,H,W,21,7,5,19,57,1,2,17.5,,5,17,0,0,0,0,0,0,0,3.98,3.98,2459,False,sacked,PFR+RULE2PT+SCORE0,19620930-MIN-SFO,True,,True,True,,,0
John Brodie,1962,4,1962-10-07,False,SFO,BAL,A,W,21,13,15,19,143,1,0,115.6,,2,11,0,0,0,0,0,0,0,10.82,10.82,2459,False,sacked,PFR+RULE2PT+SCORE0,19621007-SFO-BAL,True,,True,True,,,0
John Brodie,1962,5,1962-10-14,False,SFO,CHI,A,W,34,27,6,16,121,1,1,59.6,,0,0,0,0,0,0,0,0,,6.84,6.84,2459,False,sacked;fum_rec_td,PFR+RULE2PT,19621014-SFO-CHI,False,fum_rec_td,False,True,fum_rec_td,,6
John Brodie,1962,6,1962-10-21,False,SFO,GNB,A,L,13,31,6,15,41,0,3,8.3,,1,16,0,0,0,0,0,0,0,-2.76,-2.76,2459,False,sacked,PFR+RULE2PT+SCORE0,19621021-SFO-GNB,True,,True,True,,,0
John Brodie,1962,7,1962-10-28,False,SFO,RAM,H,L,14,28,19,35,170,2,2,62.8,,6,66,0,0,0,0,0,0,0,17.4,17.4,2459,False,sacked,PFR+RULE2PT+SCORE0,19621028-RAM-SFO,True,,True,True,,,0
John Brodie,1962,8,1962-11-04,False,SFO,BAL,H,L,3,22,5,11,45,0,0,57.0,,0,0,0,0,0,0,0,0,0,1.8,1.8,2459,False,sacked,PFR+RULE2PT+SCORE0,19621104-BAL-SFO,True,,True,True,,,0
John Brodie,1962,9,1962-11-11,False,SFO,DET,H,L,24,38,18,30,198,2,1,87.9,,1,9,0,0,0,0,0,0,0,14.82,14.82,2459,False,sacked,PFR+RULE2PT+SCORE0,19621111-DET-SFO,True,,True,True,,,0
John Brodie,1962,10,1962-11-18,False,SFO,RAM,A,W,24,17,17,21,281,2,1,130.7,,2,24,0,0,0,0,0,0,0,19.64,19.64,2459,False,sacked,PFR+RULE2PT+SCORE0,19621118-SFO-RAM,True,,True,True,,,0
John Brodie,1962,11,1962-11-25,False,SFO,STL,A,W,24,17,9,18,128,0,0,73.4,,6,15,2,0,0,0,0,0,0,18.62,18.62,2459,False,sacked,PFR+RULE2PT+SCORE0,19621125-SFO-STL,True,,True,True,,,0
John Brodie,1962,12,1962-12-02,False,SFO,MIN,A,W,35,12,12,21,272,4,0,141.4,,1,11,0,0,0,0,0,0,0,27.98,27.98,2459,False,sacked,PFR+RULE2PT+SCORE0,19621202-SFO-MIN,True,,True,True,,,0
John Brodie,1962,13,1962-12-09,False,SFO,GNB,H,L,21,31,20,31,269,2,2,86.6,,2,10,0,0,0,0,0,0,0,15.76,15.76,2459,False,sacked,PFR+RULE2PT+SCORE0,19621209-GNB-SFO,True,,True,True,,,0
John Brodie,1962,14,1962-12-15,False,SFO,CLE,H,L,10,13,13,20,152,0,1,67.1,,5,31,1,0,0,0,0,0,0,13.18,13.18,2459,False,sacked,PFR+RULE2PT+SCORE0,19621215-CLE-SFO,True,,True,True,,,0
John Brodie,1963,1,1963-09-15,False,SFO,MIN,H,L,20,24,11,23,125,1,1,61.0,,4,42,0,0,0,0,0,0,0,11.2,11.2,2459,False,sacked,PFR+RULE2PT+SCORE0,19630915-MIN-SFO,True,,True,True,,,0
John Brodie,1963,2,1963-09-22,False,SFO,BAL,H,L,14,20,12,20,138,2,1,93.3,,2,10,0,0,0,0,0,0,0,12.52,12.52,2459,False,sacked,PFR+RULE2PT+SCORE0,19630922-BAL-SFO,True,,True,True,,,0
John Brodie,1963,3,1963-09-29,False,SFO,MIN,A,L,14,45,7,18,104,0,2,19.0,,1,11,0,0,0,0,0,0,0,1.26,1.26,2459,False,sacked,PFR+RULE2PT+SCORE0,19630929-SFO-MIN,True,,True,True,,,0
John Brodie,1964,1,1964-09-13,False,SFO,DET,H,L,17,26,15,33,177,2,0,82.5,,2,7,0,0,0,0,0,0,0,15.78,15.78,2459,False,sacked,PFR+RULE2PT+SCORE0,19640913-DET-SFO,True,,True,True,,,0
John Brodie,1964,2,1964-09-20,False,SFO,PHI,A,W,28,24,11,26,267,0,1,64.1,,3,8,0,0,0,0,0,0,0,9.48,9.48,2459,False,sacked,PFR+RULE2PT+SCORE0,19640920-SFO-PHI,True,,True,True,,,0
John Brodie,1964,3,1964-09-27,False,SFO,STL,H,L,13,23,14,30,168,1,1,61.5,,3,0,0,0,0,0,0,0,0,8.72,8.72,2459,False,sacked,PFR+RULE2PT+SCORE0,19640927-STL-SFO,True,,True,True,,,0
John Brodie,1964,4,1964-10-04,False,SFO,CHI,H,W,31,21,15,33,252,3,0,102.1,,1,4,0,0,0,0,0,0,0,22.48,22.48,2459,False,sacked,PFR+RULE2PT+SCORE0,19641004-CHI-SFO,True,,True,True,,,0
John Brodie,1964,5,1964-10-11,False,SFO,GNB,A,L,14,24,16,31,192,0,0,70.9,,4,39,1,0,0,0,0,0,0,17.58,17.58,2459,False,sacked,PFR+RULE2PT+SCORE0,19641011-SFO-GNB,True,,True,True,,,0
John Brodie,1964,6,1964-10-18,False,SFO,RAM,A,L,14,42,12,24,198,1,3,52.4,,1,-6,0,0,0,0,0,0,0,5.32,5.32,2459,False,sacked,PFR+RULE2PT+SCORE0,19641018-SFO-RAM,True,,True,True,,,0
John Brodie,1964,7,1964-10-25,False,SFO,MIN,H,L,22,27,12,27,209,1,4,44.1,,1,2,1,0,0,0,0,0,0,10.56,10.56,2459,False,sacked,PFR+RULE2PT+SCORE2,19641025-MIN-SFO,True,,True,True,,,2
John Brodie,1964,8,1964-11-01,False,SFO,BAL,A,L,7,37,16,28,159,1,1,70.4,,2,34,0,0,0,0,0,0,0,11.76,11.76,2459,False,sacked,PFR+RULE2PT+SCORE0,19641101-SFO-BAL,True,,True,True,,,0
John Brodie,1964,9,1964-11-08,False,SFO,MIN,A,L,7,24,8,26,102,0,1,28.0,,1,0,0,0,0,0,0,0,0,2.08,2.08,2459,False,sacked,PFR+RULE2PT+SCORE0,19641108-SFO-MIN,True,,True,True,,,0
John Brodie,1964,11,1964-11-22,False,SFO,CHI,A,L,21,23,19,27,207,2,0,117.4,,1,-8,0,0,0,0,0,0,0,15.48,15.48,2459,False,sacked,PFR+RULE2PT+SCORE0,19641122-SFO-CHI,True,,True,True,,,0
John Brodie,1964,12,1964-11-29,False,SFO,BAL,H,L,3,14,14,34,135,0,5,13.4,,5,32,0,0,0,0,0,0,0,-1.4,-1.4,2459,False,sacked,PFR+RULE2PT+SCORE0,19641129-BAL-SFO,True,,True,True,,,0
John Brodie,1964,13,1964-12-06,False,SFO,RAM,H,W,28,7,18,30,204,2,0,102.6,,2,19,0,0,0,0,0,0,0,18.06,18.06,2459,False,sacked,PFR+RULE2PT+SCORE0,19641206-RAM-SFO,True,,True,True,,,0
John Brodie,1964,14,1964-12-13,False,SFO,DET,A,L,7,24,23,43,228,1,0,76.5,,1,4,0,0,0,0,0,0,0,13.52,13.52,2459,False,sacked,PFR+RULE2PT+SCORE0,19641213-SFO-DET,True,,True,True,,,0
John Brodie,1965,1,1965-09-19,False,SFO,CHI,H,W,52,24,14,20,269,4,0,152.1,,2,4,0,0,0,0,0,0,,27.16,27.16,2459,False,sacked;fum_rec_td,PFR+RULE2PT,19650919-CHI-SFO,False,fum_rec_td,False,True,fum_rec_td,,6
John Brodie,1965,2,1965-09-26,False,SFO,PIT,H,W,27,17,16,20,236,1,0,132.5,,4,23,1,0,0,0,0,0,0,21.74,21.74,2459,False,sacked,PFR+RULE2PT+SCORE0,19650926-PIT-SFO,True,,True,True,,,0
John Brodie,1965,3,1965-10-03,False,SFO,BAL,A,L,24,27,18,36,268,2,3,58.6,,0,0,0,0,0,0,0,0,0,12.72,12.72,2459,False,sacked,PFR+RULE2PT+SCORE0,19651003-SFO-BAL,True,,True,True,,,0
John Brodie,1965,4,1965-10-10,False,SFO,GNB,A,L,10,27,21,38,198,1,1,67.7,,2,6,0,0,0,0,0,0,0,10.52,10.52,2459,False,sacked,PFR+RULE2PT+SCORE0,19651010-SFO-GNB,True,,True,True,,,0
John Brodie,1965,5,1965-10-17,False,SFO,RAM,A,W,45,21,18,26,215,3,2,100.6,,1,0,0,0,0,0,0,0,0,16.6,16.6,2459,False,sacked,PFR+RULE2PT+SCORE0,19651017-SFO-RAM,True,,True,True,,,0
John Brodie,1965,6,1965-10-24,False,SFO,MIN,H,L,41,42,19,29,264,3,1,114.7,,1,3,0,0,0,0,0,0,,20.86,20.86,2459,False,sacked;fum_rec_td,PFR+RULE2PT,19651024-MIN-SFO,False,fum_rec_td,False,True,fum_rec_td,,6
John Brodie,1965,7,1965-10-31,False,SFO,BAL,H,L,28,34,20,28,289,2,0,128.4,,2,13,0,0,0,0,0,0,0,20.86,20.86,2459,False,sacked,PFR+RULE2PT+SCORE0,19651031-BAL-SFO,True,,True,True,,,0
John Brodie,1965,9,1965-11-14,False,SFO,DET,A,W,27,21,20,32,196,1,2,64.1,,2,-2,0,0,0,0,0,0,,7.64,7.64,2459,False,sacked;fum_rec_td,PFR+RULE2PT,19651114-SFO-DET,False,fum_rec_td,False,True,fum_rec_td,,12
John Brodie,1965,10,1965-11-21,False,SFO,RAM,H,W,30,27,23,37,214,2,2,73.5,,0,0,0,0,0,0,0,0,0,12.56,12.56,2459,False,sacked,PFR+RULE2PT+SCORE0,19651121-RAM-SFO,True,,True,True,,,0
John Brodie,1965,11,1965-11-28,False,SFO,MIN,A,W,45,24,10,19,209,5,0,131.4,,0,0,0,0,0,0,0,0,,28.36,28.36,2459,False,sacked;fum_rec_td,PFR+RULE2PT,19651128-SFO-MIN,False,fum_rec_td,False,True,fum_rec_td,,6
John Brodie,1965,12,1965-12-05,False,SFO,DET,H,W,17,14,18,35,209,1,1,67.4,,0,0,0,0,0,0,0,0,0,10.36,10.36,2459,False,sacked,PFR+RULE2PT+SCORE0,19651205-DET-SFO,True,,True,True,,,0
John Brodie,1965,13,1965-12-12,False,SFO,CHI,A,L,20,61,19,37,250,2,1,79.8,,1,13,0,0,0,0,0,0,0,17.3,17.3,2459,False,sacked,PFR+RULE2PT+SCORE0,19651212-SFO-CHI,True,,True,True,,,0
John Brodie,1965,14,1965-12-19,False,SFO,GNB,H,T,24,24,26,34,295,3,3,94.6,,0,0,0,0,0,0,0,0,0,17.8,17.8,2459,False,sacked,PFR+RULE2PT+SCORE0,19651219-GNB-SFO,True,,True,True,,,0
John Brodie,1966,1,1966-09-11,False,SFO,MIN,H,T,20,20,22,38,216,2,1,80.6,,0,0,0,0,0,0,0,0,0,14.64,14.64,2459,False,sacked,PFR+RULE2PT+SCORE0,19660911-MIN-SFO,True,,True,True,,,0
John Brodie,1966,2,1966-09-25,False,SFO,BAL,A,L,14,36,16,25,159,1,1,78.6,,0,0,0,0,0,0,0,0,0,8.36,8.36,2459,False,sacked,PFR+RULE2PT+SCORE0,19660925-SFO-BAL,True,,True,True,,,0
John Brodie,1966,3,1966-09-30,False,SFO,RAM,A,L,3,34,11,31,138,0,4,10.6,,0,0,0,0,0,0,0,0,0,-2.48,-2.48,2459,False,sacked,PFR+RULE2PT+SCORE0,19660930-SFO-RAM,True,,True,True,,,0
John Brodie,1966,4,1966-10-09,False,SFO,GNB,H,W,21,20,3,4,17,0,0,82.3,,0,0,0,0,0,0,0,0,,0.68,0.68,2459,False,sacked;fum_rec_td,PFR+RULE2PT,19661009-GNB-SFO,False,fum_rec_td,False,True,fum_rec_td,,6
John Brodie,1966,5,1966-10-16,False,SFO,ATL,A,W,44,7,16,24,248,3,0,140.3,,0,0,0,0,0,0,0,0,,21.92,21.92,2459,False,sacked;fum_rec_td,PFR+RULE2PT,19661016-SFO-ATL,False,fum_rec_td,False,True,fum_rec_td,,6
John Brodie,1966,6,1966-10-23,False,SFO,DET,H,W,27,24,18,35,221,1,3,45.1,,1,1,1,0,0,0,0,0,0,12.94,12.94,2459,False,sacked,PFR+RULE2PT+SCORE0,19661023-DET-SFO,True,,True,True,,,0
John Brodie,1966,7,1966-10-30,False,SFO,MIN,A,L,3,28,12,23,110,0,1,47.4,,0,0,0,0,0,0,0,0,0,2.4,2.4,2459,False,sacked,PFR+RULE2PT+SCORE0,19661030-SFO-MIN,True,,True,True,,,0
John Brodie,1966,8,1966-11-06,False,SFO,RAM,H,W,21,13,21,31,277,1,2,79.6,,2,9,2,0,0,0,0,0,0,23.98,23.98,2459,False,sacked,PFR+RULE2PT+SCORE0,19661106-RAM-SFO,True,,True,True,,,0
John Brodie,1966,9,1966-11-13,False,SFO,CHI,A,T,30,30,28,54,327,0,1,62.8,,0,0,0,0,0,0,0,0,0,11.08,11.08,2459,False,sacked,PFR+RULE2PT+SCORE0,19661113-SFO-CHI,True,,True,True,,,0
John Brodie,1966,10,1966-11-20,False,SFO,PHI,H,L,34,35,22,40,245,2,2,69.3,,0,0,0,0,0,0,0,0,0,13.8,13.8,2459,False,sacked,PFR+RULE2PT+SCORE0,19661120-PHI-SFO,True,,True,True,,,0
John Brodie,1966,11,1966-11-24,False,SFO,DET,A,W,41,14,14,26,254,2,3,73.7,,0,0,0,0,0,0,0,0,,12.16,12.16,2459,False,sacked;fum_rec_td,PFR+RULE2PT,19661124-SFO-DET,False,fum_rec_td,False,True,fum_rec_td,,6
John Brodie,1966,12,1966-12-04,False,SFO,GNB,A,L,7,20,14,33,183,1,2,45.4,,0,0,0,0,0,0,0,0,0,7.32,7.32,2459,False,sacked,PFR+RULE2PT+SCORE0,19661204-SFO-GNB,True,,True,True,,,0
John Brodie,1966,13,1966-12-11,False,SFO,CHI,H,W,41,14,16,23,191,1,1,91.0,,1,7,0,0,0,0,0,0,,10.34,10.34,2459,False,sacked;fum_rec_td,PFR+RULE2PT,19661211-CHI-SFO,False,fum_rec_td,False,True,fum_rec_td,,12
John Brodie,1966,14,1966-12-18,False,SFO,BAL,H,L,14,30,19,40,224,2,1,71.2,,1,1,0,0,0,0,0,0,0,15.06,15.06,2459,False,sacked,PFR+RULE2PT+SCORE0,19661218-BAL-SFO,True,,True,True,,,0
John Brodie,1967,1,1967-09-17,False,SFO,MIN,A,W,27,21,10,20,121,0,1,48.1,,2,19,0,0,0,0,0,0,0,4.74,4.74,2459,False,sacked,PFR+RULE2PT+SCORE0,19670917-SFO-MIN,True,,True,True,,,0
John Brodie,1967,2,1967-09-24,False,SFO,ATL,H,W,38,7,16,29,270,2,1,95.5,,1,2,0,0,0,0,0,0,0,17.0,17.0,2459,False,sacked,PFR+RULE2PT+SCORE0,19670924-ATL-SFO,True,,True,True,,,0
John Brodie,1967,3,1967-10-01,False,SFO,BAL,A,L,7,41,12,23,135,1,1,66.4,,1,-2,0,0,0,0,0,0,0,7.2,7.2,2459,False,sacked,PFR+RULE2PT+SCORE0,19671001-SFO-BAL,True,,True,True,,,0
John Brodie,1967,4,1967-10-08,False,SFO,RAM,A,W,27,24,18,35,269,3,3,69.8,,2,7,0,0,0,0,0,0,0,17.46,17.46,2459,False,sacked,PFR+RULE2PT+SCORE0,19671008-SFO-RAM,True,,True,True,,,0
John Brodie,1967,5,1967-10-15,False,SFO,PHI,A,W,28,27,17,28,216,0,0,84.8,,1,10,0,0,0,0,0,0,,9.64,9.64,2459,False,sacked;fum_rec_td,PFR+RULE2PT,19671015-SFO-PHI,False,fum_rec_td,False,True,fum_rec_td,,6
John Brodie,1967,6,1967-10-22,False,SFO,NOR,H,W,27,13,20,38,198,2,0,85.2,,4,33,0,0,0,0,0,0,0,19.22,19.22,2459,False,sacked,PFR+RULE2PT+SCORE0,19671022-NOR-SFO,True,,True,True,,,0
John Brodie,1967,7,1967-10-29,False,SFO,DET,H,L,3,45,8,29,119,0,4,4.6,,0,0,0,0,0,0,0,0,0,-3.24,-3.24,2459,False,sacked,PFR+RULE2PT+SCORE0,19671029-DET-SFO,True,,True,True,,,0
John Brodie,1967,8,1967-11-05,False,SFO,RAM,H,L,7,17,17,34,175,1,2,50.5,,1,12,0,0,0,0,0,0,0,8.2,8.2,2459,False,sacked,PFR+RULE2PT+SCORE0,19671105-RAM-SFO,True,,True,True,,,0
John Brodie,1967,9,1967-11-12,False,SFO,WAS,A,L,28,31,20,38,174,1,1,62.8,,2,25,1,0,0,0,0,0,0,17.46,17.46,2459,False,sacked,PFR+RULE2PT+SCORE0,19671112-SFO-WAS,True,,True,True,,,0
John Brodie,1967,10,1967-11-19,False,SFO,GNB,A,L,0,13,20,48,170,0,2,34.2,,6,41,0,0,0,0,0,0,0,6.9,6.9,2459,False,sacked,PFR+RULE2PT+SCORE0,19671119-SFO-GNB,True,,True,True,,,0
John Brodie,1967,12,1967-12-03,False,SFO,CHI,H,L,14,28,10,27,166,1,1,55.5,,0,0,0,0,0,0,0,0,0,8.64,8.64,2459,False,sacked,PFR+RULE2PT+SCORE0,19671203-CHI-SFO,True,,True,True,,,0
John Brodie,1968,1,1968-09-15,False,SFO,BAL,A,L,10,27,23,42,200,0,3,37.8,,2,13,0,0,0,0,0,0,,3.3,3.3,2459,False,sacked;fum_rec_td,PFR+RULE2PT,19680915-SFO-BAL,False,fum_rec_td,False,True,fum_rec_td,,6
John Brodie,1968,2,1968-09-22,False,SFO,STL,H,W,35,17,16,27,236,3,2,94.1,,0,0,0,0,0,0,0,0,0,17.44,17.44,2459,False,sacked,PFR+RULE2PT+SCORE0,19680922-STL-SFO,True,,True,True,,,0
John Brodie,1968,3,1968-09-29,False,SFO,ATL,H,W,28,13,17,20,191,3,1,125.2,,2,15,0,0,0,0,0,0,0,19.14,19.14,2459,False,sacked,PFR+RULE2PT+SCORE0,19680929-ATL-SFO,True,,True,True,,,0
John Brodie,1968,4,1968-10-06,False,SFO,RAM,A,L,10,24,10,15,136,1,0,117.6,,0,0,0,0,0,0,0,0,0,9.44,9.44,2459,False,sacked,PFR+RULE2PT+SCORE0,19681006-SFO-RAM,True,,True,True,,,0
John Brodie,1968,5,1968-10-13,False,SFO,BAL,H,L,14,42,19,36,266,1,3,51.4,,2,10,0,0,0,0,0,0,0,9.64,9.64,2459,False,sacked,PFR+RULE2PT+SCORE0,19681013-BAL-SFO,True,,True,True,,,0
John Brodie,1968,6,1968-10-20,False,SFO,NYG,A,W,26,10,15,24,179,2,0,113.0,,2,6,0,0,0,0,0,0,0,15.76,15.76,2459,False,sacked,PFR+RULE2PT+SCORE0,19681020-SFO-NYG,True,,True,True,,,0
John Brodie,1968,7,1968-10-27,False,SFO,DET,A,W,14,7,22,37,239,1,0,87.6,,1,-5,0,0,0,0,0,0,,13.06,13.06,2459,False,sacked;fum_rec_td,PFR+RULE2PT,19681027-SFO-DET,False,fum_rec_td,False,True,fum_rec_td,,6
John Brodie,1968,8,1968-11-03,False,SFO,CLE,H,L,21,33,23,37,241,3,2,85.5,,1,-10,0,0,0,0,0,0,0,16.64,16.64,2459,False,sacked,PFR+RULE2PT+SCORE0,19681103-CLE-SFO,True,,True,True,,,0
John Brodie,1968,9,1968-11-10,False,SFO,CHI,A,L,19,27,9,26,199,2,4,48.9,,0,0,0,0,0,0,0,0,0,7.96,7.96,2459,False,sacked,PFR+RULE2PT+SCORE0,19681110-SFO-CHI,True,,True,True,,,0
John Brodie,1968,10,1968-11-17,False,SFO,RAM,H,T,20,20,10,24,174,0,1,49.7,,2,15,0,0,0,0,0,0,0,6.46,6.46,2459,False,sacked,PFR+RULE2PT+SCORE0,19681117-RAM-SFO,True,,True,True,,,0
John Brodie,1968,11,1968-11-24,False,SFO,PIT,A,W,45,28,16,25,282,2,1,112.4,,3,8,0,0,0,0,0,0,,18.08,18.08,2459,False,sacked;fum_rec_td,PFR+RULE2PT,19681124-SFO-PIT,False,fum_rec_td,False,True,fum_rec_td,,12
John Brodie,1968,12,1968-12-01,False,SFO,GNB,H,W,27,20,24,39,301,3,1,100.5,,1,9,0,0,0,0,0,0,0,22.94,22.94,2459,False,sacked,PFR+RULE2PT+SCORE0,19681201-GNB-SFO,True,,True,True,,,0
John Brodie,1968,13,1968-12-08,False,SFO,MIN,H,L,20,30,17,25,160,1,1,82.1,,2,10,0,0,0,0,0,0,0,9.4,9.4,2459,False,sacked,PFR+RULE2PT+SCORE0,19681208-MIN-SFO,True,,True,True,,,0
John Brodie,1968,14,1968-12-15,False,SFO,ATL,A,W,14,12,13,27,216,0,2,44.7,,0,0,0,0,0,0,0,0,0,4.64,4.64,2459,False,sacked,PFR+RULE2PT+SCORE0,19681215-SFO-ATL,True,,True,True,,,0
John Brodie,1969,1,1969-09-21,False,SFO,ATL,A,L,12,24,21,39,212,0,3,37.6,,3,25,0,0,0,0,0,0,0,4.98,4.98,2459,False,sacked,PFR+RULE2PT+SCORE2,19690921-SFO-ATL,True,,True,True,,,2
John Brodie,1969,2,1969-09-28,False,SFO,GNB,A,L,7,14,15,33,282,1,1,73.0,,2,-1,0,0,0,0,0,0,0,13.18,13.18,2459,False,sacked,PFR+RULE2PT+SCORE0,19690928-SFO-GNB,True,,True,True,,,0
John Brodie,1969,3,1969-10-05,False,SFO,WAS,H,T,17,17,18,29,149,1,1,72.3,,1,2,0,0,0,0,0,0,0,8.16,8.16,2459,False,sacked,PFR+RULE2PT+SCORE0,19691005-WAS-SFO,True,,True,True,,,0
John Brodie,1969,4,1969-10-12,False,SFO,RAM,H,L,21,27,20,51,254,3,3,50.6,,1,9,0,0,0,0,0,0,0,17.06,17.06,2459,False,sacked,PFR+RULE2PT+SCORE0,19691012-RAM-SFO,True,,True,True,,,0
John Brodie,1969,5,1969-10-19,False,SFO,ATL,H,L,7,21,19,31,159,0,2,47.6,,0,0,0,0,0,0,0,0,,2.36,2.36,2459,False,sacked;fum_rec_td,PFR+RULE2PT,19691019-ATL-SFO,False,fum_rec_td,False,True,fum_rec_td,,6
John Brodie,1969,8,1969-11-09,False,SFO,RAM,A,L,30,41,29,37,290,2,2,94.8,,1,12,0,0,0,0,0,0,0,16.8,16.8,2459,False,sacked,PFR+RULE2PT+SCORE0,19691109-SFO-RAM,True,,True,True,,,0
John Brodie,1969,9,1969-11-16,False,SFO,BAL,H,W,20,17,25,42,356,3,2,91.0,,3,15,0,0,0,0,0,0,0,23.74,23.74,2459,False,sacked,PFR+RULE2PT+SCORE0,19691116-BAL-SFO,True,,True,True,,,0
John Brodie,1969,10,1969-11-23,False,SFO,NOR,A,L,38,43,15,24,290,2,1,114.9,,0,0,0,0,0,0,0,0,0,17.6,17.6,2459,False,sacked,PFR+RULE2PT+SCORE0,19691123-SFO-NOR,True,,True,True,,,0
John Brodie,1969,11,1969-11-27,False,SFO,DAL,A,T,24,24,18,33,255,2,0,99.9,,0,0,0,0,0,0,0,0,0,18.2,18.2,2459,False,sacked,PFR+RULE2PT+SCORE0,19691127-SFO-DAL,True,,True,True,,,0
John Brodie,1969,12,1969-12-06,False,SFO,CHI,H,W,42,21,6,14,81,1,0,85.7,,0,0,0,0,0,0,0,0,0,7.24,7.24,2459,False,sacked,PFR+RULE2PT+SCORE0,19691206-CHI-SFO,True,,True,True,,,0
John Brodie,1969,14,1969-12-21,False,SFO,PHI,H,W,14,13,8,14,77,1,1,66.7,,0,0,0,0,0,0,0,0,0,5.08,5.08,2459,False,sacked,PFR+RULE2PT+SCORE0,19691221-PHI-SFO,True,,True,True,,,0
Norm Snead,1961,1,1961-09-17,False,WAS,SFO,A,L,3,35,8,34,140,0,3,7.5,,0,0,0,0,0,0,0,0,0,-0.4,-0.4,20836,False,sacked,PFR+RULE2PT+SCORE0,19610917-WAS-SFO,True,,True,True,,,0
Norm Snead,1961,2,1961-09-24,False,WAS,PHI,A,L,7,14,13,29,225,1,1,68.9,,3,6,0,0,0,0,0,0,0,11.6,11.6,20836,False,sacked,PFR+RULE2PT+SCORE0,19610924-WAS-PHI,True,,True,True,,,0
Norm Snead,1961,3,1961-10-01,False,WAS,NYG,H,L,21,24,12,24,123,2,1,75.5,,4,-5,0,0,0,0,0,0,,10.42,10.42,20836,False,sacked;fum_rec_td,PFR+RULE2PT,19611001-NYG-WAS,False,fum_rec_td,False,True,fum_rec_td,,6
Norm Snead,1961,4,1961-10-08,False,WAS,CLE,A,L,7,31,13,27,200,1,2,54.6,,0,0,0,0,0,0,0,0,0,8.0,8.0,20836,False,sacked,PFR+RULE2PT+SCORE0,19611008-WAS-CLE,True,,True,True,,,0
Norm Snead,1961,5,1961-10-15,False,WAS,PIT,A,L,0,20,8,29,104,0,4,2.4,,1,1,0,0,0,0,0,0,0,-3.74,-3.74,20836,False,sacked,PFR+RULE2PT+SCORE0,19611015-WAS-PIT,True,,True,True,,,0
Norm Snead,1961,6,1961-10-22,False,WAS,STL,H,L,0,24,7,17,61,0,1,26.8,,1,9,0,0,0,0,0,0,0,1.34,1.34,20836,False,sacked,PFR+RULE2PT+SCORE0,19611022-STL-WAS,True,,True,True,,,0
Norm Snead,1961,7,1961-10-29,False,WAS,PHI,H,L,24,27,21,31,296,2,1,106.4,,6,1,0,0,0,0,0,0,0,17.94,17.94,20836,False,sacked,PFR+RULE2PT+SCORE0,19611029-PHI-WAS,True,,True,True,,,0
Norm Snead,1961,8,1961-11-05,False,WAS,NYG,A,L,0,53,7,20,83,0,2,9.0,,1,0,0,0,0,0,0,0,0,-0.68,-0.68,20836,False,sacked,PFR+RULE2PT+SCORE0,19611105-WAS-NYG,True,,True,True,,,0
Norm Snead,1961,9,1961-11-12,False,WAS,CLE,H,L,6,17,17,29,173,0,1,61.4,,1,-2,0,0,0,0,0,0,0,4.72,4.72,20836,False,sacked,PFR+RULE2PT+SCORE0,19611112-CLE-WAS,True,,True,True,,,0
Norm Snead,1961,10,1961-11-19,False,WAS,DAL,A,T,28,28,16,23,234,1,1,98.8,,4,11,2,0,0,0,0,0,,24.46,24.46,20836,False,sacked;fum_rec_td,PFR+RULE2PT,19611119-WAS-DAL,False,fum_rec_td,False,True,fum_rec_td,,6
Norm Snead,1961,11,1961-11-26,False,WAS,BAL,H,L,6,27,9,32,91,0,3,0.5,,1,-1,0,0,0,0,0,0,0,-2.46,-2.46,20836,False,sacked,PFR+RULE2PT+SCORE0,19611126-BAL-WAS,True,,True,True,,,0
Norm Snead,1961,12,1961-12-03,False,WAS,STL,A,L,24,38,10,17,232,2,0,142.4,,4,12,0,0,0,0,0,0,0,18.48,18.48,20836,False,sacked,PFR+RULE2PT+SCORE0,19611203-WAS-STL,True,,True,True,,,0
Norm Snead,1961,13,1961-12-10,False,WAS,PIT,H,L,14,30,16,36,181,1,2,46.2,,2,7,0,0,0,0,0,0,0,7.94,7.94,20836,False,sacked,PFR+RULE2PT+SCORE0,19611210-PIT-WAS,True,,True,True,,,0
Norm Snead,1961,14,1961-12-17,False,WAS,DAL,H,W,34,24,15,27,194,1,0,90.7,,6,8,1,0,0,0,0,0,0,18.56,18.56,20836,False,sacked,PFR+RULE2PT+SCORE0,19611217-DAL-WAS,True,,True,True,,,0
Norm Snead,1962,1,1962-09-16,False,WAS,DAL,A,T,35,35,14,26,217,2,1,91.3,,4,3,2,0,0,0,0,0,0,26.98,26.98,20836,False,sacked,PFR+RULE2PT+SCORE0,19620916-WAS-DAL,True,,True,True,,,0
Norm Snead,1962,2,1962-09-23,False,WAS,CLE,A,W,17,16,8,18,147,1,3,52.1,,1,-10,0,0,0,0,0,0,,2.88,2.88,20836,False,sacked;fum_rec_td,PFR+RULE2PT,19620923-WAS-CLE,False,fum_rec_td,False,True,fum_rec_td,,6
Norm Snead,1962,3,1962-09-30,False,WAS,STL,H,W,24,14,13,22,217,2,1,103.8,,2,1,0,0,0,0,0,0,0,14.78,14.78,20836,False,sacked,PFR+RULE2PT+SCORE0,19620930-STL-WAS,True,,True,True,,,0
Norm Snead,1962,4,1962-10-07,False,WAS,RAM,H,W,20,14,15,22,212,2,0,129.4,,3,4,0,0,0,0,0,0,0,16.88,16.88,20836,False,sacked,PFR+RULE2PT+SCORE0,19621007-RAM-WAS,True,,True,True,,,0
Norm Snead,1962,5,1962-10-14,False,WAS,STL,A,T,17,17,17,29,262,1,1,85.7,,1,1,0,0,0,0,0,0,0,12.58,12.58,20836,False,sacked,PFR+RULE2PT+SCORE0,19621014-WAS-STL,True,,True,True,,,0
Norm Snead,1962,6,1962-10-21,False,WAS,PHI,A,W,27,21,17,25,279,2,2,98.6,,1,2,0,0,0,0,0,0,0,15.36,15.36,20836,False,sacked,PFR+RULE2PT+SCORE0,19621021-WAS-PHI,True,,True,True,,,0
Norm Snead,1962,7,1962-10-28,False,WAS,NYG,A,L,34,49,17,40,346,4,3,75.6,,1,1,1,0,0,0,0,0,0,29.94,29.94,20836,False,sacked,PFR+RULE2PT+SCORE0,19621028-WAS-NYG,True,,True,True,,,0
Norm Snead,1962,8,1962-11-04,False,WAS,DAL,H,L,10,38,11,27,183,0,1,48.8,,1,0,0,0,0,0,0,0,0,5.32,5.32,20836,False,sacked,PFR+RULE2PT+SCORE0,19621104-DAL-WAS,True,,True,True,,,0
Norm Snead,1962,9,1962-11-11,False,WAS,CLE,H,W,17,9,14,23,112,0,2,36.9,,1,3,0,0,0,0,0,0,0,0.78,0.78,20836,False,sacked,PFR+RULE2PT+SCORE0,19621111-CLE-WAS,True,,True,True,,,0
Norm Snead,1962,10,1962-11-18,False,WAS,PIT,A,L,21,23,10,30,175,2,2,48.6,,1,-1,0,0,0,0,0,0,0,10.9,10.9,20836,False,sacked,PFR+RULE2PT+SCORE0,19621118-WAS-PIT,True,,True,True,,,0
Norm Snead,1962,11,1962-11-25,False,WAS,NYG,H,L,24,42,12,27,152,1,1,59.5,,1,0,0,0,0,0,0,0,0,8.08,8.08,20836,False,sacked,PFR+RULE2PT+SCORE0,19621125-NYG-WAS,True,,True,True,,,0
Norm Snead,1962,12,1962-12-02,False,WAS,PHI,H,L,14,37,16,29,211,2,2,72.6,,1,9,0,0,0,0,0,0,0,13.34,13.34,20836,False,sacked,PFR+RULE2PT+SCORE0,19621202-PHI-WAS,True,,True,True,,,0
Norm Snead,1962,13,1962-12-08,False,WAS,BAL,A,L,21,34,18,33,350,3,3,84.2,,2,-3,0,0,0,0,0,0,0,19.7,19.7,20836,False,sacked,PFR+RULE2PT+SCORE0,19621208-WAS-BAL,True,,True,True,,,0
Norm Snead,1962,14,1962-12-16,False,WAS,PIT,H,L,24,27,2,3,63,0,0,109.7,,0,0,0,0,0,0,0,0,0,2.52,2.52,20836,False,sacked,PFR+RULE2PT+SCORE0,19621216-PIT-WAS,True,,True,True,,,0
Norm Snead,1963,1,1963-09-15,False,WAS,CLE,A,L,14,37,5,15,75,1,1,45.1,,1,4,0,0,0,0,0,0,0,5.4,5.4,20836,False,sacked,PFR+RULE2PT+SCORE0,19630915-WAS-CLE,True,,True,True,,,0
Norm Snead,1963,2,1963-09-21,False,WAS,RAM,A,W,37,14,11,23,210,1,2,58.2,,2,6,1,0,0,0,0,0,0,15.0,15.0,20836,False,sacked,PFR+RULE2PT+SCORE0,19630921-WAS-RAM,True,,True,True,,,0
Norm Snead,1963,3,1963-09-29,False,WAS,DAL,H,W,21,17,13,24,175,0,1,60.2,,3,-4,0,0,0,0,0,0,,4.6,4.6,20836,False,sacked;fum_rec_td,PFR+RULE2PT,19630929-DAL-WAS,False,fum_rec_td,False,True,fum_rec_td,,6
Norm Snead,1963,4,1963-10-06,False,WAS,NYG,H,L,14,24,11,29,149,1,0,66.6,,2,18,0,0,0,0,0,0,0,11.76,11.76,20836,False,sacked,PFR+RULE2PT+SCORE0,19631006-NYG-WAS,True,,True,True,,,0
Norm Snead,1963,5,1963-10-13,False,WAS,PHI,H,L,24,37,10,29,233,2,4,47.7,,2,12,0,0,0,0,0,0,0,10.52,10.52,20836,False,sacked,PFR+RULE2PT+SCORE0,19631013-PHI-WAS,True,,True,True,,,0
Norm Snead,1963,6,1963-10-20,False,WAS,PIT,A,L,27,38,13,28,309,1,3,59.1,,3,18,1,0,0,0,0,0,0,18.16,18.16,20836,False,sacked,PFR+RULE2PT+SCORE0,19631020-WAS-PIT,True,,True,True,,,0
Norm Snead,1963,7,1963-10-27,False,WAS,STL,H,L,7,21,11,20,78,0,2,24.6,,0,0,0,0,0,0,0,0,0,-0.88,-0.88,20836,False,sacked,PFR+RULE2PT+SCORE0,19631027-STL-WAS,True,,True,True,,,0
Norm Snead,1963,8,1963-11-03,False,WAS,DAL,A,L,20,35,10,27,252,2,3,56.9,,4,16,0,0,0,0,0,0,0,13.68,13.68,20836,False,sacked,PFR+RULE2PT+SCORE0,19631103-WAS-DAL,True,,True,True,,,0
Norm Snead,1963,9,1963-11-10,False,WAS,STL,A,L,20,24,15,27,251,0,1,71.7,,3,5,0,0,0,0,0,0,0,8.54,8.54,20836,False,sacked,PFR+RULE2PT+SCORE0,19631110-WAS-STL,True,,True,True,,,0
Norm Snead,1963,10,1963-11-17,False,WAS,PIT,H,L,28,34,23,40,424,2,2,90.0,,0,0,0,0,0,0,0,0,,20.96,20.96,20836,False,sacked;fum_rec_td,PFR+RULE2PT,19631117-PIT-WAS,False,fum_rec_td,False,True,fum_rec_td,,6
Norm Snead,1963,11,1963-11-24,False,WAS,PHI,A,W,13,10,16,23,216,1,2,77.4,,0,0,0,0,0,0,0,0,0,8.64,8.64,20836,False,sacked,PFR+RULE2PT+SCORE0,19631124-WAS-PHI,True,,True,True,,,0
Norm Snead,1963,12,1963-12-01,False,WAS,BAL,H,L,20,36,18,33,332,1,2,74.3,,1,13,0,0,0,0,0,0,0,14.58,14.58,20836,False,sacked,PFR+RULE2PT+SCORE0,19631201-BAL-WAS,True,,True,True,,,0
Norm Snead,1963,13,1963-12-08,False,WAS,NYG,A,L,14,44,8,19,170,0,4,34.9,,0,0,0,0,0,0,0,0,0,-1.2,-1.2,20836,False,sacked,PFR+RULE2PT+SCORE0,19631208-WAS-NYG,True,,True,True,,,0
Norm Snead,1963,14,1963-12-15,False,WAS,CLE,H,L,20,27,11,26,169,1,0,77.2,,2,12,0,0,0,0,0,0,0,11.96,11.96,20836,False,sacked,PFR+RULE2PT+SCORE0,19631215-CLE-WAS,True,,True,True,,,0
Norm Snead,1964,1,1964-09-13,False,PHI,NYG,H,W,38,7,12,21,170,2,0,115.2,,0,0,0,0,0,0,0,0,0,14.8,14.8,20836,False,sacked,PFR+RULE2PT+SCORE0,19640913-NYG-PHI,True,,True,True,,,0
Norm Snead,1964,2,1964-09-20,False,PHI,SFO,H,L,24,28,21,46,282,2,2,62.0,,1,-11,0,0,0,0,0,0,0,14.18,14.18,20836,False,sacked,PFR+RULE2PT+SCORE0,19640920-SFO-PHI,True,,True,True,,,0
Norm Snead,1964,3,1964-09-27,False,PHI,CLE,H,L,20,28,19,28,183,0,2,56.1,,1,18,0,0,0,0,0,0,0,5.12,5.12,20836,False,sacked,PFR+RULE2PT+SCORE0,19640927-CLE-PHI,True,,True,True,,,0
Norm Snead,1964,4,1964-10-04,False,PHI,PIT,H,W,21,7,9,17,183,3,0,130.6,,0,0,0,0,0,0,0,0,0,19.32,19.32,20836,False,sacked,PFR+RULE2PT+SCORE0,19641004-PIT-PHI,True,,True,True,,,0
Norm Snead,1964,5,1964-10-11,False,PHI,WAS,A,L,20,35,12,35,126,1,1,43.3,,3,21,0,0,0,0,0,0,0,9.14,9.14,20836,False,sacked,PFR+RULE2PT+SCORE0,19641011-PHI-WAS,True,,True,True,,,0
Norm Snead,1964,6,1964-10-18,False,PHI,NYG,A,W,23,17,5,13,18,0,0,46.6,,2,0,0,0,0,0,0,0,0,0.72,0.72,20836,False,sacked,PFR+RULE2PT+SCORE0,19641018-PHI-NYG,True,,True,True,,,0
Norm Snead,1964,7,1964-10-25,False,PHI,PIT,A,W,34,10,12,21,207,1,1,86.8,,2,-4,1,0,0,0,0,0,,15.88,15.88,20836,False,sacked;fum_rec_td,PFR+RULE2PT,19641025-PHI-PIT,False,fum_rec_td,False,True,fum_rec_td,,6
Norm Snead,1964,8,1964-11-01,False,PHI,WAS,H,L,10,21,12,29,116,0,2,24.5,,2,-8,0,0,0,0,0,0,0,-0.16,-0.16,20836,False,sacked,PFR+RULE2PT+SCORE0,19641101-WAS-PHI,True,,True,True,,,0
Norm Snead,1964,9,1964-11-08,False,PHI,RAM,A,L,10,20,8,16,110,0,0,72.4,,3,31,0,0,0,0,0,0,0,7.5,7.5,20836,False,sacked,PFR+RULE2PT+SCORE0,19641108-PHI-RAM,True,,True,True,,,0
Norm Snead,1964,11,1964-11-22,False,PHI,STL,H,L,13,38,3,11,45,0,1,6.3,,1,1,0,0,0,0,0,0,,-0.1,-0.1,20836,False,sacked;fum_rec_td,PFR+RULE2PT,19641122-STL-PHI,False,fum_rec_td,False,True,fum_rec_td,,6
Norm Snead,1964,12,1964-11-29,False,PHI,CLE,A,L,24,38,10,15,165,2,1,115.3,,0,0,0,0,0,0,0,0,0,12.6,12.6,20836,False,sacked,PFR+RULE2PT+SCORE0,19641129-PHI-CLE,True,,True,True,,,0
Norm Snead,1964,14,1964-12-13,False,PHI,STL,A,L,34,36,15,31,301,3,2,88.2,,1,11,1,0,0,0,0,0,0,27.14,27.14,20836,False,sacked,PFR+RULE2PT+SCORE0,19641213-PHI-STL,True,,True,True,,,0
Norm Snead,1965,1,1965-09-19,False,PHI,STL,H,W,34,27,17,32,267,2,0,102.0,,4,18,0,0,0,0,0,0,0,20.48,20.48,20836,False,sacked,PFR+RULE2PT+SCORE0,19650919-STL-PHI,True,,True,True,,,0
Norm Snead,1965,2,1965-09-26,False,PHI,NYG,H,L,14,16,17,32,238,0,0,77.3,,3,8,2,0,0,0,0,0,0,22.32,22.32,20836,False,sacked,PFR+RULE2PT+SCORE0,19650926-NYG-PHI,True,,True,True,,,0
Norm Snead,1965,3,1965-10-03,False,PHI,CLE,H,L,17,35,0,1,0,0,0,39.6,,0,0,0,0,0,0,0,0,0,0.0,0.0,20836,False,sacked,PFR+RULE2PT+SCORE0,19651003-CLE-PHI,True,,True,True,,,0
Norm Snead,1965,7,1965-10-31,False,PHI,WAS,A,L,21,23,11,19,196,2,1,106.5,,1,7,0,0,0,0,0,0,0,14.54,14.54,20836,False,sacked,PFR+RULE2PT+SCORE0,19651031-PHI-WAS,True,,True,True,,,0
Norm Snead,1965,8,1965-11-07,False,PHI,CLE,A,L,34,38,18,36,362,3,2,90.3,,3,14,0,0,0,0,0,0,0,23.88,23.88,20836,False,sacked,PFR+RULE2PT+SCORE0,19651107-PHI-CLE,True,,True,True,,,0
Norm Snead,1965,9,1965-11-14,False,PHI,WAS,H,W,21,14,21,28,311,0,1,96.0,,3,3,1,0,0,0,0,0,0,16.74,16.74,20836,False,sacked,PFR+RULE2PT+SCORE0,19651114-WAS-PHI,True,,True,True,,,0
Norm Snead,1965,10,1965-11-21,False,PHI,BAL,A,L,24,34,13,26,177,2,2,65.7,,2,8,0,0,0,0,0,0,0,11.88,11.88,20836,False,sacked,PFR+RULE2PT+SCORE0,19651121-PHI-BAL,True,,True,True,,,0
Norm Snead,1965,11,1965-11-28,False,PHI,STL,A,W,28,24,15,30,267,3,1,100.3,,4,6,0,0,0,0,0,0,0,21.28,21.28,20836,False,sacked,PFR+RULE2PT+SCORE0,19651128-PHI-STL,True,,True,True,,,0
Norm Snead,1965,12,1965-12-05,False,PHI,DAL,H,L,19,21,20,43,320,0,1,62.2,,1,20,0,0,0,0,0,0,0,12.8,12.8,20836,False,sacked,PFR+RULE2PT+SCORE0,19651205-DAL-PHI,True,,True,True,,,0
Norm Snead,1965,13,1965-12-12,False,PHI,PIT,A,W,47,13,7,21,118,1,2,29.6,,0,0,0,0,0,0,0,0,,4.72,4.72,20836,False,sacked;fum_rec_td,PFR+RULE2PT,19651212-PHI-PIT,False,fum_rec_td,False,True,fum_rec_td,,18
Norm Snead,1965,14,1965-12-19,False,PHI,DET,H,L,28,35,11,20,90,2,3,60.4,,3,-3,0,0,0,0,0,0,0,5.3,5.3,20836,False,sacked,PFR+RULE2PT+SCORE0,19651219-DET-PHI,True,,True,True,,,0
Norm Snead,1966,1,1966-09-11,False,PHI,STL,A,L,13,16,9,25,129,0,0,53.6,,1,5,0,0,0,0,0,0,0,5.66,5.66,20836,False,sacked,PFR+RULE2PT+SCORE0,19660911-PHI-STL,True,,True,True,,,0
Norm Snead,1966,2,1966-09-18,False,PHI,ATL,H,W,23,10,11,19,135,0,1,58.0,,6,26,1,0,0,0,0,0,0,12.0,12.0,20836,False,sacked,PFR+RULE2PT+SCORE0,19660918-ATL-PHI,True,,True,True,,,0
Norm Snead,1966,3,1966-09-25,False,PHI,NYG,H,W,35,17,10,18,179,3,0,129.4,,2,-2,0,0,0,0,0,0,0,18.96,18.96,20836,False,sacked,PFR+RULE2PT+SCORE0,19660925-NYG-PHI,True,,True,True,,,0
Norm Snead,1966,4,1966-10-02,False,PHI,STL,H,L,10,41,16,45,247,0,5,15.0,,1,0,0,0,0,0,0,0,0,-0.12,-0.12,20836,False,sacked,PFR+RULE2PT+SCORE0,19661002-STL-PHI,True,,True,True,,,0
Norm Snead,1966,5,1966-10-09,False,PHI,DAL,A,L,7,56,9,22,110,0,0,57.0,,1,0,0,0,0,0,0,0,0,4.4,4.4,20836,False,sacked,PFR+RULE2PT+SCORE0,19661009-PHI-DAL,True,,True,True,,,0
Norm Snead,1966,6,1966-10-16,False,PHI,PIT,A,W,31,14,12,24,100,2,2,54.2,,3,2,0,0,0,0,0,0,0,8.2,8.2,20836,False,sacked,PFR+RULE2PT+SCORE0,19661016-PHI-PIT,True,,True,True,,,0
Norm Snead,1966,7,1966-10-23,False,PHI,NYG,A,W,31,3,8,13,100,2,1,92.9,,1,1,0,0,0,0,0,0,0,10.1,10.1,20836,False,sacked,PFR+RULE2PT+SCORE0,19661023-PHI-NYG,True,,True,True,,,0
Norm Snead,1966,8,1966-10-30,False,PHI,WAS,H,L,13,27,17,37,188,1,1,59.3,,0,0,0,0,0,0,0,0,0,9.52,9.52,20836,False,sacked,PFR+RULE2PT+SCORE0,19661030-WAS-PHI,True,,True,True,,,0
Norm Snead,1966,9,1966-11-06,False,PHI,DAL,H,W,24,23,1,8,0,0,0,39.6,,0,0,0,0,0,0,0,0,0,0.0,0.0,20836,False,sacked,PFR+RULE2PT+SCORE0,19661106-DAL-PHI,True,,True,True,,,0
Norm Snead,1966,10,1966-11-13,False,PHI,CLE,A,L,7,27,10,15,87,0,1,54.0,,0,0,0,0,0,0,0,0,0,1.48,1.48,20836,False,sacked,PFR+RULE2PT+SCORE0,19661113-PHI-CLE,True,,True,True,,,0
Norm Snead,1967,1,1967-09-17,False,PHI,WAS,H,W,35,24,18,27,301,2,0,128.8,,1,1,1,0,0,0,0,0,0,26.14,26.14,20836,False,sacked,PFR+RULE2PT+SCORE0,19670917-WAS-PHI,True,,True,True,,,0
Norm Snead,1967,2,1967-09-24,False,PHI,BAL,H,L,6,38,22,38,268,0,4,40.1,,0,0,0,0,0,0,0,0,0,2.72,2.72,20836,False,sacked,PFR+RULE2PT+SCORE0,19670924-BAL-PHI,True,,True,True,,,0
Norm Snead,1967,3,1967-10-01,False,PHI,PIT,H,W,34,24,16,24,258,4,0,142.0,,0,0,0,0,0,0,0,0,0,26.32,26.32,20836,False,sacked,PFR+RULE2PT+SCORE0,19671001-PIT-PHI,True,,True,True,,,0
Norm Snead,1967,4,1967-10-08,False,PHI,ATL,A,W,38,7,9,18,192,2,0,125.2,,0,0,0,0,0,0,0,0,,15.68,15.68,20836,False,sacked;fum_rec_td,PFR+RULE2PT,19671008-PHI-ATL,False,fum_rec_td,False,True,fum_rec_td,,6
Norm Snead,1967,5,1967-10-15,False,PHI,SFO,H,L,27,28,15,30,247,3,0,111.4,,1,-2,0,0,0,0,0,0,0,21.68,21.68,20836,False,sacked,PFR+RULE2PT+SCORE0,19671015-SFO-PHI,True,,True,True,,,0
Norm Snead,1967,6,1967-10-22,False,PHI,STL,A,L,14,48,16,32,321,2,2,80.3,,0,0,0,0,0,0,0,0,0,16.84,16.84,20836,False,sacked,PFR+RULE2PT+SCORE0,19671022-PHI-STL,True,,True,True,,,0
Norm Snead,1967,7,1967-10-29,False,PHI,DAL,H,W,21,14,20,33,172,1,2,59.2,,3,21,0,0,0,0,0,0,0,8.98,8.98,20836,False,sacked,PFR+RULE2PT+SCORE0,19671029-DAL-PHI,True,,True,True,,,0
Norm Snead,1967,8,1967-11-05,False,PHI,NOR,A,L,24,31,19,36,292,3,2,84.5,,0,0,0,0,0,0,0,0,0,19.68,19.68,20836,False,sacked,PFR+RULE2PT+SCORE0,19671105-PHI-NOR,True,,True,True,,,0
Norm Snead,1967,9,1967-11-12,False,PHI,RAM,A,L,17,33,19,35,229,0,3,38.9,,1,6,1,0,0,0,0,0,,9.76,9.76,20836,False,sacked;fum_rec_td,PFR+RULE2PT,19671112-PHI-RAM,False,fum_rec_td,False,True,fum_rec_td,,6
Norm Snead,1967,10,1967-11-19,False,PHI,NOR,H,W,48,21,19,27,309,4,2,117.1,,0,0,0,0,0,0,0,0,0,24.36,24.36,20836,False,sacked,PFR+RULE2PT+SCORE0,19671119-NOR-PHI,True,,True,True,,,0
Norm Snead,1967,11,1967-11-26,False,PHI,NYG,A,L,7,44,17,38,156,0,3,23.6,,0,0,0,0,0,0,0,0,0,0.24,0.24,20836,False,sacked,PFR+RULE2PT+SCORE0,19671126-PHI-NYG,True,,True,True,,,0
Norm Snead,1967,12,1967-12-03,False,PHI,WAS,A,T,35,35,21,34,288,4,3,91.3,,1,-8,0,0,0,0,0,0,0,20.72,20.72,20836,False,sacked,PFR+RULE2PT+SCORE0,19671203-PHI-WAS,True,,True,True,,,0
Norm Snead,1967,13,1967-12-10,False,PHI,DAL,A,L,17,38,15,34,132,1,3,28.1,,1,5,0,0,0,0,0,0,,3.78,3.78,20836,False,sacked;fum_rec_td,PFR+RULE2PT,19671210-PHI-DAL,False,fum_rec_td,False,True,fum_rec_td,,6
Norm Snead,1967,14,1967-12-17,False,PHI,CLE,H,W,28,24,14,28,234,3,0,114.3,,1,7,0,0,0,0,0,0,0,22.06,22.06,20836,False,sacked,PFR+RULE2PT+SCORE0,19671217-CLE-PHI,True,,True,True,,,0
Norm Snead,1968,4,1968-10-06,False,PHI,WAS,A,L,14,17,13,26,146,1,4,40.4,,0,0,0,0,0,0,0,0,0,1.84,1.84,20836,False,sacked,PFR+RULE2PT+SCORE0,19681006-PHI-WAS,True,,True,True,,,0
Norm Snead,1968,5,1968-10-13,False,PHI,DAL,A,L,14,34,8,21,52,1,4,22.6,,0,0,0,0,0,0,0,0,0,-1.92,-1.92,20836,False,sacked,PFR+RULE2PT+SCORE0,19681013-PHI-DAL,True,,True,True,,,0
Norm Snead,1968,6,1968-10-20,False,PHI,CHI,H,L,16,29,12,20,131,1,2,56.5,,1,6,0,0,0,0,0,0,0,5.84,5.84,20836,False,sacked,PFR+RULE2PT+SCORE0,19681020-CHI-PHI,True,,True,True,,,0
Norm Snead,1968,7,1968-10-27,False,PHI,PIT,A,L,3,6,17,34,179,0,1,53.4,,3,9,0,0,0,0,0,0,0,6.06,6.06,20836,False,sacked,PFR+RULE2PT+SCORE0,19681027-PHI-PIT,True,,True,True,,,0
Norm Snead,1968,8,1968-11-03,False,PHI,STL,H,L,17,45,15,29,177,1,1,67.7,,0,0,0,0,0,0,0,0,0,9.08,9.08,20836,False,sacked,PFR+RULE2PT+SCORE0,19681103-STL-PHI,True,,True,True,,,0
Norm Snead,1968,9,1968-11-10,False,PHI,WAS,H,L,10,16,18,33,217,1,2,59.8,,0,0,0,0,0,0,0,0,0,8.68,8.68,20836,False,sacked,PFR+RULE2PT+SCORE0,19681110-WAS-PHI,True,,True,True,,,0
Norm Snead,1968,10,1968-11-17,False,PHI,NYG,A,L,6,7,8,21,66,0,3,7.3,,0,0,0,0,0,0,0,0,0,-3.36,-3.36,20836,False,sacked,PFR+RULE2PT+SCORE0,19681117-PHI-NYG,True,,True,True,,,0
Norm Snead,1968,11,1968-11-24,False,PHI,CLE,A,L,13,47,27,48,286,1,3,54.7,,2,2,0,0,0,0,0,0,0,9.64,9.64,20836,False,sacked,PFR+RULE2PT+SCORE0,19681124-PHI-CLE,True,,True,True,,,0
Norm Snead,1968,12,1968-11-28,False,PHI,DET,A,W,12,0,6,15,55,0,0,50.7,,2,9,0,0,0,0,0,0,0,3.1,3.1,20836,False,sacked,PFR+RULE2PT+SCORE0,19681128-PHI-DET,True,,True,True,,,0
Norm Snead,1968,13,1968-12-08,False,PHI,NOR,H,W,29,17,10,18,181,3,1,106.7,,0,0,0,0,0,0,0,0,0,17.24,17.24,20836,False,sacked,PFR+RULE2PT+SCORE2,19681208-NOR-PHI,True,,True,True,,,2
Norm Snead,1968,14,1968-12-15,False,PHI,MIN,H,L,17,24,18,26,165,2,0,111.9,,1,1,0,0,0,0,0,0,0,14.7,14.7,20836,False,sacked,PFR+RULE2PT+SCORE0,19681215-MIN-PHI,True,,True,True,,,0
Norm Snead,1969,1,1969-09-21,False,PHI,CLE,H,L,20,27,11,24,148,1,2,45.1,,2,0,0,0,0,0,0,0,,5.92,5.92,20836,False,sacked;fum_rec_td,PFR+RULE2PT,19690921-CLE-PHI,False,fum_rec_td,False,True,fum_rec_td,,6
Norm Snead,1969,2,1969-09-28,False,PHI,PIT,H,W,41,27,22,30,335,5,1,135.4,,0,0,0,0,0,0,0,0,0,31.4,31.4,20836,False,sacked,PFR+RULE2PT+SCORE0,19690928-PIT-PHI,True,,True,True,,,0
Norm Snead,1969,3,1969-10-05,False,PHI,DAL,H,L,7,38,14,24,216,1,0,102.1,,0,0,0,0,0,0,0,0,0,12.64,12.64,20836,False,sacked,PFR+RULE2PT+SCORE0,19691005-DAL-PHI,True,,True,True,,,0
Norm Snead,1969,4,1969-10-13,False,PHI,BAL,A,L,20,24,21,43,261,1,1,66.1,,0,0,0,0,0,0,0,0,,12.44,12.44,20836,False,sacked;fum_rec_td,PFR+RULE2PT,19691013-PHI-BAL,False,fum_rec_td,False,True,fum_rec_td,,6
Norm Snead,1969,5,1969-10-19,False,PHI,DAL,A,L,14,49,11,24,181,1,1,68.2,,0,0,0,0,0,0,0,0,,9.24,9.24,20836,False,sacked;fum_rec_td,PFR+RULE2PT,19691019-PHI-DAL,False,fum_rec_td,False,True,fum_rec_td,,6
Norm Snead,1969,6,1969-10-26,False,PHI,NOR,H,W,13,10,16,35,241,0,2,45.1,,3,4,1,0,0,0,0,0,0,12.04,12.04,20836,False,sacked,PFR+RULE2PT+SCORE0,19691026-NOR-PHI,True,,True,True,,,0
Norm Snead,1969,7,1969-11-02,False,PHI,NYG,A,W,23,20,13,28,164,2,4,49.4,,1,-2,0,0,0,0,0,0,0,6.36,6.36,20836,False,sacked,PFR+RULE2PT+SCORE0,19691102-PHI-NYG,True,,True,True,,,0
Norm Snead,1969,8,1969-11-09,False,PHI,WAS,A,T,28,28,18,33,210,1,2,58.9,,1,1,1,0,0,0,0,0,0,14.5,14.5,20836,False,sacked,PFR+RULE2PT+SCORE0,19691109-PHI-WAS,True,,True,True,,,0
Norm Snead,1969,9,1969-11-16,False,PHI,RAM,H,L,17,23,11,26,186,1,2,47.9,,0,0,0,0,0,0,0,0,0,7.44,7.44,20836,False,sacked,PFR+RULE2PT+SCORE0,19691116-RAM-PHI,True,,True,True,,,0
Norm Snead,1969,10,1969-11-23,False,PHI,STL,A,W,34,30,18,30,260,2,1,96.5,,0,0,0,0,0,0,0,0,0,16.4,16.4,20836,False,sacked,PFR+RULE2PT+SCORE0,19691123-PHI-STL,True,,True,True,,,0
Norm Snead,1969,11,1969-11-30,False,PHI,NOR,A,L,17,26,14,35,234,2,4,42.7,,0,0,0,0,0,0,0,0,0,9.36,9.36,20836,False,sacked,PFR+RULE2PT+SCORE0,19691130-PHI-NOR,True,,True,True,,,0
Norm Snead,1969,12,1969-12-07,False,PHI,WAS,H,L,29,34,17,36,292,2,1,82.2,,1,-1,0,0,0,0,0,0,0,17.58,17.58,20836,False,sacked,PFR+RULE2PT+SCORE2,19691207-WAS-PHI,True,,True,True,,,2
Norm Snead,1969,13,1969-12-14,False,PHI,ATL,H,L,3,27,4,11,40,0,2,8.0,,0,0,0,0,0,0,0,0,0,-2.4,-2.4,20836,False,sacked,PFR+RULE2PT+SCORE0,19691214-ATL-PHI,True,,True,True,,,0
Roman Gabriel,1962,3,1962-09-30,False,RAM,DAL,H,L,17,27,3,5,67,1,0,143.7,,0,0,0,0,0,0,0,0,0,6.68,6.68,7479,False,sacked,PFR+RULE2PT+SCORE0,19620930-DAL-RAM,True,,True,True,,,0
Roman Gabriel,1962,6,1962-10-21,False,RAM,MIN,H,L,14,38,1,3,11,0,0,45.1,,2,3,0,0,0,0,0,0,0,0.74,0.74,7479,False,sacked,PFR+RULE2PT+SCORE0,19621021-MIN-RAM,True,,True,True,,,0
Roman Gabriel,1962,11,1962-11-25,False,RAM,MIN,A,T,24,24,15,24,268,2,0,128.5,,2,1,0,0,0,0,0,0,0,18.82,18.82,7479,False,sacked,PFR+RULE2PT+SCORE0,19621125-RAM-MIN,True,,True,True,,,0
Roman Gabriel,1962,12,1962-12-02,False,RAM,GNB,A,L,10,41,18,26,139,0,1,66.0,,4,36,0,0,0,0,0,0,0,7.16,7.16,7479,False,sacked,PFR+RULE2PT+SCORE0,19621202-RAM-GNB,True,,True,True,,,0
Roman Gabriel,1962,13,1962-12-09,False,RAM,CHI,A,L,14,30,10,23,105,0,1,39.2,,6,27,0,0,0,0,0,0,,4.9,4.9,7479,False,sacked;fum_rec_td,PFR+RULE2PT,19621209-RAM-CHI,False,fum_rec_td,False,True,fum_rec_td,,6
Roman Gabriel,1962,14,1962-12-16,False,RAM,GNB,H,L,17,20,10,20,80,0,0,60.4,,4,26,0,0,0,0,0,0,,5.8,5.8,7479,False,sacked;fum_rec_td,PFR+RULE2PT,19621216-GNB-RAM,False,fum_rec_td,False,True,fum_rec_td,,6
Roman Gabriel,1963,1,1963-09-14,False,RAM,DET,H,L,2,23,7,17,110,0,1,38.8,,2,-4,0,0,0,0,0,0,0,2.0,2.0,7479,False,sacked,PFR+RULE2PT+SCORE2,19630914-DET-RAM,True,,True,True,,,2
Roman Gabriel,1963,3,1963-09-29,False,RAM,CLE,A,L,6,20,6,10,65,0,1,39.6,,1,8,0,0,0,0,0,0,0,1.4,1.4,7479,False,sacked,PFR+RULE2PT+SCORE0,19630929-RAM-CLE,True,,True,True,,,0
Roman Gabriel,1963,4,1963-10-06,False,RAM,GNB,A,L,10,42,3,13,72,0,0,50.2,,0,0,0,0,0,0,0,0,0,2.88,2.88,7479,False,sacked,PFR+RULE2PT+SCORE0,19631006-RAM-GNB,True,,True,True,,,0
Roman Gabriel,1963,6,1963-10-20,False,RAM,MIN,H,W,27,24,12,26,202,1,1,69.7,,5,9,1,0,0,0,0,0,0,16.98,16.98,7479,False,sacked,PFR+RULE2PT+SCORE0,19631020-MIN-RAM,True,,True,True,,,0
Roman Gabriel,1963,7,1963-10-27,False,RAM,SFO,H,W,28,21,15,25,251,2,0,120.6,,3,29,1,0,0,0,0,0,0,26.94,26.94,7479,False,sacked,PFR+RULE2PT+SCORE0,19631027-SFO-RAM,True,,True,True,,,0
Roman Gabriel,1963,8,1963-11-03,False,RAM,MIN,A,L,13,21,16,36,194,0,1,50.0,,4,29,0,0,0,0,0,0,0,8.66,8.66,7479,False,sacked,PFR+RULE2PT+SCORE0,19631103-RAM-MIN,True,,True,True,,,0
Roman Gabriel,1963,9,1963-11-10,False,RAM,CHI,A,L,0,6,7,23,66,0,0,39.9,,7,13,0,0,0,0,0,0,0,3.94,3.94,7479,False,sacked,PFR+RULE2PT+SCORE0,19631110-RAM-CHI,True,,True,True,,,0
Roman Gabriel,1963,10,1963-11-17,False,RAM,DET,A,W,28,21,17,31,289,3,1,105.4,,2,4,0,0,0,0,0,0,0,21.96,21.96,7479,False,sacked,PFR+RULE2PT+SCORE0,19631117-RAM-DET,True,,True,True,,,0
Roman Gabriel,1963,11,1963-11-24,False,RAM,BAL,H,W,17,16,10,21,110,0,1,43.8,,5,3,0,0,0,0,0,0,0,2.7,2.7,7479,False,sacked,PFR+RULE2PT+SCORE0,19631124-BAL-RAM,True,,True,True,,,0
Roman Gabriel,1963,12,1963-12-01,False,RAM,SFO,A,W,21,17,10,23,206,0,1,57.5,,2,6,0,0,0,0,0,0,0,6.84,6.84,7479,False,sacked,PFR+RULE2PT+SCORE0,19631201-RAM-SFO,True,,True,True,,,0
Roman Gabriel,1963,13,1963-12-07,False,RAM,GNB,H,L,14,31,10,20,135,0,3,32.3,,4,5,1,0,0,0,0,0,0,5.9,5.9,7479,False,sacked,PFR+RULE2PT+SCORE0,19631207-GNB-RAM,True,,True,True,,,0
Roman Gabriel,1963,14,1963-12-15,False,RAM,BAL,A,L,16,19,17,36,247,2,1,77.0,,4,30,0,0,0,0,0,0,0,18.88,18.88,7479,False,sacked,PFR+RULE2PT+SCORE0,19631215-RAM-BAL,True,,True,True,,,0
Roman Gabriel,1964,5,1964-10-11,False,RAM,CHI,A,L,17,38,14,33,260,1,1,67.7,,2,-1,1,0,0,0,0,0,0,18.3,18.3,7479,False,sacked,PFR+RULE2PT+SCORE0,19641011-RAM-CHI,True,,True,True,,,0
Roman Gabriel,1964,6,1964-10-18,False,RAM,SFO,H,W,42,14,8,22,170,4,1,85.2,,2,-5,0,0,0,0,0,0,,20.3,20.3,7479,False,sacked;fum_rec_td,PFR+RULE2PT,19641018-SFO-RAM,False,fum_rec_td,False,True,fum_rec_td,,12
Roman Gabriel,1964,7,1964-10-25,False,RAM,GNB,A,W,27,17,9,16,139,1,2,66.4,,3,7,0,0,0,0,0,0,,6.26,6.26,7479,False,sacked;fum_rec_td,PFR+RULE2PT,19641025-RAM-GNB,False,fum_rec_td,False,True,fum_rec_td,,6
Roman Gabriel,1964,8,1964-11-01,False,RAM,DET,A,L,17,37,14,24,273,1,0,112.0,,0,0,0,0,0,0,0,0,0,14.92,14.92,7479,False,sacked,PFR+RULE2PT+SCORE0,19641101-RAM-DET,True,,True,True,,,0
Roman Gabriel,1964,9,1964-11-08,False,RAM,PHI,H,W,20,10,3,7,40,0,1,22.0,,0,0,0,0,0,0,0,0,0,-0.4,-0.4,7479,False,sacked,PFR+RULE2PT+SCORE0,19641108-PHI-RAM,True,,True,True,,,0
Roman Gabriel,1964,10,1964-11-15,False,RAM,CHI,H,L,24,34,11,31,290,2,0,92.1,,2,0,0,0,0,0,0,0,0,19.6,19.6,7479,False,sacked,PFR+RULE2PT+SCORE0,19641115-CHI-RAM,True,,True,True,,,0
Roman Gabriel,1964,11,1964-11-22,False,RAM,BAL,H,L,7,24,6,10,64,0,0,78.7,,2,4,0,0,0,0,0,0,0,2.96,2.96,7479,False,sacked,PFR+RULE2PT+SCORE0,19641122-BAL-RAM,True,,True,True,,,0
Roman Gabriel,1965,3,1965-10-03,False,RAM,MIN,H,L,35,38,5,10,87,1,0,113.3,,1,0,0,0,0,0,0,0,0,7.48,7.48,7479,False,sacked,PFR+RULE2PT+SCORE0,19651003-MIN-RAM,True,,True,True,,,0
Roman Gabriel,1965,4,1965-10-10,False,RAM,CHI,A,L,6,31,8,19,88,0,0,56.5,,0,0,0,0,0,0,0,0,0,3.52,3.52,7479,False,sacked,PFR+RULE2PT+SCORE0,19651010-RAM-CHI,True,,True,True,,,0
Roman Gabriel,1965,10,1965-11-21,False,RAM,SFO,A,L,27,30,7,24,119,1,1,44.3,,1,3,1,0,0,0,0,0,0,13.06,13.06,7479,False,sacked,PFR+RULE2PT+SCORE0,19651121-RAM-SFO,True,,True,True,,,0
Roman Gabriel,1965,11,1965-11-28,False,RAM,GNB,H,W,21,10,15,28,255,0,1,69.8,,9,11,0,0,0,0,0,0,0,9.3,9.3,7479,False,sacked,PFR+RULE2PT+SCORE2,19651128-GNB-RAM,True,,True,True,,,2
Roman Gabriel,1965,12,1965-12-05,False,RAM,STL,A,W,27,3,17,31,216,2,0,98.3,,4,1,0,0,0,0,0,0,0,16.74,16.74,7479,False,sacked,PFR+RULE2PT+SCORE0,19651205-RAM-STL,True,,True,True,,,0
Roman Gabriel,1965,13,1965-12-12,False,RAM,CLE,H,W,42,7,15,31,323,5,1,112.0,,3,34,1,0,0,0,0,0,0,40.32,40.32,7479,False,sacked,PFR+RULE2PT+SCORE0,19651212-CLE-RAM,True,,True,True,,,0
Roman Gabriel,1965,14,1965-12-18,False,RAM,BAL,H,L,17,20,16,30,233,2,2,73.3,,5,30,0,0,0,0,0,0,0,16.32,16.32,7479,False,sacked,PFR+RULE2PT+SCORE0,19651218-BAL-RAM,True,,True,True,,,0
Roman Gabriel,1966,1,1966-09-11,False,RAM,ATL,A,W,19,14,21,35,294,1,1,84.7,,8,25,0,0,0,0,0,0,0,16.26,16.26,7479,False,sacked,PFR+RULE2PT+SCORE0,19660911-RAM-ATL,True,,True,True,,,0
Roman Gabriel,1966,2,1966-09-16,False,RAM,CHI,H,W,31,17,14,21,215,1,0,116.2,,2,-4,0,0,0,0,0,0,,12.2,12.2,7479,False,sacked;fum_rec_td,PFR+RULE2PT,19660916-CHI-RAM,False,fum_rec_td,False,True,fum_rec_td,,6
Roman Gabriel,1966,3,1966-09-25,False,RAM,GNB,A,L,13,24,14,28,124,0,1,47.3,,0,0,0,0,0,0,0,0,0,2.96,2.96,7479,False,sacked,PFR+RULE2PT+SCORE0,19660925-RAM-GNB,True,,True,True,,,0
Roman Gabriel,1966,4,1966-09-30,False,RAM,SFO,H,W,34,3,13,29,182,1,1,62.7,,3,7,0,0,0,0,0,0,0,9.98,9.98,7479,False,sacked,PFR+RULE2PT+SCORE0,19660930-SFO-RAM,True,,True,True,,,0
Roman Gabriel,1966,5,1966-10-09,False,RAM,DET,A,W,14,7,21,34,212,1,2,64.8,,4,10,0,0,0,0,0,0,0,9.48,9.48,7479,False,sacked,PFR+RULE2PT+SCORE0,19661009-RAM-DET,True,,True,True,,,0
Roman Gabriel,1966,6,1966-10-16,False,RAM,MIN,A,L,7,35,9,22,125,0,3,20.3,,3,6,0,0,0,0,0,0,0,-0.4,-0.4,7479,False,sacked,PFR+RULE2PT+SCORE0,19661016-RAM-MIN,True,,True,True,,,0
Roman Gabriel,1966,7,1966-10-23,False,RAM,CHI,A,L,10,17,9,20,66,0,2,13.7,,5,19,0,0,0,0,0,0,0,0.54,0.54,7479,False,sacked,PFR+RULE2PT+SCORE0,19661023-RAM-CHI,True,,True,True,,,0
Roman Gabriel,1966,8,1966-10-30,False,RAM,BAL,H,L,3,17,11,22,153,0,2,34.8,,2,18,0,0,0,0,0,0,0,3.92,3.92,7479,False,sacked,PFR+RULE2PT+SCORE0,19661030-BAL-RAM,True,,True,True,,,0
Roman Gabriel,1966,9,1966-11-06,False,RAM,SFO,A,L,13,21,11,26,137,1,1,56.1,,3,8,0,0,0,0,0,0,0,8.28,8.28,7479,False,sacked,PFR+RULE2PT+SCORE0,19661106-RAM-SFO,True,,True,True,,,0
Roman Gabriel,1966,10,1966-11-13,False,RAM,NYG,H,W,55,14,24,35,298,2,1,101.8,,7,23,2,0,0,0,0,0,,32.22,32.22,7479,False,sacked;fum_rec_td,PFR+RULE2PT,19661113-NYG-RAM,False,fum_rec_td,False,True,fum_rec_td,,6
Roman Gabriel,1966,11,1966-11-20,False,RAM,MIN,H,W,21,6,15,37,132,0,0,50.7,,7,19,0,0,0,0,0,0,,7.18,7.18,7479,False,sacked;fum_rec_td,PFR+RULE2PT,19661120-MIN-RAM,False,fum_rec_td,False,True,fum_rec_td,,8
Roman Gabriel,1966,12,1966-11-27,False,RAM,BAL,A,W,23,7,13,23,175,1,1,77.3,,3,16,0,0,0,0,0,0,,10.6,10.6,7479,False,sacked;fum_rec_td,PFR+RULE2PT,19661127-RAM-BAL,False,fum_rec_td,False,True,fum_rec_td,,6
Roman Gabriel,1966,13,1966-12-04,False,RAM,DET,H,W,23,3,20,28,190,1,0,101.8,,1,5,0,0,0,0,0,0,,12.1,12.1,7479,False,sacked;fum_rec_td,PFR+RULE2PT,19661204-DET-RAM,False,fum_rec_td,False,True,fum_rec_td,,6
Roman Gabriel,1966,14,1966-12-18,False,RAM,GNB,H,L,23,27,22,37,237,1,1,76.1,,4,24,1,0,0,0,0,0,0,19.88,19.88,7479,False,sacked,PFR+RULE2PT+SCORE0,19661218-GNB-RAM,True,,True,True,,,0
Roman Gabriel,1967,1,1967-09-17,False,RAM,NOR,A,W,27,13,17,37,302,1,0,83.4,,3,13,1,0,0,0,0,0,0,23.38,23.38,7479,False,sacked,PFR+RULE2PT+SCORE0,19670917-RAM-NOR,True,,True,True,,,0
Roman Gabriel,1967,2,1967-09-22,False,RAM,MIN,H,W,39,3,6,23,128,1,0,64.8,,2,-1,0,0,0,0,0,0,,9.02,9.02,7479,False,sacked;fum_rec_td,PFR+RULE2PT,19670922-MIN-RAM,False,fum_rec_td,False,True,fum_rec_td,,8
Roman Gabriel,1967,3,1967-10-01,False,RAM,DAL,A,W,35,13,14,25,151,0,1,57.2,,4,11,2,0,0,0,0,0,,17.14,17.14,7479,False,sacked;fum_rec_td,PFR+RULE2PT,19671001-RAM-DAL,False,fum_rec_td,False,True,fum_rec_td,,6
Roman Gabriel,1967,4,1967-10-08,False,RAM,SFO,H,L,24,27,12,21,123,1,3,50.4,,4,34,1,0,0,0,0,0,,12.32,12.32,7479,False,sacked;fum_rec_td,PFR+RULE2PT,19671008-SFO-RAM,False,fum_rec_td,False,True,fum_rec_td,,6
Roman Gabriel,1967,5,1967-10-15,False,RAM,BAL,A,T,24,24,19,31,297,3,1,111.9,,5,6,0,0,0,0,0,0,0,22.48,22.48,7479,False,sacked,PFR+RULE2PT+SCORE0,19671015-RAM-BAL,True,,True,True,,,0
Roman Gabriel,1967,6,1967-10-22,False,RAM,WAS,H,T,28,28,20,36,273,2,1,86.9,,5,57,0,0,0,0,0,0,0,22.62,22.62,7479,False,sacked,PFR+RULE2PT+SCORE0,19671022-WAS-RAM,True,,True,True,,,0
Roman Gabriel,1967,7,1967-10-29,False,RAM,CHI,A,W,28,17,7,18,107,2,1,73.1,,3,11,1,0,0,0,0,0,0,17.38,17.38,7479,False,sacked,PFR+RULE2PT+SCORE0,19671029-RAM-CHI,True,,True,True,,,0
Roman Gabriel,1967,8,1967-11-05,False,RAM,SFO,A,W,17,7,8,13,99,1,0,110.7,,4,16,0,0,0,0,0,0,0,9.56,9.56,7479,False,sacked,PFR+RULE2PT+SCORE0,19671105-RAM-SFO,True,,True,True,,,0
Roman Gabriel,1967,9,1967-11-12,False,RAM,PHI,H,W,33,17,15,35,233,2,1,72.7,,3,16,0,0,0,0,0,0,,16.92,16.92,7479,False,sacked;fum_rec_td,PFR+RULE2PT,19671112-PHI-RAM,False,fum_rec_td,False,True,fum_rec_td,,6
Roman Gabriel,1967,10,1967-11-19,False,RAM,ATL,A,W,31,3,14,25,246,2,2,83.1,,2,12,1,0,0,0,0,0,0,21.04,21.04,7479,False,sacked,PFR+RULE2PT+SCORE0,19671119-RAM-ATL,True,,True,True,,,0
Roman Gabriel,1967,11,1967-11-23,False,RAM,DET,A,W,31,7,9,21,171,2,1,83.6,,0,0,0,0,0,0,0,0,0,12.84,12.84,7479,False,sacked,PFR+RULE2PT+SCORE0,19671123-RAM-DET,True,,True,True,,,0
Roman Gabriel,1967,12,1967-12-03,False,RAM,ATL,H,W,20,3,17,28,165,2,0,101.0,,4,12,0,0,0,0,0,0,0,15.8,15.8,7479,False,sacked,PFR+RULE2PT+SCORE0,19671203-ATL-RAM,True,,True,True,,,0
Roman Gabriel,1967,13,1967-12-09,False,RAM,GNB,H,W,27,24,20,36,227,3,2,79.3,,4,11,0,0,0,0,0,0,0,18.18,18.18,7479,False,sacked,PFR+RULE2PT+SCORE0,19671209-GNB-RAM,True,,True,True,,,0
Roman Gabriel,1967,14,1967-12-17,False,RAM,BAL,H,W,34,10,18,22,257,3,0,154.9,,0,0,0,0,0,0,0,0,0,22.28,22.28,7479,False,sacked,PFR+RULE2PT+SCORE0,19671217-BAL-RAM,True,,True,True,,,0
Roman Gabriel,1967,15,1967-12-23,True,RAM,GNB,A,L,7,28,11,31,186,1,1,54.0,,3,6,0,0,0,0,0,0,0,10.04,10.04,7479,False,sacked,PFR+RULE2PT+SCORE0,19671223-RAM-GNB,True,,True,True,,,0
Roman Gabriel,1968,1,1968-09-16,False,RAM,STL,A,W,24,13,9,21,97,1,0,72.9,,3,17,1,0,0,0,0,0,0,15.58,15.58,7479,False,sacked,PFR+RULE2PT+SCORE0,19680916-RAM-STL,True,,True,True,,,0
Roman Gabriel,1968,2,1968-09-22,False,RAM,PIT,H,W,45,10,17,23,262,4,0,150.7,,0,0,0,0,0,0,0,0,0,26.48,26.48,7479,False,sacked,PFR+RULE2PT+SCORE0,19680922-PIT-RAM,True,,True,True,,,0
Roman Gabriel,1968,3,1968-09-29,False,RAM,CLE,A,W,24,6,17,34,176,1,1,62.9,,1,0,0,0,0,0,0,0,0,9.04,9.04,7479,False,sacked,PFR+RULE2PT+SCORE0,19680929-RAM-CLE,True,,True,True,,,0
Roman Gabriel,1968,4,1968-10-06,False,RAM,SFO,H,W,24,10,12,23,161,1,1,71.1,,2,8,1,0,0,0,0,0,0,15.24,15.24,7479,False,sacked,PFR+RULE2PT+SCORE0,19681006-SFO-RAM,True,,True,True,,,0
Roman Gabriel,1968,5,1968-10-13,False,RAM,GNB,A,W,16,14,7,20,110,0,0,54.2,,5,19,0,0,0,0,0,0,0,6.3,6.3,7479,False,sacked,PFR+RULE2PT+SCORE0,19681013-RAM-GNB,True,,True,True,,,0
Roman Gabriel,1968,6,1968-10-20,False,RAM,ATL,H,W,27,14,23,38,246,2,2,75.1,,2,3,0,1,-5,0,0,0,,13.64,14.64,7479,False,sacked;fum_rec_td,PFR+RULE2PT,19681020-ATL-RAM,False,fum_rec_td,False,True,fum_rec_td,,6
Roman Gabriel,1968,7,1968-10-27,False,RAM,BAL,A,L,10,27,16,28,116,1,2,49.1,,3,21,0,0,0,0,0,0,0,6.74,6.74,7479,False,sacked,PFR+RULE2PT+SCORE0,19681027-RAM-BAL,True,,True,True,,,0
Roman Gabriel,1968,8,1968-11-03,False,RAM,DET,H,W,10,7,7,24,211,1,2,42.9,,1,3,0,0,0,0,0,0,0,8.74,8.74,7479,False,sacked,PFR+RULE2PT+SCORE0,19681103-DET-RAM,True,,True,True,,,0
Roman Gabriel,1968,9,1968-11-10,False,RAM,ATL,A,W,17,10,11,25,109,1,1,53.6,,4,21,0,0,0,0,0,0,,8.46,8.46,7479,False,sacked;fum_rec_td,PFR+RULE2PT,19681110-RAM-ATL,False,fum_rec_td,False,True,fum_rec_td,,6
Roman Gabriel,1968,10,1968-11-17,False,RAM,SFO,A,T,20,20,21,44,284,2,2,65.0,,2,-1,0,0,0,0,0,0,0,15.26,15.26,7479,False,sacked,PFR+RULE2PT+SCORE0,19681117-RAM-SFO,True,,True,True,,,0
Roman Gabriel,1968,11,1968-11-24,False,RAM,NYG,H,W,24,21,9,20,154,1,2,48.7,,4,33,1,0,0,0,0,0,0,15.46,15.46,7479,False,sacked,PFR+RULE2PT+SCORE0,19681124-NYG-RAM,True,,True,True,,,0
Roman Gabriel,1968,12,1968-12-01,False,RAM,MIN,A,W,31,3,10,16,123,3,2,86.2,,1,4,0,0,0,0,0,0,0,13.32,13.32,7479,False,sacked,PFR+RULE2PT+SCORE0,19681201-RAM-MIN,True,,True,True,,,0
Roman Gabriel,1968,13,1968-12-08,False,RAM,CHI,H,L,16,17,7,23,118,0,0,48.8,,2,0,1,0,0,0,0,0,0,10.72,10.72,7479,False,sacked,PFR+RULE2PT+SCORE2,19681208-CHI-RAM,True,,True,True,,,2
Roman Gabriel,1968,14,1968-12-15,False,RAM,BAL,H,L,24,28,18,27,197,1,1,85.0,,4,11,0,0,0,0,0,0,0,10.98,10.98,7479,False,sacked,PFR+RULE2PT+SCORE0,19681215-BAL-RAM,True,,True,True,,,0
Roman Gabriel,1969,1,1969-09-21,False,RAM,BAL,A,W,27,20,20,33,268,3,0,116.7,,3,15,0,0,0,0,0,0,0,24.22,24.22,7479,False,sacked,PFR+RULE2PT+SCORE0,19690921-RAM-BAL,True,,True,True,,,0
Roman Gabriel,1969,2,1969-09-28,False,RAM,ATL,H,W,17,7,18,32,162,1,0,80.5,,2,7,0,0,0,0,0,0,0,11.18,11.18,7479,False,sacked,PFR+RULE2PT+SCORE0,19690928-ATL-RAM,True,,True,True,,,0
Roman Gabriel,1969,3,1969-10-05,False,RAM,NOR,H,W,36,17,14,32,228,4,0,107.8,,0,0,0,0,0,0,0,0,0,25.12,25.12,7479,False,sacked,PFR+RULE2PT+SCORE2,19691005-NOR-RAM,True,,True,True,,,2
Roman Gabriel,1969,4,1969-10-12,False,RAM,SFO,A,W,27,21,18,40,198,1,0,68.5,,2,-10,1,0,0,0,0,0,0,16.92,16.92,7479,False,sacked,PFR+RULE2PT+SCORE0,19691012-RAM-SFO,True,,True,True,,,0
Roman Gabriel,1969,5,1969-10-19,False,RAM,GNB,H,W,34,21,17,28,197,2,0,105.8,,4,7,2,0,0,0,0,0,0,28.58,28.58,7479,False,sacked,PFR+RULE2PT+SCORE0,19691019-GNB-RAM,True,,True,True,,,0
Roman Gabriel,1969,6,1969-10-26,False,RAM,CHI,A,W,9,7,11,23,115,0,1,44.7,,3,25,0,0,0,0,0,0,0,5.1,5.1,7479,False,sacked,PFR+RULE2PT+SCORE0,19691026-RAM-CHI,True,,True,True,,,0
Roman Gabriel,1969,7,1969-11-02,False,RAM,ATL,A,W,38,6,18,25,236,3,0,141.0,,2,22,0,0,0,0,0,0,,23.64,23.64,7479,False,sacked;fum_rec_td,PFR+RULE2PT,19691102-RAM-ATL,False,fum_rec_td,False,True,fum_rec_td,,6
Roman Gabriel,1969,8,1969-11-09,False,RAM,SFO,H,W,41,30,13,23,319,3,0,140.9,,1,9,1,0,0,0,0,0,,31.66,31.66,7479,False,sacked;fum_rec_td,PFR+RULE2PT,19691109-SFO-RAM,False,fum_rec_td,False,True,fum_rec_td,,6
Roman Gabriel,1969,9,1969-11-16,False,RAM,PHI,A,W,23,17,15,30,137,1,0,73.9,,4,36,0,0,0,0,0,0,,13.08,13.08,7479,False,sacked;fum_rec_td,PFR+RULE2PT,19691116-RAM-PHI,False,fum_rec_td,False,True,fum_rec_td,,6
Roman Gabriel,1969,10,1969-11-23,False,RAM,DAL,H,W,24,23,16,30,224,2,2,72.1,,6,20,1,0,0,0,0,0,0,20.96,20.96,7479,False,sacked,PFR+RULE2PT+SCORE0,19691123-DAL-RAM,True,,True,True,,,0
Roman Gabriel,1969,11,1969-11-30,False,RAM,WAS,A,W,24,13,16,29,128,2,0,89.4,,2,10,0,0,0,0,0,0,0,14.12,14.12,7479,False,sacked,PFR+RULE2PT+SCORE0,19691130-RAM-WAS,True,,True,True,,,0
Roman Gabriel,1969,12,1969-12-07,False,RAM,MIN,H,L,13,20,21,37,186,1,1,68.1,,2,8,0,0,0,0,0,0,0,10.24,10.24,7479,False,sacked,PFR+RULE2PT+SCORE0,19691207-MIN-RAM,True,,True,True,,,0
Roman Gabriel,1969,13,1969-12-14,False,RAM,DET,A,L,0,28,7,13,41,0,2,20.5,,0,0,0,0,0,0,0,0,0,-2.36,-2.36,7479,False,sacked,PFR+RULE2PT+SCORE0,19691214-RAM-DET,True,,True,True,,,0
Roman Gabriel,1969,14,1969-12-21,False,RAM,BAL,H,L,7,13,13,24,110,1,1,62.8,,4,7,0,0,0,0,0,0,0,7.1,7.1,7479,False,sacked,PFR+RULE2PT+SCORE0,19691221-BAL-RAM,True,,True,True,,,0
Roman Gabriel,1969,17,1969-12-27,True,RAM,MIN,A,L,20,23,22,32,150,2,1,86.7,,4,26,0,0,0,0,0,0,0,14.6,14.6,7479,False,sacked,PFR+RULE2PT+SCORE0,19691227-RAM-MIN,True,,True,True,,,0
Craig Morton,1965,4,1965-10-10,False,DAL,PHI,H,L,24,35,7,11,112,2,1,99.2,,3,-8,0,0,0,0,0,0,0,9.68,9.68,15889,False,sacked,PFR+RULE2PT+SCORE0,19651010-PHI-DAL,True,,True,True,,,0
Craig Morton,1965,5,1965-10-17,False,DAL,CLE,A,L,17,23,0,3,0,0,1,0.0,,0,0,0,0,0,0,0,0,0,-2.0,-2.0,15889,False,sacked,PFR+RULE2PT+SCORE0,19651017-DAL-CLE,True,,True,True,,,0
Craig Morton,1965,6,1965-10-24,False,DAL,GNB,A,L,3,13,10,20,61,0,2,16.9,,0,0,0,0,0,0,0,0,0,-1.56,-1.56,15889,False,sacked,PFR+RULE2PT+SCORE0,19651024-DAL-GNB,True,,True,True,,,0
Craig Morton,1966,1,1966-09-18,False,DAL,NYG,H,W,52,7,0,4,0,0,1,0.0,,0,0,0,0,0,0,0,0,,-2.0,-2.0,15889,False,sacked;fum_rec_td,PFR+RULE2PT,19660918-NYG-DAL,False,fum_rec_td,False,True,fum_rec_td,,6
Craig Morton,1966,3,1966-10-02,False,DAL,ATL,A,W,47,14,4,4,67,1,0,158.3,,0,0,0,0,0,0,0,0,,6.68,6.68,15889,False,sacked;fum_rec_td,PFR+RULE2PT,19661002-DAL-ATL,False,fum_rec_td,False,True,fum_rec_td,,8
Craig Morton,1966,4,1966-10-09,False,DAL,PHI,H,W,56,7,0,1,0,0,0,39.6,,0,0,0,0,0,0,0,0,0,0.0,0.0,15889,False,sacked,PFR+RULE2PT+SCORE0,19661009-PHI-DAL,True,,True,True,,,0
Craig Morton,1966,7,1966-10-30,False,DAL,PIT,H,W,52,21,1,3,30,0,0,71.5,,2,8,0,0,0,0,0,0,,2.0,2.0,15889,False,sacked;fum_rec_td,PFR+RULE2PT,19661030-PIT-DAL,False,fum_rec_td,False,True,fum_rec_td,,6
Craig Morton,1966,13,1966-12-11,False,DAL,WAS,H,L,31,34,2,6,40,1,0,97.2,,3,23,0,0,0,0,0,0,0,7.9,7.9,15889,False,sacked,PFR+RULE2PT+SCORE0,19661211-WAS-DAL,True,,True,True,,,0
Craig Morton,1966,14,1966-12-18,False,DAL,NYG,A,W,17,7,6,9,88,1,0,135.4,,2,19,0,0,0,0,0,0,,9.42,9.42,15889,False,sacked;fum_rec_td,PFR+RULE2PT,19661218-DAL-NYG,False,fum_rec_td,False,True,fum_rec_td,,6
Craig Morton,1967,2,1967-09-24,False,DAL,NYG,H,W,38,24,0,1,0,0,0,39.6,,0,0,0,0,0,0,0,0,0,0.0,0.0,15889,False,sacked,PFR+RULE2PT+SCORE0,19670924-NYG-DAL,True,,True,True,,,0
Craig Morton,1967,3,1967-10-01,False,DAL,RAM,H,L,13,35,3,9,44,0,1,10.6,,0,0,0,0,0,0,0,0,0,-0.24,-0.24,15889,False,sacked,PFR+RULE2PT+SCORE0,19671001-RAM-DAL,True,,True,True,,,0
Craig Morton,1967,5,1967-10-15,False,DAL,NOR,H,W,14,10,11,29,128,1,2,34.8,,4,-7,0,0,0,0,0,0,0,4.42,4.42,15889,False,sacked,PFR+RULE2PT+SCORE0,19671015-NOR-DAL,True,,True,True,,,0
Craig Morton,1967,6,1967-10-22,False,DAL,PIT,A,W,24,21,12,16,256,3,1,130.2,,1,4,0,0,0,0,0,0,0,20.64,20.64,15889,False,sacked,PFR+RULE2PT+SCORE0,19671022-DAL-PIT,True,,True,True,,,0
Craig Morton,1967,7,1967-10-29,False,DAL,PHI,A,L,14,21,14,29,199,2,3,54.3,,5,20,0,0,0,0,0,0,0,11.96,11.96,15889,False,sacked,PFR+RULE2PT+SCORE0,19671029-DAL-PHI,True,,True,True,,,0
Craig Morton,1967,10,1967-11-19,False,DAL,WAS,H,L,20,27,10,15,131,2,1,105.8,,3,21,0,0,0,0,0,0,0,13.34,13.34,15889,False,sacked,PFR+RULE2PT+SCORE0,19671119-WAS-DAL,True,,True,True,,,0
Craig Morton,1967,13,1967-12-10,False,DAL,PHI,H,W,38,17,10,21,88,1,1,55.3,,0,0,0,0,0,0,0,0,0,5.52,5.52,15889,False,sacked,PFR+RULE2PT+SCORE0,19671210-PHI-DAL,True,,True,True,,,0
Craig Morton,1967,14,1967-12-16,False,DAL,SFO,A,L,16,24,9,17,132,1,1,73.7,,2,4,0,0,0,0,0,0,0,7.68,7.68,15889,False,sacked,PFR+RULE2PT+SCORE0,19671216-DAL-SFO,True,,True,True,,,0
Craig Morton,1967,15,1967-12-24,True,DAL,CLE,H,W,52,14,1,3,13,0,1,8.3,,0,0,0,0,0,0,0,0,,-1.48,-1.48,15889,False,sacked;fum_rec_td,PFR+RULE2PT,19671224-CLE-DAL,False,fum_rec_td,False,True,fum_rec_td,,6
Craig Morton,1968,1,1968-09-15,False,DAL,DET,H,W,59,13,7,15,121,1,0,96.8,,1,11,0,0,0,0,0,0,,9.94,9.94,15889,False,sacked;fum_rec_td,PFR+RULE2PT,19680915-DET-DAL,False,fum_rec_td,False,True,fum_rec_td,,6
Craig Morton,1968,3,1968-09-29,False,DAL,PHI,A,W,45,13,1,1,53,0,0,118.7,,1,4,1,0,0,0,0,0,0,8.52,8.52,15889,False,sacked,PFR+RULE2PT+SCORE0,19680929-DAL-PHI,True,,True,True,,,0
Craig Morton,1968,5,1968-10-13,False,DAL,PHI,H,W,34,14,1,1,12,0,0,116.7,,0,0,0,0,0,0,0,0,0,0.48,0.48,15889,False,sacked,PFR+RULE2PT+SCORE0,19681013-PHI-DAL,True,,True,True,,,0
Craig Morton,1968,7,1968-10-28,False,DAL,GNB,H,L,17,28,0,3,0,0,0,39.6,,0,0,0,0,0,0,0,0,0,0.0,0.0,15889,False,sacked,PFR+RULE2PT+SCORE0,19681028-GNB-DAL,True,,True,True,,,0
Craig Morton,1968,8,1968-11-03,False,DAL,NOR,A,W,17,3,1,3,35,0,1,38.9,,0,0,0,0,0,0,0,0,0,-0.6,-0.6,15889,False,sacked,PFR+RULE2PT+SCORE0,19681103-DAL-NOR,True,,True,True,,,0
Craig Morton,1968,9,1968-11-10,False,DAL,NYG,H,L,21,27,1,2,16,0,0,77.1,,0,0,0,0,0,0,0,0,0,0.64,0.64,15889,False,sacked,PFR+RULE2PT+SCORE0,19681110-NYG-DAL,True,,True,True,,,0
Craig Morton,1968,10,1968-11-17,False,DAL,WAS,A,W,44,24,3,5,20,1,1,68.7,,0,0,0,0,0,0,0,0,,2.8,2.8,15889,False,sacked;fum_rec_td,PFR+RULE2PT,19681117-DAL-WAS,False,fum_rec_td,False,True,fum_rec_td,,6
Craig Morton,1968,11,1968-11-24,False,DAL,CHI,A,W,34,3,15,32,240,1,1,69.8,,1,12,0,0,0,0,0,0,0,12.8,12.8,15889,False,sacked,PFR+RULE2PT+SCORE0,19681124-DAL-CHI,True,,True,True,,,0
Craig Morton,1968,12,1968-11-28,False,DAL,WAS,H,W,29,20,1,1,41,0,0,118.7,,0,0,0,0,0,0,0,0,,1.64,1.64,15889,False,sacked;fum_rec_td,PFR+RULE2PT,19681128-WAS-DAL,False,fum_rec_td,False,True,fum_rec_td,,8
Craig Morton,1968,13,1968-12-08,False,DAL,PIT,H,W,28,7,0,2,0,0,1,0.0,,0,0,0,0,0,0,0,0,0,-2.0,-2.0,15889,False,sacked,PFR+RULE2PT+SCORE0,19681208-PIT-DAL,True,,True,True,,,0
Craig Morton,1968,14,1968-12-15,False,DAL,NYG,A,W,28,10,14,20,214,1,2,82.1,,1,1,1,0,0,0,0,0,0,14.66,14.66,15889,False,sacked,PFR+RULE2PT+SCORE0,19681215-DAL-NYG,True,,True,True,,,0
Craig Morton,1968,17,1968-12-21,True,DAL,CLE,A,L,20,31,9,23,163,1,1,60.6,,2,14,0,0,0,0,0,0,,9.92,9.92,15889,False,sacked;fum_rec_td,PFR+RULE2PT,19681221-DAL-CLE,False,fum_rec_td,False,True,fum_rec_td,,6
Craig Morton,1969,2,1969-09-28,False,DAL,NOR,A,W,21,17,8,14,122,1,0,109.8,,2,1,0,0,0,0,0,0,0,8.98,8.98,15889,False,sacked,PFR+RULE2PT+SCORE0,19690928-DAL-NOR,True,,True,True,,,0
Craig Morton,1969,3,1969-10-05,False,DAL,PHI,A,W,38,7,14,18,261,3,0,158.3,,1,1,0,0,0,0,0,0,,22.54,22.54,15889,False,sacked;fum_rec_td,PFR+RULE2PT,19691005-DAL-PHI,False,fum_rec_td,False,True,fum_rec_td,,6
Craig Morton,1969,4,1969-10-12,False,DAL,ATL,A,W,24,17,15,20,239,1,0,131.0,,1,1,0,0,0,0,0,0,0,13.66,13.66,15889,False,sacked,PFR+RULE2PT+SCORE0,19691012-DAL-ATL,True,,True,True,,,0
Craig Morton,1969,5,1969-10-19,False,DAL,PHI,H,W,49,14,13,19,247,5,0,150.8,,1,1,0,0,0,0,0,0,,29.98,29.98,15889,False,sacked;fum_rec_td,PFR+RULE2PT,19691019-PHI-DAL,False,fum_rec_td,False,True,fum_rec_td,,6
Craig Morton,1969,6,1969-10-27,False,DAL,NYG,H,W,25,3,11,26,127,1,2,38.5,,0,0,0,0,0,0,0,0,0,5.08,5.08,15889,False,sacked,PFR+RULE2PT+SCORE2,19691027-NYG-DAL,True,,True,True,,,2
Craig Morton,1969,7,1969-11-02,False,DAL,CLE,A,L,10,42,11,22,147,0,3,32.0,,0,0,0,0,0,0,0,0,0,-0.12,-0.12,15889,False,sacked,PFR+RULE2PT+SCORE0,19691102-DAL-CLE,True,,True,True,,,0
Craig Morton,1969,8,1969-11-09,False,DAL,NOR,H,W,33,17,13,23,292,2,2,94.0,,0,0,0,0,0,0,0,0,0,15.68,15.68,15889,False,sacked,PFR+RULE2PT+SCORE0,19691109-NOR-DAL,True,,True,True,,,0
Craig Morton,1969,9,1969-11-16,False,DAL,WAS,A,W,41,28,8,17,156,1,1,74.6,,1,15,0,0,0,0,0,0,,9.74,9.74,15889,False,sacked;fum_rec_td,PFR+RULE2PT,19691116-DAL-WAS,False,fum_rec_td,False,True,fum_rec_td,,6
Craig Morton,1969,10,1969-11-23,False,DAL,RAM,A,L,23,24,14,31,204,2,2,61.8,,2,19,0,0,0,0,0,0,0,14.06,14.06,15889,False,sacked,PFR+RULE2PT+SCORE0,19691123-DAL-RAM,True,,True,True,,,0
Craig Morton,1969,11,1969-11-27,False,DAL,SFO,H,T,24,24,16,37,206,2,3,45.6,,2,13,0,0,0,0,0,0,0,11.54,11.54,15889,False,sacked,PFR+RULE2PT+SCORE0,19691127-SFO-DAL,True,,True,True,,,0
Craig Morton,1969,12,1969-12-07,False,DAL,PIT,A,W,10,7,11,25,124,0,2,26.1,,3,12,1,0,0,0,0,0,0,8.16,8.16,15889,False,sacked,PFR+RULE2PT+SCORE0,19691207-DAL-PIT,True,,True,True,,,0
Craig Morton,1969,13,1969-12-13,False,DAL,BAL,H,W,27,10,12,23,289,2,0,126.6,,1,0,0,0,0,0,0,0,0,19.56,19.56,15889,False,sacked,PFR+RULE2PT+SCORE0,19691213-BAL-DAL,True,,True,True,,,0
Craig Morton,1969,14,1969-12-21,False,DAL,WAS,H,W,20,10,16,27,205,1,0,95.4,,2,-1,0,0,0,0,0,0,0,12.1,12.1,15889,False,sacked,PFR+RULE2PT+SCORE0,19691221-WAS-DAL,True,,True,True,,,0
Craig Morton,1969,17,1969-12-28,True,DAL,CLE,H,L,14,38,8,24,92,0,2,11.1,,4,12,1,0,0,0,0,0,0,6.88,6.88,15889,False,sacked,PFR+RULE2PT+SCORE0,19691228-CLE-DAL,True,,True,True,,,0
Charley Johnson,1961,2,1961-09-24,False,STL,CLE,A,L,17,20,4,11,43,0,1,10.8,,0,0,0,0,0,0,0,0,0,-0.28,-0.28,11201,False,sacked,PFR+RULE2PT+SCORE0,19610924-STL-CLE,True,,True,True,,,0
Charley Johnson,1961,12,1961-12-03,False,STL,WAS,H,W,38,24,1,1,8,0,0,100.0,,1,-3,0,0,0,0,0,0,0,0.02,0.02,11201,False,sacked,PFR+RULE2PT+SCORE0,19611203-WAS-STL,True,,True,True,,,0
Charley Johnson,1961,13,1961-12-10,False,STL,DAL,H,W,31,13,0,1,0,0,1,0.0,,0,0,0,0,0,0,0,0,0,-2.0,-2.0,11201,False,sacked,PFR+RULE2PT+SCORE0,19611210-DAL-STL,True,,True,True,,,0
Charley Johnson,1962,4,1962-10-07,False,STL,NYG,H,L,14,31,7,14,57,0,0,60.7,,0,0,0,0,0,0,0,0,0,2.28,2.28,11201,False,sacked,PFR+RULE2PT+SCORE0,19621007-NYG-STL,True,,True,True,,,0
Charley Johnson,1962,5,1962-10-14,False,STL,WAS,H,T,17,17,19,33,285,1,2,70.9,,2,17,0,0,0,0,0,0,0,13.1,13.1,11201,False,sacked,PFR+RULE2PT+SCORE0,19621014-WAS-STL,True,,True,True,,,0
Charley Johnson,1962,6,1962-10-21,False,STL,CLE,H,L,7,34,12,34,107,1,3,17.6,,4,14,0,0,0,0,0,0,0,3.68,3.68,11201,False,sacked,PFR+RULE2PT+SCORE0,19621021-CLE-STL,True,,True,True,,,0
Charley Johnson,1962,7,1962-10-28,False,STL,DAL,A,W,28,24,9,19,194,3,1,101.8,,1,2,0,0,0,0,0,0,,17.96,17.96,11201,False,sacked;fum_rec_td,PFR+RULE2PT,19621028-STL-DAL,False,fum_rec_td,False,True,fum_rec_td,,6
Charley Johnson,1962,8,1962-11-04,False,STL,NYG,A,L,28,31,26,41,365,2,3,77.8,,3,17,1,0,0,0,0,0,0,24.3,24.3,11201,False,sacked,PFR+RULE2PT+SCORE0,19621104-STL-NYG,True,,True,True,,,0
Charley Johnson,1962,9,1962-11-11,False,STL,PIT,H,L,17,26,11,26,220,0,3,33.0,,2,0,0,0,0,0,0,0,0,2.8,2.8,11201,False,sacked,PFR+RULE2PT+SCORE0,19621111-PIT-STL,True,,True,True,,,0
Charley Johnson,1962,10,1962-11-18,False,STL,CLE,A,L,14,38,9,21,91,0,0,55.9,,2,29,0,0,0,0,0,0,0,6.54,6.54,11201,False,sacked,PFR+RULE2PT+SCORE0,19621118-STL-CLE,True,,True,True,,,0
Charley Johnson,1962,11,1962-11-25,False,STL,SFO,H,L,17,24,10,24,176,1,2,46.5,,3,24,0,0,0,0,0,0,0,9.44,9.44,11201,False,sacked,PFR+RULE2PT+SCORE0,19621125-SFO-STL,True,,True,True,,,0
Charley Johnson,1962,12,1962-12-02,False,STL,PIT,A,L,7,19,17,37,257,1,2,55.8,,1,0,0,0,0,0,0,0,0,10.28,10.28,11201,False,sacked,PFR+RULE2PT+SCORE0,19621202-STL-PIT,True,,True,True,,,0
Charley Johnson,1962,13,1962-12-09,False,STL,DAL,H,W,52,20,13,27,302,5,2,97.5,,2,7,1,0,0,0,0,0,0,34.78,34.78,11201,False,sacked,PFR+RULE2PT+SCORE0,19621209-DAL-STL,True,,True,True,,,0
Charley Johnson,1962,14,1962-12-16,False,STL,PHI,H,W,45,35,17,32,386,2,2,91.4,,5,28,1,0,0,0,0,0,0,28.24,28.24,11201,False,sacked,PFR+RULE2PT+SCORE0,19621216-PHI-STL,True,,True,True,,,0
Charley Johnson,1963,1,1963-09-14,False,STL,DAL,A,W,34,7,11,20,133,1,1,71.5,,5,33,1,0,0,0,0,0,,16.62,16.62,11201,False,sacked;fum_rec_td,PFR+RULE2PT,19630914-STL-DAL,False,fum_rec_td,False,True,fum_rec_td,,6
Charley Johnson,1963,2,1963-09-22,False,STL,PHI,A,W,28,24,19,31,219,3,2,88.0,,5,9,0,0,0,0,0,0,0,17.66,17.66,11201,False,sacked,PFR+RULE2PT+SCORE0,19630922-STL-PHI,True,,True,True,,,0
Charley Johnson,1963,3,1963-09-29,False,STL,PIT,A,L,10,23,15,28,198,0,3,36.6,,0,0,0,0,0,0,0,0,0,1.92,1.92,11201,False,sacked,PFR+RULE2PT+SCORE0,19630929-STL-PIT,True,,True,True,,,0
Charley Johnson,1963,4,1963-10-06,False,STL,MIN,A,W,56,14,16,25,301,3,0,145.2,,2,14,0,0,0,0,0,0,,25.44,25.44,11201,False,sacked;fum_rec_td,PFR+RULE2PT,19631006-STL-MIN,False,fum_rec_td,False,True,fum_rec_td,,12
Charley Johnson,1963,5,1963-10-13,False,STL,PIT,H,W,24,23,20,41,428,2,1,92.3,,5,-1,0,0,0,0,0,0,0,23.02,23.02,11201,False,sacked,PFR+RULE2PT+SCORE0,19631013-PIT-STL,True,,True,True,,,0
Charley Johnson,1963,6,1963-10-20,False,STL,GNB,H,L,7,30,15,38,216,1,4,27.9,,0,0,0,0,0,0,0,0,0,4.64,4.64,11201,False,sacked,PFR+RULE2PT+SCORE0,19631020-GNB-STL,True,,True,True,,,0
Charley Johnson,1963,7,1963-10-27,False,STL,WAS,A,W,21,7,18,30,284,3,3,85.3,,4,13,0,0,0,0,0,0,0,18.66,18.66,11201,False,sacked,PFR+RULE2PT+SCORE0,19631027-STL-WAS,True,,True,True,,,0
Charley Johnson,1963,8,1963-11-03,False,STL,NYG,H,L,21,38,16,32,237,2,4,55.9,,3,16,0,0,0,0,0,0,0,11.08,11.08,11201,False,sacked,PFR+RULE2PT+SCORE0,19631103-NYG-STL,True,,True,True,,,0
Charley Johnson,1963,9,1963-11-10,False,STL,WAS,H,W,24,20,17,29,195,3,0,113.4,,10,29,0,0,0,0,0,0,0,22.7,22.7,11201,False,sacked,PFR+RULE2PT+SCORE0,19631110-WAS-STL,True,,True,True,,,0
Charley Johnson,1963,10,1963-11-17,False,STL,CLE,A,W,20,14,25,34,285,2,2,93.4,,0,0,0,0,0,0,0,0,0,15.4,15.4,11201,False,sacked,PFR+RULE2PT+SCORE0,19631117-STL-CLE,True,,True,True,,,0
Charley Johnson,1963,11,1963-11-24,False,STL,NYG,A,W,24,17,7,21,112,2,0,83.8,,3,8,0,0,0,0,0,0,0,13.28,13.28,11201,False,sacked,PFR+RULE2PT+SCORE0,19631124-STL-NYG,True,,True,True,,,0
Charley Johnson,1963,12,1963-12-01,False,STL,CLE,H,L,10,24,9,26,58,0,0,43.4,,0,0,0,0,0,0,0,0,0,2.32,2.32,11201,False,sacked,PFR+RULE2PT+SCORE0,19631201-CLE-STL,True,,True,True,,,0
Charley Johnson,1963,13,1963-12-08,False,STL,PHI,H,W,38,14,14,29,315,4,0,127.2,,0,0,0,0,0,0,0,0,,28.6,28.6,11201,False,sacked;fum_rec_td,PFR+RULE2PT,19631208-PHI-STL,False,fum_rec_td,False,True,fum_rec_td,,6
Charley Johnson,1963,14,1963-12-15,False,STL,DAL,H,L,24,28,20,39,299,2,1,83.2,,4,22,0,0,0,0,0,0,0,20.16,20.16,11201,False,sacked,PFR+RULE2PT+SCORE0,19631215-DAL-STL,True,,True,True,,,0
Charley Johnson,1964,1,1964-09-12,False,STL,DAL,A,W,16,6,12,24,220,1,1,78.5,,5,11,0,0,0,0,0,0,0,11.9,11.9,11201,False,sacked,PFR+RULE2PT+SCORE0,19640912-STL-DAL,True,,True,True,,,0
Charley Johnson,1964,2,1964-09-20,False,STL,CLE,A,T,33,33,14,27,241,3,1,104.1,,1,0,0,0,0,0,0,0,0,19.64,19.64,11201,False,sacked,PFR+RULE2PT+SCORE0,19640920-STL-CLE,True,,True,True,,,0
Charley Johnson,1964,3,1964-09-27,False,STL,SFO,A,W,23,13,21,32,236,0,1,74.5,,1,0,0,0,0,0,0,0,0,7.44,7.44,11201,False,sacked,PFR+RULE2PT+SCORE0,19640927-STL-SFO,True,,True,True,,,0
Charley Johnson,1964,4,1964-10-04,False,STL,WAS,A,W,23,17,15,25,282,1,3,72.8,,3,10,0,0,0,0,0,0,,10.28,10.28,11201,False,sacked;fum_rec_td,PFR+RULE2PT,19641004-STL-WAS,False,fum_rec_td,False,True,fum_rec_td,,8
Charley Johnson,1964,5,1964-10-12,False,STL,BAL,A,L,27,47,15,29,109,1,1,58.0,,3,13,0,0,0,0,0,0,0,7.66,7.66,11201,False,sacked,PFR+RULE2PT+SCORE0,19641012-STL-BAL,True,,True,True,,,0
Charley Johnson,1964,6,1964-10-18,False,STL,WAS,H,W,38,24,17,30,226,3,3,74.4,,4,32,0,0,0,0,0,0,,18.24,18.24,11201,False,sacked;fum_rec_td,PFR+RULE2PT,19641018-WAS-STL,False,fum_rec_td,False,True,fum_rec_td,,6
Charley Johnson,1964,7,1964-10-25,False,STL,DAL,H,L,13,31,14,33,166,1,2,43.2,,2,18,0,0,0,0,0,0,0,8.44,8.44,11201,False,sacked,PFR+RULE2PT+SCORE0,19641025-DAL-STL,True,,True,True,,,0
Charley Johnson,1964,8,1964-11-01,False,STL,NYG,A,L,17,34,15,29,306,1,3,61.1,,2,0,0,0,0,0,0,0,0,10.24,10.24,11201,False,sacked,PFR+RULE2PT+SCORE0,19641101-STL-NYG,True,,True,True,,,0
Charley Johnson,1964,9,1964-11-08,False,STL,PIT,H,W,34,30,18,29,237,2,0,110.8,,1,1,0,0,0,0,0,0,,17.58,17.58,11201,False,sacked;fum_rec_td,PFR+RULE2PT,19641108-PIT-STL,False,fum_rec_td,False,True,fum_rec_td,,6
Charley Johnson,1964,10,1964-11-15,False,STL,NYG,H,T,10,10,13,30,111,1,2,36.9,,4,3,0,0,0,0,0,0,0,4.74,4.74,11201,False,sacked,PFR+RULE2PT+SCORE0,19641115-NYG-STL,True,,True,True,,,0
Charley Johnson,1964,11,1964-11-22,False,STL,PHI,A,W,38,13,14,28,234,2,0,102.4,,0,0,0,0,0,0,0,0,,17.36,17.36,11201,False,sacked;fum_rec_td,PFR+RULE2PT,19641122-STL-PHI,False,fum_rec_td,False,True,fum_rec_td,,6
Charley Johnson,1964,12,1964-11-29,False,STL,PIT,A,W,21,20,12,33,139,1,4,20.5,,2,3,0,0,0,0,0,0,,1.86,1.86,11201,False,sacked;fum_rec_td,PFR+RULE2PT,19641129-STL-PIT,False,fum_rec_td,False,True,fum_rec_td,,6
Charley Johnson,1964,13,1964-12-06,False,STL,CLE,H,W,28,19,15,22,167,2,1,101.9,,3,2,2,0,0,0,0,0,0,24.88,24.88,11201,False,sacked,PFR+RULE2PT+SCORE0,19641206-CLE-STL,True,,True,True,,,0
Charley Johnson,1964,14,1964-12-13,False,STL,PHI,H,W,36,34,28,49,371,2,2,77.8,,0,0,0,0,0,0,0,0,,18.84,18.84,11201,False,sacked;fum_rec_td,PFR+RULE2PT,19641213-PHI-STL,False,fum_rec_td,False,True,fum_rec_td,,6
Charley Johnson,1965,1,1965-09-19,False,STL,PHI,A,L,27,34,20,43,383,3,1,91.5,,6,7,0,0,0,0,0,0,0,26.02,26.02,11201,False,sacked,PFR+RULE2PT+SCORE0,19650919-STL-PHI,True,,True,True,,,0
Charley Johnson,1965,2,1965-09-26,False,STL,CLE,A,W,49,13,11,19,310,6,1,120.1,,1,-1,0,0,0,0,0,0,0,34.3,34.3,11201,False,sacked,PFR+RULE2PT+SCORE0,19650926-STL-CLE,True,,True,True,,,0
Charley Johnson,1965,3,1965-10-04,False,STL,DAL,H,W,20,13,14,26,156,1,2,52.7,,3,26,0,0,0,0,0,0,0,8.84,8.84,11201,False,sacked,PFR+RULE2PT+SCORE0,19651004-DAL-STL,True,,True,True,,,0
Charley Johnson,1965,4,1965-10-10,False,STL,WAS,A,W,37,16,15,25,214,1,1,84.4,,2,3,0,0,0,0,0,0,,10.86,10.86,11201,False,sacked;fum_rec_td,PFR+RULE2PT,19651010-STL-WAS,False,fum_rec_td,False,True,fum_rec_td,,6
Charley Johnson,1965,5,1965-10-17,False,STL,PIT,A,W,20,7,18,30,287,2,1,100.3,,2,1,0,0,0,0,0,0,0,17.58,17.58,11201,False,sacked,PFR+RULE2PT+SCORE0,19651017-STL-PIT,True,,True,True,,,0
Charley Johnson,1965,7,1965-10-31,False,STL,NYG,A,L,10,14,17,37,229,0,2,43.6,,2,-3,0,0,0,0,0,0,0,4.86,4.86,11201,False,sacked,PFR+RULE2PT+SCORE0,19651031-STL-NYG,True,,True,True,,,0
Charley Johnson,1965,8,1965-11-07,False,STL,PIT,H,W,21,17,10,27,203,2,0,89.0,,1,-3,0,0,0,0,0,0,0,15.82,15.82,11201,False,sacked,PFR+RULE2PT+SCORE0,19651107-PIT-STL,True,,True,True,,,0
Charley Johnson,1965,9,1965-11-14,False,STL,CHI,A,L,13,34,14,38,249,1,1,57.9,,1,15,0,0,0,0,0,0,0,13.46,13.46,11201,False,sacked,PFR+RULE2PT+SCORE0,19651114-STL-CHI,True,,True,True,,,0
Charley Johnson,1965,11,1965-11-28,False,STL,PHI,H,L,24,28,15,37,169,1,5,24.3,,3,13,1,0,0,0,0,0,,8.06,8.06,11201,False,sacked;fum_rec_td,PFR+RULE2PT,19651128-PHI-STL,False,fum_rec_td,False,True,fum_rec_td,,6
Charley Johnson,1965,12,1965-12-05,False,STL,RAM,H,L,3,27,13,26,130,0,1,48.6,,2,1,0,0,0,0,0,0,0,3.3,3.3,11201,False,sacked,PFR+RULE2PT+SCORE0,19651205-RAM-STL,True,,True,True,,,0
Charley Johnson,1965,13,1965-12-11,False,STL,DAL,A,L,13,27,8,14,109,1,0,106.0,,2,1,0,0,0,0,0,0,0,8.46,8.46,11201,False,sacked,PFR+RULE2PT+SCORE0,19651211-STL-DAL,True,,True,True,,,0
Charley Johnson,1966,1,1966-09-11,False,STL,PHI,H,W,16,13,19,26,191,0,1,77.6,,4,5,1,0,0,0,0,0,0,12.14,12.14,11201,False,sacked,PFR+RULE2PT+SCORE0,19660911-PHI-STL,True,,True,True,,,0
Charley Johnson,1966,2,1966-09-18,False,STL,WAS,H,W,23,7,19,34,258,1,1,77.8,,2,6,0,0,0,0,0,0,0,12.92,12.92,11201,False,sacked,PFR+RULE2PT+SCORE0,19660918-WAS-STL,True,,True,True,,,0
Charley Johnson,1966,3,1966-09-25,False,STL,CLE,A,W,34,28,11,20,218,3,2,93.3,,3,2,0,0,0,0,0,0,0,16.92,16.92,11201,False,sacked,PFR+RULE2PT+SCORE0,19660925-STL-CLE,True,,True,True,,,0
Charley Johnson,1966,4,1966-10-02,False,STL,PHI,A,W,41,10,8,16,95,2,0,108.1,,1,6,0,0,0,0,0,0,,12.4,12.4,11201,False,sacked;fum_rec_td,PFR+RULE2PT,19661002-STL-PHI,False,fum_rec_td,False,True,fum_rec_td,,12
Charley Johnson,1966,5,1966-10-09,False,STL,NYG,H,W,24,19,8,17,139,1,2,55.4,,0,0,0,0,0,0,0,0,0,5.56,5.56,11201,False,sacked,PFR+RULE2PT+SCORE0,19661009-NYG-STL,True,,True,True,,,0
Charley Johnson,1966,6,1966-10-16,False,STL,DAL,H,T,10,10,15,30,158,1,0,76.8,,3,0,0,0,0,0,0,0,0,10.32,10.32,11201,False,sacked,PFR+RULE2PT+SCORE0,19661016-DAL-STL,True,,True,True,,,0
Charley Johnson,1966,7,1966-10-23,False,STL,WAS,A,L,20,26,12,23,109,1,2,43.6,,1,2,1,0,0,0,0,0,0,10.56,10.56,11201,False,sacked,PFR+RULE2PT+SCORE0,19661023-STL-WAS,True,,True,True,,,0
Charley Johnson,1966,8,1966-10-31,False,STL,CHI,H,W,24,17,4,16,47,0,1,13.5,,3,4,0,0,0,0,0,0,,0.28,0.28,11201,False,sacked;fum_rec_td,PFR+RULE2PT,19661031-CHI-STL,False,fum_rec_td,False,True,fum_rec_td,,6
Charley Johnson,1966,9,1966-11-06,False,STL,NYG,A,W,20,17,7,23,119,1,2,27.3,,3,14,0,0,0,0,0,0,0,6.16,6.16,11201,False,sacked,PFR+RULE2PT+SCORE0,19661106-STL-NYG,True,,True,True,,,0
Charley Johnson,1967,6,1967-10-22,False,STL,PHI,H,W,48,14,0,3,0,0,0,39.6,,0,0,0,0,0,0,0,0,,0.0,0.0,11201,False,sacked;fum_rec_td,PFR+RULE2PT,19671022-PHI-STL,False,fum_rec_td,False,True,fum_rec_td,,6
Charley Johnson,1967,10,1967-11-19,False,STL,CHI,A,L,3,30,4,8,38,0,1,24.0,,0,0,0,0,0,0,0,0,0,-0.48,-0.48,11201,False,sacked,PFR+RULE2PT+SCORE0,19671119-STL-CHI,True,,True,True,,,0
Charley Johnson,1967,11,1967-11-23,False,STL,DAL,A,L,21,46,6,13,92,1,2,56.1,,0,0,0,0,0,0,0,0,0,3.68,3.68,11201,False,sacked,PFR+RULE2PT+SCORE0,19671123-STL-DAL,True,,True,True,,,0
Charley Johnson,1967,12,1967-12-03,False,STL,NOR,H,W,31,20,2,5,32,0,0,62.1,,0,0,0,0,0,0,0,0,0,1.28,1.28,11201,False,sacked,PFR+RULE2PT+SCORE0,19671203-NOR-STL,True,,True,True,,,0
Charley Johnson,1968,2,1968-09-22,False,STL,SFO,A,L,17,35,3,4,16,0,0,81.2,,1,3,0,0,0,0,0,0,,0.94,0.94,11201,False,sacked;fum_rec_td,PFR+RULE2PT,19680922-STL-SFO,False,fum_rec_td,False,True,fum_rec_td,,6
Charley Johnson,1968,3,1968-09-29,False,STL,NOR,A,W,21,20,11,32,137,1,1,46.0,,1,0,0,0,0,0,0,0,0,7.48,7.48,11201,False,sacked,PFR+RULE2PT+SCORE0,19680929-STL-NOR,True,,True,True,,,0
Charley Johnson,1968,4,1968-10-06,False,STL,DAL,H,L,10,27,7,16,58,0,0,53.6,,0,0,0,0,0,0,0,0,0,2.32,2.32,11201,False,sacked,PFR+RULE2PT+SCORE0,19681006-DAL-STL,True,,True,True,,,0
Charley Johnson,1968,6,1968-10-20,False,STL,WAS,H,W,41,14,0,1,0,0,0,39.6,,1,-6,0,0,0,0,0,0,0,-0.6,-0.6,11201,False,sacked,PFR+RULE2PT+SCORE0,19681020-WAS-STL,True,,True,True,,,0
Charley Johnson,1968,8,1968-11-03,False,STL,PHI,A,W,45,17,1,1,29,0,0,118.7,,0,0,0,0,0,0,0,0,0,1.16,1.16,11201,False,sacked,PFR+RULE2PT+SCORE0,19681103-STL-PHI,True,,True,True,,,0
Charley Johnson,1968,12,1968-12-01,False,STL,PIT,A,W,20,10,7,12,90,0,0,81.9,,2,2,0,0,0,0,0,0,0,3.8,3.8,11201,False,sacked,PFR+RULE2PT+SCORE0,19681201-STL-PIT,True,,True,True,,,0
Charley Johnson,1968,14,1968-12-14,False,STL,CLE,H,W,27,16,0,1,0,0,0,39.6,,0,0,0,0,0,0,0,0,0,0.0,0.0,11201,False,sacked,PFR+RULE2PT+SCORE0,19681214-CLE-STL,True,,True,True,,,0
Charley Johnson,1969,1,1969-09-21,False,STL,DAL,A,L,3,24,17,35,216,0,2,44.5,,0,0,0,0,0,0,0,0,0,4.64,4.64,11201,False,sacked,PFR+RULE2PT+SCORE0,19690921-STL-DAL,True,,True,True,,,0
Charley Johnson,1969,2,1969-09-28,False,STL,CHI,H,W,20,17,5,13,68,1,2,42.0,,2,3,0,0,0,0,0,0,,3.02,3.02,11201,False,sacked;fum_rec_td,PFR+RULE2PT,19690928-CHI-STL,False,fum_rec_td,False,True,fum_rec_td,,6
Charley Johnson,1969,5,1969-10-19,False,STL,MIN,H,L,10,27,12,28,96,0,1,37.2,,1,2,0,0,0,0,0,0,,2.04,2.04,11201,False,sacked;fum_rec_td,PFR+RULE2PT,19691019-MIN-STL,False,fum_rec_td,False,True,fum_rec_td,,6
Charley Johnson,1969,6,1969-10-26,False,STL,CLE,A,T,21,21,15,30,306,3,1,105.7,,3,31,0,0,0,0,0,0,0,25.34,25.34,11201,False,sacked,PFR+RULE2PT+SCORE0,19691026-STL-CLE,True,,True,True,,,0
Charley Johnson,1969,7,1969-11-02,False,STL,NOR,H,L,42,51,20,37,374,6,2,106.3,,1,0,0,0,0,0,0,0,0,34.96,34.96,11201,False,sacked,PFR+RULE2PT+SCORE0,19691102-NOR-STL,True,,True,True,,,0
Charley Johnson,1969,8,1969-11-09,False,STL,NYG,H,W,42,17,9,14,146,1,0,122.9,,1,0,0,0,0,0,0,0,0,9.84,9.84,11201,False,sacked,PFR+RULE2PT+SCORE0,19691109-NYG-STL,True,,True,True,,,0
Charley Johnson,1969,9,1969-11-16,False,STL,DET,A,L,0,20,13,30,167,0,1,47.5,,1,1,0,0,0,0,0,0,0,4.78,4.78,11201,False,sacked,PFR+RULE2PT+SCORE0,19691116-STL-DET,True,,True,True,,,0
Charley Johnson,1969,10,1969-11-23,False,STL,PHI,H,L,30,34,8,14,89,0,1,46.4,,1,4,0,0,0,0,0,0,0,1.96,1.96,11201,False,sacked,PFR+RULE2PT+SCORE0,19691123-PHI-STL,True,,True,True,,,0
Charley Johnson,1969,11,1969-11-30,False,STL,PIT,H,W,47,10,3,4,31,0,0,96.9,,0,0,0,0,0,0,0,0,0,1.24,1.24,11201,False,sacked,PFR+RULE2PT+SCORE0,19691130-PIT-STL,True,,True,True,,,0
Charley Johnson,1969,12,1969-12-07,False,STL,NYG,A,L,6,49,3,10,50,0,1,8.3,,3,14,0,0,0,0,0,0,0,1.4,1.4,11201,False,sacked,PFR+RULE2PT+SCORE0,19691207-STL-NYG,True,,True,True,,,0
Charley Johnson,1969,13,1969-12-14,False,STL,CLE,H,L,21,27,9,18,102,0,1,44.2,,1,1,1,0,0,0,0,0,0,8.18,8.18,11201,False,sacked,PFR+RULE2PT+SCORE0,19691214-CLE-STL,True,,True,True,,,0
Charley Johnson,1969,14,1969-12-21,False,STL,GNB,A,L,28,45,17,27,202,2,1,95.0,,3,-5,0,0,0,0,0,0,,13.58,13.58,11201,False,sacked;fum_rec_td,PFR+RULE2PT,19691221-STL-GNB,False,fum_rec_td,False,True,fum_rec_td,,6
Babe Parilli,1960,1,1960-09-11,False,OAK,HOU,H,L,22,37,1,2,-2,0,0,56.2,,1,9,0,0,0,0,0,,,0.82,0.82,17064,False,sacked;two_pt;fum_rec_td,PFR,19600911-HOU-OAK,False,two_pt;fum_rec_td,False,True,two_pt;fum_rec_td,,8
Babe Parilli,1960,2,1960-09-16,False,OAK,DTX,H,L,16,34,16,28,174,2,2,69.6,,4,21,0,0,0,0,0,0,0,13.06,13.06,17064,False,sacked,PFR+SCORE0,19600916-DTX-OAK,True,,True,True,,,0
Babe Parilli,1960,3,1960-09-25,False,OAK,HOU,A,W,14,13,7,13,118,0,0,84.8,,3,19,0,0,0,0,0,0,0,6.62,6.62,17064,False,sacked,PFR+SCORE0,19600925-OAK-HOU,True,,True,True,,,0
Babe Parilli,1960,4,1960-10-02,False,OAK,DEN,A,L,14,31,9,22,84,0,1,33.1,,0,0,0,0,0,0,0,0,0,1.36,1.36,17064,False,sacked,PFR+SCORE0,19601002-OAK-DEN,True,,True,True,,,0
Babe Parilli,1960,5,1960-10-09,False,OAK,DTX,A,W,20,19,6,10,62,0,0,77.9,,1,2,0,0,0,0,0,0,0,2.68,2.68,17064,False,sacked,PFR+SCORE0,19601009-OAK-DTX,True,,True,True,,,0
Babe Parilli,1960,6,1960-10-16,False,OAK,BOS,H,W,27,14,1,3,6,0,2,2.8,,0,0,0,0,0,0,0,0,0,-3.76,-3.76,17064,False,sacked,PFR+SCORE0,19601016-BOS-OAK,True,,True,True,,,0
Babe Parilli,1960,7,1960-10-23,False,OAK,BUF,A,L,9,38,8,24,92,0,1,28.5,,2,16,0,1,0,0,0,,,3.28,4.28,17064,False,sacked;two_pt;fum_rec_td,PFR,19601023-OAK-BUF,False,two_pt;fum_rec_td,False,True,two_pt;fum_rec_td,,2
Babe Parilli,1960,8,1960-10-28,False,OAK,NYT,A,W,28,27,3,6,36,0,1,29.2,,2,18,0,0,0,0,0,0,0,1.24,1.24,17064,False,sacked,PFR+SCORE0,19601028-OAK-NYT,True,,True,True,,,0
Babe Parilli,1960,9,1960-11-04,False,OAK,BOS,A,L,28,34,11,20,121,0,1,52.3,,4,35,0,0,0,0,0,,,6.34,6.34,17064,False,sacked;two_pt;fum_rec_td,PFR,19601104-OAK-BOS,False,two_pt;fum_rec_td,False,True,two_pt;fum_rec_td,,6
Babe Parilli,1960,10,1960-11-13,False,OAK,BUF,H,W,20,7,7,14,77,0,0,66.7,,1,1,0,0,0,0,0,0,0,3.18,3.18,17064,False,sacked,PFR+SCORE0,19601113-BUF-OAK,True,,True,True,,,0
Babe Parilli,1960,11,1960-11-27,False,OAK,LAC,A,L,28,52,6,17,45,1,1,39.1,,0,0,0,0,0,0,0,,,3.8,3.8,17064,False,sacked;two_pt;fum_rec_td,PFR,19601127-OAK-LAC,False,two_pt;fum_rec_td,False,True,two_pt;fum_rec_td,,2
Babe Parilli,1960,12,1960-12-04,False,OAK,LAC,H,L,17,41,2,7,23,0,0,40.8,,0,0,0,0,0,0,0,0,0,0.92,0.92,17064,False,sacked,PFR+SCORE0,19601204-LAC-OAK,True,,True,True,,,0
Babe Parilli,1960,13,1960-12-11,False,OAK,NYT,H,L,28,31,0,1,0,0,0,39.6,,1,7,0,0,0,0,0,0,0,0.7,0.7,17064,False,sacked,PFR+SCORE0,19601211-NYT-OAK,True,,True,True,,,0
Babe Parilli,1960,14,1960-12-17,False,OAK,DEN,H,W,48,10,10,20,167,2,2,72.3,,2,3,1,0,0,0,0,,,16.98,16.98,17064,False,sacked;two_pt;fum_rec_td,PFR,19601217-DEN-OAK,False,two_pt;fum_rec_td,False,True,two_pt;fum_rec_td,,12
Babe Parilli,1961,1,1961-09-09,False,BOS,NYT,H,L,20,21,11,26,92,1,1,48.9,,3,14,1,0,0,0,0,0,0,13.08,13.08,17064,False,sacked,PFR+SCORE0,19610909-NYT-BOS,True,,True,True,,,0
Babe Parilli,1961,2,1961-09-16,False,BOS,DEN,H,W,45,17,4,8,85,0,0,88.0,,2,7,0,0,0,0,0,0,0,4.1,4.1,17064,False,sacked,PFR+SCORE0,19610916-DEN-BOS,True,,True,True,,,0
Babe Parilli,1961,3,1961-09-23,False,BOS,BUF,A,W,23,21,1,8,7,0,0,39.6,,1,0,0,0,0,0,0,0,0,0.28,0.28,17064,False,sacked,PFR+SCORE0,19610923-BOS-BUF,True,,True,True,,,0
Babe Parilli,1961,4,1961-10-01,False,BOS,NYT,A,L,30,37,4,8,25,0,0,56.8,,2,8,0,0,0,0,0,0,0,1.8,1.8,17064,False,sacked,PFR+SCORE0,19611001-BOS-NYT,True,,True,True,,,0
Babe Parilli,1961,5,1961-10-07,False,BOS,SDG,H,L,27,38,10,15,128,2,1,105.0,,0,0,0,0,0,0,0,,,11.12,11.12,17064,False,sacked;two_pt;fum_rec_td,PFR,19611007-SDG-BOS,False,two_pt;fum_rec_td,False,True,two_pt;fum_rec_td,,6
Babe Parilli,1961,6,1961-10-13,False,BOS,HOU,H,T,31,31,5,9,122,0,1,60.9,,2,12,1,0,0,0,0,0,0,10.08,10.08,17064,False,sacked,PFR+SCORE0,19611013-HOU-BOS,True,,True,True,,,0
Babe Parilli,1961,7,1961-10-22,False,BOS,BUF,H,W,52,21,8,11,117,3,0,146.6,,2,22,0,0,0,0,0,,,18.88,18.88,17064,False,sacked;two_pt;fum_rec_td,PFR,19611022-BUF-BOS,False,two_pt;fum_rec_td,False,True,two_pt;fum_rec_td,,6
Babe Parilli,1961,8,1961-10-29,False,BOS,DTX,A,W,18,17,9,15,81,0,0,74.6,,4,13,0,0,0,0,0,,,4.54,4.54,17064,False,sacked;two_pt;fum_rec_td,PFR,19611029-BOS-DTX,False,two_pt;fum_rec_td,False,True,two_pt;fum_rec_td,,8
Babe Parilli,1961,9,1961-11-03,False,BOS,DTX,H,W,28,21,7,12,30,1,1,56.3,,4,2,0,0,0,0,0,,,3.4,3.4,17064,False,sacked;two_pt;fum_rec_td,PFR,19611103-DTX-BOS,False,two_pt;fum_rec_td,False,True,two_pt;fum_rec_td,,6
Babe Parilli,1961,10,1961-11-12,False,BOS,HOU,A,L,15,27,9,18,107,0,1,45.4,,6,25,1,0,0,0,0,0,0,10.78,10.78,17064,False,sacked,PFR+SCORE0,19611112-BOS-HOU,True,,True,True,,,0
Babe Parilli,1961,11,1961-11-17,False,BOS,OAK,H,W,20,17,4,7,55,0,0,82.4,,5,9,0,0,0,0,0,,,3.1,3.1,17064,False,sacked;two_pt;fum_rec_td,PFR,19611117-OAK-BOS,False,two_pt;fum_rec_td,False,True,two_pt;fum_rec_td,,6
Babe Parilli,1961,12,1961-12-03,False,BOS,DEN,A,W,28,24,4,9,81,1,0,113.7,,2,16,1,0,0,0,0,0,0,14.84,14.84,17064,False,sacked,PFR+SCORE0,19611203-BOS-DEN,True,,True,True,,,0
Babe Parilli,1961,13,1961-12-09,False,BOS,OAK,A,W,35,21,19,32,206,3,2,83.6,,4,46,0,0,0,0,0,0,0,20.84,20.84,17064,False,sacked,PFR+SCORE0,19611209-BOS-OAK,True,,True,True,,,0
Babe Parilli,1961,14,1961-12-17,False,BOS,SDG,A,W,41,0,9,20,178,2,2,70.4,,1,9,0,0,0,0,0,,,12.02,12.02,17064,False,sacked;two_pt;fum_rec_td,PFR,19611217-BOS-SDG,False,two_pt;fum_rec_td,False,True,two_pt;fum_rec_td,,12
Babe Parilli,1962,1,1962-09-08,False,BOS,DTX,A,L,28,42,16,31,214,1,1,71.2,,3,6,1,0,0,0,0,0,0,17.16,17.16,17064,False,sacked,PFR+SCORE0,19620908-BOS-DTX,True,,True,True,,,0
Babe Parilli,1962,2,1962-09-16,False,BOS,HOU,H,W,34,21,15,34,207,2,0,83.8,,4,44,1,0,0,0,0,0,0,26.68,26.68,17064,False,sacked,PFR+SCORE0,19620916-HOU-BOS,True,,True,True,,,0
Babe Parilli,1962,3,1962-09-21,False,BOS,DEN,H,W,41,16,9,19,143,2,2,68.4,,3,14,0,0,0,0,0,,,11.12,11.12,17064,False,sacked;two_pt;fum_rec_td,PFR,19620921-DEN-BOS,False,two_pt;fum_rec_td,False,True,two_pt;fum_rec_td,,12
Babe Parilli,1962,4,1962-10-06,False,BOS,NYT,A,W,43,14,14,23,234,3,0,134.8,,2,29,0,0,0,0,0,,,24.26,24.26,17064,False,sacked;two_pt;fum_rec_td,PFR,19621006-BOS-NYT,False,two_pt;fum_rec_td,False,True,two_pt;fum_rec_td,,6
Babe Parilli,1962,5,1962-10-12,False,BOS,DTX,H,L,7,27,17,31,253,1,2,65.7,,1,13,0,0,0,0,0,0,0,11.42,11.42,17064,False,sacked,PFR+SCORE0,19621012-DTX-BOS,True,,True,True,,,0
Babe Parilli,1962,6,1962-10-19,False,BOS,SDG,H,W,24,20,14,26,166,2,2,67.1,,5,42,0,0,0,0,0,,,14.84,14.84,17064,False,sacked;two_pt;fum_rec_td,PFR,19621019-SDG-BOS,False,two_pt;fum_rec_td,False,True,two_pt;fum_rec_td,,2
Babe Parilli,1962,7,1962-10-26,False,BOS,OAK,H,W,26,16,15,22,158,1,0,104.0,,4,24,0,0,0,0,0,0,0,12.72,12.72,17064,False,sacked,PFR+SCORE0,19621026-OAK-BOS,True,,True,True,,,0
Babe Parilli,1962,8,1962-11-03,False,BOS,BUF,A,T,28,28,20,33,296,3,1,107.6,,3,10,0,0,0,0,0,0,0,22.84,22.84,17064,False,sacked,PFR+SCORE0,19621103-BOS-BUF,True,,True,True,,,0
Babe Parilli,1962,9,1962-11-11,False,BOS,DEN,A,W,33,29,15,23,236,2,0,128.2,,3,-13,0,0,0,0,0,,,16.14,16.14,17064,False,sacked;two_pt;fum_rec_td,PFR,19621111-BOS-DEN,False,two_pt;fum_rec_td,False,True,two_pt;fum_rec_td,,6
Babe Parilli,1962,10,1962-11-18,False,BOS,HOU,A,L,17,21,5,11,81,1,0,100.9,,0,0,0,0,0,0,0,0,0,7.24,7.24,17064,False,sacked,PFR+SCORE0,19621118-BOS-HOU,True,,True,True,,,0
Babe Parilli,1963,1,1963-09-08,False,BOS,NYJ,H,W,38,14,19,35,288,1,1,79.2,,2,8,1,0,0,0,0,0,0,20.32,20.32,17064,False,sacked,PFR+SCORE0,19630908-NYJ-BOS,True,,True,True,,,0
Babe Parilli,1963,2,1963-09-14,False,BOS,SDG,A,L,13,17,8,20,74,0,2,11.2,,3,10,0,0,0,0,0,0,0,-0.04,-0.04,17064,False,sacked,PFR+SCORE0,19630914-BOS-SDG,True,,True,True,,,0
Babe Parilli,1963,3,1963-09-22,False,BOS,OAK,A,W,20,14,7,12,98,1,2,72.9,,1,3,0,0,0,0,0,0,0,4.22,4.22,17064,False,sacked,PFR+SCORE0,19630922-BOS-OAK,True,,True,True,,,0
Babe Parilli,1963,4,1963-09-29,False,BOS,DEN,A,L,10,14,8,17,99,1,2,45.6,,2,16,0,0,0,0,0,0,0,5.56,5.56,17064,False,sacked,PFR+SCORE0,19630929-BOS-DEN,True,,True,True,,,0
Babe Parilli,1963,5,1963-10-05,False,BOS,NYJ,A,L,24,31,0,1,0,0,1,0.0,,0,0,0,0,0,0,0,0,0,-2.0,-2.0,17064,False,sacked,PFR+SCORE0,19631005-BOS-NYJ,True,,True,True,,,0
Babe Parilli,1963,6,1963-10-11,False,BOS,OAK,H,W,20,14,5,20,130,2,3,47.9,,3,9,0,0,0,0,0,0,0,8.1,8.1,17064,False,sacked,PFR+SCORE0,19631011-OAK-BOS,True,,True,True,,,0
Babe Parilli,1963,7,1963-10-18,False,BOS,DEN,H,W,40,21,21,31,358,2,1,114.7,,1,0,0,0,0,0,0,0,0,20.32,20.32,17064,False,sacked,PFR+SCORE0,19631018-DEN-BOS,True,,True,True,,,0
Babe Parilli,1963,8,1963-10-26,False,BOS,BUF,A,L,21,28,12,31,217,2,2,58.1,,3,7,0,0,0,0,0,0,0,13.38,13.38,17064,False,sacked,PFR+SCORE0,19631026-BOS-BUF,True,,True,True,,,0
Babe Parilli,1963,9,1963-11-01,False,BOS,HOU,H,W,45,3,8,21,168,1,1,63.2,,6,7,2,0,0,0,0,,,21.42,21.42,17064,False,sacked;two_pt;fum_rec_td,PFR,19631101-HOU-BOS,False,two_pt;fum_rec_td,False,True,two_pt;fum_rec_td,,12
Babe Parilli,1963,10,1963-11-10,False,BOS,SDG,H,L,6,7,14,30,194,0,2,40.1,,2,7,0,0,0,0,0,0,0,4.46,4.46,17064,False,sacked,PFR+SCORE0,19631110-SDG-BOS,True,,True,True,,,0
Babe Parilli,1963,11,1963-11-17,False,BOS,KAN,H,T,24,24,25,47,354,1,1,76.0,,4,15,1,0,0,0,0,,,23.66,23.66,17064,False,sacked;two_pt;fum_rec_td,PFR,19631117-KAN-BOS,False,two_pt;fum_rec_td,False,True,two_pt;fum_rec_td,,2
Babe Parilli,1963,12,1963-12-01,False,BOS,BUF,H,W,17,7,12,31,193,1,0,71.0,,3,12,1,0,0,0,0,0,0,18.92,18.92,17064,False,sacked,PFR+SCORE0,19631201-BUF-BOS,True,,True,True,,,0
Babe Parilli,1963,13,1963-12-08,False,BOS,HOU,A,W,46,28,7,19,108,1,1,52.1,,3,17,0,0,0,0,0,,,8.02,8.02,17064,False,sacked;two_pt;fum_rec_td,PFR,19631208-BOS-HOU,False,two_pt;fum_rec_td,False,True,two_pt;fum_rec_td,,14
Babe Parilli,1963,14,1963-12-14,False,BOS,KAN,A,L,3,35,7,22,64,0,5,1.5,,3,15,0,0,0,0,0,0,0,-5.94,-5.94,17064,False,sacked,PFR+SCORE0,19631214-BOS-KAN,True,,True,True,,,0
Babe Parilli,1963,15,1963-12-28,True,BOS,BUF,A,W,26,8,14,35,300,2,1,78.3,,1,0,0,0,0,0,0,0,0,18.0,18.0,17064,False,sacked,PFR+SCORE0,19631228-BOS-BUF,True,,True,True,,,0
Babe Parilli,1963,16,1964-01-05,True,BOS,SDG,A,L,10,51,14,29,189,0,1,55.1,,1,10,0,0,0,0,0,0,0,6.56,6.56,17064,False,sacked,PFR+SCORE0,19640105-BOS-SDG,True,,True,True,,,0
Babe Parilli,1964,1,1964-09-13,False,BOS,OAK,A,W,17,14,9,21,166,2,0,102.5,,1,7,0,0,0,0,0,0,0,15.34,15.34,17064,False,sacked,PFR+SCORE0,19640913-BOS-OAK,True,,True,True,,,0
Babe Parilli,1964,2,1964-09-20,False,BOS,SDG,A,W,33,28,15,32,174,3,0,95.1,,2,2,0,0,0,0,0,0,0,19.16,19.16,17064,False,sacked,PFR+SCORE0,19640920-BOS-SDG,True,,True,True,,,0
Babe Parilli,1964,3,1964-09-27,False,BOS,NYJ,H,W,26,10,13,34,223,2,2,56.4,,0,0,0,0,0,0,0,0,0,12.92,12.92,17064,False,sacked,PFR+SCORE0,19640927-NYJ-BOS,True,,True,True,,,0
Babe Parilli,1964,4,1964-10-04,False,BOS,DEN,A,W,39,10,14,32,150,1,0,68.5,,4,25,0,0,0,0,0,0,0,12.5,12.5,17064,False,sacked,PFR+SCORE0,19641004-BOS-DEN,True,,True,True,,,0
Babe Parilli,1964,5,1964-10-09,False,BOS,SDG,H,L,17,26,17,35,205,1,4,36.9,,1,12,0,0,0,0,0,0,0,5.4,5.4,17064,False,sacked,PFR+SCORE0,19641009-SDG-BOS,True,,True,True,,,0
Babe Parilli,1964,6,1964-10-16,False,BOS,OAK,H,T,43,43,25,47,422,4,4,76.7,,1,0,0,0,0,0,0,,,24.88,24.88,17064,False,sacked;two_pt;fum_rec_td,PFR,19641016-OAK-BOS,False,two_pt;fum_rec_td,False,True,two_pt;fum_rec_td,,2
Babe Parilli,1964,7,1964-10-23,False,BOS,KAN,H,W,24,7,13,18,171,2,1,115.7,,1,15,0,0,0,0,0,0,0,14.34,14.34,17064,False,sacked,PFR+SCORE0,19641023-KAN-BOS,True,,True,True,,,0
Babe Parilli,1964,8,1964-10-31,False,BOS,NYJ,A,L,14,35,18,40,304,2,5,48.3,,0,0,0,0,0,0,0,0,0,10.16,10.16,17064,False,sacked,PFR+SCORE0,19641031-BOS-NYJ,True,,True,True,,,0
Babe Parilli,1964,9,1964-11-06,False,BOS,HOU,H,W,25,24,14,29,256,0,1,64.7,,8,96,2,0,0,0,0,0,0,29.84,29.84,17064,False,sacked,PFR+SCORE0,19641106-HOU-BOS,True,,True,True,,,0
Babe Parilli,1964,10,1964-11-15,False,BOS,BUF,A,W,36,28,18,35,242,5,1,101.4,,4,0,0,0,0,0,0,,,27.68,27.68,17064,False,sacked;two_pt;fum_rec_td,PFR,19641115-BOS-BUF,False,two_pt;fum_rec_td,False,True,two_pt;fum_rec_td,,2
Babe Parilli,1964,11,1964-11-20,False,BOS,DEN,H,W,12,7,13,33,222,1,5,33.5,,1,-1,0,0,0,0,0,,,2.78,2.78,17064,False,sacked;two_pt;fum_rec_td,PFR,19641120-DEN-BOS,False,two_pt;fum_rec_td,False,True,two_pt;fum_rec_td,,2
Babe Parilli,1964,12,1964-11-29,False,BOS,HOU,A,W,34,17,20,36,336,3,1,103.5,,1,-5,0,0,0,0,0,,,22.94,22.94,17064,False,sacked;two_pt;fum_rec_td,PFR,19641129-BOS-HOU,False,two_pt;fum_rec_td,False,True,two_pt;fum_rec_td,,6
Babe Parilli,1964,13,1964-12-06,False,BOS,KAN,A,W,31,24,20,41,300,3,1,87.4,,7,12,0,0,0,0,0,0,0,23.2,23.2,17064,False,sacked,PFR+SCORE0,19641206-BOS-KAN,True,,True,True,,,0
Babe Parilli,1964,14,1964-12-20,False,BOS,BUF,H,L,14,24,19,39,294,2,2,69.8,,1,4,0,0,0,0,0,,,16.16,16.16,17064,False,sacked;two_pt;fum_rec_td,PFR,19641220-BUF-BOS,False,two_pt;fum_rec_td,False,True,two_pt;fum_rec_td,,2
Babe Parilli,1965,1,1965-09-11,False,BOS,BUF,A,L,7,24,10,35,151,1,5,15.0,,7,71,0,0,0,0,0,0,0,7.14,7.14,17064,False,sacked,PFR+SCORE0,19650911-BOS-BUF,True,,True,True,,,0
Babe Parilli,1965,2,1965-09-19,False,BOS,HOU,A,L,10,31,15,38,134,0,4,10.1,,7,21,0,0,0,0,0,0,0,-0.54,-0.54,17064,False,sacked,PFR+SCORE0,19650919-BOS-HOU,True,,True,True,,,0
Babe Parilli,1965,3,1965-09-24,False,BOS,DEN,H,L,10,27,7,20,98,1,2,28.7,,1,1,0,0,0,0,0,0,0,4.02,4.02,17064,False,sacked,PFR+SCORE0,19650924-DEN-BOS,True,,True,True,,,0
Babe Parilli,1965,4,1965-10-03,False,BOS,KAN,A,L,17,27,16,36,219,0,2,41.3,,5,13,0,0,0,0,0,0,0,6.06,6.06,17064,False,sacked,PFR+SCORE0,19651003-BOS-KAN,True,,True,True,,,0
Babe Parilli,1965,5,1965-10-08,False,BOS,OAK,H,L,10,24,13,30,165,0,0,61.1,,5,14,0,0,0,0,0,0,0,8.0,8.0,17064,False,sacked,PFR+SCORE0,19651008-OAK-BOS,True,,True,True,,,0
Babe Parilli,1965,6,1965-10-17,False,BOS,SDG,H,T,13,13,5,24,132,1,1,46.5,,1,5,0,0,0,0,0,0,0,7.78,7.78,17064,False,sacked,PFR+SCORE0,19651017-SDG-BOS,True,,True,True,,,0
Babe Parilli,1965,7,1965-10-24,False,BOS,OAK,A,L,21,30,15,31,222,2,2,66.9,,1,11,0,0,0,0,0,0,0,13.98,13.98,17064,False,sacked,PFR+SCORE0,19651024-BOS-OAK,True,,True,True,,,0
Babe Parilli,1965,8,1965-10-31,False,BOS,SDG,A,W,22,6,7,21,148,2,2,51.4,,1,7,0,0,0,0,0,,,10.62,10.62,17064,False,sacked;two_pt;fum_rec_td,PFR,19651031-BOS-SDG,False,two_pt;fum_rec_td,False,True,two_pt;fum_rec_td,,2
Babe Parilli,1965,9,1965-11-07,False,BOS,BUF,H,L,7,23,15,34,206,0,2,39.6,,7,16,0,0,0,0,0,0,0,5.84,5.84,17064,False,sacked,PFR+SCORE0,19651107-BUF-BOS,True,,True,True,,,0
Babe Parilli,1965,10,1965-11-14,False,BOS,NYJ,H,L,20,30,22,50,275,2,3,50.0,,4,-2,0,0,0,0,0,0,0,12.8,12.8,17064,False,sacked,PFR+SCORE0,19651114-NYJ-BOS,True,,True,True,,,0
Babe Parilli,1965,11,1965-11-21,False,BOS,KAN,H,T,10,10,12,22,172,1,1,76.3,,3,10,0,0,0,0,0,0,0,9.88,9.88,17064,False,sacked,PFR+SCORE0,19651121-KAN-BOS,True,,True,True,,,0
Babe Parilli,1965,12,1965-11-28,False,BOS,NYJ,A,W,27,23,10,33,183,2,1,58.0,,2,8,0,0,0,0,0,0,0,14.12,14.12,17064,False,sacked,PFR+SCORE0,19651128-BOS-NYJ,True,,True,True,,,0
Babe Parilli,1965,13,1965-12-12,False,BOS,DEN,A,W,28,20,11,22,201,3,1,102.5,,1,9,0,0,0,0,0,0,0,18.94,18.94,17064,False,sacked,PFR+SCORE0,19651212-BOS-DEN,True,,True,True,,,0
Babe Parilli,1965,14,1965-12-18,False,BOS,HOU,H,W,42,14,15,30,291,3,0,117.5,,2,8,0,0,0,0,0,,,24.44,24.44,17064,False,sacked;two_pt;fum_rec_td,PFR,19651218-HOU-BOS,False,two_pt;fum_rec_td,False,True,two_pt;fum_rec_td,,2
Babe Parilli,1966,1,1966-09-10,False,BOS,SDG,A,L,0,24,13,39,137,0,4,4.9,,0,0,0,0,0,0,0,0,0,-2.52,-2.52,17064,False,sacked,PFR+SCORE0,19660910-BOS-SDG,True,,True,True,,,0
Babe Parilli,1966,2,1966-09-18,False,BOS,DEN,A,W,24,10,9,23,133,0,2,22.6,,0,0,0,0,0,0,0,,,1.32,1.32,17064,False,sacked;two_pt;fum_rec_td,PFR,19660918-BOS-DEN,False,two_pt;fum_rec_td,False,True,two_pt;fum_rec_td,,2
Babe Parilli,1966,3,1966-09-25,False,BOS,KAN,H,L,24,43,12,29,173,1,3,33.3,,3,12,0,0,0,0,0,0,0,6.12,6.12,17064,False,sacked,PFR+SCORE0,19660925-KAN-BOS,True,,True,True,,,0
Babe Parilli,1966,4,1966-10-02,False,BOS,NYJ,H,T,24,24,14,29,152,1,1,61.3,,3,3,0,0,0,0,0,0,0,8.38,8.38,17064,False,sacked,PFR+SCORE0,19661002-NYJ-BOS,True,,True,True,,,0
Babe Parilli,1966,5,1966-10-08,False,BOS,BUF,A,W,20,10,12,26,177,1,0,81.7,,1,17,0,0,0,0,0,0,0,12.78,12.78,17064,False,sacked,PFR+SCORE0,19661008-BOS-BUF,True,,True,True,,,0
Babe Parilli,1966,6,1966-10-23,False,BOS,SDG,H,W,35,17,13,22,250,3,1,119.3,,2,-1,0,0,0,0,0,0,0,19.9,19.9,17064,False,sacked,PFR+SCORE0,19661023-SDG-BOS,True,,True,True,,,0
Babe Parilli,1966,7,1966-10-30,False,BOS,OAK,H,W,24,21,4,11,67,1,2,48.5,,5,0,0,0,0,0,0,0,0,2.68,2.68,17064,False,sacked,PFR+SCORE0,19661030-OAK-BOS,True,,True,True,,,0
Babe Parilli,1966,8,1966-11-06,False,BOS,DEN,H,L,10,17,14,26,111,0,0,64.7,,5,-14,0,0,0,0,0,,,3.04,3.04,17064,False,sacked;two_pt;fum_rec_td,PFR,19661106-DEN-BOS,False,two_pt;fum_rec_td,False,True,two_pt;fum_rec_td,,6
Babe Parilli,1966,9,1966-11-13,False,BOS,HOU,H,W,27,21,12,30,242,3,0,102.4,,1,3,0,0,0,0,0,0,0,21.98,21.98,17064,False,sacked,PFR+SCORE0,19661113-HOU-BOS,True,,True,True,,,0
Babe Parilli,1966,10,1966-11-20,False,BOS,KAN,A,T,27,27,19,34,252,3,2,84.4,,0,0,0,0,0,0,0,0,0,18.08,18.08,17064,False,sacked,PFR+SCORE0,19661120-BOS-KAN,True,,True,True,,,0
Babe Parilli,1966,11,1966-11-27,False,BOS,MIA,A,W,20,14,14,32,273,1,2,58.5,,1,10,0,0,0,0,0,0,0,11.92,11.92,17064,False,sacked,PFR+SCORE0,19661127-BOS-MIA,True,,True,True,,,0
Babe Parilli,1966,12,1966-12-04,False,BOS,BUF,H,W,14,3,9,22,119,0,1,39.8,,5,-7,1,0,0,0,0,0,0,8.06,8.06,17064,False,sacked,PFR+SCORE0,19661204-BUF-BOS,True,,True,True,,,0
Babe Parilli,1966,13,1966-12-11,False,BOS,HOU,A,W,38,14,15,21,256,3,0,152.0,,1,16,0,0,0,0,0,0,0,23.84,23.84,17064,False,sacked,PFR+SCORE0,19661211-BOS-HOU,True,,True,True,,,0
Babe Parilli,1966,14,1966-12-17,False,BOS,NYJ,A,L,28,38,21,38,379,3,2,94.1,,1,3,0,0,0,0,0,,,23.46,23.46,17064,False,sacked;two_pt;fum_rec_td,PFR,19661217-BOS-NYJ,False,two_pt;fum_rec_td,False,True,two_pt;fum_rec_td,,2
Babe Parilli,1967,1,1967-09-03,False,BOS,DEN,A,L,21,26,16,30,234,3,6,72.8,,0,0,0,0,0,0,0,0,0,9.36,9.36,17064,False,sacked,PFR+SCORE0,19670903-BOS-DEN,True,,True,True,,,0
Babe Parilli,1967,2,1967-09-09,False,BOS,SDG,A,L,14,28,17,32,187,2,2,65.5,,1,2,0,0,0,0,0,0,0,11.68,11.68,17064,False,sacked,PFR+SCORE0,19670909-BOS-SDG,True,,True,True,,,0
Babe Parilli,1967,3,1967-09-17,False,BOS,OAK,A,L,7,35,19,33,254,1,3,54.4,,0,0,0,0,0,0,0,0,0,8.16,8.16,17064,False,sacked,PFR+SCORE0,19670917-BOS-OAK,True,,True,True,,,0
Babe Parilli,1967,4,1967-09-24,False,BOS,BUF,A,W,23,0,9,24,94,1,0,63.5,,1,-5,0,0,0,0,0,0,0,7.26,7.26,17064,False,sacked,PFR+SCORE0,19670924-BOS-BUF,True,,True,True,,,0
Babe Parilli,1967,5,1967-10-08,False,BOS,SDG,A,T,31,31,17,34,264,2,1,83.5,,2,-4,0,0,0,0,0,0,0,16.16,16.16,17064,False,sacked,PFR+SCORE0,19671008-BOS-SDG,True,,True,True,,,0
Babe Parilli,1967,6,1967-10-15,False,BOS,MIA,H,W,41,10,16,20,281,5,2,118.7,,1,14,0,0,0,0,0,,,28.64,28.64,17064,False,sacked;two_pt;fum_rec_td,PFR,19671015-MIA-BOS,False,two_pt;fum_rec_td,False,True,two_pt;fum_rec_td,,6
Babe Parilli,1967,7,1967-10-22,False,BOS,OAK,H,L,14,48,10,33,118,1,0,52.3,,1,-3,0,0,0,0,0,0,0,8.42,8.42,17064,False,sacked,PFR+SCORE0,19671022-OAK-BOS,True,,True,True,,,0
Babe Parilli,1967,8,1967-10-29,False,BOS,NYJ,A,L,23,30,13,36,135,1,2,33.9,,2,12,0,0,0,0,0,,,6.6,6.6,17064,False,sacked;two_pt;fum_rec_td,PFR,19671029-BOS-NYJ,False,two_pt;fum_rec_td,False,True,two_pt;fum_rec_td,,6
Babe Parilli,1967,9,1967-11-05,False,BOS,HOU,H,W,18,7,12,23,149,0,0,72.6,,2,20,0,0,0,0,0,,,7.96,7.96,17064,False,sacked;two_pt;fum_rec_td,PFR,19671105-HOU-BOS,False,two_pt;fum_rec_td,False,True,two_pt;fum_rec_td,,3
Babe Parilli,1967,10,1967-11-12,False,BOS,KAN,H,L,10,33,14,33,224,1,1,63.2,,2,20,0,0,0,0,0,0,0,12.96,12.96,17064,False,sacked,PFR+SCORE0,19671112-KAN-BOS,True,,True,True,,,0
Babe Parilli,1967,11,1967-11-19,False,BOS,NYJ,H,L,24,29,1,3,6,0,0,42.4,,1,4,0,0,0,0,0,0,0,0.64,0.64,17064,False,sacked,PFR+SCORE0,19671119-NYJ-BOS,True,,True,True,,,0
Babe Parilli,1967,12,1967-11-26,False,BOS,HOU,A,L,6,27,4,8,38,0,1,24.0,,1,1,0,0,0,0,0,0,0,-0.38,-0.38,17064,False,sacked,PFR+SCORE0,19671126-BOS-HOU,True,,True,True,,,0
Babe Parilli,1967,13,1967-12-09,False,BOS,BUF,H,L,16,44,2,9,67,1,3,55.6,,0,0,0,0,0,0,0,,,0.68,0.68,17064,False,sacked;two_pt;fum_rec_td,PFR,19671209-BUF-BOS,False,two_pt;fum_rec_td,False,True,two_pt;fum_rec_td,,2
Babe Parilli,1967,14,1967-12-17,False,BOS,MIA,A,L,32,41,11,26,266,1,3,53.2,,0,0,0,0,0,0,0,,,8.64,8.64,17064,False,sacked;two_pt;fum_rec_td,PFR,19671217-BOS-MIA,False,two_pt;fum_rec_td,False,True,two_pt;fum_rec_td,,6
Babe Parilli,1968,2,1968-09-22,False,NYJ,BOS,A,W,47,31,1,4,-7,0,1,0.0,,2,-11,0,0,0,0,0,,,-3.38,-3.38,17064,False,sacked;two_pt;fum_rec_td,PFR,19680922-NYJ-BOS,False,two_pt;fum_rec_td,False,True,two_pt;fum_rec_td,,12
Babe Parilli,1968,7,1968-10-27,False,NYJ,BOS,H,W,48,14,1,2,10,0,0,64.6,,2,4,1,0,0,0,0,0,0,6.8,6.8,17064,False,sacked,PFR+SCORE0,19681027-BOS-NYJ,True,,True,True,,,0
Babe Parilli,1968,11,1968-11-24,False,NYJ,SDG,A,W,37,15,1,1,31,0,0,118.7,,0,0,0,0,0,0,0,0,0,1.24,1.24,17064,False,sacked,PFR+SCORE0,19681124-NYJ-SDG,True,,True,True,,,0
Babe Parilli,1968,12,1968-12-01,False,NYJ,MIA,H,W,35,17,10,18,166,3,0,126.4,,1,-4,0,0,0,0,0,0,0,18.24,18.24,17064,False,sacked,PFR+SCORE0,19681201-MIA-NYJ,True,,True,True,,,0
Babe Parilli,1968,13,1968-12-08,False,NYJ,CIN,H,W,27,14,7,15,80,1,0,85.4,,1,-1,0,0,0,0,0,0,0,7.1,7.1,17064,False,sacked,PFR+SCORE0,19681208-CIN-NYJ,True,,True,True,,,0
Babe Parilli,1968,14,1968-12-15,False,NYJ,MIA,A,W,31,7,9,15,121,1,1,80.1,,1,10,0,0,0,0,0,0,0,7.84,7.84,17064,False,sacked,PFR+SCORE0,19681215-NYJ-MIA,True,,True,True,,,0
Babe Parilli,1968,17,1968-12-29,True,NYJ,OAK,H,W,27,23,0,0,0,0,0,0,,0,0,0,0,0,0,0,0,0,0.0,0.0,17064,False,sacked,PFR+SCORE0,19681229-OAK-NYJ,True,,True,True,,,0
Babe Parilli,1968,18,1969-01-12,True,NYJ,BAL,N,W,16,7,0,1,0,0,0,39.6,,0,0,0,0,0,0,0,0,0,0.0,0.0,17064,False,sacked,PFR+SCORE0,19690112-BAL-NYJ-N,True,,True,True,,,0
Babe Parilli,1969,11,1969-11-23,False,NYJ,CIN,H,W,40,7,7,8,45,1,0,129.7,,2,3,0,0,0,0,0,0,0,6.1,6.1,17064,False,sacked,PFR+SCORE0,19691123-CIN-NYJ,True,,True,True,,,0
Babe Parilli,1969,13,1969-12-06,False,NYJ,HOU,A,W,34,26,1,2,29,0,0,95.8,,1,1,0,0,0,0,0,0,0,1.26,1.26,17064,False,sacked,PFR+SCORE0,19691206-NYJ-HOU,True,,True,True,,,0
Babe Parilli,1969,14,1969-12-14,False,NYJ,MIA,A,W,27,9,6,14,64,1,1,50.9,,0,0,0,0,0,0,0,0,0,4.56,4.56,17064,False,sacked,PFR+SCORE0,19691214-NYJ-MIA,True,,True,True,,,0
Jack Kemp,1960,1,1960-09-10,False,LAC,DTX,H,W,21,20,24,41,275,2,0,95.1,,7,19,1,0,0,0,0,0,0,26.9,26.9,12093,False,sacked,PFR+SCORE0,19600910-DTX-LAC,True,,True,True,,,0
Jack Kemp,1960,2,1960-09-18,False,LAC,HOU,A,L,28,38,27,44,337,4,1,106.0,,0,0,0,0,0,0,0,0,0,27.48,27.48,12093,False,sacked,PFR+SCORE0,19600918-LAC-HOU,True,,True,True,,,0
Jack Kemp,1960,3,1960-09-25,False,LAC,DTX,A,L,0,17,11,30,89,0,4,5.6,,3,1,0,0,0,0,0,0,0,-4.34,-4.34,12093,False,sacked,PFR+SCORE0,19600925-LAC-DTX,True,,True,True,,,0
Jack Kemp,1960,5,1960-10-08,False,LAC,BOS,H,L,0,35,15,28,140,0,2,37.8,,1,-1,0,0,0,0,0,0,0,1.5,1.5,12093,False,sacked,PFR+SCORE0,19601008-BOS-LAC,True,,True,True,,,0
Jack Kemp,1960,6,1960-10-16,False,LAC,DEN,A,W,23,19,16,29,243,0,1,68.6,,1,3,0,0,0,0,0,0,0,8.02,8.02,12093,False,sacked,PFR+SCORE0,19601016-LAC-DEN,True,,True,True,,,0
Jack Kemp,1960,7,1960-10-28,False,LAC,BOS,A,W,45,16,13,24,223,1,1,82.5,,4,7,1,0,0,0,0,,,17.62,17.62,12093,False,sacked;two_pt;fum_rec_td,PFR,19601028-LAC-BOS,False,two_pt;fum_rec_td,False,True,two_pt;fum_rec_td,,12
Jack Kemp,1960,8,1960-11-04,False,LAC,NYT,A,W,21,7,13,33,186,0,1,45.8,,6,42,1,0,0,0,0,0,0,15.64,15.64,12093,False,sacked,PFR+SCORE0,19601104-LAC-NYT,True,,True,True,,,0
Jack Kemp,1960,9,1960-11-13,False,LAC,HOU,H,W,24,21,18,37,296,2,2,71.5,,11,50,0,0,0,0,0,0,0,20.84,20.84,12093,False,sacked,PFR+SCORE0,19601113-HOU-LAC,True,,True,True,,,0
Jack Kemp,1960,10,1960-11-20,False,LAC,BUF,H,L,3,32,13,30,189,0,5,24.9,,3,8,0,0,0,0,0,0,0,-1.64,-1.64,12093,False,sacked,PFR+SCORE0,19601120-BUF-LAC,True,,True,True,,,0
Jack Kemp,1960,11,1960-11-27,False,LAC,OAK,H,W,52,28,13,24,307,2,2,92.4,,6,19,1,0,0,0,0,,,24.18,24.18,12093,False,sacked;two_pt;fum_rec_td,PFR,19601127-OAK-LAC,False,two_pt;fum_rec_td,False,True,two_pt;fum_rec_td,,6
Jack Kemp,1960,12,1960-12-04,False,LAC,OAK,A,W,41,17,17,25,289,3,0,146.5,,3,20,2,0,0,0,0,,,37.56,37.56,12093,False,sacked;two_pt;fum_rec_td,PFR,19601204-LAC-OAK,False,two_pt;fum_rec_td,False,True,two_pt;fum_rec_td,,6
Jack Kemp,1960,13,1960-12-10,False,LAC,DEN,H,W,41,33,15,32,205,3,2,73.0,,5,47,1,0,0,0,0,0,0,26.9,26.9,12093,False,sacked,PFR+SCORE0,19601210-DEN-LAC,True,,True,True,,,0
Jack Kemp,1960,14,1960-12-18,False,LAC,NYT,H,W,50,43,16,29,239,3,4,77.3,,4,23,1,0,0,0,0,0,0,21.86,21.86,12093,False,sacked,PFR+SCORE0,19601218-NYT-LAC,True,,True,True,,,0
Jack Kemp,1960,15,1961-01-01,True,LAC,HOU,A,L,16,24,21,41,171,0,2,41.8,,3,19,0,0,0,0,0,0,0,4.74,4.74,12093,False,sacked,PFR+SCORE0,19610101-LAC-HOU,True,,True,True,,,0
Jack Kemp,1961,1,1961-09-10,False,SDG,DTX,A,W,26,10,15,32,162,0,0,62.2,,3,29,0,0,0,0,0,0,0,9.38,9.38,12093,False,sacked,PFR+SCORE0,19610910-SDG-DTX,True,,True,True,,,0
Jack Kemp,1961,2,1961-09-17,False,SDG,OAK,H,W,44,0,11,20,130,0,0,75.0,,1,5,0,0,0,0,0,,,5.7,5.7,12093,False,sacked;two_pt;fum_rec_td,PFR,19610917-OAK-SDG,False,two_pt;fum_rec_td,False,True,two_pt;fum_rec_td,,6
Jack Kemp,1961,3,1961-09-24,False,SDG,HOU,H,W,34,24,6,17,101,2,0,95.5,,4,5,0,0,0,0,0,,,12.54,12.54,12093,False,sacked;two_pt;fum_rec_td,PFR,19610924-HOU-SDG,False,two_pt;fum_rec_td,False,True,two_pt;fum_rec_td,,6
Jack Kemp,1961,4,1961-09-30,False,SDG,BUF,A,W,19,11,14,26,146,0,1,54.3,,4,19,0,0,0,0,0,,,5.74,5.74,12093,False,sacked;two_pt;fum_rec_td,PFR,19610930-SDG-BUF,False,two_pt;fum_rec_td,False,True,two_pt;fum_rec_td,,6
Jack Kemp,1961,5,1961-10-07,False,SDG,BOS,A,W,38,27,12,24,315,3,2,100.7,,1,4,1,0,0,0,0,,,27.0,27.0,12093,False,sacked;two_pt;fum_rec_td,PFR,19611007-SDG-BOS,False,two_pt;fum_rec_td,False,True,two_pt;fum_rec_td,,6
Jack Kemp,1961,6,1961-10-15,False,SDG,NYT,A,W,25,10,15,38,302,0,1,57.1,,4,-2,2,0,0,0,0,,,21.88,21.88,12093,False,sacked;two_pt;fum_rec_td,PFR,19611015-SDG-NYT,False,two_pt;fum_rec_td,False,True,two_pt;fum_rec_td,,2
Jack Kemp,1961,7,1961-10-22,False,SDG,OAK,A,W,41,10,5,17,65,1,0,62.6,,2,6,1,0,0,0,0,0,0,13.2,13.2,12093,False,sacked,PFR+SCORE0,19611022-SDG-OAK,True,,True,True,,,0
Jack Kemp,1961,8,1961-10-29,False,SDG,DEN,H,W,37,0,11,28,162,1,4,31.2,,4,16,0,0,0,0,0,,,4.08,4.08,12093,False,sacked;two_pt;fum_rec_td,PFR,19611029-DEN-SDG,False,two_pt;fum_rec_td,False,True,two_pt;fum_rec_td,,12
Jack Kemp,1961,9,1961-11-05,False,SDG,NYT,H,W,48,13,8,18,127,1,2,47.5,,5,11,2,0,0,0,0,,,18.18,18.18,12093,False,sacked;two_pt;fum_rec_td,PFR,19611105-NYT-SDG,False,two_pt;fum_rec_td,False,True,two_pt;fum_rec_td,,6
Jack Kemp,1961,10,1961-11-12,False,SDG,DEN,A,W,19,16,11,31,201,2,3,40.6,,3,20,0,0,0,0,0,,,12.04,12.04,12093,False,sacked;two_pt;fum_rec_td,PFR,19611112-SDG-DEN,False,two_pt;fum_rec_td,False,True,two_pt;fum_rec_td,,6
Jack Kemp,1961,11,1961-11-19,False,SDG,DTX,H,W,24,14,15,27,357,2,1,109.7,,2,-1,0,0,0,0,0,,,20.18,20.18,12093,False,sacked;two_pt;fum_rec_td,PFR,19611119-DTX-SDG,False,two_pt;fum_rec_td,False,True,two_pt;fum_rec_td,,6
Jack Kemp,1961,12,1961-12-03,False,SDG,HOU,A,L,13,33,22,39,242,2,2,70.7,,4,8,0,0,0,0,0,0,0,14.48,14.48,12093,False,sacked,PFR+SCORE0,19611203-SDG-HOU,True,,True,True,,,0
Jack Kemp,1961,13,1961-12-10,False,SDG,BUF,H,W,28,10,11,21,213,1,2,64.3,,4,2,0,0,0,0,0,,,8.72,8.72,12093,False,sacked;two_pt;fum_rec_td,PFR,19611210-BUF-SDG,False,two_pt;fum_rec_td,False,True,two_pt;fum_rec_td,,6
Jack Kemp,1961,14,1961-12-17,False,SDG,BOS,H,L,0,41,9,26,163,0,4,17.5,,2,-17,0,0,0,0,0,0,0,-3.18,-3.18,12093,False,sacked,PFR+SCORE0,19611217-BOS-SDG,True,,True,True,,,0
Jack Kemp,1961,15,1961-12-24,True,SDG,HOU,H,L,3,10,17,32,226,0,4,36.2,,4,5,0,0,0,0,0,0,0,1.54,1.54,12093,False,sacked,PFR+SCORE0,19611224-HOU-SDG,True,,True,True,,,0
Jack Kemp,1962,1,1962-09-07,False,SDG,DEN,A,L,21,30,8,27,108,1,1,40.7,,4,2,0,0,0,0,0,,,6.52,6.52,12093,False,sacked;two_pt;fum_rec_td,PFR,19620907-SDG-DEN,False,two_pt;fum_rec_td,False,True,two_pt;fum_rec_td,,6
Jack Kemp,1962,2,1962-09-16,False,SDG,NYT,H,W,40,14,5,18,184,1,1,65.0,,4,26,1,0,0,0,0,0,0,17.96,17.96,12093,False,sacked,PFR+SCORE0,19620916-NYT-SDG,True,,True,True,,,0
Jack Kemp,1962,11,1962-11-18,False,BUF,OAK,A,W,10,6,4,12,43,1,0,72.6,,1,28,0,0,0,0,0,0,0,8.52,8.52,12093,False,sacked,PFR+SCORE0,19621118-BUF-OAK,True,,True,True,,,0
Jack Kemp,1962,12,1962-11-23,False,BUF,BOS,A,L,10,21,14,22,194,0,0,91.9,,3,11,1,0,0,0,0,0,0,14.86,14.86,12093,False,sacked,PFR+SCORE0,19621123-BUF-BOS,True,,True,True,,,0
Jack Kemp,1962,13,1962-12-02,False,BUF,DTX,H,W,23,14,21,35,248,2,0,100.7,,5,10,0,0,0,0,0,0,0,18.92,18.92,12093,False,sacked,PFR+SCORE0,19621202-DTX-BUF,True,,True,True,,,0
Jack Kemp,1962,14,1962-12-08,False,BUF,NYT,A,W,20,3,12,25,151,0,4,27.7,,3,7,0,0,0,0,0,0,0,-1.26,-1.26,12093,False,sacked,PFR+SCORE0,19621208-BUF-NYT,True,,True,True,,,0
Jack Kemp,1963,1,1963-09-08,False,BUF,SDG,A,L,10,14,17,33,220,0,3,34.9,,2,19,0,0,0,0,0,0,0,4.7,4.7,12093,False,sacked,PFR+SCORE0,19630908-BUF-SDG,True,,True,True,,,0
Jack Kemp,1963,2,1963-09-15,False,BUF,OAK,A,L,17,35,19,36,284,2,1,85.9,,5,47,0,0,0,0,0,0,0,22.06,22.06,12093,False,sacked,PFR+SCORE0,19630915-BUF-OAK,True,,True,True,,,0
Jack Kemp,1963,3,1963-09-22,False,BUF,KAN,H,T,27,27,15,25,244,1,1,89.4,,7,32,2,0,0,0,0,,,26.96,26.96,12093,False,sacked;two_pt;fum_rec_td,PFR,19630922-KAN-BUF,False,two_pt;fum_rec_td,False,True,two_pt;fum_rec_td,,8
Jack Kemp,1963,4,1963-09-28,False,BUF,HOU,H,L,20,31,6,10,119,0,0,101.7,,2,20,0,0,0,0,0,,,6.76,6.76,12093,False,sacked;two_pt;fum_rec_td,PFR,19630928-HOU-BUF,False,two_pt;fum_rec_td,False,True,two_pt;fum_rec_td,,6
Jack Kemp,1963,5,1963-10-05,False,BUF,OAK,H,W,12,0,15,33,177,1,1,59.8,,4,13,0,0,0,0,0,,,10.38,10.38,12093,False,sacked;two_pt;fum_rec_td,PFR,19631005-OAK-BUF,False,two_pt;fum_rec_td,False,True,two_pt;fum_rec_td,,2
Jack Kemp,1963,6,1963-10-13,False,BUF,KAN,A,W,35,26,12,24,300,2,2,88.9,,2,2,1,0,0,0,0,0,0,22.2,22.2,12093,False,sacked,PFR+SCORE0,19631013-BUF-KAN,True,,True,True,,,0
Jack Kemp,1963,7,1963-10-20,False,BUF,HOU,A,L,14,28,18,43,252,2,4,38.1,,3,18,0,0,0,0,0,0,0,11.88,11.88,12093,False,sacked,PFR+SCORE0,19631020-BUF-HOU,True,,True,True,,,0
Jack Kemp,1963,8,1963-10-26,False,BUF,BOS,H,W,28,21,18,36,317,1,1,78.1,,9,26,3,0,0,0,0,0,0,35.28,35.28,12093,False,sacked,PFR+SCORE0,19631026-BOS-BUF,True,,True,True,,,0
Jack Kemp,1963,9,1963-11-03,False,BUF,DEN,A,W,30,28,7,11,121,1,0,131.2,,2,3,0,0,0,0,0,0,0,9.14,9.14,12093,False,sacked,PFR+SCORE0,19631103-BUF-DEN,True,,True,True,,,0
Jack Kemp,1963,10,1963-11-09,False,BUF,DEN,H,W,27,17,16,36,273,3,1,86.9,,6,23,1,0,0,0,0,0,0,29.22,29.22,12093,False,sacked,PFR+SCORE0,19631109-DEN-BUF,True,,True,True,,,0
Jack Kemp,1963,11,1963-11-17,False,BUF,SDG,H,L,13,23,23,36,278,0,3,52.8,,1,12,0,0,0,0,0,0,0,6.32,6.32,12093,False,sacked,PFR+SCORE0,19631117-SDG-BUF,True,,True,True,,,0
Jack Kemp,1963,12,1963-12-01,False,BUF,BOS,A,L,7,17,19,46,191,0,2,35.7,,4,16,0,0,0,0,0,0,0,5.24,5.24,12093,False,sacked,PFR+SCORE0,19631201-BUF-BOS,True,,True,True,,,0
Jack Kemp,1963,14,1963-12-14,False,BUF,NYJ,A,W,19,10,8,15,134,0,1,56.0,,3,8,1,0,0,0,0,,,10.16,10.16,12093,False,sacked;two_pt;fum_rec_td,PFR,19631214-BUF-NYJ,False,two_pt;fum_rec_td,False,True,two_pt;fum_rec_td,,4
Jack Kemp,1963,15,1963-12-28,True,BUF,BOS,H,L,8,26,10,21,133,0,1,48.3,,2,-4,0,0,0,0,0,,,2.92,2.92,12093,False,sacked;two_pt;fum_rec_td,PFR,19631228-BOS-BUF,False,two_pt;fum_rec_td,False,True,two_pt;fum_rec_td,,2
Jack Kemp,1964,1,1964-09-13,False,BUF,KAN,H,W,34,17,15,34,218,3,3,58.2,,5,24,0,0,0,0,0,,,17.12,17.12,12093,False,sacked;two_pt;fum_rec_td,PFR,19640913-KAN-BUF,False,two_pt;fum_rec_td,False,True,two_pt;fum_rec_td,,6
Jack Kemp,1964,2,1964-09-20,False,BUF,DEN,H,W,30,13,8,18,136,0,4,31.0,,3,2,0,0,0,0,0,0,0,-2.36,-2.36,12093,False,sacked,PFR+SCORE0,19640920-DEN-BUF,True,,True,True,,,0
Jack Kemp,1964,3,1964-09-26,False,BUF,SDG,H,W,30,3,8,19,95,0,1,36.1,,1,-9,0,0,0,0,0,,,0.9,0.9,12093,False,sacked;two_pt;fum_rec_td,PFR,19640926-SDG-BUF,False,two_pt;fum_rec_td,False,True,two_pt;fum_rec_td,,6
Jack Kemp,1964,4,1964-10-03,False,BUF,OAK,H,W,23,20,10,26,173,0,2,29.8,,3,14,1,0,0,0,0,,,10.32,10.32,12093,False,sacked;two_pt;fum_rec_td,PFR,19641003-OAK-BUF,False,two_pt;fum_rec_td,False,True,two_pt;fum_rec_td,,2
Jack Kemp,1964,5,1964-10-11,False,BUF,HOU,A,W,48,17,14,26,378,3,3,97.9,,5,22,0,0,0,0,0,0,0,23.32,23.32,12093,False,sacked,PFR+SCORE0,19641011-BUF-HOU,True,,True,True,,,0
Jack Kemp,1964,6,1964-10-18,False,BUF,KAN,A,W,35,22,14,23,256,3,3,99.2,,3,1,1,0,0,0,0,0,0,22.34,22.34,12093,False,sacked,PFR+SCORE0,19641018-BUF-KAN,True,,True,True,,,0
Jack Kemp,1964,7,1964-10-24,False,BUF,NYJ,H,W,34,24,8,16,220,1,1,90.6,,3,34,0,0,0,0,0,0,0,14.2,14.2,12093,False,sacked,PFR+SCORE0,19641024-NYJ-BUF,True,,True,True,,,0
Jack Kemp,1964,8,1964-11-01,False,BUF,HOU,H,W,24,10,2,7,43,0,1,13.1,,1,2,0,0,0,0,0,0,0,-0.08,-0.08,12093,False,sacked,PFR+SCORE0,19641101-HOU-BUF,True,,True,True,,,0
Jack Kemp,1964,9,1964-11-08,False,BUF,NYJ,A,W,20,7,2,7,26,0,1,3.0,,1,3,0,0,0,0,0,0,0,-0.66,-0.66,12093,False,sacked,PFR+SCORE0,19641108-BUF-NYJ,True,,True,True,,,0
Jack Kemp,1964,10,1964-11-15,False,BUF,BOS,H,L,28,36,16,41,295,2,2,60.5,,3,10,0,0,0,0,0,,,16.8,16.8,12093,False,sacked;two_pt;fum_rec_td,PFR,19641115-BOS-BUF,False,two_pt;fum_rec_td,False,True,two_pt;fum_rec_td,,8
Jack Kemp,1964,11,1964-11-26,False,BUF,SDG,A,W,27,24,8,20,136,0,1,42.9,,2,1,1,0,0,0,0,,,9.54,9.54,12093,False,sacked;two_pt;fum_rec_td,PFR,19641126-BUF-SDG,False,two_pt;fum_rec_td,False,True,two_pt;fum_rec_td,,4
Jack Kemp,1964,12,1964-12-06,False,BUF,OAK,A,L,13,16,2,6,23,0,1,6.2,,1,2,0,0,0,0,0,0,0,-0.88,-0.88,12093,False,sacked,PFR+SCORE0,19641206-BUF-OAK,True,,True,True,,,0
Jack Kemp,1964,14,1964-12-20,False,BUF,BOS,A,W,24,14,12,24,286,1,3,67.7,,6,11,2,0,0,0,0,0,0,22.54,22.54,12093,False,sacked,PFR+SCORE0,19641220-BUF-BOS,True,,True,True,,,0
Jack Kemp,1964,15,1964-12-26,True,BUF,SDG,H,W,20,7,10,20,188,0,0,82.9,,5,16,1,0,0,0,0,0,0,15.12,15.12,12093,False,sacked,PFR+SCORE0,19641226-SDG-BUF,True,,True,True,,,0
Jack Kemp,1965,1,1965-09-11,False,BUF,BOS,H,W,24,7,19,40,280,1,2,58.3,,4,-8,1,0,0,0,0,,,16.4,16.4,12093,False,sacked;two_pt;fum_rec_td,PFR,19650911-BOS-BUF,False,two_pt;fum_rec_td,False,True,two_pt;fum_rec_td,,6
Jack Kemp,1965,2,1965-09-19,False,BUF,DEN,A,W,30,15,20,49,280,1,2,49.7,,4,-1,1,0,0,0,0,0,0,17.1,17.1,12093,False,sacked,PFR+SCORE0,19650919-BUF-DEN,True,,True,True,,,0
Jack Kemp,1965,3,1965-09-26,False,BUF,NYJ,H,W,33,21,22,37,292,1,0,93.5,,6,5,1,0,0,0,0,0,0,22.18,22.18,12093,False,sacked,PFR+SCORE0,19650926-NYJ-BUF,True,,True,True,,,0
Jack Kemp,1965,4,1965-10-03,False,BUF,OAK,H,W,17,12,10,21,154,1,2,48.6,,3,3,0,0,0,0,0,0,0,6.46,6.46,12093,False,sacked,PFR+SCORE0,19651003-OAK-BUF,True,,True,True,,,0
Jack Kemp,1965,5,1965-10-10,False,BUF,SDG,H,L,3,34,7,23,48,0,2,3.7,,2,14,0,1,-9,0,0,0,0,-1.58,-0.58,12093,False,sacked,PFR+SCORE0,19651010-SDG-BUF,True,,True,True,,,0
Jack Kemp,1965,6,1965-10-17,False,BUF,KAN,A,W,23,7,13,25,71,0,1,41.2,,2,10,0,0,0,0,0,,,1.84,1.84,12093,False,sacked;two_pt;fum_rec_td,PFR,19651017-BUF-KAN,False,two_pt;fum_rec_td,False,True,two_pt;fum_rec_td,,6
Jack Kemp,1965,7,1965-10-24,False,BUF,DEN,H,W,31,13,14,22,280,2,0,137.5,,0,0,0,0,0,0,0,0,0,19.2,19.2,12093,False,sacked,PFR+SCORE0,19651024-DEN-BUF,True,,True,True,,,0
Jack Kemp,1965,8,1965-10-31,False,BUF,HOU,H,L,17,19,10,22,148,0,2,30.1,,4,-4,0,0,0,0,0,0,0,1.52,1.52,12093,False,sacked,PFR+SCORE0,19651031-HOU-BUF,True,,True,True,,,0
Jack Kemp,1965,9,1965-11-07,False,BUF,BOS,A,W,23,7,7,23,99,0,0,45.4,,3,0,1,0,0,0,0,0,0,9.96,9.96,12093,False,sacked,PFR+SCORE0,19651107-BUF-BOS,True,,True,True,,,0
Jack Kemp,1965,10,1965-11-14,False,BUF,OAK,A,W,17,14,11,33,142,0,2,22.5,,4,20,0,0,0,0,0,0,0,3.68,3.68,12093,False,sacked,PFR+SCORE0,19651114-BUF-OAK,True,,True,True,,,0
Jack Kemp,1965,11,1965-11-25,False,BUF,SDG,A,T,20,20,17,36,211,1,1,63.5,,2,11,0,0,0,0,0,0,0,11.54,11.54,12093,False,sacked,PFR+SCORE0,19651125-BUF-SDG,True,,True,True,,,0
Jack Kemp,1965,12,1965-12-05,False,BUF,HOU,A,W,29,18,2,10,25,0,1,0.0,,2,-1,0,0,0,0,0,0,0,-1.1,-1.1,12093,False,sacked,PFR+SCORE0,19651205-BUF-HOU,True,,True,True,,,0
Jack Kemp,1965,13,1965-12-12,False,BUF,KAN,H,W,34,25,22,34,295,3,2,97.1,,0,0,0,0,0,0,0,0,0,19.8,19.8,12093,False,sacked,PFR+SCORE0,19651212-KAN-BUF,True,,True,True,,,0
Jack Kemp,1965,14,1965-12-19,False,BUF,NYJ,A,L,12,14,5,16,43,0,1,14.6,,0,0,0,0,0,0,0,0,0,-0.28,-0.28,12093,False,sacked,PFR+SCORE0,19651219-BUF-NYJ,True,,True,True,,,0
Jack Kemp,1965,15,1965-12-26,True,BUF,SDG,A,W,23,0,8,19,155,1,1,66.8,,0,0,0,0,0,0,0,0,0,8.2,8.2,12093,False,sacked,PFR+SCORE0,19651226-BUF-SDG,True,,True,True,,,0
Jack Kemp,1966,1,1966-09-04,False,BUF,SDG,A,L,7,27,4,20,74,0,3,2.9,,0,0,0,0,0,0,0,0,0,-3.04,-3.04,12093,False,sacked,PFR+SCORE0,19660904-BUF-SDG,True,,True,True,,,0
Jack Kemp,1966,2,1966-09-11,False,BUF,KAN,H,L,20,42,6,21,82,0,0,43.4,,4,-3,1,0,0,0,0,0,0,8.98,8.98,12093,False,sacked,PFR+SCORE0,19660911-KAN-BUF,True,,True,True,,,0
Jack Kemp,1966,3,1966-09-18,False,BUF,MIA,H,W,58,24,13,26,226,1,1,76.8,,3,14,1,0,0,0,0,,,18.44,18.44,12093,False,sacked;two_pt;fum_rec_td,PFR,19660918-MIA-BUF,False,two_pt;fum_rec_td,False,True,two_pt;fum_rec_td,,6
Jack Kemp,1966,4,1966-09-25,False,BUF,HOU,H,W,27,20,11,26,172,1,2,45.7,,2,2,0,0,0,0,0,,,7.08,7.08,12093,False,sacked;two_pt;fum_rec_td,PFR,19660925-HOU-BUF,False,two_pt;fum_rec_td,False,True,two_pt;fum_rec_td,,6
Jack Kemp,1966,5,1966-10-02,False,BUF,KAN,A,W,29,14,19,36,214,2,1,77.8,,3,8,0,0,0,0,0,0,0,15.36,15.36,12093,False,sacked,PFR+SCORE0,19661002-BUF-KAN,True,,True,True,,,0
Jack Kemp,1966,6,1966-10-08,False,BUF,BOS,H,L,10,20,18,38,298,0,0,74.2,,4,8,0,0,0,0,0,0,0,12.72,12.72,12093,False,sacked,PFR+SCORE0,19661008-BOS-BUF,True,,True,True,,,0
Jack Kemp,1966,7,1966-10-16,False,BUF,SDG,H,T,17,17,6,18,75,0,2,7.6,,0,0,0,0,0,0,0,0,0,-1.0,-1.0,12093,False,sacked,PFR+SCORE0,19661016-SDG-BUF,True,,True,True,,,0
Jack Kemp,1966,8,1966-10-30,False,BUF,NYJ,A,W,33,23,16,40,152,0,3,20.0,,2,2,2,0,0,0,0,0,0,12.28,12.28,12093,False,sacked,PFR+SCORE0,19661030-BUF-NYJ,True,,True,True,,,0
Jack Kemp,1966,9,1966-11-06,False,BUF,MIA,A,W,29,0,13,33,207,2,1,68.6,,1,6,0,0,0,0,0,,,14.88,14.88,12093,False,sacked;two_pt;fum_rec_td,PFR,19661106-BUF-MIA,False,two_pt;fum_rec_td,False,True,two_pt;fum_rec_td,,2
Jack Kemp,1966,10,1966-11-13,False,BUF,NYJ,H,W,14,3,10,23,132,1,0,76.7,,4,8,0,0,0,0,0,,,10.08,10.08,12093,False,sacked;two_pt;fum_rec_td,PFR,19661113-NYJ-BUF,False,two_pt;fum_rec_td,False,True,two_pt;fum_rec_td,,6
Jack Kemp,1966,11,1966-11-20,False,BUF,HOU,A,W,42,20,14,31,248,2,0,94.6,,2,26,1,0,0,0,0,,,26.52,26.52,12093,False,sacked;two_pt;fum_rec_td,PFR,19661120-BUF-HOU,False,two_pt;fum_rec_td,False,True,two_pt;fum_rec_td,,6
Jack Kemp,1966,12,1966-11-24,False,BUF,OAK,A,W,31,10,14,29,241,1,0,88.4,,6,45,0,0,0,0,0,0,0,18.14,18.14,12093,False,sacked,PFR+SCORE0,19661124-BUF-OAK,True,,True,True,,,0
Jack Kemp,1966,13,1966-12-04,False,BUF,BOS,A,L,3,14,13,25,183,0,2,42.6,,7,-15,0,0,0,0,0,0,0,1.82,1.82,12093,False,sacked,PFR+SCORE0,19661204-BUF-BOS,True,,True,True,,,0
Jack Kemp,1966,14,1966-12-18,False,BUF,DEN,H,W,38,21,9,23,147,1,1,57.7,,2,29,0,0,0,0,0,,,10.78,10.78,12093,False,sacked;two_pt;fum_rec_td,PFR,19661218-DEN-BUF,False,two_pt;fum_rec_td,False,True,two_pt;fum_rec_td,,12
Jack Kemp,1966,15,1967-01-01,True,BUF,KAN,H,L,7,31,12,27,253,1,2,59.6,,1,3,0,0,0,0,0,0,0,10.42,10.42,12093,False,sacked,PFR+SCORE0,19670101-KAN-BUF,True,,True,True,,,0
Jack Kemp,1967,1,1967-09-10,False,BUF,NYJ,H,W,20,17,12,23,167,2,2,68.6,,1,0,0,0,0,0,0,0,0,10.68,10.68,12093,False,sacked,PFR+SCORE0,19670910-NYJ-BUF,True,,True,True,,,0
Jack Kemp,1967,2,1967-09-17,False,BUF,HOU,H,L,3,20,14,30,177,0,2,37.8,,3,7,0,0,0,0,0,0,0,3.78,3.78,12093,False,sacked,PFR+SCORE0,19670917-HOU-BUF,True,,True,True,,,0
Jack Kemp,1967,3,1967-09-24,False,BUF,BOS,H,L,0,23,2,3,58,0,0,109.7,,2,-6,0,0,0,0,0,0,0,1.72,1.72,12093,False,sacked,PFR+SCORE0,19670924-BOS-BUF,True,,True,True,,,0
Jack Kemp,1967,4,1967-10-01,False,BUF,SDG,H,L,17,37,7,18,198,1,1,75.7,,2,12,0,0,0,0,0,0,0,11.12,11.12,12093,False,sacked,PFR+SCORE0,19671001-SDG-BUF,True,,True,True,,,0
Jack Kemp,1967,5,1967-10-08,False,BUF,DEN,A,W,17,16,15,39,224,1,3,34.6,,6,6,0,0,0,0,0,0,0,7.56,7.56,12093,False,sacked,PFR+SCORE0,19671008-BUF-DEN,True,,True,True,,,0
Jack Kemp,1967,6,1967-10-15,False,BUF,OAK,H,L,20,24,13,33,216,2,2,57.1,,1,2,0,0,0,0,0,0,0,12.84,12.84,12093,False,sacked,PFR+SCORE0,19671015-OAK-BUF,True,,True,True,,,0
Jack Kemp,1967,7,1967-10-29,False,BUF,HOU,A,L,3,10,10,22,106,0,2,22.2,,9,-1,0,0,0,0,0,0,0,0.14,0.14,12093,False,sacked,PFR+SCORE0,19671029-BUF-HOU,True,,True,True,,,0
Jack Kemp,1967,8,1967-11-05,False,BUF,MIA,H,W,35,13,9,18,150,2,1,92.4,,1,1,0,0,0,0,0,,,12.1,12.1,12093,False,sacked;two_pt;fum_rec_td,PFR,19671105-MIA-BUF,False,two_pt;fum_rec_td,False,True,two_pt;fum_rec_td,,6
Jack Kemp,1967,9,1967-11-12,False,BUF,NYJ,A,L,10,20,10,30,172,0,2,26.0,,1,0,0,0,0,0,0,0,0,2.88,2.88,12093,False,sacked,PFR+SCORE0,19671112-BUF-NYJ,True,,True,True,,,0
Jack Kemp,1967,10,1967-11-19,False,BUF,DEN,H,L,20,21,19,37,249,2,1,79.7,,3,15,0,0,0,0,0,0,0,17.46,17.46,12093,False,sacked,PFR+SCORE0,19671119-DEN-BUF,True,,True,True,,,0
Jack Kemp,1967,11,1967-11-26,False,BUF,MIA,A,L,14,17,16,30,252,1,4,53.1,,2,9,1,0,0,0,0,0,0,12.98,12.98,12093,False,sacked,PFR+SCORE0,19671126-BUF-MIA,True,,True,True,,,0
Jack Kemp,1967,12,1967-12-03,False,BUF,KAN,A,L,13,23,16,37,223,1,3,38.5,,0,0,0,0,0,0,0,0,0,6.92,6.92,12093,False,sacked,PFR+SCORE0,19671203-BUF-KAN,True,,True,True,,,0
Jack Kemp,1967,13,1967-12-09,False,BUF,BOS,A,W,44,16,9,16,122,1,1,75.5,,2,11,1,0,0,0,0,,,13.98,13.98,12093,False,sacked;two_pt;fum_rec_td,PFR,19671209-BUF-BOS,False,two_pt;fum_rec_td,False,True,two_pt;fum_rec_td,,12
Jack Kemp,1967,14,1967-12-24,False,BUF,OAK,A,L,21,28,9,33,189,1,2,35.8,,3,2,0,0,0,0,0,,,7.76,7.76,12093,False,sacked;two_pt;fum_rec_td,PFR,19671224-BUF-OAK,False,two_pt;fum_rec_td,False,True,two_pt;fum_rec_td,,8
Jack Kemp,1969,1,1969-09-14,False,BUF,NYJ,H,L,19,33,7,13,72,1,3,56.1,,0,0,0,0,0,0,0,0,0,0.88,0.88,12093,False,sacked,PFR+SCORE0,19690914-NYJ-BUF,True,,True,True,,,0
Jack Kemp,1969,2,1969-09-21,False,BUF,HOU,H,L,3,17,12,21,99,0,3,29.8,,4,25,0,0,0,0,0,0,0,0.46,0.46,12093,False,sacked,PFR+SCORE0,19690921-HOU-BUF,True,,True,True,,,0
Jack Kemp,1969,3,1969-09-28,False,BUF,DEN,H,W,41,28,19,38,249,3,0,97.4,,2,16,0,0,0,0,0,,,23.56,23.56,12093,False,sacked;two_pt;fum_rec_td,PFR,19690928-DEN-BUF,False,two_pt;fum_rec_td,False,True,two_pt;fum_rec_td,,6
Jack Kemp,1969,4,1969-10-05,False,BUF,HOU,A,L,14,28,20,46,223,1,4,29.5,,2,12,0,0,0,0,0,0,0,6.12,6.12,12093,False,sacked,PFR+SCORE0,19691005-BUF-HOU,True,,True,True,,,0
Jack Kemp,1969,5,1969-10-11,False,BUF,BOS,H,W,23,16,10,21,102,0,2,22.4,,0,0,0,0,0,0,0,0,0,0.08,0.08,12093,False,sacked,PFR+SCORE0,19691011-BOS-BUF,True,,True,True,,,0
Jack Kemp,1969,6,1969-10-19,False,BUF,OAK,A,L,21,50,8,26,155,2,2,46.2,,3,19,0,0,0,0,0,0,0,12.1,12.1,12093,False,sacked,PFR+SCORE0,19691019-BUF-OAK,True,,True,True,,,0
Jack Kemp,1969,7,1969-10-26,False,BUF,MIA,A,L,6,24,14,19,156,0,1,75.8,,7,16,0,0,0,0,0,0,0,5.84,5.84,12093,False,sacked,PFR+SCORE0,19691026-BUF-MIA,True,,True,True,,,0
Jack Kemp,1969,9,1969-11-09,False,BUF,NYJ,A,L,6,16,6,13,68,0,0,62.3,,2,16,0,0,0,0,0,0,0,4.32,4.32,12093,False,sacked,PFR+SCORE0,19691109-BUF-NYJ,True,,True,True,,,0
Jack Kemp,1969,10,1969-11-16,False,BUF,MIA,H,W,28,3,12,24,189,3,0,116.1,,3,9,0,0,0,0,0,0,0,20.46,20.46,12093,False,sacked,PFR+SCORE0,19691116-MIA-BUF,True,,True,True,,,0
Jack Kemp,1969,11,1969-11-23,False,BUF,BOS,A,L,21,35,18,32,255,2,4,63.4,,3,25,0,0,0,0,0,0,0,12.7,12.7,12093,False,sacked,PFR+SCORE0,19691123-BUF-BOS,True,,True,True,,,0
Jack Kemp,1969,12,1969-11-30,False,BUF,CIN,H,W,16,13,10,26,84,0,1,31.6,,6,7,0,0,0,0,0,,,2.06,2.06,12093,False,sacked;two_pt;fum_rec_td,PFR,19691130-CIN-BUF,False,two_pt;fum_rec_td,False,True,two_pt;fum_rec_td,,6
Jack Kemp,1969,13,1969-12-07,False,BUF,KAN,A,L,19,22,18,32,165,1,0,80.9,,4,-7,0,0,0,0,0,0,0,9.9,9.9,12093,False,sacked,PFR+SCORE0,19691207-BUF-KAN,True,,True,True,,,0
Jack Kemp,1969,14,1969-12-14,False,BUF,SDG,A,L,6,45,16,33,164,0,2,37.9,,1,-14,0,0,0,0,0,0,0,1.16,1.16,12093,False,sacked,PFR+SCORE0,19691214-BUF-SDG,True,,True,True,,,0
Earl Morrall,1960,3,1960-10-16,False,DET,PHI,A,L,10,28,7,14,63,0,1,32.7,,0,0,0,0,0,0,0,0,,0.52,0.52,15815,False,sacked;fum_rec_td,PFR+RULE2PT,19601016-DET-PHI,False,fum_rec_td,False,True,fum_rec_td,,6
Earl Morrall,1960,7,1960-11-13,False,DET,RAM,H,W,12,10,1,2,7,0,1,18.7,,2,-2,0,0,0,0,0,0,0,-1.92,-1.92,15815,False,sacked,PFR+RULE2PT+SCORE0,19601113-RAM-DET,True,,True,True,,,0
Earl Morrall,1960,10,1960-12-04,False,DET,BAL,A,W,20,15,5,6,151,2,0,158.3,,0,0,0,0,0,0,0,0,0,14.04,14.04,15815,False,sacked,PFR+RULE2PT+SCORE0,19601204-DET-BAL,True,,True,True,,,0
Earl Morrall,1960,11,1960-12-11,False,DET,DAL,H,W,23,14,12,14,145,1,0,133.6,,3,20,0,0,0,0,0,0,0,11.8,11.8,15815,False,sacked,PFR+RULE2PT+SCORE2,19601211-DAL-DET,True,,True,True,,,2
Earl Morrall,1960,12,1960-12-18,False,DET,CHI,H,W,36,0,7,13,57,1,1,58.8,,5,19,1,0,0,0,0,0,,12.18,12.18,15815,False,sacked;fum_rec_td,PFR+RULE2PT,19601218-CHI-DET,False,fum_rec_td,False,True,fum_rec_td,,8
Earl Morrall,1961,1,1961-09-17,False,DET,GNB,A,W,17,13,11,23,145,0,1,50.1,,3,5,0,0,0,0,0,0,0,4.3,4.3,15815,False,sacked,PFR+RULE2PT+SCORE0,19610917-DET-GNB,True,,True,True,,,0
Earl Morrall,1961,2,1961-09-24,False,DET,BAL,A,W,16,15,9,16,100,1,2,56.2,,3,18,0,0,0,0,0,0,0,5.8,5.8,15815,False,sacked,PFR+RULE2PT+SCORE0,19610924-DET-BAL,True,,True,True,,,0
Earl Morrall,1961,3,1961-10-01,False,DET,SFO,H,L,0,49,9,23,130,0,1,40.1,,3,-15,0,0,0,0,0,0,0,1.7,1.7,15815,False,sacked,PFR+RULE2PT+SCORE0,19611001-SFO-DET,True,,True,True,,,0
Earl Morrall,1961,4,1961-10-08,False,DET,CHI,H,L,17,31,11,30,190,1,3,30.6,,1,-5,0,0,0,0,0,0,0,5.1,5.1,15815,False,sacked,PFR+RULE2PT+SCORE0,19611008-CHI-DET,True,,True,True,,,0
Earl Morrall,1961,5,1961-10-15,False,DET,RAM,H,W,14,13,0,2,0,0,1,0.0,,0,0,0,0,0,0,0,0,0,-2.0,-2.0,15815,False,sacked,PFR+RULE2PT+SCORE0,19611015-RAM-DET,True,,True,True,,,0
Earl Morrall,1961,6,1961-10-22,False,DET,BAL,H,L,14,17,2,5,14,0,0,47.9,,0,0,0,0,0,0,0,0,0,0.56,0.56,15815,False,sacked,PFR+RULE2PT+SCORE0,19611022-BAL-DET,True,,True,True,,,0
Earl Morrall,1961,9,1961-11-12,False,DET,STL,A,W,45,14,2,5,10,1,0,87.5,,0,0,0,0,0,0,0,0,0,4.4,4.4,15815,False,sacked,PFR+RULE2PT+SCORE0,19611112-DET-STL,True,,True,True,,,0
Earl Morrall,1961,10,1961-11-19,False,DET,MIN,A,W,37,10,13,17,154,3,0,143.1,,7,62,0,0,0,0,0,0,,24.36,24.36,15815,False,sacked;fum_rec_td,PFR+RULE2PT,19611119-DET-MIN,False,fum_rec_td,False,True,fum_rec_td,,6
Earl Morrall,1961,11,1961-11-23,False,DET,GNB,H,L,9,17,2,6,27,0,1,9.0,,1,8,0,0,0,0,0,0,0,-0.12,-0.12,15815,False,sacked,PFR+RULE2PT+SCORE0,19611123-GNB-DET,True,,True,True,,,0
Earl Morrall,1961,12,1961-12-03,False,DET,CHI,A,W,16,15,8,15,108,1,0,98.7,,1,1,0,0,0,0,0,0,0,8.42,8.42,15815,False,sacked,PFR+RULE2PT+SCORE2,19611203-DET-CHI,True,,True,True,,,2
Earl Morrall,1961,13,1961-12-10,False,DET,MIN,H,W,13,7,2,8,31,0,0,43.2,,1,12,0,0,0,0,0,0,0,2.44,2.44,15815,False,sacked,PFR+RULE2PT+SCORE0,19611210-MIN-DET,True,,True,True,,,0
Earl Morrall,1961,14,1961-12-17,False,DET,PHI,H,L,24,27,0,0,0,0,0,0,,0,0,0,0,0,0,0,0,0,0.0,0.0,15815,False,sacked,PFR+RULE2PT+SCORE0,19611217-PHI-DET,True,,True,True,,,0
Earl Morrall,1962,5,1962-10-14,False,DET,RAM,H,W,13,10,0,0,0,0,0,0,,0,0,0,0,0,0,0,0,0,0.0,0.0,15815,False,sacked,PFR+RULE2PT+SCORE0,19621014-RAM-DET,True,,True,True,,,0
Earl Morrall,1962,8,1962-11-04,False,DET,RAM,A,W,12,3,4,8,51,1,0,109.9,,3,10,0,0,0,0,0,0,0,7.04,7.04,15815,False,sacked,PFR+RULE2PT+SCORE2,19621104-DET-RAM,True,,True,True,,,2
Earl Morrall,1962,9,1962-11-11,False,DET,SFO,A,W,38,24,1,2,53,0,0,95.8,,0,0,0,0,0,0,0,0,,2.12,2.12,15815,False,sacked;fum_rec_td,PFR+RULE2PT,19621111-DET-SFO,False,fum_rec_td,False,True,fum_rec_td,,6
Earl Morrall,1962,10,1962-11-18,False,DET,MIN,A,W,17,6,11,18,137,2,1,98.6,,2,-1,0,0,0,0,0,0,0,11.38,11.38,15815,False,sacked,PFR+RULE2PT+SCORE0,19621118-DET-MIN,True,,True,True,,,0
Earl Morrall,1962,11,1962-11-22,False,DET,GNB,H,W,26,14,2,2,10,0,0,87.5,,3,9,0,0,0,0,0,0,,1.3,1.3,15815,False,sacked;fum_rec_td,PFR+RULE2PT,19621122-GNB-DET,False,fum_rec_td,False,True,fum_rec_td,,8
Earl Morrall,1962,12,1962-12-02,False,DET,BAL,H,W,21,14,7,8,113,1,0,158.3,,5,4,1,0,0,0,0,0,0,14.92,14.92,15815,False,sacked,PFR+RULE2PT+SCORE0,19621202-BAL-DET,True,,True,True,,,0
Earl Morrall,1962,13,1962-12-09,False,DET,MIN,H,W,37,23,1,3,0,0,2,2.8,,2,31,0,0,0,0,0,0,,-0.9,-0.9,15815,False,sacked;fum_rec_td,PFR+RULE2PT,19621209-MIN-DET,False,fum_rec_td,False,True,fum_rec_td,,18
Earl Morrall,1962,14,1962-12-16,False,DET,CHI,A,L,0,3,6,11,85,0,1,41.9,,2,12,0,0,0,0,0,0,0,2.6,2.6,15815,False,sacked,PFR+RULE2PT+SCORE0,19621216-DET-CHI,True,,True,True,,,0
Earl Morrall,1963,1,1963-09-14,False,DET,RAM,A,W,23,2,1,2,9,0,0,62.5,,0,0,0,0,0,0,0,0,,0.36,0.36,15815,False,sacked;fum_rec_td,PFR+RULE2PT,19630914-DET-RAM,False,fum_rec_td,False,True,fum_rec_td,,6
Earl Morrall,1963,2,1963-09-22,False,DET,GNB,A,L,10,31,2,6,32,0,0,52.1,,0,0,0,0,0,0,0,0,0,1.28,1.28,15815,False,sacked,PFR+RULE2PT+SCORE0,19630922-DET-GNB,True,,True,True,,,0
Earl Morrall,1963,3,1963-09-29,False,DET,CHI,H,L,21,37,8,21,229,3,1,99.0,,2,9,0,0,0,0,0,0,0,20.06,20.06,15815,False,sacked,PFR+RULE2PT+SCORE0,19630929-CHI-DET,True,,True,True,,,0
Earl Morrall,1963,4,1963-10-06,False,DET,SFO,H,W,26,3,4,16,57,1,1,36.7,,0,0,0,0,0,0,0,0,0,4.28,4.28,15815,False,sacked,PFR+RULE2PT+SCORE2,19631006-SFO-DET,True,,True,True,,,2
Earl Morrall,1963,5,1963-10-13,False,DET,DAL,A,L,14,17,7,18,172,2,1,88.2,,2,4,0,0,0,0,0,0,0,13.28,13.28,15815,False,sacked,PFR+RULE2PT+SCORE0,19631013-DET-DAL,True,,True,True,,,0
Earl Morrall,1963,6,1963-10-20,False,DET,BAL,H,L,21,25,8,18,105,1,0,81.9,,5,12,0,0,0,0,0,0,,9.4,9.4,15815,False,sacked;fum_rec_td,PFR+RULE2PT,19631020-BAL-DET,False,fum_rec_td,False,True,fum_rec_td,,6
Earl Morrall,1963,7,1963-10-27,False,DET,MIN,H,W,28,10,12,16,208,3,1,130.2,,0,0,0,0,0,0,0,0,0,18.32,18.32,15815,False,sacked,PFR+RULE2PT+SCORE0,19631027-MIN-DET,True,,True,True,,,0
Earl Morrall,1963,8,1963-11-03,False,DET,SFO,A,W,45,7,24,36,330,4,3,98.1,,0,0,0,0,0,0,0,0,0,23.2,23.2,15815,False,sacked,PFR+RULE2PT+SCORE0,19631103-DET-SFO,True,,True,True,,,0
Earl Morrall,1963,9,1963-11-10,False,DET,BAL,A,L,21,24,22,34,296,2,0,111.9,,4,27,0,0,0,0,0,0,0,22.54,22.54,15815,False,sacked,PFR+RULE2PT+SCORE0,19631110-DET-BAL,True,,True,True,,,0
Earl Morrall,1963,10,1963-11-17,False,DET,RAM,H,L,21,28,21,41,312,3,4,61.3,,3,11,0,0,0,0,0,0,0,17.58,17.58,15815,False,sacked,PFR+RULE2PT+SCORE0,19631117-RAM-DET,True,,True,True,,,0
Earl Morrall,1963,11,1963-11-24,False,DET,MIN,A,L,31,34,21,34,264,2,0,105.5,,3,27,1,0,0,0,0,0,0,27.26,27.26,15815,False,sacked,PFR+RULE2PT+SCORE0,19631124-DET-MIN,True,,True,True,,,0
Earl Morrall,1963,12,1963-11-28,False,DET,GNB,H,T,13,13,19,37,214,0,0,69.0,,6,14,0,0,0,0,0,0,0,9.96,9.96,15815,False,sacked,PFR+RULE2PT+SCORE0,19631128-GNB-DET,True,,True,True,,,0
Earl Morrall,1963,13,1963-12-08,False,DET,CLE,H,W,38,10,13,25,271,2,1,100.6,,0,0,0,0,0,0,0,0,,16.84,16.84,15815,False,sacked;fum_rec_td,PFR+RULE2PT,19631208-CLE-DET,False,fum_rec_td,False,True,fum_rec_td,,6
Earl Morrall,1963,14,1963-12-15,False,DET,CHI,A,L,14,24,12,24,122,1,2,44.1,,1,1,0,0,0,0,0,0,,4.98,4.98,15815,False,sacked;fum_rec_td,PFR+RULE2PT,19631215-DET-CHI,False,fum_rec_td,False,True,fum_rec_td,,6
Earl Morrall,1964,2,1964-09-19,False,DET,RAM,A,T,17,17,12,22,113,1,1,65.2,,1,2,0,0,0,0,0,0,0,6.72,6.72,15815,False,sacked,PFR+RULE2PT+SCORE0,19640919-DET-RAM,True,,True,True,,,0
Earl Morrall,1964,3,1964-09-28,False,DET,GNB,H,L,10,14,11,12,77,1,1,86.5,,1,3,0,0,0,0,0,0,0,5.38,5.38,15815,False,sacked,PFR+RULE2PT+SCORE0,19640928-GNB-DET,True,,True,True,,,0
Earl Morrall,1964,4,1964-10-04,False,DET,NYG,H,W,26,3,15,34,230,1,0,76.8,,2,35,0,0,0,0,0,0,0,16.7,16.7,15815,False,sacked,PFR+RULE2PT+SCORE2,19641004-NYG-DET,True,,True,True,,,2
Earl Morrall,1964,5,1964-10-11,False,DET,MIN,A,W,24,20,10,20,139,1,1,68.5,,5,28,0,0,0,0,0,0,,10.36,10.36,15815,False,sacked;fum_rec_td,PFR+RULE2PT,19641011-DET-MIN,False,fum_rec_td,False,True,fum_rec_td,,6
Earl Morrall,1964,6,1964-10-18,False,DET,CHI,A,W,10,0,2,3,29,0,0,97.9,,1,2,0,0,0,0,0,0,0,1.36,1.36,15815,False,sacked,PFR+RULE2PT+SCORE0,19641018-DET-CHI,True,,True,True,,,0
Earl Morrall,1965,1,1965-09-19,False,NYG,DAL,A,L,2,31,6,21,63,0,2,0.0,,0,0,0,0,0,0,0,0,0,-1.48,-1.48,15815,False,sacked,PFR+RULE2PT+SCORE2,19650919-NYG-DAL,True,,True,True,,,2
Earl Morrall,1965,2,1965-09-26,False,NYG,PHI,A,W,16,14,12,18,154,0,0,93.3,,3,7,0,0,0,0,0,0,0,6.86,6.86,15815,False,sacked,PFR+RULE2PT+SCORE0,19650926-NYG-PHI,True,,True,True,,,0
Earl Morrall,1965,3,1965-10-03,False,NYG,PIT,A,W,23,13,10,17,199,2,0,139.1,,1,0,0,0,0,0,0,0,0,15.96,15.96,15815,False,sacked,PFR+RULE2PT+SCORE0,19651003-NYG-PIT,True,,True,True,,,0
Earl Morrall,1965,4,1965-10-09,False,NYG,MIN,A,L,14,40,14,22,203,0,0,93.6,,1,14,0,0,0,0,0,0,0,9.52,9.52,15815,False,sacked,PFR+RULE2PT+SCORE0,19651009-NYG-MIN,True,,True,True,,,0
Earl Morrall,1965,5,1965-10-17,False,NYG,PHI,H,W,35,27,10,15,296,4,0,149.3,,3,2,0,0,0,0,0,0,,28.04,28.04,15815,False,sacked;fum_rec_td,PFR+RULE2PT,19651017-PHI-NYG,False,fum_rec_td,False,True,fum_rec_td,,6
Earl Morrall,1965,6,1965-10-24,False,NYG,CLE,H,L,14,38,10,21,145,0,0,70.5,,1,-1,0,0,0,0,0,0,0,5.7,5.7,15815,False,sacked,PFR+RULE2PT+SCORE0,19651024-CLE-NYG,True,,True,True,,,0
Earl Morrall,1965,7,1965-10-31,False,NYG,STL,H,W,14,10,10,25,129,1,1,53.6,,1,0,0,0,0,0,0,0,0,7.16,7.16,15815,False,sacked,PFR+RULE2PT+SCORE0,19651031-STL-NYG,True,,True,True,,,0
Earl Morrall,1965,8,1965-11-07,False,NYG,WAS,H,L,7,23,6,13,51,0,1,24.8,,0,0,0,0,0,0,0,0,0,0.04,0.04,15815,False,sacked,PFR+RULE2PT+SCORE0,19651107-WAS-NYG,True,,True,True,,,0
Earl Morrall,1965,9,1965-11-14,False,NYG,CLE,A,L,21,34,18,30,261,3,2,93.9,,2,-2,0,0,0,0,0,0,0,18.24,18.24,15815,False,sacked,PFR+RULE2PT+SCORE0,19651114-NYG-CLE,True,,True,True,,,0
Earl Morrall,1965,10,1965-11-21,False,NYG,STL,A,W,28,15,9,20,154,3,1,90.4,,1,-1,0,0,0,0,0,0,,16.06,16.06,15815,False,sacked;fum_rec_td,PFR+RULE2PT,19651121-NYG-STL,False,fum_rec_td,False,True,fum_rec_td,,6
Earl Morrall,1965,11,1965-11-28,False,NYG,CHI,H,L,14,35,14,30,181,2,2,60.6,,0,0,0,0,0,0,0,0,0,11.24,11.24,15815,False,sacked,PFR+RULE2PT+SCORE0,19651128-CHI-NYG,True,,True,True,,,0
Earl Morrall,1965,12,1965-12-05,False,NYG,PIT,H,W,35,10,10,21,158,2,0,104.9,,1,2,0,0,0,0,0,0,0,14.52,14.52,15815,False,sacked,PFR+RULE2PT+SCORE0,19651205-PIT-NYG,True,,True,True,,,0
Earl Morrall,1965,13,1965-12-12,False,NYG,WAS,A,W,27,10,7,12,221,2,2,102.8,,0,0,0,0,0,0,0,0,,12.84,12.84,15815,False,sacked;fum_rec_td,PFR+RULE2PT,19651212-NYG-WAS,False,fum_rec_td,False,True,fum_rec_td,,1
Earl Morrall,1965,14,1965-12-19,False,NYG,DAL,H,L,20,38,19,37,231,3,1,86.7,,3,31,0,0,0,0,0,0,0,22.34,22.34,15815,False,sacked,PFR+RULE2PT+SCORE0,19651219-DAL-NYG,True,,True,True,,,0
Earl Morrall,1966,1,1966-09-11,False,NYG,PIT,A,T,34,34,10,18,273,3,2,100.5,,0,0,0,0,0,0,0,0,,18.92,18.92,15815,False,sacked;fum_rec_td,PFR+RULE2PT,19660911-NYG-PIT,False,fum_rec_td,False,True,fum_rec_td,,6
Earl Morrall,1966,2,1966-09-18,False,NYG,DAL,A,L,7,52,9,25,106,1,2,29.7,,1,9,0,0,0,0,0,0,0,5.14,5.14,15815,False,sacked,PFR+RULE2PT+SCORE0,19660918-NYG-DAL,True,,True,True,,,0
Earl Morrall,1966,3,1966-09-25,False,NYG,PHI,A,L,17,35,14,25,181,1,1,75.6,,1,-1,0,0,0,0,0,0,0,9.14,9.14,15815,False,sacked,PFR+RULE2PT+SCORE0,19660925-NYG-PHI,True,,True,True,,,0
Earl Morrall,1966,4,1966-10-02,False,NYG,CLE,H,L,7,28,10,23,177,0,3,30.8,,0,0,0,0,0,0,0,0,0,1.08,1.08,15815,False,sacked,PFR+RULE2PT+SCORE0,19661002-CLE-NYG,True,,True,True,,,0
Earl Morrall,1966,5,1966-10-09,False,NYG,STL,A,L,19,24,19,35,162,1,2,52.3,,1,4,0,0,0,0,0,0,0,6.88,6.88,15815,False,sacked,PFR+RULE2PT+SCORE0,19661009-NYG-STL,True,,True,True,,,0
Earl Morrall,1966,6,1966-10-16,False,NYG,WAS,H,W,13,10,5,14,139,1,1,67.3,,2,0,0,0,0,0,0,0,0,7.56,7.56,15815,False,sacked,PFR+RULE2PT+SCORE0,19661016-WAS-NYG,True,,True,True,,,0
Earl Morrall,1966,7,1966-10-23,False,NYG,PHI,H,L,3,31,4,11,67,0,1,19.9,,0,0,0,0,0,0,0,0,0,0.68,0.68,15815,False,sacked,PFR+RULE2PT+SCORE0,19661023-PHI-NYG,True,,True,True,,,0
Earl Morrall,1967,1,1967-09-17,False,NYG,STL,A,W,37,20,0,1,0,0,0,39.6,,0,0,0,0,0,0,0,0,0,0.0,0.0,15815,False,sacked,PFR+RULE2PT+SCORE0,19670917-NYG-STL,True,,True,True,,,0
Earl Morrall,1967,2,1967-09-24,False,NYG,DAL,A,L,24,38,4,6,57,1,1,97.2,,0,0,0,0,0,0,0,0,0,4.28,4.28,15815,False,sacked,PFR+RULE2PT+SCORE0,19670924-NYG-DAL,True,,True,True,,,0
Earl Morrall,1967,5,1967-10-15,False,NYG,PIT,A,W,27,24,0,0,0,0,0,0,,3,1,1,0,0,0,0,0,0,6.1,6.1,15815,False,sacked,PFR+RULE2PT+SCORE0,19671015-NYG-PIT,True,,True,True,,,0
Earl Morrall,1967,9,1967-11-12,False,NYG,CHI,A,L,7,34,4,6,40,0,0,85.4,,0,0,0,0,0,0,0,0,0,1.6,1.6,15815,False,sacked,PFR+RULE2PT+SCORE0,19671112-NYG-CHI,True,,True,True,,,0
Earl Morrall,1967,11,1967-11-26,False,NYG,PHI,H,W,44,7,2,3,27,1,0,134.7,,1,10,0,0,0,0,0,0,0,6.08,6.08,15815,False,sacked,PFR+RULE2PT+SCORE0,19671126-PHI-NYG,True,,True,True,,,0
Earl Morrall,1967,12,1967-12-03,False,NYG,CLE,A,L,14,24,0,0,0,0,0,0,,0,0,0,0,0,0,0,0,0,0.0,0.0,15815,False,sacked,PFR+RULE2PT+SCORE0,19671203-NYG-CLE,True,,True,True,,,0
Earl Morrall,1967,13,1967-12-10,False,NYG,DET,H,L,7,30,3,7,57,1,0,111.3,,0,0,0,0,0,0,0,0,0,6.28,6.28,15815,False,sacked,PFR+RULE2PT+SCORE0,19671210-DET-NYG,True,,True,True,,,0
Earl Morrall,1967,14,1967-12-17,False,NYG,STL,H,W,37,14,0,1,0,0,0,39.6,,0,0,0,0,0,0,0,0,0,0.0,0.0,15815,False,sacked,PFR+RULE2PT+SCORE0,19671217-STL-NYG,True,,True,True,,,0
Earl Morrall,1968,1,1968-09-15,False,BAL,SFO,H,W,27,10,16,31,198,2,1,79.8,,3,13,0,0,0,0,0,0,0,15.22,15.22,15815,False,sacked,PFR+RULE2PT+SCORE0,19680915-SFO-BAL,True,,True,True,,,0
Earl Morrall,1968,2,1968-09-22,False,BAL,ATL,A,W,28,20,16,23,279,3,3,110.6,,2,0,0,0,0,0,0,0,0,17.16,17.16,15815,False,sacked,PFR+RULE2PT+SCORE0,19680922-BAL-ATL,True,,True,True,,,0
Earl Morrall,1968,3,1968-09-29,False,BAL,PIT,A,W,41,7,14,22,189,1,1,87.1,,1,4,0,0,0,0,0,0,,9.96,9.96,15815,False,sacked;fum_rec_td,PFR+RULE2PT,19680929-BAL-PIT,False,fum_rec_td,False,True,fum_rec_td,,18
Earl Morrall,1968,4,1968-10-06,False,BAL,CHI,H,W,28,7,14,25,302,4,1,122.0,,0,0,0,0,0,0,0,0,0,26.08,26.08,15815,False,sacked,PFR+RULE2PT+SCORE0,19681006-CHI-BAL,True,,True,True,,,0
Earl Morrall,1968,5,1968-10-13,False,BAL,SFO,A,W,42,14,13,23,188,2,1,94.1,,0,0,0,0,0,0,0,0,0,13.52,13.52,15815,False,sacked,PFR+RULE2PT+SCORE0,19681013-BAL-SFO,True,,True,True,,,0
Earl Morrall,1968,6,1968-10-20,False,BAL,CLE,H,L,20,30,10,18,130,1,1,73.8,,1,0,0,0,0,0,0,0,0,7.2,7.2,15815,False,sacked,PFR+RULE2PT+SCORE0,19681020-CLE-BAL,True,,True,True,,,0
Earl Morrall,1968,7,1968-10-27,False,BAL,RAM,H,W,27,10,11,27,211,2,3,53.7,,1,1,1,0,0,0,0,0,0,16.54,16.54,15815,False,sacked,PFR+RULE2PT+SCORE0,19681027-RAM-BAL,True,,True,True,,,0
Earl Morrall,1968,8,1968-11-03,False,BAL,NYG,A,W,26,0,16,25,201,2,1,98.9,,1,0,0,0,0,0,0,0,0,14.04,14.04,15815,False,sacked,PFR+RULE2PT+SCORE0,19681103-BAL-NYG,True,,True,True,,,0
Earl Morrall,1968,9,1968-11-10,False,BAL,DET,A,W,27,10,10,18,249,0,1,77.3,,1,-1,0,0,0,0,0,0,0,7.86,7.86,15815,False,sacked,PFR+RULE2PT+SCORE0,19681110-BAL-DET,True,,True,True,,,0
Earl Morrall,1968,10,1968-11-17,False,BAL,STL,H,W,27,0,13,24,239,3,2,93.6,,0,0,0,0,0,0,0,0,0,17.56,17.56,15815,False,sacked,PFR+RULE2PT+SCORE0,19681117-STL-BAL,True,,True,True,,,0
Earl Morrall,1968,11,1968-11-24,False,BAL,MIN,H,W,21,9,17,24,259,2,2,99.1,,1,1,0,0,0,0,0,0,0,14.46,14.46,15815,False,sacked,PFR+RULE2PT+SCORE0,19681124-MIN-BAL,True,,True,True,,,0
Earl Morrall,1968,12,1968-12-01,False,BAL,ATL,H,W,44,0,17,23,239,2,0,136.0,,0,0,0,0,0,0,0,0,0,17.56,17.56,15815,False,sacked,PFR+RULE2PT+SCORE0,19681201-ATL-BAL,True,,True,True,,,0
Earl Morrall,1968,13,1968-12-07,False,BAL,GNB,A,W,16,3,10,20,128,1,0,87.1,,0,0,0,0,0,0,0,0,0,9.12,9.12,15815,False,sacked,PFR+RULE2PT+SCORE0,19681207-BAL-GNB,True,,True,True,,,0
Earl Morrall,1968,14,1968-12-15,False,BAL,RAM,A,W,28,24,5,14,97,1,0,84.5,,0,0,0,0,0,0,0,0,,7.88,7.88,15815,False,sacked;fum_rec_td,PFR+RULE2PT,19681215-BAL-RAM,False,fum_rec_td,False,True,fum_rec_td,,6
Earl Morrall,1968,17,1968-12-22,True,BAL,MIN,H,W,24,14,13,22,280,2,1,114.8,,0,0,0,0,0,0,0,0,,17.2,17.2,15815,False,sacked;fum_rec_td,PFR+RULE2PT,19681222-MIN-BAL,False,fum_rec_td,False,True,fum_rec_td,,6
Earl Morrall,1968,18,1968-12-29,True,BAL,CLE,A,W,34,0,11,25,169,0,1,50.2,,1,0,0,0,0,0,0,0,0,4.76,4.76,15815,False,sacked,PFR+RULE2PT+SCORE0,19681229-BAL-CLE,True,,True,True,,,0
Earl Morrall,1968,19,1969-01-12,True,BAL,NYJ,N,L,7,16,6,17,71,0,3,9.3,,2,-2,0,0,0,0,0,0,0,-3.36,-3.36,15815,False,sacked,PFR+SCORE0,19690112-BAL-NYJ-N,True,,True,True,,,0
Earl Morrall,1969,2,1969-09-28,False,BAL,MIN,A,L,14,52,12,20,127,1,2,55.6,,0,0,0,0,0,0,0,0,0,5.08,5.08,15815,False,sacked,PFR+RULE2PT+SCORE0,19690928-BAL-MIN,True,,True,True,,,0
Earl Morrall,1969,7,1969-11-02,False,BAL,WAS,H,W,41,17,1,1,33,0,0,118.7,,0,0,0,0,0,0,0,0,0,1.32,1.32,15815,False,sacked,PFR+RULE2PT+SCORE0,19691102-WAS-BAL,True,,True,True,,,0
Earl Morrall,1969,9,1969-11-16,False,BAL,SFO,A,L,17,20,10,20,187,0,1,61.9,,0,0,0,0,0,0,0,0,0,5.48,5.48,15815,False,sacked,PFR+RULE2PT+SCORE0,19691116-BAL-SFO,True,,True,True,,,0
Earl Morrall,1969,10,1969-11-23,False,BAL,CHI,A,W,24,21,13,24,209,2,2,76.6,,0,0,0,0,0,0,0,0,0,12.36,12.36,15815,False,sacked,PFR+RULE2PT+SCORE0,19691123-BAL-CHI,True,,True,True,,,0
Earl Morrall,1969,12,1969-12-07,False,BAL,DET,H,T,17,17,10,29,199,2,1,68.0,,0,0,0,0,0,0,0,0,0,13.96,13.96,15815,False,sacked,PFR+RULE2PT+SCORE0,19691207-DET-BAL,True,,True,True,,,0
Earl Morrall,1969,13,1969-12-13,False,BAL,DAL,A,L,10,27,0,5,0,0,1,0.0,,0,0,0,0,0,0,0,0,0,-2.0,-2.0,15815,False,sacked,PFR+RULE2PT+SCORE0,19691213-BAL-DAL,True,,True,True,,,0
Billy Kilmer,1961,1,1961-09-17,False,SFO,WAS,H,W,35,3,6,9,89,0,2,59.3,,2,3,0,0,0,0,0,0,0,-0.14,-0.14,12220,False,sacked,PFR+RULE2PT+SCORE0,19610917-WAS-SFO,True,,True,True,,,0
Billy Kilmer,1961,2,1961-09-24,False,SFO,GNB,A,L,10,30,1,5,24,0,2,7.5,,3,19,0,0,0,0,0,0,0,-1.14,-1.14,12220,False,sacked,PFR+RULE2PT+SCORE0,19610924-SFO-GNB,True,,True,True,,,0
Billy Kilmer,1961,3,1961-10-01,False,SFO,DET,A,W,49,0,3,7,43,0,0,63.4,,16,103,2,0,0,0,0,0,0,24.02,24.02,12220,False,sacked,PFR+RULE2PT+SCORE0,19611001-SFO-DET,True,,True,True,,,0
Billy Kilmer,1961,4,1961-10-08,False,SFO,RAM,H,W,35,0,1,1,16,0,0,118.7,,19,131,2,0,0,0,0,0,0,25.74,25.74,12220,False,sacked,PFR+RULE2PT+SCORE0,19611008-RAM-SFO,True,,True,True,,,0
Billy Kilmer,1961,5,1961-10-15,False,SFO,MIN,A,W,38,24,0,0,0,0,0,0,,20,115,4,0,0,0,0,0,0,35.5,35.5,12220,False,sacked,PFR+RULE2PT+SCORE0,19611015-SFO-MIN,True,,True,True,,,0
Billy Kilmer,1961,6,1961-10-22,False,SFO,CHI,A,L,0,31,2,4,17,0,0,61.5,,7,36,0,0,0,0,0,0,0,4.28,4.28,12220,False,sacked,PFR+RULE2PT+SCORE0,19611022-SFO-CHI,True,,True,True,,,0
Billy Kilmer,1961,7,1961-10-29,False,SFO,PIT,A,L,10,20,2,2,30,0,0,118.7,,7,13,0,0,0,0,0,0,0,2.5,2.5,12220,False,sacked,PFR+RULE2PT+SCORE0,19611029-SFO-PIT,True,,True,True,,,0
Billy Kilmer,1961,8,1961-11-05,False,SFO,DET,H,T,20,20,2,2,27,0,0,118.7,,11,44,1,0,0,0,0,0,0,11.48,11.48,12220,False,sacked,PFR+RULE2PT+SCORE0,19611105-DET-SFO,True,,True,True,,,0
Billy Kilmer,1961,9,1961-11-12,False,SFO,RAM,A,L,7,17,2,3,40,0,0,109.7,,8,36,1,0,0,0,0,0,0,11.2,11.2,12220,False,sacked,PFR+RULE2PT+SCORE0,19611112-SFO-RAM,True,,True,True,,,0
Billy Kilmer,1961,12,1961-12-03,False,SFO,BAL,A,L,17,20,0,1,0,0,0,39.6,,0,0,0,0,0,0,0,0,0,0.0,0.0,12220,False,sacked,PFR+RULE2PT+SCORE0,19611203-SFO-BAL,True,,True,True,,,0
Billy Kilmer,1961,13,1961-12-10,False,SFO,GNB,H,W,22,21,0,0,0,0,0,0,,3,9,0,0,0,0,0,0,0,0.9,0.9,12220,False,sacked,PFR+RULE2PT+SCORE2,19611210-GNB-SFO,True,,True,True,,,2
Billy Kilmer,1962,1,1962-09-16,False,SFO,CHI,H,L,14,30,0,0,0,0,0,0,,0,0,0,1,3,0,0,0,0,0.3,1.3,12220,False,sacked,PFR+RULE2PT+SCORE0,19620916-CHI-SFO,True,,True,True,,,0
Billy Kilmer,1962,2,1962-09-23,False,SFO,DET,A,L,24,45,2,4,49,1,0,134.4,,8,25,0,4,83,0,0,0,0,16.76,20.76,12220,False,sacked,PFR+RULE2PT+SCORE0,19620923-SFO-DET,True,,True,True,,,0
Billy Kilmer,1962,3,1962-09-30,False,SFO,MIN,H,W,21,7,0,0,0,0,0,0,,9,61,2,2,25,0,0,0,0,20.6,22.6,12220,False,sacked,PFR+RULE2PT+SCORE0,19620930-MIN-SFO,True,,True,True,,,0
Billy Kilmer,1962,4,1962-10-07,False,SFO,BAL,A,W,21,13,0,0,0,0,0,0,,12,68,2,2,7,0,0,0,0,19.5,21.5,12220,False,sacked,PFR+RULE2PT+SCORE0,19621007-SFO-BAL,True,,True,True,,,0
Billy Kilmer,1962,5,1962-10-14,False,SFO,CHI,A,W,34,27,0,0,0,0,0,0,,9,81,0,0,0,0,0,0,,8.1,8.1,12220,False,sacked;fum_rec_td,PFR+RULE2PT,19621014-SFO-CHI,False,fum_rec_td,False,True,fum_rec_td,,6
Billy Kilmer,1962,6,1962-10-21,False,SFO,GNB,A,L,13,31,0,0,0,0,0,0,,4,24,0,1,6,0,0,0,0,3.0,4.0,12220,False,sacked,PFR+RULE2PT+SCORE0,19621021-SFO-GNB,True,,True,True,,,0
Billy Kilmer,1962,7,1962-10-28,False,SFO,RAM,H,L,14,28,0,0,0,0,0,0,,1,16,0,1,13,0,0,0,0,2.9,3.9,12220,False,sacked,PFR+RULE2PT+SCORE0,19621028-RAM-SFO,True,,True,True,,,0
Billy Kilmer,1962,8,1962-11-04,False,SFO,BAL,H,L,3,22,3,5,42,0,2,47.5,,6,13,0,0,0,0,0,0,0,-1.02,-1.02,12220,False,sacked,PFR+RULE2PT+SCORE0,19621104-BAL-SFO,True,,True,True,,,0
Billy Kilmer,1962,9,1962-11-11,False,SFO,DET,H,L,24,38,2,3,87,0,1,70.1,,7,27,0,1,0,0,0,0,0,4.18,5.18,12220,False,sacked,PFR+RULE2PT+SCORE0,19621111-DET-SFO,True,,True,True,,,0
Billy Kilmer,1962,10,1962-11-18,False,SFO,RAM,A,W,24,17,0,0,0,0,0,0,,19,101,1,2,1,1,0,0,0,22.2,24.2,12220,False,sacked,PFR+RULE2PT+SCORE0,19621118-SFO-RAM,True,,True,True,,,0
Billy Kilmer,1962,11,1962-11-25,False,SFO,STL,A,W,24,17,0,0,0,0,0,0,,11,32,0,0,0,0,0,0,0,3.2,3.2,12220,False,sacked,PFR+RULE2PT+SCORE0,19621125-SFO-STL,True,,True,True,,,0
Billy Kilmer,1962,12,1962-12-02,False,SFO,MIN,A,W,35,12,1,1,13,0,0,118.7,,7,30,0,2,14,0,0,0,0,4.92,6.92,12220,False,sacked,PFR+RULE2PT+SCORE0,19621202-SFO-MIN,True,,True,True,,,0
Billy Kilmer,1964,2,1964-09-20,False,SFO,PHI,A,W,28,24,1,2,8,1,0,100.0,,1,3,0,0,0,0,0,0,0,4.62,4.62,12220,False,sacked,PFR+RULE2PT+SCORE0,19640920-SFO-PHI,True,,True,True,,,0
Billy Kilmer,1964,3,1964-09-27,False,SFO,STL,H,L,13,23,1,1,-9,0,0,79.2,,2,4,0,0,0,0,0,0,0,0.04,0.04,12220,False,sacked,PFR+RULE2PT+SCORE0,19640927-STL-SFO,True,,True,True,,,0
Billy Kilmer,1964,4,1964-10-04,False,SFO,CHI,H,W,31,21,0,0,0,0,0,0,,4,15,0,0,0,0,0,0,0,1.5,1.5,12220,False,sacked,PFR+RULE2PT+SCORE0,19641004-CHI-SFO,True,,True,True,,,0
Billy Kilmer,1964,5,1964-10-11,False,SFO,GNB,A,L,14,24,0,0,0,0,0,0,,1,2,0,0,0,0,0,0,0,0.2,0.2,12220,False,sacked,PFR+RULE2PT+SCORE0,19641011-SFO-GNB,True,,True,True,,,0
Billy Kilmer,1964,6,1964-10-18,False,SFO,RAM,A,L,14,42,2,2,33,0,0,118.7,,6,16,0,2,42,0,0,0,0,7.12,9.12,12220,False,sacked,PFR+RULE2PT+SCORE0,19641018-SFO-RAM,True,,True,True,,,0
Billy Kilmer,1964,7,1964-10-25,False,SFO,MIN,H,L,22,27,2,2,37,0,0,118.7,,8,44,0,2,32,0,0,0,0,9.08,11.08,12220,False,sacked,PFR+RULE2PT+SCORE2,19641025-MIN-SFO,True,,True,True,,,2
Billy Kilmer,1964,8,1964-11-01,False,SFO,BAL,A,L,7,37,1,3,11,0,0,45.1,,6,15,0,6,57,0,0,0,0,7.64,13.64,12220,False,sacked,PFR+RULE2PT+SCORE0,19641101-SFO-BAL,True,,True,True,,,0
Billy Kilmer,1964,9,1964-11-08,False,SFO,MIN,A,L,7,24,0,0,0,0,0,0,,8,14,0,1,5,0,0,0,0,1.9,2.9,12220,False,sacked,PFR+RULE2PT+SCORE0,19641108-SFO-MIN,True,,True,True,,,0
Billy Kilmer,1964,13,1964-12-06,False,SFO,RAM,H,W,28,7,1,4,12,0,1,0.0,,0,0,0,0,0,0,0,0,0,-1.52,-1.52,12220,False,sacked,PFR+RULE2PT+SCORE0,19641206-RAM-SFO,True,,True,True,,,0
Billy Kilmer,1966,3,1966-09-30,False,SFO,RAM,A,L,3,34,1,2,14,0,0,72.9,,0,0,0,0,0,0,0,0,0,0.56,0.56,12220,False,sacked,PFR+RULE2PT+SCORE0,19660930-SFO-RAM,True,,True,True,,,0
Billy Kilmer,1966,5,1966-10-16,False,SFO,ATL,A,W,44,7,2,7,50,0,1,17.3,,2,22,0,0,0,0,0,0,,2.2,2.2,12220,False,sacked;fum_rec_td,PFR+RULE2PT,19661016-SFO-ATL,False,fum_rec_td,False,True,fum_rec_td,,6
Billy Kilmer,1966,6,1966-10-23,False,SFO,DET,H,W,27,24,0,0,0,0,0,0,,0,0,0,0,0,0,0,0,0,0.0,0.0,12220,False,sacked,PFR+RULE2PT+SCORE0,19661023-DET-SFO,True,,True,True,,,0
Billy Kilmer,1966,13,1966-12-11,False,SFO,CHI,H,W,41,14,2,7,20,0,0,39.6,,1,1,0,0,0,0,0,0,,0.9,0.9,12220,False,sacked;fum_rec_td,PFR+RULE2PT,19661211-CHI-SFO,False,fum_rec_td,False,True,fum_rec_td,,12
Billy Kilmer,1967,1,1967-09-17,False,NOR,RAM,H,L,13,27,19,40,200,0,2,41.7,,5,65,0,0,0,0,0,0,0,10.5,10.5,12220,False,sacked,PFR+RULE2PT+SCORE0,19670917-RAM-NOR,True,,True,True,,,0
Billy Kilmer,1967,2,1967-09-24,False,NOR,WAS,H,L,10,30,13,25,167,1,0,86.6,,4,33,0,0,0,0,0,0,0,13.98,13.98,12220,False,sacked,PFR+RULE2PT+SCORE0,19670924-WAS-NOR,True,,True,True,,,0
Billy Kilmer,1967,3,1967-10-01,False,NOR,CLE,H,L,7,42,11,25,135,0,3,21.7,,1,-3,0,0,0,0,0,0,0,-0.9,-0.9,12220,False,sacked,PFR+RULE2PT+SCORE0,19671001-CLE-NOR,True,,True,True,,,0
Billy Kilmer,1967,5,1967-10-15,False,NOR,DAL,A,L,10,14,8,18,105,0,0,63.4,,3,6,0,0,0,0,0,0,,4.8,4.8,12220,False,sacked;fum_rec_td,PFR+RULE2PT,19671015-NOR-DAL,False,fum_rec_td,False,True,fum_rec_td,,6
Billy Kilmer,1967,6,1967-10-22,False,NOR,SFO,A,L,13,27,3,9,26,0,1,2.8,,1,0,0,0,0,0,0,0,0,-0.96,-0.96,12220,False,sacked,PFR+RULE2PT+SCORE0,19671022-NOR-SFO,True,,True,True,,,0
Billy Kilmer,1967,9,1967-11-12,False,NOR,DAL,H,L,10,27,2,4,30,0,1,35.4,,0,0,0,0,0,0,0,0,0,-0.8,-0.8,12220,False,sacked,PFR+RULE2PT+SCORE0,19671112-DAL-NOR,True,,True,True,,,0
Billy Kilmer,1967,10,1967-11-19,False,NOR,PHI,A,L,21,48,7,12,156,2,1,107.6,,0,0,0,0,0,0,0,0,0,12.24,12.24,12220,False,sacked,PFR+RULE2PT+SCORE0,19671119-NOR-PHI,True,,True,True,,,0
Billy Kilmer,1967,11,1967-11-26,False,NOR,ATL,H,W,27,24,7,15,112,1,0,94.3,,1,9,0,0,0,0,0,0,0,9.38,9.38,12220,False,sacked,PFR+RULE2PT+SCORE0,19671126-ATL-NOR,True,,True,True,,,0
Billy Kilmer,1967,12,1967-12-03,False,NOR,STL,A,L,20,31,13,32,148,0,1,42.2,,3,20,1,0,0,0,0,0,0,11.92,11.92,12220,False,sacked,PFR+RULE2PT+SCORE0,19671203-NOR-STL,True,,True,True,,,0
Billy Kilmer,1967,14,1967-12-17,False,NOR,WAS,A,W,30,14,14,24,262,2,2,89.2,,2,12,0,0,0,0,0,0,0,15.68,15.68,12220,False,sacked,PFR+RULE2PT+SCORE2,19671217-NOR-WAS,True,,True,True,,,2
Billy Kilmer,1968,1,1968-09-15,False,NOR,CLE,H,L,10,24,15,31,152,0,3,23.3,,2,1,1,0,0,0,0,0,0,6.18,6.18,12220,False,sacked,PFR+RULE2PT+SCORE0,19680915-CLE-NOR,True,,True,True,,,0
Billy Kilmer,1968,2,1968-09-22,False,NOR,WAS,H,W,37,17,13,21,183,2,1,101.9,,1,5,0,0,0,0,0,0,,13.82,13.82,12220,False,sacked;fum_rec_td,PFR+RULE2PT,19680922-WAS-NOR,False,fum_rec_td,False,True,fum_rec_td,,6
Billy Kilmer,1968,3,1968-09-29,False,NOR,STL,H,L,20,21,18,26,226,2,1,105.6,,3,6,0,0,0,0,0,0,0,15.64,15.64,12220,False,sacked,PFR+RULE2PT+SCORE0,19680929-STL-NOR,True,,True,True,,,0
Billy Kilmer,1968,4,1968-10-06,False,NOR,NYG,A,L,21,38,24,42,225,2,3,58.1,,4,31,0,0,0,0,0,0,0,14.1,14.1,12220,False,sacked,PFR+RULE2PT+SCORE0,19681006-NOR-NYG,True,,True,True,,,0
Billy Kilmer,1968,5,1968-10-13,False,NOR,MIN,H,W,20,17,9,17,93,1,3,49.0,,3,22,0,0,0,0,0,0,,3.92,3.92,12220,False,sacked;fum_rec_td,PFR+RULE2PT,19681013-MIN-NOR,False,fum_rec_td,False,True,fum_rec_td,,6
Billy Kilmer,1968,6,1968-10-20,False,NOR,PIT,A,W,16,12,12,24,178,0,0,74.7,,2,14,0,0,0,0,0,0,0,8.52,8.52,12220,False,sacked,PFR+RULE2PT+SCORE0,19681020-NOR-PIT,True,,True,True,,,0
Billy Kilmer,1968,7,1968-10-27,False,NOR,STL,A,L,17,31,16,30,216,2,1,84.9,,1,2,0,0,0,0,0,0,0,14.84,14.84,12220,False,sacked,PFR+RULE2PT+SCORE0,19681027-NOR-STL,True,,True,True,,,0
Billy Kilmer,1968,8,1968-11-03,False,NOR,DAL,H,L,3,17,5,12,46,0,0,52.8,,0,0,0,0,0,0,0,0,0,1.84,1.84,12220,False,sacked,PFR+RULE2PT+SCORE0,19681103-DAL-NOR,True,,True,True,,,0
Billy Kilmer,1968,11,1968-11-24,False,NOR,DET,A,T,20,20,6,12,53,1,0,89.9,,0,0,0,0,0,0,0,0,0,6.12,6.12,12220,False,sacked,PFR+RULE2PT+SCORE0,19681124-NOR-DET,True,,True,True,,,0
Billy Kilmer,1968,12,1968-12-01,False,NOR,CHI,H,L,17,23,13,32,186,2,4,41.4,,1,-3,0,0,0,0,0,0,0,7.14,7.14,12220,False,sacked,PFR+RULE2PT+SCORE0,19681201-CHI-NOR,True,,True,True,,,0
Billy Kilmer,1968,13,1968-12-08,False,NOR,PHI,A,L,17,29,19,32,210,1,1,76.3,,4,19,1,0,0,0,0,0,0,18.3,18.3,12220,False,sacked,PFR+RULE2PT+SCORE0,19681208-NOR-PHI,True,,True,True,,,0
Billy Kilmer,1968,14,1968-12-15,False,NOR,PIT,H,W,24,14,17,36,292,2,0,93.7,,0,0,0,0,0,0,0,0,0,19.68,19.68,12220,False,sacked,PFR+RULE2PT+SCORE0,19681215-PIT-NOR,True,,True,True,,,0
Billy Kilmer,1969,1,1969-09-21,False,NOR,WAS,H,L,20,26,11,21,126,1,0,86.6,,2,4,0,0,0,0,0,0,0,9.44,9.44,12220,False,sacked,PFR+RULE2PT+SCORE0,19690921-WAS-NOR,True,,True,True,,,0
Billy Kilmer,1969,2,1969-09-28,False,NOR,DAL,H,L,17,21,22,37,276,2,2,78.2,,0,0,0,0,0,0,0,0,0,15.04,15.04,12220,False,sacked,PFR+RULE2PT+SCORE0,19690928-DAL-NOR,True,,True,True,,,0
Billy Kilmer,1969,3,1969-10-05,False,NOR,RAM,A,L,17,36,12,36,191,2,3,35.8,,1,-6,0,0,0,0,0,0,0,9.04,9.04,12220,False,sacked,PFR+RULE2PT+SCORE0,19691005-NOR-RAM,True,,True,True,,,0
Billy Kilmer,1969,4,1969-10-12,False,NOR,CLE,H,L,17,27,13,19,163,0,1,72.9,,0,0,0,0,0,0,0,0,0,4.52,4.52,12220,False,sacked,PFR+RULE2PT+SCORE0,19691012-CLE-NOR,True,,True,True,,,0
Billy Kilmer,1969,5,1969-10-19,False,NOR,BAL,H,L,10,30,20,35,219,0,1,63.9,,1,1,0,0,0,0,0,0,0,6.86,6.86,12220,False,sacked,PFR+RULE2PT+SCORE0,19691019-BAL-NOR,True,,True,True,,,0
Billy Kilmer,1969,6,1969-10-26,False,NOR,PHI,A,L,10,13,11,25,138,0,2,28.4,,1,4,0,0,0,0,0,0,0,1.92,1.92,12220,False,sacked,PFR+RULE2PT+SCORE0,19691026-NOR-PHI,True,,True,True,,,0
Billy Kilmer,1969,7,1969-11-02,False,NOR,STL,A,W,51,42,22,32,345,6,1,130.9,,2,0,0,0,0,0,0,0,0,35.8,35.8,12220,False,sacked,PFR+RULE2PT+SCORE0,19691102-NOR-STL,True,,True,True,,,0
Billy Kilmer,1969,8,1969-11-09,False,NOR,DAL,A,L,17,33,11,24,145,2,2,58.5,,2,-2,0,0,0,0,0,0,0,9.6,9.6,12220,False,sacked,PFR+RULE2PT+SCORE0,19691109-NOR-DAL,True,,True,True,,,0
Billy Kilmer,1969,9,1969-11-16,False,NOR,NYG,A,W,25,24,10,19,153,1,0,97.0,,1,12,0,0,0,0,0,0,,11.32,11.32,12220,False,sacked;fum_rec_td,PFR+RULE2PT,19691116-NOR-NYG,False,fum_rec_td,False,True,fum_rec_td,,6
Billy Kilmer,1969,10,1969-11-23,False,NOR,SFO,H,W,43,38,13,24,235,2,0,115.8,,0,0,0,0,0,0,0,0,0,17.4,17.4,12220,False,sacked,PFR+RULE2PT+SCORE2,19691123-SFO-NOR,True,,True,True,,,2
Billy Kilmer,1969,11,1969-11-30,False,NOR,PHI,H,W,26,17,18,33,201,1,0,83.0,,1,5,0,0,0,0,0,0,0,12.54,12.54,12220,False,sacked,PFR+RULE2PT+SCORE0,19691130-PHI-NOR,True,,True,True,,,0
Billy Kilmer,1969,12,1969-12-07,False,NOR,ATL,A,L,17,45,11,19,82,1,2,46.3,,0,0,0,0,0,0,0,0,0,3.28,3.28,12220,False,sacked,PFR+RULE2PT+SCORE0,19691207-NOR-ATL,True,,True,True,,,0
Billy Kilmer,1969,13,1969-12-14,False,NOR,WAS,A,L,14,17,4,8,39,0,2,24.5,,0,0,0,0,0,0,0,0,0,-2.44,-2.44,12220,False,sacked,PFR+RULE2PT+SCORE0,19691214-NOR-WAS,True,,True,True,,,0
Billy Kilmer,1969,14,1969-12-21,False,NOR,PIT,H,W,27,24,15,28,219,2,1,88.2,,0,0,0,0,0,0,0,0,0,14.76,14.76,12220,False,sacked,PFR+RULE2PT+SCORE0,19691221-PIT-NOR,True,,True,True,,,0
Daryle Lamonica,1963,2,1963-09-15,False,BUF,OAK,A,L,17,35,6,11,36,0,1,23.3,,1,0,0,0,0,0,0,0,0,-0.56,-0.56,12808,False,sacked,PFR+SCORE0,19630915-BUF-OAK,True,,True,True,,,0
Daryle Lamonica,1963,3,1963-09-22,False,BUF,KAN,H,T,27,27,0,1,0,0,0,39.6,,0,0,0,0,0,0,0,,,0.0,0.0,12808,False,sacked;two_pt;fum_rec_td,PFR,19630922-KAN-BUF,False,two_pt;fum_rec_td,False,True,two_pt;fum_rec_td,,8
Daryle Lamonica,1963,4,1963-09-28,False,BUF,HOU,H,L,20,31,5,17,49,0,2,0.0,,1,-3,0,0,0,0,0,,,-2.34,-2.34,12808,False,sacked;two_pt;fum_rec_td,PFR,19630928-HOU-BUF,False,two_pt;fum_rec_td,False,True,two_pt;fum_rec_td,,6
Daryle Lamonica,1963,5,1963-10-05,False,BUF,OAK,H,W,12,0,0,0,0,0,0,0,,0,0,0,0,0,0,0,,,0.0,0.0,12808,False,sacked;two_pt;fum_rec_td,PFR,19631005-OAK-BUF,False,two_pt;fum_rec_td,False,True,two_pt;fum_rec_td,,2
Daryle Lamonica,1963,6,1963-10-13,False,BUF,KAN,A,W,35,26,0,0,0,0,0,0,,1,5,0,0,0,0,0,0,0,0.5,0.5,12808,False,sacked,PFR+SCORE0,19631013-BUF-KAN,True,,True,True,,,0
Daryle Lamonica,1963,7,1963-10-20,False,BUF,HOU,A,L,14,28,0,0,0,0,0,0,,0,0,0,0,0,0,0,0,0,0.0,0.0,12808,False,sacked,PFR+SCORE0,19631020-BUF-HOU,True,,True,True,,,0
Daryle Lamonica,1963,8,1963-10-26,False,BUF,BOS,H,W,28,21,0,0,0,0,0,0,,0,0,0,0,0,0,0,0,0,0.0,0.0,12808,False,sacked,PFR+SCORE0,19631026-BOS-BUF,True,,True,True,,,0
Daryle Lamonica,1963,9,1963-11-03,False,BUF,DEN,A,W,30,28,9,17,211,2,0,137.1,,3,3,0,0,0,0,0,0,0,16.74,16.74,12808,False,sacked,PFR+SCORE0,19631103-BUF-DEN,True,,True,True,,,0
Daryle Lamonica,1963,10,1963-11-09,False,BUF,DEN,H,W,27,17,0,0,0,0,0,0,,0,0,0,0,0,0,0,0,0,0.0,0.0,12808,False,sacked,PFR+SCORE0,19631109-DEN-BUF,True,,True,True,,,0
Daryle Lamonica,1963,11,1963-11-17,False,BUF,SDG,H,L,13,23,0,0,0,0,0,0,,0,0,0,0,0,0,0,0,0,0.0,0.0,12808,False,sacked,PFR+SCORE0,19631117-SDG-BUF,True,,True,True,,,0
Daryle Lamonica,1963,12,1963-12-01,False,BUF,BOS,A,L,7,17,0,0,0,0,0,0,,0,0,0,0,0,0,0,0,0,0.0,0.0,12808,False,sacked,PFR+SCORE0,19631201-BUF-BOS,True,,True,True,,,0
Daryle Lamonica,1963,13,1963-12-08,False,BUF,NYJ,H,W,45,14,10,16,115,1,0,104.9,,3,3,0,0,0,0,0,0,0,8.9,8.9,12808,False,sacked,PFR+SCORE0,19631208-NYJ-BUF,True,,True,True,,,0
Daryle Lamonica,1963,14,1963-12-14,False,BUF,NYJ,A,W,19,10,3,9,26,0,1,2.8,,0,0,0,0,0,0,0,,,-0.96,-0.96,12808,False,sacked;two_pt;fum_rec_td,PFR,19631214-BUF-NYJ,False,two_pt;fum_rec_td,False,True,two_pt;fum_rec_td,,4
Daryle Lamonica,1963,15,1963-12-28,True,BUF,BOS,H,L,8,26,9,24,168,1,3,36.8,,0,0,0,0,0,0,0,,,4.72,4.72,12808,False,sacked;two_pt;fum_rec_td,PFR,19631228-BOS-BUF,False,two_pt;fum_rec_td,False,True,two_pt;fum_rec_td,,2
Daryle Lamonica,1964,1,1964-09-13,False,BUF,KAN,H,W,34,17,0,0,0,0,0,0,,3,5,0,0,0,0,0,,,0.5,0.5,12808,False,sacked;two_pt;fum_rec_td,PFR,19640913-KAN-BUF,False,two_pt;fum_rec_td,False,True,two_pt;fum_rec_td,,6
Daryle Lamonica,1964,2,1964-09-20,False,BUF,DEN,H,W,30,13,2,5,58,0,0,83.7,,6,47,1,0,0,0,0,0,0,13.02,13.02,12808,False,sacked,PFR+SCORE0,19640920-DEN-BUF,True,,True,True,,,0
Daryle Lamonica,1964,3,1964-09-26,False,BUF,SDG,H,W,30,3,2,2,68,1,0,158.3,,3,21,0,0,0,0,0,,,8.82,8.82,12808,False,sacked;two_pt;fum_rec_td,PFR,19640926-SDG-BUF,False,two_pt;fum_rec_td,False,True,two_pt;fum_rec_td,,6
Daryle Lamonica,1964,4,1964-10-03,False,BUF,OAK,H,W,23,20,7,10,164,1,0,145.8,,2,2,1,0,0,0,0,,,16.76,16.76,12808,False,sacked;two_pt;fum_rec_td,PFR,19641003-OAK-BUF,False,two_pt;fum_rec_td,False,True,two_pt;fum_rec_td,,2
Daryle Lamonica,1964,5,1964-10-11,False,BUF,HOU,A,W,48,17,2,3,27,0,0,95.1,,2,6,0,0,0,0,0,0,0,1.68,1.68,12808,False,sacked,PFR+SCORE0,19641011-BUF-HOU,True,,True,True,,,0
Daryle Lamonica,1964,6,1964-10-18,False,BUF,KAN,A,W,35,22,1,2,20,0,1,45.8,,7,48,0,0,0,0,0,0,0,3.6,3.6,12808,False,sacked,PFR+SCORE0,19641018-BUF-KAN,True,,True,True,,,0
Daryle Lamonica,1964,7,1964-10-24,False,BUF,NYJ,H,W,34,24,4,11,127,1,1,72.9,,4,14,1,0,0,0,0,0,0,14.48,14.48,12808,False,sacked,PFR+SCORE0,19641024-NYJ-BUF,True,,True,True,,,0
Daryle Lamonica,1964,8,1964-11-01,False,BUF,HOU,H,W,24,10,5,11,69,0,2,26.5,,8,61,0,0,0,0,0,0,0,4.86,4.86,12808,False,sacked,PFR+SCORE0,19641101-HOU-BUF,True,,True,True,,,0
Daryle Lamonica,1964,9,1964-11-08,False,BUF,NYJ,A,W,20,7,11,24,267,1,1,83.2,,2,-2,0,0,0,0,0,0,0,12.48,12.48,12808,False,sacked,PFR+SCORE0,19641108-BUF-NYJ,True,,True,True,,,0
Daryle Lamonica,1964,10,1964-11-15,False,BUF,BOS,H,L,28,36,4,12,77,0,1,21.9,,0,0,0,0,0,0,0,,,1.08,1.08,12808,False,sacked;two_pt;fum_rec_td,PFR,19641115-BOS-BUF,False,two_pt;fum_rec_td,False,True,two_pt;fum_rec_td,,8
Daryle Lamonica,1964,11,1964-11-26,False,BUF,SDG,A,W,27,24,4,7,40,0,0,73.5,,6,6,1,0,0,0,0,,,8.2,8.2,12808,False,sacked;two_pt;fum_rec_td,PFR,19641126-BUF-SDG,False,two_pt;fum_rec_td,False,True,two_pt;fum_rec_td,,4
Daryle Lamonica,1964,12,1964-12-06,False,BUF,OAK,A,L,13,16,7,18,131,1,1,60.2,,6,48,0,0,0,0,0,0,0,12.04,12.04,12808,False,sacked,PFR+SCORE0,19641206-BUF-OAK,True,,True,True,,,0
Daryle Lamonica,1964,13,1964-12-13,False,BUF,DEN,A,W,30,19,6,21,89,1,1,40.8,,6,33,2,0,0,0,0,,,20.86,20.86,12808,False,sacked;two_pt;fum_rec_td,PFR,19641213-BUF-DEN,False,two_pt;fum_rec_td,False,True,two_pt;fum_rec_td,,2
Daryle Lamonica,1964,15,1964-12-26,True,BUF,SDG,H,W,20,7,0,0,0,0,0,0,,1,2,0,0,0,0,0,0,0,0.2,0.2,12808,False,sacked,PFR+SCORE0,19641226-SDG-BUF,True,,True,True,,,0
Daryle Lamonica,1965,1,1965-09-11,False,BUF,BOS,H,W,24,7,0,2,0,0,0,39.6,,0,0,0,0,0,0,0,,,0.0,0.0,12808,False,sacked;two_pt;fum_rec_td,PFR,19650911-BOS-BUF,False,two_pt;fum_rec_td,False,True,two_pt;fum_rec_td,,6
Daryle Lamonica,1965,2,1965-09-19,False,BUF,DEN,A,W,30,15,1,3,17,0,0,53.5,,1,1,0,0,0,0,0,0,0,0.78,0.78,12808,False,sacked,PFR+SCORE0,19650919-BUF-DEN,True,,True,True,,,0
Daryle Lamonica,1965,3,1965-09-26,False,BUF,NYJ,H,W,33,21,3,5,30,0,0,77.1,,2,2,0,0,0,0,0,0,0,1.4,1.4,12808,False,sacked,PFR+SCORE0,19650926-NYJ-BUF,True,,True,True,,,0
Daryle Lamonica,1965,5,1965-10-10,False,BUF,SDG,H,L,3,34,8,14,60,0,2,28.0,,0,0,0,0,0,0,0,0,0,-1.6,-1.6,12808,False,sacked,PFR+SCORE0,19651010-SDG-BUF,True,,True,True,,,0
Daryle Lamonica,1965,6,1965-10-17,False,BUF,KAN,A,W,23,7,1,4,30,1,1,58.3,,2,-1,0,0,0,0,0,,,3.1,3.1,12808,False,sacked;two_pt;fum_rec_td,PFR,19651017-BUF-KAN,False,two_pt;fum_rec_td,False,True,two_pt;fum_rec_td,,6
Daryle Lamonica,1965,7,1965-10-24,False,BUF,DEN,H,W,31,13,2,5,16,0,0,48.7,,0,0,0,0,0,0,0,0,0,0.64,0.64,12808,False,sacked,PFR+SCORE0,19651024-DEN-BUF,True,,True,True,,,0
Daryle Lamonica,1965,8,1965-10-31,False,BUF,HOU,H,L,17,19,2,5,14,0,2,8.3,,1,10,0,0,0,0,0,0,0,-2.44,-2.44,12808,False,sacked,PFR+SCORE0,19651031-HOU-BUF,True,,True,True,,,0
Daryle Lamonica,1965,11,1965-11-25,False,BUF,SDG,A,T,20,20,1,2,4,0,0,56.2,,1,1,1,0,0,0,0,0,0,6.26,6.26,12808,False,sacked,PFR+SCORE0,19651125-BUF-SDG,True,,True,True,,,0
Daryle Lamonica,1965,12,1965-12-05,False,BUF,HOU,A,W,29,18,3,14,83,1,1,45.8,,2,8,0,0,0,0,0,0,0,6.12,6.12,12808,False,sacked,PFR+SCORE0,19651205-BUF-HOU,True,,True,True,,,0
Daryle Lamonica,1965,14,1965-12-19,False,BUF,NYJ,A,L,12,14,8,16,122,1,0,96.4,,1,9,0,0,0,0,0,0,0,9.78,9.78,12808,False,sacked,PFR+SCORE0,19651219-BUF-NYJ,True,,True,True,,,0
Daryle Lamonica,1965,15,1965-12-26,True,BUF,SDG,A,W,23,0,1,1,12,0,0,116.7,,0,0,0,0,0,0,0,0,0,0.48,0.48,12808,False,sacked,PFR+SCORE0,19651226-BUF-SDG,True,,True,True,,,0
Daryle Lamonica,1966,1,1966-09-04,False,BUF,SDG,A,L,7,27,5,7,76,0,0,106.8,,0,0,0,0,0,0,0,0,0,3.04,3.04,12808,False,sacked,PFR+SCORE0,19660904-BUF-SDG,True,,True,True,,,0
Daryle Lamonica,1966,2,1966-09-11,False,BUF,KAN,H,L,20,42,5,17,43,0,0,39.6,,0,0,0,0,0,0,0,0,0,1.72,1.72,12808,False,sacked,PFR+SCORE0,19660911-KAN-BUF,True,,True,True,,,0
Daryle Lamonica,1966,3,1966-09-18,False,BUF,MIA,H,W,58,24,4,7,103,1,1,101.8,,0,0,0,0,0,0,0,,,6.12,6.12,12808,False,sacked;two_pt;fum_rec_td,PFR,19660918-MIA-BUF,False,two_pt;fum_rec_td,False,True,two_pt;fum_rec_td,,6
Daryle Lamonica,1966,4,1966-09-25,False,BUF,HOU,H,W,27,20,0,0,0,0,0,0,,3,7,0,0,0,0,0,,,0.7,0.7,12808,False,sacked;two_pt;fum_rec_td,PFR,19660925-HOU-BUF,False,two_pt;fum_rec_td,False,True,two_pt;fum_rec_td,,6
Daryle Lamonica,1966,7,1966-10-16,False,BUF,SDG,H,T,17,17,5,8,49,1,0,119.3,,2,11,1,0,0,0,0,0,0,13.06,13.06,12808,False,sacked,PFR+SCORE0,19661016-SDG-BUF,True,,True,True,,,0
Daryle Lamonica,1966,9,1966-11-06,False,BUF,MIA,A,W,29,0,3,13,64,0,2,8.0,,0,0,0,0,0,0,0,,,-1.44,-1.44,12808,False,sacked;two_pt;fum_rec_td,PFR,19661106-BUF-MIA,False,two_pt;fum_rec_td,False,True,two_pt;fum_rec_td,,2
Daryle Lamonica,1966,11,1966-11-20,False,BUF,HOU,A,W,42,20,4,7,104,2,0,141.4,,0,0,0,0,0,0,0,,,12.16,12.16,12808,False,sacked;two_pt;fum_rec_td,PFR,19661120-BUF-HOU,False,two_pt;fum_rec_td,False,True,two_pt;fum_rec_td,,6
Daryle Lamonica,1966,12,1966-11-24,False,BUF,OAK,A,W,31,10,0,3,0,0,0,39.6,,0,0,0,0,0,0,0,0,0,0.0,0.0,12808,False,sacked,PFR+SCORE0,19661124-BUF-OAK,True,,True,True,,,0
Daryle Lamonica,1966,13,1966-12-04,False,BUF,BOS,A,L,3,14,6,15,91,0,0,60.7,,4,-12,0,0,0,0,0,0,0,2.44,2.44,12808,False,sacked,PFR+SCORE0,19661204-BUF-BOS,True,,True,True,,,0
Daryle Lamonica,1966,14,1966-12-18,False,BUF,DEN,H,W,38,21,1,7,19,0,2,0.0,,0,0,0,0,0,0,0,,,-3.24,-3.24,12808,False,sacked;two_pt;fum_rec_td,PFR,19661218-DEN-BUF,False,two_pt;fum_rec_td,False,True,two_pt;fum_rec_td,,12
Daryle Lamonica,1966,15,1967-01-01,True,BUF,KAN,H,L,7,31,0,0,0,0,0,0,,0,0,0,0,0,0,0,0,0,0.0,0.0,12808,False,sacked,PFR+SCORE0,19670101-KAN-BUF,True,,True,True,,,0
Daryle Lamonica,1967,1,1967-09-10,False,OAK,DEN,H,W,51,0,8,14,118,1,1,78.9,,2,30,1,0,0,0,0,,,15.72,15.72,12808,False,sacked;two_pt;fum_rec_td,PFR,19670910-DEN-OAK,False,two_pt;fum_rec_td,False,True,two_pt;fum_rec_td,,6
Daryle Lamonica,1967,2,1967-09-17,False,OAK,BOS,H,W,35,7,15,25,251,3,0,133.5,,2,22,1,0,0,0,0,0,0,30.24,30.24,12808,False,sacked,PFR+SCORE0,19670917-BOS-OAK,True,,True,True,,,0
Daryle Lamonica,1967,3,1967-10-01,False,OAK,KAN,H,W,23,21,23,38,236,2,1,85.0,,0,0,0,0,0,0,0,0,0,15.44,15.44,12808,False,sacked,PFR+SCORE0,19671001-KAN-OAK,True,,True,True,,,0
Daryle Lamonica,1967,4,1967-10-07,False,OAK,NYJ,A,L,14,27,16,38,176,2,4,34.4,,2,8,0,0,0,0,0,0,0,7.84,7.84,12808,False,sacked,PFR+SCORE0,19671007-OAK-NYJ,True,,True,True,,,0
Daryle Lamonica,1967,5,1967-10-15,False,OAK,BUF,A,W,24,20,9,23,129,2,4,47.5,,1,1,0,0,0,0,0,,,5.26,5.26,12808,False,sacked;two_pt;fum_rec_td,PFR,19671015-OAK-BUF,False,two_pt;fum_rec_td,False,True,two_pt;fum_rec_td,,6
Daryle Lamonica,1967,6,1967-10-22,False,OAK,BOS,A,W,48,14,15,37,240,4,0,98.9,,4,9,0,0,0,0,0,0,0,26.5,26.5,12808,False,sacked,PFR+SCORE0,19671022-OAK-BOS,True,,True,True,,,0
Daryle Lamonica,1967,7,1967-10-29,False,OAK,SDG,H,W,51,10,13,30,316,2,1,90.4,,3,4,2,0,0,0,0,,,31.04,31.04,12808,False,sacked;two_pt;fum_rec_td,PFR,19671029-SDG-OAK,False,two_pt;fum_rec_td,False,True,two_pt;fum_rec_td,,2
Daryle Lamonica,1967,8,1967-11-05,False,OAK,DEN,A,W,21,17,15,39,167,2,1,58.4,,1,0,0,0,0,0,0,,,12.68,12.68,12808,False,sacked;two_pt;fum_rec_td,PFR,19671105-OAK-DEN,False,two_pt;fum_rec_td,False,True,two_pt;fum_rec_td,,2
Daryle Lamonica,1967,9,1967-11-19,False,OAK,MIA,H,W,31,17,21,33,292,3,2,97.0,,3,11,0,0,0,0,0,0,0,20.78,20.78,12808,False,sacked,PFR+SCORE0,19671119-MIA-OAK,True,,True,True,,,0
Daryle Lamonica,1967,10,1967-11-23,False,OAK,KAN,A,W,44,22,20,35,281,1,2,68.9,,1,3,0,0,0,0,0,,,11.54,11.54,12808,False,sacked;two_pt;fum_rec_td,PFR,19671123-OAK-KAN,False,two_pt;fum_rec_td,False,True,two_pt;fum_rec_td,,12
Daryle Lamonica,1967,11,1967-12-03,False,OAK,SDG,A,W,41,21,21,34,349,4,0,135.5,,0,0,0,0,0,0,0,0,0,29.96,29.96,12808,False,sacked,PFR+SCORE0,19671203-OAK-SDG,True,,True,True,,,0
Daryle Lamonica,1967,12,1967-12-10,False,OAK,HOU,A,W,19,7,23,35,286,0,1,79.0,,0,0,0,0,0,0,0,0,0,9.44,9.44,12808,False,sacked,PFR+SCORE0,19671210-OAK-HOU,True,,True,True,,,0
Daryle Lamonica,1967,13,1967-12-17,False,OAK,NYJ,H,W,38,29,16,32,336,3,2,92.7,,2,-1,0,0,0,0,0,0,0,21.34,21.34,12808,False,sacked,PFR+SCORE0,19671217-NYJ-OAK,True,,True,True,,,0
Daryle Lamonica,1967,14,1967-12-24,False,OAK,BUF,H,W,28,21,5,12,51,1,1,47.6,,1,23,0,0,0,0,0,,,6.34,6.34,12808,False,sacked;two_pt;fum_rec_td,PFR,19671224-BUF-OAK,False,two_pt;fum_rec_td,False,True,two_pt;fum_rec_td,,12
Daryle Lamonica,1967,15,1967-12-31,True,OAK,HOU,H,W,40,7,10,24,111,2,0,83.9,,5,22,1,0,0,0,0,0,0,20.64,20.64,12808,False,sacked,PFR+SCORE0,19671231-HOU-OAK,True,,True,True,,,0
Daryle Lamonica,1967,16,1968-01-14,True,OAK,GNB,N,L,14,33,15,34,208,2,1,71.7,,0,0,0,0,0,0,0,0,0,14.32,14.32,12808,False,sacked,PFR+SCORE0,19680114-GNB-OAK-N,True,,True,True,,,0
Daryle Lamonica,1968,1,1968-09-15,False,OAK,BUF,A,W,48,6,10,30,167,1,0,64.2,,2,3,0,0,0,0,0,0,0,10.98,10.98,12808,False,sacked,PFR+SCORE0,19680915-OAK-BUF,True,,True,True,,,0
Daryle Lamonica,1968,2,1968-09-21,False,OAK,MIA,A,W,47,21,15,24,344,4,0,145.8,,1,11,0,0,0,0,0,,,30.86,30.86,12808,False,sacked;two_pt;fum_rec_td,PFR,19680921-OAK-MIA,False,two_pt;fum_rec_td,False,True,two_pt;fum_rec_td,,8
Daryle Lamonica,1968,3,1968-09-29,False,OAK,HOU,A,W,24,15,7,22,80,2,1,55.1,,2,14,0,0,0,0,0,,,10.6,10.6,12808,False,sacked;two_pt;fum_rec_td,PFR,19680929-OAK-HOU,False,two_pt;fum_rec_td,False,True,two_pt;fum_rec_td,,6
Daryle Lamonica,1968,4,1968-10-06,False,OAK,BOS,H,W,41,10,17,39,226,2,1,69.0,,0,0,0,0,0,0,0,,,15.04,15.04,12808,False,sacked;two_pt;fum_rec_td,PFR,19681006-BOS-OAK,False,two_pt;fum_rec_td,False,True,two_pt;fum_rec_td,,6
Daryle Lamonica,1968,5,1968-10-13,False,OAK,SDG,H,L,14,23,13,32,229,1,2,50.1,,2,5,0,0,0,0,0,0,0,9.66,9.66,12808,False,sacked,PFR+SCORE0,19681013-SDG-OAK,True,,True,True,,,0
Daryle Lamonica,1968,6,1968-10-20,False,OAK,KAN,A,L,10,24,12,27,189,1,1,65.2,,0,0,0,0,0,0,0,0,0,9.56,9.56,12808,False,sacked,PFR+SCORE0,19681020-OAK-KAN,True,,True,True,,,0
Daryle Lamonica,1968,7,1968-10-27,False,OAK,CIN,H,W,31,10,17,31,205,3,1,94.2,,1,13,0,0,0,0,0,0,0,19.5,19.5,12808,False,sacked,PFR+SCORE0,19681027-CIN-OAK,True,,True,True,,,0
Daryle Lamonica,1968,8,1968-11-03,False,OAK,KAN,H,W,38,21,18,32,352,2,0,115.6,,2,19,1,0,0,0,0,0,0,29.98,29.98,12808,False,sacked,PFR+SCORE0,19681103-KAN-OAK,True,,True,True,,,0
Daryle Lamonica,1968,10,1968-11-17,False,OAK,NYJ,H,W,43,32,21,34,311,4,2,106.4,,0,0,0,0,0,0,0,,,24.44,24.44,12808,False,sacked;two_pt;fum_rec_td,PFR,19681117-NYJ-OAK,False,two_pt;fum_rec_td,False,True,two_pt;fum_rec_td,,8
Daryle Lamonica,1968,11,1968-11-24,False,OAK,CIN,A,W,34,0,24,32,368,1,0,122.9,,1,-5,0,0,0,0,0,0,0,18.22,18.22,12808,False,sacked,PFR+SCORE0,19681124-OAK-CIN,True,,True,True,,,0
Daryle Lamonica,1968,12,1968-11-28,False,OAK,BUF,H,W,13,10,12,32,145,0,1,39.2,,2,-1,0,0,0,0,0,,,3.7,3.7,12808,False,sacked;two_pt;fum_rec_td,PFR,19681128-BUF-OAK,False,two_pt;fum_rec_td,False,True,two_pt;fum_rec_td,,6
Daryle Lamonica,1968,13,1968-12-08,False,OAK,DEN,H,W,33,27,22,42,354,1,4,49.2,,1,-2,0,0,0,0,0,0,0,9.96,9.96,12808,False,sacked,PFR+SCORE0,19681208-DEN-OAK,True,,True,True,,,0
Daryle Lamonica,1968,14,1968-12-15,False,OAK,SDG,A,W,34,27,18,39,275,3,2,74.2,,5,41,0,0,0,0,0,,,23.1,23.1,12808,False,sacked;two_pt;fum_rec_td,PFR,19681215-OAK-SDG,False,two_pt;fum_rec_td,False,True,two_pt;fum_rec_td,,6
Daryle Lamonica,1968,17,1968-12-22,True,OAK,KAN,H,W,41,6,19,39,347,5,0,119.3,,0,0,0,0,0,0,0,0,0,33.88,33.88,12808,False,sacked,PFR+SCORE0,19681222-KAN-OAK,True,,True,True,,,0
Daryle Lamonica,1968,18,1968-12-29,True,OAK,NYJ,A,L,23,27,20,47,401,1,0,80.2,,3,1,0,0,0,0,0,0,0,20.14,20.14,12808,False,sacked,PFR+SCORE0,19681229-OAK-NYJ,True,,True,True,,,0
Daryle Lamonica,1969,1,1969-09-14,False,OAK,HOU,H,W,21,17,10,31,148,1,3,20.0,,2,-4,0,0,0,0,0,0,0,3.52,3.52,12808,False,sacked,PFR+SCORE0,19690914-HOU-OAK,True,,True,True,,,0
Daryle Lamonica,1969,2,1969-09-20,False,OAK,MIA,H,W,20,17,23,42,270,1,3,52.7,,1,0,0,0,0,0,0,,,8.8,8.8,12808,False,sacked;two_pt;fum_rec_td,PFR,19690920-MIA-OAK,False,two_pt;fum_rec_td,False,True,two_pt;fum_rec_td,,6
Daryle Lamonica,1969,3,1969-09-28,False,OAK,BOS,A,W,38,23,13,23,226,4,1,111.6,,2,7,0,0,0,0,0,0,0,23.74,23.74,12808,False,sacked,PFR+SCORE0,19690928-OAK-BOS,True,,True,True,,,0
Daryle Lamonica,1969,4,1969-10-04,False,OAK,MIA,A,T,20,20,19,43,215,2,1,65.6,,0,0,0,0,0,0,0,0,0,14.6,14.6,12808,False,sacked,PFR+SCORE0,19691004-OAK-MIA,True,,True,True,,,0
Daryle Lamonica,1969,5,1969-10-12,False,OAK,DEN,A,W,24,14,19,37,253,3,0,100.4,,1,9,0,0,0,0,0,0,0,23.02,23.02,12808,False,sacked,PFR+SCORE0,19691012-OAK-DEN,True,,True,True,,,0
Daryle Lamonica,1969,6,1969-10-19,False,OAK,BUF,H,W,50,21,21,36,313,6,1,114.9,,1,12,0,0,0,0,0,,,35.72,35.72,12808,False,sacked;two_pt;fum_rec_td,PFR,19691019-BUF-OAK,False,two_pt;fum_rec_td,False,True,two_pt;fum_rec_td,,2
Daryle Lamonica,1969,7,1969-10-26,False,OAK,SDG,A,W,24,12,19,26,237,3,3,99.8,,0,0,0,0,0,0,0,0,0,15.48,15.48,12808,False,sacked,PFR+SCORE0,19691026-OAK-SDG,True,,True,True,,,0
Daryle Lamonica,1969,8,1969-11-02,False,OAK,CIN,A,L,17,31,21,44,275,2,5,43.5,,1,0,0,0,0,0,0,0,0,9.0,9.0,12808,False,sacked,PFR+SCORE0,19691102-OAK-CIN,True,,True,True,,,0
Daryle Lamonica,1969,9,1969-11-09,False,OAK,DEN,H,W,41,10,11,21,268,3,0,137.4,,0,0,0,0,0,0,0,,,22.72,22.72,12808,False,sacked;two_pt;fum_rec_td,PFR,19691109-DEN-OAK,False,two_pt;fum_rec_td,False,True,two_pt;fum_rec_td,,6
Daryle Lamonica,1969,10,1969-11-16,False,OAK,SDG,H,W,21,16,15,29,235,2,3,62.4,,0,0,0,0,0,0,0,,,11.4,11.4,12808,False,sacked;two_pt;fum_rec_td,PFR,19691116-SDG-OAK,False,two_pt;fum_rec_td,False,True,two_pt;fum_rec_td,,6
Daryle Lamonica,1969,11,1969-11-23,False,OAK,KAN,A,W,27,24,9,24,142,1,0,71.9,,0,0,0,0,0,0,0,,,9.68,9.68,12808,False,sacked;two_pt;fum_rec_td,PFR,19691123-OAK-KAN,False,two_pt;fum_rec_td,False,True,two_pt;fum_rec_td,,12
Daryle Lamonica,1969,12,1969-11-30,False,OAK,NYJ,A,W,27,14,19,28,333,2,1,117.1,,3,6,1,0,0,0,0,0,0,25.92,25.92,12808,False,sacked,PFR+SCORE0,19691130-OAK-NYJ,True,,True,True,,,0
Daryle Lamonica,1969,13,1969-12-07,False,OAK,CIN,H,W,37,17,11,22,199,3,2,83.1,,1,5,0,0,0,0,0,0,0,16.46,16.46,12808,False,sacked,PFR+SCORE0,19691207-CIN-OAK,True,,True,True,,,0
Daryle Lamonica,1969,14,1969-12-13,False,OAK,KAN,H,W,10,6,11,20,188,1,2,64.2,,1,1,0,0,0,0,0,0,0,7.62,7.62,12808,False,sacked,PFR+SCORE0,19691213-KAN-OAK,True,,True,True,,,0
Daryle Lamonica,1969,17,1969-12-21,True,OAK,HOU,H,W,56,7,13,17,276,6,1,133.0,,0,0,0,0,0,0,0,,,33.04,33.04,12808,False,sacked;two_pt;fum_rec_td,PFR,19691221-HOU-OAK,False,two_pt;fum_rec_td,False,True,two_pt;fum_rec_td,,6
Daryle Lamonica,1969,18,1970-01-04,True,OAK,KAN,H,L,7,17,15,39,167,0,3,19.9,,0,0,0,0,0,0,0,0,0,0.68,0.68,12808,False,sacked,PFR+SCORE0,19700104-KAN-OAK,True,,True,True,,,0
Tobin Rote,1963,1,1963-09-08,False,SDG,BUF,H,W,14,10,18,29,260,0,1,76.8,,1,5,0,0,0,0,0,0,0,8.9,8.9,19136,False,sacked,PFR+SCORE0,19630908-BUF-SDG,True,,True,True,,,0
Tobin Rote,1963,2,1963-09-14,False,SDG,BOS,H,W,17,13,5,12,97,1,1,63.5,,1,0,0,0,0,0,0,0,0,5.88,5.88,19136,False,sacked,PFR+SCORE0,19630914-BOS-SDG,True,,True,True,,,0
Tobin Rote,1963,3,1963-09-29,False,SDG,KAN,H,W,24,10,10,16,127,3,1,100.8,,3,4,0,0,0,0,0,0,0,15.48,15.48,19136,False,sacked,PFR+SCORE0,19630929-KAN-SDG,True,,True,True,,,0
Tobin Rote,1963,4,1963-10-06,False,SDG,DEN,A,L,34,50,11,17,230,3,2,108.1,,1,-2,0,0,0,0,0,0,0,17.0,17.0,19136,False,sacked,PFR+SCORE0,19631006-SDG-DEN,True,,True,True,,,0
Tobin Rote,1963,5,1963-10-13,False,SDG,NYJ,H,W,24,20,10,13,78,0,1,59.1,,1,-1,0,0,0,0,0,0,0,1.02,1.02,19136,False,sacked,PFR+SCORE0,19631013-NYJ-SDG,True,,True,True,,,0
Tobin Rote,1963,6,1963-10-20,False,SDG,KAN,A,W,38,17,16,22,266,2,0,143.4,,2,9,0,0,0,0,0,0,0,19.54,19.54,19136,False,sacked,PFR+SCORE0,19631020-SDG-KAN,True,,True,True,,,0
Tobin Rote,1963,7,1963-10-27,False,SDG,OAK,H,L,33,34,6,14,67,1,4,42.0,,1,6,0,0,0,0,0,,,-0.72,-0.72,19136,False,sacked;two_pt;fum_rec_td,PFR,19631027-OAK-SDG,False,two_pt;fum_rec_td,False,True,two_pt;fum_rec_td,,6
Tobin Rote,1963,8,1963-11-02,False,SDG,NYJ,A,W,53,7,21,29,369,3,0,149.0,,2,10,1,0,0,0,0,,,33.76,33.76,19136,False,sacked;two_pt;fum_rec_td,PFR,19631102-SDG-NYJ,False,two_pt;fum_rec_td,False,True,two_pt;fum_rec_td,,2
Tobin Rote,1963,9,1963-11-10,False,SDG,BOS,A,W,7,6,17,29,252,1,1,84.3,,1,1,0,0,0,0,0,0,0,12.18,12.18,19136,False,sacked,PFR+SCORE0,19631110-SDG-BOS,True,,True,True,,,0
Tobin Rote,1963,10,1963-11-17,False,SDG,BUF,A,W,23,13,10,22,156,1,2,46.8,,2,12,0,0,0,0,0,0,0,7.44,7.44,19136,False,sacked,PFR+SCORE0,19631117-SDG-BUF,True,,True,True,,,0
Tobin Rote,1963,11,1963-12-01,False,SDG,HOU,H,W,27,0,13,24,134,1,2,49.7,,1,3,0,0,0,0,0,0,0,5.66,5.66,19136,False,sacked,PFR+SCORE0,19631201-HOU-SDG,True,,True,True,,,0
Tobin Rote,1963,12,1963-12-08,False,SDG,OAK,A,L,27,41,17,25,284,3,0,145.7,,5,7,0,0,0,0,0,0,0,24.06,24.06,19136,False,sacked,PFR+SCORE0,19631208-SDG-OAK,True,,True,True,,,0
Tobin Rote,1963,13,1963-12-15,False,SDG,HOU,A,W,20,14,9,17,81,0,1,41.5,,3,8,1,0,0,0,0,0,0,8.04,8.04,19136,False,sacked,PFR+SCORE0,19631215-SDG-HOU,True,,True,True,,,0
Tobin Rote,1963,14,1963-12-22,False,SDG,DEN,H,W,58,20,7,17,109,1,1,58.2,,0,0,0,0,0,0,0,,,6.36,6.36,19136,False,sacked;two_pt;fum_rec_td,PFR,19631222-DEN-SDG,False,two_pt;fum_rec_td,False,True,two_pt;fum_rec_td,,8
Tobin Rote,1963,15,1964-01-05,True,SDG,BOS,H,W,51,10,10,15,173,2,0,145.3,,4,15,1,0,0,0,0,0,0,22.42,22.42,19136,False,sacked,PFR+SCORE0,19640105-BOS-SDG,True,,True,True,,,0
Tobin Rote,1964,1,1964-09-12,False,SDG,HOU,H,W,27,21,15,26,235,3,1,110.3,,0,0,0,0,0,0,0,0,0,19.4,19.4,19136,False,sacked,PFR+SCORE0,19640912-HOU-SDG,True,,True,True,,,0
Tobin Rote,1964,2,1964-09-20,False,SDG,BOS,H,L,28,33,7,16,42,0,2,11.5,,0,0,0,0,0,0,0,,,-2.32,-2.32,19136,False,sacked;two_pt;fum_rec_td,PFR,19640920-BOS-SDG,False,two_pt;fum_rec_td,False,True,two_pt;fum_rec_td,,2
Tobin Rote,1964,3,1964-09-26,False,SDG,BUF,A,L,3,30,9,21,153,0,1,48.3,,1,-2,0,0,0,0,0,0,0,3.92,3.92,19136,False,sacked,PFR+SCORE0,19640926-SDG-BUF,True,,True,True,,,0
Tobin Rote,1964,4,1964-10-03,False,SDG,NYJ,A,T,17,17,15,29,225,2,2,71.8,,4,-2,0,0,0,0,0,0,0,12.8,12.8,19136,False,sacked,PFR+SCORE0,19641003-SDG-NYJ,True,,True,True,,,0
Tobin Rote,1964,5,1964-10-09,False,SDG,BOS,A,W,26,17,3,8,24,0,1,6.2,,1,-3,0,0,0,0,0,0,0,-1.34,-1.34,19136,False,sacked,PFR+SCORE0,19641009-SDG-BOS,True,,True,True,,,0
Tobin Rote,1964,6,1964-10-18,False,SDG,DEN,H,W,42,14,1,4,14,0,1,2.1,,0,0,0,0,0,0,0,0,0,-1.44,-1.44,19136,False,sacked,PFR+SCORE0,19641018-DEN-SDG,True,,True,True,,,0
Tobin Rote,1964,7,1964-10-25,False,SDG,HOU,A,W,20,17,1,2,22,0,1,50.0,,3,-4,0,0,0,0,0,,,-1.52,-1.52,19136,False,sacked;two_pt;fum_rec_td,PFR,19641025-SDG-HOU,False,two_pt;fum_rec_td,False,True,two_pt;fum_rec_td,,6
Tobin Rote,1964,8,1964-11-01,False,SDG,OAK,H,W,31,17,2,10,83,1,1,55.4,,0,0,0,0,0,0,0,0,0,5.32,5.32,19136,False,sacked,PFR+SCORE0,19641101-OAK-SDG,True,,True,True,,,0
Tobin Rote,1964,9,1964-11-08,False,SDG,DEN,A,W,31,20,5,12,84,2,1,70.8,,0,0,0,0,0,0,0,0,0,9.36,9.36,19136,False,sacked,PFR+SCORE0,19641108-SDG-DEN,True,,True,True,,,0
Tobin Rote,1964,11,1964-11-26,False,SDG,BUF,H,L,24,27,1,3,20,0,2,18.1,,0,0,0,0,0,0,0,0,0,-3.2,-3.2,19136,False,sacked,PFR+SCORE0,19641126-BUF-SDG,True,,True,True,,,0
Tobin Rote,1964,12,1964-12-06,False,SDG,NYJ,H,W,38,3,1,2,82,1,0,135.4,,0,0,0,0,0,0,0,,,7.28,7.28,19136,False,sacked;two_pt;fum_rec_td,PFR,19641206-NYJ-SDG,False,two_pt;fum_rec_td,False,True,two_pt;fum_rec_td,,6
Tobin Rote,1964,13,1964-12-13,False,SDG,KAN,H,L,6,49,4,12,44,0,1,10.4,,0,0,0,1,-11,0,0,0,0,-1.34,-0.34,19136,False,sacked,PFR+SCORE0,19641213-KAN-SDG,True,,True,True,,,0
Tobin Rote,1964,14,1964-12-20,False,SDG,OAK,A,L,20,21,11,18,126,0,1,59.0,,0,0,0,0,0,0,0,0,0,3.04,3.04,19136,False,sacked,PFR+SCORE0,19641220-SDG-OAK,True,,True,True,,,0
Tobin Rote,1964,15,1964-12-26,True,SDG,BUF,A,L,7,20,10,26,118,1,2,33.8,,1,6,0,0,0,0,0,0,0,5.32,5.32,19136,False,sacked,PFR+SCORE0,19641226-SDG-BUF,True,,True,True,,,0
Tobin Rote,1966,5,1966-10-08,False,DEN,KAN,A,L,10,37,2,6,28,0,1,9.7,,0,0,0,0,0,0,0,0,0,-0.88,-0.88,19136,False,sacked,PFR+SCORE0,19661008-DEN-KAN,True,,True,True,,,0
Tobin Rote,1966,6,1966-10-16,False,DEN,MIA,A,L,7,24,1,2,12,0,0,68.7,,0,0,0,0,0,0,0,0,0,0.48,0.48,19136,False,sacked,PFR+SCORE0,19661016-DEN-MIA,True,,True,True,,,0
Billy Wade,1960,1,1960-09-23,False,RAM,STL,H,L,21,43,14,24,164,2,3,67.4,,2,1,0,0,0,0,0,0,0,8.66,8.66,23013,False,sacked,PFR+RULE2PT+SCORE0,19600923-STL-RAM,True,,True,True,,,0
Billy Wade,1960,2,1960-10-02,False,RAM,SFO,A,L,9,13,9,12,94,0,0,97.2,,2,2,0,0,0,0,0,0,0,3.96,3.96,23013,False,sacked,PFR+RULE2PT+SCORE0,19601002-RAM-SFO,True,,True,True,,,0
Billy Wade,1960,3,1960-10-09,False,RAM,CHI,A,L,27,34,11,23,86,1,1,53.9,,3,10,0,0,0,0,0,0,0,6.44,6.44,23013,False,sacked,PFR+RULE2PT+SCORE0,19601009-RAM-CHI,True,,True,True,,,0
Billy Wade,1960,4,1960-10-16,False,RAM,BAL,A,L,17,31,5,8,90,0,1,61.5,,3,13,1,0,0,0,0,0,0,8.9,8.9,23013,False,sacked,PFR+RULE2PT+SCORE0,19601016-RAM-BAL,True,,True,True,,,0
Billy Wade,1960,6,1960-10-30,False,RAM,DET,H,W,48,35,4,6,54,1,0,134.7,,1,7,0,0,0,0,0,0,,6.86,6.86,23013,False,sacked;fum_rec_td,PFR+RULE2PT,19601030-DET-RAM,False,fum_rec_td,False,True,fum_rec_td,,12
Billy Wade,1960,7,1960-11-06,False,RAM,DAL,A,W,38,13,3,5,36,1,0,121.7,,0,0,0,0,0,0,0,0,0,5.44,5.44,23013,False,sacked,PFR+RULE2PT+SCORE0,19601106-RAM-DAL,True,,True,True,,,0
Billy Wade,1960,8,1960-11-13,False,RAM,DET,A,L,10,12,12,19,152,1,0,105.6,,2,17,0,0,10,0,0,0,0,12.78,12.78,23013,False,sacked,PFR+RULE2PT+SCORE0,19601113-RAM-DET,True,,True,True,,,0
Billy Wade,1960,9,1960-11-20,False,RAM,GNB,A,W,33,31,14,26,162,3,1,95.4,,4,11,0,0,0,0,0,0,0,17.58,17.58,23013,False,sacked,PFR+RULE2PT+SCORE0,19601120-RAM-GNB,True,,True,True,,,0
Billy Wade,1960,10,1960-12-04,False,RAM,SFO,H,L,7,23,6,16,58,0,2,8.9,,2,20,0,0,0,0,0,0,0,0.32,0.32,23013,False,sacked,PFR+RULE2PT+SCORE0,19601204-SFO-RAM,True,,True,True,,,0
Billy Wade,1960,11,1960-12-11,False,RAM,BAL,H,W,10,3,8,17,120,0,1,46.2,,2,67,1,0,0,0,0,0,0,15.5,15.5,23013,False,sacked,PFR+RULE2PT+SCORE0,19601211-BAL-RAM,True,,True,True,,,0
Billy Wade,1960,12,1960-12-17,False,RAM,GNB,H,L,21,35,20,26,278,3,2,117.1,,5,23,0,0,0,0,0,0,0,21.42,21.42,23013,False,sacked,PFR+RULE2PT+SCORE2,19601217-GNB-RAM,True,,True,True,,,2
Billy Wade,1961,1,1961-09-17,False,CHI,MIN,A,L,13,37,6,10,109,1,2,91.2,,2,30,0,0,0,0,0,0,0,7.36,7.36,23013,False,sacked,PFR+RULE2PT+SCORE0,19610917-CHI-MIN,True,,True,True,,,0
Billy Wade,1961,2,1961-09-23,False,CHI,RAM,A,W,21,17,6,7,98,1,0,158.3,,6,40,1,0,0,0,0,0,0,17.92,17.92,23013,False,sacked,PFR+RULE2PT+SCORE0,19610923-CHI-RAM,True,,True,True,,,0
Billy Wade,1961,3,1961-10-01,False,CHI,GNB,A,L,0,24,3,7,26,0,1,13.7,,2,4,0,0,0,0,0,0,0,-0.56,-0.56,23013,False,sacked,PFR+RULE2PT+SCORE0,19611001-CHI-GNB,True,,True,True,,,0
Billy Wade,1961,4,1961-10-08,False,CHI,DET,A,W,31,17,13,25,330,2,1,107.5,,6,39,1,0,0,0,0,0,0,29.1,29.1,23013,False,sacked,PFR+RULE2PT+SCORE0,19611008-CHI-DET,True,,True,True,,,0
Billy Wade,1961,5,1961-10-15,False,CHI,BAL,H,W,24,10,4,6,31,0,0,79.2,,3,19,0,0,0,0,0,0,0,3.14,3.14,23013,False,sacked,PFR+RULE2PT+SCORE0,19611015-BAL-CHI,True,,True,True,,,0
Billy Wade,1961,6,1961-10-22,False,CHI,SFO,H,W,31,0,13,22,171,4,1,104.4,,5,1,0,0,0,0,0,0,0,20.94,20.94,23013,False,sacked,PFR+RULE2PT+SCORE0,19611022-SFO-CHI,True,,True,True,,,0
Billy Wade,1961,7,1961-10-29,False,CHI,BAL,A,W,21,20,11,28,211,2,2,60.3,,5,40,0,0,0,0,0,0,0,16.44,16.44,23013,False,sacked,PFR+RULE2PT+SCORE0,19611029-CHI-BAL,True,,True,True,,,0
Billy Wade,1961,8,1961-11-05,False,CHI,PHI,A,L,14,16,2,5,85,1,0,127.1,,1,17,0,0,0,0,0,0,0,9.1,9.1,23013,False,sacked,PFR+RULE2PT+SCORE0,19611105-CHI-PHI,True,,True,True,,,0
Billy Wade,1961,9,1961-11-12,False,CHI,GNB,H,L,28,31,17,30,236,3,1,101.5,,5,18,0,0,0,0,0,0,0,21.24,21.24,23013,False,sacked,PFR+RULE2PT+SCORE0,19611112-GNB-CHI,True,,True,True,,,0
Billy Wade,1961,10,1961-11-19,False,CHI,SFO,A,L,31,41,18,34,323,3,1,102.9,,3,16,0,0,0,0,0,0,0,24.52,24.52,23013,False,sacked,PFR+RULE2PT+SCORE0,19611119-CHI-SFO,True,,True,True,,,0
Billy Wade,1961,11,1961-11-26,False,CHI,RAM,H,W,28,24,15,19,207,1,1,107.7,,4,20,0,0,0,0,0,0,0,12.28,12.28,23013,False,sacked,PFR+RULE2PT+SCORE0,19611126-RAM-CHI,True,,True,True,,,0
Billy Wade,1961,12,1961-12-03,False,CHI,DET,H,L,15,16,8,23,76,0,2,8.6,,3,11,0,0,0,0,0,0,0,0.14,0.14,23013,False,sacked,PFR+RULE2PT+SCORE0,19611203-DET-CHI,True,,True,True,,,0
Billy Wade,1961,14,1961-12-17,False,CHI,MIN,H,W,52,35,23,34,355,4,1,128.9,,0,0,0,0,0,0,0,0,0,28.2,28.2,23013,False,sacked,PFR+RULE2PT+SCORE0,19611217-MIN-CHI,True,,True,True,,,0
Billy Wade,1962,1,1962-09-16,False,CHI,SFO,A,W,30,14,5,13,13,0,0,46.6,,1,1,0,0,0,0,0,0,,0.62,0.62,23013,False,sacked;fum_rec_td,PFR+RULE2PT,19620916-CHI-SFO,False,fum_rec_td,False,True,fum_rec_td,,6
Billy Wade,1962,2,1962-09-23,False,CHI,RAM,A,W,27,23,15,28,239,1,0,94.2,,4,14,1,0,0,0,0,0,0,20.96,20.96,23013,False,sacked,PFR+RULE2PT+SCORE0,19620923-CHI-RAM,True,,True,True,,,0
Billy Wade,1962,3,1962-09-30,False,CHI,GNB,A,L,0,49,7,18,132,0,3,25.5,,2,-1,0,0,0,0,0,0,0,-0.82,-0.82,23013,False,sacked,PFR+RULE2PT+SCORE0,19620930-CHI-GNB,True,,True,True,,,0
Billy Wade,1962,4,1962-10-07,False,CHI,MIN,A,W,13,0,13,29,156,0,0,61.9,,1,11,0,0,0,0,0,0,0,7.34,7.34,23013,False,sacked,PFR+RULE2PT+SCORE0,19621007-CHI-MIN,True,,True,True,,,0
Billy Wade,1962,5,1962-10-14,False,CHI,SFO,H,L,27,34,18,34,356,2,2,84.9,,2,14,0,0,0,0,0,0,0,19.64,19.64,23013,False,sacked,PFR+RULE2PT+SCORE0,19621014-SFO-CHI,True,,True,True,,,0
Billy Wade,1962,6,1962-10-21,False,CHI,BAL,H,W,35,15,13,26,318,3,2,101.1,,2,6,0,0,0,0,0,0,0,21.32,21.32,23013,False,sacked,PFR+RULE2PT+SCORE0,19621021-BAL-CHI,True,,True,True,,,0
Billy Wade,1962,7,1962-10-28,False,CHI,DET,A,L,3,11,10,20,54,0,0,56.2,,1,1,0,0,0,0,0,0,0,2.26,2.26,23013,False,sacked,PFR+RULE2PT+SCORE0,19621028-CHI-DET,True,,True,True,,,0
Billy Wade,1962,8,1962-11-04,False,CHI,GNB,H,L,7,38,13,24,147,1,2,51.9,,8,21,0,0,0,0,0,0,0,7.98,7.98,23013,False,sacked,PFR+RULE2PT+SCORE0,19621104-GNB-CHI,True,,True,True,,,0
Billy Wade,1962,9,1962-11-11,False,CHI,MIN,H,W,31,30,26,42,274,3,5,65.1,,3,13,1,0,0,0,0,0,0,20.26,20.26,23013,False,sacked,PFR+RULE2PT+SCORE0,19621111-MIN-CHI,True,,True,True,,,0
Billy Wade,1962,10,1962-11-18,False,CHI,DAL,A,W,34,33,28,46,466,2,2,91.4,,3,0,1,0,0,0,0,0,0,28.64,28.64,23013,False,sacked,PFR+RULE2PT+SCORE0,19621118-CHI-DAL,True,,True,True,,,0
Billy Wade,1962,11,1962-11-25,False,CHI,BAL,A,W,57,0,23,32,328,3,0,135.9,,1,5,1,0,0,0,0,0,0,31.62,31.62,23013,False,sacked,PFR+RULE2PT+SCORE0,19621125-CHI-BAL,True,,True,True,,,0
Billy Wade,1962,12,1962-12-02,False,CHI,NYG,H,L,24,26,21,39,294,2,4,55.9,,5,31,0,0,0,0,0,0,,14.86,14.86,23013,False,sacked;fum_rec_td,PFR+RULE2PT,19621202-NYG-CHI,False,fum_rec_td,False,True,fum_rec_td,,6
Billy Wade,1962,13,1962-12-09,False,CHI,RAM,H,W,30,14,16,28,199,1,3,51.6,,2,6,1,0,0,0,0,0,,12.56,12.56,23013,False,sacked;fum_rec_td,PFR+RULE2PT,19621209-RAM-CHI,False,fum_rec_td,False,True,fum_rec_td,,6
Billy Wade,1962,14,1962-12-16,False,CHI,DET,H,W,3,0,17,33,196,0,1,57.1,,5,24,0,0,0,0,0,0,0,8.24,8.24,23013,False,sacked,PFR+RULE2PT+SCORE0,19621216-DET-CHI,True,,True,True,,,0
Billy Wade,1963,1,1963-09-15,False,CHI,GNB,A,W,10,3,18,24,129,0,1,69.6,,8,26,0,0,0,0,0,0,0,5.76,5.76,23013,False,sacked,PFR+RULE2PT+SCORE0,19630915-CHI-GNB,True,,True,True,,,0
Billy Wade,1963,2,1963-09-22,False,CHI,MIN,A,W,28,7,23,32,253,3,0,126.2,,1,1,1,0,0,0,0,0,0,28.22,28.22,23013,False,sacked,PFR+RULE2PT+SCORE0,19630922-CHI-MIN,True,,True,True,,,0
Billy Wade,1963,3,1963-09-29,False,CHI,DET,A,W,37,21,18,34,219,3,1,90.2,,3,-4,1,0,0,0,0,0,,24.36,24.36,23013,False,sacked;fum_rec_td,PFR+RULE2PT,19630929-CHI-DET,False,fum_rec_td,False,True,fum_rec_td,,8
Billy Wade,1963,4,1963-10-06,False,CHI,BAL,H,W,10,3,5,21,50,0,1,19.7,,1,2,0,0,0,0,0,0,0,0.2,0.2,23013,False,sacked,PFR+RULE2PT+SCORE0,19631006-BAL-CHI,True,,True,True,,,0
Billy Wade,1963,5,1963-10-13,False,CHI,RAM,A,W,52,14,12,21,114,3,1,92.1,,1,12,0,0,0,0,0,0,,15.76,15.76,23013,False,sacked;fum_rec_td,PFR+RULE2PT,19631013-CHI-RAM,False,fum_rec_td,False,True,fum_rec_td,,6
Billy Wade,1963,6,1963-10-20,False,CHI,SFO,A,L,14,20,15,20,115,1,1,84.4,,2,20,0,0,0,0,0,0,0,8.6,8.6,23013,False,sacked,PFR+RULE2PT+SCORE0,19631020-CHI-SFO,True,,True,True,,,0
Billy Wade,1963,7,1963-10-27,False,CHI,PHI,H,W,16,7,20,35,253,1,0,89.3,,2,5,0,0,0,0,0,0,0,14.62,14.62,23013,False,sacked,PFR+RULE2PT+SCORE0,19631027-PHI-CHI,True,,True,True,,,0
Billy Wade,1963,8,1963-11-03,False,CHI,BAL,A,W,17,7,9,12,126,1,0,136.1,,6,15,1,0,0,0,0,0,0,16.54,16.54,23013,False,sacked,PFR+RULE2PT+SCORE0,19631103-CHI-BAL,True,,True,True,,,0
Billy Wade,1963,9,1963-11-10,False,CHI,RAM,H,W,6,0,12,30,151,0,1,42.5,,2,6,0,0,0,0,0,0,0,4.64,4.64,23013,False,sacked,PFR+RULE2PT+SCORE0,19631110-RAM-CHI,True,,True,True,,,0
Billy Wade,1963,10,1963-11-17,False,CHI,GNB,H,W,26,7,6,14,92,0,0,65.2,,4,28,1,0,0,0,0,0,0,12.48,12.48,23013,False,sacked,PFR+RULE2PT+SCORE0,19631117-GNB-CHI,True,,True,True,,,0
Billy Wade,1963,11,1963-11-24,False,CHI,PIT,A,T,17,17,17,32,264,0,3,41.7,,1,3,0,0,0,0,0,0,0,4.86,4.86,23013,False,sacked,PFR+RULE2PT+SCORE0,19631124-CHI-PIT,True,,True,True,,,0
Billy Wade,1963,12,1963-12-01,False,CHI,MIN,H,T,17,17,16,32,164,1,0,75.5,,5,5,1,0,0,0,0,0,0,17.06,17.06,23013,False,sacked,PFR+RULE2PT+SCORE0,19631201-MIN-CHI,True,,True,True,,,0
Billy Wade,1963,13,1963-12-08,False,CHI,SFO,H,W,27,7,7,20,136,0,1,38.7,,3,9,1,0,0,0,0,0,,10.34,10.34,23013,False,sacked;fum_rec_td,PFR+RULE2PT,19631208-SFO-CHI,False,fum_rec_td,False,True,fum_rec_td,,6
Billy Wade,1963,14,1963-12-15,False,CHI,DET,H,W,24,14,14,29,235,2,2,70.3,,5,0,0,0,0,0,0,0,,13.4,13.4,23013,False,sacked;fum_rec_td,PFR+RULE2PT,19631215-DET-CHI,False,fum_rec_td,False,True,fum_rec_td,,6
Billy Wade,1963,15,1963-12-29,True,CHI,NYG,H,W,14,10,10,28,138,0,0,52.4,,8,34,2,0,0,0,0,0,0,20.92,20.92,23013,False,sacked,PFR+RULE2PT+SCORE0,19631229-NYG-CHI,True,,True,True,,,0
Billy Wade,1964,1,1964-09-13,False,CHI,GNB,A,L,12,23,4,11,28,0,0,44.9,,3,7,0,0,0,0,0,0,0,1.82,1.82,23013,False,sacked,PFR+RULE2PT+SCORE0,19640913-CHI-GNB,True,,True,True,,,0
Billy Wade,1964,2,1964-09-20,False,CHI,MIN,A,W,34,28,23,31,341,3,1,128.6,,4,11,1,0,0,0,0,0,0,30.74,30.74,23013,False,sacked,PFR+RULE2PT+SCORE0,19640920-CHI-MIN,True,,True,True,,,0
Billy Wade,1964,3,1964-09-27,False,CHI,BAL,A,L,0,52,13,25,186,0,2,43.1,,2,7,0,0,0,0,0,0,0,4.14,4.14,23013,False,sacked,PFR+RULE2PT+SCORE0,19640927-CHI-BAL,True,,True,True,,,0
Billy Wade,1964,4,1964-10-04,False,CHI,SFO,A,L,21,31,22,38,184,3,0,96.8,,2,33,0,0,0,0,0,0,0,22.66,22.66,23013,False,sacked,PFR+RULE2PT+SCORE0,19641004-CHI-SFO,True,,True,True,,,0
Billy Wade,1964,5,1964-10-11,False,CHI,RAM,H,W,38,17,23,46,249,4,0,95.3,,2,7,0,0,0,0,0,0,,26.66,26.66,23013,False,sacked;fum_rec_td,PFR+RULE2PT,19641011-RAM-CHI,False,fum_rec_td,False,True,fum_rec_td,,6
Billy Wade,1964,6,1964-10-18,False,CHI,DET,H,L,0,10,20,37,155,0,2,42.1,,2,-1,0,0,0,0,0,0,0,2.1,2.1,23013,False,sacked,PFR+RULE2PT+SCORE0,19641018-DET-CHI,True,,True,True,,,0
Billy Wade,1964,7,1964-10-25,False,CHI,WAS,A,L,20,27,33,57,321,3,2,76.7,,3,6,0,0,0,0,0,0,0,21.44,21.44,23013,False,sacked,PFR+RULE2PT+SCORE0,19641025-CHI-WAS,True,,True,True,,,0
Billy Wade,1964,8,1964-11-01,False,CHI,DAL,H,L,10,24,12,28,163,0,3,22.5,,1,2,0,0,0,0,0,0,0,0.72,0.72,23013,False,sacked,PFR+RULE2PT+SCORE0,19641101-DAL-CHI,True,,True,True,,,0
Billy Wade,1964,9,1964-11-08,False,CHI,BAL,H,L,24,40,10,12,94,0,1,64.6,,2,10,0,0,0,0,0,0,0,2.76,2.76,23013,False,sacked,PFR+RULE2PT+SCORE0,19641108-BAL-CHI,True,,True,True,,,0
Billy Wade,1964,13,1964-12-05,False,CHI,GNB,H,L,3,17,11,18,77,0,1,47.7,,2,13,0,0,0,0,0,0,0,2.38,2.38,23013,False,sacked,PFR+RULE2PT+SCORE0,19641205-GNB-CHI,True,,True,True,,,0
Billy Wade,1964,14,1964-12-13,False,CHI,MIN,H,L,14,41,11,24,146,0,2,30.9,,1,1,0,0,0,0,0,0,0,1.94,1.94,23013,False,sacked,PFR+RULE2PT+SCORE0,19641213-MIN-CHI,True,,True,True,,,0
Billy Wade,1965,1,1965-09-19,False,CHI,SFO,A,L,24,52,8,19,93,0,0,57.6,,1,3,0,0,0,0,0,0,0,4.02,4.02,23013,False,sacked,PFR+RULE2PT+SCORE0,19650919-CHI-SFO,True,,True,True,,,0
Billy Wade,1965,2,1965-09-25,False,CHI,RAM,A,L,28,30,8,13,56,0,1,39.3,,1,2,0,0,0,0,0,0,,0.44,0.44,23013,False,sacked;fum_rec_td,PFR+RULE2PT,19650925-CHI-RAM,False,fum_rec_td,False,True,fum_rec_td,,6
Billy Wade,1965,3,1965-10-03,False,CHI,GNB,A,L,14,23,4,9,55,0,1,25.0,,3,13,0,0,0,0,0,0,0,1.5,1.5,23013,False,sacked,PFR+RULE2PT+SCORE0,19651003-CHI-GNB,True,,True,True,,,0
Billy Wade,1966,10,1966-11-20,False,CHI,GNB,A,L,6,13,2,4,19,0,0,63.5,,0,0,0,0,0,0,0,0,0,0.76,0.76,23013,False,sacked,PFR+RULE2PT+SCORE0,19661120-CHI-GNB,True,,True,True,,,0
Billy Wade,1966,13,1966-12-11,False,CHI,SFO,A,L,14,41,7,17,60,0,1,26.6,,0,0,0,0,0,0,0,0,0,0.4,0.4,23013,False,sacked,PFR+RULE2PT+SCORE0,19661211-CHI-SFO,True,,True,True,,,0
Don Meredith,1960,4,1960-10-16,False,DAL,CLE,H,L,7,48,1,6,6,0,0,39.6,,0,0,0,0,0,0,0,0,0,0.24,0.24,15126,False,sacked,PFR+RULE2PT+SCORE0,19601016-CLE-DAL,True,,True,True,,,0
Don Meredith,1960,6,1960-10-30,False,DAL,BAL,H,L,7,45,3,6,54,0,1,41.7,,0,0,0,0,0,0,0,0,0,0.16,0.16,15126,False,sacked,PFR+RULE2PT+SCORE0,19601030-BAL-DAL,True,,True,True,,,0
Don Meredith,1960,7,1960-11-06,False,DAL,RAM,H,L,13,38,9,28,75,0,3,1.8,,2,-4,0,0,0,0,0,0,0,-3.4,-3.4,15126,False,sacked,PFR+RULE2PT+SCORE0,19601106-RAM-DAL,True,,True,True,,,0
Don Meredith,1960,8,1960-11-13,False,DAL,GNB,A,L,7,41,9,16,92,1,0,93.7,,1,8,0,0,0,0,0,0,0,8.48,8.48,15126,False,sacked,PFR+RULE2PT+SCORE0,19601113-DAL-GNB,True,,True,True,,,0
Don Meredith,1960,9,1960-11-20,False,DAL,SFO,H,L,14,26,7,12,54,1,1,62.5,,0,0,0,0,0,0,0,0,0,4.16,4.16,15126,False,sacked,PFR+RULE2PT+SCORE0,19601120-SFO-DAL,True,,True,True,,,0
Don Meredith,1961,1,1961-09-17,False,DAL,PIT,H,W,27,24,10,26,161,1,2,40.7,,4,23,0,0,0,0,0,0,0,8.74,8.74,15126,False,sacked,PFR+RULE2PT+SCORE0,19610917-PIT-DAL,True,,True,True,,,0
Don Meredith,1961,2,1961-09-24,False,DAL,MIN,H,W,21,7,12,22,163,1,1,74.6,,6,36,1,0,0,0,0,0,0,18.12,18.12,15126,False,sacked,PFR+RULE2PT+SCORE0,19610924-MIN-DAL,True,,True,True,,,0
Don Meredith,1961,3,1961-10-01,False,DAL,CLE,A,L,7,25,11,23,128,1,2,43.4,,1,3,0,0,0,0,0,0,0,5.42,5.42,15126,False,sacked,PFR+RULE2PT+SCORE0,19611001-DAL-CLE,True,,True,True,,,0
Don Meredith,1961,4,1961-10-08,False,DAL,MIN,A,W,28,0,8,16,124,2,0,115.6,,1,-4,0,0,0,0,0,0,0,12.56,12.56,15126,False,sacked,PFR+RULE2PT+SCORE0,19611008-DAL-MIN,True,,True,True,,,0
Don Meredith,1961,5,1961-10-15,False,DAL,NYG,H,L,10,31,10,17,75,1,2,49.5,,0,0,0,0,0,0,0,0,0,3.0,3.0,15126,False,sacked,PFR+RULE2PT+SCORE0,19611015-NYG-DAL,True,,True,True,,,0
Don Meredith,1961,6,1961-10-22,False,DAL,PHI,H,L,7,43,20,29,194,1,1,84.6,,3,59,0,0,0,0,0,0,0,15.66,15.66,15126,False,sacked,PFR+RULE2PT+SCORE0,19611022-PHI-DAL,True,,True,True,,,0
Don Meredith,1961,9,1961-11-12,False,DAL,PIT,A,L,7,37,8,23,99,0,1,30.9,,2,6,0,0,0,0,0,0,0,2.56,2.56,15126,False,sacked,PFR+RULE2PT+SCORE0,19611112-DAL-PIT,True,,True,True,,,0
Don Meredith,1961,10,1961-11-19,False,DAL,WAS,H,T,28,28,15,26,217,2,2,78.5,,5,53,0,0,0,0,0,0,0,17.98,17.98,15126,False,sacked,PFR+RULE2PT+SCORE0,19611119-WAS-DAL,True,,True,True,,,0
Don Meredith,1962,1,1962-09-16,False,DAL,WAS,H,T,35,35,10,23,175,2,2,62.8,,1,2,0,0,0,0,0,0,0,11.2,11.2,15126,False,sacked,PFR+RULE2PT+SCORE0,19620916-WAS-DAL,True,,True,True,,,0
Don Meredith,1962,2,1962-09-23,False,DAL,PIT,H,L,28,30,3,5,37,0,0,82.9,,1,2,0,0,0,0,0,0,0,1.68,1.68,15126,False,sacked,PFR+RULE2PT+SCORE0,19620923-PIT-DAL,True,,True,True,,,0
Don Meredith,1962,4,1962-10-07,False,DAL,CLE,A,L,10,19,6,13,104,1,0,99.5,,3,12,0,0,0,0,0,0,0,9.36,9.36,15126,False,sacked,PFR+RULE2PT+SCORE0,19621007-DAL-CLE,True,,True,True,,,0
Don Meredith,1962,5,1962-10-14,False,DAL,PHI,H,W,41,19,3,5,71,1,0,143.7,,4,9,0,0,0,0,0,0,,7.74,7.74,15126,False,sacked;fum_rec_td,PFR+RULE2PT,19621014-PHI-DAL,False,fum_rec_td,False,True,fum_rec_td,,6
Don Meredith,1962,6,1962-10-21,False,DAL,PIT,A,W,42,27,4,11,137,0,1,46.4,,0,0,0,0,0,0,0,0,0,3.48,3.48,15126,False,sacked,PFR+RULE2PT+SCORE0,19621021-DAL-PIT,True,,True,True,,,0
Don Meredith,1962,7,1962-10-28,False,DAL,STL,H,L,24,28,8,15,103,1,1,69.6,,3,18,0,0,0,0,0,0,,7.92,7.92,15126,False,sacked;fum_rec_td,PFR+RULE2PT,19621028-STL-DAL,False,fum_rec_td,False,True,fum_rec_td,,6
Don Meredith,1962,8,1962-11-04,False,DAL,WAS,A,W,38,10,7,11,108,2,0,135.6,,0,0,0,0,0,0,0,0,0,12.32,12.32,15126,False,sacked,PFR+RULE2PT+SCORE0,19621104-DAL-WAS,True,,True,True,,,0
Don Meredith,1962,9,1962-11-11,False,DAL,NYG,H,L,10,41,17,37,192,1,2,48.5,,4,30,0,0,0,0,0,0,0,10.68,10.68,15126,False,sacked,PFR+RULE2PT+SCORE0,19621111-NYG-DAL,True,,True,True,,,0
Don Meredith,1962,10,1962-11-18,False,DAL,CHI,H,L,33,34,11,27,162,3,0,98.1,,2,4,0,0,0,0,0,0,0,18.88,18.88,15126,False,sacked,PFR+RULE2PT+SCORE0,19621118-CHI-DAL,True,,True,True,,,0
Don Meredith,1962,11,1962-11-25,False,DAL,PHI,A,L,14,28,16,29,216,0,1,64.7,,2,5,0,0,0,0,0,0,0,7.14,7.14,15126,False,sacked,PFR+RULE2PT+SCORE0,19621125-DAL-PHI,True,,True,True,,,0
Don Meredith,1962,12,1962-12-02,False,DAL,CLE,H,W,45,21,10,12,147,2,0,157.3,,0,0,0,0,0,0,0,0,0,13.88,13.88,15126,False,sacked,PFR+RULE2PT+SCORE0,19621202-CLE-DAL,True,,True,True,,,0
Don Meredith,1962,13,1962-12-09,False,DAL,STL,A,L,20,52,4,11,56,0,1,15.7,,1,-8,0,0,0,0,0,0,,-0.56,-0.56,15126,False,sacked;fum_rec_td,PFR+RULE2PT,19621209-DAL-STL,False,fum_rec_td,False,True,fum_rec_td,,6
Don Meredith,1962,14,1962-12-16,False,DAL,NYG,A,L,31,41,6,13,171,2,0,132.2,,0,0,0,0,0,0,0,0,0,14.84,14.84,15126,False,sacked,PFR+RULE2PT+SCORE0,19621216-DAL-NYG,True,,True,True,,,0
Don Meredith,1963,1,1963-09-14,False,DAL,STL,H,L,7,34,12,25,157,1,1,64.9,,2,-2,0,0,0,0,0,0,0,8.08,8.08,15126,False,sacked,PFR+RULE2PT+SCORE0,19630914-STL-DAL,True,,True,True,,,0
Don Meredith,1963,2,1963-09-22,False,DAL,CLE,H,L,24,41,6,13,77,0,1,33.2,,4,32,0,0,0,0,0,0,0,4.28,4.28,15126,False,sacked,PFR+RULE2PT+SCORE0,19630922-CLE-DAL,True,,True,True,,,0
Don Meredith,1963,3,1963-09-29,False,DAL,WAS,A,L,17,21,14,30,191,1,3,39.0,,3,13,0,0,0,0,0,0,0,6.94,6.94,15126,False,sacked,PFR+RULE2PT+SCORE0,19630929-DAL-WAS,True,,True,True,,,0
Don Meredith,1963,4,1963-10-06,False,DAL,PHI,A,L,21,24,5,11,121,0,0,85.8,,2,10,0,0,0,0,0,0,0,5.84,5.84,15126,False,sacked,PFR+RULE2PT+SCORE0,19631006-DAL-PHI,True,,True,True,,,0
Don Meredith,1963,5,1963-10-13,False,DAL,DET,H,W,17,14,5,17,71,1,1,39.6,,1,2,0,0,0,0,0,0,0,5.04,5.04,15126,False,sacked,PFR+RULE2PT+SCORE0,19631013-DET-DAL,True,,True,True,,,0
Don Meredith,1963,6,1963-10-20,False,DAL,NYG,A,L,21,37,6,10,126,0,2,64.6,,0,0,0,0,0,0,0,0,0,1.04,1.04,15126,False,sacked,PFR+RULE2PT+SCORE0,19631020-DAL-NYG,True,,True,True,,,0
Don Meredith,1963,7,1963-10-27,False,DAL,PIT,A,L,21,27,18,29,290,3,1,115.6,,6,6,0,0,0,0,0,0,0,22.2,22.2,15126,False,sacked,PFR+RULE2PT+SCORE0,19631027-DAL-PIT,True,,True,True,,,0
Don Meredith,1963,8,1963-11-03,False,DAL,WAS,H,W,35,20,13,20,153,4,2,88.1,,1,8,0,0,0,0,0,0,0,18.92,18.92,15126,False,sacked,PFR+RULE2PT+SCORE0,19631103-WAS-DAL,True,,True,True,,,0
Don Meredith,1963,9,1963-11-10,False,DAL,SFO,A,L,24,31,30,48,460,3,1,106.3,,3,24,0,0,0,0,0,0,0,30.8,30.8,15126,False,sacked,PFR+RULE2PT+SCORE0,19631110-DAL-SFO,True,,True,True,,,0
Don Meredith,1963,10,1963-11-17,False,DAL,PHI,H,W,27,20,25,33,302,2,0,123.5,,5,28,0,0,0,0,0,0,0,22.88,22.88,15126,False,sacked,PFR+RULE2PT+SCORE0,19631117-PHI-DAL,True,,True,True,,,0
Don Meredith,1963,11,1963-11-24,False,DAL,CLE,A,L,17,27,13,30,93,0,4,11.5,,1,1,0,0,0,0,0,0,,-4.18,-4.18,15126,False,sacked;fum_rec_td,PFR+RULE2PT,19631124-DAL-CLE,False,fum_rec_td,False,True,fum_rec_td,,6
Don Meredith,1963,12,1963-12-01,False,DAL,NYG,H,L,27,34,6,16,86,0,2,16.1,,4,29,0,0,0,0,0,0,0,2.34,2.34,15126,False,sacked,PFR+RULE2PT+SCORE0,19631201-NYG-DAL,True,,True,True,,,0
Don Meredith,1963,13,1963-12-08,False,DAL,PIT,H,L,19,24,5,10,105,0,0,87.5,,6,18,2,0,0,0,0,0,0,18.0,18.0,15126,False,sacked,PFR+RULE2PT+SCORE0,19631208-PIT-DAL,True,,True,True,,,0
Don Meredith,1963,14,1963-12-15,False,DAL,STL,A,W,28,24,9,18,149,2,0,115.3,,3,16,1,0,0,0,0,0,,21.56,21.56,15126,False,sacked;fum_rec_td,PFR+RULE2PT,19631215-DAL-STL,False,fum_rec_td,False,True,fum_rec_td,,6
Don Meredith,1964,1,1964-09-12,False,DAL,STL,H,L,6,16,15,30,159,1,2,49.2,,2,2,0,0,0,0,0,0,0,6.56,6.56,15126,False,sacked,PFR+RULE2PT+SCORE0,19640912-STL-DAL,True,,True,True,,,0
Don Meredith,1964,2,1964-09-20,False,DAL,WAS,H,W,24,18,7,16,112,0,2,28.1,,0,0,0,0,0,0,0,0,,0.48,0.48,15126,False,sacked;fum_rec_td,PFR+RULE2PT,19640920-WAS-DAL,False,fum_rec_td,False,True,fum_rec_td,,6
Don Meredith,1964,3,1964-09-27,False,DAL,PIT,A,L,17,23,17,32,183,1,0,80.6,,3,20,1,0,0,0,0,0,0,19.32,19.32,15126,False,sacked,PFR+RULE2PT+SCORE0,19640927-DAL-PIT,True,,True,True,,,0
Don Meredith,1964,5,1964-10-11,False,DAL,NYG,H,T,13,13,21,41,296,0,3,44.4,,4,11,1,0,0,0,0,0,0,12.94,12.94,15126,False,sacked,PFR+RULE2PT+SCORE0,19641011-NYG-DAL,True,,True,True,,,0
Don Meredith,1964,6,1964-10-18,False,DAL,CLE,H,L,16,20,16,36,228,0,1,53.9,,1,3,0,0,0,0,0,0,0,7.42,7.42,15126,False,sacked,PFR+RULE2PT+SCORE0,19641018-CLE-DAL,True,,True,True,,,0
Don Meredith,1964,7,1964-10-25,False,DAL,STL,A,W,31,13,12,19,160,1,1,85.4,,0,0,0,0,0,0,0,0,0,8.4,8.4,15126,False,sacked,PFR+RULE2PT+SCORE0,19641025-DAL-STL,True,,True,True,,,0
Don Meredith,1964,8,1964-11-01,False,DAL,CHI,A,W,24,10,10,19,158,1,0,98.1,,4,9,1,0,0,0,0,0,0,17.22,17.22,15126,False,sacked,PFR+RULE2PT+SCORE0,19641101-DAL-CHI,True,,True,True,,,0
Don Meredith,1964,9,1964-11-08,False,DAL,NYG,A,W,31,21,13,26,192,3,2,80.9,,5,5,0,0,0,0,0,0,,16.18,16.18,15126,False,sacked;fum_rec_td,PFR+RULE2PT,19641108-DAL-NYG,False,fum_rec_td,False,True,fum_rec_td,,6
Don Meredith,1964,10,1964-11-15,False,DAL,PHI,H,L,14,17,16,27,212,0,1,68.7,,1,3,1,0,0,0,0,0,0,12.78,12.78,15126,False,sacked,PFR+RULE2PT+SCORE0,19641115-PHI-DAL,True,,True,True,,,0
Don Meredith,1964,11,1964-11-22,False,DAL,WAS,A,L,16,28,6,24,94,0,3,3.8,,4,13,0,0,0,0,0,0,0,-0.94,-0.94,15126,False,sacked,PFR+RULE2PT+SCORE0,19641122-DAL-WAS,True,,True,True,,,0
Don Meredith,1964,13,1964-12-06,False,DAL,PHI,A,L,14,24,11,25,126,1,1,56.4,,0,0,0,0,0,0,0,0,,7.04,7.04,15126,False,sacked;fum_rec_td,PFR+RULE2PT,19641206-DAL-PHI,False,fum_rec_td,False,True,fum_rec_td,,6
Don Meredith,1964,14,1964-12-13,False,DAL,PIT,H,W,17,14,14,28,223,1,0,88.8,,8,15,0,0,0,0,0,0,0,14.42,14.42,15126,False,sacked,PFR+RULE2PT+SCORE0,19641213-PIT-DAL,True,,True,True,,,0
Don Meredith,1965,1,1965-09-19,False,DAL,NYG,H,W,31,2,8,17,162,1,0,100.6,,2,16,0,0,0,0,0,0,0,12.08,12.08,15126,False,sacked,PFR+RULE2PT+SCORE0,19650919-NYG-DAL,True,,True,True,,,0
Don Meredith,1965,2,1965-09-26,False,DAL,WAS,H,W,27,7,6,19,167,1,0,82.6,,1,22,0,0,0,0,0,0,0,12.88,12.88,15126,False,sacked,PFR+RULE2PT+SCORE0,19650926-WAS-DAL,True,,True,True,,,0
Don Meredith,1965,3,1965-10-04,False,DAL,STL,A,L,13,20,9,25,108,0,2,16.7,,1,8,0,0,0,0,0,0,,1.12,1.12,15126,False,sacked;fum_rec_td,PFR+RULE2PT,19651004-DAL-STL,False,fum_rec_td,False,True,fum_rec_td,,6
Don Meredith,1965,5,1965-10-17,False,DAL,CLE,A,L,17,23,14,31,185,2,0,86.1,,2,19,0,0,0,0,0,0,0,17.3,17.3,15126,False,sacked,PFR+RULE2PT+SCORE0,19651017-DAL-CLE,True,,True,True,,,0
Don Meredith,1965,7,1965-10-31,False,DAL,PIT,A,L,13,22,12,34,187,2,1,61.8,,4,-7,0,0,0,0,0,0,0,12.78,12.78,15126,False,sacked,PFR+RULE2PT+SCORE0,19651031-DAL-PIT,True,,True,True,,,0
Don Meredith,1965,8,1965-11-07,False,DAL,SFO,H,W,39,31,11,20,216,2,2,86.7,,1,6,0,0,0,0,0,0,,13.24,13.24,15126,False,sacked;fum_rec_td,PFR+RULE2PT,19651107-SFO-DAL,False,fum_rec_td,False,True,fum_rec_td,,12
Don Meredith,1965,9,1965-11-14,False,DAL,PIT,H,W,24,17,14,31,245,2,2,67.3,,3,21,0,0,0,0,0,0,0,15.9,15.9,15126,False,sacked,PFR+RULE2PT+SCORE0,19651114-PIT-DAL,True,,True,True,,,0
Don Meredith,1965,10,1965-11-21,False,DAL,CLE,H,L,17,24,17,29,201,2,3,63.2,,2,14,0,0,0,0,0,0,0,11.44,11.44,15126,False,sacked,PFR+RULE2PT+SCORE0,19651121-CLE-DAL,True,,True,True,,,0
Don Meredith,1965,11,1965-11-28,False,DAL,WAS,A,L,31,34,14,28,247,2,1,89.4,,4,36,0,0,0,0,0,0,,19.48,19.48,15126,False,sacked;fum_rec_td,PFR+RULE2PT,19651128-DAL-WAS,False,fum_rec_td,False,True,fum_rec_td,,12
Don Meredith,1965,12,1965-12-05,False,DAL,PHI,A,W,21,19,12,23,171,2,2,69.3,,5,35,1,0,0,0,0,0,0,20.34,20.34,15126,False,sacked,PFR+RULE2PT+SCORE0,19651205-DAL-PHI,True,,True,True,,,0
Don Meredith,1965,13,1965-12-11,False,DAL,STL,H,W,27,13,16,30,326,3,0,125.1,,6,23,0,0,0,0,0,0,0,27.34,27.34,15126,False,sacked,PFR+RULE2PT+SCORE0,19651211-STL-DAL,True,,True,True,,,0
Don Meredith,1965,14,1965-12-19,False,DAL,NYG,A,W,38,20,8,18,200,3,0,125.0,,4,54,0,0,0,0,0,0,,25.4,25.4,15126,False,sacked;fum_rec_td,PFR+RULE2PT,19651219-DAL-NYG,False,fum_rec_td,False,True,fum_rec_td,,6
Don Meredith,1966,1,1966-09-18,False,DAL,NYG,H,W,52,7,14,24,358,5,0,142.4,,2,16,0,0,0,0,0,0,,35.92,35.92,15126,False,sacked;fum_rec_td,PFR+RULE2PT,19660918-NYG-DAL,False,fum_rec_td,False,True,fum_rec_td,,6
Don Meredith,1966,2,1966-09-25,False,DAL,MIN,H,W,28,17,8,22,153,2,0,91.7,,6,33,1,0,0,0,0,0,0,23.42,23.42,15126,False,sacked,PFR+RULE2PT+SCORE0,19660925-MIN-DAL,True,,True,True,,,0
Don Meredith,1966,3,1966-10-02,False,DAL,ATL,A,W,47,14,12,22,184,2,0,112.7,,1,17,0,0,0,0,0,0,,17.06,17.06,15126,False,sacked;fum_rec_td,PFR+RULE2PT,19661002-DAL-ATL,False,fum_rec_td,False,True,fum_rec_td,,8
Don Meredith,1966,4,1966-10-09,False,DAL,PHI,H,W,56,7,19,26,394,5,0,154.6,,1,0,0,0,0,0,0,0,0,35.76,35.76,15126,False,sacked,PFR+RULE2PT+SCORE0,19661009-PHI-DAL,True,,True,True,,,0
Don Meredith,1966,5,1966-10-16,False,DAL,STL,A,T,10,10,15,34,203,0,3,27.0,,4,12,0,0,0,0,0,0,0,3.32,3.32,15126,False,sacked,PFR+RULE2PT+SCORE0,19661016-DAL-STL,True,,True,True,,,0
Don Meredith,1966,6,1966-10-23,False,DAL,CLE,A,L,21,30,26,45,288,1,4,47.3,,3,32,1,0,0,0,0,0,0,16.72,16.72,15126,False,sacked,PFR+RULE2PT+SCORE0,19661023-DAL-CLE,True,,True,True,,,0
Don Meredith,1966,7,1966-10-30,False,DAL,PIT,H,W,52,21,11,25,226,4,3,76.4,,3,41,0,0,0,0,0,0,,23.14,23.14,15126,False,sacked;fum_rec_td,PFR+RULE2PT,19661030-PIT-DAL,False,fum_rec_td,False,True,fum_rec_td,,6
Don Meredith,1966,8,1966-11-06,False,DAL,PHI,A,L,23,24,12,30,147,0,0,55.8,,5,16,1,0,0,0,0,0,0,13.48,13.48,15126,False,sacked,PFR+RULE2PT+SCORE0,19661106-DAL-PHI,True,,True,True,,,0
Don Meredith,1966,9,1966-11-13,False,DAL,WAS,A,W,31,30,21,29,406,2,1,123.1,,6,32,1,0,0,0,0,0,0,31.44,31.44,15126,False,sacked,PFR+RULE2PT+SCORE0,19661113-DAL-WAS,True,,True,True,,,0
Don Meredith,1966,10,1966-11-20,False,DAL,PIT,A,W,20,7,10,28,157,1,1,52.2,,1,3,1,0,0,0,0,0,0,14.58,14.58,15126,False,sacked,PFR+RULE2PT+SCORE0,19661120-DAL-PIT,True,,True,True,,,0
Don Meredith,1966,11,1966-11-24,False,DAL,CLE,H,W,26,14,16,24,131,1,0,94.3,,3,20,0,0,0,0,0,0,0,11.24,11.24,15126,False,sacked,PFR+RULE2PT+SCORE0,19661124-CLE-DAL,True,,True,True,,,0
Don Meredith,1966,12,1966-12-04,False,DAL,STL,H,W,31,17,7,21,111,1,0,67.8,,1,1,0,0,0,0,0,0,0,8.54,8.54,15126,False,sacked,PFR+RULE2PT+SCORE0,19661204-STL-DAL,True,,True,True,,,0
Don Meredith,1966,13,1966-12-11,False,DAL,WAS,H,L,31,34,6,14,47,0,0,51.8,,2,19,0,0,0,0,0,0,0,3.78,3.78,15126,False,sacked,PFR+RULE2PT+SCORE0,19661211-WAS-DAL,True,,True,True,,,0
Don Meredith,1966,15,1967-01-01,True,DAL,GNB,H,L,27,34,15,31,238,1,1,71.7,,4,22,0,0,0,0,0,0,0,13.72,13.72,15126,False,sacked,PFR+RULE2PT+SCORE0,19670101-GNB-DAL,True,,True,True,,,0
Don Meredith,1967,1,1967-09-17,False,DAL,CLE,A,W,21,14,14,23,205,2,1,100.8,,4,6,0,0,0,0,0,0,,14.8,14.8,15126,False,sacked;fum_rec_td,PFR+RULE2PT,19670917-DAL-CLE,False,fum_rec_td,False,True,fum_rec_td,,6
Don Meredith,1967,2,1967-09-24,False,DAL,NYG,H,W,38,24,16,28,243,4,0,125.4,,6,19,0,0,0,0,0,0,0,27.62,27.62,15126,False,sacked,PFR+RULE2PT+SCORE0,19670924-NYG-DAL,True,,True,True,,,0
Don Meredith,1967,3,1967-10-01,False,DAL,RAM,H,L,13,35,18,32,193,1,2,58.5,,2,3,0,0,0,0,0,0,0,8.02,8.02,15126,False,sacked,PFR+RULE2PT+SCORE0,19671001-RAM-DAL,True,,True,True,,,0
Don Meredith,1967,4,1967-10-08,False,DAL,WAS,A,W,17,14,17,31,237,2,2,74.3,,4,31,0,0,0,0,0,0,0,16.58,16.58,15126,False,sacked,PFR+RULE2PT+SCORE0,19671008-DAL-WAS,True,,True,True,,,0
Don Meredith,1967,8,1967-11-05,False,DAL,ATL,H,W,37,7,10,26,173,2,2,55.4,,0,0,0,0,0,0,0,0,,10.92,10.92,15126,False,sacked;fum_rec_td,PFR+RULE2PT,19671105-ATL-DAL,False,fum_rec_td,False,True,fum_rec_td,,8
Don Meredith,1967,9,1967-11-12,False,DAL,NOR,A,W,27,10,9,21,186,0,1,54.9,,1,0,0,0,0,0,0,0,0,5.44,5.44,15126,False,sacked,PFR+RULE2PT+SCORE0,19671112-DAL-NOR,True,,True,True,,,0
Don Meredith,1967,10,1967-11-19,False,DAL,WAS,H,L,20,27,14,27,189,1,2,55.9,,2,-9,0,0,0,0,0,0,0,6.66,6.66,15126,False,sacked,PFR+RULE2PT+SCORE0,19671119-WAS-DAL,True,,True,True,,,0
Don Meredith,1967,11,1967-11-23,False,DAL,STL,H,W,46,21,12,23,237,3,1,110.0,,2,14,0,0,0,0,0,0,0,20.88,20.88,15126,False,sacked,PFR+RULE2PT+SCORE2,19671123-STL-DAL,True,,True,True,,,2
Don Meredith,1967,12,1967-12-03,False,DAL,BAL,A,L,17,23,10,27,106,1,4,22.1,,4,24,0,0,0,0,0,0,,2.64,2.64,15126,False,sacked;fum_rec_td,PFR+RULE2PT,19671203-DAL-BAL,False,fum_rec_td,False,True,fum_rec_td,,6
Don Meredith,1967,13,1967-12-10,False,DAL,PHI,H,W,38,17,1,2,6,0,0,56.2,,1,-8,0,0,0,0,0,0,0,-0.56,-0.56,15126,False,sacked,PFR+RULE2PT+SCORE0,19671210-PHI-DAL,True,,True,True,,,0
Don Meredith,1967,14,1967-12-16,False,DAL,SFO,A,L,16,24,7,15,59,0,1,29.6,,2,4,0,0,0,0,0,0,0,0.76,0.76,15126,False,sacked,PFR+RULE2PT+SCORE0,19671216-DAL-SFO,True,,True,True,,,0
Don Meredith,1967,15,1967-12-24,True,DAL,CLE,H,W,52,14,11,13,212,2,0,158.3,,2,6,0,0,0,0,0,0,,17.08,17.08,15126,False,sacked;fum_rec_td,PFR+RULE2PT,19671224-CLE-DAL,False,fum_rec_td,False,True,fum_rec_td,,6
Don Meredith,1967,16,1967-12-31,True,DAL,GNB,A,L,17,21,10,25,59,0,1,31.2,,1,9,0,0,0,0,0,0,,1.26,1.26,15126,False,sacked;fum_rec_td,PFR+RULE2PT,19671231-DAL-GNB,False,fum_rec_td,False,True,fum_rec_td,,6
Don Meredith,1968,1,1968-09-15,False,DAL,DET,H,W,59,13,16,19,228,2,0,151.8,,0,0,0,0,0,0,0,0,,17.12,17.12,15126,False,sacked;fum_rec_td,PFR+RULE2PT,19680915-DET-DAL,False,fum_rec_td,False,True,fum_rec_td,,6
Don Meredith,1968,2,1968-09-22,False,DAL,CLE,H,W,28,7,10,17,156,0,0,89.3,,3,20,0,0,0,0,0,0,,8.24,8.24,15126,False,sacked;fum_rec_td,PFR+RULE2PT,19680922-CLE-DAL,False,fum_rec_td,False,True,fum_rec_td,,6
Don Meredith,1968,3,1968-09-29,False,DAL,PHI,A,W,45,13,15,22,231,5,1,123.3,,1,5,0,0,0,0,0,0,0,27.74,27.74,15126,False,sacked,PFR+RULE2PT+SCORE0,19680929-DAL-PHI,True,,True,True,,,0
Don Meredith,1968,4,1968-10-06,False,DAL,STL,A,W,27,10,11,20,125,1,1,69.8,,2,16,1,0,0,0,0,0,0,14.6,14.6,15126,False,sacked,PFR+RULE2PT+SCORE0,19681006-DAL-STL,True,,True,True,,,0
Don Meredith,1968,5,1968-10-13,False,DAL,PHI,H,W,34,14,21,38,306,2,0,99.2,,4,9,0,0,0,0,0,0,0,21.14,21.14,15126,False,sacked,PFR+RULE2PT+SCORE0,19681013-PHI-DAL,True,,True,True,,,0
Don Meredith,1968,6,1968-10-20,False,DAL,MIN,A,W,20,7,10,16,103,0,1,54.9,,2,10,0,0,0,0,0,0,,3.12,3.12,15126,False,sacked;fum_rec_td,PFR+RULE2PT,19681020-DAL-MIN,False,fum_rec_td,False,True,fum_rec_td,,6
Don Meredith,1968,7,1968-10-28,False,DAL,GNB,H,L,17,28,13,30,219,2,3,51.2,,0,0,0,0,0,0,0,0,0,10.76,10.76,15126,False,sacked,PFR+RULE2PT+SCORE0,19681028-GNB-DAL,True,,True,True,,,0
Don Meredith,1968,8,1968-11-03,False,DAL,NOR,A,W,17,3,15,33,217,2,1,74.9,,4,31,0,0,0,0,0,0,0,17.78,17.78,15126,False,sacked,PFR+RULE2PT+SCORE0,19681103-DAL-NOR,True,,True,True,,,0
Don Meredith,1968,9,1968-11-10,False,DAL,NYG,H,L,21,27,19,33,256,2,3,64.7,,1,6,0,0,0,0,0,0,0,12.84,12.84,15126,False,sacked,PFR+RULE2PT+SCORE0,19681110-NYG-DAL,True,,True,True,,,0
Don Meredith,1968,10,1968-11-17,False,DAL,WAS,A,W,44,24,17,27,275,2,0,121.7,,0,0,0,0,0,0,0,0,,19.0,19.0,15126,False,sacked;fum_rec_td,PFR+RULE2PT,19681117-DAL-WAS,False,fum_rec_td,False,True,fum_rec_td,,6
Don Meredith,1968,12,1968-11-28,False,DAL,WAS,H,W,29,20,11,21,130,0,1,51.7,,3,6,0,0,0,0,0,0,,3.8,3.8,15126,False,sacked;fum_rec_td,PFR+RULE2PT,19681128-WAS-DAL,False,fum_rec_td,False,True,fum_rec_td,,8
Don Meredith,1968,13,1968-12-08,False,DAL,PIT,H,W,28,7,12,24,248,3,0,126.4,,2,20,0,0,0,0,0,0,0,23.92,23.92,15126,False,sacked,PFR+RULE2PT+SCORE0,19681208-PIT-DAL,True,,True,True,,,0
Don Meredith,1968,14,1968-12-15,False,DAL,NYG,A,W,28,10,1,9,6,0,1,0.0,,0,0,0,0,0,0,0,0,0,-1.76,-1.76,15126,False,sacked,PFR+RULE2PT+SCORE0,19681215-DAL-NYG,True,,True,True,,,0
Don Meredith,1968,17,1968-12-21,True,DAL,CLE,A,L,20,31,3,9,42,0,3,9.7,,1,5,0,0,0,0,0,0,,-3.82,-3.82,15126,False,sacked;fum_rec_td,PFR+RULE2PT,19681221-DAL-CLE,False,fum_rec_td,False,True,fum_rec_td,,6
Milt Plum,1960,1,1960-09-25,False,CLE,PHI,A,W,41,24,9,11,67,1,0,122.3,,4,10,1,0,0,0,0,0,0,13.68,13.68,17693,False,sacked,PFR+RULE2PT+SCORE0,19600925-CLE-PHI,True,,True,True,,,0
Milt Plum,1960,2,1960-10-02,False,CLE,PIT,H,W,28,20,10,14,308,1,0,137.5,,5,-7,1,0,0,0,0,0,0,21.62,21.62,17693,False,sacked,PFR+RULE2PT+SCORE0,19601002-PIT-CLE,True,,True,True,,,0
Milt Plum,1960,3,1960-10-16,False,CLE,DAL,A,W,48,7,6,8,106,2,0,156.2,,0,0,0,0,0,0,0,0,,12.24,12.24,17693,False,sacked;fum_rec_td,PFR+RULE2PT,19601016-CLE-DAL,False,fum_rec_td,False,True,fum_rec_td,,6
Milt Plum,1960,4,1960-10-23,False,CLE,PHI,H,L,29,31,16,22,289,2,0,145.1,,0,0,0,0,0,0,0,0,0,19.56,19.56,17693,False,sacked,PFR+RULE2PT+SCORE0,19601023-PHI-CLE,True,,True,True,,,0
Milt Plum,1960,5,1960-10-30,False,CLE,WAS,A,W,31,10,14,19,204,1,0,125.8,,1,6,0,0,0,0,0,0,0,12.76,12.76,17693,False,sacked,PFR+RULE2PT+SCORE0,19601030-CLE-WAS,True,,True,True,,,0
Milt Plum,1960,6,1960-11-06,False,CLE,NYG,H,L,13,17,13,25,101,1,0,75.6,,3,-35,0,0,0,0,0,0,0,4.54,4.54,17693,False,sacked,PFR+RULE2PT+SCORE0,19601106-NYG-CLE,True,,True,True,,,0
Milt Plum,1960,7,1960-11-13,False,CLE,STL,H,W,28,27,11,15,194,2,0,154.9,,1,0,0,0,0,0,0,0,0,15.76,15.76,17693,False,sacked,PFR+RULE2PT+SCORE0,19601113-STL-CLE,True,,True,True,,,0
Milt Plum,1960,8,1960-11-20,False,CLE,PIT,A,L,10,14,23,37,328,1,0,99.8,,0,0,0,0,0,0,0,0,0,17.12,17.12,17693,False,sacked,PFR+RULE2PT+SCORE0,19601120-CLE-PIT,True,,True,True,,,0
Milt Plum,1960,9,1960-11-27,False,CLE,STL,A,T,17,17,13,19,108,2,0,117.9,,0,0,0,0,0,0,0,0,0,12.32,12.32,17693,False,sacked,PFR+RULE2PT+SCORE0,19601127-CLE-STL,True,,True,True,,,0
Milt Plum,1960,10,1960-12-04,False,CLE,WAS,H,W,27,16,10,28,212,3,1,84.2,,1,1,0,0,0,0,0,0,0,18.58,18.58,17693,False,sacked,PFR+RULE2PT+SCORE0,19601204-WAS-CLE,True,,True,True,,,0
Milt Plum,1960,11,1960-12-11,False,CLE,CHI,H,W,42,0,7,12,84,1,0,107.6,,1,3,0,0,0,0,0,0,,7.66,7.66,17693,False,sacked;fum_rec_td,PFR+RULE2PT,19601211-CHI-CLE,False,fum_rec_td,False,True,fum_rec_td,,18
Milt Plum,1960,12,1960-12-18,False,CLE,NYG,A,W,48,34,19,40,296,4,4,66.2,,1,-2,0,0,0,0,0,0,,19.64,19.64,17693,False,sacked;fum_rec_td,PFR+RULE2PT,19601218-CLE-NYG,False,fum_rec_td,False,True,fum_rec_td,,12
Milt Plum,1961,1,1961-09-17,False,CLE,PHI,A,L,20,27,18,30,329,2,1,106.1,,1,0,0,0,0,0,0,0,0,19.16,19.16,17693,False,sacked,PFR+RULE2PT+SCORE0,19610917-CLE-PHI,True,,True,True,,,0
Milt Plum,1961,2,1961-09-24,False,CLE,STL,H,W,20,17,16,32,134,2,3,43.0,,2,-16,0,0,0,0,0,0,0,5.76,5.76,17693,False,sacked,PFR+RULE2PT+SCORE0,19610924-STL-CLE,True,,True,True,,,0
Milt Plum,1961,3,1961-10-01,False,CLE,DAL,H,W,25,7,8,17,100,2,1,80.5,,4,21,0,0,0,0,0,0,0,12.1,12.1,17693,False,sacked,PFR+RULE2PT+SCORE0,19611001-DAL-CLE,True,,True,True,,,0
Milt Plum,1961,4,1961-10-08,False,CLE,WAS,H,W,31,7,16,26,184,1,0,95.7,,0,-4,0,0,0,0,0,0,0,10.96,10.96,17693,False,sacked,PFR+RULE2PT+SCORE0,19611008-WAS-CLE,True,,True,True,,,0
Milt Plum,1961,5,1961-10-15,False,CLE,GNB,H,L,17,49,17,26,187,2,1,96.2,,3,0,0,0,0,0,0,0,0,13.48,13.48,17693,False,sacked,PFR+RULE2PT+SCORE0,19611015-GNB-CLE,True,,True,True,,,0
Milt Plum,1961,6,1961-10-22,False,CLE,PIT,A,W,30,28,6,8,88,0,0,110.4,,1,0,0,0,0,0,0,0,0,3.52,3.52,17693,False,sacked,PFR+RULE2PT+SCORE0,19611022-CLE-PIT,True,,True,True,,,0
Milt Plum,1961,7,1961-10-29,False,CLE,STL,A,W,21,10,5,9,117,1,0,137.5,,2,-3,0,0,0,0,0,0,0,8.38,8.38,17693,False,sacked,PFR+RULE2PT+SCORE0,19611029-CLE-STL,True,,True,True,,,0
Milt Plum,1961,8,1961-11-05,False,CLE,PIT,H,L,13,17,10,19,140,0,1,54.7,,0,0,0,0,0,0,0,0,0,3.6,3.6,17693,False,sacked,PFR+RULE2PT+SCORE0,19611105-PIT-CLE,True,,True,True,,,0
Milt Plum,1961,9,1961-11-12,False,CLE,WAS,A,W,17,6,12,15,92,1,0,114.4,,1,8,0,0,0,0,0,0,0,8.48,8.48,17693,False,sacked,PFR+RULE2PT+SCORE0,19611112-CLE-WAS,True,,True,True,,,0
Milt Plum,1961,10,1961-11-19,False,CLE,PHI,H,W,45,24,16,21,246,1,0,130.3,,2,-21,0,0,0,0,0,0,0,11.74,11.74,17693,False,sacked,PFR+RULE2PT+SCORE0,19611119-PHI-CLE,True,,True,True,,,0
Milt Plum,1961,11,1961-11-26,False,CLE,NYG,H,L,21,37,19,33,284,2,1,93.5,,1,-4,0,0,0,0,0,0,0,16.96,16.96,17693,False,sacked,PFR+RULE2PT+SCORE0,19611126-NYG-CLE,True,,True,True,,,0
Milt Plum,1961,12,1961-12-03,False,CLE,DAL,A,W,38,17,10,13,143,1,0,137.7,,5,4,1,0,0,0,0,0,,16.12,16.12,17693,False,sacked;fum_rec_td,PFR+RULE2PT,19611203-CLE-DAL,False,fum_rec_td,False,True,fum_rec_td,,12
Milt Plum,1961,13,1961-12-10,False,CLE,CHI,A,L,14,17,17,28,281,2,1,103.4,,2,-2,0,0,0,0,0,0,0,17.04,17.04,17693,False,sacked,PFR+RULE2PT+SCORE0,19611210-CLE-CHI,True,,True,True,,,0
Milt Plum,1961,14,1961-12-17,False,CLE,NYG,A,T,7,7,7,25,91,1,1,38.9,,0,0,0,0,0,0,0,0,0,5.64,5.64,17693,False,sacked,PFR+RULE2PT+SCORE0,19611217-CLE-NYG,True,,True,True,,,0
Milt Plum,1962,1,1962-09-16,False,DET,PIT,H,W,45,7,21,30,251,3,0,128.6,,2,5,0,0,0,0,0,0,0,22.54,22.54,17693,False,sacked,PFR+RULE2PT+SCORE0,19620916-PIT-DET,True,,True,True,,,0
Milt Plum,1962,2,1962-09-23,False,DET,SFO,H,W,45,24,16,22,272,4,0,153.8,,1,-13,0,0,0,0,0,0,0,25.58,25.58,17693,False,sacked,PFR+RULE2PT+SCORE0,19620923-SFO-DET,True,,True,True,,,0
Milt Plum,1962,3,1962-09-30,False,DET,BAL,A,W,29,20,16,30,260,2,4,65.3,,3,57,1,0,0,0,0,0,0,22.1,22.1,17693,False,sacked,PFR+RULE2PT+SCORE2,19620930-DET-BAL,True,,True,True,,,2
Milt Plum,1962,4,1962-10-07,False,DET,GNB,A,L,7,9,11,26,107,0,1,38.5,,7,58,0,0,0,0,0,0,0,8.08,8.08,17693,False,sacked,PFR+RULE2PT+SCORE0,19621007-DET-GNB,True,,True,True,,,0
Milt Plum,1962,5,1962-10-14,False,DET,RAM,H,W,13,10,17,27,158,0,1,63.5,,3,10,0,0,0,0,0,0,0,11.32,11.32,17693,False,sacked,PFR+RULE2PT+SCORE0,19621014-RAM-DET,True,,True,True,,,0
Milt Plum,1962,6,1962-10-21,False,DET,NYG,A,L,14,17,13,23,209,1,2,65.3,,5,7,0,0,0,0,0,0,0,9.06,9.06,17693,False,sacked,PFR+RULE2PT+SCORE0,19621021-DET-NYG,True,,True,True,,,0
Milt Plum,1962,7,1962-10-28,False,DET,CHI,H,W,11,3,12,24,117,0,1,46.7,,0,0,0,0,0,0,0,0,0,2.68,2.68,17693,False,sacked,PFR+RULE2PT+SCORE2,19621028-CHI-DET,True,,True,True,,,2
Milt Plum,1962,8,1962-11-04,False,DET,RAM,A,W,12,3,8,16,108,0,2,32.3,,0,0,0,0,0,0,0,0,0,0.32,0.32,17693,False,sacked,PFR+RULE2PT+SCORE2,19621104-DET-RAM,True,,True,True,,,2
Milt Plum,1962,9,1962-11-11,False,DET,SFO,A,W,38,24,15,24,213,1,1,87.7,,1,2,0,0,0,0,0,0,,10.72,10.72,17693,False,sacked;fum_rec_td,PFR+RULE2PT,19621111-DET-SFO,False,fum_rec_td,False,True,fum_rec_td,,6
Milt Plum,1962,10,1962-11-18,False,DET,MIN,A,W,17,6,8,17,97,0,1,40.6,,0,0,0,0,0,0,0,0,0,4.88,4.88,17693,False,sacked,PFR+RULE2PT+SCORE0,19621118-DET-MIN,True,,True,True,,,0
Milt Plum,1962,11,1962-11-22,False,DET,GNB,H,W,26,14,8,16,137,2,2,79.4,,1,12,0,0,0,0,0,0,,13.68,13.68,17693,False,sacked;fum_rec_td,PFR+RULE2PT,19621122-GNB-DET,False,fum_rec_td,False,True,fum_rec_td,,8
Milt Plum,1962,12,1962-12-02,False,DET,BAL,H,W,21,14,13,23,141,0,2,38.5,,5,31,0,0,0,0,0,0,0,4.74,4.74,17693,False,sacked,PFR+RULE2PT+SCORE0,19621202-BAL-DET,True,,True,True,,,0
Milt Plum,1962,13,1962-12-09,False,DET,MIN,H,W,37,23,11,24,218,2,2,71.2,,1,1,0,0,0,0,0,0,,15.82,15.82,17693,False,sacked;fum_rec_td,PFR+RULE2PT,19621209-MIN-DET,False,fum_rec_td,False,True,fum_rec_td,,18
Milt Plum,1962,14,1962-12-16,False,DET,CHI,A,L,0,3,10,23,90,0,1,36.5,,0,0,0,0,0,0,0,0,0,1.6,1.6,17693,False,sacked,PFR+RULE2PT+SCORE0,19621216-DET-CHI,True,,True,True,,,0
Milt Plum,1963,1,1963-09-14,False,DET,RAM,A,W,23,2,11,18,114,0,3,39.8,,2,-1,0,0,0,0,0,0,,-1.54,-1.54,17693,False,sacked;fum_rec_td,PFR+RULE2PT,19630914-DET-RAM,False,fum_rec_td,False,True,fum_rec_td,,6
Milt Plum,1963,2,1963-09-22,False,DET,GNB,A,L,10,31,5,21,63,1,4,15.9,,2,7,0,0,0,0,0,0,0,-0.78,-0.78,17693,False,sacked,PFR+RULE2PT+SCORE0,19630922-DET-GNB,True,,True,True,,,0
Milt Plum,1963,3,1963-09-29,False,DET,CHI,H,L,21,37,3,9,38,0,2,7.9,,1,3,0,0,0,0,0,0,0,-2.18,-2.18,17693,False,sacked,PFR+RULE2PT+SCORE0,19630929-CHI-DET,True,,True,True,,,0
Milt Plum,1963,4,1963-10-06,False,DET,SFO,H,W,26,3,1,8,30,1,0,82.3,,0,0,0,0,0,0,0,0,0,5.2,5.2,17693,False,sacked,PFR+RULE2PT+SCORE2,19631006-SFO-DET,True,,True,True,,,2
Milt Plum,1963,5,1963-10-13,False,DET,DAL,A,L,14,17,7,20,94,0,2,11.2,,4,17,0,0,0,0,0,0,0,1.46,1.46,17693,False,sacked,PFR+RULE2PT+SCORE0,19631013-DET-DAL,True,,True,True,,,0
Milt Plum,1963,6,1963-10-20,False,DET,BAL,H,L,21,25,0,1,0,0,1,0.0,,0,0,0,0,0,0,0,0,,-2.0,-2.0,17693,False,sacked;fum_rec_td,PFR+RULE2PT,19631020-BAL-DET,False,fum_rec_td,False,True,fum_rec_td,,6
Milt Plum,1963,7,1963-10-27,False,DET,MIN,H,W,28,10,0,0,0,0,0,0,,0,0,0,0,0,0,0,0,0,4.0,4.0,17693,False,sacked,PFR+RULE2PT+SCORE0,19631027-MIN-DET,True,,True,True,,,0
Milt Plum,1963,8,1963-11-03,False,DET,SFO,A,W,45,7,0,0,0,0,0,0,,0,0,0,0,0,0,0,0,0,9.0,9.0,17693,False,sacked,PFR+RULE2PT+SCORE0,19631103-DET-SFO,True,,True,True,,,0
Milt Plum,1963,9,1963-11-10,False,DET,BAL,A,L,21,24,0,0,0,0,0,0,,0,0,0,0,0,0,0,0,0,3.0,3.0,17693,False,sacked,PFR+RULE2PT+SCORE0,19631110-DET-BAL,True,,True,True,,,0
Milt Plum,1963,10,1963-11-17,False,DET,RAM,H,L,21,28,0,0,0,0,0,0,,0,0,0,0,0,0,0,0,0,0.0,0.0,17693,False,sacked,PFR+RULE2PT+SCORE0,19631117-RAM-DET,True,,True,True,,,0
Milt Plum,1963,11,1963-11-24,False,DET,MIN,A,L,31,34,0,0,0,0,0,0,,0,0,0,0,0,0,0,0,0,0.0,0.0,17693,False,sacked,PFR+RULE2PT+SCORE0,19631124-DET-MIN,True,,True,True,,,0
Milt Plum,1963,12,1963-11-28,False,DET,GNB,H,T,13,13,0,0,0,0,0,0,,0,0,0,0,0,0,0,0,0,0.0,0.0,17693,False,sacked,PFR+RULE2PT+SCORE0,19631128-GNB-DET,True,,True,True,,,0
Milt Plum,1963,13,1963-12-08,False,DET,CLE,H,W,38,10,0,0,0,0,0,0,,0,0,0,0,0,0,0,0,,0.0,0.0,17693,False,sacked;fum_rec_td,PFR+RULE2PT,19631208-CLE-DET,False,fum_rec_td,False,True,fum_rec_td,,6
Milt Plum,1963,14,1963-12-15,False,DET,CHI,A,L,14,24,0,0,0,0,0,0,,0,0,0,0,0,0,0,0,,0.0,0.0,17693,False,sacked;fum_rec_td,PFR+RULE2PT,19631215-DET-CHI,False,fum_rec_td,False,True,fum_rec_td,,6
Milt Plum,1964,1,1964-09-13,False,DET,SFO,A,W,26,17,15,34,234,0,1,55.3,,0,0,0,0,0,0,0,0,0,7.36,7.36,17693,False,sacked,PFR+RULE2PT+SCORE0,19640913-DET-SFO,True,,True,True,,,0
Milt Plum,1964,2,1964-09-19,False,DET,RAM,A,T,17,17,3,10,61,1,2,46.2,,1,0,0,0,0,0,0,0,0,2.44,2.44,17693,False,sacked,PFR+RULE2PT+SCORE0,19640919-DET-RAM,True,,True,True,,,0
Milt Plum,1964,3,1964-09-28,False,DET,GNB,H,L,10,14,5,10,33,0,0,57.5,,0,0,0,0,0,0,0,0,0,1.32,1.32,17693,False,sacked,PFR+RULE2PT+SCORE0,19640928-GNB-DET,True,,True,True,,,0
Milt Plum,1964,6,1964-10-18,False,DET,CHI,A,W,10,0,8,19,98,1,0,76.2,,2,-5,0,0,0,0,0,0,0,7.42,7.42,17693,False,sacked,PFR+RULE2PT+SCORE0,19641018-DET-CHI,True,,True,True,,,0
Milt Plum,1964,7,1964-10-25,False,DET,BAL,H,L,0,34,22,38,236,0,3,43.3,,3,4,0,0,0,0,0,0,0,3.84,3.84,17693,False,sacked,PFR+RULE2PT+SCORE0,19641025-BAL-DET,True,,True,True,,,0
Milt Plum,1964,8,1964-11-01,False,DET,RAM,H,W,37,17,16,24,347,3,0,149.3,,1,7,0,0,0,0,0,0,0,26.58,26.58,17693,False,sacked,PFR+RULE2PT+SCORE0,19641101-RAM-DET,True,,True,True,,,0
Milt Plum,1964,9,1964-11-08,False,DET,GNB,A,L,7,30,18,33,219,1,1,72.7,,0,0,0,0,0,0,0,0,0,10.76,10.76,17693,False,sacked,PFR+RULE2PT+SCORE0,19641108-DET-GNB,True,,True,True,,,0
Milt Plum,1964,10,1964-11-15,False,DET,CLE,A,L,21,37,15,27,236,3,1,106.4,,0,0,0,0,0,0,0,0,0,19.44,19.44,17693,False,sacked,PFR+RULE2PT+SCORE0,19641115-DET-CLE,True,,True,True,,,0
Milt Plum,1964,11,1964-11-22,False,DET,MIN,H,T,23,23,17,28,248,2,3,73.8,,0,0,0,0,0,0,0,0,,11.92,11.92,17693,False,sacked;fum_rec_td,PFR+RULE2PT,19641122-MIN-DET,False,fum_rec_td,False,True,fum_rec_td,,6
Milt Plum,1964,12,1964-11-26,False,DET,CHI,H,L,24,27,13,26,151,2,1,77.6,,1,3,0,0,0,0,0,0,0,12.34,12.34,17693,False,sacked,PFR+RULE2PT+SCORE0,19641126-CHI-DET,True,,True,True,,,0
Milt Plum,1964,13,1964-12-06,False,DET,BAL,A,W,31,14,11,16,143,3,1,110.2,,4,19,1,0,0,0,0,0,0,23.62,23.62,17693,False,sacked,PFR+RULE2PT+SCORE0,19641206-DET-BAL,True,,True,True,,,0
Milt Plum,1964,14,1964-12-13,False,DET,SFO,H,W,24,7,11,22,235,2,2,80.7,,0,0,0,0,0,0,0,0,0,13.4,13.4,17693,False,sacked,PFR+RULE2PT+SCORE0,19641213-SFO-DET,True,,True,True,,,0
Milt Plum,1965,1,1965-09-19,False,DET,RAM,H,W,20,0,15,25,236,2,1,101.4,,0,0,0,0,0,0,0,0,0,15.44,15.44,17693,False,sacked,PFR+RULE2PT+SCORE0,19650919-RAM-DET,True,,True,True,,,0
Milt Plum,1965,2,1965-09-26,False,DET,MIN,A,W,31,29,14,29,158,3,1,85.1,,3,13,1,0,0,0,0,0,0,23.62,23.62,17693,False,sacked,PFR+RULE2PT+SCORE0,19650926-DET-MIN,True,,True,True,,,0
Milt Plum,1965,3,1965-10-03,False,DET,WAS,H,W,14,10,7,23,42,0,4,0.4,,4,26,0,0,0,0,0,0,,-3.72,-3.72,17693,False,sacked;fum_rec_td,PFR+RULE2PT,19651003-WAS-DET,False,fum_rec_td,False,True,fum_rec_td,,6
Milt Plum,1965,4,1965-10-10,False,DET,BAL,A,L,7,31,11,25,115,0,3,18.3,,1,1,0,0,0,0,0,0,0,-1.3,-1.3,17693,False,sacked,PFR+RULE2PT+SCORE0,19651010-DET-BAL,True,,True,True,,,0
Milt Plum,1965,5,1965-10-17,False,DET,GNB,H,L,21,31,14,32,179,2,2,56.6,,1,-6,0,0,0,0,0,0,,10.56,10.56,17693,False,sacked;fum_rec_td,PFR+RULE2PT,19651017-GNB-DET,False,fum_rec_td,False,True,fum_rec_td,,6
Milt Plum,1965,6,1965-10-24,False,DET,CHI,A,L,10,38,9,18,65,0,1,35.6,,1,0,0,0,0,0,0,0,0,0.6,0.6,17693,False,sacked,PFR+RULE2PT+SCORE0,19651024-DET-CHI,True,,True,True,,,0
Milt Plum,1965,7,1965-10-31,False,DET,RAM,A,W,31,7,4,7,73,0,0,93.2,,2,1,1,0,0,0,0,0,0,9.02,9.02,17693,False,sacked,PFR+RULE2PT+SCORE0,19651031-DET-RAM,True,,True,True,,,0
Milt Plum,1965,8,1965-11-07,False,DET,GNB,A,W,12,7,0,2,0,0,0,39.6,,2,5,0,0,0,0,0,0,0,0.5,0.5,17693,False,sacked,PFR+RULE2PT+SCORE2,19651107-DET-GNB,True,,True,True,,,2
Milt Plum,1965,9,1965-11-14,False,DET,SFO,H,L,21,27,12,26,127,1,1,57.7,,0,0,0,0,0,0,0,0,0,7.08,7.08,17693,False,sacked,PFR+RULE2PT+SCORE0,19651114-SFO-DET,True,,True,True,,,0
Milt Plum,1965,10,1965-11-21,False,DET,CHI,H,L,10,17,12,23,139,0,1,52.6,,2,-7,0,0,0,0,0,0,0,2.86,2.86,17693,False,sacked,PFR+RULE2PT+SCORE0,19651121-CHI-DET,True,,True,True,,,0
Milt Plum,1965,11,1965-11-25,False,DET,BAL,H,T,24,24,9,23,106,1,1,50.3,,2,6,0,0,0,0,0,0,0,6.84,6.84,17693,False,sacked,PFR+RULE2PT+SCORE0,19651125-BAL-DET,True,,True,True,,,0
Milt Plum,1965,12,1965-12-05,False,DET,SFO,A,L,14,17,10,27,155,0,1,41.4,,1,1,1,0,0,0,0,0,0,10.3,10.3,17693,False,sacked,PFR+RULE2PT+SCORE0,19651205-DET-SFO,True,,True,True,,,0
Milt Plum,1965,13,1965-12-12,False,DET,MIN,H,L,7,29,8,17,97,0,2,25.5,,0,0,0,0,0,0,0,0,0,-0.12,-0.12,17693,False,sacked,PFR+RULE2PT+SCORE0,19651212-MIN-DET,True,,True,True,,,0
Milt Plum,1965,14,1965-12-19,False,DET,PHI,A,W,35,28,18,31,218,3,1,98.6,,2,-3,0,0,0,0,0,0,,18.42,18.42,17693,False,sacked;fum_rec_td,PFR+RULE2PT,19651219-DET-PHI,False,fum_rec_td,False,True,fum_rec_td,,6
Milt Plum,1966,1,1966-09-11,False,DET,CHI,H,W,14,3,7,15,92,1,1,61.0,,3,11,0,0,0,0,0,0,0,6.78,6.78,17693,False,sacked,PFR+RULE2PT+SCORE0,19660911-CHI-DET,True,,True,True,,,0
Milt Plum,1966,2,1966-09-18,False,DET,PIT,A,L,3,17,10,21,111,0,3,24.2,,2,-9,0,0,0,0,0,0,0,-2.46,-2.46,17693,False,sacked,PFR+RULE2PT+SCORE0,19660918-DET-PIT,True,,True,True,,,0
Milt Plum,1966,3,1966-09-25,False,DET,ATL,H,W,28,10,19,27,230,2,2,90.0,,1,15,0,0,0,0,0,0,0,14.7,14.7,17693,False,sacked,PFR+RULE2PT+SCORE0,19660925-ATL-DET,True,,True,True,,,0
Milt Plum,1966,4,1966-10-02,False,DET,GNB,A,L,14,23,15,24,193,0,2,53.0,,1,9,0,0,0,0,0,0,0,4.62,4.62,17693,False,sacked,PFR+RULE2PT+SCORE0,19661002-DET-GNB,True,,True,True,,,0
Milt Plum,1966,5,1966-10-09,False,DET,RAM,H,L,7,14,15,31,210,0,4,31.0,,2,11,0,0,0,0,0,0,0,2.5,2.5,17693,False,sacked,PFR+RULE2PT+SCORE0,19661009-RAM-DET,True,,True,True,,,0
Milt Plum,1966,6,1966-10-16,False,DET,BAL,A,L,14,45,16,28,107,1,1,62.6,,3,22,0,0,0,0,0,0,0,8.48,8.48,17693,False,sacked,PFR+RULE2PT+SCORE0,19661016-DET-BAL,True,,True,True,,,0
Milt Plum,1966,7,1966-10-23,False,DET,SFO,A,L,24,27,0,0,0,0,0,0,,0,0,0,0,0,0,0,0,0,0.0,0.0,17693,False,sacked,PFR+RULE2PT+SCORE0,19661023-DET-SFO,True,,True,True,,,0
Milt Plum,1966,8,1966-10-30,False,DET,GNB,H,L,7,31,0,0,0,0,0,0,,0,0,0,0,0,0,0,0,0,0.0,0.0,17693,False,sacked,PFR+RULE2PT+SCORE0,19661030-GNB-DET,True,,True,True,,,0
Milt Plum,1966,9,1966-11-06,False,DET,CHI,A,T,10,10,0,0,0,0,0,0,,0,0,0,0,0,0,0,0,0,0.0,0.0,17693,False,sacked,PFR+RULE2PT+SCORE0,19661106-DET-CHI,True,,True,True,,,0
Milt Plum,1966,10,1966-11-13,False,DET,MIN,A,W,32,31,0,0,0,0,0,0,,0,0,0,0,0,0,0,0,,0.0,0.0,17693,False,sacked;fum_rec_td,PFR+RULE2PT,19661113-DET-MIN,False,fum_rec_td,False,True,fum_rec_td,,6
Milt Plum,1966,11,1966-11-20,False,DET,BAL,H,W,20,14,0,0,0,0,0,0,,0,0,0,0,0,0,0,0,0,0.0,0.0,17693,False,sacked,PFR+RULE2PT+SCORE0,19661120-BAL-DET,True,,True,True,,,0
Milt Plum,1966,12,1966-11-24,False,DET,SFO,H,L,14,41,0,0,0,0,0,0,,0,0,0,0,0,0,0,0,0,0.0,0.0,17693,False,sacked,PFR+RULE2PT+SCORE0,19661124-SFO-DET,True,,True,True,,,0
Milt Plum,1966,13,1966-12-04,False,DET,RAM,A,L,3,23,0,0,0,0,0,0,,0,0,0,0,0,0,0,0,0,0.0,0.0,17693,False,sacked,PFR+RULE2PT+SCORE0,19661204-DET-RAM,True,,True,True,,,0
Milt Plum,1966,14,1966-12-11,False,DET,MIN,H,L,16,28,0,0,0,0,0,0,,0,0,0,0,0,0,0,0,0,0.0,0.0,17693,False,sacked,PFR+RULE2PT+SCORE0,19661211-MIN-DET,True,,True,True,,,0
Milt Plum,1967,1,1967-09-17,False,DET,GNB,A,T,17,17,7,17,41,0,0,48.9,,0,0,0,0,0,0,0,0,,1.64,1.64,17693,False,sacked;fum_rec_td,PFR+RULE2PT,19670917-DET-GNB,False,fum_rec_td,False,True,fum_rec_td,,6
Milt Plum,1967,2,1967-09-24,False,DET,CLE,H,W,31,14,16,27,229,1,0,99.2,,1,1,0,0,0,0,0,0,0,13.26,13.26,17693,False,sacked,PFR+RULE2PT+SCORE0,19670924-CLE-DET,True,,True,True,,,0
Milt Plum,1967,3,1967-10-01,False,DET,STL,A,L,28,38,17,26,206,2,1,99.2,,0,0,0,0,0,0,0,0,,14.24,14.24,17693,False,sacked;fum_rec_td,PFR+RULE2PT,19671001-DET-STL,False,fum_rec_td,False,True,fum_rec_td,,6
Milt Plum,1967,4,1967-10-08,False,DET,GNB,H,L,17,27,6,13,17,0,1,21.0,,0,0,0,0,0,0,0,0,,-1.32,-1.32,17693,False,sacked;fum_rec_td,PFR+RULE2PT,19671008-GNB-DET,False,fum_rec_td,False,True,fum_rec_td,,6
Milt Plum,1967,5,1967-10-15,False,DET,CHI,A,L,3,14,11,26,123,0,1,41.0,,2,-4,0,0,0,0,0,0,0,2.52,2.52,17693,False,sacked,PFR+RULE2PT+SCORE0,19671015-DET-CHI,True,,True,True,,,0
Milt Plum,1967,10,1967-11-19,False,DET,BAL,A,L,7,41,3,5,28,0,0,75.4,,0,0,0,0,0,0,0,0,0,1.12,1.12,17693,False,sacked,PFR+RULE2PT+SCORE0,19671119-DET-BAL,True,,True,True,,,0
Milt Plum,1967,11,1967-11-23,False,DET,RAM,H,L,7,31,7,18,38,0,2,7.4,,1,-8,0,0,0,0,0,0,0,-3.28,-3.28,17693,False,sacked,PFR+RULE2PT+SCORE0,19671123-RAM-DET,True,,True,True,,,0
Milt Plum,1967,12,1967-12-03,False,DET,PIT,H,L,14,24,16,34,199,1,2,51.0,,2,16,0,0,0,0,0,0,0,9.56,9.56,17693,False,sacked,PFR+RULE2PT+SCORE0,19671203-PIT-DET,True,,True,True,,,0
Milt Plum,1967,14,1967-12-17,False,DET,MIN,H,W,14,3,3,6,44,0,1,34.7,,0,0,0,0,0,0,0,0,,-0.24,-0.24,17693,False,sacked;fum_rec_td,PFR+RULE2PT,19671217-MIN-DET,False,fum_rec_td,False,True,fum_rec_td,,6
Milt Plum,1968,2,1968-09-22,False,RAM,PIT,H,W,45,10,4,9,44,1,0,96.5,,1,1,0,0,0,0,0,0,0,5.86,5.86,17693,False,sacked,PFR+RULE2PT+SCORE0,19680922-PIT-RAM,True,,True,True,,,0
Milt Plum,1968,13,1968-12-08,False,RAM,CHI,H,L,16,17,1,3,5,0,1,2.8,,1,2,0,0,0,0,0,0,0,-1.6,-1.6,17693,False,sacked,PFR+RULE2PT+SCORE2,19681208-CHI-RAM,True,,True,True,,,2
Milt Plum,1969,2,1969-09-28,False,NYG,DET,A,L,0,24,3,9,37,0,0,47.0,,1,-1,0,0,0,0,0,0,0,1.38,1.38,17693,False,sacked,PFR+RULE2PT+SCORE0,19690928-NYG-DET,True,,True,True,,,0
Frank Ryan,1960,1,1960-09-23,False,RAM,STL,H,L,21,43,6,15,103,1,0,86.2,,0,0,0,0,0,0,0,0,0,8.12,8.12,19312,False,sacked,PFR+RULE2PT+SCORE0,19600923-STL-RAM,True,,True,True,,,0
Frank Ryan,1960,2,1960-10-02,False,RAM,SFO,A,L,9,13,3,6,13,0,1,16.7,,1,3,0,0,0,0,0,0,0,-1.18,-1.18,19312,False,sacked,PFR+RULE2PT+SCORE0,19601002-RAM-SFO,True,,True,True,,,0
Frank Ryan,1960,4,1960-10-16,False,RAM,BAL,A,L,17,31,5,12,91,0,1,33.7,,3,23,0,0,0,0,0,0,0,3.94,3.94,19312,False,sacked,PFR+RULE2PT+SCORE0,19601016-RAM-BAL,True,,True,True,,,0
Frank Ryan,1960,5,1960-10-23,False,RAM,CHI,H,T,24,24,12,24,100,1,1,57.6,,2,10,0,0,0,0,0,0,,7.0,7.0,19312,False,sacked;fum_rec_td,PFR+RULE2PT,19601023-CHI-RAM,False,fum_rec_td,False,True,fum_rec_td,,6
Frank Ryan,1960,6,1960-10-30,False,RAM,DET,H,W,48,35,9,20,144,3,1,88.3,,1,0,0,0,32,1,0,0,,24.96,24.96,19312,False,sacked;fum_rec_td,PFR+RULE2PT,19601030-DET-RAM,False,fum_rec_td,False,True,fum_rec_td,,12
Frank Ryan,1960,7,1960-11-06,False,RAM,DAL,A,W,38,13,8,16,164,2,1,100.0,,1,2,0,0,0,0,0,0,0,12.76,12.76,19312,False,sacked,PFR+RULE2PT+SCORE0,19601106-RAM-DAL,True,,True,True,,,0
Frank Ryan,1960,8,1960-11-13,False,RAM,DET,A,L,10,12,6,14,41,0,1,20.5,,5,28,0,0,0,0,0,0,0,2.44,2.44,19312,False,sacked,PFR+RULE2PT+SCORE0,19601113-RAM-DET,True,,True,True,,,0
Frank Ryan,1960,9,1960-11-20,False,RAM,GNB,A,W,33,31,1,3,15,0,0,50.7,,2,13,0,0,0,0,0,0,0,1.9,1.9,19312,False,sacked,PFR+RULE2PT+SCORE0,19601120-RAM-GNB,True,,True,True,,,0
Frank Ryan,1960,10,1960-12-04,False,RAM,SFO,H,L,7,23,8,12,101,0,2,53.1,,3,2,1,0,0,0,0,0,0,6.24,6.24,19312,False,sacked,PFR+RULE2PT+SCORE0,19601204-SFO-RAM,True,,True,True,,,0
Frank Ryan,1960,11,1960-12-11,False,RAM,BAL,H,W,10,3,4,6,44,0,1,48.6,,1,4,0,0,0,0,0,0,0,0.16,0.16,19312,False,sacked,PFR+RULE2PT+SCORE0,19601211-BAL-RAM,True,,True,True,,,0
Frank Ryan,1961,1,1961-09-17,False,RAM,BAL,A,L,24,27,1,4,-6,0,1,0.0,,5,22,0,0,0,0,0,0,0,-0.04,-0.04,19312,False,sacked,PFR+RULE2PT+SCORE0,19610917-RAM-BAL,True,,True,True,,,0
Frank Ryan,1961,2,1961-09-23,False,RAM,CHI,H,L,17,21,0,0,0,0,0,0,,1,2,0,0,0,0,0,0,0,0.2,0.2,19312,False,sacked,PFR+RULE2PT+SCORE0,19610923-CHI-RAM,True,,True,True,,,0
Frank Ryan,1961,3,1961-10-01,False,RAM,PIT,H,W,24,14,11,18,218,2,0,140.5,,3,32,0,0,0,0,0,0,0,19.92,19.92,19312,False,sacked,PFR+RULE2PT+SCORE0,19611001-PIT-RAM,True,,True,True,,,0
Frank Ryan,1961,4,1961-10-08,False,RAM,SFO,A,L,0,35,6,9,51,0,0,81.2,,3,11,0,0,0,0,0,0,0,3.14,3.14,19312,False,sacked,PFR+RULE2PT+SCORE0,19611008-RAM-SFO,True,,True,True,,,0
Frank Ryan,1961,5,1961-10-15,False,RAM,DET,A,L,13,14,7,13,163,1,1,92.6,,4,1,0,0,0,0,0,0,0,8.62,8.62,19312,False,sacked,PFR+RULE2PT+SCORE0,19611015-RAM-DET,True,,True,True,,,0
Frank Ryan,1961,6,1961-10-22,False,RAM,NYG,A,L,14,24,9,19,157,1,2,53.9,,5,9,0,0,0,0,0,0,0,7.18,7.18,19312,False,sacked,PFR+RULE2PT+SCORE0,19611022-RAM-NYG,True,,True,True,,,0
Frank Ryan,1961,7,1961-10-29,False,RAM,DET,H,L,10,28,14,25,172,0,1,60.7,,4,7,0,0,0,0,0,0,0,5.58,5.58,19312,False,sacked,PFR+RULE2PT+SCORE0,19611029-DET-RAM,True,,True,True,,,0
Frank Ryan,1961,8,1961-11-05,False,RAM,MIN,H,W,31,17,6,16,59,0,1,22.7,,6,34,0,0,0,0,0,0,0,3.76,3.76,19312,False,sacked,PFR+RULE2PT+SCORE0,19611105-MIN-RAM,True,,True,True,,,0
Frank Ryan,1961,9,1961-11-12,False,RAM,SFO,H,W,17,7,5,14,112,0,0,65.2,,3,6,0,0,0,0,0,0,0,5.08,5.08,19312,False,sacked,PFR+RULE2PT+SCORE0,19611112-SFO-RAM,True,,True,True,,,0
Frank Ryan,1961,10,1961-11-19,False,RAM,GNB,A,L,17,35,11,16,167,1,0,123.7,,3,13,0,0,0,0,0,0,0,11.98,11.98,19312,False,sacked,PFR+RULE2PT+SCORE0,19611119-RAM-GNB,True,,True,True,,,0
Frank Ryan,1961,11,1961-11-26,False,RAM,CHI,A,L,24,28,1,3,10,0,1,4.2,,1,2,0,0,0,0,0,0,0,-1.4,-1.4,19312,False,sacked,PFR+RULE2PT+SCORE0,19611126-RAM-CHI,True,,True,True,,,0
Frank Ryan,1961,12,1961-12-03,False,RAM,MIN,A,L,21,42,1,4,12,0,0,39.6,,0,0,0,0,0,0,0,0,0,0.48,0.48,19312,False,sacked,PFR+RULE2PT+SCORE0,19611203-RAM-MIN,True,,True,True,,,0
Frank Ryan,1961,14,1961-12-17,False,RAM,GNB,H,L,17,24,0,1,0,0,0,39.6,,0,0,0,0,0,0,0,0,0,0.0,0.0,19312,False,sacked,PFR+RULE2PT+SCORE0,19611217-GNB-RAM,True,,True,True,,,0
Frank Ryan,1962,3,1962-09-30,False,CLE,PHI,A,L,7,35,4,5,58,0,0,115.0,,2,16,0,0,0,0,0,0,0,3.92,3.92,19312,False,sacked,PFR+RULE2PT+SCORE0,19620930-CLE-PHI,True,,True,True,,,0
Frank Ryan,1962,6,1962-10-21,False,CLE,STL,A,W,34,7,1,2,42,0,0,95.8,,1,23,0,0,0,0,0,0,0,3.98,3.98,19312,False,sacked,PFR+RULE2PT+SCORE0,19621021-CLE-STL,True,,True,True,,,0
Frank Ryan,1962,7,1962-10-28,False,CLE,PIT,A,W,41,14,11,18,144,2,2,83.8,,3,9,0,0,0,0,0,0,,10.66,10.66,19312,False,sacked;fum_rec_td,PFR+RULE2PT,19621028-CLE-PIT,False,fum_rec_td,False,True,fum_rec_td,,6
Frank Ryan,1962,8,1962-11-04,False,CLE,PHI,H,T,14,14,10,23,119,0,2,23.6,,9,80,1,0,0,0,0,0,0,14.76,14.76,19312,False,sacked,PFR+RULE2PT+SCORE0,19621104-PHI-CLE,True,,True,True,,,0
Frank Ryan,1962,9,1962-11-11,False,CLE,WAS,A,L,9,17,11,18,118,1,2,59.3,,6,48,0,0,0,0,0,0,0,9.52,9.52,19312,False,sacked,PFR+RULE2PT+SCORE0,19621111-CLE-WAS,True,,True,True,,,0
Frank Ryan,1962,10,1962-11-18,False,CLE,STL,H,W,38,14,13,21,241,1,0,117.4,,10,0,0,0,0,0,0,0,0,13.64,13.64,19312,False,sacked,PFR+RULE2PT+SCORE0,19621118-STL-CLE,True,,True,True,,,0
Frank Ryan,1962,11,1962-11-25,False,CLE,PIT,H,W,35,14,21,33,284,3,0,121.3,,3,0,0,0,0,0,0,0,0,23.36,23.36,19312,False,sacked,PFR+RULE2PT+SCORE0,19621125-PIT-CLE,True,,True,True,,,0
Frank Ryan,1962,12,1962-12-02,False,CLE,DAL,A,L,21,45,19,31,268,3,1,108.0,,1,16,0,0,0,0,0,0,0,22.32,22.32,19312,False,sacked,PFR+RULE2PT+SCORE0,19621202-CLE-DAL,True,,True,True,,,0
Frank Ryan,1962,13,1962-12-09,False,CLE,NYG,A,L,13,17,17,33,185,0,0,68.4,,5,22,0,0,0,0,0,0,0,9.6,9.6,19312,False,sacked,PFR+RULE2PT+SCORE0,19621209-CLE-NYG,True,,True,True,,,0
Frank Ryan,1962,14,1962-12-15,False,CLE,SFO,A,W,13,10,5,10,82,0,0,77.9,,2,28,0,0,0,0,0,0,0,6.08,6.08,19312,False,sacked,PFR+RULE2PT+SCORE0,19621215-CLE-SFO,True,,True,True,,,0
Frank Ryan,1963,1,1963-09-15,False,CLE,WAS,H,W,37,14,21,31,334,2,2,98.1,,4,8,0,0,0,0,0,0,0,18.16,18.16,19312,False,sacked,PFR+RULE2PT+SCORE0,19630915-WAS-CLE,True,,True,True,,,0
Frank Ryan,1963,2,1963-09-22,False,CLE,DAL,A,W,41,24,11,18,188,2,2,94.0,,3,17,1,0,0,0,0,0,0,19.22,19.22,19312,False,sacked,PFR+RULE2PT+SCORE0,19630922-CLE-DAL,True,,True,True,,,0
Frank Ryan,1963,3,1963-09-29,False,CLE,RAM,H,W,20,6,9,15,152,2,0,133.9,,5,-24,0,0,0,0,0,0,0,11.68,11.68,19312,False,sacked,PFR+RULE2PT+SCORE0,19630929-RAM-CLE,True,,True,True,,,0
Frank Ryan,1963,4,1963-10-05,False,CLE,PIT,H,W,35,23,9,21,148,3,0,106.7,,8,54,1,0,0,0,0,0,0,29.32,29.32,19312,False,sacked,PFR+RULE2PT+SCORE0,19631005-PIT-CLE,True,,True,True,,,0
Frank Ryan,1963,5,1963-10-13,False,CLE,NYG,A,W,35,24,12,16,169,3,1,122.1,,4,18,0,0,0,0,0,0,0,18.56,18.56,19312,False,sacked,PFR+RULE2PT+SCORE0,19631013-CLE-NYG,True,,True,True,,,0
Frank Ryan,1963,6,1963-10-20,False,CLE,PHI,H,W,37,7,15,23,203,4,1,114.7,,7,20,0,0,0,0,0,0,0,24.12,24.12,19312,False,sacked,PFR+RULE2PT+SCORE0,19631020-PHI-CLE,True,,True,True,,,0
Frank Ryan,1963,7,1963-10-27,False,CLE,NYG,H,L,6,33,1,9,-6,0,1,0.0,,4,19,0,0,0,0,0,0,0,-0.34,-0.34,19312,False,sacked,PFR+RULE2PT+SCORE0,19631027-NYG-CLE,True,,True,True,,,0
Frank Ryan,1963,8,1963-11-03,False,CLE,PHI,A,W,23,17,4,9,70,1,1,69.0,,5,21,0,0,0,0,0,0,0,6.9,6.9,19312,False,sacked,PFR+RULE2PT+SCORE0,19631103-CLE-PHI,True,,True,True,,,0
Frank Ryan,1963,9,1963-11-10,False,CLE,PIT,A,L,7,9,11,25,93,1,0,67.6,,7,5,0,0,-1,0,0,0,0,8.12,8.12,19312,False,sacked,PFR+RULE2PT+SCORE0,19631110-CLE-PIT,True,,True,True,,,0
Frank Ryan,1963,11,1963-11-24,False,CLE,DAL,H,W,27,17,13,26,162,2,3,55.8,,4,27,0,0,0,0,0,0,,11.18,11.18,19312,False,sacked;fum_rec_td,PFR+RULE2PT,19631124-DAL-CLE,False,fum_rec_td,False,True,fum_rec_td,,6
Frank Ryan,1963,12,1963-12-01,False,CLE,STL,A,W,24,10,10,18,210,1,1,92.4,,6,27,0,0,0,0,0,0,0,13.1,13.1,19312,False,sacked,PFR+RULE2PT+SCORE0,19631201-CLE-STL,True,,True,True,,,0
Frank Ryan,1963,13,1963-12-08,False,CLE,DET,A,L,10,38,5,15,87,1,0,76.2,,2,7,0,0,0,0,0,0,0,8.18,8.18,19312,False,sacked,PFR+RULE2PT+SCORE0,19631208-CLE-DET,True,,True,True,,,0
Frank Ryan,1963,14,1963-12-15,False,CLE,WAS,A,W,27,20,14,30,216,3,1,90.4,,3,25,0,0,0,0,0,0,0,21.14,21.14,19312,False,sacked,PFR+RULE2PT+SCORE0,19631215-CLE-WAS,True,,True,True,,,0
Frank Ryan,1964,1,1964-09-13,False,CLE,WAS,A,W,27,13,8,19,112,1,3,39.7,,3,17,0,0,0,0,0,0,0,4.18,4.18,19312,False,sacked,PFR+RULE2PT+SCORE0,19640913-CLE-WAS,True,,True,True,,,0
Frank Ryan,1964,2,1964-09-20,False,CLE,STL,H,T,33,33,12,26,189,2,2,64.4,,3,16,0,0,0,0,0,0,0,13.16,13.16,19312,False,sacked,PFR+RULE2PT+SCORE0,19640920-STL-CLE,True,,True,True,,,0
Frank Ryan,1964,3,1964-09-27,False,CLE,PHI,A,W,28,20,11,26,193,3,1,90.7,,1,4,0,0,0,0,0,0,0,18.12,18.12,19312,False,sacked,PFR+RULE2PT+SCORE0,19640927-CLE-PHI,True,,True,True,,,0
Frank Ryan,1964,4,1964-10-04,False,CLE,DAL,H,W,27,6,15,26,256,3,1,113.6,,2,7,0,0,0,0,0,0,0,20.94,20.94,19312,False,sacked,PFR+RULE2PT+SCORE0,19641004-DAL-CLE,True,,True,True,,,0
Frank Ryan,1964,5,1964-10-10,False,CLE,PIT,H,L,7,23,13,29,167,1,0,74.9,,2,33,0,0,0,0,0,0,0,13.98,13.98,19312,False,sacked,PFR+RULE2PT+SCORE0,19641010-PIT-CLE,True,,True,True,,,0
Frank Ryan,1964,6,1964-10-18,False,CLE,DAL,A,W,20,16,9,20,95,0,1,38.5,,5,-6,0,0,0,0,0,0,,1.2,1.2,19312,False,sacked;fum_rec_td,PFR+RULE2PT,19641018-CLE-DAL,False,fum_rec_td,False,True,fum_rec_td,,6
Frank Ryan,1964,7,1964-10-25,False,CLE,NYG,H,W,42,20,8,17,86,2,3,62.0,,3,21,0,0,0,0,0,0,,7.54,7.54,19312,False,sacked;fum_rec_td,PFR+RULE2PT,19641025-NYG-CLE,False,fum_rec_td,False,True,fum_rec_td,,12
Frank Ryan,1964,8,1964-11-01,False,CLE,PIT,A,W,30,17,15,28,179,1,0,85.3,,3,15,0,0,0,0,0,0,0,12.66,12.66,19312,False,sacked,PFR+RULE2PT+SCORE0,19641101-CLE-PIT,True,,True,True,,,0
Frank Ryan,1964,9,1964-11-08,False,CLE,WAS,H,W,34,24,11,19,162,1,1,81.5,,5,36,0,0,0,0,0,0,0,12.08,12.08,19312,False,sacked,PFR+RULE2PT+SCORE0,19641108-WAS-CLE,True,,True,True,,,0
Frank Ryan,1964,10,1964-11-15,False,CLE,DET,H,W,37,21,15,25,179,1,2,61.9,,2,14,0,0,0,0,0,0,,8.56,8.56,19312,False,sacked;fum_rec_td,PFR+RULE2PT,19641115-DET-CLE,False,fum_rec_td,False,True,fum_rec_td,,6
Frank Ryan,1964,11,1964-11-22,False,CLE,GNB,A,L,21,28,17,28,197,2,2,76.0,,1,18,0,0,0,0,0,0,0,13.68,13.68,19312,False,sacked,PFR+RULE2PT+SCORE0,19641122-CLE-GNB,True,,True,True,,,0
Frank Ryan,1964,12,1964-11-29,False,CLE,PHI,H,W,38,24,13,25,145,2,1,79.6,,1,-2,0,0,0,0,0,0,,11.6,11.6,19312,False,sacked;fum_rec_td,PFR+RULE2PT,19641129-PHI-CLE,False,fum_rec_td,False,True,fum_rec_td,,18
Frank Ryan,1964,13,1964-12-06,False,CLE,STL,A,L,19,28,15,33,242,1,2,55.4,,4,30,0,0,0,0,0,0,0,12.68,12.68,19312,False,sacked,PFR+RULE2PT+SCORE0,19641206-CLE-STL,True,,True,True,,,0
Frank Ryan,1964,14,1964-12-12,False,CLE,NYG,A,W,52,20,12,13,202,5,0,158.3,,2,14,1,0,0,0,0,0,0,35.48,35.48,19312,False,sacked,PFR+RULE2PT+SCORE0,19641212-CLE-NYG,True,,True,True,,,0
Frank Ryan,1964,15,1964-12-27,True,CLE,BAL,H,W,27,0,11,18,206,3,1,117.1,,3,2,0,0,0,0,0,0,0,18.44,18.44,19312,False,sacked,PFR+RULE2PT+SCORE0,19641227-BAL-CLE,True,,True,True,,,0
Frank Ryan,1965,1,1965-09-19,False,CLE,WAS,A,W,17,7,8,19,152,2,1,83.7,,2,3,0,0,0,0,0,0,0,12.38,12.38,19312,False,sacked,PFR+RULE2PT+SCORE0,19650919-CLE-WAS,True,,True,True,,,0
Frank Ryan,1965,2,1965-09-26,False,CLE,STL,H,L,13,49,5,15,61,1,4,29.4,,0,0,0,0,0,0,0,0,0,-1.56,-1.56,19312,False,sacked,PFR+RULE2PT+SCORE0,19650926-STL-CLE,True,,True,True,,,0
Frank Ryan,1965,4,1965-10-09,False,CLE,PIT,H,W,24,19,12,22,153,2,0,106.8,,2,8,0,0,0,0,0,0,0,14.92,14.92,19312,False,sacked,PFR+RULE2PT+SCORE0,19651009-PIT-CLE,True,,True,True,,,0
Frank Ryan,1965,5,1965-10-17,False,CLE,DAL,H,W,23,17,14,27,242,1,0,95.0,,1,2,0,0,0,0,0,0,0,13.88,13.88,19312,False,sacked,PFR+RULE2PT+SCORE0,19651017-DAL-CLE,True,,True,True,,,0
Frank Ryan,1965,6,1965-10-24,False,CLE,NYG,A,W,38,14,10,15,177,3,0,146.4,,1,5,0,0,0,0,0,0,0,19.58,19.58,19312,False,sacked,PFR+RULE2PT+SCORE0,19651024-CLE-NYG,True,,True,True,,,0
Frank Ryan,1965,7,1965-10-31,False,CLE,MIN,H,L,17,27,4,15,75,0,0,47.9,,2,-4,0,0,0,0,0,0,0,2.6,2.6,19312,False,sacked,PFR+RULE2PT+SCORE0,19651031-MIN-CLE,True,,True,True,,,0
Frank Ryan,1965,8,1965-11-07,False,CLE,PHI,H,W,38,34,16,24,220,3,1,118.1,,1,17,0,0,0,0,0,0,0,20.5,20.5,19312,False,sacked,PFR+RULE2PT+SCORE0,19651107-PHI-CLE,True,,True,True,,,0
Frank Ryan,1965,9,1965-11-14,False,CLE,NYG,H,W,34,21,13,24,236,1,1,84.7,,0,0,0,0,0,0,0,0,0,11.44,11.44,19312,False,sacked,PFR+RULE2PT+SCORE0,19651114-NYG-CLE,True,,True,True,,,0
Frank Ryan,1965,10,1965-11-21,False,CLE,DAL,A,W,24,17,9,18,75,1,0,79.6,,2,14,0,0,0,0,0,0,0,8.4,8.4,19312,False,sacked,PFR+RULE2PT+SCORE0,19651121-CLE-DAL,True,,True,True,,,0
Frank Ryan,1965,11,1965-11-28,False,CLE,PIT,A,W,42,21,3,9,61,0,0,58.1,,3,6,0,0,0,0,0,0,0,3.04,3.04,19312,False,sacked,PFR+RULE2PT+SCORE0,19651128-CLE-PIT,True,,True,True,,,0
Frank Ryan,1965,12,1965-12-05,False,CLE,WAS,H,W,24,16,9,22,124,2,3,50.4,,2,0,0,0,0,0,0,0,0,6.96,6.96,19312,False,sacked,PFR+RULE2PT+SCORE0,19651205-WAS-CLE,True,,True,True,,,0
Frank Ryan,1965,14,1965-12-19,False,CLE,STL,A,W,27,24,16,33,175,2,3,46.9,,3,21,0,0,0,0,0,0,0,11.1,11.1,19312,False,sacked,PFR+RULE2PT+SCORE0,19651219-CLE-STL,True,,True,True,,,0
Frank Ryan,1965,15,1966-01-02,True,CLE,GNB,A,L,12,23,8,18,115,1,2,44.7,,3,9,0,0,0,0,0,0,0,5.5,5.5,19312,False,sacked,PFR+RULE2PT+SCORE0,19660102-CLE-GNB,True,,True,True,,,0
Frank Ryan,1966,1,1966-09-11,False,CLE,WAS,A,W,38,14,13,25,159,3,0,111.5,,4,11,0,0,0,0,0,0,0,19.46,19.46,19312,False,sacked,PFR+RULE2PT+SCORE0,19660911-CLE-WAS,True,,True,True,,,0
Frank Ryan,1966,2,1966-09-18,False,CLE,GNB,H,L,20,21,15,24,184,2,0,113.9,,2,7,0,0,0,0,0,0,0,16.06,16.06,19312,False,sacked,PFR+RULE2PT+SCORE0,19660918-GNB-CLE,True,,True,True,,,0
Frank Ryan,1966,3,1966-09-25,False,CLE,STL,H,L,28,34,21,41,279,1,1,71.1,,3,12,0,0,0,0,0,0,0,14.36,14.36,19312,False,sacked,PFR+RULE2PT+SCORE0,19660925-STL-CLE,True,,True,True,,,0
Frank Ryan,1966,4,1966-10-02,False,CLE,NYG,A,W,28,7,14,24,171,2,1,90.8,,8,47,0,0,0,0,0,0,0,17.54,17.54,19312,False,sacked,PFR+RULE2PT+SCORE0,19661002-CLE-NYG,True,,True,True,,,0
Frank Ryan,1966,5,1966-10-08,False,CLE,PIT,H,W,41,10,14,21,179,2,0,124.9,,2,11,0,0,0,0,0,0,,16.26,16.26,19312,False,sacked;fum_rec_td,PFR+RULE2PT,19661008-PIT-CLE,False,fum_rec_td,False,True,fum_rec_td,,6
Frank Ryan,1966,6,1966-10-23,False,CLE,DAL,H,W,30,21,9,24,159,2,0,88.7,,8,24,0,0,0,0,0,0,0,16.76,16.76,19312,False,sacked,PFR+RULE2PT+SCORE0,19661023-DAL-CLE,True,,True,True,,,0
Frank Ryan,1966,7,1966-10-30,False,CLE,ATL,A,W,49,17,13,21,223,4,1,117.7,,1,16,0,0,0,0,0,0,,24.52,24.52,19312,False,sacked;fum_rec_td,PFR+RULE2PT,19661030-CLE-ATL,False,fum_rec_td,False,True,fum_rec_td,,1
Frank Ryan,1966,8,1966-11-06,False,CLE,PIT,A,L,6,16,19,37,228,1,5,40.0,,0,0,0,0,0,0,0,0,0,3.12,3.12,19312,False,sacked,PFR+RULE2PT+SCORE0,19661106-CLE-PIT,True,,True,True,,,0
Frank Ryan,1966,9,1966-11-13,False,CLE,PHI,H,W,27,7,12,26,168,2,0,93.1,,1,-4,0,0,0,0,0,0,0,14.32,14.32,19312,False,sacked,PFR+RULE2PT+SCORE0,19661113-PHI-CLE,True,,True,True,,,0
Frank Ryan,1966,10,1966-11-20,False,CLE,WAS,H,W,14,3,9,17,112,1,0,93.3,,1,9,0,0,0,0,0,0,0,9.38,9.38,19312,False,sacked,PFR+RULE2PT+SCORE0,19661120-WAS-CLE,True,,True,True,,,0
Frank Ryan,1966,11,1966-11-24,False,CLE,DAL,A,L,14,26,12,26,190,1,0,83.8,,3,18,0,0,0,0,0,0,0,13.4,13.4,19312,False,sacked,PFR+RULE2PT+SCORE0,19661124-CLE-DAL,True,,True,True,,,0
Frank Ryan,1966,12,1966-12-04,False,CLE,NYG,H,W,49,40,16,27,326,3,3,99.2,,1,-1,0,0,0,0,0,0,,18.94,18.94,19312,False,sacked;fum_rec_td,PFR+RULE2PT,19661204-NYG-CLE,False,fum_rec_td,False,True,fum_rec_td,,6
Frank Ryan,1966,13,1966-12-11,False,CLE,PHI,A,L,21,33,16,39,229,1,3,37.2,,2,6,0,0,0,0,0,0,,7.76,7.76,19312,False,sacked;fum_rec_td,PFR+RULE2PT,19661211-CLE-PHI,False,fum_rec_td,False,True,fum_rec_td,,6
Frank Ryan,1966,14,1966-12-17,False,CLE,STL,A,W,38,10,17,30,367,4,0,139.9,,0,0,0,0,0,0,0,0,0,30.68,30.68,19312,False,sacked,PFR+RULE2PT+SCORE0,19661217-CLE-STL,True,,True,True,,,0
Frank Ryan,1967,1,1967-09-17,False,CLE,DAL,H,L,14,21,17,37,239,1,3,42.5,,0,0,0,0,0,0,0,0,0,7.56,7.56,19312,False,sacked,PFR+RULE2PT+SCORE0,19670917-DAL-CLE,True,,True,True,,,0
Frank Ryan,1967,2,1967-09-24,False,CLE,DET,A,L,14,31,9,19,87,1,2,38.6,,1,0,0,0,0,0,0,0,0,3.48,3.48,19312,False,sacked,PFR+RULE2PT+SCORE0,19670924-CLE-DET,True,,True,True,,,0
Frank Ryan,1967,3,1967-10-01,False,CLE,NOR,A,W,42,7,11,21,205,3,2,86.4,,0,0,0,0,0,0,0,0,,16.2,16.2,19312,False,sacked;fum_rec_td,PFR+RULE2PT,19671001-CLE-NOR,False,fum_rec_td,False,True,fum_rec_td,,6
Frank Ryan,1967,4,1967-10-07,False,CLE,PIT,H,W,21,10,11,25,190,3,3,70.4,,1,-2,0,0,0,0,0,0,0,13.4,13.4,19312,False,sacked,PFR+RULE2PT+SCORE0,19671007-PIT-CLE,True,,True,True,,,0
Frank Ryan,1967,5,1967-10-15,False,CLE,STL,H,W,20,16,7,18,133,2,1,79.2,,4,8,0,0,0,0,0,0,0,12.12,12.12,19312,False,sacked,PFR+RULE2PT+SCORE0,19671015-STL-CLE,True,,True,True,,,0
Frank Ryan,1967,6,1967-10-22,False,CLE,CHI,H,W,24,0,12,27,181,2,0,91.7,,1,-8,0,0,0,0,0,0,0,14.44,14.44,19312,False,sacked,PFR+RULE2PT+SCORE0,19671022-CHI-CLE,True,,True,True,,,0
Frank Ryan,1967,7,1967-10-29,False,CLE,NYG,A,L,34,38,13,25,280,3,1,115.0,,4,13,0,0,0,0,0,0,0,22.5,22.5,19312,False,sacked,PFR+RULE2PT+SCORE0,19671029-CLE-NYG,True,,True,True,,,0
Frank Ryan,1967,8,1967-11-05,False,CLE,PIT,A,W,34,14,13,21,161,2,0,117.4,,3,-2,0,0,0,0,0,0,0,14.24,14.24,19312,False,sacked,PFR+RULE2PT+SCORE0,19671105-CLE-PIT,True,,True,True,,,0
Frank Ryan,1967,9,1967-11-12,False,CLE,GNB,A,L,7,55,7,21,97,0,4,9.5,,1,0,0,0,0,0,0,0,0,-4.12,-4.12,19312,False,sacked,PFR+RULE2PT+SCORE0,19671112-CLE-GNB,True,,True,True,,,0
Frank Ryan,1967,10,1967-11-19,False,CLE,MIN,H,W,14,10,11,21,93,0,0,64.2,,2,9,0,0,0,0,0,0,0,4.62,4.62,19312,False,sacked,PFR+RULE2PT+SCORE0,19671119-MIN-CLE,True,,True,True,,,0
Frank Ryan,1967,11,1967-11-26,False,CLE,WAS,H,W,42,37,11,17,233,1,0,127.7,,1,-1,0,0,0,0,0,0,,13.22,13.22,19312,False,sacked;fum_rec_td,PFR+RULE2PT,19671126-WAS-CLE,False,fum_rec_td,False,True,fum_rec_td,,6
Frank Ryan,1967,12,1967-12-03,False,CLE,NYG,H,W,24,14,6,13,61,1,0,85.7,,2,21,0,0,0,0,0,0,,8.54,8.54,19312,False,sacked;fum_rec_td,PFR+RULE2PT,19671203-NYG-CLE,False,fum_rec_td,False,True,fum_rec_td,,6
Frank Ryan,1967,13,1967-12-10,False,CLE,STL,A,W,20,16,8,15,66,1,0,87.1,,2,19,0,0,0,0,0,0,,8.54,8.54,19312,False,sacked;fum_rec_td,PFR+RULE2PT,19671210-CLE-STL,False,fum_rec_td,False,True,fum_rec_td,,6
Frank Ryan,1967,15,1967-12-24,True,CLE,DAL,A,L,14,52,14,30,194,2,1,76.2,,2,14,0,0,0,0,0,0,0,15.16,15.16,19312,False,sacked,PFR+RULE2PT+SCORE0,19671224-CLE-DAL,True,,True,True,,,0
Frank Ryan,1968,1,1968-09-15,False,CLE,NOR,A,W,24,10,10,20,201,1,1,81.5,,2,17,0,0,0,0,0,0,,11.74,11.74,19312,False,sacked;fum_rec_td,PFR+RULE2PT,19680915-CLE-NOR,False,fum_rec_td,False,True,fum_rec_td,,6
Frank Ryan,1968,2,1968-09-22,False,CLE,DAL,A,L,7,28,10,17,194,1,0,118.3,,3,11,0,0,0,0,0,0,0,12.86,12.86,19312,False,sacked,PFR+RULE2PT+SCORE0,19680922-CLE-DAL,True,,True,True,,,0
Frank Ryan,1968,3,1968-09-29,False,CLE,RAM,H,L,6,24,3,13,103,1,2,46.2,,4,21,0,0,0,0,0,0,0,6.22,6.22,19312,False,sacked,PFR+RULE2PT+SCORE0,19680929-RAM-CLE,True,,True,True,,,0
Frank Ryan,1968,10,1968-11-17,False,CLE,PIT,A,W,45,24,4,7,94,2,2,101.8,,0,0,0,0,0,0,0,0,0,7.76,7.76,19312,False,sacked,PFR+RULE2PT+SCORE0,19681117-CLE-PIT,True,,True,True,,,0
Frank Ryan,1968,11,1968-11-24,False,CLE,PHI,H,W,47,13,3,5,35,1,0,120.8,,2,15,0,0,0,0,0,0,0,6.9,6.9,19312,False,sacked,PFR+RULE2PT+SCORE0,19681124-PHI-CLE,True,,True,True,,,0
Frank Ryan,1968,12,1968-12-01,False,CLE,NYG,H,W,45,10,1,4,12,1,1,39.6,,0,0,0,0,0,0,0,0,0,2.48,2.48,19312,False,sacked,PFR+RULE2PT+SCORE0,19681201-NYG-CLE,True,,True,True,,,0
Frank Ryan,1968,17,1968-12-21,True,CLE,DAL,H,W,31,20,0,0,0,0,0,0,,0,0,0,0,0,0,0,0,,0.0,0.0,19312,False,sacked;fum_rec_td,PFR+RULE2PT,19681221-DAL-CLE,False,fum_rec_td,False,True,fum_rec_td,,6
Frank Ryan,1968,18,1968-12-29,True,CLE,BAL,H,L,0,34,2,6,19,0,0,43.1,,2,0,0,0,0,0,0,0,0,0.76,0.76,19312,False,sacked,PFR+RULE2PT+SCORE0,19681229-BAL-CLE,True,,True,True,,,0
Frank Ryan,1969,12,1969-12-07,False,WAS,PHI,A,W,34,29,1,1,4,0,0,83.3,,0,0,0,0,0,0,0,0,,0.16,0.16,19312,False,sacked;fum_rec_td,PFR+RULE2PT,19691207-WAS-PHI,False,fum_rec_td,False,True,fum_rec_td,,6
Greg Landry,1968,1,1968-09-15,False,DET,DAL,A,L,13,59,15,31,231,2,4,55.4,,1,5,0,0,0,0,0,0,0,9.74,9.74,12826,False,sacked,PFR+RULE2PT+SCORE0,19680915-DET-DAL,True,,True,True,,,0
Greg Landry,1968,2,1968-09-22,False,DET,CHI,H,W,42,0,1,1,41,0,0,118.7,,2,10,1,0,0,0,0,0,,8.64,8.64,12826,False,sacked;fum_rec_td,PFR+RULE2PT,19680922-CHI-DET,False,fum_rec_td,False,True,fum_rec_td,,6
Greg Landry,1968,5,1968-10-13,False,DET,CHI,A,W,28,10,0,1,0,0,0,39.6,,1,2,0,0,0,0,0,0,0,0.2,0.2,12826,False,sacked,PFR+RULE2PT+SCORE0,19681013-DET-CHI,True,,True,True,,,0
Greg Landry,1968,12,1968-11-28,False,DET,PHI,H,L,0,12,7,15,66,0,3,19.7,,3,22,0,0,0,0,0,0,0,-1.16,-1.16,12826,False,sacked,PFR+RULE2PT+SCORE0,19681128-PHI-DET,True,,True,True,,,0
Greg Landry,1969,2,1969-09-28,False,DET,NYG,H,W,24,0,2,3,24,0,0,91.0,,0,0,0,0,0,0,0,0,0,0.96,0.96,12826,False,sacked,PFR+RULE2PT+SCORE0,19690928-NYG-DET,True,,True,True,,,0
Greg Landry,1969,3,1969-10-05,False,DET,CLE,A,W,28,21,2,3,25,0,1,52.8,,0,0,0,0,0,0,0,0,0,-1.0,-1.0,12826,False,sacked,PFR+RULE2PT+SCORE0,19691005-DET-CLE,True,,True,True,,,0
Greg Landry,1969,4,1969-10-12,False,DET,GNB,H,L,17,28,3,8,21,0,0,45.8,,1,8,0,0,0,0,0,0,0,1.64,1.64,12826,False,sacked,PFR+RULE2PT+SCORE0,19691012-GNB-DET,True,,True,True,,,0
Greg Landry,1969,5,1969-10-19,False,DET,CHI,H,W,13,7,9,21,121,1,1,57.8,,5,57,0,0,0,0,0,0,0,12.54,12.54,12826,False,sacked,PFR+RULE2PT+SCORE0,19691019-CHI-DET,True,,True,True,,,0
Greg Landry,1969,6,1969-10-26,False,DET,MIN,A,L,10,24,14,28,116,0,4,21.4,,8,40,0,0,0,0,0,0,0,0.64,0.64,12826,False,sacked,PFR+RULE2PT+SCORE0,19691026-DET-MIN,True,,True,True,,,0
Greg Landry,1969,7,1969-11-02,False,DET,SFO,A,W,26,14,3,13,42,1,0,66.2,,1,9,0,0,0,0,0,0,0,6.58,6.58,12826,False,sacked,PFR+RULE2PT+SCORE0,19691102-DET-SFO,True,,True,True,,,0
Greg Landry,1969,8,1969-11-09,False,DET,ATL,H,W,27,21,9,14,103,1,1,80.4,,6,47,0,0,0,0,0,0,0,10.82,10.82,12826,False,sacked,PFR+RULE2PT+SCORE0,19691109-ATL-DET,True,,True,True,,,0
Greg Landry,1969,9,1969-11-16,False,DET,STL,H,W,20,0,14,21,200,1,0,113.2,,2,11,0,0,0,0,0,0,0,13.1,13.1,12826,False,sacked,PFR+RULE2PT+SCORE0,19691116-STL-DET,True,,True,True,,,0
Greg Landry,1969,10,1969-11-23,False,DET,GNB,A,W,16,10,12,24,108,0,1,45.1,,8,57,1,0,0,0,0,0,0,14.02,14.02,12826,False,sacked,PFR+RULE2PT+SCORE0,19691123-DET-GNB,True,,True,True,,,0
Greg Landry,1969,11,1969-11-27,False,DET,MIN,H,L,0,27,12,25,93,0,2,24.2,,2,14,0,0,0,0,0,0,0,1.12,1.12,12826,False,sacked,PFR+RULE2PT+SCORE0,19691127-MIN-DET,True,,True,True,,,0
Charlie Conerly,1960,1,1960-09-25,False,NYG,SFO,A,W,21,19,6,12,44,1,0,86.8,,2,-1,0,0,0,0,0,0,0,5.66,5.66,4392,False,sacked,PFR+RULE2PT+SCORE0,19600925-NYG-SFO,True,,True,True,,,0
Charlie Conerly,1960,2,1960-10-02,False,NYG,STL,A,W,35,14,4,11,28,0,0,44.9,,1,0,0,0,0,0,0,0,0,1.12,1.12,4392,False,sacked,PFR+RULE2PT+SCORE0,19601002-NYG-STL,True,,True,True,,,0
Charlie Conerly,1960,3,1960-10-09,False,NYG,PIT,A,W,19,17,5,14,123,1,1,62.5,,2,5,0,0,0,0,0,0,0,7.42,7.42,4392,False,sacked,PFR+RULE2PT+SCORE2,19601009-NYG-PIT,True,,True,True,,,2
Charlie Conerly,1960,4,1960-10-16,False,NYG,WAS,H,T,24,24,5,8,87,0,2,59.9,,1,-8,0,0,0,0,0,0,0,-1.32,-1.32,4392,False,sacked,PFR+RULE2PT+SCORE0,19601016-WAS-NYG,True,,True,True,,,0
Charlie Conerly,1960,5,1960-10-30,False,NYG,STL,H,L,13,20,0,0,0,0,0,0,,0,0,0,0,0,0,0,0,,0.0,0.0,4392,False,sacked;fum_rec_td,PFR+RULE2PT,19601030-STL-NYG,False,fum_rec_td,False,True,fum_rec_td,,6
Charlie Conerly,1960,6,1960-11-06,False,NYG,CLE,A,W,17,13,6,17,105,0,0,57.2,,1,-8,0,0,0,0,0,0,0,3.4,3.4,4392,False,sacked,PFR+RULE2PT+SCORE0,19601106-NYG-CLE,True,,True,True,,,0
Charlie Conerly,1960,7,1960-11-13,False,NYG,PIT,H,W,27,24,18,32,233,2,1,87.1,,3,27,0,0,0,0,0,0,0,18.02,18.02,4392,False,sacked,PFR+RULE2PT+SCORE0,19601113-PIT-NYG,True,,True,True,,,0
Charlie Conerly,1960,11,1960-12-11,False,NYG,WAS,A,W,17,3,6,11,52,1,2,58.0,,3,-16,0,0,0,0,0,0,,0.48,0.48,4392,False,sacked;fum_rec_td,PFR+RULE2PT,19601211-NYG-WAS,False,fum_rec_td,False,True,fum_rec_td,,6
Charlie Conerly,1960,12,1960-12-18,False,NYG,CLE,H,L,34,48,16,29,282,3,1,108.7,,1,2,0,0,0,0,0,0,,21.48,21.48,4392,False,sacked;fum_rec_td,PFR+RULE2PT,19601218-CLE-NYG,False,fum_rec_td,False,True,fum_rec_td,,6
Charlie Conerly,1961,1,1961-09-17,False,NYG,STL,H,L,10,21,9,21,75,0,2,13.1,,3,11,0,0,0,0,0,0,,0.1,0.1,4392,False,sacked;fum_rec_td,PFR+RULE2PT,19610917-STL-NYG,False,fum_rec_td,False,True,fum_rec_td,,6
Charlie Conerly,1961,2,1961-09-24,False,NYG,PIT,A,W,17,14,6,16,47,1,0,66.7,,1,1,0,0,0,0,0,0,0,5.98,5.98,4392,False,sacked,PFR+RULE2PT+SCORE0,19610924-NYG-PIT,True,,True,True,,,0
Charlie Conerly,1961,3,1961-10-01,False,NYG,WAS,A,W,24,21,3,5,35,1,1,81.2,,0,0,0,0,0,0,0,0,0,3.4,3.4,4392,False,sacked,PFR+RULE2PT+SCORE0,19611001-NYG-WAS,True,,True,True,,,0
Charlie Conerly,1961,4,1961-10-08,False,NYG,STL,A,W,24,9,5,16,87,0,2,11.2,,1,-3,0,0,0,0,0,0,,-0.82,-0.82,4392,False,sacked;fum_rec_td,PFR+RULE2PT,19611008-NYG-STL,False,fum_rec_td,False,True,fum_rec_td,,6
Charlie Conerly,1961,6,1961-10-22,False,NYG,RAM,H,W,24,14,5,11,111,2,1,83.7,,1,1,0,0,0,0,0,0,0,10.54,10.54,4392,False,sacked,PFR+RULE2PT+SCORE0,19611022-RAM-NYG,True,,True,True,,,0
Charlie Conerly,1961,7,1961-10-29,False,NYG,DAL,H,L,16,17,5,9,82,0,1,46.8,,3,5,0,0,0,0,0,0,0,1.78,1.78,4392,False,sacked,PFR+RULE2PT+SCORE0,19611029-DAL-NYG,True,,True,True,,,0
Charlie Conerly,1961,12,1961-12-03,False,NYG,GNB,A,L,17,20,1,6,-2,0,0,39.6,,0,0,0,0,0,0,0,0,0,-0.08,-0.08,4392,False,sacked,PFR+RULE2PT+SCORE0,19611203-NYG-GNB,True,,True,True,,,0
Charlie Conerly,1961,13,1961-12-10,False,NYG,PHI,A,W,28,24,6,13,153,3,0,129.2,,2,2,0,0,0,0,0,0,0,18.32,18.32,4392,False,sacked,PFR+RULE2PT+SCORE0,19611210-NYG-PHI,True,,True,True,,,0
Charlie Conerly,1961,14,1961-12-17,False,NYG,CLE,H,T,7,7,4,9,46,0,1,20.8,,2,-1,0,0,0,0,0,0,0,-0.26,-0.26,4392,False,sacked,PFR+RULE2PT+SCORE0,19611217-CLE-NYG,True,,True,True,,,0
Charlie Conerly,1961,15,1961-12-31,True,NYG,GNB,A,L,0,37,4,8,54,0,0,71.9,,0,0,0,0,0,0,0,0,0,2.16,2.16,4392,False,sacked,PFR+RULE2PT+SCORE0,19611231-NYG-GNB,True,,True,True,,,0
Ed Brown,1960,1,1960-09-25,False,CHI,GNB,A,W,17,14,0,3,0,0,1,0.0,,0,0,0,0,0,0,0,0,0,-2.0,-2.0,2609,False,sacked,PFR+RULE2PT+SCORE0,19600925-CHI-GNB,True,,True,True,,,0
Ed Brown,1960,2,1960-10-02,False,CHI,BAL,A,L,7,42,0,1,0,0,0,39.6,,0,0,0,0,0,0,0,0,0,0.0,0.0,2609,False,sacked,PFR+RULE2PT+SCORE0,19601002-CHI-BAL,True,,True,True,,,0
Ed Brown,1960,3,1960-10-09,False,CHI,RAM,H,W,34,27,13,21,333,3,1,125.5,,4,22,1,0,0,0,0,0,0,31.52,31.52,2609,False,sacked,PFR+RULE2PT+SCORE0,19601009-RAM-CHI,True,,True,True,,,0
Ed Brown,1960,4,1960-10-16,False,CHI,SFO,H,W,27,10,3,8,115,1,0,125.0,,2,1,0,0,0,0,0,0,,8.7,8.7,2609,False,sacked;fum_rec_td,PFR+RULE2PT,19601016-SFO-CHI,False,fum_rec_td,False,True,fum_rec_td,,6
Ed Brown,1960,5,1960-10-23,False,CHI,RAM,A,T,24,24,3,9,25,0,1,2.8,,2,-3,0,0,0,0,0,0,0,-1.3,-1.3,2609,False,sacked,PFR+RULE2PT+SCORE0,19601023-CHI-RAM,True,,True,True,,,0
Ed Brown,1960,6,1960-10-30,False,CHI,SFO,A,L,7,25,5,17,58,0,1,16.8,,2,11,0,1,-6,0,0,0,0,0.82,1.82,2609,False,sacked,PFR+RULE2PT+SCORE0,19601030-CHI-SFO,True,,True,True,,,0
Ed Brown,1960,7,1960-11-13,False,CHI,BAL,H,L,20,24,4,13,60,0,4,7.4,,2,5,0,0,0,0,0,0,0,-5.1,-5.1,2609,False,sacked,PFR+RULE2PT+SCORE0,19601113-BAL-CHI,True,,True,True,,,0
Ed Brown,1960,8,1960-11-20,False,CHI,DET,H,W,28,7,6,15,132,1,0,94.3,,3,36,1,0,0,0,0,0,0,18.88,18.88,2609,False,sacked,PFR+RULE2PT+SCORE0,19601120-DET-CHI,True,,True,True,,,0
Ed Brown,1960,9,1960-11-27,False,CHI,DAL,H,W,17,7,8,17,73,1,1,54.3,,1,1,0,0,0,0,0,0,0,5.02,5.02,2609,False,sacked,PFR+RULE2PT+SCORE0,19601127-DAL-CHI,True,,True,True,,,0
Ed Brown,1960,10,1960-12-04,False,CHI,GNB,H,L,13,41,6,8,108,1,0,156.2,,1,11,0,0,0,0,0,0,0,9.42,9.42,2609,False,sacked,PFR+RULE2PT+SCORE0,19601204-GNB-CHI,True,,True,True,,,0
Ed Brown,1960,11,1960-12-11,False,CHI,CLE,A,L,0,42,6,16,95,0,2,18.5,,1,4,0,0,0,0,0,0,0,0.2,0.2,2609,False,sacked,PFR+RULE2PT+SCORE0,19601211-CHI-CLE,True,,True,True,,,0
Ed Brown,1960,12,1960-12-18,False,CHI,DET,A,L,0,36,5,21,80,0,0,43.0,,1,1,0,0,0,0,0,0,0,3.3,3.3,2609,False,sacked,PFR+RULE2PT+SCORE0,19601218-CHI-DET,True,,True,True,,,0
Ed Brown,1961,1,1961-09-17,False,CHI,MIN,A,L,13,37,2,7,37,0,2,9.5,,4,29,0,0,0,0,0,0,0,0.38,0.38,2609,False,sacked,PFR+RULE2PT+SCORE0,19610917-CHI-MIN,True,,True,True,,,0
Ed Brown,1961,2,1961-09-23,False,CHI,RAM,A,W,21,17,7,15,160,1,2,68.1,,0,0,0,0,0,0,0,0,0,6.4,6.4,2609,False,sacked,PFR+RULE2PT+SCORE0,19610923-CHI-RAM,True,,True,True,,,0
Ed Brown,1961,3,1961-10-01,False,CHI,GNB,A,L,0,24,10,22,123,0,3,23.7,,3,8,0,0,0,0,0,0,0,-0.28,-0.28,2609,False,sacked,PFR+RULE2PT+SCORE0,19611001-CHI-GNB,True,,True,True,,,0
Ed Brown,1961,4,1961-10-08,False,CHI,DET,A,W,31,17,0,0,0,0,0,0,,0,0,0,0,0,0,0,0,0,0.0,0.0,2609,False,sacked,PFR+RULE2PT+SCORE0,19611008-CHI-DET,True,,True,True,,,0
Ed Brown,1961,5,1961-10-15,False,CHI,BAL,H,W,24,10,8,13,181,2,1,113.0,,1,-7,0,0,0,0,0,0,0,12.54,12.54,2609,False,sacked,PFR+RULE2PT+SCORE0,19611015-BAL-CHI,True,,True,True,,,0
Ed Brown,1961,6,1961-10-22,False,CHI,SFO,H,W,31,0,0,0,0,0,0,0,,0,0,0,0,0,0,0,0,0,4.0,4.0,2609,False,sacked,PFR+RULE2PT+SCORE0,19611022-SFO-CHI,True,,True,True,,,0
Ed Brown,1961,7,1961-10-29,False,CHI,BAL,A,W,21,20,0,0,0,0,0,0,,1,-11,0,0,0,0,0,0,0,-1.1,-1.1,2609,False,sacked,PFR+RULE2PT+SCORE0,19611029-CHI-BAL,True,,True,True,,,0
Ed Brown,1961,8,1961-11-05,False,CHI,PHI,A,L,14,16,2,7,13,0,0,39.6,,3,1,0,0,0,0,0,0,0,0.62,0.62,2609,False,sacked,PFR+RULE2PT+SCORE0,19611105-CHI-PHI,True,,True,True,,,0
Ed Brown,1961,9,1961-11-12,False,CHI,GNB,H,L,28,31,0,0,0,0,0,0,,0,0,0,0,0,0,0,0,0,0.0,0.0,2609,False,sacked,PFR+RULE2PT+SCORE0,19611112-GNB-CHI,True,,True,True,,,0
Ed Brown,1961,10,1961-11-19,False,CHI,SFO,A,L,31,41,0,0,0,0,0,0,,0,0,0,0,0,0,0,0,0,0.0,0.0,2609,False,sacked,PFR+RULE2PT+SCORE0,19611119-CHI-SFO,True,,True,True,,,0
Ed Brown,1961,11,1961-11-26,False,CHI,RAM,H,W,28,24,0,0,0,0,0,0,,0,0,0,0,0,0,0,0,0,0.0,0.0,2609,False,sacked,PFR+RULE2PT+SCORE0,19611126-RAM-CHI,True,,True,True,,,0
Ed Brown,1961,12,1961-12-03,False,CHI,DET,H,L,15,16,1,1,6,0,0,91.7,,0,0,0,0,0,0,0,0,0,0.24,0.24,2609,False,sacked,PFR+RULE2PT+SCORE0,19611203-DET-CHI,True,,True,True,,,0
Ed Brown,1961,13,1961-12-10,False,CHI,CLE,H,W,17,14,16,31,222,1,2,58.8,,1,-2,0,0,0,0,0,0,0,8.68,8.68,2609,False,sacked,PFR+RULE2PT+SCORE0,19611210-CLE-CHI,True,,True,True,,,0
Ed Brown,1961,14,1961-12-17,False,CHI,MIN,H,W,52,35,0,2,0,0,1,0.0,,0,0,0,0,0,0,0,0,0,-2.0,-2.0,2609,False,sacked,PFR+RULE2PT+SCORE0,19611217-MIN-CHI,True,,True,True,,,0
Ed Brown,1962,1,1962-09-16,False,PIT,DET,A,L,7,45,4,12,83,1,1,51.7,,1,-2,0,0,0,0,0,0,0,5.12,5.12,2609,False,sacked,PFR+RULE2PT+SCORE0,19620916-PIT-DET,True,,True,True,,,0
Ed Brown,1962,2,1962-09-23,False,PIT,DAL,A,W,30,28,0,1,0,0,0,39.6,,0,0,0,0,0,0,0,0,0,0.0,0.0,2609,False,sacked,PFR+RULE2PT+SCORE2,19620923-PIT-DAL,True,,True,True,,,2
Ed Brown,1962,3,1962-09-30,False,PIT,NYG,H,L,27,31,0,1,0,0,1,0.0,,0,0,0,0,0,0,0,0,0,-2.0,-2.0,2609,False,sacked,PFR+RULE2PT+SCORE0,19620930-NYG-PIT,True,,True,True,,,0
Ed Brown,1962,4,1962-10-06,False,PIT,PHI,H,W,13,7,0,0,0,0,0,0,,0,0,0,0,0,0,0,0,,0.0,0.0,2609,False,sacked;fum_rec_td,PFR+RULE2PT,19621006-PHI-PIT,False,fum_rec_td,False,True,fum_rec_td,,6
Ed Brown,1962,5,1962-10-14,False,PIT,NYG,A,W,20,17,0,0,0,0,0,0,,0,0,0,0,0,0,0,0,0,0.0,0.0,2609,False,sacked,PFR+RULE2PT+SCORE0,19621014-PIT-NYG,True,,True,True,,,0
Ed Brown,1962,6,1962-10-21,False,PIT,DAL,H,L,27,42,0,0,0,0,0,0,,0,0,0,0,0,0,0,0,0,0.0,0.0,2609,False,sacked,PFR+RULE2PT+SCORE0,19621021-DAL-PIT,True,,True,True,,,0
Ed Brown,1962,7,1962-10-28,False,PIT,CLE,H,L,14,41,6,7,88,1,0,158.3,,0,0,0,0,0,0,0,0,0,7.52,7.52,2609,False,sacked,PFR+RULE2PT+SCORE0,19621028-CLE-PIT,True,,True,True,,,0
Ed Brown,1962,8,1962-11-04,False,PIT,MIN,H,W,39,31,0,0,0,0,0,0,,0,0,0,0,0,0,0,0,0,0.0,0.0,2609,False,sacked,PFR+RULE2PT+SCORE2,19621104-MIN-PIT,True,,True,True,,,2
Ed Brown,1962,9,1962-11-11,False,PIT,STL,A,W,26,17,0,0,0,0,0,0,,0,0,0,0,0,0,0,0,0,0.0,0.0,2609,False,sacked,PFR+RULE2PT+SCORE0,19621111-PIT-STL,True,,True,True,,,0
Ed Brown,1962,10,1962-11-18,False,PIT,WAS,H,W,23,21,9,12,179,2,1,121.5,,1,-6,0,0,0,0,0,0,0,12.56,12.56,2609,False,sacked,PFR+RULE2PT+SCORE0,19621118-WAS-PIT,True,,True,True,,,0
Ed Brown,1962,11,1962-11-25,False,PIT,CLE,A,L,14,35,0,0,0,0,0,0,,0,0,0,0,0,0,0,0,0,0.0,0.0,2609,False,sacked,PFR+RULE2PT+SCORE0,19621125-PIT-CLE,True,,True,True,,,0
Ed Brown,1962,12,1962-12-02,False,PIT,STL,H,W,19,7,12,27,246,0,1,61.7,,0,0,0,0,0,0,0,0,,7.84,7.84,2609,False,sacked;fum_rec_td,PFR+RULE2PT,19621202-STL-PIT,False,fum_rec_td,False,True,fum_rec_td,,6
Ed Brown,1962,13,1962-12-09,False,PIT,PHI,A,W,26,17,12,24,130,1,2,45.5,,0,0,0,0,0,0,0,0,0,5.2,5.2,2609,False,sacked,PFR+RULE2PT+SCORE0,19621209-PIT-PHI,True,,True,True,,,0
Ed Brown,1962,14,1962-12-16,False,PIT,WAS,A,W,27,24,0,0,0,0,0,0,,0,0,0,0,0,0,0,0,0,0.0,0.0,2609,False,sacked,PFR+RULE2PT+SCORE0,19621216-PIT-WAS,True,,True,True,,,0
Ed Brown,1963,1,1963-09-15,False,PIT,PHI,A,T,21,21,18,34,234,1,0,84.7,,1,1,0,0,0,0,0,0,0,13.46,13.46,2609,False,sacked,PFR+RULE2PT+SCORE0,19630915-PIT-PHI,True,,True,True,,,0
Ed Brown,1963,2,1963-09-22,False,PIT,NYG,H,W,31,0,8,14,101,2,1,89.6,,0,0,0,0,0,0,0,0,0,10.04,10.04,2609,False,sacked,PFR+RULE2PT+SCORE0,19630922-NYG-PIT,True,,True,True,,,0
Ed Brown,1963,3,1963-09-29,False,PIT,STL,H,W,23,10,7,18,79,0,1,29.6,,0,0,0,0,0,0,0,0,0,1.16,1.16,2609,False,sacked,PFR+RULE2PT+SCORE0,19630929-STL-PIT,True,,True,True,,,0
Ed Brown,1963,4,1963-10-05,False,PIT,CLE,A,L,23,35,18,35,289,2,1,86.5,,1,7,0,0,0,0,0,0,0,18.26,18.26,2609,False,sacked,PFR+RULE2PT+SCORE0,19631005-PIT-CLE,True,,True,True,,,0
Ed Brown,1963,5,1963-10-13,False,PIT,STL,A,L,23,24,8,23,235,1,1,70.0,,1,1,1,0,0,0,0,0,0,17.5,17.5,2609,False,sacked,PFR+RULE2PT+SCORE0,19631013-PIT-STL,True,,True,True,,,0
Ed Brown,1963,6,1963-10-20,False,PIT,WAS,H,W,38,27,13,19,238,1,0,128.7,,1,1,1,0,0,0,0,0,,19.62,19.62,2609,False,sacked;fum_rec_td,PFR+RULE2PT,19631020-WAS-PIT,False,fum_rec_td,False,True,fum_rec_td,,6
Ed Brown,1963,7,1963-10-27,False,PIT,DAL,H,W,27,21,15,31,377,4,3,93.1,,0,0,0,0,0,0,0,0,0,25.08,25.08,2609,False,sacked,PFR+RULE2PT+SCORE0,19631027-DAL-PIT,True,,True,True,,,0
Ed Brown,1963,8,1963-11-03,False,PIT,GNB,A,L,14,33,11,26,147,1,2,41.7,,0,0,0,0,0,0,0,0,0,5.88,5.88,2609,False,sacked,PFR+RULE2PT+SCORE0,19631103-PIT-GNB,True,,True,True,,,0
Ed Brown,1963,9,1963-11-10,False,PIT,CLE,H,W,9,7,13,27,215,1,1,72.3,,4,-3,0,0,0,0,0,0,0,10.3,10.3,2609,False,sacked,PFR+RULE2PT+SCORE2,19631110-CLE-PIT,True,,True,True,,,2
Ed Brown,1963,10,1963-11-17,False,PIT,WAS,A,W,34,28,13,28,254,1,1,75.6,,3,15,0,0,0,0,0,0,0,13.66,13.66,2609,False,sacked,PFR+RULE2PT+SCORE0,19631117-PIT-WAS,True,,True,True,,,0
Ed Brown,1963,11,1963-11-24,False,PIT,CHI,H,T,17,17,10,25,134,1,1,54.4,,1,-5,0,0,0,0,0,0,0,6.86,6.86,2609,False,sacked,PFR+RULE2PT+SCORE0,19631124-CHI-PIT,True,,True,True,,,0
Ed Brown,1963,12,1963-12-01,False,PIT,PHI,H,T,20,20,13,31,243,2,4,51.6,,0,0,0,0,0,0,0,0,0,9.72,9.72,2609,False,sacked,PFR+RULE2PT+SCORE0,19631201-PHI-PIT,True,,True,True,,,0
Ed Brown,1963,13,1963-12-08,False,PIT,DAL,A,W,24,19,8,18,219,2,1,103.7,,2,0,0,0,0,0,0,0,0,14.76,14.76,2609,False,sacked,PFR+RULE2PT+SCORE0,19631208-PIT-DAL,True,,True,True,,,0
Ed Brown,1963,14,1963-12-15,False,PIT,NYG,A,L,17,33,13,33,217,2,3,44.6,,1,3,0,0,0,0,0,0,0,10.98,10.98,2609,False,sacked,PFR+RULE2PT+SCORE0,19631215-PIT-NYG,True,,True,True,,,0
Ed Brown,1964,1,1964-09-13,False,PIT,RAM,H,L,14,26,9,28,111,1,3,17.7,,2,22,0,0,0,0,0,0,0,4.64,4.64,2609,False,sacked,PFR+RULE2PT+SCORE0,19640913-RAM-PIT,True,,True,True,,,0
Ed Brown,1964,2,1964-09-20,False,PIT,NYG,H,W,27,24,5,10,94,1,2,76.7,,3,5,2,0,0,0,0,0,,16.26,16.26,2609,False,sacked;fum_rec_td,PFR+RULE2PT,19640920-NYG-PIT,False,fum_rec_td,False,True,fum_rec_td,,6
Ed Brown,1964,3,1964-09-27,False,PIT,DAL,H,W,23,17,10,22,176,3,0,112.9,,2,4,0,0,0,0,0,0,0,19.44,19.44,2609,False,sacked,PFR+RULE2PT+SCORE0,19640927-DAL-PIT,True,,True,True,,,0
Ed Brown,1964,4,1964-10-04,False,PIT,PHI,A,L,7,21,17,34,234,0,0,72.4,,2,6,0,0,0,0,0,0,,9.96,9.96,2609,False,sacked;fum_rec_td,PFR+RULE2PT,19641004-PIT-PHI,False,fum_rec_td,False,True,fum_rec_td,,6
Ed Brown,1964,5,1964-10-10,False,PIT,CLE,A,W,23,7,9,11,128,0,0,115.2,,5,27,0,0,0,0,0,0,0,7.82,7.82,2609,False,sacked,PFR+RULE2PT+SCORE0,19641010-PIT-CLE,True,,True,True,,,0
Ed Brown,1964,6,1964-10-18,False,PIT,MIN,A,L,10,30,8,21,162,1,1,62.0,,0,0,0,0,0,0,0,0,0,8.48,8.48,2609,False,sacked,PFR+RULE2PT+SCORE0,19641018-PIT-MIN,True,,True,True,,,0
Ed Brown,1964,7,1964-10-25,False,PIT,PHI,H,L,10,34,5,21,80,0,1,23.1,,1,17,0,0,0,0,0,0,0,2.9,2.9,2609,False,sacked,PFR+RULE2PT+SCORE0,19641025-PHI-PIT,True,,True,True,,,0
Ed Brown,1964,8,1964-11-01,False,PIT,CLE,H,L,17,30,8,23,128,0,2,18.0,,1,1,0,0,0,0,0,0,0,1.22,1.22,2609,False,sacked,PFR+RULE2PT+SCORE0,19641101-CLE-PIT,True,,True,True,,,0
Ed Brown,1964,9,1964-11-08,False,PIT,STL,A,L,30,34,7,15,128,1,1,71.0,,2,6,0,0,0,0,0,0,0,7.72,7.72,2609,False,sacked,PFR+RULE2PT+SCORE0,19641108-PIT-STL,True,,True,True,,,0
Ed Brown,1964,10,1964-11-15,False,PIT,WAS,H,L,0,30,9,20,131,0,3,27.3,,0,0,0,0,0,0,0,0,0,-0.76,-0.76,2609,False,sacked,PFR+RULE2PT+SCORE0,19641115-WAS-PIT,True,,True,True,,,0
Ed Brown,1964,11,1964-11-22,False,PIT,NYG,A,W,44,17,10,13,184,2,0,157.9,,0,0,0,0,0,0,0,0,0,15.36,15.36,2609,False,sacked,PFR+RULE2PT+SCORE0,19641122-PIT-NYG,True,,True,True,,,0
Ed Brown,1964,12,1964-11-29,False,PIT,STL,H,L,20,21,10,23,178,0,3,31.0,,3,15,0,0,0,0,0,0,,2.62,2.62,2609,False,sacked;fum_rec_td,PFR+RULE2PT,19641129-STL-PIT,False,fum_rec_td,False,True,fum_rec_td,,6
Ed Brown,1964,13,1964-12-06,False,PIT,WAS,A,W,14,7,5,9,90,1,1,87.5,,4,7,0,0,0,0,0,0,0,6.3,6.3,2609,False,sacked,PFR+RULE2PT+SCORE0,19641206-PIT-WAS,True,,True,True,,,0
Ed Brown,1964,14,1964-12-13,False,PIT,DAL,A,L,14,17,9,22,166,2,2,60.0,,1,0,0,0,0,0,0,0,0,10.64,10.64,2609,False,sacked,PFR+RULE2PT+SCORE0,19641213-PIT-DAL,True,,True,True,,,0
Ed Brown,1965,2,1965-09-26,False,PIT,SFO,A,L,17,27,1,3,15,0,0,50.7,,0,0,0,0,0,0,0,0,,0.6,0.6,2609,False,sacked;fum_rec_td,PFR+RULE2PT,19650926-PIT-SFO,False,fum_rec_td,False,True,fum_rec_td,,6
Ed Brown,1965,9,1965-11-14,False,PIT,DAL,A,L,17,24,0,4,0,0,3,0.0,,0,0,0,0,0,0,0,0,,-6.0,-6.0,2609,False,sacked;fum_rec_td,PFR+RULE2PT,19651114-PIT-DAL,False,fum_rec_td,False,True,fum_rec_td,,6
Ed Brown,1965,10,1965-11-21,False,PIT,WAS,H,L,3,31,6,11,108,0,2,48.9,,1,-1,0,0,0,0,0,0,0,0.22,0.22,2609,False,sacked,PFR+RULE2PT+SCORE0,19651121-WAS-PIT,True,,True,True,,,0
Ed Brown,1965,14,1965-12-18,False,BAL,RAM,A,W,20,17,3,5,81,1,0,143.7,,1,-2,0,0,0,0,0,0,0,7.04,7.04,2609,False,sacked,PFR+RULE2PT+SCORE0,19651218-BAL-RAM,True,,True,True,,,0
Bill Nelsen,1963,2,1963-09-22,False,PIT,NYG,H,W,31,0,0,2,0,0,0,39.6,,0,0,0,0,0,0,0,0,0,0.0,0.0,16252,False,sacked,PFR+RULE2PT+SCORE0,19630922-NYG-PIT,True,,True,True,,,0
Bill Nelsen,1963,14,1963-12-15,False,PIT,NYG,A,L,17,33,0,0,0,0,0,0,,1,-6,0,0,0,0,0,0,0,-0.6,-0.6,16252,False,sacked,PFR+RULE2PT+SCORE0,19631215-PIT-NYG,True,,True,True,,,0
Bill Nelsen,1964,1,1964-09-13,False,PIT,RAM,H,L,14,26,0,3,0,0,1,0.0,,0,0,0,0,0,0,0,0,0,-2.0,-2.0,16252,False,sacked,PFR+RULE2PT+SCORE0,19640913-RAM-PIT,True,,True,True,,,0
Bill Nelsen,1964,7,1964-10-25,False,PIT,PHI,H,L,10,34,2,4,37,0,0,82.3,,0,0,0,0,0,0,0,0,0,1.48,1.48,16252,False,sacked,PFR+RULE2PT+SCORE0,19641025-PHI-PIT,True,,True,True,,,0
Bill Nelsen,1964,9,1964-11-08,False,PIT,STL,A,L,30,34,10,19,170,2,1,96.4,,1,-1,0,0,0,0,0,0,0,12.7,12.7,16252,False,sacked,PFR+RULE2PT+SCORE0,19641108-PIT-STL,True,,True,True,,,0
Bill Nelsen,1964,10,1964-11-15,False,PIT,WAS,H,L,0,30,4,15,69,0,1,18.5,,2,18,0,0,0,0,0,0,0,2.56,2.56,16252,False,sacked,PFR+RULE2PT+SCORE0,19641115-WAS-PIT,True,,True,True,,,0
Bill Nelsen,1964,11,1964-11-22,False,PIT,NYG,A,W,44,17,0,1,0,0,0,39.6,,0,0,0,0,0,0,0,0,0,0.0,0.0,16252,False,sacked,PFR+RULE2PT+SCORE0,19641122-PIT-NYG,True,,True,True,,,0
Bill Nelsen,1965,1,1965-09-19,False,PIT,GNB,H,L,9,41,7,26,122,0,3,7.1,,3,5,0,0,0,0,0,0,0,-0.62,-0.62,16252,False,sacked,PFR+RULE2PT+SCORE0,19650919-GNB-PIT,True,,True,True,,,0
Bill Nelsen,1965,2,1965-09-26,False,PIT,SFO,A,L,17,27,10,20,174,0,2,40.4,,1,1,0,0,0,0,0,0,,3.06,3.06,16252,False,sacked;fum_rec_td,PFR+RULE2PT,19650926-PIT-SFO,False,fum_rec_td,False,True,fum_rec_td,,6
Bill Nelsen,1965,3,1965-10-03,False,PIT,NYG,H,L,13,23,17,28,263,0,2,62.1,,1,1,0,0,0,0,0,0,0,6.62,6.62,16252,False,sacked,PFR+RULE2PT+SCORE0,19651003-NYG-PIT,True,,True,True,,,0
Bill Nelsen,1965,4,1965-10-09,False,PIT,CLE,A,L,19,24,9,20,92,0,0,58.7,,6,4,1,0,0,0,0,0,0,10.08,10.08,16252,False,sacked,PFR+RULE2PT+SCORE0,19651009-PIT-CLE,True,,True,True,,,0
Bill Nelsen,1965,5,1965-10-17,False,PIT,STL,H,L,7,20,6,20,51,0,1,18.7,,2,15,0,0,0,0,0,0,0,1.54,1.54,16252,False,sacked,PFR+RULE2PT+SCORE0,19651017-STL-PIT,True,,True,True,,,0
Bill Nelsen,1965,6,1965-10-24,False,PIT,PHI,A,W,20,14,6,16,79,1,1,48.7,,2,7,0,0,0,0,0,0,,5.86,5.86,16252,False,sacked;fum_rec_td,PFR+RULE2PT,19651024-PIT-PHI,False,fum_rec_td,False,True,fum_rec_td,,12
Bill Nelsen,1965,7,1965-10-31,False,PIT,DAL,H,W,22,13,18,35,272,3,1,94.0,,2,7,0,1,-5,0,0,0,0,21.08,22.08,16252,False,sacked,PFR+RULE2PT+SCORE0,19651031-DAL-PIT,True,,True,True,,,0
Bill Nelsen,1965,8,1965-11-07,False,PIT,STL,A,L,17,21,15,26,216,1,1,81.6,,2,-1,0,0,0,0,0,0,0,10.54,10.54,16252,False,sacked,PFR+RULE2PT+SCORE0,19651107-PIT-STL,True,,True,True,,,0
Bill Nelsen,1965,9,1965-11-14,False,PIT,DAL,A,L,17,24,11,25,172,0,2,34.1,,5,10,0,0,0,0,0,0,,3.88,3.88,16252,False,sacked;fum_rec_td,PFR+RULE2PT,19651114-PIT-DAL,False,fum_rec_td,False,True,fum_rec_td,,6
Bill Nelsen,1965,11,1965-11-28,False,PIT,CLE,H,L,21,42,9,22,285,3,0,127.8,,1,14,0,0,0,0,0,0,0,24.8,24.8,16252,False,sacked,PFR+RULE2PT+SCORE0,19651128-CLE-PIT,True,,True,True,,,0
Bill Nelsen,1965,12,1965-12-05,False,PIT,NYG,A,L,10,35,11,27,164,0,2,30.5,,1,21,0,0,0,0,0,0,0,4.66,4.66,16252,False,sacked,PFR+RULE2PT+SCORE0,19651205-PIT-NYG,True,,True,True,,,0
Bill Nelsen,1965,13,1965-12-12,False,PIT,PHI,H,L,13,47,2,5,27,0,2,18.3,,0,0,0,0,0,0,0,0,,-2.92,-2.92,16252,False,sacked;fum_rec_td,PFR+RULE2PT,19651212-PHI-PIT,False,fum_rec_td,False,True,fum_rec_td,,6
Bill Nelsen,1966,1,1966-09-11,False,PIT,NYG,H,T,34,34,16,27,265,3,0,129.4,,2,5,0,0,0,0,0,0,0,23.1,23.1,16252,False,sacked,PFR+RULE2PT+SCORE0,19660911-NYG-PIT,True,,True,True,,,0
Bill Nelsen,1966,2,1966-09-18,False,PIT,DET,H,W,17,3,2,4,6,0,0,56.2,,1,9,0,0,0,0,0,0,0,1.14,1.14,16252,False,sacked,PFR+RULE2PT+SCORE0,19660918-DET-PIT,True,,True,True,,,0
Bill Nelsen,1966,12,1966-12-04,False,PIT,PHI,A,L,23,27,11,25,195,0,0,71.2,,1,-1,0,0,0,0,0,0,0,7.7,7.7,16252,False,sacked,PFR+RULE2PT+SCORE0,19661204-PIT-PHI,True,,True,True,,,0
Bill Nelsen,1966,13,1966-12-11,False,PIT,NYG,A,W,47,28,17,31,322,2,1,99.1,,2,5,0,0,0,0,0,0,,19.38,19.38,16252,False,sacked;fum_rec_td,PFR+RULE2PT,19661211-PIT-NYG,False,fum_rec_td,False,True,fum_rec_td,,3
Bill Nelsen,1966,14,1966-12-18,False,PIT,ATL,A,W,57,33,17,25,334,2,0,137.5,,0,0,0,0,0,0,0,0,,21.36,21.36,16252,False,sacked;fum_rec_td,PFR+RULE2PT,19661218-PIT-ATL,False,fum_rec_td,False,True,fum_rec_td,,6
Bill Nelsen,1967,1,1967-09-17,False,PIT,CHI,H,W,41,13,14,23,223,2,1,104.1,,2,-9,0,0,0,0,0,0,0,14.02,14.02,16252,False,sacked,PFR+RULE2PT+SCORE0,19670917-CHI-PIT,True,,True,True,,,0
Bill Nelsen,1967,2,1967-09-24,False,PIT,STL,H,L,14,28,8,25,130,1,3,24.2,,1,-5,0,0,0,0,0,0,0,2.7,2.7,16252,False,sacked,PFR+RULE2PT+SCORE0,19670924-STL-PIT,True,,True,True,,,0
Bill Nelsen,1967,7,1967-10-29,False,PIT,NOR,A,W,14,10,5,6,41,1,0,134.7,,0,0,0,0,0,0,0,0,0,5.64,5.64,16252,False,sacked,PFR+RULE2PT+SCORE0,19671029-PIT-NOR,True,,True,True,,,0
Bill Nelsen,1967,8,1967-11-05,False,PIT,CLE,H,L,14,34,10,22,214,2,1,91.9,,2,-14,0,0,0,0,0,0,0,13.16,13.16,16252,False,sacked,PFR+RULE2PT+SCORE0,19671105-CLE-PIT,True,,True,True,,,0
Bill Nelsen,1967,9,1967-11-12,False,PIT,STL,A,T,14,14,17,32,233,1,1,74.1,,2,-5,0,0,0,0,0,0,0,10.82,10.82,16252,False,sacked,PFR+RULE2PT+SCORE0,19671112-PIT-STL,True,,True,True,,,0
Bill Nelsen,1967,10,1967-11-19,False,PIT,NYG,A,L,20,28,16,42,240,2,1,63.6,,1,11,0,0,0,0,0,0,0,16.7,16.7,16252,False,sacked,PFR+RULE2PT+SCORE0,19671119-PIT-NYG,True,,True,True,,,0
Bill Nelsen,1967,11,1967-11-26,False,PIT,MIN,H,L,27,41,4,15,44,1,2,22.2,,1,3,0,0,0,0,0,0,,2.06,2.06,16252,False,sacked;fum_rec_td,PFR+RULE2PT,19671126-MIN-PIT,False,fum_rec_td,False,True,fum_rec_td,,6
Bill Nelsen,1968,2,1968-09-22,False,CLE,DAL,A,L,7,28,2,2,3,0,0,79.2,,0,0,0,0,0,0,0,0,0,0.12,0.12,16252,False,sacked,PFR+RULE2PT+SCORE0,19680922-CLE-DAL,True,,True,True,,,0
Bill Nelsen,1968,3,1968-09-29,False,CLE,RAM,H,L,6,24,1,2,-6,0,0,56.2,,0,0,0,0,0,0,0,0,0,-0.24,-0.24,16252,False,sacked,PFR+RULE2PT+SCORE0,19680929-RAM-CLE,True,,True,True,,,0
Bill Nelsen,1968,4,1968-10-05,False,CLE,PIT,H,W,31,24,16,25,190,1,1,83.7,,2,-3,0,0,0,0,0,0,0,9.3,9.3,16252,False,sacked,PFR+RULE2PT+SCORE0,19681005-PIT-CLE,True,,True,True,,,0
Bill Nelsen,1968,5,1968-10-13,False,CLE,STL,H,L,21,27,17,39,324,2,2,68.8,,1,1,1,0,0,0,0,0,0,23.06,23.06,16252,False,sacked,PFR+RULE2PT+SCORE0,19681013-STL-CLE,True,,True,True,,,0
Bill Nelsen,1968,6,1968-10-20,False,CLE,BAL,A,W,30,20,15,23,137,3,0,120.8,,4,32,0,0,0,0,0,0,0,20.68,20.68,16252,False,sacked,PFR+RULE2PT+SCORE0,19681020-CLE-BAL,True,,True,True,,,0
Bill Nelsen,1968,7,1968-10-27,False,CLE,ATL,H,W,30,7,18,27,248,1,0,108.3,,0,0,0,0,0,0,0,0,0,13.92,13.92,16252,False,sacked,PFR+RULE2PT+SCORE0,19681027-ATL-CLE,True,,True,True,,,0
Bill Nelsen,1968,8,1968-11-03,False,CLE,SFO,A,W,33,21,11,33,148,2,2,43.5,,0,0,0,0,0,0,0,0,0,9.92,9.92,16252,False,sacked,PFR+RULE2PT+SCORE0,19681103-CLE-SFO,True,,True,True,,,0
Bill Nelsen,1968,9,1968-11-10,False,CLE,NOR,H,W,35,17,10,24,262,4,3,82.3,,1,0,0,0,0,0,0,0,0,20.48,20.48,16252,False,sacked,PFR+RULE2PT+SCORE0,19681110-NOR-CLE,True,,True,True,,,0
Bill Nelsen,1968,10,1968-11-17,False,CLE,PIT,A,W,45,24,18,27,258,3,1,119.1,,1,-2,0,0,0,0,0,0,0,20.12,20.12,16252,False,sacked,PFR+RULE2PT+SCORE0,19681117-CLE-PIT,True,,True,True,,,0
Bill Nelsen,1968,11,1968-11-24,False,CLE,PHI,H,W,47,13,10,21,177,1,0,92.8,,1,0,0,0,0,0,0,0,0,11.08,11.08,16252,False,sacked,PFR+RULE2PT+SCORE0,19681124-PHI-CLE,True,,True,True,,,0
Bill Nelsen,1968,12,1968-12-01,False,CLE,NYG,H,W,45,10,13,25,204,1,0,92.7,,0,0,0,0,0,0,0,0,0,12.16,12.16,16252,False,sacked,PFR+RULE2PT+SCORE0,19681201-NYG-CLE,True,,True,True,,,0
Bill Nelsen,1968,13,1968-12-08,False,CLE,WAS,A,W,24,21,12,22,205,1,1,82.6,,1,1,0,0,0,0,0,0,,10.3,10.3,16252,False,sacked;fum_rec_td,PFR+RULE2PT,19681208-CLE-WAS,False,fum_rec_td,False,True,fum_rec_td,,6
Bill Nelsen,1968,14,1968-12-14,False,CLE,STL,A,L,16,27,9,23,216,0,0,73.8,,2,1,0,0,0,0,0,0,0,8.74,8.74,16252,False,sacked,PFR+RULE2PT+SCORE0,19681214-CLE-STL,True,,True,True,,,0
Bill Nelsen,1968,17,1968-12-21,True,CLE,DAL,H,W,31,20,13,25,203,1,1,75.9,,2,-2,0,0,0,0,0,0,,9.92,9.92,16252,False,sacked;fum_rec_td,PFR+RULE2PT,19681221-DAL-CLE,False,fum_rec_td,False,True,fum_rec_td,,6
Bill Nelsen,1968,18,1968-12-29,True,CLE,BAL,H,L,0,34,11,26,132,0,2,26.4,,0,0,0,0,0,0,0,0,0,1.28,1.28,16252,False,sacked,PFR+RULE2PT+SCORE0,19681229-BAL-CLE,True,,True,True,,,0
Bill Nelsen,1969,1,1969-09-21,False,CLE,PHI,A,W,27,20,11,26,177,1,2,46.5,,1,-2,0,0,0,0,0,0,0,6.88,6.88,16252,False,sacked,PFR+RULE2PT+SCORE0,19690921-CLE-PHI,True,,True,True,,,0
Bill Nelsen,1969,2,1969-09-28,False,CLE,WAS,H,W,27,23,12,21,152,1,1,75.9,,1,-5,0,0,0,0,0,0,0,7.58,7.58,16252,False,sacked,PFR+RULE2PT+SCORE0,19690928-WAS-CLE,True,,True,True,,,0
Bill Nelsen,1969,3,1969-10-05,False,CLE,DET,H,L,21,28,13,29,196,3,3,62.5,,1,-1,0,0,0,0,0,0,0,13.74,13.74,16252,False,sacked,PFR+RULE2PT+SCORE0,19691005-DET-CLE,True,,True,True,,,0
Bill Nelsen,1969,4,1969-10-12,False,CLE,NOR,A,W,27,17,15,25,214,1,0,101.1,,0,0,0,0,0,0,0,0,,12.56,12.56,16252,False,sacked;fum_rec_td,PFR+RULE2PT,19691012-CLE-NOR,False,fum_rec_td,False,True,fum_rec_td,,6
Bill Nelsen,1969,5,1969-10-18,False,CLE,PIT,H,W,42,31,12,25,171,2,3,57.7,,0,0,0,0,0,0,0,0,,8.84,8.84,16252,False,sacked;fum_rec_td,PFR+RULE2PT,19691018-PIT-CLE,False,fum_rec_td,False,True,fum_rec_td,,12
Bill Nelsen,1969,6,1969-10-26,False,CLE,STL,H,T,21,21,19,28,198,1,1,85.1,,0,0,0,0,0,0,0,0,0,9.92,9.92,16252,False,sacked,PFR+RULE2PT+SCORE0,19691026-STL-CLE,True,,True,True,,,0
Bill Nelsen,1969,7,1969-11-02,False,CLE,DAL,H,W,42,10,18,25,255,5,1,127.5,,0,0,0,0,0,0,0,0,0,28.2,28.2,16252,False,sacked,PFR+RULE2PT+SCORE0,19691102-DAL-CLE,True,,True,True,,,0
Bill Nelsen,1969,8,1969-11-09,False,CLE,MIN,A,L,3,51,7,16,95,0,3,23.7,,0,0,0,0,0,0,0,0,0,-2.2,-2.2,16252,False,sacked,PFR+RULE2PT+SCORE0,19691109-CLE-MIN,True,,True,True,,,0
Bill Nelsen,1969,9,1969-11-16,False,CLE,PIT,A,W,24,3,18,32,290,2,2,81.5,,0,0,0,0,0,0,0,0,0,15.6,15.6,16252,False,sacked,PFR+RULE2PT+SCORE0,19691116-CLE-PIT,True,,True,True,,,0
Bill Nelsen,1969,10,1969-11-23,False,CLE,NYG,H,W,28,17,7,17,123,1,1,61.6,,0,0,0,0,0,0,0,0,0,6.92,6.92,16252,False,sacked,PFR+RULE2PT+SCORE0,19691123-NYG-CLE,True,,True,True,,,0
Bill Nelsen,1969,11,1969-11-30,False,CLE,CHI,A,W,28,24,16,30,290,2,0,109.0,,1,-6,0,0,0,0,0,0,0,19.0,19.0,16252,False,sacked,PFR+RULE2PT+SCORE0,19691130-CLE-CHI,True,,True,True,,,0
Bill Nelsen,1969,12,1969-12-07,False,CLE,GNB,H,W,20,7,10,24,137,1,0,74.5,,1,3,0,0,0,0,0,0,,9.78,9.78,16252,False,sacked;fum_rec_td,PFR+RULE2PT,19691207-GNB-CLE,False,fum_rec_td,False,True,fum_rec_td,,6
Bill Nelsen,1969,13,1969-12-14,False,CLE,STL,A,W,27,21,15,26,235,2,1,97.4,,0,0,0,0,0,0,0,0,0,15.4,15.4,16252,False,sacked,PFR+RULE2PT+SCORE0,19691214-CLE-STL,True,,True,True,,,0
Bill Nelsen,1969,14,1969-12-21,False,CLE,NYG,A,L,14,27,17,28,210,1,1,81.0,,0,0,0,0,0,0,0,0,0,10.4,10.4,16252,False,sacked,PFR+RULE2PT+SCORE0,19691221-CLE-NYG,True,,True,True,,,0
Bill Nelsen,1969,17,1969-12-28,True,CLE,DAL,A,W,38,14,18,27,219,1,0,103.8,,0,0,0,0,0,0,0,0,,12.76,12.76,16252,False,sacked;fum_rec_td,PFR+RULE2PT,19691228-CLE-DAL,False,fum_rec_td,False,True,fum_rec_td,,18
Bill Nelsen,1969,18,1970-01-04,True,CLE,MIN,A,L,7,27,17,33,181,1,2,52.7,,0,0,0,0,0,0,0,0,0,7.24,7.24,16252,False,sacked,PFR+RULE2PT+SCORE0,19700104-CLE-MIN,True,,True,True,,,0
Eddie LeBaron,1960,1,1960-09-24,False,DAL,PIT,H,L,28,35,15,28,345,3,3,94.2,,2,7,0,0,0,0,0,0,0,20.5,20.5,13047,False,sacked,PFR+RULE2PT+SCORE0,19600924-PIT-DAL,True,,True,True,,,0
Eddie LeBaron,1960,2,1960-09-30,False,DAL,PHI,H,L,25,27,10,29,194,2,5,42.1,,3,20,1,0,0,0,0,0,0,13.76,13.76,13047,False,sacked,PFR+RULE2PT+SCORE0,19600930-PHI-DAL,True,,True,True,,,0
Eddie LeBaron,1960,3,1960-10-09,False,DAL,WAS,A,L,14,26,21,37,296,2,3,66.9,,1,3,0,0,0,0,0,0,0,14.14,14.14,13047,False,sacked,PFR+RULE2PT+SCORE0,19601009-DAL-WAS,True,,True,True,,,0
Eddie LeBaron,1960,4,1960-10-16,False,DAL,CLE,H,L,7,48,2,6,6,0,2,2.8,,1,11,0,0,0,0,0,0,0,-2.66,-2.66,13047,False,sacked,PFR+RULE2PT+SCORE0,19601016-CLE-DAL,True,,True,True,,,0
Eddie LeBaron,1960,5,1960-10-23,False,DAL,STL,A,L,10,12,10,24,173,0,1,49.5,,2,6,0,0,0,0,0,0,0,5.52,5.52,13047,False,sacked,PFR+RULE2PT+SCORE0,19601023-DAL-STL,True,,True,True,,,0
Eddie LeBaron,1960,6,1960-10-30,False,DAL,BAL,H,L,7,45,3,10,21,0,3,0.0,,2,31,0,0,0,0,0,0,0,-2.06,-2.06,13047,False,sacked,PFR+RULE2PT+SCORE0,19601030-BAL-DAL,True,,True,True,,,0
Eddie LeBaron,1960,8,1960-11-13,False,DAL,GNB,A,L,7,41,2,6,29,0,2,10.4,,0,0,0,0,0,0,0,0,0,-2.84,-2.84,13047,False,sacked,PFR+RULE2PT+SCORE0,19601113-DAL-GNB,True,,True,True,,,0
Eddie LeBaron,1960,9,1960-11-20,False,DAL,SFO,H,L,14,26,9,17,184,1,3,71.3,,0,0,0,0,0,0,0,0,0,5.36,5.36,13047,False,sacked,PFR+RULE2PT+SCORE0,19601120-SFO-DAL,True,,True,True,,,0
Eddie LeBaron,1960,10,1960-11-27,False,DAL,CHI,A,L,7,17,4,6,26,0,0,75.7,,0,0,0,0,0,0,0,0,0,1.04,1.04,13047,False,sacked,PFR+RULE2PT+SCORE0,19601127-DAL-CHI,True,,True,True,,,0
Eddie LeBaron,1960,11,1960-12-04,False,DAL,NYG,A,T,31,31,17,35,267,3,2,79.1,,3,11,0,0,0,0,0,0,0,19.78,19.78,13047,False,sacked,PFR+RULE2PT+SCORE0,19601204-DAL-NYG,True,,True,True,,,0
Eddie LeBaron,1960,12,1960-12-11,False,DAL,DET,A,L,14,23,18,27,195,1,1,84.6,,3,5,0,0,0,0,0,0,0,10.3,10.3,13047,False,sacked,PFR+RULE2PT+SCORE0,19601211-DAL-DET,True,,True,True,,,0
Eddie LeBaron,1961,1,1961-09-17,False,DAL,PIT,H,W,27,24,9,13,166,2,0,151.4,,0,0,0,0,0,0,0,0,0,14.64,14.64,13047,False,sacked,PFR+RULE2PT+SCORE0,19610917-PIT-DAL,True,,True,True,,,0
Eddie LeBaron,1961,2,1961-09-24,False,DAL,MIN,H,W,21,7,5,8,75,0,1,53.6,,0,0,0,0,0,0,0,0,0,1.0,1.0,13047,False,sacked,PFR+RULE2PT+SCORE0,19610924-MIN-DAL,True,,True,True,,,0
Eddie LeBaron,1961,3,1961-10-01,False,DAL,CLE,A,L,7,25,1,2,1,0,0,56.2,,0,0,0,0,0,0,0,0,0,0.04,0.04,13047,False,sacked,PFR+RULE2PT+SCORE0,19611001-DAL-CLE,True,,True,True,,,0
Eddie LeBaron,1961,4,1961-10-08,False,DAL,MIN,A,W,28,0,6,11,76,1,0,106.6,,0,0,0,0,0,0,0,0,0,7.04,7.04,13047,False,sacked,PFR+RULE2PT+SCORE0,19611008-DAL-MIN,True,,True,True,,,0
Eddie LeBaron,1961,5,1961-10-15,False,DAL,NYG,H,L,10,31,4,11,92,0,2,27.7,,1,1,0,0,0,0,0,0,0,-0.22,-0.22,13047,False,sacked,PFR+RULE2PT+SCORE0,19611015-NYG-DAL,True,,True,True,,,0
Eddie LeBaron,1961,7,1961-10-29,False,DAL,NYG,A,W,17,16,15,28,207,2,1,86.5,,2,0,0,0,0,0,0,0,0,14.28,14.28,13047,False,sacked,PFR+RULE2PT+SCORE0,19611029-DAL-NYG,True,,True,True,,,0
Eddie LeBaron,1961,8,1961-11-05,False,DAL,STL,H,L,17,31,14,33,238,2,5,48.1,,3,12,0,0,0,0,0,0,0,8.72,8.72,13047,False,sacked,PFR+RULE2PT+SCORE0,19611105-STL-DAL,True,,True,True,,,0
Eddie LeBaron,1961,9,1961-11-12,False,DAL,PIT,A,L,7,37,5,10,44,0,1,22.5,,2,1,0,0,0,0,0,0,0,-0.14,-0.14,13047,False,sacked,PFR+RULE2PT+SCORE0,19611112-DAL-PIT,True,,True,True,,,0
Eddie LeBaron,1961,10,1961-11-19,False,DAL,WAS,H,T,28,28,7,7,80,1,0,153.9,,1,12,0,0,0,0,0,0,0,8.4,8.4,13047,False,sacked,PFR+RULE2PT+SCORE0,19611119-WAS-DAL,True,,True,True,,,0
Eddie LeBaron,1961,11,1961-11-26,False,DAL,PHI,A,L,13,35,22,43,266,1,2,58.9,,5,46,0,0,0,0,0,0,0,15.24,15.24,13047,False,sacked,PFR+RULE2PT+SCORE0,19611126-DAL-PHI,True,,True,True,,,0
Eddie LeBaron,1961,12,1961-12-03,False,DAL,CLE,H,L,17,38,14,27,202,2,3,61.6,,3,7,0,0,0,0,0,0,0,10.78,10.78,13047,False,sacked,PFR+RULE2PT+SCORE0,19611203-CLE-DAL,True,,True,True,,,0
Eddie LeBaron,1961,13,1961-12-10,False,DAL,STL,A,L,13,31,6,16,49,0,0,46.1,,2,-4,0,0,0,0,0,0,0,1.56,1.56,13047,False,sacked,PFR+RULE2PT+SCORE0,19611210-DAL-STL,True,,True,True,,,0
Eddie LeBaron,1961,14,1961-12-17,False,DAL,WAS,A,L,24,34,12,27,245,3,1,98.5,,1,-3,0,0,0,0,0,0,0,19.5,19.5,13047,False,sacked,PFR+RULE2PT+SCORE0,19611217-DAL-WAS,True,,True,True,,,0
Eddie LeBaron,1962,1,1962-09-16,False,DAL,WAS,H,T,35,35,13,16,176,1,0,133.3,,0,0,0,0,0,0,0,0,0,11.04,11.04,13047,False,sacked,PFR+RULE2PT+SCORE0,19620916-WAS-DAL,True,,True,True,,,0
Eddie LeBaron,1962,2,1962-09-23,False,DAL,PIT,H,L,28,30,16,25,202,2,2,82.4,,1,1,0,0,0,0,0,0,0,12.18,12.18,13047,False,sacked,PFR+RULE2PT+SCORE0,19620923-PIT-DAL,True,,True,True,,,0
Eddie LeBaron,1962,3,1962-09-30,False,DAL,RAM,A,W,27,17,10,21,241,2,0,121.3,,0,0,0,0,0,0,0,0,0,17.64,17.64,13047,False,sacked,PFR+RULE2PT+SCORE0,19620930-DAL-RAM,True,,True,True,,,0
Eddie LeBaron,1962,4,1962-10-07,False,DAL,CLE,A,L,10,19,5,8,40,0,0,75.0,,1,-1,0,0,0,0,0,0,0,1.5,1.5,13047,False,sacked,PFR+RULE2PT+SCORE0,19621007-DAL-CLE,True,,True,True,,,0
Eddie LeBaron,1962,5,1962-10-14,False,DAL,PHI,H,W,41,19,7,7,128,1,0,158.3,,0,0,0,0,0,0,0,0,,9.12,9.12,13047,False,sacked;fum_rec_td,PFR+RULE2PT,19621014-PHI-DAL,False,fum_rec_td,False,True,fum_rec_td,,6
Eddie LeBaron,1962,6,1962-10-21,False,DAL,PIT,A,W,42,27,9,15,158,5,2,96.0,,1,3,0,0,0,0,0,0,0,22.62,22.62,13047,False,sacked,PFR+RULE2PT+SCORE0,19621021-DAL-PIT,True,,True,True,,,0
Eddie LeBaron,1962,7,1962-10-28,False,DAL,STL,H,L,24,28,8,15,105,0,1,47.9,,0,0,0,0,0,0,0,0,,2.2,2.2,13047,False,sacked;fum_rec_td,PFR+RULE2PT,19621028-STL-DAL,False,fum_rec_td,False,True,fum_rec_td,,6
Eddie LeBaron,1962,8,1962-11-04,False,DAL,WAS,A,W,38,10,6,12,88,2,1,79.2,,0,0,0,0,0,0,0,0,0,9.52,9.52,13047,False,sacked,PFR+RULE2PT+SCORE0,19621104-DAL-WAS,True,,True,True,,,0
Eddie LeBaron,1962,9,1962-11-11,False,DAL,NYG,H,L,10,41,0,1,0,0,0,39.6,,0,0,0,0,0,0,0,0,0,0.0,0.0,13047,False,sacked,PFR+RULE2PT+SCORE0,19621111-NYG-DAL,True,,True,True,,,0
Eddie LeBaron,1962,12,1962-12-02,False,DAL,CLE,H,W,45,21,6,8,53,1,1,92.2,,0,0,0,0,0,0,0,0,0,4.12,4.12,13047,False,sacked,PFR+RULE2PT+SCORE0,19621202-CLE-DAL,True,,True,True,,,0
Eddie LeBaron,1962,13,1962-12-09,False,DAL,STL,A,L,20,52,9,19,161,1,1,72.5,,2,-3,0,0,0,0,0,0,,8.14,8.14,13047,False,sacked;fum_rec_td,PFR+RULE2PT,19621209-DAL-STL,False,fum_rec_td,False,True,fum_rec_td,,6
Eddie LeBaron,1962,14,1962-12-16,False,DAL,NYG,A,L,31,41,6,19,84,1,1,42.4,,1,-1,0,0,0,0,0,0,0,5.26,5.26,13047,False,sacked,PFR+RULE2PT+SCORE0,19621216-DAL-NYG,True,,True,True,,,0
Eddie LeBaron,1963,1,1963-09-14,False,DAL,STL,H,L,7,34,2,6,19,0,0,43.1,,1,1,0,0,0,0,0,0,0,0.86,0.86,13047,False,sacked,PFR+RULE2PT+SCORE0,19630914-STL-DAL,True,,True,True,,,0
Eddie LeBaron,1963,2,1963-09-22,False,DAL,CLE,H,L,24,41,9,13,132,1,1,95.7,,0,0,0,0,0,0,0,0,0,7.28,7.28,13047,False,sacked,PFR+RULE2PT+SCORE0,19630922-CLE-DAL,True,,True,True,,,0
Eddie LeBaron,1963,4,1963-10-06,False,DAL,PHI,A,L,21,24,4,8,23,0,0,56.2,,0,0,0,0,0,0,0,0,0,0.92,0.92,13047,False,sacked,PFR+RULE2PT+SCORE0,19631006-DAL-PHI,True,,True,True,,,0
Eddie LeBaron,1963,5,1963-10-13,False,DAL,DET,H,W,17,14,3,5,16,0,1,25.8,,0,0,0,0,0,0,0,0,0,-1.36,-1.36,13047,False,sacked,PFR+RULE2PT+SCORE0,19631013-DET-DAL,True,,True,True,,,0
Eddie LeBaron,1963,6,1963-10-20,False,DAL,NYG,A,L,21,37,14,21,196,2,0,128.3,,0,0,0,0,0,0,0,0,0,15.84,15.84,13047,False,sacked,PFR+RULE2PT+SCORE0,19631020-DAL-NYG,True,,True,True,,,0
Eddie LeBaron,1963,7,1963-10-27,False,DAL,PIT,A,L,21,27,0,1,0,0,1,0.0,,0,0,0,0,0,0,0,0,0,-2.0,-2.0,13047,False,sacked,PFR+RULE2PT+SCORE0,19631027-DAL-PIT,True,,True,True,,,0
Eddie LeBaron,1963,10,1963-11-17,False,DAL,PHI,H,W,27,20,0,0,0,0,0,0,,1,4,0,0,0,0,0,0,0,0.4,0.4,13047,False,sacked,PFR+RULE2PT+SCORE0,19631117-PHI-DAL,True,,True,True,,,0
Eddie LeBaron,1963,11,1963-11-24,False,DAL,CLE,A,L,17,27,0,5,0,0,0,39.6,,0,0,0,0,0,0,0,0,,0.0,0.0,13047,False,sacked;fum_rec_td,PFR+RULE2PT,19631124-DAL-CLE,False,fum_rec_td,False,True,fum_rec_td,,6
Eddie LeBaron,1963,13,1963-12-08,False,DAL,PIT,H,L,19,24,1,6,32,0,0,49.3,,0,0,0,0,0,0,0,0,0,1.28,1.28,13047,False,sacked,PFR+RULE2PT+SCORE0,19631208-PIT-DAL,True,,True,True,,,0
Bill Munson,1964,1,1964-09-13,False,RAM,PIT,A,W,26,14,8,23,55,1,0,58.1,,2,21,0,0,0,0,0,0,,8.3,8.3,16038,False,sacked;fum_rec_td,PFR+RULE2PT,19640913-RAM-PIT,False,fum_rec_td,False,True,fum_rec_td,,6
Bill Munson,1964,2,1964-09-19,False,RAM,DET,H,T,17,17,18,32,224,2,2,72.9,,2,5,0,0,0,0,0,0,0,13.46,13.46,16038,False,sacked,PFR+RULE2PT+SCORE0,19640919-DET-RAM,True,,True,True,,,0
Bill Munson,1964,3,1964-09-27,False,RAM,MIN,H,W,22,13,9,18,170,1,1,78.5,,0,0,0,0,0,0,0,0,0,8.8,8.8,16038,False,sacked,PFR+RULE2PT+SCORE0,19640927-MIN-RAM,True,,True,True,,,0
Bill Munson,1964,4,1964-10-04,False,RAM,BAL,A,L,20,35,18,32,256,1,1,79.7,,2,31,0,0,0,0,0,0,0,15.34,15.34,16038,False,sacked,PFR+RULE2PT+SCORE0,19641004-RAM-BAL,True,,True,True,,,0
Bill Munson,1964,5,1964-10-11,False,RAM,CHI,A,L,17,38,4,15,42,0,4,0.0,,1,0,0,0,0,0,0,0,0,-6.32,-6.32,16038,False,sacked,PFR+RULE2PT+SCORE0,19641011-RAM-CHI,True,,True,True,,,0
Bill Munson,1964,8,1964-11-01,False,RAM,DET,A,L,17,37,3,7,46,0,1,25.6,,0,0,0,0,0,0,0,0,0,-0.16,-0.16,16038,False,sacked,PFR+RULE2PT+SCORE0,19641101-RAM-DET,True,,True,True,,,0
Bill Munson,1964,9,1964-11-08,False,RAM,PHI,H,W,20,10,3,6,87,0,0,95.8,,1,9,0,0,0,0,0,0,0,4.38,4.38,16038,False,sacked,PFR+RULE2PT+SCORE0,19641108-PHI-RAM,True,,True,True,,,0
Bill Munson,1964,11,1964-11-22,False,RAM,BAL,H,L,7,24,7,11,92,1,0,120.3,,3,10,0,0,0,0,0,0,0,8.68,8.68,16038,False,sacked,PFR+RULE2PT+SCORE0,19641122-BAL-RAM,True,,True,True,,,0
Bill Munson,1964,12,1964-11-29,False,RAM,MIN,A,L,13,34,11,27,166,1,2,43.1,,6,62,0,0,0,0,0,0,0,12.84,12.84,16038,False,sacked,PFR+RULE2PT+SCORE0,19641129-RAM-MIN,True,,True,True,,,0
Bill Munson,1964,13,1964-12-06,False,RAM,SFO,A,L,7,28,19,36,245,1,2,60.5,,1,4,0,0,0,0,0,0,0,10.2,10.2,16038,False,sacked,PFR+RULE2PT+SCORE0,19641206-RAM-SFO,True,,True,True,,,0
Bill Munson,1964,14,1964-12-13,False,RAM,GNB,H,T,24,24,8,16,150,1,2,64.1,,1,8,0,0,0,0,0,0,0,6.8,6.8,16038,False,sacked,PFR+RULE2PT+SCORE0,19641213-GNB-RAM,True,,True,True,,,0
Bill Munson,1965,1,1965-09-19,False,RAM,DET,A,L,0,20,8,19,85,0,3,16.2,,4,16,0,0,0,0,0,0,0,-1.0,-1.0,16038,False,sacked,PFR+RULE2PT+SCORE0,19650919-RAM-DET,True,,True,True,,,0
Bill Munson,1965,2,1965-09-25,False,RAM,CHI,H,W,30,28,27,45,295,2,0,94.2,,6,32,1,0,0,0,0,0,,29.0,29.0,16038,False,sacked;fum_rec_td,PFR+RULE2PT,19650925-CHI-RAM,False,fum_rec_td,False,True,fum_rec_td,,6
Bill Munson,1965,3,1965-10-03,False,RAM,MIN,H,L,35,38,13,18,161,3,1,116.0,,0,0,0,0,0,0,0,0,0,16.44,16.44,16038,False,sacked,PFR+RULE2PT+SCORE0,19651003-MIN-RAM,True,,True,True,,,0
Bill Munson,1965,4,1965-10-10,False,RAM,CHI,A,L,6,31,11,26,145,0,2,28.5,,5,5,0,0,0,0,0,0,0,2.3,2.3,16038,False,sacked,PFR+RULE2PT+SCORE0,19651010-RAM-CHI,True,,True,True,,,0
Bill Munson,1965,5,1965-10-17,False,RAM,SFO,H,L,21,45,17,34,155,0,1,50.5,,1,10,0,0,0,0,0,0,,5.2,5.2,16038,False,sacked;fum_rec_td,PFR+RULE2PT,19651017-SFO-RAM,False,fum_rec_td,False,True,fum_rec_td,,6
Bill Munson,1965,6,1965-10-24,False,RAM,BAL,A,L,20,35,13,25,170,2,1,83.7,,2,13,0,0,0,0,0,0,0,14.1,14.1,16038,False,sacked,PFR+RULE2PT+SCORE0,19651024-RAM-BAL,True,,True,True,,,0
Bill Munson,1965,7,1965-10-31,False,RAM,DET,H,L,7,31,16,29,225,1,3,52.3,,1,-9,0,0,0,0,0,0,0,6.1,6.1,16038,False,sacked,PFR+RULE2PT+SCORE0,19651031-DET-RAM,True,,True,True,,,0
Bill Munson,1965,8,1965-11-07,False,RAM,MIN,A,L,13,24,23,40,266,1,1,75.6,,5,72,0,0,0,0,0,0,0,19.84,19.84,16038,False,sacked,PFR+RULE2PT+SCORE0,19651107-RAM-MIN,True,,True,True,,,0
Bill Munson,1965,9,1965-11-14,False,RAM,GNB,A,L,3,6,7,16,69,0,1,30.5,,2,18,0,0,0,0,0,0,0,2.56,2.56,16038,False,sacked,PFR+RULE2PT+SCORE0,19651114-RAM-GNB,True,,True,True,,,0
Bill Munson,1965,10,1965-11-21,False,RAM,SFO,A,L,27,30,9,15,130,1,1,82.6,,0,0,0,0,0,0,0,0,0,7.2,7.2,16038,False,sacked,PFR+RULE2PT+SCORE0,19651121-RAM-SFO,True,,True,True,,,0
Bill Munson,1966,4,1966-09-30,False,RAM,SFO,H,W,34,3,2,5,15,0,0,47.9,,0,0,0,0,0,0,0,0,0,0.6,0.6,16038,False,sacked,PFR+RULE2PT+SCORE0,19660930-SFO-RAM,True,,True,True,,,0
Bill Munson,1966,6,1966-10-16,False,RAM,MIN,A,L,7,35,7,11,64,0,0,79.4,,0,0,0,0,0,0,0,0,0,2.56,2.56,16038,False,sacked,PFR+RULE2PT+SCORE0,19661016-RAM-MIN,True,,True,True,,,0
Bill Munson,1966,7,1966-10-23,False,RAM,CHI,A,L,10,17,6,13,54,0,0,57.9,,1,2,0,0,0,0,0,0,0,2.36,2.36,16038,False,sacked,PFR+RULE2PT+SCORE0,19661023-RAM-CHI,True,,True,True,,,0
Bill Munson,1966,8,1966-10-30,False,RAM,BAL,H,L,3,17,12,17,118,0,1,65.3,,2,-1,0,0,0,0,0,0,0,2.62,2.62,16038,False,sacked,PFR+RULE2PT+SCORE0,19661030-BAL-RAM,True,,True,True,,,0
Bill Munson,1966,10,1966-11-13,False,RAM,NYG,H,W,55,14,3,4,33,2,0,138.5,,1,2,0,0,0,0,0,0,,9.52,9.52,16038,False,sacked;fum_rec_td,PFR+RULE2PT,19661113-NYG-RAM,False,fum_rec_td,False,True,fum_rec_td,,6
Bill Munson,1967,2,1967-09-22,False,RAM,MIN,H,W,39,3,3,6,18,1,1,56.2,,0,0,0,0,0,0,0,0,,2.72,2.72,16038,False,sacked;fum_rec_td,PFR+RULE2PT,19670922-MIN-RAM,False,fum_rec_td,False,True,fum_rec_td,,8
Bill Munson,1967,3,1967-10-01,False,RAM,DAL,A,W,35,13,0,1,0,0,0,39.6,,0,0,0,0,0,0,0,0,,0.0,0.0,16038,False,sacked;fum_rec_td,PFR+RULE2PT,19671001-RAM-DAL,False,fum_rec_td,False,True,fum_rec_td,,6
Bill Munson,1967,9,1967-11-12,False,RAM,PHI,H,W,33,17,0,1,0,0,1,0.0,,2,-22,0,0,0,0,0,0,,-4.2,-4.2,16038,False,sacked;fum_rec_td,PFR+RULE2PT,19671112-PHI-RAM,False,fum_rec_td,False,True,fum_rec_td,,6
Bill Munson,1967,10,1967-11-19,False,RAM,ATL,A,W,31,3,2,2,20,0,0,108.3,,0,0,0,0,0,0,0,0,0,0.8,0.8,16038,False,sacked,PFR+RULE2PT+SCORE0,19671119-RAM-ATL,True,,True,True,,,0
Bill Munson,1967,15,1967-12-23,True,RAM,GNB,A,L,7,28,0,0,0,0,0,0,,0,0,0,0,0,0,0,0,0,0.0,0.0,16038,False,sacked,PFR+RULE2PT+SCORE0,19671223-RAM-GNB,True,,True,True,,,0
Bill Munson,1968,2,1968-09-22,False,DET,CHI,H,W,42,0,15,23,279,3,1,128.4,,4,23,1,0,0,0,0,0,,29.46,29.46,16038,False,sacked;fum_rec_td,PFR+RULE2PT,19680922-CHI-DET,False,fum_rec_td,False,True,fum_rec_td,,6
Bill Munson,1968,3,1968-09-29,False,DET,GNB,A,W,23,17,15,22,194,2,1,107.0,,3,7,0,0,0,0,0,0,0,14.46,14.46,16038,False,sacked,PFR+RULE2PT+SCORE0,19680929-DET-GNB,True,,True,True,,,0
Bill Munson,1968,4,1968-10-06,False,DET,MIN,A,L,10,24,13,18,196,1,0,126.2,,0,0,0,0,0,0,0,0,0,11.84,11.84,16038,False,sacked,PFR+RULE2PT+SCORE0,19681006-DET-MIN,True,,True,True,,,0
Bill Munson,1968,5,1968-10-13,False,DET,CHI,A,W,28,10,13,22,169,1,0,98.5,,4,18,0,0,0,0,0,0,0,12.56,12.56,16038,False,sacked,PFR+RULE2PT+SCORE0,19681013-DET-CHI,True,,True,True,,,0
Bill Munson,1968,6,1968-10-20,False,DET,GNB,H,T,14,14,9,13,105,2,0,133.0,,3,10,0,0,0,0,0,0,0,13.2,13.2,16038,False,sacked,PFR+RULE2PT+SCORE0,19681020-GNB-DET,True,,True,True,,,0
Bill Munson,1968,7,1968-10-27,False,DET,SFO,H,L,7,14,15,35,169,0,1,46.0,,3,3,0,0,0,0,0,0,,5.06,5.06,16038,False,sacked;fum_rec_td,PFR+RULE2PT,19681027-SFO-DET,False,fum_rec_td,False,True,fum_rec_td,,6
Bill Munson,1968,8,1968-11-03,False,DET,RAM,A,L,7,10,14,34,172,0,2,33.0,,3,11,0,0,0,0,0,0,0,3.98,3.98,16038,False,sacked,PFR+RULE2PT+SCORE0,19681103-DET-RAM,True,,True,True,,,0
Bill Munson,1968,9,1968-11-10,False,DET,BAL,H,L,10,27,26,37,262,1,0,99.2,,2,10,0,0,0,0,0,0,0,15.48,15.48,16038,False,sacked,PFR+RULE2PT+SCORE0,19681110-BAL-DET,True,,True,True,,,0
Bill Munson,1968,10,1968-11-17,False,DET,MIN,H,L,6,13,6,20,77,0,1,22.3,,0,0,0,0,0,0,0,0,0,1.08,1.08,16038,False,sacked,PFR+RULE2PT+SCORE0,19681117-MIN-DET,True,,True,True,,,0
Bill Munson,1968,11,1968-11-24,False,DET,NOR,H,T,20,20,14,41,189,2,1,55.8,,0,0,0,0,0,0,0,0,0,13.56,13.56,16038,False,sacked,PFR+RULE2PT+SCORE0,19681124-NOR-DET,True,,True,True,,,0
Bill Munson,1968,13,1968-12-08,False,DET,ATL,A,W,24,7,21,28,241,3,0,136.2,,0,0,0,0,0,0,0,0,0,21.64,21.64,16038,False,sacked,PFR+RULE2PT+SCORE0,19681208-DET-ATL,True,,True,True,,,0
Bill Munson,1968,14,1968-12-15,False,DET,WAS,A,L,3,14,20,36,258,0,1,66.7,,3,27,0,0,0,0,0,0,0,11.02,11.02,16038,False,sacked,PFR+RULE2PT+SCORE0,19681215-DET-WAS,True,,True,True,,,0
Bill Munson,1969,1,1969-09-21,False,DET,PIT,A,L,13,16,19,34,160,1,1,65.8,,0,0,0,0,0,0,0,0,0,8.4,8.4,16038,False,sacked,PFR+RULE2PT+SCORE0,19690921-DET-PIT,True,,True,True,,,0
Bill Munson,1969,2,1969-09-28,False,DET,NYG,H,W,24,0,10,22,124,1,1,59.7,,1,13,0,0,0,0,0,0,0,8.26,8.26,16038,False,sacked,PFR+RULE2PT+SCORE0,19690928-NYG-DET,True,,True,True,,,0
Bill Munson,1969,3,1969-10-05,False,DET,CLE,A,W,28,21,11,20,169,2,1,95.6,,2,13,0,0,0,0,0,0,0,14.06,14.06,16038,False,sacked,PFR+RULE2PT+SCORE0,19691005-DET-CLE,True,,True,True,,,0
Bill Munson,1969,4,1969-10-12,False,DET,GNB,H,L,17,28,8,16,80,0,3,25.0,,1,7,0,0,0,0,0,0,0,-2.1,-2.1,16038,False,sacked,PFR+RULE2PT+SCORE0,19691012-GNB-DET,True,,True,True,,,0
Bill Munson,1969,11,1969-11-27,False,DET,MIN,H,L,0,27,5,7,46,0,0,89.0,,0,0,0,0,0,0,0,0,0,1.84,1.84,16038,False,sacked,PFR+RULE2PT+SCORE0,19691127-MIN-DET,True,,True,True,,,0
Bill Munson,1969,12,1969-12-07,False,DET,BAL,A,T,17,17,13,31,185,0,0,61.9,,1,0,0,0,0,0,0,0,,7.4,7.4,16038,False,sacked;fum_rec_td,PFR+RULE2PT,19691207-DET-BAL,False,fum_rec_td,False,True,fum_rec_td,,6
Bill Munson,1969,13,1969-12-14,False,DET,RAM,H,W,28,0,8,17,192,2,1,103.1,,1,-2,0,0,0,0,0,0,0,13.48,13.48,16038,False,sacked,PFR+RULE2PT+SCORE2,19691214-RAM-DET,True,,True,True,,,2
Bill Munson,1969,14,1969-12-21,False,DET,CHI,A,W,20,3,10,19,106,1,1,64.8,,1,0,0,0,0,0,0,0,0,6.24,6.24,16038,False,sacked,PFR+RULE2PT+SCORE0,19691221-DET-CHI,True,,True,True,,,0
Cotton Davidson,1960,1,1960-09-10,False,DTX,LAC,A,L,20,21,22,40,230,2,1,78.1,,3,3,0,0,0,0,0,0,0,15.5,15.5,5141,False,sacked,PFR+SCORE0,19600910-DTX-LAC,True,,True,True,,,0
Cotton Davidson,1960,2,1960-09-16,False,DTX,OAK,A,W,34,16,14,25,196,2,0,108.1,,0,0,0,1,-1,0,0,0,0,15.74,16.74,5141,False,sacked,PFR+SCORE0,19600916-DTX-OAK,True,,True,True,,,0
Cotton Davidson,1960,3,1960-09-25,False,DTX,LAC,H,W,17,0,17,37,167,1,2,45.7,,2,4,0,0,0,0,0,0,0,12.08,12.08,5141,False,sacked,PFR+SCORE0,19600925-LAC-DTX,True,,True,True,,,0
Cotton Davidson,1960,4,1960-10-02,False,DTX,NYT,H,L,35,37,19,31,333,1,1,95.2,,1,1,1,0,0,0,0,,,21.42,21.42,5141,False,sacked;two_pt;fum_rec_td,PFR,19601002-NYT-DTX,False,two_pt;fum_rec_td,False,True,two_pt;fum_rec_td,,5
Cotton Davidson,1960,5,1960-10-09,False,DTX,OAK,H,L,19,20,13,30,166,1,2,44.6,,0,0,0,0,0,0,0,,,6.64,6.64,5141,False,sacked;two_pt;fum_rec_td,PFR,19601009-OAK-DTX,False,two_pt;fum_rec_td,False,True,two_pt;fum_rec_td,,6
Cotton Davidson,1960,6,1960-10-16,False,DTX,HOU,A,L,10,20,16,34,230,0,5,29.9,,3,13,0,0,0,0,0,0,0,0.5,0.5,5141,False,sacked,PFR+SCORE0,19601016-DTX-HOU,True,,True,True,,,0
Cotton Davidson,1960,7,1960-10-30,False,DTX,DEN,A,W,17,14,12,23,187,0,2,43.2,,0,0,0,0,0,0,0,0,0,3.48,3.48,5141,False,sacked,PFR+SCORE0,19601030-DTX-DEN,True,,True,True,,,0
Cotton Davidson,1960,8,1960-11-06,False,DTX,BUF,A,W,45,28,9,23,57,2,0,76.2,,0,0,0,0,0,0,0,,,10.28,10.28,5141,False,sacked;two_pt;fum_rec_td,PFR,19601106-DTX-BUF,False,two_pt;fum_rec_td,False,True,two_pt;fum_rec_td,,12
Cotton Davidson,1960,9,1960-11-13,False,DTX,DEN,H,W,34,7,7,18,115,1,0,79.6,,1,7,0,0,0,0,0,,,9.3,9.3,5141,False,sacked;two_pt;fum_rec_td,PFR,19601113-DEN-DTX,False,two_pt;fum_rec_td,False,True,two_pt;fum_rec_td,,6
Cotton Davidson,1960,10,1960-11-18,False,DTX,BOS,A,L,14,42,9,23,100,0,0,52.8,,1,2,0,0,0,0,0,0,0,4.2,4.2,5141,False,sacked,PFR+SCORE0,19601118-DTX-BOS,True,,True,True,,,0
Cotton Davidson,1960,11,1960-11-24,False,DTX,NYT,A,L,35,41,14,37,226,2,1,65.8,,0,0,0,0,0,0,0,,,15.04,15.04,5141,False,sacked;two_pt;fum_rec_td,PFR,19601124-DTX-NYT,False,two_pt;fum_rec_td,False,True,two_pt;fum_rec_td,,2
Cotton Davidson,1960,12,1960-12-04,False,DTX,HOU,H,W,24,0,0,0,0,0,0,0,,0,0,0,0,0,0,0,0,0,0.0,0.0,5141,False,sacked,PFR+SCORE0,19601204-HOU-DTX,True,,True,True,,,0
Cotton Davidson,1960,13,1960-12-11,False,DTX,BOS,H,W,34,0,9,21,133,1,2,40.5,,2,3,0,0,0,0,0,,,5.62,5.62,5141,False,sacked;two_pt;fum_rec_td,PFR,19601211-BOS-DTX,False,two_pt;fum_rec_td,False,True,two_pt;fum_rec_td,,6
Cotton Davidson,1960,14,1960-12-18,False,DTX,BUF,H,W,24,7,18,37,334,2,0,98.3,,1,3,0,0,0,0,0,0,0,21.66,21.66,5141,False,sacked,PFR+SCORE0,19601218-BUF-DTX,True,,True,True,,,0
Cotton Davidson,1961,1,1961-09-10,False,DTX,SDG,H,L,10,26,7,16,78,0,3,19.3,,1,1,0,0,0,0,0,0,0,-2.78,-2.78,5141,False,sacked,PFR+SCORE0,19610910-SDG-DTX,True,,True,True,,,0
Cotton Davidson,1961,2,1961-09-24,False,DTX,OAK,A,W,42,35,11,23,247,2,1,97.6,,0,0,0,0,0,0,0,,,15.88,15.88,5141,False,sacked;two_pt;fum_rec_td,PFR,19610924-DTX-OAK,False,two_pt;fum_rec_td,False,True,two_pt;fum_rec_td,,2
Cotton Davidson,1961,3,1961-10-01,False,DTX,HOU,H,W,26,21,8,21,130,0,0,59.6,,2,11,0,0,0,0,0,,,6.3,6.3,5141,False,sacked;two_pt;fum_rec_td,PFR,19611001-HOU-DTX,False,two_pt;fum_rec_td,False,True,two_pt;fum_rec_td,,2
Cotton Davidson,1961,4,1961-10-08,False,DTX,DEN,A,W,19,12,5,17,44,1,1,34.7,,1,2,0,0,0,0,0,0,0,3.96,3.96,5141,False,sacked,PFR+SCORE0,19611008-DTX-DEN,True,,True,True,,,0
Cotton Davidson,1961,5,1961-10-15,False,DTX,BUF,A,L,24,27,9,26,166,1,2,38.3,,0,0,0,0,0,0,0,0,0,6.64,6.64,5141,False,sacked,PFR+SCORE0,19611015-DTX-BUF,True,,True,True,,,0
Cotton Davidson,1961,6,1961-10-22,False,DTX,HOU,A,L,7,38,6,21,98,1,1,42.6,,3,63,0,0,0,0,0,0,0,12.22,12.22,5141,False,sacked,PFR+SCORE0,19611022-DTX-HOU,True,,True,True,,,0
Cotton Davidson,1961,7,1961-10-29,False,DTX,BOS,H,L,17,18,10,16,148,2,0,132.3,,0,0,0,0,0,0,0,0,0,13.92,13.92,5141,False,sacked,PFR+SCORE0,19611029-BOS-DTX,True,,True,True,,,0
Cotton Davidson,1961,8,1961-11-03,False,DTX,BOS,A,L,21,28,18,33,313,2,2,82.0,,1,1,0,0,0,0,0,0,0,16.62,16.62,5141,False,sacked,PFR+SCORE0,19611103-DTX-BOS,True,,True,True,,,0
Cotton Davidson,1961,9,1961-11-12,False,DTX,BUF,H,L,20,30,18,34,236,2,4,55.1,,1,-2,0,0,0,0,0,0,0,9.24,9.24,5141,False,sacked,PFR+SCORE0,19611112-BUF-DTX,True,,True,True,,,0
Cotton Davidson,1961,10,1961-11-19,False,DTX,SDG,A,L,14,24,14,33,165,1,3,30.5,,4,11,1,0,0,0,0,,,11.7,11.7,5141,False,sacked;two_pt;fum_rec_td,PFR,19611119-DTX-SDG,False,two_pt;fum_rec_td,False,True,two_pt;fum_rec_td,,2
Cotton Davidson,1961,11,1961-11-26,False,DTX,OAK,H,W,43,11,5,14,147,2,1,85.4,,1,12,0,0,0,0,0,,,18.08,18.08,5141,False,sacked;two_pt;fum_rec_td,PFR,19611126-OAK-DTX,False,two_pt;fum_rec_td,False,True,two_pt;fum_rec_td,,2
Cotton Davidson,1961,12,1961-12-03,False,DTX,NYT,A,L,7,28,13,34,272,1,4,37.5,,3,5,0,0,0,0,0,0,0,8.38,8.38,5141,False,sacked,PFR+SCORE0,19611203-DTX-NYT,True,,True,True,,,0
Cotton Davidson,1961,13,1961-12-10,False,DTX,DEN,H,W,49,21,18,27,275,2,0,124.8,,2,16,0,0,0,0,0,,,20.6,20.6,5141,False,sacked;two_pt;fum_rec_td,PFR,19611210-DEN-DTX,False,two_pt;fum_rec_td,False,True,two_pt;fum_rec_td,,13
Cotton Davidson,1961,14,1961-12-17,False,DTX,NYT,H,W,35,24,9,15,126,0,1,59.3,,2,3,0,0,0,0,0,,,3.34,3.34,5141,False,sacked;two_pt;fum_rec_td,PFR,19611217-NYT-DTX,False,two_pt;fum_rec_td,False,True,two_pt;fum_rec_td,,17
Cotton Davidson,1962,1,1962-09-08,False,DTX,BOS,H,W,42,28,0,0,0,0,0,0,,0,0,0,0,0,0,0,,,0.0,0.0,5141,False,sacked;two_pt;fum_rec_td,PFR,19620908-BOS-DTX,False,two_pt;fum_rec_td,False,True,two_pt;fum_rec_td,,6
Cotton Davidson,1962,1,1962-09-09,False,OAK,NYT,H,L,17,28,0,0,0,0,0,0,,0,0,0,0,0,0,0,0,0,0.0,0.0,5141,False,sacked,PFR+SCORE0,19620909-NYT-OAK,True,,True,True,,,0
Cotton Davidson,1962,2,1962-09-23,False,OAK,DTX,H,L,16,26,20,41,248,0,4,28.4,,1,10,1,0,0,0,0,0,0,8.92,8.92,5141,False,sacked,PFR+SCORE0,19620923-DTX-OAK,True,,True,True,,,0
Cotton Davidson,1962,3,1962-09-30,False,OAK,SDG,H,L,33,42,10,24,95,0,2,18.6,,2,9,0,0,0,0,0,,,0.7,0.7,5141,False,sacked;two_pt;fum_rec_td,PFR,19620930-SDG-OAK,False,two_pt;fum_rec_td,False,True,two_pt;fum_rec_td,,10
Cotton Davidson,1962,4,1962-10-05,False,OAK,DEN,A,L,7,44,5,17,103,0,1,27.8,,4,1,1,0,0,0,0,0,0,8.22,8.22,5141,False,sacked,PFR+SCORE0,19621005-OAK-DEN,True,,True,True,,,0
Cotton Davidson,1962,5,1962-10-14,False,OAK,DEN,H,L,6,23,2,10,22,0,1,0.0,,1,19,0,0,0,0,0,0,0,0.78,0.78,5141,False,sacked,PFR+SCORE0,19621014-DEN-OAK,True,,True,True,,,0
Cotton Davidson,1962,6,1962-10-20,False,OAK,BUF,A,L,6,14,9,28,143,0,2,20.4,,3,10,0,0,0,0,0,0,0,2.72,2.72,5141,False,sacked,PFR+SCORE0,19621020-OAK-BUF,True,,True,True,,,0
Cotton Davidson,1962,7,1962-10-26,False,OAK,BOS,A,L,16,26,11,26,206,1,1,67.1,,3,8,0,0,0,0,0,0,0,15.04,15.04,5141,False,sacked,PFR+SCORE0,19621026-OAK-BOS,True,,True,True,,,0
Cotton Davidson,1962,8,1962-11-04,False,OAK,NYT,A,L,21,31,12,34,176,1,2,38.4,,1,-17,0,0,0,0,0,0,0,8.34,8.34,5141,False,sacked,PFR+SCORE0,19621104-OAK-NYT,True,,True,True,,,0
Cotton Davidson,1962,9,1962-11-11,False,OAK,HOU,H,L,20,28,9,29,222,2,3,43.2,,3,2,0,0,0,0,0,0,0,11.08,11.08,5141,False,sacked,PFR+SCORE0,19621111-HOU-OAK,True,,True,True,,,0
Cotton Davidson,1962,10,1962-11-18,False,OAK,BUF,H,L,6,10,5,20,25,0,2,0.0,,2,-5,0,0,0,0,0,0,0,-3.5,-3.5,5141,False,sacked,PFR+SCORE0,19621118-BUF-OAK,True,,True,True,,,0
Cotton Davidson,1962,11,1962-11-25,False,OAK,DTX,A,L,7,35,6,12,86,0,0,73.6,,2,15,0,0,0,0,0,0,0,4.94,4.94,5141,False,sacked,PFR+SCORE0,19621125-OAK-DTX,True,,True,True,,,0
Cotton Davidson,1962,12,1962-12-02,False,OAK,SDG,A,L,21,31,10,25,273,2,2,74.2,,1,0,0,0,0,0,0,0,0,14.92,14.92,5141,False,sacked,PFR+SCORE0,19621202-OAK-SDG,True,,True,True,,,0
Cotton Davidson,1962,13,1962-12-09,False,OAK,HOU,A,L,17,32,11,32,148,0,2,24.0,,1,1,1,0,0,0,0,0,0,8.02,8.02,5141,False,sacked,PFR+SCORE0,19621209-OAK-HOU,True,,True,True,,,0
Cotton Davidson,1962,14,1962-12-16,False,OAK,BOS,H,W,20,0,9,23,230,1,1,72.7,,1,1,0,0,0,0,0,0,0,11.3,11.3,5141,False,sacked,PFR+SCORE0,19621216-BOS-OAK,True,,True,True,,,0
Cotton Davidson,1963,1,1963-09-07,False,OAK,HOU,A,W,24,13,6,25,57,0,2,6.2,,0,0,0,0,0,0,0,,,-1.72,-1.72,5141,False,sacked;two_pt;fum_rec_td,PFR,19630907-OAK-HOU,False,two_pt;fum_rec_td,False,True,two_pt;fum_rec_td,,6
Cotton Davidson,1963,2,1963-09-15,False,OAK,BUF,H,W,35,17,14,29,315,2,1,96.2,,3,2,1,0,0,0,0,,,24.8,24.8,5141,False,sacked;two_pt;fum_rec_td,PFR,19630915-BUF-OAK,False,two_pt;fum_rec_td,False,True,two_pt;fum_rec_td,,6
Cotton Davidson,1963,3,1963-09-22,False,OAK,BOS,H,L,14,20,5,17,63,0,1,18.0,,0,0,0,0,0,0,0,0,0,0.52,0.52,5141,False,sacked,PFR+SCORE0,19630922-BOS-OAK,True,,True,True,,,0
Cotton Davidson,1963,4,1963-09-28,False,OAK,NYJ,A,L,7,10,10,22,132,0,2,27.1,,3,23,1,0,0,0,0,0,0,9.58,9.58,5141,False,sacked,PFR+SCORE0,19630928-OAK-NYJ,True,,True,True,,,0
Cotton Davidson,1963,5,1963-10-05,False,OAK,BUF,A,L,0,12,7,24,113,0,2,12.0,,0,0,0,0,0,0,0,0,0,0.52,0.52,5141,False,sacked,PFR+SCORE0,19631005-OAK-BUF,True,,True,True,,,0
Cotton Davidson,1963,6,1963-10-11,False,OAK,BOS,A,L,14,20,0,0,0,0,0,0,,1,11,1,0,0,0,0,,,7.1,7.1,5141,False,sacked;two_pt;fum_rec_td,PFR,19631011-OAK-BOS,False,two_pt;fum_rec_td,False,True,two_pt;fum_rec_td,,6
Cotton Davidson,1963,7,1963-10-20,False,OAK,NYJ,H,W,49,26,9,15,160,3,1,108.3,,1,3,0,0,0,0,0,0,0,16.7,16.7,5141,False,sacked,PFR+SCORE0,19631020-NYJ-OAK,True,,True,True,,,0
Cotton Davidson,1963,8,1963-10-27,False,OAK,SDG,A,W,34,33,5,10,115,3,1,91.7,,5,27,0,0,0,0,0,0,0,17.3,17.3,5141,False,sacked,PFR+SCORE0,19631027-OAK-SDG,True,,True,True,,,0
Cotton Davidson,1963,9,1963-11-03,False,OAK,KAN,H,W,10,7,10,19,136,0,0,75.8,,2,9,0,0,0,0,0,0,0,6.34,6.34,5141,False,sacked,PFR+SCORE0,19631103-KAN-OAK,True,,True,True,,,0
Cotton Davidson,1963,11,1963-11-28,False,OAK,DEN,A,W,26,10,5,16,90,1,0,72.4,,2,17,0,0,0,0,0,,,9.3,9.3,5141,False,sacked;two_pt;fum_rec_td,PFR,19631128-OAK-DEN,False,two_pt;fum_rec_td,False,True,two_pt;fum_rec_td,,8
Cotton Davidson,1963,12,1963-12-08,False,OAK,SDG,H,W,41,27,6,17,95,2,0,94.0,,7,41,1,0,0,0,0,0,0,21.9,21.9,5141,False,sacked,PFR+SCORE0,19631208-SDG-OAK,True,,True,True,,,0
Cotton Davidson,1964,2,1964-09-19,False,OAK,HOU,A,L,28,42,11,22,176,2,1,88.4,,2,42,0,0,0,0,0,0,0,17.24,17.24,5141,False,sacked,PFR+SCORE0,19640919-OAK-HOU,True,,True,True,,,0
Cotton Davidson,1964,3,1964-09-27,False,OAK,KAN,H,L,9,21,9,19,135,0,1,49.2,,5,29,0,0,0,0,0,0,0,6.3,6.3,5141,False,sacked,PFR+SCORE0,19640927-KAN-OAK,True,,True,True,,,0
Cotton Davidson,1964,4,1964-10-03,False,OAK,BUF,A,L,20,23,14,24,175,1,2,60.2,,5,23,1,0,0,0,0,0,0,15.3,15.3,5141,False,sacked,PFR+SCORE0,19641003-OAK-BUF,True,,True,True,,,0
Cotton Davidson,1964,5,1964-10-10,False,OAK,NYJ,A,L,13,35,15,33,282,1,2,60.4,,3,-3,0,0,0,0,0,0,0,10.98,10.98,5141,False,sacked,PFR+SCORE0,19641010-OAK-NYJ,True,,True,True,,,0
Cotton Davidson,1964,6,1964-10-16,False,OAK,BOS,A,T,43,43,16,34,337,4,1,109.6,,2,1,0,0,0,0,0,0,0,27.58,27.58,5141,False,sacked,PFR+SCORE0,19641016-OAK-BOS,True,,True,True,,,0
Cotton Davidson,1964,7,1964-10-25,False,OAK,DEN,H,W,40,7,23,36,427,5,1,132.8,,0,0,0,0,0,0,0,,,35.08,35.08,5141,False,sacked;two_pt;fum_rec_td,PFR,19641025-DEN-OAK,False,two_pt;fum_rec_td,False,True,two_pt;fum_rec_td,,2
Cotton Davidson,1964,8,1964-11-01,False,OAK,SDG,A,L,17,31,19,45,317,2,6,41.9,,1,-3,0,0,0,0,0,0,0,8.38,8.38,5141,False,sacked,PFR+SCORE0,19641101-OAK-SDG,True,,True,True,,,0
Cotton Davidson,1964,9,1964-11-08,False,OAK,KAN,A,L,7,42,15,32,133,1,1,55.9,,2,8,0,0,0,0,0,0,0,8.12,8.12,5141,False,sacked,PFR+SCORE0,19641108-OAK-KAN,True,,True,True,,,0
Cotton Davidson,1964,10,1964-11-15,False,OAK,HOU,H,W,20,10,9,30,109,2,1,50.6,,3,44,0,0,0,0,0,0,0,14.76,14.76,5141,False,sacked,PFR+SCORE0,19641115-HOU-OAK,True,,True,True,,,0
Cotton Davidson,1964,11,1964-11-22,False,OAK,NYJ,H,W,35,26,20,35,358,3,3,85.2,,4,15,1,0,0,0,0,0,0,27.82,27.82,5141,False,sacked,PFR+SCORE0,19641122-NYJ-OAK,True,,True,True,,,0
Cotton Davidson,1964,13,1964-12-06,False,OAK,BUF,H,W,16,13,4,11,48,0,0,50.6,,1,19,0,0,0,0,0,0,0,3.82,3.82,5141,False,sacked,PFR+SCORE0,19641206-BUF-OAK,True,,True,True,,,0
Cotton Davidson,1965,5,1965-10-08,False,OAK,BOS,A,W,24,10,1,1,8,0,0,100.0,,0,0,0,0,0,0,0,0,0,0.32,0.32,5141,False,sacked,PFR+SCORE0,19651008-OAK-BOS,True,,True,True,,,0
Cotton Davidson,1966,1,1966-09-02,False,OAK,MIA,A,W,23,14,7,19,80,0,3,10.7,,2,-4,0,0,0,0,0,0,0,-3.2,-3.2,5141,False,sacked,PFR+SCORE0,19660902-OAK-MIA,True,,True,True,,,0
Cotton Davidson,1966,2,1966-09-10,False,OAK,HOU,A,L,0,31,18,34,197,0,1,58.1,,1,5,0,0,0,0,0,0,0,6.38,6.38,5141,False,sacked,PFR+SCORE0,19660910-OAK-HOU,True,,True,True,,,0
Cotton Davidson,1966,3,1966-09-18,False,OAK,KAN,H,L,10,32,18,42,200,1,2,45.7,,0,0,0,0,0,0,0,0,0,8.0,8.0,5141,False,sacked,PFR+SCORE0,19660918-KAN-OAK,True,,True,True,,,0
Cotton Davidson,1966,4,1966-09-25,False,OAK,SDG,H,L,20,29,5,14,96,0,3,20.8,,0,0,0,0,0,0,0,0,0,-2.16,-2.16,5141,False,sacked,PFR+SCORE0,19660925-SDG-OAK,True,,True,True,,,0
Cotton Davidson,1966,8,1966-10-30,False,OAK,BOS,A,L,21,24,11,30,197,1,2,43.3,,3,-12,0,0,0,0,0,0,0,6.68,6.68,5141,False,sacked,PFR+SCORE0,19661030-OAK-BOS,True,,True,True,,,0
Cotton Davidson,1968,9,1968-11-10,False,OAK,DEN,A,W,43,7,1,2,4,0,0,56.2,,0,0,0,0,0,0,0,,,0.16,0.16,5141,False,sacked;two_pt;fum_rec_td,PFR,19681110-OAK-DEN,False,two_pt;fum_rec_td,False,True,two_pt;fum_rec_td,,2
Mike Livingston,1968,4,1968-09-28,False,KAN,MIA,A,W,48,3,0,0,0,0,0,0,,2,2,0,0,0,0,0,,,0.2,0.2,13448,False,sacked;two_pt;fum_rec_td,PFR,19680928-KAN-MIA,False,two_pt;fum_rec_td,False,True,two_pt;fum_rec_td,,6
Mike Livingston,1969,3,1969-09-28,False,KAN,CIN,A,L,19,24,9,17,99,0,0,70.5,,2,7,0,0,0,0,0,0,0,4.66,4.66,13448,False,sacked,PFR+SCORE0,19690928-KAN-CIN,True,,True,True,,,0
Mike Livingston,1969,4,1969-10-05,False,KAN,DEN,A,W,26,13,14,27,214,0,0,78.3,,0,0,0,0,0,0,0,,,8.56,8.56,13448,False,sacked;two_pt;fum_rec_td,PFR,19691005-KAN-DEN,False,two_pt;fum_rec_td,False,True,two_pt;fum_rec_td,,6
Mike Livingston,1969,5,1969-10-12,False,KAN,HOU,H,W,24,0,8,15,61,0,1,35.7,,3,51,0,0,0,0,0,,,5.54,5.54,13448,False,sacked;two_pt;fum_rec_td,PFR,19691012-HOU-KAN,False,two_pt;fum_rec_td,False,True,two_pt;fum_rec_td,,6
Mike Livingston,1969,6,1969-10-19,False,KAN,MIA,H,W,17,10,17,34,308,1,1,79.0,,2,4,0,0,0,0,0,0,0,14.72,14.72,13448,False,sacked,PFR+SCORE0,19691019-MIA-KAN,True,,True,True,,,0
Mike Livingston,1969,7,1969-10-26,False,KAN,CIN,H,W,42,22,15,25,208,3,2,93.0,,2,-3,0,0,0,0,0,,,16.02,16.02,13448,False,sacked;two_pt;fum_rec_td,PFR,19691026-CIN-KAN,False,two_pt;fum_rec_td,False,True,two_pt;fum_rec_td,,6
Mike Livingston,1969,8,1969-11-02,False,KAN,BUF,A,W,29,7,2,8,15,0,1,0.0,,0,0,0,0,0,0,0,0,0,-1.4,-1.4,13448,False,sacked,PFR+SCORE0,19691102-KAN-BUF,True,,True,True,,,0
Mike Livingston,1969,9,1969-11-09,False,KAN,SDG,H,W,27,3,2,4,26,0,0,70.8,,1,16,0,0,0,0,0,0,0,2.64,2.64,13448,False,sacked,PFR+SCORE0,19691109-SDG-KAN,True,,True,True,,,0
Mike Livingston,1969,12,1969-11-27,False,KAN,DEN,H,W,31,17,4,8,50,0,1,30.2,,2,10,0,0,0,0,0,,,1.0,1.0,13448,False,sacked;two_pt;fum_rec_td,PFR,19691127-DEN-KAN,False,two_pt;fum_rec_td,False,True,two_pt;fum_rec_td,,6
Mike Livingston,1969,13,1969-12-07,False,KAN,BUF,H,W,22,19,13,23,142,0,0,74.9,,3,17,0,0,0,0,0,0,0,7.38,7.38,13448,False,sacked,PFR+SCORE0,19691207-BUF-KAN,True,,True,True,,,0
Mike Livingston,1969,19,1970-01-11,True,KAN,MIN,N,W,23,7,0,0,0,0,0,0,,0,0,0,0,0,0,0,0,0,0.0,0.0,13448,False,sacked,PFR+SCORE0,19700111-KAN-MIN-N,True,,True,True,,,0
Zeke Bratkowski,1960,1,1960-09-25,False,CHI,GNB,A,W,17,14,13,24,178,0,2,43.4,,1,1,0,0,0,0,0,0,0,3.22,3.22,2289,False,sacked,PFR+RULE2PT+SCORE0,19600925-CHI-GNB,True,,True,True,,,0
Zeke Bratkowski,1960,2,1960-10-02,False,CHI,BAL,A,L,7,42,12,28,178,1,7,36.6,,2,11,0,0,0,0,0,0,0,-1.78,-1.78,2289,False,sacked,PFR+RULE2PT+SCORE0,19601002-CHI-BAL,True,,True,True,,,0
Zeke Bratkowski,1960,4,1960-10-16,False,CHI,SFO,H,W,27,10,1,1,2,0,0,79.2,,0,0,0,0,0,0,0,0,,0.08,0.08,2289,False,sacked;fum_rec_td,PFR+RULE2PT,19601016-SFO-CHI,False,fum_rec_td,False,True,fum_rec_td,,6
Zeke Bratkowski,1960,5,1960-10-23,False,CHI,RAM,A,T,24,24,18,35,248,3,1,91.1,,2,18,0,0,0,0,0,0,0,21.72,21.72,2289,False,sacked,PFR+RULE2PT+SCORE0,19601023-CHI-RAM,True,,True,True,,,0
Zeke Bratkowski,1960,6,1960-10-30,False,CHI,SFO,A,L,7,25,5,11,60,0,0,62.7,,0,0,0,0,0,0,0,0,0,2.4,2.4,2289,False,sacked,PFR+RULE2PT+SCORE0,19601030-CHI-SFO,True,,True,True,,,0
Zeke Bratkowski,1960,7,1960-11-13,False,CHI,BAL,H,L,20,24,10,13,104,0,0,99.5,,0,0,0,0,0,0,0,0,0,4.16,4.16,2289,False,sacked,PFR+RULE2PT+SCORE0,19601113-BAL-CHI,True,,True,True,,,0
Zeke Bratkowski,1960,8,1960-11-20,False,CHI,DET,H,W,28,7,9,14,82,1,2,64.3,,0,0,0,0,0,0,0,0,0,3.28,3.28,2289,False,sacked,PFR+RULE2PT+SCORE0,19601120-DET-CHI,True,,True,True,,,0
Zeke Bratkowski,1960,9,1960-11-27,False,CHI,DAL,H,W,17,7,3,7,20,0,1,10.7,,0,0,0,0,0,0,0,0,0,-1.2,-1.2,2289,False,sacked,PFR+RULE2PT+SCORE0,19601127-DAL-CHI,True,,True,True,,,0
Zeke Bratkowski,1960,10,1960-12-04,False,CHI,GNB,H,L,13,41,9,19,151,1,2,52.6,,2,-8,0,0,0,0,0,0,0,5.24,5.24,2289,False,sacked,PFR+RULE2PT+SCORE0,19601204-GNB-CHI,True,,True,True,,,0
Zeke Bratkowski,1960,11,1960-12-11,False,CHI,CLE,A,L,0,42,5,16,27,0,5,1.0,,1,-2,0,0,0,0,0,0,0,-9.12,-9.12,2289,False,sacked,PFR+RULE2PT+SCORE0,19601211-CHI-CLE,True,,True,True,,,0
Zeke Bratkowski,1960,12,1960-12-18,False,CHI,DET,A,L,0,36,2,7,1,0,1,0.0,,0,0,0,0,0,0,0,0,0,-1.96,-1.96,2289,False,sacked,PFR+RULE2PT+SCORE0,19601218-CHI-DET,True,,True,True,,,0
Zeke Bratkowski,1961,1,1961-09-17,False,RAM,BAL,A,L,24,27,10,17,140,2,0,124.6,,4,10,1,0,0,0,0,0,0,20.6,20.6,2289,False,sacked,PFR+RULE2PT+SCORE0,19610917-RAM-BAL,True,,True,True,,,0
Zeke Bratkowski,1961,2,1961-09-23,False,RAM,CHI,H,L,17,21,18,29,245,0,2,60.3,,1,9,0,0,0,0,0,0,0,6.7,6.7,2289,False,sacked,PFR+RULE2PT+SCORE0,19610923-CHI-RAM,True,,True,True,,,0
Zeke Bratkowski,1961,3,1961-10-01,False,RAM,PIT,H,W,24,14,6,9,31,0,1,32.4,,2,-1,1,0,0,0,0,0,0,5.14,5.14,2289,False,sacked,PFR+RULE2PT+SCORE0,19611001-PIT-RAM,True,,True,True,,,0
Zeke Bratkowski,1961,4,1961-10-08,False,RAM,SFO,A,L,0,35,5,13,62,0,1,22.0,,1,1,0,0,0,0,0,0,0,0.58,0.58,2289,False,sacked,PFR+RULE2PT+SCORE0,19611008-RAM-SFO,True,,True,True,,,0
Zeke Bratkowski,1961,5,1961-10-15,False,RAM,DET,A,L,13,14,5,14,34,0,2,4.8,,0,0,0,0,0,0,0,0,0,-2.64,-2.64,2289,False,sacked,PFR+RULE2PT+SCORE0,19611015-RAM-DET,True,,True,True,,,0
Zeke Bratkowski,1961,6,1961-10-22,False,RAM,NYG,A,L,14,24,1,4,12,0,0,39.6,,1,0,0,0,0,0,0,0,0,0.48,0.48,2289,False,sacked,PFR+RULE2PT+SCORE0,19611022-RAM-NYG,True,,True,True,,,0
Zeke Bratkowski,1961,8,1961-11-05,False,RAM,MIN,H,W,31,17,3,10,31,0,0,40.0,,0,0,0,0,0,0,0,0,0,1.24,1.24,2289,False,sacked,PFR+RULE2PT+SCORE0,19611105-MIN-RAM,True,,True,True,,,0
Zeke Bratkowski,1961,9,1961-11-12,False,RAM,SFO,H,W,17,7,7,10,76,0,0,92.1,,1,1,1,0,0,0,0,0,0,9.14,9.14,2289,False,sacked,PFR+RULE2PT+SCORE0,19611112-SFO-RAM,True,,True,True,,,0
Zeke Bratkowski,1961,10,1961-11-19,False,RAM,GNB,A,L,17,35,8,12,68,0,0,81.2,,0,0,0,0,0,0,0,0,0,2.72,2.72,2289,False,sacked,PFR+RULE2PT+SCORE0,19611119-RAM-GNB,True,,True,True,,,0
Zeke Bratkowski,1961,11,1961-11-26,False,RAM,CHI,A,L,24,28,16,33,322,3,2,88.2,,1,0,0,0,0,0,0,0,0,20.88,20.88,2289,False,sacked,PFR+RULE2PT+SCORE0,19611126-RAM-CHI,True,,True,True,,,0
Zeke Bratkowski,1961,12,1961-12-03,False,RAM,MIN,A,L,21,42,12,23,153,1,3,48.2,,0,0,0,0,0,0,0,0,0,4.12,4.12,2289,False,sacked,PFR+RULE2PT+SCORE0,19611203-RAM-MIN,True,,True,True,,,0
Zeke Bratkowski,1961,13,1961-12-09,False,RAM,BAL,H,W,34,17,14,23,211,2,0,120.0,,1,16,0,0,0,0,0,0,0,18.04,18.04,2289,False,sacked,PFR+RULE2PT+SCORE0,19611209-BAL-RAM,True,,True,True,,,0
Zeke Bratkowski,1961,14,1961-12-17,False,RAM,GNB,H,L,17,24,19,33,162,0,2,45.3,,0,0,0,0,0,0,0,0,0,2.48,2.48,2289,False,sacked,PFR+RULE2PT+SCORE0,19611217-GNB-RAM,True,,True,True,,,0
Zeke Bratkowski,1962,1,1962-09-16,False,RAM,BAL,A,L,27,30,15,32,261,1,2,59.5,,0,0,0,0,0,0,0,0,0,10.44,10.44,2289,False,sacked,PFR+RULE2PT+SCORE0,19620916-RAM-BAL,True,,True,True,,,0
Zeke Bratkowski,1962,2,1962-09-23,False,RAM,CHI,H,L,23,27,16,31,264,1,3,51.7,,5,15,0,0,0,0,0,0,0,10.06,10.06,2289,False,sacked,PFR+RULE2PT+SCORE0,19620923-CHI-RAM,True,,True,True,,,0
Zeke Bratkowski,1962,3,1962-09-30,False,RAM,DAL,H,L,17,27,16,35,185,1,1,59.8,,0,0,0,0,0,0,0,0,0,9.4,9.4,2289,False,sacked,PFR+RULE2PT+SCORE0,19620930-DAL-RAM,True,,True,True,,,0
Zeke Bratkowski,1962,4,1962-10-07,False,RAM,WAS,A,L,14,20,10,16,120,1,1,80.2,,0,0,0,0,0,0,0,0,0,6.8,6.8,2289,False,sacked,PFR+RULE2PT+SCORE0,19621007-RAM-WAS,True,,True,True,,,0
Zeke Bratkowski,1962,5,1962-10-14,False,RAM,DET,A,L,10,13,1,9,37,1,1,41.7,,0,0,0,0,0,0,0,0,0,3.48,3.48,2289,False,sacked,PFR+RULE2PT+SCORE0,19621014-RAM-DET,True,,True,True,,,0
Zeke Bratkowski,1962,6,1962-10-21,False,RAM,MIN,H,L,14,38,7,17,99,1,3,40.7,,0,0,0,0,0,0,0,0,0,1.96,1.96,2289,False,sacked,PFR+RULE2PT+SCORE0,19621021-MIN-RAM,True,,True,True,,,0
Zeke Bratkowski,1962,7,1962-10-28,False,RAM,SFO,A,W,28,14,10,17,144,1,0,106.0,,1,0,0,0,0,0,0,0,,9.76,9.76,2289,False,sacked;fum_rec_td,PFR+RULE2PT,19621028-RAM-SFO,False,fum_rec_td,False,True,fum_rec_td,,6
Zeke Bratkowski,1962,8,1962-11-04,False,RAM,DET,H,L,3,12,14,26,149,0,1,54.8,,0,0,0,0,0,0,0,0,0,3.96,3.96,2289,False,sacked,PFR+RULE2PT+SCORE0,19621104-DET-RAM,True,,True,True,,,0
Zeke Bratkowski,1962,9,1962-11-11,False,RAM,BAL,H,L,2,14,9,18,78,0,1,38.7,,0,0,0,0,0,0,0,0,0,1.12,1.12,2289,False,sacked,PFR+RULE2PT+SCORE2,19621111-BAL-RAM,True,,True,True,,,2
Zeke Bratkowski,1962,10,1962-11-18,False,RAM,SFO,H,L,17,24,8,12,149,2,1,114.2,,1,-1,0,0,0,0,0,0,0,11.86,11.86,2289,False,sacked,PFR+RULE2PT+SCORE0,19621118-SFO-RAM,True,,True,True,,,0
Zeke Bratkowski,1962,11,1962-11-25,False,RAM,MIN,A,T,24,24,2,2,31,0,0,118.7,,0,0,0,0,0,0,0,0,0,1.24,1.24,2289,False,sacked,PFR+RULE2PT+SCORE0,19621125-RAM-MIN,True,,True,True,,,0
Zeke Bratkowski,1962,13,1962-12-09,False,RAM,CHI,A,L,14,30,2,4,24,0,2,29.2,,0,0,0,0,0,0,0,0,,-3.04,-3.04,2289,False,sacked;fum_rec_td,PFR+RULE2PT,19621209-RAM-CHI,False,fum_rec_td,False,True,fum_rec_td,,6
Zeke Bratkowski,1963,2,1963-09-21,False,RAM,WAS,H,L,14,37,15,30,221,1,1,71.7,,1,-1,0,0,0,0,0,0,0,10.74,10.74,2289,False,sacked,PFR+RULE2PT+SCORE0,19630921-WAS-RAM,True,,True,True,,,0
Zeke Bratkowski,1963,3,1963-09-29,False,RAM,CLE,A,L,6,20,8,14,85,0,1,45.2,,0,0,0,0,0,0,0,0,0,1.4,1.4,2289,False,sacked,PFR+RULE2PT+SCORE0,19630929-RAM-CLE,True,,True,True,,,0
Zeke Bratkowski,1963,4,1963-10-06,False,RAM,GNB,A,L,10,42,8,16,46,1,0,77.1,,1,1,0,0,0,0,0,0,0,5.94,5.94,2289,False,sacked,PFR+RULE2PT+SCORE0,19631006-RAM-GNB,True,,True,True,,,0
Zeke Bratkowski,1963,5,1963-10-13,False,RAM,CHI,H,L,14,52,14,22,119,1,4,53.2,,1,-1,0,0,0,0,0,0,0,0.66,0.66,2289,False,sacked,PFR+RULE2PT+SCORE0,19631013-CHI-RAM,True,,True,True,,,0
Zeke Bratkowski,1963,9,1963-11-10,False,GNB,MIN,H,W,28,7,1,1,10,1,0,147.9,,0,0,0,0,0,0,0,0,0,4.4,4.4,2289,False,sacked,PFR+RULE2PT+SCORE0,19631110-MIN-GNB,True,,True,True,,,0
Zeke Bratkowski,1963,10,1963-11-17,False,GNB,CHI,A,L,7,26,3,10,86,0,3,23.3,,1,-2,0,0,0,0,0,0,0,-2.76,-2.76,2289,False,sacked,PFR+RULE2PT+SCORE0,19631117-GNB-CHI,True,,True,True,,,0
Zeke Bratkowski,1964,3,1964-09-28,False,GNB,DET,A,W,14,10,2,5,30,0,0,60.4,,2,0,0,0,0,0,0,0,0,1.2,1.2,2289,False,sacked,PFR+RULE2PT+SCORE0,19640928-GNB-DET,True,,True,True,,,0
Zeke Bratkowski,1964,7,1964-10-25,False,GNB,RAM,H,L,17,27,0,2,0,0,0,39.6,,0,0,0,0,0,0,0,0,,0.0,0.0,2289,False,sacked;fum_rec_td,PFR+RULE2PT,19641025-RAM-GNB,False,fum_rec_td,False,True,fum_rec_td,,6
Zeke Bratkowski,1964,10,1964-11-15,False,GNB,SFO,A,L,14,24,16,25,228,1,1,90.1,,0,0,0,0,0,0,0,0,0,11.12,11.12,2289,False,sacked,PFR+RULE2PT+SCORE0,19641115-GNB-SFO,True,,True,True,,,0
Zeke Bratkowski,1964,12,1964-11-29,False,GNB,DAL,A,W,45,21,1,1,19,0,0,118.7,,0,0,0,0,0,0,0,0,,0.76,0.76,2289,False,sacked;fum_rec_td,PFR+RULE2PT,19641129-GNB-DAL,False,fum_rec_td,False,True,fum_rec_td,,12
Zeke Bratkowski,1964,14,1964-12-13,False,GNB,RAM,A,T,24,24,0,3,0,0,0,39.6,,0,0,0,0,0,0,0,0,0,0.0,0.0,2289,False,sacked,PFR+RULE2PT+SCORE0,19641213-GNB-RAM,True,,True,True,,,0
Zeke Bratkowski,1965,2,1965-09-26,False,GNB,BAL,H,W,20,17,5,9,73,1,0,119.2,,2,1,0,0,0,0,0,0,,7.02,7.02,2289,False,sacked;fum_rec_td,PFR+RULE2PT,19650926-BAL-GNB,False,fum_rec_td,False,True,fum_rec_td,,6
Zeke Bratkowski,1965,7,1965-10-31,False,GNB,CHI,A,L,10,31,2,5,9,0,0,47.9,,0,0,0,0,0,0,0,0,0,0.36,0.36,2289,False,sacked,PFR+RULE2PT+SCORE0,19651031-GNB-CHI,True,,True,True,,,0
Zeke Bratkowski,1965,9,1965-11-14,False,GNB,RAM,H,W,6,3,2,3,28,0,0,96.5,,1,-1,0,0,0,0,0,0,0,1.02,1.02,2289,False,sacked,PFR+RULE2PT+SCORE0,19651114-RAM-GNB,True,,True,True,,,0
Zeke Bratkowski,1965,11,1965-11-28,False,GNB,RAM,A,L,10,21,6,12,148,1,1,88.2,,0,0,0,0,0,0,0,0,0,7.92,7.92,2289,False,sacked,PFR+RULE2PT+SCORE0,19651128-GNB-RAM,True,,True,True,,,0
Zeke Bratkowski,1965,12,1965-12-05,False,GNB,MIN,H,W,24,19,6,19,90,1,3,26.1,,1,-1,0,0,0,0,0,0,0,1.5,1.5,2289,False,sacked,PFR+RULE2PT+SCORE0,19651205-MIN-GNB,True,,True,True,,,0
Zeke Bratkowski,1965,15,1965-12-26,True,GNB,BAL,H,W,13,10,22,39,248,0,2,54.2,,0,0,0,0,0,0,0,0,0,5.92,5.92,2289,False,sacked,PFR+RULE2PT+SCORE0,19651226-BAL-GNB,True,,True,True,,,0
Zeke Bratkowski,1965,16,1966-01-02,True,GNB,CLE,H,W,23,12,0,0,0,0,0,0,,0,0,0,0,0,0,0,0,0,0.0,0.0,2289,False,sacked,PFR+RULE2PT+SCORE0,19660102-CLE-GNB,True,,True,True,,,0
Zeke Bratkowski,1966,7,1966-10-23,False,GNB,ATL,H,W,56,3,2,6,31,1,0,91.0,,0,0,0,0,0,0,0,0,,5.24,5.24,2289,False,sacked;fum_rec_td,PFR+RULE2PT,19661023-ATL-GNB,False,fum_rec_td,False,True,fum_rec_td,,12
Zeke Bratkowski,1966,8,1966-10-30,False,GNB,DET,A,W,31,7,2,2,16,0,0,100.0,,0,0,0,0,0,0,0,0,0,0.64,0.64,2289,False,sacked,PFR+RULE2PT+SCORE0,19661030-GNB-DET,True,,True,True,,,0
Zeke Bratkowski,1966,10,1966-11-20,False,GNB,CHI,H,W,13,6,14,25,190,2,1,90.4,,2,0,0,0,0,0,0,0,0,13.6,13.6,2289,False,sacked,PFR+RULE2PT+SCORE0,19661120-CHI-GNB,True,,True,True,,,0
Zeke Bratkowski,1966,13,1966-12-10,False,GNB,BAL,A,W,14,10,5,8,87,0,0,99.5,,1,3,0,0,0,0,0,0,0,3.78,3.78,2289,False,sacked,PFR+RULE2PT+SCORE0,19661210-GNB-BAL,True,,True,True,,,0
Zeke Bratkowski,1966,14,1966-12-18,False,GNB,RAM,A,W,27,23,13,23,245,1,1,89.9,,1,4,0,0,0,0,0,0,,12.2,12.2,2289,False,sacked;fum_rec_td,PFR+RULE2PT,19661218-GNB-RAM,False,fum_rec_td,False,True,fum_rec_td,,6
Zeke Bratkowski,1966,16,1967-01-15,True,GNB,KAN,N,W,35,10,0,1,0,0,0,39.6,,0,0,0,0,0,0,0,0,0,0.0,0.0,2289,False,sacked,PFR+SCORE0,19670115-GNB-KAN-N,True,,True,True,,,0
Zeke Bratkowski,1967,3,1967-10-01,False,GNB,ATL,H,W,23,0,15,26,214,2,2,78.0,,1,-1,0,0,0,0,0,0,0,12.46,12.46,2289,False,sacked,PFR+RULE2PT+SCORE2,19671001-ATL-GNB,True,,True,True,,,2
Zeke Bratkowski,1967,4,1967-10-08,False,GNB,DET,A,W,27,17,12,19,154,2,2,84.0,,2,3,0,0,0,0,0,0,,10.46,10.46,2289,False,sacked;fum_rec_td,PFR+RULE2PT,19671008-GNB-DET,False,fum_rec_td,False,True,fum_rec_td,,6
Zeke Bratkowski,1967,5,1967-10-15,False,GNB,MIN,H,L,7,10,15,25,240,1,3,65.8,,0,0,0,0,0,0,0,0,0,7.6,7.6,2289,False,sacked,PFR+RULE2PT+SCORE0,19671015-MIN-GNB,True,,True,True,,,0
Zeke Bratkowski,1967,10,1967-11-19,False,GNB,SFO,H,W,13,0,9,18,103,0,1,44.4,,2,4,0,0,0,0,0,0,0,2.52,2.52,2289,False,sacked,PFR+RULE2PT+SCORE0,19671119-SFO-GNB,True,,True,True,,,0
Zeke Bratkowski,1967,14,1967-12-17,False,GNB,PIT,H,L,17,24,2,6,13,0,1,2.8,,0,0,0,0,0,0,0,0,0,-1.48,-1.48,2289,False,sacked,PFR+RULE2PT+SCORE0,19671217-PIT-GNB,True,,True,True,,,0
Zeke Bratkowski,1967,15,1967-12-23,True,GNB,RAM,H,W,28,7,0,0,0,0,0,0,,0,0,0,0,0,0,0,0,0,0.0,0.0,2289,False,sacked,PFR+RULE2PT+SCORE0,19671223-RAM-GNB,True,,True,True,,,0
Zeke Bratkowski,1967,17,1968-01-14,True,GNB,OAK,N,W,33,14,0,0,0,0,0,0,,0,0,0,0,0,0,0,,,0.0,0.0,2289,False,sacked;two_pt;fum_rec_td,PFR,19680114-GNB-OAK-N,False,two_pt;fum_rec_td,False,True,two_pt;fum_rec_td,,6
Zeke Bratkowski,1968,4,1968-10-06,False,GNB,ATL,A,W,38,7,2,4,47,0,0,92.7,,0,0,0,0,0,0,0,0,0,1.88,1.88,2289,False,sacked,PFR+RULE2PT+SCORE0,19681006-GNB-ATL,True,,True,True,,,0
Zeke Bratkowski,1968,5,1968-10-13,False,GNB,RAM,H,L,14,16,13,28,139,0,3,21.9,,0,0,0,0,0,0,0,0,0,-0.44,-0.44,2289,False,sacked,PFR+RULE2PT+SCORE0,19681013-RAM-GNB,True,,True,True,,,0
Zeke Bratkowski,1968,6,1968-10-20,False,GNB,DET,A,T,14,14,9,16,102,1,0,96.4,,2,20,0,0,0,0,0,0,0,10.08,10.08,2289,False,sacked,PFR+RULE2PT+SCORE0,19681020-GNB-DET,True,,True,True,,,0
Zeke Bratkowski,1968,9,1968-11-10,False,GNB,MIN,A,L,10,14,1,4,13,0,0,40.6,,0,0,0,0,0,0,0,0,0,0.52,0.52,2289,False,sacked,PFR+RULE2PT+SCORE0,19681110-GNB-MIN,True,,True,True,,,0
Zeke Bratkowski,1968,10,1968-11-17,False,GNB,NOR,H,W,29,7,4,7,41,0,0,74.1,,0,0,0,0,0,0,0,0,,1.64,1.64,2289,False,sacked;fum_rec_td,PFR+RULE2PT,19681117-NOR-GNB,False,fum_rec_td,False,True,fum_rec_td,,6
Zeke Bratkowski,1968,11,1968-11-24,False,GNB,WAS,A,W,27,7,18,24,230,1,2,83.7,,1,6,0,0,0,0,0,0,0,9.8,9.8,2289,False,sacked,PFR+RULE2PT+SCORE0,19681124-GNB-WAS,True,,True,True,,,0
Zeke Bratkowski,1968,12,1968-12-01,False,GNB,SFO,A,L,20,27,7,17,78,0,1,31.0,,1,7,0,0,0,0,0,0,0,1.82,1.82,2289,False,sacked,PFR+RULE2PT+SCORE0,19681201-GNB-SFO,True,,True,True,,,0
Zeke Bratkowski,1968,13,1968-12-07,False,GNB,BAL,H,L,3,16,13,24,113,0,1,49.5,,4,-9,0,0,0,0,0,0,0,1.62,1.62,2289,False,sacked,PFR+RULE2PT+SCORE0,19681207-BAL-GNB,True,,True,True,,,0
Zeke Bratkowski,1968,14,1968-12-15,False,GNB,CHI,A,W,28,27,1,2,72,1,0,135.4,,0,0,0,0,0,0,0,0,0,6.88,6.88,2289,False,sacked,PFR+RULE2PT+SCORE0,19681215-GNB-CHI,True,,True,True,,,0
Frank Tripucka,1960,1,1960-09-09,False,DEN,BOS,A,W,13,10,10,15,180,1,1,102.1,,0,0,0,0,0,0,0,0,0,9.2,9.2,22520,False,sacked,PFR+SCORE0,19600909-DEN-BOS,True,,True,True,,,0
Frank Tripucka,1960,2,1960-09-18,False,DEN,BUF,A,W,27,21,14,26,156,2,2,65.5,,4,-2,0,0,0,0,0,,,10.04,10.04,22520,False,sacked;two_pt;fum_rec_td,PFR,19600918-DEN-BUF,False,two_pt;fum_rec_td,False,True,two_pt;fum_rec_td,,6
Frank Tripucka,1960,3,1960-09-23,False,DEN,NYT,A,L,24,28,14,29,214,1,1,70.2,,0,0,0,0,0,0,0,0,0,10.56,10.56,22520,False,sacked,PFR+SCORE0,19600923-DEN-NYT,True,,True,True,,,0
Frank Tripucka,1960,4,1960-10-02,False,DEN,OAK,H,W,31,14,9,19,116,2,2,62.5,,0,0,0,0,0,0,0,,,8.64,8.64,22520,False,sacked;two_pt;fum_rec_td,PFR,19601002-OAK-DEN,False,two_pt;fum_rec_td,False,True,two_pt;fum_rec_td,,6
Frank Tripucka,1960,5,1960-10-16,False,DEN,LAC,H,L,19,23,16,32,155,0,2,37.9,,0,0,0,0,0,0,0,0,0,2.2,2.2,22520,False,sacked,PFR+SCORE0,19601016-LAC-DEN,True,,True,True,,,0
Frank Tripucka,1960,6,1960-10-23,False,DEN,BOS,H,W,31,24,20,37,287,4,2,93.0,,1,0,0,0,0,0,0,0,0,23.48,23.48,22520,False,sacked,PFR+SCORE0,19601023-BOS-DEN,True,,True,True,,,0
Frank Tripucka,1960,7,1960-10-30,False,DEN,DTX,H,L,14,17,14,31,179,1,2,47.6,,0,0,0,0,0,0,0,0,0,7.16,7.16,22520,False,sacked,PFR+SCORE0,19601030-DTX-DEN,True,,True,True,,,0
Frank Tripucka,1960,8,1960-11-06,False,DEN,HOU,H,L,25,45,30,52,375,3,2,83.4,,2,1,0,0,0,0,0,0,0,23.1,23.1,22520,False,sacked,PFR+SCORE0,19601106-HOU-DEN,True,,True,True,,,0
Frank Tripucka,1960,9,1960-11-13,False,DEN,DTX,A,L,7,34,18,33,136,0,4,25.1,,0,0,0,0,0,0,0,0,0,-2.56,-2.56,22520,False,sacked,PFR+SCORE0,19601113-DEN-DTX,True,,True,True,,,0
Frank Tripucka,1960,10,1960-11-20,False,DEN,HOU,A,L,10,20,26,52,268,1,2,55.6,,2,1,0,0,0,0,0,0,0,10.82,10.82,22520,False,sacked,PFR+SCORE0,19601120-DEN-HOU,True,,True,True,,,0
Frank Tripucka,1960,11,1960-11-27,False,DEN,BUF,H,T,38,38,19,41,328,3,5,58.8,,0,0,0,0,0,0,0,0,0,15.12,15.12,22520,False,sacked,PFR+SCORE0,19601127-BUF-DEN,True,,True,True,,,0
Frank Tripucka,1960,12,1960-12-04,False,DEN,NYT,H,L,27,30,27,47,220,3,4,55.3,,0,0,0,0,0,0,0,0,0,12.8,12.8,22520,False,sacked,PFR+SCORE0,19601204-NYT-DEN,True,,True,True,,,0
Frank Tripucka,1960,13,1960-12-10,False,DEN,LAC,A,L,33,41,17,35,291,2,2,72.4,,0,0,0,0,0,0,0,0,0,15.64,15.64,22520,False,sacked,PFR+SCORE0,19601210-DEN-LAC,True,,True,True,,,0
Frank Tripucka,1960,14,1960-12-17,False,DEN,OAK,A,L,10,48,14,29,133,1,3,33.3,,1,0,0,0,0,0,0,0,0,3.32,3.32,22520,False,sacked,PFR+SCORE0,19601217-DEN-OAK,True,,True,True,,,0
Frank Tripucka,1961,1,1961-09-10,False,DEN,BUF,A,W,22,10,11,19,93,1,1,66.3,,0,0,0,0,0,0,0,,,5.72,5.72,22520,False,sacked;two_pt;fum_rec_td,PFR,19610910-DEN-BUF,False,two_pt;fum_rec_td,False,True,two_pt;fum_rec_td,,2
Frank Tripucka,1961,2,1961-09-16,False,DEN,BOS,A,L,17,45,19,47,206,2,0,68.2,,0,0,0,0,0,0,0,0,0,16.24,16.24,22520,False,sacked,PFR+SCORE0,19610916-DEN-BOS,True,,True,True,,,0
Frank Tripucka,1961,3,1961-09-24,False,DEN,NYT,A,L,28,35,18,31,110,1,0,76.0,,0,0,0,0,0,0,0,0,0,8.4,8.4,22520,False,sacked,PFR+SCORE0,19610924-DEN-NYT,True,,True,True,,,0
Frank Tripucka,1961,4,1961-10-01,False,DEN,OAK,A,L,19,33,0,3,0,0,1,0.0,,0,0,0,0,0,0,0,,,-2.0,-2.0,22520,False,sacked;two_pt;fum_rec_td,PFR,19611001-DEN-OAK,False,two_pt;fum_rec_td,False,True,two_pt;fum_rec_td,,4
Frank Tripucka,1961,5,1961-10-08,False,DEN,DTX,H,L,12,19,11,15,147,2,1,115.8,,0,0,0,0,0,0,0,0,0,11.88,11.88,22520,False,sacked,PFR+SCORE0,19611008-DTX-DEN,True,,True,True,,,0
Frank Tripucka,1961,6,1961-10-15,False,DEN,OAK,H,W,27,24,15,25,195,1,2,64.6,,0,0,0,0,0,0,0,0,0,7.8,7.8,22520,False,sacked,PFR+SCORE0,19611015-OAK-DEN,True,,True,True,,,0
Frank Tripucka,1961,7,1961-10-22,False,DEN,NYT,H,W,27,10,5,17,72,1,1,39.8,,0,0,0,0,0,0,0,0,0,4.88,4.88,22520,False,sacked,PFR+SCORE0,19611022-NYT-DEN,True,,True,True,,,0
Frank Tripucka,1961,8,1961-10-29,False,DEN,SDG,A,L,0,37,15,30,110,0,1,45.1,,0,0,0,0,0,0,0,0,0,2.4,2.4,22520,False,sacked,PFR+SCORE0,19611029-DEN-SDG,True,,True,True,,,0
Frank Tripucka,1961,9,1961-11-05,False,DEN,HOU,H,L,14,55,11,23,103,0,3,21.0,,0,0,0,0,0,0,0,0,0,-1.88,-1.88,22520,False,sacked,PFR+SCORE0,19611105-HOU-DEN,True,,True,True,,,0
Frank Tripucka,1961,10,1961-11-12,False,DEN,SDG,H,L,16,19,23,49,285,1,5,32.7,,0,0,0,0,0,0,0,,,5.4,5.4,22520,False,sacked;two_pt;fum_rec_td,PFR,19611112-SDG-DEN,False,two_pt;fum_rec_td,False,True,two_pt;fum_rec_td,,2
Frank Tripucka,1961,11,1961-11-19,False,DEN,BUF,H,L,10,23,11,25,69,0,4,11.7,,0,0,0,0,0,0,0,0,0,-5.24,-5.24,22520,False,sacked,PFR+SCORE0,19611119-BUF-DEN,True,,True,True,,,0
Frank Tripucka,1961,12,1961-11-26,False,DEN,HOU,A,L,14,45,0,1,0,0,0,39.6,,1,0,0,0,0,0,0,0,0,0.0,0.0,22520,False,sacked,PFR+SCORE0,19611126-DEN-HOU,True,,True,True,,,0
Frank Tripucka,1961,13,1961-12-03,False,DEN,BOS,H,L,24,28,19,42,237,1,1,61.3,,1,-5,0,0,0,0,0,0,0,10.98,10.98,22520,False,sacked,PFR+SCORE0,19611203-BOS-DEN,True,,True,True,,,0
Frank Tripucka,1961,14,1961-12-10,False,DEN,DTX,A,L,21,49,9,17,63,0,1,37.1,,2,-3,0,0,0,0,0,,,0.22,0.22,22520,False,sacked;two_pt;fum_rec_td,PFR,19611210-DEN-DTX,False,two_pt;fum_rec_td,False,True,two_pt;fum_rec_td,,6
Frank Tripucka,1962,1,1962-09-07,False,DEN,SDG,H,W,30,21,28,47,376,2,2,81.5,,0,0,0,0,0,0,0,0,0,19.04,19.04,22520,False,sacked,PFR+SCORE0,19620907-SDG-DEN,True,,True,True,,,0
Frank Tripucka,1962,2,1962-09-15,False,DEN,BUF,A,W,23,20,29,56,447,2,3,68.1,,0,0,0,0,0,0,0,0,0,19.88,19.88,22520,False,sacked,PFR+SCORE0,19620915-DEN-BUF,True,,True,True,,,0
Frank Tripucka,1962,3,1962-09-21,False,DEN,BOS,A,L,16,41,22,47,275,1,2,54.8,,0,0,0,0,0,0,0,0,0,11.0,11.0,22520,False,sacked,PFR+SCORE0,19620921-DEN-BOS,True,,True,True,,,0
Frank Tripucka,1962,4,1962-09-30,False,DEN,NYT,A,W,32,10,20,29,242,1,3,66.2,,1,1,1,0,0,0,0,,,13.78,13.78,22520,False,sacked;two_pt;fum_rec_td,PFR,19620930-DEN-NYT,False,two_pt;fum_rec_td,False,True,two_pt;fum_rec_td,,6
Frank Tripucka,1962,6,1962-10-14,False,DEN,OAK,A,W,23,6,16,29,257,1,2,67.7,,0,0,0,0,0,0,0,0,0,10.28,10.28,22520,False,sacked,PFR+SCORE0,19621014-DEN-OAK,True,,True,True,,,0
Frank Tripucka,1962,7,1962-10-21,False,DEN,HOU,H,W,20,10,26,40,308,1,1,86.2,,0,0,0,0,0,0,0,0,0,14.32,14.32,22520,False,sacked,PFR+SCORE0,19621021-HOU-DEN,True,,True,True,,,0
Frank Tripucka,1962,8,1962-10-28,False,DEN,BUF,H,L,38,45,12,20,168,5,2,87.1,,0,0,0,0,0,0,0,0,0,22.72,22.72,22520,False,sacked,PFR+SCORE0,19621028-BUF-DEN,True,,True,True,,,0
Frank Tripucka,1962,9,1962-11-04,False,DEN,SDG,A,W,23,20,17,32,202,1,1,70.1,,0,0,0,0,0,0,0,,,10.08,10.08,22520,False,sacked;two_pt;fum_rec_td,PFR,19621104-DEN-SDG,False,two_pt;fum_rec_td,False,True,two_pt;fum_rec_td,,2
Frank Tripucka,1962,10,1962-11-11,False,DEN,BOS,H,L,29,33,10,26,89,1,1,45.2,,0,0,0,0,0,0,0,0,0,5.56,5.56,22520,False,sacked,PFR+SCORE0,19621111-BOS-DEN,True,,True,True,,,0
Frank Tripucka,1962,11,1962-11-18,False,DEN,DTX,H,L,3,24,9,18,65,0,0,58.8,,0,0,0,0,0,0,0,0,0,2.6,2.6,22520,False,sacked,PFR+SCORE0,19621118-DTX-DEN,True,,True,True,,,0
Frank Tripucka,1962,12,1962-11-22,False,DEN,NYT,H,L,45,46,9,15,113,1,2,66.1,,0,0,0,0,0,0,0,,,4.52,4.52,22520,False,sacked;two_pt;fum_rec_td,PFR,19621122-NYT-DEN,False,two_pt;fum_rec_td,False,True,two_pt;fum_rec_td,,14
Frank Tripucka,1962,13,1962-12-02,False,DEN,HOU,A,L,17,34,20,45,188,1,5,24.4,,1,-2,0,0,0,0,0,0,0,1.32,1.32,22520,False,sacked,PFR+SCORE0,19621202-DEN-HOU,True,,True,True,,,0
Frank Tripucka,1962,14,1962-12-09,False,DEN,DTX,A,L,10,17,22,36,187,0,1,63.1,,0,0,0,0,0,0,0,,,5.48,5.48,22520,False,sacked;two_pt;fum_rec_td,PFR,19621209-DEN-DTX,False,two_pt;fum_rec_td,False,True,two_pt;fum_rec_td,,6
Frank Tripucka,1963,1,1963-09-07,False,DEN,KAN,H,L,7,59,1,4,3,0,2,0.0,,0,0,0,0,0,0,0,0,0,-3.88,-3.88,22520,False,sacked,PFR+SCORE0,19630907-KAN-DEN,True,,True,True,,,0
Frank Tripucka,1963,2,1963-09-14,False,DEN,HOU,A,L,14,20,6,11,28,0,3,20.5,,0,0,0,0,0,0,0,0,0,-4.88,-4.88,22520,False,sacked,PFR+SCORE0,19630914-DEN-HOU,True,,True,True,,,0
Lamar McHan,1960,2,1960-10-02,False,GNB,DET,H,W,28,9,7,15,109,1,2,53.9,,4,5,0,0,0,0,0,0,0,4.86,4.86,14827,False,sacked,PFR+RULE2PT+SCORE0,19601002-DET-GNB,True,,True,True,,,0
Lamar McHan,1960,3,1960-10-09,False,GNB,BAL,H,W,35,21,6,14,86,1,0,87.2,,1,35,1,0,0,0,0,0,0,16.94,16.94,14827,False,sacked,PFR+RULE2PT+SCORE0,19601009-BAL-GNB,True,,True,True,,,0
Lamar McHan,1960,4,1960-10-23,False,GNB,SFO,H,W,41,14,11,24,183,1,0,85.9,,1,2,0,0,0,0,0,0,0,11.52,11.52,14827,False,sacked,PFR+RULE2PT+SCORE0,19601023-SFO-GNB,True,,True,True,,,0
Lamar McHan,1960,5,1960-10-30,False,GNB,PIT,A,W,19,13,4,16,51,0,0,40.4,,1,14,0,0,0,0,0,0,0,3.44,3.44,14827,False,sacked,PFR+RULE2PT+SCORE0,19601030-GNB-PIT,True,,True,True,,,0
Lamar McHan,1960,7,1960-11-13,False,GNB,DAL,H,W,41,7,3,9,65,0,2,20.4,,0,0,0,0,0,0,0,0,,-1.4,-1.4,14827,False,sacked;fum_rec_td,PFR+RULE2PT,19601113-DAL-GNB,False,fum_rec_td,False,True,fum_rec_td,,6
Lamar McHan,1960,8,1960-11-20,False,GNB,RAM,H,L,31,33,0,3,0,0,1,0.0,,0,0,0,0,0,0,0,0,0,-2.0,-2.0,14827,False,sacked,PFR+RULE2PT+SCORE0,19601120-RAM-GNB,True,,True,True,,,0
Lamar McHan,1960,9,1960-11-24,False,GNB,DET,A,L,10,23,2,10,23,0,0,39.6,,1,11,0,0,0,0,0,0,0,2.02,2.02,14827,False,sacked,PFR+RULE2PT+SCORE0,19601124-GNB-DET,True,,True,True,,,0
Lamar McHan,1961,2,1961-09-24,False,BAL,DET,H,L,15,16,1,2,5,0,0,56.2,,0,0,0,0,0,0,0,0,0,0.2,0.2,14827,False,sacked,PFR+RULE2PT+SCORE2,19610924-DET-BAL,True,,True,True,,,2
Lamar McHan,1961,3,1961-10-01,False,BAL,MIN,H,W,34,33,1,6,17,1,2,39.6,,0,0,0,0,0,0,0,0,0,0.68,0.68,14827,False,sacked,PFR+RULE2PT+SCORE0,19611001-MIN-BAL,True,,True,True,,,0
Lamar McHan,1961,4,1961-10-08,False,BAL,GNB,A,L,7,45,1,5,6,0,1,0.0,,2,7,0,0,0,0,0,0,0,-1.06,-1.06,14827,False,sacked,PFR+RULE2PT+SCORE0,19611008-BAL-GNB,True,,True,True,,,0
Lamar McHan,1961,6,1961-10-22,False,BAL,DET,A,W,17,14,0,1,0,0,0,39.6,,1,-5,0,0,0,0,0,0,0,-0.5,-0.5,14827,False,sacked,PFR+RULE2PT+SCORE0,19611022-BAL-DET,True,,True,True,,,0
Lamar McHan,1961,8,1961-11-05,False,BAL,GNB,H,W,45,21,0,1,0,0,1,0.0,,1,-1,0,0,0,0,0,0,0,-2.1,-2.1,14827,False,sacked,PFR+RULE2PT+SCORE0,19611105-GNB-BAL,True,,True,True,,,0
Lamar McHan,1962,2,1962-09-23,False,BAL,MIN,A,W,34,7,3,4,62,2,0,156.2,,0,0,0,0,0,0,0,0,0,10.48,10.48,14827,False,sacked,PFR+RULE2PT+SCORE0,19620923-BAL-MIN,True,,True,True,,,0
Lamar McHan,1962,4,1962-10-07,False,BAL,SFO,H,L,13,21,2,5,42,0,1,30.8,,2,3,0,0,0,0,0,0,0,-0.02,-0.02,14827,False,sacked,PFR+RULE2PT+SCORE0,19621007-SFO-BAL,True,,True,True,,,0
Lamar McHan,1962,6,1962-10-21,False,BAL,CHI,A,L,15,35,3,5,90,0,0,104.2,,0,0,0,0,0,0,0,0,0,3.6,3.6,14827,False,sacked,PFR+RULE2PT+SCORE2,19621021-BAL-CHI,True,,True,True,,,2
Lamar McHan,1962,7,1962-10-28,False,BAL,GNB,H,L,6,17,0,1,0,0,1,0.0,,0,0,0,0,0,0,0,0,0,-2.0,-2.0,14827,False,sacked,PFR+RULE2PT+SCORE0,19621028-GNB-BAL,True,,True,True,,,0
Lamar McHan,1962,8,1962-11-04,False,BAL,SFO,A,W,22,3,0,0,0,0,0,0,,1,4,0,0,0,0,0,0,0,0.4,0.4,14827,False,sacked,PFR+RULE2PT+SCORE2,19621104-BAL-SFO,True,,True,True,,,2
Lamar McHan,1962,11,1962-11-25,False,BAL,CHI,H,L,0,57,0,1,0,0,0,39.6,,0,0,0,0,0,0,0,0,0,0.0,0.0,14827,False,sacked,PFR+RULE2PT+SCORE0,19621125-CHI-BAL,True,,True,True,,,0
Lamar McHan,1962,14,1962-12-16,False,BAL,MIN,H,W,42,17,2,4,84,1,0,135.4,,1,-3,0,0,0,0,0,0,0,7.06,7.06,14827,False,sacked,PFR+RULE2PT+SCORE0,19621216-MIN-BAL,True,,True,True,,,0
Lamar McHan,1963,2,1963-09-22,False,BAL,SFO,A,W,20,14,0,1,0,0,0,39.6,,0,0,0,0,0,0,0,0,0,0.0,0.0,14827,False,sacked,PFR+RULE2PT+SCORE0,19630922-BAL-SFO,True,,True,True,,,0
Lamar McHan,1963,4,1963-10-06,False,SFO,DET,A,L,3,26,2,3,11,0,0,72.9,,0,0,0,0,0,0,0,0,0,0.44,0.44,14827,False,sacked,PFR+RULE2PT+SCORE0,19631006-SFO-DET,True,,True,True,,,0
Lamar McHan,1963,5,1963-10-13,False,SFO,BAL,A,L,3,20,2,7,25,0,1,2.4,,1,3,0,0,0,0,0,0,0,-0.7,-0.7,14827,False,sacked,PFR+RULE2PT+SCORE0,19631013-SFO-BAL,True,,True,True,,,0
Lamar McHan,1963,6,1963-10-20,False,SFO,CHI,H,W,20,14,10,20,143,1,1,69.4,,0,0,0,0,0,0,0,0,0,7.72,7.72,14827,False,sacked,PFR+RULE2PT+SCORE0,19631020-CHI-SFO,True,,True,True,,,0
Lamar McHan,1963,7,1963-10-27,False,SFO,RAM,A,L,21,28,10,16,168,0,0,97.9,,3,1,0,0,0,0,0,0,0,6.82,6.82,14827,False,sacked,PFR+RULE2PT+SCORE0,19631027-SFO-RAM,True,,True,True,,,0
Lamar McHan,1963,8,1963-11-03,False,SFO,DET,H,L,7,45,6,20,83,1,3,21.5,,1,14,0,0,0,0,0,0,0,2.72,2.72,14827,False,sacked,PFR+RULE2PT+SCORE0,19631103-DET-SFO,True,,True,True,,,0
Lamar McHan,1963,9,1963-11-10,False,SFO,DAL,H,W,31,24,15,25,248,3,1,116.3,,4,7,0,0,0,0,0,0,0,20.62,20.62,14827,False,sacked,PFR+RULE2PT+SCORE0,19631110-DAL-SFO,True,,True,True,,,0
Lamar McHan,1963,10,1963-11-17,False,SFO,NYG,A,L,14,48,8,20,185,1,2,51.0,,2,2,0,0,0,0,0,0,0,7.6,7.6,14827,False,sacked,PFR+RULE2PT+SCORE0,19631117-SFO-NYG,True,,True,True,,,0
Lamar McHan,1963,11,1963-11-24,False,SFO,GNB,A,L,10,28,9,21,86,1,0,70.7,,1,16,0,0,0,0,0,0,0,9.04,9.04,14827,False,sacked,PFR+RULE2PT+SCORE0,19631124-SFO-GNB,True,,True,True,,,0
Lamar McHan,1963,12,1963-12-01,False,SFO,RAM,H,L,17,21,10,27,206,1,1,61.7,,2,-1,0,0,0,0,0,0,0,10.14,10.14,14827,False,sacked,PFR+RULE2PT+SCORE0,19631201-RAM-SFO,True,,True,True,,,0
Lamar McHan,1963,13,1963-12-08,False,SFO,CHI,A,L,7,27,7,24,59,0,2,4.9,,2,14,0,0,0,0,0,0,0,-0.24,-0.24,14827,False,sacked,PFR+RULE2PT+SCORE0,19631208-SFO-CHI,True,,True,True,,,0
Lamar McHan,1963,14,1963-12-14,False,SFO,GNB,H,L,17,21,4,12,29,0,0,42.4,,1,3,0,0,0,0,0,0,0,1.46,1.46,14827,False,sacked,PFR+RULE2PT+SCORE0,19631214-GNB-SFO,True,,True,True,,,0
Bob Berry,1965,4,1965-10-09,False,MIN,NYG,H,W,40,14,0,2,0,0,0,39.6,,0,0,0,0,0,0,0,0,0,0.0,0.0,1627,False,sacked,PFR+RULE2PT+SCORE2,19651009-NYG-MIN,True,,True,True,,,2
Bob Berry,1966,2,1966-09-18,False,MIN,BAL,H,L,23,38,0,0,0,0,0,0,,1,5,0,0,0,0,0,0,0,0.5,0.5,1627,False,sacked,PFR+RULE2PT+SCORE0,19660918-BAL-MIN,True,,True,True,,,0
Bob Berry,1966,3,1966-09-25,False,MIN,DAL,A,L,17,28,1,4,12,0,0,39.6,,0,0,0,0,0,0,0,0,0,0.48,0.48,1627,False,sacked,PFR+RULE2PT+SCORE0,19660925-MIN-DAL,True,,True,True,,,0
Bob Berry,1966,12,1966-12-04,False,MIN,ATL,H,L,13,20,12,33,203,1,5,28.5,,2,7,0,0,0,0,0,0,0,2.82,2.82,1627,False,sacked,PFR+RULE2PT+SCORE0,19661204-ATL-MIN,True,,True,True,,,0
Bob Berry,1967,2,1967-09-22,False,MIN,RAM,A,L,3,39,2,3,22,0,0,88.2,,0,0,0,0,0,0,0,0,0,0.88,0.88,1627,False,sacked,PFR+RULE2PT+SCORE0,19670922-MIN-RAM,True,,True,True,,,0
Bob Berry,1967,11,1967-11-26,False,MIN,PIT,A,W,41,27,1,4,21,0,0,49.0,,0,0,0,0,0,0,0,0,,0.84,0.84,1627,False,sacked;fum_rec_td,PFR+RULE2PT,19671126-MIN-PIT,False,fum_rec_td,False,True,fum_rec_td,,18
Bob Berry,1968,4,1968-10-06,False,ATL,GNB,H,L,7,38,1,5,5,0,1,0.0,,0,0,0,0,0,0,0,0,0,-1.8,-1.8,1627,False,sacked,PFR+RULE2PT+SCORE0,19681006-GNB-ATL,True,,True,True,,,0
Bob Berry,1968,5,1968-10-13,False,ATL,NYG,H,W,24,21,5,7,150,0,0,113.7,,3,4,0,0,0,0,0,0,0,6.4,6.4,1627,False,sacked,PFR+RULE2PT+SCORE0,19681013-NYG-ATL,True,,True,True,,,0
Bob Berry,1968,6,1968-10-20,False,ATL,RAM,A,L,14,27,7,16,144,1,2,57.3,,3,28,0,0,0,0,0,0,,8.56,8.56,1627,False,sacked;fum_rec_td,PFR+RULE2PT,19681020-ATL-RAM,False,fum_rec_td,False,True,fum_rec_td,,6
Bob Berry,1968,7,1968-10-27,False,ATL,CLE,A,L,7,30,8,10,107,1,1,105.0,,1,13,0,0,0,0,0,0,0,7.58,7.58,1627,False,sacked,PFR+RULE2PT+SCORE0,19681027-ATL-CLE,True,,True,True,,,0
Bob Berry,1968,8,1968-11-03,False,ATL,PIT,H,L,21,41,15,26,282,3,4,94.2,,2,2,0,0,0,0,0,0,0,15.48,15.48,1627,False,sacked,PFR+RULE2PT+SCORE0,19681103-PIT-ATL,True,,True,True,,,0
Bob Berry,1968,9,1968-11-10,False,ATL,RAM,H,L,10,17,11,20,168,1,1,78.7,,4,60,0,0,0,0,0,0,0,14.72,14.72,1627,False,sacked,PFR+RULE2PT+SCORE0,19681110-RAM-ATL,True,,True,True,,,0
Bob Berry,1968,10,1968-11-17,False,ATL,CHI,A,W,16,13,8,13,173,0,0,105.4,,7,10,2,0,0,0,0,0,0,19.92,19.92,1627,False,sacked,PFR+RULE2PT+SCORE0,19681117-ATL-CHI,True,,True,True,,,0
Bob Berry,1968,11,1968-11-24,False,ATL,STL,A,L,12,17,9,19,194,1,1,79.7,,1,3,0,0,0,0,0,0,0,10.06,10.06,1627,False,sacked,PFR+RULE2PT+SCORE0,19681124-ATL-STL,True,,True,True,,,0
Bob Berry,1968,12,1968-12-01,False,ATL,BAL,A,L,0,44,8,16,86,0,1,40.1,,4,9,0,0,0,0,0,0,0,2.34,2.34,1627,False,sacked,PFR+RULE2PT+SCORE0,19681201-ATL-BAL,True,,True,True,,,0
Bob Berry,1968,13,1968-12-08,False,ATL,DET,H,L,7,24,9,21,124,0,2,22.8,,1,10,0,0,0,0,0,0,0,1.96,1.96,1627,False,sacked,PFR+RULE2PT+SCORE0,19681208-DET-ATL,True,,True,True,,,0
Bob Berry,1969,1,1969-09-21,False,ATL,SFO,H,W,24,12,7,12,102,2,1,91.0,,4,48,0,0,0,0,0,0,0,14.88,14.88,1627,False,sacked,PFR+RULE2PT+SCORE0,19690921-SFO-ATL,True,,True,True,,,0
Bob Berry,1969,2,1969-09-28,False,ATL,RAM,A,L,7,17,7,14,96,1,0,96.1,,4,9,0,0,0,0,0,0,0,8.74,8.74,1627,False,sacked,PFR+RULE2PT+SCORE0,19690928-ATL-RAM,True,,True,True,,,0
Bob Berry,1969,3,1969-10-05,False,ATL,BAL,H,L,14,21,16,26,207,1,0,99.4,,3,19,0,0,0,0,0,0,0,14.18,14.18,1627,False,sacked,PFR+RULE2PT+SCORE0,19691005-BAL-ATL,True,,True,True,,,0
Bob Berry,1969,11,1969-11-30,False,ATL,BAL,A,L,6,13,15,25,203,0,0,85.9,,4,0,0,0,0,0,0,0,0,8.12,8.12,1627,False,sacked,PFR+RULE2PT+SCORE0,19691130-ATL-BAL,True,,True,True,,,0
Bob Berry,1969,12,1969-12-07,False,ATL,NOR,H,W,45,17,10,18,211,3,0,136.8,,1,6,0,0,0,0,0,0,,21.04,21.04,1627,False,sacked;fum_rec_td,PFR+RULE2PT,19691207-NOR-ATL,False,fum_rec_td,False,True,fum_rec_td,,6
Bob Berry,1969,13,1969-12-14,False,ATL,PHI,A,W,27,3,10,16,198,3,0,145.3,,0,0,0,0,0,0,0,0,0,19.92,19.92,1627,False,sacked,PFR+RULE2PT+SCORE0,19691214-ATL-PHI,True,,True,True,,,0
Bob Berry,1969,14,1969-12-21,False,ATL,MIN,H,W,10,3,6,13,70,0,1,30.9,,4,-14,0,0,0,0,0,0,,-0.6,-0.6,1627,False,sacked;fum_rec_td,PFR+RULE2PT,19691221-MIN-ATL,False,fum_rec_td,False,True,fum_rec_td,,6
Pete Beathard,1964,8,1964-11-08,False,KAN,OAK,H,W,42,7,0,1,0,0,1,0.0,,2,48,0,0,0,0,0,0,0,2.8,2.8,1351,False,sacked,PFR+SCORE0,19641108-OAK-KAN,True,,True,True,,,0
Pete Beathard,1964,13,1964-12-13,False,KAN,SDG,A,W,49,6,0,2,0,0,1,0.0,,1,-1,0,0,0,0,0,,,-2.1,-2.1,1351,False,sacked;two_pt;fum_rec_td,PFR,19641213-KAN-SDG,False,two_pt;fum_rec_td,False,True,two_pt;fum_rec_td,,2
Pete Beathard,1964,14,1964-12-20,False,KAN,NYJ,H,W,24,7,4,6,50,1,0,131.9,,1,-4,0,0,0,0,0,0,0,5.6,5.6,1351,False,sacked,PFR+SCORE0,19641220-NYJ-KAN,True,,True,True,,,0
Pete Beathard,1965,1,1965-09-12,False,KAN,OAK,A,L,10,37,3,11,26,0,0,39.6,,1,26,0,0,0,0,0,0,0,3.64,3.64,1351,False,sacked,PFR+SCORE0,19650912-KAN-OAK,True,,True,True,,,0
Pete Beathard,1965,3,1965-09-26,False,KAN,SDG,A,T,10,10,0,2,0,0,1,0.0,,0,0,0,0,0,0,0,0,0,-2.0,-2.0,1351,False,sacked,PFR+SCORE0,19650926-KAN-SDG,True,,True,True,,,0
Pete Beathard,1965,5,1965-10-10,False,KAN,DEN,A,W,31,23,13,22,214,0,0,91.9,,11,25,2,0,0,0,0,0,0,23.06,23.06,1351,False,sacked,PFR+SCORE0,19651010-KAN-DEN,True,,True,True,,,0
Pete Beathard,1965,6,1965-10-17,False,KAN,BUF,H,L,7,23,3,9,39,0,2,8.3,,2,10,0,0,0,0,0,0,0,-1.44,-1.44,1351,False,sacked,PFR+SCORE0,19651017-BUF-KAN,True,,True,True,,,0
Pete Beathard,1965,7,1965-10-24,False,KAN,HOU,A,L,36,38,11,32,151,0,3,11.3,,7,66,0,0,0,0,0,,,6.64,6.64,1351,False,sacked;two_pt;fum_rec_td,PFR,19651024-KAN-HOU,False,two_pt;fum_rec_td,False,True,two_pt;fum_rec_td,,4
Pete Beathard,1965,9,1965-11-07,False,KAN,NYJ,H,L,10,13,0,0,0,0,0,0,,1,-1,0,0,0,0,0,0,0,-0.1,-0.1,1351,False,sacked,PFR+SCORE0,19651107-NYJ-KAN,True,,True,True,,,0
Pete Beathard,1965,12,1965-11-28,False,KAN,HOU,H,W,52,21,2,6,72,1,0,119.4,,1,7,1,0,0,0,0,0,0,13.58,13.58,1351,False,sacked,PFR+SCORE0,19651128-HOU-KAN,True,,True,True,,,0
Pete Beathard,1965,14,1965-12-19,False,KAN,DEN,H,W,45,35,4,7,130,0,0,101.8,,2,5,1,0,0,0,0,0,0,11.7,11.7,1351,False,sacked,PFR+SCORE0,19651219-DEN-KAN,True,,True,True,,,0
Pete Beathard,1966,1,1966-09-11,False,KAN,BUF,A,W,42,20,3,6,98,1,0,135.4,,3,10,0,0,0,0,0,0,0,8.92,8.92,1351,False,sacked,PFR+SCORE0,19660911-KAN-BUF,True,,True,True,,,0
Pete Beathard,1966,2,1966-09-18,False,KAN,OAK,A,W,32,10,2,6,11,0,0,42.4,,0,0,0,0,0,0,0,,,0.44,0.44,1351,False,sacked;two_pt;fum_rec_td,PFR,19660918-KAN-OAK,False,two_pt;fum_rec_td,False,True,two_pt;fum_rec_td,,2
Pete Beathard,1966,3,1966-09-25,False,KAN,BOS,A,W,43,24,3,9,35,0,1,6.5,,1,-6,0,0,0,0,0,,,-1.2,-1.2,1351,False,sacked;two_pt;fum_rec_td,PFR,19660925-KAN-BOS,False,two_pt;fum_rec_td,False,True,two_pt;fum_rec_td,,8
Pete Beathard,1966,4,1966-10-02,False,KAN,BUF,H,L,14,29,7,19,96,0,1,31.9,,3,23,0,0,0,0,0,0,0,4.14,4.14,1351,False,sacked,PFR+SCORE0,19661002-BUF-KAN,True,,True,True,,,0
Pete Beathard,1966,5,1966-10-08,False,KAN,DEN,H,W,37,10,2,4,26,0,0,70.8,,2,6,0,0,0,0,0,0,0,1.64,1.64,1351,False,sacked,PFR+SCORE0,19661008-DEN-KAN,True,,True,True,,,0
Pete Beathard,1966,6,1966-10-16,False,KAN,OAK,H,L,13,34,6,17,64,0,0,47.2,,1,15,0,0,0,0,0,,,4.06,4.06,1351,False,sacked;two_pt;fum_rec_td,PFR,19661016-OAK-KAN,False,two_pt;fum_rec_td,False,True,two_pt;fum_rec_td,,6
Pete Beathard,1966,7,1966-10-23,False,KAN,DEN,A,W,56,10,1,2,19,1,0,122.9,,3,64,1,0,0,0,0,0,0,17.16,17.16,1351,False,sacked,PFR+SCORE0,19661023-KAN-DEN,True,,True,True,,,0
Pete Beathard,1966,8,1966-10-30,False,KAN,HOU,H,W,48,23,5,5,141,2,0,158.3,,0,0,0,0,0,0,0,,,13.64,13.64,1351,False,sacked;two_pt;fum_rec_td,PFR,19661030-HOU-KAN,False,two_pt;fum_rec_td,False,True,two_pt;fum_rec_td,,6
Pete Beathard,1966,10,1966-11-13,False,KAN,MIA,H,W,34,16,2,7,13,0,2,0.0,,2,17,0,0,0,0,0,,,-1.78,-1.78,1351,False,sacked;two_pt;fum_rec_td,PFR,19661113-MIA-KAN,False,two_pt;fum_rec_td,False,True,two_pt;fum_rec_td,,2
Pete Beathard,1966,12,1966-11-27,False,KAN,NYJ,A,W,32,24,7,10,68,0,0,88.7,,3,10,0,0,0,0,0,0,0,3.72,3.72,1351,False,sacked,PFR+SCORE0,19661127-KAN-NYJ,True,,True,True,,,0
Pete Beathard,1966,13,1966-12-11,False,KAN,MIA,A,W,19,18,1,5,7,0,0,39.6,,2,13,0,0,0,0,0,0,0,1.58,1.58,1351,False,sacked,PFR+SCORE0,19661211-KAN-MIA,True,,True,True,,,0
Pete Beathard,1966,16,1967-01-15,True,KAN,GNB,N,L,10,35,1,5,17,0,0,41.2,,1,14,0,0,0,0,0,0,0,2.08,2.08,1351,False,sacked,PFR+SCORE0,19670115-GNB-KAN-N,True,,True,True,,,0
Pete Beathard,1967,2,1967-09-24,False,KAN,MIA,A,W,24,0,0,2,0,0,0,39.6,,0,0,0,0,0,0,0,0,0,0.0,0.0,1351,False,sacked,PFR+SCORE0,19670924-KAN-MIA,True,,True,True,,,0
Pete Beathard,1967,5,1967-10-15,False,HOU,NYJ,A,T,28,28,4,18,23,1,2,18.5,,1,1,0,0,0,0,0,,,1.02,1.02,1351,False,sacked;two_pt;fum_rec_td,PFR,19671015-HOU-NYJ,False,two_pt;fum_rec_td,False,True,two_pt;fum_rec_td,,18
Pete Beathard,1967,6,1967-10-22,False,HOU,KAN,A,W,24,19,3,14,63,1,0,69.6,,2,0,0,0,0,0,0,,,6.52,6.52,1351,False,sacked;two_pt;fum_rec_td,PFR,19671022-HOU-KAN,False,two_pt;fum_rec_td,False,True,two_pt;fum_rec_td,,6
Pete Beathard,1967,7,1967-10-29,False,HOU,BUF,H,W,10,3,6,13,77,0,3,25.6,,9,32,1,0,0,0,0,0,0,6.28,6.28,1351,False,sacked,PFR+SCORE0,19671029-BUF-HOU,True,,True,True,,,0
Pete Beathard,1967,8,1967-11-05,False,HOU,BOS,A,L,7,18,12,28,141,1,1,55.8,,2,12,0,0,0,0,0,0,0,8.84,8.84,1351,False,sacked,PFR+SCORE0,19671105-HOU-BOS,True,,True,True,,,0
Pete Beathard,1967,9,1967-11-12,False,HOU,DEN,A,W,20,18,14,39,142,1,1,45.0,,2,4,0,0,0,0,0,0,0,8.08,8.08,1351,False,sacked,PFR+SCORE0,19671112-HOU-DEN,True,,True,True,,,0
Pete Beathard,1967,10,1967-11-26,False,HOU,BOS,H,W,27,6,9,23,87,1,2,28.7,,2,17,0,0,0,0,0,,,5.18,5.18,1351,False,sacked;two_pt;fum_rec_td,PFR,19671126-BOS-HOU,False,two_pt;fum_rec_td,False,True,two_pt;fum_rec_td,,6
Pete Beathard,1967,11,1967-12-03,False,HOU,MIA,H,W,17,14,17,31,194,0,2,47.0,,5,23,0,0,0,0,0,0,0,6.06,6.06,1351,False,sacked,PFR+SCORE0,19671203-MIA-HOU,True,,True,True,,,0
Pete Beathard,1967,12,1967-12-10,False,HOU,OAK,H,L,7,19,10,27,120,1,2,32.9,,3,25,0,0,0,0,0,0,0,7.3,7.3,1351,False,sacked,PFR+SCORE0,19671210-OAK-HOU,True,,True,True,,,0
Pete Beathard,1967,13,1967-12-16,False,HOU,SDG,H,W,24,17,14,24,188,2,1,93.8,,5,22,0,0,0,0,0,0,0,15.72,15.72,1351,False,sacked,PFR+SCORE0,19671216-SDG-HOU,True,,True,True,,,0
Pete Beathard,1967,14,1967-12-23,False,HOU,MIA,A,W,41,10,5,12,79,1,0,92.0,,1,-3,0,0,0,0,0,,,6.86,6.86,1351,False,sacked;two_pt;fum_rec_td,PFR,19671223-HOU-MIA,False,two_pt;fum_rec_td,False,True,two_pt;fum_rec_td,,6
Pete Beathard,1967,15,1967-12-31,True,HOU,OAK,A,L,7,40,15,35,142,1,1,52.3,,1,-2,0,0,0,0,0,0,0,7.48,7.48,1351,False,sacked,PFR+SCORE0,19671231-HOU-OAK,True,,True,True,,,0
Pete Beathard,1968,1,1968-09-09,False,HOU,KAN,H,L,21,26,23,48,413,2,3,65.7,,1,2,0,0,0,0,0,0,0,18.72,18.72,1351,False,sacked,PFR+SCORE0,19680909-KAN-HOU,True,,True,True,,,0
Pete Beathard,1968,2,1968-09-14,False,HOU,MIA,A,W,24,10,13,26,239,1,3,55.3,,3,25,0,0,0,0,0,,,10.06,10.06,1351,False,sacked;two_pt;fum_rec_td,PFR,19680914-HOU-MIA,False,two_pt;fum_rec_td,False,True,two_pt;fum_rec_td,,6
Pete Beathard,1968,3,1968-09-21,False,HOU,SDG,A,L,14,30,17,28,170,0,2,48.2,,3,25,0,0,0,0,0,0,0,5.3,5.3,1351,False,sacked,PFR+SCORE0,19680921-HOU-SDG,True,,True,True,,,0
Pete Beathard,1968,4,1968-09-29,False,HOU,OAK,H,L,15,24,8,23,90,1,2,25.6,,2,17,0,0,0,0,0,,,5.3,5.3,1351,False,sacked;two_pt;fum_rec_td,PFR,19680929-OAK-HOU,False,two_pt;fum_rec_td,False,True,two_pt;fum_rec_td,,2
Pete Beathard,1968,9,1968-11-03,False,HOU,CIN,A,W,27,17,1,5,21,0,0,44.6,,0,0,0,0,0,0,0,0,0,0.84,0.84,1351,False,sacked,PFR+SCORE0,19681103-HOU-CIN,True,,True,True,,,0
Pete Beathard,1968,10,1968-11-10,False,HOU,NYJ,A,L,7,26,8,20,84,0,2,13.3,,1,2,0,0,0,0,0,0,0,-0.44,-0.44,1351,False,sacked,PFR+SCORE0,19681110-HOU-NYJ,True,,True,True,,,0
Pete Beathard,1968,11,1968-11-17,False,HOU,DEN,H,W,38,17,17,29,234,2,0,107.5,,2,12,2,0,0,0,0,,,30.56,30.56,1351,False,sacked;two_pt;fum_rec_td,PFR,19681117-DEN-HOU,False,two_pt;fum_rec_td,False,True,two_pt;fum_rec_td,,6
Pete Beathard,1968,12,1968-11-28,False,HOU,KAN,A,L,10,24,13,31,188,1,2,46.2,,3,3,0,0,0,0,0,0,0,7.82,7.82,1351,False,sacked,PFR+SCORE0,19681128-HOU-KAN,True,,True,True,,,0
Pete Beathard,1968,13,1968-12-07,False,HOU,BUF,H,W,35,6,5,13,120,0,2,33.0,,3,-7,0,0,0,0,0,,,0.1,0.1,1351,False,sacked;two_pt;fum_rec_td,PFR,19681207-BUF-HOU,False,two_pt;fum_rec_td,False,True,two_pt;fum_rec_td,,12
Pete Beathard,1969,1,1969-09-14,False,HOU,OAK,A,L,17,21,14,38,224,1,2,44.2,,1,10,0,0,0,0,0,0,0,9.96,9.96,1351,False,sacked,PFR+SCORE0,19690914-HOU-OAK,True,,True,True,,,0
Pete Beathard,1969,2,1969-09-21,False,HOU,BUF,A,W,17,3,10,20,140,1,0,89.6,,1,6,0,0,0,0,0,0,0,10.2,10.2,1351,False,sacked,PFR+SCORE0,19690921-HOU-BUF,True,,True,True,,,0
Pete Beathard,1969,3,1969-09-28,False,HOU,MIA,H,W,22,10,18,31,197,0,0,76.9,,2,16,0,0,0,0,0,0,0,9.48,9.48,1351,False,sacked,PFR+SCORE0,19690928-MIA-HOU,True,,True,True,,,0
Pete Beathard,1969,4,1969-10-05,False,HOU,BUF,H,W,28,14,10,28,139,1,3,24.9,,3,8,1,0,0,0,0,,,10.36,10.36,1351,False,sacked;two_pt;fum_rec_td,PFR,19691005-BUF-HOU,False,two_pt;fum_rec_td,False,True,two_pt;fum_rec_td,,6
Pete Beathard,1969,5,1969-10-12,False,HOU,KAN,A,L,0,24,10,35,110,0,5,0.6,,1,-1,0,0,0,0,0,0,0,-5.7,-5.7,1351,False,sacked,PFR+SCORE0,19691012-HOU-KAN,True,,True,True,,,0
Pete Beathard,1969,6,1969-10-20,False,HOU,NYJ,A,L,17,26,23,47,314,1,3,51.2,,3,23,0,0,0,0,0,,,12.86,12.86,1351,False,sacked;two_pt;fum_rec_td,PFR,19691020-HOU-NYJ,False,two_pt;fum_rec_td,False,True,two_pt;fum_rec_td,,6
Pete Beathard,1969,7,1969-10-26,False,HOU,DEN,H,W,24,21,8,16,168,1,2,68.7,,1,0,0,0,0,0,0,0,0,6.72,6.72,1351,False,sacked,PFR+SCORE0,19691026-DEN-HOU,True,,True,True,,,0
Pete Beathard,1969,8,1969-11-02,False,HOU,BOS,A,L,0,24,26,42,226,0,2,56.3,,2,16,0,0,0,0,0,0,0,6.64,6.64,1351,False,sacked,PFR+SCORE0,19691102-HOU-BOS,True,,True,True,,,0
Pete Beathard,1969,10,1969-11-16,False,HOU,DEN,A,T,20,20,20,41,338,1,1,75.1,,0,0,0,0,0,0,0,,,15.52,15.52,1351,False,sacked;two_pt;fum_rec_td,PFR,19691116-HOU-DEN,False,two_pt;fum_rec_td,False,True,two_pt;fum_rec_td,,6
Pete Beathard,1969,11,1969-11-23,False,HOU,MIA,A,W,32,7,14,34,258,2,2,63.1,,1,0,0,0,0,0,0,,,14.32,14.32,1351,False,sacked;two_pt;fum_rec_td,PFR,19691123-HOU-MIA,False,two_pt;fum_rec_td,False,True,two_pt;fum_rec_td,,2
Pete Beathard,1969,12,1969-11-27,False,HOU,SDG,H,L,17,21,10,14,91,0,1,58.9,,4,11,1,0,0,0,0,0,0,8.74,8.74,1351,False,sacked,PFR+SCORE0,19691127-SDG-HOU,True,,True,True,,,0
Pete Beathard,1969,14,1969-12-14,False,HOU,BOS,H,W,27,23,17,24,250,2,0,132.3,,0,0,0,0,0,0,0,0,0,18.0,18.0,1351,False,sacked,PFR+SCORE0,19691214-BOS-HOU,True,,True,True,,,0
Pete Beathard,1969,17,1969-12-21,True,HOU,OAK,A,L,7,56,18,46,209,1,3,33.7,,3,-5,0,0,0,0,0,0,0,5.86,5.86,1351,False,sacked,PFR+SCORE0,19691221-HOU-OAK,True,,True,True,,,0
James Harris,1969,1,1969-09-14,False,BUF,NYJ,H,L,19,33,3,12,74,0,1,18.1,,1,6,0,0,0,0,0,0,0,1.56,1.56,9176,False,sacked,PFR+SCORE0,19690914-NYJ-BUF,True,,True,True,,,0
James Harris,1969,3,1969-09-28,False,BUF,DEN,H,W,41,28,2,4,17,0,0,61.5,,2,11,0,0,0,0,0,,,1.78,1.78,9176,False,sacked;two_pt;fum_rec_td,PFR,19690928-DEN-BUF,False,two_pt;fum_rec_td,False,True,two_pt;fum_rec_td,,6
James Harris,1969,5,1969-10-11,False,BUF,BOS,H,W,23,16,2,4,23,0,0,67.7,,3,2,0,0,0,0,0,0,0,1.12,1.12,9176,False,sacked,PFR+SCORE0,19691011-BOS-BUF,True,,True,True,,,0
James Harris,1969,6,1969-10-19,False,BUF,OAK,A,L,21,50,8,16,156,1,0,105.2,,4,6,0,0,0,0,0,0,0,10.84,10.84,9176,False,sacked,PFR+SCORE0,19691019-BUF-OAK,True,,True,True,,,0
Rudy Bukich,1960,4,1960-10-16,False,PIT,STL,H,W,27,14,0,1,0,0,0,39.6,,1,-2,0,0,0,0,0,0,0,-0.2,-0.2,2934,False,sacked,PFR+RULE2PT+SCORE0,19601016-STL-PIT,True,,True,True,,,0
Rudy Bukich,1960,5,1960-10-23,False,PIT,WAS,A,T,27,27,14,28,265,2,0,107.0,,1,-6,0,0,0,0,0,0,,18.0,18.0,2934,False,sacked;fum_rec_td,PFR+RULE2PT,19601023-PIT-WAS,False,fum_rec_td,False,True,fum_rec_td,,6
Rudy Bukich,1960,6,1960-10-30,False,PIT,GNB,H,L,13,19,0,2,0,0,0,39.6,,0,0,0,0,0,0,0,0,0,0.0,0.0,2934,False,sacked,PFR+RULE2PT+SCORE0,19601030-GNB-PIT,True,,True,True,,,0
Rudy Bukich,1960,7,1960-11-06,False,PIT,PHI,A,L,7,34,5,8,12,0,1,27.1,,0,0,0,0,0,0,0,0,0,-1.52,-1.52,2934,False,sacked,PFR+RULE2PT+SCORE0,19601106-PIT-PHI,True,,True,True,,,0
Rudy Bukich,1960,12,1960-12-18,False,PIT,STL,A,L,7,38,6,12,81,0,2,32.3,,1,0,0,0,0,0,0,0,0,-0.76,-0.76,2934,False,sacked,PFR+RULE2PT+SCORE0,19601218-PIT-STL,True,,True,True,,,0
Rudy Bukich,1961,2,1961-09-24,False,PIT,NYG,H,L,14,17,1,1,28,0,0,118.7,,0,0,0,0,0,0,0,0,0,1.12,1.12,2934,False,sacked,PFR+RULE2PT+SCORE0,19610924-NYG-PIT,True,,True,True,,,0
Rudy Bukich,1961,3,1961-10-01,False,PIT,RAM,A,L,14,24,11,20,124,1,3,50.8,,4,-10,0,0,0,0,0,0,0,1.96,1.96,2934,False,sacked,PFR+RULE2PT+SCORE0,19611001-PIT-RAM,True,,True,True,,,0
Rudy Bukich,1961,4,1961-10-08,False,PIT,PHI,A,L,16,21,18,28,171,1,1,78.1,,5,20,1,0,0,0,0,0,0,16.84,16.84,2934,False,sacked,PFR+RULE2PT+SCORE0,19611008-PIT-PHI,True,,True,True,,,0
Rudy Bukich,1961,5,1961-10-15,False,PIT,WAS,H,W,20,0,6,14,66,2,2,57.4,,0,0,0,0,0,0,0,0,0,6.64,6.64,2934,False,sacked,PFR+RULE2PT+SCORE0,19611015-WAS-PIT,True,,True,True,,,0
Rudy Bukich,1961,6,1961-10-22,False,PIT,CLE,H,L,28,30,15,24,275,2,1,112.3,,0,0,0,0,0,0,0,0,0,17.0,17.0,2934,False,sacked,PFR+RULE2PT+SCORE0,19611022-CLE-PIT,True,,True,True,,,0
Rudy Bukich,1961,7,1961-10-29,False,PIT,SFO,H,W,20,10,6,11,56,1,1,61.2,,1,0,0,0,0,0,0,0,0,4.24,4.24,2934,False,sacked,PFR+RULE2PT+SCORE0,19611029-SFO-PIT,True,,True,True,,,0
Rudy Bukich,1961,8,1961-11-05,False,PIT,CLE,A,W,17,13,12,18,203,1,2,83.6,,2,0,1,0,0,0,0,0,0,14.12,14.12,2934,False,sacked,PFR+RULE2PT+SCORE0,19611105-PIT-CLE,True,,True,True,,,0
Rudy Bukich,1961,9,1961-11-12,False,PIT,DAL,H,W,37,7,9,20,191,2,1,91.9,,2,-6,0,0,0,0,0,0,,13.04,13.04,2934,False,sacked;fum_rec_td,PFR+RULE2PT,19611112-DAL-PIT,False,fum_rec_td,False,True,fum_rec_td,,6
Rudy Bukich,1961,10,1961-11-19,False,PIT,NYG,A,L,21,42,10,17,115,1,3,59.3,,0,0,0,0,0,0,0,0,0,2.6,2.6,2934,False,sacked,PFR+RULE2PT+SCORE0,19611119-PIT-NYG,True,,True,True,,,0
Rudy Bukich,1961,12,1961-12-03,False,PIT,PHI,H,L,24,35,1,3,24,0,2,23.6,,0,0,0,0,0,0,0,0,0,-3.04,-3.04,2934,False,sacked,PFR+RULE2PT+SCORE0,19611203-PHI-PIT,True,,True,True,,,0
Rudy Bukich,1962,2,1962-09-23,False,CHI,RAM,A,W,27,23,0,2,0,0,0,39.6,,0,0,0,0,0,0,0,0,0,0.0,0.0,2934,False,sacked,PFR+RULE2PT+SCORE0,19620923-CHI-RAM,True,,True,True,,,0
Rudy Bukich,1962,3,1962-09-30,False,CHI,GNB,A,L,0,49,0,2,0,0,2,0.0,,0,0,0,0,0,0,0,0,0,-4.0,-4.0,2934,False,sacked,PFR+RULE2PT+SCORE0,19620930-CHI-GNB,True,,True,True,,,0
Rudy Bukich,1962,7,1962-10-28,False,CHI,DET,A,L,3,11,0,1,0,0,1,0.0,,0,0,0,0,0,0,0,0,0,-2.0,-2.0,2934,False,sacked,PFR+RULE2PT+SCORE0,19621028-CHI-DET,True,,True,True,,,0
Rudy Bukich,1962,8,1962-11-04,False,CHI,GNB,H,L,7,38,0,1,0,0,1,0.0,,0,0,0,0,0,0,0,0,0,-2.0,-2.0,2934,False,sacked,PFR+RULE2PT+SCORE0,19621104-GNB-CHI,True,,True,True,,,0
Rudy Bukich,1962,11,1962-11-25,False,CHI,BAL,A,W,57,0,3,7,79,1,0,124.4,,0,0,0,0,0,0,0,0,0,7.16,7.16,2934,False,sacked,PFR+RULE2PT+SCORE0,19621125-CHI-BAL,True,,True,True,,,0
Rudy Bukich,1963,4,1963-10-06,False,CHI,BAL,H,W,10,3,6,7,112,1,0,158.3,,2,-1,0,0,0,0,0,0,0,8.38,8.38,2934,False,sacked,PFR+RULE2PT+SCORE0,19631006-BAL-CHI,True,,True,True,,,0
Rudy Bukich,1963,5,1963-10-13,False,CHI,RAM,A,W,52,14,8,9,99,2,0,152.1,,2,2,0,0,0,0,0,0,,12.16,12.16,2934,False,sacked;fum_rec_td,PFR+RULE2PT,19631013-CHI-RAM,False,fum_rec_td,False,True,fum_rec_td,,6
Rudy Bukich,1963,6,1963-10-20,False,CHI,SFO,A,L,14,20,11,20,128,0,2,35.0,,1,1,1,0,0,0,0,0,0,7.22,7.22,2934,False,sacked,PFR+RULE2PT+SCORE0,19631020-CHI-SFO,True,,True,True,,,0
Rudy Bukich,1963,9,1963-11-10,False,CHI,RAM,H,W,6,0,4,4,30,0,0,97.9,,1,-3,0,0,0,0,0,0,0,0.9,0.9,2934,False,sacked,PFR+RULE2PT+SCORE0,19631110-RAM-CHI,True,,True,True,,,0
Rudy Bukich,1963,10,1963-11-17,False,CHI,GNB,H,W,26,7,0,0,0,0,0,0,,1,2,0,0,0,0,0,0,0,0.2,0.2,2934,False,sacked,PFR+RULE2PT+SCORE0,19631117-GNB-CHI,True,,True,True,,,0
Rudy Bukich,1963,13,1963-12-08,False,CHI,SFO,H,W,27,7,0,3,0,0,0,39.6,,0,0,0,0,0,0,0,0,,0.0,0.0,2934,False,sacked;fum_rec_td,PFR+RULE2PT,19631208-SFO-CHI,False,fum_rec_td,False,True,fum_rec_td,,6
Rudy Bukich,1964,1,1964-09-13,False,CHI,GNB,A,L,12,23,7,16,83,1,2,41.4,,0,0,0,0,0,0,0,0,0,3.32,3.32,2934,False,sacked,PFR+RULE2PT+SCORE0,19640913-CHI-GNB,True,,True,True,,,0
Rudy Bukich,1964,3,1964-09-27,False,CHI,BAL,A,L,0,52,2,4,18,0,0,62.5,,0,0,0,0,0,0,0,0,0,0.72,0.72,2934,False,sacked,PFR+RULE2PT+SCORE0,19640927-CHI-BAL,True,,True,True,,,0
Rudy Bukich,1964,6,1964-10-18,False,CHI,DET,H,L,0,10,4,7,39,0,1,33.3,,0,0,0,0,0,0,0,0,0,-0.44,-0.44,2934,False,sacked,PFR+RULE2PT+SCORE0,19641018-DET-CHI,True,,True,True,,,0
Rudy Bukich,1964,8,1964-11-01,False,CHI,DAL,H,L,10,24,3,5,14,0,0,64.6,,3,12,0,0,0,0,0,0,0,1.76,1.76,2934,False,sacked,PFR+RULE2PT+SCORE0,19641101-DAL-CHI,True,,True,True,,,0
Rudy Bukich,1964,9,1964-11-08,False,CHI,BAL,H,L,24,40,10,15,185,3,0,148.6,,2,-7,0,0,0,0,0,0,0,18.7,18.7,2934,False,sacked,PFR+RULE2PT+SCORE0,19641108-BAL-CHI,True,,True,True,,,0
Rudy Bukich,1964,10,1964-11-15,False,CHI,RAM,A,W,34,24,23,37,271,3,0,111.4,,1,1,0,0,0,0,0,0,0,22.94,22.94,2934,False,sacked,PFR+RULE2PT+SCORE0,19641115-CHI-RAM,True,,True,True,,,0
Rudy Bukich,1964,11,1964-11-22,False,CHI,SFO,H,W,23,21,22,33,258,2,0,110.4,,1,6,0,0,0,0,0,0,0,18.92,18.92,2934,False,sacked,PFR+RULE2PT+SCORE0,19641122-SFO-CHI,True,,True,True,,,0
Rudy Bukich,1964,12,1964-11-26,False,CHI,DET,A,W,27,24,22,29,210,3,2,101.2,,3,9,0,0,0,0,0,0,0,17.3,17.3,2934,False,sacked,PFR+RULE2PT+SCORE0,19641126-CHI-DET,True,,True,True,,,0
Rudy Bukich,1964,13,1964-12-05,False,CHI,GNB,H,L,3,17,6,14,21,0,2,10.7,,2,7,0,0,0,0,0,0,0,-2.46,-2.46,2934,False,sacked,PFR+RULE2PT+SCORE0,19641205-GNB-CHI,True,,True,True,,,0
Rudy Bukich,1965,1,1965-09-19,False,CHI,SFO,A,L,24,52,10,20,117,2,0,101.5,,1,1,0,0,0,0,0,0,0,12.78,12.78,2934,False,sacked,PFR+RULE2PT+SCORE0,19650919-CHI-SFO,True,,True,True,,,0
Rudy Bukich,1965,2,1965-09-25,False,CHI,RAM,A,L,28,30,7,12,131,2,0,135.8,,0,0,0,0,0,0,0,0,,13.24,13.24,2934,False,sacked;fum_rec_td,PFR+RULE2PT,19650925-CHI-RAM,False,fum_rec_td,False,True,fum_rec_td,,6
Rudy Bukich,1965,3,1965-10-03,False,CHI,GNB,A,L,14,23,13,20,195,1,0,113.5,,1,-4,0,0,0,0,0,0,0,11.4,11.4,2934,False,sacked,PFR+RULE2PT+SCORE0,19651003-CHI-GNB,True,,True,True,,,0
Rudy Bukich,1965,4,1965-10-10,False,CHI,RAM,H,W,31,6,16,22,299,1,0,129.9,,6,-1,1,0,0,0,0,0,0,21.86,21.86,2934,False,sacked,PFR+RULE2PT+SCORE0,19651010-RAM-CHI,True,,True,True,,,0
Rudy Bukich,1965,5,1965-10-17,False,CHI,MIN,A,W,45,37,9,19,113,3,1,84.0,,2,25,0,0,0,0,0,0,0,17.02,17.02,2934,False,sacked,PFR+RULE2PT+SCORE0,19651017-CHI-MIN,True,,True,True,,,0
Rudy Bukich,1965,6,1965-10-24,False,CHI,DET,H,W,38,10,11,15,120,3,0,136.1,,0,0,0,0,0,0,0,0,,16.8,16.8,2934,False,sacked;fum_rec_td,PFR+RULE2PT,19651024-DET-CHI,False,fum_rec_td,False,True,fum_rec_td,,6
Rudy Bukich,1965,7,1965-10-31,False,CHI,GNB,H,W,31,10,5,11,53,1,2,50.8,,1,-14,0,0,0,0,0,0,0,0.72,0.72,2934,False,sacked,PFR+RULE2PT+SCORE0,19651031-GNB-CHI,True,,True,True,,,0
Rudy Bukich,1965,8,1965-11-07,False,CHI,BAL,H,L,21,26,23,44,290,2,2,69.3,,5,2,0,0,0,0,0,0,0,15.8,15.8,2934,False,sacked,PFR+RULE2PT+SCORE0,19651107-BAL-CHI,True,,True,True,,,0
Rudy Bukich,1965,9,1965-11-14,False,CHI,STL,H,W,34,13,15,25,291,1,0,113.9,,1,11,1,0,0,0,0,0,0,22.74,22.74,2934,False,sacked,PFR+RULE2PT+SCORE0,19651114-STL-CHI,True,,True,True,,,0
Rudy Bukich,1965,10,1965-11-21,False,CHI,DET,A,W,17,10,9,16,53,0,0,62.8,,1,0,0,0,0,0,0,0,0,2.12,2.12,2934,False,sacked,PFR+RULE2PT+SCORE0,19651121-CHI-DET,True,,True,True,,,0
Rudy Bukich,1965,11,1965-11-28,False,CHI,NYG,A,W,35,14,15,24,234,1,0,108.7,,3,5,1,0,0,0,0,0,,19.86,19.86,2934,False,sacked;fum_rec_td,PFR+RULE2PT,19651128-CHI-NYG,False,fum_rec_td,False,True,fum_rec_td,,6
Rudy Bukich,1965,12,1965-12-05,False,CHI,BAL,A,W,13,0,16,24,216,0,1,77.8,,6,7,0,0,0,0,0,0,0,7.34,7.34,2934,False,sacked,PFR+RULE2PT+SCORE0,19651205-CHI-BAL,True,,True,True,,,0
Rudy Bukich,1965,13,1965-12-12,False,CHI,SFO,H,W,61,20,16,32,347,3,0,120.2,,1,1,0,0,0,0,0,0,0,25.98,25.98,2934,False,sacked,PFR+RULE2PT+SCORE0,19651212-SFO-CHI,True,,True,True,,,0
Rudy Bukich,1965,14,1965-12-19,False,CHI,MIN,H,L,17,24,11,28,182,0,3,22.3,,0,0,0,0,0,0,0,0,0,1.28,1.28,2934,False,sacked,PFR+RULE2PT+SCORE0,19651219-MIN-CHI,True,,True,True,,,0
Rudy Bukich,1966,1,1966-09-11,False,CHI,DET,A,L,3,14,15,27,120,0,2,36.0,,1,-1,0,0,0,0,0,0,0,0.7,0.7,2934,False,sacked,PFR+RULE2PT+SCORE0,19660911-CHI-DET,True,,True,True,,,0
Rudy Bukich,1966,2,1966-09-16,False,CHI,RAM,A,L,17,31,10,33,97,0,1,27.2,,1,4,0,0,0,0,0,0,0,2.28,2.28,2934,False,sacked,PFR+RULE2PT+SCORE0,19660916-CHI-RAM,True,,True,True,,,0
Rudy Bukich,1966,3,1966-10-02,False,CHI,MIN,A,W,13,10,13,25,179,1,1,71.9,,3,-4,0,0,0,0,0,0,0,8.76,8.76,2934,False,sacked,PFR+RULE2PT+SCORE0,19661002-CHI-MIN,True,,True,True,,,0
Rudy Bukich,1966,4,1966-10-09,False,CHI,BAL,H,W,27,17,8,15,96,0,1,45.4,,2,4,0,0,0,0,0,0,,2.24,2.24,2934,False,sacked;fum_rec_td,PFR+RULE2PT,19661009-BAL-CHI,False,fum_rec_td,False,True,fum_rec_td,,6
Rudy Bukich,1966,5,1966-10-16,False,CHI,GNB,H,L,0,17,12,23,69,0,3,18.5,,2,4,0,0,0,0,0,0,0,-2.84,-2.84,2934,False,sacked,PFR+RULE2PT+SCORE0,19661016-GNB-CHI,True,,True,True,,,0
Rudy Bukich,1966,6,1966-10-23,False,CHI,RAM,H,W,17,10,9,20,152,1,1,67.1,,3,3,0,0,0,0,0,0,0,8.38,8.38,2934,False,sacked,PFR+RULE2PT+SCORE0,19661023-RAM-CHI,True,,True,True,,,0
Rudy Bukich,1966,7,1966-10-31,False,CHI,STL,A,L,17,24,12,28,172,1,3,35.7,,1,1,1,0,0,0,0,0,0,10.98,10.98,2934,False,sacked,PFR+RULE2PT+SCORE0,19661031-CHI-STL,True,,True,True,,,0
Rudy Bukich,1966,8,1966-11-06,False,CHI,DET,H,T,10,10,9,16,123,0,0,81.0,,0,0,0,0,0,0,0,0,0,4.92,4.92,2934,False,sacked,PFR+RULE2PT+SCORE0,19661106-DET-CHI,True,,True,True,,,0
Rudy Bukich,1966,9,1966-11-13,False,CHI,SFO,H,T,30,30,8,21,154,2,1,76.3,,1,5,0,0,0,0,0,0,,12.66,12.66,2934,False,sacked;fum_rec_td,PFR+RULE2PT,19661113-SFO-CHI,False,fum_rec_td,False,True,fum_rec_td,,6
Rudy Bukich,1966,10,1966-11-20,False,CHI,GNB,A,L,6,13,7,17,79,0,2,16.2,,1,-3,0,0,0,0,0,0,0,-1.14,-1.14,2934,False,sacked,PFR+RULE2PT+SCORE0,19661120-CHI-GNB,True,,True,True,,,0
Rudy Bukich,1966,11,1966-11-27,False,CHI,ATL,H,W,23,6,16,23,215,2,2,91.8,,1,-2,0,0,0,0,0,0,0,12.4,12.4,2934,False,sacked,PFR+RULE2PT+SCORE0,19661127-ATL-CHI,True,,True,True,,,0
Rudy Bukich,1966,12,1966-12-04,False,CHI,BAL,A,L,16,21,22,38,236,1,2,63.0,,1,-9,0,0,0,0,0,0,0,8.54,8.54,2934,False,sacked,PFR+RULE2PT+SCORE0,19661204-CHI-BAL,True,,True,True,,,0
Rudy Bukich,1966,13,1966-12-11,False,CHI,SFO,A,L,14,41,3,12,46,1,2,31.2,,0,0,0,0,0,0,0,0,0,1.84,1.84,2934,False,sacked,PFR+RULE2PT+SCORE0,19661211-CHI-SFO,True,,True,True,,,0
Rudy Bukich,1966,14,1966-12-18,False,CHI,MIN,H,W,41,28,3,11,120,1,0,102.8,,1,12,1,0,0,0,0,0,0,16.0,16.0,2934,False,sacked,PFR+RULE2PT+SCORE0,19661218-MIN-CHI,True,,True,True,,,0
Rudy Bukich,1967,1,1967-09-17,False,CHI,PIT,A,L,13,41,1,3,-1,0,1,2.8,,0,0,0,0,0,0,0,0,,-2.04,-2.04,2934,False,sacked;fum_rec_td,PFR+RULE2PT,19670917-CHI-PIT,False,fum_rec_td,False,True,fum_rec_td,,6
Rudy Bukich,1967,4,1967-10-08,False,CHI,BAL,H,L,3,24,14,22,172,0,1,68.8,,3,-4,0,0,0,0,0,0,0,4.48,4.48,2934,False,sacked,PFR+RULE2PT+SCORE0,19671008-BAL-CHI,True,,True,True,,,0
Rudy Bukich,1967,6,1967-10-22,False,CHI,CLE,A,L,0,24,3,8,14,0,0,45.8,,1,-9,0,0,0,0,0,0,0,-0.34,-0.34,2934,False,sacked,PFR+RULE2PT+SCORE0,19671022-CHI-CLE,True,,True,True,,,0
Rudy Bukich,1968,2,1968-09-22,False,CHI,DET,A,L,0,42,1,3,13,0,0,47.9,,0,0,0,0,0,0,0,0,0,0.52,0.52,2934,False,sacked,PFR+RULE2PT+SCORE0,19680922-CHI-DET,True,,True,True,,,0
Rudy Bukich,1968,3,1968-09-29,False,CHI,MIN,A,W,27,17,1,4,10,0,0,39.6,,0,0,0,0,0,0,0,0,0,0.4,0.4,2934,False,sacked,PFR+RULE2PT+SCORE0,19680929-CHI-MIN,True,,True,True,,,0
Randy Johnson,1966,1,1966-09-11,False,ATL,RAM,H,L,14,19,9,25,154,1,2,37.7,,1,3,1,0,0,0,0,0,0,12.46,12.46,11390,False,sacked,PFR+RULE2PT+SCORE0,19660911-RAM-ATL,True,,True,True,,,0
Randy Johnson,1966,2,1966-09-18,False,ATL,PHI,A,L,10,23,14,31,218,1,3,40.2,,0,0,0,0,0,0,0,0,0,6.72,6.72,11390,False,sacked,PFR+RULE2PT+SCORE0,19660918-ATL-PHI,True,,True,True,,,0
Randy Johnson,1966,3,1966-09-25,False,ATL,DET,A,L,10,28,5,14,47,0,0,45.8,,5,27,0,0,0,0,0,0,0,4.58,4.58,11390,False,sacked,PFR+RULE2PT+SCORE0,19660925-ATL-DET,True,,True,True,,,0
Randy Johnson,1966,4,1966-10-02,False,ATL,DAL,H,L,14,47,10,18,139,0,1,57.4,,3,-2,1,0,0,0,0,0,0,9.36,9.36,11390,False,sacked,PFR+RULE2PT+SCORE0,19661002-DAL-ATL,True,,True,True,,,0
Randy Johnson,1966,5,1966-10-09,False,ATL,WAS,A,L,20,33,2,6,17,0,1,2.8,,2,16,0,0,0,0,0,0,0,0.28,0.28,11390,False,sacked,PFR+RULE2PT+SCORE0,19661009-ATL-WAS,True,,True,True,,,0
Randy Johnson,1966,6,1966-10-16,False,ATL,SFO,H,L,7,44,4,8,75,1,1,82.8,,0,0,0,0,0,0,0,0,0,5.0,5.0,11390,False,sacked,PFR+RULE2PT+SCORE0,19661016-SFO-ATL,True,,True,True,,,0
Randy Johnson,1966,7,1966-10-23,False,ATL,GNB,A,L,3,56,5,17,91,0,3,9.8,,2,20,0,0,0,0,0,0,0,-0.36,-0.36,11390,False,sacked,PFR+RULE2PT+SCORE0,19661023-ATL-GNB,True,,True,True,,,0
Randy Johnson,1966,8,1966-10-30,False,ATL,CLE,H,L,17,49,14,25,158,1,1,71.7,,4,40,0,0,0,0,0,0,0,12.32,12.32,11390,False,sacked,PFR+RULE2PT+SCORE0,19661030-CLE-ATL,True,,True,True,,,0
Randy Johnson,1966,9,1966-11-13,False,ATL,BAL,H,L,7,19,14,27,171,1,4,44.4,,4,4,0,0,0,0,0,0,0,3.24,3.24,11390,False,sacked,PFR+RULE2PT+SCORE0,19661113-BAL-ATL,True,,True,True,,,0
Randy Johnson,1966,10,1966-11-20,False,ATL,NYG,A,W,27,16,15,25,177,3,1,104.5,,3,1,1,0,0,0,0,0,0,23.18,23.18,11390,False,sacked,PFR+RULE2PT+SCORE0,19661120-ATL-NYG,True,,True,True,,,0
Randy Johnson,1966,11,1966-11-27,False,ATL,CHI,A,L,6,23,7,19,114,1,0,75.3,,2,21,0,0,0,0,0,0,0,10.66,10.66,11390,False,sacked,PFR+RULE2PT+SCORE0,19661127-ATL-CHI,True,,True,True,,,0
Randy Johnson,1966,12,1966-12-04,False,ATL,MIN,A,W,20,13,11,22,114,0,0,65.3,,5,7,1,0,0,0,0,0,,11.26,11.26,11390,False,sacked;fum_rec_td,PFR+RULE2PT,19661204-ATL-MIN,False,fum_rec_td,False,True,fum_rec_td,,6
Randy Johnson,1966,13,1966-12-11,False,ATL,STL,H,W,16,10,8,32,105,1,1,38.2,,2,5,0,0,0,0,0,0,0,6.7,6.7,11390,False,sacked,PFR+RULE2PT+SCORE0,19661211-STL-ATL,True,,True,True,,,0
Randy Johnson,1966,14,1966-12-18,False,ATL,PIT,H,L,33,57,11,26,215,2,3,57.9,,2,0,0,0,0,0,0,0,0,10.6,10.6,11390,False,sacked,PFR+RULE2PT+SCORE0,19661218-PIT-ATL,True,,True,True,,,0
Randy Johnson,1967,1,1967-09-17,False,ATL,BAL,A,L,31,38,18,29,217,1,4,56.9,,4,39,1,0,0,0,0,0,,14.58,14.58,11390,False,sacked;fum_rec_td,PFR+RULE2PT,19670917-ATL-BAL,False,fum_rec_td,False,True,fum_rec_td,,6
Randy Johnson,1967,2,1967-09-24,False,ATL,SFO,A,L,7,38,9,16,93,0,1,47.1,,1,0,0,0,0,0,0,0,0,1.72,1.72,11390,False,sacked,PFR+RULE2PT+SCORE0,19670924-ATL-SFO,True,,True,True,,,0
Randy Johnson,1967,3,1967-10-01,False,ATL,GNB,A,L,0,23,3,7,16,0,1,10.7,,2,16,0,0,0,0,0,0,0,0.24,0.24,11390,False,sacked,PFR+RULE2PT+SCORE0,19671001-ATL-GNB,True,,True,True,,,0
Randy Johnson,1967,4,1967-10-08,False,ATL,PHI,H,L,7,38,15,26,155,0,2,42.9,,1,8,0,0,0,0,0,0,0,3.0,3.0,11390,False,sacked,PFR+RULE2PT+SCORE0,19671008-PHI-ATL,True,,True,True,,,0
Randy Johnson,1967,5,1967-10-15,False,ATL,WAS,H,T,20,20,12,21,132,1,0,91.8,,3,14,0,0,0,0,0,0,0,10.68,10.68,11390,False,sacked,PFR+RULE2PT+SCORE0,19671015-WAS-ATL,True,,True,True,,,0
Randy Johnson,1967,6,1967-10-22,False,ATL,DET,A,L,3,24,0,0,0,0,0,0,,1,-2,0,0,0,0,0,0,0,-0.2,-0.2,11390,False,sacked,PFR+RULE2PT+SCORE0,19671022-ATL-DET,True,,True,True,,,0
Randy Johnson,1967,7,1967-10-29,False,ATL,MIN,H,W,21,20,9,17,118,2,0,114.3,,1,7,0,0,0,0,0,0,,13.42,13.42,11390,False,sacked;fum_rec_td,PFR+RULE2PT,19671029-MIN-ATL,False,fum_rec_td,False,True,fum_rec_td,,6
Randy Johnson,1967,8,1967-11-05,False,ATL,DAL,A,L,7,37,18,35,189,1,3,41.3,,0,0,0,0,0,0,0,0,0,5.56,5.56,11390,False,sacked,PFR+RULE2PT+SCORE0,19671105-ATL-DAL,True,,True,True,,,0
Randy Johnson,1967,9,1967-11-12,False,ATL,BAL,H,L,7,49,4,12,22,0,2,2.8,,0,0,0,0,0,0,0,0,0,-3.12,-3.12,11390,False,sacked,PFR+RULE2PT+SCORE0,19671112-BAL-ATL,True,,True,True,,,0
Randy Johnson,1967,10,1967-11-19,False,ATL,RAM,H,L,3,31,12,28,157,0,4,21.6,,4,10,0,0,0,0,0,0,0,-0.72,-0.72,11390,False,sacked,PFR+RULE2PT+SCORE0,19671119-RAM-ATL,True,,True,True,,,0
Randy Johnson,1967,11,1967-11-26,False,ATL,NOR,A,L,24,27,8,19,80,1,0,72.3,,3,28,0,0,0,0,0,0,0,10.0,10.0,11390,False,sacked,PFR+RULE2PT+SCORE0,19671126-ATL-NOR,True,,True,True,,,0
Randy Johnson,1967,12,1967-12-03,False,ATL,RAM,A,L,3,20,6,14,51,0,1,23.2,,2,13,0,0,0,0,0,0,0,1.34,1.34,11390,False,sacked,PFR+RULE2PT+SCORE0,19671203-ATL-RAM,True,,True,True,,,0
Randy Johnson,1967,13,1967-12-10,False,ATL,SFO,H,L,28,34,14,34,263,3,2,73.5,,2,11,0,0,0,0,0,0,0,19.62,19.62,11390,False,sacked,PFR+RULE2PT+SCORE0,19671210-SFO-ATL,True,,True,True,,,0
Randy Johnson,1967,14,1967-12-17,False,ATL,CHI,H,L,14,23,14,30,127,1,1,55.8,,0,0,0,0,0,0,0,0,0,7.08,7.08,11390,False,sacked,PFR+RULE2PT+SCORE0,19671217-CHI-ATL,True,,True,True,,,0
Randy Johnson,1968,1,1968-09-14,False,ATL,MIN,A,L,7,47,15,28,164,0,0,71.1,,1,1,0,0,0,0,0,0,0,6.66,6.66,11390,False,sacked,PFR+RULE2PT+SCORE0,19680914-ATL-MIN,True,,True,True,,,0
Randy Johnson,1968,2,1968-09-22,False,ATL,BAL,H,L,20,28,11,24,172,1,1,66.7,,4,6,1,0,0,0,0,0,0,15.48,15.48,11390,False,sacked,PFR+RULE2PT+SCORE0,19680922-BAL-ATL,True,,True,True,,,0
Randy Johnson,1968,3,1968-09-29,False,ATL,SFO,A,L,13,28,12,25,139,1,1,61.9,,3,61,0,0,0,0,0,0,0,13.66,13.66,11390,False,sacked,PFR+RULE2PT+SCORE0,19680929-ATL-SFO,True,,True,True,,,0
Randy Johnson,1968,4,1968-10-06,False,ATL,GNB,H,L,7,38,4,14,94,0,3,15.5,,0,0,0,0,0,0,0,0,0,-2.24,-2.24,11390,False,sacked,PFR+RULE2PT+SCORE0,19681006-GNB-ATL,True,,True,True,,,0
Randy Johnson,1968,5,1968-10-13,False,ATL,NYG,H,W,24,21,5,8,55,0,0,82.8,,0,0,0,0,0,0,0,0,0,2.2,2.2,11390,False,sacked,PFR+RULE2PT+SCORE0,19681013-NYG-ATL,True,,True,True,,,0
Randy Johnson,1968,7,1968-10-27,False,ATL,CLE,A,L,7,30,6,15,70,0,1,27.1,,1,26,0,0,0,0,0,0,0,3.4,3.4,11390,False,sacked,PFR+RULE2PT+SCORE0,19681027-ATL-CLE,True,,True,True,,,0
Randy Johnson,1968,12,1968-12-01,False,ATL,BAL,A,L,0,44,7,15,50,0,3,15.3,,0,0,0,0,0,0,0,0,0,-4.0,-4.0,11390,False,sacked,PFR+RULE2PT+SCORE0,19681201-ATL-BAL,True,,True,True,,,0
Randy Johnson,1968,14,1968-12-15,False,ATL,SFO,H,L,12,14,13,27,148,0,1,49.6,,2,3,0,0,0,0,0,0,,4.22,4.22,11390,False,sacked;fum_rec_td,PFR+RULE2PT,19681215-SFO-ATL,False,fum_rec_td,False,True,fum_rec_td,,6
Randy Johnson,1969,4,1969-10-12,False,ATL,DAL,H,L,17,24,11,27,151,2,1,68.6,,4,31,0,0,0,0,0,0,0,15.14,15.14,11390,False,sacked,PFR+RULE2PT+SCORE0,19691012-DAL-ATL,True,,True,True,,,0
Randy Johnson,1969,5,1969-10-19,False,ATL,SFO,A,W,21,7,4,13,67,0,1,17.1,,1,2,0,0,0,0,0,0,,0.88,0.88,11390,False,sacked;fum_rec_td,PFR+RULE2PT,19691019-ATL-SFO,False,fum_rec_td,False,True,fum_rec_td,,6
Randy Johnson,1969,7,1969-11-02,False,ATL,RAM,H,L,6,38,12,21,189,0,1,67.4,,1,2,0,0,0,0,0,0,0,5.76,5.76,11390,False,sacked,PFR+RULE2PT+SCORE0,19691102-RAM-ATL,True,,True,True,,,0
Randy Johnson,1969,8,1969-11-09,False,ATL,DET,A,L,21,27,11,14,157,2,1,123.2,,1,10,0,0,0,0,0,0,0,13.28,13.28,11390,False,sacked,PFR+RULE2PT+SCORE0,19691109-ATL-DET,True,,True,True,,,0
Randy Johnson,1969,9,1969-11-16,False,ATL,CHI,H,W,48,31,10,14,202,4,1,123.5,,3,5,0,0,0,0,0,0,0,22.58,22.58,11390,False,sacked,PFR+RULE2PT+SCORE0,19691116-CHI-ATL,True,,True,True,,,0
Randy Johnson,1969,10,1969-11-23,False,ATL,WAS,A,L,20,27,3,4,22,0,0,87.5,,1,5,1,0,0,0,0,0,0,7.38,7.38,11390,False,sacked,PFR+RULE2PT+SCORE0,19691123-ATL-WAS,True,,True,True,,,0
Al Dorow,1960,1,1960-09-11,False,NYT,BUF,H,W,27,3,6,12,74,0,1,34.7,,3,31,2,0,0,0,0,0,0,16.06,16.06,5823,False,sacked,PFR+SCORE0,19600911-BUF-NYT,True,,True,True,,,0
Al Dorow,1960,2,1960-09-17,False,NYT,BOS,H,L,24,28,12,25,227,3,1,102.8,,4,29,0,0,0,0,0,0,0,21.98,21.98,5823,False,sacked,PFR+SCORE0,19600917-BOS-NYT,True,,True,True,,,0
Al Dorow,1960,3,1960-09-23,False,NYT,DEN,H,W,28,24,8,21,99,1,2,29.8,,2,18,0,0,0,0,0,,,5.76,5.76,5823,False,sacked;two_pt;fum_rec_td,PFR,19600923-DEN-NYT,False,two_pt;fum_rec_td,False,True,two_pt;fum_rec_td,,6
Al Dorow,1960,4,1960-10-02,False,NYT,DTX,A,W,37,35,18,35,281,4,1,104.6,,3,26,1,0,0,0,0,0,0,33.84,33.84,5823,False,sacked,PFR+SCORE0,19601002-NYT-DTX,True,,True,True,,,0
Al Dorow,1960,5,1960-10-09,False,NYT,HOU,A,L,21,27,11,21,150,1,0,91.4,,3,14,0,0,0,0,0,0,0,11.4,11.4,5823,False,sacked,PFR+SCORE0,19601009-NYT-HOU,True,,True,True,,,0
Al Dorow,1960,6,1960-10-16,False,NYT,BUF,A,W,17,13,16,35,158,1,3,32.8,,18,72,1,0,0,0,0,0,0,17.52,17.52,5823,False,sacked,PFR+SCORE0,19601016-NYT-BUF,True,,True,True,,,0
Al Dorow,1960,7,1960-10-23,False,NYT,HOU,H,L,28,42,13,24,118,1,4,42.0,,4,34,0,0,0,0,0,0,0,4.12,4.12,5823,False,sacked,PFR+SCORE0,19601023-HOU-NYT,True,,True,True,,,0
Al Dorow,1960,8,1960-10-28,False,NYT,OAK,H,L,27,28,15,34,201,2,3,46.3,,1,22,0,0,0,0,0,0,0,12.24,12.24,5823,False,sacked,PFR+SCORE0,19601028-OAK-NYT,True,,True,True,,,0
Al Dorow,1960,9,1960-11-04,False,NYT,LAC,H,L,7,21,12,32,169,1,3,26.7,,8,22,0,0,0,0,0,0,0,6.96,6.96,5823,False,sacked,PFR+SCORE0,19601104-LAC-NYT,True,,True,True,,,0
Al Dorow,1960,10,1960-11-11,False,NYT,BOS,A,L,21,38,16,25,191,1,1,83.9,,8,32,0,0,0,0,0,0,0,12.84,12.84,5823,False,sacked,PFR+SCORE0,19601111-NYT-BOS,True,,True,True,,,0
Al Dorow,1960,11,1960-11-24,False,NYT,DTX,H,W,41,35,21,33,301,2,1,100.7,,11,48,1,0,0,0,0,,,28.84,28.84,5823,False,sacked;two_pt;fum_rec_td,PFR,19601124-DTX-NYT,False,two_pt;fum_rec_td,False,True,two_pt;fum_rec_td,,6
Al Dorow,1960,12,1960-12-04,False,NYT,DEN,A,W,30,27,12,23,204,3,3,82.5,,10,49,0,0,0,0,0,,,19.06,19.06,5823,False,sacked;two_pt;fum_rec_td,PFR,19601204-NYT-DEN,False,two_pt;fum_rec_td,False,True,two_pt;fum_rec_td,,6
Al Dorow,1960,13,1960-12-11,False,NYT,OAK,A,W,31,28,29,48,375,3,0,105.8,,8,43,1,0,0,0,0,0,0,37.3,37.3,5823,False,sacked,PFR+SCORE0,19601211-NYT-OAK,True,,True,True,,,0
Al Dorow,1960,14,1960-12-18,False,NYT,LAC,A,L,43,50,12,28,200,3,3,63.7,,7,13,1,0,0,0,0,,,21.3,21.3,5823,False,sacked;two_pt;fum_rec_td,PFR,19601218-NYT-LAC,False,two_pt;fum_rec_td,False,True,two_pt;fum_rec_td,,2
Al Dorow,1961,1,1961-09-09,False,NYT,BOS,A,W,21,20,15,26,183,2,1,89.1,,5,27,1,0,0,0,0,0,0,22.02,22.02,5823,False,sacked,PFR+SCORE0,19610909-NYT-BOS,True,,True,True,,,0
Al Dorow,1961,2,1961-09-17,False,NYT,BUF,A,L,31,41,24,44,281,4,3,76.0,,4,12,0,0,0,0,0,0,0,22.44,22.44,5823,False,sacked,PFR+SCORE0,19610917-NYT-BUF,True,,True,True,,,0
Al Dorow,1961,3,1961-09-24,False,NYT,DEN,H,W,35,28,9,25,121,3,3,52.2,,1,25,0,0,0,0,0,0,0,13.34,13.34,5823,False,sacked,PFR+SCORE0,19610924-DEN-NYT,True,,True,True,,,0
Al Dorow,1961,4,1961-10-01,False,NYT,BOS,H,W,37,30,14,29,195,2,0,93.3,,6,26,0,0,0,0,0,0,0,18.4,18.4,5823,False,sacked,PFR+SCORE0,19611001-BOS-NYT,True,,True,True,,,0
Al Dorow,1961,5,1961-10-15,False,NYT,SDG,H,L,10,25,18,40,186,1,4,27.7,,4,19,0,0,0,0,0,0,0,5.34,5.34,5823,False,sacked,PFR+SCORE0,19611015-SDG-NYT,True,,True,True,,,0
Al Dorow,1961,6,1961-10-22,False,NYT,DEN,A,L,10,27,14,36,226,1,3,35.2,,1,6,0,0,0,0,0,0,0,7.64,7.64,5823,False,sacked,PFR+SCORE0,19611022-NYT-DEN,True,,True,True,,,0
Al Dorow,1961,7,1961-10-29,False,NYT,OAK,A,W,14,6,8,20,104,0,1,36.2,,4,14,0,0,0,0,0,0,0,3.56,3.56,5823,False,sacked,PFR+SCORE0,19611029-NYT-OAK,True,,True,True,,,0
Al Dorow,1961,8,1961-11-05,False,NYT,SDG,A,L,13,48,12,24,127,0,3,26.2,,9,31,1,0,0,0,0,0,0,8.18,8.18,5823,False,sacked,PFR+SCORE0,19611105-NYT-SDG,True,,True,True,,,0
Al Dorow,1961,9,1961-11-11,False,NYT,OAK,H,W,23,12,15,34,194,0,3,25.9,,3,15,0,0,0,0,0,0,0,3.26,3.26,5823,False,sacked,PFR+SCORE0,19611111-OAK-NYT,True,,True,True,,,0
Al Dorow,1961,10,1961-11-19,False,NYT,HOU,A,L,13,49,21,47,278,2,3,51.6,,2,3,0,0,0,0,0,0,0,13.42,13.42,5823,False,sacked,PFR+SCORE0,19611119-NYT-HOU,True,,True,True,,,0
Al Dorow,1961,11,1961-11-23,False,NYT,BUF,H,W,21,14,13,28,223,1,0,85.9,,4,25,1,0,0,0,0,,,21.42,21.42,5823,False,sacked;two_pt;fum_rec_td,PFR,19611123-BUF-NYT,False,two_pt;fum_rec_td,False,True,two_pt;fum_rec_td,,6
Al Dorow,1961,12,1961-12-03,False,NYT,DTX,H,W,28,7,17,33,272,1,1,76.8,,3,46,1,0,0,0,0,0,0,23.48,23.48,5823,False,sacked,PFR+SCORE0,19611203-DTX-NYT,True,,True,True,,,0
Al Dorow,1961,13,1961-12-10,False,NYT,HOU,H,L,21,48,9,28,171,2,2,48.4,,2,19,0,0,0,0,0,0,0,12.74,12.74,5823,False,sacked,PFR+SCORE0,19611210-HOU-NYT,True,,True,True,,,0
Al Dorow,1961,14,1961-12-17,False,NYT,DTX,A,L,24,35,8,24,90,0,3,5.9,,6,49,0,0,0,0,0,0,0,2.5,2.5,5823,False,sacked,PFR+SCORE0,19611217-NYT-DTX,True,,True,True,,,0
Al Dorow,1962,1,1962-09-09,False,BUF,HOU,H,L,23,28,4,17,44,0,3,0.0,,2,6,0,0,0,0,0,0,0,-3.64,-3.64,5823,False,sacked,PFR+SCORE0,19620909-HOU-BUF,True,,True,True,,,0
Al Dorow,1962,2,1962-09-15,False,BUF,DEN,H,L,20,23,16,34,193,2,2,60.0,,9,40,0,0,0,0,0,0,0,15.72,15.72,5823,False,sacked,PFR+SCORE0,19620915-DEN-BUF,True,,True,True,,,0
Al Dorow,1962,3,1962-09-22,False,BUF,NYT,H,L,6,17,6,11,69,0,1,35.8,,2,-2,0,0,0,0,0,0,0,0.56,0.56,5823,False,sacked,PFR+SCORE0,19620922-NYT-BUF,True,,True,True,,,0
Al Dorow,1962,4,1962-09-30,False,BUF,DTX,A,L,21,41,4,13,27,0,1,8.2,,2,13,0,0,0,0,0,,,0.38,0.38,5823,False,sacked;two_pt;fum_rec_td,PFR,19620930-BUF-DTX,False,two_pt;fum_rec_td,False,True,two_pt;fum_rec_td,,6
Gary Cuozzo,1963,5,1963-10-13,False,BAL,SFO,H,W,20,3,1,3,8,0,0,42.4,,0,0,0,0,0,0,0,0,0,0.32,0.32,4939,False,sacked,PFR+RULE2PT+SCORE0,19631013-SFO-BAL,True,,True,True,,,0
Gary Cuozzo,1963,10,1963-11-17,False,BAL,MIN,A,W,37,34,5,8,61,0,0,85.9,,1,-1,0,0,0,0,0,0,0,2.34,2.34,4939,False,sacked,PFR+RULE2PT+SCORE2,19631117-BAL-MIN,True,,True,True,,,2
Gary Cuozzo,1963,12,1963-12-01,False,BAL,WAS,A,W,36,20,1,2,19,0,0,83.3,,1,1,0,0,0,0,0,0,0,0.86,0.86,4939,False,sacked,PFR+RULE2PT+SCORE0,19631201-BAL-WAS,True,,True,True,,,0
Gary Cuozzo,1963,13,1963-12-08,False,BAL,MIN,H,W,41,10,3,4,16,0,0,81.2,,1,26,0,0,0,0,0,0,,3.24,3.24,4939,False,sacked;fum_rec_td,PFR+RULE2PT,19631208-MIN-BAL,False,fum_rec_td,False,True,fum_rec_td,,6
Gary Cuozzo,1964,3,1964-09-27,False,BAL,CHI,H,W,52,0,2,2,13,1,0,133.3,,1,2,0,0,0,0,0,0,0,4.72,4.72,4939,False,sacked,PFR+RULE2PT+SCORE0,19640927-CHI-BAL,True,,True,True,,,0
Gary Cuozzo,1964,5,1964-10-12,False,BAL,STL,H,W,47,27,2,6,16,0,0,42.4,,1,0,0,0,0,0,0,0,0,0.64,0.64,4939,False,sacked,PFR+RULE2PT+SCORE0,19641012-STL-BAL,True,,True,True,,,0
Gary Cuozzo,1964,7,1964-10-25,False,BAL,DET,A,W,34,0,0,1,0,0,0,39.6,,0,0,0,0,0,0,0,0,,0.0,0.0,4939,False,sacked;fum_rec_td,PFR+RULE2PT,19641025-BAL-DET,False,fum_rec_td,False,True,fum_rec_td,,6
Gary Cuozzo,1964,8,1964-11-01,False,BAL,SFO,H,W,37,7,2,2,16,1,0,139.6,,1,1,0,0,0,0,0,0,,4.74,4.74,4939,False,sacked;fum_rec_td,PFR+RULE2PT,19641101-SFO-BAL,False,fum_rec_td,False,True,fum_rec_td,,6
Gary Cuozzo,1964,9,1964-11-08,False,BAL,CHI,A,W,40,24,0,1,0,0,0,39.6,,0,0,0,0,0,0,0,0,0,0.0,0.0,4939,False,sacked,PFR+RULE2PT+SCORE0,19641108-BAL-CHI,True,,True,True,,,0
Gary Cuozzo,1964,12,1964-11-29,False,BAL,SFO,A,W,14,3,5,11,50,0,2,19.3,,4,-5,0,0,0,0,0,0,0,-2.5,-2.5,4939,False,sacked,PFR+RULE2PT+SCORE0,19641129-BAL-SFO,True,,True,True,,,0
Gary Cuozzo,1964,13,1964-12-06,False,BAL,DET,H,L,14,31,2,8,40,0,1,8.3,,0,0,0,0,0,0,0,0,,-0.4,-0.4,4939,False,sacked;fum_rec_td,PFR+RULE2PT,19641206-DET-BAL,False,fum_rec_td,False,True,fum_rec_td,,6
Gary Cuozzo,1964,14,1964-12-13,False,BAL,WAS,H,W,45,17,2,5,28,0,0,58.7,,0,0,0,0,0,0,0,0,0,1.12,1.12,4939,False,sacked,PFR+RULE2PT+SCORE0,19641213-WAS-BAL,True,,True,True,,,0
Gary Cuozzo,1965,4,1965-10-10,False,BAL,DET,H,W,31,7,1,3,5,0,0,42.4,,0,0,0,0,0,0,0,0,0,0.2,0.2,4939,False,sacked,PFR+RULE2PT+SCORE0,19651010-DET-BAL,True,,True,True,,,0
Gary Cuozzo,1965,5,1965-10-17,False,BAL,WAS,A,W,38,7,1,3,-5,0,0,42.4,,1,6,0,0,0,0,0,0,,0.4,0.4,4939,False,sacked;fum_rec_td,PFR+RULE2PT,19651017-BAL-WAS,False,fum_rec_td,False,True,fum_rec_td,,6
Gary Cuozzo,1965,8,1965-11-07,False,BAL,CHI,A,W,26,21,4,5,108,1,0,158.3,,1,-3,0,0,0,0,0,0,0,8.02,8.02,4939,False,sacked,PFR+RULE2PT+SCORE2,19651107-BAL-CHI,True,,True,True,,,2
Gary Cuozzo,1965,9,1965-11-14,False,BAL,MIN,A,W,41,21,16,26,208,5,0,126.3,,0,0,0,0,0,0,0,0,0,28.32,28.32,4939,False,sacked,PFR+RULE2PT+SCORE0,19651114-BAL-MIN,True,,True,True,,,0
Gary Cuozzo,1965,12,1965-12-05,False,BAL,CHI,H,L,0,13,12,30,172,0,2,31.5,,2,9,0,0,0,0,0,0,0,3.78,3.78,4939,False,sacked,PFR+RULE2PT+SCORE0,19651205-CHI-BAL,True,,True,True,,,0
Gary Cuozzo,1965,13,1965-12-12,False,BAL,GNB,H,L,27,42,20,38,212,1,2,56.0,,2,-4,0,0,0,0,0,0,0,8.08,8.08,4939,False,sacked,PFR+RULE2PT+SCORE0,19651212-GNB-BAL,True,,True,True,,,0
Gary Cuozzo,1966,1,1966-09-10,False,BAL,GNB,A,L,3,24,0,1,0,0,0,39.6,,0,0,0,0,0,0,0,0,0,0.0,0.0,4939,False,sacked,PFR+RULE2PT+SCORE0,19660910-BAL-GNB,True,,True,True,,,0
Gary Cuozzo,1966,3,1966-09-25,False,BAL,SFO,H,W,36,14,0,1,0,0,0,39.6,,0,0,0,0,0,0,0,0,0,0.0,0.0,4939,False,sacked,PFR+RULE2PT+SCORE0,19660925-SFO-BAL,True,,True,True,,,0
Gary Cuozzo,1966,5,1966-10-16,False,BAL,DET,H,W,45,14,4,5,65,1,0,158.3,,0,0,0,0,0,0,0,0,0,6.6,6.6,4939,False,sacked,PFR+RULE2PT+SCORE0,19661016-DET-BAL,True,,True,True,,,0
Gary Cuozzo,1966,8,1966-11-06,False,BAL,WAS,H,W,37,10,3,4,52,1,0,156.2,,0,0,0,0,0,0,0,0,0,6.08,6.08,4939,False,sacked,PFR+RULE2PT+SCORE0,19661106-WAS-BAL,True,,True,True,,,0
Gary Cuozzo,1966,10,1966-11-20,False,BAL,DET,A,L,14,20,12,18,178,1,0,117.4,,0,0,0,0,0,0,0,0,0,11.12,11.12,4939,False,sacked,PFR+RULE2PT+SCORE0,19661120-BAL-DET,True,,True,True,,,0
Gary Cuozzo,1966,11,1966-11-27,False,BAL,RAM,H,L,7,23,7,20,129,1,1,54.0,,1,9,0,0,0,0,0,0,0,8.06,8.06,4939,False,sacked,PFR+RULE2PT+SCORE0,19661127-RAM-BAL,True,,True,True,,,0
Gary Cuozzo,1966,13,1966-12-10,False,BAL,GNB,H,L,10,14,0,1,0,0,1,0.0,,0,0,0,0,0,0,0,0,0,-2.0,-2.0,4939,False,sacked,PFR+RULE2PT+SCORE0,19661210-GNB-BAL,True,,True,True,,,0
Gary Cuozzo,1967,2,1967-09-24,False,NOR,WAS,H,L,10,30,5,12,66,0,0,59.7,,0,0,0,0,0,0,0,0,0,2.64,2.64,4939,False,sacked,PFR+RULE2PT+SCORE0,19670924-WAS-NOR,True,,True,True,,,0
Gary Cuozzo,1967,3,1967-10-01,False,NOR,CLE,H,L,7,42,7,12,87,0,1,46.2,,2,6,0,0,0,0,0,0,0,2.08,2.08,4939,False,sacked,PFR+RULE2PT+SCORE0,19671001-CLE-NOR,True,,True,True,,,0
Gary Cuozzo,1967,4,1967-10-08,False,NOR,NYG,A,L,21,27,14,28,156,2,1,75.9,,2,8,1,0,0,0,0,0,0,19.04,19.04,4939,False,sacked,PFR+RULE2PT+SCORE0,19671008-NOR-NYG,True,,True,True,,,0
Gary Cuozzo,1967,5,1967-10-15,False,NOR,DAL,A,L,10,14,12,22,101,0,1,47.7,,0,0,0,0,0,0,0,0,,2.04,2.04,4939,False,sacked;fum_rec_td,PFR+RULE2PT,19671015-NOR-DAL,False,fum_rec_td,False,True,fum_rec_td,,6
Gary Cuozzo,1967,6,1967-10-22,False,NOR,SFO,A,L,13,27,11,20,138,1,1,72.5,,0,0,0,0,0,0,0,0,0,7.52,7.52,4939,False,sacked,PFR+RULE2PT+SCORE0,19671022-NOR-SFO,True,,True,True,,,0
Gary Cuozzo,1967,7,1967-10-29,False,NOR,PIT,H,L,10,14,19,35,236,0,1,63.5,,2,3,0,0,0,0,0,0,0,7.74,7.74,4939,False,sacked,PFR+RULE2PT+SCORE0,19671029-PIT-NOR,True,,True,True,,,0
Gary Cuozzo,1967,8,1967-11-05,False,NOR,PHI,H,W,31,24,9,16,151,1,2,69.5,,8,17,0,0,0,0,0,0,,7.74,7.74,4939,False,sacked;fum_rec_td,PFR+RULE2PT,19671105-PHI-NOR,False,fum_rec_td,False,True,fum_rec_td,,12
Gary Cuozzo,1967,9,1967-11-12,False,NOR,DAL,H,L,10,27,16,32,172,1,1,63.5,,0,0,0,0,0,0,0,0,0,8.88,8.88,4939,False,sacked,PFR+RULE2PT+SCORE0,19671112-DAL-NOR,True,,True,True,,,0
Gary Cuozzo,1967,10,1967-11-19,False,NOR,PHI,A,L,21,48,9,21,106,1,1,54.9,,2,0,0,0,0,0,0,0,0,6.24,6.24,4939,False,sacked,PFR+RULE2PT+SCORE0,19671119-NOR-PHI,True,,True,True,,,0
Gary Cuozzo,1967,11,1967-11-26,False,NOR,ATL,H,W,27,24,11,21,118,1,0,85.0,,0,0,0,0,0,0,0,0,0,8.72,8.72,4939,False,sacked,PFR+RULE2PT+SCORE0,19671126-ATL-NOR,True,,True,True,,,0
Gary Cuozzo,1967,12,1967-12-03,False,NOR,STL,A,L,20,31,0,3,0,0,0,39.6,,0,0,0,0,0,0,0,0,0,0.0,0.0,4939,False,sacked,PFR+RULE2PT+SCORE0,19671203-NOR-STL,True,,True,True,,,0
Gary Cuozzo,1967,13,1967-12-10,False,NOR,BAL,A,L,10,30,18,34,214,0,3,35.7,,2,3,0,0,0,0,0,0,0,2.86,2.86,4939,False,sacked,PFR+RULE2PT+SCORE0,19671210-NOR-BAL,True,,True,True,,,0
Gary Cuozzo,1967,14,1967-12-17,False,NOR,WAS,A,W,30,14,3,4,17,0,0,82.3,,1,6,0,0,0,0,0,0,0,1.28,1.28,4939,False,sacked,PFR+RULE2PT+SCORE2,19671217-NOR-WAS,True,,True,True,,,2
Gary Cuozzo,1968,1,1968-09-14,False,MIN,ATL,H,W,47,7,3,3,41,0,0,118.7,,1,4,0,0,0,0,0,0,0,2.04,2.04,4939,False,sacked,PFR+RULE2PT+SCORE0,19680914-ATL-MIN,True,,True,True,,,0
Gary Cuozzo,1968,3,1968-09-29,False,MIN,CHI,H,L,17,27,4,4,69,1,0,158.3,,0,0,0,0,0,0,0,0,0,6.76,6.76,4939,False,sacked,PFR+RULE2PT+SCORE0,19680929-CHI-MIN,True,,True,True,,,0
Gary Cuozzo,1968,4,1968-10-06,False,MIN,DET,H,W,24,10,5,8,46,0,0,78.1,,0,0,0,0,0,0,0,0,0,1.84,1.84,4939,False,sacked,PFR+RULE2PT+SCORE0,19681006-DET-MIN,True,,True,True,,,0
Gary Cuozzo,1968,11,1968-11-24,False,MIN,BAL,A,L,9,21,12,18,141,0,0,90.3,,0,0,0,0,0,0,0,0,0,5.64,5.64,4939,False,sacked,PFR+RULE2PT+SCORE0,19681124-MIN-BAL,True,,True,True,,,0
Gary Cuozzo,1969,1,1969-09-21,False,MIN,NYG,A,L,23,24,13,28,255,2,1,87.6,,0,0,0,0,0,0,0,0,0,16.2,16.2,4939,False,sacked,PFR+RULE2PT+SCORE0,19690921-MIN-NYG,True,,True,True,,,0
Gary Cuozzo,1969,2,1969-09-28,False,MIN,BAL,H,W,52,14,4,7,54,0,1,42.3,,0,0,0,0,0,0,0,0,0,0.16,0.16,4939,False,sacked,PFR+RULE2PT+SCORE0,19690928-BAL-MIN,True,,True,True,,,0
Gary Cuozzo,1969,6,1969-10-26,False,MIN,DET,H,W,24,10,0,0,0,0,0,0,,1,-4,0,0,0,0,0,0,0,-0.4,-0.4,4939,False,sacked,PFR+RULE2PT+SCORE0,19691026-DET-MIN,True,,True,True,,,0
Gary Cuozzo,1969,7,1969-11-02,False,MIN,CHI,H,W,31,14,0,3,0,0,1,0.0,,0,0,0,0,0,0,0,0,0,-2.0,-2.0,4939,False,sacked,PFR+RULE2PT+SCORE0,19691102-CHI-MIN,True,,True,True,,,0
Gary Cuozzo,1969,8,1969-11-09,False,MIN,CLE,H,W,51,3,4,8,51,0,0,70.3,,0,0,0,0,0,0,0,0,0,2.04,2.04,4939,False,sacked,PFR+RULE2PT+SCORE0,19691109-CLE-MIN,True,,True,True,,,0
Gary Cuozzo,1969,9,1969-11-16,False,MIN,GNB,A,W,9,7,11,16,105,0,1,60.7,,1,2,0,0,0,0,0,0,0,2.4,2.4,4939,False,sacked,PFR+RULE2PT+SCORE0,19691116-MIN-GNB,True,,True,True,,,0
Gary Cuozzo,1969,10,1969-11-23,False,MIN,PIT,H,W,52,14,12,19,142,2,0,120.9,,0,0,0,0,0,0,0,0,,13.68,13.68,4939,False,sacked;fum_rec_td,PFR+RULE2PT,19691123-PIT-MIN,False,fum_rec_td,False,True,fum_rec_td,,12
Gary Cuozzo,1969,11,1969-11-27,False,MIN,DET,A,W,27,0,1,4,24,0,0,52.1,,0,0,0,0,0,0,0,0,,0.96,0.96,4939,False,sacked;fum_rec_td,PFR+RULE2PT,19691127-MIN-DET,False,fum_rec_td,False,True,fum_rec_td,,6
Gary Cuozzo,1969,14,1969-12-21,False,MIN,ATL,A,L,3,10,4,13,62,0,1,15.5,,1,-2,0,0,0,0,0,0,0,0.28,0.28,4939,False,sacked,PFR+RULE2PT+SCORE0,19691221-MIN-ATL,True,,True,True,,,0
Gary Cuozzo,1969,19,1970-01-11,True,MIN,KAN,N,L,7,23,1,3,16,0,1,12.5,,0,0,0,0,0,0,0,0,0,-1.36,-1.36,4939,False,sacked,PFR+SCORE0,19700111-KAN-MIN-N,True,,True,True,,,0
Jim Ninowski,1960,1,1960-10-02,False,DET,GNB,A,L,9,28,18,32,203,0,1,62.4,,5,17,0,0,0,0,0,0,0,7.82,7.82,16428,False,sacked,PFR+RULE2PT+SCORE0,19601002-DET-GNB,True,,True,True,,,0
Jim Ninowski,1960,2,1960-10-09,False,DET,SFO,H,L,10,14,13,22,135,0,1,58.0,,4,19,0,0,0,0,0,0,0,5.3,5.3,16428,False,sacked,PFR+RULE2PT+SCORE0,19601009-SFO-DET,True,,True,True,,,0
Jim Ninowski,1960,3,1960-10-16,False,DET,PHI,A,L,10,28,7,22,99,0,3,7.8,,4,19,0,0,0,0,0,0,,-0.14,-0.14,16428,False,sacked;fum_rec_td,PFR+RULE2PT,19601016-DET-PHI,False,fum_rec_td,False,True,fum_rec_td,,6
Jim Ninowski,1960,4,1960-10-23,False,DET,BAL,H,W,30,17,7,17,145,0,0,71.9,,3,6,1,0,0,0,0,0,,12.4,12.4,16428,False,sacked;fum_rec_td,PFR+RULE2PT,19601023-BAL-DET,False,fum_rec_td,False,True,fum_rec_td,,6
Jim Ninowski,1960,5,1960-10-30,False,DET,RAM,A,L,35,48,22,45,242,0,5,25.6,,8,25,3,0,0,0,0,0,0,20.18,20.18,16428,False,sacked,PFR+RULE2PT+SCORE0,19601030-DET-RAM,True,,True,True,,,0
Jim Ninowski,1960,6,1960-11-06,False,DET,SFO,A,W,24,0,14,30,197,1,0,79.4,,1,0,0,0,0,0,0,0,0,11.88,11.88,16428,False,sacked,PFR+RULE2PT+SCORE0,19601106-DET-SFO,True,,True,True,,,0
Jim Ninowski,1960,7,1960-11-13,False,DET,RAM,H,W,12,10,15,30,152,0,2,37.1,,2,2,0,0,0,0,0,0,0,2.28,2.28,16428,False,sacked,PFR+RULE2PT+SCORE0,19601113-RAM-DET,True,,True,True,,,0
Jim Ninowski,1960,8,1960-11-20,False,DET,CHI,A,L,7,28,10,26,121,0,2,21.5,,1,-1,0,0,0,0,0,0,0,0.74,0.74,16428,False,sacked,PFR+RULE2PT+SCORE0,19601120-DET-CHI,True,,True,True,,,0
Jim Ninowski,1960,9,1960-11-24,False,DET,GNB,H,W,23,10,19,34,215,1,1,72.5,,2,12,1,0,0,0,0,0,0,17.8,17.8,16428,False,sacked,PFR+RULE2PT+SCORE2,19601124-GNB-DET,True,,True,True,,,2
Jim Ninowski,1960,10,1960-12-04,False,DET,BAL,A,W,20,15,8,22,82,0,2,10.0,,2,-18,0,0,0,0,0,0,0,-2.52,-2.52,16428,False,sacked,PFR+RULE2PT+SCORE0,19601204-DET-BAL,True,,True,True,,,0
Jim Ninowski,1960,12,1960-12-18,False,DET,CHI,H,W,36,0,1,3,8,0,1,2.8,,0,0,0,0,0,0,0,0,,-1.68,-1.68,16428,False,sacked;fum_rec_td,PFR+RULE2PT,19601218-CHI-DET,False,fum_rec_td,False,True,fum_rec_td,,8
Jim Ninowski,1961,2,1961-09-24,False,DET,BAL,A,W,16,15,0,2,0,0,0,39.6,,0,0,0,0,0,0,0,0,0,0.0,0.0,16428,False,sacked,PFR+RULE2PT+SCORE0,19610924-DET-BAL,True,,True,True,,,0
Jim Ninowski,1961,3,1961-10-01,False,DET,SFO,H,L,0,49,9,20,124,0,3,25.8,,0,0,0,0,0,0,0,0,0,-1.04,-1.04,16428,False,sacked,PFR+RULE2PT+SCORE0,19611001-SFO-DET,True,,True,True,,,0
Jim Ninowski,1961,5,1961-10-15,False,DET,RAM,H,W,14,13,10,21,181,1,3,54.0,,4,19,0,0,0,0,0,0,0,7.14,7.14,16428,False,sacked,PFR+RULE2PT+SCORE0,19611015-RAM-DET,True,,True,True,,,0
Jim Ninowski,1961,6,1961-10-22,False,DET,BAL,H,L,14,17,7,18,140,2,0,103.9,,3,9,0,0,0,0,0,0,0,14.5,14.5,16428,False,sacked,PFR+RULE2PT+SCORE0,19611022-BAL-DET,True,,True,True,,,0
Jim Ninowski,1961,7,1961-10-29,False,DET,RAM,A,W,28,10,11,23,249,0,0,87.0,,4,23,1,0,0,0,0,0,0,18.26,18.26,16428,False,sacked,PFR+RULE2PT+SCORE0,19611029-DET-RAM,True,,True,True,,,0
Jim Ninowski,1961,8,1961-11-05,False,DET,SFO,A,T,20,20,19,36,290,0,3,44.9,,3,53,2,0,0,0,0,0,0,22.9,22.9,16428,False,sacked,PFR+RULE2PT+SCORE0,19611105-DET-SFO,True,,True,True,,,0
Jim Ninowski,1961,9,1961-11-12,False,DET,STL,A,W,45,14,11,26,197,2,1,78.5,,2,13,0,0,0,0,0,0,0,15.18,15.18,16428,False,sacked,PFR+RULE2PT+SCORE0,19611112-DET-STL,True,,True,True,,,0
Jim Ninowski,1961,10,1961-11-19,False,DET,MIN,A,W,37,10,2,6,33,0,1,13.2,,1,12,0,0,0,0,0,0,,0.52,0.52,16428,False,sacked;fum_rec_td,PFR+RULE2PT,19611119-DET-MIN,False,fum_rec_td,False,True,fum_rec_td,,6
Jim Ninowski,1961,11,1961-11-23,False,DET,GNB,H,L,9,17,14,30,152,0,3,22.5,,5,41,0,0,0,0,0,0,0,4.18,4.18,16428,False,sacked,PFR+RULE2PT+SCORE0,19611123-GNB-DET,True,,True,True,,,0
Jim Ninowski,1961,12,1961-12-03,False,DET,CHI,A,W,16,15,10,19,113,1,2,48.7,,2,13,0,0,0,0,0,0,0,5.82,5.82,16428,False,sacked,PFR+RULE2PT+SCORE2,19611203-DET-CHI,True,,True,True,,,2
Jim Ninowski,1961,13,1961-12-10,False,DET,MIN,H,W,13,7,8,20,157,0,1,47.3,,4,8,1,0,0,0,0,0,0,11.08,11.08,16428,False,sacked,PFR+RULE2PT+SCORE0,19611210-MIN-DET,True,,True,True,,,0
Jim Ninowski,1961,14,1961-12-17,False,DET,PHI,H,L,24,27,16,26,285,1,1,95.8,,5,47,1,0,0,0,0,0,0,24.1,24.1,16428,False,sacked,PFR+RULE2PT+SCORE0,19611217-PHI-DET,True,,True,True,,,0
Jim Ninowski,1962,1,1962-09-16,False,CLE,NYG,H,W,17,7,8,19,147,1,1,65.0,,3,5,0,0,0,0,0,0,0,8.38,8.38,16428,False,sacked,PFR+RULE2PT+SCORE0,19620916-NYG-CLE,True,,True,True,,,0
Jim Ninowski,1962,2,1962-09-23,False,CLE,WAS,H,L,16,17,19,34,224,0,1,63.8,,2,15,0,0,0,0,0,0,0,8.46,8.46,16428,False,sacked,PFR+RULE2PT+SCORE0,19620923-WAS-CLE,True,,True,True,,,0
Jim Ninowski,1962,3,1962-09-30,False,CLE,PHI,A,L,7,35,9,27,60,0,3,2.8,,1,-1,0,0,0,0,0,0,0,-3.7,-3.7,16428,False,sacked,PFR+RULE2PT+SCORE0,19620930-CLE-PHI,True,,True,True,,,0
Jim Ninowski,1962,4,1962-10-07,False,CLE,DAL,H,W,19,10,15,25,169,1,1,76.9,,3,-4,0,0,0,0,0,0,0,8.36,8.36,16428,False,sacked,PFR+RULE2PT+SCORE0,19621007-DAL-CLE,True,,True,True,,,0
Jim Ninowski,1962,5,1962-10-14,False,CLE,BAL,H,L,14,36,16,32,223,2,2,67.6,,0,0,0,0,0,0,0,0,0,12.92,12.92,16428,False,sacked,PFR+RULE2PT+SCORE0,19621014-BAL-CLE,True,,True,True,,,0
Jim Ninowski,1962,6,1962-10-21,False,CLE,STL,A,W,34,7,19,29,339,3,0,139.9,,0,0,0,0,0,0,0,0,0,25.56,25.56,16428,False,sacked,PFR+RULE2PT+SCORE0,19621021-CLE-STL,True,,True,True,,,0
Jim Ninowski,1962,7,1962-10-28,False,CLE,PIT,A,W,41,14,1,7,16,0,0,39.6,,0,0,0,0,0,0,0,0,,0.64,0.64,16428,False,sacked;fum_rec_td,PFR+RULE2PT,19621028-CLE-PIT,False,fum_rec_td,False,True,fum_rec_td,,6
Jim Ninowski,1963,6,1963-10-20,False,CLE,PHI,H,W,37,7,4,5,86,0,0,118.7,,0,0,0,0,0,0,0,0,0,3.44,3.44,16428,False,sacked,PFR+RULE2PT+SCORE0,19631020-PHI-CLE,True,,True,True,,,0
Jim Ninowski,1963,7,1963-10-27,False,CLE,NYG,H,L,6,33,4,11,120,1,1,70.3,,0,0,0,0,0,0,0,0,0,6.8,6.8,16428,False,sacked,PFR+RULE2PT+SCORE0,19631027-NYG-CLE,True,,True,True,,,0
Jim Ninowski,1963,10,1963-11-17,False,CLE,STL,H,L,14,20,15,28,167,1,2,53.7,,4,-21,0,0,0,0,0,0,0,4.58,4.58,16428,False,sacked,PFR+RULE2PT+SCORE0,19631117-STL-CLE,True,,True,True,,,0
Jim Ninowski,1963,13,1963-12-08,False,CLE,DET,A,L,10,38,6,17,50,0,3,4.4,,1,2,0,0,0,0,0,0,0,-3.8,-3.8,16428,False,sacked,PFR+RULE2PT+SCORE0,19631208-CLE-DET,True,,True,True,,,0
Jim Ninowski,1964,7,1964-10-25,False,CLE,NYG,H,W,42,20,2,3,52,1,0,149.3,,1,-8,0,0,0,0,0,0,,5.28,5.28,16428,False,sacked;fum_rec_td,PFR+RULE2PT,19641025-NYG-CLE,False,fum_rec_td,False,True,fum_rec_td,,12
Jim Ninowski,1964,14,1964-12-12,False,CLE,NYG,A,W,52,20,4,6,73,1,0,147.9,,0,0,0,0,0,0,0,0,0,6.92,6.92,16428,False,sacked,PFR+RULE2PT+SCORE0,19641212-CLE-NYG,True,,True,True,,,0
Jim Ninowski,1965,2,1965-09-26,False,CLE,STL,H,L,13,49,8,17,148,0,2,38.0,,0,0,0,0,0,0,0,0,0,1.92,1.92,16428,False,sacked,PFR+RULE2PT+SCORE0,19650926-STL-CLE,True,,True,True,,,0
Jim Ninowski,1965,3,1965-10-03,False,CLE,PHI,A,W,35,17,9,20,103,1,0,77.7,,2,34,0,0,0,0,0,0,,11.52,11.52,16428,False,sacked;fum_rec_td,PFR+RULE2PT,19651003-CLE-PHI,False,fum_rec_td,False,True,fum_rec_td,,6
Jim Ninowski,1965,6,1965-10-24,False,CLE,NYG,A,W,38,14,4,8,81,0,0,85.9,,0,0,0,0,0,0,0,0,0,3.24,3.24,16428,False,sacked,PFR+RULE2PT+SCORE0,19651024-CLE-NYG,True,,True,True,,,0
Jim Ninowski,1965,7,1965-10-31,False,CLE,MIN,H,L,17,27,5,7,62,0,0,98.5,,0,0,0,0,0,0,0,0,0,2.48,2.48,16428,False,sacked,PFR+RULE2PT+SCORE0,19651031-MIN-CLE,True,,True,True,,,0
Jim Ninowski,1965,11,1965-11-28,False,CLE,PIT,A,W,42,21,3,4,72,2,0,156.2,,1,14,0,0,0,0,0,0,0,12.28,12.28,16428,False,sacked,PFR+RULE2PT+SCORE0,19651128-CLE-PIT,True,,True,True,,,0
Jim Ninowski,1965,13,1965-12-12,False,CLE,RAM,A,L,7,42,11,27,83,1,1,45.8,,1,-2,0,0,0,0,0,0,0,5.12,5.12,16428,False,sacked,PFR+RULE2PT+SCORE0,19651212-CLE-RAM,True,,True,True,,,0
Jim Ninowski,1966,1,1966-09-11,False,CLE,WAS,A,W,38,14,0,0,0,0,0,0,,1,-11,0,0,0,0,0,0,0,-1.1,-1.1,16428,False,sacked,PFR+RULE2PT+SCORE0,19660911-CLE-WAS,True,,True,True,,,0
Jim Ninowski,1966,5,1966-10-08,False,CLE,PIT,H,W,41,10,4,6,67,1,0,143.7,,1,-4,0,0,0,0,0,0,,6.28,6.28,16428,False,sacked;fum_rec_td,PFR+RULE2PT,19661008-PIT-CLE,False,fum_rec_td,False,True,fum_rec_td,,6
Jim Ninowski,1966,7,1966-10-30,False,CLE,ATL,A,W,49,17,3,4,72,2,0,156.2,,0,0,0,0,0,0,0,0,,10.88,10.88,16428,False,sacked;fum_rec_td,PFR+RULE2PT,19661030-CLE-ATL,False,fum_rec_td,False,True,fum_rec_td,,1
Jim Ninowski,1966,9,1966-11-13,False,CLE,PHI,H,W,27,7,3,5,26,0,0,73.7,,0,0,0,0,0,0,0,0,0,1.04,1.04,16428,False,sacked,PFR+RULE2PT+SCORE0,19661113-PHI-CLE,True,,True,True,,,0
Jim Ninowski,1966,13,1966-12-11,False,CLE,PHI,A,L,21,33,1,1,10,1,0,147.9,,0,0,0,0,0,0,0,0,,4.4,4.4,16428,False,sacked;fum_rec_td,PFR+RULE2PT,19661211-CLE-PHI,False,fum_rec_td,False,True,fum_rec_td,,6
Jim Ninowski,1966,14,1966-12-17,False,CLE,STL,A,W,38,10,0,2,0,0,1,0.0,,1,4,0,0,0,0,0,0,0,-1.6,-1.6,16428,False,sacked,PFR+RULE2PT+SCORE0,19661217-CLE-STL,True,,True,True,,,0
Jim Ninowski,1967,2,1967-09-24,False,WAS,NOR,A,W,30,10,4,6,63,0,0,101.4,,0,0,0,0,0,0,0,0,0,2.52,2.52,16428,False,sacked,PFR+RULE2PT+SCORE0,19670924-WAS-NOR,True,,True,True,,,0
Jim Ninowski,1967,9,1967-11-12,False,WAS,SFO,H,W,31,28,1,1,1,0,0,79.2,,0,0,0,0,0,0,0,0,0,0.04,0.04,16428,False,sacked,PFR+RULE2PT+SCORE0,19671112-SFO-WAS,True,,True,True,,,0
Jim Ninowski,1967,14,1967-12-17,False,WAS,NOR,H,L,14,30,7,11,59,0,1,39.6,,0,0,0,0,0,0,0,0,0,0.36,0.36,16428,False,sacked,PFR+RULE2PT+SCORE0,19671217-NOR-WAS,True,,True,True,,,0
Jim Ninowski,1968,2,1968-09-22,False,WAS,NOR,A,L,17,37,1,3,12,0,0,46.5,,0,0,0,0,0,0,0,0,0,0.48,0.48,16428,False,sacked,PFR+RULE2PT+SCORE0,19680922-WAS-NOR,True,,True,True,,,0
Jim Ninowski,1968,6,1968-10-20,False,WAS,STL,A,L,14,41,2,4,11,0,0,56.2,,0,0,0,0,0,0,0,0,0,0.44,0.44,16428,False,sacked,PFR+RULE2PT+SCORE0,19681020-WAS-STL,True,,True,True,,,0
Jim Ninowski,1968,9,1968-11-10,False,WAS,PHI,A,W,16,10,8,15,104,0,1,47.6,,1,8,0,0,0,0,0,0,0,2.96,2.96,16428,False,sacked,PFR+RULE2PT+SCORE0,19681110-WAS-PHI,True,,True,True,,,0
Jim Ninowski,1968,12,1968-11-28,False,WAS,DAL,A,L,20,29,18,34,280,3,3,73.2,,1,5,0,0,0,0,0,0,0,17.7,17.7,16428,False,sacked,PFR+RULE2PT+SCORE0,19681128-WAS-DAL,True,,True,True,,,0
Jim Ninowski,1968,13,1968-12-08,False,WAS,CLE,H,L,21,24,9,16,115,1,0,99.7,,0,0,0,0,0,0,0,0,0,8.6,8.6,16428,False,sacked,PFR+RULE2PT+SCORE0,19681208-CLE-WAS,True,,True,True,,,0
Jim Ninowski,1968,14,1968-12-15,False,WAS,DET,H,W,14,3,11,23,111,0,2,25.8,,0,0,0,0,0,0,0,0,0,0.44,0.44,16428,False,sacked,PFR+RULE2PT+SCORE0,19681215-DET-WAS,True,,True,True,,,0
Jim Ninowski,1969,3,1969-10-05,False,NOR,RAM,A,L,17,36,2,5,80,0,0,87.5,,0,0,0,0,0,0,0,0,0,3.2,3.2,16428,False,sacked,PFR+RULE2PT+SCORE0,19691005-NOR-RAM,True,,True,True,,,0
Jim Ninowski,1969,5,1969-10-19,False,NOR,BAL,H,L,10,30,4,7,49,0,1,39.3,,0,0,0,0,0,0,0,0,0,-0.04,-0.04,16428,False,sacked,PFR+RULE2PT+SCORE0,19691019-BAL-NOR,True,,True,True,,,0
Jim Ninowski,1969,6,1969-10-26,False,NOR,PHI,A,L,10,13,11,21,98,1,1,61.2,,0,0,0,0,0,0,0,0,0,5.92,5.92,16428,False,sacked,PFR+RULE2PT+SCORE0,19691026-NOR-PHI,True,,True,True,,,0
Jim Ninowski,1969,7,1969-11-02,False,NOR,STL,A,W,51,42,0,1,0,0,0,39.6,,0,0,0,0,0,0,0,0,0,0.0,0.0,16428,False,sacked,PFR+RULE2PT+SCORE0,19691102-NOR-STL,True,,True,True,,,0
Dick Wood,1962,3,1962-09-23,False,SDG,HOU,H,L,17,42,16,33,294,2,1,87.2,,1,0,0,0,0,0,0,0,0,17.76,17.76,24592,False,sacked,PFR+SCORE0,19620923-HOU-SDG,True,,True,True,,,0
Dick Wood,1962,4,1962-09-30,False,SDG,OAK,A,W,42,33,3,7,31,1,0,95.8,,0,0,0,0,0,0,0,0,0,5.24,5.24,24592,False,sacked,PFR+SCORE0,19620930-SDG-OAK,True,,True,True,,,0
Dick Wood,1962,5,1962-10-07,False,SDG,DTX,H,W,32,28,1,1,36,0,0,118.7,,0,0,0,0,0,0,0,0,0,1.44,1.44,24592,False,sacked,PFR+SCORE0,19621007-DTX-SDG,True,,True,True,,,0
Dick Wood,1962,6,1962-10-13,False,SDG,BUF,A,L,10,35,8,20,70,0,2,10.4,,0,0,0,0,0,0,0,0,0,-1.2,-1.2,24592,False,sacked,PFR+SCORE0,19621013-SDG-BUF,True,,True,True,,,0
Dick Wood,1962,7,1962-10-19,False,SDG,BOS,A,L,20,24,8,23,162,1,3,35.3,,0,0,0,0,0,0,0,0,0,4.48,4.48,24592,False,sacked,PFR+SCORE0,19621019-SDG-BOS,True,,True,True,,,0
Dick Wood,1962,8,1962-10-28,False,SDG,NYT,A,L,3,23,5,13,62,0,1,22.0,,0,0,0,0,0,0,0,0,0,0.48,0.48,24592,False,sacked,PFR+SCORE0,19621028-SDG-NYT,True,,True,True,,,0
Dick Wood,1963,1,1963-09-08,False,NYJ,BOS,A,L,14,38,16,37,164,1,4,26.0,,0,0,0,0,0,0,0,,,2.56,2.56,24592,False,sacked;two_pt;fum_rec_td,PFR,19630908-NYJ-BOS,False,two_pt;fum_rec_td,False,True,two_pt;fum_rec_td,,6
Dick Wood,1963,2,1963-09-22,False,NYJ,HOU,H,W,24,17,15,33,198,1,1,62.4,,1,11,0,0,0,0,0,,,11.02,11.02,24592,False,sacked;two_pt;fum_rec_td,PFR,19630922-HOU-NYJ,False,two_pt;fum_rec_td,False,True,two_pt;fum_rec_td,,6
Dick Wood,1963,3,1963-09-28,False,NYJ,OAK,H,W,10,7,12,28,196,1,5,39.3,,2,0,0,0,0,0,0,0,0,1.84,1.84,24592,False,sacked,PFR+SCORE0,19630928-OAK-NYJ,True,,True,True,,,0
Dick Wood,1963,4,1963-10-05,False,NYJ,BOS,H,W,31,24,14,22,201,3,0,132.8,,0,0,0,0,0,0,0,0,0,20.04,20.04,24592,False,sacked,PFR+SCORE0,19631005-BOS-NYJ,True,,True,True,,,0
Dick Wood,1963,5,1963-10-13,False,NYJ,SDG,A,L,20,24,15,31,220,1,0,82.7,,0,0,0,0,0,0,0,0,0,12.8,12.8,24592,False,sacked,PFR+SCORE0,19631013-NYJ-SDG,True,,True,True,,,0
Dick Wood,1963,6,1963-10-20,False,NYJ,OAK,A,L,26,49,10,32,148,1,2,31.8,,1,2,0,0,0,0,0,0,0,6.12,6.12,24592,False,sacked,PFR+SCORE0,19631020-NYJ-OAK,True,,True,True,,,0
Dick Wood,1963,7,1963-10-26,False,NYJ,DEN,H,T,35,35,14,36,231,4,1,86.7,,0,0,0,0,0,0,0,0,0,23.24,23.24,24592,False,sacked,PFR+SCORE0,19631026-DEN-NYJ,True,,True,True,,,0
Dick Wood,1963,8,1963-11-02,False,NYJ,SDG,H,L,7,53,15,30,173,0,1,53.9,,2,3,1,0,0,0,0,0,0,11.22,11.22,24592,False,sacked,PFR+SCORE0,19631102-SDG-NYJ,True,,True,True,,,0
Dick Wood,1963,9,1963-11-10,False,NYJ,HOU,A,L,27,31,20,40,312,3,5,61.7,,1,1,0,0,0,0,0,0,0,14.58,14.58,24592,False,sacked,PFR+SCORE0,19631110-NYJ-HOU,True,,True,True,,,0
Dick Wood,1963,10,1963-11-17,False,NYJ,DEN,A,W,14,9,16,34,249,2,0,91.4,,0,0,0,0,0,0,0,0,0,17.96,17.96,24592,False,sacked,PFR+SCORE0,19631117-NYJ-DEN,True,,True,True,,,0
Dick Wood,1963,11,1963-12-01,False,NYJ,KAN,H,W,17,0,13,29,112,1,0,67.0,,0,0,0,0,0,0,0,0,0,8.48,8.48,24592,False,sacked,PFR+SCORE0,19631201-KAN-NYJ,True,,True,True,,,0
Dick Wood,1964,1,1964-09-12,False,NYJ,DEN,H,W,30,6,9,18,144,2,0,114.1,,2,-3,0,0,0,0,0,0,0,13.46,13.46,24592,False,sacked,PFR+SCORE0,19640912-DEN-NYJ,True,,True,True,,,0
Dick Wood,1964,2,1964-09-27,False,NYJ,BOS,A,L,10,26,18,41,183,0,5,17.7,,0,0,0,0,0,0,0,0,0,-2.68,-2.68,24592,False,sacked,PFR+SCORE0,19640927-NYJ-BOS,True,,True,True,,,0
Dick Wood,1964,3,1964-10-03,False,NYJ,SDG,H,T,17,17,19,43,302,2,2,64.3,,1,6,0,0,0,0,0,0,0,16.68,16.68,24592,False,sacked,PFR+SCORE0,19641003-SDG-NYJ,True,,True,True,,,0
Dick Wood,1964,4,1964-10-10,False,NYJ,OAK,H,W,35,13,3,12,82,0,1,20.8,,0,0,0,0,0,0,0,,,1.28,1.28,24592,False,sacked;two_pt;fum_rec_td,PFR,19641010-OAK-NYJ,False,two_pt;fum_rec_td,False,True,two_pt;fum_rec_td,,6
Dick Wood,1964,5,1964-10-17,False,NYJ,HOU,H,W,24,21,10,17,152,2,1,103.1,,2,1,1,0,0,0,0,0,0,18.18,18.18,24592,False,sacked,PFR+SCORE0,19641017-HOU-NYJ,True,,True,True,,,0
Dick Wood,1964,6,1964-10-24,False,NYJ,BUF,A,L,24,34,16,40,183,3,0,79.5,,0,0,0,0,0,0,0,0,0,19.32,19.32,24592,False,sacked,PFR+SCORE0,19641024-NYJ-BUF,True,,True,True,,,0
Dick Wood,1964,7,1964-10-31,False,NYJ,BOS,H,W,35,14,22,36,325,3,2,95.3,,0,0,0,0,0,0,0,,,21.0,21.0,24592,False,sacked;two_pt;fum_rec_td,PFR,19641031-BOS-NYJ,False,two_pt;fum_rec_td,False,True,two_pt;fum_rec_td,,6
Dick Wood,1964,8,1964-11-08,False,NYJ,BUF,H,L,7,20,23,49,367,1,5,39.6,,0,0,0,0,0,0,0,0,0,8.68,8.68,24592,False,sacked,PFR+SCORE0,19641108-BUF-NYJ,True,,True,True,,,0
Dick Wood,1964,9,1964-11-15,False,NYJ,DEN,A,L,16,20,6,16,132,0,4,28.1,,0,0,0,0,0,0,0,,,-2.72,-2.72,24592,False,sacked;two_pt;fum_rec_td,PFR,19641115-NYJ-DEN,False,two_pt;fum_rec_td,False,True,two_pt;fum_rec_td,,2
Dick Wood,1964,10,1964-11-22,False,NYJ,OAK,A,L,26,35,21,42,229,2,2,62.5,,2,2,0,0,0,0,0,,,13.36,13.36,24592,False,sacked;two_pt;fum_rec_td,PFR,19641122-NYJ-OAK,False,two_pt;fum_rec_td,False,True,two_pt;fum_rec_td,,6
Dick Wood,1964,11,1964-11-29,False,NYJ,KAN,H,W,27,14,12,21,128,2,1,87.0,,0,0,0,0,0,0,0,,,11.12,11.12,24592,False,sacked;two_pt;fum_rec_td,PFR,19641129-KAN-NYJ,False,two_pt;fum_rec_td,False,True,two_pt;fum_rec_td,,6
Dick Wood,1964,12,1964-12-06,False,NYJ,SDG,A,L,3,38,6,16,26,0,1,19.8,,1,0,0,0,0,0,0,0,0,-0.96,-0.96,24592,False,sacked,PFR+SCORE0,19641206-NYJ-SDG,True,,True,True,,,0
Dick Wood,1964,13,1964-12-13,False,NYJ,HOU,A,L,17,33,4,7,45,0,1,36.9,,0,0,0,0,0,0,0,0,0,-0.2,-0.2,24592,False,sacked,PFR+SCORE0,19641213-NYJ-HOU,True,,True,True,,,0
Dick Wood,1965,1,1965-09-12,False,OAK,KAN,H,W,37,10,12,25,196,2,0,101.4,,1,3,1,0,0,0,0,0,0,22.14,22.14,24592,False,sacked,PFR+SCORE0,19650912-KAN-OAK,True,,True,True,,,0
Dick Wood,1965,2,1965-09-19,False,OAK,SDG,H,L,6,17,4,14,31,0,2,0.0,,0,0,0,0,0,0,0,0,0,-2.76,-2.76,24592,False,sacked,PFR+SCORE0,19650919-SDG-OAK,True,,True,True,,,0
Dick Wood,1965,7,1965-10-24,False,OAK,BOS,H,W,30,21,13,33,213,2,0,82.0,,1,21,0,0,0,0,0,,,18.62,18.62,24592,False,sacked;two_pt;fum_rec_td,PFR,19651024-BOS-OAK,False,two_pt;fum_rec_td,False,True,two_pt;fum_rec_td,,6
Dick Wood,1965,8,1965-10-31,False,OAK,KAN,A,L,7,14,14,28,137,0,0,64.1,,0,0,0,0,0,0,0,0,0,5.48,5.48,24592,False,sacked,PFR+SCORE0,19651031-OAK-KAN,True,,True,True,,,0
Dick Wood,1965,9,1965-11-07,False,OAK,HOU,A,W,33,21,14,25,211,3,1,106.8,,1,-3,0,0,0,0,0,0,0,18.14,18.14,24592,False,sacked,PFR+SCORE0,19651107-OAK-HOU,True,,True,True,,,0
Dick Wood,1965,10,1965-11-14,False,OAK,BUF,H,L,14,17,10,27,186,1,3,34.4,,1,-5,0,0,0,0,0,0,0,4.94,4.94,24592,False,sacked,PFR+SCORE0,19651114-BUF-OAK,True,,True,True,,,0
Dick Wood,1965,11,1965-11-21,False,OAK,DEN,A,W,28,20,2,5,29,0,0,59.6,,0,0,0,0,0,0,0,,,1.16,1.16,24592,False,sacked;two_pt;fum_rec_td,PFR,19651121-OAK-DEN,False,two_pt;fum_rec_td,False,True,two_pt;fum_rec_td,,12
Dick Wood,1966,1,1966-09-02,False,MIA,OAK,H,L,14,23,4,13,49,0,4,3.8,,0,0,0,0,0,0,0,0,0,-6.04,-6.04,24592,False,sacked,PFR+SCORE0,19660902-OAK-MIA,True,,True,True,,,0
Dick Wood,1966,2,1966-09-09,False,MIA,NYJ,H,L,14,19,2,15,25,0,2,0.0,,0,0,0,0,0,0,0,,,-3.0,-3.0,24592,False,sacked;two_pt;fum_rec_td,PFR,19660909-NYJ-MIA,False,two_pt;fum_rec_td,False,True,two_pt;fum_rec_td,,6
Dick Wood,1966,4,1966-10-02,False,MIA,SDG,A,L,10,44,7,22,84,1,0,59.7,,0,0,0,0,0,0,0,0,0,7.36,7.36,24592,False,sacked,PFR+SCORE0,19661002-MIA-SDG,True,,True,True,,,0
Dick Wood,1966,7,1966-10-23,False,MIA,HOU,A,W,20,13,3,5,30,0,0,77.1,,2,0,0,0,0,0,0,0,0,1.2,1.2,24592,False,sacked,PFR+SCORE0,19661023-MIA-HOU,True,,True,True,,,0
Dick Wood,1966,8,1966-11-06,False,MIA,BUF,H,L,0,29,12,26,132,0,0,61.7,,0,0,0,0,0,0,0,0,0,5.28,5.28,24592,False,sacked,PFR+SCORE0,19661106-BUF-MIA,True,,True,True,,,0
Dick Wood,1966,9,1966-11-13,False,MIA,KAN,A,L,16,34,8,26,45,0,2,8.2,,0,0,0,0,0,0,0,,,-2.2,-2.2,24592,False,sacked;two_pt;fum_rec_td,PFR,19661113-MIA-KAN,False,two_pt;fum_rec_td,False,True,two_pt;fum_rec_td,,6
Dick Wood,1966,10,1966-11-20,False,MIA,NYJ,A,L,13,30,8,21,85,1,0,66.6,,0,0,0,0,0,0,0,0,0,7.4,7.4,24592,False,sacked,PFR+SCORE0,19661120-MIA-NYJ,True,,True,True,,,0
Dick Wood,1966,11,1966-11-27,False,MIA,BOS,H,L,14,20,17,52,276,2,3,40.2,,0,0,0,0,0,0,0,0,0,13.04,13.04,24592,False,sacked,PFR+SCORE0,19661127-BOS-MIA,True,,True,True,,,0
Dick Wood,1966,12,1966-12-04,False,MIA,DEN,A,L,7,17,9,21,144,0,0,66.4,,1,-2,0,0,0,0,0,,,5.56,5.56,24592,False,sacked;two_pt;fum_rec_td,PFR,19661204-MIA-DEN,False,two_pt;fum_rec_td,False,True,two_pt;fum_rec_td,,6
Dick Wood,1966,13,1966-12-11,False,MIA,KAN,H,L,18,19,13,29,123,0,3,17.5,,2,8,1,0,0,0,0,,,5.72,5.72,24592,False,sacked;two_pt;fum_rec_td,PFR,19661211-KAN-MIA,False,two_pt;fum_rec_td,False,True,two_pt;fum_rec_td,,8
Steve Spurrier,1967,1,1967-09-17,False,SFO,MIN,A,W,27,21,0,0,0,0,0,0,,0,0,0,0,0,0,0,0,0,0.0,0.0,21039,False,sacked,PFR+RULE2PT+SCORE0,19670917-SFO-MIN,True,,True,True,,,0
Steve Spurrier,1967,2,1967-09-24,False,SFO,ATL,H,W,38,7,5,7,62,0,1,58.9,,1,-3,0,0,0,0,0,0,0,0.18,0.18,21039,False,sacked,PFR+RULE2PT+SCORE0,19670924-ATL-SFO,True,,True,True,,,0
Steve Spurrier,1967,3,1967-10-01,False,SFO,BAL,A,L,7,41,4,9,52,0,1,23.6,,1,9,0,0,0,0,0,0,0,0.98,0.98,21039,False,sacked,PFR+RULE2PT+SCORE0,19671001-SFO-BAL,True,,True,True,,,0
Steve Spurrier,1967,4,1967-10-08,False,SFO,RAM,A,W,27,24,0,0,0,0,0,0,,0,0,0,0,0,0,0,0,0,0.0,0.0,21039,False,sacked,PFR+RULE2PT+SCORE0,19671008-SFO-RAM,True,,True,True,,,0
Steve Spurrier,1967,5,1967-10-15,False,SFO,PHI,A,W,28,27,0,0,0,0,0,0,,0,0,0,0,0,0,0,0,,0.0,0.0,21039,False,sacked;fum_rec_td,PFR+RULE2PT,19671015-SFO-PHI,False,fum_rec_td,False,True,fum_rec_td,,6
Steve Spurrier,1967,6,1967-10-22,False,SFO,NOR,H,W,27,13,0,2,0,0,0,39.6,,0,0,0,0,0,0,0,0,0,0.0,0.0,21039,False,sacked,PFR+RULE2PT+SCORE0,19671022-NOR-SFO,True,,True,True,,,0
Steve Spurrier,1967,7,1967-10-29,False,SFO,DET,H,L,3,45,2,3,11,0,1,33.3,,0,0,0,0,0,0,0,0,0,-1.56,-1.56,21039,False,sacked,PFR+RULE2PT+SCORE0,19671029-DET-SFO,True,,True,True,,,0
Steve Spurrier,1967,8,1967-11-05,False,SFO,RAM,H,L,7,17,0,0,0,0,0,0,,0,0,0,0,0,0,0,0,0,0.0,0.0,21039,False,sacked,PFR+RULE2PT+SCORE0,19671105-RAM-SFO,True,,True,True,,,0
Steve Spurrier,1967,9,1967-11-12,False,SFO,WAS,A,L,28,31,0,0,0,0,0,0,,0,0,0,0,0,0,0,0,0,0.0,0.0,21039,False,sacked,PFR+RULE2PT+SCORE0,19671112-SFO-WAS,True,,True,True,,,0
Steve Spurrier,1967,10,1967-11-19,False,SFO,GNB,A,L,0,13,0,0,0,0,0,0,,0,0,0,0,0,0,0,0,0,0.0,0.0,21039,False,sacked,PFR+RULE2PT+SCORE0,19671119-SFO-GNB,True,,True,True,,,0
Steve Spurrier,1967,11,1967-11-26,False,SFO,BAL,H,L,9,26,10,24,72,0,3,9.7,,3,12,0,0,0,0,0,0,0,-1.92,-1.92,21039,False,sacked,PFR+RULE2PT+SCORE0,19671126-BAL-SFO,True,,True,True,,,0
Steve Spurrier,1967,12,1967-12-03,False,SFO,CHI,H,L,14,28,2,5,14,0,1,8.3,,0,0,0,0,0,0,0,0,0,-1.44,-1.44,21039,False,sacked,PFR+RULE2PT+SCORE0,19671203-CHI-SFO,True,,True,True,,,0
Steve Spurrier,1967,13,1967-12-10,False,SFO,ATL,A,W,34,28,0,0,0,0,0,0,,0,0,0,0,0,0,0,0,0,0.0,0.0,21039,False,sacked,PFR+RULE2PT+SCORE0,19671210-SFO-ATL,True,,True,True,,,0
Steve Spurrier,1967,14,1967-12-16,False,SFO,DAL,H,W,24,16,0,0,0,0,0,0,,0,0,0,0,0,0,0,0,0,0.0,0.0,21039,False,sacked,PFR+RULE2PT+SCORE0,19671216-DAL-SFO,True,,True,True,,,0
Steve Spurrier,1968,1,1968-09-15,False,SFO,BAL,A,L,10,27,0,0,0,0,0,0,,0,0,0,0,0,0,0,0,,0.0,0.0,21039,False,sacked;fum_rec_td,PFR+RULE2PT,19680915-SFO-BAL,False,fum_rec_td,False,True,fum_rec_td,,6
Steve Spurrier,1968,2,1968-09-22,False,SFO,STL,H,W,35,17,0,0,0,0,0,0,,1,-15,0,0,0,0,0,0,0,-1.5,-1.5,21039,False,sacked,PFR+RULE2PT+SCORE0,19680922-STL-SFO,True,,True,True,,,0
Steve Spurrier,1968,3,1968-09-29,False,SFO,ATL,H,W,28,13,0,0,0,0,0,0,,0,0,0,0,0,0,0,0,0,0.0,0.0,21039,False,sacked,PFR+RULE2PT+SCORE0,19680929-ATL-SFO,True,,True,True,,,0
Steve Spurrier,1968,4,1968-10-06,False,SFO,RAM,A,L,10,24,0,0,0,0,0,0,,0,0,0,0,0,0,0,0,0,0.0,0.0,21039,False,sacked,PFR+RULE2PT+SCORE0,19681006-SFO-RAM,True,,True,True,,,0
Steve Spurrier,1968,5,1968-10-13,False,SFO,BAL,H,L,14,42,0,0,0,0,0,0,,0,0,0,0,0,0,0,0,0,0.0,0.0,21039,False,sacked,PFR+RULE2PT+SCORE0,19681013-BAL-SFO,True,,True,True,,,0
Steve Spurrier,1968,6,1968-10-20,False,SFO,NYG,A,W,26,10,0,0,0,0,0,0,,0,0,0,0,0,0,0,0,0,0.0,0.0,21039,False,sacked,PFR+RULE2PT+SCORE0,19681020-SFO-NYG,True,,True,True,,,0
Steve Spurrier,1968,7,1968-10-27,False,SFO,DET,A,W,14,7,0,0,0,0,0,0,,0,0,0,0,0,0,0,0,,0.0,0.0,21039,False,sacked;fum_rec_td,PFR+RULE2PT,19681027-SFO-DET,False,fum_rec_td,False,True,fum_rec_td,,6
Steve Spurrier,1968,8,1968-11-03,False,SFO,CLE,H,L,21,33,0,0,0,0,0,0,,0,0,0,0,0,0,0,0,0,0.0,0.0,21039,False,sacked,PFR+RULE2PT+SCORE0,19681103-CLE-SFO,True,,True,True,,,0
Steve Spurrier,1968,9,1968-11-10,False,SFO,CHI,A,L,19,27,0,0,0,0,0,0,,0,0,0,0,0,0,0,0,0,0.0,0.0,21039,False,sacked,PFR+RULE2PT+SCORE0,19681110-SFO-CHI,True,,True,True,,,0
Steve Spurrier,1968,10,1968-11-17,False,SFO,RAM,H,T,20,20,0,0,0,0,0,0,,0,0,0,0,0,0,0,0,0,0.0,0.0,21039,False,sacked,PFR+RULE2PT+SCORE0,19681117-RAM-SFO,True,,True,True,,,0
Steve Spurrier,1968,11,1968-11-24,False,SFO,PIT,A,W,45,28,0,0,0,0,0,0,,0,0,0,0,0,0,0,0,,0.0,0.0,21039,False,sacked;fum_rec_td,PFR+RULE2PT,19681124-SFO-PIT,False,fum_rec_td,False,True,fum_rec_td,,12
Steve Spurrier,1968,12,1968-12-01,False,SFO,GNB,H,W,27,20,0,0,0,0,0,0,,0,0,0,0,0,0,0,0,0,0.0,0.0,21039,False,sacked,PFR+RULE2PT+SCORE0,19681201-GNB-SFO,True,,True,True,,,0
Steve Spurrier,1968,13,1968-12-08,False,SFO,MIN,H,L,20,30,0,0,0,0,0,0,,0,0,0,0,0,0,0,0,0,0.0,0.0,21039,False,sacked,PFR+RULE2PT+SCORE0,19681208-MIN-SFO,True,,True,True,,,0
Steve Spurrier,1968,14,1968-12-15,False,SFO,ATL,A,W,14,12,0,0,0,0,0,0,,0,0,0,0,0,0,0,0,0,0.0,0.0,21039,False,sacked,PFR+RULE2PT+SCORE0,19681215-SFO-ATL,True,,True,True,,,0
Steve Spurrier,1969,5,1969-10-19,False,SFO,ATL,H,L,7,21,7,11,46,0,1,34.7,,1,7,0,0,0,0,0,0,,0.54,0.54,21039,False,sacked;fum_rec_td,PFR+RULE2PT,19691019-ATL-SFO,False,fum_rec_td,False,True,fum_rec_td,,6
Steve Spurrier,1969,6,1969-10-26,False,SFO,BAL,A,W,24,21,18,30,205,1,0,91.7,,4,42,0,0,0,0,0,0,,16.4,16.4,21039,False,sacked;fum_rec_td,PFR+RULE2PT,19691026-SFO-BAL,False,fum_rec_td,False,True,fum_rec_td,,6
Steve Spurrier,1969,7,1969-11-02,False,SFO,DET,H,L,14,26,19,31,218,2,4,64.4,,0,0,0,0,0,0,0,0,0,8.72,8.72,21039,False,sacked,PFR+RULE2PT+SCORE0,19691102-DET-SFO,True,,True,True,,,0
Steve Spurrier,1969,12,1969-12-06,False,SFO,CHI,H,W,42,21,4,9,88,1,0,116.9,,0,0,0,0,0,0,0,0,0,7.52,7.52,21039,False,sacked,PFR+RULE2PT+SCORE0,19691206-CHI-SFO,True,,True,True,,,0
Steve Spurrier,1969,13,1969-12-14,False,SFO,MIN,A,L,7,10,26,48,292,1,3,53.5,,0,0,0,0,0,0,0,0,0,9.68,9.68,21039,False,sacked,PFR+RULE2PT+SCORE0,19691214-SFO-MIN,True,,True,True,,,0
Steve Spurrier,1969,14,1969-12-21,False,SFO,PHI,H,W,14,13,7,17,77,0,3,15.7,,0,0,0,0,0,0,0,0,0,-2.92,-2.92,21039,False,sacked,PFR+RULE2PT+SCORE0,19691221-PHI-SFO,True,,True,True,,,0
Bobby Douglass,1969,5,1969-10-19,False,CHI,DET,A,L,7,13,4,9,41,1,0,95.1,,5,42,0,0,0,0,0,0,0,9.84,9.84,5885,False,sacked,PFR+RULE2PT+SCORE0,19691019-CHI-DET,True,,True,True,,,0
Bobby Douglass,1969,6,1969-10-26,False,CHI,RAM,H,L,7,9,8,22,55,0,1,25.9,,5,20,0,0,0,0,0,0,0,2.2,2.2,5885,False,sacked,PFR+RULE2PT+SCORE0,19691026-RAM-CHI,True,,True,True,,,0
Bobby Douglass,1969,7,1969-11-02,False,CHI,MIN,A,L,14,31,9,15,93,0,1,50.1,,7,34,0,0,0,0,0,0,0,5.12,5.12,5885,False,sacked,PFR+RULE2PT+SCORE0,19691102-CHI-MIN,True,,True,True,,,0
Bobby Douglass,1969,8,1969-11-09,False,CHI,PIT,H,W,38,7,9,16,123,2,1,94.5,,9,72,0,0,0,0,0,0,,18.12,18.12,5885,False,sacked;fum_rec_td,PFR+RULE2PT,19691109-PIT-CHI,False,fum_rec_td,False,True,fum_rec_td,,4
Bobby Douglass,1969,9,1969-11-16,False,CHI,ATL,A,L,31,48,12,27,181,1,0,79.4,,7,79,1,0,0,0,0,0,0,25.14,25.14,5885,False,sacked,PFR+RULE2PT+SCORE0,19691116-CHI-ATL,True,,True,True,,,0
Bobby Douglass,1969,10,1969-11-23,False,CHI,BAL,H,L,21,24,11,19,109,0,3,34.6,,11,67,1,0,0,0,0,0,,11.06,11.06,5885,False,sacked;fum_rec_td,PFR+RULE2PT,19691123-BAL-CHI,False,fum_rec_td,False,True,fum_rec_td,,6
Bobby Douglass,1969,11,1969-11-30,False,CHI,CLE,H,L,24,28,10,27,145,1,0,67.7,,4,49,0,0,0,0,0,0,0,14.7,14.7,5885,False,sacked,PFR+RULE2PT+SCORE0,19691130-CLE-CHI,True,,True,True,,,0
Bobby Douglass,1969,13,1969-12-14,False,CHI,GNB,H,L,3,21,5,13,26,0,2,7.1,,3,45,0,0,0,0,0,0,0,1.54,1.54,5885,False,sacked,PFR+RULE2PT+SCORE0,19691214-GNB-CHI,True,,True,True,,,0
Jack Concannon,1964,1,1964-09-13,False,PHI,NYG,H,W,38,7,0,1,0,0,0,39.6,,1,2,0,0,0,0,0,0,0,0.2,0.2,4383,False,sacked,PFR+RULE2PT+SCORE0,19640913-NYG-PHI,True,,True,True,,,0
Jack Concannon,1964,7,1964-10-25,False,PHI,PIT,A,W,34,10,1,1,38,0,0,118.7,,7,33,1,0,0,0,0,0,,10.82,10.82,4383,False,sacked;fum_rec_td,PFR+RULE2PT,19641025-PHI-PIT,False,fum_rec_td,False,True,fum_rec_td,,6
Jack Concannon,1964,11,1964-11-22,False,PHI,STL,H,L,13,38,1,1,27,0,0,118.7,,0,0,0,0,0,0,0,0,,1.08,1.08,4383,False,sacked;fum_rec_td,PFR+RULE2PT,19641122-STL-PHI,False,fum_rec_td,False,True,fum_rec_td,,6
Jack Concannon,1964,13,1964-12-06,False,PHI,DAL,H,W,24,14,10,20,134,2,1,84.2,,8,99,0,0,0,0,0,0,,21.26,21.26,4383,False,sacked;fum_rec_td,PFR+RULE2PT,19641206-DAL-PHI,False,fum_rec_td,False,True,fum_rec_td,,6
Jack Concannon,1965,3,1965-10-03,False,PHI,CLE,H,L,17,35,2,5,53,0,1,40.0,,1,12,0,0,0,0,0,0,0,1.32,1.32,4383,False,sacked,PFR+RULE2PT+SCORE0,19651003-CLE-PHI,True,,True,True,,,0
Jack Concannon,1965,6,1965-10-24,False,PHI,PIT,H,L,14,20,10,24,123,1,2,37.3,,7,84,0,0,0,0,0,0,0,13.32,13.32,4383,False,sacked,PFR+RULE2PT+SCORE0,19651024-PIT-PHI,True,,True,True,,,0
Jack Concannon,1965,13,1965-12-12,False,PHI,PIT,A,W,47,13,0,0,0,0,0,0,,1,8,0,0,0,0,0,0,,0.8,0.8,4383,False,sacked;fum_rec_td,PFR+RULE2PT,19651212-PHI-PIT,False,fum_rec_td,False,True,fum_rec_td,,18
Jack Concannon,1966,5,1966-10-09,False,PHI,DAL,A,L,7,56,0,0,0,0,0,0,,1,7,0,1,7,0,0,0,0,1.4,2.4,4383,False,sacked,PFR+RULE2PT+SCORE0,19661009-PHI-DAL,True,,True,True,,,0
Jack Concannon,1966,6,1966-10-16,False,PHI,PIT,A,W,31,14,0,0,0,0,0,0,,1,-1,0,0,0,0,0,0,0,-0.1,-0.1,4383,False,sacked,PFR+RULE2PT+SCORE0,19661016-PHI-PIT,True,,True,True,,,0
Jack Concannon,1966,7,1966-10-23,False,PHI,NYG,A,W,31,3,0,0,0,0,0,0,,0,0,0,0,0,0,0,0,0,0.0,0.0,4383,False,sacked,PFR+RULE2PT+SCORE0,19661023-PHI-NYG,True,,True,True,,,0
Jack Concannon,1966,12,1966-12-04,False,PHI,PIT,H,W,27,23,13,25,131,0,0,67.2,,15,129,1,0,0,0,0,0,0,24.14,24.14,4383,False,sacked,PFR+RULE2PT+SCORE0,19661204-PIT-PHI,True,,True,True,,,0
Jack Concannon,1966,13,1966-12-11,False,PHI,CLE,H,W,33,21,7,23,120,1,4,24.1,,7,40,1,0,0,0,0,0,,10.8,10.8,4383,False,sacked;fum_rec_td,PFR+RULE2PT,19661211-CLE-PHI,False,fum_rec_td,False,True,fum_rec_td,,6
Jack Concannon,1966,14,1966-12-18,False,PHI,WAS,A,W,37,28,1,3,11,0,0,45.1,,1,20,0,0,0,0,0,0,,2.44,2.44,4383,False,sacked;fum_rec_td,PFR+RULE2PT,19661218-PHI-WAS,False,fum_rec_td,False,True,fum_rec_td,,6
Jack Concannon,1967,2,1967-09-24,False,CHI,GNB,A,L,10,13,2,5,7,0,0,47.9,,5,22,0,0,0,0,0,0,0,2.48,2.48,4383,False,sacked,PFR+RULE2PT+SCORE0,19670924-CHI-GNB,True,,True,True,,,0
Jack Concannon,1967,3,1967-10-01,False,CHI,MIN,A,W,17,7,7,9,42,0,0,86.1,,9,21,0,0,0,0,0,0,,3.78,3.78,4383,False,sacked;fum_rec_td,PFR+RULE2PT,19671001-CHI-MIN,False,fum_rec_td,False,True,fum_rec_td,,6
Jack Concannon,1967,4,1967-10-08,False,CHI,BAL,H,L,3,24,4,9,57,0,3,25.9,,2,15,0,0,0,0,0,0,0,-2.22,-2.22,4383,False,sacked,PFR+RULE2PT+SCORE0,19671008-BAL-CHI,True,,True,True,,,0
Jack Concannon,1967,5,1967-10-15,False,CHI,DET,H,W,14,3,3,4,37,0,1,63.5,,11,39,0,0,0,0,0,0,,3.38,3.38,4383,False,sacked;fum_rec_td,PFR+RULE2PT,19671015-DET-CHI,False,fum_rec_td,False,True,fum_rec_td,,6
Jack Concannon,1967,6,1967-10-22,False,CHI,CLE,A,L,0,24,12,19,141,0,1,63.7,,7,3,0,0,0,0,0,0,0,3.94,3.94,4383,False,sacked,PFR+RULE2PT+SCORE0,19671022-CHI-CLE,True,,True,True,,,0
Jack Concannon,1967,7,1967-10-29,False,CHI,RAM,H,L,17,28,8,28,116,1,3,16.7,,11,77,1,0,0,0,0,0,0,16.34,16.34,4383,False,sacked,PFR+RULE2PT+SCORE0,19671029-RAM-CHI,True,,True,True,,,0
Jack Concannon,1967,8,1967-11-05,False,CHI,DET,A,W,27,13,7,17,75,0,1,30.3,,3,-1,1,0,0,0,0,0,,6.9,6.9,4383,False,sacked;fum_rec_td,PFR+RULE2PT,19671105-CHI-DET,False,fum_rec_td,False,True,fum_rec_td,,6
Jack Concannon,1967,9,1967-11-12,False,CHI,NYG,H,W,34,7,6,8,42,0,0,86.5,,2,19,0,0,0,0,0,0,0,3.58,3.58,4383,False,sacked,PFR+RULE2PT+SCORE0,19671112-NYG-CHI,True,,True,True,,,0
Jack Concannon,1967,10,1967-11-19,False,CHI,STL,H,W,30,3,11,24,336,3,2,97.2,,3,20,1,0,0,0,0,0,0,29.44,29.44,4383,False,sacked,PFR+RULE2PT+SCORE0,19671119-STL-CHI,True,,True,True,,,0
Jack Concannon,1967,11,1967-11-26,False,CHI,GNB,H,L,13,17,7,14,56,0,2,20.8,,4,24,0,0,0,0,0,0,0,0.64,0.64,4383,False,sacked,PFR+RULE2PT+SCORE0,19671126-GNB-CHI,True,,True,True,,,0
Jack Concannon,1967,12,1967-12-03,False,CHI,SFO,A,W,28,14,11,15,142,1,1,97.1,,2,6,0,0,0,0,0,0,0,8.28,8.28,4383,False,sacked,PFR+RULE2PT+SCORE0,19671203-CHI-SFO,True,,True,True,,,0
Jack Concannon,1967,13,1967-12-10,False,CHI,MIN,H,T,10,10,10,25,126,0,0,56.4,,4,5,0,0,0,0,0,0,0,5.54,5.54,4383,False,sacked,PFR+RULE2PT+SCORE0,19671210-MIN-CHI,True,,True,True,,,0
Jack Concannon,1967,14,1967-12-17,False,CHI,ATL,A,W,23,14,4,9,83,1,0,114.6,,4,29,0,0,0,0,0,0,0,10.22,10.22,4383,False,sacked,PFR+RULE2PT+SCORE0,19671217-CHI-ATL,True,,True,True,,,0
Jack Concannon,1968,1,1968-09-15,False,CHI,WAS,H,L,28,38,14,26,126,0,2,35.1,,3,12,1,0,0,0,0,0,0,8.24,8.24,4383,False,sacked,PFR+RULE2PT+SCORE0,19680915-WAS-CHI,True,,True,True,,,0
Jack Concannon,1968,2,1968-09-22,False,CHI,DET,A,L,0,42,4,14,40,0,3,0.0,,0,0,0,0,0,0,0,0,0,-4.4,-4.4,4383,False,sacked,PFR+RULE2PT+SCORE0,19680922-CHI-DET,True,,True,True,,,0
Jack Concannon,1968,3,1968-09-29,False,CHI,MIN,A,W,27,17,9,12,103,1,0,128.1,,4,25,0,0,0,0,0,0,0,10.62,10.62,4383,False,sacked,PFR+RULE2PT+SCORE0,19680929-CHI-MIN,True,,True,True,,,0
Jack Concannon,1968,11,1968-11-24,False,CHI,DAL,H,L,3,34,17,27,106,0,1,55.5,,4,13,0,0,0,0,0,0,0,3.54,3.54,4383,False,sacked,PFR+RULE2PT+SCORE0,19681124-DAL-CHI,True,,True,True,,,0
Jack Concannon,1968,12,1968-12-01,False,CHI,NOR,A,W,23,17,5,19,60,2,0,75.3,,6,16,0,0,0,0,0,0,0,12.0,12.0,4383,False,sacked,PFR+RULE2PT+SCORE0,19681201-CHI-NOR,True,,True,True,,,0
Jack Concannon,1968,13,1968-12-08,False,CHI,RAM,A,W,17,16,12,19,109,0,1,56.7,,7,28,1,0,0,0,0,0,0,11.16,11.16,4383,False,sacked,PFR+RULE2PT+SCORE0,19681208-CHI-RAM,True,,True,True,,,0
Jack Concannon,1968,14,1968-12-15,False,CHI,GNB,H,L,27,28,10,26,171,2,2,55.1,,4,10,0,0,0,0,0,0,0,11.84,11.84,4383,False,sacked,PFR+RULE2PT+SCORE0,19681215-GNB-CHI,True,,True,True,,,0
Jack Concannon,1969,1,1969-09-21,False,CHI,GNB,A,L,0,17,13,26,123,0,2,31.4,,5,10,0,0,0,0,0,0,0,1.92,1.92,4383,False,sacked,PFR+RULE2PT+SCORE0,19690921-CHI-GNB,True,,True,True,,,0
Jack Concannon,1969,2,1969-09-28,False,CHI,STL,A,L,17,20,27,41,268,2,1,90.3,,5,20,0,0,0,0,0,0,0,18.72,18.72,4383,False,sacked,PFR+RULE2PT+SCORE0,19690928-CHI-STL,True,,True,True,,,0
Jack Concannon,1969,3,1969-10-05,False,CHI,NYG,A,L,24,28,20,35,203,2,1,81.0,,6,27,1,0,0,0,0,0,0,22.82,22.82,4383,False,sacked,PFR+RULE2PT+SCORE0,19691005-CHI-NYG,True,,True,True,,,0
Jack Concannon,1969,4,1969-10-12,False,CHI,MIN,H,L,0,31,11,15,71,0,1,55.1,,1,9,0,0,0,0,0,0,0,1.74,1.74,4383,False,sacked,PFR+RULE2PT+SCORE0,19691012-MIN-CHI,True,,True,True,,,0
Jack Concannon,1969,5,1969-10-19,False,CHI,DET,A,L,7,13,4,8,39,0,0,64.1,,2,4,0,0,0,0,0,0,0,1.96,1.96,4383,False,sacked,PFR+RULE2PT+SCORE0,19691019-CHI-DET,True,,True,True,,,0
Jack Concannon,1969,7,1969-11-02,False,CHI,MIN,A,L,14,31,0,0,0,0,0,0,,1,-2,0,0,0,0,0,0,0,-0.2,-0.2,4383,False,sacked,PFR+RULE2PT+SCORE0,19691102-CHI-MIN,True,,True,True,,,0
Jack Concannon,1969,12,1969-12-06,False,CHI,SFO,A,L,21,42,0,0,0,0,0,0,,1,1,0,0,0,0,0,0,0,0.1,0.1,4383,False,sacked,PFR+RULE2PT+SCORE0,19691206-CHI-SFO,True,,True,True,,,0
Jack Concannon,1969,14,1969-12-21,False,CHI,DET,H,L,3,20,12,35,79,0,3,7.4,,1,-7,0,0,0,0,0,0,0,-3.54,-3.54,4383,False,sacked,PFR+RULE2PT+SCORE0,19691221-DET-CHI,True,,True,True,,,0
Jacky Lee,1960,2,1960-09-18,False,HOU,LAC,H,W,38,28,1,3,10,0,1,4.2,,0,0,0,0,0,0,0,0,0,-1.6,-1.6,13100,False,sacked,PFR+SCORE0,19600918-LAC-HOU,True,,True,True,,,0
Jacky Lee,1960,10,1960-11-20,False,HOU,DEN,H,W,20,10,6,13,281,3,1,100.2,,3,-5,0,0,0,0,0,0,0,20.74,20.74,13100,False,sacked,PFR+SCORE0,19601120-DEN-HOU,True,,True,True,,,0
Jacky Lee,1960,11,1960-11-25,False,HOU,BOS,A,W,24,10,21,38,331,1,0,93.2,,0,0,0,0,0,0,0,0,0,17.24,17.24,13100,False,sacked,PFR+SCORE0,19601125-HOU-BOS,True,,True,True,,,0
Jacky Lee,1960,12,1960-12-04,False,HOU,DTX,A,L,0,24,9,15,84,0,3,35.8,,3,16,0,0,0,0,0,0,0,-1.04,-1.04,13100,False,sacked,PFR+SCORE0,19601204-HOU-DTX,True,,True,True,,,0
Jacky Lee,1960,14,1960-12-18,False,HOU,BOS,H,W,37,21,4,8,136,1,1,95.8,,0,0,0,0,0,0,0,0,0,7.44,7.44,13100,False,sacked,PFR+SCORE0,19601218-BOS-HOU,True,,True,True,,,0
Jacky Lee,1960,15,1961-01-01,True,HOU,LAC,H,W,24,16,0,0,0,0,0,0,,0,0,0,0,0,0,0,0,0,0.0,0.0,13100,False,sacked,PFR+SCORE0,19610101-LAC-HOU,True,,True,True,,,0
Jacky Lee,1961,1,1961-09-09,False,HOU,OAK,H,W,55,0,2,3,46,1,0,149.3,,1,-1,0,0,0,0,0,,,5.74,5.74,13100,False,sacked;two_pt;fum_rec_td,PFR,19610909-OAK-HOU,False,two_pt;fum_rec_td,False,True,two_pt;fum_rec_td,,1
Jacky Lee,1961,2,1961-09-24,False,HOU,SDG,A,L,24,34,10,25,190,3,2,73.3,,2,14,0,0,0,0,0,0,0,17.0,17.0,13100,False,sacked,PFR+SCORE0,19610924-HOU-SDG,True,,True,True,,,0
Jacky Lee,1961,4,1961-10-08,False,HOU,BUF,H,L,12,22,10,26,196,1,2,46.3,,2,6,0,0,0,0,0,,,8.44,8.44,13100,False,sacked;two_pt;fum_rec_td,PFR,19611008-BUF-HOU,False,two_pt;fum_rec_td,False,True,two_pt;fum_rec_td,,2
Jacky Lee,1961,5,1961-10-13,False,HOU,BOS,A,T,31,31,27,41,457,2,2,99.3,,2,10,0,0,0,0,0,0,0,23.28,23.28,13100,False,sacked,PFR+SCORE0,19611013-HOU-BOS,True,,True,True,,,0
Jacky Lee,1961,6,1961-10-22,False,HOU,DTX,H,W,38,7,6,11,109,1,0,119.1,,0,0,0,0,0,0,0,0,0,8.36,8.36,13100,False,sacked,PFR+SCORE0,19611022-DTX-HOU,True,,True,True,,,0
Jacky Lee,1961,8,1961-11-05,False,HOU,DEN,A,W,55,14,2,2,85,1,0,158.3,,0,0,0,0,0,0,0,0,0,7.4,7.4,13100,False,sacked,PFR+SCORE0,19611105-HOU-DEN,True,,True,True,,,0
Jacky Lee,1961,9,1961-11-12,False,HOU,BOS,H,W,27,15,5,5,54,1,0,151.2,,1,7,0,0,0,0,0,,,6.86,6.86,13100,False,sacked;two_pt;fum_rec_td,PFR,19611112-BOS-HOU,False,two_pt;fum_rec_td,False,True,two_pt;fum_rec_td,,6
Jacky Lee,1961,10,1961-11-19,False,HOU,NYT,H,W,49,13,1,5,9,0,0,39.6,,0,0,0,0,0,0,0,0,0,0.36,0.36,13100,False,sacked,PFR+SCORE0,19611119-NYT-HOU,True,,True,True,,,0
Jacky Lee,1961,11,1961-11-26,False,HOU,DEN,H,W,45,14,3,5,59,2,0,140.8,,0,0,0,0,0,0,0,,,10.36,10.36,13100,False,sacked;two_pt;fum_rec_td,PFR,19611126-DEN-HOU,False,two_pt;fum_rec_td,False,True,two_pt;fum_rec_td,,12
Jacky Lee,1961,13,1961-12-10,False,HOU,NYT,A,W,48,21,0,3,0,0,0,39.6,,0,0,0,0,0,0,0,0,0,0.0,0.0,13100,False,sacked,PFR+SCORE0,19611210-HOU-NYT,True,,True,True,,,0
Jacky Lee,1961,14,1961-12-17,False,HOU,OAK,A,W,47,16,0,1,0,0,0,39.6,,0,0,0,0,0,0,0,,,0.0,0.0,13100,False,sacked;two_pt;fum_rec_td,PFR,19611217-HOU-OAK,False,two_pt;fum_rec_td,False,True,two_pt;fum_rec_td,,2
Jacky Lee,1961,15,1961-12-24,True,HOU,SDG,A,W,10,3,0,0,0,0,0,0,,0,0,0,0,0,0,0,0,0,0.0,0.0,13100,False,sacked,PFR+SCORE0,19611224-HOU-SDG,True,,True,True,,,0
Jacky Lee,1962,3,1962-09-23,False,HOU,SDG,A,W,42,17,1,1,4,1,0,122.9,,1,0,0,0,0,0,0,0,0,4.16,4.16,13100,False,sacked,PFR+SCORE0,19620923-HOU-SDG,True,,True,True,,,0
Jacky Lee,1962,4,1962-10-07,False,HOU,BUF,H,W,17,14,5,10,69,0,2,32.9,,1,-2,0,0,0,0,0,0,0,-1.44,-1.44,13100,False,sacked,PFR+SCORE0,19621007-BUF-HOU,True,,True,True,,,0
Jacky Lee,1962,5,1962-10-14,False,HOU,NYT,H,W,56,17,1,2,35,1,0,135.4,,0,0,0,0,0,0,0,0,0,5.4,5.4,13100,False,sacked,PFR+SCORE0,19621014-NYT-HOU,True,,True,True,,,0
Jacky Lee,1962,7,1962-10-28,False,HOU,DTX,H,L,7,31,9,16,134,0,0,83.9,,1,-1,0,0,0,0,0,0,0,5.26,5.26,13100,False,sacked,PFR+SCORE0,19621028-DTX-HOU,True,,True,True,,,0
Jacky Lee,1962,11,1962-11-25,False,HOU,SDG,H,W,33,27,7,13,164,1,3,85.1,,1,4,0,0,0,0,0,,,4.96,4.96,13100,False,sacked;two_pt;fum_rec_td,PFR,19621125-SDG-HOU,False,two_pt;fum_rec_td,False,True,two_pt;fum_rec_td,,4
Jacky Lee,1962,14,1962-12-15,False,HOU,NYT,A,W,44,10,3,8,27,1,0,87.0,,0,0,0,0,0,0,0,0,0,5.08,5.08,13100,False,sacked,PFR+SCORE0,19621215-HOU-NYT,True,,True,True,,,0
Jacky Lee,1962,15,1962-12-23,True,HOU,DTX,H,L,17,20,0,0,0,0,0,0,,0,0,0,0,0,0,0,0,0,0.0,0.0,13100,False,sacked,PFR+SCORE0,19621223-DTX-HOU,True,,True,True,,,0
Jacky Lee,1963,1,1963-09-07,False,HOU,OAK,H,L,13,24,10,18,123,1,1,72.2,,0,0,0,0,0,0,0,0,0,6.92,6.92,13100,False,sacked,PFR+SCORE0,19630907-OAK-HOU,True,,True,True,,,0
Jacky Lee,1963,7,1963-10-20,False,HOU,BUF,H,W,28,14,0,1,0,0,1,0.0,,0,0,0,0,0,0,0,0,0,-2.0,-2.0,13100,False,sacked,PFR+SCORE0,19631020-BUF-HOU,True,,True,True,,,0
Jacky Lee,1963,9,1963-11-01,False,HOU,BOS,A,L,3,45,12,24,163,0,3,32.5,,0,0,0,0,0,0,0,0,0,0.52,0.52,13100,False,sacked,PFR+SCORE0,19631101-HOU-BOS,True,,True,True,,,0
Jacky Lee,1963,11,1963-12-01,False,HOU,SDG,A,L,0,27,4,6,41,0,1,46.5,,0,0,0,0,0,0,0,0,0,-0.36,-0.36,13100,False,sacked,PFR+SCORE0,19631201-HOU-SDG,True,,True,True,,,0
Jacky Lee,1963,12,1963-12-08,False,HOU,BOS,H,L,28,46,10,19,136,1,1,71.4,,1,1,0,0,0,0,0,0,0,7.54,7.54,13100,False,sacked,PFR+SCORE0,19631208-BOS-HOU,True,,True,True,,,0
Jacky Lee,1963,13,1963-12-15,False,HOU,SDG,H,L,14,20,1,7,12,0,1,0.0,,1,8,0,0,0,0,0,0,0,-0.72,-0.72,13100,False,sacked,PFR+SCORE0,19631215-SDG-HOU,True,,True,True,,,0
Jacky Lee,1964,1,1964-09-12,False,DEN,NYJ,A,L,6,30,18,32,127,0,3,26.4,,4,23,0,0,0,0,0,0,0,1.38,1.38,13100,False,sacked,PFR+SCORE0,19640912-DEN-NYJ,True,,True,True,,,0
Jacky Lee,1964,2,1964-09-20,False,DEN,BUF,A,L,13,30,13,32,168,1,2,42.2,,6,9,0,0,0,0,0,0,0,7.62,7.62,13100,False,sacked,PFR+SCORE0,19640920-DEN-BUF,True,,True,True,,,0
Jacky Lee,1964,3,1964-09-27,False,DEN,HOU,H,L,17,38,17,32,239,0,2,51.4,,7,30,1,0,0,0,0,0,0,14.56,14.56,13100,False,sacked,PFR+SCORE0,19640927-HOU-DEN,True,,True,True,,,0
Jacky Lee,1964,4,1964-10-04,False,DEN,BOS,H,L,10,39,5,10,44,0,1,22.5,,1,-1,0,0,0,0,0,0,0,-0.34,-0.34,13100,False,sacked,PFR+SCORE0,19641004-BOS-DEN,True,,True,True,,,0
Jacky Lee,1964,5,1964-10-11,False,DEN,KAN,H,W,33,27,13,23,186,3,1,104.3,,5,15,0,0,0,0,0,0,0,18.94,18.94,13100,False,sacked,PFR+SCORE0,19641011-KAN-DEN,True,,True,True,,,0
Jacky Lee,1964,6,1964-10-18,False,DEN,SDG,A,L,14,42,16,32,100,2,2,51.6,,3,11,0,0,0,0,0,0,0,9.1,9.1,13100,False,sacked,PFR+SCORE0,19641018-DEN-SDG,True,,True,True,,,0
Jacky Lee,1964,7,1964-10-25,False,DEN,OAK,A,L,7,40,13,22,160,0,2,43.8,,2,2,1,0,0,0,0,0,0,8.6,8.6,13100,False,sacked,PFR+SCORE0,19641025-DEN-OAK,True,,True,True,,,0
Jacky Lee,1964,8,1964-11-01,False,DEN,KAN,A,L,39,49,9,17,213,2,1,113.0,,2,9,0,0,0,0,0,,,15.42,15.42,13100,False,sacked;two_pt;fum_rec_td,PFR,19641101-DEN-KAN,False,two_pt;fum_rec_td,False,True,two_pt;fum_rec_td,,14
Jacky Lee,1964,9,1964-11-08,False,DEN,SDG,H,L,20,31,12,23,171,0,3,37.0,,4,24,1,0,0,0,0,,,9.24,9.24,13100,False,sacked;two_pt;fum_rec_td,PFR,19641108-SDG-DEN,False,two_pt;fum_rec_td,False,True,two_pt;fum_rec_td,,10
Jacky Lee,1964,10,1964-11-15,False,DEN,NYJ,H,W,20,16,3,14,25,1,2,23.8,,1,7,0,0,0,0,0,0,0,1.7,1.7,13100,False,sacked,PFR+SCORE0,19641115-NYJ-DEN,True,,True,True,,,0
Jacky Lee,1964,11,1964-11-20,False,DEN,BOS,A,L,7,12,11,23,121,1,1,60.2,,7,32,0,0,0,0,0,0,0,10.04,10.04,13100,False,sacked,PFR+SCORE0,19641120-DEN-BOS,True,,True,True,,,0
Jacky Lee,1964,12,1964-11-29,False,DEN,OAK,H,T,20,20,1,3,16,0,0,52.1,,0,0,0,0,0,0,0,0,0,0.64,0.64,13100,False,sacked,PFR+SCORE0,19641129-OAK-DEN,True,,True,True,,,0
Jacky Lee,1964,13,1964-12-13,False,DEN,BUF,H,L,19,30,1,1,30,1,0,158.3,,1,3,0,0,0,0,0,0,0,5.5,5.5,13100,False,sacked,PFR+SCORE0,19641213-BUF-DEN,True,,True,True,,,0
Jacky Lee,1964,14,1964-12-20,False,DEN,HOU,A,L,15,34,1,1,11,0,0,112.5,,0,0,0,0,0,0,0,,,0.44,0.44,13100,False,sacked;two_pt;fum_rec_td,PFR,19641220-DEN-HOU,False,two_pt;fum_rec_td,False,True,two_pt;fum_rec_td,,2
Jacky Lee,1965,11,1965-11-21,False,DEN,OAK,H,L,20,28,7,10,81,1,0,127.5,,0,0,0,0,0,0,0,0,0,7.24,7.24,13100,False,sacked,PFR+SCORE0,19651121-OAK-DEN,True,,True,True,,,0
Jacky Lee,1965,12,1965-12-05,False,DEN,OAK,A,L,13,24,18,35,370,1,1,86.6,,2,1,0,0,0,0,0,0,0,16.9,16.9,13100,False,sacked,PFR+SCORE0,19651205-DEN-OAK,True,,True,True,,,0
Jacky Lee,1965,13,1965-12-12,False,DEN,BOS,H,L,20,28,19,35,241,3,2,80.8,,0,0,0,0,0,0,0,,,17.64,17.64,13100,False,sacked;two_pt;fum_rec_td,PFR,19651212-BOS-DEN,False,two_pt;fum_rec_td,False,True,two_pt;fum_rec_td,,2
Jacky Lee,1966,8,1966-10-30,False,HOU,KAN,A,L,23,48,4,8,27,0,1,18.2,,1,-3,0,0,0,0,0,0,0,-1.22,-1.22,13100,False,sacked,PFR+SCORE0,19661030-HOU-KAN,True,,True,True,,,0
Jacky Lee,1967,1,1967-09-09,False,HOU,KAN,H,L,20,25,16,25,158,1,2,61.7,,0,0,0,0,0,0,0,0,0,6.32,6.32,13100,False,sacked,PFR+SCORE0,19670909-KAN-HOU,True,,True,True,,,0
Jacky Lee,1967,2,1967-09-17,False,HOU,BUF,A,W,20,3,8,18,31,1,2,30.6,,3,2,0,1,-1,0,0,0,0,1.34,2.34,13100,False,sacked,PFR+SCORE0,19670917-HOU-BUF,True,,True,True,,,0
Jacky Lee,1967,3,1967-09-24,False,HOU,SDG,A,L,3,13,8,20,77,0,0,51.5,,1,-3,0,0,0,0,0,0,0,2.78,2.78,13100,False,sacked,PFR+SCORE0,19670924-HOU-SDG,True,,True,True,,,0
Jacky Lee,1967,4,1967-10-01,False,HOU,DEN,H,W,10,6,4,9,43,0,0,59.0,,1,1,0,0,0,0,0,,,1.82,1.82,13100,False,sacked;two_pt;fum_rec_td,PFR,19671001-DEN-HOU,False,two_pt;fum_rec_td,False,True,two_pt;fum_rec_td,,6
Jacky Lee,1967,7,1967-10-29,False,KAN,DEN,H,W,52,9,2,9,46,0,1,8.8,,0,0,0,0,0,0,0,0,0,-0.16,-0.16,13100,False,sacked,PFR+SCORE0,19671029-DEN-KAN,True,,True,True,,,0
Jacky Lee,1967,11,1967-11-23,False,KAN,OAK,H,L,22,44,4,8,59,1,0,114.1,,0,0,0,0,0,0,0,,,6.36,6.36,13100,False,sacked;two_pt;fum_rec_td,PFR,19671123-OAK-KAN,False,two_pt;fum_rec_td,False,True,two_pt;fum_rec_td,,2
Jacky Lee,1967,12,1967-12-03,False,KAN,BUF,H,W,23,13,0,0,0,0,0,0,,1,-3,0,0,0,0,0,0,0,-0.3,-0.3,13100,False,sacked,PFR+SCORE0,19671203-BUF-KAN,True,,True,True,,,0
Jacky Lee,1967,14,1967-12-17,False,KAN,DEN,A,W,38,24,0,2,0,0,1,0.0,,0,0,0,0,0,0,0,0,0,-2.0,-2.0,13100,False,sacked,PFR+SCORE0,19671217-KAN-DEN,True,,True,True,,,0
Jacky Lee,1968,3,1968-09-22,False,KAN,DEN,H,W,34,2,7,8,99,2,0,157.8,,0,0,0,0,0,0,0,0,0,11.96,11.96,13100,False,sacked,PFR+SCORE0,19680922-DEN-KAN,True,,True,True,,,0
Jacky Lee,1968,4,1968-09-28,False,KAN,MIA,A,W,48,3,6,9,97,0,0,102.5,,0,0,0,0,0,0,0,,,3.88,3.88,13100,False,sacked;two_pt;fum_rec_td,PFR,19680928-KAN-MIA,False,two_pt;fum_rec_td,False,True,two_pt;fum_rec_td,,6
Jacky Lee,1968,9,1968-11-03,False,KAN,OAK,A,L,21,38,5,10,90,1,0,114.6,,0,0,0,0,0,0,0,0,0,7.6,7.6,13100,False,sacked,PFR+SCORE0,19681103-KAN-OAK,True,,True,True,,,0
Jacky Lee,1968,10,1968-11-10,False,KAN,CIN,A,W,16,9,5,13,62,0,1,22.0,,0,0,0,0,0,0,0,0,0,0.48,0.48,13100,False,sacked,PFR+SCORE0,19681110-KAN-CIN,True,,True,True,,,0
Jacky Lee,1968,13,1968-12-08,False,KAN,SDG,A,W,40,3,2,5,35,0,0,64.6,,0,0,0,0,0,0,0,,,1.4,1.4,13100,False,sacked;two_pt;fum_rec_td,PFR,19681208-KAN-SDG,False,two_pt;fum_rec_td,False,True,two_pt;fum_rec_td,,8
Jacky Lee,1968,17,1968-12-22,True,KAN,OAK,A,L,6,41,0,0,0,0,0,0,,0,0,0,0,0,0,0,0,0,0.0,0.0,13100,False,sacked,PFR+SCORE0,19681222-KAN-OAK,True,,True,True,,,0
Jacky Lee,1969,2,1969-09-21,False,KAN,BOS,A,W,31,0,1,2,31,0,0,95.8,,0,0,0,0,0,0,0,0,0,1.24,1.24,13100,False,sacked,PFR+SCORE0,19690921-KAN-BOS,True,,True,True,,,0
Jacky Lee,1969,3,1969-09-28,False,KAN,CIN,A,L,19,24,11,18,78,1,1,66.4,,1,3,0,0,0,0,0,0,0,5.42,5.42,13100,False,sacked,PFR+SCORE0,19690928-KAN-CIN,True,,True,True,,,0
George Shaw,1960,1,1960-09-25,False,NYG,SFO,A,W,21,19,4,6,110,1,0,149.3,,7,14,0,0,0,0,0,0,0,9.8,9.8,20027,False,sacked,PFR+RULE2PT+SCORE0,19600925-NYG-SFO,True,,True,True,,,0
George Shaw,1960,2,1960-10-02,False,NYG,STL,A,W,35,14,15,22,240,4,1,125.0,,0,0,0,0,0,0,0,0,0,23.6,23.6,20027,False,sacked,PFR+RULE2PT+SCORE0,19601002-NYG-STL,True,,True,True,,,0
George Shaw,1960,3,1960-10-09,False,NYG,PIT,A,W,19,17,9,20,143,1,2,46.5,,1,-4,0,0,0,0,0,0,0,5.32,5.32,20027,False,sacked,PFR+RULE2PT+SCORE2,19601009-NYG-PIT,True,,True,True,,,2
George Shaw,1960,4,1960-10-16,False,NYG,WAS,H,T,24,24,10,22,124,1,0,78.6,,0,0,0,0,0,0,0,0,0,8.96,8.96,20027,False,sacked,PFR+RULE2PT+SCORE0,19601016-WAS-NYG,True,,True,True,,,0
George Shaw,1960,5,1960-10-30,False,NYG,STL,H,L,13,20,10,23,122,0,4,20.8,,1,0,0,0,0,0,0,0,,-3.12,-3.12,20027,False,sacked;fum_rec_td,PFR+RULE2PT,19601030-STL-NYG,False,fum_rec_td,False,True,fum_rec_td,,6
George Shaw,1960,8,1960-11-20,False,NYG,PHI,H,L,10,17,11,24,196,0,1,56.9,,0,0,0,0,0,0,0,0,0,5.84,5.84,20027,False,sacked,PFR+RULE2PT+SCORE0,19601120-PHI-NYG,True,,True,True,,,0
George Shaw,1960,9,1960-11-27,False,NYG,PHI,A,L,23,31,9,19,179,2,4,76.3,,3,-11,0,0,0,0,0,0,0,6.06,6.06,20027,False,sacked,PFR+RULE2PT+SCORE0,19601127-NYG-PHI,True,,True,True,,,0
George Shaw,1960,10,1960-12-04,False,NYG,DAL,H,T,31,31,8,16,149,2,1,96.1,,3,-11,0,0,0,0,0,0,0,10.86,10.86,20027,False,sacked,PFR+RULE2PT+SCORE0,19601204-DAL-NYG,True,,True,True,,,0
George Shaw,1960,12,1960-12-18,False,NYG,CLE,H,L,34,48,0,3,0,0,0,39.6,,0,0,0,0,0,0,0,0,,0.0,0.0,20027,False,sacked;fum_rec_td,PFR+RULE2PT,19601218-CLE-NYG,False,fum_rec_td,False,True,fum_rec_td,,6
George Shaw,1961,1,1961-09-17,False,MIN,CHI,H,W,37,13,2,3,22,0,0,88.2,,3,1,0,0,0,0,0,0,0,0.98,0.98,20027,False,sacked,PFR+RULE2PT+SCORE0,19610917-CHI-MIN,True,,True,True,,,0
George Shaw,1961,2,1961-09-24,False,MIN,DAL,A,L,7,21,5,7,33,0,1,41.7,,0,0,0,0,0,0,0,0,0,-0.68,-0.68,20027,False,sacked,PFR+RULE2PT+SCORE0,19610924-MIN-DAL,True,,True,True,,,0
George Shaw,1961,3,1961-10-01,False,MIN,BAL,A,L,33,34,17,30,208,2,0,100.4,,1,3,0,0,0,0,0,0,0,16.62,16.62,20027,False,sacked,PFR+RULE2PT+SCORE0,19611001-MIN-BAL,True,,True,True,,,0
George Shaw,1961,4,1961-10-08,False,MIN,DAL,H,L,0,28,2,5,14,0,1,8.3,,0,0,0,0,0,0,0,0,0,-1.44,-1.44,20027,False,sacked,PFR+RULE2PT+SCORE0,19611008-DAL-MIN,True,,True,True,,,0
George Shaw,1961,5,1961-10-15,False,MIN,SFO,H,L,24,38,7,17,85,1,0,76.8,,2,-6,0,0,0,0,0,0,0,6.8,6.8,20027,False,sacked,PFR+RULE2PT+SCORE0,19611015-SFO-MIN,True,,True,True,,,0
George Shaw,1961,6,1961-10-22,False,MIN,GNB,H,L,7,33,4,11,49,0,1,13.1,,1,16,0,0,0,0,0,0,0,1.56,1.56,20027,False,sacked,PFR+RULE2PT+SCORE0,19611022-GNB-MIN,True,,True,True,,,0
George Shaw,1961,7,1961-10-29,False,MIN,GNB,A,L,10,28,9,18,119,1,1,66.7,,3,25,0,0,0,0,0,0,0,9.26,9.26,20027,False,sacked,PFR+RULE2PT+SCORE0,19611029-MIN-GNB,True,,True,True,,,0
George Shaw,1962,3,1962-09-21,False,DEN,BOS,A,L,16,41,5,9,174,1,0,137.5,,0,0,0,0,0,0,0,0,0,10.96,10.96,20027,False,sacked,PFR+SCORE0,19620921-DEN-BOS,True,,True,True,,,0
George Shaw,1962,4,1962-09-30,False,DEN,NYT,A,W,32,10,3,3,47,0,0,118.7,,1,-4,0,0,0,0,0,,,1.48,1.48,20027,False,sacked;two_pt;fum_rec_td,PFR,19620930-DEN-NYT,False,two_pt;fum_rec_td,False,True,two_pt;fum_rec_td,,6
George Shaw,1962,5,1962-10-05,False,DEN,OAK,H,W,44,7,9,25,137,0,4,15.3,,0,0,0,0,0,0,0,,,-2.52,-2.52,20027,False,sacked;two_pt;fum_rec_td,PFR,19621005-OAK-DEN,False,two_pt;fum_rec_td,False,True,two_pt;fum_rec_td,,12
George Shaw,1962,6,1962-10-14,False,DEN,OAK,A,W,23,6,0,3,0,0,1,0.0,,0,0,0,0,0,0,0,0,0,-2.0,-2.0,20027,False,sacked,PFR+SCORE0,19621014-DEN-OAK,True,,True,True,,,0
George Shaw,1962,8,1962-10-28,False,DEN,BUF,H,L,38,45,2,3,32,0,0,102.1,,0,0,0,0,0,0,0,0,0,1.28,1.28,20027,False,sacked,PFR+SCORE0,19621028-BUF-DEN,True,,True,True,,,0
George Shaw,1962,9,1962-11-04,False,DEN,SDG,A,W,23,20,1,3,16,0,1,12.5,,0,0,0,0,0,0,0,,,-1.36,-1.36,20027,False,sacked;two_pt;fum_rec_td,PFR,19621104-DEN-SDG,False,two_pt;fum_rec_td,False,True,two_pt;fum_rec_td,,2
George Shaw,1962,10,1962-11-11,False,DEN,BOS,H,L,29,33,6,10,124,1,1,97.5,,1,2,1,0,0,0,0,0,0,13.16,13.16,20027,False,sacked,PFR+SCORE0,19621111-BOS-DEN,True,,True,True,,,0
George Shaw,1962,11,1962-11-18,False,DEN,DTX,H,L,3,24,4,11,35,0,0,45.6,,1,3,0,0,0,0,0,0,0,1.7,1.7,20027,False,sacked,PFR+SCORE0,19621118-DTX-DEN,True,,True,True,,,0
George Shaw,1962,12,1962-11-22,False,DEN,NYT,H,L,45,46,12,26,117,2,1,68.9,,1,9,0,0,0,0,0,,,11.58,11.58,20027,False,sacked;two_pt;fum_rec_td,PFR,19621122-NYT-DEN,False,two_pt;fum_rec_td,False,True,two_pt;fum_rec_td,,14
George Shaw,1962,13,1962-12-02,False,DEN,HOU,A,L,17,34,1,7,5,0,3,0.0,,0,0,0,0,0,0,0,0,0,-5.8,-5.8,20027,False,sacked,PFR+SCORE0,19621202-DEN-HOU,True,,True,True,,,0
George Shaw,1962,14,1962-12-09,False,DEN,DTX,A,L,10,17,6,10,96,0,3,52.5,,0,0,0,0,0,0,0,,,-2.16,-2.16,20027,False,sacked;two_pt;fum_rec_td,PFR,19621209-DEN-DTX,False,two_pt;fum_rec_td,False,True,two_pt;fum_rec_td,,6
Steve Tensi,1966,4,1966-10-02,False,SDG,MIA,H,W,44,10,9,12,223,4,0,156.2,,1,-1,0,0,0,0,0,,,24.82,24.82,21940,False,sacked;two_pt;fum_rec_td,PFR,19661002-MIA-SDG,False,two_pt;fum_rec_td,False,True,two_pt;fum_rec_td,,6
Steve Tensi,1966,5,1966-10-08,False,SDG,NYJ,A,L,16,17,2,10,45,0,1,6.2,,0,0,0,0,0,0,0,0,0,-0.2,-0.2,21940,False,sacked,PFR+SCORE0,19661008-SDG-NYJ,True,,True,True,,,0
Steve Tensi,1966,7,1966-10-23,False,SDG,BOS,A,L,17,35,0,3,0,0,0,39.6,,0,0,0,0,0,0,0,0,0,0.0,0.0,21940,False,sacked,PFR+SCORE0,19661023-SDG-BOS,True,,True,True,,,0
Steve Tensi,1966,10,1966-11-13,False,SDG,OAK,H,L,19,41,8,20,118,1,0,76.7,,0,0,0,0,0,0,0,0,0,8.72,8.72,21940,False,sacked,PFR+SCORE0,19661113-OAK-SDG,True,,True,True,,,0
Steve Tensi,1966,11,1966-11-27,False,SDG,DEN,A,L,17,20,1,2,7,0,0,58.3,,0,0,0,0,0,0,0,0,0,0.28,0.28,21940,False,sacked,PFR+SCORE0,19661127-SDG-DEN,True,,True,True,,,0
Steve Tensi,1966,13,1966-12-11,False,SDG,NYJ,H,W,42,27,1,5,12,0,0,39.6,,0,0,0,0,0,0,0,0,0,0.48,0.48,21940,False,sacked,PFR+SCORE0,19661211-NYJ-SDG,True,,True,True,,,0
Steve Tensi,1967,1,1967-09-03,False,DEN,BOS,H,W,26,21,8,19,145,2,0,104.1,,2,0,0,0,0,0,0,,,13.8,13.8,21940,False,sacked;two_pt;fum_rec_td,PFR,19670903-BOS-DEN,False,two_pt;fum_rec_td,False,True,two_pt;fum_rec_td,,6
Steve Tensi,1967,2,1967-09-10,False,DEN,OAK,A,L,0,51,2,12,17,0,1,4.9,,0,0,0,0,0,0,0,0,0,-1.32,-1.32,21940,False,sacked,PFR+SCORE0,19670910-DEN-OAK,True,,True,True,,,0
Steve Tensi,1967,3,1967-09-17,False,DEN,MIA,A,L,21,35,6,20,55,0,2,0.0,,4,6,0,0,0,0,0,0,0,-1.2,-1.2,21940,False,sacked,PFR+SCORE0,19670917-DEN-MIA,True,,True,True,,,0
Steve Tensi,1967,4,1967-09-24,False,DEN,NYJ,H,L,24,38,14,30,256,2,1,84.9,,1,-3,0,0,0,0,0,0,0,15.94,15.94,21940,False,sacked,PFR+SCORE0,19670924-NYJ-DEN,True,,True,True,,,0
Steve Tensi,1967,5,1967-10-01,False,DEN,HOU,A,L,6,10,6,22,58,0,3,0.0,,3,12,0,0,0,0,0,0,0,-2.48,-2.48,21940,False,sacked,PFR+SCORE0,19671001-DEN-HOU,True,,True,True,,,0
Steve Tensi,1967,6,1967-10-08,False,DEN,BUF,H,L,16,17,2,2,45,0,0,118.7,,0,0,0,0,0,0,0,,,1.8,1.8,21940,False,sacked;two_pt;fum_rec_td,PFR,19671008-BUF-DEN,False,two_pt;fum_rec_td,False,True,two_pt;fum_rec_td,,2
Steve Tensi,1967,7,1967-10-22,False,DEN,SDG,H,L,21,38,15,36,234,2,0,82.4,,3,6,0,0,0,0,0,,,17.96,17.96,21940,False,sacked;two_pt;fum_rec_td,PFR,19671022-SDG-DEN,False,two_pt;fum_rec_td,False,True,two_pt;fum_rec_td,,6
Steve Tensi,1967,8,1967-10-29,False,DEN,KAN,A,L,9,52,7,19,155,1,2,44.7,,2,-7,0,0,0,0,0,,,5.5,5.5,21940,False,sacked;two_pt;fum_rec_td,PFR,19671029-DEN-KAN,False,two_pt;fum_rec_td,False,True,two_pt;fum_rec_td,,2
Steve Tensi,1967,9,1967-11-05,False,DEN,OAK,H,L,17,21,5,15,97,1,1,51.3,,3,4,0,0,0,0,0,0,0,6.28,6.28,21940,False,sacked,PFR+SCORE0,19671105-OAK-DEN,True,,True,True,,,0
Steve Tensi,1967,10,1967-11-12,False,DEN,HOU,H,L,18,20,13,32,156,2,0,77.1,,1,-3,0,0,0,0,0,,,13.94,13.94,21940,False,sacked;two_pt;fum_rec_td,PFR,19671112-HOU-DEN,False,two_pt;fum_rec_td,False,True,two_pt;fum_rec_td,,2
Steve Tensi,1967,11,1967-11-19,False,DEN,BUF,A,W,21,20,14,33,190,2,2,56.4,,3,-4,0,0,0,0,0,0,0,11.2,11.2,21940,False,sacked,PFR+SCORE0,19671119-DEN-BUF,True,,True,True,,,0
Steve Tensi,1967,12,1967-11-23,False,DEN,SDG,A,L,20,24,18,41,253,2,2,60.3,,1,-4,0,0,0,0,0,0,0,13.72,13.72,21940,False,sacked,PFR+SCORE0,19671123-DEN-SDG,True,,True,True,,,0
Steve Tensi,1967,13,1967-12-03,False,DEN,NYJ,A,W,33,24,7,16,59,1,0,74.7,,1,-3,0,0,0,0,0,0,0,6.06,6.06,21940,False,sacked,PFR+SCORE0,19671203-DEN-NYJ,True,,True,True,,,0
Steve Tensi,1967,14,1967-12-17,False,DEN,KAN,H,L,24,38,14,28,195,1,3,45.1,,0,0,0,0,0,0,0,,,5.8,5.8,21940,False,sacked;two_pt;fum_rec_td,PFR,19671217-KAN-DEN,False,two_pt;fum_rec_td,False,True,two_pt;fum_rec_td,,6
Steve Tensi,1968,4,1968-10-06,False,DEN,CIN,H,W,10,7,9,22,84,1,0,67.2,,0,0,0,0,0,0,0,0,0,7.36,7.36,21940,False,sacked,PFR+SCORE0,19681006-CIN-DEN,True,,True,True,,,0
Steve Tensi,1968,5,1968-10-13,False,DEN,NYJ,A,W,21,13,10,22,201,1,0,93.2,,2,2,0,0,0,0,0,0,0,12.24,12.24,21940,False,sacked,PFR+SCORE0,19681013-DEN-NYJ,True,,True,True,,,0
Steve Tensi,1968,6,1968-10-20,False,DEN,SDG,A,L,24,55,6,14,84,0,1,33.0,,2,3,0,0,0,0,0,0,0,1.66,1.66,21940,False,sacked,PFR+SCORE0,19681020-DEN-SDG,True,,True,True,,,0
Steve Tensi,1968,7,1968-10-27,False,DEN,MIA,H,W,21,14,1,9,13,0,3,0.0,,0,0,0,0,0,0,0,0,0,-5.48,-5.48,21940,False,sacked,PFR+SCORE0,19681027-MIA-DEN,True,,True,True,,,0
Steve Tensi,1968,8,1968-11-03,False,DEN,BOS,A,W,35,14,11,17,206,2,1,121.2,,1,0,0,0,0,0,0,0,0,14.24,14.24,21940,False,sacked,PFR+SCORE0,19681103-DEN-BOS,True,,True,True,,,0
Steve Tensi,1968,9,1968-11-10,False,DEN,OAK,H,L,7,43,10,27,81,1,2,26.9,,0,0,0,0,0,0,0,0,0,3.24,3.24,21940,False,sacked,PFR+SCORE0,19681110-OAK-DEN,True,,True,True,,,0
Steve Tensi,1968,10,1968-11-17,False,DEN,HOU,A,L,17,38,1,8,40,0,1,8.3,,1,-3,0,0,0,0,0,0,0,-0.7,-0.7,21940,False,sacked,PFR+SCORE0,19681117-DEN-HOU,True,,True,True,,,0
Steve Tensi,1969,1,1969-09-14,False,DEN,BOS,H,W,35,7,10,15,205,3,0,149.3,,2,6,0,0,0,0,0,0,0,20.8,20.8,21940,False,sacked,PFR+SCORE0,19690914-BOS-DEN,True,,True,True,,,0
Steve Tensi,1969,2,1969-09-21,False,DEN,NYJ,H,W,21,19,1,4,21,0,1,9.4,,1,10,0,0,0,0,0,0,0,-0.16,-0.16,21940,False,sacked,PFR+SCORE0,19690921-NYJ-DEN,True,,True,True,,,0
Steve Tensi,1969,4,1969-10-05,False,DEN,KAN,H,L,13,26,2,8,12,0,0,39.6,,0,0,0,0,0,0,0,0,0,0.48,0.48,21940,False,sacked,PFR+SCORE0,19691005-KAN-DEN,True,,True,True,,,0
Steve Tensi,1969,5,1969-10-12,False,DEN,OAK,H,L,14,24,12,34,130,1,2,32.7,,0,0,0,0,0,0,0,0,0,5.2,5.2,21940,False,sacked,PFR+SCORE0,19691012-OAK-DEN,True,,True,True,,,0
Steve Tensi,1969,6,1969-10-19,False,DEN,CIN,A,W,30,23,7,14,149,2,0,127.7,,1,8,0,0,0,0,0,0,0,14.76,14.76,21940,False,sacked,PFR+SCORE0,19691019-DEN-CIN,True,,True,True,,,0
Steve Tensi,1969,7,1969-10-26,False,DEN,HOU,A,L,21,24,14,32,243,1,0,80.6,,0,0,0,0,0,0,0,0,0,13.72,13.72,21940,False,sacked,PFR+SCORE0,19691026-DEN-HOU,True,,True,True,,,0
Steve Tensi,1969,8,1969-11-02,False,DEN,SDG,H,W,13,0,15,32,219,1,2,54.0,,1,8,0,0,0,0,0,0,0,9.56,9.56,21940,False,sacked,PFR+SCORE0,19691102-SDG-DEN,True,,True,True,,,0
Steve Tensi,1969,9,1969-11-09,False,DEN,OAK,A,L,10,41,19,36,214,0,1,59.3,,2,22,0,0,0,0,0,0,0,8.76,8.76,21940,False,sacked,PFR+SCORE0,19691109-DEN-OAK,True,,True,True,,,0
Steve Tensi,1969,10,1969-11-16,False,DEN,HOU,H,T,20,20,7,21,134,1,1,52.5,,3,10,0,0,0,0,0,,,8.36,8.36,21940,False,sacked;two_pt;fum_rec_td,PFR,19691116-HOU-DEN,False,two_pt;fum_rec_td,False,True,two_pt;fum_rec_td,,6
Steve Tensi,1969,11,1969-11-23,False,DEN,SDG,A,L,24,45,19,26,301,3,1,133.7,,0,0,0,0,0,0,0,0,0,22.04,22.04,21940,False,sacked,PFR+SCORE0,19691123-DEN-SDG,True,,True,True,,,0
Steve Tensi,1969,12,1969-11-27,False,DEN,KAN,A,L,17,31,12,33,179,0,2,29.7,,1,6,0,0,0,0,0,0,0,3.76,3.76,21940,False,sacked,PFR+SCORE0,19691127-DEN-KAN,True,,True,True,,,0
Steve Tensi,1969,13,1969-12-07,False,DEN,MIA,A,L,24,27,13,31,183,2,2,56.2,,1,-7,0,0,0,0,0,,,10.62,10.62,21940,False,sacked;two_pt;fum_rec_td,PFR,19691207-DEN-MIA,False,two_pt;fum_rec_td,False,True,two_pt;fum_rec_td,,6
King Hill,1960,1,1960-09-23,False,STL,RAM,A,W,43,21,8,18,98,1,2,40.7,,5,8,0,0,0,0,0,0,0,4.72,4.72,9868,False,sacked,PFR+RULE2PT+SCORE2,19600923-STL-RAM,True,,True,True,,,2
King Hill,1960,2,1960-10-02,False,STL,NYG,H,L,14,35,3,13,25,0,2,0.0,,4,8,1,0,0,0,0,0,0,3.8,3.8,9868,False,sacked,PFR+RULE2PT+SCORE0,19601002-NYG-STL,True,,True,True,,,0
King Hill,1960,3,1960-10-09,False,STL,PHI,A,L,27,31,0,0,0,0,0,0,,1,10,0,0,0,0,0,0,0,1.0,1.0,9868,False,sacked,PFR+RULE2PT+SCORE0,19601009-STL-PHI,True,,True,True,,,0
King Hill,1960,4,1960-10-16,False,STL,PIT,A,L,14,27,5,11,64,0,1,26.3,,2,9,0,0,0,0,0,0,0,1.46,1.46,9868,False,sacked,PFR+RULE2PT+SCORE0,19601016-STL-PIT,True,,True,True,,,0
King Hill,1960,6,1960-10-30,False,STL,NYG,A,W,20,13,0,0,0,0,0,0,,1,0,0,0,0,0,0,0,,0.0,0.0,9868,False,sacked;fum_rec_td,PFR+RULE2PT,19601030-STL-NYG,False,fum_rec_td,False,True,fum_rec_td,,6
King Hill,1960,7,1960-11-06,False,STL,WAS,H,W,44,7,2,5,6,0,0,47.9,,1,-2,0,0,0,0,0,0,0,0.04,0.04,9868,False,sacked,PFR+RULE2PT+SCORE0,19601106-WAS-STL,True,,True,True,,,0
King Hill,1960,11,1960-12-04,False,STL,PHI,H,L,6,20,2,8,12,0,0,39.6,,2,14,0,0,0,0,0,0,0,1.88,1.88,9868,False,sacked,PFR+RULE2PT+SCORE0,19601204-PHI-STL,True,,True,True,,,0
King Hill,1960,12,1960-12-18,False,STL,PIT,H,W,38,7,0,0,0,0,0,0,,0,0,0,0,0,0,0,0,0,0.0,0.0,9868,False,sacked,PFR+RULE2PT+SCORE0,19601218-PIT-STL,True,,True,True,,,0
King Hill,1961,1,1961-09-17,False,PHI,CLE,H,W,27,20,0,0,0,0,0,0,,0,0,0,0,0,0,0,0,0,0.0,0.0,9868,False,sacked,PFR+RULE2PT+SCORE0,19610917-CLE-PHI,True,,True,True,,,0
King Hill,1961,2,1961-09-24,False,PHI,WAS,H,W,14,7,0,0,0,0,0,0,,0,0,0,0,0,0,0,0,0,0.0,0.0,9868,False,sacked,PFR+RULE2PT+SCORE0,19610924-WAS-PHI,True,,True,True,,,0
King Hill,1961,3,1961-10-01,False,PHI,STL,H,L,27,30,0,0,0,0,0,0,,0,0,0,0,0,0,0,0,0,0.0,0.0,9868,False,sacked,PFR+RULE2PT+SCORE0,19611001-STL-PHI,True,,True,True,,,0
King Hill,1961,4,1961-10-08,False,PHI,PIT,H,W,21,16,0,0,0,0,0,0,,0,0,0,0,0,0,0,0,0,0.0,0.0,9868,False,sacked,PFR+RULE2PT+SCORE0,19611008-PIT-PHI,True,,True,True,,,0
King Hill,1961,5,1961-10-15,False,PHI,STL,A,W,20,7,0,0,0,0,0,0,,0,0,0,0,0,0,0,0,0,0.0,0.0,9868,False,sacked,PFR+RULE2PT+SCORE0,19611015-PHI-STL,True,,True,True,,,0
King Hill,1961,6,1961-10-22,False,PHI,DAL,A,W,43,7,2,4,37,1,0,121.9,,0,0,0,0,0,0,0,0,0,5.48,5.48,9868,False,sacked,PFR+RULE2PT+SCORE0,19611022-PHI-DAL,True,,True,True,,,0
King Hill,1961,7,1961-10-29,False,PHI,WAS,A,W,27,24,0,0,0,0,0,0,,0,0,0,0,0,0,0,0,0,0.0,0.0,9868,False,sacked,PFR+RULE2PT+SCORE0,19611029-PHI-WAS,True,,True,True,,,0
King Hill,1961,8,1961-11-05,False,PHI,CHI,H,W,16,14,0,0,0,0,0,0,,0,0,0,0,0,0,0,0,0,0.0,0.0,9868,False,sacked,PFR+RULE2PT+SCORE0,19611105-CHI-PHI,True,,True,True,,,0
King Hill,1961,9,1961-11-12,False,PHI,NYG,A,L,21,38,4,7,64,1,1,87.8,,0,0,0,0,0,0,0,0,0,4.56,4.56,9868,False,sacked,PFR+RULE2PT+SCORE0,19611112-PHI-NYG,True,,True,True,,,0
King Hill,1961,10,1961-11-19,False,PHI,CLE,A,L,24,45,0,0,0,0,0,0,,0,0,0,0,0,0,0,0,0,0.0,0.0,9868,False,sacked,PFR+RULE2PT+SCORE0,19611119-PHI-CLE,True,,True,True,,,0
King Hill,1961,11,1961-11-26,False,PHI,DAL,H,W,35,13,0,1,0,0,1,0.0,,2,9,0,0,0,0,0,0,0,-1.1,-1.1,9868,False,sacked,PFR+RULE2PT+SCORE0,19611126-DAL-PHI,True,,True,True,,,0
King Hill,1961,12,1961-12-03,False,PHI,PIT,A,W,35,24,0,0,0,0,0,0,,0,0,0,0,0,0,0,0,0,0.0,0.0,9868,False,sacked,PFR+RULE2PT+SCORE0,19611203-PHI-PIT,True,,True,True,,,0
King Hill,1961,13,1961-12-10,False,PHI,NYG,H,L,24,28,0,0,0,0,0,0,,0,0,0,0,0,0,0,0,0,0.0,0.0,9868,False,sacked,PFR+RULE2PT+SCORE0,19611210-NYG-PHI,True,,True,True,,,0
King Hill,1961,14,1961-12-17,False,PHI,DET,A,W,27,24,0,0,0,0,0,0,,0,0,0,0,0,0,0,0,0,0.0,0.0,9868,False,sacked,PFR+RULE2PT+SCORE0,19611217-PHI-DET,True,,True,True,,,0
King Hill,1962,1,1962-09-16,False,PHI,STL,H,L,21,27,0,0,0,0,0,0,,0,0,0,0,0,0,0,0,,0.0,0.0,9868,False,sacked;fum_rec_td,PFR+RULE2PT,19620916-STL-PHI,False,fum_rec_td,False,True,fum_rec_td,,6
King Hill,1962,2,1962-09-23,False,PHI,NYG,H,L,13,29,0,0,0,0,0,0,,0,0,0,0,0,0,0,0,0,0.0,0.0,9868,False,sacked,PFR+RULE2PT+SCORE0,19620923-NYG-PHI,True,,True,True,,,0
King Hill,1962,3,1962-09-30,False,PHI,CLE,H,W,35,7,1,3,23,0,1,22.2,,0,0,0,0,0,0,0,0,0,-1.08,-1.08,9868,False,sacked,PFR+RULE2PT+SCORE0,19620930-CLE-PHI,True,,True,True,,,0
King Hill,1962,4,1962-10-06,False,PHI,PIT,A,L,7,13,0,0,0,0,0,0,,0,0,0,0,0,0,0,0,0,0.0,0.0,9868,False,sacked,PFR+RULE2PT+SCORE0,19621006-PHI-PIT,True,,True,True,,,0
King Hill,1962,5,1962-10-14,False,PHI,DAL,A,L,19,41,13,22,213,0,2,53.8,,1,1,1,0,0,0,0,0,0,10.62,10.62,9868,False,sacked,PFR+RULE2PT+SCORE0,19621014-PHI-DAL,True,,True,True,,,0
King Hill,1962,6,1962-10-21,False,PHI,WAS,H,L,21,27,9,17,87,0,2,27.9,,2,17,0,0,0,0,0,0,0,1.18,1.18,9868,False,sacked,PFR+RULE2PT+SCORE0,19621021-WAS-PHI,True,,True,True,,,0
King Hill,1962,7,1962-10-28,False,PHI,MIN,A,L,21,31,3,4,17,0,0,82.3,,1,22,0,0,0,0,0,0,0,2.88,2.88,9868,False,sacked,PFR+RULE2PT+SCORE0,19621028-PHI-MIN,True,,True,True,,,0
King Hill,1962,8,1962-11-04,False,PHI,CLE,A,T,14,14,0,0,0,0,0,0,,0,0,0,0,0,0,0,0,0,0.0,0.0,9868,False,sacked,PFR+RULE2PT+SCORE0,19621104-PHI-CLE,True,,True,True,,,0
King Hill,1962,9,1962-11-11,False,PHI,GNB,H,L,0,49,5,12,21,0,0,49.3,,0,0,0,0,0,0,0,0,0,0.84,0.84,9868,False,sacked,PFR+RULE2PT+SCORE0,19621111-GNB-PHI,True,,True,True,,,0
King Hill,1962,10,1962-11-18,False,PHI,NYG,A,L,14,19,0,1,0,0,0,39.6,,0,0,0,0,0,0,0,0,0,0.0,0.0,9868,False,sacked,PFR+RULE2PT+SCORE0,19621118-PHI-NYG,True,,True,True,,,0
King Hill,1962,11,1962-11-25,False,PHI,DAL,H,W,28,14,0,0,0,0,0,0,,0,0,0,0,0,0,0,0,0,0.0,0.0,9868,False,sacked,PFR+RULE2PT+SCORE0,19621125-DAL-PHI,True,,True,True,,,0
King Hill,1962,12,1962-12-02,False,PHI,WAS,A,W,37,14,0,2,0,0,0,39.6,,0,0,0,0,0,0,0,0,0,0.0,0.0,9868,False,sacked,PFR+RULE2PT+SCORE0,19621202-PHI-WAS,True,,True,True,,,0
King Hill,1962,13,1962-12-09,False,PHI,PIT,H,L,17,26,0,0,0,0,0,0,,0,0,0,0,0,0,0,0,0,0.0,0.0,9868,False,sacked,PFR+RULE2PT+SCORE0,19621209-PIT-PHI,True,,True,True,,,0
King Hill,1962,14,1962-12-16,False,PHI,STL,A,L,35,45,0,0,0,0,0,0,,0,0,0,0,0,0,0,0,0,0.0,0.0,9868,False,sacked,PFR+RULE2PT+SCORE0,19621216-PHI-STL,True,,True,True,,,0
King Hill,1963,1,1963-09-15,False,PHI,PIT,H,T,21,21,0,0,0,0,0,0,,0,0,0,0,0,0,0,0,0,0.0,0.0,9868,False,sacked,PFR+RULE2PT+SCORE0,19630915-PIT-PHI,True,,True,True,,,0
King Hill,1963,2,1963-09-22,False,PHI,STL,H,L,24,28,0,0,0,0,0,0,,0,0,0,0,0,0,0,0,0,0.0,0.0,9868,False,sacked,PFR+RULE2PT+SCORE0,19630922-STL-PHI,True,,True,True,,,0
King Hill,1963,3,1963-09-29,False,PHI,NYG,H,L,14,37,12,17,141,1,1,90.6,,0,0,0,0,0,0,0,0,0,7.64,7.64,9868,False,sacked,PFR+RULE2PT+SCORE0,19630929-NYG-PHI,True,,True,True,,,0
King Hill,1963,4,1963-10-06,False,PHI,DAL,H,W,24,21,12,20,235,2,1,113.5,,0,0,0,0,0,0,0,0,0,15.4,15.4,9868,False,sacked,PFR+RULE2PT+SCORE0,19631006-DAL-PHI,True,,True,True,,,0
King Hill,1963,5,1963-10-13,False,PHI,WAS,A,W,37,24,0,0,0,0,0,0,,0,0,0,0,0,0,0,0,0,0.0,0.0,9868,False,sacked,PFR+RULE2PT+SCORE0,19631013-PHI-WAS,True,,True,True,,,0
King Hill,1963,6,1963-10-20,False,PHI,CLE,A,L,7,37,2,8,17,0,2,0.0,,0,0,0,0,0,0,0,0,0,-3.32,-3.32,9868,False,sacked,PFR+RULE2PT+SCORE0,19631020-PHI-CLE,True,,True,True,,,0
King Hill,1963,7,1963-10-27,False,PHI,CHI,A,L,7,16,10,24,134,1,3,34.4,,2,-7,0,0,0,0,0,0,0,2.66,2.66,9868,False,sacked,PFR+RULE2PT+SCORE0,19631027-PHI-CHI,True,,True,True,,,0
King Hill,1963,8,1963-11-03,False,PHI,CLE,H,L,17,23,14,30,201,1,2,52.2,,0,0,0,0,0,0,0,0,0,8.04,8.04,9868,False,sacked,PFR+RULE2PT+SCORE0,19631103-CLE-PHI,True,,True,True,,,0
King Hill,1963,9,1963-11-10,False,PHI,NYG,A,L,14,42,9,19,93,1,3,39.9,,0,0,0,0,0,0,0,0,,1.72,1.72,9868,False,sacked;fum_rec_td,PFR+RULE2PT,19631110-PHI-NYG,False,fum_rec_td,False,True,fum_rec_td,,6
King Hill,1963,10,1963-11-17,False,PHI,DAL,A,L,20,27,19,37,264,3,1,90.4,,1,6,0,0,0,0,0,0,0,21.16,21.16,9868,False,sacked,PFR+RULE2PT+SCORE0,19631117-PHI-DAL,True,,True,True,,,0
King Hill,1963,11,1963-11-24,False,PHI,WAS,H,L,10,13,0,0,0,0,0,0,,0,0,0,0,0,0,0,0,0,0.0,0.0,9868,False,sacked,PFR+RULE2PT+SCORE0,19631124-WAS-PHI,True,,True,True,,,0
King Hill,1963,12,1963-12-01,False,PHI,PIT,A,T,20,20,9,24,107,1,3,26.2,,0,0,0,0,0,0,0,0,0,2.28,2.28,9868,False,sacked,PFR+RULE2PT+SCORE0,19631201-PHI-PIT,True,,True,True,,,0
King Hill,1963,13,1963-12-08,False,PHI,STL,A,L,14,38,3,6,11,0,1,16.7,,0,0,0,0,0,0,0,0,0,-1.56,-1.56,9868,False,sacked,PFR+RULE2PT+SCORE0,19631208-PHI-STL,True,,True,True,,,0
King Hill,1963,14,1963-12-15,False,PHI,MIN,H,L,13,34,1,1,10,0,0,108.3,,0,0,0,0,0,0,0,0,0,0.4,0.4,9868,False,sacked,PFR+RULE2PT+SCORE0,19631215-MIN-PHI,True,,True,True,,,0
King Hill,1964,5,1964-10-11,False,PHI,WAS,A,L,20,35,0,0,0,0,0,0,,0,0,0,0,0,0,0,0,0,0.0,0.0,9868,False,sacked,PFR+RULE2PT+SCORE0,19641011-PHI-WAS,True,,True,True,,,0
King Hill,1964,6,1964-10-18,False,PHI,NYG,A,W,23,17,0,0,0,0,0,0,,0,0,0,0,0,0,0,0,0,0.0,0.0,9868,False,sacked,PFR+RULE2PT+SCORE0,19641018-PHI-NYG,True,,True,True,,,0
King Hill,1964,7,1964-10-25,False,PHI,PIT,A,W,34,10,0,0,0,0,0,0,,0,0,0,0,0,0,0,0,,0.0,0.0,9868,False,sacked;fum_rec_td,PFR+RULE2PT,19641025-PHI-PIT,False,fum_rec_td,False,True,fum_rec_td,,6
King Hill,1964,8,1964-11-01,False,PHI,WAS,H,L,10,21,5,6,59,0,1,68.1,,0,0,0,0,0,0,0,0,0,0.36,0.36,9868,False,sacked,PFR+RULE2PT+SCORE0,19641101-WAS-PHI,True,,True,True,,,0
King Hill,1964,9,1964-11-08,False,PHI,RAM,A,L,10,20,10,19,144,1,0,95.1,,0,0,0,0,0,0,0,0,0,9.76,9.76,9868,False,sacked,PFR+RULE2PT+SCORE0,19641108-PHI-RAM,True,,True,True,,,0
King Hill,1964,10,1964-11-15,False,PHI,DAL,A,W,17,14,11,26,181,2,0,92.0,,5,31,0,0,0,0,0,0,0,18.34,18.34,9868,False,sacked,PFR+RULE2PT+SCORE0,19641115-PHI-DAL,True,,True,True,,,0
King Hill,1964,11,1964-11-22,False,PHI,STL,H,L,13,38,13,19,156,0,2,53.7,,2,-2,0,0,0,0,0,0,,2.04,2.04,9868,False,sacked;fum_rec_td,PFR+RULE2PT,19641122-STL-PHI,False,fum_rec_td,False,True,fum_rec_td,,6
King Hill,1964,12,1964-11-29,False,PHI,CLE,A,L,24,38,10,18,101,0,1,48.6,,1,-2,0,0,0,0,0,0,0,1.84,1.84,9868,False,sacked,PFR+RULE2PT+SCORE0,19641129-PHI-CLE,True,,True,True,,,0
King Hill,1965,2,1965-09-26,False,PHI,NYG,H,L,14,16,0,0,0,0,0,0,,0,0,0,0,0,0,0,0,0,0.0,0.0,9868,False,sacked,PFR+RULE2PT+SCORE0,19650926-NYG-PHI,True,,True,True,,,0
King Hill,1965,3,1965-10-03,False,PHI,CLE,H,L,17,35,12,25,170,2,4,57.5,,1,3,0,0,0,0,0,0,0,7.1,7.1,9868,False,sacked,PFR+RULE2PT+SCORE0,19651003-CLE-PHI,True,,True,True,,,0
King Hill,1965,4,1965-10-10,False,PHI,DAL,A,W,35,24,16,26,254,0,0,94.1,,5,15,2,0,0,0,0,0,,23.66,23.66,9868,False,sacked;fum_rec_td,PFR+RULE2PT,19651010-PHI-DAL,False,fum_rec_td,False,True,fum_rec_td,,6
King Hill,1965,5,1965-10-17,False,PHI,NYG,A,L,27,35,23,41,321,3,4,66.3,,1,2,0,0,0,0,0,0,0,17.04,17.04,9868,False,sacked,PFR+RULE2PT+SCORE0,19651017-PHI-NYG,True,,True,True,,,0
King Hill,1965,6,1965-10-24,False,PHI,PIT,H,L,14,20,6,11,78,0,2,37.5,,0,0,0,0,0,0,0,0,0,-0.88,-0.88,9868,False,sacked,PFR+RULE2PT+SCORE0,19651024-PIT-PHI,True,,True,True,,,0
King Hill,1965,7,1965-10-31,False,PHI,WAS,A,L,21,23,3,9,34,0,0,45.6,,0,0,0,0,0,0,0,0,0,1.36,1.36,9868,False,sacked,PFR+RULE2PT+SCORE0,19651031-PHI-WAS,True,,True,True,,,0
King Hill,1965,11,1965-11-28,False,PHI,STL,A,W,28,24,0,1,0,0,0,39.6,,0,0,0,0,0,0,0,0,0,0.0,0.0,9868,False,sacked,PFR+RULE2PT+SCORE0,19651128-PHI-STL,True,,True,True,,,0
King Hill,1966,3,1966-09-25,False,PHI,NYG,H,W,35,17,0,1,0,0,0,39.6,,0,0,0,0,0,0,0,0,0,0.0,0.0,9868,False,sacked,PFR+RULE2PT+SCORE0,19660925-NYG-PHI,True,,True,True,,,0
King Hill,1966,5,1966-10-09,False,PHI,DAL,A,L,7,56,9,17,62,1,1,56.5,,0,0,0,0,0,0,0,0,0,4.48,4.48,9868,False,sacked,PFR+RULE2PT+SCORE0,19661009-PHI-DAL,True,,True,True,,,0
King Hill,1966,7,1966-10-23,False,PHI,NYG,A,W,31,3,1,1,27,0,0,118.7,,0,0,0,0,0,0,0,0,0,1.08,1.08,9868,False,sacked,PFR+RULE2PT+SCORE0,19661023-PHI-NYG,True,,True,True,,,0
King Hill,1966,8,1966-10-30,False,PHI,WAS,H,L,13,27,0,0,0,0,0,0,,0,0,0,0,0,0,0,0,0,0.0,0.0,9868,False,sacked,PFR+RULE2PT+SCORE0,19661030-WAS-PHI,True,,True,True,,,0
King Hill,1966,9,1966-11-06,False,PHI,DAL,H,W,24,23,4,9,55,0,0,64.6,,3,2,0,0,0,0,0,0,0,2.4,2.4,9868,False,sacked,PFR+RULE2PT+SCORE0,19661106-DAL-PHI,True,,True,True,,,0
King Hill,1966,10,1966-11-13,False,PHI,CLE,A,L,7,27,8,16,105,0,1,45.1,,0,0,0,0,0,0,0,0,0,2.2,2.2,9868,False,sacked,PFR+RULE2PT+SCORE0,19661113-PHI-CLE,True,,True,True,,,0
King Hill,1966,11,1966-11-20,False,PHI,SFO,A,W,35,34,15,30,174,3,3,61.7,,2,2,0,0,0,0,0,0,,13.16,13.16,9868,False,sacked;fum_rec_td,PFR+RULE2PT,19661120-PHI-SFO,False,fum_rec_td,False,True,fum_rec_td,,6
King Hill,1966,12,1966-12-04,False,PHI,PIT,H,W,27,23,0,0,0,0,0,0,,1,0,0,0,0,0,0,0,0,0.0,0.0,9868,False,sacked,PFR+RULE2PT+SCORE0,19661204-PIT-PHI,True,,True,True,,,0
King Hill,1966,14,1966-12-18,False,PHI,WAS,A,W,37,28,16,23,148,1,2,65.1,,1,-6,0,0,0,0,0,0,,5.32,5.32,9868,False,sacked;fum_rec_td,PFR+RULE2PT,19661218-PHI-WAS,False,fum_rec_td,False,True,fum_rec_td,,6
King Hill,1967,10,1967-11-19,False,PHI,NOR,H,W,48,21,2,7,33,1,0,86.3,,0,0,0,0,0,0,0,0,0,5.32,5.32,9868,False,sacked,PFR+RULE2PT+SCORE0,19671119-NOR-PHI,True,,True,True,,,0
King Hill,1968,1,1968-09-15,False,PHI,GNB,A,L,13,30,16,35,196,1,1,61.1,,0,0,0,0,0,0,0,0,0,9.84,9.84,9868,False,sacked,PFR+RULE2PT+SCORE0,19680915-PHI-GNB,True,,True,True,,,0
King Hill,1968,2,1968-09-22,False,PHI,NYG,H,L,25,34,1,5,92,1,0,118.7,,0,0,0,0,0,0,0,0,0,7.68,7.68,9868,False,sacked,PFR+RULE2PT+SCORE0,19680922-NYG-PHI,True,,True,True,,,0
King Hill,1968,3,1968-09-29,False,PHI,DAL,H,L,13,45,16,31,243,1,5,48.9,,1,1,0,0,0,0,0,0,0,3.82,3.82,9868,False,sacked,PFR+RULE2PT+SCORE0,19680929-DAL-PHI,True,,True,True,,,0
King Hill,1968,7,1968-10-27,False,MIN,CHI,A,L,24,26,0,0,0,0,0,0,,0,0,0,0,0,0,0,0,0,0.0,0.0,9868,False,sacked,PFR+RULE2PT+SCORE0,19681027-MIN-CHI,True,,True,True,,,0
King Hill,1968,8,1968-11-03,False,MIN,WAS,H,W,27,14,0,0,0,0,0,0,,0,0,0,0,0,0,0,0,0,0.0,0.0,9868,False,sacked,PFR+RULE2PT+SCORE0,19681103-WAS-MIN,True,,True,True,,,0
King Hill,1968,9,1968-11-10,False,MIN,GNB,H,W,14,10,0,0,0,0,0,0,,0,0,0,0,0,0,0,0,0,0.0,0.0,9868,False,sacked,PFR+RULE2PT+SCORE0,19681110-GNB-MIN,True,,True,True,,,0
King Hill,1968,10,1968-11-17,False,MIN,DET,A,W,13,6,0,0,0,0,0,0,,0,0,0,0,0,0,0,0,0,0.0,0.0,9868,False,sacked,PFR+RULE2PT+SCORE0,19681117-MIN-DET,True,,True,True,,,0
King Hill,1968,11,1968-11-24,False,MIN,BAL,A,L,9,21,0,0,0,0,0,0,,0,0,0,0,0,0,0,0,0,0.0,0.0,9868,False,sacked,PFR+RULE2PT+SCORE0,19681124-MIN-BAL,True,,True,True,,,0
King Hill,1968,12,1968-12-01,False,MIN,RAM,H,L,3,31,0,0,0,0,0,0,,0,0,0,0,0,0,0,0,0,0.0,0.0,9868,False,sacked,PFR+RULE2PT+SCORE0,19681201-RAM-MIN,True,,True,True,,,0
King Hill,1968,13,1968-12-08,False,MIN,SFO,A,W,30,20,0,0,0,0,0,0,,0,0,0,0,0,0,0,0,,0.0,0.0,9868,False,sacked;fum_rec_td,PFR+RULE2PT,19681208-MIN-SFO,False,fum_rec_td,False,True,fum_rec_td,,12
King Hill,1968,14,1968-12-15,False,MIN,PHI,A,W,24,17,0,0,0,0,0,0,,0,0,0,0,0,0,0,0,,0.0,0.0,9868,False,sacked;fum_rec_td,PFR+RULE2PT,19681215-MIN-PHI,False,fum_rec_td,False,True,fum_rec_td,,6
King Hill,1968,17,1968-12-22,True,MIN,BAL,A,L,14,24,0,0,0,0,0,0,,0,0,0,0,0,0,0,0,0,0.0,0.0,9868,False,sacked,PFR+RULE2PT+SCORE0,19681222-MIN-BAL,True,,True,True,,,0
King Hill,1969,1,1969-09-21,False,STL,DAL,A,L,3,24,0,0,0,0,0,0,,0,0,0,0,0,0,0,0,0,0.0,0.0,9868,False,sacked,PFR+RULE2PT+SCORE0,19690921-STL-DAL,True,,True,True,,,0
King Hill,1969,2,1969-09-28,False,STL,CHI,H,W,20,17,1,1,7,0,0,95.8,,0,0,0,0,0,0,0,0,,0.28,0.28,9868,False,sacked;fum_rec_td,PFR+RULE2PT,19690928-CHI-STL,False,fum_rec_td,False,True,fum_rec_td,,6
King Hill,1969,3,1969-10-05,False,STL,PIT,A,W,27,14,0,0,0,0,0,0,,0,0,0,0,0,0,0,0,0,0.0,0.0,9868,False,sacked,PFR+RULE2PT+SCORE0,19691005-STL-PIT,True,,True,True,,,0
King Hill,1969,4,1969-10-12,False,STL,WAS,A,L,17,33,0,0,0,0,0,0,,0,0,0,0,0,0,0,0,0,0.0,0.0,9868,False,sacked,PFR+RULE2PT+SCORE0,19691012-STL-WAS,True,,True,True,,,0
King Hill,1969,5,1969-10-19,False,STL,MIN,H,L,10,27,0,0,0,0,0,0,,0,0,0,0,0,0,0,0,,0.0,0.0,9868,False,sacked;fum_rec_td,PFR+RULE2PT,19691019-MIN-STL,False,fum_rec_td,False,True,fum_rec_td,,6
King Hill,1969,6,1969-10-26,False,STL,CLE,A,T,21,21,0,0,0,0,0,0,,0,0,0,0,0,0,0,0,0,0.0,0.0,9868,False,sacked,PFR+RULE2PT+SCORE0,19691026-STL-CLE,True,,True,True,,,0
King Hill,1969,7,1969-11-02,False,STL,NOR,H,L,42,51,0,0,0,0,0,0,,0,0,0,0,0,0,0,0,0,0.0,0.0,9868,False,sacked,PFR+RULE2PT+SCORE0,19691102-NOR-STL,True,,True,True,,,0
King Hill,1969,8,1969-11-09,False,STL,NYG,H,W,42,17,0,0,0,0,0,0,,0,0,0,0,0,0,0,0,0,0.0,0.0,9868,False,sacked,PFR+RULE2PT+SCORE0,19691109-NYG-STL,True,,True,True,,,0
King Hill,1969,9,1969-11-16,False,STL,DET,A,L,0,20,0,0,0,0,0,0,,0,0,0,0,0,0,0,0,0,0.0,0.0,9868,False,sacked,PFR+RULE2PT+SCORE0,19691116-STL-DET,True,,True,True,,,0
King Hill,1969,10,1969-11-23,False,STL,PHI,H,L,30,34,0,0,0,0,0,0,,0,0,0,0,0,0,0,0,0,0.0,0.0,9868,False,sacked,PFR+RULE2PT+SCORE0,19691123-PHI-STL,True,,True,True,,,0
King Hill,1969,11,1969-11-30,False,STL,PIT,H,W,47,10,0,0,0,0,0,0,,0,0,0,0,0,0,0,0,0,0.0,0.0,9868,False,sacked,PFR+RULE2PT+SCORE0,19691130-PIT-STL,True,,True,True,,,0
King Hill,1969,12,1969-12-07,False,STL,NYG,A,L,6,49,0,0,0,0,0,0,,0,0,0,0,0,0,0,0,0,0.0,0.0,9868,False,sacked,PFR+RULE2PT+SCORE0,19691207-STL-NYG,True,,True,True,,,0
King Hill,1969,13,1969-12-14,False,STL,CLE,H,L,21,27,0,0,0,0,0,0,,0,0,0,0,0,0,0,0,0,0.0,0.0,9868,False,sacked,PFR+RULE2PT+SCORE0,19691214-CLE-STL,True,,True,True,,,0
King Hill,1969,14,1969-12-21,False,STL,GNB,A,L,28,45,0,0,0,0,0,0,,0,0,0,0,0,0,0,0,,0.0,0.0,9868,False,sacked;fum_rec_td,PFR+RULE2PT,19691221-STL-GNB,False,fum_rec_td,False,True,fum_rec_td,,6
Bob Lee,1969,1,1969-09-21,False,MIN,NYG,A,L,23,24,0,0,0,0,0,0,,0,0,0,0,0,0,0,0,0,0.0,0.0,13081,False,sacked,PFR+RULE2PT+SCORE0,19690921-MIN-NYG,True,,True,True,,,0
Bob Lee,1969,2,1969-09-28,False,MIN,BAL,H,W,52,14,4,6,35,0,0,81.9,,0,0,0,0,0,0,0,0,0,1.4,1.4,13081,False,sacked,PFR+RULE2PT+SCORE0,19690928-BAL-MIN,True,,True,True,,,0
Bob Lee,1969,3,1969-10-05,False,MIN,GNB,H,W,19,7,0,0,0,0,0,0,,0,0,0,0,0,0,0,0,0,0.0,0.0,13081,False,sacked,PFR+RULE2PT+SCORE0,19691005-GNB-MIN,True,,True,True,,,0
Bob Lee,1969,4,1969-10-12,False,MIN,CHI,A,W,31,0,0,0,0,0,0,0,,0,0,0,0,0,0,0,0,,0.0,0.0,13081,False,sacked;fum_rec_td,PFR+RULE2PT,19691012-MIN-CHI,False,fum_rec_td,False,True,fum_rec_td,,6
Bob Lee,1969,5,1969-10-19,False,MIN,STL,A,W,27,10,0,0,0,0,0,0,,0,0,0,0,0,0,0,0,0,0.0,0.0,13081,False,sacked,PFR+RULE2PT+SCORE0,19691019-MIN-STL,True,,True,True,,,0
Bob Lee,1969,6,1969-10-26,False,MIN,DET,H,W,24,10,0,0,0,0,0,0,,0,0,0,0,0,0,0,0,0,0.0,0.0,13081,False,sacked,PFR+RULE2PT+SCORE0,19691026-DET-MIN,True,,True,True,,,0
Bob Lee,1969,7,1969-11-02,False,MIN,CHI,H,W,31,14,0,0,0,0,0,0,,0,0,0,0,0,0,0,0,0,0.0,0.0,13081,False,sacked,PFR+RULE2PT+SCORE0,19691102-CHI-MIN,True,,True,True,,,0
Bob Lee,1969,8,1969-11-09,False,MIN,CLE,H,W,51,3,0,1,0,0,0,39.6,,1,5,0,0,0,0,0,0,0,0.5,0.5,13081,False,sacked,PFR+RULE2PT+SCORE0,19691109-CLE-MIN,True,,True,True,,,0
Bob Lee,1969,9,1969-11-16,False,MIN,GNB,A,W,9,7,0,0,0,0,0,0,,0,0,0,0,0,0,0,0,0,0.0,0.0,13081,False,sacked,PFR+RULE2PT+SCORE0,19691116-MIN-GNB,True,,True,True,,,0
Bob Lee,1969,10,1969-11-23,False,MIN,PIT,H,W,52,14,3,4,44,1,0,150.0,,0,0,0,0,0,0,0,0,,5.76,5.76,13081,False,sacked;fum_rec_td,PFR+RULE2PT,19691123-PIT-MIN,False,fum_rec_td,False,True,fum_rec_td,,12
Bob Lee,1969,11,1969-11-27,False,MIN,DET,A,W,27,0,0,0,0,0,0,0,,1,7,0,0,0,0,0,0,,0.7,0.7,13081,False,sacked;fum_rec_td,PFR+RULE2PT,19691127-MIN-DET,False,fum_rec_td,False,True,fum_rec_td,,6
Bob Lee,1969,12,1969-12-07,False,MIN,RAM,A,W,20,13,0,0,0,0,0,0,,0,0,0,0,0,0,0,0,0,0.0,0.0,13081,False,sacked,PFR+RULE2PT+SCORE0,19691207-MIN-RAM,True,,True,True,,,0
Bob Lee,1969,13,1969-12-14,False,MIN,SFO,H,W,10,7,0,0,0,0,0,0,,1,-3,0,0,0,0,0,0,0,-0.3,-0.3,13081,False,sacked,PFR+RULE2PT+SCORE0,19691214-SFO-MIN,True,,True,True,,,0
Bob Lee,1969,14,1969-12-21,False,MIN,ATL,A,L,3,10,0,0,0,0,0,0,,0,0,0,0,0,0,0,0,0,0.0,0.0,13081,False,sacked,PFR+RULE2PT+SCORE0,19691221-MIN-ATL,True,,True,True,,,0
Bob Lee,1969,17,1969-12-27,True,MIN,RAM,H,W,23,20,0,0,0,0,0,0,,0,0,0,0,0,0,0,0,,0.0,0.0,13081,False,sacked;fum_rec_td,PFR+RULE2PT,19691227-RAM-MIN,False,fum_rec_td,False,True,fum_rec_td,,8
Bob Lee,1969,18,1970-01-04,True,MIN,CLE,H,W,27,7,0,0,0,0,0,0,,0,0,0,0,0,0,0,0,,0.0,0.0,13081,False,sacked;fum_rec_td,PFR+RULE2PT,19700104-CLE-MIN,False,fum_rec_td,False,True,fum_rec_td,,6
Bob Lee,1969,19,1970-01-11,True,MIN,KAN,N,L,7,23,0,0,0,0,0,0,,0,0,0,0,0,0,0,0,0,0.0,0.0,13081,False,sacked,PFR+SCORE0,19700111-KAN-MIN-N,True,,True,True,,,0
Mike Taliaferro,1964,1,1964-09-12,False,NYJ,DEN,H,W,30,6,0,1,0,0,0,39.6,,0,0,0,0,0,0,0,0,0,0.0,0.0,21743,False,sacked,PFR+SCORE0,19640912-DEN-NYJ,True,,True,True,,,0
Mike Taliaferro,1964,2,1964-09-27,False,NYJ,BOS,A,L,10,26,1,2,21,0,1,47.9,,0,0,0,0,0,0,0,0,0,-1.16,-1.16,21743,False,sacked,PFR+SCORE0,19640927-NYJ-BOS,True,,True,True,,,0
Mike Taliaferro,1964,4,1964-10-10,False,NYJ,OAK,H,W,35,13,0,2,0,0,0,39.6,,2,3,0,0,0,0,0,,,0.3,0.3,21743,False,sacked;two_pt;fum_rec_td,PFR,19641010-OAK-NYJ,False,two_pt;fum_rec_td,False,True,two_pt;fum_rec_td,,6
Mike Taliaferro,1964,7,1964-10-31,False,NYJ,BOS,H,W,35,14,0,1,0,0,0,39.6,,1,0,0,0,0,0,0,,,0.0,0.0,21743,False,sacked;two_pt;fum_rec_td,PFR,19641031-BOS-NYJ,False,two_pt;fum_rec_td,False,True,two_pt;fum_rec_td,,6
Mike Taliaferro,1964,9,1964-11-15,False,NYJ,DEN,A,L,16,20,5,21,67,1,1,36.4,,3,28,0,0,0,0,0,,,7.48,7.48,21743,False,sacked;two_pt;fum_rec_td,PFR,19641115-NYJ-DEN,False,two_pt;fum_rec_td,False,True,two_pt;fum_rec_td,,2
Mike Taliaferro,1964,12,1964-12-06,False,NYJ,SDG,A,L,3,38,7,16,69,0,1,30.5,,0,0,0,0,0,0,0,0,0,0.76,0.76,21743,False,sacked,PFR+SCORE0,19641206-NYJ-SDG,True,,True,True,,,0
Mike Taliaferro,1964,13,1964-12-13,False,NYJ,HOU,A,L,17,33,7,15,145,1,2,63.9,,3,14,0,0,0,0,0,0,0,7.2,7.2,21743,False,sacked,PFR+SCORE0,19641213-NYJ-HOU,True,,True,True,,,0
Mike Taliaferro,1964,14,1964-12-20,False,NYJ,KAN,A,L,7,24,3,15,39,0,0,39.6,,0,0,0,0,0,0,0,0,0,1.56,1.56,21743,False,sacked,PFR+SCORE0,19641220-NYJ-KAN,True,,True,True,,,0
Mike Taliaferro,1965,1,1965-09-12,False,NYJ,HOU,A,L,21,27,4,21,58,1,1,35.6,,3,2,0,0,0,0,0,0,0,4.52,4.52,21743,False,sacked,PFR+SCORE0,19650912-NYJ-HOU,True,,True,True,,,0
Mike Taliaferro,1965,2,1965-09-18,False,NYJ,KAN,H,L,10,14,4,12,24,0,0,42.4,,0,0,0,0,0,0,0,0,0,0.96,0.96,21743,False,sacked,PFR+SCORE0,19650918-KAN-NYJ,True,,True,True,,,0
Mike Taliaferro,1965,5,1965-10-16,False,NYJ,OAK,H,T,24,24,4,10,65,1,0,95.8,,1,0,0,0,0,0,0,0,0,6.6,6.6,21743,False,sacked,PFR+SCORE0,19651016-OAK-NYJ,True,,True,True,,,0
Mike Taliaferro,1965,6,1965-10-23,False,NYJ,SDG,H,L,9,34,17,34,205,0,0,68.9,,3,2,0,0,0,0,0,0,0,8.4,8.4,21743,False,sacked,PFR+SCORE0,19651023-SDG-NYJ,True,,True,True,,,0
Mike Taliaferro,1965,7,1965-10-31,False,NYJ,DEN,H,W,45,10,4,12,40,1,2,31.9,,0,0,0,0,0,0,0,0,0,1.6,1.6,21743,False,sacked,PFR+SCORE0,19651031-DEN-NYJ,True,,True,True,,,0
Mike Taliaferro,1965,8,1965-11-07,False,NYJ,KAN,A,W,13,10,9,17,107,0,2,32.8,,0,0,0,0,0,0,0,0,0,0.28,0.28,21743,False,sacked,PFR+SCORE0,19651107-NYJ-KAN,True,,True,True,,,0
Mike Taliaferro,1965,10,1965-11-21,False,NYJ,HOU,H,W,41,14,1,6,17,0,1,0.0,,0,0,0,0,0,0,0,0,0,-1.32,-1.32,21743,False,sacked,PFR+SCORE0,19651121-HOU-NYJ,True,,True,True,,,0
Mike Taliaferro,1965,12,1965-12-04,False,NYJ,SDG,A,L,7,38,1,5,6,0,0,39.6,,0,0,0,0,0,0,0,0,0,0.24,0.24,21743,False,sacked,PFR+SCORE0,19651204-NYJ-SDG,True,,True,True,,,0
Mike Taliaferro,1965,13,1965-12-12,False,NYJ,OAK,A,L,14,24,1,2,9,0,1,22.9,,0,0,0,0,0,0,0,0,0,-1.64,-1.64,21743,False,sacked,PFR+SCORE0,19651212-NYJ-OAK,True,,True,True,,,0
Mike Taliaferro,1966,1,1966-09-09,False,NYJ,MIA,A,W,19,14,4,17,61,1,1,37.1,,0,0,0,0,0,0,0,,,4.44,4.44,21743,False,sacked;two_pt;fum_rec_td,PFR,19660909-NYJ-MIA,False,two_pt;fum_rec_td,False,True,two_pt;fum_rec_td,,2
Mike Taliaferro,1966,2,1966-09-18,False,NYJ,HOU,H,W,52,13,6,7,57,1,0,140.2,,0,0,0,0,0,0,0,0,0,6.28,6.28,21743,False,sacked,PFR+SCORE0,19660918-HOU-NYJ,True,,True,True,,,0
Mike Taliaferro,1966,6,1966-10-16,False,NYJ,HOU,A,L,0,24,5,7,20,0,0,74.1,,0,0,0,0,0,0,0,0,0,0.8,0.8,21743,False,sacked,PFR+SCORE0,19661016-NYJ-HOU,True,,True,True,,,0
Mike Taliaferro,1966,10,1966-11-20,False,NYJ,MIA,H,W,30,13,0,1,0,0,0,39.6,,0,0,0,0,0,0,0,0,0,0.0,0.0,21743,False,sacked,PFR+SCORE0,19661120-MIA-NYJ,True,,True,True,,,0
Mike Taliaferro,1966,13,1966-12-11,False,NYJ,SDG,A,L,27,42,4,9,39,0,1,17.6,,0,0,0,0,0,0,0,,,-0.44,-0.44,21743,False,sacked;two_pt;fum_rec_td,PFR,19661211-NYJ-SDG,False,two_pt;fum_rec_td,False,True,two_pt;fum_rec_td,,2
Mike Taliaferro,1967,6,1967-10-22,False,NYJ,MIA,A,W,33,14,2,6,24,1,0,86.1,,2,20,0,0,0,0,0,0,0,6.96,6.96,21743,False,sacked,PFR+SCORE0,19671022-NYJ-MIA,True,,True,True,,,0
Mike Taliaferro,1967,8,1967-11-05,False,NYJ,KAN,A,L,18,42,8,12,59,0,0,78.1,,0,0,0,0,0,0,0,,,2.36,2.36,21743,False,sacked;two_pt;fum_rec_td,PFR,19671105-NYJ-KAN,False,two_pt;fum_rec_td,False,True,two_pt;fum_rec_td,,2
Mike Taliaferro,1967,11,1967-12-03,False,NYJ,DEN,H,L,24,33,1,2,13,0,1,31.2,,0,0,0,0,0,0,0,,,-1.48,-1.48,21743,False,sacked;two_pt;fum_rec_td,PFR,19671203-DEN-NYJ,False,two_pt;fum_rec_td,False,True,two_pt;fum_rec_td,,2
Mike Taliaferro,1968,1,1968-09-08,False,BOS,BUF,A,W,16,7,5,13,60,0,1,21.3,,0,0,0,0,0,0,0,0,0,0.4,0.4,21743,False,sacked,PFR+SCORE0,19680908-BOS-BUF,True,,True,True,,,0
Mike Taliaferro,1968,2,1968-09-22,False,BOS,NYJ,H,L,31,47,17,30,276,1,4,59.2,,2,12,0,0,0,0,0,,,8.24,8.24,21743,False,sacked;two_pt;fum_rec_td,PFR,19680922-NYJ-BOS,False,two_pt;fum_rec_td,False,True,two_pt;fum_rec_td,,12
Mike Taliaferro,1968,3,1968-09-29,False,BOS,DEN,A,W,20,17,11,30,153,1,0,65.0,,3,2,0,0,0,0,0,0,0,10.32,10.32,21743,False,sacked,PFR+SCORE0,19680929-BOS-DEN,True,,True,True,,,0
Mike Taliaferro,1968,4,1968-10-06,False,BOS,OAK,A,L,10,41,13,37,120,0,1,33.6,,0,0,0,0,0,0,0,0,0,2.8,2.8,21743,False,sacked,PFR+SCORE0,19681006-BOS-OAK,True,,True,True,,,0
Mike Taliaferro,1968,5,1968-10-13,False,BOS,HOU,H,L,0,16,8,34,98,0,3,2.8,,1,10,0,0,0,0,0,0,0,-1.08,-1.08,21743,False,sacked,PFR+SCORE0,19681013-HOU-BOS,True,,True,True,,,0
Mike Taliaferro,1968,6,1968-10-20,False,BOS,BUF,H,W,23,6,4,12,96,2,1,68.1,,2,27,0,0,0,0,0,0,0,12.54,12.54,21743,False,sacked,PFR+SCORE0,19681020-BUF-BOS,True,,True,True,,,0
Mike Taliaferro,1968,7,1968-10-27,False,BOS,NYJ,A,L,14,48,9,20,86,0,5,17.9,,0,0,0,0,0,0,0,0,0,-6.56,-6.56,21743,False,sacked,PFR+SCORE0,19681027-BOS-NYJ,True,,True,True,,,0
Mike Taliaferro,1969,1,1969-09-14,False,BOS,DEN,A,L,7,35,19,38,257,0,4,32.3,,0,0,0,0,0,0,0,0,0,2.28,2.28,21743,False,sacked,PFR+SCORE0,19690914-BOS-DEN,True,,True,True,,,0
Mike Taliaferro,1969,2,1969-09-21,False,BOS,KAN,H,L,0,31,12,23,77,0,0,59.5,,0,0,0,0,0,0,0,0,0,3.08,3.08,21743,False,sacked,PFR+SCORE0,19690921-KAN-BOS,True,,True,True,,,0
Mike Taliaferro,1969,3,1969-09-28,False,BOS,OAK,H,L,23,38,12,29,139,3,2,62.3,,0,0,0,0,0,0,0,0,0,13.56,13.56,21743,False,sacked,PFR+SCORE0,19690928-OAK-BOS,True,,True,True,,,0
Mike Taliaferro,1969,4,1969-10-05,False,BOS,NYJ,H,L,14,23,15,27,168,1,2,55.8,,1,-5,0,0,0,0,0,0,0,6.22,6.22,21743,False,sacked,PFR+SCORE0,19691005-NYJ-BOS,True,,True,True,,,0
Mike Taliaferro,1969,5,1969-10-11,False,BOS,BUF,A,L,16,23,13,31,162,1,1,56.1,,0,0,0,0,0,0,0,0,0,8.48,8.48,21743,False,sacked,PFR+SCORE0,19691011-BOS-BUF,True,,True,True,,,0
Mike Taliaferro,1969,6,1969-10-19,False,BOS,SDG,H,L,10,13,11,25,90,1,2,33.7,,0,0,0,0,0,0,0,0,0,3.6,3.6,21743,False,sacked,PFR+SCORE0,19691019-SDG-BOS,True,,True,True,,,0
Mike Taliaferro,1969,7,1969-10-26,False,BOS,NYJ,A,L,17,23,12,24,139,1,1,64.4,,1,4,0,0,0,0,0,,,7.96,7.96,21743,False,sacked;two_pt;fum_rec_td,PFR,19691026-BOS-NYJ,False,two_pt;fum_rec_td,False,True,two_pt;fum_rec_td,,6
Mike Taliaferro,1969,8,1969-11-02,False,BOS,HOU,H,W,24,0,12,22,191,2,0,114.0,,0,0,0,0,0,0,0,,,15.64,15.64,21743,False,sacked;two_pt;fum_rec_td,PFR,19691102-HOU-BOS,False,two_pt;fum_rec_td,False,True,two_pt;fum_rec_td,,6
Mike Taliaferro,1969,9,1969-11-09,False,BOS,MIA,H,L,16,17,2,9,55,1,1,50.0,,7,-19,0,0,0,0,0,0,0,2.3,2.3,21743,False,sacked,PFR+SCORE0,19691109-MIA-BOS,True,,True,True,,,0
Mike Taliaferro,1969,10,1969-11-16,False,BOS,CIN,A,W,25,14,9,18,96,2,0,103.0,,0,0,0,0,0,0,0,,,11.84,11.84,21743,False,sacked;two_pt;fum_rec_td,PFR,19691116-BOS-CIN,False,two_pt;fum_rec_td,False,True,two_pt;fum_rec_td,,2
Mike Taliaferro,1969,11,1969-11-23,False,BOS,BUF,H,W,35,21,12,19,244,3,1,124.5,,0,0,0,0,0,0,0,0,0,19.76,19.76,21743,False,sacked,PFR+SCORE0,19691123-BUF-BOS,True,,True,True,,,0
Mike Taliaferro,1969,12,1969-11-30,False,BOS,MIA,A,W,38,23,8,17,159,3,0,119.9,,2,1,0,0,0,0,0,,,18.46,18.46,21743,False,sacked;two_pt;fum_rec_td,PFR,19691130-BOS-MIA,False,two_pt;fum_rec_td,False,True,two_pt;fum_rec_td,,2
Mike Taliaferro,1969,13,1969-12-07,False,BOS,SDG,A,L,18,28,13,23,169,0,4,40.2,,1,3,0,0,0,0,0,,,-0.94,-0.94,21743,False,sacked;two_pt;fum_rec_td,PFR,19691207-BOS-SDG,False,two_pt;fum_rec_td,False,True,two_pt;fum_rec_td,,2
Mike Taliaferro,1969,14,1969-12-14,False,BOS,HOU,A,L,23,27,10,26,214,1,0,81.2,,0,0,0,0,0,0,0,0,0,12.56,12.56,21743,False,sacked,PFR+SCORE0,19691214-BOS-HOU,True,,True,True,,,0
Pete Liske,1964,12,1964-12-06,False,NYJ,SDG,A,L,3,38,0,4,0,0,1,0.0,,0,0,0,0,0,0,0,0,0,-2.0,-2.0,13415,False,sacked,PFR+SCORE0,19641206-NYJ-SDG,True,,True,True,,,0
Pete Liske,1964,14,1964-12-20,False,NYJ,KAN,A,L,7,24,9,14,55,0,1,42.3,,1,0,0,0,0,0,0,0,0,0.2,0.2,13415,False,sacked,PFR+SCORE0,19641220-NYJ-KAN,True,,True,True,,,0
Pete Liske,1969,2,1969-09-21,False,DEN,NYJ,H,W,21,19,11,20,138,2,1,89.2,,2,8,0,0,0,0,0,0,0,12.32,12.32,13415,False,sacked,PFR+SCORE0,19690921-NYJ-DEN,True,,True,True,,,0
Pete Liske,1969,3,1969-09-28,False,DEN,BUF,A,L,28,41,17,45,289,3,5,43.0,,3,32,0,0,0,0,0,0,0,16.76,16.76,13415,False,sacked,PFR+SCORE0,19690928-DEN-BUF,True,,True,True,,,0
Pete Liske,1969,4,1969-10-05,False,DEN,KAN,H,L,13,26,13,22,149,1,1,75.8,,3,2,0,0,0,0,0,0,0,8.16,8.16,13415,False,sacked,PFR+SCORE0,19691005-KAN-DEN,True,,True,True,,,0
Pete Liske,1969,6,1969-10-19,False,DEN,CIN,A,W,30,23,0,1,0,0,1,0.0,,0,0,0,0,0,0,0,0,0,-2.0,-2.0,13415,False,sacked,PFR+SCORE0,19691019-DEN-CIN,True,,True,True,,,0
Pete Liske,1969,11,1969-11-23,False,DEN,SDG,A,L,24,45,7,10,62,0,2,46.7,,0,0,0,0,0,0,0,0,0,-1.52,-1.52,13415,False,sacked,PFR+SCORE0,19691123-DEN-SDG,True,,True,True,,,0
Pete Liske,1969,14,1969-12-14,False,DEN,CIN,H,W,27,16,13,17,207,3,1,131.6,,2,8,0,0,0,0,0,0,0,19.08,19.08,13415,False,sacked,PFR+SCORE0,19691214-CIN-DEN,True,,True,True,,,0
Virgil Carter,1968,4,1968-10-06,False,CHI,BAL,A,L,7,28,3,11,61,0,0,50.2,,3,16,0,0,0,0,0,0,0,4.04,4.04,3604,False,sacked,PFR+RULE2PT+SCORE0,19681006-CHI-BAL,True,,True,True,,,0
Virgil Carter,1968,5,1968-10-13,False,CHI,DET,H,L,10,28,0,3,0,0,0,39.6,,5,30,0,0,0,0,0,0,0,3.0,3.0,3604,False,sacked,PFR+RULE2PT+SCORE0,19681013-DET-CHI,True,,True,True,,,0
Virgil Carter,1968,6,1968-10-20,False,CHI,PHI,A,W,29,16,10,24,94,1,1,49.7,,7,35,0,0,0,0,0,0,,9.26,9.26,3604,False,sacked;fum_rec_td,PFR+RULE2PT,19681020-CHI-PHI,False,fum_rec_td,False,True,fum_rec_td,,6
Virgil Carter,1968,7,1968-10-27,False,CHI,MIN,H,W,26,24,12,28,184,2,1,74.1,,6,40,0,0,0,0,0,0,0,17.36,17.36,3604,False,sacked,PFR+RULE2PT+SCORE0,19681027-MIN-CHI,True,,True,True,,,0
Virgil Carter,1968,8,1968-11-03,False,CHI,GNB,A,W,13,10,5,14,51,0,2,7.4,,11,56,1,0,0,0,0,0,0,9.64,9.64,3604,False,sacked,PFR+RULE2PT+SCORE0,19681103-CHI-GNB,True,,True,True,,,0
Virgil Carter,1968,9,1968-11-10,False,CHI,SFO,H,W,27,19,16,29,234,1,1,78.8,,9,34,2,0,0,0,0,0,0,26.76,26.76,3604,False,sacked,PFR+RULE2PT+SCORE0,19681110-SFO-CHI,True,,True,True,,,0
Virgil Carter,1968,10,1968-11-17,False,CHI,ATL,H,L,13,16,9,13,145,0,0,106.2,,7,54,1,0,0,0,0,0,0,17.2,17.2,3604,False,sacked,PFR+RULE2PT+SCORE0,19681117-ATL-CHI,True,,True,True,,,0
Virgil Carter,1969,4,1969-10-12,False,CHI,MIN,H,L,0,31,3,12,25,0,2,0.0,,0,0,0,0,0,0,0,0,0,-3.0,-3.0,3604,False,sacked,PFR+RULE2PT+SCORE0,19691012-MIN-CHI,True,,True,True,,,0
Virgil Carter,1969,12,1969-12-06,False,CHI,SFO,A,L,21,42,31,49,301,2,3,68.5,,3,8,0,0,0,0,0,0,0,14.84,14.84,3604,False,sacked,PFR+RULE2PT+SCORE0,19691206-CHI-SFO,True,,True,True,,,0
Virgil Carter,1969,13,1969-12-14,False,CHI,GNB,H,L,3,21,2,10,17,0,0,39.6,,1,11,0,0,0,0,0,0,0,1.78,1.78,3604,False,sacked,PFR+RULE2PT+SCORE0,19691214-GNB-CHI,True,,True,True,,,0
