name,season,team,games,pass_cmp,pass_att,pass_yds,pass_td,pass_int,pass_rating,sacked,rush_att,rush_yds,rush_td,fpts_std,fpts_ppr,ppr_per_game,hof,legend,player_id
Adrian Burk,1950,BAL,10,43,119,798,6,12,37.4,,7,15,1,39.42,39.42,3.94,False,False,2995
Adrian Burk,1951,PHI,12,92,218,1329,14,23,44.5,,28,12,1,70.36,70.36,5.86,False,False,2995
Adrian Burk,1952,PHI,9,37,82,561,4,5,59.0,,7,28,0,31.24,31.24,3.47,False,False,2995
Adrian Burk,1953,PHI,7,56,119,788,4,9,48.6,,8,54,3,52.92,52.92,7.56,False,False,2995
Adrian Burk,1954,PHI,11,123,231,1740,23,17,80.4,,15,15,0,129.1,129.1,11.74,False,False,2995
Adrian Burk,1955,PHI,11,110,228,1359,9,17,49.2,,36,132,2,81.56,81.56,7.41,False,False,2995
Adrian Burk,1956,PHI,8,39,82,426,1,6,36.9,,17,61,0,15.14,15.14,1.89,False,False,2995
Al Dorow,1954,WAS,11,70,138,997,8,17,54.2,,34,117,3,67.58,67.58,6.14,False,False,5823
Al Dorow,1955,WAS,6,2,12,37,0,1,5.2,,8,49,0,4.38,4.38,0.73,False,False,5823
Al Dorow,1956,WAS,12,55,112,730,8,8,64.2,,30,105,0,55.7,55.7,4.64,False,False,5823
Al Dorow,1957,PHI,6,17,36,212,1,4,35.6,,17,52,2,21.68,21.68,3.61,False,False,5823
Al Dorow,1960,NYT,14,201,396,2748,26,26,67.8,,90,453,7,249.22,249.22,17.8,False,False,5823
Al Dorow,1961,NYT,14,197,438,2651,19,30,50.7,,54,317,4,177.74,177.74,12.7,False,False,5823
Al Dorow,1962,BUF,4,30,75,333,2,7,23.9,,15,57,0,13.02,13.02,3.26,False,False,5823
Archie Manning,1971,NOR,12,86,177,1164,6,9,60.1,,33,172,4,93.06,94.06,7.84,False,False,13979
Archie Manning,1972,NOR,14,230,448,2781,18,21,64.6,,63,351,2,188.34,188.34,13.45,False,False,13979
Archie Manning,1973,NOR,13,140,267,1642,10,12,65.2,,63,293,2,122.98,122.98,9.46,False,False,13979
Archie Manning,1974,NOR,11,134,261,1429,6,16,49.8,,28,204,1,75.56,75.56,6.87,False,False,13979
Archie Manning,1975,NOR,13,159,338,1683,7,20,44.3,,33,186,1,79.92,79.92,6.15,False,False,13979
Archie Manning,1977,NOR,10,113,205,1284,8,9,68.8,,39,270,5,122.36,122.36,12.24,False,False,13979
Archie Manning,1978,NOR,16,291,471,3416,17,16,81.7,,38,202,1,198.84,198.84,12.43,False,False,13979
Archie Manning,1979,NOR,16,252,420,3169,15,20,75.6,,35,186,2,177.36,177.36,11.09,False,False,13979
Archie Manning,1980,NOR,16,309,509,3716,23,20,81.8,,23,166,0,217.24,217.24,13.58,False,False,13979
Archie Manning,1981,NOR,12,134,232,1447,5,11,63.6,,2,28,0,58.68,58.68,4.89,False,False,13979
Archie Manning,1982,NOR/HOU,7,67,132,880,6,8,62.1,29,13,85,0,51.7,51.7,7.39,False,False,13979
Archie Manning,1983,HOU/MIN,5,44,88,755,2,8,49.2,11,3,12,0,23.4,23.4,4.68,False,False,13979
Archie Manning,1984,MIN,6,52,94,545,2,3,66.1,18,11,42,0,28.0,28.0,4.67,False,False,13979
Babe Parilli,1952,GNB,12,77,177,1416,13,17,56.6,,32,106,1,91.24,91.24,7.6,False,False,17064
Babe Parilli,1953,GNB,12,74,166,830,4,19,28.5,,42,171,4,52.3,52.3,4.36,False,False,17064
Babe Parilli,1956,CLE,5,24,49,409,3,7,58.5,,18,65,0,20.86,20.86,4.17,False,False,17064
Babe Parilli,1957,GNB,11,39,102,669,4,12,34.8,,24,83,2,39.06,39.06,3.55,False,False,17064
Babe Parilli,1958,GNB,9,68,157,1068,10,13,53.3,,8,15,0,58.22,58.22,6.47,False,False,17064
Babe Parilli,1960,OAK,14,87,187,1003,5,11,47.6,,21,131,1,57.22,58.22,4.16,False,False,17064
Babe Parilli,1961,BOS,14,104,198,1314,13,9,76.5,,38,183,4,128.86,128.86,9.2,False,False,17064
Babe Parilli,1962,BOS,10,140,253,1988,18,8,91.5,,28,169,2,164.42,164.42,16.44,False,False,17064
Babe Parilli,1963,BOS,14,153,337,2345,13,24,52.1,,36,126,5,140.4,140.4,10.03,False,False,17064
Babe Parilli,1964,BOS,14,228,472,3465,31,27,71.0,,32,167,2,237.3,237.3,16.95,False,False,17064
Babe Parilli,1965,BOS,14,173,426,2597,18,26,50.0,,47,192,0,143.08,143.08,10.22,False,False,17064
Babe Parilli,1966,BOS,14,181,382,2721,20,20,66.9,,28,42,1,159.04,159.04,11.36,False,False,17064
Babe Parilli,1967,BOS,14,161,344,2317,19,24,58.5,,14,61,0,126.78,126.78,9.06,False,False,17064
Babe Parilli,1968,NYJ,6,29,55,401,5,2,91.6,,7,-2,1,37.84,37.84,6.31,False,False,17064
Babe Parilli,1969,NYJ,3,14,24,138,2,1,85.1,,3,4,0,11.92,11.92,3.97,False,False,17064
Bart Starr,1956,GNB,9,24,44,325,2,3,65.1,,5,35,0,18.5,18.5,2.06,True,True,21143
Bart Starr,1957,GNB,12,117,215,1489,8,10,69.3,,31,98,3,99.36,99.36,8.28,True,True,21143
Bart Starr,1958,GNB,9,78,157,875,3,12,41.2,,25,113,1,40.3,40.3,4.48,True,True,21143
Bart Starr,1959,GNB,7,70,134,972,6,7,69.0,,16,83,0,57.18,57.18,8.17,True,True,21143
Bart Starr,1960,GNB,9,98,172,1358,4,8,70.8,,7,12,0,55.52,55.52,6.17,True,True,21143
Bart Starr,1961,GNB,14,172,295,2418,16,16,80.3,,12,56,1,140.32,140.32,10.02,True,True,21143
Bart Starr,1962,GNB,14,178,285,2438,12,9,90.7,,21,72,1,140.72,140.72,10.05,True,True,21143
Bart Starr,1963,GNB,10,132,244,1855,15,10,82.3,,13,116,0,125.8,125.8,12.58,True,True,21143
Bart Starr,1964,GNB,14,163,272,2144,15,4,97.1,,24,165,3,172.26,172.26,12.3,True,True,21143
Bart Starr,1965,GNB,14,140,251,2055,16,9,89.0,,18,169,1,151.1,151.1,10.79,True,True,21143
Bart Starr,1966,GNB,13,156,251,2257,14,3,105.0,,21,104,2,162.68,162.68,12.51,True,True,21143
Bart Starr,1967,GNB,12,115,210,1823,9,17,64.4,,21,90,0,83.92,83.92,6.99,True,True,21143
Bart Starr,1968,GNB,10,109,171,1617,15,8,104.3,,11,62,1,120.88,120.88,12.09,True,True,21143
Bart Starr,1969,GNB,9,92,148,1161,9,6,89.9,,7,60,0,76.44,76.44,8.49,True,True,21143
Bart Starr,1970,GNB,14,140,255,1645,8,13,63.9,,12,62,1,84.0,84.0,6.0,True,True,21143
Bart Starr,1971,GNB,4,24,45,286,0,3,45.2,,3,11,1,12.54,12.54,3.13,True,True,21143
Bernie Kosar,1985,CLE,12,124,248,1578,8,7,69.3,19,26,-12,1,85.92,85.92,7.16,False,False,12529
Bernie Kosar,1986,CLE,16,310,531,3854,17,10,83.8,39,24,19,0,204.16,205.16,12.82,False,False,12529
Bernie Kosar,1987,CLE,12,241,389,3033,22,9,95.4,22,15,22,1,199.52,199.52,16.63,False,False,12529
Bernie Kosar,1988,CLE,9,156,259,1890,10,7,84.3,25,12,-1,1,107.5,107.5,11.94,False,False,12529
Bernie Kosar,1989,CLE,16,303,513,3533,18,14,80.3,34,30,70,1,197.62,198.62,12.41,False,False,12529
Bernie Kosar,1990,CLE,13,230,423,2562,10,15,65.7,37,10,13,0,113.78,113.78,8.75,False,False,12529
Bernie Kosar,1991,CLE,16,307,494,3487,18,9,87.8,41,26,74,0,200.98,201.98,12.62,False,False,12529
Bernie Kosar,1992,CLE,7,103,155,1160,8,7,87.0,21,5,12,0,65.6,65.6,9.37,False,False,12529
Bernie Kosar,1993,CLE/DAL,11,115,201,1217,8,3,82.0,23,23,26,0,77.28,77.28,7.03,False,False,12529
Bernie Kosar,1994,MIA,2,7,12,80,1,1,71.5,0,1,17,0,6.9,6.9,3.45,False,False,12529
Bernie Kosar,1995,MIA,9,74,108,699,3,5,76.1,6,7,19,1,37.86,37.86,4.21,False,False,12529
Bernie Kosar,1996,MIA,3,24,32,208,1,0,102.1,6,1,6,0,12.92,12.92,4.31,False,False,12529
Bert Jones,1973,BAL,8,43,108,539,4,12,28.8,,18,58,0,19.36,19.36,2.42,False,False,11502
Bert Jones,1974,BAL,11,143,270,1610,8,12,62.4,,39,279,4,124.3,124.3,11.3,False,False,11502
Bert Jones,1975,BAL,14,203,344,2483,18,8,89.1,,47,321,3,205.42,205.42,14.67,False,False,11502
Bert Jones,1976,BAL,14,207,343,3104,24,9,102.5,,38,214,2,235.56,235.56,16.83,False,False,11502
Bert Jones,1977,BAL,14,224,393,2686,17,11,80.8,,28,146,2,180.04,180.04,12.86,False,False,11502
Bert Jones,1978,BAL,3,27,42,370,4,1,114.2,,9,38,0,32.6,32.6,10.87,False,False,11502
Bert Jones,1979,BAL,4,43,92,643,3,3,67.4,,10,40,1,41.72,41.72,10.43,False,False,11502
Bert Jones,1980,BAL,15,248,446,3134,23,21,75.3,,27,175,2,204.86,204.86,13.66,False,False,11502
Bert Jones,1981,BAL,15,244,426,3094,21,20,76.9,,20,85,0,176.26,176.26,11.75,False,False,11502
Bert Jones,1982,RAM,4,48,87,527,2,4,61.8,8,11,73,0,28.38,28.38,7.09,False,False,11502
Bill Kenney,1980,KAN,3,37,69,542,5,2,91.6,,8,8,0,38.48,38.48,12.83,False,False,12130
Bill Kenney,1981,KAN,13,147,274,1983,9,16,63.6,,24,89,1,98.22,98.22,7.56,False,False,12130
Bill Kenney,1982,KAN,7,95,169,1192,7,6,77.3,23,13,40,0,67.68,67.68,9.67,False,False,12130
Bill Kenney,1983,KAN,16,346,603,4348,24,18,80.8,41,23,59,3,257.82,258.82,16.18,False,False,12130
Bill Kenney,1984,KAN,9,151,282,2098,15,10,80.7,18,9,-8,0,123.12,123.12,13.68,False,False,12130
Bill Kenney,1985,KAN,16,181,338,2536,17,9,83.6,28,14,1,1,157.54,157.54,9.85,False,False,12130
Bill Kenney,1986,KAN,15,161,308,1922,13,11,70.8,25,18,0,0,106.88,107.88,7.19,False,False,12130
Bill Kenney,1987,KAN,11,154,273,2107,15,9,85.8,22,12,-2,0,126.08,126.08,11.46,False,False,12130
Bill Kenney,1988,KAN,16,58,114,549,0,5,46.3,13,2,4,0,12.36,12.36,0.77,False,False,12130
Bill Munson,1964,RAM,11,108,223,1533,9,15,56.5,,19,150,0,82.32,82.32,7.48,False,False,16038
Bill Munson,1965,RAM,10,144,267,1701,10,14,64.2,,26,157,1,101.74,101.74,10.17,False,False,16038
Bill Munson,1966,RAM,5,30,50,284,2,1,80.8,,4,3,0,17.66,17.66,3.53,False,False,16038
Bill Munson,1967,RAM,4,5,10,38,1,2,53.3,,2,-22,0,-0.68,-0.68,-0.17,False,False,16038
Bill Munson,1968,DET,12,181,329,2311,15,8,82.3,,25,109,1,153.34,153.34,12.78,False,False,16038
Bill Munson,1969,DET,8,84,166,1062,7,8,64.9,,7,31,0,57.58,57.58,7.2,False,False,16038
Bill Munson,1970,DET,8,84,158,1049,10,7,76.7,,9,33,0,71.26,71.26,8.91,False,False,16038
Bill Munson,1971,DET,4,21,38,216,1,1,69.6,,3,9,0,11.54,11.54,2.88,False,False,16038
Bill Munson,1972,DET,2,20,35,194,1,1,70.4,,1,0,0,9.76,9.76,4.88,False,False,16038
Bill Munson,1973,DET,10,95,187,1129,9,8,67.8,,10,33,0,68.46,68.46,6.85,False,False,16038
Bill Munson,1974,DET,11,166,292,1874,8,7,75.3,,18,40,1,102.36,103.36,9.4,False,False,16038
Bill Munson,1975,DET,5,65,109,626,5,2,83.4,,4,-3,0,40.74,40.74,8.15,False,False,16038
Bill Munson,1976,SEA,5,20,37,295,1,3,55.6,,1,6,0,10.4,10.4,2.08,False,False,16038
Bill Munson,1977,SDG,4,20,31,225,1,1,83.4,,1,2,0,11.2,11.2,2.8,False,False,16038
Bill Munson,1978,BUF,4,24,43,328,4,2,92.0,,0,0,0,25.12,25.12,6.28,False,False,16038
Bill Munson,1979,BUF,3,3,7,31,0,0,56.2,,0,0,0,1.24,1.24,0.41,False,False,16038
Bill Nelsen,1963,PIT,2,0,2,0,0,0,39.6,,1,-6,0,-0.6,-0.6,-0.3,False,False,16252
Bill Nelsen,1964,PIT,5,16,42,276,2,3,47.3,,3,17,0,14.74,14.74,2.95,False,False,16252
Bill Nelsen,1965,PIT,12,121,270,1917,8,17,52.7,,26,84,1,88.58,89.58,7.46,False,False,16252
Bill Nelsen,1966,PIT,5,63,112,1122,7,1,107.8,,6,18,0,72.68,72.68,14.54,False,False,16252
Bill Nelsen,1967,PIT,7,74,165,1125,10,9,65.3,,9,-19,0,65.1,65.1,9.3,False,False,16252
Bill Nelsen,1968,CLE,13,152,293,2366,19,10,86.4,,13,30,1,159.64,159.64,12.28,False,False,16252
Bill Nelsen,1969,CLE,14,190,352,2743,23,19,78.8,,5,-11,0,162.62,162.62,11.62,False,False,16252
Bill Nelsen,1970,CLE,12,159,313,2156,16,16,68.9,,7,-4,0,117.84,117.84,9.82,False,False,16252
Bill Nelsen,1971,CLE,14,174,325,2319,13,23,60.3,,13,-18,0,96.96,96.96,6.93,False,False,16252
Bill Nelsen,1972,CLE,4,14,31,141,0,3,19.1,,1,-2,0,-0.56,-0.56,-0.14,False,False,16252
Billy Joe Tolliver,1989,SDG,5,89,185,1097,5,8,57.9,9,7,0,0,47.88,47.88,9.58,False,False,22384
Billy Joe Tolliver,1990,SDG,15,216,410,2574,16,16,68.9,19,14,22,0,137.16,137.16,9.14,False,False,22384
Billy Joe Tolliver,1991,ATL,7,40,82,531,4,2,75.8,7,9,6,0,33.84,33.84,4.83,False,False,22384
Billy Joe Tolliver,1992,ATL,9,73,131,787,5,5,70.4,16,4,15,0,42.98,42.98,4.78,False,False,22384
Billy Joe Tolliver,1993,ATL,7,39,76,464,3,5,56.0,3,7,48,0,25.36,25.36,3.62,False,False,22384
Billy Joe Tolliver,1994,HOU,10,121,240,1287,6,7,62.6,27,12,37,2,77.18,77.18,7.72,False,False,22384
Billy Joe Tolliver,1997,ATL/KAN,9,64,116,677,5,1,83.2,14,9,7,0,45.78,45.78,5.09,False,False,22384
Billy Joe Tolliver,1998,NOR,7,110,199,1427,8,4,83.1,11,11,43,0,85.38,85.38,12.2,False,False,22384
Billy Joe Tolliver,1999,NOR,10,139,268,1916,7,16,58.9,19,26,142,3,104.84,104.84,10.48,False,False,22384
Billy Kilmer,1961,SFO,11,19,34,286,0,4,44.1,,96,509,10,114.34,114.34,10.39,False,False,12220
Billy Kilmer,1962,SFO,12,8,13,191,1,3,91.5,,93,478,5,104.64,120.64,10.05,False,False,12220
Billy Kilmer,1964,SFO,9,8,14,92,1,1,71.1,,36,113,0,30.58,41.58,4.62,False,False,12220
Billy Kilmer,1966,SFO,4,5,16,84,0,1,24.0,,3,23,0,3.66,3.66,0.92,False,False,12220
Billy Kilmer,1967,NOR,10,97,204,1341,6,11,56.4,,20,142,1,75.84,75.84,7.58,False,False,12220
Billy Kilmer,1968,NOR,12,167,315,2060,15,17,66.9,,21,97,2,130.1,130.1,10.84,False,False,12220
Billy Kilmer,1969,NOR,14,193,360,2532,20,17,74.9,,11,18,0,149.08,149.08,10.65,False,False,12220
Billy Kilmer,1970,NOR,13,135,237,1557,6,17,55.5,,12,42,0,56.48,56.48,4.34,False,False,12220
Billy Kilmer,1971,WAS,14,166,306,2221,13,13,74.0,,17,5,2,127.34,127.34,9.1,False,False,12220
Billy Kilmer,1972,WAS,12,120,225,1648,19,11,84.8,,3,-3,0,119.62,119.62,9.97,False,False,12220
Billy Kilmer,1973,WAS,10,122,227,1656,14,9,81.3,,9,10,0,105.24,105.24,10.52,False,False,12220
Billy Kilmer,1974,WAS,11,137,234,1632,10,6,83.5,,6,27,0,95.98,95.98,8.73,False,False,12220
Billy Kilmer,1975,WAS,12,178,346,2440,23,16,77.2,,11,34,1,167.0,167.0,13.92,False,False,12220
Billy Kilmer,1976,WAS,10,108,206,1252,12,10,70.3,,13,-7,0,77.38,77.38,7.74,False,False,12220
Billy Kilmer,1977,WAS,8,99,201,1187,8,7,66.5,,10,20,0,67.48,67.48,8.43,False,False,12220
Billy Kilmer,1978,WAS,5,23,46,316,4,3,74.2,,1,1,0,22.74,22.74,4.55,False,False,12220
Billy Wade,1954,RAM,10,31,59,509,2,1,86.1,,28,190,1,51.36,51.36,5.14,False,False,23013
Billy Wade,1955,RAM,7,31,71,316,1,3,44.1,,11,43,0,14.94,14.94,2.13,False,False,23013
Billy Wade,1956,RAM,11,91,178,1461,10,13,67.2,,27,91,3,99.54,99.54,9.05,False,False,23013
Billy Wade,1957,RAM,5,10,24,116,1,1,53.5,,1,5,0,7.14,7.14,1.43,False,False,23013
Billy Wade,1958,RAM,12,181,341,2875,18,22,72.2,,42,90,2,164.0,164.0,13.67,False,False,23013
Billy Wade,1959,RAM,12,153,261,2001,12,17,71.1,,25,95,2,115.54,115.54,9.63,False,False,23013
Billy Wade,1960,RAM,11,106,182,1294,12,11,77.0,,26,171,2,107.86,107.86,9.81,False,False,23013
Billy Wade,1961,CHI,13,139,250,2258,22,13,93.7,,45,255,2,189.82,189.82,14.6,False,False,23013
Billy Wade,1962,CHI,14,225,412,3172,18,24,70.0,,40,146,5,195.48,195.48,13.96,False,False,23013
Billy Wade,1963,CHI,14,192,356,2301,15,12,74.0,,44,128,6,176.84,176.84,12.63,False,False,23013
Billy Wade,1964,CHI,11,182,327,1944,13,14,68.6,,24,96,1,117.36,117.36,10.67,False,False,23013
Billy Wade,1965,CHI,3,20,41,204,0,2,43.1,,5,18,0,5.96,5.96,1.99,False,False,23013
Billy Wade,1966,CHI,2,9,21,79,0,1,33.6,,0,0,0,1.16,1.16,0.58,False,False,23013
Bob Avellini,1975,CHI,8,67,126,942,6,11,57.0,,4,-3,1,45.38,45.38,5.67,False,False,766
Bob Avellini,1976,CHI,14,118,271,1580,8,15,49.4,,18,58,1,77.0,77.0,5.5,False,False,766
Bob Avellini,1977,CHI,14,154,293,2004,11,18,61.3,,37,109,1,105.06,105.06,7.5,False,False,766
Bob Avellini,1978,CHI,13,141,264,1718,5,16,54.8,,34,54,2,74.12,74.12,5.7,False,False,766
Bob Avellini,1979,CHI,7,27,51,310,2,3,60.1,,3,10,0,15.4,15.4,2.2,False,False,766
Bob Avellini,1981,CHI,9,15,32,185,1,3,36.6,,5,2,0,5.6,5.6,0.62,False,False,766
Bob Avellini,1982,CHI,2,8,20,84,0,0,52.9,4,0,0,0,3.36,3.36,1.68,False,False,766
Bob Avellini,1983,CHI,2,0,0,0,0,0,,0,0,0,0,0.0,0.0,0.0,False,False,766
Bob Avellini,1984,CHI,4,30,53,288,0,3,48.3,5,3,-5,0,5.02,5.02,1.25,False,False,766
Bob Berry,1965,MIN,1,0,2,0,0,0,39.6,,0,0,0,0.0,0.0,0.0,False,False,1627
Bob Berry,1966,MIN,3,13,37,215,1,5,25.0,,3,12,0,3.8,3.8,1.27,False,False,1627
Bob Berry,1967,MIN,2,3,7,43,0,0,63.4,,0,0,0,1.72,1.72,0.86,False,False,1627
Bob Berry,1968,ATL,10,81,153,1433,7,13,65.1,,26,139,2,85.22,85.22,8.52,False,False,1627
Bob Berry,1969,ATL,7,71,124,1087,10,2,106.5,,20,68,0,86.28,86.28,12.33,False,False,1627
Bob Berry,1970,ATL,12,156,269,1806,16,13,78.1,,13,60,0,116.24,116.24,9.69,False,False,1627
Bob Berry,1971,ATL,11,136,226,2005,11,16,75.9,,19,31,0,95.3,95.3,8.66,False,False,1627
Bob Berry,1972,ATL,14,154,277,2158,13,12,78.5,,24,86,2,134.02,135.02,9.64,False,False,1627
Bob Berry,1973,MIN,6,10,24,121,1,2,37.0,,2,5,0,5.34,5.34,0.89,False,False,1627
Bob Berry,1974,MIN,10,34,48,305,5,1,113.6,,1,8,0,31.0,31.0,3.1,False,False,1627
Bob Berry,1975,MIN,1,3,6,24,0,0,60.4,,1,0,0,0.96,0.96,0.96,False,False,1627
Bob Griese,1967,MIA,12,166,331,2005,15,18,61.6,,37,157,1,125.9,125.9,10.49,True,True,8495
Bob Griese,1968,MIA,13,186,355,2473,21,16,75.7,,42,230,1,179.92,179.92,13.84,True,True,8495
Bob Griese,1969,MIA,9,121,252,1695,10,16,56.9,,21,102,0,86.0,86.0,9.56,True,True,8495
Bob Griese,1970,MIA,14,142,245,2019,12,17,72.1,,26,89,2,115.66,115.66,8.26,True,True,8495
Bob Griese,1971,MIA,14,145,263,2089,19,9,90.9,,26,82,0,149.76,149.76,10.7,True,True,8495
Bob Griese,1972,MIA,6,53,97,638,4,4,71.6,,3,11,1,40.62,40.62,6.77,True,True,8495
Bob Griese,1973,MIA,13,116,218,1422,17,8,84.3,,13,20,0,110.88,110.88,8.53,True,True,8495
Bob Griese,1974,MIA,13,152,253,1968,16,15,80.9,,16,66,1,125.32,125.32,9.64,True,True,8495
Bob Griese,1975,MIA,10,118,191,1693,14,13,86.6,,17,59,1,109.62,109.62,10.96,True,True,8495
Bob Griese,1976,MIA,13,162,272,2097,11,12,78.9,,23,108,0,114.68,114.68,8.82,True,True,8495
Bob Griese,1977,MIA,14,180,307,2252,22,13,87.8,,16,30,0,155.08,155.08,11.08,True,True,8495
Bob Griese,1978,MIA,11,148,235,1791,11,11,82.4,,9,10,0,94.64,94.64,8.6,True,True,8495
Bob Griese,1979,MIA,14,176,310,2160,14,16,72.0,,11,30,0,113.4,113.4,8.1,True,True,8495
Bob Griese,1980,MIA,5,61,100,790,6,4,89.2,,1,0,0,47.6,47.6,9.52,True,True,8495
Bob Lee,1969,MIN,14,7,11,79,1,0,115.3,,3,9,0,8.06,8.06,0.58,False,False,13081
Bob Lee,1970,MIN,6,40,79,610,5,5,71.2,,10,20,1,42.4,42.4,7.07,False,False,13081
Bob Lee,1971,MIN,14,45,90,598,2,4,60.3,,11,14,1,31.32,31.32,2.24,False,False,13081
Bob Lee,1972,MIN,2,3,6,75,1,0,135.4,,0,0,0,7.0,7.0,3.5,False,False,13081
Bob Lee,1973,ATL,12,120,230,1786,10,8,77.9,,29,67,0,102.14,102.14,8.51,False,False,13081
Bob Lee,1974,ATL,9,78,172,852,3,14,32.4,,19,99,1,33.98,33.98,3.78,False,False,13081
Bob Lee,1975,MIN,4,5,14,103,2,1,72.3,,1,0,0,10.12,10.12,2.53,False,False,13081
Bob Lee,1976,MIN,4,15,30,156,0,2,37.6,,2,2,0,2.44,2.44,0.61,False,False,13081
Bob Lee,1977,MIN,5,42,72,522,4,4,76.3,,12,-8,0,28.08,28.08,5.62,False,False,13081
Bob Lee,1978,MIN,3,2,4,10,0,1,16.7,,0,0,0,-1.6,-1.6,-0.53,False,False,13081
Bob Lee,1979,RAM,3,11,22,243,2,1,101.1,,4,-5,0,15.22,15.22,5.07,False,False,13081
Bob Lee,1980,RAM,1,0,0,0,0,0,,,1,-1,0,-0.1,-0.1,-0.1,False,False,13081
Bobby Douglass,1969,CHI,8,68,148,773,5,8,50.9,,51,408,2,87.72,87.72,10.97,False,False,5885
Bobby Douglass,1970,CHI,3,12,30,218,4,3,65.7,,7,22,0,20.92,20.92,6.97,False,False,5885
Bobby Douglass,1971,CHI,14,91,225,1164,5,15,37.0,,39,284,3,82.96,82.96,5.93,False,False,5885
Bobby Douglass,1972,CHI,14,75,198,1246,9,12,49.8,,141,968,8,206.64,206.64,14.76,False,False,5885
Bobby Douglass,1973,CHI,13,81,174,1057,5,7,59.0,,94,525,5,130.78,130.78,10.06,False,False,5885
Bobby Douglass,1974,CHI,7,41,100,387,2,4,42.4,,36,229,1,44.38,44.38,6.34,False,False,5885
Bobby Douglass,1975,CHI/SDG,4,15,47,140,0,3,14.6,,15,76,1,13.2,13.2,3.3,False,False,5885
Bobby Douglass,1976,NOR,11,103,213,1288,4,8,58.2,,21,92,2,72.52,73.52,6.68,False,False,5885
Bobby Douglass,1977,NOR,4,16,31,130,1,3,33.7,,2,23,0,5.5,5.5,1.38,False,False,5885
Bobby Douglass,1978,GNB,12,5,12,90,1,1,61.1,,4,27,0,8.3,8.3,0.69,False,False,5885
Bobby Hebert,1985,NOR,6,97,181,1208,5,4,74.6,17,12,26,0,69.62,70.62,11.77,False,False,9518
Bobby Hebert,1986,NOR,5,41,79,498,2,8,40.5,4,5,14,0,13.42,14.42,2.88,False,False,9518
Bobby Hebert,1987,NOR,12,164,294,2119,15,9,82.9,20,13,95,0,136.26,136.26,11.35,False,False,9518
Bobby Hebert,1988,NOR,16,280,478,3156,20,15,79.3,24,37,79,0,184.14,186.14,11.63,False,False,9518
Bobby Hebert,1989,NOR,14,222,353,2686,15,15,82.7,22,25,87,0,146.14,146.14,10.44,False,False,9518
Bobby Hebert,1991,NOR,9,149,248,1676,9,8,79.0,16,18,56,0,92.64,92.64,10.29,False,False,9518
Bobby Hebert,1992,NOR,16,249,422,3287,19,16,82.9,15,32,95,0,184.98,184.98,11.56,False,False,9518
Bobby Hebert,1993,ATL,14,263,430,2978,24,17,84.0,29,24,49,0,186.02,186.02,13.29,False,False,9518
Bobby Hebert,1994,ATL,8,52,103,610,2,6,51.0,3,9,43,0,24.7,24.7,3.09,False,False,9518
Bobby Hebert,1995,ATL,4,28,45,313,2,1,88.5,0,5,-1,0,18.42,18.42,4.6,False,False,9518
Bobby Hebert,1996,ATL,14,294,488,3152,22,25,72.9,27,15,59,1,175.98,175.98,12.57,False,False,9518
Bobby Layne,1950,DET,12,152,336,2323,16,18,62.1,,54,250,4,169.92,169.92,14.16,True,True,13019
Bobby Layne,1951,DET,12,152,332,2403,26,23,67.6,,61,290,1,189.12,189.12,15.76,True,True,13019
Bobby Layne,1952,DET,12,139,287,1999,19,20,64.5,,94,411,1,163.06,163.06,13.59,True,True,13019
Bobby Layne,1953,DET,12,125,273,2088,16,21,59.6,,87,343,0,139.82,139.82,11.65,True,True,13019
Bobby Layne,1954,DET,11,135,246,1818,14,12,77.3,,30,119,2,128.62,128.62,11.69,True,True,13019
Bobby Layne,1955,DET,10,143,270,1830,11,17,61.8,,31,111,0,94.3,94.3,9.43,True,True,13019
Bobby Layne,1956,DET,12,129,244,1909,9,17,62.0,,46,169,5,125.26,125.26,10.44,True,True,13019
Bobby Layne,1957,DET,11,87,179,1169,6,12,53.0,,24,99,0,56.66,56.66,5.15,True,True,13019
Bobby Layne,1958,DET/PIT,12,145,294,2510,14,12,77.6,,40,154,3,165.8,165.8,13.82,True,True,13019
Bobby Layne,1959,PIT,12,142,297,1986,20,21,62.8,,33,181,2,147.54,147.54,12.3,True,True,13019
Bobby Layne,1960,PIT,12,103,209,1814,13,17,66.2,,19,12,2,139.76,139.76,11.65,True,True,13019
Bobby Layne,1961,PIT,14,75,149,1205,11,16,62.8,,8,11,0,66.3,66.3,4.74,True,True,13019
Bobby Layne,1962,PIT,13,116,233,1686,9,17,56.2,,15,25,1,77.94,77.94,6.0,True,True,13019
Bobby Thomason,1951,GNB,11,125,221,1306,11,9,73.5,,5,-5,0,77.74,77.74,7.07,False,False,22138
Bobby Thomason,1952,PHI,11,95,212,1334,8,9,60.5,,17,88,0,76.16,76.16,6.92,False,False,22138
Bobby Thomason,1953,PHI,12,162,304,2462,21,20,75.8,,9,23,1,150.78,150.78,12.56,False,False,22138
Bobby Thomason,1954,PHI,10,83,170,1242,10,13,61.0,,10,45,0,68.18,68.18,6.82,False,False,22138
Bobby Thomason,1955,PHI,10,88,171,1337,10,7,80.0,,17,29,0,82.38,82.38,8.24,False,False,22138
Bobby Thomason,1956,PHI,12,82,164,1119,4,21,40.7,,21,48,2,35.56,35.56,2.96,False,False,22138
Bobby Thomason,1957,PHI,10,46,92,630,4,10,47.2,,15,62,3,45.4,45.4,4.54,False,False,22138
Boomer Esiason,1984,CIN,10,51,102,530,3,3,62.9,5,19,63,2,45.5,45.5,4.55,False,True,6529
Boomer Esiason,1985,CIN,15,251,431,3443,27,12,93.2,32,33,79,1,235.62,235.62,15.71,False,True,6529
Boomer Esiason,1986,CIN,16,273,469,3959,24,17,87.7,26,44,146,1,240.96,240.96,15.06,False,True,6529
Boomer Esiason,1987,CIN,12,240,440,3321,16,19,73.1,26,52,241,0,182.94,182.94,15.24,False,True,6529
Boomer Esiason,1988,CIN,16,223,388,3572,28,14,97.4,30,43,248,1,257.68,257.68,16.1,False,True,6529
Boomer Esiason,1989,CIN,16,258,455,3525,28,11,92.1,36,47,278,0,258.8,258.8,16.18,False,True,6529
Boomer Esiason,1990,CIN,16,224,402,3031,24,22,77.0,31,49,157,0,188.94,188.94,11.81,False,True,6529
Boomer Esiason,1991,CIN,14,233,413,2883,13,16,72.5,25,24,66,0,141.92,141.92,10.14,False,True,6529
Boomer Esiason,1992,CIN,12,144,278,1407,11,15,57.0,19,21,66,0,76.88,76.88,6.41,False,True,6529
Boomer Esiason,1993,NYJ,16,288,473,3421,16,11,84.5,18,45,118,1,195.84,196.84,12.3,False,True,6529
Boomer Esiason,1994,NYJ,15,255,440,2782,17,13,77.3,19,28,59,0,159.18,159.18,10.61,False,True,6529
Boomer Esiason,1995,NYJ,12,221,389,2275,16,15,71.4,27,19,14,0,126.4,126.4,10.53,False,True,6529
Boomer Esiason,1996,ARI,10,190,339,2293,11,14,70.6,17,15,52,1,118.92,118.92,11.89,False,True,6529
Boomer Esiason,1997,CIN,7,118,186,1478,13,2,106.9,7,8,11,0,108.22,108.22,15.46,False,True,6529
Brad Johnson,1994,MIN,4,22,37,150,0,0,68.5,1,2,-2,0,5.8,5.8,1.45,False,False,11181
Brad Johnson,1995,MIN,5,25,36,272,0,2,68.3,1,9,-9,0,5.98,5.98,1.2,False,False,11181
Brad Johnson,1996,MIN,12,195,311,2258,17,10,89.4,15,34,90,1,153.32,153.32,12.78,False,False,11181
Brad Johnson,1997,MIN,13,275,452,3036,20,12,84.5,26,35,139,0,197.64,198.64,15.28,False,False,11181
Brad Johnson,1998,MIN,4,65,101,747,7,5,89.0,3,12,15,0,49.38,49.38,12.34,False,False,11181
Brad Johnson,1999,WAS,16,316,519,4005,24,13,90.0,29,26,31,2,245.3,245.3,15.33,False,False,11181
Brett Favre,1991,ATL,2,0,4,0,0,2,0.0,1,0,0,0,-4.0,-4.0,-2.0,True,True,6745
Brett Favre,1992,GNB,15,302,471,3227,18,13,85.3,34,47,198,1,200.18,201.18,13.41,True,True,6745
Brett Favre,1993,GNB,16,318,522,3303,19,24,72.2,30,58,216,1,187.72,187.72,11.73,True,True,6745
Brett Favre,1994,GNB,16,363,582,3882,33,14,90.7,31,42,202,2,291.48,291.48,18.22,True,True,6745
Brett Favre,1995,GNB,16,359,570,4413,38,13,99.5,33,39,181,3,338.62,338.62,21.16,True,True,6745
Brett Favre,1996,GNB,16,325,543,3899,39,13,95.8,40,49,136,2,311.56,311.56,19.47,True,True,6745
Brett Favre,1997,GNB,16,304,513,3867,35,16,92.6,25,58,187,1,287.38,287.38,17.96,True,True,6745
Brett Favre,1998,GNB,16,347,551,4212,31,23,87.8,38,40,133,1,265.78,265.78,16.61,True,True,6745
Brett Favre,1999,GNB,16,341,595,4091,22,23,74.7,35,28,142,0,219.84,219.84,13.74,True,True,6745
Brian Sipe,1974,CLE,10,59,108,603,1,7,47.0,,16,44,4,42.52,42.52,4.25,False,False,20386
Brian Sipe,1975,CLE,7,45,88,427,1,3,54.5,,9,60,0,21.08,21.08,3.01,False,False,20386
Brian Sipe,1976,CLE,14,178,312,2113,17,14,77.3,,18,71,0,131.62,131.62,9.4,False,False,20386
Brian Sipe,1977,CLE,9,112,195,1233,9,14,61.8,,10,14,0,58.72,58.72,6.52,False,False,20386
Brian Sipe,1978,CLE,16,222,399,2906,21,15,80.7,,28,87,3,196.94,196.94,12.31,False,False,20386
Brian Sipe,1979,CLE,16,286,535,3793,28,26,73.4,,45,178,2,241.52,241.52,15.09,False,False,20386
Brian Sipe,1980,CLE,16,337,554,4132,30,14,91.4,,20,55,1,268.78,268.78,16.8,False,False,20386
Brian Sipe,1981,CLE,16,313,567,3876,17,25,68.2,,38,153,1,194.34,194.34,12.15,False,False,20386
Brian Sipe,1982,CLE,6,101,185,1064,4,8,60.7,13,13,44,0,46.96,46.96,7.83,False,False,20386
Brian Sipe,1983,CLE,15,291,496,3566,26,23,79.1,27,26,56,0,206.24,206.24,13.75,False,False,20386
Bubby Brister,1986,PIT,2,21,60,291,0,2,37.6,6,6,10,1,14.64,14.64,7.32,False,False,2415
Bubby Brister,1987,PIT,2,4,12,20,0,3,2.8,2,0,0,0,-5.2,-5.2,-2.6,False,False,2415
Bubby Brister,1988,PIT,13,175,370,2634,11,14,65.3,36,45,209,6,178.26,178.26,13.71,False,False,2415
Bubby Brister,1989,PIT,14,187,342,2365,9,10,73.1,45,27,25,0,112.1,113.1,8.08,False,False,2415
Bubby Brister,1990,PIT,16,223,387,2725,20,14,81.6,28,25,64,0,167.4,167.4,10.46,False,False,2415
Bubby Brister,1991,PIT,8,103,190,1350,9,9,72.9,15,11,17,0,73.7,73.7,9.21,False,False,2415
Bubby Brister,1992,PIT,6,63,116,719,2,5,61.0,13,10,16,0,28.36,28.36,4.73,False,False,2415
Bubby Brister,1993,PHI,10,181,309,1905,14,5,84.9,19,20,39,0,126.1,126.1,12.61,False,False,2415
Bubby Brister,1994,PHI,7,51,76,507,2,1,89.1,5,1,7,0,26.98,26.98,3.85,False,False,2415
Bubby Brister,1995,NYJ,9,93,170,726,4,8,53.7,16,16,18,0,31.04,32.04,3.56,False,False,2415
Bubby Brister,1997,DEN,1,6,9,48,0,0,79.9,0,4,2,0,2.12,2.12,2.12,False,False,2415
Bubby Brister,1998,DEN,7,78,131,986,10,3,99.0,8,19,102,1,89.64,89.64,12.81,False,False,2415
Bubby Brister,1999,DEN,2,12,20,87,0,3,30.6,0,2,17,0,-0.82,-0.82,-0.41,False,False,2415
Charley Johnson,1961,STL,3,5,13,51,0,2,10.9,,1,-3,0,-2.26,-2.26,-0.75,False,False,11201
Charley Johnson,1962,STL,11,150,308,2440,16,20,65.9,,25,138,3,153.4,153.4,13.95,False,False,11201
Charley Johnson,1963,STL,14,222,423,3280,28,21,79.5,,41,143,1,221.5,221.5,15.82,False,False,11201
Charley Johnson,1964,STL,14,223,420,3045,21,24,69.4,,31,93,2,179.1,179.1,12.79,False,False,11201
Charley Johnson,1965,STL,11,155,322,2439,18,15,73.0,,25,60,1,151.56,151.56,13.78,False,False,11201
Charley Johnson,1966,STL,9,103,205,1334,10,11,65.0,,20,39,2,87.26,87.26,9.7,False,False,11201
Charley Johnson,1967,STL,4,12,29,162,1,3,31.8,,0,0,0,4.48,4.48,1.12,False,False,11201
Charley Johnson,1968,STL,7,29,67,330,1,1,57.4,,5,-1,0,15.1,15.1,2.16,False,False,11201
Charley Johnson,1969,STL,12,131,260,1847,13,13,69.5,,17,51,1,110.98,110.98,9.25,False,False,11201
Charley Johnson,1970,HOU,10,144,281,1652,7,12,59.8,,5,3,0,70.38,70.38,7.04,False,False,11201
Charley Johnson,1971,HOU,14,46,94,592,3,7,48.7,,2,0,0,21.68,21.68,1.55,False,False,11201
Charley Johnson,1972,DEN,12,132,238,1783,14,14,74.6,,3,0,0,99.32,99.32,8.28,False,False,11201
Charley Johnson,1973,DEN,14,184,346,2465,20,17,74.9,,7,-2,0,144.4,144.4,10.31,False,False,11201
Charley Johnson,1974,DEN,14,136,244,1969,13,9,84.5,,4,-3,0,112.46,112.46,8.03,False,False,11201
Charley Johnson,1975,DEN,14,65,142,1021,5,12,46.7,,10,21,0,38.94,38.94,2.78,False,False,11201
Charlie Conerly,1950,NYG,11,56,132,1000,8,7,67.1,,13,17,1,65.7,65.7,5.97,False,False,4392
Charlie Conerly,1951,NYG,12,93,189,1277,10,22,49.3,,4,-18,1,51.28,51.28,4.27,False,False,4392
Charlie Conerly,1952,NYG,11,82,169,1090,13,10,70.4,,18,60,0,81.6,81.6,7.42,False,False,4392
Charlie Conerly,1953,NYG,12,143,303,1711,13,25,44.9,,24,91,0,79.54,79.54,6.63,False,False,4392
Charlie Conerly,1954,NYG,10,103,210,1439,17,11,76.7,,24,107,1,120.26,120.26,12.03,False,False,4392
Charlie Conerly,1955,NYG,12,98,202,1310,13,13,64.2,,12,8,0,79.2,79.2,6.6,False,False,4392
Charlie Conerly,1956,NYG,11,90,174,1143,10,7,75.0,,11,11,0,72.82,72.82,6.62,False,False,4392
Charlie Conerly,1957,NYG,12,128,232,1712,11,11,74.9,,16,24,1,98.88,98.88,8.24,False,False,4392
Charlie Conerly,1958,NYG,10,88,184,1199,10,9,66.8,,12,-17,0,68.26,68.26,6.83,False,False,4392
Charlie Conerly,1959,NYG,10,113,194,1706,14,4,102.7,,15,38,1,126.04,126.04,12.6,False,False,4392
Charlie Conerly,1960,NYG,9,66,134,954,8,7,70.9,,14,1,0,56.26,56.26,6.25,False,False,4392
Charlie Conerly,1961,NYG,9,44,106,634,7,8,52.2,,13,16,0,38.96,38.96,4.33,False,False,4392
Chris Chandler,1988,IND,15,129,233,1619,8,12,67.2,18,46,139,3,104.66,104.66,6.98,False,False,3745
Chris Chandler,1989,IND,3,39,80,537,2,3,63.4,3,7,57,1,35.18,35.18,11.73,False,False,3745
Chris Chandler,1990,TAM,7,42,83,464,1,6,41.4,15,13,71,1,23.66,23.66,3.38,False,False,3745
Chris Chandler,1991,TAM/PHO,9,78,154,846,5,10,50.9,17,26,111,0,44.94,44.94,4.99,False,False,3745
Chris Chandler,1992,PHO,15,245,413,2832,15,15,77.1,29,36,149,1,164.18,164.18,10.95,False,False,3745
Chris Chandler,1993,PHO,4,52,103,471,3,2,64.8,4,3,2,0,27.04,27.04,6.76,False,False,3745
Chris Chandler,1994,RAM,12,108,176,1352,7,2,93.8,7,18,61,1,90.18,90.18,7.52,False,False,3745
Chris Chandler,1995,HOU,13,225,356,2460,17,10,87.8,21,28,58,2,164.2,164.2,12.63,False,False,3745
Chris Chandler,1996,HOU,12,184,320,2099,16,11,79.7,25,28,113,0,137.26,137.26,11.44,False,False,3745
Chris Chandler,1997,ATL,14,202,342,2692,20,7,95.1,39,43,158,0,189.48,189.48,13.53,False,False,3745
Chris Chandler,1998,ATL,14,190,327,3154,25,12,100.9,44,36,121,2,228.46,229.46,16.39,False,False,3745
Chris Chandler,1999,ATL,12,174,307,2339,16,11,83.5,32,16,57,1,147.26,147.26,12.27,False,False,3745
Chris Miller,1987,ATL,3,39,92,552,1,9,26.4,5,4,21,0,10.18,10.18,3.39,False,False,15295
Chris Miller,1988,ATL,13,184,351,2133,11,12,67.3,24,31,138,1,125.12,125.12,9.62,False,False,15295
Chris Miller,1989,ATL,16,280,526,3459,16,10,76.1,41,10,20,0,187.36,187.36,11.71,False,False,15295
Chris Miller,1990,ATL,12,222,388,2735,17,14,78.7,26,26,99,1,165.3,165.3,13.77,False,False,15295
Chris Miller,1991,ATL,15,220,413,3103,26,18,80.6,23,32,229,0,215.02,215.02,14.33,False,False,15295
Chris Miller,1992,ATL,8,152,253,1739,15,6,90.7,16,23,89,0,126.46,126.46,15.81,False,False,15295
Chris Miller,1993,ATL,3,32,66,345,1,3,50.4,8,2,11,0,12.9,12.9,4.3,False,False,15295
Chris Miller,1994,RAM,13,173,317,2104,16,14,73.6,28,20,100,0,130.16,130.16,10.01,False,False,15295
Chris Miller,1995,STL,13,232,405,2623,18,15,76.2,31,22,67,0,153.62,153.62,11.82,False,False,15295
Chris Miller,1999,DEN,3,46,81,527,2,1,79.6,7,8,40,0,31.08,31.08,10.36,False,False,15295
Cotton Davidson,1954,BAL,8,28,64,309,0,5,26.1,,11,31,0,5.46,5.46,0.68,False,False,5141
Cotton Davidson,1957,BAL,2,0,2,0,0,1,0.0,,0,0,0,-2.0,-2.0,-1.0,False,False,5141
Cotton Davidson,1960,DTX,14,179,379,2474,15,16,64.2,,14,36,1,141.46,142.46,10.18,False,False,5141
Cotton Davidson,1961,DTX,14,151,330,2445,17,23,59.2,,21,123,1,144.1,144.1,10.29,False,False,5141
Cotton Davidson,1962,DTX/OAK,15,119,321,1977,7,23,36.1,,25,54,3,91.48,91.48,6.1,False,False,5141
Cotton Davidson,1963,OAK,11,77,194,1276,11,10,60.0,,24,133,4,112.34,112.34,10.21,False,False,5141
Cotton Davidson,1964,OAK,11,155,321,2497,21,19,71.9,,28,175,2,175.38,175.38,15.94,False,False,5141
Cotton Davidson,1965,OAK,1,1,1,8,0,0,100.0,,0,0,0,0.32,0.32,0.32,False,False,5141
Cotton Davidson,1966,OAK,5,59,139,770,2,11,32.4,,6,-11,0,15.7,15.7,3.14,False,False,5141
Cotton Davidson,1968,OAK,1,1,2,4,0,0,56.2,,0,0,0,0.16,0.16,0.16,False,False,5141
Craig Erickson,1992,TAM,6,15,26,121,0,0,69.6,2,1,-1,0,4.74,4.74,0.79,False,False,6509
Craig Erickson,1993,TAM,16,233,457,3054,18,21,66.4,35,26,96,0,161.76,161.76,10.11,False,False,6509
Craig Erickson,1994,TAM,15,225,399,2919,16,10,82.5,22,26,68,1,173.56,173.56,11.57,False,False,6509
Craig Erickson,1995,IND,6,50,83,586,3,4,73.7,10,9,14,0,28.84,28.84,4.81,False,False,6509
Craig Erickson,1996,MIA,7,55,99,780,4,2,86.3,11,11,16,0,44.8,44.8,6.4,False,False,6509
Craig Erickson,1997,MIA,2,13,28,165,0,1,50.4,2,4,8,0,5.4,5.4,2.7,False,False,6509
Craig Morton,1965,DAL,3,17,34,173,2,4,45.0,,3,-8,0,6.12,6.12,2.04,False,False,15889
Craig Morton,1966,DAL,6,13,27,225,3,1,98.5,,7,50,0,24.0,24.0,4.0,False,False,15889
Craig Morton,1967,DAL,8,69,137,978,10,10,67.7,,15,42,0,63.32,63.32,7.92,False,False,15889
Craig Morton,1968,DAL,11,44,85,752,4,6,68.4,,4,28,2,48.88,48.88,4.44,False,False,15889
Craig Morton,1969,DAL,13,162,302,2619,21,15,85.4,,16,62,1,170.96,170.96,13.15,False,False,15889
Craig Morton,1970,DAL,12,102,207,1819,15,7,89.8,,16,37,0,122.46,122.46,10.21,False,False,15889
Craig Morton,1971,DAL,10,78,143,1131,7,8,73.5,,4,9,1,64.14,64.14,6.41,False,False,15889
Craig Morton,1972,DAL,14,185,339,2396,15,21,65.9,,8,26,2,128.44,128.44,9.17,False,False,15889
Craig Morton,1973,DAL,14,13,32,174,3,1,76.8,,1,0,0,16.96,16.96,1.21,False,False,15889
Craig Morton,1974,DAL/NYG,14,124,239,1522,9,13,61.7,,4,5,0,71.38,71.38,5.1,False,False,15889
Craig Morton,1975,NYG,14,186,363,2359,11,16,63.6,,22,72,0,113.56,113.56,8.11,False,False,15889
Craig Morton,1976,NYG,12,153,284,1865,9,20,55.6,,15,48,0,75.4,75.4,6.28,False,False,15889
Craig Morton,1977,DEN,14,131,254,1929,14,8,82.0,,31,125,4,153.66,153.66,10.98,False,False,15889
Craig Morton,1978,DEN,14,146,267,1802,11,8,77.0,,17,71,0,107.18,107.18,7.66,False,False,15889
Craig Morton,1979,DEN,14,204,370,2626,16,19,70.6,,23,13,1,138.34,138.34,9.88,False,False,15889
Craig Morton,1980,DEN,12,183,301,2150,12,13,77.8,,21,29,1,116.9,116.9,9.74,False,False,15889
Craig Morton,1981,DEN,15,225,376,3195,21,14,90.5,,8,18,0,185.6,185.6,12.37,False,False,15889
Craig Morton,1982,DEN,3,18,26,193,0,3,51.1,3,0,0,0,1.72,1.72,0.57,False,False,15889
Dan Fouts,1973,SDG,10,87,194,1126,6,13,46.0,,7,32,0,46.24,46.24,4.62,True,True,7204
Dan Fouts,1974,SDG,11,115,237,1732,8,13,61.4,,19,63,1,87.58,87.58,7.96,True,True,7204
Dan Fouts,1975,SDG,10,106,195,1396,2,10,59.3,,23,170,2,72.84,72.84,7.28,True,True,7204
Dan Fouts,1976,SDG,14,208,359,2535,14,15,75.4,,18,65,0,133.9,133.9,9.56,True,True,7204
Dan Fouts,1977,SDG,4,69,109,869,4,6,77.4,,6,13,0,40.06,40.06,10.01,True,True,7204
Dan Fouts,1978,SDG,15,224,381,2999,24,20,83.0,,20,43,2,192.26,192.26,12.82,True,True,7204
Dan Fouts,1979,SDG,16,332,530,4082,24,24,82.6,,26,49,2,228.18,228.18,14.26,True,True,7204
Dan Fouts,1980,SDG,16,348,589,4715,30,24,84.7,,23,15,2,274.1,274.1,17.13,True,True,7204
Dan Fouts,1981,SDG,16,360,609,4802,33,17,90.6,,22,56,0,295.68,295.68,18.48,True,True,7204
Dan Fouts,1982,SDG,9,204,330,2883,17,11,93.3,12,9,8,1,168.12,168.12,18.68,True,True,7204
Dan Fouts,1983,SDG,10,215,340,2975,20,15,92.5,14,12,-5,1,174.5,174.5,17.45,True,True,7204
Dan Fouts,1984,SDG,13,317,507,3740,19,17,83.4,29,12,-29,0,188.7,189.7,14.59,True,True,7204
Dan Fouts,1985,SDG,14,254,430,3638,27,20,88.1,18,11,-1,0,213.42,213.42,15.24,True,True,7204
Dan Fouts,1986,SDG,12,252,430,3031,16,22,71.4,21,4,-3,0,140.94,140.94,11.74,True,True,7204
Dan Fouts,1987,SDG,11,206,364,2517,10,15,70.0,24,12,0,2,122.68,122.68,11.15,True,True,7204
Dan Marino,1983,MIA,11,173,296,2210,20,6,96.0,10,28,45,2,172.9,172.9,15.72,True,True,14047
Dan Marino,1984,MIA,16,362,564,5084,48,17,108.9,13,28,-7,0,360.66,360.66,22.54,True,True,14047
Dan Marino,1985,MIA,16,336,567,4137,30,21,84.1,18,26,-24,0,241.08,241.08,15.07,True,True,14047
Dan Marino,1986,MIA,16,378,623,4746,44,23,92.5,17,12,-3,0,319.54,319.54,19.97,True,True,14047
Dan Marino,1987,MIA,12,263,444,3245,26,13,89.2,9,12,-5,1,213.3,213.3,17.78,True,True,14047
Dan Marino,1988,MIA,16,354,606,4434,28,23,80.8,6,20,-17,0,241.66,241.66,15.1,True,True,14047
Dan Marino,1989,MIA,16,308,550,3997,24,22,76.9,10,14,-7,2,223.18,223.18,13.95,True,True,14047
Dan Marino,1990,MIA,16,306,531,3563,21,11,82.6,15,16,29,0,207.42,207.42,12.96,True,True,14047
Dan Marino,1991,MIA,16,318,549,3970,25,13,85.8,27,27,32,1,242.0,242.0,15.13,True,True,14047
Dan Marino,1992,MIA,16,330,554,4116,24,16,85.1,28,20,66,0,235.24,235.24,14.7,True,True,14047
Dan Marino,1993,MIA,5,91,150,1218,8,3,95.9,7,9,-4,1,80.32,80.32,16.06,True,True,14047
Dan Marino,1994,MIA,16,385,615,4453,30,17,89.2,18,22,-6,1,269.52,269.52,16.84,True,True,14047
Dan Marino,1995,MIA,14,309,482,3668,24,15,90.8,22,11,14,0,213.52,214.52,15.32,True,True,14047
Dan Marino,1996,MIA,13,221,373,2795,17,9,87.8,18,11,-3,0,161.5,161.5,12.42,True,True,14047
Dan Marino,1997,MIA,16,319,548,3780,16,11,80.7,20,18,-14,0,191.8,191.8,11.99,True,True,14047
Dan Marino,1998,MIA,16,310,537,3497,23,15,80.0,23,21,-3,1,207.58,207.58,12.97,True,True,14047
Dan Marino,1999,MIA,11,204,369,2448,12,17,67.4,9,6,-6,0,111.32,111.32,10.12,True,True,14047
Dan Pastorini,1971,HOU,14,127,270,1702,7,21,43.8,,26,140,3,86.08,86.08,6.15,False,False,17179
Dan Pastorini,1972,HOU,14,144,299,1711,7,12,57.1,,38,205,2,104.94,104.94,7.5,False,False,17179
Dan Pastorini,1973,HOU,14,154,290,1482,5,17,49.0,,31,102,0,55.48,55.48,3.96,False,False,17179
Dan Pastorini,1974,HOU,11,140,247,1571,10,10,72.4,,24,-6,0,82.24,82.24,7.48,False,False,17179
Dan Pastorini,1975,HOU,14,163,342,2053,14,16,61.0,,23,97,1,121.82,121.82,8.7,False,False,17179
Dan Pastorini,1976,HOU,13,167,309,1795,10,10,68.6,,11,45,0,96.3,96.3,7.41,False,False,17179
Dan Pastorini,1977,HOU,14,169,319,1987,13,18,62.3,,18,39,2,111.38,111.38,7.96,False,False,17179
Dan Pastorini,1978,HOU,16,199,368,2473,16,17,70.4,,18,11,0,130.02,130.02,8.13,False,False,17179
Dan Pastorini,1979,HOU,15,163,324,2090,14,18,62.1,,15,23,0,105.9,105.9,7.06,False,False,17179
Dan Pastorini,1980,OAK,5,66,130,932,5,8,61.4,,4,24,0,43.68,43.68,8.74,False,False,17179
Dan Pastorini,1981,RAM,7,64,152,719,2,14,22.9,,7,5,0,9.26,9.26,1.32,False,False,17179
Dan Pastorini,1983,PHI,3,0,5,0,0,0,39.6,0,1,0,0,0.0,0.0,0.0,False,False,17179
Danny White,1976,DAL,14,13,20,213,2,2,94.4,,6,17,0,14.22,14.22,1.02,False,False,23756
Danny White,1977,DAL,14,4,10,35,0,1,10.4,,1,-2,0,-0.8,-0.8,-0.06,False,False,23756
Danny White,1978,DAL,16,20,34,215,0,1,65.2,,5,7,0,7.3,7.3,0.46,False,False,23756
Danny White,1979,DAL,16,19,39,267,1,2,58.4,,1,25,0,13.18,13.18,0.82,False,False,23756
Danny White,1980,DAL,16,260,436,3287,28,25,80.7,,27,114,1,209.98,210.98,13.19,False,False,23756
Danny White,1981,DAL,16,223,391,3098,22,13,87.5,,38,104,0,196.32,196.32,12.27,False,False,23756
Danny White,1982,DAL,9,156,247,2079,16,12,91.1,25,17,91,0,132.26,132.26,14.7,False,False,23756
Danny White,1983,DAL,16,334,533,3980,29,23,85.6,37,18,31,4,263.8,264.8,16.55,False,False,23756
Danny White,1984,DAL,14,126,233,1580,11,11,71.5,22,6,21,0,87.3,87.3,6.24,False,False,23756
Danny White,1985,DAL,14,267,450,3157,21,17,80.6,30,22,44,1,193.88,194.88,13.92,False,False,23756
Danny White,1986,DAL,7,95,153,1157,12,5,97.9,10,8,16,1,91.88,91.88,13.13,False,False,23756
Danny White,1987,DAL,11,215,362,2617,12,17,73.2,44,10,14,1,126.08,126.08,11.46,False,False,23756
Danny White,1988,DAL,3,29,42,274,1,3,65.0,5,0,0,0,8.96,8.96,2.99,False,False,23756
Daryle Lamonica,1963,BUF,13,33,71,437,3,4,57.1,,9,8,0,22.28,22.28,1.71,False,False,12808
Daryle Lamonica,1964,BUF,13,55,126,1137,6,8,65.5,,55,289,6,118.38,118.38,9.11,False,False,12808
Daryle Lamonica,1965,BUF,10,29,70,376,3,6,37.6,,10,30,1,24.04,24.04,2.4,False,False,12808
Daryle Lamonica,1966,BUF,10,33,84,549,4,5,53.1,,9,6,1,34.56,34.56,3.46,False,False,12808
Daryle Lamonica,1967,OAK,14,220,425,3228,30,20,80.8,,22,110,4,244.12,244.12,17.44,False,False,12808
Daryle Lamonica,1968,OAK,13,206,416,3245,25,15,80.9,,19,98,1,215.6,215.6,16.58,False,False,12808
Daryle Lamonica,1969,OAK,14,221,426,3302,34,25,79.8,,13,36,1,227.68,227.68,16.26,False,False,12808
Daryle Lamonica,1970,OAK,14,179,356,2516,22,15,76.5,,8,24,0,161.04,161.04,11.5,False,False,12808
Daryle Lamonica,1971,OAK,14,118,242,1717,16,16,66.8,,4,16,0,102.28,102.28,7.31,False,False,12808
Daryle Lamonica,1972,OAK,14,149,281,1998,18,12,79.5,,10,33,0,131.22,131.22,9.37,False,False,12808
Daryle Lamonica,1973,OAK,8,42,93,614,2,8,38.6,,5,-7,0,15.86,15.86,1.98,False,False,12808
Daryle Lamonica,1974,OAK,4,3,9,35,1,4,43.5,,2,-3,0,-2.9,-2.9,-0.73,False,False,12808
Dave Brown,1992,NYG,2,4,7,21,0,0,62.2,4,2,-1,0,0.74,0.74,0.37,False,False,2594
Dave Brown,1993,NYG,1,0,0,0,0,0,,0,3,-4,0,-0.4,-0.4,-0.4,False,False,2594
Dave Brown,1994,NYG,15,201,350,2536,12,16,72.5,32,60,196,2,149.04,149.04,9.94,False,False,2594
Dave Brown,1995,NYG,16,254,456,2814,11,10,73.1,44,45,228,4,183.36,183.36,11.46,False,False,2594
Dave Brown,1996,NYG,16,214,398,2412,12,20,61.3,49,50,170,0,121.48,121.48,7.59,False,False,2594
Dave Brown,1997,NYG,7,93,180,1023,5,3,71.1,13,17,29,1,63.82,63.82,9.12,False,False,2594
Dave Brown,1998,ARI,1,2,5,31,0,0,61.3,1,1,2,0,1.44,1.44,1.44,False,False,2594
Dave Brown,1999,ARI,10,84,169,944,2,6,55.9,18,13,49,0,38.66,38.66,3.87,False,False,2594
Dave Krieg,1980,SEA,1,0,2,0,0,0,39.6,,0,0,0,0.0,0.0,0.0,False,False,12634
Dave Krieg,1981,SEA,7,64,112,843,7,5,83.3,,11,56,1,63.32,63.32,9.05,False,False,12634
Dave Krieg,1982,SEA,3,49,78,501,2,2,79.1,16,6,-3,0,23.74,23.74,7.91,False,False,12634
Dave Krieg,1983,SEA,9,147,243,2139,18,11,95.0,38,16,55,2,154.16,155.16,17.24,False,False,12634
Dave Krieg,1984,SEA,16,276,480,3671,32,24,83.3,40,46,186,3,263.44,263.44,16.46,False,False,12634
Dave Krieg,1985,SEA,16,285,532,3602,27,20,76.2,52,35,121,1,230.18,230.18,14.39,False,False,12634
Dave Krieg,1986,SEA,15,225,375,2921,21,11,91.0,35,35,122,1,197.04,197.04,13.14,False,False,12634
Dave Krieg,1987,SEA,12,178,294,2131,23,15,87.6,27,36,155,2,174.74,174.74,14.56,False,False,12634
Dave Krieg,1988,SEA,9,134,228,1741,18,8,94.6,12,24,64,0,132.04,132.04,14.67,False,False,12634
Dave Krieg,1989,SEA,15,286,499,3309,21,20,74.8,37,40,160,0,192.36,192.36,12.82,False,False,12634
Dave Krieg,1990,SEA,16,265,448,3194,15,20,73.6,40,32,115,0,158.66,159.66,9.98,False,False,12634
Dave Krieg,1991,SEA,10,187,285,2080,11,12,82.5,32,13,59,0,109.1,109.1,10.91,False,False,12634
Dave Krieg,1992,KAN,16,230,413,3115,15,12,79.9,48,37,74,2,180.0,180.0,11.25,False,False,12634
Dave Krieg,1993,KAN,12,105,189,1238,7,3,81.4,22,21,24,0,73.92,73.92,6.16,False,False,12634
Dave Krieg,1994,DET,14,131,212,1629,14,3,101.7,14,23,35,0,118.66,118.66,8.48,False,False,12634
Dave Krieg,1995,ARI,16,304,521,3554,16,21,72.6,53,19,29,0,167.06,167.06,10.44,False,False,12634
Dave Krieg,1996,CHI,13,226,377,2278,14,12,76.3,14,16,12,1,130.82,131.82,10.14,False,False,12634
Dave Krieg,1997,TEN,8,1,2,2,0,0,56.2,0,4,-2,0,-0.12,-0.12,-0.02,False,False,12634
Dave Krieg,1998,TEN,5,12,21,199,0,0,89.2,2,3,-1,0,7.86,7.86,1.57,False,False,12634
Dave Wilson,1981,NOR,11,82,159,1058,1,11,46.1,,5,1,0,24.42,24.42,2.22,False,False,24358
Dave Wilson,1983,NOR,8,66,112,770,5,7,68.7,17,5,3,1,43.1,43.1,5.39,False,False,24358
Dave Wilson,1984,NOR,5,51,93,647,7,4,83.9,7,3,-7,0,45.18,45.18,9.04,False,False,24358
Dave Wilson,1985,NOR,10,145,293,1843,11,15,60.7,39,18,7,0,88.42,88.42,8.84,False,False,24358
Dave Wilson,1986,NOR,14,189,342,2353,10,17,65.8,22,14,19,1,108.02,108.02,7.72,False,False,24358
Dave Wilson,1987,NOR,4,13,24,243,2,0,117.2,2,0,0,0,17.72,17.72,4.43,False,False,24358
Dave Wilson,1988,NOR,1,5,16,73,0,1,21.1,0,0,0,0,0.92,0.92,0.92,False,False,24358
David Whitehurst,1977,GNB,7,50,105,634,1,7,42.3,,14,55,1,26.86,26.86,3.84,False,False,23836
David Whitehurst,1978,GNB,16,168,328,2093,10,17,59.9,,28,67,1,102.42,102.42,6.4,False,False,23836
David Whitehurst,1979,GNB,13,179,322,2247,10,18,64.5,,18,73,4,125.18,125.18,9.63,False,False,23836
David Whitehurst,1980,GNB,2,5,15,55,0,1,17.4,,0,0,0,0.2,0.2,0.1,False,False,23836
David Whitehurst,1981,GNB,9,66,128,792,7,5,72.8,,15,51,1,60.78,60.78,6.75,False,False,23836
David Whitehurst,1982,GNB,3,18,47,235,0,1,46.0,7,0,0,0,7.4,7.4,2.47,False,False,23836
David Whitehurst,1983,GNB,4,18,35,149,0,2,38.9,2,2,-4,0,1.56,1.56,0.39,False,False,23836
David Woodley,1980,MIA,13,176,327,1850,14,17,63.1,,55,214,3,135.4,135.4,10.42,False,False,24618
David Woodley,1981,MIA,15,191,366,2470,12,13,69.8,,63,272,4,172.0,172.0,11.47,False,False,24618
David Woodley,1982,MIA,9,98,179,1080,5,8,63.5,10,36,207,2,87.4,88.4,9.82,False,False,24618
David Woodley,1983,MIA,5,43,89,528,3,4,59.6,10,19,78,0,33.52,34.52,6.9,False,False,24618
David Woodley,1984,PIT,7,85,156,1273,8,7,79.9,10,11,14,0,70.32,70.32,10.05,False,False,24618
David Woodley,1985,PIT,9,94,183,1357,6,14,54.8,13,17,71,2,69.38,69.38,7.71,False,False,24618
Dennis Shaw,1970,BUF,14,178,321,2507,10,20,65.3,,39,210,0,121.28,121.28,8.66,False,False,20024
Dennis Shaw,1971,BUF,13,149,291,1813,11,26,46.1,,14,82,0,72.72,72.72,5.59,False,False,20024
Dennis Shaw,1972,BUF,14,136,258,1666,14,17,63.5,,35,138,0,102.44,102.44,7.32,False,False,20024
Dennis Shaw,1973,BUF,4,22,46,300,0,4,32.9,,4,2,0,4.2,4.2,1.05,False,False,20024
Dennis Shaw,1974,STL,2,0,0,0,0,0,,,0,0,0,0.0,0.0,0.0,False,False,20024
Dennis Shaw,1975,STL,3,4,8,61,0,1,35.9,,3,-12,0,-0.76,-0.76,-0.25,False,False,20024
Dick Wood,1962,SDG,6,41,97,655,4,7,49.1,,1,0,0,28.2,28.2,4.7,False,False,24592
Dick Wood,1963,NYJ,11,160,352,2204,18,19,60.6,,7,17,1,129.86,129.86,11.81,False,False,24592
Dick Wood,1964,NYJ,13,169,358,2298,17,25,54.9,,8,6,1,116.52,116.52,8.96,False,False,24592
Dick Wood,1965,OAK,7,69,157,1003,8,6,66.4,,4,16,1,67.72,67.72,9.67,False,False,24592
Dick Wood,1966,MIA,10,83,230,993,4,14,30.6,,5,6,1,34.32,34.32,3.43,False,False,24592
Don Majkowski,1987,GNB,7,55,127,875,5,3,70.2,10,15,127,0,61.7,61.7,8.81,False,False,13900
Don Majkowski,1988,GNB,13,178,336,2119,9,11,67.8,31,47,225,1,127.26,127.26,9.79,False,False,13900
Don Majkowski,1989,GNB,16,353,599,4318,27,20,82.3,47,75,358,5,306.52,306.52,19.16,False,False,13900
Don Majkowski,1990,GNB,9,150,264,1925,10,12,73.5,32,29,186,1,117.6,117.6,13.07,False,False,13900
Don Majkowski,1991,GNB,9,115,226,1362,3,8,59.3,30,25,108,2,73.28,73.28,8.14,False,False,13900
Don Majkowski,1992,GNB,14,38,55,271,2,2,77.2,9,8,33,0,18.14,18.14,1.3,False,False,13900
Don Majkowski,1993,IND,3,13,24,105,0,1,48.1,1,2,4,0,2.6,2.6,0.87,False,False,13900
Don Majkowski,1994,IND,9,84,152,1010,6,7,69.8,9,24,34,3,71.8,71.8,7.98,False,False,13900
Don Majkowski,1995,DET,5,15,20,161,1,0,114.8,1,9,1,0,10.54,10.54,2.11,False,False,13900
Don Majkowski,1996,DET,5,55,102,554,3,3,67.2,10,14,38,0,31.96,31.96,6.39,False,False,13900
Don Meredith,1960,DAL,5,29,68,281,2,5,34.0,,3,4,0,9.64,9.64,1.93,False,False,15126
Don Meredith,1961,DAL,8,94,182,1161,9,11,63.0,,22,176,1,84.04,84.04,10.51,False,False,15126
Don Meredith,1962,DAL,13,105,212,1679,15,8,84.2,,21,74,0,118.56,118.56,9.12,False,False,15126
Don Meredith,1963,DAL,14,167,310,2381,17,18,73.1,,41,185,3,163.74,163.74,11.7,False,False,15126
Don Meredith,1964,DAL,12,158,323,2143,9,16,59.1,,32,81,4,121.82,121.82,10.15,False,False,15126
Don Meredith,1965,DAL,12,141,305,2415,22,13,79.9,,35,247,1,189.3,189.3,15.78,False,False,15126
Don Meredith,1966,DAL,13,177,344,2805,24,12,87.7,,38,242,5,238.4,238.4,18.34,False,False,15126
Don Meredith,1967,DAL,11,128,255,1834,16,16,68.7,,28,84,0,113.76,113.76,10.34,False,False,15126
Don Meredith,1968,DAL,13,171,309,2500,21,12,88.4,,22,123,1,178.3,178.3,13.72,False,False,15126
Don Strock,1974,MIA,1,0,0,0,0,0,,,1,-7,0,-0.7,-0.7,-0.7,False,False,21451
Don Strock,1975,MIA,5,26,45,230,2,2,67.8,,6,38,1,23.0,23.0,4.6,False,False,21451
Don Strock,1976,MIA,3,21,47,359,3,2,74.7,,2,13,1,29.66,29.66,9.89,False,False,21451
Don Strock,1977,MIA,2,2,4,12,0,1,16.7,,0,0,0,-1.52,-1.52,-0.76,False,False,21451
Don Strock,1978,MIA,9,72,135,825,12,6,83.1,,10,23,0,71.3,71.3,7.92,False,False,21451
Don Strock,1979,MIA,7,56,100,830,6,6,78.3,,3,18,0,47.0,47.0,6.71,False,False,21451
Don Strock,1980,MIA,5,30,62,313,1,5,35.2,,1,-3,0,6.22,6.22,1.24,False,False,21451
Don Strock,1981,MIA,16,79,130,901,6,8,71.3,,14,-26,0,41.44,41.44,2.59,False,False,21451
Don Strock,1982,MIA,9,30,55,306,2,5,45.0,1,3,-9,0,9.34,9.34,1.04,False,False,21451
Don Strock,1983,MIA,15,34,52,403,4,1,106.5,3,6,-16,0,28.52,28.52,1.9,False,False,21451
Don Strock,1984,MIA,16,4,6,27,0,0,76.4,0,2,-5,0,0.58,0.58,0.04,False,False,21451
Don Strock,1985,MIA,16,7,9,141,1,0,155.8,0,2,-6,0,9.04,9.04,0.56,False,False,21451
Don Strock,1986,MIA,16,14,20,152,2,0,125.4,0,1,0,0,14.08,14.08,0.88,False,False,21451
Don Strock,1987,MIA,12,13,23,114,0,1,51.7,0,0,0,0,2.56,2.56,0.21,False,False,21451
Don Strock,1988,CLE,4,55,91,736,6,5,85.2,4,6,-2,0,43.24,43.24,10.81,False,False,21451
Doug Flutie,1986,CHI,4,23,46,361,3,2,80.1,6,9,36,1,32.04,32.04,8.01,False,False,7072
Doug Flutie,1987,CHI/NWE,2,15,25,199,1,0,98.6,1,6,43,0,16.26,16.26,8.13,False,False,7072
Doug Flutie,1988,NWE,11,92,179,1150,8,10,63.3,11,38,179,1,81.9,81.9,7.45,False,False,7072
Doug Flutie,1989,NWE,5,36,91,493,2,4,46.6,6,16,87,0,28.42,28.42,5.68,False,False,7072
Doug Flutie,1998,BUF,13,202,354,2711,20,11,87.4,11,48,248,1,197.24,197.24,15.17,False,False,7072
Doug Flutie,1999,BUF,15,264,478,3171,19,16,75.1,26,88,476,1,224.44,224.44,14.96,False,False,7072
Doug Williams,1978,TAM,10,73,194,1170,7,8,53.4,,27,23,1,67.1,67.1,6.71,False,False,24057
Doug Williams,1979,TAM,16,166,397,2448,18,24,52.5,,35,119,2,145.82,145.82,9.11,False,False,24057
Doug Williams,1980,TAM,16,254,521,3396,20,16,69.9,,58,370,4,244.84,244.84,15.3,False,False,24057
Doug Williams,1981,TAM,16,238,471,3563,19,14,76.8,,48,209,4,235.42,235.42,14.71,False,False,24057
Doug Williams,1982,TAM,9,164,307,2071,9,11,69.6,11,35,158,2,124.64,124.64,13.85,False,False,24057
Doug Williams,1986,WAS,1,0,1,0,0,0,39.6,0,0,0,0,0.0,0.0,0.0,False,False,24057
Doug Williams,1987,WAS,5,81,143,1156,11,5,94.0,7,7,9,1,87.14,87.14,17.43,False,False,24057
Doug Williams,1988,WAS,11,213,380,2609,15,12,77.4,10,9,0,1,146.36,146.36,13.31,False,False,24057
Doug Williams,1989,WAS,4,51,93,585,1,3,64.1,2,1,-4,0,21.0,21.0,5.25,False,False,24057
Drew Bledsoe,1993,NWE,13,214,429,2494,15,15,65.0,16,32,82,0,137.96,137.96,10.61,False,False,1867
Drew Bledsoe,1994,NWE,16,400,691,4555,25,27,73.6,22,44,40,0,232.2,232.2,14.51,False,False,1867
Drew Bledsoe,1995,NWE,15,323,636,3507,13,16,63.7,23,20,28,0,162.18,163.18,10.88,False,False,1867
Drew Bledsoe,1996,NWE,16,373,623,4086,27,15,83.7,30,24,27,0,244.14,244.14,15.26,False,False,1867
Drew Bledsoe,1997,NWE,16,314,522,3706,28,15,87.7,30,28,55,0,235.74,235.74,14.73,False,False,1867
Drew Bledsoe,1998,NWE,14,263,481,3633,20,14,80.9,36,28,44,0,201.72,201.72,14.41,False,False,1867
Drew Bledsoe,1999,NWE,16,305,539,3985,19,21,75.6,55,42,101,0,203.5,203.5,12.72,False,False,1867
Earl Morrall,1956,SFO,10,38,78,621,1,6,48.1,,6,10,0,17.84,17.84,1.78,False,False,15815
Earl Morrall,1957,PIT,12,139,289,1900,11,12,64.9,,41,81,2,116.1,116.1,9.67,False,False,15815
Earl Morrall,1958,PIT/DET,8,25,77,463,5,9,36.3,,11,80,0,28.52,28.52,3.56,False,False,15815
Earl Morrall,1959,DET,11,65,137,1102,5,6,69.1,,26,112,0,63.28,63.28,5.75,False,False,15815
Earl Morrall,1960,DET,5,32,49,423,4,3,94.2,,10,37,1,36.62,36.62,7.32,False,False,15815
Earl Morrall,1961,DET,12,69,150,909,7,9,56.2,,20,86,0,54.96,54.96,4.58,False,False,15815
Earl Morrall,1962,DET,8,32,52,449,4,4,82.9,,17,65,1,38.46,38.46,4.81,False,False,15815
Earl Morrall,1963,DET,14,174,328,2621,24,14,86.2,,26,105,1,189.34,189.34,13.52,False,False,15815
Earl Morrall,1964,DET,5,50,91,588,4,3,75.7,,10,70,0,40.52,40.52,8.1,False,False,15815
Earl Morrall,1965,NYG,14,155,302,2446,22,12,86.3,,17,52,0,167.04,167.04,11.93,False,False,15815
Earl Morrall,1966,NYG,7,71,151,1105,7,12,54.1,,5,12,0,49.4,49.4,7.06,False,False,15815
Earl Morrall,1967,NYG,8,13,24,181,3,1,100.9,,4,11,1,24.34,24.34,3.04,False,False,15815
Earl Morrall,1968,BAL,14,182,317,2909,26,17,93.2,,11,18,1,194.16,194.16,13.87,False,False,15815
Earl Morrall,1969,BAL,6,46,99,755,5,7,60.0,,0,0,0,36.2,36.2,6.03,False,False,15815
Earl Morrall,1970,BAL,14,51,93,792,9,4,97.6,,2,6,0,60.28,60.28,4.31,False,False,15815
Earl Morrall,1971,BAL,14,84,167,1210,7,12,58.2,,6,13,0,53.7,53.7,3.84,False,False,15815
Earl Morrall,1972,MIA,14,83,150,1360,11,7,91.0,,17,67,1,97.1,97.1,6.94,False,False,15815
Earl Morrall,1973,MIA,14,17,38,253,0,4,27.5,,1,9,0,3.02,3.02,0.22,False,False,15815
Earl Morrall,1974,MIA,14,17,27,301,2,3,86.1,,1,11,0,15.14,15.14,1.08,False,False,15815
Earl Morrall,1975,MIA,13,26,43,273,3,2,82.8,,4,33,0,22.22,22.22,1.71,False,False,15815
Earl Morrall,1976,MIA,14,10,26,148,1,1,54.6,,0,0,0,7.92,7.92,0.57,False,False,15815
Ed Brown,1954,CHI,7,10,17,283,3,1,118.3,,9,36,0,24.92,24.92,3.56,False,False,2609
Ed Brown,1955,CHI,12,85,164,1307,9,10,71.4,,43,203,2,100.58,100.58,8.38,False,False,2609
Ed Brown,1956,CHI,12,96,168,1667,11,12,83.1,,40,164,1,109.08,109.08,9.09,False,False,2609
Ed Brown,1957,CHI,12,84,185,1321,6,16,44.4,,31,129,1,63.74,63.74,5.31,False,False,2609
Ed Brown,1958,CHI,12,102,218,1418,10,17,51.0,,32,94,3,90.12,90.12,7.51,False,False,2609
Ed Brown,1959,CHI,12,125,247,1881,13,10,76.7,,33,108,1,124.04,124.04,10.34,False,False,2609
Ed Brown,1960,CHI,12,59,149,1079,7,11,50.2,,19,89,2,69.46,70.46,5.87,False,False,2609
Ed Brown,1961,CHI,14,46,98,742,4,11,46.8,,13,18,0,29.48,29.48,2.11,False,False,2609
Ed Brown,1962,PIT,14,43,84,726,5,6,70.8,,2,-8,0,36.24,36.24,2.59,False,False,2609
Ed Brown,1963,PIT,14,168,362,2982,21,20,71.4,,15,20,2,177.28,177.28,12.66,False,False,2609
Ed Brown,1964,PIT,14,121,272,1990,12,19,55.2,,26,110,2,112.6,112.6,8.04,False,False,2609
Ed Brown,1965,PIT/BAL,4,10,23,204,1,5,50.2,,2,-3,0,1.86,1.86,0.46,False,False,2609
Eddie LeBaron,1952,WAS,12,95,194,1420,14,15,65.2,,43,164,2,111.2,111.2,9.27,False,False,13047
Eddie LeBaron,1953,WAS,12,62,149,874,3,17,28.3,,17,78,2,32.76,32.76,2.73,False,False,13047
Eddie LeBaron,1955,WAS,12,79,178,1270,9,15,50.5,,37,190,4,99.8,99.8,8.32,False,False,13047
Eddie LeBaron,1956,WAS,10,47,98,554,3,10,36.2,,11,6,0,14.76,14.76,1.48,False,False,13047
Eddie LeBaron,1957,WAS,12,99,167,1508,11,10,86.1,,20,-12,0,83.12,83.12,6.93,False,False,13047
Eddie LeBaron,1958,WAS,11,79,145,1365,11,10,83.3,,12,30,0,81.6,81.6,7.42,False,False,13047
Eddie LeBaron,1959,WAS,10,77,173,1077,8,11,54.0,,13,7,0,53.78,53.78,5.38,False,False,13047
Eddie LeBaron,1960,DAL,11,111,225,1736,12,25,53.5,,17,94,1,82.84,82.84,7.53,False,False,13047
Eddie LeBaron,1961,DAL,13,120,236,1741,14,16,66.7,,20,72,0,100.84,100.84,7.76,False,False,13047
Eddie LeBaron,1962,DAL,12,95,166,1436,16,9,95.4,,6,-1,0,103.34,103.34,8.61,False,False,13047
Eddie LeBaron,1963,DAL,9,33,65,418,3,3,67.3,,2,5,0,23.22,23.22,2.58,False,False,13047
Elvis Grbac,1994,SFO,11,35,50,393,2,1,98.2,4,13,1,0,21.82,21.82,1.98,False,False,8331
Elvis Grbac,1995,SFO,16,127,183,1469,8,5,96.6,6,20,33,2,96.06,96.06,6.0,False,False,8331
Elvis Grbac,1996,SFO,15,122,197,1236,8,10,72.2,6,23,21,2,75.54,75.54,5.04,False,False,8331
Elvis Grbac,1997,KAN,10,179,314,1943,11,6,79.1,19,30,168,1,132.52,132.52,13.25,False,False,8331
Elvis Grbac,1998,KAN,8,98,188,1142,5,12,53.1,11,7,27,0,44.38,44.38,5.55,False,False,8331
Elvis Grbac,1999,KAN,16,294,499,3389,22,15,81.7,26,19,10,0,194.56,194.56,12.16,False,False,8331
Eric Hipple,1980,DET,15,0,0,0,0,0,,,0,0,0,0.0,0.0,0.0,False,False,9945
Eric Hipple,1981,DET,16,140,279,2358,14,15,73.4,,41,168,7,179.12,179.12,11.2,False,False,9945
Eric Hipple,1982,DET,9,36,86,411,2,4,45.3,11,10,57,0,22.14,22.14,2.46,False,False,9945
Eric Hipple,1983,DET,16,204,387,2577,12,18,64.7,37,41,171,3,150.18,150.18,9.39,False,False,9945
Eric Hipple,1984,DET,8,16,38,246,1,1,62.0,7,2,3,0,12.14,12.14,1.52,False,False,9945
Eric Hipple,1985,DET,16,223,406,2952,17,18,73.6,49,32,89,2,170.98,170.98,10.69,False,False,9945
Eric Hipple,1986,DET,16,192,305,1919,9,11,75.6,21,16,46,0,95.36,95.36,5.96,False,False,9945
Eric Hipple,1988,DET,5,12,27,158,0,0,63.5,3,1,5,0,6.82,6.82,1.36,False,False,9945
Eric Hipple,1989,DET,1,7,18,90,0,3,15.7,5,2,11,1,4.7,4.7,4.7,False,False,9945
Erik Kramer,1987,ATL,3,45,92,559,4,5,60.0,10,2,10,0,29.36,29.36,9.79,False,False,12592
Erik Kramer,1991,DET,13,136,265,1635,11,8,71.8,14,35,26,1,102.0,102.0,7.85,False,False,12592
Erik Kramer,1992,DET,7,58,106,771,4,8,59.1,15,12,34,0,34.24,34.24,4.89,False,False,12592
Erik Kramer,1993,DET,5,87,138,1002,8,3,95.1,5,10,5,0,66.58,66.58,13.32,False,False,12592
Erik Kramer,1994,CHI,6,99,158,1129,8,8,79.9,14,6,-2,0,60.96,60.96,10.16,False,False,12592
Erik Kramer,1995,CHI,16,315,522,3838,29,10,93.5,15,35,39,1,259.42,259.42,16.21,False,False,12592
Erik Kramer,1996,CHI,4,73,150,781,3,6,54.3,7,8,4,0,31.64,31.64,7.91,False,False,12592
Erik Kramer,1997,CHI,15,275,477,3011,14,14,74.0,25,27,83,2,168.74,168.74,11.25,False,False,12592
Erik Kramer,1998,CHI,8,151,250,1823,9,7,83.1,10,13,17,1,102.62,102.62,12.83,False,False,12592
Erik Kramer,1999,SDG,6,78,141,788,2,10,46.6,7,5,1,0,19.62,19.62,3.27,False,False,12592
Fran Tarkenton,1961,MIN,13,157,280,1997,18,17,74.7,,56,308,5,178.68,178.68,13.74,True,True,21781
Fran Tarkenton,1962,MIN,14,163,329,2595,22,25,66.9,,41,361,2,189.9,189.9,13.56,True,True,21781
Fran Tarkenton,1963,MIN,13,170,297,2311,15,15,78.0,,28,162,1,144.64,144.64,11.13,True,True,21781
Fran Tarkenton,1964,MIN,14,171,306,2506,22,11,91.8,,50,330,2,211.24,211.24,15.09,True,True,21781
Fran Tarkenton,1965,MIN,14,171,329,2609,19,11,83.8,,56,356,1,199.96,199.96,14.28,True,True,21781
Fran Tarkenton,1966,MIN,13,192,358,2561,17,16,73.8,,62,376,4,200.04,200.04,15.39,True,True,21781
Fran Tarkenton,1967,NYG,14,204,377,3088,29,19,85.9,,44,306,2,244.12,244.12,17.44,True,True,21781
Fran Tarkenton,1968,NYG,14,182,337,2555,21,12,84.6,,57,301,3,210.3,210.3,15.02,True,True,21781
Fran Tarkenton,1969,NYG,14,220,409,2918,23,8,87.2,,37,172,0,209.92,209.92,14.99,True,True,21781
Fran Tarkenton,1970,NYG,14,219,389,2777,19,12,82.2,,43,236,2,198.68,198.68,14.19,True,True,21781
Fran Tarkenton,1971,NYG,13,226,386,2567,11,21,65.4,,30,111,3,133.78,133.78,10.29,True,True,21781
Fran Tarkenton,1972,MIN,14,215,378,2651,18,13,80.2,,27,180,0,170.04,170.04,12.15,True,True,21781
Fran Tarkenton,1973,MIN,14,169,274,2113,15,7,93.2,,41,202,1,156.72,156.72,11.19,True,True,21781
Fran Tarkenton,1974,MIN,13,199,351,2598,17,12,82.1,,21,120,2,171.92,171.92,13.22,True,True,21781
Fran Tarkenton,1975,MIN,14,273,425,2994,25,13,91.8,,16,108,2,216.56,216.56,15.47,True,True,21781
Fran Tarkenton,1976,MIN,13,255,412,2961,17,8,89.3,,27,45,1,180.94,180.94,13.92,True,True,21781
Fran Tarkenton,1977,MIN,9,155,258,1734,9,14,69.2,,15,6,0,77.96,77.96,8.66,True,True,21781
Fran Tarkenton,1978,MIN,16,345,572,3468,25,32,68.9,,24,-6,1,180.12,180.12,11.26,True,True,21781
Frank Reich,1985,BUF,1,1,1,19,0,0,118.8,0,0,0,0,0.76,0.76,0.76,False,False,18410
Frank Reich,1986,BUF,3,9,19,104,0,2,24.8,2,1,0,0,0.16,0.16,0.05,False,False,18410
Frank Reich,1988,BUF,3,0,0,0,0,0,,0,3,-3,0,-0.3,-0.3,-0.1,False,False,18410
Frank Reich,1989,BUF,7,53,87,701,7,2,103.7,4,9,30,0,55.04,55.04,7.86,False,False,18410
Frank Reich,1990,BUF,16,36,63,469,2,0,91.3,6,15,24,0,29.16,29.16,1.82,False,False,18410
Frank Reich,1991,BUF,16,27,41,305,6,2,107.2,4,13,6,0,32.8,32.8,2.05,False,False,18410
Frank Reich,1992,BUF,16,24,47,221,0,2,46.5,9,9,-9,0,3.94,3.94,0.25,False,False,18410
Frank Reich,1993,BUF,15,16,26,153,2,0,103.5,6,6,-6,0,13.52,13.52,0.9,False,False,18410
Frank Reich,1994,BUF,16,56,93,568,1,4,63.4,6,6,3,0,19.02,19.02,1.19,False,False,18410
Frank Reich,1995,CAR,3,37,84,441,2,2,58.7,12,1,3,0,21.94,21.94,7.31,False,False,18410
Frank Reich,1996,NYJ,10,175,331,2205,15,16,68.9,14,18,31,0,119.3,119.3,11.93,False,False,18410
Frank Reich,1997,DET,6,11,30,121,0,2,21.7,0,4,-4,0,0.44,0.44,0.07,False,False,18410
Frank Reich,1998,DET,6,63,110,768,5,4,78.9,4,6,3,0,43.02,43.02,7.17,False,False,18410
Frank Ryan,1958,RAM,4,5,14,34,1,3,28.6,,5,45,0,3.86,3.86,0.97,False,False,19312
Frank Ryan,1959,RAM,10,42,89,709,2,4,63.4,,19,57,1,40.06,40.06,4.01,False,False,19312
Frank Ryan,1960,RAM,10,62,128,816,7,9,57.9,,19,85,1,66.34,66.34,6.63,False,False,19312
Frank Ryan,1961,RAM,13,72,142,1115,5,7,68.3,,38,139,0,64.5,64.5,4.96,False,False,19312
Frank Ryan,1962,CLE,10,112,194,1541,10,7,85.4,,42,242,1,117.84,117.84,11.78,False,False,19312
Frank Ryan,1963,CLE,13,135,256,2026,25,13,90.4,,62,224,2,189.34,189.34,14.56,False,False,19312
Frank Ryan,1964,CLE,14,174,334,2404,25,19,76.7,,37,217,1,185.86,185.86,13.28,False,False,19312
Frank Ryan,1965,CLE,12,119,243,1751,18,13,75.3,,19,72,0,123.24,123.24,10.27,False,False,19312
Frank Ryan,1966,CLE,14,200,382,2974,29,14,88.2,,36,156,0,222.56,222.56,15.9,False,False,19312
Frank Ryan,1967,CLE,13,136,280,2026,20,16,72.7,,22,57,0,134.74,134.74,10.36,False,False,19312
Frank Ryan,1968,CLE,6,31,66,639,7,6,79.0,,11,64,0,47.96,47.96,7.99,False,False,19312
Frank Ryan,1969,WAS,1,1,1,4,0,0,83.3,,0,0,0,0.16,0.16,0.16,False,False,19312
Frank Ryan,1970,WAS,1,1,4,3,0,0,39.6,,0,0,0,0.12,0.12,0.12,False,False,19312
Frank Tripucka,1950,CRD,8,47,108,720,4,7,51.5,,4,35,1,40.3,40.3,5.04,False,False,22520
Frank Tripucka,1951,CRD,3,17,29,244,2,1,94.6,,1,14,0,17.16,17.16,5.72,False,False,22520
Frank Tripucka,1952,CRD/DTX,8,91,186,809,3,17,28.3,,6,16,3,29.96,29.96,3.74,False,False,22520
Frank Tripucka,1960,DEN,14,248,478,3038,24,34,58.9,,10,0,0,149.52,149.52,10.68,False,False,22520
Frank Tripucka,1961,DEN,14,167,344,1690,10,21,47.3,,4,-8,0,64.8,64.8,4.63,False,False,22520
Frank Tripucka,1962,DEN,13,240,440,2917,17,25,64.4,,2,-1,1,140.58,140.58,10.81,False,False,22520
Frank Tripucka,1963,DEN,2,7,15,31,0,5,13.9,,0,0,0,-8.76,-8.76,-4.38,False,False,22520
Gary Cuozzo,1963,BAL,4,10,17,104,0,0,76.6,,3,26,0,6.76,6.76,1.69,False,False,4939
Gary Cuozzo,1964,BAL,8,15,36,163,2,3,39.5,,7,-2,0,8.32,8.32,1.04,False,False,4939
Gary Cuozzo,1965,BAL,6,54,105,700,7,4,79.1,,6,8,0,48.8,48.8,8.13,False,False,4939
Gary Cuozzo,1966,BAL,7,26,50,424,4,2,90.8,,1,9,0,29.86,29.86,4.27,False,False,4939
Gary Cuozzo,1967,NOR,13,134,260,1562,7,12,59.8,,19,43,1,76.78,76.78,5.91,False,False,4939
Gary Cuozzo,1968,MIN,4,24,33,297,1,0,110.3,,1,4,0,16.28,16.28,4.07,False,False,4939
Gary Cuozzo,1969,MIN,9,49,98,693,4,5,65.6,,3,-4,0,33.32,33.32,3.7,False,False,4939
Gary Cuozzo,1970,MIN,12,128,257,1720,7,10,64.3,,17,61,0,82.9,82.9,6.91,False,False,4939
Gary Cuozzo,1971,MIN,8,75,168,842,6,8,52.2,,15,24,0,44.08,44.08,5.51,False,False,4939
Gary Cuozzo,1972,STL,8,69,158,897,5,11,43.7,,4,7,0,34.58,34.58,4.32,False,False,4939
Gary Danielson,1976,DET,1,0,0,0,0,0,,,0,0,0,0.0,0.0,0.0,False,False,5077
Gary Danielson,1977,DET,13,42,100,445,1,5,38.1,,7,62,0,18.0,18.0,1.38,False,False,5077
Gary Danielson,1978,DET,16,199,351,2294,18,17,73.5,,22,93,0,139.06,139.06,8.69,False,False,5077
Gary Danielson,1980,DET,16,244,417,3223,13,11,82.4,,48,232,2,194.12,194.12,12.13,False,False,5077
Gary Danielson,1981,DET,6,56,96,784,3,5,73.4,,9,23,2,47.66,47.66,7.94,False,False,5077
Gary Danielson,1982,DET,8,100,197,1343,10,14,60.1,19,23,92,0,74.92,74.92,9.37,False,False,5077
Gary Danielson,1983,DET,10,59,113,720,7,4,78.0,8,6,8,0,49.6,49.6,4.96,False,False,5077
Gary Danielson,1984,DET,15,252,410,3076,17,15,83.1,41,41,218,3,209.04,210.04,14.0,False,False,5077
Gary Danielson,1985,CLE,8,97,163,1274,8,6,85.3,17,25,126,0,83.56,83.56,10.45,False,False,5077
Gary Danielson,1987,CLE,6,25,33,281,4,0,140.3,2,1,0,0,27.24,27.24,4.54,False,False,5077
Gary Danielson,1988,CLE,2,31,52,324,0,1,69.7,6,4,3,0,11.26,11.26,5.63,False,False,5077
Gary Hogeboom,1980,DAL,2,0,0,0,0,0,,,0,0,0,0.0,0.0,0.0,False,False,10025
Gary Hogeboom,1981,DAL,1,0,0,0,0,0,,,0,0,0,0.0,0.0,0.0,False,False,10025
Gary Hogeboom,1982,DAL,4,3,8,45,0,1,17.2,0,3,0,0,-0.2,-0.2,-0.05,False,False,10025
Gary Hogeboom,1983,DAL,6,11,17,161,1,1,90.6,0,6,-10,0,7.44,7.44,1.24,False,False,10025
Gary Hogeboom,1984,DAL,16,195,367,2366,7,14,63.7,26,15,19,0,96.54,96.54,6.03,False,False,10025
Gary Hogeboom,1985,DAL,16,70,126,978,5,7,70.8,14,8,48,1,55.92,55.92,3.5,False,False,10025
Gary Hogeboom,1986,IND,5,85,144,1154,6,6,81.2,18,10,20,1,66.16,66.16,13.23,False,False,10025
Gary Hogeboom,1987,IND,6,99,168,1145,9,5,85.0,8,3,3,0,72.1,72.1,12.02,False,False,10025
Gary Hogeboom,1988,IND,9,76,131,996,7,7,77.7,12,11,-8,1,59.04,59.04,6.56,False,False,10025
Gary Hogeboom,1989,PHO,14,204,364,2591,14,19,69.5,40,27,89,1,136.54,136.54,9.75,False,False,10025
George Shaw,1955,BAL,12,119,237,1586,10,19,52.5,,68,301,3,113.54,113.54,9.46,False,False,20027
George Shaw,1956,BAL,5,45,75,645,3,7,62.4,,20,63,0,30.1,30.1,6.02,False,False,20027
George Shaw,1957,BAL,3,5,9,58,1,1,72.7,,5,30,1,13.32,13.32,4.44,False,False,20027
George Shaw,1958,BAL,9,41,89,531,7,4,72.8,,5,-3,1,46.94,46.94,5.22,False,False,20027
George Shaw,1959,NYG,4,24,36,433,1,1,105.4,,3,3,0,19.62,19.62,4.91,False,False,20027
George Shaw,1960,NYG,9,76,155,1263,11,13,65.6,,15,-12,0,67.32,67.32,7.48,False,False,20027
George Shaw,1961,MIN,7,46,91,530,4,4,64.8,,10,39,0,33.1,33.1,4.73,False,False,20027
George Shaw,1962,DEN,11,49,110,783,4,14,41.4,,4,10,1,26.32,26.32,2.39,False,False,20027
Greg Landry,1968,DET,4,23,48,338,2,7,45.7,,7,39,1,17.42,17.42,4.36,False,False,12826
Greg Landry,1969,DET,10,80,160,853,4,10,48.3,,33,243,1,60.42,60.42,6.04,False,False,12826
Greg Landry,1970,DET,12,83,136,1072,9,5,92.5,,35,350,1,109.88,109.88,9.16,False,False,12826
Greg Landry,1971,DET,14,136,261,2237,16,13,80.9,,76,530,3,198.48,198.48,14.18,False,False,12826
Greg Landry,1972,DET,14,134,268,2066,18,17,71.8,,81,524,9,227.04,227.04,16.22,False,False,12826
Greg Landry,1973,DET,7,70,128,908,3,10,52.5,,42,267,2,67.02,67.02,9.57,False,False,12826
Greg Landry,1974,DET,5,49,82,572,3,3,77.9,,22,95,1,44.38,44.38,8.88,False,False,12826
Greg Landry,1975,DET,6,31,56,403,1,0,84.2,,20,92,0,29.32,29.32,4.89,False,False,12826
Greg Landry,1976,DET,14,168,291,2191,17,8,89.6,,43,234,1,169.04,169.04,12.07,False,False,12826
Greg Landry,1977,DET,11,135,240,1359,6,7,68.7,,25,99,0,74.26,74.26,6.75,False,False,12826
Greg Landry,1978,DET,5,48,77,452,1,1,77.4,,5,29,0,22.98,22.98,4.6,False,False,12826
Greg Landry,1979,BAL,16,270,457,2932,15,15,75.3,,31,115,0,158.78,158.78,9.92,False,False,12826
Greg Landry,1980,BAL,16,24,47,275,2,3,56.6,,7,26,1,21.6,21.6,1.35,False,False,12826
Greg Landry,1981,BAL,11,14,29,195,0,1,56.0,,1,11,0,6.9,6.9,0.63,False,False,12826
Greg Landry,1984,CHI,1,11,20,199,1,3,66.5,0,2,1,1,12.06,12.06,12.06,False,False,12826
Gus Frerotte,1994,WAS,4,46,100,600,5,5,61.3,3,4,1,0,34.1,34.1,8.53,False,False,7364
Gus Frerotte,1995,WAS,16,199,396,2751,13,13,70.2,23,22,16,1,143.64,143.64,8.98,False,False,7364
Gus Frerotte,1996,WAS,16,270,470,3453,12,11,79.3,22,28,16,0,165.72,165.72,10.36,False,False,7364
Gus Frerotte,1997,WAS,13,204,402,2682,17,12,73.8,23,25,65,2,169.78,169.78,13.06,False,False,7364
Gus Frerotte,1998,WAS,3,25,54,283,1,3,45.5,7,3,20,0,11.32,11.32,3.77,False,False,7364
Gus Frerotte,1999,DET,9,175,288,2117,9,7,83.6,28,15,33,0,109.98,109.98,12.22,False,False,7364
Hugh Millen,1987,RAM,1,1,1,0,0,0,79.2,1,0,0,0,0.0,0.0,0.0,False,False,15271
Hugh Millen,1988,ATL,3,17,31,215,0,2,49.8,4,1,7,0,5.3,5.3,1.77,False,False,15271
Hugh Millen,1989,ATL,5,31,50,432,1,2,79.8,9,1,0,0,17.28,17.28,3.46,False,False,15271
Hugh Millen,1990,ATL,3,34,63,427,1,0,80.6,11,7,-12,0,19.88,19.88,6.63,False,False,15271
Hugh Millen,1991,NWE,13,246,409,3073,9,18,72.5,54,31,92,1,138.12,138.12,10.62,False,False,15271
Hugh Millen,1992,NWE,7,124,203,1203,8,10,70.3,33,17,108,0,70.92,70.92,10.13,False,False,15271
Hugh Millen,1994,DEN,5,81,131,893,2,3,77.6,9,5,57,0,43.42,43.42,8.68,False,False,15271
Hugh Millen,1995,DEN,3,26,40,197,1,0,85.1,4,3,8,0,12.68,12.68,4.23,False,False,15271
Jack Concannon,1964,PHI,4,12,23,199,2,1,92.5,,16,134,1,33.36,33.36,8.34,False,False,4383
Jack Concannon,1965,PHI,3,12,29,176,1,3,33.8,,9,104,0,15.44,15.44,5.15,False,False,4383
Jack Concannon,1966,PHI,6,21,51,262,1,4,31.7,,25,195,2,38.68,39.68,6.61,False,False,4383
Jack Concannon,1967,CHI,13,92,186,1260,6,14,50.9,,67,279,3,92.3,92.3,7.1,False,False,4383
Jack Concannon,1968,CHI,7,71,143,715,5,9,49.7,,28,104,2,53.0,53.0,7.57,False,False,4383
Jack Concannon,1969,CHI,8,87,160,783,4,8,55.3,,22,62,1,43.52,43.52,5.44,False,False,4383
Jack Concannon,1970,CHI,14,194,385,2130,16,18,61.5,,42,136,2,138.8,138.8,9.91,False,False,4383
Jack Concannon,1971,CHI,3,42,77,334,0,3,49.4,,5,5,0,7.86,7.86,2.62,False,False,4383
Jack Concannon,1974,GNB,14,28,54,381,1,3,57.7,,3,7,1,19.94,19.94,1.42,False,False,4383
Jack Concannon,1975,DET,7,1,2,30,0,0,95.8,,0,0,0,1.2,1.2,0.17,False,False,4383
Jack Kemp,1957,PIT,5,8,18,88,0,2,19.9,,3,-1,0,-0.58,-0.58,-0.12,False,False,12093
Jack Kemp,1960,LAC,13,211,406,3018,20,25,67.1,,54,238,8,222.52,222.52,17.12,False,False,12093
Jack Kemp,1961,SDG,14,165,364,2686,15,22,59.2,,43,105,6,169.94,169.94,12.14,False,False,12093
Jack Kemp,1962,SDG/BUF,6,64,139,928,5,6,62.3,,20,84,2,65.52,65.52,10.92,False,False,12093
Jack Kemp,1963,BUF,13,193,384,2910,13,20,65.1,,50,239,8,200.3,200.3,15.41,False,False,12093
Jack Kemp,1964,BUF,13,119,267,2285,13,26,51.5,,37,117,5,133.1,133.1,10.24,False,False,12093
Jack Kemp,1965,BUF,14,179,391,2368,10,18,54.8,,36,49,4,126.72,127.72,9.12,False,False,12093
Jack Kemp,1966,BUF,14,166,389,2451,11,16,56.2,,40,130,5,153.04,153.04,10.93,False,False,12093
Jack Kemp,1967,BUF,14,161,369,2503,14,26,50.0,,36,58,2,121.92,121.92,8.71,False,False,12093
Jack Kemp,1969,BUF,13,170,344,1981,13,22,53.2,,37,124,0,99.64,99.64,7.66,False,False,12093
Jack Thompson,1979,CIN,9,39,87,481,1,5,42.4,,21,116,5,54.84,54.84,6.09,False,False,22185
Jack Thompson,1980,CIN,14,115,234,1324,11,12,60.9,,18,84,1,87.36,87.36,6.24,False,False,22185
Jack Thompson,1981,CIN,8,21,49,267,1,2,50.3,,0,0,0,10.68,10.68,1.34,False,False,22185
Jack Thompson,1982,CIN,1,0,0,0,0,0,,0,0,0,0,0.0,0.0,0.0,False,False,22185
Jack Thompson,1983,TAM,14,249,423,2906,18,21,73.3,39,26,27,0,148.94,148.94,10.64,False,False,22185
Jack Thompson,1984,TAM,5,25,52,337,2,5,42.4,10,5,35,0,14.98,14.98,3.0,False,False,22185
Jack Trudeau,1986,IND,12,204,417,2225,8,18,53.5,29,13,21,1,93.1,93.1,7.76,False,False,22535
Jack Trudeau,1987,IND,10,128,229,1587,6,6,75.4,13,15,7,0,76.18,76.18,7.62,False,False,22535
Jack Trudeau,1988,IND,2,14,34,158,0,3,19.0,2,0,0,0,0.32,0.32,0.16,False,False,22535
Jack Trudeau,1989,IND,13,190,362,2317,15,13,71.3,20,35,91,2,147.78,147.78,11.37,False,False,22535
Jack Trudeau,1990,IND,6,84,144,1078,6,6,78.4,14,10,28,0,57.92,57.92,9.65,False,False,22535
Jack Trudeau,1991,IND,2,2,7,19,0,1,0.0,1,0,0,0,-1.24,-1.24,-0.62,False,False,22535
Jack Trudeau,1992,IND,11,105,181,1271,4,8,68.6,11,13,6,0,51.44,51.44,4.68,False,False,22535
Jack Trudeau,1993,IND,5,85,162,992,2,7,57.4,2,5,3,0,33.98,33.98,6.8,False,False,22535
Jack Trudeau,1994,NYJ,5,50,91,496,1,4,55.9,9,6,30,0,18.84,18.84,3.77,False,False,22535
Jack Trudeau,1995,CAR,1,11,17,100,0,3,40.9,2,0,0,0,-2.0,-2.0,-2.0,False,False,22535
Jacky Lee,1960,HOU,5,41,77,842,5,6,81.2,,6,11,0,42.78,42.78,8.56,False,False,13100
Jacky Lee,1961,HOU,11,66,127,1205,12,6,96.7,,8,36,0,87.8,87.8,7.98,False,False,13100
Jacky Lee,1962,HOU,6,26,50,433,4,5,68.6,,4,1,0,23.42,23.42,3.9,False,False,13100
Jacky Lee,1963,HOU,6,37,75,475,2,8,38.9,,2,9,0,11.9,11.9,1.98,False,False,13100
Jacky Lee,1964,DEN,14,133,265,1611,11,20,51.6,,43,164,3,102.84,102.84,7.35,False,False,13100
Jacky Lee,1965,DEN,3,44,80,692,5,3,89.2,,2,1,0,41.78,41.78,13.93,False,False,13100
Jacky Lee,1966,HOU,1,4,8,27,0,1,18.2,,1,-3,0,-1.22,-1.22,-1.22,False,False,13100
Jacky Lee,1967,HOU/KAN,8,42,91,414,3,6,43.0,,6,-3,0,16.16,17.16,2.15,False,False,13100
Jacky Lee,1968,KAN,5,25,45,383,3,1,96.8,,0,0,0,25.32,25.32,5.06,False,False,13100
Jacky Lee,1969,KAN,2,12,20,109,1,1,70.6,,1,3,0,6.66,6.66,3.33,False,False,13100
Jake Plummer,1997,ARI,10,157,296,2203,15,15,73.1,52,39,216,2,151.92,152.92,15.29,False,False,17698
Jake Plummer,1998,ARI,16,324,547,3737,17,20,75.0,49,51,217,4,223.18,223.18,13.95,False,False,17698
Jake Plummer,1999,ARI,12,201,381,2111,9,24,50.8,27,39,121,2,96.54,96.54,8.04,False,False,17698
James Harris,1969,BUF,4,15,36,270,1,1,65.7,,10,25,0,15.3,15.3,3.83,False,False,9176
James Harris,1970,BUF,7,24,50,338,3,4,56.9,,3,-8,0,16.72,16.72,2.39,False,False,9176
James Harris,1971,BUF,7,51,103,512,1,6,43.0,,6,42,0,16.68,16.68,2.38,False,False,9176
James Harris,1973,RAM,8,7,11,68,0,0,80.9,,4,29,0,5.62,5.62,0.7,False,False,9176
James Harris,1974,RAM,11,106,198,1544,11,6,85.1,,42,112,5,134.96,134.96,12.27,False,False,9176
James Harris,1975,RAM,13,157,285,2148,14,15,73.8,,18,45,1,122.42,122.42,9.42,False,False,9176
James Harris,1976,RAM,7,91,158,1460,8,6,89.6,,12,76,2,98.0,98.0,14.0,False,False,9176
James Harris,1977,SDG,9,109,211,1240,5,11,55.8,,10,13,2,60.9,60.9,6.77,False,False,9176
James Harris,1978,SDG,9,42,88,518,2,9,34.4,,10,7,0,11.42,11.42,1.27,False,False,9176
James Harris,1979,SDG,8,5,9,38,0,1,26.4,,6,26,0,2.12,2.12,0.27,False,False,9176
Jay Schroeder,1985,WAS,9,112,209,1458,5,5,73.8,15,17,30,0,71.32,71.32,7.92,False,False,19708
Jay Schroeder,1986,WAS,16,276,541,4109,22,22,72.9,28,36,47,1,219.06,219.06,13.69,False,False,19708
Jay Schroeder,1987,WAS,11,129,267,1878,12,10,71.0,17,26,120,3,133.12,133.12,12.1,False,False,19708
Jay Schroeder,1988,RAI,9,113,256,1839,13,13,64.6,19,29,109,1,116.46,116.46,12.94,False,False,19708
Jay Schroeder,1989,RAI,11,91,194,1550,8,13,60.3,20,15,38,0,71.8,71.8,6.53,False,False,19708
Jay Schroeder,1990,RAI,16,182,334,2849,19,9,90.8,29,37,81,0,180.06,180.06,11.25,False,False,19708
Jay Schroeder,1991,RAI,15,189,357,2562,15,16,71.4,31,28,76,0,138.08,138.08,9.21,False,False,19708
Jay Schroeder,1992,RAI,13,123,253,1476,11,11,63.3,25,28,160,0,97.04,97.04,7.46,False,False,19708
Jay Schroeder,1993,CIN,9,78,159,832,5,2,70.0,13,10,41,0,53.38,53.38,5.93,False,False,19708
Jay Schroeder,1994,ARI,9,133,238,1510,4,7,68.4,11,16,59,0,68.3,68.3,7.59,False,False,19708
Jeff Blake,1992,NYJ,3,4,9,40,0,1,18.1,2,2,-2,0,-0.6,-0.6,-0.2,False,False,1840
Jeff Blake,1994,CIN,10,156,306,2154,14,9,76.9,19,37,204,1,150.56,150.56,15.06,False,False,1840
Jeff Blake,1995,CIN,16,326,567,3822,28,17,82.1,24,53,309,2,273.78,273.78,17.11,False,False,1840
Jeff Blake,1996,CIN,16,308,549,3624,24,14,80.3,44,72,317,2,256.66,256.66,16.04,False,False,1840
Jeff Blake,1997,CIN,11,184,317,2125,8,7,77.6,39,45,234,3,144.4,144.4,13.13,False,False,1840
Jeff Blake,1998,CIN,8,51,93,739,3,3,78.2,15,15,103,0,45.86,45.86,5.73,False,False,1840
Jeff Blake,1999,CIN,14,215,389,2670,16,12,77.6,30,63,332,2,192.0,192.0,13.71,False,False,1840
Jeff George,1990,IND,13,181,334,2152,16,13,73.8,37,11,2,1,130.28,130.28,10.02,False,False,7765
Jeff George,1991,IND,16,292,485,2910,10,12,73.8,56,16,36,0,136.0,136.0,8.5,False,False,7765
Jeff George,1992,IND,10,167,306,1963,7,15,61.5,27,14,26,1,85.12,85.12,8.51,False,False,7765
Jeff George,1993,IND,13,234,407,2526,8,6,76.3,26,13,39,0,124.94,124.94,9.61,False,False,7765
Jeff George,1994,ATL,16,322,524,3734,23,18,83.3,32,30,66,0,211.96,211.96,13.25,False,False,7765
Jeff George,1995,ATL,16,336,557,4143,24,11,89.5,43,27,17,0,241.42,241.42,15.09,False,False,7765
Jeff George,1996,ATL,3,56,99,698,3,3,76.1,11,5,10,0,34.92,34.92,11.64,False,False,7765
Jeff George,1997,OAK,16,290,521,3917,29,9,91.2,58,17,44,0,259.08,259.08,16.19,False,False,7765
Jeff George,1998,OAK,8,93,169,1186,4,5,72.7,22,8,2,0,53.64,53.64,6.71,False,False,7765
Jeff George,1999,MIN,12,191,329,2816,23,12,94.2,28,16,41,0,184.74,184.74,15.4,False,False,7765
Jeff Hostetler,1986,NYG,13,0,0,0,0,0,,0,1,1,0,0.1,0.1,0.01,False,False,10244
Jeff Hostetler,1988,NYG,16,16,29,244,1,2,65.9,5,5,-3,0,10.46,11.46,0.72,False,False,10244
Jeff Hostetler,1989,NYG,16,20,39,294,3,2,80.5,5,11,71,2,38.86,38.86,2.43,False,False,10244
Jeff Hostetler,1990,NYG,16,47,87,614,3,1,83.2,9,39,190,2,65.56,65.56,4.1,False,False,10244
Jeff Hostetler,1991,NYG,12,179,285,2032,5,4,84.1,20,42,273,2,132.58,132.58,11.05,False,False,10244
Jeff Hostetler,1992,NYG,13,103,192,1225,8,3,80.8,24,35,172,3,110.2,110.2,8.48,False,False,10244
Jeff Hostetler,1993,RAI,15,236,419,3242,14,10,82.5,38,55,202,5,215.88,215.88,14.39,False,False,10244
Jeff Hostetler,1994,RAI,16,263,455,3334,20,16,80.8,41,46,159,2,209.26,209.26,13.08,False,False,10244
Jeff Hostetler,1995,OAK,11,172,286,1998,12,9,82.2,22,31,119,0,121.82,121.82,11.07,False,False,10244
Jeff Hostetler,1996,OAK,13,242,402,2548,23,14,83.2,32,37,179,1,189.82,189.82,14.6,False,False,10244
Jeff Hostetler,1997,WAS,6,79,144,899,5,10,56.5,10,14,28,0,38.76,38.76,6.46,False,False,10244
Jeff Kemp,1981,RAM,1,2,6,25,0,1,7.6,,2,9,0,-0.1,-0.1,-0.1,False,False,12094
Jeff Kemp,1983,RAM,4,12,25,135,1,0,77.9,2,3,-2,0,9.2,9.2,2.3,False,False,12094
Jeff Kemp,1984,RAM,14,143,284,2021,13,7,78.7,24,34,153,1,140.14,140.14,10.01,False,False,12094
Jeff Kemp,1985,RAM,5,16,38,214,0,1,49.7,6,5,0,0,6.56,6.56,1.31,False,False,12094
Jeff Kemp,1986,SFO,10,119,200,1554,11,8,85.7,8,15,49,0,95.06,95.06,9.51,False,False,12094
Jeff Kemp,1987,SEA,13,23,33,396,5,1,137.1,3,5,9,0,34.74,34.74,2.67,False,False,12094
Jeff Kemp,1988,SEA,11,13,35,132,0,5,9.2,3,6,51,0,0.38,0.38,0.03,False,False,12094
Jeff Kemp,1989,SEA,9,0,0,0,0,0,,0,1,0,0,0.0,0.0,0.0,False,False,12094
Jeff Kemp,1990,SEA,15,0,0,0,0,0,,0,0,0,0,0.0,0.0,0.0,False,False,12094
Jeff Kemp,1991,SEA/PHI,14,151,295,1753,9,17,55.7,20,38,179,0,90.02,90.02,6.43,False,False,12094
Jim Everett,1986,RAM,6,73,147,1018,8,8,67.8,8,16,46,1,67.32,67.32,11.22,False,False,6612
Jim Everett,1987,RAM,11,162,302,2064,10,13,68.4,17,18,83,1,110.86,110.86,10.08,False,False,6612
Jim Everett,1988,RAM,16,308,517,3964,31,18,89.2,28,34,104,0,256.96,256.96,16.06,False,False,6612
Jim Everett,1989,RAM,16,304,518,4310,29,17,90.6,29,25,31,1,263.5,263.5,16.47,False,False,6612
Jim Everett,1990,RAM,16,307,554,3989,23,17,79.3,30,20,31,1,226.66,226.66,14.17,False,False,6612
Jim Everett,1991,RAM,16,277,490,3438,11,20,68.9,30,27,44,0,145.92,145.92,9.12,False,False,6612
Jim Everett,1992,RAM,16,281,475,3323,22,18,80.2,26,32,133,0,198.22,198.22,12.39,False,False,6612
Jim Everett,1993,RAM,10,135,274,1652,8,12,59.7,18,19,38,0,77.88,77.88,7.79,False,False,6612
Jim Everett,1994,NOR,16,346,540,3855,22,18,84.9,21,15,35,0,209.7,209.7,13.11,False,False,6612
Jim Everett,1995,NOR,16,345,567,3970,26,14,87.0,27,24,42,0,239.0,239.0,14.94,False,False,6612
Jim Everett,1996,NOR,15,267,464,2797,12,16,69.4,19,22,3,0,128.18,128.18,8.55,False,False,6612
Jim Everett,1997,SDG,4,36,75,457,1,4,49.7,4,5,6,0,14.88,14.88,3.72,False,False,6612
Jim Finks,1950,PIT,2,5,9,35,0,1,25.0,,1,2,0,-0.4,-0.4,-0.2,False,False,6910
Jim Finks,1951,PIT,1,14,24,201,1,1,82.1,,3,27,0,12.74,12.74,12.74,False,False,6910
Jim Finks,1952,PIT,12,158,336,2307,20,19,66.2,,23,37,5,167.98,167.98,14.0,False,False,6910
Jim Finks,1953,PIT,11,131,292,1484,8,14,49.8,,12,0,2,75.36,75.36,6.85,False,False,6910
Jim Finks,1954,PIT,12,164,306,2003,14,19,63.4,,9,17,0,99.82,99.82,8.32,False,False,6910
Jim Finks,1955,PIT,12,165,344,2270,10,26,47.7,,35,76,4,110.4,110.4,9.2,False,False,6910
Jim Harbaugh,1987,CHI,6,8,11,62,0,0,86.2,3,4,15,0,3.98,3.98,0.66,False,False,9001
Jim Harbaugh,1988,CHI,10,47,97,514,0,2,55.9,6,19,110,1,33.56,33.56,3.36,False,False,9001
Jim Harbaugh,1989,CHI,12,111,178,1204,5,9,70.5,17,45,276,3,95.76,95.76,7.98,False,False,9001
Jim Harbaugh,1990,CHI,14,180,312,2178,10,6,81.9,31,51,321,4,171.22,171.22,12.23,False,False,9001
Jim Harbaugh,1991,CHI,16,275,478,3121,15,16,73.7,24,70,338,2,198.64,198.64,12.42,False,False,9001
Jim Harbaugh,1992,CHI,16,202,358,2486,13,12,76.2,30,47,272,1,160.64,160.64,10.04,False,False,9001
Jim Harbaugh,1993,CHI,15,200,325,2002,7,11,72.1,43,60,277,4,137.88,138.88,9.26,False,False,9001
Jim Harbaugh,1994,IND,12,125,202,1440,9,6,85.8,17,39,223,0,103.9,103.9,8.66,False,False,9001
Jim Harbaugh,1995,IND,15,200,314,2575,17,5,100.7,36,52,235,2,195.6,196.6,13.11,False,False,9001
Jim Harbaugh,1996,IND,14,232,405,2630,13,11,76.3,36,48,192,1,160.4,160.4,11.46,False,False,9001
Jim Harbaugh,1997,IND,12,189,309,2060,10,4,86.2,41,36,206,0,135.0,135.0,11.25,False,False,9001
Jim Harbaugh,1998,BAL,14,164,293,1839,12,11,72.9,23,40,172,0,116.76,116.76,8.34,False,False,9001
Jim Harbaugh,1999,SDG,14,249,434,2761,10,14,70.6,37,34,126,0,135.04,135.04,9.65,False,False,9001
Jim Hart,1966,STL,1,4,11,29,0,0,44.9,,0,0,0,1.16,1.16,1.16,False,False,9287
Jim Hart,1967,STL,14,192,397,3008,19,30,58.4,,13,36,3,157.92,157.92,11.28,False,False,9287
Jim Hart,1968,STL,13,140,316,2059,15,18,58.2,,19,20,6,144.36,144.36,11.1,False,False,9287
Jim Hart,1969,STL,9,84,167,1086,6,12,53.1,,7,16,2,57.04,57.04,6.34,False,False,9287
Jim Hart,1970,STL,14,171,373,2575,14,18,61.5,,18,18,0,124.8,124.8,8.91,False,False,9287
Jim Hart,1971,STL,11,110,243,1626,8,14,54.7,,13,9,0,69.94,69.94,6.36,False,False,9287
Jim Hart,1972,STL,6,60,119,857,5,5,70.6,,9,17,0,45.98,45.98,7.66,False,False,9287
Jim Hart,1973,STL,12,178,320,2223,15,10,80.0,,3,-3,0,128.62,128.62,10.72,False,False,9287
Jim Hart,1974,STL,14,200,388,2411,20,8,79.5,,10,21,2,174.54,174.54,12.47,False,False,9287
Jim Hart,1975,STL,14,182,345,2507,19,19,71.7,,11,7,1,144.98,144.98,10.36,False,False,9287
Jim Hart,1976,STL,14,218,388,2946,18,13,82.0,,8,7,0,164.54,164.54,11.75,False,False,9287
Jim Hart,1977,STL,14,186,355,2542,13,20,64.3,,11,18,0,115.48,115.48,8.25,False,False,9287
Jim Hart,1978,STL,15,240,477,3121,16,18,66.7,,11,11,2,165.94,165.94,11.06,False,False,9287
Jim Hart,1979,STL,14,194,378,2218,9,20,55.2,,6,11,0,85.42,86.42,6.17,False,False,9287
Jim Hart,1980,STL,15,228,425,2946,16,20,68.6,,9,11,0,142.94,142.94,9.53,False,False,9287
Jim Hart,1981,STL,10,134,241,1694,11,14,68.7,,3,2,0,83.96,83.96,8.4,False,False,9287
Jim Hart,1982,STL,4,19,33,199,1,0,85.3,0,0,0,0,11.96,11.96,2.99,False,False,9287
Jim Hart,1983,STL,5,50,91,592,4,8,53.0,13,5,12,0,24.88,24.88,4.98,False,False,9287
Jim Hart,1984,WAS,2,3,7,26,0,0,53.3,0,3,-6,0,0.44,0.44,0.22,False,False,9287
Jim Kelly,1986,BUF,16,285,480,3593,22,17,83.3,43,41,199,0,217.62,217.62,13.6,True,True,12066
Jim Kelly,1987,BUF,12,250,419,2798,19,11,83.8,27,29,133,0,182.72,183.72,15.31,True,True,12066
Jim Kelly,1988,BUF,16,269,452,3380,15,17,78.2,30,35,154,0,177.1,178.1,11.13,True,True,12066
Jim Kelly,1989,BUF,13,228,391,3130,25,18,86.2,30,29,137,2,214.9,214.9,16.53,True,True,12066
Jim Kelly,1990,BUF,14,219,346,2829,24,9,101.2,20,22,63,0,197.46,197.46,14.1,True,True,12066
Jim Kelly,1991,BUF,15,304,474,3844,33,17,97.6,31,20,45,1,262.26,262.26,17.48,True,True,12066
Jim Kelly,1992,BUF,16,269,462,3457,23,19,81.2,20,31,53,1,203.58,203.58,12.72,True,True,12066
Jim Kelly,1993,BUF,16,288,470,3382,18,18,79.9,25,36,102,0,181.48,181.48,11.34,True,True,12066
Jim Kelly,1994,BUF,14,285,448,3114,22,17,84.6,34,25,77,1,192.26,192.26,13.73,True,True,12066
Jim Kelly,1995,BUF,15,255,458,3130,22,13,81.1,26,17,20,0,189.2,189.2,12.61,True,True,12066
Jim Kelly,1996,BUF,13,222,379,2810,14,19,73.2,37,19,66,2,149.0,149.0,11.46,True,True,12066
Jim McMahon,1982,CHI,8,120,210,1501,9,7,79.9,27,24,105,1,98.54,98.54,12.32,False,False,14936
Jim McMahon,1983,CHI,14,175,295,2184,12,13,77.6,42,55,307,2,159.86,160.86,11.49,False,False,14936
Jim McMahon,1984,CHI,9,85,143,1146,8,2,97.8,10,39,276,2,117.64,118.64,13.18,False,False,14936
Jim McMahon,1985,CHI,13,178,313,2392,15,11,82.6,26,47,252,3,184.18,185.18,14.24,False,False,14936
Jim McMahon,1986,CHI,6,77,150,995,5,8,61.4,6,22,152,1,65.0,65.0,10.83,False,False,14936
Jim McMahon,1987,CHI,7,125,210,1639,12,8,87.4,22,22,88,2,118.36,118.36,16.91,False,False,14936
Jim McMahon,1988,CHI,9,114,192,1346,6,7,76.0,13,26,104,4,98.24,98.24,10.92,False,False,14936
Jim McMahon,1989,SDG,12,176,318,2132,10,10,73.5,28,29,141,0,119.78,120.78,10.06,False,False,14936
Jim McMahon,1990,PHI,5,6,9,63,0,0,86.8,1,3,1,0,2.62,2.62,0.52,False,False,14936
Jim McMahon,1991,PHI,12,187,311,2239,12,11,80.3,21,22,55,1,126.56,127.56,10.63,False,False,14936
Jim McMahon,1992,PHI,4,22,43,279,1,2,60.1,4,6,23,0,13.46,13.46,3.37,False,False,14936
Jim McMahon,1993,MIN,12,200,331,1968,9,8,76.2,23,33,96,0,108.32,108.32,9.03,False,False,14936
Jim McMahon,1994,ARI,2,23,43,219,1,3,46.6,3,6,32,0,9.96,9.96,4.98,False,False,14936
Jim McMahon,1995,GNB,1,1,1,6,0,0,91.7,0,0,0,0,0.24,0.24,0.24,False,False,14936
Jim McMahon,1996,GNB,5,3,4,39,0,0,105.2,0,4,-1,0,1.46,1.46,0.29,False,False,14936
Jim Ninowski,1958,CLE,3,8,17,139,1,3,55.4,,2,1,0,3.66,3.66,1.22,False,False,16428
Jim Ninowski,1959,CLE,2,3,10,41,0,1,4.6,,1,11,0,0.74,0.74,0.37,False,False,16428
Jim Ninowski,1960,DET,11,134,283,1599,2,18,40.9,,32,81,5,74.06,74.06,6.73,False,False,16428
Jim Ninowski,1961,DET,12,117,247,1921,7,18,53.0,,33,238,5,122.64,122.64,10.22,False,False,16428
Jim Ninowski,1962,CLE,7,87,173,1178,7,8,66.6,,9,15,0,60.62,60.62,8.66,False,False,16428
Jim Ninowski,1963,CLE,4,29,61,423,2,6,41.9,,5,-19,0,11.02,11.02,2.75,False,False,16428
Jim Ninowski,1964,CLE,2,6,9,125,2,0,149.3,,1,-8,0,12.2,12.2,6.1,False,False,16428
Jim Ninowski,1965,CLE,6,40,83,549,4,3,70.8,,4,46,0,36.56,36.56,6.09,False,False,16428
Jim Ninowski,1966,CLE,6,11,18,175,4,1,110.0,,3,-11,0,19.9,19.9,3.32,False,False,16428
Jim Ninowski,1967,WAS,3,12,18,123,0,1,63.0,,0,0,0,2.92,2.92,0.97,False,False,16428
Jim Ninowski,1968,WAS,6,49,95,633,4,6,60.5,,2,13,0,30.62,30.62,5.1,False,False,16428
Jim Ninowski,1969,NOR,4,17,34,227,1,2,56.9,,0,0,0,9.08,9.08,2.27,False,False,16428
Jim Plunkett,1971,NWE,14,158,328,2158,19,16,68.6,,45,210,0,151.32,151.32,10.81,False,False,17704
Jim Plunkett,1972,NWE,14,169,355,2196,8,25,45.7,,36,230,1,98.84,98.84,7.06,False,False,17704
Jim Plunkett,1973,NWE,14,193,376,2550,13,17,65.8,,44,209,5,170.9,170.9,12.21,False,False,17704
Jim Plunkett,1974,NWE,14,173,352,2457,19,22,64.1,,30,161,2,158.38,158.38,11.31,False,False,17704
Jim Plunkett,1975,NWE,5,36,92,571,3,7,39.7,,4,7,1,27.54,27.54,5.51,False,False,17704
Jim Plunkett,1976,SFO,12,126,243,1592,13,16,63.0,,19,95,0,93.18,93.18,7.76,False,False,17704
Jim Plunkett,1977,SFO,14,128,248,1693,9,14,62.1,,28,71,1,88.82,88.82,6.34,False,False,17704
Jim Plunkett,1979,OAK,4,7,15,89,1,1,60.1,,3,18,0,7.36,7.36,1.84,False,False,17704
Jim Plunkett,1980,OAK,13,165,320,2299,18,16,72.9,,28,141,2,158.06,158.06,12.16,False,False,17704
Jim Plunkett,1981,OAK,9,94,179,1045,4,9,56.7,,12,38,1,49.6,49.6,5.51,False,False,17704
Jim Plunkett,1982,RAI,9,152,261,2035,14,15,77.0,23,15,6,0,108.0,108.0,12.0,False,False,17704
Jim Plunkett,1983,RAI,14,230,379,2935,20,18,82.7,42,26,78,0,169.2,169.2,12.09,False,False,17704
Jim Plunkett,1984,RAI,8,108,198,1473,6,10,67.6,13,16,14,1,70.32,70.32,8.79,False,False,17704
Jim Plunkett,1985,RAI,3,71,103,803,3,3,89.6,13,5,12,0,39.32,39.32,13.11,False,False,17704
Jim Plunkett,1986,RAI,10,133,252,1986,14,9,82.5,27,12,47,0,122.14,122.14,12.21,False,False,17704
Jim Zorn,1976,SEA,14,208,439,2571,12,27,49.5,,52,246,4,145.44,145.44,10.39,False,False,25032
Jim Zorn,1977,SEA,10,104,251,1687,16,19,54.3,,25,141,1,113.58,113.58,11.36,False,False,25032
Jim Zorn,1978,SEA,16,248,443,3283,15,20,72.1,,59,290,6,216.32,216.32,13.52,False,False,25032
Jim Zorn,1979,SEA,16,285,505,3661,20,18,77.7,,46,279,2,230.34,230.34,14.4,False,False,25032
Jim Zorn,1980,SEA,16,276,488,3346,17,20,72.3,,44,214,1,189.24,189.24,11.83,False,False,25032
Jim Zorn,1981,SEA,13,236,397,2788,13,9,82.4,,30,140,1,165.52,165.52,12.73,False,False,25032
Jim Zorn,1982,SEA,9,126,245,1540,7,11,61.9,20,15,113,1,87.6,88.6,9.84,False,False,25032
Jim Zorn,1983,SEA,16,103,205,1166,7,7,64.8,9,30,71,1,73.74,73.74,4.61,False,False,25032
Jim Zorn,1984,SEA,16,7,17,80,0,2,16.4,1,7,-3,0,-1.1,-1.1,-0.07,False,False,25032
Jim Zorn,1985,GNB,13,56,123,794,4,6,57.4,11,10,9,0,36.66,36.66,2.82,False,False,25032
Jim Zorn,1987,TAM,1,20,36,199,0,2,48.3,1,4,4,0,4.36,4.36,4.36,False,False,25032
Joe Ferguson,1973,BUF,14,73,164,939,4,10,45.8,,48,147,2,59.96,60.96,4.35,False,False,6827
Joe Ferguson,1974,BUF,14,119,232,1588,12,12,69.0,,54,111,2,110.62,110.62,7.9,False,False,6827
Joe Ferguson,1975,BUF,14,169,321,2426,25,17,81.3,,23,82,1,177.24,177.24,12.66,False,False,6827
Joe Ferguson,1976,BUF,7,74,151,1086,9,1,90.0,,18,81,0,85.54,85.54,12.22,False,False,6827
Joe Ferguson,1977,BUF,14,221,457,2803,12,24,54.8,,41,279,2,152.02,152.02,10.86,False,False,6827
Joe Ferguson,1978,BUF,16,175,330,2136,16,15,70.5,,27,76,0,126.44,127.44,7.96,False,False,6827
Joe Ferguson,1979,BUF,16,238,458,3572,14,15,74.4,,22,68,1,181.68,181.68,11.36,False,False,6827
Joe Ferguson,1980,BUF,16,251,439,2805,20,18,74.5,,31,65,0,162.7,162.7,10.17,False,False,6827
Joe Ferguson,1981,BUF,16,252,498,3652,24,20,74.1,,20,29,1,210.98,210.98,13.19,False,False,6827
Joe Ferguson,1982,BUF,9,144,264,1597,7,16,56.3,11,16,46,1,70.48,70.48,7.83,False,False,6827
Joe Ferguson,1983,BUF,16,281,508,2995,26,25,69.3,27,20,88,0,182.6,182.6,11.41,False,False,6827
Joe Ferguson,1984,BUF,12,191,344,1991,12,17,63.5,35,19,102,0,103.84,103.84,8.65,False,False,6827
Joe Ferguson,1985,DET,8,31,54,364,2,3,67.2,4,4,12,1,23.76,23.76,2.97,False,False,6827
Joe Ferguson,1986,DET,6,73,155,941,7,7,62.9,10,5,25,0,54.14,54.14,9.02,False,False,6827
Joe Ferguson,1988,TAM,2,31,46,368,3,1,104.3,1,1,0,0,24.72,24.72,12.36,False,False,6827
Joe Ferguson,1989,TAM,5,44,90,533,3,6,50.8,5,4,6,0,21.92,21.92,4.38,False,False,6827
Joe Ferguson,1990,IND,1,2,8,21,0,2,0.0,0,0,0,0,-3.16,-3.16,-3.16,False,False,6827
Joe Montana,1979,SFO,16,13,23,96,1,0,81.1,,3,22,0,10.04,10.04,0.63,True,True,15597
Joe Montana,1980,SFO,15,176,273,1795,15,9,87.8,,32,77,2,133.5,133.5,8.9,True,True,15597
Joe Montana,1981,SFO,16,311,488,3565,19,12,88.4,,25,95,2,216.1,216.1,13.51,True,True,15597
Joe Montana,1982,SFO,9,213,346,2613,17,11,88.0,20,30,118,1,168.32,168.32,18.7,True,True,15597
Joe Montana,1983,SFO,16,332,515,3910,26,12,94.6,33,61,284,2,276.8,276.8,17.3,True,True,15597
Joe Montana,1984,SFO,16,279,432,3630,28,10,102.9,22,39,118,2,261.0,261.0,16.31,True,True,15597
Joe Montana,1985,SFO,15,303,494,3653,27,13,91.3,35,42,153,3,261.42,261.42,17.43,True,True,15597
Joe Montana,1986,SFO,8,191,307,2236,8,9,80.7,12,17,38,0,107.24,107.24,13.4,True,True,15597
Joe Montana,1987,SFO,13,266,398,3054,31,13,102.1,22,35,141,1,240.26,240.26,18.48,True,True,15597
Joe Montana,1988,SFO,14,238,397,2981,18,10,87.9,34,38,132,3,202.44,202.44,14.46,True,True,15597
Joe Montana,1989,SFO,13,271,386,3521,26,8,112.4,33,49,227,3,269.54,269.54,20.73,True,True,15597
Joe Montana,1990,SFO,15,321,520,3944,26,16,89.0,29,40,162,1,251.96,251.96,16.8,True,True,15597
Joe Montana,1992,SFO,1,15,21,126,2,0,118.4,1,3,28,0,15.84,15.84,15.84,True,True,15597
Joe Montana,1993,KAN,11,181,298,2144,13,7,87.4,12,25,64,0,130.16,130.16,11.83,True,True,15597
Joe Montana,1994,KAN,14,299,493,3283,16,9,83.6,19,18,17,0,179.02,179.02,12.79,True,True,15597
Joe Namath,1965,NYJ,13,164,340,2220,18,15,68.8,,8,19,0,132.7,132.7,10.21,True,True,16174
Joe Namath,1966,NYJ,14,232,471,3379,19,27,62.6,,6,42,2,173.36,173.36,12.38,True,True,16174
Joe Namath,1967,NYJ,14,258,491,4007,26,28,73.8,,6,14,0,209.68,209.68,14.98,True,True,16174
Joe Namath,1968,NYJ,14,187,380,3147,15,17,72.1,,5,11,2,164.98,164.98,11.78,True,True,16174
Joe Namath,1969,NYJ,14,185,361,2734,19,17,74.3,,11,33,2,166.66,166.66,11.9,True,True,16174
Joe Namath,1970,NYJ,5,90,179,1259,5,12,54.7,,1,-1,0,46.26,46.26,9.25,True,True,16174
Joe Namath,1971,NYJ,4,28,59,537,5,6,68.2,,3,-1,0,29.38,29.38,7.35,True,True,16174
Joe Namath,1972,NYJ,13,162,324,2816,19,21,72.5,,6,8,0,147.44,147.44,11.34,True,True,16174
Joe Namath,1973,NYJ,6,68,133,966,5,6,68.7,,1,-2,0,46.44,46.44,7.74,True,True,16174
Joe Namath,1974,NYJ,14,191,361,2616,20,22,69.4,,8,1,1,146.74,146.74,10.48,True,True,16174
Joe Namath,1975,NYJ,14,157,326,2286,15,28,51.0,,10,6,0,96.04,96.04,6.86,True,True,16174
Joe Namath,1976,NYJ,11,114,230,1090,4,16,39.9,,2,5,0,28.1,28.1,2.55,True,True,16174
Joe Namath,1977,RAM,4,50,107,606,3,5,54.5,,4,5,0,26.74,26.74,6.69,True,True,16174
Joe Pisarcik,1977,NYG,13,103,241,1346,4,14,42.3,,27,57,2,59.54,59.54,4.58,False,False,17647
Joe Pisarcik,1978,NYG,15,143,301,2096,12,23,52.1,,17,68,1,98.64,98.64,6.58,False,False,17647
Joe Pisarcik,1979,NYG,4,43,108,537,2,6,39.0,,1,6,0,18.08,18.08,4.52,False,False,17647
Joe Pisarcik,1980,PHI,9,15,22,187,0,0,94.3,,3,-3,0,7.18,7.18,0.8,False,False,17647
Joe Pisarcik,1981,PHI,7,8,15,154,2,2,89.3,,7,1,0,10.26,10.26,1.47,False,False,17647
Joe Pisarcik,1982,PHI,1,1,1,24,0,0,118.8,0,0,0,0,0.96,0.96,0.96,False,False,17647
Joe Pisarcik,1983,PHI,5,16,34,172,1,0,72.2,4,3,-1,0,10.78,10.78,2.16,False,False,17647
Joe Pisarcik,1984,PHI,7,96,176,1036,3,3,70.6,25,7,19,2,61.34,61.34,8.76,False,False,17647
Joe Theismann,1974,WAS,9,9,11,145,1,0,149.1,,3,12,1,17.0,17.0,1.89,False,False,21982
Joe Theismann,1975,WAS,14,10,22,96,1,3,33.7,,3,34,0,5.24,5.24,0.37,False,False,21982
Joe Theismann,1976,WAS,14,79,163,1036,8,10,59.8,,17,97,1,69.14,69.14,4.94,False,False,21982
Joe Theismann,1977,WAS,14,84,182,1097,7,9,57.9,,29,149,1,74.78,74.78,5.34,False,False,21982
Joe Theismann,1978,WAS,16,187,390,2593,13,18,61.6,,37,177,1,143.42,143.42,8.96,False,False,21982
Joe Theismann,1979,WAS,16,233,395,2797,20,13,83.9,,46,181,4,207.98,207.98,13.0,False,False,21982
Joe Theismann,1980,WAS,16,262,454,2962,17,16,75.2,,29,175,3,189.98,189.98,11.87,False,False,21982
Joe Theismann,1981,WAS,16,293,496,3568,19,20,77.3,,36,177,2,208.42,208.42,13.03,False,False,21982
Joe Theismann,1982,WAS,9,161,252,2033,13,9,91.3,30,31,150,0,130.32,130.32,14.48,False,False,21982
Joe Theismann,1983,WAS,16,276,459,3714,29,11,97.0,34,37,234,1,271.96,271.96,17.0,False,False,21982
Joe Theismann,1984,WAS,16,283,477,3391,24,13,86.6,48,62,314,1,243.04,243.04,15.19,False,False,21982
Joe Theismann,1985,WAS,11,167,301,1774,8,16,59.6,37,25,115,2,94.46,94.46,8.59,False,False,21982
John Brodie,1957,SFO,5,11,21,160,2,3,69.6,,2,0,0,8.4,8.4,1.68,False,False,2459
John Brodie,1958,SFO,10,103,172,1224,6,13,61.8,,11,-12,1,51.76,51.76,5.18,False,False,2459
John Brodie,1959,SFO,4,30,64,354,2,7,35.0,,5,6,0,8.76,8.76,2.19,False,False,2459
John Brodie,1960,SFO,11,103,207,1111,6,9,57.5,,18,171,1,73.54,73.54,6.69,False,False,2459
John Brodie,1961,SFO,14,155,283,2588,14,12,84.7,,28,90,2,156.52,156.52,11.18,False,False,2459
John Brodie,1962,SFO,14,175,304,2272,18,16,79.0,,37,258,4,180.68,180.68,12.91,False,False,2459
John Brodie,1963,SFO,3,30,61,367,3,4,57.2,,7,63,0,24.98,24.98,8.33,False,False,2459
John Brodie,1964,SFO,13,193,392,2498,14,16,64.6,,27,135,2,149.42,149.42,11.49,False,False,2459
John Brodie,1965,SFO,13,242,391,3112,30,16,95.3,,15,60,1,224.48,224.48,17.27,False,False,2459
John Brodie,1966,SFO,14,232,427,2810,16,22,65.8,,5,18,3,152.2,152.2,10.87,False,False,2459
John Brodie,1967,SFO,11,168,349,2013,11,16,57.6,,20,147,1,113.22,113.22,10.29,False,False,2459
John Brodie,1968,SFO,14,234,404,3020,22,21,78.0,,18,71,0,173.9,173.9,12.42,False,False,2459
John Brodie,1969,SFO,11,194,347,2405,16,16,73.7,,11,62,0,134.4,134.4,12.22,False,False,2459
John Brodie,1970,SFO,14,223,378,2941,24,10,93.8,,9,29,2,208.54,208.54,14.9,False,False,2459
John Brodie,1971,SFO,14,208,387,2642,18,24,65.0,,14,45,3,152.18,152.18,10.87,False,False,2459
John Brodie,1972,SFO,6,70,110,905,9,8,86.4,,3,8,1,63.0,63.0,10.5,False,False,2459
John Brodie,1973,SFO,14,98,194,1126,3,12,47.7,,5,16,1,40.64,40.64,2.9,False,False,2459
John Elway,1983,DEN,11,123,259,1663,7,14,54.9,28,28,146,1,87.12,87.12,7.92,True,True,6441
John Elway,1984,DEN,15,214,380,2598,18,15,76.8,24,56,237,1,175.62,175.62,11.71,True,True,6441
John Elway,1985,DEN,16,327,605,3891,22,23,70.2,38,51,253,0,222.94,222.94,13.93,True,True,6441
John Elway,1986,DEN,16,280,504,3485,19,13,79.0,32,52,257,1,229.4,230.4,14.4,True,True,6441
John Elway,1987,DEN,12,224,410,3198,19,12,83.4,20,66,304,4,234.32,234.32,19.53,True,True,6441
John Elway,1988,DEN,15,274,496,3309,17,19,71.4,30,54,234,1,191.76,191.76,12.78,True,True,6441
John Elway,1989,DEN,15,223,416,3051,18,18,73.7,35,48,244,3,200.44,200.44,13.36,True,True,6441
John Elway,1990,DEN,16,294,502,3526,15,14,78.5,43,50,258,3,216.84,216.84,13.55,True,True,6441
John Elway,1991,DEN,16,242,451,3253,13,12,75.4,45,55,255,6,222.02,223.02,13.94,True,True,6441
John Elway,1992,DEN,12,174,316,2242,10,17,65.7,36,34,94,2,117.08,117.08,9.76,True,True,6441
John Elway,1993,DEN,16,348,551,4030,25,10,92.8,39,44,153,0,256.5,256.5,16.03,True,True,6441
John Elway,1994,DEN,14,307,494,3490,16,10,85.7,46,58,235,4,231.1,231.1,16.51,True,True,6441
John Elway,1995,DEN,16,316,542,3970,26,14,86.4,22,41,176,1,258.4,258.4,16.15,True,True,6441
John Elway,1996,DEN,15,287,466,3328,26,14,89.2,26,50,249,4,258.02,258.02,17.2,True,True,6441
John Elway,1997,DEN,16,280,502,3635,27,11,87.5,34,50,218,1,259.2,259.2,16.2,True,True,6441
John Elway,1998,DEN,13,210,356,2806,22,10,93.0,18,37,94,1,197.04,198.04,15.23,True,True,6441
John Friesz,1990,SDG,1,11,22,98,1,1,58.5,1,1,3,0,6.22,6.22,6.22,False,False,7383
John Friesz,1991,SDG,16,262,487,2896,12,15,67.1,32,10,18,0,135.64,135.64,8.48,False,False,7383
John Friesz,1993,SDG,12,128,238,1402,6,4,72.8,14,10,3,0,72.38,72.38,6.03,False,False,7383
John Friesz,1994,WAS,16,105,180,1266,10,9,77.7,6,1,1,0,72.74,72.74,4.55,False,False,7383
John Friesz,1995,SEA,6,64,120,795,6,3,80.4,3,11,0,0,49.8,49.8,8.3,False,False,7383
John Friesz,1996,SEA,8,120,211,1629,8,4,86.4,12,12,1,0,89.26,89.26,11.16,False,False,7383
John Friesz,1997,SEA,2,15,36,138,0,3,18.1,2,1,0,0,-0.48,-0.48,-0.24,False,False,7383
John Friesz,1998,SEA,6,29,49,409,2,2,82.8,1,5,5,0,20.86,20.86,3.48,False,False,7383
John Friesz,1999,NWE,1,0,0,0,0,0,,0,2,-2,0,-0.2,-0.2,-0.2,False,False,7383
John Hadl,1962,SDG,14,107,260,1632,15,24,43.3,,40,139,1,97.18,97.18,6.94,False,False,8711
John Hadl,1963,SDG,12,28,64,502,6,6,63.4,,8,26,0,34.68,34.68,2.89,False,False,8711
John Hadl,1964,SDG,14,146,274,2159,18,15,78.4,,21,69,1,141.26,141.26,10.09,False,False,8711
John Hadl,1965,SDG,14,174,348,2798,20,21,71.3,,27,92,1,165.12,165.12,11.79,False,False,8711
John Hadl,1966,SDG,14,200,375,2846,23,14,83.0,,38,95,2,198.04,200.04,14.29,False,False,8711
John Hadl,1967,SDG,14,217,427,3365,24,22,74.5,,37,107,3,215.3,215.3,15.38,False,False,8711
John Hadl,1968,SDG,14,208,440,3473,27,32,64.5,,23,14,2,196.32,196.32,14.02,False,False,8711
John Hadl,1969,SDG,12,158,324,2253,10,11,67.8,,26,109,2,131.02,131.02,10.92,False,False,8711
John Hadl,1970,SDG,14,162,327,2388,22,15,77.1,,28,188,1,178.32,178.32,12.74,False,False,8711
John Hadl,1971,SDG,14,233,431,3075,21,25,68.9,,18,75,1,170.5,170.5,12.18,False,False,8711
John Hadl,1972,SDG,14,190,370,2449,15,26,56.7,,22,99,1,122.26,123.26,8.8,False,False,8711
John Hadl,1973,RAM,14,135,258,2008,22,11,88.8,,14,5,0,146.82,146.82,10.49,False,False,8711
John Hadl,1974,RAM/GNB,14,142,299,1752,8,14,55.5,,19,25,0,76.58,76.58,5.47,False,False,8711
John Hadl,1975,GNB,14,191,353,2095,6,21,52.8,,20,47,0,70.5,70.5,5.04,False,False,8711
John Hadl,1976,HOU,14,60,113,634,7,8,60.9,,7,11,0,38.46,38.46,2.75,False,False,8711
John Hadl,1977,HOU,14,11,24,76,0,3,13.9,,3,11,1,4.14,4.14,0.3,False,False,8711
Johnny Unitas,1956,BAL,10,110,198,1498,9,10,74.0,,28,155,1,97.52,98.52,9.85,True,True,22749
Johnny Unitas,1957,BAL,12,172,301,2550,24,17,88.0,,42,171,1,187.1,187.1,15.59,True,True,22749
Johnny Unitas,1958,BAL,10,136,263,2007,19,7,90.0,,33,139,3,174.18,174.18,17.42,True,True,22749
Johnny Unitas,1959,BAL,12,193,367,2899,32,14,92.0,,29,145,2,242.46,242.46,20.21,True,True,22749
Johnny Unitas,1960,BAL,12,190,378,3099,25,24,73.7,,36,195,0,195.46,195.46,16.29,True,True,22749
Johnny Unitas,1961,BAL,14,229,420,2990,16,24,66.1,,54,190,2,166.6,166.6,11.9,True,True,22749
Johnny Unitas,1962,BAL,14,222,389,2967,23,23,76.5,,50,137,0,178.38,178.38,12.74,True,True,22749
Johnny Unitas,1963,BAL,14,237,410,3481,20,12,89.7,,47,224,0,217.64,217.64,15.55,True,True,22749
Johnny Unitas,1964,BAL,14,158,305,2824,19,6,96.4,,37,162,2,205.16,205.16,14.65,True,True,22749
Johnny Unitas,1965,BAL,11,164,282,2530,23,12,97.4,,17,68,1,182.0,182.0,16.55,True,True,22749
Johnny Unitas,1966,BAL,14,195,348,2748,22,24,74.0,,20,44,1,160.32,160.32,11.45,True,True,22749
Johnny Unitas,1967,BAL,14,255,436,3428,20,16,83.6,,22,89,0,194.02,194.02,13.86,True,True,22749
Johnny Unitas,1968,BAL,4,11,32,139,2,4,30.1,,3,-1,0,5.46,5.46,1.36,True,True,22749
Johnny Unitas,1969,BAL,13,178,327,2342,12,20,64.0,,11,23,0,103.98,103.98,8.0,True,True,22749
Johnny Unitas,1970,BAL,14,166,321,2213,14,18,65.1,,9,16,0,110.12,110.12,7.87,True,True,22749
Johnny Unitas,1971,BAL,13,92,176,942,3,9,52.3,,9,5,0,32.18,32.18,2.48,True,True,22749
Johnny Unitas,1972,BAL,8,88,157,1111,4,6,70.8,,3,15,0,49.94,49.94,6.24,True,True,22749
Johnny Unitas,1973,SDG,5,34,76,471,3,7,40.0,,0,0,0,16.84,16.84,3.37,True,True,22749
Jon Kitna,1997,SEA,3,31,45,371,1,2,82.7,3,10,9,1,21.74,21.74,7.25,False,False,12366
Jon Kitna,1998,SEA,6,98,172,1177,7,8,72.3,11,20,67,1,71.78,71.78,11.96,False,False,12366
Jon Kitna,1999,SEA,15,270,495,3346,23,16,77.7,32,35,56,0,199.44,199.44,13.3,False,False,12366
Ken Anderson,1971,CIN,11,72,131,777,5,4,72.6,,22,125,1,61.58,61.58,5.6,False,True,464
Ken Anderson,1972,CIN,13,171,301,1918,7,7,74.0,,22,94,3,118.12,118.12,9.09,False,True,464
Ken Anderson,1973,CIN,14,179,329,2428,18,12,81.2,,26,97,0,154.82,154.82,11.06,False,True,464
Ken Anderson,1974,CIN,13,213,328,2667,18,10,95.7,,43,314,2,202.08,202.08,15.54,False,True,464
Ken Anderson,1975,CIN,13,228,377,3169,21,11,93.9,,49,188,2,219.56,219.56,16.89,False,True,464
Ken Anderson,1976,CIN,14,179,338,2367,19,14,76.9,,31,134,1,162.08,162.08,11.58,False,True,464
Ken Anderson,1977,CIN,14,166,323,2145,11,11,69.7,,26,128,2,132.6,132.6,9.47,False,True,464
Ken Anderson,1978,CIN,12,173,319,2219,10,22,58.0,,29,167,1,107.46,107.46,8.96,False,True,464
Ken Anderson,1979,CIN,15,189,339,2340,16,10,80.7,,28,235,2,173.1,173.1,11.54,False,True,464
Ken Anderson,1980,CIN,13,166,275,1778,6,13,66.9,,16,122,0,81.32,81.32,6.26,False,True,464
Ken Anderson,1981,CIN,16,300,479,3754,29,10,98.4,,46,320,1,284.16,284.16,17.76,False,True,464
Ken Anderson,1982,CIN,9,218,309,2495,12,9,95.3,26,25,85,4,162.3,162.3,18.03,False,True,464
Ken Anderson,1983,CIN,13,198,297,2333,12,13,85.6,25,22,147,1,136.02,136.02,10.46,False,True,464
Ken Anderson,1984,CIN,11,175,275,2107,10,12,81.0,24,11,64,0,106.68,106.68,9.7,False,True,464
Ken Anderson,1985,CIN,3,16,32,170,2,0,86.7,2,1,0,0,14.8,14.8,4.93,False,True,464
Ken Anderson,1986,CIN,8,11,23,171,1,2,51.2,1,0,0,0,6.84,6.84,0.85,False,True,464
Ken O'Brien,1984,NYJ,10,116,203,1402,6,7,74.0,22,16,29,0,68.98,68.98,6.9,False,False,16619
Ken O'Brien,1985,NYJ,16,297,488,3888,25,8,96.2,62,25,58,0,245.32,245.32,15.33,False,False,16619
Ken O'Brien,1986,NYJ,15,300,482,3690,25,20,85.8,40,17,46,0,212.2,212.2,14.15,False,False,16619
Ken O'Brien,1987,NYJ,12,234,393,2696,13,8,82.8,50,30,61,0,149.94,149.94,12.49,False,False,16619
Ken O'Brien,1988,NYJ,14,236,424,2567,15,7,78.6,37,21,25,0,151.18,151.18,10.8,False,False,16619
Ken O'Brien,1989,NYJ,15,288,477,3346,12,18,74.3,50,9,18,0,147.64,147.64,9.84,False,False,16619
Ken O'Brien,1990,NYJ,16,226,411,2855,13,10,77.3,34,21,72,0,153.4,153.4,9.59,False,False,16619
Ken O'Brien,1991,NYJ,16,287,489,3300,10,11,76.6,33,23,60,0,158.7,159.7,9.98,False,False,16619
Ken O'Brien,1992,NYJ,10,55,98,642,5,6,67.6,10,8,8,0,34.48,34.48,3.45,False,False,16619
Ken O'Brien,1993,PHI,5,71,137,708,4,3,67.4,15,4,17,0,40.02,40.02,8.0,False,False,16619
Ken Stabler,1970,OAK,3,2,7,52,0,1,18.5,,1,-4,0,-0.32,-0.32,-0.11,True,True,21053
Ken Stabler,1971,OAK,14,24,48,268,1,4,39.2,,4,29,2,21.62,21.62,1.54,True,True,21053
Ken Stabler,1972,OAK,14,44,74,524,4,3,82.3,,6,27,0,33.66,33.66,2.4,True,True,21053
Ken Stabler,1973,OAK,14,163,260,1997,14,10,88.3,,21,101,0,125.98,125.98,9.0,True,True,21053
Ken Stabler,1974,OAK,14,178,310,2469,26,12,94.9,,12,-2,1,184.56,184.56,13.18,True,True,21053
Ken Stabler,1975,OAK,14,171,293,2296,16,24,67.4,,6,-5,0,107.34,107.34,7.67,True,True,21053
Ken Stabler,1976,OAK,12,194,291,2737,27,17,103.4,,7,-2,1,189.28,189.28,15.77,True,True,21053
Ken Stabler,1977,OAK,13,169,294,2176,20,20,75.2,,3,-3,0,126.74,126.74,9.75,True,True,21053
Ken Stabler,1978,OAK,16,237,406,2944,16,30,63.3,,4,0,0,121.76,121.76,7.61,True,True,21053
Ken Stabler,1979,OAK,16,304,498,3615,26,22,82.2,,16,-4,0,204.2,204.2,12.76,True,True,21053
Ken Stabler,1980,HOU,16,293,457,3202,13,28,68.7,,15,-22,0,121.88,121.88,7.62,True,True,21053
Ken Stabler,1981,HOU,13,165,285,1988,14,18,69.5,,10,-3,0,99.22,99.22,7.63,True,True,21053
Ken Stabler,1982,NOR,8,117,189,1343,6,10,71.8,13,3,-4,0,57.32,57.32,7.17,True,True,21053
Ken Stabler,1983,NOR,14,176,311,1988,9,18,61.4,18,9,-14,0,78.12,78.12,5.58,True,True,21053
Ken Stabler,1984,NOR,3,33,70,339,2,5,41.3,5,1,-1,0,11.46,11.46,3.82,True,True,21053
Kent Graham,1992,NYG,6,42,97,470,1,4,44.6,7,6,36,0,18.4,18.4,3.07,False,False,8222
Kent Graham,1993,NYG,9,8,22,79,0,0,47.3,3,2,-3,0,2.86,2.86,0.32,False,False,8222
Kent Graham,1994,NYG,13,24,53,295,3,2,66.2,2,2,11,0,20.9,20.9,1.61,False,False,8222
Kent Graham,1996,ARI,10,146,274,1624,12,7,75.1,19,21,87,0,107.66,107.66,10.77,False,False,8222
Kent Graham,1997,ARI,8,130,250,1408,4,5,65.9,16,13,23,2,76.62,76.62,9.58,False,False,8222
Kent Graham,1998,NYG,11,105,205,1219,7,5,70.8,12,27,138,2,94.16,95.16,8.65,False,False,8222
Kent Graham,1999,NYG,9,160,271,1697,9,9,74.6,26,35,132,1,104.98,105.98,11.78,False,False,8222
Kerry Collins,1995,CAR,15,214,433,2717,14,19,61.9,24,42,74,3,152.08,152.08,10.14,False,False,4312
Kerry Collins,1996,CAR,13,204,364,2454,14,9,79.4,18,32,38,0,139.96,139.96,10.77,False,False,4312
Kerry Collins,1997,CAR,13,200,381,2124,11,21,55.7,27,26,65,1,99.46,99.46,7.65,False,False,4312
Kerry Collins,1998,CAR/NOR,11,170,353,2213,12,15,62.0,31,30,153,1,126.72,127.72,11.61,False,False,4312
Kerry Collins,1999,NYG,10,190,331,2318,8,11,73.3,16,19,36,2,118.32,118.32,11.83,False,False,4312
King Hill,1958,CRD,3,1,9,18,0,2,0.0,,1,0,0,-3.28,-3.28,-1.09,False,False,9868
King Hill,1959,CRD,11,82,181,1015,7,13,46.2,,39,167,5,89.3,89.3,8.12,False,False,9868
King Hill,1960,STL,8,20,55,205,1,5,16.1,,16,47,1,12.9,12.9,1.61,False,False,9868
King Hill,1961,PHI,14,6,12,101,2,2,78.8,,2,9,0,8.94,8.94,0.64,False,False,9868
King Hill,1962,PHI,14,31,61,361,0,5,34.9,,4,40,1,14.44,14.44,1.03,False,False,9868
King Hill,1963,PHI,14,91,186,1213,10,17,49.9,,3,-1,0,54.42,54.42,3.89,False,False,9868
King Hill,1964,PHI,8,49,88,641,3,4,71.3,,8,27,0,32.34,32.34,4.04,False,False,9868
King Hill,1965,PHI,7,60,113,857,5,10,55.8,,7,20,2,48.28,48.28,6.9,False,False,9868
King Hill,1966,PHI,9,53,97,571,5,7,59.3,,7,-2,0,28.64,28.64,3.18,False,False,9868
King Hill,1967,PHI,1,2,7,33,1,0,86.3,,0,0,0,5.32,5.32,5.32,False,False,9868
King Hill,1968,PHI/MIN,11,33,71,531,3,6,50.9,,1,1,0,21.34,21.34,1.94,False,False,9868
King Hill,1969,STL,14,1,1,7,0,0,95.8,,0,0,0,0.28,0.28,0.02,False,False,9868
Kordell Stewart,1995,PIT,10,5,7,60,1,0,136.9,0,15,86,1,50.5,64.5,6.45,False,False,21292
Kordell Stewart,1996,PIT,16,11,30,100,0,2,18.8,3,39,171,5,94.4,111.4,6.96,False,False,21292
Kordell Stewart,1997,PIT,16,236,440,3020,21,17,75.2,20,88,476,11,284.4,284.4,17.77,False,False,21292
Kordell Stewart,1998,PIT,16,252,458,2560,11,18,62.9,33,81,406,2,164.7,165.7,10.36,False,False,21292
Kordell Stewart,1999,PIT,16,160,275,1464,6,10,64.9,22,56,258,2,117.66,126.66,7.92,False,False,21292
Kurt Warner,1998,STL,1,4,11,39,0,0,47.2,0,0,0,0,1.56,1.56,1.56,False,False,23279
Kurt Warner,1999,STL,16,325,499,4353,41,13,109.2,29,23,92,1,327.32,327.32,20.46,False,False,23279
Lamar McHan,1954,CRD,12,105,255,1475,6,22,32.4,,29,94,1,54.4,54.4,4.53,False,False,14827
Lamar McHan,1955,CRD,12,78,207,1085,11,19,34.8,,32,142,2,75.6,75.6,6.3,False,False,14827
Lamar McHan,1956,CRD,12,72,152,1159,10,8,73.3,,58,161,5,116.46,116.46,9.71,False,False,14827
Lamar McHan,1957,CRD,12,87,200,1568,11,15,58.1,,25,82,2,96.92,96.92,8.08,False,False,14827
Lamar McHan,1958,CRD,12,91,198,1291,12,13,60.4,,16,61,1,85.84,85.84,7.15,False,False,14827
Lamar McHan,1959,GNB,8,48,108,805,8,9,60.1,,16,64,0,52.6,52.6,6.58,False,False,14827
Lamar McHan,1960,GNB,7,33,91,517,3,5,44.1,,8,67,1,35.38,35.38,5.05,False,False,14827
Lamar McHan,1961,BAL,5,3,15,28,1,4,22.2,,4,1,0,-2.78,-2.78,-0.56,False,False,14827
Lamar McHan,1962,BAL,7,10,20,278,3,2,95.8,,4,4,0,19.52,19.52,2.79,False,False,14827
Lamar McHan,1963,BAL/SFO,12,83,196,1243,8,11,54.0,,17,59,0,65.62,65.62,5.47,False,False,14827
Len Dawson,1957,PIT,1,2,4,25,0,0,69.8,,3,31,0,4.1,4.1,4.1,True,True,5361
Len Dawson,1958,PIT,4,1,6,11,0,2,0.0,,2,-1,0,-3.66,-3.66,-0.92,True,True,5361
Len Dawson,1959,PIT,2,3,7,60,1,0,113.1,,4,20,0,8.4,8.4,4.2,True,True,5361
Len Dawson,1960,CLE,1,8,13,23,0,0,65.9,,1,0,0,0.92,0.92,0.92,True,True,5361
Len Dawson,1961,CLE,3,7,15,85,1,3,47.2,,1,-10,0,0.4,0.4,0.13,True,True,5361
Len Dawson,1962,DTX,14,189,310,2759,29,17,98.3,,38,252,3,235.56,235.56,16.83,True,True,5361
Len Dawson,1963,KAN,13,190,352,2389,26,19,77.5,,37,272,2,200.76,200.76,15.44,True,True,5361
Len Dawson,1964,KAN,14,199,354,2879,30,18,89.9,,40,95,2,220.66,220.66,15.76,True,True,5361
Len Dawson,1965,KAN,13,163,305,2262,21,14,81.3,,43,142,2,172.68,172.68,13.28,True,True,5361
Len Dawson,1966,KAN,14,159,284,2527,26,10,101.7,,24,167,0,201.78,201.78,14.41,True,True,5361
Len Dawson,1967,KAN,14,206,357,2651,24,17,83.7,,20,68,0,174.84,174.84,12.49,True,True,5361
Len Dawson,1968,KAN,14,131,224,2109,17,9,98.6,,20,40,0,138.36,138.36,9.88,True,True,5361
Len Dawson,1969,KAN,8,98,166,1323,9,13,69.9,,1,3,0,63.22,63.22,7.9,True,True,5361
Len Dawson,1970,KAN,14,141,262,1876,13,14,71.0,,11,46,0,103.64,103.64,7.4,True,True,5361
Len Dawson,1971,KAN,14,167,301,2504,15,13,81.6,,12,24,0,136.56,136.56,9.75,True,True,5361
Len Dawson,1972,KAN,14,175,305,1835,13,12,72.8,,15,75,0,108.9,108.9,7.78,True,True,5361
Len Dawson,1973,KAN,8,66,101,725,2,5,72.4,,6,40,0,31.0,31.0,3.88,True,True,5361
Len Dawson,1974,KAN,14,138,235,1573,7,13,65.8,,11,28,0,67.72,67.72,4.84,True,True,5361
Len Dawson,1975,KAN,12,93,140,1095,5,4,90.0,,5,7,0,56.5,56.5,4.71,True,True,5361
Lynn Dickey,1971,HOU,7,19,57,315,0,9,13.3,,1,4,0,-5.0,-5.0,-0.71,False,False,5611
Lynn Dickey,1973,HOU,14,71,120,888,6,10,64.2,,6,9,0,40.42,40.42,2.89,False,False,5611
Lynn Dickey,1974,HOU,14,63,113,704,2,8,50.9,,3,7,0,20.86,20.86,1.49,False,False,5611
Lynn Dickey,1975,HOU,14,2,4,46,0,1,52.1,,1,3,0,0.14,0.14,0.01,False,False,5611
Lynn Dickey,1976,GNB,10,115,243,1465,7,14,52.2,,11,19,1,66.5,66.5,6.65,False,False,5611
Lynn Dickey,1977,GNB,9,113,220,1346,5,14,51.4,,5,24,0,48.24,48.24,5.36,False,False,5611
Lynn Dickey,1979,GNB,5,60,119,787,5,4,71.7,,5,13,0,44.78,44.78,8.96,False,False,5611
Lynn Dickey,1980,GNB,16,278,478,3529,15,25,70.0,,19,11,1,158.26,158.26,9.89,False,False,5611
Lynn Dickey,1981,GNB,13,204,354,2593,17,15,79.0,,19,6,0,142.32,142.32,10.95,False,False,5611
Lynn Dickey,1982,GNB,9,124,218,1790,12,14,75.3,25,13,19,0,93.5,93.5,10.39,False,False,5611
Lynn Dickey,1983,GNB,16,289,484,4458,32,29,87.3,40,21,12,3,267.52,267.52,16.72,False,False,5611
Lynn Dickey,1984,GNB,15,237,401,3195,25,19,85.6,32,18,6,3,208.4,208.4,13.89,False,False,5611
Lynn Dickey,1985,GNB,12,172,314,2206,15,17,70.4,30,18,-12,1,119.04,119.04,9.92,False,False,5611
Marc Wilson,1980,OAK,2,3,5,31,0,0,77.9,,1,3,0,1.54,1.54,0.77,False,False,24397
Marc Wilson,1981,OAK,13,173,366,2311,14,19,58.9,,30,147,2,137.14,137.14,10.55,False,False,24397
Marc Wilson,1982,RAI,8,1,2,4,0,0,56.2,0,0,0,0,0.16,0.16,0.02,False,False,24397
Marc Wilson,1983,RAI,10,67,117,864,8,6,82.0,10,13,122,0,66.76,66.76,6.68,False,False,24397
Marc Wilson,1984,RAI,16,153,282,2151,15,17,71.7,37,30,56,1,123.64,123.64,7.73,False,False,24397
Marc Wilson,1985,RAI,16,193,388,2608,16,21,62.7,27,24,98,2,148.12,148.12,9.26,False,False,24397
Marc Wilson,1986,RAI,16,129,240,1721,12,15,67.4,34,14,45,0,91.34,91.34,5.71,False,False,24397
Marc Wilson,1987,RAI,15,152,266,2070,12,8,84.6,33,17,91,0,123.9,123.9,8.26,False,False,24397
Marc Wilson,1989,NWE,14,75,150,1006,3,5,64.5,10,7,42,0,46.44,46.44,3.32,False,False,24397
Marc Wilson,1990,NWE,16,139,265,1625,6,11,61.6,29,5,7,0,67.7,67.7,4.23,False,False,24397
Mark Brunell,1994,GNB,2,12,27,95,0,0,53.8,2,6,7,1,10.5,10.5,5.25,False,False,2808
Mark Brunell,1995,JAX,13,201,346,2168,15,7,82.6,39,67,480,4,204.72,204.72,15.75,False,False,2808
Mark Brunell,1996,JAX,16,353,557,4367,19,20,84.0,50,80,396,3,268.28,268.28,16.77,False,False,2808
Mark Brunell,1997,JAX,14,264,435,3281,18,7,91.2,33,48,257,2,226.94,226.94,16.21,False,False,2808
Mark Brunell,1998,JAX,13,208,354,2601,20,9,89.9,29,49,192,0,185.24,185.24,14.25,False,False,2808
Mark Brunell,1999,JAX,15,259,441,3060,14,9,82.0,29,47,208,1,187.2,187.2,12.48,False,False,2808
Mark Malone,1980,PIT,1,0,0,0,0,0,,,0,0,0,0.0,0.0,0.0,False,False,13931
Mark Malone,1981,PIT,8,45,88,553,3,5,58.6,,16,68,2,57.92,58.92,7.37,False,False,13931
Mark Malone,1983,PIT,2,9,20,124,1,2,42.5,1,0,0,0,4.96,4.96,2.48,False,False,13931
Mark Malone,1984,PIT,13,147,272,2137,16,17,73.4,25,25,42,3,137.68,137.68,10.59,False,False,13931
Mark Malone,1985,PIT,10,117,233,1428,13,7,75.5,10,15,80,1,109.12,109.12,10.91,False,False,13931
Mark Malone,1986,PIT,14,216,425,2444,15,18,62.5,13,31,107,5,162.46,162.46,11.6,False,False,13931
Mark Malone,1987,PIT,12,156,336,1896,6,19,46.7,18,34,162,3,96.04,96.04,8.0,False,False,13931
Mark Malone,1988,SDG,12,147,272,1580,6,13,58.8,9,37,169,4,102.1,102.1,8.51,False,False,13931
Mark Malone,1989,NYJ,1,2,2,13,0,0,93.8,0,1,0,0,0.52,0.52,0.52,False,False,13931
Mark Rypien,1988,WAS,9,114,208,1730,18,13,85.2,14,9,31,1,124.3,124.3,13.81,False,False,19338
Mark Rypien,1989,WAS,14,280,476,3768,22,13,88.1,16,26,56,1,224.32,224.32,16.02,False,False,19338
Mark Rypien,1990,WAS,10,166,304,2070,16,11,78.4,6,15,4,0,125.2,125.2,12.52,False,False,19338
Mark Rypien,1991,WAS,16,249,421,3564,28,11,97.9,7,15,6,1,239.16,239.16,14.95,False,False,19338
Mark Rypien,1992,WAS,16,269,479,3282,13,17,71.7,23,36,50,2,166.28,166.28,10.39,False,False,19338
Mark Rypien,1993,WAS,12,166,319,1514,4,10,56.3,16,9,4,3,74.96,74.96,6.25,False,False,19338
Mark Rypien,1994,CLE,6,59,128,694,4,3,63.7,2,7,4,0,38.16,38.16,6.36,False,False,19338
Mark Rypien,1995,STL,11,129,217,1448,9,8,77.9,11,9,10,0,78.92,78.92,7.17,False,False,19338
Mark Rypien,1996,PHI,1,10,13,76,1,0,116.2,0,0,0,0,7.04,7.04,7.04,False,False,19338
Mark Rypien,1997,STL,5,19,39,270,0,2,50.2,1,1,1,0,6.9,6.9,1.38,False,False,19338
Mike Livingston,1968,KAN,1,0,0,0,0,0,,,2,2,0,0.2,0.2,0.2,False,False,13448
Mike Livingston,1969,KAN,9,84,161,1123,4,6,67.4,,15,102,0,59.12,59.12,6.57,False,False,13448
Mike Livingston,1970,KAN,4,11,22,122,0,1,47.9,,3,26,0,5.48,5.48,1.37,False,False,13448
Mike Livingston,1971,KAN,3,12,28,130,0,0,57.1,,5,11,0,6.3,6.3,2.1,False,False,13448
Mike Livingston,1972,KAN,5,41,78,480,7,8,61.9,,14,133,0,44.5,44.5,8.9,False,False,13448
Mike Livingston,1973,KAN,8,75,145,916,6,7,65.2,,19,94,2,68.04,68.04,8.51,False,False,13448
Mike Livingston,1974,KAN,8,66,141,732,4,10,42.6,,9,28,0,28.08,28.08,3.51,False,False,13448
Mike Livingston,1975,KAN,7,88,176,1245,8,6,74.2,,13,68,1,82.6,82.6,11.8,False,False,13448
Mike Livingston,1976,KAN,14,189,338,2682,12,13,77.6,,31,89,2,150.18,150.18,10.73,False,False,13448
Mike Livingston,1977,KAN,13,143,282,1823,9,15,59.8,,19,78,1,92.72,92.72,7.13,False,False,13448
Mike Livingston,1978,KAN,14,159,290,1573,5,13,57.4,,23,49,1,67.82,67.82,4.84,False,False,13448
Mike Livingston,1979,KAN,5,44,90,469,1,4,49.7,,3,2,0,14.96,14.96,2.99,False,False,13448
Mike Pagel,1982,BAL,9,111,221,1281,5,7,62.4,16,19,82,1,71.44,71.44,7.94,False,False,16991
Mike Pagel,1983,BAL,15,163,328,2353,12,17,64.0,40,54,441,0,152.22,152.22,10.15,False,False,16991
Mike Pagel,1984,IND,11,114,212,1426,8,8,71.8,28,26,149,1,93.94,93.94,8.54,False,False,16991
Mike Pagel,1985,IND,16,199,393,2414,14,15,65.8,25,25,160,2,151.16,152.16,9.51,False,False,16991
Mike Pagel,1986,CLE,1,2,3,53,0,0,109.7,0,2,0,0,2.12,2.12,2.12,False,False,16991
Mike Pagel,1987,CLE,4,0,0,0,0,0,,0,0,0,0,0.0,0.0,0.0,False,False,16991
Mike Pagel,1988,CLE,5,71,134,736,3,4,64.1,1,4,1,0,33.54,33.54,6.71,False,False,16991
Mike Pagel,1989,CLE,16,5,14,60,1,1,43.8,0,2,-1,0,4.3,4.3,0.27,False,False,16991
Mike Pagel,1990,CLE,16,69,148,819,3,8,48.2,5,3,-1,0,28.66,28.66,1.79,False,False,16991
Mike Pagel,1991,RAM,16,11,27,150,2,0,83.9,0,0,0,0,14.0,14.0,0.87,False,False,16991
Mike Pagel,1992,RAM,16,8,20,99,1,2,33.1,0,1,0,0,3.96,3.96,0.25,False,False,16991
Mike Pagel,1993,RAM,7,3,9,23,0,1,2.8,0,0,0,0,-1.08,-1.08,-0.15,False,False,16991
Mike Phipps,1970,CLE,14,29,60,529,1,5,49.9,,11,94,0,24.56,24.56,1.75,False,False,17566
Mike Phipps,1971,CLE,14,13,47,179,1,4,14.6,,6,35,0,6.66,6.66,0.48,False,False,17566
Mike Phipps,1972,CLE,14,144,305,1994,13,16,61.0,,60,256,5,155.36,155.36,11.1,False,False,17566
Mike Phipps,1973,CLE,14,148,299,1719,9,20,49.4,,60,395,5,134.26,134.26,9.59,False,False,17566
Mike Phipps,1974,CLE,14,117,256,1384,9,17,46.7,,39,279,1,91.26,91.26,6.52,False,False,17566
Mike Phipps,1975,CLE,14,162,313,1749,4,19,47.5,,18,70,0,54.96,54.96,3.93,False,False,17566
Mike Phipps,1976,CLE,4,20,37,146,3,0,90.6,,4,26,0,20.44,20.44,5.11,False,False,17566
Mike Phipps,1977,CHI,3,3,5,5,0,0,64.6,,0,0,0,0.2,0.2,0.07,False,False,17566
Mike Phipps,1978,CHI,6,44,83,465,2,10,38.1,,13,34,0,10.0,10.0,1.67,False,False,17566
Mike Phipps,1979,CHI,12,134,255,1535,9,8,69.6,,27,51,0,86.5,86.5,7.21,False,False,17566
Mike Phipps,1980,CHI,7,61,122,630,2,9,40.0,,15,38,2,31.0,31.0,4.43,False,False,17566
Mike Phipps,1981,CHI,3,11,17,171,2,0,137.1,,1,0,0,14.84,14.84,4.95,False,False,17566
Mike Taliaferro,1964,NYJ,8,23,73,341,2,5,28.4,,9,45,0,16.14,16.14,2.02,False,False,21743
Mike Taliaferro,1965,NYJ,9,45,119,531,3,7,36.1,,7,4,0,19.64,19.64,2.18,False,False,21743
Mike Taliaferro,1966,NYJ,5,19,41,177,2,2,54.6,,0,0,0,11.08,11.08,2.22,False,False,21743
Mike Taliaferro,1967,NYJ,3,11,20,96,1,1,63.8,,2,20,0,7.84,7.84,2.61,False,False,21743
Mike Taliaferro,1968,BOS,7,67,176,889,4,15,26.9,,8,51,0,26.66,26.66,3.81,False,False,21743
Mike Taliaferro,1969,BOS,14,160,331,2160,19,18,66.0,,12,-16,0,124.8,124.8,8.91,False,False,21743
Mike Taliaferro,1970,BOS,11,78,173,871,4,11,41.8,,3,11,0,29.94,29.94,2.72,False,False,21743
Mike Taliaferro,1972,BUF,5,16,33,176,1,4,35.2,,5,19,0,4.94,4.94,0.99,False,False,21743
Mike Tomczak,1985,CHI,6,2,6,33,0,0,52.8,0,2,3,0,1.62,1.62,0.27,False,False,22393
Mike Tomczak,1986,CHI,13,74,151,1105,2,10,50.2,4,23,117,3,61.9,61.9,4.76,False,False,22393
Mike Tomczak,1987,CHI,12,97,178,1220,5,10,62.0,9,18,54,1,60.2,60.2,5.02,False,False,22393
Mike Tomczak,1988,CHI,14,86,170,1310,7,6,75.4,5,13,40,1,78.4,78.4,5.6,False,False,22393
Mike Tomczak,1989,CHI,16,156,306,2058,16,16,68.2,10,24,71,1,127.42,127.42,7.96,False,False,22393
Mike Tomczak,1990,CHI,16,39,104,521,3,5,43.8,11,12,41,2,39.44,40.44,2.53,False,False,22393
Mike Tomczak,1991,GNB,12,128,238,1490,11,9,72.6,13,17,93,1,100.9,100.9,8.41,False,False,22393
Mike Tomczak,1992,CLE,12,120,211,1693,7,7,80.1,12,24,39,0,85.62,85.62,7.14,False,False,22393
Mike Tomczak,1993,PIT,7,29,54,398,2,5,51.3,7,5,-4,0,13.52,13.52,1.93,False,False,22393
Mike Tomczak,1994,PIT,6,54,93,804,4,0,100.8,4,4,22,0,50.36,50.36,8.39,False,False,22393
Mike Tomczak,1995,PIT,7,65,113,666,1,9,44.3,6,11,25,0,15.14,15.14,2.16,False,False,22393
Mike Tomczak,1996,PIT,16,222,401,2767,15,17,71.8,16,22,-7,0,135.98,135.98,8.5,False,False,22393
Mike Tomczak,1997,PIT,16,16,24,185,1,2,68.9,0,7,13,0,8.7,8.7,0.54,False,False,22393
Mike Tomczak,1998,PIT,14,21,30,204,2,2,83.2,1,0,0,0,12.16,12.16,0.87,False,False,22393
Mike Tomczak,1999,PIT,16,139,258,1625,12,8,75.8,15,16,19,0,98.9,98.9,6.18,False,False,22393
Milt Plum,1957,CLE,8,41,76,590,2,5,60.7,,26,118,0,33.4,33.4,4.18,False,False,17693
Milt Plum,1958,CLE,12,102,189,1619,11,11,77.9,,37,107,4,121.46,121.46,10.12,False,False,17693
Milt Plum,1959,CLE,12,156,266,1992,14,8,87.2,,21,20,1,129.68,130.68,10.89,False,False,17693
Milt Plum,1960,CLE,12,151,250,2297,21,5,110.4,,17,-24,2,175.48,175.48,14.62,False,False,17693
Milt Plum,1961,CLE,14,177,302,2416,18,10,90.3,,24,-17,1,152.94,152.94,10.92,False,False,17693
Milt Plum,1962,DET,14,179,325,2378,15,20,68.2,,29,170,1,153.12,153.12,10.94,False,False,17693
Milt Plum,1963,DET,14,27,77,339,2,12,18.7,,9,26,0,16.16,16.16,1.15,False,False,17693
Milt Plum,1964,DET,12,154,287,2241,18,15,78.5,,12,28,1,140.44,140.44,11.7,False,False,17693
Milt Plum,1965,DET,14,143,308,1710,12,19,51.2,,21,37,3,100.1,100.1,7.15,False,False,17693
Milt Plum,1966,DET,14,82,146,943,4,13,47.8,,12,59,0,34.62,34.62,2.47,False,False,17693
Milt Plum,1967,DET,9,86,172,925,4,8,54.5,,6,5,0,37.5,37.5,4.17,False,False,17693
Milt Plum,1968,RAM,2,5,12,49,1,1,46.9,,2,3,0,4.26,4.26,2.13,False,False,17693
Milt Plum,1969,NYG,1,3,9,37,0,0,47.0,,1,-1,0,1.38,1.38,1.38,False,False,17693
Neil Lomax,1981,STL,14,119,236,1575,4,10,59.9,,19,104,2,81.4,81.4,5.81,False,False,13519
Neil Lomax,1982,STL,9,109,205,1367,5,6,70.1,31,28,119,1,81.58,82.58,9.18,False,False,13519
Neil Lomax,1983,STL,13,209,354,2636,24,11,92.0,43,27,127,2,204.14,204.14,15.7,False,False,13519
Neil Lomax,1984,STL,16,345,560,4614,28,16,92.5,49,35,184,3,300.96,300.96,18.81,False,False,13519
Neil Lomax,1985,STL,16,265,471,3214,18,12,79.5,61,32,125,0,189.06,189.06,11.82,False,False,13519
Neil Lomax,1986,STL,14,240,421,2583,13,12,73.6,52,35,148,1,152.12,152.12,10.87,False,False,13519
Neil Lomax,1987,STL,12,275,463,3387,24,12,88.5,48,29,107,0,218.18,218.18,18.18,False,False,13519
Neil Lomax,1988,PHO,14,255,443,3395,20,11,86.7,46,17,55,1,205.3,205.3,14.66,False,False,13519
Neil O'Donnell,1991,PIT,12,156,286,1963,11,7,78.8,30,18,82,1,122.72,122.72,10.23,False,False,16640
Neil O'Donnell,1992,PIT,12,185,313,2283,13,9,83.6,27,27,5,1,131.82,131.82,10.98,False,False,16640
Neil O'Donnell,1993,PIT,16,270,486,3208,14,7,79.5,41,26,111,0,181.42,181.42,11.34,False,False,16640
Neil O'Donnell,1994,PIT,14,212,370,2443,13,9,78.9,35,31,80,1,145.72,145.72,10.41,False,False,16640
Neil O'Donnell,1995,PIT,12,246,416,2970,17,7,87.7,15,24,45,0,177.3,177.3,14.78,False,False,16640
Neil O'Donnell,1996,NYJ,6,110,188,1147,4,7,67.8,18,6,30,0,50.88,50.88,8.48,False,False,16640
Neil O'Donnell,1997,NYJ,15,259,460,2796,17,7,80.3,45,32,36,1,175.44,175.44,11.7,False,False,16640
Neil O'Donnell,1998,CIN,13,212,343,2216,15,4,90.2,31,13,34,0,144.04,144.04,11.08,False,False,16640
Neil O'Donnell,1999,TEN,8,116,195,1382,10,5,87.6,9,19,1,0,85.38,85.38,10.67,False,False,16640
Norm Snead,1961,WAS,14,172,375,2337,11,22,51.6,,34,47,3,116.18,116.18,8.3,False,False,20836
Norm Snead,1962,WAS,14,184,354,2926,22,22,74.7,,20,10,3,180.04,180.04,12.86,False,False,20836
Norm Snead,1963,WAS,14,175,363,3043,13,27,58.1,,23,100,2,141.72,141.72,10.12,False,False,20836
Norm Snead,1964,PHI,12,138,283,1906,14,12,69.6,,16,59,2,126.14,126.14,10.51,False,False,20836
Norm Snead,1965,PHI,11,150,288,2346,15,13,78.0,,24,81,3,153.94,153.94,13.99,False,False,20836
Norm Snead,1966,PHI,10,103,226,1275,8,11,55.1,,15,32,1,70.2,70.2,7.02,False,False,20836
Norm Snead,1967,PHI,14,240,434,3399,29,24,80.0,,9,30,2,218.96,218.96,15.64,False,False,20836
Norm Snead,1968,PHI,11,152,291,1655,11,21,51.8,,9,27,0,70.9,70.9,6.45,False,False,20836
Norm Snead,1969,PHI,13,190,379,2768,19,23,65.7,,8,2,2,152.92,152.92,11.76,False,False,20836
Norm Snead,1970,PHI,14,181,335,2323,15,20,66.1,,18,35,3,134.42,134.42,9.6,False,False,20836
Norm Snead,1971,MIN,7,37,75,470,1,6,40.4,,6,6,1,17.4,17.4,2.49,False,False,20836
Norm Snead,1972,NYG,14,196,325,2307,17,12,84.0,,10,21,0,138.38,138.38,9.88,False,False,20836
Norm Snead,1973,NYG,10,131,235,1483,7,22,45.8,,4,13,0,44.62,44.62,4.46,False,False,20836
Norm Snead,1974,NYG/SFO,8,97,159,983,5,8,68.2,,4,29,0,46.22,46.22,5.78,False,False,20836
Norm Snead,1975,SFO,9,108,189,1337,9,10,73.0,,9,30,1,78.48,78.48,8.72,False,False,20836
Norm Snead,1976,NYG,3,22,42,239,0,4,29.9,,3,-1,0,1.46,1.46,0.49,False,False,20836
Norm Van Brocklin,1950,RAM,12,127,233,2061,18,14,85.1,,14,22,1,134.64,134.64,11.22,True,True,22801
Norm Van Brocklin,1951,RAM,12,100,194,1725,13,11,80.8,,7,2,2,111.2,111.2,9.27,True,True,22801
Norm Van Brocklin,1952,RAM,12,113,205,1736,14,17,71.5,,7,-10,0,90.44,90.44,7.54,True,True,22801
Norm Van Brocklin,1953,RAM,12,156,286,2393,19,14,84.1,,8,11,0,144.82,144.82,12.07,True,True,22801
Norm Van Brocklin,1954,RAM,12,139,260,2637,13,21,71.9,,6,-10,0,114.48,114.48,9.54,True,True,22801
Norm Van Brocklin,1955,RAM,12,144,272,1890,8,15,62.0,,11,24,0,80.0,80.0,6.67,True,True,22801
Norm Van Brocklin,1956,RAM,8,68,124,966,7,12,59.5,,4,1,1,48.74,48.74,6.09,True,True,22801
Norm Van Brocklin,1957,RAM,12,132,265,2105,20,21,68.8,,10,-4,4,145.8,145.8,12.15,True,True,22801
Norm Van Brocklin,1958,PHI,12,198,374,2409,15,20,64.1,,8,5,1,122.86,122.86,10.24,True,True,22801
Norm Van Brocklin,1959,PHI,12,191,340,2617,16,14,79.5,,11,13,2,153.98,153.98,12.83,True,True,22801
Norm Van Brocklin,1960,PHI,12,153,284,2471,24,17,86.5,,11,-13,0,159.54,159.54,13.29,True,True,22801
Otto Graham,1950,CLE,12,137,253,1943,14,20,64.7,,55,145,6,144.22,144.22,12.02,True,True,8228
Otto Graham,1951,CLE,12,147,265,2205,17,16,79.2,,35,29,3,145.1,145.1,12.09,True,True,8228
Otto Graham,1952,CLE,12,181,364,2816,20,24,66.6,,42,130,4,181.64,181.64,15.14,True,True,8228
Otto Graham,1953,CLE,12,167,258,2722,11,9,99.7,,43,143,6,185.18,185.18,15.43,True,True,8228
Otto Graham,1954,CLE,12,142,240,2092,11,17,73.5,,63,114,8,153.08,153.08,12.76,True,True,8228
Otto Graham,1955,CLE,12,98,185,1721,15,8,94.0,,68,121,6,160.94,160.94,13.41,True,True,8228
Pat Haden,1976,RAM,10,60,105,896,8,4,94.8,,25,84,4,92.24,92.24,9.22,False,False,8710
Pat Haden,1977,RAM,12,122,216,1551,11,6,84.5,,29,106,2,116.64,116.64,9.72,False,False,8710
Pat Haden,1978,RAM,16,229,444,2995,13,19,65.1,,33,206,0,154.4,154.4,9.65,False,False,8710
Pat Haden,1979,RAM,10,163,290,1854,11,14,68.1,,16,97,0,99.86,99.86,9.99,False,False,8710
Pat Haden,1980,RAM,4,19,41,185,0,4,19.9,,3,12,0,0.6,0.6,0.15,False,False,8710
Pat Haden,1981,RAM,13,138,267,1815,9,13,64.4,,18,104,0,93.0,93.0,7.15,False,False,8710
Paul McDonald,1980,CLE,15,0,0,0,0,0,,,3,-2,0,-0.2,-0.2,-0.01,False,False,14677
Paul McDonald,1981,CLE,12,35,57,463,4,2,95.9,,2,0,0,30.52,30.52,2.54,False,False,14677
Paul McDonald,1982,CLE,9,73,149,993,5,8,59.5,13,7,-13,0,42.42,42.42,4.71,False,False,14677
Paul McDonald,1983,CLE,16,32,68,341,1,4,42.6,6,3,17,0,11.34,11.34,0.71,False,False,14677
Paul McDonald,1984,CLE,16,271,493,3472,14,23,67.3,53,22,4,1,154.88,155.88,9.74,False,False,14677
Paul McDonald,1985,CLE,16,0,0,0,0,0,,0,0,0,0,0.0,0.0,0.0,False,False,14677
Paul McDonald,1986,DAL,1,0,0,0,0,0,,0,0,0,0,0.0,0.0,0.0,False,False,14677
Pete Beathard,1964,KAN,3,4,9,50,1,2,59.7,,4,43,0,6.3,6.3,2.1,False,False,1351
Pete Beathard,1965,KAN,8,36,89,632,1,6,41.0,,25,138,4,55.08,55.08,6.88,False,False,1351
Pete Beathard,1966,KAN,11,39,90,578,4,4,61.3,,20,152,1,52.32,52.32,4.76,False,False,1351
Pete Beathard,1967,KAN/HOU,11,94,231,1114,9,14,43.8,,32,133,1,71.86,71.86,6.53,False,False,1351
Pete Beathard,1968,HOU,9,105,223,1559,7,16,51.0,,18,79,2,78.26,78.26,8.7,False,False,1351
Pete Beathard,1969,HOU,12,180,370,2455,10,21,55.6,,19,89,2,117.1,117.1,9.76,False,False,1351
Pete Beathard,1970,STL,4,7,17,114,2,1,79.0,,2,2,0,10.76,10.76,2.69,False,False,1351
Pete Beathard,1971,STL,9,60,141,1030,6,12,46.7,,4,29,0,44.1,44.1,4.9,False,False,1351
Pete Beathard,1972,RAM,14,19,48,255,1,7,24.6,,1,-1,0,0.1,0.1,0.01,False,False,1351
Pete Beathard,1973,KAN,9,31,64,389,2,1,71.7,,6,16,1,29.16,29.16,3.24,False,False,1351
Pete Liske,1964,NYJ,2,9,18,55,0,2,16.9,,1,0,0,-1.8,-1.8,-0.9,False,False,13415
Pete Liske,1969,DEN,6,61,115,845,9,11,63.4,,10,50,0,52.8,52.8,8.8,False,False,13415
Pete Liske,1970,DEN,11,112,238,1340,7,11,55.3,,7,42,1,69.8,69.8,6.35,False,False,13415
Pete Liske,1971,PHI,14,143,269,1957,11,15,67.1,,13,29,1,101.18,101.18,7.23,False,False,13415
Pete Liske,1972,PHI,14,71,138,973,3,7,60.4,,7,20,0,38.92,38.92,2.78,False,False,13415
Peyton Manning,1998,IND,16,326,575,3739,26,28,71.2,22,15,62,0,203.76,203.76,12.74,False,False,13985
Peyton Manning,1999,IND,16,331,533,4135,26,15,90.7,14,35,73,2,258.7,258.7,16.17,False,False,13985
Phil Simms,1979,NYG,12,134,265,1743,13,14,66.0,,29,166,1,116.32,116.32,9.69,False,False,20297
Phil Simms,1980,NYG,13,193,402,2321,15,19,58.9,,36,190,1,139.84,139.84,10.76,False,False,20297
Phil Simms,1981,NYG,10,172,316,2031,11,9,74.0,,19,42,0,111.44,111.44,11.14,False,False,20297
Phil Simms,1983,NYG,2,7,13,130,0,1,56.6,3,0,0,0,3.2,3.2,1.6,False,False,20297
Phil Simms,1984,NYG,16,286,533,4044,22,18,78.1,55,42,162,0,231.26,232.26,14.52,False,False,20297
Phil Simms,1985,NYG,16,275,495,3829,22,20,78.6,52,37,132,0,214.36,214.36,13.4,False,False,20297
Phil Simms,1986,NYG,16,259,468,3487,21,22,74.6,45,43,72,1,192.68,192.68,12.04,False,False,20297
Phil Simms,1987,NYG,9,163,282,2230,17,9,90.0,35,14,44,0,143.6,143.6,15.96,False,False,20297
Phil Simms,1988,NYG,15,263,479,3359,21,11,82.1,53,33,152,0,211.56,211.56,14.1,False,False,20297
Phil Simms,1989,NYG,15,228,405,3061,14,14,77.6,40,32,141,1,170.54,170.54,11.37,False,False,20297
Phil Simms,1990,NYG,14,184,311,2284,15,4,92.7,20,21,61,1,155.46,155.46,11.1,False,False,20297
Phil Simms,1991,NYG,6,82,141,993,8,4,87.0,14,9,42,1,73.92,73.92,12.32,False,False,20297
Phil Simms,1992,NYG,4,83,137,912,5,3,83.3,10,6,17,0,52.18,52.18,13.05,False,False,20297
Phil Simms,1993,NYG,16,247,400,3038,15,9,88.3,37,28,31,0,166.02,167.02,10.44,False,False,20297
Randall Cunningham,1985,PHI,6,34,81,548,1,8,29.8,20,29,205,0,30.42,30.42,5.07,False,True,4933
Randall Cunningham,1986,PHI,15,111,209,1391,8,7,72.9,70,66,540,5,157.64,157.64,10.51,False,True,4933
Randall Cunningham,1987,PHI,12,223,406,2786,23,12,83.0,54,76,505,3,247.64,248.64,20.72,False,True,4933
Randall Cunningham,1988,PHI,16,301,560,3808,24,16,77.6,57,93,624,6,314.72,314.72,19.67,False,True,4933
Randall Cunningham,1989,PHI,16,290,532,3400,21,15,75.5,45,104,621,4,276.1,276.1,17.26,False,True,4933
Randall Cunningham,1990,PHI,16,271,465,3466,30,13,91.6,49,118,942,5,356.84,356.84,22.3,False,True,4933
Randall Cunningham,1991,PHI,1,1,4,19,0,0,46.9,2,0,0,0,0.76,0.76,0.76,False,True,4933
Randall Cunningham,1992,PHI,15,233,384,2775,19,11,87.3,60,87,549,5,249.9,249.9,16.66,False,True,4933
Randall Cunningham,1993,PHI,4,76,110,850,5,5,88.1,7,18,110,1,61.0,61.0,15.25,False,True,4933
Randall Cunningham,1994,PHI,14,265,490,3229,16,13,74.4,43,65,288,3,213.96,213.96,15.28,False,True,4933
Randall Cunningham,1995,PHI,7,69,121,605,3,5,61.5,13,21,98,0,36.0,36.0,5.14,False,True,4933
Randall Cunningham,1997,MIN,6,44,88,501,6,4,71.3,7,19,127,0,48.74,48.74,8.12,False,True,4933
Randall Cunningham,1998,MIN,15,259,425,3704,34,10,106.0,20,32,132,1,283.06,284.06,18.94,False,True,4933
Randall Cunningham,1999,MIN,6,124,200,1475,8,9,79.1,15,10,58,0,78.8,78.8,13.13,False,True,4933
Randy Johnson,1966,ATL,14,129,295,1795,12,21,47.8,,35,142,4,116.0,116.0,8.29,False,False,11390
Randy Johnson,1967,ATL,14,142,288,1620,10,21,47.8,,24,144,1,83.2,83.2,5.94,False,False,11390
Randy Johnson,1968,ATL,8,73,156,892,2,10,42.5,,11,97,1,39.38,39.38,4.92,False,False,11390
Randy Johnson,1969,ATL,6,51,93,788,8,5,89.4,,11,55,1,65.02,65.02,10.84,False,False,11390
Randy Johnson,1970,ATL,4,40,72,443,2,8,43.7,,7,21,0,11.82,11.82,2.96,False,False,11390
Randy Johnson,1971,NYG,5,41,74,477,3,3,71.7,,6,29,0,27.98,27.98,5.6,False,False,11390
Randy Johnson,1972,NYG,4,10,17,230,3,3,103.2,,9,26,1,23.8,23.8,5.95,False,False,11390
Randy Johnson,1973,NYG,9,99,177,1279,7,8,73.2,,4,24,1,71.56,71.56,7.95,False,False,11390
Randy Johnson,1975,WAS,8,41,79,556,4,10,52.0,,2,10,0,19.24,19.24,2.4,False,False,11390
Randy Johnson,1976,GNB,3,21,35,249,0,1,69.8,,5,25,1,16.46,16.46,5.49,False,False,11390
Randy Wright,1984,GNB,8,27,62,310,2,6,30.4,3,8,11,0,9.5,9.5,1.19,False,False,24753
Randy Wright,1985,GNB,5,39,74,552,2,4,63.6,8,8,8,0,22.88,22.88,4.58,False,False,24753
Randy Wright,1986,GNB,16,263,492,3247,17,23,66.2,33,18,41,1,161.98,161.98,10.12,False,False,24753
Randy Wright,1987,GNB,9,132,247,1507,6,11,61.6,20,13,70,0,69.28,69.28,7.7,False,False,24753
Randy Wright,1988,GNB,8,141,244,1490,4,13,58.9,20,8,43,2,65.9,65.9,8.24,False,False,24753
Rich Gannon,1987,MIN,4,2,6,18,0,1,2.8,0,0,0,0,-1.28,-1.28,-0.32,False,False,7574
Rich Gannon,1988,MIN,3,7,15,90,0,0,66.0,2,4,29,0,6.5,6.5,2.17,False,False,7574
Rich Gannon,1990,MIN,14,182,349,2278,16,16,68.9,34,52,268,1,155.92,155.92,11.14,False,False,7574
Rich Gannon,1991,MIN,15,211,354,2166,12,6,81.5,19,43,236,2,158.24,159.24,10.62,False,False,7574
Rich Gannon,1992,MIN,12,159,279,1905,12,13,72.9,25,45,187,0,116.9,116.9,9.74,False,False,7574
Rich Gannon,1993,WAS,8,74,125,704,3,7,59.5,16,21,88,1,40.96,40.96,5.12,False,False,7574
Rich Gannon,1995,KAN,2,7,11,57,0,0,76.7,0,8,25,1,10.78,10.78,5.39,False,False,7574
Rich Gannon,1996,KAN,4,54,90,491,6,1,92.4,5,12,81,0,49.74,49.74,12.44,False,False,7574
Rich Gannon,1997,KAN,9,98,175,1144,7,4,79.8,13,33,109,2,88.66,88.66,9.85,False,False,7574
Rich Gannon,1998,KAN,12,206,354,2305,10,6,80.1,26,44,168,3,155.0,155.0,12.92,False,False,7574
Rich Gannon,1999,OAK,16,304,515,3840,24,14,86.5,49,46,298,2,263.1,264.1,16.51,False,False,7574
Richard Todd,1976,NYJ,13,65,162,870,3,12,33.2,,28,107,1,39.5,39.5,3.04,False,False,22361
Richard Todd,1977,NYJ,12,133,265,1863,11,17,60.3,,24,46,2,101.12,101.12,8.43,False,False,22361
Richard Todd,1978,NYJ,5,60,107,849,6,10,61.6,,14,18,0,39.76,39.76,7.95,False,False,22361
Richard Todd,1979,NYJ,15,171,334,2660,16,22,66.5,,36,93,5,165.7,165.7,11.05,False,False,22361
Richard Todd,1980,NYJ,16,264,479,3329,17,30,62.7,,49,330,5,204.16,204.16,12.76,False,False,22361
Richard Todd,1981,NYJ,16,279,497,3231,25,13,81.8,,32,131,0,216.44,217.44,13.59,False,False,22361
Richard Todd,1982,NYJ,9,153,261,1961,14,8,87.3,23,13,-5,1,123.94,123.94,13.77,False,False,22361
Richard Todd,1983,NYJ,16,308,518,3478,18,26,70.3,42,35,101,0,169.22,169.22,10.58,False,False,22361
Richard Todd,1984,NOR,15,161,312,2178,11,19,60.6,32,28,111,0,104.22,104.22,6.95,False,False,22361
Richard Todd,1985,NOR,2,16,32,191,3,4,60.3,1,0,0,0,11.64,11.64,5.82,False,False,22361
Rick Mirer,1993,SEA,16,274,486,2833,12,17,67.0,47,68,343,3,179.62,179.62,11.23,False,False,15449
Rick Mirer,1994,SEA,13,195,381,2151,11,7,70.2,27,34,153,0,131.34,131.34,10.1,False,False,15449
Rick Mirer,1995,SEA,15,209,391,2564,13,20,63.7,42,43,193,1,139.86,139.86,9.32,False,False,15449
Rick Mirer,1996,SEA,11,136,265,1546,5,12,56.6,22,33,191,2,88.94,88.94,8.09,False,False,15449
Rick Mirer,1997,CHI,7,53,103,420,0,6,37.7,16,20,78,1,18.6,18.6,2.66,False,False,15449
Rick Mirer,1999,NYJ,8,95,176,1062,5,9,60.4,22,21,89,1,59.38,59.38,7.42,False,False,15449
Rodney Peete,1989,DET,8,103,195,1479,5,9,67.0,27,33,148,4,99.96,99.96,12.5,False,False,17316
Rodney Peete,1990,DET,11,142,271,1974,13,8,79.8,27,47,363,6,187.26,187.26,17.02,False,False,17316
Rodney Peete,1991,DET,8,116,194,1339,5,9,69.9,11,25,125,2,80.06,80.06,10.01,False,False,17316
Rodney Peete,1992,DET,10,123,213,1702,9,9,80.0,28,21,83,0,94.38,94.38,9.44,False,False,17316
Rodney Peete,1993,DET,10,157,252,1670,6,14,66.4,34,45,165,1,85.3,85.3,8.53,False,False,17316
Rodney Peete,1994,DAL,7,33,56,470,4,1,102.5,4,9,-2,0,32.6,32.6,4.66,False,False,17316
Rodney Peete,1995,PHI,15,215,375,2326,8,14,67.3,32,32,147,1,117.74,117.74,7.85,False,False,17316
Rodney Peete,1996,PHI,5,80,134,992,3,5,74.6,11,20,31,1,50.78,50.78,10.16,False,False,17316
Rodney Peete,1997,PHI,5,68,118,869,4,4,78.0,17,8,37,0,46.46,46.46,9.29,False,False,17316
Rodney Peete,1998,PHI,5,71,129,758,2,4,64.7,16,5,30,1,39.32,39.32,7.86,False,False,17316
Rodney Peete,1999,WAS,3,8,17,107,2,1,82.2,2,2,-1,0,10.18,10.18,3.39,False,False,17316
Roger Staubach,1969,DAL,6,23,47,421,1,2,69.5,,15,60,1,28.84,28.84,4.81,True,True,21155
Roger Staubach,1970,DAL,8,44,82,542,2,8,42.9,,27,221,0,35.78,35.78,4.47,True,True,21155
Roger Staubach,1971,DAL,13,126,211,1882,15,4,104.8,,41,343,2,173.58,173.58,13.35,True,True,21155
Roger Staubach,1972,DAL,4,9,20,98,0,2,20.4,,6,45,0,4.42,4.42,1.1,True,True,21155
Roger Staubach,1973,DAL,14,179,286,2428,23,15,94.6,,46,250,3,202.12,202.12,14.44,True,True,21155
Roger Staubach,1974,DAL,14,190,360,2552,11,15,68.4,,47,320,3,164.78,165.78,11.84,True,True,21155
Roger Staubach,1975,DAL,13,198,348,2666,17,16,78.5,,55,316,4,198.24,198.24,15.25,True,True,21155
Roger Staubach,1976,DAL,14,208,369,2715,14,11,79.9,,43,184,3,179.0,179.0,12.79,True,True,21155
Roger Staubach,1977,DAL,14,210,361,2620,18,9,87.0,,51,171,3,193.9,193.9,13.85,True,True,21155
Roger Staubach,1978,DAL,15,231,413,3190,25,16,84.9,,42,182,1,219.8,219.8,14.65,True,True,21155
Roger Staubach,1979,DAL,16,267,461,3586,27,11,92.3,,37,172,0,246.64,246.64,15.42,True,True,21155
Roman Gabriel,1962,RAM,6,57,101,670,3,2,78.4,,18,93,0,44.1,44.1,7.35,False,False,7479
Roman Gabriel,1963,RAM,12,130,281,1947,8,11,62.7,,39,132,3,119.08,119.08,9.92,False,False,7479
Roman Gabriel,1964,RAM,7,65,143,1236,9,5,82.4,,11,5,1,81.94,81.94,11.71,False,False,7479
Roman Gabriel,1965,RAM,7,83,173,1321,11,5,83.0,,23,79,2,106.74,106.74,15.25,False,False,7479
Roman Gabriel,1966,RAM,14,217,397,2540,10,16,65.9,,52,176,3,145.2,145.2,10.37,False,False,7479
Roman Gabriel,1967,RAM,14,196,371,2779,25,13,85.2,,43,198,6,240.96,240.96,17.21,False,False,7479
Roman Gabriel,1968,RAM,14,184,366,2364,19,16,70.0,,34,139,4,175.96,176.96,12.64,False,False,7479
Roman Gabriel,1969,RAM,14,217,399,2549,24,7,86.8,,35,156,5,229.56,229.56,16.4,False,False,7479
Roman Gabriel,1970,RAM,14,211,407,2552,16,12,72.2,,28,104,1,158.48,158.48,11.32,False,False,7479
Roman Gabriel,1971,RAM,14,180,352,2238,17,10,75.4,,18,48,2,154.32,154.32,11.02,False,False,7479
Roman Gabriel,1972,RAM,14,165,323,2027,12,15,63.8,,14,16,1,106.68,106.68,7.62,False,False,7479
Roman Gabriel,1973,PHI,14,270,460,3219,23,12,86.0,,12,10,1,203.76,203.76,14.55,False,False,7479
Roman Gabriel,1974,PHI,11,193,338,1867,9,12,66.8,,14,76,0,94.28,94.28,8.57,False,False,7479
Roman Gabriel,1975,PHI,11,151,292,1644,13,11,67.8,,13,70,1,108.76,108.76,9.89,False,False,7479
Roman Gabriel,1976,PHI,4,46,92,476,2,2,63.5,,4,2,0,23.24,23.24,5.81,False,False,7479
Roman Gabriel,1977,PHI,13,1,3,15,0,0,50.7,,0,0,0,0.6,0.6,0.05,False,False,7479
Ron Jaworski,1974,RAM,5,10,24,144,0,1,44.4,,7,34,1,13.16,13.16,2.63,False,False,10978
Ron Jaworski,1975,RAM,14,24,48,302,0,2,52.6,,12,33,2,23.38,23.38,1.67,False,False,10978
Ron Jaworski,1976,RAM,5,20,52,273,1,5,22.8,,2,15,1,12.42,12.42,2.48,False,False,10978
Ron Jaworski,1977,PHI,14,166,346,2183,18,21,60.4,,40,127,5,160.02,160.02,11.43,False,False,10978
Ron Jaworski,1978,PHI,16,206,398,2487,16,16,67.9,,30,79,0,139.38,139.38,8.71,False,False,10978
Ron Jaworski,1979,PHI,16,190,374,2669,18,12,76.8,,43,119,2,178.66,178.66,11.17,False,False,10978
Ron Jaworski,1980,PHI,16,257,451,3529,27,12,91.0,,27,95,1,240.66,240.66,15.04,False,False,10978
Ron Jaworski,1981,PHI,16,250,461,3095,23,20,73.8,,22,128,0,188.6,188.6,11.79,False,False,10978
Ron Jaworski,1982,PHI,9,167,286,2076,12,12,77.5,31,10,9,0,107.94,107.94,11.99,False,False,10978
Ron Jaworski,1983,PHI,16,235,446,3315,20,18,75.1,53,25,129,1,195.5,195.5,12.22,False,False,10978
Ron Jaworski,1984,PHI,13,234,427,2754,16,14,73.5,33,5,18,1,153.96,153.96,11.84,False,False,10978
Ron Jaworski,1985,PHI,16,255,484,3450,17,20,70.2,34,17,35,2,181.5,181.5,11.34,False,False,10978
Ron Jaworski,1986,PHI,10,128,245,1405,8,6,70.2,22,13,33,0,79.5,79.5,7.95,False,False,10978
Ron Jaworski,1988,MIA,16,9,14,123,1,0,116.1,1,0,0,0,8.92,8.92,0.56,False,False,10978
Ron Jaworski,1989,KAN,6,36,61,385,2,5,54.3,1,4,5,0,13.9,13.9,2.32,False,False,10978
Rudy Bukich,1953,RAM,8,14,32,169,0,3,21.5,,14,28,1,9.56,9.56,1.19,False,False,2934
Rudy Bukich,1956,RAM,3,10,23,130,1,3,36.8,,1,8,0,4.0,4.0,1.33,False,False,2934
Rudy Bukich,1957,WAS,7,6,28,103,0,3,2.8,,8,-2,0,-2.08,-2.08,-0.3,False,False,2934
Rudy Bukich,1958,WAS/CHI,4,8,23,166,1,1,57.5,,2,16,0,10.24,10.24,2.56,False,False,2934
Rudy Bukich,1959,CHI,1,0,0,0,0,0,,,1,0,0,0.0,0.0,0.0,False,False,2934
Rudy Bukich,1960,PIT,5,25,51,358,2,3,60.7,,3,-8,0,15.52,15.52,3.1,False,False,2934
Rudy Bukich,1961,PIT,10,89,156,1253,11,16,67.0,,14,4,2,74.52,74.52,7.45,False,False,2934
Rudy Bukich,1962,CHI,5,3,13,79,1,4,38.5,,0,0,0,-0.84,-0.84,-0.17,False,False,2934
Rudy Bukich,1963,CHI,6,29,43,369,3,2,97.9,,7,1,1,28.86,28.86,4.81,False,False,2934
Rudy Bukich,1964,CHI,9,99,160,1099,12,7,89.0,,12,28,0,80.76,80.76,8.97,False,False,2934
Rudy Bukich,1965,CHI,14,176,312,2641,20,9,93.7,,28,33,3,188.94,188.94,13.5,False,False,2934
Rudy Bukich,1966,CHI,14,147,309,1858,10,21,49.3,,18,14,2,85.72,85.72,6.12,False,False,2934
Rudy Bukich,1967,CHI,3,18,33,185,0,2,45.6,,4,-13,0,2.1,2.1,0.7,False,False,2934
Rudy Bukich,1968,CHI,2,2,7,23,0,0,40.8,,0,0,0,0.92,0.92,0.46,False,False,2934
Scott Brunner,1980,NYG,16,52,112,610,4,6,53.1,,10,18,0,30.2,30.2,1.89,False,False,2813
Scott Brunner,1981,NYG,16,79,190,978,5,11,42.8,,14,20,0,39.12,39.12,2.45,False,False,2813
Scott Brunner,1982,NYG,9,161,298,2017,10,9,73.9,17,19,27,1,111.38,111.38,12.38,False,False,2813
Scott Brunner,1983,NYG,16,190,386,2516,9,22,54.3,31,26,64,0,99.04,99.04,6.19,False,False,2813
Scott Brunner,1985,STL,16,30,60,336,1,6,33.1,3,3,8,0,6.24,6.24,0.39,False,False,2813
Scott Mitchell,1991,MIA,2,0,0,0,0,0,,0,0,0,0,0.0,0.0,0.0,False,False,15511
Scott Mitchell,1992,MIA,16,2,8,32,0,1,4.2,0,8,10,0,0.28,0.28,0.02,False,False,15511
Scott Mitchell,1993,MIA,13,133,233,1773,12,8,84.2,7,21,89,0,111.82,111.82,8.6,False,False,15511
Scott Mitchell,1994,DET,9,119,246,1456,10,11,62.0,12,15,24,1,84.64,84.64,9.4,False,False,15511
Scott Mitchell,1995,DET,16,346,583,4338,32,12,92.3,31,36,104,4,311.92,311.92,19.5,False,False,15511
Scott Mitchell,1996,DET,14,253,437,2917,17,17,74.9,36,37,83,4,182.98,182.98,13.07,False,False,15511
Scott Mitchell,1997,DET,16,293,509,3484,19,14,79.6,41,37,83,1,201.66,201.66,12.6,False,False,15511
Scott Mitchell,1998,DET,2,38,75,452,1,3,57.2,5,7,30,0,19.08,19.08,9.54,False,False,15511
Scott Mitchell,1999,BAL,2,24,56,236,1,4,31.5,6,1,1,0,5.54,5.54,2.77,False,False,15511
Sonny Jurgensen,1957,PHI,10,33,70,470,5,8,53.6,,10,-3,2,34.5,34.5,3.45,True,True,11819
Sonny Jurgensen,1958,PHI,2,12,22,259,0,1,77.7,,1,1,0,8.46,8.46,4.23,True,True,11819
Sonny Jurgensen,1959,PHI,1,3,5,27,1,0,114.2,,0,0,0,5.08,5.08,5.08,True,True,11819
Sonny Jurgensen,1960,PHI,5,24,44,486,5,1,122.0,,4,5,0,37.94,37.94,7.59,True,True,11819
Sonny Jurgensen,1961,PHI,14,235,416,3723,32,24,88.1,,20,27,0,231.62,231.62,16.54,True,True,11819
Sonny Jurgensen,1962,PHI,14,196,366,3261,22,26,74.3,,17,44,2,182.84,182.84,13.06,True,True,11819
Sonny Jurgensen,1963,PHI,9,99,184,1413,11,13,69.4,,13,38,1,84.32,84.32,9.37,True,True,11819
Sonny Jurgensen,1964,WAS,14,207,385,2934,24,13,85.4,,27,57,3,211.06,211.06,15.08,True,True,11819
Sonny Jurgensen,1965,WAS,13,190,356,2367,15,16,69.6,,17,23,2,136.98,136.98,10.54,True,True,11819
Sonny Jurgensen,1966,WAS,14,254,436,3209,28,19,84.5,,12,14,0,203.76,203.76,14.55,True,True,11819
Sonny Jurgensen,1967,WAS,14,288,508,3747,31,16,87.3,,15,46,2,258.48,258.48,18.46,True,True,11819
Sonny Jurgensen,1968,WAS,12,167,292,1980,17,11,81.7,,8,21,1,133.3,133.3,11.11,True,True,11819
Sonny Jurgensen,1969,WAS,14,274,442,3102,22,15,85.4,,17,156,1,203.68,203.68,14.55,True,True,11819
Sonny Jurgensen,1970,WAS,14,202,337,2354,23,10,91.5,,6,39,1,176.06,176.06,12.58,True,True,11819
Sonny Jurgensen,1971,WAS,5,16,28,170,0,2,45.2,,3,29,0,5.7,5.7,1.14,True,True,11819
Sonny Jurgensen,1972,WAS,7,39,59,633,2,4,84.9,,4,-5,0,24.82,24.82,3.55,True,True,11819
Sonny Jurgensen,1973,WAS,14,87,145,904,6,5,77.5,,3,7,0,50.56,51.56,3.68,True,True,11819
Sonny Jurgensen,1974,WAS,14,107,167,1185,11,5,94.5,,4,-6,0,80.8,80.8,5.77,True,True,11819
Stan Humphries,1989,WAS,2,5,10,91,1,1,75.4,2,5,10,0,6.64,6.64,3.32,False,False,10470
Stan Humphries,1990,WAS,7,91,156,1015,3,10,57.5,9,23,106,2,55.2,55.2,7.89,False,False,10470
Stan Humphries,1992,SDG,16,263,454,3356,16,18,76.4,28,28,79,4,194.14,194.14,12.13,False,False,10470
Stan Humphries,1993,SDG,12,173,324,1981,12,10,71.5,18,8,37,0,110.94,110.94,9.25,False,False,10470
Stan Humphries,1994,SDG,15,264,453,3209,17,12,81.6,25,19,19,0,174.26,174.26,11.62,False,False,10470
Stan Humphries,1995,SDG,15,282,478,3381,17,14,80.4,23,33,53,1,186.14,187.14,12.48,False,False,10470
Stan Humphries,1996,SDG,13,232,416,2670,18,13,76.7,20,21,28,0,155.6,155.6,11.97,False,False,10470
Stan Humphries,1997,SDG,8,121,225,1488,5,6,70.8,18,13,24,0,69.92,69.92,8.74,False,False,10470
Steve Bartkowski,1975,ATL,11,115,255,1662,13,15,59.3,,14,15,2,101.98,101.98,9.27,False,False,1192
Steve Bartkowski,1976,ATL,5,57,120,677,2,9,39.5,,8,-10,1,22.08,22.08,4.42,False,False,1192
Steve Bartkowski,1977,ATL,8,64,136,796,5,13,38.4,,18,13,0,27.14,27.14,3.39,False,False,1192
Steve Bartkowski,1978,ATL,14,187,369,2489,10,18,61.1,,33,60,2,121.56,121.56,8.68,False,False,1192
Steve Bartkowski,1979,ATL,14,204,380,2505,17,20,67.3,,14,36,2,143.8,143.8,10.27,False,False,1192
Steve Bartkowski,1980,ATL,16,257,463,3544,31,16,88.2,,25,35,2,249.26,249.26,15.58,False,False,1192
Steve Bartkowski,1981,ATL,16,297,533,3829,30,23,79.2,,11,2,0,227.36,227.36,14.21,False,False,1192
Steve Bartkowski,1982,ATL,9,166,262,1905,8,11,77.9,20,13,4,1,92.6,92.6,10.29,False,False,1192
Steve Bartkowski,1983,ATL,14,274,432,3167,22,5,97.6,51,16,38,1,214.48,214.48,15.32,False,False,1192
Steve Bartkowski,1984,ATL,11,181,269,2158,11,10,89.7,40,15,34,0,113.72,113.72,10.34,False,False,1192
Steve Bartkowski,1985,ATL,5,69,111,738,5,1,92.8,18,5,9,0,48.42,48.42,9.68,False,False,1192
Steve Bartkowski,1986,RAM,6,61,126,654,2,3,59.4,11,6,3,0,28.46,28.46,4.74,False,False,1192
Steve Beuerlein,1988,RAI,10,105,238,1643,8,7,66.6,26,30,35,0,89.32,90.32,9.03,False,False,1684
Steve Beuerlein,1989,RAI,10,108,217,1677,13,9,78.4,22,16,39,0,104.98,104.98,10.5,False,False,1684
Steve Beuerlein,1991,DAL,8,68,137,909,5,2,77.2,6,7,-14,0,50.96,50.96,6.37,False,False,1684
Steve Beuerlein,1992,DAL,16,12,18,152,0,1,69.7,0,4,-7,0,3.38,3.38,0.21,False,False,1684
Steve Beuerlein,1993,PHO,16,258,418,3164,18,17,82.5,29,22,45,0,169.06,169.06,10.57,False,False,1684
Steve Beuerlein,1994,ARI,9,130,255,1545,5,9,61.6,20,22,39,1,73.7,73.7,8.19,False,False,1684
Steve Beuerlein,1995,JAX,7,71,142,952,4,7,60.5,17,5,32,0,43.28,43.28,6.18,False,False,1684
Steve Beuerlein,1996,CAR,8,69,123,879,8,2,93.5,18,12,17,0,64.86,64.86,8.11,False,False,1684
Steve Beuerlein,1997,CAR,7,89,153,1032,6,3,83.6,17,4,32,0,62.48,62.48,8.93,False,False,1684
Steve Beuerlein,1998,CAR,12,216,343,2613,17,12,88.2,43,22,26,0,151.12,151.12,12.59,False,False,1684
Steve Beuerlein,1999,CAR,16,343,571,4436,36,15,94.6,50,27,124,2,315.84,315.84,19.74,False,False,1684
Steve Bono,1985,MIN,1,1,10,5,0,0,39.6,2,0,0,0,0.2,0.2,0.2,False,False,1997
Steve Bono,1986,MIN,1,1,1,3,0,0,79.2,0,0,0,0,0.12,0.12,0.12,False,False,1997
Steve Bono,1987,PIT,3,34,74,438,5,2,76.3,6,8,27,1,42.42,43.42,14.47,False,False,1997
Steve Bono,1988,PIT,2,10,35,110,1,2,25.9,1,0,0,0,4.4,4.4,2.2,False,False,1997
Steve Bono,1989,SFO,1,4,5,62,1,0,157.9,0,0,0,0,6.48,6.48,6.48,False,False,1997
Steve Bono,1991,SFO,9,141,237,1617,11,4,88.5,11,17,46,0,105.28,105.28,11.7,False,False,1997
Steve Bono,1992,SFO,16,36,56,463,2,2,87.1,2,15,23,0,24.82,24.82,1.55,False,False,1997
Steve Bono,1993,SFO,8,39,61,416,0,1,76.9,4,12,14,1,22.04,22.04,2.75,False,False,1997
Steve Bono,1994,KAN,7,66,117,796,4,4,74.6,0,4,-1,0,39.74,39.74,5.68,False,False,1997
Steve Bono,1995,KAN,16,293,520,3121,21,10,79.5,21,28,113,5,230.14,230.14,14.38,False,False,1997
Steve Bono,1996,KAN,14,235,438,2572,12,13,68.0,22,26,27,0,127.58,127.58,9.11,False,False,1997
Steve Bono,1997,GNB,2,5,10,29,0,0,56.2,1,3,-3,0,0.86,0.86,0.43,False,False,1997
Steve Bono,1998,STL,6,69,136,807,5,4,69.1,6,10,13,0,45.58,45.58,7.6,False,False,1997
Steve Bono,1999,CAR,2,0,1,0,0,0,39.6,0,2,-2,0,-0.2,-0.2,-0.1,False,False,1997
Steve DeBerg,1978,SFO,12,137,302,1570,8,22,40.0,,15,20,1,58.8,58.8,4.9,False,False,5396
Steve DeBerg,1979,SFO,16,347,578,3652,17,21,73.1,,17,10,0,173.08,173.08,10.82,False,False,5396
Steve DeBerg,1980,SFO,11,186,321,1998,12,17,66.7,,6,4,0,94.32,94.32,8.57,False,False,5396
Steve DeBerg,1981,DEN,14,64,108,797,6,6,77.6,,9,40,0,47.88,47.88,3.42,False,False,5396
Steve DeBerg,1982,DEN,9,131,223,1405,7,11,67.2,16,8,27,1,70.9,70.9,7.88,False,False,5396
Steve DeBerg,1983,DEN,10,119,215,1617,9,7,79.9,25,13,28,1,95.48,95.48,9.55,False,False,5396
Steve DeBerg,1984,TAM,16,308,509,3554,19,18,79.3,35,28,59,2,200.06,200.06,12.5,False,False,5396
Steve DeBerg,1985,TAM,11,197,370,2488,19,18,71.3,19,9,28,0,142.32,142.32,12.94,False,False,5396
Steve DeBerg,1986,TAM,16,50,96,610,5,12,49.7,9,2,1,1,26.5,26.5,1.66,False,False,5396
Steve DeBerg,1987,TAM,12,159,275,1891,14,7,85.3,20,8,-8,0,116.84,116.84,9.74,False,False,5396
Steve DeBerg,1988,KAN,13,224,414,2935,16,16,73.5,30,18,30,1,158.4,158.4,12.18,False,False,5396
Steve DeBerg,1989,KAN,12,196,324,2529,11,16,75.8,14,14,-8,0,112.36,112.36,9.36,False,False,5396
Steve DeBerg,1990,KAN,16,258,444,3444,23,4,96.3,22,21,-5,0,221.26,221.26,13.83,False,False,5396
Steve DeBerg,1991,KAN,16,256,434,2965,17,14,79.3,19,21,-15,0,157.1,157.1,9.82,False,False,5396
Steve DeBerg,1992,TAM,6,76,125,710,3,4,71.1,8,3,3,0,32.7,32.7,5.45,False,False,5396
Steve DeBerg,1993,TAM/MIA,8,136,227,1707,7,10,75.3,18,4,-4,0,75.88,75.88,9.48,False,False,5396
Steve DeBerg,1998,ATL,8,30,59,369,3,1,80.4,6,8,-10,0,23.76,23.76,2.97,False,False,5396
Steve Dils,1979,MIN,1,0,0,0,0,0,,,0,0,0,0.0,0.0,0.0,False,False,5658
Steve Dils,1980,MIN,16,32,51,352,3,0,102.7,,3,26,0,28.68,28.68,1.79,False,False,5658
Steve Dils,1981,MIN,2,54,102,607,1,2,66.1,,4,14,0,25.68,25.68,12.84,False,False,5658
Steve Dils,1982,MIN,9,11,26,68,0,0,49.8,1,1,5,0,3.22,3.22,0.36,False,False,5658
Steve Dils,1983,MIN,16,239,444,2840,11,16,66.8,37,16,28,0,128.4,128.4,8.03,False,False,5658
Steve Dils,1984,MIN/RAM,10,4,7,44,1,1,75.9,1,0,0,0,3.76,3.76,0.38,False,False,5658
Steve Dils,1985,RAM,15,0,0,0,0,0,,0,2,-4,0,-0.4,-0.4,-0.03,False,False,5658
Steve Dils,1986,RAM,15,59,129,693,4,4,60.0,7,10,5,0,36.22,36.22,2.41,False,False,5658
Steve Dils,1987,RAM,15,56,114,646,5,4,66.6,7,7,-4,0,37.44,37.44,2.5,False,False,5658
Steve Dils,1988,ATL,7,49,99,566,2,5,52.8,15,2,1,1,26.74,26.74,3.82,False,False,5658
Steve Fuller,1979,KAN,16,146,270,1484,6,14,55.8,,50,264,1,87.76,87.76,5.49,False,False,7448
Steve Fuller,1980,KAN,14,193,320,2250,10,12,76.4,,60,274,4,157.4,157.4,11.24,False,False,7448
Steve Fuller,1981,KAN,13,77,134,934,3,4,74.0,,19,118,0,53.16,53.16,4.09,False,False,7448
Steve Fuller,1982,KAN,9,49,93,665,3,2,77.6,17,10,56,0,40.2,40.2,4.47,False,False,7448
Steve Fuller,1984,CHI,6,53,78,595,3,0,103.3,7,15,89,1,50.7,50.7,8.45,False,False,7448
Steve Fuller,1985,CHI,16,53,107,777,1,5,57.3,17,24,77,5,62.78,62.78,3.92,False,False,7448
Steve Fuller,1986,CHI,16,34,64,451,2,4,60.1,8,8,30,0,21.04,21.04,1.31,False,False,7448
Steve Grogan,1975,NWE,13,139,274,1976,11,18,60.4,,30,110,3,116.04,116.04,8.93,False,False,8568
Steve Grogan,1976,NWE,14,145,302,1903,18,20,60.6,,60,397,12,219.82,219.82,15.7,False,False,8568
Steve Grogan,1977,NWE,14,160,305,2162,17,21,65.2,,61,324,1,150.88,150.88,10.78,False,False,8568
Steve Grogan,1978,NWE,16,181,362,2824,15,23,63.6,,81,539,5,210.86,210.86,13.18,False,False,8568
Steve Grogan,1979,NWE,16,206,423,3286,28,20,77.4,,64,368,2,252.24,252.24,15.76,False,False,8568
Steve Grogan,1980,NWE,12,175,306,2475,18,22,73.1,,30,112,1,144.2,144.2,12.02,False,False,8568
Steve Grogan,1981,NWE,8,117,216,1859,7,16,63.0,,12,49,2,89.96,91.96,11.49,False,False,8568
Steve Grogan,1982,NWE,6,66,122,930,7,4,84.4,8,9,42,1,67.4,67.4,11.23,False,False,8568
Steve Grogan,1983,NWE,12,168,303,2411,15,12,81.4,29,23,108,2,154.44,155.44,12.95,False,False,8568
Steve Grogan,1984,NWE,3,32,68,444,3,6,46.4,7,7,12,0,18.96,18.96,6.32,False,False,8568
Steve Grogan,1985,NWE,7,85,156,1311,7,5,84.1,11,20,29,2,85.34,85.34,12.19,False,False,8568
Steve Grogan,1986,NWE,4,62,102,976,9,2,113.8,4,9,23,1,79.34,79.34,19.83,False,False,8568
Steve Grogan,1987,NWE,7,93,161,1183,10,9,78.2,7,20,37,2,85.02,85.02,12.15,False,False,8568
Steve Grogan,1988,NWE,6,67,140,834,4,13,37.6,8,6,12,1,30.56,30.56,5.09,False,False,8568
Steve Grogan,1989,NWE,7,133,261,1697,9,14,60.8,8,9,19,0,77.78,77.78,11.11,False,False,8568
Steve Grogan,1990,NWE,4,50,92,615,4,3,76.1,9,4,-5,0,34.1,34.1,8.53,False,False,8568
Steve McNair,1995,HOU,4,41,80,569,3,1,81.7,5,11,38,0,36.56,36.56,9.14,False,False,14971
Steve McNair,1996,HOU,9,88,143,1197,6,4,90.6,9,31,169,2,92.78,92.78,10.31,False,False,14971
Steve McNair,1997,TEN,16,216,415,2665,14,13,70.4,31,101,674,8,252.0,252.0,15.75,False,False,14971
Steve McNair,1998,TEN,16,289,492,3228,15,10,80.1,34,77,559,4,249.02,249.02,15.56,False,False,14971
Steve McNair,1999,TEN,11,187,331,2179,12,8,78.6,16,72,337,8,200.86,200.86,18.26,False,False,14971
Steve Pelluer,1984,DAL,1,0,0,0,0,0,,0,0,0,0,0.0,0.0,0.0,False,False,17332
Steve Pelluer,1985,DAL,2,5,8,47,0,0,78.6,0,3,-2,0,1.68,1.68,0.84,False,False,17332
Steve Pelluer,1986,DAL,16,215,378,2727,8,17,67.9,47,41,255,1,138.58,138.58,8.66,False,False,17332
Steve Pelluer,1987,DAL,12,55,101,642,3,2,75.6,5,25,142,1,53.88,53.88,4.49,False,False,17332
Steve Pelluer,1988,DAL,16,245,435,3139,17,19,73.9,21,51,314,2,198.96,198.96,12.43,False,False,17332
Steve Pelluer,1989,KAN,5,26,47,301,1,0,82.0,8,17,143,2,42.34,42.34,8.47,False,False,17332
Steve Pelluer,1990,KAN,13,2,5,14,0,1,8.3,0,5,6,0,-0.84,-0.84,-0.06,False,False,17332
Steve Ramsey,1970,NOR,1,0,2,0,0,0,39.6,,0,0,0,0.0,0.0,0.0,False,False,18182
Steve Ramsey,1971,DEN,9,84,178,1120,5,13,46.6,,3,6,0,39.4,39.4,4.38,False,False,18182
Steve Ramsey,1972,DEN,9,65,137,1050,3,9,53.5,,6,15,2,49.5,49.5,5.5,False,False,18182
Steve Ramsey,1973,DEN,5,10,27,194,2,2,56.7,,0,0,0,11.76,11.76,2.35,False,False,18182
Steve Ramsey,1974,DEN,7,41,74,580,5,7,64.0,,5,-2,0,29.0,29.0,4.14,False,False,18182
Steve Ramsey,1975,DEN,11,128,233,1562,9,14,63.6,,6,38,0,74.28,74.28,6.75,False,False,18182
Steve Ramsey,1976,DEN,12,128,270,1931,11,13,64.9,,13,51,0,100.34,100.34,8.36,False,False,18182
Steve Spurrier,1967,SFO,14,23,50,211,0,7,18.4,,5,18,0,-3.76,-3.76,-0.27,False,False,21039
Steve Spurrier,1968,SFO,14,0,0,0,0,0,,,1,-15,0,-1.5,-1.5,-0.11,False,False,21039
Steve Spurrier,1969,SFO,6,81,146,926,5,11,54.8,,5,49,0,39.94,39.94,6.66,False,False,21039
Steve Spurrier,1970,SFO,14,3,4,49,1,0,155.2,,2,-18,0,4.16,4.16,0.3,False,False,21039
Steve Spurrier,1971,SFO,6,1,4,46,0,0,75.0,,1,2,0,2.04,2.04,0.34,False,False,21039
Steve Spurrier,1972,SFO,13,147,269,1983,18,16,75.9,,11,51,0,124.42,124.42,9.57,False,False,21039
Steve Spurrier,1973,SFO,11,83,157,882,4,7,59.5,,9,32,2,52.48,52.48,4.77,False,False,21039
Steve Spurrier,1974,SFO,3,1,3,2,0,0,42.4,,0,0,0,0.08,0.08,0.03,False,False,21039
Steve Spurrier,1975,SFO,11,102,207,1151,5,7,60.3,,15,91,0,61.14,61.14,5.56,False,False,21039
Steve Spurrier,1976,TAM,14,156,311,1628,7,12,57.1,,12,48,0,73.92,73.92,5.28,False,False,21039
Steve Tensi,1966,SDG,6,21,52,405,5,1,92.2,,1,-1,0,34.1,34.1,5.68,False,False,21940
Steve Tensi,1967,DEN,14,131,325,1915,16,17,54.8,,24,4,0,107.0,107.0,7.64,False,False,21940
Steve Tensi,1968,DEN,7,48,119,709,5,8,46.5,,6,2,0,32.56,32.56,4.65,False,False,21940
Steve Tensi,1969,DEN,12,131,286,1990,14,12,68.1,,12,63,0,117.9,117.9,9.83,False,False,21940
Steve Tensi,1970,DEN,7,38,80,539,3,8,42.7,,4,14,0,18.96,18.96,2.71,False,False,21940
Steve Walsh,1989,DAL,8,110,219,1371,5,9,60.5,11,6,16,0,58.44,58.44,7.31,False,False,23188
Steve Walsh,1990,DAL/NOR,13,179,336,2010,12,13,67.2,10,20,25,0,104.9,104.9,8.07,False,False,23188
Steve Walsh,1991,NOR,8,141,255,1638,11,6,79.5,3,8,0,0,97.52,97.52,12.19,False,False,23188
Steve Walsh,1993,NOR,2,20,38,271,2,3,60.3,0,4,-4,0,12.44,12.44,6.22,False,False,23188
Steve Walsh,1994,CHI,12,208,343,2078,10,8,77.9,11,30,4,1,113.52,113.52,9.46,False,False,23188
Steve Walsh,1995,CHI,1,0,0,0,0,0,,0,0,0,0,0.0,0.0,0.0,False,False,23188
Steve Walsh,1996,STL,3,33,77,344,0,5,29.4,4,6,10,0,4.76,4.76,1.59,False,False,23188
Steve Walsh,1997,TAM,12,6,17,58,0,1,21.2,0,6,-4,0,-0.08,-0.08,-0.01,False,False,23188
Steve Walsh,1998,TAM,5,9,19,58,0,3,14.7,1,0,0,0,-3.68,-3.68,-0.74,False,False,23188
Steve Walsh,1999,IND,16,7,13,47,0,2,22.4,0,0,0,0,-2.12,-2.12,-0.13,False,False,23188
Steve Young,1985,TAM,5,72,138,935,3,8,56.9,21,40,233,1,62.7,62.7,12.54,True,True,24918
Steve Young,1986,TAM,14,195,363,2282,8,13,65.5,47,74,425,5,169.78,169.78,12.13,True,True,24918
Steve Young,1987,SFO,8,37,69,570,10,0,120.8,2,26,190,1,87.8,87.8,10.97,True,True,24918
Steve Young,1988,SFO,11,54,101,680,3,3,72.2,13,27,184,1,57.6,57.6,5.24,True,True,24918
Steve Young,1989,SFO,10,64,92,1001,8,3,120.8,11,38,126,2,90.64,90.64,9.06,True,True,24918
Steve Young,1990,SFO,6,38,62,427,2,0,92.6,8,15,159,0,40.98,40.98,6.83,True,True,24918
Steve Young,1991,SFO,11,180,279,2517,17,8,101.8,13,66,415,4,218.18,218.18,19.83,True,True,24918
Steve Young,1992,SFO,16,268,402,3465,25,7,107.0,29,76,537,4,302.3,302.3,18.89,True,True,24918
Steve Young,1993,SFO,16,314,462,4023,29,16,101.5,31,69,407,2,297.82,299.82,18.74,True,True,24918
Steve Young,1994,SFO,16,324,461,3969,35,10,112.8,31,58,293,7,350.06,350.06,21.88,True,True,24918
Steve Young,1995,SFO,11,299,447,3200,20,11,92.3,25,50,250,3,229.0,229.0,20.82,True,True,24918
Steve Young,1996,SFO,12,214,316,2410,14,6,97.2,34,52,310,4,195.4,195.4,16.28,True,True,24918
Steve Young,1997,SFO,15,241,356,3029,19,6,104.7,35,50,199,3,223.06,223.06,14.87,True,True,24918
Steve Young,1998,SFO,15,322,517,4170,36,12,101.1,47,70,454,6,368.2,368.2,24.55,True,True,24918
Steve Young,1999,SFO,3,45,84,446,3,4,60.9,8,11,57,0,27.54,27.54,9.18,True,True,24918
Terry Bradshaw,1970,PIT,13,83,218,1410,6,24,30.4,,32,233,1,61.7,61.7,4.75,True,True,2230
Terry Bradshaw,1971,PIT,14,203,373,2259,13,22,59.7,,53,247,5,153.06,153.06,10.93,True,True,2230
Terry Bradshaw,1972,PIT,14,147,308,1887,12,12,64.1,,58,346,7,176.08,176.08,12.58,True,True,2230
Terry Bradshaw,1973,PIT,10,89,180,1183,10,15,54.5,,34,145,3,89.82,89.82,8.98,True,True,2230
Terry Bradshaw,1974,PIT,8,67,148,785,7,8,55.2,,34,224,2,77.8,77.8,9.73,True,True,2230
Terry Bradshaw,1975,PIT,14,165,286,2055,18,9,88.0,,35,210,3,175.2,175.2,12.51,True,True,2230
Terry Bradshaw,1976,PIT,10,92,192,1177,10,9,65.4,,31,219,3,108.98,108.98,10.9,True,True,2230
Terry Bradshaw,1977,PIT,14,162,314,2523,17,19,71.4,,31,171,3,166.02,166.02,11.86,True,True,2230
Terry Bradshaw,1978,PIT,16,207,368,2915,28,20,84.7,,32,93,1,204.0,204.0,12.75,True,True,2230
Terry Bradshaw,1979,PIT,16,259,472,3724,26,25,77.0,,21,83,0,211.26,211.26,13.2,True,True,2230
Terry Bradshaw,1980,PIT,15,218,424,3339,24,22,75.0,,36,111,2,208.66,208.66,13.91,True,True,2230
Terry Bradshaw,1981,PIT,14,201,370,2887,22,14,83.9,,38,162,2,203.68,203.68,14.55,True,True,2230
Terry Bradshaw,1982,PIT,9,127,240,1768,17,11,81.4,18,8,10,0,117.72,117.72,13.08,True,True,2230
Terry Bradshaw,1983,PIT,1,5,8,77,2,0,133.9,0,1,3,0,11.38,11.38,11.38,True,True,2230
Tobin Rote,1950,GNB,12,83,224,1231,7,24,26.7,,27,158,0,45.04,45.04,3.75,False,False,19136
Tobin Rote,1951,GNB,12,106,256,1540,15,20,48.6,,76,523,3,153.0,153.0,12.75,False,False,19136
Tobin Rote,1952,GNB,12,82,157,1268,13,8,85.6,,58,313,2,138.82,139.82,11.65,False,False,19136
Tobin Rote,1953,GNB,12,72,185,1005,5,15,32.4,,33,180,0,48.2,48.2,4.02,False,False,19136
Tobin Rote,1954,GNB,12,180,382,2311,14,18,59.1,,67,301,8,190.54,190.54,15.88,False,False,19136
Tobin Rote,1955,GNB,12,157,342,1977,17,19,57.8,,74,332,5,172.28,172.28,14.36,False,False,19136
Tobin Rote,1956,GNB,12,146,308,2203,18,15,70.6,,84,398,11,235.92,235.92,19.66,False,False,19136
Tobin Rote,1957,DET,12,76,177,1070,11,10,60.2,,70,366,1,109.4,109.4,9.12,False,False,19136
Tobin Rote,1958,DET,12,118,258,1678,14,10,69.2,,77,351,3,156.22,156.22,13.02,False,False,19136
Tobin Rote,1959,DET,9,62,161,861,5,19,27.2,,35,156,2,44.04,44.04,4.89,False,False,19136
Tobin Rote,1963,SDG,14,170,286,2510,20,17,86.7,,24,62,2,164.6,164.6,11.76,False,False,19136
Tobin Rote,1964,SDG,13,75,163,1154,9,15,50.0,,9,-11,0,49.96,50.96,3.92,False,False,19136
Tobin Rote,1966,DEN,2,3,8,40,0,1,14.6,,0,0,0,-0.4,-0.4,-0.2,False,False,19136
Todd Blackledge,1983,KAN,4,20,34,259,3,0,112.3,4,1,0,0,22.36,22.36,5.59,False,False,1802
Todd Blackledge,1984,KAN,11,147,294,1707,6,11,59.2,14,18,102,1,86.48,86.48,7.86,False,False,1802
Todd Blackledge,1985,KAN,12,86,172,1190,6,14,50.3,15,17,97,0,53.3,53.3,4.44,False,False,1802
Todd Blackledge,1986,KAN,10,96,211,1200,10,6,67.6,25,23,60,0,82.0,82.0,8.2,False,False,1802
Todd Blackledge,1987,KAN,3,15,31,154,1,1,60.4,7,5,21,0,10.26,10.26,3.42,False,False,1802
Todd Blackledge,1988,PIT,3,38,79,494,2,3,60.8,4,8,25,1,30.26,30.26,10.09,False,False,1802
Todd Blackledge,1989,PIT,3,22,60,282,1,3,36.9,4,9,20,0,11.28,11.28,3.76,False,False,1802
Tommy Kramer,1977,MIN,6,30,57,425,5,4,77.0,,10,3,0,29.3,29.3,4.88,False,False,12601
Tommy Kramer,1978,MIN,4,5,16,50,0,1,15.1,,1,10,0,1.0,1.0,0.25,False,False,12601
Tommy Kramer,1979,MIN,16,315,566,3397,23,24,69.3,,32,138,1,199.98,199.98,12.5,False,False,12601
Tommy Kramer,1980,MIN,15,299,522,3582,19,23,72.2,,31,115,1,190.78,190.78,12.72,False,False,12601
Tommy Kramer,1981,MIN,14,322,593,3912,26,24,72.6,,10,13,0,213.78,213.78,15.27,False,False,12601
Tommy Kramer,1982,MIN,9,176,308,2037,15,12,77.3,21,21,77,3,143.18,143.18,15.91,False,False,12601
Tommy Kramer,1983,MIN,3,55,82,550,3,4,77.8,3,8,3,0,26.3,26.3,8.77,False,False,12601
Tommy Kramer,1984,MIN,9,124,236,1678,9,10,70.6,24,15,9,0,92.02,93.02,10.34,False,False,12601
Tommy Kramer,1985,MIN,15,277,506,3522,19,26,67.8,39,27,54,0,170.28,170.28,11.35,False,False,12601
Tommy Kramer,1986,MIN,13,208,372,3000,24,10,92.6,31,23,48,1,206.8,206.8,15.91,False,False,12601
Tommy Kramer,1987,MIN,6,40,81,452,4,3,67.5,7,10,44,2,44.48,44.48,7.41,False,False,12601
Tommy Kramer,1988,MIN,10,83,173,1264,5,9,60.5,11,14,8,0,53.36,53.36,5.34,False,False,12601
Tommy Kramer,1989,MIN,8,77,136,906,7,7,72.7,12,12,9,0,51.14,51.14,6.39,False,False,12601
Tommy Kramer,1990,NOR,1,1,3,2,0,1,2.8,2,0,0,0,-1.92,-1.92,-1.92,False,False,12601
Tony Banks,1996,STL,14,192,368,2544,15,15,71.0,48,61,212,0,152.96,152.96,10.93,False,False,1009
Tony Banks,1997,STL,16,252,487,3254,14,13,71.5,43,47,186,1,184.76,184.76,11.55,False,False,1009
Tony Banks,1998,STL,14,241,408,2535,7,14,68.6,43,40,156,3,135.0,135.0,9.64,False,False,1009
Tony Banks,1999,BAL,12,169,320,2136,17,8,81.2,33,24,93,0,146.74,146.74,12.23,False,False,1009
Tony Eason,1983,NWE,16,46,95,557,1,5,48.4,16,19,39,0,20.18,20.18,1.26,False,False,6191
Tony Eason,1984,NWE,16,259,431,3228,23,8,93.4,59,40,154,5,250.52,250.52,15.66,False,False,6191
Tony Eason,1985,NWE,16,168,299,2156,11,17,67.5,28,22,70,1,109.24,109.24,6.83,False,False,6191
Tony Eason,1986,NWE,15,276,448,3328,19,10,89.2,43,35,170,0,206.12,206.12,13.74,False,False,6191
Tony Eason,1987,NWE,4,42,79,453,3,2,72.4,8,3,25,0,28.62,28.62,7.15,False,False,6191
Tony Eason,1988,NWE,2,28,43,249,0,2,61.1,2,5,18,0,7.76,7.76,3.88,False,False,6191
Tony Eason,1989,NWE/NYJ,5,79,141,1016,4,6,70.5,17,3,-2,0,44.44,44.44,8.89,False,False,6191
Tony Eason,1990,NYJ,16,13,28,155,0,1,49.0,4,7,29,0,7.1,7.1,0.44,False,False,6191
Trent Dilfer,1994,TAM,5,38,82,433,1,6,36.3,8,2,27,0,12.02,12.02,2.4,False,False,5647
Trent Dilfer,1995,TAM,16,224,415,2774,4,18,60.1,47,23,115,2,114.46,114.46,7.15,False,False,5647
Trent Dilfer,1996,TAM,16,267,482,2859,12,19,64.8,28,32,124,0,136.76,136.76,8.55,False,False,5647
Trent Dilfer,1997,TAM,16,217,386,2555,21,11,82.8,32,33,99,1,180.1,180.1,11.26,False,False,5647
Trent Dilfer,1998,TAM,16,225,429,2729,21,15,74.0,26,40,141,2,189.26,189.26,11.83,False,False,5647
Trent Dilfer,1999,TAM,10,146,244,1619,11,11,75.8,26,35,144,0,101.16,101.16,10.12,False,False,5647
Troy Aikman,1989,DAL,11,155,293,1749,9,18,55.7,19,38,302,0,98.86,99.86,9.08,True,True,156
Troy Aikman,1990,DAL,15,226,399,2579,11,18,66.6,39,40,172,1,134.36,134.36,8.96,True,True,156
Troy Aikman,1991,DAL,12,237,363,2754,11,10,86.7,32,16,5,1,140.06,141.06,11.76,True,True,156
Troy Aikman,1992,DAL,16,302,473,3445,23,14,89.5,23,37,105,1,218.3,218.3,13.64,True,True,156
Troy Aikman,1993,DAL,14,271,392,3100,15,6,99.0,26,32,125,0,184.5,184.5,13.18,True,True,156
Troy Aikman,1994,DAL,14,233,361,2676,13,12,84.9,14,30,62,1,147.24,147.24,10.52,True,True,156
Troy Aikman,1995,DAL,16,280,432,3304,16,7,93.6,14,21,32,1,191.36,191.36,11.96,True,True,156
Troy Aikman,1996,DAL,15,296,465,3126,12,13,80.1,18,35,42,1,157.24,157.24,10.48,True,True,156
Troy Aikman,1997,DAL,16,292,518,3283,19,12,78.0,33,25,79,0,191.22,191.22,11.95,True,True,156
Troy Aikman,1998,DAL,11,187,315,2330,12,5,88.5,9,22,69,2,150.1,150.1,13.65,True,True,156
Troy Aikman,1999,DAL,14,263,442,2964,17,12,81.1,19,21,10,1,169.56,169.56,12.11,True,True,156
Ty Detmer,1993,GNB,3,3,5,26,0,0,73.8,0,1,-2,0,0.84,0.84,0.28,False,False,5559
Ty Detmer,1995,GNB,4,8,16,81,1,1,59.6,0,3,3,0,5.54,5.54,1.39,False,False,5559
Ty Detmer,1996,PHI,13,238,401,2911,15,13,80.8,27,31,59,1,162.34,162.34,12.49,False,False,5559
Ty Detmer,1997,PHI,8,134,244,1567,7,6,73.9,19,14,46,1,89.28,89.28,11.16,False,False,5559
Ty Detmer,1998,SFO,6,24,38,312,4,3,91.1,4,8,7,0,23.18,23.18,3.86,False,False,5559
Ty Detmer,1999,CLE,5,47,91,548,4,2,75.7,4,6,38,1,43.72,43.72,8.74,False,False,5559
Vince Evans,1977,CHI,7,0,0,0,0,0,,,1,0,0,0.0,0.0,0.0,False,False,6608
Vince Evans,1978,CHI,3,1,3,38,0,1,42.4,,6,23,0,1.82,1.82,0.61,False,False,6608
Vince Evans,1979,CHI,4,32,63,508,4,5,66.1,,12,72,1,39.52,39.52,9.88,False,False,6608
Vince Evans,1980,CHI,13,148,278,2039,11,16,66.2,,60,306,8,172.16,172.16,13.24,False,False,6608
Vince Evans,1981,CHI,16,195,436,2354,11,20,51.1,,43,218,3,137.96,137.96,8.62,False,False,6608
Vince Evans,1982,CHI,4,12,28,125,0,4,16.8,2,2,0,0,-3.0,-3.0,-0.75,False,False,6608
Vince Evans,1983,CHI,9,76,145,1108,5,7,69.0,11,22,142,1,70.52,70.52,7.84,False,False,6608
Vince Evans,1987,RAI,3,39,83,630,5,4,72.9,7,11,144,1,57.6,57.6,19.2,False,False,6608
Vince Evans,1989,RAI,1,2,2,50,0,0,118.8,2,1,16,0,3.6,3.6,3.6,False,False,6608
Vince Evans,1990,RAI,5,1,1,36,0,0,118.8,0,1,-2,0,1.24,1.24,0.25,False,False,6608
Vince Evans,1991,RAI,4,6,14,127,1,2,59.8,2,8,20,0,7.08,7.08,1.77,False,False,6608
Vince Evans,1992,RAI,5,29,53,372,4,3,78.5,3,11,79,0,32.78,32.78,6.56,False,False,6608
Vince Evans,1993,RAI,8,45,76,640,3,4,77.7,12,14,51,0,34.7,34.7,4.34,False,False,6608
Vince Evans,1994,RAI,9,18,33,222,2,0,95.8,9,6,24,0,19.28,19.28,2.14,False,False,6608
Vince Evans,1995,OAK,9,100,175,1236,6,8,71.5,11,14,36,0,61.04,61.04,6.78,False,False,6608
Vince Ferragamo,1977,RAM,3,9,15,83,2,0,114.7,,1,0,0,11.32,11.32,3.77,False,False,6841
Vince Ferragamo,1978,RAM,9,7,20,114,0,2,15.4,,2,10,0,1.56,1.56,0.17,False,False,6841
Vince Ferragamo,1979,RAM,8,53,110,778,5,10,49.0,,3,-2,0,30.92,30.92,3.86,False,False,6841
Vince Ferragamo,1980,RAM,16,240,404,3199,30,19,89.7,,15,34,1,219.36,219.36,13.71,False,False,6841
Vince Ferragamo,1982,RAM,7,118,209,1609,9,9,77.6,7,4,3,1,88.66,88.66,12.67,False,False,6841
Vince Ferragamo,1983,RAM,16,274,464,3276,22,23,75.9,21,22,17,0,174.74,174.74,10.92,False,False,6841
Vince Ferragamo,1984,RAM,3,29,66,317,2,8,29.2,7,4,0,0,4.68,4.68,1.56,False,False,6841
Vince Ferragamo,1985,BUF,10,149,287,1677,5,17,50.8,19,8,15,1,60.58,60.58,6.06,False,False,6841
Vince Ferragamo,1986,GNB,3,23,40,283,1,3,56.6,3,1,0,0,9.32,9.32,3.11,False,False,6841
Vinny Testaverde,1987,TAM,6,71,165,1081,5,6,60.2,18,13,50,1,62.24,62.24,10.37,False,False,21967
Vinny Testaverde,1988,TAM,15,222,466,3240,13,35,48.8,33,28,138,1,131.4,131.4,8.76,False,False,21967
Vinny Testaverde,1989,TAM,14,258,480,3133,20,22,68.9,38,25,139,0,175.22,175.22,12.52,False,False,21967
Vinny Testaverde,1990,TAM,14,203,365,2818,17,18,75.6,38,38,280,1,179.02,180.02,12.86,False,False,21967
Vinny Testaverde,1991,TAM,13,166,326,1994,8,15,59.0,35,32,101,0,91.86,91.86,7.07,False,False,21967
Vinny Testaverde,1992,TAM,14,206,358,2554,14,16,74.2,35,36,197,2,157.86,157.86,11.28,False,False,21967
Vinny Testaverde,1993,CLE,10,130,230,1797,14,9,85.7,17,18,74,0,117.28,117.28,11.73,False,False,21967
Vinny Testaverde,1994,CLE,14,207,376,2575,16,18,70.7,12,21,37,2,146.7,146.7,10.48,False,False,21967
Vinny Testaverde,1995,CLE,13,241,392,2883,17,10,87.8,17,18,62,2,182.22,183.22,14.09,False,False,21967
Vinny Testaverde,1996,BAL,16,325,549,4177,33,19,88.7,34,34,188,2,291.88,291.88,18.24,False,False,21967
Vinny Testaverde,1997,BAL,13,271,470,2971,18,15,75.9,20,34,138,0,174.24,175.24,13.48,False,False,21967
Vinny Testaverde,1998,NYJ,14,259,421,3256,29,7,101.6,19,24,104,1,248.64,248.64,17.76,False,False,21967
Vinny Testaverde,1999,NYJ,1,10,15,96,1,1,78.8,0,0,0,0,5.84,5.84,5.84,False,False,21967
Virgil Carter,1968,CHI,7,55,122,769,4,5,59.8,,48,265,4,87.26,87.26,12.47,False,False,3604
Virgil Carter,1969,CHI,3,36,71,343,2,5,44.5,,4,19,0,13.62,13.62,4.54,False,False,3604
Virgil Carter,1970,CIN,13,143,278,1647,9,9,66.9,,34,246,2,120.48,120.48,9.27,False,False,3604
Virgil Carter,1971,CIN,14,138,222,1624,10,7,86.2,,8,42,0,95.16,95.16,6.8,False,False,3604
Virgil Carter,1972,CIN,10,47,82,579,3,4,71.1,,12,57,2,44.86,44.86,4.49,False,False,3604
Virgil Carter,1975,SDG,1,3,5,24,0,1,32.5,,2,11,0,0.06,0.06,0.06,False,False,3604
Virgil Carter,1976,CHI,8,3,5,77,1,0,143.8,,1,0,0,7.08,7.08,0.89,False,False,3604
Wade Wilson,1981,MIN,3,6,13,48,0,2,16.3,,0,0,0,-2.08,-2.08,-0.69,False,False,24436
Wade Wilson,1983,MIN,1,16,28,124,1,2,50.3,3,3,-3,0,4.66,4.66,4.66,False,False,24436
Wade Wilson,1984,MIN,8,102,195,1019,5,11,52.5,20,9,30,0,41.76,41.76,5.22,False,False,24436
Wade Wilson,1985,MIN,4,33,60,404,3,3,71.8,4,0,0,0,22.16,22.16,5.54,False,False,24436
Wade Wilson,1986,MIN,9,80,143,1165,7,5,84.4,1,13,9,1,71.5,71.5,7.94,False,False,24436
Wade Wilson,1987,MIN,12,140,264,2106,14,13,76.7,26,41,263,5,170.54,170.54,14.21,False,False,24436
Wade Wilson,1988,MIN,14,204,332,2746,15,9,91.5,33,36,136,2,177.44,177.44,12.67,False,False,24436
Wade Wilson,1989,MIN,14,194,362,2543,9,12,70.5,27,32,132,1,132.92,132.92,9.49,False,False,24436
Wade Wilson,1990,MIN,6,82,146,1155,9,8,79.6,15,12,79,0,74.1,74.1,12.35,False,False,24436
Wade Wilson,1991,MIN,5,72,122,825,3,10,53.5,8,13,33,0,28.3,28.3,5.66,False,False,24436
Wade Wilson,1992,ATL,9,111,163,1366,13,4,110.1,8,15,62,0,104.84,104.84,11.65,False,False,24436
Wade Wilson,1993,NOR,14,221,388,2457,12,15,70.1,37,31,230,0,139.28,139.28,9.95,False,False,24436
Wade Wilson,1994,NOR,4,20,28,172,0,0,87.2,3,7,15,0,8.38,8.38,2.1,False,False,24436
Wade Wilson,1995,DAL,7,38,57,391,1,3,70.1,4,10,12,0,14.84,14.84,2.12,False,False,24436
Wade Wilson,1996,DAL,3,8,18,79,0,1,34.3,1,4,5,0,1.66,1.66,0.55,False,False,24436
Wade Wilson,1997,DAL,7,12,21,115,0,0,72.5,4,6,-2,0,4.4,4.4,0.63,False,False,24436
Wade Wilson,1998,OAK,5,52,88,568,7,4,85.8,9,7,24,0,45.12,45.12,9.02,False,False,24436
Warren Moon,1984,HOU,16,259,450,3338,12,14,76.9,47,58,211,1,180.62,180.62,11.29,True,True,15631
Warren Moon,1985,HOU,14,200,377,2709,15,19,68.5,46,39,130,0,143.36,143.36,10.24,True,True,15631
Warren Moon,1986,HOU,15,256,488,3489,13,26,62.3,41,42,157,2,167.26,167.26,11.15,True,True,15631
Warren Moon,1987,HOU,12,184,368,2806,21,18,74.2,25,34,112,3,189.44,189.44,15.79,True,True,15631
Warren Moon,1988,HOU,11,160,294,2327,17,8,88.4,12,33,88,5,183.88,183.88,16.72,True,True,15631
Warren Moon,1989,HOU,16,280,464,3631,23,14,88.9,35,70,268,4,260.04,260.04,16.25,True,True,15631
Warren Moon,1990,HOU,15,362,584,4689,33,13,96.8,36,55,215,2,327.06,327.06,21.8,True,True,15631
Warren Moon,1991,HOU,16,404,655,4690,23,21,81.7,23,33,68,2,256.4,256.4,16.03,True,True,15631
Warren Moon,1992,HOU,11,224,346,2521,18,12,89.3,16,27,147,1,169.54,169.54,15.41,True,True,15631
Warren Moon,1993,HOU,15,303,520,3485,21,21,75.2,34,48,145,1,201.9,201.9,13.46,True,True,15631
Warren Moon,1994,MIN,15,371,601,4264,18,19,79.9,29,27,55,0,210.06,210.06,14.0,True,True,15631
Warren Moon,1995,MIN,16,377,606,4228,33,14,91.5,38,33,82,0,281.32,281.32,17.58,True,True,15631
Warren Moon,1996,MIN,8,134,247,1610,7,9,68.7,19,9,6,0,75.0,75.0,9.38,True,True,15631
Warren Moon,1997,SEA,15,313,528,3678,25,16,83.7,30,17,40,1,225.12,225.12,15.01,True,True,15631
Warren Moon,1998,SEA,10,145,258,1632,11,8,76.6,22,16,10,0,94.28,94.28,9.43,True,True,15631
Warren Moon,1999,KAN,1,1,3,20,0,0,57.6,0,0,0,0,0.8,0.8,0.8,True,True,15631
Y.A. Tittle,1950,BAL,12,161,315,1884,8,19,52.9,,15,67,2,88.06,88.06,7.34,True,True,22343
Y.A. Tittle,1951,SFO,12,63,114,808,8,9,68.2,,13,18,1,54.12,54.12,4.51,True,True,22343
Y.A. Tittle,1952,SFO,12,106,208,1407,11,12,66.3,,11,-11,0,75.18,75.18,6.26,True,True,22343
Y.A. Tittle,1953,SFO,11,149,259,2121,20,16,84.1,,14,41,6,172.94,172.94,15.72,True,True,22343
Y.A. Tittle,1954,SFO,12,170,295,2205,9,9,78.7,,28,68,4,137.0,137.0,11.42,True,True,22343
Y.A. Tittle,1955,SFO,12,147,287,2185,17,28,56.6,,23,114,0,110.8,110.8,9.23,True,True,22343
Y.A. Tittle,1956,SFO,11,124,218,1641,7,12,68.6,,24,67,4,100.34,100.34,9.12,True,True,22343
Y.A. Tittle,1957,SFO,12,176,279,2157,13,15,80.0,,40,220,6,166.28,166.28,13.86,True,True,22343
Y.A. Tittle,1958,SFO,10,120,208,1467,9,15,63.9,,21,28,2,79.48,79.48,7.95,True,True,22343
Y.A. Tittle,1959,SFO,11,102,199,1331,10,15,58.0,,10,26,0,66.24,67.24,6.11,True,True,22343
Y.A. Tittle,1960,SFO,9,69,127,694,4,3,70.8,,10,61,0,43.86,43.86,4.87,True,True,22343
Y.A. Tittle,1961,NYG,13,163,285,2272,17,12,85.3,,25,85,3,161.38,161.38,12.41,True,True,22343
Y.A. Tittle,1962,NYG,14,200,375,3224,33,20,89.5,,17,108,2,243.76,243.76,17.41,True,True,22343
Y.A. Tittle,1963,NYG,13,221,367,3145,36,14,104.8,,18,99,2,263.7,263.7,20.28,True,True,22343
Y.A. Tittle,1964,NYG,14,147,281,1798,10,22,51.6,,15,-7,1,73.22,73.22,5.23,True,True,22343
Zeke Bratkowski,1954,CHI,7,67,130,1087,8,17,60.8,,15,35,1,50.98,50.98,7.28,False,False,2289
Zeke Bratkowski,1957,CHI,10,37,80,527,1,9,32.7,,12,83,0,15.38,15.38,1.54,False,False,2289
Zeke Bratkowski,1958,CHI,8,41,90,571,7,6,64.6,,3,0,0,38.84,38.84,4.86,False,False,2289
Zeke Bratkowski,1959,CHI,7,31,62,403,2,5,48.0,,7,86,0,22.72,22.72,3.25,False,False,2289
Zeke Bratkowski,1960,CHI,11,87,175,1051,6,21,40.4,,8,20,0,26.04,26.04,2.37,False,False,2289
Zeke Bratkowski,1961,RAM,13,124,230,1547,8,13,63.1,,12,36,3,89.48,89.48,6.88,False,False,2289
Zeke Bratkowski,1962,RAM,12,110,219,1541,9,16,56.5,,7,14,0,67.04,67.04,5.59,False,False,2289
Zeke Bratkowski,1963,RAM/GNB,6,49,93,567,4,9,46.1,,4,-3,0,20.38,20.38,3.4,False,False,2289
Zeke Bratkowski,1964,GNB,5,19,36,277,1,1,75.8,,2,0,0,13.08,13.08,2.62,False,False,2289
Zeke Bratkowski,1965,GNB,5,21,48,348,3,4,54.9,,4,-1,0,17.82,17.82,3.56,False,False,2289
Zeke Bratkowski,1966,GNB,5,36,64,569,4,2,93.8,,4,7,0,35.46,35.46,7.09,False,False,2289
Zeke Bratkowski,1967,GNB,5,53,94,724,5,9,59.3,,5,6,0,31.56,31.56,6.31,False,False,2289
Zeke Bratkowski,1968,GNB,9,68,126,835,3,7,59.5,,8,24,0,33.8,33.8,3.76,False,False,2289
Zeke Bratkowski,1971,GNB,6,19,37,298,4,3,80.7,,1,1,1,28.02,28.02,4.67,False,False,2289
