name,season,week,date,playoff,team,opp,home_away,result,team_score,opp_score,targets,rec,rec_yds,rec_td,rush_att,rush_yds,rush_td,pass_yds,pass_td,pass_int,two_pt,fum_rec_td,ret_td,fpts_std,fpts_ppr,player_id,complete,missing_fields,source,game_id,scoring_complete,scoring_missing,strict_eligible,era_scored_eligible,era_excluded_fields,era_blocking_fields
Mike Ditka,1970,1,1970-09-20,False,DAL,PHI,A,W,17,7,,0,0,0,0,0,0,0,0,0,0,,0,0.0,0.0,5690,False,targets;fum_rec_td,PFR+RULE2PT,19700920-DAL-PHI,False,fum_rec_td,False,True,fum_rec_td,
Mike Ditka,1970,2,1970-09-27,False,DAL,NYG,H,W,28,10,,0,0,0,0,0,0,0,0,0,0,,0,0.0,0.0,5690,False,targets;fum_rec_td,PFR+RULE2PT,19700927-NYG-DAL,False,fum_rec_td,False,True,fum_rec_td,
Mike Ditka,1970,3,1970-10-04,False,DAL,STL,A,L,7,20,,4,80,0,0,0,0,0,0,0,0,,0,8.0,12.0,5690,False,targets;fum_rec_td,PFR+RULE2PT,19701004-DAL-STL,False,fum_rec_td,False,True,fum_rec_td,
Mike Ditka,1970,4,1970-10-11,False,DAL,ATL,H,W,13,0,,1,12,0,0,0,0,0,0,0,0,,0,1.2,2.2,5690,False,targets;fum_rec_td,PFR+RULE2PT,19701011-ATL-DAL,False,fum_rec_td,False,True,fum_rec_td,
Mike Ditka,1970,5,1970-10-18,False,DAL,MIN,A,L,13,54,,0,0,0,0,0,0,0,0,0,0,,0,0.0,0.0,5690,False,targets;fum_rec_td,PFR+RULE2PT,19701018-DAL-MIN,False,fum_rec_td,False,True,fum_rec_td,
Mike Ditka,1970,6,1970-10-25,False,DAL,KAN,A,W,27,16,,0,0,0,0,0,0,0,0,0,0,,0,0.0,0.0,5690,False,targets;fum_rec_td,PFR+RULE2PT,19701025-DAL-KAN,False,fum_rec_td,False,True,fum_rec_td,
Mike Ditka,1970,7,1970-11-01,False,DAL,PHI,H,W,21,17,,0,0,0,0,0,0,0,0,0,0,,0,0.0,0.0,5690,False,targets;fum_rec_td,PFR+RULE2PT,19701101-PHI-DAL,False,fum_rec_td,False,True,fum_rec_td,
Mike Ditka,1970,8,1970-11-08,False,DAL,NYG,A,L,20,23,,0,0,0,0,0,0,0,0,0,0,,0,0.0,0.0,5690,False,targets;fum_rec_td,PFR+RULE2PT,19701108-DAL-NYG,False,fum_rec_td,False,True,fum_rec_td,
Mike Ditka,1970,9,1970-11-16,False,DAL,STL,H,L,0,38,,0,0,0,0,0,0,0,0,0,0,,0,0.0,0.0,5690,False,targets;fum_rec_td,PFR+RULE2PT,19701116-STL-DAL,False,fum_rec_td,False,True,fum_rec_td,
Mike Ditka,1970,10,1970-11-22,False,DAL,WAS,A,W,45,21,,0,0,0,0,0,0,0,0,0,0,,0,0.0,0.0,5690,False,targets;fum_rec_td,PFR+RULE2PT,19701122-DAL-WAS,False,fum_rec_td,False,True,fum_rec_td,
Mike Ditka,1970,11,1970-11-26,False,DAL,GNB,H,W,16,3,,0,0,0,0,0,0,0,0,0,0,,0,0.0,0.0,5690,False,targets;fum_rec_td,PFR+RULE2PT,19701126-GNB-DAL,False,fum_rec_td,False,True,fum_rec_td,
Mike Ditka,1970,12,1970-12-06,False,DAL,WAS,H,W,34,0,,2,-2,0,0,0,0,0,0,0,0,,0,-0.2,1.8,5690,False,targets;fum_rec_td,PFR+RULE2PT,19701206-WAS-DAL,False,fum_rec_td,False,True,fum_rec_td,
Mike Ditka,1970,13,1970-12-12,False,DAL,CLE,A,W,6,2,,1,8,0,0,0,0,0,0,0,0,,0,0.8,1.8,5690,False,targets;fum_rec_td,PFR+RULE2PT,19701212-DAL-CLE,False,fum_rec_td,False,True,fum_rec_td,
Mike Ditka,1970,14,1970-12-20,False,DAL,HOU,H,W,52,10,,0,0,0,0,0,0,0,0,0,0,,0,0.0,0.0,5690,False,targets;fum_rec_td,PFR+RULE2PT,19701220-HOU-DAL,False,fum_rec_td,False,True,fum_rec_td,
Mike Ditka,1970,15,1970-12-26,True,DAL,DET,H,W,5,0,,0,0,0,0,0,0,0,0,0,0,,0,0.0,0.0,5690,False,targets;fum_rec_td,PFR+RULE2PT,19701226-DET-DAL,False,fum_rec_td,False,True,fum_rec_td,
Mike Ditka,1970,16,1971-01-03,True,DAL,SFO,A,W,17,10,,1,5,0,0,0,0,0,0,0,0,,0,0.5,1.5,5690,False,targets;fum_rec_td,PFR+RULE2PT,19710103-DAL-SFO,False,fum_rec_td,False,True,fum_rec_td,
Mike Ditka,1970,17,1971-01-17,True,DAL,BAL,N,L,13,16,,0,0,0,0,0,0,0,0,0,0,,0,0.0,0.0,5690,False,targets;fum_rec_td,PFR+RULE2PT,19710117-BAL-DAL-N,False,fum_rec_td,False,True,fum_rec_td,
Mike Ditka,1971,1,1971-09-19,False,DAL,BUF,A,W,49,37,,2,35,0,1,-9,0,0,0,0,0,,0,2.6,4.6,5690,False,targets;fum_rec_td,PFR+RULE2PT,19710919-DAL-BUF,False,fum_rec_td,False,True,fum_rec_td,
Mike Ditka,1971,2,1971-09-26,False,DAL,PHI,A,W,42,7,,3,34,0,0,0,0,0,0,0,0,,0,3.4,6.4,5690,False,targets;fum_rec_td,PFR+RULE2PT,19710926-DAL-PHI,False,fum_rec_td,False,True,fum_rec_td,
Mike Ditka,1971,3,1971-10-03,False,DAL,WAS,H,L,16,20,,4,45,0,0,0,0,0,0,0,0,,0,4.5,8.5,5690,False,targets;fum_rec_td,PFR+RULE2PT,19711003-WAS-DAL,False,fum_rec_td,False,True,fum_rec_td,
Mike Ditka,1971,4,1971-10-11,False,DAL,NYG,H,W,20,13,,0,0,0,0,0,0,0,0,0,0,,0,0.0,0.0,5690,False,targets;fum_rec_td,PFR+RULE2PT,19711011-NYG-DAL,False,fum_rec_td,False,True,fum_rec_td,
Mike Ditka,1971,5,1971-10-17,False,DAL,NOR,A,L,14,24,,2,23,0,0,0,0,0,0,0,0,,0,2.3,4.3,5690,False,targets;fum_rec_td,PFR+RULE2PT,19711017-DAL-NOR,False,fum_rec_td,False,True,fum_rec_td,
Mike Ditka,1971,6,1971-10-24,False,DAL,NWE,H,W,44,21,,2,20,0,0,0,0,0,0,0,0,,0,2.0,4.0,5690,False,targets;fum_rec_td,PFR+RULE2PT,19711024-NWE-DAL,False,fum_rec_td,False,True,fum_rec_td,
Mike Ditka,1971,7,1971-10-31,False,DAL,CHI,A,L,19,23,,4,52,0,0,0,0,0,0,0,0,,0,5.2,9.2,5690,False,targets;fum_rec_td,PFR+RULE2PT,19711031-DAL-CHI,False,fum_rec_td,False,True,fum_rec_td,
Mike Ditka,1971,8,1971-11-07,False,DAL,STL,A,W,16,13,,3,13,1,0,0,0,0,0,0,0,,0,7.3,10.3,5690,False,targets;fum_rec_td,PFR+RULE2PT,19711107-DAL-STL,False,fum_rec_td,False,True,fum_rec_td,
Mike Ditka,1971,9,1971-11-14,False,DAL,PHI,H,W,20,7,,2,28,0,0,0,0,0,0,0,0,,0,2.8,4.8,5690,False,targets;fum_rec_td,PFR+RULE2PT,19711114-PHI-DAL,False,fum_rec_td,False,True,fum_rec_td,
Mike Ditka,1971,10,1971-11-21,False,DAL,WAS,A,W,13,0,,1,8,0,0,0,0,0,0,0,0,,0,0.8,1.8,5690,False,targets;fum_rec_td,PFR+RULE2PT,19711121-DAL-WAS,False,fum_rec_td,False,True,fum_rec_td,
Mike Ditka,1971,11,1971-11-25,False,DAL,RAM,H,W,28,21,,0,0,0,0,0,0,0,0,0,0,,0,0.0,0.0,5690,False,targets;fum_rec_td,PFR+RULE2PT,19711125-RAM-DAL,False,fum_rec_td,False,True,fum_rec_td,
Mike Ditka,1971,12,1971-12-04,False,DAL,NYJ,H,W,52,10,,4,64,0,0,0,0,0,0,0,0,,0,6.4,10.4,5690,False,targets;fum_rec_td,PFR+RULE2PT,19711204-NYJ-DAL,False,fum_rec_td,False,True,fum_rec_td,
Mike Ditka,1971,13,1971-12-12,False,DAL,NYG,A,W,42,14,,2,32,0,0,0,0,0,0,0,0,,0,3.2,5.2,5690,False,targets;fum_rec_td,PFR+RULE2PT,19711212-DAL-NYG,False,fum_rec_td,False,True,fum_rec_td,
Mike Ditka,1971,14,1971-12-18,False,DAL,STL,H,W,31,12,,1,6,0,1,11,0,0,0,0,0,,0,1.7,2.7,5690,False,targets;fum_rec_td,PFR+RULE2PT,19711218-STL-DAL,False,fum_rec_td,False,True,fum_rec_td,
Mike Ditka,1971,15,1971-12-25,True,DAL,MIN,A,W,20,12,,2,18,0,0,0,0,0,0,0,0,,0,1.8,3.8,5690,False,targets;fum_rec_td,PFR+RULE2PT,19711225-DAL-MIN,False,fum_rec_td,False,True,fum_rec_td,
Mike Ditka,1971,16,1972-01-02,True,DAL,SFO,H,W,14,3,,1,5,0,0,0,0,0,0,0,0,,0,0.5,1.5,5690,False,targets;fum_rec_td,PFR+RULE2PT,19720102-SFO-DAL,False,fum_rec_td,False,True,fum_rec_td,
Mike Ditka,1971,17,1972-01-16,True,DAL,MIA,N,W,24,3,,2,28,1,1,17,0,0,0,0,0,,0,10.5,12.5,5690,False,targets;fum_rec_td,PFR+RULE2PT,19720116-DAL-MIA-N,False,fum_rec_td,False,True,fum_rec_td,
Mike Ditka,1972,1,1972-09-17,False,DAL,PHI,H,W,28,6,,1,14,0,0,0,0,0,0,0,0,,0,1.4,2.4,5690,False,targets;fum_rec_td,PFR+RULE2PT,19720917-PHI-DAL,False,fum_rec_td,False,True,fum_rec_td,
Mike Ditka,1972,2,1972-09-24,False,DAL,NYG,A,W,23,14,,0,0,0,0,0,0,0,0,0,0,,0,0.0,0.0,5690,False,targets;fum_rec_td,PFR+RULE2PT,19720924-DAL-NYG,False,fum_rec_td,False,True,fum_rec_td,
Mike Ditka,1972,3,1972-10-01,False,DAL,GNB,A,L,13,16,,1,8,0,0,0,0,0,0,0,0,,0,0.8,1.8,5690,False,targets;fum_rec_td,PFR+RULE2PT,19721001-DAL-GNB,False,fum_rec_td,False,True,fum_rec_td,
Mike Ditka,1972,4,1972-10-08,False,DAL,PIT,H,W,17,13,,2,36,0,0,0,0,0,0,0,0,,0,3.6,5.6,5690,False,targets;fum_rec_td,PFR+RULE2PT,19721008-PIT-DAL,False,fum_rec_td,False,True,fum_rec_td,
Mike Ditka,1972,5,1972-10-15,False,DAL,BAL,A,W,21,0,,1,13,0,0,0,0,0,0,0,0,,0,1.3,2.3,5690,False,targets;fum_rec_td,PFR+RULE2PT,19721015-DAL-BAL,False,fum_rec_td,False,True,fum_rec_td,
Mike Ditka,1972,6,1972-10-22,False,DAL,WAS,A,L,20,24,,2,20,0,0,0,0,0,0,0,0,,0,2.0,4.0,5690,False,targets;fum_rec_td,PFR+RULE2PT,19721022-DAL-WAS,False,fum_rec_td,False,True,fum_rec_td,
Mike Ditka,1972,7,1972-10-30,False,DAL,DET,H,W,28,24,,1,6,0,0,0,0,0,0,0,0,,0,0.6,1.6,5690,False,targets;fum_rec_td,PFR+RULE2PT,19721030-DET-DAL,False,fum_rec_td,False,True,fum_rec_td,
Mike Ditka,1972,8,1972-11-05,False,DAL,SDG,A,W,34,28,,4,36,1,0,0,0,0,0,0,0,,0,9.6,13.6,5690,False,targets;fum_rec_td,PFR+RULE2PT,19721105-DAL-SDG,False,fum_rec_td,False,True,fum_rec_td,
Mike Ditka,1972,9,1972-11-12,False,DAL,STL,H,W,33,24,,0,0,0,0,0,0,0,0,0,0,,0,0.0,0.0,5690,False,targets;fum_rec_td,PFR+RULE2PT,19721112-STL-DAL,False,fum_rec_td,False,True,fum_rec_td,
Mike Ditka,1972,10,1972-11-19,False,DAL,PHI,A,W,28,7,,0,0,0,0,0,0,0,0,0,0,,0,0.0,0.0,5690,False,targets;fum_rec_td,PFR+RULE2PT,19721119-DAL-PHI,False,fum_rec_td,False,True,fum_rec_td,
Mike Ditka,1972,11,1972-11-23,False,DAL,SFO,H,L,10,31,,3,24,0,0,0,0,0,0,0,0,,0,2.4,5.4,5690,False,targets;fum_rec_td,PFR+RULE2PT,19721123-SFO-DAL,False,fum_rec_td,False,True,fum_rec_td,
Mike Ditka,1972,12,1972-12-03,False,DAL,STL,A,W,27,6,,1,15,0,0,0,0,0,0,0,0,,0,1.5,2.5,5690,False,targets;fum_rec_td,PFR+RULE2PT,19721203-DAL-STL,False,fum_rec_td,False,True,fum_rec_td,
Mike Ditka,1972,13,1972-12-09,False,DAL,WAS,H,W,34,24,,0,0,0,0,0,0,0,0,0,0,,0,0.0,0.0,5690,False,targets;fum_rec_td,PFR+RULE2PT,19721209-WAS-DAL,False,fum_rec_td,False,True,fum_rec_td,
Mike Ditka,1972,14,1972-12-17,False,DAL,NYG,H,L,3,23,,1,26,0,0,0,0,0,0,0,0,,0,2.6,3.6,5690,False,targets;fum_rec_td,PFR+RULE2PT,19721217-NYG-DAL,False,fum_rec_td,False,True,fum_rec_td,
Mike Ditka,1972,15,1972-12-23,True,DAL,SFO,A,W,30,28,,1,9,0,0,0,0,0,0,0,0,,0,0.9,1.9,5690,False,targets;fum_rec_td,PFR+RULE2PT,19721223-DAL-SFO,False,fum_rec_td,False,True,fum_rec_td,
Mike Ditka,1972,16,1972-12-31,True,DAL,WAS,A,L,3,26,,1,4,0,0,0,0,0,0,0,0,,0,0.4,1.4,5690,False,targets;fum_rec_td,PFR+RULE2PT,19721231-DAL-WAS,False,fum_rec_td,False,True,fum_rec_td,
John Mackey,1970,1,1970-09-20,False,BAL,SDG,A,W,16,14,,2,16,0,0,0,0,0,0,0,0,,0,1.6,3.6,13812,False,targets;fum_rec_td,PFR+RULE2PT,19700920-BAL-SDG,False,fum_rec_td,False,True,fum_rec_td,
John Mackey,1970,2,1970-09-28,False,BAL,KAN,H,L,24,44,,1,8,0,0,0,0,0,0,0,0,,0,0.8,1.8,13812,False,targets;fum_rec_td,PFR+RULE2PT,19700928-KAN-BAL,False,fum_rec_td,False,True,fum_rec_td,
John Mackey,1970,3,1970-10-04,False,BAL,BOS,A,W,14,6,,1,2,0,0,0,0,0,0,0,0,,0,0.2,1.2,13812,False,targets;fum_rec_td,PFR+RULE2PT,19701004-BAL-BOS,False,fum_rec_td,False,True,fum_rec_td,
John Mackey,1970,4,1970-10-11,False,BAL,HOU,A,W,24,20,,2,21,0,0,0,0,0,0,0,0,,0,2.1,4.1,13812,False,targets;fum_rec_td,PFR+RULE2PT,19701011-BAL-HOU,False,fum_rec_td,False,True,fum_rec_td,
John Mackey,1970,5,1970-10-18,False,BAL,NYJ,A,W,29,22,,1,48,0,0,0,0,0,0,0,0,,0,4.8,5.8,13812,False,targets;fum_rec_td,PFR+RULE2PT,19701018-BAL-NYJ,False,fum_rec_td,False,True,fum_rec_td,
John Mackey,1970,6,1970-10-25,False,BAL,BOS,H,W,27,3,,1,42,0,0,0,0,0,0,0,0,,0,4.2,5.2,13812,False,targets;fum_rec_td,PFR+RULE2PT,19701025-BOS-BAL,False,fum_rec_td,False,True,fum_rec_td,
John Mackey,1970,7,1970-11-01,False,BAL,MIA,H,W,35,0,,3,22,0,0,0,0,0,0,0,0,,0,2.2,5.2,13812,False,targets;fum_rec_td,PFR+RULE2PT,19701101-MIA-BAL,False,fum_rec_td,False,True,fum_rec_td,
John Mackey,1970,8,1970-11-09,False,BAL,GNB,A,W,13,10,,2,27,0,0,0,0,0,0,0,0,,0,2.7,4.7,13812,False,targets;fum_rec_td,PFR+RULE2PT,19701109-BAL-GNB,False,fum_rec_td,False,True,fum_rec_td,
John Mackey,1970,9,1970-11-15,False,BAL,BUF,H,T,17,17,,3,54,1,0,0,0,0,0,0,0,,0,11.4,14.4,13812,False,targets;fum_rec_td,PFR+RULE2PT,19701115-BUF-BAL,False,fum_rec_td,False,True,fum_rec_td,
John Mackey,1970,10,1970-11-22,False,BAL,MIA,A,L,17,34,,2,31,0,0,0,0,0,0,0,0,,0,3.1,5.1,13812,False,targets;fum_rec_td,PFR+RULE2PT,19701122-BAL-MIA,False,fum_rec_td,False,True,fum_rec_td,
John Mackey,1970,11,1970-11-29,False,BAL,CHI,H,W,21,20,,5,87,1,0,0,0,0,0,0,0,,0,14.7,19.7,13812,False,targets;fum_rec_td,PFR+RULE2PT,19701129-CHI-BAL,False,fum_rec_td,False,True,fum_rec_td,
John Mackey,1970,12,1970-12-06,False,BAL,PHI,H,W,29,10,,3,39,1,0,0,0,0,0,0,0,,0,9.9,12.9,13812,False,targets;fum_rec_td,PFR+RULE2PT,19701206-PHI-BAL,False,fum_rec_td,False,True,fum_rec_td,
John Mackey,1970,13,1970-12-13,False,BAL,BUF,A,W,20,14,,1,17,0,0,0,0,0,0,0,0,,0,1.7,2.7,13812,False,targets;fum_rec_td,PFR+RULE2PT,19701213-BAL-BUF,False,fum_rec_td,False,True,fum_rec_td,
John Mackey,1970,14,1970-12-19,False,BAL,NYJ,H,W,35,20,,1,21,0,0,0,0,0,0,0,0,,0,2.1,3.1,13812,False,targets;fum_rec_td,PFR+RULE2PT,19701219-NYJ-BAL,False,fum_rec_td,False,True,fum_rec_td,
John Mackey,1970,15,1970-12-26,True,BAL,CIN,H,W,17,0,,1,8,0,0,0,0,0,0,0,0,,0,0.8,1.8,13812,False,targets;fum_rec_td,PFR+RULE2PT,19701226-CIN-BAL,False,fum_rec_td,False,True,fum_rec_td,
John Mackey,1970,16,1971-01-03,True,BAL,OAK,H,W,27,17,,1,14,0,0,0,0,0,0,0,0,,0,1.4,2.4,13812,False,targets;fum_rec_td,PFR+RULE2PT,19710103-OAK-BAL,False,fum_rec_td,False,True,fum_rec_td,
John Mackey,1970,17,1971-01-17,True,BAL,DAL,N,W,16,13,,2,80,1,0,0,0,0,0,0,0,,0,14.0,16.0,13812,False,targets;fum_rec_td,PFR+RULE2PT,19710117-BAL-DAL-N,False,fum_rec_td,False,True,fum_rec_td,
John Mackey,1971,1,1971-09-19,False,BAL,NYJ,H,W,22,0,,1,-3,0,1,8,0,0,0,0,0,,0,0.5,1.5,13812,False,targets;fum_rec_td,PFR+RULE2PT,19710919-NYJ-BAL,False,fum_rec_td,False,True,fum_rec_td,
John Mackey,1971,2,1971-09-26,False,BAL,CLE,H,L,13,14,,1,16,0,0,0,0,0,0,0,0,,0,1.6,2.6,13812,False,targets;fum_rec_td,PFR+RULE2PT,19710926-CLE-BAL,False,fum_rec_td,False,True,fum_rec_td,
John Mackey,1971,3,1971-10-03,False,BAL,NWE,A,W,23,3,,2,18,0,0,0,0,0,0,0,0,,0,1.8,3.8,13812,False,targets;fum_rec_td,PFR+RULE2PT,19711003-BAL-NWE,False,fum_rec_td,False,True,fum_rec_td,
John Mackey,1971,4,1971-10-10,False,BAL,BUF,A,W,43,0,,1,7,0,0,0,0,0,0,0,0,,0,0.7,1.7,13812,False,targets;fum_rec_td,PFR+RULE2PT,19711010-BAL-BUF,False,fum_rec_td,False,True,fum_rec_td,
John Mackey,1971,5,1971-10-17,False,BAL,NYG,A,W,31,7,,0,0,0,0,0,0,0,0,0,0,,0,0.0,0.0,13812,False,targets;fum_rec_td,PFR+RULE2PT,19711017-BAL-NYG,False,fum_rec_td,False,True,fum_rec_td,
John Mackey,1971,6,1971-10-25,False,BAL,MIN,A,L,3,10,,1,6,0,0,0,0,0,0,0,0,,0,0.6,1.6,13812,False,targets;fum_rec_td,PFR+RULE2PT,19711025-BAL-MIN,False,fum_rec_td,False,True,fum_rec_td,
John Mackey,1971,7,1971-10-31,False,BAL,PIT,H,W,34,21,,1,5,0,1,9,0,0,0,0,0,,0,1.4,2.4,13812,False,targets;fum_rec_td,PFR+RULE2PT,19711031-PIT-BAL,False,fum_rec_td,False,True,fum_rec_td,
John Mackey,1971,8,1971-11-08,False,BAL,RAM,H,W,24,17,,0,0,0,0,0,0,0,0,0,0,,0,0.0,0.0,13812,False,targets;fum_rec_td,PFR+RULE2PT,19711108-RAM-BAL,False,fum_rec_td,False,True,fum_rec_td,
John Mackey,1971,9,1971-11-14,False,BAL,NYJ,A,W,14,13,,0,0,0,0,0,0,0,0,0,0,,0,0.0,0.0,13812,False,targets;fum_rec_td,PFR+RULE2PT,19711114-BAL-NYJ,False,fum_rec_td,False,True,fum_rec_td,
John Mackey,1971,10,1971-11-21,False,BAL,MIA,A,L,14,17,,2,46,0,0,0,0,0,0,0,0,,0,4.6,6.6,13812,False,targets;fum_rec_td,PFR+RULE2PT,19711121-BAL-MIA,False,fum_rec_td,False,True,fum_rec_td,
John Mackey,1971,11,1971-11-28,False,BAL,OAK,A,W,37,14,,1,20,0,0,0,0,0,0,0,0,,0,2.0,3.0,13812,False,targets;fum_rec_td,PFR+RULE2PT,19711128-BAL-OAK,False,fum_rec_td,False,True,fum_rec_td,
John Mackey,1971,12,1971-12-05,False,BAL,BUF,H,W,24,0,,1,28,0,1,1,0,0,0,0,0,,0,2.9,3.9,13812,False,targets;fum_rec_td,PFR+RULE2PT,19711205-BUF-BAL,False,fum_rec_td,False,True,fum_rec_td,
John Mackey,1971,13,1971-12-11,False,BAL,MIA,H,W,14,3,,0,0,0,0,0,0,0,0,0,0,,0,0.0,0.0,13812,False,targets;fum_rec_td,PFR+RULE2PT,19711211-MIA-BAL,False,fum_rec_td,False,True,fum_rec_td,
John Mackey,1971,14,1971-12-19,False,BAL,NWE,H,L,17,21,,0,0,0,0,0,0,0,0,0,0,,0,0.0,0.0,13812,False,targets;fum_rec_td,PFR+RULE2PT,19711219-NWE-BAL,False,fum_rec_td,False,True,fum_rec_td,
John Mackey,1971,15,1971-12-26,True,BAL,CLE,A,W,20,3,,0,0,0,0,0,0,0,0,0,0,,0,0.0,0.0,13812,False,targets;fum_rec_td,PFR+RULE2PT,19711226-BAL-CLE,False,fum_rec_td,False,True,fum_rec_td,
John Mackey,1971,16,1972-01-02,True,BAL,MIA,A,L,0,21,,1,6,0,0,0,0,0,0,0,0,,0,0.6,1.6,13812,False,targets;fum_rec_td,PFR+RULE2PT,19720102-BAL-MIA,False,fum_rec_td,False,True,fum_rec_td,
John Mackey,1972,2,1972-09-24,False,SDG,DEN,H,W,37,14,,1,21,0,0,0,0,0,0,0,0,,0,2.1,3.1,13812,False,targets;fum_rec_td,PFR+RULE2PT,19720924-DEN-SDG,False,fum_rec_td,False,True,fum_rec_td,
John Mackey,1972,3,1972-10-01,False,SDG,OAK,A,T,17,17,,0,0,0,0,0,0,0,0,0,0,,0,0.0,0.0,13812,False,targets;fum_rec_td,PFR+RULE2PT,19721001-SDG-OAK,False,fum_rec_td,False,True,fum_rec_td,
John Mackey,1972,4,1972-10-08,False,SDG,BAL,A,W,23,20,,3,34,0,0,0,0,0,0,0,0,,0,3.4,6.4,13812,False,targets;fum_rec_td,PFR+RULE2PT,19721008-SDG-BAL,False,fum_rec_td,False,True,fum_rec_td,
John Mackey,1972,5,1972-10-15,False,SDG,MIA,A,L,10,24,,0,0,0,0,0,0,0,0,0,0,,0,0.0,0.0,13812,False,targets;fum_rec_td,PFR+RULE2PT,19721015-SDG-MIA,False,fum_rec_td,False,True,fum_rec_td,
John Mackey,1972,6,1972-10-22,False,SDG,DET,A,L,20,34,,4,29,0,0,0,0,0,0,0,0,,0,2.9,6.9,13812,False,targets;fum_rec_td,PFR+RULE2PT,19721022-SDG-DET,False,fum_rec_td,False,True,fum_rec_td,
John Mackey,1972,7,1972-10-29,False,SDG,KAN,H,L,14,26,,0,0,0,0,0,0,0,0,0,0,,0,0.0,0.0,13812,False,targets;fum_rec_td,PFR+RULE2PT,19721029-KAN-SDG,False,fum_rec_td,False,True,fum_rec_td,
John Mackey,1972,8,1972-11-05,False,SDG,DAL,H,L,28,34,,1,5,0,0,0,0,0,0,0,0,,0,0.5,1.5,13812,False,targets;fum_rec_td,PFR+RULE2PT,19721105-DAL-SDG,False,fum_rec_td,False,True,fum_rec_td,
John Mackey,1972,9,1972-11-13,False,SDG,CLE,H,L,17,21,,0,0,0,0,0,0,0,0,0,0,,0,0.0,0.0,13812,False,targets;fum_rec_td,PFR+RULE2PT,19721113-CLE-SDG,False,fum_rec_td,False,True,fum_rec_td,
John Mackey,1972,10,1972-11-19,False,SDG,KAN,A,W,27,17,,1,18,0,0,0,0,0,0,0,0,,0,1.8,2.8,13812,False,targets;fum_rec_td,PFR+RULE2PT,19721119-SDG-KAN,False,fum_rec_td,False,True,fum_rec_td,
John Mackey,1972,11,1972-11-26,False,SDG,HOU,H,W,34,20,,0,0,0,0,0,0,0,0,0,0,,0,0.0,0.0,13812,False,targets;fum_rec_td,PFR+RULE2PT,19721126-HOU-SDG,False,fum_rec_td,False,True,fum_rec_td,
John Mackey,1972,12,1972-12-03,False,SDG,OAK,H,L,19,21,,0,0,0,0,0,0,0,0,0,0,,0,0.0,0.0,13812,False,targets;fum_rec_td,PFR+RULE2PT,19721203-OAK-SDG,False,fum_rec_td,False,True,fum_rec_td,
John Mackey,1972,13,1972-12-10,False,SDG,DEN,A,L,13,38,,0,0,0,0,0,0,0,0,0,0,,0,0.0,0.0,13812,False,targets;fum_rec_td,PFR+RULE2PT,19721210-SDG-DEN,False,fum_rec_td,False,True,fum_rec_td,
John Mackey,1972,14,1972-12-17,False,SDG,PIT,H,L,2,24,,1,3,0,0,0,0,0,0,0,0,,0,0.3,1.3,13812,False,targets;fum_rec_td,PFR+RULE2PT,19721217-PIT-SDG,False,fum_rec_td,False,True,fum_rec_td,
Jackie Smith,1970,1,1970-09-18,False,STL,RAM,A,L,13,34,,4,102,1,0,0,0,0,0,0,0,,0,16.2,20.2,20643,False,targets;fum_rec_td,PFR+RULE2PT,19700918-STL-RAM,False,fum_rec_td,False,True,fum_rec_td,
Jackie Smith,1970,2,1970-09-27,False,STL,WAS,H,W,27,17,,1,13,0,1,13,0,0,0,0,0,,0,2.6,3.6,20643,False,targets;fum_rec_td,PFR+RULE2PT,19700927-WAS-STL,False,fum_rec_td,False,True,fum_rec_td,
Jackie Smith,1970,3,1970-10-04,False,STL,DAL,H,W,20,7,,3,29,0,0,0,0,0,0,0,0,,0,2.9,5.9,20643,False,targets;fum_rec_td,PFR+RULE2PT,19701004-DAL-STL,False,fum_rec_td,False,True,fum_rec_td,
Jackie Smith,1970,4,1970-10-11,False,STL,NOR,H,W,24,17,,5,149,1,0,0,0,0,0,0,0,,0,20.9,25.9,20643,False,targets;fum_rec_td,PFR+RULE2PT,19701011-NOR-STL,False,fum_rec_td,False,True,fum_rec_td,
Jackie Smith,1970,5,1970-10-18,False,STL,PHI,A,W,35,20,,1,16,0,2,0,0,0,0,0,0,,0,1.6,2.6,20643,False,targets;fum_rec_td,PFR+RULE2PT,19701018-STL-PHI,False,fum_rec_td,False,True,fum_rec_td,
Jackie Smith,1970,6,1970-10-25,False,STL,NYG,A,L,17,35,,0,0,0,1,26,0,0,0,0,0,,0,2.6,2.6,20643,False,targets;fum_rec_td,PFR+RULE2PT,19701025-STL-NYG,False,fum_rec_td,False,True,fum_rec_td,
Jackie Smith,1970,7,1970-11-01,False,STL,HOU,H,W,44,0,,5,71,0,0,0,0,0,0,0,0,,0,7.1,12.1,20643,False,targets;fum_rec_td,PFR+RULE2PT,19701101-HOU-STL,False,fum_rec_td,False,True,fum_rec_td,
Jackie Smith,1970,8,1970-11-08,False,STL,BOS,H,W,31,0,,4,59,0,0,0,0,0,0,0,0,,0,5.9,9.9,20643,False,targets;fum_rec_td,PFR+RULE2PT,19701108-BOS-STL,False,fum_rec_td,False,True,fum_rec_td,
Jackie Smith,1970,9,1970-11-16,False,STL,DAL,A,W,38,0,,2,48,0,0,0,0,0,0,0,0,,0,4.8,6.8,20643,False,targets;fum_rec_td,PFR+RULE2PT,19701116-STL-DAL,False,fum_rec_td,False,True,fum_rec_td,
Jackie Smith,1970,10,1970-11-22,False,STL,KAN,A,T,6,6,,1,4,0,1,4,0,0,0,0,0,,0,0.8,1.8,20643,False,targets;fum_rec_td,PFR+RULE2PT,19701122-STL-KAN,False,fum_rec_td,False,True,fum_rec_td,
Jackie Smith,1970,11,1970-11-29,False,STL,PHI,H,W,23,14,,2,39,0,0,0,0,0,0,0,0,,0,3.9,5.9,20643,False,targets;fum_rec_td,PFR+RULE2PT,19701129-PHI-STL,False,fum_rec_td,False,True,fum_rec_td,
Jackie Smith,1970,12,1970-12-06,False,STL,DET,A,L,3,16,,2,13,0,0,0,0,0,0,0,0,,0,1.3,3.3,20643,False,targets;fum_rec_td,PFR+RULE2PT,19701206-STL-DET,False,fum_rec_td,False,True,fum_rec_td,
Jackie Smith,1970,13,1970-12-13,False,STL,NYG,H,L,17,34,,4,115,1,0,0,0,0,0,0,0,,0,17.5,21.5,20643,False,targets;fum_rec_td,PFR+RULE2PT,19701213-NYG-STL,False,fum_rec_td,False,True,fum_rec_td,
Jackie Smith,1970,14,1970-12-20,False,STL,WAS,A,L,27,28,,3,29,1,0,0,0,0,0,0,0,,0,8.9,11.9,20643,False,targets;fum_rec_td,PFR+RULE2PT,19701220-STL-WAS,False,fum_rec_td,False,True,fum_rec_td,
Jackie Smith,1971,1,1971-09-19,False,STL,WAS,H,L,17,24,,5,63,2,0,0,0,0,0,0,0,,0,18.3,23.3,20643,False,targets;fum_rec_td,PFR+RULE2PT,19710919-WAS-STL,False,fum_rec_td,False,True,fum_rec_td,
Jackie Smith,1971,2,1971-09-27,False,STL,NYJ,H,W,17,10,,2,48,0,0,0,0,0,0,0,0,,0,4.8,6.8,20643,False,targets;fum_rec_td,PFR+RULE2PT,19710927-NYJ-STL,False,fum_rec_td,False,True,fum_rec_td,
Jackie Smith,1971,3,1971-10-03,False,STL,NYG,H,L,20,21,,0,0,0,1,10,0,0,0,0,0,,0,1.0,1.0,20643,False,targets;fum_rec_td,PFR+RULE2PT,19711003-NYG-STL,False,fum_rec_td,False,True,fum_rec_td,
Jackie Smith,1971,4,1971-10-10,False,STL,ATL,A,W,26,9,,1,8,0,0,0,0,0,0,0,0,,0,0.8,1.8,20643,False,targets;fum_rec_td,PFR+RULE2PT,19711010-STL-ATL,False,fum_rec_td,False,True,fum_rec_td,
Jackie Smith,1971,5,1971-10-17,False,STL,WAS,A,L,0,20,,1,16,0,0,0,0,0,0,0,0,,0,1.6,2.6,20643,False,targets;fum_rec_td,PFR+RULE2PT,19711017-STL-WAS,False,fum_rec_td,False,True,fum_rec_td,
Jackie Smith,1971,6,1971-10-24,False,STL,SFO,H,L,14,26,,3,103,1,0,0,0,0,0,0,0,,0,16.3,19.3,20643,False,targets;fum_rec_td,PFR+RULE2PT,19711024-SFO-STL,False,fum_rec_td,False,True,fum_rec_td,
Jackie Smith,1971,7,1971-10-31,False,STL,BUF,A,W,28,23,,3,37,1,0,0,0,0,0,0,0,,0,9.7,12.7,20643,False,targets;fum_rec_td,PFR+RULE2PT,19711031-STL-BUF,False,fum_rec_td,False,True,fum_rec_td,
Jackie Smith,1971,8,1971-11-07,False,STL,DAL,H,L,13,16,,2,37,0,0,0,0,0,0,0,0,,0,3.7,5.7,20643,False,targets;fum_rec_td,PFR+RULE2PT,19711107-DAL-STL,False,fum_rec_td,False,True,fum_rec_td,
Jackie Smith,1971,9,1971-11-15,False,STL,SDG,A,L,17,20,,4,67,0,0,0,0,0,0,0,0,,0,6.7,10.7,20643,False,targets;fum_rec_td,PFR+RULE2PT,19711115-STL-SDG,False,fum_rec_td,False,True,fum_rec_td,
Jackie Smith,1972,1,1972-09-17,False,STL,BAL,A,W,10,3,,2,69,0,0,0,0,0,0,0,0,,0,6.9,8.9,20643,False,targets;fum_rec_td,PFR+RULE2PT,19720917-STL-BAL,False,fum_rec_td,False,True,fum_rec_td,
Jackie Smith,1972,2,1972-09-24,False,STL,WAS,A,L,10,24,,0,0,0,2,17,0,0,0,0,0,,0,1.7,1.7,20643,False,targets;fum_rec_td,PFR+RULE2PT,19720924-STL-WAS,False,fum_rec_td,False,True,fum_rec_td,
Jackie Smith,1972,3,1972-10-01,False,STL,PIT,H,L,19,25,,4,44,0,0,0,0,0,0,0,0,,0,4.4,8.4,20643,False,targets;fum_rec_td,PFR+RULE2PT,19721001-PIT-STL,False,fum_rec_td,False,True,fum_rec_td,
Jackie Smith,1972,4,1972-10-08,False,STL,MIN,A,W,19,17,,2,14,0,1,3,0,0,0,0,0,,0,1.7,3.7,20643,False,targets;fum_rec_td,PFR+RULE2PT,19721008-STL-MIN,False,fum_rec_td,False,True,fum_rec_td,
Jackie Smith,1972,5,1972-10-15,False,STL,WAS,H,L,3,33,,1,15,0,0,0,0,0,0,0,0,,0,1.5,2.5,20643,False,targets;fum_rec_td,PFR+RULE2PT,19721015-WAS-STL,False,fum_rec_td,False,True,fum_rec_td,
Jackie Smith,1972,6,1972-10-22,False,STL,NYG,A,L,21,27,,0,0,0,0,0,0,0,0,0,0,,0,0.0,0.0,20643,False,targets;fum_rec_td,PFR+RULE2PT,19721022-STL-NYG,False,fum_rec_td,False,True,fum_rec_td,
Jackie Smith,1972,7,1972-10-29,False,STL,CHI,H,L,10,27,,3,43,0,1,-6,0,0,0,0,0,,0,3.7,6.7,20643,False,targets;fum_rec_td,PFR+RULE2PT,19721029-CHI-STL,False,fum_rec_td,False,True,fum_rec_td,
Jackie Smith,1972,8,1972-11-05,False,STL,PHI,A,T,6,6,,2,26,0,1,17,0,0,0,0,0,,0,4.3,6.3,20643,False,targets;fum_rec_td,PFR+RULE2PT,19721105-STL-PHI,False,fum_rec_td,False,True,fum_rec_td,
Jackie Smith,1972,9,1972-11-12,False,STL,DAL,A,L,24,33,,5,110,1,0,0,0,0,0,0,0,,0,17.0,22.0,20643,False,targets;fum_rec_td,PFR+RULE2PT,19721112-STL-DAL,False,fum_rec_td,False,True,fum_rec_td,
Jackie Smith,1972,10,1972-11-19,False,STL,NYG,H,L,7,13,,0,0,0,0,0,0,0,0,0,0,,0,0.0,0.0,20643,False,targets;fum_rec_td,PFR+RULE2PT,19721119-NYG-STL,False,fum_rec_td,False,True,fum_rec_td,
Jackie Smith,1972,11,1972-11-27,False,STL,MIA,A,L,10,31,,3,63,0,0,0,0,0,0,0,0,,0,6.3,9.3,20643,False,targets;fum_rec_td,PFR+RULE2PT,19721127-STL-MIA,False,fum_rec_td,False,True,fum_rec_td,
Jackie Smith,1972,12,1972-12-03,False,STL,DAL,H,L,6,27,,2,12,1,0,0,0,0,0,0,0,,0,7.2,9.2,20643,False,targets;fum_rec_td,PFR+RULE2PT,19721203-DAL-STL,False,fum_rec_td,False,True,fum_rec_td,
Jackie Smith,1972,13,1972-12-10,False,STL,RAM,H,W,24,14,,0,0,0,0,0,0,0,0,0,0,,0,0.0,0.0,20643,False,targets;fum_rec_td,PFR+RULE2PT,19721210-RAM-STL,False,fum_rec_td,False,True,fum_rec_td,
Jackie Smith,1972,14,1972-12-17,False,STL,PHI,H,W,24,23,,2,11,0,0,0,0,0,0,0,0,,0,1.1,3.1,20643,False,targets;fum_rec_td,PFR+RULE2PT,19721217-PHI-STL,False,fum_rec_td,False,True,fum_rec_td,
Jackie Smith,1973,1,1973-09-16,False,STL,PHI,A,W,34,23,,2,14,0,0,0,0,0,0,0,0,,0,1.4,3.4,20643,False,targets;fum_rec_td,PFR+RULE2PT,19730916-STL-PHI,False,fum_rec_td,False,True,fum_rec_td,
Jackie Smith,1973,2,1973-09-23,False,STL,WAS,H,W,34,27,,5,129,0,0,0,0,0,0,0,0,,0,12.9,17.9,20643,False,targets;fum_rec_td,PFR+RULE2PT,19730923-WAS-STL,False,fum_rec_td,False,True,fum_rec_td,
Jackie Smith,1973,3,1973-09-30,False,STL,DAL,A,L,10,45,,3,37,0,0,0,0,0,0,0,0,,0,3.7,6.7,20643,False,targets;fum_rec_td,PFR+RULE2PT,19730930-STL-DAL,False,fum_rec_td,False,True,fum_rec_td,
Jackie Smith,1973,4,1973-10-07,False,STL,OAK,H,L,10,17,,3,53,1,0,0,0,0,0,0,0,,0,11.3,14.3,20643,False,targets;fum_rec_td,PFR+RULE2PT,19731007-OAK-STL,False,fum_rec_td,False,True,fum_rec_td,
Jackie Smith,1973,5,1973-10-14,False,STL,PHI,H,L,24,27,,7,83,0,0,0,0,0,0,0,0,,0,8.3,15.3,20643,False,targets;fum_rec_td,PFR+RULE2PT,19731014-PHI-STL,False,fum_rec_td,False,True,fum_rec_td,
Jackie Smith,1973,6,1973-10-21,False,STL,WAS,A,L,13,31,,5,49,0,0,0,0,0,0,0,0,,0,4.9,9.9,20643,False,targets;fum_rec_td,PFR+RULE2PT,19731021-STL-WAS,False,fum_rec_td,False,True,fum_rec_td,
Jackie Smith,1973,7,1973-10-28,False,STL,NYG,H,W,35,27,,2,26,0,1,-14,0,0,0,0,0,,0,1.2,3.2,20643,False,targets;fum_rec_td,PFR+RULE2PT,19731028-NYG-STL,False,fum_rec_td,False,True,fum_rec_td,
Jackie Smith,1973,8,1973-11-04,False,STL,DEN,H,T,17,17,,2,26,0,0,0,0,0,0,0,0,,0,2.6,4.6,20643,False,targets;fum_rec_td,PFR+RULE2PT,19731104-DEN-STL,False,fum_rec_td,False,True,fum_rec_td,
Jackie Smith,1973,9,1973-11-11,False,STL,GNB,A,L,21,25,,1,19,0,0,0,0,0,0,0,0,,0,1.9,2.9,20643,False,targets;fum_rec_td,PFR+RULE2PT,19731111-STL-GNB,False,fum_rec_td,False,True,fum_rec_td,
Jackie Smith,1973,10,1973-11-18,False,STL,NYG,A,L,13,24,,5,69,0,0,0,0,0,0,0,0,,0,6.9,11.9,20643,False,targets;fum_rec_td,PFR+RULE2PT,19731118-STL-NYG,False,fum_rec_td,False,True,fum_rec_td,
Jackie Smith,1973,11,1973-11-25,False,STL,CIN,A,L,24,42,,2,40,0,0,0,0,0,0,0,0,,0,4.0,6.0,20643,False,targets;fum_rec_td,PFR+RULE2PT,19731125-STL-CIN,False,fum_rec_td,False,True,fum_rec_td,
Jackie Smith,1973,12,1973-12-02,False,STL,DET,H,L,16,20,,2,56,0,0,0,0,0,0,0,0,,0,5.6,7.6,20643,False,targets;fum_rec_td,PFR+RULE2PT,19731202-DET-STL,False,fum_rec_td,False,True,fum_rec_td,
Jackie Smith,1973,13,1973-12-09,False,STL,ATL,A,W,32,10,,0,0,0,0,0,0,0,0,0,0,,0,0.0,0.0,20643,False,targets;fum_rec_td,PFR+RULE2PT,19731209-STL-ATL,False,fum_rec_td,False,True,fum_rec_td,
Jackie Smith,1973,14,1973-12-16,False,STL,DAL,H,L,3,30,,2,-1,0,0,0,0,0,0,0,0,,0,-0.1,1.9,20643,False,targets;fum_rec_td,PFR+RULE2PT,19731216-DAL-STL,False,fum_rec_td,False,True,fum_rec_td,
Jackie Smith,1974,1,1974-09-15,False,STL,PHI,H,W,7,3,,3,39,0,0,0,0,0,0,0,0,,0,3.9,6.9,20643,False,targets;fum_rec_td,PFR+RULE2PT,19740915-PHI-STL,False,fum_rec_td,False,True,fum_rec_td,
Jackie Smith,1974,2,1974-09-22,False,STL,WAS,A,W,17,10,,0,0,0,0,0,0,0,0,0,0,,0,0.0,0.0,20643,False,targets;fum_rec_td,PFR+RULE2PT,19740922-STL-WAS,False,fum_rec_td,False,True,fum_rec_td,
Jackie Smith,1974,3,1974-09-29,False,STL,CLE,H,W,29,7,,0,0,0,0,0,0,0,0,0,0,,0,0.0,0.0,20643,False,targets;fum_rec_td,PFR+RULE2PT,19740929-CLE-STL,False,fum_rec_td,False,True,fum_rec_td,
Jackie Smith,1974,4,1974-10-06,False,STL,SFO,A,W,34,9,,0,0,0,0,0,0,0,0,0,0,,0,0.0,0.0,20643,False,targets;fum_rec_td,PFR+RULE2PT,19741006-STL-SFO,False,fum_rec_td,False,True,fum_rec_td,
Jackie Smith,1974,5,1974-10-13,False,STL,DAL,H,W,31,28,,3,110,1,0,0,0,0,0,0,0,,0,17.0,20.0,20643,False,targets;fum_rec_td,PFR+RULE2PT,19741013-DAL-STL,False,fum_rec_td,False,True,fum_rec_td,
Jackie Smith,1974,6,1974-10-20,False,STL,HOU,A,W,31,27,,2,29,0,0,0,0,0,0,0,0,,0,2.9,4.9,20643,False,targets;fum_rec_td,PFR+RULE2PT,19741020-STL-HOU,False,fum_rec_td,False,True,fum_rec_td,
Jackie Smith,1974,7,1974-10-27,False,STL,WAS,H,W,23,20,,2,24,0,0,0,0,0,0,0,0,,0,2.4,4.4,20643,False,targets;fum_rec_td,PFR+RULE2PT,19741027-WAS-STL,False,fum_rec_td,False,True,fum_rec_td,
Jackie Smith,1974,8,1974-11-03,False,STL,DAL,A,L,14,17,,3,36,1,0,0,0,0,0,0,0,,0,9.6,12.6,20643,False,targets;fum_rec_td,PFR+RULE2PT,19741103-STL-DAL,False,fum_rec_td,False,True,fum_rec_td,
Jackie Smith,1974,9,1974-11-11,False,STL,MIN,H,L,24,28,,6,84,0,0,0,0,0,0,0,0,,0,8.4,14.4,20643,False,targets;fum_rec_td,PFR+RULE2PT,19741111-MIN-STL,False,fum_rec_td,False,True,fum_rec_td,
Jackie Smith,1974,10,1974-11-17,False,STL,PHI,A,W,13,3,,0,0,0,0,0,0,0,0,0,0,,0,0.0,0.0,20643,False,targets;fum_rec_td,PFR+RULE2PT,19741117-STL-PHI,False,fum_rec_td,False,True,fum_rec_td,
Jackie Smith,1974,11,1974-11-24,False,STL,NYG,A,W,23,21,,1,8,0,0,0,0,0,0,0,0,,0,0.8,1.8,20643,False,targets;fum_rec_td,PFR+RULE2PT,19741124-STL-NYG,False,fum_rec_td,False,True,fum_rec_td,
Jackie Smith,1974,12,1974-12-01,False,STL,KAN,H,L,13,17,,1,11,0,0,0,0,0,0,0,0,,0,1.1,2.1,20643,False,targets;fum_rec_td,PFR+RULE2PT,19741201-KAN-STL,False,fum_rec_td,False,True,fum_rec_td,
Jackie Smith,1974,13,1974-12-08,False,STL,NOR,A,L,0,14,,1,24,0,0,0,0,0,0,0,0,,0,2.4,3.4,20643,False,targets;fum_rec_td,PFR+RULE2PT,19741208-STL-NOR,False,fum_rec_td,False,True,fum_rec_td,
Jackie Smith,1974,14,1974-12-15,False,STL,NYG,H,W,26,14,,3,48,1,0,0,0,0,0,0,0,,0,10.8,13.8,20643,False,targets;fum_rec_td,PFR+RULE2PT,19741215-NYG-STL,False,fum_rec_td,False,True,fum_rec_td,
Jackie Smith,1974,15,1974-12-21,True,STL,MIN,A,L,14,30,,1,7,0,0,0,0,0,0,0,0,,0,0.7,1.7,20643,False,targets;fum_rec_td,PFR+RULE2PT,19741221-STL-MIN,False,fum_rec_td,False,True,fum_rec_td,
Jackie Smith,1975,1,1975-09-21,False,STL,ATL,H,W,23,20,,1,8,0,0,0,0,0,0,0,0,,0,0.8,1.8,20643,False,targets;fum_rec_td,PFR+RULE2PT,19750921-ATL-STL,False,fum_rec_td,False,True,fum_rec_td,
Jackie Smith,1975,2,1975-09-28,False,STL,DAL,A,L,31,37,,1,35,1,0,0,0,0,0,0,0,,0,9.5,10.5,20643,False,targets;fum_rec_td,PFR+RULE2PT,19750928-STL-DAL,False,fum_rec_td,False,True,fum_rec_td,
Jackie Smith,1975,3,1975-10-05,False,STL,NYG,H,W,26,14,,0,0,0,0,0,0,0,0,0,0,,0,0.0,0.0,20643,False,targets;fum_rec_td,PFR+RULE2PT,19751005-NYG-STL,False,fum_rec_td,False,True,fum_rec_td,
Jackie Smith,1975,4,1975-10-13,False,STL,WAS,A,L,17,27,,2,17,0,0,0,0,0,0,0,0,,0,1.7,3.7,20643,False,targets;fum_rec_td,PFR+RULE2PT,19751013-STL-WAS,False,fum_rec_td,False,True,fum_rec_td,
Jackie Smith,1975,5,1975-10-19,False,STL,PHI,H,W,31,20,,2,69,1,0,0,0,0,0,0,0,,0,12.9,14.9,20643,False,targets;fum_rec_td,PFR+RULE2PT,19751019-PHI-STL,False,fum_rec_td,False,True,fum_rec_td,
Jackie Smith,1975,6,1975-10-25,False,STL,NYG,A,W,20,13,,1,3,0,0,0,0,0,0,0,0,,0,0.3,1.3,20643,False,targets;fum_rec_td,PFR+RULE2PT,19751025-STL-NYG,False,fum_rec_td,False,True,fum_rec_td,
Jackie Smith,1975,7,1975-11-02,False,STL,NWE,H,W,24,17,,2,16,0,0,0,0,0,0,0,0,,0,1.6,3.6,20643,False,targets;fum_rec_td,PFR+RULE2PT,19751102-NWE-STL,False,fum_rec_td,False,True,fum_rec_td,
Jackie Smith,1975,13,1975-12-14,False,STL,CHI,A,W,34,20,,2,72,0,0,0,0,0,0,0,0,,0,7.2,9.2,20643,False,targets;fum_rec_td,PFR+RULE2PT,19751214-STL-CHI,False,fum_rec_td,False,True,fum_rec_td,
Jackie Smith,1975,14,1975-12-21,False,STL,DET,A,W,24,13,,2,26,0,0,0,0,0,0,0,0,,0,2.6,4.6,20643,False,targets;fum_rec_td,PFR+RULE2PT,19751221-STL-DET,False,fum_rec_td,False,True,fum_rec_td,
Jackie Smith,1975,15,1975-12-27,True,STL,RAM,A,L,23,35,,1,1,0,0,0,0,0,0,0,0,,0,0.1,1.1,20643,False,targets;fum_rec_td,PFR+RULE2PT,19751227-STL-RAM,False,fum_rec_td,False,True,fum_rec_td,
Jackie Smith,1976,3,1976-09-26,False,STL,SDG,A,L,24,43,,0,0,0,0,0,0,0,0,0,0,,0,0.0,0.0,20643,False,targets;fum_rec_td,PFR+RULE2PT,19760926-STL-SDG,False,fum_rec_td,False,True,fum_rec_td,
Jackie Smith,1976,4,1976-10-03,False,STL,NYG,H,W,27,21,,0,0,0,0,0,0,0,0,0,0,,0,0.0,0.0,20643,False,targets;fum_rec_td,PFR+RULE2PT,19761003-NYG-STL,False,fum_rec_td,False,True,fum_rec_td,
Jackie Smith,1976,5,1976-10-10,False,STL,PHI,H,W,33,14,,1,16,0,0,0,0,0,0,0,0,,0,1.6,2.6,20643,False,targets;fum_rec_td,PFR+RULE2PT,19761010-PHI-STL,False,fum_rec_td,False,True,fum_rec_td,
Jackie Smith,1976,6,1976-10-17,False,STL,DAL,H,W,21,17,,0,0,0,0,0,0,0,0,0,0,,0,0.0,0.0,20643,False,targets;fum_rec_td,PFR+RULE2PT,19761017-DAL-STL,False,fum_rec_td,False,True,fum_rec_td,
Jackie Smith,1976,7,1976-10-25,False,STL,WAS,A,L,10,20,,0,0,0,0,0,0,0,0,0,0,,0,0.0,0.0,20643,False,targets;fum_rec_td,PFR+RULE2PT,19761025-STL-WAS,False,fum_rec_td,False,True,fum_rec_td,
Jackie Smith,1976,8,1976-10-31,False,STL,SFO,H,W,23,20,,0,0,0,0,0,0,0,0,0,0,,0,0.0,0.0,20643,False,targets;fum_rec_td,PFR+RULE2PT,19761031-SFO-STL,False,fum_rec_td,False,True,fum_rec_td,
Jackie Smith,1976,9,1976-11-07,False,STL,PHI,A,W,17,14,,1,-3,0,0,0,0,0,0,0,0,,0,-0.3,0.7,20643,False,targets;fum_rec_td,PFR+RULE2PT,19761107-STL-PHI,False,fum_rec_td,False,True,fum_rec_td,
Jackie Smith,1976,10,1976-11-14,False,STL,RAM,A,W,30,28,,1,9,0,0,0,0,0,0,0,0,,0,0.9,1.9,20643,False,targets;fum_rec_td,PFR+RULE2PT,19761114-STL-RAM,False,fum_rec_td,False,True,fum_rec_td,
Jackie Smith,1976,11,1976-11-21,False,STL,WAS,H,L,10,16,,0,0,0,0,0,0,0,0,0,0,,0,0.0,0.0,20643,False,targets;fum_rec_td,PFR+RULE2PT,19761121-WAS-STL,False,fum_rec_td,False,True,fum_rec_td,
Jackie Smith,1976,12,1976-11-25,False,STL,DAL,A,L,14,19,,0,0,0,0,0,0,0,0,0,0,,0,0.0,0.0,20643,False,targets;fum_rec_td,PFR+RULE2PT,19761125-STL-DAL,False,fum_rec_td,False,True,fum_rec_td,
Jackie Smith,1976,13,1976-12-04,False,STL,BAL,H,W,24,17,,0,0,0,0,0,0,0,0,0,0,,0,0.0,0.0,20643,False,targets;fum_rec_td,PFR+RULE2PT,19761204-BAL-STL,False,fum_rec_td,False,True,fum_rec_td,
Jackie Smith,1976,14,1976-12-12,False,STL,NYG,A,W,17,14,,0,0,0,0,0,0,0,0,0,0,,0,0.0,0.0,20643,False,targets;fum_rec_td,PFR+RULE2PT,19761212-STL-NYG,False,fum_rec_td,False,True,fum_rec_td,
Jackie Smith,1977,1,1977-09-18,False,STL,DEN,A,L,0,7,,0,0,0,0,0,0,0,0,0,0,,0,0.0,0.0,20643,False,targets;fum_rec_td,PFR+RULE2PT,19770918-STL-DEN,False,fum_rec_td,False,True,fum_rec_td,
Jackie Smith,1977,2,1977-09-25,False,STL,CHI,H,W,16,13,,0,0,0,0,0,0,0,0,0,0,,0,0.0,0.0,20643,False,targets;fum_rec_td,PFR+RULE2PT,19770925-CHI-STL,False,fum_rec_td,False,True,fum_rec_td,
Jackie Smith,1977,3,1977-10-02,False,STL,WAS,A,L,14,24,,0,0,0,0,0,0,0,0,0,0,,0,0.0,0.0,20643,False,targets;fum_rec_td,PFR+RULE2PT,19771002-STL-WAS,False,fum_rec_td,False,True,fum_rec_td,
Jackie Smith,1977,4,1977-10-09,False,STL,DAL,H,L,24,30,,0,0,0,0,0,0,0,0,0,0,,0,0.0,0.0,20643,False,targets;fum_rec_td,PFR+RULE2PT,19771009-DAL-STL,False,fum_rec_td,False,True,fum_rec_td,
Jackie Smith,1977,5,1977-10-16,False,STL,PHI,A,W,21,17,,0,0,0,0,0,0,0,0,0,0,,0,0.0,0.0,20643,False,targets;fum_rec_td,PFR+RULE2PT,19771016-STL-PHI,False,fum_rec_td,False,True,fum_rec_td,
Jackie Smith,1977,6,1977-10-23,False,STL,NOR,H,W,49,31,,1,13,0,0,0,0,0,0,0,0,,0,1.3,2.3,20643,False,targets;fum_rec_td,PFR+RULE2PT,19771023-NOR-STL,False,fum_rec_td,False,True,fum_rec_td,
Jackie Smith,1977,7,1977-10-31,False,STL,NYG,H,W,28,0,,0,0,0,0,0,0,0,0,0,0,,0,0.0,0.0,20643,False,targets;fum_rec_td,PFR+RULE2PT,19771031-NYG-STL,False,fum_rec_td,False,True,fum_rec_td,
Jackie Smith,1977,8,1977-11-06,False,STL,MIN,A,W,27,7,,1,11,0,0,0,0,0,0,0,0,,0,1.1,2.1,20643,False,targets;fum_rec_td,PFR+RULE2PT,19771106-STL-MIN,False,fum_rec_td,False,True,fum_rec_td,
Jackie Smith,1977,9,1977-11-14,False,STL,DAL,A,W,24,17,,1,3,1,0,0,0,0,0,0,0,,0,6.3,7.3,20643,False,targets;fum_rec_td,PFR+RULE2PT,19771114-STL-DAL,False,fum_rec_td,False,True,fum_rec_td,
Jackie Smith,1977,10,1977-11-20,False,STL,PHI,H,W,21,16,,0,0,0,0,0,0,0,0,0,0,,0,0.0,0.0,20643,False,targets;fum_rec_td,PFR+RULE2PT,19771120-PHI-STL,False,fum_rec_td,False,True,fum_rec_td,
Jackie Smith,1977,11,1977-11-24,False,STL,MIA,H,L,14,55,,0,0,0,0,0,0,0,0,0,0,,0,0.0,0.0,20643,False,targets;fum_rec_td,PFR+RULE2PT,19771124-MIA-STL,False,fum_rec_td,False,True,fum_rec_td,
Jackie Smith,1977,12,1977-12-04,False,STL,NYG,A,L,7,27,,2,22,0,0,0,0,0,0,0,0,,0,2.2,4.2,20643,False,targets;fum_rec_td,PFR+RULE2PT,19771204-STL-NYG,False,fum_rec_td,False,True,fum_rec_td,
Jackie Smith,1977,13,1977-12-10,False,STL,WAS,H,L,20,26,,0,0,0,0,0,0,0,0,0,0,,0,0.0,0.0,20643,False,targets;fum_rec_td,PFR+RULE2PT,19771210-WAS-STL,False,fum_rec_td,False,True,fum_rec_td,
Jackie Smith,1977,14,1977-12-18,False,STL,TAM,A,L,7,17,,0,0,0,0,0,0,0,0,0,0,,0,0.0,0.0,20643,False,targets;fum_rec_td,PFR+RULE2PT,19771218-STL-TAM,False,fum_rec_td,False,True,fum_rec_td,
Jackie Smith,1978,5,1978-10-02,False,DAL,WAS,A,L,5,9,,0,0,0,0,0,0,0,0,0,0,,0,0.0,0.0,20643,False,targets;fum_rec_td,PFR+RULE2PT,19781002-DAL-WAS,False,fum_rec_td,False,True,fum_rec_td,
Jackie Smith,1978,6,1978-10-08,False,DAL,NYG,H,W,24,3,,0,0,0,0,0,0,0,0,0,0,,0,0.0,0.0,20643,False,targets;fum_rec_td,PFR+RULE2PT,19781008-NYG-DAL,False,fum_rec_td,False,True,fum_rec_td,
Jackie Smith,1978,7,1978-10-15,False,DAL,STL,A,W,24,21,,0,0,0,0,0,0,0,0,0,0,,0,0.0,0.0,20643,False,targets;fum_rec_td,PFR+RULE2PT,19781015-DAL-STL,False,fum_rec_td,False,True,fum_rec_td,
Jackie Smith,1978,8,1978-10-22,False,DAL,PHI,H,W,14,7,,0,0,0,0,0,0,0,0,0,0,,0,0.0,0.0,20643,False,targets;fum_rec_td,PFR+RULE2PT,19781022-PHI-DAL,False,fum_rec_td,False,True,fum_rec_td,
Jackie Smith,1978,9,1978-10-26,False,DAL,MIN,H,L,10,21,,0,0,0,0,0,0,0,0,0,0,,0,0.0,0.0,20643,False,targets;fum_rec_td,PFR+RULE2PT,19781026-MIN-DAL,False,fum_rec_td,False,True,fum_rec_td,
Jackie Smith,1978,10,1978-11-05,False,DAL,MIA,A,L,16,23,,0,0,0,0,0,0,0,0,0,0,,0,0.0,0.0,20643,False,targets;fum_rec_td,PFR+RULE2PT,19781105-DAL-MIA,False,fum_rec_td,False,True,fum_rec_td,
Jackie Smith,1978,11,1978-11-12,False,DAL,GNB,A,W,42,14,,0,0,0,0,0,0,0,0,0,0,,0,0.0,0.0,20643,False,targets;fum_rec_td,PFR+RULE2PT,19781112-DAL-GNB,False,fum_rec_td,False,True,fum_rec_td,
Jackie Smith,1978,12,1978-11-19,False,DAL,NOR,H,W,27,7,,0,0,0,0,0,0,0,0,0,0,,0,0.0,0.0,20643,False,targets;fum_rec_td,PFR+RULE2PT,19781119-NOR-DAL,False,fum_rec_td,False,True,fum_rec_td,
Jackie Smith,1978,13,1978-11-23,False,DAL,WAS,H,W,37,10,,0,0,0,0,0,0,0,0,0,0,,0,0.0,0.0,20643,False,targets;fum_rec_td,PFR+RULE2PT,19781123-WAS-DAL,False,fum_rec_td,False,True,fum_rec_td,
Jackie Smith,1978,14,1978-12-03,False,DAL,NWE,H,W,17,10,,0,0,0,0,0,0,0,0,0,0,,0,0.0,0.0,20643,False,targets;fum_rec_td,PFR+RULE2PT,19781203-NWE-DAL,False,fum_rec_td,False,True,fum_rec_td,
Jackie Smith,1978,15,1978-12-10,False,DAL,PHI,A,W,31,13,,0,0,0,0,0,0,0,0,0,0,,0,0.0,0.0,20643,False,targets;fum_rec_td,PFR+RULE2PT,19781210-DAL-PHI,False,fum_rec_td,False,True,fum_rec_td,
Jackie Smith,1978,16,1978-12-17,False,DAL,NYJ,A,W,30,7,,0,0,0,0,0,0,0,0,0,0,,0,0.0,0.0,20643,False,targets;fum_rec_td,PFR+RULE2PT,19781217-DAL-NYJ,False,fum_rec_td,False,True,fum_rec_td,
Jackie Smith,1978,17,1978-12-30,True,DAL,ATL,H,W,27,20,,3,38,1,0,0,0,0,0,0,0,,0,9.8,12.8,20643,False,targets;fum_rec_td,PFR+RULE2PT,19781230-ATL-DAL,False,fum_rec_td,False,True,fum_rec_td,
Jackie Smith,1978,18,1979-01-07,True,DAL,RAM,A,W,28,0,,0,0,0,1,-9,0,0,0,0,0,,0,-0.9,-0.9,20643,False,targets;fum_rec_td,PFR+RULE2PT,19790107-DAL-RAM,False,fum_rec_td,False,True,fum_rec_td,
Jackie Smith,1978,19,1979-01-21,True,DAL,PIT,N,L,31,35,,0,0,0,0,0,0,0,0,0,0,,0,0.0,0.0,20643,False,targets;fum_rec_td,PFR+RULE2PT,19790121-DAL-PIT-N,False,fum_rec_td,False,True,fum_rec_td,
Charlie Sanders,1970,1,1970-09-20,False,DET,GNB,A,W,40,0,,3,26,0,0,0,0,0,0,0,0,,0,2.6,5.6,19441,False,targets;fum_rec_td,PFR+RULE2PT,19700920-DET-GNB,False,fum_rec_td,False,True,fum_rec_td,
Charlie Sanders,1970,2,1970-09-27,False,DET,CIN,H,W,38,3,,2,11,1,0,0,0,0,0,0,0,,0,7.1,9.1,19441,False,targets;fum_rec_td,PFR+RULE2PT,19700927-CIN-DET,False,fum_rec_td,False,True,fum_rec_td,
Charlie Sanders,1970,3,1970-10-05,False,DET,CHI,H,W,28,14,,3,77,0,0,0,0,0,0,0,0,,0,7.7,10.7,19441,False,targets;fum_rec_td,PFR+RULE2PT,19701005-CHI-DET,False,fum_rec_td,False,True,fum_rec_td,
Charlie Sanders,1970,4,1970-10-11,False,DET,WAS,A,L,10,31,,3,47,0,0,0,0,0,0,0,0,,0,4.7,7.7,19441,False,targets;fum_rec_td,PFR+RULE2PT,19701011-DET-WAS,False,fum_rec_td,False,True,fum_rec_td,
Charlie Sanders,1970,5,1970-10-18,False,DET,CLE,A,W,41,24,,0,0,0,0,0,0,0,0,0,0,,0,0.0,0.0,19441,False,targets;fum_rec_td,PFR+RULE2PT,19701018-DET-CLE,False,fum_rec_td,False,True,fum_rec_td,
Charlie Sanders,1970,6,1970-10-25,False,DET,CHI,A,W,16,10,,3,33,0,0,0,0,0,0,0,0,,0,3.3,6.3,19441,False,targets;fum_rec_td,PFR+RULE2PT,19701025-DET-CHI,False,fum_rec_td,False,True,fum_rec_td,
Charlie Sanders,1970,7,1970-11-01,False,DET,MIN,H,L,17,30,,2,30,0,0,0,0,0,0,0,0,,0,3.0,5.0,19441,False,targets;fum_rec_td,PFR+RULE2PT,19701101-MIN-DET,False,fum_rec_td,False,True,fum_rec_td,
Charlie Sanders,1970,8,1970-11-08,False,DET,NOR,A,L,17,19,,6,88,1,0,0,0,0,0,0,0,,0,14.8,20.8,19441,False,targets;fum_rec_td,PFR+RULE2PT,19701108-DET-NOR,False,fum_rec_td,False,True,fum_rec_td,
Charlie Sanders,1970,9,1970-11-15,False,DET,MIN,A,L,20,24,,2,17,0,0,0,0,0,0,0,0,,0,1.7,3.7,19441,False,targets;fum_rec_td,PFR+RULE2PT,19701115-DET-MIN,False,fum_rec_td,False,True,fum_rec_td,
Charlie Sanders,1970,10,1970-11-22,False,DET,SFO,H,W,28,7,,3,37,1,0,0,0,0,0,0,0,,0,9.7,12.7,19441,False,targets;fum_rec_td,PFR+RULE2PT,19701122-SFO-DET,False,fum_rec_td,False,True,fum_rec_td,
Charlie Sanders,1970,11,1970-11-26,False,DET,OAK,H,W,28,14,,3,37,2,0,0,0,0,0,0,0,,0,15.7,18.7,19441,False,targets;fum_rec_td,PFR+RULE2PT,19701126-OAK-DET,False,fum_rec_td,False,True,fum_rec_td,
Charlie Sanders,1970,12,1970-12-06,False,DET,STL,H,W,16,3,,5,76,0,0,0,0,0,0,0,0,,0,7.6,12.6,19441,False,targets;fum_rec_td,PFR+RULE2PT,19701206-STL-DET,False,fum_rec_td,False,True,fum_rec_td,
Charlie Sanders,1970,13,1970-12-14,False,DET,RAM,A,W,28,23,,4,52,0,0,0,0,0,0,0,0,,0,5.2,9.2,19441,False,targets;fum_rec_td,PFR+RULE2PT,19701214-DET-RAM,False,fum_rec_td,False,True,fum_rec_td,
Charlie Sanders,1970,14,1970-12-20,False,DET,GNB,H,W,20,0,,1,13,1,0,0,0,0,0,0,0,,0,7.3,8.3,19441,False,targets;fum_rec_td,PFR+RULE2PT,19701220-GNB-DET,False,fum_rec_td,False,True,fum_rec_td,
Charlie Sanders,1970,15,1970-12-26,True,DET,DAL,A,L,0,5,,0,0,0,0,0,0,0,0,0,0,,0,0.0,0.0,19441,False,targets;fum_rec_td,PFR+RULE2PT,19701226-DET-DAL,False,fum_rec_td,False,True,fum_rec_td,
Charlie Sanders,1971,1,1971-09-20,False,DET,MIN,H,L,13,16,,0,0,0,0,0,0,0,0,0,0,,0,0.0,0.0,19441,False,targets;fum_rec_td,PFR+RULE2PT,19710920-MIN-DET,False,fum_rec_td,False,True,fum_rec_td,
Charlie Sanders,1971,2,1971-09-26,False,DET,NWE,A,W,34,7,,4,51,0,0,0,0,0,0,0,0,,0,5.1,9.1,19441,False,targets;fum_rec_td,PFR+RULE2PT,19710926-DET-NWE,False,fum_rec_td,False,True,fum_rec_td,
Charlie Sanders,1971,3,1971-10-03,False,DET,ATL,H,W,41,38,,1,16,1,0,0,0,0,0,0,0,,0,7.6,8.6,19441,False,targets;fum_rec_td,PFR+RULE2PT,19711003-ATL-DET,False,fum_rec_td,False,True,fum_rec_td,
Charlie Sanders,1971,4,1971-10-10,False,DET,GNB,H,W,31,28,,3,73,0,0,0,0,0,0,0,0,,0,7.3,10.3,19441,False,targets;fum_rec_td,PFR+RULE2PT,19711010-GNB-DET,False,fum_rec_td,False,True,fum_rec_td,
Charlie Sanders,1971,5,1971-10-17,False,DET,HOU,A,W,31,7,,2,33,0,0,0,0,0,0,0,0,,0,3.3,5.3,19441,False,targets;fum_rec_td,PFR+RULE2PT,19711017-DET-HOU,False,fum_rec_td,False,True,fum_rec_td,
Charlie Sanders,1971,6,1971-10-24,False,DET,CHI,H,L,23,28,,2,31,0,0,0,0,0,0,0,0,,0,3.1,5.1,19441,False,targets;fum_rec_td,PFR+RULE2PT,19711024-CHI-DET,False,fum_rec_td,False,True,fum_rec_td,
Charlie Sanders,1971,7,1971-11-01,False,DET,GNB,A,T,14,14,,2,62,1,0,0,0,0,0,0,0,,0,12.2,14.2,19441,False,targets;fum_rec_td,PFR+RULE2PT,19711101-DET-GNB,False,fum_rec_td,False,True,fum_rec_td,
Charlie Sanders,1971,8,1971-11-07,False,DET,DEN,A,W,24,20,,3,41,1,0,0,0,0,0,0,0,,0,10.1,13.1,19441,False,targets;fum_rec_td,PFR+RULE2PT,19711107-DET-DEN,False,fum_rec_td,False,True,fum_rec_td,
Charlie Sanders,1971,9,1971-11-14,False,DET,RAM,H,L,13,21,,4,52,0,0,0,0,0,0,0,0,,0,5.2,9.2,19441,False,targets;fum_rec_td,PFR+RULE2PT,19711114-RAM-DET,False,fum_rec_td,False,True,fum_rec_td,
Charlie Sanders,1971,10,1971-11-21,False,DET,CHI,A,W,28,3,,1,5,0,0,0,0,0,0,0,0,,0,0.5,1.5,19441,False,targets;fum_rec_td,PFR+RULE2PT,19711121-DET-CHI,False,fum_rec_td,False,True,fum_rec_td,
Charlie Sanders,1971,11,1971-11-25,False,DET,KAN,H,W,32,21,,5,90,1,0,0,0,0,0,0,0,,0,15.0,20.0,19441,False,targets;fum_rec_td,PFR+RULE2PT,19711125-KAN-DET,False,fum_rec_td,False,True,fum_rec_td,
Charlie Sanders,1971,12,1971-12-05,False,DET,PHI,H,L,20,23,,2,29,0,0,0,0,0,0,0,0,,0,2.9,4.9,19441,False,targets;fum_rec_td,PFR+RULE2PT,19711205-PHI-DET,False,fum_rec_td,False,True,fum_rec_td,
Charlie Sanders,1971,14,1971-12-19,False,DET,SFO,A,L,27,31,,2,19,1,0,0,0,0,0,0,0,,0,7.9,9.9,19441,False,targets;fum_rec_td,PFR+RULE2PT,19711219-DET-SFO,False,fum_rec_td,False,True,fum_rec_td,
Charlie Sanders,1972,6,1972-10-22,False,DET,SDG,H,W,34,20,,3,50,0,0,0,0,0,0,0,0,,0,5.0,8.0,19441,False,targets;fum_rec_td,PFR+RULE2PT,19721022-SDG-DET,False,fum_rec_td,False,True,fum_rec_td,
Charlie Sanders,1972,7,1972-10-30,False,DET,DAL,A,L,24,28,,3,82,0,0,0,0,0,0,0,0,,0,8.2,11.2,19441,False,targets;fum_rec_td,PFR+RULE2PT,19721030-DET-DAL,False,fum_rec_td,False,True,fum_rec_td,
Charlie Sanders,1972,8,1972-11-05,False,DET,CHI,H,W,14,0,,6,76,0,0,0,0,0,0,0,0,,0,7.6,13.6,19441,False,targets;fum_rec_td,PFR+RULE2PT,19721105-CHI-DET,False,fum_rec_td,False,True,fum_rec_td,
Charlie Sanders,1972,9,1972-11-12,False,DET,MIN,A,L,14,16,,2,8,0,0,0,0,0,0,0,0,,0,0.8,2.8,19441,False,targets;fum_rec_td,PFR+RULE2PT,19721112-DET-MIN,False,fum_rec_td,False,True,fum_rec_td,
Charlie Sanders,1972,10,1972-11-19,False,DET,NOR,H,W,27,14,,4,52,0,0,0,0,0,0,0,0,,0,5.2,9.2,19441,False,targets;fum_rec_td,PFR+RULE2PT,19721119-NOR-DET,False,fum_rec_td,False,True,fum_rec_td,
Charlie Sanders,1972,11,1972-11-23,False,DET,NYJ,H,W,37,20,,2,52,0,0,0,0,0,0,0,0,,0,5.2,7.2,19441,False,targets;fum_rec_td,PFR+RULE2PT,19721123-NYJ-DET,False,fum_rec_td,False,True,fum_rec_td,
Charlie Sanders,1972,12,1972-12-03,False,DET,GNB,A,L,7,33,,1,20,0,0,0,0,0,0,0,0,,0,2.0,3.0,19441,False,targets;fum_rec_td,PFR+RULE2PT,19721203-DET-GNB,False,fum_rec_td,False,True,fum_rec_td,
Charlie Sanders,1972,13,1972-12-10,False,DET,BUF,A,T,21,21,,0,0,0,0,0,0,0,0,0,0,,0,0.0,0.0,19441,False,targets;fum_rec_td,PFR+RULE2PT,19721210-DET-BUF,False,fum_rec_td,False,True,fum_rec_td,
Charlie Sanders,1972,14,1972-12-17,False,DET,RAM,A,W,34,17,,6,76,2,0,0,0,0,0,0,0,,0,19.6,25.6,19441,False,targets;fum_rec_td,PFR+RULE2PT,19721217-DET-RAM,False,fum_rec_td,False,True,fum_rec_td,
Charlie Sanders,1973,1,1973-09-16,False,DET,PIT,A,L,10,24,,4,50,0,0,0,0,0,0,0,0,,0,5.0,9.0,19441,False,targets;fum_rec_td,PFR+RULE2PT,19730916-DET-PIT,False,fum_rec_td,False,True,fum_rec_td,
Charlie Sanders,1973,2,1973-09-23,False,DET,GNB,A,T,13,13,,1,10,0,0,0,0,0,0,0,0,,0,1.0,2.0,19441,False,targets;fum_rec_td,PFR+RULE2PT,19730923-DET-GNB,False,fum_rec_td,False,True,fum_rec_td,
Charlie Sanders,1973,3,1973-10-01,False,DET,ATL,H,W,31,6,,0,0,0,0,0,0,0,0,0,0,,0,0.0,0.0,19441,False,targets;fum_rec_td,PFR+RULE2PT,19731001-ATL-DET,False,fum_rec_td,False,True,fum_rec_td,
Charlie Sanders,1973,4,1973-10-07,False,DET,MIN,H,L,9,23,,2,19,0,0,0,0,0,0,0,0,,0,1.9,3.9,19441,False,targets;fum_rec_td,PFR+RULE2PT,19731007-MIN-DET,False,fum_rec_td,False,True,fum_rec_td,
Charlie Sanders,1973,5,1973-10-14,False,DET,NOR,A,L,13,20,,3,80,0,1,-1,0,0,0,0,0,,0,7.9,10.9,19441,False,targets;fum_rec_td,PFR+RULE2PT,19731014-DET-NOR,False,fum_rec_td,False,True,fum_rec_td,
Charlie Sanders,1973,6,1973-10-21,False,DET,BAL,H,L,27,29,,4,60,1,0,0,0,0,0,0,0,,0,12.0,16.0,19441,False,targets;fum_rec_td,PFR+RULE2PT,19731021-BAL-DET,False,fum_rec_td,False,True,fum_rec_td,
Charlie Sanders,1973,7,1973-10-28,False,DET,GNB,H,W,34,0,,1,22,0,0,0,0,0,0,0,0,,0,2.2,3.2,19441,False,targets;fum_rec_td,PFR+RULE2PT,19731028-GNB-DET,False,fum_rec_td,False,True,fum_rec_td,
Charlie Sanders,1973,8,1973-11-04,False,DET,SFO,H,W,30,20,,3,68,0,0,0,0,0,0,0,0,,0,6.8,9.8,19441,False,targets;fum_rec_td,PFR+RULE2PT,19731104-SFO-DET,False,fum_rec_td,False,True,fum_rec_td,
Charlie Sanders,1973,9,1973-11-11,False,DET,MIN,A,L,7,28,,1,7,0,0,0,0,0,0,0,0,,0,0.7,1.7,19441,False,targets;fum_rec_td,PFR+RULE2PT,19731111-DET-MIN,False,fum_rec_td,False,True,fum_rec_td,
Charlie Sanders,1973,10,1973-11-18,False,DET,CHI,A,W,30,7,,1,12,0,0,0,0,0,0,0,0,,0,1.2,2.2,19441,False,targets;fum_rec_td,PFR+RULE2PT,19731118-DET-CHI,False,fum_rec_td,False,True,fum_rec_td,
Charlie Sanders,1973,11,1973-11-22,False,DET,WAS,H,L,0,20,,2,13,0,0,0,0,0,0,0,0,,0,1.3,3.3,19441,False,targets;fum_rec_td,PFR+RULE2PT,19731122-WAS-DET,False,fum_rec_td,False,True,fum_rec_td,
Charlie Sanders,1973,12,1973-12-02,False,DET,STL,A,W,20,16,,2,59,1,0,0,0,0,0,0,0,,0,11.9,13.9,19441,False,targets;fum_rec_td,PFR+RULE2PT,19731202-DET-STL,False,fum_rec_td,False,True,fum_rec_td,
Charlie Sanders,1973,13,1973-12-09,False,DET,CHI,H,W,40,7,,4,33,0,0,0,0,0,0,0,0,,0,3.3,7.3,19441,False,targets;fum_rec_td,PFR+RULE2PT,19731209-CHI-DET,False,fum_rec_td,False,True,fum_rec_td,
Charlie Sanders,1973,14,1973-12-15,False,DET,MIA,A,L,7,34,,0,0,0,0,0,0,0,0,0,0,,0,0.0,0.0,19441,False,targets;fum_rec_td,PFR+RULE2PT,19731215-DET-MIA,False,fum_rec_td,False,True,fum_rec_td,
Charlie Sanders,1974,1,1974-09-15,False,DET,CHI,A,L,9,17,,1,21,0,0,0,0,0,0,0,0,,0,2.1,3.1,19441,False,targets;fum_rec_td,PFR+RULE2PT,19740915-DET-CHI,False,fum_rec_td,False,True,fum_rec_td,
Charlie Sanders,1974,2,1974-09-22,False,DET,MIN,H,L,6,7,,2,5,0,0,0,0,0,0,0,0,,0,0.5,2.5,19441,False,targets;fum_rec_td,PFR+RULE2PT,19740922-MIN-DET,False,fum_rec_td,False,True,fum_rec_td,
Charlie Sanders,1974,3,1974-09-29,False,DET,GNB,A,L,19,21,,3,23,0,0,0,0,0,0,0,0,,0,2.3,5.3,19441,False,targets;fum_rec_td,PFR+RULE2PT,19740929-DET-GNB,False,fum_rec_td,False,True,fum_rec_td,
Charlie Sanders,1974,4,1974-10-06,False,DET,RAM,A,L,13,16,,5,36,1,0,0,0,0,0,0,0,,0,9.6,14.6,19441,False,targets;fum_rec_td,PFR+RULE2PT,19741006-DET-RAM,False,fum_rec_td,False,True,fum_rec_td,
Charlie Sanders,1974,5,1974-10-14,False,DET,SFO,H,W,17,13,,3,28,0,0,0,0,0,0,0,0,,0,2.8,5.8,19441,False,targets;fum_rec_td,PFR+RULE2PT,19741014-SFO-DET,False,fum_rec_td,False,True,fum_rec_td,
Charlie Sanders,1974,6,1974-10-20,False,DET,MIN,A,W,20,16,,2,14,0,0,0,0,0,0,0,0,,0,1.4,3.4,19441,False,targets;fum_rec_td,PFR+RULE2PT,19741020-DET-MIN,False,fum_rec_td,False,True,fum_rec_td,
Charlie Sanders,1974,7,1974-10-27,False,DET,GNB,H,W,19,17,,7,146,1,0,0,0,0,0,0,0,,0,20.6,27.6,19441,False,targets;fum_rec_td,PFR+RULE2PT,19741027-GNB-DET,False,fum_rec_td,False,True,fum_rec_td,
Charlie Sanders,1974,8,1974-11-03,False,DET,NOR,H,W,19,14,,0,0,0,0,0,0,0,0,0,0,,0,0.0,0.0,19441,False,targets;fum_rec_td,PFR+RULE2PT,19741103-NOR-DET,False,fum_rec_td,False,True,fum_rec_td,
Charlie Sanders,1974,9,1974-11-10,False,DET,OAK,A,L,13,35,,2,48,0,0,0,0,0,0,0,0,,0,4.8,6.8,19441,False,targets;fum_rec_td,PFR+RULE2PT,19741110-DET-OAK,False,fum_rec_td,False,True,fum_rec_td,
Charlie Sanders,1974,10,1974-11-17,False,DET,NYG,H,W,20,19,,5,54,0,0,0,0,0,0,0,0,,0,5.4,10.4,19441,False,targets;fum_rec_td,PFR+RULE2PT,19741117-NYG-DET,False,fum_rec_td,False,True,fum_rec_td,
Charlie Sanders,1974,11,1974-11-24,False,DET,CHI,H,W,34,17,,4,63,0,0,0,0,0,0,0,0,,0,6.3,10.3,19441,False,targets;fum_rec_td,PFR+RULE2PT,19741124-CHI-DET,False,fum_rec_td,False,True,fum_rec_td,
Charlie Sanders,1974,12,1974-11-28,False,DET,DEN,H,L,27,31,,4,49,0,0,0,0,0,0,0,0,,0,4.9,8.9,19441,False,targets;fum_rec_td,PFR+RULE2PT,19741128-DEN-DET,False,fum_rec_td,False,True,fum_rec_td,
Charlie Sanders,1974,13,1974-12-08,False,DET,CIN,A,W,23,19,,2,13,1,0,0,0,0,0,0,0,,0,7.3,9.3,19441,False,targets;fum_rec_td,PFR+RULE2PT,19741208-DET-CIN,False,fum_rec_td,False,True,fum_rec_td,
Charlie Sanders,1974,14,1974-12-15,False,DET,PHI,A,L,17,28,,2,32,0,0,0,0,0,0,0,0,,0,3.2,5.2,19441,False,targets;fum_rec_td,PFR+RULE2PT,19741215-DET-PHI,False,fum_rec_td,False,True,fum_rec_td,
Charlie Sanders,1975,1,1975-09-21,False,DET,GNB,A,W,30,16,,3,73,0,0,0,0,0,0,0,0,,0,7.3,10.3,19441,False,targets;fum_rec_td,PFR+RULE2PT,19750921-DET-GNB,False,fum_rec_td,False,True,fum_rec_td,
Charlie Sanders,1975,2,1975-09-28,False,DET,ATL,A,W,17,14,,3,34,0,0,0,0,0,0,0,0,,0,3.4,6.4,19441,False,targets;fum_rec_td,PFR+RULE2PT,19750928-DET-ATL,False,fum_rec_td,False,True,fum_rec_td,
Charlie Sanders,1975,3,1975-10-06,False,DET,DAL,H,L,10,36,,0,0,0,0,0,0,0,0,0,0,,0,0.0,0.0,19441,False,targets;fum_rec_td,PFR+RULE2PT,19751006-DAL-DET,False,fum_rec_td,False,True,fum_rec_td,
Charlie Sanders,1975,4,1975-10-12,False,DET,CHI,H,W,27,7,,3,50,1,0,0,0,0,0,0,0,,0,11.0,14.0,19441,False,targets;fum_rec_td,PFR+RULE2PT,19751012-CHI-DET,False,fum_rec_td,False,True,fum_rec_td,
Charlie Sanders,1975,5,1975-10-19,False,DET,MIN,A,L,19,25,,5,48,1,0,0,0,0,0,0,0,,0,10.8,15.8,19441,False,targets;fum_rec_td,PFR+RULE2PT,19751019-DET-MIN,False,fum_rec_td,False,True,fum_rec_td,
Charlie Sanders,1975,6,1975-10-26,False,DET,HOU,A,L,8,24,,7,63,0,0,0,0,0,0,0,0,,0,6.3,13.3,19441,False,targets;fum_rec_td,PFR+RULE2PT,19751026-DET-HOU,False,fum_rec_td,False,True,fum_rec_td,
Charlie Sanders,1975,7,1975-11-02,False,DET,SFO,A,W,28,17,,2,37,0,0,0,0,0,0,0,0,,0,3.7,5.7,19441,False,targets;fum_rec_td,PFR+RULE2PT,19751102-DET-SFO,False,fum_rec_td,False,True,fum_rec_td,
Charlie Sanders,1975,9,1975-11-16,False,DET,GNB,H,W,13,10,,2,25,1,0,0,0,0,0,0,0,,0,8.5,10.5,19441,False,targets;fum_rec_td,PFR+RULE2PT,19751116-GNB-DET,False,fum_rec_td,False,True,fum_rec_td,
Charlie Sanders,1975,10,1975-11-23,False,DET,KAN,A,L,21,24,,0,0,0,0,0,0,0,0,0,0,,0,0.0,0.0,19441,False,targets;fum_rec_td,PFR+RULE2PT,19751123-DET-KAN,False,fum_rec_td,False,True,fum_rec_td,
Charlie Sanders,1975,11,1975-11-27,False,DET,RAM,H,L,0,20,,4,48,0,0,0,0,0,0,0,0,,0,4.8,8.8,19441,False,targets;fum_rec_td,PFR+RULE2PT,19751127-RAM-DET,False,fum_rec_td,False,True,fum_rec_td,
Charlie Sanders,1975,12,1975-12-07,False,DET,CHI,A,L,21,25,,4,63,0,0,0,0,0,0,0,0,,0,6.3,10.3,19441,False,targets;fum_rec_td,PFR+RULE2PT,19751207-DET-CHI,False,fum_rec_td,False,True,fum_rec_td,
Charlie Sanders,1975,13,1975-12-14,False,DET,MIN,H,W,17,10,,0,0,0,0,0,0,0,0,0,0,,0,0.0,0.0,19441,False,targets;fum_rec_td,PFR+RULE2PT,19751214-MIN-DET,False,fum_rec_td,False,True,fum_rec_td,
Charlie Sanders,1975,14,1975-12-21,False,DET,STL,H,L,13,24,,4,45,0,0,0,0,0,0,0,0,,0,4.5,8.5,19441,False,targets;fum_rec_td,PFR+RULE2PT,19751221-STL-DET,False,fum_rec_td,False,True,fum_rec_td,
Charlie Sanders,1976,1,1976-09-12,False,DET,CHI,A,L,3,10,,0,0,0,0,0,0,0,0,0,0,,0,0.0,0.0,19441,False,targets;fum_rec_td,PFR+RULE2PT,19760912-DET-CHI,False,fum_rec_td,False,True,fum_rec_td,
Charlie Sanders,1976,2,1976-09-19,False,DET,ATL,H,W,24,10,,2,30,0,0,0,0,0,0,0,0,,0,3.0,5.0,19441,False,targets;fum_rec_td,PFR+RULE2PT,19760919-ATL-DET,False,fum_rec_td,False,True,fum_rec_td,
Charlie Sanders,1976,3,1976-09-26,False,DET,MIN,H,L,9,10,,4,64,1,0,0,0,0,0,0,0,,0,12.4,16.4,19441,False,targets;fum_rec_td,PFR+RULE2PT,19760926-MIN-DET,False,fum_rec_td,False,True,fum_rec_td,
Charlie Sanders,1976,4,1976-10-03,False,DET,GNB,A,L,14,24,,3,41,0,0,0,0,0,0,0,0,,0,4.1,7.1,19441,False,targets;fum_rec_td,PFR+RULE2PT,19761003-DET-GNB,False,fum_rec_td,False,True,fum_rec_td,
Charlie Sanders,1976,5,1976-10-10,False,DET,NWE,H,W,30,10,,3,38,1,0,0,0,0,0,0,0,,0,9.8,12.8,19441,False,targets;fum_rec_td,PFR+RULE2PT,19761010-NWE-DET,False,fum_rec_td,False,True,fum_rec_td,
Charlie Sanders,1976,7,1976-10-24,False,DET,SEA,A,W,41,14,,4,89,1,0,0,0,0,0,0,0,,0,14.9,18.9,19441,False,targets;fum_rec_td,PFR+RULE2PT,19761024-DET-SEA,False,fum_rec_td,False,True,fum_rec_td,
Charlie Sanders,1976,8,1976-10-31,False,DET,GNB,H,W,27,6,,1,15,0,0,0,0,0,0,0,0,,0,1.5,2.5,19441,False,targets;fum_rec_td,PFR+RULE2PT,19761031-GNB-DET,False,fum_rec_td,False,True,fum_rec_td,
Charlie Sanders,1976,9,1976-11-07,False,DET,MIN,A,L,23,31,,3,47,0,0,0,0,0,0,0,0,,0,4.7,7.7,19441,False,targets;fum_rec_td,PFR+RULE2PT,19761107-DET-MIN,False,fum_rec_td,False,True,fum_rec_td,
Charlie Sanders,1976,10,1976-11-14,False,DET,NOR,A,L,16,17,,5,57,1,0,0,0,0,0,0,0,,0,11.7,16.7,19441,False,targets;fum_rec_td,PFR+RULE2PT,19761114-DET-NOR,False,fum_rec_td,False,True,fum_rec_td,
Charlie Sanders,1976,11,1976-11-21,False,DET,CHI,H,W,14,10,,3,42,0,0,0,0,0,0,0,0,,0,4.2,7.2,19441,False,targets;fum_rec_td,PFR+RULE2PT,19761121-CHI-DET,False,fum_rec_td,False,True,fum_rec_td,
Charlie Sanders,1976,12,1976-11-25,False,DET,BUF,H,W,27,14,,4,69,0,0,0,0,0,0,0,0,,0,6.9,10.9,19441,False,targets;fum_rec_td,PFR+RULE2PT,19761125-BUF-DET,False,fum_rec_td,False,True,fum_rec_td,
Charlie Sanders,1976,13,1976-12-05,False,DET,NYG,A,L,10,24,,0,0,0,0,0,0,0,0,0,0,,0,0.0,0.0,19441,False,targets;fum_rec_td,PFR+RULE2PT,19761205-DET-NYG,False,fum_rec_td,False,True,fum_rec_td,
Charlie Sanders,1976,14,1976-12-11,False,DET,RAM,H,L,17,20,,3,53,1,0,0,0,0,0,0,0,,0,11.3,14.3,19441,False,targets;fum_rec_td,PFR+RULE2PT,19761211-RAM-DET,False,fum_rec_td,False,True,fum_rec_td,
Charlie Sanders,1977,1,1977-09-18,False,DET,CHI,A,L,20,30,,2,32,0,0,0,0,0,0,0,0,,0,3.2,5.2,19441,False,targets;fum_rec_td,PFR+RULE2PT,19770918-DET-CHI,False,fum_rec_td,False,True,fum_rec_td,
Charlie Sanders,1977,2,1977-09-25,False,DET,NOR,H,W,23,19,,2,26,1,0,0,0,0,0,0,0,,0,8.6,10.6,19441,False,targets;fum_rec_td,PFR+RULE2PT,19770925-NOR-DET,False,fum_rec_td,False,True,fum_rec_td,
Charlie Sanders,1977,3,1977-10-02,False,DET,PHI,H,W,17,13,,0,0,0,0,0,0,0,0,0,0,,0,0.0,0.0,19441,False,targets;fum_rec_td,PFR+RULE2PT,19771002-PHI-DET,False,fum_rec_td,False,True,fum_rec_td,
Charlie Sanders,1977,4,1977-10-09,False,DET,MIN,A,L,7,14,,4,51,0,0,0,0,0,0,0,0,,0,5.1,9.1,19441,False,targets;fum_rec_td,PFR+RULE2PT,19771009-DET-MIN,False,fum_rec_td,False,True,fum_rec_td,
Charlie Sanders,1977,5,1977-10-16,False,DET,GNB,H,W,10,6,,3,36,0,0,0,0,0,0,0,0,,0,3.6,6.6,19441,False,targets;fum_rec_td,PFR+RULE2PT,19771016-GNB-DET,False,fum_rec_td,False,True,fum_rec_td,
Charlie Sanders,1977,6,1977-10-23,False,DET,SFO,A,L,7,28,,1,5,0,0,0,0,0,0,0,0,,0,0.5,1.5,19441,False,targets;fum_rec_td,PFR+RULE2PT,19771023-DET-SFO,False,fum_rec_td,False,True,fum_rec_td,
Charlie Sanders,1977,7,1977-10-30,False,DET,DAL,A,L,0,37,,0,0,0,0,0,0,0,0,0,0,,0,0.0,0.0,19441,False,targets;fum_rec_td,PFR+RULE2PT,19771030-DET-DAL,False,fum_rec_td,False,True,fum_rec_td,
Charlie Sanders,1977,8,1977-11-06,False,DET,SDG,H,W,20,0,,1,6,0,0,0,0,0,0,0,0,,0,0.6,1.6,19441,False,targets;fum_rec_td,PFR+RULE2PT,19771106-SDG-DET,False,fum_rec_td,False,True,fum_rec_td,
Charlie Sanders,1977,9,1977-11-13,False,DET,ATL,A,L,6,17,,0,0,0,0,0,0,0,0,0,0,,0,0.0,0.0,19441,False,targets;fum_rec_td,PFR+RULE2PT,19771113-DET-ATL,False,fum_rec_td,False,True,fum_rec_td,
Charlie Sanders,1977,10,1977-11-20,False,DET,TAM,H,W,16,7,,1,14,0,0,0,0,0,0,0,0,,0,1.4,2.4,19441,False,targets;fum_rec_td,PFR+RULE2PT,19771120-TAM-DET,False,fum_rec_td,False,True,fum_rec_td,
Dave Casper,1974,1,1974-09-16,False,OAK,BUF,A,L,20,21,,0,0,0,0,0,0,0,0,0,0,,0,0.0,0.0,3651,False,targets;fum_rec_td,PFR+RULE2PT,19740916-OAK-BUF,False,fum_rec_td,False,True,fum_rec_td,
Dave Casper,1974,2,1974-09-22,False,OAK,KAN,H,W,27,7,,3,24,2,0,0,0,0,0,0,0,,0,14.4,17.4,3651,False,targets;fum_rec_td,PFR+RULE2PT,19740922-KAN-OAK,False,fum_rec_td,False,True,fum_rec_td,
Dave Casper,1974,3,1974-09-29,False,OAK,PIT,A,W,17,0,,0,0,0,0,0,0,0,0,0,0,,0,0.0,0.0,3651,False,targets;fum_rec_td,PFR+RULE2PT,19740929-OAK-PIT,False,fum_rec_td,False,True,fum_rec_td,
Dave Casper,1974,4,1974-10-06,False,OAK,CLE,A,W,40,24,,0,0,0,0,0,0,0,0,0,0,,0,0.0,0.0,3651,False,targets;fum_rec_td,PFR+RULE2PT,19741006-OAK-CLE,False,fum_rec_td,False,True,fum_rec_td,
Dave Casper,1974,5,1974-10-13,False,OAK,SDG,A,W,14,10,,0,0,0,0,0,0,0,0,0,0,,0,0.0,0.0,3651,False,targets;fum_rec_td,PFR+RULE2PT,19741013-OAK-SDG,False,fum_rec_td,False,True,fum_rec_td,
Dave Casper,1974,6,1974-10-20,False,OAK,CIN,H,W,30,27,,0,0,0,0,0,0,0,0,0,0,,0,0.0,0.0,3651,False,targets;fum_rec_td,PFR+RULE2PT,19741020-CIN-OAK,False,fum_rec_td,False,True,fum_rec_td,
Dave Casper,1974,7,1974-10-27,False,OAK,SFO,A,W,35,24,,1,2,1,0,0,0,0,0,0,0,,0,6.2,7.2,3651,False,targets;fum_rec_td,PFR+RULE2PT,19741027-OAK-SFO,False,fum_rec_td,False,True,fum_rec_td,
Dave Casper,1974,8,1974-11-03,False,OAK,DEN,A,W,28,17,,0,0,0,0,0,0,0,0,0,0,,0,0.0,0.0,3651,False,targets;fum_rec_td,PFR+RULE2PT,19741103-OAK-DEN,False,fum_rec_td,False,True,fum_rec_td,
Dave Casper,1974,9,1974-11-10,False,OAK,DET,H,W,35,13,,0,0,0,0,0,0,0,0,0,0,,0,0.0,0.0,3651,False,targets;fum_rec_td,PFR+RULE2PT,19741110-DET-OAK,False,fum_rec_td,False,True,fum_rec_td,
Dave Casper,1974,10,1974-11-17,False,OAK,SDG,H,W,17,10,,0,0,0,0,0,0,0,0,0,0,,0,0.0,0.0,3651,False,targets;fum_rec_td,PFR+RULE2PT,19741117-SDG-OAK,False,fum_rec_td,False,True,fum_rec_td,
Dave Casper,1974,11,1974-11-24,False,OAK,DEN,H,L,17,20,,0,0,0,0,0,0,0,0,0,0,,0,0.0,0.0,3651,False,targets;fum_rec_td,PFR+RULE2PT,19741124-DEN-OAK,False,fum_rec_td,False,True,fum_rec_td,
Dave Casper,1974,12,1974-12-01,False,OAK,NWE,H,W,41,26,,0,0,0,0,0,0,0,0,0,0,,0,0.0,0.0,3651,False,targets;fum_rec_td,PFR+RULE2PT,19741201-NWE-OAK,False,fum_rec_td,False,True,fum_rec_td,
Dave Casper,1974,13,1974-12-08,False,OAK,KAN,A,W,7,6,,0,0,0,0,0,0,0,0,0,0,,0,0.0,0.0,3651,False,targets;fum_rec_td,PFR+RULE2PT,19741208-OAK-KAN,False,fum_rec_td,False,True,fum_rec_td,
Dave Casper,1974,14,1974-12-14,False,OAK,DAL,H,W,27,23,,0,0,0,0,0,0,0,0,0,0,,0,0.0,0.0,3651,False,targets;fum_rec_td,PFR+RULE2PT,19741214-DAL-OAK,False,fum_rec_td,False,True,fum_rec_td,
Dave Casper,1974,15,1974-12-21,True,OAK,MIA,H,W,28,26,,0,0,0,0,0,0,0,0,0,0,,0,0.0,0.0,3651,False,targets;fum_rec_td,PFR+RULE2PT,19741221-MIA-OAK,False,fum_rec_td,False,True,fum_rec_td,
Dave Casper,1974,16,1974-12-29,True,OAK,PIT,H,L,13,24,,0,0,0,0,0,0,0,0,0,0,,0,0.0,0.0,3651,False,targets;fum_rec_td,PFR+RULE2PT,19741229-PIT-OAK,False,fum_rec_td,False,True,fum_rec_td,
Dave Casper,1975,1,1975-09-22,False,OAK,MIA,A,W,31,21,,1,16,0,0,0,0,0,0,0,0,,0,1.6,2.6,3651,False,targets;fum_rec_td,PFR+RULE2PT,19750922-OAK-MIA,False,fum_rec_td,False,True,fum_rec_td,
Dave Casper,1975,2,1975-09-28,False,OAK,BAL,A,W,31,20,,1,4,1,0,0,0,0,0,0,0,,0,6.4,7.4,3651,False,targets;fum_rec_td,PFR+RULE2PT,19750928-OAK-BAL,False,fum_rec_td,False,True,fum_rec_td,
Dave Casper,1975,3,1975-10-05,False,OAK,SDG,A,W,6,0,,0,0,0,0,0,0,0,0,0,0,,0,0.0,0.0,3651,False,targets;fum_rec_td,PFR+RULE2PT,19751005-OAK-SDG,False,fum_rec_td,False,True,fum_rec_td,
Dave Casper,1975,4,1975-10-12,False,OAK,KAN,A,L,10,42,,3,51,0,0,0,0,0,0,0,0,,0,5.1,8.1,3651,False,targets;fum_rec_td,PFR+RULE2PT,19751012-OAK-KAN,False,fum_rec_td,False,True,fum_rec_td,
Dave Casper,1975,5,1975-10-19,False,OAK,CIN,A,L,10,14,,0,0,0,0,0,0,0,0,0,0,,0,0.0,0.0,3651,False,targets;fum_rec_td,PFR+RULE2PT,19751019-OAK-CIN,False,fum_rec_td,False,True,fum_rec_td,
Dave Casper,1975,6,1975-10-26,False,OAK,SDG,H,W,25,0,,0,0,0,0,0,0,0,0,0,0,,0,0.0,0.0,3651,False,targets;fum_rec_td,PFR+RULE2PT,19751026-SDG-OAK,False,fum_rec_td,False,True,fum_rec_td,
Dave Casper,1975,7,1975-11-02,False,OAK,DEN,A,W,42,17,,0,0,0,0,0,0,0,0,0,0,,0,0.0,0.0,3651,False,targets;fum_rec_td,PFR+RULE2PT,19751102-OAK-DEN,False,fum_rec_td,False,True,fum_rec_td,
Dave Casper,1975,8,1975-11-09,False,OAK,NOR,H,W,48,10,,0,0,0,0,0,0,0,0,0,0,,0,0.0,0.0,3651,False,targets;fum_rec_td,PFR+RULE2PT,19751109-NOR-OAK,False,fum_rec_td,False,True,fum_rec_td,
Dave Casper,1975,9,1975-11-16,False,OAK,CLE,H,W,38,17,,0,0,0,0,0,0,0,0,0,0,,0,0.0,0.0,3651,False,targets;fum_rec_td,PFR+RULE2PT,19751116-CLE-OAK,False,fum_rec_td,False,True,fum_rec_td,
Dave Casper,1975,10,1975-11-23,False,OAK,WAS,A,W,26,23,,0,0,0,0,0,0,0,0,0,0,,0,0.0,0.0,3651,False,targets;fum_rec_td,PFR+RULE2PT,19751123-OAK-WAS,False,fum_rec_td,False,True,fum_rec_td,
Dave Casper,1975,11,1975-11-30,False,OAK,ATL,H,W,37,34,,0,0,0,0,0,0,0,0,0,0,,0,0.0,0.0,3651,False,targets;fum_rec_td,PFR+RULE2PT,19751130-ATL-OAK,False,fum_rec_td,False,True,fum_rec_td,
Dave Casper,1975,12,1975-12-08,False,OAK,DEN,H,W,17,10,,0,0,0,0,0,0,0,0,0,0,,0,0.0,0.0,3651,False,targets;fum_rec_td,PFR+RULE2PT,19751208-DEN-OAK,False,fum_rec_td,False,True,fum_rec_td,
Dave Casper,1975,13,1975-12-14,False,OAK,HOU,H,L,26,27,,0,0,0,0,0,0,0,0,0,0,,0,0.0,0.0,3651,False,targets;fum_rec_td,PFR+RULE2PT,19751214-HOU-OAK,False,fum_rec_td,False,True,fum_rec_td,
Dave Casper,1975,14,1975-12-21,False,OAK,KAN,H,W,28,20,,0,0,0,0,0,0,0,0,0,0,,0,0.0,0.0,3651,False,targets;fum_rec_td,PFR+RULE2PT,19751221-KAN-OAK,False,fum_rec_td,False,True,fum_rec_td,
Dave Casper,1975,15,1975-12-28,True,OAK,CIN,H,W,31,28,,1,2,1,0,0,0,0,0,0,0,,0,6.2,7.2,3651,False,targets;fum_rec_td,PFR+RULE2PT,19751228-CIN-OAK,False,fum_rec_td,False,True,fum_rec_td,
Dave Casper,1975,16,1976-01-04,True,OAK,PIT,A,L,10,16,,5,67,0,0,0,0,0,0,0,0,,0,6.7,11.7,3651,False,targets;fum_rec_td,PFR+RULE2PT,19760104-OAK-PIT,False,fum_rec_td,False,True,fum_rec_td,
Dave Casper,1976,1,1976-09-12,False,OAK,PIT,H,W,31,28,,7,124,2,0,0,0,0,0,0,0,,0,24.4,31.4,3651,False,targets;fum_rec_td,PFR+RULE2PT,19760912-PIT-OAK,False,fum_rec_td,False,True,fum_rec_td,
Dave Casper,1976,2,1976-09-20,False,OAK,KAN,A,W,24,21,,5,57,1,0,0,0,0,0,0,0,,0,11.7,16.7,3651,False,targets;fum_rec_td,PFR+RULE2PT,19760920-OAK-KAN,False,fum_rec_td,False,True,fum_rec_td,
Dave Casper,1976,3,1976-09-26,False,OAK,HOU,A,W,14,13,,1,15,0,0,0,0,0,0,0,0,,0,1.5,2.5,3651,False,targets;fum_rec_td,PFR+RULE2PT,19760926-OAK-HOU,False,fum_rec_td,False,True,fum_rec_td,
Dave Casper,1976,4,1976-10-03,False,OAK,NWE,A,L,17,48,,12,136,0,0,0,0,0,0,0,0,,0,13.6,25.6,3651,False,targets;fum_rec_td,PFR+RULE2PT,19761003-OAK-NWE,False,fum_rec_td,False,True,fum_rec_td,
Dave Casper,1976,5,1976-10-10,False,OAK,SDG,A,W,27,17,,7,104,1,0,0,0,0,0,0,0,,0,16.4,23.4,3651,False,targets;fum_rec_td,PFR+RULE2PT,19761010-OAK-SDG,False,fum_rec_td,False,True,fum_rec_td,
Dave Casper,1976,6,1976-10-17,False,OAK,DEN,A,W,17,10,,2,21,0,0,0,0,0,0,0,0,,0,2.1,4.1,3651,False,targets;fum_rec_td,PFR+RULE2PT,19761017-OAK-DEN,False,fum_rec_td,False,True,fum_rec_td,
Dave Casper,1976,7,1976-10-24,False,OAK,GNB,H,W,18,14,,1,27,1,0,0,0,0,0,0,0,,0,8.7,9.7,3651,False,targets;fum_rec_td,PFR+RULE2PT,19761024-GNB-OAK,False,fum_rec_td,False,True,fum_rec_td,
Dave Casper,1976,8,1976-10-31,False,OAK,DEN,H,W,19,6,,7,73,0,1,5,0,0,0,0,0,,0,7.8,14.8,3651,False,targets;fum_rec_td,PFR+RULE2PT,19761031-DEN-OAK,False,fum_rec_td,False,True,fum_rec_td,
Dave Casper,1976,9,1976-11-07,False,OAK,CHI,A,W,28,27,,1,17,1,0,0,0,0,0,0,0,,0,7.7,8.7,3651,False,targets;fum_rec_td,PFR+RULE2PT,19761107-OAK-CHI,False,fum_rec_td,False,True,fum_rec_td,
Dave Casper,1976,10,1976-11-14,False,OAK,KAN,H,W,21,10,,2,31,1,0,0,0,0,0,0,0,,0,9.1,11.1,3651,False,targets;fum_rec_td,PFR+RULE2PT,19761114-KAN-OAK,False,fum_rec_td,False,True,fum_rec_td,
Dave Casper,1976,11,1976-11-21,False,OAK,PHI,A,W,26,7,,1,8,0,0,0,0,0,0,0,0,,0,0.8,1.8,3651,False,targets;fum_rec_td,PFR+RULE2PT,19761121-OAK-PHI,False,fum_rec_td,False,True,fum_rec_td,
Dave Casper,1976,13,1976-12-06,False,OAK,CIN,H,W,35,20,,4,47,2,0,0,0,0,0,0,0,,0,16.7,20.7,3651,False,targets;fum_rec_td,PFR+RULE2PT,19761206-CIN-OAK,False,fum_rec_td,False,True,fum_rec_td,
Dave Casper,1976,14,1976-12-12,False,OAK,SDG,H,W,24,0,,3,31,1,0,0,0,0,0,0,0,,0,9.1,12.1,3651,False,targets;fum_rec_td,PFR+RULE2PT,19761212-SDG-OAK,False,fum_rec_td,False,True,fum_rec_td,
Dave Casper,1976,15,1976-12-18,True,OAK,NWE,H,W,24,21,,4,47,0,0,0,0,0,0,0,0,,0,4.7,8.7,3651,False,targets;fum_rec_td,PFR+RULE2PT,19761218-NWE-OAK,False,fum_rec_td,False,True,fum_rec_td,
Dave Casper,1976,16,1976-12-26,True,OAK,PIT,H,W,24,7,,1,5,0,1,-13,0,0,0,0,0,,0,-0.8,0.2,3651,False,targets;fum_rec_td,PFR+RULE2PT,19761226-PIT-OAK,False,fum_rec_td,False,True,fum_rec_td,
Dave Casper,1976,17,1977-01-09,True,OAK,MIN,N,W,32,14,,4,70,1,0,0,0,0,0,0,0,,0,13.0,17.0,3651,False,targets;fum_rec_td,PFR+RULE2PT,19770109-MIN-OAK-N,False,fum_rec_td,False,True,fum_rec_td,
Dave Casper,1977,1,1977-09-18,False,OAK,SDG,H,W,24,0,,3,21,1,0,0,0,0,0,0,0,,0,8.1,11.1,3651,False,targets;fum_rec_td,PFR+RULE2PT,19770918-SDG-OAK,False,fum_rec_td,False,True,fum_rec_td,
Dave Casper,1977,2,1977-09-25,False,OAK,PIT,A,W,16,7,,5,81,0,0,0,0,0,0,0,0,,0,8.1,13.1,3651,False,targets;fum_rec_td,PFR+RULE2PT,19770925-OAK-PIT,False,fum_rec_td,False,True,fum_rec_td,
Dave Casper,1977,3,1977-10-03,False,OAK,KAN,A,W,37,28,,7,101,0,0,0,0,0,0,0,0,,0,10.1,17.1,3651,False,targets;fum_rec_td,PFR+RULE2PT,19771003-OAK-KAN,False,fum_rec_td,False,True,fum_rec_td,
Dave Casper,1977,4,1977-10-09,False,OAK,CLE,A,W,26,10,,3,45,0,0,0,0,0,0,0,0,,0,4.5,7.5,3651,False,targets;fum_rec_td,PFR+RULE2PT,19771009-OAK-CLE,False,fum_rec_td,False,True,fum_rec_td,
Dave Casper,1977,5,1977-10-16,False,OAK,DEN,H,L,7,30,,6,58,1,0,0,0,0,0,0,0,,0,11.8,17.8,3651,False,targets;fum_rec_td,PFR+RULE2PT,19771016-DEN-OAK,False,fum_rec_td,False,True,fum_rec_td,
Dave Casper,1977,6,1977-10-23,False,OAK,NYJ,A,W,28,27,,7,92,1,0,0,0,0,0,0,0,,0,15.2,22.2,3651,False,targets;fum_rec_td,PFR+RULE2PT,19771023-OAK-NYJ,False,fum_rec_td,False,True,fum_rec_td,
Dave Casper,1977,7,1977-10-30,False,OAK,DEN,A,W,24,14,,2,21,0,0,0,0,0,0,0,0,,0,2.1,4.1,3651,False,targets;fum_rec_td,PFR+RULE2PT,19771030-OAK-DEN,False,fum_rec_td,False,True,fum_rec_td,
Dave Casper,1977,8,1977-11-06,False,OAK,SEA,H,W,44,7,,2,22,1,0,0,0,0,0,0,0,,0,8.2,10.2,3651,False,targets;fum_rec_td,PFR+RULE2PT,19771106-SEA-OAK,False,fum_rec_td,False,True,fum_rec_td,
Dave Casper,1977,9,1977-11-13,False,OAK,HOU,H,W,34,29,,4,32,1,0,0,0,0,0,0,0,,0,9.2,13.2,3651,False,targets;fum_rec_td,PFR+RULE2PT,19771113-HOU-OAK,False,fum_rec_td,False,True,fum_rec_td,
Dave Casper,1977,10,1977-11-20,False,OAK,SDG,A,L,7,12,,1,16,0,0,0,0,0,0,0,0,,0,1.6,2.6,3651,False,targets;fum_rec_td,PFR+RULE2PT,19771120-OAK-SDG,False,fum_rec_td,False,True,fum_rec_td,
Dave Casper,1977,11,1977-11-28,False,OAK,BUF,H,W,34,13,,1,5,0,0,0,0,0,0,0,0,,0,0.5,1.5,3651,False,targets;fum_rec_td,PFR+RULE2PT,19771128-BUF-OAK,False,fum_rec_td,False,True,fum_rec_td,
Dave Casper,1977,12,1977-12-04,False,OAK,RAM,A,L,14,20,,5,73,1,0,0,0,0,0,0,0,,0,13.3,18.3,3651,False,targets;fum_rec_td,PFR+RULE2PT,19771204-OAK-RAM,False,fum_rec_td,False,True,fum_rec_td,
Dave Casper,1977,13,1977-12-11,False,OAK,MIN,H,W,35,13,,0,0,0,0,0,0,0,0,0,0,,0,0.0,0.0,3651,False,targets;fum_rec_td,PFR+RULE2PT,19771211-MIN-OAK,False,fum_rec_td,False,True,fum_rec_td,
Dave Casper,1977,14,1977-12-18,False,OAK,KAN,H,W,21,20,,2,17,0,0,0,0,0,0,0,0,,0,1.7,3.7,3651,False,targets;fum_rec_td,PFR+RULE2PT,19771218-KAN-OAK,False,fum_rec_td,False,True,fum_rec_td,
Dave Casper,1977,15,1977-12-24,True,OAK,BAL,A,W,37,31,,4,70,3,0,0,0,0,0,0,0,,0,25.0,29.0,3651,False,targets;fum_rec_td,PFR+RULE2PT,19771224-OAK-BAL,False,fum_rec_td,False,True,fum_rec_td,
Dave Casper,1977,16,1978-01-01,True,OAK,DEN,A,L,17,20,,5,71,2,0,0,0,0,0,0,0,,0,19.1,24.1,3651,False,targets;fum_rec_td,PFR+RULE2PT,19780101-OAK-DEN,False,fum_rec_td,False,True,fum_rec_td,
Dave Casper,1978,1,1978-09-03,False,OAK,DEN,A,L,6,14,,2,35,0,0,0,0,0,0,0,0,,0,3.5,5.5,3651,False,targets;fum_rec_td,PFR+RULE2PT,19780903-OAK-DEN,False,fum_rec_td,False,True,fum_rec_td,
Dave Casper,1978,2,1978-09-10,False,OAK,SDG,A,W,21,20,,5,100,1,0,0,0,0,0,0,0,,0,16.0,21.0,3651,False,targets;fum_rec_td,PFR+RULE2PT,19780910-OAK-SDG,False,fum_rec_td,False,True,fum_rec_td,
Dave Casper,1978,3,1978-09-17,False,OAK,GNB,A,W,28,3,,3,41,1,0,0,0,0,0,0,0,,0,10.1,13.1,3651,False,targets;fum_rec_td,PFR+RULE2PT,19780917-OAK-GNB,False,fum_rec_td,False,True,fum_rec_td,
Dave Casper,1978,4,1978-09-24,False,OAK,NWE,H,L,14,21,,4,55,1,0,0,0,0,0,0,0,,0,11.5,15.5,3651,False,targets;fum_rec_td,PFR+RULE2PT,19780924-NWE-OAK,False,fum_rec_td,False,True,fum_rec_td,
Dave Casper,1978,5,1978-10-01,False,OAK,CHI,A,W,25,19,,2,40,0,0,0,0,0,0,0,0,,0,4.0,6.0,3651,False,targets;fum_rec_td,PFR+RULE2PT,19781001-OAK-CHI,False,fum_rec_td,False,True,fum_rec_td,
Dave Casper,1978,6,1978-10-08,False,OAK,HOU,H,W,21,17,,4,33,1,0,0,0,0,0,0,0,,0,9.3,13.3,3651,False,targets;fum_rec_td,PFR+RULE2PT,19781008-HOU-OAK,False,fum_rec_td,False,True,fum_rec_td,
Dave Casper,1978,7,1978-10-15,False,OAK,KAN,H,W,28,6,,5,51,1,0,0,0,0,0,0,0,,0,11.1,16.1,3651,False,targets;fum_rec_td,PFR+RULE2PT,19781015-KAN-OAK,False,fum_rec_td,False,True,fum_rec_td,
Dave Casper,1978,8,1978-10-22,False,OAK,SEA,A,L,7,27,,1,8,0,0,0,0,0,0,0,0,,0,0.8,1.8,3651,False,targets;fum_rec_td,PFR+RULE2PT,19781022-OAK-SEA,False,fum_rec_td,False,True,fum_rec_td,
Dave Casper,1978,9,1978-10-29,False,OAK,SDG,H,L,23,27,,4,43,1,0,0,0,0,0,0,0,,0,10.3,14.3,3651,False,targets;fum_rec_td,PFR+RULE2PT,19781029-SDG-OAK,False,fum_rec_td,False,True,fum_rec_td,
Dave Casper,1978,10,1978-11-05,False,OAK,KAN,A,W,20,10,,7,112,0,0,0,0,0,0,0,0,,0,11.2,18.2,3651,False,targets;fum_rec_td,PFR+RULE2PT,19781105-OAK-KAN,False,fum_rec_td,False,True,fum_rec_td,
Dave Casper,1978,11,1978-11-13,False,OAK,CIN,A,W,34,21,,3,75,1,0,0,0,0,0,0,0,,0,13.5,16.5,3651,False,targets;fum_rec_td,PFR+RULE2PT,19781113-OAK-CIN,False,fum_rec_td,False,True,fum_rec_td,
Dave Casper,1978,12,1978-11-19,False,OAK,DET,H,W,29,17,,5,65,1,0,0,0,0,0,0,0,,0,12.5,17.5,3651,False,targets;fum_rec_td,PFR+RULE2PT,19781119-DET-OAK,False,fum_rec_td,False,True,fum_rec_td,
Dave Casper,1978,13,1978-11-26,False,OAK,SEA,H,L,16,17,,5,90,1,0,0,0,0,0,0,0,,0,15.0,20.0,3651,False,targets;fum_rec_td,PFR+RULE2PT,19781126-SEA-OAK,False,fum_rec_td,False,True,fum_rec_td,
Dave Casper,1978,14,1978-12-03,False,OAK,DEN,H,L,6,21,,7,56,0,1,5,0,0,0,0,0,,0,6.1,13.1,3651,False,targets;fum_rec_td,PFR+RULE2PT,19781203-DEN-OAK,False,fum_rec_td,False,True,fum_rec_td,
Dave Casper,1978,15,1978-12-10,False,OAK,MIA,A,L,6,23,,3,19,0,0,0,0,0,0,0,0,,0,1.9,4.9,3651,False,targets;fum_rec_td,PFR+RULE2PT,19781210-OAK-MIA,False,fum_rec_td,False,True,fum_rec_td,
Dave Casper,1978,16,1978-12-17,False,OAK,MIN,H,W,27,20,,2,29,0,0,0,0,0,0,0,0,,0,2.9,4.9,3651,False,targets;fum_rec_td,PFR+RULE2PT,19781217-MIN-OAK,False,fum_rec_td,False,True,fum_rec_td,
Dave Casper,1979,2,1979-09-09,False,OAK,SDG,A,L,10,30,,0,0,0,0,0,0,0,0,0,0,,0,0.0,0.0,3651,False,targets;fum_rec_td,PFR+RULE2PT,19790909-OAK-SDG,False,fum_rec_td,False,True,fum_rec_td,
Dave Casper,1979,3,1979-09-16,False,OAK,SEA,A,L,10,27,,0,0,0,0,0,0,0,0,0,0,,0,0.0,0.0,3651,False,targets;fum_rec_td,PFR+RULE2PT,19790916-OAK-SEA,False,fum_rec_td,False,True,fum_rec_td,
Dave Casper,1979,4,1979-09-23,False,OAK,KAN,A,L,7,35,,0,0,0,0,0,0,0,0,0,0,,0,0.0,0.0,3651,False,targets;fum_rec_td,PFR+RULE2PT,19790923-OAK-KAN,False,fum_rec_td,False,True,fum_rec_td,
Dave Casper,1979,5,1979-09-30,False,OAK,DEN,H,W,27,3,,4,92,1,0,0,0,0,0,0,0,,0,15.2,19.2,3651,False,targets;fum_rec_td,PFR+RULE2PT,19790930-DEN-OAK,False,fum_rec_td,False,True,fum_rec_td,
Dave Casper,1979,6,1979-10-08,False,OAK,MIA,H,W,13,3,,4,57,0,0,0,0,0,0,0,0,,0,5.7,9.7,3651,False,targets;fum_rec_td,PFR+RULE2PT,19791008-MIA-OAK,False,fum_rec_td,False,True,fum_rec_td,
Dave Casper,1979,7,1979-10-14,False,OAK,ATL,H,W,50,19,,4,62,0,0,0,0,0,0,0,0,,0,6.2,10.2,3651,False,targets;fum_rec_td,PFR+RULE2PT,19791014-ATL-OAK,False,fum_rec_td,False,True,fum_rec_td,
Dave Casper,1979,8,1979-10-21,False,OAK,NYJ,A,L,19,28,,6,93,0,0,0,0,0,0,0,0,,0,9.3,15.3,3651,False,targets;fum_rec_td,PFR+RULE2PT,19791021-OAK-NYJ,False,fum_rec_td,False,True,fum_rec_td,
Dave Casper,1979,9,1979-10-25,False,OAK,SDG,H,W,45,22,,3,88,0,0,0,0,0,0,0,0,,0,8.8,11.8,3651,False,targets;fum_rec_td,PFR+RULE2PT,19791025-SDG-OAK,False,fum_rec_td,False,True,fum_rec_td,
Dave Casper,1979,10,1979-11-04,False,OAK,SFO,H,W,23,10,,5,65,0,0,0,0,0,0,0,0,,0,6.5,11.5,3651,False,targets;fum_rec_td,PFR+RULE2PT,19791104-SFO-OAK,False,fum_rec_td,False,True,fum_rec_td,
Dave Casper,1979,11,1979-11-11,False,OAK,HOU,A,L,17,31,,5,49,1,0,0,0,0,0,0,0,,0,10.9,15.9,3651,False,targets;fum_rec_td,PFR+RULE2PT,19791111-OAK-HOU,False,fum_rec_td,False,True,fum_rec_td,
Dave Casper,1979,12,1979-11-18,False,OAK,KAN,H,L,21,24,,7,91,0,0,0,0,0,0,0,0,,0,9.1,16.1,3651,False,targets;fum_rec_td,PFR+RULE2PT,19791118-KAN-OAK,False,fum_rec_td,False,True,fum_rec_td,
Dave Casper,1979,13,1979-11-25,False,OAK,DEN,A,W,14,10,,4,32,1,0,0,0,0,0,0,0,,0,9.2,13.2,3651,False,targets;fum_rec_td,PFR+RULE2PT,19791125-OAK-DEN,False,fum_rec_td,False,True,fum_rec_td,
Dave Casper,1979,14,1979-12-03,False,OAK,NOR,A,W,42,35,,6,53,0,0,0,0,0,0,0,0,,0,5.3,11.3,3651,False,targets;fum_rec_td,PFR+RULE2PT,19791203-OAK-NOR,False,fum_rec_td,False,True,fum_rec_td,
Dave Casper,1979,15,1979-12-09,False,OAK,CLE,H,W,19,14,,5,49,0,0,0,0,0,0,0,0,,0,4.9,9.9,3651,False,targets;fum_rec_td,PFR+RULE2PT,19791209-CLE-OAK,False,fum_rec_td,False,True,fum_rec_td,
Dave Casper,1979,16,1979-12-16,False,OAK,SEA,H,L,24,29,,4,40,0,0,0,0,0,0,0,0,,0,4.0,8.0,3651,False,targets;fum_rec_td,PFR+RULE2PT,19791216-SEA-OAK,False,fum_rec_td,False,True,fum_rec_td,
Kellen Winslow,1979,1,1979-09-02,False,SDG,SEA,A,W,33,16,,2,33,0,0,0,0,0,0,0,0,,0,3.3,5.3,24489,False,targets;fum_rec_td,PFR+RULE2PT,19790902-SDG-SEA,False,fum_rec_td,False,True,fum_rec_td,
Kellen Winslow,1979,2,1979-09-09,False,SDG,OAK,H,W,30,10,,4,27,1,0,0,0,0,0,0,0,,0,8.7,12.7,24489,False,targets;fum_rec_td,PFR+RULE2PT,19790909-OAK-SDG,False,fum_rec_td,False,True,fum_rec_td,
Kellen Winslow,1979,3,1979-09-16,False,SDG,BUF,H,W,27,19,,2,19,0,0,0,0,0,0,0,0,,0,1.9,3.9,24489,False,targets;fum_rec_td,PFR+RULE2PT,19790916-BUF-SDG,False,fum_rec_td,False,True,fum_rec_td,
Kellen Winslow,1979,4,1979-09-23,False,SDG,NWE,A,L,21,27,,2,20,0,0,0,0,0,0,0,0,,0,2.0,4.0,24489,False,targets;fum_rec_td,PFR+RULE2PT,19790923-SDG-NWE,False,fum_rec_td,False,True,fum_rec_td,
Kellen Winslow,1979,5,1979-09-30,False,SDG,SFO,H,W,31,9,,7,72,1,0,0,0,0,0,0,0,,0,13.2,20.2,24489,False,targets;fum_rec_td,PFR+RULE2PT,19790930-SFO-SDG,False,fum_rec_td,False,True,fum_rec_td,
Kellen Winslow,1979,6,1979-10-07,False,SDG,DEN,A,L,0,7,,4,53,0,0,0,0,0,0,0,0,,0,5.3,9.3,24489,False,targets;fum_rec_td,PFR+RULE2PT,19791007-SDG-DEN,False,fum_rec_td,False,True,fum_rec_td,
Kellen Winslow,1979,7,1979-10-14,False,SDG,SEA,H,W,20,10,,4,31,0,0,0,0,0,0,0,0,,0,3.1,7.1,24489,False,targets;fum_rec_td,PFR+RULE2PT,19791014-SEA-SDG,False,fum_rec_td,False,True,fum_rec_td,
Ozzie Newsome,1978,1,1978-09-03,False,CLE,SFO,H,W,24,7,,1,6,0,1,33,1,0,0,0,0,,0,9.9,10.9,16355,False,targets;fum_rec_td,PFR+RULE2PT,19780903-SFO-CLE,False,fum_rec_td,False,True,fum_rec_td,
Ozzie Newsome,1978,2,1978-09-10,False,CLE,CIN,H,W,13,10,,3,42,0,0,0,0,0,0,0,0,,0,4.2,7.2,16355,False,targets;fum_rec_td,PFR+RULE2PT,19780910-CIN-CLE,False,fum_rec_td,False,True,fum_rec_td,
Ozzie Newsome,1978,3,1978-09-17,False,CLE,ATL,A,W,24,16,,4,19,1,1,6,0,0,0,0,0,,0,8.5,12.5,16355,False,targets;fum_rec_td,PFR+RULE2PT,19780917-CLE-ATL,False,fum_rec_td,False,True,fum_rec_td,
Ozzie Newsome,1978,4,1978-09-24,False,CLE,PIT,A,L,9,15,,2,19,0,2,24,0,0,0,0,0,,0,4.3,6.3,16355,False,targets;fum_rec_td,PFR+RULE2PT,19780924-CLE-PIT,False,fum_rec_td,False,True,fum_rec_td,
Ozzie Newsome,1978,5,1978-10-01,False,CLE,HOU,H,L,13,16,,2,11,0,0,0,0,0,0,0,0,,0,1.1,3.1,16355,False,targets;fum_rec_td,PFR+RULE2PT,19781001-HOU-CLE,False,fum_rec_td,False,True,fum_rec_td,
Ozzie Newsome,1978,6,1978-10-08,False,CLE,NOR,A,W,24,16,,4,35,1,1,8,0,0,0,0,0,,0,10.3,14.3,16355,False,targets;fum_rec_td,PFR+RULE2PT,19781008-CLE-NOR,False,fum_rec_td,False,True,fum_rec_td,
Ozzie Newsome,1978,7,1978-10-15,False,CLE,PIT,H,L,14,34,,3,47,0,1,4,0,0,0,0,0,,0,5.1,8.1,16355,False,targets;fum_rec_td,PFR+RULE2PT,19781015-PIT-CLE,False,fum_rec_td,False,True,fum_rec_td,
Ozzie Newsome,1978,8,1978-10-22,False,CLE,KAN,A,L,3,17,,1,12,0,1,-3,0,0,0,0,0,,0,0.9,1.9,16355,False,targets;fum_rec_td,PFR+RULE2PT,19781022-CLE-KAN,False,fum_rec_td,False,True,fum_rec_td,
Ozzie Newsome,1978,9,1978-10-29,False,CLE,BUF,H,W,41,20,,4,96,0,1,2,0,0,0,0,0,,0,9.8,13.8,16355,False,targets;fum_rec_td,PFR+RULE2PT,19781029-BUF-CLE,False,fum_rec_td,False,True,fum_rec_td,
Ozzie Newsome,1978,10,1978-11-05,False,CLE,HOU,A,L,10,14,,4,124,0,0,0,0,0,0,0,0,,0,12.4,16.4,16355,False,targets;fum_rec_td,PFR+RULE2PT,19781105-CLE-HOU,False,fum_rec_td,False,True,fum_rec_td,
Ozzie Newsome,1978,11,1978-11-12,False,CLE,DEN,H,L,7,19,,0,0,0,1,9,0,0,0,0,0,,0,0.9,0.9,16355,False,targets;fum_rec_td,PFR+RULE2PT,19781112-DEN-CLE,False,fum_rec_td,False,True,fum_rec_td,
Ozzie Newsome,1978,12,1978-11-19,False,CLE,BAL,A,W,45,24,,2,38,0,0,0,0,0,0,0,0,,0,3.8,5.8,16355,False,targets;fum_rec_td,PFR+RULE2PT,19781119-CLE-BAL,False,fum_rec_td,False,True,fum_rec_td,
Ozzie Newsome,1978,13,1978-11-26,False,CLE,RAM,H,W,30,19,,3,73,0,2,6,1,0,0,0,0,,0,13.9,16.9,16355,False,targets;fum_rec_td,PFR+RULE2PT,19781126-RAM-CLE,False,fum_rec_td,False,True,fum_rec_td,
Ozzie Newsome,1978,14,1978-12-03,False,CLE,SEA,A,L,24,47,,3,19,0,0,0,0,0,0,0,0,,0,1.9,4.9,16355,False,targets;fum_rec_td,PFR+RULE2PT,19781203-CLE-SEA,False,fum_rec_td,False,True,fum_rec_td,
Ozzie Newsome,1978,15,1978-12-10,False,CLE,NYJ,H,W,37,34,,1,29,0,1,3,0,0,0,0,0,,0,3.2,4.2,16355,False,targets;fum_rec_td,PFR+RULE2PT,19781210-NYJ-CLE,False,fum_rec_td,False,True,fum_rec_td,
Ozzie Newsome,1978,16,1978-12-17,False,CLE,CIN,A,L,16,48,,1,19,0,1,4,0,0,0,0,0,,0,2.3,3.3,16355,False,targets;fum_rec_td,PFR+RULE2PT,19781217-CLE-CIN,False,fum_rec_td,False,True,fum_rec_td,
Ozzie Newsome,1979,1,1979-09-02,False,CLE,NYJ,A,W,25,22,,3,31,1,0,0,0,0,0,0,0,,0,9.1,12.1,16355,False,targets;fum_rec_td,PFR+RULE2PT,19790902-CLE-NYJ,False,fum_rec_td,False,True,fum_rec_td,
Ozzie Newsome,1979,2,1979-09-09,False,CLE,KAN,A,W,27,24,,6,77,1,0,0,0,0,0,0,0,,0,13.7,19.7,16355,False,targets;fum_rec_td,PFR+RULE2PT,19790909-CLE-KAN,False,fum_rec_td,False,True,fum_rec_td,
Ozzie Newsome,1979,3,1979-09-16,False,CLE,BAL,H,W,13,10,,3,84,0,0,0,0,0,0,0,0,,0,8.4,11.4,16355,False,targets;fum_rec_td,PFR+RULE2PT,19790916-BAL-CLE,False,fum_rec_td,False,True,fum_rec_td,
Ozzie Newsome,1979,4,1979-09-24,False,CLE,DAL,H,W,26,7,,3,53,1,0,0,0,0,0,0,0,,0,11.3,14.3,16355,False,targets;fum_rec_td,PFR+RULE2PT,19790924-DAL-CLE,False,fum_rec_td,False,True,fum_rec_td,
Ozzie Newsome,1979,5,1979-09-30,False,CLE,HOU,A,L,10,31,,2,21,0,0,0,0,0,0,0,0,,0,2.1,4.1,16355,False,targets;fum_rec_td,PFR+RULE2PT,19790930-CLE-HOU,False,fum_rec_td,False,True,fum_rec_td,
Ozzie Newsome,1979,6,1979-10-07,False,CLE,PIT,H,L,35,51,,6,97,1,0,0,0,0,0,0,0,,0,15.7,21.7,16355,False,targets;fum_rec_td,PFR+RULE2PT,19791007-PIT-CLE,False,fum_rec_td,False,True,fum_rec_td,
Ozzie Newsome,1979,7,1979-10-14,False,CLE,WAS,H,L,9,13,,0,0,0,0,0,0,0,0,0,0,,0,0.0,0.0,16355,False,targets;fum_rec_td,PFR+RULE2PT,19791014-WAS-CLE,False,fum_rec_td,False,True,fum_rec_td,
Ozzie Newsome,1979,8,1979-10-21,False,CLE,CIN,H,W,28,27,,5,90,1,0,0,0,0,0,0,0,,0,15.0,20.0,16355,False,targets;fum_rec_td,PFR+RULE2PT,19791021-CIN-CLE,False,fum_rec_td,False,True,fum_rec_td,
Ozzie Newsome,1979,9,1979-10-28,False,CLE,STL,A,W,38,20,,4,19,0,0,0,0,0,0,0,0,,0,1.9,5.9,16355,False,targets;fum_rec_td,PFR+RULE2PT,19791028-CLE-STL,False,fum_rec_td,False,True,fum_rec_td,
Ozzie Newsome,1979,10,1979-11-04,False,CLE,PHI,A,W,24,19,,2,23,1,0,0,0,0,0,0,0,,0,8.3,10.3,16355,False,targets;fum_rec_td,PFR+RULE2PT,19791104-CLE-PHI,False,fum_rec_td,False,True,fum_rec_td,
Ozzie Newsome,1979,11,1979-11-11,False,CLE,SEA,H,L,24,29,,3,61,0,0,0,0,0,0,0,0,,0,6.1,9.1,16355,False,targets;fum_rec_td,PFR+RULE2PT,19791111-SEA-CLE,False,fum_rec_td,False,True,fum_rec_td,
Ozzie Newsome,1979,12,1979-11-18,False,CLE,MIA,H,W,30,24,,4,76,2,0,0,0,0,0,0,0,,0,19.6,23.6,16355,False,targets;fum_rec_td,PFR+RULE2PT,19791118-MIA-CLE,False,fum_rec_td,False,True,fum_rec_td,
Ozzie Newsome,1979,13,1979-11-25,False,CLE,PIT,A,L,30,33,,5,77,1,0,0,0,0,0,0,0,,0,13.7,18.7,16355,False,targets;fum_rec_td,PFR+RULE2PT,19791125-CLE-PIT,False,fum_rec_td,False,True,fum_rec_td,
Ozzie Newsome,1979,14,1979-12-02,False,CLE,HOU,H,W,14,7,,4,42,0,1,6,0,0,0,0,0,,0,4.8,8.8,16355,False,targets;fum_rec_td,PFR+RULE2PT,19791202-HOU-CLE,False,fum_rec_td,False,True,fum_rec_td,
Ozzie Newsome,1979,15,1979-12-09,False,CLE,OAK,A,L,14,19,,2,14,0,0,0,0,0,0,0,0,,0,1.4,3.4,16355,False,targets;fum_rec_td,PFR+RULE2PT,19791209-CLE-OAK,False,fum_rec_td,False,True,fum_rec_td,
Ozzie Newsome,1979,16,1979-12-16,False,CLE,CIN,A,L,12,16,,3,16,0,0,0,0,0,0,0,0,,0,1.6,4.6,16355,False,targets;fum_rec_td,PFR+RULE2PT,19791216-CLE-CIN,False,fum_rec_td,False,True,fum_rec_td,
Todd Christensen,1979,1,1979-09-02,False,NYG,PHI,A,L,17,23,,0,0,0,0,0,0,0,0,0,0,,0,0.0,0.0,3874,False,targets;fum_rec_td,PFR+RULE2PT,19790902-NYG-PHI,False,fum_rec_td,False,True,fum_rec_td,
Todd Christensen,1979,5,1979-09-30,False,OAK,DEN,H,W,27,3,,0,0,0,0,0,0,0,0,0,0,,0,0.0,0.0,3874,False,targets;fum_rec_td,PFR+RULE2PT,19790930-DEN-OAK,False,fum_rec_td,False,True,fum_rec_td,
Todd Christensen,1979,6,1979-10-08,False,OAK,MIA,H,W,13,3,,0,0,0,0,0,0,0,0,0,0,,0,0.0,0.0,3874,False,targets;fum_rec_td,PFR+RULE2PT,19791008-MIA-OAK,False,fum_rec_td,False,True,fum_rec_td,
Todd Christensen,1979,7,1979-10-14,False,OAK,ATL,H,W,50,19,,0,0,0,0,0,0,0,0,0,0,,0,0.0,0.0,3874,False,targets;fum_rec_td,PFR+RULE2PT,19791014-ATL-OAK,False,fum_rec_td,False,True,fum_rec_td,
Todd Christensen,1979,8,1979-10-21,False,OAK,NYJ,A,L,19,28,,0,0,0,0,0,0,0,0,0,0,,0,0.0,0.0,3874,False,targets;fum_rec_td,PFR+RULE2PT,19791021-OAK-NYJ,False,fum_rec_td,False,True,fum_rec_td,
Todd Christensen,1979,9,1979-10-25,False,OAK,SDG,H,W,45,22,,0,0,0,0,0,0,0,0,0,0,,0,0.0,0.0,3874,False,targets;fum_rec_td,PFR+RULE2PT,19791025-SDG-OAK,False,fum_rec_td,False,True,fum_rec_td,
Todd Christensen,1979,10,1979-11-04,False,OAK,SFO,H,W,23,10,,0,0,0,0,0,0,0,0,0,0,,0,0.0,0.0,3874,False,targets;fum_rec_td,PFR+RULE2PT,19791104-SFO-OAK,False,fum_rec_td,False,True,fum_rec_td,
Todd Christensen,1979,11,1979-11-11,False,OAK,HOU,A,L,17,31,,0,0,0,0,0,0,0,0,0,0,,0,0.0,0.0,3874,False,targets;fum_rec_td,PFR+RULE2PT,19791111-OAK-HOU,False,fum_rec_td,False,True,fum_rec_td,
Todd Christensen,1979,12,1979-11-18,False,OAK,KAN,H,L,21,24,,0,0,0,0,0,0,0,0,0,0,,0,0.0,0.0,3874,False,targets;fum_rec_td,PFR+RULE2PT,19791118-KAN-OAK,False,fum_rec_td,False,True,fum_rec_td,
Todd Christensen,1979,13,1979-11-25,False,OAK,DEN,A,W,14,10,,0,0,0,0,0,0,0,0,0,0,,0,0.0,0.0,3874,False,targets;fum_rec_td,PFR+RULE2PT,19791125-OAK-DEN,False,fum_rec_td,False,True,fum_rec_td,
Todd Christensen,1979,14,1979-12-03,False,OAK,NOR,A,W,42,35,,0,0,0,0,0,0,0,0,0,0,,0,0.0,0.0,3874,False,targets;fum_rec_td,PFR+RULE2PT,19791203-OAK-NOR,False,fum_rec_td,False,True,fum_rec_td,
Todd Christensen,1979,15,1979-12-09,False,OAK,CLE,H,W,19,14,,0,0,0,0,0,0,0,0,0,0,,0,0.0,0.0,3874,False,targets;fum_rec_td,PFR+RULE2PT,19791209-CLE-OAK,False,fum_rec_td,False,True,fum_rec_td,
Todd Christensen,1979,16,1979-12-16,False,OAK,SEA,H,L,24,29,,0,0,0,0,0,0,0,0,0,0,,0,0.0,0.0,3874,False,targets;fum_rec_td,PFR+RULE2PT,19791216-SEA-OAK,False,fum_rec_td,False,True,fum_rec_td,
Riley Odoms,1972,1,1972-09-17,False,DEN,HOU,H,W,30,17,,2,61,0,1,27,0,0,0,0,0,,0,8.8,10.8,16721,False,targets;fum_rec_td,PFR+RULE2PT,19720917-HOU-DEN,False,fum_rec_td,False,True,fum_rec_td,
Riley Odoms,1972,2,1972-09-24,False,DEN,SDG,A,L,14,37,,1,13,0,0,0,0,0,0,0,0,,0,1.3,2.3,16721,False,targets;fum_rec_td,PFR+RULE2PT,19720924-DEN-SDG,False,fum_rec_td,False,True,fum_rec_td,
Riley Odoms,1972,3,1972-10-01,False,DEN,KAN,H,L,24,45,,2,30,0,0,0,0,0,0,0,0,,0,3.0,5.0,16721,False,targets;fum_rec_td,PFR+RULE2PT,19721001-KAN-DEN,False,fum_rec_td,False,True,fum_rec_td,
Riley Odoms,1972,4,1972-10-08,False,DEN,CIN,A,L,10,21,,0,0,0,2,29,0,0,0,0,0,,0,2.9,2.9,16721,False,targets;fum_rec_td,PFR+RULE2PT,19721008-DEN-CIN,False,fum_rec_td,False,True,fum_rec_td,
Riley Odoms,1972,5,1972-10-15,False,DEN,MIN,H,L,20,23,,1,12,0,0,0,0,0,0,0,0,,0,1.2,2.2,16721,False,targets;fum_rec_td,PFR+RULE2PT,19721015-MIN-DEN,False,fum_rec_td,False,True,fum_rec_td,
Riley Odoms,1972,6,1972-10-22,False,DEN,OAK,A,W,30,23,,2,46,0,0,0,0,0,0,0,0,,0,4.6,6.6,16721,False,targets;fum_rec_td,PFR+RULE2PT,19721022-DEN-OAK,False,fum_rec_td,False,True,fum_rec_td,
Riley Odoms,1972,7,1972-10-29,False,DEN,CLE,H,L,20,27,,0,0,0,0,0,0,0,0,0,0,,0,0.0,0.0,16721,False,targets;fum_rec_td,PFR+RULE2PT,19721029-CLE-DEN,False,fum_rec_td,False,True,fum_rec_td,
Riley Odoms,1972,8,1972-11-05,False,DEN,NYG,A,L,17,29,,1,14,1,0,0,0,0,0,0,0,,0,7.4,8.4,16721,False,targets;fum_rec_td,PFR+RULE2PT,19721105-DEN-NYG,False,fum_rec_td,False,True,fum_rec_td,
Riley Odoms,1972,9,1972-11-12,False,DEN,RAM,A,W,16,10,,0,0,0,1,4,0,0,0,0,0,,0,0.4,0.4,16721,False,targets;fum_rec_td,PFR+RULE2PT,19721112-DEN-RAM,False,fum_rec_td,False,True,fum_rec_td,
Riley Odoms,1972,10,1972-11-19,False,DEN,OAK,H,L,20,37,,1,3,0,0,0,0,0,0,0,0,,0,0.3,1.3,16721,False,targets;fum_rec_td,PFR+RULE2PT,19721119-OAK-DEN,False,fum_rec_td,False,True,fum_rec_td,
Riley Odoms,1972,11,1972-11-26,False,DEN,ATL,A,L,20,23,,4,66,0,1,12,0,0,0,0,0,,0,7.8,11.8,16721,False,targets;fum_rec_td,PFR+RULE2PT,19721126-DEN-ATL,False,fum_rec_td,False,True,fum_rec_td,
Riley Odoms,1972,12,1972-12-03,False,DEN,KAN,A,L,21,24,,3,30,0,0,0,0,0,0,0,0,,0,3.0,6.0,16721,False,targets;fum_rec_td,PFR+RULE2PT,19721203-DEN-KAN,False,fum_rec_td,False,True,fum_rec_td,
Riley Odoms,1972,13,1972-12-10,False,DEN,SDG,H,W,38,13,,1,15,0,0,0,0,0,0,0,0,,0,1.5,2.5,16721,False,targets;fum_rec_td,PFR+RULE2PT,19721210-SDG-DEN,False,fum_rec_td,False,True,fum_rec_td,
Riley Odoms,1972,14,1972-12-17,False,DEN,NWE,H,W,45,21,,3,30,0,0,0,0,0,0,0,0,,0,3.0,6.0,16721,False,targets;fum_rec_td,PFR+RULE2PT,19721217-NWE-DEN,False,fum_rec_td,False,True,fum_rec_td,
Riley Odoms,1973,1,1973-09-16,False,DEN,CIN,H,W,28,10,,2,45,0,0,0,0,0,0,0,0,,0,4.5,6.5,16721,False,targets;fum_rec_td,PFR+RULE2PT,19730916-CIN-DEN,False,fum_rec_td,False,True,fum_rec_td,
Riley Odoms,1973,2,1973-09-23,False,DEN,SFO,H,L,34,36,,2,37,0,0,0,0,0,0,0,0,,0,3.7,5.7,16721,False,targets;fum_rec_td,PFR+RULE2PT,19730923-SFO-DEN,False,fum_rec_td,False,True,fum_rec_td,
Riley Odoms,1973,3,1973-09-30,False,DEN,CHI,H,L,14,33,,0,0,0,0,0,0,0,0,0,0,,0,0.0,0.0,16721,False,targets;fum_rec_td,PFR+RULE2PT,19730930-CHI-DEN,False,fum_rec_td,False,True,fum_rec_td,
Riley Odoms,1973,4,1973-10-07,False,DEN,KAN,A,L,14,16,,1,14,0,0,0,0,0,0,0,0,,0,1.4,2.4,16721,False,targets;fum_rec_td,PFR+RULE2PT,19731007-DEN-KAN,False,fum_rec_td,False,True,fum_rec_td,
Riley Odoms,1973,5,1973-10-14,False,DEN,HOU,A,W,48,20,,1,14,0,0,0,0,0,0,0,0,,0,1.4,2.4,16721,False,targets;fum_rec_td,PFR+RULE2PT,19731014-DEN-HOU,False,fum_rec_td,False,True,fum_rec_td,
Riley Odoms,1973,6,1973-10-22,False,DEN,OAK,H,T,23,23,,3,49,0,0,0,0,0,0,0,0,,0,4.9,7.9,16721,False,targets;fum_rec_td,PFR+RULE2PT,19731022-OAK-DEN,False,fum_rec_td,False,True,fum_rec_td,
Riley Odoms,1973,7,1973-10-28,False,DEN,NYJ,A,W,40,28,,4,55,1,2,18,0,0,0,0,0,,0,13.3,17.3,16721,False,targets;fum_rec_td,PFR+RULE2PT,19731028-DEN-NYJ,False,fum_rec_td,False,True,fum_rec_td,
Riley Odoms,1973,8,1973-11-04,False,DEN,STL,A,T,17,17,,5,114,1,0,0,0,0,0,0,0,,0,17.4,22.4,16721,False,targets;fum_rec_td,PFR+RULE2PT,19731104-DEN-STL,False,fum_rec_td,False,True,fum_rec_td,
Riley Odoms,1973,9,1973-11-11,False,DEN,SDG,H,W,30,19,,4,59,1,1,9,0,0,0,0,0,,0,12.8,16.8,16721,False,targets;fum_rec_td,PFR+RULE2PT,19731111-SDG-DEN,False,fum_rec_td,False,True,fum_rec_td,
Riley Odoms,1973,10,1973-11-18,False,DEN,PIT,A,W,23,13,,6,47,1,0,0,0,0,0,0,0,,0,10.7,16.7,16721,False,targets;fum_rec_td,PFR+RULE2PT,19731118-DEN-PIT,False,fum_rec_td,False,True,fum_rec_td,
Riley Odoms,1973,11,1973-11-25,False,DEN,KAN,H,W,14,10,,0,0,0,0,0,0,0,0,0,0,,0,0.0,0.0,16721,False,targets;fum_rec_td,PFR+RULE2PT,19731125-KAN-DEN,False,fum_rec_td,False,True,fum_rec_td,
Riley Odoms,1973,12,1973-12-02,False,DEN,DAL,H,L,10,22,,5,76,1,1,5,0,0,0,0,0,,0,14.1,19.1,16721,False,targets;fum_rec_td,PFR+RULE2PT,19731202-DAL-DEN,False,fum_rec_td,False,True,fum_rec_td,
Riley Odoms,1973,13,1973-12-09,False,DEN,SDG,A,W,42,28,,3,51,1,1,21,0,0,0,0,0,,0,13.2,16.2,16721,False,targets;fum_rec_td,PFR+RULE2PT,19731209-DEN-SDG,False,fum_rec_td,False,True,fum_rec_td,
Riley Odoms,1973,14,1973-12-16,False,DEN,OAK,A,L,17,21,,7,68,1,0,0,0,0,0,0,0,,0,12.8,19.8,16721,False,targets;fum_rec_td,PFR+RULE2PT,19731216-DEN-OAK,False,fum_rec_td,False,True,fum_rec_td,
Riley Odoms,1974,1,1974-09-15,False,DEN,RAM,H,L,10,17,,2,21,0,0,0,0,0,0,0,0,,0,2.1,4.1,16721,False,targets;fum_rec_td,PFR+RULE2PT,19740915-RAM-DEN,False,fum_rec_td,False,True,fum_rec_td,
Riley Odoms,1974,2,1974-09-22,False,DEN,PIT,H,T,35,35,,3,26,1,0,0,0,0,0,0,0,,0,8.6,11.6,16721,False,targets;fum_rec_td,PFR+RULE2PT,19740922-PIT-DEN,False,fum_rec_td,False,True,fum_rec_td,
Riley Odoms,1974,3,1974-09-30,False,DEN,WAS,A,L,3,30,,3,42,0,0,0,0,0,0,0,0,,0,4.2,7.2,16721,False,targets;fum_rec_td,PFR+RULE2PT,19740930-DEN-WAS,False,fum_rec_td,False,True,fum_rec_td,
Riley Odoms,1974,4,1974-10-06,False,DEN,KAN,A,W,17,14,,1,29,0,0,0,0,0,0,0,0,,0,2.9,3.9,16721,False,targets;fum_rec_td,PFR+RULE2PT,19741006-DEN-KAN,False,fum_rec_td,False,True,fum_rec_td,
Riley Odoms,1974,5,1974-10-13,False,DEN,NOR,H,W,33,17,,1,3,1,1,-4,0,0,0,0,0,,0,5.9,6.9,16721,False,targets;fum_rec_td,PFR+RULE2PT,19741013-NOR-DEN,False,fum_rec_td,False,True,fum_rec_td,
Riley Odoms,1974,6,1974-10-20,False,DEN,SDG,H,W,27,7,,2,46,1,1,5,0,0,0,0,0,,0,11.1,13.1,16721,False,targets;fum_rec_td,PFR+RULE2PT,19741020-SDG-DEN,False,fum_rec_td,False,True,fum_rec_td,
Riley Odoms,1974,7,1974-10-27,False,DEN,CLE,A,L,21,23,,4,59,1,0,0,0,0,0,0,0,,0,11.9,15.9,16721,False,targets;fum_rec_td,PFR+RULE2PT,19741027-DEN-CLE,False,fum_rec_td,False,True,fum_rec_td,
Riley Odoms,1974,8,1974-11-03,False,DEN,OAK,H,L,17,28,,3,49,0,0,0,0,0,0,0,0,,0,4.9,7.9,16721,False,targets;fum_rec_td,PFR+RULE2PT,19741103-OAK-DEN,False,fum_rec_td,False,True,fum_rec_td,
Riley Odoms,1974,9,1974-11-10,False,DEN,BAL,A,W,17,6,,2,18,1,0,0,0,0,0,0,0,,0,7.8,9.8,16721,False,targets;fum_rec_td,PFR+RULE2PT,19741110-DEN-BAL,False,fum_rec_td,False,True,fum_rec_td,
Riley Odoms,1974,10,1974-11-18,False,DEN,KAN,H,L,34,42,,7,125,0,0,0,0,0,0,0,0,,0,12.5,19.5,16721,False,targets;fum_rec_td,PFR+RULE2PT,19741118-KAN-DEN,False,fum_rec_td,False,True,fum_rec_td,
Riley Odoms,1974,11,1974-11-24,False,DEN,OAK,A,W,20,17,,3,68,0,0,0,0,0,0,0,0,,0,6.8,9.8,16721,False,targets;fum_rec_td,PFR+RULE2PT,19741124-DEN-OAK,False,fum_rec_td,False,True,fum_rec_td,
Riley Odoms,1974,12,1974-11-28,False,DEN,DET,A,W,31,27,,1,1,1,1,31,0,0,0,0,0,,0,9.2,10.2,16721,False,targets;fum_rec_td,PFR+RULE2PT,19741128-DEN-DET,False,fum_rec_td,False,True,fum_rec_td,
Riley Odoms,1974,13,1974-12-08,False,DEN,HOU,H,W,37,14,,5,86,0,0,0,0,0,0,0,0,,0,8.6,13.6,16721,False,targets;fum_rec_td,PFR+RULE2PT,19741208-HOU-DEN,False,fum_rec_td,False,True,fum_rec_td,
Riley Odoms,1974,14,1974-12-15,False,DEN,SDG,A,L,0,17,,5,66,0,1,-7,0,0,0,0,0,,0,5.9,10.9,16721,False,targets;fum_rec_td,PFR+RULE2PT,19741215-DEN-SDG,False,fum_rec_td,False,True,fum_rec_td,
Riley Odoms,1975,1,1975-09-21,False,DEN,KAN,H,W,37,33,,2,58,0,1,6,0,0,0,0,0,,0,6.4,8.4,16721,False,targets;fum_rec_td,PFR+RULE2PT,19750921-KAN-DEN,False,fum_rec_td,False,True,fum_rec_td,
Riley Odoms,1975,2,1975-09-29,False,DEN,GNB,H,W,23,13,,1,19,0,0,0,0,0,0,0,0,,0,1.9,2.9,16721,False,targets;fum_rec_td,PFR+RULE2PT,19750929-GNB-DEN,False,fum_rec_td,False,True,fum_rec_td,
Riley Odoms,1975,3,1975-10-05,False,DEN,BUF,A,L,14,38,,3,38,0,0,0,0,0,0,0,0,,0,3.8,6.8,16721,False,targets;fum_rec_td,PFR+RULE2PT,19751005-DEN-BUF,False,fum_rec_td,False,True,fum_rec_td,
Riley Odoms,1975,4,1975-10-12,False,DEN,PIT,A,L,9,20,,4,63,0,1,12,0,0,0,0,0,,0,7.5,11.5,16721,False,targets;fum_rec_td,PFR+RULE2PT,19751012-DEN-PIT,False,fum_rec_td,False,True,fum_rec_td,
Riley Odoms,1975,5,1975-10-19,False,DEN,CLE,H,W,16,15,,2,24,0,0,0,0,0,0,0,0,,0,2.4,4.4,16721,False,targets;fum_rec_td,PFR+RULE2PT,19751019-CLE-DEN,False,fum_rec_td,False,True,fum_rec_td,
Riley Odoms,1975,6,1975-10-26,False,DEN,KAN,A,L,13,26,,2,24,0,1,7,0,0,0,0,0,,0,3.1,5.1,16721,False,targets;fum_rec_td,PFR+RULE2PT,19751026-DEN-KAN,False,fum_rec_td,False,True,fum_rec_td,
Riley Odoms,1975,7,1975-11-02,False,DEN,OAK,H,L,17,42,,2,27,1,0,0,0,0,0,0,0,,0,8.7,10.7,16721,False,targets;fum_rec_td,PFR+RULE2PT,19751102-OAK-DEN,False,fum_rec_td,False,True,fum_rec_td,
Riley Odoms,1975,8,1975-11-09,False,DEN,CIN,H,L,16,17,,6,62,1,0,0,0,0,0,0,0,,0,12.2,18.2,16721,False,targets;fum_rec_td,PFR+RULE2PT,19751109-CIN-DEN,False,fum_rec_td,False,True,fum_rec_td,
Riley Odoms,1975,9,1975-11-16,False,DEN,SDG,A,W,27,17,,3,41,1,0,0,0,0,0,0,0,,0,10.1,13.1,16721,False,targets;fum_rec_td,PFR+RULE2PT,19751116-DEN-SDG,False,fum_rec_td,False,True,fum_rec_td,
Riley Odoms,1975,10,1975-11-23,False,DEN,ATL,A,L,21,35,,4,54,0,0,0,0,0,0,0,0,,0,5.4,9.4,16721,False,targets;fum_rec_td,PFR+RULE2PT,19751123-DEN-ATL,False,fum_rec_td,False,True,fum_rec_td,
Riley Odoms,1975,11,1975-11-30,False,DEN,SDG,H,W,13,10,,2,6,0,1,3,0,0,0,0,0,,0,0.9,2.9,16721,False,targets;fum_rec_td,PFR+RULE2PT,19751130-SDG-DEN,False,fum_rec_td,False,True,fum_rec_td,
Riley Odoms,1975,12,1975-12-08,False,DEN,OAK,A,L,10,17,,3,39,0,0,0,0,0,0,0,0,,0,3.9,6.9,16721,False,targets;fum_rec_td,PFR+RULE2PT,19751208-DEN-OAK,False,fum_rec_td,False,True,fum_rec_td,
Riley Odoms,1975,13,1975-12-14,False,DEN,PHI,H,W,25,10,,2,33,0,0,0,0,0,0,0,0,,0,3.3,5.3,16721,False,targets;fum_rec_td,PFR+RULE2PT,19751214-PHI-DEN,False,fum_rec_td,False,True,fum_rec_td,
Riley Odoms,1975,14,1975-12-20,False,DEN,MIA,A,L,13,14,,4,56,0,1,-1,0,0,0,0,0,,0,5.5,9.5,16721,False,targets;fum_rec_td,PFR+RULE2PT,19751220-DEN-MIA,False,fum_rec_td,False,True,fum_rec_td,
Riley Odoms,1976,1,1976-09-12,False,DEN,CIN,A,L,7,17,,1,12,0,0,0,0,0,0,0,0,,0,1.2,2.2,16721,False,targets;fum_rec_td,PFR+RULE2PT,19760912-DEN-CIN,False,fum_rec_td,False,True,fum_rec_td,
Riley Odoms,1976,2,1976-09-19,False,DEN,NYJ,H,W,46,3,,1,32,0,1,15,1,0,0,0,0,,0,10.7,11.7,16721,False,targets;fum_rec_td,PFR+RULE2PT,19760919-NYJ-DEN,False,fum_rec_td,False,True,fum_rec_td,
Riley Odoms,1976,3,1976-09-26,False,DEN,CLE,H,W,44,13,,0,0,0,0,0,0,0,0,0,0,,0,0.0,0.0,16721,False,targets;fum_rec_td,PFR+RULE2PT,19760926-CLE-DEN,False,fum_rec_td,False,True,fum_rec_td,
Riley Odoms,1976,4,1976-10-03,False,DEN,SDG,H,W,26,0,,2,57,0,0,0,0,0,0,0,0,,0,5.7,7.7,16721,False,targets;fum_rec_td,PFR+RULE2PT,19761003-SDG-DEN,False,fum_rec_td,False,True,fum_rec_td,
Riley Odoms,1976,5,1976-10-10,False,DEN,HOU,A,L,3,17,,0,0,0,0,0,0,0,0,0,0,,0,0.0,0.0,16721,False,targets;fum_rec_td,PFR+RULE2PT,19761010-DEN-HOU,False,fum_rec_td,False,True,fum_rec_td,
Riley Odoms,1976,6,1976-10-17,False,DEN,OAK,H,L,10,17,,2,22,0,0,0,0,0,0,0,0,,0,2.2,4.2,16721,False,targets;fum_rec_td,PFR+RULE2PT,19761017-OAK-DEN,False,fum_rec_td,False,True,fum_rec_td,
Riley Odoms,1976,7,1976-10-24,False,DEN,KAN,A,W,35,26,,2,30,0,0,0,0,0,0,0,0,,0,3.0,5.0,16721,False,targets;fum_rec_td,PFR+RULE2PT,19761024-DEN-KAN,False,fum_rec_td,False,True,fum_rec_td,
Riley Odoms,1976,8,1976-10-31,False,DEN,OAK,A,L,6,19,,4,51,0,0,0,0,0,0,0,0,,0,5.1,9.1,16721,False,targets;fum_rec_td,PFR+RULE2PT,19761031-DEN-OAK,False,fum_rec_td,False,True,fum_rec_td,
Riley Odoms,1976,9,1976-11-07,False,DEN,TAM,H,W,48,13,,3,60,0,1,9,0,0,0,0,0,,0,6.9,9.9,16721,False,targets;fum_rec_td,PFR+RULE2PT,19761107-TAM-DEN,False,fum_rec_td,False,True,fum_rec_td,
Riley Odoms,1976,10,1976-11-14,False,DEN,SDG,A,W,17,0,,3,39,0,0,0,0,0,0,0,0,,0,3.9,6.9,16721,False,targets;fum_rec_td,PFR+RULE2PT,19761114-DEN-SDG,False,fum_rec_td,False,True,fum_rec_td,
Riley Odoms,1976,11,1976-11-21,False,DEN,NYG,H,W,14,13,,4,38,1,0,0,0,0,0,0,0,,0,9.8,13.8,16721,False,targets;fum_rec_td,PFR+RULE2PT,19761121-NYG-DEN,False,fum_rec_td,False,True,fum_rec_td,
Riley Odoms,1976,12,1976-11-28,False,DEN,NWE,A,L,14,38,,5,73,1,0,0,0,0,0,0,0,,0,13.3,18.3,16721,False,targets;fum_rec_td,PFR+RULE2PT,19761128-DEN-NWE,False,fum_rec_td,False,True,fum_rec_td,
Riley Odoms,1976,13,1976-12-05,False,DEN,KAN,H,W,17,16,,2,44,1,0,0,0,0,0,0,0,,0,10.4,12.4,16721,False,targets;fum_rec_td,PFR+RULE2PT,19761205-KAN-DEN,False,fum_rec_td,False,True,fum_rec_td,
Riley Odoms,1976,14,1976-12-12,False,DEN,CHI,A,W,28,14,,1,19,0,1,12,1,0,0,0,0,,0,9.1,10.1,16721,False,targets;fum_rec_td,PFR+RULE2PT,19761212-DEN-CHI,False,fum_rec_td,False,True,fum_rec_td,
Riley Odoms,1977,1,1977-09-18,False,DEN,STL,H,W,7,0,,2,17,0,0,0,0,0,0,0,0,,0,1.7,3.7,16721,False,targets;fum_rec_td,PFR+RULE2PT,19770918-STL-DEN,False,fum_rec_td,False,True,fum_rec_td,
Riley Odoms,1977,2,1977-09-25,False,DEN,BUF,H,W,26,6,,2,18,1,0,0,0,0,0,0,0,,0,7.8,9.8,16721,False,targets;fum_rec_td,PFR+RULE2PT,19770925-BUF-DEN,False,fum_rec_td,False,True,fum_rec_td,
Riley Odoms,1977,3,1977-10-02,False,DEN,SEA,A,W,24,13,,2,24,0,0,0,0,0,0,0,0,,0,2.4,4.4,16721,False,targets;fum_rec_td,PFR+RULE2PT,19771002-DEN-SEA,False,fum_rec_td,False,True,fum_rec_td,
Riley Odoms,1977,4,1977-10-09,False,DEN,KAN,H,W,23,7,,1,12,0,0,0,0,0,0,0,0,,0,1.2,2.2,16721,False,targets;fum_rec_td,PFR+RULE2PT,19771009-KAN-DEN,False,fum_rec_td,False,True,fum_rec_td,
Riley Odoms,1977,5,1977-10-16,False,DEN,OAK,A,W,30,7,,2,24,1,0,0,0,0,0,0,0,,0,8.4,10.4,16721,False,targets;fum_rec_td,PFR+RULE2PT,19771016-DEN-OAK,False,fum_rec_td,False,True,fum_rec_td,
Riley Odoms,1977,6,1977-10-23,False,DEN,CIN,A,W,24,13,,1,7,0,0,0,0,0,0,0,0,,0,0.7,1.7,16721,False,targets;fum_rec_td,PFR+RULE2PT,19771023-DEN-CIN,False,fum_rec_td,False,True,fum_rec_td,
Riley Odoms,1977,7,1977-10-30,False,DEN,OAK,H,L,14,24,,5,51,0,0,0,0,0,0,0,0,,0,5.1,10.1,16721,False,targets;fum_rec_td,PFR+RULE2PT,19771030-OAK-DEN,False,fum_rec_td,False,True,fum_rec_td,
Riley Odoms,1977,8,1977-11-06,False,DEN,PIT,H,W,21,7,,2,33,0,0,0,0,0,0,0,0,,0,3.3,5.3,16721,False,targets;fum_rec_td,PFR+RULE2PT,19771106-PIT-DEN,False,fum_rec_td,False,True,fum_rec_td,
Riley Odoms,1977,9,1977-11-13,False,DEN,SDG,A,W,17,14,,3,26,0,0,0,0,0,0,0,0,,0,2.6,5.6,16721,False,targets;fum_rec_td,PFR+RULE2PT,19771113-DEN-SDG,False,fum_rec_td,False,True,fum_rec_td,
Riley Odoms,1977,10,1977-11-20,False,DEN,KAN,A,W,14,7,,2,33,0,0,0,0,0,0,0,0,,0,3.3,5.3,16721,False,targets;fum_rec_td,PFR+RULE2PT,19771120-DEN-KAN,False,fum_rec_td,False,True,fum_rec_td,
Riley Odoms,1977,11,1977-11-27,False,DEN,BAL,H,W,27,13,,1,18,0,0,0,0,0,0,0,0,,0,1.8,2.8,16721,False,targets;fum_rec_td,PFR+RULE2PT,19771127-BAL-DEN,False,fum_rec_td,False,True,fum_rec_td,
Riley Odoms,1977,12,1977-12-04,False,DEN,HOU,A,W,24,14,,6,86,1,0,0,0,0,0,0,0,,0,14.6,20.6,16721,False,targets;fum_rec_td,PFR+RULE2PT,19771204-DEN-HOU,False,fum_rec_td,False,True,fum_rec_td,
Riley Odoms,1977,13,1977-12-11,False,DEN,SDG,H,W,17,9,,6,69,0,0,0,0,0,0,0,0,,0,6.9,12.9,16721,False,targets;fum_rec_td,PFR+RULE2PT,19771211-SDG-DEN,False,fum_rec_td,False,True,fum_rec_td,
Riley Odoms,1977,14,1977-12-18,False,DEN,DAL,A,L,6,14,,2,11,0,0,0,0,0,0,0,0,,0,1.1,3.1,16721,False,targets;fum_rec_td,PFR+RULE2PT,19771218-DEN-DAL,False,fum_rec_td,False,True,fum_rec_td,
Riley Odoms,1977,15,1977-12-24,True,DEN,PIT,H,W,34,21,,5,43,1,0,0,0,0,0,0,0,,0,10.3,15.3,16721,False,targets;fum_rec_td,PFR+RULE2PT,19771224-PIT-DEN,False,fum_rec_td,False,True,fum_rec_td,
Riley Odoms,1977,16,1978-01-01,True,DEN,OAK,H,W,20,17,,1,13,0,0,0,0,0,0,0,0,,0,1.3,2.3,16721,False,targets;fum_rec_td,PFR+RULE2PT,19780101-OAK-DEN,False,fum_rec_td,False,True,fum_rec_td,
Riley Odoms,1977,17,1978-01-15,True,DEN,DAL,N,L,10,27,,2,9,0,0,0,0,0,0,0,0,,0,0.9,2.9,16721,False,targets;fum_rec_td,PFR+RULE2PT,19780115-DAL-DEN-N,False,fum_rec_td,False,True,fum_rec_td,
Riley Odoms,1978,1,1978-09-03,False,DEN,OAK,H,W,14,6,,1,6,0,0,0,0,0,0,0,0,,0,0.6,1.6,16721,False,targets;fum_rec_td,PFR+RULE2PT,19780903-OAK-DEN,False,fum_rec_td,False,True,fum_rec_td,
Riley Odoms,1978,2,1978-09-11,False,DEN,MIN,A,L,9,12,,2,41,0,0,0,0,0,0,0,0,,0,4.1,6.1,16721,False,targets;fum_rec_td,PFR+RULE2PT,19780911-DEN-MIN,False,fum_rec_td,False,True,fum_rec_td,
Riley Odoms,1978,3,1978-09-17,False,DEN,SDG,H,W,27,14,,5,69,0,0,0,0,0,0,0,0,,0,6.9,11.9,16721,False,targets;fum_rec_td,PFR+RULE2PT,19780917-SDG-DEN,False,fum_rec_td,False,True,fum_rec_td,
Riley Odoms,1978,4,1978-09-24,False,DEN,KAN,A,W,23,17,,4,60,1,0,0,0,0,0,0,0,,0,12.0,16.0,16721,False,targets;fum_rec_td,PFR+RULE2PT,19780924-DEN-KAN,False,fum_rec_td,False,True,fum_rec_td,
Riley Odoms,1978,5,1978-10-01,False,DEN,SEA,H,W,28,7,,3,45,0,0,0,0,0,0,0,0,,0,4.5,7.5,16721,False,targets;fum_rec_td,PFR+RULE2PT,19781001-SEA-DEN,False,fum_rec_td,False,True,fum_rec_td,
Riley Odoms,1978,6,1978-10-08,False,DEN,SDG,A,L,0,23,,3,37,0,0,0,0,0,0,0,0,,0,3.7,6.7,16721,False,targets;fum_rec_td,PFR+RULE2PT,19781008-DEN-SDG,False,fum_rec_td,False,True,fum_rec_td,
Riley Odoms,1978,7,1978-10-16,False,DEN,CHI,H,W,16,7,,4,52,0,0,0,0,0,0,0,0,,0,5.2,9.2,16721,False,targets;fum_rec_td,PFR+RULE2PT,19781016-CHI-DEN,False,fum_rec_td,False,True,fum_rec_td,
Riley Odoms,1978,8,1978-10-22,False,DEN,BAL,A,L,6,7,,4,46,0,0,0,0,0,0,0,0,,0,4.6,8.6,16721,False,targets;fum_rec_td,PFR+RULE2PT,19781022-DEN-BAL,False,fum_rec_td,False,True,fum_rec_td,
Riley Odoms,1978,9,1978-10-29,False,DEN,SEA,A,W,20,17,,2,39,0,0,0,0,0,0,0,0,,0,3.9,5.9,16721,False,targets;fum_rec_td,PFR+RULE2PT,19781029-DEN-SEA,False,fum_rec_td,False,True,fum_rec_td,
Riley Odoms,1978,10,1978-11-05,False,DEN,NYJ,H,L,28,31,,2,34,0,1,7,0,0,0,0,0,,0,4.1,6.1,16721,False,targets;fum_rec_td,PFR+RULE2PT,19781105-NYJ-DEN,False,fum_rec_td,False,True,fum_rec_td,
Riley Odoms,1978,11,1978-11-12,False,DEN,CLE,A,W,19,7,,5,58,1,0,0,0,0,0,0,0,,0,11.8,16.8,16721,False,targets;fum_rec_td,PFR+RULE2PT,19781112-DEN-CLE,False,fum_rec_td,False,True,fum_rec_td,
Riley Odoms,1978,12,1978-11-19,False,DEN,GNB,H,W,16,3,,3,24,0,0,0,0,0,0,0,0,,0,2.4,5.4,16721,False,targets;fum_rec_td,PFR+RULE2PT,19781119-GNB-DEN,False,fum_rec_td,False,True,fum_rec_td,
Riley Odoms,1978,13,1978-11-23,False,DEN,DET,A,L,14,17,,4,60,1,0,0,0,0,0,0,0,,0,12.0,16.0,16721,False,targets;fum_rec_td,PFR+RULE2PT,19781123-DEN-DET,False,fum_rec_td,False,True,fum_rec_td,
Riley Odoms,1978,14,1978-12-03,False,DEN,OAK,A,W,21,6,,1,10,0,0,0,0,0,0,0,0,,0,1.0,2.0,16721,False,targets;fum_rec_td,PFR+RULE2PT,19781203-DEN-OAK,False,fum_rec_td,False,True,fum_rec_td,
Riley Odoms,1978,15,1978-12-10,False,DEN,KAN,H,W,24,3,,7,165,2,1,-2,0,0,0,0,0,,0,28.3,35.3,16721,False,targets;fum_rec_td,PFR+RULE2PT,19781210-KAN-DEN,False,fum_rec_td,False,True,fum_rec_td,
Riley Odoms,1978,16,1978-12-16,False,DEN,PIT,H,L,17,21,,4,83,1,0,0,0,0,0,0,0,,0,14.3,18.3,16721,False,targets;fum_rec_td,PFR+RULE2PT,19781216-PIT-DEN,False,fum_rec_td,False,True,fum_rec_td,
Riley Odoms,1978,17,1978-12-30,True,DEN,PIT,A,L,10,33,,1,24,0,0,0,0,0,0,0,0,,0,2.4,3.4,16721,False,targets;fum_rec_td,PFR+RULE2PT,19781230-DEN-PIT,False,fum_rec_td,False,True,fum_rec_td,
Riley Odoms,1979,1,1979-09-02,False,DEN,CIN,H,W,10,0,,4,58,0,0,0,0,0,0,0,0,,0,5.8,9.8,16721,False,targets;fum_rec_td,PFR+RULE2PT,19790902-CIN-DEN,False,fum_rec_td,False,True,fum_rec_td,
Riley Odoms,1979,2,1979-09-06,False,DEN,RAM,H,L,9,13,,2,21,0,0,0,0,0,0,0,0,,0,2.1,4.1,16721,False,targets;fum_rec_td,PFR+RULE2PT,19790906-RAM-DEN,False,fum_rec_td,False,True,fum_rec_td,
Riley Odoms,1979,3,1979-09-16,False,DEN,ATL,A,W,20,17,,0,0,0,1,-7,0,0,0,0,0,,0,-0.7,-0.7,16721,False,targets;fum_rec_td,PFR+RULE2PT,19790916-DEN-ATL,False,fum_rec_td,False,True,fum_rec_td,
Riley Odoms,1979,4,1979-09-23,False,DEN,SEA,H,W,37,34,,5,125,0,0,0,0,0,0,0,0,,0,12.5,17.5,16721,False,targets;fum_rec_td,PFR+RULE2PT,19790923-SEA-DEN,False,fum_rec_td,False,True,fum_rec_td,
Riley Odoms,1979,5,1979-09-30,False,DEN,OAK,A,L,3,27,,4,74,0,0,0,0,0,0,0,0,,0,7.4,11.4,16721,False,targets;fum_rec_td,PFR+RULE2PT,19790930-DEN-OAK,False,fum_rec_td,False,True,fum_rec_td,
Riley Odoms,1979,6,1979-10-07,False,DEN,SDG,H,W,7,0,,2,29,0,0,0,0,0,0,0,0,,0,2.9,4.9,16721,False,targets;fum_rec_td,PFR+RULE2PT,19791007-SDG-DEN,False,fum_rec_td,False,True,fum_rec_td,
Riley Odoms,1979,7,1979-10-14,False,DEN,KAN,A,W,24,10,,2,12,0,0,0,0,0,0,0,0,,0,1.2,3.2,16721,False,targets;fum_rec_td,PFR+RULE2PT,19791014-DEN-KAN,False,fum_rec_td,False,True,fum_rec_td,
Riley Odoms,1979,8,1979-10-22,False,DEN,PIT,A,L,7,42,,6,94,0,0,0,0,0,0,0,0,,0,9.4,15.4,16721,False,targets;fum_rec_td,PFR+RULE2PT,19791022-DEN-PIT,False,fum_rec_td,False,True,fum_rec_td,
Riley Odoms,1979,9,1979-10-28,False,DEN,KAN,H,W,20,3,,7,114,0,0,0,0,0,0,0,0,,0,11.4,18.4,16721,False,targets;fum_rec_td,PFR+RULE2PT,19791028-KAN-DEN,False,fum_rec_td,False,True,fum_rec_td,
Riley Odoms,1979,10,1979-11-04,False,DEN,NOR,H,W,10,3,,3,32,0,0,0,0,0,0,0,0,,0,3.2,6.2,16721,False,targets;fum_rec_td,PFR+RULE2PT,19791104-NOR-DEN,False,fum_rec_td,False,True,fum_rec_td,
Riley Odoms,1979,11,1979-11-11,False,DEN,NWE,H,W,45,10,,1,21,0,0,0,0,0,0,0,0,,0,2.1,3.1,16721,False,targets;fum_rec_td,PFR+RULE2PT,19791111-NWE-DEN,False,fum_rec_td,False,True,fum_rec_td,
Riley Odoms,1979,12,1979-11-18,False,DEN,SFO,A,W,38,28,,3,44,1,0,0,0,0,0,0,0,,0,10.4,13.4,16721,False,targets;fum_rec_td,PFR+RULE2PT,19791118-DEN-SFO,False,fum_rec_td,False,True,fum_rec_td,
Riley Odoms,1979,16,1979-12-17,False,DEN,SDG,A,L,7,17,,1,14,0,0,0,0,0,0,0,0,,0,1.4,2.4,16721,False,targets;fum_rec_td,PFR+RULE2PT,19791217-DEN-SDG,False,fum_rec_td,False,True,fum_rec_td,
Riley Odoms,1979,17,1979-12-23,True,DEN,HOU,A,L,7,13,,2,3,0,0,0,0,0,0,0,0,,0,0.3,2.3,16721,False,targets;fum_rec_td,PFR+RULE2PT,19791223-DEN-HOU,False,fum_rec_td,False,True,fum_rec_td,
Russ Francis,1975,1,1975-09-21,False,NWE,HOU,H,L,0,7,,1,15,0,0,0,0,0,0,0,0,,0,1.5,2.5,7259,False,targets;fum_rec_td,PFR+RULE2PT,19750921-HOU-NWE,False,fum_rec_td,False,True,fum_rec_td,
Russ Francis,1975,2,1975-09-28,False,NWE,MIA,H,L,14,22,,2,24,1,0,0,0,0,0,0,0,,0,8.4,10.4,7259,False,targets;fum_rec_td,PFR+RULE2PT,19750928-MIA-NWE,False,fum_rec_td,False,True,fum_rec_td,
Russ Francis,1975,3,1975-10-05,False,NWE,NYJ,A,L,7,36,,3,89,1,0,0,0,0,0,0,0,,0,14.9,17.9,7259,False,targets;fum_rec_td,PFR+RULE2PT,19751005-NWE-NYJ,False,fum_rec_td,False,True,fum_rec_td,
Russ Francis,1975,4,1975-10-12,False,NWE,CIN,A,L,10,27,,3,30,0,0,0,0,0,0,0,0,,0,3.0,6.0,7259,False,targets;fum_rec_td,PFR+RULE2PT,19751012-NWE-CIN,False,fum_rec_td,False,True,fum_rec_td,
Russ Francis,1975,5,1975-10-19,False,NWE,BAL,H,W,21,10,,2,32,0,0,0,0,0,0,0,0,,0,3.2,5.2,7259,False,targets;fum_rec_td,PFR+RULE2PT,19751019-BAL-NWE,False,fum_rec_td,False,True,fum_rec_td,
Russ Francis,1975,6,1975-10-26,False,NWE,SFO,H,W,24,16,,3,36,0,0,0,0,0,0,0,0,,0,3.6,6.6,7259,False,targets;fum_rec_td,PFR+RULE2PT,19751026-SFO-NWE,False,fum_rec_td,False,True,fum_rec_td,
Russ Francis,1975,7,1975-11-02,False,NWE,STL,A,L,17,24,,1,9,0,0,0,0,0,0,0,0,,0,0.9,1.9,7259,False,targets;fum_rec_td,PFR+RULE2PT,19751102-NWE-STL,False,fum_rec_td,False,True,fum_rec_td,
Russ Francis,1975,8,1975-11-09,False,NWE,SDG,A,W,33,19,,3,81,0,0,0,0,0,0,0,0,,0,8.1,11.1,7259,False,targets;fum_rec_td,PFR+RULE2PT,19751109-NWE-SDG,False,fum_rec_td,False,True,fum_rec_td,
Russ Francis,1975,9,1975-11-16,False,NWE,DAL,H,L,31,34,,2,63,1,0,0,0,0,0,0,0,,0,12.3,14.3,7259,False,targets;fum_rec_td,PFR+RULE2PT,19751116-DAL-NWE,False,fum_rec_td,False,True,fum_rec_td,
Russ Francis,1975,10,1975-11-23,False,NWE,BUF,A,L,31,45,,7,125,1,0,0,0,0,0,0,0,,0,18.5,25.5,7259,False,targets;fum_rec_td,PFR+RULE2PT,19751123-NWE-BUF,False,fum_rec_td,False,True,fum_rec_td,
Russ Francis,1975,11,1975-12-01,False,NWE,MIA,A,L,7,20,,5,80,0,0,0,0,0,0,0,0,,0,8.0,13.0,7259,False,targets;fum_rec_td,PFR+RULE2PT,19751201-NWE-MIA,False,fum_rec_td,False,True,fum_rec_td,
Russ Francis,1975,12,1975-12-07,False,NWE,NYJ,H,L,28,30,,1,6,0,0,0,0,0,0,0,0,,0,0.6,1.6,7259,False,targets;fum_rec_td,PFR+RULE2PT,19751207-NYJ-NWE,False,fum_rec_td,False,True,fum_rec_td,
Russ Francis,1975,13,1975-12-14,False,NWE,BUF,H,L,14,34,,2,46,0,0,0,0,0,0,0,0,,0,4.6,6.6,7259,False,targets;fum_rec_td,PFR+RULE2PT,19751214-BUF-NWE,False,fum_rec_td,False,True,fum_rec_td,
Russ Francis,1975,14,1975-12-21,False,NWE,BAL,A,L,21,34,,0,0,0,0,0,0,0,0,0,0,,0,0.0,0.0,7259,False,targets;fum_rec_td,PFR+RULE2PT,19751221-NWE-BAL,False,fum_rec_td,False,True,fum_rec_td,
Russ Francis,1976,1,1976-09-12,False,NWE,BAL,H,L,13,27,,1,3,0,1,4,0,0,0,0,0,,0,0.7,1.7,7259,False,targets;fum_rec_td,PFR+RULE2PT,19760912-BAL-NWE,False,fum_rec_td,False,True,fum_rec_td,
Russ Francis,1976,2,1976-09-19,False,NWE,MIA,H,W,30,14,,3,21,1,0,0,0,0,0,0,0,,0,8.1,11.1,7259,False,targets;fum_rec_td,PFR+RULE2PT,19760919-MIA-NWE,False,fum_rec_td,False,True,fum_rec_td,
Russ Francis,1976,3,1976-09-26,False,NWE,PIT,A,W,30,27,,6,139,1,0,0,0,0,0,0,0,,0,19.9,25.9,7259,False,targets;fum_rec_td,PFR+RULE2PT,19760926-NWE-PIT,False,fum_rec_td,False,True,fum_rec_td,
Russ Francis,1976,4,1976-10-03,False,NWE,OAK,H,W,48,17,,1,1,0,0,0,0,0,0,0,0,,0,0.1,1.1,7259,False,targets;fum_rec_td,PFR+RULE2PT,19761003-OAK-NWE,False,fum_rec_td,False,True,fum_rec_td,
Russ Francis,1976,5,1976-10-10,False,NWE,DET,A,L,10,30,,2,15,0,0,0,0,0,0,0,0,,0,1.5,3.5,7259,False,targets;fum_rec_td,PFR+RULE2PT,19761010-NWE-DET,False,fum_rec_td,False,True,fum_rec_td,
Russ Francis,1976,6,1976-10-18,False,NWE,NYJ,H,W,41,7,,2,41,0,1,8,0,0,0,0,0,,0,4.9,6.9,7259,False,targets;fum_rec_td,PFR+RULE2PT,19761018-NYJ-NWE,False,fum_rec_td,False,True,fum_rec_td,
Russ Francis,1976,7,1976-10-24,False,NWE,BUF,A,W,26,22,,3,41,1,0,0,0,0,0,0,0,,0,10.1,13.1,7259,False,targets;fum_rec_td,PFR+RULE2PT,19761024-NWE-BUF,False,fum_rec_td,False,True,fum_rec_td,
Russ Francis,1976,8,1976-10-31,False,NWE,MIA,A,L,3,10,,4,47,0,0,0,0,0,0,0,0,,0,4.7,8.7,7259,False,targets;fum_rec_td,PFR+RULE2PT,19761031-NWE-MIA,False,fum_rec_td,False,True,fum_rec_td,
Russ Francis,1976,9,1976-11-07,False,NWE,BUF,H,W,20,10,,0,0,0,0,0,0,0,0,0,0,,0,0.0,0.0,7259,False,targets;fum_rec_td,PFR+RULE2PT,19761107-BUF-NWE,False,fum_rec_td,False,True,fum_rec_td,
Russ Francis,1976,10,1976-11-14,False,NWE,BAL,A,W,21,14,,3,52,0,0,0,0,0,0,0,0,,0,5.2,8.2,7259,False,targets;fum_rec_td,PFR+RULE2PT,19761114-NWE-BAL,False,fum_rec_td,False,True,fum_rec_td,
Russ Francis,1976,12,1976-11-28,False,NWE,DEN,H,W,38,14,,1,7,0,0,0,0,0,0,0,0,,0,0.7,1.7,7259,False,targets;fum_rec_td,PFR+RULE2PT,19761128-DEN-NWE,False,fum_rec_td,False,True,fum_rec_td,
Russ Francis,1976,13,1976-12-05,False,NWE,NOR,H,W,27,6,,0,0,0,0,0,0,0,0,0,0,,0,0.0,0.0,7259,False,targets;fum_rec_td,PFR+RULE2PT,19761205-NOR-NWE,False,fum_rec_td,False,True,fum_rec_td,
Russ Francis,1976,14,1976-12-12,False,NWE,TAM,A,W,31,14,,0,0,0,0,0,0,0,0,0,0,,0,0.0,0.0,7259,False,targets;fum_rec_td,PFR+RULE2PT,19761212-NWE-TAM,False,fum_rec_td,False,True,fum_rec_td,
Russ Francis,1976,15,1976-12-18,True,NWE,OAK,A,L,21,24,,4,96,1,0,0,0,0,0,1,0,,0,13.6,17.6,7259,False,targets;fum_rec_td,PFR+RULE2PT,19761218-NWE-OAK,False,fum_rec_td,False,True,fum_rec_td,
Russ Francis,1977,1,1977-09-18,False,NWE,KAN,H,W,21,17,,3,38,0,0,0,0,0,0,0,0,,0,3.8,6.8,7259,False,targets;fum_rec_td,PFR+RULE2PT,19770918-KAN-NWE,False,fum_rec_td,False,True,fum_rec_td,
Russ Francis,1977,2,1977-09-26,False,NWE,CLE,A,L,27,30,,2,34,1,0,0,0,0,0,0,0,,0,9.4,11.4,7259,False,targets;fum_rec_td,PFR+RULE2PT,19770926-NWE-CLE,False,fum_rec_td,False,True,fum_rec_td,
Russ Francis,1977,3,1977-10-02,False,NWE,NYJ,A,L,27,30,,2,45,0,0,0,0,0,0,0,0,,0,4.5,6.5,7259,False,targets;fum_rec_td,PFR+RULE2PT,19771002-NWE-NYJ,False,fum_rec_td,False,True,fum_rec_td,
Russ Francis,1977,4,1977-10-09,False,NWE,SEA,H,W,31,0,,1,1,1,0,0,0,0,0,0,0,,0,6.1,7.1,7259,False,targets;fum_rec_td,PFR+RULE2PT,19771009-SEA-NWE,False,fum_rec_td,False,True,fum_rec_td,
Russ Francis,1977,5,1977-10-16,False,NWE,SDG,A,W,24,20,,1,6,0,0,0,0,0,0,0,0,,0,0.6,1.6,7259,False,targets;fum_rec_td,PFR+RULE2PT,19771016-NWE-SDG,False,fum_rec_td,False,True,fum_rec_td,
Russ Francis,1977,6,1977-10-23,False,NWE,BAL,H,W,17,3,,4,69,1,0,0,0,0,0,0,0,,0,12.9,16.9,7259,False,targets;fum_rec_td,PFR+RULE2PT,19771023-BAL-NWE,False,fum_rec_td,False,True,fum_rec_td,
Russ Francis,1977,7,1977-10-30,False,NWE,NYJ,H,W,24,13,,1,19,0,0,0,0,0,0,0,0,,0,1.9,2.9,7259,False,targets;fum_rec_td,PFR+RULE2PT,19771030-NYJ-NWE,False,fum_rec_td,False,True,fum_rec_td,
Russ Francis,1977,8,1977-11-06,False,NWE,BUF,H,L,14,24,,0,0,0,0,0,0,0,0,0,0,,0,0.0,0.0,7259,False,targets;fum_rec_td,PFR+RULE2PT,19771106-BUF-NWE,False,fum_rec_td,False,True,fum_rec_td,
Russ Francis,1977,13,1977-12-11,False,NWE,MIA,H,W,14,10,,0,0,0,0,0,0,0,0,0,0,,0,0.0,0.0,7259,False,targets;fum_rec_td,PFR+RULE2PT,19771211-MIA-NWE,False,fum_rec_td,False,True,fum_rec_td,
Russ Francis,1977,14,1977-12-18,False,NWE,BAL,A,L,24,30,,2,17,1,0,0,0,0,0,0,0,,0,7.7,9.7,7259,False,targets;fum_rec_td,PFR+RULE2PT,19771218-NWE-BAL,False,fum_rec_td,False,True,fum_rec_td,
Russ Francis,1978,1,1978-09-03,False,NWE,WAS,H,L,14,16,,0,0,0,0,0,0,0,0,0,0,,0,0.0,0.0,7259,False,targets;fum_rec_td,PFR+RULE2PT,19780903-WAS-NWE,False,fum_rec_td,False,True,fum_rec_td,
Russ Francis,1978,2,1978-09-10,False,NWE,STL,A,W,16,6,,6,74,1,0,0,0,0,0,0,0,,0,13.4,19.4,7259,False,targets;fum_rec_td,PFR+RULE2PT,19780910-NWE-STL,False,fum_rec_td,False,True,fum_rec_td,
Russ Francis,1978,4,1978-09-24,False,NWE,OAK,A,W,21,14,,5,126,1,0,0,0,0,0,0,0,,0,18.6,23.6,7259,False,targets;fum_rec_td,PFR+RULE2PT,19780924-NWE-OAK,False,fum_rec_td,False,True,fum_rec_td,
Russ Francis,1978,5,1978-10-01,False,NWE,SDG,H,W,28,23,,5,64,1,0,0,0,0,0,0,0,,0,12.4,17.4,7259,False,targets;fum_rec_td,PFR+RULE2PT,19781001-SDG-NWE,False,fum_rec_td,False,True,fum_rec_td,
Russ Francis,1978,6,1978-10-08,False,NWE,PHI,H,W,24,14,,2,11,0,0,0,0,0,0,0,0,,0,1.1,3.1,7259,False,targets;fum_rec_td,PFR+RULE2PT,19781008-PHI-NWE,False,fum_rec_td,False,True,fum_rec_td,
Russ Francis,1978,7,1978-10-15,False,NWE,CIN,A,W,10,3,,3,42,0,0,0,0,0,0,0,0,,0,4.2,7.2,7259,False,targets;fum_rec_td,PFR+RULE2PT,19781015-NWE-CIN,False,fum_rec_td,False,True,fum_rec_td,
Russ Francis,1978,8,1978-10-22,False,NWE,MIA,H,W,33,24,,1,29,0,0,0,0,0,0,0,0,,0,2.9,3.9,7259,False,targets;fum_rec_td,PFR+RULE2PT,19781022-MIA-NWE,False,fum_rec_td,False,True,fum_rec_td,
Russ Francis,1978,9,1978-10-29,False,NWE,NYJ,H,W,55,21,,4,33,1,0,0,0,0,0,0,0,,0,9.3,13.3,7259,False,targets;fum_rec_td,PFR+RULE2PT,19781029-NYJ-NWE,False,fum_rec_td,False,True,fum_rec_td,
Russ Francis,1978,10,1978-11-05,False,NWE,BUF,A,W,14,10,,2,26,0,0,0,0,0,0,0,0,,0,2.6,4.6,7259,False,targets;fum_rec_td,PFR+RULE2PT,19781105-NWE-BUF,False,fum_rec_td,False,True,fum_rec_td,
Russ Francis,1978,11,1978-11-12,False,NWE,HOU,H,L,23,26,,1,13,0,0,0,0,0,0,0,0,,0,1.3,2.3,7259,False,targets;fum_rec_td,PFR+RULE2PT,19781112-HOU-NWE,False,fum_rec_td,False,True,fum_rec_td,
Russ Francis,1978,12,1978-11-19,False,NWE,NYJ,A,W,19,17,,0,0,0,0,0,0,0,0,0,0,,0,0.0,0.0,7259,False,targets;fum_rec_td,PFR+RULE2PT,19781119-NWE-NYJ,False,fum_rec_td,False,True,fum_rec_td,
Russ Francis,1978,13,1978-11-26,False,NWE,BAL,A,W,35,14,,1,5,0,0,0,0,0,0,0,0,,0,0.5,1.5,7259,False,targets;fum_rec_td,PFR+RULE2PT,19781126-NWE-BAL,False,fum_rec_td,False,True,fum_rec_td,
Russ Francis,1978,14,1978-12-03,False,NWE,DAL,A,L,10,17,,2,34,0,0,0,0,0,0,0,0,,0,3.4,5.4,7259,False,targets;fum_rec_td,PFR+RULE2PT,19781203-NWE-DAL,False,fum_rec_td,False,True,fum_rec_td,
Russ Francis,1978,15,1978-12-10,False,NWE,BUF,H,W,26,24,,3,38,0,0,0,0,0,0,0,0,,0,3.8,6.8,7259,False,targets;fum_rec_td,PFR+RULE2PT,19781210-BUF-NWE,False,fum_rec_td,False,True,fum_rec_td,
Russ Francis,1978,16,1978-12-18,False,NWE,MIA,A,L,3,23,,4,48,0,0,0,0,0,0,0,0,,0,4.8,8.8,7259,False,targets;fum_rec_td,PFR+RULE2PT,19781218-NWE-MIA,False,fum_rec_td,False,True,fum_rec_td,
Russ Francis,1978,17,1978-12-31,True,NWE,HOU,H,L,14,31,,8,101,1,0,0,0,0,0,0,0,,0,16.1,24.1,7259,False,targets;fum_rec_td,PFR+RULE2PT,19781231-HOU-NWE,False,fum_rec_td,False,True,fum_rec_td,
Russ Francis,1979,1,1979-09-03,False,NWE,PIT,H,L,13,16,,5,53,1,0,0,0,0,0,0,0,,0,11.3,16.3,7259,False,targets;fum_rec_td,PFR+RULE2PT,19790903-PIT-NWE,False,fum_rec_td,False,True,fum_rec_td,
Russ Francis,1979,2,1979-09-09,False,NWE,NYJ,H,W,56,3,,5,82,0,0,0,0,0,0,0,0,,0,8.2,13.2,7259,False,targets;fum_rec_td,PFR+RULE2PT,19790909-NYJ-NWE,False,fum_rec_td,False,True,fum_rec_td,
Russ Francis,1979,3,1979-09-16,False,NWE,CIN,A,W,20,14,,0,0,0,0,0,0,0,0,0,0,,0,0.0,0.0,7259,False,targets;fum_rec_td,PFR+RULE2PT,19790916-NWE-CIN,False,fum_rec_td,False,True,fum_rec_td,
Russ Francis,1979,4,1979-09-23,False,NWE,SDG,H,W,27,21,,4,85,1,0,0,0,0,0,0,0,,0,14.5,18.5,7259,False,targets;fum_rec_td,PFR+RULE2PT,19790923-SDG-NWE,False,fum_rec_td,False,True,fum_rec_td,
Russ Francis,1979,5,1979-10-01,False,NWE,GNB,A,L,14,27,,5,88,2,0,0,0,0,0,0,0,,0,20.8,25.8,7259,False,targets;fum_rec_td,PFR+RULE2PT,19791001-NWE-GNB,False,fum_rec_td,False,True,fum_rec_td,
Russ Francis,1979,6,1979-10-07,False,NWE,DET,H,W,24,17,,2,36,0,0,0,0,0,0,0,0,,0,3.6,5.6,7259,False,targets;fum_rec_td,PFR+RULE2PT,19791007-DET-NWE,False,fum_rec_td,False,True,fum_rec_td,
Russ Francis,1979,7,1979-10-14,False,NWE,CHI,A,W,27,7,,4,39,1,0,0,0,0,0,0,0,,0,9.9,13.9,7259,False,targets;fum_rec_td,PFR+RULE2PT,19791014-NWE-CHI,False,fum_rec_td,False,True,fum_rec_td,
Russ Francis,1979,8,1979-10-21,False,NWE,MIA,H,W,28,13,,4,34,0,0,0,0,0,0,0,0,,0,3.4,7.4,7259,False,targets;fum_rec_td,PFR+RULE2PT,19791021-MIA-NWE,False,fum_rec_td,False,True,fum_rec_td,
Russ Francis,1979,11,1979-11-11,False,NWE,DEN,A,L,10,45,,3,16,0,0,0,0,0,0,0,0,,0,1.6,4.6,7259,False,targets;fum_rec_td,PFR+RULE2PT,19791111-NWE-DEN,False,fum_rec_td,False,True,fum_rec_td,
Russ Francis,1979,12,1979-11-18,False,NWE,BAL,H,W,50,21,,2,48,0,0,0,0,0,0,0,0,,0,4.8,6.8,7259,False,targets;fum_rec_td,PFR+RULE2PT,19791118-BAL-NWE,False,fum_rec_td,False,True,fum_rec_td,
Russ Francis,1979,13,1979-11-25,False,NWE,BUF,H,L,13,16,,2,27,0,0,0,0,0,0,0,0,,0,2.7,4.7,7259,False,targets;fum_rec_td,PFR+RULE2PT,19791125-BUF-NWE,False,fum_rec_td,False,True,fum_rec_td,
Russ Francis,1979,14,1979-11-29,False,NWE,MIA,A,L,24,39,,3,49,0,0,0,0,0,0,0,0,,0,4.9,7.9,7259,False,targets;fum_rec_td,PFR+RULE2PT,19791129-NWE-MIA,False,fum_rec_td,False,True,fum_rec_td,
Jerry Smith,1970,1,1970-09-20,False,WAS,SFO,A,L,17,26,,4,55,1,0,0,0,0,0,0,0,,0,11.5,15.5,20656,False,targets;fum_rec_td,PFR+RULE2PT,19700920-WAS-SFO,False,fum_rec_td,False,True,fum_rec_td,
Jerry Smith,1970,2,1970-09-27,False,WAS,STL,A,L,17,27,,2,25,0,0,0,0,0,0,0,0,,0,2.5,4.5,20656,False,targets;fum_rec_td,PFR+RULE2PT,19700927-WAS-STL,False,fum_rec_td,False,True,fum_rec_td,
Jerry Smith,1970,3,1970-10-04,False,WAS,PHI,A,W,33,21,,8,104,1,0,0,0,0,0,0,0,,0,16.4,24.4,20656,False,targets;fum_rec_td,PFR+RULE2PT,19701004-WAS-PHI,False,fum_rec_td,False,True,fum_rec_td,
Jerry Smith,1970,4,1970-10-11,False,WAS,DET,H,W,31,10,,4,65,1,1,9,0,0,0,0,0,,0,13.4,17.4,20656,False,targets;fum_rec_td,PFR+RULE2PT,19701011-DET-WAS,False,fum_rec_td,False,True,fum_rec_td,
Jerry Smith,1970,5,1970-10-19,False,WAS,OAK,A,L,20,34,,4,52,1,0,0,0,0,0,0,0,,0,11.2,15.2,20656,False,targets;fum_rec_td,PFR+RULE2PT,19701019-WAS-OAK,False,fum_rec_td,False,True,fum_rec_td,
Jerry Smith,1970,6,1970-10-25,False,WAS,CIN,H,W,20,0,,3,14,0,0,0,0,0,0,0,0,,0,1.4,4.4,20656,False,targets;fum_rec_td,PFR+RULE2PT,19701025-CIN-WAS,False,fum_rec_td,False,True,fum_rec_td,
Jerry Smith,1970,7,1970-11-01,False,WAS,DEN,A,W,19,3,,3,39,2,0,0,0,0,0,0,0,,0,15.9,18.9,20656,False,targets;fum_rec_td,PFR+RULE2PT,19701101-WAS-DEN,False,fum_rec_td,False,True,fum_rec_td,
Jerry Smith,1970,8,1970-11-08,False,WAS,MIN,H,L,10,19,,3,21,0,0,0,0,0,0,0,0,,0,2.1,5.1,20656,False,targets;fum_rec_td,PFR+RULE2PT,19701108-MIN-WAS,False,fum_rec_td,False,True,fum_rec_td,
Jerry Smith,1970,9,1970-11-15,False,WAS,NYG,A,L,33,35,,1,27,0,0,0,0,0,0,0,0,,0,2.7,3.7,20656,False,targets;fum_rec_td,PFR+RULE2PT,19701115-WAS-NYG,False,fum_rec_td,False,True,fum_rec_td,
Jerry Smith,1970,10,1970-11-22,False,WAS,DAL,H,L,21,45,,4,65,1,0,0,0,0,0,0,0,,0,12.5,16.5,20656,False,targets;fum_rec_td,PFR+RULE2PT,19701122-DAL-WAS,False,fum_rec_td,False,True,fum_rec_td,
Jerry Smith,1970,11,1970-11-29,False,WAS,NYG,H,L,24,27,,2,23,0,0,0,0,0,0,0,0,,0,2.3,4.3,20656,False,targets;fum_rec_td,PFR+RULE2PT,19701129-NYG-WAS,False,fum_rec_td,False,True,fum_rec_td,
Jerry Smith,1970,12,1970-12-06,False,WAS,DAL,A,L,0,34,,2,36,0,0,0,0,0,0,0,0,,0,3.6,5.6,20656,False,targets;fum_rec_td,PFR+RULE2PT,19701206-WAS-DAL,False,fum_rec_td,False,True,fum_rec_td,
Jerry Smith,1970,13,1970-12-13,False,WAS,PHI,H,W,24,6,,0,0,0,0,0,0,0,0,0,0,,0,0.0,0.0,20656,False,targets;fum_rec_td,PFR+RULE2PT,19701213-PHI-WAS,False,fum_rec_td,False,True,fum_rec_td,
Jerry Smith,1970,14,1970-12-20,False,WAS,STL,H,W,28,27,,3,49,2,1,20,0,0,0,0,0,,0,18.9,21.9,20656,False,targets;fum_rec_td,PFR+RULE2PT,19701220-STL-WAS,False,fum_rec_td,False,True,fum_rec_td,
Jerry Smith,1971,1,1971-09-19,False,WAS,STL,A,W,24,17,,2,35,1,1,5,0,0,0,0,0,,0,10.0,12.0,20656,False,targets;fum_rec_td,PFR+RULE2PT,19710919-WAS-STL,False,fum_rec_td,False,True,fum_rec_td,
Jerry Smith,1971,2,1971-09-26,False,WAS,NYG,A,W,30,3,,5,61,0,0,0,0,0,0,0,0,,0,6.1,11.1,20656,False,targets;fum_rec_td,PFR+RULE2PT,19710926-WAS-NYG,False,fum_rec_td,False,True,fum_rec_td,
Jerry Smith,1971,3,1971-10-03,False,WAS,DAL,A,W,20,16,,1,10,0,0,0,0,0,0,0,0,,0,1.0,2.0,20656,False,targets;fum_rec_td,PFR+RULE2PT,19711003-WAS-DAL,False,fum_rec_td,False,True,fum_rec_td,
Jerry Smith,1971,4,1971-10-10,False,WAS,HOU,H,W,22,13,,1,18,0,0,0,0,0,0,0,0,,0,1.8,2.8,20656,False,targets;fum_rec_td,PFR+RULE2PT,19711010-HOU-WAS,False,fum_rec_td,False,True,fum_rec_td,
Jerry Smith,1971,6,1971-10-24,False,WAS,KAN,A,L,20,27,,1,12,0,0,0,0,0,0,0,0,,0,1.2,2.2,20656,False,targets;fum_rec_td,PFR+RULE2PT,19711024-WAS-KAN,False,fum_rec_td,False,True,fum_rec_td,
Jerry Smith,1971,12,1971-12-05,False,WAS,NYG,H,W,23,7,,1,27,0,0,0,0,0,0,0,0,,0,2.7,3.7,20656,False,targets;fum_rec_td,PFR+RULE2PT,19711205-NYG-WAS,False,fum_rec_td,False,True,fum_rec_td,
Jerry Smith,1971,13,1971-12-13,False,WAS,RAM,A,W,38,24,,2,37,0,0,0,0,0,0,0,0,,0,3.7,5.7,20656,False,targets;fum_rec_td,PFR+RULE2PT,19711213-WAS-RAM,False,fum_rec_td,False,True,fum_rec_td,
Jerry Smith,1971,14,1971-12-19,False,WAS,CLE,H,L,13,20,,3,27,0,0,0,0,0,0,0,0,,0,2.7,5.7,20656,False,targets;fum_rec_td,PFR+RULE2PT,19711219-CLE-WAS,False,fum_rec_td,False,True,fum_rec_td,
Jerry Smith,1971,15,1971-12-26,True,WAS,SFO,A,L,20,24,,3,32,1,0,0,0,0,0,0,0,,0,9.2,12.2,20656,False,targets;fum_rec_td,PFR+RULE2PT,19711226-WAS-SFO,False,fum_rec_td,False,True,fum_rec_td,
Jerry Smith,1972,1,1972-09-18,False,WAS,MIN,A,W,24,21,,0,0,0,0,0,0,0,0,0,0,,0,0.0,0.0,20656,False,targets;fum_rec_td,PFR+RULE2PT,19720918-WAS-MIN,False,fum_rec_td,False,True,fum_rec_td,
Jerry Smith,1972,2,1972-09-24,False,WAS,STL,H,W,24,10,,2,11,2,0,0,0,0,0,0,0,,0,13.1,15.1,20656,False,targets;fum_rec_td,PFR+RULE2PT,19720924-STL-WAS,False,fum_rec_td,False,True,fum_rec_td,
Jerry Smith,1972,3,1972-10-01,False,WAS,NWE,A,L,23,24,,1,9,1,0,0,0,0,0,0,0,,0,6.9,7.9,20656,False,targets;fum_rec_td,PFR+RULE2PT,19721001-WAS-NWE,False,fum_rec_td,False,True,fum_rec_td,
Jerry Smith,1972,4,1972-10-08,False,WAS,PHI,H,W,14,0,,3,83,0,0,0,0,0,0,0,0,,0,8.3,11.3,20656,False,targets;fum_rec_td,PFR+RULE2PT,19721008-PHI-WAS,False,fum_rec_td,False,True,fum_rec_td,
Jerry Smith,1972,5,1972-10-15,False,WAS,STL,A,W,33,3,,1,24,0,0,0,0,0,0,0,0,,0,2.4,3.4,20656,False,targets;fum_rec_td,PFR+RULE2PT,19721015-WAS-STL,False,fum_rec_td,False,True,fum_rec_td,
Jerry Smith,1972,6,1972-10-22,False,WAS,DAL,H,W,24,20,,1,28,0,0,0,0,0,0,0,0,,0,2.8,3.8,20656,False,targets;fum_rec_td,PFR+RULE2PT,19721022-DAL-WAS,False,fum_rec_td,False,True,fum_rec_td,
Jerry Smith,1972,7,1972-10-29,False,WAS,NYG,A,W,23,16,,3,26,1,0,0,0,0,0,0,0,,0,8.6,11.6,20656,False,targets;fum_rec_td,PFR+RULE2PT,19721029-WAS-NYG,False,fum_rec_td,False,True,fum_rec_td,
Jerry Smith,1972,8,1972-11-05,False,WAS,NYJ,A,W,35,17,,0,0,0,0,0,0,0,0,0,0,,0,0.0,0.0,20656,False,targets;fum_rec_td,PFR+RULE2PT,19721105-WAS-NYJ,False,fum_rec_td,False,True,fum_rec_td,
Jerry Smith,1972,9,1972-11-12,False,WAS,NYG,H,W,27,13,,4,74,1,0,0,0,0,0,0,0,,0,13.4,17.4,20656,False,targets;fum_rec_td,PFR+RULE2PT,19721112-NYG-WAS,False,fum_rec_td,False,True,fum_rec_td,
Jerry Smith,1972,10,1972-11-20,False,WAS,ATL,H,W,24,13,,1,12,1,0,0,0,0,0,0,0,,0,7.2,8.2,20656,False,targets;fum_rec_td,PFR+RULE2PT,19721120-ATL-WAS,False,fum_rec_td,False,True,fum_rec_td,
Jerry Smith,1972,11,1972-11-26,False,WAS,GNB,H,W,21,16,,2,38,1,0,0,0,0,0,0,0,,0,9.8,11.8,20656,False,targets;fum_rec_td,PFR+RULE2PT,19721126-GNB-WAS,False,fum_rec_td,False,True,fum_rec_td,
Jerry Smith,1972,12,1972-12-03,False,WAS,PHI,A,W,23,7,,1,13,0,1,9,0,0,0,0,0,,0,2.2,3.2,20656,False,targets;fum_rec_td,PFR+RULE2PT,19721203-WAS-PHI,False,fum_rec_td,False,True,fum_rec_td,
Jerry Smith,1972,13,1972-12-09,False,WAS,DAL,A,L,24,34,,2,35,0,0,0,0,0,0,0,0,,0,3.5,5.5,20656,False,targets;fum_rec_td,PFR+RULE2PT,19721209-WAS-DAL,False,fum_rec_td,False,True,fum_rec_td,
Jerry Smith,1972,14,1972-12-17,False,WAS,BUF,H,L,17,24,,0,0,0,0,0,0,0,0,0,0,,0,0.0,0.0,20656,False,targets;fum_rec_td,PFR+RULE2PT,19721217-BUF-WAS,False,fum_rec_td,False,True,fum_rec_td,
Jerry Smith,1972,15,1972-12-24,True,WAS,GNB,H,W,16,3,,0,0,0,0,0,0,0,0,0,0,,0,0.0,0.0,20656,False,targets;fum_rec_td,PFR+RULE2PT,19721224-GNB-WAS,False,fum_rec_td,False,True,fum_rec_td,
Jerry Smith,1972,16,1972-12-31,True,WAS,DAL,H,W,26,3,,0,0,0,0,0,0,0,0,0,0,,0,0.0,0.0,20656,False,targets;fum_rec_td,PFR+RULE2PT,19721231-DAL-WAS,False,fum_rec_td,False,True,fum_rec_td,
Jerry Smith,1972,17,1973-01-14,True,WAS,MIA,N,L,7,14,,1,11,0,1,6,0,0,0,0,0,,0,1.7,2.7,20656,False,targets;fum_rec_td,PFR+RULE2PT,19730114-MIA-WAS-N,False,fum_rec_td,False,True,fum_rec_td,
Jerry Smith,1973,2,1973-09-23,False,WAS,STL,A,L,27,34,,0,0,0,0,0,0,0,0,0,0,,0,0.0,0.0,20656,False,targets;fum_rec_td,PFR+RULE2PT,19730923-WAS-STL,False,fum_rec_td,False,True,fum_rec_td,
Jerry Smith,1973,3,1973-09-30,False,WAS,PHI,A,W,28,7,,0,0,0,0,0,0,0,0,0,0,,0,0.0,0.0,20656,False,targets;fum_rec_td,PFR+RULE2PT,19730930-WAS-PHI,False,fum_rec_td,False,True,fum_rec_td,
Jerry Smith,1973,4,1973-10-08,False,WAS,DAL,H,W,14,7,,0,0,0,0,0,0,0,0,0,0,,0,0.0,0.0,20656,False,targets;fum_rec_td,PFR+RULE2PT,19731008-DAL-WAS,False,fum_rec_td,False,True,fum_rec_td,
Jerry Smith,1973,5,1973-10-14,False,WAS,NYG,A,W,21,3,,0,0,0,0,0,0,0,0,0,0,,0,0.0,0.0,20656,False,targets;fum_rec_td,PFR+RULE2PT,19731014-WAS-NYG,False,fum_rec_td,False,True,fum_rec_td,
Jerry Smith,1973,6,1973-10-21,False,WAS,STL,H,W,31,13,,1,25,0,0,0,0,0,0,0,0,,0,2.5,3.5,20656,False,targets;fum_rec_td,PFR+RULE2PT,19731021-STL-WAS,False,fum_rec_td,False,True,fum_rec_td,
Jerry Smith,1973,7,1973-10-28,False,WAS,NOR,A,L,3,19,,3,41,0,0,0,0,0,0,0,0,,0,4.1,7.1,20656,False,targets;fum_rec_td,PFR+RULE2PT,19731028-WAS-NOR,False,fum_rec_td,False,True,fum_rec_td,
Jerry Smith,1973,8,1973-11-05,False,WAS,PIT,A,L,16,21,,4,34,0,0,0,0,0,0,0,0,,0,3.4,7.4,20656,False,targets;fum_rec_td,PFR+RULE2PT,19731105-WAS-PIT,False,fum_rec_td,False,True,fum_rec_td,
Jerry Smith,1973,9,1973-11-11,False,WAS,SFO,H,W,33,9,,1,11,0,0,0,0,0,0,0,0,,0,1.1,2.1,20656,False,targets;fum_rec_td,PFR+RULE2PT,19731111-SFO-WAS,False,fum_rec_td,False,True,fum_rec_td,
Jerry Smith,1973,10,1973-11-18,False,WAS,BAL,H,W,22,14,,3,38,0,0,0,0,0,0,0,0,,0,3.8,6.8,20656,False,targets;fum_rec_td,PFR+RULE2PT,19731118-BAL-WAS,False,fum_rec_td,False,True,fum_rec_td,
Jerry Smith,1973,11,1973-11-22,False,WAS,DET,A,W,20,0,,1,9,0,0,0,0,0,0,0,0,,0,0.9,1.9,20656,False,targets;fum_rec_td,PFR+RULE2PT,19731122-WAS-DET,False,fum_rec_td,False,True,fum_rec_td,
Jerry Smith,1973,12,1973-12-02,False,WAS,NYG,H,W,27,24,,4,40,0,0,0,0,0,0,0,0,,0,4.0,8.0,20656,False,targets;fum_rec_td,PFR+RULE2PT,19731202-NYG-WAS,False,fum_rec_td,False,True,fum_rec_td,
Jerry Smith,1973,13,1973-12-09,False,WAS,DAL,A,L,7,27,,1,7,0,0,0,0,0,0,0,0,,0,0.7,1.7,20656,False,targets;fum_rec_td,PFR+RULE2PT,19731209-WAS-DAL,False,fum_rec_td,False,True,fum_rec_td,
Jerry Smith,1973,14,1973-12-16,False,WAS,PHI,H,W,38,20,,1,10,0,0,0,0,0,0,0,0,,0,1.0,2.0,20656,False,targets;fum_rec_td,PFR+RULE2PT,19731216-PHI-WAS,False,fum_rec_td,False,True,fum_rec_td,
Jerry Smith,1973,15,1973-12-22,True,WAS,MIN,A,L,20,27,,0,0,0,0,0,0,0,0,0,0,,0,0.0,0.0,20656,False,targets;fum_rec_td,PFR+RULE2PT,19731222-WAS-MIN,False,fum_rec_td,False,True,fum_rec_td,
Jerry Smith,1974,1,1974-09-15,False,WAS,NYG,A,W,13,10,,2,41,0,0,0,0,0,0,0,0,,0,4.1,6.1,20656,False,targets;fum_rec_td,PFR+RULE2PT,19740915-WAS-NYG,False,fum_rec_td,False,True,fum_rec_td,
Jerry Smith,1974,2,1974-09-22,False,WAS,STL,H,L,10,17,,4,54,0,1,5,0,0,0,0,0,,0,5.9,9.9,20656,False,targets;fum_rec_td,PFR+RULE2PT,19740922-STL-WAS,False,fum_rec_td,False,True,fum_rec_td,
Jerry Smith,1974,3,1974-09-30,False,WAS,DEN,H,W,30,3,,1,24,0,0,0,0,0,0,0,0,,0,2.4,3.4,20656,False,targets;fum_rec_td,PFR+RULE2PT,19740930-DEN-WAS,False,fum_rec_td,False,True,fum_rec_td,
Jerry Smith,1974,4,1974-10-06,False,WAS,CIN,A,L,17,28,,6,90,1,0,0,0,0,0,0,0,,0,15.0,21.0,20656,False,targets;fum_rec_td,PFR+RULE2PT,19741006-WAS-CIN,False,fum_rec_td,False,True,fum_rec_td,
Jerry Smith,1974,5,1974-10-13,False,WAS,MIA,H,W,20,17,,2,26,0,0,0,0,0,0,0,0,,0,2.6,4.6,20656,False,targets;fum_rec_td,PFR+RULE2PT,19741013-MIA-WAS,False,fum_rec_td,False,True,fum_rec_td,
Jerry Smith,1974,6,1974-10-20,False,WAS,NYG,H,W,24,3,,2,33,0,0,0,0,0,0,0,0,,0,3.3,5.3,20656,False,targets;fum_rec_td,PFR+RULE2PT,19741020-NYG-WAS,False,fum_rec_td,False,True,fum_rec_td,
Jerry Smith,1974,7,1974-10-27,False,WAS,STL,A,L,20,23,,5,40,0,0,0,0,0,0,0,0,,0,4.0,9.0,20656,False,targets;fum_rec_td,PFR+RULE2PT,19741027-WAS-STL,False,fum_rec_td,False,True,fum_rec_td,
Jerry Smith,1974,8,1974-11-03,False,WAS,GNB,A,W,17,6,,2,13,0,0,0,0,0,0,0,0,,0,1.3,3.3,20656,False,targets;fum_rec_td,PFR+RULE2PT,19741103-WAS-GNB,False,fum_rec_td,False,True,fum_rec_td,
Jerry Smith,1974,9,1974-11-10,False,WAS,PHI,A,W,27,20,,1,20,0,0,0,0,0,0,0,0,,0,2.0,3.0,20656,False,targets;fum_rec_td,PFR+RULE2PT,19741110-WAS-PHI,False,fum_rec_td,False,True,fum_rec_td,
Jerry Smith,1974,10,1974-11-17,False,WAS,DAL,H,W,28,21,,2,26,0,0,0,0,0,0,0,0,,0,2.6,4.6,20656,False,targets;fum_rec_td,PFR+RULE2PT,19741117-DAL-WAS,False,fum_rec_td,False,True,fum_rec_td,
Jerry Smith,1974,11,1974-11-24,False,WAS,PHI,H,W,26,7,,3,38,1,0,0,0,0,0,0,0,,0,9.8,12.8,20656,False,targets;fum_rec_td,PFR+RULE2PT,19741124-PHI-WAS,False,fum_rec_td,False,True,fum_rec_td,
Jerry Smith,1974,12,1974-11-28,False,WAS,DAL,A,L,23,24,,1,16,0,0,0,0,0,0,0,0,,0,1.6,2.6,20656,False,targets;fum_rec_td,PFR+RULE2PT,19741128-WAS-DAL,False,fum_rec_td,False,True,fum_rec_td,
Jerry Smith,1974,13,1974-12-09,False,WAS,RAM,A,W,23,17,,6,71,1,0,0,0,0,0,0,0,,0,13.1,19.1,20656,False,targets;fum_rec_td,PFR+RULE2PT,19741209-WAS-RAM,False,fum_rec_td,False,True,fum_rec_td,
Jerry Smith,1974,14,1974-12-15,False,WAS,CHI,H,W,42,0,,7,62,0,0,0,0,0,0,0,0,,0,6.2,13.2,20656,False,targets;fum_rec_td,PFR+RULE2PT,19741215-CHI-WAS,False,fum_rec_td,False,True,fum_rec_td,
Jerry Smith,1974,15,1974-12-22,True,WAS,RAM,A,L,10,19,,2,35,0,0,0,0,0,0,0,0,,0,3.5,5.5,20656,False,targets;fum_rec_td,PFR+RULE2PT,19741222-WAS-RAM,False,fum_rec_td,False,True,fum_rec_td,
Jerry Smith,1975,1,1975-09-21,False,WAS,NOR,H,W,41,3,,1,14,1,0,0,0,0,0,0,0,,0,7.4,8.4,20656,False,targets;fum_rec_td,PFR+RULE2PT,19750921-NOR-WAS,False,fum_rec_td,False,True,fum_rec_td,
Jerry Smith,1975,2,1975-09-28,False,WAS,NYG,H,W,49,13,,1,12,0,0,0,0,0,0,0,0,,0,1.2,2.2,20656,False,targets;fum_rec_td,PFR+RULE2PT,19750928-NYG-WAS,False,fum_rec_td,False,True,fum_rec_td,
Jerry Smith,1975,3,1975-10-05,False,WAS,PHI,A,L,10,26,,2,11,0,0,0,0,0,0,0,0,,0,1.1,3.1,20656,False,targets;fum_rec_td,PFR+RULE2PT,19751005-WAS-PHI,False,fum_rec_td,False,True,fum_rec_td,
Jerry Smith,1975,4,1975-10-13,False,WAS,STL,H,W,27,17,,5,49,0,0,0,0,0,0,0,0,,0,4.9,9.9,20656,False,targets;fum_rec_td,PFR+RULE2PT,19751013-STL-WAS,False,fum_rec_td,False,True,fum_rec_td,
Jerry Smith,1975,5,1975-10-19,False,WAS,HOU,A,L,10,13,,0,0,0,0,0,0,0,0,0,0,,0,0.0,0.0,20656,False,targets;fum_rec_td,PFR+RULE2PT,19751019-WAS-HOU,False,fum_rec_td,False,True,fum_rec_td,
Jerry Smith,1975,6,1975-10-26,False,WAS,CLE,A,W,23,7,,2,23,0,0,0,0,0,0,0,0,,0,2.3,4.3,20656,False,targets;fum_rec_td,PFR+RULE2PT,19751026-WAS-CLE,False,fum_rec_td,False,True,fum_rec_td,
Jerry Smith,1975,7,1975-11-02,False,WAS,DAL,H,W,30,24,,4,63,1,0,0,0,0,0,0,0,,0,12.3,16.3,20656,False,targets;fum_rec_td,PFR+RULE2PT,19751102-DAL-WAS,False,fum_rec_td,False,True,fum_rec_td,
Jerry Smith,1975,8,1975-11-09,False,WAS,NYG,A,W,21,13,,3,46,0,0,0,0,0,0,0,0,,0,4.6,7.6,20656,False,targets;fum_rec_td,PFR+RULE2PT,19751109-WAS-NYG,False,fum_rec_td,False,True,fum_rec_td,
Jerry Smith,1975,9,1975-11-16,False,WAS,STL,A,L,17,20,,2,41,0,0,0,0,0,0,0,0,,0,4.1,6.1,20656,False,targets;fum_rec_td,PFR+RULE2PT,19751116-WAS-STL,False,fum_rec_td,False,True,fum_rec_td,
Jerry Smith,1975,10,1975-11-23,False,WAS,OAK,H,L,23,26,,5,55,0,0,0,0,0,0,0,0,,0,5.5,10.5,20656,False,targets;fum_rec_td,PFR+RULE2PT,19751123-OAK-WAS,False,fum_rec_td,False,True,fum_rec_td,
Jerry Smith,1975,11,1975-11-30,False,WAS,MIN,H,W,31,30,,0,0,0,0,0,0,0,0,0,0,,0,0.0,0.0,20656,False,targets;fum_rec_td,PFR+RULE2PT,19751130-MIN-WAS,False,fum_rec_td,False,True,fum_rec_td,
Jerry Smith,1975,12,1975-12-07,False,WAS,ATL,A,W,30,27,,2,29,1,0,0,0,0,0,0,0,,0,8.9,10.9,20656,False,targets;fum_rec_td,PFR+RULE2PT,19751207-WAS-ATL,False,fum_rec_td,False,True,fum_rec_td,
Jerry Smith,1975,13,1975-12-13,False,WAS,DAL,A,L,10,31,,3,36,0,0,0,0,0,0,0,0,,0,3.6,6.6,20656,False,targets;fum_rec_td,PFR+RULE2PT,19751213-WAS-DAL,False,fum_rec_td,False,True,fum_rec_td,
Jerry Smith,1975,14,1975-12-21,False,WAS,PHI,H,L,3,26,,1,12,0,0,0,0,0,0,0,0,,0,1.2,2.2,20656,False,targets;fum_rec_td,PFR+RULE2PT,19751221-PHI-WAS,False,fum_rec_td,False,True,fum_rec_td,
Jerry Smith,1976,1,1976-09-12,False,WAS,NYG,H,W,19,17,,0,0,0,0,0,0,0,0,0,0,,0,0.0,0.0,20656,False,targets;fum_rec_td,PFR+RULE2PT,19760912-NYG-WAS,False,fum_rec_td,False,True,fum_rec_td,
Jerry Smith,1976,2,1976-09-19,False,WAS,SEA,H,W,31,7,,0,0,0,0,0,0,0,0,0,0,,0,0.0,0.0,20656,False,targets;fum_rec_td,PFR+RULE2PT,19760919-SEA-WAS,False,fum_rec_td,False,True,fum_rec_td,
Jerry Smith,1976,3,1976-09-27,False,WAS,PHI,A,W,20,17,,0,0,0,0,0,0,0,0,0,0,,0,0.0,0.0,20656,False,targets;fum_rec_td,PFR+RULE2PT,19760927-WAS-PHI,False,fum_rec_td,False,True,fum_rec_td,
Jerry Smith,1976,4,1976-10-03,False,WAS,CHI,A,L,7,33,,2,15,1,0,0,0,0,0,0,0,,0,7.5,9.5,20656,False,targets;fum_rec_td,PFR+RULE2PT,19761003-WAS-CHI,False,fum_rec_td,False,True,fum_rec_td,
Jerry Smith,1976,5,1976-10-10,False,WAS,KAN,H,L,30,33,,3,34,1,0,0,0,0,0,0,0,,0,9.4,12.4,20656,False,targets;fum_rec_td,PFR+RULE2PT,19761010-KAN-WAS,False,fum_rec_td,False,True,fum_rec_td,
Jerry Smith,1976,6,1976-10-17,False,WAS,DET,H,W,20,7,,1,15,0,0,0,0,0,0,0,0,,0,1.5,2.5,20656,False,targets;fum_rec_td,PFR+RULE2PT,19761017-DET-WAS,False,fum_rec_td,False,True,fum_rec_td,
Jerry Smith,1976,7,1976-10-25,False,WAS,STL,H,W,20,10,,0,0,0,0,0,0,0,0,0,0,,0,0.0,0.0,20656,False,targets;fum_rec_td,PFR+RULE2PT,19761025-STL-WAS,False,fum_rec_td,False,True,fum_rec_td,
Jerry Smith,1976,8,1976-10-31,False,WAS,DAL,H,L,7,20,,0,0,0,0,0,0,0,0,0,0,,0,0.0,0.0,20656,False,targets;fum_rec_td,PFR+RULE2PT,19761031-DAL-WAS,False,fum_rec_td,False,True,fum_rec_td,
Jerry Smith,1976,10,1976-11-14,False,WAS,NYG,A,L,9,12,,0,0,0,0,0,0,0,0,0,0,,0,0.0,0.0,20656,False,targets;fum_rec_td,PFR+RULE2PT,19761114-WAS-NYG,False,fum_rec_td,False,True,fum_rec_td,
Jerry Smith,1976,11,1976-11-21,False,WAS,STL,A,W,16,10,,0,0,0,0,0,0,0,0,0,0,,0,0.0,0.0,20656,False,targets;fum_rec_td,PFR+RULE2PT,19761121-WAS-STL,False,fum_rec_td,False,True,fum_rec_td,
Jerry Smith,1976,12,1976-11-28,False,WAS,PHI,H,W,24,0,,0,0,0,0,0,0,0,0,0,0,,0,0.0,0.0,20656,False,targets;fum_rec_td,PFR+RULE2PT,19761128-PHI-WAS,False,fum_rec_td,False,True,fum_rec_td,
Jerry Smith,1976,13,1976-12-05,False,WAS,NYJ,A,W,37,16,,1,11,0,0,0,0,0,0,0,0,,0,1.1,2.1,20656,False,targets;fum_rec_td,PFR+RULE2PT,19761205-WAS-NYJ,False,fum_rec_td,False,True,fum_rec_td,
Jerry Smith,1976,14,1976-12-12,False,WAS,DAL,A,W,27,14,,0,0,0,0,0,0,0,0,0,0,,0,0.0,0.0,20656,False,targets;fum_rec_td,PFR+RULE2PT,19761212-WAS-DAL,False,fum_rec_td,False,True,fum_rec_td,
Jerry Smith,1976,15,1976-12-18,True,WAS,MIN,A,L,20,35,,1,30,0,0,0,0,0,0,0,0,,0,3.0,4.0,20656,False,targets;fum_rec_td,PFR+RULE2PT,19761218-WAS-MIN,False,fum_rec_td,False,True,fum_rec_td,
Jerry Smith,1977,2,1977-09-25,False,WAS,ATL,H,W,10,6,,1,6,0,0,0,0,0,0,0,0,,0,0.6,1.6,20656,False,targets;fum_rec_td,PFR+RULE2PT,19770925-ATL-WAS,False,fum_rec_td,False,True,fum_rec_td,
Jerry Smith,1977,3,1977-10-02,False,WAS,STL,H,W,24,14,,0,0,0,0,0,0,0,0,0,0,,0,0.0,0.0,20656,False,targets;fum_rec_td,PFR+RULE2PT,19771002-STL-WAS,False,fum_rec_td,False,True,fum_rec_td,
Jerry Smith,1977,5,1977-10-16,False,WAS,DAL,A,L,16,34,,0,0,0,0,0,0,0,0,0,0,,0,0.0,0.0,20656,False,targets;fum_rec_td,PFR+RULE2PT,19771016-WAS-DAL,False,fum_rec_td,False,True,fum_rec_td,
Jerry Smith,1977,6,1977-10-23,False,WAS,NYG,H,L,6,17,,0,0,0,0,0,0,0,0,0,0,,0,0.0,0.0,20656,False,targets;fum_rec_td,PFR+RULE2PT,19771023-NYG-WAS,False,fum_rec_td,False,True,fum_rec_td,
Jerry Smith,1977,7,1977-10-30,False,WAS,PHI,H,W,23,17,,0,0,0,0,0,0,0,0,0,0,,0,0.0,0.0,20656,False,targets;fum_rec_td,PFR+RULE2PT,19771030-PHI-WAS,False,fum_rec_td,False,True,fum_rec_td,
Jerry Smith,1977,9,1977-11-13,False,WAS,PHI,A,W,17,14,,0,0,0,0,0,0,0,0,0,0,,0,0.0,0.0,20656,False,targets;fum_rec_td,PFR+RULE2PT,19771113-WAS-PHI,False,fum_rec_td,False,True,fum_rec_td,
Jerry Smith,1977,10,1977-11-21,False,WAS,GNB,H,W,10,9,,0,0,0,0,0,0,0,0,0,0,,0,0.0,0.0,20656,False,targets;fum_rec_td,PFR+RULE2PT,19771121-GNB-WAS,False,fum_rec_td,False,True,fum_rec_td,
Jerry Smith,1977,11,1977-11-27,False,WAS,DAL,H,L,7,14,,0,0,0,0,0,0,0,0,0,0,,0,0.0,0.0,20656,False,targets;fum_rec_td,PFR+RULE2PT,19771127-DAL-WAS,False,fum_rec_td,False,True,fum_rec_td,
Jerry Smith,1977,12,1977-12-04,False,WAS,BUF,A,W,10,0,,0,0,0,0,0,0,0,0,0,0,,0,0.0,0.0,20656,False,targets;fum_rec_td,PFR+RULE2PT,19771204-WAS-BUF,False,fum_rec_td,False,True,fum_rec_td,
Rich Caster,1970,1,1970-09-21,False,NYJ,CLE,A,L,21,31,,1,19,0,0,0,0,0,0,0,0,,0,1.9,2.9,3662,False,targets;fum_rec_td,PFR+RULE2PT,19700921-NYJ-CLE,False,fum_rec_td,False,True,fum_rec_td,
Rich Caster,1970,2,1970-09-27,False,NYJ,BOS,A,W,31,21,,1,13,0,0,0,0,0,0,0,0,,0,1.3,2.3,3662,False,targets;fum_rec_td,PFR+RULE2PT,19700927-NYJ-BOS,False,fum_rec_td,False,True,fum_rec_td,
Rich Caster,1970,3,1970-10-04,False,NYJ,BUF,A,L,31,34,,4,138,1,0,0,0,0,0,0,0,,0,19.8,23.8,3662,False,targets;fum_rec_td,PFR+RULE2PT,19701004-NYJ-BUF,False,fum_rec_td,False,True,fum_rec_td,
Rich Caster,1970,4,1970-10-10,False,NYJ,MIA,H,L,6,20,,3,53,0,0,0,0,0,0,0,0,,0,5.3,8.3,3662,False,targets;fum_rec_td,PFR+RULE2PT,19701010-MIA-NYJ,False,fum_rec_td,False,True,fum_rec_td,
Rich Caster,1970,5,1970-10-18,False,NYJ,BAL,H,L,22,29,,0,0,0,0,0,0,0,0,0,0,,0,0.0,0.0,3662,False,targets;fum_rec_td,PFR+RULE2PT,19701018-BAL-NYJ,False,fum_rec_td,False,True,fum_rec_td,
Rich Caster,1970,6,1970-10-25,False,NYJ,BUF,H,L,6,10,,0,0,0,0,0,0,0,0,0,0,,0,0.0,0.0,3662,False,targets;fum_rec_td,PFR+RULE2PT,19701025-BUF-NYJ,False,fum_rec_td,False,True,fum_rec_td,
Rich Caster,1970,7,1970-11-01,False,NYJ,NYG,H,L,10,22,,0,0,0,0,0,0,0,0,0,0,,0,0.0,0.0,3662,False,targets;fum_rec_td,PFR+RULE2PT,19701101-NYG-NYJ,False,fum_rec_td,False,True,fum_rec_td,
Rich Caster,1970,8,1970-11-08,False,NYJ,PIT,A,L,17,21,,0,0,0,0,0,0,0,0,0,0,,0,0.0,0.0,3662,False,targets;fum_rec_td,PFR+RULE2PT,19701108-NYJ-PIT,False,fum_rec_td,False,True,fum_rec_td,
Rich Caster,1970,9,1970-11-15,False,NYJ,RAM,A,W,31,20,,1,29,1,0,0,0,0,0,0,0,,0,8.9,9.9,3662,False,targets;fum_rec_td,PFR+RULE2PT,19701115-NYJ-RAM,False,fum_rec_td,False,True,fum_rec_td,
Rich Caster,1970,10,1970-11-22,False,NYJ,BOS,H,W,17,3,,0,0,0,0,0,0,0,0,0,0,,0,0.0,0.0,3662,False,targets;fum_rec_td,PFR+RULE2PT,19701122-BOS-NYJ,False,fum_rec_td,False,True,fum_rec_td,
Rich Caster,1970,11,1970-11-29,False,NYJ,MIN,H,W,20,10,,0,0,0,0,0,0,0,0,0,0,,0,0.0,0.0,3662,False,targets;fum_rec_td,PFR+RULE2PT,19701129-MIN-NYJ,False,fum_rec_td,False,True,fum_rec_td,
Rich Caster,1970,12,1970-12-06,False,NYJ,OAK,H,L,13,14,,4,57,0,0,0,0,0,0,0,0,,0,5.7,9.7,3662,False,targets;fum_rec_td,PFR+RULE2PT,19701206-OAK-NYJ,False,fum_rec_td,False,True,fum_rec_td,
Rich Caster,1970,13,1970-12-13,False,NYJ,MIA,A,L,10,16,,1,13,0,0,0,0,0,0,0,0,,0,1.3,2.3,3662,False,targets;fum_rec_td,PFR+RULE2PT,19701213-NYJ-MIA,False,fum_rec_td,False,True,fum_rec_td,
Rich Caster,1970,14,1970-12-19,False,NYJ,BAL,A,L,20,35,,4,71,1,0,0,0,0,0,0,0,,0,13.1,17.1,3662,False,targets;fum_rec_td,PFR+RULE2PT,19701219-NYJ-BAL,False,fum_rec_td,False,True,fum_rec_td,
Rich Caster,1971,1,1971-09-19,False,NYJ,BAL,A,L,0,22,,0,0,0,0,0,0,0,0,0,0,,0,0.0,0.0,3662,False,targets;fum_rec_td,PFR+RULE2PT,19710919-NYJ-BAL,False,fum_rec_td,False,True,fum_rec_td,
Rich Caster,1971,2,1971-09-27,False,NYJ,STL,A,L,10,17,,3,37,0,0,0,0,0,0,0,0,,0,3.7,6.7,3662,False,targets;fum_rec_td,PFR+RULE2PT,19710927-NYJ-STL,False,fum_rec_td,False,True,fum_rec_td,
Rich Caster,1971,3,1971-10-03,False,NYJ,MIA,A,W,14,10,,3,54,0,0,0,0,0,0,0,0,,0,5.4,8.4,3662,False,targets;fum_rec_td,PFR+RULE2PT,19711003-NYJ-MIA,False,fum_rec_td,False,True,fum_rec_td,
Rich Caster,1971,4,1971-10-10,False,NYJ,NWE,A,L,0,20,,1,10,0,0,0,0,0,0,0,0,,0,1.0,2.0,3662,False,targets;fum_rec_td,PFR+RULE2PT,19711010-NYJ-NWE,False,fum_rec_td,False,True,fum_rec_td,
Rich Caster,1971,5,1971-10-17,False,NYJ,BUF,H,W,28,17,,1,11,1,0,0,0,0,0,0,0,,0,7.1,8.1,3662,False,targets;fum_rec_td,PFR+RULE2PT,19711017-BUF-NYJ,False,fum_rec_td,False,True,fum_rec_td,
Rich Caster,1971,6,1971-10-24,False,NYJ,MIA,H,L,14,30,,1,10,0,0,0,0,0,0,0,0,,0,1.0,2.0,3662,False,targets;fum_rec_td,PFR+RULE2PT,19711024-MIA-NYJ,False,fum_rec_td,False,True,fum_rec_td,
Rich Caster,1971,7,1971-10-31,False,NYJ,SDG,A,L,21,49,,4,53,1,1,17,0,0,0,0,0,,0,13.0,17.0,3662,False,targets;fum_rec_td,PFR+RULE2PT,19711031-NYJ-SDG,False,fum_rec_td,False,True,fum_rec_td,
Rich Caster,1971,8,1971-11-07,False,NYJ,KAN,H,W,13,10,,0,0,0,0,0,0,0,0,0,0,,0,0.0,0.0,3662,False,targets;fum_rec_td,PFR+RULE2PT,19711107-KAN-NYJ,False,fum_rec_td,False,True,fum_rec_td,
Rich Caster,1971,9,1971-11-14,False,NYJ,BAL,H,L,13,14,,3,86,1,0,0,0,0,0,0,0,,0,14.6,17.6,3662,False,targets;fum_rec_td,PFR+RULE2PT,19711114-BAL-NYJ,False,fum_rec_td,False,True,fum_rec_td,
Rich Caster,1971,10,1971-11-21,False,NYJ,BUF,A,W,20,7,,0,0,0,0,0,0,0,0,0,0,,0,0.0,0.0,3662,False,targets;fum_rec_td,PFR+RULE2PT,19711121-NYJ-BUF,False,fum_rec_td,False,True,fum_rec_td,
Rich Caster,1971,11,1971-11-28,False,NYJ,SFO,H,L,21,24,,5,126,2,1,-7,0,0,0,0,0,,0,23.9,28.9,3662,False,targets;fum_rec_td,PFR+RULE2PT,19711128-SFO-NYJ,False,fum_rec_td,False,True,fum_rec_td,
Rich Caster,1971,12,1971-12-04,False,NYJ,DAL,A,L,10,52,,1,4,0,0,0,0,0,0,0,0,,0,0.4,1.4,3662,False,targets;fum_rec_td,PFR+RULE2PT,19711204-NYJ-DAL,False,fum_rec_td,False,True,fum_rec_td,
Rich Caster,1971,13,1971-12-12,False,NYJ,NWE,H,W,13,6,,2,37,0,0,0,0,0,0,0,0,,0,3.7,5.7,3662,False,targets;fum_rec_td,PFR+RULE2PT,19711212-NWE-NYJ,False,fum_rec_td,False,True,fum_rec_td,
Rich Caster,1971,14,1971-12-19,False,NYJ,CIN,H,W,35,21,,2,26,1,0,0,0,0,0,0,0,,0,8.6,10.6,3662,False,targets;fum_rec_td,PFR+RULE2PT,19711219-CIN-NYJ,False,fum_rec_td,False,True,fum_rec_td,
Rich Caster,1972,1,1972-09-17,False,NYJ,BUF,A,W,41,24,,1,36,0,0,0,0,0,0,0,0,,0,3.6,4.6,3662,False,targets;fum_rec_td,PFR+RULE2PT,19720917-NYJ-BUF,False,fum_rec_td,False,True,fum_rec_td,
Rich Caster,1972,2,1972-09-24,False,NYJ,BAL,A,W,44,34,,6,204,3,0,0,0,0,0,0,0,,0,38.4,44.4,3662,False,targets;fum_rec_td,PFR+RULE2PT,19720924-NYJ-BAL,False,fum_rec_td,False,True,fum_rec_td,
Rich Caster,1972,3,1972-10-01,False,NYJ,HOU,A,L,20,26,,4,85,1,0,0,0,0,0,0,0,,0,14.5,18.5,3662,False,targets;fum_rec_td,PFR+RULE2PT,19721001-NYJ-HOU,False,fum_rec_td,False,True,fum_rec_td,
Rich Caster,1972,4,1972-10-08,False,NYJ,MIA,H,L,17,27,,1,5,0,0,0,0,0,0,0,0,,0,0.5,1.5,3662,False,targets;fum_rec_td,PFR+RULE2PT,19721008-MIA-NYJ,False,fum_rec_td,False,True,fum_rec_td,
Rich Caster,1972,5,1972-10-15,False,NYJ,NWE,A,W,41,13,,2,36,1,1,0,0,0,0,0,0,,0,9.6,11.6,3662,False,targets;fum_rec_td,PFR+RULE2PT,19721015-NYJ-NWE,False,fum_rec_td,False,True,fum_rec_td,
Rich Caster,1972,6,1972-10-22,False,NYJ,BAL,H,W,24,20,,1,49,0,0,0,0,0,0,0,0,,0,4.9,5.9,3662,False,targets;fum_rec_td,PFR+RULE2PT,19721022-BAL-NYJ,False,fum_rec_td,False,True,fum_rec_td,
Rich Caster,1972,7,1972-10-29,False,NYJ,NWE,H,W,34,10,,3,35,1,1,6,0,0,0,0,0,,0,10.1,13.1,3662,False,targets;fum_rec_td,PFR+RULE2PT,19721029-NWE-NYJ,False,fum_rec_td,False,True,fum_rec_td,
Rich Caster,1972,8,1972-11-05,False,NYJ,WAS,H,L,17,35,,5,70,0,0,0,0,0,0,0,0,,0,7.0,12.0,3662,False,targets;fum_rec_td,PFR+RULE2PT,19721105-WAS-NYJ,False,fum_rec_td,False,True,fum_rec_td,
Rich Caster,1972,9,1972-11-12,False,NYJ,BUF,H,W,41,3,,1,26,1,0,0,0,0,0,0,0,,0,8.6,9.6,3662,False,targets;fum_rec_td,PFR+RULE2PT,19721112-BUF-NYJ,False,fum_rec_td,False,True,fum_rec_td,
Rich Caster,1972,10,1972-11-19,False,NYJ,MIA,A,L,24,28,,3,52,1,0,0,0,0,0,0,0,,0,11.2,14.2,3662,False,targets;fum_rec_td,PFR+RULE2PT,19721119-NYJ-MIA,False,fum_rec_td,False,True,fum_rec_td,
Rich Caster,1972,11,1972-11-23,False,NYJ,DET,A,L,20,37,,2,52,1,0,0,0,0,0,0,0,,0,11.2,13.2,3662,False,targets;fum_rec_td,PFR+RULE2PT,19721123-NYJ-DET,False,fum_rec_td,False,True,fum_rec_td,
Rich Caster,1972,12,1972-12-03,False,NYJ,NOR,H,W,18,17,,5,83,0,0,0,0,0,0,0,0,,0,8.3,13.3,3662,False,targets;fum_rec_td,PFR+RULE2PT,19721203-NOR-NYJ,False,fum_rec_td,False,True,fum_rec_td,
Rich Caster,1972,13,1972-12-11,False,NYJ,OAK,A,L,16,24,,4,81,1,0,0,0,0,0,0,0,,0,14.1,18.1,3662,False,targets;fum_rec_td,PFR+RULE2PT,19721211-NYJ-OAK,False,fum_rec_td,False,True,fum_rec_td,
Rich Caster,1972,14,1972-12-17,False,NYJ,CLE,H,L,10,26,,1,19,0,0,0,0,0,0,0,0,,0,1.9,2.9,3662,False,targets;fum_rec_td,PFR+RULE2PT,19721217-CLE-NYJ,False,fum_rec_td,False,True,fum_rec_td,
Rich Caster,1973,1,1973-09-17,False,NYJ,GNB,A,L,7,23,,6,77,0,1,-9,0,0,0,0,0,,0,6.8,12.8,3662,False,targets;fum_rec_td,PFR+RULE2PT,19730917-NYJ-GNB,False,fum_rec_td,False,True,fum_rec_td,
Rich Caster,1973,2,1973-09-23,False,NYJ,BAL,A,W,34,10,,1,13,0,0,0,0,0,0,0,0,,0,1.3,2.3,3662,False,targets;fum_rec_td,PFR+RULE2PT,19730923-NYJ-BAL,False,fum_rec_td,False,True,fum_rec_td,
Rich Caster,1973,3,1973-09-30,False,NYJ,BUF,A,L,7,9,,4,99,0,0,0,0,0,0,0,0,,0,9.9,13.9,3662,False,targets;fum_rec_td,PFR+RULE2PT,19730930-NYJ-BUF,False,fum_rec_td,False,True,fum_rec_td,
Rich Caster,1973,4,1973-10-07,False,NYJ,MIA,A,L,3,31,,0,0,0,0,0,0,0,0,0,0,,0,0.0,0.0,3662,False,targets;fum_rec_td,PFR+RULE2PT,19731007-NYJ-MIA,False,fum_rec_td,False,True,fum_rec_td,
Rich Caster,1973,5,1973-10-14,False,NYJ,NWE,A,W,9,7,,0,0,0,0,0,0,0,0,0,0,,0,0.0,0.0,3662,False,targets;fum_rec_td,PFR+RULE2PT,19731014-NYJ-NWE,False,fum_rec_td,False,True,fum_rec_td,
Rich Caster,1973,6,1973-10-21,False,NYJ,PIT,A,L,14,26,,1,28,1,0,0,0,0,0,0,0,,0,8.8,9.8,3662,False,targets;fum_rec_td,PFR+RULE2PT,19731021-NYJ-PIT,False,fum_rec_td,False,True,fum_rec_td,
Rich Caster,1973,7,1973-10-28,False,NYJ,DEN,H,L,28,40,,0,0,0,0,0,0,0,0,0,0,,0,0.0,0.0,3662,False,targets;fum_rec_td,PFR+RULE2PT,19731028-DEN-NYJ,False,fum_rec_td,False,True,fum_rec_td,
Rich Caster,1973,8,1973-11-04,False,NYJ,MIA,H,L,14,24,,0,0,0,0,0,0,0,0,0,0,,0,0.0,0.0,3662,False,targets;fum_rec_td,PFR+RULE2PT,19731104-MIA-NYJ,False,fum_rec_td,False,True,fum_rec_td,
Rich Caster,1973,9,1973-11-11,False,NYJ,NWE,H,W,33,13,,1,12,0,0,0,0,0,0,0,0,,0,1.2,2.2,3662,False,targets;fum_rec_td,PFR+RULE2PT,19731111-NWE-NYJ,False,fum_rec_td,False,True,fum_rec_td,
Rich Caster,1973,10,1973-11-18,False,NYJ,CIN,A,L,14,20,,9,131,1,0,0,0,0,0,0,0,,0,19.1,28.1,3662,False,targets;fum_rec_td,PFR+RULE2PT,19731118-NYJ-CIN,False,fum_rec_td,False,True,fum_rec_td,
Rich Caster,1973,11,1973-11-25,False,NYJ,ATL,H,L,20,28,,4,55,1,0,0,0,0,0,0,0,,0,11.5,15.5,3662,False,targets;fum_rec_td,PFR+RULE2PT,19731125-ATL-NYJ,False,fum_rec_td,False,True,fum_rec_td,
Rich Caster,1973,12,1973-12-02,False,NYJ,BAL,H,W,20,17,,3,48,0,0,0,0,0,0,0,0,,0,4.8,7.8,3662,False,targets;fum_rec_td,PFR+RULE2PT,19731202-BAL-NYJ,False,fum_rec_td,False,True,fum_rec_td,
Rich Caster,1973,13,1973-12-09,False,NYJ,PHI,A,L,23,24,,3,72,0,0,0,0,0,0,0,0,,0,7.2,10.2,3662,False,targets;fum_rec_td,PFR+RULE2PT,19731209-NYJ-PHI,False,fum_rec_td,False,True,fum_rec_td,
Rich Caster,1973,14,1973-12-16,False,NYJ,BUF,H,L,14,34,,3,58,1,0,0,0,0,0,0,0,,0,11.8,14.8,3662,False,targets;fum_rec_td,PFR+RULE2PT,19731216-BUF-NYJ,False,fum_rec_td,False,True,fum_rec_td,
Rich Caster,1974,1,1974-09-15,False,NYJ,KAN,A,L,16,24,,3,72,1,0,0,0,0,0,0,0,,0,13.2,16.2,3662,False,targets;fum_rec_td,PFR+RULE2PT,19740915-NYJ-KAN,False,fum_rec_td,False,True,fum_rec_td,
Rich Caster,1974,2,1974-09-22,False,NYJ,CHI,A,W,23,21,,3,66,1,0,0,0,0,0,0,0,,0,12.6,15.6,3662,False,targets;fum_rec_td,PFR+RULE2PT,19740922-NYJ-CHI,False,fum_rec_td,False,True,fum_rec_td,
Rich Caster,1974,3,1974-09-29,False,NYJ,BUF,A,L,12,16,,0,0,0,0,0,0,0,0,0,0,,0,0.0,0.0,3662,False,targets;fum_rec_td,PFR+RULE2PT,19740929-NYJ-BUF,False,fum_rec_td,False,True,fum_rec_td,
Rich Caster,1974,4,1974-10-07,False,NYJ,MIA,A,L,17,21,,3,117,1,0,0,0,0,0,0,0,,0,17.7,20.7,3662,False,targets;fum_rec_td,PFR+RULE2PT,19741007-NYJ-MIA,False,fum_rec_td,False,True,fum_rec_td,
Rich Caster,1974,5,1974-10-13,False,NYJ,NWE,H,L,0,24,,1,23,0,0,0,0,0,0,0,0,,0,2.3,3.3,3662,False,targets;fum_rec_td,PFR+RULE2PT,19741013-NWE-NYJ,False,fum_rec_td,False,True,fum_rec_td,
Rich Caster,1974,6,1974-10-20,False,NYJ,BAL,H,L,20,35,,1,25,0,0,0,0,0,0,0,0,,0,2.5,3.5,3662,False,targets;fum_rec_td,PFR+RULE2PT,19741020-BAL-NYJ,False,fum_rec_td,False,True,fum_rec_td,
Rich Caster,1974,7,1974-10-27,False,NYJ,RAM,H,L,13,20,,5,38,0,0,0,0,0,0,0,0,,0,3.8,8.8,3662,False,targets;fum_rec_td,PFR+RULE2PT,19741027-RAM-NYJ,False,fum_rec_td,False,True,fum_rec_td,
Rich Caster,1974,9,1974-11-10,False,NYJ,NYG,A,W,26,20,,3,68,0,0,0,0,0,0,0,0,,0,6.8,9.8,3662,False,targets;fum_rec_td,PFR+RULE2PT,19741110-NYJ-NYG,False,fum_rec_td,False,True,fum_rec_td,
Rich Caster,1974,10,1974-11-17,False,NYJ,NWE,A,W,21,16,,1,11,0,0,0,0,0,0,0,0,,0,1.1,2.1,3662,False,targets;fum_rec_td,PFR+RULE2PT,19741117-NYJ-NWE,False,fum_rec_td,False,True,fum_rec_td,
Rich Caster,1974,11,1974-11-24,False,NYJ,MIA,H,W,17,14,,6,100,2,0,0,0,0,0,0,0,,0,22.0,28.0,3662,False,targets;fum_rec_td,PFR+RULE2PT,19741124-MIA-NYJ,False,fum_rec_td,False,True,fum_rec_td,
Rich Caster,1974,12,1974-12-01,False,NYJ,SDG,H,W,27,14,,7,137,0,0,0,0,0,0,0,0,,0,13.7,20.7,3662,False,targets;fum_rec_td,PFR+RULE2PT,19741201-SDG-NYJ,False,fum_rec_td,False,True,fum_rec_td,
Rich Caster,1974,13,1974-12-08,False,NYJ,BUF,H,W,20,10,,2,32,1,0,0,0,0,0,0,0,,0,9.2,11.2,3662,False,targets;fum_rec_td,PFR+RULE2PT,19741208-BUF-NYJ,False,fum_rec_td,False,True,fum_rec_td,
Rich Caster,1974,14,1974-12-15,False,NYJ,BAL,A,W,45,38,,3,56,1,0,0,0,0,0,0,0,,0,11.6,14.6,3662,False,targets;fum_rec_td,PFR+RULE2PT,19741215-NYJ-BAL,False,fum_rec_td,False,True,fum_rec_td,
Rich Caster,1975,1,1975-09-21,False,NYJ,BUF,A,L,14,42,,6,103,1,0,0,0,0,0,0,0,,0,16.3,22.3,3662,False,targets;fum_rec_td,PFR+RULE2PT,19750921-NYJ-BUF,False,fum_rec_td,False,True,fum_rec_td,
Rich Caster,1975,2,1975-09-28,False,NYJ,KAN,A,W,30,24,,3,69,1,0,0,0,0,0,0,0,,0,12.9,15.9,3662,False,targets;fum_rec_td,PFR+RULE2PT,19750928-NYJ-KAN,False,fum_rec_td,False,True,fum_rec_td,
Rich Caster,1975,3,1975-10-05,False,NYJ,NWE,H,W,36,7,,6,110,2,0,0,0,0,0,0,0,,0,23.0,29.0,3662,False,targets;fum_rec_td,PFR+RULE2PT,19751005-NWE-NYJ,False,fum_rec_td,False,True,fum_rec_td,
Rich Caster,1975,4,1975-10-12,False,NYJ,MIN,A,L,21,29,,3,78,0,0,0,0,0,0,0,0,,0,7.8,10.8,3662,False,targets;fum_rec_td,PFR+RULE2PT,19751012-NYJ-MIN,False,fum_rec_td,False,True,fum_rec_td,
Rich Caster,1975,5,1975-10-19,False,NYJ,MIA,H,L,0,43,,1,13,0,0,0,0,0,0,0,0,,0,1.3,2.3,3662,False,targets;fum_rec_td,PFR+RULE2PT,19751019-MIA-NYJ,False,fum_rec_td,False,True,fum_rec_td,
Rich Caster,1975,6,1975-10-26,False,NYJ,BAL,H,L,28,45,,3,115,0,0,0,0,0,0,0,0,,0,11.5,14.5,3662,False,targets;fum_rec_td,PFR+RULE2PT,19751026-BAL-NYJ,False,fum_rec_td,False,True,fum_rec_td,
Rich Caster,1975,7,1975-11-02,False,NYJ,BUF,H,L,23,24,,4,56,0,0,0,0,0,0,0,0,,0,5.6,9.6,3662,False,targets;fum_rec_td,PFR+RULE2PT,19751102-BUF-NYJ,False,fum_rec_td,False,True,fum_rec_td,
Rich Caster,1975,8,1975-11-09,False,NYJ,MIA,A,L,7,27,,2,22,0,0,0,0,0,0,0,0,,0,2.2,4.2,3662,False,targets;fum_rec_td,PFR+RULE2PT,19751109-NYJ-MIA,False,fum_rec_td,False,True,fum_rec_td,
Rich Caster,1975,9,1975-11-16,False,NYJ,BAL,A,L,19,52,,5,85,0,0,0,0,0,0,0,0,,0,8.5,13.5,3662,False,targets;fum_rec_td,PFR+RULE2PT,19751116-NYJ-BAL,False,fum_rec_td,False,True,fum_rec_td,
Rich Caster,1975,10,1975-11-23,False,NYJ,STL,H,L,6,37,,3,34,0,0,0,0,0,0,0,0,,0,3.4,6.4,3662,False,targets;fum_rec_td,PFR+RULE2PT,19751123-STL-NYJ,False,fum_rec_td,False,True,fum_rec_td,
Rich Caster,1975,11,1975-11-30,False,NYJ,PIT,H,L,7,20,,2,27,0,0,0,0,0,0,0,0,,0,2.7,4.7,3662,False,targets;fum_rec_td,PFR+RULE2PT,19751130-PIT-NYJ,False,fum_rec_td,False,True,fum_rec_td,
Rich Caster,1975,12,1975-12-07,False,NYJ,NWE,A,W,30,28,,4,63,0,0,0,0,0,0,0,0,,0,6.3,10.3,3662,False,targets;fum_rec_td,PFR+RULE2PT,19751207-NYJ-NWE,False,fum_rec_td,False,True,fum_rec_td,
Rich Caster,1975,13,1975-12-15,False,NYJ,SDG,A,L,16,24,,3,30,0,0,0,0,0,0,0,0,,0,3.0,6.0,3662,False,targets;fum_rec_td,PFR+RULE2PT,19751215-NYJ-SDG,False,fum_rec_td,False,True,fum_rec_td,
Rich Caster,1975,14,1975-12-21,False,NYJ,DAL,H,L,21,31,,2,15,0,0,0,0,0,0,0,0,,0,1.5,3.5,3662,False,targets;fum_rec_td,PFR+RULE2PT,19751221-DAL-NYJ,False,fum_rec_td,False,True,fum_rec_td,
Rich Caster,1976,1,1976-09-12,False,NYJ,CLE,A,L,17,38,,5,39,0,0,0,0,0,0,0,0,,0,3.9,8.9,3662,False,targets;fum_rec_td,PFR+RULE2PT,19760912-NYJ-CLE,False,fum_rec_td,False,True,fum_rec_td,
Rich Caster,1976,2,1976-09-19,False,NYJ,DEN,A,L,3,46,,1,10,0,2,16,0,0,0,0,0,,0,2.6,3.6,3662,False,targets;fum_rec_td,PFR+RULE2PT,19760919-NYJ-DEN,False,fum_rec_td,False,True,fum_rec_td,
Rich Caster,1976,3,1976-09-26,False,NYJ,MIA,A,L,0,16,,3,40,0,0,0,0,0,0,0,0,,0,4.0,7.0,3662,False,targets;fum_rec_td,PFR+RULE2PT,19760926-NYJ-MIA,False,fum_rec_td,False,True,fum_rec_td,
Rich Caster,1976,4,1976-10-03,False,NYJ,SFO,A,L,6,17,,4,42,0,0,0,0,0,0,0,0,,0,4.2,8.2,3662,False,targets;fum_rec_td,PFR+RULE2PT,19761003-NYJ-SFO,False,fum_rec_td,False,True,fum_rec_td,
Rich Caster,1976,5,1976-10-10,False,NYJ,BUF,H,W,17,14,,4,53,0,2,-2,0,0,0,0,0,,0,5.1,9.1,3662,False,targets;fum_rec_td,PFR+RULE2PT,19761010-BUF-NYJ,False,fum_rec_td,False,True,fum_rec_td,
Rich Caster,1976,6,1976-10-18,False,NYJ,NWE,A,L,7,41,,1,21,0,0,0,0,0,0,0,0,,0,2.1,3.1,3662,False,targets;fum_rec_td,PFR+RULE2PT,19761018-NYJ-NWE,False,fum_rec_td,False,True,fum_rec_td,
Rich Caster,1976,7,1976-10-24,False,NYJ,BAL,H,L,0,20,,2,66,0,0,0,0,0,0,0,0,,0,6.6,8.6,3662,False,targets;fum_rec_td,PFR+RULE2PT,19761024-BAL-NYJ,False,fum_rec_td,False,True,fum_rec_td,
Rich Caster,1976,8,1976-10-31,False,NYJ,BUF,A,W,19,14,,0,0,0,0,0,0,0,0,0,0,,0,0.0,0.0,3662,False,targets;fum_rec_td,PFR+RULE2PT,19761031-NYJ-BUF,False,fum_rec_td,False,True,fum_rec_td,
Rich Caster,1976,9,1976-11-07,False,NYJ,MIA,H,L,7,27,,4,49,0,0,0,0,0,0,0,0,,0,4.9,8.9,3662,False,targets;fum_rec_td,PFR+RULE2PT,19761107-MIA-NYJ,False,fum_rec_td,False,True,fum_rec_td,
Rich Caster,1976,10,1976-11-14,False,NYJ,TAM,H,W,34,0,,4,44,1,0,0,0,0,0,0,0,,0,10.4,14.4,3662,False,targets;fum_rec_td,PFR+RULE2PT,19761114-TAM-NYJ,False,fum_rec_td,False,True,fum_rec_td,
Rich Caster,1976,11,1976-11-21,False,NYJ,NWE,H,L,24,38,,1,11,0,0,0,0,0,0,0,0,,0,1.1,2.1,3662,False,targets;fum_rec_td,PFR+RULE2PT,19761121-NWE-NYJ,False,fum_rec_td,False,True,fum_rec_td,
Rich Caster,1976,12,1976-11-28,False,NYJ,BAL,A,L,16,33,,0,0,0,0,0,0,0,0,0,0,,0,0.0,0.0,3662,False,targets;fum_rec_td,PFR+RULE2PT,19761128-NYJ-BAL,False,fum_rec_td,False,True,fum_rec_td,
Rich Caster,1976,13,1976-12-05,False,NYJ,WAS,H,L,16,37,,1,11,0,2,59,0,0,0,0,0,,0,7.0,8.0,3662,False,targets;fum_rec_td,PFR+RULE2PT,19761205-WAS-NYJ,False,fum_rec_td,False,True,fum_rec_td,
Rich Caster,1976,14,1976-12-12,False,NYJ,CIN,H,L,3,42,,1,5,0,0,0,0,0,0,0,0,,0,0.5,1.5,3662,False,targets;fum_rec_td,PFR+RULE2PT,19761212-CIN-NYJ,False,fum_rec_td,False,True,fum_rec_td,
Rich Caster,1977,5,1977-10-16,False,NYJ,MIA,A,L,17,21,,0,0,0,0,0,0,0,0,0,0,,0,0.0,0.0,3662,False,targets;fum_rec_td,PFR+RULE2PT,19771016-NYJ-MIA,False,fum_rec_td,False,True,fum_rec_td,
Rich Caster,1977,6,1977-10-23,False,NYJ,OAK,H,L,27,28,,3,82,1,0,0,0,0,0,0,0,,0,14.2,17.2,3662,False,targets;fum_rec_td,PFR+RULE2PT,19771023-OAK-NYJ,False,fum_rec_td,False,True,fum_rec_td,
Rich Caster,1977,7,1977-10-30,False,NYJ,NWE,A,L,13,24,,1,16,0,1,-9,0,0,0,0,0,,0,0.7,1.7,3662,False,targets;fum_rec_td,PFR+RULE2PT,19771030-NYJ-NWE,False,fum_rec_td,False,True,fum_rec_td,
Rich Caster,1977,8,1977-11-06,False,NYJ,MIA,H,L,10,14,,2,13,0,0,0,0,0,0,0,0,,0,1.3,3.3,3662,False,targets;fum_rec_td,PFR+RULE2PT,19771106-MIA-NYJ,False,fum_rec_td,False,True,fum_rec_td,
Rich Caster,1977,9,1977-11-13,False,NYJ,SEA,H,L,0,17,,0,0,0,0,0,0,0,0,0,0,,0,0.0,0.0,3662,False,targets;fum_rec_td,PFR+RULE2PT,19771113-SEA-NYJ,False,fum_rec_td,False,True,fum_rec_td,
Rich Caster,1977,10,1977-11-20,False,NYJ,BAL,A,L,12,33,,1,58,0,0,0,0,0,0,0,0,,0,5.8,6.8,3662,False,targets;fum_rec_td,PFR+RULE2PT,19771120-NYJ-BAL,False,fum_rec_td,False,True,fum_rec_td,
Rich Caster,1977,11,1977-11-27,False,NYJ,PIT,H,L,20,23,,0,0,0,1,-6,0,0,0,0,0,,0,-0.6,-0.6,3662,False,targets;fum_rec_td,PFR+RULE2PT,19771127-PIT-NYJ,False,fum_rec_td,False,True,fum_rec_td,
Rich Caster,1977,12,1977-12-04,False,NYJ,NOR,A,W,16,13,,2,21,0,0,0,0,0,0,0,0,,0,2.1,4.1,3662,False,targets;fum_rec_td,PFR+RULE2PT,19771204-NYJ-NOR,False,fum_rec_td,False,True,fum_rec_td,
Rich Caster,1977,13,1977-12-11,False,NYJ,BUF,H,L,10,14,,0,0,0,0,0,0,0,0,0,0,,0,0.0,0.0,3662,False,targets;fum_rec_td,PFR+RULE2PT,19771211-BUF-NYJ,False,fum_rec_td,False,True,fum_rec_td,
Rich Caster,1977,14,1977-12-18,False,NYJ,PHI,A,L,0,27,,1,15,0,0,0,0,0,0,0,0,,0,1.5,2.5,3662,False,targets;fum_rec_td,PFR+RULE2PT,19771218-NYJ-PHI,False,fum_rec_td,False,True,fum_rec_td,
Rich Caster,1978,1,1978-09-03,False,HOU,ATL,A,L,14,20,,5,44,1,0,0,0,0,0,0,0,,0,10.4,15.4,3662,False,targets;fum_rec_td,PFR+RULE2PT,19780903-HOU-ATL,False,fum_rec_td,False,True,fum_rec_td,
Rich Caster,1978,2,1978-09-10,False,HOU,KAN,A,W,20,17,,0,0,0,0,0,0,0,0,0,0,,0,0.0,0.0,3662,False,targets;fum_rec_td,PFR+RULE2PT,19780910-HOU-KAN,False,fum_rec_td,False,True,fum_rec_td,
Rich Caster,1978,3,1978-09-17,False,HOU,SFO,H,W,20,19,,1,14,0,1,6,0,0,0,0,0,,0,2.0,3.0,3662,False,targets;fum_rec_td,PFR+RULE2PT,19780917-SFO-HOU,False,fum_rec_td,False,True,fum_rec_td,
Rich Caster,1978,4,1978-09-24,False,HOU,RAM,H,L,6,10,,0,0,0,0,0,0,0,0,0,0,,0,0.0,0.0,3662,False,targets;fum_rec_td,PFR+RULE2PT,19780924-RAM-HOU,False,fum_rec_td,False,True,fum_rec_td,
Rich Caster,1978,5,1978-10-01,False,HOU,CLE,A,W,16,13,,2,49,1,0,0,0,0,0,0,0,,0,10.9,12.9,3662,False,targets;fum_rec_td,PFR+RULE2PT,19781001-HOU-CLE,False,fum_rec_td,False,True,fum_rec_td,
Rich Caster,1978,6,1978-10-08,False,HOU,OAK,A,L,17,21,,1,24,0,0,0,0,0,0,0,0,,0,2.4,3.4,3662,False,targets;fum_rec_td,PFR+RULE2PT,19781008-HOU-OAK,False,fum_rec_td,False,True,fum_rec_td,
Rich Caster,1978,7,1978-10-15,False,HOU,BUF,H,W,17,10,,1,4,1,0,0,0,0,0,0,0,,0,6.4,7.4,3662,False,targets;fum_rec_td,PFR+RULE2PT,19781015-BUF-HOU,False,fum_rec_td,False,True,fum_rec_td,
Rich Caster,1978,8,1978-10-23,False,HOU,PIT,A,W,24,17,,2,30,0,2,22,0,0,0,0,0,,0,5.2,7.2,3662,False,targets;fum_rec_td,PFR+RULE2PT,19781023-HOU-PIT,False,fum_rec_td,False,True,fum_rec_td,
Rich Caster,1978,9,1978-10-29,False,HOU,CIN,A,L,13,28,,0,0,0,1,2,0,0,0,0,0,,0,0.2,0.2,3662,False,targets;fum_rec_td,PFR+RULE2PT,19781029-HOU-CIN,False,fum_rec_td,False,True,fum_rec_td,
Rich Caster,1978,10,1978-11-05,False,HOU,CLE,H,W,14,10,,2,23,0,0,0,0,0,0,0,0,,0,2.3,4.3,3662,False,targets;fum_rec_td,PFR+RULE2PT,19781105-CLE-HOU,False,fum_rec_td,False,True,fum_rec_td,
Rich Caster,1978,11,1978-11-12,False,HOU,NWE,A,W,26,23,,2,17,1,1,2,0,0,0,0,0,,0,7.9,9.9,3662,False,targets;fum_rec_td,PFR+RULE2PT,19781112-HOU-NWE,False,fum_rec_td,False,True,fum_rec_td,
Rich Caster,1978,12,1978-11-20,False,HOU,MIA,H,W,35,30,,2,31,0,0,0,0,0,0,0,0,,0,3.1,5.1,3662,False,targets;fum_rec_td,PFR+RULE2PT,19781120-MIA-HOU,False,fum_rec_td,False,True,fum_rec_td,
Rich Caster,1978,13,1978-11-26,False,HOU,CIN,H,W,17,10,,2,80,1,0,0,0,0,0,0,0,,0,14.0,16.0,3662,False,targets;fum_rec_td,PFR+RULE2PT,19781126-CIN-HOU,False,fum_rec_td,False,True,fum_rec_td,
Rich Caster,1978,15,1978-12-10,False,HOU,NOR,A,W,17,12,,0,0,0,0,0,0,0,0,0,0,,0,0.0,0.0,3662,False,targets;fum_rec_td,PFR+RULE2PT,19781210-HOU-NOR,False,fum_rec_td,False,True,fum_rec_td,
Rich Caster,1978,17,1978-12-24,True,HOU,MIA,A,W,17,9,,1,11,0,0,0,0,0,0,0,0,,0,1.1,2.1,3662,False,targets;fum_rec_td,PFR+RULE2PT,19781224-HOU-MIA,False,fum_rec_td,False,True,fum_rec_td,
Rich Caster,1978,18,1978-12-31,True,HOU,NWE,A,W,31,14,,2,12,0,0,0,0,0,0,0,0,,0,1.2,3.2,3662,False,targets;fum_rec_td,PFR+RULE2PT,19781231-HOU-NWE,False,fum_rec_td,False,True,fum_rec_td,
Rich Caster,1978,19,1979-01-07,True,HOU,PIT,A,L,5,34,,5,44,0,0,0,0,0,0,0,0,,0,4.4,9.4,3662,False,targets;fum_rec_td,PFR+RULE2PT,19790107-HOU-PIT,False,fum_rec_td,False,True,fum_rec_td,
Rich Caster,1979,1,1979-09-02,False,HOU,WAS,A,W,29,27,,0,0,0,0,0,0,0,0,0,0,,0,0.0,0.0,3662,False,targets;fum_rec_td,PFR+RULE2PT,19790902-HOU-WAS,False,fum_rec_td,False,True,fum_rec_td,
Rich Caster,1979,2,1979-09-09,False,HOU,PIT,A,L,7,38,,0,0,0,0,0,0,0,0,0,0,,0,0.0,0.0,3662,False,targets;fum_rec_td,PFR+RULE2PT,19790909-HOU-PIT,False,fum_rec_td,False,True,fum_rec_td,
Rich Caster,1979,3,1979-09-16,False,HOU,KAN,H,W,20,6,,1,22,0,0,0,0,0,0,0,0,,0,2.2,3.2,3662,False,targets;fum_rec_td,PFR+RULE2PT,19790916-KAN-HOU,False,fum_rec_td,False,True,fum_rec_td,
Rich Caster,1979,4,1979-09-23,False,HOU,CIN,A,W,30,27,,1,22,1,0,0,0,0,0,0,0,,0,8.2,9.2,3662,False,targets;fum_rec_td,PFR+RULE2PT,19790923-HOU-CIN,False,fum_rec_td,False,True,fum_rec_td,
Rich Caster,1979,5,1979-09-30,False,HOU,CLE,H,W,31,10,,0,0,0,0,0,0,0,0,0,0,,0,0.0,0.0,3662,False,targets;fum_rec_td,PFR+RULE2PT,19790930-CLE-HOU,False,fum_rec_td,False,True,fum_rec_td,
Rich Caster,1979,6,1979-10-07,False,HOU,STL,H,L,17,24,,0,0,0,0,0,0,0,0,0,0,,0,0.0,0.0,3662,False,targets;fum_rec_td,PFR+RULE2PT,19791007-STL-HOU,False,fum_rec_td,False,True,fum_rec_td,
Rich Caster,1979,7,1979-10-14,False,HOU,BAL,A,W,28,16,,1,12,0,1,4,0,0,0,0,0,,0,1.6,2.6,3662,False,targets;fum_rec_td,PFR+RULE2PT,19791014-HOU-BAL,False,fum_rec_td,False,True,fum_rec_td,
Rich Caster,1979,8,1979-10-21,False,HOU,SEA,A,L,14,34,,3,15,0,0,0,0,0,0,0,0,,0,1.5,4.5,3662,False,targets;fum_rec_td,PFR+RULE2PT,19791021-HOU-SEA,False,fum_rec_td,False,True,fum_rec_td,
Rich Caster,1979,9,1979-10-28,False,HOU,NYJ,H,W,27,24,,3,32,0,0,0,0,0,0,0,0,,0,3.2,6.2,3662,False,targets;fum_rec_td,PFR+RULE2PT,19791028-NYJ-HOU,False,fum_rec_td,False,True,fum_rec_td,
Rich Caster,1979,10,1979-11-05,False,HOU,MIA,A,W,9,6,,0,0,0,1,10,0,0,0,0,0,,0,1.0,1.0,3662,False,targets;fum_rec_td,PFR+RULE2PT,19791105-HOU-MIA,False,fum_rec_td,False,True,fum_rec_td,
Rich Caster,1979,11,1979-11-11,False,HOU,OAK,H,W,31,17,,1,11,0,0,0,0,0,0,0,0,,0,1.1,2.1,3662,False,targets;fum_rec_td,PFR+RULE2PT,19791111-OAK-HOU,False,fum_rec_td,False,True,fum_rec_td,
Rich Caster,1979,12,1979-11-18,False,HOU,CIN,H,W,42,21,,2,34,0,0,0,0,0,0,0,0,,0,3.4,5.4,3662,False,targets;fum_rec_td,PFR+RULE2PT,19791118-CIN-HOU,False,fum_rec_td,False,True,fum_rec_td,
Rich Caster,1979,13,1979-11-22,False,HOU,DAL,A,W,30,24,,1,29,0,0,0,0,0,0,0,0,,0,2.9,3.9,3662,False,targets;fum_rec_td,PFR+RULE2PT,19791122-HOU-DAL,False,fum_rec_td,False,True,fum_rec_td,
Rich Caster,1979,14,1979-12-02,False,HOU,CLE,A,L,7,14,,2,21,0,0,0,0,0,0,0,0,,0,2.1,4.1,3662,False,targets;fum_rec_td,PFR+RULE2PT,19791202-HOU-CLE,False,fum_rec_td,False,True,fum_rec_td,
Rich Caster,1979,15,1979-12-10,False,HOU,PIT,H,W,20,17,,1,24,0,1,5,0,0,0,0,0,,0,2.9,3.9,3662,False,targets;fum_rec_td,PFR+RULE2PT,19791210-PIT-HOU,False,fum_rec_td,False,True,fum_rec_td,
Rich Caster,1979,16,1979-12-16,False,HOU,PHI,H,L,20,26,,2,17,0,1,6,0,0,0,0,0,,0,2.3,4.3,3662,False,targets;fum_rec_td,PFR+RULE2PT,19791216-PHI-HOU,False,fum_rec_td,False,True,fum_rec_td,
Rich Caster,1979,17,1979-12-23,True,HOU,DEN,H,W,13,7,,0,0,0,0,0,0,0,0,0,0,,0,0.0,0.0,3662,False,targets;fum_rec_td,PFR+RULE2PT,19791223-DEN-HOU,False,fum_rec_td,False,True,fum_rec_td,
Rich Caster,1979,18,1979-12-29,True,HOU,SDG,A,W,17,14,,0,0,0,0,0,0,0,0,0,0,,0,0.0,0.0,3662,False,targets;fum_rec_td,PFR+RULE2PT,19791229-HOU-SDG,False,fum_rec_td,False,True,fum_rec_td,
Rich Caster,1979,19,1980-01-06,True,HOU,PIT,A,L,13,27,,0,0,0,1,0,0,0,0,0,0,,0,0.0,0.0,3662,False,targets;fum_rec_td,PFR+RULE2PT,19800106-HOU-PIT,False,fum_rec_td,False,True,fum_rec_td,
Bob Tucker,1970,1,1970-09-19,False,NYG,CHI,H,L,16,24,,3,23,0,0,0,0,0,0,0,0,,0,2.3,5.3,22562,False,targets;fum_rec_td,PFR+RULE2PT,19700919-CHI-NYG,False,fum_rec_td,False,True,fum_rec_td,
Bob Tucker,1970,2,1970-09-27,False,NYG,DAL,A,L,10,28,,0,0,0,0,0,0,0,0,0,0,,0,0.0,0.0,22562,False,targets;fum_rec_td,PFR+RULE2PT,19700927-NYG-DAL,False,fum_rec_td,False,True,fum_rec_td,
Bob Tucker,1970,3,1970-10-04,False,NYG,NOR,A,L,10,14,,0,0,0,0,0,0,0,0,0,0,,0,0.0,0.0,22562,False,targets;fum_rec_td,PFR+RULE2PT,19701004-NYG-NOR,False,fum_rec_td,False,True,fum_rec_td,
Bob Tucker,1970,4,1970-10-11,False,NYG,PHI,H,W,30,23,,2,21,0,0,0,0,0,0,0,0,,0,2.1,4.1,22562,False,targets;fum_rec_td,PFR+RULE2PT,19701011-PHI-NYG,False,fum_rec_td,False,True,fum_rec_td,
Bob Tucker,1970,5,1970-10-18,False,NYG,BOS,A,W,16,0,,2,17,0,0,0,0,0,0,0,0,,0,1.7,3.7,22562,False,targets;fum_rec_td,PFR+RULE2PT,19701018-NYG-BOS,False,fum_rec_td,False,True,fum_rec_td,
Bob Tucker,1970,6,1970-10-25,False,NYG,STL,H,W,35,17,,6,150,2,0,0,0,0,0,0,0,,0,27.0,33.0,22562,False,targets;fum_rec_td,PFR+RULE2PT,19701025-STL-NYG,False,fum_rec_td,False,True,fum_rec_td,
Bob Tucker,1970,7,1970-11-01,False,NYG,NYJ,A,W,22,10,,3,41,1,0,0,0,0,0,0,0,,0,10.1,13.1,22562,False,targets;fum_rec_td,PFR+RULE2PT,19701101-NYG-NYJ,False,fum_rec_td,False,True,fum_rec_td,
Bob Tucker,1970,8,1970-11-08,False,NYG,DAL,H,W,23,20,,1,1,0,0,0,0,0,0,0,0,,0,0.1,1.1,22562,False,targets;fum_rec_td,PFR+RULE2PT,19701108-DAL-NYG,False,fum_rec_td,False,True,fum_rec_td,
Bob Tucker,1970,9,1970-11-15,False,NYG,WAS,H,W,35,33,,1,20,0,0,0,0,0,0,0,0,,0,2.0,3.0,22562,False,targets;fum_rec_td,PFR+RULE2PT,19701115-WAS-NYG,False,fum_rec_td,False,True,fum_rec_td,
Bob Tucker,1970,10,1970-11-23,False,NYG,PHI,A,L,20,23,,3,30,0,0,0,0,0,0,0,0,,0,3.0,6.0,22562,False,targets;fum_rec_td,PFR+RULE2PT,19701123-NYG-PHI,False,fum_rec_td,False,True,fum_rec_td,
Bob Tucker,1970,11,1970-11-29,False,NYG,WAS,A,W,27,24,,5,75,1,0,0,0,0,0,0,0,,0,13.5,18.5,22562,False,targets;fum_rec_td,PFR+RULE2PT,19701129-NYG-WAS,False,fum_rec_td,False,True,fum_rec_td,
Bob Tucker,1970,12,1970-12-06,False,NYG,BUF,H,W,20,6,,5,82,0,0,0,0,0,0,0,0,,0,8.2,13.2,22562,False,targets;fum_rec_td,PFR+RULE2PT,19701206-BUF-NYG,False,fum_rec_td,False,True,fum_rec_td,
Bob Tucker,1970,13,1970-12-13,False,NYG,STL,A,W,34,17,,7,92,1,0,0,0,0,0,0,0,,0,15.2,22.2,22562,False,targets;fum_rec_td,PFR+RULE2PT,19701213-NYG-STL,False,fum_rec_td,False,True,fum_rec_td,
Bob Tucker,1970,14,1970-12-20,False,NYG,RAM,H,L,3,31,,2,19,0,0,0,0,0,0,0,0,,0,1.9,3.9,22562,False,targets;fum_rec_td,PFR+RULE2PT,19701220-RAM-NYG,False,fum_rec_td,False,True,fum_rec_td,
Bob Tucker,1971,3,1971-10-03,False,NYG,STL,A,W,21,20,,5,62,1,1,1,0,0,0,0,0,,0,12.3,17.3,22562,False,targets;fum_rec_td,PFR+RULE2PT,19711003-NYG-STL,False,fum_rec_td,False,True,fum_rec_td,
Bob Tucker,1971,4,1971-10-11,False,NYG,DAL,A,L,13,20,,5,54,0,0,0,0,0,0,0,0,,0,5.4,10.4,22562,False,targets;fum_rec_td,PFR+RULE2PT,19711011-NYG-DAL,False,fum_rec_td,False,True,fum_rec_td,
Bob Tucker,1971,5,1971-10-17,False,NYG,BAL,H,L,7,31,,6,64,0,0,0,0,0,0,0,0,,0,6.4,12.4,22562,False,targets;fum_rec_td,PFR+RULE2PT,19711017-BAL-NYG,False,fum_rec_td,False,True,fum_rec_td,
Bob Tucker,1971,6,1971-10-24,False,NYG,PHI,A,L,7,23,,4,25,0,0,0,0,0,0,0,0,,0,2.5,6.5,22562,False,targets;fum_rec_td,PFR+RULE2PT,19711024-NYG-PHI,False,fum_rec_td,False,True,fum_rec_td,
Bob Tucker,1971,7,1971-10-31,False,NYG,MIN,H,L,10,17,,6,55,0,0,0,0,0,0,0,0,,0,5.5,11.5,22562,False,targets;fum_rec_td,PFR+RULE2PT,19711031-MIN-NYG,False,fum_rec_td,False,True,fum_rec_td,
Bob Tucker,1971,8,1971-11-07,False,NYG,SDG,H,W,35,17,,3,44,0,0,0,0,0,0,0,0,,0,4.4,7.4,22562,False,targets;fum_rec_td,PFR+RULE2PT,19711107-SDG-NYG,False,fum_rec_td,False,True,fum_rec_td,
Bob Tucker,1971,9,1971-11-14,False,NYG,ATL,A,W,21,17,,5,69,1,0,0,0,0,0,0,0,,0,12.9,17.9,22562,False,targets;fum_rec_td,PFR+RULE2PT,19711114-NYG-ATL,False,fum_rec_td,False,True,fum_rec_td,
Bob Tucker,1971,10,1971-11-21,False,NYG,PIT,A,L,13,17,,5,108,0,0,0,0,0,0,0,0,,0,10.8,15.8,22562,False,targets;fum_rec_td,PFR+RULE2PT,19711121-NYG-PIT,False,fum_rec_td,False,True,fum_rec_td,
Bob Tucker,1971,11,1971-11-28,False,NYG,STL,H,L,7,24,,2,71,1,0,0,0,0,0,0,0,,0,13.1,15.1,22562,False,targets;fum_rec_td,PFR+RULE2PT,19711128-STL-NYG,False,fum_rec_td,False,True,fum_rec_td,
Bob Tucker,1971,12,1971-12-05,False,NYG,WAS,A,L,7,23,,5,69,0,0,0,0,0,0,0,0,,0,6.9,11.9,22562,False,targets;fum_rec_td,PFR+RULE2PT,19711205-NYG-WAS,False,fum_rec_td,False,True,fum_rec_td,
Bob Tucker,1971,13,1971-12-12,False,NYG,DAL,H,L,14,42,,5,54,0,0,0,0,0,0,0,0,,0,5.4,10.4,22562,False,targets;fum_rec_td,PFR+RULE2PT,19711212-DAL-NYG,False,fum_rec_td,False,True,fum_rec_td,
Bob Tucker,1971,14,1971-12-19,False,NYG,PHI,H,L,28,41,,8,116,1,0,0,0,0,0,0,0,,0,17.6,25.6,22562,False,targets;fum_rec_td,PFR+RULE2PT,19711219-PHI-NYG,False,fum_rec_td,False,True,fum_rec_td,
Bob Tucker,1972,1,1972-09-17,False,NYG,DET,A,L,16,30,,5,69,1,0,0,0,0,0,0,0,,0,12.9,17.9,22562,False,targets;fum_rec_td,PFR+RULE2PT,19720917-NYG-DET,False,fum_rec_td,False,True,fum_rec_td,
Bob Tucker,1972,2,1972-09-24,False,NYG,DAL,H,L,14,23,,3,42,0,0,0,0,0,0,0,0,,0,4.2,7.2,22562,False,targets;fum_rec_td,PFR+RULE2PT,19720924-DAL-NYG,False,fum_rec_td,False,True,fum_rec_td,
Bob Tucker,1972,3,1972-10-02,False,NYG,PHI,A,W,27,12,,2,31,0,0,0,0,0,0,0,0,,0,3.1,5.1,22562,False,targets;fum_rec_td,PFR+RULE2PT,19721002-NYG-PHI,False,fum_rec_td,False,True,fum_rec_td,
Bob Tucker,1972,4,1972-10-08,False,NYG,NOR,H,W,45,21,,2,14,0,0,0,0,0,0,0,0,,0,1.4,3.4,22562,False,targets;fum_rec_td,PFR+RULE2PT,19721008-NOR-NYG,False,fum_rec_td,False,True,fum_rec_td,
Bob Tucker,1972,5,1972-10-15,False,NYG,SFO,A,W,23,17,,1,13,0,0,0,0,0,0,0,0,,0,1.3,2.3,22562,False,targets;fum_rec_td,PFR+RULE2PT,19721015-NYG-SFO,False,fum_rec_td,False,True,fum_rec_td,
Bob Tucker,1972,6,1972-10-22,False,NYG,STL,H,W,27,21,,6,86,0,0,0,0,0,0,0,0,,0,8.6,14.6,22562,False,targets;fum_rec_td,PFR+RULE2PT,19721022-STL-NYG,False,fum_rec_td,False,True,fum_rec_td,
Bob Tucker,1972,7,1972-10-29,False,NYG,WAS,H,L,16,23,,7,84,1,0,0,0,0,0,0,0,,0,14.4,21.4,22562,False,targets;fum_rec_td,PFR+RULE2PT,19721029-WAS-NYG,False,fum_rec_td,False,True,fum_rec_td,
Bob Tucker,1972,8,1972-11-05,False,NYG,DEN,H,W,29,17,,3,58,0,1,13,1,0,0,0,0,,0,13.1,16.1,22562,False,targets;fum_rec_td,PFR+RULE2PT,19721105-DEN-NYG,False,fum_rec_td,False,True,fum_rec_td,
Bob Tucker,1972,9,1972-11-12,False,NYG,WAS,A,L,13,27,,3,21,0,0,0,0,0,0,0,0,,0,2.1,5.1,22562,False,targets;fum_rec_td,PFR+RULE2PT,19721112-NYG-WAS,False,fum_rec_td,False,True,fum_rec_td,
Bob Tucker,1972,10,1972-11-19,False,NYG,STL,A,W,13,7,,4,64,0,0,0,0,0,0,0,0,,0,6.4,10.4,22562,False,targets;fum_rec_td,PFR+RULE2PT,19721119-NYG-STL,False,fum_rec_td,False,True,fum_rec_td,
Bob Tucker,1972,11,1972-11-26,False,NYG,PHI,H,W,62,10,,8,100,2,0,0,0,0,0,0,0,,0,22.0,30.0,22562,False,targets;fum_rec_td,PFR+RULE2PT,19721126-PHI-NYG,False,fum_rec_td,False,True,fum_rec_td,
Bob Tucker,1972,12,1972-12-03,False,NYG,CIN,A,L,10,13,,4,54,0,1,-2,0,0,0,0,0,,0,5.2,9.2,22562,False,targets;fum_rec_td,PFR+RULE2PT,19721203-NYG-CIN,False,fum_rec_td,False,True,fum_rec_td,
Bob Tucker,1972,13,1972-12-10,False,NYG,MIA,H,L,13,23,,4,89,0,1,-5,0,0,0,0,0,,0,8.4,12.4,22562,False,targets;fum_rec_td,PFR+RULE2PT,19721210-MIA-NYG,False,fum_rec_td,False,True,fum_rec_td,
Bob Tucker,1972,14,1972-12-17,False,NYG,DAL,A,W,23,3,,3,39,0,0,0,0,0,0,0,0,,0,3.9,6.9,22562,False,targets;fum_rec_td,PFR+RULE2PT,19721217-NYG-DAL,False,fum_rec_td,False,True,fum_rec_td,
Bob Tucker,1973,1,1973-09-16,False,NYG,HOU,H,W,34,14,,6,74,0,0,0,0,0,0,0,0,,0,7.4,13.4,22562,False,targets;fum_rec_td,PFR+RULE2PT,19730916-HOU-NYG,False,fum_rec_td,False,True,fum_rec_td,
Bob Tucker,1973,2,1973-09-23,False,NYG,PHI,H,T,23,23,,8,136,0,0,0,0,0,0,0,0,,0,13.6,21.6,22562,False,targets;fum_rec_td,PFR+RULE2PT,19730923-PHI-NYG,False,fum_rec_td,False,True,fum_rec_td,
Bob Tucker,1973,3,1973-09-30,False,NYG,CLE,A,L,10,12,,1,20,1,0,0,0,0,0,0,0,,0,8.0,9.0,22562,False,targets;fum_rec_td,PFR+RULE2PT,19730930-NYG-CLE,False,fum_rec_td,False,True,fum_rec_td,
Bob Tucker,1973,4,1973-10-07,False,NYG,GNB,H,L,14,16,,8,95,0,0,0,0,0,0,0,0,,0,9.5,17.5,22562,False,targets;fum_rec_td,PFR+RULE2PT,19731007-GNB-NYG,False,fum_rec_td,False,True,fum_rec_td,
Bob Tucker,1973,5,1973-10-14,False,NYG,WAS,H,L,3,21,,1,6,0,0,0,0,0,0,0,0,,0,0.6,1.6,22562,False,targets;fum_rec_td,PFR+RULE2PT,19731014-WAS-NYG,False,fum_rec_td,False,True,fum_rec_td,
Bob Tucker,1973,6,1973-10-21,False,NYG,DAL,A,L,28,45,,4,71,2,0,0,0,0,0,0,0,,0,19.1,23.1,22562,False,targets;fum_rec_td,PFR+RULE2PT,19731021-NYG-DAL,False,fum_rec_td,False,True,fum_rec_td,
Bob Tucker,1973,7,1973-10-28,False,NYG,STL,A,L,27,35,,7,60,1,1,4,0,0,0,0,0,,0,12.4,19.4,22562,False,targets;fum_rec_td,PFR+RULE2PT,19731028-NYG-STL,False,fum_rec_td,False,True,fum_rec_td,
Bob Tucker,1973,8,1973-11-04,False,NYG,OAK,A,L,0,42,,0,0,0,0,0,0,0,0,0,0,,0,0.0,0.0,22562,False,targets;fum_rec_td,PFR+RULE2PT,19731104-NYG-OAK,False,fum_rec_td,False,True,fum_rec_td,
Bob Tucker,1973,9,1973-11-11,False,NYG,DAL,H,L,10,23,,1,7,0,0,0,0,0,0,0,0,,0,0.7,1.7,22562,False,targets;fum_rec_td,PFR+RULE2PT,19731111-DAL-NYG,False,fum_rec_td,False,True,fum_rec_td,
Bob Tucker,1973,10,1973-11-18,False,NYG,STL,H,W,24,13,,3,35,0,0,0,0,0,0,0,0,,0,3.5,6.5,22562,False,targets;fum_rec_td,PFR+RULE2PT,19731118-STL-NYG,False,fum_rec_td,False,True,fum_rec_td,
Bob Tucker,1973,11,1973-11-25,False,NYG,PHI,A,L,16,20,,4,68,0,0,0,0,0,0,0,0,,0,6.8,10.8,22562,False,targets;fum_rec_td,PFR+RULE2PT,19731125-NYG-PHI,False,fum_rec_td,False,True,fum_rec_td,
Bob Tucker,1973,12,1973-12-02,False,NYG,WAS,A,L,24,27,,1,12,1,0,0,0,0,0,0,0,,0,7.2,8.2,22562,False,targets;fum_rec_td,PFR+RULE2PT,19731202-NYG-WAS,False,fum_rec_td,False,True,fum_rec_td,
Bob Tucker,1973,13,1973-12-10,False,NYG,RAM,A,L,6,40,,4,53,0,0,0,0,0,0,0,0,,0,5.3,9.3,22562,False,targets;fum_rec_td,PFR+RULE2PT,19731210-NYG-RAM,False,fum_rec_td,False,True,fum_rec_td,
Bob Tucker,1973,14,1973-12-16,False,NYG,MIN,H,L,7,31,,2,44,0,0,0,0,0,0,0,0,,0,4.4,6.4,22562,False,targets;fum_rec_td,PFR+RULE2PT,19731216-MIN-NYG,False,fum_rec_td,False,True,fum_rec_td,
Bob Tucker,1974,1,1974-09-15,False,NYG,WAS,H,L,10,13,,3,43,0,0,0,0,0,0,0,0,,0,4.3,7.3,22562,False,targets;fum_rec_td,PFR+RULE2PT,19740915-WAS-NYG,False,fum_rec_td,False,True,fum_rec_td,
Bob Tucker,1974,2,1974-09-22,False,NYG,NWE,H,L,20,28,,6,57,0,0,0,0,0,0,0,0,,0,5.7,11.7,22562,False,targets;fum_rec_td,PFR+RULE2PT,19740922-NWE-NYG,False,fum_rec_td,False,True,fum_rec_td,
Bob Tucker,1974,3,1974-09-29,False,NYG,DAL,A,W,14,6,,3,26,0,0,0,0,0,0,0,0,,0,2.6,5.6,22562,False,targets;fum_rec_td,PFR+RULE2PT,19740929-NYG-DAL,False,fum_rec_td,False,True,fum_rec_td,
Bob Tucker,1974,4,1974-10-06,False,NYG,ATL,H,L,7,14,,1,18,0,0,0,0,0,0,0,0,,0,1.8,2.8,22562,False,targets;fum_rec_td,PFR+RULE2PT,19741006-ATL-NYG,False,fum_rec_td,False,True,fum_rec_td,
Bob Tucker,1974,5,1974-10-13,False,NYG,PHI,A,L,7,35,,3,40,0,0,0,0,0,0,0,0,,0,4.0,7.0,22562,False,targets;fum_rec_td,PFR+RULE2PT,19741013-NYG-PHI,False,fum_rec_td,False,True,fum_rec_td,
Bob Tucker,1974,6,1974-10-20,False,NYG,WAS,A,L,3,24,,3,40,0,0,0,0,0,0,0,0,,0,4.0,7.0,22562,False,targets;fum_rec_td,PFR+RULE2PT,19741020-NYG-WAS,False,fum_rec_td,False,True,fum_rec_td,
Bob Tucker,1974,7,1974-10-27,False,NYG,DAL,H,L,7,21,,3,35,0,0,0,0,0,0,0,0,,0,3.5,6.5,22562,False,targets;fum_rec_td,PFR+RULE2PT,19741027-DAL-NYG,False,fum_rec_td,False,True,fum_rec_td,
Bob Tucker,1974,8,1974-11-03,False,NYG,KAN,A,W,33,27,,3,45,0,0,0,0,0,0,0,0,,0,4.5,7.5,22562,False,targets;fum_rec_td,PFR+RULE2PT,19741103-NYG-KAN,False,fum_rec_td,False,True,fum_rec_td,
Bob Tucker,1974,9,1974-11-10,False,NYG,NYJ,H,L,20,26,,5,55,1,0,0,0,0,0,0,0,,0,11.5,16.5,22562,False,targets;fum_rec_td,PFR+RULE2PT,19741110-NYJ-NYG,False,fum_rec_td,False,True,fum_rec_td,
Bob Tucker,1974,11,1974-11-24,False,NYG,STL,H,L,21,23,,5,69,1,0,0,0,0,0,0,0,,0,12.9,17.9,22562,False,targets;fum_rec_td,PFR+RULE2PT,19741124-STL-NYG,False,fum_rec_td,False,True,fum_rec_td,
Bob Tucker,1974,12,1974-12-01,False,NYG,CHI,A,L,13,16,,4,40,0,0,0,0,0,0,0,0,,0,4.0,8.0,22562,False,targets;fum_rec_td,PFR+RULE2PT,19741201-NYG-CHI,False,fum_rec_td,False,True,fum_rec_td,
Bob Tucker,1974,13,1974-12-08,False,NYG,PHI,H,L,7,20,,2,28,0,0,0,0,0,0,0,0,,0,2.8,4.8,22562,False,targets;fum_rec_td,PFR+RULE2PT,19741208-PHI-NYG,False,fum_rec_td,False,True,fum_rec_td,
Bob Tucker,1974,14,1974-12-15,False,NYG,STL,A,L,14,26,,0,0,0,0,0,0,0,0,0,0,,0,0.0,0.0,22562,False,targets;fum_rec_td,PFR+RULE2PT,19741215-NYG-STL,False,fum_rec_td,False,True,fum_rec_td,
Bob Tucker,1975,1,1975-09-21,False,NYG,PHI,A,W,23,14,,5,81,0,0,0,0,0,0,0,0,,0,8.1,13.1,22562,False,targets;fum_rec_td,PFR+RULE2PT,19750921-NYG-PHI,False,fum_rec_td,False,True,fum_rec_td,
Bob Tucker,1975,2,1975-09-28,False,NYG,WAS,A,L,13,49,,1,6,0,0,0,0,0,0,0,0,,0,0.6,1.6,22562,False,targets;fum_rec_td,PFR+RULE2PT,19750928-NYG-WAS,False,fum_rec_td,False,True,fum_rec_td,
Bob Tucker,1975,3,1975-10-05,False,NYG,STL,A,L,14,26,,1,3,0,0,0,0,0,0,0,0,,0,0.3,1.3,22562,False,targets;fum_rec_td,PFR+RULE2PT,19751005-NYG-STL,False,fum_rec_td,False,True,fum_rec_td,
Bob Tucker,1975,4,1975-10-12,False,NYG,DAL,H,L,7,13,,2,41,0,0,0,0,0,0,0,0,,0,4.1,6.1,22562,False,targets;fum_rec_td,PFR+RULE2PT,19751012-DAL-NYG,False,fum_rec_td,False,True,fum_rec_td,
Bob Tucker,1975,5,1975-10-20,False,NYG,BUF,A,W,17,14,,1,6,0,0,0,0,0,0,0,0,,0,0.6,1.6,22562,False,targets;fum_rec_td,PFR+RULE2PT,19751020-NYG-BUF,False,fum_rec_td,False,True,fum_rec_td,
Bob Tucker,1975,6,1975-10-25,False,NYG,STL,H,L,13,20,,3,45,0,0,0,0,0,0,0,0,,0,4.5,7.5,22562,False,targets;fum_rec_td,PFR+RULE2PT,19751025-STL-NYG,False,fum_rec_td,False,True,fum_rec_td,
Bob Tucker,1975,7,1975-11-01,False,NYG,SDG,H,W,35,24,,5,69,1,0,0,0,0,0,0,0,,0,12.9,17.9,22562,False,targets;fum_rec_td,PFR+RULE2PT,19751101-SDG-NYG,False,fum_rec_td,False,True,fum_rec_td,
Bob Tucker,1975,8,1975-11-09,False,NYG,WAS,H,L,13,21,,3,36,0,0,0,0,0,0,0,0,,0,3.6,6.6,22562,False,targets;fum_rec_td,PFR+RULE2PT,19751109-WAS-NYG,False,fum_rec_td,False,True,fum_rec_td,
Bob Tucker,1975,9,1975-11-16,False,NYG,PHI,H,L,10,13,,2,22,0,1,-5,0,0,0,0,0,,0,1.7,3.7,22562,False,targets;fum_rec_td,PFR+RULE2PT,19751116-PHI-NYG,False,fum_rec_td,False,True,fum_rec_td,
Bob Tucker,1975,10,1975-11-23,False,NYG,GNB,A,L,14,40,,2,44,0,0,0,0,0,0,0,0,,0,4.4,6.4,22562,False,targets;fum_rec_td,PFR+RULE2PT,19751123-NYG-GNB,False,fum_rec_td,False,True,fum_rec_td,
Bob Tucker,1975,11,1975-11-30,False,NYG,DAL,A,L,3,14,,0,0,0,0,0,0,0,0,0,0,,0,0.0,0.0,22562,False,targets;fum_rec_td,PFR+RULE2PT,19751130-NYG-DAL,False,fum_rec_td,False,True,fum_rec_td,
Bob Tucker,1975,12,1975-12-07,False,NYG,BAL,H,L,0,21,,2,51,0,0,0,0,0,0,0,0,,0,5.1,7.1,22562,False,targets;fum_rec_td,PFR+RULE2PT,19751207-BAL-NYG,False,fum_rec_td,False,True,fum_rec_td,
Bob Tucker,1975,13,1975-12-14,False,NYG,NOR,H,W,28,14,,7,80,0,0,0,0,0,0,0,0,,0,8.0,15.0,22562,False,targets;fum_rec_td,PFR+RULE2PT,19751214-NOR-NYG,False,fum_rec_td,False,True,fum_rec_td,
Bob Tucker,1975,14,1975-12-21,False,NYG,SFO,A,W,26,23,,0,0,0,0,0,0,0,0,0,0,,0,0.0,0.0,22562,False,targets;fum_rec_td,PFR+RULE2PT,19751221-NYG-SFO,False,fum_rec_td,False,True,fum_rec_td,
Bob Tucker,1976,1,1976-09-12,False,NYG,WAS,A,L,17,19,,4,43,0,0,0,0,0,0,0,0,,0,4.3,8.3,22562,False,targets;fum_rec_td,PFR+RULE2PT,19760912-NYG-WAS,False,fum_rec_td,False,True,fum_rec_td,
Bob Tucker,1976,2,1976-09-19,False,NYG,PHI,A,L,7,20,,5,31,0,0,0,0,0,0,0,0,,0,3.1,8.1,22562,False,targets;fum_rec_td,PFR+RULE2PT,19760919-NYG-PHI,False,fum_rec_td,False,True,fum_rec_td,
Bob Tucker,1976,3,1976-09-26,False,NYG,RAM,A,L,10,24,,4,40,1,0,0,0,0,0,0,0,,0,10.0,14.0,22562,False,targets;fum_rec_td,PFR+RULE2PT,19760926-NYG-RAM,False,fum_rec_td,False,True,fum_rec_td,
Bob Tucker,1976,4,1976-10-03,False,NYG,STL,A,L,21,27,,3,26,0,0,0,0,0,0,0,0,,0,2.6,5.6,22562,False,targets;fum_rec_td,PFR+RULE2PT,19761003-NYG-STL,False,fum_rec_td,False,True,fum_rec_td,
Bob Tucker,1976,5,1976-10-10,False,NYG,DAL,H,L,14,24,,5,74,0,0,0,0,0,0,0,0,,0,7.4,12.4,22562,False,targets;fum_rec_td,PFR+RULE2PT,19761010-DAL-NYG,False,fum_rec_td,False,True,fum_rec_td,
Bob Tucker,1976,6,1976-10-17,False,NYG,MIN,A,L,7,24,,1,11,0,0,0,0,0,0,0,0,,0,1.1,2.1,22562,False,targets;fum_rec_td,PFR+RULE2PT,19761017-NYG-MIN,False,fum_rec_td,False,True,fum_rec_td,
Bob Tucker,1976,7,1976-10-24,False,NYG,PIT,H,L,0,27,,5,56,0,0,0,0,0,0,0,0,,0,5.6,10.6,22562,False,targets;fum_rec_td,PFR+RULE2PT,19761024-PIT-NYG,False,fum_rec_td,False,True,fum_rec_td,
Bob Tucker,1976,8,1976-10-31,False,NYG,PHI,H,L,0,10,,2,21,0,0,0,0,0,0,0,0,,0,2.1,4.1,22562,False,targets;fum_rec_td,PFR+RULE2PT,19761031-PHI-NYG,False,fum_rec_td,False,True,fum_rec_td,
Bob Tucker,1976,9,1976-11-07,False,NYG,DAL,A,L,3,9,,0,0,0,0,0,0,0,0,0,0,,0,0.0,0.0,22562,False,targets;fum_rec_td,PFR+RULE2PT,19761107-NYG-DAL,False,fum_rec_td,False,True,fum_rec_td,
Bob Tucker,1976,10,1976-11-14,False,NYG,WAS,H,W,12,9,,0,0,0,0,0,0,0,0,0,0,,0,0.0,0.0,22562,False,targets;fum_rec_td,PFR+RULE2PT,19761114-WAS-NYG,False,fum_rec_td,False,True,fum_rec_td,
Bob Tucker,1976,11,1976-11-21,False,NYG,DEN,A,L,13,14,,5,86,0,0,0,0,0,0,0,0,,0,8.6,13.6,22562,False,targets;fum_rec_td,PFR+RULE2PT,19761121-NYG-DEN,False,fum_rec_td,False,True,fum_rec_td,
Bob Tucker,1976,12,1976-11-28,False,NYG,SEA,H,W,28,16,,1,15,0,0,0,0,0,0,0,0,,0,1.5,2.5,22562,False,targets;fum_rec_td,PFR+RULE2PT,19761128-SEA-NYG,False,fum_rec_td,False,True,fum_rec_td,
Bob Tucker,1976,13,1976-12-05,False,NYG,DET,H,W,24,10,,6,71,0,0,0,0,0,0,0,0,,0,7.1,13.1,22562,False,targets;fum_rec_td,PFR+RULE2PT,19761205-DET-NYG,False,fum_rec_td,False,True,fum_rec_td,
Bob Tucker,1976,14,1976-12-12,False,NYG,STL,H,L,14,17,,1,24,0,0,0,0,0,0,0,0,,0,2.4,3.4,22562,False,targets;fum_rec_td,PFR+RULE2PT,19761212-STL-NYG,False,fum_rec_td,False,True,fum_rec_td,
Bob Tucker,1977,1,1977-09-18,False,NYG,WAS,H,W,20,17,,0,0,0,0,0,0,0,0,0,0,,0,0.0,0.0,22562,False,targets;fum_rec_td,PFR+RULE2PT,19770918-WAS-NYG,False,fum_rec_td,False,True,fum_rec_td,
Bob Tucker,1977,2,1977-09-25,False,NYG,DAL,A,L,21,41,,2,24,0,0,0,0,0,0,0,0,,0,2.4,4.4,22562,False,targets;fum_rec_td,PFR+RULE2PT,19770925-NYG-DAL,False,fum_rec_td,False,True,fum_rec_td,
Bob Tucker,1977,3,1977-10-02,False,NYG,ATL,A,L,3,17,,2,32,0,0,0,0,0,0,0,0,,0,3.2,5.2,22562,False,targets;fum_rec_td,PFR+RULE2PT,19771002-NYG-ATL,False,fum_rec_td,False,True,fum_rec_td,
Bob Tucker,1977,4,1977-10-09,False,NYG,PHI,H,L,10,28,,2,35,0,0,0,0,0,0,0,0,,0,3.5,5.5,22562,False,targets;fum_rec_td,PFR+RULE2PT,19771009-PHI-NYG,False,fum_rec_td,False,True,fum_rec_td,
Bob Tucker,1977,5,1977-10-16,False,NYG,SFO,H,W,20,17,,0,0,0,0,0,0,0,0,0,0,,0,0.0,0.0,22562,False,targets;fum_rec_td,PFR+RULE2PT,19771016-SFO-NYG,False,fum_rec_td,False,True,fum_rec_td,
Bob Tucker,1977,7,1977-10-30,False,MIN,ATL,A,W,14,7,,3,28,1,0,0,0,0,0,0,0,,0,8.8,11.8,22562,False,targets;fum_rec_td,PFR+RULE2PT,19771030-MIN-ATL,False,fum_rec_td,False,True,fum_rec_td,
Bob Tucker,1977,8,1977-11-06,False,MIN,STL,H,L,7,27,,1,16,0,0,0,0,0,0,0,0,,0,1.6,2.6,22562,False,targets;fum_rec_td,PFR+RULE2PT,19771106-STL-MIN,False,fum_rec_td,False,True,fum_rec_td,
Bob Tucker,1977,9,1977-11-13,False,MIN,CIN,H,W,42,10,,1,4,0,0,0,0,0,0,0,0,,0,0.4,1.4,22562,False,targets;fum_rec_td,PFR+RULE2PT,19771113-CIN-MIN,False,fum_rec_td,False,True,fum_rec_td,
Bob Tucker,1977,10,1977-11-20,False,MIN,CHI,A,L,7,10,,1,29,0,0,0,0,0,0,0,0,,0,2.9,3.9,22562,False,targets;fum_rec_td,PFR+RULE2PT,19771120-MIN-CHI,False,fum_rec_td,False,True,fum_rec_td,
Bob Tucker,1977,11,1977-11-27,False,MIN,GNB,A,W,13,6,,1,6,0,0,0,0,0,0,0,0,,0,0.6,1.6,22562,False,targets;fum_rec_td,PFR+RULE2PT,19771127-MIN-GNB,False,fum_rec_td,False,True,fum_rec_td,
Bob Tucker,1977,12,1977-12-04,False,MIN,SFO,H,W,28,27,,2,26,1,0,0,0,0,0,0,0,,0,8.6,10.6,22562,False,targets;fum_rec_td,PFR+RULE2PT,19771204-SFO-MIN,False,fum_rec_td,False,True,fum_rec_td,
Bob Tucker,1977,13,1977-12-11,False,MIN,OAK,A,L,13,35,,0,0,0,0,0,0,0,0,0,0,,0,0.0,0.0,22562,False,targets;fum_rec_td,PFR+RULE2PT,19771211-MIN-OAK,False,fum_rec_td,False,True,fum_rec_td,
Bob Tucker,1977,14,1977-12-17,False,MIN,DET,A,W,30,21,,0,0,0,0,0,0,0,0,0,0,,0,0.0,0.0,22562,False,targets;fum_rec_td,PFR+RULE2PT,19771217-MIN-DET,False,fum_rec_td,False,True,fum_rec_td,
Bob Tucker,1977,15,1977-12-26,True,MIN,RAM,A,W,14,7,,0,0,0,0,0,0,0,0,0,0,,0,0.0,0.0,22562,False,targets;fum_rec_td,PFR+RULE2PT,19771226-MIN-RAM,False,fum_rec_td,False,True,fum_rec_td,
Bob Tucker,1977,16,1978-01-01,True,MIN,DAL,A,L,6,23,,0,0,0,0,0,0,0,0,0,0,,0,0.0,0.0,22562,False,targets;fum_rec_td,PFR+RULE2PT,19780101-MIN-DAL,False,fum_rec_td,False,True,fum_rec_td,
Bob Tucker,1978,1,1978-09-03,False,MIN,NOR,A,L,24,31,,4,49,0,0,0,0,0,0,0,0,,0,4.9,8.9,22562,False,targets;fum_rec_td,PFR+RULE2PT,19780903-MIN-NOR,False,fum_rec_td,False,True,fum_rec_td,
Bob Tucker,1978,2,1978-09-11,False,MIN,DEN,H,W,12,9,,1,6,0,0,0,0,0,0,0,0,,0,0.6,1.6,22562,False,targets;fum_rec_td,PFR+RULE2PT,19780911-DEN-MIN,False,fum_rec_td,False,True,fum_rec_td,
Bob Tucker,1978,3,1978-09-17,False,MIN,TAM,H,L,10,16,,3,37,0,0,0,0,0,0,0,0,,0,3.7,6.7,22562,False,targets;fum_rec_td,PFR+RULE2PT,19780917-TAM-MIN,False,fum_rec_td,False,True,fum_rec_td,
Bob Tucker,1978,4,1978-09-25,False,MIN,CHI,A,W,24,20,,2,21,0,0,0,0,0,0,0,0,,0,2.1,4.1,22562,False,targets;fum_rec_td,PFR+RULE2PT,19780925-MIN-CHI,False,fum_rec_td,False,True,fum_rec_td,
Bob Tucker,1978,5,1978-10-01,False,MIN,TAM,A,W,24,7,,2,14,0,0,0,0,0,0,0,0,,0,1.4,3.4,22562,False,targets;fum_rec_td,PFR+RULE2PT,19781001-MIN-TAM,False,fum_rec_td,False,True,fum_rec_td,
Bob Tucker,1978,6,1978-10-08,False,MIN,SEA,A,L,28,29,,4,40,0,0,0,0,0,0,0,0,,0,4.0,8.0,22562,False,targets;fum_rec_td,PFR+RULE2PT,19781008-MIN-SEA,False,fum_rec_td,False,True,fum_rec_td,
Bob Tucker,1978,7,1978-10-15,False,MIN,RAM,H,L,17,34,,2,11,0,0,0,0,0,0,0,0,,0,1.1,3.1,22562,False,targets;fum_rec_td,PFR+RULE2PT,19781015-RAM-MIN,False,fum_rec_td,False,True,fum_rec_td,
Bob Tucker,1978,8,1978-10-22,False,MIN,GNB,H,W,21,7,,1,20,0,0,0,0,0,0,0,0,,0,2.0,3.0,22562,False,targets;fum_rec_td,PFR+RULE2PT,19781022-GNB-MIN,False,fum_rec_td,False,True,fum_rec_td,
Bob Tucker,1978,9,1978-10-26,False,MIN,DAL,A,W,21,10,,4,25,0,0,0,0,0,0,0,0,,0,2.5,6.5,22562,False,targets;fum_rec_td,PFR+RULE2PT,19781026-MIN-DAL,False,fum_rec_td,False,True,fum_rec_td,
Bob Tucker,1978,10,1978-11-05,False,MIN,DET,H,W,17,7,,3,45,0,0,0,0,0,0,0,0,,0,4.5,7.5,22562,False,targets;fum_rec_td,PFR+RULE2PT,19781105-DET-MIN,False,fum_rec_td,False,True,fum_rec_td,
Bob Tucker,1978,11,1978-11-12,False,MIN,CHI,H,W,17,14,,2,41,0,0,0,0,0,0,0,0,,0,4.1,6.1,22562,False,targets;fum_rec_td,PFR+RULE2PT,19781112-CHI-MIN,False,fum_rec_td,False,True,fum_rec_td,
Bob Tucker,1978,12,1978-11-19,False,MIN,SDG,H,L,7,13,,5,47,0,0,0,0,0,0,0,0,,0,4.7,9.7,22562,False,targets;fum_rec_td,PFR+RULE2PT,19781119-SDG-MIN,False,fum_rec_td,False,True,fum_rec_td,
Bob Tucker,1978,13,1978-11-26,False,MIN,GNB,A,T,10,10,,2,17,0,0,0,0,0,0,0,0,,0,1.7,3.7,22562,False,targets;fum_rec_td,PFR+RULE2PT,19781126-MIN-GNB,False,fum_rec_td,False,True,fum_rec_td,
Bob Tucker,1978,14,1978-12-03,False,MIN,PHI,H,W,28,27,,4,49,0,0,0,0,0,0,0,0,,0,4.9,8.9,22562,False,targets;fum_rec_td,PFR+RULE2PT,19781203-PHI-MIN,False,fum_rec_td,False,True,fum_rec_td,
Bob Tucker,1978,15,1978-12-09,False,MIN,DET,A,L,14,45,,5,73,0,0,0,0,0,0,0,0,,0,7.3,12.3,22562,False,targets;fum_rec_td,PFR+RULE2PT,19781209-MIN-DET,False,fum_rec_td,False,True,fum_rec_td,
Bob Tucker,1978,16,1978-12-17,False,MIN,OAK,A,L,20,27,,3,45,0,0,0,0,0,0,0,0,,0,4.5,7.5,22562,False,targets;fum_rec_td,PFR+RULE2PT,19781217-MIN-OAK,False,fum_rec_td,False,True,fum_rec_td,
Bob Tucker,1978,17,1978-12-31,True,MIN,RAM,A,L,10,34,,4,48,0,0,0,0,0,0,0,0,,0,4.8,8.8,22562,False,targets;fum_rec_td,PFR+RULE2PT,19781231-MIN-RAM,False,fum_rec_td,False,True,fum_rec_td,
Bob Tucker,1979,1,1979-09-02,False,MIN,SFO,H,W,28,22,,2,23,0,0,0,0,0,0,0,0,,0,2.3,4.3,22562,False,targets;fum_rec_td,PFR+RULE2PT,19790902-SFO-MIN,False,fum_rec_td,False,True,fum_rec_td,
Bob Tucker,1979,2,1979-09-09,False,MIN,CHI,A,L,7,26,,0,0,0,0,0,0,0,0,0,0,,0,0.0,0.0,22562,False,targets;fum_rec_td,PFR+RULE2PT,19790909-MIN-CHI,False,fum_rec_td,False,True,fum_rec_td,
Bob Tucker,1979,3,1979-09-16,False,MIN,MIA,H,L,12,27,,1,-1,0,0,0,0,0,0,0,0,,0,-0.1,0.9,22562,False,targets;fum_rec_td,PFR+RULE2PT,19790916-MIA-MIN,False,fum_rec_td,False,True,fum_rec_td,
Bob Tucker,1979,4,1979-09-23,False,MIN,GNB,H,W,27,21,,1,14,0,0,0,0,0,0,0,0,,0,1.4,2.4,22562,False,targets;fum_rec_td,PFR+RULE2PT,19790923-GNB-MIN,False,fum_rec_td,False,True,fum_rec_td,
Bob Tucker,1979,5,1979-09-30,False,MIN,DET,A,W,13,10,,1,6,0,0,0,0,0,0,0,0,,0,0.6,1.6,22562,False,targets;fum_rec_td,PFR+RULE2PT,19790930-MIN-DET,False,fum_rec_td,False,True,fum_rec_td,
Bob Tucker,1979,6,1979-10-07,False,MIN,DAL,H,L,20,36,,2,6,1,0,0,0,0,0,0,0,,0,6.6,8.6,22562,False,targets;fum_rec_td,PFR+RULE2PT,19791007-DAL-MIN,False,fum_rec_td,False,True,fum_rec_td,
Bob Tucker,1979,7,1979-10-15,False,MIN,NYJ,A,L,7,14,,4,44,0,0,0,0,0,0,0,0,,0,4.4,8.4,22562,False,targets;fum_rec_td,PFR+RULE2PT,19791015-MIN-NYJ,False,fum_rec_td,False,True,fum_rec_td,
Bob Tucker,1979,8,1979-10-21,False,MIN,CHI,H,W,30,27,,2,33,0,0,0,0,0,0,0,0,,0,3.3,5.3,22562,False,targets;fum_rec_td,PFR+RULE2PT,19791021-CHI-MIN,False,fum_rec_td,False,True,fum_rec_td,
Bob Tucker,1979,9,1979-10-28,False,MIN,TAM,H,L,10,12,,1,7,0,0,0,0,0,0,0,0,,0,0.7,1.7,22562,False,targets;fum_rec_td,PFR+RULE2PT,19791028-TAM-MIN,False,fum_rec_td,False,True,fum_rec_td,
Bob Tucker,1979,10,1979-11-04,False,MIN,STL,A,L,7,37,,2,18,0,0,0,0,0,0,0,0,,0,1.8,3.8,22562,False,targets;fum_rec_td,PFR+RULE2PT,19791104-MIN-STL,False,fum_rec_td,False,True,fum_rec_td,
Bob Tucker,1979,11,1979-11-11,False,MIN,GNB,A,L,7,19,,2,18,1,0,0,0,0,0,0,0,,0,7.8,9.8,22562,False,targets;fum_rec_td,PFR+RULE2PT,19791111-MIN-GNB,False,fum_rec_td,False,True,fum_rec_td,
Bob Tucker,1979,12,1979-11-18,False,MIN,DET,H,W,14,7,,1,10,0,0,0,0,0,0,0,0,,0,1.0,2.0,22562,False,targets;fum_rec_td,PFR+RULE2PT,19791118-DET-MIN,False,fum_rec_td,False,True,fum_rec_td,
Bob Tucker,1979,13,1979-11-25,False,MIN,TAM,A,W,23,22,,2,17,0,0,0,0,0,0,0,0,,0,1.7,3.7,22562,False,targets;fum_rec_td,PFR+RULE2PT,19791125-MIN-TAM,False,fum_rec_td,False,True,fum_rec_td,
Bob Tucker,1979,14,1979-12-02,False,MIN,RAM,A,L,21,27,,1,8,0,0,0,0,0,0,0,0,,0,0.8,1.8,22562,False,targets;fum_rec_td,PFR+RULE2PT,19791202-MIN-RAM,False,fum_rec_td,False,True,fum_rec_td,
Bob Tucker,1979,15,1979-12-09,False,MIN,BUF,H,W,10,3,,1,6,0,0,0,0,0,0,0,0,,0,0.6,1.6,22562,False,targets;fum_rec_td,PFR+RULE2PT,19791209-BUF-MIN,False,fum_rec_td,False,True,fum_rec_td,
Bob Tucker,1979,16,1979-12-16,False,MIN,NWE,A,L,23,27,,1,14,0,0,0,0,0,0,0,0,,0,1.4,2.4,22562,False,targets;fum_rec_td,PFR+RULE2PT,19791216-MIN-NWE,False,fum_rec_td,False,True,fum_rec_td,
Raymond Chester,1970,1,1970-09-20,False,OAK,CIN,A,L,21,31,,3,89,0,0,0,0,0,0,0,0,,0,8.9,11.9,3830,False,targets;fum_rec_td,PFR+RULE2PT,19700920-OAK-CIN,False,fum_rec_td,False,True,fum_rec_td,
Raymond Chester,1970,2,1970-09-27,False,OAK,SDG,A,T,27,27,,3,20,0,0,0,0,0,0,0,0,,0,2.0,5.0,3830,False,targets;fum_rec_td,PFR+RULE2PT,19700927-OAK-SDG,False,fum_rec_td,False,True,fum_rec_td,
Raymond Chester,1970,3,1970-10-03,False,OAK,MIA,A,L,13,20,,1,15,0,0,0,0,0,0,0,0,,0,1.5,2.5,3830,False,targets;fum_rec_td,PFR+RULE2PT,19701003-OAK-MIA,False,fum_rec_td,False,True,fum_rec_td,
Raymond Chester,1970,4,1970-10-11,False,OAK,DEN,H,W,35,23,,4,31,1,0,0,0,0,0,0,0,,0,9.1,13.1,3830,False,targets;fum_rec_td,PFR+RULE2PT,19701011-DEN-OAK,False,fum_rec_td,False,True,fum_rec_td,
Raymond Chester,1970,5,1970-10-19,False,OAK,WAS,H,W,34,20,,8,110,0,0,0,0,0,0,0,0,,0,11.0,19.0,3830,False,targets;fum_rec_td,PFR+RULE2PT,19701019-WAS-OAK,False,fum_rec_td,False,True,fum_rec_td,
Raymond Chester,1970,6,1970-10-25,False,OAK,PIT,H,W,31,14,,5,107,3,0,0,0,0,0,0,0,,0,28.7,33.7,3830,False,targets;fum_rec_td,PFR+RULE2PT,19701025-PIT-OAK,False,fum_rec_td,False,True,fum_rec_td,
Raymond Chester,1970,7,1970-11-01,False,OAK,KAN,A,T,17,17,,6,29,2,0,0,0,0,0,0,0,,0,14.9,20.9,3830,False,targets;fum_rec_td,PFR+RULE2PT,19701101-OAK-KAN,False,fum_rec_td,False,True,fum_rec_td,
Raymond Chester,1970,8,1970-11-08,False,OAK,CLE,H,W,23,20,,1,13,0,0,0,0,0,0,0,0,,0,1.3,2.3,3830,False,targets;fum_rec_td,PFR+RULE2PT,19701108-CLE-OAK,False,fum_rec_td,False,True,fum_rec_td,
Raymond Chester,1970,9,1970-11-15,False,OAK,DEN,A,W,24,19,,1,4,0,0,0,0,0,0,0,0,,0,0.4,1.4,3830,False,targets;fum_rec_td,PFR+RULE2PT,19701115-OAK-DEN,False,fum_rec_td,False,True,fum_rec_td,
Raymond Chester,1970,10,1970-11-22,False,OAK,SDG,H,W,20,17,,2,25,0,0,0,0,0,0,0,0,,0,2.5,4.5,3830,False,targets;fum_rec_td,PFR+RULE2PT,19701122-SDG-OAK,False,fum_rec_td,False,True,fum_rec_td,
Raymond Chester,1970,11,1970-11-26,False,OAK,DET,A,L,14,28,,2,19,0,0,0,0,0,0,0,0,,0,1.9,3.9,3830,False,targets;fum_rec_td,PFR+RULE2PT,19701126-OAK-DET,False,fum_rec_td,False,True,fum_rec_td,
Raymond Chester,1970,12,1970-12-06,False,OAK,NYJ,A,W,14,13,,3,39,0,0,0,0,0,0,0,0,,0,3.9,6.9,3830,False,targets;fum_rec_td,PFR+RULE2PT,19701206-OAK-NYJ,False,fum_rec_td,False,True,fum_rec_td,
Raymond Chester,1970,13,1970-12-12,False,OAK,KAN,H,W,20,6,,1,7,0,0,0,0,0,0,0,0,,0,0.7,1.7,3830,False,targets;fum_rec_td,PFR+RULE2PT,19701212-KAN-OAK,False,fum_rec_td,False,True,fum_rec_td,
Raymond Chester,1970,14,1970-12-20,False,OAK,SFO,H,L,7,38,,2,48,1,0,0,0,0,0,0,0,,0,10.8,12.8,3830,False,targets;fum_rec_td,PFR+RULE2PT,19701220-SFO-OAK,False,fum_rec_td,False,True,fum_rec_td,
Raymond Chester,1970,15,1970-12-27,True,OAK,MIA,H,W,21,14,,2,47,0,0,0,0,0,0,0,0,,0,4.7,6.7,3830,False,targets;fum_rec_td,PFR+RULE2PT,19701227-MIA-OAK,False,fum_rec_td,False,True,fum_rec_td,
Raymond Chester,1970,16,1971-01-03,True,OAK,BAL,A,L,17,27,,2,36,0,0,0,0,0,0,0,0,,0,3.6,5.6,3830,False,targets;fum_rec_td,PFR+RULE2PT,19710103-OAK-BAL,False,fum_rec_td,False,True,fum_rec_td,
Raymond Chester,1971,1,1971-09-19,False,OAK,NWE,A,L,6,20,,2,26,0,0,0,0,0,0,0,0,,0,2.6,4.6,3830,False,targets;fum_rec_td,PFR+RULE2PT,19710919-OAK-NWE,False,fum_rec_td,False,True,fum_rec_td,
Raymond Chester,1971,2,1971-09-26,False,OAK,SDG,A,W,34,0,,3,45,0,0,0,0,0,0,0,0,,0,4.5,7.5,3830,False,targets;fum_rec_td,PFR+RULE2PT,19710926-OAK-SDG,False,fum_rec_td,False,True,fum_rec_td,
Raymond Chester,1971,3,1971-10-04,False,OAK,CLE,A,W,34,20,,3,43,2,0,0,0,0,0,0,0,,0,16.3,19.3,3830,False,targets;fum_rec_td,PFR+RULE2PT,19711004-OAK-CLE,False,fum_rec_td,False,True,fum_rec_td,
Raymond Chester,1971,4,1971-10-10,False,OAK,DEN,A,W,27,16,,2,32,1,0,0,0,0,0,0,0,,0,9.2,11.2,3830,False,targets;fum_rec_td,PFR+RULE2PT,19711010-OAK-DEN,False,fum_rec_td,False,True,fum_rec_td,
Raymond Chester,1971,5,1971-10-17,False,OAK,PHI,H,W,34,10,,1,10,0,0,0,0,0,0,0,0,,0,1.0,2.0,3830,False,targets;fum_rec_td,PFR+RULE2PT,19711017-PHI-OAK,False,fum_rec_td,False,True,fum_rec_td,
Raymond Chester,1971,6,1971-10-24,False,OAK,CIN,H,W,31,27,,2,32,1,0,0,0,0,0,0,0,,0,9.2,11.2,3830,False,targets;fum_rec_td,PFR+RULE2PT,19711024-CIN-OAK,False,fum_rec_td,False,True,fum_rec_td,
Raymond Chester,1971,7,1971-10-31,False,OAK,KAN,H,T,20,20,,2,38,0,0,0,0,0,0,0,0,,0,3.8,5.8,3830,False,targets;fum_rec_td,PFR+RULE2PT,19711031-KAN-OAK,False,fum_rec_td,False,True,fum_rec_td,
Raymond Chester,1971,8,1971-11-07,False,OAK,NOR,A,T,21,21,,3,40,0,0,0,0,0,0,0,0,,0,4.0,7.0,3830,False,targets;fum_rec_td,PFR+RULE2PT,19711107-OAK-NOR,False,fum_rec_td,False,True,fum_rec_td,
Raymond Chester,1971,9,1971-11-14,False,OAK,HOU,H,W,41,21,,1,12,0,0,0,0,0,0,0,0,,0,1.2,2.2,3830,False,targets;fum_rec_td,PFR+RULE2PT,19711114-HOU-OAK,False,fum_rec_td,False,True,fum_rec_td,
Raymond Chester,1971,10,1971-11-21,False,OAK,SDG,H,W,34,33,,2,29,2,0,0,0,0,0,0,0,,0,14.9,16.9,3830,False,targets;fum_rec_td,PFR+RULE2PT,19711121-SDG-OAK,False,fum_rec_td,False,True,fum_rec_td,
Raymond Chester,1971,11,1971-11-28,False,OAK,BAL,H,L,14,37,,3,40,0,0,0,0,0,0,0,0,,0,4.0,7.0,3830,False,targets;fum_rec_td,PFR+RULE2PT,19711128-BAL-OAK,False,fum_rec_td,False,True,fum_rec_td,
Raymond Chester,1971,12,1971-12-05,False,OAK,ATL,A,L,13,24,,2,20,0,1,6,0,0,0,0,0,,0,2.6,4.6,3830,False,targets;fum_rec_td,PFR+RULE2PT,19711205-OAK-ATL,False,fum_rec_td,False,True,fum_rec_td,
Raymond Chester,1971,13,1971-12-12,False,OAK,KAN,A,L,14,16,,1,8,0,1,1,0,0,0,0,0,,0,0.9,1.9,3830,False,targets;fum_rec_td,PFR+RULE2PT,19711212-OAK-KAN,False,fum_rec_td,False,True,fum_rec_td,
Raymond Chester,1971,14,1971-12-19,False,OAK,DEN,H,W,21,13,,1,67,1,1,-2,0,0,0,0,0,,0,12.5,13.5,3830,False,targets;fum_rec_td,PFR+RULE2PT,19711219-DEN-OAK,False,fum_rec_td,False,True,fum_rec_td,
Raymond Chester,1972,1,1972-09-17,False,OAK,PIT,A,L,28,34,,3,63,1,0,0,0,0,0,0,0,,0,12.3,15.3,3830,False,targets;fum_rec_td,PFR+RULE2PT,19720917-OAK-PIT,False,fum_rec_td,False,True,fum_rec_td,
Raymond Chester,1972,3,1972-10-01,False,OAK,SDG,H,T,17,17,,2,38,1,0,0,0,0,0,0,0,,0,9.8,11.8,3830,False,targets;fum_rec_td,PFR+RULE2PT,19721001-SDG-OAK,False,fum_rec_td,False,True,fum_rec_td,
Raymond Chester,1972,4,1972-10-09,False,OAK,HOU,A,W,34,0,,0,0,0,1,3,0,0,0,0,0,,0,0.3,0.3,3830,False,targets;fum_rec_td,PFR+RULE2PT,19721009-OAK-HOU,False,fum_rec_td,False,True,fum_rec_td,
Raymond Chester,1972,5,1972-10-15,False,OAK,BUF,H,W,28,16,,4,84,1,0,0,0,0,0,0,0,,0,14.4,18.4,3830,False,targets;fum_rec_td,PFR+RULE2PT,19721015-BUF-OAK,False,fum_rec_td,False,True,fum_rec_td,
Raymond Chester,1972,6,1972-10-22,False,OAK,DEN,H,L,23,30,,5,56,0,0,0,0,0,0,0,0,,0,5.6,10.6,3830,False,targets;fum_rec_td,PFR+RULE2PT,19721022-DEN-OAK,False,fum_rec_td,False,True,fum_rec_td,
Raymond Chester,1972,7,1972-10-29,False,OAK,RAM,H,W,45,17,,3,48,1,0,0,0,0,0,0,0,,0,10.8,13.8,3830,False,targets;fum_rec_td,PFR+RULE2PT,19721029-RAM-OAK,False,fum_rec_td,False,True,fum_rec_td,
Raymond Chester,1972,8,1972-11-05,False,OAK,KAN,A,L,14,27,,3,28,1,0,0,0,0,0,0,0,,0,8.8,11.8,3830,False,targets;fum_rec_td,PFR+RULE2PT,19721105-OAK-KAN,False,fum_rec_td,False,True,fum_rec_td,
Raymond Chester,1972,9,1972-11-12,False,OAK,CIN,A,W,20,14,,0,0,0,0,0,0,0,0,0,0,,0,0.0,0.0,3830,False,targets;fum_rec_td,PFR+RULE2PT,19721112-OAK-CIN,False,fum_rec_td,False,True,fum_rec_td,
Raymond Chester,1972,10,1972-11-19,False,OAK,DEN,A,W,37,20,,6,90,0,0,0,0,0,0,0,0,,0,9.0,15.0,3830,False,targets;fum_rec_td,PFR+RULE2PT,19721119-OAK-DEN,False,fum_rec_td,False,True,fum_rec_td,
Raymond Chester,1972,11,1972-11-26,False,OAK,KAN,H,W,26,3,,1,19,1,0,0,0,0,0,0,0,,0,7.9,8.9,3830,False,targets;fum_rec_td,PFR+RULE2PT,19721126-KAN-OAK,False,fum_rec_td,False,True,fum_rec_td,
Raymond Chester,1972,12,1972-12-03,False,OAK,SDG,A,W,21,19,,2,31,1,0,0,0,0,0,0,0,,0,9.1,11.1,3830,False,targets;fum_rec_td,PFR+RULE2PT,19721203-OAK-SDG,False,fum_rec_td,False,True,fum_rec_td,
Raymond Chester,1972,13,1972-12-11,False,OAK,NYJ,H,W,24,16,,2,84,1,0,0,0,0,0,0,0,,0,14.4,16.4,3830,False,targets;fum_rec_td,PFR+RULE2PT,19721211-NYJ-OAK,False,fum_rec_td,False,True,fum_rec_td,
Raymond Chester,1972,14,1972-12-17,False,OAK,CHI,H,W,28,21,,3,35,0,0,0,0,0,0,0,0,,0,3.5,6.5,3830,False,targets;fum_rec_td,PFR+RULE2PT,19721217-CHI-OAK,False,fum_rec_td,False,True,fum_rec_td,
Raymond Chester,1972,15,1972-12-23,True,OAK,PIT,A,L,7,13,,3,40,0,0,0,0,0,0,0,0,,0,4.0,7.0,3830,False,targets;fum_rec_td,PFR+RULE2PT,19721223-OAK-PIT,False,fum_rec_td,False,True,fum_rec_td,
Raymond Chester,1973,1,1973-09-16,False,BAL,CLE,A,L,14,24,,2,14,0,0,0,0,0,0,0,0,,0,1.4,3.4,3830,False,targets;fum_rec_td,PFR+RULE2PT,19730916-BAL-CLE,False,fum_rec_td,False,True,fum_rec_td,
Raymond Chester,1973,2,1973-09-23,False,BAL,NYJ,H,L,10,34,,1,5,0,0,0,0,0,0,0,0,,0,0.5,1.5,3830,False,targets;fum_rec_td,PFR+RULE2PT,19730923-NYJ-BAL,False,fum_rec_td,False,True,fum_rec_td,
Raymond Chester,1973,3,1973-09-30,False,BAL,NOR,H,W,14,10,,0,0,0,0,0,0,0,0,0,0,,0,0.0,0.0,3830,False,targets;fum_rec_td,PFR+RULE2PT,19730930-NOR-BAL,False,fum_rec_td,False,True,fum_rec_td,
Raymond Chester,1973,4,1973-10-07,False,BAL,NWE,A,L,16,24,,1,4,0,0,0,0,0,0,0,0,,0,0.4,1.4,3830,False,targets;fum_rec_td,PFR+RULE2PT,19731007-BAL-NWE,False,fum_rec_td,False,True,fum_rec_td,
Raymond Chester,1973,5,1973-10-14,False,BAL,BUF,A,L,13,31,,0,0,0,0,0,0,0,0,0,0,,0,0.0,0.0,3830,False,targets;fum_rec_td,PFR+RULE2PT,19731014-BAL-BUF,False,fum_rec_td,False,True,fum_rec_td,
Raymond Chester,1973,6,1973-10-21,False,BAL,DET,A,W,29,27,,1,8,0,0,0,0,0,0,0,0,,0,0.8,1.8,3830,False,targets;fum_rec_td,PFR+RULE2PT,19731021-BAL-DET,False,fum_rec_td,False,True,fum_rec_td,
Raymond Chester,1973,7,1973-10-28,False,BAL,OAK,H,L,21,34,,5,46,1,0,0,0,0,0,0,0,,0,10.6,15.6,3830,False,targets;fum_rec_td,PFR+RULE2PT,19731028-OAK-BAL,False,fum_rec_td,False,True,fum_rec_td,
Raymond Chester,1973,8,1973-11-04,False,BAL,HOU,H,L,27,31,,3,68,0,0,0,0,0,0,0,0,,0,6.8,9.8,3830,False,targets;fum_rec_td,PFR+RULE2PT,19731104-HOU-BAL,False,fum_rec_td,False,True,fum_rec_td,
Raymond Chester,1973,9,1973-11-11,False,BAL,MIA,A,L,0,44,,1,8,0,1,1,0,0,0,0,0,,0,0.9,1.9,3830,False,targets;fum_rec_td,PFR+RULE2PT,19731111-BAL-MIA,False,fum_rec_td,False,True,fum_rec_td,
Raymond Chester,1973,10,1973-11-18,False,BAL,WAS,A,L,14,22,,1,11,0,0,0,0,0,0,0,0,,0,1.1,2.1,3830,False,targets;fum_rec_td,PFR+RULE2PT,19731118-BAL-WAS,False,fum_rec_td,False,True,fum_rec_td,
Raymond Chester,1973,11,1973-11-25,False,BAL,BUF,H,L,17,24,,0,0,0,0,0,0,0,0,0,0,,0,0.0,0.0,3830,False,targets;fum_rec_td,PFR+RULE2PT,19731125-BUF-BAL,False,fum_rec_td,False,True,fum_rec_td,
Raymond Chester,1973,12,1973-12-02,False,BAL,NYJ,A,L,17,20,,3,17,0,0,0,0,0,0,0,0,,0,1.7,4.7,3830,False,targets;fum_rec_td,PFR+RULE2PT,19731202-BAL-NYJ,False,fum_rec_td,False,True,fum_rec_td,
Raymond Chester,1973,14,1973-12-16,False,BAL,NWE,H,W,18,13,,0,0,0,0,0,0,0,0,0,0,,0,0.0,0.0,3830,False,targets;fum_rec_td,PFR+RULE2PT,19731216-NWE-BAL,False,fum_rec_td,False,True,fum_rec_td,
Raymond Chester,1974,1,1974-09-15,False,BAL,PIT,A,L,0,30,,3,34,0,0,0,0,0,0,0,0,,0,3.4,6.4,3830,False,targets;fum_rec_td,PFR+RULE2PT,19740915-BAL-PIT,False,fum_rec_td,False,True,fum_rec_td,
Raymond Chester,1974,2,1974-09-22,False,BAL,GNB,H,L,13,20,,3,34,0,0,0,0,0,0,0,0,,0,3.4,6.4,3830,False,targets;fum_rec_td,PFR+RULE2PT,19740922-GNB-BAL,False,fum_rec_td,False,True,fum_rec_td,
Raymond Chester,1974,3,1974-09-29,False,BAL,PHI,A,L,10,30,,4,38,0,0,0,0,0,0,0,0,,0,3.8,7.8,3830,False,targets;fum_rec_td,PFR+RULE2PT,19740929-BAL-PHI,False,fum_rec_td,False,True,fum_rec_td,
Raymond Chester,1974,4,1974-10-06,False,BAL,NWE,A,L,3,42,,3,26,0,0,0,0,0,0,0,0,,0,2.6,5.6,3830,False,targets;fum_rec_td,PFR+RULE2PT,19741006-BAL-NWE,False,fum_rec_td,False,True,fum_rec_td,
Raymond Chester,1974,5,1974-10-13,False,BAL,BUF,H,L,14,27,,2,21,0,0,0,0,0,0,0,0,,0,2.1,4.1,3830,False,targets;fum_rec_td,PFR+RULE2PT,19741013-BUF-BAL,False,fum_rec_td,False,True,fum_rec_td,
Raymond Chester,1974,6,1974-10-20,False,BAL,NYJ,A,W,35,20,,1,6,0,0,0,0,0,0,0,0,,0,0.6,1.6,3830,False,targets;fum_rec_td,PFR+RULE2PT,19741020-BAL-NYJ,False,fum_rec_td,False,True,fum_rec_td,
Raymond Chester,1974,7,1974-10-27,False,BAL,MIA,A,L,7,17,,1,6,0,0,0,0,0,0,0,0,,0,0.6,1.6,3830,False,targets;fum_rec_td,PFR+RULE2PT,19741027-BAL-MIA,False,fum_rec_td,False,True,fum_rec_td,
Raymond Chester,1974,8,1974-11-03,False,BAL,CIN,H,L,14,24,,4,32,0,0,0,0,0,0,0,0,,0,3.2,7.2,3830,False,targets;fum_rec_td,PFR+RULE2PT,19741103-CIN-BAL,False,fum_rec_td,False,True,fum_rec_td,
Raymond Chester,1974,9,1974-11-10,False,BAL,DEN,H,L,6,17,,2,22,0,0,0,0,0,0,0,0,,0,2.2,4.2,3830,False,targets;fum_rec_td,PFR+RULE2PT,19741110-DEN-BAL,False,fum_rec_td,False,True,fum_rec_td,
Raymond Chester,1974,10,1974-11-17,False,BAL,ATL,A,W,17,7,,1,41,0,0,0,0,0,0,0,0,,0,4.1,5.1,3830,False,targets;fum_rec_td,PFR+RULE2PT,19741117-BAL-ATL,False,fum_rec_td,False,True,fum_rec_td,
Raymond Chester,1974,11,1974-11-24,False,BAL,NWE,H,L,17,27,,2,25,0,0,0,0,0,0,0,0,,0,2.5,4.5,3830,False,targets;fum_rec_td,PFR+RULE2PT,19741124-NWE-BAL,False,fum_rec_td,False,True,fum_rec_td,
Raymond Chester,1974,12,1974-12-01,False,BAL,BUF,A,L,0,6,,2,57,0,0,0,0,0,0,0,0,,0,5.7,7.7,3830,False,targets;fum_rec_td,PFR+RULE2PT,19741201-BAL-BUF,False,fum_rec_td,False,True,fum_rec_td,
Raymond Chester,1974,13,1974-12-08,False,BAL,MIA,H,L,16,17,,1,17,0,0,0,0,0,0,0,0,,0,1.7,2.7,3830,False,targets;fum_rec_td,PFR+RULE2PT,19741208-MIA-BAL,False,fum_rec_td,False,True,fum_rec_td,
Raymond Chester,1974,14,1974-12-15,False,BAL,NYJ,H,L,38,45,,8,102,1,0,0,0,0,0,0,0,,0,16.2,24.2,3830,False,targets;fum_rec_td,PFR+RULE2PT,19741215-NYJ-BAL,False,fum_rec_td,False,True,fum_rec_td,
Raymond Chester,1975,1,1975-09-21,False,BAL,CHI,A,W,35,7,,5,73,0,0,0,0,0,0,0,0,,0,7.3,12.3,3830,False,targets;fum_rec_td,PFR+RULE2PT,19750921-BAL-CHI,False,fum_rec_td,False,True,fum_rec_td,
Raymond Chester,1975,2,1975-09-28,False,BAL,OAK,H,L,20,31,,5,65,0,0,0,0,0,0,0,0,,0,6.5,11.5,3830,False,targets;fum_rec_td,PFR+RULE2PT,19750928-OAK-BAL,False,fum_rec_td,False,True,fum_rec_td,
Raymond Chester,1975,3,1975-10-05,False,BAL,RAM,A,L,13,24,,2,15,0,0,0,0,0,0,0,0,,0,1.5,3.5,3830,False,targets;fum_rec_td,PFR+RULE2PT,19751005-BAL-RAM,False,fum_rec_td,False,True,fum_rec_td,
Raymond Chester,1975,4,1975-10-12,False,BAL,BUF,H,L,31,38,,2,19,0,0,0,0,0,0,0,0,,0,1.9,3.9,3830,False,targets;fum_rec_td,PFR+RULE2PT,19751012-BUF-BAL,False,fum_rec_td,False,True,fum_rec_td,
Raymond Chester,1975,5,1975-10-19,False,BAL,NWE,A,L,10,21,,3,33,0,0,0,0,0,0,0,0,,0,3.3,6.3,3830,False,targets;fum_rec_td,PFR+RULE2PT,19751019-BAL-NWE,False,fum_rec_td,False,True,fum_rec_td,
Raymond Chester,1975,6,1975-10-26,False,BAL,NYJ,A,W,45,28,,1,8,0,0,0,0,0,0,0,0,,0,0.8,1.8,3830,False,targets;fum_rec_td,PFR+RULE2PT,19751026-BAL-NYJ,False,fum_rec_td,False,True,fum_rec_td,
Raymond Chester,1975,7,1975-11-02,False,BAL,CLE,H,W,21,7,,5,47,1,0,0,0,0,0,0,0,,0,10.7,15.7,3830,False,targets;fum_rec_td,PFR+RULE2PT,19751102-CLE-BAL,False,fum_rec_td,False,True,fum_rec_td,
Raymond Chester,1975,8,1975-11-09,False,BAL,BUF,A,W,42,35,,3,31,0,0,0,0,0,0,0,0,,0,3.1,6.1,3830,False,targets;fum_rec_td,PFR+RULE2PT,19751109-BAL-BUF,False,fum_rec_td,False,True,fum_rec_td,
Raymond Chester,1975,9,1975-11-16,False,BAL,NYJ,H,W,52,19,,0,0,0,0,0,0,0,0,0,0,,0,0.0,0.0,3830,False,targets;fum_rec_td,PFR+RULE2PT,19751116-NYJ-BAL,False,fum_rec_td,False,True,fum_rec_td,
Raymond Chester,1975,10,1975-11-23,False,BAL,MIA,A,W,33,17,,0,0,0,0,0,0,0,0,0,0,,0,0.0,0.0,3830,False,targets;fum_rec_td,PFR+RULE2PT,19751123-BAL-MIA,False,fum_rec_td,False,True,fum_rec_td,
Raymond Chester,1975,11,1975-11-30,False,BAL,KAN,H,W,28,14,,4,63,1,0,0,0,0,0,0,0,,0,12.3,16.3,3830,False,targets;fum_rec_td,PFR+RULE2PT,19751130-KAN-BAL,False,fum_rec_td,False,True,fum_rec_td,
Raymond Chester,1975,12,1975-12-07,False,BAL,NYG,A,W,21,0,,0,0,0,0,0,0,0,0,0,0,,0,0.0,0.0,3830,False,targets;fum_rec_td,PFR+RULE2PT,19751207-BAL-NYG,False,fum_rec_td,False,True,fum_rec_td,
Raymond Chester,1975,13,1975-12-14,False,BAL,MIA,H,W,10,7,,5,64,0,0,0,0,0,0,0,0,,0,6.4,11.4,3830,False,targets;fum_rec_td,PFR+RULE2PT,19751214-MIA-BAL,False,fum_rec_td,False,True,fum_rec_td,
Raymond Chester,1975,14,1975-12-21,False,BAL,NWE,H,W,34,21,,3,39,1,0,0,0,0,0,0,0,,0,9.9,12.9,3830,False,targets;fum_rec_td,PFR+RULE2PT,19751221-NWE-BAL,False,fum_rec_td,False,True,fum_rec_td,
Raymond Chester,1975,15,1975-12-27,True,BAL,PIT,A,L,10,28,,0,0,0,0,0,0,0,0,0,0,,0,0.0,0.0,3830,False,targets;fum_rec_td,PFR+RULE2PT,19751227-BAL-PIT,False,fum_rec_td,False,True,fum_rec_td,
Raymond Chester,1976,1,1976-09-12,False,BAL,NWE,A,W,27,13,,1,18,0,0,0,0,0,0,0,0,,0,1.8,2.8,3830,False,targets;fum_rec_td,PFR+RULE2PT,19760912-BAL-NWE,False,fum_rec_td,False,True,fum_rec_td,
Raymond Chester,1976,2,1976-09-19,False,BAL,CIN,H,W,28,27,,0,0,0,0,0,0,0,0,0,0,,0,0.0,0.0,3830,False,targets;fum_rec_td,PFR+RULE2PT,19760919-CIN-BAL,False,fum_rec_td,False,True,fum_rec_td,
Raymond Chester,1976,3,1976-09-26,False,BAL,DAL,A,L,27,30,,1,23,0,0,0,0,0,0,0,0,,0,2.3,3.3,3830,False,targets;fum_rec_td,PFR+RULE2PT,19760926-BAL-DAL,False,fum_rec_td,False,True,fum_rec_td,
Raymond Chester,1976,4,1976-10-03,False,BAL,TAM,H,W,42,17,,2,22,0,0,0,0,0,0,0,0,,0,2.2,4.2,3830,False,targets;fum_rec_td,PFR+RULE2PT,19761003-TAM-BAL,False,fum_rec_td,False,True,fum_rec_td,
Raymond Chester,1976,5,1976-10-10,False,BAL,MIA,H,W,28,14,,5,106,0,0,0,0,0,0,0,0,,0,10.6,15.6,3830,False,targets;fum_rec_td,PFR+RULE2PT,19761010-MIA-BAL,False,fum_rec_td,False,True,fum_rec_td,
Raymond Chester,1976,6,1976-10-17,False,BAL,BUF,A,W,31,13,,3,62,0,0,0,0,0,0,0,0,,0,6.2,9.2,3830,False,targets;fum_rec_td,PFR+RULE2PT,19761017-BAL-BUF,False,fum_rec_td,False,True,fum_rec_td,
Raymond Chester,1976,7,1976-10-24,False,BAL,NYJ,A,W,20,0,,2,12,0,0,0,0,0,0,0,0,,0,1.2,3.2,3830,False,targets;fum_rec_td,PFR+RULE2PT,19761024-BAL-NYJ,False,fum_rec_td,False,True,fum_rec_td,
Raymond Chester,1976,8,1976-11-01,False,BAL,HOU,H,W,38,14,,2,47,0,0,0,0,0,0,0,0,,0,4.7,6.7,3830,False,targets;fum_rec_td,PFR+RULE2PT,19761101-HOU-BAL,False,fum_rec_td,False,True,fum_rec_td,
Raymond Chester,1976,9,1976-11-07,False,BAL,SDG,A,W,37,21,,2,32,0,0,0,0,0,0,0,0,,0,3.2,5.2,3830,False,targets;fum_rec_td,PFR+RULE2PT,19761107-BAL-SDG,False,fum_rec_td,False,True,fum_rec_td,
Raymond Chester,1976,10,1976-11-14,False,BAL,NWE,H,L,14,21,,0,0,0,0,0,0,0,0,0,0,,0,0.0,0.0,3830,False,targets;fum_rec_td,PFR+RULE2PT,19761114-NWE-BAL,False,fum_rec_td,False,True,fum_rec_td,
Raymond Chester,1976,11,1976-11-22,False,BAL,MIA,A,W,17,16,,2,47,1,0,0,0,0,0,0,0,,0,10.7,12.7,3830,False,targets;fum_rec_td,PFR+RULE2PT,19761122-BAL-MIA,False,fum_rec_td,False,True,fum_rec_td,
Raymond Chester,1976,12,1976-11-28,False,BAL,NYJ,H,W,33,16,,0,0,0,0,0,0,0,0,0,0,,0,0.0,0.0,3830,False,targets;fum_rec_td,PFR+RULE2PT,19761128-NYJ-BAL,False,fum_rec_td,False,True,fum_rec_td,
Raymond Chester,1976,13,1976-12-04,False,BAL,STL,A,L,17,24,,2,47,1,0,0,0,0,0,0,0,,0,10.7,12.7,3830,False,targets;fum_rec_td,PFR+RULE2PT,19761204-BAL-STL,False,fum_rec_td,False,True,fum_rec_td,
Raymond Chester,1976,14,1976-12-12,False,BAL,BUF,H,W,58,20,,2,51,1,0,0,0,0,0,0,0,,0,11.1,13.1,3830,False,targets;fum_rec_td,PFR+RULE2PT,19761212-BUF-BAL,False,fum_rec_td,False,True,fum_rec_td,
Raymond Chester,1976,15,1976-12-19,True,BAL,PIT,H,L,14,40,,3,42,0,0,0,0,0,0,0,0,,0,4.2,7.2,3830,False,targets;fum_rec_td,PFR+RULE2PT,19761219-PIT-BAL,False,fum_rec_td,False,True,fum_rec_td,
Raymond Chester,1977,1,1977-09-18,False,BAL,SEA,A,W,29,14,,0,0,0,0,0,0,0,0,0,0,,0,0.0,0.0,3830,False,targets;fum_rec_td,PFR+RULE2PT,19770918-BAL-SEA,False,fum_rec_td,False,True,fum_rec_td,
Raymond Chester,1977,2,1977-09-25,False,BAL,NYJ,A,W,20,12,,0,0,0,0,0,0,0,0,0,0,,0,0.0,0.0,3830,False,targets;fum_rec_td,PFR+RULE2PT,19770925-BAL-NYJ,False,fum_rec_td,False,True,fum_rec_td,
Raymond Chester,1977,3,1977-10-02,False,BAL,BUF,H,W,17,14,,3,24,0,0,0,0,0,0,0,0,,0,2.4,5.4,3830,False,targets;fum_rec_td,PFR+RULE2PT,19771002-BUF-BAL,False,fum_rec_td,False,True,fum_rec_td,
Raymond Chester,1977,4,1977-10-09,False,BAL,MIA,H,W,45,28,,3,93,1,0,0,0,0,0,0,0,,0,15.3,18.3,3830,False,targets;fum_rec_td,PFR+RULE2PT,19771009-MIA-BAL,False,fum_rec_td,False,True,fum_rec_td,
Raymond Chester,1977,5,1977-10-16,False,BAL,KAN,A,W,17,6,,1,10,0,0,0,0,0,0,0,0,,0,1.0,2.0,3830,False,targets;fum_rec_td,PFR+RULE2PT,19771016-BAL-KAN,False,fum_rec_td,False,True,fum_rec_td,
Raymond Chester,1977,6,1977-10-23,False,BAL,NWE,A,L,3,17,,3,36,0,0,0,0,0,0,0,0,,0,3.6,6.6,3830,False,targets;fum_rec_td,PFR+RULE2PT,19771023-BAL-NWE,False,fum_rec_td,False,True,fum_rec_td,
Raymond Chester,1977,7,1977-10-30,False,BAL,PIT,H,W,31,21,,1,9,0,0,0,0,0,0,0,0,,0,0.9,1.9,3830,False,targets;fum_rec_td,PFR+RULE2PT,19771030-PIT-BAL,False,fum_rec_td,False,True,fum_rec_td,
Raymond Chester,1977,8,1977-11-07,False,BAL,WAS,H,W,10,3,,3,55,0,0,0,0,0,0,0,0,,0,5.5,8.5,3830,False,targets;fum_rec_td,PFR+RULE2PT,19771107-WAS-BAL,False,fum_rec_td,False,True,fum_rec_td,
Raymond Chester,1977,9,1977-11-13,False,BAL,BUF,A,W,31,13,,0,0,0,0,0,0,0,0,0,0,,0,0.0,0.0,3830,False,targets;fum_rec_td,PFR+RULE2PT,19771113-BAL-BUF,False,fum_rec_td,False,True,fum_rec_td,
Raymond Chester,1977,10,1977-11-20,False,BAL,NYJ,H,W,33,12,,5,102,1,0,0,0,0,0,0,0,,0,16.2,21.2,3830,False,targets;fum_rec_td,PFR+RULE2PT,19771120-NYJ-BAL,False,fum_rec_td,False,True,fum_rec_td,
Raymond Chester,1977,11,1977-11-27,False,BAL,DEN,A,L,13,27,,2,23,0,0,0,0,0,0,0,0,,0,2.3,4.3,3830,False,targets;fum_rec_td,PFR+RULE2PT,19771127-BAL-DEN,False,fum_rec_td,False,True,fum_rec_td,
Raymond Chester,1977,12,1977-12-05,False,BAL,MIA,A,L,6,17,,1,29,0,0,0,0,0,0,0,0,,0,2.9,3.9,3830,False,targets;fum_rec_td,PFR+RULE2PT,19771205-BAL-MIA,False,fum_rec_td,False,True,fum_rec_td,
Raymond Chester,1977,13,1977-12-11,False,BAL,DET,H,L,10,13,,5,53,0,0,0,0,0,0,0,0,,0,5.3,10.3,3830,False,targets;fum_rec_td,PFR+RULE2PT,19771211-DET-BAL,False,fum_rec_td,False,True,fum_rec_td,
Raymond Chester,1977,14,1977-12-18,False,BAL,NWE,H,W,30,24,,4,122,1,0,0,0,0,0,0,0,,0,18.2,22.2,3830,False,targets;fum_rec_td,PFR+RULE2PT,19771218-NWE-BAL,False,fum_rec_td,False,True,fum_rec_td,
Raymond Chester,1977,15,1977-12-24,True,BAL,OAK,H,L,31,37,,1,30,0,0,0,0,0,0,0,0,,0,3.0,4.0,3830,False,targets;fum_rec_td,PFR+RULE2PT,19771224-OAK-BAL,False,fum_rec_td,False,True,fum_rec_td,
Raymond Chester,1978,1,1978-09-03,False,OAK,DEN,A,L,6,14,,0,0,0,0,0,0,0,0,0,0,,0,0.0,0.0,3830,False,targets;fum_rec_td,PFR+RULE2PT,19780903-OAK-DEN,False,fum_rec_td,False,True,fum_rec_td,
Raymond Chester,1978,2,1978-09-10,False,OAK,SDG,A,W,21,20,,1,27,0,0,0,0,0,0,0,0,,0,2.7,3.7,3830,False,targets;fum_rec_td,PFR+RULE2PT,19780910-OAK-SDG,False,fum_rec_td,False,True,fum_rec_td,
Raymond Chester,1978,3,1978-09-17,False,OAK,GNB,A,W,28,3,,0,0,0,0,0,0,0,0,0,0,,0,0.0,0.0,3830,False,targets;fum_rec_td,PFR+RULE2PT,19780917-OAK-GNB,False,fum_rec_td,False,True,fum_rec_td,
Raymond Chester,1978,4,1978-09-24,False,OAK,NWE,H,L,14,21,,1,14,0,0,0,0,0,0,0,0,,0,1.4,2.4,3830,False,targets;fum_rec_td,PFR+RULE2PT,19780924-NWE-OAK,False,fum_rec_td,False,True,fum_rec_td,
Raymond Chester,1978,5,1978-10-01,False,OAK,CHI,A,W,25,19,,2,25,0,0,0,0,0,0,0,0,,0,2.5,4.5,3830,False,targets;fum_rec_td,PFR+RULE2PT,19781001-OAK-CHI,False,fum_rec_td,False,True,fum_rec_td,
Raymond Chester,1978,6,1978-10-08,False,OAK,HOU,H,W,21,17,,0,0,0,0,0,0,0,0,0,0,,0,0.0,0.0,3830,False,targets;fum_rec_td,PFR+RULE2PT,19781008-HOU-OAK,False,fum_rec_td,False,True,fum_rec_td,
Raymond Chester,1978,7,1978-10-15,False,OAK,KAN,H,W,28,6,,0,0,0,0,0,0,0,0,0,0,,0,0.0,0.0,3830,False,targets;fum_rec_td,PFR+RULE2PT,19781015-KAN-OAK,False,fum_rec_td,False,True,fum_rec_td,
Raymond Chester,1978,8,1978-10-22,False,OAK,SEA,A,L,7,27,,0,0,0,0,0,0,0,0,0,0,,0,0.0,0.0,3830,False,targets;fum_rec_td,PFR+RULE2PT,19781022-OAK-SEA,False,fum_rec_td,False,True,fum_rec_td,
Raymond Chester,1978,9,1978-10-29,False,OAK,SDG,H,L,23,27,,0,0,0,0,0,0,0,0,0,0,,0,0.0,0.0,3830,False,targets;fum_rec_td,PFR+RULE2PT,19781029-SDG-OAK,False,fum_rec_td,False,True,fum_rec_td,
Raymond Chester,1978,10,1978-11-05,False,OAK,KAN,A,W,20,10,,1,4,1,0,0,0,0,0,0,0,,0,6.4,7.4,3830,False,targets;fum_rec_td,PFR+RULE2PT,19781105-OAK-KAN,False,fum_rec_td,False,True,fum_rec_td,
Raymond Chester,1978,11,1978-11-13,False,OAK,CIN,A,W,34,21,,1,5,1,0,0,0,0,0,0,0,,0,6.5,7.5,3830,False,targets;fum_rec_td,PFR+RULE2PT,19781113-OAK-CIN,False,fum_rec_td,False,True,fum_rec_td,
Raymond Chester,1978,12,1978-11-19,False,OAK,DET,H,W,29,17,,2,27,0,0,0,0,0,0,0,0,,0,2.7,4.7,3830,False,targets;fum_rec_td,PFR+RULE2PT,19781119-DET-OAK,False,fum_rec_td,False,True,fum_rec_td,
Raymond Chester,1978,13,1978-11-26,False,OAK,SEA,H,L,16,17,,1,6,0,0,0,0,0,0,0,0,,0,0.6,1.6,3830,False,targets;fum_rec_td,PFR+RULE2PT,19781126-SEA-OAK,False,fum_rec_td,False,True,fum_rec_td,
Raymond Chester,1978,14,1978-12-03,False,OAK,DEN,H,L,6,21,,1,8,0,0,0,0,0,0,0,0,,0,0.8,1.8,3830,False,targets;fum_rec_td,PFR+RULE2PT,19781203-DEN-OAK,False,fum_rec_td,False,True,fum_rec_td,
Raymond Chester,1978,15,1978-12-10,False,OAK,MIA,A,L,6,23,,2,20,0,0,0,0,0,0,0,0,,0,2.0,4.0,3830,False,targets;fum_rec_td,PFR+RULE2PT,19781210-OAK-MIA,False,fum_rec_td,False,True,fum_rec_td,
Raymond Chester,1978,16,1978-12-17,False,OAK,MIN,H,W,27,20,,1,10,0,0,0,0,0,0,0,0,,0,1.0,2.0,3830,False,targets;fum_rec_td,PFR+RULE2PT,19781217-MIN-OAK,False,fum_rec_td,False,True,fum_rec_td,
Raymond Chester,1979,1,1979-09-02,False,OAK,RAM,A,W,24,17,,3,46,2,0,0,0,0,0,0,0,,0,16.6,19.6,3830,False,targets;fum_rec_td,PFR+RULE2PT,19790902-OAK-RAM,False,fum_rec_td,False,True,fum_rec_td,
Raymond Chester,1979,2,1979-09-09,False,OAK,SDG,A,L,10,30,,7,91,0,0,0,0,0,0,0,0,,0,9.1,16.1,3830,False,targets;fum_rec_td,PFR+RULE2PT,19790909-OAK-SDG,False,fum_rec_td,False,True,fum_rec_td,
Raymond Chester,1979,3,1979-09-16,False,OAK,SEA,A,L,10,27,,9,69,0,0,0,0,0,0,0,0,,0,6.9,15.9,3830,False,targets;fum_rec_td,PFR+RULE2PT,19790916-OAK-SEA,False,fum_rec_td,False,True,fum_rec_td,
Raymond Chester,1979,4,1979-09-23,False,OAK,KAN,A,L,7,35,,4,67,0,0,0,0,0,0,0,0,,0,6.7,10.7,3830,False,targets;fum_rec_td,PFR+RULE2PT,19790923-OAK-KAN,False,fum_rec_td,False,True,fum_rec_td,
Raymond Chester,1979,5,1979-09-30,False,OAK,DEN,H,W,27,3,,2,25,0,0,0,0,0,0,0,0,,0,2.5,4.5,3830,False,targets;fum_rec_td,PFR+RULE2PT,19790930-DEN-OAK,False,fum_rec_td,False,True,fum_rec_td,
Raymond Chester,1979,6,1979-10-08,False,OAK,MIA,H,W,13,3,,4,55,1,0,0,0,0,0,0,0,,0,11.5,15.5,3830,False,targets;fum_rec_td,PFR+RULE2PT,19791008-MIA-OAK,False,fum_rec_td,False,True,fum_rec_td,
Raymond Chester,1979,7,1979-10-14,False,OAK,ATL,H,W,50,19,,4,45,0,0,0,0,0,0,0,0,,0,4.5,8.5,3830,False,targets;fum_rec_td,PFR+RULE2PT,19791014-ATL-OAK,False,fum_rec_td,False,True,fum_rec_td,
Raymond Chester,1979,8,1979-10-21,False,OAK,NYJ,A,L,19,28,,7,67,2,0,0,0,0,0,0,0,,0,18.7,25.7,3830,False,targets;fum_rec_td,PFR+RULE2PT,19791021-OAK-NYJ,False,fum_rec_td,False,True,fum_rec_td,
Raymond Chester,1979,9,1979-10-25,False,OAK,SDG,H,W,45,22,,3,49,1,0,0,0,0,0,0,0,,0,10.9,13.9,3830,False,targets;fum_rec_td,PFR+RULE2PT,19791025-SDG-OAK,False,fum_rec_td,False,True,fum_rec_td,
Raymond Chester,1979,10,1979-11-04,False,OAK,SFO,H,W,23,10,,4,55,0,0,0,0,0,0,0,0,,0,5.5,9.5,3830,False,targets;fum_rec_td,PFR+RULE2PT,19791104-SFO-OAK,False,fum_rec_td,False,True,fum_rec_td,
Raymond Chester,1979,11,1979-11-11,False,OAK,HOU,A,L,17,31,,4,55,1,0,0,0,0,0,0,0,,0,11.5,15.5,3830,False,targets;fum_rec_td,PFR+RULE2PT,19791111-OAK-HOU,False,fum_rec_td,False,True,fum_rec_td,
Raymond Chester,1979,14,1979-12-03,False,OAK,NOR,A,W,42,35,,2,15,1,0,0,0,0,0,0,0,,0,7.5,9.5,3830,False,targets;fum_rec_td,PFR+RULE2PT,19791203-OAK-NOR,False,fum_rec_td,False,True,fum_rec_td,
Raymond Chester,1979,15,1979-12-09,False,OAK,CLE,H,W,19,14,,1,10,0,0,0,0,0,0,0,0,,0,1.0,2.0,3830,False,targets;fum_rec_td,PFR+RULE2PT,19791209-CLE-OAK,False,fum_rec_td,False,True,fum_rec_td,
Raymond Chester,1979,16,1979-12-16,False,OAK,SEA,H,L,24,29,,4,63,0,0,0,0,0,0,0,0,,0,6.3,10.3,3830,False,targets;fum_rec_td,PFR+RULE2PT,19791216-SEA-OAK,False,fum_rec_td,False,True,fum_rec_td,
Mickey Shuler,1978,1,1978-09-03,False,NYJ,MIA,H,W,33,20,,1,1,1,0,0,0,0,0,0,0,,0,6.1,7.1,20194,False,targets;fum_rec_td,PFR+RULE2PT,19780903-MIA-NYJ,False,fum_rec_td,False,True,fum_rec_td,
Mickey Shuler,1978,2,1978-09-10,False,NYJ,BUF,A,W,21,20,,0,0,0,0,0,0,0,0,0,0,,0,0.0,0.0,20194,False,targets;fum_rec_td,PFR+RULE2PT,19780910-NYJ-BUF,False,fum_rec_td,False,True,fum_rec_td,
Mickey Shuler,1978,3,1978-09-17,False,NYJ,SEA,H,L,17,24,,0,0,0,0,0,0,0,0,0,0,,0,0.0,0.0,20194,False,targets;fum_rec_td,PFR+RULE2PT,19780917-SEA-NYJ,False,fum_rec_td,False,True,fum_rec_td,
Mickey Shuler,1978,4,1978-09-24,False,NYJ,WAS,A,L,3,23,,0,0,0,0,0,0,0,0,0,0,,0,0.0,0.0,20194,False,targets;fum_rec_td,PFR+RULE2PT,19780924-NYJ-WAS,False,fum_rec_td,False,True,fum_rec_td,
Mickey Shuler,1978,5,1978-10-01,False,NYJ,PIT,H,L,17,28,,0,0,0,0,0,0,0,0,0,0,,0,0.0,0.0,20194,False,targets;fum_rec_td,PFR+RULE2PT,19781001-PIT-NYJ,False,fum_rec_td,False,True,fum_rec_td,
Mickey Shuler,1978,6,1978-10-08,False,NYJ,BUF,H,W,45,14,,0,0,0,0,0,0,0,0,0,0,,0,0.0,0.0,20194,False,targets;fum_rec_td,PFR+RULE2PT,19781008-BUF-NYJ,False,fum_rec_td,False,True,fum_rec_td,
Mickey Shuler,1978,7,1978-10-15,False,NYJ,BAL,A,W,33,10,,1,3,1,0,0,0,0,0,0,0,,0,6.3,7.3,20194,False,targets;fum_rec_td,PFR+RULE2PT,19781015-NYJ-BAL,False,fum_rec_td,False,True,fum_rec_td,
Mickey Shuler,1978,8,1978-10-22,False,NYJ,STL,H,W,23,10,,0,0,0,0,0,0,0,0,0,0,,0,0.0,0.0,20194,False,targets;fum_rec_td,PFR+RULE2PT,19781022-STL-NYJ,False,fum_rec_td,False,True,fum_rec_td,
Mickey Shuler,1978,9,1978-10-29,False,NYJ,NWE,A,L,21,55,,2,24,0,0,0,0,0,0,0,0,,0,2.4,4.4,20194,False,targets;fum_rec_td,PFR+RULE2PT,19781029-NYJ-NWE,False,fum_rec_td,False,True,fum_rec_td,
Mickey Shuler,1978,10,1978-11-05,False,NYJ,DEN,A,W,31,28,,0,0,0,0,0,0,0,0,0,0,,0,0.0,0.0,20194,False,targets;fum_rec_td,PFR+RULE2PT,19781105-NYJ-DEN,False,fum_rec_td,False,True,fum_rec_td,
Mickey Shuler,1978,11,1978-11-12,False,NYJ,PHI,A,L,9,17,,1,8,0,0,0,0,0,0,0,0,,0,0.8,1.8,20194,False,targets;fum_rec_td,PFR+RULE2PT,19781112-NYJ-PHI,False,fum_rec_td,False,True,fum_rec_td,
Mickey Shuler,1978,12,1978-11-19,False,NYJ,NWE,H,L,17,19,,1,6,0,0,0,0,0,0,0,0,,0,0.6,1.6,20194,False,targets;fum_rec_td,PFR+RULE2PT,19781119-NWE-NYJ,False,fum_rec_td,False,True,fum_rec_td,
Mickey Shuler,1978,13,1978-11-26,False,NYJ,MIA,A,W,24,13,,3,18,0,0,0,0,0,0,0,0,,0,1.8,4.8,20194,False,targets;fum_rec_td,PFR+RULE2PT,19781126-NYJ-MIA,False,fum_rec_td,False,True,fum_rec_td,
Mickey Shuler,1978,14,1978-12-03,False,NYJ,BAL,H,W,24,16,,0,0,0,0,0,0,0,0,0,0,,0,0.0,0.0,20194,False,targets;fum_rec_td,PFR+RULE2PT,19781203-BAL-NYJ,False,fum_rec_td,False,True,fum_rec_td,
Mickey Shuler,1978,15,1978-12-10,False,NYJ,CLE,A,L,34,37,,1,4,1,0,0,0,0,0,0,0,,0,6.4,7.4,20194,False,targets;fum_rec_td,PFR+RULE2PT,19781210-NYJ-CLE,False,fum_rec_td,False,True,fum_rec_td,
Mickey Shuler,1978,16,1978-12-17,False,NYJ,DAL,H,L,7,30,,1,3,0,0,0,0,0,0,0,0,,0,0.3,1.3,20194,False,targets;fum_rec_td,PFR+RULE2PT,19781217-DAL-NYJ,False,fum_rec_td,False,True,fum_rec_td,
Mickey Shuler,1979,1,1979-09-02,False,NYJ,CLE,H,L,22,25,,0,0,0,0,0,0,0,0,0,0,,0,0.0,0.0,20194,False,targets;fum_rec_td,PFR+RULE2PT,19790902-CLE-NYJ,False,fum_rec_td,False,True,fum_rec_td,
Mickey Shuler,1979,2,1979-09-09,False,NYJ,NWE,A,L,3,56,,3,48,0,0,0,0,0,0,0,0,,0,4.8,7.8,20194,False,targets;fum_rec_td,PFR+RULE2PT,19790909-NYJ-NWE,False,fum_rec_td,False,True,fum_rec_td,
Mickey Shuler,1979,3,1979-09-16,False,NYJ,DET,H,W,31,10,,1,12,0,0,0,0,0,0,0,0,,0,1.2,2.2,20194,False,targets;fum_rec_td,PFR+RULE2PT,19790916-DET-NYJ,False,fum_rec_td,False,True,fum_rec_td,
Mickey Shuler,1979,4,1979-09-23,False,NYJ,BUF,A,L,31,46,,3,72,1,0,0,0,0,0,0,0,,0,13.2,16.2,20194,False,targets;fum_rec_td,PFR+RULE2PT,19790923-NYJ-BUF,False,fum_rec_td,False,True,fum_rec_td,
Mickey Shuler,1979,5,1979-09-30,False,NYJ,MIA,H,W,33,27,,0,0,0,0,0,0,0,0,0,0,,0,0.0,0.0,20194,False,targets;fum_rec_td,PFR+RULE2PT,19790930-MIA-NYJ,False,fum_rec_td,False,True,fum_rec_td,
Mickey Shuler,1979,6,1979-10-07,False,NYJ,BAL,A,L,8,10,,2,57,0,0,0,0,0,0,0,0,,0,5.7,7.7,20194,False,targets;fum_rec_td,PFR+RULE2PT,19791007-NYJ-BAL,False,fum_rec_td,False,True,fum_rec_td,
Mickey Shuler,1979,7,1979-10-15,False,NYJ,MIN,H,W,14,7,,0,0,0,0,0,0,0,0,0,0,,0,0.0,0.0,20194,False,targets;fum_rec_td,PFR+RULE2PT,19791015-MIN-NYJ,False,fum_rec_td,False,True,fum_rec_td,
Mickey Shuler,1979,8,1979-10-21,False,NYJ,OAK,H,W,28,19,,1,7,1,0,0,0,0,0,0,0,,0,6.7,7.7,20194,False,targets;fum_rec_td,PFR+RULE2PT,19791021-OAK-NYJ,False,fum_rec_td,False,True,fum_rec_td,
Mickey Shuler,1979,9,1979-10-28,False,NYJ,HOU,A,L,24,27,,0,0,0,0,0,0,0,0,0,0,,0,0.0,0.0,20194,False,targets;fum_rec_td,PFR+RULE2PT,19791028-NYJ-HOU,False,fum_rec_td,False,True,fum_rec_td,
Mickey Shuler,1979,10,1979-11-04,False,NYJ,GNB,A,W,27,22,,0,0,0,0,0,0,0,0,0,0,,0,0.0,0.0,20194,False,targets;fum_rec_td,PFR+RULE2PT,19791104-NYJ-GNB,False,fum_rec_td,False,True,fum_rec_td,
Mickey Shuler,1979,11,1979-11-11,False,NYJ,BUF,H,L,12,14,,0,0,0,0,0,0,0,0,0,0,,0,0.0,0.0,20194,False,targets;fum_rec_td,PFR+RULE2PT,19791111-BUF-NYJ,False,fum_rec_td,False,True,fum_rec_td,
Mickey Shuler,1979,12,1979-11-18,False,NYJ,CHI,A,L,13,23,,1,12,0,0,0,0,0,0,0,0,,0,1.2,2.2,20194,False,targets;fum_rec_td,PFR+RULE2PT,19791118-NYJ-CHI,False,fum_rec_td,False,True,fum_rec_td,
Mickey Shuler,1979,13,1979-11-26,False,NYJ,SEA,A,L,7,30,,2,7,0,0,0,0,0,0,0,0,,0,0.7,2.7,20194,False,targets;fum_rec_td,PFR+RULE2PT,19791126-NYJ-SEA,False,fum_rec_td,False,True,fum_rec_td,
Mickey Shuler,1979,14,1979-12-02,False,NYJ,BAL,H,W,30,17,,0,0,0,0,0,0,0,0,0,0,,0,0.0,0.0,20194,False,targets;fum_rec_td,PFR+RULE2PT,19791202-BAL-NYJ,False,fum_rec_td,False,True,fum_rec_td,
Mickey Shuler,1979,15,1979-12-09,False,NYJ,NWE,H,W,27,26,,0,0,0,0,0,0,0,0,0,0,,0,0.0,0.0,20194,False,targets;fum_rec_td,PFR+RULE2PT,19791209-NWE-NYJ,False,fum_rec_td,False,True,fum_rec_td,
Mickey Shuler,1979,16,1979-12-15,False,NYJ,MIA,A,W,27,24,,3,10,1,0,0,0,0,0,0,0,,0,7.0,10.0,20194,False,targets;fum_rec_td,PFR+RULE2PT,19791215-NYJ-MIA,False,fum_rec_td,False,True,fum_rec_td,
Charle Young,1973,1,1973-09-16,False,PHI,STL,H,L,23,34,,4,45,0,0,0,0,0,0,0,0,,0,4.5,8.5,24876,False,targets;fum_rec_td,PFR+RULE2PT,19730916-STL-PHI,False,fum_rec_td,False,True,fum_rec_td,
Charle Young,1973,2,1973-09-23,False,PHI,NYG,A,T,23,23,,3,53,0,0,0,0,0,0,0,0,,0,5.3,8.3,24876,False,targets;fum_rec_td,PFR+RULE2PT,19730923-PHI-NYG,False,fum_rec_td,False,True,fum_rec_td,
Charle Young,1973,3,1973-09-30,False,PHI,WAS,H,L,7,28,,3,39,0,0,0,0,0,0,0,0,,0,3.9,6.9,24876,False,targets;fum_rec_td,PFR+RULE2PT,19730930-WAS-PHI,False,fum_rec_td,False,True,fum_rec_td,
Charle Young,1973,4,1973-10-07,False,PHI,BUF,A,L,26,27,,6,58,1,0,0,0,0,0,0,0,,0,11.8,17.8,24876,False,targets;fum_rec_td,PFR+RULE2PT,19731007-PHI-BUF,False,fum_rec_td,False,True,fum_rec_td,
Charle Young,1973,5,1973-10-14,False,PHI,STL,A,W,27,24,,2,44,0,0,0,0,0,0,0,0,,0,4.4,6.4,24876,False,targets;fum_rec_td,PFR+RULE2PT,19731014-PHI-STL,False,fum_rec_td,False,True,fum_rec_td,
Charle Young,1973,6,1973-10-21,False,PHI,MIN,A,L,21,28,,6,86,0,1,17,1,0,0,0,0,,0,16.3,22.3,24876,False,targets;fum_rec_td,PFR+RULE2PT,19731021-PHI-MIN,False,fum_rec_td,False,True,fum_rec_td,
Charle Young,1973,7,1973-10-28,False,PHI,DAL,H,W,30,16,,4,47,0,0,0,0,0,0,0,0,,0,4.7,8.7,24876,False,targets;fum_rec_td,PFR+RULE2PT,19731028-DAL-PHI,False,fum_rec_td,False,True,fum_rec_td,
Charle Young,1973,8,1973-11-04,False,PHI,NWE,H,W,24,23,,8,108,2,1,9,0,0,0,0,0,,0,23.7,31.7,24876,False,targets;fum_rec_td,PFR+RULE2PT,19731104-NWE-PHI,False,fum_rec_td,False,True,fum_rec_td,
Charle Young,1973,9,1973-11-11,False,PHI,ATL,H,L,27,44,,2,16,0,0,0,0,0,0,0,0,,0,1.6,3.6,24876,False,targets;fum_rec_td,PFR+RULE2PT,19731111-ATL-PHI,False,fum_rec_td,False,True,fum_rec_td,
Charle Young,1973,10,1973-11-18,False,PHI,DAL,A,L,10,31,,4,113,1,0,0,0,0,0,0,0,,0,17.3,21.3,24876,False,targets;fum_rec_td,PFR+RULE2PT,19731118-PHI-DAL,False,fum_rec_td,False,True,fum_rec_td,
Charle Young,1973,11,1973-11-25,False,PHI,NYG,H,W,20,16,,1,15,0,1,-6,0,0,0,0,0,,0,0.9,1.9,24876,False,targets;fum_rec_td,PFR+RULE2PT,19731125-NYG-PHI,False,fum_rec_td,False,True,fum_rec_td,
Charle Young,1973,12,1973-12-02,False,PHI,SFO,A,L,28,38,,6,112,1,0,0,0,0,0,0,0,,0,17.2,23.2,24876,False,targets;fum_rec_td,PFR+RULE2PT,19731202-PHI-SFO,False,fum_rec_td,False,True,fum_rec_td,
Charle Young,1973,13,1973-12-09,False,PHI,NYJ,H,W,24,23,,1,14,0,1,4,0,0,0,0,0,,0,1.8,2.8,24876,False,targets;fum_rec_td,PFR+RULE2PT,19731209-NYJ-PHI,False,fum_rec_td,False,True,fum_rec_td,
Charle Young,1973,14,1973-12-16,False,PHI,WAS,A,L,20,38,,5,104,1,0,0,0,0,0,0,0,,0,16.4,21.4,24876,False,targets;fum_rec_td,PFR+RULE2PT,19731216-PHI-WAS,False,fum_rec_td,False,True,fum_rec_td,
Charle Young,1974,1,1974-09-15,False,PHI,STL,A,L,3,7,,2,34,0,1,7,0,0,0,0,0,,0,4.1,6.1,24876,False,targets;fum_rec_td,PFR+RULE2PT,19740915-PHI-STL,False,fum_rec_td,False,True,fum_rec_td,
Charle Young,1974,2,1974-09-23,False,PHI,DAL,H,W,13,10,,0,0,0,0,0,0,0,0,0,0,,0,0.0,0.0,24876,False,targets;fum_rec_td,PFR+RULE2PT,19740923-DAL-PHI,False,fum_rec_td,False,True,fum_rec_td,
Charle Young,1974,3,1974-09-29,False,PHI,BAL,H,W,30,10,,4,46,0,1,2,0,0,0,0,0,,0,4.8,8.8,24876,False,targets;fum_rec_td,PFR+RULE2PT,19740929-BAL-PHI,False,fum_rec_td,False,True,fum_rec_td,
Charle Young,1974,4,1974-10-06,False,PHI,SDG,A,W,13,7,,2,16,0,0,0,0,0,0,0,0,,0,1.6,3.6,24876,False,targets;fum_rec_td,PFR+RULE2PT,19741006-PHI-SDG,False,fum_rec_td,False,True,fum_rec_td,
Charle Young,1974,5,1974-10-13,False,PHI,NYG,H,W,35,7,,4,46,0,3,29,0,0,0,0,0,,0,7.5,11.5,24876,False,targets;fum_rec_td,PFR+RULE2PT,19741013-NYG-PHI,False,fum_rec_td,False,True,fum_rec_td,
Charle Young,1974,6,1974-10-20,False,PHI,DAL,A,L,24,31,,6,64,0,0,0,0,0,0,0,0,,0,6.4,12.4,24876,False,targets;fum_rec_td,PFR+RULE2PT,19741020-PHI-DAL,False,fum_rec_td,False,True,fum_rec_td,
Charle Young,1974,7,1974-10-27,False,PHI,NOR,A,L,10,14,,4,35,0,0,0,0,0,0,0,0,,0,3.5,7.5,24876,False,targets;fum_rec_td,PFR+RULE2PT,19741027-PHI-NOR,False,fum_rec_td,False,True,fum_rec_td,
Charle Young,1974,8,1974-11-03,False,PHI,PIT,A,L,0,27,,3,30,0,0,0,0,0,0,0,0,,0,3.0,6.0,24876,False,targets;fum_rec_td,PFR+RULE2PT,19741103-PHI-PIT,False,fum_rec_td,False,True,fum_rec_td,
Charle Young,1974,9,1974-11-10,False,PHI,WAS,H,L,20,27,,5,45,0,0,0,0,0,0,0,0,,0,4.5,9.5,24876,False,targets;fum_rec_td,PFR+RULE2PT,19741110-WAS-PHI,False,fum_rec_td,False,True,fum_rec_td,
Charle Young,1974,10,1974-11-17,False,PHI,STL,H,L,3,13,,7,101,0,0,0,0,0,0,0,0,,0,10.1,17.1,24876,False,targets;fum_rec_td,PFR+RULE2PT,19741117-STL-PHI,False,fum_rec_td,False,True,fum_rec_td,
Charle Young,1974,11,1974-11-24,False,PHI,WAS,A,L,7,26,,5,52,0,0,0,0,0,0,0,0,,0,5.2,10.2,24876,False,targets;fum_rec_td,PFR+RULE2PT,19741124-PHI-WAS,False,fum_rec_td,False,True,fum_rec_td,
Charle Young,1974,12,1974-12-01,False,PHI,GNB,H,W,36,14,,5,52,1,0,0,0,0,0,0,0,,0,11.2,16.2,24876,False,targets;fum_rec_td,PFR+RULE2PT,19741201-GNB-PHI,False,fum_rec_td,False,True,fum_rec_td,
Charle Young,1974,13,1974-12-08,False,PHI,NYG,A,W,20,7,,9,103,1,0,0,0,0,0,0,0,,0,16.3,25.3,24876,False,targets;fum_rec_td,PFR+RULE2PT,19741208-PHI-NYG,False,fum_rec_td,False,True,fum_rec_td,
Charle Young,1974,14,1974-12-15,False,PHI,DET,H,W,28,17,,7,72,1,1,0,0,0,0,0,0,,0,13.2,20.2,24876,False,targets;fum_rec_td,PFR+RULE2PT,19741215-DET-PHI,False,fum_rec_td,False,True,fum_rec_td,
Charle Young,1975,1,1975-09-21,False,PHI,NYG,H,L,14,23,,6,66,1,0,0,0,0,0,0,0,,0,12.6,18.6,24876,False,targets;fum_rec_td,PFR+RULE2PT,19750921-NYG-PHI,False,fum_rec_td,False,True,fum_rec_td,
Charle Young,1975,2,1975-09-28,False,PHI,CHI,A,L,13,15,,3,31,0,0,0,0,0,0,0,0,,0,3.1,6.1,24876,False,targets;fum_rec_td,PFR+RULE2PT,19750928-PHI-CHI,False,fum_rec_td,False,True,fum_rec_td,
Charle Young,1975,3,1975-10-05,False,PHI,WAS,H,W,26,10,,1,16,0,1,-2,0,0,0,0,0,,0,1.4,2.4,24876,False,targets;fum_rec_td,PFR+RULE2PT,19751005-WAS-PHI,False,fum_rec_td,False,True,fum_rec_td,
Charle Young,1975,4,1975-10-12,False,PHI,MIA,A,L,16,24,,5,53,0,0,0,0,0,0,0,0,,0,5.3,10.3,24876,False,targets;fum_rec_td,PFR+RULE2PT,19751012-PHI-MIA,False,fum_rec_td,False,True,fum_rec_td,
Charle Young,1975,5,1975-10-19,False,PHI,STL,A,L,20,31,,5,65,0,0,0,0,0,0,0,0,,0,6.5,11.5,24876,False,targets;fum_rec_td,PFR+RULE2PT,19751019-PHI-STL,False,fum_rec_td,False,True,fum_rec_td,
Charle Young,1975,6,1975-10-26,False,PHI,DAL,H,L,17,20,,2,68,0,0,0,0,0,0,0,0,,0,6.8,8.8,24876,False,targets;fum_rec_td,PFR+RULE2PT,19751026-DAL-PHI,False,fum_rec_td,False,True,fum_rec_td,
Charle Young,1975,7,1975-11-03,False,PHI,RAM,H,L,3,42,,4,73,0,1,3,0,0,0,0,0,,0,7.6,11.6,24876,False,targets;fum_rec_td,PFR+RULE2PT,19751103-RAM-PHI,False,fum_rec_td,False,True,fum_rec_td,
Charle Young,1975,8,1975-11-09,False,PHI,STL,H,L,23,24,,5,56,1,0,0,0,0,0,0,0,,0,11.6,16.6,24876,False,targets;fum_rec_td,PFR+RULE2PT,19751109-STL-PHI,False,fum_rec_td,False,True,fum_rec_td,
Charle Young,1975,9,1975-11-16,False,PHI,NYG,A,W,13,10,,0,0,0,0,0,0,0,0,0,0,,0,0.0,0.0,24876,False,targets;fum_rec_td,PFR+RULE2PT,19751116-PHI-NYG,False,fum_rec_td,False,True,fum_rec_td,
Charle Young,1975,10,1975-11-23,False,PHI,DAL,A,L,17,27,,6,63,0,0,0,0,0,0,0,0,,0,6.3,12.3,24876,False,targets;fum_rec_td,PFR+RULE2PT,19751123-PHI-DAL,False,fum_rec_td,False,True,fum_rec_td,
Charle Young,1975,11,1975-11-30,False,PHI,SFO,H,W,27,17,,5,69,1,0,0,0,0,0,0,0,,0,12.9,17.9,24876,False,targets;fum_rec_td,PFR+RULE2PT,19751130-SFO-PHI,False,fum_rec_td,False,True,fum_rec_td,
Charle Young,1975,12,1975-12-07,False,PHI,CIN,H,L,0,31,,2,28,0,0,0,0,0,0,0,0,,0,2.8,4.8,24876,False,targets;fum_rec_td,PFR+RULE2PT,19751207-CIN-PHI,False,fum_rec_td,False,True,fum_rec_td,
Charle Young,1975,13,1975-12-14,False,PHI,DEN,A,L,10,25,,4,38,0,0,0,0,0,0,0,0,,0,3.8,7.8,24876,False,targets;fum_rec_td,PFR+RULE2PT,19751214-PHI-DEN,False,fum_rec_td,False,True,fum_rec_td,
Charle Young,1975,14,1975-12-21,False,PHI,WAS,A,W,26,3,,1,33,0,0,0,0,0,0,0,0,,0,3.3,4.3,24876,False,targets;fum_rec_td,PFR+RULE2PT,19751221-PHI-WAS,False,fum_rec_td,False,True,fum_rec_td,
Charle Young,1976,1,1976-09-12,False,PHI,DAL,A,L,7,27,,4,41,0,0,0,0,0,0,0,0,,0,4.1,8.1,24876,False,targets;fum_rec_td,PFR+RULE2PT,19760912-PHI-DAL,False,fum_rec_td,False,True,fum_rec_td,
Charle Young,1976,2,1976-09-19,False,PHI,NYG,H,W,20,7,,0,0,0,0,0,0,0,0,0,0,,0,0.0,0.0,24876,False,targets;fum_rec_td,PFR+RULE2PT,19760919-NYG-PHI,False,fum_rec_td,False,True,fum_rec_td,
Charle Young,1976,3,1976-09-27,False,PHI,WAS,H,L,17,20,,2,30,0,1,6,0,0,0,0,0,,0,3.6,5.6,24876,False,targets;fum_rec_td,PFR+RULE2PT,19760927-WAS-PHI,False,fum_rec_td,False,True,fum_rec_td,
Charle Young,1976,4,1976-10-03,False,PHI,ATL,A,W,14,13,,1,4,0,0,0,0,0,0,0,0,,0,0.4,1.4,24876,False,targets;fum_rec_td,PFR+RULE2PT,19761003-PHI-ATL,False,fum_rec_td,False,True,fum_rec_td,
Charle Young,1976,5,1976-10-10,False,PHI,STL,A,L,14,33,,3,36,0,0,0,0,0,0,0,0,,0,3.6,6.6,24876,False,targets;fum_rec_td,PFR+RULE2PT,19761010-PHI-STL,False,fum_rec_td,False,True,fum_rec_td,
Charle Young,1976,6,1976-10-17,False,PHI,GNB,A,L,13,28,,1,26,0,0,0,0,0,0,0,0,,0,2.6,3.6,24876,False,targets;fum_rec_td,PFR+RULE2PT,19761017-PHI-GNB,False,fum_rec_td,False,True,fum_rec_td,
Charle Young,1976,7,1976-10-24,False,PHI,MIN,H,L,12,31,,3,39,0,0,0,0,0,0,0,0,,0,3.9,6.9,24876,False,targets;fum_rec_td,PFR+RULE2PT,19761024-MIN-PHI,False,fum_rec_td,False,True,fum_rec_td,
Charle Young,1976,8,1976-10-31,False,PHI,NYG,A,W,10,0,,1,10,0,0,0,0,0,0,0,0,,0,1.0,2.0,24876,False,targets;fum_rec_td,PFR+RULE2PT,19761031-PHI-NYG,False,fum_rec_td,False,True,fum_rec_td,
Charle Young,1976,9,1976-11-07,False,PHI,STL,H,L,14,17,,3,40,0,0,0,0,0,0,0,0,,0,4.0,7.0,24876,False,targets;fum_rec_td,PFR+RULE2PT,19761107-STL-PHI,False,fum_rec_td,False,True,fum_rec_td,
Charle Young,1976,10,1976-11-14,False,PHI,CLE,A,L,3,24,,2,31,0,0,0,0,0,0,0,0,,0,3.1,5.1,24876,False,targets;fum_rec_td,PFR+RULE2PT,19761114-PHI-CLE,False,fum_rec_td,False,True,fum_rec_td,
Charle Young,1976,11,1976-11-21,False,PHI,OAK,H,L,7,26,,5,69,0,0,0,0,0,0,0,0,,0,6.9,11.9,24876,False,targets;fum_rec_td,PFR+RULE2PT,19761121-OAK-PHI,False,fum_rec_td,False,True,fum_rec_td,
Charle Young,1976,12,1976-11-28,False,PHI,WAS,A,L,0,24,,4,37,0,0,0,0,0,0,0,0,,0,3.7,7.7,24876,False,targets;fum_rec_td,PFR+RULE2PT,19761128-PHI-WAS,False,fum_rec_td,False,True,fum_rec_td,
Charle Young,1976,13,1976-12-05,False,PHI,DAL,H,L,7,26,,1,11,0,0,0,0,0,0,0,0,,0,1.1,2.1,24876,False,targets;fum_rec_td,PFR+RULE2PT,19761205-DAL-PHI,False,fum_rec_td,False,True,fum_rec_td,
Charle Young,1976,14,1976-12-12,False,PHI,SEA,H,W,27,10,,0,0,0,0,0,0,0,0,0,0,,0,0.0,0.0,24876,False,targets;fum_rec_td,PFR+RULE2PT,19761212-SEA-PHI,False,fum_rec_td,False,True,fum_rec_td,
Charle Young,1977,1,1977-09-18,False,RAM,ATL,A,L,6,17,,3,16,0,0,0,0,0,0,0,0,,0,1.6,4.6,24876,False,targets;fum_rec_td,PFR+RULE2PT,19770918-RAM-ATL,False,fum_rec_td,False,True,fum_rec_td,
Charle Young,1977,2,1977-09-25,False,RAM,PHI,H,W,20,0,,0,0,0,0,0,0,0,0,0,0,,0,0.0,0.0,24876,False,targets;fum_rec_td,PFR+RULE2PT,19770925-PHI-RAM,False,fum_rec_td,False,True,fum_rec_td,
Charle Young,1977,3,1977-10-02,False,RAM,SFO,H,W,34,14,,0,0,0,0,0,0,0,0,0,0,,0,0.0,0.0,24876,False,targets;fum_rec_td,PFR+RULE2PT,19771002-SFO-RAM,False,fum_rec_td,False,True,fum_rec_td,
Charle Young,1977,4,1977-10-10,False,RAM,CHI,A,L,23,24,,0,0,0,0,0,0,0,0,0,0,,0,0.0,0.0,24876,False,targets;fum_rec_td,PFR+RULE2PT,19771010-RAM-CHI,False,fum_rec_td,False,True,fum_rec_td,
Charle Young,1977,5,1977-10-16,False,RAM,NOR,H,W,14,7,,0,0,0,0,0,0,0,0,0,0,,0,0.0,0.0,24876,False,targets;fum_rec_td,PFR+RULE2PT,19771016-NOR-RAM,False,fum_rec_td,False,True,fum_rec_td,
Charle Young,1977,6,1977-10-24,False,RAM,MIN,H,W,35,3,,1,2,1,0,0,0,0,0,0,0,,0,6.2,7.2,24876,False,targets;fum_rec_td,PFR+RULE2PT,19771024-MIN-RAM,False,fum_rec_td,False,True,fum_rec_td,
Charle Young,1977,7,1977-10-30,False,RAM,NOR,A,L,26,27,,0,0,0,0,0,0,0,0,0,0,,0,0.0,0.0,24876,False,targets;fum_rec_td,PFR+RULE2PT,19771030-RAM-NOR,False,fum_rec_td,False,True,fum_rec_td,
Charle Young,1977,8,1977-11-06,False,RAM,TAM,H,W,31,0,,1,17,0,0,0,0,0,0,0,0,,0,1.7,2.7,24876,False,targets;fum_rec_td,PFR+RULE2PT,19771106-TAM-RAM,False,fum_rec_td,False,True,fum_rec_td,
Charle Young,1977,9,1977-11-13,False,RAM,GNB,A,W,24,6,,0,0,0,0,0,0,0,0,0,0,,0,0.0,0.0,24876,False,targets;fum_rec_td,PFR+RULE2PT,19771113-RAM-GNB,False,fum_rec_td,False,True,fum_rec_td,
Charle Young,1977,10,1977-11-20,False,RAM,SFO,A,W,23,10,,0,0,0,0,0,0,0,0,0,0,,0,0.0,0.0,24876,False,targets;fum_rec_td,PFR+RULE2PT,19771120-RAM-SFO,False,fum_rec_td,False,True,fum_rec_td,
Charle Young,1977,11,1977-11-27,False,RAM,CLE,A,W,9,0,,0,0,0,0,0,0,0,0,0,0,,0,0.0,0.0,24876,False,targets;fum_rec_td,PFR+RULE2PT,19771127-RAM-CLE,False,fum_rec_td,False,True,fum_rec_td,
Charle Young,1977,12,1977-12-04,False,RAM,OAK,H,W,20,14,,0,0,0,0,0,0,0,0,0,0,,0,0.0,0.0,24876,False,targets;fum_rec_td,PFR+RULE2PT,19771204-OAK-RAM,False,fum_rec_td,False,True,fum_rec_td,
Charle Young,1977,13,1977-12-11,False,RAM,ATL,H,W,23,7,,0,0,0,0,0,0,0,0,0,0,,0,0.0,0.0,24876,False,targets;fum_rec_td,PFR+RULE2PT,19771211-ATL-RAM,False,fum_rec_td,False,True,fum_rec_td,
Charle Young,1977,14,1977-12-17,False,RAM,WAS,A,L,14,17,,0,0,0,0,0,0,0,0,0,0,,0,0.0,0.0,24876,False,targets;fum_rec_td,PFR+RULE2PT,19771217-RAM-WAS,False,fum_rec_td,False,True,fum_rec_td,
Charle Young,1977,15,1977-12-26,True,RAM,MIN,H,L,7,14,,0,0,0,0,0,0,0,0,0,0,,0,0.0,0.0,24876,False,targets;fum_rec_td,PFR+RULE2PT,19771226-MIN-RAM,False,fum_rec_td,False,True,fum_rec_td,
Charle Young,1978,1,1978-09-03,False,RAM,PHI,A,W,16,14,,2,13,0,0,0,0,0,0,0,0,,0,1.3,3.3,24876,False,targets;fum_rec_td,PFR+RULE2PT,19780903-RAM-PHI,False,fum_rec_td,False,True,fum_rec_td,
Charle Young,1978,2,1978-09-10,False,RAM,ATL,H,W,10,0,,0,0,0,0,0,0,0,0,0,0,,0,0.0,0.0,24876,False,targets;fum_rec_td,PFR+RULE2PT,19780910-ATL-RAM,False,fum_rec_td,False,True,fum_rec_td,
Charle Young,1978,3,1978-09-17,False,RAM,DAL,H,W,27,14,,0,0,0,0,0,0,0,0,0,0,,0,0.0,0.0,24876,False,targets;fum_rec_td,PFR+RULE2PT,19780917-DAL-RAM,False,fum_rec_td,False,True,fum_rec_td,
Charle Young,1978,4,1978-09-24,False,RAM,HOU,A,W,10,6,,0,0,0,0,0,0,0,0,0,0,,0,0.0,0.0,24876,False,targets;fum_rec_td,PFR+RULE2PT,19780924-RAM-HOU,False,fum_rec_td,False,True,fum_rec_td,
Charle Young,1978,5,1978-10-01,False,RAM,NOR,A,W,26,20,,1,5,0,0,0,0,0,0,0,0,,0,0.5,1.5,24876,False,targets;fum_rec_td,PFR+RULE2PT,19781001-RAM-NOR,False,fum_rec_td,False,True,fum_rec_td,
Charle Young,1978,6,1978-10-08,False,RAM,SFO,H,W,27,10,,0,0,0,0,0,0,0,0,0,0,,0,0.0,0.0,24876,False,targets;fum_rec_td,PFR+RULE2PT,19781008-SFO-RAM,False,fum_rec_td,False,True,fum_rec_td,
Charle Young,1978,7,1978-10-15,False,RAM,MIN,A,W,34,17,,0,0,0,0,0,0,0,0,0,0,,0,0.0,0.0,24876,False,targets;fum_rec_td,PFR+RULE2PT,19781015-RAM-MIN,False,fum_rec_td,False,True,fum_rec_td,
Charle Young,1978,8,1978-10-22,False,RAM,NOR,H,L,3,10,,0,0,0,0,0,0,0,0,0,0,,0,0.0,0.0,24876,False,targets;fum_rec_td,PFR+RULE2PT,19781022-NOR-RAM,False,fum_rec_td,False,True,fum_rec_td,
Charle Young,1978,9,1978-10-30,False,RAM,ATL,A,L,7,15,,0,0,0,0,0,0,0,0,0,0,,0,0.0,0.0,24876,False,targets;fum_rec_td,PFR+RULE2PT,19781030-RAM-ATL,False,fum_rec_td,False,True,fum_rec_td,
Charle Young,1978,10,1978-11-05,False,RAM,TAM,H,W,26,23,,0,0,0,0,0,0,0,0,0,0,,0,0.0,0.0,24876,False,targets;fum_rec_td,PFR+RULE2PT,19781105-TAM-RAM,False,fum_rec_td,False,True,fum_rec_td,
Charle Young,1978,11,1978-11-12,False,RAM,PIT,H,W,10,7,,3,34,0,1,5,0,0,0,0,0,,0,3.9,6.9,24876,False,targets;fum_rec_td,PFR+RULE2PT,19781112-PIT-RAM,False,fum_rec_td,False,True,fum_rec_td,
Charle Young,1978,12,1978-11-19,False,RAM,SFO,A,W,31,28,,2,32,0,0,0,0,0,0,0,0,,0,3.2,5.2,24876,False,targets;fum_rec_td,PFR+RULE2PT,19781119-RAM-SFO,False,fum_rec_td,False,True,fum_rec_td,
Charle Young,1978,13,1978-11-26,False,RAM,CLE,A,L,19,30,,7,81,0,0,0,0,0,0,0,0,,0,8.1,15.1,24876,False,targets;fum_rec_td,PFR+RULE2PT,19781126-RAM-CLE,False,fum_rec_td,False,True,fum_rec_td,
Charle Young,1978,14,1978-12-03,False,RAM,NYG,A,W,20,17,,3,48,0,1,1,0,0,0,0,0,,0,4.9,7.9,24876,False,targets;fum_rec_td,PFR+RULE2PT,19781203-RAM-NYG,False,fum_rec_td,False,True,fum_rec_td,
Charle Young,1978,15,1978-12-11,False,RAM,CIN,H,L,19,20,,0,0,0,0,0,0,0,0,0,0,,0,0.0,0.0,24876,False,targets;fum_rec_td,PFR+RULE2PT,19781211-CIN-RAM,False,fum_rec_td,False,True,fum_rec_td,
Charle Young,1978,16,1978-12-17,False,RAM,GNB,H,W,31,14,,0,0,0,0,0,0,0,0,0,0,,0,0.0,0.0,24876,False,targets;fum_rec_td,PFR+RULE2PT,19781217-GNB-RAM,False,fum_rec_td,False,True,fum_rec_td,
Charle Young,1978,17,1978-12-31,True,RAM,MIN,H,W,34,10,,2,30,0,0,0,0,0,0,0,0,,0,3.0,5.0,24876,False,targets;fum_rec_td,PFR+RULE2PT,19781231-MIN-RAM,False,fum_rec_td,False,True,fum_rec_td,
Charle Young,1978,18,1979-01-07,True,RAM,DAL,H,L,0,28,,0,0,0,0,0,0,0,0,0,0,,0,0.0,0.0,24876,False,targets;fum_rec_td,PFR+RULE2PT,19790107-DAL-RAM,False,fum_rec_td,False,True,fum_rec_td,
Charle Young,1979,1,1979-09-02,False,RAM,OAK,H,L,17,24,,0,0,0,0,0,0,0,0,0,0,,0,0.0,0.0,24876,False,targets;fum_rec_td,PFR+RULE2PT,19790902-OAK-RAM,False,fum_rec_td,False,True,fum_rec_td,
Charle Young,1979,2,1979-09-06,False,RAM,DEN,A,W,13,9,,0,0,0,0,0,0,0,0,0,0,,0,0.0,0.0,24876,False,targets;fum_rec_td,PFR+RULE2PT,19790906-RAM-DEN,False,fum_rec_td,False,True,fum_rec_td,
Charle Young,1979,3,1979-09-16,False,RAM,SFO,H,W,27,24,,2,27,1,0,0,0,0,0,0,0,,0,8.7,10.7,24876,False,targets;fum_rec_td,PFR+RULE2PT,19790916-SFO-RAM,False,fum_rec_td,False,True,fum_rec_td,
Charle Young,1979,4,1979-09-23,False,RAM,TAM,A,L,6,21,,2,28,0,0,0,0,0,0,0,0,,0,2.8,4.8,24876,False,targets;fum_rec_td,PFR+RULE2PT,19790923-RAM-TAM,False,fum_rec_td,False,True,fum_rec_td,
Charle Young,1979,5,1979-09-30,False,RAM,STL,H,W,21,0,,3,49,0,0,0,0,0,0,0,0,,0,4.9,7.9,24876,False,targets;fum_rec_td,PFR+RULE2PT,19790930-STL-RAM,False,fum_rec_td,False,True,fum_rec_td,
Charle Young,1979,6,1979-10-07,False,RAM,NOR,A,W,35,17,,0,0,0,0,0,0,0,0,0,0,,0,0.0,0.0,24876,False,targets;fum_rec_td,PFR+RULE2PT,19791007-RAM-NOR,False,fum_rec_td,False,True,fum_rec_td,
Charle Young,1979,7,1979-10-14,False,RAM,DAL,A,L,6,30,,0,0,0,0,0,0,0,0,0,0,,0,0.0,0.0,24876,False,targets;fum_rec_td,PFR+RULE2PT,19791014-RAM-DAL,False,fum_rec_td,False,True,fum_rec_td,
Charle Young,1979,8,1979-10-21,False,RAM,SDG,H,L,16,40,,0,0,0,0,0,0,0,0,0,0,,0,0.0,0.0,24876,False,targets;fum_rec_td,PFR+RULE2PT,19791021-SDG-RAM,False,fum_rec_td,False,True,fum_rec_td,
Charle Young,1979,9,1979-10-28,False,RAM,NYG,H,L,14,20,,1,13,0,0,0,0,0,0,0,0,,0,1.3,2.3,24876,False,targets;fum_rec_td,PFR+RULE2PT,19791028-NYG-RAM,False,fum_rec_td,False,True,fum_rec_td,
Charle Young,1979,10,1979-11-04,False,RAM,SEA,A,W,24,0,,3,13,1,0,0,0,0,0,0,0,,0,7.3,10.3,24876,False,targets;fum_rec_td,PFR+RULE2PT,19791104-RAM-SEA,False,fum_rec_td,False,True,fum_rec_td,
Charle Young,1979,12,1979-11-19,False,RAM,ATL,H,W,20,14,,0,0,0,0,0,0,0,0,0,0,,0,0.0,0.0,24876,False,targets;fum_rec_td,PFR+RULE2PT,19791119-ATL-RAM,False,fum_rec_td,False,True,fum_rec_td,
Charle Young,1979,13,1979-11-25,False,RAM,SFO,A,W,26,20,,0,0,0,0,0,0,0,0,0,0,,0,0.0,0.0,24876,False,targets;fum_rec_td,PFR+RULE2PT,19791125-RAM-SFO,False,fum_rec_td,False,True,fum_rec_td,
Charle Young,1979,14,1979-12-02,False,RAM,MIN,H,W,27,21,,1,6,0,0,0,0,0,0,0,0,,0,0.6,1.6,24876,False,targets;fum_rec_td,PFR+RULE2PT,19791202-MIN-RAM,False,fum_rec_td,False,True,fum_rec_td,
Charle Young,1979,15,1979-12-09,False,RAM,ATL,A,W,34,13,,0,0,0,0,0,0,0,0,0,0,,0,0.0,0.0,24876,False,targets;fum_rec_td,PFR+RULE2PT,19791209-RAM-ATL,False,fum_rec_td,False,True,fum_rec_td,
Charle Young,1979,16,1979-12-16,False,RAM,NOR,H,L,14,29,,1,8,0,0,0,0,0,0,0,0,,0,0.8,1.8,24876,False,targets;fum_rec_td,PFR+RULE2PT,19791216-NOR-RAM,False,fum_rec_td,False,True,fum_rec_td,
Charle Young,1979,18,1980-01-06,True,RAM,TAM,A,W,9,0,,3,39,0,0,0,0,0,0,0,0,,0,3.9,6.9,24876,False,targets;fum_rec_td,PFR+RULE2PT,19800106-RAM-TAM,False,fum_rec_td,False,True,fum_rec_td,
Charle Young,1979,19,1980-01-20,True,RAM,PIT,N,L,19,31,,0,0,0,0,0,0,0,0,0,0,,0,0.0,0.0,24876,False,targets;fum_rec_td,PFR+RULE2PT,19800120-PIT-RAM-N,False,fum_rec_td,False,True,fum_rec_td,
Jimmie Giles,1977,1,1977-09-18,False,HOU,NYJ,H,W,20,0,,4,23,0,0,0,0,0,0,0,0,,0,2.3,6.3,7878,False,targets;fum_rec_td,PFR+RULE2PT,19770918-NYJ-HOU,False,fum_rec_td,False,True,fum_rec_td,
Jimmie Giles,1977,2,1977-09-25,False,HOU,GNB,A,W,16,10,,5,59,0,1,-10,0,0,0,0,0,,0,4.9,9.9,7878,False,targets;fum_rec_td,PFR+RULE2PT,19770925-HOU-GNB,False,fum_rec_td,False,True,fum_rec_td,
Jimmie Giles,1977,3,1977-10-02,False,HOU,MIA,A,L,7,27,,2,19,0,0,0,0,0,0,0,0,,0,1.9,3.9,7878,False,targets;fum_rec_td,PFR+RULE2PT,19771002-HOU-MIA,False,fum_rec_td,False,True,fum_rec_td,
Jimmie Giles,1977,4,1977-10-09,False,HOU,PIT,H,W,27,10,,1,11,0,0,0,0,0,0,0,0,,0,1.1,2.1,7878,False,targets;fum_rec_td,PFR+RULE2PT,19771009-PIT-HOU,False,fum_rec_td,False,True,fum_rec_td,
Jimmie Giles,1977,5,1977-10-16,False,HOU,CLE,H,L,23,24,,1,4,0,0,0,0,0,0,0,0,,0,0.4,1.4,7878,False,targets;fum_rec_td,PFR+RULE2PT,19771016-CLE-HOU,False,fum_rec_td,False,True,fum_rec_td,
Jimmie Giles,1977,6,1977-10-23,False,HOU,PIT,A,L,10,27,,0,0,0,0,0,0,0,0,0,0,,0,0.0,0.0,7878,False,targets;fum_rec_td,PFR+RULE2PT,19771023-HOU-PIT,False,fum_rec_td,False,True,fum_rec_td,
Jimmie Giles,1977,7,1977-10-30,False,HOU,CIN,A,L,10,13,,0,0,0,0,0,0,0,0,0,0,,0,0.0,0.0,7878,False,targets;fum_rec_td,PFR+RULE2PT,19771030-HOU-CIN,False,fum_rec_td,False,True,fum_rec_td,
Jimmie Giles,1977,8,1977-11-06,False,HOU,CHI,H,W,47,0,,1,12,0,0,0,0,0,0,0,0,,0,1.2,2.2,7878,False,targets;fum_rec_td,PFR+RULE2PT,19771106-CHI-HOU,False,fum_rec_td,False,True,fum_rec_td,
Jimmie Giles,1977,9,1977-11-13,False,HOU,OAK,A,L,29,34,,0,0,0,0,0,0,0,0,0,0,,0,0.0,0.0,7878,False,targets;fum_rec_td,PFR+RULE2PT,19771113-HOU-OAK,False,fum_rec_td,False,True,fum_rec_td,
Jimmie Giles,1977,10,1977-11-20,False,HOU,SEA,A,W,22,10,,2,13,0,0,0,0,0,0,0,0,,0,1.3,3.3,7878,False,targets;fum_rec_td,PFR+RULE2PT,19771120-HOU-SEA,False,fum_rec_td,False,True,fum_rec_td,
Jimmie Giles,1977,11,1977-11-27,False,HOU,KAN,H,W,34,20,,0,0,0,0,0,0,0,0,0,0,,0,0.0,0.0,7878,False,targets;fum_rec_td,PFR+RULE2PT,19771127-KAN-HOU,False,fum_rec_td,False,True,fum_rec_td,
Jimmie Giles,1977,12,1977-12-04,False,HOU,DEN,H,L,14,24,,1,6,0,0,0,0,0,0,0,0,,0,0.6,1.6,7878,False,targets;fum_rec_td,PFR+RULE2PT,19771204-DEN-HOU,False,fum_rec_td,False,True,fum_rec_td,
Jimmie Giles,1977,13,1977-12-11,False,HOU,CLE,A,W,19,15,,0,0,0,0,0,0,0,0,0,0,,0,0.0,0.0,7878,False,targets;fum_rec_td,PFR+RULE2PT,19771211-HOU-CLE,False,fum_rec_td,False,True,fum_rec_td,
Jimmie Giles,1977,14,1977-12-18,False,HOU,CIN,H,W,21,16,,0,0,0,0,0,0,0,0,0,0,,0,0.0,0.0,7878,False,targets;fum_rec_td,PFR+RULE2PT,19771218-CIN-HOU,False,fum_rec_td,False,True,fum_rec_td,
Jimmie Giles,1978,1,1978-09-02,False,TAM,NYG,H,L,13,19,,5,57,0,1,-1,0,0,0,0,0,,0,5.6,10.6,7878,False,targets;fum_rec_td,PFR+RULE2PT,19780902-NYG-TAM,False,fum_rec_td,False,True,fum_rec_td,
Jimmie Giles,1978,2,1978-09-09,False,TAM,DET,H,L,7,15,,2,37,0,0,0,0,0,0,0,0,,0,3.7,5.7,7878,False,targets;fum_rec_td,PFR+RULE2PT,19780909-DET-TAM,False,fum_rec_td,False,True,fum_rec_td,
Jimmie Giles,1978,3,1978-09-17,False,TAM,MIN,A,W,16,10,,1,21,0,0,0,0,0,0,0,0,,0,2.1,3.1,7878,False,targets;fum_rec_td,PFR+RULE2PT,19780917-TAM-MIN,False,fum_rec_td,False,True,fum_rec_td,
Jimmie Giles,1978,4,1978-09-24,False,TAM,ATL,H,W,14,9,,0,0,0,0,0,0,0,0,0,0,,0,0.0,0.0,7878,False,targets;fum_rec_td,PFR+RULE2PT,19780924-ATL-TAM,False,fum_rec_td,False,True,fum_rec_td,
Jimmie Giles,1978,5,1978-10-01,False,TAM,MIN,H,L,7,24,,3,36,0,0,0,0,0,0,0,0,,0,3.6,6.6,7878,False,targets;fum_rec_td,PFR+RULE2PT,19781001-MIN-TAM,False,fum_rec_td,False,True,fum_rec_td,
Jimmie Giles,1978,6,1978-10-08,False,TAM,KAN,A,W,30,13,,1,38,0,0,0,0,0,0,0,0,,0,3.8,4.8,7878,False,targets;fum_rec_td,PFR+RULE2PT,19781008-TAM-KAN,False,fum_rec_td,False,True,fum_rec_td,
Jimmie Giles,1978,7,1978-10-15,False,TAM,NYG,A,L,14,17,,0,0,0,0,0,0,0,0,0,0,,0,0.0,0.0,7878,False,targets;fum_rec_td,PFR+RULE2PT,19781015-TAM-NYG,False,fum_rec_td,False,True,fum_rec_td,
Jimmie Giles,1978,8,1978-10-22,False,TAM,CHI,H,W,33,19,,0,0,0,0,0,0,0,0,0,0,,0,0.0,0.0,7878,False,targets;fum_rec_td,PFR+RULE2PT,19781022-CHI-TAM,False,fum_rec_td,False,True,fum_rec_td,
Jimmie Giles,1978,9,1978-10-29,False,TAM,GNB,A,L,7,9,,0,0,0,0,0,0,0,0,0,0,,0,0.0,0.0,7878,False,targets;fum_rec_td,PFR+RULE2PT,19781029-TAM-GNB,False,fum_rec_td,False,True,fum_rec_td,
Jimmie Giles,1978,10,1978-11-05,False,TAM,RAM,A,L,23,26,,2,25,0,0,0,0,0,0,0,0,,0,2.5,4.5,7878,False,targets;fum_rec_td,PFR+RULE2PT,19781105-TAM-RAM,False,fum_rec_td,False,True,fum_rec_td,
Jimmie Giles,1978,11,1978-11-12,False,TAM,DET,A,L,23,34,,2,19,0,0,0,0,0,0,0,0,,0,1.9,3.9,7878,False,targets;fum_rec_td,PFR+RULE2PT,19781112-TAM-DET,False,fum_rec_td,False,True,fum_rec_td,
Jimmie Giles,1978,12,1978-11-19,False,TAM,BUF,H,W,31,10,,1,33,1,0,0,0,0,0,0,0,,0,9.3,10.3,7878,False,targets;fum_rec_td,PFR+RULE2PT,19781119-BUF-TAM,False,fum_rec_td,False,True,fum_rec_td,
Jimmie Giles,1978,13,1978-11-26,False,TAM,CHI,A,L,3,14,,0,0,0,0,0,0,0,0,0,0,,0,0.0,0.0,7878,False,targets;fum_rec_td,PFR+RULE2PT,19781126-TAM-CHI,False,fum_rec_td,False,True,fum_rec_td,
Jimmie Giles,1978,14,1978-12-03,False,TAM,GNB,H,L,7,17,,2,25,0,0,0,0,0,0,0,0,,0,2.5,4.5,7878,False,targets;fum_rec_td,PFR+RULE2PT,19781203-GNB-TAM,False,fum_rec_td,False,True,fum_rec_td,
Jimmie Giles,1978,15,1978-12-10,False,TAM,SFO,A,L,3,6,,2,14,0,0,0,0,0,0,0,0,,0,1.4,3.4,7878,False,targets;fum_rec_td,PFR+RULE2PT,19781210-TAM-SFO,False,fum_rec_td,False,True,fum_rec_td,
Jimmie Giles,1978,16,1978-12-17,False,TAM,NOR,H,L,10,17,,2,19,1,0,0,0,0,0,0,0,,0,7.9,9.9,7878,False,targets;fum_rec_td,PFR+RULE2PT,19781217-NOR-TAM,False,fum_rec_td,False,True,fum_rec_td,
Jimmie Giles,1979,1,1979-09-01,False,TAM,DET,H,W,31,16,,3,97,1,0,0,0,0,0,0,0,,0,15.7,18.7,7878,False,targets;fum_rec_td,PFR+RULE2PT,19790901-DET-TAM,False,fum_rec_td,False,True,fum_rec_td,
Jimmie Giles,1979,2,1979-09-09,False,TAM,BAL,A,W,29,26,,0,0,0,0,0,0,0,0,0,0,,0,0.0,0.0,7878,False,targets;fum_rec_td,PFR+RULE2PT,19790909-TAM-BAL,False,fum_rec_td,False,True,fum_rec_td,
Jimmie Giles,1979,3,1979-09-16,False,TAM,GNB,A,W,21,10,,0,0,0,0,0,0,0,0,0,0,,0,0.0,0.0,7878,False,targets;fum_rec_td,PFR+RULE2PT,19790916-TAM-GNB,False,fum_rec_td,False,True,fum_rec_td,
Jimmie Giles,1979,4,1979-09-23,False,TAM,RAM,H,W,21,6,,1,29,1,0,0,0,0,0,0,0,,0,8.9,9.9,7878,False,targets;fum_rec_td,PFR+RULE2PT,19790923-RAM-TAM,False,fum_rec_td,False,True,fum_rec_td,
Jimmie Giles,1979,5,1979-09-30,False,TAM,CHI,A,W,17,13,,2,15,0,1,9,0,0,0,0,0,,0,2.4,4.4,7878,False,targets;fum_rec_td,PFR+RULE2PT,19790930-TAM-CHI,False,fum_rec_td,False,True,fum_rec_td,
Jimmie Giles,1979,6,1979-10-07,False,TAM,NYG,A,L,14,17,,5,43,1,0,0,0,0,0,0,0,,0,10.3,15.3,7878,False,targets;fum_rec_td,PFR+RULE2PT,19791007-TAM-NYG,False,fum_rec_td,False,True,fum_rec_td,
Jimmie Giles,1979,7,1979-10-14,False,TAM,NOR,H,L,14,42,,4,50,1,0,0,0,0,0,0,0,,0,11.0,15.0,7878,False,targets;fum_rec_td,PFR+RULE2PT,19791014-NOR-TAM,False,fum_rec_td,False,True,fum_rec_td,
Jimmie Giles,1979,8,1979-10-21,False,TAM,GNB,H,W,21,3,,3,29,1,0,0,0,0,0,0,0,,0,8.9,11.9,7878,False,targets;fum_rec_td,PFR+RULE2PT,19791021-GNB-TAM,False,fum_rec_td,False,True,fum_rec_td,
Jimmie Giles,1979,9,1979-10-28,False,TAM,MIN,A,W,12,10,,2,43,0,0,0,0,0,0,0,0,,0,4.3,6.3,7878,False,targets;fum_rec_td,PFR+RULE2PT,19791028-TAM-MIN,False,fum_rec_td,False,True,fum_rec_td,
Jimmie Giles,1979,10,1979-11-04,False,TAM,ATL,A,L,14,17,,1,12,1,0,0,0,0,0,0,0,,0,7.2,8.2,7878,False,targets;fum_rec_td,PFR+RULE2PT,19791104-TAM-ATL,False,fum_rec_td,False,True,fum_rec_td,
Jimmie Giles,1979,11,1979-11-11,False,TAM,DET,A,W,16,14,,7,66,0,0,0,0,0,0,0,0,,0,6.6,13.6,7878,False,targets;fum_rec_td,PFR+RULE2PT,19791111-TAM-DET,False,fum_rec_td,False,True,fum_rec_td,
Jimmie Giles,1979,12,1979-11-18,False,TAM,NYG,H,W,31,3,,3,67,0,0,0,0,0,0,0,0,,0,6.7,9.7,7878,False,targets;fum_rec_td,PFR+RULE2PT,19791118-NYG-TAM,False,fum_rec_td,False,True,fum_rec_td,
Jimmie Giles,1979,13,1979-11-25,False,TAM,MIN,H,L,22,23,,1,28,0,0,0,0,0,0,0,0,,0,2.8,3.8,7878,False,targets;fum_rec_td,PFR+RULE2PT,19791125-MIN-TAM,False,fum_rec_td,False,True,fum_rec_td,
Jimmie Giles,1979,14,1979-12-02,False,TAM,CHI,H,L,0,14,,2,20,0,1,-2,0,0,0,0,0,,0,1.8,3.8,7878,False,targets;fum_rec_td,PFR+RULE2PT,19791202-CHI-TAM,False,fum_rec_td,False,True,fum_rec_td,
Jimmie Giles,1979,15,1979-12-09,False,TAM,SFO,A,L,7,23,,3,55,1,0,0,0,0,0,0,0,,0,11.5,14.5,7878,False,targets;fum_rec_td,PFR+RULE2PT,19791209-TAM-SFO,False,fum_rec_td,False,True,fum_rec_td,
Jimmie Giles,1979,16,1979-12-16,False,TAM,KAN,H,W,3,0,,3,25,0,0,0,0,0,0,0,0,,0,2.5,5.5,7878,False,targets;fum_rec_td,PFR+RULE2PT,19791216-KAN-TAM,False,fum_rec_td,False,True,fum_rec_td,
Jimmie Giles,1979,17,1979-12-29,True,TAM,PHI,H,W,24,17,,3,43,1,0,0,0,0,0,0,0,,0,10.3,13.3,7878,False,targets;fum_rec_td,PFR+RULE2PT,19791229-PHI-TAM,False,fum_rec_td,False,True,fum_rec_td,
Jimmie Giles,1979,18,1980-01-06,True,TAM,RAM,H,L,0,9,,0,0,0,0,0,0,0,0,0,0,,0,0.0,0.0,7878,False,targets;fum_rec_td,PFR+RULE2PT,19800106-RAM-TAM,False,fum_rec_td,False,True,fum_rec_td,
Jerome Barkum,1972,1,1972-09-17,False,NYJ,BUF,A,W,41,24,,0,0,0,0,0,0,0,0,0,0,,0,0.0,0.0,1072,False,targets;fum_rec_td,PFR+RULE2PT,19720917-NYJ-BUF,False,fum_rec_td,False,True,fum_rec_td,
Jerome Barkum,1972,2,1972-09-24,False,NYJ,BAL,A,W,44,34,,0,0,0,0,0,0,0,0,0,0,,0,0.0,0.0,1072,False,targets;fum_rec_td,PFR+RULE2PT,19720924-NYJ-BAL,False,fum_rec_td,False,True,fum_rec_td,
Jerome Barkum,1972,3,1972-10-01,False,NYJ,HOU,A,L,20,26,,6,102,1,0,0,0,0,0,0,0,,0,16.2,22.2,1072,False,targets;fum_rec_td,PFR+RULE2PT,19721001-NYJ-HOU,False,fum_rec_td,False,True,fum_rec_td,
Jerome Barkum,1972,4,1972-10-08,False,NYJ,MIA,H,L,17,27,,4,76,0,0,0,0,0,0,0,0,,0,7.6,11.6,1072,False,targets;fum_rec_td,PFR+RULE2PT,19721008-MIA-NYJ,False,fum_rec_td,False,True,fum_rec_td,
Jerome Barkum,1972,5,1972-10-15,False,NYJ,NWE,A,W,41,13,,0,0,0,0,0,0,0,0,0,0,,0,0.0,0.0,1072,False,targets;fum_rec_td,PFR+RULE2PT,19721015-NYJ-NWE,False,fum_rec_td,False,True,fum_rec_td,
Jerome Barkum,1972,6,1972-10-22,False,NYJ,BAL,H,W,24,20,,0,0,0,0,0,0,0,0,0,0,,0,0.0,0.0,1072,False,targets;fum_rec_td,PFR+RULE2PT,19721022-BAL-NYJ,False,fum_rec_td,False,True,fum_rec_td,
Jerome Barkum,1972,7,1972-10-29,False,NYJ,NWE,H,W,34,10,,0,0,0,0,0,0,0,0,0,0,,0,0.0,0.0,1072,False,targets;fum_rec_td,PFR+RULE2PT,19721029-NWE-NYJ,False,fum_rec_td,False,True,fum_rec_td,
Jerome Barkum,1972,8,1972-11-05,False,NYJ,WAS,H,L,17,35,,0,0,0,0,0,0,0,0,0,0,,0,0.0,0.0,1072,False,targets;fum_rec_td,PFR+RULE2PT,19721105-WAS-NYJ,False,fum_rec_td,False,True,fum_rec_td,
Jerome Barkum,1972,9,1972-11-12,False,NYJ,BUF,H,W,41,3,,4,67,1,0,0,0,0,0,0,0,,0,12.7,16.7,1072,False,targets;fum_rec_td,PFR+RULE2PT,19721112-BUF-NYJ,False,fum_rec_td,False,True,fum_rec_td,
Jerome Barkum,1972,10,1972-11-19,False,NYJ,MIA,A,L,24,28,,0,0,0,0,0,0,0,0,0,0,,0,0.0,0.0,1072,False,targets;fum_rec_td,PFR+RULE2PT,19721119-NYJ-MIA,False,fum_rec_td,False,True,fum_rec_td,
Jerome Barkum,1972,11,1972-11-23,False,NYJ,DET,A,L,20,37,,0,0,0,0,0,0,0,0,0,0,,0,0.0,0.0,1072,False,targets;fum_rec_td,PFR+RULE2PT,19721123-NYJ-DET,False,fum_rec_td,False,True,fum_rec_td,
Jerome Barkum,1972,12,1972-12-03,False,NYJ,NOR,H,W,18,17,,0,0,0,0,0,0,0,0,0,0,,0,0.0,0.0,1072,False,targets;fum_rec_td,PFR+RULE2PT,19721203-NOR-NYJ,False,fum_rec_td,False,True,fum_rec_td,
Jerome Barkum,1972,13,1972-12-11,False,NYJ,OAK,A,L,16,24,,2,59,0,0,0,0,0,0,0,0,,0,5.9,7.9,1072,False,targets;fum_rec_td,PFR+RULE2PT,19721211-NYJ-OAK,False,fum_rec_td,False,True,fum_rec_td,
Jerome Barkum,1972,14,1972-12-17,False,NYJ,CLE,H,L,10,26,,0,0,0,0,0,0,0,0,0,0,,0,0.0,0.0,1072,False,targets;fum_rec_td,PFR+RULE2PT,19721217-CLE-NYJ,False,fum_rec_td,False,True,fum_rec_td,
Jerome Barkum,1973,1,1973-09-17,False,NYJ,GNB,A,L,7,23,,5,96,0,0,0,0,0,0,0,0,,0,9.6,14.6,1072,False,targets;fum_rec_td,PFR+RULE2PT,19730917-NYJ-GNB,False,fum_rec_td,False,True,fum_rec_td,
Jerome Barkum,1973,2,1973-09-23,False,NYJ,BAL,A,W,34,10,,4,56,0,0,0,0,0,0,0,0,,0,5.6,9.6,1072,False,targets;fum_rec_td,PFR+RULE2PT,19730923-NYJ-BAL,False,fum_rec_td,False,True,fum_rec_td,
Jerome Barkum,1973,3,1973-09-30,False,NYJ,BUF,A,L,7,9,,3,57,1,0,0,0,0,0,0,0,,0,11.7,14.7,1072,False,targets;fum_rec_td,PFR+RULE2PT,19730930-NYJ-BUF,False,fum_rec_td,False,True,fum_rec_td,
Jerome Barkum,1973,4,1973-10-07,False,NYJ,MIA,A,L,3,31,,1,28,0,0,0,0,0,0,0,0,,0,2.8,3.8,1072,False,targets;fum_rec_td,PFR+RULE2PT,19731007-NYJ-MIA,False,fum_rec_td,False,True,fum_rec_td,
Jerome Barkum,1973,5,1973-10-14,False,NYJ,NWE,A,W,9,7,,0,0,0,0,0,0,0,0,0,0,,0,0.0,0.0,1072,False,targets;fum_rec_td,PFR+RULE2PT,19731014-NYJ-NWE,False,fum_rec_td,False,True,fum_rec_td,
Jerome Barkum,1973,6,1973-10-21,False,NYJ,PIT,A,L,14,26,,1,20,0,0,0,0,0,0,0,0,,0,2.0,3.0,1072,False,targets;fum_rec_td,PFR+RULE2PT,19731021-NYJ-PIT,False,fum_rec_td,False,True,fum_rec_td,
Jerome Barkum,1973,7,1973-10-28,False,NYJ,DEN,H,L,28,40,,4,111,2,0,0,0,0,0,0,0,,0,23.1,27.1,1072,False,targets;fum_rec_td,PFR+RULE2PT,19731028-DEN-NYJ,False,fum_rec_td,False,True,fum_rec_td,
Jerome Barkum,1973,8,1973-11-04,False,NYJ,MIA,H,L,14,24,,4,56,0,0,0,0,0,0,0,0,,0,5.6,9.6,1072,False,targets;fum_rec_td,PFR+RULE2PT,19731104-MIA-NYJ,False,fum_rec_td,False,True,fum_rec_td,
Jerome Barkum,1973,9,1973-11-11,False,NYJ,NWE,H,W,33,13,,2,49,1,0,0,0,0,0,0,0,,0,10.9,12.9,1072,False,targets;fum_rec_td,PFR+RULE2PT,19731111-NWE-NYJ,False,fum_rec_td,False,True,fum_rec_td,
Jerome Barkum,1973,10,1973-11-18,False,NYJ,CIN,A,L,14,20,,8,83,1,0,0,0,0,0,0,0,,0,14.3,22.3,1072,False,targets;fum_rec_td,PFR+RULE2PT,19731118-NYJ-CIN,False,fum_rec_td,False,True,fum_rec_td,
Jerome Barkum,1973,11,1973-11-25,False,NYJ,ATL,H,L,20,28,,3,30,0,0,0,0,0,0,0,0,,0,3.0,6.0,1072,False,targets;fum_rec_td,PFR+RULE2PT,19731125-ATL-NYJ,False,fum_rec_td,False,True,fum_rec_td,
Jerome Barkum,1973,12,1973-12-02,False,NYJ,BAL,H,W,20,17,,3,99,0,1,2,0,0,0,0,0,,0,10.1,13.1,1072,False,targets;fum_rec_td,PFR+RULE2PT,19731202-BAL-NYJ,False,fum_rec_td,False,True,fum_rec_td,
Jerome Barkum,1973,13,1973-12-09,False,NYJ,PHI,A,L,23,24,,2,23,0,0,0,0,0,0,0,0,,0,2.3,4.3,1072,False,targets;fum_rec_td,PFR+RULE2PT,19731209-NYJ-PHI,False,fum_rec_td,False,True,fum_rec_td,
Jerome Barkum,1973,14,1973-12-16,False,NYJ,BUF,H,L,14,34,,4,102,1,0,0,0,0,0,0,0,,0,16.2,20.2,1072,False,targets;fum_rec_td,PFR+RULE2PT,19731216-BUF-NYJ,False,fum_rec_td,False,True,fum_rec_td,
Jerome Barkum,1974,1,1974-09-15,False,NYJ,KAN,A,L,16,24,,4,58,0,0,0,0,0,0,0,0,,0,5.8,9.8,1072,False,targets;fum_rec_td,PFR+RULE2PT,19740915-NYJ-KAN,False,fum_rec_td,False,True,fum_rec_td,
Jerome Barkum,1974,2,1974-09-22,False,NYJ,CHI,A,W,23,21,,5,90,0,0,0,0,0,0,0,0,,0,9.0,14.0,1072,False,targets;fum_rec_td,PFR+RULE2PT,19740922-NYJ-CHI,False,fum_rec_td,False,True,fum_rec_td,
Jerome Barkum,1974,3,1974-09-29,False,NYJ,BUF,A,L,12,16,,0,0,0,0,0,0,0,0,0,0,,0,0.0,0.0,1072,False,targets;fum_rec_td,PFR+RULE2PT,19740929-NYJ-BUF,False,fum_rec_td,False,True,fum_rec_td,
Jerome Barkum,1974,4,1974-10-07,False,NYJ,MIA,A,L,17,21,,3,46,0,0,0,0,0,0,0,0,,0,4.6,7.6,1072,False,targets;fum_rec_td,PFR+RULE2PT,19741007-NYJ-MIA,False,fum_rec_td,False,True,fum_rec_td,
Jerome Barkum,1974,5,1974-10-13,False,NYJ,NWE,H,L,0,24,,2,11,0,1,2,0,0,0,0,0,,0,1.3,3.3,1072,False,targets;fum_rec_td,PFR+RULE2PT,19741013-NWE-NYJ,False,fum_rec_td,False,True,fum_rec_td,
Jerome Barkum,1974,6,1974-10-20,False,NYJ,BAL,H,L,20,35,,1,7,1,0,0,0,0,0,0,0,,0,6.7,7.7,1072,False,targets;fum_rec_td,PFR+RULE2PT,19741020-BAL-NYJ,False,fum_rec_td,False,True,fum_rec_td,
Jerome Barkum,1974,7,1974-10-27,False,NYJ,RAM,H,L,13,20,,2,16,0,0,0,0,0,0,0,0,,0,1.6,3.6,1072,False,targets;fum_rec_td,PFR+RULE2PT,19741027-RAM-NYJ,False,fum_rec_td,False,True,fum_rec_td,
Jerome Barkum,1974,8,1974-11-03,False,NYJ,HOU,H,L,22,27,,2,13,0,0,0,0,0,0,0,0,,0,1.3,3.3,1072,False,targets;fum_rec_td,PFR+RULE2PT,19741103-HOU-NYJ,False,fum_rec_td,False,True,fum_rec_td,
Jerome Barkum,1974,9,1974-11-10,False,NYJ,NYG,A,W,26,20,,5,24,0,0,0,0,0,0,0,0,,0,2.4,7.4,1072,False,targets;fum_rec_td,PFR+RULE2PT,19741110-NYJ-NYG,False,fum_rec_td,False,True,fum_rec_td,
Jerome Barkum,1974,10,1974-11-17,False,NYJ,NWE,A,W,21,16,,2,34,0,0,0,0,0,0,0,0,,0,3.4,5.4,1072,False,targets;fum_rec_td,PFR+RULE2PT,19741117-NYJ-NWE,False,fum_rec_td,False,True,fum_rec_td,
Jerome Barkum,1974,11,1974-11-24,False,NYJ,MIA,H,W,17,14,,2,33,0,0,0,0,0,0,0,0,,0,3.3,5.3,1072,False,targets;fum_rec_td,PFR+RULE2PT,19741124-MIA-NYJ,False,fum_rec_td,False,True,fum_rec_td,
Jerome Barkum,1974,12,1974-12-01,False,NYJ,SDG,H,W,27,14,,5,43,0,0,0,0,0,0,0,0,,0,4.3,9.3,1072,False,targets;fum_rec_td,PFR+RULE2PT,19741201-SDG-NYJ,False,fum_rec_td,False,True,fum_rec_td,
Jerome Barkum,1974,13,1974-12-08,False,NYJ,BUF,H,W,20,10,,2,58,1,0,0,0,0,0,0,0,,0,11.8,13.8,1072,False,targets;fum_rec_td,PFR+RULE2PT,19741208-BUF-NYJ,False,fum_rec_td,False,True,fum_rec_td,
Jerome Barkum,1974,14,1974-12-15,False,NYJ,BAL,A,W,45,38,,6,91,1,0,0,0,0,0,0,0,,0,15.1,21.1,1072,False,targets;fum_rec_td,PFR+RULE2PT,19741215-NYJ-BAL,False,fum_rec_td,False,True,fum_rec_td,
Jerome Barkum,1975,1,1975-09-21,False,NYJ,BUF,A,L,14,42,,3,21,0,0,0,0,0,0,0,0,,0,2.1,5.1,1072,False,targets;fum_rec_td,PFR+RULE2PT,19750921-NYJ-BUF,False,fum_rec_td,False,True,fum_rec_td,
Jerome Barkum,1975,2,1975-09-28,False,NYJ,KAN,A,W,30,24,,1,17,0,0,0,0,0,0,0,0,,0,1.7,2.7,1072,False,targets;fum_rec_td,PFR+RULE2PT,19750928-NYJ-KAN,False,fum_rec_td,False,True,fum_rec_td,
Jerome Barkum,1975,3,1975-10-05,False,NYJ,NWE,H,W,36,7,,4,47,2,0,0,0,0,0,0,0,,0,16.7,20.7,1072,False,targets;fum_rec_td,PFR+RULE2PT,19751005-NWE-NYJ,False,fum_rec_td,False,True,fum_rec_td,
Jerome Barkum,1975,5,1975-10-19,False,NYJ,MIA,H,L,0,43,,0,0,0,0,0,0,0,0,0,0,,0,0.0,0.0,1072,False,targets;fum_rec_td,PFR+RULE2PT,19751019-MIA-NYJ,False,fum_rec_td,False,True,fum_rec_td,
Jerome Barkum,1975,6,1975-10-26,False,NYJ,BAL,H,L,28,45,,4,71,2,0,0,0,0,0,0,0,,0,19.1,23.1,1072,False,targets;fum_rec_td,PFR+RULE2PT,19751026-BAL-NYJ,False,fum_rec_td,False,True,fum_rec_td,
Jerome Barkum,1975,7,1975-11-02,False,NYJ,BUF,H,L,23,24,,5,44,0,0,0,0,0,0,0,0,,0,4.4,9.4,1072,False,targets;fum_rec_td,PFR+RULE2PT,19751102-BUF-NYJ,False,fum_rec_td,False,True,fum_rec_td,
Jerome Barkum,1975,8,1975-11-09,False,NYJ,MIA,A,L,7,27,,1,13,0,1,-7,0,0,0,0,0,,0,0.6,1.6,1072,False,targets;fum_rec_td,PFR+RULE2PT,19751109-NYJ-MIA,False,fum_rec_td,False,True,fum_rec_td,
Jerome Barkum,1975,9,1975-11-16,False,NYJ,BAL,A,L,19,52,,3,78,0,0,0,0,0,0,0,0,,0,7.8,10.8,1072,False,targets;fum_rec_td,PFR+RULE2PT,19751116-NYJ-BAL,False,fum_rec_td,False,True,fum_rec_td,
Jerome Barkum,1975,10,1975-11-23,False,NYJ,STL,H,L,6,37,,3,63,0,0,0,0,0,0,0,0,,0,6.3,9.3,1072,False,targets;fum_rec_td,PFR+RULE2PT,19751123-STL-NYJ,False,fum_rec_td,False,True,fum_rec_td,
Jerome Barkum,1975,11,1975-11-30,False,NYJ,PIT,H,L,7,20,,4,79,1,0,0,0,0,0,0,0,,0,13.9,17.9,1072,False,targets;fum_rec_td,PFR+RULE2PT,19751130-PIT-NYJ,False,fum_rec_td,False,True,fum_rec_td,
Jerome Barkum,1975,12,1975-12-07,False,NYJ,NWE,A,W,30,28,,2,28,0,0,0,0,0,0,0,0,,0,2.8,4.8,1072,False,targets;fum_rec_td,PFR+RULE2PT,19751207-NYJ-NWE,False,fum_rec_td,False,True,fum_rec_td,
Jerome Barkum,1975,13,1975-12-15,False,NYJ,SDG,A,L,16,24,,6,88,0,0,0,0,0,0,0,0,,0,8.8,14.8,1072,False,targets;fum_rec_td,PFR+RULE2PT,19751215-NYJ-SDG,False,fum_rec_td,False,True,fum_rec_td,
Jerome Barkum,1975,14,1975-12-21,False,NYJ,DAL,H,L,21,31,,0,0,0,0,0,0,0,0,0,0,,0,0.0,0.0,1072,False,targets;fum_rec_td,PFR+RULE2PT,19751221-DAL-NYJ,False,fum_rec_td,False,True,fum_rec_td,
Jerome Barkum,1976,11,1976-11-21,False,NYJ,NWE,H,L,24,38,,3,43,1,0,0,0,0,0,0,0,,0,10.3,13.3,1072,False,targets;fum_rec_td,PFR+RULE2PT,19761121-NWE-NYJ,False,fum_rec_td,False,True,fum_rec_td,
Jerome Barkum,1976,12,1976-11-28,False,NYJ,BAL,A,L,16,33,,0,0,0,0,0,0,0,0,0,0,,0,0.0,0.0,1072,False,targets;fum_rec_td,PFR+RULE2PT,19761128-NYJ-BAL,False,fum_rec_td,False,True,fum_rec_td,
Jerome Barkum,1976,13,1976-12-05,False,NYJ,WAS,H,L,16,37,,0,0,0,0,0,0,0,0,0,0,,0,0.0,0.0,1072,False,targets;fum_rec_td,PFR+RULE2PT,19761205-WAS-NYJ,False,fum_rec_td,False,True,fum_rec_td,
Jerome Barkum,1976,14,1976-12-12,False,NYJ,CIN,H,L,3,42,,2,11,0,0,0,0,0,0,0,0,,0,1.1,3.1,1072,False,targets;fum_rec_td,PFR+RULE2PT,19761212-CIN-NYJ,False,fum_rec_td,False,True,fum_rec_td,
Jerome Barkum,1977,1,1977-09-18,False,NYJ,HOU,A,L,0,20,,3,27,0,0,0,0,0,0,0,0,,0,2.7,5.7,1072,False,targets;fum_rec_td,PFR+RULE2PT,19770918-NYJ-HOU,False,fum_rec_td,False,True,fum_rec_td,
Jerome Barkum,1977,2,1977-09-25,False,NYJ,BAL,H,L,12,20,,0,0,0,0,0,0,0,0,0,0,,0,0.0,0.0,1072,False,targets;fum_rec_td,PFR+RULE2PT,19770925-BAL-NYJ,False,fum_rec_td,False,True,fum_rec_td,
Jerome Barkum,1977,3,1977-10-02,False,NYJ,NWE,H,W,30,27,,1,6,0,0,0,0,0,0,0,0,,0,0.6,1.6,1072,False,targets;fum_rec_td,PFR+RULE2PT,19771002-NWE-NYJ,False,fum_rec_td,False,True,fum_rec_td,
Jerome Barkum,1977,4,1977-10-09,False,NYJ,BUF,A,W,24,19,,3,45,1,0,0,0,0,0,0,0,,0,10.5,13.5,1072,False,targets;fum_rec_td,PFR+RULE2PT,19771009-NYJ-BUF,False,fum_rec_td,False,True,fum_rec_td,
Jerome Barkum,1977,5,1977-10-16,False,NYJ,MIA,A,L,17,21,,3,49,0,0,0,0,0,0,0,0,,0,4.9,7.9,1072,False,targets;fum_rec_td,PFR+RULE2PT,19771016-NYJ-MIA,False,fum_rec_td,False,True,fum_rec_td,
Jerome Barkum,1977,6,1977-10-23,False,NYJ,OAK,H,L,27,28,,4,94,1,0,0,0,0,0,0,0,,0,15.4,19.4,1072,False,targets;fum_rec_td,PFR+RULE2PT,19771023-OAK-NYJ,False,fum_rec_td,False,True,fum_rec_td,
Jerome Barkum,1977,7,1977-10-30,False,NYJ,NWE,A,L,13,24,,4,73,1,0,0,0,0,0,0,0,,0,13.3,17.3,1072,False,targets;fum_rec_td,PFR+RULE2PT,19771030-NYJ-NWE,False,fum_rec_td,False,True,fum_rec_td,
Jerome Barkum,1977,8,1977-11-06,False,NYJ,MIA,H,L,10,14,,1,16,1,0,0,0,0,0,0,0,,0,7.6,8.6,1072,False,targets;fum_rec_td,PFR+RULE2PT,19771106-MIA-NYJ,False,fum_rec_td,False,True,fum_rec_td,
Jerome Barkum,1977,9,1977-11-13,False,NYJ,SEA,H,L,0,17,,0,0,0,0,0,0,0,0,0,0,,0,0.0,0.0,1072,False,targets;fum_rec_td,PFR+RULE2PT,19771113-SEA-NYJ,False,fum_rec_td,False,True,fum_rec_td,
Jerome Barkum,1977,10,1977-11-20,False,NYJ,BAL,A,L,12,33,,1,18,1,0,0,0,0,0,0,0,,0,7.8,8.8,1072,False,targets;fum_rec_td,PFR+RULE2PT,19771120-NYJ-BAL,False,fum_rec_td,False,True,fum_rec_td,
Jerome Barkum,1977,11,1977-11-27,False,NYJ,PIT,H,L,20,23,,2,17,0,0,0,0,0,0,0,0,,0,1.7,3.7,1072,False,targets;fum_rec_td,PFR+RULE2PT,19771127-PIT-NYJ,False,fum_rec_td,False,True,fum_rec_td,
Jerome Barkum,1977,12,1977-12-04,False,NYJ,NOR,A,W,16,13,,3,81,1,0,0,0,0,0,0,0,,0,14.1,17.1,1072,False,targets;fum_rec_td,PFR+RULE2PT,19771204-NYJ-NOR,False,fum_rec_td,False,True,fum_rec_td,
Jerome Barkum,1977,13,1977-12-11,False,NYJ,BUF,H,L,10,14,,1,24,0,0,0,0,0,0,0,0,,0,2.4,3.4,1072,False,targets;fum_rec_td,PFR+RULE2PT,19771211-BUF-NYJ,False,fum_rec_td,False,True,fum_rec_td,
Jerome Barkum,1977,14,1977-12-18,False,NYJ,PHI,A,L,0,27,,0,0,0,0,0,0,0,0,0,0,,0,0.0,0.0,1072,False,targets;fum_rec_td,PFR+RULE2PT,19771218-NYJ-PHI,False,fum_rec_td,False,True,fum_rec_td,
Jerome Barkum,1978,1,1978-09-03,False,NYJ,MIA,H,W,33,20,,1,19,0,0,0,0,0,0,0,0,,0,1.9,2.9,1072,False,targets;fum_rec_td,PFR+RULE2PT,19780903-MIA-NYJ,False,fum_rec_td,False,True,fum_rec_td,
Jerome Barkum,1978,2,1978-09-10,False,NYJ,BUF,A,W,21,20,,2,17,2,0,0,0,0,0,0,0,,0,13.7,15.7,1072,False,targets;fum_rec_td,PFR+RULE2PT,19780910-NYJ-BUF,False,fum_rec_td,False,True,fum_rec_td,
Jerome Barkum,1978,3,1978-09-17,False,NYJ,SEA,H,L,17,24,,1,27,0,0,0,0,0,0,0,0,,0,2.7,3.7,1072,False,targets;fum_rec_td,PFR+RULE2PT,19780917-SEA-NYJ,False,fum_rec_td,False,True,fum_rec_td,
Jerome Barkum,1978,4,1978-09-24,False,NYJ,WAS,A,L,3,23,,3,60,0,0,0,0,0,0,0,0,,0,6.0,9.0,1072,False,targets;fum_rec_td,PFR+RULE2PT,19780924-NYJ-WAS,False,fum_rec_td,False,True,fum_rec_td,
Jerome Barkum,1978,5,1978-10-01,False,NYJ,PIT,H,L,17,28,,0,0,0,0,0,0,0,0,0,0,,0,0.0,0.0,1072,False,targets;fum_rec_td,PFR+RULE2PT,19781001-PIT-NYJ,False,fum_rec_td,False,True,fum_rec_td,
Jerome Barkum,1978,6,1978-10-08,False,NYJ,BUF,H,W,45,14,,2,41,0,0,0,0,0,0,0,0,,0,4.1,6.1,1072,False,targets;fum_rec_td,PFR+RULE2PT,19781008-BUF-NYJ,False,fum_rec_td,False,True,fum_rec_td,
Jerome Barkum,1978,7,1978-10-15,False,NYJ,BAL,A,W,33,10,,0,0,0,0,0,0,0,0,0,0,,0,0.0,0.0,1072,False,targets;fum_rec_td,PFR+RULE2PT,19781015-NYJ-BAL,False,fum_rec_td,False,True,fum_rec_td,
Jerome Barkum,1978,8,1978-10-22,False,NYJ,STL,H,W,23,10,,1,7,0,0,0,0,0,0,0,0,,0,0.7,1.7,1072,False,targets;fum_rec_td,PFR+RULE2PT,19781022-STL-NYJ,False,fum_rec_td,False,True,fum_rec_td,
Jerome Barkum,1978,9,1978-10-29,False,NYJ,NWE,A,L,21,55,,2,31,0,0,0,0,0,0,0,0,,0,3.1,5.1,1072,False,targets;fum_rec_td,PFR+RULE2PT,19781029-NYJ-NWE,False,fum_rec_td,False,True,fum_rec_td,
Jerome Barkum,1978,10,1978-11-05,False,NYJ,DEN,A,W,31,28,,3,43,0,0,0,0,0,0,0,0,,0,4.3,7.3,1072,False,targets;fum_rec_td,PFR+RULE2PT,19781105-NYJ-DEN,False,fum_rec_td,False,True,fum_rec_td,
Jerome Barkum,1978,11,1978-11-12,False,NYJ,PHI,A,L,9,17,,3,45,0,0,0,0,0,0,0,0,,0,4.5,7.5,1072,False,targets;fum_rec_td,PFR+RULE2PT,19781112-NYJ-PHI,False,fum_rec_td,False,True,fum_rec_td,
Jerome Barkum,1978,12,1978-11-19,False,NYJ,NWE,H,L,17,19,,3,28,0,0,0,0,0,0,0,0,,0,2.8,5.8,1072,False,targets;fum_rec_td,PFR+RULE2PT,19781119-NWE-NYJ,False,fum_rec_td,False,True,fum_rec_td,
Jerome Barkum,1978,13,1978-11-26,False,NYJ,MIA,A,W,24,13,,2,22,0,0,0,0,0,0,0,0,,0,2.2,4.2,1072,False,targets;fum_rec_td,PFR+RULE2PT,19781126-NYJ-MIA,False,fum_rec_td,False,True,fum_rec_td,
Jerome Barkum,1978,14,1978-12-03,False,NYJ,BAL,H,W,24,16,,1,21,0,0,0,0,0,0,0,0,,0,2.1,3.1,1072,False,targets;fum_rec_td,PFR+RULE2PT,19781203-BAL-NYJ,False,fum_rec_td,False,True,fum_rec_td,
Jerome Barkum,1978,15,1978-12-10,False,NYJ,CLE,A,L,34,37,,2,13,0,0,0,0,0,0,0,0,,0,1.3,3.3,1072,False,targets;fum_rec_td,PFR+RULE2PT,19781210-NYJ-CLE,False,fum_rec_td,False,True,fum_rec_td,
Jerome Barkum,1978,16,1978-12-17,False,NYJ,DAL,H,L,7,30,,2,17,1,0,0,0,0,0,0,0,,0,7.7,9.7,1072,False,targets;fum_rec_td,PFR+RULE2PT,19781217-DAL-NYJ,False,fum_rec_td,False,True,fum_rec_td,
Jerome Barkum,1979,1,1979-09-02,False,NYJ,CLE,H,L,22,25,,3,33,0,0,0,0,0,0,0,0,,0,3.3,6.3,1072,False,targets;fum_rec_td,PFR+RULE2PT,19790902-CLE-NYJ,False,fum_rec_td,False,True,fum_rec_td,
Jerome Barkum,1979,5,1979-09-30,False,NYJ,MIA,H,W,33,27,,0,0,0,0,0,0,0,0,0,0,,0,0.0,0.0,1072,False,targets;fum_rec_td,PFR+RULE2PT,19790930-MIA-NYJ,False,fum_rec_td,False,True,fum_rec_td,
Jerome Barkum,1979,6,1979-10-07,False,NYJ,BAL,A,L,8,10,,1,11,0,0,0,0,0,0,0,0,,0,1.1,2.1,1072,False,targets;fum_rec_td,PFR+RULE2PT,19791007-NYJ-BAL,False,fum_rec_td,False,True,fum_rec_td,
Jerome Barkum,1979,7,1979-10-15,False,NYJ,MIN,H,W,14,7,,1,10,0,0,0,0,0,0,0,0,,0,1.0,2.0,1072,False,targets;fum_rec_td,PFR+RULE2PT,19791015-MIN-NYJ,False,fum_rec_td,False,True,fum_rec_td,
Jerome Barkum,1979,8,1979-10-21,False,NYJ,OAK,H,W,28,19,,1,26,0,0,0,0,0,0,0,0,,0,2.6,3.6,1072,False,targets;fum_rec_td,PFR+RULE2PT,19791021-OAK-NYJ,False,fum_rec_td,False,True,fum_rec_td,
Jerome Barkum,1979,9,1979-10-28,False,NYJ,HOU,A,L,24,27,,1,18,1,0,0,0,0,0,0,0,,0,7.8,8.8,1072,False,targets;fum_rec_td,PFR+RULE2PT,19791028-NYJ-HOU,False,fum_rec_td,False,True,fum_rec_td,
Jerome Barkum,1979,10,1979-11-04,False,NYJ,GNB,A,W,27,22,,1,32,1,0,0,0,0,0,0,0,,0,9.2,10.2,1072,False,targets;fum_rec_td,PFR+RULE2PT,19791104-NYJ-GNB,False,fum_rec_td,False,True,fum_rec_td,
Jerome Barkum,1979,11,1979-11-11,False,NYJ,BUF,H,L,12,14,,3,28,0,0,0,0,0,0,0,0,,0,2.8,5.8,1072,False,targets;fum_rec_td,PFR+RULE2PT,19791111-BUF-NYJ,False,fum_rec_td,False,True,fum_rec_td,
Jerome Barkum,1979,12,1979-11-18,False,NYJ,CHI,A,L,13,23,,3,43,1,0,0,0,0,0,0,0,,0,10.3,13.3,1072,False,targets;fum_rec_td,PFR+RULE2PT,19791118-NYJ-CHI,False,fum_rec_td,False,True,fum_rec_td,
Jerome Barkum,1979,13,1979-11-26,False,NYJ,SEA,A,L,7,30,,6,103,0,0,0,0,0,0,0,0,,0,10.3,16.3,1072,False,targets;fum_rec_td,PFR+RULE2PT,19791126-NYJ-SEA,False,fum_rec_td,False,True,fum_rec_td,
Jerome Barkum,1979,14,1979-12-02,False,NYJ,BAL,H,W,30,17,,3,36,1,0,0,0,0,0,0,0,,0,9.6,12.6,1072,False,targets;fum_rec_td,PFR+RULE2PT,19791202-BAL-NYJ,False,fum_rec_td,False,True,fum_rec_td,
Jerome Barkum,1979,15,1979-12-09,False,NYJ,NWE,H,W,27,26,,1,11,0,0,0,0,0,0,0,0,,0,1.1,2.1,1072,False,targets;fum_rec_td,PFR+RULE2PT,19791209-NWE-NYJ,False,fum_rec_td,False,True,fum_rec_td,
Jerome Barkum,1979,16,1979-12-15,False,NYJ,MIA,A,W,27,24,,3,50,0,0,0,0,0,0,0,0,,0,5.0,8.0,1072,False,targets;fum_rec_td,PFR+RULE2PT,19791215-NYJ-MIA,False,fum_rec_td,False,True,fum_rec_td,
Aaron Thomas,1970,1,1970-09-19,False,NYG,CHI,H,L,16,24,,0,0,0,0,0,0,0,0,0,0,,0,0.0,0.0,21998,False,targets;fum_rec_td,PFR+RULE2PT,19700919-CHI-NYG,False,fum_rec_td,False,True,fum_rec_td,
Aaron Thomas,1970,2,1970-09-27,False,NYG,DAL,A,L,10,28,,1,29,0,0,0,0,0,0,0,0,,0,2.9,3.9,21998,False,targets;fum_rec_td,PFR+RULE2PT,19700927-NYG-DAL,False,fum_rec_td,False,True,fum_rec_td,
Aaron Thomas,1970,3,1970-10-04,False,NYG,NOR,A,L,10,14,,3,35,0,0,0,0,0,0,0,0,,0,3.5,6.5,21998,False,targets;fum_rec_td,PFR+RULE2PT,19701004-NYG-NOR,False,fum_rec_td,False,True,fum_rec_td,
Aaron Thomas,1970,4,1970-10-11,False,NYG,PHI,H,W,30,23,,0,0,0,0,0,0,0,0,0,0,,0,0.0,0.0,21998,False,targets;fum_rec_td,PFR+RULE2PT,19701011-PHI-NYG,False,fum_rec_td,False,True,fum_rec_td,
Aaron Thomas,1970,5,1970-10-18,False,NYG,BOS,A,W,16,0,,0,0,0,0,0,0,0,0,0,0,,0,0.0,0.0,21998,False,targets;fum_rec_td,PFR+RULE2PT,19701018-NYG-BOS,False,fum_rec_td,False,True,fum_rec_td,
Aaron Thomas,1970,6,1970-10-25,False,NYG,STL,H,W,35,17,,1,3,1,0,0,0,0,0,0,0,,0,6.3,7.3,21998,False,targets;fum_rec_td,PFR+RULE2PT,19701025-STL-NYG,False,fum_rec_td,False,True,fum_rec_td,
Aaron Thomas,1970,7,1970-11-01,False,NYG,NYJ,A,W,22,10,,0,0,0,0,0,0,0,0,0,0,,0,0.0,0.0,21998,False,targets;fum_rec_td,PFR+RULE2PT,19701101-NYG-NYJ,False,fum_rec_td,False,True,fum_rec_td,
Aaron Thomas,1970,8,1970-11-08,False,NYG,DAL,H,W,23,20,,0,0,0,0,0,0,0,0,0,0,,0,0.0,0.0,21998,False,targets;fum_rec_td,PFR+RULE2PT,19701108-DAL-NYG,False,fum_rec_td,False,True,fum_rec_td,
Aaron Thomas,1970,9,1970-11-15,False,NYG,WAS,H,W,35,33,,1,25,0,0,0,0,0,0,0,0,,0,2.5,3.5,21998,False,targets;fum_rec_td,PFR+RULE2PT,19701115-WAS-NYG,False,fum_rec_td,False,True,fum_rec_td,
Aaron Thomas,1970,10,1970-11-23,False,NYG,PHI,A,L,20,23,,0,0,0,0,0,0,0,0,0,0,,0,0.0,0.0,21998,False,targets;fum_rec_td,PFR+RULE2PT,19701123-NYG-PHI,False,fum_rec_td,False,True,fum_rec_td,
Aaron Thomas,1970,11,1970-11-29,False,NYG,WAS,A,W,27,24,,0,0,0,0,0,0,0,0,0,0,,0,0.0,0.0,21998,False,targets;fum_rec_td,PFR+RULE2PT,19701129-NYG-WAS,False,fum_rec_td,False,True,fum_rec_td,
Aaron Thomas,1970,12,1970-12-06,False,NYG,BUF,H,W,20,6,,0,0,0,0,0,0,0,0,0,0,,0,0.0,0.0,21998,False,targets;fum_rec_td,PFR+RULE2PT,19701206-BUF-NYG,False,fum_rec_td,False,True,fum_rec_td,
Aaron Thomas,1970,13,1970-12-13,False,NYG,STL,A,W,34,17,,0,0,0,0,0,0,0,0,0,0,,0,0.0,0.0,21998,False,targets;fum_rec_td,PFR+RULE2PT,19701213-NYG-STL,False,fum_rec_td,False,True,fum_rec_td,
Aaron Thomas,1970,14,1970-12-20,False,NYG,RAM,H,L,3,31,,0,0,0,0,0,0,0,0,0,0,,0,0.0,0.0,21998,False,targets;fum_rec_td,PFR+RULE2PT,19701220-RAM-NYG,False,fum_rec_td,False,True,fum_rec_td,
Bob Trumpy,1970,1,1970-09-20,False,CIN,OAK,H,W,31,21,,4,67,0,0,0,0,0,0,0,0,,0,6.7,10.7,22546,False,targets;fum_rec_td,PFR+RULE2PT,19700920-OAK-CIN,False,fum_rec_td,False,True,fum_rec_td,
Bob Trumpy,1970,2,1970-09-27,False,CIN,DET,A,L,3,38,,1,4,0,0,0,0,0,0,0,0,,0,0.4,1.4,22546,False,targets;fum_rec_td,PFR+RULE2PT,19700927-CIN-DET,False,fum_rec_td,False,True,fum_rec_td,
Bob Trumpy,1970,3,1970-10-04,False,CIN,HOU,H,L,13,20,,6,90,1,0,0,0,0,0,0,0,,0,15.0,21.0,22546,False,targets;fum_rec_td,PFR+RULE2PT,19701004-HOU-CIN,False,fum_rec_td,False,True,fum_rec_td,
Bob Trumpy,1970,7,1970-11-02,False,CIN,PIT,A,L,10,21,,5,56,0,0,0,0,0,0,0,0,,0,5.6,10.6,22546,False,targets;fum_rec_td,PFR+RULE2PT,19701102-CIN-PIT,False,fum_rec_td,False,True,fum_rec_td,
Bob Trumpy,1970,8,1970-11-08,False,CIN,BUF,A,W,43,14,,4,96,0,0,0,0,0,0,0,0,,0,9.6,13.6,22546,False,targets;fum_rec_td,PFR+RULE2PT,19701108-CIN-BUF,False,fum_rec_td,False,True,fum_rec_td,
Bob Trumpy,1970,9,1970-11-15,False,CIN,CLE,H,W,14,10,,2,16,0,0,0,0,0,0,0,0,,0,1.6,3.6,22546,False,targets;fum_rec_td,PFR+RULE2PT,19701115-CLE-CIN,False,fum_rec_td,False,True,fum_rec_td,
Bob Trumpy,1970,10,1970-11-22,False,CIN,PIT,H,W,34,7,,3,75,1,0,0,0,0,0,0,0,,0,13.5,16.5,22546,False,targets;fum_rec_td,PFR+RULE2PT,19701122-PIT-CIN,False,fum_rec_td,False,True,fum_rec_td,
Bob Trumpy,1970,11,1970-11-29,False,CIN,NOR,H,W,26,6,,1,30,0,0,0,0,0,0,0,0,,0,3.0,4.0,22546,False,targets;fum_rec_td,PFR+RULE2PT,19701129-NOR-CIN,False,fum_rec_td,False,True,fum_rec_td,
Bob Trumpy,1970,12,1970-12-06,False,CIN,SDG,A,W,17,14,,0,0,0,0,0,0,0,0,0,0,,0,0.0,0.0,22546,False,targets;fum_rec_td,PFR+RULE2PT,19701206-CIN-SDG,False,fum_rec_td,False,True,fum_rec_td,
Bob Trumpy,1970,13,1970-12-13,False,CIN,HOU,A,W,30,20,,2,20,0,0,0,0,0,0,0,0,,0,2.0,4.0,22546,False,targets;fum_rec_td,PFR+RULE2PT,19701213-CIN-HOU,False,fum_rec_td,False,True,fum_rec_td,
Bob Trumpy,1970,14,1970-12-20,False,CIN,BOS,H,W,45,7,,1,26,0,0,0,0,0,0,0,0,,0,2.6,3.6,22546,False,targets;fum_rec_td,PFR+RULE2PT,19701220-BOS-CIN,False,fum_rec_td,False,True,fum_rec_td,
Bob Trumpy,1970,15,1970-12-26,True,CIN,BAL,A,L,0,17,,0,0,0,0,0,0,0,0,0,0,,0,0.0,0.0,22546,False,targets;fum_rec_td,PFR+RULE2PT,19701226-CIN-BAL,False,fum_rec_td,False,True,fum_rec_td,
Bob Trumpy,1971,1,1971-09-19,False,CIN,PHI,H,W,37,14,,3,30,0,0,0,0,0,0,0,0,,0,3.0,6.0,22546,False,targets;fum_rec_td,PFR+RULE2PT,19710919-PHI-CIN,False,fum_rec_td,False,True,fum_rec_td,
Bob Trumpy,1971,2,1971-09-26,False,CIN,PIT,A,L,10,21,,5,47,0,0,0,0,0,0,0,0,,0,4.7,9.7,22546,False,targets;fum_rec_td,PFR+RULE2PT,19710926-CIN-PIT,False,fum_rec_td,False,True,fum_rec_td,
Bob Trumpy,1971,3,1971-10-03,False,CIN,GNB,A,L,17,20,,3,62,0,0,0,0,0,0,0,0,,0,6.2,9.2,22546,False,targets;fum_rec_td,PFR+RULE2PT,19711003-CIN-GNB,False,fum_rec_td,False,True,fum_rec_td,
Bob Trumpy,1971,4,1971-10-10,False,CIN,MIA,H,L,13,23,,2,33,1,0,0,0,0,0,0,0,,0,9.3,11.3,22546,False,targets;fum_rec_td,PFR+RULE2PT,19711010-MIA-CIN,False,fum_rec_td,False,True,fum_rec_td,
Bob Trumpy,1971,5,1971-10-17,False,CIN,CLE,H,L,24,27,,3,43,0,0,0,0,0,0,0,0,,0,4.3,7.3,22546,False,targets;fum_rec_td,PFR+RULE2PT,19711017-CLE-CIN,False,fum_rec_td,False,True,fum_rec_td,
Bob Trumpy,1971,6,1971-10-24,False,CIN,OAK,A,L,27,31,,1,21,0,0,0,0,0,0,0,0,,0,2.1,3.1,22546,False,targets;fum_rec_td,PFR+RULE2PT,19711024-CIN-OAK,False,fum_rec_td,False,True,fum_rec_td,
Bob Trumpy,1971,7,1971-10-31,False,CIN,HOU,A,L,6,10,,1,10,0,0,0,0,0,0,0,0,,0,1.0,2.0,22546,False,targets;fum_rec_td,PFR+RULE2PT,19711031-CIN-HOU,False,fum_rec_td,False,True,fum_rec_td,
Bob Trumpy,1971,8,1971-11-07,False,CIN,ATL,H,L,6,9,,0,0,0,0,0,0,0,0,0,0,,0,0.0,0.0,22546,False,targets;fum_rec_td,PFR+RULE2PT,19711107-ATL-CIN,False,fum_rec_td,False,True,fum_rec_td,
Bob Trumpy,1971,9,1971-11-14,False,CIN,DEN,A,W,24,10,,2,18,0,0,0,0,0,0,0,0,,0,1.8,3.8,22546,False,targets;fum_rec_td,PFR+RULE2PT,19711114-CIN-DEN,False,fum_rec_td,False,True,fum_rec_td,
Bob Trumpy,1971,10,1971-11-21,False,CIN,HOU,H,W,28,13,,5,87,1,0,0,0,0,0,0,0,,0,14.7,19.7,22546,False,targets;fum_rec_td,PFR+RULE2PT,19711121-HOU-CIN,False,fum_rec_td,False,True,fum_rec_td,
Bob Trumpy,1971,11,1971-11-28,False,CIN,SDG,H,W,31,0,,3,33,1,0,0,0,0,0,0,0,,0,9.3,12.3,22546,False,targets;fum_rec_td,PFR+RULE2PT,19711128-SDG-CIN,False,fum_rec_td,False,True,fum_rec_td,
Bob Trumpy,1971,12,1971-12-05,False,CIN,CLE,A,L,27,31,,3,43,0,0,0,0,0,0,0,0,,0,4.3,7.3,22546,False,targets;fum_rec_td,PFR+RULE2PT,19711205-CIN-CLE,False,fum_rec_td,False,True,fum_rec_td,
Bob Trumpy,1971,13,1971-12-12,False,CIN,PIT,H,L,13,21,,4,48,0,0,0,0,0,0,0,0,,0,4.8,8.8,22546,False,targets;fum_rec_td,PFR+RULE2PT,19711212-PIT-CIN,False,fum_rec_td,False,True,fum_rec_td,
Bob Trumpy,1971,14,1971-12-19,False,CIN,NYJ,A,L,21,35,,5,56,0,0,0,0,0,0,0,0,,0,5.6,10.6,22546,False,targets;fum_rec_td,PFR+RULE2PT,19711219-CIN-NYJ,False,fum_rec_td,False,True,fum_rec_td,
Bob Trumpy,1972,1,1972-09-17,False,CIN,NWE,A,W,31,7,,3,31,1,0,0,0,0,0,0,0,,0,9.1,12.1,22546,False,targets;fum_rec_td,PFR+RULE2PT,19720917-CIN-NWE,False,fum_rec_td,False,True,fum_rec_td,
Bob Trumpy,1972,2,1972-09-24,False,CIN,PIT,H,W,15,10,,3,41,0,0,0,0,0,0,0,0,,0,4.1,7.1,22546,False,targets;fum_rec_td,PFR+RULE2PT,19720924-PIT-CIN,False,fum_rec_td,False,True,fum_rec_td,
Bob Trumpy,1972,3,1972-10-01,False,CIN,CLE,A,L,6,27,,4,28,0,0,0,0,0,0,0,0,,0,2.8,6.8,22546,False,targets;fum_rec_td,PFR+RULE2PT,19721001-CIN-CLE,False,fum_rec_td,False,True,fum_rec_td,
Bob Trumpy,1972,4,1972-10-08,False,CIN,DEN,H,W,21,10,,4,37,0,0,0,0,0,0,0,0,,0,3.7,7.7,22546,False,targets;fum_rec_td,PFR+RULE2PT,19721008-DEN-CIN,False,fum_rec_td,False,True,fum_rec_td,
Bob Trumpy,1972,5,1972-10-15,False,CIN,KAN,A,W,23,16,,3,19,0,0,0,0,0,0,0,0,,0,1.9,4.9,22546,False,targets;fum_rec_td,PFR+RULE2PT,19721015-CIN-KAN,False,fum_rec_td,False,True,fum_rec_td,
Bob Trumpy,1972,6,1972-10-22,False,CIN,RAM,A,L,12,15,,2,41,1,0,0,0,0,0,0,0,,0,10.1,12.1,22546,False,targets;fum_rec_td,PFR+RULE2PT,19721022-CIN-RAM,False,fum_rec_td,False,True,fum_rec_td,
Bob Trumpy,1972,7,1972-10-29,False,CIN,HOU,H,W,30,7,,8,90,0,0,0,0,0,0,0,0,,0,9.0,17.0,22546,False,targets;fum_rec_td,PFR+RULE2PT,19721029-HOU-CIN,False,fum_rec_td,False,True,fum_rec_td,
Bob Trumpy,1972,8,1972-11-05,False,CIN,PIT,A,L,17,40,,4,38,0,0,0,0,0,0,0,0,,0,3.8,7.8,22546,False,targets;fum_rec_td,PFR+RULE2PT,19721105-CIN-PIT,False,fum_rec_td,False,True,fum_rec_td,
Bob Trumpy,1972,9,1972-11-12,False,CIN,OAK,H,L,14,20,,4,56,0,0,0,0,0,0,0,0,,0,5.6,9.6,22546,False,targets;fum_rec_td,PFR+RULE2PT,19721112-OAK-CIN,False,fum_rec_td,False,True,fum_rec_td,
Bob Trumpy,1972,10,1972-11-19,False,CIN,BAL,H,L,19,20,,2,47,0,0,0,0,0,0,0,0,,0,4.7,6.7,22546,False,targets;fum_rec_td,PFR+RULE2PT,19721119-BAL-CIN,False,fum_rec_td,False,True,fum_rec_td,
Bob Trumpy,1972,11,1972-11-26,False,CIN,CHI,A,W,13,3,,3,33,0,0,0,0,0,0,0,0,,0,3.3,6.3,22546,False,targets;fum_rec_td,PFR+RULE2PT,19721126-CIN-CHI,False,fum_rec_td,False,True,fum_rec_td,
Bob Trumpy,1972,12,1972-12-03,False,CIN,NYG,H,W,13,10,,4,39,0,0,0,0,0,0,0,0,,0,3.9,7.9,22546,False,targets;fum_rec_td,PFR+RULE2PT,19721203-NYG-CIN,False,fum_rec_td,False,True,fum_rec_td,
Bob Trumpy,1973,1,1973-09-16,False,CIN,DEN,A,L,10,28,,3,44,0,0,0,0,0,0,0,0,,0,4.4,7.4,22546,False,targets;fum_rec_td,PFR+RULE2PT,19730916-CIN-DEN,False,fum_rec_td,False,True,fum_rec_td,
Bob Trumpy,1973,2,1973-09-23,False,CIN,HOU,H,W,24,10,,2,43,1,0,0,0,0,0,0,0,,0,10.3,12.3,22546,False,targets;fum_rec_td,PFR+RULE2PT,19730923-HOU-CIN,False,fum_rec_td,False,True,fum_rec_td,
Bob Trumpy,1973,3,1973-09-30,False,CIN,SDG,A,W,20,13,,3,40,0,0,0,0,0,0,0,0,,0,4.0,7.0,22546,False,targets;fum_rec_td,PFR+RULE2PT,19730930-CIN-SDG,False,fum_rec_td,False,True,fum_rec_td,
Bob Trumpy,1973,4,1973-10-07,False,CIN,CLE,A,L,10,17,,1,5,0,0,0,0,0,0,0,0,,0,0.5,1.5,22546,False,targets;fum_rec_td,PFR+RULE2PT,19731007-CIN-CLE,False,fum_rec_td,False,True,fum_rec_td,
Bob Trumpy,1973,5,1973-10-14,False,CIN,PIT,H,W,19,7,,0,0,0,0,0,0,0,0,0,0,,0,0.0,0.0,22546,False,targets;fum_rec_td,PFR+RULE2PT,19731014-PIT-CIN,False,fum_rec_td,False,True,fum_rec_td,
Bob Trumpy,1973,6,1973-10-21,False,CIN,KAN,H,W,14,6,,1,30,1,0,0,0,0,0,0,0,,0,9.0,10.0,22546,False,targets;fum_rec_td,PFR+RULE2PT,19731021-KAN-CIN,False,fum_rec_td,False,True,fum_rec_td,
Bob Trumpy,1973,7,1973-10-28,False,CIN,PIT,A,L,13,20,,2,68,0,0,0,0,0,0,0,0,,0,6.8,8.8,22546,False,targets;fum_rec_td,PFR+RULE2PT,19731028-CIN-PIT,False,fum_rec_td,False,True,fum_rec_td,
Bob Trumpy,1973,8,1973-11-04,False,CIN,DAL,A,L,10,38,,3,34,0,0,0,0,0,0,0,0,,0,3.4,6.4,22546,False,targets;fum_rec_td,PFR+RULE2PT,19731104-CIN-DAL,False,fum_rec_td,False,True,fum_rec_td,
Bob Trumpy,1973,9,1973-11-11,False,CIN,BUF,A,W,16,13,,2,23,0,0,0,0,0,0,0,0,,0,2.3,4.3,22546,False,targets;fum_rec_td,PFR+RULE2PT,19731111-CIN-BUF,False,fum_rec_td,False,True,fum_rec_td,
Bob Trumpy,1973,10,1973-11-18,False,CIN,NYJ,H,W,20,14,,1,13,0,0,0,0,0,0,0,0,,0,1.3,2.3,22546,False,targets;fum_rec_td,PFR+RULE2PT,19731118-NYJ-CIN,False,fum_rec_td,False,True,fum_rec_td,
Bob Trumpy,1973,11,1973-11-25,False,CIN,STL,H,W,42,24,,2,21,1,0,0,0,0,0,0,0,,0,8.1,10.1,22546,False,targets;fum_rec_td,PFR+RULE2PT,19731125-STL-CIN,False,fum_rec_td,False,True,fum_rec_td,
Bob Trumpy,1973,12,1973-12-02,False,CIN,MIN,H,W,27,0,,4,37,1,0,0,0,0,0,0,0,,0,9.7,13.7,22546,False,targets;fum_rec_td,PFR+RULE2PT,19731202-MIN-CIN,False,fum_rec_td,False,True,fum_rec_td,
Bob Trumpy,1973,13,1973-12-09,False,CIN,CLE,H,W,34,17,,1,14,0,0,0,0,0,0,0,0,,0,1.4,2.4,22546,False,targets;fum_rec_td,PFR+RULE2PT,19731209-CLE-CIN,False,fum_rec_td,False,True,fum_rec_td,
Bob Trumpy,1973,14,1973-12-16,False,CIN,HOU,A,W,27,24,,4,63,1,0,0,0,0,0,0,0,,0,12.3,16.3,22546,False,targets;fum_rec_td,PFR+RULE2PT,19731216-CIN-HOU,False,fum_rec_td,False,True,fum_rec_td,
Bob Trumpy,1973,15,1973-12-23,True,CIN,MIA,A,L,16,34,,0,0,0,0,0,0,0,0,0,0,,0,0.0,0.0,22546,False,targets;fum_rec_td,PFR+RULE2PT,19731223-CIN-MIA,False,fum_rec_td,False,True,fum_rec_td,
Bob Trumpy,1974,1,1974-09-15,False,CIN,CLE,H,W,33,7,,1,25,1,0,0,0,0,0,0,0,,0,8.5,9.5,22546,False,targets;fum_rec_td,PFR+RULE2PT,19740915-CLE-CIN,False,fum_rec_td,False,True,fum_rec_td,
Bob Trumpy,1974,2,1974-09-22,False,CIN,SDG,H,L,17,20,,3,42,0,0,0,0,0,0,0,0,,0,4.2,7.2,22546,False,targets;fum_rec_td,PFR+RULE2PT,19740922-SDG-CIN,False,fum_rec_td,False,True,fum_rec_td,
Bob Trumpy,1974,3,1974-09-29,False,CIN,SFO,A,W,21,3,,1,23,0,0,0,0,0,0,0,0,,0,2.3,3.3,22546,False,targets;fum_rec_td,PFR+RULE2PT,19740929-CIN-SFO,False,fum_rec_td,False,True,fum_rec_td,
Bob Trumpy,1974,4,1974-10-06,False,CIN,WAS,H,W,28,17,,0,0,0,0,0,0,0,0,0,0,,0,0.0,0.0,22546,False,targets;fum_rec_td,PFR+RULE2PT,19741006-WAS-CIN,False,fum_rec_td,False,True,fum_rec_td,
Bob Trumpy,1974,5,1974-10-13,False,CIN,CLE,A,W,34,24,,2,55,0,0,0,0,0,0,0,0,,0,5.5,7.5,22546,False,targets;fum_rec_td,PFR+RULE2PT,19741013-CIN-CLE,False,fum_rec_td,False,True,fum_rec_td,
Bob Trumpy,1974,6,1974-10-20,False,CIN,OAK,A,L,27,30,,4,41,1,0,0,0,0,0,0,0,,0,10.1,14.1,22546,False,targets;fum_rec_td,PFR+RULE2PT,19741020-CIN-OAK,False,fum_rec_td,False,True,fum_rec_td,
Bob Trumpy,1974,7,1974-10-27,False,CIN,HOU,H,L,21,34,,2,43,0,0,0,0,0,0,0,0,,0,4.3,6.3,22546,False,targets;fum_rec_td,PFR+RULE2PT,19741027-HOU-CIN,False,fum_rec_td,False,True,fum_rec_td,
Bob Trumpy,1974,8,1974-11-03,False,CIN,BAL,A,W,24,14,,1,21,0,0,0,0,0,0,0,0,,0,2.1,3.1,22546,False,targets;fum_rec_td,PFR+RULE2PT,19741103-CIN-BAL,False,fum_rec_td,False,True,fum_rec_td,
Bob Trumpy,1974,9,1974-11-10,False,CIN,PIT,H,W,17,10,,1,11,0,0,0,0,0,0,0,0,,0,1.1,2.1,22546,False,targets;fum_rec_td,PFR+RULE2PT,19741110-PIT-CIN,False,fum_rec_td,False,True,fum_rec_td,
Bob Trumpy,1974,10,1974-11-17,False,CIN,HOU,A,L,3,20,,2,20,0,0,0,0,0,0,0,0,,0,2.0,4.0,22546,False,targets;fum_rec_td,PFR+RULE2PT,19741117-CIN-HOU,False,fum_rec_td,False,True,fum_rec_td,
Bob Trumpy,1974,11,1974-11-24,False,CIN,KAN,H,W,33,6,,3,30,0,0,0,0,0,0,0,0,,0,3.0,6.0,22546,False,targets;fum_rec_td,PFR+RULE2PT,19741124-KAN-CIN,False,fum_rec_td,False,True,fum_rec_td,
Bob Trumpy,1974,12,1974-12-02,False,CIN,MIA,A,L,3,24,,0,0,0,0,0,0,0,0,0,0,,0,0.0,0.0,22546,False,targets;fum_rec_td,PFR+RULE2PT,19741202-CIN-MIA,False,fum_rec_td,False,True,fum_rec_td,
Bob Trumpy,1974,13,1974-12-08,False,CIN,DET,H,L,19,23,,1,19,0,0,0,0,0,0,0,0,,0,1.9,2.9,22546,False,targets;fum_rec_td,PFR+RULE2PT,19741208-DET-CIN,False,fum_rec_td,False,True,fum_rec_td,
Bob Trumpy,1975,1,1975-09-21,False,CIN,CLE,H,W,24,17,,3,38,0,0,0,0,0,0,0,0,,0,3.8,6.8,22546,False,targets;fum_rec_td,PFR+RULE2PT,19750921-CLE-CIN,False,fum_rec_td,False,True,fum_rec_td,
Bob Trumpy,1975,2,1975-09-28,False,CIN,NOR,A,W,21,0,,1,8,0,0,0,0,0,0,0,0,,0,0.8,1.8,22546,False,targets;fum_rec_td,PFR+RULE2PT,19750928-CIN-NOR,False,fum_rec_td,False,True,fum_rec_td,
Bob Trumpy,1975,6,1975-10-26,False,CIN,ATL,A,W,21,14,,1,3,0,0,0,0,0,0,0,0,,0,0.3,1.3,22546,False,targets;fum_rec_td,PFR+RULE2PT,19751026-CIN-ATL,False,fum_rec_td,False,True,fum_rec_td,
Bob Trumpy,1975,7,1975-11-02,False,CIN,PIT,H,L,24,30,,1,20,0,0,0,0,0,0,0,0,,0,2.0,3.0,22546,False,targets;fum_rec_td,PFR+RULE2PT,19751102-PIT-CIN,False,fum_rec_td,False,True,fum_rec_td,
Bob Trumpy,1975,8,1975-11-09,False,CIN,DEN,A,W,17,16,,2,17,0,0,0,0,0,0,0,0,,0,1.7,3.7,22546,False,targets;fum_rec_td,PFR+RULE2PT,19751109-CIN-DEN,False,fum_rec_td,False,True,fum_rec_td,
Bob Trumpy,1975,9,1975-11-17,False,CIN,BUF,H,W,33,24,,1,18,0,0,0,0,0,0,0,0,,0,1.8,2.8,22546,False,targets;fum_rec_td,PFR+RULE2PT,19751117-BUF-CIN,False,fum_rec_td,False,True,fum_rec_td,
Bob Trumpy,1975,10,1975-11-23,False,CIN,CLE,A,L,23,35,,2,44,1,0,0,0,0,0,0,0,,0,10.4,12.4,22546,False,targets;fum_rec_td,PFR+RULE2PT,19751123-CIN-CLE,False,fum_rec_td,False,True,fum_rec_td,
Bob Trumpy,1975,11,1975-11-30,False,CIN,HOU,H,W,23,19,,4,42,0,0,0,0,0,0,0,0,,0,4.2,8.2,22546,False,targets;fum_rec_td,PFR+RULE2PT,19751130-HOU-CIN,False,fum_rec_td,False,True,fum_rec_td,
Bob Trumpy,1975,12,1975-12-07,False,CIN,PHI,A,W,31,0,,1,12,0,0,0,0,0,0,0,0,,0,1.2,2.2,22546,False,targets;fum_rec_td,PFR+RULE2PT,19751207-CIN-PHI,False,fum_rec_td,False,True,fum_rec_td,
Bob Trumpy,1975,13,1975-12-13,False,CIN,PIT,A,L,14,35,,3,48,0,0,0,0,0,0,0,0,,0,4.8,7.8,22546,False,targets;fum_rec_td,PFR+RULE2PT,19751213-CIN-PIT,False,fum_rec_td,False,True,fum_rec_td,
Bob Trumpy,1975,14,1975-12-21,False,CIN,SDG,H,W,47,17,,3,26,0,0,0,0,0,0,0,0,,0,2.6,5.6,22546,False,targets;fum_rec_td,PFR+RULE2PT,19751221-SDG-CIN,False,fum_rec_td,False,True,fum_rec_td,
Bob Trumpy,1975,15,1975-12-28,True,CIN,OAK,A,L,28,31,,1,-7,0,0,0,0,0,0,0,0,,0,-0.7,0.3,22546,False,targets;fum_rec_td,PFR+RULE2PT,19751228-CIN-OAK,False,fum_rec_td,False,True,fum_rec_td,
Bob Trumpy,1976,1,1976-09-12,False,CIN,DEN,H,W,17,7,,0,0,0,0,0,0,0,0,0,0,,0,0.0,0.0,22546,False,targets;fum_rec_td,PFR+RULE2PT,19760912-DEN-CIN,False,fum_rec_td,False,True,fum_rec_td,
Bob Trumpy,1976,2,1976-09-19,False,CIN,BAL,A,L,27,28,,1,17,1,0,0,0,0,0,0,0,,0,7.7,8.7,22546,False,targets;fum_rec_td,PFR+RULE2PT,19760919-CIN-BAL,False,fum_rec_td,False,True,fum_rec_td,
Bob Trumpy,1976,3,1976-09-26,False,CIN,GNB,H,W,28,7,,1,2,1,0,0,0,0,0,0,0,,0,6.2,7.2,22546,False,targets;fum_rec_td,PFR+RULE2PT,19760926-GNB-CIN,False,fum_rec_td,False,True,fum_rec_td,
Bob Trumpy,1976,4,1976-10-03,False,CIN,CLE,A,W,45,24,,1,21,0,0,0,0,0,0,0,0,,0,2.1,3.1,22546,False,targets;fum_rec_td,PFR+RULE2PT,19761003-CIN-CLE,False,fum_rec_td,False,True,fum_rec_td,
Bob Trumpy,1976,5,1976-10-10,False,CIN,TAM,H,W,21,0,,2,20,1,0,0,0,0,0,0,0,,0,8.0,10.0,22546,False,targets;fum_rec_td,PFR+RULE2PT,19761010-TAM-CIN,False,fum_rec_td,False,True,fum_rec_td,
Bob Trumpy,1976,6,1976-10-17,False,CIN,PIT,A,L,6,23,,4,51,0,0,0,0,0,0,0,0,,0,5.1,9.1,22546,False,targets;fum_rec_td,PFR+RULE2PT,19761017-CIN-PIT,False,fum_rec_td,False,True,fum_rec_td,
Bob Trumpy,1976,8,1976-10-31,False,CIN,CLE,H,W,21,6,,0,0,0,0,0,0,0,0,0,0,,0,0.0,0.0,22546,False,targets;fum_rec_td,PFR+RULE2PT,19761031-CLE-CIN,False,fum_rec_td,False,True,fum_rec_td,
Bob Trumpy,1976,9,1976-11-08,False,CIN,RAM,H,W,20,12,,1,30,1,0,0,0,0,0,0,0,,0,9.0,10.0,22546,False,targets;fum_rec_td,PFR+RULE2PT,19761108-RAM-CIN,False,fum_rec_td,False,True,fum_rec_td,
Bob Trumpy,1976,10,1976-11-14,False,CIN,HOU,H,W,31,27,,4,63,2,0,0,0,0,0,0,0,,0,18.3,22.3,22546,False,targets;fum_rec_td,PFR+RULE2PT,19761114-HOU-CIN,False,fum_rec_td,False,True,fum_rec_td,
Bob Trumpy,1976,11,1976-11-21,False,CIN,KAN,A,W,27,24,,3,53,0,0,0,0,0,0,0,0,,0,5.3,8.3,22546,False,targets;fum_rec_td,PFR+RULE2PT,19761121-CIN-KAN,False,fum_rec_td,False,True,fum_rec_td,
Bob Trumpy,1976,12,1976-11-28,False,CIN,PIT,H,L,3,7,,2,14,0,0,0,0,0,0,0,0,,0,1.4,3.4,22546,False,targets;fum_rec_td,PFR+RULE2PT,19761128-PIT-CIN,False,fum_rec_td,False,True,fum_rec_td,
Bob Trumpy,1976,13,1976-12-06,False,CIN,OAK,A,L,20,35,,1,13,0,0,0,0,0,0,0,0,,0,1.3,2.3,22546,False,targets;fum_rec_td,PFR+RULE2PT,19761206-CIN-OAK,False,fum_rec_td,False,True,fum_rec_td,
Bob Trumpy,1976,14,1976-12-12,False,CIN,NYJ,A,W,42,3,,1,39,1,0,0,0,0,0,0,0,,0,9.9,10.9,22546,False,targets;fum_rec_td,PFR+RULE2PT,19761212-CIN-NYJ,False,fum_rec_td,False,True,fum_rec_td,
Bob Trumpy,1977,1,1977-09-18,False,CIN,CLE,H,L,3,13,,0,0,0,0,0,0,0,0,0,0,,0,0.0,0.0,22546,False,targets;fum_rec_td,PFR+RULE2PT,19770918-CLE-CIN,False,fum_rec_td,False,True,fum_rec_td,
Bob Trumpy,1977,2,1977-09-25,False,CIN,SEA,H,W,42,20,,0,0,0,0,0,0,0,0,0,0,,0,0.0,0.0,22546,False,targets;fum_rec_td,PFR+RULE2PT,19770925-SEA-CIN,False,fum_rec_td,False,True,fum_rec_td,
Bob Trumpy,1977,3,1977-10-02,False,CIN,SDG,A,L,3,24,,1,1,0,0,0,0,0,0,0,0,,0,0.1,1.1,22546,False,targets;fum_rec_td,PFR+RULE2PT,19771002-CIN-SDG,False,fum_rec_td,False,True,fum_rec_td,
Bob Trumpy,1977,4,1977-10-09,False,CIN,GNB,A,W,17,7,,2,47,0,0,0,0,0,0,0,0,,0,4.7,6.7,22546,False,targets;fum_rec_td,PFR+RULE2PT,19771009-CIN-GNB,False,fum_rec_td,False,True,fum_rec_td,
Bob Trumpy,1977,5,1977-10-17,False,CIN,PIT,A,L,14,20,,1,23,0,0,0,0,0,0,0,0,,0,2.3,3.3,22546,False,targets;fum_rec_td,PFR+RULE2PT,19771017-CIN-PIT,False,fum_rec_td,False,True,fum_rec_td,
Bob Trumpy,1977,6,1977-10-23,False,CIN,DEN,H,L,13,24,,1,16,0,0,0,0,0,0,0,0,,0,1.6,2.6,22546,False,targets;fum_rec_td,PFR+RULE2PT,19771023-DEN-CIN,False,fum_rec_td,False,True,fum_rec_td,
Bob Trumpy,1977,7,1977-10-30,False,CIN,HOU,H,W,13,10,,1,7,0,0,0,0,0,0,0,0,,0,0.7,1.7,22546,False,targets;fum_rec_td,PFR+RULE2PT,19771030-HOU-CIN,False,fum_rec_td,False,True,fum_rec_td,
Bob Trumpy,1977,8,1977-11-06,False,CIN,CLE,A,W,10,7,,2,36,0,0,0,0,0,0,0,0,,0,3.6,5.6,22546,False,targets;fum_rec_td,PFR+RULE2PT,19771106-CIN-CLE,False,fum_rec_td,False,True,fum_rec_td,
Bob Trumpy,1977,9,1977-11-13,False,CIN,MIN,A,L,10,42,,0,0,0,0,0,0,0,0,0,0,,0,0.0,0.0,22546,False,targets;fum_rec_td,PFR+RULE2PT,19771113-CIN-MIN,False,fum_rec_td,False,True,fum_rec_td,
Bob Trumpy,1977,10,1977-11-20,False,CIN,MIA,H,W,23,17,,4,56,1,0,0,0,0,0,0,0,,0,11.6,15.6,22546,False,targets;fum_rec_td,PFR+RULE2PT,19771120-MIA-CIN,False,fum_rec_td,False,True,fum_rec_td,
Bob Trumpy,1977,13,1977-12-10,False,CIN,PIT,H,W,17,10,,3,34,0,0,0,0,0,0,0,0,,0,3.4,6.4,22546,False,targets;fum_rec_td,PFR+RULE2PT,19771210-PIT-CIN,False,fum_rec_td,False,True,fum_rec_td,
Bob Trumpy,1977,14,1977-12-18,False,CIN,HOU,A,L,16,21,,3,31,0,0,0,0,0,0,0,0,,0,3.1,6.1,22546,False,targets;fum_rec_td,PFR+RULE2PT,19771218-CIN-HOU,False,fum_rec_td,False,True,fum_rec_td,
Paul Coffman,1978,1,1978-09-03,False,GNB,DET,A,W,13,7,,0,0,0,0,0,0,0,0,0,0,,0,0.0,0.0,4176,False,targets;fum_rec_td,PFR+RULE2PT,19780903-GNB-DET,False,fum_rec_td,False,True,fum_rec_td,
Paul Coffman,1978,2,1978-09-10,False,GNB,NOR,H,W,28,17,,0,0,0,0,0,0,0,0,0,0,,0,0.0,0.0,4176,False,targets;fum_rec_td,PFR+RULE2PT,19780910-NOR-GNB,False,fum_rec_td,False,True,fum_rec_td,
Paul Coffman,1978,3,1978-09-17,False,GNB,OAK,H,L,3,28,,0,0,0,0,0,0,0,0,0,0,,0,0.0,0.0,4176,False,targets;fum_rec_td,PFR+RULE2PT,19780917-OAK-GNB,False,fum_rec_td,False,True,fum_rec_td,
Paul Coffman,1978,4,1978-09-24,False,GNB,SDG,A,W,24,3,,0,0,0,0,0,0,0,0,0,0,,0,0.0,0.0,4176,False,targets;fum_rec_td,PFR+RULE2PT,19780924-GNB-SDG,False,fum_rec_td,False,True,fum_rec_td,
Paul Coffman,1978,5,1978-10-01,False,GNB,DET,H,W,35,14,,0,0,0,0,0,0,0,0,0,0,,0,0.0,0.0,4176,False,targets;fum_rec_td,PFR+RULE2PT,19781001-DET-GNB,False,fum_rec_td,False,True,fum_rec_td,
Paul Coffman,1978,6,1978-10-08,False,GNB,CHI,H,W,24,14,,0,0,0,0,0,0,0,0,0,0,,0,0.0,0.0,4176,False,targets;fum_rec_td,PFR+RULE2PT,19781008-CHI-GNB,False,fum_rec_td,False,True,fum_rec_td,
Paul Coffman,1978,7,1978-10-15,False,GNB,SEA,H,W,45,28,,0,0,0,0,0,0,0,0,0,0,,0,0.0,0.0,4176,False,targets;fum_rec_td,PFR+RULE2PT,19781015-SEA-GNB,False,fum_rec_td,False,True,fum_rec_td,
Paul Coffman,1978,8,1978-10-22,False,GNB,MIN,A,L,7,21,,0,0,0,0,0,0,0,0,0,0,,0,0.0,0.0,4176,False,targets;fum_rec_td,PFR+RULE2PT,19781022-GNB-MIN,False,fum_rec_td,False,True,fum_rec_td,
Paul Coffman,1978,9,1978-10-29,False,GNB,TAM,H,W,9,7,,0,0,0,0,0,0,0,0,0,0,,0,0.0,0.0,4176,False,targets;fum_rec_td,PFR+RULE2PT,19781029-TAM-GNB,False,fum_rec_td,False,True,fum_rec_td,
Paul Coffman,1978,10,1978-11-05,False,GNB,PHI,A,L,3,10,,0,0,0,0,0,0,0,0,0,0,,0,0.0,0.0,4176,False,targets;fum_rec_td,PFR+RULE2PT,19781105-GNB-PHI,False,fum_rec_td,False,True,fum_rec_td,
Paul Coffman,1978,11,1978-11-12,False,GNB,DAL,H,L,14,42,,0,0,0,0,0,0,0,0,0,0,,0,0.0,0.0,4176,False,targets;fum_rec_td,PFR+RULE2PT,19781112-DAL-GNB,False,fum_rec_td,False,True,fum_rec_td,
Paul Coffman,1978,12,1978-11-19,False,GNB,DEN,A,L,3,16,,0,0,0,0,0,0,0,0,0,0,,0,0.0,0.0,4176,False,targets;fum_rec_td,PFR+RULE2PT,19781119-GNB-DEN,False,fum_rec_td,False,True,fum_rec_td,
Paul Coffman,1978,13,1978-11-26,False,GNB,MIN,H,T,10,10,,0,0,0,0,0,0,0,0,0,0,,0,0.0,0.0,4176,False,targets;fum_rec_td,PFR+RULE2PT,19781126-MIN-GNB,False,fum_rec_td,False,True,fum_rec_td,
Paul Coffman,1978,14,1978-12-03,False,GNB,TAM,A,W,17,7,,0,0,0,0,0,0,0,0,0,0,,0,0.0,0.0,4176,False,targets;fum_rec_td,PFR+RULE2PT,19781203-GNB-TAM,False,fum_rec_td,False,True,fum_rec_td,
Paul Coffman,1978,15,1978-12-10,False,GNB,CHI,A,L,0,14,,0,0,0,0,0,0,0,0,0,0,,0,0.0,0.0,4176,False,targets;fum_rec_td,PFR+RULE2PT,19781210-GNB-CHI,False,fum_rec_td,False,True,fum_rec_td,
Paul Coffman,1978,16,1978-12-17,False,GNB,RAM,A,L,14,31,,0,0,0,0,0,0,0,0,0,0,,0,0.0,0.0,4176,False,targets;fum_rec_td,PFR+RULE2PT,19781217-GNB-RAM,False,fum_rec_td,False,True,fum_rec_td,
Paul Coffman,1979,1,1979-09-02,False,GNB,CHI,A,L,3,6,,2,26,0,0,0,0,0,0,0,0,,0,2.6,4.6,4176,False,targets;fum_rec_td,PFR+RULE2PT,19790902-GNB-CHI,False,fum_rec_td,False,True,fum_rec_td,
Paul Coffman,1979,2,1979-09-09,False,GNB,NOR,H,W,28,19,,0,0,0,0,0,0,0,0,0,0,,0,0.0,0.0,4176,False,targets;fum_rec_td,PFR+RULE2PT,19790909-NOR-GNB,False,fum_rec_td,False,True,fum_rec_td,
Paul Coffman,1979,3,1979-09-16,False,GNB,TAM,H,L,10,21,,2,7,0,0,0,0,0,0,0,0,,0,0.7,2.7,4176,False,targets;fum_rec_td,PFR+RULE2PT,19790916-TAM-GNB,False,fum_rec_td,False,True,fum_rec_td,
Paul Coffman,1979,4,1979-09-23,False,GNB,MIN,A,L,21,27,,3,17,0,0,0,0,0,0,0,0,,0,1.7,4.7,4176,False,targets;fum_rec_td,PFR+RULE2PT,19790923-GNB-MIN,False,fum_rec_td,False,True,fum_rec_td,
Paul Coffman,1979,5,1979-10-01,False,GNB,NWE,H,W,27,14,,6,43,0,0,0,0,0,0,0,0,,0,4.3,10.3,4176,False,targets;fum_rec_td,PFR+RULE2PT,19791001-NWE-GNB,False,fum_rec_td,False,True,fum_rec_td,
Paul Coffman,1979,6,1979-10-07,False,GNB,ATL,A,L,7,25,,2,32,0,0,0,0,0,0,0,0,,0,3.2,5.2,4176,False,targets;fum_rec_td,PFR+RULE2PT,19791007-GNB-ATL,False,fum_rec_td,False,True,fum_rec_td,
Paul Coffman,1979,7,1979-10-14,False,GNB,DET,H,W,24,16,,3,34,1,0,0,0,0,0,0,0,,0,9.4,12.4,4176,False,targets;fum_rec_td,PFR+RULE2PT,19791014-DET-GNB,False,fum_rec_td,False,True,fum_rec_td,
Paul Coffman,1979,8,1979-10-21,False,GNB,TAM,A,L,3,21,,7,106,0,0,0,0,0,0,0,0,,0,10.6,17.6,4176,False,targets;fum_rec_td,PFR+RULE2PT,19791021-GNB-TAM,False,fum_rec_td,False,True,fum_rec_td,
Paul Coffman,1979,9,1979-10-28,False,GNB,MIA,A,L,7,27,,5,116,1,0,0,0,0,0,0,0,,0,17.6,22.6,4176,False,targets;fum_rec_td,PFR+RULE2PT,19791028-GNB-MIA,False,fum_rec_td,False,True,fum_rec_td,
Paul Coffman,1979,10,1979-11-04,False,GNB,NYJ,H,L,22,27,,3,54,0,0,0,0,0,0,0,0,,0,5.4,8.4,4176,False,targets;fum_rec_td,PFR+RULE2PT,19791104-NYJ-GNB,False,fum_rec_td,False,True,fum_rec_td,
Paul Coffman,1979,11,1979-11-11,False,GNB,MIN,H,W,19,7,,1,6,0,0,0,0,0,0,0,0,,0,0.6,1.6,4176,False,targets;fum_rec_td,PFR+RULE2PT,19791111-MIN-GNB,False,fum_rec_td,False,True,fum_rec_td,
Paul Coffman,1979,12,1979-11-18,False,GNB,BUF,A,L,12,19,,5,73,0,0,0,0,0,0,0,0,,0,7.3,12.3,4176,False,targets;fum_rec_td,PFR+RULE2PT,19791118-GNB-BUF,False,fum_rec_td,False,True,fum_rec_td,
Paul Coffman,1979,13,1979-11-25,False,GNB,PHI,H,L,10,21,,6,50,0,0,0,0,0,0,0,0,,0,5.0,11.0,4176,False,targets;fum_rec_td,PFR+RULE2PT,19791125-PHI-GNB,False,fum_rec_td,False,True,fum_rec_td,
Paul Coffman,1979,14,1979-12-02,False,GNB,WAS,A,L,21,38,,3,42,0,0,0,0,0,0,0,0,,0,4.2,7.2,4176,False,targets;fum_rec_td,PFR+RULE2PT,19791202-GNB-WAS,False,fum_rec_td,False,True,fum_rec_td,
Paul Coffman,1979,15,1979-12-09,False,GNB,CHI,H,L,14,15,,6,79,2,0,0,0,0,0,0,0,,0,19.9,25.9,4176,False,targets;fum_rec_td,PFR+RULE2PT,19791209-CHI-GNB,False,fum_rec_td,False,True,fum_rec_td,
Paul Coffman,1979,16,1979-12-15,False,GNB,DET,A,W,18,13,,2,26,0,0,0,0,0,0,0,0,,0,2.6,4.6,4176,False,targets;fum_rec_td,PFR+RULE2PT,19791215-GNB-DET,False,fum_rec_td,False,True,fum_rec_td,
Milt Morin,1970,1,1970-09-21,False,CLE,NYJ,H,W,31,21,,5,90,0,0,0,0,0,0,0,0,,0,9.0,14.0,15808,False,targets;fum_rec_td,PFR+RULE2PT,19700921-NYJ-CLE,False,fum_rec_td,False,True,fum_rec_td,
Milt Morin,1970,2,1970-09-27,False,CLE,SFO,A,L,31,34,,2,42,0,0,0,0,0,0,0,0,,0,4.2,6.2,15808,False,targets;fum_rec_td,PFR+RULE2PT,19700927-CLE-SFO,False,fum_rec_td,False,True,fum_rec_td,
Milt Morin,1970,3,1970-10-03,False,CLE,PIT,H,W,15,7,,0,0,0,0,0,0,0,0,0,0,,0,0.0,0.0,15808,False,targets;fum_rec_td,PFR+RULE2PT,19701003-PIT-CLE,False,fum_rec_td,False,True,fum_rec_td,
Milt Morin,1970,4,1970-10-11,False,CLE,CIN,H,W,30,27,,4,40,1,1,2,0,0,0,0,0,,0,10.2,14.2,15808,False,targets;fum_rec_td,PFR+RULE2PT,19701011-CIN-CLE,False,fum_rec_td,False,True,fum_rec_td,
Milt Morin,1970,5,1970-10-18,False,CLE,DET,H,L,24,41,,3,36,0,0,0,0,0,0,0,0,,0,3.6,6.6,15808,False,targets;fum_rec_td,PFR+RULE2PT,19701018-DET-CLE,False,fum_rec_td,False,True,fum_rec_td,
Milt Morin,1970,6,1970-10-25,False,CLE,MIA,A,W,28,0,,4,40,0,0,0,0,0,0,0,0,,0,4.0,8.0,15808,False,targets;fum_rec_td,PFR+RULE2PT,19701025-CLE-MIA,False,fum_rec_td,False,True,fum_rec_td,
Milt Morin,1970,7,1970-11-01,False,CLE,SDG,H,L,10,27,,3,51,0,0,0,0,0,0,0,0,,0,5.1,8.1,15808,False,targets;fum_rec_td,PFR+RULE2PT,19701101-SDG-CLE,False,fum_rec_td,False,True,fum_rec_td,
Milt Morin,1970,8,1970-11-08,False,CLE,OAK,A,L,20,23,,2,25,0,0,0,0,0,0,0,0,,0,2.5,4.5,15808,False,targets;fum_rec_td,PFR+RULE2PT,19701108-CLE-OAK,False,fum_rec_td,False,True,fum_rec_td,
Milt Morin,1970,9,1970-11-15,False,CLE,CIN,A,L,10,14,,3,78,0,0,0,0,0,0,0,0,,0,7.8,10.8,15808,False,targets;fum_rec_td,PFR+RULE2PT,19701115-CLE-CIN,False,fum_rec_td,False,True,fum_rec_td,
Milt Morin,1970,10,1970-11-22,False,CLE,HOU,H,W,28,14,,2,49,0,0,0,0,0,0,0,0,,0,4.9,6.9,15808,False,targets;fum_rec_td,PFR+RULE2PT,19701122-HOU-CLE,False,fum_rec_td,False,True,fum_rec_td,
Milt Morin,1970,11,1970-11-29,False,CLE,PIT,A,L,9,28,,2,39,0,0,0,0,0,0,0,0,,0,3.9,5.9,15808,False,targets;fum_rec_td,PFR+RULE2PT,19701129-CLE-PIT,False,fum_rec_td,False,True,fum_rec_td,
Milt Morin,1970,12,1970-12-07,False,CLE,HOU,A,W,21,10,,1,29,0,0,0,0,0,0,0,0,,0,2.9,3.9,15808,False,targets;fum_rec_td,PFR+RULE2PT,19701207-CLE-HOU,False,fum_rec_td,False,True,fum_rec_td,
Milt Morin,1970,13,1970-12-12,False,CLE,DAL,H,L,2,6,,5,62,0,0,0,0,0,0,0,0,,0,6.2,11.2,15808,False,targets;fum_rec_td,PFR+RULE2PT,19701212-DAL-CLE,False,fum_rec_td,False,True,fum_rec_td,
Milt Morin,1970,14,1970-12-20,False,CLE,DEN,A,W,27,13,,1,30,0,0,0,0,0,0,0,0,,0,3.0,4.0,15808,False,targets;fum_rec_td,PFR+RULE2PT,19701220-CLE-DEN,False,fum_rec_td,False,True,fum_rec_td,
Milt Morin,1971,1,1971-09-19,False,CLE,HOU,H,W,31,0,,4,74,0,0,0,0,0,0,0,0,,0,7.4,11.4,15808,False,targets;fum_rec_td,PFR+RULE2PT,19710919-HOU-CLE,False,fum_rec_td,False,True,fum_rec_td,
Milt Morin,1971,2,1971-09-26,False,CLE,BAL,A,W,14,13,,1,8,0,0,0,0,0,0,0,0,,0,0.8,1.8,15808,False,targets;fum_rec_td,PFR+RULE2PT,19710926-CLE-BAL,False,fum_rec_td,False,True,fum_rec_td,
Milt Morin,1971,3,1971-10-04,False,CLE,OAK,H,L,20,34,,4,65,0,1,1,0,0,0,0,0,,0,6.6,10.6,15808,False,targets;fum_rec_td,PFR+RULE2PT,19711004-OAK-CLE,False,fum_rec_td,False,True,fum_rec_td,
Milt Morin,1971,4,1971-10-10,False,CLE,PIT,H,W,27,17,,8,126,1,0,0,0,0,0,0,0,,0,18.6,26.6,15808,False,targets;fum_rec_td,PFR+RULE2PT,19711010-PIT-CLE,False,fum_rec_td,False,True,fum_rec_td,
Milt Morin,1971,5,1971-10-17,False,CLE,CIN,A,W,27,24,,8,97,0,0,0,0,0,0,0,0,,0,9.7,17.7,15808,False,targets;fum_rec_td,PFR+RULE2PT,19711017-CLE-CIN,False,fum_rec_td,False,True,fum_rec_td,
Milt Morin,1971,6,1971-10-24,False,CLE,DEN,H,L,0,27,,1,31,0,0,0,0,0,0,0,0,,0,3.1,4.1,15808,False,targets;fum_rec_td,PFR+RULE2PT,19711024-DEN-CLE,False,fum_rec_td,False,True,fum_rec_td,
Milt Morin,1971,7,1971-10-31,False,CLE,ATL,H,L,14,31,,3,30,0,0,0,0,0,0,0,0,,0,3.0,6.0,15808,False,targets;fum_rec_td,PFR+RULE2PT,19711031-ATL-CLE,False,fum_rec_td,False,True,fum_rec_td,
Milt Morin,1971,8,1971-11-07,False,CLE,PIT,A,L,9,26,,1,17,0,0,0,0,0,0,0,0,,0,1.7,2.7,15808,False,targets;fum_rec_td,PFR+RULE2PT,19711107-CLE-PIT,False,fum_rec_td,False,True,fum_rec_td,
Milt Morin,1971,9,1971-11-14,False,CLE,KAN,A,L,7,13,,1,18,1,0,0,0,0,0,0,0,,0,7.8,8.8,15808,False,targets;fum_rec_td,PFR+RULE2PT,19711114-CLE-KAN,False,fum_rec_td,False,True,fum_rec_td,
Milt Morin,1971,10,1971-11-21,False,CLE,NWE,H,W,27,7,,2,16,0,0,0,0,0,0,0,0,,0,1.6,3.6,15808,False,targets;fum_rec_td,PFR+RULE2PT,19711121-NWE-CLE,False,fum_rec_td,False,True,fum_rec_td,
Milt Morin,1971,11,1971-11-28,False,CLE,HOU,A,W,37,24,,0,0,0,0,0,0,0,0,0,0,,0,0.0,0.0,15808,False,targets;fum_rec_td,PFR+RULE2PT,19711128-CLE-HOU,False,fum_rec_td,False,True,fum_rec_td,
Milt Morin,1971,12,1971-12-05,False,CLE,CIN,H,W,31,27,,3,35,0,0,0,0,0,0,0,0,,0,3.5,6.5,15808,False,targets;fum_rec_td,PFR+RULE2PT,19711205-CIN-CLE,False,fum_rec_td,False,True,fum_rec_td,
Milt Morin,1971,13,1971-12-12,False,CLE,NOR,A,W,21,17,,1,24,0,0,0,0,0,0,0,0,,0,2.4,3.4,15808,False,targets;fum_rec_td,PFR+RULE2PT,19711212-CLE-NOR,False,fum_rec_td,False,True,fum_rec_td,
Milt Morin,1971,14,1971-12-19,False,CLE,WAS,A,W,20,13,,3,40,0,0,0,0,0,0,0,0,,0,4.0,7.0,15808,False,targets;fum_rec_td,PFR+RULE2PT,19711219-CLE-WAS,False,fum_rec_td,False,True,fum_rec_td,
Milt Morin,1971,15,1971-12-26,True,CLE,BAL,H,L,3,20,,1,16,0,0,0,0,0,0,0,0,,0,1.6,2.6,15808,False,targets;fum_rec_td,PFR+RULE2PT,19711226-BAL-CLE,False,fum_rec_td,False,True,fum_rec_td,
Milt Morin,1972,1,1972-09-17,False,CLE,GNB,H,L,10,26,,3,48,0,0,0,0,0,0,0,0,,0,4.8,7.8,15808,False,targets;fum_rec_td,PFR+RULE2PT,19720917-GNB-CLE,False,fum_rec_td,False,True,fum_rec_td,
Milt Morin,1972,2,1972-09-24,False,CLE,PHI,A,W,27,17,,2,42,0,0,0,0,0,0,0,0,,0,4.2,6.2,15808,False,targets;fum_rec_td,PFR+RULE2PT,19720924-CLE-PHI,False,fum_rec_td,False,True,fum_rec_td,
Milt Morin,1972,3,1972-10-01,False,CLE,CIN,H,W,27,6,,2,34,0,0,0,0,0,0,0,0,,0,3.4,5.4,15808,False,targets;fum_rec_td,PFR+RULE2PT,19721001-CIN-CLE,False,fum_rec_td,False,True,fum_rec_td,
Milt Morin,1972,4,1972-10-08,False,CLE,KAN,H,L,7,31,,2,31,0,0,0,0,0,0,0,0,,0,3.1,5.1,15808,False,targets;fum_rec_td,PFR+RULE2PT,19721008-KAN-CLE,False,fum_rec_td,False,True,fum_rec_td,
Milt Morin,1972,5,1972-10-15,False,CLE,CHI,H,L,0,17,,5,86,0,0,0,0,0,0,0,0,,0,8.6,13.6,15808,False,targets;fum_rec_td,PFR+RULE2PT,19721015-CHI-CLE,False,fum_rec_td,False,True,fum_rec_td,
Milt Morin,1972,6,1972-10-22,False,CLE,HOU,A,W,23,17,,1,16,0,0,0,0,0,0,0,0,,0,1.6,2.6,15808,False,targets;fum_rec_td,PFR+RULE2PT,19721022-CLE-HOU,False,fum_rec_td,False,True,fum_rec_td,
Milt Morin,1972,7,1972-10-29,False,CLE,DEN,A,W,27,20,,4,51,1,0,0,0,0,0,0,0,,0,11.1,15.1,15808,False,targets;fum_rec_td,PFR+RULE2PT,19721029-CLE-DEN,False,fum_rec_td,False,True,fum_rec_td,
Milt Morin,1972,8,1972-11-05,False,CLE,HOU,H,W,20,0,,3,70,0,0,0,0,0,0,0,0,,0,7.0,10.0,15808,False,targets;fum_rec_td,PFR+RULE2PT,19721105-HOU-CLE,False,fum_rec_td,False,True,fum_rec_td,
Milt Morin,1972,9,1972-11-13,False,CLE,SDG,A,W,21,17,,1,18,0,0,0,0,0,0,0,0,,0,1.8,2.8,15808,False,targets;fum_rec_td,PFR+RULE2PT,19721113-CLE-SDG,False,fum_rec_td,False,True,fum_rec_td,
Milt Morin,1972,10,1972-11-19,False,CLE,PIT,H,W,26,24,,4,77,0,0,0,0,0,0,0,0,,0,7.7,11.7,15808,False,targets;fum_rec_td,PFR+RULE2PT,19721119-PIT-CLE,False,fum_rec_td,False,True,fum_rec_td,
Milt Morin,1972,11,1972-11-26,False,CLE,BUF,H,W,27,10,,1,18,0,0,0,0,0,0,0,0,,0,1.8,2.8,15808,False,targets;fum_rec_td,PFR+RULE2PT,19721126-BUF-CLE,False,fum_rec_td,False,True,fum_rec_td,
Milt Morin,1972,12,1972-12-03,False,CLE,PIT,A,L,0,30,,1,24,0,0,0,0,0,0,0,0,,0,2.4,3.4,15808,False,targets;fum_rec_td,PFR+RULE2PT,19721203-CLE-PIT,False,fum_rec_td,False,True,fum_rec_td,
Milt Morin,1972,13,1972-12-09,False,CLE,CIN,A,W,27,24,,0,0,0,0,0,0,0,0,0,0,,0,0.0,0.0,15808,False,targets;fum_rec_td,PFR+RULE2PT,19721209-CLE-CIN,False,fum_rec_td,False,True,fum_rec_td,
Milt Morin,1972,14,1972-12-17,False,CLE,NYJ,A,W,26,10,,1,25,0,0,0,0,0,0,0,0,,0,2.5,3.5,15808,False,targets;fum_rec_td,PFR+RULE2PT,19721217-CLE-NYJ,False,fum_rec_td,False,True,fum_rec_td,
Milt Morin,1972,15,1972-12-24,True,CLE,MIA,A,L,14,20,,1,21,0,0,0,0,0,0,0,0,,0,2.1,3.1,15808,False,targets;fum_rec_td,PFR+RULE2PT,19721224-CLE-MIA,False,fum_rec_td,False,True,fum_rec_td,
Milt Morin,1973,1,1973-09-16,False,CLE,BAL,H,W,24,14,,2,37,0,0,0,0,0,0,0,0,,0,3.7,5.7,15808,False,targets;fum_rec_td,PFR+RULE2PT,19730916-BAL-CLE,False,fum_rec_td,False,True,fum_rec_td,
Milt Morin,1973,2,1973-09-23,False,CLE,PIT,A,L,6,33,,2,27,0,0,0,0,0,0,0,0,,0,2.7,4.7,15808,False,targets;fum_rec_td,PFR+RULE2PT,19730923-CLE-PIT,False,fum_rec_td,False,True,fum_rec_td,
Milt Morin,1973,3,1973-09-30,False,CLE,NYG,H,W,12,10,,1,21,0,0,0,0,0,0,0,0,,0,2.1,3.1,15808,False,targets;fum_rec_td,PFR+RULE2PT,19730930-NYG-CLE,False,fum_rec_td,False,True,fum_rec_td,
Milt Morin,1973,4,1973-10-07,False,CLE,CIN,H,W,17,10,,4,32,0,0,0,0,0,0,0,0,,0,3.2,7.2,15808,False,targets;fum_rec_td,PFR+RULE2PT,19731007-CIN-CLE,False,fum_rec_td,False,True,fum_rec_td,
Milt Morin,1973,5,1973-10-15,False,CLE,MIA,H,L,9,17,,2,42,0,0,0,0,0,0,0,0,,0,4.2,6.2,15808,False,targets;fum_rec_td,PFR+RULE2PT,19731015-MIA-CLE,False,fum_rec_td,False,True,fum_rec_td,
Milt Morin,1973,6,1973-10-21,False,CLE,HOU,H,W,42,13,,3,38,0,0,0,0,0,0,0,0,,0,3.8,6.8,15808,False,targets;fum_rec_td,PFR+RULE2PT,19731021-HOU-CLE,False,fum_rec_td,False,True,fum_rec_td,
Milt Morin,1973,7,1973-10-28,False,CLE,SDG,H,T,16,16,,1,19,0,0,0,0,0,0,0,0,,0,1.9,2.9,15808,False,targets;fum_rec_td,PFR+RULE2PT,19731028-SDG-CLE,False,fum_rec_td,False,True,fum_rec_td,
Milt Morin,1973,8,1973-11-04,False,CLE,MIN,A,L,3,26,,1,29,0,0,0,0,0,0,0,0,,0,2.9,3.9,15808,False,targets;fum_rec_td,PFR+RULE2PT,19731104-CLE-MIN,False,fum_rec_td,False,True,fum_rec_td,
Milt Morin,1973,9,1973-11-11,False,CLE,HOU,A,W,23,13,,3,46,0,0,0,0,0,0,0,0,,0,4.6,7.6,15808,False,targets;fum_rec_td,PFR+RULE2PT,19731111-CLE-HOU,False,fum_rec_td,False,True,fum_rec_td,
Milt Morin,1973,10,1973-11-18,False,CLE,OAK,A,W,7,3,,0,0,0,0,0,0,0,0,0,0,,0,0.0,0.0,15808,False,targets;fum_rec_td,PFR+RULE2PT,19731118-CLE-OAK,False,fum_rec_td,False,True,fum_rec_td,
Milt Morin,1973,11,1973-11-25,False,CLE,PIT,H,W,21,16,,0,0,0,0,0,0,0,0,0,0,,0,0.0,0.0,15808,False,targets;fum_rec_td,PFR+RULE2PT,19731125-PIT-CLE,False,fum_rec_td,False,True,fum_rec_td,
Milt Morin,1973,12,1973-12-02,False,CLE,KAN,A,T,20,20,,3,86,1,0,0,0,0,0,0,0,,0,14.6,17.6,15808,False,targets;fum_rec_td,PFR+RULE2PT,19731202-CLE-KAN,False,fum_rec_td,False,True,fum_rec_td,
Milt Morin,1973,13,1973-12-09,False,CLE,CIN,A,L,17,34,,2,27,0,0,0,0,0,0,0,0,,0,2.7,4.7,15808,False,targets;fum_rec_td,PFR+RULE2PT,19731209-CLE-CIN,False,fum_rec_td,False,True,fum_rec_td,
Milt Morin,1973,14,1973-12-16,False,CLE,RAM,A,L,17,30,,2,13,0,0,0,0,0,0,0,0,,0,1.3,3.3,15808,False,targets;fum_rec_td,PFR+RULE2PT,19731216-CLE-RAM,False,fum_rec_td,False,True,fum_rec_td,
Milt Morin,1974,1,1974-09-15,False,CLE,CIN,A,L,7,33,,2,27,1,0,0,0,0,0,0,0,,0,8.7,10.7,15808,False,targets;fum_rec_td,PFR+RULE2PT,19740915-CLE-CIN,False,fum_rec_td,False,True,fum_rec_td,
Milt Morin,1974,2,1974-09-22,False,CLE,HOU,H,W,20,7,,0,0,0,0,0,0,0,0,0,0,,0,0.0,0.0,15808,False,targets;fum_rec_td,PFR+RULE2PT,19740922-HOU-CLE,False,fum_rec_td,False,True,fum_rec_td,
Milt Morin,1974,3,1974-09-29,False,CLE,STL,A,L,7,29,,1,14,0,0,0,0,0,0,0,0,,0,1.4,2.4,15808,False,targets;fum_rec_td,PFR+RULE2PT,19740929-CLE-STL,False,fum_rec_td,False,True,fum_rec_td,
Milt Morin,1974,4,1974-10-06,False,CLE,OAK,H,L,24,40,,1,24,0,0,0,0,0,0,0,0,,0,2.4,3.4,15808,False,targets;fum_rec_td,PFR+RULE2PT,19741006-OAK-CLE,False,fum_rec_td,False,True,fum_rec_td,
Milt Morin,1974,5,1974-10-13,False,CLE,CIN,H,L,24,34,,3,30,1,0,0,0,0,0,0,0,,0,9.0,12.0,15808,False,targets;fum_rec_td,PFR+RULE2PT,19741013-CIN-CLE,False,fum_rec_td,False,True,fum_rec_td,
Milt Morin,1974,6,1974-10-20,False,CLE,PIT,A,L,16,20,,3,46,1,0,0,0,0,0,0,0,,0,10.6,13.6,15808,False,targets;fum_rec_td,PFR+RULE2PT,19741020-CLE-PIT,False,fum_rec_td,False,True,fum_rec_td,
Milt Morin,1974,7,1974-10-27,False,CLE,DEN,H,W,23,21,,0,0,0,0,0,0,0,0,0,0,,0,0.0,0.0,15808,False,targets;fum_rec_td,PFR+RULE2PT,19741027-DEN-CLE,False,fum_rec_td,False,True,fum_rec_td,
Milt Morin,1974,8,1974-11-03,False,CLE,SDG,A,L,35,36,,0,0,0,0,0,0,0,0,0,0,,0,0.0,0.0,15808,False,targets;fum_rec_td,PFR+RULE2PT,19741103-CLE-SDG,False,fum_rec_td,False,True,fum_rec_td,
Milt Morin,1974,9,1974-11-10,False,CLE,NWE,A,W,21,14,,1,19,0,0,0,0,0,0,0,0,,0,1.9,2.9,15808,False,targets;fum_rec_td,PFR+RULE2PT,19741110-CLE-NWE,False,fum_rec_td,False,True,fum_rec_td,
Milt Morin,1974,10,1974-11-17,False,CLE,PIT,H,L,16,26,,6,59,0,0,0,0,0,0,0,0,,0,5.9,11.9,15808,False,targets;fum_rec_td,PFR+RULE2PT,19741117-PIT-CLE,False,fum_rec_td,False,True,fum_rec_td,
Milt Morin,1974,11,1974-11-24,False,CLE,BUF,H,L,10,15,,4,46,0,0,0,0,0,0,0,0,,0,4.6,8.6,15808,False,targets;fum_rec_td,PFR+RULE2PT,19741124-BUF-CLE,False,fum_rec_td,False,True,fum_rec_td,
Milt Morin,1974,12,1974-12-01,False,CLE,SFO,H,W,7,0,,0,0,0,0,0,0,0,0,0,0,,0,0.0,0.0,15808,False,targets;fum_rec_td,PFR+RULE2PT,19741201-SFO-CLE,False,fum_rec_td,False,True,fum_rec_td,
Milt Morin,1974,13,1974-12-07,False,CLE,DAL,A,L,17,41,,2,25,0,0,0,0,0,0,0,0,,0,2.5,4.5,15808,False,targets;fum_rec_td,PFR+RULE2PT,19741207-CLE-DAL,False,fum_rec_td,False,True,fum_rec_td,
Milt Morin,1974,14,1974-12-15,False,CLE,HOU,A,L,24,28,,4,40,0,0,0,0,0,0,0,0,,0,4.0,8.0,15808,False,targets;fum_rec_td,PFR+RULE2PT,19741215-CLE-HOU,False,fum_rec_td,False,True,fum_rec_td,
Milt Morin,1975,1,1975-09-21,False,CLE,CIN,A,L,17,24,,0,0,0,0,0,0,0,0,0,0,,0,0.0,0.0,15808,False,targets;fum_rec_td,PFR+RULE2PT,19750921-CLE-CIN,False,fum_rec_td,False,True,fum_rec_td,
Milt Morin,1975,2,1975-09-28,False,CLE,MIN,H,L,10,42,,0,0,0,0,0,0,0,0,0,0,,0,0.0,0.0,15808,False,targets;fum_rec_td,PFR+RULE2PT,19750928-MIN-CLE,False,fum_rec_td,False,True,fum_rec_td,
Milt Morin,1975,3,1975-10-05,False,CLE,PIT,H,L,6,42,,0,0,0,0,0,0,0,0,0,0,,0,0.0,0.0,15808,False,targets;fum_rec_td,PFR+RULE2PT,19751005-PIT-CLE,False,fum_rec_td,False,True,fum_rec_td,
Milt Morin,1975,4,1975-10-12,False,CLE,HOU,H,L,10,40,,0,0,0,0,0,0,0,0,0,0,,0,0.0,0.0,15808,False,targets;fum_rec_td,PFR+RULE2PT,19751012-HOU-CLE,False,fum_rec_td,False,True,fum_rec_td,
Milt Morin,1975,5,1975-10-19,False,CLE,DEN,A,L,15,16,,0,0,0,0,0,0,0,0,0,0,,0,0.0,0.0,15808,False,targets;fum_rec_td,PFR+RULE2PT,19751019-CLE-DEN,False,fum_rec_td,False,True,fum_rec_td,
Milt Morin,1975,6,1975-10-26,False,CLE,WAS,H,L,7,23,,0,0,0,0,0,0,0,0,0,0,,0,0.0,0.0,15808,False,targets;fum_rec_td,PFR+RULE2PT,19751026-WAS-CLE,False,fum_rec_td,False,True,fum_rec_td,
Milt Morin,1975,7,1975-11-02,False,CLE,BAL,A,L,7,21,,0,0,0,0,0,0,0,0,0,0,,0,0.0,0.0,15808,False,targets;fum_rec_td,PFR+RULE2PT,19751102-CLE-BAL,False,fum_rec_td,False,True,fum_rec_td,
Milt Morin,1975,8,1975-11-09,False,CLE,DET,A,L,10,21,,0,0,0,0,0,0,0,0,0,0,,0,0.0,0.0,15808,False,targets;fum_rec_td,PFR+RULE2PT,19751109-CLE-DET,False,fum_rec_td,False,True,fum_rec_td,
Milt Morin,1975,9,1975-11-16,False,CLE,OAK,A,L,17,38,,0,0,0,0,0,0,0,0,0,0,,0,0.0,0.0,15808,False,targets;fum_rec_td,PFR+RULE2PT,19751116-CLE-OAK,False,fum_rec_td,False,True,fum_rec_td,
Milt Morin,1975,10,1975-11-23,False,CLE,CIN,H,W,35,23,,0,0,0,0,0,0,0,0,0,0,,0,0.0,0.0,15808,False,targets;fum_rec_td,PFR+RULE2PT,19751123-CIN-CLE,False,fum_rec_td,False,True,fum_rec_td,
Milt Morin,1975,11,1975-11-30,False,CLE,NOR,H,W,17,16,,0,0,0,0,0,0,0,0,0,0,,0,0.0,0.0,15808,False,targets;fum_rec_td,PFR+RULE2PT,19751130-NOR-CLE,False,fum_rec_td,False,True,fum_rec_td,
Milt Morin,1975,12,1975-12-07,False,CLE,PIT,A,L,17,31,,1,19,0,0,0,0,0,0,0,0,,0,1.9,2.9,15808,False,targets;fum_rec_td,PFR+RULE2PT,19751207-CLE-PIT,False,fum_rec_td,False,True,fum_rec_td,
Milt Morin,1975,13,1975-12-14,False,CLE,KAN,H,W,40,14,,0,0,0,0,0,0,0,0,0,0,,0,0.0,0.0,15808,False,targets;fum_rec_td,PFR+RULE2PT,19751214-KAN-CLE,False,fum_rec_td,False,True,fum_rec_td,
Milt Morin,1975,14,1975-12-21,False,CLE,HOU,A,L,10,21,,0,0,0,0,0,0,0,0,0,0,,0,0.0,0.0,15808,False,targets;fum_rec_td,PFR+RULE2PT,19751221-CLE-HOU,False,fum_rec_td,False,True,fum_rec_td,
Jim Mitchell,1970,1,1970-09-20,False,ATL,NOR,A,W,14,3,,3,44,0,0,0,0,0,0,0,0,,0,4.4,7.4,15485,False,targets;fum_rec_td,PFR+RULE2PT,19700920-ATL-NOR,False,fum_rec_td,False,True,fum_rec_td,
Jim Mitchell,1970,2,1970-09-27,False,ATL,GNB,A,L,24,27,,3,55,0,1,6,0,0,0,0,0,,0,6.1,9.1,15485,False,targets;fum_rec_td,PFR+RULE2PT,19700927-ATL-GNB,False,fum_rec_td,False,True,fum_rec_td,
Jim Mitchell,1970,3,1970-10-04,False,ATL,SFO,H,W,21,20,,6,77,1,0,0,0,0,0,0,0,,0,13.7,19.7,15485,False,targets;fum_rec_td,PFR+RULE2PT,19701004-SFO-ATL,False,fum_rec_td,False,True,fum_rec_td,
Jim Mitchell,1970,4,1970-10-11,False,ATL,DAL,A,L,0,13,,3,42,0,0,0,0,0,0,0,0,,0,4.2,7.2,15485,False,targets;fum_rec_td,PFR+RULE2PT,19701011-ATL-DAL,False,fum_rec_td,False,True,fum_rec_td,
Jim Mitchell,1970,5,1970-10-18,False,ATL,DEN,A,L,10,24,,4,45,0,0,0,0,0,0,0,0,,0,4.5,8.5,15485,False,targets;fum_rec_td,PFR+RULE2PT,19701018-ATL-DEN,False,fum_rec_td,False,True,fum_rec_td,
Jim Mitchell,1970,6,1970-10-25,False,ATL,NOR,H,W,32,14,,4,27,0,1,2,0,0,0,0,0,,0,2.9,6.9,15485,False,targets;fum_rec_td,PFR+RULE2PT,19701025-NOR-ATL,False,fum_rec_td,False,True,fum_rec_td,
Jim Mitchell,1970,7,1970-11-01,False,ATL,CHI,H,L,14,23,,3,37,1,0,0,0,0,0,0,0,,0,9.7,12.7,15485,False,targets;fum_rec_td,PFR+RULE2PT,19701101-CHI-ATL,False,fum_rec_td,False,True,fum_rec_td,
Jim Mitchell,1970,8,1970-11-08,False,ATL,RAM,A,T,10,10,,2,91,1,1,-5,0,0,0,0,0,,0,14.6,16.6,15485,False,targets;fum_rec_td,PFR+RULE2PT,19701108-ATL-RAM,False,fum_rec_td,False,True,fum_rec_td,
Jim Mitchell,1970,9,1970-11-15,False,ATL,PHI,A,T,13,13,,3,25,1,0,0,0,0,0,0,0,,0,8.5,11.5,15485,False,targets;fum_rec_td,PFR+RULE2PT,19701115-ATL-PHI,False,fum_rec_td,False,True,fum_rec_td,
Jim Mitchell,1970,10,1970-11-22,False,ATL,RAM,H,L,7,17,,0,0,0,0,0,0,0,0,0,0,,0,0.0,0.0,15485,False,targets;fum_rec_td,PFR+RULE2PT,19701122-RAM-ATL,False,fum_rec_td,False,True,fum_rec_td,
Jim Mitchell,1970,11,1970-11-30,False,ATL,MIA,H,L,7,20,,5,59,0,0,0,0,0,0,0,0,,0,5.9,10.9,15485,False,targets;fum_rec_td,PFR+RULE2PT,19701130-MIA-ATL,False,fum_rec_td,False,True,fum_rec_td,
Jim Mitchell,1970,12,1970-12-06,False,ATL,SFO,A,L,20,24,,3,71,2,0,0,0,0,0,0,0,,0,19.1,22.1,15485,False,targets;fum_rec_td,PFR+RULE2PT,19701206-ATL-SFO,False,fum_rec_td,False,True,fum_rec_td,
Jim Mitchell,1970,13,1970-12-13,False,ATL,PIT,H,W,27,16,,0,0,0,1,12,1,0,0,0,0,,0,7.2,7.2,15485,False,targets;fum_rec_td,PFR+RULE2PT,19701213-PIT-ATL,False,fum_rec_td,False,True,fum_rec_td,
Jim Mitchell,1970,14,1970-12-20,False,ATL,MIN,H,L,7,37,,5,77,0,1,8,0,0,0,0,0,,0,8.5,13.5,15485,False,targets;fum_rec_td,PFR+RULE2PT,19701220-MIN-ATL,False,fum_rec_td,False,True,fum_rec_td,
Jim Mitchell,1971,1,1971-09-19,False,ATL,SFO,H,W,20,17,,3,16,0,0,0,0,0,0,0,0,,0,1.6,4.6,15485,False,targets;fum_rec_td,PFR+RULE2PT,19710919-SFO-ATL,False,fum_rec_td,False,True,fum_rec_td,
Jim Mitchell,1971,2,1971-09-26,False,ATL,RAM,A,T,20,20,,4,143,0,1,24,0,0,0,0,0,,0,16.7,20.7,15485,False,targets;fum_rec_td,PFR+RULE2PT,19710926-ATL-RAM,False,fum_rec_td,False,True,fum_rec_td,
Jim Mitchell,1971,3,1971-10-03,False,ATL,DET,A,L,38,41,,3,60,1,0,0,0,0,0,0,0,,0,12.0,15.0,15485,False,targets;fum_rec_td,PFR+RULE2PT,19711003-ATL-DET,False,fum_rec_td,False,True,fum_rec_td,
Jim Mitchell,1971,5,1971-10-17,False,ATL,RAM,H,L,16,24,,4,80,0,0,0,0,0,0,0,0,,0,8.0,12.0,15485,False,targets;fum_rec_td,PFR+RULE2PT,19711017-RAM-ATL,False,fum_rec_td,False,True,fum_rec_td,
Jim Mitchell,1971,6,1971-10-24,False,ATL,NOR,H,W,28,6,,2,24,1,0,0,0,0,0,0,0,,0,8.4,10.4,15485,False,targets;fum_rec_td,PFR+RULE2PT,19711024-NOR-ATL,False,fum_rec_td,False,True,fum_rec_td,
Jim Mitchell,1971,7,1971-10-31,False,ATL,CLE,A,W,31,14,,3,35,1,0,0,0,0,0,0,0,,0,9.5,12.5,15485,False,targets;fum_rec_td,PFR+RULE2PT,19711031-ATL-CLE,False,fum_rec_td,False,True,fum_rec_td,
Jim Mitchell,1971,8,1971-11-07,False,ATL,CIN,A,W,9,6,,0,0,0,0,0,0,0,0,0,0,,0,0.0,0.0,15485,False,targets;fum_rec_td,PFR+RULE2PT,19711107-ATL-CIN,False,fum_rec_td,False,True,fum_rec_td,
Jim Mitchell,1971,9,1971-11-14,False,ATL,NYG,H,L,17,21,,2,47,1,0,0,0,0,0,0,0,,0,10.7,12.7,15485,False,targets;fum_rec_td,PFR+RULE2PT,19711114-NYG-ATL,False,fum_rec_td,False,True,fum_rec_td,
Jim Mitchell,1971,10,1971-11-22,False,ATL,GNB,H,W,28,21,,4,71,1,1,9,0,0,0,0,0,,0,14.0,18.0,15485,False,targets;fum_rec_td,PFR+RULE2PT,19711122-GNB-ATL,False,fum_rec_td,False,True,fum_rec_td,
Jim Mitchell,1971,11,1971-11-28,False,ATL,MIN,A,L,7,24,,0,0,0,0,0,0,0,0,0,0,,0,0.0,0.0,15485,False,targets;fum_rec_td,PFR+RULE2PT,19711128-ATL-MIN,False,fum_rec_td,False,True,fum_rec_td,
Jim Mitchell,1971,12,1971-12-05,False,ATL,OAK,H,W,24,13,,2,40,0,1,0,0,0,0,0,0,,0,4.0,6.0,15485,False,targets;fum_rec_td,PFR+RULE2PT,19711205-OAK-ATL,False,fum_rec_td,False,True,fum_rec_td,
Jim Mitchell,1971,13,1971-12-12,False,ATL,SFO,A,L,3,24,,3,40,0,1,-8,0,0,0,0,0,,0,3.2,6.2,15485,False,targets;fum_rec_td,PFR+RULE2PT,19711212-ATL-SFO,False,fum_rec_td,False,True,fum_rec_td,
Jim Mitchell,1971,14,1971-12-19,False,ATL,NOR,A,W,24,20,,3,37,0,0,0,0,0,0,0,0,,0,3.7,6.7,15485,False,targets;fum_rec_td,PFR+RULE2PT,19711219-ATL-NOR,False,fum_rec_td,False,True,fum_rec_td,
Jim Mitchell,1972,1,1972-09-17,False,ATL,CHI,A,W,37,21,,2,28,0,1,18,0,0,0,0,0,,0,4.6,6.6,15485,False,targets;fum_rec_td,PFR+RULE2PT,19720917-ATL-CHI,False,fum_rec_td,False,True,fum_rec_td,
Jim Mitchell,1972,2,1972-09-24,False,ATL,NWE,A,L,20,21,,1,16,0,0,0,0,0,0,0,0,,0,1.6,2.6,15485,False,targets;fum_rec_td,PFR+RULE2PT,19720924-ATL-NWE,False,fum_rec_td,False,True,fum_rec_td,
Jim Mitchell,1972,3,1972-10-01,False,ATL,RAM,H,W,31,3,,1,23,0,0,0,0,0,0,0,0,,0,2.3,3.3,15485,False,targets;fum_rec_td,PFR+RULE2PT,19721001-RAM-ATL,False,fum_rec_td,False,True,fum_rec_td,
Jim Mitchell,1972,4,1972-10-08,False,ATL,DET,H,L,23,26,,2,40,0,1,1,0,0,0,0,0,,0,4.1,6.1,15485,False,targets;fum_rec_td,PFR+RULE2PT,19721008-DET-ATL,False,fum_rec_td,False,True,fum_rec_td,
Jim Mitchell,1972,5,1972-10-15,False,ATL,NOR,A,W,21,14,,2,15,2,0,0,0,0,0,0,0,,0,13.5,15.5,15485,False,targets;fum_rec_td,PFR+RULE2PT,19721015-ATL-NOR,False,fum_rec_td,False,True,fum_rec_td,
Jim Mitchell,1972,6,1972-10-22,False,ATL,GNB,A,W,10,9,,4,61,0,0,0,0,0,0,0,0,,0,6.1,10.1,15485,False,targets;fum_rec_td,PFR+RULE2PT,19721022-ATL-GNB,False,fum_rec_td,False,True,fum_rec_td,
Jim Mitchell,1972,7,1972-10-29,False,ATL,SFO,H,L,14,49,,3,61,1,0,0,0,0,0,0,0,,0,12.1,15.1,15485,False,targets;fum_rec_td,PFR+RULE2PT,19721029-SFO-ATL,False,fum_rec_td,False,True,fum_rec_td,
Jim Mitchell,1972,8,1972-11-05,False,ATL,RAM,A,L,7,20,,0,0,0,0,0,0,0,0,0,0,,0,0.0,0.0,15485,False,targets;fum_rec_td,PFR+RULE2PT,19721105-ATL-RAM,False,fum_rec_td,False,True,fum_rec_td,
Jim Mitchell,1972,9,1972-11-12,False,ATL,NOR,H,W,36,20,,2,18,0,0,0,0,0,0,0,0,,0,1.8,3.8,15485,False,targets;fum_rec_td,PFR+RULE2PT,19721112-NOR-ATL,False,fum_rec_td,False,True,fum_rec_td,
Jim Mitchell,1972,10,1972-11-20,False,ATL,WAS,A,L,13,24,,1,36,1,0,0,0,0,0,0,0,,0,9.6,10.6,15485,False,targets;fum_rec_td,PFR+RULE2PT,19721120-ATL-WAS,False,fum_rec_td,False,True,fum_rec_td,
Jim Mitchell,1972,11,1972-11-26,False,ATL,DEN,H,W,23,20,,2,41,0,0,0,0,0,0,0,0,,0,4.1,6.1,15485,False,targets;fum_rec_td,PFR+RULE2PT,19721126-DEN-ATL,False,fum_rec_td,False,True,fum_rec_td,
Jim Mitchell,1972,12,1972-12-03,False,ATL,HOU,H,W,20,10,,2,35,0,0,0,0,0,0,0,0,,0,3.5,5.5,15485,False,targets;fum_rec_td,PFR+RULE2PT,19721203-HOU-ATL,False,fum_rec_td,False,True,fum_rec_td,
Jim Mitchell,1972,13,1972-12-10,False,ATL,SFO,A,L,0,20,,4,39,0,0,0,0,0,0,0,0,,0,3.9,7.9,15485,False,targets;fum_rec_td,PFR+RULE2PT,19721210-ATL-SFO,False,fum_rec_td,False,True,fum_rec_td,
Jim Mitchell,1972,14,1972-12-17,False,ATL,KAN,H,L,14,17,,2,57,0,0,0,0,0,0,0,0,,0,5.7,7.7,15485,False,targets;fum_rec_td,PFR+RULE2PT,19721217-KAN-ATL,False,fum_rec_td,False,True,fum_rec_td,
Jim Mitchell,1973,1,1973-09-16,False,ATL,NOR,A,W,62,7,,7,111,0,1,9,0,0,0,0,0,,0,12.0,19.0,15485,False,targets;fum_rec_td,PFR+RULE2PT,19730916-ATL-NOR,False,fum_rec_td,False,True,fum_rec_td,
Jim Mitchell,1973,2,1973-09-23,False,ATL,RAM,A,L,0,31,,0,0,0,0,0,0,0,0,0,0,,0,0.0,0.0,15485,False,targets;fum_rec_td,PFR+RULE2PT,19730923-ATL-RAM,False,fum_rec_td,False,True,fum_rec_td,
Jim Mitchell,1973,3,1973-10-01,False,ATL,DET,A,L,6,31,,2,-1,0,1,13,0,0,0,0,0,,0,1.2,3.2,15485,False,targets;fum_rec_td,PFR+RULE2PT,19731001-ATL-DET,False,fum_rec_td,False,True,fum_rec_td,
Jim Mitchell,1973,4,1973-10-07,False,ATL,SFO,H,L,9,13,,0,0,0,0,0,0,0,0,0,0,,0,0.0,0.0,15485,False,targets;fum_rec_td,PFR+RULE2PT,19731007-SFO-ATL,False,fum_rec_td,False,True,fum_rec_td,
Jim Mitchell,1973,5,1973-10-14,False,ATL,CHI,H,W,46,6,,3,73,0,1,8,0,0,0,0,0,,0,8.1,11.1,15485,False,targets;fum_rec_td,PFR+RULE2PT,19731014-CHI-ATL,False,fum_rec_td,False,True,fum_rec_td,
Jim Mitchell,1973,6,1973-10-21,False,ATL,SDG,A,W,41,0,,2,18,0,0,0,0,0,0,0,0,,0,1.8,3.8,15485,False,targets;fum_rec_td,PFR+RULE2PT,19731021-ATL-SDG,False,fum_rec_td,False,True,fum_rec_td,
Jim Mitchell,1973,7,1973-10-28,False,ATL,SFO,A,W,17,3,,1,6,0,0,0,0,0,0,0,0,,0,0.6,1.6,15485,False,targets;fum_rec_td,PFR+RULE2PT,19731028-ATL-SFO,False,fum_rec_td,False,True,fum_rec_td,
Jim Mitchell,1973,8,1973-11-04,False,ATL,RAM,H,W,15,13,,4,43,0,0,0,0,0,0,0,0,,0,4.3,8.3,15485,False,targets;fum_rec_td,PFR+RULE2PT,19731104-RAM-ATL,False,fum_rec_td,False,True,fum_rec_td,
Jim Mitchell,1973,9,1973-11-11,False,ATL,PHI,A,W,44,27,,2,20,0,0,0,0,0,0,0,0,,0,2.0,4.0,15485,False,targets;fum_rec_td,PFR+RULE2PT,19731111-ATL-PHI,False,fum_rec_td,False,True,fum_rec_td,
Jim Mitchell,1973,10,1973-11-19,False,ATL,MIN,H,W,20,14,,3,21,0,1,1,0,0,0,0,0,,0,2.2,5.2,15485,False,targets;fum_rec_td,PFR+RULE2PT,19731119-MIN-ATL,False,fum_rec_td,False,True,fum_rec_td,
Jim Mitchell,1973,11,1973-11-25,False,ATL,NYJ,A,W,28,20,,1,0,0,1,3,0,0,0,0,0,,0,0.3,1.3,15485,False,targets;fum_rec_td,PFR+RULE2PT,19731125-ATL-NYJ,False,fum_rec_td,False,True,fum_rec_td,
Jim Mitchell,1973,12,1973-12-02,False,ATL,BUF,H,L,6,17,,4,71,0,0,0,0,0,0,0,0,,0,7.1,11.1,15485,False,targets;fum_rec_td,PFR+RULE2PT,19731202-BUF-ATL,False,fum_rec_td,False,True,fum_rec_td,
Jim Mitchell,1973,13,1973-12-09,False,ATL,STL,H,L,10,32,,2,27,0,0,0,0,0,0,0,0,,0,2.7,4.7,15485,False,targets;fum_rec_td,PFR+RULE2PT,19731209-STL-ATL,False,fum_rec_td,False,True,fum_rec_td,
Jim Mitchell,1973,14,1973-12-16,False,ATL,NOR,H,W,14,10,,1,31,0,0,0,0,0,0,0,0,,0,3.1,4.1,15485,False,targets;fum_rec_td,PFR+RULE2PT,19731216-NOR-ATL,False,fum_rec_td,False,True,fum_rec_td,
Jim Mitchell,1974,1,1974-09-15,False,ATL,DAL,H,L,0,24,,1,15,0,0,0,0,0,0,0,0,,0,1.5,2.5,15485,False,targets;fum_rec_td,PFR+RULE2PT,19740915-DAL-ATL,False,fum_rec_td,False,True,fum_rec_td,
Jim Mitchell,1974,2,1974-09-22,False,ATL,SFO,H,L,10,16,,3,39,0,0,0,0,0,0,0,0,,0,3.9,6.9,15485,False,targets;fum_rec_td,PFR+RULE2PT,19740922-SFO-ATL,False,fum_rec_td,False,True,fum_rec_td,
Jim Mitchell,1974,3,1974-09-29,False,ATL,NOR,A,L,13,14,,2,40,0,1,15,0,0,0,0,0,,0,5.5,7.5,15485,False,targets;fum_rec_td,PFR+RULE2PT,19740929-ATL-NOR,False,fum_rec_td,False,True,fum_rec_td,
Jim Mitchell,1974,4,1974-10-06,False,ATL,NYG,A,W,14,7,,3,55,1,0,0,0,0,0,0,0,,0,11.5,14.5,15485,False,targets;fum_rec_td,PFR+RULE2PT,19741006-ATL-NYG,False,fum_rec_td,False,True,fum_rec_td,
Jim Mitchell,1974,5,1974-10-13,False,ATL,CHI,H,W,13,10,,2,16,0,0,0,0,0,0,0,0,,0,1.6,3.6,15485,False,targets;fum_rec_td,PFR+RULE2PT,19741013-CHI-ATL,False,fum_rec_td,False,True,fum_rec_td,
Jim Mitchell,1974,6,1974-10-20,False,ATL,NOR,H,L,3,13,,4,45,0,0,0,0,0,0,0,0,,0,4.5,8.5,15485,False,targets;fum_rec_td,PFR+RULE2PT,19741020-NOR-ATL,False,fum_rec_td,False,True,fum_rec_td,
Jim Mitchell,1974,7,1974-10-28,False,ATL,PIT,A,L,17,24,,2,62,0,1,5,0,0,0,0,0,,0,6.7,8.7,15485,False,targets;fum_rec_td,PFR+RULE2PT,19741028-ATL-PIT,False,fum_rec_td,False,True,fum_rec_td,
Jim Mitchell,1974,8,1974-11-03,False,ATL,MIA,A,L,7,42,,1,13,0,0,0,0,0,0,0,0,,0,1.3,2.3,15485,False,targets;fum_rec_td,PFR+RULE2PT,19741103-ATL-MIA,False,fum_rec_td,False,True,fum_rec_td,
Jim Mitchell,1974,9,1974-11-10,False,ATL,RAM,A,L,0,21,,1,10,0,0,0,0,0,0,0,0,,0,1.0,2.0,15485,False,targets;fum_rec_td,PFR+RULE2PT,19741110-ATL-RAM,False,fum_rec_td,False,True,fum_rec_td,
Jim Mitchell,1974,10,1974-11-17,False,ATL,BAL,H,L,7,17,,2,45,0,0,0,0,0,0,0,0,,0,4.5,6.5,15485,False,targets;fum_rec_td,PFR+RULE2PT,19741117-BAL-ATL,False,fum_rec_td,False,True,fum_rec_td,
Jim Mitchell,1974,11,1974-11-24,False,ATL,SFO,A,L,0,27,,0,0,0,0,0,0,0,0,0,0,,0,0.0,0.0,15485,False,targets;fum_rec_td,PFR+RULE2PT,19741124-ATL-SFO,False,fum_rec_td,False,True,fum_rec_td,
Jim Mitchell,1974,12,1974-12-01,False,ATL,RAM,H,L,7,30,,7,109,0,1,1,0,0,0,0,0,,0,11.0,18.0,15485,False,targets;fum_rec_td,PFR+RULE2PT,19741201-RAM-ATL,False,fum_rec_td,False,True,fum_rec_td,
Jim Mitchell,1974,13,1974-12-07,False,ATL,MIN,A,L,10,23,,2,30,0,0,0,0,0,0,0,0,,0,3.0,5.0,15485,False,targets;fum_rec_td,PFR+RULE2PT,19741207-ATL-MIN,False,fum_rec_td,False,True,fum_rec_td,
Jim Mitchell,1974,14,1974-12-15,False,ATL,GNB,H,W,10,3,,0,0,0,0,0,0,0,0,0,0,,0,0.0,0.0,15485,False,targets;fum_rec_td,PFR+RULE2PT,19741215-GNB-ATL,False,fum_rec_td,False,True,fum_rec_td,
Jim Mitchell,1975,1,1975-09-21,False,ATL,STL,A,L,20,23,,1,13,0,0,0,0,0,0,0,0,,0,1.3,2.3,15485,False,targets;fum_rec_td,PFR+RULE2PT,19750921-ATL-STL,False,fum_rec_td,False,True,fum_rec_td,
Jim Mitchell,1975,2,1975-09-28,False,ATL,DET,H,L,14,17,,2,35,0,0,0,0,0,0,0,0,,0,3.5,5.5,15485,False,targets;fum_rec_td,PFR+RULE2PT,19750928-DET-ATL,False,fum_rec_td,False,True,fum_rec_td,
Jim Mitchell,1975,3,1975-10-05,False,ATL,NOR,H,W,14,7,,3,65,0,0,0,0,0,0,0,0,,0,6.5,9.5,15485,False,targets;fum_rec_td,PFR+RULE2PT,19751005-NOR-ATL,False,fum_rec_td,False,True,fum_rec_td,
Jim Mitchell,1975,4,1975-10-12,False,ATL,SFO,A,W,17,3,,1,9,1,0,0,0,0,0,0,0,,0,6.9,7.9,15485,False,targets;fum_rec_td,PFR+RULE2PT,19751012-ATL-SFO,False,fum_rec_td,False,True,fum_rec_td,
Jim Mitchell,1975,5,1975-10-19,False,ATL,RAM,A,L,7,22,,4,65,0,0,0,0,0,0,0,0,,0,6.5,10.5,15485,False,targets;fum_rec_td,PFR+RULE2PT,19751019-ATL-RAM,False,fum_rec_td,False,True,fum_rec_td,
Jim Mitchell,1975,6,1975-10-26,False,ATL,CIN,H,L,14,21,,4,65,2,0,0,0,0,0,0,0,,0,18.5,22.5,15485,False,targets;fum_rec_td,PFR+RULE2PT,19751026-CIN-ATL,False,fum_rec_td,False,True,fum_rec_td,
Jim Mitchell,1975,7,1975-11-02,False,ATL,NOR,A,L,7,23,,3,47,0,0,0,0,0,0,0,0,,0,4.7,7.7,15485,False,targets;fum_rec_td,PFR+RULE2PT,19751102-ATL-NOR,False,fum_rec_td,False,True,fum_rec_td,
Jim Mitchell,1975,8,1975-11-09,False,ATL,MIN,A,L,0,38,,0,0,0,0,0,0,0,0,0,0,,0,0.0,0.0,15485,False,targets;fum_rec_td,PFR+RULE2PT,19751109-ATL-MIN,False,fum_rec_td,False,True,fum_rec_td,
Jim Mitchell,1975,9,1975-11-16,False,ATL,RAM,H,L,7,16,,4,46,1,0,0,0,0,0,0,0,,0,10.6,14.6,15485,False,targets;fum_rec_td,PFR+RULE2PT,19751116-RAM-ATL,False,fum_rec_td,False,True,fum_rec_td,
Jim Mitchell,1975,10,1975-11-23,False,ATL,DEN,H,W,35,21,,3,30,0,0,0,0,0,0,0,0,,0,3.0,6.0,15485,False,targets;fum_rec_td,PFR+RULE2PT,19751123-DEN-ATL,False,fum_rec_td,False,True,fum_rec_td,
Jim Mitchell,1975,11,1975-11-30,False,ATL,OAK,A,L,34,37,,3,46,0,0,0,0,0,0,0,0,,0,4.6,7.6,15485,False,targets;fum_rec_td,PFR+RULE2PT,19751130-ATL-OAK,False,fum_rec_td,False,True,fum_rec_td,
Jim Mitchell,1975,12,1975-12-07,False,ATL,WAS,H,L,27,30,,0,0,0,0,0,0,0,0,0,0,,0,0.0,0.0,15485,False,targets;fum_rec_td,PFR+RULE2PT,19751207-WAS-ATL,False,fum_rec_td,False,True,fum_rec_td,
Jim Mitchell,1975,13,1975-12-14,False,ATL,SFO,H,W,31,9,,4,67,0,0,0,0,0,0,0,0,,0,6.7,10.7,15485,False,targets;fum_rec_td,PFR+RULE2PT,19751214-SFO-ATL,False,fum_rec_td,False,True,fum_rec_td,
Jim Mitchell,1975,14,1975-12-21,False,ATL,GNB,A,L,13,22,,2,48,0,0,0,0,0,0,0,0,,0,4.8,6.8,15485,False,targets;fum_rec_td,PFR+RULE2PT,19751221-ATL-GNB,False,fum_rec_td,False,True,fum_rec_td,
Jim Mitchell,1976,1,1976-09-12,False,ATL,RAM,H,L,14,30,,3,35,0,0,0,0,0,0,0,0,,0,3.5,6.5,15485,False,targets;fum_rec_td,PFR+RULE2PT,19760912-RAM-ATL,False,fum_rec_td,False,True,fum_rec_td,
Jim Mitchell,1976,2,1976-09-19,False,ATL,DET,A,L,10,24,,1,3,0,0,0,0,0,0,0,0,,0,0.3,1.3,15485,False,targets;fum_rec_td,PFR+RULE2PT,19760919-ATL-DET,False,fum_rec_td,False,True,fum_rec_td,
Jim Mitchell,1976,3,1976-09-26,False,ATL,CHI,A,W,10,0,,1,26,0,0,0,0,0,0,0,0,,0,2.6,3.6,15485,False,targets;fum_rec_td,PFR+RULE2PT,19760926-ATL-CHI,False,fum_rec_td,False,True,fum_rec_td,
Jim Mitchell,1976,4,1976-10-03,False,ATL,PHI,H,L,13,14,,3,35,0,0,0,0,0,0,0,0,,0,3.5,6.5,15485,False,targets;fum_rec_td,PFR+RULE2PT,19761003-PHI-ATL,False,fum_rec_td,False,True,fum_rec_td,
Jim Mitchell,1976,5,1976-10-10,False,ATL,NOR,A,L,0,30,,0,0,0,0,0,0,0,0,0,0,,0,0.0,0.0,15485,False,targets;fum_rec_td,PFR+RULE2PT,19761010-ATL-NOR,False,fum_rec_td,False,True,fum_rec_td,
Jim Mitchell,1976,6,1976-10-17,False,ATL,CLE,H,L,17,20,,2,47,0,0,0,0,0,0,0,0,,0,4.7,6.7,15485,False,targets;fum_rec_td,PFR+RULE2PT,19761017-CLE-ATL,False,fum_rec_td,False,True,fum_rec_td,
Jim Mitchell,1976,7,1976-10-23,False,ATL,SFO,A,L,0,15,,3,29,0,1,-6,0,0,0,0,0,,0,2.3,5.3,15485,False,targets;fum_rec_td,PFR+RULE2PT,19761023-ATL-SFO,False,fum_rec_td,False,True,fum_rec_td,
Jim Mitchell,1976,8,1976-10-31,False,ATL,NOR,H,W,23,20,,1,6,0,0,0,0,0,0,0,0,,0,0.6,1.6,15485,False,targets;fum_rec_td,PFR+RULE2PT,19761031-NOR-ATL,False,fum_rec_td,False,True,fum_rec_td,
Jim Mitchell,1976,9,1976-11-07,False,ATL,SEA,A,L,13,30,,2,28,0,0,0,0,0,0,0,0,,0,2.8,4.8,15485,False,targets;fum_rec_td,PFR+RULE2PT,19761107-ATL-SEA,False,fum_rec_td,False,True,fum_rec_td,
Jim Mitchell,1976,10,1976-11-14,False,ATL,SFO,H,W,21,16,,1,0,0,0,0,0,0,0,0,0,,0,0.0,1.0,15485,False,targets;fum_rec_td,PFR+RULE2PT,19761114-SFO-ATL,False,fum_rec_td,False,True,fum_rec_td,
Jim Mitchell,1976,11,1976-11-21,False,ATL,DAL,H,W,17,10,,0,0,0,0,0,0,0,0,0,0,,0,0.0,0.0,15485,False,targets;fum_rec_td,PFR+RULE2PT,19761121-DAL-ATL,False,fum_rec_td,False,True,fum_rec_td,
Jim Mitchell,1976,12,1976-11-28,False,ATL,HOU,A,L,14,20,,0,0,0,0,0,0,0,0,0,0,,0,0.0,0.0,15485,False,targets;fum_rec_td,PFR+RULE2PT,19761128-ATL-HOU,False,fum_rec_td,False,True,fum_rec_td,
Jim Mitchell,1976,13,1976-12-04,False,ATL,RAM,A,L,0,59,,0,0,0,0,0,0,0,0,0,0,,0,0.0,0.0,15485,False,targets;fum_rec_td,PFR+RULE2PT,19761204-ATL-RAM,False,fum_rec_td,False,True,fum_rec_td,
Jim Mitchell,1976,14,1976-12-12,False,ATL,GNB,H,L,20,24,,0,0,0,0,0,0,0,0,0,0,,0,0.0,0.0,15485,False,targets;fum_rec_td,PFR+RULE2PT,19761212-GNB-ATL,False,fum_rec_td,False,True,fum_rec_td,
Jim Mitchell,1977,1,1977-09-18,False,ATL,RAM,H,W,17,6,,0,0,0,0,0,0,0,0,0,0,,0,0.0,0.0,15485,False,targets;fum_rec_td,PFR+RULE2PT,19770918-RAM-ATL,False,fum_rec_td,False,True,fum_rec_td,
Jim Mitchell,1977,2,1977-09-25,False,ATL,WAS,A,L,6,10,,1,13,0,0,0,0,0,0,0,0,,0,1.3,2.3,15485,False,targets;fum_rec_td,PFR+RULE2PT,19770925-ATL-WAS,False,fum_rec_td,False,True,fum_rec_td,
Jim Mitchell,1977,3,1977-10-02,False,ATL,NYG,H,W,17,3,,4,38,0,0,0,0,0,0,0,0,,0,3.8,7.8,15485,False,targets;fum_rec_td,PFR+RULE2PT,19771002-NYG-ATL,False,fum_rec_td,False,True,fum_rec_td,
Jim Mitchell,1977,4,1977-10-09,False,ATL,SFO,A,W,7,0,,1,8,0,0,0,0,0,0,0,0,,0,0.8,1.8,15485,False,targets;fum_rec_td,PFR+RULE2PT,19771009-ATL-SFO,False,fum_rec_td,False,True,fum_rec_td,
Jim Mitchell,1977,5,1977-10-16,False,ATL,BUF,A,L,0,3,,4,32,0,0,0,0,0,0,0,0,,0,3.2,7.2,15485,False,targets;fum_rec_td,PFR+RULE2PT,19771016-ATL-BUF,False,fum_rec_td,False,True,fum_rec_td,
Jim Mitchell,1977,6,1977-10-23,False,ATL,CHI,A,W,16,10,,3,38,0,0,0,0,0,0,0,0,,0,3.8,6.8,15485,False,targets;fum_rec_td,PFR+RULE2PT,19771023-ATL-CHI,False,fum_rec_td,False,True,fum_rec_td,
Jim Mitchell,1977,9,1977-11-13,False,ATL,DET,H,W,17,6,,0,0,0,0,0,0,0,0,0,0,,0,0.0,0.0,15485,False,targets;fum_rec_td,PFR+RULE2PT,19771113-DET-ATL,False,fum_rec_td,False,True,fum_rec_td,
Jim Mitchell,1977,10,1977-11-20,False,ATL,NOR,A,L,20,21,,0,0,0,0,0,0,0,0,0,0,,0,0.0,0.0,15485,False,targets;fum_rec_td,PFR+RULE2PT,19771120-ATL-NOR,False,fum_rec_td,False,True,fum_rec_td,
Jim Mitchell,1977,11,1977-11-27,False,ATL,TAM,A,W,17,0,,2,32,0,1,-6,0,0,0,0,0,,0,2.6,4.6,15485,False,targets;fum_rec_td,PFR+RULE2PT,19771127-ATL-TAM,False,fum_rec_td,False,True,fum_rec_td,
Jim Mitchell,1977,12,1977-12-04,False,ATL,NWE,H,L,10,16,,0,0,0,0,0,0,0,0,0,0,,0,0.0,0.0,15485,False,targets;fum_rec_td,PFR+RULE2PT,19771204-NWE-ATL,False,fum_rec_td,False,True,fum_rec_td,
Jim Mitchell,1977,13,1977-12-11,False,ATL,RAM,A,L,7,23,,2,17,0,0,0,0,0,0,0,0,,0,1.7,3.7,15485,False,targets;fum_rec_td,PFR+RULE2PT,19771211-ATL-RAM,False,fum_rec_td,False,True,fum_rec_td,
Jim Mitchell,1977,14,1977-12-18,False,ATL,NOR,H,W,35,7,,0,0,0,0,0,0,0,0,0,0,,0,0.0,0.0,15485,False,targets;fum_rec_td,PFR+RULE2PT,19771218-NOR-ATL,False,fum_rec_td,False,True,fum_rec_td,
Jim Mitchell,1978,1,1978-09-03,False,ATL,HOU,H,W,20,14,,1,6,0,0,0,0,0,0,0,0,,0,0.6,1.6,15485,False,targets;fum_rec_td,PFR+RULE2PT,19780903-HOU-ATL,False,fum_rec_td,False,True,fum_rec_td,
Jim Mitchell,1978,2,1978-09-10,False,ATL,RAM,A,L,0,10,,0,0,0,0,0,0,0,0,0,0,,0,0.0,0.0,15485,False,targets;fum_rec_td,PFR+RULE2PT,19780910-ATL-RAM,False,fum_rec_td,False,True,fum_rec_td,
Jim Mitchell,1978,3,1978-09-17,False,ATL,CLE,H,L,16,24,,3,42,0,0,0,0,0,0,0,0,,0,4.2,7.2,15485,False,targets;fum_rec_td,PFR+RULE2PT,19780917-CLE-ATL,False,fum_rec_td,False,True,fum_rec_td,
Jim Mitchell,1978,4,1978-09-24,False,ATL,TAM,A,L,9,14,,0,0,0,0,0,0,0,0,0,0,,0,0.0,0.0,15485,False,targets;fum_rec_td,PFR+RULE2PT,19780924-ATL-TAM,False,fum_rec_td,False,True,fum_rec_td,
Jim Mitchell,1978,5,1978-10-01,False,ATL,NYG,H,W,23,20,,3,54,0,0,0,0,0,0,0,0,,0,5.4,8.4,15485,False,targets;fum_rec_td,PFR+RULE2PT,19781001-NYG-ATL,False,fum_rec_td,False,True,fum_rec_td,
Jim Mitchell,1978,6,1978-10-08,False,ATL,PIT,A,L,7,31,,1,7,0,0,0,0,0,0,0,0,,0,0.7,1.7,15485,False,targets;fum_rec_td,PFR+RULE2PT,19781008-ATL-PIT,False,fum_rec_td,False,True,fum_rec_td,
Jim Mitchell,1978,7,1978-10-15,False,ATL,DET,H,W,14,0,,0,0,0,0,0,0,0,0,0,0,,0,0.0,0.0,15485,False,targets;fum_rec_td,PFR+RULE2PT,19781015-DET-ATL,False,fum_rec_td,False,True,fum_rec_td,
Jim Mitchell,1978,8,1978-10-22,False,ATL,SFO,A,W,20,17,,3,37,0,0,0,0,0,0,0,0,,0,3.7,6.7,15485,False,targets;fum_rec_td,PFR+RULE2PT,19781022-ATL-SFO,False,fum_rec_td,False,True,fum_rec_td,
Jim Mitchell,1978,9,1978-10-30,False,ATL,RAM,H,W,15,7,,2,16,0,0,0,0,0,0,0,0,,0,1.6,3.6,15485,False,targets;fum_rec_td,PFR+RULE2PT,19781030-RAM-ATL,False,fum_rec_td,False,True,fum_rec_td,
Jim Mitchell,1978,10,1978-11-05,False,ATL,SFO,H,W,21,10,,3,24,0,0,0,0,0,0,0,0,,0,2.4,5.4,15485,False,targets;fum_rec_td,PFR+RULE2PT,19781105-SFO-ATL,False,fum_rec_td,False,True,fum_rec_td,
Jim Mitchell,1978,11,1978-11-12,False,ATL,NOR,A,W,20,17,,2,24,0,0,0,0,0,0,0,0,,0,2.4,4.4,15485,False,targets;fum_rec_td,PFR+RULE2PT,19781112-ATL-NOR,False,fum_rec_td,False,True,fum_rec_td,
Jim Mitchell,1978,12,1978-11-19,False,ATL,CHI,A,L,7,13,,5,65,1,0,0,0,0,0,0,0,,0,12.5,17.5,15485,False,targets;fum_rec_td,PFR+RULE2PT,19781119-ATL-CHI,False,fum_rec_td,False,True,fum_rec_td,
Jim Mitchell,1978,13,1978-11-26,False,ATL,NOR,H,W,20,17,,4,24,1,0,0,0,0,0,0,0,,0,8.4,12.4,15485,False,targets;fum_rec_td,PFR+RULE2PT,19781126-NOR-ATL,False,fum_rec_td,False,True,fum_rec_td,
Jim Mitchell,1978,14,1978-12-03,False,ATL,CIN,A,L,7,37,,0,0,0,0,0,0,0,0,0,0,,0,0.0,0.0,15485,False,targets;fum_rec_td,PFR+RULE2PT,19781203-ATL-CIN,False,fum_rec_td,False,True,fum_rec_td,
Jim Mitchell,1978,15,1978-12-10,False,ATL,WAS,H,W,20,17,,2,23,0,0,0,0,0,0,0,0,,0,2.3,4.3,15485,False,targets;fum_rec_td,PFR+RULE2PT,19781210-WAS-ATL,False,fum_rec_td,False,True,fum_rec_td,
Jim Mitchell,1978,16,1978-12-17,False,ATL,STL,A,L,21,42,,3,44,0,0,0,0,0,0,0,0,,0,4.4,7.4,15485,False,targets;fum_rec_td,PFR+RULE2PT,19781217-ATL-STL,False,fum_rec_td,False,True,fum_rec_td,
Jim Mitchell,1978,17,1978-12-24,True,ATL,PHI,H,W,14,13,,3,35,1,0,0,0,0,0,0,0,,0,9.5,12.5,15485,False,targets;fum_rec_td,PFR+RULE2PT,19781224-PHI-ATL,False,fum_rec_td,False,True,fum_rec_td,
Jim Mitchell,1978,18,1978-12-30,True,ATL,DAL,A,L,20,27,,0,0,0,0,0,0,0,0,0,0,,0,0.0,0.0,15485,False,targets;fum_rec_td,PFR+RULE2PT,19781230-ATL-DAL,False,fum_rec_td,False,True,fum_rec_td,
Jim Mitchell,1979,1,1979-09-02,False,ATL,NOR,A,W,40,34,,1,3,0,0,0,0,0,0,0,0,,0,0.3,1.3,15485,False,targets;fum_rec_td,PFR+RULE2PT,19790902-ATL-NOR,False,fum_rec_td,False,True,fum_rec_td,
Jim Mitchell,1979,2,1979-09-10,False,ATL,PHI,A,W,14,10,,0,0,0,0,0,0,0,0,0,0,,0,0.0,0.0,15485,False,targets;fum_rec_td,PFR+RULE2PT,19790910-ATL-PHI,False,fum_rec_td,False,True,fum_rec_td,
Jim Mitchell,1979,3,1979-09-16,False,ATL,DEN,H,L,17,20,,1,5,0,0,0,0,0,0,0,0,,0,0.5,1.5,15485,False,targets;fum_rec_td,PFR+RULE2PT,19790916-DEN-ATL,False,fum_rec_td,False,True,fum_rec_td,
Jim Mitchell,1979,4,1979-09-23,False,ATL,DET,A,L,23,24,,0,0,0,0,0,0,0,0,0,0,,0,0.0,0.0,15485,False,targets;fum_rec_td,PFR+RULE2PT,19790923-ATL-DET,False,fum_rec_td,False,True,fum_rec_td,
Jim Mitchell,1979,5,1979-09-30,False,ATL,WAS,H,L,7,16,,0,0,0,0,0,0,0,0,0,0,,0,0.0,0.0,15485,False,targets;fum_rec_td,PFR+RULE2PT,19790930-WAS-ATL,False,fum_rec_td,False,True,fum_rec_td,
Jim Mitchell,1979,6,1979-10-07,False,ATL,GNB,H,W,25,7,,0,0,0,0,0,0,0,0,0,0,,0,0.0,0.0,15485,False,targets;fum_rec_td,PFR+RULE2PT,19791007-GNB-ATL,False,fum_rec_td,False,True,fum_rec_td,
Jim Mitchell,1979,7,1979-10-14,False,ATL,OAK,A,L,19,50,,0,0,0,0,0,0,0,0,0,0,,0,0.0,0.0,15485,False,targets;fum_rec_td,PFR+RULE2PT,19791014-ATL-OAK,False,fum_rec_td,False,True,fum_rec_td,
Jim Mitchell,1979,8,1979-10-21,False,ATL,SFO,A,L,15,20,,1,7,0,0,0,0,0,0,0,0,,0,0.7,1.7,15485,False,targets;fum_rec_td,PFR+RULE2PT,19791021-ATL-SFO,False,fum_rec_td,False,True,fum_rec_td,
Jim Mitchell,1979,9,1979-10-29,False,ATL,SEA,H,L,28,31,,1,7,0,0,0,0,0,0,0,0,,0,0.7,1.7,15485,False,targets;fum_rec_td,PFR+RULE2PT,19791029-SEA-ATL,False,fum_rec_td,False,True,fum_rec_td,
Jim Mitchell,1979,10,1979-11-04,False,ATL,TAM,H,W,17,14,,3,19,1,0,0,0,0,0,0,0,,0,7.9,10.9,15485,False,targets;fum_rec_td,PFR+RULE2PT,19791104-TAM-ATL,False,fum_rec_td,False,True,fum_rec_td,
Jim Mitchell,1979,11,1979-11-11,False,ATL,NYG,A,L,3,24,,1,9,0,0,0,0,0,0,0,0,,0,0.9,1.9,15485,False,targets;fum_rec_td,PFR+RULE2PT,19791111-ATL-NYG,False,fum_rec_td,False,True,fum_rec_td,
Jim Mitchell,1979,12,1979-11-19,False,ATL,RAM,A,L,14,20,,1,5,0,0,0,0,0,0,0,0,,0,0.5,1.5,15485,False,targets;fum_rec_td,PFR+RULE2PT,19791119-ATL-RAM,False,fum_rec_td,False,True,fum_rec_td,
Jim Mitchell,1979,13,1979-11-25,False,ATL,NOR,H,L,6,37,,2,18,0,0,0,0,0,0,0,0,,0,1.8,3.8,15485,False,targets;fum_rec_td,PFR+RULE2PT,19791125-NOR-ATL,False,fum_rec_td,False,True,fum_rec_td,
Jim Mitchell,1979,14,1979-12-02,False,ATL,SDG,A,W,28,26,,0,0,0,0,0,0,0,0,0,0,,0,0.0,0.0,15485,False,targets;fum_rec_td,PFR+RULE2PT,19791202-ATL-SDG,False,fum_rec_td,False,True,fum_rec_td,
Jim Mitchell,1979,15,1979-12-09,False,ATL,RAM,H,L,13,34,,1,14,0,0,0,0,0,0,0,0,,0,1.4,2.4,15485,False,targets;fum_rec_td,PFR+RULE2PT,19791209-RAM-ATL,False,fum_rec_td,False,True,fum_rec_td,
Jim Mitchell,1979,16,1979-12-16,False,ATL,SFO,H,W,31,21,,4,31,1,0,0,0,0,0,0,0,,0,9.1,13.1,15485,False,targets;fum_rec_td,PFR+RULE2PT,19791216-SFO-ATL,False,fum_rec_td,False,True,fum_rec_td,
David Hill,1976,1,1976-09-12,False,DET,CHI,A,L,3,10,,1,11,0,0,0,0,0,0,0,0,,0,1.1,2.1,9835,False,targets;fum_rec_td,PFR+RULE2PT,19760912-DET-CHI,False,fum_rec_td,False,True,fum_rec_td,
David Hill,1976,2,1976-09-19,False,DET,ATL,H,W,24,10,,0,0,0,0,0,0,0,0,0,0,,0,0.0,0.0,9835,False,targets;fum_rec_td,PFR+RULE2PT,19760919-ATL-DET,False,fum_rec_td,False,True,fum_rec_td,
David Hill,1976,3,1976-09-26,False,DET,MIN,H,L,9,10,,0,0,0,0,0,0,0,0,0,0,,0,0.0,0.0,9835,False,targets;fum_rec_td,PFR+RULE2PT,19760926-MIN-DET,False,fum_rec_td,False,True,fum_rec_td,
David Hill,1976,4,1976-10-03,False,DET,GNB,A,L,14,24,,0,0,0,0,0,0,0,0,0,0,,0,0.0,0.0,9835,False,targets;fum_rec_td,PFR+RULE2PT,19761003-DET-GNB,False,fum_rec_td,False,True,fum_rec_td,
David Hill,1976,5,1976-10-10,False,DET,NWE,H,W,30,10,,4,43,2,0,0,0,0,0,0,0,,0,16.3,20.3,9835,False,targets;fum_rec_td,PFR+RULE2PT,19761010-NWE-DET,False,fum_rec_td,False,True,fum_rec_td,
David Hill,1976,6,1976-10-17,False,DET,WAS,A,L,7,20,,1,14,0,0,0,0,0,0,0,0,,0,1.4,2.4,9835,False,targets;fum_rec_td,PFR+RULE2PT,19761017-DET-WAS,False,fum_rec_td,False,True,fum_rec_td,
David Hill,1976,7,1976-10-24,False,DET,SEA,A,W,41,14,,2,27,1,0,0,0,0,0,0,0,,0,8.7,10.7,9835,False,targets;fum_rec_td,PFR+RULE2PT,19761024-DET-SEA,False,fum_rec_td,False,True,fum_rec_td,
David Hill,1976,8,1976-10-31,False,DET,GNB,H,W,27,6,,1,7,0,0,0,0,0,0,1,0,,0,-1.3,-0.3,9835,False,targets;fum_rec_td,PFR+RULE2PT,19761031-GNB-DET,False,fum_rec_td,False,True,fum_rec_td,
David Hill,1976,9,1976-11-07,False,DET,MIN,A,L,23,31,,0,0,0,0,0,0,0,0,0,0,,0,0.0,0.0,9835,False,targets;fum_rec_td,PFR+RULE2PT,19761107-DET-MIN,False,fum_rec_td,False,True,fum_rec_td,
David Hill,1976,10,1976-11-14,False,DET,NOR,A,L,16,17,,1,18,0,0,0,0,0,0,0,0,,0,1.8,2.8,9835,False,targets;fum_rec_td,PFR+RULE2PT,19761114-DET-NOR,False,fum_rec_td,False,True,fum_rec_td,
David Hill,1976,11,1976-11-21,False,DET,CHI,H,W,14,10,,0,0,0,0,0,0,0,0,0,0,,0,0.0,0.0,9835,False,targets;fum_rec_td,PFR+RULE2PT,19761121-CHI-DET,False,fum_rec_td,False,True,fum_rec_td,
David Hill,1976,12,1976-11-25,False,DET,BUF,H,W,27,14,,4,74,2,0,0,0,0,0,0,0,,0,19.4,23.4,9835,False,targets;fum_rec_td,PFR+RULE2PT,19761125-BUF-DET,False,fum_rec_td,False,True,fum_rec_td,
David Hill,1976,13,1976-12-05,False,DET,NYG,A,L,10,24,,4,48,0,0,0,0,0,0,0,0,,0,4.8,8.8,9835,False,targets;fum_rec_td,PFR+RULE2PT,19761205-DET-NYG,False,fum_rec_td,False,True,fum_rec_td,
David Hill,1976,14,1976-12-11,False,DET,RAM,H,L,17,20,,1,7,0,0,0,0,0,0,0,0,,0,0.7,1.7,9835,False,targets;fum_rec_td,PFR+RULE2PT,19761211-RAM-DET,False,fum_rec_td,False,True,fum_rec_td,
David Hill,1977,1,1977-09-18,False,DET,CHI,A,L,20,30,,5,62,0,0,0,0,0,0,0,0,,0,6.2,11.2,9835,False,targets;fum_rec_td,PFR+RULE2PT,19770918-DET-CHI,False,fum_rec_td,False,True,fum_rec_td,
David Hill,1977,2,1977-09-25,False,DET,NOR,H,W,23,19,,2,27,0,1,-7,0,0,0,0,0,,0,2.0,4.0,9835,False,targets;fum_rec_td,PFR+RULE2PT,19770925-NOR-DET,False,fum_rec_td,False,True,fum_rec_td,
David Hill,1977,3,1977-10-02,False,DET,PHI,H,W,17,13,,1,16,0,0,0,0,0,0,0,0,,0,1.6,2.6,9835,False,targets;fum_rec_td,PFR+RULE2PT,19771002-PHI-DET,False,fum_rec_td,False,True,fum_rec_td,
David Hill,1977,4,1977-10-09,False,DET,MIN,A,L,7,14,,3,44,0,0,0,0,0,0,0,0,,0,4.4,7.4,9835,False,targets;fum_rec_td,PFR+RULE2PT,19771009-DET-MIN,False,fum_rec_td,False,True,fum_rec_td,
David Hill,1977,5,1977-10-16,False,DET,GNB,H,W,10,6,,2,40,0,0,0,0,0,0,0,0,,0,4.0,6.0,9835,False,targets;fum_rec_td,PFR+RULE2PT,19771016-GNB-DET,False,fum_rec_td,False,True,fum_rec_td,
David Hill,1977,6,1977-10-23,False,DET,SFO,A,L,7,28,,1,4,0,0,0,0,0,0,0,0,,0,0.4,1.4,9835,False,targets;fum_rec_td,PFR+RULE2PT,19771023-DET-SFO,False,fum_rec_td,False,True,fum_rec_td,
David Hill,1977,7,1977-10-30,False,DET,DAL,A,L,0,37,,0,0,0,0,0,0,0,0,0,0,,0,0.0,0.0,9835,False,targets;fum_rec_td,PFR+RULE2PT,19771030-DET-DAL,False,fum_rec_td,False,True,fum_rec_td,
David Hill,1977,8,1977-11-06,False,DET,SDG,H,W,20,0,,0,0,0,2,14,0,0,0,0,0,,0,1.4,1.4,9835,False,targets;fum_rec_td,PFR+RULE2PT,19771106-SDG-DET,False,fum_rec_td,False,True,fum_rec_td,
David Hill,1977,9,1977-11-13,False,DET,ATL,A,L,6,17,,1,17,0,0,0,0,0,0,0,0,,0,1.7,2.7,9835,False,targets;fum_rec_td,PFR+RULE2PT,19771113-DET-ATL,False,fum_rec_td,False,True,fum_rec_td,
David Hill,1977,10,1977-11-20,False,DET,TAM,H,W,16,7,,2,33,0,1,3,0,0,0,0,0,,0,3.6,5.6,9835,False,targets;fum_rec_td,PFR+RULE2PT,19771120-TAM-DET,False,fum_rec_td,False,True,fum_rec_td,
David Hill,1977,11,1977-11-24,False,DET,CHI,H,L,14,31,,6,64,1,0,0,0,0,0,0,0,,0,12.4,18.4,9835,False,targets;fum_rec_td,PFR+RULE2PT,19771124-CHI-DET,False,fum_rec_td,False,True,fum_rec_td,
David Hill,1977,12,1977-12-04,False,DET,GNB,A,L,9,10,,4,55,0,0,0,0,0,0,0,0,,0,5.5,9.5,9835,False,targets;fum_rec_td,PFR+RULE2PT,19771204-DET-GNB,False,fum_rec_td,False,True,fum_rec_td,
David Hill,1977,13,1977-12-11,False,DET,BAL,A,W,13,10,,2,7,0,0,0,0,0,0,0,0,,0,0.7,2.7,9835,False,targets;fum_rec_td,PFR+RULE2PT,19771211-DET-BAL,False,fum_rec_td,False,True,fum_rec_td,
David Hill,1977,14,1977-12-17,False,DET,MIN,H,L,21,30,,3,96,1,0,0,0,0,0,0,0,,0,15.6,18.6,9835,False,targets;fum_rec_td,PFR+RULE2PT,19771217-MIN-DET,False,fum_rec_td,False,True,fum_rec_td,
David Hill,1978,1,1978-09-03,False,DET,GNB,H,L,7,13,,5,64,0,0,0,0,0,0,0,0,,0,6.4,11.4,9835,False,targets;fum_rec_td,PFR+RULE2PT,19780903-GNB-DET,False,fum_rec_td,False,True,fum_rec_td,
David Hill,1978,2,1978-09-09,False,DET,TAM,A,W,15,7,,1,-2,0,0,0,0,0,0,0,0,,0,-0.2,0.8,9835,False,targets;fum_rec_td,PFR+RULE2PT,19780909-DET-TAM,False,fum_rec_td,False,True,fum_rec_td,
David Hill,1978,3,1978-09-17,False,DET,CHI,H,L,0,19,,0,0,0,0,0,0,0,0,0,0,,0,0.0,0.0,9835,False,targets;fum_rec_td,PFR+RULE2PT,19780917-CHI-DET,False,fum_rec_td,False,True,fum_rec_td,
David Hill,1978,4,1978-09-24,False,DET,SEA,A,L,16,28,,3,29,0,0,0,0,0,0,0,0,,0,2.9,5.9,9835,False,targets;fum_rec_td,PFR+RULE2PT,19780924-DET-SEA,False,fum_rec_td,False,True,fum_rec_td,
David Hill,1978,5,1978-10-01,False,DET,GNB,A,L,14,35,,2,19,0,0,0,0,0,0,0,0,,0,1.9,3.9,9835,False,targets;fum_rec_td,PFR+RULE2PT,19781001-DET-GNB,False,fum_rec_td,False,True,fum_rec_td,
David Hill,1978,6,1978-10-08,False,DET,WAS,H,L,19,21,,4,54,0,0,0,0,0,0,0,0,,0,5.4,9.4,9835,False,targets;fum_rec_td,PFR+RULE2PT,19781008-WAS-DET,False,fum_rec_td,False,True,fum_rec_td,
David Hill,1978,7,1978-10-15,False,DET,ATL,A,L,0,14,,2,27,0,0,0,0,0,0,0,0,,0,2.7,4.7,9835,False,targets;fum_rec_td,PFR+RULE2PT,19781015-DET-ATL,False,fum_rec_td,False,True,fum_rec_td,
David Hill,1978,8,1978-10-22,False,DET,SDG,H,W,31,14,,3,29,0,0,0,0,0,0,0,0,,0,2.9,5.9,9835,False,targets;fum_rec_td,PFR+RULE2PT,19781022-SDG-DET,False,fum_rec_td,False,True,fum_rec_td,
David Hill,1978,9,1978-10-29,False,DET,CHI,A,W,21,17,,6,60,1,0,0,0,0,0,0,0,,0,12.0,18.0,9835,False,targets;fum_rec_td,PFR+RULE2PT,19781029-DET-CHI,False,fum_rec_td,False,True,fum_rec_td,
David Hill,1978,10,1978-11-05,False,DET,MIN,A,L,7,17,,3,33,0,1,13,0,0,0,0,0,,0,4.6,7.6,9835,False,targets;fum_rec_td,PFR+RULE2PT,19781105-DET-MIN,False,fum_rec_td,False,True,fum_rec_td,
David Hill,1978,11,1978-11-12,False,DET,TAM,H,W,34,23,,7,106,2,0,0,0,0,0,0,0,,0,22.6,29.6,9835,False,targets;fum_rec_td,PFR+RULE2PT,19781112-TAM-DET,False,fum_rec_td,False,True,fum_rec_td,
David Hill,1978,12,1978-11-19,False,DET,OAK,A,L,17,29,,4,40,0,0,0,0,0,0,0,0,,0,4.0,8.0,9835,False,targets;fum_rec_td,PFR+RULE2PT,19781119-DET-OAK,False,fum_rec_td,False,True,fum_rec_td,
David Hill,1978,13,1978-11-23,False,DET,DEN,H,W,17,14,,4,56,0,0,0,0,0,0,0,0,,0,5.6,9.6,9835,False,targets;fum_rec_td,PFR+RULE2PT,19781123-DEN-DET,False,fum_rec_td,False,True,fum_rec_td,
David Hill,1978,14,1978-12-03,False,DET,STL,A,L,14,21,,2,26,1,1,-4,0,0,0,0,0,,0,8.2,10.2,9835,False,targets;fum_rec_td,PFR+RULE2PT,19781203-DET-STL,False,fum_rec_td,False,True,fum_rec_td,
David Hill,1978,15,1978-12-09,False,DET,MIN,H,W,45,14,,3,29,0,0,0,0,0,0,0,0,,0,2.9,5.9,9835,False,targets;fum_rec_td,PFR+RULE2PT,19781209-MIN-DET,False,fum_rec_td,False,True,fum_rec_td,
David Hill,1978,16,1978-12-17,False,DET,SFO,H,W,33,14,,4,63,0,1,3,0,0,0,0,0,,0,6.6,10.6,9835,False,targets;fum_rec_td,PFR+RULE2PT,19781217-SFO-DET,False,fum_rec_td,False,True,fum_rec_td,
David Hill,1979,1,1979-09-01,False,DET,TAM,A,L,16,31,,5,48,1,0,0,0,0,0,0,0,,0,10.8,15.8,9835,False,targets;fum_rec_td,PFR+RULE2PT,19790901-DET-TAM,False,fum_rec_td,False,True,fum_rec_td,
David Hill,1979,2,1979-09-09,False,DET,WAS,H,L,24,27,,5,57,0,0,0,0,0,0,0,0,,0,5.7,10.7,9835,False,targets;fum_rec_td,PFR+RULE2PT,19790909-WAS-DET,False,fum_rec_td,False,True,fum_rec_td,
David Hill,1979,3,1979-09-16,False,DET,NYJ,A,L,10,31,,5,50,1,0,0,0,0,0,0,0,,0,11.0,16.0,9835,False,targets;fum_rec_td,PFR+RULE2PT,19790916-DET-NYJ,False,fum_rec_td,False,True,fum_rec_td,
David Hill,1979,4,1979-09-23,False,DET,ATL,H,W,24,23,,3,61,0,1,15,0,0,0,0,0,,0,7.6,10.6,9835,False,targets;fum_rec_td,PFR+RULE2PT,19790923-ATL-DET,False,fum_rec_td,False,True,fum_rec_td,
David Hill,1979,5,1979-09-30,False,DET,MIN,H,L,10,13,,0,0,0,0,0,0,0,0,0,0,,0,0.0,0.0,9835,False,targets;fum_rec_td,PFR+RULE2PT,19790930-MIN-DET,False,fum_rec_td,False,True,fum_rec_td,
David Hill,1979,6,1979-10-07,False,DET,NWE,A,L,17,24,,3,35,0,0,0,0,0,0,0,0,,0,3.5,6.5,9835,False,targets;fum_rec_td,PFR+RULE2PT,19791007-DET-NWE,False,fum_rec_td,False,True,fum_rec_td,
David Hill,1979,7,1979-10-14,False,DET,GNB,A,L,16,24,,1,9,0,0,0,0,0,0,0,0,,0,0.9,1.9,9835,False,targets;fum_rec_td,PFR+RULE2PT,19791014-DET-GNB,False,fum_rec_td,False,True,fum_rec_td,
David Hill,1979,8,1979-10-21,False,DET,NOR,A,L,7,17,,4,44,1,0,0,0,0,0,0,0,,0,10.4,14.4,9835,False,targets;fum_rec_td,PFR+RULE2PT,19791021-DET-NOR,False,fum_rec_td,False,True,fum_rec_td,
David Hill,1979,9,1979-10-28,False,DET,BUF,H,L,17,20,,3,49,0,0,0,0,0,0,0,0,,0,4.9,7.9,9835,False,targets;fum_rec_td,PFR+RULE2PT,19791028-BUF-DET,False,fum_rec_td,False,True,fum_rec_td,
David Hill,1979,10,1979-11-04,False,DET,CHI,A,L,7,35,,0,0,0,0,0,0,0,0,0,0,,0,0.0,0.0,9835,False,targets;fum_rec_td,PFR+RULE2PT,19791104-DET-CHI,False,fum_rec_td,False,True,fum_rec_td,
David Hill,1979,11,1979-11-11,False,DET,TAM,H,L,14,16,,6,61,0,0,0,0,0,0,0,0,,0,6.1,12.1,9835,False,targets;fum_rec_td,PFR+RULE2PT,19791111-TAM-DET,False,fum_rec_td,False,True,fum_rec_td,
David Hill,1979,12,1979-11-18,False,DET,MIN,A,L,7,14,,5,65,0,0,0,0,0,0,0,0,,0,6.5,11.5,9835,False,targets;fum_rec_td,PFR+RULE2PT,19791118-DET-MIN,False,fum_rec_td,False,True,fum_rec_td,
David Hill,1979,13,1979-11-22,False,DET,CHI,H,W,20,0,,4,59,0,0,0,0,0,0,0,0,,0,5.9,9.9,9835,False,targets;fum_rec_td,PFR+RULE2PT,19791122-CHI-DET,False,fum_rec_td,False,True,fum_rec_td,
David Hill,1979,14,1979-12-02,False,DET,PHI,A,L,7,44,,0,0,0,0,0,0,0,0,0,0,,0,0.0,0.0,9835,False,targets;fum_rec_td,PFR+RULE2PT,19791202-DET-PHI,False,fum_rec_td,False,True,fum_rec_td,
David Hill,1979,15,1979-12-09,False,DET,MIA,H,L,10,28,,1,21,0,0,0,0,0,0,0,0,,0,2.1,3.1,9835,False,targets;fum_rec_td,PFR+RULE2PT,19791209-MIA-DET,False,fum_rec_td,False,True,fum_rec_td,
David Hill,1979,16,1979-12-15,False,DET,GNB,H,L,13,18,,2,10,0,0,0,0,0,0,0,0,,0,1.0,3.0,9835,False,targets;fum_rec_td,PFR+RULE2PT,19791215-GNB-DET,False,fum_rec_td,False,True,fum_rec_td,
Billy Cannon,1970,5,1970-10-18,False,KAN,CIN,A,W,27,19,,0,0,0,0,0,0,0,0,0,0,,0,0.0,0.0,3382,False,targets;fum_rec_td,PFR+RULE2PT,19701018-KAN-CIN,False,fum_rec_td,False,True,fum_rec_td,
Billy Cannon,1970,6,1970-10-25,False,KAN,DAL,H,L,16,27,,1,11,0,0,0,0,0,0,0,0,,0,1.1,2.1,3382,False,targets;fum_rec_td,PFR+RULE2PT,19701025-DAL-KAN,False,fum_rec_td,False,True,fum_rec_td,
Billy Cannon,1970,7,1970-11-01,False,KAN,OAK,H,T,17,17,,1,13,0,0,0,0,0,0,0,0,,0,1.3,2.3,3382,False,targets;fum_rec_td,PFR+RULE2PT,19701101-OAK-KAN,False,fum_rec_td,False,True,fum_rec_td,
Billy Cannon,1970,8,1970-11-08,False,KAN,HOU,H,W,24,9,,2,55,0,0,0,0,0,0,0,0,,0,5.5,7.5,3382,False,targets;fum_rec_td,PFR+RULE2PT,19701108-HOU-KAN,False,fum_rec_td,False,True,fum_rec_td,
Billy Cannon,1970,9,1970-11-15,False,KAN,PIT,A,W,31,14,,3,46,2,0,0,0,0,0,0,0,,0,16.6,19.6,3382,False,targets;fum_rec_td,PFR+RULE2PT,19701115-KAN-PIT,False,fum_rec_td,False,True,fum_rec_td,
Billy Cannon,1970,13,1970-12-12,False,KAN,OAK,A,L,6,20,,0,0,0,1,6,0,0,0,0,0,,0,0.6,0.6,3382,False,targets;fum_rec_td,PFR+RULE2PT,19701212-KAN-OAK,False,fum_rec_td,False,True,fum_rec_td,
Billy Joe DuPree,1973,1,1973-09-16,False,DAL,CHI,A,W,20,17,,1,10,0,0,0,0,0,0,0,0,,0,1.0,2.0,6113,False,targets;fum_rec_td,PFR+RULE2PT,19730916-DAL-CHI,False,fum_rec_td,False,True,fum_rec_td,
Billy Joe DuPree,1973,2,1973-09-24,False,DAL,NOR,H,W,40,3,,0,0,0,0,0,0,0,0,0,0,,0,0.0,0.0,6113,False,targets;fum_rec_td,PFR+RULE2PT,19730924-NOR-DAL,False,fum_rec_td,False,True,fum_rec_td,
Billy Joe DuPree,1973,3,1973-09-30,False,DAL,STL,H,W,45,10,,6,74,3,0,0,0,0,0,0,0,,0,25.4,31.4,6113,False,targets;fum_rec_td,PFR+RULE2PT,19730930-STL-DAL,False,fum_rec_td,False,True,fum_rec_td,
Billy Joe DuPree,1973,4,1973-10-08,False,DAL,WAS,A,L,7,14,,3,39,0,0,0,0,0,0,0,0,,0,3.9,6.9,6113,False,targets;fum_rec_td,PFR+RULE2PT,19731008-DAL-WAS,False,fum_rec_td,False,True,fum_rec_td,
Billy Joe DuPree,1973,5,1973-10-14,False,DAL,RAM,A,L,31,37,,2,28,0,1,6,0,0,0,0,0,,0,3.4,5.4,6113,False,targets;fum_rec_td,PFR+RULE2PT,19731014-DAL-RAM,False,fum_rec_td,False,True,fum_rec_td,
Billy Joe DuPree,1973,6,1973-10-21,False,DAL,NYG,H,W,45,28,,1,21,1,0,0,0,0,0,0,0,,0,8.1,9.1,6113,False,targets;fum_rec_td,PFR+RULE2PT,19731021-NYG-DAL,False,fum_rec_td,False,True,fum_rec_td,
Billy Joe DuPree,1973,7,1973-10-28,False,DAL,PHI,A,L,16,30,,2,5,0,0,0,0,0,0,0,0,,0,0.5,2.5,6113,False,targets;fum_rec_td,PFR+RULE2PT,19731028-DAL-PHI,False,fum_rec_td,False,True,fum_rec_td,
Billy Joe DuPree,1973,8,1973-11-04,False,DAL,CIN,H,W,38,10,,5,56,1,0,0,0,0,0,0,0,,0,11.6,16.6,6113,False,targets;fum_rec_td,PFR+RULE2PT,19731104-CIN-DAL,False,fum_rec_td,False,True,fum_rec_td,
Billy Joe DuPree,1973,9,1973-11-11,False,DAL,NYG,A,W,23,10,,1,21,0,0,0,0,0,0,0,0,,0,2.1,3.1,6113,False,targets;fum_rec_td,PFR+RULE2PT,19731111-DAL-NYG,False,fum_rec_td,False,True,fum_rec_td,
Billy Joe DuPree,1973,10,1973-11-18,False,DAL,PHI,H,W,31,10,,1,9,0,0,0,0,0,0,0,0,,0,0.9,1.9,6113,False,targets;fum_rec_td,PFR+RULE2PT,19731118-PHI-DAL,False,fum_rec_td,False,True,fum_rec_td,
Billy Joe DuPree,1973,11,1973-11-22,False,DAL,MIA,H,L,7,14,,2,31,0,0,0,0,0,0,0,0,,0,3.1,5.1,6113,False,targets;fum_rec_td,PFR+RULE2PT,19731122-MIA-DAL,False,fum_rec_td,False,True,fum_rec_td,
Billy Joe DuPree,1973,12,1973-12-02,False,DAL,DEN,A,W,22,10,,1,40,0,0,0,0,0,0,0,0,,0,4.0,5.0,6113,False,targets;fum_rec_td,PFR+RULE2PT,19731202-DAL-DEN,False,fum_rec_td,False,True,fum_rec_td,
Billy Joe DuPree,1973,13,1973-12-09,False,DAL,WAS,H,W,27,7,,2,36,0,0,0,0,0,0,0,0,,0,3.6,5.6,6113,False,targets;fum_rec_td,PFR+RULE2PT,19731209-WAS-DAL,False,fum_rec_td,False,True,fum_rec_td,
Billy Joe DuPree,1973,14,1973-12-16,False,DAL,STL,A,W,30,3,,2,22,0,1,-4,0,0,0,0,0,,0,1.8,3.8,6113,False,targets;fum_rec_td,PFR+RULE2PT,19731216-DAL-STL,False,fum_rec_td,False,True,fum_rec_td,
Billy Joe DuPree,1973,15,1973-12-23,True,DAL,RAM,H,W,27,16,,1,2,0,0,0,0,0,0,0,0,,0,0.2,1.2,6113,False,targets;fum_rec_td,PFR+RULE2PT,19731223-RAM-DAL,False,fum_rec_td,False,True,fum_rec_td,
Billy Joe DuPree,1973,16,1973-12-30,True,DAL,MIN,H,L,10,27,,1,20,0,0,0,0,0,0,0,0,,0,2.0,3.0,6113,False,targets;fum_rec_td,PFR+RULE2PT,19731230-MIN-DAL,False,fum_rec_td,False,True,fum_rec_td,
Billy Joe DuPree,1974,1,1974-09-15,False,DAL,ATL,A,W,24,0,,0,0,0,0,0,0,0,0,0,0,,0,0.0,0.0,6113,False,targets;fum_rec_td,PFR+RULE2PT,19740915-DAL-ATL,False,fum_rec_td,False,True,fum_rec_td,
Billy Joe DuPree,1974,2,1974-09-23,False,DAL,PHI,A,L,10,13,,2,2,0,0,0,0,0,0,0,0,,0,0.2,2.2,6113,False,targets;fum_rec_td,PFR+RULE2PT,19740923-DAL-PHI,False,fum_rec_td,False,True,fum_rec_td,
Billy Joe DuPree,1974,3,1974-09-29,False,DAL,NYG,H,L,6,14,,0,0,0,0,0,0,0,0,0,0,,0,0.0,0.0,6113,False,targets;fum_rec_td,PFR+RULE2PT,19740929-NYG-DAL,False,fum_rec_td,False,True,fum_rec_td,
Billy Joe DuPree,1974,4,1974-10-06,False,DAL,MIN,H,L,21,23,,2,16,0,1,20,0,0,0,0,0,,0,3.6,5.6,6113,False,targets;fum_rec_td,PFR+RULE2PT,19741006-MIN-DAL,False,fum_rec_td,False,True,fum_rec_td,
Billy Joe DuPree,1974,5,1974-10-13,False,DAL,STL,A,L,28,31,,0,0,0,0,0,0,0,0,0,0,,0,0.0,0.0,6113,False,targets;fum_rec_td,PFR+RULE2PT,19741013-DAL-STL,False,fum_rec_td,False,True,fum_rec_td,
Billy Joe DuPree,1974,6,1974-10-20,False,DAL,PHI,H,W,31,24,,2,51,0,0,0,0,0,0,0,0,,0,5.1,7.1,6113,False,targets;fum_rec_td,PFR+RULE2PT,19741020-PHI-DAL,False,fum_rec_td,False,True,fum_rec_td,
Billy Joe DuPree,1974,7,1974-10-27,False,DAL,NYG,A,W,21,7,,3,37,0,3,23,0,0,0,0,0,,0,6.0,9.0,6113,False,targets;fum_rec_td,PFR+RULE2PT,19741027-DAL-NYG,False,fum_rec_td,False,True,fum_rec_td,
Billy Joe DuPree,1974,8,1974-11-03,False,DAL,STL,H,W,17,14,,1,5,0,0,0,0,0,0,0,0,,0,0.5,1.5,6113,False,targets;fum_rec_td,PFR+RULE2PT,19741103-STL-DAL,False,fum_rec_td,False,True,fum_rec_td,
Billy Joe DuPree,1974,9,1974-11-10,False,DAL,SFO,H,W,20,14,,1,32,0,0,0,0,0,0,0,0,,0,3.2,4.2,6113,False,targets;fum_rec_td,PFR+RULE2PT,19741110-SFO-DAL,False,fum_rec_td,False,True,fum_rec_td,
Billy Joe DuPree,1974,10,1974-11-17,False,DAL,WAS,A,L,21,28,,6,92,2,0,0,0,0,0,0,0,,0,21.2,27.2,6113,False,targets;fum_rec_td,PFR+RULE2PT,19741117-DAL-WAS,False,fum_rec_td,False,True,fum_rec_td,
Billy Joe DuPree,1974,11,1974-11-24,False,DAL,HOU,A,W,10,0,,2,18,0,0,0,0,0,0,0,0,,0,1.8,3.8,6113,False,targets;fum_rec_td,PFR+RULE2PT,19741124-DAL-HOU,False,fum_rec_td,False,True,fum_rec_td,
Billy Joe DuPree,1974,12,1974-11-28,False,DAL,WAS,H,W,24,23,,3,65,1,0,0,0,0,0,0,0,,0,12.5,15.5,6113,False,targets;fum_rec_td,PFR+RULE2PT,19741128-WAS-DAL,False,fum_rec_td,False,True,fum_rec_td,
Billy Joe DuPree,1974,13,1974-12-07,False,DAL,CLE,H,W,41,17,,3,74,1,0,0,0,0,0,0,0,,0,13.4,16.4,6113,False,targets;fum_rec_td,PFR+RULE2PT,19741207-CLE-DAL,False,fum_rec_td,False,True,fum_rec_td,
Billy Joe DuPree,1974,14,1974-12-14,False,DAL,OAK,A,L,23,27,,4,74,0,0,0,0,0,0,0,0,,0,7.4,11.4,6113,False,targets;fum_rec_td,PFR+RULE2PT,19741214-DAL-OAK,False,fum_rec_td,False,True,fum_rec_td,
Billy Joe DuPree,1975,1,1975-09-21,False,DAL,RAM,H,W,18,7,,1,4,0,0,0,0,0,0,0,0,,0,0.4,1.4,6113,False,targets;fum_rec_td,PFR+RULE2PT,19750921-RAM-DAL,False,fum_rec_td,False,True,fum_rec_td,
Billy Joe DuPree,1975,2,1975-09-28,False,DAL,STL,H,W,37,31,,6,100,1,0,0,0,0,0,0,0,,0,16.0,22.0,6113,False,targets;fum_rec_td,PFR+RULE2PT,19750928-STL-DAL,False,fum_rec_td,False,True,fum_rec_td,
Billy Joe DuPree,1975,3,1975-10-06,False,DAL,DET,A,W,36,10,,0,0,0,0,0,0,0,0,0,0,,0,0.0,0.0,6113,False,targets;fum_rec_td,PFR+RULE2PT,19751006-DAL-DET,False,fum_rec_td,False,True,fum_rec_td,
Billy Joe DuPree,1975,4,1975-10-12,False,DAL,NYG,A,W,13,7,,0,0,0,1,3,0,0,0,0,0,,0,0.3,0.3,6113,False,targets;fum_rec_td,PFR+RULE2PT,19751012-DAL-NYG,False,fum_rec_td,False,True,fum_rec_td,
Billy Joe DuPree,1975,5,1975-10-19,False,DAL,GNB,H,L,17,19,,1,17,0,0,0,0,0,0,0,0,,0,1.7,2.7,6113,False,targets;fum_rec_td,PFR+RULE2PT,19751019-GNB-DAL,False,fum_rec_td,False,True,fum_rec_td,
Billy Joe DuPree,1975,6,1975-10-26,False,DAL,PHI,A,W,20,17,,0,0,0,0,0,0,0,0,0,0,,0,0.0,0.0,6113,False,targets;fum_rec_td,PFR+RULE2PT,19751026-DAL-PHI,False,fum_rec_td,False,True,fum_rec_td,
Billy Joe DuPree,1975,7,1975-11-02,False,DAL,WAS,A,L,24,30,,0,0,0,0,0,0,0,0,0,0,,0,0.0,0.0,6113,False,targets;fum_rec_td,PFR+RULE2PT,19751102-DAL-WAS,False,fum_rec_td,False,True,fum_rec_td,
Billy Joe DuPree,1975,8,1975-11-10,False,DAL,KAN,H,L,31,34,,0,0,0,0,0,0,0,0,0,0,,0,0.0,0.0,6113,False,targets;fum_rec_td,PFR+RULE2PT,19751110-KAN-DAL,False,fum_rec_td,False,True,fum_rec_td,
Billy Joe DuPree,1975,9,1975-11-16,False,DAL,NWE,A,W,34,31,,0,0,0,0,0,0,0,0,0,0,,0,0.0,0.0,6113,False,targets;fum_rec_td,PFR+RULE2PT,19751116-DAL-NWE,False,fum_rec_td,False,True,fum_rec_td,
Billy Joe DuPree,1975,10,1975-11-23,False,DAL,PHI,H,W,27,17,,0,0,0,0,0,0,0,0,0,0,,0,0.0,0.0,6113,False,targets;fum_rec_td,PFR+RULE2PT,19751123-PHI-DAL,False,fum_rec_td,False,True,fum_rec_td,
Billy Joe DuPree,1975,11,1975-11-30,False,DAL,NYG,H,W,14,3,,0,0,0,0,0,0,0,0,0,0,,0,0.0,0.0,6113,False,targets;fum_rec_td,PFR+RULE2PT,19751130-NYG-DAL,False,fum_rec_td,False,True,fum_rec_td,
Billy Joe DuPree,1975,12,1975-12-07,False,DAL,STL,A,L,17,31,,1,17,0,0,0,0,0,0,0,0,,0,1.7,2.7,6113,False,targets;fum_rec_td,PFR+RULE2PT,19751207-DAL-STL,False,fum_rec_td,False,True,fum_rec_td,
Billy Joe DuPree,1975,13,1975-12-13,False,DAL,WAS,H,W,31,10,,0,0,0,0,0,0,0,0,0,0,,0,0.0,0.0,6113,False,targets;fum_rec_td,PFR+RULE2PT,19751213-WAS-DAL,False,fum_rec_td,False,True,fum_rec_td,
Billy Joe DuPree,1975,14,1975-12-21,False,DAL,NYJ,A,W,31,21,,0,0,0,0,0,0,0,0,0,0,,0,0.0,0.0,6113,False,targets;fum_rec_td,PFR+RULE2PT,19751221-DAL-NYJ,False,fum_rec_td,False,True,fum_rec_td,
Billy Joe DuPree,1975,15,1975-12-28,True,DAL,MIN,A,W,17,14,,1,17,0,0,0,0,0,0,0,0,,0,1.7,2.7,6113,False,targets;fum_rec_td,PFR+RULE2PT,19751228-DAL-MIN,False,fum_rec_td,False,True,fum_rec_td,
Billy Joe DuPree,1975,16,1976-01-04,True,DAL,RAM,A,W,37,7,,0,0,0,0,0,0,0,0,0,0,,0,0.0,0.0,6113,False,targets;fum_rec_td,PFR+RULE2PT,19760104-DAL-RAM,False,fum_rec_td,False,True,fum_rec_td,
Billy Joe DuPree,1975,17,1976-01-18,True,DAL,PIT,N,L,17,21,,0,0,0,0,0,0,0,0,0,0,,0,0.0,0.0,6113,False,targets;fum_rec_td,PFR+RULE2PT,19760118-DAL-PIT-N,False,fum_rec_td,False,True,fum_rec_td,
Billy Joe DuPree,1976,1,1976-09-12,False,DAL,PHI,H,W,27,7,,5,42,0,1,2,0,0,0,0,0,,0,4.4,9.4,6113,False,targets;fum_rec_td,PFR+RULE2PT,19760912-PHI-DAL,False,fum_rec_td,False,True,fum_rec_td,
Billy Joe DuPree,1976,2,1976-09-19,False,DAL,NOR,A,W,24,6,,5,108,0,0,0,0,0,0,0,0,,0,10.8,15.8,6113,False,targets;fum_rec_td,PFR+RULE2PT,19760919-DAL-NOR,False,fum_rec_td,False,True,fum_rec_td,
Billy Joe DuPree,1976,3,1976-09-26,False,DAL,BAL,H,W,30,27,,5,85,1,0,0,0,0,0,0,0,,0,14.5,19.5,6113,False,targets;fum_rec_td,PFR+RULE2PT,19760926-BAL-DAL,False,fum_rec_td,False,True,fum_rec_td,
Billy Joe DuPree,1976,4,1976-10-03,False,DAL,SEA,A,W,28,13,,5,77,0,0,0,0,0,0,0,0,,0,7.7,12.7,6113,False,targets;fum_rec_td,PFR+RULE2PT,19761003-DAL-SEA,False,fum_rec_td,False,True,fum_rec_td,
Billy Joe DuPree,1976,5,1976-10-10,False,DAL,NYG,A,W,24,14,,2,19,0,1,12,0,0,0,0,0,,0,3.1,5.1,6113,False,targets;fum_rec_td,PFR+RULE2PT,19761010-DAL-NYG,False,fum_rec_td,False,True,fum_rec_td,
Billy Joe DuPree,1976,6,1976-10-17,False,DAL,STL,A,L,17,21,,4,81,1,0,0,0,0,0,0,0,,0,14.1,18.1,6113,False,targets;fum_rec_td,PFR+RULE2PT,19761017-DAL-STL,False,fum_rec_td,False,True,fum_rec_td,
Billy Joe DuPree,1976,7,1976-10-24,False,DAL,CHI,H,W,31,21,,2,42,0,1,13,0,0,0,0,0,,0,5.5,7.5,6113,False,targets;fum_rec_td,PFR+RULE2PT,19761024-CHI-DAL,False,fum_rec_td,False,True,fum_rec_td,
Billy Joe DuPree,1976,8,1976-10-31,False,DAL,WAS,A,W,20,7,,0,0,0,0,0,0,0,0,0,0,,0,0.0,0.0,6113,False,targets;fum_rec_td,PFR+RULE2PT,19761031-DAL-WAS,False,fum_rec_td,False,True,fum_rec_td,
Billy Joe DuPree,1976,9,1976-11-07,False,DAL,NYG,H,W,9,3,,2,46,0,1,6,0,0,0,0,0,,0,5.2,7.2,6113,False,targets;fum_rec_td,PFR+RULE2PT,19761107-NYG-DAL,False,fum_rec_td,False,True,fum_rec_td,
Billy Joe DuPree,1976,10,1976-11-15,False,DAL,BUF,H,W,17,10,,1,6,0,0,0,0,0,0,0,0,,0,0.6,1.6,6113,False,targets;fum_rec_td,PFR+RULE2PT,19761115-BUF-DAL,False,fum_rec_td,False,True,fum_rec_td,
Billy Joe DuPree,1976,11,1976-11-21,False,DAL,ATL,A,L,10,17,,2,32,0,2,16,0,0,0,0,0,,0,4.8,6.8,6113,False,targets;fum_rec_td,PFR+RULE2PT,19761121-DAL-ATL,False,fum_rec_td,False,True,fum_rec_td,
Billy Joe DuPree,1976,12,1976-11-25,False,DAL,STL,H,W,19,14,,3,46,0,1,1,0,0,0,0,0,,0,4.7,7.7,6113,False,targets;fum_rec_td,PFR+RULE2PT,19761125-STL-DAL,False,fum_rec_td,False,True,fum_rec_td,
Billy Joe DuPree,1976,13,1976-12-05,False,DAL,PHI,A,W,26,7,,6,96,0,0,0,0,0,0,0,0,,0,9.6,15.6,6113,False,targets;fum_rec_td,PFR+RULE2PT,19761205-DAL-PHI,False,fum_rec_td,False,True,fum_rec_td,
Billy Joe DuPree,1976,14,1976-12-12,False,DAL,WAS,H,L,14,27,,0,0,0,0,0,0,0,0,0,0,,0,0.0,0.0,6113,False,targets;fum_rec_td,PFR+RULE2PT,19761212-WAS-DAL,False,fum_rec_td,False,True,fum_rec_td,
Billy Joe DuPree,1976,15,1976-12-19,True,DAL,RAM,H,L,12,14,,3,34,0,0,0,0,0,0,0,0,,0,3.4,6.4,6113,False,targets;fum_rec_td,PFR+RULE2PT,19761219-RAM-DAL,False,fum_rec_td,False,True,fum_rec_td,
Billy Joe DuPree,1977,1,1977-09-18,False,DAL,MIN,A,W,16,10,,4,57,0,0,0,0,0,0,0,0,,0,5.7,9.7,6113,False,targets;fum_rec_td,PFR+RULE2PT,19770918-DAL-MIN,False,fum_rec_td,False,True,fum_rec_td,
Billy Joe DuPree,1977,2,1977-09-25,False,DAL,NYG,H,W,41,21,,2,23,0,1,7,0,0,0,0,0,,0,3.0,5.0,6113,False,targets;fum_rec_td,PFR+RULE2PT,19770925-NYG-DAL,False,fum_rec_td,False,True,fum_rec_td,
Billy Joe DuPree,1977,3,1977-10-02,False,DAL,TAM,H,W,23,7,,3,47,0,0,0,0,0,0,0,0,,0,4.7,7.7,6113,False,targets;fum_rec_td,PFR+RULE2PT,19771002-TAM-DAL,False,fum_rec_td,False,True,fum_rec_td,
Billy Joe DuPree,1977,4,1977-10-09,False,DAL,STL,A,W,30,24,,1,3,0,0,0,0,0,0,0,0,,0,0.3,1.3,6113,False,targets;fum_rec_td,PFR+RULE2PT,19771009-DAL-STL,False,fum_rec_td,False,True,fum_rec_td,
Billy Joe DuPree,1977,5,1977-10-16,False,DAL,WAS,H,W,34,16,,1,14,0,0,0,0,0,0,0,0,,0,1.4,2.4,6113,False,targets;fum_rec_td,PFR+RULE2PT,19771016-WAS-DAL,False,fum_rec_td,False,True,fum_rec_td,
Billy Joe DuPree,1977,6,1977-10-23,False,DAL,PHI,A,W,16,10,,0,0,0,0,0,0,0,0,0,0,,0,0.0,0.0,6113,False,targets;fum_rec_td,PFR+RULE2PT,19771023-DAL-PHI,False,fum_rec_td,False,True,fum_rec_td,
Billy Joe DuPree,1977,7,1977-10-30,False,DAL,DET,H,W,37,0,,3,28,1,1,-1,0,0,0,0,0,,0,8.7,11.7,6113,False,targets;fum_rec_td,PFR+RULE2PT,19771030-DET-DAL,False,fum_rec_td,False,True,fum_rec_td,
Billy Joe DuPree,1977,8,1977-11-06,False,DAL,NYG,A,W,24,10,,3,18,1,0,0,0,0,0,0,0,,0,7.8,10.8,6113,False,targets;fum_rec_td,PFR+RULE2PT,19771106-DAL-NYG,False,fum_rec_td,False,True,fum_rec_td,
Billy Joe DuPree,1977,9,1977-11-14,False,DAL,STL,H,L,17,24,,1,2,1,1,3,0,0,0,0,0,,0,6.5,7.5,6113,False,targets;fum_rec_td,PFR+RULE2PT,19771114-STL-DAL,False,fum_rec_td,False,True,fum_rec_td,
Billy Joe DuPree,1977,10,1977-11-20,False,DAL,PIT,A,L,13,28,,3,45,0,0,0,0,0,0,0,0,,0,4.5,7.5,6113,False,targets;fum_rec_td,PFR+RULE2PT,19771120-DAL-PIT,False,fum_rec_td,False,True,fum_rec_td,
Billy Joe DuPree,1977,11,1977-11-27,False,DAL,WAS,A,W,14,7,,1,18,0,0,0,0,0,0,0,0,,0,1.8,2.8,6113,False,targets;fum_rec_td,PFR+RULE2PT,19771127-DAL-WAS,False,fum_rec_td,False,True,fum_rec_td,
Billy Joe DuPree,1977,12,1977-12-04,False,DAL,PHI,H,W,24,14,,1,17,0,0,0,0,0,0,0,0,,0,1.7,2.7,6113,False,targets;fum_rec_td,PFR+RULE2PT,19771204-PHI-DAL,False,fum_rec_td,False,True,fum_rec_td,
Billy Joe DuPree,1977,13,1977-12-12,False,DAL,SFO,A,W,42,35,,2,28,0,0,0,0,0,0,0,0,,0,2.8,4.8,6113,False,targets;fum_rec_td,PFR+RULE2PT,19771212-DAL-SFO,False,fum_rec_td,False,True,fum_rec_td,
Billy Joe DuPree,1977,14,1977-12-18,False,DAL,DEN,H,W,14,6,,3,47,0,0,0,0,0,0,0,0,,0,4.7,7.7,6113,False,targets;fum_rec_td,PFR+RULE2PT,19771218-DEN-DAL,False,fum_rec_td,False,True,fum_rec_td,
Billy Joe DuPree,1977,15,1977-12-26,True,DAL,CHI,H,W,37,7,,1,28,1,0,0,0,0,0,0,0,,0,8.8,9.8,6113,False,targets;fum_rec_td,PFR+RULE2PT,19771226-CHI-DAL,False,fum_rec_td,False,True,fum_rec_td,
Billy Joe DuPree,1977,16,1978-01-01,True,DAL,MIN,H,W,23,6,,1,16,0,0,0,0,0,0,0,0,,0,1.6,2.6,6113,False,targets;fum_rec_td,PFR+RULE2PT,19780101-MIN-DAL,False,fum_rec_td,False,True,fum_rec_td,
Billy Joe DuPree,1977,17,1978-01-15,True,DAL,DEN,N,W,27,10,,4,66,0,0,0,0,0,0,0,0,,0,6.6,10.6,6113,False,targets;fum_rec_td,PFR+RULE2PT,19780115-DAL-DEN-N,False,fum_rec_td,False,True,fum_rec_td,
Billy Joe DuPree,1978,1,1978-09-04,False,DAL,BAL,H,W,38,0,,2,11,1,0,0,0,0,0,0,0,,0,7.1,9.1,6113,False,targets;fum_rec_td,PFR+RULE2PT,19780904-BAL-DAL,False,fum_rec_td,False,True,fum_rec_td,
Billy Joe DuPree,1978,2,1978-09-10,False,DAL,NYG,A,W,34,24,,3,33,1,0,0,0,0,0,0,0,,0,9.3,12.3,6113,False,targets;fum_rec_td,PFR+RULE2PT,19780910-DAL-NYG,False,fum_rec_td,False,True,fum_rec_td,
Billy Joe DuPree,1978,3,1978-09-17,False,DAL,RAM,A,L,14,27,,1,14,1,0,0,0,0,0,0,0,,0,7.4,8.4,6113,False,targets;fum_rec_td,PFR+RULE2PT,19780917-DAL-RAM,False,fum_rec_td,False,True,fum_rec_td,
Billy Joe DuPree,1978,4,1978-09-24,False,DAL,STL,H,W,21,12,,2,39,0,0,0,0,0,0,0,0,,0,3.9,5.9,6113,False,targets;fum_rec_td,PFR+RULE2PT,19780924-STL-DAL,False,fum_rec_td,False,True,fum_rec_td,
Billy Joe DuPree,1978,5,1978-10-02,False,DAL,WAS,A,L,5,9,,3,48,0,0,0,0,0,0,0,0,,0,4.8,7.8,6113,False,targets;fum_rec_td,PFR+RULE2PT,19781002-DAL-WAS,False,fum_rec_td,False,True,fum_rec_td,
Billy Joe DuPree,1978,6,1978-10-08,False,DAL,NYG,H,W,24,3,,1,23,1,0,0,0,0,0,0,0,,0,8.3,9.3,6113,False,targets;fum_rec_td,PFR+RULE2PT,19781008-NYG-DAL,False,fum_rec_td,False,True,fum_rec_td,
Billy Joe DuPree,1978,7,1978-10-15,False,DAL,STL,A,W,24,21,,2,32,0,0,0,0,0,0,0,0,,0,3.2,5.2,6113,False,targets;fum_rec_td,PFR+RULE2PT,19781015-DAL-STL,False,fum_rec_td,False,True,fum_rec_td,
Billy Joe DuPree,1978,8,1978-10-22,False,DAL,PHI,H,W,14,7,,0,0,0,1,15,0,0,0,0,0,,0,1.5,1.5,6113,False,targets;fum_rec_td,PFR+RULE2PT,19781022-PHI-DAL,False,fum_rec_td,False,True,fum_rec_td,
Billy Joe DuPree,1978,9,1978-10-26,False,DAL,MIN,H,L,10,21,,2,41,0,0,0,0,0,0,0,0,,0,4.1,6.1,6113,False,targets;fum_rec_td,PFR+RULE2PT,19781026-MIN-DAL,False,fum_rec_td,False,True,fum_rec_td,
Billy Joe DuPree,1978,10,1978-11-05,False,DAL,MIA,A,L,16,23,,8,73,1,0,0,0,0,0,0,0,,0,13.3,21.3,6113,False,targets;fum_rec_td,PFR+RULE2PT,19781105-DAL-MIA,False,fum_rec_td,False,True,fum_rec_td,
Billy Joe DuPree,1978,11,1978-11-12,False,DAL,GNB,A,W,42,14,,2,26,2,0,0,0,0,0,0,0,,0,14.6,16.6,6113,False,targets;fum_rec_td,PFR+RULE2PT,19781112-DAL-GNB,False,fum_rec_td,False,True,fum_rec_td,
Billy Joe DuPree,1978,12,1978-11-19,False,DAL,NOR,H,W,27,7,,3,73,1,0,0,0,0,0,0,0,,0,13.3,16.3,6113,False,targets;fum_rec_td,PFR+RULE2PT,19781119-NOR-DAL,False,fum_rec_td,False,True,fum_rec_td,
Billy Joe DuPree,1978,13,1978-11-23,False,DAL,WAS,H,W,37,10,,1,6,0,0,0,0,0,0,0,0,,0,0.6,1.6,6113,False,targets;fum_rec_td,PFR+RULE2PT,19781123-WAS-DAL,False,fum_rec_td,False,True,fum_rec_td,
Billy Joe DuPree,1978,14,1978-12-03,False,DAL,NWE,H,W,17,10,,2,53,1,0,0,0,0,0,0,0,,0,11.3,13.3,6113,False,targets;fum_rec_td,PFR+RULE2PT,19781203-NWE-DAL,False,fum_rec_td,False,True,fum_rec_td,
Billy Joe DuPree,1978,15,1978-12-10,False,DAL,PHI,A,W,31,13,,1,16,0,0,0,0,0,0,0,0,,0,1.6,2.6,6113,False,targets;fum_rec_td,PFR+RULE2PT,19781210-DAL-PHI,False,fum_rec_td,False,True,fum_rec_td,
Billy Joe DuPree,1978,16,1978-12-17,False,DAL,NYJ,A,W,30,7,,1,21,0,0,0,0,0,0,0,0,,0,2.1,3.1,6113,False,targets;fum_rec_td,PFR+RULE2PT,19781217-DAL-NYJ,False,fum_rec_td,False,True,fum_rec_td,
Billy Joe DuPree,1978,17,1978-12-30,True,DAL,ATL,H,W,27,20,,5,59,0,1,20,0,0,0,0,0,,0,7.9,12.9,6113,False,targets;fum_rec_td,PFR+RULE2PT,19781230-ATL-DAL,False,fum_rec_td,False,True,fum_rec_td,
Billy Joe DuPree,1978,18,1979-01-07,True,DAL,RAM,A,W,28,0,,3,48,1,1,3,0,0,0,0,0,,0,11.1,14.1,6113,False,targets;fum_rec_td,PFR+RULE2PT,19790107-DAL-RAM,False,fum_rec_td,False,True,fum_rec_td,
Billy Joe DuPree,1978,19,1979-01-21,True,DAL,PIT,N,L,31,35,,2,17,1,0,0,0,0,0,0,0,,0,7.7,9.7,6113,False,targets;fum_rec_td,PFR+RULE2PT,19790121-DAL-PIT-N,False,fum_rec_td,False,True,fum_rec_td,
Billy Joe DuPree,1979,1,1979-09-02,False,DAL,STL,A,W,22,21,,3,32,0,0,0,0,0,0,0,0,,0,3.2,6.2,6113,False,targets;fum_rec_td,PFR+RULE2PT,19790902-DAL-STL,False,fum_rec_td,False,True,fum_rec_td,
Billy Joe DuPree,1979,2,1979-09-09,False,DAL,SFO,A,W,21,13,,3,44,1,0,0,0,0,0,0,0,,0,10.4,13.4,6113,False,targets;fum_rec_td,PFR+RULE2PT,19790909-DAL-SFO,False,fum_rec_td,False,True,fum_rec_td,
Billy Joe DuPree,1979,3,1979-09-16,False,DAL,CHI,H,W,24,20,,2,12,1,0,0,0,0,0,0,0,,0,7.2,9.2,6113,False,targets;fum_rec_td,PFR+RULE2PT,19790916-CHI-DAL,False,fum_rec_td,False,True,fum_rec_td,
Billy Joe DuPree,1979,4,1979-09-24,False,DAL,CLE,A,L,7,26,,3,29,0,1,-1,0,0,0,0,0,,0,2.8,5.8,6113,False,targets;fum_rec_td,PFR+RULE2PT,19790924-DAL-CLE,False,fum_rec_td,False,True,fum_rec_td,
Billy Joe DuPree,1979,5,1979-09-30,False,DAL,CIN,H,W,38,13,,3,14,1,0,0,0,0,0,0,0,,0,7.4,10.4,6113,False,targets;fum_rec_td,PFR+RULE2PT,19790930-CIN-DAL,False,fum_rec_td,False,True,fum_rec_td,
Billy Joe DuPree,1979,6,1979-10-07,False,DAL,MIN,A,W,36,20,,2,34,0,1,20,0,0,0,0,0,,0,5.4,7.4,6113,False,targets;fum_rec_td,PFR+RULE2PT,19791007-DAL-MIN,False,fum_rec_td,False,True,fum_rec_td,
Billy Joe DuPree,1979,7,1979-10-14,False,DAL,RAM,H,W,30,6,,1,8,0,0,0,0,0,0,0,0,,0,0.8,1.8,6113,False,targets;fum_rec_td,PFR+RULE2PT,19791014-RAM-DAL,False,fum_rec_td,False,True,fum_rec_td,
Billy Joe DuPree,1979,8,1979-10-21,False,DAL,STL,H,W,22,13,,3,48,1,0,0,0,0,0,0,0,,0,10.8,13.8,6113,False,targets;fum_rec_td,PFR+RULE2PT,19791021-STL-DAL,False,fum_rec_td,False,True,fum_rec_td,
Billy Joe DuPree,1979,9,1979-10-28,False,DAL,PIT,A,L,3,14,,5,53,0,0,0,0,0,0,0,0,,0,5.3,10.3,6113,False,targets;fum_rec_td,PFR+RULE2PT,19791028-DAL-PIT,False,fum_rec_td,False,True,fum_rec_td,
Billy Joe DuPree,1979,10,1979-11-04,False,DAL,NYG,A,W,16,14,,0,0,0,0,0,0,0,0,0,0,,0,0.0,0.0,6113,False,targets;fum_rec_td,PFR+RULE2PT,19791104-DAL-NYG,False,fum_rec_td,False,True,fum_rec_td,
Billy Joe DuPree,1979,11,1979-11-12,False,DAL,PHI,H,L,21,31,,1,5,1,0,0,0,0,0,0,0,,0,6.5,7.5,6113,False,targets;fum_rec_td,PFR+RULE2PT,19791112-PHI-DAL,False,fum_rec_td,False,True,fum_rec_td,
Billy Joe DuPree,1979,12,1979-11-18,False,DAL,WAS,A,L,20,34,,1,21,0,0,0,0,0,0,0,0,,0,2.1,3.1,6113,False,targets;fum_rec_td,PFR+RULE2PT,19791118-DAL-WAS,False,fum_rec_td,False,True,fum_rec_td,
Billy Joe DuPree,1979,13,1979-11-22,False,DAL,HOU,H,L,24,30,,1,19,0,0,0,0,0,0,0,0,,0,1.9,2.9,6113,False,targets;fum_rec_td,PFR+RULE2PT,19791122-HOU-DAL,False,fum_rec_td,False,True,fum_rec_td,
Billy Joe DuPree,1979,14,1979-12-02,False,DAL,NYG,H,W,28,7,,0,0,0,0,0,0,0,0,0,0,,0,0.0,0.0,6113,False,targets;fum_rec_td,PFR+RULE2PT,19791202-NYG-DAL,False,fum_rec_td,False,True,fum_rec_td,
Billy Joe DuPree,1979,15,1979-12-08,False,DAL,PHI,A,W,24,17,,0,0,0,0,0,0,0,0,0,0,,0,0.0,0.0,6113,False,targets;fum_rec_td,PFR+RULE2PT,19791208-DAL-PHI,False,fum_rec_td,False,True,fum_rec_td,
Billy Joe DuPree,1979,16,1979-12-16,False,DAL,WAS,H,W,35,34,,1,5,0,0,0,0,0,0,0,0,,0,0.5,1.5,6113,False,targets;fum_rec_td,PFR+RULE2PT,19791216-WAS-DAL,False,fum_rec_td,False,True,fum_rec_td,
Billy Joe DuPree,1979,17,1979-12-30,True,DAL,RAM,H,L,19,21,,2,26,0,1,27,0,0,0,0,0,,0,5.3,7.3,6113,False,targets;fum_rec_td,PFR+RULE2PT,19791230-RAM-DAL,False,fum_rec_td,False,True,fum_rec_td,
Doug Cosbie,1979,1,1979-09-02,False,DAL,STL,A,W,22,21,,2,12,0,0,0,0,0,0,0,0,,0,1.2,3.2,4593,False,targets;fum_rec_td,PFR+RULE2PT,19790902-DAL-STL,False,fum_rec_td,False,True,fum_rec_td,
Doug Cosbie,1979,2,1979-09-09,False,DAL,SFO,A,W,21,13,,1,10,0,0,0,0,0,0,0,0,,0,1.0,2.0,4593,False,targets;fum_rec_td,PFR+RULE2PT,19790909-DAL-SFO,False,fum_rec_td,False,True,fum_rec_td,
Doug Cosbie,1979,3,1979-09-16,False,DAL,CHI,H,W,24,20,,0,0,0,0,0,0,0,0,0,0,,0,0.0,0.0,4593,False,targets;fum_rec_td,PFR+RULE2PT,19790916-CHI-DAL,False,fum_rec_td,False,True,fum_rec_td,
Doug Cosbie,1979,4,1979-09-24,False,DAL,CLE,A,L,7,26,,1,7,0,0,0,0,0,0,0,0,,0,0.7,1.7,4593,False,targets;fum_rec_td,PFR+RULE2PT,19790924-DAL-CLE,False,fum_rec_td,False,True,fum_rec_td,
Doug Cosbie,1979,5,1979-09-30,False,DAL,CIN,H,W,38,13,,0,0,0,0,0,0,0,0,0,0,,0,0.0,0.0,4593,False,targets;fum_rec_td,PFR+RULE2PT,19790930-CIN-DAL,False,fum_rec_td,False,True,fum_rec_td,
Doug Cosbie,1979,6,1979-10-07,False,DAL,MIN,A,W,36,20,,0,0,0,0,0,0,0,0,0,0,,0,0.0,0.0,4593,False,targets;fum_rec_td,PFR+RULE2PT,19791007-DAL-MIN,False,fum_rec_td,False,True,fum_rec_td,
Doug Cosbie,1979,7,1979-10-14,False,DAL,RAM,H,W,30,6,,0,0,0,0,0,0,0,0,0,0,,0,0.0,0.0,4593,False,targets;fum_rec_td,PFR+RULE2PT,19791014-RAM-DAL,False,fum_rec_td,False,True,fum_rec_td,
Doug Cosbie,1979,8,1979-10-21,False,DAL,STL,H,W,22,13,,0,0,0,0,0,0,0,0,0,0,,0,0.0,0.0,4593,False,targets;fum_rec_td,PFR+RULE2PT,19791021-STL-DAL,False,fum_rec_td,False,True,fum_rec_td,
Doug Cosbie,1979,9,1979-10-28,False,DAL,PIT,A,L,3,14,,0,0,0,0,0,0,0,0,0,0,,0,0.0,0.0,4593,False,targets;fum_rec_td,PFR+RULE2PT,19791028-DAL-PIT,False,fum_rec_td,False,True,fum_rec_td,
Doug Cosbie,1979,10,1979-11-04,False,DAL,NYG,A,W,16,14,,0,0,0,0,0,0,0,0,0,0,,0,0.0,0.0,4593,False,targets;fum_rec_td,PFR+RULE2PT,19791104-DAL-NYG,False,fum_rec_td,False,True,fum_rec_td,
Doug Cosbie,1979,11,1979-11-12,False,DAL,PHI,H,L,21,31,,0,0,0,0,0,0,0,0,0,0,,0,0.0,0.0,4593,False,targets;fum_rec_td,PFR+RULE2PT,19791112-PHI-DAL,False,fum_rec_td,False,True,fum_rec_td,
Doug Cosbie,1979,12,1979-11-18,False,DAL,WAS,A,L,20,34,,0,0,0,0,0,0,0,0,0,0,,0,0.0,0.0,4593,False,targets;fum_rec_td,PFR+RULE2PT,19791118-DAL-WAS,False,fum_rec_td,False,True,fum_rec_td,
Doug Cosbie,1979,13,1979-11-22,False,DAL,HOU,H,L,24,30,,1,7,0,0,0,0,0,0,0,0,,0,0.7,1.7,4593,False,targets;fum_rec_td,PFR+RULE2PT,19791122-HOU-DAL,False,fum_rec_td,False,True,fum_rec_td,
Doug Cosbie,1979,14,1979-12-02,False,DAL,NYG,H,W,28,7,,0,0,0,0,0,0,0,0,0,0,,0,0.0,0.0,4593,False,targets;fum_rec_td,PFR+RULE2PT,19791202-NYG-DAL,False,fum_rec_td,False,True,fum_rec_td,
Doug Cosbie,1979,15,1979-12-08,False,DAL,PHI,A,W,24,17,,0,0,0,0,0,0,0,0,0,0,,0,0.0,0.0,4593,False,targets;fum_rec_td,PFR+RULE2PT,19791208-DAL-PHI,False,fum_rec_td,False,True,fum_rec_td,
Doug Cosbie,1979,16,1979-12-16,False,DAL,WAS,H,W,35,34,,0,0,0,0,0,0,0,0,0,0,,0,0.0,0.0,4593,False,targets;fum_rec_td,PFR+RULE2PT,19791216-WAS-DAL,False,fum_rec_td,False,True,fum_rec_td,
Doug Cosbie,1979,17,1979-12-30,True,DAL,RAM,H,L,19,21,,0,0,0,0,0,0,0,0,0,0,,0,0.0,0.0,4593,False,targets;fum_rec_td,PFR+RULE2PT,19791230-RAM-DAL,False,fum_rec_td,False,True,fum_rec_td,
Dan Ross,1979,1,1979-09-02,False,CIN,DEN,A,L,0,10,,3,43,0,0,0,0,0,0,0,0,,0,4.3,7.3,19111,False,targets;fum_rec_td,PFR+RULE2PT,19790902-CIN-DEN,False,fum_rec_td,False,True,fum_rec_td,
Dan Ross,1979,2,1979-09-09,False,CIN,BUF,A,L,24,51,,0,0,0,0,0,0,0,0,0,0,,0,0.0,0.0,19111,False,targets;fum_rec_td,PFR+RULE2PT,19790909-CIN-BUF,False,fum_rec_td,False,True,fum_rec_td,
Dan Ross,1979,3,1979-09-16,False,CIN,NWE,H,L,14,20,,1,30,0,0,0,0,0,0,0,0,,0,3.0,4.0,19111,False,targets;fum_rec_td,PFR+RULE2PT,19790916-NWE-CIN,False,fum_rec_td,False,True,fum_rec_td,
Dan Ross,1979,4,1979-09-23,False,CIN,HOU,H,L,27,30,,1,12,0,0,0,0,0,0,0,0,,0,1.2,2.2,19111,False,targets;fum_rec_td,PFR+RULE2PT,19790923-HOU-CIN,False,fum_rec_td,False,True,fum_rec_td,
Dan Ross,1979,5,1979-09-30,False,CIN,DAL,A,L,13,38,,1,18,0,0,0,0,0,0,0,0,,0,1.8,2.8,19111,False,targets;fum_rec_td,PFR+RULE2PT,19790930-CIN-DAL,False,fum_rec_td,False,True,fum_rec_td,
Dan Ross,1979,6,1979-10-07,False,CIN,KAN,H,L,7,10,,1,11,0,0,0,0,0,0,0,0,,0,1.1,2.1,19111,False,targets;fum_rec_td,PFR+RULE2PT,19791007-KAN-CIN,False,fum_rec_td,False,True,fum_rec_td,
Dan Ross,1979,7,1979-10-14,False,CIN,PIT,H,W,34,10,,2,21,1,0,0,0,0,0,0,0,,0,8.1,10.1,19111,False,targets;fum_rec_td,PFR+RULE2PT,19791014-PIT-CIN,False,fum_rec_td,False,True,fum_rec_td,
Dan Ross,1979,8,1979-10-21,False,CIN,CLE,A,L,27,28,,5,72,0,0,0,0,0,0,0,0,,0,7.2,12.2,19111,False,targets;fum_rec_td,PFR+RULE2PT,19791021-CIN-CLE,False,fum_rec_td,False,True,fum_rec_td,
Dan Ross,1979,9,1979-10-28,False,CIN,PHI,H,W,37,13,,1,9,0,0,0,0,0,0,0,0,,0,0.9,1.9,19111,False,targets;fum_rec_td,PFR+RULE2PT,19791028-PHI-CIN,False,fum_rec_td,False,True,fum_rec_td,
Dan Ross,1979,10,1979-11-04,False,CIN,BAL,A,L,28,38,,5,102,0,0,0,0,0,0,0,0,,0,10.2,15.2,19111,False,targets;fum_rec_td,PFR+RULE2PT,19791104-CIN-BAL,False,fum_rec_td,False,True,fum_rec_td,
Dan Ross,1979,11,1979-11-11,False,CIN,SDG,H,L,24,26,,0,0,0,0,0,0,0,0,0,0,,0,0.0,0.0,19111,False,targets;fum_rec_td,PFR+RULE2PT,19791111-SDG-CIN,False,fum_rec_td,False,True,fum_rec_td,
Dan Ross,1979,12,1979-11-18,False,CIN,HOU,A,L,21,42,,2,23,0,0,0,0,0,0,0,0,,0,2.3,4.3,19111,False,targets;fum_rec_td,PFR+RULE2PT,19791118-CIN-HOU,False,fum_rec_td,False,True,fum_rec_td,
Dan Ross,1979,13,1979-11-25,False,CIN,STL,H,W,34,28,,5,46,0,0,0,0,0,0,0,0,,0,4.6,9.6,19111,False,targets;fum_rec_td,PFR+RULE2PT,19791125-STL-CIN,False,fum_rec_td,False,True,fum_rec_td,
Dan Ross,1979,14,1979-12-02,False,CIN,PIT,A,L,17,37,,5,46,0,0,0,0,0,0,0,0,,0,4.6,9.6,19111,False,targets;fum_rec_td,PFR+RULE2PT,19791202-CIN-PIT,False,fum_rec_td,False,True,fum_rec_td,
Dan Ross,1979,15,1979-12-09,False,CIN,WAS,A,L,14,28,,5,54,0,0,0,0,0,0,0,0,,0,5.4,10.4,19111,False,targets;fum_rec_td,PFR+RULE2PT,19791209-CIN-WAS,False,fum_rec_td,False,True,fum_rec_td,
Dan Ross,1979,16,1979-12-16,False,CIN,CLE,H,W,16,12,,4,29,0,0,0,0,0,0,0,0,,0,2.9,6.9,19111,False,targets;fum_rec_td,PFR+RULE2PT,19791216-CLE-CIN,False,fum_rec_td,False,True,fum_rec_td,
Henry Childs,1974,1,1974-09-15,False,ATL,DAL,H,L,0,24,,0,0,0,0,0,0,0,0,0,0,,0,0.0,0.0,3849,False,targets;fum_rec_td,PFR+RULE2PT,19740915-DAL-ATL,False,fum_rec_td,False,True,fum_rec_td,
Henry Childs,1974,2,1974-09-22,False,ATL,SFO,H,L,10,16,,0,0,0,0,0,0,0,0,0,0,,0,0.0,0.0,3849,False,targets;fum_rec_td,PFR+RULE2PT,19740922-SFO-ATL,False,fum_rec_td,False,True,fum_rec_td,
Henry Childs,1974,3,1974-09-29,False,ATL,NOR,A,L,13,14,,0,0,0,0,0,0,0,0,0,0,,0,0.0,0.0,3849,False,targets;fum_rec_td,PFR+RULE2PT,19740929-ATL-NOR,False,fum_rec_td,False,True,fum_rec_td,
Henry Childs,1974,4,1974-10-06,False,ATL,NYG,A,W,14,7,,0,0,0,0,0,0,0,0,0,0,,0,0.0,0.0,3849,False,targets;fum_rec_td,PFR+RULE2PT,19741006-ATL-NYG,False,fum_rec_td,False,True,fum_rec_td,
Henry Childs,1974,5,1974-10-13,False,ATL,CHI,H,W,13,10,,0,0,0,0,0,0,0,0,0,0,,0,0.0,0.0,3849,False,targets;fum_rec_td,PFR+RULE2PT,19741013-CHI-ATL,False,fum_rec_td,False,True,fum_rec_td,
Henry Childs,1974,6,1974-10-20,False,ATL,NOR,H,L,3,13,,0,0,0,0,0,0,0,0,0,0,,0,0.0,0.0,3849,False,targets;fum_rec_td,PFR+RULE2PT,19741020-NOR-ATL,False,fum_rec_td,False,True,fum_rec_td,
Henry Childs,1974,14,1974-12-15,False,NOR,SFO,A,L,21,35,,0,0,0,0,0,0,0,0,0,0,,0,0.0,0.0,3849,False,targets;fum_rec_td,PFR+RULE2PT,19741215-NOR-SFO,False,fum_rec_td,False,True,fum_rec_td,
Henry Childs,1975,1,1975-09-21,False,NOR,WAS,A,L,3,41,,0,0,0,0,0,0,0,0,0,0,,0,0.0,0.0,3849,False,targets;fum_rec_td,PFR+RULE2PT,19750921-NOR-WAS,False,fum_rec_td,False,True,fum_rec_td,
Henry Childs,1975,2,1975-09-28,False,NOR,CIN,H,L,0,21,,1,12,0,0,0,0,0,0,0,0,,0,1.2,2.2,3849,False,targets;fum_rec_td,PFR+RULE2PT,19750928-CIN-NOR,False,fum_rec_td,False,True,fum_rec_td,
Henry Childs,1975,3,1975-10-05,False,NOR,ATL,A,L,7,14,,0,0,0,0,0,0,0,0,0,0,,0,0.0,0.0,3849,False,targets;fum_rec_td,PFR+RULE2PT,19751005-NOR-ATL,False,fum_rec_td,False,True,fum_rec_td,
Henry Childs,1975,4,1975-10-12,False,NOR,GNB,H,W,20,19,,0,0,0,0,0,0,0,0,0,0,,0,0.0,0.0,3849,False,targets;fum_rec_td,PFR+RULE2PT,19751012-GNB-NOR,False,fum_rec_td,False,True,fum_rec_td,
Henry Childs,1975,5,1975-10-19,False,NOR,SFO,A,L,21,35,,1,31,0,0,0,0,0,0,0,0,,0,3.1,4.1,3849,False,targets;fum_rec_td,PFR+RULE2PT,19751019-NOR-SFO,False,fum_rec_td,False,True,fum_rec_td,
Henry Childs,1975,6,1975-10-26,False,NOR,RAM,A,L,14,38,,1,21,0,0,0,0,0,0,0,0,,0,2.1,3.1,3849,False,targets;fum_rec_td,PFR+RULE2PT,19751026-NOR-RAM,False,fum_rec_td,False,True,fum_rec_td,
Henry Childs,1975,7,1975-11-02,False,NOR,ATL,H,W,23,7,,0,0,0,0,0,0,0,0,0,0,,0,0.0,0.0,3849,False,targets;fum_rec_td,PFR+RULE2PT,19751102-ATL-NOR,False,fum_rec_td,False,True,fum_rec_td,
Henry Childs,1975,8,1975-11-09,False,NOR,OAK,A,L,10,48,,0,0,0,0,0,0,0,0,0,0,,0,0.0,0.0,3849,False,targets;fum_rec_td,PFR+RULE2PT,19751109-NOR-OAK,False,fum_rec_td,False,True,fum_rec_td,
Henry Childs,1975,9,1975-11-16,False,NOR,MIN,H,L,7,20,,0,0,0,0,0,0,0,0,0,0,,0,0.0,0.0,3849,False,targets;fum_rec_td,PFR+RULE2PT,19751116-MIN-NOR,False,fum_rec_td,False,True,fum_rec_td,
Henry Childs,1975,10,1975-11-23,False,NOR,SFO,H,L,6,16,,1,8,0,0,0,0,0,0,0,0,,0,0.8,1.8,3849,False,targets;fum_rec_td,PFR+RULE2PT,19751123-SFO-NOR,False,fum_rec_td,False,True,fum_rec_td,
Henry Childs,1975,11,1975-11-30,False,NOR,CLE,A,L,16,17,,0,0,0,0,0,0,0,0,0,0,,0,0.0,0.0,3849,False,targets;fum_rec_td,PFR+RULE2PT,19751130-NOR-CLE,False,fum_rec_td,False,True,fum_rec_td,
Henry Childs,1975,12,1975-12-07,False,NOR,RAM,H,L,7,14,,2,40,0,0,0,0,0,0,0,0,,0,4.0,6.0,3849,False,targets;fum_rec_td,PFR+RULE2PT,19751207-RAM-NOR,False,fum_rec_td,False,True,fum_rec_td,
Henry Childs,1975,13,1975-12-14,False,NOR,NYG,A,L,14,28,,0,0,0,0,0,0,0,0,0,0,,0,0.0,0.0,3849,False,targets;fum_rec_td,PFR+RULE2PT,19751214-NOR-NYG,False,fum_rec_td,False,True,fum_rec_td,
Henry Childs,1975,14,1975-12-21,False,NOR,CHI,H,L,17,42,,4,67,0,0,0,0,0,0,0,0,,0,6.7,10.7,3849,False,targets;fum_rec_td,PFR+RULE2PT,19751221-CHI-NOR,False,fum_rec_td,False,True,fum_rec_td,
Henry Childs,1976,1,1976-09-12,False,NOR,MIN,H,L,9,40,,1,5,0,0,0,0,0,0,0,0,,0,0.5,1.5,3849,False,targets;fum_rec_td,PFR+RULE2PT,19760912-MIN-NOR,False,fum_rec_td,False,True,fum_rec_td,
Henry Childs,1976,2,1976-09-19,False,NOR,DAL,H,L,6,24,,2,42,0,0,0,0,0,0,0,0,,0,4.2,6.2,3849,False,targets;fum_rec_td,PFR+RULE2PT,19760919-DAL-NOR,False,fum_rec_td,False,True,fum_rec_td,
Henry Childs,1976,3,1976-09-26,False,NOR,KAN,A,W,27,17,,2,18,1,0,0,0,0,0,0,0,,0,7.8,9.8,3849,False,targets;fum_rec_td,PFR+RULE2PT,19760926-NOR-KAN,False,fum_rec_td,False,True,fum_rec_td,
Henry Childs,1976,4,1976-10-03,False,NOR,HOU,H,L,26,31,,1,4,1,0,0,0,0,0,0,0,,0,6.4,7.4,3849,False,targets;fum_rec_td,PFR+RULE2PT,19761003-HOU-NOR,False,fum_rec_td,False,True,fum_rec_td,
Henry Childs,1976,5,1976-10-10,False,NOR,ATL,H,W,30,0,,3,22,0,0,0,0,0,0,0,0,,0,2.2,5.2,3849,False,targets;fum_rec_td,PFR+RULE2PT,19761010-ATL-NOR,False,fum_rec_td,False,True,fum_rec_td,
Henry Childs,1976,6,1976-10-17,False,NOR,SFO,A,L,3,33,,1,15,0,0,0,0,0,0,0,0,,0,1.5,2.5,3849,False,targets;fum_rec_td,PFR+RULE2PT,19761017-NOR-SFO,False,fum_rec_td,False,True,fum_rec_td,
Henry Childs,1976,7,1976-10-24,False,NOR,RAM,H,L,10,16,,6,85,0,0,0,0,0,0,0,0,,0,8.5,14.5,3849,False,targets;fum_rec_td,PFR+RULE2PT,19761024-RAM-NOR,False,fum_rec_td,False,True,fum_rec_td,
Henry Childs,1976,8,1976-10-31,False,NOR,ATL,A,L,20,23,,3,25,0,1,16,1,0,0,0,0,,0,10.1,13.1,3849,False,targets;fum_rec_td,PFR+RULE2PT,19761031-NOR-ATL,False,fum_rec_td,False,True,fum_rec_td,
Henry Childs,1976,9,1976-11-07,False,NOR,GNB,A,L,27,32,,1,9,0,0,0,0,0,0,0,0,,0,0.9,1.9,3849,False,targets;fum_rec_td,PFR+RULE2PT,19761107-NOR-GNB,False,fum_rec_td,False,True,fum_rec_td,
Henry Childs,1976,10,1976-11-14,False,NOR,DET,H,W,17,16,,0,0,0,0,0,0,0,0,0,0,,0,0.0,0.0,3849,False,targets;fum_rec_td,PFR+RULE2PT,19761114-DET-NOR,False,fum_rec_td,False,True,fum_rec_td,
Henry Childs,1976,11,1976-11-21,False,NOR,SEA,A,W,51,27,,2,34,0,0,0,0,0,0,0,0,,0,3.4,5.4,3849,False,targets;fum_rec_td,PFR+RULE2PT,19761121-NOR-SEA,False,fum_rec_td,False,True,fum_rec_td,
Henry Childs,1976,12,1976-11-28,False,NOR,RAM,A,L,14,33,,0,0,0,0,0,0,0,0,0,0,,0,0.0,0.0,3849,False,targets;fum_rec_td,PFR+RULE2PT,19761128-NOR-RAM,False,fum_rec_td,False,True,fum_rec_td,
Henry Childs,1976,13,1976-12-05,False,NOR,NWE,A,L,6,27,,1,3,0,0,0,0,0,0,0,0,,0,0.3,1.3,3849,False,targets;fum_rec_td,PFR+RULE2PT,19761205-NOR-NWE,False,fum_rec_td,False,True,fum_rec_td,
Henry Childs,1976,14,1976-12-12,False,NOR,SFO,H,L,7,27,,3,87,1,0,0,0,0,0,0,0,,0,14.7,17.7,3849,False,targets;fum_rec_td,PFR+RULE2PT,19761212-SFO-NOR,False,fum_rec_td,False,True,fum_rec_td,
Henry Childs,1977,1,1977-09-18,False,NOR,GNB,H,L,20,24,,5,83,1,0,0,0,0,0,0,0,,0,14.3,19.3,3849,False,targets;fum_rec_td,PFR+RULE2PT,19770918-GNB-NOR,False,fum_rec_td,False,True,fum_rec_td,
Henry Childs,1977,3,1977-10-02,False,NOR,CHI,A,W,42,24,,0,0,0,0,0,0,0,0,0,0,,0,0.0,0.0,3849,False,targets;fum_rec_td,PFR+RULE2PT,19771002-NOR-CHI,False,fum_rec_td,False,True,fum_rec_td,
Henry Childs,1977,4,1977-10-09,False,NOR,SDG,H,L,0,14,,1,19,0,0,0,0,0,0,0,0,,0,1.9,2.9,3849,False,targets;fum_rec_td,PFR+RULE2PT,19771009-SDG-NOR,False,fum_rec_td,False,True,fum_rec_td,
Henry Childs,1977,5,1977-10-16,False,NOR,RAM,A,L,7,14,,3,32,1,0,0,0,0,0,0,0,,0,9.2,12.2,3849,False,targets;fum_rec_td,PFR+RULE2PT,19771016-NOR-RAM,False,fum_rec_td,False,True,fum_rec_td,
Henry Childs,1977,6,1977-10-23,False,NOR,STL,A,L,31,49,,3,79,2,0,0,0,0,0,0,0,,0,19.9,22.9,3849,False,targets;fum_rec_td,PFR+RULE2PT,19771023-NOR-STL,False,fum_rec_td,False,True,fum_rec_td,
Henry Childs,1977,7,1977-10-30,False,NOR,RAM,H,W,27,26,,3,42,0,0,0,0,0,0,0,0,,0,4.2,7.2,3849,False,targets;fum_rec_td,PFR+RULE2PT,19771030-RAM-NOR,False,fum_rec_td,False,True,fum_rec_td,
Henry Childs,1977,8,1977-11-06,False,NOR,PHI,A,L,7,28,,2,15,1,0,0,0,0,0,0,0,,0,7.5,9.5,3849,False,targets;fum_rec_td,PFR+RULE2PT,19771106-NOR-PHI,False,fum_rec_td,False,True,fum_rec_td,
Henry Childs,1977,9,1977-11-13,False,NOR,SFO,H,L,7,10,,1,31,0,0,0,0,0,0,0,0,,0,3.1,4.1,3849,False,targets;fum_rec_td,PFR+RULE2PT,19771113-SFO-NOR,False,fum_rec_td,False,True,fum_rec_td,
Henry Childs,1977,10,1977-11-20,False,NOR,ATL,H,W,21,20,,2,29,2,0,0,0,0,0,0,0,,0,14.9,16.9,3849,False,targets;fum_rec_td,PFR+RULE2PT,19771120-ATL-NOR,False,fum_rec_td,False,True,fum_rec_td,
Henry Childs,1977,11,1977-11-27,False,NOR,SFO,A,L,17,20,,2,28,0,0,0,0,0,0,0,0,,0,2.8,4.8,3849,False,targets;fum_rec_td,PFR+RULE2PT,19771127-NOR-SFO,False,fum_rec_td,False,True,fum_rec_td,
Henry Childs,1977,12,1977-12-04,False,NOR,NYJ,H,L,13,16,,5,71,1,0,0,0,0,0,0,0,,0,13.1,18.1,3849,False,targets;fum_rec_td,PFR+RULE2PT,19771204-NYJ-NOR,False,fum_rec_td,False,True,fum_rec_td,
Henry Childs,1977,13,1977-12-11,False,NOR,TAM,H,L,14,33,,3,30,0,0,0,0,0,0,0,0,,0,3.0,6.0,3849,False,targets;fum_rec_td,PFR+RULE2PT,19771211-TAM-NOR,False,fum_rec_td,False,True,fum_rec_td,
Henry Childs,1977,14,1977-12-18,False,NOR,ATL,A,L,7,35,,3,59,1,0,0,0,0,0,0,0,,0,11.9,14.9,3849,False,targets;fum_rec_td,PFR+RULE2PT,19771218-NOR-ATL,False,fum_rec_td,False,True,fum_rec_td,
Henry Childs,1978,1,1978-09-03,False,NOR,MIN,H,W,31,24,,2,59,0,0,0,0,0,0,0,0,,0,5.9,7.9,3849,False,targets;fum_rec_td,PFR+RULE2PT,19780903-MIN-NOR,False,fum_rec_td,False,True,fum_rec_td,
Henry Childs,1978,2,1978-09-10,False,NOR,GNB,A,L,17,28,,3,44,0,1,-3,0,0,0,0,0,,0,4.1,7.1,3849,False,targets;fum_rec_td,PFR+RULE2PT,19780910-NOR-GNB,False,fum_rec_td,False,True,fum_rec_td,
Henry Childs,1978,3,1978-09-17,False,NOR,PHI,H,L,17,24,,1,17,0,0,0,0,0,0,0,0,,0,1.7,2.7,3849,False,targets;fum_rec_td,PFR+RULE2PT,19780917-PHI-NOR,False,fum_rec_td,False,True,fum_rec_td,
Henry Childs,1978,4,1978-09-24,False,NOR,CIN,A,W,20,18,,3,81,0,0,0,0,0,0,0,0,,0,8.1,11.1,3849,False,targets;fum_rec_td,PFR+RULE2PT,19780924-NOR-CIN,False,fum_rec_td,False,True,fum_rec_td,
Henry Childs,1978,5,1978-10-01,False,NOR,RAM,H,L,20,26,,4,67,0,0,0,0,0,0,0,0,,0,6.7,10.7,3849,False,targets;fum_rec_td,PFR+RULE2PT,19781001-RAM-NOR,False,fum_rec_td,False,True,fum_rec_td,
Henry Childs,1978,6,1978-10-08,False,NOR,CLE,H,L,16,24,,7,86,0,0,0,0,0,0,0,0,,0,8.6,15.6,3849,False,targets;fum_rec_td,PFR+RULE2PT,19781008-CLE-NOR,False,fum_rec_td,False,True,fum_rec_td,
Henry Childs,1978,7,1978-10-15,False,NOR,SFO,A,W,14,7,,0,0,0,0,0,0,0,0,0,0,,0,0.0,0.0,3849,False,targets;fum_rec_td,PFR+RULE2PT,19781015-NOR-SFO,False,fum_rec_td,False,True,fum_rec_td,
Henry Childs,1978,8,1978-10-22,False,NOR,RAM,A,W,10,3,,4,60,0,0,0,0,0,0,0,0,,0,6.0,10.0,3849,False,targets;fum_rec_td,PFR+RULE2PT,19781022-NOR-RAM,False,fum_rec_td,False,True,fum_rec_td,
Henry Childs,1978,9,1978-10-29,False,NOR,NYG,H,W,28,17,,3,32,2,0,0,0,0,0,0,0,,0,15.2,18.2,3849,False,targets;fum_rec_td,PFR+RULE2PT,19781029-NYG-NOR,False,fum_rec_td,False,True,fum_rec_td,
Henry Childs,1978,10,1978-11-05,False,NOR,PIT,A,L,14,20,,6,94,0,0,0,0,0,0,0,0,,0,9.4,15.4,3849,False,targets;fum_rec_td,PFR+RULE2PT,19781105-NOR-PIT,False,fum_rec_td,False,True,fum_rec_td,
Henry Childs,1978,11,1978-11-12,False,NOR,ATL,H,L,17,20,,2,27,1,0,0,0,0,0,0,0,,0,8.7,10.7,3849,False,targets;fum_rec_td,PFR+RULE2PT,19781112-ATL-NOR,False,fum_rec_td,False,True,fum_rec_td,
Henry Childs,1978,12,1978-11-19,False,NOR,DAL,A,L,7,27,,4,42,0,0,0,0,0,0,0,0,,0,4.2,8.2,3849,False,targets;fum_rec_td,PFR+RULE2PT,19781119-NOR-DAL,False,fum_rec_td,False,True,fum_rec_td,
Henry Childs,1978,13,1978-11-26,False,NOR,ATL,A,L,17,20,,3,100,0,0,0,0,0,0,0,0,,0,10.0,13.0,3849,False,targets;fum_rec_td,PFR+RULE2PT,19781126-NOR-ATL,False,fum_rec_td,False,True,fum_rec_td,
Henry Childs,1978,14,1978-12-03,False,NOR,SFO,H,W,24,13,,0,0,0,0,0,0,0,0,0,0,,0,0.0,0.0,3849,False,targets;fum_rec_td,PFR+RULE2PT,19781203-SFO-NOR,False,fum_rec_td,False,True,fum_rec_td,
Henry Childs,1978,15,1978-12-10,False,NOR,HOU,H,L,12,17,,5,80,0,1,-1,0,0,0,0,0,,0,7.9,12.9,3849,False,targets;fum_rec_td,PFR+RULE2PT,19781210-HOU-NOR,False,fum_rec_td,False,True,fum_rec_td,
Henry Childs,1978,16,1978-12-17,False,NOR,TAM,A,W,17,10,,6,80,1,0,0,0,0,0,0,0,,0,14.0,20.0,3849,False,targets;fum_rec_td,PFR+RULE2PT,19781217-NOR-TAM,False,fum_rec_td,False,True,fum_rec_td,
Henry Childs,1979,1,1979-09-02,False,NOR,ATL,H,L,34,40,,4,51,0,0,0,0,0,0,0,0,,0,5.1,9.1,3849,False,targets;fum_rec_td,PFR+RULE2PT,19790902-ATL-NOR,False,fum_rec_td,False,True,fum_rec_td,
Henry Childs,1979,2,1979-09-09,False,NOR,GNB,A,L,19,28,,7,112,1,0,0,0,0,0,0,0,,0,17.2,24.2,3849,False,targets;fum_rec_td,PFR+RULE2PT,19790909-NOR-GNB,False,fum_rec_td,False,True,fum_rec_td,
Henry Childs,1979,3,1979-09-16,False,NOR,PHI,H,L,14,26,,3,35,0,0,0,0,0,0,0,0,,0,3.5,6.5,3849,False,targets;fum_rec_td,PFR+RULE2PT,19790916-PHI-NOR,False,fum_rec_td,False,True,fum_rec_td,
Henry Childs,1979,4,1979-09-23,False,NOR,SFO,A,W,30,21,,2,68,0,0,0,0,0,0,0,0,,0,6.8,8.8,3849,False,targets;fum_rec_td,PFR+RULE2PT,19790923-NOR-SFO,False,fum_rec_td,False,True,fum_rec_td,
Henry Childs,1979,5,1979-09-30,False,NOR,NYG,H,W,24,14,,3,37,0,0,0,0,0,0,0,0,,0,3.7,6.7,3849,False,targets;fum_rec_td,PFR+RULE2PT,19790930-NYG-NOR,False,fum_rec_td,False,True,fum_rec_td,
Henry Childs,1979,6,1979-10-07,False,NOR,RAM,H,L,17,35,,5,34,1,0,0,0,0,0,0,0,,0,9.4,14.4,3849,False,targets;fum_rec_td,PFR+RULE2PT,19791007-RAM-NOR,False,fum_rec_td,False,True,fum_rec_td,
Henry Childs,1979,7,1979-10-14,False,NOR,TAM,A,W,42,14,,2,24,1,0,0,0,0,0,0,0,,0,8.4,10.4,3849,False,targets;fum_rec_td,PFR+RULE2PT,19791014-NOR-TAM,False,fum_rec_td,False,True,fum_rec_td,
Henry Childs,1979,8,1979-10-21,False,NOR,DET,H,W,17,7,,1,-1,0,0,0,0,0,0,0,0,,0,-0.1,0.9,3849,False,targets;fum_rec_td,PFR+RULE2PT,19791021-DET-NOR,False,fum_rec_td,False,True,fum_rec_td,
Henry Childs,1979,9,1979-10-28,False,NOR,WAS,A,W,14,10,,2,19,0,0,0,0,0,0,0,0,,0,1.9,3.9,3849,False,targets;fum_rec_td,PFR+RULE2PT,19791028-NOR-WAS,False,fum_rec_td,False,True,fum_rec_td,
Henry Childs,1979,10,1979-11-04,False,NOR,DEN,A,L,3,10,,4,37,0,0,0,0,0,0,0,0,,0,3.7,7.7,3849,False,targets;fum_rec_td,PFR+RULE2PT,19791104-NOR-DEN,False,fum_rec_td,False,True,fum_rec_td,
Henry Childs,1979,11,1979-11-11,False,NOR,SFO,H,W,31,20,,3,56,0,0,0,0,0,0,0,0,,0,5.6,8.6,3849,False,targets;fum_rec_td,PFR+RULE2PT,19791111-SFO-NOR,False,fum_rec_td,False,True,fum_rec_td,
Henry Childs,1979,12,1979-11-18,False,NOR,SEA,A,L,24,38,,6,121,0,0,0,0,0,0,0,0,,0,12.1,18.1,3849,False,targets;fum_rec_td,PFR+RULE2PT,19791118-NOR-SEA,False,fum_rec_td,False,True,fum_rec_td,
Henry Childs,1979,13,1979-11-25,False,NOR,ATL,A,W,37,6,,3,117,1,0,0,0,0,0,0,0,,0,17.7,20.7,3849,False,targets;fum_rec_td,PFR+RULE2PT,19791125-NOR-ATL,False,fum_rec_td,False,True,fum_rec_td,
Henry Childs,1979,14,1979-12-03,False,NOR,OAK,H,L,35,42,,1,28,1,0,0,0,0,0,0,0,,0,8.8,9.8,3849,False,targets;fum_rec_td,PFR+RULE2PT,19791203-OAK-NOR,False,fum_rec_td,False,True,fum_rec_td,
Henry Childs,1979,15,1979-12-09,False,NOR,SDG,H,L,0,35,,3,46,0,0,0,0,0,0,0,0,,0,4.6,7.6,3849,False,targets;fum_rec_td,PFR+RULE2PT,19791209-SDG-NOR,False,fum_rec_td,False,True,fum_rec_td,
Henry Childs,1979,16,1979-12-16,False,NOR,RAM,A,W,29,14,,2,62,0,0,0,0,0,0,0,0,,0,6.2,8.2,3849,False,targets;fum_rec_td,PFR+RULE2PT,19791216-NOR-RAM,False,fum_rec_td,False,True,fum_rec_td,
Tom Mitchell,1970,1,1970-09-20,False,BAL,SDG,A,W,16,14,,1,24,0,0,0,0,0,0,0,0,,0,2.4,3.4,15518,False,targets;fum_rec_td,PFR+RULE2PT,19700920-BAL-SDG,False,fum_rec_td,False,True,fum_rec_td,
Tom Mitchell,1970,2,1970-09-28,False,BAL,KAN,H,L,24,44,,1,2,1,0,0,0,0,0,0,0,,0,6.2,7.2,15518,False,targets;fum_rec_td,PFR+RULE2PT,19700928-KAN-BAL,False,fum_rec_td,False,True,fum_rec_td,
Tom Mitchell,1970,3,1970-10-04,False,BAL,BOS,A,W,14,6,,0,0,0,0,0,0,0,0,0,0,,0,0.0,0.0,15518,False,targets;fum_rec_td,PFR+RULE2PT,19701004-BAL-BOS,False,fum_rec_td,False,True,fum_rec_td,
Tom Mitchell,1970,4,1970-10-11,False,BAL,HOU,A,W,24,20,,0,0,0,0,0,0,0,0,0,0,,0,0.0,0.0,15518,False,targets;fum_rec_td,PFR+RULE2PT,19701011-BAL-HOU,False,fum_rec_td,False,True,fum_rec_td,
Tom Mitchell,1970,5,1970-10-18,False,BAL,NYJ,A,W,29,22,,2,29,1,0,0,0,0,0,0,0,,0,8.9,10.9,15518,False,targets;fum_rec_td,PFR+RULE2PT,19701018-BAL-NYJ,False,fum_rec_td,False,True,fum_rec_td,
Tom Mitchell,1970,6,1970-10-25,False,BAL,BOS,H,W,27,3,,2,23,0,0,0,0,0,0,0,0,,0,2.3,4.3,15518,False,targets;fum_rec_td,PFR+RULE2PT,19701025-BOS-BAL,False,fum_rec_td,False,True,fum_rec_td,
Tom Mitchell,1970,7,1970-11-01,False,BAL,MIA,H,W,35,0,,1,15,1,0,0,0,0,0,0,0,,0,7.5,8.5,15518,False,targets;fum_rec_td,PFR+RULE2PT,19701101-MIA-BAL,False,fum_rec_td,False,True,fum_rec_td,
Tom Mitchell,1970,8,1970-11-09,False,BAL,GNB,A,W,13,10,,0,0,0,0,0,0,0,0,0,0,,0,0.0,0.0,15518,False,targets;fum_rec_td,PFR+RULE2PT,19701109-BAL-GNB,False,fum_rec_td,False,True,fum_rec_td,
Tom Mitchell,1970,9,1970-11-15,False,BAL,BUF,H,T,17,17,,5,69,0,0,0,0,0,0,0,0,,0,6.9,11.9,15518,False,targets;fum_rec_td,PFR+RULE2PT,19701115-BUF-BAL,False,fum_rec_td,False,True,fum_rec_td,
Tom Mitchell,1970,10,1970-11-22,False,BAL,MIA,A,L,17,34,,4,25,1,0,0,0,0,0,0,0,,0,8.5,12.5,15518,False,targets;fum_rec_td,PFR+RULE2PT,19701122-BAL-MIA,False,fum_rec_td,False,True,fum_rec_td,
Tom Mitchell,1970,11,1970-11-29,False,BAL,CHI,H,W,21,20,,3,30,0,0,0,0,0,0,0,0,,0,3.0,6.0,15518,False,targets;fum_rec_td,PFR+RULE2PT,19701129-CHI-BAL,False,fum_rec_td,False,True,fum_rec_td,
Tom Mitchell,1970,12,1970-12-06,False,BAL,PHI,H,W,29,10,,0,0,0,0,0,0,0,0,0,0,,0,0.0,0.0,15518,False,targets;fum_rec_td,PFR+RULE2PT,19701206-PHI-BAL,False,fum_rec_td,False,True,fum_rec_td,
Tom Mitchell,1970,13,1970-12-13,False,BAL,BUF,A,W,20,14,,0,0,0,0,0,0,0,0,0,0,,0,0.0,0.0,15518,False,targets;fum_rec_td,PFR+RULE2PT,19701213-BAL-BUF,False,fum_rec_td,False,True,fum_rec_td,
Tom Mitchell,1970,14,1970-12-19,False,BAL,NYJ,H,W,35,20,,1,44,0,0,0,0,0,0,0,0,,0,4.4,5.4,15518,False,targets;fum_rec_td,PFR+RULE2PT,19701219-NYJ-BAL,False,fum_rec_td,False,True,fum_rec_td,
Tom Mitchell,1970,15,1970-12-26,True,BAL,CIN,H,W,17,0,,0,0,0,0,0,0,0,0,0,0,,0,0.0,0.0,15518,False,targets;fum_rec_td,PFR+RULE2PT,19701226-CIN-BAL,False,fum_rec_td,False,True,fum_rec_td,
Tom Mitchell,1970,16,1971-01-03,True,BAL,OAK,H,W,27,17,,0,0,0,0,0,0,0,0,0,0,,0,0.0,0.0,15518,False,targets;fum_rec_td,PFR+RULE2PT,19710103-OAK-BAL,False,fum_rec_td,False,True,fum_rec_td,
Tom Mitchell,1970,17,1971-01-17,True,BAL,DAL,N,W,16,13,,0,0,0,0,0,0,0,0,0,0,,0,0.0,0.0,15518,False,targets;fum_rec_td,PFR+RULE2PT,19710117-BAL-DAL-N,False,fum_rec_td,False,True,fum_rec_td,
Tom Mitchell,1971,1,1971-09-19,False,BAL,NYJ,H,W,22,0,,0,0,0,0,0,0,0,0,0,0,,0,0.0,0.0,15518,False,targets;fum_rec_td,PFR+RULE2PT,19710919-NYJ-BAL,False,fum_rec_td,False,True,fum_rec_td,
Tom Mitchell,1971,2,1971-09-26,False,BAL,CLE,H,L,13,14,,0,0,0,0,0,0,0,0,0,0,,0,0.0,0.0,15518,False,targets;fum_rec_td,PFR+RULE2PT,19710926-CLE-BAL,False,fum_rec_td,False,True,fum_rec_td,
Tom Mitchell,1971,3,1971-10-03,False,BAL,NWE,A,W,23,3,,5,56,0,0,0,0,0,0,0,0,,0,5.6,10.6,15518,False,targets;fum_rec_td,PFR+RULE2PT,19711003-BAL-NWE,False,fum_rec_td,False,True,fum_rec_td,
Tom Mitchell,1971,4,1971-10-10,False,BAL,BUF,A,W,43,0,,6,111,0,0,0,0,0,0,0,0,,0,11.1,17.1,15518,False,targets;fum_rec_td,PFR+RULE2PT,19711010-BAL-BUF,False,fum_rec_td,False,True,fum_rec_td,
Tom Mitchell,1971,5,1971-10-17,False,BAL,NYG,A,W,31,7,,1,13,0,1,13,0,0,0,0,0,,0,2.6,3.6,15518,False,targets;fum_rec_td,PFR+RULE2PT,19711017-BAL-NYG,False,fum_rec_td,False,True,fum_rec_td,
Tom Mitchell,1971,6,1971-10-25,False,BAL,MIN,A,L,3,10,,2,16,0,0,0,0,0,0,0,0,,0,1.6,3.6,15518,False,targets;fum_rec_td,PFR+RULE2PT,19711025-BAL-MIN,False,fum_rec_td,False,True,fum_rec_td,
Tom Mitchell,1971,7,1971-10-31,False,BAL,PIT,H,W,34,21,,2,41,0,0,0,0,0,0,0,0,,0,4.1,6.1,15518,False,targets;fum_rec_td,PFR+RULE2PT,19711031-PIT-BAL,False,fum_rec_td,False,True,fum_rec_td,
Tom Mitchell,1971,8,1971-11-08,False,BAL,RAM,H,W,24,17,,2,28,0,0,0,0,0,0,0,0,,0,2.8,4.8,15518,False,targets;fum_rec_td,PFR+RULE2PT,19711108-RAM-BAL,False,fum_rec_td,False,True,fum_rec_td,
Tom Mitchell,1971,9,1971-11-14,False,BAL,NYJ,A,W,14,13,,4,29,0,0,0,0,0,0,0,0,,0,2.9,6.9,15518,False,targets;fum_rec_td,PFR+RULE2PT,19711114-BAL-NYJ,False,fum_rec_td,False,True,fum_rec_td,
Tom Mitchell,1971,10,1971-11-21,False,BAL,MIA,A,L,14,17,,2,16,0,0,0,0,0,0,0,0,,0,1.6,3.6,15518,False,targets;fum_rec_td,PFR+RULE2PT,19711121-BAL-MIA,False,fum_rec_td,False,True,fum_rec_td,
Tom Mitchell,1971,11,1971-11-28,False,BAL,OAK,A,W,37,14,,4,45,0,0,0,0,0,0,0,0,,0,4.5,8.5,15518,False,targets;fum_rec_td,PFR+RULE2PT,19711128-BAL-OAK,False,fum_rec_td,False,True,fum_rec_td,
Tom Mitchell,1971,12,1971-12-05,False,BAL,BUF,H,W,24,0,,1,4,0,1,-4,0,0,0,0,0,,0,0.0,1.0,15518,False,targets;fum_rec_td,PFR+RULE2PT,19711205-BUF-BAL,False,fum_rec_td,False,True,fum_rec_td,
Tom Mitchell,1971,13,1971-12-11,False,BAL,MIA,H,W,14,3,,2,11,0,0,0,0,0,0,0,0,,0,1.1,3.1,15518,False,targets;fum_rec_td,PFR+RULE2PT,19711211-MIA-BAL,False,fum_rec_td,False,True,fum_rec_td,
Tom Mitchell,1971,14,1971-12-19,False,BAL,NWE,H,L,17,21,,2,32,0,0,0,0,0,0,0,0,,0,3.2,5.2,15518,False,targets;fum_rec_td,PFR+RULE2PT,19711219-NWE-BAL,False,fum_rec_td,False,True,fum_rec_td,
Tom Mitchell,1971,15,1971-12-26,True,BAL,CLE,A,W,20,3,,5,73,0,0,0,0,0,0,0,0,,0,7.3,12.3,15518,False,targets;fum_rec_td,PFR+RULE2PT,19711226-BAL-CLE,False,fum_rec_td,False,True,fum_rec_td,
Tom Mitchell,1971,16,1972-01-02,True,BAL,MIA,A,L,0,21,,1,14,0,0,0,0,0,0,0,0,,0,1.4,2.4,15518,False,targets;fum_rec_td,PFR+RULE2PT,19720102-BAL-MIA,False,fum_rec_td,False,True,fum_rec_td,
Tom Mitchell,1972,1,1972-09-17,False,BAL,STL,H,L,3,10,,4,50,0,0,0,0,0,0,0,0,,0,5.0,9.0,15518,False,targets;fum_rec_td,PFR+RULE2PT,19720917-STL-BAL,False,fum_rec_td,False,True,fum_rec_td,
Tom Mitchell,1972,2,1972-09-24,False,BAL,NYJ,H,L,34,44,,8,114,0,0,0,0,0,0,0,0,,0,11.4,19.4,15518,False,targets;fum_rec_td,PFR+RULE2PT,19720924-NYJ-BAL,False,fum_rec_td,False,True,fum_rec_td,
Tom Mitchell,1972,3,1972-10-01,False,BAL,BUF,A,W,17,0,,2,44,1,0,0,0,0,0,0,0,,0,10.4,12.4,15518,False,targets;fum_rec_td,PFR+RULE2PT,19721001-BAL-BUF,False,fum_rec_td,False,True,fum_rec_td,
Tom Mitchell,1972,4,1972-10-08,False,BAL,SDG,H,L,20,23,,3,30,0,0,0,0,0,0,0,0,,0,3.0,6.0,15518,False,targets;fum_rec_td,PFR+RULE2PT,19721008-SDG-BAL,False,fum_rec_td,False,True,fum_rec_td,
Tom Mitchell,1972,5,1972-10-15,False,BAL,DAL,H,L,0,21,,3,38,0,0,0,0,0,0,0,0,,0,3.8,6.8,15518,False,targets;fum_rec_td,PFR+RULE2PT,19721015-DAL-BAL,False,fum_rec_td,False,True,fum_rec_td,
Tom Mitchell,1972,6,1972-10-22,False,BAL,NYJ,A,L,20,24,,3,29,0,0,0,0,0,0,0,0,,0,2.9,5.9,15518,False,targets;fum_rec_td,PFR+RULE2PT,19721022-BAL-NYJ,False,fum_rec_td,False,True,fum_rec_td,
Tom Mitchell,1972,7,1972-10-29,False,BAL,MIA,H,L,0,23,,2,31,0,0,0,0,0,0,0,0,,0,3.1,5.1,15518,False,targets;fum_rec_td,PFR+RULE2PT,19721029-MIA-BAL,False,fum_rec_td,False,True,fum_rec_td,
Tom Mitchell,1972,8,1972-11-06,False,BAL,NWE,A,W,24,17,,3,34,1,0,0,0,0,0,0,0,,0,9.4,12.4,15518,False,targets;fum_rec_td,PFR+RULE2PT,19721106-BAL-NWE,False,fum_rec_td,False,True,fum_rec_td,
Tom Mitchell,1972,9,1972-11-12,False,BAL,SFO,A,L,21,24,,4,55,0,0,0,0,0,0,0,0,,0,5.5,9.5,15518,False,targets;fum_rec_td,PFR+RULE2PT,19721112-BAL-SFO,False,fum_rec_td,False,True,fum_rec_td,
Tom Mitchell,1972,10,1972-11-19,False,BAL,CIN,A,W,20,19,,1,18,0,0,0,0,0,0,0,0,,0,1.8,2.8,15518,False,targets;fum_rec_td,PFR+RULE2PT,19721119-BAL-CIN,False,fum_rec_td,False,True,fum_rec_td,
Tom Mitchell,1972,11,1972-11-26,False,BAL,NWE,H,W,31,0,,1,3,1,0,0,0,0,0,0,0,,0,6.3,7.3,15518,False,targets;fum_rec_td,PFR+RULE2PT,19721126-NWE-BAL,False,fum_rec_td,False,True,fum_rec_td,
Tom Mitchell,1972,12,1972-12-03,False,BAL,BUF,H,W,35,7,,1,9,0,0,0,0,0,0,0,0,,0,0.9,1.9,15518,False,targets;fum_rec_td,PFR+RULE2PT,19721203-BUF-BAL,False,fum_rec_td,False,True,fum_rec_td,
Tom Mitchell,1972,13,1972-12-10,False,BAL,KAN,A,L,10,24,,4,29,1,0,0,0,0,0,0,0,,0,8.9,12.9,15518,False,targets;fum_rec_td,PFR+RULE2PT,19721210-BAL-KAN,False,fum_rec_td,False,True,fum_rec_td,
Tom Mitchell,1972,14,1972-12-16,False,BAL,MIA,A,L,0,16,,1,10,0,0,7,0,0,0,0,0,,0,1.7,2.7,15518,False,targets;fum_rec_td,PFR+RULE2PT,19721216-BAL-MIA,False,fum_rec_td,False,True,fum_rec_td,
Tom Mitchell,1973,1,1973-09-16,False,BAL,CLE,A,L,14,24,,0,0,0,0,0,0,0,0,0,0,,0,0.0,0.0,15518,False,targets;fum_rec_td,PFR+RULE2PT,19730916-BAL-CLE,False,fum_rec_td,False,True,fum_rec_td,
Tom Mitchell,1973,2,1973-09-23,False,BAL,NYJ,H,L,10,34,,3,50,0,0,0,0,0,0,0,0,,0,5.0,8.0,15518,False,targets;fum_rec_td,PFR+RULE2PT,19730923-NYJ-BAL,False,fum_rec_td,False,True,fum_rec_td,
Tom Mitchell,1973,3,1973-09-30,False,BAL,NOR,H,W,14,10,,2,14,1,0,0,0,0,0,0,0,,0,7.4,9.4,15518,False,targets;fum_rec_td,PFR+RULE2PT,19730930-NOR-BAL,False,fum_rec_td,False,True,fum_rec_td,
Tom Mitchell,1973,4,1973-10-07,False,BAL,NWE,A,L,16,24,,0,0,0,0,0,0,0,0,0,0,,0,0.0,0.0,15518,False,targets;fum_rec_td,PFR+RULE2PT,19731007-BAL-NWE,False,fum_rec_td,False,True,fum_rec_td,
Tom Mitchell,1973,5,1973-10-14,False,BAL,BUF,A,L,13,31,,5,59,0,0,0,0,0,0,0,0,,0,5.9,10.9,15518,False,targets;fum_rec_td,PFR+RULE2PT,19731014-BAL-BUF,False,fum_rec_td,False,True,fum_rec_td,
Tom Mitchell,1973,6,1973-10-21,False,BAL,DET,A,W,29,27,,0,0,0,0,0,0,0,0,0,0,,0,0.0,0.0,15518,False,targets;fum_rec_td,PFR+RULE2PT,19731021-BAL-DET,False,fum_rec_td,False,True,fum_rec_td,
Tom Mitchell,1973,7,1973-10-28,False,BAL,OAK,H,L,21,34,,0,0,0,0,0,0,0,0,0,0,,0,0.0,0.0,15518,False,targets;fum_rec_td,PFR+RULE2PT,19731028-OAK-BAL,False,fum_rec_td,False,True,fum_rec_td,
Tom Mitchell,1973,9,1973-11-11,False,BAL,MIA,A,L,0,44,,0,0,0,0,0,0,0,0,0,0,,0,0.0,0.0,15518,False,targets;fum_rec_td,PFR+RULE2PT,19731111-BAL-MIA,False,fum_rec_td,False,True,fum_rec_td,
Tom Mitchell,1973,10,1973-11-18,False,BAL,WAS,A,L,14,22,,4,48,0,0,0,0,0,0,0,0,,0,4.8,8.8,15518,False,targets;fum_rec_td,PFR+RULE2PT,19731118-BAL-WAS,False,fum_rec_td,False,True,fum_rec_td,
Tom Mitchell,1973,11,1973-11-25,False,BAL,BUF,H,L,17,24,,2,44,1,0,0,0,0,0,0,0,,0,10.4,12.4,15518,False,targets;fum_rec_td,PFR+RULE2PT,19731125-BUF-BAL,False,fum_rec_td,False,True,fum_rec_td,
Tom Mitchell,1973,12,1973-12-02,False,BAL,NYJ,A,L,17,20,,1,23,0,0,0,0,0,0,0,0,,0,2.3,3.3,15518,False,targets;fum_rec_td,PFR+RULE2PT,19731202-BAL-NYJ,False,fum_rec_td,False,True,fum_rec_td,
Tom Mitchell,1973,13,1973-12-09,False,BAL,MIA,H,W,16,3,,3,18,1,0,0,0,0,0,0,0,,0,7.8,10.8,15518,False,targets;fum_rec_td,PFR+RULE2PT,19731209-MIA-BAL,False,fum_rec_td,False,True,fum_rec_td,
Tom Mitchell,1973,14,1973-12-16,False,BAL,NWE,H,W,18,13,,5,57,1,0,0,0,0,0,0,0,,0,11.7,16.7,15518,False,targets;fum_rec_td,PFR+RULE2PT,19731216-NWE-BAL,False,fum_rec_td,False,True,fum_rec_td,
Tom Mitchell,1974,1,1974-09-15,False,SFO,NOR,A,W,17,13,,2,33,0,0,0,0,0,0,0,0,,0,3.3,5.3,15518,False,targets;fum_rec_td,PFR+RULE2PT,19740915-SFO-NOR,False,fum_rec_td,False,True,fum_rec_td,
Tom Mitchell,1974,2,1974-09-22,False,SFO,ATL,A,W,16,10,,0,0,0,0,0,0,0,0,0,0,,0,0.0,0.0,15518,False,targets;fum_rec_td,PFR+RULE2PT,19740922-SFO-ATL,False,fum_rec_td,False,True,fum_rec_td,
Tom Mitchell,1974,3,1974-09-29,False,SFO,CIN,H,L,3,21,,2,23,0,0,0,0,0,0,0,0,,0,2.3,4.3,15518,False,targets;fum_rec_td,PFR+RULE2PT,19740929-CIN-SFO,False,fum_rec_td,False,True,fum_rec_td,
Tom Mitchell,1974,4,1974-10-06,False,SFO,STL,H,L,9,34,,1,9,0,0,0,0,0,0,0,0,,0,0.9,1.9,15518,False,targets;fum_rec_td,PFR+RULE2PT,19741006-STL-SFO,False,fum_rec_td,False,True,fum_rec_td,
Tom Mitchell,1974,5,1974-10-14,False,SFO,DET,A,L,13,17,,1,8,0,0,0,0,0,0,0,0,,0,0.8,1.8,15518,False,targets;fum_rec_td,PFR+RULE2PT,19741014-SFO-DET,False,fum_rec_td,False,True,fum_rec_td,
Tom Mitchell,1974,6,1974-10-20,False,SFO,RAM,A,L,14,37,,1,11,0,0,0,0,0,0,0,0,,0,1.1,2.1,15518,False,targets;fum_rec_td,PFR+RULE2PT,19741020-SFO-RAM,False,fum_rec_td,False,True,fum_rec_td,
Tom Mitchell,1974,7,1974-10-27,False,SFO,OAK,H,L,24,35,,3,39,0,0,0,0,0,0,0,0,,0,3.9,6.9,15518,False,targets;fum_rec_td,PFR+RULE2PT,19741027-OAK-SFO,False,fum_rec_td,False,True,fum_rec_td,
Tom Mitchell,1974,8,1974-11-04,False,SFO,RAM,H,L,13,15,,1,17,0,0,0,0,0,0,0,0,,0,1.7,2.7,15518,False,targets;fum_rec_td,PFR+RULE2PT,19741104-RAM-SFO,False,fum_rec_td,False,True,fum_rec_td,
Tom Mitchell,1974,9,1974-11-10,False,SFO,DAL,A,L,14,20,,2,38,0,0,0,0,0,0,0,0,,0,3.8,5.8,15518,False,targets;fum_rec_td,PFR+RULE2PT,19741110-SFO-DAL,False,fum_rec_td,False,True,fum_rec_td,
Tom Mitchell,1974,10,1974-11-17,False,SFO,CHI,A,W,34,0,,0,0,0,0,0,0,0,0,0,0,,0,0.0,0.0,15518,False,targets;fum_rec_td,PFR+RULE2PT,19741117-SFO-CHI,False,fum_rec_td,False,True,fum_rec_td,
Tom Mitchell,1974,11,1974-11-24,False,SFO,ATL,H,W,27,0,,2,20,0,0,0,0,0,0,0,0,,0,2.0,4.0,15518,False,targets;fum_rec_td,PFR+RULE2PT,19741124-ATL-SFO,False,fum_rec_td,False,True,fum_rec_td,
Tom Mitchell,1974,12,1974-12-01,False,SFO,CLE,A,L,0,7,,1,24,0,0,0,0,0,0,0,0,,0,2.4,3.4,15518,False,targets;fum_rec_td,PFR+RULE2PT,19741201-SFO-CLE,False,fum_rec_td,False,True,fum_rec_td,
Tom Mitchell,1974,13,1974-12-08,False,SFO,GNB,H,W,7,6,,1,10,0,0,0,0,0,0,0,0,,0,1.0,2.0,15518,False,targets;fum_rec_td,PFR+RULE2PT,19741208-GNB-SFO,False,fum_rec_td,False,True,fum_rec_td,
Tom Mitchell,1974,14,1974-12-15,False,SFO,NOR,H,W,35,21,,2,30,0,1,-2,0,0,0,0,0,,0,2.8,4.8,15518,False,targets;fum_rec_td,PFR+RULE2PT,19741215-NOR-SFO,False,fum_rec_td,False,True,fum_rec_td,
Tom Mitchell,1975,1,1975-09-21,False,SFO,MIN,A,L,17,27,,2,23,0,0,0,0,0,0,0,0,,0,2.3,4.3,15518,False,targets;fum_rec_td,PFR+RULE2PT,19750921-SFO-MIN,False,fum_rec_td,False,True,fum_rec_td,
Tom Mitchell,1975,2,1975-09-28,False,SFO,RAM,H,L,14,23,,1,16,0,0,0,0,0,0,0,0,,0,1.6,2.6,15518,False,targets;fum_rec_td,PFR+RULE2PT,19750928-RAM-SFO,False,fum_rec_td,False,True,fum_rec_td,
Tom Mitchell,1975,3,1975-10-05,False,SFO,KAN,A,W,20,3,,2,28,1,0,0,0,0,0,0,0,,0,8.8,10.8,15518,False,targets;fum_rec_td,PFR+RULE2PT,19751005-SFO-KAN,False,fum_rec_td,False,True,fum_rec_td,
Tom Mitchell,1975,4,1975-10-12,False,SFO,ATL,H,L,3,17,,1,1,0,0,0,0,0,0,0,0,,0,0.1,1.1,15518,False,targets;fum_rec_td,PFR+RULE2PT,19751012-ATL-SFO,False,fum_rec_td,False,True,fum_rec_td,
Tom Mitchell,1975,5,1975-10-19,False,SFO,NOR,H,W,35,21,,2,70,1,0,0,0,0,0,0,0,,0,13.0,15.0,15518,False,targets;fum_rec_td,PFR+RULE2PT,19751019-NOR-SFO,False,fum_rec_td,False,True,fum_rec_td,
Tom Mitchell,1975,6,1975-10-26,False,SFO,NWE,A,L,16,24,,8,91,0,0,0,0,0,0,0,0,,0,9.1,17.1,15518,False,targets;fum_rec_td,PFR+RULE2PT,19751026-SFO-NWE,False,fum_rec_td,False,True,fum_rec_td,
Tom Mitchell,1975,7,1975-11-02,False,SFO,DET,H,L,17,28,,1,11,1,0,0,0,0,0,0,0,,0,7.1,8.1,15518,False,targets;fum_rec_td,PFR+RULE2PT,19751102-DET-SFO,False,fum_rec_td,False,True,fum_rec_td,
Tom Mitchell,1975,8,1975-11-09,False,SFO,RAM,A,W,24,23,,1,17,0,0,0,0,0,0,0,0,,0,1.7,2.7,15518,False,targets;fum_rec_td,PFR+RULE2PT,19751109-SFO-RAM,False,fum_rec_td,False,True,fum_rec_td,
Tom Mitchell,1975,9,1975-11-16,False,SFO,CHI,H,W,31,3,,1,6,0,0,0,0,0,0,0,0,,0,0.6,1.6,15518,False,targets;fum_rec_td,PFR+RULE2PT,19751116-CHI-SFO,False,fum_rec_td,False,True,fum_rec_td,
Tom Mitchell,1975,10,1975-11-23,False,SFO,NOR,A,W,16,6,,2,14,0,0,0,0,0,0,0,0,,0,1.4,3.4,15518,False,targets;fum_rec_td,PFR+RULE2PT,19751123-SFO-NOR,False,fum_rec_td,False,True,fum_rec_td,
Tom Mitchell,1975,11,1975-11-30,False,SFO,PHI,A,L,17,27,,2,34,0,0,0,0,0,0,0,0,,0,3.4,5.4,15518,False,targets;fum_rec_td,PFR+RULE2PT,19751130-SFO-PHI,False,fum_rec_td,False,True,fum_rec_td,
Tom Mitchell,1975,12,1975-12-07,False,SFO,HOU,H,L,13,27,,2,55,0,0,0,0,0,0,0,0,,0,5.5,7.5,15518,False,targets;fum_rec_td,PFR+RULE2PT,19751207-HOU-SFO,False,fum_rec_td,False,True,fum_rec_td,
Tom Mitchell,1975,14,1975-12-21,False,SFO,NYG,H,L,23,26,,0,0,0,0,0,0,0,0,0,0,,0,0.0,0.0,15518,False,targets;fum_rec_td,PFR+RULE2PT,19751221-NYG-SFO,False,fum_rec_td,False,True,fum_rec_td,
Tom Mitchell,1976,1,1976-09-12,False,SFO,GNB,A,W,26,14,,1,27,0,0,0,0,0,0,0,0,,0,2.7,3.7,15518,False,targets;fum_rec_td,PFR+RULE2PT,19760912-SFO-GNB,False,fum_rec_td,False,True,fum_rec_td,
Tom Mitchell,1976,2,1976-09-19,False,SFO,CHI,H,L,12,19,,3,49,0,0,0,0,0,0,0,0,,0,4.9,7.9,15518,False,targets;fum_rec_td,PFR+RULE2PT,19760919-CHI-SFO,False,fum_rec_td,False,True,fum_rec_td,
Tom Mitchell,1976,3,1976-09-26,False,SFO,SEA,A,W,37,21,,3,24,0,0,0,0,0,0,0,0,,0,2.4,5.4,15518,False,targets;fum_rec_td,PFR+RULE2PT,19760926-SFO-SEA,False,fum_rec_td,False,True,fum_rec_td,
Tom Mitchell,1976,4,1976-10-03,False,SFO,NYJ,H,W,17,6,,1,24,0,0,0,0,0,0,0,0,,0,2.4,3.4,15518,False,targets;fum_rec_td,PFR+RULE2PT,19761003-NYJ-SFO,False,fum_rec_td,False,True,fum_rec_td,
Tom Mitchell,1976,5,1976-10-11,False,SFO,RAM,A,W,16,0,,2,21,1,0,0,0,0,0,0,0,,0,8.1,10.1,15518,False,targets;fum_rec_td,PFR+RULE2PT,19761011-SFO-RAM,False,fum_rec_td,False,True,fum_rec_td,
Tom Mitchell,1976,6,1976-10-17,False,SFO,NOR,H,W,33,3,,1,18,0,0,0,0,0,0,0,0,,0,1.8,2.8,15518,False,targets;fum_rec_td,PFR+RULE2PT,19761017-NOR-SFO,False,fum_rec_td,False,True,fum_rec_td,
Tom Mitchell,1976,7,1976-10-23,False,SFO,ATL,H,W,15,0,,1,13,0,0,0,0,0,0,0,0,,0,1.3,2.3,15518,False,targets;fum_rec_td,PFR+RULE2PT,19761023-ATL-SFO,False,fum_rec_td,False,True,fum_rec_td,
Tom Mitchell,1976,8,1976-10-31,False,SFO,STL,A,L,20,23,,1,8,0,0,0,0,0,0,0,0,,0,0.8,1.8,15518,False,targets;fum_rec_td,PFR+RULE2PT,19761031-SFO-STL,False,fum_rec_td,False,True,fum_rec_td,
Tom Mitchell,1976,9,1976-11-07,False,SFO,WAS,H,L,21,24,,0,0,0,0,0,0,0,0,0,0,,0,0.0,0.0,15518,False,targets;fum_rec_td,PFR+RULE2PT,19761107-WAS-SFO,False,fum_rec_td,False,True,fum_rec_td,
Tom Mitchell,1976,10,1976-11-14,False,SFO,ATL,A,L,16,21,,0,0,0,0,0,0,0,0,0,0,,0,0.0,0.0,15518,False,targets;fum_rec_td,PFR+RULE2PT,19761114-SFO-ATL,False,fum_rec_td,False,True,fum_rec_td,
Tom Mitchell,1976,11,1976-11-21,False,SFO,RAM,H,L,3,23,,3,30,0,0,0,0,0,0,0,0,,0,3.0,6.0,15518,False,targets;fum_rec_td,PFR+RULE2PT,19761121-RAM-SFO,False,fum_rec_td,False,True,fum_rec_td,
Tom Mitchell,1976,12,1976-11-29,False,SFO,MIN,H,W,20,16,,0,0,0,0,0,0,0,0,0,0,,0,0.0,0.0,15518,False,targets;fum_rec_td,PFR+RULE2PT,19761129-MIN-SFO,False,fum_rec_td,False,True,fum_rec_td,
Tom Mitchell,1976,13,1976-12-05,False,SFO,SDG,A,L,7,13,,3,23,0,0,0,0,0,0,0,0,,0,2.3,5.3,15518,False,targets;fum_rec_td,PFR+RULE2PT,19761205-SFO-SDG,False,fum_rec_td,False,True,fum_rec_td,
Tom Mitchell,1976,14,1976-12-12,False,SFO,NOR,A,W,27,7,,1,3,0,0,0,0,0,0,0,0,,0,0.3,1.3,15518,False,targets;fum_rec_td,PFR+RULE2PT,19761212-SFO-NOR,False,fum_rec_td,False,True,fum_rec_td,
Tom Mitchell,1977,1,1977-09-19,False,SFO,PIT,A,L,0,27,,0,0,0,0,0,0,0,0,0,0,,0,0.0,0.0,15518,False,targets;fum_rec_td,PFR+RULE2PT,19770919-SFO-PIT,False,fum_rec_td,False,True,fum_rec_td,
Tom Mitchell,1977,2,1977-09-25,False,SFO,MIA,H,L,15,19,,2,26,0,0,0,0,0,0,0,0,,0,2.6,4.6,15518,False,targets;fum_rec_td,PFR+RULE2PT,19770925-MIA-SFO,False,fum_rec_td,False,True,fum_rec_td,
Tom Mitchell,1977,3,1977-10-02,False,SFO,RAM,A,L,14,34,,1,31,0,0,0,0,0,0,0,0,,0,3.1,4.1,15518,False,targets;fum_rec_td,PFR+RULE2PT,19771002-SFO-RAM,False,fum_rec_td,False,True,fum_rec_td,
Tom Mitchell,1977,4,1977-10-09,False,SFO,ATL,H,L,0,7,,1,13,0,0,0,0,0,0,0,0,,0,1.3,2.3,15518,False,targets;fum_rec_td,PFR+RULE2PT,19771009-ATL-SFO,False,fum_rec_td,False,True,fum_rec_td,
Tom Mitchell,1977,5,1977-10-16,False,SFO,NYG,A,L,17,20,,1,13,0,0,0,0,0,0,0,0,,0,1.3,2.3,15518,False,targets;fum_rec_td,PFR+RULE2PT,19771016-SFO-NYG,False,fum_rec_td,False,True,fum_rec_td,
Tom Mitchell,1977,6,1977-10-23,False,SFO,DET,H,W,28,7,,2,16,0,0,0,0,0,0,0,0,,0,1.6,3.6,15518,False,targets;fum_rec_td,PFR+RULE2PT,19771023-DET-SFO,False,fum_rec_td,False,True,fum_rec_td,
Tom Mitchell,1977,7,1977-10-30,False,SFO,TAM,H,W,20,10,,6,61,0,0,0,0,0,0,0,0,,0,6.1,12.1,15518,False,targets;fum_rec_td,PFR+RULE2PT,19771030-TAM-SFO,False,fum_rec_td,False,True,fum_rec_td,
Tom Mitchell,1977,8,1977-11-06,False,SFO,ATL,A,W,10,3,,1,18,0,0,0,0,0,0,0,0,,0,1.8,2.8,15518,False,targets;fum_rec_td,PFR+RULE2PT,19771106-SFO-ATL,False,fum_rec_td,False,True,fum_rec_td,
Tom Mitchell,1977,9,1977-11-13,False,SFO,NOR,A,W,10,7,,1,8,0,0,0,0,0,0,0,0,,0,0.8,1.8,15518,False,targets;fum_rec_td,PFR+RULE2PT,19771113-SFO-NOR,False,fum_rec_td,False,True,fum_rec_td,
Tom Mitchell,1977,10,1977-11-20,False,SFO,RAM,H,L,10,23,,3,30,0,0,0,0,0,0,0,0,,0,3.0,6.0,15518,False,targets;fum_rec_td,PFR+RULE2PT,19771120-RAM-SFO,False,fum_rec_td,False,True,fum_rec_td,
Tom Mitchell,1977,11,1977-11-27,False,SFO,NOR,H,W,20,17,,0,0,0,0,0,0,0,0,0,0,,0,0.0,0.0,15518,False,targets;fum_rec_td,PFR+RULE2PT,19771127-NOR-SFO,False,fum_rec_td,False,True,fum_rec_td,
Tom Mitchell,1977,12,1977-12-04,False,SFO,MIN,A,L,27,28,,0,0,0,0,0,0,0,0,0,0,,0,0.0,0.0,15518,False,targets;fum_rec_td,PFR+RULE2PT,19771204-SFO-MIN,False,fum_rec_td,False,True,fum_rec_td,
Tom Mitchell,1977,13,1977-12-12,False,SFO,DAL,H,L,35,42,,1,10,0,0,0,0,0,0,0,0,,0,1.0,2.0,15518,False,targets;fum_rec_td,PFR+RULE2PT,19771212-DAL-SFO,False,fum_rec_td,False,True,fum_rec_td,
Fred Arbanas,1970,1,1970-09-20,False,KAN,MIN,A,L,10,27,,0,0,0,0,0,0,0,0,0,0,,0,0.0,0.0,574,False,targets;fum_rec_td,PFR+RULE2PT,19700920-KAN-MIN,False,fum_rec_td,False,True,fum_rec_td,
Fred Arbanas,1970,2,1970-09-28,False,KAN,BAL,A,W,44,24,,0,0,0,0,0,0,0,0,0,0,,0,0.0,0.0,574,False,targets;fum_rec_td,PFR+RULE2PT,19700928-KAN-BAL,False,fum_rec_td,False,True,fum_rec_td,
Fred Arbanas,1970,3,1970-10-04,False,KAN,DEN,A,L,13,26,,1,9,0,0,0,0,0,0,0,0,,0,0.9,1.9,574,False,targets;fum_rec_td,PFR+RULE2PT,19701004-KAN-DEN,False,fum_rec_td,False,True,fum_rec_td,
Fred Arbanas,1970,4,1970-10-11,False,KAN,BOS,H,W,23,10,,1,3,0,0,0,0,0,0,0,0,,0,0.3,1.3,574,False,targets;fum_rec_td,PFR+RULE2PT,19701011-BOS-KAN,False,fum_rec_td,False,True,fum_rec_td,
Fred Arbanas,1970,5,1970-10-18,False,KAN,CIN,A,W,27,19,,2,43,1,0,0,0,0,0,0,0,,0,10.3,12.3,574,False,targets;fum_rec_td,PFR+RULE2PT,19701018-KAN-CIN,False,fum_rec_td,False,True,fum_rec_td,
Fred Arbanas,1970,6,1970-10-25,False,KAN,DAL,H,L,16,27,,4,53,0,0,0,0,0,0,0,0,,0,5.3,9.3,574,False,targets;fum_rec_td,PFR+RULE2PT,19701025-DAL-KAN,False,fum_rec_td,False,True,fum_rec_td,
Mike Barber,1976,1,1976-09-12,False,HOU,TAM,H,W,20,0,,0,0,0,0,0,0,0,0,0,0,,0,0.0,0.0,1038,False,targets;fum_rec_td,PFR+RULE2PT,19760912-TAM-HOU,False,fum_rec_td,False,True,fum_rec_td,
Mike Barber,1976,2,1976-09-19,False,HOU,BUF,A,W,13,3,,0,0,0,0,0,0,0,0,0,0,,0,0.0,0.0,1038,False,targets;fum_rec_td,PFR+RULE2PT,19760919-HOU-BUF,False,fum_rec_td,False,True,fum_rec_td,
Mike Barber,1977,1,1977-09-18,False,HOU,NYJ,H,W,20,0,,0,0,0,0,0,0,0,0,0,0,,0,0.0,0.0,1038,False,targets;fum_rec_td,PFR+RULE2PT,19770918-NYJ-HOU,False,fum_rec_td,False,True,fum_rec_td,
Mike Barber,1977,2,1977-09-25,False,HOU,GNB,A,W,16,10,,0,0,0,0,0,0,0,0,0,0,,0,0.0,0.0,1038,False,targets;fum_rec_td,PFR+RULE2PT,19770925-HOU-GNB,False,fum_rec_td,False,True,fum_rec_td,
Mike Barber,1977,3,1977-10-02,False,HOU,MIA,A,L,7,27,,2,13,0,0,0,0,0,0,0,0,,0,1.3,3.3,1038,False,targets;fum_rec_td,PFR+RULE2PT,19771002-HOU-MIA,False,fum_rec_td,False,True,fum_rec_td,
Mike Barber,1977,5,1977-10-16,False,HOU,CLE,H,L,23,24,,0,0,0,0,0,0,0,0,0,0,,0,0.0,0.0,1038,False,targets;fum_rec_td,PFR+RULE2PT,19771016-CLE-HOU,False,fum_rec_td,False,True,fum_rec_td,
Mike Barber,1977,6,1977-10-23,False,HOU,PIT,A,L,10,27,,1,5,1,0,0,0,0,0,0,0,,0,6.5,7.5,1038,False,targets;fum_rec_td,PFR+RULE2PT,19771023-HOU-PIT,False,fum_rec_td,False,True,fum_rec_td,
Mike Barber,1977,7,1977-10-30,False,HOU,CIN,A,L,10,13,,0,0,0,0,0,0,0,0,0,0,,0,0.0,0.0,1038,False,targets;fum_rec_td,PFR+RULE2PT,19771030-HOU-CIN,False,fum_rec_td,False,True,fum_rec_td,
Mike Barber,1977,8,1977-11-06,False,HOU,CHI,H,W,47,0,,0,0,0,0,0,0,0,0,0,0,,0,0.0,0.0,1038,False,targets;fum_rec_td,PFR+RULE2PT,19771106-CHI-HOU,False,fum_rec_td,False,True,fum_rec_td,
Mike Barber,1977,9,1977-11-13,False,HOU,OAK,A,L,29,34,,0,0,0,0,0,0,0,0,0,0,,0,0.0,0.0,1038,False,targets;fum_rec_td,PFR+RULE2PT,19771113-HOU-OAK,False,fum_rec_td,False,True,fum_rec_td,
Mike Barber,1977,10,1977-11-20,False,HOU,SEA,A,W,22,10,,1,8,0,0,0,0,0,0,0,0,,0,0.8,1.8,1038,False,targets;fum_rec_td,PFR+RULE2PT,19771120-HOU-SEA,False,fum_rec_td,False,True,fum_rec_td,
Mike Barber,1977,11,1977-11-27,False,HOU,KAN,H,W,34,20,,2,29,0,0,0,0,0,0,0,0,,0,2.9,4.9,1038,False,targets;fum_rec_td,PFR+RULE2PT,19771127-KAN-HOU,False,fum_rec_td,False,True,fum_rec_td,
Mike Barber,1977,12,1977-12-04,False,HOU,DEN,H,L,14,24,,2,28,0,0,0,0,0,0,0,0,,0,2.8,4.8,1038,False,targets;fum_rec_td,PFR+RULE2PT,19771204-DEN-HOU,False,fum_rec_td,False,True,fum_rec_td,
Mike Barber,1977,13,1977-12-11,False,HOU,CLE,A,W,19,15,,1,11,0,0,0,0,0,0,0,0,,0,1.1,2.1,1038,False,targets;fum_rec_td,PFR+RULE2PT,19771211-HOU-CLE,False,fum_rec_td,False,True,fum_rec_td,
Mike Barber,1977,14,1977-12-18,False,HOU,CIN,H,W,21,16,,0,0,0,0,0,0,0,0,0,0,,0,0.0,0.0,1038,False,targets;fum_rec_td,PFR+RULE2PT,19771218-CIN-HOU,False,fum_rec_td,False,True,fum_rec_td,
Mike Barber,1978,1,1978-09-03,False,HOU,ATL,A,L,14,20,,0,0,0,0,0,0,0,0,0,0,,0,0.0,0.0,1038,False,targets;fum_rec_td,PFR+RULE2PT,19780903-HOU-ATL,False,fum_rec_td,False,True,fum_rec_td,
Mike Barber,1978,2,1978-09-10,False,HOU,KAN,A,W,20,17,,1,17,0,0,0,0,0,0,0,0,,0,1.7,2.7,1038,False,targets;fum_rec_td,PFR+RULE2PT,19780910-HOU-KAN,False,fum_rec_td,False,True,fum_rec_td,
Mike Barber,1978,3,1978-09-17,False,HOU,SFO,H,W,20,19,,5,56,0,0,0,0,0,0,0,0,,0,5.6,10.6,1038,False,targets;fum_rec_td,PFR+RULE2PT,19780917-SFO-HOU,False,fum_rec_td,False,True,fum_rec_td,
Mike Barber,1978,4,1978-09-24,False,HOU,RAM,H,L,6,10,,2,44,0,0,0,0,0,0,0,0,,0,4.4,6.4,1038,False,targets;fum_rec_td,PFR+RULE2PT,19780924-RAM-HOU,False,fum_rec_td,False,True,fum_rec_td,
Mike Barber,1978,5,1978-10-01,False,HOU,CLE,A,W,16,13,,2,11,0,0,0,0,0,0,0,0,,0,1.1,3.1,1038,False,targets;fum_rec_td,PFR+RULE2PT,19781001-HOU-CLE,False,fum_rec_td,False,True,fum_rec_td,
Mike Barber,1978,6,1978-10-08,False,HOU,OAK,A,L,17,21,,2,27,1,0,0,0,0,0,0,0,,0,8.7,10.7,1038,False,targets;fum_rec_td,PFR+RULE2PT,19781008-HOU-OAK,False,fum_rec_td,False,True,fum_rec_td,
Mike Barber,1978,7,1978-10-15,False,HOU,BUF,H,W,17,10,,1,14,0,1,1,0,0,0,0,0,,0,1.5,2.5,1038,False,targets;fum_rec_td,PFR+RULE2PT,19781015-BUF-HOU,False,fum_rec_td,False,True,fum_rec_td,
Mike Barber,1978,8,1978-10-23,False,HOU,PIT,A,W,24,17,,3,47,0,0,0,0,0,0,0,0,,0,4.7,7.7,1038,False,targets;fum_rec_td,PFR+RULE2PT,19781023-HOU-PIT,False,fum_rec_td,False,True,fum_rec_td,
Mike Barber,1978,9,1978-10-29,False,HOU,CIN,A,L,13,28,,2,30,0,0,0,0,0,0,0,0,,0,3.0,5.0,1038,False,targets;fum_rec_td,PFR+RULE2PT,19781029-HOU-CIN,False,fum_rec_td,False,True,fum_rec_td,
Mike Barber,1978,10,1978-11-05,False,HOU,CLE,H,W,14,10,,3,92,1,0,0,0,0,0,0,0,,0,15.2,18.2,1038,False,targets;fum_rec_td,PFR+RULE2PT,19781105-CLE-HOU,False,fum_rec_td,False,True,fum_rec_td,
Mike Barber,1978,11,1978-11-12,False,HOU,NWE,A,W,26,23,,4,54,0,0,0,0,0,0,0,0,,0,5.4,9.4,1038,False,targets;fum_rec_td,PFR+RULE2PT,19781112-HOU-NWE,False,fum_rec_td,False,True,fum_rec_td,
Mike Barber,1978,12,1978-11-20,False,HOU,MIA,H,W,35,30,,3,56,1,1,13,0,0,0,0,0,,0,12.9,15.9,1038,False,targets;fum_rec_td,PFR+RULE2PT,19781120-MIA-HOU,False,fum_rec_td,False,True,fum_rec_td,
Mike Barber,1978,13,1978-11-26,False,HOU,CIN,H,W,17,10,,0,0,0,0,0,0,0,0,0,0,,0,0.0,0.0,1038,False,targets;fum_rec_td,PFR+RULE2PT,19781126-CIN-HOU,False,fum_rec_td,False,True,fum_rec_td,
Mike Barber,1978,14,1978-12-03,False,HOU,PIT,H,L,3,13,,2,37,0,0,0,0,0,0,0,0,,0,3.7,5.7,1038,False,targets;fum_rec_td,PFR+RULE2PT,19781203-PIT-HOU,False,fum_rec_td,False,True,fum_rec_td,
Mike Barber,1978,15,1978-12-10,False,HOU,NOR,A,W,17,12,,0,0,0,0,0,0,0,0,0,0,,0,0.0,0.0,1038,False,targets;fum_rec_td,PFR+RULE2PT,19781210-HOU-NOR,False,fum_rec_td,False,True,fum_rec_td,
Mike Barber,1978,16,1978-12-17,False,HOU,SDG,H,L,24,45,,2,28,0,0,0,0,0,0,0,0,,0,2.8,4.8,1038,False,targets;fum_rec_td,PFR+RULE2PT,19781217-SDG-HOU,False,fum_rec_td,False,True,fum_rec_td,
Mike Barber,1978,17,1978-12-24,True,HOU,MIA,A,W,17,9,,4,112,0,0,0,0,0,0,0,0,,0,11.2,15.2,1038,False,targets;fum_rec_td,PFR+RULE2PT,19781224-HOU-MIA,False,fum_rec_td,False,True,fum_rec_td,
Mike Barber,1978,18,1978-12-31,True,HOU,NWE,A,W,31,14,,5,83,2,0,0,0,0,0,0,0,,0,20.3,25.3,1038,False,targets;fum_rec_td,PFR+RULE2PT,19781231-HOU-NWE,False,fum_rec_td,False,True,fum_rec_td,
Mike Barber,1978,19,1979-01-07,True,HOU,PIT,A,L,5,34,,0,0,0,0,0,0,0,0,0,0,,0,0.0,0.0,1038,False,targets;fum_rec_td,PFR+RULE2PT,19790107-HOU-PIT,False,fum_rec_td,False,True,fum_rec_td,
Mike Barber,1979,1,1979-09-02,False,HOU,WAS,A,W,29,27,,0,0,0,1,-2,0,0,0,0,0,,0,-0.2,-0.2,1038,False,targets;fum_rec_td,PFR+RULE2PT,19790902-HOU-WAS,False,fum_rec_td,False,True,fum_rec_td,
Mike Barber,1979,2,1979-09-09,False,HOU,PIT,A,L,7,38,,0,0,0,0,0,0,0,0,0,0,,0,0.0,0.0,1038,False,targets;fum_rec_td,PFR+RULE2PT,19790909-HOU-PIT,False,fum_rec_td,False,True,fum_rec_td,
Mike Barber,1979,3,1979-09-16,False,HOU,KAN,H,W,20,6,,3,66,0,0,0,0,0,0,0,0,,0,6.6,9.6,1038,False,targets;fum_rec_td,PFR+RULE2PT,19790916-KAN-HOU,False,fum_rec_td,False,True,fum_rec_td,
Mike Barber,1979,4,1979-09-23,False,HOU,CIN,A,W,30,27,,4,61,0,0,0,0,0,0,0,0,,0,6.1,10.1,1038,False,targets;fum_rec_td,PFR+RULE2PT,19790923-HOU-CIN,False,fum_rec_td,False,True,fum_rec_td,
Mike Barber,1979,5,1979-09-30,False,HOU,CLE,H,W,31,10,,2,39,0,0,0,0,0,0,0,0,,0,3.9,5.9,1038,False,targets;fum_rec_td,PFR+RULE2PT,19790930-CLE-HOU,False,fum_rec_td,False,True,fum_rec_td,
Mike Barber,1979,6,1979-10-07,False,HOU,STL,H,L,17,24,,1,10,0,0,0,0,0,0,0,0,,0,1.0,2.0,1038,False,targets;fum_rec_td,PFR+RULE2PT,19791007-STL-HOU,False,fum_rec_td,False,True,fum_rec_td,
Mike Barber,1979,7,1979-10-14,False,HOU,BAL,A,W,28,16,,0,0,0,0,0,0,0,0,0,0,,0,0.0,0.0,1038,False,targets;fum_rec_td,PFR+RULE2PT,19791014-HOU-BAL,False,fum_rec_td,False,True,fum_rec_td,
Mike Barber,1979,8,1979-10-21,False,HOU,SEA,A,L,14,34,,7,81,1,0,0,0,0,0,0,0,,0,14.1,21.1,1038,False,targets;fum_rec_td,PFR+RULE2PT,19791021-HOU-SEA,False,fum_rec_td,False,True,fum_rec_td,
Mike Barber,1979,9,1979-10-28,False,HOU,NYJ,H,W,27,24,,3,52,1,0,0,0,0,0,0,0,,0,11.2,14.2,1038,False,targets;fum_rec_td,PFR+RULE2PT,19791028-NYJ-HOU,False,fum_rec_td,False,True,fum_rec_td,
Mike Barber,1979,10,1979-11-05,False,HOU,MIA,A,W,9,6,,0,0,0,0,0,0,0,0,0,0,,0,0.0,0.0,1038,False,targets;fum_rec_td,PFR+RULE2PT,19791105-HOU-MIA,False,fum_rec_td,False,True,fum_rec_td,
Mike Barber,1979,12,1979-11-18,False,HOU,CIN,H,W,42,21,,1,17,1,0,0,0,0,0,0,0,,0,7.7,8.7,1038,False,targets;fum_rec_td,PFR+RULE2PT,19791118-CIN-HOU,False,fum_rec_td,False,True,fum_rec_td,
Mike Barber,1979,13,1979-11-22,False,HOU,DAL,A,W,30,24,,2,16,0,0,0,0,0,0,0,0,,0,1.6,3.6,1038,False,targets;fum_rec_td,PFR+RULE2PT,19791122-HOU-DAL,False,fum_rec_td,False,True,fum_rec_td,
Mike Barber,1979,14,1979-12-02,False,HOU,CLE,A,L,7,14,,3,13,0,0,0,0,0,0,0,0,,0,1.3,4.3,1038,False,targets;fum_rec_td,PFR+RULE2PT,19791202-HOU-CLE,False,fum_rec_td,False,True,fum_rec_td,
Mike Barber,1979,15,1979-12-10,False,HOU,PIT,H,W,20,17,,1,22,0,1,6,0,0,0,0,0,,0,2.8,3.8,1038,False,targets;fum_rec_td,PFR+RULE2PT,19791210-PIT-HOU,False,fum_rec_td,False,True,fum_rec_td,
Mike Barber,1979,16,1979-12-16,False,HOU,PHI,H,L,20,26,,0,0,0,0,0,0,0,0,0,0,,0,0.0,0.0,1038,False,targets;fum_rec_td,PFR+RULE2PT,19791216-PHI-HOU,False,fum_rec_td,False,True,fum_rec_td,
Mike Barber,1979,17,1979-12-23,True,HOU,DEN,H,W,13,7,,1,31,0,0,0,0,0,0,0,0,,0,3.1,4.1,1038,False,targets;fum_rec_td,PFR+RULE2PT,19791223-DEN-HOU,False,fum_rec_td,False,True,fum_rec_td,
Mike Barber,1979,18,1979-12-29,True,HOU,SDG,A,W,17,14,,1,12,0,0,0,0,0,0,0,0,,0,1.2,2.2,1038,False,targets;fum_rec_td,PFR+RULE2PT,19791229-HOU-SDG,False,fum_rec_td,False,True,fum_rec_td,
Mike Barber,1979,19,1980-01-06,True,HOU,PIT,A,L,13,27,,1,8,0,0,0,0,0,0,0,0,,0,0.8,1.8,1038,False,targets;fum_rec_td,PFR+RULE2PT,19800106-HOU-PIT,False,fum_rec_td,False,True,fum_rec_td,
Jim Whalen,1970,1,1970-09-20,False,DEN,BUF,A,W,25,10,,3,62,0,0,0,0,0,0,0,0,,0,6.2,9.2,23693,False,targets;fum_rec_td,PFR+RULE2PT,19700920-DEN-BUF,False,fum_rec_td,False,True,fum_rec_td,
Jim Whalen,1970,2,1970-09-27,False,DEN,PIT,H,W,16,13,,4,65,0,0,0,0,0,0,0,0,,0,6.5,10.5,23693,False,targets;fum_rec_td,PFR+RULE2PT,19700927-PIT-DEN,False,fum_rec_td,False,True,fum_rec_td,
Jim Whalen,1970,3,1970-10-04,False,DEN,KAN,H,W,26,13,,5,61,0,0,0,0,0,0,0,0,,0,6.1,11.1,23693,False,targets;fum_rec_td,PFR+RULE2PT,19701004-KAN-DEN,False,fum_rec_td,False,True,fum_rec_td,
Jim Whalen,1970,4,1970-10-11,False,DEN,OAK,A,L,23,35,,2,17,0,0,0,0,0,0,0,0,,0,1.7,3.7,23693,False,targets;fum_rec_td,PFR+RULE2PT,19701011-DEN-OAK,False,fum_rec_td,False,True,fum_rec_td,
Jim Whalen,1970,5,1970-10-18,False,DEN,ATL,H,W,24,10,,6,73,1,0,0,0,0,0,0,0,,0,13.3,19.3,23693,False,targets;fum_rec_td,PFR+RULE2PT,19701018-ATL-DEN,False,fum_rec_td,False,True,fum_rec_td,
Jim Whalen,1970,6,1970-10-25,False,DEN,SFO,A,L,14,19,,1,5,0,0,0,0,0,0,0,0,,0,0.5,1.5,23693,False,targets;fum_rec_td,PFR+RULE2PT,19701025-DEN-SFO,False,fum_rec_td,False,True,fum_rec_td,
Jim Whalen,1970,7,1970-11-01,False,DEN,WAS,H,L,3,19,,1,11,0,0,0,0,0,0,0,0,,0,1.1,2.1,23693,False,targets;fum_rec_td,PFR+RULE2PT,19701101-WAS-DEN,False,fum_rec_td,False,True,fum_rec_td,
Jim Whalen,1970,8,1970-11-08,False,DEN,SDG,A,L,21,24,,3,55,0,0,0,0,0,0,0,0,,0,5.5,8.5,23693,False,targets;fum_rec_td,PFR+RULE2PT,19701108-DEN-SDG,False,fum_rec_td,False,True,fum_rec_td,
Jim Whalen,1970,9,1970-11-15,False,DEN,OAK,H,L,19,24,,2,35,1,0,0,0,0,0,0,0,,0,9.5,11.5,23693,False,targets;fum_rec_td,PFR+RULE2PT,19701115-OAK-DEN,False,fum_rec_td,False,True,fum_rec_td,
Jim Whalen,1970,10,1970-11-22,False,DEN,NOR,A,W,31,6,,3,29,1,0,0,0,0,0,0,0,,0,8.9,11.9,23693,False,targets;fum_rec_td,PFR+RULE2PT,19701122-DEN-NOR,False,fum_rec_td,False,True,fum_rec_td,
Jim Whalen,1970,11,1970-11-29,False,DEN,HOU,A,L,21,31,,1,16,0,0,0,0,0,0,0,0,,0,1.6,2.6,23693,False,targets;fum_rec_td,PFR+RULE2PT,19701129-DEN-HOU,False,fum_rec_td,False,True,fum_rec_td,
Jim Whalen,1970,12,1970-12-06,False,DEN,KAN,A,L,0,16,,3,42,0,0,0,0,0,0,0,0,,0,4.2,7.2,23693,False,targets;fum_rec_td,PFR+RULE2PT,19701206-DEN-KAN,False,fum_rec_td,False,True,fum_rec_td,
Jim Whalen,1970,13,1970-12-13,False,DEN,SDG,H,T,17,17,,2,32,0,0,0,0,0,0,0,0,,0,3.2,5.2,23693,False,targets;fum_rec_td,PFR+RULE2PT,19701213-SDG-DEN,False,fum_rec_td,False,True,fum_rec_td,
Jim Whalen,1970,14,1970-12-20,False,DEN,CLE,H,L,13,27,,0,0,0,0,0,0,0,0,0,0,,0,0.0,0.0,23693,False,targets;fum_rec_td,PFR+RULE2PT,19701220-CLE-DEN,False,fum_rec_td,False,True,fum_rec_td,
Jim Whalen,1971,1,1971-09-19,False,DEN,MIA,H,T,10,10,,0,0,0,0,0,0,0,0,0,0,,0,0.0,0.0,23693,False,targets;fum_rec_td,PFR+RULE2PT,19710919-MIA-DEN,False,fum_rec_td,False,True,fum_rec_td,
Jim Whalen,1971,2,1971-09-26,False,DEN,GNB,A,L,13,34,,4,53,0,0,0,0,0,0,0,0,,0,5.3,9.3,23693,False,targets;fum_rec_td,PFR+RULE2PT,19710926-DEN-GNB,False,fum_rec_td,False,True,fum_rec_td,
Jim Whalen,1971,3,1971-10-03,False,DEN,KAN,H,L,3,16,,3,71,0,0,0,0,0,0,0,0,,0,7.1,10.1,23693,False,targets;fum_rec_td,PFR+RULE2PT,19711003-KAN-DEN,False,fum_rec_td,False,True,fum_rec_td,
Jim Whalen,1971,10,1971-11-21,False,PHI,STL,A,W,37,20,,0,0,0,0,0,0,0,0,0,0,,0,0.0,0.0,23693,False,targets;fum_rec_td,PFR+RULE2PT,19711121-PHI-STL,False,fum_rec_td,False,True,fum_rec_td,
Jim Whalen,1971,11,1971-11-28,False,PHI,WAS,H,L,13,20,,1,41,0,0,0,0,0,0,0,0,,0,4.1,5.1,23693,False,targets;fum_rec_td,PFR+RULE2PT,19711128-WAS-PHI,False,fum_rec_td,False,True,fum_rec_td,
Alvin Reed,1970,1,1970-09-20,False,HOU,PIT,A,W,19,7,,0,0,0,0,0,0,0,0,0,0,,0,0.0,0.0,18330,False,targets;fum_rec_td,PFR+RULE2PT,19700920-HOU-PIT,False,fum_rec_td,False,True,fum_rec_td,
Alvin Reed,1970,2,1970-09-27,False,HOU,MIA,H,L,10,20,,5,80,0,0,0,0,0,0,0,0,,0,8.0,13.0,18330,False,targets;fum_rec_td,PFR+RULE2PT,19700927-MIA-HOU,False,fum_rec_td,False,True,fum_rec_td,
Alvin Reed,1970,3,1970-10-04,False,HOU,CIN,A,W,20,13,,5,96,1,0,0,0,0,0,0,0,,0,15.6,20.6,18330,False,targets;fum_rec_td,PFR+RULE2PT,19701004-HOU-CIN,False,fum_rec_td,False,True,fum_rec_td,
Alvin Reed,1970,4,1970-10-11,False,HOU,BAL,H,L,20,24,,4,79,0,0,0,0,0,0,0,0,,0,7.9,11.9,18330,False,targets;fum_rec_td,PFR+RULE2PT,19701011-BAL-HOU,False,fum_rec_td,False,True,fum_rec_td,
Alvin Reed,1970,5,1970-10-18,False,HOU,PIT,H,L,3,7,,2,17,0,0,0,0,0,0,0,0,,0,1.7,3.7,18330,False,targets;fum_rec_td,PFR+RULE2PT,19701018-PIT-HOU,False,fum_rec_td,False,True,fum_rec_td,
Alvin Reed,1970,6,1970-10-25,False,HOU,SDG,A,T,31,31,,2,26,1,0,0,0,0,0,0,0,,0,8.6,10.6,18330,False,targets;fum_rec_td,PFR+RULE2PT,19701025-HOU-SDG,False,fum_rec_td,False,True,fum_rec_td,
Alvin Reed,1970,7,1970-11-01,False,HOU,STL,A,L,0,44,,2,33,0,0,0,0,0,0,0,0,,0,3.3,5.3,18330,False,targets;fum_rec_td,PFR+RULE2PT,19701101-HOU-STL,False,fum_rec_td,False,True,fum_rec_td,
Alvin Reed,1970,8,1970-11-08,False,HOU,KAN,A,L,9,24,,5,68,0,0,0,0,0,0,0,0,,0,6.8,11.8,18330,False,targets;fum_rec_td,PFR+RULE2PT,19701108-HOU-KAN,False,fum_rec_td,False,True,fum_rec_td,
Alvin Reed,1970,9,1970-11-15,False,HOU,SFO,H,L,20,30,,5,42,0,0,0,0,0,0,0,0,,0,4.2,9.2,18330,False,targets;fum_rec_td,PFR+RULE2PT,19701115-SFO-HOU,False,fum_rec_td,False,True,fum_rec_td,
Alvin Reed,1970,10,1970-11-22,False,HOU,CLE,A,L,14,28,,8,65,0,0,0,0,0,0,0,0,,0,6.5,14.5,18330,False,targets;fum_rec_td,PFR+RULE2PT,19701122-HOU-CLE,False,fum_rec_td,False,True,fum_rec_td,
Alvin Reed,1970,11,1970-11-29,False,HOU,DEN,H,W,31,21,,2,18,0,0,0,0,0,0,0,0,,0,1.8,3.8,18330,False,targets;fum_rec_td,PFR+RULE2PT,19701129-DEN-HOU,False,fum_rec_td,False,True,fum_rec_td,
Alvin Reed,1970,12,1970-12-07,False,HOU,CLE,H,L,10,21,,4,44,0,0,0,0,0,0,0,0,,0,4.4,8.4,18330,False,targets;fum_rec_td,PFR+RULE2PT,19701207-CLE-HOU,False,fum_rec_td,False,True,fum_rec_td,
Alvin Reed,1970,13,1970-12-13,False,HOU,CIN,H,L,20,30,,3,36,0,0,0,0,0,0,0,0,,0,3.6,6.6,18330,False,targets;fum_rec_td,PFR+RULE2PT,19701213-CIN-HOU,False,fum_rec_td,False,True,fum_rec_td,
Alvin Reed,1971,1,1971-09-19,False,HOU,CLE,A,L,0,31,,1,4,0,0,0,0,0,0,0,0,,0,0.4,1.4,18330,False,targets;fum_rec_td,PFR+RULE2PT,19710919-HOU-CLE,False,fum_rec_td,False,True,fum_rec_td,
Alvin Reed,1971,2,1971-09-26,False,HOU,KAN,H,L,16,20,,0,0,0,0,0,0,0,0,0,0,,0,0.0,0.0,18330,False,targets;fum_rec_td,PFR+RULE2PT,19710926-KAN-HOU,False,fum_rec_td,False,True,fum_rec_td,
Alvin Reed,1971,3,1971-10-03,False,HOU,NOR,H,T,13,13,,1,9,0,0,0,0,0,0,0,0,,0,0.9,1.9,18330,False,targets;fum_rec_td,PFR+RULE2PT,19711003-NOR-HOU,False,fum_rec_td,False,True,fum_rec_td,
Alvin Reed,1971,4,1971-10-10,False,HOU,WAS,A,L,13,22,,2,28,0,0,0,0,0,0,0,0,,0,2.8,4.8,18330,False,targets;fum_rec_td,PFR+RULE2PT,19711010-HOU-WAS,False,fum_rec_td,False,True,fum_rec_td,
Alvin Reed,1971,5,1971-10-17,False,HOU,DET,H,L,7,31,,2,35,0,0,0,0,0,0,0,0,,0,3.5,5.5,18330,False,targets;fum_rec_td,PFR+RULE2PT,19711017-DET-HOU,False,fum_rec_td,False,True,fum_rec_td,
Alvin Reed,1971,6,1971-10-24,False,HOU,PIT,A,L,16,23,,2,16,0,0,0,0,0,0,0,0,,0,1.6,3.6,18330,False,targets;fum_rec_td,PFR+RULE2PT,19711024-HOU-PIT,False,fum_rec_td,False,True,fum_rec_td,
Alvin Reed,1971,7,1971-10-31,False,HOU,CIN,H,W,10,6,,0,0,0,0,0,0,0,0,0,0,,0,0.0,0.0,18330,False,targets;fum_rec_td,PFR+RULE2PT,19711031-CIN-HOU,False,fum_rec_td,False,True,fum_rec_td,
Alvin Reed,1971,8,1971-11-07,False,HOU,NWE,A,L,20,28,,5,91,0,0,0,0,0,0,0,0,,0,9.1,14.1,18330,False,targets;fum_rec_td,PFR+RULE2PT,19711107-HOU-NWE,False,fum_rec_td,False,True,fum_rec_td,
Alvin Reed,1971,9,1971-11-14,False,HOU,OAK,A,L,21,41,,1,36,0,0,0,0,0,0,0,0,,0,3.6,4.6,18330,False,targets;fum_rec_td,PFR+RULE2PT,19711114-HOU-OAK,False,fum_rec_td,False,True,fum_rec_td,
Alvin Reed,1971,10,1971-11-21,False,HOU,CIN,A,L,13,28,,5,91,0,0,0,0,0,0,0,0,,0,9.1,14.1,18330,False,targets;fum_rec_td,PFR+RULE2PT,19711121-HOU-CIN,False,fum_rec_td,False,True,fum_rec_td,
Alvin Reed,1971,11,1971-11-28,False,HOU,CLE,H,L,24,37,,3,43,0,0,0,0,0,0,0,0,,0,4.3,7.3,18330,False,targets;fum_rec_td,PFR+RULE2PT,19711128-CLE-HOU,False,fum_rec_td,False,True,fum_rec_td,
Alvin Reed,1971,12,1971-12-05,False,HOU,PIT,H,W,29,3,,1,27,1,0,0,0,0,0,0,0,,0,8.7,9.7,18330,False,targets;fum_rec_td,PFR+RULE2PT,19711205-PIT-HOU,False,fum_rec_td,False,True,fum_rec_td,
Alvin Reed,1971,13,1971-12-12,False,HOU,BUF,A,W,20,14,,2,28,0,0,0,0,0,0,0,0,,0,2.8,4.8,18330,False,targets;fum_rec_td,PFR+RULE2PT,19711212-HOU-BUF,False,fum_rec_td,False,True,fum_rec_td,
Alvin Reed,1971,14,1971-12-19,False,HOU,SDG,H,W,49,33,,0,0,0,0,0,0,0,0,0,0,,0,0.0,0.0,18330,False,targets;fum_rec_td,PFR+RULE2PT,19711219-SDG-HOU,False,fum_rec_td,False,True,fum_rec_td,
Alvin Reed,1972,1,1972-09-17,False,HOU,DEN,A,L,17,30,,0,0,0,0,0,0,0,0,0,0,,0,0.0,0.0,18330,False,targets;fum_rec_td,PFR+RULE2PT,19720917-HOU-DEN,False,fum_rec_td,False,True,fum_rec_td,
Alvin Reed,1972,2,1972-09-24,False,HOU,MIA,A,L,13,34,,1,15,0,0,0,0,0,0,0,0,,0,1.5,2.5,18330,False,targets;fum_rec_td,PFR+RULE2PT,19720924-HOU-MIA,False,fum_rec_td,False,True,fum_rec_td,
Alvin Reed,1972,3,1972-10-01,False,HOU,NYJ,H,W,26,20,,3,66,0,0,0,0,0,0,0,0,,0,6.6,9.6,18330,False,targets;fum_rec_td,PFR+RULE2PT,19721001-NYJ-HOU,False,fum_rec_td,False,True,fum_rec_td,
Alvin Reed,1972,4,1972-10-09,False,HOU,OAK,H,L,0,34,,0,0,0,0,0,0,0,0,0,0,,0,0.0,0.0,18330,False,targets;fum_rec_td,PFR+RULE2PT,19721009-OAK-HOU,False,fum_rec_td,False,True,fum_rec_td,
Alvin Reed,1972,5,1972-10-15,False,HOU,PIT,A,L,7,24,,0,0,0,0,0,0,0,0,0,0,,0,0.0,0.0,18330,False,targets;fum_rec_td,PFR+RULE2PT,19721015-HOU-PIT,False,fum_rec_td,False,True,fum_rec_td,
Alvin Reed,1972,6,1972-10-22,False,HOU,CLE,H,L,17,23,,4,35,0,0,0,0,0,0,0,0,,0,3.5,7.5,18330,False,targets;fum_rec_td,PFR+RULE2PT,19721022-CLE-HOU,False,fum_rec_td,False,True,fum_rec_td,
Alvin Reed,1972,7,1972-10-29,False,HOU,CIN,A,L,7,30,,0,0,0,0,0,0,0,0,0,0,,0,0.0,0.0,18330,False,targets;fum_rec_td,PFR+RULE2PT,19721029-HOU-CIN,False,fum_rec_td,False,True,fum_rec_td,
Alvin Reed,1972,8,1972-11-05,False,HOU,CLE,A,L,0,20,,1,4,0,0,0,0,0,0,0,0,,0,0.4,1.4,18330,False,targets;fum_rec_td,PFR+RULE2PT,19721105-HOU-CLE,False,fum_rec_td,False,True,fum_rec_td,
Alvin Reed,1972,9,1972-11-12,False,HOU,PHI,H,L,17,18,,2,22,0,0,0,0,0,0,0,0,,0,2.2,4.2,18330,False,targets;fum_rec_td,PFR+RULE2PT,19721112-PHI-HOU,False,fum_rec_td,False,True,fum_rec_td,
Alvin Reed,1972,10,1972-11-19,False,HOU,GNB,H,L,10,23,,1,22,0,0,0,0,0,0,0,0,,0,2.2,3.2,18330,False,targets;fum_rec_td,PFR+RULE2PT,19721119-GNB-HOU,False,fum_rec_td,False,True,fum_rec_td,
Alvin Reed,1972,11,1972-11-26,False,HOU,SDG,A,L,20,34,,2,40,0,0,0,0,0,0,0,0,,0,4.0,6.0,18330,False,targets;fum_rec_td,PFR+RULE2PT,19721126-HOU-SDG,False,fum_rec_td,False,True,fum_rec_td,
Alvin Reed,1972,12,1972-12-03,False,HOU,ATL,A,L,10,20,,0,0,0,0,0,0,0,0,0,0,,0,0.0,0.0,18330,False,targets;fum_rec_td,PFR+RULE2PT,19721203-HOU-ATL,False,fum_rec_td,False,True,fum_rec_td,
Alvin Reed,1972,13,1972-12-10,False,HOU,PIT,H,L,3,9,,3,27,0,0,0,0,0,0,0,0,,0,2.7,5.7,18330,False,targets;fum_rec_td,PFR+RULE2PT,19721210-PIT-HOU,False,fum_rec_td,False,True,fum_rec_td,
Alvin Reed,1972,14,1972-12-17,False,HOU,CIN,H,L,17,61,,2,20,0,0,0,0,0,0,0,0,,0,2.0,4.0,18330,False,targets;fum_rec_td,PFR+RULE2PT,19721217-CIN-HOU,False,fum_rec_td,False,True,fum_rec_td,
Alvin Reed,1973,1,1973-09-16,False,WAS,SDG,H,W,38,0,,0,0,0,0,0,0,0,0,0,0,,0,0.0,0.0,18330,False,targets;fum_rec_td,PFR+RULE2PT,19730916-SDG-WAS,False,fum_rec_td,False,True,fum_rec_td,
Alvin Reed,1973,2,1973-09-23,False,WAS,STL,A,L,27,34,,3,20,0,0,0,0,0,0,0,0,,0,2.0,5.0,18330,False,targets;fum_rec_td,PFR+RULE2PT,19730923-WAS-STL,False,fum_rec_td,False,True,fum_rec_td,
Alvin Reed,1973,3,1973-09-30,False,WAS,PHI,A,W,28,7,,3,73,0,0,0,0,0,0,0,0,,0,7.3,10.3,18330,False,targets;fum_rec_td,PFR+RULE2PT,19730930-WAS-PHI,False,fum_rec_td,False,True,fum_rec_td,
Alvin Reed,1973,4,1973-10-08,False,WAS,DAL,H,W,14,7,,3,31,0,0,0,0,0,0,0,0,,0,3.1,6.1,18330,False,targets;fum_rec_td,PFR+RULE2PT,19731008-DAL-WAS,False,fum_rec_td,False,True,fum_rec_td,
Alvin Reed,1973,5,1973-10-14,False,WAS,NYG,A,W,21,3,,0,0,0,0,0,0,0,0,0,0,,0,0.0,0.0,18330,False,targets;fum_rec_td,PFR+RULE2PT,19731014-WAS-NYG,False,fum_rec_td,False,True,fum_rec_td,
Alvin Reed,1974,1,1974-09-15,False,WAS,NYG,A,W,13,10,,0,0,0,0,0,0,0,0,0,0,,0,0.0,0.0,18330,False,targets;fum_rec_td,PFR+RULE2PT,19740915-WAS-NYG,False,fum_rec_td,False,True,fum_rec_td,
Alvin Reed,1974,2,1974-09-22,False,WAS,STL,H,L,10,17,,1,11,1,0,0,0,0,0,0,0,,0,7.1,8.1,18330,False,targets;fum_rec_td,PFR+RULE2PT,19740922-STL-WAS,False,fum_rec_td,False,True,fum_rec_td,
Alvin Reed,1974,3,1974-09-30,False,WAS,DEN,H,W,30,3,,2,19,0,0,0,0,0,0,0,0,,0,1.9,3.9,18330,False,targets;fum_rec_td,PFR+RULE2PT,19740930-DEN-WAS,False,fum_rec_td,False,True,fum_rec_td,
Alvin Reed,1974,4,1974-10-06,False,WAS,CIN,A,L,17,28,,1,6,0,0,0,0,0,0,0,0,,0,0.6,1.6,18330,False,targets;fum_rec_td,PFR+RULE2PT,19741006-WAS-CIN,False,fum_rec_td,False,True,fum_rec_td,
Alvin Reed,1974,5,1974-10-13,False,WAS,MIA,H,W,20,17,,0,0,0,0,0,0,0,0,0,0,,0,0.0,0.0,18330,False,targets;fum_rec_td,PFR+RULE2PT,19741013-MIA-WAS,False,fum_rec_td,False,True,fum_rec_td,
Alvin Reed,1974,6,1974-10-20,False,WAS,NYG,H,W,24,3,,0,0,0,0,0,0,0,0,0,0,,0,0.0,0.0,18330,False,targets;fum_rec_td,PFR+RULE2PT,19741020-NYG-WAS,False,fum_rec_td,False,True,fum_rec_td,
Alvin Reed,1974,7,1974-10-27,False,WAS,STL,A,L,20,23,,0,0,0,0,0,0,0,0,0,0,,0,0.0,0.0,18330,False,targets;fum_rec_td,PFR+RULE2PT,19741027-WAS-STL,False,fum_rec_td,False,True,fum_rec_td,
Alvin Reed,1974,8,1974-11-03,False,WAS,GNB,A,W,17,6,,0,0,0,0,0,0,0,0,0,0,,0,0.0,0.0,18330,False,targets;fum_rec_td,PFR+RULE2PT,19741103-WAS-GNB,False,fum_rec_td,False,True,fum_rec_td,
Alvin Reed,1974,9,1974-11-10,False,WAS,PHI,A,W,27,20,,0,0,0,0,0,0,0,0,0,0,,0,0.0,0.0,18330,False,targets;fum_rec_td,PFR+RULE2PT,19741110-WAS-PHI,False,fum_rec_td,False,True,fum_rec_td,
Alvin Reed,1974,10,1974-11-17,False,WAS,DAL,H,W,28,21,,0,0,0,0,0,0,0,0,0,0,,0,0.0,0.0,18330,False,targets;fum_rec_td,PFR+RULE2PT,19741117-DAL-WAS,False,fum_rec_td,False,True,fum_rec_td,
Alvin Reed,1974,11,1974-11-24,False,WAS,PHI,H,W,26,7,,0,0,0,0,0,0,0,0,0,0,,0,0.0,0.0,18330,False,targets;fum_rec_td,PFR+RULE2PT,19741124-PHI-WAS,False,fum_rec_td,False,True,fum_rec_td,
Alvin Reed,1974,12,1974-11-28,False,WAS,DAL,A,L,23,24,,0,0,0,0,0,0,0,0,0,0,,0,0.0,0.0,18330,False,targets;fum_rec_td,PFR+RULE2PT,19741128-WAS-DAL,False,fum_rec_td,False,True,fum_rec_td,
Alvin Reed,1974,13,1974-12-09,False,WAS,RAM,A,W,23,17,,0,0,0,0,0,0,0,0,0,0,,0,0.0,0.0,18330,False,targets;fum_rec_td,PFR+RULE2PT,19741209-WAS-RAM,False,fum_rec_td,False,True,fum_rec_td,
Alvin Reed,1974,14,1974-12-15,False,WAS,CHI,H,W,42,0,,0,0,0,0,0,0,0,0,0,0,,0,0.0,0.0,18330,False,targets;fum_rec_td,PFR+RULE2PT,19741215-CHI-WAS,False,fum_rec_td,False,True,fum_rec_td,
Alvin Reed,1974,15,1974-12-22,True,WAS,RAM,A,L,10,19,,0,0,0,0,0,0,0,0,0,0,,0,0.0,0.0,18330,False,targets;fum_rec_td,PFR+RULE2PT,19741222-WAS-RAM,False,fum_rec_td,False,True,fum_rec_td,
Alvin Reed,1975,1,1975-09-21,False,WAS,NOR,H,W,41,3,,0,0,0,0,0,0,0,0,0,0,,0,0.0,0.0,18330,False,targets;fum_rec_td,PFR+RULE2PT,19750921-NOR-WAS,False,fum_rec_td,False,True,fum_rec_td,
Alvin Reed,1975,2,1975-09-28,False,WAS,NYG,H,W,49,13,,1,4,1,0,0,0,0,0,0,0,,0,6.4,7.4,18330,False,targets;fum_rec_td,PFR+RULE2PT,19750928-NYG-WAS,False,fum_rec_td,False,True,fum_rec_td,
Alvin Reed,1975,3,1975-10-05,False,WAS,PHI,A,L,10,26,,1,1,1,0,0,0,0,0,0,0,,0,6.1,7.1,18330,False,targets;fum_rec_td,PFR+RULE2PT,19751005-WAS-PHI,False,fum_rec_td,False,True,fum_rec_td,
Alvin Reed,1975,4,1975-10-13,False,WAS,STL,H,W,27,17,,0,0,0,0,0,0,0,0,0,0,,0,0.0,0.0,18330,False,targets;fum_rec_td,PFR+RULE2PT,19751013-STL-WAS,False,fum_rec_td,False,True,fum_rec_td,
Alvin Reed,1975,5,1975-10-19,False,WAS,HOU,A,L,10,13,,0,0,0,0,0,0,0,0,0,0,,0,0.0,0.0,18330,False,targets;fum_rec_td,PFR+RULE2PT,19751019-WAS-HOU,False,fum_rec_td,False,True,fum_rec_td,
Alvin Reed,1975,6,1975-10-26,False,WAS,CLE,A,W,23,7,,0,0,0,0,0,0,0,0,0,0,,0,0.0,0.0,18330,False,targets;fum_rec_td,PFR+RULE2PT,19751026-WAS-CLE,False,fum_rec_td,False,True,fum_rec_td,
Alvin Reed,1975,7,1975-11-02,False,WAS,DAL,H,W,30,24,,0,0,0,0,0,0,0,0,0,0,,0,0.0,0.0,18330,False,targets;fum_rec_td,PFR+RULE2PT,19751102-DAL-WAS,False,fum_rec_td,False,True,fum_rec_td,
Alvin Reed,1975,8,1975-11-09,False,WAS,NYG,A,W,21,13,,0,0,0,0,0,0,0,0,0,0,,0,0.0,0.0,18330,False,targets;fum_rec_td,PFR+RULE2PT,19751109-WAS-NYG,False,fum_rec_td,False,True,fum_rec_td,
Alvin Reed,1975,9,1975-11-16,False,WAS,STL,A,L,17,20,,0,0,0,0,0,0,0,0,0,0,,0,0.0,0.0,18330,False,targets;fum_rec_td,PFR+RULE2PT,19751116-WAS-STL,False,fum_rec_td,False,True,fum_rec_td,
Alvin Reed,1975,10,1975-11-23,False,WAS,OAK,H,L,23,26,,0,0,0,0,0,0,0,0,0,0,,0,0.0,0.0,18330,False,targets;fum_rec_td,PFR+RULE2PT,19751123-OAK-WAS,False,fum_rec_td,False,True,fum_rec_td,
Alvin Reed,1975,11,1975-11-30,False,WAS,MIN,H,W,31,30,,0,0,0,0,0,0,0,0,0,0,,0,0.0,0.0,18330,False,targets;fum_rec_td,PFR+RULE2PT,19751130-MIN-WAS,False,fum_rec_td,False,True,fum_rec_td,
Alvin Reed,1975,12,1975-12-07,False,WAS,ATL,A,W,30,27,,0,0,0,0,0,0,0,0,0,0,,0,0.0,0.0,18330,False,targets;fum_rec_td,PFR+RULE2PT,19751207-WAS-ATL,False,fum_rec_td,False,True,fum_rec_td,
Alvin Reed,1975,13,1975-12-13,False,WAS,DAL,A,L,10,31,,0,0,0,0,0,0,0,0,0,0,,0,0.0,0.0,18330,False,targets;fum_rec_td,PFR+RULE2PT,19751213-WAS-DAL,False,fum_rec_td,False,True,fum_rec_td,
Alvin Reed,1975,14,1975-12-21,False,WAS,PHI,H,L,3,26,,0,0,0,0,0,0,0,0,0,0,,0,0.0,0.0,18330,False,targets;fum_rec_td,PFR+RULE2PT,19751221-PHI-WAS,False,fum_rec_td,False,True,fum_rec_td,
Willie Frazier,1970,1,1970-09-20,False,SDG,BAL,H,L,14,16,,4,55,0,1,6,0,0,0,0,0,,0,6.1,10.1,7329,False,targets;fum_rec_td,PFR+RULE2PT,19700920-BAL-SDG,False,fum_rec_td,False,True,fum_rec_td,
Willie Frazier,1970,2,1970-09-27,False,SDG,OAK,H,T,27,27,,2,71,0,0,0,0,0,0,0,0,,0,7.1,9.1,7329,False,targets;fum_rec_td,PFR+RULE2PT,19700927-OAK-SDG,False,fum_rec_td,False,True,fum_rec_td,
Willie Frazier,1970,3,1970-10-04,False,SDG,RAM,A,L,10,37,,5,63,1,0,0,0,0,0,0,0,,0,12.3,17.3,7329,False,targets;fum_rec_td,PFR+RULE2PT,19701004-SDG-RAM,False,fum_rec_td,False,True,fum_rec_td,
Willie Frazier,1970,4,1970-10-12,False,SDG,GNB,H,L,20,22,,1,11,0,2,94,1,0,0,0,0,,0,16.5,17.5,7329,False,targets;fum_rec_td,PFR+RULE2PT,19701012-GNB-SDG,False,fum_rec_td,False,True,fum_rec_td,
Willie Frazier,1970,5,1970-10-18,False,SDG,CHI,A,W,20,7,,0,0,0,0,0,0,0,0,0,0,,0,0.0,0.0,7329,False,targets;fum_rec_td,PFR+RULE2PT,19701018-SDG-CHI,False,fum_rec_td,False,True,fum_rec_td,
Willie Frazier,1970,6,1970-10-25,False,SDG,HOU,H,T,31,31,,3,33,1,0,0,0,0,0,0,0,,0,9.3,12.3,7329,False,targets;fum_rec_td,PFR+RULE2PT,19701025-HOU-SDG,False,fum_rec_td,False,True,fum_rec_td,
Willie Frazier,1970,7,1970-11-01,False,SDG,CLE,A,W,27,10,,5,83,0,0,0,0,0,0,0,0,,0,8.3,13.3,7329,False,targets;fum_rec_td,PFR+RULE2PT,19701101-SDG-CLE,False,fum_rec_td,False,True,fum_rec_td,
Willie Frazier,1970,8,1970-11-08,False,SDG,DEN,H,W,24,21,,3,35,1,0,0,0,0,0,0,0,,0,9.5,12.5,7329,False,targets;fum_rec_td,PFR+RULE2PT,19701108-DEN-SDG,False,fum_rec_td,False,True,fum_rec_td,
Willie Frazier,1970,9,1970-11-15,False,SDG,BOS,A,W,16,14,,2,29,0,0,0,0,0,0,0,0,,0,2.9,4.9,7329,False,targets;fum_rec_td,PFR+RULE2PT,19701115-SDG-BOS,False,fum_rec_td,False,True,fum_rec_td,
Willie Frazier,1970,10,1970-11-22,False,SDG,OAK,A,L,17,20,,4,56,0,1,13,0,0,0,0,0,,0,6.9,10.9,7329,False,targets;fum_rec_td,PFR+RULE2PT,19701122-SDG-OAK,False,fum_rec_td,False,True,fum_rec_td,
Willie Frazier,1970,11,1970-11-29,False,SDG,KAN,A,L,14,26,,1,8,0,0,0,0,0,0,0,0,,0,0.8,1.8,7329,False,targets;fum_rec_td,PFR+RULE2PT,19701129-SDG-KAN,False,fum_rec_td,False,True,fum_rec_td,
Willie Frazier,1970,12,1970-12-06,False,SDG,CIN,H,L,14,17,,5,42,1,1,7,0,0,0,0,0,,0,10.9,15.9,7329,False,targets;fum_rec_td,PFR+RULE2PT,19701206-CIN-SDG,False,fum_rec_td,False,True,fum_rec_td,
Willie Frazier,1970,13,1970-12-13,False,SDG,DEN,A,T,17,17,,1,3,0,0,0,0,0,0,0,0,,0,0.3,1.3,7329,False,targets;fum_rec_td,PFR+RULE2PT,19701213-SDG-DEN,False,fum_rec_td,False,True,fum_rec_td,
Willie Frazier,1970,14,1970-12-20,False,SDG,KAN,H,W,31,13,,2,8,2,0,0,0,0,0,0,0,,0,12.8,14.8,7329,False,targets;fum_rec_td,PFR+RULE2PT,19701220-KAN-SDG,False,fum_rec_td,False,True,fum_rec_td,
Willie Frazier,1971,1,1971-09-19,False,HOU,CLE,A,L,0,31,,0,0,0,0,0,0,0,0,0,0,,0,0.0,0.0,7329,False,targets;fum_rec_td,PFR+RULE2PT,19710919-HOU-CLE,False,fum_rec_td,False,True,fum_rec_td,
Willie Frazier,1971,2,1971-09-26,False,HOU,KAN,H,L,16,20,,0,0,0,0,0,0,0,0,0,0,,0,0.0,0.0,7329,False,targets;fum_rec_td,PFR+RULE2PT,19710926-KAN-HOU,False,fum_rec_td,False,True,fum_rec_td,
Willie Frazier,1971,3,1971-10-03,False,HOU,NOR,H,T,13,13,,2,46,0,0,0,0,0,0,0,0,,0,4.6,6.6,7329,False,targets;fum_rec_td,PFR+RULE2PT,19711003-NOR-HOU,False,fum_rec_td,False,True,fum_rec_td,
Willie Frazier,1971,4,1971-10-10,False,HOU,WAS,A,L,13,22,,4,36,0,0,0,0,0,0,0,0,,0,3.6,7.6,7329,False,targets;fum_rec_td,PFR+RULE2PT,19711010-HOU-WAS,False,fum_rec_td,False,True,fum_rec_td,
Willie Frazier,1971,5,1971-10-17,False,HOU,DET,H,L,7,31,,2,31,0,0,0,0,0,0,0,0,,0,3.1,5.1,7329,False,targets;fum_rec_td,PFR+RULE2PT,19711017-DET-HOU,False,fum_rec_td,False,True,fum_rec_td,
Willie Frazier,1971,6,1971-10-24,False,HOU,PIT,A,L,16,23,,0,0,0,0,0,0,0,0,0,0,,0,0.0,0.0,7329,False,targets;fum_rec_td,PFR+RULE2PT,19711024-HOU-PIT,False,fum_rec_td,False,True,fum_rec_td,
Willie Frazier,1971,7,1971-10-31,False,KAN,OAK,A,T,20,20,,0,0,0,0,0,0,0,0,0,0,,0,0.0,0.0,7329,False,targets;fum_rec_td,PFR+RULE2PT,19711031-KAN-OAK,False,fum_rec_td,False,True,fum_rec_td,
Willie Frazier,1971,8,1971-11-07,False,KAN,NYJ,A,L,10,13,,1,23,0,0,0,0,0,0,0,0,,0,2.3,3.3,7329,False,targets;fum_rec_td,PFR+RULE2PT,19711107-KAN-NYJ,False,fum_rec_td,False,True,fum_rec_td,
Willie Frazier,1971,9,1971-11-14,False,KAN,CLE,H,W,13,7,,0,0,0,1,-2,0,0,0,0,0,,0,-0.2,-0.2,7329,False,targets;fum_rec_td,PFR+RULE2PT,19711114-CLE-KAN,False,fum_rec_td,False,True,fum_rec_td,
Willie Frazier,1971,10,1971-11-21,False,KAN,DEN,H,W,28,10,,0,0,0,0,0,0,0,0,0,0,,0,0.0,0.0,7329,False,targets;fum_rec_td,PFR+RULE2PT,19711121-DEN-KAN,False,fum_rec_td,False,True,fum_rec_td,
Willie Frazier,1971,11,1971-11-25,False,KAN,DET,A,L,21,32,,0,0,0,0,0,0,0,0,0,0,,0,0.0,0.0,7329,False,targets;fum_rec_td,PFR+RULE2PT,19711125-KAN-DET,False,fum_rec_td,False,True,fum_rec_td,
Willie Frazier,1971,12,1971-12-06,False,KAN,SFO,A,W,26,17,,0,0,0,0,0,0,0,0,0,0,,0,0.0,0.0,7329,False,targets;fum_rec_td,PFR+RULE2PT,19711206-KAN-SFO,False,fum_rec_td,False,True,fum_rec_td,
Willie Frazier,1971,13,1971-12-12,False,KAN,OAK,H,W,16,14,,0,0,0,0,0,0,0,0,0,0,,0,0.0,0.0,7329,False,targets;fum_rec_td,PFR+RULE2PT,19711212-OAK-KAN,False,fum_rec_td,False,True,fum_rec_td,
Willie Frazier,1971,14,1971-12-19,False,KAN,BUF,H,W,22,9,,1,18,0,0,0,0,0,0,0,0,,0,1.8,2.8,7329,False,targets;fum_rec_td,PFR+RULE2PT,19711219-BUF-KAN,False,fum_rec_td,False,True,fum_rec_td,
Willie Frazier,1971,15,1971-12-25,True,KAN,MIA,H,L,24,27,,1,14,0,0,0,0,0,0,0,0,,0,1.4,2.4,7329,False,targets;fum_rec_td,PFR+RULE2PT,19711225-MIA-KAN,False,fum_rec_td,False,True,fum_rec_td,
Willie Frazier,1972,1,1972-09-17,False,KAN,MIA,H,L,10,20,,2,19,1,0,0,0,0,0,0,0,,0,7.9,9.9,7329,False,targets;fum_rec_td,PFR+RULE2PT,19720917-MIA-KAN,False,fum_rec_td,False,True,fum_rec_td,
Willie Frazier,1972,2,1972-09-25,False,KAN,NOR,A,W,20,17,,2,11,1,0,0,0,0,0,0,0,,0,7.1,9.1,7329,False,targets;fum_rec_td,PFR+RULE2PT,19720925-KAN-NOR,False,fum_rec_td,False,True,fum_rec_td,
Willie Frazier,1972,3,1972-10-01,False,KAN,DEN,A,W,45,24,,2,51,1,0,0,0,0,0,0,0,,0,11.1,13.1,7329,False,targets;fum_rec_td,PFR+RULE2PT,19721001-KAN-DEN,False,fum_rec_td,False,True,fum_rec_td,
Willie Frazier,1972,4,1972-10-08,False,KAN,CLE,A,W,31,7,,1,3,1,0,0,0,0,0,0,0,,0,6.3,7.3,7329,False,targets;fum_rec_td,PFR+RULE2PT,19721008-KAN-CLE,False,fum_rec_td,False,True,fum_rec_td,
Willie Frazier,1972,5,1972-10-15,False,KAN,CIN,H,L,16,23,,1,14,0,0,0,0,0,0,0,0,,0,1.4,2.4,7329,False,targets;fum_rec_td,PFR+RULE2PT,19721015-CIN-KAN,False,fum_rec_td,False,True,fum_rec_td,
Willie Frazier,1972,6,1972-10-22,False,KAN,PHI,H,L,20,21,,1,20,1,0,0,0,0,0,0,0,,0,8.0,9.0,7329,False,targets;fum_rec_td,PFR+RULE2PT,19721022-PHI-KAN,False,fum_rec_td,False,True,fum_rec_td,
Willie Frazier,1972,7,1972-10-29,False,KAN,SDG,A,W,26,14,,1,13,0,0,0,0,0,0,0,0,,0,1.3,2.3,7329,False,targets;fum_rec_td,PFR+RULE2PT,19721029-KAN-SDG,False,fum_rec_td,False,True,fum_rec_td,
Willie Frazier,1972,8,1972-11-05,False,KAN,OAK,H,W,27,14,,0,0,0,0,0,0,0,0,0,0,,0,0.0,0.0,7329,False,targets;fum_rec_td,PFR+RULE2PT,19721105-OAK-KAN,False,fum_rec_td,False,True,fum_rec_td,
Willie Frazier,1972,9,1972-11-12,False,KAN,PIT,A,L,7,16,,1,2,0,0,0,0,0,0,0,0,,0,0.2,1.2,7329,False,targets;fum_rec_td,PFR+RULE2PT,19721112-KAN-PIT,False,fum_rec_td,False,True,fum_rec_td,
Willie Frazier,1972,10,1972-11-19,False,KAN,SDG,H,L,17,27,,2,39,0,0,0,0,0,0,0,0,,0,3.9,5.9,7329,False,targets;fum_rec_td,PFR+RULE2PT,19721119-SDG-KAN,False,fum_rec_td,False,True,fum_rec_td,
Willie Frazier,1972,11,1972-11-26,False,KAN,OAK,A,L,3,26,,0,0,0,0,0,0,0,0,0,0,,0,0.0,0.0,7329,False,targets;fum_rec_td,PFR+RULE2PT,19721126-KAN-OAK,False,fum_rec_td,False,True,fum_rec_td,
Willie Frazier,1972,12,1972-12-03,False,KAN,DEN,H,W,24,21,,0,0,0,0,0,0,0,0,0,0,,0,0.0,0.0,7329,False,targets;fum_rec_td,PFR+RULE2PT,19721203-DEN-KAN,False,fum_rec_td,False,True,fum_rec_td,
Willie Frazier,1972,13,1972-12-10,False,KAN,BAL,H,W,24,10,,0,0,0,0,0,0,0,0,0,0,,0,0.0,0.0,7329,False,targets;fum_rec_td,PFR+RULE2PT,19721210-BAL-KAN,False,fum_rec_td,False,True,fum_rec_td,
Willie Frazier,1972,14,1972-12-17,False,KAN,ATL,A,W,17,14,,0,0,0,0,0,0,0,0,0,0,,0,0.0,0.0,7329,False,targets;fum_rec_td,PFR+RULE2PT,19721217-KAN-ATL,False,fum_rec_td,False,True,fum_rec_td,
Willie Frazier,1975,9,1975-11-16,False,HOU,MIA,H,W,20,19,,0,0,0,0,0,0,0,0,0,0,,0,0.0,0.0,7329,False,targets;fum_rec_td,PFR+RULE2PT,19751116-MIA-HOU,False,fum_rec_td,False,True,fum_rec_td,
Willie Frazier,1975,10,1975-11-24,False,HOU,PIT,H,L,9,32,,1,9,0,0,0,0,0,0,0,0,,0,0.9,1.9,7329,False,targets;fum_rec_td,PFR+RULE2PT,19751124-PIT-HOU,False,fum_rec_td,False,True,fum_rec_td,
Willie Frazier,1975,11,1975-11-30,False,HOU,CIN,A,L,19,23,,0,0,0,0,0,0,0,0,0,0,,0,0.0,0.0,7329,False,targets;fum_rec_td,PFR+RULE2PT,19751130-HOU-CIN,False,fum_rec_td,False,True,fum_rec_td,
Willie Frazier,1975,13,1975-12-14,False,HOU,OAK,A,W,27,26,,0,0,0,0,0,0,0,0,0,0,,0,0.0,0.0,7329,False,targets;fum_rec_td,PFR+RULE2PT,19751214-HOU-OAK,False,fum_rec_td,False,True,fum_rec_td,
Willie Frazier,1975,14,1975-12-21,False,HOU,CLE,H,W,21,10,,0,0,0,0,0,0,0,0,0,0,,0,0.0,0.0,7329,False,targets;fum_rec_td,PFR+RULE2PT,19751221-CLE-HOU,False,fum_rec_td,False,True,fum_rec_td,
Bennie Cunningham,1976,3,1976-09-26,False,PIT,NWE,H,L,27,30,,0,0,0,0,0,0,0,0,0,0,,0,0.0,0.0,4918,False,targets;fum_rec_td,PFR+RULE2PT,19760926-NWE-PIT,False,fum_rec_td,False,True,fum_rec_td,
Bennie Cunningham,1976,4,1976-10-04,False,PIT,MIN,A,L,6,17,,2,14,1,0,0,0,0,0,0,0,,0,7.4,9.4,4918,False,targets;fum_rec_td,PFR+RULE2PT,19761004-PIT-MIN,False,fum_rec_td,False,True,fum_rec_td,
Bennie Cunningham,1976,5,1976-10-10,False,PIT,CLE,A,L,16,18,,0,0,0,0,0,0,0,0,0,0,,0,0.0,0.0,4918,False,targets;fum_rec_td,PFR+RULE2PT,19761010-PIT-CLE,False,fum_rec_td,False,True,fum_rec_td,
Bennie Cunningham,1976,6,1976-10-17,False,PIT,CIN,H,W,23,6,,0,0,0,0,0,0,0,0,0,0,,0,0.0,0.0,4918,False,targets;fum_rec_td,PFR+RULE2PT,19761017-CIN-PIT,False,fum_rec_td,False,True,fum_rec_td,
Bennie Cunningham,1976,7,1976-10-24,False,PIT,NYG,A,W,27,0,,0,0,0,0,0,0,0,0,0,0,,0,0.0,0.0,4918,False,targets;fum_rec_td,PFR+RULE2PT,19761024-PIT-NYG,False,fum_rec_td,False,True,fum_rec_td,
Bennie Cunningham,1976,8,1976-10-31,False,PIT,SDG,H,W,23,0,,0,0,0,0,0,0,0,0,0,0,,0,0.0,0.0,4918,False,targets;fum_rec_td,PFR+RULE2PT,19761031-SDG-PIT,False,fum_rec_td,False,True,fum_rec_td,
Bennie Cunningham,1976,9,1976-11-07,False,PIT,KAN,A,W,45,0,,1,20,0,0,0,0,0,0,0,0,,0,2.0,3.0,4918,False,targets;fum_rec_td,PFR+RULE2PT,19761107-PIT-KAN,False,fum_rec_td,False,True,fum_rec_td,
Bennie Cunningham,1976,10,1976-11-14,False,PIT,MIA,H,W,14,3,,0,0,0,0,0,0,0,0,0,0,,0,0.0,0.0,4918,False,targets;fum_rec_td,PFR+RULE2PT,19761114-MIA-PIT,False,fum_rec_td,False,True,fum_rec_td,
Bennie Cunningham,1976,11,1976-11-21,False,PIT,HOU,H,W,32,16,,0,0,0,0,0,0,0,0,0,0,,0,0.0,0.0,4918,False,targets;fum_rec_td,PFR+RULE2PT,19761121-HOU-PIT,False,fum_rec_td,False,True,fum_rec_td,
Bennie Cunningham,1976,12,1976-11-28,False,PIT,CIN,A,W,7,3,,0,0,0,0,0,0,0,0,0,0,,0,0.0,0.0,4918,False,targets;fum_rec_td,PFR+RULE2PT,19761128-PIT-CIN,False,fum_rec_td,False,True,fum_rec_td,
Bennie Cunningham,1976,13,1976-12-05,False,PIT,TAM,H,W,42,0,,2,15,0,0,0,0,0,0,0,0,,0,1.5,3.5,4918,False,targets;fum_rec_td,PFR+RULE2PT,19761205-TAM-PIT,False,fum_rec_td,False,True,fum_rec_td,
Bennie Cunningham,1976,14,1976-12-11,False,PIT,HOU,A,W,21,0,,0,0,0,0,0,0,0,0,0,0,,0,0.0,0.0,4918,False,targets;fum_rec_td,PFR+RULE2PT,19761211-PIT-HOU,False,fum_rec_td,False,True,fum_rec_td,
Bennie Cunningham,1976,15,1976-12-19,True,PIT,BAL,A,W,40,14,,0,0,0,0,0,0,0,0,0,0,,0,0.0,0.0,4918,False,targets;fum_rec_td,PFR+RULE2PT,19761219-PIT-BAL,False,fum_rec_td,False,True,fum_rec_td,
Bennie Cunningham,1976,16,1976-12-26,True,PIT,OAK,A,L,7,24,,4,36,0,1,0,0,0,0,0,0,,0,3.6,7.6,4918,False,targets;fum_rec_td,PFR+RULE2PT,19761226-PIT-OAK,False,fum_rec_td,False,True,fum_rec_td,
Bennie Cunningham,1977,1,1977-09-19,False,PIT,SFO,H,W,27,0,,1,29,0,0,0,0,0,0,0,0,,0,2.9,3.9,4918,False,targets;fum_rec_td,PFR+RULE2PT,19770919-SFO-PIT,False,fum_rec_td,False,True,fum_rec_td,
Bennie Cunningham,1977,2,1977-09-25,False,PIT,OAK,H,L,7,16,,1,43,1,0,0,0,0,0,0,0,,0,10.3,11.3,4918,False,targets;fum_rec_td,PFR+RULE2PT,19770925-OAK-PIT,False,fum_rec_td,False,True,fum_rec_td,
Bennie Cunningham,1977,3,1977-10-02,False,PIT,CLE,A,W,28,14,,0,0,0,0,0,0,0,0,0,0,,0,0.0,0.0,4918,False,targets;fum_rec_td,PFR+RULE2PT,19771002-PIT-CLE,False,fum_rec_td,False,True,fum_rec_td,
Bennie Cunningham,1977,4,1977-10-09,False,PIT,HOU,A,L,10,27,,0,0,0,0,0,0,0,0,0,0,,0,0.0,0.0,4918,False,targets;fum_rec_td,PFR+RULE2PT,19771009-PIT-HOU,False,fum_rec_td,False,True,fum_rec_td,
Bennie Cunningham,1977,5,1977-10-17,False,PIT,CIN,H,W,20,14,,2,49,0,0,0,0,0,0,0,0,,0,4.9,6.9,4918,False,targets;fum_rec_td,PFR+RULE2PT,19771017-CIN-PIT,False,fum_rec_td,False,True,fum_rec_td,
Bennie Cunningham,1977,6,1977-10-23,False,PIT,HOU,H,W,27,10,,5,55,1,0,0,0,0,0,0,0,,0,11.5,16.5,4918,False,targets;fum_rec_td,PFR+RULE2PT,19771023-HOU-PIT,False,fum_rec_td,False,True,fum_rec_td,
Bennie Cunningham,1977,7,1977-10-30,False,PIT,BAL,A,L,21,31,,2,20,0,0,0,0,0,0,0,0,,0,2.0,4.0,4918,False,targets;fum_rec_td,PFR+RULE2PT,19771030-PIT-BAL,False,fum_rec_td,False,True,fum_rec_td,
Bennie Cunningham,1977,8,1977-11-06,False,PIT,DEN,A,L,7,21,,0,0,0,0,0,0,0,0,0,0,,0,0.0,0.0,4918,False,targets;fum_rec_td,PFR+RULE2PT,19771106-PIT-DEN,False,fum_rec_td,False,True,fum_rec_td,
Bennie Cunningham,1977,9,1977-11-13,False,PIT,CLE,H,W,35,31,,1,21,0,0,0,0,0,0,0,0,,0,2.1,3.1,4918,False,targets;fum_rec_td,PFR+RULE2PT,19771113-CLE-PIT,False,fum_rec_td,False,True,fum_rec_td,
Bennie Cunningham,1977,10,1977-11-20,False,PIT,DAL,H,W,28,13,,1,21,0,0,0,0,0,0,0,0,,0,2.1,3.1,4918,False,targets;fum_rec_td,PFR+RULE2PT,19771120-DAL-PIT,False,fum_rec_td,False,True,fum_rec_td,
Bennie Cunningham,1977,13,1977-12-10,False,PIT,CIN,A,L,10,17,,4,64,0,0,0,0,0,0,0,0,,0,6.4,10.4,4918,False,targets;fum_rec_td,PFR+RULE2PT,19771210-PIT-CIN,False,fum_rec_td,False,True,fum_rec_td,
Bennie Cunningham,1977,14,1977-12-18,False,PIT,SDG,A,W,10,9,,3,45,0,0,0,0,0,0,0,0,,0,4.5,7.5,4918,False,targets;fum_rec_td,PFR+RULE2PT,19771218-PIT-SDG,False,fum_rec_td,False,True,fum_rec_td,
Bennie Cunningham,1977,15,1977-12-24,True,PIT,DEN,A,L,21,34,,3,42,0,0,0,0,0,0,0,0,,0,4.2,7.2,4918,False,targets;fum_rec_td,PFR+RULE2PT,19771224-PIT-DEN,False,fum_rec_td,False,True,fum_rec_td,
Bennie Cunningham,1978,1,1978-09-03,False,PIT,BUF,A,W,28,17,,3,70,0,0,0,0,0,0,0,0,,0,7.0,10.0,4918,False,targets;fum_rec_td,PFR+RULE2PT,19780903-PIT-BUF,False,fum_rec_td,False,True,fum_rec_td,
Bennie Cunningham,1978,2,1978-09-10,False,PIT,SEA,H,W,21,10,,4,45,0,0,0,0,0,0,0,0,,0,4.5,8.5,4918,False,targets;fum_rec_td,PFR+RULE2PT,19780910-SEA-PIT,False,fum_rec_td,False,True,fum_rec_td,
Bennie Cunningham,1978,3,1978-09-17,False,PIT,CIN,A,W,28,3,,4,107,1,0,0,0,0,0,0,0,,0,16.7,20.7,4918,False,targets;fum_rec_td,PFR+RULE2PT,19780917-PIT-CIN,False,fum_rec_td,False,True,fum_rec_td,
Bennie Cunningham,1978,4,1978-09-24,False,PIT,CLE,H,W,15,9,,2,69,1,0,0,0,0,0,0,0,,0,12.9,14.9,4918,False,targets;fum_rec_td,PFR+RULE2PT,19780924-CLE-PIT,False,fum_rec_td,False,True,fum_rec_td,
Bennie Cunningham,1978,5,1978-10-01,False,PIT,NYJ,A,W,28,17,,1,2,0,0,0,0,0,0,0,0,,0,0.2,1.2,4918,False,targets;fum_rec_td,PFR+RULE2PT,19781001-PIT-NYJ,False,fum_rec_td,False,True,fum_rec_td,
Bennie Cunningham,1978,6,1978-10-08,False,PIT,ATL,H,W,31,7,,2,28,0,0,0,0,0,0,0,0,,0,2.8,4.8,4918,False,targets;fum_rec_td,PFR+RULE2PT,19781008-ATL-PIT,False,fum_rec_td,False,True,fum_rec_td,
Bennie Cunningham,1979,1,1979-09-03,False,PIT,NWE,A,W,16,13,,2,40,0,0,0,0,0,0,0,0,,0,4.0,6.0,4918,False,targets;fum_rec_td,PFR+RULE2PT,19790903-PIT-NWE,False,fum_rec_td,False,True,fum_rec_td,
Bennie Cunningham,1979,2,1979-09-09,False,PIT,HOU,H,W,38,7,,0,0,0,0,0,0,0,0,0,0,,0,0.0,0.0,4918,False,targets;fum_rec_td,PFR+RULE2PT,19790909-HOU-PIT,False,fum_rec_td,False,True,fum_rec_td,
Bennie Cunningham,1979,3,1979-09-16,False,PIT,STL,A,W,24,21,,5,72,1,0,0,0,0,0,0,0,,0,13.2,18.2,4918,False,targets;fum_rec_td,PFR+RULE2PT,19790916-PIT-STL,False,fum_rec_td,False,True,fum_rec_td,
Bennie Cunningham,1979,4,1979-09-23,False,PIT,BAL,H,W,17,13,,3,68,1,0,0,0,0,0,0,0,,0,12.8,15.8,4918,False,targets;fum_rec_td,PFR+RULE2PT,19790923-BAL-PIT,False,fum_rec_td,False,True,fum_rec_td,
Bennie Cunningham,1979,5,1979-09-30,False,PIT,PHI,A,L,14,17,,1,19,0,0,0,0,0,0,0,0,,0,1.9,2.9,4918,False,targets;fum_rec_td,PFR+RULE2PT,19790930-PIT-PHI,False,fum_rec_td,False,True,fum_rec_td,
Bennie Cunningham,1979,6,1979-10-07,False,PIT,CLE,A,W,51,35,,4,29,1,0,0,0,0,0,0,0,,0,8.9,12.9,4918,False,targets;fum_rec_td,PFR+RULE2PT,19791007-PIT-CLE,False,fum_rec_td,False,True,fum_rec_td,
Bennie Cunningham,1979,7,1979-10-14,False,PIT,CIN,A,L,10,34,,4,38,0,0,0,0,0,0,0,0,,0,3.8,7.8,4918,False,targets;fum_rec_td,PFR+RULE2PT,19791014-PIT-CIN,False,fum_rec_td,False,True,fum_rec_td,
Bennie Cunningham,1979,9,1979-10-28,False,PIT,DAL,H,W,14,3,,0,0,0,0,0,0,0,0,0,0,,0,0.0,0.0,4918,False,targets;fum_rec_td,PFR+RULE2PT,19791028-DAL-PIT,False,fum_rec_td,False,True,fum_rec_td,
Bennie Cunningham,1979,10,1979-11-04,False,PIT,WAS,H,W,38,7,,2,29,1,0,0,0,0,0,0,0,,0,8.9,10.9,4918,False,targets;fum_rec_td,PFR+RULE2PT,19791104-WAS-PIT,False,fum_rec_td,False,True,fum_rec_td,
Bennie Cunningham,1979,11,1979-11-11,False,PIT,KAN,A,W,30,3,,2,29,0,0,0,0,0,0,0,0,,0,2.9,4.9,4918,False,targets;fum_rec_td,PFR+RULE2PT,19791111-PIT-KAN,False,fum_rec_td,False,True,fum_rec_td,
Bennie Cunningham,1979,12,1979-11-18,False,PIT,SDG,A,L,7,35,,1,-8,0,0,0,0,0,0,0,0,,0,-0.8,0.2,4918,False,targets;fum_rec_td,PFR+RULE2PT,19791118-PIT-SDG,False,fum_rec_td,False,True,fum_rec_td,
Bennie Cunningham,1979,13,1979-11-25,False,PIT,CLE,H,W,33,30,,4,68,0,0,0,0,0,0,0,0,,0,6.8,10.8,4918,False,targets;fum_rec_td,PFR+RULE2PT,19791125-CLE-PIT,False,fum_rec_td,False,True,fum_rec_td,
Bennie Cunningham,1979,14,1979-12-02,False,PIT,CIN,H,W,37,17,,3,25,0,0,0,0,0,0,0,0,,0,2.5,5.5,4918,False,targets;fum_rec_td,PFR+RULE2PT,19791202-CIN-PIT,False,fum_rec_td,False,True,fum_rec_td,
Bennie Cunningham,1979,15,1979-12-10,False,PIT,HOU,A,L,17,20,,2,67,0,0,0,0,0,0,0,0,,0,6.7,8.7,4918,False,targets;fum_rec_td,PFR+RULE2PT,19791210-PIT-HOU,False,fum_rec_td,False,True,fum_rec_td,
Bennie Cunningham,1979,16,1979-12-16,False,PIT,BUF,H,W,28,0,,3,36,0,0,0,0,0,0,0,0,,0,3.6,6.6,4918,False,targets;fum_rec_td,PFR+RULE2PT,19791216-BUF-PIT,False,fum_rec_td,False,True,fum_rec_td,
Bennie Cunningham,1979,17,1979-12-30,True,PIT,MIA,H,W,34,14,,0,0,0,0,0,0,0,0,0,0,,0,0.0,0.0,4918,False,targets;fum_rec_td,PFR+RULE2PT,19791230-MIA-PIT,False,fum_rec_td,False,True,fum_rec_td,
Bennie Cunningham,1979,18,1980-01-06,True,PIT,HOU,H,W,27,13,,2,14,1,0,0,0,0,0,0,0,,0,7.4,9.4,4918,False,targets;fum_rec_td,PFR+RULE2PT,19800106-HOU-PIT,False,fum_rec_td,False,True,fum_rec_td,
Bennie Cunningham,1979,19,1980-01-20,True,PIT,RAM,N,W,31,19,,2,21,0,0,0,0,0,0,0,0,,0,2.1,4.1,4918,False,targets;fum_rec_td,PFR+RULE2PT,19800120-PIT-RAM-N,False,fum_rec_td,False,True,fum_rec_td,
Emery Moorehead,1977,1,1977-09-18,False,NYG,WAS,H,W,20,17,,1,19,0,0,0,0,0,0,0,0,,0,1.9,2.9,15747,False,targets;fum_rec_td,PFR+RULE2PT,19770918-WAS-NYG,False,fum_rec_td,False,True,fum_rec_td,
Emery Moorehead,1977,2,1977-09-25,False,NYG,DAL,A,L,21,41,,0,0,0,0,0,0,0,0,0,0,,0,0.0,0.0,15747,False,targets;fum_rec_td,PFR+RULE2PT,19770925-NYG-DAL,False,fum_rec_td,False,True,fum_rec_td,
Emery Moorehead,1977,3,1977-10-02,False,NYG,ATL,A,L,3,17,,0,0,0,0,0,0,0,0,0,0,,0,0.0,0.0,15747,False,targets;fum_rec_td,PFR+RULE2PT,19771002-NYG-ATL,False,fum_rec_td,False,True,fum_rec_td,
Emery Moorehead,1977,4,1977-10-09,False,NYG,PHI,H,L,10,28,,1,11,0,0,0,0,0,0,0,0,,0,1.1,2.1,15747,False,targets;fum_rec_td,PFR+RULE2PT,19771009-PHI-NYG,False,fum_rec_td,False,True,fum_rec_td,
Emery Moorehead,1977,5,1977-10-16,False,NYG,SFO,H,W,20,17,,0,0,0,0,0,0,0,0,0,0,,0,0.0,0.0,15747,False,targets;fum_rec_td,PFR+RULE2PT,19771016-SFO-NYG,False,fum_rec_td,False,True,fum_rec_td,
Emery Moorehead,1977,7,1977-10-31,False,NYG,STL,A,L,0,28,,0,0,0,0,0,0,0,0,0,0,,0,0.0,0.0,15747,False,targets;fum_rec_td,PFR+RULE2PT,19771031-NYG-STL,False,fum_rec_td,False,True,fum_rec_td,
Emery Moorehead,1977,8,1977-11-06,False,NYG,DAL,H,L,10,24,,0,0,0,0,0,0,0,0,0,0,,0,0.0,0.0,15747,False,targets;fum_rec_td,PFR+RULE2PT,19771106-DAL-NYG,False,fum_rec_td,False,True,fum_rec_td,
Emery Moorehead,1977,9,1977-11-13,False,NYG,TAM,A,W,10,0,,0,0,0,0,0,0,0,0,0,0,,0,0.0,0.0,15747,False,targets;fum_rec_td,PFR+RULE2PT,19771113-NYG-TAM,False,fum_rec_td,False,True,fum_rec_td,
Emery Moorehead,1977,10,1977-11-20,False,NYG,CLE,H,L,7,21,,3,36,1,0,0,0,0,0,0,0,,0,9.6,12.6,15747,False,targets;fum_rec_td,PFR+RULE2PT,19771120-CLE-NYG,False,fum_rec_td,False,True,fum_rec_td,
Emery Moorehead,1977,11,1977-11-27,False,NYG,CIN,A,L,13,30,,3,38,0,0,0,0,0,0,0,0,,0,3.8,6.8,15747,False,targets;fum_rec_td,PFR+RULE2PT,19771127-NYG-CIN,False,fum_rec_td,False,True,fum_rec_td,
Emery Moorehead,1977,12,1977-12-04,False,NYG,STL,H,W,27,7,,0,0,0,1,5,0,0,0,0,0,,0,0.5,0.5,15747,False,targets;fum_rec_td,PFR+RULE2PT,19771204-STL-NYG,False,fum_rec_td,False,True,fum_rec_td,
Emery Moorehead,1977,13,1977-12-11,False,NYG,PHI,A,L,14,17,,2,15,0,0,0,0,0,0,0,0,,0,1.5,3.5,15747,False,targets;fum_rec_td,PFR+RULE2PT,19771211-NYG-PHI,False,fum_rec_td,False,True,fum_rec_td,
Emery Moorehead,1977,14,1977-12-18,False,NYG,CHI,H,L,9,12,,2,24,0,0,0,0,0,0,0,0,,0,2.4,4.4,15747,False,targets;fum_rec_td,PFR+RULE2PT,19771218-CHI-NYG,False,fum_rec_td,False,True,fum_rec_td,
Emery Moorehead,1978,7,1978-10-15,False,NYG,TAM,H,W,17,14,,0,0,0,0,0,0,0,0,0,0,,0,0.0,0.0,15747,False,targets;fum_rec_td,PFR+RULE2PT,19781015-TAM-NYG,False,fum_rec_td,False,True,fum_rec_td,
Emery Moorehead,1978,8,1978-10-22,False,NYG,WAS,H,W,17,6,,0,0,0,0,0,0,0,0,0,0,,0,0.0,0.0,15747,False,targets;fum_rec_td,PFR+RULE2PT,19781022-WAS-NYG,False,fum_rec_td,False,True,fum_rec_td,
Emery Moorehead,1978,9,1978-10-29,False,NYG,NOR,A,L,17,28,,0,0,0,0,0,0,0,0,0,0,,0,0.0,0.0,15747,False,targets;fum_rec_td,PFR+RULE2PT,19781029-NYG-NOR,False,fum_rec_td,False,True,fum_rec_td,
Emery Moorehead,1978,10,1978-11-05,False,NYG,STL,A,L,10,20,,1,25,0,0,0,0,0,0,0,0,,0,2.5,3.5,15747,False,targets;fum_rec_td,PFR+RULE2PT,19781105-NYG-STL,False,fum_rec_td,False,True,fum_rec_td,
Emery Moorehead,1978,11,1978-11-12,False,NYG,WAS,A,L,13,16,,1,12,0,0,0,0,0,0,0,0,,0,1.2,2.2,15747,False,targets;fum_rec_td,PFR+RULE2PT,19781112-NYG-WAS,False,fum_rec_td,False,True,fum_rec_td,
Emery Moorehead,1978,12,1978-11-19,False,NYG,PHI,H,L,17,19,,0,0,0,0,0,0,0,0,0,0,,0,0.0,0.0,15747,False,targets;fum_rec_td,PFR+RULE2PT,19781119-PHI-NYG,False,fum_rec_td,False,True,fum_rec_td,
Emery Moorehead,1978,13,1978-11-26,False,NYG,BUF,A,L,17,41,,0,0,0,0,0,0,0,0,0,0,,0,0.0,0.0,15747,False,targets;fum_rec_td,PFR+RULE2PT,19781126-NYG-BUF,False,fum_rec_td,False,True,fum_rec_td,
Emery Moorehead,1978,14,1978-12-03,False,NYG,RAM,H,L,17,20,,0,0,0,0,0,0,0,0,0,0,,0,0.0,0.0,15747,False,targets;fum_rec_td,PFR+RULE2PT,19781203-RAM-NYG,False,fum_rec_td,False,True,fum_rec_td,
Emery Moorehead,1978,15,1978-12-10,False,NYG,STL,H,W,17,0,,1,8,0,0,0,0,0,0,0,0,,0,0.8,1.8,15747,False,targets;fum_rec_td,PFR+RULE2PT,19781210-STL-NYG,False,fum_rec_td,False,True,fum_rec_td,
Emery Moorehead,1978,16,1978-12-17,False,NYG,PHI,A,L,3,20,,0,0,0,0,0,0,0,0,0,0,,0,0.0,0.0,15747,False,targets;fum_rec_td,PFR+RULE2PT,19781217-NYG-PHI,False,fum_rec_td,False,True,fum_rec_td,
Emery Moorehead,1979,1,1979-09-02,False,NYG,PHI,A,L,17,23,,1,0,0,6,4,0,0,0,0,0,,0,0.4,1.4,15747,False,targets;fum_rec_td,PFR+RULE2PT,19790902-NYG-PHI,False,fum_rec_td,False,True,fum_rec_td,
Emery Moorehead,1979,2,1979-09-09,False,NYG,STL,H,L,14,27,,0,0,0,3,7,0,0,0,0,0,,0,0.7,0.7,15747,False,targets;fum_rec_td,PFR+RULE2PT,19790909-STL-NYG,False,fum_rec_td,False,True,fum_rec_td,
Emery Moorehead,1979,3,1979-09-17,False,NYG,WAS,A,L,0,27,,2,23,0,11,37,0,0,0,0,0,,0,6.0,8.0,15747,False,targets;fum_rec_td,PFR+RULE2PT,19790917-NYG-WAS,False,fum_rec_td,False,True,fum_rec_td,
Emery Moorehead,1979,4,1979-09-23,False,NYG,PHI,H,L,13,17,,3,23,0,6,18,0,0,0,0,0,,0,4.1,7.1,15747,False,targets;fum_rec_td,PFR+RULE2PT,19790923-PHI-NYG,False,fum_rec_td,False,True,fum_rec_td,
Emery Moorehead,1979,5,1979-09-30,False,NYG,NOR,A,L,14,24,,1,4,0,5,14,0,0,0,0,0,,0,1.8,2.8,15747,False,targets;fum_rec_td,PFR+RULE2PT,19790930-NYG-NOR,False,fum_rec_td,False,True,fum_rec_td,
Emery Moorehead,1979,6,1979-10-07,False,NYG,TAM,H,W,17,14,,0,0,0,4,13,0,0,0,0,0,,0,1.3,1.3,15747,False,targets;fum_rec_td,PFR+RULE2PT,19791007-TAM-NYG,False,fum_rec_td,False,True,fum_rec_td,
Emery Moorehead,1979,7,1979-10-14,False,NYG,SFO,H,W,32,16,,1,8,0,1,2,0,0,0,0,0,,0,1.0,2.0,15747,False,targets;fum_rec_td,PFR+RULE2PT,19791014-SFO-NYG,False,fum_rec_td,False,True,fum_rec_td,
Emery Moorehead,1979,8,1979-10-21,False,NYG,KAN,A,W,21,17,,0,0,0,0,0,0,0,0,0,0,,0,0.0,0.0,15747,False,targets;fum_rec_td,PFR+RULE2PT,19791021-NYG-KAN,False,fum_rec_td,False,True,fum_rec_td,
Emery Moorehead,1979,9,1979-10-28,False,NYG,RAM,A,W,20,14,,0,0,0,0,0,0,0,0,0,0,,0,0.0,0.0,15747,False,targets;fum_rec_td,PFR+RULE2PT,19791028-NYG-RAM,False,fum_rec_td,False,True,fum_rec_td,
Emery Moorehead,1979,10,1979-11-04,False,NYG,DAL,H,L,14,16,,0,0,0,0,0,0,0,0,0,0,,0,0.0,0.0,15747,False,targets;fum_rec_td,PFR+RULE2PT,19791104-DAL-NYG,False,fum_rec_td,False,True,fum_rec_td,
Emery Moorehead,1979,11,1979-11-11,False,NYG,ATL,H,W,24,3,,0,0,0,0,0,0,0,0,0,0,,0,0.0,0.0,15747,False,targets;fum_rec_td,PFR+RULE2PT,19791111-ATL-NYG,False,fum_rec_td,False,True,fum_rec_td,
Emery Moorehead,1979,12,1979-11-18,False,NYG,TAM,A,L,3,31,,0,0,0,0,0,0,0,0,0,0,,0,0.0,0.0,15747,False,targets;fum_rec_td,PFR+RULE2PT,19791118-NYG-TAM,False,fum_rec_td,False,True,fum_rec_td,
Emery Moorehead,1979,13,1979-11-25,False,NYG,WAS,H,W,14,6,,1,4,0,0,0,0,0,0,0,0,,0,0.4,1.4,15747,False,targets;fum_rec_td,PFR+RULE2PT,19791125-WAS-NYG,False,fum_rec_td,False,True,fum_rec_td,
John Spagnola,1979,1,1979-09-02,False,PHI,NYG,H,W,23,17,,0,0,0,0,0,0,0,0,0,0,,0,0.0,0.0,20933,False,targets;fum_rec_td,PFR+RULE2PT,19790902-NYG-PHI,False,fum_rec_td,False,True,fum_rec_td,
John Spagnola,1979,2,1979-09-10,False,PHI,ATL,H,L,10,14,,1,10,0,0,0,0,0,0,0,0,,0,1.0,2.0,20933,False,targets;fum_rec_td,PFR+RULE2PT,19790910-ATL-PHI,False,fum_rec_td,False,True,fum_rec_td,
John Spagnola,1979,3,1979-09-16,False,PHI,NOR,A,W,26,14,,0,0,0,0,0,0,0,0,0,0,,0,0.0,0.0,20933,False,targets;fum_rec_td,PFR+RULE2PT,19790916-PHI-NOR,False,fum_rec_td,False,True,fum_rec_td,
John Spagnola,1979,4,1979-09-23,False,PHI,NYG,A,W,17,13,,0,0,0,0,0,0,0,0,0,0,,0,0.0,0.0,20933,False,targets;fum_rec_td,PFR+RULE2PT,19790923-PHI-NYG,False,fum_rec_td,False,True,fum_rec_td,
John Spagnola,1979,5,1979-09-30,False,PHI,PIT,H,W,17,14,,0,0,0,0,0,0,0,0,0,0,,0,0.0,0.0,20933,False,targets;fum_rec_td,PFR+RULE2PT,19790930-PIT-PHI,False,fum_rec_td,False,True,fum_rec_td,
John Spagnola,1979,6,1979-10-07,False,PHI,WAS,H,W,28,17,,0,0,0,0,0,0,0,0,0,0,,0,0.0,0.0,20933,False,targets;fum_rec_td,PFR+RULE2PT,19791007-WAS-PHI,False,fum_rec_td,False,True,fum_rec_td,
John Spagnola,1979,7,1979-10-14,False,PHI,STL,A,W,24,20,,0,0,0,0,0,0,0,0,0,0,,0,0.0,0.0,20933,False,targets;fum_rec_td,PFR+RULE2PT,19791014-PHI-STL,False,fum_rec_td,False,True,fum_rec_td,
John Spagnola,1979,8,1979-10-21,False,PHI,WAS,A,L,7,17,,0,0,0,0,0,0,0,0,0,0,,0,0.0,0.0,20933,False,targets;fum_rec_td,PFR+RULE2PT,19791021-PHI-WAS,False,fum_rec_td,False,True,fum_rec_td,
John Spagnola,1979,9,1979-10-28,False,PHI,CIN,A,L,13,37,,0,0,0,0,0,0,0,0,0,0,,0,0.0,0.0,20933,False,targets;fum_rec_td,PFR+RULE2PT,19791028-PHI-CIN,False,fum_rec_td,False,True,fum_rec_td,
John Spagnola,1979,10,1979-11-04,False,PHI,CLE,H,L,19,24,,0,0,0,0,0,0,0,0,0,0,,0,0.0,0.0,20933,False,targets;fum_rec_td,PFR+RULE2PT,19791104-CLE-PHI,False,fum_rec_td,False,True,fum_rec_td,
John Spagnola,1979,11,1979-11-12,False,PHI,DAL,A,W,31,21,,0,0,0,0,0,0,0,0,0,0,,0,0.0,0.0,20933,False,targets;fum_rec_td,PFR+RULE2PT,19791112-PHI-DAL,False,fum_rec_td,False,True,fum_rec_td,
John Spagnola,1979,12,1979-11-18,False,PHI,STL,H,W,16,13,,0,0,0,0,0,0,0,0,0,0,,0,0.0,0.0,20933,False,targets;fum_rec_td,PFR+RULE2PT,19791118-STL-PHI,False,fum_rec_td,False,True,fum_rec_td,
John Spagnola,1979,13,1979-11-25,False,PHI,GNB,A,W,21,10,,0,0,0,0,0,0,0,0,0,0,,0,0.0,0.0,20933,False,targets;fum_rec_td,PFR+RULE2PT,19791125-PHI-GNB,False,fum_rec_td,False,True,fum_rec_td,
John Spagnola,1979,14,1979-12-02,False,PHI,DET,H,W,44,7,,0,0,0,0,0,0,0,0,0,0,,0,0.0,0.0,20933,False,targets;fum_rec_td,PFR+RULE2PT,19791202-DET-PHI,False,fum_rec_td,False,True,fum_rec_td,
John Spagnola,1979,15,1979-12-08,False,PHI,DAL,H,L,17,24,,0,0,0,0,0,0,0,0,0,0,,0,0.0,0.0,20933,False,targets;fum_rec_td,PFR+RULE2PT,19791208-DAL-PHI,False,fum_rec_td,False,True,fum_rec_td,
John Spagnola,1979,16,1979-12-16,False,PHI,HOU,A,W,26,20,,1,14,0,0,0,0,0,0,0,0,,0,1.4,2.4,20933,False,targets;fum_rec_td,PFR+RULE2PT,19791216-PHI-HOU,False,fum_rec_td,False,True,fum_rec_td,
John Spagnola,1979,17,1979-12-23,True,PHI,CHI,H,W,27,17,,0,0,0,0,0,0,0,0,0,0,,0,0.0,0.0,20933,False,targets;fum_rec_td,PFR+RULE2PT,19791223-CHI-PHI,False,fum_rec_td,False,True,fum_rec_td,
John Spagnola,1979,18,1979-12-29,True,PHI,TAM,A,L,17,24,,0,0,0,0,0,0,0,0,0,0,,0,0.0,0.0,20933,False,targets;fum_rec_td,PFR+RULE2PT,19791229-PHI-TAM,False,fum_rec_td,False,True,fum_rec_td,
Bruce Hardy,1978,1,1978-09-03,False,MIA,NYJ,A,L,20,33,,2,17,0,0,0,0,0,0,0,0,,0,1.7,3.7,9028,False,targets;fum_rec_td,PFR+RULE2PT,19780903-MIA-NYJ,False,fum_rec_td,False,True,fum_rec_td,
Bruce Hardy,1978,2,1978-09-10,False,MIA,BAL,A,W,42,0,,1,2,1,0,0,0,0,0,0,0,,0,6.2,7.2,9028,False,targets;fum_rec_td,PFR+RULE2PT,19780910-MIA-BAL,False,fum_rec_td,False,True,fum_rec_td,
Bruce Hardy,1978,3,1978-09-17,False,MIA,BUF,H,W,31,24,,0,0,0,0,0,0,0,0,0,0,,0,0.0,0.0,9028,False,targets;fum_rec_td,PFR+RULE2PT,19780917-BUF-MIA,False,fum_rec_td,False,True,fum_rec_td,
Bruce Hardy,1978,4,1978-09-24,False,MIA,PHI,A,L,3,17,,0,0,0,0,0,0,0,0,0,0,,0,0.0,0.0,9028,False,targets;fum_rec_td,PFR+RULE2PT,19780924-MIA-PHI,False,fum_rec_td,False,True,fum_rec_td,
Bruce Hardy,1978,5,1978-10-01,False,MIA,STL,H,W,24,10,,0,0,0,0,0,0,0,0,0,0,,0,0.0,0.0,9028,False,targets;fum_rec_td,PFR+RULE2PT,19781001-STL-MIA,False,fum_rec_td,False,True,fum_rec_td,
Bruce Hardy,1978,6,1978-10-09,False,MIA,CIN,H,W,21,0,,0,0,0,0,0,0,0,0,0,0,,0,0.0,0.0,9028,False,targets;fum_rec_td,PFR+RULE2PT,19781009-CIN-MIA,False,fum_rec_td,False,True,fum_rec_td,
Bruce Hardy,1978,7,1978-10-15,False,MIA,SDG,A,W,28,21,,0,0,0,0,0,0,0,0,0,0,,0,0.0,0.0,9028,False,targets;fum_rec_td,PFR+RULE2PT,19781015-MIA-SDG,False,fum_rec_td,False,True,fum_rec_td,
Bruce Hardy,1978,8,1978-10-22,False,MIA,NWE,A,L,24,33,,0,0,0,0,0,0,0,0,0,0,,0,0.0,0.0,9028,False,targets;fum_rec_td,PFR+RULE2PT,19781022-MIA-NWE,False,fum_rec_td,False,True,fum_rec_td,
Bruce Hardy,1978,9,1978-10-29,False,MIA,BAL,H,W,26,8,,0,0,0,0,0,0,0,0,0,0,,0,0.0,0.0,9028,False,targets;fum_rec_td,PFR+RULE2PT,19781029-BAL-MIA,False,fum_rec_td,False,True,fum_rec_td,
Bruce Hardy,1978,10,1978-11-05,False,MIA,DAL,H,W,23,16,,0,0,0,0,0,0,0,0,0,0,,0,0.0,0.0,9028,False,targets;fum_rec_td,PFR+RULE2PT,19781105-DAL-MIA,False,fum_rec_td,False,True,fum_rec_td,
Bruce Hardy,1978,11,1978-11-12,False,MIA,BUF,A,W,25,24,,0,0,0,0,0,0,0,0,0,0,,0,0.0,0.0,9028,False,targets;fum_rec_td,PFR+RULE2PT,19781112-MIA-BUF,False,fum_rec_td,False,True,fum_rec_td,
Bruce Hardy,1978,12,1978-11-20,False,MIA,HOU,A,L,30,35,,0,0,0,0,0,0,0,0,0,0,,0,0.0,0.0,9028,False,targets;fum_rec_td,PFR+RULE2PT,19781120-MIA-HOU,False,fum_rec_td,False,True,fum_rec_td,
Bruce Hardy,1978,13,1978-11-26,False,MIA,NYJ,H,L,13,24,,1,13,1,0,0,0,0,0,0,0,,0,7.3,8.3,9028,False,targets;fum_rec_td,PFR+RULE2PT,19781126-NYJ-MIA,False,fum_rec_td,False,True,fum_rec_td,
Bruce Hardy,1978,14,1978-12-03,False,MIA,WAS,A,W,16,0,,0,0,0,0,0,0,0,0,0,0,,0,0.0,0.0,9028,False,targets;fum_rec_td,PFR+RULE2PT,19781203-MIA-WAS,False,fum_rec_td,False,True,fum_rec_td,
Bruce Hardy,1978,15,1978-12-10,False,MIA,OAK,H,W,23,6,,0,0,0,0,0,0,0,0,0,0,,0,0.0,0.0,9028,False,targets;fum_rec_td,PFR+RULE2PT,19781210-OAK-MIA,False,fum_rec_td,False,True,fum_rec_td,
Bruce Hardy,1978,16,1978-12-18,False,MIA,NWE,H,W,23,3,,0,0,0,0,0,0,0,0,0,0,,0,0.0,0.0,9028,False,targets;fum_rec_td,PFR+RULE2PT,19781218-NWE-MIA,False,fum_rec_td,False,True,fum_rec_td,
Bruce Hardy,1978,17,1978-12-24,True,MIA,HOU,H,L,9,17,,0,0,0,0,0,0,0,0,0,0,,0,0.0,0.0,9028,False,targets;fum_rec_td,PFR+RULE2PT,19781224-HOU-MIA,False,fum_rec_td,False,True,fum_rec_td,
Bruce Hardy,1979,1,1979-09-02,False,MIA,BUF,A,W,9,7,,4,41,0,0,0,0,0,0,0,0,,0,4.1,8.1,9028,False,targets;fum_rec_td,PFR+RULE2PT,19790902-MIA-BUF,False,fum_rec_td,False,True,fum_rec_td,
Bruce Hardy,1979,2,1979-09-09,False,MIA,SEA,H,W,19,10,,2,21,0,0,0,0,0,0,0,0,,0,2.1,4.1,9028,False,targets;fum_rec_td,PFR+RULE2PT,19790909-SEA-MIA,False,fum_rec_td,False,True,fum_rec_td,
Bruce Hardy,1979,3,1979-09-16,False,MIA,MIN,A,W,27,12,,4,62,0,0,0,0,0,0,0,0,,0,6.2,10.2,9028,False,targets;fum_rec_td,PFR+RULE2PT,19790916-MIA-MIN,False,fum_rec_td,False,True,fum_rec_td,
Bruce Hardy,1979,4,1979-09-23,False,MIA,CHI,H,W,31,16,,2,31,0,0,0,0,0,0,0,0,,0,3.1,5.1,9028,False,targets;fum_rec_td,PFR+RULE2PT,19790923-CHI-MIA,False,fum_rec_td,False,True,fum_rec_td,
Bruce Hardy,1979,5,1979-09-30,False,MIA,NYJ,A,L,27,33,,1,18,1,0,0,0,0,0,0,0,,0,7.8,8.8,9028,False,targets;fum_rec_td,PFR+RULE2PT,19790930-MIA-NYJ,False,fum_rec_td,False,True,fum_rec_td,
Bruce Hardy,1979,6,1979-10-08,False,MIA,OAK,A,L,3,13,,2,30,0,0,0,0,0,0,0,0,,0,3.0,5.0,9028,False,targets;fum_rec_td,PFR+RULE2PT,19791008-MIA-OAK,False,fum_rec_td,False,True,fum_rec_td,
Bruce Hardy,1979,7,1979-10-14,False,MIA,BUF,H,W,17,7,,1,9,0,0,0,0,0,0,0,0,,0,0.9,1.9,9028,False,targets;fum_rec_td,PFR+RULE2PT,19791014-BUF-MIA,False,fum_rec_td,False,True,fum_rec_td,
Bruce Hardy,1979,8,1979-10-21,False,MIA,NWE,A,L,13,28,,3,39,1,0,0,0,0,0,0,0,,0,9.9,12.9,9028,False,targets;fum_rec_td,PFR+RULE2PT,19791021-MIA-NWE,False,fum_rec_td,False,True,fum_rec_td,
Bruce Hardy,1979,9,1979-10-28,False,MIA,GNB,H,W,27,7,,3,38,0,0,0,0,0,0,0,0,,0,3.8,6.8,9028,False,targets;fum_rec_td,PFR+RULE2PT,19791028-GNB-MIA,False,fum_rec_td,False,True,fum_rec_td,
Bruce Hardy,1979,10,1979-11-05,False,MIA,HOU,H,L,6,9,,0,0,0,0,0,0,0,0,0,0,,0,0.0,0.0,9028,False,targets;fum_rec_td,PFR+RULE2PT,19791105-HOU-MIA,False,fum_rec_td,False,True,fum_rec_td,
Bruce Hardy,1979,11,1979-11-11,False,MIA,BAL,H,W,19,0,,2,23,0,0,0,0,0,0,0,0,,0,2.3,4.3,9028,False,targets;fum_rec_td,PFR+RULE2PT,19791111-BAL-MIA,False,fum_rec_td,False,True,fum_rec_td,
Bruce Hardy,1979,12,1979-11-18,False,MIA,CLE,A,L,24,30,,3,39,1,0,0,0,0,0,0,0,,0,9.9,12.9,9028,False,targets;fum_rec_td,PFR+RULE2PT,19791118-MIA-CLE,False,fum_rec_td,False,True,fum_rec_td,
Bruce Hardy,1979,13,1979-11-25,False,MIA,BAL,A,W,28,24,,1,12,0,0,0,0,0,0,0,0,,0,1.2,2.2,9028,False,targets;fum_rec_td,PFR+RULE2PT,19791125-MIA-BAL,False,fum_rec_td,False,True,fum_rec_td,
Bruce Hardy,1979,14,1979-11-29,False,MIA,NWE,H,W,39,24,,1,20,0,0,0,0,0,0,0,0,,0,2.0,3.0,9028,False,targets;fum_rec_td,PFR+RULE2PT,19791129-NWE-MIA,False,fum_rec_td,False,True,fum_rec_td,
Bruce Hardy,1979,15,1979-12-09,False,MIA,DET,A,W,28,10,,0,0,0,0,0,0,0,0,0,0,,0,0.0,0.0,9028,False,targets;fum_rec_td,PFR+RULE2PT,19791209-MIA-DET,False,fum_rec_td,False,True,fum_rec_td,
Bruce Hardy,1979,16,1979-12-15,False,MIA,NYJ,H,L,24,27,,1,3,0,0,0,0,0,0,0,0,,0,0.3,1.3,9028,False,targets;fum_rec_td,PFR+RULE2PT,19791215-NYJ-MIA,False,fum_rec_td,False,True,fum_rec_td,
Bruce Hardy,1979,17,1979-12-30,True,MIA,PIT,A,L,14,34,,2,12,0,0,0,0,0,0,0,0,,0,1.2,3.2,9028,False,targets;fum_rec_td,PFR+RULE2PT,19791230-MIA-PIT,False,fum_rec_td,False,True,fum_rec_td,
Bob Klein,1970,1,1970-09-18,False,RAM,STL,H,W,34,13,,0,0,0,0,0,0,0,0,0,0,,0,0.0,0.0,12383,False,targets;fum_rec_td,PFR+RULE2PT,19700918-STL-RAM,False,fum_rec_td,False,True,fum_rec_td,
Bob Klein,1970,2,1970-09-27,False,RAM,BUF,A,W,19,0,,0,0,0,0,0,0,0,0,0,0,,0,0.0,0.0,12383,False,targets;fum_rec_td,PFR+RULE2PT,19700927-RAM-BUF,False,fum_rec_td,False,True,fum_rec_td,
Bob Klein,1970,3,1970-10-04,False,RAM,SDG,H,W,37,10,,1,12,0,0,0,0,0,0,0,0,,0,1.2,2.2,12383,False,targets;fum_rec_td,PFR+RULE2PT,19701004-SDG-RAM,False,fum_rec_td,False,True,fum_rec_td,
Bob Klein,1970,4,1970-10-11,False,RAM,SFO,H,L,6,20,,1,8,0,0,0,0,0,0,0,0,,0,0.8,1.8,12383,False,targets;fum_rec_td,PFR+RULE2PT,19701011-SFO-RAM,False,fum_rec_td,False,True,fum_rec_td,
Bob Klein,1970,5,1970-10-18,False,RAM,GNB,A,W,31,21,,0,0,0,0,0,0,0,0,0,0,,0,0.0,0.0,12383,False,targets;fum_rec_td,PFR+RULE2PT,19701018-RAM-GNB,False,fum_rec_td,False,True,fum_rec_td,
Bob Klein,1970,6,1970-10-26,False,RAM,MIN,A,L,3,13,,0,0,0,0,0,0,0,0,0,0,,0,0.0,0.0,12383,False,targets;fum_rec_td,PFR+RULE2PT,19701026-RAM-MIN,False,fum_rec_td,False,True,fum_rec_td,
Bob Klein,1970,7,1970-11-01,False,RAM,NOR,A,W,30,17,,0,0,0,0,0,0,0,0,0,0,,0,0.0,0.0,12383,False,targets;fum_rec_td,PFR+RULE2PT,19701101-RAM-NOR,False,fum_rec_td,False,True,fum_rec_td,
Bob Klein,1971,1,1971-09-19,False,RAM,NOR,A,L,20,24,,1,10,0,1,5,0,0,0,0,0,,0,1.5,2.5,12383,False,targets;fum_rec_td,PFR+RULE2PT,19710919-RAM-NOR,False,fum_rec_td,False,True,fum_rec_td,
Bob Klein,1971,2,1971-09-26,False,RAM,ATL,H,T,20,20,,1,1,1,1,3,0,0,0,0,0,,0,6.4,7.4,12383,False,targets;fum_rec_td,PFR+RULE2PT,19710926-ATL-RAM,False,fum_rec_td,False,True,fum_rec_td,
Bob Klein,1971,3,1971-10-03,False,RAM,CHI,H,W,17,3,,0,0,0,0,0,0,0,0,0,0,,0,0.0,0.0,12383,False,targets;fum_rec_td,PFR+RULE2PT,19711003-CHI-RAM,False,fum_rec_td,False,True,fum_rec_td,
Bob Klein,1971,4,1971-10-10,False,RAM,SFO,A,W,20,13,,0,0,0,0,0,0,0,0,0,0,,0,0.0,0.0,12383,False,targets;fum_rec_td,PFR+RULE2PT,19711010-RAM-SFO,False,fum_rec_td,False,True,fum_rec_td,
Bob Klein,1971,5,1971-10-17,False,RAM,ATL,A,W,24,16,,2,28,0,0,0,0,0,0,0,0,,0,2.8,4.8,12383,False,targets;fum_rec_td,PFR+RULE2PT,19711017-RAM-ATL,False,fum_rec_td,False,True,fum_rec_td,
Bob Klein,1971,6,1971-10-24,False,RAM,GNB,H,W,30,13,,1,19,1,0,0,0,0,0,0,0,,0,7.9,8.9,12383,False,targets;fum_rec_td,PFR+RULE2PT,19711024-GNB-RAM,False,fum_rec_td,False,True,fum_rec_td,
Bob Klein,1971,7,1971-10-31,False,RAM,MIA,H,L,14,20,,0,0,0,1,13,0,0,0,0,0,,0,1.3,1.3,12383,False,targets;fum_rec_td,PFR+RULE2PT,19711031-MIA-RAM,False,fum_rec_td,False,True,fum_rec_td,
Bob Klein,1971,8,1971-11-08,False,RAM,BAL,A,L,17,24,,1,12,0,0,0,0,0,0,0,0,,0,1.2,2.2,12383,False,targets;fum_rec_td,PFR+RULE2PT,19711108-RAM-BAL,False,fum_rec_td,False,True,fum_rec_td,
Bob Klein,1971,9,1971-11-14,False,RAM,DET,A,W,21,13,,3,30,0,0,0,0,0,0,0,0,,0,3.0,6.0,12383,False,targets;fum_rec_td,PFR+RULE2PT,19711114-RAM-DET,False,fum_rec_td,False,True,fum_rec_td,
Bob Klein,1971,10,1971-11-21,False,RAM,SFO,H,W,17,6,,0,0,0,0,0,0,0,0,0,0,,0,0.0,0.0,12383,False,targets;fum_rec_td,PFR+RULE2PT,19711121-SFO-RAM,False,fum_rec_td,False,True,fum_rec_td,
Bob Klein,1971,11,1971-11-25,False,RAM,DAL,A,L,21,28,,3,50,1,0,0,0,0,0,0,0,,0,11.0,14.0,12383,False,targets;fum_rec_td,PFR+RULE2PT,19711125-RAM-DAL,False,fum_rec_td,False,True,fum_rec_td,
Bob Klein,1971,12,1971-12-05,False,RAM,NOR,H,W,45,28,,1,7,0,0,0,0,0,0,0,0,,0,0.7,1.7,12383,False,targets;fum_rec_td,PFR+RULE2PT,19711205-NOR-RAM,False,fum_rec_td,False,True,fum_rec_td,
Bob Klein,1971,13,1971-12-13,False,RAM,WAS,H,L,24,38,,1,3,1,0,0,0,0,0,0,0,,0,6.3,7.3,12383,False,targets;fum_rec_td,PFR+RULE2PT,19711213-WAS-RAM,False,fum_rec_td,False,True,fum_rec_td,
Bob Klein,1971,14,1971-12-19,False,RAM,PIT,A,W,23,14,,0,0,0,0,0,0,0,0,0,0,,0,0.0,0.0,12383,False,targets;fum_rec_td,PFR+RULE2PT,19711219-RAM-PIT,False,fum_rec_td,False,True,fum_rec_td,
Bob Klein,1972,1,1972-09-17,False,RAM,NOR,H,W,34,14,,0,0,0,0,0,0,0,0,0,0,,0,0.0,0.0,12383,False,targets;fum_rec_td,PFR+RULE2PT,19720917-NOR-RAM,False,fum_rec_td,False,True,fum_rec_td,
Bob Klein,1972,2,1972-09-24,False,RAM,CHI,A,T,13,13,,0,0,0,0,0,0,0,0,0,0,,0,0.0,0.0,12383,False,targets;fum_rec_td,PFR+RULE2PT,19720924-RAM-CHI,False,fum_rec_td,False,True,fum_rec_td,
Bob Klein,1972,3,1972-10-01,False,RAM,ATL,A,L,3,31,,3,55,0,0,0,0,0,0,0,0,,0,5.5,8.5,12383,False,targets;fum_rec_td,PFR+RULE2PT,19721001-RAM-ATL,False,fum_rec_td,False,True,fum_rec_td,
Bob Klein,1972,4,1972-10-08,False,RAM,SFO,H,W,31,7,,3,34,0,0,0,0,0,0,0,0,,0,3.4,6.4,12383,False,targets;fum_rec_td,PFR+RULE2PT,19721008-SFO-RAM,False,fum_rec_td,False,True,fum_rec_td,
Bob Klein,1972,5,1972-10-15,False,RAM,PHI,A,W,34,3,,2,15,0,0,0,0,0,0,0,0,,0,1.5,3.5,12383,False,targets;fum_rec_td,PFR+RULE2PT,19721015-RAM-PHI,False,fum_rec_td,False,True,fum_rec_td,
Bob Klein,1972,6,1972-10-22,False,RAM,CIN,H,W,15,12,,2,19,0,1,-7,0,0,0,0,0,,0,1.2,3.2,12383,False,targets;fum_rec_td,PFR+RULE2PT,19721022-CIN-RAM,False,fum_rec_td,False,True,fum_rec_td,
Bob Klein,1972,7,1972-10-29,False,RAM,OAK,A,L,17,45,,1,6,0,0,0,0,0,0,0,0,,0,0.6,1.6,12383,False,targets;fum_rec_td,PFR+RULE2PT,19721029-RAM-OAK,False,fum_rec_td,False,True,fum_rec_td,
Bob Klein,1972,8,1972-11-05,False,RAM,ATL,H,W,20,7,,1,18,0,0,0,0,0,0,0,0,,0,1.8,2.8,12383,False,targets;fum_rec_td,PFR+RULE2PT,19721105-ATL-RAM,False,fum_rec_td,False,True,fum_rec_td,
Bob Klein,1972,9,1972-11-12,False,RAM,DEN,H,L,10,16,,3,38,0,0,0,0,0,0,0,0,,0,3.8,6.8,12383,False,targets;fum_rec_td,PFR+RULE2PT,19721112-DEN-RAM,False,fum_rec_td,False,True,fum_rec_td,
Bob Klein,1972,10,1972-11-19,False,RAM,MIN,H,L,41,45,,6,39,0,0,0,0,0,0,0,0,,0,3.9,9.9,12383,False,targets;fum_rec_td,PFR+RULE2PT,19721119-MIN-RAM,False,fum_rec_td,False,True,fum_rec_td,
Bob Klein,1972,11,1972-11-26,False,RAM,NOR,A,L,16,19,,2,32,0,0,0,0,0,0,0,0,,0,3.2,5.2,12383,False,targets;fum_rec_td,PFR+RULE2PT,19721126-RAM-NOR,False,fum_rec_td,False,True,fum_rec_td,
Bob Klein,1972,12,1972-12-04,False,RAM,SFO,A,W,26,16,,2,40,1,0,0,0,0,0,0,0,,0,10.0,12.0,12383,False,targets;fum_rec_td,PFR+RULE2PT,19721204-RAM-SFO,False,fum_rec_td,False,True,fum_rec_td,
Bob Klein,1972,13,1972-12-10,False,RAM,STL,A,L,14,24,,2,31,0,0,0,0,0,0,0,0,,0,3.1,5.1,12383,False,targets;fum_rec_td,PFR+RULE2PT,19721210-RAM-STL,False,fum_rec_td,False,True,fum_rec_td,
Bob Klein,1972,14,1972-12-17,False,RAM,DET,H,L,17,34,,2,3,0,0,0,0,0,0,0,0,,0,0.3,2.3,12383,False,targets;fum_rec_td,PFR+RULE2PT,19721217-DET-RAM,False,fum_rec_td,False,True,fum_rec_td,
Bob Klein,1973,1,1973-09-16,False,RAM,KAN,A,W,23,13,,1,15,0,0,0,0,0,0,0,0,,0,1.5,2.5,12383,False,targets;fum_rec_td,PFR+RULE2PT,19730916-RAM-KAN,False,fum_rec_td,False,True,fum_rec_td,
Bob Klein,1973,2,1973-09-23,False,RAM,ATL,H,W,31,0,,1,22,0,0,0,0,0,0,0,0,,0,2.2,3.2,12383,False,targets;fum_rec_td,PFR+RULE2PT,19730923-ATL-RAM,False,fum_rec_td,False,True,fum_rec_td,
Bob Klein,1973,3,1973-09-30,False,RAM,SFO,A,W,40,20,,3,27,0,0,0,0,0,0,0,0,,0,2.7,5.7,12383,False,targets;fum_rec_td,PFR+RULE2PT,19730930-RAM-SFO,False,fum_rec_td,False,True,fum_rec_td,
Bob Klein,1973,4,1973-10-07,False,RAM,HOU,A,W,31,26,,0,0,0,0,0,0,0,0,0,0,,0,0.0,0.0,12383,False,targets;fum_rec_td,PFR+RULE2PT,19731007-RAM-HOU,False,fum_rec_td,False,True,fum_rec_td,
Bob Klein,1973,5,1973-10-14,False,RAM,DAL,H,W,37,31,,1,13,0,0,0,0,0,0,0,0,,0,1.3,2.3,12383,False,targets;fum_rec_td,PFR+RULE2PT,19731014-DAL-RAM,False,fum_rec_td,False,True,fum_rec_td,
Bob Klein,1973,6,1973-10-21,False,RAM,GNB,H,W,24,7,,2,25,0,0,0,0,0,0,0,0,,0,2.5,4.5,12383,False,targets;fum_rec_td,PFR+RULE2PT,19731021-GNB-RAM,False,fum_rec_td,False,True,fum_rec_td,
Bob Klein,1973,7,1973-10-28,False,RAM,MIN,A,L,9,10,,1,5,0,0,0,0,0,0,0,0,,0,0.5,1.5,12383,False,targets;fum_rec_td,PFR+RULE2PT,19731028-RAM-MIN,False,fum_rec_td,False,True,fum_rec_td,
Bob Klein,1973,8,1973-11-04,False,RAM,ATL,A,L,13,15,,2,21,0,0,0,0,0,0,0,0,,0,2.1,4.1,12383,False,targets;fum_rec_td,PFR+RULE2PT,19731104-RAM-ATL,False,fum_rec_td,False,True,fum_rec_td,
Bob Klein,1973,9,1973-11-11,False,RAM,NOR,H,W,29,7,,1,8,0,0,0,0,0,0,0,0,,0,0.8,1.8,12383,False,targets;fum_rec_td,PFR+RULE2PT,19731111-NOR-RAM,False,fum_rec_td,False,True,fum_rec_td,
Bob Klein,1973,10,1973-11-18,False,RAM,SFO,H,W,31,13,,2,22,0,0,0,0,0,0,0,0,,0,2.2,4.2,12383,False,targets;fum_rec_td,PFR+RULE2PT,19731118-SFO-RAM,False,fum_rec_td,False,True,fum_rec_td,
Bob Klein,1973,11,1973-11-25,False,RAM,NOR,A,W,24,13,,2,23,1,0,0,0,0,0,0,0,,0,8.3,10.3,12383,False,targets;fum_rec_td,PFR+RULE2PT,19731125-RAM-NOR,False,fum_rec_td,False,True,fum_rec_td,
Bob Klein,1973,12,1973-12-02,False,RAM,CHI,A,W,26,0,,2,35,0,0,0,0,0,0,0,0,,0,3.5,5.5,12383,False,targets;fum_rec_td,PFR+RULE2PT,19731202-RAM-CHI,False,fum_rec_td,False,True,fum_rec_td,
Bob Klein,1973,13,1973-12-10,False,RAM,NYG,H,W,40,6,,2,38,0,0,0,0,0,0,0,0,,0,3.8,5.8,12383,False,targets;fum_rec_td,PFR+RULE2PT,19731210-NYG-RAM,False,fum_rec_td,False,True,fum_rec_td,
Bob Klein,1973,14,1973-12-16,False,RAM,CLE,H,W,30,17,,1,23,1,0,0,0,0,0,0,0,,0,8.3,9.3,12383,False,targets;fum_rec_td,PFR+RULE2PT,19731216-CLE-RAM,False,fum_rec_td,False,True,fum_rec_td,
Bob Klein,1973,15,1973-12-23,True,RAM,DAL,A,L,16,27,,0,0,0,0,0,0,0,0,0,0,,0,0.0,0.0,12383,False,targets;fum_rec_td,PFR+RULE2PT,19731223-RAM-DAL,False,fum_rec_td,False,True,fum_rec_td,
Bob Klein,1974,1,1974-09-15,False,RAM,DEN,A,W,17,10,,4,50,1,0,0,0,0,0,0,0,,0,11.0,15.0,12383,False,targets;fum_rec_td,PFR+RULE2PT,19740915-RAM-DEN,False,fum_rec_td,False,True,fum_rec_td,
Bob Klein,1974,2,1974-09-22,False,RAM,NOR,H,W,24,0,,0,0,0,0,0,0,0,0,0,0,,0,0.0,0.0,12383,False,targets;fum_rec_td,PFR+RULE2PT,19740922-NOR-RAM,False,fum_rec_td,False,True,fum_rec_td,
Bob Klein,1974,3,1974-09-29,False,RAM,NWE,A,L,14,20,,0,0,0,0,0,0,0,0,0,0,,0,0.0,0.0,12383,False,targets;fum_rec_td,PFR+RULE2PT,19740929-RAM-NWE,False,fum_rec_td,False,True,fum_rec_td,
Bob Klein,1974,4,1974-10-06,False,RAM,DET,H,W,16,13,,1,4,1,0,0,0,0,0,0,0,,0,6.4,7.4,12383,False,targets;fum_rec_td,PFR+RULE2PT,19741006-DET-RAM,False,fum_rec_td,False,True,fum_rec_td,
Bob Klein,1974,5,1974-10-13,False,RAM,GNB,A,L,6,17,,0,0,0,0,0,0,0,0,0,0,,0,0.0,0.0,12383,False,targets;fum_rec_td,PFR+RULE2PT,19741013-RAM-GNB,False,fum_rec_td,False,True,fum_rec_td,
Bob Klein,1974,6,1974-10-20,False,RAM,SFO,H,W,37,14,,3,68,0,0,0,0,0,0,0,0,,0,6.8,9.8,12383,False,targets;fum_rec_td,PFR+RULE2PT,19741020-SFO-RAM,False,fum_rec_td,False,True,fum_rec_td,
Bob Klein,1974,7,1974-10-27,False,RAM,NYJ,A,W,20,13,,2,18,0,0,0,0,0,0,0,0,,0,1.8,3.8,12383,False,targets;fum_rec_td,PFR+RULE2PT,19741027-RAM-NYJ,False,fum_rec_td,False,True,fum_rec_td,
Bob Klein,1974,8,1974-11-04,False,RAM,SFO,A,W,15,13,,2,49,1,0,0,0,0,0,0,0,,0,10.9,12.9,12383,False,targets;fum_rec_td,PFR+RULE2PT,19741104-RAM-SFO,False,fum_rec_td,False,True,fum_rec_td,
Bob Klein,1974,9,1974-11-10,False,RAM,ATL,H,W,21,0,,0,0,0,0,0,0,0,0,0,0,,0,0.0,0.0,12383,False,targets;fum_rec_td,PFR+RULE2PT,19741110-ATL-RAM,False,fum_rec_td,False,True,fum_rec_td,
Bob Klein,1974,10,1974-11-17,False,RAM,NOR,A,L,7,20,,5,55,1,0,0,0,0,0,0,0,,0,11.5,16.5,12383,False,targets;fum_rec_td,PFR+RULE2PT,19741117-RAM-NOR,False,fum_rec_td,False,True,fum_rec_td,
Bob Klein,1974,11,1974-11-24,False,RAM,MIN,H,W,20,17,,2,26,0,0,0,0,0,0,0,0,,0,2.6,4.6,12383,False,targets;fum_rec_td,PFR+RULE2PT,19741124-MIN-RAM,False,fum_rec_td,False,True,fum_rec_td,
Bob Klein,1974,12,1974-12-01,False,RAM,ATL,A,W,30,7,,2,28,0,0,0,0,0,0,0,0,,0,2.8,4.8,12383,False,targets;fum_rec_td,PFR+RULE2PT,19741201-RAM-ATL,False,fum_rec_td,False,True,fum_rec_td,
Bob Klein,1974,13,1974-12-09,False,RAM,WAS,H,L,17,23,,2,35,0,0,0,0,0,0,0,0,,0,3.5,5.5,12383,False,targets;fum_rec_td,PFR+RULE2PT,19741209-WAS-RAM,False,fum_rec_td,False,True,fum_rec_td,
Bob Klein,1974,14,1974-12-15,False,RAM,BUF,H,W,19,14,,1,3,0,0,0,0,0,0,0,0,,0,0.3,1.3,12383,False,targets;fum_rec_td,PFR+RULE2PT,19741215-BUF-RAM,False,fum_rec_td,False,True,fum_rec_td,
Bob Klein,1974,15,1974-12-22,True,RAM,WAS,H,W,19,10,,2,23,1,0,0,0,0,0,0,0,,0,8.3,10.3,12383,False,targets;fum_rec_td,PFR+RULE2PT,19741222-WAS-RAM,False,fum_rec_td,False,True,fum_rec_td,
Bob Klein,1974,16,1974-12-29,True,RAM,MIN,A,L,10,14,,1,10,0,0,0,0,0,0,0,0,,0,1.0,2.0,12383,False,targets;fum_rec_td,PFR+RULE2PT,19741229-RAM-MIN,False,fum_rec_td,False,True,fum_rec_td,
Bob Klein,1975,1,1975-09-21,False,RAM,DAL,A,L,7,18,,1,11,0,0,0,0,0,0,0,0,,0,1.1,2.1,12383,False,targets;fum_rec_td,PFR+RULE2PT,19750921-RAM-DAL,False,fum_rec_td,False,True,fum_rec_td,
Bob Klein,1975,2,1975-09-28,False,RAM,SFO,A,W,23,14,,2,6,0,0,0,0,0,0,0,0,,0,0.6,2.6,12383,False,targets;fum_rec_td,PFR+RULE2PT,19750928-RAM-SFO,False,fum_rec_td,False,True,fum_rec_td,
Bob Klein,1975,3,1975-10-05,False,RAM,BAL,H,W,24,13,,1,28,0,0,0,0,0,0,0,0,,0,2.8,3.8,12383,False,targets;fum_rec_td,PFR+RULE2PT,19751005-BAL-RAM,False,fum_rec_td,False,True,fum_rec_td,
Bob Klein,1975,4,1975-10-12,False,RAM,SDG,A,W,13,10,,2,47,0,0,0,0,0,0,0,0,,0,4.7,6.7,12383,False,targets;fum_rec_td,PFR+RULE2PT,19751012-RAM-SDG,False,fum_rec_td,False,True,fum_rec_td,
Bob Klein,1975,5,1975-10-19,False,RAM,ATL,H,W,22,7,,2,64,1,0,0,0,0,0,0,0,,0,12.4,14.4,12383,False,targets;fum_rec_td,PFR+RULE2PT,19751019-ATL-RAM,False,fum_rec_td,False,True,fum_rec_td,
Bob Klein,1975,6,1975-10-26,False,RAM,NOR,H,W,38,14,,3,31,1,0,0,0,0,0,0,0,,0,9.1,12.1,12383,False,targets;fum_rec_td,PFR+RULE2PT,19751026-NOR-RAM,False,fum_rec_td,False,True,fum_rec_td,
Bob Klein,1975,7,1975-11-03,False,RAM,PHI,A,W,42,3,,0,0,0,0,0,0,0,0,0,0,,0,0.0,0.0,12383,False,targets;fum_rec_td,PFR+RULE2PT,19751103-RAM-PHI,False,fum_rec_td,False,True,fum_rec_td,
Bob Klein,1975,8,1975-11-09,False,RAM,SFO,H,L,23,24,,1,12,0,0,0,0,0,0,0,0,,0,1.2,2.2,12383,False,targets;fum_rec_td,PFR+RULE2PT,19751109-SFO-RAM,False,fum_rec_td,False,True,fum_rec_td,
Bob Klein,1975,9,1975-11-16,False,RAM,ATL,A,W,16,7,,2,17,0,0,0,0,0,0,0,0,,0,1.7,3.7,12383,False,targets;fum_rec_td,PFR+RULE2PT,19751116-RAM-ATL,False,fum_rec_td,False,True,fum_rec_td,
Bob Klein,1975,10,1975-11-23,False,RAM,CHI,H,W,38,10,,2,21,0,0,0,0,0,0,0,0,,0,2.1,4.1,12383,False,targets;fum_rec_td,PFR+RULE2PT,19751123-CHI-RAM,False,fum_rec_td,False,True,fum_rec_td,
Bob Klein,1975,11,1975-11-27,False,RAM,DET,A,W,20,0,,0,0,0,0,0,0,0,0,0,0,,0,0.0,0.0,12383,False,targets;fum_rec_td,PFR+RULE2PT,19751127-RAM-DET,False,fum_rec_td,False,True,fum_rec_td,
Bob Klein,1976,1,1976-09-12,False,RAM,ATL,A,W,30,14,,0,0,0,0,0,0,0,0,0,0,,0,0.0,0.0,12383,False,targets;fum_rec_td,PFR+RULE2PT,19760912-RAM-ATL,False,fum_rec_td,False,True,fum_rec_td,
Bob Klein,1976,2,1976-09-19,False,RAM,MIN,A,T,10,10,,0,0,0,0,0,0,0,0,0,0,,0,0.0,0.0,12383,False,targets;fum_rec_td,PFR+RULE2PT,19760919-RAM-MIN,False,fum_rec_td,False,True,fum_rec_td,
Bob Klein,1976,3,1976-09-26,False,RAM,NYG,H,W,24,10,,2,18,0,0,0,0,0,0,0,0,,0,1.8,3.8,12383,False,targets;fum_rec_td,PFR+RULE2PT,19760926-NYG-RAM,False,fum_rec_td,False,True,fum_rec_td,
Bob Klein,1976,4,1976-10-03,False,RAM,MIA,A,W,31,28,,1,18,0,0,0,0,0,0,0,0,,0,1.8,2.8,12383,False,targets;fum_rec_td,PFR+RULE2PT,19761003-RAM-MIA,False,fum_rec_td,False,True,fum_rec_td,
Bob Klein,1976,5,1976-10-11,False,RAM,SFO,H,L,0,16,,1,5,0,0,0,0,0,0,0,0,,0,0.5,1.5,12383,False,targets;fum_rec_td,PFR+RULE2PT,19761011-SFO-RAM,False,fum_rec_td,False,True,fum_rec_td,
Bob Klein,1976,6,1976-10-17,False,RAM,CHI,H,W,20,12,,1,15,0,0,0,0,0,0,0,0,,0,1.5,2.5,12383,False,targets;fum_rec_td,PFR+RULE2PT,19761017-CHI-RAM,False,fum_rec_td,False,True,fum_rec_td,
Bob Klein,1976,7,1976-10-24,False,RAM,NOR,A,W,16,10,,1,14,0,0,0,0,0,0,0,0,,0,1.4,2.4,12383,False,targets;fum_rec_td,PFR+RULE2PT,19761024-RAM-NOR,False,fum_rec_td,False,True,fum_rec_td,
Bob Klein,1976,8,1976-10-31,False,RAM,SEA,H,W,45,6,,2,45,0,0,0,0,0,0,0,0,,0,4.5,6.5,12383,False,targets;fum_rec_td,PFR+RULE2PT,19761031-SEA-RAM,False,fum_rec_td,False,True,fum_rec_td,
Bob Klein,1976,9,1976-11-08,False,RAM,CIN,A,L,12,20,,2,8,0,0,0,0,0,0,0,0,,0,0.8,2.8,12383,False,targets;fum_rec_td,PFR+RULE2PT,19761108-RAM-CIN,False,fum_rec_td,False,True,fum_rec_td,
Bob Klein,1976,10,1976-11-14,False,RAM,STL,H,L,28,30,,0,0,0,0,0,0,0,0,0,0,,0,0.0,0.0,12383,False,targets;fum_rec_td,PFR+RULE2PT,19761114-STL-RAM,False,fum_rec_td,False,True,fum_rec_td,
Bob Klein,1976,11,1976-11-21,False,RAM,SFO,A,W,23,3,,1,5,0,0,0,0,0,0,0,0,,0,0.5,1.5,12383,False,targets;fum_rec_td,PFR+RULE2PT,19761121-RAM-SFO,False,fum_rec_td,False,True,fum_rec_td,
Bob Klein,1976,12,1976-11-28,False,RAM,NOR,H,W,33,14,,3,20,1,0,0,0,0,0,0,0,,0,8.0,11.0,12383,False,targets;fum_rec_td,PFR+RULE2PT,19761128-NOR-RAM,False,fum_rec_td,False,True,fum_rec_td,
Bob Klein,1976,13,1976-12-04,False,RAM,ATL,H,W,59,0,,2,39,0,0,0,0,0,0,0,0,,0,3.9,5.9,12383,False,targets;fum_rec_td,PFR+RULE2PT,19761204-ATL-RAM,False,fum_rec_td,False,True,fum_rec_td,
Bob Klein,1976,14,1976-12-11,False,RAM,DET,A,W,20,17,,4,42,0,0,0,0,0,0,0,0,,0,4.2,8.2,12383,False,targets;fum_rec_td,PFR+RULE2PT,19761211-RAM-DET,False,fum_rec_td,False,True,fum_rec_td,
Bob Klein,1976,15,1976-12-19,True,RAM,DAL,A,W,14,12,,1,12,0,0,0,0,0,0,0,0,,0,1.2,2.2,12383,False,targets;fum_rec_td,PFR+RULE2PT,19761219-RAM-DAL,False,fum_rec_td,False,True,fum_rec_td,
Bob Klein,1976,16,1976-12-26,True,RAM,MIN,A,L,13,24,,0,0,0,0,0,0,0,0,0,0,,0,0.0,0.0,12383,False,targets;fum_rec_td,PFR+RULE2PT,19761226-RAM-MIN,False,fum_rec_td,False,True,fum_rec_td,
Bob Klein,1977,1,1977-09-18,False,SDG,OAK,A,L,0,24,,0,0,0,0,0,0,0,0,0,0,,0,0.0,0.0,12383,False,targets;fum_rec_td,PFR+RULE2PT,19770918-SDG-OAK,False,fum_rec_td,False,True,fum_rec_td,
Bob Klein,1977,2,1977-09-25,False,SDG,KAN,A,W,23,7,,1,9,0,0,0,0,0,0,0,0,,0,0.9,1.9,12383,False,targets;fum_rec_td,PFR+RULE2PT,19770925-SDG-KAN,False,fum_rec_td,False,True,fum_rec_td,
Bob Klein,1977,3,1977-10-02,False,SDG,CIN,H,W,24,3,,3,33,0,0,0,0,0,0,0,0,,0,3.3,6.3,12383,False,targets;fum_rec_td,PFR+RULE2PT,19771002-CIN-SDG,False,fum_rec_td,False,True,fum_rec_td,
Bob Klein,1977,4,1977-10-09,False,SDG,NOR,A,W,14,0,,3,36,0,0,0,0,0,0,0,0,,0,3.6,6.6,12383,False,targets;fum_rec_td,PFR+RULE2PT,19771009-SDG-NOR,False,fum_rec_td,False,True,fum_rec_td,
Bob Klein,1977,5,1977-10-16,False,SDG,NWE,H,L,20,24,,1,8,0,0,0,0,0,0,0,0,,0,0.8,1.8,12383,False,targets;fum_rec_td,PFR+RULE2PT,19771016-NWE-SDG,False,fum_rec_td,False,True,fum_rec_td,
Bob Klein,1977,6,1977-10-23,False,SDG,KAN,H,L,16,21,,1,15,0,0,0,0,0,0,0,0,,0,1.5,2.5,12383,False,targets;fum_rec_td,PFR+RULE2PT,19771023-KAN-SDG,False,fum_rec_td,False,True,fum_rec_td,
Bob Klein,1977,7,1977-10-30,False,SDG,MIA,A,W,14,13,,4,23,1,0,0,0,0,0,0,0,,0,8.3,12.3,12383,False,targets;fum_rec_td,PFR+RULE2PT,19771030-SDG-MIA,False,fum_rec_td,False,True,fum_rec_td,
Bob Klein,1977,8,1977-11-06,False,SDG,DET,A,L,0,20,,3,45,0,0,0,0,0,0,0,0,,0,4.5,7.5,12383,False,targets;fum_rec_td,PFR+RULE2PT,19771106-SDG-DET,False,fum_rec_td,False,True,fum_rec_td,
Bob Klein,1977,9,1977-11-13,False,SDG,DEN,H,L,14,17,,0,0,0,0,0,0,0,0,0,0,,0,0.0,0.0,12383,False,targets;fum_rec_td,PFR+RULE2PT,19771113-DEN-SDG,False,fum_rec_td,False,True,fum_rec_td,
Bob Klein,1977,10,1977-11-20,False,SDG,OAK,H,W,12,7,,2,21,0,0,0,0,0,0,0,0,,0,2.1,4.1,12383,False,targets;fum_rec_td,PFR+RULE2PT,19771120-OAK-SDG,False,fum_rec_td,False,True,fum_rec_td,
Bob Klein,1977,13,1977-12-11,False,SDG,DEN,A,L,9,17,,1,13,0,0,0,0,0,0,0,0,,0,1.3,2.3,12383,False,targets;fum_rec_td,PFR+RULE2PT,19771211-SDG-DEN,False,fum_rec_td,False,True,fum_rec_td,
Bob Klein,1977,14,1977-12-18,False,SDG,PIT,H,L,9,10,,1,41,0,0,0,0,0,0,0,0,,0,4.1,5.1,12383,False,targets;fum_rec_td,PFR+RULE2PT,19771218-PIT-SDG,False,fum_rec_td,False,True,fum_rec_td,
Bob Klein,1978,1,1978-09-03,False,SDG,SEA,A,W,24,20,,1,13,0,0,0,0,0,0,0,0,,0,1.3,2.3,12383,False,targets;fum_rec_td,PFR+RULE2PT,19780903-SDG-SEA,False,fum_rec_td,False,True,fum_rec_td,
Bob Klein,1978,2,1978-09-10,False,SDG,OAK,H,L,20,21,,1,8,0,0,0,0,0,0,0,0,,0,0.8,1.8,12383,False,targets;fum_rec_td,PFR+RULE2PT,19780910-OAK-SDG,False,fum_rec_td,False,True,fum_rec_td,
Bob Klein,1978,3,1978-09-17,False,SDG,DEN,A,L,14,27,,2,31,0,0,0,0,0,0,0,0,,0,3.1,5.1,12383,False,targets;fum_rec_td,PFR+RULE2PT,19780917-SDG-DEN,False,fum_rec_td,False,True,fum_rec_td,
Bob Klein,1978,4,1978-09-24,False,SDG,GNB,H,L,3,24,,0,0,0,0,0,0,0,0,0,0,,0,0.0,0.0,12383,False,targets;fum_rec_td,PFR+RULE2PT,19780924-GNB-SDG,False,fum_rec_td,False,True,fum_rec_td,
Bob Klein,1978,5,1978-10-01,False,SDG,NWE,A,L,23,28,,1,23,0,0,0,0,0,0,0,0,,0,2.3,3.3,12383,False,targets;fum_rec_td,PFR+RULE2PT,19781001-SDG-NWE,False,fum_rec_td,False,True,fum_rec_td,
Bob Klein,1978,6,1978-10-08,False,SDG,DEN,H,W,23,0,,2,22,0,0,0,0,0,0,0,0,,0,2.2,4.2,12383,False,targets;fum_rec_td,PFR+RULE2PT,19781008-DEN-SDG,False,fum_rec_td,False,True,fum_rec_td,
Bob Klein,1978,7,1978-10-15,False,SDG,MIA,H,L,21,28,,3,36,0,0,0,0,0,0,0,0,,0,3.6,6.6,12383,False,targets;fum_rec_td,PFR+RULE2PT,19781015-MIA-SDG,False,fum_rec_td,False,True,fum_rec_td,
Bob Klein,1978,8,1978-10-22,False,SDG,DET,A,L,14,31,,3,57,0,0,0,0,0,0,0,0,,0,5.7,8.7,12383,False,targets;fum_rec_td,PFR+RULE2PT,19781022-SDG-DET,False,fum_rec_td,False,True,fum_rec_td,
Bob Klein,1978,9,1978-10-29,False,SDG,OAK,A,W,27,23,,1,4,0,0,0,0,0,0,0,0,,0,0.4,1.4,12383,False,targets;fum_rec_td,PFR+RULE2PT,19781029-SDG-OAK,False,fum_rec_td,False,True,fum_rec_td,
Bob Klein,1978,10,1978-11-05,False,SDG,CIN,H,W,22,13,,1,16,1,0,0,0,0,0,0,0,,0,7.6,8.6,12383,False,targets;fum_rec_td,PFR+RULE2PT,19781105-CIN-SDG,False,fum_rec_td,False,True,fum_rec_td,
Bob Klein,1978,11,1978-11-12,False,SDG,KAN,H,W,29,23,,4,30,0,0,0,0,0,0,0,0,,0,3.0,7.0,12383,False,targets;fum_rec_td,PFR+RULE2PT,19781112-KAN-SDG,False,fum_rec_td,False,True,fum_rec_td,
Bob Klein,1978,12,1978-11-19,False,SDG,MIN,A,W,13,7,,6,69,0,0,0,0,0,0,0,0,,0,6.9,12.9,12383,False,targets;fum_rec_td,PFR+RULE2PT,19781119-SDG-MIN,False,fum_rec_td,False,True,fum_rec_td,
Bob Klein,1978,13,1978-11-26,False,SDG,KAN,A,L,0,23,,0,0,0,0,0,0,0,0,0,0,,0,0.0,0.0,12383,False,targets;fum_rec_td,PFR+RULE2PT,19781126-SDG-KAN,False,fum_rec_td,False,True,fum_rec_td,
Bob Klein,1978,14,1978-12-04,False,SDG,CHI,H,W,40,7,,0,0,0,0,0,0,0,0,0,0,,0,0.0,0.0,12383,False,targets;fum_rec_td,PFR+RULE2PT,19781204-CHI-SDG,False,fum_rec_td,False,True,fum_rec_td,
Bob Klein,1978,15,1978-12-10,False,SDG,SEA,H,W,37,10,,4,49,0,0,0,0,0,0,0,0,,0,4.9,8.9,12383,False,targets;fum_rec_td,PFR+RULE2PT,19781210-SEA-SDG,False,fum_rec_td,False,True,fum_rec_td,
Bob Klein,1978,16,1978-12-17,False,SDG,HOU,A,W,45,24,,5,55,1,0,0,0,0,0,0,0,,0,11.5,16.5,12383,False,targets;fum_rec_td,PFR+RULE2PT,19781217-SDG-HOU,False,fum_rec_td,False,True,fum_rec_td,
Bob Klein,1979,1,1979-09-02,False,SDG,SEA,A,W,33,16,,3,34,0,0,0,0,0,0,0,0,,0,3.4,6.4,12383,False,targets;fum_rec_td,PFR+RULE2PT,19790902-SDG-SEA,False,fum_rec_td,False,True,fum_rec_td,
Bob Klein,1979,2,1979-09-09,False,SDG,OAK,H,W,30,10,,1,54,1,0,0,0,0,0,0,0,,0,11.4,12.4,12383,False,targets;fum_rec_td,PFR+RULE2PT,19790909-OAK-SDG,False,fum_rec_td,False,True,fum_rec_td,
Bob Klein,1979,3,1979-09-16,False,SDG,BUF,H,W,27,19,,1,6,0,0,0,0,0,0,0,0,,0,0.6,1.6,12383,False,targets;fum_rec_td,PFR+RULE2PT,19790916-BUF-SDG,False,fum_rec_td,False,True,fum_rec_td,
Bob Klein,1979,4,1979-09-23,False,SDG,NWE,A,L,21,27,,6,50,0,0,0,0,0,0,0,0,,0,5.0,11.0,12383,False,targets;fum_rec_td,PFR+RULE2PT,19790923-SDG-NWE,False,fum_rec_td,False,True,fum_rec_td,
Bob Klein,1979,6,1979-10-07,False,SDG,DEN,A,L,0,7,,3,20,0,0,0,0,0,0,0,0,,0,2.0,5.0,12383,False,targets;fum_rec_td,PFR+RULE2PT,19791007-SDG-DEN,False,fum_rec_td,False,True,fum_rec_td,
Bob Klein,1979,7,1979-10-14,False,SDG,SEA,H,W,20,10,,2,36,0,0,0,0,0,0,0,0,,0,3.6,5.6,12383,False,targets;fum_rec_td,PFR+RULE2PT,19791014-SEA-SDG,False,fum_rec_td,False,True,fum_rec_td,
Bob Klein,1979,8,1979-10-21,False,SDG,RAM,A,W,40,16,,1,6,1,0,0,0,0,0,0,0,,0,6.6,7.6,12383,False,targets;fum_rec_td,PFR+RULE2PT,19791021-SDG-RAM,False,fum_rec_td,False,True,fum_rec_td,
Bob Klein,1979,9,1979-10-25,False,SDG,OAK,A,L,22,45,,1,7,1,0,0,0,0,0,0,0,,0,6.7,7.7,12383,False,targets;fum_rec_td,PFR+RULE2PT,19791025-SDG-OAK,False,fum_rec_td,False,True,fum_rec_td,
Bob Klein,1979,10,1979-11-04,False,SDG,KAN,A,W,20,14,,4,36,0,0,0,0,0,0,0,0,,0,3.6,7.6,12383,False,targets;fum_rec_td,PFR+RULE2PT,19791104-SDG-KAN,False,fum_rec_td,False,True,fum_rec_td,
Bob Klein,1979,11,1979-11-11,False,SDG,CIN,A,W,26,24,,1,6,0,0,0,0,0,0,0,0,,0,0.6,1.6,12383,False,targets;fum_rec_td,PFR+RULE2PT,19791111-SDG-CIN,False,fum_rec_td,False,True,fum_rec_td,
Bob Klein,1979,12,1979-11-18,False,SDG,PIT,H,W,35,7,,1,6,1,0,0,0,0,0,0,0,,0,6.6,7.6,12383,False,targets;fum_rec_td,PFR+RULE2PT,19791118-PIT-SDG,False,fum_rec_td,False,True,fum_rec_td,
Bob Klein,1979,13,1979-11-25,False,SDG,KAN,H,W,28,7,,5,52,1,0,0,0,0,0,0,0,,0,11.2,16.2,12383,False,targets;fum_rec_td,PFR+RULE2PT,19791125-KAN-SDG,False,fum_rec_td,False,True,fum_rec_td,
Bob Klein,1979,14,1979-12-02,False,SDG,ATL,H,L,26,28,,0,0,0,0,0,0,0,0,0,0,,0,0.0,0.0,12383,False,targets;fum_rec_td,PFR+RULE2PT,19791202-ATL-SDG,False,fum_rec_td,False,True,fum_rec_td,
Bob Klein,1979,15,1979-12-09,False,SDG,NOR,A,W,35,0,,4,42,0,0,0,0,0,0,0,0,,0,4.2,8.2,12383,False,targets;fum_rec_td,PFR+RULE2PT,19791209-SDG-NOR,False,fum_rec_td,False,True,fum_rec_td,
Bob Klein,1979,16,1979-12-17,False,SDG,DEN,H,W,17,7,,4,69,0,0,0,0,0,0,0,0,,0,6.9,10.9,12383,False,targets;fum_rec_td,PFR+RULE2PT,19791217-DEN-SDG,False,fum_rec_td,False,True,fum_rec_td,
Bob Klein,1979,17,1979-12-29,True,SDG,HOU,H,L,14,17,,5,41,0,0,0,0,0,0,0,0,,0,4.1,9.1,12383,False,targets;fum_rec_td,PFR+RULE2PT,19791229-HOU-SDG,False,fum_rec_td,False,True,fum_rec_td,
Don Warren,1979,1,1979-09-02,False,WAS,HOU,H,L,27,29,,0,0,0,0,0,0,0,0,0,0,,0,0.0,0.0,23286,False,targets;fum_rec_td,PFR+RULE2PT,19790902-HOU-WAS,False,fum_rec_td,False,True,fum_rec_td,
Don Warren,1979,2,1979-09-09,False,WAS,DET,A,W,27,24,,1,23,0,0,0,0,0,0,0,0,,0,2.3,3.3,23286,False,targets;fum_rec_td,PFR+RULE2PT,19790909-WAS-DET,False,fum_rec_td,False,True,fum_rec_td,
Don Warren,1979,3,1979-09-17,False,WAS,NYG,H,W,27,0,,0,0,0,0,0,0,0,0,0,0,,0,0.0,0.0,23286,False,targets;fum_rec_td,PFR+RULE2PT,19790917-NYG-WAS,False,fum_rec_td,False,True,fum_rec_td,
Don Warren,1979,4,1979-09-23,False,WAS,STL,A,W,17,7,,1,6,0,0,0,0,0,0,0,0,,0,0.6,1.6,23286,False,targets;fum_rec_td,PFR+RULE2PT,19790923-WAS-STL,False,fum_rec_td,False,True,fum_rec_td,
Don Warren,1979,5,1979-09-30,False,WAS,ATL,A,W,16,7,,1,14,0,0,0,0,0,0,0,0,,0,1.4,2.4,23286,False,targets;fum_rec_td,PFR+RULE2PT,19790930-WAS-ATL,False,fum_rec_td,False,True,fum_rec_td,
Don Warren,1979,6,1979-10-07,False,WAS,PHI,A,L,17,28,,1,12,0,0,0,0,0,0,0,0,,0,1.2,2.2,23286,False,targets;fum_rec_td,PFR+RULE2PT,19791007-WAS-PHI,False,fum_rec_td,False,True,fum_rec_td,
Don Warren,1979,7,1979-10-14,False,WAS,CLE,A,W,13,9,,4,32,0,0,0,0,0,0,0,0,,0,3.2,7.2,23286,False,targets;fum_rec_td,PFR+RULE2PT,19791014-WAS-CLE,False,fum_rec_td,False,True,fum_rec_td,
Don Warren,1979,8,1979-10-21,False,WAS,PHI,H,W,17,7,,1,9,0,0,0,0,0,0,0,0,,0,0.9,1.9,23286,False,targets;fum_rec_td,PFR+RULE2PT,19791021-PHI-WAS,False,fum_rec_td,False,True,fum_rec_td,
Don Warren,1979,9,1979-10-28,False,WAS,NOR,H,L,10,14,,2,31,0,0,0,0,0,0,0,0,,0,3.1,5.1,23286,False,targets;fum_rec_td,PFR+RULE2PT,19791028-NOR-WAS,False,fum_rec_td,False,True,fum_rec_td,
Don Warren,1979,10,1979-11-04,False,WAS,PIT,A,L,7,38,,1,13,0,0,0,0,0,0,0,0,,0,1.3,2.3,23286,False,targets;fum_rec_td,PFR+RULE2PT,19791104-WAS-PIT,False,fum_rec_td,False,True,fum_rec_td,
Don Warren,1979,11,1979-11-11,False,WAS,STL,H,W,30,28,,3,40,0,0,0,0,0,0,0,0,,0,4.0,7.0,23286,False,targets;fum_rec_td,PFR+RULE2PT,19791111-STL-WAS,False,fum_rec_td,False,True,fum_rec_td,
Don Warren,1979,12,1979-11-18,False,WAS,DAL,H,W,34,20,,1,7,0,0,0,0,0,0,0,0,,0,0.7,1.7,23286,False,targets;fum_rec_td,PFR+RULE2PT,19791118-DAL-WAS,False,fum_rec_td,False,True,fum_rec_td,
Don Warren,1979,13,1979-11-25,False,WAS,NYG,A,L,6,14,,2,21,0,0,0,0,0,0,0,0,,0,2.1,4.1,23286,False,targets;fum_rec_td,PFR+RULE2PT,19791125-WAS-NYG,False,fum_rec_td,False,True,fum_rec_td,
Don Warren,1979,14,1979-12-02,False,WAS,GNB,H,W,38,21,,3,40,0,0,0,0,0,0,0,0,,0,4.0,7.0,23286,False,targets;fum_rec_td,PFR+RULE2PT,19791202-GNB-WAS,False,fum_rec_td,False,True,fum_rec_td,
Don Warren,1979,15,1979-12-09,False,WAS,CIN,H,W,28,14,,4,46,0,0,0,0,0,0,0,0,,0,4.6,8.6,23286,False,targets;fum_rec_td,PFR+RULE2PT,19791209-CIN-WAS,False,fum_rec_td,False,True,fum_rec_td,
Don Warren,1979,16,1979-12-16,False,WAS,DAL,A,L,34,35,,1,9,0,0,0,0,0,0,0,0,,0,0.9,1.9,23286,False,targets;fum_rec_td,PFR+RULE2PT,19791216-WAS-DAL,False,fum_rec_td,False,True,fum_rec_td,
Ted Kwalick,1970,1,1970-09-20,False,SFO,WAS,H,W,26,17,,0,0,0,0,0,0,0,0,0,0,,0,0.0,0.0,12723,False,targets;fum_rec_td,PFR+RULE2PT,19700920-WAS-SFO,False,fum_rec_td,False,True,fum_rec_td,
Ted Kwalick,1970,2,1970-09-27,False,SFO,CLE,H,W,34,31,,1,6,0,0,0,0,0,0,0,0,,0,0.6,1.6,12723,False,targets;fum_rec_td,PFR+RULE2PT,19700927-CLE-SFO,False,fum_rec_td,False,True,fum_rec_td,
Ted Kwalick,1970,3,1970-10-04,False,SFO,ATL,A,L,20,21,,0,0,0,0,0,0,0,0,0,0,,0,0.0,0.0,12723,False,targets;fum_rec_td,PFR+RULE2PT,19701004-SFO-ATL,False,fum_rec_td,False,True,fum_rec_td,
Ted Kwalick,1970,4,1970-10-11,False,SFO,RAM,A,W,20,6,,0,0,0,0,0,0,0,0,0,0,,0,0.0,0.0,12723,False,targets;fum_rec_td,PFR+RULE2PT,19701011-SFO-RAM,False,fum_rec_td,False,True,fum_rec_td,
Ted Kwalick,1970,5,1970-10-18,False,SFO,NOR,H,T,20,20,,0,0,0,0,0,0,0,0,0,0,,0,0.0,0.0,12723,False,targets;fum_rec_td,PFR+RULE2PT,19701018-NOR-SFO,False,fum_rec_td,False,True,fum_rec_td,
Ted Kwalick,1970,6,1970-10-25,False,SFO,DEN,H,W,19,14,,2,31,0,0,0,0,0,0,0,0,,0,3.1,5.1,12723,False,targets;fum_rec_td,PFR+RULE2PT,19701025-DEN-SFO,False,fum_rec_td,False,True,fum_rec_td,
Ted Kwalick,1970,7,1970-11-01,False,SFO,GNB,H,W,26,10,,1,16,0,1,45,0,0,0,0,0,,0,6.1,7.1,12723,False,targets;fum_rec_td,PFR+RULE2PT,19701101-GNB-SFO,False,fum_rec_td,False,True,fum_rec_td,
Ted Kwalick,1970,8,1970-11-08,False,SFO,CHI,A,W,37,16,,1,6,0,0,0,0,0,0,0,0,,0,0.6,1.6,12723,False,targets;fum_rec_td,PFR+RULE2PT,19701108-SFO-CHI,False,fum_rec_td,False,True,fum_rec_td,
Ted Kwalick,1970,9,1970-11-15,False,SFO,HOU,A,W,30,20,,1,5,0,1,15,0,0,0,0,0,,0,2.0,3.0,12723,False,targets;fum_rec_td,PFR+RULE2PT,19701115-SFO-HOU,False,fum_rec_td,False,True,fum_rec_td,
Ted Kwalick,1970,10,1970-11-22,False,SFO,DET,A,L,7,28,,0,0,0,0,0,0,0,0,0,0,,0,0.0,0.0,12723,False,targets;fum_rec_td,PFR+RULE2PT,19701122-SFO-DET,False,fum_rec_td,False,True,fum_rec_td,
Ted Kwalick,1970,11,1970-11-29,False,SFO,RAM,H,L,13,30,,0,0,0,0,0,0,0,0,0,0,,0,0.0,0.0,12723,False,targets;fum_rec_td,PFR+RULE2PT,19701129-RAM-SFO,False,fum_rec_td,False,True,fum_rec_td,
Ted Kwalick,1970,12,1970-12-06,False,SFO,ATL,H,W,24,20,,0,0,0,0,0,0,0,0,0,0,,0,0.0,0.0,12723,False,targets;fum_rec_td,PFR+RULE2PT,19701206-ATL-SFO,False,fum_rec_td,False,True,fum_rec_td,
Ted Kwalick,1970,13,1970-12-13,False,SFO,NOR,A,W,38,27,,2,37,0,1,5,0,0,0,0,0,,0,4.2,6.2,12723,False,targets;fum_rec_td,PFR+RULE2PT,19701213-SFO-NOR,False,fum_rec_td,False,True,fum_rec_td,
Ted Kwalick,1970,14,1970-12-20,False,SFO,OAK,A,W,38,7,,2,47,1,0,0,0,0,0,0,0,,0,10.7,12.7,12723,False,targets;fum_rec_td,PFR+RULE2PT,19701220-SFO-OAK,False,fum_rec_td,False,True,fum_rec_td,
Ted Kwalick,1970,15,1970-12-27,True,SFO,MIN,A,W,17,14,,3,45,0,1,2,0,0,0,0,0,,0,4.7,7.7,12723,False,targets;fum_rec_td,PFR+RULE2PT,19701227-SFO-MIN,False,fum_rec_td,False,True,fum_rec_td,
Ted Kwalick,1970,16,1971-01-03,True,SFO,DAL,H,L,10,17,,1,7,0,0,0,0,0,0,0,0,,0,0.7,1.7,12723,False,targets;fum_rec_td,PFR+RULE2PT,19710103-DAL-SFO,False,fum_rec_td,False,True,fum_rec_td,
Ted Kwalick,1971,1,1971-09-19,False,SFO,ATL,A,L,17,20,,6,97,1,0,0,0,0,0,0,0,,0,15.7,21.7,12723,False,targets;fum_rec_td,PFR+RULE2PT,19710919-SFO-ATL,False,fum_rec_td,False,True,fum_rec_td,
Ted Kwalick,1971,2,1971-09-26,False,SFO,NOR,A,W,38,20,,2,20,0,0,0,0,0,0,0,0,,0,2.0,4.0,12723,False,targets;fum_rec_td,PFR+RULE2PT,19710926-SFO-NOR,False,fum_rec_td,False,True,fum_rec_td,
Ted Kwalick,1971,3,1971-10-03,False,SFO,PHI,A,W,31,3,,3,58,2,0,0,0,0,0,0,0,,0,17.8,20.8,12723,False,targets;fum_rec_td,PFR+RULE2PT,19711003-SFO-PHI,False,fum_rec_td,False,True,fum_rec_td,
Ted Kwalick,1971,4,1971-10-10,False,SFO,RAM,H,L,13,20,,5,81,1,0,0,0,0,0,0,0,,0,14.1,19.1,12723,False,targets;fum_rec_td,PFR+RULE2PT,19711010-RAM-SFO,False,fum_rec_td,False,True,fum_rec_td,
Ted Kwalick,1971,5,1971-10-17,False,SFO,CHI,H,W,13,0,,6,61,0,0,0,0,0,0,0,0,,0,6.1,12.1,12723,False,targets;fum_rec_td,PFR+RULE2PT,19711017-CHI-SFO,False,fum_rec_td,False,True,fum_rec_td,
Ted Kwalick,1971,6,1971-10-24,False,SFO,STL,A,W,26,14,,3,65,0,1,7,0,0,0,0,0,,0,7.2,10.2,12723,False,targets;fum_rec_td,PFR+RULE2PT,19711024-SFO-STL,False,fum_rec_td,False,True,fum_rec_td,
Ted Kwalick,1971,7,1971-10-31,False,SFO,NWE,H,W,27,10,,2,20,0,1,2,0,0,0,0,0,,0,2.2,4.2,12723,False,targets;fum_rec_td,PFR+RULE2PT,19711031-NWE-SFO,False,fum_rec_td,False,True,fum_rec_td,
Ted Kwalick,1971,8,1971-11-07,False,SFO,MIN,A,W,13,9,,3,28,0,1,12,0,0,0,0,0,,0,4.0,7.0,12723,False,targets;fum_rec_td,PFR+RULE2PT,19711107-SFO-MIN,False,fum_rec_td,False,True,fum_rec_td,
Ted Kwalick,1971,9,1971-11-14,False,SFO,NOR,H,L,20,26,,4,35,0,0,0,0,0,0,0,0,,0,3.5,7.5,12723,False,targets;fum_rec_td,PFR+RULE2PT,19711114-NOR-SFO,False,fum_rec_td,False,True,fum_rec_td,
Ted Kwalick,1971,10,1971-11-21,False,SFO,RAM,A,L,6,17,,7,83,0,1,1,0,0,0,0,0,,0,8.4,15.4,12723,False,targets;fum_rec_td,PFR+RULE2PT,19711121-SFO-RAM,False,fum_rec_td,False,True,fum_rec_td,
Ted Kwalick,1971,11,1971-11-28,False,SFO,NYJ,A,W,24,21,,1,14,0,0,0,0,0,0,0,0,,0,1.4,2.4,12723,False,targets;fum_rec_td,PFR+RULE2PT,19711128-SFO-NYJ,False,fum_rec_td,False,True,fum_rec_td,
Ted Kwalick,1971,12,1971-12-06,False,SFO,KAN,H,L,17,26,,5,58,1,1,28,0,0,0,0,0,,0,14.6,19.6,12723,False,targets;fum_rec_td,PFR+RULE2PT,19711206-KAN-SFO,False,fum_rec_td,False,True,fum_rec_td,
Ted Kwalick,1971,13,1971-12-12,False,SFO,ATL,H,W,24,3,,2,12,0,1,12,0,0,0,0,0,,0,2.4,4.4,12723,False,targets;fum_rec_td,PFR+RULE2PT,19711212-ATL-SFO,False,fum_rec_td,False,True,fum_rec_td,
Ted Kwalick,1971,14,1971-12-19,False,SFO,DET,H,W,31,27,,3,32,0,0,0,0,0,0,0,0,,0,3.2,6.2,12723,False,targets;fum_rec_td,PFR+RULE2PT,19711219-DET-SFO,False,fum_rec_td,False,True,fum_rec_td,
Ted Kwalick,1971,15,1971-12-26,True,SFO,WAS,H,W,24,20,,3,26,0,0,0,0,0,0,0,0,,0,2.6,5.6,12723,False,targets;fum_rec_td,PFR+RULE2PT,19711226-WAS-SFO,False,fum_rec_td,False,True,fum_rec_td,
Ted Kwalick,1971,16,1972-01-02,True,SFO,DAL,A,L,3,14,,4,52,0,0,0,0,0,0,0,0,,0,5.2,9.2,12723,False,targets;fum_rec_td,PFR+RULE2PT,19720102-SFO-DAL,False,fum_rec_td,False,True,fum_rec_td,
Ted Kwalick,1972,1,1972-09-17,False,SFO,SDG,H,W,34,3,,0,0,0,1,10,0,0,0,0,0,,0,1.0,1.0,12723,False,targets;fum_rec_td,PFR+RULE2PT,19720917-SDG-SFO,False,fum_rec_td,False,True,fum_rec_td,
Ted Kwalick,1972,2,1972-09-24,False,SFO,BUF,A,L,20,27,,3,66,1,0,0,0,0,0,0,0,,0,12.6,15.6,12723,False,targets;fum_rec_td,PFR+RULE2PT,19720924-SFO-BUF,False,fum_rec_td,False,True,fum_rec_td,
Ted Kwalick,1972,3,1972-10-01,False,SFO,NOR,A,W,37,2,,3,65,1,1,-6,0,0,0,0,0,,0,11.9,14.9,12723,False,targets;fum_rec_td,PFR+RULE2PT,19721001-SFO-NOR,False,fum_rec_td,False,True,fum_rec_td,
Ted Kwalick,1972,4,1972-10-08,False,SFO,RAM,A,L,7,31,,2,31,0,1,-1,0,0,0,0,0,,0,3.0,5.0,12723,False,targets;fum_rec_td,PFR+RULE2PT,19721008-SFO-RAM,False,fum_rec_td,False,True,fum_rec_td,
Ted Kwalick,1972,5,1972-10-15,False,SFO,NYG,H,L,17,23,,6,126,0,0,0,0,0,0,0,0,,0,12.6,18.6,12723,False,targets;fum_rec_td,PFR+RULE2PT,19721015-NYG-SFO,False,fum_rec_td,False,True,fum_rec_td,
Ted Kwalick,1972,6,1972-10-22,False,SFO,NOR,H,T,20,20,,2,102,1,0,0,0,0,0,0,0,,0,16.2,18.2,12723,False,targets;fum_rec_td,PFR+RULE2PT,19721022-NOR-SFO,False,fum_rec_td,False,True,fum_rec_td,
Ted Kwalick,1972,7,1972-10-29,False,SFO,ATL,A,W,49,14,,4,77,1,1,3,0,0,0,0,0,,0,14.0,18.0,12723,False,targets;fum_rec_td,PFR+RULE2PT,19721029-SFO-ATL,False,fum_rec_td,False,True,fum_rec_td,
Ted Kwalick,1972,8,1972-11-05,False,SFO,GNB,A,L,24,34,,3,37,0,0,0,0,0,0,0,0,,0,3.7,6.7,12723,False,targets;fum_rec_td,PFR+RULE2PT,19721105-SFO-GNB,False,fum_rec_td,False,True,fum_rec_td,
Ted Kwalick,1972,9,1972-11-12,False,SFO,BAL,H,W,24,21,,1,25,1,1,5,0,0,0,0,0,,0,9.0,10.0,12723,False,targets;fum_rec_td,PFR+RULE2PT,19721112-BAL-SFO,False,fum_rec_td,False,True,fum_rec_td,
Ted Kwalick,1972,10,1972-11-19,False,SFO,CHI,A,W,34,21,,2,18,2,0,0,0,0,0,0,0,,0,13.8,15.8,12723,False,targets;fum_rec_td,PFR+RULE2PT,19721119-SFO-CHI,False,fum_rec_td,False,True,fum_rec_td,
Ted Kwalick,1972,11,1972-11-23,False,SFO,DAL,A,W,31,10,,4,68,1,0,0,0,0,0,0,0,,0,12.8,16.8,12723,False,targets;fum_rec_td,PFR+RULE2PT,19721123-SFO-DAL,False,fum_rec_td,False,True,fum_rec_td,
Ted Kwalick,1972,12,1972-12-04,False,SFO,RAM,H,L,16,26,,6,65,1,0,0,0,0,0,0,0,,0,12.5,18.5,12723,False,targets;fum_rec_td,PFR+RULE2PT,19721204-RAM-SFO,False,fum_rec_td,False,True,fum_rec_td,
Ted Kwalick,1972,13,1972-12-10,False,SFO,ATL,H,W,20,0,,2,40,0,0,0,0,0,0,0,0,,0,4.0,6.0,12723,False,targets;fum_rec_td,PFR+RULE2PT,19721210-ATL-SFO,False,fum_rec_td,False,True,fum_rec_td,
Ted Kwalick,1972,14,1972-12-16,False,SFO,MIN,H,W,20,17,,2,31,0,0,0,0,0,0,0,0,,0,3.1,5.1,12723,False,targets;fum_rec_td,PFR+RULE2PT,19721216-MIN-SFO,False,fum_rec_td,False,True,fum_rec_td,
Ted Kwalick,1972,15,1972-12-23,True,SFO,DAL,H,L,28,30,,1,5,0,0,0,0,0,0,0,0,,0,0.5,1.5,12723,False,targets;fum_rec_td,PFR+RULE2PT,19721223-DAL-SFO,False,fum_rec_td,False,True,fum_rec_td,
Ted Kwalick,1973,1,1973-09-16,False,SFO,MIA,A,L,13,21,,3,41,0,0,0,0,0,0,0,0,,0,4.1,7.1,12723,False,targets;fum_rec_td,PFR+RULE2PT,19730916-SFO-MIA,False,fum_rec_td,False,True,fum_rec_td,
Ted Kwalick,1973,2,1973-09-23,False,SFO,DEN,A,W,36,34,,2,67,0,0,0,0,0,0,0,0,,0,6.7,8.7,12723,False,targets;fum_rec_td,PFR+RULE2PT,19730923-SFO-DEN,False,fum_rec_td,False,True,fum_rec_td,
Ted Kwalick,1973,3,1973-09-30,False,SFO,RAM,H,L,20,40,,3,44,1,0,0,0,0,0,0,0,,0,10.4,13.4,12723,False,targets;fum_rec_td,PFR+RULE2PT,19730930-RAM-SFO,False,fum_rec_td,False,True,fum_rec_td,
Ted Kwalick,1973,4,1973-10-07,False,SFO,ATL,A,W,13,9,,3,48,0,0,0,0,0,0,0,0,,0,4.8,7.8,12723,False,targets;fum_rec_td,PFR+RULE2PT,19731007-SFO-ATL,False,fum_rec_td,False,True,fum_rec_td,
Ted Kwalick,1973,5,1973-10-14,False,SFO,MIN,H,L,13,17,,4,54,0,1,5,0,0,0,0,0,,0,5.9,9.9,12723,False,targets;fum_rec_td,PFR+RULE2PT,19731014-MIN-SFO,False,fum_rec_td,False,True,fum_rec_td,
Ted Kwalick,1973,6,1973-10-21,False,SFO,NOR,H,W,40,0,,2,57,1,0,0,0,0,0,0,0,,0,11.7,13.7,12723,False,targets;fum_rec_td,PFR+RULE2PT,19731021-NOR-SFO,False,fum_rec_td,False,True,fum_rec_td,
Ted Kwalick,1973,7,1973-10-28,False,SFO,ATL,H,L,3,17,,3,25,0,0,0,0,0,0,0,0,,0,2.5,5.5,12723,False,targets;fum_rec_td,PFR+RULE2PT,19731028-ATL-SFO,False,fum_rec_td,False,True,fum_rec_td,
Ted Kwalick,1973,8,1973-11-04,False,SFO,DET,A,L,20,30,,8,133,1,1,3,0,0,0,0,0,,0,19.6,27.6,12723,False,targets;fum_rec_td,PFR+RULE2PT,19731104-SFO-DET,False,fum_rec_td,False,True,fum_rec_td,
Ted Kwalick,1973,9,1973-11-11,False,SFO,WAS,A,L,9,33,,3,37,0,0,0,0,0,0,0,0,,0,3.7,6.7,12723,False,targets;fum_rec_td,PFR+RULE2PT,19731111-SFO-WAS,False,fum_rec_td,False,True,fum_rec_td,
Ted Kwalick,1973,10,1973-11-18,False,SFO,RAM,A,L,13,31,,3,37,0,1,1,0,0,0,0,0,,0,3.8,6.8,12723,False,targets;fum_rec_td,PFR+RULE2PT,19731118-SFO-RAM,False,fum_rec_td,False,True,fum_rec_td,
Ted Kwalick,1973,11,1973-11-26,False,SFO,GNB,H,W,20,6,,2,31,1,0,0,0,0,0,0,0,,0,9.1,11.1,12723,False,targets;fum_rec_td,PFR+RULE2PT,19731126-GNB-SFO,False,fum_rec_td,False,True,fum_rec_td,
Ted Kwalick,1973,12,1973-12-02,False,SFO,PHI,H,W,38,28,,2,23,0,0,0,0,0,0,0,0,,0,2.3,4.3,12723,False,targets;fum_rec_td,PFR+RULE2PT,19731202-PHI-SFO,False,fum_rec_td,False,True,fum_rec_td,
Ted Kwalick,1973,13,1973-12-09,False,SFO,NOR,A,L,10,16,,5,89,1,0,0,0,0,0,0,0,,0,14.9,19.9,12723,False,targets;fum_rec_td,PFR+RULE2PT,19731209-SFO-NOR,False,fum_rec_td,False,True,fum_rec_td,
Ted Kwalick,1973,14,1973-12-15,False,SFO,PIT,H,L,14,37,,4,43,0,2,28,0,0,0,0,0,,0,7.1,11.1,12723,False,targets;fum_rec_td,PFR+RULE2PT,19731215-PIT-SFO,False,fum_rec_td,False,True,fum_rec_td,
Ted Kwalick,1974,1,1974-09-15,False,SFO,NOR,A,W,17,13,,0,0,0,0,0,0,0,0,0,0,,0,0.0,0.0,12723,False,targets;fum_rec_td,PFR+RULE2PT,19740915-SFO-NOR,False,fum_rec_td,False,True,fum_rec_td,
Ted Kwalick,1974,2,1974-09-22,False,SFO,ATL,A,W,16,10,,0,0,0,0,0,0,0,0,0,0,,0,0.0,0.0,12723,False,targets;fum_rec_td,PFR+RULE2PT,19740922-SFO-ATL,False,fum_rec_td,False,True,fum_rec_td,
Ted Kwalick,1974,3,1974-09-29,False,SFO,CIN,H,L,3,21,,1,22,0,0,0,0,0,0,0,0,,0,2.2,3.2,12723,False,targets;fum_rec_td,PFR+RULE2PT,19740929-CIN-SFO,False,fum_rec_td,False,True,fum_rec_td,
Ted Kwalick,1974,4,1974-10-06,False,SFO,STL,H,L,9,34,,0,0,0,0,0,0,0,0,0,0,,0,0.0,0.0,12723,False,targets;fum_rec_td,PFR+RULE2PT,19741006-STL-SFO,False,fum_rec_td,False,True,fum_rec_td,
Ted Kwalick,1974,5,1974-10-14,False,SFO,DET,A,L,13,17,,3,41,0,0,0,0,0,0,0,0,,0,4.1,7.1,12723,False,targets;fum_rec_td,PFR+RULE2PT,19741014-SFO-DET,False,fum_rec_td,False,True,fum_rec_td,
Ted Kwalick,1974,6,1974-10-20,False,SFO,RAM,A,L,14,37,,1,8,0,0,0,0,0,0,0,0,,0,0.8,1.8,12723,False,targets;fum_rec_td,PFR+RULE2PT,19741020-SFO-RAM,False,fum_rec_td,False,True,fum_rec_td,
Ted Kwalick,1974,7,1974-10-27,False,SFO,OAK,H,L,24,35,,1,20,0,0,0,0,0,0,0,0,,0,2.0,3.0,12723,False,targets;fum_rec_td,PFR+RULE2PT,19741027-OAK-SFO,False,fum_rec_td,False,True,fum_rec_td,
Ted Kwalick,1974,8,1974-11-04,False,SFO,RAM,H,L,13,15,,0,0,0,0,0,0,0,0,0,0,,0,0.0,0.0,12723,False,targets;fum_rec_td,PFR+RULE2PT,19741104-RAM-SFO,False,fum_rec_td,False,True,fum_rec_td,
Ted Kwalick,1974,9,1974-11-10,False,SFO,DAL,A,L,14,20,,1,4,1,0,0,0,0,0,0,0,,0,6.4,7.4,12723,False,targets;fum_rec_td,PFR+RULE2PT,19741110-SFO-DAL,False,fum_rec_td,False,True,fum_rec_td,
Ted Kwalick,1974,10,1974-11-17,False,SFO,CHI,A,W,34,0,,3,75,1,0,0,0,0,0,0,0,,0,13.5,16.5,12723,False,targets;fum_rec_td,PFR+RULE2PT,19741117-SFO-CHI,False,fum_rec_td,False,True,fum_rec_td,
Ted Kwalick,1974,11,1974-11-24,False,SFO,ATL,H,W,27,0,,0,0,0,0,0,0,0,0,0,0,,0,0.0,0.0,12723,False,targets;fum_rec_td,PFR+RULE2PT,19741124-ATL-SFO,False,fum_rec_td,False,True,fum_rec_td,
Ted Kwalick,1974,12,1974-12-01,False,SFO,CLE,A,L,0,7,,0,0,0,0,0,0,0,0,0,0,,0,0.0,0.0,12723,False,targets;fum_rec_td,PFR+RULE2PT,19741201-SFO-CLE,False,fum_rec_td,False,True,fum_rec_td,
Ted Kwalick,1974,13,1974-12-08,False,SFO,GNB,H,W,7,6,,3,61,0,0,0,0,0,0,0,0,,0,6.1,9.1,12723,False,targets;fum_rec_td,PFR+RULE2PT,19741208-GNB-SFO,False,fum_rec_td,False,True,fum_rec_td,
Ted Kwalick,1974,14,1974-12-15,False,SFO,NOR,H,W,35,21,,0,0,0,0,0,0,0,0,0,0,,0,0.0,0.0,12723,False,targets;fum_rec_td,PFR+RULE2PT,19741215-NOR-SFO,False,fum_rec_td,False,True,fum_rec_td,
Ted Kwalick,1975,9,1975-11-16,False,OAK,CLE,H,W,38,17,,0,0,0,0,0,0,0,0,0,0,,0,0.0,0.0,12723,False,targets;fum_rec_td,PFR+RULE2PT,19751116-CLE-OAK,False,fum_rec_td,False,True,fum_rec_td,
Ted Kwalick,1975,10,1975-11-23,False,OAK,WAS,A,W,26,23,,0,0,0,0,0,0,0,0,0,0,,0,0.0,0.0,12723,False,targets;fum_rec_td,PFR+RULE2PT,19751123-OAK-WAS,False,fum_rec_td,False,True,fum_rec_td,
Ted Kwalick,1975,11,1975-11-30,False,OAK,ATL,H,W,37,34,,0,0,0,0,0,0,0,0,0,0,,0,0.0,0.0,12723,False,targets;fum_rec_td,PFR+RULE2PT,19751130-ATL-OAK,False,fum_rec_td,False,True,fum_rec_td,
Ted Kwalick,1975,12,1975-12-08,False,OAK,DEN,H,W,17,10,,0,0,0,0,0,0,0,0,0,0,,0,0.0,0.0,12723,False,targets;fum_rec_td,PFR+RULE2PT,19751208-DEN-OAK,False,fum_rec_td,False,True,fum_rec_td,
Ted Kwalick,1975,13,1975-12-14,False,OAK,HOU,H,L,26,27,,0,0,0,0,0,0,0,0,0,0,,0,0.0,0.0,12723,False,targets;fum_rec_td,PFR+RULE2PT,19751214-HOU-OAK,False,fum_rec_td,False,True,fum_rec_td,
Ted Kwalick,1975,14,1975-12-21,False,OAK,KAN,H,W,28,20,,0,0,0,0,0,0,0,0,0,0,,0,0.0,0.0,12723,False,targets;fum_rec_td,PFR+RULE2PT,19751221-KAN-OAK,False,fum_rec_td,False,True,fum_rec_td,
Ted Kwalick,1975,15,1975-12-28,True,OAK,CIN,H,W,31,28,,0,0,0,0,0,0,0,0,0,0,,0,0.0,0.0,12723,False,targets;fum_rec_td,PFR+RULE2PT,19751228-CIN-OAK,False,fum_rec_td,False,True,fum_rec_td,
Ted Kwalick,1975,16,1976-01-04,True,OAK,PIT,A,L,10,16,,0,0,0,0,0,0,0,0,0,0,,0,0.0,0.0,12723,False,targets;fum_rec_td,PFR+RULE2PT,19760104-OAK-PIT,False,fum_rec_td,False,True,fum_rec_td,
Ted Kwalick,1976,1,1976-09-12,False,OAK,PIT,H,W,31,28,,0,0,0,0,0,0,0,0,0,0,,0,0.0,0.0,12723,False,targets;fum_rec_td,PFR+RULE2PT,19760912-PIT-OAK,False,fum_rec_td,False,True,fum_rec_td,
Ted Kwalick,1976,2,1976-09-20,False,OAK,KAN,A,W,24,21,,0,0,0,0,0,0,0,0,0,0,,0,0.0,0.0,12723,False,targets;fum_rec_td,PFR+RULE2PT,19760920-OAK-KAN,False,fum_rec_td,False,True,fum_rec_td,
Ted Kwalick,1976,3,1976-09-26,False,OAK,HOU,A,W,14,13,,0,0,0,0,0,0,0,0,0,0,,0,0.0,0.0,12723,False,targets;fum_rec_td,PFR+RULE2PT,19760926-OAK-HOU,False,fum_rec_td,False,True,fum_rec_td,
Ted Kwalick,1976,4,1976-10-03,False,OAK,NWE,A,L,17,48,,3,10,0,0,0,0,0,0,0,0,,0,1.0,4.0,12723,False,targets;fum_rec_td,PFR+RULE2PT,19761003-OAK-NWE,False,fum_rec_td,False,True,fum_rec_td,
Ted Kwalick,1976,5,1976-10-10,False,OAK,SDG,A,W,27,17,,0,0,0,0,0,0,0,0,0,0,,0,0.0,0.0,12723,False,targets;fum_rec_td,PFR+RULE2PT,19761010-OAK-SDG,False,fum_rec_td,False,True,fum_rec_td,
Ted Kwalick,1976,6,1976-10-17,False,OAK,DEN,A,W,17,10,,1,5,0,0,0,0,0,0,0,0,,0,0.5,1.5,12723,False,targets;fum_rec_td,PFR+RULE2PT,19761017-OAK-DEN,False,fum_rec_td,False,True,fum_rec_td,
Ted Kwalick,1976,9,1976-11-07,False,OAK,CHI,A,W,28,27,,0,0,0,0,0,0,0,0,0,0,,0,0.0,0.0,12723,False,targets;fum_rec_td,PFR+RULE2PT,19761107-OAK-CHI,False,fum_rec_td,False,True,fum_rec_td,
Ted Kwalick,1977,1,1977-09-18,False,OAK,SDG,H,W,24,0,,0,0,0,0,0,0,0,0,0,0,,0,0.0,0.0,12723,False,targets;fum_rec_td,PFR+RULE2PT,19770918-SDG-OAK,False,fum_rec_td,False,True,fum_rec_td,
Ted Kwalick,1977,2,1977-09-25,False,OAK,PIT,A,W,16,7,,0,0,0,0,0,0,0,0,0,0,,0,0.0,0.0,12723,False,targets;fum_rec_td,PFR+RULE2PT,19770925-OAK-PIT,False,fum_rec_td,False,True,fum_rec_td,
Ted Kwalick,1977,3,1977-10-03,False,OAK,KAN,A,W,37,28,,0,0,0,0,0,0,0,0,0,0,,0,0.0,0.0,12723,False,targets;fum_rec_td,PFR+RULE2PT,19771003-OAK-KAN,False,fum_rec_td,False,True,fum_rec_td,
Ted Kwalick,1977,4,1977-10-09,False,OAK,CLE,A,W,26,10,,0,0,0,0,0,0,0,0,0,0,,0,0.0,0.0,12723,False,targets;fum_rec_td,PFR+RULE2PT,19771009-OAK-CLE,False,fum_rec_td,False,True,fum_rec_td,
Ted Kwalick,1977,5,1977-10-16,False,OAK,DEN,H,L,7,30,,0,0,0,0,0,0,0,0,0,0,,0,0.0,0.0,12723,False,targets;fum_rec_td,PFR+RULE2PT,19771016-DEN-OAK,False,fum_rec_td,False,True,fum_rec_td,
Ted Kwalick,1977,6,1977-10-23,False,OAK,NYJ,A,W,28,27,,0,0,0,0,0,0,0,0,0,0,,0,0.0,0.0,12723,False,targets;fum_rec_td,PFR+RULE2PT,19771023-OAK-NYJ,False,fum_rec_td,False,True,fum_rec_td,
Ted Kwalick,1977,7,1977-10-30,False,OAK,DEN,A,W,24,14,,0,0,0,0,0,0,0,0,0,0,,0,0.0,0.0,12723,False,targets;fum_rec_td,PFR+RULE2PT,19771030-OAK-DEN,False,fum_rec_td,False,True,fum_rec_td,
Ted Kwalick,1977,8,1977-11-06,False,OAK,SEA,H,W,44,7,,0,0,0,0,0,0,0,0,0,0,,0,0.0,0.0,12723,False,targets;fum_rec_td,PFR+RULE2PT,19771106-SEA-OAK,False,fum_rec_td,False,True,fum_rec_td,
Ted Kwalick,1977,9,1977-11-13,False,OAK,HOU,H,W,34,29,,0,0,0,0,0,0,0,0,0,0,,0,0.0,0.0,12723,False,targets;fum_rec_td,PFR+RULE2PT,19771113-HOU-OAK,False,fum_rec_td,False,True,fum_rec_td,
Ted Kwalick,1977,10,1977-11-20,False,OAK,SDG,A,L,7,12,,0,0,0,0,0,0,0,0,0,0,,0,0.0,0.0,12723,False,targets;fum_rec_td,PFR+RULE2PT,19771120-OAK-SDG,False,fum_rec_td,False,True,fum_rec_td,
Ted Kwalick,1977,12,1977-12-04,False,OAK,RAM,A,L,14,20,,0,0,0,0,0,0,0,0,0,0,,0,0.0,0.0,12723,False,targets;fum_rec_td,PFR+RULE2PT,19771204-OAK-RAM,False,fum_rec_td,False,True,fum_rec_td,
Ted Kwalick,1977,14,1977-12-18,False,OAK,KAN,H,W,21,20,,0,0,0,0,0,0,0,0,0,0,,0,0.0,0.0,12723,False,targets;fum_rec_td,PFR+RULE2PT,19771218-KAN-OAK,False,fum_rec_td,False,True,fum_rec_td,
Billy Truax,1970,1,1970-09-18,False,RAM,STL,H,W,34,13,,2,19,1,0,0,0,0,0,0,0,,0,7.9,9.9,22532,False,targets;fum_rec_td,PFR+RULE2PT,19700918-STL-RAM,False,fum_rec_td,False,True,fum_rec_td,
Billy Truax,1970,2,1970-09-27,False,RAM,BUF,A,W,19,0,,1,3,0,0,0,0,0,0,0,0,,0,0.3,1.3,22532,False,targets;fum_rec_td,PFR+RULE2PT,19700927-RAM-BUF,False,fum_rec_td,False,True,fum_rec_td,
Billy Truax,1970,3,1970-10-04,False,RAM,SDG,H,W,37,10,,0,0,0,0,0,0,0,0,0,0,,0,0.0,0.0,22532,False,targets;fum_rec_td,PFR+RULE2PT,19701004-SDG-RAM,False,fum_rec_td,False,True,fum_rec_td,
Billy Truax,1970,4,1970-10-11,False,RAM,SFO,H,L,6,20,,1,8,0,0,0,0,0,0,0,0,,0,0.8,1.8,22532,False,targets;fum_rec_td,PFR+RULE2PT,19701011-SFO-RAM,False,fum_rec_td,False,True,fum_rec_td,
Billy Truax,1970,5,1970-10-18,False,RAM,GNB,A,W,31,21,,1,12,0,0,0,0,0,0,0,0,,0,1.2,2.2,22532,False,targets;fum_rec_td,PFR+RULE2PT,19701018-RAM-GNB,False,fum_rec_td,False,True,fum_rec_td,
Billy Truax,1970,6,1970-10-26,False,RAM,MIN,A,L,3,13,,2,16,0,0,0,0,0,0,0,0,,0,1.6,3.6,22532,False,targets;fum_rec_td,PFR+RULE2PT,19701026-RAM-MIN,False,fum_rec_td,False,True,fum_rec_td,
Billy Truax,1970,7,1970-11-01,False,RAM,NOR,A,W,30,17,,6,124,0,0,0,0,0,0,0,0,,0,12.4,18.4,22532,False,targets;fum_rec_td,PFR+RULE2PT,19701101-RAM-NOR,False,fum_rec_td,False,True,fum_rec_td,
Billy Truax,1970,8,1970-11-08,False,RAM,ATL,H,T,10,10,,2,19,0,0,0,0,0,0,0,0,,0,1.9,3.9,22532,False,targets;fum_rec_td,PFR+RULE2PT,19701108-ATL-RAM,False,fum_rec_td,False,True,fum_rec_td,
Billy Truax,1970,9,1970-11-15,False,RAM,NYJ,H,L,20,31,,3,53,0,0,0,0,0,0,0,0,,0,5.3,8.3,22532,False,targets;fum_rec_td,PFR+RULE2PT,19701115-NYJ-RAM,False,fum_rec_td,False,True,fum_rec_td,
Billy Truax,1970,10,1970-11-22,False,RAM,ATL,A,W,17,7,,0,0,0,0,0,0,0,0,0,0,,0,0.0,0.0,22532,False,targets;fum_rec_td,PFR+RULE2PT,19701122-RAM-ATL,False,fum_rec_td,False,True,fum_rec_td,
Billy Truax,1970,11,1970-11-29,False,RAM,SFO,A,W,30,13,,3,30,0,0,0,0,0,0,0,0,,0,3.0,6.0,22532,False,targets;fum_rec_td,PFR+RULE2PT,19701129-RAM-SFO,False,fum_rec_td,False,True,fum_rec_td,
Billy Truax,1970,12,1970-12-06,False,RAM,NOR,H,W,34,16,,5,52,1,0,0,0,0,0,0,0,,0,11.2,16.2,22532,False,targets;fum_rec_td,PFR+RULE2PT,19701206-NOR-RAM,False,fum_rec_td,False,True,fum_rec_td,
Billy Truax,1970,13,1970-12-14,False,RAM,DET,H,L,23,28,,7,60,1,0,0,0,0,0,0,0,,0,12.0,19.0,22532,False,targets;fum_rec_td,PFR+RULE2PT,19701214-DET-RAM,False,fum_rec_td,False,True,fum_rec_td,
Billy Truax,1970,14,1970-12-20,False,RAM,NYG,A,W,31,3,,3,24,0,0,0,0,0,0,0,0,,0,2.4,5.4,22532,False,targets;fum_rec_td,PFR+RULE2PT,19701220-RAM-NYG,False,fum_rec_td,False,True,fum_rec_td,
Billy Truax,1971,1,1971-09-19,False,DAL,BUF,A,W,49,37,,0,0,0,0,0,0,0,0,0,0,,0,0.0,0.0,22532,False,targets;fum_rec_td,PFR+RULE2PT,19710919-DAL-BUF,False,fum_rec_td,False,True,fum_rec_td,
Billy Truax,1971,4,1971-10-11,False,DAL,NYG,H,W,20,13,,5,76,1,0,0,0,0,0,0,0,,0,13.6,18.6,22532,False,targets;fum_rec_td,PFR+RULE2PT,19711011-NYG-DAL,False,fum_rec_td,False,True,fum_rec_td,
Billy Truax,1971,5,1971-10-17,False,DAL,NOR,A,L,14,24,,2,38,0,0,0,0,0,0,0,0,,0,3.8,5.8,22532,False,targets;fum_rec_td,PFR+RULE2PT,19711017-DAL-NOR,False,fum_rec_td,False,True,fum_rec_td,
Billy Truax,1971,6,1971-10-24,False,DAL,NWE,H,W,44,21,,1,19,0,0,0,0,0,0,0,0,,0,1.9,2.9,22532,False,targets;fum_rec_td,PFR+RULE2PT,19711024-NWE-DAL,False,fum_rec_td,False,True,fum_rec_td,
Billy Truax,1971,7,1971-10-31,False,DAL,CHI,A,L,19,23,,1,19,0,0,0,0,0,0,0,0,,0,1.9,2.9,22532,False,targets;fum_rec_td,PFR+RULE2PT,19711031-DAL-CHI,False,fum_rec_td,False,True,fum_rec_td,
Billy Truax,1971,8,1971-11-07,False,DAL,STL,A,W,16,13,,2,23,0,0,0,0,0,0,0,0,,0,2.3,4.3,22532,False,targets;fum_rec_td,PFR+RULE2PT,19711107-DAL-STL,False,fum_rec_td,False,True,fum_rec_td,
Billy Truax,1971,9,1971-11-14,False,DAL,PHI,H,W,20,7,,1,22,0,0,0,0,0,0,0,0,,0,2.2,3.2,22532,False,targets;fum_rec_td,PFR+RULE2PT,19711114-PHI-DAL,False,fum_rec_td,False,True,fum_rec_td,
Billy Truax,1971,10,1971-11-21,False,DAL,WAS,A,W,13,0,,2,27,0,0,0,0,0,0,0,0,,0,2.7,4.7,22532,False,targets;fum_rec_td,PFR+RULE2PT,19711121-DAL-WAS,False,fum_rec_td,False,True,fum_rec_td,
Billy Truax,1971,11,1971-11-25,False,DAL,RAM,H,W,28,21,,0,0,0,0,0,0,0,0,0,0,,0,0.0,0.0,22532,False,targets;fum_rec_td,PFR+RULE2PT,19711125-RAM-DAL,False,fum_rec_td,False,True,fum_rec_td,
Billy Truax,1971,12,1971-12-04,False,DAL,NYJ,H,W,52,10,,1,8,0,0,0,0,0,0,0,0,,0,0.8,1.8,22532,False,targets;fum_rec_td,PFR+RULE2PT,19711204-NYJ-DAL,False,fum_rec_td,False,True,fum_rec_td,
Billy Truax,1971,13,1971-12-12,False,DAL,NYG,A,W,42,14,,0,0,0,0,0,0,0,0,0,0,,0,0.0,0.0,22532,False,targets;fum_rec_td,PFR+RULE2PT,19711212-DAL-NYG,False,fum_rec_td,False,True,fum_rec_td,
Billy Truax,1971,14,1971-12-18,False,DAL,STL,H,W,31,12,,0,0,0,0,0,0,0,0,0,0,,0,0.0,0.0,22532,False,targets;fum_rec_td,PFR+RULE2PT,19711218-STL-DAL,False,fum_rec_td,False,True,fum_rec_td,
Billy Truax,1971,15,1971-12-25,True,DAL,MIN,A,W,20,12,,0,0,0,0,0,0,0,0,0,0,,0,0.0,0.0,22532,False,targets;fum_rec_td,PFR+RULE2PT,19711225-DAL-MIN,False,fum_rec_td,False,True,fum_rec_td,
Billy Truax,1971,16,1972-01-02,True,DAL,SFO,H,W,14,3,,2,43,0,0,0,0,0,0,0,0,,0,4.3,6.3,22532,False,targets;fum_rec_td,PFR+RULE2PT,19720102-SFO-DAL,False,fum_rec_td,False,True,fum_rec_td,
Billy Truax,1971,17,1972-01-16,True,DAL,MIA,N,W,24,3,,0,0,0,0,0,0,0,0,0,0,,0,0.0,0.0,22532,False,targets;fum_rec_td,PFR+RULE2PT,19720116-DAL-MIA-N,False,fum_rec_td,False,True,fum_rec_td,
Billy Truax,1972,1,1972-09-17,False,DAL,PHI,H,W,28,6,,0,0,0,0,0,0,0,0,0,0,,0,0.0,0.0,22532,False,targets;fum_rec_td,PFR+RULE2PT,19720917-PHI-DAL,False,fum_rec_td,False,True,fum_rec_td,
Billy Truax,1972,2,1972-09-24,False,DAL,NYG,A,W,23,14,,3,43,0,0,0,0,0,0,0,0,,0,4.3,7.3,22532,False,targets;fum_rec_td,PFR+RULE2PT,19720924-DAL-NYG,False,fum_rec_td,False,True,fum_rec_td,
Billy Truax,1972,3,1972-10-01,False,DAL,GNB,A,L,13,16,,1,6,0,0,0,0,0,0,0,0,,0,0.6,1.6,22532,False,targets;fum_rec_td,PFR+RULE2PT,19721001-DAL-GNB,False,fum_rec_td,False,True,fum_rec_td,
Billy Truax,1972,4,1972-10-08,False,DAL,PIT,H,W,17,13,,0,0,0,0,0,0,0,0,0,0,,0,0.0,0.0,22532,False,targets;fum_rec_td,PFR+RULE2PT,19721008-PIT-DAL,False,fum_rec_td,False,True,fum_rec_td,
Billy Truax,1972,5,1972-10-15,False,DAL,BAL,A,W,21,0,,0,0,0,0,0,0,0,0,0,0,,0,0.0,0.0,22532,False,targets;fum_rec_td,PFR+RULE2PT,19721015-DAL-BAL,False,fum_rec_td,False,True,fum_rec_td,
Billy Truax,1972,6,1972-10-22,False,DAL,WAS,A,L,20,24,,0,0,0,0,0,0,0,0,0,0,,0,0.0,0.0,22532,False,targets;fum_rec_td,PFR+RULE2PT,19721022-DAL-WAS,False,fum_rec_td,False,True,fum_rec_td,
Billy Truax,1972,15,1972-12-23,True,DAL,SFO,A,W,30,28,,1,2,0,0,0,0,0,0,0,0,,0,0.2,1.2,22532,False,targets;fum_rec_td,PFR+RULE2PT,19721223-DAL-SFO,False,fum_rec_td,False,True,fum_rec_td,
Billy Truax,1972,16,1972-12-31,True,DAL,WAS,A,L,3,26,,0,0,0,0,0,0,0,0,0,0,,0,0.0,0.0,22532,False,targets;fum_rec_td,PFR+RULE2PT,19721231-DAL-WAS,False,fum_rec_td,False,True,fum_rec_td,
Billy Truax,1973,1,1973-09-16,False,DAL,CHI,A,W,20,17,,0,0,0,0,0,0,0,0,0,0,,0,0.0,0.0,22532,False,targets;fum_rec_td,PFR+RULE2PT,19730916-DAL-CHI,False,fum_rec_td,False,True,fum_rec_td,
Billy Truax,1973,2,1973-09-24,False,DAL,NOR,H,W,40,3,,0,0,0,0,0,0,0,0,0,0,,0,0.0,0.0,22532,False,targets;fum_rec_td,PFR+RULE2PT,19730924-NOR-DAL,False,fum_rec_td,False,True,fum_rec_td,
Pettis Norman,1970,1,1970-09-20,False,DAL,PHI,A,W,17,7,,0,0,0,0,0,0,0,0,0,0,,0,0.0,0.0,16513,False,targets;fum_rec_td,PFR+RULE2PT,19700920-DAL-PHI,False,fum_rec_td,False,True,fum_rec_td,
Pettis Norman,1970,2,1970-09-27,False,DAL,NYG,H,W,28,10,,1,-1,0,0,0,0,0,0,0,0,,0,-0.1,0.9,16513,False,targets;fum_rec_td,PFR+RULE2PT,19700927-NYG-DAL,False,fum_rec_td,False,True,fum_rec_td,
Pettis Norman,1970,3,1970-10-04,False,DAL,STL,A,L,7,20,,2,15,0,0,0,0,0,0,0,0,,0,1.5,3.5,16513,False,targets;fum_rec_td,PFR+RULE2PT,19701004-DAL-STL,False,fum_rec_td,False,True,fum_rec_td,
Pettis Norman,1970,4,1970-10-11,False,DAL,ATL,H,W,13,0,,1,17,0,0,0,0,0,0,0,0,,0,1.7,2.7,16513,False,targets;fum_rec_td,PFR+RULE2PT,19701011-ATL-DAL,False,fum_rec_td,False,True,fum_rec_td,
Pettis Norman,1970,5,1970-10-18,False,DAL,MIN,A,L,13,54,,0,0,0,0,0,0,0,0,0,0,,0,0.0,0.0,16513,False,targets;fum_rec_td,PFR+RULE2PT,19701018-DAL-MIN,False,fum_rec_td,False,True,fum_rec_td,
Pettis Norman,1970,6,1970-10-25,False,DAL,KAN,A,W,27,16,,0,0,0,0,0,0,0,0,0,0,,0,0.0,0.0,16513,False,targets;fum_rec_td,PFR+RULE2PT,19701025-DAL-KAN,False,fum_rec_td,False,True,fum_rec_td,
Pettis Norman,1970,7,1970-11-01,False,DAL,PHI,H,W,21,17,,0,0,0,1,-6,0,0,0,0,0,,0,-0.6,-0.6,16513,False,targets;fum_rec_td,PFR+RULE2PT,19701101-PHI-DAL,False,fum_rec_td,False,True,fum_rec_td,
Pettis Norman,1970,8,1970-11-08,False,DAL,NYG,A,L,20,23,,0,0,0,0,0,0,0,0,0,0,,0,0.0,0.0,16513,False,targets;fum_rec_td,PFR+RULE2PT,19701108-DAL-NYG,False,fum_rec_td,False,True,fum_rec_td,
Pettis Norman,1970,9,1970-11-16,False,DAL,STL,H,L,0,38,,1,23,0,0,0,0,0,0,0,0,,0,2.3,3.3,16513,False,targets;fum_rec_td,PFR+RULE2PT,19701116-STL-DAL,False,fum_rec_td,False,True,fum_rec_td,
Pettis Norman,1970,10,1970-11-22,False,DAL,WAS,A,W,45,21,,0,0,0,1,22,0,0,0,0,0,,0,2.2,2.2,16513,False,targets;fum_rec_td,PFR+RULE2PT,19701122-DAL-WAS,False,fum_rec_td,False,True,fum_rec_td,
Pettis Norman,1970,11,1970-11-26,False,DAL,GNB,H,W,16,3,,0,0,0,0,0,0,0,0,0,0,,0,0.0,0.0,16513,False,targets;fum_rec_td,PFR+RULE2PT,19701126-GNB-DAL,False,fum_rec_td,False,True,fum_rec_td,
Pettis Norman,1970,12,1970-12-06,False,DAL,WAS,H,W,34,0,,0,0,0,0,0,0,0,0,0,0,,0,0.0,0.0,16513,False,targets;fum_rec_td,PFR+RULE2PT,19701206-WAS-DAL,False,fum_rec_td,False,True,fum_rec_td,
Pettis Norman,1970,13,1970-12-12,False,DAL,CLE,A,W,6,2,,0,0,0,0,0,0,0,0,0,0,,0,0.0,0.0,16513,False,targets;fum_rec_td,PFR+RULE2PT,19701212-DAL-CLE,False,fum_rec_td,False,True,fum_rec_td,
Pettis Norman,1970,14,1970-12-20,False,DAL,HOU,H,W,52,10,,1,16,0,0,0,0,0,0,0,0,,0,1.6,2.6,16513,False,targets;fum_rec_td,PFR+RULE2PT,19701220-HOU-DAL,False,fum_rec_td,False,True,fum_rec_td,
Pettis Norman,1970,15,1970-12-26,True,DAL,DET,H,W,5,0,,1,10,0,0,0,0,0,0,0,0,,0,1.0,2.0,16513,False,targets;fum_rec_td,PFR+RULE2PT,19701226-DET-DAL,False,fum_rec_td,False,True,fum_rec_td,
Pettis Norman,1970,16,1971-01-03,True,DAL,SFO,A,W,17,10,,0,0,0,0,0,0,0,0,0,0,,0,0.0,0.0,16513,False,targets;fum_rec_td,PFR+RULE2PT,19710103-DAL-SFO,False,fum_rec_td,False,True,fum_rec_td,
Pettis Norman,1970,17,1971-01-17,True,DAL,BAL,N,L,13,16,,0,0,0,0,0,0,0,0,0,0,,0,0.0,0.0,16513,False,targets;fum_rec_td,PFR+RULE2PT,19710117-BAL-DAL-N,False,fum_rec_td,False,True,fum_rec_td,
Pettis Norman,1971,1,1971-09-19,False,SDG,KAN,H,W,21,14,,0,0,0,0,0,0,0,0,0,0,,0,0.0,0.0,16513,False,targets;fum_rec_td,PFR+RULE2PT,19710919-KAN-SDG,False,fum_rec_td,False,True,fum_rec_td,
Pettis Norman,1971,2,1971-09-26,False,SDG,OAK,H,L,0,34,,1,20,0,0,0,0,0,0,0,0,,0,2.0,3.0,16513,False,targets;fum_rec_td,PFR+RULE2PT,19710926-OAK-SDG,False,fum_rec_td,False,True,fum_rec_td,
Pettis Norman,1971,3,1971-10-03,False,SDG,PIT,A,L,17,21,,7,48,0,0,0,0,0,0,0,0,,0,4.8,11.8,16513,False,targets;fum_rec_td,PFR+RULE2PT,19711003-SDG-PIT,False,fum_rec_td,False,True,fum_rec_td,
Pettis Norman,1971,4,1971-10-10,False,SDG,KAN,A,L,10,31,,0,0,0,0,0,0,0,0,0,0,,0,0.0,0.0,16513,False,targets;fum_rec_td,PFR+RULE2PT,19711010-SDG-KAN,False,fum_rec_td,False,True,fum_rec_td,
Pettis Norman,1971,5,1971-10-17,False,SDG,DEN,A,L,16,20,,1,12,0,0,0,0,0,0,0,0,,0,1.2,2.2,16513,False,targets;fum_rec_td,PFR+RULE2PT,19711017-SDG-DEN,False,fum_rec_td,False,True,fum_rec_td,
Pettis Norman,1971,6,1971-10-23,False,SDG,BUF,H,W,20,3,,3,47,0,0,0,0,0,0,0,0,,0,4.7,7.7,16513,False,targets;fum_rec_td,PFR+RULE2PT,19711023-BUF-SDG,False,fum_rec_td,False,True,fum_rec_td,
Pettis Norman,1971,7,1971-10-31,False,SDG,NYJ,H,W,49,21,,2,30,1,1,1,0,0,0,0,0,,0,9.1,11.1,16513,False,targets;fum_rec_td,PFR+RULE2PT,19711031-NYJ-SDG,False,fum_rec_td,False,True,fum_rec_td,
Pettis Norman,1971,8,1971-11-07,False,SDG,NYG,A,L,17,35,,0,0,0,0,0,0,0,0,0,0,,0,0.0,0.0,16513,False,targets;fum_rec_td,PFR+RULE2PT,19711107-SDG-NYG,False,fum_rec_td,False,True,fum_rec_td,
Pettis Norman,1971,9,1971-11-15,False,SDG,STL,H,W,20,17,,2,20,0,0,0,0,0,0,0,0,,0,2.0,4.0,16513,False,targets;fum_rec_td,PFR+RULE2PT,19711115-STL-SDG,False,fum_rec_td,False,True,fum_rec_td,
Pettis Norman,1971,10,1971-11-21,False,SDG,OAK,A,L,33,34,,2,36,0,0,0,0,0,0,0,0,,0,3.6,5.6,16513,False,targets;fum_rec_td,PFR+RULE2PT,19711121-SDG-OAK,False,fum_rec_td,False,True,fum_rec_td,
Pettis Norman,1971,11,1971-11-28,False,SDG,CIN,A,L,0,31,,1,28,0,0,0,0,0,0,0,0,,0,2.8,3.8,16513,False,targets;fum_rec_td,PFR+RULE2PT,19711128-SDG-CIN,False,fum_rec_td,False,True,fum_rec_td,
Pettis Norman,1971,12,1971-12-05,False,SDG,MIN,H,W,30,14,,3,36,0,0,0,0,0,0,0,0,,0,3.6,6.6,16513,False,targets;fum_rec_td,PFR+RULE2PT,19711205-MIN-SDG,False,fum_rec_td,False,True,fum_rec_td,
Pettis Norman,1971,13,1971-12-12,False,SDG,DEN,H,W,45,17,,3,51,0,0,0,0,0,0,0,0,,0,5.1,8.1,16513,False,targets;fum_rec_td,PFR+RULE2PT,19711212-DEN-SDG,False,fum_rec_td,False,True,fum_rec_td,
Pettis Norman,1971,14,1971-12-19,False,SDG,HOU,A,L,33,49,,2,30,0,0,0,0,0,0,0,0,,0,3.0,5.0,16513,False,targets;fum_rec_td,PFR+RULE2PT,19711219-SDG-HOU,False,fum_rec_td,False,True,fum_rec_td,
Pettis Norman,1972,1,1972-09-17,False,SDG,SFO,A,L,3,34,,1,18,0,0,0,0,0,0,0,0,,0,1.8,2.8,16513,False,targets;fum_rec_td,PFR+RULE2PT,19720917-SDG-SFO,False,fum_rec_td,False,True,fum_rec_td,
Pettis Norman,1972,2,1972-09-24,False,SDG,DEN,H,W,37,14,,1,17,0,0,0,0,0,0,0,0,,0,1.7,2.7,16513,False,targets;fum_rec_td,PFR+RULE2PT,19720924-DEN-SDG,False,fum_rec_td,False,True,fum_rec_td,
Pettis Norman,1972,3,1972-10-01,False,SDG,OAK,A,T,17,17,,0,0,0,0,0,0,0,0,0,0,,0,0.0,0.0,16513,False,targets;fum_rec_td,PFR+RULE2PT,19721001-SDG-OAK,False,fum_rec_td,False,True,fum_rec_td,
Pettis Norman,1972,4,1972-10-08,False,SDG,BAL,A,W,23,20,,0,0,0,0,0,0,0,0,0,0,,0,0.0,0.0,16513,False,targets;fum_rec_td,PFR+RULE2PT,19721008-SDG-BAL,False,fum_rec_td,False,True,fum_rec_td,
Pettis Norman,1972,5,1972-10-15,False,SDG,MIA,A,L,10,24,,1,8,0,0,0,0,0,0,0,0,,0,0.8,1.8,16513,False,targets;fum_rec_td,PFR+RULE2PT,19721015-SDG-MIA,False,fum_rec_td,False,True,fum_rec_td,
Pettis Norman,1972,6,1972-10-22,False,SDG,DET,A,L,20,34,,0,0,0,0,0,0,0,0,0,0,,0,0.0,0.0,16513,False,targets;fum_rec_td,PFR+RULE2PT,19721022-SDG-DET,False,fum_rec_td,False,True,fum_rec_td,
Pettis Norman,1972,7,1972-10-29,False,SDG,KAN,H,L,14,26,,2,34,0,0,0,0,0,0,0,0,,0,3.4,5.4,16513,False,targets;fum_rec_td,PFR+RULE2PT,19721029-KAN-SDG,False,fum_rec_td,False,True,fum_rec_td,
Pettis Norman,1972,9,1972-11-13,False,SDG,CLE,H,L,17,21,,3,47,0,0,0,0,0,0,0,0,,0,4.7,7.7,16513,False,targets;fum_rec_td,PFR+RULE2PT,19721113-CLE-SDG,False,fum_rec_td,False,True,fum_rec_td,
Pettis Norman,1972,10,1972-11-19,False,SDG,KAN,A,W,27,17,,2,3,0,1,9,0,0,0,0,0,,0,1.2,3.2,16513,False,targets;fum_rec_td,PFR+RULE2PT,19721119-SDG-KAN,False,fum_rec_td,False,True,fum_rec_td,
Pettis Norman,1972,11,1972-11-26,False,SDG,HOU,H,W,34,20,,3,42,0,0,0,0,0,0,0,0,,0,4.2,7.2,16513,False,targets;fum_rec_td,PFR+RULE2PT,19721126-HOU-SDG,False,fum_rec_td,False,True,fum_rec_td,
Pettis Norman,1972,12,1972-12-03,False,SDG,OAK,H,L,19,21,,0,0,0,0,0,0,0,0,0,0,,0,0.0,0.0,16513,False,targets;fum_rec_td,PFR+RULE2PT,19721203-OAK-SDG,False,fum_rec_td,False,True,fum_rec_td,
Pettis Norman,1972,13,1972-12-10,False,SDG,DEN,A,L,13,38,,5,69,0,0,0,0,0,0,0,0,,0,6.9,11.9,16513,False,targets;fum_rec_td,PFR+RULE2PT,19721210-SDG-DEN,False,fum_rec_td,False,True,fum_rec_td,
Pettis Norman,1972,14,1972-12-17,False,SDG,PIT,H,L,2,24,,1,24,0,0,0,0,0,0,0,0,,0,2.4,3.4,16513,False,targets;fum_rec_td,PFR+RULE2PT,19721217-PIT-SDG,False,fum_rec_td,False,True,fum_rec_td,
Pettis Norman,1973,1,1973-09-16,False,SDG,WAS,A,L,0,38,,1,2,0,0,0,0,0,0,0,0,,0,0.2,1.2,16513,False,targets;fum_rec_td,PFR+RULE2PT,19730916-SDG-WAS,False,fum_rec_td,False,True,fum_rec_td,
Pettis Norman,1973,2,1973-09-23,False,SDG,BUF,H,W,34,7,,1,16,0,0,0,0,0,0,0,0,,0,1.6,2.6,16513,False,targets;fum_rec_td,PFR+RULE2PT,19730923-BUF-SDG,False,fum_rec_td,False,True,fum_rec_td,
Pettis Norman,1973,3,1973-09-30,False,SDG,CIN,H,L,13,20,,1,24,0,0,0,0,0,0,0,0,,0,2.4,3.4,16513,False,targets;fum_rec_td,PFR+RULE2PT,19730930-CIN-SDG,False,fum_rec_td,False,True,fum_rec_td,
Pettis Norman,1973,4,1973-10-07,False,SDG,PIT,A,L,21,38,,1,18,0,1,10,0,0,0,0,0,,0,2.8,3.8,16513,False,targets;fum_rec_td,PFR+RULE2PT,19731007-SDG-PIT,False,fum_rec_td,False,True,fum_rec_td,
Pettis Norman,1973,5,1973-10-14,False,SDG,OAK,H,L,17,27,,0,0,0,0,0,0,0,0,0,0,,0,0.0,0.0,16513,False,targets;fum_rec_td,PFR+RULE2PT,19731014-OAK-SDG,False,fum_rec_td,False,True,fum_rec_td,
Pettis Norman,1973,6,1973-10-21,False,SDG,ATL,H,L,0,41,,0,0,0,0,0,0,0,0,0,0,,0,0.0,0.0,16513,False,targets;fum_rec_td,PFR+RULE2PT,19731021-ATL-SDG,False,fum_rec_td,False,True,fum_rec_td,
Pettis Norman,1973,7,1973-10-28,False,SDG,CLE,A,T,16,16,,0,0,0,0,0,0,0,0,0,0,,0,0.0,0.0,16513,False,targets;fum_rec_td,PFR+RULE2PT,19731028-SDG-CLE,False,fum_rec_td,False,True,fum_rec_td,
Pettis Norman,1973,8,1973-11-04,False,SDG,KAN,H,L,0,19,,3,62,0,0,0,0,0,0,0,0,,0,6.2,9.2,16513,False,targets;fum_rec_td,PFR+RULE2PT,19731104-KAN-SDG,False,fum_rec_td,False,True,fum_rec_td,
Pettis Norman,1973,9,1973-11-11,False,SDG,DEN,A,L,19,30,,0,0,0,0,0,0,0,0,0,0,,0,0.0,0.0,16513,False,targets;fum_rec_td,PFR+RULE2PT,19731111-SDG-DEN,False,fum_rec_td,False,True,fum_rec_td,
Pettis Norman,1973,10,1973-11-18,False,SDG,NOR,H,W,17,14,,1,22,0,0,0,0,0,0,0,0,,0,2.2,3.2,16513,False,targets;fum_rec_td,PFR+RULE2PT,19731118-NOR-SDG,False,fum_rec_td,False,True,fum_rec_td,
Pettis Norman,1973,11,1973-11-25,False,SDG,OAK,A,L,3,31,,1,15,0,0,0,0,0,0,0,0,,0,1.5,2.5,16513,False,targets;fum_rec_td,PFR+RULE2PT,19731125-SDG-OAK,False,fum_rec_td,False,True,fum_rec_td,
Pettis Norman,1973,12,1973-12-02,False,SDG,NWE,A,L,14,30,,1,9,0,0,0,0,0,0,0,0,,0,0.9,1.9,16513,False,targets;fum_rec_td,PFR+RULE2PT,19731202-SDG-NWE,False,fum_rec_td,False,True,fum_rec_td,
Pettis Norman,1973,13,1973-12-09,False,SDG,DEN,H,L,28,42,,0,0,0,0,0,0,0,0,0,0,,0,0.0,0.0,16513,False,targets;fum_rec_td,PFR+RULE2PT,19731209-DEN-SDG,False,fum_rec_td,False,True,fum_rec_td,
Pettis Norman,1973,14,1973-12-16,False,SDG,KAN,A,L,6,33,,3,32,0,0,0,0,0,0,0,0,,0,3.2,6.2,16513,False,targets;fum_rec_td,PFR+RULE2PT,19731216-SDG-KAN,False,fum_rec_td,False,True,fum_rec_td,
Keith Krepfle,1975,1,1975-09-21,False,PHI,NYG,H,L,14,23,,0,0,0,0,0,0,0,0,0,0,,0,0.0,0.0,12628,False,targets;fum_rec_td,PFR+RULE2PT,19750921-NYG-PHI,False,fum_rec_td,False,True,fum_rec_td,
Keith Krepfle,1975,2,1975-09-28,False,PHI,CHI,A,L,13,15,,0,0,0,0,0,0,0,0,0,0,,0,0.0,0.0,12628,False,targets;fum_rec_td,PFR+RULE2PT,19750928-PHI-CHI,False,fum_rec_td,False,True,fum_rec_td,
Keith Krepfle,1975,3,1975-10-05,False,PHI,WAS,H,W,26,10,,1,16,0,0,0,0,0,0,0,0,,0,1.6,2.6,12628,False,targets;fum_rec_td,PFR+RULE2PT,19751005-WAS-PHI,False,fum_rec_td,False,True,fum_rec_td,
Keith Krepfle,1975,4,1975-10-12,False,PHI,MIA,A,L,16,24,,0,0,0,0,0,0,0,0,0,0,,0,0.0,0.0,12628,False,targets;fum_rec_td,PFR+RULE2PT,19751012-PHI-MIA,False,fum_rec_td,False,True,fum_rec_td,
Keith Krepfle,1975,5,1975-10-19,False,PHI,STL,A,L,20,31,,0,0,0,0,0,0,0,0,0,0,,0,0.0,0.0,12628,False,targets;fum_rec_td,PFR+RULE2PT,19751019-PHI-STL,False,fum_rec_td,False,True,fum_rec_td,
Keith Krepfle,1975,6,1975-10-26,False,PHI,DAL,H,L,17,20,,0,0,0,0,0,0,0,0,0,0,,0,0.0,0.0,12628,False,targets;fum_rec_td,PFR+RULE2PT,19751026-DAL-PHI,False,fum_rec_td,False,True,fum_rec_td,
Keith Krepfle,1975,7,1975-11-03,False,PHI,RAM,H,L,3,42,,0,0,0,0,0,0,0,0,0,0,,0,0.0,0.0,12628,False,targets;fum_rec_td,PFR+RULE2PT,19751103-RAM-PHI,False,fum_rec_td,False,True,fum_rec_td,
Keith Krepfle,1975,8,1975-11-09,False,PHI,STL,H,L,23,24,,0,0,0,0,0,0,0,0,0,0,,0,0.0,0.0,12628,False,targets;fum_rec_td,PFR+RULE2PT,19751109-STL-PHI,False,fum_rec_td,False,True,fum_rec_td,
Keith Krepfle,1975,9,1975-11-16,False,PHI,NYG,A,W,13,10,,0,0,0,0,0,0,0,0,0,0,,0,0.0,0.0,12628,False,targets;fum_rec_td,PFR+RULE2PT,19751116-PHI-NYG,False,fum_rec_td,False,True,fum_rec_td,
Keith Krepfle,1975,10,1975-11-23,False,PHI,DAL,A,L,17,27,,0,0,0,0,0,0,0,0,0,0,,0,0.0,0.0,12628,False,targets;fum_rec_td,PFR+RULE2PT,19751123-PHI-DAL,False,fum_rec_td,False,True,fum_rec_td,
Keith Krepfle,1975,11,1975-11-30,False,PHI,SFO,H,W,27,17,,0,0,0,0,0,0,0,0,0,0,,0,0.0,0.0,12628,False,targets;fum_rec_td,PFR+RULE2PT,19751130-SFO-PHI,False,fum_rec_td,False,True,fum_rec_td,
Keith Krepfle,1975,12,1975-12-07,False,PHI,CIN,H,L,0,31,,0,0,0,0,0,0,0,0,0,0,,0,0.0,0.0,12628,False,targets;fum_rec_td,PFR+RULE2PT,19751207-CIN-PHI,False,fum_rec_td,False,True,fum_rec_td,
Keith Krepfle,1975,13,1975-12-14,False,PHI,DEN,A,L,10,25,,0,0,0,0,0,0,0,0,0,0,,0,0.0,0.0,12628,False,targets;fum_rec_td,PFR+RULE2PT,19751214-PHI-DEN,False,fum_rec_td,False,True,fum_rec_td,
Keith Krepfle,1975,14,1975-12-21,False,PHI,WAS,A,W,26,3,,0,0,0,0,0,0,0,0,0,0,,0,0.0,0.0,12628,False,targets;fum_rec_td,PFR+RULE2PT,19751221-PHI-WAS,False,fum_rec_td,False,True,fum_rec_td,
Keith Krepfle,1976,5,1976-10-10,False,PHI,STL,A,L,14,33,,1,3,1,0,0,0,0,0,0,0,,0,6.3,7.3,12628,False,targets;fum_rec_td,PFR+RULE2PT,19761010-PHI-STL,False,fum_rec_td,False,True,fum_rec_td,
Keith Krepfle,1976,6,1976-10-17,False,PHI,GNB,A,L,13,28,,3,35,0,0,0,0,0,0,0,0,,0,3.5,6.5,12628,False,targets;fum_rec_td,PFR+RULE2PT,19761017-PHI-GNB,False,fum_rec_td,False,True,fum_rec_td,
Keith Krepfle,1976,7,1976-10-24,False,PHI,MIN,H,L,12,31,,0,0,0,0,0,0,0,0,0,0,,0,0.0,0.0,12628,False,targets;fum_rec_td,PFR+RULE2PT,19761024-MIN-PHI,False,fum_rec_td,False,True,fum_rec_td,
Keith Krepfle,1976,8,1976-10-31,False,PHI,NYG,A,W,10,0,,0,0,0,0,0,0,0,0,0,0,,0,0.0,0.0,12628,False,targets;fum_rec_td,PFR+RULE2PT,19761031-PHI-NYG,False,fum_rec_td,False,True,fum_rec_td,
Keith Krepfle,1976,9,1976-11-07,False,PHI,STL,H,L,14,17,,0,0,0,0,0,0,0,0,0,0,,0,0.0,0.0,12628,False,targets;fum_rec_td,PFR+RULE2PT,19761107-STL-PHI,False,fum_rec_td,False,True,fum_rec_td,
Keith Krepfle,1976,10,1976-11-14,False,PHI,CLE,A,L,3,24,,0,0,0,0,0,0,0,0,0,0,,0,0.0,0.0,12628,False,targets;fum_rec_td,PFR+RULE2PT,19761114-PHI-CLE,False,fum_rec_td,False,True,fum_rec_td,
Keith Krepfle,1976,11,1976-11-21,False,PHI,OAK,H,L,7,26,,0,0,0,0,0,0,0,0,0,0,,0,0.0,0.0,12628,False,targets;fum_rec_td,PFR+RULE2PT,19761121-OAK-PHI,False,fum_rec_td,False,True,fum_rec_td,
Keith Krepfle,1976,12,1976-11-28,False,PHI,WAS,A,L,0,24,,2,42,0,0,0,0,0,0,0,0,,0,4.2,6.2,12628,False,targets;fum_rec_td,PFR+RULE2PT,19761128-PHI-WAS,False,fum_rec_td,False,True,fum_rec_td,
Keith Krepfle,1976,13,1976-12-05,False,PHI,DAL,H,L,7,26,,0,0,0,0,0,0,0,0,0,0,,0,0.0,0.0,12628,False,targets;fum_rec_td,PFR+RULE2PT,19761205-DAL-PHI,False,fum_rec_td,False,True,fum_rec_td,
Keith Krepfle,1976,14,1976-12-12,False,PHI,SEA,H,W,27,10,,0,0,0,0,0,0,0,0,0,0,,0,0.0,0.0,12628,False,targets;fum_rec_td,PFR+RULE2PT,19761212-SEA-PHI,False,fum_rec_td,False,True,fum_rec_td,
Keith Krepfle,1977,1,1977-09-18,False,PHI,TAM,H,W,13,3,,4,77,1,0,0,0,0,0,0,0,,0,13.7,17.7,12628,False,targets;fum_rec_td,PFR+RULE2PT,19770918-TAM-PHI,False,fum_rec_td,False,True,fum_rec_td,
Keith Krepfle,1977,2,1977-09-25,False,PHI,RAM,A,L,0,20,,1,17,0,0,0,0,0,0,0,0,,0,1.7,2.7,12628,False,targets;fum_rec_td,PFR+RULE2PT,19770925-PHI-RAM,False,fum_rec_td,False,True,fum_rec_td,
Keith Krepfle,1977,3,1977-10-02,False,PHI,DET,A,L,13,17,,1,32,1,0,0,0,0,0,0,0,,0,9.2,10.2,12628,False,targets;fum_rec_td,PFR+RULE2PT,19771002-PHI-DET,False,fum_rec_td,False,True,fum_rec_td,
Keith Krepfle,1977,4,1977-10-09,False,PHI,NYG,A,W,28,10,,2,66,1,0,0,0,0,0,0,0,,0,12.6,14.6,12628,False,targets;fum_rec_td,PFR+RULE2PT,19771009-PHI-NYG,False,fum_rec_td,False,True,fum_rec_td,
Keith Krepfle,1977,5,1977-10-16,False,PHI,STL,H,L,17,21,,2,45,0,0,0,0,0,0,0,0,,0,4.5,6.5,12628,False,targets;fum_rec_td,PFR+RULE2PT,19771016-STL-PHI,False,fum_rec_td,False,True,fum_rec_td,
Keith Krepfle,1977,6,1977-10-23,False,PHI,DAL,H,L,10,16,,3,40,0,0,0,0,0,0,0,0,,0,4.0,7.0,12628,False,targets;fum_rec_td,PFR+RULE2PT,19771023-DAL-PHI,False,fum_rec_td,False,True,fum_rec_td,
Keith Krepfle,1977,7,1977-10-30,False,PHI,WAS,A,L,17,23,,2,20,0,0,0,0,0,0,0,0,,0,2.0,4.0,12628,False,targets;fum_rec_td,PFR+RULE2PT,19771030-PHI-WAS,False,fum_rec_td,False,True,fum_rec_td,
Keith Krepfle,1977,8,1977-11-06,False,PHI,NOR,H,W,28,7,,2,32,0,0,0,0,0,0,0,0,,0,3.2,5.2,12628,False,targets;fum_rec_td,PFR+RULE2PT,19771106-NOR-PHI,False,fum_rec_td,False,True,fum_rec_td,
Keith Krepfle,1977,9,1977-11-13,False,PHI,WAS,H,L,14,17,,0,0,0,0,0,0,0,0,0,0,,0,0.0,0.0,12628,False,targets;fum_rec_td,PFR+RULE2PT,19771113-WAS-PHI,False,fum_rec_td,False,True,fum_rec_td,
Keith Krepfle,1977,10,1977-11-20,False,PHI,STL,A,L,16,21,,1,34,0,0,0,0,0,0,0,0,,0,3.4,4.4,12628,False,targets;fum_rec_td,PFR+RULE2PT,19771120-PHI-STL,False,fum_rec_td,False,True,fum_rec_td,
Keith Krepfle,1977,11,1977-11-27,False,PHI,NWE,A,L,6,14,,4,64,0,0,0,0,0,0,0,0,,0,6.4,10.4,12628,False,targets;fum_rec_td,PFR+RULE2PT,19771127-PHI-NWE,False,fum_rec_td,False,True,fum_rec_td,
Keith Krepfle,1977,12,1977-12-04,False,PHI,DAL,A,L,14,24,,2,35,0,0,0,0,0,0,0,0,,0,3.5,5.5,12628,False,targets;fum_rec_td,PFR+RULE2PT,19771204-PHI-DAL,False,fum_rec_td,False,True,fum_rec_td,
Keith Krepfle,1977,13,1977-12-11,False,PHI,NYG,H,W,17,14,,0,0,0,0,0,0,0,0,0,0,,0,0.0,0.0,12628,False,targets;fum_rec_td,PFR+RULE2PT,19771211-NYG-PHI,False,fum_rec_td,False,True,fum_rec_td,
Keith Krepfle,1977,14,1977-12-18,False,PHI,NYJ,H,W,27,0,,3,68,0,0,0,0,0,0,0,0,,0,6.8,9.8,12628,False,targets;fum_rec_td,PFR+RULE2PT,19771218-NYJ-PHI,False,fum_rec_td,False,True,fum_rec_td,
Keith Krepfle,1978,1,1978-09-03,False,PHI,RAM,H,L,14,16,,2,11,0,0,0,0,0,0,0,0,,0,1.1,3.1,12628,False,targets;fum_rec_td,PFR+RULE2PT,19780903-RAM-PHI,False,fum_rec_td,False,True,fum_rec_td,
Keith Krepfle,1978,2,1978-09-10,False,PHI,WAS,A,L,30,35,,1,9,0,0,0,0,0,0,0,0,,0,0.9,1.9,12628,False,targets;fum_rec_td,PFR+RULE2PT,19780910-PHI-WAS,False,fum_rec_td,False,True,fum_rec_td,
Keith Krepfle,1978,3,1978-09-17,False,PHI,NOR,A,W,24,17,,2,37,1,0,0,0,0,0,0,0,,0,9.7,11.7,12628,False,targets;fum_rec_td,PFR+RULE2PT,19780917-PHI-NOR,False,fum_rec_td,False,True,fum_rec_td,
Keith Krepfle,1978,4,1978-09-24,False,PHI,MIA,H,W,17,3,,3,27,0,0,0,0,0,0,0,0,,0,2.7,5.7,12628,False,targets;fum_rec_td,PFR+RULE2PT,19780924-MIA-PHI,False,fum_rec_td,False,True,fum_rec_td,
Keith Krepfle,1978,5,1978-10-01,False,PHI,BAL,A,W,17,14,,2,32,1,0,0,0,0,0,0,0,,0,9.2,11.2,12628,False,targets;fum_rec_td,PFR+RULE2PT,19781001-PHI-BAL,False,fum_rec_td,False,True,fum_rec_td,
Keith Krepfle,1978,6,1978-10-08,False,PHI,NWE,A,L,14,24,,5,57,0,0,0,0,0,0,0,0,,0,5.7,10.7,12628,False,targets;fum_rec_td,PFR+RULE2PT,19781008-PHI-NWE,False,fum_rec_td,False,True,fum_rec_td,
Keith Krepfle,1978,7,1978-10-15,False,PHI,WAS,H,W,17,10,,2,41,0,0,0,0,0,0,0,0,,0,4.1,6.1,12628,False,targets;fum_rec_td,PFR+RULE2PT,19781015-WAS-PHI,False,fum_rec_td,False,True,fum_rec_td,
Keith Krepfle,1978,8,1978-10-22,False,PHI,DAL,A,L,7,14,,4,100,1,0,0,0,0,0,0,0,,0,16.0,20.0,12628,False,targets;fum_rec_td,PFR+RULE2PT,19781022-PHI-DAL,False,fum_rec_td,False,True,fum_rec_td,
Keith Krepfle,1978,9,1978-10-29,False,PHI,STL,H,L,10,16,,2,33,0,0,0,0,0,0,0,0,,0,3.3,5.3,12628,False,targets;fum_rec_td,PFR+RULE2PT,19781029-STL-PHI,False,fum_rec_td,False,True,fum_rec_td,
Keith Krepfle,1978,10,1978-11-05,False,PHI,GNB,H,W,10,3,,3,27,0,0,0,0,0,0,0,0,,0,2.7,5.7,12628,False,targets;fum_rec_td,PFR+RULE2PT,19781105-GNB-PHI,False,fum_rec_td,False,True,fum_rec_td,
Keith Krepfle,1979,1,1979-09-02,False,PHI,NYG,H,W,23,17,,3,57,0,0,0,0,0,0,0,0,,0,5.7,8.7,12628,False,targets;fum_rec_td,PFR+RULE2PT,19790902-NYG-PHI,False,fum_rec_td,False,True,fum_rec_td,
Keith Krepfle,1979,2,1979-09-10,False,PHI,ATL,H,L,10,14,,1,5,0,0,0,0,0,0,0,0,,0,0.5,1.5,12628,False,targets;fum_rec_td,PFR+RULE2PT,19790910-ATL-PHI,False,fum_rec_td,False,True,fum_rec_td,
Keith Krepfle,1979,3,1979-09-16,False,PHI,NOR,A,W,26,14,,3,42,0,0,0,0,0,0,0,0,,0,4.2,7.2,12628,False,targets;fum_rec_td,PFR+RULE2PT,19790916-PHI-NOR,False,fum_rec_td,False,True,fum_rec_td,
Keith Krepfle,1979,4,1979-09-23,False,PHI,NYG,A,W,17,13,,3,56,1,0,0,0,0,0,0,0,,0,11.6,14.6,12628,False,targets;fum_rec_td,PFR+RULE2PT,19790923-PHI-NYG,False,fum_rec_td,False,True,fum_rec_td,
Keith Krepfle,1979,5,1979-09-30,False,PHI,PIT,H,W,17,14,,4,95,0,0,0,0,0,0,0,0,,0,9.5,13.5,12628,False,targets;fum_rec_td,PFR+RULE2PT,19790930-PIT-PHI,False,fum_rec_td,False,True,fum_rec_td,
Keith Krepfle,1979,6,1979-10-07,False,PHI,WAS,H,W,28,17,,3,79,0,0,0,0,0,0,0,0,,0,7.9,10.9,12628,False,targets;fum_rec_td,PFR+RULE2PT,19791007-WAS-PHI,False,fum_rec_td,False,True,fum_rec_td,
Keith Krepfle,1979,7,1979-10-14,False,PHI,STL,A,W,24,20,,2,14,0,0,0,0,0,0,0,0,,0,1.4,3.4,12628,False,targets;fum_rec_td,PFR+RULE2PT,19791014-PHI-STL,False,fum_rec_td,False,True,fum_rec_td,
Keith Krepfle,1979,8,1979-10-21,False,PHI,WAS,A,L,7,17,,4,81,1,0,0,0,0,0,0,0,,0,14.1,18.1,12628,False,targets;fum_rec_td,PFR+RULE2PT,19791021-PHI-WAS,False,fum_rec_td,False,True,fum_rec_td,
Keith Krepfle,1979,9,1979-10-28,False,PHI,CIN,A,L,13,37,,4,80,0,0,0,0,0,0,0,0,,0,8.0,12.0,12628,False,targets;fum_rec_td,PFR+RULE2PT,19791028-PHI-CIN,False,fum_rec_td,False,True,fum_rec_td,
Keith Krepfle,1979,10,1979-11-04,False,PHI,CLE,H,L,19,24,,3,41,0,0,0,0,0,0,0,0,,0,4.1,7.1,12628,False,targets;fum_rec_td,PFR+RULE2PT,19791104-CLE-PHI,False,fum_rec_td,False,True,fum_rec_td,
Keith Krepfle,1979,11,1979-11-12,False,PHI,DAL,A,W,31,21,,1,24,0,0,0,0,0,0,0,0,,0,2.4,3.4,12628,False,targets;fum_rec_td,PFR+RULE2PT,19791112-PHI-DAL,False,fum_rec_td,False,True,fum_rec_td,
Keith Krepfle,1979,12,1979-11-18,False,PHI,STL,H,W,16,13,,2,54,1,0,0,0,0,0,0,0,,0,11.4,13.4,12628,False,targets;fum_rec_td,PFR+RULE2PT,19791118-STL-PHI,False,fum_rec_td,False,True,fum_rec_td,
Keith Krepfle,1979,13,1979-11-25,False,PHI,GNB,A,W,21,10,,1,19,0,0,0,0,0,0,0,0,,0,1.9,2.9,12628,False,targets;fum_rec_td,PFR+RULE2PT,19791125-PHI-GNB,False,fum_rec_td,False,True,fum_rec_td,
Keith Krepfle,1979,14,1979-12-02,False,PHI,DET,H,W,44,7,,2,53,0,0,0,0,0,0,0,0,,0,5.3,7.3,12628,False,targets;fum_rec_td,PFR+RULE2PT,19791202-DET-PHI,False,fum_rec_td,False,True,fum_rec_td,
Keith Krepfle,1979,15,1979-12-08,False,PHI,DAL,H,L,17,24,,3,31,0,0,0,0,0,0,0,0,,0,3.1,6.1,12628,False,targets;fum_rec_td,PFR+RULE2PT,19791208-DAL-PHI,False,fum_rec_td,False,True,fum_rec_td,
Keith Krepfle,1979,16,1979-12-16,False,PHI,HOU,A,W,26,20,,2,29,0,0,0,0,0,0,0,0,,0,2.9,4.9,12628,False,targets;fum_rec_td,PFR+RULE2PT,19791216-PHI-HOU,False,fum_rec_td,False,True,fum_rec_td,
Keith Krepfle,1979,17,1979-12-23,True,PHI,CHI,H,W,27,17,,0,0,0,0,0,0,0,0,0,0,,0,0.0,0.0,12628,False,targets;fum_rec_td,PFR+RULE2PT,19791223-CHI-PHI,False,fum_rec_td,False,True,fum_rec_td,
Keith Krepfle,1979,18,1979-12-29,True,PHI,TAM,A,L,17,24,,3,23,0,0,0,0,0,0,0,0,,0,2.3,5.3,12628,False,targets;fum_rec_td,PFR+RULE2PT,19791229-PHI-TAM,False,fum_rec_td,False,True,fum_rec_td,
Derrick Ramsey,1978,1,1978-09-03,False,OAK,DEN,A,L,6,14,,0,0,0,0,0,0,0,0,0,0,,0,0.0,0.0,18172,False,targets;fum_rec_td,PFR+RULE2PT,19780903-OAK-DEN,False,fum_rec_td,False,True,fum_rec_td,
Derrick Ramsey,1978,2,1978-09-10,False,OAK,SDG,A,W,21,20,,0,0,0,0,0,0,0,0,0,0,,0,0.0,0.0,18172,False,targets;fum_rec_td,PFR+RULE2PT,19780910-OAK-SDG,False,fum_rec_td,False,True,fum_rec_td,
Derrick Ramsey,1978,3,1978-09-17,False,OAK,GNB,A,W,28,3,,0,0,0,0,0,0,0,0,0,0,,0,0.0,0.0,18172,False,targets;fum_rec_td,PFR+RULE2PT,19780917-OAK-GNB,False,fum_rec_td,False,True,fum_rec_td,
Derrick Ramsey,1978,4,1978-09-24,False,OAK,NWE,H,L,14,21,,0,0,0,0,0,0,0,0,0,0,,0,0.0,0.0,18172,False,targets;fum_rec_td,PFR+RULE2PT,19780924-NWE-OAK,False,fum_rec_td,False,True,fum_rec_td,
Derrick Ramsey,1978,5,1978-10-01,False,OAK,CHI,A,W,25,19,,0,0,0,0,0,0,0,0,0,0,,0,0.0,0.0,18172,False,targets;fum_rec_td,PFR+RULE2PT,19781001-OAK-CHI,False,fum_rec_td,False,True,fum_rec_td,
Derrick Ramsey,1978,6,1978-10-08,False,OAK,HOU,H,W,21,17,,0,0,0,0,0,0,0,0,0,0,,0,0.0,0.0,18172,False,targets;fum_rec_td,PFR+RULE2PT,19781008-HOU-OAK,False,fum_rec_td,False,True,fum_rec_td,
Derrick Ramsey,1978,7,1978-10-15,False,OAK,KAN,H,W,28,6,,0,0,0,0,0,0,0,0,0,0,,0,0.0,0.0,18172,False,targets;fum_rec_td,PFR+RULE2PT,19781015-KAN-OAK,False,fum_rec_td,False,True,fum_rec_td,
Derrick Ramsey,1978,8,1978-10-22,False,OAK,SEA,A,L,7,27,,0,0,0,0,0,0,0,0,0,0,,0,0.0,0.0,18172,False,targets;fum_rec_td,PFR+RULE2PT,19781022-OAK-SEA,False,fum_rec_td,False,True,fum_rec_td,
Derrick Ramsey,1978,9,1978-10-29,False,OAK,SDG,H,L,23,27,,0,0,0,0,0,0,0,0,0,0,,0,0.0,0.0,18172,False,targets;fum_rec_td,PFR+RULE2PT,19781029-SDG-OAK,False,fum_rec_td,False,True,fum_rec_td,
Derrick Ramsey,1978,10,1978-11-05,False,OAK,KAN,A,W,20,10,,0,0,0,0,0,0,0,0,0,0,,0,0.0,0.0,18172,False,targets;fum_rec_td,PFR+RULE2PT,19781105-OAK-KAN,False,fum_rec_td,False,True,fum_rec_td,
Derrick Ramsey,1978,11,1978-11-13,False,OAK,CIN,A,W,34,21,,0,0,0,0,0,0,0,0,0,0,,0,0.0,0.0,18172,False,targets;fum_rec_td,PFR+RULE2PT,19781113-OAK-CIN,False,fum_rec_td,False,True,fum_rec_td,
Derrick Ramsey,1978,12,1978-11-19,False,OAK,DET,H,W,29,17,,0,0,0,0,0,0,0,0,0,0,,0,0.0,0.0,18172,False,targets;fum_rec_td,PFR+RULE2PT,19781119-DET-OAK,False,fum_rec_td,False,True,fum_rec_td,
Derrick Ramsey,1978,13,1978-11-26,False,OAK,SEA,H,L,16,17,,0,0,0,0,0,0,0,0,0,0,,0,0.0,0.0,18172,False,targets;fum_rec_td,PFR+RULE2PT,19781126-SEA-OAK,False,fum_rec_td,False,True,fum_rec_td,
Derrick Ramsey,1978,14,1978-12-03,False,OAK,DEN,H,L,6,21,,0,0,0,0,0,0,0,0,0,0,,0,0.0,0.0,18172,False,targets;fum_rec_td,PFR+RULE2PT,19781203-DEN-OAK,False,fum_rec_td,False,True,fum_rec_td,
Derrick Ramsey,1978,15,1978-12-10,False,OAK,MIA,A,L,6,23,,0,0,0,0,0,0,0,0,0,0,,0,0.0,0.0,18172,False,targets;fum_rec_td,PFR+RULE2PT,19781210-OAK-MIA,False,fum_rec_td,False,True,fum_rec_td,
Derrick Ramsey,1978,16,1978-12-17,False,OAK,MIN,H,W,27,20,,0,0,0,0,0,0,0,0,0,0,,0,0.0,0.0,18172,False,targets;fum_rec_td,PFR+RULE2PT,19781217-MIN-OAK,False,fum_rec_td,False,True,fum_rec_td,
Derrick Ramsey,1979,1,1979-09-02,False,OAK,RAM,A,W,24,17,,1,1,1,0,0,0,0,0,0,0,,0,6.1,7.1,18172,False,targets;fum_rec_td,PFR+RULE2PT,19790902-OAK-RAM,False,fum_rec_td,False,True,fum_rec_td,
Derrick Ramsey,1979,2,1979-09-09,False,OAK,SDG,A,L,10,30,,0,0,0,0,0,0,0,0,0,0,,0,0.0,0.0,18172,False,targets;fum_rec_td,PFR+RULE2PT,19790909-OAK-SDG,False,fum_rec_td,False,True,fum_rec_td,
Derrick Ramsey,1979,3,1979-09-16,False,OAK,SEA,A,L,10,27,,0,0,0,0,0,0,0,0,0,0,,0,0.0,0.0,18172,False,targets;fum_rec_td,PFR+RULE2PT,19790916-OAK-SEA,False,fum_rec_td,False,True,fum_rec_td,
Derrick Ramsey,1979,4,1979-09-23,False,OAK,KAN,A,L,7,35,,1,14,0,0,0,0,0,0,0,0,,0,1.4,2.4,18172,False,targets;fum_rec_td,PFR+RULE2PT,19790923-OAK-KAN,False,fum_rec_td,False,True,fum_rec_td,
Derrick Ramsey,1979,5,1979-09-30,False,OAK,DEN,H,W,27,3,,0,0,0,0,0,0,0,0,0,0,,0,0.0,0.0,18172,False,targets;fum_rec_td,PFR+RULE2PT,19790930-DEN-OAK,False,fum_rec_td,False,True,fum_rec_td,
Derrick Ramsey,1979,6,1979-10-08,False,OAK,MIA,H,W,13,3,,0,0,0,0,0,0,0,0,0,0,,0,0.0,0.0,18172,False,targets;fum_rec_td,PFR+RULE2PT,19791008-MIA-OAK,False,fum_rec_td,False,True,fum_rec_td,
Derrick Ramsey,1979,7,1979-10-14,False,OAK,ATL,H,W,50,19,,0,0,0,0,0,0,0,0,0,0,,0,0.0,0.0,18172,False,targets;fum_rec_td,PFR+RULE2PT,19791014-ATL-OAK,False,fum_rec_td,False,True,fum_rec_td,
Derrick Ramsey,1979,8,1979-10-21,False,OAK,NYJ,A,L,19,28,,1,10,0,0,0,0,0,0,0,0,,0,1.0,2.0,18172,False,targets;fum_rec_td,PFR+RULE2PT,19791021-OAK-NYJ,False,fum_rec_td,False,True,fum_rec_td,
Derrick Ramsey,1979,9,1979-10-25,False,OAK,SDG,H,W,45,22,,0,0,0,0,0,0,0,0,0,0,,0,0.0,0.0,18172,False,targets;fum_rec_td,PFR+RULE2PT,19791025-SDG-OAK,False,fum_rec_td,False,True,fum_rec_td,
Derrick Ramsey,1979,10,1979-11-04,False,OAK,SFO,H,W,23,10,,0,0,0,0,0,0,0,0,0,0,,0,0.0,0.0,18172,False,targets;fum_rec_td,PFR+RULE2PT,19791104-SFO-OAK,False,fum_rec_td,False,True,fum_rec_td,
Derrick Ramsey,1979,11,1979-11-11,False,OAK,HOU,A,L,17,31,,1,12,0,0,0,0,0,0,0,0,,0,1.2,2.2,18172,False,targets;fum_rec_td,PFR+RULE2PT,19791111-OAK-HOU,False,fum_rec_td,False,True,fum_rec_td,
Derrick Ramsey,1979,12,1979-11-18,False,OAK,KAN,H,L,21,24,,2,28,1,0,0,0,0,0,0,0,,0,8.8,10.8,18172,False,targets;fum_rec_td,PFR+RULE2PT,19791118-KAN-OAK,False,fum_rec_td,False,True,fum_rec_td,
Derrick Ramsey,1979,13,1979-11-25,False,OAK,DEN,A,W,14,10,,1,40,0,0,0,0,0,0,0,0,,0,4.0,5.0,18172,False,targets;fum_rec_td,PFR+RULE2PT,19791125-OAK-DEN,False,fum_rec_td,False,True,fum_rec_td,
Derrick Ramsey,1979,14,1979-12-03,False,OAK,NOR,A,W,42,35,,1,17,1,0,0,0,0,0,0,0,,0,7.7,8.7,18172,False,targets;fum_rec_td,PFR+RULE2PT,19791203-OAK-NOR,False,fum_rec_td,False,True,fum_rec_td,
Derrick Ramsey,1979,15,1979-12-09,False,OAK,CLE,H,W,19,14,,4,28,0,0,0,0,0,0,0,0,,0,2.8,6.8,18172,False,targets;fum_rec_td,PFR+RULE2PT,19791209-CLE-OAK,False,fum_rec_td,False,True,fum_rec_td,
Derrick Ramsey,1979,16,1979-12-16,False,OAK,SEA,H,L,24,29,,1,11,0,0,0,0,0,0,0,0,,0,1.1,2.1,18172,False,targets;fum_rec_td,PFR+RULE2PT,19791216-SEA-OAK,False,fum_rec_td,False,True,fum_rec_td,
Pete Lammons,1970,1,1970-09-21,False,NYJ,CLE,A,L,21,31,,0,0,0,0,0,0,0,0,0,0,,0,0.0,0.0,12807,False,targets;fum_rec_td,PFR+RULE2PT,19700921-NYJ-CLE,False,fum_rec_td,False,True,fum_rec_td,
Pete Lammons,1970,2,1970-09-27,False,NYJ,BOS,A,W,31,21,,1,4,1,0,0,0,0,0,0,0,,0,6.4,7.4,12807,False,targets;fum_rec_td,PFR+RULE2PT,19700927-NYJ-BOS,False,fum_rec_td,False,True,fum_rec_td,
Pete Lammons,1970,3,1970-10-04,False,NYJ,BUF,A,L,31,34,,2,26,0,0,0,0,0,0,0,0,,0,2.6,4.6,12807,False,targets;fum_rec_td,PFR+RULE2PT,19701004-NYJ-BUF,False,fum_rec_td,False,True,fum_rec_td,
Pete Lammons,1970,4,1970-10-10,False,NYJ,MIA,H,L,6,20,,4,63,0,0,0,0,0,0,0,0,,0,6.3,10.3,12807,False,targets;fum_rec_td,PFR+RULE2PT,19701010-MIA-NYJ,False,fum_rec_td,False,True,fum_rec_td,
Pete Lammons,1970,5,1970-10-18,False,NYJ,BAL,H,L,22,29,,2,23,0,0,0,0,0,0,0,0,,0,2.3,4.3,12807,False,targets;fum_rec_td,PFR+RULE2PT,19701018-BAL-NYJ,False,fum_rec_td,False,True,fum_rec_td,
Pete Lammons,1970,6,1970-10-25,False,NYJ,BUF,H,L,6,10,,1,8,0,0,0,0,0,0,0,0,,0,0.8,1.8,12807,False,targets;fum_rec_td,PFR+RULE2PT,19701025-BUF-NYJ,False,fum_rec_td,False,True,fum_rec_td,
Pete Lammons,1970,7,1970-11-01,False,NYJ,NYG,H,L,10,22,,6,73,0,0,0,0,0,0,0,0,,0,7.3,13.3,12807,False,targets;fum_rec_td,PFR+RULE2PT,19701101-NYG-NYJ,False,fum_rec_td,False,True,fum_rec_td,
Pete Lammons,1970,8,1970-11-08,False,NYJ,PIT,A,L,17,21,,2,27,0,0,0,0,0,0,0,0,,0,2.7,4.7,12807,False,targets;fum_rec_td,PFR+RULE2PT,19701108-NYJ-PIT,False,fum_rec_td,False,True,fum_rec_td,
Pete Lammons,1970,9,1970-11-15,False,NYJ,RAM,A,W,31,20,,0,0,0,0,0,0,0,0,0,0,,0,0.0,0.0,12807,False,targets;fum_rec_td,PFR+RULE2PT,19701115-NYJ-RAM,False,fum_rec_td,False,True,fum_rec_td,
Pete Lammons,1970,10,1970-11-22,False,NYJ,BOS,H,W,17,3,,4,54,0,0,0,0,0,0,0,0,,0,5.4,9.4,12807,False,targets;fum_rec_td,PFR+RULE2PT,19701122-BOS-NYJ,False,fum_rec_td,False,True,fum_rec_td,
Pete Lammons,1970,11,1970-11-29,False,NYJ,MIN,H,W,20,10,,0,0,0,0,0,0,0,0,0,0,,0,0.0,0.0,12807,False,targets;fum_rec_td,PFR+RULE2PT,19701129-MIN-NYJ,False,fum_rec_td,False,True,fum_rec_td,
Pete Lammons,1970,12,1970-12-06,False,NYJ,OAK,H,L,13,14,,2,18,1,0,0,0,0,0,0,0,,0,7.8,9.8,12807,False,targets;fum_rec_td,PFR+RULE2PT,19701206-OAK-NYJ,False,fum_rec_td,False,True,fum_rec_td,
Pete Lammons,1970,13,1970-12-13,False,NYJ,MIA,A,L,10,16,,0,0,0,0,0,0,0,0,0,0,,0,0.0,0.0,12807,False,targets;fum_rec_td,PFR+RULE2PT,19701213-NYJ-MIA,False,fum_rec_td,False,True,fum_rec_td,
Pete Lammons,1970,14,1970-12-19,False,NYJ,BAL,A,L,20,35,,1,20,0,0,0,0,0,0,0,0,,0,2.0,3.0,12807,False,targets;fum_rec_td,PFR+RULE2PT,19701219-NYJ-BAL,False,fum_rec_td,False,True,fum_rec_td,
Pete Lammons,1971,1,1971-09-19,False,NYJ,BAL,A,L,0,22,,2,47,0,0,0,0,0,0,0,0,,0,4.7,6.7,12807,False,targets;fum_rec_td,PFR+RULE2PT,19710919-NYJ-BAL,False,fum_rec_td,False,True,fum_rec_td,
Pete Lammons,1971,2,1971-09-27,False,NYJ,STL,A,L,10,17,,1,21,0,0,0,0,0,0,0,0,,0,2.1,3.1,12807,False,targets;fum_rec_td,PFR+RULE2PT,19710927-NYJ-STL,False,fum_rec_td,False,True,fum_rec_td,
Pete Lammons,1971,3,1971-10-03,False,NYJ,MIA,A,W,14,10,,0,0,0,0,0,0,0,0,0,0,,0,0.0,0.0,12807,False,targets;fum_rec_td,PFR+RULE2PT,19711003-NYJ-MIA,False,fum_rec_td,False,True,fum_rec_td,
Pete Lammons,1971,4,1971-10-10,False,NYJ,NWE,A,L,0,20,,1,19,0,0,0,0,0,0,0,0,,0,1.9,2.9,12807,False,targets;fum_rec_td,PFR+RULE2PT,19711010-NYJ-NWE,False,fum_rec_td,False,True,fum_rec_td,
Pete Lammons,1971,5,1971-10-17,False,NYJ,BUF,H,W,28,17,,1,13,0,0,0,0,0,0,0,0,,0,1.3,2.3,12807,False,targets;fum_rec_td,PFR+RULE2PT,19711017-BUF-NYJ,False,fum_rec_td,False,True,fum_rec_td,
Pete Lammons,1971,6,1971-10-24,False,NYJ,MIA,H,L,14,30,,1,16,1,0,3,0,0,0,0,0,,0,7.9,8.9,12807,False,targets;fum_rec_td,PFR+RULE2PT,19711024-MIA-NYJ,False,fum_rec_td,False,True,fum_rec_td,
Pete Lammons,1971,7,1971-10-31,False,NYJ,SDG,A,L,21,49,,0,0,0,0,0,0,0,0,0,0,,0,0.0,0.0,12807,False,targets;fum_rec_td,PFR+RULE2PT,19711031-NYJ-SDG,False,fum_rec_td,False,True,fum_rec_td,
Pete Lammons,1971,8,1971-11-07,False,NYJ,KAN,H,W,13,10,,0,0,0,0,0,0,0,0,0,0,,0,0.0,0.0,12807,False,targets;fum_rec_td,PFR+RULE2PT,19711107-KAN-NYJ,False,fum_rec_td,False,True,fum_rec_td,
Pete Lammons,1971,9,1971-11-14,False,NYJ,BAL,H,L,13,14,,0,0,0,0,0,0,0,0,0,0,,0,0.0,0.0,12807,False,targets;fum_rec_td,PFR+RULE2PT,19711114-BAL-NYJ,False,fum_rec_td,False,True,fum_rec_td,
Pete Lammons,1971,10,1971-11-21,False,NYJ,BUF,A,W,20,7,,0,0,0,0,0,0,0,0,0,0,,0,0.0,0.0,12807,False,targets;fum_rec_td,PFR+RULE2PT,19711121-NYJ-BUF,False,fum_rec_td,False,True,fum_rec_td,
Pete Lammons,1971,11,1971-11-28,False,NYJ,SFO,H,L,21,24,,2,33,0,0,0,0,0,0,0,0,,0,3.3,5.3,12807,False,targets;fum_rec_td,PFR+RULE2PT,19711128-SFO-NYJ,False,fum_rec_td,False,True,fum_rec_td,
Pete Lammons,1971,12,1971-12-04,False,NYJ,DAL,A,L,10,52,,0,0,0,0,0,0,0,0,0,0,,0,0.0,0.0,12807,False,targets;fum_rec_td,PFR+RULE2PT,19711204-NYJ-DAL,False,fum_rec_td,False,True,fum_rec_td,
Pete Lammons,1971,13,1971-12-12,False,NYJ,NWE,H,W,13,6,,0,0,0,0,0,0,0,0,0,0,,0,0.0,0.0,12807,False,targets;fum_rec_td,PFR+RULE2PT,19711212-NWE-NYJ,False,fum_rec_td,False,True,fum_rec_td,
Pete Lammons,1971,14,1971-12-19,False,NYJ,CIN,H,W,35,21,,0,0,0,0,0,0,0,0,0,0,,0,0.0,0.0,12807,False,targets;fum_rec_td,PFR+RULE2PT,19711219-CIN-NYJ,False,fum_rec_td,False,True,fum_rec_td,
Pete Lammons,1972,3,1972-10-01,False,GNB,DAL,H,W,16,13,,0,0,0,0,0,0,0,0,0,0,,0,0.0,0.0,12807,False,targets;fum_rec_td,PFR+RULE2PT,19721001-DAL-GNB,False,fum_rec_td,False,True,fum_rec_td,
Pete Lammons,1972,4,1972-10-08,False,GNB,CHI,H,W,20,17,,0,0,0,0,0,0,0,0,0,0,,0,0.0,0.0,12807,False,targets;fum_rec_td,PFR+RULE2PT,19721008-CHI-GNB,False,fum_rec_td,False,True,fum_rec_td,
Pete Lammons,1972,5,1972-10-16,False,GNB,DET,A,W,24,23,,0,0,0,0,0,0,0,0,0,0,,0,0.0,0.0,12807,False,targets;fum_rec_td,PFR+RULE2PT,19721016-GNB-DET,False,fum_rec_td,False,True,fum_rec_td,
Pete Lammons,1972,6,1972-10-22,False,GNB,ATL,H,L,9,10,,0,0,0,0,0,0,0,0,0,0,,0,0.0,0.0,12807,False,targets;fum_rec_td,PFR+RULE2PT,19721022-ATL-GNB,False,fum_rec_td,False,True,fum_rec_td,
Pete Lammons,1972,7,1972-10-29,False,GNB,MIN,H,L,13,27,,0,0,0,0,0,0,0,0,0,0,,0,0.0,0.0,12807,False,targets;fum_rec_td,PFR+RULE2PT,19721029-MIN-GNB,False,fum_rec_td,False,True,fum_rec_td,
Pete Lammons,1972,8,1972-11-05,False,GNB,SFO,H,W,34,24,,0,0,0,0,0,0,0,0,0,0,,0,0.0,0.0,12807,False,targets;fum_rec_td,PFR+RULE2PT,19721105-SFO-GNB,False,fum_rec_td,False,True,fum_rec_td,
Pete Lammons,1972,9,1972-11-12,False,GNB,CHI,A,W,23,17,,0,0,0,0,0,0,0,0,0,0,,0,0.0,0.0,12807,False,targets;fum_rec_td,PFR+RULE2PT,19721112-GNB-CHI,False,fum_rec_td,False,True,fum_rec_td,
Pete Lammons,1972,10,1972-11-19,False,GNB,HOU,A,W,23,10,,0,0,0,0,0,0,0,0,0,0,,0,0.0,0.0,12807,False,targets;fum_rec_td,PFR+RULE2PT,19721119-GNB-HOU,False,fum_rec_td,False,True,fum_rec_td,
Pete Lammons,1972,11,1972-11-26,False,GNB,WAS,A,L,16,21,,0,0,0,0,0,0,0,0,0,0,,0,0.0,0.0,12807,False,targets;fum_rec_td,PFR+RULE2PT,19721126-GNB-WAS,False,fum_rec_td,False,True,fum_rec_td,
Pete Lammons,1972,12,1972-12-03,False,GNB,DET,H,W,33,7,,1,19,0,0,0,0,0,0,0,0,,0,1.9,2.9,12807,False,targets;fum_rec_td,PFR+RULE2PT,19721203-DET-GNB,False,fum_rec_td,False,True,fum_rec_td,
Pete Lammons,1972,13,1972-12-10,False,GNB,MIN,A,W,23,7,,0,0,0,0,0,0,0,0,0,0,,0,0.0,0.0,12807,False,targets;fum_rec_td,PFR+RULE2PT,19721210-GNB-MIN,False,fum_rec_td,False,True,fum_rec_td,
Pete Lammons,1972,14,1972-12-17,False,GNB,NOR,A,W,30,20,,0,0,0,0,0,0,0,0,0,0,,0,0.0,0.0,12807,False,targets;fum_rec_td,PFR+RULE2PT,19721217-GNB-NOR,False,fum_rec_td,False,True,fum_rec_td,
Pete Lammons,1972,15,1972-12-24,True,GNB,WAS,A,L,3,16,,0,0,0,0,0,0,0,0,0,0,,0,0.0,0.0,12807,False,targets;fum_rec_td,PFR+RULE2PT,19721224-GNB-WAS,False,fum_rec_td,False,True,fum_rec_td,
Walter White,1975,1,1975-09-21,False,KAN,DEN,A,L,33,37,,2,79,1,0,0,0,0,0,0,0,,0,13.9,15.9,23821,False,targets;fum_rec_td,PFR+RULE2PT,19750921-KAN-DEN,False,fum_rec_td,False,True,fum_rec_td,
Walter White,1975,2,1975-09-28,False,KAN,NYJ,H,L,24,30,,1,6,0,0,0,0,0,0,0,0,,0,0.6,1.6,23821,False,targets;fum_rec_td,PFR+RULE2PT,19750928-NYJ-KAN,False,fum_rec_td,False,True,fum_rec_td,
Walter White,1975,3,1975-10-05,False,KAN,SFO,H,L,3,20,,1,19,0,0,0,0,0,0,0,0,,0,1.9,2.9,23821,False,targets;fum_rec_td,PFR+RULE2PT,19751005-SFO-KAN,False,fum_rec_td,False,True,fum_rec_td,
Walter White,1975,4,1975-10-12,False,KAN,OAK,H,W,42,10,,3,78,1,0,0,0,0,0,0,0,,0,13.8,16.8,23821,False,targets;fum_rec_td,PFR+RULE2PT,19751012-OAK-KAN,False,fum_rec_td,False,True,fum_rec_td,
Walter White,1975,5,1975-10-19,False,KAN,SDG,A,W,12,10,,2,105,1,0,0,0,0,0,0,0,,0,16.5,18.5,23821,False,targets;fum_rec_td,PFR+RULE2PT,19751019-KAN-SDG,False,fum_rec_td,False,True,fum_rec_td,
Walter White,1975,6,1975-10-26,False,KAN,DEN,H,W,26,13,,1,18,0,0,0,0,0,0,0,0,,0,1.8,2.8,23821,False,targets;fum_rec_td,PFR+RULE2PT,19751026-DEN-KAN,False,fum_rec_td,False,True,fum_rec_td,
Walter White,1975,7,1975-11-02,False,KAN,HOU,H,L,13,17,,0,0,0,1,0,0,0,0,0,0,,0,0.0,0.0,23821,False,targets;fum_rec_td,PFR+RULE2PT,19751102-HOU-KAN,False,fum_rec_td,False,True,fum_rec_td,
Walter White,1975,8,1975-11-10,False,KAN,DAL,A,W,34,31,,0,0,0,0,0,0,0,0,0,0,,0,0.0,0.0,23821,False,targets;fum_rec_td,PFR+RULE2PT,19751110-KAN-DAL,False,fum_rec_td,False,True,fum_rec_td,
Walter White,1975,9,1975-11-16,False,KAN,PIT,A,L,3,28,,2,48,0,0,0,0,0,0,0,0,,0,4.8,6.8,23821,False,targets;fum_rec_td,PFR+RULE2PT,19751116-KAN-PIT,False,fum_rec_td,False,True,fum_rec_td,
Walter White,1975,10,1975-11-23,False,KAN,DET,H,W,24,21,,3,69,0,1,0,0,0,0,0,0,,0,6.9,9.9,23821,False,targets;fum_rec_td,PFR+RULE2PT,19751123-DET-KAN,False,fum_rec_td,False,True,fum_rec_td,
Walter White,1975,11,1975-11-30,False,KAN,BAL,A,L,14,28,,1,51,0,0,0,0,0,0,0,0,,0,5.1,6.1,23821,False,targets;fum_rec_td,PFR+RULE2PT,19751130-KAN-BAL,False,fum_rec_td,False,True,fum_rec_td,
Walter White,1975,12,1975-12-07,False,KAN,SDG,H,L,20,28,,4,53,0,1,-10,0,0,0,0,0,,0,4.3,8.3,23821,False,targets;fum_rec_td,PFR+RULE2PT,19751207-SDG-KAN,False,fum_rec_td,False,True,fum_rec_td,
Walter White,1975,13,1975-12-14,False,KAN,CLE,A,L,14,40,,0,0,0,0,0,0,0,0,0,0,,0,0.0,0.0,23821,False,targets;fum_rec_td,PFR+RULE2PT,19751214-KAN-CLE,False,fum_rec_td,False,True,fum_rec_td,
Walter White,1975,14,1975-12-21,False,KAN,OAK,A,L,20,28,,3,33,0,0,0,0,0,0,1,0,,0,1.3,4.3,23821,False,targets;fum_rec_td,PFR+RULE2PT,19751221-KAN-OAK,False,fum_rec_td,False,True,fum_rec_td,
Walter White,1976,1,1976-09-12,False,KAN,SDG,H,L,16,30,,4,38,1,0,0,0,0,0,0,0,,0,9.8,13.8,23821,False,targets;fum_rec_td,PFR+RULE2PT,19760912-SDG-KAN,False,fum_rec_td,False,True,fum_rec_td,
Walter White,1976,2,1976-09-20,False,KAN,OAK,H,L,21,24,,1,25,0,0,0,0,0,0,0,0,,0,2.5,3.5,23821,False,targets;fum_rec_td,PFR+RULE2PT,19760920-OAK-KAN,False,fum_rec_td,False,True,fum_rec_td,
Walter White,1976,3,1976-09-26,False,KAN,NOR,H,L,17,27,,1,20,0,0,0,0,0,0,0,0,,0,2.0,3.0,23821,False,targets;fum_rec_td,PFR+RULE2PT,19760926-NOR-KAN,False,fum_rec_td,False,True,fum_rec_td,
Walter White,1976,4,1976-10-03,False,KAN,BUF,A,L,17,50,,3,58,0,0,0,0,0,0,0,0,,0,5.8,8.8,23821,False,targets;fum_rec_td,PFR+RULE2PT,19761003-KAN-BUF,False,fum_rec_td,False,True,fum_rec_td,
Walter White,1976,5,1976-10-10,False,KAN,WAS,A,W,33,30,,2,67,1,1,7,0,0,0,0,0,,0,13.4,15.4,23821,False,targets;fum_rec_td,PFR+RULE2PT,19761010-KAN-WAS,False,fum_rec_td,False,True,fum_rec_td,
Walter White,1976,6,1976-10-17,False,KAN,MIA,A,W,20,17,,3,67,0,0,0,0,0,0,0,0,,0,6.7,9.7,23821,False,targets;fum_rec_td,PFR+RULE2PT,19761017-KAN-MIA,False,fum_rec_td,False,True,fum_rec_td,
Walter White,1976,7,1976-10-24,False,KAN,DEN,H,L,26,35,,5,80,1,0,0,0,0,0,0,0,,0,14.0,19.0,23821,False,targets;fum_rec_td,PFR+RULE2PT,19761024-DEN-KAN,False,fum_rec_td,False,True,fum_rec_td,
Walter White,1976,8,1976-10-31,False,KAN,TAM,A,W,28,19,,3,42,1,0,0,0,0,0,0,0,,0,10.2,13.2,23821,False,targets;fum_rec_td,PFR+RULE2PT,19761031-KAN-TAM,False,fum_rec_td,False,True,fum_rec_td,
Walter White,1976,9,1976-11-07,False,KAN,PIT,H,L,0,45,,6,105,0,0,0,0,0,0,0,0,,0,10.5,16.5,23821,False,targets;fum_rec_td,PFR+RULE2PT,19761107-PIT-KAN,False,fum_rec_td,False,True,fum_rec_td,
Walter White,1976,10,1976-11-14,False,KAN,OAK,A,L,10,21,,3,49,0,1,8,0,0,0,0,0,,0,5.7,8.7,23821,False,targets;fum_rec_td,PFR+RULE2PT,19761114-KAN-OAK,False,fum_rec_td,False,True,fum_rec_td,
Walter White,1976,11,1976-11-21,False,KAN,CIN,H,L,24,27,,5,87,1,0,0,0,0,0,0,0,,0,14.7,19.7,23821,False,targets;fum_rec_td,PFR+RULE2PT,19761121-CIN-KAN,False,fum_rec_td,False,True,fum_rec_td,
Walter White,1976,12,1976-11-28,False,KAN,SDG,A,W,23,20,,2,50,0,0,0,0,0,0,0,0,,0,5.0,7.0,23821,False,targets;fum_rec_td,PFR+RULE2PT,19761128-KAN-SDG,False,fum_rec_td,False,True,fum_rec_td,
Walter White,1976,13,1976-12-05,False,KAN,DEN,A,L,16,17,,4,56,1,0,0,0,0,0,0,0,,0,11.6,15.6,23821,False,targets;fum_rec_td,PFR+RULE2PT,19761205-KAN-DEN,False,fum_rec_td,False,True,fum_rec_td,
Walter White,1976,14,1976-12-12,False,KAN,CLE,H,W,39,14,,5,64,1,0,0,0,0,0,0,0,,0,12.4,17.4,23821,False,targets;fum_rec_td,PFR+RULE2PT,19761212-CLE-KAN,False,fum_rec_td,False,True,fum_rec_td,
Walter White,1977,1,1977-09-18,False,KAN,NWE,A,L,17,21,,4,67,0,0,0,0,0,0,0,0,,0,6.7,10.7,23821,False,targets;fum_rec_td,PFR+RULE2PT,19770918-KAN-NWE,False,fum_rec_td,False,True,fum_rec_td,
Walter White,1977,2,1977-09-25,False,KAN,SDG,H,L,7,23,,5,70,0,0,0,0,0,0,0,0,,0,7.0,12.0,23821,False,targets;fum_rec_td,PFR+RULE2PT,19770925-SDG-KAN,False,fum_rec_td,False,True,fum_rec_td,
Walter White,1977,3,1977-10-03,False,KAN,OAK,H,L,28,37,,2,49,2,0,0,0,0,0,0,0,,0,16.9,18.9,23821,False,targets;fum_rec_td,PFR+RULE2PT,19771003-OAK-KAN,False,fum_rec_td,False,True,fum_rec_td,
Walter White,1977,4,1977-10-09,False,KAN,DEN,A,L,7,23,,6,49,0,0,0,0,0,0,0,0,,0,4.9,10.9,23821,False,targets;fum_rec_td,PFR+RULE2PT,19771009-KAN-DEN,False,fum_rec_td,False,True,fum_rec_td,
Walter White,1977,5,1977-10-16,False,KAN,BAL,H,L,6,17,,2,25,0,0,0,0,0,0,0,0,,0,2.5,4.5,23821,False,targets;fum_rec_td,PFR+RULE2PT,19771016-BAL-KAN,False,fum_rec_td,False,True,fum_rec_td,
Walter White,1977,6,1977-10-23,False,KAN,SDG,A,W,21,16,,6,96,1,1,3,0,0,0,0,0,,0,15.9,21.9,23821,False,targets;fum_rec_td,PFR+RULE2PT,19771023-KAN-SDG,False,fum_rec_td,False,True,fum_rec_td,
Walter White,1977,7,1977-10-30,False,KAN,CLE,A,L,7,44,,5,44,0,0,0,0,0,0,0,0,,0,4.4,9.4,23821,False,targets;fum_rec_td,PFR+RULE2PT,19771030-KAN-CLE,False,fum_rec_td,False,True,fum_rec_td,
Walter White,1977,8,1977-11-06,False,KAN,GNB,H,W,20,10,,1,36,0,0,0,0,0,0,0,0,,0,3.6,4.6,23821,False,targets;fum_rec_td,PFR+RULE2PT,19771106-GNB-KAN,False,fum_rec_td,False,True,fum_rec_td,
Walter White,1977,9,1977-11-13,False,KAN,CHI,A,L,27,28,,7,92,0,0,0,0,0,0,0,0,,0,9.2,16.2,23821,False,targets;fum_rec_td,PFR+RULE2PT,19771113-KAN-CHI,False,fum_rec_td,False,True,fum_rec_td,
Walter White,1977,10,1977-11-20,False,KAN,DEN,H,L,7,14,,2,9,0,1,-6,0,0,0,0,0,,0,0.3,2.3,23821,False,targets;fum_rec_td,PFR+RULE2PT,19771120-DEN-KAN,False,fum_rec_td,False,True,fum_rec_td,
Walter White,1977,11,1977-11-27,False,KAN,HOU,A,L,20,34,,4,79,1,0,0,0,0,0,0,0,,0,13.9,17.9,23821,False,targets;fum_rec_td,PFR+RULE2PT,19771127-KAN-HOU,False,fum_rec_td,False,True,fum_rec_td,
Walter White,1977,12,1977-12-04,False,KAN,CIN,H,L,7,27,,0,0,0,0,0,0,0,0,0,0,,0,0.0,0.0,23821,False,targets;fum_rec_td,PFR+RULE2PT,19771204-CIN-KAN,False,fum_rec_td,False,True,fum_rec_td,
Walter White,1977,13,1977-12-11,False,KAN,SEA,H,L,31,34,,4,58,1,0,0,0,0,0,0,0,,0,11.8,15.8,23821,False,targets;fum_rec_td,PFR+RULE2PT,19771211-SEA-KAN,False,fum_rec_td,False,True,fum_rec_td,
Walter White,1978,1,1978-09-03,False,KAN,CIN,A,W,24,23,,6,57,0,0,0,0,0,0,0,0,,0,5.7,11.7,23821,False,targets;fum_rec_td,PFR+RULE2PT,19780903-KAN-CIN,False,fum_rec_td,False,True,fum_rec_td,
Walter White,1978,2,1978-09-10,False,KAN,HOU,H,L,17,20,,1,-8,0,0,0,0,0,0,0,0,,0,-0.8,0.2,23821,False,targets;fum_rec_td,PFR+RULE2PT,19780910-HOU-KAN,False,fum_rec_td,False,True,fum_rec_td,
Walter White,1978,3,1978-09-17,False,KAN,NYG,A,L,10,26,,3,37,0,0,0,0,0,0,0,0,,0,3.7,6.7,23821,False,targets;fum_rec_td,PFR+RULE2PT,19780917-KAN-NYG,False,fum_rec_td,False,True,fum_rec_td,
Walter White,1978,4,1978-09-24,False,KAN,DEN,H,L,17,23,,2,30,0,0,0,0,0,0,0,0,,0,3.0,5.0,23821,False,targets;fum_rec_td,PFR+RULE2PT,19780924-DEN-KAN,False,fum_rec_td,False,True,fum_rec_td,
Walter White,1978,5,1978-10-01,False,KAN,BUF,A,L,13,28,,5,60,0,0,0,0,0,0,0,0,,0,6.0,11.0,23821,False,targets;fum_rec_td,PFR+RULE2PT,19781001-KAN-BUF,False,fum_rec_td,False,True,fum_rec_td,
Walter White,1978,6,1978-10-08,False,KAN,TAM,H,L,13,30,,3,26,0,0,0,0,0,0,0,0,,0,2.6,5.6,23821,False,targets;fum_rec_td,PFR+RULE2PT,19781008-TAM-KAN,False,fum_rec_td,False,True,fum_rec_td,
Walter White,1978,7,1978-10-15,False,KAN,OAK,A,L,6,28,,5,30,0,0,0,0,44,0,0,0,,0,4.76,9.76,23821,False,targets;fum_rec_td,PFR+RULE2PT,19781015-KAN-OAK,False,fum_rec_td,False,True,fum_rec_td,
Walter White,1978,8,1978-10-22,False,KAN,CLE,H,W,17,3,,1,5,0,0,0,0,0,0,0,0,,0,0.5,1.5,23821,False,targets;fum_rec_td,PFR+RULE2PT,19781022-CLE-KAN,False,fum_rec_td,False,True,fum_rec_td,
Walter White,1978,9,1978-10-29,False,KAN,PIT,A,L,24,27,,3,20,0,0,0,0,0,0,0,0,,0,2.0,5.0,23821,False,targets;fum_rec_td,PFR+RULE2PT,19781029-KAN-PIT,False,fum_rec_td,False,True,fum_rec_td,
Walter White,1978,10,1978-11-05,False,KAN,OAK,H,L,10,20,,0,0,0,0,0,0,0,0,0,0,,0,0.0,0.0,23821,False,targets;fum_rec_td,PFR+RULE2PT,19781105-OAK-KAN,False,fum_rec_td,False,True,fum_rec_td,
Walter White,1978,11,1978-11-12,False,KAN,SDG,A,L,23,29,,1,5,0,0,0,0,0,0,0,0,,0,0.5,1.5,23821,False,targets;fum_rec_td,PFR+RULE2PT,19781112-KAN-SDG,False,fum_rec_td,False,True,fum_rec_td,
Walter White,1978,12,1978-11-19,False,KAN,SEA,H,L,10,13,,3,28,0,0,0,0,0,0,0,0,,0,2.8,5.8,23821,False,targets;fum_rec_td,PFR+RULE2PT,19781119-SEA-KAN,False,fum_rec_td,False,True,fum_rec_td,
Walter White,1978,13,1978-11-26,False,KAN,SDG,H,W,23,0,,1,13,0,0,0,0,0,0,0,0,,0,1.3,2.3,23821,False,targets;fum_rec_td,PFR+RULE2PT,19781126-SDG-KAN,False,fum_rec_td,False,True,fum_rec_td,
Walter White,1978,14,1978-12-03,False,KAN,BUF,H,W,14,10,,2,6,1,0,0,0,0,0,0,0,,0,6.6,8.6,23821,False,targets;fum_rec_td,PFR+RULE2PT,19781203-BUF-KAN,False,fum_rec_td,False,True,fum_rec_td,
Walter White,1978,15,1978-12-10,False,KAN,DEN,A,L,3,24,,6,31,0,0,0,0,0,0,0,0,,0,3.1,9.1,23821,False,targets;fum_rec_td,PFR+RULE2PT,19781210-KAN-DEN,False,fum_rec_td,False,True,fum_rec_td,
Walter White,1978,16,1978-12-17,False,KAN,SEA,A,L,19,23,,0,0,0,0,0,0,0,0,0,0,,0,0.0,0.0,23821,False,targets;fum_rec_td,PFR+RULE2PT,19781217-KAN-SEA,False,fum_rec_td,False,True,fum_rec_td,
Walter White,1979,1,1979-09-02,False,KAN,BAL,H,W,14,0,,0,0,0,0,0,0,0,0,0,0,,0,0.0,0.0,23821,False,targets;fum_rec_td,PFR+RULE2PT,19790902-BAL-KAN,False,fum_rec_td,False,True,fum_rec_td,
Walter White,1979,2,1979-09-09,False,KAN,CLE,H,L,24,27,,0,0,0,0,0,0,0,0,0,0,,0,0.0,0.0,23821,False,targets;fum_rec_td,PFR+RULE2PT,19790909-CLE-KAN,False,fum_rec_td,False,True,fum_rec_td,
Walter White,1979,3,1979-09-16,False,KAN,HOU,A,L,6,20,,2,14,0,0,0,0,0,0,0,0,,0,1.4,3.4,23821,False,targets;fum_rec_td,PFR+RULE2PT,19790916-KAN-HOU,False,fum_rec_td,False,True,fum_rec_td,
Walter White,1979,4,1979-09-23,False,KAN,OAK,H,W,35,7,,0,0,0,0,0,0,0,0,0,0,,0,0.0,0.0,23821,False,targets;fum_rec_td,PFR+RULE2PT,19790923-OAK-KAN,False,fum_rec_td,False,True,fum_rec_td,
Walter White,1979,5,1979-09-30,False,KAN,SEA,A,W,24,6,,1,1,0,0,0,0,0,0,0,0,,0,0.1,1.1,23821,False,targets;fum_rec_td,PFR+RULE2PT,19790930-KAN-SEA,False,fum_rec_td,False,True,fum_rec_td,
Walter White,1979,10,1979-11-04,False,KAN,SDG,H,L,14,20,,0,0,0,0,0,0,0,0,0,0,,0,0.0,0.0,23821,False,targets;fum_rec_td,PFR+RULE2PT,19791104-SDG-KAN,False,fum_rec_td,False,True,fum_rec_td,
Jean Fugett,1972,1,1972-09-17,False,DAL,PHI,H,W,28,6,,0,0,0,0,0,0,0,0,0,0,,0,0.0,0.0,7423,False,targets;fum_rec_td,PFR+RULE2PT,19720917-PHI-DAL,False,fum_rec_td,False,True,fum_rec_td,
Jean Fugett,1972,2,1972-09-24,False,DAL,NYG,A,W,23,14,,0,0,0,0,0,0,0,0,0,0,,0,0.0,0.0,7423,False,targets;fum_rec_td,PFR+RULE2PT,19720924-DAL-NYG,False,fum_rec_td,False,True,fum_rec_td,
Jean Fugett,1972,3,1972-10-01,False,DAL,GNB,A,L,13,16,,0,0,0,0,0,0,0,0,0,0,,0,0.0,0.0,7423,False,targets;fum_rec_td,PFR+RULE2PT,19721001-DAL-GNB,False,fum_rec_td,False,True,fum_rec_td,
Jean Fugett,1972,4,1972-10-08,False,DAL,PIT,H,W,17,13,,0,0,0,1,-2,0,0,0,0,0,,0,-0.2,-0.2,7423,False,targets;fum_rec_td,PFR+RULE2PT,19721008-PIT-DAL,False,fum_rec_td,False,True,fum_rec_td,
Jean Fugett,1972,5,1972-10-15,False,DAL,BAL,A,W,21,0,,0,0,0,0,0,0,0,0,0,0,,0,0.0,0.0,7423,False,targets;fum_rec_td,PFR+RULE2PT,19721015-DAL-BAL,False,fum_rec_td,False,True,fum_rec_td,
Jean Fugett,1972,6,1972-10-22,False,DAL,WAS,A,L,20,24,,0,0,0,0,0,0,0,0,0,0,,0,0.0,0.0,7423,False,targets;fum_rec_td,PFR+RULE2PT,19721022-DAL-WAS,False,fum_rec_td,False,True,fum_rec_td,
Jean Fugett,1972,7,1972-10-30,False,DAL,DET,H,W,28,24,,2,30,0,0,0,0,0,0,0,0,,0,3.0,5.0,7423,False,targets;fum_rec_td,PFR+RULE2PT,19721030-DET-DAL,False,fum_rec_td,False,True,fum_rec_td,
Jean Fugett,1972,8,1972-11-05,False,DAL,SDG,A,W,34,28,,0,0,0,1,-5,0,0,0,0,0,,0,-0.5,-0.5,7423,False,targets;fum_rec_td,PFR+RULE2PT,19721105-DAL-SDG,False,fum_rec_td,False,True,fum_rec_td,
Jean Fugett,1972,9,1972-11-12,False,DAL,STL,H,W,33,24,,1,7,0,0,0,0,0,0,0,0,,0,0.7,1.7,7423,False,targets;fum_rec_td,PFR+RULE2PT,19721112-STL-DAL,False,fum_rec_td,False,True,fum_rec_td,
Jean Fugett,1972,10,1972-11-19,False,DAL,PHI,A,W,28,7,,2,39,0,0,0,0,0,0,0,0,,0,3.9,5.9,7423,False,targets;fum_rec_td,PFR+RULE2PT,19721119-DAL-PHI,False,fum_rec_td,False,True,fum_rec_td,
Jean Fugett,1972,11,1972-11-23,False,DAL,SFO,H,L,10,31,,1,13,0,0,0,0,0,0,0,0,,0,1.3,2.3,7423,False,targets;fum_rec_td,PFR+RULE2PT,19721123-SFO-DAL,False,fum_rec_td,False,True,fum_rec_td,
Jean Fugett,1972,12,1972-12-03,False,DAL,STL,A,W,27,6,,1,5,0,1,9,0,0,0,0,0,,0,1.4,2.4,7423,False,targets;fum_rec_td,PFR+RULE2PT,19721203-DAL-STL,False,fum_rec_td,False,True,fum_rec_td,
Jean Fugett,1972,13,1972-12-09,False,DAL,WAS,H,W,34,24,,0,0,0,0,0,0,0,0,0,0,,0,0.0,0.0,7423,False,targets;fum_rec_td,PFR+RULE2PT,19721209-WAS-DAL,False,fum_rec_td,False,True,fum_rec_td,
Jean Fugett,1972,14,1972-12-17,False,DAL,NYG,H,L,3,23,,0,0,0,0,0,0,0,0,0,0,,0,0.0,0.0,7423,False,targets;fum_rec_td,PFR+RULE2PT,19721217-NYG-DAL,False,fum_rec_td,False,True,fum_rec_td,
Jean Fugett,1972,15,1972-12-23,True,DAL,SFO,A,W,30,28,,0,0,0,0,0,0,0,0,0,0,,0,0.0,0.0,7423,False,targets;fum_rec_td,PFR+RULE2PT,19721223-DAL-SFO,False,fum_rec_td,False,True,fum_rec_td,
Jean Fugett,1972,16,1972-12-31,True,DAL,WAS,A,L,3,26,,0,0,0,0,0,0,0,0,0,0,,0,0.0,0.0,7423,False,targets;fum_rec_td,PFR+RULE2PT,19721231-DAL-WAS,False,fum_rec_td,False,True,fum_rec_td,
Jean Fugett,1973,3,1973-09-30,False,DAL,STL,H,W,45,10,,0,0,0,0,0,0,0,0,0,0,,0,0.0,0.0,7423,False,targets;fum_rec_td,PFR+RULE2PT,19730930-STL-DAL,False,fum_rec_td,False,True,fum_rec_td,
Jean Fugett,1973,4,1973-10-08,False,DAL,WAS,A,L,7,14,,0,0,0,0,0,0,0,0,0,0,,0,0.0,0.0,7423,False,targets;fum_rec_td,PFR+RULE2PT,19731008-DAL-WAS,False,fum_rec_td,False,True,fum_rec_td,
Jean Fugett,1973,5,1973-10-14,False,DAL,RAM,A,L,31,37,,0,0,0,0,0,0,0,0,0,0,,0,0.0,0.0,7423,False,targets;fum_rec_td,PFR+RULE2PT,19731014-DAL-RAM,False,fum_rec_td,False,True,fum_rec_td,
Jean Fugett,1973,6,1973-10-21,False,DAL,NYG,H,W,45,28,,0,0,0,0,0,0,0,0,0,0,,0,0.0,0.0,7423,False,targets;fum_rec_td,PFR+RULE2PT,19731021-NYG-DAL,False,fum_rec_td,False,True,fum_rec_td,
Jean Fugett,1973,7,1973-10-28,False,DAL,PHI,A,L,16,30,,2,27,0,0,0,0,0,0,0,0,,0,2.7,4.7,7423,False,targets;fum_rec_td,PFR+RULE2PT,19731028-DAL-PHI,False,fum_rec_td,False,True,fum_rec_td,
Jean Fugett,1973,8,1973-11-04,False,DAL,CIN,H,W,38,10,,0,0,0,0,0,0,0,0,0,0,,0,0.0,0.0,7423,False,targets;fum_rec_td,PFR+RULE2PT,19731104-CIN-DAL,False,fum_rec_td,False,True,fum_rec_td,
Jean Fugett,1973,9,1973-11-11,False,DAL,NYG,A,W,23,10,,0,0,0,0,0,0,0,0,0,0,,0,0.0,0.0,7423,False,targets;fum_rec_td,PFR+RULE2PT,19731111-DAL-NYG,False,fum_rec_td,False,True,fum_rec_td,
Jean Fugett,1973,10,1973-11-18,False,DAL,PHI,H,W,31,10,,0,0,0,1,34,0,0,0,0,0,,0,3.4,3.4,7423,False,targets;fum_rec_td,PFR+RULE2PT,19731118-PHI-DAL,False,fum_rec_td,False,True,fum_rec_td,
Jean Fugett,1973,11,1973-11-22,False,DAL,MIA,H,L,7,14,,0,0,0,0,0,0,0,0,0,0,,0,0.0,0.0,7423,False,targets;fum_rec_td,PFR+RULE2PT,19731122-MIA-DAL,False,fum_rec_td,False,True,fum_rec_td,
Jean Fugett,1973,12,1973-12-02,False,DAL,DEN,A,W,22,10,,2,33,2,0,0,0,0,0,0,0,,0,15.3,17.3,7423,False,targets;fum_rec_td,PFR+RULE2PT,19731202-DAL-DEN,False,fum_rec_td,False,True,fum_rec_td,
Jean Fugett,1973,13,1973-12-09,False,DAL,WAS,H,W,27,7,,2,42,0,0,0,0,0,0,0,0,,0,4.2,6.2,7423,False,targets;fum_rec_td,PFR+RULE2PT,19731209-WAS-DAL,False,fum_rec_td,False,True,fum_rec_td,
Jean Fugett,1973,14,1973-12-16,False,DAL,STL,A,W,30,3,,3,66,1,0,0,0,0,0,0,0,,0,12.6,15.6,7423,False,targets;fum_rec_td,PFR+RULE2PT,19731216-DAL-STL,False,fum_rec_td,False,True,fum_rec_td,
Jean Fugett,1973,15,1973-12-23,True,DAL,RAM,H,W,27,16,,1,38,0,0,0,0,0,0,0,0,,0,3.8,4.8,7423,False,targets;fum_rec_td,PFR+RULE2PT,19731223-RAM-DAL,False,fum_rec_td,False,True,fum_rec_td,
Jean Fugett,1973,16,1973-12-30,True,DAL,MIN,H,L,10,27,,1,-1,0,1,1,0,0,0,0,0,,0,0.0,1.0,7423,False,targets;fum_rec_td,PFR+RULE2PT,19731230-MIN-DAL,False,fum_rec_td,False,True,fum_rec_td,
Jean Fugett,1974,1,1974-09-15,False,DAL,ATL,A,W,24,0,,0,0,0,0,0,0,0,0,0,0,,0,0.0,0.0,7423,False,targets;fum_rec_td,PFR+RULE2PT,19740915-DAL-ATL,False,fum_rec_td,False,True,fum_rec_td,
Jean Fugett,1974,2,1974-09-23,False,DAL,PHI,A,L,10,13,,0,0,0,0,0,0,0,0,0,0,,0,0.0,0.0,7423,False,targets;fum_rec_td,PFR+RULE2PT,19740923-DAL-PHI,False,fum_rec_td,False,True,fum_rec_td,
Jean Fugett,1974,3,1974-09-29,False,DAL,NYG,H,L,6,14,,0,0,0,0,0,0,0,0,0,0,,0,0.0,0.0,7423,False,targets;fum_rec_td,PFR+RULE2PT,19740929-NYG-DAL,False,fum_rec_td,False,True,fum_rec_td,
Jean Fugett,1974,4,1974-10-06,False,DAL,MIN,H,L,21,23,,0,0,0,0,0,0,0,0,0,0,,0,0.0,0.0,7423,False,targets;fum_rec_td,PFR+RULE2PT,19741006-MIN-DAL,False,fum_rec_td,False,True,fum_rec_td,
Jean Fugett,1974,5,1974-10-13,False,DAL,STL,A,L,28,31,,2,31,1,0,0,0,0,0,0,0,,0,9.1,11.1,7423,False,targets;fum_rec_td,PFR+RULE2PT,19741013-DAL-STL,False,fum_rec_td,False,True,fum_rec_td,
Jean Fugett,1974,6,1974-10-20,False,DAL,PHI,H,W,31,24,,1,23,0,0,0,0,0,0,0,0,,0,2.3,3.3,7423,False,targets;fum_rec_td,PFR+RULE2PT,19741020-PHI-DAL,False,fum_rec_td,False,True,fum_rec_td,
Jean Fugett,1974,8,1974-11-03,False,DAL,STL,H,W,17,14,,0,0,0,0,0,0,0,0,0,0,,0,0.0,0.0,7423,False,targets;fum_rec_td,PFR+RULE2PT,19741103-STL-DAL,False,fum_rec_td,False,True,fum_rec_td,
Jean Fugett,1974,9,1974-11-10,False,DAL,SFO,H,W,20,14,,0,0,0,0,0,0,0,0,0,0,,0,0.0,0.0,7423,False,targets;fum_rec_td,PFR+RULE2PT,19741110-SFO-DAL,False,fum_rec_td,False,True,fum_rec_td,
Jean Fugett,1974,11,1974-11-24,False,DAL,HOU,A,W,10,0,,0,0,0,0,0,0,0,0,0,0,,0,0.0,0.0,7423,False,targets;fum_rec_td,PFR+RULE2PT,19741124-DAL-HOU,False,fum_rec_td,False,True,fum_rec_td,
Jean Fugett,1974,12,1974-11-28,False,DAL,WAS,H,W,24,23,,0,0,0,0,0,0,0,0,0,0,,0,0.0,0.0,7423,False,targets;fum_rec_td,PFR+RULE2PT,19741128-WAS-DAL,False,fum_rec_td,False,True,fum_rec_td,
Jean Fugett,1974,13,1974-12-07,False,DAL,CLE,H,W,41,17,,1,6,0,0,0,0,0,0,0,0,,0,0.6,1.6,7423,False,targets;fum_rec_td,PFR+RULE2PT,19741207-CLE-DAL,False,fum_rec_td,False,True,fum_rec_td,
Jean Fugett,1974,14,1974-12-14,False,DAL,OAK,A,L,23,27,,0,0,0,0,0,0,0,0,0,0,,0,0.0,0.0,7423,False,targets;fum_rec_td,PFR+RULE2PT,19741214-DAL-OAK,False,fum_rec_td,False,True,fum_rec_td,
Jean Fugett,1975,1,1975-09-21,False,DAL,RAM,H,W,18,7,,2,25,0,0,0,0,0,0,0,0,,0,2.5,4.5,7423,False,targets;fum_rec_td,PFR+RULE2PT,19750921-RAM-DAL,False,fum_rec_td,False,True,fum_rec_td,
Jean Fugett,1975,2,1975-09-28,False,DAL,STL,H,W,37,31,,5,51,1,0,0,0,0,0,0,0,,0,11.1,16.1,7423,False,targets;fum_rec_td,PFR+RULE2PT,19750928-STL-DAL,False,fum_rec_td,False,True,fum_rec_td,
Jean Fugett,1975,3,1975-10-06,False,DAL,DET,A,W,36,10,,1,14,0,0,0,0,0,0,0,0,,0,1.4,2.4,7423,False,targets;fum_rec_td,PFR+RULE2PT,19751006-DAL-DET,False,fum_rec_td,False,True,fum_rec_td,
Jean Fugett,1975,4,1975-10-12,False,DAL,NYG,A,W,13,7,,3,29,1,0,0,0,0,0,0,0,,0,8.9,11.9,7423,False,targets;fum_rec_td,PFR+RULE2PT,19751012-DAL-NYG,False,fum_rec_td,False,True,fum_rec_td,
Jean Fugett,1975,5,1975-10-19,False,DAL,GNB,H,L,17,19,,3,28,0,0,0,0,0,0,0,0,,0,2.8,5.8,7423,False,targets;fum_rec_td,PFR+RULE2PT,19751019-GNB-DAL,False,fum_rec_td,False,True,fum_rec_td,
Jean Fugett,1975,6,1975-10-26,False,DAL,PHI,A,W,20,17,,7,93,0,0,0,0,0,0,0,0,,0,9.3,16.3,7423,False,targets;fum_rec_td,PFR+RULE2PT,19751026-DAL-PHI,False,fum_rec_td,False,True,fum_rec_td,
Jean Fugett,1975,7,1975-11-02,False,DAL,WAS,A,L,24,30,,2,36,0,0,0,0,0,0,0,0,,0,3.6,5.6,7423,False,targets;fum_rec_td,PFR+RULE2PT,19751102-DAL-WAS,False,fum_rec_td,False,True,fum_rec_td,
Jean Fugett,1975,8,1975-11-10,False,DAL,KAN,H,L,31,34,,5,55,0,0,0,0,0,0,0,0,,0,5.5,10.5,7423,False,targets;fum_rec_td,PFR+RULE2PT,19751110-KAN-DAL,False,fum_rec_td,False,True,fum_rec_td,
Jean Fugett,1975,9,1975-11-16,False,DAL,NWE,A,W,34,31,,1,13,0,0,0,0,0,0,0,0,,0,1.3,2.3,7423,False,targets;fum_rec_td,PFR+RULE2PT,19751116-DAL-NWE,False,fum_rec_td,False,True,fum_rec_td,
Jean Fugett,1975,10,1975-11-23,False,DAL,PHI,H,W,27,17,,2,13,0,1,2,0,0,0,0,0,,0,1.5,3.5,7423,False,targets;fum_rec_td,PFR+RULE2PT,19751123-PHI-DAL,False,fum_rec_td,False,True,fum_rec_td,
Jean Fugett,1975,11,1975-11-30,False,DAL,NYG,H,W,14,3,,2,66,1,0,0,0,0,0,0,0,,0,12.6,14.6,7423,False,targets;fum_rec_td,PFR+RULE2PT,19751130-NYG-DAL,False,fum_rec_td,False,True,fum_rec_td,
Jean Fugett,1975,12,1975-12-07,False,DAL,STL,A,L,17,31,,3,38,0,0,0,0,0,0,0,0,,0,3.8,6.8,7423,False,targets;fum_rec_td,PFR+RULE2PT,19751207-DAL-STL,False,fum_rec_td,False,True,fum_rec_td,
Jean Fugett,1975,13,1975-12-13,False,DAL,WAS,H,W,31,10,,1,6,0,0,0,0,0,0,0,0,,0,0.6,1.6,7423,False,targets;fum_rec_td,PFR+RULE2PT,19751213-WAS-DAL,False,fum_rec_td,False,True,fum_rec_td,
Jean Fugett,1975,14,1975-12-21,False,DAL,NYJ,A,W,31,21,,1,21,0,0,0,0,0,0,0,0,,0,2.1,3.1,7423,False,targets;fum_rec_td,PFR+RULE2PT,19751221-DAL-NYJ,False,fum_rec_td,False,True,fum_rec_td,
Jean Fugett,1975,15,1975-12-28,True,DAL,MIN,A,W,17,14,,2,13,0,1,4,0,0,0,0,0,,0,1.7,3.7,7423,False,targets;fum_rec_td,PFR+RULE2PT,19751228-DAL-MIN,False,fum_rec_td,False,True,fum_rec_td,
Jean Fugett,1975,16,1976-01-04,True,DAL,RAM,A,W,37,7,,2,5,0,1,5,0,0,0,0,0,,0,1.0,3.0,7423,False,targets;fum_rec_td,PFR+RULE2PT,19760104-DAL-RAM,False,fum_rec_td,False,True,fum_rec_td,
Jean Fugett,1975,17,1976-01-18,True,DAL,PIT,N,L,17,21,,1,9,0,0,0,0,0,0,0,0,,0,0.9,1.9,7423,False,targets;fum_rec_td,PFR+RULE2PT,19760118-DAL-PIT-N,False,fum_rec_td,False,True,fum_rec_td,
Jean Fugett,1976,1,1976-09-12,False,WAS,NYG,H,W,19,17,,2,28,0,0,0,0,0,0,0,0,,0,2.8,4.8,7423,False,targets;fum_rec_td,PFR+RULE2PT,19760912-NYG-WAS,False,fum_rec_td,False,True,fum_rec_td,
Jean Fugett,1976,2,1976-09-19,False,WAS,SEA,H,W,31,7,,5,50,1,0,0,0,0,0,0,0,,0,11.0,16.0,7423,False,targets;fum_rec_td,PFR+RULE2PT,19760919-SEA-WAS,False,fum_rec_td,False,True,fum_rec_td,
Jean Fugett,1976,3,1976-09-27,False,WAS,PHI,A,W,20,17,,2,8,0,0,0,0,0,0,0,0,,0,0.8,2.8,7423,False,targets;fum_rec_td,PFR+RULE2PT,19760927-WAS-PHI,False,fum_rec_td,False,True,fum_rec_td,
Jean Fugett,1976,4,1976-10-03,False,WAS,CHI,A,L,7,33,,0,0,0,0,0,0,0,0,0,0,,0,0.0,0.0,7423,False,targets;fum_rec_td,PFR+RULE2PT,19761003-WAS-CHI,False,fum_rec_td,False,True,fum_rec_td,
Jean Fugett,1976,7,1976-10-25,False,WAS,STL,H,W,20,10,,2,19,0,0,0,0,0,0,0,0,,0,1.9,3.9,7423,False,targets;fum_rec_td,PFR+RULE2PT,19761025-STL-WAS,False,fum_rec_td,False,True,fum_rec_td,
Jean Fugett,1976,8,1976-10-31,False,WAS,DAL,H,L,7,20,,2,18,0,0,0,0,0,0,0,0,,0,1.8,3.8,7423,False,targets;fum_rec_td,PFR+RULE2PT,19761031-DAL-WAS,False,fum_rec_td,False,True,fum_rec_td,
Jean Fugett,1976,9,1976-11-07,False,WAS,SFO,A,W,24,21,,6,91,3,0,0,0,0,0,0,0,,0,27.1,33.1,7423,False,targets;fum_rec_td,PFR+RULE2PT,19761107-WAS-SFO,False,fum_rec_td,False,True,fum_rec_td,
Jean Fugett,1976,10,1976-11-14,False,WAS,NYG,A,L,9,12,,2,31,0,1,10,0,0,0,0,0,,0,4.1,6.1,7423,False,targets;fum_rec_td,PFR+RULE2PT,19761114-WAS-NYG,False,fum_rec_td,False,True,fum_rec_td,
Jean Fugett,1976,11,1976-11-21,False,WAS,STL,A,W,16,10,,2,30,0,1,-10,0,0,0,0,0,,0,2.0,4.0,7423,False,targets;fum_rec_td,PFR+RULE2PT,19761121-WAS-STL,False,fum_rec_td,False,True,fum_rec_td,
Jean Fugett,1976,12,1976-11-28,False,WAS,PHI,H,W,24,0,,0,0,0,0,0,0,0,0,0,0,,0,0.0,0.0,7423,False,targets;fum_rec_td,PFR+RULE2PT,19761128-PHI-WAS,False,fum_rec_td,False,True,fum_rec_td,
Jean Fugett,1976,13,1976-12-05,False,WAS,NYJ,A,W,37,16,,1,16,1,0,0,0,0,0,0,0,,0,7.6,8.6,7423,False,targets;fum_rec_td,PFR+RULE2PT,19761205-WAS-NYJ,False,fum_rec_td,False,True,fum_rec_td,
Jean Fugett,1976,14,1976-12-12,False,WAS,DAL,A,W,27,14,,3,43,1,0,0,0,0,0,0,0,,0,10.3,13.3,7423,False,targets;fum_rec_td,PFR+RULE2PT,19761212-WAS-DAL,False,fum_rec_td,False,True,fum_rec_td,
Jean Fugett,1976,15,1976-12-18,True,WAS,MIN,A,L,20,35,,4,61,0,0,0,0,0,0,0,0,,0,6.1,10.1,7423,False,targets;fum_rec_td,PFR+RULE2PT,19761218-WAS-MIN,False,fum_rec_td,False,True,fum_rec_td,
Jean Fugett,1977,1,1977-09-18,False,WAS,NYG,A,L,17,20,,2,30,0,0,0,0,0,0,0,0,,0,3.0,5.0,7423,False,targets;fum_rec_td,PFR+RULE2PT,19770918-WAS-NYG,False,fum_rec_td,False,True,fum_rec_td,
Jean Fugett,1977,2,1977-09-25,False,WAS,ATL,H,W,10,6,,2,53,0,0,0,0,0,0,0,0,,0,5.3,7.3,7423,False,targets;fum_rec_td,PFR+RULE2PT,19770925-ATL-WAS,False,fum_rec_td,False,True,fum_rec_td,
Jean Fugett,1977,3,1977-10-02,False,WAS,STL,H,W,24,14,,3,68,1,0,0,0,0,0,0,0,,0,12.8,15.8,7423,False,targets;fum_rec_td,PFR+RULE2PT,19771002-STL-WAS,False,fum_rec_td,False,True,fum_rec_td,
Jean Fugett,1977,4,1977-10-09,False,WAS,TAM,A,W,10,0,,3,48,0,0,0,0,0,0,0,0,,0,4.8,7.8,7423,False,targets;fum_rec_td,PFR+RULE2PT,19771009-WAS-TAM,False,fum_rec_td,False,True,fum_rec_td,
Jean Fugett,1977,5,1977-10-16,False,WAS,DAL,A,L,16,34,,0,0,0,0,0,0,0,0,0,0,,0,0.0,0.0,7423,False,targets;fum_rec_td,PFR+RULE2PT,19771016-WAS-DAL,False,fum_rec_td,False,True,fum_rec_td,
Jean Fugett,1977,6,1977-10-23,False,WAS,NYG,H,L,6,17,,6,77,0,0,0,0,0,0,0,0,,0,7.7,13.7,7423,False,targets;fum_rec_td,PFR+RULE2PT,19771023-NYG-WAS,False,fum_rec_td,False,True,fum_rec_td,
Jean Fugett,1977,7,1977-10-30,False,WAS,PHI,H,W,23,17,,3,82,2,0,0,0,0,0,0,0,,0,20.2,23.2,7423,False,targets;fum_rec_td,PFR+RULE2PT,19771030-PHI-WAS,False,fum_rec_td,False,True,fum_rec_td,
Jean Fugett,1977,8,1977-11-07,False,WAS,BAL,A,L,3,10,,4,53,0,0,0,0,0,0,0,0,,0,5.3,9.3,7423,False,targets;fum_rec_td,PFR+RULE2PT,19771107-WAS-BAL,False,fum_rec_td,False,True,fum_rec_td,
Jean Fugett,1977,9,1977-11-13,False,WAS,PHI,A,W,17,14,,2,50,0,0,0,0,0,0,0,0,,0,5.0,7.0,7423,False,targets;fum_rec_td,PFR+RULE2PT,19771113-WAS-PHI,False,fum_rec_td,False,True,fum_rec_td,
Jean Fugett,1977,10,1977-11-21,False,WAS,GNB,H,W,10,9,,2,35,0,0,0,0,0,0,0,0,,0,3.5,5.5,7423,False,targets;fum_rec_td,PFR+RULE2PT,19771121-GNB-WAS,False,fum_rec_td,False,True,fum_rec_td,
Jean Fugett,1977,11,1977-11-27,False,WAS,DAL,H,L,7,14,,1,45,0,0,0,0,0,0,0,0,,0,4.5,5.5,7423,False,targets;fum_rec_td,PFR+RULE2PT,19771127-DAL-WAS,False,fum_rec_td,False,True,fum_rec_td,
Jean Fugett,1977,12,1977-12-04,False,WAS,BUF,A,W,10,0,,4,52,1,0,0,0,0,0,0,0,,0,11.2,15.2,7423,False,targets;fum_rec_td,PFR+RULE2PT,19771204-WAS-BUF,False,fum_rec_td,False,True,fum_rec_td,
Jean Fugett,1977,13,1977-12-10,False,WAS,STL,A,W,26,20,,3,35,0,0,0,0,0,0,0,0,,0,3.5,6.5,7423,False,targets;fum_rec_td,PFR+RULE2PT,19771210-WAS-STL,False,fum_rec_td,False,True,fum_rec_td,
Jean Fugett,1977,14,1977-12-17,False,WAS,RAM,H,W,17,14,,1,3,1,0,0,0,0,0,0,0,,0,6.3,7.3,7423,False,targets;fum_rec_td,PFR+RULE2PT,19771217-RAM-WAS,False,fum_rec_td,False,True,fum_rec_td,
Jean Fugett,1978,2,1978-09-10,False,WAS,PHI,H,W,35,30,,3,76,2,0,0,0,0,0,0,0,,0,19.6,22.6,7423,False,targets;fum_rec_td,PFR+RULE2PT,19780910-PHI-WAS,False,fum_rec_td,False,True,fum_rec_td,
Jean Fugett,1978,3,1978-09-17,False,WAS,STL,A,W,28,10,,1,14,1,0,0,0,0,0,0,0,,0,7.4,8.4,7423,False,targets;fum_rec_td,PFR+RULE2PT,19780917-WAS-STL,False,fum_rec_td,False,True,fum_rec_td,
Jean Fugett,1978,4,1978-09-24,False,WAS,NYJ,H,W,23,3,,3,35,1,0,0,0,0,0,0,0,,0,9.5,12.5,7423,False,targets;fum_rec_td,PFR+RULE2PT,19780924-NYJ-WAS,False,fum_rec_td,False,True,fum_rec_td,
Jean Fugett,1978,5,1978-10-02,False,WAS,DAL,H,W,9,5,,0,0,0,0,0,0,0,0,0,0,,0,0.0,0.0,7423,False,targets;fum_rec_td,PFR+RULE2PT,19781002-DAL-WAS,False,fum_rec_td,False,True,fum_rec_td,
Jean Fugett,1978,6,1978-10-08,False,WAS,DET,A,W,21,19,,2,34,1,0,0,0,0,0,0,0,,0,9.4,11.4,7423,False,targets;fum_rec_td,PFR+RULE2PT,19781008-WAS-DET,False,fum_rec_td,False,True,fum_rec_td,
Jean Fugett,1978,7,1978-10-15,False,WAS,PHI,A,L,10,17,,1,8,0,0,0,0,0,0,0,0,,0,0.8,1.8,7423,False,targets;fum_rec_td,PFR+RULE2PT,19781015-WAS-PHI,False,fum_rec_td,False,True,fum_rec_td,
Jean Fugett,1978,8,1978-10-22,False,WAS,NYG,A,L,6,17,,1,8,0,0,0,0,0,0,0,0,,0,0.8,1.8,7423,False,targets;fum_rec_td,PFR+RULE2PT,19781022-WAS-NYG,False,fum_rec_td,False,True,fum_rec_td,
Jean Fugett,1978,10,1978-11-06,False,WAS,BAL,A,L,17,21,,1,7,0,0,0,0,0,0,0,0,,0,0.7,1.7,7423,False,targets;fum_rec_td,PFR+RULE2PT,19781106-WAS-BAL,False,fum_rec_td,False,True,fum_rec_td,
Jean Fugett,1978,11,1978-11-12,False,WAS,NYG,H,W,16,13,,4,79,0,0,0,0,0,0,0,0,,0,7.9,11.9,7423,False,targets;fum_rec_td,PFR+RULE2PT,19781112-NYG-WAS,False,fum_rec_td,False,True,fum_rec_td,
Jean Fugett,1978,12,1978-11-19,False,WAS,STL,H,L,17,27,,1,3,0,0,0,0,0,0,0,0,,0,0.3,1.3,7423,False,targets;fum_rec_td,PFR+RULE2PT,19781119-STL-WAS,False,fum_rec_td,False,True,fum_rec_td,
Jean Fugett,1978,13,1978-11-23,False,WAS,DAL,A,L,10,37,,1,16,1,0,0,0,0,0,0,0,,0,7.6,8.6,7423,False,targets;fum_rec_td,PFR+RULE2PT,19781123-WAS-DAL,False,fum_rec_td,False,True,fum_rec_td,
Jean Fugett,1978,14,1978-12-03,False,WAS,MIA,H,L,0,16,,2,29,0,0,0,0,0,0,0,0,,0,2.9,4.9,7423,False,targets;fum_rec_td,PFR+RULE2PT,19781203-MIA-WAS,False,fum_rec_td,False,True,fum_rec_td,
Jean Fugett,1978,15,1978-12-10,False,WAS,ATL,A,L,17,20,,1,17,0,0,0,0,0,0,0,0,,0,1.7,2.7,7423,False,targets;fum_rec_td,PFR+RULE2PT,19781210-WAS-ATL,False,fum_rec_td,False,True,fum_rec_td,
Jean Fugett,1978,16,1978-12-16,False,WAS,CHI,H,L,10,14,,4,41,1,0,0,0,0,0,0,0,,0,10.1,14.1,7423,False,targets;fum_rec_td,PFR+RULE2PT,19781216-CHI-WAS,False,fum_rec_td,False,True,fum_rec_td,
Jean Fugett,1979,1,1979-09-02,False,WAS,HOU,H,L,27,29,,3,55,2,0,0,0,0,0,0,0,,0,17.5,20.5,7423,False,targets;fum_rec_td,PFR+RULE2PT,19790902-HOU-WAS,False,fum_rec_td,False,True,fum_rec_td,
Jean Fugett,1979,2,1979-09-09,False,WAS,DET,A,W,27,24,,2,14,1,0,0,0,0,0,0,0,,0,7.4,9.4,7423,False,targets;fum_rec_td,PFR+RULE2PT,19790909-WAS-DET,False,fum_rec_td,False,True,fum_rec_td,
Jean Fugett,1979,3,1979-09-17,False,WAS,NYG,H,W,27,0,,2,21,0,0,0,0,0,0,0,0,,0,2.1,4.1,7423,False,targets;fum_rec_td,PFR+RULE2PT,19790917-NYG-WAS,False,fum_rec_td,False,True,fum_rec_td,
Jean Fugett,1979,4,1979-09-23,False,WAS,STL,A,W,17,7,,1,16,0,0,0,0,0,0,0,0,,0,1.6,2.6,7423,False,targets;fum_rec_td,PFR+RULE2PT,19790923-WAS-STL,False,fum_rec_td,False,True,fum_rec_td,
Jean Fugett,1979,5,1979-09-30,False,WAS,ATL,A,W,16,7,,1,6,0,0,0,0,0,0,0,0,,0,0.6,1.6,7423,False,targets;fum_rec_td,PFR+RULE2PT,19790930-WAS-ATL,False,fum_rec_td,False,True,fum_rec_td,
Jean Fugett,1979,6,1979-10-07,False,WAS,PHI,A,L,17,28,,1,16,0,0,0,0,0,0,0,0,,0,1.6,2.6,7423,False,targets;fum_rec_td,PFR+RULE2PT,19791007-WAS-PHI,False,fum_rec_td,False,True,fum_rec_td,
Jean Fugett,1979,8,1979-10-21,False,WAS,PHI,H,W,17,7,,0,0,0,0,0,0,0,0,0,0,,0,0.0,0.0,7423,False,targets;fum_rec_td,PFR+RULE2PT,19791021-PHI-WAS,False,fum_rec_td,False,True,fum_rec_td,
Jean Fugett,1979,9,1979-10-28,False,WAS,NOR,H,L,10,14,,0,0,0,0,0,0,0,0,0,0,,0,0.0,0.0,7423,False,targets;fum_rec_td,PFR+RULE2PT,19791028-NOR-WAS,False,fum_rec_td,False,True,fum_rec_td,
Jean Fugett,1979,10,1979-11-04,False,WAS,PIT,A,L,7,38,,0,0,0,0,0,0,0,0,0,0,,0,0.0,0.0,7423,False,targets;fum_rec_td,PFR+RULE2PT,19791104-WAS-PIT,False,fum_rec_td,False,True,fum_rec_td,
Jean Fugett,1979,12,1979-11-18,False,WAS,DAL,H,W,34,20,,0,0,0,0,0,0,0,0,0,0,,0,0.0,0.0,7423,False,targets;fum_rec_td,PFR+RULE2PT,19791118-DAL-WAS,False,fum_rec_td,False,True,fum_rec_td,
Jean Fugett,1979,15,1979-12-09,False,WAS,CIN,H,W,28,14,,0,0,0,0,0,0,0,0,0,0,,0,0.0,0.0,7423,False,targets;fum_rec_td,PFR+RULE2PT,19791209-CIN-WAS,False,fum_rec_td,False,True,fum_rec_td,
Bob Windsor,1970,1,1970-09-20,False,SFO,WAS,H,W,26,17,,1,3,0,0,0,0,0,0,0,0,,0,0.3,1.3,24458,False,targets;fum_rec_td,PFR+RULE2PT,19700920-WAS-SFO,False,fum_rec_td,False,True,fum_rec_td,
Bob Windsor,1970,2,1970-09-27,False,SFO,CLE,H,W,34,31,,3,35,0,0,0,0,0,0,0,0,,0,3.5,6.5,24458,False,targets;fum_rec_td,PFR+RULE2PT,19700927-CLE-SFO,False,fum_rec_td,False,True,fum_rec_td,
Bob Windsor,1970,3,1970-10-04,False,SFO,ATL,A,L,20,21,,2,17,1,0,0,0,0,0,0,0,,0,7.7,9.7,24458,False,targets;fum_rec_td,PFR+RULE2PT,19701004-SFO-ATL,False,fum_rec_td,False,True,fum_rec_td,
Bob Windsor,1970,4,1970-10-11,False,SFO,RAM,A,W,20,6,,2,11,0,0,0,0,0,0,0,0,,0,1.1,3.1,24458,False,targets;fum_rec_td,PFR+RULE2PT,19701011-SFO-RAM,False,fum_rec_td,False,True,fum_rec_td,
Bob Windsor,1970,5,1970-10-18,False,SFO,NOR,H,T,20,20,,2,24,0,0,0,0,0,0,0,0,,0,2.4,4.4,24458,False,targets;fum_rec_td,PFR+RULE2PT,19701018-NOR-SFO,False,fum_rec_td,False,True,fum_rec_td,
Bob Windsor,1970,6,1970-10-25,False,SFO,DEN,H,W,19,14,,3,41,0,0,0,0,0,0,0,0,,0,4.1,7.1,24458,False,targets;fum_rec_td,PFR+RULE2PT,19701025-DEN-SFO,False,fum_rec_td,False,True,fum_rec_td,
Bob Windsor,1970,7,1970-11-01,False,SFO,GNB,H,W,26,10,,3,22,1,0,0,0,0,0,0,0,,0,8.2,11.2,24458,False,targets;fum_rec_td,PFR+RULE2PT,19701101-GNB-SFO,False,fum_rec_td,False,True,fum_rec_td,
Bob Windsor,1970,8,1970-11-08,False,SFO,CHI,A,W,37,16,,4,82,0,0,0,0,0,0,0,0,,0,8.2,12.2,24458,False,targets;fum_rec_td,PFR+RULE2PT,19701108-SFO-CHI,False,fum_rec_td,False,True,fum_rec_td,
Bob Windsor,1970,9,1970-11-15,False,SFO,HOU,A,W,30,20,,0,0,0,0,0,0,0,0,0,0,,0,0.0,0.0,24458,False,targets;fum_rec_td,PFR+RULE2PT,19701115-SFO-HOU,False,fum_rec_td,False,True,fum_rec_td,
Bob Windsor,1970,10,1970-11-22,False,SFO,DET,A,L,7,28,,4,38,0,0,0,0,0,0,0,0,,0,3.8,7.8,24458,False,targets;fum_rec_td,PFR+RULE2PT,19701122-SFO-DET,False,fum_rec_td,False,True,fum_rec_td,
Bob Windsor,1970,11,1970-11-29,False,SFO,RAM,H,L,13,30,,2,24,0,0,0,0,0,0,0,0,,0,2.4,4.4,24458,False,targets;fum_rec_td,PFR+RULE2PT,19701129-RAM-SFO,False,fum_rec_td,False,True,fum_rec_td,
Bob Windsor,1970,12,1970-12-06,False,SFO,ATL,H,W,24,20,,2,31,0,0,0,0,0,0,0,0,,0,3.1,5.1,24458,False,targets;fum_rec_td,PFR+RULE2PT,19701206-ATL-SFO,False,fum_rec_td,False,True,fum_rec_td,
Bob Windsor,1970,13,1970-12-13,False,SFO,NOR,A,W,38,27,,2,22,0,0,0,0,0,0,0,0,,0,2.2,4.2,24458,False,targets;fum_rec_td,PFR+RULE2PT,19701213-SFO-NOR,False,fum_rec_td,False,True,fum_rec_td,
Bob Windsor,1970,14,1970-12-20,False,SFO,OAK,A,W,38,7,,1,13,0,0,0,0,0,0,0,0,,0,1.3,2.3,24458,False,targets;fum_rec_td,PFR+RULE2PT,19701220-SFO-OAK,False,fum_rec_td,False,True,fum_rec_td,
Bob Windsor,1970,15,1970-12-27,True,SFO,MIN,A,W,17,14,,0,0,0,0,0,0,0,0,0,0,,0,0.0,0.0,24458,False,targets;fum_rec_td,PFR+RULE2PT,19701227-SFO-MIN,False,fum_rec_td,False,True,fum_rec_td,
Bob Windsor,1970,16,1971-01-03,True,SFO,DAL,H,L,10,17,,3,70,0,0,0,0,0,0,0,0,,0,7.0,10.0,24458,False,targets;fum_rec_td,PFR+RULE2PT,19710103-DAL-SFO,False,fum_rec_td,False,True,fum_rec_td,
Bob Windsor,1971,1,1971-09-19,False,SFO,ATL,A,L,17,20,,0,0,0,0,0,0,0,0,0,0,,0,0.0,0.0,24458,False,targets;fum_rec_td,PFR+RULE2PT,19710919-SFO-ATL,False,fum_rec_td,False,True,fum_rec_td,
Bob Windsor,1971,2,1971-09-26,False,SFO,NOR,A,W,38,20,,1,2,0,0,0,0,0,0,0,0,,0,0.2,1.2,24458,False,targets;fum_rec_td,PFR+RULE2PT,19710926-SFO-NOR,False,fum_rec_td,False,True,fum_rec_td,
Bob Windsor,1971,3,1971-10-03,False,SFO,PHI,A,W,31,3,,1,30,0,1,21,0,0,0,0,0,,0,5.1,6.1,24458,False,targets;fum_rec_td,PFR+RULE2PT,19711003-SFO-PHI,False,fum_rec_td,False,True,fum_rec_td,
Bob Windsor,1971,4,1971-10-10,False,SFO,RAM,H,L,13,20,,0,0,0,0,0,0,0,0,0,0,,0,0.0,0.0,24458,False,targets;fum_rec_td,PFR+RULE2PT,19711010-RAM-SFO,False,fum_rec_td,False,True,fum_rec_td,
Bob Windsor,1971,5,1971-10-17,False,SFO,CHI,H,W,13,0,,0,0,0,0,0,0,0,0,0,0,,0,0.0,0.0,24458,False,targets;fum_rec_td,PFR+RULE2PT,19711017-CHI-SFO,False,fum_rec_td,False,True,fum_rec_td,
Bob Windsor,1971,6,1971-10-24,False,SFO,STL,A,W,26,14,,0,0,0,0,0,0,0,0,0,0,,0,0.0,0.0,24458,False,targets;fum_rec_td,PFR+RULE2PT,19711024-SFO-STL,False,fum_rec_td,False,True,fum_rec_td,
Bob Windsor,1971,8,1971-11-07,False,SFO,MIN,A,W,13,9,,0,0,0,0,0,0,0,0,0,0,,0,0.0,0.0,24458,False,targets;fum_rec_td,PFR+RULE2PT,19711107-SFO-MIN,False,fum_rec_td,False,True,fum_rec_td,
Bob Windsor,1971,9,1971-11-14,False,SFO,NOR,H,L,20,26,,0,0,0,0,0,0,0,0,0,0,,0,0.0,0.0,24458,False,targets;fum_rec_td,PFR+RULE2PT,19711114-NOR-SFO,False,fum_rec_td,False,True,fum_rec_td,
Bob Windsor,1971,10,1971-11-21,False,SFO,RAM,A,L,6,17,,0,0,0,0,0,0,0,0,0,0,,0,0.0,0.0,24458,False,targets;fum_rec_td,PFR+RULE2PT,19711121-SFO-RAM,False,fum_rec_td,False,True,fum_rec_td,
Bob Windsor,1971,11,1971-11-28,False,SFO,NYJ,A,W,24,21,,0,0,0,0,0,0,0,0,0,0,,0,0.0,0.0,24458,False,targets;fum_rec_td,PFR+RULE2PT,19711128-SFO-NYJ,False,fum_rec_td,False,True,fum_rec_td,
Bob Windsor,1971,12,1971-12-06,False,SFO,KAN,H,L,17,26,,0,0,0,0,0,0,0,0,0,0,,0,0.0,0.0,24458,False,targets;fum_rec_td,PFR+RULE2PT,19711206-KAN-SFO,False,fum_rec_td,False,True,fum_rec_td,
Bob Windsor,1971,13,1971-12-12,False,SFO,ATL,H,W,24,3,,0,0,0,0,0,0,0,0,0,0,,0,0.0,0.0,24458,False,targets;fum_rec_td,PFR+RULE2PT,19711212-ATL-SFO,False,fum_rec_td,False,True,fum_rec_td,
Bob Windsor,1971,14,1971-12-19,False,SFO,DET,H,W,31,27,,0,0,0,0,0,0,0,0,0,0,,0,0.0,0.0,24458,False,targets;fum_rec_td,PFR+RULE2PT,19711219-DET-SFO,False,fum_rec_td,False,True,fum_rec_td,
Bob Windsor,1971,15,1971-12-26,True,SFO,WAS,H,W,24,20,,1,2,1,0,0,0,0,0,0,0,,0,6.2,7.2,24458,False,targets;fum_rec_td,PFR+RULE2PT,19711226-WAS-SFO,False,fum_rec_td,False,True,fum_rec_td,
Bob Windsor,1971,16,1972-01-02,True,SFO,DAL,A,L,3,14,,0,0,0,0,0,0,0,0,0,0,,0,0.0,0.0,24458,False,targets;fum_rec_td,PFR+RULE2PT,19720102-SFO-DAL,False,fum_rec_td,False,True,fum_rec_td,
Bob Windsor,1972,1,1972-09-17,False,NWE,CIN,H,L,7,31,,2,30,0,0,0,0,0,0,0,0,,0,3.0,5.0,24458,False,targets;fum_rec_td,PFR+RULE2PT,19720917-CIN-NWE,False,fum_rec_td,False,True,fum_rec_td,
Bob Windsor,1972,2,1972-09-24,False,NWE,ATL,H,W,21,20,,3,39,0,0,0,0,0,0,0,0,,0,3.9,6.9,24458,False,targets;fum_rec_td,PFR+RULE2PT,19720924-ATL-NWE,False,fum_rec_td,False,True,fum_rec_td,
Bob Windsor,1972,3,1972-10-01,False,NWE,WAS,H,W,24,23,,5,58,0,1,-4,0,0,0,0,0,,0,5.4,10.4,24458,False,targets;fum_rec_td,PFR+RULE2PT,19721001-WAS-NWE,False,fum_rec_td,False,True,fum_rec_td,
Bob Windsor,1972,4,1972-10-08,False,NWE,BUF,A,L,14,38,,0,0,0,0,0,0,0,0,0,0,,0,0.0,0.0,24458,False,targets;fum_rec_td,PFR+RULE2PT,19721008-NWE-BUF,False,fum_rec_td,False,True,fum_rec_td,
Bob Windsor,1972,5,1972-10-15,False,NWE,NYJ,H,L,13,41,,0,0,0,0,0,0,0,0,0,0,,0,0.0,0.0,24458,False,targets;fum_rec_td,PFR+RULE2PT,19721015-NYJ-NWE,False,fum_rec_td,False,True,fum_rec_td,
Bob Windsor,1972,6,1972-10-22,False,NWE,PIT,A,L,3,33,,3,45,0,0,0,0,0,0,0,0,,0,4.5,7.5,24458,False,targets;fum_rec_td,PFR+RULE2PT,19721022-NWE-PIT,False,fum_rec_td,False,True,fum_rec_td,
Bob Windsor,1972,7,1972-10-29,False,NWE,NYJ,A,L,10,34,,2,11,0,0,0,0,0,0,0,0,,0,1.1,3.1,24458,False,targets;fum_rec_td,PFR+RULE2PT,19721029-NWE-NYJ,False,fum_rec_td,False,True,fum_rec_td,
Bob Windsor,1972,8,1972-11-06,False,NWE,BAL,H,L,17,24,,2,15,0,0,0,0,0,0,0,0,,0,1.5,3.5,24458,False,targets;fum_rec_td,PFR+RULE2PT,19721106-BAL-NWE,False,fum_rec_td,False,True,fum_rec_td,
Bob Windsor,1972,9,1972-11-12,False,NWE,MIA,A,L,0,52,,1,11,0,0,0,0,0,0,0,0,,0,1.1,2.1,24458,False,targets;fum_rec_td,PFR+RULE2PT,19721112-NWE-MIA,False,fum_rec_td,False,True,fum_rec_td,
Bob Windsor,1972,10,1972-11-19,False,NWE,BUF,H,L,24,27,,5,72,1,0,0,0,0,0,0,0,,0,13.2,18.2,24458,False,targets;fum_rec_td,PFR+RULE2PT,19721119-BUF-NWE,False,fum_rec_td,False,True,fum_rec_td,
Bob Windsor,1972,11,1972-11-26,False,NWE,BAL,A,L,0,31,,0,0,0,0,0,0,0,0,0,0,,0,0.0,0.0,24458,False,targets;fum_rec_td,PFR+RULE2PT,19721126-NWE-BAL,False,fum_rec_td,False,True,fum_rec_td,
Bob Windsor,1972,12,1972-12-03,False,NWE,MIA,H,L,21,37,,6,54,0,0,0,0,0,0,0,0,,0,5.4,11.4,24458,False,targets;fum_rec_td,PFR+RULE2PT,19721203-MIA-NWE,False,fum_rec_td,False,True,fum_rec_td,
Bob Windsor,1972,13,1972-12-10,False,NWE,NOR,A,W,17,10,,1,14,0,0,0,0,0,0,0,0,,0,1.4,2.4,24458,False,targets;fum_rec_td,PFR+RULE2PT,19721210-NWE-NOR,False,fum_rec_td,False,True,fum_rec_td,
Bob Windsor,1972,14,1972-12-17,False,NWE,DEN,A,L,21,45,,3,34,0,0,0,0,0,0,0,0,,0,3.4,6.4,24458,False,targets;fum_rec_td,PFR+RULE2PT,19721217-NWE-DEN,False,fum_rec_td,False,True,fum_rec_td,
Bob Windsor,1973,1,1973-09-16,False,NWE,BUF,H,L,13,31,,2,26,0,0,0,0,0,0,0,0,,0,2.6,4.6,24458,False,targets;fum_rec_td,PFR+RULE2PT,19730916-BUF-NWE,False,fum_rec_td,False,True,fum_rec_td,
Bob Windsor,1973,2,1973-09-23,False,NWE,KAN,H,L,7,10,,0,0,0,0,0,0,0,0,0,0,,0,0.0,0.0,24458,False,targets;fum_rec_td,PFR+RULE2PT,19730923-KAN-NWE,False,fum_rec_td,False,True,fum_rec_td,
Bob Windsor,1973,3,1973-09-30,False,NWE,MIA,A,L,23,44,,1,4,0,1,-6,0,0,0,0,0,,0,-0.2,0.8,24458,False,targets;fum_rec_td,PFR+RULE2PT,19730930-NWE-MIA,False,fum_rec_td,False,True,fum_rec_td,
Bob Windsor,1973,4,1973-10-07,False,NWE,BAL,H,W,24,16,,1,18,0,0,0,0,0,0,0,0,,0,1.8,2.8,24458,False,targets;fum_rec_td,PFR+RULE2PT,19731007-BAL-NWE,False,fum_rec_td,False,True,fum_rec_td,
Bob Windsor,1973,5,1973-10-14,False,NWE,NYJ,H,L,7,9,,1,8,0,0,0,0,0,0,0,0,,0,0.8,1.8,24458,False,targets;fum_rec_td,PFR+RULE2PT,19731014-NYJ-NWE,False,fum_rec_td,False,True,fum_rec_td,
Bob Windsor,1973,6,1973-10-21,False,NWE,CHI,A,W,13,10,,2,53,0,0,0,0,0,0,0,0,,0,5.3,7.3,24458,False,targets;fum_rec_td,PFR+RULE2PT,19731021-NWE-CHI,False,fum_rec_td,False,True,fum_rec_td,
Bob Windsor,1973,7,1973-10-28,False,NWE,MIA,H,L,14,30,,3,39,0,0,0,0,0,0,0,0,,0,3.9,6.9,24458,False,targets;fum_rec_td,PFR+RULE2PT,19731028-MIA-NWE,False,fum_rec_td,False,True,fum_rec_td,
Bob Windsor,1973,8,1973-11-04,False,NWE,PHI,A,L,23,24,,3,48,0,0,0,0,0,0,0,0,,0,4.8,7.8,24458,False,targets;fum_rec_td,PFR+RULE2PT,19731104-NWE-PHI,False,fum_rec_td,False,True,fum_rec_td,
Bob Windsor,1973,9,1973-11-11,False,NWE,NYJ,A,L,13,33,,3,49,2,0,0,0,0,0,0,0,,0,16.9,19.9,24458,False,targets;fum_rec_td,PFR+RULE2PT,19731111-NWE-NYJ,False,fum_rec_td,False,True,fum_rec_td,
Bob Windsor,1973,10,1973-11-18,False,NWE,GNB,H,W,33,24,,5,87,1,0,0,0,0,0,0,0,,0,14.7,19.7,24458,False,targets;fum_rec_td,PFR+RULE2PT,19731118-GNB-NWE,False,fum_rec_td,False,True,fum_rec_td,
Bob Windsor,1973,11,1973-11-25,False,NWE,HOU,A,W,32,0,,2,16,1,0,0,0,0,0,0,0,,0,7.6,9.6,24458,False,targets;fum_rec_td,PFR+RULE2PT,19731125-NWE-HOU,False,fum_rec_td,False,True,fum_rec_td,
Bob Windsor,1973,12,1973-12-02,False,NWE,SDG,H,W,30,14,,0,0,0,0,0,0,0,0,0,0,,0,0.0,0.0,24458,False,targets;fum_rec_td,PFR+RULE2PT,19731202-SDG-NWE,False,fum_rec_td,False,True,fum_rec_td,
Bob Windsor,1973,14,1973-12-16,False,NWE,BAL,A,L,13,18,,0,0,0,0,0,0,0,0,0,0,,0,0.0,0.0,24458,False,targets;fum_rec_td,PFR+RULE2PT,19731216-NWE-BAL,False,fum_rec_td,False,True,fum_rec_td,
Bob Windsor,1974,1,1974-09-15,False,NWE,MIA,H,W,34,24,,4,33,0,0,0,0,0,0,0,0,,0,3.3,7.3,24458,False,targets;fum_rec_td,PFR+RULE2PT,19740915-MIA-NWE,False,fum_rec_td,False,True,fum_rec_td,
Bob Windsor,1974,2,1974-09-22,False,NWE,NYG,A,W,28,20,,1,11,0,0,0,0,0,0,0,0,,0,1.1,2.1,24458,False,targets;fum_rec_td,PFR+RULE2PT,19740922-NWE-NYG,False,fum_rec_td,False,True,fum_rec_td,
Bob Windsor,1974,3,1974-09-29,False,NWE,RAM,H,W,20,14,,1,6,0,0,0,0,0,0,0,0,,0,0.6,1.6,24458,False,targets;fum_rec_td,PFR+RULE2PT,19740929-RAM-NWE,False,fum_rec_td,False,True,fum_rec_td,
Bob Windsor,1974,4,1974-10-06,False,NWE,BAL,H,W,42,3,,1,13,0,0,0,0,0,0,0,0,,0,1.3,2.3,24458,False,targets;fum_rec_td,PFR+RULE2PT,19741006-BAL-NWE,False,fum_rec_td,False,True,fum_rec_td,
Bob Windsor,1974,5,1974-10-13,False,NWE,NYJ,A,W,24,0,,1,20,0,0,0,0,0,0,0,0,,0,2.0,3.0,24458,False,targets;fum_rec_td,PFR+RULE2PT,19741013-NWE-NYJ,False,fum_rec_td,False,True,fum_rec_td,
Bob Windsor,1974,6,1974-10-20,False,NWE,BUF,A,L,28,30,,3,34,0,0,0,0,0,0,0,0,,0,3.4,6.4,24458,False,targets;fum_rec_td,PFR+RULE2PT,19741020-NWE-BUF,False,fum_rec_td,False,True,fum_rec_td,
Bob Windsor,1974,7,1974-10-27,False,NWE,MIN,A,W,17,14,,1,10,1,0,0,0,0,0,0,0,,0,7.0,8.0,24458,False,targets;fum_rec_td,PFR+RULE2PT,19741027-NWE-MIN,False,fum_rec_td,False,True,fum_rec_td,
Bob Windsor,1975,1,1975-09-21,False,NWE,HOU,H,L,0,7,,0,0,0,0,0,0,0,0,0,0,,0,0.0,0.0,24458,False,targets;fum_rec_td,PFR+RULE2PT,19750921-HOU-NWE,False,fum_rec_td,False,True,fum_rec_td,
Bob Windsor,1975,2,1975-09-28,False,NWE,MIA,H,L,14,22,,0,0,0,0,0,0,0,0,0,0,,0,0.0,0.0,24458,False,targets;fum_rec_td,PFR+RULE2PT,19750928-MIA-NWE,False,fum_rec_td,False,True,fum_rec_td,
Bob Windsor,1975,3,1975-10-05,False,NWE,NYJ,A,L,7,36,,0,0,0,0,0,0,0,0,0,0,,0,0.0,0.0,24458,False,targets;fum_rec_td,PFR+RULE2PT,19751005-NWE-NYJ,False,fum_rec_td,False,True,fum_rec_td,
Bob Windsor,1975,4,1975-10-12,False,NWE,CIN,A,L,10,27,,0,0,0,0,0,0,0,0,0,0,,0,0.0,0.0,24458,False,targets;fum_rec_td,PFR+RULE2PT,19751012-NWE-CIN,False,fum_rec_td,False,True,fum_rec_td,
Bob Windsor,1975,5,1975-10-19,False,NWE,BAL,H,W,21,10,,0,0,0,0,0,0,0,0,0,0,,0,0.0,0.0,24458,False,targets;fum_rec_td,PFR+RULE2PT,19751019-BAL-NWE,False,fum_rec_td,False,True,fum_rec_td,
Bob Windsor,1975,6,1975-10-26,False,NWE,SFO,H,W,24,16,,0,0,0,0,0,0,0,0,0,0,,0,0.0,0.0,24458,False,targets;fum_rec_td,PFR+RULE2PT,19751026-SFO-NWE,False,fum_rec_td,False,True,fum_rec_td,
Bob Windsor,1975,7,1975-11-02,False,NWE,STL,A,L,17,24,,0,0,0,0,0,0,0,0,0,0,,0,0.0,0.0,24458,False,targets;fum_rec_td,PFR+RULE2PT,19751102-NWE-STL,False,fum_rec_td,False,True,fum_rec_td,
Bob Windsor,1975,8,1975-11-09,False,NWE,SDG,A,W,33,19,,0,0,0,0,0,0,0,0,0,0,,0,0.0,0.0,24458,False,targets;fum_rec_td,PFR+RULE2PT,19751109-NWE-SDG,False,fum_rec_td,False,True,fum_rec_td,
Bob Windsor,1975,9,1975-11-16,False,NWE,DAL,H,L,31,34,,0,0,0,0,0,0,0,0,0,0,,0,0.0,0.0,24458,False,targets;fum_rec_td,PFR+RULE2PT,19751116-DAL-NWE,False,fum_rec_td,False,True,fum_rec_td,
Bob Windsor,1975,10,1975-11-23,False,NWE,BUF,A,L,31,45,,0,0,0,0,0,0,0,0,0,0,,0,0.0,0.0,24458,False,targets;fum_rec_td,PFR+RULE2PT,19751123-NWE-BUF,False,fum_rec_td,False,True,fum_rec_td,
Bob Windsor,1975,11,1975-12-01,False,NWE,MIA,A,L,7,20,,0,0,0,0,0,0,0,0,0,0,,0,0.0,0.0,24458,False,targets;fum_rec_td,PFR+RULE2PT,19751201-NWE-MIA,False,fum_rec_td,False,True,fum_rec_td,
Bob Windsor,1975,12,1975-12-07,False,NWE,NYJ,H,L,28,30,,1,8,0,0,0,0,0,0,0,0,,0,0.8,1.8,24458,False,targets;fum_rec_td,PFR+RULE2PT,19751207-NYJ-NWE,False,fum_rec_td,False,True,fum_rec_td,
Bob Windsor,1975,13,1975-12-14,False,NWE,BUF,H,L,14,34,,3,25,0,0,0,0,0,0,0,0,,0,2.5,5.5,24458,False,targets;fum_rec_td,PFR+RULE2PT,19751214-BUF-NWE,False,fum_rec_td,False,True,fum_rec_td,
Bob Windsor,1975,14,1975-12-21,False,NWE,BAL,A,L,21,34,,2,24,0,0,0,0,0,0,0,0,,0,2.4,4.4,24458,False,targets;fum_rec_td,PFR+RULE2PT,19751221-NWE-BAL,False,fum_rec_td,False,True,fum_rec_td,
Rich McGeorge,1970,1,1970-09-20,False,GNB,DET,H,L,0,40,,0,0,0,0,0,0,0,0,0,0,,0,0.0,0.0,14771,False,targets;fum_rec_td,PFR+RULE2PT,19700920-DET-GNB,False,fum_rec_td,False,True,fum_rec_td,
Rich McGeorge,1970,2,1970-09-27,False,GNB,ATL,H,W,27,24,,0,0,0,0,0,0,0,0,0,0,,0,0.0,0.0,14771,False,targets;fum_rec_td,PFR+RULE2PT,19700927-ATL-GNB,False,fum_rec_td,False,True,fum_rec_td,
Rich McGeorge,1970,3,1970-10-04,False,GNB,MIN,H,W,13,10,,0,0,0,0,0,0,0,0,0,0,,0,0.0,0.0,14771,False,targets;fum_rec_td,PFR+RULE2PT,19701004-MIN-GNB,False,fum_rec_td,False,True,fum_rec_td,
Rich McGeorge,1970,4,1970-10-12,False,GNB,SDG,A,W,22,20,,0,0,0,0,0,0,0,0,0,0,,0,0.0,0.0,14771,False,targets;fum_rec_td,PFR+RULE2PT,19701012-GNB-SDG,False,fum_rec_td,False,True,fum_rec_td,
Rich McGeorge,1970,5,1970-10-18,False,GNB,RAM,H,L,21,31,,0,0,0,0,0,0,0,0,0,0,,0,0.0,0.0,14771,False,targets;fum_rec_td,PFR+RULE2PT,19701018-RAM-GNB,False,fum_rec_td,False,True,fum_rec_td,
Rich McGeorge,1970,6,1970-10-25,False,GNB,PHI,H,W,30,17,,1,16,1,0,0,0,0,0,0,0,,0,7.6,8.6,14771,False,targets;fum_rec_td,PFR+RULE2PT,19701025-PHI-GNB,False,fum_rec_td,False,True,fum_rec_td,
Rich McGeorge,1970,7,1970-11-01,False,GNB,SFO,A,L,10,26,,0,0,0,0,0,0,0,0,0,0,,0,0.0,0.0,14771,False,targets;fum_rec_td,PFR+RULE2PT,19701101-GNB-SFO,False,fum_rec_td,False,True,fum_rec_td,
Rich McGeorge,1970,8,1970-11-09,False,GNB,BAL,H,L,10,13,,0,0,0,0,0,0,0,0,0,0,,0,0.0,0.0,14771,False,targets;fum_rec_td,PFR+RULE2PT,19701109-BAL-GNB,False,fum_rec_td,False,True,fum_rec_td,
Rich McGeorge,1970,9,1970-11-15,False,GNB,CHI,H,W,20,19,,0,0,0,0,0,0,0,0,0,0,,0,0.0,0.0,14771,False,targets;fum_rec_td,PFR+RULE2PT,19701115-CHI-GNB,False,fum_rec_td,False,True,fum_rec_td,
Rich McGeorge,1970,10,1970-11-22,False,GNB,MIN,A,L,3,10,,0,0,0,0,0,0,0,0,0,0,,0,0.0,0.0,14771,False,targets;fum_rec_td,PFR+RULE2PT,19701122-GNB-MIN,False,fum_rec_td,False,True,fum_rec_td,
Rich McGeorge,1970,11,1970-11-26,False,GNB,DAL,A,L,3,16,,0,0,0,0,0,0,0,0,0,0,,0,0.0,0.0,14771,False,targets;fum_rec_td,PFR+RULE2PT,19701126-GNB-DAL,False,fum_rec_td,False,True,fum_rec_td,
Rich McGeorge,1970,12,1970-12-06,False,GNB,PIT,A,W,20,12,,1,16,1,0,0,0,0,0,0,0,,0,7.6,8.6,14771,False,targets;fum_rec_td,PFR+RULE2PT,19701206-GNB-PIT,False,fum_rec_td,False,True,fum_rec_td,
Rich McGeorge,1970,13,1970-12-13,False,GNB,CHI,A,L,17,35,,0,0,0,1,3,0,0,0,0,0,,0,0.3,0.3,14771,False,targets;fum_rec_td,PFR+RULE2PT,19701213-GNB-CHI,False,fum_rec_td,False,True,fum_rec_td,
Rich McGeorge,1970,14,1970-12-20,False,GNB,DET,A,L,0,20,,0,0,0,0,0,0,0,0,0,0,,0,0.0,0.0,14771,False,targets;fum_rec_td,PFR+RULE2PT,19701220-GNB-DET,False,fum_rec_td,False,True,fum_rec_td,
Rich McGeorge,1971,1,1971-09-19,False,GNB,NYG,H,L,40,42,,2,34,1,0,0,0,0,0,0,0,,0,9.4,11.4,14771,False,targets;fum_rec_td,PFR+RULE2PT,19710919-NYG-GNB,False,fum_rec_td,False,True,fum_rec_td,
Rich McGeorge,1971,2,1971-09-26,False,GNB,DEN,H,W,34,13,,3,59,0,0,0,0,0,0,0,0,,0,5.9,8.9,14771,False,targets;fum_rec_td,PFR+RULE2PT,19710926-DEN-GNB,False,fum_rec_td,False,True,fum_rec_td,
Rich McGeorge,1971,3,1971-10-03,False,GNB,CIN,H,W,20,17,,1,19,1,0,0,0,0,0,0,0,,0,7.9,8.9,14771,False,targets;fum_rec_td,PFR+RULE2PT,19711003-CIN-GNB,False,fum_rec_td,False,True,fum_rec_td,
Rich McGeorge,1971,4,1971-10-10,False,GNB,DET,A,L,28,31,,3,67,1,0,0,0,0,0,0,0,,0,12.7,15.7,14771,False,targets;fum_rec_td,PFR+RULE2PT,19711010-GNB-DET,False,fum_rec_td,False,True,fum_rec_td,
Rich McGeorge,1971,5,1971-10-17,False,GNB,MIN,H,L,13,24,,1,20,0,0,0,0,0,0,0,0,,0,2.0,3.0,14771,False,targets;fum_rec_td,PFR+RULE2PT,19711017-MIN-GNB,False,fum_rec_td,False,True,fum_rec_td,
Rich McGeorge,1971,6,1971-10-24,False,GNB,RAM,A,L,13,30,,3,37,0,0,0,0,0,0,0,0,,0,3.7,6.7,14771,False,targets;fum_rec_td,PFR+RULE2PT,19711024-GNB-RAM,False,fum_rec_td,False,True,fum_rec_td,
Rich McGeorge,1971,7,1971-11-01,False,GNB,DET,H,T,14,14,,0,0,0,0,0,0,0,0,0,0,,0,0.0,0.0,14771,False,targets;fum_rec_td,PFR+RULE2PT,19711101-DET-GNB,False,fum_rec_td,False,True,fum_rec_td,
Rich McGeorge,1971,8,1971-11-07,False,GNB,CHI,A,W,17,14,,2,39,0,0,0,0,0,0,0,0,,0,3.9,5.9,14771,False,targets;fum_rec_td,PFR+RULE2PT,19711107-GNB-CHI,False,fum_rec_td,False,True,fum_rec_td,
Rich McGeorge,1971,9,1971-11-14,False,GNB,MIN,A,L,0,3,,1,4,0,0,0,0,0,0,0,0,,0,0.4,1.4,14771,False,targets;fum_rec_td,PFR+RULE2PT,19711114-GNB-MIN,False,fum_rec_td,False,True,fum_rec_td,
Rich McGeorge,1971,10,1971-11-22,False,GNB,ATL,A,L,21,28,,0,0,0,0,0,0,0,0,0,0,,0,0.0,0.0,14771,False,targets;fum_rec_td,PFR+RULE2PT,19711122-GNB-ATL,False,fum_rec_td,False,True,fum_rec_td,
Rich McGeorge,1971,11,1971-11-28,False,GNB,NOR,H,L,21,29,,3,84,1,0,0,0,0,0,0,0,,0,14.4,17.4,14771,False,targets;fum_rec_td,PFR+RULE2PT,19711128-NOR-GNB,False,fum_rec_td,False,True,fum_rec_td,
Rich McGeorge,1971,12,1971-12-05,False,GNB,STL,A,T,16,16,,2,24,0,0,0,0,0,0,0,0,,0,2.4,4.4,14771,False,targets;fum_rec_td,PFR+RULE2PT,19711205-GNB-STL,False,fum_rec_td,False,True,fum_rec_td,
Rich McGeorge,1971,13,1971-12-12,False,GNB,CHI,H,W,31,10,,1,25,0,0,0,0,0,0,0,0,,0,2.5,3.5,14771,False,targets;fum_rec_td,PFR+RULE2PT,19711212-CHI-GNB,False,fum_rec_td,False,True,fum_rec_td,
Rich McGeorge,1971,14,1971-12-19,False,GNB,MIA,A,L,6,27,,5,51,0,0,0,0,0,0,0,0,,0,5.1,10.1,14771,False,targets;fum_rec_td,PFR+RULE2PT,19711219-GNB-MIA,False,fum_rec_td,False,True,fum_rec_td,
Rich McGeorge,1972,1,1972-09-17,False,GNB,CLE,A,W,26,10,,2,25,2,0,0,0,0,0,0,0,,0,14.5,16.5,14771,False,targets;fum_rec_td,PFR+RULE2PT,19720917-GNB-CLE,False,fum_rec_td,False,True,fum_rec_td,
Rich McGeorge,1972,2,1972-09-24,False,GNB,OAK,H,L,14,20,,2,25,0,0,0,0,0,0,0,0,,0,2.5,4.5,14771,False,targets;fum_rec_td,PFR+RULE2PT,19720924-OAK-GNB,False,fum_rec_td,False,True,fum_rec_td,
Rich McGeorge,1973,1,1973-09-17,False,GNB,NYJ,H,W,23,7,,1,19,1,0,0,0,0,0,0,0,,0,7.9,8.9,14771,False,targets;fum_rec_td,PFR+RULE2PT,19730917-NYJ-GNB,False,fum_rec_td,False,True,fum_rec_td,
Rich McGeorge,1973,2,1973-09-23,False,GNB,DET,H,T,13,13,,1,10,0,0,0,0,0,0,0,0,,0,1.0,2.0,14771,False,targets;fum_rec_td,PFR+RULE2PT,19730923-DET-GNB,False,fum_rec_td,False,True,fum_rec_td,
Rich McGeorge,1973,3,1973-09-30,False,GNB,MIN,A,L,3,11,,1,10,0,0,0,0,0,0,0,0,,0,1.0,2.0,14771,False,targets;fum_rec_td,PFR+RULE2PT,19730930-GNB-MIN,False,fum_rec_td,False,True,fum_rec_td,
Rich McGeorge,1973,4,1973-10-07,False,GNB,NYG,A,W,16,14,,0,0,0,0,0,0,0,0,0,0,,0,0.0,0.0,14771,False,targets;fum_rec_td,PFR+RULE2PT,19731007-GNB-NYG,False,fum_rec_td,False,True,fum_rec_td,
Rich McGeorge,1973,5,1973-10-14,False,GNB,KAN,H,T,10,10,,1,28,0,0,0,0,0,0,0,0,,0,2.8,3.8,14771,False,targets;fum_rec_td,PFR+RULE2PT,19731014-KAN-GNB,False,fum_rec_td,False,True,fum_rec_td,
Rich McGeorge,1973,6,1973-10-21,False,GNB,RAM,A,L,7,24,,0,0,0,0,0,0,0,0,0,0,,0,0.0,0.0,14771,False,targets;fum_rec_td,PFR+RULE2PT,19731021-GNB-RAM,False,fum_rec_td,False,True,fum_rec_td,
Rich McGeorge,1973,7,1973-10-28,False,GNB,DET,A,L,0,34,,2,11,0,0,0,0,0,0,0,0,,0,1.1,3.1,14771,False,targets;fum_rec_td,PFR+RULE2PT,19731028-GNB-DET,False,fum_rec_td,False,True,fum_rec_td,
Rich McGeorge,1973,8,1973-11-04,False,GNB,CHI,H,L,17,31,,0,0,0,0,0,0,0,0,0,0,,0,0.0,0.0,14771,False,targets;fum_rec_td,PFR+RULE2PT,19731104-CHI-GNB,False,fum_rec_td,False,True,fum_rec_td,
Rich McGeorge,1973,9,1973-11-11,False,GNB,STL,H,W,25,21,,0,0,0,0,0,0,0,0,0,0,,0,0.0,0.0,14771,False,targets;fum_rec_td,PFR+RULE2PT,19731111-STL-GNB,False,fum_rec_td,False,True,fum_rec_td,
Rich McGeorge,1973,10,1973-11-18,False,GNB,NWE,A,L,24,33,,4,54,0,0,0,0,0,0,0,0,,0,5.4,9.4,14771,False,targets;fum_rec_td,PFR+RULE2PT,19731118-GNB-NWE,False,fum_rec_td,False,True,fum_rec_td,
Rich McGeorge,1973,11,1973-11-26,False,GNB,SFO,A,L,6,20,,2,41,0,0,0,0,0,0,0,0,,0,4.1,6.1,14771,False,targets;fum_rec_td,PFR+RULE2PT,19731126-GNB-SFO,False,fum_rec_td,False,True,fum_rec_td,
Rich McGeorge,1973,12,1973-12-02,False,GNB,NOR,H,W,30,10,,1,44,0,0,0,0,0,0,0,0,,0,4.4,5.4,14771,False,targets;fum_rec_td,PFR+RULE2PT,19731202-NOR-GNB,False,fum_rec_td,False,True,fum_rec_td,
Rich McGeorge,1973,13,1973-12-08,False,GNB,MIN,H,L,7,31,,3,43,0,0,0,0,0,0,0,0,,0,4.3,7.3,14771,False,targets;fum_rec_td,PFR+RULE2PT,19731208-MIN-GNB,False,fum_rec_td,False,True,fum_rec_td,
Rich McGeorge,1973,14,1973-12-16,False,GNB,CHI,A,W,21,0,,0,0,0,0,0,0,0,0,0,0,,0,0.0,0.0,14771,False,targets;fum_rec_td,PFR+RULE2PT,19731216-GNB-CHI,False,fum_rec_td,False,True,fum_rec_td,
Rich McGeorge,1974,1,1974-09-15,False,GNB,MIN,H,L,17,32,,2,14,0,0,0,0,0,0,0,0,,0,1.4,3.4,14771,False,targets;fum_rec_td,PFR+RULE2PT,19740915-MIN-GNB,False,fum_rec_td,False,True,fum_rec_td,
Rich McGeorge,1974,2,1974-09-22,False,GNB,BAL,A,W,20,13,,0,0,0,0,0,0,0,0,0,0,,0,0.0,0.0,14771,False,targets;fum_rec_td,PFR+RULE2PT,19740922-GNB-BAL,False,fum_rec_td,False,True,fum_rec_td,
Rich McGeorge,1974,3,1974-09-29,False,GNB,DET,H,W,21,19,,4,63,0,0,0,0,0,0,0,0,,0,6.3,10.3,14771,False,targets;fum_rec_td,PFR+RULE2PT,19740929-DET-GNB,False,fum_rec_td,False,True,fum_rec_td,
Rich McGeorge,1974,4,1974-10-06,False,GNB,BUF,H,L,7,27,,4,32,0,0,0,0,0,0,0,0,,0,3.2,7.2,14771,False,targets;fum_rec_td,PFR+RULE2PT,19741006-BUF-GNB,False,fum_rec_td,False,True,fum_rec_td,
Rich McGeorge,1974,5,1974-10-13,False,GNB,RAM,H,W,17,6,,0,0,0,0,0,0,0,0,0,0,,0,0.0,0.0,14771,False,targets;fum_rec_td,PFR+RULE2PT,19741013-RAM-GNB,False,fum_rec_td,False,True,fum_rec_td,
Rich McGeorge,1974,6,1974-10-21,False,GNB,CHI,A,L,9,10,,4,55,0,0,0,0,0,0,0,0,,0,5.5,9.5,14771,False,targets;fum_rec_td,PFR+RULE2PT,19741021-GNB-CHI,False,fum_rec_td,False,True,fum_rec_td,
Rich McGeorge,1974,7,1974-10-27,False,GNB,DET,A,L,17,19,,2,35,0,0,0,0,0,0,0,0,,0,3.5,5.5,14771,False,targets;fum_rec_td,PFR+RULE2PT,19741027-GNB-DET,False,fum_rec_td,False,True,fum_rec_td,
Rich McGeorge,1974,8,1974-11-03,False,GNB,WAS,H,L,6,17,,2,25,0,0,0,0,0,0,0,0,,0,2.5,4.5,14771,False,targets;fum_rec_td,PFR+RULE2PT,19741103-WAS-GNB,False,fum_rec_td,False,True,fum_rec_td,
Rich McGeorge,1974,9,1974-11-10,False,GNB,CHI,H,W,20,3,,1,4,0,0,0,0,0,0,0,0,,0,0.4,1.4,14771,False,targets;fum_rec_td,PFR+RULE2PT,19741110-CHI-GNB,False,fum_rec_td,False,True,fum_rec_td,
Rich McGeorge,1974,10,1974-11-17,False,GNB,MIN,A,W,19,7,,1,20,0,0,0,0,0,0,0,0,,0,2.0,3.0,14771,False,targets;fum_rec_td,PFR+RULE2PT,19741117-GNB-MIN,False,fum_rec_td,False,True,fum_rec_td,
Rich McGeorge,1974,11,1974-11-24,False,GNB,SDG,H,W,34,0,,0,0,0,0,0,0,0,0,0,0,,0,0.0,0.0,14771,False,targets;fum_rec_td,PFR+RULE2PT,19741124-SDG-GNB,False,fum_rec_td,False,True,fum_rec_td,
Rich McGeorge,1974,12,1974-12-01,False,GNB,PHI,A,L,14,36,,4,99,0,0,0,0,0,0,0,0,,0,9.9,13.9,14771,False,targets;fum_rec_td,PFR+RULE2PT,19741201-GNB-PHI,False,fum_rec_td,False,True,fum_rec_td,
Rich McGeorge,1974,13,1974-12-08,False,GNB,SFO,A,L,6,7,,4,55,0,0,0,0,0,0,0,0,,0,5.5,9.5,14771,False,targets;fum_rec_td,PFR+RULE2PT,19741208-GNB-SFO,False,fum_rec_td,False,True,fum_rec_td,
Rich McGeorge,1974,14,1974-12-15,False,GNB,ATL,A,L,3,10,,2,38,0,0,0,0,0,0,0,0,,0,3.8,5.8,14771,False,targets;fum_rec_td,PFR+RULE2PT,19741215-GNB-ATL,False,fum_rec_td,False,True,fum_rec_td,
Rich McGeorge,1975,1,1975-09-21,False,GNB,DET,H,L,16,30,,2,43,0,0,0,0,0,0,0,0,,0,4.3,6.3,14771,False,targets;fum_rec_td,PFR+RULE2PT,19750921-DET-GNB,False,fum_rec_td,False,True,fum_rec_td,
Rich McGeorge,1975,2,1975-09-29,False,GNB,DEN,A,L,13,23,,4,36,0,0,0,0,0,0,0,0,,0,3.6,7.6,14771,False,targets;fum_rec_td,PFR+RULE2PT,19750929-GNB-DEN,False,fum_rec_td,False,True,fum_rec_td,
Rich McGeorge,1975,3,1975-10-05,False,GNB,MIA,H,L,7,31,,4,79,0,0,0,0,0,0,0,0,,0,7.9,11.9,14771,False,targets;fum_rec_td,PFR+RULE2PT,19751005-MIA-GNB,False,fum_rec_td,False,True,fum_rec_td,
Rich McGeorge,1975,4,1975-10-12,False,GNB,NOR,A,L,19,20,,2,25,0,0,0,0,0,0,0,0,,0,2.5,4.5,14771,False,targets;fum_rec_td,PFR+RULE2PT,19751012-GNB-NOR,False,fum_rec_td,False,True,fum_rec_td,
Rich McGeorge,1975,5,1975-10-19,False,GNB,DAL,A,W,19,17,,4,80,1,0,0,0,0,0,0,0,,0,14.0,18.0,14771,False,targets;fum_rec_td,PFR+RULE2PT,19751019-GNB-DAL,False,fum_rec_td,False,True,fum_rec_td,
Rich McGeorge,1975,6,1975-10-26,False,GNB,PIT,H,L,13,16,,2,9,0,0,0,0,0,0,0,0,,0,0.9,2.9,14771,False,targets;fum_rec_td,PFR+RULE2PT,19751026-PIT-GNB,False,fum_rec_td,False,True,fum_rec_td,
Rich McGeorge,1975,7,1975-11-02,False,GNB,MIN,H,L,17,28,,2,15,0,0,0,0,0,0,0,0,,0,1.5,3.5,14771,False,targets;fum_rec_td,PFR+RULE2PT,19751102-MIN-GNB,False,fum_rec_td,False,True,fum_rec_td,
Rich McGeorge,1975,8,1975-11-09,False,GNB,CHI,A,L,14,27,,1,21,0,0,0,0,0,0,0,0,,0,2.1,3.1,14771,False,targets;fum_rec_td,PFR+RULE2PT,19751109-GNB-CHI,False,fum_rec_td,False,True,fum_rec_td,
Rich McGeorge,1975,9,1975-11-16,False,GNB,DET,A,L,10,13,,1,14,0,0,0,0,0,0,0,0,,0,1.4,2.4,14771,False,targets;fum_rec_td,PFR+RULE2PT,19751116-GNB-DET,False,fum_rec_td,False,True,fum_rec_td,
Rich McGeorge,1975,10,1975-11-23,False,GNB,NYG,H,W,40,14,,1,9,0,0,0,0,0,0,0,0,,0,0.9,1.9,14771,False,targets;fum_rec_td,PFR+RULE2PT,19751123-NYG-GNB,False,fum_rec_td,False,True,fum_rec_td,
Rich McGeorge,1975,11,1975-11-30,False,GNB,CHI,H,W,28,7,,2,25,0,0,0,0,0,0,0,0,,0,2.5,4.5,14771,False,targets;fum_rec_td,PFR+RULE2PT,19751130-CHI-GNB,False,fum_rec_td,False,True,fum_rec_td,
Rich McGeorge,1975,12,1975-12-07,False,GNB,MIN,A,L,3,24,,3,47,0,0,0,0,0,0,0,0,,0,4.7,7.7,14771,False,targets;fum_rec_td,PFR+RULE2PT,19751207-GNB-MIN,False,fum_rec_td,False,True,fum_rec_td,
Rich McGeorge,1975,13,1975-12-14,False,GNB,RAM,A,L,5,22,,1,9,0,0,0,0,0,0,0,0,,0,0.9,1.9,14771,False,targets;fum_rec_td,PFR+RULE2PT,19751214-GNB-RAM,False,fum_rec_td,False,True,fum_rec_td,
Rich McGeorge,1975,14,1975-12-21,False,GNB,ATL,H,W,22,13,,3,46,0,0,0,0,0,0,0,0,,0,4.6,7.6,14771,False,targets;fum_rec_td,PFR+RULE2PT,19751221-ATL-GNB,False,fum_rec_td,False,True,fum_rec_td,
Rich McGeorge,1976,1,1976-09-12,False,GNB,SFO,H,L,14,26,,1,9,0,0,0,0,0,0,0,0,,0,0.9,1.9,14771,False,targets;fum_rec_td,PFR+RULE2PT,19760912-SFO-GNB,False,fum_rec_td,False,True,fum_rec_td,
Rich McGeorge,1976,2,1976-09-19,False,GNB,STL,A,L,0,29,,2,14,0,0,0,0,0,0,0,0,,0,1.4,3.4,14771,False,targets;fum_rec_td,PFR+RULE2PT,19760919-GNB-STL,False,fum_rec_td,False,True,fum_rec_td,
Rich McGeorge,1976,3,1976-09-26,False,GNB,CIN,A,L,7,28,,2,28,0,0,0,0,0,0,0,0,,0,2.8,4.8,14771,False,targets;fum_rec_td,PFR+RULE2PT,19760926-GNB-CIN,False,fum_rec_td,False,True,fum_rec_td,
Rich McGeorge,1976,4,1976-10-03,False,GNB,DET,H,W,24,14,,0,0,0,0,0,0,0,0,0,0,,0,0.0,0.0,14771,False,targets;fum_rec_td,PFR+RULE2PT,19761003-DET-GNB,False,fum_rec_td,False,True,fum_rec_td,
Rich McGeorge,1976,5,1976-10-10,False,GNB,SEA,H,W,27,20,,0,0,0,0,0,0,0,0,0,0,,0,0.0,0.0,14771,False,targets;fum_rec_td,PFR+RULE2PT,19761010-SEA-GNB,False,fum_rec_td,False,True,fum_rec_td,
Rich McGeorge,1976,6,1976-10-17,False,GNB,PHI,H,W,28,13,,1,3,0,0,0,0,0,0,0,0,,0,0.3,1.3,14771,False,targets;fum_rec_td,PFR+RULE2PT,19761017-PHI-GNB,False,fum_rec_td,False,True,fum_rec_td,
Rich McGeorge,1976,7,1976-10-24,False,GNB,OAK,A,L,14,18,,3,31,0,0,0,0,0,0,0,0,,0,3.1,6.1,14771,False,targets;fum_rec_td,PFR+RULE2PT,19761024-GNB-OAK,False,fum_rec_td,False,True,fum_rec_td,
Rich McGeorge,1976,8,1976-10-31,False,GNB,DET,A,L,6,27,,4,29,0,0,0,0,0,0,0,0,,0,2.9,6.9,14771,False,targets;fum_rec_td,PFR+RULE2PT,19761031-GNB-DET,False,fum_rec_td,False,True,fum_rec_td,
Rich McGeorge,1976,9,1976-11-07,False,GNB,NOR,H,W,32,27,,2,48,1,0,0,0,0,0,0,0,,0,10.8,12.8,14771,False,targets;fum_rec_td,PFR+RULE2PT,19761107-NOR-GNB,False,fum_rec_td,False,True,fum_rec_td,
Rich McGeorge,1976,10,1976-11-14,False,GNB,CHI,A,L,13,24,,1,6,0,0,0,0,0,0,0,0,,0,0.6,1.6,14771,False,targets;fum_rec_td,PFR+RULE2PT,19761114-GNB-CHI,False,fum_rec_td,False,True,fum_rec_td,
Rich McGeorge,1976,11,1976-11-21,False,GNB,MIN,H,L,10,17,,1,7,0,0,0,0,0,0,0,0,,0,0.7,1.7,14771,False,targets;fum_rec_td,PFR+RULE2PT,19761121-MIN-GNB,False,fum_rec_td,False,True,fum_rec_td,
Rich McGeorge,1976,12,1976-11-28,False,GNB,CHI,H,L,10,16,,2,40,0,0,0,0,0,0,0,0,,0,4.0,6.0,14771,False,targets;fum_rec_td,PFR+RULE2PT,19761128-CHI-GNB,False,fum_rec_td,False,True,fum_rec_td,
Rich McGeorge,1976,13,1976-12-05,False,GNB,MIN,A,L,9,20,,3,46,0,0,0,0,0,0,0,0,,0,4.6,7.6,14771,False,targets;fum_rec_td,PFR+RULE2PT,19761205-GNB-MIN,False,fum_rec_td,False,True,fum_rec_td,
Rich McGeorge,1976,14,1976-12-12,False,GNB,ATL,A,W,24,20,,2,17,0,0,0,0,0,0,0,0,,0,1.7,3.7,14771,False,targets;fum_rec_td,PFR+RULE2PT,19761212-GNB-ATL,False,fum_rec_td,False,True,fum_rec_td,
Rich McGeorge,1977,1,1977-09-18,False,GNB,NOR,A,W,24,20,,0,0,0,0,0,0,0,0,0,0,,0,0.0,0.0,14771,False,targets;fum_rec_td,PFR+RULE2PT,19770918-GNB-NOR,False,fum_rec_td,False,True,fum_rec_td,
Rich McGeorge,1977,2,1977-09-25,False,GNB,HOU,H,L,10,16,,3,43,0,0,0,0,0,0,0,0,,0,4.3,7.3,14771,False,targets;fum_rec_td,PFR+RULE2PT,19770925-HOU-GNB,False,fum_rec_td,False,True,fum_rec_td,
Rich McGeorge,1977,3,1977-10-02,False,GNB,MIN,A,L,7,19,,0,0,0,0,0,0,0,0,0,0,,0,0.0,0.0,14771,False,targets;fum_rec_td,PFR+RULE2PT,19771002-GNB-MIN,False,fum_rec_td,False,True,fum_rec_td,
Rich McGeorge,1977,4,1977-10-09,False,GNB,CIN,H,L,7,17,,3,24,0,0,0,0,0,0,0,0,,0,2.4,5.4,14771,False,targets;fum_rec_td,PFR+RULE2PT,19771009-CIN-GNB,False,fum_rec_td,False,True,fum_rec_td,
Rich McGeorge,1977,5,1977-10-16,False,GNB,DET,A,L,6,10,,1,9,0,0,0,0,0,0,0,0,,0,0.9,1.9,14771,False,targets;fum_rec_td,PFR+RULE2PT,19771016-GNB-DET,False,fum_rec_td,False,True,fum_rec_td,
Rich McGeorge,1977,6,1977-10-23,False,GNB,TAM,A,W,13,0,,3,16,0,0,0,0,0,0,0,0,,0,1.6,4.6,14771,False,targets;fum_rec_td,PFR+RULE2PT,19771023-GNB-TAM,False,fum_rec_td,False,True,fum_rec_td,
Rich McGeorge,1977,7,1977-10-30,False,GNB,CHI,H,L,0,26,,1,5,0,0,0,0,0,0,0,0,,0,0.5,1.5,14771,False,targets;fum_rec_td,PFR+RULE2PT,19771030-CHI-GNB,False,fum_rec_td,False,True,fum_rec_td,
Rich McGeorge,1977,8,1977-11-06,False,GNB,KAN,A,L,10,20,,0,0,0,0,0,0,0,0,0,0,,0,0.0,0.0,14771,False,targets;fum_rec_td,PFR+RULE2PT,19771106-GNB-KAN,False,fum_rec_td,False,True,fum_rec_td,
Rich McGeorge,1977,9,1977-11-13,False,GNB,RAM,H,L,6,24,,2,11,0,0,0,0,0,0,0,0,,0,1.1,3.1,14771,False,targets;fum_rec_td,PFR+RULE2PT,19771113-RAM-GNB,False,fum_rec_td,False,True,fum_rec_td,
Rich McGeorge,1977,10,1977-11-21,False,GNB,WAS,A,L,9,10,,0,0,0,0,0,0,0,0,0,0,,0,0.0,0.0,14771,False,targets;fum_rec_td,PFR+RULE2PT,19771121-GNB-WAS,False,fum_rec_td,False,True,fum_rec_td,
Rich McGeorge,1977,11,1977-11-27,False,GNB,MIN,H,L,6,13,,1,3,0,0,0,0,0,0,0,0,,0,0.3,1.3,14771,False,targets;fum_rec_td,PFR+RULE2PT,19771127-MIN-GNB,False,fum_rec_td,False,True,fum_rec_td,
Rich McGeorge,1977,12,1977-12-04,False,GNB,DET,H,W,10,9,,0,0,0,0,0,0,0,0,0,0,,0,0.0,0.0,14771,False,targets;fum_rec_td,PFR+RULE2PT,19771204-DET-GNB,False,fum_rec_td,False,True,fum_rec_td,
Rich McGeorge,1977,13,1977-12-11,False,GNB,CHI,A,L,10,21,,0,0,0,0,0,0,0,0,0,0,,0,0.0,0.0,14771,False,targets;fum_rec_td,PFR+RULE2PT,19771211-GNB-CHI,False,fum_rec_td,False,True,fum_rec_td,
Rich McGeorge,1977,14,1977-12-18,False,GNB,SFO,H,W,16,14,,3,31,1,0,0,0,0,0,0,0,,0,9.1,12.1,14771,False,targets;fum_rec_td,PFR+RULE2PT,19771218-SFO-GNB,False,fum_rec_td,False,True,fum_rec_td,
Rich McGeorge,1978,1,1978-09-03,False,GNB,DET,A,W,13,7,,0,0,0,0,0,0,0,0,0,0,,0,0.0,0.0,14771,False,targets;fum_rec_td,PFR+RULE2PT,19780903-GNB-DET,False,fum_rec_td,False,True,fum_rec_td,
Rich McGeorge,1978,2,1978-09-10,False,GNB,NOR,H,W,28,17,,1,9,1,0,0,0,0,0,0,0,,0,6.9,7.9,14771,False,targets;fum_rec_td,PFR+RULE2PT,19780910-NOR-GNB,False,fum_rec_td,False,True,fum_rec_td,
Rich McGeorge,1978,3,1978-09-17,False,GNB,OAK,H,L,3,28,,0,0,0,0,0,0,0,0,0,0,,0,0.0,0.0,14771,False,targets;fum_rec_td,PFR+RULE2PT,19780917-OAK-GNB,False,fum_rec_td,False,True,fum_rec_td,
Rich McGeorge,1978,4,1978-09-24,False,GNB,SDG,A,W,24,3,,1,10,0,0,0,0,0,0,0,0,,0,1.0,2.0,14771,False,targets;fum_rec_td,PFR+RULE2PT,19780924-GNB-SDG,False,fum_rec_td,False,True,fum_rec_td,
Rich McGeorge,1978,5,1978-10-01,False,GNB,DET,H,W,35,14,,2,19,0,0,0,0,0,0,0,0,,0,1.9,3.9,14771,False,targets;fum_rec_td,PFR+RULE2PT,19781001-DET-GNB,False,fum_rec_td,False,True,fum_rec_td,
Rich McGeorge,1978,6,1978-10-08,False,GNB,CHI,H,W,24,14,,0,0,0,0,0,0,0,0,0,0,,0,0.0,0.0,14771,False,targets;fum_rec_td,PFR+RULE2PT,19781008-CHI-GNB,False,fum_rec_td,False,True,fum_rec_td,
Rich McGeorge,1978,7,1978-10-15,False,GNB,SEA,H,W,45,28,,1,7,0,0,0,0,0,0,0,0,,0,0.7,1.7,14771,False,targets;fum_rec_td,PFR+RULE2PT,19781015-SEA-GNB,False,fum_rec_td,False,True,fum_rec_td,
Rich McGeorge,1978,8,1978-10-22,False,GNB,MIN,A,L,7,21,,4,40,0,0,0,0,0,0,0,0,,0,4.0,8.0,14771,False,targets;fum_rec_td,PFR+RULE2PT,19781022-GNB-MIN,False,fum_rec_td,False,True,fum_rec_td,
Rich McGeorge,1978,9,1978-10-29,False,GNB,TAM,H,W,9,7,,0,0,0,0,0,0,0,0,0,0,,0,0.0,0.0,14771,False,targets;fum_rec_td,PFR+RULE2PT,19781029-TAM-GNB,False,fum_rec_td,False,True,fum_rec_td,
Rich McGeorge,1978,10,1978-11-05,False,GNB,PHI,A,L,3,10,,1,5,0,0,0,0,0,0,0,0,,0,0.5,1.5,14771,False,targets;fum_rec_td,PFR+RULE2PT,19781105-GNB-PHI,False,fum_rec_td,False,True,fum_rec_td,
Rich McGeorge,1978,11,1978-11-12,False,GNB,DAL,H,L,14,42,,3,41,0,0,0,0,0,0,0,0,,0,4.1,7.1,14771,False,targets;fum_rec_td,PFR+RULE2PT,19781112-DAL-GNB,False,fum_rec_td,False,True,fum_rec_td,
Rich McGeorge,1978,12,1978-11-19,False,GNB,DEN,A,L,3,16,,2,30,0,0,0,0,0,0,0,0,,0,3.0,5.0,14771,False,targets;fum_rec_td,PFR+RULE2PT,19781119-GNB-DEN,False,fum_rec_td,False,True,fum_rec_td,
Rich McGeorge,1978,13,1978-11-26,False,GNB,MIN,H,T,10,10,,3,35,0,0,0,0,0,0,0,0,,0,3.5,6.5,14771,False,targets;fum_rec_td,PFR+RULE2PT,19781126-MIN-GNB,False,fum_rec_td,False,True,fum_rec_td,
Rich McGeorge,1978,14,1978-12-03,False,GNB,TAM,A,W,17,7,,1,5,0,0,0,0,0,0,0,0,,0,0.5,1.5,14771,False,targets;fum_rec_td,PFR+RULE2PT,19781203-GNB-TAM,False,fum_rec_td,False,True,fum_rec_td,
Rich McGeorge,1978,15,1978-12-10,False,GNB,CHI,A,L,0,14,,0,0,0,0,0,0,0,0,0,0,,0,0.0,0.0,14771,False,targets;fum_rec_td,PFR+RULE2PT,19781210-GNB-CHI,False,fum_rec_td,False,True,fum_rec_td,
Rich McGeorge,1978,16,1978-12-17,False,GNB,RAM,A,L,14,31,,4,46,0,0,0,0,0,0,0,0,,0,4.6,8.6,14771,False,targets;fum_rec_td,PFR+RULE2PT,19781217-GNB-RAM,False,fum_rec_td,False,True,fum_rec_td,
Ray Poage,1970,1,1970-09-20,False,NOR,ATL,H,L,3,14,,2,10,0,0,0,0,0,0,0,0,,0,1.0,3.0,17709,False,targets;fum_rec_td,PFR+RULE2PT,19700920-ATL-NOR,False,fum_rec_td,False,True,fum_rec_td,
Ray Poage,1970,2,1970-09-27,False,NOR,MIN,A,L,0,26,,0,0,0,0,0,0,0,0,0,0,,0,0.0,0.0,17709,False,targets;fum_rec_td,PFR+RULE2PT,19700927-NOR-MIN,False,fum_rec_td,False,True,fum_rec_td,
Ray Poage,1970,3,1970-10-04,False,NOR,NYG,H,W,14,10,,0,0,0,0,0,0,0,0,0,0,,0,0.0,0.0,17709,False,targets;fum_rec_td,PFR+RULE2PT,19701004-NYG-NOR,False,fum_rec_td,False,True,fum_rec_td,
Ray Poage,1970,4,1970-10-11,False,NOR,STL,A,L,17,24,,1,24,0,0,0,0,0,0,0,0,,0,2.4,3.4,17709,False,targets;fum_rec_td,PFR+RULE2PT,19701011-NOR-STL,False,fum_rec_td,False,True,fum_rec_td,
Ray Poage,1970,7,1970-11-01,False,NOR,RAM,H,L,17,30,,2,41,1,0,0,0,0,0,0,0,,0,10.1,12.1,17709,False,targets;fum_rec_td,PFR+RULE2PT,19701101-RAM-NOR,False,fum_rec_td,False,True,fum_rec_td,
Ray Poage,1970,8,1970-11-08,False,NOR,DET,H,W,19,17,,2,15,0,0,0,0,0,0,0,0,,0,1.5,3.5,17709,False,targets;fum_rec_td,PFR+RULE2PT,19701108-DET-NOR,False,fum_rec_td,False,True,fum_rec_td,
Ray Poage,1970,9,1970-11-15,False,NOR,MIA,A,L,10,21,,2,34,0,1,13,0,0,0,0,0,,0,4.7,6.7,17709,False,targets;fum_rec_td,PFR+RULE2PT,19701115-NOR-MIA,False,fum_rec_td,False,True,fum_rec_td,
Ray Poage,1970,10,1970-11-22,False,NOR,DEN,H,L,6,31,,0,0,0,0,0,0,0,0,0,0,,0,0.0,0.0,17709,False,targets;fum_rec_td,PFR+RULE2PT,19701122-DEN-NOR,False,fum_rec_td,False,True,fum_rec_td,
Ray Poage,1970,11,1970-11-29,False,NOR,CIN,A,L,6,26,,4,41,0,0,0,0,0,0,0,0,,0,4.1,8.1,17709,False,targets;fum_rec_td,PFR+RULE2PT,19701129-NOR-CIN,False,fum_rec_td,False,True,fum_rec_td,
Ray Poage,1970,12,1970-12-06,False,NOR,RAM,A,L,16,34,,1,-7,0,0,0,0,0,0,0,0,,0,-0.7,0.3,17709,False,targets;fum_rec_td,PFR+RULE2PT,19701206-NOR-RAM,False,fum_rec_td,False,True,fum_rec_td,
Ray Poage,1970,13,1970-12-13,False,NOR,SFO,H,L,27,38,,1,8,0,0,0,0,0,0,0,0,,0,0.8,1.8,17709,False,targets;fum_rec_td,PFR+RULE2PT,19701213-SFO-NOR,False,fum_rec_td,False,True,fum_rec_td,
Ray Poage,1970,14,1970-12-20,False,NOR,CHI,H,L,3,24,,0,0,0,0,0,0,0,0,0,0,,0,0.0,0.0,17709,False,targets;fum_rec_td,PFR+RULE2PT,19701220-CHI-NOR,False,fum_rec_td,False,True,fum_rec_td,
Ray Poage,1971,1,1971-09-19,False,ATL,SFO,H,W,20,17,,0,0,0,0,0,0,0,0,0,0,,0,0.0,0.0,17709,False,targets;fum_rec_td,PFR+RULE2PT,19710919-SFO-ATL,False,fum_rec_td,False,True,fum_rec_td,
Ray Poage,1971,2,1971-09-26,False,ATL,RAM,A,T,20,20,,0,0,0,0,0,0,0,0,0,0,,0,0.0,0.0,17709,False,targets;fum_rec_td,PFR+RULE2PT,19710926-ATL-RAM,False,fum_rec_td,False,True,fum_rec_td,
Ray Poage,1971,3,1971-10-03,False,ATL,DET,A,L,38,41,,0,0,0,0,0,0,0,0,0,0,,0,0.0,0.0,17709,False,targets;fum_rec_td,PFR+RULE2PT,19711003-ATL-DET,False,fum_rec_td,False,True,fum_rec_td,
Ray Poage,1971,4,1971-10-10,False,ATL,STL,H,L,9,26,,4,71,0,0,0,0,0,0,0,0,,0,7.1,11.1,17709,False,targets;fum_rec_td,PFR+RULE2PT,19711010-STL-ATL,False,fum_rec_td,False,True,fum_rec_td,
Stu Voigt,1970,11,1970-11-29,False,MIN,NYJ,A,L,10,20,,0,0,0,0,0,0,0,0,0,0,,0,0.0,0.0,22983,False,targets;fum_rec_td,PFR+RULE2PT,19701129-MIN-NYJ,False,fum_rec_td,False,True,fum_rec_td,
Stu Voigt,1970,12,1970-12-05,False,MIN,CHI,H,W,16,13,,0,0,0,0,0,0,0,0,0,0,,0,0.0,0.0,22983,False,targets;fum_rec_td,PFR+RULE2PT,19701205-CHI-MIN,False,fum_rec_td,False,True,fum_rec_td,
Stu Voigt,1970,13,1970-12-13,False,MIN,BOS,A,W,35,14,,0,0,0,0,0,0,0,0,0,0,,0,0.0,0.0,22983,False,targets;fum_rec_td,PFR+RULE2PT,19701213-MIN-BOS,False,fum_rec_td,False,True,fum_rec_td,
Stu Voigt,1971,1,1971-09-20,False,MIN,DET,A,W,16,13,,3,32,0,0,0,0,0,0,0,0,,0,3.2,6.2,22983,False,targets;fum_rec_td,PFR+RULE2PT,19710920-MIN-DET,False,fum_rec_td,False,True,fum_rec_td,
Stu Voigt,1971,2,1971-09-26,False,MIN,CHI,H,L,17,20,,2,44,0,0,0,0,0,0,0,0,,0,4.4,6.4,22983,False,targets;fum_rec_td,PFR+RULE2PT,19710926-CHI-MIN,False,fum_rec_td,False,True,fum_rec_td,
Stu Voigt,1971,3,1971-10-03,False,MIN,BUF,H,W,19,0,,2,23,0,0,0,0,0,0,0,0,,0,2.3,4.3,22983,False,targets;fum_rec_td,PFR+RULE2PT,19711003-BUF-MIN,False,fum_rec_td,False,True,fum_rec_td,
Stu Voigt,1971,4,1971-10-10,False,MIN,PHI,A,W,13,0,,2,21,0,0,0,0,0,0,0,0,,0,2.1,4.1,22983,False,targets;fum_rec_td,PFR+RULE2PT,19711010-MIN-PHI,False,fum_rec_td,False,True,fum_rec_td,
Stu Voigt,1971,5,1971-10-17,False,MIN,GNB,A,W,24,13,,1,8,1,0,0,0,0,0,0,0,,0,6.8,7.8,22983,False,targets;fum_rec_td,PFR+RULE2PT,19711017-MIN-GNB,False,fum_rec_td,False,True,fum_rec_td,
Stu Voigt,1971,6,1971-10-25,False,MIN,BAL,H,W,10,3,,3,60,0,0,0,0,0,0,0,0,,0,6.0,9.0,22983,False,targets;fum_rec_td,PFR+RULE2PT,19711025-BAL-MIN,False,fum_rec_td,False,True,fum_rec_td,
Stu Voigt,1971,7,1971-10-31,False,MIN,NYG,A,W,17,10,,1,3,0,0,0,0,0,0,0,0,,0,0.3,1.3,22983,False,targets;fum_rec_td,PFR+RULE2PT,19711031-MIN-NYG,False,fum_rec_td,False,True,fum_rec_td,
Stu Voigt,1971,10,1971-11-21,False,MIN,NOR,A,W,23,10,,1,23,0,0,0,0,0,0,0,0,,0,2.3,3.3,22983,False,targets;fum_rec_td,PFR+RULE2PT,19711121-MIN-NOR,False,fum_rec_td,False,True,fum_rec_td,
Stu Voigt,1971,11,1971-11-28,False,MIN,ATL,H,W,24,7,,0,0,0,0,0,0,0,0,0,0,,0,0.0,0.0,22983,False,targets;fum_rec_td,PFR+RULE2PT,19711128-ATL-MIN,False,fum_rec_td,False,True,fum_rec_td,
Stu Voigt,1971,12,1971-12-05,False,MIN,SDG,A,L,14,30,,0,0,0,0,0,0,0,0,0,0,,0,0.0,0.0,22983,False,targets;fum_rec_td,PFR+RULE2PT,19711205-MIN-SDG,False,fum_rec_td,False,True,fum_rec_td,
Stu Voigt,1971,13,1971-12-11,False,MIN,DET,H,W,29,10,,0,0,0,0,0,0,0,0,0,0,,0,0.0,0.0,22983,False,targets;fum_rec_td,PFR+RULE2PT,19711211-DET-MIN,False,fum_rec_td,False,True,fum_rec_td,
Stu Voigt,1971,14,1971-12-19,False,MIN,CHI,A,W,27,10,,0,0,0,0,0,0,0,0,0,0,,0,0.0,0.0,22983,False,targets;fum_rec_td,PFR+RULE2PT,19711219-MIN-CHI,False,fum_rec_td,False,True,fum_rec_td,
Stu Voigt,1971,15,1971-12-25,True,MIN,DAL,H,L,12,20,,4,46,1,0,0,0,0,0,0,0,,0,10.6,14.6,22983,False,targets;fum_rec_td,PFR+RULE2PT,19711225-DAL-MIN,False,fum_rec_td,False,True,fum_rec_td,
Stu Voigt,1972,1,1972-09-18,False,MIN,WAS,H,L,21,24,,0,0,0,0,0,0,0,0,0,0,,0,0.0,0.0,22983,False,targets;fum_rec_td,PFR+RULE2PT,19720918-WAS-MIN,False,fum_rec_td,False,True,fum_rec_td,
Stu Voigt,1972,2,1972-09-24,False,MIN,DET,A,W,34,10,,0,0,0,0,0,0,0,0,0,0,,0,0.0,0.0,22983,False,targets;fum_rec_td,PFR+RULE2PT,19720924-MIN-DET,False,fum_rec_td,False,True,fum_rec_td,
Stu Voigt,1972,3,1972-10-01,False,MIN,MIA,H,L,14,16,,0,0,0,0,0,0,0,0,0,0,,0,0.0,0.0,22983,False,targets;fum_rec_td,PFR+RULE2PT,19721001-MIA-MIN,False,fum_rec_td,False,True,fum_rec_td,
Stu Voigt,1972,4,1972-10-08,False,MIN,STL,H,L,17,19,,0,0,0,0,0,0,0,0,0,0,,0,0.0,0.0,22983,False,targets;fum_rec_td,PFR+RULE2PT,19721008-STL-MIN,False,fum_rec_td,False,True,fum_rec_td,
Stu Voigt,1972,5,1972-10-15,False,MIN,DEN,A,W,23,20,,0,0,0,0,0,0,0,0,0,0,,0,0.0,0.0,22983,False,targets;fum_rec_td,PFR+RULE2PT,19721015-MIN-DEN,False,fum_rec_td,False,True,fum_rec_td,
Stu Voigt,1972,6,1972-10-23,False,MIN,CHI,A,L,10,13,,0,0,0,0,0,0,0,0,0,0,,0,0.0,0.0,22983,False,targets;fum_rec_td,PFR+RULE2PT,19721023-MIN-CHI,False,fum_rec_td,False,True,fum_rec_td,
Stu Voigt,1972,7,1972-10-29,False,MIN,GNB,A,W,27,13,,3,31,0,0,0,0,0,0,0,0,,0,3.1,6.1,22983,False,targets;fum_rec_td,PFR+RULE2PT,19721029-MIN-GNB,False,fum_rec_td,False,True,fum_rec_td,
Stu Voigt,1972,8,1972-11-05,False,MIN,NOR,H,W,37,6,,0,0,0,0,0,0,0,0,0,0,,0,0.0,0.0,22983,False,targets;fum_rec_td,PFR+RULE2PT,19721105-NOR-MIN,False,fum_rec_td,False,True,fum_rec_td,
Stu Voigt,1972,9,1972-11-12,False,MIN,DET,H,W,16,14,,0,0,0,0,0,0,0,0,0,0,,0,0.0,0.0,22983,False,targets;fum_rec_td,PFR+RULE2PT,19721112-DET-MIN,False,fum_rec_td,False,True,fum_rec_td,
Stu Voigt,1972,10,1972-11-19,False,MIN,RAM,A,W,45,41,,0,0,0,0,0,0,0,0,0,0,,0,0.0,0.0,22983,False,targets;fum_rec_td,PFR+RULE2PT,19721119-MIN-RAM,False,fum_rec_td,False,True,fum_rec_td,
Stu Voigt,1972,11,1972-11-26,False,MIN,PIT,A,L,10,23,,3,19,1,0,0,0,0,0,0,0,,0,7.9,10.9,22983,False,targets;fum_rec_td,PFR+RULE2PT,19721126-MIN-PIT,False,fum_rec_td,False,True,fum_rec_td,
Stu Voigt,1972,12,1972-12-03,False,MIN,CHI,H,W,23,10,,0,0,0,0,0,0,0,0,0,0,,0,0.0,0.0,22983,False,targets;fum_rec_td,PFR+RULE2PT,19721203-CHI-MIN,False,fum_rec_td,False,True,fum_rec_td,
Stu Voigt,1972,13,1972-12-10,False,MIN,GNB,H,L,7,23,,0,0,0,1,1,1,0,0,0,0,,0,6.1,6.1,22983,False,targets;fum_rec_td,PFR+RULE2PT,19721210-GNB-MIN,False,fum_rec_td,False,True,fum_rec_td,
Stu Voigt,1972,14,1972-12-16,False,MIN,SFO,A,L,17,20,,0,0,0,0,0,0,0,0,0,0,,0,0.0,0.0,22983,False,targets;fum_rec_td,PFR+RULE2PT,19721216-MIN-SFO,False,fum_rec_td,False,True,fum_rec_td,
Stu Voigt,1973,1,1973-09-16,False,MIN,OAK,H,W,24,16,,1,43,0,1,2,0,0,0,0,0,,0,4.5,5.5,22983,False,targets;fum_rec_td,PFR+RULE2PT,19730916-OAK-MIN,False,fum_rec_td,False,True,fum_rec_td,
Stu Voigt,1973,2,1973-09-23,False,MIN,CHI,A,W,22,13,,2,26,0,0,0,0,0,0,0,0,,0,2.6,4.6,22983,False,targets;fum_rec_td,PFR+RULE2PT,19730923-MIN-CHI,False,fum_rec_td,False,True,fum_rec_td,
Stu Voigt,1973,3,1973-09-30,False,MIN,GNB,H,W,11,3,,2,19,0,0,0,0,0,0,0,0,,0,1.9,3.9,22983,False,targets;fum_rec_td,PFR+RULE2PT,19730930-GNB-MIN,False,fum_rec_td,False,True,fum_rec_td,
Stu Voigt,1973,4,1973-10-07,False,MIN,DET,A,W,23,9,,1,22,0,0,0,0,0,0,0,0,,0,2.2,3.2,22983,False,targets;fum_rec_td,PFR+RULE2PT,19731007-MIN-DET,False,fum_rec_td,False,True,fum_rec_td,
Stu Voigt,1973,6,1973-10-21,False,MIN,PHI,H,W,28,21,,2,27,0,0,0,0,0,0,0,0,,0,2.7,4.7,22983,False,targets;fum_rec_td,PFR+RULE2PT,19731021-PHI-MIN,False,fum_rec_td,False,True,fum_rec_td,
Stu Voigt,1973,7,1973-10-28,False,MIN,RAM,H,W,10,9,,3,40,0,0,0,0,0,0,0,0,,0,4.0,7.0,22983,False,targets;fum_rec_td,PFR+RULE2PT,19731028-RAM-MIN,False,fum_rec_td,False,True,fum_rec_td,
Stu Voigt,1973,8,1973-11-04,False,MIN,CLE,H,W,26,3,,3,28,1,0,0,0,0,0,0,0,,0,8.8,11.8,22983,False,targets;fum_rec_td,PFR+RULE2PT,19731104-CLE-MIN,False,fum_rec_td,False,True,fum_rec_td,
Stu Voigt,1973,9,1973-11-11,False,MIN,DET,H,W,28,7,,2,12,0,0,0,0,0,0,0,0,,0,1.2,3.2,22983,False,targets;fum_rec_td,PFR+RULE2PT,19731111-DET-MIN,False,fum_rec_td,False,True,fum_rec_td,
Stu Voigt,1973,10,1973-11-19,False,MIN,ATL,A,L,14,20,,2,20,0,0,0,0,0,0,0,0,,0,2.0,4.0,22983,False,targets;fum_rec_td,PFR+RULE2PT,19731119-MIN-ATL,False,fum_rec_td,False,True,fum_rec_td,
Stu Voigt,1973,11,1973-11-25,False,MIN,CHI,H,W,31,13,,1,20,0,0,0,0,0,0,0,0,,0,2.0,3.0,22983,False,targets;fum_rec_td,PFR+RULE2PT,19731125-CHI-MIN,False,fum_rec_td,False,True,fum_rec_td,
Stu Voigt,1973,12,1973-12-02,False,MIN,CIN,A,L,0,27,,1,18,0,0,0,0,0,0,0,0,,0,1.8,2.8,22983,False,targets;fum_rec_td,PFR+RULE2PT,19731202-MIN-CIN,False,fum_rec_td,False,True,fum_rec_td,
Stu Voigt,1973,13,1973-12-08,False,MIN,GNB,A,W,31,7,,1,21,1,0,0,0,0,0,0,0,,0,8.1,9.1,22983,False,targets;fum_rec_td,PFR+RULE2PT,19731208-MIN-GNB,False,fum_rec_td,False,True,fum_rec_td,
Stu Voigt,1973,14,1973-12-16,False,MIN,NYG,A,W,31,7,,2,22,0,0,0,0,0,0,0,0,,0,2.2,4.2,22983,False,targets;fum_rec_td,PFR+RULE2PT,19731216-MIN-NYG,False,fum_rec_td,False,True,fum_rec_td,
Stu Voigt,1973,15,1973-12-22,True,MIN,WAS,H,W,27,20,,3,39,0,0,0,0,0,0,0,0,,0,3.9,6.9,22983,False,targets;fum_rec_td,PFR+RULE2PT,19731222-WAS-MIN,False,fum_rec_td,False,True,fum_rec_td,
Stu Voigt,1973,16,1973-12-30,True,MIN,DAL,A,W,27,10,,2,23,0,0,0,0,0,0,0,0,,0,2.3,4.3,22983,False,targets;fum_rec_td,PFR+RULE2PT,19731230-MIN-DAL,False,fum_rec_td,False,True,fum_rec_td,
Stu Voigt,1973,17,1974-01-13,True,MIN,MIA,N,L,7,24,,3,46,0,0,0,0,0,0,0,0,,0,4.6,7.6,22983,False,targets;fum_rec_td,PFR+RULE2PT,19740113-MIA-MIN-N,False,fum_rec_td,False,True,fum_rec_td,
Stu Voigt,1974,1,1974-09-15,False,MIN,GNB,A,W,32,17,,1,9,0,0,0,0,0,0,0,0,,0,0.9,1.9,22983,False,targets;fum_rec_td,PFR+RULE2PT,19740915-MIN-GNB,False,fum_rec_td,False,True,fum_rec_td,
Stu Voigt,1974,2,1974-09-22,False,MIN,DET,A,W,7,6,,1,13,0,0,0,0,0,0,0,0,,0,1.3,2.3,22983,False,targets;fum_rec_td,PFR+RULE2PT,19740922-MIN-DET,False,fum_rec_td,False,True,fum_rec_td,
Stu Voigt,1974,3,1974-09-29,False,MIN,CHI,H,W,11,7,,5,50,1,0,0,0,0,0,0,0,,0,11.0,16.0,22983,False,targets;fum_rec_td,PFR+RULE2PT,19740929-CHI-MIN,False,fum_rec_td,False,True,fum_rec_td,
Stu Voigt,1974,4,1974-10-06,False,MIN,DAL,A,W,23,21,,2,25,0,0,0,0,0,0,0,0,,0,2.5,4.5,22983,False,targets;fum_rec_td,PFR+RULE2PT,19741006-MIN-DAL,False,fum_rec_td,False,True,fum_rec_td,
Stu Voigt,1974,5,1974-10-13,False,MIN,HOU,H,W,51,10,,5,41,1,0,0,0,0,0,0,0,,0,10.1,15.1,22983,False,targets;fum_rec_td,PFR+RULE2PT,19741013-HOU-MIN,False,fum_rec_td,False,True,fum_rec_td,
Stu Voigt,1974,6,1974-10-20,False,MIN,DET,H,L,16,20,,1,19,0,0,0,0,0,0,0,0,,0,1.9,2.9,22983,False,targets;fum_rec_td,PFR+RULE2PT,19741020-DET-MIN,False,fum_rec_td,False,True,fum_rec_td,
Stu Voigt,1974,7,1974-10-27,False,MIN,NWE,H,L,14,17,,1,6,0,0,0,0,0,0,0,0,,0,0.6,1.6,22983,False,targets;fum_rec_td,PFR+RULE2PT,19741027-NWE-MIN,False,fum_rec_td,False,True,fum_rec_td,
Stu Voigt,1974,8,1974-11-03,False,MIN,CHI,A,W,17,0,,4,9,1,0,0,0,0,0,0,0,,0,6.9,10.9,22983,False,targets;fum_rec_td,PFR+RULE2PT,19741103-MIN-CHI,False,fum_rec_td,False,True,fum_rec_td,
Stu Voigt,1974,9,1974-11-11,False,MIN,STL,A,W,28,24,,2,27,0,0,0,0,0,0,0,0,,0,2.7,4.7,22983,False,targets;fum_rec_td,PFR+RULE2PT,19741111-MIN-STL,False,fum_rec_td,False,True,fum_rec_td,
Stu Voigt,1974,10,1974-11-17,False,MIN,GNB,H,L,7,19,,0,0,0,0,0,0,0,0,0,0,,0,0.0,0.0,22983,False,targets;fum_rec_td,PFR+RULE2PT,19741117-GNB-MIN,False,fum_rec_td,False,True,fum_rec_td,
Stu Voigt,1974,11,1974-11-24,False,MIN,RAM,A,L,17,20,,2,-2,0,0,0,0,0,0,0,0,,0,-0.2,1.8,22983,False,targets;fum_rec_td,PFR+RULE2PT,19741124-MIN-RAM,False,fum_rec_td,False,True,fum_rec_td,
Stu Voigt,1974,12,1974-12-01,False,MIN,NOR,H,W,29,9,,7,61,1,0,0,0,0,0,0,0,,0,12.1,19.1,22983,False,targets;fum_rec_td,PFR+RULE2PT,19741201-NOR-MIN,False,fum_rec_td,False,True,fum_rec_td,
Stu Voigt,1974,13,1974-12-07,False,MIN,ATL,H,W,23,10,,1,10,1,0,0,0,0,0,0,0,,0,7.0,8.0,22983,False,targets;fum_rec_td,PFR+RULE2PT,19741207-ATL-MIN,False,fum_rec_td,False,True,fum_rec_td,
Stu Voigt,1974,14,1974-12-14,False,MIN,KAN,A,W,35,15,,0,0,0,0,0,0,0,0,0,0,,0,0.0,0.0,22983,False,targets;fum_rec_td,PFR+RULE2PT,19741214-MIN-KAN,False,fum_rec_td,False,True,fum_rec_td,
Stu Voigt,1974,15,1974-12-21,True,MIN,STL,H,W,30,14,,2,25,0,0,0,0,0,0,0,0,,0,2.5,4.5,22983,False,targets;fum_rec_td,PFR+RULE2PT,19741221-STL-MIN,False,fum_rec_td,False,True,fum_rec_td,
Stu Voigt,1974,16,1974-12-29,True,MIN,RAM,H,W,14,10,,4,43,0,0,0,0,0,0,0,0,,0,4.3,8.3,22983,False,targets;fum_rec_td,PFR+RULE2PT,19741229-RAM-MIN,False,fum_rec_td,False,True,fum_rec_td,
Stu Voigt,1974,17,1975-01-12,True,MIN,PIT,N,L,6,16,,2,31,0,0,0,0,0,0,0,0,,0,3.1,5.1,22983,False,targets;fum_rec_td,PFR+RULE2PT,19750112-MIN-PIT-N,False,fum_rec_td,False,True,fum_rec_td,
Stu Voigt,1975,1,1975-09-21,False,MIN,SFO,H,W,27,17,,1,19,0,0,0,0,0,0,0,0,,0,1.9,2.9,22983,False,targets;fum_rec_td,PFR+RULE2PT,19750921-SFO-MIN,False,fum_rec_td,False,True,fum_rec_td,
Stu Voigt,1975,2,1975-09-28,False,MIN,CLE,A,W,42,10,,1,9,0,0,0,0,0,0,0,0,,0,0.9,1.9,22983,False,targets;fum_rec_td,PFR+RULE2PT,19750928-MIN-CLE,False,fum_rec_td,False,True,fum_rec_td,
Stu Voigt,1975,3,1975-10-05,False,MIN,CHI,H,W,28,3,,3,33,2,0,0,0,0,0,0,0,,0,15.3,18.3,22983,False,targets;fum_rec_td,PFR+RULE2PT,19751005-CHI-MIN,False,fum_rec_td,False,True,fum_rec_td,
Stu Voigt,1975,4,1975-10-12,False,MIN,NYJ,H,W,29,21,,2,25,0,0,0,0,0,0,0,0,,0,2.5,4.5,22983,False,targets;fum_rec_td,PFR+RULE2PT,19751012-NYJ-MIN,False,fum_rec_td,False,True,fum_rec_td,
Stu Voigt,1975,5,1975-10-19,False,MIN,DET,H,W,25,19,,4,35,1,0,0,0,0,0,0,0,,0,9.5,13.5,22983,False,targets;fum_rec_td,PFR+RULE2PT,19751019-DET-MIN,False,fum_rec_td,False,True,fum_rec_td,
Stu Voigt,1975,7,1975-11-02,False,MIN,GNB,A,W,28,17,,3,22,1,0,0,0,0,0,0,0,,0,8.2,11.2,22983,False,targets;fum_rec_td,PFR+RULE2PT,19751102-MIN-GNB,False,fum_rec_td,False,True,fum_rec_td,
Stu Voigt,1975,8,1975-11-09,False,MIN,ATL,H,W,38,0,,1,13,0,0,0,0,0,0,0,0,,0,1.3,2.3,22983,False,targets;fum_rec_td,PFR+RULE2PT,19751109-ATL-MIN,False,fum_rec_td,False,True,fum_rec_td,
Stu Voigt,1975,9,1975-11-16,False,MIN,NOR,A,W,20,7,,3,39,0,0,0,0,0,0,0,0,,0,3.9,6.9,22983,False,targets;fum_rec_td,PFR+RULE2PT,19751116-MIN-NOR,False,fum_rec_td,False,True,fum_rec_td,
Stu Voigt,1975,10,1975-11-23,False,MIN,SDG,H,W,28,13,,1,22,0,0,0,0,0,0,0,0,,0,2.2,3.2,22983,False,targets;fum_rec_td,PFR+RULE2PT,19751123-SDG-MIN,False,fum_rec_td,False,True,fum_rec_td,
Stu Voigt,1975,11,1975-11-30,False,MIN,WAS,A,L,30,31,,8,74,0,0,0,0,0,0,0,0,,0,7.4,15.4,22983,False,targets;fum_rec_td,PFR+RULE2PT,19751130-MIN-WAS,False,fum_rec_td,False,True,fum_rec_td,
Stu Voigt,1975,12,1975-12-07,False,MIN,GNB,H,W,24,3,,3,28,0,0,0,0,0,0,0,0,,0,2.8,5.8,22983,False,targets;fum_rec_td,PFR+RULE2PT,19751207-GNB-MIN,False,fum_rec_td,False,True,fum_rec_td,
Stu Voigt,1975,13,1975-12-14,False,MIN,DET,A,L,10,17,,1,8,0,0,0,0,0,0,0,0,,0,0.8,1.8,22983,False,targets;fum_rec_td,PFR+RULE2PT,19751214-MIN-DET,False,fum_rec_td,False,True,fum_rec_td,
Stu Voigt,1975,14,1975-12-20,False,MIN,BUF,A,W,35,13,,3,36,0,0,0,0,0,0,0,0,,0,3.6,6.6,22983,False,targets;fum_rec_td,PFR+RULE2PT,19751220-MIN-BUF,False,fum_rec_td,False,True,fum_rec_td,
Stu Voigt,1975,15,1975-12-28,True,MIN,DAL,H,L,14,17,,1,-1,0,0,0,0,0,0,0,0,,0,-0.1,0.9,22983,False,targets;fum_rec_td,PFR+RULE2PT,19751228-DAL-MIN,False,fum_rec_td,False,True,fum_rec_td,
Stu Voigt,1976,1,1976-09-12,False,MIN,NOR,A,W,40,9,,1,8,0,0,0,0,0,0,0,0,,0,0.8,1.8,22983,False,targets;fum_rec_td,PFR+RULE2PT,19760912-MIN-NOR,False,fum_rec_td,False,True,fum_rec_td,
Stu Voigt,1976,2,1976-09-19,False,MIN,RAM,H,T,10,10,,3,49,0,0,0,0,0,0,0,0,,0,4.9,7.9,22983,False,targets;fum_rec_td,PFR+RULE2PT,19760919-RAM-MIN,False,fum_rec_td,False,True,fum_rec_td,
Stu Voigt,1976,3,1976-09-26,False,MIN,DET,A,W,10,9,,2,12,0,0,0,0,0,0,0,0,,0,1.2,3.2,22983,False,targets;fum_rec_td,PFR+RULE2PT,19760926-MIN-DET,False,fum_rec_td,False,True,fum_rec_td,
Stu Voigt,1976,4,1976-10-04,False,MIN,PIT,H,W,17,6,,0,0,0,0,0,0,0,0,0,0,,0,0.0,0.0,22983,False,targets;fum_rec_td,PFR+RULE2PT,19761004-PIT-MIN,False,fum_rec_td,False,True,fum_rec_td,
Stu Voigt,1976,5,1976-10-10,False,MIN,CHI,H,W,20,19,,0,0,0,0,0,0,0,0,0,0,,0,0.0,0.0,22983,False,targets;fum_rec_td,PFR+RULE2PT,19761010-CHI-MIN,False,fum_rec_td,False,True,fum_rec_td,
Stu Voigt,1976,6,1976-10-17,False,MIN,NYG,H,W,24,7,,5,51,0,0,0,0,0,0,0,0,,0,5.1,10.1,22983,False,targets;fum_rec_td,PFR+RULE2PT,19761017-NYG-MIN,False,fum_rec_td,False,True,fum_rec_td,
Stu Voigt,1976,7,1976-10-24,False,MIN,PHI,A,W,31,12,,2,14,0,0,0,0,0,0,0,0,,0,1.4,3.4,22983,False,targets;fum_rec_td,PFR+RULE2PT,19761024-MIN-PHI,False,fum_rec_td,False,True,fum_rec_td,
Stu Voigt,1976,8,1976-10-31,False,MIN,CHI,A,L,13,14,,3,77,0,0,0,0,0,0,0,0,,0,7.7,10.7,22983,False,targets;fum_rec_td,PFR+RULE2PT,19761031-MIN-CHI,False,fum_rec_td,False,True,fum_rec_td,
Stu Voigt,1976,9,1976-11-07,False,MIN,DET,H,W,31,23,,1,15,0,0,0,0,0,0,0,0,,0,1.5,2.5,22983,False,targets;fum_rec_td,PFR+RULE2PT,19761107-DET-MIN,False,fum_rec_td,False,True,fum_rec_td,
Stu Voigt,1976,10,1976-11-14,False,MIN,SEA,H,W,27,21,,2,9,1,0,0,0,0,0,0,0,,0,6.9,8.9,22983,False,targets;fum_rec_td,PFR+RULE2PT,19761114-SEA-MIN,False,fum_rec_td,False,True,fum_rec_td,
Stu Voigt,1976,11,1976-11-21,False,MIN,GNB,A,W,17,10,,4,28,0,0,0,0,0,0,0,0,,0,2.8,6.8,22983,False,targets;fum_rec_td,PFR+RULE2PT,19761121-MIN-GNB,False,fum_rec_td,False,True,fum_rec_td,
Stu Voigt,1976,12,1976-11-29,False,MIN,SFO,A,L,16,20,,2,11,0,0,0,0,0,0,0,0,,0,1.1,3.1,22983,False,targets;fum_rec_td,PFR+RULE2PT,19761129-MIN-SFO,False,fum_rec_td,False,True,fum_rec_td,
Stu Voigt,1976,13,1976-12-05,False,MIN,GNB,H,W,20,9,,1,4,0,0,0,0,0,0,0,0,,0,0.4,1.4,22983,False,targets;fum_rec_td,PFR+RULE2PT,19761205-GNB-MIN,False,fum_rec_td,False,True,fum_rec_td,
Stu Voigt,1976,14,1976-12-11,False,MIN,MIA,A,W,29,7,,2,25,0,0,0,0,0,0,0,0,,0,2.5,4.5,22983,False,targets;fum_rec_td,PFR+RULE2PT,19761211-MIN-MIA,False,fum_rec_td,False,True,fum_rec_td,
Stu Voigt,1976,15,1976-12-18,True,MIN,WAS,H,W,35,20,,4,42,1,0,0,0,0,0,0,0,,0,10.2,14.2,22983,False,targets;fum_rec_td,PFR+RULE2PT,19761218-WAS-MIN,False,fum_rec_td,False,True,fum_rec_td,
Stu Voigt,1976,16,1976-12-26,True,MIN,RAM,H,W,24,13,,0,0,0,0,0,0,0,0,0,0,,0,0.0,0.0,22983,False,targets;fum_rec_td,PFR+RULE2PT,19761226-RAM-MIN,False,fum_rec_td,False,True,fum_rec_td,
Stu Voigt,1976,17,1977-01-09,True,MIN,OAK,N,L,14,32,,4,49,1,0,0,0,0,0,0,0,,0,10.9,14.9,22983,False,targets;fum_rec_td,PFR+RULE2PT,19770109-MIN-OAK-N,False,fum_rec_td,False,True,fum_rec_td,
Stu Voigt,1977,1,1977-09-18,False,MIN,DAL,H,L,10,16,,4,64,0,0,0,0,0,0,0,0,,0,6.4,10.4,22983,False,targets;fum_rec_td,PFR+RULE2PT,19770918-DAL-MIN,False,fum_rec_td,False,True,fum_rec_td,
Stu Voigt,1977,2,1977-09-24,False,MIN,TAM,A,W,9,3,,3,14,0,0,0,0,0,0,0,0,,0,1.4,4.4,22983,False,targets;fum_rec_td,PFR+RULE2PT,19770924-MIN-TAM,False,fum_rec_td,False,True,fum_rec_td,
Stu Voigt,1977,3,1977-10-02,False,MIN,GNB,H,W,19,7,,0,0,0,0,0,0,0,0,0,0,,0,0.0,0.0,22983,False,targets;fum_rec_td,PFR+RULE2PT,19771002-GNB-MIN,False,fum_rec_td,False,True,fum_rec_td,
Stu Voigt,1977,4,1977-10-09,False,MIN,DET,H,W,14,7,,3,20,0,0,0,0,0,0,0,0,,0,2.0,5.0,22983,False,targets;fum_rec_td,PFR+RULE2PT,19771009-DET-MIN,False,fum_rec_td,False,True,fum_rec_td,
Stu Voigt,1977,5,1977-10-16,False,MIN,CHI,H,W,22,16,,2,26,1,0,0,0,0,0,0,0,,0,8.6,10.6,22983,False,targets;fum_rec_td,PFR+RULE2PT,19771016-CHI-MIN,False,fum_rec_td,False,True,fum_rec_td,
Stu Voigt,1977,6,1977-10-24,False,MIN,RAM,A,L,3,35,,0,0,0,0,0,0,0,0,0,0,,0,0.0,0.0,22983,False,targets;fum_rec_td,PFR+RULE2PT,19771024-MIN-RAM,False,fum_rec_td,False,True,fum_rec_td,
Stu Voigt,1977,7,1977-10-30,False,MIN,ATL,A,W,14,7,,1,7,0,0,0,0,0,0,0,0,,0,0.7,1.7,22983,False,targets;fum_rec_td,PFR+RULE2PT,19771030-MIN-ATL,False,fum_rec_td,False,True,fum_rec_td,
Stu Voigt,1977,8,1977-11-06,False,MIN,STL,H,L,7,27,,1,13,0,0,0,0,0,0,0,0,,0,1.3,2.3,22983,False,targets;fum_rec_td,PFR+RULE2PT,19771106-STL-MIN,False,fum_rec_td,False,True,fum_rec_td,
Stu Voigt,1977,9,1977-11-13,False,MIN,CIN,H,W,42,10,,1,10,0,0,0,0,0,0,0,0,,0,1.0,2.0,22983,False,targets;fum_rec_td,PFR+RULE2PT,19771113-CIN-MIN,False,fum_rec_td,False,True,fum_rec_td,
Stu Voigt,1977,10,1977-11-20,False,MIN,CHI,A,L,7,10,,1,9,0,0,0,0,0,0,0,0,,0,0.9,1.9,22983,False,targets;fum_rec_td,PFR+RULE2PT,19771120-MIN-CHI,False,fum_rec_td,False,True,fum_rec_td,
Stu Voigt,1977,11,1977-11-27,False,MIN,GNB,A,W,13,6,,0,0,0,0,0,0,0,0,0,0,,0,0.0,0.0,22983,False,targets;fum_rec_td,PFR+RULE2PT,19771127-MIN-GNB,False,fum_rec_td,False,True,fum_rec_td,
Stu Voigt,1977,12,1977-12-04,False,MIN,SFO,H,W,28,27,,0,0,0,0,0,0,0,0,0,0,,0,0.0,0.0,22983,False,targets;fum_rec_td,PFR+RULE2PT,19771204-SFO-MIN,False,fum_rec_td,False,True,fum_rec_td,
Stu Voigt,1977,13,1977-12-11,False,MIN,OAK,A,L,13,35,,3,30,0,0,0,0,0,0,0,0,,0,3.0,6.0,22983,False,targets;fum_rec_td,PFR+RULE2PT,19771211-MIN-OAK,False,fum_rec_td,False,True,fum_rec_td,
Stu Voigt,1977,14,1977-12-17,False,MIN,DET,A,W,30,21,,1,19,0,0,0,0,0,0,0,0,,0,1.9,2.9,22983,False,targets;fum_rec_td,PFR+RULE2PT,19771217-MIN-DET,False,fum_rec_td,False,True,fum_rec_td,
Stu Voigt,1977,15,1977-12-26,True,MIN,RAM,A,W,14,7,,0,0,0,0,0,0,0,0,0,0,,0,0.0,0.0,22983,False,targets;fum_rec_td,PFR+RULE2PT,19771226-MIN-RAM,False,fum_rec_td,False,True,fum_rec_td,
Stu Voigt,1977,16,1978-01-01,True,MIN,DAL,A,L,6,23,,1,19,0,0,0,0,0,0,0,0,,0,1.9,2.9,22983,False,targets;fum_rec_td,PFR+RULE2PT,19780101-MIN-DAL,False,fum_rec_td,False,True,fum_rec_td,
Stu Voigt,1978,1,1978-09-03,False,MIN,NOR,A,L,24,31,,0,0,0,0,0,0,0,0,0,0,,0,0.0,0.0,22983,False,targets;fum_rec_td,PFR+RULE2PT,19780903-MIN-NOR,False,fum_rec_td,False,True,fum_rec_td,
Stu Voigt,1978,2,1978-09-11,False,MIN,DEN,H,W,12,9,,0,0,0,0,0,0,0,0,0,0,,0,0.0,0.0,22983,False,targets;fum_rec_td,PFR+RULE2PT,19780911-DEN-MIN,False,fum_rec_td,False,True,fum_rec_td,
Stu Voigt,1978,3,1978-09-17,False,MIN,TAM,H,L,10,16,,0,0,0,0,0,0,0,0,0,0,,0,0.0,0.0,22983,False,targets;fum_rec_td,PFR+RULE2PT,19780917-TAM-MIN,False,fum_rec_td,False,True,fum_rec_td,
Stu Voigt,1978,4,1978-09-25,False,MIN,CHI,A,W,24,20,,0,0,0,0,0,0,0,0,0,0,,0,0.0,0.0,22983,False,targets;fum_rec_td,PFR+RULE2PT,19780925-MIN-CHI,False,fum_rec_td,False,True,fum_rec_td,
Stu Voigt,1978,5,1978-10-01,False,MIN,TAM,A,W,24,7,,2,44,0,0,0,0,0,0,0,0,,0,4.4,6.4,22983,False,targets;fum_rec_td,PFR+RULE2PT,19781001-MIN-TAM,False,fum_rec_td,False,True,fum_rec_td,
Stu Voigt,1978,6,1978-10-08,False,MIN,SEA,A,L,28,29,,1,5,0,0,0,0,0,0,0,0,,0,0.5,1.5,22983,False,targets;fum_rec_td,PFR+RULE2PT,19781008-MIN-SEA,False,fum_rec_td,False,True,fum_rec_td,
Stu Voigt,1978,7,1978-10-15,False,MIN,RAM,H,L,17,34,,0,0,0,0,0,0,0,0,0,0,,0,0.0,0.0,22983,False,targets;fum_rec_td,PFR+RULE2PT,19781015-RAM-MIN,False,fum_rec_td,False,True,fum_rec_td,
Stu Voigt,1978,8,1978-10-22,False,MIN,GNB,H,W,21,7,,0,0,0,0,0,0,0,0,0,0,,0,0.0,0.0,22983,False,targets;fum_rec_td,PFR+RULE2PT,19781022-GNB-MIN,False,fum_rec_td,False,True,fum_rec_td,
Stu Voigt,1978,9,1978-10-26,False,MIN,DAL,A,W,21,10,,1,3,0,0,0,0,0,0,0,0,,0,0.3,1.3,22983,False,targets;fum_rec_td,PFR+RULE2PT,19781026-MIN-DAL,False,fum_rec_td,False,True,fum_rec_td,
Stu Voigt,1978,10,1978-11-05,False,MIN,DET,H,W,17,7,,0,0,0,0,0,0,0,0,0,0,,0,0.0,0.0,22983,False,targets;fum_rec_td,PFR+RULE2PT,19781105-DET-MIN,False,fum_rec_td,False,True,fum_rec_td,
Stu Voigt,1978,12,1978-11-19,False,MIN,SDG,H,L,7,13,,0,0,0,0,0,0,0,0,0,0,,0,0.0,0.0,22983,False,targets;fum_rec_td,PFR+RULE2PT,19781119-SDG-MIN,False,fum_rec_td,False,True,fum_rec_td,
Stu Voigt,1978,13,1978-11-26,False,MIN,GNB,A,T,10,10,,0,0,0,0,0,0,0,0,0,0,,0,0.0,0.0,22983,False,targets;fum_rec_td,PFR+RULE2PT,19781126-MIN-GNB,False,fum_rec_td,False,True,fum_rec_td,
Stu Voigt,1978,14,1978-12-03,False,MIN,PHI,H,W,28,27,,0,0,0,0,0,0,0,0,0,0,,0,0.0,0.0,22983,False,targets;fum_rec_td,PFR+RULE2PT,19781203-PHI-MIN,False,fum_rec_td,False,True,fum_rec_td,
Stu Voigt,1978,15,1978-12-09,False,MIN,DET,A,L,14,45,,0,0,0,0,0,0,0,0,0,0,,0,0.0,0.0,22983,False,targets;fum_rec_td,PFR+RULE2PT,19781209-MIN-DET,False,fum_rec_td,False,True,fum_rec_td,
Stu Voigt,1978,16,1978-12-17,False,MIN,OAK,A,L,20,27,,0,0,0,0,0,0,0,0,0,0,,0,0.0,0.0,22983,False,targets;fum_rec_td,PFR+RULE2PT,19781217-MIN-OAK,False,fum_rec_td,False,True,fum_rec_td,
Stu Voigt,1978,17,1978-12-31,True,MIN,RAM,A,L,10,34,,0,0,0,0,0,0,0,0,0,0,,0,0.0,0.0,22983,False,targets;fum_rec_td,PFR+RULE2PT,19781231-MIN-RAM,False,fum_rec_td,False,True,fum_rec_td,
Stu Voigt,1979,1,1979-09-02,False,MIN,SFO,H,W,28,22,,0,0,0,0,0,0,0,0,0,0,,0,0.0,0.0,22983,False,targets;fum_rec_td,PFR+RULE2PT,19790902-SFO-MIN,False,fum_rec_td,False,True,fum_rec_td,
Stu Voigt,1979,2,1979-09-09,False,MIN,CHI,A,L,7,26,,0,0,0,0,0,0,0,0,0,0,,0,0.0,0.0,22983,False,targets;fum_rec_td,PFR+RULE2PT,19790909-MIN-CHI,False,fum_rec_td,False,True,fum_rec_td,
Stu Voigt,1979,3,1979-09-16,False,MIN,MIA,H,L,12,27,,2,17,0,0,0,0,0,0,0,0,,0,1.7,3.7,22983,False,targets;fum_rec_td,PFR+RULE2PT,19790916-MIA-MIN,False,fum_rec_td,False,True,fum_rec_td,
Stu Voigt,1979,4,1979-09-23,False,MIN,GNB,H,W,27,21,,2,31,0,0,0,0,0,0,0,0,,0,3.1,5.1,22983,False,targets;fum_rec_td,PFR+RULE2PT,19790923-GNB-MIN,False,fum_rec_td,False,True,fum_rec_td,
Stu Voigt,1979,5,1979-09-30,False,MIN,DET,A,W,13,10,,0,0,0,0,0,0,0,0,0,0,,0,0.0,0.0,22983,False,targets;fum_rec_td,PFR+RULE2PT,19790930-MIN-DET,False,fum_rec_td,False,True,fum_rec_td,
Stu Voigt,1979,6,1979-10-07,False,MIN,DAL,H,L,20,36,,0,0,0,0,0,0,0,0,0,0,,0,0.0,0.0,22983,False,targets;fum_rec_td,PFR+RULE2PT,19791007-DAL-MIN,False,fum_rec_td,False,True,fum_rec_td,
Stu Voigt,1979,7,1979-10-15,False,MIN,NYJ,A,L,7,14,,1,6,0,0,0,0,0,0,0,0,,0,0.6,1.6,22983,False,targets;fum_rec_td,PFR+RULE2PT,19791015-MIN-NYJ,False,fum_rec_td,False,True,fum_rec_td,
Stu Voigt,1979,8,1979-10-21,False,MIN,CHI,H,W,30,27,,1,3,1,0,0,0,0,0,0,0,,0,6.3,7.3,22983,False,targets;fum_rec_td,PFR+RULE2PT,19791021-CHI-MIN,False,fum_rec_td,False,True,fum_rec_td,
Stu Voigt,1979,9,1979-10-28,False,MIN,TAM,H,L,10,12,,1,2,1,0,0,0,0,0,0,0,,0,6.2,7.2,22983,False,targets;fum_rec_td,PFR+RULE2PT,19791028-TAM-MIN,False,fum_rec_td,False,True,fum_rec_td,
Stu Voigt,1979,10,1979-11-04,False,MIN,STL,A,L,7,37,,1,16,0,0,0,0,0,0,0,0,,0,1.6,2.6,22983,False,targets;fum_rec_td,PFR+RULE2PT,19791104-MIN-STL,False,fum_rec_td,False,True,fum_rec_td,
Stu Voigt,1979,11,1979-11-11,False,MIN,GNB,A,L,7,19,,5,42,0,0,0,0,0,0,0,0,,0,4.2,9.2,22983,False,targets;fum_rec_td,PFR+RULE2PT,19791111-MIN-GNB,False,fum_rec_td,False,True,fum_rec_td,
Stu Voigt,1979,12,1979-11-18,False,MIN,DET,H,W,14,7,,0,0,0,0,0,0,0,0,0,0,,0,0.0,0.0,22983,False,targets;fum_rec_td,PFR+RULE2PT,19791118-DET-MIN,False,fum_rec_td,False,True,fum_rec_td,
Stu Voigt,1979,13,1979-11-25,False,MIN,TAM,A,W,23,22,,0,0,0,0,0,0,0,0,0,0,,0,0.0,0.0,22983,False,targets;fum_rec_td,PFR+RULE2PT,19791125-MIN-TAM,False,fum_rec_td,False,True,fum_rec_td,
Stu Voigt,1979,14,1979-12-02,False,MIN,RAM,A,L,21,27,,1,13,0,0,0,0,0,0,0,0,,0,1.3,2.3,22983,False,targets;fum_rec_td,PFR+RULE2PT,19791202-MIN-RAM,False,fum_rec_td,False,True,fum_rec_td,
Stu Voigt,1979,15,1979-12-09,False,MIN,BUF,H,W,10,3,,1,9,0,0,0,0,0,0,0,0,,0,0.9,1.9,22983,False,targets;fum_rec_td,PFR+RULE2PT,19791209-BUF-MIN,False,fum_rec_td,False,True,fum_rec_td,
Stu Voigt,1979,16,1979-12-16,False,MIN,NWE,A,L,23,27,,0,0,0,0,0,0,0,0,0,0,,0,0.0,0.0,22983,False,targets;fum_rec_td,PFR+RULE2PT,19791216-MIN-NWE,False,fum_rec_td,False,True,fum_rec_td,
Billy Masters,1970,1,1970-09-20,False,DEN,BUF,A,W,25,10,,0,0,0,0,0,0,0,0,0,0,,0,0.0,0.0,14240,False,targets;fum_rec_td,PFR+RULE2PT,19700920-DEN-BUF,False,fum_rec_td,False,True,fum_rec_td,
Billy Masters,1970,2,1970-09-27,False,DEN,PIT,H,W,16,13,,0,0,0,0,0,0,0,0,0,0,,0,0.0,0.0,14240,False,targets;fum_rec_td,PFR+RULE2PT,19700927-PIT-DEN,False,fum_rec_td,False,True,fum_rec_td,
Billy Masters,1970,3,1970-10-04,False,DEN,KAN,H,W,26,13,,1,2,1,0,0,0,0,0,0,0,,0,6.2,7.2,14240,False,targets;fum_rec_td,PFR+RULE2PT,19701004-KAN-DEN,False,fum_rec_td,False,True,fum_rec_td,
Billy Masters,1970,4,1970-10-11,False,DEN,OAK,A,L,23,35,,0,0,0,0,0,0,0,0,0,0,,0,0.0,0.0,14240,False,targets;fum_rec_td,PFR+RULE2PT,19701011-DEN-OAK,False,fum_rec_td,False,True,fum_rec_td,
Billy Masters,1970,5,1970-10-18,False,DEN,ATL,H,W,24,10,,1,9,0,0,0,0,0,0,0,0,,0,0.9,1.9,14240,False,targets;fum_rec_td,PFR+RULE2PT,19701018-ATL-DEN,False,fum_rec_td,False,True,fum_rec_td,
Billy Masters,1970,6,1970-10-25,False,DEN,SFO,A,L,14,19,,0,0,0,0,0,0,0,0,0,0,,0,0.0,0.0,14240,False,targets;fum_rec_td,PFR+RULE2PT,19701025-DEN-SFO,False,fum_rec_td,False,True,fum_rec_td,
Billy Masters,1970,7,1970-11-01,False,DEN,WAS,H,L,3,19,,0,0,0,0,0,0,0,0,0,0,,0,0.0,0.0,14240,False,targets;fum_rec_td,PFR+RULE2PT,19701101-WAS-DEN,False,fum_rec_td,False,True,fum_rec_td,
Billy Masters,1970,8,1970-11-08,False,DEN,SDG,A,L,21,24,,1,2,1,0,0,0,0,0,0,0,,0,6.2,7.2,14240,False,targets;fum_rec_td,PFR+RULE2PT,19701108-DEN-SDG,False,fum_rec_td,False,True,fum_rec_td,
Billy Masters,1970,9,1970-11-15,False,DEN,OAK,H,L,19,24,,0,0,0,0,0,0,0,0,0,0,,0,0.0,0.0,14240,False,targets;fum_rec_td,PFR+RULE2PT,19701115-OAK-DEN,False,fum_rec_td,False,True,fum_rec_td,
Billy Masters,1970,10,1970-11-22,False,DEN,NOR,A,W,31,6,,1,18,0,0,0,0,0,0,0,0,,0,1.8,2.8,14240,False,targets;fum_rec_td,PFR+RULE2PT,19701122-DEN-NOR,False,fum_rec_td,False,True,fum_rec_td,
Billy Masters,1970,11,1970-11-29,False,DEN,HOU,A,L,21,31,,1,11,0,0,0,0,0,0,0,0,,0,1.1,2.1,14240,False,targets;fum_rec_td,PFR+RULE2PT,19701129-DEN-HOU,False,fum_rec_td,False,True,fum_rec_td,
Billy Masters,1970,12,1970-12-06,False,DEN,KAN,A,L,0,16,,0,0,0,0,0,0,0,0,0,0,,0,0.0,0.0,14240,False,targets;fum_rec_td,PFR+RULE2PT,19701206-DEN-KAN,False,fum_rec_td,False,True,fum_rec_td,
Billy Masters,1970,13,1970-12-13,False,DEN,SDG,H,T,17,17,,0,0,0,0,0,0,0,0,0,0,,0,0.0,0.0,14240,False,targets;fum_rec_td,PFR+RULE2PT,19701213-SDG-DEN,False,fum_rec_td,False,True,fum_rec_td,
Billy Masters,1970,14,1970-12-20,False,DEN,CLE,H,L,13,27,,4,41,0,0,0,0,0,0,0,0,,0,4.1,8.1,14240,False,targets;fum_rec_td,PFR+RULE2PT,19701220-CLE-DEN,False,fum_rec_td,False,True,fum_rec_td,
Billy Masters,1971,1,1971-09-19,False,DEN,MIA,H,T,10,10,,1,11,0,0,0,0,0,0,0,0,,0,1.1,2.1,14240,False,targets;fum_rec_td,PFR+RULE2PT,19710919-MIA-DEN,False,fum_rec_td,False,True,fum_rec_td,
Billy Masters,1971,2,1971-09-26,False,DEN,GNB,A,L,13,34,,0,0,0,1,5,0,0,0,0,0,,0,0.5,0.5,14240,False,targets;fum_rec_td,PFR+RULE2PT,19710926-DEN-GNB,False,fum_rec_td,False,True,fum_rec_td,
Billy Masters,1971,3,1971-10-03,False,DEN,KAN,H,L,3,16,,0,0,0,0,0,0,0,0,0,0,,0,0.0,0.0,14240,False,targets;fum_rec_td,PFR+RULE2PT,19711003-KAN-DEN,False,fum_rec_td,False,True,fum_rec_td,
Billy Masters,1971,4,1971-10-10,False,DEN,OAK,H,L,16,27,,1,19,0,0,0,0,0,0,0,0,,0,1.9,2.9,14240,False,targets;fum_rec_td,PFR+RULE2PT,19711010-OAK-DEN,False,fum_rec_td,False,True,fum_rec_td,
Billy Masters,1971,5,1971-10-17,False,DEN,SDG,H,W,20,16,,0,0,0,0,0,0,0,0,0,0,,0,0.0,0.0,14240,False,targets;fum_rec_td,PFR+RULE2PT,19711017-SDG-DEN,False,fum_rec_td,False,True,fum_rec_td,
Billy Masters,1971,6,1971-10-24,False,DEN,CLE,A,W,27,0,,3,39,1,1,37,0,0,0,0,0,,0,13.6,16.6,14240,False,targets;fum_rec_td,PFR+RULE2PT,19711024-DEN-CLE,False,fum_rec_td,False,True,fum_rec_td,
Billy Masters,1971,7,1971-10-31,False,DEN,PHI,A,L,16,17,,3,51,0,0,0,0,0,0,0,0,,0,5.1,8.1,14240,False,targets;fum_rec_td,PFR+RULE2PT,19711031-DEN-PHI,False,fum_rec_td,False,True,fum_rec_td,
Billy Masters,1971,8,1971-11-07,False,DEN,DET,H,L,20,24,,3,50,0,1,14,0,0,0,0,0,,0,6.4,9.4,14240,False,targets;fum_rec_td,PFR+RULE2PT,19711107-DET-DEN,False,fum_rec_td,False,True,fum_rec_td,
Billy Masters,1971,9,1971-11-14,False,DEN,CIN,H,L,10,24,,1,16,0,0,0,0,0,0,0,0,,0,1.6,2.6,14240,False,targets;fum_rec_td,PFR+RULE2PT,19711114-CIN-DEN,False,fum_rec_td,False,True,fum_rec_td,
Billy Masters,1971,10,1971-11-21,False,DEN,KAN,A,L,10,28,,1,8,0,1,26,0,0,0,0,0,,0,3.4,4.4,14240,False,targets;fum_rec_td,PFR+RULE2PT,19711121-DEN-KAN,False,fum_rec_td,False,True,fum_rec_td,
Billy Masters,1971,11,1971-11-28,False,DEN,PIT,A,W,22,10,,3,36,0,1,0,0,0,0,0,0,,0,3.6,6.6,14240,False,targets;fum_rec_td,PFR+RULE2PT,19711128-DEN-PIT,False,fum_rec_td,False,True,fum_rec_td,
Billy Masters,1971,12,1971-12-05,False,DEN,CHI,H,W,6,3,,1,13,0,1,-5,0,0,0,0,0,,0,0.8,1.8,14240,False,targets;fum_rec_td,PFR+RULE2PT,19711205-CHI-DEN,False,fum_rec_td,False,True,fum_rec_td,
Billy Masters,1971,13,1971-12-12,False,DEN,SDG,A,L,17,45,,4,43,0,1,-6,0,0,0,0,0,,0,3.7,7.7,14240,False,targets;fum_rec_td,PFR+RULE2PT,19711212-DEN-SDG,False,fum_rec_td,False,True,fum_rec_td,
Billy Masters,1971,14,1971-12-19,False,DEN,OAK,A,L,13,21,,6,96,0,0,0,0,0,0,0,0,,0,9.6,15.6,14240,False,targets;fum_rec_td,PFR+RULE2PT,19711219-DEN-OAK,False,fum_rec_td,False,True,fum_rec_td,
Billy Masters,1972,1,1972-09-17,False,DEN,HOU,H,W,30,17,,4,86,1,0,0,0,0,0,0,0,,0,14.6,18.6,14240,False,targets;fum_rec_td,PFR+RULE2PT,19720917-HOU-DEN,False,fum_rec_td,False,True,fum_rec_td,
Billy Masters,1972,2,1972-09-24,False,DEN,SDG,A,L,14,37,,4,57,0,1,-7,0,0,0,0,0,,0,5.0,9.0,14240,False,targets;fum_rec_td,PFR+RULE2PT,19720924-DEN-SDG,False,fum_rec_td,False,True,fum_rec_td,
Billy Masters,1972,3,1972-10-01,False,DEN,KAN,H,L,24,45,,3,45,0,0,0,0,0,0,0,0,,0,4.5,7.5,14240,False,targets;fum_rec_td,PFR+RULE2PT,19721001-KAN-DEN,False,fum_rec_td,False,True,fum_rec_td,
Billy Masters,1972,4,1972-10-08,False,DEN,CIN,A,L,10,21,,3,30,0,0,0,0,0,0,0,0,,0,3.0,6.0,14240,False,targets;fum_rec_td,PFR+RULE2PT,19721008-DEN-CIN,False,fum_rec_td,False,True,fum_rec_td,
Billy Masters,1972,5,1972-10-15,False,DEN,MIN,H,L,20,23,,0,0,0,0,0,0,0,0,0,0,,0,0.0,0.0,14240,False,targets;fum_rec_td,PFR+RULE2PT,19721015-MIN-DEN,False,fum_rec_td,False,True,fum_rec_td,
Billy Masters,1972,6,1972-10-22,False,DEN,OAK,A,W,30,23,,3,66,1,1,-8,0,0,0,0,0,,0,11.8,14.8,14240,False,targets;fum_rec_td,PFR+RULE2PT,19721022-DEN-OAK,False,fum_rec_td,False,True,fum_rec_td,
Billy Masters,1972,7,1972-10-29,False,DEN,CLE,H,L,20,27,,0,0,0,0,0,0,0,0,0,0,,0,0.0,0.0,14240,False,targets;fum_rec_td,PFR+RULE2PT,19721029-CLE-DEN,False,fum_rec_td,False,True,fum_rec_td,
Billy Masters,1972,8,1972-11-05,False,DEN,NYG,A,L,17,29,,3,42,0,0,0,0,0,0,0,0,,0,4.2,7.2,14240,False,targets;fum_rec_td,PFR+RULE2PT,19721105-DEN-NYG,False,fum_rec_td,False,True,fum_rec_td,
Billy Masters,1972,9,1972-11-12,False,DEN,RAM,A,W,16,10,,0,0,0,0,0,0,0,0,0,0,,0,0.0,0.0,14240,False,targets;fum_rec_td,PFR+RULE2PT,19721112-DEN-RAM,False,fum_rec_td,False,True,fum_rec_td,
Billy Masters,1972,10,1972-11-19,False,DEN,OAK,H,L,20,37,,1,3,1,0,0,0,0,0,0,0,,0,6.3,7.3,14240,False,targets;fum_rec_td,PFR+RULE2PT,19721119-OAK-DEN,False,fum_rec_td,False,True,fum_rec_td,
Billy Masters,1972,11,1972-11-26,False,DEN,ATL,A,L,20,23,,2,38,0,0,0,0,0,0,0,0,,0,3.8,5.8,14240,False,targets;fum_rec_td,PFR+RULE2PT,19721126-DEN-ATL,False,fum_rec_td,False,True,fum_rec_td,
Billy Masters,1972,12,1972-12-03,False,DEN,KAN,A,L,21,24,,1,7,0,0,0,0,0,0,0,0,,0,0.7,1.7,14240,False,targets;fum_rec_td,PFR+RULE2PT,19721203-DEN-KAN,False,fum_rec_td,False,True,fum_rec_td,
Billy Masters,1972,13,1972-12-10,False,DEN,SDG,H,W,38,13,,0,0,0,0,0,0,0,0,0,0,,0,0.0,0.0,14240,False,targets;fum_rec_td,PFR+RULE2PT,19721210-SDG-DEN,False,fum_rec_td,False,True,fum_rec_td,
Billy Masters,1972,14,1972-12-17,False,DEN,NWE,H,W,45,21,,1,19,0,1,0,0,0,0,0,0,,0,1.9,2.9,14240,False,targets;fum_rec_td,PFR+RULE2PT,19721217-NWE-DEN,False,fum_rec_td,False,True,fum_rec_td,
Billy Masters,1973,1,1973-09-16,False,DEN,CIN,H,W,28,10,,0,0,0,1,-9,0,0,0,0,0,,0,-0.9,-0.9,14240,False,targets;fum_rec_td,PFR+RULE2PT,19730916-CIN-DEN,False,fum_rec_td,False,True,fum_rec_td,
Billy Masters,1973,2,1973-09-23,False,DEN,SFO,H,L,34,36,,1,28,0,0,0,0,0,0,0,0,,0,2.8,3.8,14240,False,targets;fum_rec_td,PFR+RULE2PT,19730923-SFO-DEN,False,fum_rec_td,False,True,fum_rec_td,
Billy Masters,1973,3,1973-09-30,False,DEN,CHI,H,L,14,33,,1,14,0,0,0,0,0,0,0,0,,0,1.4,2.4,14240,False,targets;fum_rec_td,PFR+RULE2PT,19730930-CHI-DEN,False,fum_rec_td,False,True,fum_rec_td,
Billy Masters,1973,4,1973-10-07,False,DEN,KAN,A,L,14,16,,2,16,0,0,0,0,0,0,0,0,,0,1.6,3.6,14240,False,targets;fum_rec_td,PFR+RULE2PT,19731007-DEN-KAN,False,fum_rec_td,False,True,fum_rec_td,
Billy Masters,1973,8,1973-11-04,False,DEN,STL,A,T,17,17,,0,0,0,0,0,0,0,0,0,0,,0,0.0,0.0,14240,False,targets;fum_rec_td,PFR+RULE2PT,19731104-DEN-STL,False,fum_rec_td,False,True,fum_rec_td,
Billy Masters,1973,9,1973-11-11,False,DEN,SDG,H,W,30,19,,1,7,0,0,0,0,0,0,0,0,,0,0.7,1.7,14240,False,targets;fum_rec_td,PFR+RULE2PT,19731111-SDG-DEN,False,fum_rec_td,False,True,fum_rec_td,
Billy Masters,1973,10,1973-11-18,False,DEN,PIT,A,W,23,13,,0,0,0,0,0,0,0,0,0,0,,0,0.0,0.0,14240,False,targets;fum_rec_td,PFR+RULE2PT,19731118-DEN-PIT,False,fum_rec_td,False,True,fum_rec_td,
Billy Masters,1973,11,1973-11-25,False,DEN,KAN,H,W,14,10,,0,0,0,0,0,0,0,0,0,0,,0,0.0,0.0,14240,False,targets;fum_rec_td,PFR+RULE2PT,19731125-KAN-DEN,False,fum_rec_td,False,True,fum_rec_td,
Billy Masters,1973,12,1973-12-02,False,DEN,DAL,H,L,10,22,,0,0,0,0,0,0,0,0,0,0,,0,0.0,0.0,14240,False,targets;fum_rec_td,PFR+RULE2PT,19731202-DAL-DEN,False,fum_rec_td,False,True,fum_rec_td,
Billy Masters,1973,13,1973-12-09,False,DEN,SDG,A,W,42,28,,0,0,0,0,0,0,0,0,0,0,,0,0.0,0.0,14240,False,targets;fum_rec_td,PFR+RULE2PT,19731209-DEN-SDG,False,fum_rec_td,False,True,fum_rec_td,
Billy Masters,1973,14,1973-12-16,False,DEN,OAK,A,L,17,21,,0,0,0,0,0,0,0,0,0,0,,0,0.0,0.0,14240,False,targets;fum_rec_td,PFR+RULE2PT,19731216-DEN-OAK,False,fum_rec_td,False,True,fum_rec_td,
Billy Masters,1974,2,1974-09-22,False,DEN,PIT,H,T,35,35,,0,0,0,0,0,0,0,0,0,0,,0,0.0,0.0,14240,False,targets;fum_rec_td,PFR+RULE2PT,19740922-PIT-DEN,False,fum_rec_td,False,True,fum_rec_td,
Billy Masters,1974,3,1974-09-30,False,DEN,WAS,A,L,3,30,,0,0,0,0,0,0,0,0,0,0,,0,0.0,0.0,14240,False,targets;fum_rec_td,PFR+RULE2PT,19740930-DEN-WAS,False,fum_rec_td,False,True,fum_rec_td,
Billy Masters,1974,4,1974-10-06,False,DEN,KAN,A,W,17,14,,0,0,0,0,0,0,0,0,0,0,,0,0.0,0.0,14240,False,targets;fum_rec_td,PFR+RULE2PT,19741006-DEN-KAN,False,fum_rec_td,False,True,fum_rec_td,
Billy Masters,1974,5,1974-10-13,False,DEN,NOR,H,W,33,17,,0,0,0,0,0,0,0,0,0,0,,0,0.0,0.0,14240,False,targets;fum_rec_td,PFR+RULE2PT,19741013-NOR-DEN,False,fum_rec_td,False,True,fum_rec_td,
Billy Masters,1974,6,1974-10-20,False,DEN,SDG,H,W,27,7,,0,0,0,0,0,0,0,0,0,0,,0,0.0,0.0,14240,False,targets;fum_rec_td,PFR+RULE2PT,19741020-SDG-DEN,False,fum_rec_td,False,True,fum_rec_td,
Billy Masters,1974,7,1974-10-27,False,DEN,CLE,A,L,21,23,,0,0,0,0,0,0,0,0,0,0,,0,0.0,0.0,14240,False,targets;fum_rec_td,PFR+RULE2PT,19741027-DEN-CLE,False,fum_rec_td,False,True,fum_rec_td,
Billy Masters,1974,8,1974-11-03,False,DEN,OAK,H,L,17,28,,0,0,0,0,0,0,0,0,0,0,,0,0.0,0.0,14240,False,targets;fum_rec_td,PFR+RULE2PT,19741103-OAK-DEN,False,fum_rec_td,False,True,fum_rec_td,
Billy Masters,1974,9,1974-11-10,False,DEN,BAL,A,W,17,6,,0,0,0,0,0,0,0,0,0,0,,0,0.0,0.0,14240,False,targets;fum_rec_td,PFR+RULE2PT,19741110-DEN-BAL,False,fum_rec_td,False,True,fum_rec_td,
Billy Masters,1974,10,1974-11-18,False,DEN,KAN,H,L,34,42,,0,0,0,0,0,0,0,0,0,0,,0,0.0,0.0,14240,False,targets;fum_rec_td,PFR+RULE2PT,19741118-KAN-DEN,False,fum_rec_td,False,True,fum_rec_td,
Billy Masters,1974,11,1974-11-24,False,DEN,OAK,A,W,20,17,,0,0,0,0,0,0,0,0,0,0,,0,0.0,0.0,14240,False,targets;fum_rec_td,PFR+RULE2PT,19741124-DEN-OAK,False,fum_rec_td,False,True,fum_rec_td,
Billy Masters,1974,12,1974-11-28,False,DEN,DET,A,W,31,27,,0,0,0,0,0,0,0,0,0,0,,0,0.0,0.0,14240,False,targets;fum_rec_td,PFR+RULE2PT,19741128-DEN-DET,False,fum_rec_td,False,True,fum_rec_td,
Billy Masters,1974,13,1974-12-08,False,DEN,HOU,H,W,37,14,,0,0,0,0,0,0,0,0,0,0,,0,0.0,0.0,14240,False,targets;fum_rec_td,PFR+RULE2PT,19741208-HOU-DEN,False,fum_rec_td,False,True,fum_rec_td,
Billy Masters,1974,14,1974-12-15,False,DEN,SDG,A,L,0,17,,0,0,0,0,0,0,0,0,0,0,,0,0.0,0.0,14240,False,targets;fum_rec_td,PFR+RULE2PT,19741215-DEN-SDG,False,fum_rec_td,False,True,fum_rec_td,
Billy Masters,1975,1,1975-09-21,False,KAN,DEN,A,L,33,37,,2,5,0,0,0,0,0,0,0,0,,0,0.5,2.5,14240,False,targets;fum_rec_td,PFR+RULE2PT,19750921-KAN-DEN,False,fum_rec_td,False,True,fum_rec_td,
Billy Masters,1975,2,1975-09-28,False,KAN,NYJ,H,L,24,30,,3,38,0,0,0,0,0,0,0,0,,0,3.8,6.8,14240,False,targets;fum_rec_td,PFR+RULE2PT,19750928-NYJ-KAN,False,fum_rec_td,False,True,fum_rec_td,
Billy Masters,1975,3,1975-10-05,False,KAN,SFO,H,L,3,20,,0,0,0,0,0,0,0,0,0,0,,0,0.0,0.0,14240,False,targets;fum_rec_td,PFR+RULE2PT,19751005-SFO-KAN,False,fum_rec_td,False,True,fum_rec_td,
Billy Masters,1975,4,1975-10-12,False,KAN,OAK,H,W,42,10,,2,37,1,0,0,0,0,0,0,0,,0,9.7,11.7,14240,False,targets;fum_rec_td,PFR+RULE2PT,19751012-OAK-KAN,False,fum_rec_td,False,True,fum_rec_td,
Billy Masters,1975,5,1975-10-19,False,KAN,SDG,A,W,12,10,,2,24,0,0,0,0,0,0,0,0,,0,2.4,4.4,14240,False,targets;fum_rec_td,PFR+RULE2PT,19751019-KAN-SDG,False,fum_rec_td,False,True,fum_rec_td,
Billy Masters,1975,6,1975-10-26,False,KAN,DEN,H,W,26,13,,2,26,1,0,0,0,0,0,0,0,,0,8.6,10.6,14240,False,targets;fum_rec_td,PFR+RULE2PT,19751026-DEN-KAN,False,fum_rec_td,False,True,fum_rec_td,
Billy Masters,1975,7,1975-11-02,False,KAN,HOU,H,L,13,17,,3,63,0,0,0,0,0,0,0,0,,0,6.3,9.3,14240,False,targets;fum_rec_td,PFR+RULE2PT,19751102-HOU-KAN,False,fum_rec_td,False,True,fum_rec_td,
Billy Masters,1975,8,1975-11-10,False,KAN,DAL,A,W,34,31,,2,25,0,0,0,0,0,0,0,0,,0,2.5,4.5,14240,False,targets;fum_rec_td,PFR+RULE2PT,19751110-KAN-DAL,False,fum_rec_td,False,True,fum_rec_td,
Billy Masters,1975,9,1975-11-16,False,KAN,PIT,A,L,3,28,,1,6,0,0,0,0,0,0,0,0,,0,0.6,1.6,14240,False,targets;fum_rec_td,PFR+RULE2PT,19751116-KAN-PIT,False,fum_rec_td,False,True,fum_rec_td,
Billy Masters,1975,10,1975-11-23,False,KAN,DET,H,W,24,21,,2,22,0,0,0,0,0,0,0,0,,0,2.2,4.2,14240,False,targets;fum_rec_td,PFR+RULE2PT,19751123-DET-KAN,False,fum_rec_td,False,True,fum_rec_td,
Billy Masters,1975,11,1975-11-30,False,KAN,BAL,A,L,14,28,,0,0,0,0,0,0,0,0,0,0,,0,0.0,0.0,14240,False,targets;fum_rec_td,PFR+RULE2PT,19751130-KAN-BAL,False,fum_rec_td,False,True,fum_rec_td,
Billy Masters,1975,12,1975-12-07,False,KAN,SDG,H,L,20,28,,3,43,0,0,0,0,0,0,0,0,,0,4.3,7.3,14240,False,targets;fum_rec_td,PFR+RULE2PT,19751207-SDG-KAN,False,fum_rec_td,False,True,fum_rec_td,
Billy Masters,1975,13,1975-12-14,False,KAN,CLE,A,L,14,40,,1,9,1,0,0,0,0,0,0,0,,0,6.9,7.9,14240,False,targets;fum_rec_td,PFR+RULE2PT,19751214-KAN-CLE,False,fum_rec_td,False,True,fum_rec_td,
Billy Masters,1975,14,1975-12-21,False,KAN,OAK,A,L,20,28,,1,16,0,0,0,0,0,0,0,0,,0,1.6,2.6,14240,False,targets;fum_rec_td,PFR+RULE2PT,19751221-KAN-OAK,False,fum_rec_td,False,True,fum_rec_td,
Billy Masters,1976,1,1976-09-12,False,KAN,SDG,H,L,16,30,,4,79,1,0,0,0,0,0,0,0,,0,13.9,17.9,14240,False,targets;fum_rec_td,PFR+RULE2PT,19760912-SDG-KAN,False,fum_rec_td,False,True,fum_rec_td,
Billy Masters,1976,2,1976-09-20,False,KAN,OAK,H,L,21,24,,2,49,1,0,0,0,0,0,0,0,,0,10.9,12.9,14240,False,targets;fum_rec_td,PFR+RULE2PT,19760920-OAK-KAN,False,fum_rec_td,False,True,fum_rec_td,
Billy Masters,1976,3,1976-09-26,False,KAN,NOR,H,L,17,27,,1,8,0,0,0,0,0,0,0,0,,0,0.8,1.8,14240,False,targets;fum_rec_td,PFR+RULE2PT,19760926-NOR-KAN,False,fum_rec_td,False,True,fum_rec_td,
Billy Masters,1976,4,1976-10-03,False,KAN,BUF,A,L,17,50,,1,18,0,0,0,0,0,0,0,0,,0,1.8,2.8,14240,False,targets;fum_rec_td,PFR+RULE2PT,19761003-KAN-BUF,False,fum_rec_td,False,True,fum_rec_td,
Billy Masters,1976,5,1976-10-10,False,KAN,WAS,A,W,33,30,,1,26,0,0,0,0,0,0,0,0,,0,2.6,3.6,14240,False,targets;fum_rec_td,PFR+RULE2PT,19761010-KAN-WAS,False,fum_rec_td,False,True,fum_rec_td,
Billy Masters,1976,6,1976-10-17,False,KAN,MIA,A,W,20,17,,0,0,0,0,0,0,0,0,0,0,,0,0.0,0.0,14240,False,targets;fum_rec_td,PFR+RULE2PT,19761017-KAN-MIA,False,fum_rec_td,False,True,fum_rec_td,
Billy Masters,1976,7,1976-10-24,False,KAN,DEN,H,L,26,35,,4,41,0,0,0,0,0,0,0,0,,0,4.1,8.1,14240,False,targets;fum_rec_td,PFR+RULE2PT,19761024-DEN-KAN,False,fum_rec_td,False,True,fum_rec_td,
Billy Masters,1976,8,1976-10-31,False,KAN,TAM,A,W,28,19,,3,32,1,0,0,0,0,0,0,0,,0,9.2,12.2,14240,False,targets;fum_rec_td,PFR+RULE2PT,19761031-KAN-TAM,False,fum_rec_td,False,True,fum_rec_td,
Billy Masters,1976,9,1976-11-07,False,KAN,PIT,H,L,0,45,,1,6,0,0,0,0,0,0,0,0,,0,0.6,1.6,14240,False,targets;fum_rec_td,PFR+RULE2PT,19761107-PIT-KAN,False,fum_rec_td,False,True,fum_rec_td,
Billy Masters,1976,10,1976-11-14,False,KAN,OAK,A,L,10,21,,1,10,0,0,0,0,0,0,0,0,,0,1.0,2.0,14240,False,targets;fum_rec_td,PFR+RULE2PT,19761114-KAN-OAK,False,fum_rec_td,False,True,fum_rec_td,
Jacque MacKinnon,1970,1,1970-09-20,False,OAK,CIN,A,L,21,31,,0,0,0,0,0,0,0,0,0,0,,0,0.0,0.0,13816,False,targets;fum_rec_td,PFR+RULE2PT,19700920-OAK-CIN,False,fum_rec_td,False,True,fum_rec_td,
Jacque MacKinnon,1970,2,1970-09-27,False,OAK,SDG,A,T,27,27,,0,0,0,0,0,0,0,0,0,0,,0,0.0,0.0,13816,False,targets;fum_rec_td,PFR+RULE2PT,19700927-OAK-SDG,False,fum_rec_td,False,True,fum_rec_td,
Jacque MacKinnon,1970,3,1970-10-03,False,OAK,MIA,A,L,13,20,,0,0,0,0,0,0,0,0,0,0,,0,0.0,0.0,13816,False,targets;fum_rec_td,PFR+RULE2PT,19701003-OAK-MIA,False,fum_rec_td,False,True,fum_rec_td,
Jacque MacKinnon,1970,4,1970-10-11,False,OAK,DEN,H,W,35,23,,0,0,0,0,0,0,0,0,0,0,,0,0.0,0.0,13816,False,targets;fum_rec_td,PFR+RULE2PT,19701011-DEN-OAK,False,fum_rec_td,False,True,fum_rec_td,
Marv Fleming,1970,1,1970-09-20,False,MIA,BOS,A,L,14,27,,1,9,0,0,0,0,0,0,0,0,,0,0.9,1.9,7007,False,targets;fum_rec_td,PFR+RULE2PT,19700920-MIA-BOS,False,fum_rec_td,False,True,fum_rec_td,
Marv Fleming,1970,2,1970-09-27,False,MIA,HOU,A,W,20,10,,2,28,0,0,0,0,0,0,0,0,,0,2.8,4.8,7007,False,targets;fum_rec_td,PFR+RULE2PT,19700927-MIA-HOU,False,fum_rec_td,False,True,fum_rec_td,
Marv Fleming,1970,3,1970-10-03,False,MIA,OAK,H,W,20,13,,1,3,0,0,0,0,0,0,0,0,,0,0.3,1.3,7007,False,targets;fum_rec_td,PFR+RULE2PT,19701003-OAK-MIA,False,fum_rec_td,False,True,fum_rec_td,
Marv Fleming,1970,4,1970-10-10,False,MIA,NYJ,A,W,20,6,,1,12,0,0,0,0,0,0,0,0,,0,1.2,2.2,7007,False,targets;fum_rec_td,PFR+RULE2PT,19701010-MIA-NYJ,False,fum_rec_td,False,True,fum_rec_td,
Marv Fleming,1970,5,1970-10-18,False,MIA,BUF,A,W,33,14,,4,37,0,0,0,0,0,0,0,0,,0,3.7,7.7,7007,False,targets;fum_rec_td,PFR+RULE2PT,19701018-MIA-BUF,False,fum_rec_td,False,True,fum_rec_td,
Marv Fleming,1970,6,1970-10-25,False,MIA,CLE,H,L,0,28,,2,-2,0,0,0,0,0,0,0,0,,0,-0.2,1.8,7007,False,targets;fum_rec_td,PFR+RULE2PT,19701025-CLE-MIA,False,fum_rec_td,False,True,fum_rec_td,
Marv Fleming,1970,7,1970-11-01,False,MIA,BAL,A,L,0,35,,0,0,0,0,0,0,0,0,0,0,,0,0.0,0.0,7007,False,targets;fum_rec_td,PFR+RULE2PT,19701101-MIA-BAL,False,fum_rec_td,False,True,fum_rec_td,
Marv Fleming,1970,8,1970-11-08,False,MIA,PHI,A,L,17,24,,0,0,0,0,0,0,0,0,0,0,,0,0.0,0.0,7007,False,targets;fum_rec_td,PFR+RULE2PT,19701108-MIA-PHI,False,fum_rec_td,False,True,fum_rec_td,
Marv Fleming,1970,9,1970-11-15,False,MIA,NOR,H,W,21,10,,3,39,0,0,0,0,0,0,0,0,,0,3.9,6.9,7007,False,targets;fum_rec_td,PFR+RULE2PT,19701115-NOR-MIA,False,fum_rec_td,False,True,fum_rec_td,
Marv Fleming,1970,10,1970-11-22,False,MIA,BAL,H,W,34,17,,1,4,0,0,0,0,0,0,0,0,,0,0.4,1.4,7007,False,targets;fum_rec_td,PFR+RULE2PT,19701122-BAL-MIA,False,fum_rec_td,False,True,fum_rec_td,
Marv Fleming,1970,11,1970-11-30,False,MIA,ATL,A,W,20,7,,2,39,0,0,0,0,0,0,0,0,,0,3.9,5.9,7007,False,targets;fum_rec_td,PFR+RULE2PT,19701130-MIA-ATL,False,fum_rec_td,False,True,fum_rec_td,
Marv Fleming,1970,12,1970-12-06,False,MIA,BOS,H,W,37,20,,0,0,0,0,0,0,0,0,0,0,,0,0.0,0.0,7007,False,targets;fum_rec_td,PFR+RULE2PT,19701206-BOS-MIA,False,fum_rec_td,False,True,fum_rec_td,
Marv Fleming,1970,13,1970-12-13,False,MIA,NYJ,H,W,16,10,,0,0,0,0,0,0,0,0,0,0,,0,0.0,0.0,7007,False,targets;fum_rec_td,PFR+RULE2PT,19701213-NYJ-MIA,False,fum_rec_td,False,True,fum_rec_td,
Marv Fleming,1970,14,1970-12-20,False,MIA,BUF,H,W,45,7,,1,36,0,0,0,0,0,0,0,0,,0,3.6,4.6,7007,False,targets;fum_rec_td,PFR+RULE2PT,19701220-BUF-MIA,False,fum_rec_td,False,True,fum_rec_td,
Marv Fleming,1970,15,1970-12-27,True,MIA,OAK,A,L,14,21,,0,0,0,0,0,0,0,0,0,0,,0,0.0,0.0,7007,False,targets;fum_rec_td,PFR+RULE2PT,19701227-MIA-OAK,False,fum_rec_td,False,True,fum_rec_td,
Marv Fleming,1971,1,1971-09-19,False,MIA,DEN,A,T,10,10,,0,0,0,0,0,0,0,0,0,0,,0,0.0,0.0,7007,False,targets;fum_rec_td,PFR+RULE2PT,19710919-MIA-DEN,False,fum_rec_td,False,True,fum_rec_td,
Marv Fleming,1971,2,1971-09-26,False,MIA,BUF,A,W,29,14,,0,0,0,0,0,0,0,0,0,0,,0,0.0,0.0,7007,False,targets;fum_rec_td,PFR+RULE2PT,19710926-MIA-BUF,False,fum_rec_td,False,True,fum_rec_td,
Marv Fleming,1971,3,1971-10-03,False,MIA,NYJ,H,L,10,14,,0,0,0,0,0,0,0,0,0,0,,0,0.0,0.0,7007,False,targets;fum_rec_td,PFR+RULE2PT,19711003-NYJ-MIA,False,fum_rec_td,False,True,fum_rec_td,
Marv Fleming,1971,4,1971-10-10,False,MIA,CIN,A,W,23,13,,3,30,0,0,0,0,0,0,0,0,,0,3.0,6.0,7007,False,targets;fum_rec_td,PFR+RULE2PT,19711010-MIA-CIN,False,fum_rec_td,False,True,fum_rec_td,
Marv Fleming,1971,5,1971-10-17,False,MIA,NWE,H,W,41,3,,0,0,0,0,0,0,0,0,0,0,,0,0.0,0.0,7007,False,targets;fum_rec_td,PFR+RULE2PT,19711017-NWE-MIA,False,fum_rec_td,False,True,fum_rec_td,
Marv Fleming,1971,6,1971-10-24,False,MIA,NYJ,A,W,30,14,,0,0,0,0,0,0,0,0,0,0,,0,0.0,0.0,7007,False,targets;fum_rec_td,PFR+RULE2PT,19711024-MIA-NYJ,False,fum_rec_td,False,True,fum_rec_td,
Marv Fleming,1971,7,1971-10-31,False,MIA,RAM,A,W,20,14,,1,11,0,0,0,0,0,0,0,0,,0,1.1,2.1,7007,False,targets;fum_rec_td,PFR+RULE2PT,19711031-MIA-RAM,False,fum_rec_td,False,True,fum_rec_td,
Marv Fleming,1971,8,1971-11-07,False,MIA,BUF,H,W,34,0,,0,0,0,0,0,0,0,0,0,0,,0,0.0,0.0,7007,False,targets;fum_rec_td,PFR+RULE2PT,19711107-BUF-MIA,False,fum_rec_td,False,True,fum_rec_td,
Marv Fleming,1971,9,1971-11-14,False,MIA,PIT,H,W,24,21,,0,0,0,0,0,0,0,0,0,0,,0,0.0,0.0,7007,False,targets;fum_rec_td,PFR+RULE2PT,19711114-PIT-MIA,False,fum_rec_td,False,True,fum_rec_td,
Marv Fleming,1971,10,1971-11-21,False,MIA,BAL,H,W,17,14,,2,26,1,0,0,0,0,0,0,0,,0,8.6,10.6,7007,False,targets;fum_rec_td,PFR+RULE2PT,19711121-BAL-MIA,False,fum_rec_td,False,True,fum_rec_td,
Marv Fleming,1971,11,1971-11-29,False,MIA,CHI,H,W,34,3,,3,20,1,0,0,0,0,0,0,0,,0,8.0,11.0,7007,False,targets;fum_rec_td,PFR+RULE2PT,19711129-CHI-MIA,False,fum_rec_td,False,True,fum_rec_td,
Marv Fleming,1971,12,1971-12-05,False,MIA,NWE,A,L,13,34,,0,0,0,0,0,0,0,0,0,0,,0,0.0,0.0,7007,False,targets;fum_rec_td,PFR+RULE2PT,19711205-MIA-NWE,False,fum_rec_td,False,True,fum_rec_td,
Marv Fleming,1971,13,1971-12-11,False,MIA,BAL,A,L,3,14,,3,42,0,0,0,0,0,0,0,0,,0,4.2,7.2,7007,False,targets;fum_rec_td,PFR+RULE2PT,19711211-MIA-BAL,False,fum_rec_td,False,True,fum_rec_td,
Marv Fleming,1971,14,1971-12-19,False,MIA,GNB,H,W,27,6,,1,8,0,0,0,0,0,0,0,0,,0,0.8,1.8,7007,False,targets;fum_rec_td,PFR+RULE2PT,19711219-GNB-MIA,False,fum_rec_td,False,True,fum_rec_td,
Marv Fleming,1971,15,1971-12-25,True,MIA,KAN,A,W,27,24,,4,37,1,0,0,0,0,0,0,0,,0,9.7,13.7,7007,False,targets;fum_rec_td,PFR+RULE2PT,19711225-MIA-KAN,False,fum_rec_td,False,True,fum_rec_td,
Marv Fleming,1971,16,1972-01-02,True,MIA,BAL,H,W,21,0,,0,0,0,0,0,0,0,0,0,0,,0,0.0,0.0,7007,False,targets;fum_rec_td,PFR+RULE2PT,19720102-BAL-MIA,False,fum_rec_td,False,True,fum_rec_td,
Marv Fleming,1971,17,1972-01-16,True,MIA,DAL,N,L,3,24,,1,27,0,0,0,0,0,0,0,0,,0,2.7,3.7,7007,False,targets;fum_rec_td,PFR+RULE2PT,19720116-DAL-MIA-N,False,fum_rec_td,False,True,fum_rec_td,
Marv Fleming,1972,1,1972-09-17,False,MIA,KAN,A,W,20,10,,2,24,0,0,0,0,0,0,0,0,,0,2.4,4.4,7007,False,targets;fum_rec_td,PFR+RULE2PT,19720917-MIA-KAN,False,fum_rec_td,False,True,fum_rec_td,
Marv Fleming,1972,2,1972-09-24,False,MIA,HOU,H,W,34,13,,1,16,0,0,0,0,0,0,0,0,,0,1.6,2.6,7007,False,targets;fum_rec_td,PFR+RULE2PT,19720924-HOU-MIA,False,fum_rec_td,False,True,fum_rec_td,
Marv Fleming,1972,3,1972-10-01,False,MIA,MIN,A,W,16,14,,2,10,0,0,0,0,0,0,0,0,,0,1.0,3.0,7007,False,targets;fum_rec_td,PFR+RULE2PT,19721001-MIA-MIN,False,fum_rec_td,False,True,fum_rec_td,
Marv Fleming,1972,4,1972-10-08,False,MIA,NYJ,A,W,27,17,,2,34,0,0,0,0,0,0,0,0,,0,3.4,5.4,7007,False,targets;fum_rec_td,PFR+RULE2PT,19721008-MIA-NYJ,False,fum_rec_td,False,True,fum_rec_td,
Marv Fleming,1972,5,1972-10-15,False,MIA,SDG,H,W,24,10,,1,4,0,0,0,0,0,0,0,0,,0,0.4,1.4,7007,False,targets;fum_rec_td,PFR+RULE2PT,19721015-SDG-MIA,False,fum_rec_td,False,True,fum_rec_td,
Marv Fleming,1972,6,1972-10-22,False,MIA,BUF,H,W,24,23,,0,0,0,0,0,0,0,0,0,0,,0,0.0,0.0,7007,False,targets;fum_rec_td,PFR+RULE2PT,19721022-BUF-MIA,False,fum_rec_td,False,True,fum_rec_td,
Marv Fleming,1972,7,1972-10-29,False,MIA,BAL,A,W,23,0,,1,5,0,0,0,0,0,0,0,0,,0,0.5,1.5,7007,False,targets;fum_rec_td,PFR+RULE2PT,19721029-MIA-BAL,False,fum_rec_td,False,True,fum_rec_td,
Marv Fleming,1972,8,1972-11-05,False,MIA,BUF,A,W,30,16,,2,38,1,0,0,0,0,0,0,0,,0,9.8,11.8,7007,False,targets;fum_rec_td,PFR+RULE2PT,19721105-MIA-BUF,False,fum_rec_td,False,True,fum_rec_td,
Marv Fleming,1972,9,1972-11-12,False,MIA,NWE,H,W,52,0,,0,0,0,0,0,0,0,0,0,0,,0,0.0,0.0,7007,False,targets;fum_rec_td,PFR+RULE2PT,19721112-NWE-MIA,False,fum_rec_td,False,True,fum_rec_td,
Marv Fleming,1972,10,1972-11-19,False,MIA,NYJ,H,W,28,24,,0,0,0,0,0,0,0,0,0,0,,0,0.0,0.0,7007,False,targets;fum_rec_td,PFR+RULE2PT,19721119-NYJ-MIA,False,fum_rec_td,False,True,fum_rec_td,
Marv Fleming,1972,11,1972-11-27,False,MIA,STL,H,W,31,10,,0,0,0,0,0,0,0,0,0,0,,0,0.0,0.0,7007,False,targets;fum_rec_td,PFR+RULE2PT,19721127-STL-MIA,False,fum_rec_td,False,True,fum_rec_td,
Marv Fleming,1972,12,1972-12-03,False,MIA,NWE,A,W,37,21,,1,11,0,0,0,0,0,0,0,0,,0,1.1,2.1,7007,False,targets;fum_rec_td,PFR+RULE2PT,19721203-MIA-NWE,False,fum_rec_td,False,True,fum_rec_td,
Marv Fleming,1972,13,1972-12-10,False,MIA,NYG,A,W,23,13,,0,0,0,0,0,0,0,0,0,0,,0,0.0,0.0,7007,False,targets;fum_rec_td,PFR+RULE2PT,19721210-MIA-NYG,False,fum_rec_td,False,True,fum_rec_td,
Marv Fleming,1972,14,1972-12-16,False,MIA,BAL,H,W,16,0,,1,14,0,0,0,0,0,0,0,0,,0,1.4,2.4,7007,False,targets;fum_rec_td,PFR+RULE2PT,19721216-BAL-MIA,False,fum_rec_td,False,True,fum_rec_td,
Marv Fleming,1972,15,1972-12-24,True,MIA,CLE,H,W,20,14,,0,0,0,0,0,0,0,0,0,0,,0,0.0,0.0,7007,False,targets;fum_rec_td,PFR+RULE2PT,19721224-CLE-MIA,False,fum_rec_td,False,True,fum_rec_td,
Marv Fleming,1972,16,1972-12-31,True,MIA,PIT,A,W,21,17,,5,50,0,0,0,0,0,0,0,0,,0,5.0,10.0,7007,False,targets;fum_rec_td,PFR+RULE2PT,19721231-MIA-PIT,False,fum_rec_td,False,True,fum_rec_td,
Marv Fleming,1972,17,1973-01-14,True,MIA,WAS,N,W,14,7,,0,0,0,0,0,0,0,0,0,0,,0,0.0,0.0,7007,False,targets;fum_rec_td,PFR+RULE2PT,19730114-MIA-WAS-N,False,fum_rec_td,False,True,fum_rec_td,
Marv Fleming,1973,1,1973-09-16,False,MIA,SFO,H,W,21,13,,0,0,0,0,0,0,0,0,0,0,,0,0.0,0.0,7007,False,targets;fum_rec_td,PFR+RULE2PT,19730916-SFO-MIA,False,fum_rec_td,False,True,fum_rec_td,
Marv Fleming,1973,2,1973-09-23,False,MIA,OAK,A,L,7,12,,1,3,0,0,0,0,0,0,0,0,,0,0.3,1.3,7007,False,targets;fum_rec_td,PFR+RULE2PT,19730923-MIA-OAK,False,fum_rec_td,False,True,fum_rec_td,
Marv Fleming,1973,3,1973-09-30,False,MIA,NWE,H,W,44,23,,2,19,0,0,0,0,0,0,0,0,,0,1.9,3.9,7007,False,targets;fum_rec_td,PFR+RULE2PT,19730930-NWE-MIA,False,fum_rec_td,False,True,fum_rec_td,
Marv Fleming,1973,4,1973-10-07,False,MIA,NYJ,H,W,31,3,,0,0,0,0,0,0,0,0,0,0,,0,0.0,0.0,7007,False,targets;fum_rec_td,PFR+RULE2PT,19731007-NYJ-MIA,False,fum_rec_td,False,True,fum_rec_td,
Marv Fleming,1973,5,1973-10-15,False,MIA,CLE,A,W,17,9,,0,0,0,0,0,0,0,0,0,0,,0,0.0,0.0,7007,False,targets;fum_rec_td,PFR+RULE2PT,19731015-MIA-CLE,False,fum_rec_td,False,True,fum_rec_td,
Marv Fleming,1973,6,1973-10-21,False,MIA,BUF,H,W,27,6,,0,0,0,0,0,0,0,0,0,0,,0,0.0,0.0,7007,False,targets;fum_rec_td,PFR+RULE2PT,19731021-BUF-MIA,False,fum_rec_td,False,True,fum_rec_td,
Marv Fleming,1973,7,1973-10-28,False,MIA,NWE,A,W,30,14,,0,0,0,0,0,0,0,0,0,0,,0,0.0,0.0,7007,False,targets;fum_rec_td,PFR+RULE2PT,19731028-MIA-NWE,False,fum_rec_td,False,True,fum_rec_td,
Marv Fleming,1973,8,1973-11-04,False,MIA,NYJ,A,W,24,14,,0,0,0,0,0,0,0,0,0,0,,0,0.0,0.0,7007,False,targets;fum_rec_td,PFR+RULE2PT,19731104-MIA-NYJ,False,fum_rec_td,False,True,fum_rec_td,
Marv Fleming,1973,9,1973-11-11,False,MIA,BAL,H,W,44,0,,0,0,0,0,0,0,0,0,0,0,,0,0.0,0.0,7007,False,targets;fum_rec_td,PFR+RULE2PT,19731111-BAL-MIA,False,fum_rec_td,False,True,fum_rec_td,
Marv Fleming,1973,10,1973-11-18,False,MIA,BUF,A,W,17,0,,0,0,0,0,0,0,0,0,0,0,,0,0.0,0.0,7007,False,targets;fum_rec_td,PFR+RULE2PT,19731118-MIA-BUF,False,fum_rec_td,False,True,fum_rec_td,
Marv Fleming,1973,11,1973-11-22,False,MIA,DAL,A,W,14,7,,0,0,0,0,0,0,0,0,0,0,,0,0.0,0.0,7007,False,targets;fum_rec_td,PFR+RULE2PT,19731122-MIA-DAL,False,fum_rec_td,False,True,fum_rec_td,
Marv Fleming,1973,16,1973-12-30,True,MIA,OAK,H,W,27,10,,0,0,0,0,0,0,0,0,0,0,,0,0.0,0.0,7007,False,targets;fum_rec_td,PFR+RULE2PT,19731230-OAK-MIA,False,fum_rec_td,False,True,fum_rec_td,
Marv Fleming,1973,17,1974-01-13,True,MIA,MIN,N,W,24,7,,0,0,0,0,0,0,0,0,0,0,,0,0.0,0.0,7007,False,targets;fum_rec_td,PFR+RULE2PT,19740113-MIA-MIN-N,False,fum_rec_td,False,True,fum_rec_td,
Marv Fleming,1974,1,1974-09-15,False,MIA,NWE,A,L,24,34,,0,0,0,0,0,0,0,0,0,0,,0,0.0,0.0,7007,False,targets;fum_rec_td,PFR+RULE2PT,19740915-MIA-NWE,False,fum_rec_td,False,True,fum_rec_td,
Marv Fleming,1974,2,1974-09-22,False,MIA,BUF,A,W,24,16,,1,3,1,0,0,0,0,0,0,0,,0,6.3,7.3,7007,False,targets;fum_rec_td,PFR+RULE2PT,19740922-MIA-BUF,False,fum_rec_td,False,True,fum_rec_td,
Marv Fleming,1974,3,1974-09-29,False,MIA,SDG,A,W,28,21,,0,0,0,0,0,0,0,0,0,0,,0,0.0,0.0,7007,False,targets;fum_rec_td,PFR+RULE2PT,19740929-MIA-SDG,False,fum_rec_td,False,True,fum_rec_td,
Marv Fleming,1974,4,1974-10-07,False,MIA,NYJ,H,W,21,17,,0,0,0,0,0,0,0,0,0,0,,0,0.0,0.0,7007,False,targets;fum_rec_td,PFR+RULE2PT,19741007-NYJ-MIA,False,fum_rec_td,False,True,fum_rec_td,
Marv Fleming,1974,5,1974-10-13,False,MIA,WAS,A,L,17,20,,0,0,0,0,0,0,0,0,0,0,,0,0.0,0.0,7007,False,targets;fum_rec_td,PFR+RULE2PT,19741013-MIA-WAS,False,fum_rec_td,False,True,fum_rec_td,
Marv Fleming,1974,6,1974-10-20,False,MIA,KAN,H,W,9,3,,0,0,0,0,0,0,0,0,0,0,,0,0.0,0.0,7007,False,targets;fum_rec_td,PFR+RULE2PT,19741020-KAN-MIA,False,fum_rec_td,False,True,fum_rec_td,
Marv Fleming,1974,7,1974-10-27,False,MIA,BAL,H,W,17,7,,0,0,0,0,0,0,0,0,0,0,,0,0.0,0.0,7007,False,targets;fum_rec_td,PFR+RULE2PT,19741027-BAL-MIA,False,fum_rec_td,False,True,fum_rec_td,
Marv Fleming,1974,8,1974-11-03,False,MIA,ATL,H,W,42,7,,0,0,0,0,0,0,0,0,0,0,,0,0.0,0.0,7007,False,targets;fum_rec_td,PFR+RULE2PT,19741103-ATL-MIA,False,fum_rec_td,False,True,fum_rec_td,
Marv Fleming,1974,9,1974-11-10,False,MIA,NOR,A,W,21,0,,0,0,0,0,0,0,0,0,0,0,,0,0.0,0.0,7007,False,targets;fum_rec_td,PFR+RULE2PT,19741110-MIA-NOR,False,fum_rec_td,False,True,fum_rec_td,
Marv Fleming,1974,10,1974-11-17,False,MIA,BUF,H,W,35,28,,0,0,0,0,0,0,0,0,0,0,,0,0.0,0.0,7007,False,targets;fum_rec_td,PFR+RULE2PT,19741117-BUF-MIA,False,fum_rec_td,False,True,fum_rec_td,
Marv Fleming,1974,11,1974-11-24,False,MIA,NYJ,A,L,14,17,,0,0,0,0,0,0,0,0,0,0,,0,0.0,0.0,7007,False,targets;fum_rec_td,PFR+RULE2PT,19741124-MIA-NYJ,False,fum_rec_td,False,True,fum_rec_td,
Marv Fleming,1974,12,1974-12-02,False,MIA,CIN,H,W,24,3,,0,0,0,0,0,0,0,0,0,0,,0,0.0,0.0,7007,False,targets;fum_rec_td,PFR+RULE2PT,19741202-CIN-MIA,False,fum_rec_td,False,True,fum_rec_td,
Marv Fleming,1974,13,1974-12-08,False,MIA,BAL,A,W,17,16,,0,0,0,0,0,0,0,0,0,0,,0,0.0,0.0,7007,False,targets;fum_rec_td,PFR+RULE2PT,19741208-MIA-BAL,False,fum_rec_td,False,True,fum_rec_td,
Marv Fleming,1974,14,1974-12-15,False,MIA,NWE,H,W,34,27,,0,0,0,0,0,0,0,0,0,0,,0,0.0,0.0,7007,False,targets;fum_rec_td,PFR+RULE2PT,19741215-NWE-MIA,False,fum_rec_td,False,True,fum_rec_td,
Marv Fleming,1974,15,1974-12-21,True,MIA,OAK,A,L,26,28,,0,0,0,0,0,0,0,0,0,0,,0,0.0,0.0,7007,False,targets;fum_rec_td,PFR+RULE2PT,19741221-MIA-OAK,False,fum_rec_td,False,True,fum_rec_td,
John Hilton,1970,1,1970-09-20,False,GNB,DET,H,L,0,40,,0,0,0,0,0,0,0,0,0,0,,0,0.0,0.0,9917,False,targets;fum_rec_td,PFR+RULE2PT,19700920-DET-GNB,False,fum_rec_td,False,True,fum_rec_td,
John Hilton,1970,2,1970-09-27,False,GNB,ATL,H,W,27,24,,2,30,0,0,0,0,0,0,0,0,,0,3.0,5.0,9917,False,targets;fum_rec_td,PFR+RULE2PT,19700927-ATL-GNB,False,fum_rec_td,False,True,fum_rec_td,
John Hilton,1970,3,1970-10-04,False,GNB,MIN,H,W,13,10,,4,29,0,0,0,0,0,0,0,0,,0,2.9,6.9,9917,False,targets;fum_rec_td,PFR+RULE2PT,19701004-MIN-GNB,False,fum_rec_td,False,True,fum_rec_td,
John Hilton,1970,4,1970-10-12,False,GNB,SDG,A,W,22,20,,2,4,1,0,0,0,0,0,0,0,,0,6.4,8.4,9917,False,targets;fum_rec_td,PFR+RULE2PT,19701012-GNB-SDG,False,fum_rec_td,False,True,fum_rec_td,
John Hilton,1970,5,1970-10-18,False,GNB,RAM,H,L,21,31,,4,30,1,0,0,0,0,0,0,0,,0,9.0,13.0,9917,False,targets;fum_rec_td,PFR+RULE2PT,19701018-RAM-GNB,False,fum_rec_td,False,True,fum_rec_td,
John Hilton,1970,6,1970-10-25,False,GNB,PHI,H,W,30,17,,1,10,0,0,0,0,0,0,0,0,,0,1.0,2.0,9917,False,targets;fum_rec_td,PFR+RULE2PT,19701025-PHI-GNB,False,fum_rec_td,False,True,fum_rec_td,
John Hilton,1970,7,1970-11-01,False,GNB,SFO,A,L,10,26,,1,21,0,0,0,0,0,0,0,0,,0,2.1,3.1,9917,False,targets;fum_rec_td,PFR+RULE2PT,19701101-GNB-SFO,False,fum_rec_td,False,True,fum_rec_td,
John Hilton,1970,8,1970-11-09,False,GNB,BAL,H,L,10,13,,2,33,0,0,0,0,0,0,0,0,,0,3.3,5.3,9917,False,targets;fum_rec_td,PFR+RULE2PT,19701109-BAL-GNB,False,fum_rec_td,False,True,fum_rec_td,
John Hilton,1970,9,1970-11-15,False,GNB,CHI,H,W,20,19,,2,46,0,0,0,0,0,0,0,0,,0,4.6,6.6,9917,False,targets;fum_rec_td,PFR+RULE2PT,19701115-CHI-GNB,False,fum_rec_td,False,True,fum_rec_td,
John Hilton,1970,10,1970-11-22,False,GNB,MIN,A,L,3,10,,1,19,0,0,0,0,0,0,0,0,,0,1.9,2.9,9917,False,targets;fum_rec_td,PFR+RULE2PT,19701122-GNB-MIN,False,fum_rec_td,False,True,fum_rec_td,
John Hilton,1970,11,1970-11-26,False,GNB,DAL,A,L,3,16,,0,0,0,0,0,0,0,0,0,0,,0,0.0,0.0,9917,False,targets;fum_rec_td,PFR+RULE2PT,19701126-GNB-DAL,False,fum_rec_td,False,True,fum_rec_td,
John Hilton,1970,12,1970-12-06,False,GNB,PIT,A,W,20,12,,5,99,1,0,0,0,0,0,0,0,,0,15.9,20.9,9917,False,targets;fum_rec_td,PFR+RULE2PT,19701206-GNB-PIT,False,fum_rec_td,False,True,fum_rec_td,
John Hilton,1970,13,1970-12-13,False,GNB,CHI,A,L,17,35,,1,29,1,0,0,0,0,0,0,0,,0,8.9,9.9,9917,False,targets;fum_rec_td,PFR+RULE2PT,19701213-GNB-CHI,False,fum_rec_td,False,True,fum_rec_td,
John Hilton,1970,14,1970-12-20,False,GNB,DET,A,L,0,20,,0,0,0,0,0,0,0,0,0,0,,0,0.0,0.0,9917,False,targets;fum_rec_td,PFR+RULE2PT,19701220-GNB-DET,False,fum_rec_td,False,True,fum_rec_td,
John Hilton,1971,2,1971-09-26,False,MIN,CHI,H,L,17,20,,0,0,0,0,0,0,0,0,0,0,,0,0.0,0.0,9917,False,targets;fum_rec_td,PFR+RULE2PT,19710926-CHI-MIN,False,fum_rec_td,False,True,fum_rec_td,
John Hilton,1971,3,1971-10-03,False,MIN,BUF,H,W,19,0,,0,0,0,0,0,0,0,0,0,0,,0,0.0,0.0,9917,False,targets;fum_rec_td,PFR+RULE2PT,19711003-BUF-MIN,False,fum_rec_td,False,True,fum_rec_td,
John Hilton,1971,4,1971-10-10,False,MIN,PHI,A,W,13,0,,0,0,0,0,0,0,0,0,0,0,,0,0.0,0.0,9917,False,targets;fum_rec_td,PFR+RULE2PT,19711010-MIN-PHI,False,fum_rec_td,False,True,fum_rec_td,
John Hilton,1971,5,1971-10-17,False,MIN,GNB,A,W,24,13,,0,0,0,0,0,0,0,0,0,0,,0,0.0,0.0,9917,False,targets;fum_rec_td,PFR+RULE2PT,19711017-MIN-GNB,False,fum_rec_td,False,True,fum_rec_td,
John Hilton,1971,6,1971-10-25,False,MIN,BAL,H,W,10,3,,0,0,0,0,0,0,0,0,0,0,,0,0.0,0.0,9917,False,targets;fum_rec_td,PFR+RULE2PT,19711025-BAL-MIN,False,fum_rec_td,False,True,fum_rec_td,
John Hilton,1971,7,1971-10-31,False,MIN,NYG,A,W,17,10,,0,0,0,0,0,0,0,0,0,0,,0,0.0,0.0,9917,False,targets;fum_rec_td,PFR+RULE2PT,19711031-MIN-NYG,False,fum_rec_td,False,True,fum_rec_td,
John Hilton,1971,8,1971-11-07,False,MIN,SFO,H,L,9,13,,0,0,0,0,0,0,0,0,0,0,,0,0.0,0.0,9917,False,targets;fum_rec_td,PFR+RULE2PT,19711107-SFO-MIN,False,fum_rec_td,False,True,fum_rec_td,
John Hilton,1972,1,1972-09-17,False,DET,NYG,H,W,30,16,,3,120,1,0,0,0,0,0,0,0,,0,18.0,21.0,9917,False,targets;fum_rec_td,PFR+RULE2PT,19720917-NYG-DET,False,fum_rec_td,False,True,fum_rec_td,
John Hilton,1972,2,1972-09-24,False,DET,MIN,H,L,10,34,,2,13,0,0,0,0,0,0,0,0,,0,1.3,3.3,9917,False,targets;fum_rec_td,PFR+RULE2PT,19720924-MIN-DET,False,fum_rec_td,False,True,fum_rec_td,
John Hilton,1972,3,1972-10-01,False,DET,CHI,A,W,38,24,,0,0,0,0,0,0,0,0,0,0,,0,0.0,0.0,9917,False,targets;fum_rec_td,PFR+RULE2PT,19721001-DET-CHI,False,fum_rec_td,False,True,fum_rec_td,
John Hilton,1972,4,1972-10-08,False,DET,ATL,A,W,26,23,,0,0,0,0,0,0,0,0,0,0,,0,0.0,0.0,9917,False,targets;fum_rec_td,PFR+RULE2PT,19721008-DET-ATL,False,fum_rec_td,False,True,fum_rec_td,
John Hilton,1972,5,1972-10-16,False,DET,GNB,H,L,23,24,,0,0,0,0,0,0,0,0,0,0,,0,0.0,0.0,9917,False,targets;fum_rec_td,PFR+RULE2PT,19721016-GNB-DET,False,fum_rec_td,False,True,fum_rec_td,
John Hilton,1973,1,1973-09-16,False,DET,PIT,A,L,10,24,,0,0,0,0,0,0,0,0,0,0,,0,0.0,0.0,9917,False,targets;fum_rec_td,PFR+RULE2PT,19730916-DET-PIT,False,fum_rec_td,False,True,fum_rec_td,
John Hilton,1973,2,1973-09-23,False,DET,GNB,A,T,13,13,,0,0,0,0,0,0,0,0,0,0,,0,0.0,0.0,9917,False,targets;fum_rec_td,PFR+RULE2PT,19730923-DET-GNB,False,fum_rec_td,False,True,fum_rec_td,
John Hilton,1973,3,1973-10-01,False,DET,ATL,H,W,31,6,,0,0,0,0,0,0,0,0,0,0,,0,0.0,0.0,9917,False,targets;fum_rec_td,PFR+RULE2PT,19731001-ATL-DET,False,fum_rec_td,False,True,fum_rec_td,
John Hilton,1973,4,1973-10-07,False,DET,MIN,H,L,9,23,,0,0,0,0,0,0,0,0,0,0,,0,0.0,0.0,9917,False,targets;fum_rec_td,PFR+RULE2PT,19731007-MIN-DET,False,fum_rec_td,False,True,fum_rec_td,
John Hilton,1973,5,1973-10-14,False,DET,NOR,A,L,13,20,,1,31,0,0,0,0,0,0,0,0,,0,3.1,4.1,9917,False,targets;fum_rec_td,PFR+RULE2PT,19731014-DET-NOR,False,fum_rec_td,False,True,fum_rec_td,
John Hilton,1973,6,1973-10-21,False,DET,BAL,H,L,27,29,,0,0,0,0,0,0,0,0,0,0,,0,0.0,0.0,9917,False,targets;fum_rec_td,PFR+RULE2PT,19731021-BAL-DET,False,fum_rec_td,False,True,fum_rec_td,
John Hilton,1973,7,1973-10-28,False,DET,GNB,H,W,34,0,,1,6,1,0,0,0,0,0,0,0,,0,6.6,7.6,9917,False,targets;fum_rec_td,PFR+RULE2PT,19731028-GNB-DET,False,fum_rec_td,False,True,fum_rec_td,
John Hilton,1973,8,1973-11-04,False,DET,SFO,H,W,30,20,,0,0,0,0,0,0,0,0,0,0,,0,0.0,0.0,9917,False,targets;fum_rec_td,PFR+RULE2PT,19731104-SFO-DET,False,fum_rec_td,False,True,fum_rec_td,
John Hilton,1973,9,1973-11-11,False,DET,MIN,A,L,7,28,,0,0,0,0,0,0,0,0,0,0,,0,0.0,0.0,9917,False,targets;fum_rec_td,PFR+RULE2PT,19731111-DET-MIN,False,fum_rec_td,False,True,fum_rec_td,
John Hilton,1973,10,1973-11-18,False,DET,CHI,A,W,30,7,,1,11,0,0,0,0,0,0,0,0,,0,1.1,2.1,9917,False,targets;fum_rec_td,PFR+RULE2PT,19731118-DET-CHI,False,fum_rec_td,False,True,fum_rec_td,
John Hilton,1973,11,1973-11-22,False,DET,WAS,H,L,0,20,,0,0,0,0,0,0,0,0,0,0,,0,0.0,0.0,9917,False,targets;fum_rec_td,PFR+RULE2PT,19731122-WAS-DET,False,fum_rec_td,False,True,fum_rec_td,
John Hilton,1973,12,1973-12-02,False,DET,STL,A,W,20,16,,0,0,0,0,0,0,0,0,0,0,,0,0.0,0.0,9917,False,targets;fum_rec_td,PFR+RULE2PT,19731202-DET-STL,False,fum_rec_td,False,True,fum_rec_td,
John Hilton,1973,13,1973-12-09,False,DET,CHI,H,W,40,7,,2,16,0,0,0,0,0,0,0,0,,0,1.6,3.6,9917,False,targets;fum_rec_td,PFR+RULE2PT,19731209-CHI-DET,False,fum_rec_td,False,True,fum_rec_td,
John Hilton,1973,14,1973-12-15,False,DET,MIA,A,L,7,34,,1,6,0,0,0,0,0,0,0,0,,0,0.6,1.6,9917,False,targets;fum_rec_td,PFR+RULE2PT,19731215-DET-MIA,False,fum_rec_td,False,True,fum_rec_td,
Reuben Gant,1974,1,1974-09-16,False,BUF,OAK,H,W,21,20,,0,0,0,0,0,0,0,0,0,0,,0,0.0,0.0,7580,False,targets;fum_rec_td,PFR+RULE2PT,19740916-OAK-BUF,False,fum_rec_td,False,True,fum_rec_td,
Reuben Gant,1974,3,1974-09-29,False,BUF,NYJ,H,W,16,12,,0,0,0,0,0,0,0,0,0,0,,0,0.0,0.0,7580,False,targets;fum_rec_td,PFR+RULE2PT,19740929-NYJ-BUF,False,fum_rec_td,False,True,fum_rec_td,
Reuben Gant,1974,4,1974-10-06,False,BUF,GNB,A,W,27,7,,0,0,0,0,0,0,0,0,0,0,,0,0.0,0.0,7580,False,targets;fum_rec_td,PFR+RULE2PT,19741006-BUF-GNB,False,fum_rec_td,False,True,fum_rec_td,
Reuben Gant,1974,5,1974-10-13,False,BUF,BAL,A,W,27,14,,0,0,0,0,0,0,0,0,0,0,,0,0.0,0.0,7580,False,targets;fum_rec_td,PFR+RULE2PT,19741013-BUF-BAL,False,fum_rec_td,False,True,fum_rec_td,
Reuben Gant,1974,6,1974-10-20,False,BUF,NWE,H,W,30,28,,0,0,0,0,0,0,0,0,0,0,,0,0.0,0.0,7580,False,targets;fum_rec_td,PFR+RULE2PT,19741020-NWE-BUF,False,fum_rec_td,False,True,fum_rec_td,
Reuben Gant,1974,7,1974-10-27,False,BUF,CHI,H,W,16,6,,0,0,0,0,0,0,0,0,0,0,,0,0.0,0.0,7580,False,targets;fum_rec_td,PFR+RULE2PT,19741027-CHI-BUF,False,fum_rec_td,False,True,fum_rec_td,
Reuben Gant,1974,8,1974-11-03,False,BUF,NWE,A,W,29,28,,0,0,0,0,0,0,0,0,0,0,,0,0.0,0.0,7580,False,targets;fum_rec_td,PFR+RULE2PT,19741103-BUF-NWE,False,fum_rec_td,False,True,fum_rec_td,
Reuben Gant,1974,9,1974-11-10,False,BUF,HOU,H,L,9,21,,0,0,0,0,0,0,0,0,0,0,,0,0.0,0.0,7580,False,targets;fum_rec_td,PFR+RULE2PT,19741110-HOU-BUF,False,fum_rec_td,False,True,fum_rec_td,
Reuben Gant,1974,10,1974-11-17,False,BUF,MIA,A,L,28,35,,0,0,0,0,0,0,0,0,0,0,,0,0.0,0.0,7580,False,targets;fum_rec_td,PFR+RULE2PT,19741117-BUF-MIA,False,fum_rec_td,False,True,fum_rec_td,
Reuben Gant,1974,11,1974-11-24,False,BUF,CLE,A,W,15,10,,0,0,0,0,0,0,0,0,0,0,,0,0.0,0.0,7580,False,targets;fum_rec_td,PFR+RULE2PT,19741124-BUF-CLE,False,fum_rec_td,False,True,fum_rec_td,
Reuben Gant,1974,12,1974-12-01,False,BUF,BAL,H,W,6,0,,0,0,0,0,0,0,0,0,0,0,,0,0.0,0.0,7580,False,targets;fum_rec_td,PFR+RULE2PT,19741201-BAL-BUF,False,fum_rec_td,False,True,fum_rec_td,
Reuben Gant,1974,13,1974-12-08,False,BUF,NYJ,A,L,10,20,,0,0,0,0,0,0,0,0,0,0,,0,0.0,0.0,7580,False,targets;fum_rec_td,PFR+RULE2PT,19741208-BUF-NYJ,False,fum_rec_td,False,True,fum_rec_td,
Reuben Gant,1974,14,1974-12-15,False,BUF,RAM,A,L,14,19,,0,0,0,0,0,0,0,0,0,0,,0,0.0,0.0,7580,False,targets;fum_rec_td,PFR+RULE2PT,19741215-BUF-RAM,False,fum_rec_td,False,True,fum_rec_td,
Reuben Gant,1975,1,1975-09-21,False,BUF,NYJ,H,W,42,14,,0,0,0,0,0,0,0,0,0,0,,0,0.0,0.0,7580,False,targets;fum_rec_td,PFR+RULE2PT,19750921-NYJ-BUF,False,fum_rec_td,False,True,fum_rec_td,
Reuben Gant,1975,2,1975-09-28,False,BUF,PIT,A,W,30,21,,3,35,1,0,0,0,0,0,0,0,,0,9.5,12.5,7580,False,targets;fum_rec_td,PFR+RULE2PT,19750928-BUF-PIT,False,fum_rec_td,False,True,fum_rec_td,
Reuben Gant,1975,3,1975-10-05,False,BUF,DEN,H,W,38,14,,0,0,0,0,0,0,0,0,0,0,,0,0.0,0.0,7580,False,targets;fum_rec_td,PFR+RULE2PT,19751005-DEN-BUF,False,fum_rec_td,False,True,fum_rec_td,
Reuben Gant,1975,4,1975-10-12,False,BUF,BAL,A,W,38,31,,0,0,0,0,0,0,0,0,0,0,,0,0.0,0.0,7580,False,targets;fum_rec_td,PFR+RULE2PT,19751012-BUF-BAL,False,fum_rec_td,False,True,fum_rec_td,
Reuben Gant,1975,5,1975-10-20,False,BUF,NYG,H,L,14,17,,0,0,0,0,0,0,0,0,0,0,,0,0.0,0.0,7580,False,targets;fum_rec_td,PFR+RULE2PT,19751020-NYG-BUF,False,fum_rec_td,False,True,fum_rec_td,
Reuben Gant,1975,6,1975-10-26,False,BUF,MIA,H,L,30,35,,1,11,0,0,0,0,0,0,0,0,,0,1.1,2.1,7580,False,targets;fum_rec_td,PFR+RULE2PT,19751026-MIA-BUF,False,fum_rec_td,False,True,fum_rec_td,
Reuben Gant,1975,7,1975-11-02,False,BUF,NYJ,A,W,24,23,,0,0,0,0,0,0,0,0,0,0,,0,0.0,0.0,7580,False,targets;fum_rec_td,PFR+RULE2PT,19751102-BUF-NYJ,False,fum_rec_td,False,True,fum_rec_td,
Reuben Gant,1975,8,1975-11-09,False,BUF,BAL,H,L,35,42,,0,0,0,0,0,0,0,0,0,0,,0,0.0,0.0,7580,False,targets;fum_rec_td,PFR+RULE2PT,19751109-BAL-BUF,False,fum_rec_td,False,True,fum_rec_td,
Reuben Gant,1975,9,1975-11-17,False,BUF,CIN,A,L,24,33,,0,0,0,0,0,0,0,0,0,0,,0,0.0,0.0,7580,False,targets;fum_rec_td,PFR+RULE2PT,19751117-BUF-CIN,False,fum_rec_td,False,True,fum_rec_td,
Reuben Gant,1975,10,1975-11-23,False,BUF,NWE,H,W,45,31,,1,19,1,0,0,0,0,0,0,0,,0,7.9,8.9,7580,False,targets;fum_rec_td,PFR+RULE2PT,19751123-NWE-BUF,False,fum_rec_td,False,True,fum_rec_td,
Reuben Gant,1975,11,1975-11-27,False,BUF,STL,A,W,32,14,,0,0,0,0,0,0,0,0,0,0,,0,0.0,0.0,7580,False,targets;fum_rec_td,PFR+RULE2PT,19751127-BUF-STL,False,fum_rec_td,False,True,fum_rec_td,
Reuben Gant,1975,12,1975-12-07,False,BUF,MIA,A,L,21,31,,1,9,0,0,0,0,0,0,0,0,,0,0.9,1.9,7580,False,targets;fum_rec_td,PFR+RULE2PT,19751207-BUF-MIA,False,fum_rec_td,False,True,fum_rec_td,
Reuben Gant,1975,13,1975-12-14,False,BUF,NWE,A,W,34,14,,0,0,0,0,0,0,0,0,0,0,,0,0.0,0.0,7580,False,targets;fum_rec_td,PFR+RULE2PT,19751214-BUF-NWE,False,fum_rec_td,False,True,fum_rec_td,
Reuben Gant,1975,14,1975-12-20,False,BUF,MIN,H,L,13,35,,3,33,0,0,0,0,0,0,0,0,,0,3.3,6.3,7580,False,targets;fum_rec_td,PFR+RULE2PT,19751220-MIN-BUF,False,fum_rec_td,False,True,fum_rec_td,
Reuben Gant,1976,1,1976-09-13,False,BUF,MIA,H,L,21,30,,1,15,0,0,0,0,0,0,0,0,,0,1.5,2.5,7580,False,targets;fum_rec_td,PFR+RULE2PT,19760913-MIA-BUF,False,fum_rec_td,False,True,fum_rec_td,
Reuben Gant,1976,2,1976-09-19,False,BUF,HOU,H,L,3,13,,0,0,0,0,0,0,0,0,0,0,,0,0.0,0.0,7580,False,targets;fum_rec_td,PFR+RULE2PT,19760919-HOU-BUF,False,fum_rec_td,False,True,fum_rec_td,
Reuben Gant,1976,3,1976-09-26,False,BUF,TAM,A,W,14,9,,3,50,1,0,0,0,0,0,0,0,,0,11.0,14.0,7580,False,targets;fum_rec_td,PFR+RULE2PT,19760926-BUF-TAM,False,fum_rec_td,False,True,fum_rec_td,
Reuben Gant,1976,4,1976-10-03,False,BUF,KAN,H,W,50,17,,0,0,0,0,0,0,0,0,0,0,,0,0.0,0.0,7580,False,targets;fum_rec_td,PFR+RULE2PT,19761003-KAN-BUF,False,fum_rec_td,False,True,fum_rec_td,
Reuben Gant,1976,5,1976-10-10,False,BUF,NYJ,A,L,14,17,,0,0,0,0,0,0,0,0,0,0,,0,0.0,0.0,7580,False,targets;fum_rec_td,PFR+RULE2PT,19761010-BUF-NYJ,False,fum_rec_td,False,True,fum_rec_td,
Reuben Gant,1976,6,1976-10-17,False,BUF,BAL,H,L,13,31,,1,39,0,0,0,0,0,0,0,0,,0,3.9,4.9,7580,False,targets;fum_rec_td,PFR+RULE2PT,19761017-BAL-BUF,False,fum_rec_td,False,True,fum_rec_td,
Reuben Gant,1976,7,1976-10-24,False,BUF,NWE,H,L,22,26,,0,0,0,0,0,0,0,0,0,0,,0,0.0,0.0,7580,False,targets;fum_rec_td,PFR+RULE2PT,19761024-NWE-BUF,False,fum_rec_td,False,True,fum_rec_td,
Reuben Gant,1976,8,1976-10-31,False,BUF,NYJ,H,L,14,19,,0,0,0,0,0,0,0,0,0,0,,0,0.0,0.0,7580,False,targets;fum_rec_td,PFR+RULE2PT,19761031-NYJ-BUF,False,fum_rec_td,False,True,fum_rec_td,
Reuben Gant,1976,9,1976-11-07,False,BUF,NWE,A,L,10,20,,2,69,0,0,0,0,0,0,0,0,,0,6.9,8.9,7580,False,targets;fum_rec_td,PFR+RULE2PT,19761107-BUF-NWE,False,fum_rec_td,False,True,fum_rec_td,
Reuben Gant,1976,10,1976-11-15,False,BUF,DAL,A,L,10,17,,2,51,1,0,0,0,0,0,0,0,,0,11.1,13.1,7580,False,targets;fum_rec_td,PFR+RULE2PT,19761115-BUF-DAL,False,fum_rec_td,False,True,fum_rec_td,
Reuben Gant,1976,11,1976-11-21,False,BUF,SDG,H,L,13,34,,0,0,0,0,0,0,0,0,0,0,,0,0.0,0.0,7580,False,targets;fum_rec_td,PFR+RULE2PT,19761121-SDG-BUF,False,fum_rec_td,False,True,fum_rec_td,
Reuben Gant,1976,12,1976-11-25,False,BUF,DET,A,L,14,27,,0,0,0,0,0,0,0,0,0,0,,0,0.0,0.0,7580,False,targets;fum_rec_td,PFR+RULE2PT,19761125-BUF-DET,False,fum_rec_td,False,True,fum_rec_td,
Reuben Gant,1976,13,1976-12-05,False,BUF,MIA,A,L,27,45,,2,26,1,0,0,0,0,0,0,0,,0,8.6,10.6,7580,False,targets;fum_rec_td,PFR+RULE2PT,19761205-BUF-MIA,False,fum_rec_td,False,True,fum_rec_td,
Reuben Gant,1976,14,1976-12-12,False,BUF,BAL,A,L,20,58,,1,13,0,0,0,0,0,0,0,0,,0,1.3,2.3,7580,False,targets;fum_rec_td,PFR+RULE2PT,19761212-BUF-BAL,False,fum_rec_td,False,True,fum_rec_td,
Reuben Gant,1977,1,1977-09-18,False,BUF,MIA,H,L,0,13,,1,10,0,0,0,0,0,0,0,0,,0,1.0,2.0,7580,False,targets;fum_rec_td,PFR+RULE2PT,19770918-MIA-BUF,False,fum_rec_td,False,True,fum_rec_td,
Reuben Gant,1977,2,1977-09-25,False,BUF,DEN,A,L,6,26,,3,24,0,0,0,0,0,0,0,0,,0,2.4,5.4,7580,False,targets;fum_rec_td,PFR+RULE2PT,19770925-BUF-DEN,False,fum_rec_td,False,True,fum_rec_td,
Reuben Gant,1977,3,1977-10-02,False,BUF,BAL,A,L,14,17,,2,49,0,0,0,0,0,0,0,0,,0,4.9,6.9,7580,False,targets;fum_rec_td,PFR+RULE2PT,19771002-BUF-BAL,False,fum_rec_td,False,True,fum_rec_td,
Reuben Gant,1977,4,1977-10-09,False,BUF,NYJ,H,L,19,24,,2,43,0,0,0,0,0,0,0,0,,0,4.3,6.3,7580,False,targets;fum_rec_td,PFR+RULE2PT,19771009-NYJ-BUF,False,fum_rec_td,False,True,fum_rec_td,
Reuben Gant,1977,5,1977-10-16,False,BUF,ATL,H,W,3,0,,3,40,0,0,0,0,0,0,0,0,,0,4.0,7.0,7580,False,targets;fum_rec_td,PFR+RULE2PT,19771016-ATL-BUF,False,fum_rec_td,False,True,fum_rec_td,
Reuben Gant,1977,6,1977-10-23,False,BUF,CLE,H,L,16,27,,5,111,1,0,0,0,0,0,0,0,,0,17.1,22.1,7580,False,targets;fum_rec_td,PFR+RULE2PT,19771023-CLE-BUF,False,fum_rec_td,False,True,fum_rec_td,
Reuben Gant,1977,7,1977-10-30,False,BUF,SEA,A,L,17,56,,2,33,0,0,0,0,0,0,0,0,,0,3.3,5.3,7580,False,targets;fum_rec_td,PFR+RULE2PT,19771030-BUF-SEA,False,fum_rec_td,False,True,fum_rec_td,
Reuben Gant,1977,8,1977-11-06,False,BUF,NWE,A,W,24,14,,7,97,1,0,0,0,0,0,0,0,,0,15.7,22.7,7580,False,targets;fum_rec_td,PFR+RULE2PT,19771106-BUF-NWE,False,fum_rec_td,False,True,fum_rec_td,
Reuben Gant,1977,9,1977-11-13,False,BUF,BAL,H,L,13,31,,3,66,0,0,0,0,0,0,0,0,,0,6.6,9.6,7580,False,targets;fum_rec_td,PFR+RULE2PT,19771113-BAL-BUF,False,fum_rec_td,False,True,fum_rec_td,
Reuben Gant,1977,10,1977-11-20,False,BUF,NWE,H,L,7,20,,2,24,0,0,0,0,0,0,0,0,,0,2.4,4.4,7580,False,targets;fum_rec_td,PFR+RULE2PT,19771120-NWE-BUF,False,fum_rec_td,False,True,fum_rec_td,
Reuben Gant,1977,11,1977-11-28,False,BUF,OAK,A,L,13,34,,2,27,0,0,0,0,0,0,0,0,,0,2.7,4.7,7580,False,targets;fum_rec_td,PFR+RULE2PT,19771128-BUF-OAK,False,fum_rec_td,False,True,fum_rec_td,
Reuben Gant,1977,12,1977-12-04,False,BUF,WAS,H,L,0,10,,3,31,0,0,0,0,0,0,0,0,,0,3.1,6.1,7580,False,targets;fum_rec_td,PFR+RULE2PT,19771204-WAS-BUF,False,fum_rec_td,False,True,fum_rec_td,
Reuben Gant,1977,13,1977-12-11,False,BUF,NYJ,A,W,14,10,,3,45,0,0,0,0,0,0,0,0,,0,4.5,7.5,7580,False,targets;fum_rec_td,PFR+RULE2PT,19771211-BUF-NYJ,False,fum_rec_td,False,True,fum_rec_td,
Reuben Gant,1977,14,1977-12-17,False,BUF,MIA,A,L,14,31,,3,46,0,0,0,0,0,0,0,0,,0,4.6,7.6,7580,False,targets;fum_rec_td,PFR+RULE2PT,19771217-BUF-MIA,False,fum_rec_td,False,True,fum_rec_td,
Reuben Gant,1978,1,1978-09-03,False,BUF,PIT,H,L,17,28,,3,31,1,0,0,0,0,0,0,0,,0,9.1,12.1,7580,False,targets;fum_rec_td,PFR+RULE2PT,19780903-PIT-BUF,False,fum_rec_td,False,True,fum_rec_td,
Reuben Gant,1978,2,1978-09-10,False,BUF,NYJ,H,L,20,21,,6,100,1,0,0,0,0,0,0,0,,0,16.0,22.0,7580,False,targets;fum_rec_td,PFR+RULE2PT,19780910-NYJ-BUF,False,fum_rec_td,False,True,fum_rec_td,
Reuben Gant,1978,3,1978-09-17,False,BUF,MIA,A,L,24,31,,2,44,0,0,0,0,0,0,0,0,,0,4.4,6.4,7580,False,targets;fum_rec_td,PFR+RULE2PT,19780917-BUF-MIA,False,fum_rec_td,False,True,fum_rec_td,
Reuben Gant,1978,4,1978-09-24,False,BUF,BAL,H,W,24,17,,2,31,1,0,0,0,0,0,0,0,,0,9.1,11.1,7580,False,targets;fum_rec_td,PFR+RULE2PT,19780924-BAL-BUF,False,fum_rec_td,False,True,fum_rec_td,
Reuben Gant,1978,5,1978-10-01,False,BUF,KAN,H,W,28,13,,2,14,0,0,0,0,0,0,0,0,,0,1.4,3.4,7580,False,targets;fum_rec_td,PFR+RULE2PT,19781001-KAN-BUF,False,fum_rec_td,False,True,fum_rec_td,
Reuben Gant,1978,6,1978-10-08,False,BUF,NYJ,A,L,14,45,,2,23,1,0,0,0,0,0,0,0,,0,8.3,10.3,7580,False,targets;fum_rec_td,PFR+RULE2PT,19781008-BUF-NYJ,False,fum_rec_td,False,True,fum_rec_td,
Reuben Gant,1978,7,1978-10-15,False,BUF,HOU,A,L,10,17,,1,6,0,0,0,0,0,0,0,0,,0,0.6,1.6,7580,False,targets;fum_rec_td,PFR+RULE2PT,19781015-BUF-HOU,False,fum_rec_td,False,True,fum_rec_td,
Reuben Gant,1978,8,1978-10-22,False,BUF,CIN,H,W,5,0,,3,26,0,0,0,0,0,0,0,0,,0,2.6,5.6,7580,False,targets;fum_rec_td,PFR+RULE2PT,19781022-CIN-BUF,False,fum_rec_td,False,True,fum_rec_td,
Reuben Gant,1978,9,1978-10-29,False,BUF,CLE,A,L,20,41,,3,29,0,0,0,0,0,0,0,0,,0,2.9,5.9,7580,False,targets;fum_rec_td,PFR+RULE2PT,19781029-BUF-CLE,False,fum_rec_td,False,True,fum_rec_td,
Reuben Gant,1978,10,1978-11-05,False,BUF,NWE,H,L,10,14,,3,26,0,0,0,0,0,0,0,0,,0,2.6,5.6,7580,False,targets;fum_rec_td,PFR+RULE2PT,19781105-NWE-BUF,False,fum_rec_td,False,True,fum_rec_td,
Reuben Gant,1978,11,1978-11-12,False,BUF,MIA,H,L,24,25,,2,14,1,0,0,0,0,0,0,0,,0,7.4,9.4,7580,False,targets;fum_rec_td,PFR+RULE2PT,19781112-MIA-BUF,False,fum_rec_td,False,True,fum_rec_td,
Reuben Gant,1978,12,1978-11-19,False,BUF,TAM,A,L,10,31,,4,39,0,0,0,0,0,0,0,0,,0,3.9,7.9,7580,False,targets;fum_rec_td,PFR+RULE2PT,19781119-BUF-TAM,False,fum_rec_td,False,True,fum_rec_td,
Reuben Gant,1978,13,1978-11-26,False,BUF,NYG,H,W,41,17,,0,0,0,0,0,0,0,0,0,0,,0,0.0,0.0,7580,False,targets;fum_rec_td,PFR+RULE2PT,19781126-NYG-BUF,False,fum_rec_td,False,True,fum_rec_td,
Reuben Gant,1978,14,1978-12-03,False,BUF,KAN,A,L,10,14,,0,0,0,1,14,0,0,0,0,0,,0,1.4,1.4,7580,False,targets;fum_rec_td,PFR+RULE2PT,19781203-BUF-KAN,False,fum_rec_td,False,True,fum_rec_td,
Reuben Gant,1978,15,1978-12-10,False,BUF,NWE,A,L,24,26,,1,25,0,0,0,0,0,0,0,0,,0,2.5,3.5,7580,False,targets;fum_rec_td,PFR+RULE2PT,19781210-BUF-NWE,False,fum_rec_td,False,True,fum_rec_td,
Reuben Gant,1978,16,1978-12-17,False,BUF,BAL,A,W,21,14,,0,0,0,0,0,0,0,0,0,0,,0,0.0,0.0,7580,False,targets;fum_rec_td,PFR+RULE2PT,19781217-BUF-BAL,False,fum_rec_td,False,True,fum_rec_td,
Reuben Gant,1979,1,1979-09-02,False,BUF,MIA,H,L,7,9,,1,11,0,0,0,0,0,0,0,0,,0,1.1,2.1,7580,False,targets;fum_rec_td,PFR+RULE2PT,19790902-MIA-BUF,False,fum_rec_td,False,True,fum_rec_td,
Reuben Gant,1979,2,1979-09-09,False,BUF,CIN,H,W,51,24,,2,29,0,0,0,0,0,0,0,0,,0,2.9,4.9,7580,False,targets;fum_rec_td,PFR+RULE2PT,19790909-CIN-BUF,False,fum_rec_td,False,True,fum_rec_td,
Reuben Gant,1979,3,1979-09-16,False,BUF,SDG,A,L,19,27,,1,7,0,0,0,0,0,0,0,0,,0,0.7,1.7,7580,False,targets;fum_rec_td,PFR+RULE2PT,19790916-BUF-SDG,False,fum_rec_td,False,True,fum_rec_td,
Reuben Gant,1979,4,1979-09-23,False,BUF,NYJ,H,W,46,31,,0,0,0,0,0,0,0,0,0,0,,0,0.0,0.0,7580,False,targets;fum_rec_td,PFR+RULE2PT,19790923-NYJ-BUF,False,fum_rec_td,False,True,fum_rec_td,
Reuben Gant,1979,5,1979-09-30,False,BUF,BAL,A,W,31,13,,2,18,1,0,0,0,0,0,0,0,,0,7.8,9.8,7580,False,targets;fum_rec_td,PFR+RULE2PT,19790930-BUF-BAL,False,fum_rec_td,False,True,fum_rec_td,
Reuben Gant,1979,6,1979-10-07,False,BUF,CHI,H,L,0,7,,1,9,0,0,0,0,0,0,0,0,,0,0.9,1.9,7580,False,targets;fum_rec_td,PFR+RULE2PT,19791007-CHI-BUF,False,fum_rec_td,False,True,fum_rec_td,
Reuben Gant,1979,7,1979-10-14,False,BUF,MIA,A,L,7,17,,2,24,0,0,0,0,0,0,0,0,,0,2.4,4.4,7580,False,targets;fum_rec_td,PFR+RULE2PT,19791014-BUF-MIA,False,fum_rec_td,False,True,fum_rec_td,
Reuben Gant,1979,8,1979-10-21,False,BUF,BAL,H,L,13,14,,2,22,0,0,0,0,0,0,0,0,,0,2.2,4.2,7580,False,targets;fum_rec_td,PFR+RULE2PT,19791021-BAL-BUF,False,fum_rec_td,False,True,fum_rec_td,
Reuben Gant,1979,9,1979-10-28,False,BUF,DET,A,W,20,17,,1,7,1,0,0,0,0,0,0,0,,0,6.7,7.7,7580,False,targets;fum_rec_td,PFR+RULE2PT,19791028-BUF-DET,False,fum_rec_td,False,True,fum_rec_td,
Reuben Gant,1979,10,1979-11-04,False,BUF,NWE,H,L,6,26,,3,57,0,0,0,0,0,0,0,0,,0,5.7,8.7,7580,False,targets;fum_rec_td,PFR+RULE2PT,19791104-NWE-BUF,False,fum_rec_td,False,True,fum_rec_td,
Reuben Gant,1979,11,1979-11-11,False,BUF,NYJ,A,W,14,12,,0,0,0,0,0,0,0,0,0,0,,0,0.0,0.0,7580,False,targets;fum_rec_td,PFR+RULE2PT,19791111-BUF-NYJ,False,fum_rec_td,False,True,fum_rec_td,
Reuben Gant,1979,12,1979-11-18,False,BUF,GNB,H,W,19,12,,2,20,0,0,0,0,0,0,0,0,,0,2.0,4.0,7580,False,targets;fum_rec_td,PFR+RULE2PT,19791118-GNB-BUF,False,fum_rec_td,False,True,fum_rec_td,
Reuben Gant,1979,13,1979-11-25,False,BUF,NWE,A,W,16,13,,2,41,0,0,0,0,0,0,0,0,,0,4.1,6.1,7580,False,targets;fum_rec_td,PFR+RULE2PT,19791125-BUF-NWE,False,fum_rec_td,False,True,fum_rec_td,
Reuben Gant,1979,14,1979-12-02,False,BUF,DEN,H,L,16,19,,0,0,0,0,0,0,0,0,0,0,,0,0.0,0.0,7580,False,targets;fum_rec_td,PFR+RULE2PT,19791202-DEN-BUF,False,fum_rec_td,False,True,fum_rec_td,
Marlin McKeever,1970,1,1970-09-20,False,WAS,SFO,A,L,17,26,,0,0,0,0,0,0,0,0,0,0,,0,0.0,0.0,14859,False,targets;fum_rec_td,PFR+RULE2PT,19700920-WAS-SFO,False,fum_rec_td,False,True,fum_rec_td,
Marlin McKeever,1970,2,1970-09-27,False,WAS,STL,A,L,17,27,,0,0,0,0,0,0,0,0,0,0,,0,0.0,0.0,14859,False,targets;fum_rec_td,PFR+RULE2PT,19700927-WAS-STL,False,fum_rec_td,False,True,fum_rec_td,
Marlin McKeever,1970,3,1970-10-04,False,WAS,PHI,A,W,33,21,,0,0,0,0,0,0,0,0,0,0,,0,0.0,0.0,14859,False,targets;fum_rec_td,PFR+RULE2PT,19701004-WAS-PHI,False,fum_rec_td,False,True,fum_rec_td,
Marlin McKeever,1970,4,1970-10-11,False,WAS,DET,H,W,31,10,,0,0,0,0,0,0,0,0,0,0,,0,0.0,0.0,14859,False,targets;fum_rec_td,PFR+RULE2PT,19701011-DET-WAS,False,fum_rec_td,False,True,fum_rec_td,
Marlin McKeever,1970,5,1970-10-19,False,WAS,OAK,A,L,20,34,,0,0,0,0,0,0,0,0,0,0,,0,0.0,0.0,14859,False,targets;fum_rec_td,PFR+RULE2PT,19701019-WAS-OAK,False,fum_rec_td,False,True,fum_rec_td,
Marlin McKeever,1970,6,1970-10-25,False,WAS,CIN,H,W,20,0,,0,0,0,0,0,0,0,0,0,0,,0,0.0,0.0,14859,False,targets;fum_rec_td,PFR+RULE2PT,19701025-CIN-WAS,False,fum_rec_td,False,True,fum_rec_td,
Marlin McKeever,1970,7,1970-11-01,False,WAS,DEN,A,W,19,3,,0,0,0,0,0,0,0,0,0,0,,0,0.0,0.0,14859,False,targets;fum_rec_td,PFR+RULE2PT,19701101-WAS-DEN,False,fum_rec_td,False,True,fum_rec_td,
Marlin McKeever,1970,8,1970-11-08,False,WAS,MIN,H,L,10,19,,0,0,0,0,0,0,0,0,0,0,,0,0.0,0.0,14859,False,targets;fum_rec_td,PFR+RULE2PT,19701108-MIN-WAS,False,fum_rec_td,False,True,fum_rec_td,
Marlin McKeever,1970,9,1970-11-15,False,WAS,NYG,A,L,33,35,,0,0,0,0,0,0,0,0,0,0,,0,0.0,0.0,14859,False,targets;fum_rec_td,PFR+RULE2PT,19701115-WAS-NYG,False,fum_rec_td,False,True,fum_rec_td,
Marlin McKeever,1970,10,1970-11-22,False,WAS,DAL,H,L,21,45,,0,0,0,0,0,0,0,0,0,0,,0,0.0,0.0,14859,False,targets;fum_rec_td,PFR+RULE2PT,19701122-DAL-WAS,False,fum_rec_td,False,True,fum_rec_td,
Marlin McKeever,1970,11,1970-11-29,False,WAS,NYG,H,L,24,27,,0,0,0,0,0,0,0,0,0,0,,0,0.0,0.0,14859,False,targets;fum_rec_td,PFR+RULE2PT,19701129-NYG-WAS,False,fum_rec_td,False,True,fum_rec_td,
Marlin McKeever,1970,12,1970-12-06,False,WAS,DAL,A,L,0,34,,0,0,0,0,0,0,0,0,0,0,,0,0.0,0.0,14859,False,targets;fum_rec_td,PFR+RULE2PT,19701206-WAS-DAL,False,fum_rec_td,False,True,fum_rec_td,
Marlin McKeever,1970,13,1970-12-13,False,WAS,PHI,H,W,24,6,,0,0,0,0,0,0,0,0,0,0,,0,0.0,0.0,14859,False,targets;fum_rec_td,PFR+RULE2PT,19701213-PHI-WAS,False,fum_rec_td,False,True,fum_rec_td,
Marlin McKeever,1970,14,1970-12-20,False,WAS,STL,H,W,28,27,,0,0,0,0,0,0,0,0,0,0,,0,0.0,0.0,14859,False,targets;fum_rec_td,PFR+RULE2PT,19701220-STL-WAS,False,fum_rec_td,False,True,fum_rec_td,
Marlin McKeever,1971,1,1971-09-19,False,RAM,NOR,A,L,20,24,,0,0,0,0,0,0,0,0,0,0,,0,0.0,0.0,14859,False,targets;fum_rec_td,PFR+RULE2PT,19710919-RAM-NOR,False,fum_rec_td,False,True,fum_rec_td,
Marlin McKeever,1971,2,1971-09-26,False,RAM,ATL,H,T,20,20,,0,0,0,0,0,0,0,0,0,0,,0,0.0,0.0,14859,False,targets;fum_rec_td,PFR+RULE2PT,19710926-ATL-RAM,False,fum_rec_td,False,True,fum_rec_td,
Marlin McKeever,1971,3,1971-10-03,False,RAM,CHI,H,W,17,3,,0,0,0,0,0,0,0,0,0,0,,0,0.0,0.0,14859,False,targets;fum_rec_td,PFR+RULE2PT,19711003-CHI-RAM,False,fum_rec_td,False,True,fum_rec_td,
Marlin McKeever,1971,4,1971-10-10,False,RAM,SFO,A,W,20,13,,0,0,0,0,0,0,0,0,0,0,,0,0.0,0.0,14859,False,targets;fum_rec_td,PFR+RULE2PT,19711010-RAM-SFO,False,fum_rec_td,False,True,fum_rec_td,
Marlin McKeever,1971,5,1971-10-17,False,RAM,ATL,A,W,24,16,,0,0,0,0,0,0,0,0,0,0,,0,0.0,0.0,14859,False,targets;fum_rec_td,PFR+RULE2PT,19711017-RAM-ATL,False,fum_rec_td,False,True,fum_rec_td,
Marlin McKeever,1971,6,1971-10-24,False,RAM,GNB,H,W,30,13,,0,0,0,0,0,0,0,0,0,0,,0,0.0,0.0,14859,False,targets;fum_rec_td,PFR+RULE2PT,19711024-GNB-RAM,False,fum_rec_td,False,True,fum_rec_td,
Marlin McKeever,1971,7,1971-10-31,False,RAM,MIA,H,L,14,20,,0,0,0,0,0,0,0,0,0,0,,0,0.0,0.0,14859,False,targets;fum_rec_td,PFR+RULE2PT,19711031-MIA-RAM,False,fum_rec_td,False,True,fum_rec_td,
Marlin McKeever,1971,8,1971-11-08,False,RAM,BAL,A,L,17,24,,0,0,0,0,0,0,0,0,0,0,,0,0.0,0.0,14859,False,targets;fum_rec_td,PFR+RULE2PT,19711108-RAM-BAL,False,fum_rec_td,False,True,fum_rec_td,
Marlin McKeever,1971,9,1971-11-14,False,RAM,DET,A,W,21,13,,0,0,0,0,0,0,0,0,0,0,,0,0.0,0.0,14859,False,targets;fum_rec_td,PFR+RULE2PT,19711114-RAM-DET,False,fum_rec_td,False,True,fum_rec_td,
Marlin McKeever,1971,10,1971-11-21,False,RAM,SFO,H,W,17,6,,0,0,0,0,0,0,0,0,0,0,,0,0.0,0.0,14859,False,targets;fum_rec_td,PFR+RULE2PT,19711121-SFO-RAM,False,fum_rec_td,False,True,fum_rec_td,
Marlin McKeever,1971,11,1971-11-25,False,RAM,DAL,A,L,21,28,,0,0,0,0,0,0,0,0,0,0,,0,0.0,0.0,14859,False,targets;fum_rec_td,PFR+RULE2PT,19711125-RAM-DAL,False,fum_rec_td,False,True,fum_rec_td,
Marlin McKeever,1971,12,1971-12-05,False,RAM,NOR,H,W,45,28,,0,0,0,0,0,0,0,0,0,0,,0,0.0,0.0,14859,False,targets;fum_rec_td,PFR+RULE2PT,19711205-NOR-RAM,False,fum_rec_td,False,True,fum_rec_td,
Marlin McKeever,1971,13,1971-12-13,False,RAM,WAS,H,L,24,38,,0,0,0,0,0,0,0,0,0,0,,0,0.0,0.0,14859,False,targets;fum_rec_td,PFR+RULE2PT,19711213-WAS-RAM,False,fum_rec_td,False,True,fum_rec_td,
Marlin McKeever,1971,14,1971-12-19,False,RAM,PIT,A,W,23,14,,0,0,0,0,0,0,0,0,0,0,,0,0.0,0.0,14859,False,targets;fum_rec_td,PFR+RULE2PT,19711219-RAM-PIT,False,fum_rec_td,False,True,fum_rec_td,
Marlin McKeever,1972,1,1972-09-17,False,RAM,NOR,H,W,34,14,,0,0,0,0,0,0,0,0,0,0,,0,0.0,0.0,14859,False,targets;fum_rec_td,PFR+RULE2PT,19720917-NOR-RAM,False,fum_rec_td,False,True,fum_rec_td,
Marlin McKeever,1972,2,1972-09-24,False,RAM,CHI,A,T,13,13,,0,0,0,0,0,0,0,0,0,0,,0,0.0,0.0,14859,False,targets;fum_rec_td,PFR+RULE2PT,19720924-RAM-CHI,False,fum_rec_td,False,True,fum_rec_td,
Marlin McKeever,1972,3,1972-10-01,False,RAM,ATL,A,L,3,31,,0,0,0,0,0,0,0,0,0,0,,0,0.0,0.0,14859,False,targets;fum_rec_td,PFR+RULE2PT,19721001-RAM-ATL,False,fum_rec_td,False,True,fum_rec_td,
Marlin McKeever,1972,4,1972-10-08,False,RAM,SFO,H,W,31,7,,0,0,0,0,0,0,0,0,0,0,,0,0.0,0.0,14859,False,targets;fum_rec_td,PFR+RULE2PT,19721008-SFO-RAM,False,fum_rec_td,False,True,fum_rec_td,
Marlin McKeever,1972,5,1972-10-15,False,RAM,PHI,A,W,34,3,,0,0,0,0,0,0,0,0,0,0,,0,0.0,0.0,14859,False,targets;fum_rec_td,PFR+RULE2PT,19721015-RAM-PHI,False,fum_rec_td,False,True,fum_rec_td,
Marlin McKeever,1972,6,1972-10-22,False,RAM,CIN,H,W,15,12,,0,0,0,0,0,0,0,0,0,0,,0,0.0,0.0,14859,False,targets;fum_rec_td,PFR+RULE2PT,19721022-CIN-RAM,False,fum_rec_td,False,True,fum_rec_td,
Marlin McKeever,1972,7,1972-10-29,False,RAM,OAK,A,L,17,45,,0,0,0,0,0,0,0,0,0,0,,0,0.0,0.0,14859,False,targets;fum_rec_td,PFR+RULE2PT,19721029-RAM-OAK,False,fum_rec_td,False,True,fum_rec_td,
Marlin McKeever,1972,8,1972-11-05,False,RAM,ATL,H,W,20,7,,0,0,0,0,0,0,0,0,0,0,,0,0.0,0.0,14859,False,targets;fum_rec_td,PFR+RULE2PT,19721105-ATL-RAM,False,fum_rec_td,False,True,fum_rec_td,
Marlin McKeever,1972,9,1972-11-12,False,RAM,DEN,H,L,10,16,,0,0,0,0,0,0,0,0,0,0,,0,0.0,0.0,14859,False,targets;fum_rec_td,PFR+RULE2PT,19721112-DEN-RAM,False,fum_rec_td,False,True,fum_rec_td,
Marlin McKeever,1972,10,1972-11-19,False,RAM,MIN,H,L,41,45,,0,0,0,0,0,0,0,0,0,0,,0,0.0,0.0,14859,False,targets;fum_rec_td,PFR+RULE2PT,19721119-MIN-RAM,False,fum_rec_td,False,True,fum_rec_td,
Marlin McKeever,1972,11,1972-11-26,False,RAM,NOR,A,L,16,19,,0,0,0,0,0,0,0,0,0,0,,0,0.0,0.0,14859,False,targets;fum_rec_td,PFR+RULE2PT,19721126-RAM-NOR,False,fum_rec_td,False,True,fum_rec_td,
Marlin McKeever,1972,12,1972-12-04,False,RAM,SFO,A,W,26,16,,0,0,0,0,0,0,0,0,0,0,,0,0.0,0.0,14859,False,targets;fum_rec_td,PFR+RULE2PT,19721204-RAM-SFO,False,fum_rec_td,False,True,fum_rec_td,
Marlin McKeever,1972,13,1972-12-10,False,RAM,STL,A,L,14,24,,0,0,0,0,0,0,0,0,0,0,,0,0.0,0.0,14859,False,targets;fum_rec_td,PFR+RULE2PT,19721210-RAM-STL,False,fum_rec_td,False,True,fum_rec_td,
Marlin McKeever,1972,14,1972-12-17,False,RAM,DET,H,L,17,34,,0,0,0,0,0,0,0,0,0,0,,0,0.0,0.0,14859,False,targets;fum_rec_td,PFR+RULE2PT,19721217-DET-RAM,False,fum_rec_td,False,True,fum_rec_td,
Marlin McKeever,1973,2,1973-09-23,False,PHI,NYG,A,T,23,23,,0,0,0,0,0,0,0,0,0,0,,0,0.0,0.0,14859,False,targets;fum_rec_td,PFR+RULE2PT,19730923-PHI-NYG,False,fum_rec_td,False,True,fum_rec_td,
Marlin McKeever,1973,3,1973-09-30,False,PHI,WAS,H,L,7,28,,0,0,0,0,0,0,0,0,0,0,,0,0.0,0.0,14859,False,targets;fum_rec_td,PFR+RULE2PT,19730930-WAS-PHI,False,fum_rec_td,False,True,fum_rec_td,
Marlin McKeever,1973,4,1973-10-07,False,PHI,BUF,A,L,26,27,,0,0,0,0,0,0,0,0,0,0,,0,0.0,0.0,14859,False,targets;fum_rec_td,PFR+RULE2PT,19731007-PHI-BUF,False,fum_rec_td,False,True,fum_rec_td,
Marlin McKeever,1973,5,1973-10-14,False,PHI,STL,A,W,27,24,,0,0,0,0,0,0,0,0,0,0,,0,0.0,0.0,14859,False,targets;fum_rec_td,PFR+RULE2PT,19731014-PHI-STL,False,fum_rec_td,False,True,fum_rec_td,
Marlin McKeever,1973,6,1973-10-21,False,PHI,MIN,A,L,21,28,,0,0,0,0,0,0,0,0,0,0,,0,0.0,0.0,14859,False,targets;fum_rec_td,PFR+RULE2PT,19731021-PHI-MIN,False,fum_rec_td,False,True,fum_rec_td,
Marlin McKeever,1973,7,1973-10-28,False,PHI,DAL,H,W,30,16,,0,0,0,0,0,0,0,0,0,0,,0,0.0,0.0,14859,False,targets;fum_rec_td,PFR+RULE2PT,19731028-DAL-PHI,False,fum_rec_td,False,True,fum_rec_td,
Marlin McKeever,1973,8,1973-11-04,False,PHI,NWE,H,W,24,23,,0,0,0,0,0,0,0,0,0,0,,0,0.0,0.0,14859,False,targets;fum_rec_td,PFR+RULE2PT,19731104-NWE-PHI,False,fum_rec_td,False,True,fum_rec_td,
Marlin McKeever,1973,9,1973-11-11,False,PHI,ATL,H,L,27,44,,0,0,0,0,0,0,0,0,0,0,,0,0.0,0.0,14859,False,targets;fum_rec_td,PFR+RULE2PT,19731111-ATL-PHI,False,fum_rec_td,False,True,fum_rec_td,
Marlin McKeever,1973,10,1973-11-18,False,PHI,DAL,A,L,10,31,,0,0,0,0,0,0,0,0,0,0,,0,0.0,0.0,14859,False,targets;fum_rec_td,PFR+RULE2PT,19731118-PHI-DAL,False,fum_rec_td,False,True,fum_rec_td,
Marlin McKeever,1973,11,1973-11-25,False,PHI,NYG,H,W,20,16,,0,0,0,0,0,0,0,0,0,0,,0,0.0,0.0,14859,False,targets;fum_rec_td,PFR+RULE2PT,19731125-NYG-PHI,False,fum_rec_td,False,True,fum_rec_td,
Marlin McKeever,1973,12,1973-12-02,False,PHI,SFO,A,L,28,38,,0,0,0,0,0,0,0,0,0,0,,0,0.0,0.0,14859,False,targets;fum_rec_td,PFR+RULE2PT,19731202-PHI-SFO,False,fum_rec_td,False,True,fum_rec_td,
Marlin McKeever,1973,13,1973-12-09,False,PHI,NYJ,H,W,24,23,,0,0,0,0,0,0,0,0,0,0,,0,0.0,0.0,14859,False,targets;fum_rec_td,PFR+RULE2PT,19731209-NYJ-PHI,False,fum_rec_td,False,True,fum_rec_td,
Marlin McKeever,1973,14,1973-12-16,False,PHI,WAS,A,L,20,38,,0,0,0,0,0,0,0,0,0,0,,0,0.0,0.0,14859,False,targets;fum_rec_td,PFR+RULE2PT,19731216-PHI-WAS,False,fum_rec_td,False,True,fum_rec_td,
Paul Costa,1970,1,1970-09-20,False,BUF,DEN,H,L,10,25,,0,0,0,0,0,0,0,0,0,0,,0,0.0,0.0,4602,False,targets;fum_rec_td,PFR+RULE2PT,19700920-DEN-BUF,False,fum_rec_td,False,True,fum_rec_td,
Paul Costa,1970,2,1970-09-27,False,BUF,RAM,H,L,0,19,,0,0,0,0,0,0,0,0,0,0,,0,0.0,0.0,4602,False,targets;fum_rec_td,PFR+RULE2PT,19700927-RAM-BUF,False,fum_rec_td,False,True,fum_rec_td,
Paul Costa,1970,3,1970-10-04,False,BUF,NYJ,H,W,34,31,,0,0,0,0,0,0,0,0,0,0,,0,0.0,0.0,4602,False,targets;fum_rec_td,PFR+RULE2PT,19701004-NYJ-BUF,False,fum_rec_td,False,True,fum_rec_td,
Paul Costa,1970,4,1970-10-11,False,BUF,PIT,A,L,10,23,,0,0,0,0,0,0,0,0,0,0,,0,0.0,0.0,4602,False,targets;fum_rec_td,PFR+RULE2PT,19701011-BUF-PIT,False,fum_rec_td,False,True,fum_rec_td,
Paul Costa,1970,5,1970-10-18,False,BUF,MIA,H,L,14,33,,0,0,0,0,0,0,0,0,0,0,,0,0.0,0.0,4602,False,targets;fum_rec_td,PFR+RULE2PT,19701018-MIA-BUF,False,fum_rec_td,False,True,fum_rec_td,
Paul Costa,1970,6,1970-10-25,False,BUF,NYJ,A,W,10,6,,0,0,0,0,0,0,0,0,0,0,,0,0.0,0.0,4602,False,targets;fum_rec_td,PFR+RULE2PT,19701025-BUF-NYJ,False,fum_rec_td,False,True,fum_rec_td,
Paul Costa,1970,7,1970-11-01,False,BUF,BOS,A,W,45,10,,0,0,0,0,0,0,0,0,0,0,,0,0.0,0.0,4602,False,targets;fum_rec_td,PFR+RULE2PT,19701101-BUF-BOS,False,fum_rec_td,False,True,fum_rec_td,
Paul Costa,1970,8,1970-11-08,False,BUF,CIN,H,L,14,43,,0,0,0,0,0,0,0,0,0,0,,0,0.0,0.0,4602,False,targets;fum_rec_td,PFR+RULE2PT,19701108-CIN-BUF,False,fum_rec_td,False,True,fum_rec_td,
Paul Costa,1970,9,1970-11-15,False,BUF,BAL,A,T,17,17,,0,0,0,0,0,0,0,0,0,0,,0,0.0,0.0,4602,False,targets;fum_rec_td,PFR+RULE2PT,19701115-BUF-BAL,False,fum_rec_td,False,True,fum_rec_td,
Paul Costa,1970,10,1970-11-22,False,BUF,CHI,A,L,13,31,,0,0,0,0,0,0,0,0,0,0,,0,0.0,0.0,4602,False,targets;fum_rec_td,PFR+RULE2PT,19701122-BUF-CHI,False,fum_rec_td,False,True,fum_rec_td,
Paul Costa,1970,11,1970-11-29,False,BUF,BOS,H,L,10,14,,0,0,0,0,0,0,0,0,0,0,,0,0.0,0.0,4602,False,targets;fum_rec_td,PFR+RULE2PT,19701129-BOS-BUF,False,fum_rec_td,False,True,fum_rec_td,
Paul Costa,1970,12,1970-12-06,False,BUF,NYG,A,L,6,20,,0,0,0,0,0,0,0,0,0,0,,0,0.0,0.0,4602,False,targets;fum_rec_td,PFR+RULE2PT,19701206-BUF-NYG,False,fum_rec_td,False,True,fum_rec_td,
Paul Costa,1970,13,1970-12-13,False,BUF,BAL,H,L,14,20,,0,0,0,0,0,0,0,0,0,0,,0,0.0,0.0,4602,False,targets;fum_rec_td,PFR+RULE2PT,19701213-BAL-BUF,False,fum_rec_td,False,True,fum_rec_td,
Paul Costa,1970,14,1970-12-20,False,BUF,MIA,A,L,7,45,,0,0,0,0,0,0,0,0,0,0,,0,0.0,0.0,4602,False,targets;fum_rec_td,PFR+RULE2PT,19701220-BUF-MIA,False,fum_rec_td,False,True,fum_rec_td,
Paul Costa,1971,1,1971-09-19,False,BUF,DAL,H,L,37,49,,0,0,0,0,0,0,0,0,0,0,,0,0.0,0.0,4602,False,targets;fum_rec_td,PFR+RULE2PT,19710919-DAL-BUF,False,fum_rec_td,False,True,fum_rec_td,
Paul Costa,1971,2,1971-09-26,False,BUF,MIA,H,L,14,29,,0,0,0,0,0,0,0,0,0,0,,0,0.0,0.0,4602,False,targets;fum_rec_td,PFR+RULE2PT,19710926-MIA-BUF,False,fum_rec_td,False,True,fum_rec_td,
Paul Costa,1971,3,1971-10-03,False,BUF,MIN,A,L,0,19,,0,0,0,0,0,0,0,0,0,0,,0,0.0,0.0,4602,False,targets;fum_rec_td,PFR+RULE2PT,19711003-BUF-MIN,False,fum_rec_td,False,True,fum_rec_td,
Paul Costa,1971,4,1971-10-10,False,BUF,BAL,H,L,0,43,,0,0,0,0,0,0,0,0,0,0,,0,0.0,0.0,4602,False,targets;fum_rec_td,PFR+RULE2PT,19711010-BAL-BUF,False,fum_rec_td,False,True,fum_rec_td,
Paul Costa,1971,5,1971-10-17,False,BUF,NYJ,A,L,17,28,,0,0,0,0,0,0,0,0,0,0,,0,0.0,0.0,4602,False,targets;fum_rec_td,PFR+RULE2PT,19711017-BUF-NYJ,False,fum_rec_td,False,True,fum_rec_td,
Paul Costa,1971,9,1971-11-14,False,BUF,NWE,A,L,33,38,,0,0,0,0,0,0,0,0,0,0,,0,0.0,0.0,4602,False,targets;fum_rec_td,PFR+RULE2PT,19711114-BUF-NWE,False,fum_rec_td,False,True,fum_rec_td,
Paul Costa,1971,10,1971-11-21,False,BUF,NYJ,H,L,7,20,,0,0,0,0,0,0,0,0,0,0,,0,0.0,0.0,4602,False,targets;fum_rec_td,PFR+RULE2PT,19711121-NYJ-BUF,False,fum_rec_td,False,True,fum_rec_td,
Paul Costa,1971,11,1971-11-28,False,BUF,NWE,H,W,27,20,,0,0,0,0,0,0,0,0,0,0,,0,0.0,0.0,4602,False,targets;fum_rec_td,PFR+RULE2PT,19711128-NWE-BUF,False,fum_rec_td,False,True,fum_rec_td,
Paul Costa,1971,12,1971-12-05,False,BUF,BAL,A,L,0,24,,0,0,0,0,0,0,0,0,0,0,,0,0.0,0.0,4602,False,targets;fum_rec_td,PFR+RULE2PT,19711205-BUF-BAL,False,fum_rec_td,False,True,fum_rec_td,
Paul Costa,1971,13,1971-12-12,False,BUF,HOU,H,L,14,20,,0,0,0,0,0,0,0,0,0,0,,0,0.0,0.0,4602,False,targets;fum_rec_td,PFR+RULE2PT,19711212-HOU-BUF,False,fum_rec_td,False,True,fum_rec_td,
Paul Costa,1971,14,1971-12-19,False,BUF,KAN,A,L,9,22,,0,0,0,0,0,0,0,0,0,0,,0,0.0,0.0,4602,False,targets;fum_rec_td,PFR+RULE2PT,19711219-BUF-KAN,False,fum_rec_td,False,True,fum_rec_td,
Paul Costa,1972,1,1972-09-17,False,BUF,NYJ,H,L,24,41,,0,0,0,0,0,0,0,0,0,0,,0,0.0,0.0,4602,False,targets;fum_rec_td,PFR+RULE2PT,19720917-NYJ-BUF,False,fum_rec_td,False,True,fum_rec_td,
Paul Costa,1972,2,1972-09-24,False,BUF,SFO,H,W,27,20,,0,0,0,0,0,0,0,0,0,0,,0,0.0,0.0,4602,False,targets;fum_rec_td,PFR+RULE2PT,19720924-SFO-BUF,False,fum_rec_td,False,True,fum_rec_td,
Paul Costa,1972,3,1972-10-01,False,BUF,BAL,H,L,0,17,,0,0,0,0,0,0,0,0,0,0,,0,0.0,0.0,4602,False,targets;fum_rec_td,PFR+RULE2PT,19721001-BAL-BUF,False,fum_rec_td,False,True,fum_rec_td,
Paul Costa,1972,4,1972-10-08,False,BUF,NWE,H,W,38,14,,0,0,0,0,0,0,0,0,0,0,,0,0.0,0.0,4602,False,targets;fum_rec_td,PFR+RULE2PT,19721008-NWE-BUF,False,fum_rec_td,False,True,fum_rec_td,
Paul Costa,1972,5,1972-10-15,False,BUF,OAK,A,L,16,28,,0,0,0,0,0,0,0,0,0,0,,0,0.0,0.0,4602,False,targets;fum_rec_td,PFR+RULE2PT,19721015-BUF-OAK,False,fum_rec_td,False,True,fum_rec_td,
Paul Costa,1972,6,1972-10-22,False,BUF,MIA,A,L,23,24,,0,0,0,0,0,0,0,0,0,0,,0,0.0,0.0,4602,False,targets;fum_rec_td,PFR+RULE2PT,19721022-BUF-MIA,False,fum_rec_td,False,True,fum_rec_td,
Paul Costa,1972,7,1972-10-29,False,BUF,PIT,H,L,21,38,,0,0,0,0,0,0,0,0,0,0,,0,0.0,0.0,4602,False,targets;fum_rec_td,PFR+RULE2PT,19721029-PIT-BUF,False,fum_rec_td,False,True,fum_rec_td,
Paul Costa,1972,8,1972-11-05,False,BUF,MIA,H,L,16,30,,0,0,0,0,0,0,0,0,0,0,,0,0.0,0.0,4602,False,targets;fum_rec_td,PFR+RULE2PT,19721105-MIA-BUF,False,fum_rec_td,False,True,fum_rec_td,
Paul Costa,1972,9,1972-11-12,False,BUF,NYJ,A,L,3,41,,0,0,0,0,0,0,0,0,0,0,,0,0.0,0.0,4602,False,targets;fum_rec_td,PFR+RULE2PT,19721112-BUF-NYJ,False,fum_rec_td,False,True,fum_rec_td,
John Beasley,1970,1,1970-09-20,False,MIN,KAN,H,W,27,10,,3,41,0,0,0,0,0,0,0,0,,0,4.1,7.1,1345,False,targets;fum_rec_td,PFR+RULE2PT,19700920-KAN-MIN,False,fum_rec_td,False,True,fum_rec_td,
John Beasley,1970,2,1970-09-27,False,MIN,NOR,H,W,26,0,,0,0,0,0,0,0,0,0,0,0,,0,0.0,0.0,1345,False,targets;fum_rec_td,PFR+RULE2PT,19700927-NOR-MIN,False,fum_rec_td,False,True,fum_rec_td,
John Beasley,1970,3,1970-10-04,False,MIN,GNB,A,L,10,13,,0,0,0,0,0,0,0,0,0,0,,0,0.0,0.0,1345,False,targets;fum_rec_td,PFR+RULE2PT,19701004-MIN-GNB,False,fum_rec_td,False,True,fum_rec_td,
John Beasley,1970,4,1970-10-11,False,MIN,CHI,A,W,24,0,,0,0,0,0,0,0,0,0,0,0,,0,0.0,0.0,1345,False,targets;fum_rec_td,PFR+RULE2PT,19701011-MIN-CHI,False,fum_rec_td,False,True,fum_rec_td,
John Beasley,1970,5,1970-10-18,False,MIN,DAL,H,W,54,13,,1,2,1,0,0,0,0,0,0,0,,0,6.2,7.2,1345,False,targets;fum_rec_td,PFR+RULE2PT,19701018-DAL-MIN,False,fum_rec_td,False,True,fum_rec_td,
John Beasley,1970,6,1970-10-26,False,MIN,RAM,H,W,13,3,,1,7,0,0,0,0,0,0,0,0,,0,0.7,1.7,1345,False,targets;fum_rec_td,PFR+RULE2PT,19701026-RAM-MIN,False,fum_rec_td,False,True,fum_rec_td,
John Beasley,1970,7,1970-11-01,False,MIN,DET,A,W,30,17,,3,69,0,0,0,0,0,0,0,0,,0,6.9,9.9,1345,False,targets;fum_rec_td,PFR+RULE2PT,19701101-MIN-DET,False,fum_rec_td,False,True,fum_rec_td,
John Beasley,1970,8,1970-11-08,False,MIN,WAS,A,W,19,10,,1,10,0,0,0,0,0,0,0,0,,0,1.0,2.0,1345,False,targets;fum_rec_td,PFR+RULE2PT,19701108-MIN-WAS,False,fum_rec_td,False,True,fum_rec_td,
John Beasley,1970,9,1970-11-15,False,MIN,DET,H,W,24,20,,2,24,0,0,0,0,0,0,0,0,,0,2.4,4.4,1345,False,targets;fum_rec_td,PFR+RULE2PT,19701115-DET-MIN,False,fum_rec_td,False,True,fum_rec_td,
John Beasley,1970,10,1970-11-22,False,MIN,GNB,H,W,10,3,,1,8,0,0,0,0,0,0,0,0,,0,0.8,1.8,1345,False,targets;fum_rec_td,PFR+RULE2PT,19701122-GNB-MIN,False,fum_rec_td,False,True,fum_rec_td,
John Beasley,1970,11,1970-11-29,False,MIN,NYJ,A,L,10,20,,0,0,0,0,0,0,0,0,0,0,,0,0.0,0.0,1345,False,targets;fum_rec_td,PFR+RULE2PT,19701129-MIN-NYJ,False,fum_rec_td,False,True,fum_rec_td,
John Beasley,1970,12,1970-12-05,False,MIN,CHI,H,W,16,13,,1,13,0,0,0,0,0,0,0,0,,0,1.3,2.3,1345,False,targets;fum_rec_td,PFR+RULE2PT,19701205-CHI-MIN,False,fum_rec_td,False,True,fum_rec_td,
John Beasley,1970,13,1970-12-13,False,MIN,BOS,A,W,35,14,,1,18,0,0,0,0,0,0,0,0,,0,1.8,2.8,1345,False,targets;fum_rec_td,PFR+RULE2PT,19701213-MIN-BOS,False,fum_rec_td,False,True,fum_rec_td,
John Beasley,1970,14,1970-12-20,False,MIN,ATL,A,W,37,7,,3,45,1,0,0,0,0,0,0,0,,0,10.5,13.5,1345,False,targets;fum_rec_td,PFR+RULE2PT,19701220-MIN-ATL,False,fum_rec_td,False,True,fum_rec_td,
John Beasley,1970,15,1970-12-27,True,MIN,SFO,H,L,14,17,,0,0,0,0,0,0,0,0,0,0,,0,0.0,0.0,1345,False,targets;fum_rec_td,PFR+RULE2PT,19701227-SFO-MIN,False,fum_rec_td,False,True,fum_rec_td,
John Beasley,1972,1,1972-09-18,False,MIN,WAS,H,L,21,24,,3,28,0,0,0,0,0,0,0,0,,0,2.8,5.8,1345,False,targets;fum_rec_td,PFR+RULE2PT,19720918-WAS-MIN,False,fum_rec_td,False,True,fum_rec_td,
John Beasley,1972,2,1972-09-24,False,MIN,DET,A,W,34,10,,0,0,0,0,0,0,0,0,0,0,,0,0.0,0.0,1345,False,targets;fum_rec_td,PFR+RULE2PT,19720924-MIN-DET,False,fum_rec_td,False,True,fum_rec_td,
John Beasley,1972,3,1972-10-01,False,MIN,MIA,H,L,14,16,,3,23,0,0,0,0,0,0,0,0,,0,2.3,5.3,1345,False,targets;fum_rec_td,PFR+RULE2PT,19721001-MIA-MIN,False,fum_rec_td,False,True,fum_rec_td,
John Beasley,1972,4,1972-10-08,False,MIN,STL,H,L,17,19,,4,32,0,0,0,0,0,0,0,0,,0,3.2,7.2,1345,False,targets;fum_rec_td,PFR+RULE2PT,19721008-STL-MIN,False,fum_rec_td,False,True,fum_rec_td,
John Beasley,1972,5,1972-10-15,False,MIN,DEN,A,W,23,20,,2,19,0,0,0,0,0,0,0,0,,0,1.9,3.9,1345,False,targets;fum_rec_td,PFR+RULE2PT,19721015-MIN-DEN,False,fum_rec_td,False,True,fum_rec_td,
John Beasley,1972,6,1972-10-23,False,MIN,CHI,A,L,10,13,,4,35,0,0,0,0,0,0,0,0,,0,3.5,7.5,1345,False,targets;fum_rec_td,PFR+RULE2PT,19721023-MIN-CHI,False,fum_rec_td,False,True,fum_rec_td,
John Beasley,1972,7,1972-10-29,False,MIN,GNB,A,W,27,13,,0,0,0,0,0,0,0,0,0,0,,0,0.0,0.0,1345,False,targets;fum_rec_td,PFR+RULE2PT,19721029-MIN-GNB,False,fum_rec_td,False,True,fum_rec_td,
John Beasley,1972,8,1972-11-05,False,MIN,NOR,H,W,37,6,,4,34,1,0,0,0,0,0,0,0,,0,9.4,13.4,1345,False,targets;fum_rec_td,PFR+RULE2PT,19721105-NOR-MIN,False,fum_rec_td,False,True,fum_rec_td,
John Beasley,1972,9,1972-11-12,False,MIN,DET,H,W,16,14,,1,6,0,0,0,0,0,0,0,0,,0,0.6,1.6,1345,False,targets;fum_rec_td,PFR+RULE2PT,19721112-DET-MIN,False,fum_rec_td,False,True,fum_rec_td,
John Beasley,1972,10,1972-11-19,False,MIN,RAM,A,W,45,41,,2,3,0,0,0,0,0,0,0,0,,0,0.3,2.3,1345,False,targets;fum_rec_td,PFR+RULE2PT,19721119-MIN-RAM,False,fum_rec_td,False,True,fum_rec_td,
John Beasley,1972,11,1972-11-26,False,MIN,PIT,A,L,10,23,,2,22,0,0,0,0,0,0,0,0,,0,2.2,4.2,1345,False,targets;fum_rec_td,PFR+RULE2PT,19721126-MIN-PIT,False,fum_rec_td,False,True,fum_rec_td,
John Beasley,1972,12,1972-12-03,False,MIN,CHI,H,W,23,10,,1,15,0,0,0,0,0,0,0,0,,0,1.5,2.5,1345,False,targets;fum_rec_td,PFR+RULE2PT,19721203-CHI-MIN,False,fum_rec_td,False,True,fum_rec_td,
John Beasley,1972,13,1972-12-10,False,MIN,GNB,H,L,7,23,,2,15,0,0,0,0,0,0,0,0,,0,1.5,3.5,1345,False,targets;fum_rec_td,PFR+RULE2PT,19721210-GNB-MIN,False,fum_rec_td,False,True,fum_rec_td,
John Beasley,1972,14,1972-12-16,False,MIN,SFO,A,L,17,20,,0,0,0,0,0,0,0,0,0,0,,0,0.0,0.0,1345,False,targets;fum_rec_td,PFR+RULE2PT,19721216-MIN-SFO,False,fum_rec_td,False,True,fum_rec_td,
John Beasley,1973,1,1973-09-16,False,MIN,OAK,H,W,24,16,,0,0,0,0,0,0,0,0,0,0,,0,0.0,0.0,1345,False,targets;fum_rec_td,PFR+RULE2PT,19730916-OAK-MIN,False,fum_rec_td,False,True,fum_rec_td,
John Beasley,1973,2,1973-09-23,False,MIN,CHI,A,W,22,13,,1,3,1,0,0,0,0,0,0,0,,0,6.3,7.3,1345,False,targets;fum_rec_td,PFR+RULE2PT,19730923-MIN-CHI,False,fum_rec_td,False,True,fum_rec_td,
John Beasley,1973,3,1973-09-30,False,MIN,GNB,H,W,11,3,,0,0,0,0,0,0,0,0,0,0,,0,0.0,0.0,1345,False,targets;fum_rec_td,PFR+RULE2PT,19730930-GNB-MIN,False,fum_rec_td,False,True,fum_rec_td,
John Beasley,1973,4,1973-10-07,False,MIN,DET,A,W,23,9,,0,0,0,0,0,0,0,0,0,0,,0,0.0,0.0,1345,False,targets;fum_rec_td,PFR+RULE2PT,19731007-MIN-DET,False,fum_rec_td,False,True,fum_rec_td,
John Beasley,1973,5,1973-10-14,False,MIN,SFO,A,W,17,13,,0,0,0,0,0,0,0,0,0,0,,0,0.0,0.0,1345,False,targets;fum_rec_td,PFR+RULE2PT,19731014-MIN-SFO,False,fum_rec_td,False,True,fum_rec_td,
John Beasley,1973,7,1973-10-28,False,NOR,WAS,H,W,19,3,,0,0,0,0,0,0,0,0,0,0,,0,0.0,0.0,1345,False,targets;fum_rec_td,PFR+RULE2PT,19731028-WAS-NOR,False,fum_rec_td,False,True,fum_rec_td,
John Beasley,1973,8,1973-11-04,False,NOR,BUF,H,W,13,0,,6,47,0,0,0,0,0,0,0,0,,0,4.7,10.7,1345,False,targets;fum_rec_td,PFR+RULE2PT,19731104-BUF-NOR,False,fum_rec_td,False,True,fum_rec_td,
John Beasley,1973,9,1973-11-11,False,NOR,RAM,A,L,7,29,,1,2,0,0,0,0,0,0,0,0,,0,0.2,1.2,1345,False,targets;fum_rec_td,PFR+RULE2PT,19731111-NOR-RAM,False,fum_rec_td,False,True,fum_rec_td,
John Beasley,1973,10,1973-11-18,False,NOR,SDG,A,L,14,17,,12,127,1,0,0,0,0,0,0,0,,0,18.7,30.7,1345,False,targets;fum_rec_td,PFR+RULE2PT,19731118-NOR-SDG,False,fum_rec_td,False,True,fum_rec_td,
John Beasley,1973,11,1973-11-25,False,NOR,RAM,H,L,13,24,,0,0,0,0,0,0,0,0,0,0,,0,0.0,0.0,1345,False,targets;fum_rec_td,PFR+RULE2PT,19731125-RAM-NOR,False,fum_rec_td,False,True,fum_rec_td,
John Beasley,1973,12,1973-12-02,False,NOR,GNB,A,L,10,30,,8,73,0,0,0,0,0,0,0,0,,0,7.3,15.3,1345,False,targets;fum_rec_td,PFR+RULE2PT,19731202-NOR-GNB,False,fum_rec_td,False,True,fum_rec_td,
John Beasley,1973,13,1973-12-09,False,NOR,SFO,H,W,16,10,,3,29,0,0,0,0,0,0,0,0,,0,2.9,5.9,1345,False,targets;fum_rec_td,PFR+RULE2PT,19731209-SFO-NOR,False,fum_rec_td,False,True,fum_rec_td,
John Beasley,1973,14,1973-12-16,False,NOR,ATL,A,L,10,14,,1,2,0,0,0,0,0,0,0,0,,0,0.2,1.2,1345,False,targets;fum_rec_td,PFR+RULE2PT,19731216-NOR-ATL,False,fum_rec_td,False,True,fum_rec_td,
John Beasley,1974,1,1974-09-15,False,NOR,SFO,H,L,13,17,,2,40,0,0,0,0,0,0,0,0,,0,4.0,6.0,1345,False,targets;fum_rec_td,PFR+RULE2PT,19740915-SFO-NOR,False,fum_rec_td,False,True,fum_rec_td,
John Beasley,1974,2,1974-09-22,False,NOR,RAM,A,L,0,24,,0,0,0,0,0,0,0,0,0,0,,0,0.0,0.0,1345,False,targets;fum_rec_td,PFR+RULE2PT,19740922-NOR-RAM,False,fum_rec_td,False,True,fum_rec_td,
John Beasley,1974,3,1974-09-29,False,NOR,ATL,H,W,14,13,,1,30,0,0,0,0,0,0,0,0,,0,3.0,4.0,1345,False,targets;fum_rec_td,PFR+RULE2PT,19740929-ATL-NOR,False,fum_rec_td,False,True,fum_rec_td,
John Beasley,1974,4,1974-10-06,False,NOR,CHI,A,L,10,24,,0,0,0,0,0,0,0,0,0,0,,0,0.0,0.0,1345,False,targets;fum_rec_td,PFR+RULE2PT,19741006-NOR-CHI,False,fum_rec_td,False,True,fum_rec_td,
John Beasley,1974,5,1974-10-13,False,NOR,DEN,A,L,17,33,,1,9,0,0,0,0,0,0,0,0,,0,0.9,1.9,1345,False,targets;fum_rec_td,PFR+RULE2PT,19741013-NOR-DEN,False,fum_rec_td,False,True,fum_rec_td,
John Beasley,1974,6,1974-10-20,False,NOR,ATL,A,W,13,3,,0,0,0,0,0,0,0,0,0,0,,0,0.0,0.0,1345,False,targets;fum_rec_td,PFR+RULE2PT,19741020-NOR-ATL,False,fum_rec_td,False,True,fum_rec_td,
John Beasley,1974,7,1974-10-27,False,NOR,PHI,H,W,14,10,,0,0,0,0,0,0,0,0,0,0,,0,0.0,0.0,1345,False,targets;fum_rec_td,PFR+RULE2PT,19741027-PHI-NOR,False,fum_rec_td,False,True,fum_rec_td,
John Beasley,1974,8,1974-11-03,False,NOR,DET,A,L,14,19,,0,0,0,0,0,0,0,0,0,0,,0,0.0,0.0,1345,False,targets;fum_rec_td,PFR+RULE2PT,19741103-NOR-DET,False,fum_rec_td,False,True,fum_rec_td,
John Beasley,1974,9,1974-11-10,False,NOR,MIA,H,L,0,21,,0,0,0,0,0,0,0,0,0,0,,0,0.0,0.0,1345,False,targets;fum_rec_td,PFR+RULE2PT,19741110-MIA-NOR,False,fum_rec_td,False,True,fum_rec_td,
John Beasley,1974,10,1974-11-17,False,NOR,RAM,H,W,20,7,,1,6,0,0,0,0,0,0,0,0,,0,0.6,1.6,1345,False,targets;fum_rec_td,PFR+RULE2PT,19741117-RAM-NOR,False,fum_rec_td,False,True,fum_rec_td,
John Beasley,1974,11,1974-11-25,False,NOR,PIT,H,L,7,28,,0,0,0,0,0,0,0,0,0,0,,0,0.0,0.0,1345,False,targets;fum_rec_td,PFR+RULE2PT,19741125-PIT-NOR,False,fum_rec_td,False,True,fum_rec_td,
John Beasley,1974,12,1974-12-01,False,NOR,MIN,A,L,9,29,,0,0,0,0,0,0,0,0,0,0,,0,0.0,0.0,1345,False,targets;fum_rec_td,PFR+RULE2PT,19741201-NOR-MIN,False,fum_rec_td,False,True,fum_rec_td,
John Beasley,1974,13,1974-12-08,False,NOR,STL,H,W,14,0,,0,0,0,0,0,0,0,0,0,0,,0,0.0,0.0,1345,False,targets;fum_rec_td,PFR+RULE2PT,19741208-STL-NOR,False,fum_rec_td,False,True,fum_rec_td,
John Beasley,1974,14,1974-12-15,False,NOR,SFO,A,L,21,35,,0,0,0,0,0,0,0,0,0,0,,0,0.0,0.0,1345,False,targets;fum_rec_td,PFR+RULE2PT,19741215-NOR-SFO,False,fum_rec_td,False,True,fum_rec_td,
Randy Grossman,1974,1,1974-09-15,False,PIT,BAL,H,W,30,0,,3,52,0,0,0,0,0,0,0,0,,0,5.2,8.2,8588,False,targets;fum_rec_td,PFR+RULE2PT,19740915-BAL-PIT,False,fum_rec_td,False,True,fum_rec_td,
Randy Grossman,1974,2,1974-09-22,False,PIT,DEN,A,T,35,35,,5,43,0,0,0,0,0,0,0,0,,0,4.3,9.3,8588,False,targets;fum_rec_td,PFR+RULE2PT,19740922-PIT-DEN,False,fum_rec_td,False,True,fum_rec_td,
Randy Grossman,1974,3,1974-09-29,False,PIT,OAK,H,L,0,17,,0,0,0,0,0,0,0,0,0,0,,0,0.0,0.0,8588,False,targets;fum_rec_td,PFR+RULE2PT,19740929-OAK-PIT,False,fum_rec_td,False,True,fum_rec_td,
Randy Grossman,1974,4,1974-10-06,False,PIT,HOU,A,W,13,7,,0,0,0,0,0,0,0,0,0,0,,0,0.0,0.0,8588,False,targets;fum_rec_td,PFR+RULE2PT,19741006-PIT-HOU,False,fum_rec_td,False,True,fum_rec_td,
Randy Grossman,1974,5,1974-10-13,False,PIT,KAN,A,W,34,24,,0,0,0,0,0,0,0,0,0,0,,0,0.0,0.0,8588,False,targets;fum_rec_td,PFR+RULE2PT,19741013-PIT-KAN,False,fum_rec_td,False,True,fum_rec_td,
Randy Grossman,1974,6,1974-10-20,False,PIT,CLE,H,W,20,16,,1,12,0,0,0,0,0,0,0,0,,0,1.2,2.2,8588,False,targets;fum_rec_td,PFR+RULE2PT,19741020-CLE-PIT,False,fum_rec_td,False,True,fum_rec_td,
Randy Grossman,1974,7,1974-10-28,False,PIT,ATL,H,W,24,17,,0,0,0,0,0,0,0,0,0,0,,0,0.0,0.0,8588,False,targets;fum_rec_td,PFR+RULE2PT,19741028-ATL-PIT,False,fum_rec_td,False,True,fum_rec_td,
Randy Grossman,1974,8,1974-11-03,False,PIT,PHI,H,W,27,0,,0,0,0,0,0,0,0,0,0,0,,0,0.0,0.0,8588,False,targets;fum_rec_td,PFR+RULE2PT,19741103-PHI-PIT,False,fum_rec_td,False,True,fum_rec_td,
Randy Grossman,1974,9,1974-11-10,False,PIT,CIN,A,L,10,17,,2,29,0,0,0,0,0,0,0,0,,0,2.9,4.9,8588,False,targets;fum_rec_td,PFR+RULE2PT,19741110-PIT-CIN,False,fum_rec_td,False,True,fum_rec_td,
Randy Grossman,1974,10,1974-11-17,False,PIT,CLE,A,W,26,16,,0,0,0,0,0,0,0,0,0,0,,0,0.0,0.0,8588,False,targets;fum_rec_td,PFR+RULE2PT,19741117-PIT-CLE,False,fum_rec_td,False,True,fum_rec_td,
Randy Grossman,1974,11,1974-11-25,False,PIT,NOR,A,W,28,7,,1,10,0,0,0,0,0,0,0,0,,0,1.0,2.0,8588,False,targets;fum_rec_td,PFR+RULE2PT,19741125-PIT-NOR,False,fum_rec_td,False,True,fum_rec_td,
Randy Grossman,1974,12,1974-12-01,False,PIT,HOU,H,L,10,13,,0,0,0,0,0,0,0,0,0,0,,0,0.0,0.0,8588,False,targets;fum_rec_td,PFR+RULE2PT,19741201-HOU-PIT,False,fum_rec_td,False,True,fum_rec_td,
Randy Grossman,1974,13,1974-12-08,False,PIT,NWE,A,W,21,17,,0,0,0,0,0,0,0,0,0,0,,0,0.0,0.0,8588,False,targets;fum_rec_td,PFR+RULE2PT,19741208-PIT-NWE,False,fum_rec_td,False,True,fum_rec_td,
Randy Grossman,1974,14,1974-12-14,False,PIT,CIN,H,W,27,3,,1,18,0,0,0,0,0,0,0,0,,0,1.8,2.8,8588,False,targets;fum_rec_td,PFR+RULE2PT,19741214-CIN-PIT,False,fum_rec_td,False,True,fum_rec_td,
Randy Grossman,1974,15,1974-12-22,True,PIT,BUF,H,W,32,14,,0,0,0,0,0,0,0,0,0,0,,0,0.0,0.0,8588,False,targets;fum_rec_td,PFR+RULE2PT,19741222-BUF-PIT,False,fum_rec_td,False,True,fum_rec_td,
Randy Grossman,1974,16,1974-12-29,True,PIT,OAK,A,W,24,13,,0,0,0,0,0,0,0,0,0,0,,0,0.0,0.0,8588,False,targets;fum_rec_td,PFR+RULE2PT,19741229-PIT-OAK,False,fum_rec_td,False,True,fum_rec_td,
Randy Grossman,1974,17,1975-01-12,True,PIT,MIN,N,W,16,6,,0,0,0,0,0,0,0,0,0,0,,0,0.0,0.0,8588,False,targets;fum_rec_td,PFR+RULE2PT,19750112-MIN-PIT-N,False,fum_rec_td,False,True,fum_rec_td,
Randy Grossman,1975,1,1975-09-21,False,PIT,SDG,A,W,37,0,,1,5,0,0,0,0,0,0,0,0,,0,0.5,1.5,8588,False,targets;fum_rec_td,PFR+RULE2PT,19750921-PIT-SDG,False,fum_rec_td,False,True,fum_rec_td,
Randy Grossman,1975,2,1975-09-28,False,PIT,BUF,H,L,21,30,,1,20,1,0,0,0,0,0,0,0,,0,8.0,9.0,8588,False,targets;fum_rec_td,PFR+RULE2PT,19750928-BUF-PIT,False,fum_rec_td,False,True,fum_rec_td,
Randy Grossman,1975,3,1975-10-05,False,PIT,CLE,A,W,42,6,,3,30,0,0,0,0,0,0,0,0,,0,3.0,6.0,8588,False,targets;fum_rec_td,PFR+RULE2PT,19751005-PIT-CLE,False,fum_rec_td,False,True,fum_rec_td,
Randy Grossman,1975,4,1975-10-12,False,PIT,DEN,H,W,20,9,,0,0,0,0,0,0,0,0,0,0,,0,0.0,0.0,8588,False,targets;fum_rec_td,PFR+RULE2PT,19751012-DEN-PIT,False,fum_rec_td,False,True,fum_rec_td,
Randy Grossman,1975,5,1975-10-19,False,PIT,CHI,H,W,34,3,,1,17,0,0,0,0,0,0,0,0,,0,1.7,2.7,8588,False,targets;fum_rec_td,PFR+RULE2PT,19751019-CHI-PIT,False,fum_rec_td,False,True,fum_rec_td,
Randy Grossman,1975,6,1975-10-26,False,PIT,GNB,A,W,16,13,,0,0,0,0,0,0,0,0,0,0,,0,0.0,0.0,8588,False,targets;fum_rec_td,PFR+RULE2PT,19751026-PIT-GNB,False,fum_rec_td,False,True,fum_rec_td,
Randy Grossman,1975,7,1975-11-02,False,PIT,CIN,A,W,30,24,,0,0,0,0,0,0,0,0,0,0,,0,0.0,0.0,8588,False,targets;fum_rec_td,PFR+RULE2PT,19751102-PIT-CIN,False,fum_rec_td,False,True,fum_rec_td,
Randy Grossman,1975,8,1975-11-09,False,PIT,HOU,H,W,24,17,,0,0,0,0,0,0,0,0,0,0,,0,0.0,0.0,8588,False,targets;fum_rec_td,PFR+RULE2PT,19751109-HOU-PIT,False,fum_rec_td,False,True,fum_rec_td,
Randy Grossman,1975,9,1975-11-16,False,PIT,KAN,H,W,28,3,,1,5,0,0,0,0,0,0,0,0,,0,0.5,1.5,8588,False,targets;fum_rec_td,PFR+RULE2PT,19751116-KAN-PIT,False,fum_rec_td,False,True,fum_rec_td,
Randy Grossman,1975,10,1975-11-24,False,PIT,HOU,A,W,32,9,,0,0,0,0,0,0,0,0,0,0,,0,0.0,0.0,8588,False,targets;fum_rec_td,PFR+RULE2PT,19751124-PIT-HOU,False,fum_rec_td,False,True,fum_rec_td,
Randy Grossman,1975,11,1975-11-30,False,PIT,NYJ,A,W,20,7,,0,0,0,0,0,0,0,0,0,0,,0,0.0,0.0,8588,False,targets;fum_rec_td,PFR+RULE2PT,19751130-PIT-NYJ,False,fum_rec_td,False,True,fum_rec_td,
Randy Grossman,1975,12,1975-12-07,False,PIT,CLE,H,W,31,17,,1,9,0,0,0,0,0,0,0,0,,0,0.9,1.9,8588,False,targets;fum_rec_td,PFR+RULE2PT,19751207-CLE-PIT,False,fum_rec_td,False,True,fum_rec_td,
Randy Grossman,1975,13,1975-12-13,False,PIT,CIN,H,W,35,14,,0,0,0,0,0,0,0,0,0,0,,0,0.0,0.0,8588,False,targets;fum_rec_td,PFR+RULE2PT,19751213-CIN-PIT,False,fum_rec_td,False,True,fum_rec_td,
Randy Grossman,1975,14,1975-12-20,False,PIT,RAM,A,L,3,10,,3,49,0,0,0,0,0,0,0,0,,0,4.9,7.9,8588,False,targets;fum_rec_td,PFR+RULE2PT,19751220-PIT-RAM,False,fum_rec_td,False,True,fum_rec_td,
Randy Grossman,1975,15,1975-12-27,True,PIT,BAL,H,W,28,10,,0,0,0,0,0,0,0,0,0,0,,0,0.0,0.0,8588,False,targets;fum_rec_td,PFR+RULE2PT,19751227-BAL-PIT,False,fum_rec_td,False,True,fum_rec_td,
Randy Grossman,1975,16,1976-01-04,True,PIT,OAK,H,W,16,10,,4,36,0,0,0,0,0,0,0,0,,0,3.6,7.6,8588,False,targets;fum_rec_td,PFR+RULE2PT,19760104-OAK-PIT,False,fum_rec_td,False,True,fum_rec_td,
Randy Grossman,1975,17,1976-01-18,True,PIT,DAL,N,W,21,17,,1,7,1,0,0,0,0,0,0,0,,0,6.7,7.7,8588,False,targets;fum_rec_td,PFR+RULE2PT,19760118-DAL-PIT-N,False,fum_rec_td,False,True,fum_rec_td,
Randy Grossman,1976,1,1976-09-12,False,PIT,OAK,A,L,28,31,,1,6,0,0,0,0,0,0,0,0,,0,0.6,1.6,8588,False,targets;fum_rec_td,PFR+RULE2PT,19760912-PIT-OAK,False,fum_rec_td,False,True,fum_rec_td,
Randy Grossman,1976,2,1976-09-19,False,PIT,CLE,H,W,31,14,,2,38,0,0,0,0,0,0,0,0,,0,3.8,5.8,8588,False,targets;fum_rec_td,PFR+RULE2PT,19760919-CLE-PIT,False,fum_rec_td,False,True,fum_rec_td,
Randy Grossman,1976,3,1976-09-26,False,PIT,NWE,H,L,27,30,,7,67,1,0,0,0,0,0,0,0,,0,12.7,19.7,8588,False,targets;fum_rec_td,PFR+RULE2PT,19760926-NWE-PIT,False,fum_rec_td,False,True,fum_rec_td,
Randy Grossman,1976,4,1976-10-04,False,PIT,MIN,A,L,6,17,,0,0,0,0,0,0,0,0,0,0,,0,0.0,0.0,8588,False,targets;fum_rec_td,PFR+RULE2PT,19761004-PIT-MIN,False,fum_rec_td,False,True,fum_rec_td,
Randy Grossman,1976,5,1976-10-10,False,PIT,CLE,A,L,16,18,,3,41,0,0,0,0,0,0,0,0,,0,4.1,7.1,8588,False,targets;fum_rec_td,PFR+RULE2PT,19761010-PIT-CLE,False,fum_rec_td,False,True,fum_rec_td,
Randy Grossman,1976,6,1976-10-17,False,PIT,CIN,H,W,23,6,,0,0,0,0,0,0,0,0,0,0,,0,0.0,0.0,8588,False,targets;fum_rec_td,PFR+RULE2PT,19761017-CIN-PIT,False,fum_rec_td,False,True,fum_rec_td,
Randy Grossman,1976,7,1976-10-24,False,PIT,NYG,A,W,27,0,,0,0,0,0,0,0,0,0,0,0,,0,0.0,0.0,8588,False,targets;fum_rec_td,PFR+RULE2PT,19761024-PIT-NYG,False,fum_rec_td,False,True,fum_rec_td,
Randy Grossman,1976,8,1976-10-31,False,PIT,SDG,H,W,23,0,,2,29,0,0,0,0,0,0,0,0,,0,2.9,4.9,8588,False,targets;fum_rec_td,PFR+RULE2PT,19761031-SDG-PIT,False,fum_rec_td,False,True,fum_rec_td,
Randy Grossman,1976,9,1976-11-07,False,PIT,KAN,A,W,45,0,,0,0,0,0,0,0,0,0,0,0,,0,0.0,0.0,8588,False,targets;fum_rec_td,PFR+RULE2PT,19761107-PIT-KAN,False,fum_rec_td,False,True,fum_rec_td,
Randy Grossman,1976,10,1976-11-14,False,PIT,MIA,H,W,14,3,,0,0,0,0,0,0,0,0,0,0,,0,0.0,0.0,8588,False,targets;fum_rec_td,PFR+RULE2PT,19761114-MIA-PIT,False,fum_rec_td,False,True,fum_rec_td,
Randy Grossman,1976,11,1976-11-21,False,PIT,HOU,H,W,32,16,,0,0,0,0,0,0,0,0,0,0,,0,0.0,0.0,8588,False,targets;fum_rec_td,PFR+RULE2PT,19761121-HOU-PIT,False,fum_rec_td,False,True,fum_rec_td,
Randy Grossman,1976,12,1976-11-28,False,PIT,CIN,A,W,7,3,,0,0,0,0,0,0,0,0,0,0,,0,0.0,0.0,8588,False,targets;fum_rec_td,PFR+RULE2PT,19761128-PIT-CIN,False,fum_rec_td,False,True,fum_rec_td,
Randy Grossman,1976,13,1976-12-05,False,PIT,TAM,H,W,42,0,,0,0,0,0,0,0,0,0,0,0,,0,0.0,0.0,8588,False,targets;fum_rec_td,PFR+RULE2PT,19761205-TAM-PIT,False,fum_rec_td,False,True,fum_rec_td,
Randy Grossman,1976,14,1976-12-11,False,PIT,HOU,A,W,21,0,,0,0,0,0,0,0,0,0,0,0,,0,0.0,0.0,8588,False,targets;fum_rec_td,PFR+RULE2PT,19761211-PIT-HOU,False,fum_rec_td,False,True,fum_rec_td,
Randy Grossman,1976,15,1976-12-19,True,PIT,BAL,A,W,40,14,,0,0,0,0,0,0,0,0,0,0,,0,0.0,0.0,8588,False,targets;fum_rec_td,PFR+RULE2PT,19761219-PIT-BAL,False,fum_rec_td,False,True,fum_rec_td,
Randy Grossman,1976,16,1976-12-26,True,PIT,OAK,A,L,7,24,,0,0,0,0,0,0,0,0,0,0,,0,0.0,0.0,8588,False,targets;fum_rec_td,PFR+RULE2PT,19761226-PIT-OAK,False,fum_rec_td,False,True,fum_rec_td,
Randy Grossman,1977,1,1977-09-19,False,PIT,SFO,H,W,27,0,,0,0,0,0,0,0,0,0,0,0,,0,0.0,0.0,8588,False,targets;fum_rec_td,PFR+RULE2PT,19770919-SFO-PIT,False,fum_rec_td,False,True,fum_rec_td,
Randy Grossman,1977,3,1977-10-02,False,PIT,CLE,A,W,28,14,,0,0,0,0,0,0,0,0,0,0,,0,0.0,0.0,8588,False,targets;fum_rec_td,PFR+RULE2PT,19771002-PIT-CLE,False,fum_rec_td,False,True,fum_rec_td,
Randy Grossman,1977,4,1977-10-09,False,PIT,HOU,A,L,10,27,,0,0,0,0,0,0,0,0,0,0,,0,0.0,0.0,8588,False,targets;fum_rec_td,PFR+RULE2PT,19771009-PIT-HOU,False,fum_rec_td,False,True,fum_rec_td,
Randy Grossman,1977,5,1977-10-17,False,PIT,CIN,H,W,20,14,,0,0,0,0,0,0,0,0,0,0,,0,0.0,0.0,8588,False,targets;fum_rec_td,PFR+RULE2PT,19771017-CIN-PIT,False,fum_rec_td,False,True,fum_rec_td,
Randy Grossman,1977,6,1977-10-23,False,PIT,HOU,H,W,27,10,,0,0,0,0,0,0,0,0,0,0,,0,0.0,0.0,8588,False,targets;fum_rec_td,PFR+RULE2PT,19771023-HOU-PIT,False,fum_rec_td,False,True,fum_rec_td,
Randy Grossman,1977,7,1977-10-30,False,PIT,BAL,A,L,21,31,,0,0,0,0,0,0,0,0,0,0,,0,0.0,0.0,8588,False,targets;fum_rec_td,PFR+RULE2PT,19771030-PIT-BAL,False,fum_rec_td,False,True,fum_rec_td,
Randy Grossman,1977,8,1977-11-06,False,PIT,DEN,A,L,7,21,,0,0,0,0,0,0,0,0,0,0,,0,0.0,0.0,8588,False,targets;fum_rec_td,PFR+RULE2PT,19771106-PIT-DEN,False,fum_rec_td,False,True,fum_rec_td,
Randy Grossman,1977,9,1977-11-13,False,PIT,CLE,H,W,35,31,,0,0,0,0,0,0,0,0,0,0,,0,0.0,0.0,8588,False,targets;fum_rec_td,PFR+RULE2PT,19771113-CLE-PIT,False,fum_rec_td,False,True,fum_rec_td,
Randy Grossman,1977,10,1977-11-20,False,PIT,DAL,H,W,28,13,,0,0,0,0,0,0,0,0,0,0,,0,0.0,0.0,8588,False,targets;fum_rec_td,PFR+RULE2PT,19771120-DAL-PIT,False,fum_rec_td,False,True,fum_rec_td,
Randy Grossman,1977,11,1977-11-27,False,PIT,NYJ,A,W,23,20,,2,22,0,0,0,0,0,0,0,0,,0,2.2,4.2,8588,False,targets;fum_rec_td,PFR+RULE2PT,19771127-PIT-NYJ,False,fum_rec_td,False,True,fum_rec_td,
Randy Grossman,1977,12,1977-12-04,False,PIT,SEA,H,W,30,20,,3,35,0,0,0,0,0,0,0,0,,0,3.5,6.5,8588,False,targets;fum_rec_td,PFR+RULE2PT,19771204-SEA-PIT,False,fum_rec_td,False,True,fum_rec_td,
Randy Grossman,1977,13,1977-12-10,False,PIT,CIN,A,L,10,17,,0,0,0,0,0,0,0,0,0,0,,0,0.0,0.0,8588,False,targets;fum_rec_td,PFR+RULE2PT,19771210-PIT-CIN,False,fum_rec_td,False,True,fum_rec_td,
Randy Grossman,1977,14,1977-12-18,False,PIT,SDG,A,W,10,9,,0,0,0,0,0,0,0,0,0,0,,0,0.0,0.0,8588,False,targets;fum_rec_td,PFR+RULE2PT,19771218-PIT-SDG,False,fum_rec_td,False,True,fum_rec_td,
Randy Grossman,1977,15,1977-12-24,True,PIT,DEN,A,L,21,34,,1,7,0,0,0,0,0,0,0,0,,0,0.7,1.7,8588,False,targets;fum_rec_td,PFR+RULE2PT,19771224-PIT-DEN,False,fum_rec_td,False,True,fum_rec_td,
Randy Grossman,1978,1,1978-09-03,False,PIT,BUF,A,W,28,17,,0,0,0,0,0,0,0,0,0,0,,0,0.0,0.0,8588,False,targets;fum_rec_td,PFR+RULE2PT,19780903-PIT-BUF,False,fum_rec_td,False,True,fum_rec_td,
Randy Grossman,1978,2,1978-09-10,False,PIT,SEA,H,W,21,10,,1,11,0,0,0,0,0,0,0,0,,0,1.1,2.1,8588,False,targets;fum_rec_td,PFR+RULE2PT,19780910-SEA-PIT,False,fum_rec_td,False,True,fum_rec_td,
Randy Grossman,1978,3,1978-09-17,False,PIT,CIN,A,W,28,3,,1,18,0,0,0,0,0,0,0,0,,0,1.8,2.8,8588,False,targets;fum_rec_td,PFR+RULE2PT,19780917-PIT-CIN,False,fum_rec_td,False,True,fum_rec_td,
Randy Grossman,1978,4,1978-09-24,False,PIT,CLE,H,W,15,9,,0,0,0,0,0,0,0,0,0,0,,0,0.0,0.0,8588,False,targets;fum_rec_td,PFR+RULE2PT,19780924-CLE-PIT,False,fum_rec_td,False,True,fum_rec_td,
Randy Grossman,1978,5,1978-10-01,False,PIT,NYJ,A,W,28,17,,0,0,0,0,0,0,0,0,0,0,,0,0.0,0.0,8588,False,targets;fum_rec_td,PFR+RULE2PT,19781001-PIT-NYJ,False,fum_rec_td,False,True,fum_rec_td,
Randy Grossman,1978,6,1978-10-08,False,PIT,ATL,H,W,31,7,,1,16,0,0,0,0,0,0,0,0,,0,1.6,2.6,8588,False,targets;fum_rec_td,PFR+RULE2PT,19781008-ATL-PIT,False,fum_rec_td,False,True,fum_rec_td,
Randy Grossman,1978,7,1978-10-15,False,PIT,CLE,A,W,34,14,,2,25,0,0,0,0,0,0,0,0,,0,2.5,4.5,8588,False,targets;fum_rec_td,PFR+RULE2PT,19781015-PIT-CLE,False,fum_rec_td,False,True,fum_rec_td,
Randy Grossman,1978,8,1978-10-23,False,PIT,HOU,H,L,17,24,,9,116,0,0,0,0,0,0,0,0,,0,11.6,20.6,8588,False,targets;fum_rec_td,PFR+RULE2PT,19781023-HOU-PIT,False,fum_rec_td,False,True,fum_rec_td,
Randy Grossman,1978,9,1978-10-29,False,PIT,KAN,H,W,27,24,,1,10,0,0,0,0,0,0,0,0,,0,1.0,2.0,8588,False,targets;fum_rec_td,PFR+RULE2PT,19781029-KAN-PIT,False,fum_rec_td,False,True,fum_rec_td,
Randy Grossman,1978,10,1978-11-05,False,PIT,NOR,H,W,20,14,,3,44,0,0,0,0,0,0,0,0,,0,4.4,7.4,8588,False,targets;fum_rec_td,PFR+RULE2PT,19781105-NOR-PIT,False,fum_rec_td,False,True,fum_rec_td,
Randy Grossman,1978,11,1978-11-12,False,PIT,RAM,A,L,7,10,,4,44,0,0,0,0,0,0,0,0,,0,4.4,8.4,8588,False,targets;fum_rec_td,PFR+RULE2PT,19781112-PIT-RAM,False,fum_rec_td,False,True,fum_rec_td,
Randy Grossman,1978,12,1978-11-19,False,PIT,CIN,H,W,7,6,,6,66,0,0,0,0,0,0,0,0,,0,6.6,12.6,8588,False,targets;fum_rec_td,PFR+RULE2PT,19781119-CIN-PIT,False,fum_rec_td,False,True,fum_rec_td,
Randy Grossman,1978,13,1978-11-27,False,PIT,SFO,A,W,24,7,,2,24,0,0,0,0,0,0,0,0,,0,2.4,4.4,8588,False,targets;fum_rec_td,PFR+RULE2PT,19781127-PIT-SFO,False,fum_rec_td,False,True,fum_rec_td,
Randy Grossman,1978,14,1978-12-03,False,PIT,HOU,A,W,13,3,,4,36,0,0,0,0,0,0,0,0,,0,3.6,7.6,8588,False,targets;fum_rec_td,PFR+RULE2PT,19781203-PIT-HOU,False,fum_rec_td,False,True,fum_rec_td,
Randy Grossman,1978,15,1978-12-09,False,PIT,BAL,H,W,35,13,,2,17,1,0,0,0,0,0,0,0,,0,7.7,9.7,8588,False,targets;fum_rec_td,PFR+RULE2PT,19781209-BAL-PIT,False,fum_rec_td,False,True,fum_rec_td,
Randy Grossman,1978,16,1978-12-16,False,PIT,DEN,A,W,21,17,,1,21,0,0,0,0,0,0,0,0,,0,2.1,3.1,8588,False,targets;fum_rec_td,PFR+RULE2PT,19781216-PIT-DEN,False,fum_rec_td,False,True,fum_rec_td,
Randy Grossman,1978,17,1978-12-30,True,PIT,DEN,H,W,33,10,,4,64,0,0,0,0,0,0,0,0,,0,6.4,10.4,8588,False,targets;fum_rec_td,PFR+RULE2PT,19781230-DEN-PIT,False,fum_rec_td,False,True,fum_rec_td,
Randy Grossman,1978,18,1979-01-07,True,PIT,HOU,H,W,34,5,,2,43,0,0,0,0,0,0,0,0,,0,4.3,6.3,8588,False,targets;fum_rec_td,PFR+RULE2PT,19790107-HOU-PIT,False,fum_rec_td,False,True,fum_rec_td,
Randy Grossman,1978,19,1979-01-21,True,PIT,DAL,N,W,35,31,,3,29,0,0,0,0,0,0,0,0,,0,2.9,5.9,8588,False,targets;fum_rec_td,PFR+RULE2PT,19790121-DAL-PIT-N,False,fum_rec_td,False,True,fum_rec_td,
Randy Grossman,1979,1,1979-09-03,False,PIT,NWE,A,W,16,13,,1,12,0,0,0,0,0,0,0,0,,0,1.2,2.2,8588,False,targets;fum_rec_td,PFR+RULE2PT,19790903-PIT-NWE,False,fum_rec_td,False,True,fum_rec_td,
Randy Grossman,1979,2,1979-09-09,False,PIT,HOU,H,W,38,7,,1,14,0,0,0,0,0,0,0,0,,0,1.4,2.4,8588,False,targets;fum_rec_td,PFR+RULE2PT,19790909-HOU-PIT,False,fum_rec_td,False,True,fum_rec_td,
Randy Grossman,1979,3,1979-09-16,False,PIT,STL,A,W,24,21,,0,0,0,0,0,0,0,0,0,0,,0,0.0,0.0,8588,False,targets;fum_rec_td,PFR+RULE2PT,19790916-PIT-STL,False,fum_rec_td,False,True,fum_rec_td,
Randy Grossman,1979,4,1979-09-23,False,PIT,BAL,H,W,17,13,,1,7,0,0,0,0,0,0,0,0,,0,0.7,1.7,8588,False,targets;fum_rec_td,PFR+RULE2PT,19790923-BAL-PIT,False,fum_rec_td,False,True,fum_rec_td,
Randy Grossman,1979,5,1979-09-30,False,PIT,PHI,A,L,14,17,,2,9,0,0,0,0,0,0,0,0,,0,0.9,2.9,8588,False,targets;fum_rec_td,PFR+RULE2PT,19790930-PIT-PHI,False,fum_rec_td,False,True,fum_rec_td,
Randy Grossman,1979,6,1979-10-07,False,PIT,CLE,A,W,51,35,,0,0,0,0,0,0,0,0,0,0,,0,0.0,0.0,8588,False,targets;fum_rec_td,PFR+RULE2PT,19791007-PIT-CLE,False,fum_rec_td,False,True,fum_rec_td,
Randy Grossman,1979,7,1979-10-14,False,PIT,CIN,A,L,10,34,,0,0,0,0,0,0,0,0,0,0,,0,0.0,0.0,8588,False,targets;fum_rec_td,PFR+RULE2PT,19791014-PIT-CIN,False,fum_rec_td,False,True,fum_rec_td,
Randy Grossman,1979,8,1979-10-22,False,PIT,DEN,H,W,42,7,,1,54,0,0,0,0,0,0,0,0,,0,5.4,6.4,8588,False,targets;fum_rec_td,PFR+RULE2PT,19791022-DEN-PIT,False,fum_rec_td,False,True,fum_rec_td,
Randy Grossman,1979,9,1979-10-28,False,PIT,DAL,H,W,14,3,,0,0,0,0,0,0,0,0,0,0,,0,0.0,0.0,8588,False,targets;fum_rec_td,PFR+RULE2PT,19791028-DAL-PIT,False,fum_rec_td,False,True,fum_rec_td,
Randy Grossman,1979,10,1979-11-04,False,PIT,WAS,H,W,38,7,,3,49,1,0,0,0,0,0,0,0,,0,10.9,13.9,8588,False,targets;fum_rec_td,PFR+RULE2PT,19791104-WAS-PIT,False,fum_rec_td,False,True,fum_rec_td,
Randy Grossman,1979,11,1979-11-11,False,PIT,KAN,A,W,30,3,,1,7,0,0,0,0,0,0,0,0,,0,0.7,1.7,8588,False,targets;fum_rec_td,PFR+RULE2PT,19791111-PIT-KAN,False,fum_rec_td,False,True,fum_rec_td,
Randy Grossman,1979,12,1979-11-18,False,PIT,SDG,A,L,7,35,,0,0,0,0,0,0,0,0,0,0,,0,0.0,0.0,8588,False,targets;fum_rec_td,PFR+RULE2PT,19791118-PIT-SDG,False,fum_rec_td,False,True,fum_rec_td,
Randy Grossman,1979,13,1979-11-25,False,PIT,CLE,H,W,33,30,,1,47,0,0,0,0,0,0,0,0,,0,4.7,5.7,8588,False,targets;fum_rec_td,PFR+RULE2PT,19791125-CLE-PIT,False,fum_rec_td,False,True,fum_rec_td,
Randy Grossman,1979,14,1979-12-02,False,PIT,CIN,H,W,37,17,,0,0,0,0,0,0,0,0,0,0,,0,0.0,0.0,8588,False,targets;fum_rec_td,PFR+RULE2PT,19791202-CIN-PIT,False,fum_rec_td,False,True,fum_rec_td,
Randy Grossman,1979,15,1979-12-10,False,PIT,HOU,A,L,17,20,,1,18,0,0,0,0,0,0,0,0,,0,1.8,2.8,8588,False,targets;fum_rec_td,PFR+RULE2PT,19791210-PIT-HOU,False,fum_rec_td,False,True,fum_rec_td,
Randy Grossman,1979,16,1979-12-16,False,PIT,BUF,H,W,28,0,,0,0,0,0,0,0,0,0,0,0,,0,0.0,0.0,8588,False,targets;fum_rec_td,PFR+RULE2PT,19791216-BUF-PIT,False,fum_rec_td,False,True,fum_rec_td,
Randy Grossman,1979,17,1979-12-30,True,PIT,MIA,H,W,34,14,,0,0,0,0,0,0,0,0,0,0,,0,0.0,0.0,8588,False,targets;fum_rec_td,PFR+RULE2PT,19791230-MIA-PIT,False,fum_rec_td,False,True,fum_rec_td,
Randy Grossman,1979,18,1980-01-06,True,PIT,HOU,H,W,27,13,,0,0,0,0,0,0,0,0,0,0,,0,0.0,0.0,8588,False,targets;fum_rec_td,PFR+RULE2PT,19800106-HOU-PIT,False,fum_rec_td,False,True,fum_rec_td,
Randy Grossman,1979,19,1980-01-20,True,PIT,RAM,N,W,31,19,,0,0,0,0,0,0,0,0,0,0,,0,0.0,0.0,8588,False,targets;fum_rec_td,PFR+RULE2PT,19800120-PIT-RAM-N,False,fum_rec_td,False,True,fum_rec_td,
Gary Shirk,1976,1,1976-09-12,False,NYG,WAS,A,L,17,19,,0,0,0,0,0,0,0,0,0,0,,0,0.0,0.0,20148,False,targets;fum_rec_td,PFR+RULE2PT,19760912-NYG-WAS,False,fum_rec_td,False,True,fum_rec_td,
Gary Shirk,1976,2,1976-09-19,False,NYG,PHI,A,L,7,20,,0,0,0,0,0,0,0,0,0,0,,0,0.0,0.0,20148,False,targets;fum_rec_td,PFR+RULE2PT,19760919-NYG-PHI,False,fum_rec_td,False,True,fum_rec_td,
Gary Shirk,1976,3,1976-09-26,False,NYG,RAM,A,L,10,24,,1,14,0,0,0,0,0,0,0,0,,0,1.4,2.4,20148,False,targets;fum_rec_td,PFR+RULE2PT,19760926-NYG-RAM,False,fum_rec_td,False,True,fum_rec_td,
Gary Shirk,1976,4,1976-10-03,False,NYG,STL,A,L,21,27,,1,31,0,0,0,0,0,0,0,0,,0,3.1,4.1,20148,False,targets;fum_rec_td,PFR+RULE2PT,19761003-NYG-STL,False,fum_rec_td,False,True,fum_rec_td,
Gary Shirk,1976,5,1976-10-10,False,NYG,DAL,H,L,14,24,,0,0,0,0,0,0,0,0,0,0,,0,0.0,0.0,20148,False,targets;fum_rec_td,PFR+RULE2PT,19761010-DAL-NYG,False,fum_rec_td,False,True,fum_rec_td,
Gary Shirk,1976,6,1976-10-17,False,NYG,MIN,A,L,7,24,,0,0,0,0,0,0,0,0,0,0,,0,0.0,0.0,20148,False,targets;fum_rec_td,PFR+RULE2PT,19761017-NYG-MIN,False,fum_rec_td,False,True,fum_rec_td,
Gary Shirk,1976,7,1976-10-24,False,NYG,PIT,H,L,0,27,,0,0,0,0,0,0,0,0,0,0,,0,0.0,0.0,20148,False,targets;fum_rec_td,PFR+RULE2PT,19761024-PIT-NYG,False,fum_rec_td,False,True,fum_rec_td,
Gary Shirk,1976,8,1976-10-31,False,NYG,PHI,H,L,0,10,,0,0,0,0,0,0,0,0,0,0,,0,0.0,0.0,20148,False,targets;fum_rec_td,PFR+RULE2PT,19761031-PHI-NYG,False,fum_rec_td,False,True,fum_rec_td,
Gary Shirk,1976,9,1976-11-07,False,NYG,DAL,A,L,3,9,,0,0,0,0,0,0,0,0,0,0,,0,0.0,0.0,20148,False,targets;fum_rec_td,PFR+RULE2PT,19761107-NYG-DAL,False,fum_rec_td,False,True,fum_rec_td,
Gary Shirk,1976,10,1976-11-14,False,NYG,WAS,H,W,12,9,,0,0,0,0,0,0,0,0,0,0,,0,0.0,0.0,20148,False,targets;fum_rec_td,PFR+RULE2PT,19761114-WAS-NYG,False,fum_rec_td,False,True,fum_rec_td,
Gary Shirk,1976,11,1976-11-21,False,NYG,DEN,A,L,13,14,,1,4,0,0,0,0,0,0,0,0,,0,0.4,1.4,20148,False,targets;fum_rec_td,PFR+RULE2PT,19761121-NYG-DEN,False,fum_rec_td,False,True,fum_rec_td,
Gary Shirk,1976,12,1976-11-28,False,NYG,SEA,H,W,28,16,,1,3,1,0,0,0,0,0,0,0,,0,6.3,7.3,20148,False,targets;fum_rec_td,PFR+RULE2PT,19761128-SEA-NYG,False,fum_rec_td,False,True,fum_rec_td,
Gary Shirk,1976,13,1976-12-05,False,NYG,DET,H,W,24,10,,0,0,0,0,0,0,0,0,0,0,,0,0.0,0.0,20148,False,targets;fum_rec_td,PFR+RULE2PT,19761205-DET-NYG,False,fum_rec_td,False,True,fum_rec_td,
Gary Shirk,1976,14,1976-12-12,False,NYG,STL,H,L,14,17,,0,0,0,0,0,0,0,0,0,0,,0,0.0,0.0,20148,False,targets;fum_rec_td,PFR+RULE2PT,19761212-STL-NYG,False,fum_rec_td,False,True,fum_rec_td,
Gary Shirk,1977,1,1977-09-18,False,NYG,WAS,H,W,20,17,,1,8,1,0,0,0,0,0,0,0,,0,6.8,7.8,20148,False,targets;fum_rec_td,PFR+RULE2PT,19770918-WAS-NYG,False,fum_rec_td,False,True,fum_rec_td,
Gary Shirk,1977,2,1977-09-25,False,NYG,DAL,A,L,21,41,,0,0,0,0,0,0,0,0,0,0,,0,0.0,0.0,20148,False,targets;fum_rec_td,PFR+RULE2PT,19770925-NYG-DAL,False,fum_rec_td,False,True,fum_rec_td,
Gary Shirk,1977,3,1977-10-02,False,NYG,ATL,A,L,3,17,,0,0,0,0,0,0,0,0,0,0,,0,0.0,0.0,20148,False,targets;fum_rec_td,PFR+RULE2PT,19771002-NYG-ATL,False,fum_rec_td,False,True,fum_rec_td,
Gary Shirk,1977,4,1977-10-09,False,NYG,PHI,H,L,10,28,,0,0,0,0,0,0,0,0,0,0,,0,0.0,0.0,20148,False,targets;fum_rec_td,PFR+RULE2PT,19771009-PHI-NYG,False,fum_rec_td,False,True,fum_rec_td,
Gary Shirk,1977,5,1977-10-16,False,NYG,SFO,H,W,20,17,,1,37,1,0,0,0,0,0,0,0,,0,9.7,10.7,20148,False,targets;fum_rec_td,PFR+RULE2PT,19771016-SFO-NYG,False,fum_rec_td,False,True,fum_rec_td,
Gary Shirk,1977,6,1977-10-23,False,NYG,WAS,A,W,17,6,,1,15,0,0,0,0,0,0,0,0,,0,1.5,2.5,20148,False,targets;fum_rec_td,PFR+RULE2PT,19771023-NYG-WAS,False,fum_rec_td,False,True,fum_rec_td,
Gary Shirk,1977,7,1977-10-31,False,NYG,STL,A,L,0,28,,2,22,0,0,0,0,0,0,0,0,,0,2.2,4.2,20148,False,targets;fum_rec_td,PFR+RULE2PT,19771031-NYG-STL,False,fum_rec_td,False,True,fum_rec_td,
Gary Shirk,1977,8,1977-11-06,False,NYG,DAL,H,L,10,24,,0,0,0,0,0,0,0,0,0,0,,0,0.0,0.0,20148,False,targets;fum_rec_td,PFR+RULE2PT,19771106-DAL-NYG,False,fum_rec_td,False,True,fum_rec_td,
Gary Shirk,1977,9,1977-11-13,False,NYG,TAM,A,W,10,0,,4,61,0,0,0,0,0,0,0,0,,0,6.1,10.1,20148,False,targets;fum_rec_td,PFR+RULE2PT,19771113-NYG-TAM,False,fum_rec_td,False,True,fum_rec_td,
Gary Shirk,1977,10,1977-11-20,False,NYG,CLE,H,L,7,21,,1,11,0,0,0,0,0,0,0,0,,0,1.1,2.1,20148,False,targets;fum_rec_td,PFR+RULE2PT,19771120-CLE-NYG,False,fum_rec_td,False,True,fum_rec_td,
Gary Shirk,1977,11,1977-11-27,False,NYG,CIN,A,L,13,30,,3,50,0,0,0,0,0,0,0,0,,0,5.0,8.0,20148,False,targets;fum_rec_td,PFR+RULE2PT,19771127-NYG-CIN,False,fum_rec_td,False,True,fum_rec_td,
Gary Shirk,1977,12,1977-12-04,False,NYG,STL,H,W,27,7,,1,64,0,0,0,0,0,0,0,0,,0,6.4,7.4,20148,False,targets;fum_rec_td,PFR+RULE2PT,19771204-STL-NYG,False,fum_rec_td,False,True,fum_rec_td,
Gary Shirk,1977,13,1977-12-11,False,NYG,PHI,A,L,14,17,,1,0,0,0,0,0,0,0,0,0,,0,0.0,1.0,20148,False,targets;fum_rec_td,PFR+RULE2PT,19771211-NYG-PHI,False,fum_rec_td,False,True,fum_rec_td,
Gary Shirk,1977,14,1977-12-18,False,NYG,CHI,H,L,9,12,,1,12,0,0,0,0,0,0,0,0,,0,1.2,2.2,20148,False,targets;fum_rec_td,PFR+RULE2PT,19771218-CHI-NYG,False,fum_rec_td,False,True,fum_rec_td,
Gary Shirk,1978,1,1978-09-02,False,NYG,TAM,A,W,19,13,,0,0,0,0,0,0,0,0,0,0,,0,0.0,0.0,20148,False,targets;fum_rec_td,PFR+RULE2PT,19780902-NYG-TAM,False,fum_rec_td,False,True,fum_rec_td,
Gary Shirk,1978,2,1978-09-10,False,NYG,DAL,H,L,24,34,,3,72,0,0,0,0,0,0,0,0,,0,7.2,10.2,20148,False,targets;fum_rec_td,PFR+RULE2PT,19780910-DAL-NYG,False,fum_rec_td,False,True,fum_rec_td,
Gary Shirk,1978,3,1978-09-17,False,NYG,KAN,H,W,26,10,,0,0,0,0,0,0,0,0,0,0,,0,0.0,0.0,20148,False,targets;fum_rec_td,PFR+RULE2PT,19780917-KAN-NYG,False,fum_rec_td,False,True,fum_rec_td,
Gary Shirk,1978,4,1978-09-24,False,NYG,SFO,H,W,27,10,,1,20,0,0,0,0,0,0,0,0,,0,2.0,3.0,20148,False,targets;fum_rec_td,PFR+RULE2PT,19780924-SFO-NYG,False,fum_rec_td,False,True,fum_rec_td,
Gary Shirk,1978,5,1978-10-01,False,NYG,ATL,A,L,20,23,,0,0,0,0,0,0,0,0,0,0,,0,0.0,0.0,20148,False,targets;fum_rec_td,PFR+RULE2PT,19781001-NYG-ATL,False,fum_rec_td,False,True,fum_rec_td,
Gary Shirk,1978,6,1978-10-08,False,NYG,DAL,A,L,3,24,,0,0,0,0,0,0,0,0,0,0,,0,0.0,0.0,20148,False,targets;fum_rec_td,PFR+RULE2PT,19781008-NYG-DAL,False,fum_rec_td,False,True,fum_rec_td,
Gary Shirk,1978,7,1978-10-15,False,NYG,TAM,H,W,17,14,,0,0,0,0,0,0,0,0,0,0,,0,0.0,0.0,20148,False,targets;fum_rec_td,PFR+RULE2PT,19781015-TAM-NYG,False,fum_rec_td,False,True,fum_rec_td,
Gary Shirk,1978,8,1978-10-22,False,NYG,WAS,H,W,17,6,,0,0,0,0,0,0,0,0,0,0,,0,0.0,0.0,20148,False,targets;fum_rec_td,PFR+RULE2PT,19781022-WAS-NYG,False,fum_rec_td,False,True,fum_rec_td,
Gary Shirk,1978,9,1978-10-29,False,NYG,NOR,A,L,17,28,,0,0,0,0,0,0,0,0,0,0,,0,0.0,0.0,20148,False,targets;fum_rec_td,PFR+RULE2PT,19781029-NYG-NOR,False,fum_rec_td,False,True,fum_rec_td,
Gary Shirk,1978,10,1978-11-05,False,NYG,STL,A,L,10,20,,0,0,0,0,0,0,0,0,0,0,,0,0.0,0.0,20148,False,targets;fum_rec_td,PFR+RULE2PT,19781105-NYG-STL,False,fum_rec_td,False,True,fum_rec_td,
Gary Shirk,1978,11,1978-11-12,False,NYG,WAS,A,L,13,16,,1,16,0,0,0,0,0,0,0,0,,0,1.6,2.6,20148,False,targets;fum_rec_td,PFR+RULE2PT,19781112-NYG-WAS,False,fum_rec_td,False,True,fum_rec_td,
Gary Shirk,1978,12,1978-11-19,False,NYG,PHI,H,L,17,19,,1,8,0,0,0,0,0,0,0,0,,0,0.8,1.8,20148,False,targets;fum_rec_td,PFR+RULE2PT,19781119-PHI-NYG,False,fum_rec_td,False,True,fum_rec_td,
Gary Shirk,1978,13,1978-11-26,False,NYG,BUF,A,L,17,41,,0,0,0,0,0,0,0,0,0,0,,0,0.0,0.0,20148,False,targets;fum_rec_td,PFR+RULE2PT,19781126-NYG-BUF,False,fum_rec_td,False,True,fum_rec_td,
Gary Shirk,1978,14,1978-12-03,False,NYG,RAM,H,L,17,20,,1,4,1,0,0,0,0,0,0,0,,0,6.4,7.4,20148,False,targets;fum_rec_td,PFR+RULE2PT,19781203-RAM-NYG,False,fum_rec_td,False,True,fum_rec_td,
Gary Shirk,1978,15,1978-12-10,False,NYG,STL,H,W,17,0,,3,7,1,0,0,0,0,0,0,0,,0,6.7,9.7,20148,False,targets;fum_rec_td,PFR+RULE2PT,19781210-STL-NYG,False,fum_rec_td,False,True,fum_rec_td,
Gary Shirk,1978,16,1978-12-17,False,NYG,PHI,A,L,3,20,,0,0,0,0,0,0,0,0,0,0,,0,0.0,0.0,20148,False,targets;fum_rec_td,PFR+RULE2PT,19781217-NYG-PHI,False,fum_rec_td,False,True,fum_rec_td,
Gary Shirk,1979,1,1979-09-02,False,NYG,PHI,A,L,17,23,,0,0,0,0,0,0,0,0,0,0,,0,0.0,0.0,20148,False,targets;fum_rec_td,PFR+RULE2PT,19790902-NYG-PHI,False,fum_rec_td,False,True,fum_rec_td,
Gary Shirk,1979,2,1979-09-09,False,NYG,STL,H,L,14,27,,3,26,0,0,0,0,0,0,0,0,,0,2.6,5.6,20148,False,targets;fum_rec_td,PFR+RULE2PT,19790909-STL-NYG,False,fum_rec_td,False,True,fum_rec_td,
Gary Shirk,1979,3,1979-09-17,False,NYG,WAS,A,L,0,27,,0,0,0,0,0,0,0,0,0,0,,0,0.0,0.0,20148,False,targets;fum_rec_td,PFR+RULE2PT,19790917-NYG-WAS,False,fum_rec_td,False,True,fum_rec_td,
Gary Shirk,1979,4,1979-09-23,False,NYG,PHI,H,L,13,17,,1,9,0,0,0,0,0,0,0,0,,0,0.9,1.9,20148,False,targets;fum_rec_td,PFR+RULE2PT,19790923-PHI-NYG,False,fum_rec_td,False,True,fum_rec_td,
Gary Shirk,1979,5,1979-09-30,False,NYG,NOR,A,L,14,24,,1,10,0,0,0,0,0,0,0,0,,0,1.0,2.0,20148,False,targets;fum_rec_td,PFR+RULE2PT,19790930-NYG-NOR,False,fum_rec_td,False,True,fum_rec_td,
Gary Shirk,1979,6,1979-10-07,False,NYG,TAM,H,W,17,14,,2,15,0,0,0,0,0,0,0,0,,0,1.5,3.5,20148,False,targets;fum_rec_td,PFR+RULE2PT,19791007-TAM-NYG,False,fum_rec_td,False,True,fum_rec_td,
Gary Shirk,1979,7,1979-10-14,False,NYG,SFO,H,W,32,16,,1,61,0,0,0,0,0,0,0,0,,0,6.1,7.1,20148,False,targets;fum_rec_td,PFR+RULE2PT,19791014-SFO-NYG,False,fum_rec_td,False,True,fum_rec_td,
Gary Shirk,1979,8,1979-10-21,False,NYG,KAN,A,W,21,17,,1,3,0,0,0,0,0,0,0,0,,0,0.3,1.3,20148,False,targets;fum_rec_td,PFR+RULE2PT,19791021-NYG-KAN,False,fum_rec_td,False,True,fum_rec_td,
Gary Shirk,1979,9,1979-10-28,False,NYG,RAM,A,W,20,14,,1,19,1,0,0,0,0,0,0,0,,0,7.9,8.9,20148,False,targets;fum_rec_td,PFR+RULE2PT,19791028-NYG-RAM,False,fum_rec_td,False,True,fum_rec_td,
Gary Shirk,1979,10,1979-11-04,False,NYG,DAL,H,L,14,16,,3,47,0,0,0,0,0,0,0,0,,0,4.7,7.7,20148,False,targets;fum_rec_td,PFR+RULE2PT,19791104-DAL-NYG,False,fum_rec_td,False,True,fum_rec_td,
Gary Shirk,1979,11,1979-11-11,False,NYG,ATL,H,W,24,3,,4,64,1,0,0,0,0,0,0,0,,0,12.4,16.4,20148,False,targets;fum_rec_td,PFR+RULE2PT,19791111-ATL-NYG,False,fum_rec_td,False,True,fum_rec_td,
Gary Shirk,1979,12,1979-11-18,False,NYG,TAM,A,L,3,31,,4,70,0,0,0,0,0,0,0,0,,0,7.0,11.0,20148,False,targets;fum_rec_td,PFR+RULE2PT,19791118-NYG-TAM,False,fum_rec_td,False,True,fum_rec_td,
Gary Shirk,1979,13,1979-11-25,False,NYG,WAS,H,W,14,6,,2,17,0,0,0,0,0,0,0,0,,0,1.7,3.7,20148,False,targets;fum_rec_td,PFR+RULE2PT,19791125-WAS-NYG,False,fum_rec_td,False,True,fum_rec_td,
Gary Shirk,1979,14,1979-12-02,False,NYG,DAL,A,L,7,28,,2,66,0,0,0,0,0,0,0,0,,0,6.6,8.6,20148,False,targets;fum_rec_td,PFR+RULE2PT,19791202-NYG-DAL,False,fum_rec_td,False,True,fum_rec_td,
Gary Shirk,1979,15,1979-12-09,False,NYG,STL,A,L,20,29,,5,63,0,0,0,0,0,0,0,0,,0,6.3,11.3,20148,False,targets;fum_rec_td,PFR+RULE2PT,19791209-NYG-STL,False,fum_rec_td,False,True,fum_rec_td,
Gary Shirk,1979,16,1979-12-16,False,NYG,BAL,H,L,7,31,,1,1,0,0,0,0,0,0,0,0,,0,0.1,1.1,20148,False,targets;fum_rec_td,PFR+RULE2PT,19791216-BAL-NYG,False,fum_rec_td,False,True,fum_rec_td,
Don Hasselbeck,1977,1,1977-09-18,False,NWE,KAN,H,W,21,17,,0,0,0,0,0,0,0,0,0,0,,0,0.0,0.0,9350,False,targets;fum_rec_td,PFR+RULE2PT,19770918-KAN-NWE,False,fum_rec_td,False,True,fum_rec_td,
Don Hasselbeck,1977,2,1977-09-26,False,NWE,CLE,A,L,27,30,,0,0,0,0,0,0,0,0,0,0,,0,0.0,0.0,9350,False,targets;fum_rec_td,PFR+RULE2PT,19770926-NWE-CLE,False,fum_rec_td,False,True,fum_rec_td,
Don Hasselbeck,1977,3,1977-10-02,False,NWE,NYJ,A,L,27,30,,0,0,0,0,0,0,0,0,0,0,,0,0.0,0.0,9350,False,targets;fum_rec_td,PFR+RULE2PT,19771002-NWE-NYJ,False,fum_rec_td,False,True,fum_rec_td,
Don Hasselbeck,1977,4,1977-10-09,False,NWE,SEA,H,W,31,0,,1,2,1,0,0,0,0,0,0,0,,0,6.2,7.2,9350,False,targets;fum_rec_td,PFR+RULE2PT,19771009-SEA-NWE,False,fum_rec_td,False,True,fum_rec_td,
Don Hasselbeck,1977,5,1977-10-16,False,NWE,SDG,A,W,24,20,,2,5,2,0,0,0,0,0,0,0,,0,12.5,14.5,9350,False,targets;fum_rec_td,PFR+RULE2PT,19771016-NWE-SDG,False,fum_rec_td,False,True,fum_rec_td,
Don Hasselbeck,1977,6,1977-10-23,False,NWE,BAL,H,W,17,3,,0,0,0,0,0,0,0,0,0,0,,0,0.0,0.0,9350,False,targets;fum_rec_td,PFR+RULE2PT,19771023-BAL-NWE,False,fum_rec_td,False,True,fum_rec_td,
Don Hasselbeck,1977,7,1977-10-30,False,NWE,NYJ,H,W,24,13,,1,4,1,0,0,0,0,0,0,0,,0,6.4,7.4,9350,False,targets;fum_rec_td,PFR+RULE2PT,19771030-NYJ-NWE,False,fum_rec_td,False,True,fum_rec_td,
Don Hasselbeck,1977,8,1977-11-06,False,NWE,BUF,H,L,14,24,,0,0,0,0,0,0,0,0,0,0,,0,0.0,0.0,9350,False,targets;fum_rec_td,PFR+RULE2PT,19771106-BUF-NWE,False,fum_rec_td,False,True,fum_rec_td,
Don Hasselbeck,1977,9,1977-11-13,False,NWE,MIA,A,L,5,17,,2,27,0,0,0,0,0,0,0,0,,0,2.7,4.7,9350,False,targets;fum_rec_td,PFR+RULE2PT,19771113-NWE-MIA,False,fum_rec_td,False,True,fum_rec_td,
Don Hasselbeck,1977,10,1977-11-20,False,NWE,BUF,A,W,20,7,,0,0,0,0,0,0,0,0,0,0,,0,0.0,0.0,9350,False,targets;fum_rec_td,PFR+RULE2PT,19771120-NWE-BUF,False,fum_rec_td,False,True,fum_rec_td,
Don Hasselbeck,1977,11,1977-11-27,False,NWE,PHI,H,W,14,6,,2,28,0,0,0,0,0,0,0,0,,0,2.8,4.8,9350,False,targets;fum_rec_td,PFR+RULE2PT,19771127-PHI-NWE,False,fum_rec_td,False,True,fum_rec_td,
Don Hasselbeck,1977,12,1977-12-04,False,NWE,ATL,A,W,16,10,,1,10,0,0,0,0,0,0,0,0,,0,1.0,2.0,9350,False,targets;fum_rec_td,PFR+RULE2PT,19771204-NWE-ATL,False,fum_rec_td,False,True,fum_rec_td,
Don Hasselbeck,1977,13,1977-12-11,False,NWE,MIA,H,W,14,10,,0,0,0,0,0,0,0,0,0,0,,0,0.0,0.0,9350,False,targets;fum_rec_td,PFR+RULE2PT,19771211-MIA-NWE,False,fum_rec_td,False,True,fum_rec_td,
Don Hasselbeck,1977,14,1977-12-18,False,NWE,BAL,A,L,24,30,,0,0,0,0,0,0,0,0,0,0,,0,0.0,0.0,9350,False,targets;fum_rec_td,PFR+RULE2PT,19771218-NWE-BAL,False,fum_rec_td,False,True,fum_rec_td,
Don Hasselbeck,1978,1,1978-09-03,False,NWE,WAS,H,L,14,16,,1,17,0,0,0,0,0,0,0,0,,0,1.7,2.7,9350,False,targets;fum_rec_td,PFR+RULE2PT,19780903-WAS-NWE,False,fum_rec_td,False,True,fum_rec_td,
Don Hasselbeck,1978,2,1978-09-10,False,NWE,STL,A,W,16,6,,0,0,0,0,0,0,0,0,0,0,,0,0.0,0.0,9350,False,targets;fum_rec_td,PFR+RULE2PT,19780910-NWE-STL,False,fum_rec_td,False,True,fum_rec_td,
Don Hasselbeck,1978,3,1978-09-18,False,NWE,BAL,H,L,27,34,,3,32,0,0,0,0,0,0,0,0,,0,3.2,6.2,9350,False,targets;fum_rec_td,PFR+RULE2PT,19780918-BAL-NWE,False,fum_rec_td,False,True,fum_rec_td,
Don Hasselbeck,1978,4,1978-09-24,False,NWE,OAK,A,W,21,14,,0,0,0,0,0,0,0,0,0,0,,0,0.0,0.0,9350,False,targets;fum_rec_td,PFR+RULE2PT,19780924-NWE-OAK,False,fum_rec_td,False,True,fum_rec_td,
Don Hasselbeck,1978,5,1978-10-01,False,NWE,SDG,H,W,28,23,,0,0,0,0,0,0,0,0,0,0,,0,0.0,0.0,9350,False,targets;fum_rec_td,PFR+RULE2PT,19781001-SDG-NWE,False,fum_rec_td,False,True,fum_rec_td,
Don Hasselbeck,1978,6,1978-10-08,False,NWE,PHI,H,W,24,14,,0,0,0,0,0,0,0,0,0,0,,0,0.0,0.0,9350,False,targets;fum_rec_td,PFR+RULE2PT,19781008-PHI-NWE,False,fum_rec_td,False,True,fum_rec_td,
Don Hasselbeck,1978,7,1978-10-15,False,NWE,CIN,A,W,10,3,,0,0,0,0,0,0,0,0,0,0,,0,0.0,0.0,9350,False,targets;fum_rec_td,PFR+RULE2PT,19781015-NWE-CIN,False,fum_rec_td,False,True,fum_rec_td,
Don Hasselbeck,1978,8,1978-10-22,False,NWE,MIA,H,W,33,24,,2,41,0,0,0,0,0,0,0,0,,0,4.1,6.1,9350,False,targets;fum_rec_td,PFR+RULE2PT,19781022-MIA-NWE,False,fum_rec_td,False,True,fum_rec_td,
Don Hasselbeck,1978,9,1978-10-29,False,NWE,NYJ,H,W,55,21,,0,0,0,0,0,0,0,0,0,0,,0,0.0,0.0,9350,False,targets;fum_rec_td,PFR+RULE2PT,19781029-NYJ-NWE,False,fum_rec_td,False,True,fum_rec_td,
Don Hasselbeck,1978,10,1978-11-05,False,NWE,BUF,A,W,14,10,,0,0,0,0,0,0,0,0,0,0,,0,0.0,0.0,9350,False,targets;fum_rec_td,PFR+RULE2PT,19781105-NWE-BUF,False,fum_rec_td,False,True,fum_rec_td,
Don Hasselbeck,1978,11,1978-11-12,False,NWE,HOU,H,L,23,26,,0,0,0,0,0,0,0,0,0,0,,0,0.0,0.0,9350,False,targets;fum_rec_td,PFR+RULE2PT,19781112-HOU-NWE,False,fum_rec_td,False,True,fum_rec_td,
Don Hasselbeck,1978,12,1978-11-19,False,NWE,NYJ,A,W,19,17,,0,0,0,0,0,0,0,0,0,0,,0,0.0,0.0,9350,False,targets;fum_rec_td,PFR+RULE2PT,19781119-NWE-NYJ,False,fum_rec_td,False,True,fum_rec_td,
Don Hasselbeck,1978,13,1978-11-26,False,NWE,BAL,A,W,35,14,,0,0,0,0,0,0,0,0,0,0,,0,0.0,0.0,9350,False,targets;fum_rec_td,PFR+RULE2PT,19781126-NWE-BAL,False,fum_rec_td,False,True,fum_rec_td,
Don Hasselbeck,1978,14,1978-12-03,False,NWE,DAL,A,L,10,17,,0,0,0,0,0,0,0,0,0,0,,0,0.0,0.0,9350,False,targets;fum_rec_td,PFR+RULE2PT,19781203-NWE-DAL,False,fum_rec_td,False,True,fum_rec_td,
Don Hasselbeck,1978,15,1978-12-10,False,NWE,BUF,H,W,26,24,,0,0,0,0,0,0,0,0,0,0,,0,0.0,0.0,9350,False,targets;fum_rec_td,PFR+RULE2PT,19781210-BUF-NWE,False,fum_rec_td,False,True,fum_rec_td,
Don Hasselbeck,1978,16,1978-12-18,False,NWE,MIA,A,L,3,23,,1,17,0,0,0,0,0,0,0,0,,0,1.7,2.7,9350,False,targets;fum_rec_td,PFR+RULE2PT,19781218-NWE-MIA,False,fum_rec_td,False,True,fum_rec_td,
Don Hasselbeck,1978,17,1978-12-31,True,NWE,HOU,H,L,14,31,,0,0,0,0,0,0,0,0,0,0,,0,0.0,0.0,9350,False,targets;fum_rec_td,PFR+RULE2PT,19781231-HOU-NWE,False,fum_rec_td,False,True,fum_rec_td,
Don Hasselbeck,1979,1,1979-09-03,False,NWE,PIT,H,L,13,16,,0,0,0,0,0,0,0,0,0,0,,0,0.0,0.0,9350,False,targets;fum_rec_td,PFR+RULE2PT,19790903-PIT-NWE,False,fum_rec_td,False,True,fum_rec_td,
Don Hasselbeck,1979,2,1979-09-09,False,NWE,NYJ,H,W,56,3,,2,27,0,0,0,0,0,0,0,0,,0,2.7,4.7,9350,False,targets;fum_rec_td,PFR+RULE2PT,19790909-NYJ-NWE,False,fum_rec_td,False,True,fum_rec_td,
Don Hasselbeck,1979,3,1979-09-16,False,NWE,CIN,A,W,20,14,,0,0,0,0,0,0,0,0,0,0,,0,0.0,0.0,9350,False,targets;fum_rec_td,PFR+RULE2PT,19790916-NWE-CIN,False,fum_rec_td,False,True,fum_rec_td,
Don Hasselbeck,1979,4,1979-09-23,False,NWE,SDG,H,W,27,21,,1,6,0,0,0,0,0,0,0,0,,0,0.6,1.6,9350,False,targets;fum_rec_td,PFR+RULE2PT,19790923-SDG-NWE,False,fum_rec_td,False,True,fum_rec_td,
Don Hasselbeck,1979,5,1979-10-01,False,NWE,GNB,A,L,14,27,,0,0,0,0,0,0,0,0,0,0,,0,0.0,0.0,9350,False,targets;fum_rec_td,PFR+RULE2PT,19791001-NWE-GNB,False,fum_rec_td,False,True,fum_rec_td,
Don Hasselbeck,1979,6,1979-10-07,False,NWE,DET,H,W,24,17,,0,0,0,0,0,0,0,0,0,0,,0,0.0,0.0,9350,False,targets;fum_rec_td,PFR+RULE2PT,19791007-DET-NWE,False,fum_rec_td,False,True,fum_rec_td,
Don Hasselbeck,1979,7,1979-10-14,False,NWE,CHI,A,W,27,7,,0,0,0,0,0,0,0,0,0,0,,0,0.0,0.0,9350,False,targets;fum_rec_td,PFR+RULE2PT,19791014-NWE-CHI,False,fum_rec_td,False,True,fum_rec_td,
Don Hasselbeck,1979,8,1979-10-21,False,NWE,MIA,H,W,28,13,,2,13,0,0,0,0,0,0,0,0,,0,1.3,3.3,9350,False,targets;fum_rec_td,PFR+RULE2PT,19791021-MIA-NWE,False,fum_rec_td,False,True,fum_rec_td,
Don Hasselbeck,1979,9,1979-10-28,False,NWE,BAL,A,L,26,31,,2,46,0,0,0,0,0,0,0,0,,0,4.6,6.6,9350,False,targets;fum_rec_td,PFR+RULE2PT,19791028-NWE-BAL,False,fum_rec_td,False,True,fum_rec_td,
Don Hasselbeck,1979,10,1979-11-04,False,NWE,BUF,A,W,26,6,,3,26,0,0,0,0,0,0,0,0,,0,2.6,5.6,9350,False,targets;fum_rec_td,PFR+RULE2PT,19791104-NWE-BUF,False,fum_rec_td,False,True,fum_rec_td,
Don Hasselbeck,1979,11,1979-11-11,False,NWE,DEN,A,L,10,45,,0,0,0,0,0,0,0,0,0,0,,0,0.0,0.0,9350,False,targets;fum_rec_td,PFR+RULE2PT,19791111-NWE-DEN,False,fum_rec_td,False,True,fum_rec_td,
Don Hasselbeck,1979,12,1979-11-18,False,NWE,BAL,H,W,50,21,,2,16,0,0,0,0,0,0,0,0,,0,1.6,3.6,9350,False,targets;fum_rec_td,PFR+RULE2PT,19791118-BAL-NWE,False,fum_rec_td,False,True,fum_rec_td,
Don Hasselbeck,1979,13,1979-11-25,False,NWE,BUF,H,L,13,16,,0,0,0,0,0,0,0,0,0,0,,0,0.0,0.0,9350,False,targets;fum_rec_td,PFR+RULE2PT,19791125-BUF-NWE,False,fum_rec_td,False,True,fum_rec_td,
Don Hasselbeck,1979,14,1979-11-29,False,NWE,MIA,A,L,24,39,,0,0,0,0,0,0,0,0,0,0,,0,0.0,0.0,9350,False,targets;fum_rec_td,PFR+RULE2PT,19791129-NWE-MIA,False,fum_rec_td,False,True,fum_rec_td,
Don Hasselbeck,1979,15,1979-12-09,False,NWE,NYJ,A,L,26,27,,0,0,0,0,0,0,0,0,0,0,,0,0.0,0.0,9350,False,targets;fum_rec_td,PFR+RULE2PT,19791209-NWE-NYJ,False,fum_rec_td,False,True,fum_rec_td,
Don Hasselbeck,1979,16,1979-12-16,False,NWE,MIN,H,W,27,23,,1,24,0,0,0,0,0,0,0,0,,0,2.4,3.4,9350,False,targets;fum_rec_td,PFR+RULE2PT,19791216-MIN-NWE,False,fum_rec_td,False,True,fum_rec_td,
Paul Seal,1974,1,1974-09-15,False,NOR,SFO,H,L,13,17,,1,24,0,0,0,0,0,0,0,0,,0,2.4,3.4,19861,False,targets;fum_rec_td,PFR+RULE2PT,19740915-SFO-NOR,False,fum_rec_td,False,True,fum_rec_td,
Paul Seal,1974,2,1974-09-22,False,NOR,RAM,A,L,0,24,,1,9,0,0,0,0,0,0,0,0,,0,0.9,1.9,19861,False,targets;fum_rec_td,PFR+RULE2PT,19740922-NOR-RAM,False,fum_rec_td,False,True,fum_rec_td,
Paul Seal,1974,3,1974-09-29,False,NOR,ATL,H,W,14,13,,0,0,0,0,0,0,0,0,0,0,,0,0.0,0.0,19861,False,targets;fum_rec_td,PFR+RULE2PT,19740929-ATL-NOR,False,fum_rec_td,False,True,fum_rec_td,
Paul Seal,1974,4,1974-10-06,False,NOR,CHI,A,L,10,24,,0,0,0,0,0,0,0,0,0,0,,0,0.0,0.0,19861,False,targets;fum_rec_td,PFR+RULE2PT,19741006-NOR-CHI,False,fum_rec_td,False,True,fum_rec_td,
Paul Seal,1974,5,1974-10-13,False,NOR,DEN,A,L,17,33,,0,0,0,0,0,0,0,0,0,0,,0,0.0,0.0,19861,False,targets;fum_rec_td,PFR+RULE2PT,19741013-NOR-DEN,False,fum_rec_td,False,True,fum_rec_td,
Paul Seal,1974,6,1974-10-20,False,NOR,ATL,A,W,13,3,,1,36,1,0,0,0,0,0,0,0,,0,9.6,10.6,19861,False,targets;fum_rec_td,PFR+RULE2PT,19741020-NOR-ATL,False,fum_rec_td,False,True,fum_rec_td,
Paul Seal,1974,7,1974-10-27,False,NOR,PHI,H,W,14,10,,4,115,0,0,0,0,0,0,0,0,,0,11.5,15.5,19861,False,targets;fum_rec_td,PFR+RULE2PT,19741027-PHI-NOR,False,fum_rec_td,False,True,fum_rec_td,
Paul Seal,1974,8,1974-11-03,False,NOR,DET,A,L,14,19,,3,28,0,1,1,0,0,0,0,0,,0,2.9,5.9,19861,False,targets;fum_rec_td,PFR+RULE2PT,19741103-NOR-DET,False,fum_rec_td,False,True,fum_rec_td,
Paul Seal,1974,9,1974-11-10,False,NOR,MIA,H,L,0,21,,4,53,0,0,0,0,0,0,0,0,,0,5.3,9.3,19861,False,targets;fum_rec_td,PFR+RULE2PT,19741110-MIA-NOR,False,fum_rec_td,False,True,fum_rec_td,
Paul Seal,1974,10,1974-11-17,False,NOR,RAM,H,W,20,7,,3,29,0,0,0,0,0,0,0,0,,0,2.9,5.9,19861,False,targets;fum_rec_td,PFR+RULE2PT,19741117-RAM-NOR,False,fum_rec_td,False,True,fum_rec_td,
Paul Seal,1974,11,1974-11-25,False,NOR,PIT,H,L,7,28,,3,47,1,0,0,0,0,0,0,0,,0,10.7,13.7,19861,False,targets;fum_rec_td,PFR+RULE2PT,19741125-PIT-NOR,False,fum_rec_td,False,True,fum_rec_td,
Paul Seal,1974,12,1974-12-01,False,NOR,MIN,A,L,9,29,,1,15,0,0,0,0,0,0,0,0,,0,1.5,2.5,19861,False,targets;fum_rec_td,PFR+RULE2PT,19741201-NOR-MIN,False,fum_rec_td,False,True,fum_rec_td,
Paul Seal,1974,13,1974-12-08,False,NOR,STL,H,W,14,0,,2,27,0,1,6,1,0,0,0,0,,0,9.3,11.3,19861,False,targets;fum_rec_td,PFR+RULE2PT,19741208-STL-NOR,False,fum_rec_td,False,True,fum_rec_td,
Paul Seal,1974,14,1974-12-15,False,NOR,SFO,A,L,21,35,,9,83,1,0,0,0,0,0,0,0,,0,14.3,23.3,19861,False,targets;fum_rec_td,PFR+RULE2PT,19741215-NOR-SFO,False,fum_rec_td,False,True,fum_rec_td,
Paul Seal,1975,1,1975-09-21,False,NOR,WAS,A,L,3,41,,4,45,0,0,0,0,0,0,0,0,,0,4.5,8.5,19861,False,targets;fum_rec_td,PFR+RULE2PT,19750921-NOR-WAS,False,fum_rec_td,False,True,fum_rec_td,
Paul Seal,1975,2,1975-09-28,False,NOR,CIN,H,L,0,21,,2,40,0,0,0,0,0,0,0,0,,0,4.0,6.0,19861,False,targets;fum_rec_td,PFR+RULE2PT,19750928-CIN-NOR,False,fum_rec_td,False,True,fum_rec_td,
Paul Seal,1975,3,1975-10-05,False,NOR,ATL,A,L,7,14,,0,0,0,0,0,0,0,0,0,0,,0,0.0,0.0,19861,False,targets;fum_rec_td,PFR+RULE2PT,19751005-NOR-ATL,False,fum_rec_td,False,True,fum_rec_td,
Paul Seal,1975,4,1975-10-12,False,NOR,GNB,H,W,20,19,,3,41,0,0,0,0,0,0,0,0,,0,4.1,7.1,19861,False,targets;fum_rec_td,PFR+RULE2PT,19751012-GNB-NOR,False,fum_rec_td,False,True,fum_rec_td,
Paul Seal,1975,5,1975-10-19,False,NOR,SFO,A,L,21,35,,2,26,0,0,0,0,0,0,0,0,,0,2.6,4.6,19861,False,targets;fum_rec_td,PFR+RULE2PT,19751019-NOR-SFO,False,fum_rec_td,False,True,fum_rec_td,
Paul Seal,1975,6,1975-10-26,False,NOR,RAM,A,L,14,38,,0,0,0,0,0,0,0,0,0,0,,0,0.0,0.0,19861,False,targets;fum_rec_td,PFR+RULE2PT,19751026-NOR-RAM,False,fum_rec_td,False,True,fum_rec_td,
Paul Seal,1975,7,1975-11-02,False,NOR,ATL,H,W,23,7,,1,22,0,0,0,0,0,0,0,0,,0,2.2,3.2,19861,False,targets;fum_rec_td,PFR+RULE2PT,19751102-ATL-NOR,False,fum_rec_td,False,True,fum_rec_td,
Paul Seal,1975,8,1975-11-09,False,NOR,OAK,A,L,10,48,,0,0,0,0,0,0,0,0,0,0,,0,0.0,0.0,19861,False,targets;fum_rec_td,PFR+RULE2PT,19751109-NOR-OAK,False,fum_rec_td,False,True,fum_rec_td,
Paul Seal,1975,9,1975-11-16,False,NOR,MIN,H,L,7,20,,3,52,1,0,0,0,0,0,0,0,,0,11.2,14.2,19861,False,targets;fum_rec_td,PFR+RULE2PT,19751116-MIN-NOR,False,fum_rec_td,False,True,fum_rec_td,
Paul Seal,1975,10,1975-11-23,False,NOR,SFO,H,L,6,16,,3,53,0,0,0,0,0,0,0,0,,0,5.3,8.3,19861,False,targets;fum_rec_td,PFR+RULE2PT,19751123-SFO-NOR,False,fum_rec_td,False,True,fum_rec_td,
Paul Seal,1975,11,1975-11-30,False,NOR,CLE,A,L,16,17,,1,11,0,0,0,0,0,0,0,0,,0,1.1,2.1,19861,False,targets;fum_rec_td,PFR+RULE2PT,19751130-NOR-CLE,False,fum_rec_td,False,True,fum_rec_td,
Paul Seal,1975,12,1975-12-07,False,NOR,RAM,H,L,7,14,,4,66,0,0,0,0,0,0,0,0,,0,6.6,10.6,19861,False,targets;fum_rec_td,PFR+RULE2PT,19751207-RAM-NOR,False,fum_rec_td,False,True,fum_rec_td,
Paul Seal,1975,13,1975-12-14,False,NOR,NYG,A,L,14,28,,4,47,0,1,10,0,0,0,0,0,,0,5.7,9.7,19861,False,targets;fum_rec_td,PFR+RULE2PT,19751214-NOR-NYG,False,fum_rec_td,False,True,fum_rec_td,
Paul Seal,1975,14,1975-12-21,False,NOR,CHI,H,L,17,42,,1,11,0,0,0,0,0,0,0,0,,0,1.1,2.1,19861,False,targets;fum_rec_td,PFR+RULE2PT,19751221-CHI-NOR,False,fum_rec_td,False,True,fum_rec_td,
Paul Seal,1976,1,1976-09-12,False,NOR,MIN,H,L,9,40,,1,15,0,0,0,0,0,0,0,0,,0,1.5,2.5,19861,False,targets;fum_rec_td,PFR+RULE2PT,19760912-MIN-NOR,False,fum_rec_td,False,True,fum_rec_td,
Paul Seal,1976,2,1976-09-19,False,NOR,DAL,H,L,6,24,,0,0,0,1,-6,0,0,0,0,0,,0,-0.6,-0.6,19861,False,targets;fum_rec_td,PFR+RULE2PT,19760919-DAL-NOR,False,fum_rec_td,False,True,fum_rec_td,
Paul Seal,1976,3,1976-09-26,False,NOR,KAN,A,W,27,17,,1,11,0,0,0,0,0,0,0,0,,0,1.1,2.1,19861,False,targets;fum_rec_td,PFR+RULE2PT,19760926-NOR-KAN,False,fum_rec_td,False,True,fum_rec_td,
Paul Seal,1976,4,1976-10-03,False,NOR,HOU,H,L,26,31,,2,20,0,0,0,0,0,0,0,0,,0,2.0,4.0,19861,False,targets;fum_rec_td,PFR+RULE2PT,19761003-HOU-NOR,False,fum_rec_td,False,True,fum_rec_td,
Paul Seal,1976,5,1976-10-10,False,NOR,ATL,H,W,30,0,,0,0,0,0,0,0,0,0,0,0,,0,0.0,0.0,19861,False,targets;fum_rec_td,PFR+RULE2PT,19761010-ATL-NOR,False,fum_rec_td,False,True,fum_rec_td,
Paul Seal,1976,6,1976-10-17,False,NOR,SFO,A,L,3,33,,0,0,0,0,0,0,0,0,0,0,,0,0.0,0.0,19861,False,targets;fum_rec_td,PFR+RULE2PT,19761017-NOR-SFO,False,fum_rec_td,False,True,fum_rec_td,
Paul Seal,1976,7,1976-10-24,False,NOR,RAM,H,L,10,16,,2,1,0,0,0,0,0,0,0,0,,0,0.1,2.1,19861,False,targets;fum_rec_td,PFR+RULE2PT,19761024-RAM-NOR,False,fum_rec_td,False,True,fum_rec_td,
Paul Seal,1976,8,1976-10-31,False,NOR,ATL,A,L,20,23,,0,0,0,0,0,0,0,0,0,0,,0,0.0,0.0,19861,False,targets;fum_rec_td,PFR+RULE2PT,19761031-NOR-ATL,False,fum_rec_td,False,True,fum_rec_td,
Paul Seal,1976,9,1976-11-07,False,NOR,GNB,A,L,27,32,,1,3,0,0,0,0,0,0,0,0,,0,0.3,1.3,19861,False,targets;fum_rec_td,PFR+RULE2PT,19761107-NOR-GNB,False,fum_rec_td,False,True,fum_rec_td,
Paul Seal,1976,10,1976-11-14,False,NOR,DET,H,W,17,16,,0,0,0,0,0,0,0,0,0,0,,0,0.0,0.0,19861,False,targets;fum_rec_td,PFR+RULE2PT,19761114-DET-NOR,False,fum_rec_td,False,True,fum_rec_td,
Paul Seal,1976,11,1976-11-21,False,NOR,SEA,A,W,51,27,,1,10,0,1,-1,0,0,0,0,0,,0,0.9,1.9,19861,False,targets;fum_rec_td,PFR+RULE2PT,19761121-NOR-SEA,False,fum_rec_td,False,True,fum_rec_td,
Paul Seal,1976,12,1976-11-28,False,NOR,RAM,A,L,14,33,,1,12,0,0,0,0,0,0,0,0,,0,1.2,2.2,19861,False,targets;fum_rec_td,PFR+RULE2PT,19761128-NOR-RAM,False,fum_rec_td,False,True,fum_rec_td,
Paul Seal,1976,13,1976-12-05,False,NOR,NWE,A,L,6,27,,0,0,0,0,0,0,0,0,0,0,,0,0.0,0.0,19861,False,targets;fum_rec_td,PFR+RULE2PT,19761205-NOR-NWE,False,fum_rec_td,False,True,fum_rec_td,
Paul Seal,1976,14,1976-12-12,False,NOR,SFO,H,L,7,27,,0,0,0,0,0,0,0,0,0,0,,0,0.0,0.0,19861,False,targets;fum_rec_td,PFR+RULE2PT,19761212-SFO-NOR,False,fum_rec_td,False,True,fum_rec_td,
Paul Seal,1977,1,1977-09-19,False,SFO,PIT,A,L,0,27,,1,26,0,0,0,0,0,0,0,0,,0,2.6,3.6,19861,False,targets;fum_rec_td,PFR+RULE2PT,19770919-SFO-PIT,False,fum_rec_td,False,True,fum_rec_td,
Paul Seal,1977,2,1977-09-25,False,SFO,MIA,H,L,15,19,,1,12,0,0,0,0,0,0,0,0,,0,1.2,2.2,19861,False,targets;fum_rec_td,PFR+RULE2PT,19770925-MIA-SFO,False,fum_rec_td,False,True,fum_rec_td,
Paul Seal,1977,3,1977-10-02,False,SFO,RAM,A,L,14,34,,2,22,0,0,0,0,0,0,0,0,,0,2.2,4.2,19861,False,targets;fum_rec_td,PFR+RULE2PT,19771002-SFO-RAM,False,fum_rec_td,False,True,fum_rec_td,
Paul Seal,1977,4,1977-10-09,False,SFO,ATL,H,L,0,7,,2,30,0,0,0,0,0,0,0,0,,0,3.0,5.0,19861,False,targets;fum_rec_td,PFR+RULE2PT,19771009-ATL-SFO,False,fum_rec_td,False,True,fum_rec_td,
Paul Seal,1977,5,1977-10-16,False,SFO,NYG,A,L,17,20,,2,23,0,0,0,0,0,0,0,0,,0,2.3,4.3,19861,False,targets;fum_rec_td,PFR+RULE2PT,19771016-SFO-NYG,False,fum_rec_td,False,True,fum_rec_td,
Paul Seal,1977,6,1977-10-23,False,SFO,DET,H,W,28,7,,0,0,0,0,0,0,0,0,0,0,,0,0.0,0.0,19861,False,targets;fum_rec_td,PFR+RULE2PT,19771023-DET-SFO,False,fum_rec_td,False,True,fum_rec_td,
Paul Seal,1977,7,1977-10-30,False,SFO,TAM,H,W,20,10,,0,0,0,0,0,0,0,0,0,0,,0,0.0,0.0,19861,False,targets;fum_rec_td,PFR+RULE2PT,19771030-TAM-SFO,False,fum_rec_td,False,True,fum_rec_td,
Paul Seal,1977,8,1977-11-06,False,SFO,ATL,A,W,10,3,,0,0,0,0,0,0,0,0,0,0,,0,0.0,0.0,19861,False,targets;fum_rec_td,PFR+RULE2PT,19771106-SFO-ATL,False,fum_rec_td,False,True,fum_rec_td,
Paul Seal,1977,9,1977-11-13,False,SFO,NOR,A,W,10,7,,0,0,0,0,0,0,0,0,0,0,,0,0.0,0.0,19861,False,targets;fum_rec_td,PFR+RULE2PT,19771113-SFO-NOR,False,fum_rec_td,False,True,fum_rec_td,
Paul Seal,1977,10,1977-11-20,False,SFO,RAM,H,L,10,23,,0,0,0,0,0,0,0,0,0,0,,0,0.0,0.0,19861,False,targets;fum_rec_td,PFR+RULE2PT,19771120-RAM-SFO,False,fum_rec_td,False,True,fum_rec_td,
Paul Seal,1977,11,1977-11-27,False,SFO,NOR,H,W,20,17,,0,0,0,0,0,0,0,0,0,0,,0,0.0,0.0,19861,False,targets;fum_rec_td,PFR+RULE2PT,19771127-NOR-SFO,False,fum_rec_td,False,True,fum_rec_td,
Paul Seal,1977,12,1977-12-04,False,SFO,MIN,A,L,27,28,,0,0,0,0,0,0,0,0,0,0,,0,0.0,0.0,19861,False,targets;fum_rec_td,PFR+RULE2PT,19771204-SFO-MIN,False,fum_rec_td,False,True,fum_rec_td,
Paul Seal,1977,13,1977-12-12,False,SFO,DAL,H,L,35,42,,2,75,1,0,0,0,0,0,0,0,,0,13.5,15.5,19861,False,targets;fum_rec_td,PFR+RULE2PT,19771212-DAL-SFO,False,fum_rec_td,False,True,fum_rec_td,
Paul Seal,1977,14,1977-12-18,False,SFO,GNB,A,L,14,16,,3,42,0,0,0,0,0,0,0,0,,0,4.2,7.2,19861,False,targets;fum_rec_td,PFR+RULE2PT,19771218-SFO-GNB,False,fum_rec_td,False,True,fum_rec_td,
Paul Seal,1978,3,1978-09-17,False,SFO,HOU,A,L,19,20,,2,23,1,0,0,0,0,0,0,0,,0,8.3,10.3,19861,False,targets;fum_rec_td,PFR+RULE2PT,19780917-SFO-HOU,False,fum_rec_td,False,True,fum_rec_td,
Paul Seal,1978,4,1978-09-24,False,SFO,NYG,A,L,10,27,,0,0,0,0,0,0,0,0,0,0,,0,0.0,0.0,19861,False,targets;fum_rec_td,PFR+RULE2PT,19780924-SFO-NYG,False,fum_rec_td,False,True,fum_rec_td,
Paul Seal,1978,5,1978-10-01,False,SFO,CIN,H,W,28,12,,0,0,0,0,0,0,0,0,0,0,,0,0.0,0.0,19861,False,targets;fum_rec_td,PFR+RULE2PT,19781001-CIN-SFO,False,fum_rec_td,False,True,fum_rec_td,
Paul Seal,1978,6,1978-10-08,False,SFO,RAM,A,L,10,27,,2,58,0,0,0,0,0,0,0,0,,0,5.8,7.8,19861,False,targets;fum_rec_td,PFR+RULE2PT,19781008-SFO-RAM,False,fum_rec_td,False,True,fum_rec_td,
Paul Seal,1978,7,1978-10-15,False,SFO,NOR,H,L,7,14,,1,8,0,0,0,0,0,0,0,0,,0,0.8,1.8,19861,False,targets;fum_rec_td,PFR+RULE2PT,19781015-NOR-SFO,False,fum_rec_td,False,True,fum_rec_td,
Paul Seal,1978,8,1978-10-22,False,SFO,ATL,H,L,17,20,,0,0,0,0,0,0,0,0,0,0,,0,0.0,0.0,19861,False,targets;fum_rec_td,PFR+RULE2PT,19781022-ATL-SFO,False,fum_rec_td,False,True,fum_rec_td,
Paul Seal,1978,9,1978-10-29,False,SFO,WAS,A,L,20,38,,5,91,0,0,0,0,0,0,0,0,,0,9.1,14.1,19861,False,targets;fum_rec_td,PFR+RULE2PT,19781029-SFO-WAS,False,fum_rec_td,False,True,fum_rec_td,
Paul Seal,1978,10,1978-11-05,False,SFO,ATL,A,L,10,21,,1,6,0,0,0,0,0,0,0,0,,0,0.6,1.6,19861,False,targets;fum_rec_td,PFR+RULE2PT,19781105-SFO-ATL,False,fum_rec_td,False,True,fum_rec_td,
Paul Seal,1978,11,1978-11-12,False,SFO,STL,H,L,10,16,,0,0,0,0,0,0,0,0,0,0,,0,0.0,0.0,19861,False,targets;fum_rec_td,PFR+RULE2PT,19781112-STL-SFO,False,fum_rec_td,False,True,fum_rec_td,
Paul Seal,1978,12,1978-11-19,False,SFO,RAM,H,L,28,31,,3,60,0,0,0,0,0,0,0,0,,0,6.0,9.0,19861,False,targets;fum_rec_td,PFR+RULE2PT,19781119-RAM-SFO,False,fum_rec_td,False,True,fum_rec_td,
Paul Seal,1978,13,1978-11-27,False,SFO,PIT,H,L,7,24,,3,38,0,0,0,0,0,0,0,0,,0,3.8,6.8,19861,False,targets;fum_rec_td,PFR+RULE2PT,19781127-PIT-SFO,False,fum_rec_td,False,True,fum_rec_td,
Paul Seal,1978,14,1978-12-03,False,SFO,NOR,A,L,13,24,,2,51,1,0,0,0,0,0,0,0,,0,11.1,13.1,19861,False,targets;fum_rec_td,PFR+RULE2PT,19781203-SFO-NOR,False,fum_rec_td,False,True,fum_rec_td,
Paul Seal,1978,15,1978-12-10,False,SFO,TAM,H,W,6,3,,0,0,0,0,0,0,0,0,0,0,,0,0.0,0.0,19861,False,targets;fum_rec_td,PFR+RULE2PT,19781210-TAM-SFO,False,fum_rec_td,False,True,fum_rec_td,
Paul Seal,1978,16,1978-12-17,False,SFO,DET,A,L,14,33,,2,35,0,0,0,0,0,0,0,0,,0,3.5,5.5,19861,False,targets;fum_rec_td,PFR+RULE2PT,19781217-SFO-DET,False,fum_rec_td,False,True,fum_rec_td,
Paul Seal,1979,1,1979-09-02,False,SFO,MIN,A,L,22,28,,2,22,0,0,0,0,0,0,0,0,,0,2.2,4.2,19861,False,targets;fum_rec_td,PFR+RULE2PT,19790902-SFO-MIN,False,fum_rec_td,False,True,fum_rec_td,
Paul Seal,1979,2,1979-09-09,False,SFO,DAL,H,L,13,21,,0,0,0,0,0,0,0,0,0,0,,0,0.0,0.0,19861,False,targets;fum_rec_td,PFR+RULE2PT,19790909-DAL-SFO,False,fum_rec_td,False,True,fum_rec_td,
Paul Seal,1979,3,1979-09-16,False,SFO,RAM,A,L,24,27,,0,0,0,0,0,0,0,0,0,0,,0,0.0,0.0,19861,False,targets;fum_rec_td,PFR+RULE2PT,19790916-SFO-RAM,False,fum_rec_td,False,True,fum_rec_td,
Paul Seal,1979,4,1979-09-23,False,SFO,NOR,H,L,21,30,,1,12,0,0,0,0,0,0,0,0,,0,1.2,2.2,19861,False,targets;fum_rec_td,PFR+RULE2PT,19790923-NOR-SFO,False,fum_rec_td,False,True,fum_rec_td,
Paul Seal,1979,5,1979-09-30,False,SFO,SDG,A,L,9,31,,0,0,0,0,0,0,0,0,0,0,,0,0.0,0.0,19861,False,targets;fum_rec_td,PFR+RULE2PT,19790930-SFO-SDG,False,fum_rec_td,False,True,fum_rec_td,
Paul Seal,1979,7,1979-10-14,False,SFO,NYG,A,L,16,32,,0,0,0,0,0,0,0,0,0,0,,0,0.0,0.0,19861,False,targets;fum_rec_td,PFR+RULE2PT,19791014-SFO-NYG,False,fum_rec_td,False,True,fum_rec_td,
Paul Seal,1979,8,1979-10-21,False,SFO,ATL,H,W,20,15,,0,0,0,0,0,0,0,0,0,0,,0,0.0,0.0,19861,False,targets;fum_rec_td,PFR+RULE2PT,19791021-ATL-SFO,False,fum_rec_td,False,True,fum_rec_td,
Paul Seal,1979,9,1979-10-28,False,SFO,CHI,H,L,27,28,,0,0,0,0,0,0,0,0,0,0,,0,0.0,0.0,19861,False,targets;fum_rec_td,PFR+RULE2PT,19791028-CHI-SFO,False,fum_rec_td,False,True,fum_rec_td,
Paul Seal,1979,10,1979-11-04,False,SFO,OAK,A,L,10,23,,0,0,0,0,0,0,0,0,0,0,,0,0.0,0.0,19861,False,targets;fum_rec_td,PFR+RULE2PT,19791104-SFO-OAK,False,fum_rec_td,False,True,fum_rec_td,
Paul Seal,1979,11,1979-11-11,False,SFO,NOR,A,L,20,31,,0,0,0,0,0,0,0,0,0,0,,0,0.0,0.0,19861,False,targets;fum_rec_td,PFR+RULE2PT,19791111-SFO-NOR,False,fum_rec_td,False,True,fum_rec_td,
Paul Seal,1979,12,1979-11-18,False,SFO,DEN,H,L,28,38,,0,0,0,0,0,0,0,0,0,0,,0,0.0,0.0,19861,False,targets;fum_rec_td,PFR+RULE2PT,19791118-DEN-SFO,False,fum_rec_td,False,True,fum_rec_td,
Paul Seal,1979,13,1979-11-25,False,SFO,RAM,H,L,20,26,,0,0,0,0,0,0,0,0,0,0,,0,0.0,0.0,19861,False,targets;fum_rec_td,PFR+RULE2PT,19791125-RAM-SFO,False,fum_rec_td,False,True,fum_rec_td,
Paul Seal,1979,14,1979-12-02,False,SFO,STL,A,L,10,13,,0,0,0,0,0,0,0,0,0,0,,0,0.0,0.0,19861,False,targets;fum_rec_td,PFR+RULE2PT,19791202-SFO-STL,False,fum_rec_td,False,True,fum_rec_td,
Paul Seal,1979,15,1979-12-09,False,SFO,TAM,H,W,23,7,,0,0,0,0,0,0,0,0,0,0,,0,0.0,0.0,19861,False,targets;fum_rec_td,PFR+RULE2PT,19791209-TAM-SFO,False,fum_rec_td,False,True,fum_rec_td,
Paul Seal,1979,16,1979-12-16,False,SFO,ATL,A,L,21,31,,0,0,0,0,0,0,0,0,0,0,,0,0.0,0.0,19861,False,targets;fum_rec_td,PFR+RULE2PT,19791216-SFO-ATL,False,fum_rec_td,False,True,fum_rec_td,
