name,season,week,date,playoff,team,opp,home_away,result,team_score,opp_score,targets,rec,rec_yds,rec_td,rush_att,rush_yds,rush_td,pass_yds,pass_td,pass_int,two_pt,fum_rec_td,ret_td,fpts_std,fpts_ppr,player_id,complete,missing_fields,source,game_id,scoring_complete,scoring_missing,strict_eligible,era_scored_eligible,era_excluded_fields,era_blocking_fields
Elroy Hirsch,1950,1,1950-09-17,False,RAM,CHI,H,L,20,24,,3,53,1,0,0,0,0,0,0,0,,,11.3,14.3,9949,False,targets;fum_rec_td;ret_td,PFR+RULE2PT,19500917-CHI-RAM,False,ret_td;fum_rec_td,False,True,ret_td;fum_rec_td,
Elroy Hirsch,1950,2,1950-09-22,False,RAM,NYY,H,W,45,28,,4,25,0,0,0,0,0,0,0,0,,,2.5,6.5,9949,False,targets;fum_rec_td;ret_td,PFR+RULE2PT,19500922-NYY-RAM,False,ret_td;fum_rec_td,False,True,ret_td;fum_rec_td,
Elroy Hirsch,1950,3,1950-10-01,False,RAM,SFO,A,W,35,14,,2,15,0,0,0,0,0,0,0,0,,,1.5,3.5,9949,False,targets;fum_rec_td;ret_td,PFR+RULE2PT,19501001-RAM-SFO,False,ret_td;fum_rec_td,False,True,ret_td;fum_rec_td,
Elroy Hirsch,1950,4,1950-10-07,False,RAM,PHI,A,L,20,56,,4,40,0,0,0,0,0,0,0,0,,,4.0,8.0,9949,False,targets;fum_rec_td;ret_td,PFR+RULE2PT,19501007-RAM-PHI,False,ret_td;fum_rec_td,False,True,ret_td;fum_rec_td,
Elroy Hirsch,1950,5,1950-10-15,False,RAM,DET,A,W,30,28,,5,60,0,0,0,0,0,0,0,0,,,6.0,11.0,9949,False,targets;fum_rec_td;ret_td,PFR+RULE2PT,19501015-RAM-DET,False,ret_td;fum_rec_td,False,True,ret_td;fum_rec_td,
Elroy Hirsch,1950,6,1950-10-22,False,RAM,BAL,H,W,70,27,,2,82,1,0,0,0,0,0,0,0,,,14.2,16.2,9949,False,targets;fum_rec_td;ret_td,PFR+RULE2PT,19501022-BAL-RAM,False,ret_td;fum_rec_td,False,True,ret_td;fum_rec_td,
Elroy Hirsch,1950,7,1950-10-29,False,RAM,DET,H,W,65,24,,4,87,1,0,0,0,0,0,0,0,,,14.7,18.7,9949,False,targets;fum_rec_td;ret_td,PFR+RULE2PT,19501029-DET-RAM,False,ret_td;fum_rec_td,False,True,ret_td;fum_rec_td,
Elroy Hirsch,1950,8,1950-11-05,False,RAM,SFO,H,W,28,21,,2,28,0,1,4,0,0,0,0,0,,,3.2,5.2,9949,False,targets;fum_rec_td;ret_td,PFR+RULE2PT,19501105-SFO-RAM,False,ret_td;fum_rec_td,False,True,ret_td;fum_rec_td,
Elroy Hirsch,1950,9,1950-11-12,False,RAM,GNB,A,W,45,14,,3,78,2,0,0,0,0,0,0,0,,,19.8,22.8,9949,False,targets;fum_rec_td;ret_td,PFR+RULE2PT,19501112-RAM-GNB,False,ret_td;fum_rec_td,False,True,ret_td;fum_rec_td,
Elroy Hirsch,1950,10,1950-11-19,False,RAM,NYY,A,W,43,35,,8,157,1,0,0,0,0,0,0,0,,,21.7,29.7,9949,False,targets;fum_rec_td;ret_td,PFR+RULE2PT,19501119-RAM-NYY,False,ret_td;fum_rec_td,False,True,ret_td;fum_rec_td,
Elroy Hirsch,1950,11,1950-11-26,False,RAM,CHI,A,L,14,24,,1,5,0,1,15,0,0,0,0,0,,,2.0,3.0,9949,False,targets;fum_rec_td;ret_td,PFR+RULE2PT,19501126-RAM-CHI,False,ret_td;fum_rec_td,False,True,ret_td;fum_rec_td,
Elroy Hirsch,1950,12,1950-12-03,False,RAM,GNB,H,W,51,14,,4,57,1,0,0,0,0,0,0,0,,,11.7,15.7,9949,False,targets;fum_rec_td;ret_td,PFR+RULE2PT,19501203-GNB-RAM,False,ret_td;fum_rec_td,False,True,ret_td;fum_rec_td,
Elroy Hirsch,1950,13,1950-12-17,True,RAM,CHI,H,W,24,14,,2,46,0,0,0,0,0,0,0,0,,,4.6,6.6,9949,False,targets;fum_rec_td;ret_td,PFR+RULE2PT,19501217-CHI-RAM,False,ret_td;fum_rec_td,False,True,ret_td;fum_rec_td,
Elroy Hirsch,1950,14,1950-12-24,True,RAM,CLE,A,L,28,30,,4,42,0,0,0,0,0,0,0,0,,,4.2,8.2,9949,False,targets;fum_rec_td;ret_td,PFR+RULE2PT,19501224-RAM-CLE,False,ret_td;fum_rec_td,False,True,ret_td;fum_rec_td,
Elroy Hirsch,1951,1,1951-09-28,False,RAM,NYY,H,W,54,14,,9,173,4,1,3,0,0,0,0,0,,,41.6,50.6,9949,False,targets;fum_rec_td;ret_td,PFR+RULE2PT,19510928-NYY-RAM,False,ret_td;fum_rec_td,False,True,ret_td;fum_rec_td,
Elroy Hirsch,1951,2,1951-10-07,False,RAM,CLE,H,L,23,38,,4,69,1,0,0,0,0,0,0,0,,,12.9,16.9,9949,False,targets;fum_rec_td;ret_td,PFR+RULE2PT,19511007-CLE-RAM,False,ret_td;fum_rec_td,False,True,ret_td;fum_rec_td,
Elroy Hirsch,1951,3,1951-10-14,False,RAM,DET,A,W,27,21,,7,147,1,0,0,0,0,0,0,0,,,20.7,27.7,9949,False,targets;fum_rec_td;ret_td,PFR+RULE2PT,19511014-RAM-DET,False,ret_td;fum_rec_td,False,True,ret_td;fum_rec_td,
Elroy Hirsch,1951,4,1951-10-21,False,RAM,GNB,A,W,28,0,,3,111,1,0,0,0,0,0,0,0,,,17.1,20.1,9949,False,targets;fum_rec_td;ret_td,PFR+RULE2PT,19511021-RAM-GNB,False,ret_td;fum_rec_td,False,True,ret_td;fum_rec_td,
Elroy Hirsch,1951,5,1951-10-28,False,RAM,SFO,A,L,17,44,,7,163,1,0,0,0,0,0,0,0,,,22.3,29.3,9949,False,targets;fum_rec_td;ret_td,PFR+RULE2PT,19511028-RAM-SFO,False,ret_td;fum_rec_td,False,True,ret_td;fum_rec_td,
Elroy Hirsch,1951,6,1951-11-04,False,RAM,SFO,H,W,23,16,,4,103,1,0,0,0,0,0,0,0,,,16.3,20.3,9949,False,targets;fum_rec_td;ret_td,PFR+RULE2PT,19511104-SFO-RAM,False,ret_td;fum_rec_td,False,True,ret_td;fum_rec_td,
Elroy Hirsch,1951,7,1951-11-11,False,RAM,CRD,H,W,45,21,,6,195,2,0,0,0,0,0,0,0,,,31.5,37.5,9949,False,targets;fum_rec_td;ret_td,PFR+RULE2PT,19511111-CRD-RAM,False,ret_td;fum_rec_td,False,True,ret_td;fum_rec_td,
Elroy Hirsch,1951,8,1951-11-18,False,RAM,NYY,H,W,48,21,,4,97,1,0,0,0,0,0,0,0,,,15.7,19.7,9949,False,targets;fum_rec_td;ret_td,PFR+RULE2PT,19511118-NYY-RAM,False,ret_td;fum_rec_td,False,True,ret_td;fum_rec_td,
Elroy Hirsch,1951,9,1951-11-25,False,RAM,WAS,A,L,21,31,,7,104,1,0,0,0,0,0,0,0,,,16.4,23.4,9949,False,targets;fum_rec_td;ret_td,PFR+RULE2PT,19511125-RAM-WAS,False,ret_td;fum_rec_td,False,True,ret_td;fum_rec_td,
Elroy Hirsch,1951,10,1951-12-02,False,RAM,CHI,A,W,42,17,,3,106,1,0,0,0,0,0,0,0,,,16.6,19.6,9949,False,targets;fum_rec_td;ret_td,PFR+RULE2PT,19511202-RAM-CHI,False,ret_td;fum_rec_td,False,True,ret_td;fum_rec_td,
Elroy Hirsch,1951,11,1951-12-09,False,RAM,DET,H,L,22,24,,6,81,0,0,0,0,0,0,0,0,,,8.1,14.1,9949,False,targets;fum_rec_td;ret_td,PFR+RULE2PT,19511209-DET-RAM,False,ret_td;fum_rec_td,False,True,ret_td;fum_rec_td,
Elroy Hirsch,1951,12,1951-12-16,False,RAM,GNB,H,W,42,14,,6,146,3,0,0,0,0,0,0,0,,,32.6,38.6,9949,False,targets;fum_rec_td;ret_td,PFR+RULE2PT,19511216-GNB-RAM,False,ret_td;fum_rec_td,False,True,ret_td;fum_rec_td,
Elroy Hirsch,1951,13,1951-12-23,True,RAM,CLE,H,W,24,17,,4,66,0,0,0,0,0,0,0,0,,,6.6,10.6,9949,False,targets;fum_rec_td;ret_td,PFR+RULE2PT,19511223-CLE-RAM,False,ret_td;fum_rec_td,False,True,ret_td;fum_rec_td,
Elroy Hirsch,1952,2,1952-10-03,False,RAM,DET,H,L,14,17,,1,20,0,0,0,0,0,0,0,0,,,2.0,3.0,9949,False,targets;fum_rec_td;ret_td,PFR+RULE2PT,19521003-DET-RAM,False,ret_td;fum_rec_td,False,True,ret_td;fum_rec_td,
Elroy Hirsch,1952,5,1952-10-26,False,RAM,CHI,H,W,31,7,,1,42,0,0,0,0,0,0,0,0,,,4.2,5.2,9949,False,targets;fum_rec_td;ret_td,PFR+RULE2PT,19521026-CHI-RAM,False,ret_td;fum_rec_td,False,True,ret_td;fum_rec_td,
Elroy Hirsch,1952,8,1952-11-16,False,RAM,CHI,A,W,40,24,,7,191,2,0,0,0,0,0,0,0,,,31.1,38.1,9949,False,targets;fum_rec_td;ret_td,PFR+RULE2PT,19521116-RAM-CHI,False,ret_td;fum_rec_td,False,True,ret_td;fum_rec_td,
Elroy Hirsch,1952,9,1952-11-23,False,RAM,SFO,H,W,35,9,,4,86,1,0,0,0,0,0,0,0,,,14.6,18.6,9949,False,targets;fum_rec_td;ret_td,PFR+RULE2PT,19521123-SFO-RAM,False,ret_td;fum_rec_td,False,True,ret_td;fum_rec_td,
Elroy Hirsch,1952,10,1952-11-30,False,RAM,SFO,A,W,34,21,,4,47,0,0,0,0,0,0,0,0,,,4.7,8.7,9949,False,targets;fum_rec_td;ret_td,PFR+RULE2PT,19521130-RAM-SFO,False,ret_td;fum_rec_td,False,True,ret_td;fum_rec_td,
Elroy Hirsch,1952,11,1952-12-07,False,RAM,GNB,H,W,45,27,,4,96,0,0,0,0,0,0,0,0,,,9.6,13.6,9949,False,targets;fum_rec_td;ret_td,PFR+RULE2PT,19521207-GNB-RAM,False,ret_td;fum_rec_td,False,True,ret_td;fum_rec_td,
Elroy Hirsch,1952,12,1952-12-14,False,RAM,PIT,H,W,28,14,,4,108,1,0,0,0,0,0,0,0,,,16.8,20.8,9949,False,targets;fum_rec_td;ret_td,PFR+RULE2PT,19521214-PIT-RAM,False,ret_td;fum_rec_td,False,True,ret_td;fum_rec_td,
Elroy Hirsch,1952,13,1952-12-21,True,RAM,DET,A,L,21,31,,5,46,0,0,0,0,0,0,0,0,,,4.6,9.6,9949,False,targets;fum_rec_td;ret_td,PFR+RULE2PT,19521221-RAM-DET,False,ret_td;fum_rec_td,False,True,ret_td;fum_rec_td,
Elroy Hirsch,1953,1,1953-09-27,False,RAM,NYG,H,W,21,7,,2,29,1,0,0,0,0,0,0,0,,,8.9,10.9,9949,False,targets;fum_rec_td;ret_td,PFR+RULE2PT,19530927-NYG-RAM,False,ret_td;fum_rec_td,False,True,ret_td;fum_rec_td,
Elroy Hirsch,1953,2,1953-10-04,False,RAM,SFO,A,L,30,31,,9,107,1,0,0,0,0,0,0,0,,,16.7,25.7,9949,False,targets;fum_rec_td;ret_td,PFR+RULE2PT,19531004-RAM-SFO,False,ret_td;fum_rec_td,False,True,ret_td;fum_rec_td,
Elroy Hirsch,1953,3,1953-10-11,False,RAM,GNB,A,W,38,20,,8,168,0,0,0,0,0,0,0,0,,,16.8,24.8,9949,False,targets;fum_rec_td;ret_td,PFR+RULE2PT,19531011-RAM-GNB,False,ret_td;fum_rec_td,False,True,ret_td;fum_rec_td,
Elroy Hirsch,1953,4,1953-10-18,False,RAM,DET,A,W,31,19,,6,103,1,0,0,0,0,0,0,0,,,16.3,22.3,9949,False,targets;fum_rec_td;ret_td,PFR+RULE2PT,19531018-RAM-DET,False,ret_td;fum_rec_td,False,True,ret_td;fum_rec_td,
Elroy Hirsch,1953,5,1953-10-25,False,RAM,CHI,H,W,38,24,,4,73,0,0,0,0,0,0,0,0,,,7.3,11.3,9949,False,targets;fum_rec_td;ret_td,PFR+RULE2PT,19531025-CHI-RAM,False,ret_td;fum_rec_td,False,True,ret_td;fum_rec_td,
Elroy Hirsch,1953,6,1953-11-01,False,RAM,DET,H,W,37,24,,4,51,0,0,0,0,0,0,0,0,,,5.1,9.1,9949,False,targets;fum_rec_td;ret_td,PFR+RULE2PT,19531101-DET-RAM,False,ret_td;fum_rec_td,False,True,ret_td;fum_rec_td,
Elroy Hirsch,1953,7,1953-11-08,False,RAM,SFO,H,L,27,31,,4,25,1,0,0,0,0,0,0,0,,,8.5,12.5,9949,False,targets;fum_rec_td;ret_td,PFR+RULE2PT,19531108-SFO-RAM,False,ret_td;fum_rec_td,False,True,ret_td;fum_rec_td,
Elroy Hirsch,1953,8,1953-11-15,False,RAM,CRD,A,T,24,24,,3,42,0,0,0,0,0,0,0,0,,,4.2,7.2,9949,False,targets;fum_rec_td;ret_td,PFR+RULE2PT,19531115-RAM-CRD,False,ret_td;fum_rec_td,False,True,ret_td;fum_rec_td,
Elroy Hirsch,1953,9,1953-11-22,False,RAM,BAL,A,W,21,13,,6,76,0,0,0,0,0,0,0,0,,,7.6,13.6,9949,False,targets;fum_rec_td;ret_td,PFR+RULE2PT,19531122-RAM-BAL,False,ret_td;fum_rec_td,False,True,ret_td;fum_rec_td,
Elroy Hirsch,1953,10,1953-11-29,False,RAM,CHI,A,L,21,24,,3,42,0,0,0,0,0,0,0,0,,,4.2,7.2,9949,False,targets;fum_rec_td;ret_td,PFR+RULE2PT,19531129-RAM-CHI,False,ret_td;fum_rec_td,False,True,ret_td;fum_rec_td,
Elroy Hirsch,1953,11,1953-12-05,False,RAM,BAL,H,W,45,2,,3,29,0,0,0,0,0,0,0,0,,,2.9,5.9,9949,False,targets;fum_rec_td;ret_td,PFR+RULE2PT,19531205-BAL-RAM,False,ret_td;fum_rec_td,False,True,ret_td;fum_rec_td,
Elroy Hirsch,1953,12,1953-12-12,False,RAM,GNB,H,W,33,17,,9,196,0,1,-6,0,0,0,0,0,,,19.0,28.0,9949,False,targets;fum_rec_td;ret_td,PFR+RULE2PT,19531212-GNB-RAM,False,ret_td;fum_rec_td,False,True,ret_td;fum_rec_td,
Elroy Hirsch,1954,1,1954-09-26,False,RAM,BAL,A,W,48,0,,4,74,1,0,0,0,0,0,0,0,,,13.4,17.4,9949,False,targets;fum_rec_td;ret_td,PFR+RULE2PT,19540926-RAM-BAL,False,ret_td;fum_rec_td,False,True,ret_td;fum_rec_td,
Elroy Hirsch,1954,2,1954-10-03,False,RAM,SFO,H,T,24,24,,3,47,0,0,0,0,0,0,0,0,,,4.7,7.7,9949,False,targets;fum_rec_td;ret_td,PFR+RULE2PT,19541003-SFO-RAM,False,ret_td;fum_rec_td,False,True,ret_td;fum_rec_td,
Elroy Hirsch,1954,3,1954-10-10,False,RAM,DET,A,L,3,21,,6,105,0,0,0,0,0,0,0,0,,,10.5,16.5,9949,False,targets;fum_rec_td;ret_td,PFR+RULE2PT,19541010-RAM-DET,False,ret_td;fum_rec_td,False,True,ret_td;fum_rec_td,
Elroy Hirsch,1954,4,1954-10-17,False,RAM,GNB,A,L,17,35,,3,79,0,0,0,0,0,0,0,0,,,7.9,10.9,9949,False,targets;fum_rec_td;ret_td,PFR+RULE2PT,19541017-RAM-GNB,False,ret_td;fum_rec_td,False,True,ret_td;fum_rec_td,
Elroy Hirsch,1954,5,1954-10-24,False,RAM,CHI,H,W,42,38,,4,37,0,0,0,0,0,0,0,0,,,3.7,7.7,9949,False,targets;fum_rec_td;ret_td,PFR+RULE2PT,19541024-CHI-RAM,False,ret_td;fum_rec_td,False,True,ret_td;fum_rec_td,
Elroy Hirsch,1954,6,1954-10-31,False,RAM,DET,H,L,24,27,,2,56,0,0,0,0,0,0,0,0,,,5.6,7.6,9949,False,targets;fum_rec_td;ret_td,PFR+RULE2PT,19541031-DET-RAM,False,ret_td;fum_rec_td,False,True,ret_td;fum_rec_td,
Elroy Hirsch,1954,7,1954-11-07,False,RAM,SFO,A,W,42,34,,5,145,2,0,0,0,0,0,0,0,,,26.5,31.5,9949,False,targets;fum_rec_td;ret_td,PFR+RULE2PT,19541107-RAM-SFO,False,ret_td;fum_rec_td,False,True,ret_td;fum_rec_td,
Elroy Hirsch,1954,8,1954-11-14,False,RAM,CRD,H,W,28,17,,2,21,0,0,0,0,0,0,0,0,,,2.1,4.1,9949,False,targets;fum_rec_td;ret_td,PFR+RULE2PT,19541114-CRD-RAM,False,ret_td;fum_rec_td,False,True,ret_td;fum_rec_td,
Elroy Hirsch,1954,9,1954-11-21,False,RAM,NYG,A,W,17,16,,1,37,0,0,0,0,0,0,0,0,,,3.7,4.7,9949,False,targets;fum_rec_td;ret_td,PFR+RULE2PT,19541121-RAM-NYG,False,ret_td;fum_rec_td,False,True,ret_td;fum_rec_td,
Elroy Hirsch,1954,12,1954-12-12,False,RAM,GNB,H,W,35,27,,5,119,0,1,6,0,0,0,0,0,,,12.5,17.5,9949,False,targets;fum_rec_td;ret_td,PFR+RULE2PT,19541212-GNB-RAM,False,ret_td;fum_rec_td,False,True,ret_td;fum_rec_td,
Elroy Hirsch,1955,2,1955-10-02,False,RAM,PIT,H,W,27,26,,1,6,0,0,0,0,0,0,0,0,,,0.6,1.6,9949,False,targets;fum_rec_td;ret_td,PFR+RULE2PT,19551002-PIT-RAM,False,ret_td;fum_rec_td,False,True,ret_td;fum_rec_td,
Elroy Hirsch,1955,3,1955-10-09,False,RAM,DET,A,W,17,10,,3,79,0,0,0,0,0,0,0,0,,,7.9,10.9,9949,False,targets;fum_rec_td;ret_td,PFR+RULE2PT,19551009-RAM-DET,False,ret_td;fum_rec_td,False,True,ret_td;fum_rec_td,
Elroy Hirsch,1955,4,1955-10-16,False,RAM,GNB,A,L,28,30,,3,36,0,0,0,0,0,0,0,0,,,3.6,6.6,9949,False,targets;fum_rec_td;ret_td,PFR+RULE2PT,19551016-RAM-GNB,False,ret_td;fum_rec_td,False,True,ret_td;fum_rec_td,
Elroy Hirsch,1955,5,1955-10-23,False,RAM,DET,H,W,24,13,,2,64,1,0,0,0,0,0,0,0,,,12.4,14.4,9949,False,targets;fum_rec_td;ret_td,PFR+RULE2PT,19551023-DET-RAM,False,ret_td;fum_rec_td,False,True,ret_td;fum_rec_td,
Elroy Hirsch,1955,6,1955-10-30,False,RAM,CHI,H,L,20,31,,2,9,0,0,0,0,0,0,0,0,,,0.9,2.9,9949,False,targets;fum_rec_td;ret_td,PFR+RULE2PT,19551030-CHI-RAM,False,ret_td;fum_rec_td,False,True,ret_td;fum_rec_td,
Elroy Hirsch,1955,7,1955-11-06,False,RAM,SFO,H,W,27,14,,2,38,0,0,0,0,0,0,0,0,,,3.8,5.8,9949,False,targets;fum_rec_td;ret_td,PFR+RULE2PT,19551106-SFO-RAM,False,ret_td;fum_rec_td,False,True,ret_td;fum_rec_td,
Elroy Hirsch,1955,8,1955-11-13,False,RAM,CHI,A,L,3,24,,6,59,0,0,0,0,0,0,0,0,,,5.9,11.9,9949,False,targets;fum_rec_td;ret_td,PFR+RULE2PT,19551113-RAM-CHI,False,ret_td;fum_rec_td,False,True,ret_td;fum_rec_td,
Elroy Hirsch,1955,9,1955-11-20,False,RAM,BAL,A,T,17,17,,3,78,0,0,0,0,0,0,0,0,,,7.8,10.8,9949,False,targets;fum_rec_td;ret_td,PFR+RULE2PT,19551120-RAM-BAL,False,ret_td;fum_rec_td,False,True,ret_td;fum_rec_td,
Elroy Hirsch,1955,10,1955-11-27,False,RAM,PHI,A,W,23,21,,3,91,1,0,0,0,0,0,0,0,,,15.1,18.1,9949,False,targets;fum_rec_td;ret_td,PFR+RULE2PT,19551127-RAM-PHI,False,ret_td;fum_rec_td,False,True,ret_td;fum_rec_td,
Elroy Hirsch,1955,13,1955-12-26,True,RAM,CLE,H,L,14,38,,1,9,0,0,0,0,0,0,0,0,,,0.9,1.9,9949,False,targets;fum_rec_td;ret_td,PFR+RULE2PT,19551226-CLE-RAM,False,ret_td;fum_rec_td,False,True,ret_td;fum_rec_td,
Elroy Hirsch,1956,1,1956-09-30,False,RAM,PHI,H,W,27,7,,1,10,0,0,0,0,0,0,0,0,,,1.0,2.0,9949,False,targets;fum_rec_td;ret_td,PFR+RULE2PT,19560930-PHI-RAM,False,ret_td;fum_rec_td,False,True,ret_td;fum_rec_td,
Elroy Hirsch,1956,2,1956-10-07,False,RAM,SFO,A,L,30,33,,8,150,2,0,0,0,0,0,0,0,,,27.0,35.0,9949,False,targets;fum_rec_td;ret_td,PFR+RULE2PT,19561007-RAM-SFO,False,ret_td;fum_rec_td,False,True,ret_td;fum_rec_td,
Elroy Hirsch,1956,3,1956-10-14,False,RAM,DET,A,L,21,24,,3,107,2,0,0,0,0,0,0,0,,,22.7,25.7,9949,False,targets;fum_rec_td;ret_td,PFR+RULE2PT,19561014-RAM-DET,False,ret_td;fum_rec_td,False,True,ret_td;fum_rec_td,
Elroy Hirsch,1956,4,1956-10-21,False,RAM,GNB,A,L,17,42,,3,40,0,0,0,0,0,0,0,0,,,4.0,7.0,9949,False,targets;fum_rec_td;ret_td,PFR+RULE2PT,19561021-RAM-GNB,False,ret_td;fum_rec_td,False,True,ret_td;fum_rec_td,
Elroy Hirsch,1956,5,1956-10-28,False,RAM,DET,H,L,7,16,,4,84,1,0,0,0,0,0,0,0,,,14.4,18.4,9949,False,targets;fum_rec_td;ret_td,PFR+RULE2PT,19561028-DET-RAM,False,ret_td;fum_rec_td,False,True,ret_td;fum_rec_td,
Elroy Hirsch,1956,6,1956-11-04,False,RAM,CHI,H,L,24,35,,2,13,0,0,0,0,0,0,0,0,,,1.3,3.3,9949,False,targets;fum_rec_td;ret_td,PFR+RULE2PT,19561104-CHI-RAM,False,ret_td;fum_rec_td,False,True,ret_td;fum_rec_td,
Elroy Hirsch,1956,7,1956-11-11,False,RAM,SFO,H,W,30,6,,1,38,1,0,0,0,0,0,0,0,,,9.8,10.8,9949,False,targets;fum_rec_td;ret_td,PFR+RULE2PT,19561111-SFO-RAM,False,ret_td;fum_rec_td,False,True,ret_td;fum_rec_td,
Elroy Hirsch,1956,9,1956-11-25,False,RAM,BAL,A,L,21,56,,5,63,0,0,0,0,0,0,0,0,,,6.3,11.3,9949,False,targets;fum_rec_td;ret_td,PFR+RULE2PT,19561125-RAM-BAL,False,ret_td;fum_rec_td,False,True,ret_td;fum_rec_td,
Elroy Hirsch,1956,10,1956-12-02,False,RAM,PIT,A,L,13,30,,2,34,0,0,0,0,0,0,0,0,,,3.4,5.4,9949,False,targets;fum_rec_td;ret_td,PFR+RULE2PT,19561202-RAM-PIT,False,ret_td;fum_rec_td,False,True,ret_td;fum_rec_td,
Elroy Hirsch,1956,11,1956-12-09,False,RAM,BAL,H,W,31,7,,2,20,0,0,0,0,0,0,0,0,,,2.0,4.0,9949,False,targets;fum_rec_td;ret_td,PFR+RULE2PT,19561209-BAL-RAM,False,ret_td;fum_rec_td,False,True,ret_td;fum_rec_td,
Elroy Hirsch,1956,12,1956-12-16,False,RAM,GNB,H,W,49,21,,4,44,0,0,0,0,0,0,0,0,,,4.4,8.4,9949,False,targets;fum_rec_td;ret_td,PFR+RULE2PT,19561216-GNB-RAM,False,ret_td;fum_rec_td,False,True,ret_td;fum_rec_td,
Elroy Hirsch,1957,1,1957-09-29,False,RAM,PHI,H,W,17,13,,3,36,0,0,0,0,0,0,0,0,,,3.6,6.6,9949,False,targets;fum_rec_td;ret_td,PFR+RULE2PT,19570929-PHI-RAM,False,ret_td;fum_rec_td,False,True,ret_td;fum_rec_td,
Elroy Hirsch,1957,2,1957-10-06,False,RAM,SFO,A,L,20,23,,1,21,0,0,0,0,0,0,0,0,,,2.1,3.1,9949,False,targets;fum_rec_td;ret_td,PFR+RULE2PT,19571006-RAM-SFO,False,ret_td;fum_rec_td,False,True,ret_td;fum_rec_td,
Elroy Hirsch,1957,3,1957-10-13,False,RAM,DET,A,L,7,10,,0,0,0,1,8,0,0,0,0,0,,,0.8,0.8,9949,False,targets;fum_rec_td;ret_td,PFR+RULE2PT,19571013-RAM-DET,False,ret_td;fum_rec_td,False,True,ret_td;fum_rec_td,
Elroy Hirsch,1957,5,1957-10-27,False,RAM,DET,H,W,35,17,,1,9,0,0,0,0,0,0,0,0,,,0.9,1.9,9949,False,targets;fum_rec_td;ret_td,PFR+RULE2PT,19571027-DET-RAM,False,ret_td;fum_rec_td,False,True,ret_td;fum_rec_td,
Elroy Hirsch,1957,6,1957-11-03,False,RAM,CHI,H,L,10,16,,2,20,0,0,0,0,0,0,0,0,,,2.0,4.0,9949,False,targets;fum_rec_td;ret_td,PFR+RULE2PT,19571103-CHI-RAM,False,ret_td;fum_rec_td,False,True,ret_td;fum_rec_td,
Elroy Hirsch,1957,7,1957-11-10,False,RAM,SFO,H,W,37,24,,4,50,0,0,0,0,0,0,0,0,,,5.0,9.0,9949,False,targets;fum_rec_td;ret_td,PFR+RULE2PT,19571110-SFO-RAM,False,ret_td;fum_rec_td,False,True,ret_td;fum_rec_td,
Elroy Hirsch,1957,8,1957-11-17,False,RAM,GNB,A,W,31,27,,6,106,0,0,0,0,0,0,0,0,,,10.6,16.6,9949,False,targets;fum_rec_td;ret_td,PFR+RULE2PT,19571117-RAM-GNB,False,ret_td;fum_rec_td,False,True,ret_td;fum_rec_td,
Elroy Hirsch,1957,9,1957-11-24,False,RAM,CLE,A,L,31,45,,2,34,2,0,0,0,0,0,0,0,,,15.4,17.4,9949,False,targets;fum_rec_td;ret_td,PFR+RULE2PT,19571124-RAM-CLE,False,ret_td;fum_rec_td,False,True,ret_td;fum_rec_td,
Elroy Hirsch,1957,10,1957-12-01,False,RAM,BAL,A,L,14,31,,3,50,0,0,0,0,0,0,0,0,,,5.0,8.0,9949,False,targets;fum_rec_td;ret_td,PFR+RULE2PT,19571201-RAM-BAL,False,ret_td;fum_rec_td,False,True,ret_td;fum_rec_td,
Elroy Hirsch,1957,11,1957-12-08,False,RAM,GNB,H,W,42,17,,5,76,2,0,0,0,0,0,0,0,,,19.6,24.6,9949,False,targets;fum_rec_td;ret_td,PFR+RULE2PT,19571208-GNB-RAM,False,ret_td;fum_rec_td,False,True,ret_td;fum_rec_td,
Elroy Hirsch,1957,12,1957-12-15,False,RAM,BAL,H,W,37,21,,5,75,2,0,0,0,0,0,0,0,,,19.5,24.5,9949,False,targets;fum_rec_td;ret_td,PFR+RULE2PT,19571215-BAL-RAM,False,ret_td;fum_rec_td,False,True,ret_td;fum_rec_td,
Tom Fears,1950,1,1950-09-17,False,RAM,CHI,H,L,20,24,,3,47,0,0,0,0,0,0,0,0,,,4.7,7.7,6757,False,targets;fum_rec_td;ret_td,PFR+RULE2PT,19500917-CHI-RAM,False,ret_td;fum_rec_td,False,True,ret_td;fum_rec_td,
Tom Fears,1950,2,1950-09-22,False,RAM,NYY,H,W,45,28,,2,44,1,0,0,0,0,0,0,0,,,10.4,12.4,6757,False,targets;fum_rec_td;ret_td,PFR+RULE2PT,19500922-NYY-RAM,False,ret_td;fum_rec_td,False,True,ret_td;fum_rec_td,
Tom Fears,1950,3,1950-10-01,False,RAM,SFO,A,W,35,14,,4,87,0,0,0,0,0,0,0,0,,,8.7,12.7,6757,False,targets;fum_rec_td;ret_td,PFR+RULE2PT,19501001-RAM-SFO,False,ret_td;fum_rec_td,False,True,ret_td;fum_rec_td,
Tom Fears,1950,4,1950-10-07,False,RAM,PHI,A,L,20,56,,9,123,0,0,0,0,0,0,0,0,,,12.3,21.3,6757,False,targets;fum_rec_td;ret_td,PFR+RULE2PT,19501007-RAM-PHI,False,ret_td;fum_rec_td,False,True,ret_td;fum_rec_td,
Tom Fears,1950,5,1950-10-15,False,RAM,DET,A,W,30,28,,7,99,0,0,0,0,0,0,0,0,,,9.9,16.9,6757,False,targets;fum_rec_td;ret_td,PFR+RULE2PT,19501015-RAM-DET,False,ret_td;fum_rec_td,False,True,ret_td;fum_rec_td,
Tom Fears,1950,6,1950-10-22,False,RAM,BAL,H,W,70,27,,5,83,1,0,0,0,0,0,0,0,,,14.3,19.3,6757,False,targets;fum_rec_td;ret_td,PFR+RULE2PT,19501022-BAL-RAM,False,ret_td;fum_rec_td,False,True,ret_td;fum_rec_td,
Tom Fears,1950,7,1950-10-29,False,RAM,DET,H,W,65,24,,6,85,2,0,0,0,0,0,0,0,,,20.5,26.5,6757,False,targets;fum_rec_td;ret_td,PFR+RULE2PT,19501029-DET-RAM,False,ret_td;fum_rec_td,False,True,ret_td;fum_rec_td,
Tom Fears,1950,8,1950-11-05,False,RAM,SFO,H,W,28,21,,5,53,0,0,0,0,0,0,0,0,,,5.3,10.3,6757,False,targets;fum_rec_td;ret_td,PFR+RULE2PT,19501105-SFO-RAM,False,ret_td;fum_rec_td,False,True,ret_td;fum_rec_td,
Tom Fears,1950,9,1950-11-12,False,RAM,GNB,A,W,45,14,,7,128,1,0,0,0,0,0,0,0,,,18.8,25.8,6757,False,targets;fum_rec_td;ret_td,PFR+RULE2PT,19501112-RAM-GNB,False,ret_td;fum_rec_td,False,True,ret_td;fum_rec_td,
Tom Fears,1950,10,1950-11-19,False,RAM,NYY,A,W,43,35,,8,92,0,0,0,0,0,0,0,0,,,9.2,17.2,6757,False,targets;fum_rec_td;ret_td,PFR+RULE2PT,19501119-RAM-NYY,False,ret_td;fum_rec_td,False,True,ret_td;fum_rec_td,
Tom Fears,1950,11,1950-11-26,False,RAM,CHI,A,L,14,24,,10,86,0,0,0,0,0,0,0,0,,,8.6,18.6,6757,False,targets;fum_rec_td;ret_td,PFR+RULE2PT,19501126-RAM-CHI,False,ret_td;fum_rec_td,False,True,ret_td;fum_rec_td,
Tom Fears,1950,12,1950-12-03,False,RAM,GNB,H,W,51,14,,18,189,2,0,0,0,0,0,0,0,,,30.9,48.9,6757,False,targets;fum_rec_td;ret_td,PFR+RULE2PT,19501203-GNB-RAM,False,ret_td;fum_rec_td,False,True,ret_td;fum_rec_td,
Tom Fears,1950,13,1950-12-17,True,RAM,CHI,H,W,24,14,,7,198,3,0,0,0,0,0,0,0,,,37.8,44.8,6757,False,targets;fum_rec_td;ret_td,PFR+RULE2PT,19501217-CHI-RAM,False,ret_td;fum_rec_td,False,True,ret_td;fum_rec_td,
Tom Fears,1950,14,1950-12-24,True,RAM,CLE,A,L,28,30,,9,136,0,0,0,0,0,0,0,0,,,13.6,22.6,6757,False,targets;fum_rec_td;ret_td,PFR+RULE2PT,19501224-RAM-CLE,False,ret_td;fum_rec_td,False,True,ret_td;fum_rec_td,
Tom Fears,1951,1,1951-09-28,False,RAM,NYY,H,W,54,14,,7,162,0,0,0,0,0,0,0,0,,,16.2,23.2,6757,False,targets;fum_rec_td;ret_td,PFR+RULE2PT,19510928-NYY-RAM,False,ret_td;fum_rec_td,False,True,ret_td;fum_rec_td,
Tom Fears,1951,2,1951-10-07,False,RAM,CLE,H,L,23,38,,5,45,0,0,0,0,0,0,0,0,,,4.5,9.5,6757,False,targets;fum_rec_td;ret_td,PFR+RULE2PT,19511007-CLE-RAM,False,ret_td;fum_rec_td,False,True,ret_td;fum_rec_td,
Tom Fears,1951,3,1951-10-14,False,RAM,DET,A,W,27,21,,4,77,1,0,0,0,0,0,0,0,,,13.7,17.7,6757,False,targets;fum_rec_td;ret_td,PFR+RULE2PT,19511014-RAM-DET,False,ret_td;fum_rec_td,False,True,ret_td;fum_rec_td,
Tom Fears,1951,10,1951-12-02,False,RAM,CHI,A,W,42,17,,5,68,1,0,0,0,0,0,0,0,,,12.8,17.8,6757,False,targets;fum_rec_td;ret_td,PFR+RULE2PT,19511202-RAM-CHI,False,ret_td;fum_rec_td,False,True,ret_td;fum_rec_td,
Tom Fears,1951,11,1951-12-09,False,RAM,DET,H,L,22,24,,5,93,0,0,0,0,0,0,0,0,,,9.3,14.3,6757,False,targets;fum_rec_td;ret_td,PFR+RULE2PT,19511209-DET-RAM,False,ret_td;fum_rec_td,False,True,ret_td;fum_rec_td,
Tom Fears,1951,12,1951-12-16,False,RAM,GNB,H,W,42,14,,6,83,1,0,0,0,0,0,0,0,,,14.3,20.3,6757,False,targets;fum_rec_td;ret_td,PFR+RULE2PT,19511216-GNB-RAM,False,ret_td;fum_rec_td,False,True,ret_td;fum_rec_td,
Tom Fears,1951,13,1951-12-23,True,RAM,CLE,H,W,24,17,,4,146,1,0,0,0,0,0,0,0,,,20.6,24.6,6757,False,targets;fum_rec_td;ret_td,PFR+RULE2PT,19511223-CLE-RAM,False,ret_td;fum_rec_td,False,True,ret_td;fum_rec_td,
Tom Fears,1952,1,1952-09-28,False,RAM,CLE,A,L,7,37,,2,42,0,0,0,0,0,0,0,0,,,4.2,6.2,6757,False,targets;fum_rec_td;ret_td,PFR+RULE2PT,19520928-RAM-CLE,False,ret_td;fum_rec_td,False,True,ret_td;fum_rec_td,
Tom Fears,1952,3,1952-10-12,False,RAM,GNB,A,W,30,28,,5,61,0,0,0,0,0,0,0,0,,,6.1,11.1,6757,False,targets;fum_rec_td;ret_td,PFR+RULE2PT,19521012-RAM-GNB,False,ret_td;fum_rec_td,False,True,ret_td;fum_rec_td,
Tom Fears,1952,4,1952-10-19,False,RAM,DET,A,L,16,24,,3,37,1,0,0,0,0,0,0,0,,,9.7,12.7,6757,False,targets;fum_rec_td;ret_td,PFR+RULE2PT,19521019-RAM-DET,False,ret_td;fum_rec_td,False,True,ret_td;fum_rec_td,
Tom Fears,1952,5,1952-10-26,False,RAM,CHI,H,W,31,7,,3,51,1,0,0,0,0,0,0,0,,,11.1,14.1,6757,False,targets;fum_rec_td;ret_td,PFR+RULE2PT,19521026-CHI-RAM,False,ret_td;fum_rec_td,False,True,ret_td;fum_rec_td,
Tom Fears,1952,6,1952-11-02,False,RAM,DTX,H,W,42,20,,8,112,1,1,0,0,0,0,0,0,,,17.2,25.2,6757,False,targets;fum_rec_td;ret_td,PFR+RULE2PT,19521102-DTX-RAM,False,ret_td;fum_rec_td,False,True,ret_td;fum_rec_td,
Tom Fears,1952,7,1952-11-09,False,RAM,DTX,A,W,27,6,,2,12,1,0,0,0,0,0,0,0,,,7.2,9.2,6757,False,targets;fum_rec_td;ret_td,PFR+RULE2PT,19521109-RAM-DTX,False,ret_td;fum_rec_td,False,True,ret_td;fum_rec_td,
Tom Fears,1952,8,1952-11-16,False,RAM,CHI,A,W,40,24,,2,21,0,0,0,0,0,0,0,0,,,2.1,4.1,6757,False,targets;fum_rec_td;ret_td,PFR+RULE2PT,19521116-RAM-CHI,False,ret_td;fum_rec_td,False,True,ret_td;fum_rec_td,
Tom Fears,1952,9,1952-11-23,False,RAM,SFO,H,W,35,9,,3,46,0,0,0,0,0,0,0,0,,,4.6,7.6,6757,False,targets;fum_rec_td;ret_td,PFR+RULE2PT,19521123-SFO-RAM,False,ret_td;fum_rec_td,False,True,ret_td;fum_rec_td,
Tom Fears,1952,10,1952-11-30,False,RAM,SFO,A,W,34,21,,6,45,0,0,0,0,0,0,0,0,,,4.5,10.5,6757,False,targets;fum_rec_td;ret_td,PFR+RULE2PT,19521130-RAM-SFO,False,ret_td;fum_rec_td,False,True,ret_td;fum_rec_td,
Tom Fears,1952,11,1952-12-07,False,RAM,GNB,H,W,45,27,,4,51,0,0,0,0,0,0,0,0,,,5.1,9.1,6757,False,targets;fum_rec_td;ret_td,PFR+RULE2PT,19521207-GNB-RAM,False,ret_td;fum_rec_td,False,True,ret_td;fum_rec_td,
Tom Fears,1952,12,1952-12-14,False,RAM,PIT,H,W,28,14,,10,122,2,0,0,0,0,0,0,0,,,24.2,34.2,6757,False,targets;fum_rec_td;ret_td,PFR+RULE2PT,19521214-PIT-RAM,False,ret_td;fum_rec_td,False,True,ret_td;fum_rec_td,
Tom Fears,1952,13,1952-12-21,True,RAM,DET,A,L,21,31,,7,76,1,0,0,0,0,0,0,0,,,13.6,20.6,6757,False,targets;fum_rec_td;ret_td,PFR+RULE2PT,19521221-RAM-DET,False,ret_td;fum_rec_td,False,True,ret_td;fum_rec_td,
Tom Fears,1953,1,1953-09-27,False,RAM,NYG,H,W,21,7,,5,54,1,0,0,0,0,0,0,0,,,11.4,16.4,6757,False,targets;fum_rec_td;ret_td,PFR+RULE2PT,19530927-NYG-RAM,False,ret_td;fum_rec_td,False,True,ret_td;fum_rec_td,
Tom Fears,1953,4,1953-10-18,False,RAM,DET,A,W,31,19,,2,26,0,0,0,0,0,0,0,0,,,2.6,4.6,6757,False,targets;fum_rec_td;ret_td,PFR+RULE2PT,19531018-RAM-DET,False,ret_td;fum_rec_td,False,True,ret_td;fum_rec_td,
Tom Fears,1953,10,1953-11-29,False,RAM,CHI,A,L,21,24,,8,104,1,0,0,0,0,0,0,0,,,16.4,24.4,6757,False,targets;fum_rec_td;ret_td,PFR+RULE2PT,19531129-RAM-CHI,False,ret_td;fum_rec_td,False,True,ret_td;fum_rec_td,
Tom Fears,1953,11,1953-12-05,False,RAM,BAL,H,W,45,2,,4,43,1,0,0,0,0,0,0,0,,,10.3,14.3,6757,False,targets;fum_rec_td;ret_td,PFR+RULE2PT,19531205-BAL-RAM,False,ret_td;fum_rec_td,False,True,ret_td;fum_rec_td,
Tom Fears,1953,12,1953-12-12,False,RAM,GNB,H,W,33,17,,4,51,1,0,0,0,0,0,0,0,,,11.1,15.1,6757,False,targets;fum_rec_td;ret_td,PFR+RULE2PT,19531212-GNB-RAM,False,ret_td;fum_rec_td,False,True,ret_td;fum_rec_td,
Tom Fears,1954,5,1954-10-24,False,RAM,CHI,H,W,42,38,,4,46,1,0,0,0,0,0,0,0,,,10.6,14.6,6757,False,targets;fum_rec_td;ret_td,PFR+RULE2PT,19541024-CHI-RAM,False,ret_td;fum_rec_td,False,True,ret_td;fum_rec_td,
Tom Fears,1954,6,1954-10-31,False,RAM,DET,H,L,24,27,,3,71,0,0,0,0,0,0,0,0,,,7.1,10.1,6757,False,targets;fum_rec_td;ret_td,PFR+RULE2PT,19541031-DET-RAM,False,ret_td;fum_rec_td,False,True,ret_td;fum_rec_td,
Tom Fears,1954,7,1954-11-07,False,RAM,SFO,A,W,42,34,,4,52,0,0,0,0,0,0,0,0,,,5.2,9.2,6757,False,targets;fum_rec_td;ret_td,PFR+RULE2PT,19541107-RAM-SFO,False,ret_td;fum_rec_td,False,True,ret_td;fum_rec_td,
Tom Fears,1954,9,1954-11-21,False,RAM,NYG,A,W,17,16,,9,136,1,1,10,0,0,0,0,0,,,20.6,29.6,6757,False,targets;fum_rec_td;ret_td,PFR+RULE2PT,19541121-RAM-NYG,False,ret_td;fum_rec_td,False,True,ret_td;fum_rec_td,
Tom Fears,1954,10,1954-11-28,False,RAM,CHI,A,L,13,24,,7,134,0,0,0,0,0,0,0,0,,,13.4,20.4,6757,False,targets;fum_rec_td;ret_td,PFR+RULE2PT,19541128-RAM-CHI,False,ret_td;fum_rec_td,False,True,ret_td;fum_rec_td,
Tom Fears,1954,11,1954-12-04,False,RAM,BAL,H,L,21,22,,3,33,0,0,0,0,0,0,0,0,,,3.3,6.3,6757,False,targets;fum_rec_td;ret_td,PFR+RULE2PT,19541204-BAL-RAM,False,ret_td;fum_rec_td,False,True,ret_td;fum_rec_td,
Tom Fears,1954,12,1954-12-12,False,RAM,GNB,H,W,35,27,,6,74,1,0,0,0,0,0,0,0,,,13.4,19.4,6757,False,targets;fum_rec_td;ret_td,PFR+RULE2PT,19541212-GNB-RAM,False,ret_td;fum_rec_td,False,True,ret_td;fum_rec_td,
Tom Fears,1955,1,1955-09-25,False,RAM,SFO,A,W,23,14,,2,19,0,0,0,0,0,0,0,0,,,1.9,3.9,6757,False,targets;fum_rec_td;ret_td,PFR+RULE2PT,19550925-RAM-SFO,False,ret_td;fum_rec_td,False,True,ret_td;fum_rec_td,
Tom Fears,1955,2,1955-10-02,False,RAM,PIT,H,W,27,26,,4,43,1,0,0,0,0,0,0,0,,,10.3,14.3,6757,False,targets;fum_rec_td;ret_td,PFR+RULE2PT,19551002-PIT-RAM,False,ret_td;fum_rec_td,False,True,ret_td;fum_rec_td,
Tom Fears,1955,3,1955-10-09,False,RAM,DET,A,W,17,10,,3,28,0,0,0,0,0,0,0,0,,,2.8,5.8,6757,False,targets;fum_rec_td;ret_td,PFR+RULE2PT,19551009-RAM-DET,False,ret_td;fum_rec_td,False,True,ret_td;fum_rec_td,
Tom Fears,1955,4,1955-10-16,False,RAM,GNB,A,L,28,30,,2,9,0,0,0,0,0,0,0,0,,,0.9,2.9,6757,False,targets;fum_rec_td;ret_td,PFR+RULE2PT,19551016-RAM-GNB,False,ret_td;fum_rec_td,False,True,ret_td;fum_rec_td,
Tom Fears,1955,5,1955-10-23,False,RAM,DET,H,W,24,13,,8,87,0,0,0,0,0,0,0,0,,,8.7,16.7,6757,False,targets;fum_rec_td;ret_td,PFR+RULE2PT,19551023-DET-RAM,False,ret_td;fum_rec_td,False,True,ret_td;fum_rec_td,
Tom Fears,1955,6,1955-10-30,False,RAM,CHI,H,L,20,31,,3,46,0,0,0,0,0,0,0,0,,,4.6,7.6,6757,False,targets;fum_rec_td;ret_td,PFR+RULE2PT,19551030-CHI-RAM,False,ret_td;fum_rec_td,False,True,ret_td;fum_rec_td,
Tom Fears,1955,7,1955-11-06,False,RAM,SFO,H,W,27,14,,5,74,0,0,0,0,0,0,0,0,,,7.4,12.4,6757,False,targets;fum_rec_td;ret_td,PFR+RULE2PT,19551106-SFO-RAM,False,ret_td;fum_rec_td,False,True,ret_td;fum_rec_td,
Tom Fears,1955,8,1955-11-13,False,RAM,CHI,A,L,3,24,,9,129,0,0,0,0,0,0,0,0,,,12.9,21.9,6757,False,targets;fum_rec_td;ret_td,PFR+RULE2PT,19551113-RAM-CHI,False,ret_td;fum_rec_td,False,True,ret_td;fum_rec_td,
Tom Fears,1955,9,1955-11-20,False,RAM,BAL,A,T,17,17,,3,43,0,0,0,0,0,0,0,0,,,4.3,7.3,6757,False,targets;fum_rec_td;ret_td,PFR+RULE2PT,19551120-RAM-BAL,False,ret_td;fum_rec_td,False,True,ret_td;fum_rec_td,
Tom Fears,1955,10,1955-11-27,False,RAM,PHI,A,W,23,21,,4,69,1,0,0,0,0,0,0,0,,,12.9,16.9,6757,False,targets;fum_rec_td;ret_td,PFR+RULE2PT,19551127-RAM-PHI,False,ret_td;fum_rec_td,False,True,ret_td;fum_rec_td,
Tom Fears,1955,11,1955-12-04,False,RAM,BAL,H,W,20,14,,1,22,0,0,0,0,0,0,0,0,,,2.2,3.2,6757,False,targets;fum_rec_td;ret_td,PFR+RULE2PT,19551204-BAL-RAM,False,ret_td;fum_rec_td,False,True,ret_td;fum_rec_td,
Tom Fears,1955,13,1955-12-26,True,RAM,CLE,H,L,14,38,,1,16,0,0,0,0,0,0,0,0,,,1.6,2.6,6757,False,targets;fum_rec_td;ret_td,PFR+RULE2PT,19551226-CLE-RAM,False,ret_td;fum_rec_td,False,True,ret_td;fum_rec_td,
Tom Fears,1956,4,1956-10-21,False,RAM,GNB,A,L,17,42,,3,33,0,0,0,0,0,0,0,0,,,3.3,6.3,6757,False,targets;fum_rec_td;ret_td,PFR+RULE2PT,19561021-RAM-GNB,False,ret_td;fum_rec_td,False,True,ret_td;fum_rec_td,
Tom Fears,1956,5,1956-10-28,False,RAM,DET,H,L,7,16,,2,16,0,0,0,0,0,0,0,0,,,1.6,3.6,6757,False,targets;fum_rec_td;ret_td,PFR+RULE2PT,19561028-DET-RAM,False,ret_td;fum_rec_td,False,True,ret_td;fum_rec_td,
Raymond Berry,1955,2,1955-10-01,False,BAL,DET,H,W,28,13,,1,19,0,0,0,0,0,0,0,0,,,1.9,2.9,1641,False,targets;fum_rec_td;ret_td,PFR+RULE2PT,19551001-DET-BAL,False,ret_td;fum_rec_td,False,True,ret_td;fum_rec_td,
Raymond Berry,1955,4,1955-10-16,False,BAL,CHI,A,L,10,38,,1,15,0,0,0,0,0,0,0,0,,,1.5,2.5,1641,False,targets;fum_rec_td;ret_td,PFR+RULE2PT,19551016-BAL-CHI,False,ret_td;fum_rec_td,False,True,ret_td;fum_rec_td,
Raymond Berry,1955,7,1955-11-05,False,BAL,DET,A,L,14,24,,3,36,0,0,0,0,0,0,0,0,,,3.6,6.6,1641,False,targets;fum_rec_td;ret_td,PFR+RULE2PT,19551105-BAL-DET,False,ret_td;fum_rec_td,False,True,ret_td;fum_rec_td,
Raymond Berry,1955,8,1955-11-13,False,BAL,NYG,A,L,7,17,,4,78,0,0,0,0,0,0,0,0,,,7.8,11.8,1641,False,targets;fum_rec_td;ret_td,PFR+RULE2PT,19551113-BAL-NYG,False,ret_td;fum_rec_td,False,True,ret_td;fum_rec_td,
Raymond Berry,1955,9,1955-11-20,False,BAL,RAM,H,T,17,17,,1,12,0,0,0,0,0,0,0,0,,,1.2,2.2,1641,False,targets;fum_rec_td;ret_td,PFR+RULE2PT,19551120-RAM-BAL,False,ret_td;fum_rec_td,False,True,ret_td;fum_rec_td,
Raymond Berry,1955,10,1955-11-27,False,BAL,SFO,H,W,26,14,,1,18,0,0,0,0,0,0,0,0,,,1.8,2.8,1641,False,targets;fum_rec_td;ret_td,PFR+RULE2PT,19551127-SFO-BAL,False,ret_td;fum_rec_td,False,True,ret_td;fum_rec_td,
Raymond Berry,1955,11,1955-12-04,False,BAL,RAM,A,L,14,20,,1,14,0,0,0,0,0,0,0,0,,,1.4,2.4,1641,False,targets;fum_rec_td;ret_td,PFR+RULE2PT,19551204-BAL-RAM,False,ret_td;fum_rec_td,False,True,ret_td;fum_rec_td,
Raymond Berry,1955,12,1955-12-11,False,BAL,SFO,A,L,24,35,,1,13,0,0,0,0,0,0,0,0,,,1.3,2.3,1641,False,targets;fum_rec_td;ret_td,PFR+RULE2PT,19551211-BAL-SFO,False,ret_td;fum_rec_td,False,True,ret_td;fum_rec_td,
Raymond Berry,1956,1,1956-09-30,False,BAL,CHI,H,W,28,21,,2,20,0,0,0,0,0,0,0,0,,,2.0,4.0,1641,False,targets;fum_rec_td;ret_td,PFR+RULE2PT,19560930-CHI-BAL,False,ret_td;fum_rec_td,False,True,ret_td;fum_rec_td,
Raymond Berry,1956,2,1956-10-06,False,BAL,DET,H,L,14,31,,3,69,0,0,0,0,0,0,0,0,,,6.9,9.9,1641,False,targets;fum_rec_td;ret_td,PFR+RULE2PT,19561006-DET-BAL,False,ret_td;fum_rec_td,False,True,ret_td;fum_rec_td,
Raymond Berry,1956,3,1956-10-14,False,BAL,GNB,A,L,33,38,,3,37,0,0,0,0,0,0,0,0,,,3.7,6.7,1641,False,targets;fum_rec_td;ret_td,PFR+RULE2PT,19561014-BAL-GNB,False,ret_td;fum_rec_td,False,True,ret_td;fum_rec_td,
Raymond Berry,1956,4,1956-10-21,False,BAL,CHI,A,L,27,58,,3,24,0,0,0,0,0,0,0,0,,,2.4,5.4,1641,False,targets;fum_rec_td;ret_td,PFR+RULE2PT,19561021-BAL-CHI,False,ret_td;fum_rec_td,False,True,ret_td;fum_rec_td,
Raymond Berry,1956,5,1956-10-28,False,BAL,GNB,H,W,28,21,,3,70,1,0,0,0,0,0,0,0,,,13.0,16.0,1641,False,targets;fum_rec_td;ret_td,PFR+RULE2PT,19561028-GNB-BAL,False,ret_td;fum_rec_td,False,True,ret_td;fum_rec_td,
Raymond Berry,1956,7,1956-11-18,False,BAL,DET,A,L,3,27,,6,155,0,0,0,0,0,0,0,0,,,15.5,21.5,1641,False,targets;fum_rec_td;ret_td,PFR+RULE2PT,19561118-BAL-DET,False,ret_td;fum_rec_td,False,True,ret_td;fum_rec_td,
Raymond Berry,1956,8,1956-11-25,False,BAL,RAM,H,W,56,21,,6,73,0,0,0,0,0,0,0,0,,,7.3,13.3,1641,False,targets;fum_rec_td;ret_td,PFR+RULE2PT,19561125-RAM-BAL,False,ret_td;fum_rec_td,False,True,ret_td;fum_rec_td,
Raymond Berry,1956,9,1956-12-02,False,BAL,SFO,H,L,17,20,,6,83,0,0,0,0,0,0,0,0,,,8.3,14.3,1641,False,targets;fum_rec_td;ret_td,PFR+RULE2PT,19561202-SFO-BAL,False,ret_td;fum_rec_td,False,True,ret_td;fum_rec_td,
Raymond Berry,1956,11,1956-12-16,False,BAL,SFO,A,L,17,30,,2,40,1,0,0,0,0,0,0,0,,,10.0,12.0,1641,False,targets;fum_rec_td;ret_td,PFR+RULE2PT,19561216-BAL-SFO,False,ret_td;fum_rec_td,False,True,ret_td;fum_rec_td,
Raymond Berry,1956,12,1956-12-23,False,BAL,WAS,H,W,19,17,,3,30,0,0,0,0,0,0,0,0,,,3.0,6.0,1641,False,targets;fum_rec_td;ret_td,PFR+RULE2PT,19561223-WAS-BAL,False,ret_td;fum_rec_td,False,True,ret_td;fum_rec_td,
Raymond Berry,1957,1,1957-09-29,False,BAL,DET,H,W,34,14,,1,35,1,0,0,0,0,0,0,0,,,9.5,10.5,1641,False,targets;fum_rec_td;ret_td,PFR+RULE2PT,19570929-DET-BAL,False,ret_td;fum_rec_td,False,True,ret_td;fum_rec_td,
Raymond Berry,1957,2,1957-10-05,False,BAL,CHI,H,W,21,10,,4,55,0,0,0,0,0,0,0,0,,,5.5,9.5,1641,False,targets;fum_rec_td;ret_td,PFR+RULE2PT,19571005-CHI-BAL,False,ret_td;fum_rec_td,False,True,ret_td;fum_rec_td,
Raymond Berry,1957,3,1957-10-13,False,BAL,GNB,A,W,45,17,,1,2,0,0,0,0,0,0,0,0,,,0.2,1.2,1641,False,targets;fum_rec_td;ret_td,PFR+RULE2PT,19571013-BAL-GNB,False,ret_td;fum_rec_td,False,True,ret_td;fum_rec_td,
Raymond Berry,1957,4,1957-10-20,False,BAL,DET,A,L,27,31,,1,13,0,0,0,0,0,0,0,0,,,1.3,2.3,1641,False,targets;fum_rec_td;ret_td,PFR+RULE2PT,19571020-BAL-DET,False,ret_td;fum_rec_td,False,True,ret_td;fum_rec_td,
Raymond Berry,1957,5,1957-10-27,False,BAL,GNB,H,L,21,24,,4,98,1,0,0,0,0,0,0,0,,,15.8,19.8,1641,False,targets;fum_rec_td;ret_td,PFR+RULE2PT,19571027-GNB-BAL,False,ret_td;fum_rec_td,False,True,ret_td;fum_rec_td,
Raymond Berry,1957,6,1957-11-03,False,BAL,PIT,H,L,13,19,,3,56,1,0,0,0,0,0,0,0,,,11.6,14.6,1641,False,targets;fum_rec_td;ret_td,PFR+RULE2PT,19571103-PIT-BAL,False,ret_td;fum_rec_td,False,True,ret_td;fum_rec_td,
Raymond Berry,1957,7,1957-11-10,False,BAL,WAS,A,W,21,17,,12,224,2,0,0,0,0,0,0,0,,,34.4,46.4,1641,False,targets;fum_rec_td;ret_td,PFR+RULE2PT,19571110-BAL-WAS,False,ret_td;fum_rec_td,False,True,ret_td;fum_rec_td,
Raymond Berry,1957,8,1957-11-17,False,BAL,CHI,A,W,29,14,,2,25,0,0,0,0,0,0,0,0,,,2.5,4.5,1641,False,targets;fum_rec_td;ret_td,PFR+RULE2PT,19571117-BAL-CHI,False,ret_td;fum_rec_td,False,True,ret_td;fum_rec_td,
Raymond Berry,1957,9,1957-11-24,False,BAL,SFO,H,W,27,21,,3,62,0,0,0,0,0,0,0,0,,,6.2,9.2,1641,False,targets;fum_rec_td;ret_td,PFR+RULE2PT,19571124-SFO-BAL,False,ret_td;fum_rec_td,False,True,ret_td;fum_rec_td,
Raymond Berry,1957,10,1957-12-01,False,BAL,RAM,H,W,31,14,,6,57,1,0,0,0,0,0,0,0,,,11.7,17.7,1641,False,targets;fum_rec_td;ret_td,PFR+RULE2PT,19571201-RAM-BAL,False,ret_td;fum_rec_td,False,True,ret_td;fum_rec_td,
Raymond Berry,1957,11,1957-12-08,False,BAL,SFO,A,L,13,17,,3,27,0,0,0,0,0,0,0,0,,,2.7,5.7,1641,False,targets;fum_rec_td;ret_td,PFR+RULE2PT,19571208-BAL-SFO,False,ret_td;fum_rec_td,False,True,ret_td;fum_rec_td,
Raymond Berry,1957,12,1957-12-15,False,BAL,RAM,A,L,21,37,,7,146,0,0,0,0,0,0,0,0,,,14.6,21.6,1641,False,targets;fum_rec_td;ret_td,PFR+RULE2PT,19571215-BAL-RAM,False,ret_td;fum_rec_td,False,True,ret_td;fum_rec_td,
Raymond Berry,1958,1,1958-09-28,False,BAL,DET,H,W,28,15,,10,149,2,0,0,0,0,0,0,0,,,26.9,36.9,1641,False,targets;fum_rec_td;ret_td,PFR+RULE2PT,19580928-DET-BAL,False,ret_td;fum_rec_td,False,True,ret_td;fum_rec_td,
Raymond Berry,1958,2,1958-10-04,False,BAL,CHI,H,W,51,38,,4,63,1,0,0,0,0,0,0,0,,,12.3,16.3,1641,False,targets;fum_rec_td;ret_td,PFR+RULE2PT,19581004-CHI-BAL,False,ret_td;fum_rec_td,False,True,ret_td;fum_rec_td,
Raymond Berry,1958,3,1958-10-12,False,BAL,GNB,A,W,24,17,,5,54,0,0,0,0,0,0,0,0,,,5.4,10.4,1641,False,targets;fum_rec_td;ret_td,PFR+RULE2PT,19581012-BAL-GNB,False,ret_td;fum_rec_td,False,True,ret_td;fum_rec_td,
Raymond Berry,1958,4,1958-10-19,False,BAL,DET,A,W,40,14,,4,95,0,0,0,0,0,0,0,0,,,9.5,13.5,1641,False,targets;fum_rec_td;ret_td,PFR+RULE2PT,19581019-BAL-DET,False,ret_td;fum_rec_td,False,True,ret_td;fum_rec_td,
Raymond Berry,1958,5,1958-10-26,False,BAL,WAS,H,W,35,10,,4,92,2,0,0,0,0,0,0,0,,,21.2,25.2,1641,False,targets;fum_rec_td;ret_td,PFR+RULE2PT,19581026-WAS-BAL,False,ret_td;fum_rec_td,False,True,ret_td;fum_rec_td,
Raymond Berry,1958,6,1958-11-02,False,BAL,GNB,H,W,56,0,,2,25,0,0,0,0,0,0,0,0,,,2.5,4.5,1641,False,targets;fum_rec_td;ret_td,PFR+RULE2PT,19581102-GNB-BAL,False,ret_td;fum_rec_td,False,True,ret_td;fum_rec_td,
Raymond Berry,1958,7,1958-11-09,False,BAL,NYG,A,L,21,24,,4,49,1,0,0,0,0,0,0,0,,,10.9,14.9,1641,False,targets;fum_rec_td;ret_td,PFR+RULE2PT,19581109-BAL-NYG,False,ret_td;fum_rec_td,False,True,ret_td;fum_rec_td,
Raymond Berry,1958,8,1958-11-16,False,BAL,CHI,A,W,17,0,,3,38,1,0,0,0,0,0,0,0,,,9.8,12.8,1641,False,targets;fum_rec_td;ret_td,PFR+RULE2PT,19581116-BAL-CHI,False,ret_td;fum_rec_td,False,True,ret_td;fum_rec_td,
Raymond Berry,1958,9,1958-11-23,False,BAL,RAM,H,W,34,7,,3,37,0,0,0,0,0,0,0,0,,,3.7,6.7,1641,False,targets;fum_rec_td;ret_td,PFR+RULE2PT,19581123-RAM-BAL,False,ret_td;fum_rec_td,False,True,ret_td;fum_rec_td,
Raymond Berry,1958,10,1958-11-30,False,BAL,SFO,H,W,35,27,,9,114,1,0,0,0,0,0,0,0,,,17.4,26.4,1641,False,targets;fum_rec_td;ret_td,PFR+RULE2PT,19581130-SFO-BAL,False,ret_td;fum_rec_td,False,True,ret_td;fum_rec_td,
Raymond Berry,1958,11,1958-12-06,False,BAL,RAM,A,L,28,30,,8,78,1,0,0,0,0,0,0,0,,,13.8,21.8,1641,False,targets;fum_rec_td;ret_td,PFR+RULE2PT,19581206-BAL-RAM,False,ret_td;fum_rec_td,False,True,ret_td;fum_rec_td,
Raymond Berry,1958,13,1958-12-28,True,BAL,NYG,A,W,23,17,,12,178,1,0,0,0,0,0,0,0,,,23.8,35.8,1641,False,targets;fum_rec_td;ret_td,PFR+RULE2PT,19581228-BAL-NYG,False,ret_td;fum_rec_td,False,True,ret_td;fum_rec_td,
Raymond Berry,1959,1,1959-09-27,False,BAL,DET,H,W,21,9,,2,44,1,0,0,0,0,0,0,0,,,10.4,12.4,1641,False,targets;fum_rec_td;ret_td,PFR+RULE2PT,19590927-DET-BAL,False,ret_td;fum_rec_td,False,True,ret_td;fum_rec_td,
Raymond Berry,1959,2,1959-10-03,False,BAL,CHI,H,L,21,26,,8,123,1,0,0,0,0,0,0,0,,,18.3,26.3,1641,False,targets;fum_rec_td;ret_td,PFR+RULE2PT,19591003-CHI-BAL,False,ret_td;fum_rec_td,False,True,ret_td;fum_rec_td,
Raymond Berry,1959,3,1959-10-11,False,BAL,DET,A,W,31,24,,6,96,1,0,0,0,0,0,0,0,,,15.6,21.6,1641,False,targets;fum_rec_td;ret_td,PFR+RULE2PT,19591011-BAL-DET,False,ret_td;fum_rec_td,False,True,ret_td;fum_rec_td,
Raymond Berry,1959,4,1959-10-18,False,BAL,CHI,A,W,21,7,,3,48,0,0,0,0,0,0,0,0,,,4.8,7.8,1641,False,targets;fum_rec_td;ret_td,PFR+RULE2PT,19591018-BAL-CHI,False,ret_td;fum_rec_td,False,True,ret_td;fum_rec_td,
Raymond Berry,1959,5,1959-10-25,False,BAL,GNB,H,W,38,21,,10,117,2,0,0,0,0,0,0,0,,,23.7,33.7,1641,False,targets;fum_rec_td;ret_td,PFR+RULE2PT,19591025-GNB-BAL,False,ret_td;fum_rec_td,False,True,ret_td;fum_rec_td,
Raymond Berry,1959,6,1959-11-01,False,BAL,CLE,H,L,31,38,,11,156,1,0,0,0,0,0,0,0,,,21.6,32.6,1641,False,targets;fum_rec_td;ret_td,PFR+RULE2PT,19591101-CLE-BAL,False,ret_td;fum_rec_td,False,True,ret_td;fum_rec_td,
Raymond Berry,1959,7,1959-11-08,False,BAL,WAS,A,L,24,27,,4,59,0,0,0,0,0,0,0,0,,,5.9,9.9,1641,False,targets;fum_rec_td;ret_td,PFR+RULE2PT,19591108-BAL-WAS,False,ret_td;fum_rec_td,False,True,ret_td;fum_rec_td,
Raymond Berry,1959,8,1959-11-15,False,BAL,GNB,A,W,28,24,,4,36,2,0,0,0,0,0,0,0,,,15.6,19.6,1641,False,targets;fum_rec_td;ret_td,PFR+RULE2PT,19591115-BAL-GNB,False,ret_td;fum_rec_td,False,True,ret_td;fum_rec_td,
Raymond Berry,1959,9,1959-11-22,False,BAL,SFO,H,W,45,14,,3,48,1,0,0,0,0,0,0,0,,,10.8,13.8,1641,False,targets;fum_rec_td;ret_td,PFR+RULE2PT,19591122-SFO-BAL,False,ret_td;fum_rec_td,False,True,ret_td;fum_rec_td,
Raymond Berry,1959,10,1959-11-29,False,BAL,RAM,H,W,35,21,,7,168,1,0,0,0,0,0,0,0,,,22.8,29.8,1641,False,targets;fum_rec_td;ret_td,PFR+RULE2PT,19591129-RAM-BAL,False,ret_td;fum_rec_td,False,True,ret_td;fum_rec_td,
Raymond Berry,1959,11,1959-12-05,False,BAL,SFO,A,W,34,14,,5,41,2,0,0,0,0,0,0,0,,,16.1,21.1,1641,False,targets;fum_rec_td;ret_td,PFR+RULE2PT,19591205-BAL-SFO,False,ret_td;fum_rec_td,False,True,ret_td;fum_rec_td,
Raymond Berry,1959,12,1959-12-12,False,BAL,RAM,A,W,45,26,,3,23,2,0,0,0,0,0,0,0,,,14.3,17.3,1641,False,targets;fum_rec_td;ret_td,PFR+RULE2PT,19591212-BAL-RAM,False,ret_td;fum_rec_td,False,True,ret_td;fum_rec_td,
Raymond Berry,1959,13,1959-12-27,True,BAL,NYG,H,W,31,16,,5,68,0,0,0,0,0,0,0,0,,,6.8,11.8,1641,False,targets;fum_rec_td;ret_td,PFR+RULE2PT,19591227-NYG-BAL,False,ret_td;fum_rec_td,False,True,ret_td;fum_rec_td,
Lenny Moore,1956,1,1956-09-30,False,BAL,CHI,H,W,28,21,,2,9,1,7,-10,0,0,0,0,0,,,5.9,7.9,15706,False,targets;fum_rec_td;ret_td,PFR+RULE2PT,19560930-CHI-BAL,False,ret_td;fum_rec_td,False,True,ret_td;fum_rec_td,
Lenny Moore,1956,2,1956-10-06,False,BAL,DET,H,L,14,31,,0,0,0,5,14,0,0,0,0,0,,,1.4,1.4,15706,False,targets;fum_rec_td;ret_td,PFR+RULE2PT,19561006-DET-BAL,False,ret_td;fum_rec_td,False,True,ret_td;fum_rec_td,
Lenny Moore,1956,3,1956-10-14,False,BAL,GNB,A,L,33,38,,1,11,0,7,66,2,8,1,0,0,,,24.02,25.02,15706,False,targets;fum_rec_td;ret_td,PFR+RULE2PT,19561014-BAL-GNB,False,ret_td;fum_rec_td,False,True,ret_td;fum_rec_td,
Lenny Moore,1956,4,1956-10-21,False,BAL,CHI,A,L,27,58,,2,15,0,2,78,1,0,0,0,0,,,15.3,17.3,15706,False,targets;fum_rec_td;ret_td,PFR+RULE2PT,19561021-BAL-CHI,False,ret_td;fum_rec_td,False,True,ret_td;fum_rec_td,
Lenny Moore,1956,5,1956-10-28,False,BAL,GNB,H,W,28,21,,1,27,0,13,185,2,0,0,0,0,,,33.2,34.2,15706,False,targets;fum_rec_td;ret_td,PFR+RULE2PT,19561028-GNB-BAL,False,ret_td;fum_rec_td,False,True,ret_td;fum_rec_td,
Lenny Moore,1956,6,1956-11-11,False,BAL,CLE,A,W,21,7,,0,0,0,11,120,1,0,0,0,0,,,18.0,18.0,15706,False,targets;fum_rec_td;ret_td,PFR+RULE2PT,19561111-BAL-CLE,False,ret_td;fum_rec_td,False,True,ret_td;fum_rec_td,
Lenny Moore,1956,7,1956-11-18,False,BAL,DET,A,L,3,27,,2,15,0,9,-14,0,0,0,1,0,,,-1.9,0.1,15706,False,targets;fum_rec_td;ret_td,PFR+RULE2PT,19561118-BAL-DET,False,ret_td;fum_rec_td,False,True,ret_td;fum_rec_td,
Lenny Moore,1956,8,1956-11-25,False,BAL,RAM,H,W,56,21,,0,0,0,2,8,0,0,0,0,0,,,0.8,0.8,15706,False,targets;fum_rec_td;ret_td,PFR+RULE2PT,19561125-RAM-BAL,False,ret_td;fum_rec_td,False,True,ret_td;fum_rec_td,
Lenny Moore,1956,9,1956-12-02,False,BAL,SFO,H,L,17,20,,0,0,0,8,25,0,0,0,0,0,,,2.5,2.5,15706,False,targets;fum_rec_td;ret_td,PFR+RULE2PT,19561202-SFO-BAL,False,ret_td;fum_rec_td,False,True,ret_td;fum_rec_td,
Lenny Moore,1956,10,1956-12-09,False,BAL,RAM,A,L,7,31,,1,9,0,7,77,0,0,0,0,0,,,8.6,9.6,15706,False,targets;fum_rec_td;ret_td,PFR+RULE2PT,19561209-BAL-RAM,False,ret_td;fum_rec_td,False,True,ret_td;fum_rec_td,
Lenny Moore,1956,11,1956-12-16,False,BAL,SFO,A,L,17,30,,2,16,0,8,53,1,0,0,0,0,,,12.9,14.9,15706,False,targets;fum_rec_td;ret_td,PFR+RULE2PT,19561216-BAL-SFO,False,ret_td;fum_rec_td,False,True,ret_td;fum_rec_td,
Lenny Moore,1956,12,1956-12-23,False,BAL,WAS,H,W,19,17,,0,0,0,7,47,1,0,0,0,0,,,10.7,10.7,15706,False,targets;fum_rec_td;ret_td,PFR+RULE2PT,19561223-WAS-BAL,False,ret_td;fum_rec_td,False,True,ret_td;fum_rec_td,
Lenny Moore,1957,1,1957-09-29,False,BAL,DET,H,W,34,14,,3,56,0,8,54,0,0,0,0,0,,,11.0,14.0,15706,False,targets;fum_rec_td;ret_td,PFR+RULE2PT,19570929-DET-BAL,False,ret_td;fum_rec_td,False,True,ret_td;fum_rec_td,
Lenny Moore,1957,2,1957-10-05,False,BAL,CHI,H,W,21,10,,2,35,0,12,83,1,0,0,0,0,,,17.8,19.8,15706,False,targets;fum_rec_td;ret_td,PFR+RULE2PT,19571005-CHI-BAL,False,ret_td;fum_rec_td,False,True,ret_td;fum_rec_td,
Lenny Moore,1957,3,1957-10-13,False,BAL,GNB,A,W,45,17,,1,52,0,12,81,0,0,0,0,0,,,13.3,14.3,15706,False,targets;fum_rec_td;ret_td,PFR+RULE2PT,19571013-BAL-GNB,False,ret_td;fum_rec_td,False,True,ret_td;fum_rec_td,
Lenny Moore,1957,4,1957-10-20,False,BAL,DET,A,L,27,31,,6,100,2,7,3,0,0,0,0,0,,,22.3,28.3,15706,False,targets;fum_rec_td;ret_td,PFR+RULE2PT,19571020-BAL-DET,False,ret_td;fum_rec_td,False,True,ret_td;fum_rec_td,
Lenny Moore,1957,5,1957-10-27,False,BAL,GNB,H,L,21,24,,6,20,1,9,33,0,0,0,0,0,,,11.3,17.3,15706,False,targets;fum_rec_td;ret_td,PFR+RULE2PT,19571027-GNB-BAL,False,ret_td;fum_rec_td,False,True,ret_td;fum_rec_td,
Lenny Moore,1957,6,1957-11-03,False,BAL,PIT,H,L,13,19,,0,0,0,7,35,0,0,0,0,0,,,3.5,3.5,15706,False,targets;fum_rec_td;ret_td,PFR+RULE2PT,19571103-PIT-BAL,False,ret_td;fum_rec_td,False,True,ret_td;fum_rec_td,
Lenny Moore,1957,7,1957-11-10,False,BAL,WAS,A,W,21,17,,0,0,0,2,3,0,0,0,0,0,,,0.3,0.3,15706,False,targets;fum_rec_td;ret_td,PFR+RULE2PT,19571110-BAL-WAS,False,ret_td;fum_rec_td,False,True,ret_td;fum_rec_td,
Lenny Moore,1957,8,1957-11-17,False,BAL,CHI,A,W,29,14,,3,70,0,5,-9,0,0,0,0,0,,,6.1,9.1,15706,False,targets;fum_rec_td;ret_td,PFR+RULE2PT,19571117-BAL-CHI,False,ret_td;fum_rec_td,False,True,ret_td;fum_rec_td,
Lenny Moore,1957,9,1957-11-24,False,BAL,SFO,H,W,27,21,,4,57,0,12,91,1,0,0,0,0,,,20.8,24.8,15706,False,targets;fum_rec_td;ret_td,PFR+RULE2PT,19571124-SFO-BAL,False,ret_td;fum_rec_td,False,True,ret_td;fum_rec_td,
Lenny Moore,1957,10,1957-12-01,False,BAL,RAM,H,W,31,14,,5,99,2,8,50,1,0,0,0,0,,,32.9,37.9,15706,False,targets;fum_rec_td;ret_td,PFR+RULE2PT,19571201-RAM-BAL,False,ret_td;fum_rec_td,False,True,ret_td;fum_rec_td,
Lenny Moore,1957,11,1957-12-08,False,BAL,SFO,A,L,13,17,,6,180,1,8,9,0,0,0,0,0,,,24.9,30.9,15706,False,targets;fum_rec_td;ret_td,PFR+RULE2PT,19571208-BAL-SFO,False,ret_td;fum_rec_td,False,True,ret_td;fum_rec_td,
Lenny Moore,1957,12,1957-12-15,False,BAL,RAM,A,L,21,37,,4,18,1,8,55,0,0,0,0,0,,,13.3,17.3,15706,False,targets;fum_rec_td;ret_td,PFR+RULE2PT,19571215-BAL-RAM,False,ret_td;fum_rec_td,False,True,ret_td;fum_rec_td,
Lenny Moore,1958,1,1958-09-28,False,BAL,DET,H,W,28,15,,6,59,0,7,36,1,0,0,0,0,,,15.5,21.5,15706,False,targets;fum_rec_td;ret_td,PFR+RULE2PT,19580928-DET-BAL,False,ret_td;fum_rec_td,False,True,ret_td;fum_rec_td,
Lenny Moore,1958,2,1958-10-04,False,BAL,CHI,H,W,51,38,,3,118,2,10,71,2,0,0,0,0,,,42.9,45.9,15706,False,targets;fum_rec_td;ret_td,PFR+RULE2PT,19581004-CHI-BAL,False,ret_td;fum_rec_td,False,True,ret_td;fum_rec_td,
Lenny Moore,1958,3,1958-10-12,False,BAL,GNB,A,W,24,17,,6,108,0,6,21,0,0,0,0,0,,,12.9,18.9,15706,False,targets;fum_rec_td;ret_td,PFR+RULE2PT,19581012-BAL-GNB,False,ret_td;fum_rec_td,False,True,ret_td;fum_rec_td,
Lenny Moore,1958,4,1958-10-19,False,BAL,DET,A,W,40,14,,1,15,0,12,136,1,0,0,0,0,,,21.1,22.1,15706,False,targets;fum_rec_td;ret_td,PFR+RULE2PT,19581019-BAL-DET,False,ret_td;fum_rec_td,False,True,ret_td;fum_rec_td,
Lenny Moore,1958,5,1958-10-26,False,BAL,WAS,H,W,35,10,,2,62,0,7,60,1,0,0,0,0,,,18.2,20.2,15706,False,targets;fum_rec_td;ret_td,PFR+RULE2PT,19581026-WAS-BAL,False,ret_td;fum_rec_td,False,True,ret_td;fum_rec_td,
Lenny Moore,1958,6,1958-11-02,False,BAL,GNB,H,W,56,0,,2,65,1,0,0,0,0,0,0,0,,,12.5,14.5,15706,False,targets;fum_rec_td;ret_td,PFR+RULE2PT,19581102-GNB-BAL,False,ret_td;fum_rec_td,False,True,ret_td;fum_rec_td,
Lenny Moore,1958,7,1958-11-09,False,BAL,NYG,A,L,21,24,,6,181,2,6,27,0,0,0,0,0,,,32.8,38.8,15706,False,targets;fum_rec_td;ret_td,PFR+RULE2PT,19581109-BAL-NYG,False,ret_td;fum_rec_td,False,True,ret_td;fum_rec_td,
Lenny Moore,1958,8,1958-11-16,False,BAL,CHI,A,W,17,0,,4,39,0,7,19,0,0,0,0,0,,,5.8,9.8,15706,False,targets;fum_rec_td;ret_td,PFR+RULE2PT,19581116-BAL-CHI,False,ret_td;fum_rec_td,False,True,ret_td;fum_rec_td,
Lenny Moore,1958,9,1958-11-23,False,BAL,RAM,H,W,34,7,,6,157,1,6,22,1,0,0,0,0,,,29.9,35.9,15706,False,targets;fum_rec_td;ret_td,PFR+RULE2PT,19581123-RAM-BAL,False,ret_td;fum_rec_td,False,True,ret_td;fum_rec_td,
Lenny Moore,1958,10,1958-11-30,False,BAL,SFO,H,W,35,27,,5,38,0,8,114,1,0,0,0,0,,,21.2,26.2,15706,False,targets;fum_rec_td;ret_td,PFR+RULE2PT,19581130-SFO-BAL,False,ret_td;fum_rec_td,False,True,ret_td;fum_rec_td,
Lenny Moore,1958,11,1958-12-06,False,BAL,RAM,A,L,28,30,,6,52,1,6,19,0,0,0,0,0,,,13.1,19.1,15706,False,targets;fum_rec_td;ret_td,PFR+RULE2PT,19581206-BAL-RAM,False,ret_td;fum_rec_td,False,True,ret_td;fum_rec_td,
Lenny Moore,1958,12,1958-12-14,False,BAL,SFO,A,L,12,21,,3,44,0,7,73,0,0,0,0,0,,,11.7,14.7,15706,False,targets;fum_rec_td;ret_td,PFR+RULE2PT,19581214-BAL-SFO,False,ret_td;fum_rec_td,False,True,ret_td;fum_rec_td,
Lenny Moore,1958,13,1958-12-28,True,BAL,NYG,A,W,23,17,,6,101,0,8,23,0,0,0,0,0,,,12.4,18.4,15706,False,targets;fum_rec_td;ret_td,PFR+RULE2PT,19581228-BAL-NYG,False,ret_td;fum_rec_td,False,True,ret_td;fum_rec_td,
Lenny Moore,1959,1,1959-09-27,False,BAL,DET,H,W,21,9,,3,60,0,10,24,0,0,0,0,0,,,8.4,11.4,15706,False,targets;fum_rec_td;ret_td,PFR+RULE2PT,19590927-DET-BAL,False,ret_td;fum_rec_td,False,True,ret_td;fum_rec_td,
Lenny Moore,1959,2,1959-10-03,False,BAL,CHI,H,L,21,26,,4,44,0,6,19,0,0,0,0,0,,,6.3,10.3,15706,False,targets;fum_rec_td;ret_td,PFR+RULE2PT,19591003-CHI-BAL,False,ret_td;fum_rec_td,False,True,ret_td;fum_rec_td,
Lenny Moore,1959,3,1959-10-11,False,BAL,DET,A,W,31,24,,2,78,1,11,53,0,0,0,0,0,,,19.1,21.1,15706,False,targets;fum_rec_td;ret_td,PFR+RULE2PT,19591011-BAL-DET,False,ret_td;fum_rec_td,False,True,ret_td;fum_rec_td,
Lenny Moore,1959,4,1959-10-18,False,BAL,CHI,A,W,21,7,,5,90,1,7,22,0,0,0,0,0,,,17.2,22.2,15706,False,targets;fum_rec_td;ret_td,PFR+RULE2PT,19591018-BAL-CHI,False,ret_td;fum_rec_td,False,True,ret_td;fum_rec_td,
Lenny Moore,1959,5,1959-10-25,False,BAL,GNB,H,W,38,21,,4,41,0,8,42,0,0,0,0,0,,,8.3,12.3,15706,False,targets;fum_rec_td;ret_td,PFR+RULE2PT,19591025-GNB-BAL,False,ret_td;fum_rec_td,False,True,ret_td;fum_rec_td,
Lenny Moore,1959,6,1959-11-01,False,BAL,CLE,H,L,31,38,,5,115,1,5,9,0,0,0,0,0,,,18.4,23.4,15706,False,targets;fum_rec_td;ret_td,PFR+RULE2PT,19591101-CLE-BAL,False,ret_td;fum_rec_td,False,True,ret_td;fum_rec_td,
Lenny Moore,1959,7,1959-11-08,False,BAL,WAS,A,L,24,27,,4,109,0,12,77,0,12,1,0,0,,,23.08,27.08,15706,False,targets;fum_rec_td;ret_td,PFR+RULE2PT,19591108-BAL-WAS,False,ret_td;fum_rec_td,False,True,ret_td;fum_rec_td,
Lenny Moore,1959,8,1959-11-15,False,BAL,GNB,A,W,28,24,,6,95,0,11,72,1,0,0,0,0,,,22.7,28.7,15706,False,targets;fum_rec_td;ret_td,PFR+RULE2PT,19591115-BAL-GNB,False,ret_td;fum_rec_td,False,True,ret_td;fum_rec_td,
Lenny Moore,1959,9,1959-11-22,False,BAL,SFO,H,W,45,14,,4,51,1,11,37,1,13,0,0,0,,,21.32,25.32,15706,False,targets;fum_rec_td;ret_td,PFR+RULE2PT,19591122-SFO-BAL,False,ret_td;fum_rec_td,False,True,ret_td;fum_rec_td,
Lenny Moore,1959,10,1959-11-29,False,BAL,RAM,H,W,35,21,,1,17,1,3,47,0,0,0,0,0,,,12.4,13.4,15706,False,targets;fum_rec_td;ret_td,PFR+RULE2PT,19591129-RAM-BAL,False,ret_td;fum_rec_td,False,True,ret_td;fum_rec_td,
Lenny Moore,1959,11,1959-12-05,False,BAL,SFO,A,W,34,14,,6,115,1,6,1,0,0,0,0,0,,,17.6,23.6,15706,False,targets;fum_rec_td;ret_td,PFR+RULE2PT,19591205-BAL-SFO,False,ret_td;fum_rec_td,False,True,ret_td;fum_rec_td,
Lenny Moore,1959,12,1959-12-12,False,BAL,RAM,A,W,45,26,,3,31,0,2,19,0,0,0,0,0,,,5.0,8.0,15706,False,targets;fum_rec_td;ret_td,PFR+RULE2PT,19591212-BAL-RAM,False,ret_td;fum_rec_td,False,True,ret_td;fum_rec_td,
Lenny Moore,1959,13,1959-12-27,True,BAL,NYG,H,W,31,16,,3,126,1,4,8,0,0,0,0,0,,,19.4,22.4,15706,False,targets;fum_rec_td;ret_td,PFR+RULE2PT,19591227-NYG-BAL,False,ret_td;fum_rec_td,False,True,ret_td;fum_rec_td,
Bobby Mitchell,1958,1,1958-09-28,False,CLE,RAM,A,W,30,27,,5,26,1,10,50,0,0,0,0,0,,,13.6,18.6,15465,False,targets;fum_rec_td;ret_td,PFR+RULE2PT,19580928-CLE-RAM,False,ret_td;fum_rec_td,False,True,ret_td;fum_rec_td,
Bobby Mitchell,1958,2,1958-10-05,False,CLE,PIT,A,W,45,12,,2,36,1,8,65,0,0,0,0,0,,,16.1,18.1,15465,False,targets;fum_rec_td;ret_td,PFR+RULE2PT,19581005-CLE-PIT,False,ret_td;fum_rec_td,False,True,ret_td;fum_rec_td,
Bobby Mitchell,1958,3,1958-10-12,False,CLE,CRD,H,W,35,28,,0,0,0,11,147,1,0,0,0,0,,,20.7,20.7,15465,False,targets;fum_rec_td;ret_td,PFR+RULE2PT,19581012-CRD-CLE,False,ret_td;fum_rec_td,False,True,ret_td;fum_rec_td,
Bobby Mitchell,1958,4,1958-10-19,False,CLE,PIT,H,W,27,10,,3,38,1,13,108,0,0,0,0,0,,,20.6,23.6,15465,False,targets;fum_rec_td;ret_td,PFR+RULE2PT,19581019-PIT-CLE,False,ret_td;fum_rec_td,False,True,ret_td;fum_rec_td,
Bobby Mitchell,1958,5,1958-10-26,False,CLE,CRD,A,W,38,24,,1,3,0,11,44,0,0,0,0,0,,,4.7,5.7,15465,False,targets;fum_rec_td;ret_td,PFR+RULE2PT,19581026-CLE-CRD,False,ret_td;fum_rec_td,False,True,ret_td;fum_rec_td,
Bobby Mitchell,1958,6,1958-11-02,False,CLE,NYG,H,L,17,21,,1,1,0,13,65,0,0,0,0,0,,,6.6,7.6,15465,False,targets;fum_rec_td;ret_td,PFR+RULE2PT,19581102-NYG-CLE,False,ret_td;fum_rec_td,False,True,ret_td;fum_rec_td,
Bobby Mitchell,1958,7,1958-11-09,False,CLE,DET,H,L,10,30,,2,7,0,9,39,0,0,0,0,0,,,4.6,6.6,15465,False,targets;fum_rec_td;ret_td,PFR+RULE2PT,19581109-DET-CLE,False,ret_td;fum_rec_td,False,True,ret_td;fum_rec_td,
Bobby Mitchell,1958,9,1958-11-23,False,CLE,PHI,H,W,28,14,,2,20,0,4,-1,0,0,0,0,0,,,1.9,3.9,15465,False,targets;fum_rec_td;ret_td,PFR+RULE2PT,19581123-PHI-CLE,False,ret_td;fum_rec_td,False,True,ret_td;fum_rec_td,
Bobby Mitchell,1958,11,1958-12-07,False,CLE,PHI,A,W,21,14,,0,0,0,1,-17,0,0,0,0,0,,,-1.7,-1.7,15465,False,targets;fum_rec_td;ret_td,PFR+RULE2PT,19581207-CLE-PHI,False,ret_td;fum_rec_td,False,True,ret_td;fum_rec_td,
Bobby Mitchell,1958,13,1958-12-21,True,CLE,NYG,A,L,0,10,,0,0,0,0,0,0,0,0,0,0,,,0.0,0.0,15465,False,targets;fum_rec_td;ret_td,PFR+RULE2PT,19581221-CLE-NYG,False,ret_td;fum_rec_td,False,True,ret_td;fum_rec_td,
Bobby Mitchell,1959,1,1959-09-26,False,CLE,PIT,A,L,7,17,,3,8,0,9,46,0,0,0,0,0,,,5.4,8.4,15465,False,targets;fum_rec_td;ret_td,PFR+RULE2PT,19590926-CLE-PIT,False,ret_td;fum_rec_td,False,True,ret_td;fum_rec_td,
Bobby Mitchell,1959,2,1959-10-04,False,CLE,CRD,A,W,34,7,,1,24,0,7,12,0,0,0,0,0,,,3.6,4.6,15465,False,targets;fum_rec_td;ret_td,PFR+RULE2PT,19591004-CLE-CRD,False,ret_td;fum_rec_td,False,True,ret_td;fum_rec_td,
Bobby Mitchell,1959,3,1959-10-11,False,CLE,NYG,H,L,6,10,,2,36,1,12,49,0,0,0,0,0,,,14.5,16.5,15465,False,targets;fum_rec_td;ret_td,PFR+RULE2PT,19591011-NYG-CLE,False,ret_td;fum_rec_td,False,True,ret_td;fum_rec_td,
Bobby Mitchell,1959,4,1959-10-18,False,CLE,CRD,H,W,17,7,,4,35,1,16,45,0,0,0,0,0,,,14.0,18.0,15465,False,targets;fum_rec_td;ret_td,PFR+RULE2PT,19591018-CRD-CLE,False,ret_td;fum_rec_td,False,True,ret_td;fum_rec_td,
Bobby Mitchell,1959,5,1959-10-25,False,CLE,WAS,H,W,34,7,,3,107,2,7,23,0,0,0,0,0,,,25.0,28.0,15465,False,targets;fum_rec_td;ret_td,PFR+RULE2PT,19591025-WAS-CLE,False,ret_td;fum_rec_td,False,True,ret_td;fum_rec_td,
Bobby Mitchell,1959,6,1959-11-01,False,CLE,BAL,A,W,38,31,,5,66,0,8,23,0,0,0,0,0,,,8.9,13.9,15465,False,targets;fum_rec_td;ret_td,PFR+RULE2PT,19591101-CLE-BAL,False,ret_td;fum_rec_td,False,True,ret_td;fum_rec_td,
Bobby Mitchell,1959,7,1959-11-08,False,CLE,PHI,H,W,28,7,,3,18,0,5,63,1,0,0,0,0,,,14.1,17.1,15465,False,targets;fum_rec_td;ret_td,PFR+RULE2PT,19591108-PHI-CLE,False,ret_td;fum_rec_td,False,True,ret_td;fum_rec_td,
Bobby Mitchell,1959,8,1959-11-15,False,CLE,WAS,A,W,31,17,,2,-6,0,14,232,3,0,0,0,0,,,40.6,42.6,15465,False,targets;fum_rec_td;ret_td,PFR+RULE2PT,19591115-CLE-WAS,False,ret_td;fum_rec_td,False,True,ret_td;fum_rec_td,
Bobby Mitchell,1959,9,1959-11-22,False,CLE,PIT,H,L,20,21,,2,8,0,7,15,0,0,0,0,0,,,2.3,4.3,15465,False,targets;fum_rec_td;ret_td,PFR+RULE2PT,19591122-PIT-CLE,False,ret_td;fum_rec_td,False,True,ret_td;fum_rec_td,
Bobby Mitchell,1959,10,1959-11-29,False,CLE,SFO,H,L,20,21,,4,20,0,12,76,0,0,0,0,0,,,9.6,13.6,15465,False,targets;fum_rec_td;ret_td,PFR+RULE2PT,19591129-SFO-CLE,False,ret_td;fum_rec_td,False,True,ret_td;fum_rec_td,
Bobby Mitchell,1959,11,1959-12-06,False,CLE,NYG,A,L,7,48,,3,7,0,10,32,0,0,0,0,0,,,3.9,6.9,15465,False,targets;fum_rec_td;ret_td,PFR+RULE2PT,19591206-CLE-NYG,False,ret_td;fum_rec_td,False,True,ret_td;fum_rec_td,
Bobby Mitchell,1959,12,1959-12-13,False,CLE,PHI,A,W,28,21,,3,28,0,24,127,1,0,0,0,0,,,21.5,24.5,15465,False,targets;fum_rec_td;ret_td,PFR+RULE2PT,19591213-CLE-PHI,False,ret_td;fum_rec_td,False,True,ret_td;fum_rec_td,
Don Maynard,1958,1,1958-09-28,False,NYG,CRD,A,W,37,7,,0,0,0,1,-7,0,0,0,0,0,,,-0.7,-0.7,14394,False,targets;fum_rec_td;ret_td,PFR+RULE2PT,19580928-NYG-CRD,False,ret_td;fum_rec_td,False,True,ret_td;fum_rec_td,
Don Maynard,1958,3,1958-10-12,False,NYG,WAS,A,W,21,14,,0,0,0,1,8,0,0,0,0,0,,,0.8,0.8,14394,False,targets;fum_rec_td;ret_td,PFR+RULE2PT,19581012-NYG-WAS,False,ret_td;fum_rec_td,False,True,ret_td;fum_rec_td,
Don Maynard,1958,4,1958-10-19,False,NYG,CRD,H,L,6,23,,2,47,0,3,26,0,0,0,0,0,,,7.3,9.3,14394,False,targets;fum_rec_td;ret_td,PFR+RULE2PT,19581019-CRD-NYG,False,ret_td;fum_rec_td,False,True,ret_td;fum_rec_td,
Don Maynard,1958,6,1958-11-02,False,NYG,CLE,A,W,21,17,,2,29,0,2,-5,0,0,0,0,0,,,2.4,4.4,14394,False,targets;fum_rec_td;ret_td,PFR+RULE2PT,19581102-NYG-CLE,False,ret_td;fum_rec_td,False,True,ret_td;fum_rec_td,
Don Maynard,1958,8,1958-11-16,False,NYG,PIT,A,L,10,31,,1,8,0,2,-5,0,0,0,0,0,,,0.3,1.3,14394,False,targets;fum_rec_td;ret_td,PFR+RULE2PT,19581116-NYG-PIT,False,ret_td;fum_rec_td,False,True,ret_td;fum_rec_td,
Don Maynard,1958,9,1958-11-23,False,NYG,WAS,H,W,30,0,,0,0,0,2,28,0,0,0,0,0,,,2.8,2.8,14394,False,targets;fum_rec_td;ret_td,PFR+RULE2PT,19581123-WAS-NYG,False,ret_td;fum_rec_td,False,True,ret_td;fum_rec_td,
Don Maynard,1958,11,1958-12-07,False,NYG,DET,A,W,19,17,,0,0,0,1,0,0,0,0,0,0,,,0.0,0.0,14394,False,targets;fum_rec_td;ret_td,PFR+RULE2PT,19581207-NYG-DET,False,ret_td;fum_rec_td,False,True,ret_td;fum_rec_td,
Don Maynard,1958,13,1958-12-21,True,NYG,CLE,H,W,10,0,,0,0,0,0,0,0,0,0,0,0,,,0.0,0.0,14394,False,targets;fum_rec_td;ret_td,PFR+RULE2PT,19581221-CLE-NYG,False,ret_td;fum_rec_td,False,True,ret_td;fum_rec_td,
Don Maynard,1958,14,1958-12-28,True,NYG,BAL,H,L,17,23,,0,0,0,0,0,0,0,0,0,0,,,0.0,0.0,14394,False,targets;fum_rec_td;ret_td,PFR+RULE2PT,19581228-BAL-NYG,False,ret_td;fum_rec_td,False,True,ret_td;fum_rec_td,
Tommy McDonald,1957,1,1957-09-29,False,PHI,RAM,A,L,13,17,,1,2,0,3,17,0,11,0,0,0,,,2.34,3.34,14687,False,targets;fum_rec_td;ret_td,PFR+RULE2PT,19570929-PHI-RAM,False,ret_td;fum_rec_td,False,True,ret_td;fum_rec_td,
Tommy McDonald,1957,2,1957-10-05,False,PHI,NYG,H,L,20,24,,0,0,0,2,7,0,0,0,0,0,,,0.7,0.7,14687,False,targets;fum_rec_td;ret_td,PFR+RULE2PT,19571005-NYG-PHI,False,ret_td;fum_rec_td,False,True,ret_td;fum_rec_td,
Tommy McDonald,1957,3,1957-10-13,False,PHI,CLE,A,L,7,24,,0,0,0,2,17,0,0,0,0,0,,,1.7,1.7,14687,False,targets;fum_rec_td;ret_td,PFR+RULE2PT,19571013-PHI-CLE,False,ret_td;fum_rec_td,False,True,ret_td;fum_rec_td,
Tommy McDonald,1957,5,1957-10-27,False,PHI,PIT,A,L,0,6,,0,0,0,5,-5,0,0,0,0,0,,,-0.5,-0.5,14687,False,targets;fum_rec_td;ret_td,PFR+RULE2PT,19571027-PHI-PIT,False,ret_td;fum_rec_td,False,True,ret_td;fum_rec_td,
Tommy McDonald,1957,9,1957-11-24,False,PHI,WAS,H,W,21,12,,2,97,2,0,0,0,0,0,0,0,,,21.7,23.7,14687,False,targets;fum_rec_td;ret_td,PFR+RULE2PT,19571124-WAS-PHI,False,ret_td;fum_rec_td,False,True,ret_td;fum_rec_td,
Tommy McDonald,1957,10,1957-12-01,False,PHI,PIT,H,W,7,6,,1,17,0,0,0,0,0,0,0,0,,,1.7,2.7,14687,False,targets;fum_rec_td;ret_td,PFR+RULE2PT,19571201-PIT-PHI,False,ret_td;fum_rec_td,False,True,ret_td;fum_rec_td,
Tommy McDonald,1957,11,1957-12-08,False,PHI,WAS,A,L,7,42,,2,64,0,0,0,0,0,0,0,0,,,6.4,8.4,14687,False,targets;fum_rec_td;ret_td,PFR+RULE2PT,19571208-PHI-WAS,False,ret_td;fum_rec_td,False,True,ret_td;fum_rec_td,
Tommy McDonald,1957,12,1957-12-14,False,PHI,CRD,H,L,27,31,,3,48,1,0,0,0,0,0,0,0,,,10.8,13.8,14687,False,targets;fum_rec_td;ret_td,PFR+RULE2PT,19571214-CRD-PHI,False,ret_td;fum_rec_td,False,True,ret_td;fum_rec_td,
Tommy McDonald,1958,2,1958-10-05,False,PHI,NYG,H,W,27,24,,1,91,1,0,0,0,0,0,0,0,,,15.1,16.1,14687,False,targets;fum_rec_td;ret_td,PFR+RULE2PT,19581005-NYG-PHI,False,ret_td;fum_rec_td,False,True,ret_td;fum_rec_td,
Tommy McDonald,1958,3,1958-10-12,False,PHI,PIT,A,L,3,24,,4,29,0,1,-9,0,0,0,0,0,,,2.0,6.0,14687,False,targets;fum_rec_td;ret_td,PFR+RULE2PT,19581012-PHI-PIT,False,ret_td;fum_rec_td,False,True,ret_td;fum_rec_td,
Tommy McDonald,1958,4,1958-10-19,False,PHI,SFO,H,L,24,30,,3,45,1,0,0,0,0,0,0,0,,,10.5,13.5,14687,False,targets;fum_rec_td;ret_td,PFR+RULE2PT,19581019-SFO-PHI,False,ret_td;fum_rec_td,False,True,ret_td;fum_rec_td,
Tommy McDonald,1958,5,1958-10-26,False,PHI,GNB,A,L,35,38,,3,54,2,0,0,0,0,0,0,0,,,17.4,20.4,14687,False,targets;fum_rec_td;ret_td,PFR+RULE2PT,19581026-PHI-GNB,False,ret_td;fum_rec_td,False,True,ret_td;fum_rec_td,
Tommy McDonald,1958,6,1958-11-02,False,PHI,CRD,A,T,21,21,,1,12,0,0,0,0,0,0,0,0,,,1.2,2.2,14687,False,targets;fum_rec_td;ret_td,PFR+RULE2PT,19581102-PHI-CRD,False,ret_td;fum_rec_td,False,True,ret_td;fum_rec_td,
Tommy McDonald,1958,7,1958-11-09,False,PHI,PIT,H,L,24,31,,1,10,1,0,0,0,0,0,0,0,,,7.0,8.0,14687,False,targets;fum_rec_td;ret_td,PFR+RULE2PT,19581109-PIT-PHI,False,ret_td;fum_rec_td,False,True,ret_td;fum_rec_td,
Tommy McDonald,1958,8,1958-11-16,False,PHI,CRD,H,W,49,21,,4,96,1,1,0,0,0,0,0,0,,,15.6,19.6,14687,False,targets;fum_rec_td;ret_td,PFR+RULE2PT,19581116-CRD-PHI,False,ret_td;fum_rec_td,False,True,ret_td;fum_rec_td,
Tommy McDonald,1958,9,1958-11-23,False,PHI,CLE,A,L,14,28,,3,60,1,0,0,0,0,0,0,0,,,12.0,15.0,14687,False,targets;fum_rec_td;ret_td,PFR+RULE2PT,19581123-PHI-CLE,False,ret_td;fum_rec_td,False,True,ret_td;fum_rec_td,
Tommy McDonald,1958,11,1958-12-07,False,PHI,CLE,H,L,14,21,,5,58,2,1,5,0,0,0,0,0,,,18.3,23.3,14687,False,targets;fum_rec_td;ret_td,PFR+RULE2PT,19581207-CLE-PHI,False,ret_td;fum_rec_td,False,True,ret_td;fum_rec_td,
Tommy McDonald,1958,12,1958-12-14,False,PHI,WAS,A,L,0,20,,4,148,0,0,0,0,0,0,0,0,,,14.8,18.8,14687,False,targets;fum_rec_td;ret_td,PFR+RULE2PT,19581214-PHI-WAS,False,ret_td;fum_rec_td,False,True,ret_td;fum_rec_td,
Tommy McDonald,1959,1,1959-09-27,False,PHI,SFO,A,L,14,24,,1,16,0,1,-4,0,0,0,0,0,,,1.2,2.2,14687,False,targets;fum_rec_td;ret_td,PFR+RULE2PT,19590927-PHI-SFO,False,ret_td;fum_rec_td,False,True,ret_td;fum_rec_td,
Tommy McDonald,1959,2,1959-10-04,False,PHI,NYG,H,W,49,21,,6,133,3,0,0,0,0,0,0,0,,,31.3,37.3,14687,False,targets;fum_rec_td;ret_td,PFR+RULE2PT,19591004-NYG-PHI,False,ret_td;fum_rec_td,False,True,ret_td;fum_rec_td,
Tommy McDonald,1959,3,1959-10-11,False,PHI,PIT,H,W,28,24,,4,66,1,0,0,0,0,0,0,0,,,12.6,16.6,14687,False,targets;fum_rec_td;ret_td,PFR+RULE2PT,19591011-PIT-PHI,False,ret_td;fum_rec_td,False,True,ret_td;fum_rec_td,
Tommy McDonald,1959,4,1959-10-18,False,PHI,NYG,A,L,7,24,,2,40,0,0,0,0,0,0,0,0,,,4.0,6.0,14687,False,targets;fum_rec_td;ret_td,PFR+RULE2PT,19591018-PHI-NYG,False,ret_td;fum_rec_td,False,True,ret_td;fum_rec_td,
Tommy McDonald,1959,5,1959-10-25,False,PHI,CRD,A,W,28,24,,3,122,2,0,0,0,0,0,0,0,,,24.2,27.2,14687,False,targets;fum_rec_td;ret_td,PFR+RULE2PT,19591025-PHI-CRD,False,ret_td;fum_rec_td,False,True,ret_td;fum_rec_td,
Tommy McDonald,1959,6,1959-11-01,False,PHI,WAS,H,W,30,23,,3,26,1,1,-6,0,0,0,0,0,,,8.0,11.0,14687,False,targets;fum_rec_td;ret_td,PFR+RULE2PT,19591101-WAS-PHI,False,ret_td;fum_rec_td,False,True,ret_td;fum_rec_td,
Tommy McDonald,1959,7,1959-11-08,False,PHI,CLE,A,L,7,28,,4,65,0,0,0,0,0,0,0,0,,,6.5,10.5,14687,False,targets;fum_rec_td;ret_td,PFR+RULE2PT,19591108-PHI-CLE,False,ret_td;fum_rec_td,False,True,ret_td;fum_rec_td,
Tommy McDonald,1959,8,1959-11-15,False,PHI,CRD,H,W,27,17,,1,14,0,0,0,0,0,0,0,0,,,1.4,2.4,14687,False,targets;fum_rec_td;ret_td,PFR+RULE2PT,19591115-CRD-PHI,False,ret_td;fum_rec_td,False,True,ret_td;fum_rec_td,
Tommy McDonald,1959,9,1959-11-22,False,PHI,RAM,H,W,23,20,,4,66,0,0,0,0,0,0,0,0,,,6.6,10.6,14687,False,targets;fum_rec_td;ret_td,PFR+RULE2PT,19591122-RAM-PHI,False,ret_td;fum_rec_td,False,True,ret_td;fum_rec_td,
Tommy McDonald,1959,10,1959-11-29,False,PHI,PIT,A,L,0,31,,6,85,0,0,0,0,0,0,0,0,,,8.5,14.5,14687,False,targets;fum_rec_td;ret_td,PFR+RULE2PT,19591129-PHI-PIT,False,ret_td;fum_rec_td,False,True,ret_td;fum_rec_td,
Tommy McDonald,1959,11,1959-12-06,False,PHI,WAS,A,W,34,14,,9,153,3,0,0,0,0,0,0,0,,,33.3,42.3,14687,False,targets;fum_rec_td;ret_td,PFR+RULE2PT,19591206-PHI-WAS,False,ret_td;fum_rec_td,False,True,ret_td;fum_rec_td,
Tommy McDonald,1959,12,1959-12-13,False,PHI,CLE,H,L,21,28,,4,60,0,0,0,0,0,0,0,0,,,6.0,10.0,14687,False,targets;fum_rec_td;ret_td,PFR+RULE2PT,19591213-CLE-PHI,False,ret_td;fum_rec_td,False,True,ret_td;fum_rec_td,
Billy Howton,1952,1,1952-09-28,False,GNB,CHI,H,L,14,24,,3,72,1,0,0,0,0,0,0,0,,,13.2,16.2,10337,False,targets;fum_rec_td;ret_td,PFR+RULE2PT,19520928-CHI-GNB,False,ret_td;fum_rec_td,False,True,ret_td;fum_rec_td,
Billy Howton,1952,2,1952-10-05,False,GNB,WAS,H,W,35,20,,3,128,1,0,0,0,0,0,0,0,,,18.8,21.8,10337,False,targets;fum_rec_td;ret_td,PFR+RULE2PT,19521005-WAS-GNB,False,ret_td;fum_rec_td,False,True,ret_td;fum_rec_td,
Billy Howton,1952,3,1952-10-12,False,GNB,RAM,H,L,28,30,,5,156,1,0,0,0,0,0,0,0,,,21.6,26.6,10337,False,targets;fum_rec_td;ret_td,PFR+RULE2PT,19521012-RAM-GNB,False,ret_td;fum_rec_td,False,True,ret_td;fum_rec_td,
Billy Howton,1952,4,1952-10-18,False,GNB,DTX,A,W,24,14,,3,36,2,0,0,0,0,0,0,0,,,15.6,18.6,10337,False,targets;fum_rec_td;ret_td,PFR+RULE2PT,19521018-GNB-DTX,False,ret_td;fum_rec_td,False,True,ret_td;fum_rec_td,
Billy Howton,1952,5,1952-10-26,False,GNB,DET,H,L,17,52,,7,151,1,0,0,0,0,0,0,0,,,21.1,28.1,10337,False,targets;fum_rec_td;ret_td,PFR+RULE2PT,19521026-DET-GNB,False,ret_td;fum_rec_td,False,True,ret_td;fum_rec_td,
Billy Howton,1952,6,1952-11-02,False,GNB,PHI,H,W,12,10,,3,59,0,0,0,0,0,0,0,0,,,5.9,8.9,10337,False,targets;fum_rec_td;ret_td,PFR+RULE2PT,19521102-PHI-GNB,False,ret_td;fum_rec_td,False,True,ret_td;fum_rec_td,
Billy Howton,1952,7,1952-11-09,False,GNB,CHI,A,W,41,28,,5,65,1,0,0,0,0,0,0,0,,,12.5,17.5,10337,False,targets;fum_rec_td;ret_td,PFR+RULE2PT,19521109-GNB-CHI,False,ret_td;fum_rec_td,False,True,ret_td;fum_rec_td,
Billy Howton,1952,8,1952-11-16,False,GNB,NYG,A,W,17,3,,1,6,0,0,0,0,0,0,0,0,,,0.6,1.6,10337,False,targets;fum_rec_td;ret_td,PFR+RULE2PT,19521116-GNB-NYG,False,ret_td;fum_rec_td,False,True,ret_td;fum_rec_td,
Billy Howton,1952,9,1952-11-23,False,GNB,DTX,H,W,42,14,,2,73,1,0,0,0,0,0,0,0,,,13.3,15.3,10337,False,targets;fum_rec_td;ret_td,PFR+RULE2PT,19521123-DTX-GNB,False,ret_td;fum_rec_td,False,True,ret_td;fum_rec_td,
Billy Howton,1952,10,1952-11-27,False,GNB,DET,A,L,24,48,,7,123,3,0,0,0,0,0,0,0,,,30.3,37.3,10337,False,targets;fum_rec_td;ret_td,PFR+RULE2PT,19521127-GNB-DET,False,ret_td;fum_rec_td,False,True,ret_td;fum_rec_td,
Billy Howton,1952,11,1952-12-07,False,GNB,RAM,A,L,27,45,,6,200,0,0,0,0,0,0,0,0,,,20.0,26.0,10337,False,targets;fum_rec_td;ret_td,PFR+RULE2PT,19521207-GNB-RAM,False,ret_td;fum_rec_td,False,True,ret_td;fum_rec_td,
Billy Howton,1952,12,1952-12-14,False,GNB,SFO,A,L,14,24,,8,162,2,0,0,0,0,0,0,0,,,28.2,36.2,10337,False,targets;fum_rec_td;ret_td,PFR+RULE2PT,19521214-GNB-SFO,False,ret_td;fum_rec_td,False,True,ret_td;fum_rec_td,
Billy Howton,1953,5,1953-10-24,False,GNB,PIT,A,L,14,31,,7,53,0,0,0,0,0,0,0,0,,,5.3,12.3,10337,False,targets;fum_rec_td;ret_td,PFR+RULE2PT,19531024-GNB-PIT,False,ret_td;fum_rec_td,False,True,ret_td;fum_rec_td,
Billy Howton,1953,6,1953-10-31,False,GNB,BAL,A,W,35,24,,2,53,2,0,0,0,0,0,0,0,,,17.3,19.3,10337,False,targets;fum_rec_td;ret_td,PFR+RULE2PT,19531031-GNB-BAL,False,ret_td;fum_rec_td,False,True,ret_td;fum_rec_td,
Billy Howton,1953,7,1953-11-08,False,GNB,CHI,A,T,21,21,,2,70,1,0,0,0,0,0,0,0,,,13.0,15.0,10337,False,targets;fum_rec_td;ret_td,PFR+RULE2PT,19531108-GNB-CHI,False,ret_td;fum_rec_td,False,True,ret_td;fum_rec_td,
Billy Howton,1953,8,1953-11-15,False,GNB,DET,H,L,7,14,,5,84,0,0,0,0,0,0,0,0,,,8.4,13.4,10337,False,targets;fum_rec_td;ret_td,PFR+RULE2PT,19531115-DET-GNB,False,ret_td;fum_rec_td,False,True,ret_td;fum_rec_td,
Billy Howton,1953,9,1953-11-22,False,GNB,SFO,H,L,7,37,,1,21,0,0,0,0,0,0,0,0,,,2.1,3.1,10337,False,targets;fum_rec_td;ret_td,PFR+RULE2PT,19531122-SFO-GNB,False,ret_td;fum_rec_td,False,True,ret_td;fum_rec_td,
Billy Howton,1953,10,1953-11-26,False,GNB,DET,A,L,15,34,,1,14,0,0,0,0,0,0,0,0,,,1.4,2.4,10337,False,targets;fum_rec_td;ret_td,PFR+RULE2PT,19531126-GNB-DET,False,ret_td;fum_rec_td,False,True,ret_td;fum_rec_td,
Billy Howton,1953,11,1953-12-06,False,GNB,SFO,A,L,14,48,,5,79,0,0,0,0,0,0,0,0,,,7.9,12.9,10337,False,targets;fum_rec_td;ret_td,PFR+RULE2PT,19531206-GNB-SFO,False,ret_td;fum_rec_td,False,True,ret_td;fum_rec_td,
Billy Howton,1953,12,1953-12-12,False,GNB,RAM,A,L,17,33,,1,80,1,0,0,0,0,0,0,0,,,14.0,15.0,10337,False,targets;fum_rec_td;ret_td,PFR+RULE2PT,19531212-GNB-RAM,False,ret_td;fum_rec_td,False,True,ret_td;fum_rec_td,
Billy Howton,1954,1,1954-09-26,False,GNB,PIT,H,L,20,21,,3,69,1,0,0,0,0,0,0,0,,,12.9,15.9,10337,False,targets;fum_rec_td;ret_td,PFR+RULE2PT,19540926-PIT-GNB,False,ret_td;fum_rec_td,False,True,ret_td;fum_rec_td,
Billy Howton,1954,2,1954-10-03,False,GNB,CHI,H,L,3,10,,4,100,0,0,0,0,0,0,0,0,,,10.0,14.0,10337,False,targets;fum_rec_td;ret_td,PFR+RULE2PT,19541003-CHI-GNB,False,ret_td;fum_rec_td,False,True,ret_td;fum_rec_td,
Billy Howton,1954,3,1954-10-10,False,GNB,SFO,H,L,17,23,,2,23,0,0,0,0,0,0,0,0,,,2.3,4.3,10337,False,targets;fum_rec_td;ret_td,PFR+RULE2PT,19541010-SFO-GNB,False,ret_td;fum_rec_td,False,True,ret_td;fum_rec_td,
Billy Howton,1954,4,1954-10-17,False,GNB,RAM,H,W,35,17,,5,105,1,0,0,0,0,0,0,0,,,16.5,21.5,10337,False,targets;fum_rec_td;ret_td,PFR+RULE2PT,19541017-RAM-GNB,False,ret_td;fum_rec_td,False,True,ret_td;fum_rec_td,
Billy Howton,1954,5,1954-10-24,False,GNB,BAL,A,W,7,6,,11,147,0,0,0,0,0,0,0,0,,,14.7,25.7,10337,False,targets;fum_rec_td;ret_td,PFR+RULE2PT,19541024-GNB-BAL,False,ret_td;fum_rec_td,False,True,ret_td;fum_rec_td,
Billy Howton,1954,6,1954-10-30,False,GNB,PHI,A,W,37,14,,4,31,0,0,0,0,0,0,0,0,,,3.1,7.1,10337,False,targets;fum_rec_td;ret_td,PFR+RULE2PT,19541030-GNB-PHI,False,ret_td;fum_rec_td,False,True,ret_td;fum_rec_td,
Billy Howton,1954,8,1954-11-13,False,GNB,BAL,H,W,24,13,,4,59,0,0,0,0,0,0,0,0,,,5.9,9.9,10337,False,targets;fum_rec_td;ret_td,PFR+RULE2PT,19541113-BAL-GNB,False,ret_td;fum_rec_td,False,True,ret_td;fum_rec_td,
Billy Howton,1954,9,1954-11-21,False,GNB,DET,H,L,17,21,,7,101,0,0,0,0,0,0,0,0,,,10.1,17.1,10337,False,targets;fum_rec_td;ret_td,PFR+RULE2PT,19541121-DET-GNB,False,ret_td;fum_rec_td,False,True,ret_td;fum_rec_td,
Billy Howton,1954,10,1954-11-25,False,GNB,DET,A,L,24,28,,4,34,0,0,0,0,0,0,0,0,,,3.4,7.4,10337,False,targets;fum_rec_td;ret_td,PFR+RULE2PT,19541125-GNB-DET,False,ret_td;fum_rec_td,False,True,ret_td;fum_rec_td,
Billy Howton,1954,11,1954-12-05,False,GNB,SFO,A,L,0,35,,5,53,0,0,0,0,0,0,0,0,,,5.3,10.3,10337,False,targets;fum_rec_td;ret_td,PFR+RULE2PT,19541205-GNB-SFO,False,ret_td;fum_rec_td,False,True,ret_td;fum_rec_td,
Billy Howton,1954,12,1954-12-12,False,GNB,RAM,A,L,27,35,,3,46,0,0,0,0,0,0,0,0,,,4.6,7.6,10337,False,targets;fum_rec_td;ret_td,PFR+RULE2PT,19541212-GNB-RAM,False,ret_td;fum_rec_td,False,True,ret_td;fum_rec_td,
Billy Howton,1955,1,1955-09-25,False,GNB,DET,H,W,20,17,,4,47,0,0,0,0,0,0,0,0,,,4.7,8.7,10337,False,targets;fum_rec_td;ret_td,PFR+RULE2PT,19550925-DET-GNB,False,ret_td;fum_rec_td,False,True,ret_td;fum_rec_td,
Billy Howton,1955,2,1955-10-02,False,GNB,CHI,H,W,24,3,,3,54,1,0,0,0,0,0,0,0,,,11.4,14.4,10337,False,targets;fum_rec_td;ret_td,PFR+RULE2PT,19551002-CHI-GNB,False,ret_td;fum_rec_td,False,True,ret_td;fum_rec_td,
Billy Howton,1955,3,1955-10-08,False,GNB,BAL,H,L,20,24,,6,86,1,0,0,0,0,0,0,0,,,14.6,20.6,10337,False,targets;fum_rec_td;ret_td,PFR+RULE2PT,19551008-BAL-GNB,False,ret_td;fum_rec_td,False,True,ret_td;fum_rec_td,
Billy Howton,1955,4,1955-10-16,False,GNB,RAM,H,W,30,28,,8,158,1,0,0,0,0,0,0,0,,,21.8,29.8,10337,False,targets;fum_rec_td;ret_td,PFR+RULE2PT,19551016-RAM-GNB,False,ret_td;fum_rec_td,False,True,ret_td;fum_rec_td,
Billy Howton,1955,5,1955-10-23,False,GNB,CLE,A,L,10,41,,2,19,0,0,0,0,0,0,0,0,,,1.9,3.9,10337,False,targets;fum_rec_td;ret_td,PFR+RULE2PT,19551023-GNB-CLE,False,ret_td;fum_rec_td,False,True,ret_td;fum_rec_td,
Billy Howton,1955,6,1955-10-29,False,GNB,BAL,A,L,10,14,,4,98,0,0,0,0,0,0,0,0,,,9.8,13.8,10337,False,targets;fum_rec_td;ret_td,PFR+RULE2PT,19551029-GNB-BAL,False,ret_td;fum_rec_td,False,True,ret_td;fum_rec_td,
Billy Howton,1955,7,1955-11-06,False,GNB,CHI,A,L,31,52,,3,54,1,0,0,0,0,0,0,0,,,11.4,14.4,10337,False,targets;fum_rec_td;ret_td,PFR+RULE2PT,19551106-GNB-CHI,False,ret_td;fum_rec_td,False,True,ret_td;fum_rec_td,
Billy Howton,1955,8,1955-11-13,False,GNB,CRD,H,W,31,14,,4,64,1,0,0,0,0,0,0,0,,,12.4,16.4,10337,False,targets;fum_rec_td;ret_td,PFR+RULE2PT,19551113-CRD-GNB,False,ret_td;fum_rec_td,False,True,ret_td;fum_rec_td,
Billy Howton,1955,9,1955-11-20,False,GNB,SFO,H,W,27,21,,5,68,0,0,0,0,0,0,0,0,,,6.8,11.8,10337,False,targets;fum_rec_td;ret_td,PFR+RULE2PT,19551120-SFO-GNB,False,ret_td;fum_rec_td,False,True,ret_td;fum_rec_td,
Billy Howton,1955,11,1955-12-04,False,GNB,SFO,A,W,28,7,,1,13,0,0,0,0,0,0,0,0,,,1.3,2.3,10337,False,targets;fum_rec_td;ret_td,PFR+RULE2PT,19551204-GNB-SFO,False,ret_td;fum_rec_td,False,True,ret_td;fum_rec_td,
Billy Howton,1955,12,1955-12-11,False,GNB,RAM,A,L,17,31,,4,36,0,0,0,0,0,0,0,0,,,3.6,7.6,10337,False,targets;fum_rec_td;ret_td,PFR+RULE2PT,19551211-GNB-RAM,False,ret_td;fum_rec_td,False,True,ret_td;fum_rec_td,
Billy Howton,1956,1,1956-09-30,False,GNB,DET,H,L,16,20,,5,76,1,0,0,0,0,0,0,0,,,13.6,18.6,10337,False,targets;fum_rec_td;ret_td,PFR+RULE2PT,19560930-DET-GNB,False,ret_td;fum_rec_td,False,True,ret_td;fum_rec_td,
Billy Howton,1956,2,1956-10-07,False,GNB,CHI,H,L,21,37,,6,97,2,0,0,0,0,0,0,0,,,21.7,27.7,10337,False,targets;fum_rec_td;ret_td,PFR+RULE2PT,19561007-CHI-GNB,False,ret_td;fum_rec_td,False,True,ret_td;fum_rec_td,
Billy Howton,1956,3,1956-10-14,False,GNB,BAL,H,W,38,33,,4,86,0,0,0,0,0,0,0,0,,,8.6,12.6,10337,False,targets;fum_rec_td;ret_td,PFR+RULE2PT,19561014-BAL-GNB,False,ret_td;fum_rec_td,False,True,ret_td;fum_rec_td,
Billy Howton,1956,4,1956-10-21,False,GNB,RAM,H,W,42,17,,7,257,2,0,0,0,0,0,0,0,,,37.7,44.7,10337,False,targets;fum_rec_td;ret_td,PFR+RULE2PT,19561021-RAM-GNB,False,ret_td;fum_rec_td,False,True,ret_td;fum_rec_td,
Billy Howton,1956,5,1956-10-28,False,GNB,BAL,A,L,21,28,,3,82,2,0,0,0,0,0,0,0,,,20.2,23.2,10337,False,targets;fum_rec_td;ret_td,PFR+RULE2PT,19561028-GNB-BAL,False,ret_td;fum_rec_td,False,True,ret_td;fum_rec_td,
Billy Howton,1956,6,1956-11-04,False,GNB,CLE,H,L,7,24,,3,56,1,0,0,0,0,0,0,0,,,11.6,14.6,10337,False,targets;fum_rec_td;ret_td,PFR+RULE2PT,19561104-CLE-GNB,False,ret_td;fum_rec_td,False,True,ret_td;fum_rec_td,
Billy Howton,1956,7,1956-11-11,False,GNB,CHI,A,L,14,38,,4,151,1,0,0,0,0,0,0,0,,,21.1,25.1,10337,False,targets;fum_rec_td;ret_td,PFR+RULE2PT,19561111-GNB-CHI,False,ret_td;fum_rec_td,False,True,ret_td;fum_rec_td,
Billy Howton,1956,8,1956-11-18,False,GNB,SFO,H,L,16,17,,3,121,1,0,0,0,0,0,0,0,,,18.1,21.1,10337,False,targets;fum_rec_td;ret_td,PFR+RULE2PT,19561118-SFO-GNB,False,ret_td;fum_rec_td,False,True,ret_td;fum_rec_td,
Billy Howton,1956,9,1956-11-22,False,GNB,DET,A,W,24,20,,4,53,1,0,0,0,0,0,0,0,,,11.3,15.3,10337,False,targets;fum_rec_td;ret_td,PFR+RULE2PT,19561122-GNB-DET,False,ret_td;fum_rec_td,False,True,ret_td;fum_rec_td,
Billy Howton,1956,10,1956-12-02,False,GNB,CRD,A,W,24,21,,5,70,0,0,0,0,0,0,0,0,,,7.0,12.0,10337,False,targets;fum_rec_td;ret_td,PFR+RULE2PT,19561202-GNB-CRD,False,ret_td;fum_rec_td,False,True,ret_td;fum_rec_td,
Billy Howton,1956,11,1956-12-08,False,GNB,SFO,A,L,20,38,,6,71,1,0,0,0,0,0,0,0,,,13.1,19.1,10337,False,targets;fum_rec_td;ret_td,PFR+RULE2PT,19561208-GNB-SFO,False,ret_td;fum_rec_td,False,True,ret_td;fum_rec_td,
Billy Howton,1956,12,1956-12-16,False,GNB,RAM,A,L,21,49,,5,68,0,0,0,0,0,0,0,0,,,6.8,11.8,10337,False,targets;fum_rec_td;ret_td,PFR+RULE2PT,19561216-GNB-RAM,False,ret_td;fum_rec_td,False,True,ret_td;fum_rec_td,
Billy Howton,1957,1,1957-09-29,False,GNB,CHI,H,W,21,17,,8,165,1,1,-2,0,0,0,0,0,,,22.3,30.3,10337,False,targets;fum_rec_td;ret_td,PFR+RULE2PT,19570929-CHI-GNB,False,ret_td;fum_rec_td,False,True,ret_td;fum_rec_td,
Billy Howton,1957,3,1957-10-13,False,GNB,BAL,H,L,17,45,,4,46,1,0,0,0,0,0,0,0,,,10.6,14.6,10337,False,targets;fum_rec_td;ret_td,PFR+RULE2PT,19571013-BAL-GNB,False,ret_td;fum_rec_td,False,True,ret_td;fum_rec_td,
Billy Howton,1957,4,1957-10-20,False,GNB,SFO,H,L,14,24,,3,30,0,1,7,0,0,0,0,0,,,3.7,6.7,10337,False,targets;fum_rec_td;ret_td,PFR+RULE2PT,19571020-SFO-GNB,False,ret_td;fum_rec_td,False,True,ret_td;fum_rec_td,
Billy Howton,1957,5,1957-10-27,False,GNB,BAL,A,W,24,21,,2,94,1,0,0,0,0,0,0,0,,,15.4,17.4,10337,False,targets;fum_rec_td;ret_td,PFR+RULE2PT,19571027-GNB-BAL,False,ret_td;fum_rec_td,False,True,ret_td;fum_rec_td,
Billy Howton,1957,6,1957-11-03,False,GNB,NYG,H,L,17,31,,4,111,1,0,0,0,0,0,0,0,,,17.1,21.1,10337,False,targets;fum_rec_td;ret_td,PFR+RULE2PT,19571103-NYG-GNB,False,ret_td;fum_rec_td,False,True,ret_td;fum_rec_td,
Billy Howton,1957,7,1957-11-10,False,GNB,CHI,A,L,14,21,,2,56,1,1,4,0,0,0,0,0,,,12.0,14.0,10337,False,targets;fum_rec_td;ret_td,PFR+RULE2PT,19571110-GNB-CHI,False,ret_td;fum_rec_td,False,True,ret_td;fum_rec_td,
Billy Howton,1957,8,1957-11-17,False,GNB,RAM,H,L,27,31,,3,79,0,0,0,0,0,0,0,0,,,7.9,10.9,10337,False,targets;fum_rec_td;ret_td,PFR+RULE2PT,19571117-RAM-GNB,False,ret_td;fum_rec_td,False,True,ret_td;fum_rec_td,
Billy Howton,1957,9,1957-11-24,False,GNB,PIT,A,W,27,10,,2,26,0,0,0,0,0,0,0,0,,,2.6,4.6,10337,False,targets;fum_rec_td;ret_td,PFR+RULE2PT,19571124-GNB-PIT,False,ret_td;fum_rec_td,False,True,ret_td;fum_rec_td,
Billy Howton,1957,10,1957-11-28,False,GNB,DET,A,L,6,18,,5,40,0,0,0,0,0,0,0,0,,,4.0,9.0,10337,False,targets;fum_rec_td;ret_td,PFR+RULE2PT,19571128-GNB-DET,False,ret_td;fum_rec_td,False,True,ret_td;fum_rec_td,
Billy Howton,1957,11,1957-12-08,False,GNB,RAM,A,L,17,42,,2,37,0,1,11,0,0,0,0,0,,,4.8,6.8,10337,False,targets;fum_rec_td;ret_td,PFR+RULE2PT,19571208-GNB-RAM,False,ret_td;fum_rec_td,False,True,ret_td;fum_rec_td,
Billy Howton,1957,12,1957-12-15,False,GNB,SFO,A,L,20,27,,3,43,0,0,0,0,0,0,0,0,,,4.3,7.3,10337,False,targets;fum_rec_td;ret_td,PFR+RULE2PT,19571215-GNB-SFO,False,ret_td;fum_rec_td,False,True,ret_td;fum_rec_td,
Billy Howton,1958,1,1958-09-28,False,GNB,CHI,H,L,20,34,,2,17,0,0,0,0,0,0,0,0,,,1.7,3.7,10337,False,targets;fum_rec_td;ret_td,PFR+RULE2PT,19580928-CHI-GNB,False,ret_td;fum_rec_td,False,True,ret_td;fum_rec_td,
Billy Howton,1958,2,1958-10-05,False,GNB,DET,H,T,13,13,,1,19,0,0,0,0,0,0,0,0,,,1.9,2.9,10337,False,targets;fum_rec_td;ret_td,PFR+RULE2PT,19581005-DET-GNB,False,ret_td;fum_rec_td,False,True,ret_td;fum_rec_td,
Billy Howton,1958,3,1958-10-12,False,GNB,BAL,H,L,17,24,,7,92,0,0,0,0,0,0,0,0,,,9.2,16.2,10337,False,targets;fum_rec_td;ret_td,PFR+RULE2PT,19581012-BAL-GNB,False,ret_td;fum_rec_td,False,True,ret_td;fum_rec_td,
Billy Howton,1958,4,1958-10-19,False,GNB,WAS,A,L,21,37,,5,130,0,0,0,0,0,0,0,0,,,13.0,18.0,10337,False,targets;fum_rec_td;ret_td,PFR+RULE2PT,19581019-GNB-WAS,False,ret_td;fum_rec_td,False,True,ret_td;fum_rec_td,
Billy Howton,1958,5,1958-10-26,False,GNB,PHI,H,W,38,35,,4,47,0,0,0,0,0,0,0,0,,,4.7,8.7,10337,False,targets;fum_rec_td;ret_td,PFR+RULE2PT,19581026-PHI-GNB,False,ret_td;fum_rec_td,False,True,ret_td;fum_rec_td,
Billy Howton,1958,6,1958-11-02,False,GNB,BAL,A,L,0,56,,1,6,0,0,0,0,0,0,0,0,,,0.6,1.6,10337,False,targets;fum_rec_td;ret_td,PFR+RULE2PT,19581102-GNB-BAL,False,ret_td;fum_rec_td,False,True,ret_td;fum_rec_td,
Billy Howton,1958,8,1958-11-16,False,GNB,RAM,H,L,7,20,,5,50,0,0,0,0,0,0,0,0,,,5.0,10.0,10337,False,targets;fum_rec_td;ret_td,PFR+RULE2PT,19581116-RAM-GNB,False,ret_td;fum_rec_td,False,True,ret_td;fum_rec_td,
Billy Howton,1958,9,1958-11-23,False,GNB,SFO,H,L,12,33,,4,43,1,0,0,0,0,0,0,0,,,10.3,14.3,10337,False,targets;fum_rec_td;ret_td,PFR+RULE2PT,19581123-SFO-GNB,False,ret_td;fum_rec_td,False,True,ret_td;fum_rec_td,
Billy Howton,1958,10,1958-11-27,False,GNB,DET,A,L,14,24,,1,25,0,0,0,0,0,0,0,0,,,2.5,3.5,10337,False,targets;fum_rec_td;ret_td,PFR+RULE2PT,19581127-GNB-DET,False,ret_td;fum_rec_td,False,True,ret_td;fum_rec_td,
Billy Howton,1958,11,1958-12-07,False,GNB,SFO,A,L,21,48,,5,69,1,0,0,0,0,0,0,0,,,12.9,17.9,10337,False,targets;fum_rec_td;ret_td,PFR+RULE2PT,19581207-GNB-SFO,False,ret_td;fum_rec_td,False,True,ret_td;fum_rec_td,
Billy Howton,1958,12,1958-12-14,False,GNB,RAM,A,L,20,34,,1,9,0,0,0,0,0,0,0,0,,,0.9,1.9,10337,False,targets;fum_rec_td;ret_td,PFR+RULE2PT,19581214-GNB-RAM,False,ret_td;fum_rec_td,False,True,ret_td;fum_rec_td,
Billy Howton,1959,1,1959-09-26,False,CLE,PIT,A,L,7,17,,4,57,0,0,0,0,0,0,0,0,,,5.7,9.7,10337,False,targets;fum_rec_td;ret_td,PFR+RULE2PT,19590926-CLE-PIT,False,ret_td;fum_rec_td,False,True,ret_td;fum_rec_td,
Billy Howton,1959,2,1959-10-04,False,CLE,CRD,A,W,34,7,,2,43,1,0,0,0,0,0,0,0,,,10.3,12.3,10337,False,targets;fum_rec_td;ret_td,PFR+RULE2PT,19591004-CLE-CRD,False,ret_td;fum_rec_td,False,True,ret_td;fum_rec_td,
Billy Howton,1959,3,1959-10-11,False,CLE,NYG,H,L,6,10,,7,82,0,0,0,0,0,0,0,0,,,8.2,15.2,10337,False,targets;fum_rec_td;ret_td,PFR+RULE2PT,19591011-NYG-CLE,False,ret_td;fum_rec_td,False,True,ret_td;fum_rec_td,
Billy Howton,1959,5,1959-10-25,False,CLE,WAS,H,W,34,7,,3,27,0,0,0,0,0,0,0,0,,,2.7,5.7,10337,False,targets;fum_rec_td;ret_td,PFR+RULE2PT,19591025-WAS-CLE,False,ret_td;fum_rec_td,False,True,ret_td;fum_rec_td,
Billy Howton,1959,6,1959-11-01,False,CLE,BAL,A,W,38,31,,3,48,0,0,0,0,0,0,0,0,,,4.8,7.8,10337,False,targets;fum_rec_td;ret_td,PFR+RULE2PT,19591101-CLE-BAL,False,ret_td;fum_rec_td,False,True,ret_td;fum_rec_td,
Billy Howton,1959,7,1959-11-08,False,CLE,PHI,H,W,28,7,,4,62,0,0,0,0,0,0,0,0,,,6.2,10.2,10337,False,targets;fum_rec_td;ret_td,PFR+RULE2PT,19591108-PHI-CLE,False,ret_td;fum_rec_td,False,True,ret_td;fum_rec_td,
Billy Howton,1959,8,1959-11-15,False,CLE,WAS,A,W,31,17,,3,20,0,0,0,0,0,0,0,0,,,2.0,5.0,10337,False,targets;fum_rec_td;ret_td,PFR+RULE2PT,19591115-CLE-WAS,False,ret_td;fum_rec_td,False,True,ret_td;fum_rec_td,
Billy Howton,1959,9,1959-11-22,False,CLE,PIT,H,L,20,21,,5,77,0,0,0,0,0,0,0,0,,,7.7,12.7,10337,False,targets;fum_rec_td;ret_td,PFR+RULE2PT,19591122-PIT-CLE,False,ret_td;fum_rec_td,False,True,ret_td;fum_rec_td,
Billy Howton,1959,10,1959-11-29,False,CLE,SFO,H,L,20,21,,2,26,0,0,0,0,0,0,0,0,,,2.6,4.6,10337,False,targets;fum_rec_td;ret_td,PFR+RULE2PT,19591129-SFO-CLE,False,ret_td;fum_rec_td,False,True,ret_td;fum_rec_td,
Billy Howton,1959,11,1959-12-06,False,CLE,NYG,A,L,7,48,,1,7,0,0,0,0,0,0,0,0,,,0.7,1.7,10337,False,targets;fum_rec_td;ret_td,PFR+RULE2PT,19591206-CLE-NYG,False,ret_td;fum_rec_td,False,True,ret_td;fum_rec_td,
Billy Howton,1959,12,1959-12-13,False,CLE,PHI,A,W,28,21,,5,61,0,0,0,0,0,0,0,0,,,6.1,11.1,10337,False,targets;fum_rec_td;ret_td,PFR+RULE2PT,19591213-CLE-PHI,False,ret_td;fum_rec_td,False,True,ret_td;fum_rec_td,
Jimmy Orr,1958,1,1958-09-28,False,PIT,SFO,A,L,20,23,,1,12,0,0,0,0,0,0,0,0,,,1.2,2.2,16864,False,targets;fum_rec_td;ret_td,PFR+RULE2PT,19580928-PIT-SFO,False,ret_td;fum_rec_td,False,True,ret_td;fum_rec_td,
Jimmy Orr,1958,2,1958-10-05,False,PIT,CLE,H,L,12,45,,1,66,0,0,0,0,0,0,0,0,,,6.6,7.6,16864,False,targets;fum_rec_td;ret_td,PFR+RULE2PT,19581005-CLE-PIT,False,ret_td;fum_rec_td,False,True,ret_td;fum_rec_td,
Jimmy Orr,1958,3,1958-10-12,False,PIT,PHI,H,W,24,3,,1,7,0,0,0,0,0,0,0,0,,,0.7,1.7,16864,False,targets;fum_rec_td;ret_td,PFR+RULE2PT,19581012-PHI-PIT,False,ret_td;fum_rec_td,False,True,ret_td;fum_rec_td,
Jimmy Orr,1958,4,1958-10-19,False,PIT,CLE,A,L,10,27,,3,32,0,0,0,0,0,0,0,0,,,3.2,6.2,16864,False,targets;fum_rec_td;ret_td,PFR+RULE2PT,19581019-PIT-CLE,False,ret_td;fum_rec_td,False,True,ret_td;fum_rec_td,
Jimmy Orr,1958,5,1958-10-26,False,PIT,NYG,A,L,6,17,,2,16,0,0,0,0,0,0,0,0,,,1.6,3.6,16864,False,targets;fum_rec_td;ret_td,PFR+RULE2PT,19581026-PIT-NYG,False,ret_td;fum_rec_td,False,True,ret_td;fum_rec_td,
Jimmy Orr,1958,6,1958-11-02,False,PIT,WAS,H,W,24,16,,5,133,1,0,0,0,0,0,0,0,,,19.3,24.3,16864,False,targets;fum_rec_td;ret_td,PFR+RULE2PT,19581102-WAS-PIT,False,ret_td;fum_rec_td,False,True,ret_td;fum_rec_td,
Jimmy Orr,1958,7,1958-11-09,False,PIT,PHI,A,W,31,24,,2,37,0,0,0,0,0,0,0,0,,,3.7,5.7,16864,False,targets;fum_rec_td;ret_td,PFR+RULE2PT,19581109-PIT-PHI,False,ret_td;fum_rec_td,False,True,ret_td;fum_rec_td,
Jimmy Orr,1958,9,1958-11-23,False,PIT,CRD,A,W,27,20,,3,116,1,0,0,0,0,0,0,0,,,17.6,20.6,16864,False,targets;fum_rec_td;ret_td,PFR+RULE2PT,19581123-PIT-CRD,False,ret_td;fum_rec_td,False,True,ret_td;fum_rec_td,
Jimmy Orr,1958,10,1958-11-30,False,PIT,CHI,H,W,24,10,,5,163,1,0,0,0,0,0,0,0,,,22.3,27.3,16864,False,targets;fum_rec_td;ret_td,PFR+RULE2PT,19581130-CHI-PIT,False,ret_td;fum_rec_td,False,True,ret_td;fum_rec_td,
Jimmy Orr,1958,11,1958-12-07,False,PIT,WAS,A,T,14,14,,4,123,1,1,8,0,0,0,0,0,,,19.1,23.1,16864,False,targets;fum_rec_td;ret_td,PFR+RULE2PT,19581207-PIT-WAS,False,ret_td;fum_rec_td,False,True,ret_td;fum_rec_td,
Jimmy Orr,1958,12,1958-12-13,False,PIT,CRD,H,W,38,21,,6,205,3,0,0,0,0,0,0,0,,,38.5,44.5,16864,False,targets;fum_rec_td;ret_td,PFR+RULE2PT,19581213-CRD-PIT,False,ret_td;fum_rec_td,False,True,ret_td;fum_rec_td,
Jimmy Orr,1959,1,1959-09-26,False,PIT,CLE,H,W,17,7,,6,89,1,0,0,0,0,0,0,0,,,14.9,20.9,16864,False,targets;fum_rec_td;ret_td,PFR+RULE2PT,19590926-CLE-PIT,False,ret_td;fum_rec_td,False,True,ret_td;fum_rec_td,
Jimmy Orr,1959,2,1959-10-04,False,PIT,WAS,H,L,17,23,,5,57,0,0,0,0,0,0,0,0,,,5.7,10.7,16864,False,targets;fum_rec_td;ret_td,PFR+RULE2PT,19591004-WAS-PIT,False,ret_td;fum_rec_td,False,True,ret_td;fum_rec_td,
Jimmy Orr,1959,3,1959-10-11,False,PIT,PHI,A,L,24,28,,2,28,1,0,0,0,0,0,0,0,,,8.8,10.8,16864,False,targets;fum_rec_td;ret_td,PFR+RULE2PT,19591011-PIT-PHI,False,ret_td;fum_rec_td,False,True,ret_td;fum_rec_td,
Jimmy Orr,1959,4,1959-10-18,False,PIT,WAS,A,W,27,6,,1,15,0,1,3,0,0,0,0,0,,,1.8,2.8,16864,False,targets;fum_rec_td;ret_td,PFR+RULE2PT,19591018-PIT-WAS,False,ret_td;fum_rec_td,False,True,ret_td;fum_rec_td,
Jimmy Orr,1959,5,1959-10-25,False,PIT,NYG,H,L,16,21,,2,48,0,0,0,0,0,0,0,0,,,4.8,6.8,16864,False,targets;fum_rec_td;ret_td,PFR+RULE2PT,19591025-NYG-PIT,False,ret_td;fum_rec_td,False,True,ret_td;fum_rec_td,
Jimmy Orr,1959,6,1959-11-01,False,PIT,CRD,A,L,24,45,,2,51,0,1,-5,0,0,0,0,0,,,4.6,6.6,16864,False,targets;fum_rec_td;ret_td,PFR+RULE2PT,19591101-PIT-CRD,False,ret_td;fum_rec_td,False,True,ret_td;fum_rec_td,
Jimmy Orr,1959,7,1959-11-08,False,PIT,DET,H,T,10,10,,1,10,0,0,0,0,0,0,0,0,,,1.0,2.0,16864,False,targets;fum_rec_td;ret_td,PFR+RULE2PT,19591108-DET-PIT,False,ret_td;fum_rec_td,False,True,ret_td;fum_rec_td,
Jimmy Orr,1959,8,1959-11-15,False,PIT,NYG,A,W,14,9,,5,61,1,0,0,0,0,0,0,0,,,12.1,17.1,16864,False,targets;fum_rec_td;ret_td,PFR+RULE2PT,19591115-PIT-NYG,False,ret_td;fum_rec_td,False,True,ret_td;fum_rec_td,
Jimmy Orr,1959,9,1959-11-22,False,PIT,CLE,A,W,21,20,,4,86,0,0,0,0,0,0,0,0,,,8.6,12.6,16864,False,targets;fum_rec_td;ret_td,PFR+RULE2PT,19591122-PIT-CLE,False,ret_td;fum_rec_td,False,True,ret_td;fum_rec_td,
Jimmy Orr,1959,10,1959-11-29,False,PIT,PHI,H,W,31,0,,4,78,1,2,45,0,0,0,0,0,,,18.3,22.3,16864,False,targets;fum_rec_td;ret_td,PFR+RULE2PT,19591129-PHI-PIT,False,ret_td;fum_rec_td,False,True,ret_td;fum_rec_td,
Jimmy Orr,1959,11,1959-12-06,False,PIT,CHI,A,L,21,27,,0,0,0,0,0,0,0,0,0,0,,,0.0,0.0,16864,False,targets;fum_rec_td;ret_td,PFR+RULE2PT,19591206-PIT-CHI,False,ret_td;fum_rec_td,False,True,ret_td;fum_rec_td,
Jimmy Orr,1959,12,1959-12-13,False,PIT,CRD,H,W,35,20,,3,81,1,1,0,0,0,0,0,0,,,14.1,17.1,16864,False,targets;fum_rec_td;ret_td,PFR+RULE2PT,19591213-CRD-PIT,False,ret_td;fum_rec_td,False,True,ret_td;fum_rec_td,
Boyd Dowler,1959,4,1959-10-18,False,GNB,RAM,H,L,6,45,,1,11,0,0,0,0,0,0,0,0,,,1.1,2.1,5906,False,targets;fum_rec_td;ret_td,PFR+RULE2PT,19591018-RAM-GNB,False,ret_td;fum_rec_td,False,True,ret_td;fum_rec_td,
Boyd Dowler,1959,5,1959-10-25,False,GNB,BAL,A,L,21,38,,2,25,1,0,0,0,0,0,0,0,,,8.5,10.5,5906,False,targets;fum_rec_td;ret_td,PFR+RULE2PT,19591025-GNB-BAL,False,ret_td;fum_rec_td,False,True,ret_td;fum_rec_td,
Boyd Dowler,1959,6,1959-11-01,False,GNB,NYG,A,L,3,20,,2,21,0,0,0,0,0,0,0,0,,,2.1,4.1,5906,False,targets;fum_rec_td;ret_td,PFR+RULE2PT,19591101-GNB-NYG,False,ret_td;fum_rec_td,False,True,ret_td;fum_rec_td,
Boyd Dowler,1959,7,1959-11-08,False,GNB,CHI,A,L,17,28,,2,40,0,0,0,0,0,0,0,0,,,4.0,6.0,5906,False,targets;fum_rec_td;ret_td,PFR+RULE2PT,19591108-GNB-CHI,False,ret_td;fum_rec_td,False,True,ret_td;fum_rec_td,
Boyd Dowler,1959,8,1959-11-15,False,GNB,BAL,H,L,24,28,,8,147,0,0,0,0,0,0,0,0,,,14.7,22.7,5906,False,targets;fum_rec_td;ret_td,PFR+RULE2PT,19591115-BAL-GNB,False,ret_td;fum_rec_td,False,True,ret_td;fum_rec_td,
Boyd Dowler,1959,9,1959-11-22,False,GNB,WAS,H,W,21,0,,3,48,0,0,0,0,0,0,0,0,,,4.8,7.8,5906,False,targets;fum_rec_td;ret_td,PFR+RULE2PT,19591122-WAS-GNB,False,ret_td;fum_rec_td,False,True,ret_td;fum_rec_td,
Boyd Dowler,1959,10,1959-11-26,False,GNB,DET,A,W,24,17,,4,107,0,0,0,0,0,0,0,0,,,10.7,14.7,5906,False,targets;fum_rec_td;ret_td,PFR+RULE2PT,19591126-GNB-DET,False,ret_td;fum_rec_td,False,True,ret_td;fum_rec_td,
Boyd Dowler,1959,11,1959-12-06,False,GNB,RAM,A,W,38,20,,4,89,2,1,20,0,0,0,0,0,,,22.9,26.9,5906,False,targets;fum_rec_td;ret_td,PFR+RULE2PT,19591206-GNB-RAM,False,ret_td;fum_rec_td,False,True,ret_td;fum_rec_td,
Boyd Dowler,1959,12,1959-12-13,False,GNB,SFO,A,W,36,14,,6,61,1,0,0,0,0,0,0,0,,,12.1,18.1,5906,False,targets;fum_rec_td;ret_td,PFR+RULE2PT,19591213-GNB-SFO,False,ret_td;fum_rec_td,False,True,ret_td;fum_rec_td,
Pete Retzlaff,1956,4,1956-10-21,False,PHI,CRD,H,L,6,20,,2,22,0,0,0,0,0,0,0,0,,,2.2,4.2,18488,False,targets;fum_rec_td;ret_td,PFR+RULE2PT,19561021-CRD-PHI,False,ret_td;fum_rec_td,False,True,ret_td;fum_rec_td,
Pete Retzlaff,1956,5,1956-10-28,False,PHI,NYG,A,L,3,20,,1,18,0,0,0,0,0,0,0,0,,,1.8,2.8,18488,False,targets;fum_rec_td;ret_td,PFR+RULE2PT,19561028-PHI-NYG,False,ret_td;fum_rec_td,False,True,ret_td;fum_rec_td,
Pete Retzlaff,1956,6,1956-11-04,False,PHI,CRD,A,L,17,28,,5,62,0,0,0,0,0,0,0,0,,,6.2,11.2,18488,False,targets;fum_rec_td;ret_td,PFR+RULE2PT,19561104-PHI-CRD,False,ret_td;fum_rec_td,False,True,ret_td;fum_rec_td,
Pete Retzlaff,1956,10,1956-12-02,False,PHI,CLE,A,L,14,17,,1,20,0,0,0,0,0,0,0,0,,,2.0,3.0,18488,False,targets;fum_rec_td;ret_td,PFR+RULE2PT,19561202-PHI-CLE,False,ret_td;fum_rec_td,False,True,ret_td;fum_rec_td,
Pete Retzlaff,1956,11,1956-12-09,False,PHI,WAS,A,L,17,19,,2,30,0,0,0,0,0,0,0,0,,,3.0,5.0,18488,False,targets;fum_rec_td;ret_td,PFR+RULE2PT,19561209-PHI-WAS,False,ret_td;fum_rec_td,False,True,ret_td;fum_rec_td,
Pete Retzlaff,1956,12,1956-12-15,False,PHI,NYG,H,L,7,21,,1,7,0,0,0,0,0,0,0,0,,,0.7,1.7,18488,False,targets;fum_rec_td;ret_td,PFR+RULE2PT,19561215-NYG-PHI,False,ret_td;fum_rec_td,False,True,ret_td;fum_rec_td,
Pete Retzlaff,1957,3,1957-10-13,False,PHI,CLE,A,L,7,24,,4,52,0,0,0,0,0,0,0,0,,,5.2,9.2,18488,False,targets;fum_rec_td;ret_td,PFR+RULE2PT,19571013-PHI-CLE,False,ret_td;fum_rec_td,False,True,ret_td;fum_rec_td,
Pete Retzlaff,1957,6,1957-11-03,False,PHI,CRD,A,W,38,21,,3,40,0,0,0,0,0,0,0,0,,,4.0,7.0,18488,False,targets;fum_rec_td;ret_td,PFR+RULE2PT,19571103-PHI-CRD,False,ret_td;fum_rec_td,False,True,ret_td;fum_rec_td,
Pete Retzlaff,1957,7,1957-11-10,False,PHI,DET,H,L,16,27,,3,28,0,0,0,0,0,0,0,0,,,2.8,5.8,18488,False,targets;fum_rec_td;ret_td,PFR+RULE2PT,19571110-DET-PHI,False,ret_td;fum_rec_td,False,True,ret_td;fum_rec_td,
Pete Retzlaff,1958,1,1958-09-28,False,PHI,WAS,H,L,14,24,,7,79,0,0,0,0,0,0,0,0,,,7.9,14.9,18488,False,targets;fum_rec_td;ret_td,PFR+RULE2PT,19580928-WAS-PHI,False,ret_td;fum_rec_td,False,True,ret_td;fum_rec_td,
Pete Retzlaff,1958,2,1958-10-05,False,PHI,NYG,H,W,27,24,,3,56,0,0,0,0,0,0,0,0,,,5.6,8.6,18488,False,targets;fum_rec_td;ret_td,PFR+RULE2PT,19581005-NYG-PHI,False,ret_td;fum_rec_td,False,True,ret_td;fum_rec_td,
Pete Retzlaff,1958,3,1958-10-12,False,PHI,PIT,A,L,3,24,,5,55,0,0,0,0,0,0,0,0,,,5.5,10.5,18488,False,targets;fum_rec_td;ret_td,PFR+RULE2PT,19581012-PHI-PIT,False,ret_td;fum_rec_td,False,True,ret_td;fum_rec_td,
Pete Retzlaff,1958,4,1958-10-19,False,PHI,SFO,H,L,24,30,,1,20,0,0,0,0,0,0,0,0,,,2.0,3.0,18488,False,targets;fum_rec_td;ret_td,PFR+RULE2PT,19581019-SFO-PHI,False,ret_td;fum_rec_td,False,True,ret_td;fum_rec_td,
Pete Retzlaff,1958,5,1958-10-26,False,PHI,GNB,A,L,35,38,,6,121,0,1,-4,0,0,0,0,0,,,11.7,17.7,18488,False,targets;fum_rec_td;ret_td,PFR+RULE2PT,19581026-PHI-GNB,False,ret_td;fum_rec_td,False,True,ret_td;fum_rec_td,
Pete Retzlaff,1958,6,1958-11-02,False,PHI,CRD,A,T,21,21,,7,99,1,0,0,0,0,0,0,0,,,15.9,22.9,18488,False,targets;fum_rec_td;ret_td,PFR+RULE2PT,19581102-PHI-CRD,False,ret_td;fum_rec_td,False,True,ret_td;fum_rec_td,
Pete Retzlaff,1958,7,1958-11-09,False,PHI,PIT,H,L,24,31,,5,61,1,0,0,0,0,0,0,0,,,12.1,17.1,18488,False,targets;fum_rec_td;ret_td,PFR+RULE2PT,19581109-PIT-PHI,False,ret_td;fum_rec_td,False,True,ret_td;fum_rec_td,
Pete Retzlaff,1958,8,1958-11-16,False,PHI,CRD,H,W,49,21,,4,62,0,0,0,0,0,0,0,0,,,6.2,10.2,18488,False,targets;fum_rec_td;ret_td,PFR+RULE2PT,19581116-CRD-PHI,False,ret_td;fum_rec_td,False,True,ret_td;fum_rec_td,
Pete Retzlaff,1958,9,1958-11-23,False,PHI,CLE,A,L,14,28,,5,47,0,0,0,0,0,0,0,0,,,4.7,9.7,18488,False,targets;fum_rec_td;ret_td,PFR+RULE2PT,19581123-PHI-CLE,False,ret_td;fum_rec_td,False,True,ret_td;fum_rec_td,
Pete Retzlaff,1958,10,1958-11-30,False,PHI,NYG,A,L,10,24,,5,64,0,0,0,0,0,0,0,0,,,6.4,11.4,18488,False,targets;fum_rec_td;ret_td,PFR+RULE2PT,19581130-PHI-NYG,False,ret_td;fum_rec_td,False,True,ret_td;fum_rec_td,
Pete Retzlaff,1958,11,1958-12-07,False,PHI,CLE,H,L,14,21,,4,47,0,0,0,0,0,0,0,0,,,4.7,8.7,18488,False,targets;fum_rec_td;ret_td,PFR+RULE2PT,19581207-CLE-PHI,False,ret_td;fum_rec_td,False,True,ret_td;fum_rec_td,
Pete Retzlaff,1958,12,1958-12-14,False,PHI,WAS,A,L,0,20,,4,55,0,0,0,0,0,0,0,0,,,5.5,9.5,18488,False,targets;fum_rec_td;ret_td,PFR+RULE2PT,19581214-PHI-WAS,False,ret_td;fum_rec_td,False,True,ret_td;fum_rec_td,
Pete Retzlaff,1959,3,1959-10-11,False,PHI,PIT,H,W,28,24,,0,0,0,1,-6,0,0,0,0,0,,,-0.6,-0.6,18488,False,targets;fum_rec_td;ret_td,PFR+RULE2PT,19591011-PIT-PHI,False,ret_td;fum_rec_td,False,True,ret_td;fum_rec_td,
Pete Retzlaff,1959,4,1959-10-18,False,PHI,NYG,A,L,7,24,,1,24,0,0,0,0,0,0,0,0,,,2.4,3.4,18488,False,targets;fum_rec_td;ret_td,PFR+RULE2PT,19591018-PHI-NYG,False,ret_td;fum_rec_td,False,True,ret_td;fum_rec_td,
Pete Retzlaff,1959,5,1959-10-25,False,PHI,CRD,A,W,28,24,,6,82,0,0,0,0,0,0,0,0,,,8.2,14.2,18488,False,targets;fum_rec_td;ret_td,PFR+RULE2PT,19591025-PHI-CRD,False,ret_td;fum_rec_td,False,True,ret_td;fum_rec_td,
Pete Retzlaff,1959,6,1959-11-01,False,PHI,WAS,H,W,30,23,,2,35,0,0,0,0,0,0,0,0,,,3.5,5.5,18488,False,targets;fum_rec_td;ret_td,PFR+RULE2PT,19591101-WAS-PHI,False,ret_td;fum_rec_td,False,True,ret_td;fum_rec_td,
Pete Retzlaff,1959,7,1959-11-08,False,PHI,CLE,A,L,7,28,,6,94,0,0,0,0,0,0,0,0,,,9.4,15.4,18488,False,targets;fum_rec_td;ret_td,PFR+RULE2PT,19591108-PHI-CLE,False,ret_td;fum_rec_td,False,True,ret_td;fum_rec_td,
Pete Retzlaff,1959,8,1959-11-15,False,PHI,CRD,H,W,27,17,,5,137,1,0,0,0,0,0,0,0,,,19.7,24.7,18488,False,targets;fum_rec_td;ret_td,PFR+RULE2PT,19591115-CRD-PHI,False,ret_td;fum_rec_td,False,True,ret_td;fum_rec_td,
Pete Retzlaff,1959,9,1959-11-22,False,PHI,RAM,H,W,23,20,,3,40,0,0,0,0,0,0,0,0,,,4.0,7.0,18488,False,targets;fum_rec_td;ret_td,PFR+RULE2PT,19591122-RAM-PHI,False,ret_td;fum_rec_td,False,True,ret_td;fum_rec_td,
Pete Retzlaff,1959,10,1959-11-29,False,PHI,PIT,A,L,0,31,,1,7,0,1,-5,0,0,0,0,0,,,0.2,1.2,18488,False,targets;fum_rec_td;ret_td,PFR+RULE2PT,19591129-PHI-PIT,False,ret_td;fum_rec_td,False,True,ret_td;fum_rec_td,
Pete Retzlaff,1959,11,1959-12-06,False,PHI,WAS,A,W,34,14,,6,95,0,0,0,0,0,0,0,0,,,9.5,15.5,18488,False,targets;fum_rec_td;ret_td,PFR+RULE2PT,19591206-PHI-WAS,False,ret_td;fum_rec_td,False,True,ret_td;fum_rec_td,
Pete Retzlaff,1959,12,1959-12-13,False,PHI,CLE,H,L,21,28,,4,81,0,0,0,0,0,0,0,0,,,8.1,12.1,18488,False,targets;fum_rec_td;ret_td,PFR+RULE2PT,19591213-CLE-PHI,False,ret_td;fum_rec_td,False,True,ret_td;fum_rec_td,
Del Shofner,1958,1,1958-09-28,False,RAM,CLE,H,L,27,30,,6,149,1,0,0,0,0,0,0,0,,,20.9,26.9,20170,False,targets;fum_rec_td;ret_td,PFR+RULE2PT,19580928-CLE-RAM,False,ret_td;fum_rec_td,False,True,ret_td;fum_rec_td,
Del Shofner,1958,2,1958-10-05,False,RAM,SFO,A,W,33,3,,5,65,1,0,0,0,0,0,0,0,,,12.5,17.5,20170,False,targets;fum_rec_td;ret_td,PFR+RULE2PT,19581005-RAM-SFO,False,ret_td;fum_rec_td,False,True,ret_td;fum_rec_td,
Del Shofner,1958,3,1958-10-12,False,RAM,DET,A,W,42,28,,4,96,0,0,0,0,0,0,0,0,,,9.6,13.6,20170,False,targets;fum_rec_td;ret_td,PFR+RULE2PT,19581012-RAM-DET,False,ret_td;fum_rec_td,False,True,ret_td;fum_rec_td,
Del Shofner,1958,4,1958-10-19,False,RAM,CHI,A,L,10,31,,4,114,1,0,0,0,0,0,0,0,,,17.4,21.4,20170,False,targets;fum_rec_td;ret_td,PFR+RULE2PT,19581019-RAM-CHI,False,ret_td;fum_rec_td,False,True,ret_td;fum_rec_td,
Del Shofner,1958,5,1958-10-26,False,RAM,DET,H,L,24,41,,4,79,1,0,0,0,0,0,0,0,,,13.9,17.9,20170,False,targets;fum_rec_td;ret_td,PFR+RULE2PT,19581026-DET-RAM,False,ret_td;fum_rec_td,False,True,ret_td;fum_rec_td,
Del Shofner,1958,6,1958-11-02,False,RAM,CHI,H,W,41,35,,4,29,0,0,0,0,0,0,0,0,,,2.9,6.9,20170,False,targets;fum_rec_td;ret_td,PFR+RULE2PT,19581102-CHI-RAM,False,ret_td;fum_rec_td,False,True,ret_td;fum_rec_td,
Del Shofner,1958,7,1958-11-09,False,RAM,SFO,H,W,56,7,,2,136,2,0,0,0,0,0,0,0,,,25.6,27.6,20170,False,targets;fum_rec_td;ret_td,PFR+RULE2PT,19581109-SFO-RAM,False,ret_td;fum_rec_td,False,True,ret_td;fum_rec_td,
Del Shofner,1958,8,1958-11-16,False,RAM,GNB,A,W,20,7,,3,46,0,0,0,0,0,0,0,0,,,4.6,7.6,20170,False,targets;fum_rec_td;ret_td,PFR+RULE2PT,19581116-RAM-GNB,False,ret_td;fum_rec_td,False,True,ret_td;fum_rec_td,
Del Shofner,1958,9,1958-11-23,False,RAM,BAL,A,L,7,34,,8,110,0,0,0,0,0,0,0,0,,,11.0,19.0,20170,False,targets;fum_rec_td;ret_td,PFR+RULE2PT,19581123-RAM-BAL,False,ret_td;fum_rec_td,False,True,ret_td;fum_rec_td,
Del Shofner,1958,10,1958-11-30,False,RAM,CRD,A,W,20,14,,4,51,0,0,0,0,0,0,0,0,,,5.1,9.1,20170,False,targets;fum_rec_td;ret_td,PFR+RULE2PT,19581130-RAM-CRD,False,ret_td;fum_rec_td,False,True,ret_td;fum_rec_td,
Del Shofner,1958,11,1958-12-06,False,RAM,BAL,H,W,30,28,,5,175,1,0,0,0,0,0,0,0,,,23.5,28.5,20170,False,targets;fum_rec_td;ret_td,PFR+RULE2PT,19581206-BAL-RAM,False,ret_td;fum_rec_td,False,True,ret_td;fum_rec_td,
Del Shofner,1958,12,1958-12-14,False,RAM,GNB,H,W,34,20,,2,47,1,0,0,0,0,0,0,0,,,10.7,12.7,20170,False,targets;fum_rec_td;ret_td,PFR+RULE2PT,19581214-GNB-RAM,False,ret_td;fum_rec_td,False,True,ret_td;fum_rec_td,
Del Shofner,1959,1,1959-09-26,False,RAM,NYG,H,L,21,23,,5,130,1,0,0,0,0,0,0,0,,,19.0,24.0,20170,False,targets;fum_rec_td;ret_td,PFR+RULE2PT,19590926-NYG-RAM,False,ret_td;fum_rec_td,False,True,ret_td;fum_rec_td,
Del Shofner,1959,2,1959-10-04,False,RAM,SFO,A,L,0,34,,1,7,0,1,6,0,0,0,0,0,,,1.3,2.3,20170,False,targets;fum_rec_td;ret_td,PFR+RULE2PT,19591004-RAM-SFO,False,ret_td;fum_rec_td,False,True,ret_td;fum_rec_td,
Del Shofner,1959,3,1959-10-11,False,RAM,CHI,A,W,28,21,,5,72,1,0,0,0,0,0,0,0,,,13.2,18.2,20170,False,targets;fum_rec_td;ret_td,PFR+RULE2PT,19591011-RAM-CHI,False,ret_td;fum_rec_td,False,True,ret_td;fum_rec_td,
Del Shofner,1959,4,1959-10-18,False,RAM,GNB,A,W,45,6,,3,63,2,0,0,0,0,0,0,0,,,18.3,21.3,20170,False,targets;fum_rec_td;ret_td,PFR+RULE2PT,19591018-RAM-GNB,False,ret_td;fum_rec_td,False,True,ret_td;fum_rec_td,
Del Shofner,1959,5,1959-10-25,False,RAM,DET,H,L,7,17,,5,88,0,0,0,0,0,0,0,0,,,8.8,13.8,20170,False,targets;fum_rec_td;ret_td,PFR+RULE2PT,19591025-DET-RAM,False,ret_td;fum_rec_td,False,True,ret_td;fum_rec_td,
Del Shofner,1959,6,1959-11-01,False,RAM,CHI,H,L,21,26,,3,84,1,0,0,0,0,0,0,0,,,14.4,17.4,20170,False,targets;fum_rec_td;ret_td,PFR+RULE2PT,19591101-CHI-RAM,False,ret_td;fum_rec_td,False,True,ret_td;fum_rec_td,
Del Shofner,1959,7,1959-11-08,False,RAM,SFO,H,L,16,24,,4,35,0,0,0,0,0,0,0,0,,,3.5,7.5,20170,False,targets;fum_rec_td;ret_td,PFR+RULE2PT,19591108-SFO-RAM,False,ret_td;fum_rec_td,False,True,ret_td;fum_rec_td,
Del Shofner,1959,8,1959-11-15,False,RAM,DET,A,L,17,23,,5,169,1,0,0,0,0,0,0,0,,,22.9,27.9,20170,False,targets;fum_rec_td;ret_td,PFR+RULE2PT,19591115-RAM-DET,False,ret_td;fum_rec_td,False,True,ret_td;fum_rec_td,
Del Shofner,1959,9,1959-11-22,False,RAM,PHI,A,L,20,23,,3,19,0,0,0,0,0,0,0,0,,,1.9,4.9,20170,False,targets;fum_rec_td;ret_td,PFR+RULE2PT,19591122-RAM-PHI,False,ret_td;fum_rec_td,False,True,ret_td;fum_rec_td,
Del Shofner,1959,10,1959-11-29,False,RAM,BAL,A,L,21,35,,3,113,1,0,0,0,0,0,0,0,,,17.3,20.3,20170,False,targets;fum_rec_td;ret_td,PFR+RULE2PT,19591129-RAM-BAL,False,ret_td;fum_rec_td,False,True,ret_td;fum_rec_td,
Del Shofner,1959,11,1959-12-06,False,RAM,GNB,H,L,20,38,,5,75,0,0,0,0,0,0,0,0,,,7.5,12.5,20170,False,targets;fum_rec_td;ret_td,PFR+RULE2PT,19591206-GNB-RAM,False,ret_td;fum_rec_td,False,True,ret_td;fum_rec_td,
Del Shofner,1959,12,1959-12-12,False,RAM,BAL,H,L,26,45,,5,81,0,0,0,0,0,0,0,0,,,8.1,13.1,20170,False,targets;fum_rec_td;ret_td,PFR+RULE2PT,19591212-BAL-RAM,False,ret_td;fum_rec_td,False,True,ret_td;fum_rec_td,
Max McGee,1954,1,1954-09-26,False,GNB,PIT,H,L,20,21,,1,8,0,0,0,0,0,0,0,0,,,0.8,1.8,14758,False,targets;fum_rec_td;ret_td,PFR+RULE2PT,19540926-PIT-GNB,False,ret_td;fum_rec_td,False,True,ret_td;fum_rec_td,
Max McGee,1954,3,1954-10-10,False,GNB,SFO,H,L,17,23,,2,27,1,0,0,0,0,0,0,0,,,8.7,10.7,14758,False,targets;fum_rec_td;ret_td,PFR+RULE2PT,19541010-SFO-GNB,False,ret_td;fum_rec_td,False,True,ret_td;fum_rec_td,
Max McGee,1954,4,1954-10-17,False,GNB,RAM,H,W,35,17,,3,58,1,0,0,0,0,0,0,0,,,11.8,14.8,14758,False,targets;fum_rec_td;ret_td,PFR+RULE2PT,19541017-RAM-GNB,False,ret_td;fum_rec_td,False,True,ret_td;fum_rec_td,
Max McGee,1954,5,1954-10-24,False,GNB,BAL,A,W,7,6,,3,34,0,0,0,0,0,0,0,0,,,3.4,6.4,14758,False,targets;fum_rec_td;ret_td,PFR+RULE2PT,19541024-GNB-BAL,False,ret_td;fum_rec_td,False,True,ret_td;fum_rec_td,
Max McGee,1954,6,1954-10-30,False,GNB,PHI,A,W,37,14,,3,104,3,0,0,0,0,0,0,0,,,28.4,31.4,14758,False,targets;fum_rec_td;ret_td,PFR+RULE2PT,19541030-GNB-PHI,False,ret_td;fum_rec_td,False,True,ret_td;fum_rec_td,
Max McGee,1954,7,1954-11-07,False,GNB,CHI,A,L,23,28,,5,77,2,0,0,0,0,0,0,0,,,19.7,24.7,14758,False,targets;fum_rec_td;ret_td,PFR+RULE2PT,19541107-GNB-CHI,False,ret_td;fum_rec_td,False,True,ret_td;fum_rec_td,
Max McGee,1954,8,1954-11-13,False,GNB,BAL,H,W,24,13,,4,57,0,0,0,0,0,0,0,0,,,5.7,9.7,14758,False,targets;fum_rec_td;ret_td,PFR+RULE2PT,19541113-BAL-GNB,False,ret_td;fum_rec_td,False,True,ret_td;fum_rec_td,
Max McGee,1954,9,1954-11-21,False,GNB,DET,H,L,17,21,,2,22,0,0,0,0,0,0,0,0,,,2.2,4.2,14758,False,targets;fum_rec_td;ret_td,PFR+RULE2PT,19541121-DET-GNB,False,ret_td;fum_rec_td,False,True,ret_td;fum_rec_td,
Max McGee,1954,10,1954-11-25,False,GNB,DET,A,L,24,28,,1,82,1,0,0,0,0,0,0,0,,,14.2,15.2,14758,False,targets;fum_rec_td;ret_td,PFR+RULE2PT,19541125-GNB-DET,False,ret_td;fum_rec_td,False,True,ret_td;fum_rec_td,
Max McGee,1954,11,1954-12-05,False,GNB,SFO,A,L,0,35,,3,40,0,0,0,0,0,0,0,0,,,4.0,7.0,14758,False,targets;fum_rec_td;ret_td,PFR+RULE2PT,19541205-GNB-SFO,False,ret_td;fum_rec_td,False,True,ret_td;fum_rec_td,
Max McGee,1954,12,1954-12-12,False,GNB,RAM,A,L,27,35,,9,105,1,1,9,0,0,0,0,0,,,17.4,26.4,14758,False,targets;fum_rec_td;ret_td,PFR+RULE2PT,19541212-GNB-RAM,False,ret_td;fum_rec_td,False,True,ret_td;fum_rec_td,
Max McGee,1957,4,1957-10-20,False,GNB,SFO,H,L,14,24,,3,65,0,0,0,0,0,0,0,0,,,6.5,9.5,14758,False,targets;fum_rec_td;ret_td,PFR+RULE2PT,19571020-SFO-GNB,False,ret_td;fum_rec_td,False,True,ret_td;fum_rec_td,
Max McGee,1957,5,1957-10-27,False,GNB,BAL,A,W,24,21,,1,18,0,0,0,0,0,0,0,0,,,1.8,2.8,14758,False,targets;fum_rec_td;ret_td,PFR+RULE2PT,19571027-GNB-BAL,False,ret_td;fum_rec_td,False,True,ret_td;fum_rec_td,
Max McGee,1957,6,1957-11-03,False,GNB,NYG,H,L,17,31,,1,15,0,1,7,0,0,0,0,0,,,2.2,3.2,14758,False,targets;fum_rec_td;ret_td,PFR+RULE2PT,19571103-NYG-GNB,False,ret_td;fum_rec_td,False,True,ret_td;fum_rec_td,
Max McGee,1957,7,1957-11-10,False,GNB,CHI,A,L,14,21,,2,30,0,0,0,0,0,0,0,0,,,3.0,5.0,14758,False,targets;fum_rec_td;ret_td,PFR+RULE2PT,19571110-GNB-CHI,False,ret_td;fum_rec_td,False,True,ret_td;fum_rec_td,
Max McGee,1957,8,1957-11-17,False,GNB,RAM,H,L,27,31,,5,58,0,1,0,0,0,0,0,0,,,5.8,10.8,14758,False,targets;fum_rec_td;ret_td,PFR+RULE2PT,19571117-RAM-GNB,False,ret_td;fum_rec_td,False,True,ret_td;fum_rec_td,
Max McGee,1957,9,1957-11-24,False,GNB,PIT,A,W,27,10,,1,13,0,1,12,0,0,0,0,0,,,2.5,3.5,14758,False,targets;fum_rec_td;ret_td,PFR+RULE2PT,19571124-GNB-PIT,False,ret_td;fum_rec_td,False,True,ret_td;fum_rec_td,
Max McGee,1957,10,1957-11-28,False,GNB,DET,A,L,6,18,,1,6,0,1,-3,0,0,0,0,0,,,0.3,1.3,14758,False,targets;fum_rec_td;ret_td,PFR+RULE2PT,19571128-GNB-DET,False,ret_td;fum_rec_td,False,True,ret_td;fum_rec_td,
Max McGee,1957,11,1957-12-08,False,GNB,RAM,A,L,17,42,,3,68,1,1,24,0,0,0,0,0,,,15.2,18.2,14758,False,targets;fum_rec_td;ret_td,PFR+RULE2PT,19571208-GNB-RAM,False,ret_td;fum_rec_td,False,True,ret_td;fum_rec_td,
Max McGee,1958,1,1958-09-28,False,GNB,CHI,H,L,20,34,,2,69,0,0,0,0,0,0,0,0,,,6.9,8.9,14758,False,targets;fum_rec_td;ret_td,PFR+RULE2PT,19580928-CHI-GNB,False,ret_td;fum_rec_td,False,True,ret_td;fum_rec_td,
Max McGee,1958,2,1958-10-05,False,GNB,DET,H,T,13,13,,2,50,1,0,0,0,0,0,0,0,,,11.0,13.0,14758,False,targets;fum_rec_td;ret_td,PFR+RULE2PT,19581005-DET-GNB,False,ret_td;fum_rec_td,False,True,ret_td;fum_rec_td,
Max McGee,1958,3,1958-10-12,False,GNB,BAL,H,L,17,24,,2,27,0,0,0,0,0,0,0,0,,,2.7,4.7,14758,False,targets;fum_rec_td;ret_td,PFR+RULE2PT,19581012-BAL-GNB,False,ret_td;fum_rec_td,False,True,ret_td;fum_rec_td,
Max McGee,1958,4,1958-10-19,False,GNB,WAS,A,L,21,37,,1,80,1,0,0,0,0,0,0,0,,,14.0,15.0,14758,False,targets;fum_rec_td;ret_td,PFR+RULE2PT,19581019-GNB-WAS,False,ret_td;fum_rec_td,False,True,ret_td;fum_rec_td,
Max McGee,1958,5,1958-10-26,False,GNB,PHI,H,W,38,35,,6,100,2,0,0,0,0,0,0,0,,,22.0,28.0,14758,False,targets;fum_rec_td;ret_td,PFR+RULE2PT,19581026-PHI-GNB,False,ret_td;fum_rec_td,False,True,ret_td;fum_rec_td,
Max McGee,1958,6,1958-11-02,False,GNB,BAL,A,L,0,56,,3,58,0,0,0,0,0,0,0,0,,,5.8,8.8,14758,False,targets;fum_rec_td;ret_td,PFR+RULE2PT,19581102-GNB-BAL,False,ret_td;fum_rec_td,False,True,ret_td;fum_rec_td,
Max McGee,1958,7,1958-11-09,False,GNB,CHI,A,L,10,24,,3,21,0,0,0,0,0,0,0,0,,,2.1,5.1,14758,False,targets;fum_rec_td;ret_td,PFR+RULE2PT,19581109-GNB-CHI,False,ret_td;fum_rec_td,False,True,ret_td;fum_rec_td,
Max McGee,1958,8,1958-11-16,False,GNB,RAM,H,L,7,20,,5,76,1,0,0,0,0,0,0,0,,,13.6,18.6,14758,False,targets;fum_rec_td;ret_td,PFR+RULE2PT,19581116-RAM-GNB,False,ret_td;fum_rec_td,False,True,ret_td;fum_rec_td,
Max McGee,1958,9,1958-11-23,False,GNB,SFO,H,L,12,33,,1,4,0,0,0,0,0,0,0,0,,,0.4,1.4,14758,False,targets;fum_rec_td;ret_td,PFR+RULE2PT,19581123-SFO-GNB,False,ret_td;fum_rec_td,False,True,ret_td;fum_rec_td,
Max McGee,1958,10,1958-11-27,False,GNB,DET,A,L,14,24,,4,54,1,1,9,0,0,0,0,0,,,12.3,16.3,14758,False,targets;fum_rec_td;ret_td,PFR+RULE2PT,19581127-GNB-DET,False,ret_td;fum_rec_td,False,True,ret_td;fum_rec_td,
Max McGee,1958,11,1958-12-07,False,GNB,SFO,A,L,21,48,,4,47,0,0,0,0,0,0,0,0,,,4.7,8.7,14758,False,targets;fum_rec_td;ret_td,PFR+RULE2PT,19581207-GNB-SFO,False,ret_td;fum_rec_td,False,True,ret_td;fum_rec_td,
Max McGee,1958,12,1958-12-14,False,GNB,RAM,A,L,20,34,,4,69,1,0,0,0,0,0,0,0,,,12.9,16.9,14758,False,targets;fum_rec_td;ret_td,PFR+RULE2PT,19581214-GNB-RAM,False,ret_td;fum_rec_td,False,True,ret_td;fum_rec_td,
Max McGee,1959,1,1959-09-27,False,GNB,CHI,H,W,9,6,,1,67,0,0,0,0,0,0,0,0,,,6.7,7.7,14758,False,targets;fum_rec_td;ret_td,PFR+RULE2PT,19590927-CHI-GNB,False,ret_td;fum_rec_td,False,True,ret_td;fum_rec_td,
Max McGee,1959,2,1959-10-04,False,GNB,DET,H,W,28,10,,3,124,2,0,0,0,0,0,0,0,,,24.4,27.4,14758,False,targets;fum_rec_td;ret_td,PFR+RULE2PT,19591004-DET-GNB,False,ret_td;fum_rec_td,False,True,ret_td;fum_rec_td,
Max McGee,1959,3,1959-10-11,False,GNB,SFO,H,W,21,20,,2,40,1,0,0,0,0,0,0,0,,,10.0,12.0,14758,False,targets;fum_rec_td;ret_td,PFR+RULE2PT,19591011-SFO-GNB,False,ret_td;fum_rec_td,False,True,ret_td;fum_rec_td,
Max McGee,1959,4,1959-10-18,False,GNB,RAM,H,L,6,45,,2,16,0,0,0,0,0,0,0,0,,,1.6,3.6,14758,False,targets;fum_rec_td;ret_td,PFR+RULE2PT,19591018-RAM-GNB,False,ret_td;fum_rec_td,False,True,ret_td;fum_rec_td,
Max McGee,1959,5,1959-10-25,False,GNB,BAL,A,L,21,38,,3,110,1,0,0,0,0,0,0,0,,,17.0,20.0,14758,False,targets;fum_rec_td;ret_td,PFR+RULE2PT,19591025-GNB-BAL,False,ret_td;fum_rec_td,False,True,ret_td;fum_rec_td,
Max McGee,1959,8,1959-11-15,False,GNB,BAL,H,L,24,28,,4,65,0,0,0,0,0,0,0,0,,,6.5,10.5,14758,False,targets;fum_rec_td;ret_td,PFR+RULE2PT,19591115-BAL-GNB,False,ret_td;fum_rec_td,False,True,ret_td;fum_rec_td,
Max McGee,1959,9,1959-11-22,False,GNB,WAS,H,W,21,0,,5,75,1,0,0,0,0,0,0,0,,,13.5,18.5,14758,False,targets;fum_rec_td;ret_td,PFR+RULE2PT,19591122-WAS-GNB,False,ret_td;fum_rec_td,False,True,ret_td;fum_rec_td,
Max McGee,1959,10,1959-11-26,False,GNB,DET,A,W,24,17,,2,30,0,0,0,0,0,0,0,0,,,3.0,5.0,14758,False,targets;fum_rec_td;ret_td,PFR+RULE2PT,19591126-GNB-DET,False,ret_td;fum_rec_td,False,True,ret_td;fum_rec_td,
Max McGee,1959,11,1959-12-06,False,GNB,RAM,A,W,38,20,,4,77,0,0,0,0,0,0,0,0,,,7.7,11.7,14758,False,targets;fum_rec_td;ret_td,PFR+RULE2PT,19591206-GNB-RAM,False,ret_td;fum_rec_td,False,True,ret_td;fum_rec_td,
Max McGee,1959,12,1959-12-13,False,GNB,SFO,A,W,36,14,,4,91,0,0,0,0,0,0,0,0,,,9.1,13.1,14758,False,targets;fum_rec_td;ret_td,PFR+RULE2PT,19591213-GNB-SFO,False,ret_td;fum_rec_td,False,True,ret_td;fum_rec_td,
Red Phillips,1958,2,1958-10-05,False,RAM,SFO,A,W,33,3,,4,43,0,0,0,0,0,0,0,0,,,4.3,8.3,17554,False,targets;fum_rec_td;ret_td,PFR+RULE2PT,19581005-RAM-SFO,False,ret_td;fum_rec_td,False,True,ret_td;fum_rec_td,
Red Phillips,1958,4,1958-10-19,False,RAM,CHI,A,L,10,31,,4,40,0,0,0,0,0,0,0,0,,,4.0,8.0,17554,False,targets;fum_rec_td;ret_td,PFR+RULE2PT,19581019-RAM-CHI,False,ret_td;fum_rec_td,False,True,ret_td;fum_rec_td,
Red Phillips,1958,5,1958-10-26,False,RAM,DET,H,L,24,41,,1,15,0,0,0,0,0,0,0,0,,,1.5,2.5,17554,False,targets;fum_rec_td;ret_td,PFR+RULE2PT,19581026-DET-RAM,False,ret_td;fum_rec_td,False,True,ret_td;fum_rec_td,
Red Phillips,1958,6,1958-11-02,False,RAM,CHI,H,W,41,35,,2,29,0,0,0,0,0,0,0,0,,,2.9,4.9,17554,False,targets;fum_rec_td;ret_td,PFR+RULE2PT,19581102-CHI-RAM,False,ret_td;fum_rec_td,False,True,ret_td;fum_rec_td,
Red Phillips,1958,7,1958-11-09,False,RAM,SFO,H,W,56,7,,4,39,1,0,0,0,0,0,0,0,,,9.9,13.9,17554,False,targets;fum_rec_td;ret_td,PFR+RULE2PT,19581109-SFO-RAM,False,ret_td;fum_rec_td,False,True,ret_td;fum_rec_td,
Red Phillips,1958,8,1958-11-16,False,RAM,GNB,A,W,20,7,,8,208,1,0,0,0,0,0,0,0,,,26.8,34.8,17554,False,targets;fum_rec_td;ret_td,PFR+RULE2PT,19581116-RAM-GNB,False,ret_td;fum_rec_td,False,True,ret_td;fum_rec_td,
Red Phillips,1958,9,1958-11-23,False,RAM,BAL,A,L,7,34,,2,23,0,0,0,0,0,0,0,0,,,2.3,4.3,17554,False,targets;fum_rec_td;ret_td,PFR+RULE2PT,19581123-RAM-BAL,False,ret_td;fum_rec_td,False,True,ret_td;fum_rec_td,
Red Phillips,1958,10,1958-11-30,False,RAM,CRD,A,W,20,14,,2,6,0,0,0,0,0,0,0,0,,,0.6,2.6,17554,False,targets;fum_rec_td;ret_td,PFR+RULE2PT,19581130-RAM-CRD,False,ret_td;fum_rec_td,False,True,ret_td;fum_rec_td,
Red Phillips,1958,11,1958-12-06,False,RAM,BAL,H,W,30,28,,1,24,0,0,0,0,0,0,0,0,,,2.4,3.4,17554,False,targets;fum_rec_td;ret_td,PFR+RULE2PT,19581206-BAL-RAM,False,ret_td;fum_rec_td,False,True,ret_td;fum_rec_td,
Red Phillips,1958,12,1958-12-14,False,RAM,GNB,H,W,34,20,,7,97,0,0,0,0,0,0,0,0,,,9.7,16.7,17554,False,targets;fum_rec_td;ret_td,PFR+RULE2PT,19581214-GNB-RAM,False,ret_td;fum_rec_td,False,True,ret_td;fum_rec_td,
Red Phillips,1959,1,1959-09-26,False,RAM,NYG,H,L,21,23,,3,66,0,0,0,0,0,0,0,0,,,6.6,9.6,17554,False,targets;fum_rec_td;ret_td,PFR+RULE2PT,19590926-NYG-RAM,False,ret_td;fum_rec_td,False,True,ret_td;fum_rec_td,
Red Phillips,1959,2,1959-10-04,False,RAM,SFO,A,L,0,34,,4,32,0,0,0,0,0,0,0,0,,,3.2,7.2,17554,False,targets;fum_rec_td;ret_td,PFR+RULE2PT,19591004-RAM-SFO,False,ret_td;fum_rec_td,False,True,ret_td;fum_rec_td,
Red Phillips,1959,3,1959-10-11,False,RAM,CHI,A,W,28,21,,4,82,2,0,0,0,0,0,0,0,,,20.2,24.2,17554,False,targets;fum_rec_td;ret_td,PFR+RULE2PT,19591011-RAM-CHI,False,ret_td;fum_rec_td,False,True,ret_td;fum_rec_td,
Red Phillips,1959,4,1959-10-18,False,RAM,GNB,A,W,45,6,,3,64,1,0,0,0,0,0,0,0,,,12.4,15.4,17554,False,targets;fum_rec_td;ret_td,PFR+RULE2PT,19591018-RAM-GNB,False,ret_td;fum_rec_td,False,True,ret_td;fum_rec_td,
Red Phillips,1959,5,1959-10-25,False,RAM,DET,H,L,7,17,,3,23,0,0,0,0,0,0,0,0,,,2.3,5.3,17554,False,targets;fum_rec_td;ret_td,PFR+RULE2PT,19591025-DET-RAM,False,ret_td;fum_rec_td,False,True,ret_td;fum_rec_td,
Red Phillips,1959,6,1959-11-01,False,RAM,CHI,H,L,21,26,,3,49,0,0,0,0,0,0,0,0,,,4.9,7.9,17554,False,targets;fum_rec_td;ret_td,PFR+RULE2PT,19591101-CHI-RAM,False,ret_td;fum_rec_td,False,True,ret_td;fum_rec_td,
Red Phillips,1959,9,1959-11-22,False,RAM,PHI,A,L,20,23,,4,70,1,0,0,0,0,0,0,0,,,13.0,17.0,17554,False,targets;fum_rec_td;ret_td,PFR+RULE2PT,19591122-RAM-PHI,False,ret_td;fum_rec_td,False,True,ret_td;fum_rec_td,
Red Phillips,1959,11,1959-12-06,False,RAM,GNB,H,L,20,38,,10,78,0,0,0,0,0,0,0,0,,,7.8,17.8,17554,False,targets;fum_rec_td;ret_td,PFR+RULE2PT,19591206-GNB-RAM,False,ret_td;fum_rec_td,False,True,ret_td;fum_rec_td,
Red Phillips,1959,12,1959-12-12,False,RAM,BAL,H,L,26,45,,3,77,0,0,0,0,0,0,0,0,,,7.7,10.7,17554,False,targets;fum_rec_td;ret_td,PFR+RULE2PT,19591212-BAL-RAM,False,ret_td;fum_rec_td,False,True,ret_td;fum_rec_td,
Billy Wilson,1951,1,1951-09-30,False,SFO,CLE,H,W,24,10,,2,34,1,0,0,0,0,0,0,0,,,9.4,11.4,24341,False,targets;fum_rec_td;ret_td,PFR+RULE2PT,19510930-CLE-SFO,False,ret_td;fum_rec_td,False,True,ret_td;fum_rec_td,
Billy Wilson,1951,4,1951-10-21,False,SFO,CHI,A,L,7,13,,2,42,0,0,0,0,0,0,0,0,,,4.2,6.2,24341,False,targets;fum_rec_td;ret_td,PFR+RULE2PT,19511021-SFO-CHI,False,ret_td;fum_rec_td,False,True,ret_td;fum_rec_td,
Billy Wilson,1951,5,1951-10-28,False,SFO,RAM,H,W,44,17,,1,16,0,0,0,0,0,0,0,0,,,1.6,2.6,24341,False,targets;fum_rec_td;ret_td,PFR+RULE2PT,19511028-RAM-SFO,False,ret_td;fum_rec_td,False,True,ret_td;fum_rec_td,
Billy Wilson,1951,7,1951-11-11,False,SFO,NYY,H,W,19,14,,2,19,1,0,0,0,0,0,0,0,,,7.9,9.9,24341,False,targets;fum_rec_td;ret_td,PFR+RULE2PT,19511111-NYY-SFO,False,ret_td;fum_rec_td,False,True,ret_td;fum_rec_td,
Billy Wilson,1951,9,1951-11-25,False,SFO,NYY,A,T,10,10,,3,27,0,0,0,0,0,0,0,0,,,2.7,5.7,24341,False,targets;fum_rec_td;ret_td,PFR+RULE2PT,19511125-SFO-NYY,False,ret_td;fum_rec_td,False,True,ret_td;fum_rec_td,
Billy Wilson,1951,10,1951-12-02,False,SFO,DET,A,W,20,10,,1,38,0,0,0,0,0,0,0,0,,,3.8,4.8,24341,False,targets;fum_rec_td;ret_td,PFR+RULE2PT,19511202-SFO-DET,False,ret_td;fum_rec_td,False,True,ret_td;fum_rec_td,
Billy Wilson,1951,11,1951-12-09,False,SFO,GNB,H,W,31,19,,2,30,0,0,0,0,0,0,0,0,,,3.0,5.0,24341,False,targets;fum_rec_td;ret_td,PFR+RULE2PT,19511209-GNB-SFO,False,ret_td;fum_rec_td,False,True,ret_td;fum_rec_td,
Billy Wilson,1951,12,1951-12-16,False,SFO,DET,H,W,21,17,,5,62,1,0,0,0,0,0,0,0,,,12.2,17.2,24341,False,targets;fum_rec_td;ret_td,PFR+RULE2PT,19511216-DET-SFO,False,ret_td;fum_rec_td,False,True,ret_td;fum_rec_td,
Billy Wilson,1952,1,1952-09-28,False,SFO,DET,H,W,17,3,,1,1,0,0,0,0,0,0,0,0,,,0.1,1.1,24341,False,targets;fum_rec_td;ret_td,PFR+RULE2PT,19520928-DET-SFO,False,ret_td;fum_rec_td,False,True,ret_td;fum_rec_td,
Billy Wilson,1952,2,1952-10-05,False,SFO,DTX,A,W,37,14,,6,70,0,0,0,0,0,0,0,0,,,7.0,13.0,24341,False,targets;fum_rec_td;ret_td,PFR+RULE2PT,19521005-SFO-DTX,False,ret_td;fum_rec_td,False,True,ret_td;fum_rec_td,
Billy Wilson,1952,3,1952-10-12,False,SFO,DET,A,W,28,0,,2,11,1,0,0,0,0,0,0,0,,,7.1,9.1,24341,False,targets;fum_rec_td;ret_td,PFR+RULE2PT,19521012-SFO-DET,False,ret_td;fum_rec_td,False,True,ret_td;fum_rec_td,
Billy Wilson,1952,4,1952-10-19,False,SFO,CHI,A,W,40,16,,1,12,0,0,0,0,0,0,0,0,,,1.2,2.2,24341,False,targets;fum_rec_td;ret_td,PFR+RULE2PT,19521019-SFO-CHI,False,ret_td;fum_rec_td,False,True,ret_td;fum_rec_td,
Billy Wilson,1952,5,1952-10-26,False,SFO,DTX,H,W,48,21,,2,37,0,0,0,0,0,0,0,0,,,3.7,5.7,24341,False,targets;fum_rec_td;ret_td,PFR+RULE2PT,19521026-DTX-SFO,False,ret_td;fum_rec_td,False,True,ret_td;fum_rec_td,
Billy Wilson,1952,6,1952-11-02,False,SFO,CHI,H,L,17,20,,3,36,0,0,0,0,0,0,0,0,,,3.6,6.6,24341,False,targets;fum_rec_td;ret_td,PFR+RULE2PT,19521102-CHI-SFO,False,ret_td;fum_rec_td,False,True,ret_td;fum_rec_td,
Billy Wilson,1952,7,1952-11-09,False,SFO,NYG,A,L,14,23,,2,13,1,0,0,0,0,0,0,0,,,7.3,9.3,24341,False,targets;fum_rec_td;ret_td,PFR+RULE2PT,19521109-SFO-NYG,False,ret_td;fum_rec_td,False,True,ret_td;fum_rec_td,
Billy Wilson,1952,8,1952-11-16,False,SFO,WAS,A,W,23,17,,3,80,1,0,0,0,0,0,0,0,,,14.0,17.0,24341,False,targets;fum_rec_td;ret_td,PFR+RULE2PT,19521116-SFO-WAS,False,ret_td;fum_rec_td,False,True,ret_td;fum_rec_td,
Billy Wilson,1952,9,1952-11-23,False,SFO,RAM,A,L,9,35,,1,20,0,0,0,0,0,0,0,0,,,2.0,3.0,24341,False,targets;fum_rec_td;ret_td,PFR+RULE2PT,19521123-SFO-RAM,False,ret_td;fum_rec_td,False,True,ret_td;fum_rec_td,
Billy Wilson,1952,12,1952-12-14,False,SFO,GNB,H,W,24,14,,2,18,0,0,0,0,0,0,0,0,,,1.8,3.8,24341,False,targets;fum_rec_td;ret_td,PFR+RULE2PT,19521214-GNB-SFO,False,ret_td;fum_rec_td,False,True,ret_td;fum_rec_td,
Billy Wilson,1953,1,1953-09-27,False,SFO,PHI,H,W,31,21,,3,77,2,0,0,0,0,0,0,0,,,19.7,22.7,24341,False,targets;fum_rec_td;ret_td,PFR+RULE2PT,19530927-PHI-SFO,False,ret_td;fum_rec_td,False,True,ret_td;fum_rec_td,
Billy Wilson,1953,2,1953-10-04,False,SFO,RAM,H,W,31,30,,5,62,1,0,0,0,0,0,0,0,,,12.2,17.2,24341,False,targets;fum_rec_td;ret_td,PFR+RULE2PT,19531004-RAM-SFO,False,ret_td;fum_rec_td,False,True,ret_td;fum_rec_td,
Billy Wilson,1953,3,1953-10-11,False,SFO,DET,A,L,21,24,,2,43,0,0,0,0,0,0,0,0,,,4.3,6.3,24341,False,targets;fum_rec_td;ret_td,PFR+RULE2PT,19531011-SFO-DET,False,ret_td;fum_rec_td,False,True,ret_td;fum_rec_td,
Billy Wilson,1953,4,1953-10-18,False,SFO,CHI,A,W,35,28,,5,70,1,0,0,0,0,0,0,0,,,13.0,18.0,24341,False,targets;fum_rec_td;ret_td,PFR+RULE2PT,19531018-SFO-CHI,False,ret_td;fum_rec_td,False,True,ret_td;fum_rec_td,
Billy Wilson,1953,5,1953-10-25,False,SFO,DET,H,L,10,14,,3,37,0,0,0,0,0,0,0,0,,,3.7,6.7,24341,False,targets;fum_rec_td;ret_td,PFR+RULE2PT,19531025-DET-SFO,False,ret_td;fum_rec_td,False,True,ret_td;fum_rec_td,
Billy Wilson,1953,6,1953-11-01,False,SFO,CHI,H,W,24,14,,5,85,1,0,0,0,0,0,0,0,,,14.5,19.5,24341,False,targets;fum_rec_td;ret_td,PFR+RULE2PT,19531101-CHI-SFO,False,ret_td;fum_rec_td,False,True,ret_td;fum_rec_td,
Billy Wilson,1953,7,1953-11-08,False,SFO,RAM,A,W,31,27,,4,93,1,0,0,0,0,0,0,0,,,15.3,19.3,24341,False,targets;fum_rec_td;ret_td,PFR+RULE2PT,19531108-SFO-RAM,False,ret_td;fum_rec_td,False,True,ret_td;fum_rec_td,
Billy Wilson,1953,8,1953-11-15,False,SFO,CLE,A,L,21,23,,5,62,0,0,0,0,0,0,0,0,,,6.2,11.2,24341,False,targets;fum_rec_td;ret_td,PFR+RULE2PT,19531115-SFO-CLE,False,ret_td;fum_rec_td,False,True,ret_td;fum_rec_td,
Billy Wilson,1953,9,1953-11-22,False,SFO,GNB,A,W,37,7,,2,42,1,0,0,0,0,0,0,0,,,10.2,12.2,24341,False,targets;fum_rec_td;ret_td,PFR+RULE2PT,19531122-SFO-GNB,False,ret_td;fum_rec_td,False,True,ret_td;fum_rec_td,
Billy Wilson,1953,10,1953-11-29,False,SFO,BAL,A,W,38,21,,3,81,1,0,0,0,0,0,0,0,,,14.1,17.1,24341,False,targets;fum_rec_td;ret_td,PFR+RULE2PT,19531129-SFO-BAL,False,ret_td;fum_rec_td,False,True,ret_td;fum_rec_td,
Billy Wilson,1953,11,1953-12-06,False,SFO,GNB,H,W,48,14,,5,61,1,0,0,0,0,0,0,0,,,12.1,17.1,24341,False,targets;fum_rec_td;ret_td,PFR+RULE2PT,19531206-GNB-SFO,False,ret_td;fum_rec_td,False,True,ret_td;fum_rec_td,
Billy Wilson,1953,12,1953-12-13,False,SFO,BAL,H,W,45,14,,9,127,1,0,0,0,0,0,0,0,,,18.7,27.7,24341,False,targets;fum_rec_td;ret_td,PFR+RULE2PT,19531213-BAL-SFO,False,ret_td;fum_rec_td,False,True,ret_td;fum_rec_td,
Billy Wilson,1954,1,1954-09-26,False,SFO,WAS,H,W,41,7,,5,48,1,0,0,0,0,0,0,0,,,10.8,15.8,24341,False,targets;fum_rec_td;ret_td,PFR+RULE2PT,19540926-WAS-SFO,False,ret_td;fum_rec_td,False,True,ret_td;fum_rec_td,
Billy Wilson,1954,2,1954-10-03,False,SFO,RAM,A,T,24,24,,11,158,0,0,0,0,0,0,0,0,,,15.8,26.8,24341,False,targets;fum_rec_td;ret_td,PFR+RULE2PT,19541003-SFO-RAM,False,ret_td;fum_rec_td,False,True,ret_td;fum_rec_td,
Billy Wilson,1954,3,1954-10-10,False,SFO,GNB,A,W,23,17,,5,70,0,0,0,0,0,0,0,0,,,7.0,12.0,24341,False,targets;fum_rec_td;ret_td,PFR+RULE2PT,19541010-SFO-GNB,False,ret_td;fum_rec_td,False,True,ret_td;fum_rec_td,
Billy Wilson,1954,4,1954-10-17,False,SFO,CHI,A,W,31,24,,1,13,0,0,0,0,0,0,0,0,,,1.3,2.3,24341,False,targets;fum_rec_td;ret_td,PFR+RULE2PT,19541017-SFO-CHI,False,ret_td;fum_rec_td,False,True,ret_td;fum_rec_td,
Billy Wilson,1954,5,1954-10-24,False,SFO,DET,H,W,37,31,,4,74,2,0,0,0,0,0,0,0,,,19.4,23.4,24341,False,targets;fum_rec_td;ret_td,PFR+RULE2PT,19541024-DET-SFO,False,ret_td;fum_rec_td,False,True,ret_td;fum_rec_td,
Billy Wilson,1954,6,1954-10-31,False,SFO,CHI,H,L,27,31,,6,92,1,0,0,0,0,0,0,0,,,15.2,21.2,24341,False,targets;fum_rec_td;ret_td,PFR+RULE2PT,19541031-CHI-SFO,False,ret_td;fum_rec_td,False,True,ret_td;fum_rec_td,
Billy Wilson,1954,7,1954-11-07,False,SFO,RAM,H,L,34,42,,5,58,0,0,0,0,0,0,0,0,,,5.8,10.8,24341,False,targets;fum_rec_td;ret_td,PFR+RULE2PT,19541107-RAM-SFO,False,ret_td;fum_rec_td,False,True,ret_td;fum_rec_td,
Billy Wilson,1954,8,1954-11-14,False,SFO,DET,A,L,7,48,,5,82,1,0,0,0,0,0,0,0,,,14.2,19.2,24341,False,targets;fum_rec_td;ret_td,PFR+RULE2PT,19541114-SFO-DET,False,ret_td;fum_rec_td,False,True,ret_td;fum_rec_td,
Billy Wilson,1954,9,1954-11-20,False,SFO,PIT,A,W,31,3,,2,41,0,0,0,0,0,0,0,0,,,4.1,6.1,24341,False,targets;fum_rec_td;ret_td,PFR+RULE2PT,19541120-SFO-PIT,False,ret_td;fum_rec_td,False,True,ret_td;fum_rec_td,
Billy Wilson,1954,10,1954-11-28,False,SFO,BAL,A,L,13,17,,5,60,0,0,0,0,0,0,0,0,,,6.0,11.0,24341,False,targets;fum_rec_td;ret_td,PFR+RULE2PT,19541128-SFO-BAL,False,ret_td;fum_rec_td,False,True,ret_td;fum_rec_td,
Billy Wilson,1954,11,1954-12-05,False,SFO,GNB,H,W,35,0,,3,43,0,0,0,0,0,0,0,0,,,4.3,7.3,24341,False,targets;fum_rec_td;ret_td,PFR+RULE2PT,19541205-GNB-SFO,False,ret_td;fum_rec_td,False,True,ret_td;fum_rec_td,
Billy Wilson,1954,12,1954-12-11,False,SFO,BAL,H,W,10,7,,8,91,0,0,0,0,0,0,0,0,,,9.1,17.1,24341,False,targets;fum_rec_td;ret_td,PFR+RULE2PT,19541211-BAL-SFO,False,ret_td;fum_rec_td,False,True,ret_td;fum_rec_td,
Billy Wilson,1955,1,1955-09-25,False,SFO,RAM,H,L,14,23,,4,54,0,0,0,0,0,0,0,0,,,5.4,9.4,24341,False,targets;fum_rec_td;ret_td,PFR+RULE2PT,19550925-RAM-SFO,False,ret_td;fum_rec_td,False,True,ret_td;fum_rec_td,
Billy Wilson,1955,2,1955-10-02,False,SFO,CLE,H,L,3,38,,2,28,0,0,0,0,0,0,0,0,,,2.8,4.8,24341,False,targets;fum_rec_td;ret_td,PFR+RULE2PT,19551002-CLE-SFO,False,ret_td;fum_rec_td,False,True,ret_td;fum_rec_td,
Billy Wilson,1955,3,1955-10-09,False,SFO,CHI,A,W,20,19,,5,71,2,0,0,0,0,0,0,0,,,19.1,24.1,24341,False,targets;fum_rec_td;ret_td,PFR+RULE2PT,19551009-SFO-CHI,False,ret_td;fum_rec_td,False,True,ret_td;fum_rec_td,
Billy Wilson,1955,4,1955-10-16,False,SFO,DET,A,W,27,24,,5,86,0,0,0,0,0,0,0,0,,,8.6,13.6,24341,False,targets;fum_rec_td;ret_td,PFR+RULE2PT,19551016-SFO-DET,False,ret_td;fum_rec_td,False,True,ret_td;fum_rec_td,
Billy Wilson,1955,5,1955-10-23,False,SFO,CHI,H,L,23,34,,8,192,2,0,0,0,0,0,0,0,,,31.2,39.2,24341,False,targets;fum_rec_td;ret_td,PFR+RULE2PT,19551023-CHI-SFO,False,ret_td;fum_rec_td,False,True,ret_td;fum_rec_td,
Billy Wilson,1955,6,1955-10-30,False,SFO,DET,H,W,38,21,,5,62,0,0,0,0,0,0,0,0,,,6.2,11.2,24341,False,targets;fum_rec_td;ret_td,PFR+RULE2PT,19551030-DET-SFO,False,ret_td;fum_rec_td,False,True,ret_td;fum_rec_td,
Billy Wilson,1955,7,1955-11-06,False,SFO,RAM,A,L,14,27,,3,28,0,0,0,0,0,0,0,0,,,2.8,5.8,24341,False,targets;fum_rec_td;ret_td,PFR+RULE2PT,19551106-SFO-RAM,False,ret_td;fum_rec_td,False,True,ret_td;fum_rec_td,
Billy Wilson,1955,8,1955-11-13,False,SFO,WAS,A,L,0,7,,3,43,0,0,0,0,0,0,0,0,,,4.3,7.3,24341,False,targets;fum_rec_td;ret_td,PFR+RULE2PT,19551113-SFO-WAS,False,ret_td;fum_rec_td,False,True,ret_td;fum_rec_td,
Billy Wilson,1955,9,1955-11-20,False,SFO,GNB,A,L,21,27,,2,21,0,0,0,0,0,0,0,0,,,2.1,4.1,24341,False,targets;fum_rec_td;ret_td,PFR+RULE2PT,19551120-SFO-GNB,False,ret_td;fum_rec_td,False,True,ret_td;fum_rec_td,
Billy Wilson,1955,10,1955-11-27,False,SFO,BAL,A,L,14,26,,7,143,1,0,0,0,0,0,0,0,,,20.3,27.3,24341,False,targets;fum_rec_td;ret_td,PFR+RULE2PT,19551127-SFO-BAL,False,ret_td;fum_rec_td,False,True,ret_td;fum_rec_td,
Billy Wilson,1955,11,1955-12-04,False,SFO,GNB,H,L,7,28,,5,52,1,0,0,0,0,0,0,0,,,11.2,16.2,24341,False,targets;fum_rec_td;ret_td,PFR+RULE2PT,19551204-GNB-SFO,False,ret_td;fum_rec_td,False,True,ret_td;fum_rec_td,
Billy Wilson,1955,12,1955-12-11,False,SFO,BAL,H,W,35,24,,4,51,1,0,0,0,0,0,0,0,,,11.1,15.1,24341,False,targets;fum_rec_td;ret_td,PFR+RULE2PT,19551211-BAL-SFO,False,ret_td;fum_rec_td,False,True,ret_td;fum_rec_td,
Billy Wilson,1956,1,1956-09-30,False,SFO,NYG,H,L,21,38,,6,73,1,0,0,0,0,0,0,0,,,13.3,19.3,24341,False,targets;fum_rec_td;ret_td,PFR+RULE2PT,19560930-NYG-SFO,False,ret_td;fum_rec_td,False,True,ret_td;fum_rec_td,
Billy Wilson,1956,2,1956-10-07,False,SFO,RAM,H,W,33,30,,1,9,0,0,0,0,0,0,0,0,,,0.9,1.9,24341,False,targets;fum_rec_td;ret_td,PFR+RULE2PT,19561007-RAM-SFO,False,ret_td;fum_rec_td,False,True,ret_td;fum_rec_td,
Billy Wilson,1956,3,1956-10-14,False,SFO,CHI,A,L,7,31,,4,65,0,0,0,0,0,0,0,0,,,6.5,10.5,24341,False,targets;fum_rec_td;ret_td,PFR+RULE2PT,19561014-SFO-CHI,False,ret_td;fum_rec_td,False,True,ret_td;fum_rec_td,
Billy Wilson,1956,4,1956-10-21,False,SFO,DET,A,L,17,20,,4,44,0,0,0,0,0,0,0,0,,,4.4,8.4,24341,False,targets;fum_rec_td;ret_td,PFR+RULE2PT,19561021-SFO-DET,False,ret_td;fum_rec_td,False,True,ret_td;fum_rec_td,
Billy Wilson,1956,5,1956-10-28,False,SFO,CHI,H,L,21,38,,6,91,0,0,0,0,0,0,0,0,,,9.1,15.1,24341,False,targets;fum_rec_td;ret_td,PFR+RULE2PT,19561028-CHI-SFO,False,ret_td;fum_rec_td,False,True,ret_td;fum_rec_td,
Billy Wilson,1956,6,1956-11-04,False,SFO,DET,H,L,13,17,,4,70,0,0,0,0,0,0,0,0,,,7.0,11.0,24341,False,targets;fum_rec_td;ret_td,PFR+RULE2PT,19561104-DET-SFO,False,ret_td;fum_rec_td,False,True,ret_td;fum_rec_td,
Billy Wilson,1956,7,1956-11-11,False,SFO,RAM,A,L,6,30,,5,86,0,0,0,0,0,0,0,0,,,8.6,13.6,24341,False,targets;fum_rec_td;ret_td,PFR+RULE2PT,19561111-SFO-RAM,False,ret_td;fum_rec_td,False,True,ret_td;fum_rec_td,
Billy Wilson,1956,8,1956-11-18,False,SFO,GNB,A,W,17,16,,5,59,0,0,0,0,0,0,0,0,,,5.9,10.9,24341,False,targets;fum_rec_td;ret_td,PFR+RULE2PT,19561118-SFO-GNB,False,ret_td;fum_rec_td,False,True,ret_td;fum_rec_td,
Billy Wilson,1956,9,1956-11-25,False,SFO,PHI,A,T,10,10,,7,120,0,0,0,0,0,0,0,0,,,12.0,19.0,24341,False,targets;fum_rec_td;ret_td,PFR+RULE2PT,19561125-SFO-PHI,False,ret_td;fum_rec_td,False,True,ret_td;fum_rec_td,
Billy Wilson,1956,10,1956-12-02,False,SFO,BAL,A,W,20,17,,5,148,2,0,0,0,0,0,0,0,,,26.8,31.8,24341,False,targets;fum_rec_td;ret_td,PFR+RULE2PT,19561202-SFO-BAL,False,ret_td;fum_rec_td,False,True,ret_td;fum_rec_td,
Billy Wilson,1956,11,1956-12-08,False,SFO,GNB,H,W,38,20,,6,52,1,0,0,0,0,0,0,0,,,11.2,17.2,24341,False,targets;fum_rec_td;ret_td,PFR+RULE2PT,19561208-GNB-SFO,False,ret_td;fum_rec_td,False,True,ret_td;fum_rec_td,
Billy Wilson,1956,12,1956-12-16,False,SFO,BAL,H,W,30,17,,7,72,1,0,0,0,0,0,0,0,,,13.2,20.2,24341,False,targets;fum_rec_td;ret_td,PFR+RULE2PT,19561216-BAL-SFO,False,ret_td;fum_rec_td,False,True,ret_td;fum_rec_td,
Billy Wilson,1957,2,1957-10-06,False,SFO,RAM,H,W,23,20,,0,23,1,0,0,0,0,0,0,0,,,8.3,8.3,24341,False,targets;fum_rec_td;ret_td,PFR+RULE2PT,19571006-RAM-SFO,False,ret_td;fum_rec_td,False,True,ret_td;fum_rec_td,
Billy Wilson,1957,3,1957-10-13,False,SFO,CHI,A,W,21,17,,4,77,0,0,0,0,0,0,0,0,,,7.7,11.7,24341,False,targets;fum_rec_td;ret_td,PFR+RULE2PT,19571013-SFO-CHI,False,ret_td;fum_rec_td,False,True,ret_td;fum_rec_td,
Billy Wilson,1957,4,1957-10-20,False,SFO,GNB,A,W,24,14,,5,78,1,0,0,0,0,0,0,0,,,13.8,18.8,24341,False,targets;fum_rec_td;ret_td,PFR+RULE2PT,19571020-SFO-GNB,False,ret_td;fum_rec_td,False,True,ret_td;fum_rec_td,
Billy Wilson,1957,5,1957-10-27,False,SFO,CHI,H,W,21,17,,5,53,1,0,0,0,0,0,0,0,,,11.3,16.3,24341,False,targets;fum_rec_td;ret_td,PFR+RULE2PT,19571027-CHI-SFO,False,ret_td;fum_rec_td,False,True,ret_td;fum_rec_td,
Billy Wilson,1957,6,1957-11-03,False,SFO,DET,H,W,35,31,,6,70,0,0,0,0,0,0,0,0,,,7.0,13.0,24341,False,targets;fum_rec_td;ret_td,PFR+RULE2PT,19571103-DET-SFO,False,ret_td;fum_rec_td,False,True,ret_td;fum_rec_td,
Billy Wilson,1957,7,1957-11-10,False,SFO,RAM,A,L,24,37,,4,54,0,0,0,0,0,0,0,0,,,5.4,9.4,24341,False,targets;fum_rec_td;ret_td,PFR+RULE2PT,19571110-SFO-RAM,False,ret_td;fum_rec_td,False,True,ret_td;fum_rec_td,
Billy Wilson,1957,8,1957-11-17,False,SFO,DET,A,L,10,31,,8,105,1,0,0,0,0,0,0,0,,,16.5,24.5,24341,False,targets;fum_rec_td;ret_td,PFR+RULE2PT,19571117-SFO-DET,False,ret_td;fum_rec_td,False,True,ret_td;fum_rec_td,
Billy Wilson,1957,9,1957-11-24,False,SFO,BAL,A,L,21,27,,6,95,1,0,0,0,0,0,0,0,,,15.5,21.5,24341,False,targets;fum_rec_td;ret_td,PFR+RULE2PT,19571124-SFO-BAL,False,ret_td;fum_rec_td,False,True,ret_td;fum_rec_td,
Billy Wilson,1957,10,1957-12-01,False,SFO,NYG,A,W,27,17,,4,64,1,0,0,0,0,0,0,0,,,12.4,16.4,24341,False,targets;fum_rec_td;ret_td,PFR+RULE2PT,19571201-SFO-NYG,False,ret_td;fum_rec_td,False,True,ret_td;fum_rec_td,
Billy Wilson,1957,11,1957-12-08,False,SFO,BAL,H,W,17,13,,6,77,0,0,0,0,0,0,0,0,,,7.7,13.7,24341,False,targets;fum_rec_td;ret_td,PFR+RULE2PT,19571208-BAL-SFO,False,ret_td;fum_rec_td,False,True,ret_td;fum_rec_td,
Billy Wilson,1957,12,1957-12-15,False,SFO,GNB,H,W,27,20,,4,61,0,0,0,0,0,0,0,0,,,6.1,10.1,24341,False,targets;fum_rec_td;ret_td,PFR+RULE2PT,19571215-GNB-SFO,False,ret_td;fum_rec_td,False,True,ret_td;fum_rec_td,
Billy Wilson,1957,13,1957-12-22,True,SFO,DET,H,L,27,31,,9,107,1,0,0,0,0,0,0,0,,,16.7,25.7,24341,False,targets;fum_rec_td;ret_td,PFR+RULE2PT,19571222-DET-SFO,False,ret_td;fum_rec_td,False,True,ret_td;fum_rec_td,
Billy Wilson,1958,3,1958-10-12,False,SFO,CHI,A,L,6,28,,3,45,0,0,0,0,0,0,0,0,,,4.5,7.5,24341,False,targets;fum_rec_td;ret_td,PFR+RULE2PT,19581012-SFO-CHI,False,ret_td;fum_rec_td,False,True,ret_td;fum_rec_td,
Billy Wilson,1958,4,1958-10-19,False,SFO,PHI,A,W,30,24,,4,52,0,0,0,0,0,0,0,0,,,5.2,9.2,24341,False,targets;fum_rec_td;ret_td,PFR+RULE2PT,19581019-SFO-PHI,False,ret_td;fum_rec_td,False,True,ret_td;fum_rec_td,
Billy Wilson,1958,5,1958-10-26,False,SFO,CHI,H,L,14,27,,8,121,1,0,0,0,0,0,0,0,,,18.1,26.1,24341,False,targets;fum_rec_td;ret_td,PFR+RULE2PT,19581026-CHI-SFO,False,ret_td;fum_rec_td,False,True,ret_td;fum_rec_td,
Billy Wilson,1958,7,1958-11-09,False,SFO,RAM,A,L,7,56,,3,32,0,0,0,0,0,0,0,0,,,3.2,6.2,24341,False,targets;fum_rec_td;ret_td,PFR+RULE2PT,19581109-SFO-RAM,False,ret_td;fum_rec_td,False,True,ret_td;fum_rec_td,
Billy Wilson,1958,8,1958-11-16,False,SFO,DET,A,L,21,35,,5,42,0,0,0,0,0,0,0,0,,,4.2,9.2,24341,False,targets;fum_rec_td;ret_td,PFR+RULE2PT,19581116-SFO-DET,False,ret_td;fum_rec_td,False,True,ret_td;fum_rec_td,
Billy Wilson,1958,9,1958-11-23,False,SFO,GNB,A,W,33,12,,8,128,2,0,0,0,0,0,0,0,,,24.8,32.8,24341,False,targets;fum_rec_td;ret_td,PFR+RULE2PT,19581123-SFO-GNB,False,ret_td;fum_rec_td,False,True,ret_td;fum_rec_td,
Billy Wilson,1958,10,1958-11-30,False,SFO,BAL,A,L,27,35,,4,48,0,0,0,0,0,0,0,0,,,4.8,8.8,24341,False,targets;fum_rec_td;ret_td,PFR+RULE2PT,19581130-SFO-BAL,False,ret_td;fum_rec_td,False,True,ret_td;fum_rec_td,
Billy Wilson,1958,11,1958-12-07,False,SFO,GNB,H,W,48,21,,2,66,2,0,0,0,0,0,0,0,,,18.6,20.6,24341,False,targets;fum_rec_td;ret_td,PFR+RULE2PT,19581207-GNB-SFO,False,ret_td;fum_rec_td,False,True,ret_td;fum_rec_td,
Billy Wilson,1958,12,1958-12-14,False,SFO,BAL,H,W,21,12,,5,56,0,0,0,0,0,0,0,0,,,5.6,10.6,24341,False,targets;fum_rec_td;ret_td,PFR+RULE2PT,19581214-BAL-SFO,False,ret_td;fum_rec_td,False,True,ret_td;fum_rec_td,
Billy Wilson,1959,1,1959-09-27,False,SFO,PHI,H,W,24,14,,5,76,0,0,0,0,0,0,0,0,,,7.6,12.6,24341,False,targets;fum_rec_td;ret_td,PFR+RULE2PT,19590927-PHI-SFO,False,ret_td;fum_rec_td,False,True,ret_td;fum_rec_td,
Billy Wilson,1959,2,1959-10-04,False,SFO,RAM,H,W,34,0,,3,34,1,0,0,0,0,0,0,0,,,9.4,12.4,24341,False,targets;fum_rec_td;ret_td,PFR+RULE2PT,19591004-RAM-SFO,False,ret_td;fum_rec_td,False,True,ret_td;fum_rec_td,
Billy Wilson,1959,3,1959-10-11,False,SFO,GNB,A,L,20,21,,4,40,1,0,0,0,0,0,0,0,,,10.0,14.0,24341,False,targets;fum_rec_td;ret_td,PFR+RULE2PT,19591011-SFO-GNB,False,ret_td;fum_rec_td,False,True,ret_td;fum_rec_td,
Billy Wilson,1959,4,1959-10-18,False,SFO,DET,A,W,34,13,,3,47,0,0,0,0,0,0,0,0,,,4.7,7.7,24341,False,targets;fum_rec_td;ret_td,PFR+RULE2PT,19591018-SFO-DET,False,ret_td;fum_rec_td,False,True,ret_td;fum_rec_td,
Billy Wilson,1959,5,1959-10-25,False,SFO,CHI,H,W,20,17,,7,63,0,0,0,0,0,0,0,0,,,6.3,13.3,24341,False,targets;fum_rec_td;ret_td,PFR+RULE2PT,19591025-CHI-SFO,False,ret_td;fum_rec_td,False,True,ret_td;fum_rec_td,
Billy Wilson,1959,6,1959-11-01,False,SFO,DET,H,W,33,7,,4,52,0,0,0,0,0,0,0,0,,,5.2,9.2,24341,False,targets;fum_rec_td;ret_td,PFR+RULE2PT,19591101-DET-SFO,False,ret_td;fum_rec_td,False,True,ret_td;fum_rec_td,
Billy Wilson,1959,7,1959-11-08,False,SFO,RAM,A,W,24,16,,5,100,1,0,0,0,0,0,0,0,,,16.0,21.0,24341,False,targets;fum_rec_td;ret_td,PFR+RULE2PT,19591108-SFO-RAM,False,ret_td;fum_rec_td,False,True,ret_td;fum_rec_td,
Billy Wilson,1959,8,1959-11-15,False,SFO,CHI,A,L,3,14,,2,15,0,0,0,0,0,0,0,0,,,1.5,3.5,24341,False,targets;fum_rec_td;ret_td,PFR+RULE2PT,19591115-SFO-CHI,False,ret_td;fum_rec_td,False,True,ret_td;fum_rec_td,
Billy Wilson,1959,9,1959-11-22,False,SFO,BAL,A,L,14,45,,1,14,0,0,0,0,0,0,0,0,,,1.4,2.4,24341,False,targets;fum_rec_td;ret_td,PFR+RULE2PT,19591122-SFO-BAL,False,ret_td;fum_rec_td,False,True,ret_td;fum_rec_td,
Billy Wilson,1959,10,1959-11-29,False,SFO,CLE,A,W,21,20,,2,27,1,0,0,0,0,0,0,0,,,8.7,10.7,24341,False,targets;fum_rec_td;ret_td,PFR+RULE2PT,19591129-SFO-CLE,False,ret_td;fum_rec_td,False,True,ret_td;fum_rec_td,
Billy Wilson,1959,11,1959-12-05,False,SFO,BAL,H,L,14,34,,3,31,0,0,0,0,0,0,0,0,,,3.1,6.1,24341,False,targets;fum_rec_td;ret_td,PFR+RULE2PT,19591205-BAL-SFO,False,ret_td;fum_rec_td,False,True,ret_td;fum_rec_td,
Billy Wilson,1959,12,1959-12-13,False,SFO,GNB,H,L,14,36,,5,41,0,0,0,0,0,0,0,0,,,4.1,9.1,24341,False,targets;fum_rec_td;ret_td,PFR+RULE2PT,19591213-GNB-SFO,False,ret_td;fum_rec_td,False,True,ret_td;fum_rec_td,
Sonny Randle,1959,1,1959-09-27,False,CRD,WAS,H,W,49,21,,5,91,1,0,0,0,0,0,0,0,,,15.1,20.1,18197,False,targets;fum_rec_td;ret_td,PFR+RULE2PT,19590927-WAS-CRD,False,ret_td;fum_rec_td,False,True,ret_td;fum_rec_td,
Sonny Randle,1959,2,1959-10-04,False,CRD,CLE,H,L,7,34,,3,22,0,0,0,0,0,0,0,0,,,2.2,5.2,18197,False,targets;fum_rec_td;ret_td,PFR+RULE2PT,19591004-CLE-CRD,False,ret_td;fum_rec_td,False,True,ret_td;fum_rec_td,
Sonny Randle,1959,3,1959-10-11,False,CRD,WAS,A,L,14,23,,5,54,0,0,0,0,0,0,0,0,,,5.4,10.4,18197,False,targets;fum_rec_td;ret_td,PFR+RULE2PT,19591011-CRD-WAS,False,ret_td;fum_rec_td,False,True,ret_td;fum_rec_td,
Sonny Randle,1959,10,1959-11-29,False,CRD,CHI,H,L,7,31,,1,4,0,0,0,0,0,0,0,0,,,0.4,1.4,18197,False,targets;fum_rec_td;ret_td,PFR+RULE2PT,19591129-CHI-CRD,False,ret_td;fum_rec_td,False,True,ret_td;fum_rec_td,
Sonny Randle,1959,12,1959-12-13,False,CRD,PIT,A,L,20,35,,1,31,0,0,0,0,0,0,0,0,,,3.1,4.1,18197,False,targets;fum_rec_td;ret_td,PFR+RULE2PT,19591213-CRD-PIT,False,ret_td;fum_rec_td,False,True,ret_td;fum_rec_td,
Bobby Joe Conrad,1959,1,1959-09-27,False,CRD,WAS,H,W,49,21,,1,5,1,11,140,2,0,0,0,0,,,32.5,33.5,4436,False,targets;fum_rec_td;ret_td,PFR+RULE2PT,19590927-WAS-CRD,False,ret_td;fum_rec_td,False,True,ret_td;fum_rec_td,
Bobby Joe Conrad,1959,2,1959-10-04,False,CRD,CLE,H,L,7,34,,0,0,0,4,8,0,0,0,0,0,,,0.8,0.8,4436,False,targets;fum_rec_td;ret_td,PFR+RULE2PT,19591004-CLE-CRD,False,ret_td;fum_rec_td,False,True,ret_td;fum_rec_td,
Bobby Joe Conrad,1959,3,1959-10-11,False,CRD,WAS,A,L,14,23,,1,15,0,3,11,0,30,0,0,0,,,3.8,4.8,4436,False,targets;fum_rec_td;ret_td,PFR+RULE2PT,19591011-CRD-WAS,False,ret_td;fum_rec_td,False,True,ret_td;fum_rec_td,
Bobby Joe Conrad,1959,4,1959-10-18,False,CRD,CLE,A,L,7,17,,2,21,0,5,9,0,0,0,0,0,,,3.0,5.0,4436,False,targets;fum_rec_td;ret_td,PFR+RULE2PT,19591018-CRD-CLE,False,ret_td;fum_rec_td,False,True,ret_td;fum_rec_td,
Bobby Joe Conrad,1959,5,1959-10-25,False,CRD,PHI,H,L,24,28,,1,1,0,10,53,0,0,0,1,0,,,3.4,4.4,4436,False,targets;fum_rec_td;ret_td,PFR+RULE2PT,19591025-PHI-CRD,False,ret_td;fum_rec_td,False,True,ret_td;fum_rec_td,
Bobby Joe Conrad,1959,6,1959-11-01,False,CRD,PIT,H,W,45,24,,1,5,1,10,88,0,52,1,0,0,,,21.38,22.38,4436,False,targets;fum_rec_td;ret_td,PFR+RULE2PT,19591101-PIT-CRD,False,ret_td;fum_rec_td,False,True,ret_td;fum_rec_td,
Bobby Joe Conrad,1959,7,1959-11-08,False,CRD,NYG,A,L,3,9,,0,0,0,7,6,0,0,0,0,0,,,0.6,0.6,4436,False,targets;fum_rec_td;ret_td,PFR+RULE2PT,19591108-CRD-NYG,False,ret_td;fum_rec_td,False,True,ret_td;fum_rec_td,
Bobby Joe Conrad,1959,8,1959-11-15,False,CRD,PHI,A,L,17,27,,1,-3,0,11,0,0,0,0,0,0,,,-0.3,0.7,4436,False,targets;fum_rec_td;ret_td,PFR+RULE2PT,19591115-CRD-PHI,False,ret_td;fum_rec_td,False,True,ret_td;fum_rec_td,
Bobby Joe Conrad,1959,9,1959-11-22,False,CRD,NYG,H,L,20,30,,1,7,0,4,-2,0,0,0,0,0,,,0.5,1.5,4436,False,targets;fum_rec_td;ret_td,PFR+RULE2PT,19591122-NYG-CRD,False,ret_td;fum_rec_td,False,True,ret_td;fum_rec_td,
Bobby Joe Conrad,1959,10,1959-11-29,False,CRD,CHI,H,L,7,31,,1,18,0,4,10,0,0,0,0,0,,,2.8,3.8,4436,False,targets;fum_rec_td;ret_td,PFR+RULE2PT,19591129-CHI-CRD,False,ret_td;fum_rec_td,False,True,ret_td;fum_rec_td,
Bobby Joe Conrad,1959,11,1959-12-06,False,CRD,DET,A,L,21,45,,1,36,0,1,-5,0,0,0,0,0,,,3.1,4.1,4436,False,targets;fum_rec_td;ret_td,PFR+RULE2PT,19591206-CRD-DET,False,ret_td;fum_rec_td,False,True,ret_td;fum_rec_td,
Bobby Joe Conrad,1959,12,1959-12-13,False,CRD,PIT,A,L,20,35,,4,37,1,4,10,0,0,0,0,0,,,10.7,14.7,4436,False,targets;fum_rec_td;ret_td,PFR+RULE2PT,19591213-CRD-PIT,False,ret_td;fum_rec_td,False,True,ret_td;fum_rec_td,
Frank Clarke,1957,2,1957-10-05,False,CLE,PIT,A,W,23,12,,1,10,0,0,0,0,0,0,0,0,,,1.0,2.0,4011,False,targets;fum_rec_td;ret_td,PFR+RULE2PT,19571005-CLE-PIT,False,ret_td;fum_rec_td,False,True,ret_td;fum_rec_td,
Frank Clarke,1957,4,1957-10-20,False,CLE,PHI,A,L,7,17,,2,55,0,0,0,0,0,0,0,0,,,5.5,7.5,4011,False,targets;fum_rec_td;ret_td,PFR+RULE2PT,19571020-CLE-PHI,False,ret_td;fum_rec_td,False,True,ret_td;fum_rec_td,
Frank Clarke,1957,7,1957-11-10,False,CLE,PIT,H,W,24,0,,1,12,0,0,0,0,0,0,0,0,,,1.2,2.2,4011,False,targets;fum_rec_td;ret_td,PFR+RULE2PT,19571110-PIT-CLE,False,ret_td;fum_rec_td,False,True,ret_td;fum_rec_td,
Frank Clarke,1957,13,1957-12-29,True,CLE,DET,A,L,14,59,,0,0,0,0,0,0,0,0,0,0,,,0.0,0.0,4011,False,targets;fum_rec_td;ret_td,PFR+RULE2PT,19571229-CLE-DET,False,ret_td;fum_rec_td,False,True,ret_td;fum_rec_td,
Frank Clarke,1958,3,1958-10-12,False,CLE,CRD,H,W,35,28,,2,57,0,0,0,0,0,0,0,0,,,5.7,7.7,4011,False,targets;fum_rec_td;ret_td,PFR+RULE2PT,19581012-CRD-CLE,False,ret_td;fum_rec_td,False,True,ret_td;fum_rec_td,
Frank Clarke,1958,4,1958-10-19,False,CLE,PIT,H,W,27,10,,1,34,0,0,0,0,0,0,0,0,,,3.4,4.4,4011,False,targets;fum_rec_td;ret_td,PFR+RULE2PT,19581019-PIT-CLE,False,ret_td;fum_rec_td,False,True,ret_td;fum_rec_td,
Frank Clarke,1958,13,1958-12-21,True,CLE,NYG,A,L,0,10,,0,0,0,0,0,0,0,0,0,0,,,0.0,0.0,4011,False,targets;fum_rec_td;ret_td,PFR+RULE2PT,19581221-CLE-NYG,False,ret_td;fum_rec_td,False,True,ret_td;fum_rec_td,
Frank Clarke,1959,5,1959-10-25,False,CLE,WAS,H,W,34,7,,2,35,0,0,0,0,0,0,0,0,,,3.5,5.5,4011,False,targets;fum_rec_td;ret_td,PFR+RULE2PT,19591025-WAS-CLE,False,ret_td;fum_rec_td,False,True,ret_td;fum_rec_td,
Frank Clarke,1959,11,1959-12-06,False,CLE,NYG,A,L,7,48,,1,9,0,0,0,0,0,0,0,0,,,0.9,1.9,4011,False,targets;fum_rec_td;ret_td,PFR+RULE2PT,19591206-CLE-NYG,False,ret_td;fum_rec_td,False,True,ret_td;fum_rec_td,
Buddy Dial,1959,5,1959-10-25,False,PIT,NYG,H,L,16,21,,4,146,1,0,0,0,0,0,0,0,,,20.6,24.6,5589,False,targets;fum_rec_td;ret_td,PFR+RULE2PT,19591025-NYG-PIT,False,ret_td;fum_rec_td,False,True,ret_td;fum_rec_td,
Buddy Dial,1959,6,1959-11-01,False,PIT,CRD,A,L,24,45,,3,72,1,0,0,0,0,0,0,0,,,13.2,16.2,5589,False,targets;fum_rec_td;ret_td,PFR+RULE2PT,19591101-PIT-CRD,False,ret_td;fum_rec_td,False,True,ret_td;fum_rec_td,
Buddy Dial,1959,8,1959-11-15,False,PIT,NYG,A,W,14,9,,1,12,0,0,0,0,0,0,0,0,,,1.2,2.2,5589,False,targets;fum_rec_td;ret_td,PFR+RULE2PT,19591115-PIT-NYG,False,ret_td;fum_rec_td,False,True,ret_td;fum_rec_td,
Buddy Dial,1959,10,1959-11-29,False,PIT,PHI,H,W,31,0,,1,12,1,0,0,0,0,0,0,0,,,7.2,8.2,5589,False,targets;fum_rec_td;ret_td,PFR+RULE2PT,19591129-PHI-PIT,False,ret_td;fum_rec_td,False,True,ret_td;fum_rec_td,
Buddy Dial,1959,11,1959-12-06,False,PIT,CHI,A,L,21,27,,4,106,1,0,0,0,0,0,0,0,,,16.6,20.6,5589,False,targets;fum_rec_td;ret_td,PFR+RULE2PT,19591206-PIT-CHI,False,ret_td;fum_rec_td,False,True,ret_td;fum_rec_td,
Buddy Dial,1959,12,1959-12-13,False,PIT,CRD,H,W,35,20,,3,80,2,0,0,0,0,0,0,0,,,20.0,23.0,5589,False,targets;fum_rec_td;ret_td,PFR+RULE2PT,19591213-CRD-PIT,False,ret_td;fum_rec_td,False,True,ret_td;fum_rec_td,
Bobby Walston,1951,1,1951-09-30,False,PHI,CRD,A,W,17,14,,2,56,1,0,0,0,0,0,0,0,,,11.6,13.6,23191,False,targets;fum_rec_td;ret_td,PFR+RULE2PT,19510930-PHI-CRD,False,ret_td;fum_rec_td,False,True,ret_td;fum_rec_td,
Bobby Walston,1951,2,1951-10-06,False,PHI,SFO,H,W,21,14,,2,27,0,0,0,0,0,0,0,0,,,2.7,4.7,23191,False,targets;fum_rec_td;ret_td,PFR+RULE2PT,19511006-SFO-PHI,False,ret_td;fum_rec_td,False,True,ret_td;fum_rec_td,
Bobby Walston,1951,3,1951-10-14,False,PHI,GNB,A,L,24,37,,3,53,0,0,0,0,0,0,0,0,,,5.3,8.3,23191,False,targets;fum_rec_td;ret_td,PFR+RULE2PT,19511014-PHI-GNB,False,ret_td;fum_rec_td,False,True,ret_td;fum_rec_td,
Bobby Walston,1951,4,1951-10-21,False,PHI,NYG,A,L,24,26,,6,118,2,0,0,0,0,0,0,0,,,23.8,29.8,23191,False,targets;fum_rec_td;ret_td,PFR+RULE2PT,19511021-PHI-NYG,False,ret_td;fum_rec_td,False,True,ret_td;fum_rec_td,
Bobby Walston,1951,5,1951-10-28,False,PHI,WAS,H,L,23,27,,2,55,1,0,0,0,0,0,0,0,,,11.5,13.5,23191,False,targets;fum_rec_td;ret_td,PFR+RULE2PT,19511028-WAS-PHI,False,ret_td;fum_rec_td,False,True,ret_td;fum_rec_td,
Bobby Walston,1951,6,1951-11-04,False,PHI,PIT,A,W,34,13,,1,22,1,0,0,0,0,0,0,0,,,8.2,9.2,23191,False,targets;fum_rec_td;ret_td,PFR+RULE2PT,19511104-PHI-PIT,False,ret_td;fum_rec_td,False,True,ret_td;fum_rec_td,
Bobby Walston,1951,7,1951-11-11,False,PHI,CLE,A,L,17,20,,2,18,0,0,0,0,0,0,0,0,,,1.8,3.8,23191,False,targets;fum_rec_td;ret_td,PFR+RULE2PT,19511111-PHI-CLE,False,ret_td;fum_rec_td,False,True,ret_td;fum_rec_td,
Bobby Walston,1951,10,1951-12-02,False,PHI,WAS,A,W,35,21,,2,24,2,0,0,0,0,0,0,0,,,14.4,16.4,23191,False,targets;fum_rec_td;ret_td,PFR+RULE2PT,19511202-PHI-WAS,False,ret_td;fum_rec_td,False,True,ret_td;fum_rec_td,
Bobby Walston,1951,12,1951-12-16,False,PHI,CLE,H,L,9,24,,6,67,1,0,0,0,0,0,0,0,,,12.7,18.7,23191,False,targets;fum_rec_td;ret_td,PFR+RULE2PT,19511216-CLE-PHI,False,ret_td;fum_rec_td,False,True,ret_td;fum_rec_td,
Bobby Walston,1952,3,1952-10-12,False,PHI,PIT,H,W,26,21,,1,40,0,0,0,0,0,0,0,0,,,4.0,5.0,23191,False,targets;fum_rec_td;ret_td,PFR+RULE2PT,19521012-PIT-PHI,False,ret_td;fum_rec_td,False,True,ret_td;fum_rec_td,
Bobby Walston,1952,4,1952-10-19,False,PHI,CLE,H,L,7,49,,3,44,0,0,0,0,0,0,0,0,,,4.4,7.4,23191,False,targets;fum_rec_td;ret_td,PFR+RULE2PT,19521019-CLE-PHI,False,ret_td;fum_rec_td,False,True,ret_td;fum_rec_td,
Bobby Walston,1952,5,1952-10-26,False,PHI,NYG,A,W,14,10,,0,0,1,0,0,0,0,0,0,0,,,6.0,6.0,23191,False,targets;fum_rec_td;ret_td,PFR+RULE2PT,19521026-PHI-NYG,False,ret_td;fum_rec_td,False,True,ret_td;fum_rec_td,
Bobby Walston,1952,6,1952-11-02,False,PHI,GNB,A,L,10,12,,3,30,0,0,0,0,0,0,0,0,,,3.0,6.0,23191,False,targets;fum_rec_td;ret_td,PFR+RULE2PT,19521102-PHI-GNB,False,ret_td;fum_rec_td,False,True,ret_td;fum_rec_td,
Bobby Walston,1952,9,1952-11-23,False,PHI,CLE,A,W,28,20,,4,121,1,0,0,0,0,0,0,0,,,18.1,22.1,23191,False,targets;fum_rec_td;ret_td,PFR+RULE2PT,19521123-PHI-CLE,False,ret_td;fum_rec_td,False,True,ret_td;fum_rec_td,
Bobby Walston,1952,10,1952-11-30,False,PHI,CRD,A,L,22,28,,1,8,1,0,0,0,0,0,0,0,,,6.8,7.8,23191,False,targets;fum_rec_td;ret_td,PFR+RULE2PT,19521130-PHI-CRD,False,ret_td;fum_rec_td,False,True,ret_td;fum_rec_td,
Bobby Walston,1952,12,1952-12-14,False,PHI,WAS,A,L,21,27,,1,8,0,0,0,0,0,0,0,0,,,0.8,1.8,23191,False,targets;fum_rec_td;ret_td,PFR+RULE2PT,19521214-PHI-WAS,False,ret_td;fum_rec_td,False,True,ret_td;fum_rec_td,
Bobby Walston,1953,1,1953-09-27,False,PHI,SFO,A,L,21,31,,5,62,1,0,0,0,0,0,0,0,,,12.2,17.2,23191,False,targets;fum_rec_td;ret_td,PFR+RULE2PT,19530927-PHI-SFO,False,ret_td;fum_rec_td,False,True,ret_td;fum_rec_td,
Bobby Walston,1953,2,1953-10-02,False,PHI,WAS,H,T,21,21,,4,74,0,0,0,0,0,0,0,0,,,7.4,11.4,23191,False,targets;fum_rec_td;ret_td,PFR+RULE2PT,19531002-WAS-PHI,False,ret_td;fum_rec_td,False,True,ret_td;fum_rec_td,
Bobby Walston,1953,3,1953-10-10,False,PHI,CLE,A,L,13,37,,4,110,0,0,0,0,0,0,0,0,,,11.0,15.0,23191,False,targets;fum_rec_td;ret_td,PFR+RULE2PT,19531010-PHI-CLE,False,ret_td;fum_rec_td,False,True,ret_td;fum_rec_td,
Bobby Walston,1953,5,1953-10-25,False,PHI,CRD,A,W,56,17,,5,51,0,0,0,0,0,0,0,0,,,5.1,10.1,23191,False,targets;fum_rec_td;ret_td,PFR+RULE2PT,19531025-PHI-CRD,False,ret_td;fum_rec_td,False,True,ret_td;fum_rec_td,
Bobby Walston,1953,6,1953-11-01,False,PHI,PIT,A,W,35,7,,1,21,1,0,0,0,0,0,0,0,,,8.1,9.1,23191,False,targets;fum_rec_td;ret_td,PFR+RULE2PT,19531101-PHI-PIT,False,ret_td;fum_rec_td,False,True,ret_td;fum_rec_td,
Bobby Walston,1953,7,1953-11-08,False,PHI,NYG,H,W,30,7,,8,176,2,0,0,0,0,0,0,0,,,29.6,37.6,23191,False,targets;fum_rec_td;ret_td,PFR+RULE2PT,19531108-NYG-PHI,False,ret_td;fum_rec_td,False,True,ret_td;fum_rec_td,
Bobby Walston,1953,8,1953-11-15,False,PHI,BAL,H,W,45,14,,7,110,0,0,0,0,0,0,0,0,,,11.0,18.0,23191,False,targets;fum_rec_td;ret_td,PFR+RULE2PT,19531115-BAL-PHI,False,ret_td;fum_rec_td,False,True,ret_td;fum_rec_td,
Bobby Walston,1953,9,1953-11-21,False,PHI,CRD,H,W,38,0,,2,60,0,0,0,0,0,0,0,0,,,6.0,8.0,23191,False,targets;fum_rec_td;ret_td,PFR+RULE2PT,19531121-CRD-PHI,False,ret_td;fum_rec_td,False,True,ret_td;fum_rec_td,
Bobby Walston,1953,10,1953-11-29,False,PHI,NYG,A,L,28,37,,3,59,0,0,0,0,0,0,0,0,,,5.9,8.9,23191,False,targets;fum_rec_td;ret_td,PFR+RULE2PT,19531129-PHI-NYG,False,ret_td;fum_rec_td,False,True,ret_td;fum_rec_td,
Bobby Walston,1953,12,1953-12-13,False,PHI,CLE,H,W,42,27,,2,27,1,0,0,0,0,0,0,0,,,8.7,10.7,23191,False,targets;fum_rec_td;ret_td,PFR+RULE2PT,19531213-CLE-PHI,False,ret_td;fum_rec_td,False,True,ret_td;fum_rec_td,
Bobby Walston,1954,1,1954-09-26,False,PHI,CLE,H,W,28,10,,2,14,1,0,0,0,0,0,0,0,,,7.4,9.4,23191,False,targets;fum_rec_td;ret_td,PFR+RULE2PT,19540926-CLE-PHI,False,ret_td;fum_rec_td,False,True,ret_td;fum_rec_td,
Bobby Walston,1954,2,1954-10-03,False,PHI,CRD,A,W,35,16,,5,110,3,0,0,0,0,0,0,0,,,29.0,34.0,23191,False,targets;fum_rec_td;ret_td,PFR+RULE2PT,19541003-PHI-CRD,False,ret_td;fum_rec_td,False,True,ret_td;fum_rec_td,
Bobby Walston,1954,3,1954-10-09,False,PHI,PIT,H,W,24,22,,4,66,1,0,0,0,0,0,0,0,,,12.6,16.6,23191,False,targets;fum_rec_td;ret_td,PFR+RULE2PT,19541009-PIT-PHI,False,ret_td;fum_rec_td,False,True,ret_td;fum_rec_td,
Bobby Walston,1954,4,1954-10-17,False,PHI,WAS,A,W,49,21,,6,90,3,0,0,0,0,0,0,0,,,27.0,33.0,23191,False,targets;fum_rec_td;ret_td,PFR+RULE2PT,19541017-PHI-WAS,False,ret_td;fum_rec_td,False,True,ret_td;fum_rec_td,
Bobby Walston,1954,5,1954-10-23,False,PHI,PIT,A,L,7,17,,2,35,0,0,0,0,0,0,0,0,,,3.5,5.5,23191,False,targets;fum_rec_td;ret_td,PFR+RULE2PT,19541023-PHI-PIT,False,ret_td;fum_rec_td,False,True,ret_td;fum_rec_td,
Bobby Walston,1954,8,1954-11-14,False,PHI,NYG,A,L,14,27,,1,30,1,0,0,0,0,0,0,0,,,9.0,10.0,23191,False,targets;fum_rec_td;ret_td,PFR+RULE2PT,19541114-PHI-NYG,False,ret_td;fum_rec_td,False,True,ret_td;fum_rec_td,
Bobby Walston,1954,9,1954-11-21,False,PHI,CLE,A,L,0,6,,3,44,0,0,0,0,0,0,0,0,,,4.4,7.4,23191,False,targets;fum_rec_td;ret_td,PFR+RULE2PT,19541121-PHI-CLE,False,ret_td;fum_rec_td,False,True,ret_td;fum_rec_td,
Bobby Walston,1954,10,1954-11-28,False,PHI,WAS,H,W,41,33,,4,63,0,0,0,0,0,0,0,0,,,6.3,10.3,23191,False,targets;fum_rec_td;ret_td,PFR+RULE2PT,19541128-WAS-PHI,False,ret_td;fum_rec_td,False,True,ret_td;fum_rec_td,
Bobby Walston,1954,11,1954-12-05,False,PHI,DET,A,T,13,13,,2,87,1,0,0,0,0,0,0,0,,,14.7,16.7,23191,False,targets;fum_rec_td;ret_td,PFR+RULE2PT,19541205-PHI-DET,False,ret_td;fum_rec_td,False,True,ret_td;fum_rec_td,
Bobby Walston,1954,12,1954-12-12,False,PHI,NYG,H,W,29,14,,2,42,1,0,0,0,0,0,0,0,,,10.2,12.2,23191,False,targets;fum_rec_td;ret_td,PFR+RULE2PT,19541212-NYG-PHI,False,ret_td;fum_rec_td,False,True,ret_td;fum_rec_td,
Bobby Walston,1955,1,1955-09-24,False,PHI,NYG,H,W,27,17,,3,60,0,0,0,0,0,0,0,0,,,6.0,9.0,23191,False,targets;fum_rec_td;ret_td,PFR+RULE2PT,19550924-NYG-PHI,False,ret_td;fum_rec_td,False,True,ret_td;fum_rec_td,
Bobby Walston,1955,2,1955-10-01,False,PHI,WAS,H,L,30,31,,3,62,0,0,0,0,0,0,0,0,,,6.2,9.2,23191,False,targets;fum_rec_td;ret_td,PFR+RULE2PT,19551001-WAS-PHI,False,ret_td;fum_rec_td,False,True,ret_td;fum_rec_td,
Bobby Walston,1955,3,1955-10-09,False,PHI,CLE,A,L,17,21,,3,39,0,0,0,0,0,0,0,0,,,3.9,6.9,23191,False,targets;fum_rec_td;ret_td,PFR+RULE2PT,19551009-PHI-CLE,False,ret_td;fum_rec_td,False,True,ret_td;fum_rec_td,
Bobby Walston,1955,4,1955-10-15,False,PHI,PIT,A,L,7,13,,2,26,0,0,0,0,0,0,0,0,,,2.6,4.6,23191,False,targets;fum_rec_td;ret_td,PFR+RULE2PT,19551015-PHI-PIT,False,ret_td;fum_rec_td,False,True,ret_td;fum_rec_td,
Bobby Walston,1955,5,1955-10-23,False,PHI,CRD,A,T,24,24,,3,40,0,0,0,0,0,0,0,0,,,4.0,7.0,23191,False,targets;fum_rec_td;ret_td,PFR+RULE2PT,19551023-PHI-CRD,False,ret_td;fum_rec_td,False,True,ret_td;fum_rec_td,
Bobby Walston,1955,6,1955-10-30,False,PHI,PIT,H,W,24,0,,1,15,0,0,0,0,0,0,0,0,,,1.5,2.5,23191,False,targets;fum_rec_td;ret_td,PFR+RULE2PT,19551030-PIT-PHI,False,ret_td;fum_rec_td,False,True,ret_td;fum_rec_td,
Bobby Walston,1955,7,1955-11-06,False,PHI,WAS,A,L,21,34,,6,91,1,0,0,0,0,0,0,0,,,15.1,21.1,23191,False,targets;fum_rec_td;ret_td,PFR+RULE2PT,19551106-PHI-WAS,False,ret_td;fum_rec_td,False,True,ret_td;fum_rec_td,
Bobby Walston,1955,8,1955-11-13,False,PHI,CLE,H,W,33,17,,1,14,0,0,0,0,0,0,0,0,,,1.4,2.4,23191,False,targets;fum_rec_td;ret_td,PFR+RULE2PT,19551113-CLE-PHI,False,ret_td;fum_rec_td,False,True,ret_td;fum_rec_td,
Bobby Walston,1955,10,1955-11-27,False,PHI,RAM,H,L,21,23,,2,76,2,0,0,0,0,0,0,0,,,19.6,21.6,23191,False,targets;fum_rec_td;ret_td,PFR+RULE2PT,19551127-RAM-PHI,False,ret_td;fum_rec_td,False,True,ret_td;fum_rec_td,
Bobby Walston,1955,11,1955-12-04,False,PHI,CRD,H,W,27,3,,2,7,0,0,0,0,0,0,0,0,,,0.7,2.7,23191,False,targets;fum_rec_td;ret_td,PFR+RULE2PT,19551204-CRD-PHI,False,ret_td;fum_rec_td,False,True,ret_td;fum_rec_td,
Bobby Walston,1955,12,1955-12-11,False,PHI,CHI,A,L,10,17,,1,13,0,1,-3,0,0,0,0,0,,,1.0,2.0,23191,False,targets;fum_rec_td;ret_td,PFR+RULE2PT,19551211-PHI-CHI,False,ret_td;fum_rec_td,False,True,ret_td;fum_rec_td,
Bobby Walston,1956,1,1956-09-30,False,PHI,RAM,A,L,7,27,,5,115,0,0,0,0,0,0,0,0,,,11.5,16.5,23191,False,targets;fum_rec_td;ret_td,PFR+RULE2PT,19560930-PHI-RAM,False,ret_td;fum_rec_td,False,True,ret_td;fum_rec_td,
Bobby Walston,1956,2,1956-10-06,False,PHI,WAS,H,W,13,9,,3,28,0,0,0,0,0,0,0,0,,,2.8,5.8,23191,False,targets;fum_rec_td;ret_td,PFR+RULE2PT,19561006-WAS-PHI,False,ret_td;fum_rec_td,False,True,ret_td;fum_rec_td,
Bobby Walston,1956,3,1956-10-14,False,PHI,PIT,A,W,35,21,,4,108,1,0,0,0,0,0,0,0,,,16.8,20.8,23191,False,targets;fum_rec_td;ret_td,PFR+RULE2PT,19561014-PHI-PIT,False,ret_td;fum_rec_td,False,True,ret_td;fum_rec_td,
Bobby Walston,1956,4,1956-10-21,False,PHI,CRD,H,L,6,20,,4,38,0,0,0,0,0,0,0,0,,,3.8,7.8,23191,False,targets;fum_rec_td;ret_td,PFR+RULE2PT,19561021-CRD-PHI,False,ret_td;fum_rec_td,False,True,ret_td;fum_rec_td,
Bobby Walston,1956,5,1956-10-28,False,PHI,NYG,A,L,3,20,,3,28,0,0,0,0,0,0,0,0,,,2.8,5.8,23191,False,targets;fum_rec_td;ret_td,PFR+RULE2PT,19561028-PHI-NYG,False,ret_td;fum_rec_td,False,True,ret_td;fum_rec_td,
Bobby Walston,1956,6,1956-11-04,False,PHI,CRD,A,L,17,28,,2,23,0,0,0,0,0,0,0,0,,,2.3,4.3,23191,False,targets;fum_rec_td;ret_td,PFR+RULE2PT,19561104-PHI-CRD,False,ret_td;fum_rec_td,False,True,ret_td;fum_rec_td,
Bobby Walston,1956,7,1956-11-11,False,PHI,PIT,H,W,14,7,,3,53,0,0,0,0,0,0,0,0,,,5.3,8.3,23191,False,targets;fum_rec_td;ret_td,PFR+RULE2PT,19561111-PIT-PHI,False,ret_td;fum_rec_td,False,True,ret_td;fum_rec_td,
Bobby Walston,1956,8,1956-11-18,False,PHI,CLE,H,L,0,16,,1,11,0,0,0,0,0,0,0,0,,,1.1,2.1,23191,False,targets;fum_rec_td;ret_td,PFR+RULE2PT,19561118-CLE-PHI,False,ret_td;fum_rec_td,False,True,ret_td;fum_rec_td,
Bobby Walston,1956,9,1956-11-25,False,PHI,SFO,H,T,10,10,,3,59,1,0,0,0,0,0,0,0,,,11.9,14.9,23191,False,targets;fum_rec_td;ret_td,PFR+RULE2PT,19561125-SFO-PHI,False,ret_td;fum_rec_td,False,True,ret_td;fum_rec_td,
Bobby Walston,1956,10,1956-12-02,False,PHI,CLE,A,L,14,17,,5,49,0,0,0,0,0,0,0,0,,,4.9,9.9,23191,False,targets;fum_rec_td;ret_td,PFR+RULE2PT,19561202-PHI-CLE,False,ret_td;fum_rec_td,False,True,ret_td;fum_rec_td,
Bobby Walston,1956,11,1956-12-09,False,PHI,WAS,A,L,17,19,,1,9,0,0,0,0,0,0,0,0,,,0.9,1.9,23191,False,targets;fum_rec_td;ret_td,PFR+RULE2PT,19561209-PHI-WAS,False,ret_td;fum_rec_td,False,True,ret_td;fum_rec_td,
Bobby Walston,1956,12,1956-12-15,False,PHI,NYG,H,L,7,21,,5,69,1,0,0,0,0,0,0,0,,,12.9,17.9,23191,False,targets;fum_rec_td;ret_td,PFR+RULE2PT,19561215-NYG-PHI,False,ret_td;fum_rec_td,False,True,ret_td;fum_rec_td,
Bobby Walston,1957,3,1957-10-13,False,PHI,CLE,A,L,7,24,,1,6,0,0,0,0,0,0,0,0,,,0.6,1.6,23191,False,targets;fum_rec_td;ret_td,PFR+RULE2PT,19571013-PHI-CLE,False,ret_td;fum_rec_td,False,True,ret_td;fum_rec_td,
Bobby Walston,1957,6,1957-11-03,False,PHI,CRD,A,W,38,21,,2,57,1,1,7,0,0,0,0,0,,,12.4,14.4,23191,False,targets;fum_rec_td;ret_td,PFR+RULE2PT,19571103-PHI-CRD,False,ret_td;fum_rec_td,False,True,ret_td;fum_rec_td,
Bobby Walston,1957,7,1957-11-10,False,PHI,DET,H,L,16,27,,2,71,0,0,0,0,0,0,0,0,,,7.1,9.1,23191,False,targets;fum_rec_td;ret_td,PFR+RULE2PT,19571110-DET-PHI,False,ret_td;fum_rec_td,False,True,ret_td;fum_rec_td,
Bobby Walston,1957,8,1957-11-17,False,PHI,NYG,A,L,0,13,,1,37,0,0,0,0,0,0,0,0,,,3.7,4.7,23191,False,targets;fum_rec_td;ret_td,PFR+RULE2PT,19571117-PHI-NYG,False,ret_td;fum_rec_td,False,True,ret_td;fum_rec_td,
Bobby Walston,1957,9,1957-11-24,False,PHI,WAS,H,W,21,12,,2,61,0,0,0,0,0,0,0,0,,,6.1,8.1,23191,False,targets;fum_rec_td;ret_td,PFR+RULE2PT,19571124-WAS-PHI,False,ret_td;fum_rec_td,False,True,ret_td;fum_rec_td,
Bobby Walston,1957,11,1957-12-08,False,PHI,WAS,A,L,7,42,,2,28,0,0,0,0,0,0,0,0,,,2.8,4.8,23191,False,targets;fum_rec_td;ret_td,PFR+RULE2PT,19571208-PHI-WAS,False,ret_td;fum_rec_td,False,True,ret_td;fum_rec_td,
Bobby Walston,1957,12,1957-12-14,False,PHI,CRD,H,L,27,31,,1,6,0,0,0,0,0,0,0,0,,,0.6,1.6,23191,False,targets;fum_rec_td;ret_td,PFR+RULE2PT,19571214-CRD-PHI,False,ret_td;fum_rec_td,False,True,ret_td;fum_rec_td,
Bobby Walston,1958,1,1958-09-28,False,PHI,WAS,H,L,14,24,,1,9,0,0,0,0,0,0,0,0,,,0.9,1.9,23191,False,targets;fum_rec_td;ret_td,PFR+RULE2PT,19580928-WAS-PHI,False,ret_td;fum_rec_td,False,True,ret_td;fum_rec_td,
Bobby Walston,1958,2,1958-10-05,False,PHI,NYG,H,W,27,24,,3,30,0,0,0,0,0,0,0,0,,,3.0,6.0,23191,False,targets;fum_rec_td;ret_td,PFR+RULE2PT,19581005-NYG-PHI,False,ret_td;fum_rec_td,False,True,ret_td;fum_rec_td,
Bobby Walston,1958,3,1958-10-12,False,PHI,PIT,A,L,3,24,,1,14,0,0,0,0,0,0,0,0,,,1.4,2.4,23191,False,targets;fum_rec_td;ret_td,PFR+RULE2PT,19581012-PHI-PIT,False,ret_td;fum_rec_td,False,True,ret_td;fum_rec_td,
Bobby Walston,1958,4,1958-10-19,False,PHI,SFO,H,L,24,30,,6,74,1,0,0,0,0,0,0,0,,,13.4,19.4,23191,False,targets;fum_rec_td;ret_td,PFR+RULE2PT,19581019-SFO-PHI,False,ret_td;fum_rec_td,False,True,ret_td;fum_rec_td,
Bobby Walston,1958,6,1958-11-02,False,PHI,CRD,A,T,21,21,,3,46,0,0,0,0,0,0,0,0,,,4.6,7.6,23191,False,targets;fum_rec_td;ret_td,PFR+RULE2PT,19581102-PHI-CRD,False,ret_td;fum_rec_td,False,True,ret_td;fum_rec_td,
Bobby Walston,1958,7,1958-11-09,False,PHI,PIT,H,L,24,31,,1,14,0,0,0,0,0,0,0,0,,,1.4,2.4,23191,False,targets;fum_rec_td;ret_td,PFR+RULE2PT,19581109-PIT-PHI,False,ret_td;fum_rec_td,False,True,ret_td;fum_rec_td,
Bobby Walston,1958,8,1958-11-16,False,PHI,CRD,H,W,49,21,,1,71,1,0,0,0,0,0,0,0,,,13.1,14.1,23191,False,targets;fum_rec_td;ret_td,PFR+RULE2PT,19581116-CRD-PHI,False,ret_td;fum_rec_td,False,True,ret_td;fum_rec_td,
Bobby Walston,1958,10,1958-11-30,False,PHI,NYG,A,L,10,24,,5,40,1,0,0,0,0,0,0,0,,,10.0,15.0,23191,False,targets;fum_rec_td;ret_td,PFR+RULE2PT,19581130-PHI-NYG,False,ret_td;fum_rec_td,False,True,ret_td;fum_rec_td,
Bobby Walston,1959,1,1959-09-27,False,PHI,SFO,A,L,14,24,,2,24,1,0,0,0,0,0,0,0,,,8.4,10.4,23191,False,targets;fum_rec_td;ret_td,PFR+RULE2PT,19590927-PHI-SFO,False,ret_td;fum_rec_td,False,True,ret_td;fum_rec_td,
Bobby Walston,1959,2,1959-10-04,False,PHI,NYG,H,W,49,21,,0,0,0,1,7,0,0,0,0,0,,,0.7,0.7,23191,False,targets;fum_rec_td;ret_td,PFR+RULE2PT,19591004-NYG-PHI,False,ret_td;fum_rec_td,False,True,ret_td;fum_rec_td,
Bobby Walston,1959,3,1959-10-11,False,PHI,PIT,H,W,28,24,,2,25,0,1,1,0,0,0,0,0,,,2.6,4.6,23191,False,targets;fum_rec_td;ret_td,PFR+RULE2PT,19591011-PIT-PHI,False,ret_td;fum_rec_td,False,True,ret_td;fum_rec_td,
Bobby Walston,1959,4,1959-10-18,False,PHI,NYG,A,L,7,24,,1,18,0,0,0,0,0,0,0,0,,,1.8,2.8,23191,False,targets;fum_rec_td;ret_td,PFR+RULE2PT,19591018-PHI-NYG,False,ret_td;fum_rec_td,False,True,ret_td;fum_rec_td,
Bobby Walston,1959,6,1959-11-01,False,PHI,WAS,H,W,30,23,,1,22,1,0,0,0,0,0,0,0,,,8.2,9.2,23191,False,targets;fum_rec_td;ret_td,PFR+RULE2PT,19591101-WAS-PHI,False,ret_td;fum_rec_td,False,True,ret_td;fum_rec_td,
Bobby Walston,1959,7,1959-11-08,False,PHI,CLE,A,L,7,28,,2,17,0,0,0,0,0,0,0,0,,,1.7,3.7,23191,False,targets;fum_rec_td;ret_td,PFR+RULE2PT,19591108-PHI-CLE,False,ret_td;fum_rec_td,False,True,ret_td;fum_rec_td,
Bobby Walston,1959,9,1959-11-22,False,PHI,RAM,H,W,23,20,,3,92,0,0,0,0,0,0,0,0,,,9.2,12.2,23191,False,targets;fum_rec_td;ret_td,PFR+RULE2PT,19591122-RAM-PHI,False,ret_td;fum_rec_td,False,True,ret_td;fum_rec_td,
Bobby Walston,1959,10,1959-11-29,False,PHI,PIT,A,L,0,31,,1,13,0,0,0,0,0,0,0,0,,,1.3,2.3,23191,False,targets;fum_rec_td;ret_td,PFR+RULE2PT,19591129-PHI-PIT,False,ret_td;fum_rec_td,False,True,ret_td;fum_rec_td,
Bobby Walston,1959,11,1959-12-06,False,PHI,WAS,A,W,34,14,,1,24,0,0,0,0,0,0,0,0,,,2.4,3.4,23191,False,targets;fum_rec_td;ret_td,PFR+RULE2PT,19591206-PHI-WAS,False,ret_td;fum_rec_td,False,True,ret_td;fum_rec_td,
Bobby Walston,1959,12,1959-12-13,False,PHI,CLE,H,L,21,28,,3,44,1,0,0,0,0,0,0,0,,,10.4,13.4,23191,False,targets;fum_rec_td;ret_td,PFR+RULE2PT,19591213-CLE-PHI,False,ret_td;fum_rec_td,False,True,ret_td;fum_rec_td,
Johnny Morris,1958,1,1958-09-28,False,CHI,GNB,A,W,34,20,,0,0,0,1,3,0,0,0,0,0,,,0.3,0.3,15837,False,targets;fum_rec_td;ret_td,PFR+RULE2PT,19580928-CHI-GNB,False,ret_td;fum_rec_td,False,True,ret_td;fum_rec_td,
Johnny Morris,1958,2,1958-10-04,False,CHI,BAL,A,L,38,51,,3,53,0,5,6,1,0,0,0,0,,,11.9,14.9,15837,False,targets;fum_rec_td;ret_td,PFR+RULE2PT,19581004-CHI-BAL,False,ret_td;fum_rec_td,False,True,ret_td;fum_rec_td,
Johnny Morris,1958,3,1958-10-12,False,CHI,SFO,H,W,28,6,,0,0,0,6,36,1,0,0,0,0,,,9.6,9.6,15837,False,targets;fum_rec_td;ret_td,PFR+RULE2PT,19581012-SFO-CHI,False,ret_td;fum_rec_td,False,True,ret_td;fum_rec_td,
Johnny Morris,1958,4,1958-10-19,False,CHI,RAM,H,W,31,10,,1,51,0,0,0,0,0,0,0,0,,,5.1,6.1,15837,False,targets;fum_rec_td;ret_td,PFR+RULE2PT,19581019-RAM-CHI,False,ret_td;fum_rec_td,False,True,ret_td;fum_rec_td,
Johnny Morris,1958,5,1958-10-26,False,CHI,SFO,A,W,27,14,,2,13,0,6,21,0,0,0,0,0,,,3.4,5.4,15837,False,targets;fum_rec_td;ret_td,PFR+RULE2PT,19581026-CHI-SFO,False,ret_td;fum_rec_td,False,True,ret_td;fum_rec_td,
Johnny Morris,1958,6,1958-11-02,False,CHI,RAM,A,L,35,41,,2,27,0,6,23,0,0,0,0,0,,,5.0,7.0,15837,False,targets;fum_rec_td;ret_td,PFR+RULE2PT,19581102-CHI-RAM,False,ret_td;fum_rec_td,False,True,ret_td;fum_rec_td,
Johnny Morris,1958,7,1958-11-09,False,CHI,GNB,H,W,24,10,,1,8,0,11,79,0,0,0,0,0,,,8.7,9.7,15837,False,targets;fum_rec_td;ret_td,PFR+RULE2PT,19581109-GNB-CHI,False,ret_td;fum_rec_td,False,True,ret_td;fum_rec_td,
Johnny Morris,1958,8,1958-11-16,False,CHI,BAL,H,L,0,17,,1,9,0,4,5,0,0,0,0,0,,,1.4,2.4,15837,False,targets;fum_rec_td;ret_td,PFR+RULE2PT,19581116-BAL-CHI,False,ret_td;fum_rec_td,False,True,ret_td;fum_rec_td,
Johnny Morris,1958,9,1958-11-23,False,CHI,DET,A,W,20,7,,1,9,0,8,49,0,0,0,0,0,,,5.8,6.8,15837,False,targets;fum_rec_td;ret_td,PFR+RULE2PT,19581123-CHI-DET,False,ret_td;fum_rec_td,False,True,ret_td;fum_rec_td,
Johnny Morris,1958,10,1958-11-30,False,CHI,PIT,A,L,10,24,,0,0,0,3,11,0,0,0,0,0,,,1.1,1.1,15837,False,targets;fum_rec_td;ret_td,PFR+RULE2PT,19581130-CHI-PIT,False,ret_td;fum_rec_td,False,True,ret_td;fum_rec_td,
Johnny Morris,1958,12,1958-12-14,False,CHI,DET,H,W,21,16,,0,0,0,2,6,0,0,0,0,0,,,0.6,0.6,15837,False,targets;fum_rec_td;ret_td,PFR+RULE2PT,19581214-DET-CHI,False,ret_td;fum_rec_td,False,True,ret_td;fum_rec_td,
Johnny Morris,1959,1,1959-09-27,False,CHI,GNB,A,L,6,9,,0,0,0,5,23,0,0,0,0,0,,,2.3,2.3,15837,False,targets;fum_rec_td;ret_td,PFR+RULE2PT,19590927-CHI-GNB,False,ret_td;fum_rec_td,False,True,ret_td;fum_rec_td,
Johnny Morris,1959,2,1959-10-03,False,CHI,BAL,A,W,26,21,,0,0,0,6,32,0,0,0,0,0,,,3.2,3.2,15837,False,targets;fum_rec_td;ret_td,PFR+RULE2PT,19591003-CHI-BAL,False,ret_td;fum_rec_td,False,True,ret_td;fum_rec_td,
Johnny Morris,1959,3,1959-10-11,False,CHI,RAM,H,L,21,28,,1,40,0,4,6,0,0,0,0,0,,,4.6,5.6,15837,False,targets;fum_rec_td;ret_td,PFR+RULE2PT,19591011-RAM-CHI,False,ret_td;fum_rec_td,False,True,ret_td;fum_rec_td,
Johnny Morris,1959,4,1959-10-18,False,CHI,BAL,H,L,7,21,,0,0,0,3,5,0,0,0,0,0,,,0.5,0.5,15837,False,targets;fum_rec_td;ret_td,PFR+RULE2PT,19591018-BAL-CHI,False,ret_td;fum_rec_td,False,True,ret_td;fum_rec_td,
Johnny Morris,1959,5,1959-10-25,False,CHI,SFO,A,L,17,20,,1,21,0,2,14,0,0,0,0,0,,,3.5,4.5,15837,False,targets;fum_rec_td;ret_td,PFR+RULE2PT,19591025-CHI-SFO,False,ret_td;fum_rec_td,False,True,ret_td;fum_rec_td,
Johnny Morris,1959,6,1959-11-01,False,CHI,RAM,A,W,26,21,,5,69,1,8,32,0,0,0,0,0,,,16.1,21.1,15837,False,targets;fum_rec_td;ret_td,PFR+RULE2PT,19591101-CHI-RAM,False,ret_td;fum_rec_td,False,True,ret_td;fum_rec_td,
Johnny Morris,1959,7,1959-11-08,False,CHI,GNB,H,W,28,17,,0,0,0,17,52,0,0,0,0,0,,,5.2,5.2,15837,False,targets;fum_rec_td;ret_td,PFR+RULE2PT,19591108-GNB-CHI,False,ret_td;fum_rec_td,False,True,ret_td;fum_rec_td,
Johnny Morris,1959,8,1959-11-15,False,CHI,SFO,H,W,14,3,,3,69,1,3,14,0,0,0,0,0,,,14.3,17.3,15837,False,targets;fum_rec_td;ret_td,PFR+RULE2PT,19591115-SFO-CHI,False,ret_td;fum_rec_td,False,True,ret_td;fum_rec_td,
Johnny Morris,1959,9,1959-11-22,False,CHI,DET,A,W,24,14,,0,0,0,5,8,0,0,0,0,0,,,0.8,0.8,15837,False,targets;fum_rec_td;ret_td,PFR+RULE2PT,19591122-CHI-DET,False,ret_td;fum_rec_td,False,True,ret_td;fum_rec_td,
Johnny Morris,1959,10,1959-11-29,False,CHI,CRD,A,W,31,7,,1,0,0,12,23,0,0,0,0,0,,,2.3,3.3,15837,False,targets;fum_rec_td;ret_td,PFR+RULE2PT,19591129-CHI-CRD,False,ret_td;fum_rec_td,False,True,ret_td;fum_rec_td,
Johnny Morris,1959,11,1959-12-06,False,CHI,PIT,H,W,27,21,,1,-2,0,15,73,0,0,0,0,0,,,7.1,8.1,15837,False,targets;fum_rec_td;ret_td,PFR+RULE2PT,19591206-PIT-CHI,False,ret_td;fum_rec_td,False,True,ret_td;fum_rec_td,
Johnny Morris,1959,12,1959-12-13,False,CHI,DET,H,W,25,14,,1,0,0,7,30,0,0,0,0,0,,,3.0,4.0,15837,False,targets;fum_rec_td;ret_td,PFR+RULE2PT,19591213-DET-CHI,False,ret_td;fum_rec_td,False,True,ret_td;fum_rec_td,
Kyle Rote,1951,1,1951-10-01,False,NYG,PIT,A,T,13,13,,0,0,0,5,42,0,0,0,0,0,,,4.2,4.2,19135,False,targets;fum_rec_td;ret_td,PFR+RULE2PT,19511001-NYG-PIT,False,ret_td;fum_rec_td,False,True,ret_td;fum_rec_td,
Kyle Rote,1951,3,1951-10-14,False,NYG,CRD,H,W,28,17,,0,0,0,0,0,1,0,0,0,0,,,6.0,6.0,19135,False,targets;fum_rec_td;ret_td,PFR+RULE2PT,19511014-CRD-NYG,False,ret_td;fum_rec_td,False,True,ret_td;fum_rec_td,
Kyle Rote,1951,4,1951-10-21,False,NYG,PHI,H,W,26,24,,1,8,0,2,2,0,0,0,0,0,,,1.0,2.0,19135,False,targets;fum_rec_td;ret_td,PFR+RULE2PT,19511021-PHI-NYG,False,ret_td;fum_rec_td,False,True,ret_td;fum_rec_td,
Kyle Rote,1952,1,1952-09-28,False,NYG,DTX,A,W,24,6,,0,0,0,1,52,1,0,0,0,0,,,11.2,11.2,19135,False,targets;fum_rec_td;ret_td,PFR+RULE2PT,19520928-NYG-DTX,False,ret_td;fum_rec_td,False,True,ret_td;fum_rec_td,
Kyle Rote,1952,2,1952-10-04,False,NYG,PHI,A,W,31,7,,1,24,0,6,19,0,0,0,0,0,,,4.3,5.3,19135,False,targets;fum_rec_td;ret_td,PFR+RULE2PT,19521004-NYG-PHI,False,ret_td;fum_rec_td,False,True,ret_td;fum_rec_td,
Kyle Rote,1952,3,1952-10-12,False,NYG,CLE,A,W,17,9,,0,0,0,9,62,0,0,0,0,0,,,6.2,6.2,19135,False,targets;fum_rec_td;ret_td,PFR+RULE2PT,19521012-NYG-CLE,False,ret_td;fum_rec_td,False,True,ret_td;fum_rec_td,
Kyle Rote,1952,4,1952-10-19,False,NYG,CRD,H,L,23,24,,2,34,1,7,1,0,0,0,0,0,,,9.5,11.5,19135,False,targets;fum_rec_td;ret_td,PFR+RULE2PT,19521019-CRD-NYG,False,ret_td;fum_rec_td,False,True,ret_td;fum_rec_td,
Kyle Rote,1952,5,1952-10-26,False,NYG,PHI,H,L,10,14,,0,0,0,7,12,0,0,0,0,0,,,1.2,1.2,19135,False,targets;fum_rec_td;ret_td,PFR+RULE2PT,19521026-PHI-NYG,False,ret_td;fum_rec_td,False,True,ret_td;fum_rec_td,
Kyle Rote,1952,6,1952-11-02,False,NYG,CRD,A,W,28,6,,0,0,0,12,31,0,0,0,0,0,,,3.1,3.1,19135,False,targets;fum_rec_td;ret_td,PFR+RULE2PT,19521102-NYG-CRD,False,ret_td;fum_rec_td,False,True,ret_td;fum_rec_td,
Kyle Rote,1952,7,1952-11-09,False,NYG,SFO,H,W,23,14,,2,14,0,14,75,0,0,0,0,0,,,8.9,10.9,19135,False,targets;fum_rec_td;ret_td,PFR+RULE2PT,19521109-SFO-NYG,False,ret_td;fum_rec_td,False,True,ret_td;fum_rec_td,
Kyle Rote,1952,8,1952-11-16,False,NYG,GNB,H,L,3,17,,1,12,0,13,47,0,0,0,0,0,,,5.9,6.9,19135,False,targets;fum_rec_td;ret_td,PFR+RULE2PT,19521116-GNB-NYG,False,ret_td;fum_rec_td,False,True,ret_td;fum_rec_td,
Kyle Rote,1952,9,1952-11-23,False,NYG,WAS,A,W,14,10,,3,35,0,8,30,1,0,0,0,0,,,12.5,15.5,19135,False,targets;fum_rec_td;ret_td,PFR+RULE2PT,19521123-NYG-WAS,False,ret_td;fum_rec_td,False,True,ret_td;fum_rec_td,
Kyle Rote,1952,10,1952-11-30,False,NYG,PIT,A,L,7,63,,2,11,0,0,0,0,0,0,0,0,,,1.1,3.1,19135,False,targets;fum_rec_td;ret_td,PFR+RULE2PT,19521130-NYG-PIT,False,ret_td;fum_rec_td,False,True,ret_td;fum_rec_td,
Kyle Rote,1952,11,1952-12-07,False,NYG,WAS,H,L,17,27,,0,0,0,13,61,0,72,1,0,0,,,12.98,12.98,19135,False,targets;fum_rec_td;ret_td,PFR+RULE2PT,19521207-WAS-NYG,False,ret_td;fum_rec_td,False,True,ret_td;fum_rec_td,
Kyle Rote,1952,12,1952-12-14,False,NYG,CLE,H,W,37,34,,7,73,1,13,31,0,41,0,0,0,,,18.04,25.04,19135,False,targets;fum_rec_td;ret_td,PFR+RULE2PT,19521214-CLE-NYG,False,ret_td;fum_rec_td,False,True,ret_td;fum_rec_td,
Kyle Rote,1953,1,1953-09-27,False,NYG,RAM,A,L,7,21,,4,31,0,8,39,0,0,0,0,0,,,7.0,11.0,19135,False,targets;fum_rec_td;ret_td,PFR+RULE2PT,19530927-NYG-RAM,False,ret_td;fum_rec_td,False,True,ret_td;fum_rec_td,
Kyle Rote,1953,2,1953-10-03,False,NYG,PIT,A,L,14,24,,0,0,0,3,4,0,0,0,0,0,,,0.4,0.4,19135,False,targets;fum_rec_td;ret_td,PFR+RULE2PT,19531003-NYG-PIT,False,ret_td;fum_rec_td,False,True,ret_td;fum_rec_td,
Kyle Rote,1953,5,1953-10-25,False,NYG,CLE,H,L,0,7,,3,38,0,1,-1,0,0,0,0,0,,,3.7,6.7,19135,False,targets;fum_rec_td;ret_td,PFR+RULE2PT,19531025-CLE-NYG,False,ret_td;fum_rec_td,False,True,ret_td;fum_rec_td,
Kyle Rote,1953,6,1953-11-01,False,NYG,CRD,A,W,23,20,,3,112,2,5,38,0,0,0,0,0,,,27.0,30.0,19135,False,targets;fum_rec_td;ret_td,PFR+RULE2PT,19531101-NYG-CRD,False,ret_td;fum_rec_td,False,True,ret_td;fum_rec_td,
Kyle Rote,1953,7,1953-11-08,False,NYG,PHI,A,L,7,30,,1,1,0,10,38,0,0,0,1,0,,,1.9,2.9,19135,False,targets;fum_rec_td;ret_td,PFR+RULE2PT,19531108-NYG-PHI,False,ret_td;fum_rec_td,False,True,ret_td;fum_rec_td,
Kyle Rote,1953,8,1953-11-15,False,NYG,PIT,H,L,10,14,,3,31,0,13,28,0,45,0,0,0,,,7.7,10.7,19135,False,targets;fum_rec_td;ret_td,PFR+RULE2PT,19531115-PIT-NYG,False,ret_td;fum_rec_td,False,True,ret_td;fum_rec_td,
Kyle Rote,1953,9,1953-11-22,False,NYG,WAS,H,L,21,24,,8,126,1,13,47,0,0,0,0,0,,,23.3,31.3,19135,False,targets;fum_rec_td;ret_td,PFR+RULE2PT,19531122-WAS-NYG,False,ret_td;fum_rec_td,False,True,ret_td;fum_rec_td,
Kyle Rote,1953,10,1953-11-29,False,NYG,PHI,H,W,37,28,,4,101,2,10,20,1,0,0,0,0,,,30.1,34.1,19135,False,targets;fum_rec_td;ret_td,PFR+RULE2PT,19531129-PHI-NYG,False,ret_td;fum_rec_td,False,True,ret_td;fum_rec_td,
Kyle Rote,1954,2,1954-10-02,False,NYG,BAL,A,L,14,20,,4,36,0,1,5,0,0,0,0,0,,,4.1,8.1,19135,False,targets;fum_rec_td;ret_td,PFR+RULE2PT,19541002-NYG-BAL,False,ret_td;fum_rec_td,False,True,ret_td;fum_rec_td,
Kyle Rote,1954,3,1954-10-10,False,NYG,WAS,A,W,51,21,,5,86,0,3,17,0,0,0,0,0,,,10.3,15.3,19135,False,targets;fum_rec_td;ret_td,PFR+RULE2PT,19541010-NYG-WAS,False,ret_td;fum_rec_td,False,True,ret_td;fum_rec_td,
Kyle Rote,1954,4,1954-10-17,False,NYG,CRD,H,W,31,17,,0,0,0,4,7,0,18,1,0,0,,,5.42,5.42,19135,False,targets;fum_rec_td;ret_td,PFR+RULE2PT,19541017-CRD-NYG,False,ret_td;fum_rec_td,False,True,ret_td;fum_rec_td,
Kyle Rote,1954,5,1954-10-24,False,NYG,WAS,H,W,24,7,,3,43,0,5,12,0,18,0,0,0,,,6.22,9.22,19135,False,targets;fum_rec_td;ret_td,PFR+RULE2PT,19541024-WAS-NYG,False,ret_td;fum_rec_td,False,True,ret_td;fum_rec_td,
Kyle Rote,1954,6,1954-10-31,False,NYG,CLE,A,L,14,24,,0,0,0,4,5,0,0,0,0,0,,,0.5,0.5,19135,False,targets;fum_rec_td;ret_td,PFR+RULE2PT,19541031-NYG-CLE,False,ret_td;fum_rec_td,False,True,ret_td;fum_rec_td,
Kyle Rote,1954,7,1954-11-07,False,NYG,PIT,A,W,30,6,,3,45,1,4,4,0,0,0,0,0,,,10.9,13.9,19135,False,targets;fum_rec_td;ret_td,PFR+RULE2PT,19541107-NYG-PIT,False,ret_td;fum_rec_td,False,True,ret_td;fum_rec_td,
Kyle Rote,1954,8,1954-11-14,False,NYG,PHI,H,W,27,14,,2,44,0,5,12,0,0,0,0,0,,,5.6,7.6,19135,False,targets;fum_rec_td;ret_td,PFR+RULE2PT,19541114-PHI-NYG,False,ret_td;fum_rec_td,False,True,ret_td;fum_rec_td,
Kyle Rote,1954,9,1954-11-21,False,NYG,RAM,H,L,16,17,,2,14,0,0,0,0,0,0,0,0,,,1.4,3.4,19135,False,targets;fum_rec_td;ret_td,PFR+RULE2PT,19541121-RAM-NYG,False,ret_td;fum_rec_td,False,True,ret_td;fum_rec_td,
Kyle Rote,1954,10,1954-11-28,False,NYG,CLE,H,L,7,16,,2,14,0,4,-3,0,0,0,1,0,,,-0.9,1.1,19135,False,targets;fum_rec_td;ret_td,PFR+RULE2PT,19541128-CLE-NYG,False,ret_td;fum_rec_td,False,True,ret_td;fum_rec_td,
Kyle Rote,1954,11,1954-12-05,False,NYG,PIT,H,W,24,3,,5,147,1,0,0,0,0,0,0,0,,,20.7,25.7,19135,False,targets;fum_rec_td;ret_td,PFR+RULE2PT,19541205-PIT-NYG,False,ret_td;fum_rec_td,False,True,ret_td;fum_rec_td,
Kyle Rote,1954,12,1954-12-12,False,NYG,PHI,A,L,14,29,,3,122,0,0,0,0,0,0,0,0,,,12.2,15.2,19135,False,targets;fum_rec_td;ret_td,PFR+RULE2PT,19541212-NYG-PHI,False,ret_td;fum_rec_td,False,True,ret_td;fum_rec_td,
Kyle Rote,1955,1,1955-09-24,False,NYG,PHI,A,L,17,27,,3,23,0,0,0,0,0,0,0,0,,,2.3,5.3,19135,False,targets;fum_rec_td;ret_td,PFR+RULE2PT,19550924-NYG-PHI,False,ret_td;fum_rec_td,False,True,ret_td;fum_rec_td,
Kyle Rote,1955,2,1955-10-02,False,NYG,CRD,A,L,17,28,,3,43,0,0,0,0,0,0,0,0,,,4.3,7.3,19135,False,targets;fum_rec_td;ret_td,PFR+RULE2PT,19551002-NYG-CRD,False,ret_td;fum_rec_td,False,True,ret_td;fum_rec_td,
Kyle Rote,1955,3,1955-10-09,False,NYG,PIT,A,L,23,30,,3,114,2,0,0,0,0,0,0,0,,,23.4,26.4,19135,False,targets;fum_rec_td;ret_td,PFR+RULE2PT,19551009-NYG-PIT,False,ret_td;fum_rec_td,False,True,ret_td;fum_rec_td,
Kyle Rote,1955,5,1955-10-23,False,NYG,PIT,H,L,17,19,,5,72,1,0,0,0,0,0,0,0,,,13.2,18.2,19135,False,targets;fum_rec_td;ret_td,PFR+RULE2PT,19551023-PIT-NYG,False,ret_td;fum_rec_td,False,True,ret_td;fum_rec_td,
Kyle Rote,1955,6,1955-10-30,False,NYG,WAS,H,W,35,7,,1,35,1,1,7,0,0,0,0,0,,,10.2,11.2,19135,False,targets;fum_rec_td;ret_td,PFR+RULE2PT,19551030-WAS-NYG,False,ret_td;fum_rec_td,False,True,ret_td;fum_rec_td,
Kyle Rote,1955,7,1955-11-06,False,NYG,CLE,A,L,14,24,,3,98,1,3,10,0,0,0,0,0,,,16.8,19.8,19135,False,targets;fum_rec_td;ret_td,PFR+RULE2PT,19551106-NYG-CLE,False,ret_td;fum_rec_td,False,True,ret_td;fum_rec_td,
Kyle Rote,1955,8,1955-11-13,False,NYG,BAL,H,W,17,7,,4,71,0,0,0,0,0,0,0,0,,,7.1,11.1,19135,False,targets;fum_rec_td;ret_td,PFR+RULE2PT,19551113-BAL-NYG,False,ret_td;fum_rec_td,False,True,ret_td;fum_rec_td,
Kyle Rote,1955,9,1955-11-20,False,NYG,PHI,H,W,31,7,,1,22,1,0,0,0,0,0,0,0,,,8.2,9.2,19135,False,targets;fum_rec_td;ret_td,PFR+RULE2PT,19551120-PHI-NYG,False,ret_td;fum_rec_td,False,True,ret_td;fum_rec_td,
Kyle Rote,1955,10,1955-11-27,False,NYG,CLE,H,T,35,35,,6,69,1,4,34,0,0,0,0,0,,,16.3,22.3,19135,False,targets;fum_rec_td;ret_td,PFR+RULE2PT,19551127-CLE-NYG,False,ret_td;fum_rec_td,False,True,ret_td;fum_rec_td,
Kyle Rote,1955,11,1955-12-04,False,NYG,WAS,A,W,27,20,,1,26,1,0,0,0,0,0,0,0,,,8.6,9.6,19135,False,targets;fum_rec_td;ret_td,PFR+RULE2PT,19551204-NYG-WAS,False,ret_td;fum_rec_td,False,True,ret_td;fum_rec_td,
Kyle Rote,1955,12,1955-12-11,False,NYG,DET,A,W,24,19,,1,7,0,1,-5,0,0,0,0,0,,,0.2,1.2,19135,False,targets;fum_rec_td;ret_td,PFR+RULE2PT,19551211-NYG-DET,False,ret_td;fum_rec_td,False,True,ret_td;fum_rec_td,
Kyle Rote,1956,1,1956-09-30,False,NYG,SFO,A,W,38,21,,2,16,0,1,1,0,0,0,0,0,,,1.7,3.7,19135,False,targets;fum_rec_td;ret_td,PFR+RULE2PT,19560930-NYG-SFO,False,ret_td;fum_rec_td,False,True,ret_td;fum_rec_td,
Kyle Rote,1956,2,1956-10-07,False,NYG,CRD,A,L,27,35,,2,43,0,0,0,0,0,0,0,0,,,4.3,6.3,19135,False,targets;fum_rec_td;ret_td,PFR+RULE2PT,19561007-NYG-CRD,False,ret_td;fum_rec_td,False,True,ret_td;fum_rec_td,
Kyle Rote,1956,4,1956-10-21,False,NYG,PIT,H,W,38,10,,1,27,1,0,0,0,0,0,0,0,,,8.7,9.7,19135,False,targets;fum_rec_td;ret_td,PFR+RULE2PT,19561021-PIT-NYG,False,ret_td;fum_rec_td,False,True,ret_td;fum_rec_td,
Kyle Rote,1956,5,1956-10-28,False,NYG,PHI,H,W,20,3,,1,11,0,0,0,0,0,0,0,0,,,1.1,2.1,19135,False,targets;fum_rec_td;ret_td,PFR+RULE2PT,19561028-PHI-NYG,False,ret_td;fum_rec_td,False,True,ret_td;fum_rec_td,
Kyle Rote,1956,6,1956-11-04,False,NYG,PIT,A,W,17,14,,4,45,1,0,0,0,0,0,0,0,,,10.5,14.5,19135,False,targets;fum_rec_td;ret_td,PFR+RULE2PT,19561104-NYG-PIT,False,ret_td;fum_rec_td,False,True,ret_td;fum_rec_td,
Kyle Rote,1956,7,1956-11-11,False,NYG,CRD,H,W,23,10,,3,40,0,0,0,0,0,0,0,0,,,4.0,7.0,19135,False,targets;fum_rec_td;ret_td,PFR+RULE2PT,19561111-CRD-NYG,False,ret_td;fum_rec_td,False,True,ret_td;fum_rec_td,
Kyle Rote,1956,8,1956-11-18,False,NYG,WAS,A,L,7,33,,4,78,0,0,0,0,0,0,0,0,,,7.8,11.8,19135,False,targets;fum_rec_td;ret_td,PFR+RULE2PT,19561118-NYG-WAS,False,ret_td;fum_rec_td,False,True,ret_td;fum_rec_td,
Kyle Rote,1956,9,1956-11-25,False,NYG,CHI,H,T,17,17,,3,47,1,1,1,0,0,0,0,0,,,10.8,13.8,19135,False,targets;fum_rec_td;ret_td,PFR+RULE2PT,19561125-CHI-NYG,False,ret_td;fum_rec_td,False,True,ret_td;fum_rec_td,
Kyle Rote,1956,10,1956-12-02,False,NYG,WAS,H,W,28,14,,5,56,0,1,3,0,0,0,0,0,,,5.9,10.9,19135,False,targets;fum_rec_td;ret_td,PFR+RULE2PT,19561202-WAS-NYG,False,ret_td;fum_rec_td,False,True,ret_td;fum_rec_td,
Kyle Rote,1956,11,1956-12-09,False,NYG,CLE,H,L,7,24,,1,21,0,0,0,0,0,0,0,0,,,2.1,3.1,19135,False,targets;fum_rec_td;ret_td,PFR+RULE2PT,19561209-CLE-NYG,False,ret_td;fum_rec_td,False,True,ret_td;fum_rec_td,
Kyle Rote,1956,12,1956-12-15,False,NYG,PHI,A,W,21,7,,2,21,1,0,0,0,0,0,0,0,,,8.1,10.1,19135,False,targets;fum_rec_td;ret_td,PFR+RULE2PT,19561215-NYG-PHI,False,ret_td;fum_rec_td,False,True,ret_td;fum_rec_td,
Kyle Rote,1956,13,1956-12-30,True,NYG,CHI,H,W,47,7,,1,9,1,0,0,0,0,0,0,0,,,6.9,7.9,19135,False,targets;fum_rec_td;ret_td,PFR+RULE2PT,19561230-CHI-NYG,False,ret_td;fum_rec_td,False,True,ret_td;fum_rec_td,
Kyle Rote,1957,1,1957-09-29,False,NYG,CLE,A,L,3,6,,1,24,0,0,0,0,0,0,0,0,,,2.4,3.4,19135,False,targets;fum_rec_td;ret_td,PFR+RULE2PT,19570929-NYG-CLE,False,ret_td;fum_rec_td,False,True,ret_td;fum_rec_td,
Kyle Rote,1957,2,1957-10-05,False,NYG,PHI,A,W,24,20,,2,23,0,0,0,0,0,0,0,0,,,2.3,4.3,19135,False,targets;fum_rec_td;ret_td,PFR+RULE2PT,19571005-NYG-PHI,False,ret_td;fum_rec_td,False,True,ret_td;fum_rec_td,
Kyle Rote,1957,3,1957-10-13,False,NYG,WAS,A,W,24,20,,1,19,0,0,0,0,0,0,0,0,,,1.9,2.9,19135,False,targets;fum_rec_td;ret_td,PFR+RULE2PT,19571013-NYG-WAS,False,ret_td;fum_rec_td,False,True,ret_td;fum_rec_td,
Kyle Rote,1957,4,1957-10-20,False,NYG,PIT,H,W,35,0,,2,21,1,0,0,0,0,0,0,0,,,8.1,10.1,19135,False,targets;fum_rec_td;ret_td,PFR+RULE2PT,19571020-PIT-NYG,False,ret_td;fum_rec_td,False,True,ret_td;fum_rec_td,
Kyle Rote,1957,5,1957-10-27,False,NYG,WAS,H,L,14,31,,4,49,0,0,0,0,0,0,0,0,,,4.9,8.9,19135,False,targets;fum_rec_td;ret_td,PFR+RULE2PT,19571027-WAS-NYG,False,ret_td;fum_rec_td,False,True,ret_td;fum_rec_td,
Kyle Rote,1957,6,1957-11-03,False,NYG,GNB,A,W,31,17,,2,30,0,0,0,0,0,0,0,0,,,3.0,5.0,19135,False,targets;fum_rec_td;ret_td,PFR+RULE2PT,19571103-NYG-GNB,False,ret_td;fum_rec_td,False,True,ret_td;fum_rec_td,
Kyle Rote,1957,7,1957-11-10,False,NYG,CRD,H,W,27,14,,2,26,1,0,0,0,0,0,0,0,,,8.6,10.6,19135,False,targets;fum_rec_td;ret_td,PFR+RULE2PT,19571110-CRD-NYG,False,ret_td;fum_rec_td,False,True,ret_td;fum_rec_td,
Kyle Rote,1957,8,1957-11-17,False,NYG,PHI,H,W,13,0,,4,42,0,1,13,0,0,0,0,0,,,5.5,9.5,19135,False,targets;fum_rec_td;ret_td,PFR+RULE2PT,19571117-PHI-NYG,False,ret_td;fum_rec_td,False,True,ret_td;fum_rec_td,
Kyle Rote,1957,9,1957-11-24,False,NYG,CRD,A,W,28,21,,1,33,1,0,0,0,0,0,0,0,,,9.3,10.3,19135,False,targets;fum_rec_td;ret_td,PFR+RULE2PT,19571124-NYG-CRD,False,ret_td;fum_rec_td,False,True,ret_td;fum_rec_td,
Kyle Rote,1957,10,1957-12-01,False,NYG,SFO,H,L,17,27,,2,29,0,0,0,0,0,0,0,0,,,2.9,4.9,19135,False,targets;fum_rec_td;ret_td,PFR+RULE2PT,19571201-SFO-NYG,False,ret_td;fum_rec_td,False,True,ret_td;fum_rec_td,
Kyle Rote,1957,11,1957-12-07,False,NYG,PIT,A,L,10,21,,1,9,0,0,0,0,0,0,0,0,,,0.9,1.9,19135,False,targets;fum_rec_td;ret_td,PFR+RULE2PT,19571207-NYG-PIT,False,ret_td;fum_rec_td,False,True,ret_td;fum_rec_td,
Kyle Rote,1957,12,1957-12-15,False,NYG,CLE,H,L,28,34,,3,53,0,0,0,0,0,0,0,0,,,5.3,8.3,19135,False,targets;fum_rec_td;ret_td,PFR+RULE2PT,19571215-CLE-NYG,False,ret_td;fum_rec_td,False,True,ret_td;fum_rec_td,
Kyle Rote,1958,1,1958-09-28,False,NYG,CRD,A,W,37,7,,1,10,0,0,0,0,0,0,0,0,,,1.0,2.0,19135,False,targets;fum_rec_td;ret_td,PFR+RULE2PT,19580928-NYG-CRD,False,ret_td;fum_rec_td,False,True,ret_td;fum_rec_td,
Kyle Rote,1958,2,1958-10-05,False,NYG,PHI,A,L,24,27,,2,23,1,0,0,0,0,0,0,0,,,8.3,10.3,19135,False,targets;fum_rec_td;ret_td,PFR+RULE2PT,19581005-NYG-PHI,False,ret_td;fum_rec_td,False,True,ret_td;fum_rec_td,
Kyle Rote,1958,7,1958-11-09,False,NYG,BAL,H,W,24,21,,2,39,1,0,0,0,0,0,0,0,,,9.9,11.9,19135,False,targets;fum_rec_td;ret_td,PFR+RULE2PT,19581109-BAL-NYG,False,ret_td;fum_rec_td,False,True,ret_td;fum_rec_td,
Kyle Rote,1958,8,1958-11-16,False,NYG,PIT,A,L,10,31,,1,16,0,0,0,0,0,0,0,0,,,1.6,2.6,19135,False,targets;fum_rec_td;ret_td,PFR+RULE2PT,19581116-NYG-PIT,False,ret_td;fum_rec_td,False,True,ret_td;fum_rec_td,
Kyle Rote,1958,9,1958-11-23,False,NYG,WAS,H,W,30,0,,1,44,0,0,0,0,0,0,0,0,,,4.4,5.4,19135,False,targets;fum_rec_td;ret_td,PFR+RULE2PT,19581123-WAS-NYG,False,ret_td;fum_rec_td,False,True,ret_td;fum_rec_td,
Kyle Rote,1958,10,1958-11-30,False,NYG,PHI,H,W,24,10,,2,27,1,0,0,0,0,0,0,0,,,8.7,10.7,19135,False,targets;fum_rec_td;ret_td,PFR+RULE2PT,19581130-PHI-NYG,False,ret_td;fum_rec_td,False,True,ret_td;fum_rec_td,
Kyle Rote,1958,11,1958-12-07,False,NYG,DET,A,W,19,17,,1,37,0,0,0,0,0,0,0,0,,,3.7,4.7,19135,False,targets;fum_rec_td;ret_td,PFR+RULE2PT,19581207-NYG-DET,False,ret_td;fum_rec_td,False,True,ret_td;fum_rec_td,
Kyle Rote,1958,12,1958-12-14,False,NYG,CLE,H,W,13,10,,2,48,0,0,0,0,0,0,0,0,,,4.8,6.8,19135,False,targets;fum_rec_td;ret_td,PFR+RULE2PT,19581214-CLE-NYG,False,ret_td;fum_rec_td,False,True,ret_td;fum_rec_td,
Kyle Rote,1958,13,1958-12-21,True,NYG,CLE,H,W,10,0,,1,11,0,0,0,0,0,0,0,0,,,1.1,2.1,19135,False,targets;fum_rec_td;ret_td,PFR+RULE2PT,19581221-CLE-NYG,False,ret_td;fum_rec_td,False,True,ret_td;fum_rec_td,
Kyle Rote,1958,14,1958-12-28,True,NYG,BAL,H,L,17,23,,2,76,0,0,0,0,0,0,0,0,,,7.6,9.6,19135,False,targets;fum_rec_td;ret_td,PFR+RULE2PT,19581228-BAL-NYG,False,ret_td;fum_rec_td,False,True,ret_td;fum_rec_td,
Kyle Rote,1959,1,1959-09-26,False,NYG,RAM,A,W,23,21,,2,20,0,0,0,0,0,0,0,0,,,2.0,4.0,19135,False,targets;fum_rec_td;ret_td,PFR+RULE2PT,19590926-NYG-RAM,False,ret_td;fum_rec_td,False,True,ret_td;fum_rec_td,
Kyle Rote,1959,2,1959-10-04,False,NYG,PHI,A,L,21,49,,3,30,1,0,0,0,0,0,0,0,,,9.0,12.0,19135,False,targets;fum_rec_td;ret_td,PFR+RULE2PT,19591004-NYG-PHI,False,ret_td;fum_rec_td,False,True,ret_td;fum_rec_td,
Kyle Rote,1959,3,1959-10-11,False,NYG,CLE,A,W,10,6,,1,13,0,0,0,0,0,0,0,0,,,1.3,2.3,19135,False,targets;fum_rec_td;ret_td,PFR+RULE2PT,19591011-NYG-CLE,False,ret_td;fum_rec_td,False,True,ret_td;fum_rec_td,
Kyle Rote,1959,4,1959-10-18,False,NYG,PHI,H,W,24,7,,4,38,0,0,0,0,0,0,0,0,,,3.8,7.8,19135,False,targets;fum_rec_td;ret_td,PFR+RULE2PT,19591018-PHI-NYG,False,ret_td;fum_rec_td,False,True,ret_td;fum_rec_td,
Kyle Rote,1959,6,1959-11-01,False,NYG,GNB,H,W,20,3,,0,1,0,0,0,0,0,0,0,0,,,0.1,0.1,19135,False,targets;fum_rec_td;ret_td,PFR+RULE2PT,19591101-GNB-NYG,False,ret_td;fum_rec_td,False,True,ret_td;fum_rec_td,
Kyle Rote,1959,7,1959-11-08,False,NYG,CRD,H,W,9,3,,2,17,0,0,0,0,0,0,0,0,,,1.7,3.7,19135,False,targets;fum_rec_td;ret_td,PFR+RULE2PT,19591108-CRD-NYG,False,ret_td;fum_rec_td,False,True,ret_td;fum_rec_td,
Kyle Rote,1959,8,1959-11-15,False,NYG,PIT,H,L,9,14,,1,18,0,0,0,0,0,0,0,0,,,1.8,2.8,19135,False,targets;fum_rec_td;ret_td,PFR+RULE2PT,19591115-PIT-NYG,False,ret_td;fum_rec_td,False,True,ret_td;fum_rec_td,
Kyle Rote,1959,9,1959-11-22,False,NYG,CRD,A,W,30,20,,3,36,0,0,0,0,0,0,0,0,,,3.6,6.6,19135,False,targets;fum_rec_td;ret_td,PFR+RULE2PT,19591122-NYG-CRD,False,ret_td;fum_rec_td,False,True,ret_td;fum_rec_td,
Kyle Rote,1959,10,1959-11-29,False,NYG,WAS,H,W,45,14,,1,2,1,0,0,0,0,0,0,0,,,6.2,7.2,19135,False,targets;fum_rec_td;ret_td,PFR+RULE2PT,19591129-WAS-NYG,False,ret_td;fum_rec_td,False,True,ret_td;fum_rec_td,
Kyle Rote,1959,11,1959-12-06,False,NYG,CLE,H,W,48,7,,3,79,1,0,0,0,0,0,0,0,,,13.9,16.9,19135,False,targets;fum_rec_td;ret_td,PFR+RULE2PT,19591206-CLE-NYG,False,ret_td;fum_rec_td,False,True,ret_td;fum_rec_td,
Kyle Rote,1959,12,1959-12-13,False,NYG,WAS,A,W,24,10,,5,108,1,0,0,0,0,0,0,0,,,16.8,21.8,19135,False,targets;fum_rec_td;ret_td,PFR+RULE2PT,19591213-NYG-WAS,False,ret_td;fum_rec_td,False,True,ret_td;fum_rec_td,
Kyle Rote,1959,13,1959-12-27,True,NYG,BAL,A,L,16,31,,2,41,0,0,0,0,0,0,0,0,,,4.1,6.1,19135,False,targets;fum_rec_td;ret_td,PFR+RULE2PT,19591227-NYG-BAL,False,ret_td;fum_rec_td,False,True,ret_td;fum_rec_td,
Harlon Hill,1954,1,1954-09-26,False,CHI,DET,A,L,23,48,,4,140,1,0,0,0,0,0,0,0,,,20.0,24.0,9846,False,targets;fum_rec_td;ret_td,PFR+RULE2PT,19540926-CHI-DET,False,ret_td;fum_rec_td,False,True,ret_td;fum_rec_td,
Harlon Hill,1954,3,1954-10-10,False,CHI,BAL,H,W,28,9,,3,144,1,0,0,0,0,0,0,0,,,20.4,23.4,9846,False,targets;fum_rec_td;ret_td,PFR+RULE2PT,19541010-BAL-CHI,False,ret_td;fum_rec_td,False,True,ret_td;fum_rec_td,
Harlon Hill,1954,4,1954-10-17,False,CHI,SFO,H,L,24,31,,4,116,1,0,0,0,0,0,0,0,,,17.6,21.6,9846,False,targets;fum_rec_td;ret_td,PFR+RULE2PT,19541017-SFO-CHI,False,ret_td;fum_rec_td,False,True,ret_td;fum_rec_td,
Harlon Hill,1954,5,1954-10-24,False,CHI,RAM,A,L,38,42,,4,61,1,0,0,0,0,0,0,0,,,12.1,16.1,9846,False,targets;fum_rec_td;ret_td,PFR+RULE2PT,19541024-CHI-RAM,False,ret_td;fum_rec_td,False,True,ret_td;fum_rec_td,
Harlon Hill,1954,6,1954-10-31,False,CHI,SFO,A,W,31,27,,7,214,4,0,0,0,0,0,0,0,,,45.4,52.4,9846,False,targets;fum_rec_td;ret_td,PFR+RULE2PT,19541031-CHI-SFO,False,ret_td;fum_rec_td,False,True,ret_td;fum_rec_td,
Harlon Hill,1954,7,1954-11-07,False,CHI,GNB,H,W,28,23,,2,10,0,0,0,0,0,0,0,0,,,1.0,3.0,9846,False,targets;fum_rec_td;ret_td,PFR+RULE2PT,19541107-GNB-CHI,False,ret_td;fum_rec_td,False,True,ret_td;fum_rec_td,
Harlon Hill,1954,8,1954-11-14,False,CHI,CLE,H,L,10,39,,3,117,1,0,0,0,0,0,0,0,,,17.7,20.7,9846,False,targets;fum_rec_td;ret_td,PFR+RULE2PT,19541114-CLE-CHI,False,ret_td;fum_rec_td,False,True,ret_td;fum_rec_td,
Harlon Hill,1954,9,1954-11-21,False,CHI,BAL,A,W,28,13,,1,8,0,0,0,0,0,0,0,0,,,0.8,1.8,9846,False,targets;fum_rec_td;ret_td,PFR+RULE2PT,19541121-CHI-BAL,False,ret_td;fum_rec_td,False,True,ret_td;fum_rec_td,
Harlon Hill,1954,10,1954-11-28,False,CHI,RAM,H,W,24,13,,6,109,1,0,0,0,0,0,0,0,,,16.9,22.9,9846,False,targets;fum_rec_td;ret_td,PFR+RULE2PT,19541128-RAM-CHI,False,ret_td;fum_rec_td,False,True,ret_td;fum_rec_td,
Harlon Hill,1954,11,1954-12-05,False,CHI,CRD,A,W,29,7,,6,117,1,0,0,0,0,0,0,0,,,17.7,23.7,9846,False,targets;fum_rec_td;ret_td,PFR+RULE2PT,19541205-CHI-CRD,False,ret_td;fum_rec_td,False,True,ret_td;fum_rec_td,
Harlon Hill,1954,12,1954-12-12,False,CHI,DET,H,W,28,24,,5,88,1,0,0,0,0,0,0,0,,,14.8,19.8,9846,False,targets;fum_rec_td;ret_td,PFR+RULE2PT,19541212-DET-CHI,False,ret_td;fum_rec_td,False,True,ret_td;fum_rec_td,
Harlon Hill,1955,1,1955-09-25,False,CHI,BAL,A,L,17,23,,5,107,1,0,0,0,0,0,0,0,,,16.7,21.7,9846,False,targets;fum_rec_td;ret_td,PFR+RULE2PT,19550925-CHI-BAL,False,ret_td;fum_rec_td,False,True,ret_td;fum_rec_td,
Harlon Hill,1955,2,1955-10-02,False,CHI,GNB,A,L,3,24,,1,39,0,0,0,0,0,0,0,0,,,3.9,4.9,9846,False,targets;fum_rec_td;ret_td,PFR+RULE2PT,19551002-CHI-GNB,False,ret_td;fum_rec_td,False,True,ret_td;fum_rec_td,
Harlon Hill,1955,3,1955-10-09,False,CHI,SFO,H,L,19,20,,6,81,0,0,0,0,0,0,0,0,,,8.1,14.1,9846,False,targets;fum_rec_td;ret_td,PFR+RULE2PT,19551009-SFO-CHI,False,ret_td;fum_rec_td,False,True,ret_td;fum_rec_td,
Harlon Hill,1955,4,1955-10-16,False,CHI,BAL,H,W,38,10,,3,47,0,0,0,0,0,0,0,0,,,4.7,7.7,9846,False,targets;fum_rec_td;ret_td,PFR+RULE2PT,19551016-BAL-CHI,False,ret_td;fum_rec_td,False,True,ret_td;fum_rec_td,
Harlon Hill,1955,5,1955-10-23,False,CHI,SFO,A,W,34,23,,4,45,0,0,0,0,0,0,0,0,,,4.5,8.5,9846,False,targets;fum_rec_td;ret_td,PFR+RULE2PT,19551023-CHI-SFO,False,ret_td;fum_rec_td,False,True,ret_td;fum_rec_td,
Harlon Hill,1955,6,1955-10-30,False,CHI,RAM,A,W,31,20,,8,151,3,0,0,0,0,0,0,0,,,33.1,41.1,9846,False,targets;fum_rec_td;ret_td,PFR+RULE2PT,19551030-CHI-RAM,False,ret_td;fum_rec_td,False,True,ret_td;fum_rec_td,
Harlon Hill,1955,7,1955-11-06,False,CHI,GNB,H,W,52,31,,5,72,1,0,0,0,0,0,0,0,,,13.2,18.2,9846,False,targets;fum_rec_td;ret_td,PFR+RULE2PT,19551106-GNB-CHI,False,ret_td;fum_rec_td,False,True,ret_td;fum_rec_td,
Harlon Hill,1955,8,1955-11-13,False,CHI,RAM,H,W,24,3,,3,113,1,0,0,0,0,0,0,0,,,17.3,20.3,9846,False,targets;fum_rec_td;ret_td,PFR+RULE2PT,19551113-RAM-CHI,False,ret_td;fum_rec_td,False,True,ret_td;fum_rec_td,
Harlon Hill,1955,9,1955-11-20,False,CHI,DET,A,W,24,14,,4,86,2,0,0,0,0,0,0,0,,,20.6,24.6,9846,False,targets;fum_rec_td;ret_td,PFR+RULE2PT,19551120-CHI-DET,False,ret_td;fum_rec_td,False,True,ret_td;fum_rec_td,
Harlon Hill,1955,11,1955-12-04,False,CHI,DET,H,W,21,20,,1,20,1,0,0,0,0,0,0,0,,,8.0,9.0,9846,False,targets;fum_rec_td;ret_td,PFR+RULE2PT,19551204-DET-CHI,False,ret_td;fum_rec_td,False,True,ret_td;fum_rec_td,
Harlon Hill,1955,12,1955-12-11,False,CHI,PHI,H,W,17,10,,2,28,0,0,0,0,0,0,0,0,,,2.8,4.8,9846,False,targets;fum_rec_td;ret_td,PFR+RULE2PT,19551211-PHI-CHI,False,ret_td;fum_rec_td,False,True,ret_td;fum_rec_td,
Harlon Hill,1956,1,1956-09-30,False,CHI,BAL,A,L,21,28,,4,102,1,0,0,0,0,0,0,0,,,16.2,20.2,9846,False,targets;fum_rec_td;ret_td,PFR+RULE2PT,19560930-CHI-BAL,False,ret_td;fum_rec_td,False,True,ret_td;fum_rec_td,
Harlon Hill,1956,3,1956-10-14,False,CHI,SFO,H,W,31,7,,2,24,0,0,0,0,0,0,0,0,,,2.4,4.4,9846,False,targets;fum_rec_td;ret_td,PFR+RULE2PT,19561014-SFO-CHI,False,ret_td;fum_rec_td,False,True,ret_td;fum_rec_td,
Harlon Hill,1956,4,1956-10-21,False,CHI,BAL,H,W,58,27,,9,198,2,0,0,0,0,0,0,0,,,31.8,40.8,9846,False,targets;fum_rec_td;ret_td,PFR+RULE2PT,19561021-BAL-CHI,False,ret_td;fum_rec_td,False,True,ret_td;fum_rec_td,
Harlon Hill,1956,5,1956-10-28,False,CHI,SFO,A,W,38,21,,7,142,0,0,0,0,0,0,0,0,,,14.2,21.2,9846,False,targets;fum_rec_td;ret_td,PFR+RULE2PT,19561028-CHI-SFO,False,ret_td;fum_rec_td,False,True,ret_td;fum_rec_td,
Harlon Hill,1956,6,1956-11-04,False,CHI,RAM,A,W,35,24,,3,85,2,0,0,0,0,0,0,0,,,20.5,23.5,9846,False,targets;fum_rec_td;ret_td,PFR+RULE2PT,19561104-CHI-RAM,False,ret_td;fum_rec_td,False,True,ret_td;fum_rec_td,
Harlon Hill,1956,7,1956-11-11,False,CHI,GNB,H,W,38,14,,4,121,2,0,0,0,0,0,0,0,,,24.1,28.1,9846,False,targets;fum_rec_td;ret_td,PFR+RULE2PT,19561111-GNB-CHI,False,ret_td;fum_rec_td,False,True,ret_td;fum_rec_td,
Harlon Hill,1956,8,1956-11-18,False,CHI,RAM,H,W,30,21,,5,121,1,0,0,0,0,0,0,0,,,18.1,23.1,9846,False,targets;fum_rec_td;ret_td,PFR+RULE2PT,19561118-RAM-CHI,False,ret_td;fum_rec_td,False,True,ret_td;fum_rec_td,
Harlon Hill,1956,9,1956-11-25,False,CHI,NYG,A,T,17,17,,7,195,2,0,0,0,0,0,0,0,,,31.5,38.5,9846,False,targets;fum_rec_td;ret_td,PFR+RULE2PT,19561125-CHI-NYG,False,ret_td;fum_rec_td,False,True,ret_td;fum_rec_td,
Harlon Hill,1956,10,1956-12-02,False,CHI,DET,A,L,10,42,,1,13,0,0,0,0,0,0,0,0,,,1.3,2.3,9846,False,targets;fum_rec_td;ret_td,PFR+RULE2PT,19561202-CHI-DET,False,ret_td;fum_rec_td,False,True,ret_td;fum_rec_td,
Harlon Hill,1956,11,1956-12-09,False,CHI,CRD,H,W,10,3,,2,43,0,0,0,0,0,0,0,0,,,4.3,6.3,9846,False,targets;fum_rec_td;ret_td,PFR+RULE2PT,19561209-CRD-CHI,False,ret_td;fum_rec_td,False,True,ret_td;fum_rec_td,
Harlon Hill,1956,12,1956-12-16,False,CHI,DET,H,W,38,21,,3,84,1,2,24,0,0,0,0,0,,,16.8,19.8,9846,False,targets;fum_rec_td;ret_td,PFR+RULE2PT,19561216-DET-CHI,False,ret_td;fum_rec_td,False,True,ret_td;fum_rec_td,
Harlon Hill,1956,13,1956-12-30,True,CHI,NYG,A,L,7,47,,6,87,0,0,0,0,0,0,0,0,,,8.7,14.7,9846,False,targets;fum_rec_td;ret_td,PFR+RULE2PT,19561230-CHI-NYG,False,ret_td;fum_rec_td,False,True,ret_td;fum_rec_td,
Harlon Hill,1957,1,1957-09-29,False,CHI,GNB,A,L,17,21,,4,82,1,0,0,0,0,0,0,0,,,14.2,18.2,9846,False,targets;fum_rec_td;ret_td,PFR+RULE2PT,19570929-CHI-GNB,False,ret_td;fum_rec_td,False,True,ret_td;fum_rec_td,
Harlon Hill,1957,3,1957-10-13,False,CHI,SFO,H,L,17,21,,1,39,0,0,0,0,0,0,0,0,,,3.9,4.9,9846,False,targets;fum_rec_td;ret_td,PFR+RULE2PT,19571013-SFO-CHI,False,ret_td;fum_rec_td,False,True,ret_td;fum_rec_td,
Harlon Hill,1957,4,1957-10-20,False,CHI,RAM,H,W,34,26,,4,71,0,1,-1,0,0,0,0,0,,,7.0,11.0,9846,False,targets;fum_rec_td;ret_td,PFR+RULE2PT,19571020-RAM-CHI,False,ret_td;fum_rec_td,False,True,ret_td;fum_rec_td,
Harlon Hill,1957,5,1957-10-27,False,CHI,SFO,A,L,17,21,,5,102,0,0,0,0,0,0,0,0,,,10.2,15.2,9846,False,targets;fum_rec_td;ret_td,PFR+RULE2PT,19571027-CHI-SFO,False,ret_td;fum_rec_td,False,True,ret_td;fum_rec_td,
Harlon Hill,1957,6,1957-11-03,False,CHI,RAM,A,W,16,10,,4,111,0,0,0,0,0,0,0,0,,,11.1,15.1,9846,False,targets;fum_rec_td;ret_td,PFR+RULE2PT,19571103-CHI-RAM,False,ret_td;fum_rec_td,False,True,ret_td;fum_rec_td,
Harlon Hill,1957,7,1957-11-10,False,CHI,GNB,H,W,21,14,,2,65,1,0,0,0,0,0,0,0,,,12.5,14.5,9846,False,targets;fum_rec_td;ret_td,PFR+RULE2PT,19571110-GNB-CHI,False,ret_td;fum_rec_td,False,True,ret_td;fum_rec_td,
Harlon Hill,1957,8,1957-11-17,False,CHI,BAL,H,L,14,29,,1,13,0,1,8,0,0,0,0,0,,,2.1,3.1,9846,False,targets;fum_rec_td;ret_td,PFR+RULE2PT,19571117-BAL-CHI,False,ret_td;fum_rec_td,False,True,ret_td;fum_rec_td,
Harlon Hill,1958,1,1958-09-28,False,CHI,GNB,A,W,34,20,,4,60,1,0,0,0,0,0,0,0,,,12.0,16.0,9846,False,targets;fum_rec_td;ret_td,PFR+RULE2PT,19580928-CHI-GNB,False,ret_td;fum_rec_td,False,True,ret_td;fum_rec_td,
Harlon Hill,1958,3,1958-10-12,False,CHI,SFO,H,W,28,6,,5,69,2,0,0,0,0,0,0,0,,,18.9,23.9,9846,False,targets;fum_rec_td;ret_td,PFR+RULE2PT,19581012-SFO-CHI,False,ret_td;fum_rec_td,False,True,ret_td;fum_rec_td,
Harlon Hill,1958,4,1958-10-19,False,CHI,RAM,H,W,31,10,,5,98,0,0,0,0,0,0,0,0,,,9.8,14.8,9846,False,targets;fum_rec_td;ret_td,PFR+RULE2PT,19581019-RAM-CHI,False,ret_td;fum_rec_td,False,True,ret_td;fum_rec_td,
Harlon Hill,1958,5,1958-10-26,False,CHI,SFO,A,W,27,14,,3,46,0,0,0,0,0,0,0,0,,,4.6,7.6,9846,False,targets;fum_rec_td;ret_td,PFR+RULE2PT,19581026-CHI-SFO,False,ret_td;fum_rec_td,False,True,ret_td;fum_rec_td,
Harlon Hill,1958,6,1958-11-02,False,CHI,RAM,A,L,35,41,,5,40,0,0,0,0,0,0,0,0,,,4.0,9.0,9846,False,targets;fum_rec_td;ret_td,PFR+RULE2PT,19581102-CHI-RAM,False,ret_td;fum_rec_td,False,True,ret_td;fum_rec_td,
Harlon Hill,1958,7,1958-11-09,False,CHI,GNB,H,W,24,10,,2,11,0,0,0,0,0,0,0,0,,,1.1,3.1,9846,False,targets;fum_rec_td;ret_td,PFR+RULE2PT,19581109-GNB-CHI,False,ret_td;fum_rec_td,False,True,ret_td;fum_rec_td,
Harlon Hill,1958,8,1958-11-16,False,CHI,BAL,H,L,0,17,,3,41,0,0,0,0,0,0,0,0,,,4.1,7.1,9846,False,targets;fum_rec_td;ret_td,PFR+RULE2PT,19581116-BAL-CHI,False,ret_td;fum_rec_td,False,True,ret_td;fum_rec_td,
Harlon Hill,1959,1,1959-09-27,False,CHI,GNB,A,L,6,9,,1,2,0,0,0,0,0,0,0,0,,,0.2,1.2,9846,False,targets;fum_rec_td;ret_td,PFR+RULE2PT,19590927-CHI-GNB,False,ret_td;fum_rec_td,False,True,ret_td;fum_rec_td,
Harlon Hill,1959,2,1959-10-03,False,CHI,BAL,A,W,26,21,,3,50,1,0,0,0,0,0,0,0,,,11.0,14.0,9846,False,targets;fum_rec_td;ret_td,PFR+RULE2PT,19591003-CHI-BAL,False,ret_td;fum_rec_td,False,True,ret_td;fum_rec_td,
Harlon Hill,1959,3,1959-10-11,False,CHI,RAM,H,L,21,28,,5,147,1,0,0,0,0,0,0,0,,,20.7,25.7,9846,False,targets;fum_rec_td;ret_td,PFR+RULE2PT,19591011-RAM-CHI,False,ret_td;fum_rec_td,False,True,ret_td;fum_rec_td,
Harlon Hill,1959,4,1959-10-18,False,CHI,BAL,H,L,7,21,,6,81,0,0,0,0,0,0,0,0,,,8.1,14.1,9846,False,targets;fum_rec_td;ret_td,PFR+RULE2PT,19591018-BAL-CHI,False,ret_td;fum_rec_td,False,True,ret_td;fum_rec_td,
Harlon Hill,1959,5,1959-10-25,False,CHI,SFO,A,L,17,20,,2,48,0,0,0,0,0,0,0,0,,,4.8,6.8,9846,False,targets;fum_rec_td;ret_td,PFR+RULE2PT,19591025-CHI-SFO,False,ret_td;fum_rec_td,False,True,ret_td;fum_rec_td,
Harlon Hill,1959,7,1959-11-08,False,CHI,GNB,H,W,28,17,,2,39,1,0,0,0,0,0,0,0,,,9.9,11.9,9846,False,targets;fum_rec_td;ret_td,PFR+RULE2PT,19591108-GNB-CHI,False,ret_td;fum_rec_td,False,True,ret_td;fum_rec_td,
Harlon Hill,1959,8,1959-11-15,False,CHI,SFO,H,W,14,3,,1,14,0,0,0,0,0,0,0,0,,,1.4,2.4,9846,False,targets;fum_rec_td;ret_td,PFR+RULE2PT,19591115-SFO-CHI,False,ret_td;fum_rec_td,False,True,ret_td;fum_rec_td,
Harlon Hill,1959,9,1959-11-22,False,CHI,DET,A,W,24,14,,1,9,0,1,0,0,0,0,0,0,,,0.9,1.9,9846,False,targets;fum_rec_td;ret_td,PFR+RULE2PT,19591122-CHI-DET,False,ret_td;fum_rec_td,False,True,ret_td;fum_rec_td,
Harlon Hill,1959,10,1959-11-29,False,CHI,CRD,A,W,31,7,,5,50,0,0,0,0,0,0,0,0,,,5.0,10.0,9846,False,targets;fum_rec_td;ret_td,PFR+RULE2PT,19591129-CHI-CRD,False,ret_td;fum_rec_td,False,True,ret_td;fum_rec_td,
Harlon Hill,1959,11,1959-12-06,False,CHI,PIT,H,W,27,21,,5,99,0,0,0,0,0,0,0,0,,,9.9,14.9,9846,False,targets;fum_rec_td;ret_td,PFR+RULE2PT,19591206-PIT-CHI,False,ret_td;fum_rec_td,False,True,ret_td;fum_rec_td,
Harlon Hill,1959,12,1959-12-13,False,CHI,DET,H,W,25,14,,5,39,0,0,0,0,0,0,0,0,,,3.9,8.9,9846,False,targets;fum_rec_td;ret_td,PFR+RULE2PT,19591213-DET-CHI,False,ret_td;fum_rec_td,False,True,ret_td;fum_rec_td,
Preston Carpenter,1956,1,1956-09-30,False,CLE,CRD,A,L,7,9,,1,34,0,0,0,0,0,0,0,0,,,3.4,4.4,3472,False,targets;fum_rec_td;ret_td,PFR+RULE2PT,19560930-CLE-CRD,False,ret_td;fum_rec_td,False,True,ret_td;fum_rec_td,
Preston Carpenter,1956,2,1956-10-06,False,CLE,PIT,A,W,14,10,,3,13,0,8,62,0,0,0,0,0,,,7.5,10.5,3472,False,targets;fum_rec_td;ret_td,PFR+RULE2PT,19561006-CLE-PIT,False,ret_td;fum_rec_td,False,True,ret_td;fum_rec_td,
Preston Carpenter,1956,3,1956-10-14,False,CLE,NYG,H,L,9,21,,3,31,0,0,0,0,0,0,0,0,,,3.1,6.1,3472,False,targets;fum_rec_td;ret_td,PFR+RULE2PT,19561014-NYG-CLE,False,ret_td;fum_rec_td,False,True,ret_td;fum_rec_td,
Preston Carpenter,1956,4,1956-10-21,False,CLE,WAS,A,L,9,20,,1,0,0,9,33,0,0,0,0,0,,,3.3,4.3,3472,False,targets;fum_rec_td;ret_td,PFR+RULE2PT,19561021-CLE-WAS,False,ret_td;fum_rec_td,False,True,ret_td;fum_rec_td,
Preston Carpenter,1956,5,1956-10-28,False,CLE,PIT,H,L,16,24,,0,0,0,21,82,0,0,0,0,0,,,8.2,8.2,3472,False,targets;fum_rec_td;ret_td,PFR+RULE2PT,19561028-PIT-CLE,False,ret_td;fum_rec_td,False,True,ret_td;fum_rec_td,
Preston Carpenter,1956,6,1956-11-04,False,CLE,GNB,A,W,24,7,,0,0,0,21,91,0,0,0,0,0,,,9.1,9.1,3472,False,targets;fum_rec_td;ret_td,PFR+RULE2PT,19561104-CLE-GNB,False,ret_td;fum_rec_td,False,True,ret_td;fum_rec_td,
Preston Carpenter,1956,7,1956-11-11,False,CLE,BAL,H,L,7,21,,1,-1,0,16,38,0,0,0,0,0,,,3.7,4.7,3472,False,targets;fum_rec_td;ret_td,PFR+RULE2PT,19561111-BAL-CLE,False,ret_td;fum_rec_td,False,True,ret_td;fum_rec_td,
Preston Carpenter,1956,8,1956-11-18,False,CLE,PHI,A,W,16,0,,0,0,0,24,133,0,0,0,0,0,,,13.3,13.3,3472,False,targets;fum_rec_td;ret_td,PFR+RULE2PT,19561118-CLE-PHI,False,ret_td;fum_rec_td,False,True,ret_td;fum_rec_td,
Preston Carpenter,1956,9,1956-11-25,False,CLE,WAS,H,L,17,20,,2,1,0,29,89,0,0,0,0,0,,,9.0,11.0,3472,False,targets;fum_rec_td;ret_td,PFR+RULE2PT,19561125-WAS-CLE,False,ret_td;fum_rec_td,False,True,ret_td;fum_rec_td,
Preston Carpenter,1956,10,1956-12-02,False,CLE,PHI,H,W,17,14,,2,18,0,23,116,0,0,0,0,0,,,13.4,15.4,3472,False,targets;fum_rec_td;ret_td,PFR+RULE2PT,19561202-PHI-CLE,False,ret_td;fum_rec_td,False,True,ret_td;fum_rec_td,
Preston Carpenter,1956,11,1956-12-09,False,CLE,NYG,A,W,24,7,,2,28,0,23,70,0,0,0,0,0,,,9.8,11.8,3472,False,targets;fum_rec_td;ret_td,PFR+RULE2PT,19561209-CLE-NYG,False,ret_td;fum_rec_td,False,True,ret_td;fum_rec_td,
Preston Carpenter,1956,12,1956-12-16,False,CLE,CRD,H,L,7,24,,1,0,0,14,42,0,0,0,0,0,,,4.2,5.2,3472,False,targets;fum_rec_td;ret_td,PFR+RULE2PT,19561216-CRD-CLE,False,ret_td;fum_rec_td,False,True,ret_td;fum_rec_td,
Preston Carpenter,1957,2,1957-10-05,False,CLE,PIT,A,W,23,12,,3,55,0,0,0,0,0,0,0,0,,,5.5,8.5,3472,False,targets;fum_rec_td;ret_td,PFR+RULE2PT,19571005-CLE-PIT,False,ret_td;fum_rec_td,False,True,ret_td;fum_rec_td,
Preston Carpenter,1957,4,1957-10-20,False,CLE,PHI,A,L,7,17,,1,16,0,0,0,0,0,0,0,0,,,1.6,2.6,3472,False,targets;fum_rec_td;ret_td,PFR+RULE2PT,19571020-CLE-PHI,False,ret_td;fum_rec_td,False,True,ret_td;fum_rec_td,
Preston Carpenter,1957,5,1957-10-27,False,CLE,CRD,A,W,17,7,,1,14,1,0,0,0,0,0,0,0,,,7.4,8.4,3472,False,targets;fum_rec_td;ret_td,PFR+RULE2PT,19571027-CLE-CRD,False,ret_td;fum_rec_td,False,True,ret_td;fum_rec_td,
Preston Carpenter,1957,6,1957-11-03,False,CLE,WAS,H,W,21,17,,2,19,0,1,39,0,0,0,0,0,,,5.8,7.8,3472,False,targets;fum_rec_td;ret_td,PFR+RULE2PT,19571103-WAS-CLE,False,ret_td;fum_rec_td,False,True,ret_td;fum_rec_td,
Preston Carpenter,1957,7,1957-11-10,False,CLE,PIT,H,W,24,0,,4,48,1,0,0,0,0,0,0,0,,,10.8,14.8,3472,False,targets;fum_rec_td;ret_td,PFR+RULE2PT,19571110-PIT-CLE,False,ret_td;fum_rec_td,False,True,ret_td;fum_rec_td,
Preston Carpenter,1957,8,1957-11-17,False,CLE,WAS,A,T,30,30,,6,112,0,0,0,0,0,0,0,0,,,11.2,17.2,3472,False,targets;fum_rec_td;ret_td,PFR+RULE2PT,19571117-CLE-WAS,False,ret_td;fum_rec_td,False,True,ret_td;fum_rec_td,
Preston Carpenter,1957,10,1957-12-01,False,CLE,CRD,H,W,31,0,,0,0,0,1,12,0,0,0,0,0,,,1.2,1.2,3472,False,targets;fum_rec_td;ret_td,PFR+RULE2PT,19571201-CRD-CLE,False,ret_td;fum_rec_td,False,True,ret_td;fum_rec_td,
Preston Carpenter,1957,11,1957-12-08,False,CLE,DET,A,L,7,20,,6,48,0,0,0,0,0,0,0,0,,,4.8,10.8,3472,False,targets;fum_rec_td;ret_td,PFR+RULE2PT,19571208-CLE-DET,False,ret_td;fum_rec_td,False,True,ret_td;fum_rec_td,
Preston Carpenter,1957,12,1957-12-15,False,CLE,NYG,A,W,34,28,,4,86,0,1,35,1,0,0,0,0,,,18.1,22.1,3472,False,targets;fum_rec_td;ret_td,PFR+RULE2PT,19571215-CLE-NYG,False,ret_td;fum_rec_td,False,True,ret_td;fum_rec_td,
Preston Carpenter,1957,13,1957-12-29,True,CLE,DET,A,L,14,59,,4,43,0,0,0,0,0,0,0,0,,,4.3,8.3,3472,False,targets;fum_rec_td;ret_td,PFR+RULE2PT,19571229-CLE-DET,False,ret_td;fum_rec_td,False,True,ret_td;fum_rec_td,
Preston Carpenter,1958,1,1958-09-28,False,CLE,RAM,A,W,30,27,,4,45,0,0,0,0,0,0,0,0,,,4.5,8.5,3472,False,targets;fum_rec_td;ret_td,PFR+RULE2PT,19580928-CLE-RAM,False,ret_td;fum_rec_td,False,True,ret_td;fum_rec_td,
Preston Carpenter,1958,2,1958-10-05,False,CLE,PIT,A,W,45,12,,7,131,1,0,0,0,0,0,0,0,,,19.1,26.1,3472,False,targets;fum_rec_td;ret_td,PFR+RULE2PT,19581005-CLE-PIT,False,ret_td;fum_rec_td,False,True,ret_td;fum_rec_td,
Preston Carpenter,1958,3,1958-10-12,False,CLE,CRD,H,W,35,28,,2,25,0,2,12,0,0,0,0,0,,,3.7,5.7,3472,False,targets;fum_rec_td;ret_td,PFR+RULE2PT,19581012-CRD-CLE,False,ret_td;fum_rec_td,False,True,ret_td;fum_rec_td,
Preston Carpenter,1958,4,1958-10-19,False,CLE,PIT,H,W,27,10,,2,13,0,0,0,0,0,0,0,0,,,1.3,3.3,3472,False,targets;fum_rec_td;ret_td,PFR+RULE2PT,19581019-PIT-CLE,False,ret_td;fum_rec_td,False,True,ret_td;fum_rec_td,
Preston Carpenter,1958,5,1958-10-26,False,CLE,CRD,A,W,38,24,,1,9,0,0,0,0,0,0,0,0,,,0.9,1.9,3472,False,targets;fum_rec_td;ret_td,PFR+RULE2PT,19581026-CLE-CRD,False,ret_td;fum_rec_td,False,True,ret_td;fum_rec_td,
Preston Carpenter,1958,6,1958-11-02,False,CLE,NYG,H,L,17,21,,3,25,0,1,-10,0,0,0,0,0,,,1.5,4.5,3472,False,targets;fum_rec_td;ret_td,PFR+RULE2PT,19581102-NYG-CLE,False,ret_td;fum_rec_td,False,True,ret_td;fum_rec_td,
Preston Carpenter,1958,7,1958-11-09,False,CLE,DET,H,L,10,30,,3,45,0,0,0,0,0,0,0,0,,,4.5,7.5,3472,False,targets;fum_rec_td;ret_td,PFR+RULE2PT,19581109-DET-CLE,False,ret_td;fum_rec_td,False,True,ret_td;fum_rec_td,
Preston Carpenter,1958,8,1958-11-16,False,CLE,WAS,A,W,20,10,,4,115,0,0,0,0,0,0,0,0,,,11.5,15.5,3472,False,targets;fum_rec_td;ret_td,PFR+RULE2PT,19581116-CLE-WAS,False,ret_td;fum_rec_td,False,True,ret_td;fum_rec_td,
Preston Carpenter,1958,10,1958-11-30,False,CLE,WAS,H,W,21,14,,1,11,0,0,0,0,0,0,0,0,,,1.1,2.1,3472,False,targets;fum_rec_td;ret_td,PFR+RULE2PT,19581130-WAS-CLE,False,ret_td;fum_rec_td,False,True,ret_td;fum_rec_td,
Preston Carpenter,1958,12,1958-12-14,False,CLE,NYG,A,L,10,13,,2,55,0,0,0,0,0,0,0,0,,,5.5,7.5,3472,False,targets;fum_rec_td;ret_td,PFR+RULE2PT,19581214-CLE-NYG,False,ret_td;fum_rec_td,False,True,ret_td;fum_rec_td,
Preston Carpenter,1958,13,1958-12-21,True,CLE,NYG,A,L,0,10,,2,18,0,0,0,0,0,0,0,0,,,1.8,3.8,3472,False,targets;fum_rec_td;ret_td,PFR+RULE2PT,19581221-CLE-NYG,False,ret_td;fum_rec_td,False,True,ret_td;fum_rec_td,
Preston Carpenter,1959,1,1959-09-26,False,CLE,PIT,A,L,7,17,,4,47,0,0,0,0,0,0,0,0,,,4.7,8.7,3472,False,targets;fum_rec_td;ret_td,PFR+RULE2PT,19590926-CLE-PIT,False,ret_td;fum_rec_td,False,True,ret_td;fum_rec_td,
Preston Carpenter,1959,2,1959-10-04,False,CLE,CRD,A,W,34,7,,1,11,0,0,0,0,0,0,0,0,,,1.1,2.1,3472,False,targets;fum_rec_td;ret_td,PFR+RULE2PT,19591004-CLE-CRD,False,ret_td;fum_rec_td,False,True,ret_td;fum_rec_td,
Preston Carpenter,1959,3,1959-10-11,False,CLE,NYG,H,L,6,10,,2,27,0,0,0,0,0,0,0,0,,,2.7,4.7,3472,False,targets;fum_rec_td;ret_td,PFR+RULE2PT,19591011-NYG-CLE,False,ret_td;fum_rec_td,False,True,ret_td;fum_rec_td,
Preston Carpenter,1959,4,1959-10-18,False,CLE,CRD,H,W,17,7,,3,37,0,0,0,0,0,0,0,0,,,3.7,6.7,3472,False,targets;fum_rec_td;ret_td,PFR+RULE2PT,19591018-CRD-CLE,False,ret_td;fum_rec_td,False,True,ret_td;fum_rec_td,
Preston Carpenter,1959,5,1959-10-25,False,CLE,WAS,H,W,34,7,,2,27,1,1,4,0,0,0,0,0,,,9.1,11.1,3472,False,targets;fum_rec_td;ret_td,PFR+RULE2PT,19591025-WAS-CLE,False,ret_td;fum_rec_td,False,True,ret_td;fum_rec_td,
Preston Carpenter,1959,6,1959-11-01,False,CLE,BAL,A,W,38,31,,3,56,0,0,0,0,0,0,0,0,,,5.6,8.6,3472,False,targets;fum_rec_td;ret_td,PFR+RULE2PT,19591101-CLE-BAL,False,ret_td;fum_rec_td,False,True,ret_td;fum_rec_td,
Preston Carpenter,1959,7,1959-11-08,False,CLE,PHI,H,W,28,7,,2,17,0,0,0,0,0,0,0,0,,,1.7,3.7,3472,False,targets;fum_rec_td;ret_td,PFR+RULE2PT,19591108-PHI-CLE,False,ret_td;fum_rec_td,False,True,ret_td;fum_rec_td,
Preston Carpenter,1959,8,1959-11-15,False,CLE,WAS,A,W,31,17,,3,52,0,0,0,0,0,0,0,0,,,5.2,8.2,3472,False,targets;fum_rec_td;ret_td,PFR+RULE2PT,19591115-CLE-WAS,False,ret_td;fum_rec_td,False,True,ret_td;fum_rec_td,
Preston Carpenter,1959,9,1959-11-22,False,CLE,PIT,H,L,20,21,,1,13,0,0,0,0,0,0,0,0,,,1.3,2.3,3472,False,targets;fum_rec_td;ret_td,PFR+RULE2PT,19591122-PIT-CLE,False,ret_td;fum_rec_td,False,True,ret_td;fum_rec_td,
Preston Carpenter,1959,10,1959-11-29,False,CLE,SFO,H,L,20,21,,2,42,0,0,0,0,0,0,0,0,,,4.2,6.2,3472,False,targets;fum_rec_td;ret_td,PFR+RULE2PT,19591129-SFO-CLE,False,ret_td;fum_rec_td,False,True,ret_td;fum_rec_td,
Preston Carpenter,1959,12,1959-12-13,False,CLE,PHI,A,W,28,21,,1,43,1,0,0,0,0,0,0,0,,,10.3,11.3,3472,False,targets;fum_rec_td;ret_td,PFR+RULE2PT,19591213-CLE-PHI,False,ret_td;fum_rec_td,False,True,ret_td;fum_rec_td,
Dante Lavelli,1950,1,1950-09-16,False,CLE,PHI,A,W,35,10,,4,76,1,0,0,0,0,0,0,0,,,13.6,17.6,12972,False,targets;fum_rec_td;ret_td,PFR+RULE2PT,19500916-CLE-PHI,False,ret_td;fum_rec_td,False,True,ret_td;fum_rec_td,
Dante Lavelli,1950,2,1950-09-24,False,CLE,BAL,A,W,31,0,,5,115,1,0,0,0,0,0,0,0,,,17.5,22.5,12972,False,targets;fum_rec_td;ret_td,PFR+RULE2PT,19500924-CLE-BAL,False,ret_td;fum_rec_td,False,True,ret_td;fum_rec_td,
Dante Lavelli,1950,3,1950-10-01,False,CLE,NYG,H,L,0,6,,4,67,0,0,0,0,0,0,0,0,,,6.7,10.7,12972,False,targets;fum_rec_td;ret_td,PFR+RULE2PT,19501001-NYG-CLE,False,ret_td;fum_rec_td,False,True,ret_td;fum_rec_td,
Dante Lavelli,1950,4,1950-10-07,False,CLE,PIT,A,W,30,17,,1,13,0,0,0,0,0,0,0,0,,,1.3,2.3,12972,False,targets;fum_rec_td;ret_td,PFR+RULE2PT,19501007-CLE-PIT,False,ret_td;fum_rec_td,False,True,ret_td;fum_rec_td,
Dante Lavelli,1950,5,1950-10-15,False,CLE,CRD,H,W,34,24,,6,131,2,0,0,0,0,0,0,0,,,25.1,31.1,12972,False,targets;fum_rec_td;ret_td,PFR+RULE2PT,19501015-CRD-CLE,False,ret_td;fum_rec_td,False,True,ret_td;fum_rec_td,
Dante Lavelli,1950,6,1950-10-22,False,CLE,NYG,A,L,13,17,,2,32,0,0,0,0,0,0,0,0,,,3.2,5.2,12972,False,targets;fum_rec_td;ret_td,PFR+RULE2PT,19501022-CLE-NYG,False,ret_td;fum_rec_td,False,True,ret_td;fum_rec_td,
Dante Lavelli,1950,7,1950-10-29,False,CLE,PIT,H,W,45,7,,1,7,0,0,0,0,0,0,0,0,,,0.7,1.7,12972,False,targets;fum_rec_td;ret_td,PFR+RULE2PT,19501029-PIT-CLE,False,ret_td;fum_rec_td,False,True,ret_td;fum_rec_td,
Dante Lavelli,1950,8,1950-11-05,False,CLE,CRD,A,W,10,7,,3,30,0,0,0,0,0,0,0,0,,,3.0,6.0,12972,False,targets;fum_rec_td;ret_td,PFR+RULE2PT,19501105-CLE-CRD,False,ret_td;fum_rec_td,False,True,ret_td;fum_rec_td,
Dante Lavelli,1950,9,1950-11-12,False,CLE,SFO,H,W,34,14,,2,15,0,0,0,0,0,0,0,0,,,1.5,3.5,12972,False,targets;fum_rec_td;ret_td,PFR+RULE2PT,19501112-SFO-CLE,False,ret_td;fum_rec_td,False,True,ret_td;fum_rec_td,
Dante Lavelli,1950,10,1950-11-19,False,CLE,WAS,H,W,20,14,,4,27,1,0,0,0,0,0,0,0,,,8.7,12.7,12972,False,targets;fum_rec_td;ret_td,PFR+RULE2PT,19501119-WAS-CLE,False,ret_td;fum_rec_td,False,True,ret_td;fum_rec_td,
Dante Lavelli,1950,12,1950-12-10,False,CLE,WAS,A,W,45,21,,5,52,0,0,0,0,0,0,0,0,,,5.2,10.2,12972,False,targets;fum_rec_td;ret_td,PFR+RULE2PT,19501210-CLE-WAS,False,ret_td;fum_rec_td,False,True,ret_td;fum_rec_td,
Dante Lavelli,1950,13,1950-12-17,True,CLE,NYG,H,W,8,3,,2,35,0,0,0,0,0,0,0,0,,,3.5,5.5,12972,False,targets;fum_rec_td;ret_td,PFR+RULE2PT,19501217-NYG-CLE,False,ret_td;fum_rec_td,False,True,ret_td;fum_rec_td,
Dante Lavelli,1950,14,1950-12-24,True,CLE,RAM,H,W,30,28,,11,128,2,0,2,0,0,0,0,0,,,25.0,36.0,12972,False,targets;fum_rec_td;ret_td,PFR+RULE2PT,19501224-RAM-CLE,False,ret_td;fum_rec_td,False,True,ret_td;fum_rec_td,
Dante Lavelli,1951,1,1951-09-30,False,CLE,SFO,A,L,10,24,,5,23,0,0,0,0,0,0,0,0,,,2.3,7.3,12972,False,targets;fum_rec_td;ret_td,PFR+RULE2PT,19510930-CLE-SFO,False,ret_td;fum_rec_td,False,True,ret_td;fum_rec_td,
Dante Lavelli,1951,2,1951-10-07,False,CLE,RAM,A,W,38,23,,3,39,0,0,0,0,0,0,0,0,,,3.9,6.9,12972,False,targets;fum_rec_td;ret_td,PFR+RULE2PT,19511007-CLE-RAM,False,ret_td;fum_rec_td,False,True,ret_td;fum_rec_td,
Dante Lavelli,1951,3,1951-10-14,False,CLE,WAS,H,W,45,0,,1,44,0,0,0,0,0,0,0,0,,,4.4,5.4,12972,False,targets;fum_rec_td;ret_td,PFR+RULE2PT,19511014-WAS-CLE,False,ret_td;fum_rec_td,False,True,ret_td;fum_rec_td,
Dante Lavelli,1951,4,1951-10-21,False,CLE,PIT,H,W,17,0,,3,27,0,0,0,0,0,0,0,0,,,2.7,5.7,12972,False,targets;fum_rec_td;ret_td,PFR+RULE2PT,19511021-PIT-CLE,False,ret_td;fum_rec_td,False,True,ret_td;fum_rec_td,
Dante Lavelli,1951,5,1951-10-28,False,CLE,NYG,H,W,14,13,,6,68,1,0,0,0,0,0,0,0,,,12.8,18.8,12972,False,targets;fum_rec_td;ret_td,PFR+RULE2PT,19511028-NYG-CLE,False,ret_td;fum_rec_td,False,True,ret_td;fum_rec_td,
Dante Lavelli,1951,6,1951-11-04,False,CLE,CRD,A,W,34,17,,5,67,1,0,0,0,0,0,0,0,,,12.7,17.7,12972,False,targets;fum_rec_td;ret_td,PFR+RULE2PT,19511104-CLE-CRD,False,ret_td;fum_rec_td,False,True,ret_td;fum_rec_td,
Dante Lavelli,1951,7,1951-11-11,False,CLE,PHI,H,W,20,17,,4,85,1,0,0,0,0,0,0,0,,,14.5,18.5,12972,False,targets;fum_rec_td;ret_td,PFR+RULE2PT,19511111-PHI-CLE,False,ret_td;fum_rec_td,False,True,ret_td;fum_rec_td,
Dante Lavelli,1951,8,1951-11-18,False,CLE,NYG,A,W,10,0,,3,52,0,0,0,0,0,0,0,0,,,5.2,8.2,12972,False,targets;fum_rec_td;ret_td,PFR+RULE2PT,19511118-CLE-NYG,False,ret_td;fum_rec_td,False,True,ret_td;fum_rec_td,
Dante Lavelli,1951,9,1951-11-25,False,CLE,CHI,H,W,42,21,,2,33,0,0,0,0,0,0,0,0,,,3.3,5.3,12972,False,targets;fum_rec_td;ret_td,PFR+RULE2PT,19511125-CHI-CLE,False,ret_td;fum_rec_td,False,True,ret_td;fum_rec_td,
Dante Lavelli,1951,10,1951-12-02,False,CLE,CRD,H,W,49,28,,5,78,1,0,0,0,0,0,0,0,,,13.8,18.8,12972,False,targets;fum_rec_td;ret_td,PFR+RULE2PT,19511202-CRD-CLE,False,ret_td;fum_rec_td,False,True,ret_td;fum_rec_td,
Dante Lavelli,1951,11,1951-12-09,False,CLE,PIT,A,W,28,0,,4,46,1,0,0,0,0,0,0,0,,,10.6,14.6,12972,False,targets;fum_rec_td;ret_td,PFR+RULE2PT,19511209-CLE-PIT,False,ret_td;fum_rec_td,False,True,ret_td;fum_rec_td,
Dante Lavelli,1951,12,1951-12-16,False,CLE,PHI,A,W,24,9,,2,24,1,0,0,0,0,0,0,0,,,8.4,10.4,12972,False,targets;fum_rec_td;ret_td,PFR+RULE2PT,19511216-CLE-PHI,False,ret_td;fum_rec_td,False,True,ret_td;fum_rec_td,
Dante Lavelli,1951,13,1951-12-23,True,CLE,RAM,A,L,17,24,,4,65,0,0,0,0,0,0,0,0,,,6.5,10.5,12972,False,targets;fum_rec_td;ret_td,PFR+RULE2PT,19511223-CLE-RAM,False,ret_td;fum_rec_td,False,True,ret_td;fum_rec_td,
Dante Lavelli,1952,7,1952-11-09,False,CLE,CRD,H,W,28,13,,1,9,0,0,0,0,0,0,0,0,,,0.9,1.9,12972,False,targets;fum_rec_td;ret_td,PFR+RULE2PT,19521109-CRD-CLE,False,ret_td;fum_rec_td,False,True,ret_td;fum_rec_td,
Dante Lavelli,1952,8,1952-11-16,False,CLE,PIT,H,W,29,28,,6,107,2,0,0,0,0,0,0,0,,,22.7,28.7,12972,False,targets;fum_rec_td;ret_td,PFR+RULE2PT,19521116-PIT-CLE,False,ret_td;fum_rec_td,False,True,ret_td;fum_rec_td,
Dante Lavelli,1952,9,1952-11-23,False,CLE,PHI,H,L,20,28,,2,17,0,0,0,0,0,0,0,0,,,1.7,3.7,12972,False,targets;fum_rec_td;ret_td,PFR+RULE2PT,19521123-PHI-CLE,False,ret_td;fum_rec_td,False,True,ret_td;fum_rec_td,
Dante Lavelli,1952,10,1952-11-30,False,CLE,WAS,A,W,48,24,,5,106,1,0,0,0,0,0,0,0,,,16.6,21.6,12972,False,targets;fum_rec_td;ret_td,PFR+RULE2PT,19521130-CLE-WAS,False,ret_td;fum_rec_td,False,True,ret_td;fum_rec_td,
Dante Lavelli,1952,11,1952-12-07,False,CLE,CRD,A,W,10,0,,4,54,0,0,0,0,0,0,0,0,,,5.4,9.4,12972,False,targets;fum_rec_td;ret_td,PFR+RULE2PT,19521207-CLE-CRD,False,ret_td;fum_rec_td,False,True,ret_td;fum_rec_td,
Dante Lavelli,1952,12,1952-12-14,False,CLE,NYG,A,L,34,37,,3,43,1,0,0,0,0,0,0,0,,,10.3,13.3,12972,False,targets;fum_rec_td;ret_td,PFR+RULE2PT,19521214-CLE-NYG,False,ret_td;fum_rec_td,False,True,ret_td;fum_rec_td,
Dante Lavelli,1952,13,1952-12-28,True,CLE,DET,H,L,7,17,,4,33,0,0,0,0,0,0,0,0,,,3.3,7.3,12972,False,targets;fum_rec_td;ret_td,PFR+RULE2PT,19521228-DET-CLE,False,ret_td;fum_rec_td,False,True,ret_td;fum_rec_td,
Dante Lavelli,1953,1,1953-09-27,False,CLE,GNB,A,W,27,0,,4,45,0,0,0,0,0,0,0,0,,,4.5,8.5,12972,False,targets;fum_rec_td;ret_td,PFR+RULE2PT,19530927-CLE-GNB,False,ret_td;fum_rec_td,False,True,ret_td;fum_rec_td,
Dante Lavelli,1953,2,1953-10-04,False,CLE,CRD,A,W,27,7,,4,137,2,0,0,0,0,0,0,0,,,25.7,29.7,12972,False,targets;fum_rec_td;ret_td,PFR+RULE2PT,19531004-CLE-CRD,False,ret_td;fum_rec_td,False,True,ret_td;fum_rec_td,
Dante Lavelli,1953,3,1953-10-10,False,CLE,PHI,H,W,37,13,,4,99,1,0,0,0,0,0,0,0,,,15.9,19.9,12972,False,targets;fum_rec_td;ret_td,PFR+RULE2PT,19531010-PHI-CLE,False,ret_td;fum_rec_td,False,True,ret_td;fum_rec_td,
Dante Lavelli,1953,4,1953-10-18,False,CLE,WAS,A,W,30,14,,4,97,1,0,0,0,0,0,0,0,,,15.7,19.7,12972,False,targets;fum_rec_td;ret_td,PFR+RULE2PT,19531018-CLE-WAS,False,ret_td;fum_rec_td,False,True,ret_td;fum_rec_td,
Dante Lavelli,1953,5,1953-10-25,False,CLE,NYG,A,W,7,0,,2,26,0,0,0,0,0,0,0,0,,,2.6,4.6,12972,False,targets;fum_rec_td;ret_td,PFR+RULE2PT,19531025-CLE-NYG,False,ret_td;fum_rec_td,False,True,ret_td;fum_rec_td,
Dante Lavelli,1953,6,1953-11-01,False,CLE,WAS,H,W,27,3,,3,48,0,0,0,0,0,0,0,0,,,4.8,7.8,12972,False,targets;fum_rec_td;ret_td,PFR+RULE2PT,19531101-WAS-CLE,False,ret_td;fum_rec_td,False,True,ret_td;fum_rec_td,
Dante Lavelli,1953,7,1953-11-08,False,CLE,PIT,H,W,34,16,,3,32,1,0,0,0,0,0,0,0,,,9.2,12.2,12972,False,targets;fum_rec_td;ret_td,PFR+RULE2PT,19531108-PIT-CLE,False,ret_td;fum_rec_td,False,True,ret_td;fum_rec_td,
Dante Lavelli,1953,8,1953-11-15,False,CLE,SFO,H,W,23,21,,6,137,0,0,0,0,0,0,0,0,,,13.7,19.7,12972,False,targets;fum_rec_td;ret_td,PFR+RULE2PT,19531115-SFO-CLE,False,ret_td;fum_rec_td,False,True,ret_td;fum_rec_td,
Dante Lavelli,1953,9,1953-11-22,False,CLE,PIT,A,W,20,16,,5,49,0,0,0,0,0,0,0,0,,,4.9,9.9,12972,False,targets;fum_rec_td;ret_td,PFR+RULE2PT,19531122-CLE-PIT,False,ret_td;fum_rec_td,False,True,ret_td;fum_rec_td,
Dante Lavelli,1953,10,1953-11-29,False,CLE,CRD,H,W,27,16,,3,36,0,0,0,0,0,0,0,0,,,3.6,6.6,12972,False,targets;fum_rec_td;ret_td,PFR+RULE2PT,19531129-CRD-CLE,False,ret_td;fum_rec_td,False,True,ret_td;fum_rec_td,
Dante Lavelli,1953,11,1953-12-06,False,CLE,NYG,H,W,62,14,,2,25,0,0,0,0,0,0,0,0,,,2.5,4.5,12972,False,targets;fum_rec_td;ret_td,PFR+RULE2PT,19531206-NYG-CLE,False,ret_td;fum_rec_td,False,True,ret_td;fum_rec_td,
Dante Lavelli,1953,12,1953-12-13,False,CLE,PHI,A,L,27,42,,5,52,1,0,0,0,0,0,0,0,,,11.2,16.2,12972,False,targets;fum_rec_td;ret_td,PFR+RULE2PT,19531213-CLE-PHI,False,ret_td;fum_rec_td,False,True,ret_td;fum_rec_td,
Dante Lavelli,1953,13,1953-12-27,True,CLE,DET,A,L,16,17,,1,13,0,0,0,0,0,0,0,0,,,1.3,2.3,12972,False,targets;fum_rec_td;ret_td,PFR+RULE2PT,19531227-CLE-DET,False,ret_td;fum_rec_td,False,True,ret_td;fum_rec_td,
Dante Lavelli,1954,1,1954-09-26,False,CLE,PHI,A,L,10,28,,2,36,1,0,0,0,0,0,0,0,,,9.6,11.6,12972,False,targets;fum_rec_td;ret_td,PFR+RULE2PT,19540926-CLE-PHI,False,ret_td;fum_rec_td,False,True,ret_td;fum_rec_td,
Dante Lavelli,1954,2,1954-10-10,False,CLE,CRD,H,W,31,7,,6,88,0,0,0,0,0,0,0,0,,,8.8,14.8,12972,False,targets;fum_rec_td;ret_td,PFR+RULE2PT,19541010-CRD-CLE,False,ret_td;fum_rec_td,False,True,ret_td;fum_rec_td,
Dante Lavelli,1954,3,1954-10-17,False,CLE,PIT,A,L,27,55,,7,134,2,0,0,0,0,0,0,0,,,25.4,32.4,12972,False,targets;fum_rec_td;ret_td,PFR+RULE2PT,19541017-CLE-PIT,False,ret_td;fum_rec_td,False,True,ret_td;fum_rec_td,
Dante Lavelli,1954,4,1954-10-24,False,CLE,CRD,A,W,35,3,,8,98,1,0,0,0,0,0,0,0,,,15.8,23.8,12972,False,targets;fum_rec_td;ret_td,PFR+RULE2PT,19541024-CLE-CRD,False,ret_td;fum_rec_td,False,True,ret_td;fum_rec_td,
Dante Lavelli,1954,5,1954-10-31,False,CLE,NYG,H,W,24,14,,2,40,1,0,0,0,0,0,0,0,,,10.0,12.0,12972,False,targets;fum_rec_td;ret_td,PFR+RULE2PT,19541031-NYG-CLE,False,ret_td;fum_rec_td,False,True,ret_td;fum_rec_td,
Dante Lavelli,1954,6,1954-11-07,False,CLE,WAS,H,W,62,3,,4,69,1,0,0,0,0,0,0,0,,,12.9,16.9,12972,False,targets;fum_rec_td;ret_td,PFR+RULE2PT,19541107-WAS-CLE,False,ret_td;fum_rec_td,False,True,ret_td;fum_rec_td,
Dante Lavelli,1954,7,1954-11-14,False,CLE,CHI,A,W,39,10,,6,75,1,0,0,0,0,0,0,0,,,13.5,19.5,12972,False,targets;fum_rec_td;ret_td,PFR+RULE2PT,19541114-CLE-CHI,False,ret_td;fum_rec_td,False,True,ret_td;fum_rec_td,
Dante Lavelli,1954,8,1954-11-21,False,CLE,PHI,H,W,6,0,,1,14,0,0,0,0,0,0,0,0,,,1.4,2.4,12972,False,targets;fum_rec_td;ret_td,PFR+RULE2PT,19541121-PHI-CLE,False,ret_td;fum_rec_td,False,True,ret_td;fum_rec_td,
Dante Lavelli,1954,9,1954-11-28,False,CLE,NYG,A,W,16,7,,4,50,0,0,0,0,0,0,0,0,,,5.0,9.0,12972,False,targets;fum_rec_td;ret_td,PFR+RULE2PT,19541128-CLE-NYG,False,ret_td;fum_rec_td,False,True,ret_td;fum_rec_td,
Dante Lavelli,1954,10,1954-12-05,False,CLE,WAS,A,W,34,14,,5,128,0,0,0,0,0,0,0,0,,,12.8,17.8,12972,False,targets;fum_rec_td;ret_td,PFR+RULE2PT,19541205-CLE-WAS,False,ret_td;fum_rec_td,False,True,ret_td;fum_rec_td,
Dante Lavelli,1954,11,1954-12-12,False,CLE,PIT,H,W,42,7,,2,70,0,0,0,0,0,0,0,0,,,7.0,9.0,12972,False,targets;fum_rec_td;ret_td,PFR+RULE2PT,19541212-PIT-CLE,False,ret_td;fum_rec_td,False,True,ret_td;fum_rec_td,
Dante Lavelli,1954,13,1954-12-26,True,CLE,DET,H,W,56,10,,1,6,0,0,0,0,0,0,0,0,,,0.6,1.6,12972,False,targets;fum_rec_td;ret_td,PFR+RULE2PT,19541226-DET-CLE,False,ret_td;fum_rec_td,False,True,ret_td;fum_rec_td,
Dante Lavelli,1955,1,1955-09-25,False,CLE,WAS,H,L,17,27,,2,39,0,0,0,0,0,0,0,0,,,3.9,5.9,12972,False,targets;fum_rec_td;ret_td,PFR+RULE2PT,19550925-WAS-CLE,False,ret_td;fum_rec_td,False,True,ret_td;fum_rec_td,
Dante Lavelli,1955,2,1955-10-02,False,CLE,SFO,A,W,38,3,,2,37,0,0,0,0,0,0,0,0,,,3.7,5.7,12972,False,targets;fum_rec_td;ret_td,PFR+RULE2PT,19551002-CLE-SFO,False,ret_td;fum_rec_td,False,True,ret_td;fum_rec_td,
Dante Lavelli,1955,3,1955-10-09,False,CLE,PHI,H,W,21,17,,6,108,1,0,0,0,0,0,0,0,,,16.8,22.8,12972,False,targets;fum_rec_td;ret_td,PFR+RULE2PT,19551009-PHI-CLE,False,ret_td;fum_rec_td,False,True,ret_td;fum_rec_td,
Dante Lavelli,1955,4,1955-10-16,False,CLE,WAS,A,W,24,14,,2,24,0,0,0,0,0,0,0,0,,,2.4,4.4,12972,False,targets;fum_rec_td;ret_td,PFR+RULE2PT,19551016-CLE-WAS,False,ret_td;fum_rec_td,False,True,ret_td;fum_rec_td,
Dante Lavelli,1955,5,1955-10-23,False,CLE,GNB,H,W,41,10,,1,17,0,0,0,0,0,0,0,0,,,1.7,2.7,12972,False,targets;fum_rec_td;ret_td,PFR+RULE2PT,19551023-GNB-CLE,False,ret_td;fum_rec_td,False,True,ret_td;fum_rec_td,
Dante Lavelli,1955,7,1955-11-06,False,CLE,NYG,H,W,24,14,,4,37,0,0,0,0,0,0,0,0,,,3.7,7.7,12972,False,targets;fum_rec_td;ret_td,PFR+RULE2PT,19551106-NYG-CLE,False,ret_td;fum_rec_td,False,True,ret_td;fum_rec_td,
Dante Lavelli,1955,8,1955-11-13,False,CLE,PHI,A,L,17,33,,1,5,0,0,0,0,0,0,0,0,,,0.5,1.5,12972,False,targets;fum_rec_td;ret_td,PFR+RULE2PT,19551113-CLE-PHI,False,ret_td;fum_rec_td,False,True,ret_td;fum_rec_td,
Dante Lavelli,1955,9,1955-11-20,False,CLE,PIT,H,W,41,14,,3,64,2,0,0,0,0,0,0,0,,,18.4,21.4,12972,False,targets;fum_rec_td;ret_td,PFR+RULE2PT,19551120-PIT-CLE,False,ret_td;fum_rec_td,False,True,ret_td;fum_rec_td,
Dante Lavelli,1955,10,1955-11-27,False,CLE,NYG,A,T,35,35,,5,74,0,0,0,0,0,0,0,0,,,7.4,12.4,12972,False,targets;fum_rec_td;ret_td,PFR+RULE2PT,19551127-CLE-NYG,False,ret_td;fum_rec_td,False,True,ret_td;fum_rec_td,
Dante Lavelli,1955,11,1955-12-04,False,CLE,PIT,A,W,30,7,,1,22,0,0,0,0,0,0,0,0,,,2.2,3.2,12972,False,targets;fum_rec_td;ret_td,PFR+RULE2PT,19551204-CLE-PIT,False,ret_td;fum_rec_td,False,True,ret_td;fum_rec_td,
Dante Lavelli,1955,12,1955-12-11,False,CLE,CRD,H,W,35,24,,4,65,1,0,0,0,0,0,0,0,,,12.5,16.5,12972,False,targets;fum_rec_td;ret_td,PFR+RULE2PT,19551211-CRD-CLE,False,ret_td;fum_rec_td,False,True,ret_td;fum_rec_td,
Dante Lavelli,1955,13,1955-12-26,True,CLE,RAM,A,W,38,14,,3,95,1,0,0,0,0,0,0,0,,,15.5,18.5,12972,False,targets;fum_rec_td;ret_td,PFR+RULE2PT,19551226-CLE-RAM,False,ret_td;fum_rec_td,False,True,ret_td;fum_rec_td,
Dante Lavelli,1956,2,1956-10-06,False,CLE,PIT,A,W,14,10,,3,54,0,0,0,0,0,0,0,0,,,5.4,8.4,12972,False,targets;fum_rec_td;ret_td,PFR+RULE2PT,19561006-CLE-PIT,False,ret_td;fum_rec_td,False,True,ret_td;fum_rec_td,
Dante Lavelli,1956,3,1956-10-14,False,CLE,NYG,H,L,9,21,,5,74,0,0,0,0,0,0,0,0,,,7.4,12.4,12972,False,targets;fum_rec_td;ret_td,PFR+RULE2PT,19561014-NYG-CLE,False,ret_td;fum_rec_td,False,True,ret_td;fum_rec_td,
Dante Lavelli,1956,4,1956-10-21,False,CLE,WAS,A,L,9,20,,5,68,0,0,0,0,0,0,0,0,,,6.8,11.8,12972,False,targets;fum_rec_td;ret_td,PFR+RULE2PT,19561021-CLE-WAS,False,ret_td;fum_rec_td,False,True,ret_td;fum_rec_td,
Dante Lavelli,1956,5,1956-10-28,False,CLE,PIT,H,L,16,24,,1,68,1,0,0,0,0,0,0,0,,,12.8,13.8,12972,False,targets;fum_rec_td;ret_td,PFR+RULE2PT,19561028-PIT-CLE,False,ret_td;fum_rec_td,False,True,ret_td;fum_rec_td,
Dante Lavelli,1956,8,1956-11-18,False,CLE,PHI,A,W,16,0,,1,13,0,0,0,0,0,0,0,0,,,1.3,2.3,12972,False,targets;fum_rec_td;ret_td,PFR+RULE2PT,19561118-CLE-PHI,False,ret_td;fum_rec_td,False,True,ret_td;fum_rec_td,
Dante Lavelli,1956,9,1956-11-25,False,CLE,WAS,H,L,17,20,,1,7,0,0,0,0,0,0,0,0,,,0.7,1.7,12972,False,targets;fum_rec_td;ret_td,PFR+RULE2PT,19561125-WAS-CLE,False,ret_td;fum_rec_td,False,True,ret_td;fum_rec_td,
Dante Lavelli,1956,10,1956-12-02,False,CLE,PHI,H,W,17,14,,2,26,0,0,0,0,0,0,0,0,,,2.6,4.6,12972,False,targets;fum_rec_td;ret_td,PFR+RULE2PT,19561202-PHI-CLE,False,ret_td;fum_rec_td,False,True,ret_td;fum_rec_td,
Dante Lavelli,1956,12,1956-12-16,False,CLE,CRD,H,L,7,24,,2,34,0,0,0,0,0,0,0,0,,,3.4,5.4,12972,False,targets;fum_rec_td;ret_td,PFR+RULE2PT,19561216-CRD-CLE,False,ret_td;fum_rec_td,False,True,ret_td;fum_rec_td,
Pete Pihos,1950,1,1950-09-16,False,PHI,CLE,H,L,10,35,,4,51,1,0,0,0,0,0,0,0,,,11.1,15.1,17610,False,targets;fum_rec_td;ret_td,PFR+RULE2PT,19500916-CLE-PHI,False,ret_td;fum_rec_td,False,True,ret_td;fum_rec_td,
Pete Pihos,1950,2,1950-09-24,False,PHI,CRD,A,W,45,7,,3,32,1,0,0,0,0,0,0,0,,,9.2,12.2,17610,False,targets;fum_rec_td;ret_td,PFR+RULE2PT,19500924-PHI-CRD,False,ret_td;fum_rec_td,False,True,ret_td;fum_rec_td,
Pete Pihos,1950,3,1950-10-07,False,PHI,RAM,H,W,56,20,,3,26,1,0,0,0,0,0,0,0,,,8.6,11.6,17610,False,targets;fum_rec_td;ret_td,PFR+RULE2PT,19501007-RAM-PHI,False,ret_td;fum_rec_td,False,True,ret_td;fum_rec_td,
Pete Pihos,1950,4,1950-10-15,False,PHI,BAL,A,W,24,14,,1,16,1,0,0,0,0,0,0,0,,,7.6,8.6,17610,False,targets;fum_rec_td;ret_td,PFR+RULE2PT,19501015-PHI-BAL,False,ret_td;fum_rec_td,False,True,ret_td;fum_rec_td,
Pete Pihos,1950,5,1950-10-22,False,PHI,PIT,A,W,17,10,,3,17,0,0,0,0,0,0,0,0,,,1.7,4.7,17610,False,targets;fum_rec_td;ret_td,PFR+RULE2PT,19501022-PHI-PIT,False,ret_td;fum_rec_td,False,True,ret_td;fum_rec_td,
Pete Pihos,1950,6,1950-10-29,False,PHI,WAS,H,W,35,3,,2,45,1,0,0,0,0,0,0,0,,,10.5,12.5,17610,False,targets;fum_rec_td;ret_td,PFR+RULE2PT,19501029-WAS-PHI,False,ret_td;fum_rec_td,False,True,ret_td;fum_rec_td,
Pete Pihos,1950,7,1950-11-05,False,PHI,PIT,H,L,7,9,,5,63,0,0,0,0,0,0,0,0,,,6.3,11.3,17610,False,targets;fum_rec_td;ret_td,PFR+RULE2PT,19501105-PIT-PHI,False,ret_td;fum_rec_td,False,True,ret_td;fum_rec_td,
Pete Pihos,1950,8,1950-11-12,False,PHI,WAS,A,W,33,0,,5,59,0,0,0,0,0,0,0,0,,,5.9,10.9,17610,False,targets;fum_rec_td;ret_td,PFR+RULE2PT,19501112-PHI-WAS,False,ret_td;fum_rec_td,False,True,ret_td;fum_rec_td,
Pete Pihos,1950,9,1950-11-19,False,PHI,CRD,H,L,10,14,,3,32,1,0,0,0,0,0,0,0,,,9.2,12.2,17610,False,targets;fum_rec_td;ret_td,PFR+RULE2PT,19501119-CRD-PHI,False,ret_td;fum_rec_td,False,True,ret_td;fum_rec_td,
Pete Pihos,1950,10,1950-11-26,False,PHI,NYG,A,L,3,7,,5,43,0,0,0,0,0,0,0,0,,,4.3,9.3,17610,False,targets;fum_rec_td;ret_td,PFR+RULE2PT,19501126-PHI-NYG,False,ret_td;fum_rec_td,False,True,ret_td;fum_rec_td,
Pete Pihos,1950,11,1950-12-03,False,PHI,CLE,A,L,7,13,,1,6,0,0,0,0,0,0,0,0,,,0.6,1.6,17610,False,targets;fum_rec_td;ret_td,PFR+RULE2PT,19501203-PHI-CLE,False,ret_td;fum_rec_td,False,True,ret_td;fum_rec_td,
Pete Pihos,1950,12,1950-12-10,False,PHI,NYG,H,L,7,9,,3,57,0,0,0,0,0,0,0,0,,,5.7,8.7,17610,False,targets;fum_rec_td;ret_td,PFR+RULE2PT,19501210-NYG-PHI,False,ret_td;fum_rec_td,False,True,ret_td;fum_rec_td,
Pete Pihos,1951,1,1951-09-30,False,PHI,CRD,A,W,17,14,,1,19,1,0,0,0,0,0,0,0,,,7.9,8.9,17610,False,targets;fum_rec_td;ret_td,PFR+RULE2PT,19510930-PHI-CRD,False,ret_td;fum_rec_td,False,True,ret_td;fum_rec_td,
Pete Pihos,1951,2,1951-10-06,False,PHI,SFO,H,W,21,14,,6,91,0,0,0,0,0,0,0,0,,,9.1,15.1,17610,False,targets;fum_rec_td;ret_td,PFR+RULE2PT,19511006-SFO-PHI,False,ret_td;fum_rec_td,False,True,ret_td;fum_rec_td,
Pete Pihos,1951,3,1951-10-14,False,PHI,GNB,A,L,24,37,,5,65,1,0,0,0,0,0,0,0,,,12.5,17.5,17610,False,targets;fum_rec_td;ret_td,PFR+RULE2PT,19511014-PHI-GNB,False,ret_td;fum_rec_td,False,True,ret_td;fum_rec_td,
Pete Pihos,1951,4,1951-10-21,False,PHI,NYG,A,L,24,26,,4,73,0,0,0,0,0,0,0,0,,,7.3,11.3,17610,False,targets;fum_rec_td;ret_td,PFR+RULE2PT,19511021-PHI-NYG,False,ret_td;fum_rec_td,False,True,ret_td;fum_rec_td,
Pete Pihos,1951,5,1951-10-28,False,PHI,WAS,H,L,23,27,,1,8,0,0,0,0,0,0,0,0,,,0.8,1.8,17610,False,targets;fum_rec_td;ret_td,PFR+RULE2PT,19511028-WAS-PHI,False,ret_td;fum_rec_td,False,True,ret_td;fum_rec_td,
Pete Pihos,1951,6,1951-11-04,False,PHI,PIT,A,W,34,13,,3,36,1,0,0,0,0,0,0,0,,,9.6,12.6,17610,False,targets;fum_rec_td;ret_td,PFR+RULE2PT,19511104-PHI-PIT,False,ret_td;fum_rec_td,False,True,ret_td;fum_rec_td,
Pete Pihos,1951,7,1951-11-11,False,PHI,CLE,A,L,17,20,,2,26,0,0,0,0,0,0,0,0,,,2.6,4.6,17610,False,targets;fum_rec_td;ret_td,PFR+RULE2PT,19511111-PHI-CLE,False,ret_td;fum_rec_td,False,True,ret_td;fum_rec_td,
Pete Pihos,1951,8,1951-11-18,False,PHI,DET,H,L,10,28,,5,98,1,0,0,0,0,0,0,0,,,15.8,20.8,17610,False,targets;fum_rec_td;ret_td,PFR+RULE2PT,19511118-DET-PHI,False,ret_td;fum_rec_td,False,True,ret_td;fum_rec_td,
Pete Pihos,1951,9,1951-11-25,False,PHI,PIT,H,L,13,17,,4,68,1,0,0,0,0,0,0,0,,,12.8,16.8,17610,False,targets;fum_rec_td;ret_td,PFR+RULE2PT,19511125-PIT-PHI,False,ret_td;fum_rec_td,False,True,ret_td;fum_rec_td,
Pete Pihos,1951,10,1951-12-02,False,PHI,WAS,A,W,35,21,,2,25,0,0,0,0,0,0,0,0,,,2.5,4.5,17610,False,targets;fum_rec_td;ret_td,PFR+RULE2PT,19511202-PHI-WAS,False,ret_td;fum_rec_td,False,True,ret_td;fum_rec_td,
Pete Pihos,1951,11,1951-12-09,False,PHI,NYG,H,L,7,23,,2,27,0,0,0,0,0,0,0,0,,,2.7,4.7,17610,False,targets;fum_rec_td;ret_td,PFR+RULE2PT,19511209-NYG-PHI,False,ret_td;fum_rec_td,False,True,ret_td;fum_rec_td,
Pete Pihos,1952,1,1952-09-28,False,PHI,PIT,A,W,31,25,,3,83,1,0,0,0,0,0,0,0,,,14.3,17.3,17610,False,targets;fum_rec_td;ret_td,PFR+RULE2PT,19520928-PHI-PIT,False,ret_td;fum_rec_td,False,True,ret_td;fum_rec_td,
Pete Pihos,1952,2,1952-10-04,False,PHI,NYG,H,L,7,31,,1,10,0,0,0,0,0,0,0,0,,,1.0,2.0,17610,False,targets;fum_rec_td;ret_td,PFR+RULE2PT,19521004-NYG-PHI,False,ret_td;fum_rec_td,False,True,ret_td;fum_rec_td,
Pete Pihos,1952,3,1952-10-12,False,PHI,PIT,H,W,26,21,,1,9,0,0,0,0,0,0,0,0,,,0.9,1.9,17610,False,targets;fum_rec_td;ret_td,PFR+RULE2PT,19521012-PIT-PHI,False,ret_td;fum_rec_td,False,True,ret_td;fum_rec_td,
Pete Pihos,1952,5,1952-10-26,False,PHI,NYG,A,W,14,10,,1,28,0,0,0,0,0,0,0,0,,,2.8,3.8,17610,False,targets;fum_rec_td;ret_td,PFR+RULE2PT,19521026-PHI-NYG,False,ret_td;fum_rec_td,False,True,ret_td;fum_rec_td,
Pete Pihos,1952,7,1952-11-09,False,PHI,WAS,H,W,38,20,,3,52,0,0,0,0,0,0,0,0,,,5.2,8.2,17610,False,targets;fum_rec_td;ret_td,PFR+RULE2PT,19521109-WAS-PHI,False,ret_td;fum_rec_td,False,True,ret_td;fum_rec_td,
Pete Pihos,1952,8,1952-11-16,False,PHI,CRD,H,W,10,7,,1,13,0,0,0,0,0,0,0,0,,,1.3,2.3,17610,False,targets;fum_rec_td;ret_td,PFR+RULE2PT,19521116-CRD-PHI,False,ret_td;fum_rec_td,False,True,ret_td;fum_rec_td,
Pete Pihos,1952,10,1952-11-30,False,PHI,CRD,A,L,22,28,,1,13,0,0,0,0,0,0,0,0,,,1.3,2.3,17610,False,targets;fum_rec_td;ret_td,PFR+RULE2PT,19521130-PHI-CRD,False,ret_td;fum_rec_td,False,True,ret_td;fum_rec_td,
Pete Pihos,1952,12,1952-12-14,False,PHI,WAS,A,L,21,27,,1,11,0,0,0,0,0,0,0,0,,,1.1,2.1,17610,False,targets;fum_rec_td;ret_td,PFR+RULE2PT,19521214-PHI-WAS,False,ret_td;fum_rec_td,False,True,ret_td;fum_rec_td,
Pete Pihos,1953,1,1953-09-27,False,PHI,SFO,A,L,21,31,,5,61,1,0,0,0,0,0,0,0,,,12.1,17.1,17610,False,targets;fum_rec_td;ret_td,PFR+RULE2PT,19530927-PHI-SFO,False,ret_td;fum_rec_td,False,True,ret_td;fum_rec_td,
Pete Pihos,1953,2,1953-10-02,False,PHI,WAS,H,T,21,21,,5,68,2,0,0,0,0,0,0,0,,,18.8,23.8,17610,False,targets;fum_rec_td;ret_td,PFR+RULE2PT,19531002-WAS-PHI,False,ret_td;fum_rec_td,False,True,ret_td;fum_rec_td,
Pete Pihos,1953,3,1953-10-10,False,PHI,CLE,A,L,13,37,,4,64,0,0,0,0,0,0,0,0,,,6.4,10.4,17610,False,targets;fum_rec_td;ret_td,PFR+RULE2PT,19531010-PHI-CLE,False,ret_td;fum_rec_td,False,True,ret_td;fum_rec_td,
Pete Pihos,1953,4,1953-10-17,False,PHI,PIT,H,W,23,7,,6,91,1,0,0,0,0,0,0,0,,,15.1,21.1,17610,False,targets;fum_rec_td;ret_td,PFR+RULE2PT,19531017-PIT-PHI,False,ret_td;fum_rec_td,False,True,ret_td;fum_rec_td,
Pete Pihos,1953,5,1953-10-25,False,PHI,CRD,A,W,56,17,,8,156,1,0,0,0,0,0,0,0,,,21.6,29.6,17610,False,targets;fum_rec_td;ret_td,PFR+RULE2PT,19531025-PHI-CRD,False,ret_td;fum_rec_td,False,True,ret_td;fum_rec_td,
Pete Pihos,1953,6,1953-11-01,False,PHI,PIT,A,W,35,7,,4,77,1,0,0,0,0,0,0,0,,,13.7,17.7,17610,False,targets;fum_rec_td;ret_td,PFR+RULE2PT,19531101-PHI-PIT,False,ret_td;fum_rec_td,False,True,ret_td;fum_rec_td,
Pete Pihos,1953,7,1953-11-08,False,PHI,NYG,H,W,30,7,,7,145,2,0,0,0,0,0,0,0,,,26.5,33.5,17610,False,targets;fum_rec_td;ret_td,PFR+RULE2PT,19531108-NYG-PHI,False,ret_td;fum_rec_td,False,True,ret_td;fum_rec_td,
Pete Pihos,1953,8,1953-11-15,False,PHI,BAL,H,W,45,14,,7,118,1,0,0,0,0,0,0,0,,,17.8,24.8,17610,False,targets;fum_rec_td;ret_td,PFR+RULE2PT,19531115-BAL-PHI,False,ret_td;fum_rec_td,False,True,ret_td;fum_rec_td,
Pete Pihos,1953,9,1953-11-21,False,PHI,CRD,H,W,38,0,,7,113,0,0,0,0,0,0,0,0,,,11.3,18.3,17610,False,targets;fum_rec_td;ret_td,PFR+RULE2PT,19531121-CRD-PHI,False,ret_td;fum_rec_td,False,True,ret_td;fum_rec_td,
Pete Pihos,1953,10,1953-11-29,False,PHI,NYG,A,L,28,37,,3,38,0,0,0,0,0,0,0,0,,,3.8,6.8,17610,False,targets;fum_rec_td;ret_td,PFR+RULE2PT,19531129-PHI-NYG,False,ret_td;fum_rec_td,False,True,ret_td;fum_rec_td,
Pete Pihos,1953,11,1953-12-06,False,PHI,WAS,A,L,0,10,,2,38,0,0,0,0,0,0,0,0,,,3.8,5.8,17610,False,targets;fum_rec_td;ret_td,PFR+RULE2PT,19531206-PHI-WAS,False,ret_td;fum_rec_td,False,True,ret_td;fum_rec_td,
Pete Pihos,1953,12,1953-12-13,False,PHI,CLE,H,W,42,27,,5,80,1,0,0,0,0,0,0,0,,,14.0,19.0,17610,False,targets;fum_rec_td;ret_td,PFR+RULE2PT,19531213-CLE-PHI,False,ret_td;fum_rec_td,False,True,ret_td;fum_rec_td,
Pete Pihos,1954,1,1954-09-26,False,PHI,CLE,H,W,28,10,,6,86,1,0,0,0,0,0,0,0,,,14.6,20.6,17610,False,targets;fum_rec_td;ret_td,PFR+RULE2PT,19540926-CLE-PHI,False,ret_td;fum_rec_td,False,True,ret_td;fum_rec_td,
Pete Pihos,1954,2,1954-10-03,False,PHI,CRD,A,W,35,16,,5,86,0,0,0,0,0,0,0,0,,,8.6,13.6,17610,False,targets;fum_rec_td;ret_td,PFR+RULE2PT,19541003-PHI-CRD,False,ret_td;fum_rec_td,False,True,ret_td;fum_rec_td,
Pete Pihos,1954,3,1954-10-09,False,PHI,PIT,H,W,24,22,,1,13,1,0,0,0,0,0,0,0,,,7.3,8.3,17610,False,targets;fum_rec_td;ret_td,PFR+RULE2PT,19541009-PIT-PHI,False,ret_td;fum_rec_td,False,True,ret_td;fum_rec_td,
Pete Pihos,1954,4,1954-10-17,False,PHI,WAS,A,W,49,21,,9,132,3,0,0,0,0,0,0,0,,,31.2,40.2,17610,False,targets;fum_rec_td;ret_td,PFR+RULE2PT,19541017-PHI-WAS,False,ret_td;fum_rec_td,False,True,ret_td;fum_rec_td,
Pete Pihos,1954,5,1954-10-23,False,PHI,PIT,A,L,7,17,,7,111,1,0,0,0,0,0,0,0,,,17.1,24.1,17610,False,targets;fum_rec_td;ret_td,PFR+RULE2PT,19541023-PHI-PIT,False,ret_td;fum_rec_td,False,True,ret_td;fum_rec_td,
Pete Pihos,1954,6,1954-10-30,False,PHI,GNB,H,L,14,37,,1,4,0,0,0,0,0,0,0,0,,,0.4,1.4,17610,False,targets;fum_rec_td;ret_td,PFR+RULE2PT,19541030-GNB-PHI,False,ret_td;fum_rec_td,False,True,ret_td;fum_rec_td,
Pete Pihos,1954,7,1954-11-07,False,PHI,CRD,H,W,30,14,,4,50,1,0,0,0,0,0,0,0,,,11.0,15.0,17610,False,targets;fum_rec_td;ret_td,PFR+RULE2PT,19541107-CRD-PHI,False,ret_td;fum_rec_td,False,True,ret_td;fum_rec_td,
Pete Pihos,1954,8,1954-11-14,False,PHI,NYG,A,L,14,27,,6,89,0,0,0,0,0,0,0,0,,,8.9,14.9,17610,False,targets;fum_rec_td;ret_td,PFR+RULE2PT,19541114-PHI-NYG,False,ret_td;fum_rec_td,False,True,ret_td;fum_rec_td,
Pete Pihos,1954,9,1954-11-21,False,PHI,CLE,A,L,0,6,,2,18,0,0,0,0,0,0,0,0,,,1.8,3.8,17610,False,targets;fum_rec_td;ret_td,PFR+RULE2PT,19541121-PHI-CLE,False,ret_td;fum_rec_td,False,True,ret_td;fum_rec_td,
Pete Pihos,1954,10,1954-11-28,False,PHI,WAS,H,W,41,33,,6,81,1,0,0,0,0,0,0,0,,,14.1,20.1,17610,False,targets;fum_rec_td;ret_td,PFR+RULE2PT,19541128-WAS-PHI,False,ret_td;fum_rec_td,False,True,ret_td;fum_rec_td,
Pete Pihos,1954,11,1954-12-05,False,PHI,DET,A,T,13,13,,5,83,1,0,0,0,0,0,0,0,,,14.3,19.3,17610,False,targets;fum_rec_td;ret_td,PFR+RULE2PT,19541205-PHI-DET,False,ret_td;fum_rec_td,False,True,ret_td;fum_rec_td,
Pete Pihos,1954,12,1954-12-12,False,PHI,NYG,H,W,29,14,,8,119,1,1,-1,0,0,0,0,0,,,17.8,25.8,17610,False,targets;fum_rec_td;ret_td,PFR+RULE2PT,19541212-NYG-PHI,False,ret_td;fum_rec_td,False,True,ret_td;fum_rec_td,
Pete Pihos,1955,1,1955-09-24,False,PHI,NYG,H,W,27,17,,4,68,0,0,0,0,0,0,0,0,,,6.8,10.8,17610,False,targets;fum_rec_td;ret_td,PFR+RULE2PT,19550924-NYG-PHI,False,ret_td;fum_rec_td,False,True,ret_td;fum_rec_td,
Pete Pihos,1955,2,1955-10-01,False,PHI,WAS,H,L,30,31,,7,84,1,0,0,0,0,0,0,0,,,14.4,21.4,17610,False,targets;fum_rec_td;ret_td,PFR+RULE2PT,19551001-WAS-PHI,False,ret_td;fum_rec_td,False,True,ret_td;fum_rec_td,
Pete Pihos,1955,3,1955-10-09,False,PHI,CLE,A,L,17,21,,3,26,1,0,0,0,0,0,0,0,,,8.6,11.6,17610,False,targets;fum_rec_td;ret_td,PFR+RULE2PT,19551009-PHI-CLE,False,ret_td;fum_rec_td,False,True,ret_td;fum_rec_td,
Pete Pihos,1955,4,1955-10-15,False,PHI,PIT,A,L,7,13,,1,16,0,0,0,0,0,0,0,0,,,1.6,2.6,17610,False,targets;fum_rec_td;ret_td,PFR+RULE2PT,19551015-PHI-PIT,False,ret_td;fum_rec_td,False,True,ret_td;fum_rec_td,
Pete Pihos,1955,5,1955-10-23,False,PHI,CRD,A,T,24,24,,5,96,1,0,0,0,0,0,0,0,,,15.6,20.6,17610,False,targets;fum_rec_td;ret_td,PFR+RULE2PT,19551023-PHI-CRD,False,ret_td;fum_rec_td,False,True,ret_td;fum_rec_td,
Pete Pihos,1955,6,1955-10-30,False,PHI,PIT,H,W,24,0,,4,65,1,0,0,0,0,0,0,0,,,12.5,16.5,17610,False,targets;fum_rec_td;ret_td,PFR+RULE2PT,19551030-PIT-PHI,False,ret_td;fum_rec_td,False,True,ret_td;fum_rec_td,
Pete Pihos,1955,7,1955-11-06,False,PHI,WAS,A,L,21,34,,8,119,1,0,0,0,0,0,0,0,,,17.9,25.9,17610,False,targets;fum_rec_td;ret_td,PFR+RULE2PT,19551106-PHI-WAS,False,ret_td;fum_rec_td,False,True,ret_td;fum_rec_td,
Pete Pihos,1955,8,1955-11-13,False,PHI,CLE,H,W,33,17,,3,46,0,0,0,0,0,0,0,0,,,4.6,7.6,17610,False,targets;fum_rec_td;ret_td,PFR+RULE2PT,19551113-CLE-PHI,False,ret_td;fum_rec_td,False,True,ret_td;fum_rec_td,
Pete Pihos,1955,10,1955-11-27,False,PHI,RAM,H,L,21,23,,6,103,1,0,0,0,0,0,0,0,,,16.3,22.3,17610,False,targets;fum_rec_td;ret_td,PFR+RULE2PT,19551127-RAM-PHI,False,ret_td;fum_rec_td,False,True,ret_td;fum_rec_td,
Pete Pihos,1955,11,1955-12-04,False,PHI,CRD,H,W,27,3,,10,127,1,0,0,0,0,0,0,0,,,18.7,28.7,17610,False,targets;fum_rec_td;ret_td,PFR+RULE2PT,19551204-CRD-PHI,False,ret_td;fum_rec_td,False,True,ret_td;fum_rec_td,
Pete Pihos,1955,12,1955-12-11,False,PHI,CHI,A,L,10,17,,11,114,0,0,0,0,0,0,0,0,,,11.4,22.4,17610,False,targets;fum_rec_td;ret_td,PFR+RULE2PT,19551211-PHI-CHI,False,ret_td;fum_rec_td,False,True,ret_td;fum_rec_td,
Pete Brewster,1952,4,1952-10-19,False,CLE,PHI,A,W,49,7,,3,80,1,0,0,0,0,0,0,0,,,14.0,17.0,2363,False,targets;fum_rec_td;ret_td,PFR+RULE2PT,19521019-CLE-PHI,False,ret_td;fum_rec_td,False,True,ret_td;fum_rec_td,
Pete Brewster,1952,12,1952-12-14,False,CLE,NYG,A,L,34,37,,1,37,0,0,0,0,0,0,0,0,,,3.7,4.7,2363,False,targets;fum_rec_td;ret_td,PFR+RULE2PT,19521214-CLE-NYG,False,ret_td;fum_rec_td,False,True,ret_td;fum_rec_td,
Pete Brewster,1952,13,1952-12-28,True,CLE,DET,H,L,7,17,,2,53,0,0,0,0,0,0,0,0,,,5.3,7.3,2363,False,targets;fum_rec_td;ret_td,PFR+RULE2PT,19521228-DET-CLE,False,ret_td;fum_rec_td,False,True,ret_td;fum_rec_td,
Pete Brewster,1953,1,1953-09-27,False,CLE,GNB,A,W,27,0,,2,25,0,0,0,0,0,0,0,0,,,2.5,4.5,2363,False,targets;fum_rec_td;ret_td,PFR+RULE2PT,19530927-CLE-GNB,False,ret_td;fum_rec_td,False,True,ret_td;fum_rec_td,
Pete Brewster,1953,2,1953-10-04,False,CLE,CRD,A,W,27,7,,2,27,0,0,0,0,0,0,0,0,,,2.7,4.7,2363,False,targets;fum_rec_td;ret_td,PFR+RULE2PT,19531004-CLE-CRD,False,ret_td;fum_rec_td,False,True,ret_td;fum_rec_td,
Pete Brewster,1953,3,1953-10-10,False,CLE,PHI,H,W,37,13,,6,122,0,0,0,0,0,0,0,0,,,12.2,18.2,2363,False,targets;fum_rec_td;ret_td,PFR+RULE2PT,19531010-PHI-CLE,False,ret_td;fum_rec_td,False,True,ret_td;fum_rec_td,
Pete Brewster,1953,4,1953-10-18,False,CLE,WAS,A,W,30,14,,2,31,0,0,0,0,0,0,0,0,,,3.1,5.1,2363,False,targets;fum_rec_td;ret_td,PFR+RULE2PT,19531018-CLE-WAS,False,ret_td;fum_rec_td,False,True,ret_td;fum_rec_td,
Pete Brewster,1953,6,1953-11-01,False,CLE,WAS,H,W,27,3,,1,20,0,0,0,0,0,0,0,0,,,2.0,3.0,2363,False,targets;fum_rec_td;ret_td,PFR+RULE2PT,19531101-WAS-CLE,False,ret_td;fum_rec_td,False,True,ret_td;fum_rec_td,
Pete Brewster,1953,7,1953-11-08,False,CLE,PIT,H,W,34,16,,1,30,0,0,0,0,0,0,0,0,,,3.0,4.0,2363,False,targets;fum_rec_td;ret_td,PFR+RULE2PT,19531108-PIT-CLE,False,ret_td;fum_rec_td,False,True,ret_td;fum_rec_td,
Pete Brewster,1953,8,1953-11-15,False,CLE,SFO,H,W,23,21,,1,0,0,0,0,0,0,0,0,0,,,0.0,1.0,2363,False,targets;fum_rec_td;ret_td,PFR+RULE2PT,19531115-SFO-CLE,False,ret_td;fum_rec_td,False,True,ret_td;fum_rec_td,
Pete Brewster,1953,9,1953-11-22,False,CLE,PIT,A,W,20,16,,2,45,1,0,0,0,0,0,0,0,,,10.5,12.5,2363,False,targets;fum_rec_td;ret_td,PFR+RULE2PT,19531122-CLE-PIT,False,ret_td;fum_rec_td,False,True,ret_td;fum_rec_td,
Pete Brewster,1953,10,1953-11-29,False,CLE,CRD,H,W,27,16,,3,47,0,0,0,0,0,0,0,0,,,4.7,7.7,2363,False,targets;fum_rec_td;ret_td,PFR+RULE2PT,19531129-CRD-CLE,False,ret_td;fum_rec_td,False,True,ret_td;fum_rec_td,
Pete Brewster,1953,11,1953-12-06,False,CLE,NYG,H,W,62,14,,7,182,3,0,0,0,0,0,0,0,,,36.2,43.2,2363,False,targets;fum_rec_td;ret_td,PFR+RULE2PT,19531206-NYG-CLE,False,ret_td;fum_rec_td,False,True,ret_td;fum_rec_td,
Pete Brewster,1953,12,1953-12-13,False,CLE,PHI,A,L,27,42,,5,103,0,0,0,0,0,0,0,0,,,10.3,15.3,2363,False,targets;fum_rec_td;ret_td,PFR+RULE2PT,19531213-CLE-PHI,False,ret_td;fum_rec_td,False,True,ret_td;fum_rec_td,
Pete Brewster,1953,13,1953-12-27,True,CLE,DET,A,L,16,17,,0,0,0,0,0,0,0,0,0,0,,,0.0,0.0,2363,False,targets;fum_rec_td;ret_td,PFR+RULE2PT,19531227-CLE-DET,False,ret_td;fum_rec_td,False,True,ret_td;fum_rec_td,
Pete Brewster,1954,1,1954-09-26,False,CLE,PHI,A,L,10,28,,2,44,0,0,0,0,0,0,0,0,,,4.4,6.4,2363,False,targets;fum_rec_td;ret_td,PFR+RULE2PT,19540926-CLE-PHI,False,ret_td;fum_rec_td,False,True,ret_td;fum_rec_td,
Pete Brewster,1954,2,1954-10-10,False,CLE,CRD,H,W,31,7,,4,59,2,0,0,0,0,0,0,0,,,17.9,21.9,2363,False,targets;fum_rec_td;ret_td,PFR+RULE2PT,19541010-CRD-CLE,False,ret_td;fum_rec_td,False,True,ret_td;fum_rec_td,
Pete Brewster,1954,3,1954-10-17,False,CLE,PIT,A,L,27,55,,2,21,0,0,0,0,0,0,0,0,,,2.1,4.1,2363,False,targets;fum_rec_td;ret_td,PFR+RULE2PT,19541017-CLE-PIT,False,ret_td;fum_rec_td,False,True,ret_td;fum_rec_td,
Pete Brewster,1954,4,1954-10-24,False,CLE,CRD,A,W,35,3,,3,31,0,0,0,0,0,0,0,0,,,3.1,6.1,2363,False,targets;fum_rec_td;ret_td,PFR+RULE2PT,19541024-CLE-CRD,False,ret_td;fum_rec_td,False,True,ret_td;fum_rec_td,
Pete Brewster,1954,5,1954-10-31,False,CLE,NYG,H,W,24,14,,3,41,0,0,0,0,0,0,0,0,,,4.1,7.1,2363,False,targets;fum_rec_td;ret_td,PFR+RULE2PT,19541031-NYG-CLE,False,ret_td;fum_rec_td,False,True,ret_td;fum_rec_td,
Pete Brewster,1954,6,1954-11-07,False,CLE,WAS,H,W,62,3,,7,114,2,0,0,0,0,0,0,0,,,23.4,30.4,2363,False,targets;fum_rec_td;ret_td,PFR+RULE2PT,19541107-WAS-CLE,False,ret_td;fum_rec_td,False,True,ret_td;fum_rec_td,
Pete Brewster,1954,7,1954-11-14,False,CLE,CHI,A,W,39,10,,1,10,0,0,0,0,0,0,0,0,,,1.0,2.0,2363,False,targets;fum_rec_td;ret_td,PFR+RULE2PT,19541114-CLE-CHI,False,ret_td;fum_rec_td,False,True,ret_td;fum_rec_td,
Pete Brewster,1954,8,1954-11-21,False,CLE,PHI,H,W,6,0,,2,69,0,0,0,0,0,0,0,0,,,6.9,8.9,2363,False,targets;fum_rec_td;ret_td,PFR+RULE2PT,19541121-PHI-CLE,False,ret_td;fum_rec_td,False,True,ret_td;fum_rec_td,
Pete Brewster,1954,9,1954-11-28,False,CLE,NYG,A,W,16,7,,8,126,0,0,0,0,0,0,0,0,,,12.6,20.6,2363,False,targets;fum_rec_td;ret_td,PFR+RULE2PT,19541128-CLE-NYG,False,ret_td;fum_rec_td,False,True,ret_td;fum_rec_td,
Pete Brewster,1954,10,1954-12-05,False,CLE,WAS,A,W,34,14,,6,98,0,0,0,0,0,0,0,0,,,9.8,15.8,2363,False,targets;fum_rec_td;ret_td,PFR+RULE2PT,19541205-CLE-WAS,False,ret_td;fum_rec_td,False,True,ret_td;fum_rec_td,
Pete Brewster,1954,11,1954-12-12,False,CLE,PIT,H,W,42,7,,4,63,0,0,0,0,0,0,0,0,,,6.3,10.3,2363,False,targets;fum_rec_td;ret_td,PFR+RULE2PT,19541212-PIT-CLE,False,ret_td;fum_rec_td,False,True,ret_td;fum_rec_td,
Pete Brewster,1954,13,1954-12-26,True,CLE,DET,H,W,56,10,,2,53,1,0,0,0,0,0,0,0,,,11.3,13.3,2363,False,targets;fum_rec_td;ret_td,PFR+RULE2PT,19541226-DET-CLE,False,ret_td;fum_rec_td,False,True,ret_td;fum_rec_td,
Pete Brewster,1955,1,1955-09-25,False,CLE,WAS,H,L,17,27,,2,38,1,0,0,0,0,0,0,0,,,9.8,11.8,2363,False,targets;fum_rec_td;ret_td,PFR+RULE2PT,19550925-WAS-CLE,False,ret_td;fum_rec_td,False,True,ret_td;fum_rec_td,
Pete Brewster,1955,2,1955-10-02,False,CLE,SFO,A,W,38,3,,2,50,0,0,0,0,0,0,0,0,,,5.0,7.0,2363,False,targets;fum_rec_td;ret_td,PFR+RULE2PT,19551002-CLE-SFO,False,ret_td;fum_rec_td,False,True,ret_td;fum_rec_td,
Pete Brewster,1955,3,1955-10-09,False,CLE,PHI,H,W,21,17,,2,38,0,0,0,0,0,0,0,0,,,3.8,5.8,2363,False,targets;fum_rec_td;ret_td,PFR+RULE2PT,19551009-PHI-CLE,False,ret_td;fum_rec_td,False,True,ret_td;fum_rec_td,
Pete Brewster,1955,4,1955-10-16,False,CLE,WAS,A,W,24,14,,6,109,0,0,0,0,0,0,0,0,,,10.9,16.9,2363,False,targets;fum_rec_td;ret_td,PFR+RULE2PT,19551016-CLE-WAS,False,ret_td;fum_rec_td,False,True,ret_td;fum_rec_td,
Pete Brewster,1955,5,1955-10-23,False,CLE,GNB,H,W,41,10,,4,88,1,0,0,0,0,0,0,0,,,14.8,18.8,2363,False,targets;fum_rec_td;ret_td,PFR+RULE2PT,19551023-GNB-CLE,False,ret_td;fum_rec_td,False,True,ret_td;fum_rec_td,
Pete Brewster,1955,6,1955-10-30,False,CLE,CRD,A,W,26,20,,2,47,0,0,0,0,0,0,0,0,,,4.7,6.7,2363,False,targets;fum_rec_td;ret_td,PFR+RULE2PT,19551030-CLE-CRD,False,ret_td;fum_rec_td,False,True,ret_td;fum_rec_td,
Pete Brewster,1955,7,1955-11-06,False,CLE,NYG,H,W,24,14,,2,25,1,0,0,0,0,0,0,0,,,8.5,10.5,2363,False,targets;fum_rec_td;ret_td,PFR+RULE2PT,19551106-NYG-CLE,False,ret_td;fum_rec_td,False,True,ret_td;fum_rec_td,
Pete Brewster,1955,8,1955-11-13,False,CLE,PHI,A,L,17,33,,4,38,0,0,0,0,0,0,0,0,,,3.8,7.8,2363,False,targets;fum_rec_td;ret_td,PFR+RULE2PT,19551113-CLE-PHI,False,ret_td;fum_rec_td,False,True,ret_td;fum_rec_td,
Pete Brewster,1955,10,1955-11-27,False,CLE,NYG,A,T,35,35,,5,107,2,0,0,0,0,0,0,0,,,22.7,27.7,2363,False,targets;fum_rec_td;ret_td,PFR+RULE2PT,19551127-CLE-NYG,False,ret_td;fum_rec_td,False,True,ret_td;fum_rec_td,
Pete Brewster,1955,11,1955-12-04,False,CLE,PIT,A,W,30,7,,3,46,1,0,0,0,0,0,0,0,,,10.6,13.6,2363,False,targets;fum_rec_td;ret_td,PFR+RULE2PT,19551204-CLE-PIT,False,ret_td;fum_rec_td,False,True,ret_td;fum_rec_td,
Pete Brewster,1955,12,1955-12-11,False,CLE,CRD,H,W,35,24,,2,36,0,0,0,0,0,0,0,0,,,3.6,5.6,2363,False,targets;fum_rec_td;ret_td,PFR+RULE2PT,19551211-CRD-CLE,False,ret_td;fum_rec_td,False,True,ret_td;fum_rec_td,
Pete Brewster,1955,13,1955-12-26,True,CLE,RAM,A,W,38,14,,1,9,0,0,0,0,0,0,0,0,,,0.9,1.9,2363,False,targets;fum_rec_td;ret_td,PFR+RULE2PT,19551226-CLE-RAM,False,ret_td;fum_rec_td,False,True,ret_td;fum_rec_td,
Pete Brewster,1956,1,1956-09-30,False,CLE,CRD,A,L,7,9,,1,16,0,0,0,0,0,0,0,0,,,1.6,2.6,2363,False,targets;fum_rec_td;ret_td,PFR+RULE2PT,19560930-CLE-CRD,False,ret_td;fum_rec_td,False,True,ret_td;fum_rec_td,
Pete Brewster,1956,2,1956-10-06,False,CLE,PIT,A,W,14,10,,2,17,0,0,0,0,0,0,0,0,,,1.7,3.7,2363,False,targets;fum_rec_td;ret_td,PFR+RULE2PT,19561006-CLE-PIT,False,ret_td;fum_rec_td,False,True,ret_td;fum_rec_td,
Pete Brewster,1956,3,1956-10-14,False,CLE,NYG,H,L,9,21,,3,38,0,0,0,0,0,0,0,0,,,3.8,6.8,2363,False,targets;fum_rec_td;ret_td,PFR+RULE2PT,19561014-NYG-CLE,False,ret_td;fum_rec_td,False,True,ret_td;fum_rec_td,
Pete Brewster,1956,4,1956-10-21,False,CLE,WAS,A,L,9,20,,3,38,0,0,0,0,0,0,0,0,,,3.8,6.8,2363,False,targets;fum_rec_td;ret_td,PFR+RULE2PT,19561021-CLE-WAS,False,ret_td;fum_rec_td,False,True,ret_td;fum_rec_td,
Pete Brewster,1956,5,1956-10-28,False,CLE,PIT,H,L,16,24,,4,50,0,0,0,0,0,0,0,0,,,5.0,9.0,2363,False,targets;fum_rec_td;ret_td,PFR+RULE2PT,19561028-PIT-CLE,False,ret_td;fum_rec_td,False,True,ret_td;fum_rec_td,
Pete Brewster,1956,7,1956-11-11,False,CLE,BAL,H,L,7,21,,1,19,0,0,0,0,0,0,0,0,,,1.9,2.9,2363,False,targets;fum_rec_td;ret_td,PFR+RULE2PT,19561111-BAL-CLE,False,ret_td;fum_rec_td,False,True,ret_td;fum_rec_td,
Pete Brewster,1956,8,1956-11-18,False,CLE,PHI,A,W,16,0,,1,13,0,0,0,0,0,0,0,0,,,1.3,2.3,2363,False,targets;fum_rec_td;ret_td,PFR+RULE2PT,19561118-CLE-PHI,False,ret_td;fum_rec_td,False,True,ret_td;fum_rec_td,
Pete Brewster,1956,9,1956-11-25,False,CLE,WAS,H,L,17,20,,3,40,0,0,0,0,0,0,0,0,,,4.0,7.0,2363,False,targets;fum_rec_td;ret_td,PFR+RULE2PT,19561125-WAS-CLE,False,ret_td;fum_rec_td,False,True,ret_td;fum_rec_td,
Pete Brewster,1956,10,1956-12-02,False,CLE,PHI,H,W,17,14,,3,28,1,0,0,0,0,0,0,0,,,8.8,11.8,2363,False,targets;fum_rec_td;ret_td,PFR+RULE2PT,19561202-PHI-CLE,False,ret_td;fum_rec_td,False,True,ret_td;fum_rec_td,
Pete Brewster,1956,11,1956-12-09,False,CLE,NYG,A,W,24,7,,3,64,0,0,0,0,0,0,0,0,,,6.4,9.4,2363,False,targets;fum_rec_td;ret_td,PFR+RULE2PT,19561209-CLE-NYG,False,ret_td;fum_rec_td,False,True,ret_td;fum_rec_td,
Pete Brewster,1956,12,1956-12-16,False,CLE,CRD,H,L,7,24,,4,94,0,0,0,0,0,0,0,0,,,9.4,13.4,2363,False,targets;fum_rec_td;ret_td,PFR+RULE2PT,19561216-CRD-CLE,False,ret_td;fum_rec_td,False,True,ret_td;fum_rec_td,
Pete Brewster,1957,1,1957-09-29,False,CLE,NYG,H,W,6,3,,1,25,0,0,0,0,0,0,0,0,,,2.5,3.5,2363,False,targets;fum_rec_td;ret_td,PFR+RULE2PT,19570929-NYG-CLE,False,ret_td;fum_rec_td,False,True,ret_td;fum_rec_td,
Pete Brewster,1957,2,1957-10-05,False,CLE,PIT,A,W,23,12,,1,15,0,0,0,0,0,0,0,0,,,1.5,2.5,2363,False,targets;fum_rec_td;ret_td,PFR+RULE2PT,19571005-CLE-PIT,False,ret_td;fum_rec_td,False,True,ret_td;fum_rec_td,
Pete Brewster,1957,3,1957-10-13,False,CLE,PHI,H,W,24,7,,4,105,0,0,0,0,0,0,0,0,,,10.5,14.5,2363,False,targets;fum_rec_td;ret_td,PFR+RULE2PT,19571013-PHI-CLE,False,ret_td;fum_rec_td,False,True,ret_td;fum_rec_td,
Pete Brewster,1957,4,1957-10-20,False,CLE,PHI,A,L,7,17,,2,29,0,0,0,0,0,0,0,0,,,2.9,4.9,2363,False,targets;fum_rec_td;ret_td,PFR+RULE2PT,19571020-CLE-PHI,False,ret_td;fum_rec_td,False,True,ret_td;fum_rec_td,
Pete Brewster,1957,5,1957-10-27,False,CLE,CRD,A,W,17,7,,1,20,0,0,0,0,0,0,0,0,,,2.0,3.0,2363,False,targets;fum_rec_td;ret_td,PFR+RULE2PT,19571027-CLE-CRD,False,ret_td;fum_rec_td,False,True,ret_td;fum_rec_td,
Pete Brewster,1957,6,1957-11-03,False,CLE,WAS,H,W,21,17,,5,103,0,0,0,0,0,0,0,0,,,10.3,15.3,2363,False,targets;fum_rec_td;ret_td,PFR+RULE2PT,19571103-WAS-CLE,False,ret_td;fum_rec_td,False,True,ret_td;fum_rec_td,
Pete Brewster,1957,7,1957-11-10,False,CLE,PIT,H,W,24,0,,1,23,0,0,0,0,0,0,0,0,,,2.3,3.3,2363,False,targets;fum_rec_td;ret_td,PFR+RULE2PT,19571110-PIT-CLE,False,ret_td;fum_rec_td,False,True,ret_td;fum_rec_td,
Pete Brewster,1957,8,1957-11-17,False,CLE,WAS,A,T,30,30,,6,124,2,0,0,0,0,0,0,0,,,24.4,30.4,2363,False,targets;fum_rec_td;ret_td,PFR+RULE2PT,19571117-CLE-WAS,False,ret_td;fum_rec_td,False,True,ret_td;fum_rec_td,
Pete Brewster,1957,9,1957-11-24,False,CLE,RAM,H,W,45,31,,1,9,0,0,0,0,0,0,0,0,,,0.9,1.9,2363,False,targets;fum_rec_td;ret_td,PFR+RULE2PT,19571124-RAM-CLE,False,ret_td;fum_rec_td,False,True,ret_td;fum_rec_td,
Pete Brewster,1957,10,1957-12-01,False,CLE,CRD,H,W,31,0,,2,68,0,0,0,0,0,0,0,0,,,6.8,8.8,2363,False,targets;fum_rec_td;ret_td,PFR+RULE2PT,19571201-CRD-CLE,False,ret_td;fum_rec_td,False,True,ret_td;fum_rec_td,
Pete Brewster,1957,11,1957-12-08,False,CLE,DET,A,L,7,20,,4,63,0,0,0,0,0,0,0,0,,,6.3,10.3,2363,False,targets;fum_rec_td;ret_td,PFR+RULE2PT,19571208-CLE-DET,False,ret_td;fum_rec_td,False,True,ret_td;fum_rec_td,
Pete Brewster,1957,12,1957-12-15,False,CLE,NYG,A,W,34,28,,2,30,0,0,0,0,0,0,0,0,,,3.0,5.0,2363,False,targets;fum_rec_td;ret_td,PFR+RULE2PT,19571215-CLE-NYG,False,ret_td;fum_rec_td,False,True,ret_td;fum_rec_td,
Pete Brewster,1957,13,1957-12-29,True,CLE,DET,A,L,14,59,,3,52,0,0,0,0,0,0,0,0,,,5.2,8.2,2363,False,targets;fum_rec_td;ret_td,PFR+RULE2PT,19571229-CLE-DET,False,ret_td;fum_rec_td,False,True,ret_td;fum_rec_td,
Pete Brewster,1958,1,1958-09-28,False,CLE,RAM,A,W,30,27,,3,49,0,0,0,0,0,0,0,0,,,4.9,7.9,2363,False,targets;fum_rec_td;ret_td,PFR+RULE2PT,19580928-CLE-RAM,False,ret_td;fum_rec_td,False,True,ret_td;fum_rec_td,
Pete Brewster,1958,2,1958-10-05,False,CLE,PIT,A,W,45,12,,1,8,1,0,0,0,0,0,0,0,,,6.8,7.8,2363,False,targets;fum_rec_td;ret_td,PFR+RULE2PT,19581005-CLE-PIT,False,ret_td;fum_rec_td,False,True,ret_td;fum_rec_td,
Pete Brewster,1958,4,1958-10-19,False,CLE,PIT,H,W,27,10,,1,24,0,0,0,0,0,0,0,0,,,2.4,3.4,2363,False,targets;fum_rec_td;ret_td,PFR+RULE2PT,19581019-PIT-CLE,False,ret_td;fum_rec_td,False,True,ret_td;fum_rec_td,
Pete Brewster,1958,5,1958-10-26,False,CLE,CRD,A,W,38,24,,1,16,0,0,0,0,0,0,0,0,,,1.6,2.6,2363,False,targets;fum_rec_td;ret_td,PFR+RULE2PT,19581026-CLE-CRD,False,ret_td;fum_rec_td,False,True,ret_td;fum_rec_td,
Pete Brewster,1958,7,1958-11-09,False,CLE,DET,H,L,10,30,,1,28,0,0,0,0,0,0,0,0,,,2.8,3.8,2363,False,targets;fum_rec_td;ret_td,PFR+RULE2PT,19581109-DET-CLE,False,ret_td;fum_rec_td,False,True,ret_td;fum_rec_td,
Pete Brewster,1958,8,1958-11-16,False,CLE,WAS,A,W,20,10,,2,27,0,0,0,0,0,0,0,0,,,2.7,4.7,2363,False,targets;fum_rec_td;ret_td,PFR+RULE2PT,19581116-CLE-WAS,False,ret_td;fum_rec_td,False,True,ret_td;fum_rec_td,
Pete Brewster,1958,9,1958-11-23,False,CLE,PHI,H,W,28,14,,2,34,0,0,0,0,0,0,0,0,,,3.4,5.4,2363,False,targets;fum_rec_td;ret_td,PFR+RULE2PT,19581123-PHI-CLE,False,ret_td;fum_rec_td,False,True,ret_td;fum_rec_td,
Pete Brewster,1958,10,1958-11-30,False,CLE,WAS,H,W,21,14,,3,72,0,0,0,0,0,0,0,0,,,7.2,10.2,2363,False,targets;fum_rec_td;ret_td,PFR+RULE2PT,19581130-WAS-CLE,False,ret_td;fum_rec_td,False,True,ret_td;fum_rec_td,
Pete Brewster,1958,11,1958-12-07,False,CLE,PHI,A,W,21,14,,1,24,0,0,0,0,0,0,0,0,,,2.4,3.4,2363,False,targets;fum_rec_td;ret_td,PFR+RULE2PT,19581207-CLE-PHI,False,ret_td;fum_rec_td,False,True,ret_td;fum_rec_td,
Pete Brewster,1958,12,1958-12-14,False,CLE,NYG,A,L,10,13,,1,12,0,0,0,0,0,0,0,0,,,1.2,2.2,2363,False,targets;fum_rec_td;ret_td,PFR+RULE2PT,19581214-CLE-NYG,False,ret_td;fum_rec_td,False,True,ret_td;fum_rec_td,
Pete Brewster,1958,13,1958-12-21,True,CLE,NYG,A,L,0,10,,3,56,0,0,0,0,0,0,0,0,,,5.6,8.6,2363,False,targets;fum_rec_td;ret_td,PFR+RULE2PT,19581221-CLE-NYG,False,ret_td;fum_rec_td,False,True,ret_td;fum_rec_td,
Pete Brewster,1959,1,1959-09-26,False,PIT,CLE,H,W,17,7,,3,72,1,0,0,0,0,0,0,0,,,13.2,16.2,2363,False,targets;fum_rec_td;ret_td,PFR+RULE2PT,19590926-CLE-PIT,False,ret_td;fum_rec_td,False,True,ret_td;fum_rec_td,
Pete Brewster,1959,2,1959-10-04,False,PIT,WAS,H,L,17,23,,8,123,1,0,0,0,0,0,0,0,,,18.3,26.3,2363,False,targets;fum_rec_td;ret_td,PFR+RULE2PT,19591004-WAS-PIT,False,ret_td;fum_rec_td,False,True,ret_td;fum_rec_td,
Pete Brewster,1959,4,1959-10-18,False,PIT,WAS,A,W,27,6,,3,41,0,0,0,0,0,0,0,0,,,4.1,7.1,2363,False,targets;fum_rec_td;ret_td,PFR+RULE2PT,19591018-PIT-WAS,False,ret_td;fum_rec_td,False,True,ret_td;fum_rec_td,
Pete Brewster,1959,5,1959-10-25,False,PIT,NYG,H,L,16,21,,2,34,0,0,0,0,0,0,0,0,,,3.4,5.4,2363,False,targets;fum_rec_td;ret_td,PFR+RULE2PT,19591025-NYG-PIT,False,ret_td;fum_rec_td,False,True,ret_td;fum_rec_td,
Pete Brewster,1959,6,1959-11-01,False,PIT,CRD,A,L,24,45,,1,15,0,0,0,0,0,0,0,0,,,1.5,2.5,2363,False,targets;fum_rec_td;ret_td,PFR+RULE2PT,19591101-PIT-CRD,False,ret_td;fum_rec_td,False,True,ret_td;fum_rec_td,
Pete Brewster,1959,7,1959-11-08,False,PIT,DET,H,T,10,10,,5,75,0,0,0,0,0,0,0,0,,,7.5,12.5,2363,False,targets;fum_rec_td;ret_td,PFR+RULE2PT,19591108-DET-PIT,False,ret_td;fum_rec_td,False,True,ret_td;fum_rec_td,
Bob Schnelker,1953,7,1953-11-08,False,PHI,NYG,H,W,30,7,,2,14,0,0,0,0,0,0,0,0,,,1.4,3.4,19681,False,targets;fum_rec_td;ret_td,PFR+RULE2PT,19531108-NYG-PHI,False,ret_td;fum_rec_td,False,True,ret_td;fum_rec_td,
Bob Schnelker,1954,1,1954-09-26,False,NYG,CRD,A,W,41,10,,2,64,2,0,0,0,0,0,0,0,,,18.4,20.4,19681,False,targets;fum_rec_td;ret_td,PFR+RULE2PT,19540926-NYG-CRD,False,ret_td;fum_rec_td,False,True,ret_td;fum_rec_td,
Bob Schnelker,1954,2,1954-10-02,False,NYG,BAL,A,L,14,20,,1,7,0,0,0,0,0,0,0,0,,,0.7,1.7,19681,False,targets;fum_rec_td;ret_td,PFR+RULE2PT,19541002-NYG-BAL,False,ret_td;fum_rec_td,False,True,ret_td;fum_rec_td,
Bob Schnelker,1954,3,1954-10-10,False,NYG,WAS,A,W,51,21,,8,136,3,0,0,0,0,0,0,0,,,31.6,39.6,19681,False,targets;fum_rec_td;ret_td,PFR+RULE2PT,19541010-NYG-WAS,False,ret_td;fum_rec_td,False,True,ret_td;fum_rec_td,
Bob Schnelker,1954,4,1954-10-17,False,NYG,CRD,H,W,31,17,,1,23,1,0,0,0,0,0,0,0,,,8.3,9.3,19681,False,targets;fum_rec_td;ret_td,PFR+RULE2PT,19541017-CRD-NYG,False,ret_td;fum_rec_td,False,True,ret_td;fum_rec_td,
Bob Schnelker,1954,5,1954-10-24,False,NYG,WAS,H,W,24,7,,5,56,1,0,0,0,0,0,0,0,,,11.6,16.6,19681,False,targets;fum_rec_td;ret_td,PFR+RULE2PT,19541024-WAS-NYG,False,ret_td;fum_rec_td,False,True,ret_td;fum_rec_td,
Bob Schnelker,1954,6,1954-10-31,False,NYG,CLE,A,L,14,24,,1,29,0,0,0,0,0,0,0,0,,,2.9,3.9,19681,False,targets;fum_rec_td;ret_td,PFR+RULE2PT,19541031-NYG-CLE,False,ret_td;fum_rec_td,False,True,ret_td;fum_rec_td,
Bob Schnelker,1954,8,1954-11-14,False,NYG,PHI,H,W,27,14,,3,36,0,0,0,0,0,0,0,0,,,3.6,6.6,19681,False,targets;fum_rec_td;ret_td,PFR+RULE2PT,19541114-PHI-NYG,False,ret_td;fum_rec_td,False,True,ret_td;fum_rec_td,
Bob Schnelker,1954,9,1954-11-21,False,NYG,RAM,H,L,16,17,,6,171,1,0,0,0,0,0,0,0,,,23.1,29.1,19681,False,targets;fum_rec_td;ret_td,PFR+RULE2PT,19541121-RAM-NYG,False,ret_td;fum_rec_td,False,True,ret_td;fum_rec_td,
Bob Schnelker,1954,10,1954-11-28,False,NYG,CLE,H,L,7,16,,2,19,0,0,0,0,0,0,0,0,,,1.9,3.9,19681,False,targets;fum_rec_td;ret_td,PFR+RULE2PT,19541128-CLE-NYG,False,ret_td;fum_rec_td,False,True,ret_td;fum_rec_td,
Bob Schnelker,1954,11,1954-12-05,False,NYG,PIT,H,W,24,3,,1,9,0,0,0,0,0,0,0,0,,,0.9,1.9,19681,False,targets;fum_rec_td;ret_td,PFR+RULE2PT,19541205-PIT-NYG,False,ret_td;fum_rec_td,False,True,ret_td;fum_rec_td,
Bob Schnelker,1955,1,1955-09-24,False,NYG,PHI,A,L,17,27,,1,22,0,0,0,0,0,0,0,0,,,2.2,3.2,19681,False,targets;fum_rec_td;ret_td,PFR+RULE2PT,19550924-NYG-PHI,False,ret_td;fum_rec_td,False,True,ret_td;fum_rec_td,
Bob Schnelker,1955,2,1955-10-02,False,NYG,CRD,A,L,17,28,,3,15,1,0,0,0,0,0,0,0,,,7.5,10.5,19681,False,targets;fum_rec_td;ret_td,PFR+RULE2PT,19551002-NYG-CRD,False,ret_td;fum_rec_td,False,True,ret_td;fum_rec_td,
Bob Schnelker,1955,3,1955-10-09,False,NYG,PIT,A,L,23,30,,1,31,0,0,0,0,0,0,0,0,,,3.1,4.1,19681,False,targets;fum_rec_td;ret_td,PFR+RULE2PT,19551009-NYG-PIT,False,ret_td;fum_rec_td,False,True,ret_td;fum_rec_td,
Bob Schnelker,1955,5,1955-10-23,False,NYG,PIT,H,L,17,19,,3,50,1,0,0,0,0,0,0,0,,,11.0,14.0,19681,False,targets;fum_rec_td;ret_td,PFR+RULE2PT,19551023-PIT-NYG,False,ret_td;fum_rec_td,False,True,ret_td;fum_rec_td,
Bob Schnelker,1955,7,1955-11-06,False,NYG,CLE,A,L,14,24,,4,48,0,0,0,0,0,0,0,0,,,4.8,8.8,19681,False,targets;fum_rec_td;ret_td,PFR+RULE2PT,19551106-NYG-CLE,False,ret_td;fum_rec_td,False,True,ret_td;fum_rec_td,
Bob Schnelker,1955,10,1955-11-27,False,NYG,CLE,H,T,35,35,,7,81,0,0,0,0,0,0,0,0,,,8.1,15.1,19681,False,targets;fum_rec_td;ret_td,PFR+RULE2PT,19551127-CLE-NYG,False,ret_td;fum_rec_td,False,True,ret_td;fum_rec_td,
Bob Schnelker,1955,11,1955-12-04,False,NYG,WAS,A,W,27,20,,4,50,0,0,0,0,0,0,0,0,,,5.0,9.0,19681,False,targets;fum_rec_td;ret_td,PFR+RULE2PT,19551204-NYG-WAS,False,ret_td;fum_rec_td,False,True,ret_td;fum_rec_td,
Bob Schnelker,1955,12,1955-12-11,False,NYG,DET,A,W,24,19,,2,29,0,0,0,0,0,0,0,0,,,2.9,4.9,19681,False,targets;fum_rec_td;ret_td,PFR+RULE2PT,19551211-NYG-DET,False,ret_td;fum_rec_td,False,True,ret_td;fum_rec_td,
Bob Schnelker,1956,1,1956-09-30,False,NYG,SFO,A,W,38,21,,1,19,0,0,0,0,0,0,0,0,,,1.9,2.9,19681,False,targets;fum_rec_td;ret_td,PFR+RULE2PT,19560930-NYG-SFO,False,ret_td;fum_rec_td,False,True,ret_td;fum_rec_td,
Bob Schnelker,1956,2,1956-10-07,False,NYG,CRD,A,L,27,35,,2,21,0,0,0,0,0,0,0,0,,,2.1,4.1,19681,False,targets;fum_rec_td;ret_td,PFR+RULE2PT,19561007-NYG-CRD,False,ret_td;fum_rec_td,False,True,ret_td;fum_rec_td,
Bob Schnelker,1956,3,1956-10-14,False,NYG,CLE,A,W,21,9,,2,20,0,0,0,0,0,0,0,0,,,2.0,4.0,19681,False,targets;fum_rec_td;ret_td,PFR+RULE2PT,19561014-NYG-CLE,False,ret_td;fum_rec_td,False,True,ret_td;fum_rec_td,
Bob Schnelker,1956,4,1956-10-21,False,NYG,PIT,H,W,38,10,,1,19,0,0,0,0,0,0,0,0,,,1.9,2.9,19681,False,targets;fum_rec_td;ret_td,PFR+RULE2PT,19561021-PIT-NYG,False,ret_td;fum_rec_td,False,True,ret_td;fum_rec_td,
Bob Schnelker,1956,6,1956-11-04,False,NYG,PIT,A,W,17,14,,1,15,0,0,0,0,0,0,0,0,,,1.5,2.5,19681,False,targets;fum_rec_td;ret_td,PFR+RULE2PT,19561104-NYG-PIT,False,ret_td;fum_rec_td,False,True,ret_td;fum_rec_td,
Bob Schnelker,1956,8,1956-11-18,False,NYG,WAS,A,L,7,33,,2,28,1,0,0,0,0,0,0,0,,,8.8,10.8,19681,False,targets;fum_rec_td;ret_td,PFR+RULE2PT,19561118-NYG-WAS,False,ret_td;fum_rec_td,False,True,ret_td;fum_rec_td,
Bob Schnelker,1956,13,1956-12-30,True,NYG,CHI,H,W,47,7,,0,0,0,0,0,0,0,0,0,0,,,0.0,0.0,19681,False,targets;fum_rec_td;ret_td,PFR+RULE2PT,19561230-CHI-NYG,False,ret_td;fum_rec_td,False,True,ret_td;fum_rec_td,
Bob Schnelker,1957,2,1957-10-05,False,NYG,PHI,A,W,24,20,,3,45,0,0,0,0,0,0,0,0,,,4.5,7.5,19681,False,targets;fum_rec_td;ret_td,PFR+RULE2PT,19571005-NYG-PHI,False,ret_td;fum_rec_td,False,True,ret_td;fum_rec_td,
Bob Schnelker,1957,3,1957-10-13,False,NYG,WAS,A,W,24,20,,5,122,2,0,0,0,0,0,0,0,,,24.2,29.2,19681,False,targets;fum_rec_td;ret_td,PFR+RULE2PT,19571013-NYG-WAS,False,ret_td;fum_rec_td,False,True,ret_td;fum_rec_td,
Bob Schnelker,1957,4,1957-10-20,False,NYG,PIT,H,W,35,0,,3,55,2,0,0,0,0,0,0,0,,,17.5,20.5,19681,False,targets;fum_rec_td;ret_td,PFR+RULE2PT,19571020-PIT-NYG,False,ret_td;fum_rec_td,False,True,ret_td;fum_rec_td,
Bob Schnelker,1957,5,1957-10-27,False,NYG,WAS,H,L,14,31,,2,21,0,0,0,0,0,0,0,0,,,2.1,4.1,19681,False,targets;fum_rec_td;ret_td,PFR+RULE2PT,19571027-WAS-NYG,False,ret_td;fum_rec_td,False,True,ret_td;fum_rec_td,
Bob Schnelker,1957,7,1957-11-10,False,NYG,CRD,H,W,27,14,,1,32,1,0,0,0,0,0,0,0,,,9.2,10.2,19681,False,targets;fum_rec_td;ret_td,PFR+RULE2PT,19571110-CRD-NYG,False,ret_td;fum_rec_td,False,True,ret_td;fum_rec_td,
Bob Schnelker,1957,8,1957-11-17,False,NYG,PHI,H,W,13,0,,1,12,0,0,0,0,0,0,0,0,,,1.2,2.2,19681,False,targets;fum_rec_td;ret_td,PFR+RULE2PT,19571117-PHI-NYG,False,ret_td;fum_rec_td,False,True,ret_td;fum_rec_td,
Bob Schnelker,1957,9,1957-11-24,False,NYG,CRD,A,W,28,21,,1,70,0,0,0,0,0,0,0,0,,,7.0,8.0,19681,False,targets;fum_rec_td;ret_td,PFR+RULE2PT,19571124-NYG-CRD,False,ret_td;fum_rec_td,False,True,ret_td;fum_rec_td,
Bob Schnelker,1957,11,1957-12-07,False,NYG,PIT,A,L,10,21,,1,10,0,0,0,0,0,0,0,0,,,1.0,2.0,19681,False,targets;fum_rec_td;ret_td,PFR+RULE2PT,19571207-NYG-PIT,False,ret_td;fum_rec_td,False,True,ret_td;fum_rec_td,
Bob Schnelker,1957,12,1957-12-15,False,NYG,CLE,H,L,28,34,,3,83,0,0,0,0,0,0,0,0,,,8.3,11.3,19681,False,targets;fum_rec_td;ret_td,PFR+RULE2PT,19571215-CLE-NYG,False,ret_td;fum_rec_td,False,True,ret_td;fum_rec_td,
Bob Schnelker,1958,1,1958-09-28,False,NYG,CRD,A,W,37,7,,1,14,0,0,0,0,0,0,0,0,,,1.4,2.4,19681,False,targets;fum_rec_td;ret_td,PFR+RULE2PT,19580928-NYG-CRD,False,ret_td;fum_rec_td,False,True,ret_td;fum_rec_td,
Bob Schnelker,1958,2,1958-10-05,False,NYG,PHI,A,L,24,27,,3,43,0,0,0,0,0,0,0,0,,,4.3,7.3,19681,False,targets;fum_rec_td;ret_td,PFR+RULE2PT,19581005-NYG-PHI,False,ret_td;fum_rec_td,False,True,ret_td;fum_rec_td,
Bob Schnelker,1958,3,1958-10-12,False,NYG,WAS,A,W,21,14,,1,41,1,0,0,0,0,0,0,0,,,10.1,11.1,19681,False,targets;fum_rec_td;ret_td,PFR+RULE2PT,19581012-NYG-WAS,False,ret_td;fum_rec_td,False,True,ret_td;fum_rec_td,
Bob Schnelker,1958,4,1958-10-19,False,NYG,CRD,H,L,6,23,,1,28,0,0,0,0,0,0,0,0,,,2.8,3.8,19681,False,targets;fum_rec_td;ret_td,PFR+RULE2PT,19581019-CRD-NYG,False,ret_td;fum_rec_td,False,True,ret_td;fum_rec_td,
Bob Schnelker,1958,5,1958-10-26,False,NYG,PIT,H,W,17,6,,1,12,0,0,0,0,0,0,0,0,,,1.2,2.2,19681,False,targets;fum_rec_td;ret_td,PFR+RULE2PT,19581026-PIT-NYG,False,ret_td;fum_rec_td,False,True,ret_td;fum_rec_td,
Bob Schnelker,1958,6,1958-11-02,False,NYG,CLE,A,W,21,17,,3,87,1,0,0,0,0,0,0,0,,,14.7,17.7,19681,False,targets;fum_rec_td;ret_td,PFR+RULE2PT,19581102-NYG-CLE,False,ret_td;fum_rec_td,False,True,ret_td;fum_rec_td,
Bob Schnelker,1958,7,1958-11-09,False,NYG,BAL,H,W,24,21,,2,66,0,0,0,0,0,0,0,0,,,6.6,8.6,19681,False,targets;fum_rec_td;ret_td,PFR+RULE2PT,19581109-BAL-NYG,False,ret_td;fum_rec_td,False,True,ret_td;fum_rec_td,
Bob Schnelker,1958,8,1958-11-16,False,NYG,PIT,A,L,10,31,,2,14,0,0,0,0,0,0,0,0,,,1.4,3.4,19681,False,targets;fum_rec_td;ret_td,PFR+RULE2PT,19581116-NYG-PIT,False,ret_td;fum_rec_td,False,True,ret_td;fum_rec_td,
Bob Schnelker,1958,9,1958-11-23,False,NYG,WAS,H,W,30,0,,2,16,1,0,0,0,0,0,0,0,,,7.6,9.6,19681,False,targets;fum_rec_td;ret_td,PFR+RULE2PT,19581123-WAS-NYG,False,ret_td;fum_rec_td,False,True,ret_td;fum_rec_td,
Bob Schnelker,1958,10,1958-11-30,False,NYG,PHI,H,W,24,10,,4,56,1,0,0,0,0,0,0,0,,,11.6,15.6,19681,False,targets;fum_rec_td;ret_td,PFR+RULE2PT,19581130-PHI-NYG,False,ret_td;fum_rec_td,False,True,ret_td;fum_rec_td,
Bob Schnelker,1958,11,1958-12-07,False,NYG,DET,A,W,19,17,,2,63,0,0,0,0,0,0,0,0,,,6.3,8.3,19681,False,targets;fum_rec_td;ret_td,PFR+RULE2PT,19581207-NYG-DET,False,ret_td;fum_rec_td,False,True,ret_td;fum_rec_td,
Bob Schnelker,1958,12,1958-12-14,False,NYG,CLE,H,W,13,10,,2,20,1,0,0,0,0,0,0,0,,,8.0,10.0,19681,False,targets;fum_rec_td;ret_td,PFR+RULE2PT,19581214-CLE-NYG,False,ret_td;fum_rec_td,False,True,ret_td;fum_rec_td,
Bob Schnelker,1958,13,1958-12-21,True,NYG,CLE,H,W,10,0,,2,46,0,0,0,0,0,0,0,0,,,4.6,6.6,19681,False,targets;fum_rec_td;ret_td,PFR+RULE2PT,19581221-CLE-NYG,False,ret_td;fum_rec_td,False,True,ret_td;fum_rec_td,
Bob Schnelker,1958,14,1958-12-28,True,NYG,BAL,H,L,17,23,,2,63,0,0,0,0,0,0,0,0,,,6.3,8.3,19681,False,targets;fum_rec_td;ret_td,PFR+RULE2PT,19581228-BAL-NYG,False,ret_td;fum_rec_td,False,True,ret_td;fum_rec_td,
Bob Schnelker,1959,1,1959-09-26,False,NYG,RAM,A,W,23,21,,8,171,1,0,0,0,0,0,0,0,,,23.1,31.1,19681,False,targets;fum_rec_td;ret_td,PFR+RULE2PT,19590926-NYG-RAM,False,ret_td;fum_rec_td,False,True,ret_td;fum_rec_td,
Bob Schnelker,1959,2,1959-10-04,False,NYG,PHI,A,L,21,49,,4,79,0,0,0,0,0,0,0,0,,,7.9,11.9,19681,False,targets;fum_rec_td;ret_td,PFR+RULE2PT,19591004-NYG-PHI,False,ret_td;fum_rec_td,False,True,ret_td;fum_rec_td,
Bob Schnelker,1959,3,1959-10-11,False,NYG,CLE,A,W,10,6,,3,48,0,0,0,0,0,0,0,0,,,4.8,7.8,19681,False,targets;fum_rec_td;ret_td,PFR+RULE2PT,19591011-NYG-CLE,False,ret_td;fum_rec_td,False,True,ret_td;fum_rec_td,
Bob Schnelker,1959,4,1959-10-18,False,NYG,PHI,H,W,24,7,,3,65,1,0,0,0,0,0,0,0,,,12.5,15.5,19681,False,targets;fum_rec_td;ret_td,PFR+RULE2PT,19591018-PHI-NYG,False,ret_td;fum_rec_td,False,True,ret_td;fum_rec_td,
Bob Schnelker,1959,6,1959-11-01,False,NYG,GNB,H,W,20,3,,2,21,0,0,0,0,0,0,0,0,,,2.1,4.1,19681,False,targets;fum_rec_td;ret_td,PFR+RULE2PT,19591101-GNB-NYG,False,ret_td;fum_rec_td,False,True,ret_td;fum_rec_td,
Bob Schnelker,1959,8,1959-11-15,False,NYG,PIT,H,L,9,14,,3,67,0,0,0,0,0,0,0,0,,,6.7,9.7,19681,False,targets;fum_rec_td;ret_td,PFR+RULE2PT,19591115-PIT-NYG,False,ret_td;fum_rec_td,False,True,ret_td;fum_rec_td,
Bob Schnelker,1959,9,1959-11-22,False,NYG,CRD,A,W,30,20,,1,45,1,0,0,0,0,0,0,0,,,10.5,11.5,19681,False,targets;fum_rec_td;ret_td,PFR+RULE2PT,19591122-NYG-CRD,False,ret_td;fum_rec_td,False,True,ret_td;fum_rec_td,
Bob Schnelker,1959,10,1959-11-29,False,NYG,WAS,H,W,45,14,,3,58,2,0,0,0,0,0,0,0,,,17.8,20.8,19681,False,targets;fum_rec_td;ret_td,PFR+RULE2PT,19591129-WAS-NYG,False,ret_td;fum_rec_td,False,True,ret_td;fum_rec_td,
Bob Schnelker,1959,11,1959-12-06,False,NYG,CLE,H,W,48,7,,6,102,1,0,0,0,0,0,0,0,,,16.2,22.2,19681,False,targets;fum_rec_td;ret_td,PFR+RULE2PT,19591206-CLE-NYG,False,ret_td;fum_rec_td,False,True,ret_td;fum_rec_td,
Bob Schnelker,1959,12,1959-12-13,False,NYG,WAS,A,W,24,10,,4,58,0,0,0,0,0,0,0,0,,,5.8,9.8,19681,False,targets;fum_rec_td;ret_td,PFR+RULE2PT,19591213-NYG-WAS,False,ret_td;fum_rec_td,False,True,ret_td;fum_rec_td,
Bob Schnelker,1959,13,1959-12-27,True,NYG,BAL,A,L,16,31,,9,175,1,0,0,0,0,0,0,0,,,23.5,32.5,19681,False,targets;fum_rec_td;ret_td,PFR+RULE2PT,19591227-NYG-BAL,False,ret_td;fum_rec_td,False,True,ret_td;fum_rec_td,
Jim Doran,1951,1,1951-09-30,False,DET,WAS,H,W,35,17,,2,50,1,0,0,0,0,0,0,0,,,11.0,13.0,5815,False,targets;fum_rec_td;ret_td,PFR+RULE2PT,19510930-WAS-DET,False,ret_td;fum_rec_td,False,True,ret_td;fum_rec_td,
Jim Doran,1951,2,1951-10-08,False,DET,NYY,H,W,37,10,,0,0,0,1,25,0,0,0,0,0,,,2.5,2.5,5815,False,targets;fum_rec_td;ret_td,PFR+RULE2PT,19511008-NYY-DET,False,ret_td;fum_rec_td,False,True,ret_td;fum_rec_td,
Jim Doran,1951,3,1951-10-14,False,DET,RAM,H,L,21,27,,2,14,0,1,-2,0,0,0,0,0,,,1.2,3.2,5815,False,targets;fum_rec_td;ret_td,PFR+RULE2PT,19511014-RAM-DET,False,ret_td;fum_rec_td,False,True,ret_td;fum_rec_td,
Jim Doran,1951,4,1951-10-21,False,DET,NYY,H,T,24,24,,1,21,0,0,0,0,0,0,0,0,,,2.1,3.1,5815,False,targets;fum_rec_td;ret_td,PFR+RULE2PT,19511021-NYY-DET,False,ret_td;fum_rec_td,False,True,ret_td;fum_rec_td,
Jim Doran,1951,5,1951-10-28,False,DET,CHI,H,L,23,28,,5,140,1,0,0,0,0,0,0,0,,,20.0,25.0,5815,False,targets;fum_rec_td;ret_td,PFR+RULE2PT,19511028-CHI-DET,False,ret_td;fum_rec_td,False,True,ret_td;fum_rec_td,
Jim Doran,1952,1,1952-09-28,False,DET,SFO,A,L,3,17,,1,21,0,0,0,0,0,0,0,0,,,2.1,3.1,5815,False,targets;fum_rec_td;ret_td,PFR+RULE2PT,19520928-DET-SFO,False,ret_td;fum_rec_td,False,True,ret_td;fum_rec_td,
Jim Doran,1952,2,1952-10-03,False,DET,RAM,A,W,17,14,,1,7,0,0,0,0,0,0,0,0,,,0.7,1.7,5815,False,targets;fum_rec_td;ret_td,PFR+RULE2PT,19521003-DET-RAM,False,ret_td;fum_rec_td,False,True,ret_td;fum_rec_td,
Jim Doran,1952,3,1952-10-12,False,DET,SFO,H,L,0,28,,1,-2,0,0,0,0,0,0,0,0,,,-0.2,0.8,5815,False,targets;fum_rec_td;ret_td,PFR+RULE2PT,19521012-SFO-DET,False,ret_td;fum_rec_td,False,True,ret_td;fum_rec_td,
Jim Doran,1952,5,1952-10-26,False,DET,GNB,A,W,52,17,,2,37,0,0,0,0,0,0,0,0,,,3.7,5.7,5815,False,targets;fum_rec_td;ret_td,PFR+RULE2PT,19521026-DET-GNB,False,ret_td;fum_rec_td,False,True,ret_td;fum_rec_td,
Jim Doran,1952,7,1952-11-09,False,DET,PIT,A,W,31,6,,0,0,0,1,3,0,0,0,0,0,,,0.3,0.3,5815,False,targets;fum_rec_td;ret_td,PFR+RULE2PT,19521109-DET-PIT,False,ret_td;fum_rec_td,False,True,ret_td;fum_rec_td,
Jim Doran,1952,8,1952-11-16,False,DET,DTX,H,W,43,13,,3,60,0,0,33,0,0,0,0,0,,,9.3,12.3,5815,False,targets;fum_rec_td;ret_td,PFR+RULE2PT,19521116-DTX-DET,False,ret_td;fum_rec_td,False,True,ret_td;fum_rec_td,
Jim Doran,1952,11,1952-12-07,False,DET,CHI,H,W,45,21,,2,24,1,0,0,0,0,0,0,0,,,8.4,10.4,5815,False,targets;fum_rec_td;ret_td,PFR+RULE2PT,19521207-CHI-DET,False,ret_td;fum_rec_td,False,True,ret_td;fum_rec_td,
Jim Doran,1952,13,1952-12-21,True,DET,RAM,H,W,31,21,,0,0,0,0,0,0,0,0,0,0,,,0.0,0.0,5815,False,targets;fum_rec_td;ret_td,PFR+RULE2PT,19521221-RAM-DET,False,ret_td;fum_rec_td,False,True,ret_td;fum_rec_td,
Jim Doran,1952,14,1952-12-28,True,DET,CLE,A,W,17,7,,0,0,0,0,0,0,0,0,0,0,,,0.0,0.0,5815,False,targets;fum_rec_td;ret_td,PFR+RULE2PT,19521228-DET-CLE,False,ret_td;fum_rec_td,False,True,ret_td;fum_rec_td,
Jim Doran,1953,9,1953-11-22,False,DET,CHI,A,W,20,16,,3,31,0,0,0,0,0,0,0,0,,,3.1,6.1,5815,False,targets;fum_rec_td;ret_td,PFR+RULE2PT,19531122-DET-CHI,False,ret_td;fum_rec_td,False,True,ret_td;fum_rec_td,
Jim Doran,1953,11,1953-12-06,False,DET,CHI,H,W,13,7,,1,30,0,0,0,0,0,0,0,0,,,3.0,4.0,5815,False,targets;fum_rec_td;ret_td,PFR+RULE2PT,19531206-CHI-DET,False,ret_td;fum_rec_td,False,True,ret_td;fum_rec_td,
Jim Doran,1953,12,1953-12-13,False,DET,NYG,A,W,27,16,,2,14,0,0,0,0,0,0,0,0,,,1.4,3.4,5815,False,targets;fum_rec_td;ret_td,PFR+RULE2PT,19531213-DET-NYG,False,ret_td;fum_rec_td,False,True,ret_td;fum_rec_td,
Jim Doran,1953,13,1953-12-27,True,DET,CLE,H,W,17,16,,4,95,1,0,0,0,0,0,0,0,,,15.5,19.5,5815,False,targets;fum_rec_td;ret_td,PFR+RULE2PT,19531227-CLE-DET,False,ret_td;fum_rec_td,False,True,ret_td;fum_rec_td,
Jim Doran,1954,4,1954-10-24,False,DET,SFO,A,L,31,37,,3,21,2,0,0,0,0,0,0,0,,,14.1,17.1,5815,False,targets;fum_rec_td;ret_td,PFR+RULE2PT,19541024-DET-SFO,False,ret_td;fum_rec_td,False,True,ret_td;fum_rec_td,
Jim Doran,1954,5,1954-10-31,False,DET,RAM,A,W,27,24,,2,60,0,0,0,0,0,0,0,0,,,6.0,8.0,5815,False,targets;fum_rec_td;ret_td,PFR+RULE2PT,19541031-DET-RAM,False,ret_td;fum_rec_td,False,True,ret_td;fum_rec_td,
Jim Doran,1954,6,1954-11-06,False,DET,BAL,A,W,27,3,,1,26,0,0,0,0,0,0,0,0,,,2.6,3.6,5815,False,targets;fum_rec_td;ret_td,PFR+RULE2PT,19541106-DET-BAL,False,ret_td;fum_rec_td,False,True,ret_td;fum_rec_td,
Jim Doran,1954,7,1954-11-14,False,DET,SFO,H,W,48,7,,2,38,1,0,0,0,0,0,0,0,,,9.8,11.8,5815,False,targets;fum_rec_td;ret_td,PFR+RULE2PT,19541114-SFO-DET,False,ret_td;fum_rec_td,False,True,ret_td;fum_rec_td,
Jim Doran,1954,11,1954-12-12,False,DET,CHI,A,L,24,28,,2,58,1,0,0,0,0,0,0,0,,,11.8,13.8,5815,False,targets;fum_rec_td;ret_td,PFR+RULE2PT,19541212-DET-CHI,False,ret_td;fum_rec_td,False,True,ret_td;fum_rec_td,
Jim Doran,1954,13,1954-12-26,True,DET,CLE,A,L,10,56,,0,0,0,0,0,0,0,0,0,0,,,0.0,0.0,5815,False,targets;fum_rec_td;ret_td,PFR+RULE2PT,19541226-DET-CLE,False,ret_td;fum_rec_td,False,True,ret_td;fum_rec_td,
Jim Doran,1955,1,1955-09-25,False,DET,GNB,A,L,17,20,,3,86,1,0,0,0,0,0,0,0,,,14.6,17.6,5815,False,targets;fum_rec_td;ret_td,PFR+RULE2PT,19550925-DET-GNB,False,ret_td;fum_rec_td,False,True,ret_td;fum_rec_td,
Jim Doran,1955,2,1955-10-01,False,DET,BAL,A,L,13,28,,2,43,0,0,0,0,0,0,0,0,,,4.3,6.3,5815,False,targets;fum_rec_td;ret_td,PFR+RULE2PT,19551001-DET-BAL,False,ret_td;fum_rec_td,False,True,ret_td;fum_rec_td,
Jim Doran,1955,3,1955-10-09,False,DET,RAM,H,L,10,17,,7,80,0,0,0,0,0,0,0,0,,,8.0,15.0,5815,False,targets;fum_rec_td;ret_td,PFR+RULE2PT,19551009-RAM-DET,False,ret_td;fum_rec_td,False,True,ret_td;fum_rec_td,
Jim Doran,1955,4,1955-10-16,False,DET,SFO,H,L,24,27,,2,35,0,0,0,0,0,0,0,0,,,3.5,5.5,5815,False,targets;fum_rec_td;ret_td,PFR+RULE2PT,19551016-SFO-DET,False,ret_td;fum_rec_td,False,True,ret_td;fum_rec_td,
Jim Doran,1955,5,1955-10-23,False,DET,RAM,A,L,13,24,,7,85,0,0,0,0,0,0,0,0,,,8.5,15.5,5815,False,targets;fum_rec_td;ret_td,PFR+RULE2PT,19551023-DET-RAM,False,ret_td;fum_rec_td,False,True,ret_td;fum_rec_td,
Jim Doran,1955,6,1955-10-30,False,DET,SFO,A,L,21,38,,2,29,0,0,0,0,0,0,0,0,,,2.9,4.9,5815,False,targets;fum_rec_td;ret_td,PFR+RULE2PT,19551030-DET-SFO,False,ret_td;fum_rec_td,False,True,ret_td;fum_rec_td,
Jim Doran,1955,7,1955-11-05,False,DET,BAL,H,W,24,14,,6,75,0,0,0,0,0,0,0,0,,,7.5,13.5,5815,False,targets;fum_rec_td;ret_td,PFR+RULE2PT,19551105-BAL-DET,False,ret_td;fum_rec_td,False,True,ret_td;fum_rec_td,
Jim Doran,1955,11,1955-12-04,False,DET,CHI,A,L,20,21,,3,40,1,0,0,0,0,0,0,0,,,10.0,13.0,5815,False,targets;fum_rec_td;ret_td,PFR+RULE2PT,19551204-DET-CHI,False,ret_td;fum_rec_td,False,True,ret_td;fum_rec_td,
Jim Doran,1955,12,1955-12-11,False,DET,NYG,H,L,19,24,,6,79,0,0,0,0,0,0,0,0,,,7.9,13.9,5815,False,targets;fum_rec_td;ret_td,PFR+RULE2PT,19551211-NYG-DET,False,ret_td;fum_rec_td,False,True,ret_td;fum_rec_td,
Jim Doran,1956,1,1956-09-30,False,DET,GNB,A,W,20,16,,5,63,0,0,0,0,0,0,0,0,,,6.3,11.3,5815,False,targets;fum_rec_td;ret_td,PFR+RULE2PT,19560930-DET-GNB,False,ret_td;fum_rec_td,False,True,ret_td;fum_rec_td,
Jim Doran,1956,2,1956-10-06,False,DET,BAL,A,W,31,14,,2,35,0,0,0,0,0,0,0,0,,,3.5,5.5,5815,False,targets;fum_rec_td;ret_td,PFR+RULE2PT,19561006-DET-BAL,False,ret_td;fum_rec_td,False,True,ret_td;fum_rec_td,
Jim Doran,1956,3,1956-10-14,False,DET,RAM,H,W,24,21,,1,8,0,0,0,0,0,0,0,0,,,0.8,1.8,5815,False,targets;fum_rec_td;ret_td,PFR+RULE2PT,19561014-RAM-DET,False,ret_td;fum_rec_td,False,True,ret_td;fum_rec_td,
Jim Doran,1956,5,1956-10-28,False,DET,RAM,A,W,16,7,,1,28,0,0,0,0,0,0,0,0,,,2.8,3.8,5815,False,targets;fum_rec_td;ret_td,PFR+RULE2PT,19561028-DET-RAM,False,ret_td;fum_rec_td,False,True,ret_td;fum_rec_td,
Jim Doran,1956,6,1956-11-04,False,DET,SFO,A,W,17,13,,2,30,0,0,0,0,0,0,0,0,,,3.0,5.0,5815,False,targets;fum_rec_td;ret_td,PFR+RULE2PT,19561104-DET-SFO,False,ret_td;fum_rec_td,False,True,ret_td;fum_rec_td,
Jim Doran,1956,7,1956-11-11,False,DET,WAS,A,L,17,18,,1,70,0,0,0,0,0,0,0,0,,,7.0,8.0,5815,False,targets;fum_rec_td;ret_td,PFR+RULE2PT,19561111-DET-WAS,False,ret_td;fum_rec_td,False,True,ret_td;fum_rec_td,
Jim Doran,1956,8,1956-11-18,False,DET,BAL,H,W,27,3,,4,65,0,0,0,0,0,0,0,0,,,6.5,10.5,5815,False,targets;fum_rec_td;ret_td,PFR+RULE2PT,19561118-BAL-DET,False,ret_td;fum_rec_td,False,True,ret_td;fum_rec_td,
Jim Doran,1956,9,1956-11-22,False,DET,GNB,H,L,20,24,,2,22,0,0,0,0,0,0,0,0,,,2.2,4.2,5815,False,targets;fum_rec_td;ret_td,PFR+RULE2PT,19561122-GNB-DET,False,ret_td;fum_rec_td,False,True,ret_td;fum_rec_td,
Jim Doran,1956,10,1956-12-02,False,DET,CHI,H,W,42,10,,2,45,0,0,0,0,0,0,0,0,,,4.5,6.5,5815,False,targets;fum_rec_td;ret_td,PFR+RULE2PT,19561202-CHI-DET,False,ret_td;fum_rec_td,False,True,ret_td;fum_rec_td,
Jim Doran,1956,11,1956-12-09,False,DET,PIT,H,W,45,7,,2,48,0,0,0,0,0,0,0,0,,,4.8,6.8,5815,False,targets;fum_rec_td;ret_td,PFR+RULE2PT,19561209-PIT-DET,False,ret_td;fum_rec_td,False,True,ret_td;fum_rec_td,
Jim Doran,1956,12,1956-12-16,False,DET,CHI,A,L,21,38,,3,34,0,0,0,0,0,0,0,0,,,3.4,6.4,5815,False,targets;fum_rec_td;ret_td,PFR+RULE2PT,19561216-DET-CHI,False,ret_td;fum_rec_td,False,True,ret_td;fum_rec_td,
Jim Doran,1957,1,1957-09-29,False,DET,BAL,A,L,14,34,,3,47,0,0,0,0,0,0,0,0,,,4.7,7.7,5815,False,targets;fum_rec_td;ret_td,PFR+RULE2PT,19570929-DET-BAL,False,ret_td;fum_rec_td,False,True,ret_td;fum_rec_td,
Jim Doran,1957,2,1957-10-06,False,DET,GNB,A,W,24,14,,2,32,0,0,0,0,0,0,0,0,,,3.2,5.2,5815,False,targets;fum_rec_td;ret_td,PFR+RULE2PT,19571006-DET-GNB,False,ret_td;fum_rec_td,False,True,ret_td;fum_rec_td,
Jim Doran,1957,3,1957-10-13,False,DET,RAM,H,W,10,7,,2,31,0,0,0,0,0,0,0,0,,,3.1,5.1,5815,False,targets;fum_rec_td;ret_td,PFR+RULE2PT,19571013-RAM-DET,False,ret_td;fum_rec_td,False,True,ret_td;fum_rec_td,
Jim Doran,1957,4,1957-10-20,False,DET,BAL,H,W,31,27,,1,12,0,0,0,0,0,0,0,0,,,1.2,2.2,5815,False,targets;fum_rec_td;ret_td,PFR+RULE2PT,19571020-BAL-DET,False,ret_td;fum_rec_td,False,True,ret_td;fum_rec_td,
Jim Doran,1957,5,1957-10-27,False,DET,RAM,A,L,17,35,,5,85,0,0,0,0,0,0,0,0,,,8.5,13.5,5815,False,targets;fum_rec_td;ret_td,PFR+RULE2PT,19571027-DET-RAM,False,ret_td;fum_rec_td,False,True,ret_td;fum_rec_td,
Jim Doran,1957,6,1957-11-03,False,DET,SFO,A,L,31,35,,7,150,3,0,0,0,0,0,0,0,,,33.0,40.0,5815,False,targets;fum_rec_td;ret_td,PFR+RULE2PT,19571103-DET-SFO,False,ret_td;fum_rec_td,False,True,ret_td;fum_rec_td,
Jim Doran,1957,7,1957-11-10,False,DET,PHI,A,W,27,16,,4,92,1,0,0,0,0,0,0,0,,,15.2,19.2,5815,False,targets;fum_rec_td;ret_td,PFR+RULE2PT,19571110-DET-PHI,False,ret_td;fum_rec_td,False,True,ret_td;fum_rec_td,
Jim Doran,1957,8,1957-11-17,False,DET,SFO,H,W,31,10,,6,137,1,0,0,0,0,0,0,0,,,19.7,25.7,5815,False,targets;fum_rec_td;ret_td,PFR+RULE2PT,19571117-SFO-DET,False,ret_td;fum_rec_td,False,True,ret_td;fum_rec_td,
Jim Doran,1957,9,1957-11-24,False,DET,CHI,H,L,7,27,,1,18,0,0,0,0,0,0,0,0,,,1.8,2.8,5815,False,targets;fum_rec_td;ret_td,PFR+RULE2PT,19571124-CHI-DET,False,ret_td;fum_rec_td,False,True,ret_td;fum_rec_td,
Jim Doran,1957,12,1957-12-15,False,DET,CHI,A,W,21,13,,2,20,0,0,0,0,0,0,0,0,,,2.0,4.0,5815,False,targets;fum_rec_td;ret_td,PFR+RULE2PT,19571215-DET-CHI,False,ret_td;fum_rec_td,False,True,ret_td;fum_rec_td,
Jim Doran,1957,13,1957-12-22,True,DET,SFO,A,W,31,27,,2,51,0,0,0,0,0,0,0,0,,,5.1,7.1,5815,False,targets;fum_rec_td;ret_td,PFR+RULE2PT,19571222-DET-SFO,False,ret_td;fum_rec_td,False,True,ret_td;fum_rec_td,
Jim Doran,1957,14,1957-12-29,True,DET,CLE,H,W,59,14,,3,101,1,0,0,0,0,0,0,0,,,16.1,19.1,5815,False,targets;fum_rec_td;ret_td,PFR+RULE2PT,19571229-CLE-DET,False,ret_td;fum_rec_td,False,True,ret_td;fum_rec_td,
Jim Doran,1958,1,1958-09-28,False,DET,BAL,A,L,15,28,,1,11,0,0,0,0,0,0,0,0,,,1.1,2.1,5815,False,targets;fum_rec_td;ret_td,PFR+RULE2PT,19580928-DET-BAL,False,ret_td;fum_rec_td,False,True,ret_td;fum_rec_td,
Jim Doran,1958,2,1958-10-05,False,DET,GNB,A,T,13,13,,4,133,1,0,0,0,0,0,0,0,,,19.3,23.3,5815,False,targets;fum_rec_td;ret_td,PFR+RULE2PT,19581005-DET-GNB,False,ret_td;fum_rec_td,False,True,ret_td;fum_rec_td,
Jim Doran,1958,3,1958-10-12,False,DET,RAM,H,L,28,42,,4,102,0,0,0,0,0,0,0,0,,,10.2,14.2,5815,False,targets;fum_rec_td;ret_td,PFR+RULE2PT,19581012-RAM-DET,False,ret_td;fum_rec_td,False,True,ret_td;fum_rec_td,
Jim Doran,1958,4,1958-10-19,False,DET,BAL,H,L,14,40,,3,56,1,0,0,0,0,0,0,0,,,11.6,14.6,5815,False,targets;fum_rec_td;ret_td,PFR+RULE2PT,19581019-BAL-DET,False,ret_td;fum_rec_td,False,True,ret_td;fum_rec_td,
Jim Doran,1958,5,1958-10-26,False,DET,RAM,A,W,41,24,,2,66,1,0,0,0,0,0,0,0,,,12.6,14.6,5815,False,targets;fum_rec_td;ret_td,PFR+RULE2PT,19581026-DET-RAM,False,ret_td;fum_rec_td,False,True,ret_td;fum_rec_td,
Jim Doran,1958,6,1958-11-02,False,DET,SFO,A,L,21,24,,1,18,1,0,0,0,0,0,0,0,,,7.8,8.8,5815,False,targets;fum_rec_td;ret_td,PFR+RULE2PT,19581102-DET-SFO,False,ret_td;fum_rec_td,False,True,ret_td;fum_rec_td,
Jim Doran,1958,7,1958-11-09,False,DET,CLE,A,W,30,10,,5,70,0,0,0,0,0,0,0,0,,,7.0,12.0,5815,False,targets;fum_rec_td;ret_td,PFR+RULE2PT,19581109-DET-CLE,False,ret_td;fum_rec_td,False,True,ret_td;fum_rec_td,
Jim Doran,1958,8,1958-11-16,False,DET,SFO,H,W,35,21,,2,39,0,0,0,0,0,0,0,0,,,3.9,5.9,5815,False,targets;fum_rec_td;ret_td,PFR+RULE2PT,19581116-SFO-DET,False,ret_td;fum_rec_td,False,True,ret_td;fum_rec_td,
Jim Doran,1959,3,1959-10-11,False,DET,BAL,H,L,24,31,,4,47,0,0,0,0,0,0,0,0,,,4.7,8.7,5815,False,targets;fum_rec_td;ret_td,PFR+RULE2PT,19591011-BAL-DET,False,ret_td;fum_rec_td,False,True,ret_td;fum_rec_td,
Jim Doran,1959,4,1959-10-18,False,DET,SFO,H,L,13,34,,1,25,0,0,0,0,0,0,0,0,,,2.5,3.5,5815,False,targets;fum_rec_td;ret_td,PFR+RULE2PT,19591018-SFO-DET,False,ret_td;fum_rec_td,False,True,ret_td;fum_rec_td,
Jim Doran,1959,6,1959-11-01,False,DET,SFO,A,L,7,33,,4,68,0,0,0,0,0,0,0,0,,,6.8,10.8,5815,False,targets;fum_rec_td;ret_td,PFR+RULE2PT,19591101-DET-SFO,False,ret_td;fum_rec_td,False,True,ret_td;fum_rec_td,
Jim Doran,1959,7,1959-11-08,False,DET,PIT,A,T,10,10,,2,28,0,0,0,0,0,0,0,0,,,2.8,4.8,5815,False,targets;fum_rec_td;ret_td,PFR+RULE2PT,19591108-DET-PIT,False,ret_td;fum_rec_td,False,True,ret_td;fum_rec_td,
Jim Doran,1959,9,1959-11-22,False,DET,CHI,H,L,14,24,,1,-1,0,0,0,0,0,0,0,0,,,-0.1,0.9,5815,False,targets;fum_rec_td;ret_td,PFR+RULE2PT,19591122-CHI-DET,False,ret_td;fum_rec_td,False,True,ret_td;fum_rec_td,
Jim Doran,1959,11,1959-12-06,False,DET,CRD,H,W,45,21,,1,16,0,0,0,0,0,0,0,0,,,1.6,2.6,5815,False,targets;fum_rec_td;ret_td,PFR+RULE2PT,19591206-CRD-DET,False,ret_td;fum_rec_td,False,True,ret_td;fum_rec_td,
Jim Doran,1959,12,1959-12-13,False,DET,CHI,A,L,14,25,,1,8,1,0,0,0,0,0,0,0,,,6.8,7.8,5815,False,targets;fum_rec_td;ret_td,PFR+RULE2PT,19591213-DET-CHI,False,ret_td;fum_rec_td,False,True,ret_td;fum_rec_td,
Elbie Nickel,1950,1,1950-09-17,False,PIT,NYG,H,L,7,18,,2,0,0,0,0,0,0,0,0,0,,,0.0,2.0,16398,False,targets;fum_rec_td;ret_td,PFR+RULE2PT,19500917-NYG-PIT,False,ret_td;fum_rec_td,False,True,ret_td;fum_rec_td,
Elbie Nickel,1950,2,1950-09-24,False,PIT,DET,A,L,7,10,,4,67,1,0,0,0,0,0,0,0,,,12.7,16.7,16398,False,targets;fum_rec_td;ret_td,PFR+RULE2PT,19500924-PIT-DET,False,ret_td;fum_rec_td,False,True,ret_td;fum_rec_td,
Elbie Nickel,1950,3,1950-10-01,False,PIT,WAS,A,W,26,7,,4,0,1,0,0,0,0,0,0,0,,,6.0,10.0,16398,False,targets;fum_rec_td;ret_td,PFR+RULE2PT,19501001-PIT-WAS,False,ret_td;fum_rec_td,False,True,ret_td;fum_rec_td,
Elbie Nickel,1950,4,1950-10-07,False,PIT,CLE,H,L,17,30,,1,41,0,0,0,0,0,0,0,0,,,4.1,5.1,16398,False,targets;fum_rec_td;ret_td,PFR+RULE2PT,19501007-CLE-PIT,False,ret_td;fum_rec_td,False,True,ret_td;fum_rec_td,
Elbie Nickel,1950,5,1950-10-15,False,PIT,NYG,A,W,17,6,,1,58,1,0,0,0,0,0,0,0,,,11.8,12.8,16398,False,targets;fum_rec_td;ret_td,PFR+RULE2PT,19501015-PIT-NYG,False,ret_td;fum_rec_td,False,True,ret_td;fum_rec_td,
Elbie Nickel,1950,7,1950-10-29,False,PIT,CLE,A,L,7,45,,1,20,0,0,0,0,0,0,0,0,,,2.0,3.0,16398,False,targets;fum_rec_td;ret_td,PFR+RULE2PT,19501029-PIT-CLE,False,ret_td;fum_rec_td,False,True,ret_td;fum_rec_td,
Elbie Nickel,1950,8,1950-11-05,False,PIT,PHI,A,W,9,7,,1,10,0,0,0,0,0,0,0,0,,,1.0,2.0,16398,False,targets;fum_rec_td;ret_td,PFR+RULE2PT,19501105-PIT-PHI,False,ret_td;fum_rec_td,False,True,ret_td;fum_rec_td,
Elbie Nickel,1950,11,1950-12-03,False,PIT,WAS,H,L,7,24,,1,65,1,0,0,0,0,0,0,0,,,12.5,13.5,16398,False,targets;fum_rec_td;ret_td,PFR+RULE2PT,19501203-WAS-PIT,False,ret_td;fum_rec_td,False,True,ret_td;fum_rec_td,
Elbie Nickel,1950,12,1950-12-10,False,PIT,CRD,H,W,28,7,,0,0,0,0,0,0,0,0,0,0,,,0.0,0.0,16398,False,targets;fum_rec_td;ret_td,PFR+RULE2PT,19501210-CRD-PIT,False,ret_td;fum_rec_td,False,True,ret_td;fum_rec_td,
Elbie Nickel,1951,3,1951-10-14,False,PIT,SFO,H,L,24,28,,5,149,2,0,0,0,0,0,0,0,,,26.9,31.9,16398,False,targets;fum_rec_td;ret_td,PFR+RULE2PT,19511014-SFO-PIT,False,ret_td;fum_rec_td,False,True,ret_td;fum_rec_td,
Elbie Nickel,1951,4,1951-10-21,False,PIT,CLE,A,L,0,17,,2,17,0,0,0,0,0,0,0,0,,,1.7,3.7,16398,False,targets;fum_rec_td;ret_td,PFR+RULE2PT,19511021-PIT-CLE,False,ret_td;fum_rec_td,False,True,ret_td;fum_rec_td,
Elbie Nickel,1951,5,1951-10-28,False,PIT,CRD,A,W,28,14,,1,33,1,0,0,0,0,0,0,0,,,9.3,10.3,16398,False,targets;fum_rec_td;ret_td,PFR+RULE2PT,19511028-PIT-CRD,False,ret_td;fum_rec_td,False,True,ret_td;fum_rec_td,
Elbie Nickel,1951,8,1951-11-18,False,PIT,WAS,H,L,7,22,,2,20,0,0,0,0,0,0,0,0,,,2.0,4.0,16398,False,targets;fum_rec_td;ret_td,PFR+RULE2PT,19511118-WAS-PIT,False,ret_td;fum_rec_td,False,True,ret_td;fum_rec_td,
Elbie Nickel,1951,10,1951-12-02,False,PIT,NYG,A,L,0,14,,5,47,0,0,0,0,0,0,0,0,,,4.7,9.7,16398,False,targets;fum_rec_td;ret_td,PFR+RULE2PT,19511202-PIT-NYG,False,ret_td;fum_rec_td,False,True,ret_td;fum_rec_td,
Elbie Nickel,1951,11,1951-12-09,False,PIT,CLE,H,L,0,28,,6,80,0,0,0,0,0,0,0,0,,,8.0,14.0,16398,False,targets;fum_rec_td;ret_td,PFR+RULE2PT,19511209-CLE-PIT,False,ret_td;fum_rec_td,False,True,ret_td;fum_rec_td,
Elbie Nickel,1951,12,1951-12-16,False,PIT,WAS,A,W,20,10,,3,47,0,0,0,0,0,0,0,0,,,4.7,7.7,16398,False,targets;fum_rec_td;ret_td,PFR+RULE2PT,19511216-PIT-WAS,False,ret_td;fum_rec_td,False,True,ret_td;fum_rec_td,
Elbie Nickel,1952,2,1952-10-04,False,PIT,CLE,H,L,20,21,,4,65,2,0,0,0,0,0,0,0,,,18.5,22.5,16398,False,targets;fum_rec_td;ret_td,PFR+RULE2PT,19521004-CLE-PIT,False,ret_td;fum_rec_td,False,True,ret_td;fum_rec_td,
Elbie Nickel,1952,3,1952-10-12,False,PIT,PHI,A,L,21,26,,1,54,1,0,0,0,0,0,0,0,,,11.4,12.4,16398,False,targets;fum_rec_td;ret_td,PFR+RULE2PT,19521012-PIT-PHI,False,ret_td;fum_rec_td,False,True,ret_td;fum_rec_td,
Elbie Nickel,1952,4,1952-10-19,False,PIT,WAS,H,L,24,28,,4,82,2,0,0,0,0,0,0,0,,,20.2,24.2,16398,False,targets;fum_rec_td;ret_td,PFR+RULE2PT,19521019-WAS-PIT,False,ret_td;fum_rec_td,False,True,ret_td;fum_rec_td,
Elbie Nickel,1952,5,1952-10-26,False,PIT,CRD,A,W,34,28,,5,67,1,0,0,0,0,0,0,0,,,12.7,17.7,16398,False,targets;fum_rec_td;ret_td,PFR+RULE2PT,19521026-PIT-CRD,False,ret_td;fum_rec_td,False,True,ret_td;fum_rec_td,
Elbie Nickel,1952,6,1952-11-02,False,PIT,WAS,A,W,24,23,,3,65,0,0,0,0,0,0,0,0,,,6.5,9.5,16398,False,targets;fum_rec_td;ret_td,PFR+RULE2PT,19521102-PIT-WAS,False,ret_td;fum_rec_td,False,True,ret_td;fum_rec_td,
Elbie Nickel,1952,7,1952-11-09,False,PIT,DET,H,L,6,31,,4,37,0,0,0,0,0,0,0,0,,,3.7,7.7,16398,False,targets;fum_rec_td;ret_td,PFR+RULE2PT,19521109-DET-PIT,False,ret_td;fum_rec_td,False,True,ret_td;fum_rec_td,
Elbie Nickel,1952,8,1952-11-16,False,PIT,CLE,A,L,28,29,,9,120,1,0,0,0,0,0,0,0,,,18.0,27.0,16398,False,targets;fum_rec_td;ret_td,PFR+RULE2PT,19521116-PIT-CLE,False,ret_td;fum_rec_td,False,True,ret_td;fum_rec_td,
Elbie Nickel,1952,9,1952-11-23,False,PIT,CRD,H,W,17,14,,4,53,0,0,0,0,0,0,0,0,,,5.3,9.3,16398,False,targets;fum_rec_td;ret_td,PFR+RULE2PT,19521123-CRD-PIT,False,ret_td;fum_rec_td,False,True,ret_td;fum_rec_td,
Elbie Nickel,1952,10,1952-11-30,False,PIT,NYG,H,W,63,7,,2,33,1,0,0,0,0,0,0,0,,,9.3,11.3,16398,False,targets;fum_rec_td;ret_td,PFR+RULE2PT,19521130-NYG-PIT,False,ret_td;fum_rec_td,False,True,ret_td;fum_rec_td,
Elbie Nickel,1952,11,1952-12-07,False,PIT,SFO,A,W,24,7,,6,50,0,0,0,0,0,0,0,0,,,5.0,11.0,16398,False,targets;fum_rec_td;ret_td,PFR+RULE2PT,19521207-PIT-SFO,False,ret_td;fum_rec_td,False,True,ret_td;fum_rec_td,
Elbie Nickel,1952,12,1952-12-14,False,PIT,RAM,A,L,14,28,,10,202,1,0,0,0,0,0,0,0,,,26.2,36.2,16398,False,targets;fum_rec_td;ret_td,PFR+RULE2PT,19521214-PIT-RAM,False,ret_td;fum_rec_td,False,True,ret_td;fum_rec_td,
Elbie Nickel,1953,1,1953-09-27,False,PIT,DET,A,L,21,38,,6,107,2,0,0,0,0,0,0,0,,,22.7,28.7,16398,False,targets;fum_rec_td;ret_td,PFR+RULE2PT,19530927-PIT-DET,False,ret_td;fum_rec_td,False,True,ret_td;fum_rec_td,
Elbie Nickel,1953,2,1953-10-03,False,PIT,NYG,H,W,24,14,,5,41,1,0,0,0,0,0,0,0,,,10.1,15.1,16398,False,targets;fum_rec_td;ret_td,PFR+RULE2PT,19531003-NYG-PIT,False,ret_td;fum_rec_td,False,True,ret_td;fum_rec_td,
Elbie Nickel,1953,3,1953-10-11,False,PIT,CRD,H,W,31,28,,6,80,0,0,0,0,0,0,0,0,,,8.0,14.0,16398,False,targets;fum_rec_td;ret_td,PFR+RULE2PT,19531011-CRD-PIT,False,ret_td;fum_rec_td,False,True,ret_td;fum_rec_td,
Elbie Nickel,1953,4,1953-10-17,False,PIT,PHI,A,L,7,23,,5,64,0,0,0,0,0,0,0,0,,,6.4,11.4,16398,False,targets;fum_rec_td;ret_td,PFR+RULE2PT,19531017-PIT-PHI,False,ret_td;fum_rec_td,False,True,ret_td;fum_rec_td,
Elbie Nickel,1953,5,1953-10-24,False,PIT,GNB,H,W,31,14,,4,46,0,0,0,0,0,0,0,0,,,4.6,8.6,16398,False,targets;fum_rec_td;ret_td,PFR+RULE2PT,19531024-GNB-PIT,False,ret_td;fum_rec_td,False,True,ret_td;fum_rec_td,
Elbie Nickel,1953,6,1953-11-01,False,PIT,PHI,H,L,7,35,,8,84,0,0,0,0,0,0,0,0,,,8.4,16.4,16398,False,targets;fum_rec_td;ret_td,PFR+RULE2PT,19531101-PHI-PIT,False,ret_td;fum_rec_td,False,True,ret_td;fum_rec_td,
Elbie Nickel,1953,7,1953-11-08,False,PIT,CLE,A,L,16,34,,6,68,0,0,0,0,0,0,0,0,,,6.8,12.8,16398,False,targets;fum_rec_td;ret_td,PFR+RULE2PT,19531108-PIT-CLE,False,ret_td;fum_rec_td,False,True,ret_td;fum_rec_td,
Elbie Nickel,1953,8,1953-11-15,False,PIT,NYG,A,W,14,10,,2,19,0,0,0,0,0,0,0,0,,,1.9,3.9,16398,False,targets;fum_rec_td;ret_td,PFR+RULE2PT,19531115-PIT-NYG,False,ret_td;fum_rec_td,False,True,ret_td;fum_rec_td,
Elbie Nickel,1953,9,1953-11-22,False,PIT,CLE,H,L,16,20,,3,46,0,0,0,0,0,0,0,0,,,4.6,7.6,16398,False,targets;fum_rec_td;ret_td,PFR+RULE2PT,19531122-CLE-PIT,False,ret_td;fum_rec_td,False,True,ret_td;fum_rec_td,
Elbie Nickel,1953,10,1953-11-29,False,PIT,WAS,H,L,9,17,,8,92,0,0,0,0,0,0,0,0,,,9.2,17.2,16398,False,targets;fum_rec_td;ret_td,PFR+RULE2PT,19531129-WAS-PIT,False,ret_td;fum_rec_td,False,True,ret_td;fum_rec_td,
Elbie Nickel,1953,11,1953-12-06,False,PIT,CRD,A,W,21,17,,3,32,1,0,0,0,0,0,0,0,,,9.2,12.2,16398,False,targets;fum_rec_td;ret_td,PFR+RULE2PT,19531206-PIT-CRD,False,ret_td;fum_rec_td,False,True,ret_td;fum_rec_td,
Elbie Nickel,1953,12,1953-12-13,False,PIT,WAS,A,W,14,13,,6,64,0,0,0,0,0,0,0,0,,,6.4,12.4,16398,False,targets;fum_rec_td;ret_td,PFR+RULE2PT,19531213-PIT-WAS,False,ret_td;fum_rec_td,False,True,ret_td;fum_rec_td,
Elbie Nickel,1954,1,1954-09-26,False,PIT,GNB,A,W,21,20,,7,69,1,0,0,0,0,0,0,0,,,12.9,19.9,16398,False,targets;fum_rec_td;ret_td,PFR+RULE2PT,19540926-PIT-GNB,False,ret_td;fum_rec_td,False,True,ret_td;fum_rec_td,
Elbie Nickel,1954,2,1954-10-02,False,PIT,WAS,H,W,37,7,,4,71,1,0,0,0,0,0,0,0,,,13.1,17.1,16398,False,targets;fum_rec_td;ret_td,PFR+RULE2PT,19541002-WAS-PIT,False,ret_td;fum_rec_td,False,True,ret_td;fum_rec_td,
Elbie Nickel,1954,3,1954-10-09,False,PIT,PHI,A,L,22,24,,1,9,0,0,0,0,0,0,0,0,,,0.9,1.9,16398,False,targets;fum_rec_td;ret_td,PFR+RULE2PT,19541009-PIT-PHI,False,ret_td;fum_rec_td,False,True,ret_td;fum_rec_td,
Elbie Nickel,1954,4,1954-10-17,False,PIT,CLE,H,W,55,27,,2,47,0,0,0,0,0,0,0,0,,,4.7,6.7,16398,False,targets;fum_rec_td;ret_td,PFR+RULE2PT,19541017-CLE-PIT,False,ret_td;fum_rec_td,False,True,ret_td;fum_rec_td,
Elbie Nickel,1954,5,1954-10-23,False,PIT,PHI,H,W,17,7,,3,98,1,0,0,0,0,0,0,0,,,15.8,18.8,16398,False,targets;fum_rec_td;ret_td,PFR+RULE2PT,19541023-PHI-PIT,False,ret_td;fum_rec_td,False,True,ret_td;fum_rec_td,
Elbie Nickel,1954,6,1954-10-31,False,PIT,CRD,A,L,14,17,,6,74,1,0,0,0,0,0,0,0,,,13.4,19.4,16398,False,targets;fum_rec_td;ret_td,PFR+RULE2PT,19541031-PIT-CRD,False,ret_td;fum_rec_td,False,True,ret_td;fum_rec_td,
Elbie Nickel,1954,7,1954-11-07,False,PIT,NYG,H,L,6,30,,3,34,0,0,0,0,0,0,0,0,,,3.4,6.4,16398,False,targets;fum_rec_td;ret_td,PFR+RULE2PT,19541107-NYG-PIT,False,ret_td;fum_rec_td,False,True,ret_td;fum_rec_td,
Elbie Nickel,1954,8,1954-11-14,False,PIT,WAS,A,L,14,17,,6,74,1,0,0,0,0,0,0,0,,,13.4,19.4,16398,False,targets;fum_rec_td;ret_td,PFR+RULE2PT,19541114-PIT-WAS,False,ret_td;fum_rec_td,False,True,ret_td;fum_rec_td,
Elbie Nickel,1954,9,1954-11-20,False,PIT,SFO,H,L,3,31,,3,56,0,0,0,0,0,0,0,0,,,5.6,8.6,16398,False,targets;fum_rec_td;ret_td,PFR+RULE2PT,19541120-SFO-PIT,False,ret_td;fum_rec_td,False,True,ret_td;fum_rec_td,
Elbie Nickel,1954,10,1954-11-28,False,PIT,CRD,H,W,20,17,,3,25,0,0,0,0,0,0,0,0,,,2.5,5.5,16398,False,targets;fum_rec_td;ret_td,PFR+RULE2PT,19541128-CRD-PIT,False,ret_td;fum_rec_td,False,True,ret_td;fum_rec_td,
Elbie Nickel,1954,11,1954-12-05,False,PIT,NYG,A,L,3,24,,2,27,0,0,0,0,0,0,0,0,,,2.7,4.7,16398,False,targets;fum_rec_td;ret_td,PFR+RULE2PT,19541205-PIT-NYG,False,ret_td;fum_rec_td,False,True,ret_td;fum_rec_td,
Elbie Nickel,1955,1,1955-09-26,False,PIT,CRD,H,W,14,7,,4,51,0,0,0,0,0,0,0,0,,,5.1,9.1,16398,False,targets;fum_rec_td;ret_td,PFR+RULE2PT,19550926-CRD-PIT,False,ret_td;fum_rec_td,False,True,ret_td;fum_rec_td,
Elbie Nickel,1955,2,1955-10-02,False,PIT,RAM,A,L,26,27,,2,26,0,0,0,0,0,0,0,0,,,2.6,4.6,16398,False,targets;fum_rec_td;ret_td,PFR+RULE2PT,19551002-PIT-RAM,False,ret_td;fum_rec_td,False,True,ret_td;fum_rec_td,
Elbie Nickel,1955,3,1955-10-09,False,PIT,NYG,H,W,30,23,,2,61,0,0,0,0,0,0,0,0,,,6.1,8.1,16398,False,targets;fum_rec_td;ret_td,PFR+RULE2PT,19551009-NYG-PIT,False,ret_td;fum_rec_td,False,True,ret_td;fum_rec_td,
Elbie Nickel,1955,4,1955-10-15,False,PIT,PHI,H,W,13,7,,3,25,0,0,0,0,0,0,0,0,,,2.5,5.5,16398,False,targets;fum_rec_td;ret_td,PFR+RULE2PT,19551015-PHI-PIT,False,ret_td;fum_rec_td,False,True,ret_td;fum_rec_td,
Elbie Nickel,1955,5,1955-10-23,False,PIT,NYG,A,W,19,17,,3,30,0,0,0,0,0,0,0,0,,,3.0,6.0,16398,False,targets;fum_rec_td;ret_td,PFR+RULE2PT,19551023-PIT-NYG,False,ret_td;fum_rec_td,False,True,ret_td;fum_rec_td,
Elbie Nickel,1955,6,1955-10-30,False,PIT,PHI,A,L,0,24,,1,6,0,0,0,0,0,0,0,0,,,0.6,1.6,16398,False,targets;fum_rec_td;ret_td,PFR+RULE2PT,19551030-PIT-PHI,False,ret_td;fum_rec_td,False,True,ret_td;fum_rec_td,
Elbie Nickel,1955,7,1955-11-05,False,PIT,CRD,A,L,13,27,,5,35,0,0,0,0,0,0,0,0,,,3.5,8.5,16398,False,targets;fum_rec_td;ret_td,PFR+RULE2PT,19551105-PIT-CRD,False,ret_td;fum_rec_td,False,True,ret_td;fum_rec_td,
Elbie Nickel,1955,8,1955-11-13,False,PIT,DET,H,L,28,31,,5,55,0,0,0,0,0,0,0,0,,,5.5,10.5,16398,False,targets;fum_rec_td;ret_td,PFR+RULE2PT,19551113-DET-PIT,False,ret_td;fum_rec_td,False,True,ret_td;fum_rec_td,
Elbie Nickel,1955,9,1955-11-20,False,PIT,CLE,A,L,14,41,,4,76,2,0,0,0,0,0,0,0,,,19.6,23.6,16398,False,targets;fum_rec_td;ret_td,PFR+RULE2PT,19551120-PIT-CLE,False,ret_td;fum_rec_td,False,True,ret_td;fum_rec_td,
Elbie Nickel,1955,10,1955-11-27,False,PIT,WAS,H,L,14,23,,2,35,0,0,0,0,0,0,0,0,,,3.5,5.5,16398,False,targets;fum_rec_td;ret_td,PFR+RULE2PT,19551127-WAS-PIT,False,ret_td;fum_rec_td,False,True,ret_td;fum_rec_td,
Elbie Nickel,1955,12,1955-12-11,False,PIT,WAS,A,L,17,28,,5,88,0,0,0,0,0,0,0,0,,,8.8,13.8,16398,False,targets;fum_rec_td;ret_td,PFR+RULE2PT,19551211-PIT-WAS,False,ret_td;fum_rec_td,False,True,ret_td;fum_rec_td,
Elbie Nickel,1956,1,1956-09-30,False,PIT,WAS,H,W,30,13,,1,16,0,0,0,0,0,0,0,0,,,1.6,2.6,16398,False,targets;fum_rec_td;ret_td,PFR+RULE2PT,19560930-WAS-PIT,False,ret_td;fum_rec_td,False,True,ret_td;fum_rec_td,
Elbie Nickel,1956,2,1956-10-06,False,PIT,CLE,H,L,10,14,,1,6,0,0,0,0,0,0,0,0,,,0.6,1.6,16398,False,targets;fum_rec_td;ret_td,PFR+RULE2PT,19561006-CLE-PIT,False,ret_td;fum_rec_td,False,True,ret_td;fum_rec_td,
Elbie Nickel,1956,3,1956-10-14,False,PIT,PHI,H,L,21,35,,3,35,0,0,0,0,0,0,0,0,,,3.5,6.5,16398,False,targets;fum_rec_td;ret_td,PFR+RULE2PT,19561014-PHI-PIT,False,ret_td;fum_rec_td,False,True,ret_td;fum_rec_td,
Elbie Nickel,1956,4,1956-10-21,False,PIT,NYG,A,L,10,38,,3,33,1,0,0,0,0,0,0,0,,,9.3,12.3,16398,False,targets;fum_rec_td;ret_td,PFR+RULE2PT,19561021-PIT-NYG,False,ret_td;fum_rec_td,False,True,ret_td;fum_rec_td,
Elbie Nickel,1956,5,1956-10-28,False,PIT,CLE,A,W,24,16,,4,55,1,0,0,0,0,0,0,0,,,11.5,15.5,16398,False,targets;fum_rec_td;ret_td,PFR+RULE2PT,19561028-PIT-CLE,False,ret_td;fum_rec_td,False,True,ret_td;fum_rec_td,
Elbie Nickel,1956,6,1956-11-04,False,PIT,NYG,H,L,14,17,,5,51,0,0,0,0,0,0,0,0,,,5.1,10.1,16398,False,targets;fum_rec_td;ret_td,PFR+RULE2PT,19561104-NYG-PIT,False,ret_td;fum_rec_td,False,True,ret_td;fum_rec_td,
Elbie Nickel,1956,7,1956-11-11,False,PIT,PHI,A,L,7,14,,1,1,0,0,0,0,0,0,0,0,,,0.1,1.1,16398,False,targets;fum_rec_td;ret_td,PFR+RULE2PT,19561111-PIT-PHI,False,ret_td;fum_rec_td,False,True,ret_td;fum_rec_td,
Elbie Nickel,1956,9,1956-11-25,False,PIT,CRD,A,L,27,38,,3,44,1,0,0,0,0,0,0,0,,,10.4,13.4,16398,False,targets;fum_rec_td;ret_td,PFR+RULE2PT,19561125-PIT-CRD,False,ret_td;fum_rec_td,False,True,ret_td;fum_rec_td,
Elbie Nickel,1956,10,1956-12-02,False,PIT,RAM,H,W,30,13,,2,69,2,0,0,0,0,0,0,0,,,18.9,20.9,16398,False,targets;fum_rec_td;ret_td,PFR+RULE2PT,19561202-RAM-PIT,False,ret_td;fum_rec_td,False,True,ret_td;fum_rec_td,
Elbie Nickel,1956,11,1956-12-09,False,PIT,DET,A,L,7,45,,1,16,0,0,0,0,0,0,0,0,,,1.6,2.6,16398,False,targets;fum_rec_td;ret_td,PFR+RULE2PT,19561209-PIT-DET,False,ret_td;fum_rec_td,False,True,ret_td;fum_rec_td,
Elbie Nickel,1956,12,1956-12-16,False,PIT,WAS,A,W,23,0,,3,50,0,0,0,0,0,0,0,0,,,5.0,8.0,16398,False,targets;fum_rec_td;ret_td,PFR+RULE2PT,19561216-PIT-WAS,False,ret_td;fum_rec_td,False,True,ret_td;fum_rec_td,
Elbie Nickel,1957,1,1957-09-29,False,PIT,WAS,H,W,28,7,,2,19,0,0,0,0,0,0,0,0,,,1.9,3.9,16398,False,targets;fum_rec_td;ret_td,PFR+RULE2PT,19570929-WAS-PIT,False,ret_td;fum_rec_td,False,True,ret_td;fum_rec_td,
Elbie Nickel,1957,3,1957-10-13,False,PIT,CRD,H,W,29,20,,2,34,0,0,0,0,0,0,0,0,,,3.4,5.4,16398,False,targets;fum_rec_td;ret_td,PFR+RULE2PT,19571013-CRD-PIT,False,ret_td;fum_rec_td,False,True,ret_td;fum_rec_td,
Elbie Nickel,1957,10,1957-12-07,False,PIT,NYG,H,W,21,10,,1,5,1,0,0,0,0,0,0,0,,,6.5,7.5,16398,False,targets;fum_rec_td;ret_td,PFR+RULE2PT,19571207-NYG-PIT,False,ret_td;fum_rec_td,False,True,ret_td;fum_rec_td,
Elbie Nickel,1957,11,1957-12-15,False,PIT,WAS,A,L,3,10,,1,13,0,0,0,0,0,0,0,0,,,1.3,2.3,16398,False,targets;fum_rec_td;ret_td,PFR+RULE2PT,19571215-PIT-WAS,False,ret_td;fum_rec_td,False,True,ret_td;fum_rec_td,
Elbie Nickel,1957,12,1957-12-22,False,PIT,CRD,A,W,27,2,,4,44,0,0,0,0,0,0,0,0,,,4.4,8.4,16398,False,targets;fum_rec_td;ret_td,PFR+RULE2PT,19571222-PIT-CRD,False,ret_td;fum_rec_td,False,True,ret_td;fum_rec_td,
Jim Mutscheller,1954,12,1954-12-11,False,BAL,SFO,A,L,7,10,,1,49,0,0,0,0,0,0,0,0,,,4.9,5.9,16116,False,targets;fum_rec_td;ret_td,PFR+RULE2PT,19541211-BAL-SFO,False,ret_td;fum_rec_td,False,True,ret_td;fum_rec_td,
Jim Mutscheller,1955,1,1955-09-25,False,BAL,CHI,H,W,23,17,,1,12,0,0,0,0,0,0,0,0,,,1.2,2.2,16116,False,targets;fum_rec_td;ret_td,PFR+RULE2PT,19550925-CHI-BAL,False,ret_td;fum_rec_td,False,True,ret_td;fum_rec_td,
Jim Mutscheller,1955,2,1955-10-01,False,BAL,DET,H,W,28,13,,2,25,1,0,0,0,0,0,0,0,,,8.5,10.5,16116,False,targets;fum_rec_td;ret_td,PFR+RULE2PT,19551001-DET-BAL,False,ret_td;fum_rec_td,False,True,ret_td;fum_rec_td,
Jim Mutscheller,1955,3,1955-10-08,False,BAL,GNB,A,W,24,20,,3,62,1,0,0,0,0,0,0,0,,,12.2,15.2,16116,False,targets;fum_rec_td;ret_td,PFR+RULE2PT,19551008-BAL-GNB,False,ret_td;fum_rec_td,False,True,ret_td;fum_rec_td,
Jim Mutscheller,1955,5,1955-10-23,False,BAL,WAS,H,L,13,14,,2,21,0,0,0,0,0,0,0,0,,,2.1,4.1,16116,False,targets;fum_rec_td;ret_td,PFR+RULE2PT,19551023-WAS-BAL,False,ret_td;fum_rec_td,False,True,ret_td;fum_rec_td,
Jim Mutscheller,1955,6,1955-10-29,False,BAL,GNB,H,W,14,10,,1,20,0,0,0,0,0,0,0,0,,,2.0,3.0,16116,False,targets;fum_rec_td;ret_td,PFR+RULE2PT,19551029-GNB-BAL,False,ret_td;fum_rec_td,False,True,ret_td;fum_rec_td,
Jim Mutscheller,1955,7,1955-11-05,False,BAL,DET,A,L,14,24,,4,81,1,0,0,0,0,0,0,0,,,14.1,18.1,16116,False,targets;fum_rec_td;ret_td,PFR+RULE2PT,19551105-BAL-DET,False,ret_td;fum_rec_td,False,True,ret_td;fum_rec_td,
Jim Mutscheller,1955,8,1955-11-13,False,BAL,NYG,A,L,7,17,,5,60,1,0,0,0,0,0,0,0,,,12.0,17.0,16116,False,targets;fum_rec_td;ret_td,PFR+RULE2PT,19551113-BAL-NYG,False,ret_td;fum_rec_td,False,True,ret_td;fum_rec_td,
Jim Mutscheller,1955,9,1955-11-20,False,BAL,RAM,H,T,17,17,,4,68,1,0,0,0,0,0,0,0,,,12.8,16.8,16116,False,targets;fum_rec_td;ret_td,PFR+RULE2PT,19551120-RAM-BAL,False,ret_td;fum_rec_td,False,True,ret_td;fum_rec_td,
Jim Mutscheller,1955,10,1955-11-27,False,BAL,SFO,H,W,26,14,,2,32,1,0,0,0,0,0,0,0,,,9.2,11.2,16116,False,targets;fum_rec_td;ret_td,PFR+RULE2PT,19551127-SFO-BAL,False,ret_td;fum_rec_td,False,True,ret_td;fum_rec_td,
Jim Mutscheller,1955,11,1955-12-04,False,BAL,RAM,A,L,14,20,,5,52,0,0,0,0,0,0,0,0,,,5.2,10.2,16116,False,targets;fum_rec_td;ret_td,PFR+RULE2PT,19551204-BAL-RAM,False,ret_td;fum_rec_td,False,True,ret_td;fum_rec_td,
Jim Mutscheller,1955,12,1955-12-11,False,BAL,SFO,A,L,24,35,,4,85,1,0,0,0,0,0,0,0,,,14.5,18.5,16116,False,targets;fum_rec_td;ret_td,PFR+RULE2PT,19551211-BAL-SFO,False,ret_td;fum_rec_td,False,True,ret_td;fum_rec_td,
Jim Mutscheller,1956,1,1956-09-30,False,BAL,CHI,H,W,28,21,,4,70,0,0,0,0,0,0,0,0,,,7.0,11.0,16116,False,targets;fum_rec_td;ret_td,PFR+RULE2PT,19560930-CHI-BAL,False,ret_td;fum_rec_td,False,True,ret_td;fum_rec_td,
Jim Mutscheller,1956,3,1956-10-14,False,BAL,GNB,A,L,33,38,,3,32,0,0,0,0,0,0,0,0,,,3.2,6.2,16116,False,targets;fum_rec_td;ret_td,PFR+RULE2PT,19561014-BAL-GNB,False,ret_td;fum_rec_td,False,True,ret_td;fum_rec_td,
Jim Mutscheller,1956,4,1956-10-21,False,BAL,CHI,A,L,27,58,,5,109,1,0,0,0,0,0,0,0,,,16.9,21.9,16116,False,targets;fum_rec_td;ret_td,PFR+RULE2PT,19561021-BAL-CHI,False,ret_td;fum_rec_td,False,True,ret_td;fum_rec_td,
Jim Mutscheller,1956,5,1956-10-28,False,BAL,GNB,H,W,28,21,,2,18,1,0,0,0,0,0,0,0,,,7.8,9.8,16116,False,targets;fum_rec_td;ret_td,PFR+RULE2PT,19561028-GNB-BAL,False,ret_td;fum_rec_td,False,True,ret_td;fum_rec_td,
Jim Mutscheller,1956,6,1956-11-11,False,BAL,CLE,A,W,21,7,,2,7,0,0,0,0,0,0,0,0,,,0.7,2.7,16116,False,targets;fum_rec_td;ret_td,PFR+RULE2PT,19561111-BAL-CLE,False,ret_td;fum_rec_td,False,True,ret_td;fum_rec_td,
Jim Mutscheller,1956,7,1956-11-18,False,BAL,DET,A,L,3,27,,3,41,0,0,0,0,0,0,0,0,,,4.1,7.1,16116,False,targets;fum_rec_td;ret_td,PFR+RULE2PT,19561118-BAL-DET,False,ret_td;fum_rec_td,False,True,ret_td;fum_rec_td,
Jim Mutscheller,1956,8,1956-11-25,False,BAL,RAM,H,W,56,21,,5,112,2,0,0,0,0,0,0,0,,,23.2,28.2,16116,False,targets;fum_rec_td;ret_td,PFR+RULE2PT,19561125-RAM-BAL,False,ret_td;fum_rec_td,False,True,ret_td;fum_rec_td,
Jim Mutscheller,1956,9,1956-12-02,False,BAL,SFO,H,L,17,20,,6,74,0,0,0,0,0,0,0,0,,,7.4,13.4,16116,False,targets;fum_rec_td;ret_td,PFR+RULE2PT,19561202-SFO-BAL,False,ret_td;fum_rec_td,False,True,ret_td;fum_rec_td,
Jim Mutscheller,1956,10,1956-12-09,False,BAL,RAM,A,L,7,31,,4,62,1,0,0,0,0,0,0,0,,,12.2,16.2,16116,False,targets;fum_rec_td;ret_td,PFR+RULE2PT,19561209-BAL-RAM,False,ret_td;fum_rec_td,False,True,ret_td;fum_rec_td,
Jim Mutscheller,1956,11,1956-12-16,False,BAL,SFO,A,L,17,30,,4,62,0,0,0,0,0,0,0,0,,,6.2,10.2,16116,False,targets;fum_rec_td;ret_td,PFR+RULE2PT,19561216-BAL-SFO,False,ret_td;fum_rec_td,False,True,ret_td;fum_rec_td,
Jim Mutscheller,1956,12,1956-12-23,False,BAL,WAS,H,W,19,17,,6,128,1,0,0,0,0,0,0,0,,,18.8,24.8,16116,False,targets;fum_rec_td;ret_td,PFR+RULE2PT,19561223-WAS-BAL,False,ret_td;fum_rec_td,False,True,ret_td;fum_rec_td,
Jim Mutscheller,1957,1,1957-09-29,False,BAL,DET,H,W,34,14,,2,49,1,0,0,0,0,0,0,0,,,10.9,12.9,16116,False,targets;fum_rec_td;ret_td,PFR+RULE2PT,19570929-DET-BAL,False,ret_td;fum_rec_td,False,True,ret_td;fum_rec_td,
Jim Mutscheller,1957,2,1957-10-05,False,BAL,CHI,H,W,21,10,,5,46,1,0,0,0,0,0,0,0,,,10.6,15.6,16116,False,targets;fum_rec_td;ret_td,PFR+RULE2PT,19571005-CHI-BAL,False,ret_td;fum_rec_td,False,True,ret_td;fum_rec_td,
Jim Mutscheller,1957,3,1957-10-13,False,BAL,GNB,A,W,45,17,,5,80,3,0,0,0,0,0,0,0,,,26.0,31.0,16116,False,targets;fum_rec_td;ret_td,PFR+RULE2PT,19571013-BAL-GNB,False,ret_td;fum_rec_td,False,True,ret_td;fum_rec_td,
Jim Mutscheller,1957,4,1957-10-20,False,BAL,DET,A,L,27,31,,5,107,2,0,0,0,0,0,0,0,,,22.7,27.7,16116,False,targets;fum_rec_td;ret_td,PFR+RULE2PT,19571020-BAL-DET,False,ret_td;fum_rec_td,False,True,ret_td;fum_rec_td,
Jim Mutscheller,1957,5,1957-10-27,False,BAL,GNB,H,L,21,24,,3,59,0,0,0,0,0,0,0,0,,,5.9,8.9,16116,False,targets;fum_rec_td;ret_td,PFR+RULE2PT,19571027-GNB-BAL,False,ret_td;fum_rec_td,False,True,ret_td;fum_rec_td,
Jim Mutscheller,1957,6,1957-11-03,False,BAL,PIT,H,L,13,19,,1,15,0,0,0,0,0,0,0,0,,,1.5,2.5,16116,False,targets;fum_rec_td;ret_td,PFR+RULE2PT,19571103-PIT-BAL,False,ret_td;fum_rec_td,False,True,ret_td;fum_rec_td,
Jim Mutscheller,1957,7,1957-11-10,False,BAL,WAS,A,W,21,17,,1,1,0,0,0,0,0,0,0,0,,,0.1,1.1,16116,False,targets;fum_rec_td;ret_td,PFR+RULE2PT,19571110-BAL-WAS,False,ret_td;fum_rec_td,False,True,ret_td;fum_rec_td,
Jim Mutscheller,1957,8,1957-11-17,False,BAL,CHI,A,W,29,14,,1,66,1,0,0,0,0,0,0,0,,,12.6,13.6,16116,False,targets;fum_rec_td;ret_td,PFR+RULE2PT,19571117-BAL-CHI,False,ret_td;fum_rec_td,False,True,ret_td;fum_rec_td,
Jim Mutscheller,1957,10,1957-12-01,False,BAL,RAM,H,W,31,14,,4,60,0,0,0,0,0,0,0,0,,,6.0,10.0,16116,False,targets;fum_rec_td;ret_td,PFR+RULE2PT,19571201-RAM-BAL,False,ret_td;fum_rec_td,False,True,ret_td;fum_rec_td,
Jim Mutscheller,1957,11,1957-12-08,False,BAL,SFO,A,L,13,17,,5,75,0,0,0,0,0,0,0,0,,,7.5,12.5,16116,False,targets;fum_rec_td;ret_td,PFR+RULE2PT,19571208-BAL-SFO,False,ret_td;fum_rec_td,False,True,ret_td;fum_rec_td,
Jim Mutscheller,1958,1,1958-09-28,False,BAL,DET,H,W,28,15,,2,41,0,0,0,0,0,0,0,0,,,4.1,6.1,16116,False,targets;fum_rec_td;ret_td,PFR+RULE2PT,19580928-DET-BAL,False,ret_td;fum_rec_td,False,True,ret_td;fum_rec_td,
Jim Mutscheller,1958,2,1958-10-04,False,BAL,CHI,H,W,51,38,,2,8,1,0,0,0,0,0,0,0,,,6.8,8.8,16116,False,targets;fum_rec_td;ret_td,PFR+RULE2PT,19581004-CHI-BAL,False,ret_td;fum_rec_td,False,True,ret_td;fum_rec_td,
Jim Mutscheller,1958,3,1958-10-12,False,BAL,GNB,A,W,24,17,,3,68,1,0,0,0,0,0,0,0,,,12.8,15.8,16116,False,targets;fum_rec_td;ret_td,PFR+RULE2PT,19581012-BAL-GNB,False,ret_td;fum_rec_td,False,True,ret_td;fum_rec_td,
Jim Mutscheller,1958,4,1958-10-19,False,BAL,DET,A,W,40,14,,5,99,1,0,0,0,0,0,0,0,,,15.9,20.9,16116,False,targets;fum_rec_td;ret_td,PFR+RULE2PT,19581019-BAL-DET,False,ret_td;fum_rec_td,False,True,ret_td;fum_rec_td,
Jim Mutscheller,1958,6,1958-11-02,False,BAL,GNB,H,W,56,0,,1,17,1,0,0,0,0,0,0,0,,,7.7,8.7,16116,False,targets;fum_rec_td;ret_td,PFR+RULE2PT,19581102-GNB-BAL,False,ret_td;fum_rec_td,False,True,ret_td;fum_rec_td,
Jim Mutscheller,1958,7,1958-11-09,False,BAL,NYG,A,L,21,24,,1,9,0,0,0,0,0,0,0,0,,,0.9,1.9,16116,False,targets;fum_rec_td;ret_td,PFR+RULE2PT,19581109-BAL-NYG,False,ret_td;fum_rec_td,False,True,ret_td;fum_rec_td,
Jim Mutscheller,1958,8,1958-11-16,False,BAL,CHI,A,W,17,0,,3,54,0,0,0,0,0,0,0,0,,,5.4,8.4,16116,False,targets;fum_rec_td;ret_td,PFR+RULE2PT,19581116-BAL-CHI,False,ret_td;fum_rec_td,False,True,ret_td;fum_rec_td,
Jim Mutscheller,1958,9,1958-11-23,False,BAL,RAM,H,W,34,7,,2,17,1,0,0,0,0,0,0,0,,,7.7,9.7,16116,False,targets;fum_rec_td;ret_td,PFR+RULE2PT,19581123-RAM-BAL,False,ret_td;fum_rec_td,False,True,ret_td;fum_rec_td,
Jim Mutscheller,1958,10,1958-11-30,False,BAL,SFO,H,W,35,27,,3,77,0,0,0,0,0,0,0,0,,,7.7,10.7,16116,False,targets;fum_rec_td;ret_td,PFR+RULE2PT,19581130-SFO-BAL,False,ret_td;fum_rec_td,False,True,ret_td;fum_rec_td,
Jim Mutscheller,1958,11,1958-12-06,False,BAL,RAM,A,L,28,30,,3,47,1,0,0,0,0,0,0,0,,,10.7,13.7,16116,False,targets;fum_rec_td;ret_td,PFR+RULE2PT,19581206-BAL-RAM,False,ret_td;fum_rec_td,False,True,ret_td;fum_rec_td,
Jim Mutscheller,1958,12,1958-12-14,False,BAL,SFO,A,L,12,21,,3,67,1,0,0,0,0,0,0,0,,,12.7,15.7,16116,False,targets;fum_rec_td;ret_td,PFR+RULE2PT,19581214-BAL-SFO,False,ret_td;fum_rec_td,False,True,ret_td;fum_rec_td,
Jim Mutscheller,1958,13,1958-12-28,True,BAL,NYG,A,W,23,17,,3,46,0,0,0,0,0,0,0,0,,,4.6,7.6,16116,False,targets;fum_rec_td;ret_td,PFR+RULE2PT,19581228-BAL-NYG,False,ret_td;fum_rec_td,False,True,ret_td;fum_rec_td,
Jim Mutscheller,1959,1,1959-09-27,False,BAL,DET,H,W,21,9,,4,89,1,0,0,0,0,0,0,0,,,14.9,18.9,16116,False,targets;fum_rec_td;ret_td,PFR+RULE2PT,19590927-DET-BAL,False,ret_td;fum_rec_td,False,True,ret_td;fum_rec_td,
Jim Mutscheller,1959,2,1959-10-03,False,BAL,CHI,H,L,21,26,,3,32,2,0,0,0,0,0,0,0,,,15.2,18.2,16116,False,targets;fum_rec_td;ret_td,PFR+RULE2PT,19591003-CHI-BAL,False,ret_td;fum_rec_td,False,True,ret_td;fum_rec_td,
Jim Mutscheller,1959,3,1959-10-11,False,BAL,DET,A,W,31,24,,3,64,1,0,0,0,0,0,0,0,,,12.4,15.4,16116,False,targets;fum_rec_td;ret_td,PFR+RULE2PT,19591011-BAL-DET,False,ret_td;fum_rec_td,False,True,ret_td;fum_rec_td,
Jim Mutscheller,1959,4,1959-10-18,False,BAL,CHI,A,W,21,7,,5,70,0,0,0,0,0,0,0,0,,,7.0,12.0,16116,False,targets;fum_rec_td;ret_td,PFR+RULE2PT,19591018-BAL-CHI,False,ret_td;fum_rec_td,False,True,ret_td;fum_rec_td,
Jim Mutscheller,1959,5,1959-10-25,False,BAL,GNB,H,W,38,21,,2,25,0,0,0,0,0,0,0,0,,,2.5,4.5,16116,False,targets;fum_rec_td;ret_td,PFR+RULE2PT,19591025-GNB-BAL,False,ret_td;fum_rec_td,False,True,ret_td;fum_rec_td,
Jim Mutscheller,1959,6,1959-11-01,False,BAL,CLE,H,L,31,38,,4,84,1,0,0,0,0,0,0,0,,,14.4,18.4,16116,False,targets;fum_rec_td;ret_td,PFR+RULE2PT,19591101-CLE-BAL,False,ret_td;fum_rec_td,False,True,ret_td;fum_rec_td,
Jim Mutscheller,1959,7,1959-11-08,False,BAL,WAS,A,L,24,27,,6,103,2,0,0,0,0,0,0,0,,,22.3,28.3,16116,False,targets;fum_rec_td;ret_td,PFR+RULE2PT,19591108-BAL-WAS,False,ret_td;fum_rec_td,False,True,ret_td;fum_rec_td,
Jim Mutscheller,1959,8,1959-11-15,False,BAL,GNB,A,W,28,24,,6,97,1,0,0,0,0,0,0,0,,,15.7,21.7,16116,False,targets;fum_rec_td;ret_td,PFR+RULE2PT,19591115-BAL-GNB,False,ret_td;fum_rec_td,False,True,ret_td;fum_rec_td,
Jim Mutscheller,1959,9,1959-11-22,False,BAL,SFO,H,W,45,14,,1,9,0,0,0,0,0,0,0,0,,,0.9,1.9,16116,False,targets;fum_rec_td;ret_td,PFR+RULE2PT,19591122-SFO-BAL,False,ret_td;fum_rec_td,False,True,ret_td;fum_rec_td,
Jim Mutscheller,1959,10,1959-11-29,False,BAL,RAM,H,W,35,21,,1,15,0,0,0,0,0,0,0,0,,,1.5,2.5,16116,False,targets;fum_rec_td;ret_td,PFR+RULE2PT,19591129-RAM-BAL,False,ret_td;fum_rec_td,False,True,ret_td;fum_rec_td,
Jim Mutscheller,1959,11,1959-12-05,False,BAL,SFO,A,W,34,14,,6,75,0,0,0,0,0,0,0,0,,,7.5,13.5,16116,False,targets;fum_rec_td;ret_td,PFR+RULE2PT,19591205-BAL-SFO,False,ret_td;fum_rec_td,False,True,ret_td;fum_rec_td,
Jim Mutscheller,1959,12,1959-12-12,False,BAL,RAM,A,W,45,26,,3,36,0,0,0,0,0,0,0,0,,,3.6,6.6,16116,False,targets;fum_rec_td;ret_td,PFR+RULE2PT,19591212-BAL-RAM,False,ret_td;fum_rec_td,False,True,ret_td;fum_rec_td,
Jim Mutscheller,1959,13,1959-12-27,True,BAL,NYG,H,W,31,16,,5,40,0,0,0,0,0,0,0,0,,,4.0,9.0,16116,False,targets;fum_rec_td;ret_td,PFR+RULE2PT,19591227-NYG-BAL,False,ret_td;fum_rec_td,False,True,ret_td;fum_rec_td,
Bob Boyd,1950,6,1950-10-22,False,RAM,BAL,H,W,70,27,,2,70,2,0,0,0,0,0,0,0,,,19.0,21.0,2138,False,targets;fum_rec_td;ret_td,PFR+RULE2PT,19501022-BAL-RAM,False,ret_td;fum_rec_td,False,True,ret_td;fum_rec_td,
Bob Boyd,1950,7,1950-10-29,False,RAM,DET,H,W,65,24,,2,40,1,0,0,0,0,0,0,0,,,10.0,12.0,2138,False,targets;fum_rec_td;ret_td,PFR+RULE2PT,19501029-DET-RAM,False,ret_td;fum_rec_td,False,True,ret_td;fum_rec_td,
Bob Boyd,1950,8,1950-11-05,False,RAM,SFO,H,W,28,21,,1,72,1,0,0,0,0,0,0,0,,,13.2,14.2,2138,False,targets;fum_rec_td;ret_td,PFR+RULE2PT,19501105-SFO-RAM,False,ret_td;fum_rec_td,False,True,ret_td;fum_rec_td,
Bob Boyd,1950,9,1950-11-12,False,RAM,GNB,A,W,45,14,,2,17,0,1,-2,0,0,0,0,0,,,1.5,3.5,2138,False,targets;fum_rec_td;ret_td,PFR+RULE2PT,19501112-RAM-GNB,False,ret_td;fum_rec_td,False,True,ret_td;fum_rec_td,
Bob Boyd,1950,11,1950-11-26,False,RAM,CHI,A,L,14,24,,1,8,0,0,0,0,0,0,0,0,,,0.8,1.8,2138,False,targets;fum_rec_td;ret_td,PFR+RULE2PT,19501126-RAM-CHI,False,ret_td;fum_rec_td,False,True,ret_td;fum_rec_td,
Bob Boyd,1950,12,1950-12-03,False,RAM,GNB,H,W,51,14,,1,13,0,0,0,0,0,0,0,0,,,1.3,2.3,2138,False,targets;fum_rec_td;ret_td,PFR+RULE2PT,19501203-GNB-RAM,False,ret_td;fum_rec_td,False,True,ret_td;fum_rec_td,
Bob Boyd,1950,13,1950-12-17,True,RAM,CHI,H,W,24,14,,1,-4,0,0,0,0,0,0,0,0,,,-0.4,0.6,2138,False,targets;fum_rec_td;ret_td,PFR+RULE2PT,19501217-CHI-RAM,False,ret_td;fum_rec_td,False,True,ret_td;fum_rec_td,
Bob Boyd,1950,14,1950-12-24,True,RAM,CLE,A,L,28,30,,0,0,0,0,0,0,0,0,0,0,,,0.0,0.0,2138,False,targets;fum_rec_td;ret_td,PFR+RULE2PT,19501224-RAM-CLE,False,ret_td;fum_rec_td,False,True,ret_td;fum_rec_td,
Bob Boyd,1951,1,1951-09-28,False,RAM,NYY,H,W,54,14,,1,14,0,0,0,0,0,0,0,0,,,1.4,2.4,2138,False,targets;fum_rec_td;ret_td,PFR+RULE2PT,19510928-NYY-RAM,False,ret_td;fum_rec_td,False,True,ret_td;fum_rec_td,
Bob Boyd,1951,4,1951-10-21,False,RAM,GNB,A,W,28,0,,2,8,0,0,0,0,0,0,0,0,,,0.8,2.8,2138,False,targets;fum_rec_td;ret_td,PFR+RULE2PT,19511021-RAM-GNB,False,ret_td;fum_rec_td,False,True,ret_td;fum_rec_td,
Bob Boyd,1951,5,1951-10-28,False,RAM,SFO,A,L,17,44,,1,16,0,0,0,0,0,0,0,0,,,1.6,2.6,2138,False,targets;fum_rec_td;ret_td,PFR+RULE2PT,19511028-RAM-SFO,False,ret_td;fum_rec_td,False,True,ret_td;fum_rec_td,
Bob Boyd,1951,7,1951-11-11,False,RAM,CRD,H,W,45,21,,1,14,0,0,0,0,0,0,0,0,,,1.4,2.4,2138,False,targets;fum_rec_td;ret_td,PFR+RULE2PT,19511111-CRD-RAM,False,ret_td;fum_rec_td,False,True,ret_td;fum_rec_td,
Bob Boyd,1951,8,1951-11-18,False,RAM,NYY,H,W,48,21,,2,21,0,0,0,0,0,0,0,0,,,2.1,4.1,2138,False,targets;fum_rec_td;ret_td,PFR+RULE2PT,19511118-NYY-RAM,False,ret_td;fum_rec_td,False,True,ret_td;fum_rec_td,
Bob Boyd,1951,9,1951-11-25,False,RAM,WAS,A,L,21,31,,2,55,1,0,0,0,0,0,0,0,,,11.5,13.5,2138,False,targets;fum_rec_td;ret_td,PFR+RULE2PT,19511125-RAM-WAS,False,ret_td;fum_rec_td,False,True,ret_td;fum_rec_td,
Bob Boyd,1951,13,1951-12-23,True,RAM,CLE,H,W,24,17,,0,0,0,0,0,0,0,0,0,0,,,0.0,0.0,2138,False,targets;fum_rec_td;ret_td,PFR+RULE2PT,19511223-CLE-RAM,False,ret_td;fum_rec_td,False,True,ret_td;fum_rec_td,
Bob Boyd,1953,1,1953-09-27,False,RAM,NYG,H,W,21,7,,2,36,0,0,0,0,0,0,0,0,,,3.6,5.6,2138,False,targets;fum_rec_td;ret_td,PFR+RULE2PT,19530927-NYG-RAM,False,ret_td;fum_rec_td,False,True,ret_td;fum_rec_td,
Bob Boyd,1953,2,1953-10-04,False,RAM,SFO,A,L,30,31,,4,107,1,0,0,0,0,0,0,0,,,16.7,20.7,2138,False,targets;fum_rec_td;ret_td,PFR+RULE2PT,19531004-RAM-SFO,False,ret_td;fum_rec_td,False,True,ret_td;fum_rec_td,
Bob Boyd,1953,3,1953-10-11,False,RAM,GNB,A,W,38,20,,2,24,0,0,0,0,0,0,0,0,,,2.4,4.4,2138,False,targets;fum_rec_td;ret_td,PFR+RULE2PT,19531011-RAM-GNB,False,ret_td;fum_rec_td,False,True,ret_td;fum_rec_td,
Bob Boyd,1953,4,1953-10-18,False,RAM,DET,A,W,31,19,,2,50,1,0,0,0,0,0,0,0,,,11.0,13.0,2138,False,targets;fum_rec_td;ret_td,PFR+RULE2PT,19531018-RAM-DET,False,ret_td;fum_rec_td,False,True,ret_td;fum_rec_td,
Bob Boyd,1953,5,1953-10-25,False,RAM,CHI,H,W,38,24,,4,130,2,0,0,0,0,0,0,0,,,25.0,29.0,2138,False,targets;fum_rec_td;ret_td,PFR+RULE2PT,19531025-CHI-RAM,False,ret_td;fum_rec_td,False,True,ret_td;fum_rec_td,
Bob Boyd,1953,6,1953-11-01,False,RAM,DET,H,W,37,24,,3,30,0,0,0,0,0,0,0,0,,,3.0,6.0,2138,False,targets;fum_rec_td;ret_td,PFR+RULE2PT,19531101-DET-RAM,False,ret_td;fum_rec_td,False,True,ret_td;fum_rec_td,
Bob Boyd,1953,7,1953-11-08,False,RAM,SFO,H,L,27,31,,1,5,0,0,0,0,0,0,0,0,,,0.5,1.5,2138,False,targets;fum_rec_td;ret_td,PFR+RULE2PT,19531108-SFO-RAM,False,ret_td;fum_rec_td,False,True,ret_td;fum_rec_td,
Bob Boyd,1953,8,1953-11-15,False,RAM,CRD,A,T,24,24,,2,19,0,0,0,0,0,0,0,0,,,1.9,3.9,2138,False,targets;fum_rec_td;ret_td,PFR+RULE2PT,19531115-RAM-CRD,False,ret_td;fum_rec_td,False,True,ret_td;fum_rec_td,
Bob Boyd,1953,9,1953-11-22,False,RAM,BAL,A,W,21,13,,2,63,0,0,0,0,0,0,0,0,,,6.3,8.3,2138,False,targets;fum_rec_td;ret_td,PFR+RULE2PT,19531122-RAM-BAL,False,ret_td;fum_rec_td,False,True,ret_td;fum_rec_td,
Bob Boyd,1953,10,1953-11-29,False,RAM,CHI,A,L,21,24,,1,38,0,0,0,0,0,0,0,0,,,3.8,4.8,2138,False,targets;fum_rec_td;ret_td,PFR+RULE2PT,19531129-RAM-CHI,False,ret_td;fum_rec_td,False,True,ret_td;fum_rec_td,
Bob Boyd,1953,11,1953-12-05,False,RAM,BAL,H,W,45,2,,1,46,0,0,0,0,0,0,0,0,,,4.6,5.6,2138,False,targets;fum_rec_td;ret_td,PFR+RULE2PT,19531205-BAL-RAM,False,ret_td;fum_rec_td,False,True,ret_td;fum_rec_td,
Bob Boyd,1954,1,1954-09-26,False,RAM,BAL,A,W,48,0,,4,121,0,0,0,0,0,0,0,0,,,12.1,16.1,2138,False,targets;fum_rec_td;ret_td,PFR+RULE2PT,19540926-RAM-BAL,False,ret_td;fum_rec_td,False,True,ret_td;fum_rec_td,
Bob Boyd,1954,2,1954-10-03,False,RAM,SFO,H,T,24,24,,5,157,1,0,0,0,0,0,0,0,,,21.7,26.7,2138,False,targets;fum_rec_td;ret_td,PFR+RULE2PT,19541003-SFO-RAM,False,ret_td;fum_rec_td,False,True,ret_td;fum_rec_td,
Bob Boyd,1954,3,1954-10-10,False,RAM,DET,A,L,3,21,,8,128,0,0,0,0,0,0,0,0,,,12.8,20.8,2138,False,targets;fum_rec_td;ret_td,PFR+RULE2PT,19541010-RAM-DET,False,ret_td;fum_rec_td,False,True,ret_td;fum_rec_td,
Bob Boyd,1954,4,1954-10-17,False,RAM,GNB,A,L,17,35,,3,149,1,0,0,0,0,0,0,0,,,20.9,23.9,2138,False,targets;fum_rec_td;ret_td,PFR+RULE2PT,19541017-RAM-GNB,False,ret_td;fum_rec_td,False,True,ret_td;fum_rec_td,
Bob Boyd,1954,5,1954-10-24,False,RAM,CHI,H,W,42,38,,8,131,0,0,0,0,0,0,0,0,,,13.1,21.1,2138,False,targets;fum_rec_td;ret_td,PFR+RULE2PT,19541024-CHI-RAM,False,ret_td;fum_rec_td,False,True,ret_td;fum_rec_td,
Bob Boyd,1954,6,1954-10-31,False,RAM,DET,H,L,24,27,,1,32,0,0,0,0,0,0,0,0,,,3.2,4.2,2138,False,targets;fum_rec_td;ret_td,PFR+RULE2PT,19541031-DET-RAM,False,ret_td;fum_rec_td,False,True,ret_td;fum_rec_td,
Bob Boyd,1954,7,1954-11-07,False,RAM,SFO,A,W,42,34,,5,49,1,0,0,0,0,0,0,0,,,10.9,15.9,2138,False,targets;fum_rec_td;ret_td,PFR+RULE2PT,19541107-RAM-SFO,False,ret_td;fum_rec_td,False,True,ret_td;fum_rec_td,
Bob Boyd,1954,8,1954-11-14,False,RAM,CRD,H,W,28,17,,3,59,1,0,0,0,0,0,0,0,,,11.9,14.9,2138,False,targets;fum_rec_td;ret_td,PFR+RULE2PT,19541114-CRD-RAM,False,ret_td;fum_rec_td,False,True,ret_td;fum_rec_td,
Bob Boyd,1954,9,1954-11-21,False,RAM,NYG,A,W,17,16,,5,103,0,0,0,0,0,0,0,0,,,10.3,15.3,2138,False,targets;fum_rec_td;ret_td,PFR+RULE2PT,19541121-RAM-NYG,False,ret_td;fum_rec_td,False,True,ret_td;fum_rec_td,
Bob Boyd,1954,10,1954-11-28,False,RAM,CHI,A,L,13,24,,2,94,1,0,0,0,0,0,0,0,,,15.4,17.4,2138,False,targets;fum_rec_td;ret_td,PFR+RULE2PT,19541128-RAM-CHI,False,ret_td;fum_rec_td,False,True,ret_td;fum_rec_td,
Bob Boyd,1954,11,1954-12-04,False,RAM,BAL,H,L,21,22,,5,83,1,0,0,0,0,0,0,0,,,14.3,19.3,2138,False,targets;fum_rec_td;ret_td,PFR+RULE2PT,19541204-BAL-RAM,False,ret_td;fum_rec_td,False,True,ret_td;fum_rec_td,
Bob Boyd,1954,12,1954-12-12,False,RAM,GNB,H,W,35,27,,4,106,0,0,0,0,0,0,0,0,,,10.6,14.6,2138,False,targets;fum_rec_td;ret_td,PFR+RULE2PT,19541212-GNB-RAM,False,ret_td;fum_rec_td,False,True,ret_td;fum_rec_td,
Bob Boyd,1955,1,1955-09-25,False,RAM,SFO,A,W,23,14,,3,39,0,0,0,0,0,0,0,0,,,3.9,6.9,2138,False,targets;fum_rec_td;ret_td,PFR+RULE2PT,19550925-RAM-SFO,False,ret_td;fum_rec_td,False,True,ret_td;fum_rec_td,
Bob Boyd,1955,2,1955-10-02,False,RAM,PIT,H,W,27,26,,3,114,1,0,0,0,0,0,0,0,,,17.4,20.4,2138,False,targets;fum_rec_td;ret_td,PFR+RULE2PT,19551002-PIT-RAM,False,ret_td;fum_rec_td,False,True,ret_td;fum_rec_td,
Bob Boyd,1955,3,1955-10-09,False,RAM,DET,A,W,17,10,,2,24,1,0,0,0,0,0,0,0,,,8.4,10.4,2138,False,targets;fum_rec_td;ret_td,PFR+RULE2PT,19551009-RAM-DET,False,ret_td;fum_rec_td,False,True,ret_td;fum_rec_td,
Bob Boyd,1955,4,1955-10-16,False,RAM,GNB,A,L,28,30,,4,53,0,0,0,0,0,0,0,0,,,5.3,9.3,2138,False,targets;fum_rec_td;ret_td,PFR+RULE2PT,19551016-RAM-GNB,False,ret_td;fum_rec_td,False,True,ret_td;fum_rec_td,
Bob Boyd,1955,5,1955-10-23,False,RAM,DET,H,W,24,13,,7,111,1,0,0,0,0,0,0,0,,,17.1,24.1,2138,False,targets;fum_rec_td;ret_td,PFR+RULE2PT,19551023-DET-RAM,False,ret_td;fum_rec_td,False,True,ret_td;fum_rec_td,
Bob Boyd,1955,6,1955-10-30,False,RAM,CHI,H,L,20,31,,2,28,0,0,0,0,0,0,0,0,,,2.8,4.8,2138,False,targets;fum_rec_td;ret_td,PFR+RULE2PT,19551030-CHI-RAM,False,ret_td;fum_rec_td,False,True,ret_td;fum_rec_td,
Bob Boyd,1955,12,1955-12-11,False,RAM,GNB,H,W,31,17,,1,14,0,0,0,0,0,0,0,0,,,1.4,2.4,2138,False,targets;fum_rec_td;ret_td,PFR+RULE2PT,19551211-GNB-RAM,False,ret_td;fum_rec_td,False,True,ret_td;fum_rec_td,
Bob Boyd,1955,13,1955-12-26,True,RAM,CLE,H,L,14,38,,0,0,0,0,0,0,0,0,0,0,,,0.0,0.0,2138,False,targets;fum_rec_td;ret_td,PFR+RULE2PT,19551226-CLE-RAM,False,ret_td;fum_rec_td,False,True,ret_td;fum_rec_td,
Bob Boyd,1956,2,1956-10-07,False,RAM,SFO,A,L,30,33,,7,119,1,0,0,0,0,0,0,0,,,17.9,24.9,2138,False,targets;fum_rec_td;ret_td,PFR+RULE2PT,19561007-RAM-SFO,False,ret_td;fum_rec_td,False,True,ret_td;fum_rec_td,
Bob Boyd,1956,3,1956-10-14,False,RAM,DET,A,L,21,24,,1,17,0,0,0,0,0,0,0,0,,,1.7,2.7,2138,False,targets;fum_rec_td;ret_td,PFR+RULE2PT,19561014-RAM-DET,False,ret_td;fum_rec_td,False,True,ret_td;fum_rec_td,
Bob Boyd,1956,5,1956-10-28,False,RAM,DET,H,L,7,16,,1,9,0,0,0,0,0,0,0,0,,,0.9,1.9,2138,False,targets;fum_rec_td;ret_td,PFR+RULE2PT,19561028-DET-RAM,False,ret_td;fum_rec_td,False,True,ret_td;fum_rec_td,
Bob Boyd,1956,6,1956-11-04,False,RAM,CHI,H,L,24,35,,1,12,0,0,0,0,0,0,0,0,,,1.2,2.2,2138,False,targets;fum_rec_td;ret_td,PFR+RULE2PT,19561104-CHI-RAM,False,ret_td;fum_rec_td,False,True,ret_td;fum_rec_td,
Bob Boyd,1956,7,1956-11-11,False,RAM,SFO,H,W,30,6,,1,4,1,0,0,0,0,0,0,0,,,6.4,7.4,2138,False,targets;fum_rec_td;ret_td,PFR+RULE2PT,19561111-SFO-RAM,False,ret_td;fum_rec_td,False,True,ret_td;fum_rec_td,
Bob Boyd,1956,8,1956-11-18,False,RAM,CHI,A,L,21,30,,1,25,0,0,0,0,0,0,0,0,,,2.5,3.5,2138,False,targets;fum_rec_td;ret_td,PFR+RULE2PT,19561118-RAM-CHI,False,ret_td;fum_rec_td,False,True,ret_td;fum_rec_td,
Bob Boyd,1956,9,1956-11-25,False,RAM,BAL,A,L,21,56,,6,117,2,0,0,0,0,0,0,0,,,23.7,29.7,2138,False,targets;fum_rec_td;ret_td,PFR+RULE2PT,19561125-RAM-BAL,False,ret_td;fum_rec_td,False,True,ret_td;fum_rec_td,
Bob Boyd,1956,10,1956-12-02,False,RAM,PIT,A,L,13,30,,4,93,1,0,0,0,0,0,0,0,,,15.3,19.3,2138,False,targets;fum_rec_td;ret_td,PFR+RULE2PT,19561202-RAM-PIT,False,ret_td;fum_rec_td,False,True,ret_td;fum_rec_td,
Bob Boyd,1956,11,1956-12-09,False,RAM,BAL,H,W,31,7,,4,44,0,0,0,0,0,0,0,0,,,4.4,8.4,2138,False,targets;fum_rec_td;ret_td,PFR+RULE2PT,19561209-BAL-RAM,False,ret_td;fum_rec_td,False,True,ret_td;fum_rec_td,
Bob Boyd,1956,12,1956-12-16,False,RAM,GNB,H,W,49,21,,4,146,2,1,-7,0,0,0,0,0,,,25.9,29.9,2138,False,targets;fum_rec_td;ret_td,PFR+RULE2PT,19561216-GNB-RAM,False,ret_td;fum_rec_td,False,True,ret_td;fum_rec_td,
Bob Boyd,1957,1,1957-09-29,False,RAM,PHI,H,W,17,13,,1,22,0,0,0,0,0,0,0,0,,,2.2,3.2,2138,False,targets;fum_rec_td;ret_td,PFR+RULE2PT,19570929-PHI-RAM,False,ret_td;fum_rec_td,False,True,ret_td;fum_rec_td,
Bob Boyd,1957,2,1957-10-06,False,RAM,SFO,A,L,20,23,,1,26,0,0,0,0,0,0,0,0,,,2.6,3.6,2138,False,targets;fum_rec_td;ret_td,PFR+RULE2PT,19571006-RAM-SFO,False,ret_td;fum_rec_td,False,True,ret_td;fum_rec_td,
Bob Boyd,1957,3,1957-10-13,False,RAM,DET,A,L,7,10,,1,10,0,0,0,0,0,0,0,0,,,1.0,2.0,2138,False,targets;fum_rec_td;ret_td,PFR+RULE2PT,19571013-RAM-DET,False,ret_td;fum_rec_td,False,True,ret_td;fum_rec_td,
Bob Boyd,1957,4,1957-10-20,False,RAM,CHI,A,L,26,34,,4,49,0,0,0,0,0,0,0,0,,,4.9,8.9,2138,False,targets;fum_rec_td;ret_td,PFR+RULE2PT,19571020-RAM-CHI,False,ret_td;fum_rec_td,False,True,ret_td;fum_rec_td,
Bob Boyd,1957,6,1957-11-03,False,RAM,CHI,H,L,10,16,,2,25,0,0,0,0,0,0,0,0,,,2.5,4.5,2138,False,targets;fum_rec_td;ret_td,PFR+RULE2PT,19571103-CHI-RAM,False,ret_td;fum_rec_td,False,True,ret_td;fum_rec_td,
Bob Boyd,1957,7,1957-11-10,False,RAM,SFO,H,W,37,24,,5,117,2,0,0,0,0,0,0,0,,,23.7,28.7,2138,False,targets;fum_rec_td;ret_td,PFR+RULE2PT,19571110-SFO-RAM,False,ret_td;fum_rec_td,False,True,ret_td;fum_rec_td,
Bob Boyd,1957,8,1957-11-17,False,RAM,GNB,A,W,31,27,,4,87,1,0,0,0,0,0,0,0,,,14.7,18.7,2138,False,targets;fum_rec_td;ret_td,PFR+RULE2PT,19571117-RAM-GNB,False,ret_td;fum_rec_td,False,True,ret_td;fum_rec_td,
Bob Boyd,1957,9,1957-11-24,False,RAM,CLE,A,L,31,45,,4,86,0,0,0,0,0,0,0,0,,,8.6,12.6,2138,False,targets;fum_rec_td;ret_td,PFR+RULE2PT,19571124-RAM-CLE,False,ret_td;fum_rec_td,False,True,ret_td;fum_rec_td,
Bob Boyd,1957,11,1957-12-08,False,RAM,GNB,H,W,42,17,,2,21,0,0,0,0,0,0,0,0,,,2.1,4.1,2138,False,targets;fum_rec_td;ret_td,PFR+RULE2PT,19571208-GNB-RAM,False,ret_td;fum_rec_td,False,True,ret_td;fum_rec_td,
Bob Boyd,1957,12,1957-12-15,False,RAM,BAL,H,W,37,21,,5,91,0,0,0,0,0,0,0,0,,,9.1,14.1,2138,False,targets;fum_rec_td;ret_td,PFR+RULE2PT,19571215-BAL-RAM,False,ret_td;fum_rec_td,False,True,ret_td;fum_rec_td,
Jim Gibbons,1958,2,1958-10-05,False,DET,GNB,A,T,13,13,,2,18,0,0,0,0,0,0,0,0,,,1.8,3.8,7820,False,targets;fum_rec_td;ret_td,PFR+RULE2PT,19581005-DET-GNB,False,ret_td;fum_rec_td,False,True,ret_td;fum_rec_td,
Jim Gibbons,1958,3,1958-10-12,False,DET,RAM,H,L,28,42,,2,27,0,0,0,0,0,0,0,0,,,2.7,4.7,7820,False,targets;fum_rec_td;ret_td,PFR+RULE2PT,19581012-RAM-DET,False,ret_td;fum_rec_td,False,True,ret_td;fum_rec_td,
Jim Gibbons,1958,5,1958-10-26,False,DET,RAM,A,W,41,24,,1,15,0,0,0,0,0,0,0,0,,,1.5,2.5,7820,False,targets;fum_rec_td;ret_td,PFR+RULE2PT,19581026-DET-RAM,False,ret_td;fum_rec_td,False,True,ret_td;fum_rec_td,
Jim Gibbons,1958,6,1958-11-02,False,DET,SFO,A,L,21,24,,4,41,0,0,0,0,0,0,0,0,,,4.1,8.1,7820,False,targets;fum_rec_td;ret_td,PFR+RULE2PT,19581102-DET-SFO,False,ret_td;fum_rec_td,False,True,ret_td;fum_rec_td,
Jim Gibbons,1958,7,1958-11-09,False,DET,CLE,A,W,30,10,,3,35,1,0,0,0,0,0,0,0,,,9.5,12.5,7820,False,targets;fum_rec_td;ret_td,PFR+RULE2PT,19581109-DET-CLE,False,ret_td;fum_rec_td,False,True,ret_td;fum_rec_td,
Jim Gibbons,1958,8,1958-11-16,False,DET,SFO,H,W,35,21,,4,86,1,0,0,0,0,0,0,0,,,14.6,18.6,7820,False,targets;fum_rec_td;ret_td,PFR+RULE2PT,19581116-SFO-DET,False,ret_td;fum_rec_td,False,True,ret_td;fum_rec_td,
Jim Gibbons,1958,9,1958-11-23,False,DET,CHI,H,L,7,20,,4,57,0,0,0,0,0,0,0,0,,,5.7,9.7,7820,False,targets;fum_rec_td;ret_td,PFR+RULE2PT,19581123-CHI-DET,False,ret_td;fum_rec_td,False,True,ret_td;fum_rec_td,
Jim Gibbons,1958,10,1958-11-27,False,DET,GNB,H,W,24,14,,1,20,0,0,0,0,0,0,0,0,,,2.0,3.0,7820,False,targets;fum_rec_td;ret_td,PFR+RULE2PT,19581127-GNB-DET,False,ret_td;fum_rec_td,False,True,ret_td;fum_rec_td,
Jim Gibbons,1958,12,1958-12-14,False,DET,CHI,A,L,16,21,,4,68,0,0,0,0,0,0,0,0,,,6.8,10.8,7820,False,targets;fum_rec_td;ret_td,PFR+RULE2PT,19581214-DET-CHI,False,ret_td;fum_rec_td,False,True,ret_td;fum_rec_td,
Jim Gibbons,1959,1,1959-09-27,False,DET,BAL,A,L,9,21,,4,41,0,0,0,0,0,0,0,0,,,4.1,8.1,7820,False,targets;fum_rec_td;ret_td,PFR+RULE2PT,19590927-DET-BAL,False,ret_td;fum_rec_td,False,True,ret_td;fum_rec_td,
Jim Gibbons,1959,2,1959-10-04,False,DET,GNB,A,L,10,28,,7,82,0,0,0,0,0,0,0,0,,,8.2,15.2,7820,False,targets;fum_rec_td;ret_td,PFR+RULE2PT,19591004-DET-GNB,False,ret_td;fum_rec_td,False,True,ret_td;fum_rec_td,
Jim Gibbons,1959,6,1959-11-01,False,DET,SFO,A,L,7,33,,3,31,0,0,0,0,0,0,0,0,,,3.1,6.1,7820,False,targets;fum_rec_td;ret_td,PFR+RULE2PT,19591101-DET-SFO,False,ret_td;fum_rec_td,False,True,ret_td;fum_rec_td,
Jim Gibbons,1959,7,1959-11-08,False,DET,PIT,A,T,10,10,,1,19,0,0,0,0,0,0,0,0,,,1.9,2.9,7820,False,targets;fum_rec_td;ret_td,PFR+RULE2PT,19591108-DET-PIT,False,ret_td;fum_rec_td,False,True,ret_td;fum_rec_td,
Jim Gibbons,1959,8,1959-11-15,False,DET,RAM,H,W,23,17,,3,48,0,0,0,0,0,0,0,0,,,4.8,7.8,7820,False,targets;fum_rec_td;ret_td,PFR+RULE2PT,19591115-RAM-DET,False,ret_td;fum_rec_td,False,True,ret_td;fum_rec_td,
Jim Gibbons,1959,9,1959-11-22,False,DET,CHI,H,L,14,24,,2,34,0,0,0,0,0,0,0,0,,,3.4,5.4,7820,False,targets;fum_rec_td;ret_td,PFR+RULE2PT,19591122-CHI-DET,False,ret_td;fum_rec_td,False,True,ret_td;fum_rec_td,
Jim Gibbons,1959,10,1959-11-26,False,DET,GNB,H,L,17,24,,7,103,0,0,0,0,0,0,0,0,,,10.3,17.3,7820,False,targets;fum_rec_td;ret_td,PFR+RULE2PT,19591126-GNB-DET,False,ret_td;fum_rec_td,False,True,ret_td;fum_rec_td,
Jim Gibbons,1959,11,1959-12-06,False,DET,CRD,H,W,45,21,,1,33,1,0,0,0,0,0,0,0,,,9.3,10.3,7820,False,targets;fum_rec_td;ret_td,PFR+RULE2PT,19591206-CRD-DET,False,ret_td;fum_rec_td,False,True,ret_td;fum_rec_td,
Jim Gibbons,1959,12,1959-12-13,False,DET,CHI,A,L,14,25,,3,40,0,0,0,0,0,0,0,0,,,4.0,7.0,7820,False,targets;fum_rec_td;ret_td,PFR+RULE2PT,19591213-DET-CHI,False,ret_td;fum_rec_td,False,True,ret_td;fum_rec_td,
Gordie Soltau,1950,2,1950-09-24,False,SFO,CHI,H,L,20,32,,1,27,0,0,0,0,0,0,0,0,,,2.7,3.7,20895,False,targets;fum_rec_td;ret_td,PFR+RULE2PT,19500924-CHI-SFO,False,ret_td;fum_rec_td,False,True,ret_td;fum_rec_td,
Gordie Soltau,1950,4,1950-10-08,False,SFO,DET,A,L,7,24,,5,43,0,0,0,0,0,0,0,0,,,4.3,9.3,20895,False,targets;fum_rec_td;ret_td,PFR+RULE2PT,19501008-SFO-DET,False,ret_td;fum_rec_td,False,True,ret_td;fum_rec_td,
Gordie Soltau,1950,5,1950-10-12,False,SFO,NYY,A,L,24,29,,3,39,0,0,0,0,0,0,0,0,,,3.9,6.9,20895,False,targets;fum_rec_td;ret_td,PFR+RULE2PT,19501012-SFO-NYY,False,ret_td;fum_rec_td,False,True,ret_td;fum_rec_td,
Gordie Soltau,1950,6,1950-10-22,False,SFO,DET,H,W,28,27,,2,5,1,0,0,0,0,0,0,0,,,6.5,8.5,20895,False,targets;fum_rec_td;ret_td,PFR+RULE2PT,19501022-DET-SFO,False,ret_td;fum_rec_td,False,True,ret_td;fum_rec_td,
Gordie Soltau,1950,8,1950-11-05,False,SFO,RAM,A,L,21,28,,0,12,0,0,0,0,0,0,0,0,,,1.2,1.2,20895,False,targets;fum_rec_td;ret_td,PFR+RULE2PT,19501105-SFO-RAM,False,ret_td;fum_rec_td,False,True,ret_td;fum_rec_td,
Gordie Soltau,1950,10,1950-11-19,False,SFO,CHI,A,L,0,17,,1,10,0,0,0,0,0,0,0,0,,,1.0,2.0,20895,False,targets;fum_rec_td;ret_td,PFR+RULE2PT,19501119-SFO-CHI,False,ret_td;fum_rec_td,False,True,ret_td;fum_rec_td,
Gordie Soltau,1950,11,1950-11-26,False,SFO,GNB,A,L,21,25,,1,6,0,0,0,0,0,0,0,0,,,0.6,1.6,20895,False,targets;fum_rec_td;ret_td,PFR+RULE2PT,19501126-SFO-GNB,False,ret_td;fum_rec_td,False,True,ret_td;fum_rec_td,
Gordie Soltau,1950,12,1950-12-10,False,SFO,GNB,H,W,30,14,,1,28,0,0,0,0,0,0,0,0,,,2.8,3.8,20895,False,targets;fum_rec_td;ret_td,PFR+RULE2PT,19501210-GNB-SFO,False,ret_td;fum_rec_td,False,True,ret_td;fum_rec_td,
Gordie Soltau,1951,1,1951-09-30,False,SFO,CLE,H,W,24,10,,1,37,0,0,0,0,0,0,0,0,,,3.7,4.7,20895,False,targets;fum_rec_td;ret_td,PFR+RULE2PT,19510930-CLE-SFO,False,ret_td;fum_rec_td,False,True,ret_td;fum_rec_td,
Gordie Soltau,1951,2,1951-10-06,False,SFO,PHI,A,L,14,21,,2,30,0,0,0,0,0,0,0,0,,,3.0,5.0,20895,False,targets;fum_rec_td;ret_td,PFR+RULE2PT,19511006-SFO-PHI,False,ret_td;fum_rec_td,False,True,ret_td;fum_rec_td,
Gordie Soltau,1951,3,1951-10-14,False,SFO,PIT,A,W,28,24,,6,120,0,0,0,0,0,0,0,0,,,12.0,18.0,20895,False,targets;fum_rec_td;ret_td,PFR+RULE2PT,19511014-SFO-PIT,False,ret_td;fum_rec_td,False,True,ret_td;fum_rec_td,
Gordie Soltau,1951,4,1951-10-21,False,SFO,CHI,A,L,7,13,,8,109,1,0,0,0,0,0,0,0,,,16.9,24.9,20895,False,targets;fum_rec_td;ret_td,PFR+RULE2PT,19511021-SFO-CHI,False,ret_td;fum_rec_td,False,True,ret_td;fum_rec_td,
Gordie Soltau,1951,5,1951-10-28,False,SFO,RAM,H,W,44,17,,6,132,3,0,0,0,0,0,0,0,,,31.2,37.2,20895,False,targets;fum_rec_td;ret_td,PFR+RULE2PT,19511028-RAM-SFO,False,ret_td;fum_rec_td,False,True,ret_td;fum_rec_td,
Gordie Soltau,1951,6,1951-11-04,False,SFO,RAM,A,L,16,23,,1,9,0,1,-4,0,0,0,0,0,,,0.5,1.5,20895,False,targets;fum_rec_td;ret_td,PFR+RULE2PT,19511104-SFO-RAM,False,ret_td;fum_rec_td,False,True,ret_td;fum_rec_td,
Gordie Soltau,1951,7,1951-11-11,False,SFO,NYY,H,W,19,14,,6,61,1,0,0,0,0,0,0,0,,,12.1,18.1,20895,False,targets;fum_rec_td;ret_td,PFR+RULE2PT,19511111-NYY-SFO,False,ret_td;fum_rec_td,False,True,ret_td;fum_rec_td,
Gordie Soltau,1951,8,1951-11-18,False,SFO,CRD,H,L,21,27,,8,110,0,0,0,0,0,0,0,0,,,11.0,19.0,20895,False,targets;fum_rec_td;ret_td,PFR+RULE2PT,19511118-CRD-SFO,False,ret_td;fum_rec_td,False,True,ret_td;fum_rec_td,
Gordie Soltau,1951,9,1951-11-25,False,SFO,NYY,A,T,10,10,,6,50,0,0,0,0,0,0,0,0,,,5.0,11.0,20895,False,targets;fum_rec_td;ret_td,PFR+RULE2PT,19511125-SFO-NYY,False,ret_td;fum_rec_td,False,True,ret_td;fum_rec_td,
Gordie Soltau,1951,10,1951-12-02,False,SFO,DET,A,W,20,10,,3,38,0,0,0,0,0,0,0,0,,,3.8,6.8,20895,False,targets;fum_rec_td;ret_td,PFR+RULE2PT,19511202-SFO-DET,False,ret_td;fum_rec_td,False,True,ret_td;fum_rec_td,
Gordie Soltau,1951,11,1951-12-09,False,SFO,GNB,H,W,31,19,,7,66,1,0,0,0,0,0,0,0,,,12.6,19.6,20895,False,targets;fum_rec_td;ret_td,PFR+RULE2PT,19511209-GNB-SFO,False,ret_td;fum_rec_td,False,True,ret_td;fum_rec_td,
Gordie Soltau,1951,12,1951-12-16,False,SFO,DET,H,W,21,17,,5,64,1,0,0,0,0,0,0,0,,,12.4,17.4,20895,False,targets;fum_rec_td;ret_td,PFR+RULE2PT,19511216-DET-SFO,False,ret_td;fum_rec_td,False,True,ret_td;fum_rec_td,
Gordie Soltau,1952,1,1952-09-28,False,SFO,DET,H,W,17,3,,2,13,0,0,0,0,0,0,0,0,,,1.3,3.3,20895,False,targets;fum_rec_td;ret_td,PFR+RULE2PT,19520928-DET-SFO,False,ret_td;fum_rec_td,False,True,ret_td;fum_rec_td,
Gordie Soltau,1952,2,1952-10-05,False,SFO,DTX,A,W,37,14,,3,52,1,0,0,0,0,0,0,0,,,11.2,14.2,20895,False,targets;fum_rec_td;ret_td,PFR+RULE2PT,19521005-SFO-DTX,False,ret_td;fum_rec_td,False,True,ret_td;fum_rec_td,
Gordie Soltau,1952,3,1952-10-12,False,SFO,DET,A,W,28,0,,5,61,0,0,0,0,0,0,0,0,,,6.1,11.1,20895,False,targets;fum_rec_td;ret_td,PFR+RULE2PT,19521012-SFO-DET,False,ret_td;fum_rec_td,False,True,ret_td;fum_rec_td,
Gordie Soltau,1952,4,1952-10-19,False,SFO,CHI,A,W,40,16,,6,107,0,0,0,0,0,0,0,0,,,10.7,16.7,20895,False,targets;fum_rec_td;ret_td,PFR+RULE2PT,19521019-SFO-CHI,False,ret_td;fum_rec_td,False,True,ret_td;fum_rec_td,
Gordie Soltau,1952,5,1952-10-26,False,SFO,DTX,H,W,48,21,,5,50,1,0,0,0,0,0,0,0,,,11.0,16.0,20895,False,targets;fum_rec_td;ret_td,PFR+RULE2PT,19521026-DTX-SFO,False,ret_td;fum_rec_td,False,True,ret_td;fum_rec_td,
Gordie Soltau,1952,6,1952-11-02,False,SFO,CHI,H,L,17,20,,5,61,1,0,0,0,0,0,0,0,,,12.1,17.1,20895,False,targets;fum_rec_td;ret_td,PFR+RULE2PT,19521102-CHI-SFO,False,ret_td;fum_rec_td,False,True,ret_td;fum_rec_td,
Gordie Soltau,1952,7,1952-11-09,False,SFO,NYG,A,L,14,23,,10,196,1,0,0,0,0,0,0,0,,,25.6,35.6,20895,False,targets;fum_rec_td;ret_td,PFR+RULE2PT,19521109-SFO-NYG,False,ret_td;fum_rec_td,False,True,ret_td;fum_rec_td,
Gordie Soltau,1952,8,1952-11-16,False,SFO,WAS,A,W,23,17,,6,86,0,0,0,0,0,0,0,0,,,8.6,14.6,20895,False,targets;fum_rec_td;ret_td,PFR+RULE2PT,19521116-SFO-WAS,False,ret_td;fum_rec_td,False,True,ret_td;fum_rec_td,
Gordie Soltau,1952,9,1952-11-23,False,SFO,RAM,A,L,9,35,,6,52,1,0,0,0,0,0,0,0,,,11.2,17.2,20895,False,targets;fum_rec_td;ret_td,PFR+RULE2PT,19521123-SFO-RAM,False,ret_td;fum_rec_td,False,True,ret_td;fum_rec_td,
Gordie Soltau,1952,10,1952-11-30,False,SFO,RAM,H,L,21,34,,2,12,1,0,0,0,0,0,0,0,,,7.2,9.2,20895,False,targets;fum_rec_td;ret_td,PFR+RULE2PT,19521130-RAM-SFO,False,ret_td;fum_rec_td,False,True,ret_td;fum_rec_td,
Gordie Soltau,1952,11,1952-12-07,False,SFO,PIT,H,L,7,24,,5,84,1,0,0,0,0,0,0,0,,,14.4,19.4,20895,False,targets;fum_rec_td;ret_td,PFR+RULE2PT,19521207-PIT-SFO,False,ret_td;fum_rec_td,False,True,ret_td;fum_rec_td,
Gordie Soltau,1953,1,1953-09-27,False,SFO,PHI,H,W,31,21,,2,17,0,0,0,0,0,0,0,0,,,1.7,3.7,20895,False,targets;fum_rec_td;ret_td,PFR+RULE2PT,19530927-PHI-SFO,False,ret_td;fum_rec_td,False,True,ret_td;fum_rec_td,
Gordie Soltau,1953,2,1953-10-04,False,SFO,RAM,H,W,31,30,,2,28,0,0,0,0,0,0,0,0,,,2.8,4.8,20895,False,targets;fum_rec_td;ret_td,PFR+RULE2PT,19531004-RAM-SFO,False,ret_td;fum_rec_td,False,True,ret_td;fum_rec_td,
Gordie Soltau,1953,3,1953-10-11,False,SFO,DET,A,L,21,24,,4,37,1,0,0,0,0,0,0,0,,,9.7,13.7,20895,False,targets;fum_rec_td;ret_td,PFR+RULE2PT,19531011-SFO-DET,False,ret_td;fum_rec_td,False,True,ret_td;fum_rec_td,
Gordie Soltau,1953,4,1953-10-18,False,SFO,CHI,A,W,35,28,,2,11,0,0,0,0,0,0,0,0,,,1.1,3.1,20895,False,targets;fum_rec_td;ret_td,PFR+RULE2PT,19531018-SFO-CHI,False,ret_td;fum_rec_td,False,True,ret_td;fum_rec_td,
Gordie Soltau,1953,5,1953-10-25,False,SFO,DET,H,L,10,14,,2,24,0,0,0,0,0,0,0,0,,,2.4,4.4,20895,False,targets;fum_rec_td;ret_td,PFR+RULE2PT,19531025-DET-SFO,False,ret_td;fum_rec_td,False,True,ret_td;fum_rec_td,
Gordie Soltau,1953,6,1953-11-01,False,SFO,CHI,H,W,24,14,,7,102,0,0,0,0,0,0,0,0,,,10.2,17.2,20895,False,targets;fum_rec_td;ret_td,PFR+RULE2PT,19531101-CHI-SFO,False,ret_td;fum_rec_td,False,True,ret_td;fum_rec_td,
Gordie Soltau,1953,7,1953-11-08,False,SFO,RAM,A,W,31,27,,5,90,1,0,0,0,0,0,0,0,,,15.0,20.0,20895,False,targets;fum_rec_td;ret_td,PFR+RULE2PT,19531108-SFO-RAM,False,ret_td;fum_rec_td,False,True,ret_td;fum_rec_td,
Gordie Soltau,1953,8,1953-11-15,False,SFO,CLE,A,L,21,23,,3,48,0,0,0,0,0,0,0,0,,,4.8,7.8,20895,False,targets;fum_rec_td;ret_td,PFR+RULE2PT,19531115-SFO-CLE,False,ret_td;fum_rec_td,False,True,ret_td;fum_rec_td,
Gordie Soltau,1953,9,1953-11-22,False,SFO,GNB,A,W,37,7,,3,9,0,0,0,0,0,0,0,0,,,0.9,3.9,20895,False,targets;fum_rec_td;ret_td,PFR+RULE2PT,19531122-SFO-GNB,False,ret_td;fum_rec_td,False,True,ret_td;fum_rec_td,
Gordie Soltau,1953,10,1953-11-29,False,SFO,BAL,A,W,38,21,,4,123,2,0,0,0,0,0,0,0,,,24.3,28.3,20895,False,targets;fum_rec_td;ret_td,PFR+RULE2PT,19531129-SFO-BAL,False,ret_td;fum_rec_td,False,True,ret_td;fum_rec_td,
Gordie Soltau,1953,11,1953-12-06,False,SFO,GNB,H,W,48,14,,2,39,0,0,0,0,0,0,0,0,,,3.9,5.9,20895,False,targets;fum_rec_td;ret_td,PFR+RULE2PT,19531206-GNB-SFO,False,ret_td;fum_rec_td,False,True,ret_td;fum_rec_td,
Gordie Soltau,1953,12,1953-12-13,False,SFO,BAL,H,W,45,14,,7,92,2,0,0,0,0,0,0,0,,,21.2,28.2,20895,False,targets;fum_rec_td;ret_td,PFR+RULE2PT,19531213-BAL-SFO,False,ret_td;fum_rec_td,False,True,ret_td;fum_rec_td,
Gordie Soltau,1954,6,1954-10-31,False,SFO,CHI,H,L,27,31,,2,33,0,0,0,0,0,0,0,0,,,3.3,5.3,20895,False,targets;fum_rec_td;ret_td,PFR+RULE2PT,19541031-CHI-SFO,False,ret_td;fum_rec_td,False,True,ret_td;fum_rec_td,
Gordie Soltau,1954,7,1954-11-07,False,SFO,RAM,H,L,34,42,,5,105,1,0,0,0,0,0,0,0,,,16.5,21.5,20895,False,targets;fum_rec_td;ret_td,PFR+RULE2PT,19541107-RAM-SFO,False,ret_td;fum_rec_td,False,True,ret_td;fum_rec_td,
Gordie Soltau,1954,8,1954-11-14,False,SFO,DET,A,L,7,48,,3,27,0,0,0,0,0,0,0,0,,,2.7,5.7,20895,False,targets;fum_rec_td;ret_td,PFR+RULE2PT,19541114-SFO-DET,False,ret_td;fum_rec_td,False,True,ret_td;fum_rec_td,
Gordie Soltau,1954,9,1954-11-20,False,SFO,PIT,A,W,31,3,,3,27,0,0,0,0,0,0,0,0,,,2.7,5.7,20895,False,targets;fum_rec_td;ret_td,PFR+RULE2PT,19541120-SFO-PIT,False,ret_td;fum_rec_td,False,True,ret_td;fum_rec_td,
Gordie Soltau,1954,10,1954-11-28,False,SFO,BAL,A,L,13,17,,3,36,0,0,0,0,0,0,0,0,,,3.6,6.6,20895,False,targets;fum_rec_td;ret_td,PFR+RULE2PT,19541128-SFO-BAL,False,ret_td;fum_rec_td,False,True,ret_td;fum_rec_td,
Gordie Soltau,1954,11,1954-12-05,False,SFO,GNB,H,W,35,0,,4,63,1,0,0,0,0,0,0,0,,,12.3,16.3,20895,False,targets;fum_rec_td;ret_td,PFR+RULE2PT,19541205-GNB-SFO,False,ret_td;fum_rec_td,False,True,ret_td;fum_rec_td,
Gordie Soltau,1954,12,1954-12-11,False,SFO,BAL,H,W,10,7,,2,25,0,0,0,0,0,0,0,0,,,2.5,4.5,20895,False,targets;fum_rec_td;ret_td,PFR+RULE2PT,19541211-BAL-SFO,False,ret_td;fum_rec_td,False,True,ret_td;fum_rec_td,
Gordie Soltau,1955,1,1955-09-25,False,SFO,RAM,H,L,14,23,,4,49,0,0,0,0,0,0,0,0,,,4.9,8.9,20895,False,targets;fum_rec_td;ret_td,PFR+RULE2PT,19550925-RAM-SFO,False,ret_td;fum_rec_td,False,True,ret_td;fum_rec_td,
Gordie Soltau,1955,2,1955-10-02,False,SFO,CLE,H,L,3,38,,1,19,0,0,0,0,0,0,0,0,,,1.9,2.9,20895,False,targets;fum_rec_td;ret_td,PFR+RULE2PT,19551002-CLE-SFO,False,ret_td;fum_rec_td,False,True,ret_td;fum_rec_td,
Gordie Soltau,1955,3,1955-10-09,False,SFO,CHI,A,W,20,19,,3,44,0,0,0,0,0,0,0,0,,,4.4,7.4,20895,False,targets;fum_rec_td;ret_td,PFR+RULE2PT,19551009-SFO-CHI,False,ret_td;fum_rec_td,False,True,ret_td;fum_rec_td,
Gordie Soltau,1955,4,1955-10-16,False,SFO,DET,A,W,27,24,,3,39,0,0,0,0,0,0,0,0,,,3.9,6.9,20895,False,targets;fum_rec_td;ret_td,PFR+RULE2PT,19551016-SFO-DET,False,ret_td;fum_rec_td,False,True,ret_td;fum_rec_td,
Gordie Soltau,1955,5,1955-10-23,False,SFO,CHI,H,L,23,34,,2,17,0,0,0,0,0,0,0,0,,,1.7,3.7,20895,False,targets;fum_rec_td;ret_td,PFR+RULE2PT,19551023-CHI-SFO,False,ret_td;fum_rec_td,False,True,ret_td;fum_rec_td,
Gordie Soltau,1955,6,1955-10-30,False,SFO,DET,H,W,38,21,,3,39,0,0,0,0,0,0,0,0,,,3.9,6.9,20895,False,targets;fum_rec_td;ret_td,PFR+RULE2PT,19551030-DET-SFO,False,ret_td;fum_rec_td,False,True,ret_td;fum_rec_td,
Gordie Soltau,1955,7,1955-11-06,False,SFO,RAM,A,L,14,27,,1,14,0,0,0,0,0,0,0,0,,,1.4,2.4,20895,False,targets;fum_rec_td;ret_td,PFR+RULE2PT,19551106-SFO-RAM,False,ret_td;fum_rec_td,False,True,ret_td;fum_rec_td,
Gordie Soltau,1955,8,1955-11-13,False,SFO,WAS,A,L,0,7,,1,7,0,0,0,0,0,0,0,0,,,0.7,1.7,20895,False,targets;fum_rec_td;ret_td,PFR+RULE2PT,19551113-SFO-WAS,False,ret_td;fum_rec_td,False,True,ret_td;fum_rec_td,
Gordie Soltau,1955,9,1955-11-20,False,SFO,GNB,A,L,21,27,,4,72,0,0,0,0,0,0,0,0,,,7.2,11.2,20895,False,targets;fum_rec_td;ret_td,PFR+RULE2PT,19551120-SFO-GNB,False,ret_td;fum_rec_td,False,True,ret_td;fum_rec_td,
Gordie Soltau,1955,10,1955-11-27,False,SFO,BAL,A,L,14,26,,2,36,1,0,0,0,0,0,0,0,,,9.6,11.6,20895,False,targets;fum_rec_td;ret_td,PFR+RULE2PT,19551127-SFO-BAL,False,ret_td;fum_rec_td,False,True,ret_td;fum_rec_td,
Gordie Soltau,1955,12,1955-12-11,False,SFO,BAL,H,W,35,24,,2,22,0,0,0,0,0,0,0,0,,,2.2,4.2,20895,False,targets;fum_rec_td;ret_td,PFR+RULE2PT,19551211-BAL-SFO,False,ret_td;fum_rec_td,False,True,ret_td;fum_rec_td,
Gordie Soltau,1956,1,1956-09-30,False,SFO,NYG,H,L,21,38,,4,53,0,0,0,0,0,0,0,0,,,5.3,9.3,20895,False,targets;fum_rec_td;ret_td,PFR+RULE2PT,19560930-NYG-SFO,False,ret_td;fum_rec_td,False,True,ret_td;fum_rec_td,
Gordie Soltau,1956,2,1956-10-07,False,SFO,RAM,H,W,33,30,,2,9,0,0,0,0,0,0,0,0,,,0.9,2.9,20895,False,targets;fum_rec_td;ret_td,PFR+RULE2PT,19561007-RAM-SFO,False,ret_td;fum_rec_td,False,True,ret_td;fum_rec_td,
Gordie Soltau,1956,3,1956-10-14,False,SFO,CHI,A,L,7,31,,2,38,0,0,0,0,0,0,0,0,,,3.8,5.8,20895,False,targets;fum_rec_td;ret_td,PFR+RULE2PT,19561014-SFO-CHI,False,ret_td;fum_rec_td,False,True,ret_td;fum_rec_td,
Gordie Soltau,1956,4,1956-10-21,False,SFO,DET,A,L,17,20,,1,12,0,0,0,0,0,0,0,0,,,1.2,2.2,20895,False,targets;fum_rec_td;ret_td,PFR+RULE2PT,19561021-SFO-DET,False,ret_td;fum_rec_td,False,True,ret_td;fum_rec_td,
Gordie Soltau,1956,5,1956-10-28,False,SFO,CHI,H,L,21,38,,5,114,1,0,0,0,0,0,0,0,,,17.4,22.4,20895,False,targets;fum_rec_td;ret_td,PFR+RULE2PT,19561028-CHI-SFO,False,ret_td;fum_rec_td,False,True,ret_td;fum_rec_td,
Gordie Soltau,1956,6,1956-11-04,False,SFO,DET,H,L,13,17,,1,24,0,0,0,0,0,0,0,0,,,2.4,3.4,20895,False,targets;fum_rec_td;ret_td,PFR+RULE2PT,19561104-DET-SFO,False,ret_td;fum_rec_td,False,True,ret_td;fum_rec_td,
Gordie Soltau,1956,8,1956-11-18,False,SFO,GNB,A,W,17,16,,2,32,0,0,0,0,0,0,0,0,,,3.2,5.2,20895,False,targets;fum_rec_td;ret_td,PFR+RULE2PT,19561118-SFO-GNB,False,ret_td;fum_rec_td,False,True,ret_td;fum_rec_td,
Gordie Soltau,1956,9,1956-11-25,False,SFO,PHI,A,T,10,10,,1,17,0,0,0,0,0,0,0,0,,,1.7,2.7,20895,False,targets;fum_rec_td;ret_td,PFR+RULE2PT,19561125-SFO-PHI,False,ret_td;fum_rec_td,False,True,ret_td;fum_rec_td,
Gordie Soltau,1957,1,1957-09-29,False,SFO,CRD,H,L,10,20,,1,12,0,0,0,0,0,0,0,0,,,1.2,2.2,20895,False,targets;fum_rec_td;ret_td,PFR+RULE2PT,19570929-CRD-SFO,False,ret_td;fum_rec_td,False,True,ret_td;fum_rec_td,
Gordie Soltau,1957,8,1957-11-17,False,SFO,DET,A,L,10,31,,3,35,0,0,0,0,0,0,0,0,,,3.5,6.5,20895,False,targets;fum_rec_td;ret_td,PFR+RULE2PT,19571117-SFO-DET,False,ret_td;fum_rec_td,False,True,ret_td;fum_rec_td,
Gordie Soltau,1957,11,1957-12-08,False,SFO,BAL,H,W,17,13,,1,0,0,0,0,0,0,0,0,0,,,0.0,1.0,20895,False,targets;fum_rec_td;ret_td,PFR+RULE2PT,19571208-BAL-SFO,False,ret_td;fum_rec_td,False,True,ret_td;fum_rec_td,
Gordie Soltau,1957,13,1957-12-22,True,SFO,DET,H,L,27,31,,0,0,0,0,0,0,0,0,0,0,,,9.0,9.0,20895,False,targets;fum_rec_td;ret_td,PFR+RULE2PT,19571222-DET-SFO,False,ret_td;fum_rec_td,False,True,ret_td;fum_rec_td,
Gordie Soltau,1958,1,1958-09-28,False,SFO,PIT,H,W,23,20,,1,7,0,0,0,0,0,0,0,0,,,0.7,1.7,20895,False,targets;fum_rec_td;ret_td,PFR+RULE2PT,19580928-PIT-SFO,False,ret_td;fum_rec_td,False,True,ret_td;fum_rec_td,
Gordie Soltau,1958,7,1958-11-09,False,SFO,RAM,A,L,7,56,,1,11,0,0,0,0,0,0,0,0,,,1.1,2.1,20895,False,targets;fum_rec_td;ret_td,PFR+RULE2PT,19581109-SFO-RAM,False,ret_td;fum_rec_td,False,True,ret_td;fum_rec_td,
Gordie Soltau,1958,11,1958-12-07,False,SFO,GNB,H,W,48,21,,5,59,0,0,0,0,0,0,0,0,,,5.9,10.9,20895,False,targets;fum_rec_td;ret_td,PFR+RULE2PT,19581207-GNB-SFO,False,ret_td;fum_rec_td,False,True,ret_td;fum_rec_td,
Willard Dewveall,1959,1,1959-09-27,False,CHI,GNB,A,L,6,9,,1,9,0,0,0,0,0,0,0,0,,,0.9,1.9,5585,False,targets;fum_rec_td;ret_td,PFR+RULE2PT,19590927-CHI-GNB,False,ret_td;fum_rec_td,False,True,ret_td;fum_rec_td,
Willard Dewveall,1959,2,1959-10-03,False,CHI,BAL,A,W,26,21,,4,73,0,0,0,0,0,0,0,0,,,7.3,11.3,5585,False,targets;fum_rec_td;ret_td,PFR+RULE2PT,19591003-CHI-BAL,False,ret_td;fum_rec_td,False,True,ret_td;fum_rec_td,
Willard Dewveall,1959,3,1959-10-11,False,CHI,RAM,H,L,21,28,,1,43,1,0,0,0,0,0,0,0,,,10.3,11.3,5585,False,targets;fum_rec_td;ret_td,PFR+RULE2PT,19591011-RAM-CHI,False,ret_td;fum_rec_td,False,True,ret_td;fum_rec_td,
Willard Dewveall,1959,4,1959-10-18,False,CHI,BAL,H,L,7,21,,3,56,0,0,0,0,0,0,0,0,,,5.6,8.6,5585,False,targets;fum_rec_td;ret_td,PFR+RULE2PT,19591018-BAL-CHI,False,ret_td;fum_rec_td,False,True,ret_td;fum_rec_td,
Willard Dewveall,1959,5,1959-10-25,False,CHI,SFO,A,L,17,20,,1,23,0,0,0,0,0,0,0,0,,,2.3,3.3,5585,False,targets;fum_rec_td;ret_td,PFR+RULE2PT,19591025-CHI-SFO,False,ret_td;fum_rec_td,False,True,ret_td;fum_rec_td,
Willard Dewveall,1959,6,1959-11-01,False,CHI,RAM,A,W,26,21,,4,39,0,0,0,0,0,0,0,0,,,3.9,7.9,5585,False,targets;fum_rec_td;ret_td,PFR+RULE2PT,19591101-CHI-RAM,False,ret_td;fum_rec_td,False,True,ret_td;fum_rec_td,
Willard Dewveall,1959,9,1959-11-22,False,CHI,DET,A,W,24,14,,1,14,0,0,0,0,0,0,0,0,,,1.4,2.4,5585,False,targets;fum_rec_td;ret_td,PFR+RULE2PT,19591122-CHI-DET,False,ret_td;fum_rec_td,False,True,ret_td;fum_rec_td,
Willard Dewveall,1959,10,1959-11-29,False,CHI,CRD,A,W,31,7,,3,105,2,0,0,0,0,0,0,0,,,22.5,25.5,5585,False,targets;fum_rec_td;ret_td,PFR+RULE2PT,19591129-CHI-CRD,False,ret_td;fum_rec_td,False,True,ret_td;fum_rec_td,
Willard Dewveall,1959,11,1959-12-06,False,CHI,PIT,H,W,27,21,,1,18,0,0,0,0,0,0,0,0,,,1.8,2.8,5585,False,targets;fum_rec_td;ret_td,PFR+RULE2PT,19591206-PIT-CHI,False,ret_td;fum_rec_td,False,True,ret_td;fum_rec_td,
Willard Dewveall,1959,12,1959-12-13,False,CHI,DET,H,W,25,14,,1,49,0,0,0,0,0,0,0,0,,,4.9,5.9,5585,False,targets;fum_rec_td;ret_td,PFR+RULE2PT,19591213-DET-CHI,False,ret_td;fum_rec_td,False,True,ret_td;fum_rec_td,
Ron Kramer,1957,2,1957-10-06,False,GNB,DET,H,L,14,24,,5,56,0,0,0,0,0,0,0,0,,,5.6,10.6,12600,False,targets;fum_rec_td;ret_td,PFR+RULE2PT,19571006-DET-GNB,False,ret_td;fum_rec_td,False,True,ret_td;fum_rec_td,
Ron Kramer,1957,3,1957-10-13,False,GNB,BAL,H,L,17,45,,2,16,0,0,0,0,0,0,0,0,,,1.6,3.6,12600,False,targets;fum_rec_td;ret_td,PFR+RULE2PT,19571013-BAL-GNB,False,ret_td;fum_rec_td,False,True,ret_td;fum_rec_td,
Ron Kramer,1957,4,1957-10-20,False,GNB,SFO,H,L,14,24,,1,6,0,0,0,0,0,0,1,0,,,-1.4,-0.4,12600,False,targets;fum_rec_td;ret_td,PFR+RULE2PT,19571020-SFO-GNB,False,ret_td;fum_rec_td,False,True,ret_td;fum_rec_td,
Ron Kramer,1957,5,1957-10-27,False,GNB,BAL,A,W,24,21,,6,83,0,0,0,0,0,0,0,0,,,8.3,14.3,12600,False,targets;fum_rec_td;ret_td,PFR+RULE2PT,19571027-GNB-BAL,False,ret_td;fum_rec_td,False,True,ret_td;fum_rec_td,
Ron Kramer,1957,6,1957-11-03,False,GNB,NYG,H,L,17,31,,2,18,0,0,0,0,0,0,0,0,,,1.8,3.8,12600,False,targets;fum_rec_td;ret_td,PFR+RULE2PT,19571103-NYG-GNB,False,ret_td;fum_rec_td,False,True,ret_td;fum_rec_td,
Ron Kramer,1957,7,1957-11-10,False,GNB,CHI,A,L,14,21,,3,34,0,0,0,0,0,0,0,0,,,3.4,6.4,12600,False,targets;fum_rec_td;ret_td,PFR+RULE2PT,19571110-GNB-CHI,False,ret_td;fum_rec_td,False,True,ret_td;fum_rec_td,
Ron Kramer,1957,8,1957-11-17,False,GNB,RAM,H,L,27,31,,3,37,0,0,0,0,0,0,0,0,,,3.7,6.7,12600,False,targets;fum_rec_td;ret_td,PFR+RULE2PT,19571117-RAM-GNB,False,ret_td;fum_rec_td,False,True,ret_td;fum_rec_td,
Ron Kramer,1957,9,1957-11-24,False,GNB,PIT,A,W,27,10,,1,11,0,0,0,0,0,0,0,0,,,1.1,2.1,12600,False,targets;fum_rec_td;ret_td,PFR+RULE2PT,19571124-GNB-PIT,False,ret_td;fum_rec_td,False,True,ret_td;fum_rec_td,
Ron Kramer,1957,10,1957-11-28,False,GNB,DET,A,L,6,18,,4,68,0,0,0,0,0,0,0,0,,,6.8,10.8,12600,False,targets;fum_rec_td;ret_td,PFR+RULE2PT,19571128-GNB-DET,False,ret_td;fum_rec_td,False,True,ret_td;fum_rec_td,
Ron Kramer,1957,11,1957-12-08,False,GNB,RAM,A,L,17,42,,1,8,0,0,0,0,0,0,0,0,,,0.8,1.8,12600,False,targets;fum_rec_td;ret_td,PFR+RULE2PT,19571208-GNB-RAM,False,ret_td;fum_rec_td,False,True,ret_td;fum_rec_td,
Hugh Taylor,1950,1,1950-09-17,False,WAS,BAL,A,W,38,14,,5,150,3,0,0,0,0,0,0,0,,,33.0,38.0,21857,False,targets;fum_rec_td;ret_td,PFR+RULE2PT,19500917-WAS-BAL,False,ret_td;fum_rec_td,False,True,ret_td;fum_rec_td,
Hugh Taylor,1950,2,1950-09-24,False,WAS,GNB,A,L,21,35,,3,44,0,0,0,0,0,0,0,0,,,4.4,7.4,21857,False,targets;fum_rec_td;ret_td,PFR+RULE2PT,19500924-WAS-GNB,False,ret_td;fum_rec_td,False,True,ret_td;fum_rec_td,
Hugh Taylor,1950,3,1950-10-01,False,WAS,PIT,H,L,7,26,,4,102,1,0,0,0,0,0,0,0,,,16.2,20.2,21857,False,targets;fum_rec_td;ret_td,PFR+RULE2PT,19501001-PIT-WAS,False,ret_td;fum_rec_td,False,True,ret_td;fum_rec_td,
Hugh Taylor,1950,4,1950-10-08,False,WAS,NYG,H,L,17,21,,2,76,0,0,0,0,0,0,0,0,,,7.6,9.6,21857,False,targets;fum_rec_td;ret_td,PFR+RULE2PT,19501008-NYG-WAS,False,ret_td;fum_rec_td,False,True,ret_td;fum_rec_td,
Hugh Taylor,1950,5,1950-10-22,False,WAS,CRD,H,L,28,38,,4,121,3,0,0,0,0,0,0,0,,,30.1,34.1,21857,False,targets;fum_rec_td;ret_td,PFR+RULE2PT,19501022-CRD-WAS,False,ret_td;fum_rec_td,False,True,ret_td;fum_rec_td,
Hugh Taylor,1950,6,1950-10-29,False,WAS,PHI,A,L,3,35,,1,13,0,0,0,0,0,0,0,0,,,1.3,2.3,21857,False,targets;fum_rec_td;ret_td,PFR+RULE2PT,19501029-WAS-PHI,False,ret_td;fum_rec_td,False,True,ret_td;fum_rec_td,
Hugh Taylor,1950,7,1950-11-05,False,WAS,NYG,A,L,21,24,,3,38,0,0,0,0,0,0,0,0,,,3.8,6.8,21857,False,targets;fum_rec_td;ret_td,PFR+RULE2PT,19501105-WAS-NYG,False,ret_td;fum_rec_td,False,True,ret_td;fum_rec_td,
Hugh Taylor,1950,9,1950-11-19,False,WAS,CLE,A,L,14,20,,3,49,0,0,0,0,0,0,0,0,,,4.9,7.9,21857,False,targets;fum_rec_td;ret_td,PFR+RULE2PT,19501119-WAS-CLE,False,ret_td;fum_rec_td,False,True,ret_td;fum_rec_td,
Hugh Taylor,1950,10,1950-11-26,False,WAS,BAL,H,W,38,28,,6,82,1,0,0,0,0,0,0,0,,,14.2,20.2,21857,False,targets;fum_rec_td;ret_td,PFR+RULE2PT,19501126-BAL-WAS,False,ret_td;fum_rec_td,False,True,ret_td;fum_rec_td,
Hugh Taylor,1950,11,1950-12-03,False,WAS,PIT,A,W,24,7,,5,69,0,0,0,0,0,0,0,0,,,6.9,11.9,21857,False,targets;fum_rec_td;ret_td,PFR+RULE2PT,19501203-WAS-PIT,False,ret_td;fum_rec_td,False,True,ret_td;fum_rec_td,
Hugh Taylor,1950,12,1950-12-10,False,WAS,CLE,H,L,21,45,,3,89,1,0,0,0,0,0,0,0,,,14.9,17.9,21857,False,targets;fum_rec_td;ret_td,PFR+RULE2PT,19501210-CLE-WAS,False,ret_td;fum_rec_td,False,True,ret_td;fum_rec_td,
Hugh Taylor,1951,1,1951-09-30,False,WAS,DET,A,L,17,35,,2,58,0,0,0,0,0,0,0,0,,,5.8,7.8,21857,False,targets;fum_rec_td;ret_td,PFR+RULE2PT,19510930-WAS-DET,False,ret_td;fum_rec_td,False,True,ret_td;fum_rec_td,
Hugh Taylor,1951,2,1951-10-07,False,WAS,NYG,H,L,14,35,,4,43,1,0,0,0,0,0,0,0,,,10.3,14.3,21857,False,targets;fum_rec_td;ret_td,PFR+RULE2PT,19511007-NYG-WAS,False,ret_td;fum_rec_td,False,True,ret_td;fum_rec_td,
Hugh Taylor,1951,3,1951-10-14,False,WAS,CLE,A,L,0,45,,6,87,0,0,0,0,0,0,0,0,,,8.7,14.7,21857,False,targets;fum_rec_td;ret_td,PFR+RULE2PT,19511014-WAS-CLE,False,ret_td;fum_rec_td,False,True,ret_td;fum_rec_td,
Hugh Taylor,1951,4,1951-10-21,False,WAS,CRD,H,W,7,3,,1,9,0,0,0,0,0,0,0,0,,,0.9,1.9,21857,False,targets;fum_rec_td;ret_td,PFR+RULE2PT,19511021-CRD-WAS,False,ret_td;fum_rec_td,False,True,ret_td;fum_rec_td,
Hugh Taylor,1951,5,1951-10-28,False,WAS,PHI,A,W,27,23,,4,67,0,0,0,0,0,0,0,0,,,6.7,10.7,21857,False,targets;fum_rec_td;ret_td,PFR+RULE2PT,19511028-WAS-PHI,False,ret_td;fum_rec_td,False,True,ret_td;fum_rec_td,
Hugh Taylor,1951,6,1951-11-04,False,WAS,CHI,H,L,0,27,,1,15,0,0,0,0,0,0,0,0,,,1.5,2.5,21857,False,targets;fum_rec_td;ret_td,PFR+RULE2PT,19511104-CHI-WAS,False,ret_td;fum_rec_td,False,True,ret_td;fum_rec_td,
Hugh Taylor,1951,7,1951-11-11,False,WAS,NYG,A,L,14,28,,5,76,1,0,0,0,0,0,0,0,,,13.6,18.6,21857,False,targets;fum_rec_td;ret_td,PFR+RULE2PT,19511111-WAS-NYG,False,ret_td;fum_rec_td,False,True,ret_td;fum_rec_td,
Hugh Taylor,1951,9,1951-11-25,False,WAS,RAM,H,W,31,21,,4,57,1,0,0,0,0,0,0,0,,,11.7,15.7,21857,False,targets;fum_rec_td;ret_td,PFR+RULE2PT,19511125-RAM-WAS,False,ret_td;fum_rec_td,False,True,ret_td;fum_rec_td,
Hugh Taylor,1951,10,1951-12-02,False,WAS,PHI,H,L,21,35,,2,32,0,0,0,0,0,0,0,0,,,3.2,5.2,21857,False,targets;fum_rec_td;ret_td,PFR+RULE2PT,19511202-PHI-WAS,False,ret_td;fum_rec_td,False,True,ret_td;fum_rec_td,
Hugh Taylor,1952,1,1952-09-29,False,WAS,CRD,A,W,23,7,,0,0,1,0,0,0,0,0,0,0,,,6.0,6.0,21857,False,targets;fum_rec_td;ret_td,PFR+RULE2PT,19520929-WAS-CRD,False,ret_td;fum_rec_td,False,True,ret_td;fum_rec_td,
Hugh Taylor,1952,2,1952-10-05,False,WAS,GNB,A,L,20,35,,3,86,1,0,0,0,0,0,0,0,,,14.6,17.6,21857,False,targets;fum_rec_td;ret_td,PFR+RULE2PT,19521005-WAS-GNB,False,ret_td;fum_rec_td,False,True,ret_td;fum_rec_td,
Hugh Taylor,1952,4,1952-10-19,False,WAS,PIT,A,W,28,24,,3,111,2,0,0,0,0,0,0,0,,,23.1,26.1,21857,False,targets;fum_rec_td;ret_td,PFR+RULE2PT,19521019-WAS-PIT,False,ret_td;fum_rec_td,False,True,ret_td;fum_rec_td,
Hugh Taylor,1952,6,1952-11-02,False,WAS,PIT,H,L,23,24,,4,139,1,0,0,0,0,0,0,0,,,19.9,23.9,21857,False,targets;fum_rec_td;ret_td,PFR+RULE2PT,19521102-PIT-WAS,False,ret_td;fum_rec_td,False,True,ret_td;fum_rec_td,
Hugh Taylor,1952,7,1952-11-09,False,WAS,PHI,A,L,20,38,,0,0,1,0,0,0,0,0,0,0,,,6.0,6.0,21857,False,targets;fum_rec_td;ret_td,PFR+RULE2PT,19521109-WAS-PHI,False,ret_td;fum_rec_td,False,True,ret_td;fum_rec_td,
Hugh Taylor,1952,8,1952-11-16,False,WAS,SFO,H,L,17,23,,7,99,1,0,0,0,0,0,0,0,,,15.9,22.9,21857,False,targets;fum_rec_td;ret_td,PFR+RULE2PT,19521116-SFO-WAS,False,ret_td;fum_rec_td,False,True,ret_td;fum_rec_td,
Hugh Taylor,1952,9,1952-11-23,False,WAS,NYG,H,L,10,14,,5,86,0,0,0,0,0,0,0,0,,,8.6,13.6,21857,False,targets;fum_rec_td;ret_td,PFR+RULE2PT,19521123-NYG-WAS,False,ret_td;fum_rec_td,False,True,ret_td;fum_rec_td,
Hugh Taylor,1952,10,1952-11-30,False,WAS,CLE,H,L,24,48,,2,41,1,0,0,0,0,0,0,0,,,10.1,12.1,21857,False,targets;fum_rec_td;ret_td,PFR+RULE2PT,19521130-CLE-WAS,False,ret_td;fum_rec_td,False,True,ret_td;fum_rec_td,
Hugh Taylor,1952,11,1952-12-07,False,WAS,NYG,A,W,27,17,,6,196,3,0,0,0,0,0,0,0,,,37.6,43.6,21857,False,targets;fum_rec_td;ret_td,PFR+RULE2PT,19521207-WAS-NYG,False,ret_td;fum_rec_td,False,True,ret_td;fum_rec_td,
Hugh Taylor,1952,12,1952-12-14,False,WAS,PHI,H,W,27,21,,3,82,1,0,0,0,0,0,0,0,,,14.2,17.2,21857,False,targets;fum_rec_td;ret_td,PFR+RULE2PT,19521214-PHI-WAS,False,ret_td;fum_rec_td,False,True,ret_td;fum_rec_td,
Hugh Taylor,1953,2,1953-10-02,False,WAS,PHI,A,T,21,21,,4,113,2,0,0,0,0,0,0,0,,,23.3,27.3,21857,False,targets;fum_rec_td;ret_td,PFR+RULE2PT,19531002-WAS-PHI,False,ret_td;fum_rec_td,False,True,ret_td;fum_rec_td,
Hugh Taylor,1953,3,1953-10-11,False,WAS,NYG,H,W,13,9,,1,38,1,0,0,0,0,0,0,0,,,9.8,10.8,21857,False,targets;fum_rec_td;ret_td,PFR+RULE2PT,19531011-NYG-WAS,False,ret_td;fum_rec_td,False,True,ret_td;fum_rec_td,
Hugh Taylor,1953,4,1953-10-18,False,WAS,CLE,H,L,14,30,,2,78,1,0,0,0,0,0,0,0,,,13.8,15.8,21857,False,targets;fum_rec_td;ret_td,PFR+RULE2PT,19531018-CLE-WAS,False,ret_td;fum_rec_td,False,True,ret_td;fum_rec_td,
Hugh Taylor,1953,5,1953-10-25,False,WAS,BAL,A,L,17,27,,3,41,0,0,0,0,0,0,0,0,,,4.1,7.1,21857,False,targets;fum_rec_td;ret_td,PFR+RULE2PT,19531025-WAS-BAL,False,ret_td;fum_rec_td,False,True,ret_td;fum_rec_td,
Hugh Taylor,1953,6,1953-11-01,False,WAS,CLE,A,L,3,27,,4,87,0,0,0,0,0,0,0,0,,,8.7,12.7,21857,False,targets;fum_rec_td;ret_td,PFR+RULE2PT,19531101-WAS-CLE,False,ret_td;fum_rec_td,False,True,ret_td;fum_rec_td,
Hugh Taylor,1953,7,1953-11-08,False,WAS,CRD,H,W,28,17,,2,24,1,0,0,0,0,0,0,0,,,8.4,10.4,21857,False,targets;fum_rec_td;ret_td,PFR+RULE2PT,19531108-CRD-WAS,False,ret_td;fum_rec_td,False,True,ret_td;fum_rec_td,
Hugh Taylor,1953,8,1953-11-15,False,WAS,CHI,H,L,24,27,,2,100,1,0,0,0,0,0,0,0,,,16.0,18.0,21857,False,targets;fum_rec_td;ret_td,PFR+RULE2PT,19531115-CHI-WAS,False,ret_td;fum_rec_td,False,True,ret_td;fum_rec_td,
Hugh Taylor,1953,9,1953-11-22,False,WAS,NYG,A,W,24,21,,6,73,1,0,0,0,0,0,0,0,,,13.3,19.3,21857,False,targets;fum_rec_td;ret_td,PFR+RULE2PT,19531122-WAS-NYG,False,ret_td;fum_rec_td,False,True,ret_td;fum_rec_td,
Hugh Taylor,1953,10,1953-11-29,False,WAS,PIT,A,W,17,9,,3,39,1,0,0,0,0,0,0,0,,,9.9,12.9,21857,False,targets;fum_rec_td;ret_td,PFR+RULE2PT,19531129-WAS-PIT,False,ret_td;fum_rec_td,False,True,ret_td;fum_rec_td,
Hugh Taylor,1954,1,1954-09-26,False,WAS,SFO,A,L,7,41,,1,39,0,0,0,0,0,0,0,0,,,3.9,4.9,21857,False,targets;fum_rec_td;ret_td,PFR+RULE2PT,19540926-WAS-SFO,False,ret_td;fum_rec_td,False,True,ret_td;fum_rec_td,
Hugh Taylor,1954,2,1954-10-02,False,WAS,PIT,A,L,7,37,,8,111,0,0,0,0,0,0,0,0,,,11.1,19.1,21857,False,targets;fum_rec_td;ret_td,PFR+RULE2PT,19541002-WAS-PIT,False,ret_td;fum_rec_td,False,True,ret_td;fum_rec_td,
Hugh Taylor,1954,3,1954-10-10,False,WAS,NYG,H,L,21,51,,3,35,0,0,0,0,0,0,0,0,,,3.5,6.5,21857,False,targets;fum_rec_td;ret_td,PFR+RULE2PT,19541010-NYG-WAS,False,ret_td;fum_rec_td,False,True,ret_td;fum_rec_td,
Hugh Taylor,1954,4,1954-10-17,False,WAS,PHI,H,L,21,49,,3,86,1,0,0,0,0,0,0,0,,,14.6,17.6,21857,False,targets;fum_rec_td;ret_td,PFR+RULE2PT,19541017-PHI-WAS,False,ret_td;fum_rec_td,False,True,ret_td;fum_rec_td,
Hugh Taylor,1954,5,1954-10-24,False,WAS,NYG,A,L,7,24,,2,18,0,0,0,0,0,0,0,0,,,1.8,3.8,21857,False,targets;fum_rec_td;ret_td,PFR+RULE2PT,19541024-WAS-NYG,False,ret_td;fum_rec_td,False,True,ret_td;fum_rec_td,
Hugh Taylor,1954,6,1954-10-31,False,WAS,BAL,H,W,24,21,,1,11,0,0,0,0,0,0,0,0,,,1.1,2.1,21857,False,targets;fum_rec_td;ret_td,PFR+RULE2PT,19541031-BAL-WAS,False,ret_td;fum_rec_td,False,True,ret_td;fum_rec_td,
Hugh Taylor,1954,8,1954-11-14,False,WAS,PIT,H,W,17,14,,3,64,1,0,0,0,0,0,0,0,,,12.4,15.4,21857,False,targets;fum_rec_td;ret_td,PFR+RULE2PT,19541114-PIT-WAS,False,ret_td;fum_rec_td,False,True,ret_td;fum_rec_td,
Hugh Taylor,1954,9,1954-11-21,False,WAS,CRD,A,L,16,38,,4,80,1,0,0,0,0,0,0,0,,,14.0,18.0,21857,False,targets;fum_rec_td;ret_td,PFR+RULE2PT,19541121-WAS-CRD,False,ret_td;fum_rec_td,False,True,ret_td;fum_rec_td,
Hugh Taylor,1954,10,1954-11-28,False,WAS,PHI,A,L,33,41,,5,77,1,0,0,0,0,0,0,0,,,13.7,18.7,21857,False,targets;fum_rec_td;ret_td,PFR+RULE2PT,19541128-WAS-PHI,False,ret_td;fum_rec_td,False,True,ret_td;fum_rec_td,
Hugh Taylor,1954,11,1954-12-05,False,WAS,CLE,H,L,14,34,,2,32,1,0,0,0,0,0,0,0,,,9.2,11.2,21857,False,targets;fum_rec_td;ret_td,PFR+RULE2PT,19541205-CLE-WAS,False,ret_td;fum_rec_td,False,True,ret_td;fum_rec_td,
Hugh Taylor,1954,12,1954-12-12,False,WAS,CRD,H,W,37,20,,5,106,3,0,0,0,0,0,0,0,,,28.6,33.6,21857,False,targets;fum_rec_td;ret_td,PFR+RULE2PT,19541212-CRD-WAS,False,ret_td;fum_rec_td,False,True,ret_td;fum_rec_td,
Jim Dooley,1952,8,1952-11-16,False,CHI,RAM,H,L,24,40,,0,0,0,1,0,0,0,0,0,0,,,0.0,0.0,5811,False,targets;fum_rec_td;ret_td,PFR+RULE2PT,19521116-RAM-CHI,False,ret_td;fum_rec_td,False,True,ret_td;fum_rec_td,
Jim Dooley,1953,1,1953-09-27,False,CHI,BAL,A,L,9,13,,4,50,0,0,0,0,0,0,0,0,,,5.0,9.0,5811,False,targets;fum_rec_td;ret_td,PFR+RULE2PT,19530927-CHI-BAL,False,ret_td;fum_rec_td,False,True,ret_td;fum_rec_td,
Jim Dooley,1953,2,1953-10-04,False,CHI,GNB,A,W,17,13,,5,82,1,0,0,0,0,0,0,0,,,14.2,19.2,5811,False,targets;fum_rec_td;ret_td,PFR+RULE2PT,19531004-CHI-GNB,False,ret_td;fum_rec_td,False,True,ret_td;fum_rec_td,
Jim Dooley,1953,3,1953-10-11,False,CHI,BAL,H,L,14,16,,1,27,0,0,0,0,0,0,0,0,,,2.7,3.7,5811,False,targets;fum_rec_td;ret_td,PFR+RULE2PT,19531011-BAL-CHI,False,ret_td;fum_rec_td,False,True,ret_td;fum_rec_td,
Jim Dooley,1953,4,1953-10-18,False,CHI,SFO,H,L,28,35,,5,73,0,0,0,0,0,0,0,0,,,7.3,12.3,5811,False,targets;fum_rec_td;ret_td,PFR+RULE2PT,19531018-SFO-CHI,False,ret_td;fum_rec_td,False,True,ret_td;fum_rec_td,
Jim Dooley,1953,5,1953-10-25,False,CHI,RAM,A,L,24,38,,6,164,0,0,0,0,0,0,0,0,,,16.4,22.4,5811,False,targets;fum_rec_td;ret_td,PFR+RULE2PT,19531025-CHI-RAM,False,ret_td;fum_rec_td,False,True,ret_td;fum_rec_td,
Jim Dooley,1953,6,1953-11-01,False,CHI,SFO,A,L,14,24,,7,69,0,0,0,0,0,0,0,0,,,6.9,13.9,5811,False,targets;fum_rec_td;ret_td,PFR+RULE2PT,19531101-CHI-SFO,False,ret_td;fum_rec_td,False,True,ret_td;fum_rec_td,
Jim Dooley,1953,7,1953-11-08,False,CHI,GNB,H,T,21,21,,3,60,1,0,0,0,0,0,0,0,,,12.0,15.0,5811,False,targets;fum_rec_td;ret_td,PFR+RULE2PT,19531108-GNB-CHI,False,ret_td;fum_rec_td,False,True,ret_td;fum_rec_td,
Jim Dooley,1953,8,1953-11-15,False,CHI,WAS,A,W,27,24,,3,49,0,0,0,0,0,0,0,0,,,4.9,7.9,5811,False,targets;fum_rec_td;ret_td,PFR+RULE2PT,19531115-CHI-WAS,False,ret_td;fum_rec_td,False,True,ret_td;fum_rec_td,
Jim Dooley,1953,9,1953-11-22,False,CHI,DET,H,L,16,20,,3,48,0,0,0,0,0,0,0,0,,,4.8,7.8,5811,False,targets;fum_rec_td;ret_td,PFR+RULE2PT,19531122-DET-CHI,False,ret_td;fum_rec_td,False,True,ret_td;fum_rec_td,
Jim Dooley,1953,10,1953-11-29,False,CHI,RAM,H,W,24,21,,3,47,1,0,0,0,0,0,0,0,,,10.7,13.7,5811,False,targets;fum_rec_td;ret_td,PFR+RULE2PT,19531129-RAM-CHI,False,ret_td;fum_rec_td,False,True,ret_td;fum_rec_td,
Jim Dooley,1953,11,1953-12-06,False,CHI,DET,A,L,7,13,,5,53,0,0,0,0,0,0,0,0,,,5.3,10.3,5811,False,targets;fum_rec_td;ret_td,PFR+RULE2PT,19531206-CHI-DET,False,ret_td;fum_rec_td,False,True,ret_td;fum_rec_td,
Jim Dooley,1953,12,1953-12-13,False,CHI,CRD,H,L,17,24,,8,119,1,0,0,0,0,0,0,0,,,17.9,25.9,5811,False,targets;fum_rec_td;ret_td,PFR+RULE2PT,19531213-CRD-CHI,False,ret_td;fum_rec_td,False,True,ret_td;fum_rec_td,
Jim Dooley,1954,1,1954-09-26,False,CHI,DET,A,L,23,48,,2,56,0,0,0,0,0,0,0,0,,,5.6,7.6,5811,False,targets;fum_rec_td;ret_td,PFR+RULE2PT,19540926-CHI-DET,False,ret_td;fum_rec_td,False,True,ret_td;fum_rec_td,
Jim Dooley,1954,2,1954-10-03,False,CHI,GNB,A,W,10,3,,3,42,0,0,0,0,0,0,0,0,,,4.2,7.2,5811,False,targets;fum_rec_td;ret_td,PFR+RULE2PT,19541003-CHI-GNB,False,ret_td;fum_rec_td,False,True,ret_td;fum_rec_td,
Jim Dooley,1954,3,1954-10-10,False,CHI,BAL,H,W,28,9,,1,3,1,0,0,0,0,0,0,0,,,6.3,7.3,5811,False,targets;fum_rec_td;ret_td,PFR+RULE2PT,19541010-BAL-CHI,False,ret_td;fum_rec_td,False,True,ret_td;fum_rec_td,
Jim Dooley,1954,4,1954-10-17,False,CHI,SFO,H,L,24,31,,6,133,1,0,0,0,0,0,0,0,,,19.3,25.3,5811,False,targets;fum_rec_td;ret_td,PFR+RULE2PT,19541017-SFO-CHI,False,ret_td;fum_rec_td,False,True,ret_td;fum_rec_td,
Jim Dooley,1954,5,1954-10-24,False,CHI,RAM,A,L,38,42,,4,53,1,0,0,0,0,0,0,0,,,11.3,15.3,5811,False,targets;fum_rec_td;ret_td,PFR+RULE2PT,19541024-CHI-RAM,False,ret_td;fum_rec_td,False,True,ret_td;fum_rec_td,
Jim Dooley,1954,6,1954-10-31,False,CHI,SFO,A,W,31,27,,4,67,0,0,0,0,0,0,0,0,,,6.7,10.7,5811,False,targets;fum_rec_td;ret_td,PFR+RULE2PT,19541031-CHI-SFO,False,ret_td;fum_rec_td,False,True,ret_td;fum_rec_td,
Jim Dooley,1954,7,1954-11-07,False,CHI,GNB,H,W,28,23,,2,48,1,0,0,0,0,0,0,0,,,10.8,12.8,5811,False,targets;fum_rec_td;ret_td,PFR+RULE2PT,19541107-GNB-CHI,False,ret_td;fum_rec_td,False,True,ret_td;fum_rec_td,
Jim Dooley,1954,9,1954-11-21,False,CHI,BAL,A,W,28,13,,1,30,0,0,0,0,0,0,0,0,,,3.0,4.0,5811,False,targets;fum_rec_td;ret_td,PFR+RULE2PT,19541121-CHI-BAL,False,ret_td;fum_rec_td,False,True,ret_td;fum_rec_td,
Jim Dooley,1954,10,1954-11-28,False,CHI,RAM,H,W,24,13,,2,26,0,0,0,0,0,0,0,0,,,2.6,4.6,5811,False,targets;fum_rec_td;ret_td,PFR+RULE2PT,19541128-RAM-CHI,False,ret_td;fum_rec_td,False,True,ret_td;fum_rec_td,
Jim Dooley,1954,11,1954-12-05,False,CHI,CRD,A,W,29,7,,5,144,1,0,0,0,0,0,0,0,,,20.4,25.4,5811,False,targets;fum_rec_td;ret_td,PFR+RULE2PT,19541205-CHI-CRD,False,ret_td;fum_rec_td,False,True,ret_td;fum_rec_td,
Jim Dooley,1954,12,1954-12-12,False,CHI,DET,H,W,28,24,,4,56,2,0,0,0,0,0,0,0,,,17.6,21.6,5811,False,targets;fum_rec_td;ret_td,PFR+RULE2PT,19541212-DET-CHI,False,ret_td;fum_rec_td,False,True,ret_td;fum_rec_td,
Jim Dooley,1956,10,1956-12-02,False,CHI,DET,A,L,10,42,,1,9,0,0,0,0,0,0,0,0,,,0.9,1.9,5811,False,targets;fum_rec_td;ret_td,PFR+RULE2PT,19561202-CHI-DET,False,ret_td;fum_rec_td,False,True,ret_td;fum_rec_td,
Jim Dooley,1956,12,1956-12-16,False,CHI,DET,H,W,38,21,,3,38,0,0,0,0,0,0,0,0,,,3.8,6.8,5811,False,targets;fum_rec_td;ret_td,PFR+RULE2PT,19561216-DET-CHI,False,ret_td;fum_rec_td,False,True,ret_td;fum_rec_td,
Jim Dooley,1956,13,1956-12-30,True,CHI,NYG,A,L,7,47,,6,66,0,0,0,0,0,0,0,0,,,6.6,12.6,5811,False,targets;fum_rec_td;ret_td,PFR+RULE2PT,19561230-CHI-NYG,False,ret_td;fum_rec_td,False,True,ret_td;fum_rec_td,
Jim Dooley,1957,1,1957-09-29,False,CHI,GNB,A,L,17,21,,4,59,0,0,0,0,0,0,0,0,,,5.9,9.9,5811,False,targets;fum_rec_td;ret_td,PFR+RULE2PT,19570929-CHI-GNB,False,ret_td;fum_rec_td,False,True,ret_td;fum_rec_td,
Jim Dooley,1957,2,1957-10-05,False,CHI,BAL,A,L,10,21,,5,68,0,0,0,0,0,0,0,0,,,6.8,11.8,5811,False,targets;fum_rec_td;ret_td,PFR+RULE2PT,19571005-CHI-BAL,False,ret_td;fum_rec_td,False,True,ret_td;fum_rec_td,
Jim Dooley,1957,3,1957-10-13,False,CHI,SFO,H,L,17,21,,4,56,0,0,0,0,0,0,0,0,,,5.6,9.6,5811,False,targets;fum_rec_td;ret_td,PFR+RULE2PT,19571013-SFO-CHI,False,ret_td;fum_rec_td,False,True,ret_td;fum_rec_td,
Jim Dooley,1957,4,1957-10-20,False,CHI,RAM,H,W,34,26,,2,30,0,0,0,0,0,0,0,0,,,3.0,5.0,5811,False,targets;fum_rec_td;ret_td,PFR+RULE2PT,19571020-RAM-CHI,False,ret_td;fum_rec_td,False,True,ret_td;fum_rec_td,
Jim Dooley,1957,5,1957-10-27,False,CHI,SFO,A,L,17,21,,5,58,0,0,0,0,0,0,0,0,,,5.8,10.8,5811,False,targets;fum_rec_td;ret_td,PFR+RULE2PT,19571027-CHI-SFO,False,ret_td;fum_rec_td,False,True,ret_td;fum_rec_td,
Jim Dooley,1957,6,1957-11-03,False,CHI,RAM,A,W,16,10,,2,40,0,0,0,0,0,0,0,0,,,4.0,6.0,5811,False,targets;fum_rec_td;ret_td,PFR+RULE2PT,19571103-CHI-RAM,False,ret_td;fum_rec_td,False,True,ret_td;fum_rec_td,
Jim Dooley,1957,7,1957-11-10,False,CHI,GNB,H,W,21,14,,2,39,0,0,0,0,0,0,0,0,,,3.9,5.9,5811,False,targets;fum_rec_td;ret_td,PFR+RULE2PT,19571110-GNB-CHI,False,ret_td;fum_rec_td,False,True,ret_td;fum_rec_td,
Jim Dooley,1957,8,1957-11-17,False,CHI,BAL,H,L,14,29,,3,47,0,0,0,0,0,0,0,0,,,4.7,7.7,5811,False,targets;fum_rec_td;ret_td,PFR+RULE2PT,19571117-BAL-CHI,False,ret_td;fum_rec_td,False,True,ret_td;fum_rec_td,
Jim Dooley,1957,9,1957-11-24,False,CHI,DET,A,W,27,7,,1,10,0,0,0,0,0,0,0,0,,,1.0,2.0,5811,False,targets;fum_rec_td;ret_td,PFR+RULE2PT,19571124-CHI-DET,False,ret_td;fum_rec_td,False,True,ret_td;fum_rec_td,
Jim Dooley,1957,11,1957-12-08,False,CHI,CRD,A,W,14,6,,4,64,1,0,0,0,0,0,0,0,,,12.4,16.4,5811,False,targets;fum_rec_td;ret_td,PFR+RULE2PT,19571208-CHI-CRD,False,ret_td;fum_rec_td,False,True,ret_td;fum_rec_td,
Jim Dooley,1957,12,1957-12-15,False,CHI,DET,H,L,13,21,,5,59,0,0,0,0,0,0,0,0,,,5.9,10.9,5811,False,targets;fum_rec_td;ret_td,PFR+RULE2PT,19571215-DET-CHI,False,ret_td;fum_rec_td,False,True,ret_td;fum_rec_td,
Jim Dooley,1959,1,1959-09-27,False,CHI,GNB,A,L,6,9,,4,36,0,0,0,0,0,0,0,0,,,3.6,7.6,5811,False,targets;fum_rec_td;ret_td,PFR+RULE2PT,19590927-CHI-GNB,False,ret_td;fum_rec_td,False,True,ret_td;fum_rec_td,
Jim Dooley,1959,2,1959-10-03,False,CHI,BAL,A,W,26,21,,3,33,0,0,0,0,0,0,0,0,,,3.3,6.3,5811,False,targets;fum_rec_td;ret_td,PFR+RULE2PT,19591003-CHI-BAL,False,ret_td;fum_rec_td,False,True,ret_td;fum_rec_td,
Jim Dooley,1959,3,1959-10-11,False,CHI,RAM,H,L,21,28,,5,58,0,0,0,0,0,0,0,0,,,5.8,10.8,5811,False,targets;fum_rec_td;ret_td,PFR+RULE2PT,19591011-RAM-CHI,False,ret_td;fum_rec_td,False,True,ret_td;fum_rec_td,
Jim Dooley,1959,4,1959-10-18,False,CHI,BAL,H,L,7,21,,3,47,0,0,0,0,0,0,0,0,,,4.7,7.7,5811,False,targets;fum_rec_td;ret_td,PFR+RULE2PT,19591018-BAL-CHI,False,ret_td;fum_rec_td,False,True,ret_td;fum_rec_td,
Jim Dooley,1959,5,1959-10-25,False,CHI,SFO,A,L,17,20,,5,67,1,0,0,0,0,0,0,0,,,12.7,17.7,5811,False,targets;fum_rec_td;ret_td,PFR+RULE2PT,19591025-CHI-SFO,False,ret_td;fum_rec_td,False,True,ret_td;fum_rec_td,
Jim Dooley,1959,6,1959-11-01,False,CHI,RAM,A,W,26,21,,1,21,0,0,0,0,0,0,0,0,,,2.1,3.1,5811,False,targets;fum_rec_td;ret_td,PFR+RULE2PT,19591101-CHI-RAM,False,ret_td;fum_rec_td,False,True,ret_td;fum_rec_td,
Jim Dooley,1959,7,1959-11-08,False,CHI,GNB,H,W,28,17,,5,51,1,0,0,0,0,0,0,0,,,11.1,16.1,5811,False,targets;fum_rec_td;ret_td,PFR+RULE2PT,19591108-GNB-CHI,False,ret_td;fum_rec_td,False,True,ret_td;fum_rec_td,
Jim Dooley,1959,8,1959-11-15,False,CHI,SFO,H,W,14,3,,3,45,0,0,0,0,0,0,0,0,,,4.5,7.5,5811,False,targets;fum_rec_td;ret_td,PFR+RULE2PT,19591115-SFO-CHI,False,ret_td;fum_rec_td,False,True,ret_td;fum_rec_td,
Jim Dooley,1959,9,1959-11-22,False,CHI,DET,A,W,24,14,,2,29,0,0,0,0,0,0,0,0,,,2.9,4.9,5811,False,targets;fum_rec_td;ret_td,PFR+RULE2PT,19591122-CHI-DET,False,ret_td;fum_rec_td,False,True,ret_td;fum_rec_td,
Jim Dooley,1959,10,1959-11-29,False,CHI,CRD,A,W,31,7,,1,27,0,0,0,0,0,0,0,0,,,2.7,3.7,5811,False,targets;fum_rec_td;ret_td,PFR+RULE2PT,19591129-CHI-CRD,False,ret_td;fum_rec_td,False,True,ret_td;fum_rec_td,
Jim Dooley,1959,11,1959-12-06,False,CHI,PIT,H,W,27,21,,3,79,0,0,0,0,0,0,0,0,,,7.9,10.9,5811,False,targets;fum_rec_td;ret_td,PFR+RULE2PT,19591206-PIT-CHI,False,ret_td;fum_rec_td,False,True,ret_td;fum_rec_td,
Jim Dooley,1959,12,1959-12-13,False,CHI,DET,H,W,25,14,,6,87,1,0,0,0,0,0,0,0,,,14.7,20.7,5811,False,targets;fum_rec_td;ret_td,PFR+RULE2PT,19591213-DET-CHI,False,ret_td;fum_rec_td,False,True,ret_td;fum_rec_td,
Bill Anderson,1958,3,1958-10-12,False,WAS,NYG,H,L,14,21,,2,71,0,0,0,0,0,0,0,0,,,7.1,9.1,412,False,targets;fum_rec_td;ret_td,PFR+RULE2PT,19581012-NYG-WAS,False,ret_td;fum_rec_td,False,True,ret_td;fum_rec_td,
Bill Anderson,1958,4,1958-10-19,False,WAS,GNB,H,W,37,21,,2,62,1,0,0,0,0,0,0,0,,,12.2,14.2,412,False,targets;fum_rec_td;ret_td,PFR+RULE2PT,19581019-GNB-WAS,False,ret_td;fum_rec_td,False,True,ret_td;fum_rec_td,
Bill Anderson,1958,6,1958-11-02,False,WAS,PIT,A,L,16,24,,4,54,0,0,0,0,0,0,0,0,,,5.4,9.4,412,False,targets;fum_rec_td;ret_td,PFR+RULE2PT,19581102-WAS-PIT,False,ret_td;fum_rec_td,False,True,ret_td;fum_rec_td,
Bill Anderson,1958,7,1958-11-09,False,WAS,CRD,H,W,45,31,,2,30,0,0,0,0,0,0,0,0,,,3.0,5.0,412,False,targets;fum_rec_td;ret_td,PFR+RULE2PT,19581109-CRD-WAS,False,ret_td;fum_rec_td,False,True,ret_td;fum_rec_td,
Bill Anderson,1958,8,1958-11-16,False,WAS,CLE,H,L,10,20,,2,32,0,0,0,0,0,0,0,0,,,3.2,5.2,412,False,targets;fum_rec_td;ret_td,PFR+RULE2PT,19581116-CLE-WAS,False,ret_td;fum_rec_td,False,True,ret_td;fum_rec_td,
Bill Anderson,1958,10,1958-11-30,False,WAS,CLE,A,L,14,21,,3,42,0,0,0,0,0,0,0,0,,,4.2,7.2,412,False,targets;fum_rec_td;ret_td,PFR+RULE2PT,19581130-WAS-CLE,False,ret_td;fum_rec_td,False,True,ret_td;fum_rec_td,
Bill Anderson,1958,12,1958-12-14,False,WAS,PHI,H,W,20,0,,3,105,1,0,0,0,0,0,0,0,,,16.5,19.5,412,False,targets;fum_rec_td;ret_td,PFR+RULE2PT,19581214-PHI-WAS,False,ret_td;fum_rec_td,False,True,ret_td;fum_rec_td,
Bill Anderson,1959,1,1959-09-27,False,WAS,CRD,A,L,21,49,,6,123,0,0,0,0,0,0,0,0,,,12.3,18.3,412,False,targets;fum_rec_td;ret_td,PFR+RULE2PT,19590927-WAS-CRD,False,ret_td;fum_rec_td,False,True,ret_td;fum_rec_td,
Bill Anderson,1959,2,1959-10-04,False,WAS,PIT,A,W,23,17,,3,106,1,0,0,0,0,0,0,0,,,16.6,19.6,412,False,targets;fum_rec_td;ret_td,PFR+RULE2PT,19591004-WAS-PIT,False,ret_td;fum_rec_td,False,True,ret_td;fum_rec_td,
Bill Anderson,1959,3,1959-10-11,False,WAS,CRD,H,W,23,14,,3,77,1,0,0,0,0,0,0,0,,,13.7,16.7,412,False,targets;fum_rec_td;ret_td,PFR+RULE2PT,19591011-CRD-WAS,False,ret_td;fum_rec_td,False,True,ret_td;fum_rec_td,
Bill Anderson,1959,4,1959-10-18,False,WAS,PIT,H,L,6,27,,1,7,0,0,0,0,0,0,0,0,,,0.7,1.7,412,False,targets;fum_rec_td;ret_td,PFR+RULE2PT,19591018-PIT-WAS,False,ret_td;fum_rec_td,False,True,ret_td;fum_rec_td,
Bill Anderson,1959,5,1959-10-25,False,WAS,CLE,A,L,7,34,,4,85,1,0,0,0,0,0,0,0,,,14.5,18.5,412,False,targets;fum_rec_td;ret_td,PFR+RULE2PT,19591025-WAS-CLE,False,ret_td;fum_rec_td,False,True,ret_td;fum_rec_td,
Bill Anderson,1959,6,1959-11-01,False,WAS,PHI,A,L,23,30,,2,58,0,0,0,0,0,0,0,0,,,5.8,7.8,412,False,targets;fum_rec_td;ret_td,PFR+RULE2PT,19591101-WAS-PHI,False,ret_td;fum_rec_td,False,True,ret_td;fum_rec_td,
Bill Anderson,1959,7,1959-11-08,False,WAS,BAL,H,W,27,24,,6,88,1,0,0,0,0,0,0,0,,,14.8,20.8,412,False,targets;fum_rec_td;ret_td,PFR+RULE2PT,19591108-BAL-WAS,False,ret_td;fum_rec_td,False,True,ret_td;fum_rec_td,
Bill Anderson,1959,8,1959-11-15,False,WAS,CLE,H,L,17,31,,1,35,0,0,0,0,0,0,0,0,,,3.5,4.5,412,False,targets;fum_rec_td;ret_td,PFR+RULE2PT,19591115-CLE-WAS,False,ret_td;fum_rec_td,False,True,ret_td;fum_rec_td,
Bill Anderson,1959,10,1959-11-29,False,WAS,NYG,A,L,14,45,,1,15,1,0,0,0,0,0,0,0,,,7.5,8.5,412,False,targets;fum_rec_td;ret_td,PFR+RULE2PT,19591129-WAS-NYG,False,ret_td;fum_rec_td,False,True,ret_td;fum_rec_td,
Bill Anderson,1959,11,1959-12-06,False,WAS,PHI,H,L,14,34,,5,108,1,0,0,0,0,0,0,0,,,16.8,21.8,412,False,targets;fum_rec_td;ret_td,PFR+RULE2PT,19591206-PHI-WAS,False,ret_td;fum_rec_td,False,True,ret_td;fum_rec_td,
Bill Anderson,1959,12,1959-12-13,False,WAS,NYG,H,L,10,24,,3,32,0,0,0,0,0,0,0,0,,,3.2,6.2,412,False,targets;fum_rec_td;ret_td,PFR+RULE2PT,19591213-NYG-WAS,False,ret_td;fum_rec_td,False,True,ret_td;fum_rec_td,
Gern Nagler,1953,2,1953-10-04,False,CRD,CLE,H,L,7,27,,5,66,0,0,0,0,0,0,0,0,,,6.6,11.6,16162,False,targets;fum_rec_td;ret_td,PFR+RULE2PT,19531004-CLE-CRD,False,ret_td;fum_rec_td,False,True,ret_td;fum_rec_td,
Gern Nagler,1953,3,1953-10-11,False,CRD,PIT,A,L,28,31,,3,71,2,0,0,0,0,0,0,0,,,19.1,22.1,16162,False,targets;fum_rec_td;ret_td,PFR+RULE2PT,19531011-CRD-PIT,False,ret_td;fum_rec_td,False,True,ret_td;fum_rec_td,
Gern Nagler,1953,4,1953-10-18,False,CRD,NYG,A,L,7,21,,4,45,0,0,0,0,0,0,0,0,,,4.5,8.5,16162,False,targets;fum_rec_td;ret_td,PFR+RULE2PT,19531018-CRD-NYG,False,ret_td;fum_rec_td,False,True,ret_td;fum_rec_td,
Gern Nagler,1953,5,1953-10-25,False,CRD,PHI,H,L,17,56,,4,52,0,0,0,0,0,0,0,0,,,5.2,9.2,16162,False,targets;fum_rec_td;ret_td,PFR+RULE2PT,19531025-PHI-CRD,False,ret_td;fum_rec_td,False,True,ret_td;fum_rec_td,
Gern Nagler,1953,6,1953-11-01,False,CRD,NYG,H,L,20,23,,10,124,1,0,0,0,0,0,0,0,,,18.4,28.4,16162,False,targets;fum_rec_td;ret_td,PFR+RULE2PT,19531101-NYG-CRD,False,ret_td;fum_rec_td,False,True,ret_td;fum_rec_td,
Gern Nagler,1953,7,1953-11-08,False,CRD,WAS,A,L,17,28,,3,53,1,0,0,0,0,0,0,0,,,11.3,14.3,16162,False,targets;fum_rec_td;ret_td,PFR+RULE2PT,19531108-CRD-WAS,False,ret_td;fum_rec_td,False,True,ret_td;fum_rec_td,
Gern Nagler,1953,8,1953-11-15,False,CRD,RAM,H,T,24,24,,1,-1,0,0,0,0,0,0,0,0,,,-0.1,0.9,16162,False,targets;fum_rec_td;ret_td,PFR+RULE2PT,19531115-RAM-CRD,False,ret_td;fum_rec_td,False,True,ret_td;fum_rec_td,
Gern Nagler,1953,9,1953-11-21,False,CRD,PHI,A,L,0,38,,1,-2,0,0,0,0,0,0,0,0,,,-0.2,0.8,16162,False,targets;fum_rec_td;ret_td,PFR+RULE2PT,19531121-CRD-PHI,False,ret_td;fum_rec_td,False,True,ret_td;fum_rec_td,
Gern Nagler,1953,10,1953-11-29,False,CRD,CLE,A,L,16,27,,4,46,1,0,0,0,0,0,0,0,,,10.6,14.6,16162,False,targets;fum_rec_td;ret_td,PFR+RULE2PT,19531129-CRD-CLE,False,ret_td;fum_rec_td,False,True,ret_td;fum_rec_td,
Gern Nagler,1953,11,1953-12-06,False,CRD,PIT,H,L,17,21,,3,47,0,0,0,0,0,0,0,0,,,4.7,7.7,16162,False,targets;fum_rec_td;ret_td,PFR+RULE2PT,19531206-PIT-CRD,False,ret_td;fum_rec_td,False,True,ret_td;fum_rec_td,
Gern Nagler,1953,12,1953-12-13,False,CRD,CHI,A,W,24,17,,5,109,1,0,0,0,0,0,0,0,,,16.9,21.9,16162,False,targets;fum_rec_td;ret_td,PFR+RULE2PT,19531213-CRD-CHI,False,ret_td;fum_rec_td,False,True,ret_td;fum_rec_td,
Gern Nagler,1955,2,1955-10-02,False,CRD,NYG,H,W,28,17,,1,74,1,0,0,0,0,0,0,0,,,13.4,14.4,16162,False,targets;fum_rec_td;ret_td,PFR+RULE2PT,19551002-NYG-CRD,False,ret_td;fum_rec_td,False,True,ret_td;fum_rec_td,
Gern Nagler,1955,3,1955-10-09,False,CRD,WAS,A,W,24,10,,1,8,1,0,0,0,0,0,0,0,,,6.8,7.8,16162,False,targets;fum_rec_td;ret_td,PFR+RULE2PT,19551009-CRD-WAS,False,ret_td;fum_rec_td,False,True,ret_td;fum_rec_td,
Gern Nagler,1955,4,1955-10-16,False,CRD,NYG,A,L,0,10,,2,15,0,0,0,0,0,0,0,0,,,1.5,3.5,16162,False,targets;fum_rec_td;ret_td,PFR+RULE2PT,19551016-CRD-NYG,False,ret_td;fum_rec_td,False,True,ret_td;fum_rec_td,
Gern Nagler,1955,5,1955-10-23,False,CRD,PHI,H,T,24,24,,1,51,0,0,0,0,0,0,0,0,,,5.1,6.1,16162,False,targets;fum_rec_td;ret_td,PFR+RULE2PT,19551023-PHI-CRD,False,ret_td;fum_rec_td,False,True,ret_td;fum_rec_td,
Gern Nagler,1955,7,1955-11-05,False,CRD,PIT,H,W,27,13,,1,34,1,0,0,0,0,0,0,0,,,9.4,10.4,16162,False,targets;fum_rec_td;ret_td,PFR+RULE2PT,19551105-PIT-CRD,False,ret_td;fum_rec_td,False,True,ret_td;fum_rec_td,
Gern Nagler,1955,8,1955-11-13,False,CRD,GNB,A,L,14,31,,1,36,0,0,0,0,0,0,0,0,,,3.6,4.6,16162,False,targets;fum_rec_td;ret_td,PFR+RULE2PT,19551113-CRD-GNB,False,ret_td;fum_rec_td,False,True,ret_td;fum_rec_td,
Gern Nagler,1956,1,1956-09-30,False,CRD,CLE,H,W,9,7,,1,17,0,0,0,0,0,0,0,0,,,1.7,2.7,16162,False,targets;fum_rec_td;ret_td,PFR+RULE2PT,19560930-CLE-CRD,False,ret_td;fum_rec_td,False,True,ret_td;fum_rec_td,
Gern Nagler,1956,2,1956-10-07,False,CRD,NYG,H,W,35,27,,2,30,1,0,0,0,0,0,0,0,,,9.0,11.0,16162,False,targets;fum_rec_td;ret_td,PFR+RULE2PT,19561007-NYG-CRD,False,ret_td;fum_rec_td,False,True,ret_td;fum_rec_td,
Gern Nagler,1956,4,1956-10-21,False,CRD,PHI,A,W,20,6,,3,86,1,0,0,0,0,0,0,0,,,14.6,17.6,16162,False,targets;fum_rec_td;ret_td,PFR+RULE2PT,19561021-CRD-PHI,False,ret_td;fum_rec_td,False,True,ret_td;fum_rec_td,
Gern Nagler,1956,5,1956-10-28,False,CRD,WAS,H,L,14,17,,3,45,0,0,0,0,0,0,0,0,,,4.5,7.5,16162,False,targets;fum_rec_td;ret_td,PFR+RULE2PT,19561028-WAS-CRD,False,ret_td;fum_rec_td,False,True,ret_td;fum_rec_td,
Gern Nagler,1956,6,1956-11-04,False,CRD,PHI,H,W,28,17,,3,36,2,0,0,0,0,0,0,0,,,15.6,18.6,16162,False,targets;fum_rec_td;ret_td,PFR+RULE2PT,19561104-PHI-CRD,False,ret_td;fum_rec_td,False,True,ret_td;fum_rec_td,
Gern Nagler,1956,7,1956-11-11,False,CRD,NYG,A,L,10,23,,1,42,0,0,0,0,0,0,0,0,,,4.2,5.2,16162,False,targets;fum_rec_td;ret_td,PFR+RULE2PT,19561111-CRD-NYG,False,ret_td;fum_rec_td,False,True,ret_td;fum_rec_td,
Gern Nagler,1956,8,1956-11-18,False,CRD,PIT,A,L,7,14,,1,12,0,0,0,0,0,0,0,0,,,1.2,2.2,16162,False,targets;fum_rec_td;ret_td,PFR+RULE2PT,19561118-CRD-PIT,False,ret_td;fum_rec_td,False,True,ret_td;fum_rec_td,
Gern Nagler,1957,1,1957-09-29,False,CRD,SFO,A,W,20,10,,2,23,0,0,0,0,0,0,0,0,,,2.3,4.3,16162,False,targets;fum_rec_td;ret_td,PFR+RULE2PT,19570929-CRD-SFO,False,ret_td;fum_rec_td,False,True,ret_td;fum_rec_td,
Gern Nagler,1957,2,1957-10-06,False,CRD,WAS,H,L,14,37,,5,153,2,0,0,0,0,0,0,0,,,27.3,32.3,16162,False,targets;fum_rec_td;ret_td,PFR+RULE2PT,19571006-WAS-CRD,False,ret_td;fum_rec_td,False,True,ret_td;fum_rec_td,
Gern Nagler,1957,3,1957-10-13,False,CRD,PIT,A,L,20,29,,4,52,0,0,0,0,0,0,0,0,,,5.2,9.2,16162,False,targets;fum_rec_td;ret_td,PFR+RULE2PT,19571013-CRD-PIT,False,ret_td;fum_rec_td,False,True,ret_td;fum_rec_td,
Gern Nagler,1957,4,1957-10-20,False,CRD,WAS,A,W,44,14,,1,3,0,0,0,0,0,0,0,0,,,0.3,1.3,16162,False,targets;fum_rec_td;ret_td,PFR+RULE2PT,19571020-CRD-WAS,False,ret_td;fum_rec_td,False,True,ret_td;fum_rec_td,
Gern Nagler,1957,5,1957-10-27,False,CRD,CLE,H,L,7,17,,1,9,0,0,0,0,0,0,0,0,,,0.9,1.9,16162,False,targets;fum_rec_td;ret_td,PFR+RULE2PT,19571027-CLE-CRD,False,ret_td;fum_rec_td,False,True,ret_td;fum_rec_td,
Gern Nagler,1957,6,1957-11-03,False,CRD,PHI,H,L,21,38,,6,152,0,0,0,0,0,0,0,0,,,15.2,21.2,16162,False,targets;fum_rec_td;ret_td,PFR+RULE2PT,19571103-PHI-CRD,False,ret_td;fum_rec_td,False,True,ret_td;fum_rec_td,
Gern Nagler,1957,8,1957-11-24,False,CRD,NYG,H,L,21,28,,1,13,1,0,0,0,0,0,0,0,,,7.3,8.3,16162,False,targets;fum_rec_td;ret_td,PFR+RULE2PT,19571124-NYG-CRD,False,ret_td;fum_rec_td,False,True,ret_td;fum_rec_td,
Gern Nagler,1957,9,1957-12-01,False,CRD,CLE,A,L,0,31,,2,19,0,0,0,0,0,0,0,0,,,1.9,3.9,16162,False,targets;fum_rec_td;ret_td,PFR+RULE2PT,19571201-CRD-CLE,False,ret_td;fum_rec_td,False,True,ret_td;fum_rec_td,
Gern Nagler,1957,10,1957-12-08,False,CRD,CHI,H,L,6,14,,2,11,1,0,0,0,0,0,0,0,,,7.1,9.1,16162,False,targets;fum_rec_td;ret_td,PFR+RULE2PT,19571208-CHI-CRD,False,ret_td;fum_rec_td,False,True,ret_td;fum_rec_td,
Gern Nagler,1957,11,1957-12-14,False,CRD,PHI,A,W,31,27,,1,10,0,0,0,0,0,0,0,0,,,1.0,2.0,16162,False,targets;fum_rec_td;ret_td,PFR+RULE2PT,19571214-CRD-PHI,False,ret_td;fum_rec_td,False,True,ret_td;fum_rec_td,
Gern Nagler,1957,12,1957-12-22,False,CRD,PIT,H,L,2,27,,2,30,0,0,0,0,0,0,0,0,,,3.0,5.0,16162,False,targets;fum_rec_td;ret_td,PFR+RULE2PT,19571222-PIT-CRD,False,ret_td;fum_rec_td,False,True,ret_td;fum_rec_td,
Gern Nagler,1958,1,1958-09-28,False,CRD,NYG,H,L,7,37,,5,68,0,0,0,0,0,0,0,0,,,6.8,11.8,16162,False,targets;fum_rec_td;ret_td,PFR+RULE2PT,19580928-NYG-CRD,False,ret_td;fum_rec_td,False,True,ret_td;fum_rec_td,
Gern Nagler,1958,2,1958-10-04,False,CRD,WAS,H,W,37,10,,2,49,0,0,0,0,0,0,0,0,,,4.9,6.9,16162,False,targets;fum_rec_td;ret_td,PFR+RULE2PT,19581004-WAS-CRD,False,ret_td;fum_rec_td,False,True,ret_td;fum_rec_td,
Gern Nagler,1958,3,1958-10-12,False,CRD,CLE,A,L,28,35,,1,24,1,0,0,0,0,0,0,0,,,8.4,9.4,16162,False,targets;fum_rec_td;ret_td,PFR+RULE2PT,19581012-CRD-CLE,False,ret_td;fum_rec_td,False,True,ret_td;fum_rec_td,
Gern Nagler,1958,4,1958-10-19,False,CRD,NYG,A,W,23,6,,6,78,2,0,0,0,0,0,0,0,,,19.8,25.8,16162,False,targets;fum_rec_td;ret_td,PFR+RULE2PT,19581019-CRD-NYG,False,ret_td;fum_rec_td,False,True,ret_td;fum_rec_td,
Gern Nagler,1958,5,1958-10-26,False,CRD,CLE,H,L,24,38,,4,70,1,0,0,0,0,0,0,0,,,13.0,17.0,16162,False,targets;fum_rec_td;ret_td,PFR+RULE2PT,19581026-CLE-CRD,False,ret_td;fum_rec_td,False,True,ret_td;fum_rec_td,
Gern Nagler,1958,6,1958-11-02,False,CRD,PHI,H,T,21,21,,4,27,0,0,0,0,0,0,0,0,,,2.7,6.7,16162,False,targets;fum_rec_td;ret_td,PFR+RULE2PT,19581102-PHI-CRD,False,ret_td;fum_rec_td,False,True,ret_td;fum_rec_td,
Gern Nagler,1958,7,1958-11-09,False,CRD,WAS,A,L,31,45,,2,53,1,0,0,0,0,0,0,0,,,11.3,13.3,16162,False,targets;fum_rec_td;ret_td,PFR+RULE2PT,19581109-CRD-WAS,False,ret_td;fum_rec_td,False,True,ret_td;fum_rec_td,
Gern Nagler,1958,8,1958-11-16,False,CRD,PHI,A,L,21,49,,1,9,0,0,0,0,0,0,0,0,,,0.9,1.9,16162,False,targets;fum_rec_td;ret_td,PFR+RULE2PT,19581116-CRD-PHI,False,ret_td;fum_rec_td,False,True,ret_td;fum_rec_td,
Gern Nagler,1958,9,1958-11-23,False,CRD,PIT,H,L,20,27,,1,36,0,0,0,0,0,0,0,0,,,3.6,4.6,16162,False,targets;fum_rec_td;ret_td,PFR+RULE2PT,19581123-PIT-CRD,False,ret_td;fum_rec_td,False,True,ret_td;fum_rec_td,
Gern Nagler,1958,10,1958-11-30,False,CRD,RAM,H,L,14,20,,2,2,0,0,0,0,0,0,0,0,,,0.2,2.2,16162,False,targets;fum_rec_td;ret_td,PFR+RULE2PT,19581130-RAM-CRD,False,ret_td;fum_rec_td,False,True,ret_td;fum_rec_td,
Gern Nagler,1958,11,1958-12-07,False,CRD,CHI,A,L,14,30,,2,6,0,0,0,0,0,0,0,0,,,0.6,2.6,16162,False,targets;fum_rec_td;ret_td,PFR+RULE2PT,19581207-CRD-CHI,False,ret_td;fum_rec_td,False,True,ret_td;fum_rec_td,
Gern Nagler,1958,12,1958-12-13,False,CRD,PIT,A,L,21,38,,6,47,0,0,0,0,0,0,0,0,,,4.7,10.7,16162,False,targets;fum_rec_td;ret_td,PFR+RULE2PT,19581213-CRD-PIT,False,ret_td;fum_rec_td,False,True,ret_td;fum_rec_td,
Gern Nagler,1959,2,1959-10-04,False,PIT,WAS,H,L,17,23,,1,12,0,0,0,0,0,0,0,0,,,1.2,2.2,16162,False,targets;fum_rec_td;ret_td,PFR+RULE2PT,19591004-WAS-PIT,False,ret_td;fum_rec_td,False,True,ret_td;fum_rec_td,
Gern Nagler,1959,3,1959-10-11,False,PIT,PHI,A,L,24,28,,1,16,0,0,0,0,0,0,0,0,,,1.6,2.6,16162,False,targets;fum_rec_td;ret_td,PFR+RULE2PT,19591011-PIT-PHI,False,ret_td;fum_rec_td,False,True,ret_td;fum_rec_td,
Gern Nagler,1959,8,1959-11-15,False,PIT,NYG,A,W,14,9,,2,28,0,0,0,0,0,0,0,0,,,2.8,4.8,16162,False,targets;fum_rec_td;ret_td,PFR+RULE2PT,19591115-PIT-NYG,False,ret_td;fum_rec_td,False,True,ret_td;fum_rec_td,
Gern Nagler,1959,9,1959-11-22,False,PIT,CLE,A,W,21,20,,4,63,1,0,0,0,0,0,0,0,,,12.3,16.3,16162,False,targets;fum_rec_td;ret_td,PFR+RULE2PT,19591122-PIT-CLE,False,ret_td;fum_rec_td,False,True,ret_td;fum_rec_td,
Gern Nagler,1959,10,1959-11-29,False,PIT,PHI,H,W,31,0,,3,36,1,0,0,0,0,0,0,0,,,9.6,12.6,16162,False,targets;fum_rec_td;ret_td,PFR+RULE2PT,19591129-PHI-PIT,False,ret_td;fum_rec_td,False,True,ret_td;fum_rec_td,
Gern Nagler,1959,11,1959-12-06,False,PIT,CHI,A,L,21,27,,3,67,0,0,0,0,0,0,0,0,,,6.7,9.7,16162,False,targets;fum_rec_td;ret_td,PFR+RULE2PT,19591206-PIT-CHI,False,ret_td;fum_rec_td,False,True,ret_td;fum_rec_td,
Dave Middleton,1955,1,1955-09-25,False,DET,GNB,A,L,17,20,,1,13,0,5,20,0,0,0,0,0,,,3.3,4.3,15221,False,targets;fum_rec_td;ret_td,PFR+RULE2PT,19550925-DET-GNB,False,ret_td;fum_rec_td,False,True,ret_td;fum_rec_td,
Dave Middleton,1955,2,1955-10-01,False,DET,BAL,A,L,13,28,,2,-4,0,9,26,0,0,0,0,0,,,2.2,4.2,15221,False,targets;fum_rec_td;ret_td,PFR+RULE2PT,19551001-DET-BAL,False,ret_td;fum_rec_td,False,True,ret_td;fum_rec_td,
Dave Middleton,1955,3,1955-10-09,False,DET,RAM,H,L,10,17,,4,4,0,19,68,0,0,0,0,0,,,7.2,11.2,15221,False,targets;fum_rec_td;ret_td,PFR+RULE2PT,19551009-RAM-DET,False,ret_td;fum_rec_td,False,True,ret_td;fum_rec_td,
Dave Middleton,1955,4,1955-10-16,False,DET,SFO,H,L,24,27,,1,5,0,17,69,2,0,0,0,0,,,19.4,20.4,15221,False,targets;fum_rec_td;ret_td,PFR+RULE2PT,19551016-SFO-DET,False,ret_td;fum_rec_td,False,True,ret_td;fum_rec_td,
Dave Middleton,1955,5,1955-10-23,False,DET,RAM,A,L,13,24,,3,25,0,8,18,0,0,0,0,0,,,4.3,7.3,15221,False,targets;fum_rec_td;ret_td,PFR+RULE2PT,19551023-DET-RAM,False,ret_td;fum_rec_td,False,True,ret_td;fum_rec_td,
Dave Middleton,1955,6,1955-10-30,False,DET,SFO,A,L,21,38,,9,144,0,0,0,0,0,0,0,0,,,14.4,23.4,15221,False,targets;fum_rec_td;ret_td,PFR+RULE2PT,19551030-DET-SFO,False,ret_td;fum_rec_td,False,True,ret_td;fum_rec_td,
Dave Middleton,1955,7,1955-11-05,False,DET,BAL,H,W,24,14,,4,82,1,0,0,0,0,0,0,0,,,14.2,18.2,15221,False,targets;fum_rec_td;ret_td,PFR+RULE2PT,19551105-BAL-DET,False,ret_td;fum_rec_td,False,True,ret_td;fum_rec_td,
Dave Middleton,1955,8,1955-11-13,False,DET,PIT,A,W,31,28,,5,102,1,1,0,0,0,0,0,0,,,16.2,21.2,15221,False,targets;fum_rec_td;ret_td,PFR+RULE2PT,19551113-DET-PIT,False,ret_td;fum_rec_td,False,True,ret_td;fum_rec_td,
Dave Middleton,1955,9,1955-11-20,False,DET,CHI,H,L,14,24,,8,168,1,0,0,0,0,0,0,0,,,22.8,30.8,15221,False,targets;fum_rec_td;ret_td,PFR+RULE2PT,19551120-CHI-DET,False,ret_td;fum_rec_td,False,True,ret_td;fum_rec_td,
Dave Middleton,1955,10,1955-11-24,False,DET,GNB,H,W,24,10,,4,59,0,0,0,0,0,0,0,0,,,5.9,9.9,15221,False,targets;fum_rec_td;ret_td,PFR+RULE2PT,19551124-GNB-DET,False,ret_td;fum_rec_td,False,True,ret_td;fum_rec_td,
Dave Middleton,1955,11,1955-12-04,False,DET,CHI,A,L,20,21,,2,62,0,0,0,0,0,0,0,0,,,6.2,8.2,15221,False,targets;fum_rec_td;ret_td,PFR+RULE2PT,19551204-DET-CHI,False,ret_td;fum_rec_td,False,True,ret_td;fum_rec_td,
Dave Middleton,1955,12,1955-12-11,False,DET,NYG,H,L,19,24,,1,3,0,0,0,0,0,0,0,0,,,0.3,1.3,15221,False,targets;fum_rec_td;ret_td,PFR+RULE2PT,19551211-NYG-DET,False,ret_td;fum_rec_td,False,True,ret_td;fum_rec_td,
Dave Middleton,1956,1,1956-09-30,False,DET,GNB,A,W,20,16,,3,65,0,0,0,0,0,0,0,0,,,6.5,9.5,15221,False,targets;fum_rec_td;ret_td,PFR+RULE2PT,19560930-DET-GNB,False,ret_td;fum_rec_td,False,True,ret_td;fum_rec_td,
Dave Middleton,1956,2,1956-10-06,False,DET,BAL,A,W,31,14,,3,43,0,0,0,0,0,0,0,0,,,4.3,7.3,15221,False,targets;fum_rec_td;ret_td,PFR+RULE2PT,19561006-DET-BAL,False,ret_td;fum_rec_td,False,True,ret_td;fum_rec_td,
Dave Middleton,1956,3,1956-10-14,False,DET,RAM,H,W,24,21,,4,41,0,0,0,0,0,0,0,0,,,4.1,8.1,15221,False,targets;fum_rec_td;ret_td,PFR+RULE2PT,19561014-RAM-DET,False,ret_td;fum_rec_td,False,True,ret_td;fum_rec_td,
Dave Middleton,1956,4,1956-10-21,False,DET,SFO,H,W,20,17,,4,47,0,0,0,0,0,0,0,0,,,4.7,8.7,15221,False,targets;fum_rec_td;ret_td,PFR+RULE2PT,19561021-SFO-DET,False,ret_td;fum_rec_td,False,True,ret_td;fum_rec_td,
Dave Middleton,1956,5,1956-10-28,False,DET,RAM,A,W,16,7,,2,25,0,0,0,0,0,0,0,0,,,2.5,4.5,15221,False,targets;fum_rec_td;ret_td,PFR+RULE2PT,19561028-DET-RAM,False,ret_td;fum_rec_td,False,True,ret_td;fum_rec_td,
Dave Middleton,1956,6,1956-11-04,False,DET,SFO,A,W,17,13,,0,0,0,1,10,0,0,0,0,0,,,1.0,1.0,15221,False,targets;fum_rec_td;ret_td,PFR+RULE2PT,19561104-DET-SFO,False,ret_td;fum_rec_td,False,True,ret_td;fum_rec_td,
Dave Middleton,1956,7,1956-11-11,False,DET,WAS,A,L,17,18,,5,59,1,0,0,0,0,0,0,0,,,11.9,16.9,15221,False,targets;fum_rec_td;ret_td,PFR+RULE2PT,19561111-DET-WAS,False,ret_td;fum_rec_td,False,True,ret_td;fum_rec_td,
Dave Middleton,1956,8,1956-11-18,False,DET,BAL,H,W,27,3,,3,28,1,1,-2,0,0,0,0,0,,,8.6,11.6,15221,False,targets;fum_rec_td;ret_td,PFR+RULE2PT,19561118-BAL-DET,False,ret_td;fum_rec_td,False,True,ret_td;fum_rec_td,
Dave Middleton,1956,9,1956-11-22,False,DET,GNB,H,L,20,24,,2,69,1,1,1,0,0,0,0,0,,,13.0,15.0,15221,False,targets;fum_rec_td;ret_td,PFR+RULE2PT,19561122-GNB-DET,False,ret_td;fum_rec_td,False,True,ret_td;fum_rec_td,
Dave Middleton,1956,10,1956-12-02,False,DET,CHI,H,W,42,10,,7,146,2,0,0,0,0,0,0,0,,,26.6,33.6,15221,False,targets;fum_rec_td;ret_td,PFR+RULE2PT,19561202-CHI-DET,False,ret_td;fum_rec_td,False,True,ret_td;fum_rec_td,
Dave Middleton,1956,11,1956-12-09,False,DET,PIT,H,W,45,7,,1,12,0,0,0,0,0,0,0,0,,,1.2,2.2,15221,False,targets;fum_rec_td;ret_td,PFR+RULE2PT,19561209-PIT-DET,False,ret_td;fum_rec_td,False,True,ret_td;fum_rec_td,
Dave Middleton,1956,12,1956-12-16,False,DET,CHI,A,L,21,38,,5,71,0,0,0,0,0,0,0,0,,,7.1,12.1,15221,False,targets;fum_rec_td;ret_td,PFR+RULE2PT,19561216-DET-CHI,False,ret_td;fum_rec_td,False,True,ret_td;fum_rec_td,
Dave Middleton,1957,1,1957-09-29,False,DET,BAL,A,L,14,34,,3,86,0,0,0,0,0,0,0,0,,,8.6,11.6,15221,False,targets;fum_rec_td;ret_td,PFR+RULE2PT,19570929-DET-BAL,False,ret_td;fum_rec_td,False,True,ret_td;fum_rec_td,
Dave Middleton,1957,5,1957-10-27,False,DET,RAM,A,L,17,35,,1,11,0,0,0,0,0,0,0,0,,,1.1,2.1,15221,False,targets;fum_rec_td;ret_td,PFR+RULE2PT,19571027-DET-RAM,False,ret_td;fum_rec_td,False,True,ret_td;fum_rec_td,
Dave Middleton,1957,8,1957-11-17,False,DET,SFO,H,W,31,10,,1,19,0,0,0,0,0,0,0,0,,,1.9,2.9,15221,False,targets;fum_rec_td;ret_td,PFR+RULE2PT,19571117-SFO-DET,False,ret_td;fum_rec_td,False,True,ret_td;fum_rec_td,
Dave Middleton,1957,9,1957-11-24,False,DET,CHI,H,L,7,27,,3,28,0,0,0,0,0,0,0,0,,,2.8,5.8,15221,False,targets;fum_rec_td;ret_td,PFR+RULE2PT,19571124-CHI-DET,False,ret_td;fum_rec_td,False,True,ret_td;fum_rec_td,
Dave Middleton,1957,11,1957-12-08,False,DET,CLE,H,W,20,7,,3,63,1,0,0,0,0,0,0,0,,,12.3,15.3,15221,False,targets;fum_rec_td;ret_td,PFR+RULE2PT,19571208-CLE-DET,False,ret_td;fum_rec_td,False,True,ret_td;fum_rec_td,
Dave Middleton,1957,12,1957-12-15,False,DET,CHI,A,W,21,13,,7,87,1,0,0,0,0,0,0,0,,,14.7,21.7,15221,False,targets;fum_rec_td;ret_td,PFR+RULE2PT,19571215-DET-CHI,False,ret_td;fum_rec_td,False,True,ret_td;fum_rec_td,
Dave Middleton,1957,13,1957-12-22,True,DET,SFO,A,W,31,27,,2,27,0,0,0,0,0,0,0,0,,,2.7,4.7,15221,False,targets;fum_rec_td;ret_td,PFR+RULE2PT,19571222-DET-SFO,False,ret_td;fum_rec_td,False,True,ret_td;fum_rec_td,
Dave Middleton,1957,14,1957-12-29,True,DET,CLE,H,W,59,14,,1,32,1,0,0,0,0,0,0,0,,,9.2,10.2,15221,False,targets;fum_rec_td;ret_td,PFR+RULE2PT,19571229-CLE-DET,False,ret_td;fum_rec_td,False,True,ret_td;fum_rec_td,
Dave Middleton,1958,1,1958-09-28,False,DET,BAL,A,L,15,28,,3,42,0,0,0,0,0,0,0,0,,,4.2,7.2,15221,False,targets;fum_rec_td;ret_td,PFR+RULE2PT,19580928-DET-BAL,False,ret_td;fum_rec_td,False,True,ret_td;fum_rec_td,
Dave Middleton,1958,2,1958-10-05,False,DET,GNB,A,T,13,13,,4,50,0,0,0,0,0,0,0,0,,,5.0,9.0,15221,False,targets;fum_rec_td;ret_td,PFR+RULE2PT,19581005-DET-GNB,False,ret_td;fum_rec_td,False,True,ret_td;fum_rec_td,
Dave Middleton,1958,3,1958-10-12,False,DET,RAM,H,L,28,42,,1,14,0,0,0,0,0,0,0,0,,,1.4,2.4,15221,False,targets;fum_rec_td;ret_td,PFR+RULE2PT,19581012-RAM-DET,False,ret_td;fum_rec_td,False,True,ret_td;fum_rec_td,
Dave Middleton,1958,4,1958-10-19,False,DET,BAL,H,L,14,40,,5,85,0,0,0,0,0,0,0,0,,,8.5,13.5,15221,False,targets;fum_rec_td;ret_td,PFR+RULE2PT,19581019-BAL-DET,False,ret_td;fum_rec_td,False,True,ret_td;fum_rec_td,
Dave Middleton,1958,5,1958-10-26,False,DET,RAM,A,W,41,24,,3,44,1,0,0,0,0,0,0,0,,,10.4,13.4,15221,False,targets;fum_rec_td;ret_td,PFR+RULE2PT,19581026-DET-RAM,False,ret_td;fum_rec_td,False,True,ret_td;fum_rec_td,
Dave Middleton,1958,6,1958-11-02,False,DET,SFO,A,L,21,24,,2,1,0,2,1,0,0,0,0,0,,,0.2,2.2,15221,False,targets;fum_rec_td;ret_td,PFR+RULE2PT,19581102-DET-SFO,False,ret_td;fum_rec_td,False,True,ret_td;fum_rec_td,
Dave Middleton,1958,7,1958-11-09,False,DET,CLE,A,W,30,10,,2,66,0,0,0,0,0,0,0,0,,,6.6,8.6,15221,False,targets;fum_rec_td;ret_td,PFR+RULE2PT,19581109-DET-CLE,False,ret_td;fum_rec_td,False,True,ret_td;fum_rec_td,
Dave Middleton,1958,8,1958-11-16,False,DET,SFO,H,W,35,21,,3,44,1,0,0,0,0,0,0,0,,,10.4,13.4,15221,False,targets;fum_rec_td;ret_td,PFR+RULE2PT,19581116-SFO-DET,False,ret_td;fum_rec_td,False,True,ret_td;fum_rec_td,
Dave Middleton,1958,11,1958-12-07,False,DET,NYG,H,L,17,19,,1,16,0,0,0,0,0,0,0,0,,,1.6,2.6,15221,False,targets;fum_rec_td;ret_td,PFR+RULE2PT,19581207-NYG-DET,False,ret_td;fum_rec_td,False,True,ret_td;fum_rec_td,
Dave Middleton,1958,12,1958-12-14,False,DET,CHI,A,L,16,21,,5,144,1,0,0,0,0,0,0,0,,,20.4,25.4,15221,False,targets;fum_rec_td;ret_td,PFR+RULE2PT,19581214-DET-CHI,False,ret_td;fum_rec_td,False,True,ret_td;fum_rec_td,
Dave Middleton,1959,2,1959-10-04,False,DET,GNB,A,L,10,28,,3,24,0,0,0,0,0,0,0,0,,,2.4,5.4,15221,False,targets;fum_rec_td;ret_td,PFR+RULE2PT,19591004-DET-GNB,False,ret_td;fum_rec_td,False,True,ret_td;fum_rec_td,
Dave Middleton,1959,5,1959-10-25,False,DET,RAM,A,W,17,7,,1,12,0,0,0,0,0,0,0,0,,,1.2,2.2,15221,False,targets;fum_rec_td;ret_td,PFR+RULE2PT,19591025-DET-RAM,False,ret_td;fum_rec_td,False,True,ret_td;fum_rec_td,
Dave Middleton,1959,6,1959-11-01,False,DET,SFO,A,L,7,33,,3,61,0,0,0,0,0,0,0,0,,,6.1,9.1,15221,False,targets;fum_rec_td;ret_td,PFR+RULE2PT,19591101-DET-SFO,False,ret_td;fum_rec_td,False,True,ret_td;fum_rec_td,
Dave Middleton,1959,7,1959-11-08,False,DET,PIT,A,T,10,10,,1,16,0,0,0,0,0,0,0,0,,,1.6,2.6,15221,False,targets;fum_rec_td;ret_td,PFR+RULE2PT,19591108-DET-PIT,False,ret_td;fum_rec_td,False,True,ret_td;fum_rec_td,
Dave Middleton,1959,8,1959-11-15,False,DET,RAM,H,W,23,17,,1,79,1,0,0,0,0,0,0,0,,,13.9,14.9,15221,False,targets;fum_rec_td;ret_td,PFR+RULE2PT,19591115-RAM-DET,False,ret_td;fum_rec_td,False,True,ret_td;fum_rec_td,
Dave Middleton,1959,9,1959-11-22,False,DET,CHI,H,L,14,24,,1,32,0,0,0,0,0,0,0,0,,,3.2,4.2,15221,False,targets;fum_rec_td;ret_td,PFR+RULE2PT,19591122-CHI-DET,False,ret_td;fum_rec_td,False,True,ret_td;fum_rec_td,
Dave Middleton,1959,10,1959-11-26,False,DET,GNB,H,L,17,24,,1,25,0,0,0,0,0,0,0,0,,,2.5,3.5,15221,False,targets;fum_rec_td;ret_td,PFR+RULE2PT,19591126-GNB-DET,False,ret_td;fum_rec_td,False,True,ret_td;fum_rec_td,
Dave Middleton,1959,11,1959-12-06,False,DET,CRD,H,W,45,21,,4,97,1,0,0,0,0,0,0,0,,,15.7,19.7,15221,False,targets;fum_rec_td;ret_td,PFR+RULE2PT,19591206-CRD-DET,False,ret_td;fum_rec_td,False,True,ret_td;fum_rec_td,
Dave Middleton,1959,12,1959-12-13,False,DET,CHI,A,L,14,25,,3,56,0,0,0,0,0,0,0,0,,,5.6,8.6,15221,False,targets;fum_rec_td;ret_td,PFR+RULE2PT,19591213-DET-CHI,False,ret_td;fum_rec_td,False,True,ret_td;fum_rec_td,
Bill McColl,1952,1,1952-09-28,False,CHI,GNB,A,W,24,14,,1,5,0,0,0,0,0,0,0,0,,,0.5,1.5,14552,False,targets;fum_rec_td;ret_td,PFR+RULE2PT,19520928-CHI-GNB,False,ret_td;fum_rec_td,False,True,ret_td;fum_rec_td,
Bill McColl,1952,2,1952-10-05,False,CHI,CRD,A,L,10,21,,2,34,0,0,0,0,0,0,0,0,,,3.4,5.4,14552,False,targets;fum_rec_td;ret_td,PFR+RULE2PT,19521005-CHI-CRD,False,ret_td;fum_rec_td,False,True,ret_td;fum_rec_td,
Bill McColl,1952,6,1952-11-02,False,CHI,SFO,A,W,20,17,,1,29,0,0,0,0,0,0,0,0,,,2.9,3.9,14552,False,targets;fum_rec_td;ret_td,PFR+RULE2PT,19521102-CHI-SFO,False,ret_td;fum_rec_td,False,True,ret_td;fum_rec_td,
Bill McColl,1952,7,1952-11-09,False,CHI,GNB,H,L,28,41,,2,33,0,0,0,0,0,0,0,0,,,3.3,5.3,14552,False,targets;fum_rec_td;ret_td,PFR+RULE2PT,19521109-GNB-CHI,False,ret_td;fum_rec_td,False,True,ret_td;fum_rec_td,
Bill McColl,1952,8,1952-11-16,False,CHI,RAM,H,L,24,40,,4,48,1,0,0,0,0,0,0,0,,,10.8,14.8,14552,False,targets;fum_rec_td;ret_td,PFR+RULE2PT,19521116-RAM-CHI,False,ret_td;fum_rec_td,False,True,ret_td;fum_rec_td,
Bill McColl,1952,9,1952-11-23,False,CHI,DET,H,W,24,23,,2,18,0,0,0,0,0,0,0,0,,,1.8,3.8,14552,False,targets;fum_rec_td;ret_td,PFR+RULE2PT,19521123-DET-CHI,False,ret_td;fum_rec_td,False,True,ret_td;fum_rec_td,
Bill McColl,1952,11,1952-12-07,False,CHI,DET,A,L,21,45,,4,57,1,0,0,0,0,0,0,0,,,11.7,15.7,14552,False,targets;fum_rec_td;ret_td,PFR+RULE2PT,19521207-CHI-DET,False,ret_td;fum_rec_td,False,True,ret_td;fum_rec_td,
Bill McColl,1953,1,1953-09-27,False,CHI,BAL,A,L,9,13,,5,47,0,0,0,0,0,0,0,0,,,4.7,9.7,14552,False,targets;fum_rec_td;ret_td,PFR+RULE2PT,19530927-CHI-BAL,False,ret_td;fum_rec_td,False,True,ret_td;fum_rec_td,
Bill McColl,1953,2,1953-10-04,False,CHI,GNB,A,W,17,13,,2,20,0,0,0,0,0,0,0,0,,,2.0,4.0,14552,False,targets;fum_rec_td;ret_td,PFR+RULE2PT,19531004-CHI-GNB,False,ret_td;fum_rec_td,False,True,ret_td;fum_rec_td,
Bill McColl,1953,3,1953-10-11,False,CHI,BAL,H,L,14,16,,6,61,2,0,0,0,0,0,0,0,,,18.1,24.1,14552,False,targets;fum_rec_td;ret_td,PFR+RULE2PT,19531011-BAL-CHI,False,ret_td;fum_rec_td,False,True,ret_td;fum_rec_td,
Bill McColl,1953,4,1953-10-18,False,CHI,SFO,H,L,28,35,,2,43,0,0,0,0,0,0,0,0,,,4.3,6.3,14552,False,targets;fum_rec_td;ret_td,PFR+RULE2PT,19531018-SFO-CHI,False,ret_td;fum_rec_td,False,True,ret_td;fum_rec_td,
Bill McColl,1953,5,1953-10-25,False,CHI,RAM,A,L,24,38,,5,52,0,0,0,0,0,0,0,0,,,5.2,10.2,14552,False,targets;fum_rec_td;ret_td,PFR+RULE2PT,19531025-CHI-RAM,False,ret_td;fum_rec_td,False,True,ret_td;fum_rec_td,
Bill McColl,1953,6,1953-11-01,False,CHI,SFO,A,L,14,24,,2,15,1,0,0,0,0,0,0,0,,,7.5,9.5,14552,False,targets;fum_rec_td;ret_td,PFR+RULE2PT,19531101-CHI-SFO,False,ret_td;fum_rec_td,False,True,ret_td;fum_rec_td,
Bill McColl,1953,7,1953-11-08,False,CHI,GNB,H,T,21,21,,5,60,0,0,0,0,0,0,0,0,,,6.0,11.0,14552,False,targets;fum_rec_td;ret_td,PFR+RULE2PT,19531108-GNB-CHI,False,ret_td;fum_rec_td,False,True,ret_td;fum_rec_td,
Bill McColl,1953,8,1953-11-15,False,CHI,WAS,A,W,27,24,,2,40,0,0,0,0,0,0,0,0,,,4.0,6.0,14552,False,targets;fum_rec_td;ret_td,PFR+RULE2PT,19531115-CHI-WAS,False,ret_td;fum_rec_td,False,True,ret_td;fum_rec_td,
Bill McColl,1953,9,1953-11-22,False,CHI,DET,H,L,16,20,,4,78,1,0,0,0,0,0,0,0,,,13.8,17.8,14552,False,targets;fum_rec_td;ret_td,PFR+RULE2PT,19531122-DET-CHI,False,ret_td;fum_rec_td,False,True,ret_td;fum_rec_td,
Bill McColl,1953,11,1953-12-06,False,CHI,DET,A,L,7,13,,2,31,0,0,0,0,0,0,0,0,,,3.1,5.1,14552,False,targets;fum_rec_td;ret_td,PFR+RULE2PT,19531206-CHI-DET,False,ret_td;fum_rec_td,False,True,ret_td;fum_rec_td,
Bill McColl,1953,12,1953-12-13,False,CHI,CRD,H,L,17,24,,1,6,0,0,0,0,0,0,0,0,,,0.6,1.6,14552,False,targets;fum_rec_td;ret_td,PFR+RULE2PT,19531213-CRD-CHI,False,ret_td;fum_rec_td,False,True,ret_td;fum_rec_td,
Bill McColl,1954,4,1954-10-17,False,CHI,SFO,H,L,24,31,,3,57,1,0,0,0,0,0,0,0,,,11.7,14.7,14552,False,targets;fum_rec_td;ret_td,PFR+RULE2PT,19541017-SFO-CHI,False,ret_td;fum_rec_td,False,True,ret_td;fum_rec_td,
Bill McColl,1954,5,1954-10-24,False,CHI,RAM,A,L,38,42,,8,110,1,0,0,0,0,0,0,0,,,17.0,25.0,14552,False,targets;fum_rec_td;ret_td,PFR+RULE2PT,19541024-CHI-RAM,False,ret_td;fum_rec_td,False,True,ret_td;fum_rec_td,
Bill McColl,1954,6,1954-10-31,False,CHI,SFO,A,W,31,27,,2,28,0,0,0,0,0,0,0,0,,,2.8,4.8,14552,False,targets;fum_rec_td;ret_td,PFR+RULE2PT,19541031-CHI-SFO,False,ret_td;fum_rec_td,False,True,ret_td;fum_rec_td,
Bill McColl,1954,7,1954-11-07,False,CHI,GNB,H,W,28,23,,2,30,0,0,0,0,0,0,0,0,,,3.0,5.0,14552,False,targets;fum_rec_td;ret_td,PFR+RULE2PT,19541107-GNB-CHI,False,ret_td;fum_rec_td,False,True,ret_td;fum_rec_td,
Bill McColl,1954,8,1954-11-14,False,CHI,CLE,H,L,10,39,,2,20,0,0,0,0,0,0,0,0,,,2.0,4.0,14552,False,targets;fum_rec_td;ret_td,PFR+RULE2PT,19541114-CLE-CHI,False,ret_td;fum_rec_td,False,True,ret_td;fum_rec_td,
Bill McColl,1954,9,1954-11-21,False,CHI,BAL,A,W,28,13,,3,44,0,0,0,0,0,0,0,0,,,4.4,7.4,14552,False,targets;fum_rec_td;ret_td,PFR+RULE2PT,19541121-CHI-BAL,False,ret_td;fum_rec_td,False,True,ret_td;fum_rec_td,
Bill McColl,1954,10,1954-11-28,False,CHI,RAM,H,W,24,13,,1,13,0,0,0,0,0,0,0,0,,,1.3,2.3,14552,False,targets;fum_rec_td;ret_td,PFR+RULE2PT,19541128-RAM-CHI,False,ret_td;fum_rec_td,False,True,ret_td;fum_rec_td,
Bill McColl,1954,11,1954-12-05,False,CHI,CRD,A,W,29,7,,3,66,0,0,0,0,0,0,0,0,,,6.6,9.6,14552,False,targets;fum_rec_td;ret_td,PFR+RULE2PT,19541205-CHI-CRD,False,ret_td;fum_rec_td,False,True,ret_td;fum_rec_td,
Bill McColl,1955,1,1955-09-25,False,CHI,BAL,A,L,17,23,,8,84,0,0,0,0,59,0,0,0,,,10.76,18.76,14552,False,targets;fum_rec_td;ret_td,PFR+RULE2PT,19550925-CHI-BAL,False,ret_td;fum_rec_td,False,True,ret_td;fum_rec_td,
Bill McColl,1955,3,1955-10-09,False,CHI,SFO,H,L,19,20,,2,36,0,0,0,0,0,0,0,0,,,3.6,5.6,14552,False,targets;fum_rec_td;ret_td,PFR+RULE2PT,19551009-SFO-CHI,False,ret_td;fum_rec_td,False,True,ret_td;fum_rec_td,
Bill McColl,1955,4,1955-10-16,False,CHI,BAL,H,W,38,10,,1,37,1,0,0,0,0,0,0,0,,,9.7,10.7,14552,False,targets;fum_rec_td;ret_td,PFR+RULE2PT,19551016-BAL-CHI,False,ret_td;fum_rec_td,False,True,ret_td;fum_rec_td,
Bill McColl,1955,5,1955-10-23,False,CHI,SFO,A,W,34,23,,4,79,1,0,0,0,0,0,0,0,,,13.9,17.9,14552,False,targets;fum_rec_td;ret_td,PFR+RULE2PT,19551023-CHI-SFO,False,ret_td;fum_rec_td,False,True,ret_td;fum_rec_td,
Bill McColl,1955,6,1955-10-30,False,CHI,RAM,A,W,31,20,,3,42,0,0,0,0,0,0,0,0,,,4.2,7.2,14552,False,targets;fum_rec_td;ret_td,PFR+RULE2PT,19551030-CHI-RAM,False,ret_td;fum_rec_td,False,True,ret_td;fum_rec_td,
Bill McColl,1955,7,1955-11-06,False,CHI,GNB,H,W,52,31,,2,34,1,0,0,0,0,0,0,0,,,9.4,11.4,14552,False,targets;fum_rec_td;ret_td,PFR+RULE2PT,19551106-GNB-CHI,False,ret_td;fum_rec_td,False,True,ret_td;fum_rec_td,
Bill McColl,1955,8,1955-11-13,False,CHI,RAM,H,W,24,3,,3,30,0,0,0,0,0,0,0,0,,,3.0,6.0,14552,False,targets;fum_rec_td;ret_td,PFR+RULE2PT,19551113-RAM-CHI,False,ret_td;fum_rec_td,False,True,ret_td;fum_rec_td,
Bill McColl,1955,9,1955-11-20,False,CHI,DET,A,W,24,14,,4,54,1,0,0,0,0,0,0,0,,,11.4,15.4,14552,False,targets;fum_rec_td;ret_td,PFR+RULE2PT,19551120-CHI-DET,False,ret_td;fum_rec_td,False,True,ret_td;fum_rec_td,
Bill McColl,1955,10,1955-11-27,False,CHI,CRD,A,L,14,53,,5,54,0,0,0,0,0,0,0,0,,,5.4,10.4,14552,False,targets;fum_rec_td;ret_td,PFR+RULE2PT,19551127-CHI-CRD,False,ret_td;fum_rec_td,False,True,ret_td;fum_rec_td,
Bill McColl,1955,11,1955-12-04,False,CHI,DET,H,W,21,20,,1,14,0,0,0,0,0,0,0,0,,,1.4,2.4,14552,False,targets;fum_rec_td;ret_td,PFR+RULE2PT,19551204-DET-CHI,False,ret_td;fum_rec_td,False,True,ret_td;fum_rec_td,
Bill McColl,1955,12,1955-12-11,False,CHI,PHI,H,W,17,10,,2,38,0,0,0,0,0,0,0,0,,,3.8,5.8,14552,False,targets;fum_rec_td;ret_td,PFR+RULE2PT,19551211-PHI-CHI,False,ret_td;fum_rec_td,False,True,ret_td;fum_rec_td,
Bill McColl,1956,1,1956-09-30,False,CHI,BAL,A,L,21,28,,3,29,0,0,0,0,0,0,0,0,,,2.9,5.9,14552,False,targets;fum_rec_td;ret_td,PFR+RULE2PT,19560930-CHI-BAL,False,ret_td;fum_rec_td,False,True,ret_td;fum_rec_td,
Bill McColl,1956,2,1956-10-07,False,CHI,GNB,A,W,37,21,,3,27,1,0,0,0,0,0,0,0,,,8.7,11.7,14552,False,targets;fum_rec_td;ret_td,PFR+RULE2PT,19561007-CHI-GNB,False,ret_td;fum_rec_td,False,True,ret_td;fum_rec_td,
Bill McColl,1956,3,1956-10-14,False,CHI,SFO,H,W,31,7,,2,30,0,0,0,0,0,0,1,0,,,1.0,3.0,14552,False,targets;fum_rec_td;ret_td,PFR+RULE2PT,19561014-SFO-CHI,False,ret_td;fum_rec_td,False,True,ret_td;fum_rec_td,
Bill McColl,1956,4,1956-10-21,False,CHI,BAL,H,W,58,27,,2,13,2,0,0,0,0,0,0,0,,,13.3,15.3,14552,False,targets;fum_rec_td;ret_td,PFR+RULE2PT,19561021-BAL-CHI,False,ret_td;fum_rec_td,False,True,ret_td;fum_rec_td,
Bill McColl,1956,5,1956-10-28,False,CHI,SFO,A,W,38,21,,2,21,0,0,0,0,0,0,0,0,,,2.1,4.1,14552,False,targets;fum_rec_td;ret_td,PFR+RULE2PT,19561028-CHI-SFO,False,ret_td;fum_rec_td,False,True,ret_td;fum_rec_td,
Bill McColl,1956,6,1956-11-04,False,CHI,RAM,A,W,35,24,,2,16,0,0,0,0,0,0,0,0,,,1.6,3.6,14552,False,targets;fum_rec_td;ret_td,PFR+RULE2PT,19561104-CHI-RAM,False,ret_td;fum_rec_td,False,True,ret_td;fum_rec_td,
Bill McColl,1956,7,1956-11-11,False,CHI,GNB,H,W,38,14,,2,76,1,0,0,0,0,0,0,0,,,13.6,15.6,14552,False,targets;fum_rec_td;ret_td,PFR+RULE2PT,19561111-GNB-CHI,False,ret_td;fum_rec_td,False,True,ret_td;fum_rec_td,
Bill McColl,1956,8,1956-11-18,False,CHI,RAM,H,W,30,21,,3,50,0,0,0,0,0,0,0,0,,,5.0,8.0,14552,False,targets;fum_rec_td;ret_td,PFR+RULE2PT,19561118-RAM-CHI,False,ret_td;fum_rec_td,False,True,ret_td;fum_rec_td,
Bill McColl,1956,9,1956-11-25,False,CHI,NYG,A,T,17,17,,3,32,0,0,0,0,79,1,0,0,,,10.36,13.36,14552,False,targets;fum_rec_td;ret_td,PFR+RULE2PT,19561125-CHI-NYG,False,ret_td;fum_rec_td,False,True,ret_td;fum_rec_td,
Bill McColl,1956,10,1956-12-02,False,CHI,DET,A,L,10,42,,1,28,0,0,0,0,0,0,0,0,,,2.8,3.8,14552,False,targets;fum_rec_td;ret_td,PFR+RULE2PT,19561202-CHI-DET,False,ret_td;fum_rec_td,False,True,ret_td;fum_rec_td,
Bill McColl,1956,12,1956-12-16,False,CHI,DET,H,W,38,21,,1,0,0,0,0,0,0,0,1,0,,,-2.0,-1.0,14552,False,targets;fum_rec_td;ret_td,PFR+RULE2PT,19561216-DET-CHI,False,ret_td;fum_rec_td,False,True,ret_td;fum_rec_td,
Bill McColl,1956,13,1956-12-30,True,CHI,NYG,A,L,7,47,,3,35,0,0,0,0,0,0,0,0,,,3.5,6.5,14552,False,targets;fum_rec_td;ret_td,PFR+RULE2PT,19561230-CHI-NYG,False,ret_td;fum_rec_td,False,True,ret_td;fum_rec_td,
Bill McColl,1957,1,1957-09-29,False,CHI,GNB,A,L,17,21,,4,84,0,0,0,0,0,0,0,0,,,8.4,12.4,14552,False,targets;fum_rec_td;ret_td,PFR+RULE2PT,19570929-CHI-GNB,False,ret_td;fum_rec_td,False,True,ret_td;fum_rec_td,
Bill McColl,1957,5,1957-10-27,False,CHI,SFO,A,L,17,21,,1,14,0,0,0,0,0,0,0,0,,,1.4,2.4,14552,False,targets;fum_rec_td;ret_td,PFR+RULE2PT,19571027-CHI-SFO,False,ret_td;fum_rec_td,False,True,ret_td;fum_rec_td,
Bill McColl,1957,6,1957-11-03,False,CHI,RAM,A,W,16,10,,1,7,0,0,0,0,0,0,0,0,,,0.7,1.7,14552,False,targets;fum_rec_td;ret_td,PFR+RULE2PT,19571103-CHI-RAM,False,ret_td;fum_rec_td,False,True,ret_td;fum_rec_td,
Bill McColl,1957,7,1957-11-10,False,CHI,GNB,H,W,21,14,,4,58,0,0,0,0,0,0,0,0,,,5.8,9.8,14552,False,targets;fum_rec_td;ret_td,PFR+RULE2PT,19571110-GNB-CHI,False,ret_td;fum_rec_td,False,True,ret_td;fum_rec_td,
Bill McColl,1957,8,1957-11-17,False,CHI,BAL,H,L,14,29,,2,24,1,0,0,0,0,0,0,0,,,8.4,10.4,14552,False,targets;fum_rec_td;ret_td,PFR+RULE2PT,19571117-BAL-CHI,False,ret_td;fum_rec_td,False,True,ret_td;fum_rec_td,
Bill McColl,1957,9,1957-11-24,False,CHI,DET,A,W,27,7,,3,37,0,0,0,0,0,0,0,0,,,3.7,6.7,14552,False,targets;fum_rec_td;ret_td,PFR+RULE2PT,19571124-CHI-DET,False,ret_td;fum_rec_td,False,True,ret_td;fum_rec_td,
Bill McColl,1957,10,1957-12-01,False,CHI,WAS,H,L,3,14,,1,10,0,0,0,0,0,0,0,0,,,1.0,2.0,14552,False,targets;fum_rec_td;ret_td,PFR+RULE2PT,19571201-WAS-CHI,False,ret_td;fum_rec_td,False,True,ret_td;fum_rec_td,
Bill McColl,1957,11,1957-12-08,False,CHI,CRD,A,W,14,6,,2,37,0,0,0,0,0,0,0,0,,,3.7,5.7,14552,False,targets;fum_rec_td;ret_td,PFR+RULE2PT,19571208-CHI-CRD,False,ret_td;fum_rec_td,False,True,ret_td;fum_rec_td,
Bill McColl,1957,12,1957-12-15,False,CHI,DET,H,L,13,21,,1,11,0,0,0,0,0,0,0,0,,,1.1,2.1,14552,False,targets;fum_rec_td;ret_td,PFR+RULE2PT,19571215-DET-CHI,False,ret_td;fum_rec_td,False,True,ret_td;fum_rec_td,
Bill McColl,1958,2,1958-10-04,False,CHI,BAL,A,L,38,51,,4,62,2,0,0,0,0,0,0,0,,,18.2,22.2,14552,False,targets;fum_rec_td;ret_td,PFR+RULE2PT,19581004-CHI-BAL,False,ret_td;fum_rec_td,False,True,ret_td;fum_rec_td,
Bill McColl,1958,3,1958-10-12,False,CHI,SFO,H,W,28,6,,2,25,0,0,0,0,0,0,0,0,,,2.5,4.5,14552,False,targets;fum_rec_td;ret_td,PFR+RULE2PT,19581012-SFO-CHI,False,ret_td;fum_rec_td,False,True,ret_td;fum_rec_td,
Bill McColl,1958,4,1958-10-19,False,CHI,RAM,H,W,31,10,,2,13,1,0,0,0,0,0,0,0,,,7.3,9.3,14552,False,targets;fum_rec_td;ret_td,PFR+RULE2PT,19581019-RAM-CHI,False,ret_td;fum_rec_td,False,True,ret_td;fum_rec_td,
Bill McColl,1958,5,1958-10-26,False,CHI,SFO,A,W,27,14,,4,57,0,0,0,0,0,0,0,0,,,5.7,9.7,14552,False,targets;fum_rec_td;ret_td,PFR+RULE2PT,19581026-CHI-SFO,False,ret_td;fum_rec_td,False,True,ret_td;fum_rec_td,
Bill McColl,1958,6,1958-11-02,False,CHI,RAM,A,L,35,41,,3,41,2,0,0,0,0,0,0,0,,,16.1,19.1,14552,False,targets;fum_rec_td;ret_td,PFR+RULE2PT,19581102-CHI-RAM,False,ret_td;fum_rec_td,False,True,ret_td;fum_rec_td,
Bill McColl,1958,7,1958-11-09,False,CHI,GNB,H,W,24,10,,1,17,0,0,0,0,0,0,0,0,,,1.7,2.7,14552,False,targets;fum_rec_td;ret_td,PFR+RULE2PT,19581109-GNB-CHI,False,ret_td;fum_rec_td,False,True,ret_td;fum_rec_td,
Bill McColl,1958,8,1958-11-16,False,CHI,BAL,H,L,0,17,,1,15,0,0,0,0,0,0,0,0,,,1.5,2.5,14552,False,targets;fum_rec_td;ret_td,PFR+RULE2PT,19581116-BAL-CHI,False,ret_td;fum_rec_td,False,True,ret_td;fum_rec_td,
Bill McColl,1958,9,1958-11-23,False,CHI,DET,A,W,20,7,,6,123,2,0,0,0,0,0,0,0,,,24.3,30.3,14552,False,targets;fum_rec_td;ret_td,PFR+RULE2PT,19581123-CHI-DET,False,ret_td;fum_rec_td,False,True,ret_td;fum_rec_td,
Bill McColl,1958,10,1958-11-30,False,CHI,PIT,A,L,10,24,,5,60,0,0,0,0,0,0,0,0,,,6.0,11.0,14552,False,targets;fum_rec_td;ret_td,PFR+RULE2PT,19581130-CHI-PIT,False,ret_td;fum_rec_td,False,True,ret_td;fum_rec_td,
Bill McColl,1958,11,1958-12-07,False,CHI,CRD,H,W,30,14,,3,36,0,0,0,0,0,0,0,0,,,3.6,6.6,14552,False,targets;fum_rec_td;ret_td,PFR+RULE2PT,19581207-CRD-CHI,False,ret_td;fum_rec_td,False,True,ret_td;fum_rec_td,
Bill McColl,1958,12,1958-12-14,False,CHI,DET,H,W,21,16,,4,68,1,0,0,0,0,0,0,0,,,12.8,16.8,14552,False,targets;fum_rec_td;ret_td,PFR+RULE2PT,19581214-DET-CHI,False,ret_td;fum_rec_td,False,True,ret_td;fum_rec_td,
Bill McColl,1959,5,1959-10-25,False,CHI,SFO,A,L,17,20,,1,21,0,0,0,0,0,0,0,0,,,2.1,3.1,14552,False,targets;fum_rec_td;ret_td,PFR+RULE2PT,19591025-CHI-SFO,False,ret_td;fum_rec_td,False,True,ret_td;fum_rec_td,
Bill McColl,1959,6,1959-11-01,False,CHI,RAM,A,W,26,21,,1,6,0,0,0,0,0,0,0,0,,,0.6,1.6,14552,False,targets;fum_rec_td;ret_td,PFR+RULE2PT,19591101-CHI-RAM,False,ret_td;fum_rec_td,False,True,ret_td;fum_rec_td,
Bill McColl,1959,11,1959-12-06,False,CHI,PIT,H,W,27,21,,5,41,0,0,0,0,0,0,0,0,,,4.1,9.1,14552,False,targets;fum_rec_td;ret_td,PFR+RULE2PT,19591206-PIT-CHI,False,ret_td;fum_rec_td,False,True,ret_td;fum_rec_td,
Bill McColl,1959,12,1959-12-13,False,CHI,DET,H,W,25,14,,1,26,0,0,0,0,0,0,0,0,,,2.6,3.6,14552,False,targets;fum_rec_td;ret_td,PFR+RULE2PT,19591213-DET-CHI,False,ret_td;fum_rec_td,False,True,ret_td;fum_rec_td,
Don Stonesifer,1951,1,1951-09-30,False,CRD,PHI,H,L,14,17,,1,48,0,0,0,0,0,0,0,0,,,4.8,5.8,21379,False,targets;fum_rec_td;ret_td,PFR+RULE2PT,19510930-PHI-CRD,False,ret_td;fum_rec_td,False,True,ret_td;fum_rec_td,
Don Stonesifer,1951,2,1951-10-07,False,CRD,CHI,H,W,28,14,,2,21,0,0,0,0,0,0,0,0,,,2.1,4.1,21379,False,targets;fum_rec_td;ret_td,PFR+RULE2PT,19511007-CHI-CRD,False,ret_td;fum_rec_td,False,True,ret_td;fum_rec_td,
Don Stonesifer,1951,3,1951-10-14,False,CRD,NYG,A,L,17,28,,6,59,0,0,0,0,0,0,0,0,,,5.9,11.9,21379,False,targets;fum_rec_td;ret_td,PFR+RULE2PT,19511014-CRD-NYG,False,ret_td;fum_rec_td,False,True,ret_td;fum_rec_td,
Don Stonesifer,1951,4,1951-10-21,False,CRD,WAS,A,L,3,7,,3,28,0,0,0,0,0,0,0,0,,,2.8,5.8,21379,False,targets;fum_rec_td;ret_td,PFR+RULE2PT,19511021-CRD-WAS,False,ret_td;fum_rec_td,False,True,ret_td;fum_rec_td,
Don Stonesifer,1951,5,1951-10-28,False,CRD,PIT,H,L,14,28,,2,24,0,0,0,0,0,0,0,0,,,2.4,4.4,21379,False,targets;fum_rec_td;ret_td,PFR+RULE2PT,19511028-PIT-CRD,False,ret_td;fum_rec_td,False,True,ret_td;fum_rec_td,
Don Stonesifer,1951,6,1951-11-04,False,CRD,CLE,H,L,17,34,,5,69,0,0,0,0,0,0,0,0,,,6.9,11.9,21379,False,targets;fum_rec_td;ret_td,PFR+RULE2PT,19511104-CLE-CRD,False,ret_td;fum_rec_td,False,True,ret_td;fum_rec_td,
Don Stonesifer,1951,7,1951-11-11,False,CRD,RAM,A,L,21,45,,1,12,0,0,0,0,0,0,0,0,,,1.2,2.2,21379,False,targets;fum_rec_td;ret_td,PFR+RULE2PT,19511111-CRD-RAM,False,ret_td;fum_rec_td,False,True,ret_td;fum_rec_td,
Don Stonesifer,1951,9,1951-11-25,False,CRD,NYG,H,L,0,10,,3,42,0,0,0,0,0,0,0,0,,,4.2,7.2,21379,False,targets;fum_rec_td;ret_td,PFR+RULE2PT,19511125-NYG-CRD,False,ret_td;fum_rec_td,False,True,ret_td;fum_rec_td,
Don Stonesifer,1951,10,1951-12-02,False,CRD,CLE,A,L,28,49,,4,40,2,0,0,0,0,0,0,0,,,16.0,20.0,21379,False,targets;fum_rec_td;ret_td,PFR+RULE2PT,19511202-CRD-CLE,False,ret_td;fum_rec_td,False,True,ret_td;fum_rec_td,
Don Stonesifer,1952,2,1952-10-05,False,CRD,CHI,H,W,21,10,,1,26,0,0,0,0,0,0,0,0,,,2.6,3.6,21379,False,targets;fum_rec_td;ret_td,PFR+RULE2PT,19521005-CHI-CRD,False,ret_td;fum_rec_td,False,True,ret_td;fum_rec_td,
Don Stonesifer,1952,4,1952-10-19,False,CRD,NYG,A,W,24,23,,4,38,0,0,0,0,0,0,0,0,,,3.8,7.8,21379,False,targets;fum_rec_td;ret_td,PFR+RULE2PT,19521019-CRD-NYG,False,ret_td;fum_rec_td,False,True,ret_td;fum_rec_td,
Don Stonesifer,1952,5,1952-10-26,False,CRD,PIT,H,L,28,34,,1,8,0,0,0,0,0,0,0,0,,,0.8,1.8,21379,False,targets;fum_rec_td;ret_td,PFR+RULE2PT,19521026-PIT-CRD,False,ret_td;fum_rec_td,False,True,ret_td;fum_rec_td,
Don Stonesifer,1952,6,1952-11-02,False,CRD,NYG,H,L,6,28,,5,74,0,0,0,0,0,0,0,0,,,7.4,12.4,21379,False,targets;fum_rec_td;ret_td,PFR+RULE2PT,19521102-NYG-CRD,False,ret_td;fum_rec_td,False,True,ret_td;fum_rec_td,
Don Stonesifer,1952,7,1952-11-09,False,CRD,CLE,A,L,13,28,,4,36,0,0,0,0,0,0,0,0,,,3.6,7.6,21379,False,targets;fum_rec_td;ret_td,PFR+RULE2PT,19521109-CRD-CLE,False,ret_td;fum_rec_td,False,True,ret_td;fum_rec_td,
Don Stonesifer,1952,8,1952-11-16,False,CRD,PHI,A,L,7,10,,7,72,0,0,0,0,0,0,0,0,,,7.2,14.2,21379,False,targets;fum_rec_td;ret_td,PFR+RULE2PT,19521116-CRD-PHI,False,ret_td;fum_rec_td,False,True,ret_td;fum_rec_td,
Don Stonesifer,1952,9,1952-11-23,False,CRD,PIT,A,L,14,17,,5,60,0,0,0,0,0,0,0,0,,,6.0,11.0,21379,False,targets;fum_rec_td;ret_td,PFR+RULE2PT,19521123-CRD-PIT,False,ret_td;fum_rec_td,False,True,ret_td;fum_rec_td,
Don Stonesifer,1952,10,1952-11-30,False,CRD,PHI,H,W,28,22,,3,26,0,0,0,0,0,0,0,0,,,2.6,5.6,21379,False,targets;fum_rec_td;ret_td,PFR+RULE2PT,19521130-PHI-CRD,False,ret_td;fum_rec_td,False,True,ret_td;fum_rec_td,
Don Stonesifer,1952,11,1952-12-07,False,CRD,CLE,H,L,0,10,,7,56,0,0,0,0,0,0,0,0,,,5.6,12.6,21379,False,targets;fum_rec_td;ret_td,PFR+RULE2PT,19521207-CLE-CRD,False,ret_td;fum_rec_td,False,True,ret_td;fum_rec_td,
Don Stonesifer,1952,12,1952-12-14,False,CRD,CHI,A,L,7,10,,7,111,0,0,0,0,0,0,0,0,,,11.1,18.1,21379,False,targets;fum_rec_td;ret_td,PFR+RULE2PT,19521214-CRD-CHI,False,ret_td;fum_rec_td,False,True,ret_td;fum_rec_td,
Don Stonesifer,1953,1,1953-09-27,False,CRD,WAS,H,L,13,24,,10,92,0,0,0,0,0,0,0,0,,,9.2,19.2,21379,False,targets;fum_rec_td;ret_td,PFR+RULE2PT,19530927-WAS-CRD,False,ret_td;fum_rec_td,False,True,ret_td;fum_rec_td,
Don Stonesifer,1953,2,1953-10-04,False,CRD,CLE,H,L,7,27,,7,71,0,0,0,0,0,0,0,0,,,7.1,14.1,21379,False,targets;fum_rec_td;ret_td,PFR+RULE2PT,19531004-CLE-CRD,False,ret_td;fum_rec_td,False,True,ret_td;fum_rec_td,
Don Stonesifer,1953,3,1953-10-11,False,CRD,PIT,A,L,28,31,,3,61,1,0,0,0,0,0,0,0,,,12.1,15.1,21379,False,targets;fum_rec_td;ret_td,PFR+RULE2PT,19531011-CRD-PIT,False,ret_td;fum_rec_td,False,True,ret_td;fum_rec_td,
Don Stonesifer,1953,4,1953-10-18,False,CRD,NYG,A,L,7,21,,8,112,0,0,0,0,0,0,0,0,,,11.2,19.2,21379,False,targets;fum_rec_td;ret_td,PFR+RULE2PT,19531018-CRD-NYG,False,ret_td;fum_rec_td,False,True,ret_td;fum_rec_td,
Don Stonesifer,1953,5,1953-10-25,False,CRD,PHI,H,L,17,56,,2,44,0,0,0,0,0,0,0,0,,,4.4,6.4,21379,False,targets;fum_rec_td;ret_td,PFR+RULE2PT,19531025-PHI-CRD,False,ret_td;fum_rec_td,False,True,ret_td;fum_rec_td,
Don Stonesifer,1953,6,1953-11-01,False,CRD,NYG,H,L,20,23,,6,55,0,0,0,0,0,0,0,0,,,5.5,11.5,21379,False,targets;fum_rec_td;ret_td,PFR+RULE2PT,19531101-NYG-CRD,False,ret_td;fum_rec_td,False,True,ret_td;fum_rec_td,
Don Stonesifer,1953,7,1953-11-08,False,CRD,WAS,A,L,17,28,,2,39,1,0,0,0,0,0,0,0,,,9.9,11.9,21379,False,targets;fum_rec_td;ret_td,PFR+RULE2PT,19531108-CRD-WAS,False,ret_td;fum_rec_td,False,True,ret_td;fum_rec_td,
Don Stonesifer,1953,8,1953-11-15,False,CRD,RAM,H,T,24,24,,4,57,0,0,0,0,0,0,0,0,,,5.7,9.7,21379,False,targets;fum_rec_td;ret_td,PFR+RULE2PT,19531115-RAM-CRD,False,ret_td;fum_rec_td,False,True,ret_td;fum_rec_td,
Don Stonesifer,1953,9,1953-11-21,False,CRD,PHI,A,L,0,38,,1,33,0,0,0,0,0,0,0,0,,,3.3,4.3,21379,False,targets;fum_rec_td;ret_td,PFR+RULE2PT,19531121-CRD-PHI,False,ret_td;fum_rec_td,False,True,ret_td;fum_rec_td,
Don Stonesifer,1953,10,1953-11-29,False,CRD,CLE,A,L,16,27,,4,39,0,0,0,0,0,0,0,0,,,3.9,7.9,21379,False,targets;fum_rec_td;ret_td,PFR+RULE2PT,19531129-CRD-CLE,False,ret_td;fum_rec_td,False,True,ret_td;fum_rec_td,
Don Stonesifer,1953,11,1953-12-06,False,CRD,PIT,H,L,17,21,,6,66,0,0,0,0,0,0,0,0,,,6.6,12.6,21379,False,targets;fum_rec_td;ret_td,PFR+RULE2PT,19531206-PIT-CRD,False,ret_td;fum_rec_td,False,True,ret_td;fum_rec_td,
Don Stonesifer,1953,12,1953-12-13,False,CRD,CHI,A,W,24,17,,3,15,0,0,0,0,0,0,0,0,,,1.5,4.5,21379,False,targets;fum_rec_td;ret_td,PFR+RULE2PT,19531213-CRD-CHI,False,ret_td;fum_rec_td,False,True,ret_td;fum_rec_td,
Don Stonesifer,1954,1,1954-09-26,False,CRD,NYG,H,L,10,41,,3,39,0,0,0,0,0,0,0,0,,,3.9,6.9,21379,False,targets;fum_rec_td;ret_td,PFR+RULE2PT,19540926-NYG-CRD,False,ret_td;fum_rec_td,False,True,ret_td;fum_rec_td,
Don Stonesifer,1954,2,1954-10-03,False,CRD,PHI,H,L,16,35,,3,66,0,0,0,0,0,0,0,0,,,6.6,9.6,21379,False,targets;fum_rec_td;ret_td,PFR+RULE2PT,19541003-PHI-CRD,False,ret_td;fum_rec_td,False,True,ret_td;fum_rec_td,
Don Stonesifer,1954,3,1954-10-10,False,CRD,CLE,A,L,7,31,,4,43,0,0,0,0,0,0,0,0,,,4.3,8.3,21379,False,targets;fum_rec_td;ret_td,PFR+RULE2PT,19541010-CRD-CLE,False,ret_td;fum_rec_td,False,True,ret_td;fum_rec_td,
Don Stonesifer,1954,4,1954-10-17,False,CRD,NYG,A,L,17,31,,3,44,1,0,0,0,0,0,0,0,,,10.4,13.4,21379,False,targets;fum_rec_td;ret_td,PFR+RULE2PT,19541017-CRD-NYG,False,ret_td;fum_rec_td,False,True,ret_td;fum_rec_td,
Don Stonesifer,1954,5,1954-10-24,False,CRD,CLE,H,L,3,35,,2,29,0,0,0,0,0,0,0,0,,,2.9,4.9,21379,False,targets;fum_rec_td;ret_td,PFR+RULE2PT,19541024-CLE-CRD,False,ret_td;fum_rec_td,False,True,ret_td;fum_rec_td,
Don Stonesifer,1954,6,1954-10-31,False,CRD,PIT,H,W,17,14,,3,54,0,0,0,0,0,0,0,0,,,5.4,8.4,21379,False,targets;fum_rec_td;ret_td,PFR+RULE2PT,19541031-PIT-CRD,False,ret_td;fum_rec_td,False,True,ret_td;fum_rec_td,
Don Stonesifer,1954,7,1954-11-07,False,CRD,PHI,A,L,14,30,,4,54,0,0,0,0,0,0,0,0,,,5.4,9.4,21379,False,targets;fum_rec_td;ret_td,PFR+RULE2PT,19541107-CRD-PHI,False,ret_td;fum_rec_td,False,True,ret_td;fum_rec_td,
Don Stonesifer,1954,8,1954-11-14,False,CRD,RAM,A,L,17,28,,5,53,1,0,0,0,0,0,0,0,,,11.3,16.3,21379,False,targets;fum_rec_td;ret_td,PFR+RULE2PT,19541114-CRD-RAM,False,ret_td;fum_rec_td,False,True,ret_td;fum_rec_td,
Don Stonesifer,1954,9,1954-11-21,False,CRD,WAS,H,W,38,16,,1,13,0,0,0,0,0,0,0,0,,,1.3,2.3,21379,False,targets;fum_rec_td;ret_td,PFR+RULE2PT,19541121-WAS-CRD,False,ret_td;fum_rec_td,False,True,ret_td;fum_rec_td,
Don Stonesifer,1954,10,1954-11-28,False,CRD,PIT,A,L,17,20,,5,63,1,0,0,0,0,0,0,0,,,12.3,17.3,21379,False,targets;fum_rec_td;ret_td,PFR+RULE2PT,19541128-CRD-PIT,False,ret_td;fum_rec_td,False,True,ret_td;fum_rec_td,
Don Stonesifer,1954,11,1954-12-05,False,CRD,CHI,H,L,7,29,,2,5,0,0,0,0,0,0,0,0,,,0.5,2.5,21379,False,targets;fum_rec_td;ret_td,PFR+RULE2PT,19541205-CHI-CRD,False,ret_td;fum_rec_td,False,True,ret_td;fum_rec_td,
Don Stonesifer,1954,12,1954-12-12,False,CRD,WAS,A,L,20,37,,9,144,0,0,0,0,0,0,0,0,,,14.4,23.4,21379,False,targets;fum_rec_td;ret_td,PFR+RULE2PT,19541212-CRD-WAS,False,ret_td;fum_rec_td,False,True,ret_td;fum_rec_td,
Don Stonesifer,1955,2,1955-10-02,False,CRD,NYG,H,W,28,17,,3,26,0,0,0,0,0,0,0,0,,,2.6,5.6,21379,False,targets;fum_rec_td;ret_td,PFR+RULE2PT,19551002-NYG-CRD,False,ret_td;fum_rec_td,False,True,ret_td;fum_rec_td,
Don Stonesifer,1955,3,1955-10-09,False,CRD,WAS,A,W,24,10,,1,15,0,0,0,0,0,0,0,0,,,1.5,2.5,21379,False,targets;fum_rec_td;ret_td,PFR+RULE2PT,19551009-CRD-WAS,False,ret_td;fum_rec_td,False,True,ret_td;fum_rec_td,
Don Stonesifer,1955,4,1955-10-16,False,CRD,NYG,A,L,0,10,,2,16,0,0,0,0,0,0,0,0,,,1.6,3.6,21379,False,targets;fum_rec_td;ret_td,PFR+RULE2PT,19551016-CRD-NYG,False,ret_td;fum_rec_td,False,True,ret_td;fum_rec_td,
Don Stonesifer,1955,5,1955-10-23,False,CRD,PHI,H,T,24,24,,2,23,1,0,0,0,0,0,0,0,,,8.3,10.3,21379,False,targets;fum_rec_td;ret_td,PFR+RULE2PT,19551023-PHI-CRD,False,ret_td;fum_rec_td,False,True,ret_td;fum_rec_td,
Don Stonesifer,1955,6,1955-10-30,False,CRD,CLE,H,L,20,26,,3,55,1,0,0,0,0,0,0,0,,,11.5,14.5,21379,False,targets;fum_rec_td;ret_td,PFR+RULE2PT,19551030-CLE-CRD,False,ret_td;fum_rec_td,False,True,ret_td;fum_rec_td,
Don Stonesifer,1955,8,1955-11-13,False,CRD,GNB,A,L,14,31,,1,10,0,0,0,0,0,0,0,0,,,1.0,2.0,21379,False,targets;fum_rec_td;ret_td,PFR+RULE2PT,19551113-CRD-GNB,False,ret_td;fum_rec_td,False,True,ret_td;fum_rec_td,
Don Stonesifer,1955,9,1955-11-20,False,CRD,WAS,H,L,0,31,,2,15,0,0,0,0,0,0,0,0,,,1.5,3.5,21379,False,targets;fum_rec_td;ret_td,PFR+RULE2PT,19551120-WAS-CRD,False,ret_td;fum_rec_td,False,True,ret_td;fum_rec_td,
Don Stonesifer,1955,10,1955-11-27,False,CRD,CHI,H,W,53,14,,5,70,2,0,0,0,0,0,0,0,,,19.0,24.0,21379,False,targets;fum_rec_td;ret_td,PFR+RULE2PT,19551127-CHI-CRD,False,ret_td;fum_rec_td,False,True,ret_td;fum_rec_td,
Don Stonesifer,1955,11,1955-12-04,False,CRD,PHI,A,L,3,27,,1,20,0,0,0,0,0,0,0,0,,,2.0,3.0,21379,False,targets;fum_rec_td;ret_td,PFR+RULE2PT,19551204-CRD-PHI,False,ret_td;fum_rec_td,False,True,ret_td;fum_rec_td,
Don Stonesifer,1955,12,1955-12-11,False,CRD,CLE,A,L,24,35,,8,80,1,0,0,0,0,0,0,0,,,14.0,22.0,21379,False,targets;fum_rec_td;ret_td,PFR+RULE2PT,19551211-CRD-CLE,False,ret_td;fum_rec_td,False,True,ret_td;fum_rec_td,
Don Stonesifer,1956,1,1956-09-30,False,CRD,CLE,H,W,9,7,,3,35,0,0,0,0,0,0,0,0,,,3.5,6.5,21379,False,targets;fum_rec_td;ret_td,PFR+RULE2PT,19560930-CLE-CRD,False,ret_td;fum_rec_td,False,True,ret_td;fum_rec_td,
Don Stonesifer,1956,2,1956-10-07,False,CRD,NYG,H,W,35,27,,1,58,1,0,0,0,0,0,0,0,,,11.8,12.8,21379,False,targets;fum_rec_td;ret_td,PFR+RULE2PT,19561007-NYG-CRD,False,ret_td;fum_rec_td,False,True,ret_td;fum_rec_td,
Don Stonesifer,1956,5,1956-10-28,False,CRD,WAS,H,L,14,17,,3,35,0,0,0,0,0,0,0,0,,,3.5,6.5,21379,False,targets;fum_rec_td;ret_td,PFR+RULE2PT,19561028-WAS-CRD,False,ret_td;fum_rec_td,False,True,ret_td;fum_rec_td,
Don Stonesifer,1956,6,1956-11-04,False,CRD,PHI,H,W,28,17,,3,32,1,0,0,0,0,0,0,0,,,9.2,12.2,21379,False,targets;fum_rec_td;ret_td,PFR+RULE2PT,19561104-PHI-CRD,False,ret_td;fum_rec_td,False,True,ret_td;fum_rec_td,
Don Stonesifer,1956,7,1956-11-11,False,CRD,NYG,A,L,10,23,,3,29,0,0,0,0,0,0,0,0,,,2.9,5.9,21379,False,targets;fum_rec_td;ret_td,PFR+RULE2PT,19561111-CRD-NYG,False,ret_td;fum_rec_td,False,True,ret_td;fum_rec_td,
Don Stonesifer,1956,8,1956-11-18,False,CRD,PIT,A,L,7,14,,1,23,0,0,0,0,0,0,0,0,,,2.3,3.3,21379,False,targets;fum_rec_td;ret_td,PFR+RULE2PT,19561118-CRD-PIT,False,ret_td;fum_rec_td,False,True,ret_td;fum_rec_td,
Don Stonesifer,1956,9,1956-11-25,False,CRD,PIT,H,W,38,27,,1,11,0,0,0,0,0,0,0,0,,,1.1,2.1,21379,False,targets;fum_rec_td;ret_td,PFR+RULE2PT,19561125-PIT-CRD,False,ret_td;fum_rec_td,False,True,ret_td;fum_rec_td,
Don Stonesifer,1956,10,1956-12-02,False,CRD,GNB,H,L,21,24,,3,38,0,0,0,0,0,0,0,0,,,3.8,6.8,21379,False,targets;fum_rec_td;ret_td,PFR+RULE2PT,19561202-GNB-CRD,False,ret_td;fum_rec_td,False,True,ret_td;fum_rec_td,
Don Stonesifer,1956,11,1956-12-09,False,CRD,CHI,A,L,3,10,,3,34,0,0,0,0,0,0,0,0,,,3.4,6.4,21379,False,targets;fum_rec_td;ret_td,PFR+RULE2PT,19561209-CRD-CHI,False,ret_td;fum_rec_td,False,True,ret_td;fum_rec_td,
Don Stonesifer,1956,12,1956-12-16,False,CRD,CLE,A,W,24,7,,1,25,0,0,0,0,0,0,0,0,,,2.5,3.5,21379,False,targets;fum_rec_td;ret_td,PFR+RULE2PT,19561216-CRD-CLE,False,ret_td;fum_rec_td,False,True,ret_td;fum_rec_td,
Joe Walton,1957,4,1957-10-20,False,WAS,CRD,H,L,14,44,,1,24,0,0,0,0,0,0,0,0,,,2.4,3.4,23218,False,targets;fum_rec_td;ret_td,PFR+RULE2PT,19571020-CRD-WAS,False,ret_td;fum_rec_td,False,True,ret_td;fum_rec_td,
Joe Walton,1957,5,1957-10-27,False,WAS,NYG,A,W,31,14,,1,21,0,0,0,0,0,0,0,0,,,2.1,3.1,23218,False,targets;fum_rec_td;ret_td,PFR+RULE2PT,19571027-WAS-NYG,False,ret_td;fum_rec_td,False,True,ret_td;fum_rec_td,
Joe Walton,1957,6,1957-11-03,False,WAS,CLE,A,L,17,21,,1,12,0,0,0,0,0,0,0,0,,,1.2,2.2,23218,False,targets;fum_rec_td;ret_td,PFR+RULE2PT,19571103-WAS-CLE,False,ret_td;fum_rec_td,False,True,ret_td;fum_rec_td,
Joe Walton,1958,1,1958-09-28,False,WAS,PHI,A,W,24,14,,1,11,0,0,0,0,0,0,0,0,,,1.1,2.1,23218,False,targets;fum_rec_td;ret_td,PFR+RULE2PT,19580928-WAS-PHI,False,ret_td;fum_rec_td,False,True,ret_td;fum_rec_td,
Joe Walton,1958,3,1958-10-12,False,WAS,NYG,H,L,14,21,,5,60,0,0,0,0,0,0,0,0,,,6.0,11.0,23218,False,targets;fum_rec_td;ret_td,PFR+RULE2PT,19581012-NYG-WAS,False,ret_td;fum_rec_td,False,True,ret_td;fum_rec_td,
Joe Walton,1958,4,1958-10-19,False,WAS,GNB,H,W,37,21,,3,71,1,0,0,0,0,0,0,0,,,13.1,16.1,23218,False,targets;fum_rec_td;ret_td,PFR+RULE2PT,19581019-GNB-WAS,False,ret_td;fum_rec_td,False,True,ret_td;fum_rec_td,
Joe Walton,1958,5,1958-10-26,False,WAS,BAL,A,L,10,35,,1,13,0,0,0,0,0,0,0,0,,,1.3,2.3,23218,False,targets;fum_rec_td;ret_td,PFR+RULE2PT,19581026-WAS-BAL,False,ret_td;fum_rec_td,False,True,ret_td;fum_rec_td,
Joe Walton,1958,6,1958-11-02,False,WAS,PIT,A,L,16,24,,4,106,1,0,0,0,0,0,0,0,,,16.6,20.6,23218,False,targets;fum_rec_td;ret_td,PFR+RULE2PT,19581102-WAS-PIT,False,ret_td;fum_rec_td,False,True,ret_td;fum_rec_td,
Joe Walton,1958,7,1958-11-09,False,WAS,CRD,H,W,45,31,,5,90,3,0,0,0,0,0,0,0,,,27.0,32.0,23218,False,targets;fum_rec_td;ret_td,PFR+RULE2PT,19581109-CRD-WAS,False,ret_td;fum_rec_td,False,True,ret_td;fum_rec_td,
Joe Walton,1958,8,1958-11-16,False,WAS,CLE,H,L,10,20,,1,13,0,0,0,0,0,0,0,0,,,1.3,2.3,23218,False,targets;fum_rec_td;ret_td,PFR+RULE2PT,19581116-CLE-WAS,False,ret_td;fum_rec_td,False,True,ret_td;fum_rec_td,
Joe Walton,1958,9,1958-11-23,False,WAS,NYG,A,L,0,30,,4,70,0,0,0,0,0,0,0,0,,,7.0,11.0,23218,False,targets;fum_rec_td;ret_td,PFR+RULE2PT,19581123-WAS-NYG,False,ret_td;fum_rec_td,False,True,ret_td;fum_rec_td,
Joe Walton,1958,10,1958-11-30,False,WAS,CLE,A,L,14,21,,1,18,0,0,0,0,0,0,0,0,,,1.8,2.8,23218,False,targets;fum_rec_td;ret_td,PFR+RULE2PT,19581130-WAS-CLE,False,ret_td;fum_rec_td,False,True,ret_td;fum_rec_td,
Joe Walton,1958,11,1958-12-07,False,WAS,PIT,H,T,14,14,,4,31,0,0,0,0,0,0,0,0,,,3.1,7.1,23218,False,targets;fum_rec_td;ret_td,PFR+RULE2PT,19581207-PIT-WAS,False,ret_td;fum_rec_td,False,True,ret_td;fum_rec_td,
Joe Walton,1958,12,1958-12-14,False,WAS,PHI,H,W,20,0,,3,49,0,0,0,0,0,0,0,0,,,4.9,7.9,23218,False,targets;fum_rec_td;ret_td,PFR+RULE2PT,19581214-PHI-WAS,False,ret_td;fum_rec_td,False,True,ret_td;fum_rec_td,
Joe Walton,1959,1,1959-09-27,False,WAS,CRD,A,L,21,49,,3,34,0,0,0,0,0,0,0,0,,,3.4,6.4,23218,False,targets;fum_rec_td;ret_td,PFR+RULE2PT,19590927-WAS-CRD,False,ret_td;fum_rec_td,False,True,ret_td;fum_rec_td,
Joe Walton,1959,2,1959-10-04,False,WAS,PIT,A,W,23,17,,3,76,1,0,0,0,0,0,0,0,,,13.6,16.6,23218,False,targets;fum_rec_td;ret_td,PFR+RULE2PT,19591004-WAS-PIT,False,ret_td;fum_rec_td,False,True,ret_td;fum_rec_td,
Joe Walton,1959,3,1959-10-11,False,WAS,CRD,H,W,23,14,,1,41,0,0,0,0,0,0,0,0,,,4.1,5.1,23218,False,targets;fum_rec_td;ret_td,PFR+RULE2PT,19591011-CRD-WAS,False,ret_td;fum_rec_td,False,True,ret_td;fum_rec_td,
Joe Walton,1959,7,1959-11-08,False,WAS,BAL,H,W,27,24,,3,43,2,0,0,0,0,0,0,0,,,16.3,19.3,23218,False,targets;fum_rec_td;ret_td,PFR+RULE2PT,19591108-BAL-WAS,False,ret_td;fum_rec_td,False,True,ret_td;fum_rec_td,
Joe Walton,1959,8,1959-11-15,False,WAS,CLE,H,L,17,31,,4,52,0,0,0,0,0,0,0,0,,,5.2,9.2,23218,False,targets;fum_rec_td;ret_td,PFR+RULE2PT,19591115-CLE-WAS,False,ret_td;fum_rec_td,False,True,ret_td;fum_rec_td,
Joe Walton,1959,9,1959-11-22,False,WAS,GNB,A,L,0,21,,2,12,0,0,0,0,0,0,0,0,,,1.2,3.2,23218,False,targets;fum_rec_td;ret_td,PFR+RULE2PT,19591122-WAS-GNB,False,ret_td;fum_rec_td,False,True,ret_td;fum_rec_td,
Joe Walton,1959,10,1959-11-29,False,WAS,NYG,A,L,14,45,,1,5,0,0,0,0,0,0,0,0,,,0.5,1.5,23218,False,targets;fum_rec_td;ret_td,PFR+RULE2PT,19591129-WAS-NYG,False,ret_td;fum_rec_td,False,True,ret_td;fum_rec_td,
Joe Walton,1959,11,1959-12-06,False,WAS,PHI,H,L,14,34,,1,15,0,0,0,0,0,0,0,0,,,1.5,2.5,23218,False,targets;fum_rec_td;ret_td,PFR+RULE2PT,19591206-PHI-WAS,False,ret_td;fum_rec_td,False,True,ret_td;fum_rec_td,
Joe Walton,1959,12,1959-12-13,False,WAS,NYG,H,L,10,24,,3,39,0,0,0,0,0,0,0,0,,,3.9,6.9,23218,False,targets;fum_rec_td;ret_td,PFR+RULE2PT,19591213-NYG-WAS,False,ret_td;fum_rec_td,False,True,ret_td;fum_rec_td,
Clyde Conner,1956,1,1956-09-30,False,SFO,NYG,H,L,21,38,,1,9,0,0,0,0,0,0,0,0,,,0.9,1.9,4416,False,targets;fum_rec_td;ret_td,PFR+RULE2PT,19560930-NYG-SFO,False,ret_td;fum_rec_td,False,True,ret_td;fum_rec_td,
Clyde Conner,1956,6,1956-11-04,False,SFO,DET,H,L,13,17,,1,20,0,0,0,0,0,0,0,0,,,2.0,3.0,4416,False,targets;fum_rec_td;ret_td,PFR+RULE2PT,19561104-DET-SFO,False,ret_td;fum_rec_td,False,True,ret_td;fum_rec_td,
Clyde Conner,1956,7,1956-11-11,False,SFO,RAM,A,L,6,30,,2,24,0,0,0,0,0,0,0,0,,,2.4,4.4,4416,False,targets;fum_rec_td;ret_td,PFR+RULE2PT,19561111-SFO-RAM,False,ret_td;fum_rec_td,False,True,ret_td;fum_rec_td,
Clyde Conner,1956,8,1956-11-18,False,SFO,GNB,A,W,17,16,,3,33,0,0,0,0,0,0,0,0,,,3.3,6.3,4416,False,targets;fum_rec_td;ret_td,PFR+RULE2PT,19561118-SFO-GNB,False,ret_td;fum_rec_td,False,True,ret_td;fum_rec_td,
Clyde Conner,1956,10,1956-12-02,False,SFO,BAL,A,W,20,17,,5,97,0,0,0,0,0,0,0,0,,,9.7,14.7,4416,False,targets;fum_rec_td;ret_td,PFR+RULE2PT,19561202-SFO-BAL,False,ret_td;fum_rec_td,False,True,ret_td;fum_rec_td,
Clyde Conner,1956,11,1956-12-08,False,SFO,GNB,H,W,38,20,,7,125,1,0,0,0,0,0,0,0,,,18.5,25.5,4416,False,targets;fum_rec_td;ret_td,PFR+RULE2PT,19561208-GNB-SFO,False,ret_td;fum_rec_td,False,True,ret_td;fum_rec_td,
Clyde Conner,1956,12,1956-12-16,False,SFO,BAL,H,W,30,17,,3,54,0,0,0,0,0,0,0,0,,,5.4,8.4,4416,False,targets;fum_rec_td;ret_td,PFR+RULE2PT,19561216-BAL-SFO,False,ret_td;fum_rec_td,False,True,ret_td;fum_rec_td,
Clyde Conner,1957,1,1957-09-29,False,SFO,CRD,H,L,10,20,,3,26,0,0,0,0,0,0,0,0,,,2.6,5.6,4416,False,targets;fum_rec_td;ret_td,PFR+RULE2PT,19570929-CRD-SFO,False,ret_td;fum_rec_td,False,True,ret_td;fum_rec_td,
Clyde Conner,1957,2,1957-10-06,False,SFO,RAM,H,W,23,20,,4,50,0,0,0,0,0,0,0,0,,,5.0,9.0,4416,False,targets;fum_rec_td;ret_td,PFR+RULE2PT,19571006-RAM-SFO,False,ret_td;fum_rec_td,False,True,ret_td;fum_rec_td,
Clyde Conner,1957,3,1957-10-13,False,SFO,CHI,A,W,21,17,,9,142,1,0,0,0,0,0,0,0,,,20.2,29.2,4416,False,targets;fum_rec_td;ret_td,PFR+RULE2PT,19571013-SFO-CHI,False,ret_td;fum_rec_td,False,True,ret_td;fum_rec_td,
Clyde Conner,1957,4,1957-10-20,False,SFO,GNB,A,W,24,14,,3,39,1,0,0,0,0,0,0,0,,,9.9,12.9,4416,False,targets;fum_rec_td;ret_td,PFR+RULE2PT,19571020-SFO-GNB,False,ret_td;fum_rec_td,False,True,ret_td;fum_rec_td,
Clyde Conner,1957,5,1957-10-27,False,SFO,CHI,H,W,21,17,,4,40,0,0,0,0,0,0,0,0,,,4.0,8.0,4416,False,targets;fum_rec_td;ret_td,PFR+RULE2PT,19571027-CHI-SFO,False,ret_td;fum_rec_td,False,True,ret_td;fum_rec_td,
Clyde Conner,1957,6,1957-11-03,False,SFO,DET,H,W,35,31,,4,54,1,0,0,0,0,0,0,0,,,11.4,15.4,4416,False,targets;fum_rec_td;ret_td,PFR+RULE2PT,19571103-DET-SFO,False,ret_td;fum_rec_td,False,True,ret_td;fum_rec_td,
Clyde Conner,1957,7,1957-11-10,False,SFO,RAM,A,L,24,37,,3,61,1,0,0,0,0,0,0,0,,,12.1,15.1,4416,False,targets;fum_rec_td;ret_td,PFR+RULE2PT,19571110-SFO-RAM,False,ret_td;fum_rec_td,False,True,ret_td;fum_rec_td,
Clyde Conner,1957,13,1957-12-22,True,SFO,DET,H,L,27,31,,1,10,0,0,0,0,0,0,0,0,,,1.0,2.0,4416,False,targets;fum_rec_td;ret_td,PFR+RULE2PT,19571222-DET-SFO,False,ret_td;fum_rec_td,False,True,ret_td;fum_rec_td,
Clyde Conner,1958,1,1958-09-28,False,SFO,PIT,H,W,23,20,,3,38,0,0,0,0,0,0,0,0,,,3.8,6.8,4416,False,targets;fum_rec_td;ret_td,PFR+RULE2PT,19580928-PIT-SFO,False,ret_td;fum_rec_td,False,True,ret_td;fum_rec_td,
Clyde Conner,1958,2,1958-10-05,False,SFO,RAM,H,L,3,33,,4,46,0,0,0,0,0,0,0,0,,,4.6,8.6,4416,False,targets;fum_rec_td;ret_td,PFR+RULE2PT,19581005-RAM-SFO,False,ret_td;fum_rec_td,False,True,ret_td;fum_rec_td,
Clyde Conner,1958,3,1958-10-12,False,SFO,CHI,A,L,6,28,,3,29,0,0,0,0,0,0,0,0,,,2.9,5.9,4416,False,targets;fum_rec_td;ret_td,PFR+RULE2PT,19581012-SFO-CHI,False,ret_td;fum_rec_td,False,True,ret_td;fum_rec_td,
Clyde Conner,1958,4,1958-10-19,False,SFO,PHI,A,W,30,24,,4,71,1,0,0,0,0,0,0,0,,,13.1,17.1,4416,False,targets;fum_rec_td;ret_td,PFR+RULE2PT,19581019-SFO-PHI,False,ret_td;fum_rec_td,False,True,ret_td;fum_rec_td,
Clyde Conner,1958,5,1958-10-26,False,SFO,CHI,H,L,14,27,,4,32,0,0,0,0,0,0,0,0,,,3.2,7.2,4416,False,targets;fum_rec_td;ret_td,PFR+RULE2PT,19581026-CHI-SFO,False,ret_td;fum_rec_td,False,True,ret_td;fum_rec_td,
Clyde Conner,1958,6,1958-11-02,False,SFO,DET,H,W,24,21,,6,40,1,0,0,0,0,0,0,0,,,10.0,16.0,4416,False,targets;fum_rec_td;ret_td,PFR+RULE2PT,19581102-DET-SFO,False,ret_td;fum_rec_td,False,True,ret_td;fum_rec_td,
Clyde Conner,1958,7,1958-11-09,False,SFO,RAM,A,L,7,56,,4,35,0,0,0,0,0,0,0,0,,,3.5,7.5,4416,False,targets;fum_rec_td;ret_td,PFR+RULE2PT,19581109-SFO-RAM,False,ret_td;fum_rec_td,False,True,ret_td;fum_rec_td,
Clyde Conner,1958,8,1958-11-16,False,SFO,DET,A,L,21,35,,8,67,1,0,0,0,0,0,0,0,,,12.7,20.7,4416,False,targets;fum_rec_td;ret_td,PFR+RULE2PT,19581116-SFO-DET,False,ret_td;fum_rec_td,False,True,ret_td;fum_rec_td,
Clyde Conner,1958,9,1958-11-23,False,SFO,GNB,A,W,33,12,,1,10,0,0,0,0,0,0,0,0,,,1.0,2.0,4416,False,targets;fum_rec_td;ret_td,PFR+RULE2PT,19581123-SFO-GNB,False,ret_td;fum_rec_td,False,True,ret_td;fum_rec_td,
Clyde Conner,1958,10,1958-11-30,False,SFO,BAL,A,L,27,35,,3,37,0,0,0,0,0,0,0,0,,,3.7,6.7,4416,False,targets;fum_rec_td;ret_td,PFR+RULE2PT,19581130-SFO-BAL,False,ret_td;fum_rec_td,False,True,ret_td;fum_rec_td,
Clyde Conner,1958,11,1958-12-07,False,SFO,GNB,H,W,48,21,,1,10,1,0,0,0,0,0,0,0,,,7.0,8.0,4416,False,targets;fum_rec_td;ret_td,PFR+RULE2PT,19581207-GNB-SFO,False,ret_td;fum_rec_td,False,True,ret_td;fum_rec_td,
Clyde Conner,1958,12,1958-12-14,False,SFO,BAL,H,W,21,12,,8,86,1,0,0,0,0,0,0,0,,,14.6,22.6,4416,False,targets;fum_rec_td;ret_td,PFR+RULE2PT,19581214-BAL-SFO,False,ret_td;fum_rec_td,False,True,ret_td;fum_rec_td,
Clyde Conner,1959,1,1959-09-27,False,SFO,PHI,H,W,24,14,,1,21,0,0,0,0,0,0,0,0,,,2.1,3.1,4416,False,targets;fum_rec_td;ret_td,PFR+RULE2PT,19590927-PHI-SFO,False,ret_td;fum_rec_td,False,True,ret_td;fum_rec_td,
Clyde Conner,1959,2,1959-10-04,False,SFO,RAM,H,W,34,0,,1,12,0,0,0,0,0,0,0,0,,,1.2,2.2,4416,False,targets;fum_rec_td;ret_td,PFR+RULE2PT,19591004-RAM-SFO,False,ret_td;fum_rec_td,False,True,ret_td;fum_rec_td,
Clyde Conner,1959,3,1959-10-11,False,SFO,GNB,A,L,20,21,,1,11,0,0,0,0,0,0,0,0,,,1.1,2.1,4416,False,targets;fum_rec_td;ret_td,PFR+RULE2PT,19591011-SFO-GNB,False,ret_td;fum_rec_td,False,True,ret_td;fum_rec_td,
Clyde Conner,1959,4,1959-10-18,False,SFO,DET,A,W,34,13,,2,45,1,0,0,0,0,0,0,0,,,10.5,12.5,4416,False,targets;fum_rec_td;ret_td,PFR+RULE2PT,19591018-SFO-DET,False,ret_td;fum_rec_td,False,True,ret_td;fum_rec_td,
Clyde Conner,1959,5,1959-10-25,False,SFO,CHI,H,W,20,17,,1,5,0,0,0,0,0,0,0,0,,,0.5,1.5,4416,False,targets;fum_rec_td;ret_td,PFR+RULE2PT,19591025-CHI-SFO,False,ret_td;fum_rec_td,False,True,ret_td;fum_rec_td,
Clyde Conner,1959,6,1959-11-01,False,SFO,DET,H,W,33,7,,2,20,0,0,0,0,0,0,0,0,,,2.0,4.0,4416,False,targets;fum_rec_td;ret_td,PFR+RULE2PT,19591101-DET-SFO,False,ret_td;fum_rec_td,False,True,ret_td;fum_rec_td,
Clyde Conner,1959,7,1959-11-08,False,SFO,RAM,A,W,24,16,,2,27,0,0,0,0,0,0,0,0,,,2.7,4.7,4416,False,targets;fum_rec_td;ret_td,PFR+RULE2PT,19591108-SFO-RAM,False,ret_td;fum_rec_td,False,True,ret_td;fum_rec_td,
Clyde Conner,1959,8,1959-11-15,False,SFO,CHI,A,L,3,14,,3,21,0,0,0,0,0,0,0,0,,,2.1,5.1,4416,False,targets;fum_rec_td;ret_td,PFR+RULE2PT,19591115-SFO-CHI,False,ret_td;fum_rec_td,False,True,ret_td;fum_rec_td,
Dorne Dibble,1951,1,1951-09-30,False,DET,WAS,H,W,35,17,,1,38,0,0,0,0,0,0,0,0,,,3.8,4.8,5598,False,targets;fum_rec_td;ret_td,PFR+RULE2PT,19510930-WAS-DET,False,ret_td;fum_rec_td,False,True,ret_td;fum_rec_td,
Dorne Dibble,1951,3,1951-10-14,False,DET,RAM,H,L,21,27,,2,49,1,0,0,0,0,0,0,0,,,10.9,12.9,5598,False,targets;fum_rec_td;ret_td,PFR+RULE2PT,19511014-RAM-DET,False,ret_td;fum_rec_td,False,True,ret_td;fum_rec_td,
Dorne Dibble,1951,4,1951-10-21,False,DET,NYY,H,T,24,24,,7,125,0,0,0,0,0,0,0,0,,,12.5,19.5,5598,False,targets;fum_rec_td;ret_td,PFR+RULE2PT,19511021-NYY-DET,False,ret_td;fum_rec_td,False,True,ret_td;fum_rec_td,
Dorne Dibble,1951,5,1951-10-28,False,DET,CHI,H,L,23,28,,4,72,1,0,0,0,0,0,0,0,,,13.2,17.2,5598,False,targets;fum_rec_td;ret_td,PFR+RULE2PT,19511028-CHI-DET,False,ret_td;fum_rec_td,False,True,ret_td;fum_rec_td,
Dorne Dibble,1951,7,1951-11-11,False,DET,CHI,A,W,41,28,,3,88,1,0,0,0,0,0,0,0,,,14.8,17.8,5598,False,targets;fum_rec_td;ret_td,PFR+RULE2PT,19511111-DET-CHI,False,ret_td;fum_rec_td,False,True,ret_td;fum_rec_td,
Dorne Dibble,1951,8,1951-11-18,False,DET,PHI,A,W,28,10,,4,79,2,0,0,0,0,0,0,0,,,19.9,23.9,5598,False,targets;fum_rec_td;ret_td,PFR+RULE2PT,19511118-DET-PHI,False,ret_td;fum_rec_td,False,True,ret_td;fum_rec_td,
Dorne Dibble,1951,9,1951-11-22,False,DET,GNB,H,W,52,35,,4,73,0,0,0,0,0,0,0,0,,,7.3,11.3,5598,False,targets;fum_rec_td;ret_td,PFR+RULE2PT,19511122-GNB-DET,False,ret_td;fum_rec_td,False,True,ret_td;fum_rec_td,
Dorne Dibble,1951,10,1951-12-02,False,DET,SFO,H,L,10,20,,3,47,1,0,0,0,0,0,0,0,,,10.7,13.7,5598,False,targets;fum_rec_td;ret_td,PFR+RULE2PT,19511202-SFO-DET,False,ret_td;fum_rec_td,False,True,ret_td;fum_rec_td,
Dorne Dibble,1951,12,1951-12-16,False,DET,SFO,A,L,17,21,,2,42,0,0,0,0,0,0,0,0,,,4.2,6.2,5598,False,targets;fum_rec_td;ret_td,PFR+RULE2PT,19511216-DET-SFO,False,ret_td;fum_rec_td,False,True,ret_td;fum_rec_td,
Dorne Dibble,1953,1,1953-09-27,False,DET,PIT,H,W,38,21,,1,12,0,0,0,0,0,0,0,0,,,1.2,2.2,5598,False,targets;fum_rec_td;ret_td,PFR+RULE2PT,19530927-PIT-DET,False,ret_td;fum_rec_td,False,True,ret_td;fum_rec_td,
Dorne Dibble,1953,3,1953-10-11,False,DET,SFO,H,W,24,21,,2,26,0,0,0,0,0,0,0,0,,,2.6,4.6,5598,False,targets;fum_rec_td;ret_td,PFR+RULE2PT,19531011-SFO-DET,False,ret_td;fum_rec_td,False,True,ret_td;fum_rec_td,
Dorne Dibble,1953,4,1953-10-18,False,DET,RAM,H,L,19,31,,3,69,1,0,0,0,0,0,0,0,,,12.9,15.9,5598,False,targets;fum_rec_td;ret_td,PFR+RULE2PT,19531018-RAM-DET,False,ret_td;fum_rec_td,False,True,ret_td;fum_rec_td,
Dorne Dibble,1953,5,1953-10-25,False,DET,SFO,A,W,14,10,,2,60,1,0,0,0,0,0,0,0,,,12.0,14.0,5598,False,targets;fum_rec_td;ret_td,PFR+RULE2PT,19531025-DET-SFO,False,ret_td;fum_rec_td,False,True,ret_td;fum_rec_td,
Dorne Dibble,1953,7,1953-11-07,False,DET,BAL,H,W,17,7,,2,23,0,0,0,0,0,0,0,0,,,2.3,4.3,5598,False,targets;fum_rec_td;ret_td,PFR+RULE2PT,19531107-BAL-DET,False,ret_td;fum_rec_td,False,True,ret_td;fum_rec_td,
Dorne Dibble,1953,8,1953-11-15,False,DET,GNB,A,W,14,7,,1,11,0,0,0,0,0,0,0,0,,,1.1,2.1,5598,False,targets;fum_rec_td;ret_td,PFR+RULE2PT,19531115-DET-GNB,False,ret_td;fum_rec_td,False,True,ret_td;fum_rec_td,
Dorne Dibble,1953,9,1953-11-22,False,DET,CHI,A,W,20,16,,1,9,0,0,0,0,0,0,0,0,,,0.9,1.9,5598,False,targets;fum_rec_td;ret_td,PFR+RULE2PT,19531122-DET-CHI,False,ret_td;fum_rec_td,False,True,ret_td;fum_rec_td,
Dorne Dibble,1953,10,1953-11-26,False,DET,GNB,H,W,34,15,,1,10,0,0,0,0,0,0,0,0,,,1.0,2.0,5598,False,targets;fum_rec_td;ret_td,PFR+RULE2PT,19531126-GNB-DET,False,ret_td;fum_rec_td,False,True,ret_td;fum_rec_td,
Dorne Dibble,1953,11,1953-12-06,False,DET,CHI,H,W,13,7,,1,38,1,0,0,0,0,0,0,0,,,9.8,10.8,5598,False,targets;fum_rec_td;ret_td,PFR+RULE2PT,19531206-CHI-DET,False,ret_td;fum_rec_td,False,True,ret_td;fum_rec_td,
Dorne Dibble,1953,12,1953-12-13,False,DET,NYG,A,W,27,16,,2,16,0,0,0,0,0,0,0,0,,,1.6,3.6,5598,False,targets;fum_rec_td;ret_td,PFR+RULE2PT,19531213-DET-NYG,False,ret_td;fum_rec_td,False,True,ret_td;fum_rec_td,
Dorne Dibble,1953,13,1953-12-27,True,DET,CLE,H,W,17,16,,1,22,0,0,0,0,0,0,0,0,,,2.2,3.2,5598,False,targets;fum_rec_td;ret_td,PFR+RULE2PT,19531227-CLE-DET,False,ret_td;fum_rec_td,False,True,ret_td;fum_rec_td,
Dorne Dibble,1954,1,1954-09-26,False,DET,CHI,H,W,48,23,,4,74,1,0,0,0,0,0,0,0,,,13.4,17.4,5598,False,targets;fum_rec_td;ret_td,PFR+RULE2PT,19540926-CHI-DET,False,ret_td;fum_rec_td,False,True,ret_td;fum_rec_td,
Dorne Dibble,1954,2,1954-10-10,False,DET,RAM,H,W,21,3,,1,16,0,0,0,0,0,0,0,0,,,1.6,2.6,5598,False,targets;fum_rec_td;ret_td,PFR+RULE2PT,19541010-RAM-DET,False,ret_td;fum_rec_td,False,True,ret_td;fum_rec_td,
Dorne Dibble,1954,3,1954-10-16,False,DET,BAL,H,W,35,0,,5,87,2,0,0,0,0,0,0,0,,,20.7,25.7,5598,False,targets;fum_rec_td;ret_td,PFR+RULE2PT,19541016-BAL-DET,False,ret_td;fum_rec_td,False,True,ret_td;fum_rec_td,
Dorne Dibble,1954,4,1954-10-24,False,DET,SFO,A,L,31,37,,5,91,0,0,0,0,0,0,0,0,,,9.1,14.1,5598,False,targets;fum_rec_td;ret_td,PFR+RULE2PT,19541024-DET-SFO,False,ret_td;fum_rec_td,False,True,ret_td;fum_rec_td,
Dorne Dibble,1954,5,1954-10-31,False,DET,RAM,A,W,27,24,,3,37,1,0,0,0,0,0,0,0,,,9.7,12.7,5598,False,targets;fum_rec_td;ret_td,PFR+RULE2PT,19541031-DET-RAM,False,ret_td;fum_rec_td,False,True,ret_td;fum_rec_td,
Dorne Dibble,1954,6,1954-11-06,False,DET,BAL,A,W,27,3,,7,93,0,0,0,0,0,0,0,0,,,9.3,16.3,5598,False,targets;fum_rec_td;ret_td,PFR+RULE2PT,19541106-DET-BAL,False,ret_td;fum_rec_td,False,True,ret_td;fum_rec_td,
Dorne Dibble,1954,7,1954-11-14,False,DET,SFO,H,W,48,7,,3,42,0,0,0,0,0,0,0,0,,,4.2,7.2,5598,False,targets;fum_rec_td;ret_td,PFR+RULE2PT,19541114-SFO-DET,False,ret_td;fum_rec_td,False,True,ret_td;fum_rec_td,
Dorne Dibble,1954,8,1954-11-21,False,DET,GNB,A,W,21,17,,5,77,1,0,0,0,0,0,0,0,,,13.7,18.7,5598,False,targets;fum_rec_td;ret_td,PFR+RULE2PT,19541121-DET-GNB,False,ret_td;fum_rec_td,False,True,ret_td;fum_rec_td,
Dorne Dibble,1954,9,1954-11-25,False,DET,GNB,H,W,28,24,,3,80,0,0,0,0,0,0,0,0,,,8.0,11.0,5598,False,targets;fum_rec_td;ret_td,PFR+RULE2PT,19541125-GNB-DET,False,ret_td;fum_rec_td,False,True,ret_td;fum_rec_td,
Dorne Dibble,1954,10,1954-12-05,False,DET,PHI,H,T,13,13,,3,68,0,0,0,0,0,0,0,0,,,6.8,9.8,5598,False,targets;fum_rec_td;ret_td,PFR+RULE2PT,19541205-PHI-DET,False,ret_td;fum_rec_td,False,True,ret_td;fum_rec_td,
Dorne Dibble,1954,11,1954-12-12,False,DET,CHI,A,L,24,28,,5,65,0,0,0,0,0,0,0,0,,,6.5,11.5,5598,False,targets;fum_rec_td;ret_td,PFR+RULE2PT,19541212-DET-CHI,False,ret_td;fum_rec_td,False,True,ret_td;fum_rec_td,
Dorne Dibble,1954,12,1954-12-19,False,DET,CLE,A,W,14,10,,2,38,1,0,0,0,0,0,0,0,,,9.8,11.8,5598,False,targets;fum_rec_td;ret_td,PFR+RULE2PT,19541219-DET-CLE,False,ret_td;fum_rec_td,False,True,ret_td;fum_rec_td,
Dorne Dibble,1954,13,1954-12-26,True,DET,CLE,A,L,10,56,,4,63,0,0,0,0,0,0,0,0,,,6.3,10.3,5598,False,targets;fum_rec_td;ret_td,PFR+RULE2PT,19541226-DET-CLE,False,ret_td;fum_rec_td,False,True,ret_td;fum_rec_td,
Dorne Dibble,1955,2,1955-10-01,False,DET,BAL,A,L,13,28,,5,91,2,0,0,0,0,0,0,0,,,21.1,26.1,5598,False,targets;fum_rec_td;ret_td,PFR+RULE2PT,19551001-DET-BAL,False,ret_td;fum_rec_td,False,True,ret_td;fum_rec_td,
Dorne Dibble,1955,3,1955-10-09,False,DET,RAM,H,L,10,17,,3,36,0,0,0,0,0,0,0,0,,,3.6,6.6,5598,False,targets;fum_rec_td;ret_td,PFR+RULE2PT,19551009-RAM-DET,False,ret_td;fum_rec_td,False,True,ret_td;fum_rec_td,
Dorne Dibble,1955,4,1955-10-16,False,DET,SFO,H,L,24,27,,1,14,0,0,0,0,0,0,0,0,,,1.4,2.4,5598,False,targets;fum_rec_td;ret_td,PFR+RULE2PT,19551016-SFO-DET,False,ret_td;fum_rec_td,False,True,ret_td;fum_rec_td,
Dorne Dibble,1955,5,1955-10-23,False,DET,RAM,A,L,13,24,,3,32,0,0,0,0,0,0,0,0,,,3.2,6.2,5598,False,targets;fum_rec_td;ret_td,PFR+RULE2PT,19551023-DET-RAM,False,ret_td;fum_rec_td,False,True,ret_td;fum_rec_td,
Dorne Dibble,1955,11,1955-12-04,False,DET,CHI,A,L,20,21,,2,6,0,0,0,0,0,0,0,0,,,0.6,2.6,5598,False,targets;fum_rec_td;ret_td,PFR+RULE2PT,19551204-DET-CHI,False,ret_td;fum_rec_td,False,True,ret_td;fum_rec_td,
Dorne Dibble,1956,1,1956-09-30,False,DET,GNB,A,W,20,16,,3,60,0,1,8,0,0,0,0,0,,,6.8,9.8,5598,False,targets;fum_rec_td;ret_td,PFR+RULE2PT,19560930-DET-GNB,False,ret_td;fum_rec_td,False,True,ret_td;fum_rec_td,
Dorne Dibble,1956,2,1956-10-06,False,DET,BAL,A,W,31,14,,3,106,1,0,0,0,0,0,0,0,,,16.6,19.6,5598,False,targets;fum_rec_td;ret_td,PFR+RULE2PT,19561006-DET-BAL,False,ret_td;fum_rec_td,False,True,ret_td;fum_rec_td,
Dorne Dibble,1956,3,1956-10-14,False,DET,RAM,H,W,24,21,,3,54,0,0,0,0,0,0,0,0,,,5.4,8.4,5598,False,targets;fum_rec_td;ret_td,PFR+RULE2PT,19561014-RAM-DET,False,ret_td;fum_rec_td,False,True,ret_td;fum_rec_td,
Dorne Dibble,1956,4,1956-10-21,False,DET,SFO,H,W,20,17,,4,66,0,0,0,0,0,0,0,0,,,6.6,10.6,5598,False,targets;fum_rec_td;ret_td,PFR+RULE2PT,19561021-SFO-DET,False,ret_td;fum_rec_td,False,True,ret_td;fum_rec_td,
Dorne Dibble,1956,5,1956-10-28,False,DET,RAM,A,W,16,7,,1,25,0,0,0,0,0,0,0,0,,,2.5,3.5,5598,False,targets;fum_rec_td;ret_td,PFR+RULE2PT,19561028-DET-RAM,False,ret_td;fum_rec_td,False,True,ret_td;fum_rec_td,
Dorne Dibble,1956,6,1956-11-04,False,DET,SFO,A,W,17,13,,1,14,0,0,0,0,0,0,0,0,,,1.4,2.4,5598,False,targets;fum_rec_td;ret_td,PFR+RULE2PT,19561104-DET-SFO,False,ret_td;fum_rec_td,False,True,ret_td;fum_rec_td,
Dorne Dibble,1956,7,1956-11-11,False,DET,WAS,A,L,17,18,,6,99,0,0,0,0,0,0,0,0,,,9.9,15.9,5598,False,targets;fum_rec_td;ret_td,PFR+RULE2PT,19561111-DET-WAS,False,ret_td;fum_rec_td,False,True,ret_td;fum_rec_td,
Dorne Dibble,1956,8,1956-11-18,False,DET,BAL,H,W,27,3,,3,44,0,0,0,0,0,0,0,0,,,4.4,7.4,5598,False,targets;fum_rec_td;ret_td,PFR+RULE2PT,19561118-BAL-DET,False,ret_td;fum_rec_td,False,True,ret_td;fum_rec_td,
Dorne Dibble,1956,9,1956-11-22,False,DET,GNB,H,L,20,24,,3,52,0,0,0,0,0,0,0,0,,,5.2,8.2,5598,False,targets;fum_rec_td;ret_td,PFR+RULE2PT,19561122-GNB-DET,False,ret_td;fum_rec_td,False,True,ret_td;fum_rec_td,
Dorne Dibble,1956,10,1956-12-02,False,DET,CHI,H,W,42,10,,2,43,0,0,0,0,0,0,0,0,,,4.3,6.3,5598,False,targets;fum_rec_td;ret_td,PFR+RULE2PT,19561202-CHI-DET,False,ret_td;fum_rec_td,False,True,ret_td;fum_rec_td,
Dorne Dibble,1956,12,1956-12-16,False,DET,CHI,A,L,21,38,,3,34,1,0,0,0,0,0,0,0,,,9.4,12.4,5598,False,targets;fum_rec_td;ret_td,PFR+RULE2PT,19561216-DET-CHI,False,ret_td;fum_rec_td,False,True,ret_td;fum_rec_td,
Dorne Dibble,1957,1,1957-09-29,False,DET,BAL,A,L,14,34,,1,5,0,0,0,0,0,0,0,0,,,0.5,1.5,5598,False,targets;fum_rec_td;ret_td,PFR+RULE2PT,19570929-DET-BAL,False,ret_td;fum_rec_td,False,True,ret_td;fum_rec_td,
Dorne Dibble,1957,4,1957-10-20,False,DET,BAL,H,W,31,27,,2,30,0,1,5,0,0,0,0,0,,,3.5,5.5,5598,False,targets;fum_rec_td;ret_td,PFR+RULE2PT,19571020-BAL-DET,False,ret_td;fum_rec_td,False,True,ret_td;fum_rec_td,
Dorne Dibble,1957,8,1957-11-17,False,DET,SFO,H,W,31,10,,2,41,0,0,0,0,0,0,0,0,,,4.1,6.1,5598,False,targets;fum_rec_td;ret_td,PFR+RULE2PT,19571117-SFO-DET,False,ret_td;fum_rec_td,False,True,ret_td;fum_rec_td,
Dorne Dibble,1957,9,1957-11-24,False,DET,CHI,H,L,7,27,,2,30,0,0,0,0,0,0,0,0,,,3.0,5.0,5598,False,targets;fum_rec_td;ret_td,PFR+RULE2PT,19571124-CHI-DET,False,ret_td;fum_rec_td,False,True,ret_td;fum_rec_td,
Dorne Dibble,1957,12,1957-12-15,False,DET,CHI,A,W,21,13,,1,15,0,0,0,0,0,0,0,0,,,1.5,2.5,5598,False,targets;fum_rec_td;ret_td,PFR+RULE2PT,19571215-DET-CHI,False,ret_td;fum_rec_td,False,True,ret_td;fum_rec_td,
Dorne Dibble,1957,13,1957-12-22,True,DET,SFO,A,W,31,27,,0,0,0,0,0,0,0,0,0,0,,,0.0,0.0,5598,False,targets;fum_rec_td;ret_td,PFR+RULE2PT,19571222-DET-SFO,False,ret_td;fum_rec_td,False,True,ret_td;fum_rec_td,
Dorne Dibble,1957,14,1957-12-29,True,DET,CLE,H,W,59,14,,0,0,0,0,0,0,0,0,0,0,,,0.0,0.0,5598,False,targets;fum_rec_td;ret_td,PFR+RULE2PT,19571229-CLE-DET,False,ret_td;fum_rec_td,False,True,ret_td;fum_rec_td,
Leon Hart,1950,3,1950-09-29,False,DET,NYY,A,L,21,44,,1,12,0,0,0,0,0,0,0,0,,,1.2,2.2,9291,False,targets;fum_rec_td;ret_td,PFR+RULE2PT,19500929-DET-NYY,False,ret_td;fum_rec_td,False,True,ret_td;fum_rec_td,
Leon Hart,1950,4,1950-10-08,False,DET,SFO,H,W,24,7,,1,37,0,0,0,0,0,0,0,0,,,3.7,4.7,9291,False,targets;fum_rec_td;ret_td,PFR+RULE2PT,19501008-SFO-DET,False,ret_td;fum_rec_td,False,True,ret_td;fum_rec_td,
Leon Hart,1950,5,1950-10-15,False,DET,RAM,H,L,28,30,,2,17,0,0,0,0,0,0,0,0,,,1.7,3.7,9291,False,targets;fum_rec_td;ret_td,PFR+RULE2PT,19501015-RAM-DET,False,ret_td;fum_rec_td,False,True,ret_td;fum_rec_td,
Leon Hart,1950,6,1950-10-22,False,DET,SFO,A,L,27,28,,3,48,0,0,0,0,0,0,0,0,,,4.8,7.8,9291,False,targets;fum_rec_td;ret_td,PFR+RULE2PT,19501022-DET-SFO,False,ret_td;fum_rec_td,False,True,ret_td;fum_rec_td,
Leon Hart,1950,7,1950-10-29,False,DET,RAM,A,L,24,65,,2,14,0,0,0,0,0,0,0,0,,,1.4,3.4,9291,False,targets;fum_rec_td;ret_td,PFR+RULE2PT,19501029-DET-RAM,False,ret_td;fum_rec_td,False,True,ret_td;fum_rec_td,
Leon Hart,1950,8,1950-11-05,False,DET,CHI,H,L,21,35,,9,154,1,0,0,0,0,0,0,0,,,21.4,30.4,9291,False,targets;fum_rec_td;ret_td,PFR+RULE2PT,19501105-CHI-DET,False,ret_td;fum_rec_td,False,True,ret_td;fum_rec_td,
Leon Hart,1950,9,1950-11-19,False,DET,GNB,H,W,24,21,,3,51,0,0,0,0,0,0,0,0,,,5.1,8.1,9291,False,targets;fum_rec_td;ret_td,PFR+RULE2PT,19501119-GNB-DET,False,ret_td;fum_rec_td,False,True,ret_td;fum_rec_td,
Leon Hart,1950,10,1950-11-23,False,DET,NYY,H,W,49,14,,5,46,0,0,0,0,0,0,0,0,,,4.6,9.6,9291,False,targets;fum_rec_td;ret_td,PFR+RULE2PT,19501123-NYY-DET,False,ret_td;fum_rec_td,False,True,ret_td;fum_rec_td,
Leon Hart,1950,11,1950-12-03,False,DET,BAL,A,W,45,21,,2,53,0,0,0,0,0,0,0,0,,,5.3,7.3,9291,False,targets;fum_rec_td;ret_td,PFR+RULE2PT,19501203-DET-BAL,False,ret_td;fum_rec_td,False,True,ret_td;fum_rec_td,
Leon Hart,1950,12,1950-12-10,False,DET,CHI,A,L,3,6,,3,71,0,0,0,0,0,0,0,0,,,7.1,10.1,9291,False,targets;fum_rec_td;ret_td,PFR+RULE2PT,19501210-DET-CHI,False,ret_td;fum_rec_td,False,True,ret_td;fum_rec_td,
Leon Hart,1951,1,1951-09-30,False,DET,WAS,H,W,35,17,,0,0,0,1,-3,0,0,0,0,0,,,-0.3,-0.3,9291,False,targets;fum_rec_td;ret_td,PFR+RULE2PT,19510930-WAS-DET,False,ret_td;fum_rec_td,False,True,ret_td;fum_rec_td,
Leon Hart,1951,3,1951-10-14,False,DET,RAM,H,L,21,27,,1,0,0,0,0,0,0,0,0,0,,,0.0,1.0,9291,False,targets;fum_rec_td;ret_td,PFR+RULE2PT,19511014-RAM-DET,False,ret_td;fum_rec_td,False,True,ret_td;fum_rec_td,
Leon Hart,1951,4,1951-10-21,False,DET,NYY,H,T,24,24,,6,110,2,2,-6,0,0,0,0,0,,,22.4,28.4,9291,False,targets;fum_rec_td;ret_td,PFR+RULE2PT,19511021-NYY-DET,False,ret_td;fum_rec_td,False,True,ret_td;fum_rec_td,
Leon Hart,1951,5,1951-10-28,False,DET,CHI,H,L,23,28,,2,34,1,0,0,0,0,0,0,0,,,9.4,11.4,9291,False,targets;fum_rec_td;ret_td,PFR+RULE2PT,19511028-CHI-DET,False,ret_td;fum_rec_td,False,True,ret_td;fum_rec_td,
Leon Hart,1951,6,1951-11-04,False,DET,GNB,A,W,24,17,,4,71,2,0,0,0,0,0,0,0,,,19.1,23.1,9291,False,targets;fum_rec_td;ret_td,PFR+RULE2PT,19511104-DET-GNB,False,ret_td;fum_rec_td,False,True,ret_td;fum_rec_td,
Leon Hart,1951,7,1951-11-11,False,DET,CHI,A,W,41,28,,5,88,2,0,0,0,0,0,0,0,,,20.8,25.8,9291,False,targets;fum_rec_td;ret_td,PFR+RULE2PT,19511111-DET-CHI,False,ret_td;fum_rec_td,False,True,ret_td;fum_rec_td,
Leon Hart,1951,8,1951-11-18,False,DET,PHI,A,W,28,10,,4,50,1,0,0,0,0,0,0,0,,,11.0,15.0,9291,False,targets;fum_rec_td;ret_td,PFR+RULE2PT,19511118-DET-PHI,False,ret_td;fum_rec_td,False,True,ret_td;fum_rec_td,
Leon Hart,1951,9,1951-11-22,False,DET,GNB,H,W,52,35,,5,87,2,1,3,0,0,0,0,0,,,21.0,26.0,9291,False,targets;fum_rec_td;ret_td,PFR+RULE2PT,19511122-GNB-DET,False,ret_td;fum_rec_td,False,True,ret_td;fum_rec_td,
Leon Hart,1951,10,1951-12-02,False,DET,SFO,H,L,10,20,,2,21,0,0,0,0,0,0,0,0,,,2.1,4.1,9291,False,targets;fum_rec_td;ret_td,PFR+RULE2PT,19511202-SFO-DET,False,ret_td;fum_rec_td,False,True,ret_td;fum_rec_td,
Leon Hart,1951,11,1951-12-09,False,DET,RAM,A,W,24,22,,1,22,1,0,0,0,0,0,0,0,,,8.2,9.2,9291,False,targets;fum_rec_td;ret_td,PFR+RULE2PT,19511209-DET-RAM,False,ret_td;fum_rec_td,False,True,ret_td;fum_rec_td,
Leon Hart,1951,12,1951-12-16,False,DET,SFO,A,L,17,21,,5,61,1,0,0,0,0,0,0,0,,,12.1,17.1,9291,False,targets;fum_rec_td;ret_td,PFR+RULE2PT,19511216-DET-SFO,False,ret_td;fum_rec_td,False,True,ret_td;fum_rec_td,
Leon Hart,1952,1,1952-09-28,False,DET,SFO,A,L,3,17,,2,23,0,0,0,0,0,0,0,0,,,2.3,4.3,9291,False,targets;fum_rec_td;ret_td,PFR+RULE2PT,19520928-DET-SFO,False,ret_td;fum_rec_td,False,True,ret_td;fum_rec_td,
Leon Hart,1952,2,1952-10-03,False,DET,RAM,A,W,17,14,,3,30,0,1,0,0,0,0,0,0,,,3.0,6.0,9291,False,targets;fum_rec_td;ret_td,PFR+RULE2PT,19521003-DET-RAM,False,ret_td;fum_rec_td,False,True,ret_td;fum_rec_td,
Leon Hart,1952,4,1952-10-19,False,DET,RAM,H,W,24,16,,5,73,0,0,0,0,0,0,0,0,,,7.3,12.3,9291,False,targets;fum_rec_td;ret_td,PFR+RULE2PT,19521019-RAM-DET,False,ret_td;fum_rec_td,False,True,ret_td;fum_rec_td,
Leon Hart,1952,6,1952-11-02,False,DET,CLE,H,W,17,6,,8,99,2,1,-1,0,0,0,0,0,,,21.8,29.8,9291,False,targets;fum_rec_td;ret_td,PFR+RULE2PT,19521102-CLE-DET,False,ret_td;fum_rec_td,False,True,ret_td;fum_rec_td,
Leon Hart,1952,7,1952-11-09,False,DET,PIT,A,W,31,6,,1,9,0,1,11,0,0,0,0,0,,,2.0,3.0,9291,False,targets;fum_rec_td;ret_td,PFR+RULE2PT,19521109-DET-PIT,False,ret_td;fum_rec_td,False,True,ret_td;fum_rec_td,
Leon Hart,1952,9,1952-11-23,False,DET,CHI,A,L,23,24,,3,45,0,0,0,0,0,0,0,0,,,4.5,7.5,9291,False,targets;fum_rec_td;ret_td,PFR+RULE2PT,19521123-DET-CHI,False,ret_td;fum_rec_td,False,True,ret_td;fum_rec_td,
Leon Hart,1952,10,1952-11-27,False,DET,GNB,H,W,48,24,,5,48,2,0,0,0,0,0,0,0,,,16.8,21.8,9291,False,targets;fum_rec_td;ret_td,PFR+RULE2PT,19521127-GNB-DET,False,ret_td;fum_rec_td,False,True,ret_td;fum_rec_td,
Leon Hart,1952,11,1952-12-07,False,DET,CHI,H,W,45,21,,4,42,0,0,0,0,0,0,0,0,,,4.2,8.2,9291,False,targets;fum_rec_td;ret_td,PFR+RULE2PT,19521207-CHI-DET,False,ret_td;fum_rec_td,False,True,ret_td;fum_rec_td,
Leon Hart,1952,12,1952-12-13,False,DET,DTX,H,W,41,6,,1,7,0,0,0,0,0,0,0,0,,,0.7,1.7,9291,False,targets;fum_rec_td;ret_td,PFR+RULE2PT,19521213-DTX-DET,False,ret_td;fum_rec_td,False,True,ret_td;fum_rec_td,
Leon Hart,1952,13,1952-12-21,True,DET,RAM,H,W,31,21,,5,86,1,0,0,0,0,0,0,0,,,14.6,19.6,9291,False,targets;fum_rec_td;ret_td,PFR+RULE2PT,19521221-RAM-DET,False,ret_td;fum_rec_td,False,True,ret_td;fum_rec_td,
Leon Hart,1952,14,1952-12-28,True,DET,CLE,A,W,17,7,,1,15,0,0,0,0,0,0,0,0,,,1.5,2.5,9291,False,targets;fum_rec_td;ret_td,PFR+RULE2PT,19521228-DET-CLE,False,ret_td;fum_rec_td,False,True,ret_td;fum_rec_td,
Leon Hart,1953,1,1953-09-27,False,DET,PIT,H,W,38,21,,3,93,1,0,0,0,0,0,0,0,,,15.3,18.3,9291,False,targets;fum_rec_td;ret_td,PFR+RULE2PT,19530927-PIT-DET,False,ret_td;fum_rec_td,False,True,ret_td;fum_rec_td,
Leon Hart,1953,2,1953-10-03,False,DET,BAL,A,W,27,17,,2,14,0,0,0,0,0,0,0,0,,,1.4,3.4,9291,False,targets;fum_rec_td;ret_td,PFR+RULE2PT,19531003-DET-BAL,False,ret_td;fum_rec_td,False,True,ret_td;fum_rec_td,
Leon Hart,1953,3,1953-10-11,False,DET,SFO,H,W,24,21,,2,60,1,0,0,0,0,0,0,0,,,12.0,14.0,9291,False,targets;fum_rec_td;ret_td,PFR+RULE2PT,19531011-SFO-DET,False,ret_td;fum_rec_td,False,True,ret_td;fum_rec_td,
Leon Hart,1953,4,1953-10-18,False,DET,RAM,H,L,19,31,,4,90,1,0,0,0,0,0,0,0,,,15.0,19.0,9291,False,targets;fum_rec_td;ret_td,PFR+RULE2PT,19531018-RAM-DET,False,ret_td;fum_rec_td,False,True,ret_td;fum_rec_td,
Leon Hart,1953,5,1953-10-25,False,DET,SFO,A,W,14,10,,1,9,0,0,0,0,0,0,0,0,,,0.9,1.9,9291,False,targets;fum_rec_td;ret_td,PFR+RULE2PT,19531025-DET-SFO,False,ret_td;fum_rec_td,False,True,ret_td;fum_rec_td,
Leon Hart,1953,6,1953-11-01,False,DET,RAM,A,L,24,37,,3,29,1,0,0,0,0,0,0,0,,,8.9,11.9,9291,False,targets;fum_rec_td;ret_td,PFR+RULE2PT,19531101-DET-RAM,False,ret_td;fum_rec_td,False,True,ret_td;fum_rec_td,
Leon Hart,1953,7,1953-11-07,False,DET,BAL,H,W,17,7,,2,18,1,0,0,0,0,0,0,0,,,7.8,9.8,9291,False,targets;fum_rec_td;ret_td,PFR+RULE2PT,19531107-BAL-DET,False,ret_td;fum_rec_td,False,True,ret_td;fum_rec_td,
Leon Hart,1953,8,1953-11-15,False,DET,GNB,A,W,14,7,,1,22,1,1,2,0,0,0,0,0,,,8.4,9.4,9291,False,targets;fum_rec_td;ret_td,PFR+RULE2PT,19531115-DET-GNB,False,ret_td;fum_rec_td,False,True,ret_td;fum_rec_td,
Leon Hart,1953,9,1953-11-22,False,DET,CHI,A,W,20,16,,3,49,0,0,0,0,0,0,0,0,,,4.9,7.9,9291,False,targets;fum_rec_td;ret_td,PFR+RULE2PT,19531122-DET-CHI,False,ret_td;fum_rec_td,False,True,ret_td;fum_rec_td,
Leon Hart,1953,10,1953-11-26,False,DET,GNB,H,W,34,15,,1,8,0,0,0,0,0,0,0,0,,,0.8,1.8,9291,False,targets;fum_rec_td;ret_td,PFR+RULE2PT,19531126-GNB-DET,False,ret_td;fum_rec_td,False,True,ret_td;fum_rec_td,
Leon Hart,1953,11,1953-12-06,False,DET,CHI,H,W,13,7,,2,55,0,0,0,0,0,0,0,0,,,5.5,7.5,9291,False,targets;fum_rec_td;ret_td,PFR+RULE2PT,19531206-CHI-DET,False,ret_td;fum_rec_td,False,True,ret_td;fum_rec_td,
Leon Hart,1953,12,1953-12-13,False,DET,NYG,A,W,27,16,,1,25,1,0,0,0,0,0,0,0,,,8.5,9.5,9291,False,targets;fum_rec_td;ret_td,PFR+RULE2PT,19531213-DET-NYG,False,ret_td;fum_rec_td,False,True,ret_td;fum_rec_td,
Leon Hart,1953,13,1953-12-27,True,DET,CLE,H,W,17,16,,0,0,0,0,0,0,0,0,0,0,,,0.0,0.0,9291,False,targets;fum_rec_td;ret_td,PFR+RULE2PT,19531227-CLE-DET,False,ret_td;fum_rec_td,False,True,ret_td;fum_rec_td,
Leon Hart,1954,2,1954-10-10,False,DET,RAM,H,W,21,3,,2,15,0,0,0,0,0,0,0,0,,,1.5,3.5,9291,False,targets;fum_rec_td;ret_td,PFR+RULE2PT,19541010-RAM-DET,False,ret_td;fum_rec_td,False,True,ret_td;fum_rec_td,
Leon Hart,1954,3,1954-10-16,False,DET,BAL,H,W,35,0,,5,94,0,0,0,0,0,0,0,0,,,9.4,14.4,9291,False,targets;fum_rec_td;ret_td,PFR+RULE2PT,19541016-BAL-DET,False,ret_td;fum_rec_td,False,True,ret_td;fum_rec_td,
Leon Hart,1954,4,1954-10-24,False,DET,SFO,A,L,31,37,,1,8,0,0,0,0,0,0,0,0,,,0.8,1.8,9291,False,targets;fum_rec_td;ret_td,PFR+RULE2PT,19541024-DET-SFO,False,ret_td;fum_rec_td,False,True,ret_td;fum_rec_td,
Leon Hart,1954,5,1954-10-31,False,DET,RAM,A,W,27,24,,1,18,0,0,0,0,0,0,0,0,,,1.8,2.8,9291,False,targets;fum_rec_td;ret_td,PFR+RULE2PT,19541031-DET-RAM,False,ret_td;fum_rec_td,False,True,ret_td;fum_rec_td,
Leon Hart,1954,6,1954-11-06,False,DET,BAL,A,W,27,3,,4,71,0,0,0,0,0,0,0,0,,,7.1,11.1,9291,False,targets;fum_rec_td;ret_td,PFR+RULE2PT,19541106-DET-BAL,False,ret_td;fum_rec_td,False,True,ret_td;fum_rec_td,
Leon Hart,1954,7,1954-11-14,False,DET,SFO,H,W,48,7,,1,24,0,0,0,0,0,0,0,0,,,2.4,3.4,9291,False,targets;fum_rec_td;ret_td,PFR+RULE2PT,19541114-SFO-DET,False,ret_td;fum_rec_td,False,True,ret_td;fum_rec_td,
Leon Hart,1954,8,1954-11-21,False,DET,GNB,A,W,21,17,,4,63,0,0,0,0,0,0,0,0,,,6.3,10.3,9291,False,targets;fum_rec_td;ret_td,PFR+RULE2PT,19541121-DET-GNB,False,ret_td;fum_rec_td,False,True,ret_td;fum_rec_td,
Leon Hart,1954,9,1954-11-25,False,DET,GNB,H,W,28,24,,2,11,0,0,0,0,0,0,0,0,,,1.1,3.1,9291,False,targets;fum_rec_td;ret_td,PFR+RULE2PT,19541125-GNB-DET,False,ret_td;fum_rec_td,False,True,ret_td;fum_rec_td,
Leon Hart,1954,10,1954-12-05,False,DET,PHI,H,T,13,13,,2,28,0,0,0,0,0,0,0,0,,,2.8,4.8,9291,False,targets;fum_rec_td;ret_td,PFR+RULE2PT,19541205-PHI-DET,False,ret_td;fum_rec_td,False,True,ret_td;fum_rec_td,
Leon Hart,1954,12,1954-12-19,False,DET,CLE,A,W,14,10,,2,45,0,0,0,0,0,0,0,0,,,4.5,6.5,9291,False,targets;fum_rec_td;ret_td,PFR+RULE2PT,19541219-DET-CLE,False,ret_td;fum_rec_td,False,True,ret_td;fum_rec_td,
Leon Hart,1954,13,1954-12-26,True,DET,CLE,A,L,10,56,,1,19,0,0,0,0,0,0,0,0,,,1.9,2.9,9291,False,targets;fum_rec_td;ret_td,PFR+RULE2PT,19541226-DET-CLE,False,ret_td;fum_rec_td,False,True,ret_td;fum_rec_td,
Leon Hart,1955,5,1955-10-23,False,DET,RAM,A,L,13,24,,1,11,0,0,0,0,0,0,0,0,,,1.1,2.1,9291,False,targets;fum_rec_td;ret_td,PFR+RULE2PT,19551023-DET-RAM,False,ret_td;fum_rec_td,False,True,ret_td;fum_rec_td,
Leon Hart,1955,6,1955-10-30,False,DET,SFO,A,L,21,38,,1,7,1,0,0,0,0,0,0,0,,,6.7,7.7,9291,False,targets;fum_rec_td;ret_td,PFR+RULE2PT,19551030-DET-SFO,False,ret_td;fum_rec_td,False,True,ret_td;fum_rec_td,
Leon Hart,1955,9,1955-11-20,False,DET,CHI,H,L,14,24,,3,18,0,9,31,0,0,0,0,0,,,4.9,7.9,9291,False,targets;fum_rec_td;ret_td,PFR+RULE2PT,19551120-CHI-DET,False,ret_td;fum_rec_td,False,True,ret_td;fum_rec_td,
Leon Hart,1955,10,1955-11-24,False,DET,GNB,H,W,24,10,,2,7,0,14,56,0,0,0,0,0,,,6.3,8.3,9291,False,targets;fum_rec_td;ret_td,PFR+RULE2PT,19551124-GNB-DET,False,ret_td;fum_rec_td,False,True,ret_td;fum_rec_td,
Leon Hart,1955,11,1955-12-04,False,DET,CHI,A,L,20,21,,2,11,0,12,72,0,0,0,0,0,,,8.3,10.3,9291,False,targets;fum_rec_td;ret_td,PFR+RULE2PT,19551204-DET-CHI,False,ret_td;fum_rec_td,False,True,ret_td;fum_rec_td,
Leon Hart,1956,1,1956-09-30,False,DET,GNB,A,W,20,16,,2,2,0,6,18,0,0,0,0,0,,,2.0,4.0,9291,False,targets;fum_rec_td;ret_td,PFR+RULE2PT,19560930-DET-GNB,False,ret_td;fum_rec_td,False,True,ret_td;fum_rec_td,
Leon Hart,1956,2,1956-10-06,False,DET,BAL,A,W,31,14,,1,-2,0,1,6,0,0,0,0,0,,,0.4,1.4,9291,False,targets;fum_rec_td;ret_td,PFR+RULE2PT,19561006-DET-BAL,False,ret_td;fum_rec_td,False,True,ret_td;fum_rec_td,
Leon Hart,1956,5,1956-10-28,False,DET,RAM,A,W,16,7,,3,61,0,7,15,0,0,0,0,0,,,7.6,10.6,9291,False,targets;fum_rec_td;ret_td,PFR+RULE2PT,19561028-DET-RAM,False,ret_td;fum_rec_td,False,True,ret_td;fum_rec_td,
Leon Hart,1956,6,1956-11-04,False,DET,SFO,A,W,17,13,,1,18,0,16,77,2,0,0,0,0,,,21.5,22.5,9291,False,targets;fum_rec_td;ret_td,PFR+RULE2PT,19561104-DET-SFO,False,ret_td;fum_rec_td,False,True,ret_td;fum_rec_td,
Leon Hart,1956,8,1956-11-18,False,DET,BAL,H,W,27,3,,1,6,0,13,69,1,0,0,0,0,,,13.5,14.5,9291,False,targets;fum_rec_td;ret_td,PFR+RULE2PT,19561118-BAL-DET,False,ret_td;fum_rec_td,False,True,ret_td;fum_rec_td,
Leon Hart,1956,9,1956-11-22,False,DET,GNB,H,L,20,24,,1,0,0,14,89,1,0,0,0,0,,,14.9,15.9,9291,False,targets;fum_rec_td;ret_td,PFR+RULE2PT,19561122-GNB-DET,False,ret_td;fum_rec_td,False,True,ret_td;fum_rec_td,
Leon Hart,1956,10,1956-12-02,False,DET,CHI,H,W,42,10,,0,0,0,12,60,0,0,0,0,0,,,6.0,6.0,9291,False,targets;fum_rec_td;ret_td,PFR+RULE2PT,19561202-CHI-DET,False,ret_td;fum_rec_td,False,True,ret_td;fum_rec_td,
Leon Hart,1956,11,1956-12-09,False,DET,PIT,H,W,45,7,,4,28,1,3,7,0,0,0,0,0,,,9.5,13.5,9291,False,targets;fum_rec_td;ret_td,PFR+RULE2PT,19561209-PIT-DET,False,ret_td;fum_rec_td,False,True,ret_td;fum_rec_td,
Leon Hart,1956,12,1956-12-16,False,DET,CHI,A,L,21,38,,1,3,0,4,7,1,0,0,0,0,,,7.0,8.0,9291,False,targets;fum_rec_td;ret_td,PFR+RULE2PT,19561216-DET-CHI,False,ret_td;fum_rec_td,False,True,ret_td;fum_rec_td,
Leon Hart,1957,2,1957-10-06,False,DET,GNB,A,W,24,14,,0,0,0,2,5,0,0,0,0,0,,,0.5,0.5,9291,False,targets;fum_rec_td;ret_td,PFR+RULE2PT,19571006-DET-GNB,False,ret_td;fum_rec_td,False,True,ret_td;fum_rec_td,
Leon Hart,1957,3,1957-10-13,False,DET,RAM,H,W,10,7,,0,0,0,1,-1,0,0,0,0,0,,,-0.1,-0.1,9291,False,targets;fum_rec_td;ret_td,PFR+RULE2PT,19571013-RAM-DET,False,ret_td;fum_rec_td,False,True,ret_td;fum_rec_td,
Leon Hart,1957,4,1957-10-20,False,DET,BAL,H,W,31,27,,0,0,0,1,1,0,0,0,0,0,,,0.1,0.1,9291,False,targets;fum_rec_td;ret_td,PFR+RULE2PT,19571020-BAL-DET,False,ret_td;fum_rec_td,False,True,ret_td;fum_rec_td,
Leon Hart,1957,5,1957-10-27,False,DET,RAM,A,L,17,35,,0,0,0,2,5,0,0,0,0,0,,,0.5,0.5,9291,False,targets;fum_rec_td;ret_td,PFR+RULE2PT,19571027-DET-RAM,False,ret_td;fum_rec_td,False,True,ret_td;fum_rec_td,
Leon Hart,1957,6,1957-11-03,False,DET,SFO,A,L,31,35,,1,6,0,2,21,0,0,0,0,0,,,2.7,3.7,9291,False,targets;fum_rec_td;ret_td,PFR+RULE2PT,19571103-DET-SFO,False,ret_td;fum_rec_td,False,True,ret_td;fum_rec_td,
Leon Hart,1957,7,1957-11-10,False,DET,PHI,A,W,27,16,,0,0,0,4,12,0,0,0,0,0,,,1.2,1.2,9291,False,targets;fum_rec_td;ret_td,PFR+RULE2PT,19571110-DET-PHI,False,ret_td;fum_rec_td,False,True,ret_td;fum_rec_td,
Leon Hart,1957,8,1957-11-17,False,DET,SFO,H,W,31,10,,3,49,0,2,14,0,0,0,0,0,,,6.3,9.3,9291,False,targets;fum_rec_td;ret_td,PFR+RULE2PT,19571117-SFO-DET,False,ret_td;fum_rec_td,False,True,ret_td;fum_rec_td,
Leon Hart,1957,10,1957-11-28,False,DET,GNB,H,W,18,6,,0,0,0,9,38,0,0,0,0,0,,,3.8,3.8,9291,False,targets;fum_rec_td;ret_td,PFR+RULE2PT,19571128-GNB-DET,False,ret_td;fum_rec_td,False,True,ret_td;fum_rec_td,
Leon Hart,1957,11,1957-12-08,False,DET,CLE,H,W,20,7,,0,0,0,1,4,0,0,0,0,0,,,0.4,0.4,9291,False,targets;fum_rec_td;ret_td,PFR+RULE2PT,19571208-CLE-DET,False,ret_td;fum_rec_td,False,True,ret_td;fum_rec_td,
Leon Hart,1957,13,1957-12-22,True,DET,SFO,A,W,31,27,,0,0,0,0,0,0,0,0,0,0,,,0.0,0.0,9291,False,targets;fum_rec_td;ret_td,PFR+RULE2PT,19571222-DET-SFO,False,ret_td;fum_rec_td,False,True,ret_td;fum_rec_td,
Leon Hart,1957,14,1957-12-29,True,DET,CLE,H,W,59,14,,0,0,0,0,0,0,0,0,0,0,,,0.0,0.0,9291,False,targets;fum_rec_td;ret_td,PFR+RULE2PT,19571229-CLE-DET,False,ret_td;fum_rec_td,False,True,ret_td;fum_rec_td,
John Carson,1954,1,1954-09-26,False,WAS,SFO,A,L,7,41,,1,8,0,0,0,0,0,0,0,0,,,0.8,1.8,3540,False,targets;fum_rec_td;ret_td,PFR+RULE2PT,19540926-WAS-SFO,False,ret_td;fum_rec_td,False,True,ret_td;fum_rec_td,
John Carson,1954,2,1954-10-02,False,WAS,PIT,A,L,7,37,,3,25,0,0,0,0,0,0,0,0,,,2.5,5.5,3540,False,targets;fum_rec_td;ret_td,PFR+RULE2PT,19541002-WAS-PIT,False,ret_td;fum_rec_td,False,True,ret_td;fum_rec_td,
John Carson,1954,6,1954-10-31,False,WAS,BAL,H,W,24,21,,1,9,0,0,0,0,0,0,0,0,,,0.9,1.9,3540,False,targets;fum_rec_td;ret_td,PFR+RULE2PT,19541031-BAL-WAS,False,ret_td;fum_rec_td,False,True,ret_td;fum_rec_td,
John Carson,1954,7,1954-11-07,False,WAS,CLE,A,L,3,62,,2,20,0,0,0,0,0,0,0,0,,,2.0,4.0,3540,False,targets;fum_rec_td;ret_td,PFR+RULE2PT,19541107-WAS-CLE,False,ret_td;fum_rec_td,False,True,ret_td;fum_rec_td,
John Carson,1954,8,1954-11-14,False,WAS,PIT,H,W,17,14,,1,0,0,0,0,0,0,0,0,0,,,0.0,1.0,3540,False,targets;fum_rec_td;ret_td,PFR+RULE2PT,19541114-PIT-WAS,False,ret_td;fum_rec_td,False,True,ret_td;fum_rec_td,
John Carson,1954,9,1954-11-21,False,WAS,CRD,A,L,16,38,,1,11,0,0,0,0,0,0,0,0,,,1.1,2.1,3540,False,targets;fum_rec_td;ret_td,PFR+RULE2PT,19541121-WAS-CRD,False,ret_td;fum_rec_td,False,True,ret_td;fum_rec_td,
John Carson,1954,10,1954-11-28,False,WAS,PHI,A,L,33,41,,1,10,0,0,0,0,0,0,0,0,,,1.0,2.0,3540,False,targets;fum_rec_td;ret_td,PFR+RULE2PT,19541128-WAS-PHI,False,ret_td;fum_rec_td,False,True,ret_td;fum_rec_td,
John Carson,1954,11,1954-12-05,False,WAS,CLE,H,L,14,34,,1,14,0,0,0,0,0,0,0,0,,,1.4,2.4,3540,False,targets;fum_rec_td;ret_td,PFR+RULE2PT,19541205-CLE-WAS,False,ret_td;fum_rec_td,False,True,ret_td;fum_rec_td,
John Carson,1954,12,1954-12-12,False,WAS,CRD,H,W,37,20,,1,42,0,0,0,0,0,0,0,0,,,4.2,5.2,3540,False,targets;fum_rec_td;ret_td,PFR+RULE2PT,19541212-CRD-WAS,False,ret_td;fum_rec_td,False,True,ret_td;fum_rec_td,
John Carson,1955,1,1955-09-25,False,WAS,CLE,A,W,27,17,,4,66,2,0,0,0,0,0,0,0,,,18.6,22.6,3540,False,targets;fum_rec_td;ret_td,PFR+RULE2PT,19550925-WAS-CLE,False,ret_td;fum_rec_td,False,True,ret_td;fum_rec_td,
John Carson,1955,2,1955-10-01,False,WAS,PHI,A,W,31,30,,4,46,0,0,0,0,0,0,0,0,,,4.6,8.6,3540,False,targets;fum_rec_td;ret_td,PFR+RULE2PT,19551001-WAS-PHI,False,ret_td;fum_rec_td,False,True,ret_td;fum_rec_td,
John Carson,1955,3,1955-10-09,False,WAS,CRD,H,L,10,24,,2,34,0,0,0,0,0,0,0,0,,,3.4,5.4,3540,False,targets;fum_rec_td;ret_td,PFR+RULE2PT,19551009-CRD-WAS,False,ret_td;fum_rec_td,False,True,ret_td;fum_rec_td,
John Carson,1955,5,1955-10-23,False,WAS,BAL,A,W,14,13,,2,67,0,0,0,0,0,0,0,0,,,6.7,8.7,3540,False,targets;fum_rec_td;ret_td,PFR+RULE2PT,19551023-WAS-BAL,False,ret_td;fum_rec_td,False,True,ret_td;fum_rec_td,
John Carson,1955,6,1955-10-30,False,WAS,NYG,A,L,7,35,,4,53,0,0,0,0,0,0,0,0,,,5.3,9.3,3540,False,targets;fum_rec_td;ret_td,PFR+RULE2PT,19551030-WAS-NYG,False,ret_td;fum_rec_td,False,True,ret_td;fum_rec_td,
John Carson,1955,7,1955-11-06,False,WAS,PHI,H,W,34,21,,1,48,0,0,0,0,0,0,0,0,,,4.8,5.8,3540,False,targets;fum_rec_td;ret_td,PFR+RULE2PT,19551106-PHI-WAS,False,ret_td;fum_rec_td,False,True,ret_td;fum_rec_td,
John Carson,1955,8,1955-11-13,False,WAS,SFO,H,W,7,0,,1,43,0,0,0,0,0,0,0,0,,,4.3,5.3,3540,False,targets;fum_rec_td;ret_td,PFR+RULE2PT,19551113-SFO-WAS,False,ret_td;fum_rec_td,False,True,ret_td;fum_rec_td,
John Carson,1955,9,1955-11-20,False,WAS,CRD,A,W,31,0,,1,31,1,0,0,0,0,0,0,0,,,9.1,10.1,3540,False,targets;fum_rec_td;ret_td,PFR+RULE2PT,19551120-WAS-CRD,False,ret_td;fum_rec_td,False,True,ret_td;fum_rec_td,
John Carson,1955,11,1955-12-04,False,WAS,NYG,H,L,20,27,,4,55,0,0,0,0,0,0,0,0,,,5.5,9.5,3540,False,targets;fum_rec_td;ret_td,PFR+RULE2PT,19551204-NYG-WAS,False,ret_td;fum_rec_td,False,True,ret_td;fum_rec_td,
John Carson,1956,1,1956-09-30,False,WAS,PIT,A,L,13,30,,5,51,0,0,0,0,0,0,0,0,,,5.1,10.1,3540,False,targets;fum_rec_td;ret_td,PFR+RULE2PT,19560930-WAS-PIT,False,ret_td;fum_rec_td,False,True,ret_td;fum_rec_td,
John Carson,1956,2,1956-10-06,False,WAS,PHI,A,L,9,13,,1,5,0,0,0,0,0,0,0,0,,,0.5,1.5,3540,False,targets;fum_rec_td;ret_td,PFR+RULE2PT,19561006-WAS-PHI,False,ret_td;fum_rec_td,False,True,ret_td;fum_rec_td,
John Carson,1956,3,1956-10-14,False,WAS,CRD,H,L,3,31,,7,74,0,0,0,0,0,0,0,0,,,7.4,14.4,3540,False,targets;fum_rec_td;ret_td,PFR+RULE2PT,19561014-CRD-WAS,False,ret_td;fum_rec_td,False,True,ret_td;fum_rec_td,
John Carson,1956,5,1956-10-28,False,WAS,CRD,A,W,17,14,,2,22,0,0,0,0,0,0,0,0,,,2.2,4.2,3540,False,targets;fum_rec_td;ret_td,PFR+RULE2PT,19561028-WAS-CRD,False,ret_td;fum_rec_td,False,True,ret_td;fum_rec_td,
John Carson,1956,6,1956-11-11,False,WAS,DET,H,W,18,17,,5,87,0,0,0,0,0,0,0,0,,,8.7,13.7,3540,False,targets;fum_rec_td;ret_td,PFR+RULE2PT,19561111-DET-WAS,False,ret_td;fum_rec_td,False,True,ret_td;fum_rec_td,
John Carson,1956,7,1956-11-18,False,WAS,NYG,H,W,33,7,,4,43,1,0,0,0,0,0,0,0,,,10.3,14.3,3540,False,targets;fum_rec_td;ret_td,PFR+RULE2PT,19561118-NYG-WAS,False,ret_td;fum_rec_td,False,True,ret_td;fum_rec_td,
John Carson,1956,8,1956-11-25,False,WAS,CLE,A,W,20,17,,4,73,1,0,0,0,0,0,0,0,,,13.3,17.3,3540,False,targets;fum_rec_td;ret_td,PFR+RULE2PT,19561125-WAS-CLE,False,ret_td;fum_rec_td,False,True,ret_td;fum_rec_td,
John Carson,1956,9,1956-12-02,False,WAS,NYG,A,L,14,28,,4,64,0,0,0,0,0,0,0,0,,,6.4,10.4,3540,False,targets;fum_rec_td;ret_td,PFR+RULE2PT,19561202-WAS-NYG,False,ret_td;fum_rec_td,False,True,ret_td;fum_rec_td,
John Carson,1956,10,1956-12-09,False,WAS,PHI,H,W,19,17,,5,62,1,0,0,0,0,0,0,0,,,12.2,17.2,3540,False,targets;fum_rec_td;ret_td,PFR+RULE2PT,19561209-PHI-WAS,False,ret_td;fum_rec_td,False,True,ret_td;fum_rec_td,
John Carson,1956,11,1956-12-16,False,WAS,PIT,H,L,0,23,,1,10,0,0,0,0,0,0,0,0,,,1.0,2.0,3540,False,targets;fum_rec_td;ret_td,PFR+RULE2PT,19561216-PIT-WAS,False,ret_td;fum_rec_td,False,True,ret_td;fum_rec_td,
John Carson,1956,12,1956-12-23,False,WAS,BAL,A,L,17,19,,1,13,0,0,0,0,0,0,0,0,,,1.3,2.3,3540,False,targets;fum_rec_td;ret_td,PFR+RULE2PT,19561223-WAS-BAL,False,ret_td;fum_rec_td,False,True,ret_td;fum_rec_td,
John Carson,1957,1,1957-09-29,False,WAS,PIT,A,L,7,28,,3,34,0,0,0,0,0,0,0,0,,,3.4,6.4,3540,False,targets;fum_rec_td;ret_td,PFR+RULE2PT,19570929-WAS-PIT,False,ret_td;fum_rec_td,False,True,ret_td;fum_rec_td,
John Carson,1957,2,1957-10-06,False,WAS,CRD,A,W,37,14,,5,104,1,0,0,0,0,0,0,0,,,16.4,21.4,3540,False,targets;fum_rec_td;ret_td,PFR+RULE2PT,19571006-WAS-CRD,False,ret_td;fum_rec_td,False,True,ret_td;fum_rec_td,
John Carson,1957,3,1957-10-13,False,WAS,NYG,H,L,20,24,,6,100,1,0,0,0,0,0,0,0,,,16.0,22.0,3540,False,targets;fum_rec_td;ret_td,PFR+RULE2PT,19571013-NYG-WAS,False,ret_td;fum_rec_td,False,True,ret_td;fum_rec_td,
John Carson,1957,4,1957-10-20,False,WAS,CRD,H,L,14,44,,3,51,0,0,0,0,0,0,0,0,,,5.1,8.1,3540,False,targets;fum_rec_td;ret_td,PFR+RULE2PT,19571020-CRD-WAS,False,ret_td;fum_rec_td,False,True,ret_td;fum_rec_td,
John Carson,1957,5,1957-10-27,False,WAS,NYG,A,W,31,14,,3,56,1,0,0,0,0,0,0,0,,,11.6,14.6,3540,False,targets;fum_rec_td;ret_td,PFR+RULE2PT,19571027-WAS-NYG,False,ret_td;fum_rec_td,False,True,ret_td;fum_rec_td,
John Carson,1957,6,1957-11-03,False,WAS,CLE,A,L,17,21,,1,13,0,0,0,0,0,0,0,0,,,1.3,2.3,3540,False,targets;fum_rec_td;ret_td,PFR+RULE2PT,19571103-WAS-CLE,False,ret_td;fum_rec_td,False,True,ret_td;fum_rec_td,
John Carson,1957,7,1957-11-10,False,WAS,BAL,H,L,17,21,,1,13,0,0,0,0,0,0,0,0,,,1.3,2.3,3540,False,targets;fum_rec_td;ret_td,PFR+RULE2PT,19571110-BAL-WAS,False,ret_td;fum_rec_td,False,True,ret_td;fum_rec_td,
John Carson,1957,8,1957-11-17,False,WAS,CLE,H,T,30,30,,2,51,0,0,0,0,0,0,0,0,,,5.1,7.1,3540,False,targets;fum_rec_td;ret_td,PFR+RULE2PT,19571117-CLE-WAS,False,ret_td;fum_rec_td,False,True,ret_td;fum_rec_td,
John Carson,1957,9,1957-11-24,False,WAS,PHI,A,L,12,21,,4,68,0,0,0,0,0,0,0,0,,,6.8,10.8,3540,False,targets;fum_rec_td;ret_td,PFR+RULE2PT,19571124-WAS-PHI,False,ret_td;fum_rec_td,False,True,ret_td;fum_rec_td,
John Carson,1957,10,1957-12-01,False,WAS,CHI,A,W,14,3,,1,23,0,0,0,0,0,0,0,0,,,2.3,3.3,3540,False,targets;fum_rec_td;ret_td,PFR+RULE2PT,19571201-WAS-CHI,False,ret_td;fum_rec_td,False,True,ret_td;fum_rec_td,
John Carson,1957,11,1957-12-08,False,WAS,PHI,H,W,42,7,,2,30,0,0,0,0,0,0,0,0,,,3.0,5.0,3540,False,targets;fum_rec_td;ret_td,PFR+RULE2PT,19571208-PHI-WAS,False,ret_td;fum_rec_td,False,True,ret_td;fum_rec_td,
John Carson,1957,12,1957-12-15,False,WAS,PIT,H,W,10,3,,3,40,0,0,0,0,0,0,0,0,,,4.0,7.0,3540,False,targets;fum_rec_td;ret_td,PFR+RULE2PT,19571215-PIT-WAS,False,ret_td;fum_rec_td,False,True,ret_td;fum_rec_td,
John Carson,1958,1,1958-09-28,False,WAS,PHI,A,W,24,14,,4,77,1,0,0,0,0,0,0,0,,,13.7,17.7,3540,False,targets;fum_rec_td;ret_td,PFR+RULE2PT,19580928-WAS-PHI,False,ret_td;fum_rec_td,False,True,ret_td;fum_rec_td,
John Carson,1958,2,1958-10-04,False,WAS,CRD,A,L,10,37,,8,142,1,0,0,0,0,0,0,0,,,20.2,28.2,3540,False,targets;fum_rec_td;ret_td,PFR+RULE2PT,19581004-WAS-CRD,False,ret_td;fum_rec_td,False,True,ret_td;fum_rec_td,
John Carson,1958,3,1958-10-12,False,WAS,NYG,H,L,14,21,,1,12,0,0,0,0,0,0,0,0,,,1.2,2.2,3540,False,targets;fum_rec_td;ret_td,PFR+RULE2PT,19581012-NYG-WAS,False,ret_td;fum_rec_td,False,True,ret_td;fum_rec_td,
John Carson,1958,9,1958-11-23,False,WAS,NYG,A,L,0,30,,1,13,0,0,0,0,0,0,0,0,,,1.3,2.3,3540,False,targets;fum_rec_td;ret_td,PFR+RULE2PT,19581123-WAS-NYG,False,ret_td;fum_rec_td,False,True,ret_td;fum_rec_td,
John Carson,1959,1,1959-09-27,False,WAS,CRD,A,L,21,49,,1,12,0,0,0,0,0,0,0,0,,,1.2,2.2,3540,False,targets;fum_rec_td;ret_td,PFR+RULE2PT,19590927-WAS-CRD,False,ret_td;fum_rec_td,False,True,ret_td;fum_rec_td,
John Carson,1959,2,1959-10-04,False,WAS,PIT,A,W,23,17,,1,7,0,0,0,0,0,0,0,0,,,0.7,1.7,3540,False,targets;fum_rec_td;ret_td,PFR+RULE2PT,19591004-WAS-PIT,False,ret_td;fum_rec_td,False,True,ret_td;fum_rec_td,
John Carson,1959,3,1959-10-11,False,WAS,CRD,H,W,23,14,,1,17,0,0,0,0,0,0,0,0,,,1.7,2.7,3540,False,targets;fum_rec_td;ret_td,PFR+RULE2PT,19591011-CRD-WAS,False,ret_td;fum_rec_td,False,True,ret_td;fum_rec_td,
John Carson,1959,4,1959-10-18,False,WAS,PIT,H,L,6,27,,1,14,0,0,0,0,0,0,0,0,,,1.4,2.4,3540,False,targets;fum_rec_td;ret_td,PFR+RULE2PT,19591018-PIT-WAS,False,ret_td;fum_rec_td,False,True,ret_td;fum_rec_td,
John Carson,1959,5,1959-10-25,False,WAS,CLE,A,L,7,34,,2,24,0,0,0,0,0,0,0,0,,,2.4,4.4,3540,False,targets;fum_rec_td;ret_td,PFR+RULE2PT,19591025-WAS-CLE,False,ret_td;fum_rec_td,False,True,ret_td;fum_rec_td,
Jerry Reichow,1956,8,1956-11-18,False,DET,BAL,H,W,27,3,,0,0,0,1,1,0,0,0,0,0,,,0.1,0.1,18416,False,targets;fum_rec_td;ret_td,PFR+RULE2PT,19561118-BAL-DET,False,ret_td;fum_rec_td,False,True,ret_td;fum_rec_td,
Jerry Reichow,1956,10,1956-12-02,False,DET,CHI,H,W,42,10,,1,10,0,0,0,0,0,0,0,0,,,1.0,2.0,18416,False,targets;fum_rec_td;ret_td,PFR+RULE2PT,19561202-CHI-DET,False,ret_td;fum_rec_td,False,True,ret_td;fum_rec_td,
Jerry Reichow,1956,11,1956-12-09,False,DET,PIT,H,W,45,7,,3,53,1,0,0,0,19,0,1,0,,,10.06,13.06,18416,False,targets;fum_rec_td;ret_td,PFR+RULE2PT,19561209-PIT-DET,False,ret_td;fum_rec_td,False,True,ret_td;fum_rec_td,
Jerry Reichow,1957,1,1957-09-29,False,DET,BAL,A,L,14,34,,5,82,1,0,0,0,0,0,0,0,,,14.2,19.2,18416,False,targets;fum_rec_td;ret_td,PFR+RULE2PT,19570929-DET-BAL,False,ret_td;fum_rec_td,False,True,ret_td;fum_rec_td,
Jerry Reichow,1957,2,1957-10-06,False,DET,GNB,A,W,24,14,,0,0,0,0,0,0,0,0,0,0,,,0.0,0.0,18416,False,targets;fum_rec_td;ret_td,PFR+RULE2PT,19571006-DET-GNB,False,ret_td;fum_rec_td,False,True,ret_td;fum_rec_td,
Jerry Reichow,1957,3,1957-10-13,False,DET,RAM,H,W,10,7,,3,36,1,0,0,0,0,0,0,0,,,9.6,12.6,18416,False,targets;fum_rec_td;ret_td,PFR+RULE2PT,19571013-RAM-DET,False,ret_td;fum_rec_td,False,True,ret_td;fum_rec_td,
Jerry Reichow,1957,4,1957-10-20,False,DET,BAL,H,W,31,27,,1,8,0,1,7,0,0,0,0,0,,,1.5,2.5,18416,False,targets;fum_rec_td;ret_td,PFR+RULE2PT,19571020-BAL-DET,False,ret_td;fum_rec_td,False,True,ret_td;fum_rec_td,
Jerry Reichow,1957,5,1957-10-27,False,DET,RAM,A,L,17,35,,3,34,1,1,2,0,0,0,0,0,,,9.6,12.6,18416,False,targets;fum_rec_td;ret_td,PFR+RULE2PT,19571027-DET-RAM,False,ret_td;fum_rec_td,False,True,ret_td;fum_rec_td,
Jerry Reichow,1957,6,1957-11-03,False,DET,SFO,A,L,31,35,,1,8,0,0,0,0,0,0,0,0,,,0.8,1.8,18416,False,targets;fum_rec_td;ret_td,PFR+RULE2PT,19571103-DET-SFO,False,ret_td;fum_rec_td,False,True,ret_td;fum_rec_td,
Jerry Reichow,1957,7,1957-11-10,False,DET,PHI,A,W,27,16,,1,7,0,0,0,0,0,0,0,0,,,0.7,1.7,18416,False,targets;fum_rec_td;ret_td,PFR+RULE2PT,19571110-DET-PHI,False,ret_td;fum_rec_td,False,True,ret_td;fum_rec_td,
Jerry Reichow,1957,8,1957-11-17,False,DET,SFO,H,W,31,10,,2,26,0,0,0,0,0,0,0,0,,,2.6,4.6,18416,False,targets;fum_rec_td;ret_td,PFR+RULE2PT,19571117-SFO-DET,False,ret_td;fum_rec_td,False,True,ret_td;fum_rec_td,
Jerry Reichow,1957,12,1957-12-15,False,DET,CHI,A,W,21,13,,1,14,0,0,0,0,0,0,0,0,,,1.4,2.4,18416,False,targets;fum_rec_td;ret_td,PFR+RULE2PT,19571215-DET-CHI,False,ret_td;fum_rec_td,False,True,ret_td;fum_rec_td,
Jerry Reichow,1957,13,1957-12-22,True,DET,SFO,A,W,31,27,,0,0,0,0,0,0,0,0,0,0,,,0.0,0.0,18416,False,targets;fum_rec_td;ret_td,PFR+RULE2PT,19571222-DET-SFO,False,ret_td;fum_rec_td,False,True,ret_td;fum_rec_td,
Jerry Reichow,1957,14,1957-12-29,True,DET,CLE,H,W,59,14,,0,0,0,1,0,0,16,1,0,0,,,4.64,4.64,18416,False,targets;fum_rec_td;ret_td,PFR+RULE2PT,19571229-CLE-DET,False,ret_td;fum_rec_td,False,True,ret_td;fum_rec_td,
Jerry Reichow,1959,1,1959-09-27,False,DET,BAL,A,L,9,21,,1,32,0,0,0,0,0,0,0,0,,,3.2,4.2,18416,False,targets;fum_rec_td;ret_td,PFR+RULE2PT,19590927-DET-BAL,False,ret_td;fum_rec_td,False,True,ret_td;fum_rec_td,
Jerry Reichow,1959,2,1959-10-04,False,DET,GNB,A,L,10,28,,4,47,0,0,0,0,0,0,0,0,,,4.7,8.7,18416,False,targets;fum_rec_td;ret_td,PFR+RULE2PT,19591004-DET-GNB,False,ret_td;fum_rec_td,False,True,ret_td;fum_rec_td,
Jerry Reichow,1959,3,1959-10-11,False,DET,BAL,H,L,24,31,,0,0,0,4,73,0,13,0,1,0,,,5.82,5.82,18416,False,targets;fum_rec_td;ret_td,PFR+RULE2PT,19591011-BAL-DET,False,ret_td;fum_rec_td,False,True,ret_td;fum_rec_td,
Jerry Reichow,1959,4,1959-10-18,False,DET,SFO,H,L,13,34,,0,0,0,1,1,0,7,0,0,0,,,0.38,0.38,18416,False,targets;fum_rec_td;ret_td,PFR+RULE2PT,19591018-SFO-DET,False,ret_td;fum_rec_td,False,True,ret_td;fum_rec_td,
Jerry Reichow,1959,9,1959-11-22,False,DET,CHI,H,L,14,24,,0,0,0,5,5,0,120,0,1,0,,,3.3,3.3,18416,False,targets;fum_rec_td;ret_td,PFR+RULE2PT,19591122-CHI-DET,False,ret_td;fum_rec_td,False,True,ret_td;fum_rec_td,
Jerry Reichow,1959,10,1959-11-26,False,DET,GNB,H,L,17,24,,2,39,1,0,0,0,0,0,0,0,,,9.9,11.9,18416,False,targets;fum_rec_td;ret_td,PFR+RULE2PT,19591126-GNB-DET,False,ret_td;fum_rec_td,False,True,ret_td;fum_rec_td,
Jerry Reichow,1959,11,1959-12-06,False,DET,CRD,H,W,45,21,,0,0,0,3,19,0,28,0,0,0,,,3.02,3.02,18416,False,targets;fum_rec_td;ret_td,PFR+RULE2PT,19591206-CRD-DET,False,ret_td;fum_rec_td,False,True,ret_td;fum_rec_td,
Cloyce Box,1950,1,1950-09-17,False,DET,GNB,A,W,45,7,,2,72,1,0,0,0,0,0,0,0,,,13.2,15.2,2133,False,targets;fum_rec_td;ret_td,PFR+RULE2PT,19500917-DET-GNB,False,ret_td;fum_rec_td,False,True,ret_td;fum_rec_td,
Cloyce Box,1950,2,1950-09-24,False,DET,PIT,H,W,10,7,,2,35,0,0,0,0,0,0,0,0,,,3.5,5.5,2133,False,targets;fum_rec_td;ret_td,PFR+RULE2PT,19500924-PIT-DET,False,ret_td;fum_rec_td,False,True,ret_td;fum_rec_td,
Cloyce Box,1950,3,1950-09-29,False,DET,NYY,A,L,21,44,,3,37,0,0,0,0,0,0,0,0,,,3.7,6.7,2133,False,targets;fum_rec_td;ret_td,PFR+RULE2PT,19500929-DET-NYY,False,ret_td;fum_rec_td,False,True,ret_td;fum_rec_td,
Cloyce Box,1950,4,1950-10-08,False,DET,SFO,H,W,24,7,,4,55,1,0,0,0,0,0,0,0,,,11.5,15.5,2133,False,targets;fum_rec_td;ret_td,PFR+RULE2PT,19501008-SFO-DET,False,ret_td;fum_rec_td,False,True,ret_td;fum_rec_td,
Cloyce Box,1950,5,1950-10-15,False,DET,RAM,H,L,28,30,,3,95,1,0,0,0,0,0,0,0,,,15.5,18.5,2133,False,targets;fum_rec_td;ret_td,PFR+RULE2PT,19501015-RAM-DET,False,ret_td;fum_rec_td,False,True,ret_td;fum_rec_td,
Cloyce Box,1950,6,1950-10-22,False,DET,SFO,A,L,27,28,,4,77,1,0,0,0,0,0,0,0,,,13.7,17.7,2133,False,targets;fum_rec_td;ret_td,PFR+RULE2PT,19501022-DET-SFO,False,ret_td;fum_rec_td,False,True,ret_td;fum_rec_td,
Cloyce Box,1950,8,1950-11-05,False,DET,CHI,H,L,21,35,,8,86,0,0,0,0,0,0,0,0,,,8.6,16.6,2133,False,targets;fum_rec_td;ret_td,PFR+RULE2PT,19501105-CHI-DET,False,ret_td;fum_rec_td,False,True,ret_td;fum_rec_td,
Cloyce Box,1950,9,1950-11-19,False,DET,GNB,H,W,24,21,,5,93,0,0,0,0,0,0,0,0,,,9.3,14.3,2133,False,targets;fum_rec_td;ret_td,PFR+RULE2PT,19501119-GNB-DET,False,ret_td;fum_rec_td,False,True,ret_td;fum_rec_td,
Cloyce Box,1950,10,1950-11-23,False,DET,NYY,H,W,49,14,,4,123,3,0,0,0,0,0,0,0,,,30.3,34.3,2133,False,targets;fum_rec_td;ret_td,PFR+RULE2PT,19501123-NYY-DET,False,ret_td;fum_rec_td,False,True,ret_td;fum_rec_td,
Cloyce Box,1950,11,1950-12-03,False,DET,BAL,A,W,45,21,,12,302,4,0,0,0,0,0,0,0,,,54.2,66.2,2133,False,targets;fum_rec_td;ret_td,PFR+RULE2PT,19501203-DET-BAL,False,ret_td;fum_rec_td,False,True,ret_td;fum_rec_td,
Cloyce Box,1950,12,1950-12-10,False,DET,CHI,A,L,3,6,,3,35,0,0,0,0,0,0,0,0,,,3.5,6.5,2133,False,targets;fum_rec_td;ret_td,PFR+RULE2PT,19501210-DET-CHI,False,ret_td;fum_rec_td,False,True,ret_td;fum_rec_td,
Cloyce Box,1952,1,1952-09-28,False,DET,SFO,A,L,3,17,,5,45,0,0,0,0,0,0,0,0,,,4.5,9.5,2133,False,targets;fum_rec_td;ret_td,PFR+RULE2PT,19520928-DET-SFO,False,ret_td;fum_rec_td,False,True,ret_td;fum_rec_td,
Cloyce Box,1952,2,1952-10-03,False,DET,RAM,A,W,17,14,,4,41,2,0,0,0,0,0,0,0,,,16.1,20.1,2133,False,targets;fum_rec_td;ret_td,PFR+RULE2PT,19521003-DET-RAM,False,ret_td;fum_rec_td,False,True,ret_td;fum_rec_td,
Cloyce Box,1952,4,1952-10-19,False,DET,RAM,H,W,24,16,,3,91,2,0,0,0,0,0,0,0,,,21.1,24.1,2133,False,targets;fum_rec_td;ret_td,PFR+RULE2PT,19521019-RAM-DET,False,ret_td;fum_rec_td,False,True,ret_td;fum_rec_td,
Cloyce Box,1952,5,1952-10-26,False,DET,GNB,A,W,52,17,,2,45,0,0,0,0,0,0,0,0,,,4.5,6.5,2133,False,targets;fum_rec_td;ret_td,PFR+RULE2PT,19521026-DET-GNB,False,ret_td;fum_rec_td,False,True,ret_td;fum_rec_td,
Cloyce Box,1952,6,1952-11-02,False,DET,CLE,H,W,17,6,,1,40,0,0,0,0,0,0,0,0,,,4.0,5.0,2133,False,targets;fum_rec_td;ret_td,PFR+RULE2PT,19521102-CLE-DET,False,ret_td;fum_rec_td,False,True,ret_td;fum_rec_td,
Cloyce Box,1952,7,1952-11-09,False,DET,PIT,A,W,31,6,,1,46,1,0,0,0,0,0,0,0,,,10.6,11.6,2133,False,targets;fum_rec_td;ret_td,PFR+RULE2PT,19521109-DET-PIT,False,ret_td;fum_rec_td,False,True,ret_td;fum_rec_td,
Cloyce Box,1952,8,1952-11-16,False,DET,DTX,H,W,43,13,,1,55,1,0,0,0,0,0,0,0,,,11.5,12.5,2133,False,targets;fum_rec_td;ret_td,PFR+RULE2PT,19521116-DTX-DET,False,ret_td;fum_rec_td,False,True,ret_td;fum_rec_td,
Cloyce Box,1952,9,1952-11-23,False,DET,CHI,A,L,23,24,,1,32,0,0,0,0,0,0,0,0,,,3.2,4.2,2133,False,targets;fum_rec_td;ret_td,PFR+RULE2PT,19521123-DET-CHI,False,ret_td;fum_rec_td,False,True,ret_td;fum_rec_td,
Cloyce Box,1952,10,1952-11-27,False,DET,GNB,H,W,48,24,,9,155,3,0,0,0,0,0,0,0,,,33.5,42.5,2133,False,targets;fum_rec_td;ret_td,PFR+RULE2PT,19521127-GNB-DET,False,ret_td;fum_rec_td,False,True,ret_td;fum_rec_td,
Cloyce Box,1952,11,1952-12-07,False,DET,CHI,H,W,45,21,,8,172,3,0,0,0,0,0,0,0,,,35.2,43.2,2133,False,targets;fum_rec_td;ret_td,PFR+RULE2PT,19521207-CHI-DET,False,ret_td;fum_rec_td,False,True,ret_td;fum_rec_td,
Cloyce Box,1952,12,1952-12-13,False,DET,DTX,H,W,41,6,,7,202,3,0,0,0,0,0,0,0,,,38.2,45.2,2133,False,targets;fum_rec_td;ret_td,PFR+RULE2PT,19521213-DTX-DET,False,ret_td;fum_rec_td,False,True,ret_td;fum_rec_td,
Cloyce Box,1952,13,1952-12-21,True,DET,RAM,H,W,31,21,,2,20,0,0,0,0,0,0,0,0,,,2.0,4.0,2133,False,targets;fum_rec_td;ret_td,PFR+RULE2PT,19521221-RAM-DET,False,ret_td;fum_rec_td,False,True,ret_td;fum_rec_td,
Cloyce Box,1952,14,1952-12-28,True,DET,CLE,A,W,17,7,,1,10,0,0,0,0,0,0,0,0,,,1.0,2.0,2133,False,targets;fum_rec_td;ret_td,PFR+RULE2PT,19521228-DET-CLE,False,ret_td;fum_rec_td,False,True,ret_td;fum_rec_td,
Cloyce Box,1953,1,1953-09-27,False,DET,PIT,H,W,38,21,,5,143,0,0,0,0,0,0,0,0,,,14.3,19.3,2133,False,targets;fum_rec_td;ret_td,PFR+RULE2PT,19530927-PIT-DET,False,ret_td;fum_rec_td,False,True,ret_td;fum_rec_td,
Cloyce Box,1953,3,1953-10-11,False,DET,SFO,H,W,24,21,,2,72,1,0,0,0,0,0,0,0,,,13.2,15.2,2133,False,targets;fum_rec_td;ret_td,PFR+RULE2PT,19531011-SFO-DET,False,ret_td;fum_rec_td,False,True,ret_td;fum_rec_td,
Cloyce Box,1953,4,1953-10-18,False,DET,RAM,H,L,19,31,,1,17,0,0,0,0,0,0,0,0,,,1.7,2.7,2133,False,targets;fum_rec_td;ret_td,PFR+RULE2PT,19531018-RAM-DET,False,ret_td;fum_rec_td,False,True,ret_td;fum_rec_td,
Cloyce Box,1953,6,1953-11-01,False,DET,RAM,A,L,24,37,,1,11,0,0,0,0,0,0,0,0,,,1.1,2.1,2133,False,targets;fum_rec_td;ret_td,PFR+RULE2PT,19531101-DET-RAM,False,ret_td;fum_rec_td,False,True,ret_td;fum_rec_td,
Cloyce Box,1953,8,1953-11-15,False,DET,GNB,A,W,14,7,,1,9,0,0,0,0,0,0,0,0,,,0.9,1.9,2133,False,targets;fum_rec_td;ret_td,PFR+RULE2PT,19531115-DET-GNB,False,ret_td;fum_rec_td,False,True,ret_td;fum_rec_td,
Cloyce Box,1953,9,1953-11-22,False,DET,CHI,A,W,20,16,,1,12,0,0,0,0,0,0,0,0,,,1.2,2.2,2133,False,targets;fum_rec_td;ret_td,PFR+RULE2PT,19531122-DET-CHI,False,ret_td;fum_rec_td,False,True,ret_td;fum_rec_td,
Cloyce Box,1953,10,1953-11-26,False,DET,GNB,H,W,34,15,,2,110,1,0,0,0,0,0,0,0,,,17.0,19.0,2133,False,targets;fum_rec_td;ret_td,PFR+RULE2PT,19531126-GNB-DET,False,ret_td;fum_rec_td,False,True,ret_td;fum_rec_td,
Cloyce Box,1953,12,1953-12-13,False,DET,NYG,A,W,27,16,,3,29,0,0,0,0,0,0,0,0,,,2.9,5.9,2133,False,targets;fum_rec_td;ret_td,PFR+RULE2PT,19531213-DET-NYG,False,ret_td;fum_rec_td,False,True,ret_td;fum_rec_td,
Cloyce Box,1953,13,1953-12-27,True,DET,CLE,H,W,17,16,,4,54,0,0,0,0,0,0,0,0,,,5.4,9.4,2133,False,targets;fum_rec_td;ret_td,PFR+RULE2PT,19531227-CLE-DET,False,ret_td;fum_rec_td,False,True,ret_td;fum_rec_td,
Cloyce Box,1954,1,1954-09-26,False,DET,CHI,H,W,48,23,,1,6,0,0,0,0,0,0,0,0,,,0.6,1.6,2133,False,targets;fum_rec_td;ret_td,PFR+RULE2PT,19540926-CHI-DET,False,ret_td;fum_rec_td,False,True,ret_td;fum_rec_td,
Cloyce Box,1954,3,1954-10-16,False,DET,BAL,H,W,35,0,,1,10,0,0,0,0,0,0,0,0,,,1.0,2.0,2133,False,targets;fum_rec_td;ret_td,PFR+RULE2PT,19541016-BAL-DET,False,ret_td;fum_rec_td,False,True,ret_td;fum_rec_td,
Cloyce Box,1954,6,1954-11-06,False,DET,BAL,A,W,27,3,,2,10,0,1,20,0,0,0,0,0,,,3.0,5.0,2133,False,targets;fum_rec_td;ret_td,PFR+RULE2PT,19541106-DET-BAL,False,ret_td;fum_rec_td,False,True,ret_td;fum_rec_td,
Cloyce Box,1954,9,1954-11-25,False,DET,GNB,H,W,28,24,,1,13,0,0,0,0,0,0,0,0,,,1.3,2.3,2133,False,targets;fum_rec_td;ret_td,PFR+RULE2PT,19541125-GNB-DET,False,ret_td;fum_rec_td,False,True,ret_td;fum_rec_td,
Cloyce Box,1954,11,1954-12-12,False,DET,CHI,A,L,24,28,,1,14,0,0,0,0,0,0,0,0,,,1.4,2.4,2133,False,targets;fum_rec_td;ret_td,PFR+RULE2PT,19541212-DET-CHI,False,ret_td;fum_rec_td,False,True,ret_td;fum_rec_td,
Cloyce Box,1954,13,1954-12-26,True,DET,CLE,A,L,10,56,,0,0,0,0,0,0,0,0,0,0,,,0.0,0.0,2133,False,targets;fum_rec_td;ret_td,PFR+RULE2PT,19541226-DET-CLE,False,ret_td;fum_rec_td,False,True,ret_td;fum_rec_td,
Gary Knafelc,1954,1,1954-09-26,False,CRD,NYG,H,L,10,41,,2,11,0,0,0,0,0,0,0,0,,,1.1,3.1,12414,False,targets;fum_rec_td;ret_td,PFR+RULE2PT,19540926-NYG-CRD,False,ret_td;fum_rec_td,False,True,ret_td;fum_rec_td,
Gary Knafelc,1954,11,1954-12-05,False,GNB,SFO,A,L,0,35,,2,27,0,0,0,0,0,0,0,0,,,2.7,4.7,12414,False,targets;fum_rec_td;ret_td,PFR+RULE2PT,19541205-GNB-SFO,False,ret_td;fum_rec_td,False,True,ret_td;fum_rec_td,
Gary Knafelc,1954,12,1954-12-12,False,GNB,RAM,A,L,27,35,,1,10,0,0,0,0,0,0,0,0,,,1.0,2.0,12414,False,targets;fum_rec_td;ret_td,PFR+RULE2PT,19541212-GNB-RAM,False,ret_td;fum_rec_td,False,True,ret_td;fum_rec_td,
Gary Knafelc,1955,1,1955-09-25,False,GNB,DET,H,W,20,17,,3,45,1,0,0,0,0,0,0,0,,,10.5,13.5,12414,False,targets;fum_rec_td;ret_td,PFR+RULE2PT,19550925-DET-GNB,False,ret_td;fum_rec_td,False,True,ret_td;fum_rec_td,
Gary Knafelc,1955,2,1955-10-02,False,GNB,CHI,H,W,24,3,,6,98,1,0,0,0,0,0,0,0,,,15.8,21.8,12414,False,targets;fum_rec_td;ret_td,PFR+RULE2PT,19551002-CHI-GNB,False,ret_td;fum_rec_td,False,True,ret_td;fum_rec_td,
Gary Knafelc,1955,3,1955-10-08,False,GNB,BAL,H,L,20,24,,3,35,0,0,0,0,0,0,0,0,,,3.5,6.5,12414,False,targets;fum_rec_td;ret_td,PFR+RULE2PT,19551008-BAL-GNB,False,ret_td;fum_rec_td,False,True,ret_td;fum_rec_td,
Gary Knafelc,1955,4,1955-10-16,False,GNB,RAM,H,W,30,28,,6,72,1,0,0,0,0,0,0,0,,,13.2,19.2,12414,False,targets;fum_rec_td;ret_td,PFR+RULE2PT,19551016-RAM-GNB,False,ret_td;fum_rec_td,False,True,ret_td;fum_rec_td,
Gary Knafelc,1955,6,1955-10-29,False,GNB,BAL,A,L,10,14,,2,52,0,0,0,0,0,0,0,0,,,5.2,7.2,12414,False,targets;fum_rec_td;ret_td,PFR+RULE2PT,19551029-GNB-BAL,False,ret_td;fum_rec_td,False,True,ret_td;fum_rec_td,
Gary Knafelc,1955,7,1955-11-06,False,GNB,CHI,A,L,31,52,,6,91,0,0,0,0,0,0,0,0,,,9.1,15.1,12414,False,targets;fum_rec_td;ret_td,PFR+RULE2PT,19551106-GNB-CHI,False,ret_td;fum_rec_td,False,True,ret_td;fum_rec_td,
Gary Knafelc,1955,8,1955-11-13,False,GNB,CRD,H,W,31,14,,2,31,1,0,0,0,0,0,0,0,,,9.1,11.1,12414,False,targets;fum_rec_td;ret_td,PFR+RULE2PT,19551113-CRD-GNB,False,ret_td;fum_rec_td,False,True,ret_td;fum_rec_td,
Gary Knafelc,1955,9,1955-11-20,False,GNB,SFO,H,W,27,21,,3,52,1,0,0,0,0,0,0,0,,,11.2,14.2,12414,False,targets;fum_rec_td;ret_td,PFR+RULE2PT,19551120-SFO-GNB,False,ret_td;fum_rec_td,False,True,ret_td;fum_rec_td,
Gary Knafelc,1955,10,1955-11-24,False,GNB,DET,A,L,10,24,,4,81,1,0,0,0,0,0,0,0,,,14.1,18.1,12414,False,targets;fum_rec_td;ret_td,PFR+RULE2PT,19551124-GNB-DET,False,ret_td;fum_rec_td,False,True,ret_td;fum_rec_td,
Gary Knafelc,1955,11,1955-12-04,False,GNB,SFO,A,W,28,7,,1,11,0,0,0,0,0,0,0,0,,,1.1,2.1,12414,False,targets;fum_rec_td;ret_td,PFR+RULE2PT,19551204-GNB-SFO,False,ret_td;fum_rec_td,False,True,ret_td;fum_rec_td,
Gary Knafelc,1955,12,1955-12-11,False,GNB,RAM,A,L,17,31,,4,45,2,0,0,0,0,0,0,0,,,16.5,20.5,12414,False,targets;fum_rec_td;ret_td,PFR+RULE2PT,19551211-GNB-RAM,False,ret_td;fum_rec_td,False,True,ret_td;fum_rec_td,
Gary Knafelc,1956,1,1956-09-30,False,GNB,DET,H,L,16,20,,1,5,1,0,0,0,0,0,0,0,,,6.5,7.5,12414,False,targets;fum_rec_td;ret_td,PFR+RULE2PT,19560930-DET-GNB,False,ret_td;fum_rec_td,False,True,ret_td;fum_rec_td,
Gary Knafelc,1956,2,1956-10-07,False,GNB,CHI,H,L,21,37,,1,8,0,0,0,0,0,0,0,0,,,0.8,1.8,12414,False,targets;fum_rec_td;ret_td,PFR+RULE2PT,19561007-CHI-GNB,False,ret_td;fum_rec_td,False,True,ret_td;fum_rec_td,
Gary Knafelc,1956,3,1956-10-14,False,GNB,BAL,H,W,38,33,,5,87,2,0,0,0,0,0,0,0,,,20.7,25.7,12414,False,targets;fum_rec_td;ret_td,PFR+RULE2PT,19561014-BAL-GNB,False,ret_td;fum_rec_td,False,True,ret_td;fum_rec_td,
Gary Knafelc,1956,4,1956-10-21,False,GNB,RAM,H,W,42,17,,5,48,2,0,0,0,0,0,0,0,,,16.8,21.8,12414,False,targets;fum_rec_td;ret_td,PFR+RULE2PT,19561021-RAM-GNB,False,ret_td;fum_rec_td,False,True,ret_td;fum_rec_td,
Gary Knafelc,1956,5,1956-10-28,False,GNB,BAL,A,L,21,28,,3,42,0,0,0,0,0,0,0,0,,,4.2,7.2,12414,False,targets;fum_rec_td;ret_td,PFR+RULE2PT,19561028-GNB-BAL,False,ret_td;fum_rec_td,False,True,ret_td;fum_rec_td,
Gary Knafelc,1956,6,1956-11-04,False,GNB,CLE,H,L,7,24,,1,19,0,0,0,0,0,0,0,0,,,1.9,2.9,12414,False,targets;fum_rec_td;ret_td,PFR+RULE2PT,19561104-CLE-GNB,False,ret_td;fum_rec_td,False,True,ret_td;fum_rec_td,
Gary Knafelc,1956,7,1956-11-11,False,GNB,CHI,A,L,14,38,,1,23,1,0,0,0,0,0,0,0,,,8.3,9.3,12414,False,targets;fum_rec_td;ret_td,PFR+RULE2PT,19561111-GNB-CHI,False,ret_td;fum_rec_td,False,True,ret_td;fum_rec_td,
Gary Knafelc,1956,8,1956-11-18,False,GNB,SFO,H,L,16,17,,3,48,0,0,0,0,0,0,0,0,,,4.8,7.8,12414,False,targets;fum_rec_td;ret_td,PFR+RULE2PT,19561118-SFO-GNB,False,ret_td;fum_rec_td,False,True,ret_td;fum_rec_td,
Gary Knafelc,1956,9,1956-11-22,False,GNB,DET,A,W,24,20,,5,52,0,0,0,0,0,0,0,0,,,5.2,10.2,12414,False,targets;fum_rec_td;ret_td,PFR+RULE2PT,19561122-GNB-DET,False,ret_td;fum_rec_td,False,True,ret_td;fum_rec_td,
Gary Knafelc,1956,10,1956-12-02,False,GNB,CRD,A,W,24,21,,1,38,0,0,0,0,0,0,0,0,,,3.8,4.8,12414,False,targets;fum_rec_td;ret_td,PFR+RULE2PT,19561202-GNB-CRD,False,ret_td;fum_rec_td,False,True,ret_td;fum_rec_td,
Gary Knafelc,1956,11,1956-12-08,False,GNB,SFO,A,L,20,38,,1,6,0,0,0,0,0,0,0,0,,,0.6,1.6,12414,False,targets;fum_rec_td;ret_td,PFR+RULE2PT,19561208-GNB-SFO,False,ret_td;fum_rec_td,False,True,ret_td;fum_rec_td,
Gary Knafelc,1956,12,1956-12-16,False,GNB,RAM,A,L,21,49,,3,42,0,0,0,0,0,0,0,0,,,4.2,7.2,12414,False,targets;fum_rec_td;ret_td,PFR+RULE2PT,19561216-GNB-RAM,False,ret_td;fum_rec_td,False,True,ret_td;fum_rec_td,
Gary Knafelc,1957,1,1957-09-29,False,GNB,CHI,H,W,21,17,,4,70,1,0,0,0,0,0,0,0,,,13.0,17.0,12414,False,targets;fum_rec_td;ret_td,PFR+RULE2PT,19570929-CHI-GNB,False,ret_td;fum_rec_td,False,True,ret_td;fum_rec_td,
Gary Knafelc,1957,2,1957-10-06,False,GNB,DET,H,L,14,24,,1,12,0,0,0,0,0,0,0,0,,,1.2,2.2,12414,False,targets;fum_rec_td;ret_td,PFR+RULE2PT,19571006-DET-GNB,False,ret_td;fum_rec_td,False,True,ret_td;fum_rec_td,
Gary Knafelc,1957,3,1957-10-13,False,GNB,BAL,H,L,17,45,,4,82,1,0,0,0,0,0,0,0,,,14.2,18.2,12414,False,targets;fum_rec_td;ret_td,PFR+RULE2PT,19571013-BAL-GNB,False,ret_td;fum_rec_td,False,True,ret_td;fum_rec_td,
Gary Knafelc,1958,1,1958-09-28,False,GNB,CHI,H,L,20,34,,2,28,0,0,0,0,0,0,0,0,,,2.8,4.8,12414,False,targets;fum_rec_td;ret_td,PFR+RULE2PT,19580928-CHI-GNB,False,ret_td;fum_rec_td,False,True,ret_td;fum_rec_td,
Gary Knafelc,1958,2,1958-10-05,False,GNB,DET,H,T,13,13,,2,16,0,0,0,0,0,0,0,0,,,1.6,3.6,12414,False,targets;fum_rec_td;ret_td,PFR+RULE2PT,19581005-DET-GNB,False,ret_td;fum_rec_td,False,True,ret_td;fum_rec_td,
Gary Knafelc,1958,3,1958-10-12,False,GNB,BAL,H,L,17,24,,1,9,0,0,0,0,0,0,0,0,,,0.9,1.9,12414,False,targets;fum_rec_td;ret_td,PFR+RULE2PT,19581012-BAL-GNB,False,ret_td;fum_rec_td,False,True,ret_td;fum_rec_td,
Gary Knafelc,1958,4,1958-10-19,False,GNB,WAS,A,L,21,37,,1,40,0,0,0,0,0,0,0,0,,,4.0,5.0,12414,False,targets;fum_rec_td;ret_td,PFR+RULE2PT,19581019-GNB-WAS,False,ret_td;fum_rec_td,False,True,ret_td;fum_rec_td,
Gary Knafelc,1958,5,1958-10-26,False,GNB,PHI,H,W,38,35,,2,25,1,0,0,0,0,0,0,0,,,8.5,10.5,12414,False,targets;fum_rec_td;ret_td,PFR+RULE2PT,19581026-PHI-GNB,False,ret_td;fum_rec_td,False,True,ret_td;fum_rec_td,
Gary Knafelc,1959,1,1959-09-27,False,GNB,CHI,H,W,9,6,,1,20,0,0,0,0,0,0,0,0,,,2.0,3.0,12414,False,targets;fum_rec_td;ret_td,PFR+RULE2PT,19590927-CHI-GNB,False,ret_td;fum_rec_td,False,True,ret_td;fum_rec_td,
Gary Knafelc,1959,2,1959-10-04,False,GNB,DET,H,W,28,10,,2,26,1,0,0,0,0,0,0,0,,,8.6,10.6,12414,False,targets;fum_rec_td;ret_td,PFR+RULE2PT,19591004-DET-GNB,False,ret_td;fum_rec_td,False,True,ret_td;fum_rec_td,
Gary Knafelc,1959,3,1959-10-11,False,GNB,SFO,H,W,21,20,,3,48,1,0,0,0,0,0,0,0,,,10.8,13.8,12414,False,targets;fum_rec_td;ret_td,PFR+RULE2PT,19591011-SFO-GNB,False,ret_td;fum_rec_td,False,True,ret_td;fum_rec_td,
Gary Knafelc,1959,4,1959-10-18,False,GNB,RAM,H,L,6,45,,3,40,0,0,0,0,0,0,0,0,,,4.0,7.0,12414,False,targets;fum_rec_td;ret_td,PFR+RULE2PT,19591018-RAM-GNB,False,ret_td;fum_rec_td,False,True,ret_td;fum_rec_td,
Gary Knafelc,1959,5,1959-10-25,False,GNB,BAL,A,L,21,38,,5,69,0,0,0,0,0,0,0,0,,,6.9,11.9,12414,False,targets;fum_rec_td;ret_td,PFR+RULE2PT,19591025-GNB-BAL,False,ret_td;fum_rec_td,False,True,ret_td;fum_rec_td,
Gary Knafelc,1959,6,1959-11-01,False,GNB,NYG,A,L,3,20,,1,18,0,0,0,0,0,0,0,0,,,1.8,2.8,12414,False,targets;fum_rec_td;ret_td,PFR+RULE2PT,19591101-GNB-NYG,False,ret_td;fum_rec_td,False,True,ret_td;fum_rec_td,
Gary Knafelc,1959,7,1959-11-08,False,GNB,CHI,A,L,17,28,,1,5,0,0,0,0,0,0,0,0,,,0.5,1.5,12414,False,targets;fum_rec_td;ret_td,PFR+RULE2PT,19591108-GNB-CHI,False,ret_td;fum_rec_td,False,True,ret_td;fum_rec_td,
Gary Knafelc,1959,9,1959-11-22,False,GNB,WAS,H,W,21,0,,3,20,1,0,0,0,0,0,0,0,,,8.0,11.0,12414,False,targets;fum_rec_td;ret_td,PFR+RULE2PT,19591122-WAS-GNB,False,ret_td;fum_rec_td,False,True,ret_td;fum_rec_td,
Gary Knafelc,1959,10,1959-11-26,False,GNB,DET,A,W,24,17,,2,29,0,0,0,0,0,0,0,0,,,2.9,4.9,12414,False,targets;fum_rec_td;ret_td,PFR+RULE2PT,19591126-GNB-DET,False,ret_td;fum_rec_td,False,True,ret_td;fum_rec_td,
Gary Knafelc,1959,11,1959-12-06,False,GNB,RAM,A,W,38,20,,1,38,0,0,0,0,0,0,0,0,,,3.8,4.8,12414,False,targets;fum_rec_td;ret_td,PFR+RULE2PT,19591206-GNB-RAM,False,ret_td;fum_rec_td,False,True,ret_td;fum_rec_td,
Gary Knafelc,1959,12,1959-12-13,False,GNB,SFO,A,W,36,14,,5,71,1,0,0,0,0,0,0,0,,,13.1,18.1,12414,False,targets;fum_rec_td;ret_td,PFR+RULE2PT,19591213-GNB-SFO,False,ret_td;fum_rec_td,False,True,ret_td;fum_rec_td,
Leon Clarke,1956,1,1956-09-30,False,RAM,PHI,H,W,27,7,,2,40,1,0,0,0,0,0,0,0,,,10.0,12.0,4016,False,targets;fum_rec_td;ret_td,PFR+RULE2PT,19560930-PHI-RAM,False,ret_td;fum_rec_td,False,True,ret_td;fum_rec_td,
Leon Clarke,1956,2,1956-10-07,False,RAM,SFO,A,L,30,33,,1,12,0,0,0,0,0,0,0,0,,,1.2,2.2,4016,False,targets;fum_rec_td;ret_td,PFR+RULE2PT,19561007-RAM-SFO,False,ret_td;fum_rec_td,False,True,ret_td;fum_rec_td,
Leon Clarke,1956,3,1956-10-14,False,RAM,DET,A,L,21,24,,3,96,1,0,0,0,0,0,0,0,,,15.6,18.6,4016,False,targets;fum_rec_td;ret_td,PFR+RULE2PT,19561014-RAM-DET,False,ret_td;fum_rec_td,False,True,ret_td;fum_rec_td,
Leon Clarke,1956,4,1956-10-21,False,RAM,GNB,A,L,17,42,,3,43,1,0,0,0,0,0,0,0,,,10.3,13.3,4016,False,targets;fum_rec_td;ret_td,PFR+RULE2PT,19561021-RAM-GNB,False,ret_td;fum_rec_td,False,True,ret_td;fum_rec_td,
Leon Clarke,1956,5,1956-10-28,False,RAM,DET,H,L,7,16,,3,92,0,0,0,0,0,0,0,0,,,9.2,12.2,4016,False,targets;fum_rec_td;ret_td,PFR+RULE2PT,19561028-DET-RAM,False,ret_td;fum_rec_td,False,True,ret_td;fum_rec_td,
Leon Clarke,1956,6,1956-11-04,False,RAM,CHI,H,L,24,35,,4,79,0,0,0,0,0,0,0,0,,,7.9,11.9,4016,False,targets;fum_rec_td;ret_td,PFR+RULE2PT,19561104-CHI-RAM,False,ret_td;fum_rec_td,False,True,ret_td;fum_rec_td,
Leon Clarke,1956,8,1956-11-18,False,RAM,CHI,A,L,21,30,,4,81,0,0,0,0,0,0,0,0,,,8.1,12.1,4016,False,targets;fum_rec_td;ret_td,PFR+RULE2PT,19561118-RAM-CHI,False,ret_td;fum_rec_td,False,True,ret_td;fum_rec_td,
Leon Clarke,1956,9,1956-11-25,False,RAM,BAL,A,L,21,56,,6,70,0,0,0,0,0,0,0,0,,,7.0,13.0,4016,False,targets;fum_rec_td;ret_td,PFR+RULE2PT,19561125-RAM-BAL,False,ret_td;fum_rec_td,False,True,ret_td;fum_rec_td,
Leon Clarke,1956,11,1956-12-09,False,RAM,BAL,H,W,31,7,,2,40,0,0,0,0,0,0,0,0,,,4.0,6.0,4016,False,targets;fum_rec_td;ret_td,PFR+RULE2PT,19561209-BAL-RAM,False,ret_td;fum_rec_td,False,True,ret_td;fum_rec_td,
Leon Clarke,1956,12,1956-12-16,False,RAM,GNB,H,W,49,21,,8,97,1,0,0,0,0,0,0,0,,,15.7,23.7,4016,False,targets;fum_rec_td;ret_td,PFR+RULE2PT,19561216-GNB-RAM,False,ret_td;fum_rec_td,False,True,ret_td;fum_rec_td,
Leon Clarke,1957,1,1957-09-29,False,RAM,PHI,H,W,17,13,,2,27,0,0,0,0,0,0,0,0,,,2.7,4.7,4016,False,targets;fum_rec_td;ret_td,PFR+RULE2PT,19570929-PHI-RAM,False,ret_td;fum_rec_td,False,True,ret_td;fum_rec_td,
Leon Clarke,1957,2,1957-10-06,False,RAM,SFO,A,L,20,23,,3,96,1,1,-4,0,0,0,0,0,,,15.2,18.2,4016,False,targets;fum_rec_td;ret_td,PFR+RULE2PT,19571006-RAM-SFO,False,ret_td;fum_rec_td,False,True,ret_td;fum_rec_td,
Leon Clarke,1957,3,1957-10-13,False,RAM,DET,A,L,7,10,,1,27,0,0,0,0,0,0,0,0,,,2.7,3.7,4016,False,targets;fum_rec_td;ret_td,PFR+RULE2PT,19571013-RAM-DET,False,ret_td;fum_rec_td,False,True,ret_td;fum_rec_td,
Leon Clarke,1957,4,1957-10-20,False,RAM,CHI,A,L,26,34,,2,25,0,0,0,0,0,0,0,0,,,2.5,4.5,4016,False,targets;fum_rec_td;ret_td,PFR+RULE2PT,19571020-RAM-CHI,False,ret_td;fum_rec_td,False,True,ret_td;fum_rec_td,
Leon Clarke,1957,5,1957-10-27,False,RAM,DET,H,W,35,17,,5,86,1,0,0,0,0,0,0,0,,,14.6,19.6,4016,False,targets;fum_rec_td;ret_td,PFR+RULE2PT,19571027-DET-RAM,False,ret_td;fum_rec_td,False,True,ret_td;fum_rec_td,
Leon Clarke,1957,6,1957-11-03,False,RAM,CHI,H,L,10,16,,1,7,0,0,0,0,0,0,0,0,,,0.7,1.7,4016,False,targets;fum_rec_td;ret_td,PFR+RULE2PT,19571103-CHI-RAM,False,ret_td;fum_rec_td,False,True,ret_td;fum_rec_td,
Leon Clarke,1957,10,1957-12-01,False,RAM,BAL,A,L,14,31,,4,76,1,0,0,0,0,0,0,0,,,13.6,17.6,4016,False,targets;fum_rec_td;ret_td,PFR+RULE2PT,19571201-RAM-BAL,False,ret_td;fum_rec_td,False,True,ret_td;fum_rec_td,
Leon Clarke,1957,11,1957-12-08,False,RAM,GNB,H,W,42,17,,4,67,1,0,0,0,0,0,0,0,,,12.7,16.7,4016,False,targets;fum_rec_td;ret_td,PFR+RULE2PT,19571208-GNB-RAM,False,ret_td;fum_rec_td,False,True,ret_td;fum_rec_td,
Leon Clarke,1957,12,1957-12-15,False,RAM,BAL,H,W,37,21,,1,31,0,0,0,0,0,0,0,0,,,3.1,4.1,4016,False,targets;fum_rec_td;ret_td,PFR+RULE2PT,19571215-BAL-RAM,False,ret_td;fum_rec_td,False,True,ret_td;fum_rec_td,
Leon Clarke,1958,1,1958-09-28,False,RAM,CLE,H,L,27,30,,2,15,0,0,0,0,0,0,0,0,,,1.5,3.5,4016,False,targets;fum_rec_td;ret_td,PFR+RULE2PT,19580928-CLE-RAM,False,ret_td;fum_rec_td,False,True,ret_td;fum_rec_td,
Leon Clarke,1958,2,1958-10-05,False,RAM,SFO,A,W,33,3,,2,16,0,0,0,0,0,0,0,0,,,1.6,3.6,4016,False,targets;fum_rec_td;ret_td,PFR+RULE2PT,19581005-RAM-SFO,False,ret_td;fum_rec_td,False,True,ret_td;fum_rec_td,
Leon Clarke,1958,3,1958-10-12,False,RAM,DET,A,W,42,28,,1,13,0,0,0,0,0,0,0,0,,,1.3,2.3,4016,False,targets;fum_rec_td;ret_td,PFR+RULE2PT,19581012-RAM-DET,False,ret_td;fum_rec_td,False,True,ret_td;fum_rec_td,
Leon Clarke,1958,6,1958-11-02,False,RAM,CHI,H,W,41,35,,2,5,1,0,0,0,0,0,0,0,,,6.5,8.5,4016,False,targets;fum_rec_td;ret_td,PFR+RULE2PT,19581102-CHI-RAM,False,ret_td;fum_rec_td,False,True,ret_td;fum_rec_td,
Leon Clarke,1958,7,1958-11-09,False,RAM,SFO,H,W,56,7,,2,17,1,0,0,0,0,0,0,0,,,7.7,9.7,4016,False,targets;fum_rec_td;ret_td,PFR+RULE2PT,19581109-SFO-RAM,False,ret_td;fum_rec_td,False,True,ret_td;fum_rec_td,
Leon Clarke,1958,8,1958-11-16,False,RAM,GNB,A,W,20,7,,3,15,0,0,0,0,0,0,0,0,,,1.5,4.5,4016,False,targets;fum_rec_td;ret_td,PFR+RULE2PT,19581116-RAM-GNB,False,ret_td;fum_rec_td,False,True,ret_td;fum_rec_td,
Leon Clarke,1958,9,1958-11-23,False,RAM,BAL,A,L,7,34,,1,2,0,0,0,0,0,0,0,0,,,0.2,1.2,4016,False,targets;fum_rec_td;ret_td,PFR+RULE2PT,19581123-RAM-BAL,False,ret_td;fum_rec_td,False,True,ret_td;fum_rec_td,
Leon Clarke,1958,10,1958-11-30,False,RAM,CRD,A,W,20,14,,5,52,2,0,0,0,0,0,0,0,,,17.2,22.2,4016,False,targets;fum_rec_td;ret_td,PFR+RULE2PT,19581130-RAM-CRD,False,ret_td;fum_rec_td,False,True,ret_td;fum_rec_td,
Leon Clarke,1959,1,1959-09-26,False,RAM,NYG,H,L,21,23,,1,12,0,0,0,0,0,0,0,0,,,1.2,2.2,4016,False,targets;fum_rec_td;ret_td,PFR+RULE2PT,19590926-NYG-RAM,False,ret_td;fum_rec_td,False,True,ret_td;fum_rec_td,
Leon Clarke,1959,2,1959-10-04,False,RAM,SFO,A,L,0,34,,4,45,0,0,0,0,0,0,0,0,,,4.5,8.5,4016,False,targets;fum_rec_td;ret_td,PFR+RULE2PT,19591004-RAM-SFO,False,ret_td;fum_rec_td,False,True,ret_td;fum_rec_td,
Leon Clarke,1959,4,1959-10-18,False,RAM,GNB,A,W,45,6,,1,13,0,0,0,0,0,0,0,0,,,1.3,2.3,4016,False,targets;fum_rec_td;ret_td,PFR+RULE2PT,19591018-RAM-GNB,False,ret_td;fum_rec_td,False,True,ret_td;fum_rec_td,
Leon Clarke,1959,5,1959-10-25,False,RAM,DET,H,L,7,17,,6,100,0,0,0,0,0,0,0,0,,,10.0,16.0,4016,False,targets;fum_rec_td;ret_td,PFR+RULE2PT,19591025-DET-RAM,False,ret_td;fum_rec_td,False,True,ret_td;fum_rec_td,
Leon Clarke,1959,6,1959-11-01,False,RAM,CHI,H,L,21,26,,4,62,0,0,0,0,0,0,0,0,,,6.2,10.2,4016,False,targets;fum_rec_td;ret_td,PFR+RULE2PT,19591101-CHI-RAM,False,ret_td;fum_rec_td,False,True,ret_td;fum_rec_td,
Leon Clarke,1959,7,1959-11-08,False,RAM,SFO,H,L,16,24,,5,80,0,0,0,0,0,0,0,0,,,8.0,13.0,4016,False,targets;fum_rec_td;ret_td,PFR+RULE2PT,19591108-SFO-RAM,False,ret_td;fum_rec_td,False,True,ret_td;fum_rec_td,
Leon Clarke,1959,8,1959-11-15,False,RAM,DET,A,L,17,23,,2,9,0,0,0,0,0,0,0,0,,,0.9,2.9,4016,False,targets;fum_rec_td;ret_td,PFR+RULE2PT,19591115-RAM-DET,False,ret_td;fum_rec_td,False,True,ret_td;fum_rec_td,
Leon Clarke,1959,10,1959-11-29,False,RAM,BAL,A,L,21,35,,3,73,0,0,0,0,0,0,0,0,,,7.3,10.3,4016,False,targets;fum_rec_td;ret_td,PFR+RULE2PT,19591129-RAM-BAL,False,ret_td;fum_rec_td,False,True,ret_td;fum_rec_td,
Leon Clarke,1959,12,1959-12-12,False,RAM,BAL,H,L,26,45,,3,59,0,0,0,0,0,0,0,0,,,5.9,8.9,4016,False,targets;fum_rec_td;ret_td,PFR+RULE2PT,19591212-BAL-RAM,False,ret_td;fum_rec_td,False,True,ret_td;fum_rec_td,
Fred Dugan,1958,1,1958-09-28,False,SFO,PIT,H,W,23,20,,3,54,0,0,0,0,0,0,0,0,,,5.4,8.4,6028,False,targets;fum_rec_td;ret_td,PFR+RULE2PT,19580928-PIT-SFO,False,ret_td;fum_rec_td,False,True,ret_td;fum_rec_td,
Fred Dugan,1958,2,1958-10-05,False,SFO,RAM,H,L,3,33,,1,20,0,0,0,0,0,0,0,0,,,2.0,3.0,6028,False,targets;fum_rec_td;ret_td,PFR+RULE2PT,19581005-RAM-SFO,False,ret_td;fum_rec_td,False,True,ret_td;fum_rec_td,
Fred Dugan,1958,3,1958-10-12,False,SFO,CHI,A,L,6,28,,1,13,0,0,0,0,0,0,0,0,,,1.3,2.3,6028,False,targets;fum_rec_td;ret_td,PFR+RULE2PT,19581012-SFO-CHI,False,ret_td;fum_rec_td,False,True,ret_td;fum_rec_td,
Fred Dugan,1958,11,1958-12-07,False,SFO,GNB,H,W,48,21,,4,35,0,0,0,0,0,0,0,0,,,3.5,7.5,6028,False,targets;fum_rec_td;ret_td,PFR+RULE2PT,19581207-GNB-SFO,False,ret_td;fum_rec_td,False,True,ret_td;fum_rec_td,
Fred Dugan,1959,1,1959-09-27,False,SFO,PHI,H,W,24,14,,1,12,0,0,0,0,0,0,0,0,,,1.2,2.2,6028,False,targets;fum_rec_td;ret_td,PFR+RULE2PT,19590927-PHI-SFO,False,ret_td;fum_rec_td,False,True,ret_td;fum_rec_td,
Fred Dugan,1959,4,1959-10-18,False,SFO,DET,A,W,34,13,,1,13,0,0,0,0,0,0,0,0,,,1.3,2.3,6028,False,targets;fum_rec_td;ret_td,PFR+RULE2PT,19591018-SFO-DET,False,ret_td;fum_rec_td,False,True,ret_td;fum_rec_td,
Fred Dugan,1959,5,1959-10-25,False,SFO,CHI,H,W,20,17,,1,10,0,0,0,0,0,0,0,0,,,1.0,2.0,6028,False,targets;fum_rec_td;ret_td,PFR+RULE2PT,19591025-CHI-SFO,False,ret_td;fum_rec_td,False,True,ret_td;fum_rec_td,
Fred Dugan,1959,10,1959-11-29,False,SFO,CLE,A,W,21,20,,1,12,0,0,0,0,0,0,0,0,,,1.2,2.2,6028,False,targets;fum_rec_td;ret_td,PFR+RULE2PT,19591129-SFO-CLE,False,ret_td;fum_rec_td,False,True,ret_td;fum_rec_td,
Fred Dugan,1959,11,1959-12-05,False,SFO,BAL,H,L,14,34,,2,25,0,0,0,0,0,0,0,0,,,2.5,4.5,6028,False,targets;fum_rec_td;ret_td,PFR+RULE2PT,19591205-BAL-SFO,False,ret_td;fum_rec_td,False,True,ret_td;fum_rec_td,
Dan Edwards,1950,1,1950-09-17,False,NYY,SFO,A,W,21,17,,5,55,0,0,0,0,0,0,0,0,,,5.5,10.5,6261,False,targets;fum_rec_td;ret_td,PFR+RULE2PT,19500917-NYY-SFO,False,ret_td;fum_rec_td,False,True,ret_td;fum_rec_td,
Dan Edwards,1950,2,1950-09-22,False,NYY,RAM,A,L,28,45,,7,165,2,0,0,0,0,0,0,0,,,28.5,35.5,6261,False,targets;fum_rec_td;ret_td,PFR+RULE2PT,19500922-NYY-RAM,False,ret_td;fum_rec_td,False,True,ret_td;fum_rec_td,
Dan Edwards,1950,3,1950-09-29,False,NYY,DET,H,W,44,21,,5,107,0,0,0,0,0,0,0,0,,,10.7,15.7,6261,False,targets;fum_rec_td;ret_td,PFR+RULE2PT,19500929-DET-NYY,False,ret_td;fum_rec_td,False,True,ret_td;fum_rec_td,
Dan Edwards,1950,4,1950-10-08,False,NYY,GNB,A,W,44,31,,3,85,1,0,0,0,0,0,0,0,,,14.5,17.5,6261,False,targets;fum_rec_td;ret_td,PFR+RULE2PT,19501008-NYY-GNB,False,ret_td;fum_rec_td,False,True,ret_td;fum_rec_td,
Dan Edwards,1950,5,1950-10-12,False,NYY,SFO,H,W,29,24,,7,50,0,0,0,0,0,0,0,0,,,5.0,12.0,6261,False,targets;fum_rec_td;ret_td,PFR+RULE2PT,19501012-SFO-NYY,False,ret_td;fum_rec_td,False,True,ret_td;fum_rec_td,
Dan Edwards,1950,6,1950-10-19,False,NYY,GNB,H,W,35,17,,3,31,0,0,0,0,0,0,0,0,,,3.1,6.1,6261,False,targets;fum_rec_td;ret_td,PFR+RULE2PT,19501019-GNB-NYY,False,ret_td;fum_rec_td,False,True,ret_td;fum_rec_td,
Dan Edwards,1950,7,1950-10-29,False,NYY,CHI,H,W,38,27,,1,1,0,0,0,0,0,0,0,0,,,0.1,1.1,6261,False,targets;fum_rec_td;ret_td,PFR+RULE2PT,19501029-CHI-NYY,False,ret_td;fum_rec_td,False,True,ret_td;fum_rec_td,
Dan Edwards,1950,8,1950-11-12,False,NYY,CHI,A,L,20,28,,3,58,1,0,0,0,0,0,0,0,,,11.8,14.8,6261,False,targets;fum_rec_td;ret_td,PFR+RULE2PT,19501112-NYY-CHI,False,ret_td;fum_rec_td,False,True,ret_td;fum_rec_td,
Dan Edwards,1950,9,1950-11-19,False,NYY,RAM,H,L,35,43,,6,97,1,0,0,0,0,0,0,0,,,15.7,21.7,6261,False,targets;fum_rec_td;ret_td,PFR+RULE2PT,19501119-RAM-NYY,False,ret_td;fum_rec_td,False,True,ret_td;fum_rec_td,
Dan Edwards,1950,10,1950-11-23,False,NYY,DET,A,L,14,49,,5,60,0,0,0,0,0,0,0,0,,,6.0,11.0,6261,False,targets;fum_rec_td;ret_td,PFR+RULE2PT,19501123-NYY-DET,False,ret_td;fum_rec_td,False,True,ret_td;fum_rec_td,
Dan Edwards,1950,11,1950-12-03,False,NYY,NYG,A,L,7,51,,6,52,1,0,0,0,0,0,0,0,,,11.2,17.2,6261,False,targets;fum_rec_td;ret_td,PFR+RULE2PT,19501203-NYY-NYG,False,ret_td;fum_rec_td,False,True,ret_td;fum_rec_td,
Dan Edwards,1950,12,1950-12-10,False,NYY,BAL,H,W,51,14,,1,14,0,0,0,0,0,0,0,0,,,1.4,2.4,6261,False,targets;fum_rec_td;ret_td,PFR+RULE2PT,19501210-BAL-NYY,False,ret_td;fum_rec_td,False,True,ret_td;fum_rec_td,
Dan Edwards,1951,1,1951-09-28,False,NYY,RAM,A,L,14,54,,3,25,0,0,0,0,0,0,0,0,,,2.5,5.5,6261,False,targets;fum_rec_td;ret_td,PFR+RULE2PT,19510928-NYY-RAM,False,ret_td;fum_rec_td,False,True,ret_td;fum_rec_td,
Dan Edwards,1951,2,1951-10-08,False,NYY,DET,A,L,10,37,,6,30,0,0,0,0,0,0,0,0,,,3.0,9.0,6261,False,targets;fum_rec_td;ret_td,PFR+RULE2PT,19511008-NYY-DET,False,ret_td;fum_rec_td,False,True,ret_td;fum_rec_td,
Dan Edwards,1951,4,1951-10-21,False,NYY,DET,A,T,24,24,,2,16,0,0,0,0,0,0,0,0,,,1.6,3.6,6261,False,targets;fum_rec_td;ret_td,PFR+RULE2PT,19511021-NYY-DET,False,ret_td;fum_rec_td,False,True,ret_td;fum_rec_td,
Dan Edwards,1951,5,1951-10-28,False,NYY,GNB,H,L,27,29,,5,43,0,0,0,0,0,0,0,0,,,4.3,9.3,6261,False,targets;fum_rec_td;ret_td,PFR+RULE2PT,19511028-GNB-NYY,False,ret_td;fum_rec_td,False,True,ret_td;fum_rec_td,
Dan Edwards,1951,6,1951-11-04,False,NYY,NYG,A,L,31,37,,8,105,0,0,0,0,0,0,0,0,,,10.5,18.5,6261,False,targets;fum_rec_td;ret_td,PFR+RULE2PT,19511104-NYY-NYG,False,ret_td;fum_rec_td,False,True,ret_td;fum_rec_td,
Dan Edwards,1951,7,1951-11-11,False,NYY,SFO,A,L,14,19,,2,28,1,0,0,0,0,0,0,0,,,8.8,10.8,6261,False,targets;fum_rec_td;ret_td,PFR+RULE2PT,19511111-NYY-SFO,False,ret_td;fum_rec_td,False,True,ret_td;fum_rec_td,
Dan Edwards,1951,8,1951-11-18,False,NYY,RAM,A,L,21,48,,3,55,0,0,0,0,0,0,0,0,,,5.5,8.5,6261,False,targets;fum_rec_td;ret_td,PFR+RULE2PT,19511118-NYY-RAM,False,ret_td;fum_rec_td,False,True,ret_td;fum_rec_td,
Dan Edwards,1951,9,1951-11-25,False,NYY,SFO,H,T,10,10,,2,34,0,0,0,0,0,0,0,0,,,3.4,5.4,6261,False,targets;fum_rec_td;ret_td,PFR+RULE2PT,19511125-SFO-NYY,False,ret_td;fum_rec_td,False,True,ret_td;fum_rec_td,
Dan Edwards,1951,10,1951-12-02,False,NYY,GNB,A,W,31,28,,6,124,2,0,0,0,0,0,0,0,,,24.4,30.4,6261,False,targets;fum_rec_td;ret_td,PFR+RULE2PT,19511202-NYY-GNB,False,ret_td;fum_rec_td,False,True,ret_td;fum_rec_td,
Dan Edwards,1951,12,1951-12-16,False,NYY,NYG,H,L,17,27,,2,49,0,0,0,0,0,0,0,0,,,4.9,6.9,6261,False,targets;fum_rec_td;ret_td,PFR+RULE2PT,19511216-NYG-NYY,False,ret_td;fum_rec_td,False,True,ret_td;fum_rec_td,
Dan Edwards,1952,1,1952-09-28,False,DTX,NYG,H,L,6,24,,3,22,0,0,0,0,0,0,0,0,,,2.2,5.2,6261,False,targets;fum_rec_td;ret_td,PFR+RULE2PT,19520928-NYG-DTX,False,ret_td;fum_rec_td,False,True,ret_td;fum_rec_td,
Dan Edwards,1953,1,1953-09-27,False,BAL,CHI,H,W,13,9,,2,17,0,0,0,0,0,0,0,0,,,1.7,3.7,6261,False,targets;fum_rec_td;ret_td,PFR+RULE2PT,19530927-CHI-BAL,False,ret_td;fum_rec_td,False,True,ret_td;fum_rec_td,
Dan Edwards,1953,2,1953-10-03,False,BAL,DET,H,L,17,27,,3,27,0,0,0,0,0,0,0,0,,,2.7,5.7,6261,False,targets;fum_rec_td;ret_td,PFR+RULE2PT,19531003-DET-BAL,False,ret_td;fum_rec_td,False,True,ret_td;fum_rec_td,
Dan Edwards,1953,3,1953-10-11,False,BAL,CHI,A,W,16,14,,4,31,1,0,0,0,0,0,0,0,,,9.1,13.1,6261,False,targets;fum_rec_td;ret_td,PFR+RULE2PT,19531011-BAL-CHI,False,ret_td;fum_rec_td,False,True,ret_td;fum_rec_td,
Dan Edwards,1953,4,1953-10-18,False,BAL,GNB,A,L,14,37,,5,35,0,0,0,0,0,0,0,0,,,3.5,8.5,6261,False,targets;fum_rec_td;ret_td,PFR+RULE2PT,19531018-BAL-GNB,False,ret_td;fum_rec_td,False,True,ret_td;fum_rec_td,
Dan Edwards,1953,5,1953-10-25,False,BAL,WAS,H,W,27,17,,2,22,0,0,0,0,0,0,0,0,,,2.2,4.2,6261,False,targets;fum_rec_td;ret_td,PFR+RULE2PT,19531025-WAS-BAL,False,ret_td;fum_rec_td,False,True,ret_td;fum_rec_td,
Dan Edwards,1953,6,1953-10-31,False,BAL,GNB,H,L,24,35,,2,22,0,0,0,0,0,0,0,0,,,2.2,4.2,6261,False,targets;fum_rec_td;ret_td,PFR+RULE2PT,19531031-GNB-BAL,False,ret_td;fum_rec_td,False,True,ret_td;fum_rec_td,
Dan Edwards,1953,8,1953-11-15,False,BAL,PHI,A,L,14,45,,6,57,0,0,0,0,0,0,0,0,,,5.7,11.7,6261,False,targets;fum_rec_td;ret_td,PFR+RULE2PT,19531115-BAL-PHI,False,ret_td;fum_rec_td,False,True,ret_td;fum_rec_td,
Dan Edwards,1953,9,1953-11-22,False,BAL,RAM,H,L,13,21,,2,8,0,0,0,0,0,0,0,0,,,0.8,2.8,6261,False,targets;fum_rec_td;ret_td,PFR+RULE2PT,19531122-RAM-BAL,False,ret_td;fum_rec_td,False,True,ret_td;fum_rec_td,
Dan Edwards,1953,10,1953-11-29,False,BAL,SFO,H,L,21,38,,4,58,1,0,0,0,0,0,0,0,,,11.8,15.8,6261,False,targets;fum_rec_td;ret_td,PFR+RULE2PT,19531129-SFO-BAL,False,ret_td;fum_rec_td,False,True,ret_td;fum_rec_td,
Dan Edwards,1953,11,1953-12-05,False,BAL,RAM,A,L,2,45,,3,25,0,0,0,0,0,0,0,0,,,2.5,5.5,6261,False,targets;fum_rec_td;ret_td,PFR+RULE2PT,19531205-BAL-RAM,False,ret_td;fum_rec_td,False,True,ret_td;fum_rec_td,
Dan Edwards,1953,12,1953-12-13,False,BAL,SFO,A,L,14,45,,2,10,1,0,0,0,0,0,0,0,,,7.0,9.0,6261,False,targets;fum_rec_td;ret_td,PFR+RULE2PT,19531213-BAL-SFO,False,ret_td;fum_rec_td,False,True,ret_td;fum_rec_td,
Dan Edwards,1954,1,1954-09-26,False,BAL,RAM,H,L,0,48,,5,72,0,0,0,0,0,0,0,0,,,7.2,12.2,6261,False,targets;fum_rec_td;ret_td,PFR+RULE2PT,19540926-RAM-BAL,False,ret_td;fum_rec_td,False,True,ret_td;fum_rec_td,
Dan Edwards,1954,2,1954-10-02,False,BAL,NYG,H,W,20,14,,4,77,0,0,0,0,0,0,0,0,,,7.7,11.7,6261,False,targets;fum_rec_td;ret_td,PFR+RULE2PT,19541002-NYG-BAL,False,ret_td;fum_rec_td,False,True,ret_td;fum_rec_td,
Dan Edwards,1954,3,1954-10-10,False,BAL,CHI,A,L,9,28,,3,12,0,0,0,0,0,0,0,0,,,1.2,4.2,6261,False,targets;fum_rec_td;ret_td,PFR+RULE2PT,19541010-BAL-CHI,False,ret_td;fum_rec_td,False,True,ret_td;fum_rec_td,
Dan Edwards,1954,4,1954-10-16,False,BAL,DET,A,L,0,35,,3,40,0,0,0,0,0,0,0,0,,,4.0,7.0,6261,False,targets;fum_rec_td;ret_td,PFR+RULE2PT,19541016-BAL-DET,False,ret_td;fum_rec_td,False,True,ret_td;fum_rec_td,
Dan Edwards,1954,5,1954-10-24,False,BAL,GNB,H,L,6,7,,1,23,0,0,0,0,0,0,0,0,,,2.3,3.3,6261,False,targets;fum_rec_td;ret_td,PFR+RULE2PT,19541024-GNB-BAL,False,ret_td;fum_rec_td,False,True,ret_td;fum_rec_td,
Dan Edwards,1954,6,1954-10-31,False,BAL,WAS,A,L,21,24,,8,105,1,0,0,0,0,0,0,0,,,16.5,24.5,6261,False,targets;fum_rec_td;ret_td,PFR+RULE2PT,19541031-BAL-WAS,False,ret_td;fum_rec_td,False,True,ret_td;fum_rec_td,
Dan Edwards,1954,7,1954-11-06,False,BAL,DET,H,L,3,27,,2,39,0,0,0,0,0,0,0,0,,,3.9,5.9,6261,False,targets;fum_rec_td;ret_td,PFR+RULE2PT,19541106-DET-BAL,False,ret_td;fum_rec_td,False,True,ret_td;fum_rec_td,
Dan Edwards,1954,8,1954-11-13,False,BAL,GNB,A,L,13,24,,2,24,0,0,0,0,0,0,0,0,,,2.4,4.4,6261,False,targets;fum_rec_td;ret_td,PFR+RULE2PT,19541113-BAL-GNB,False,ret_td;fum_rec_td,False,True,ret_td;fum_rec_td,
Dan Edwards,1954,9,1954-11-21,False,BAL,CHI,H,L,13,28,,3,35,0,0,0,0,0,0,0,0,,,3.5,6.5,6261,False,targets;fum_rec_td;ret_td,PFR+RULE2PT,19541121-CHI-BAL,False,ret_td;fum_rec_td,False,True,ret_td;fum_rec_td,
Dan Edwards,1954,10,1954-11-28,False,BAL,SFO,H,W,17,13,,1,12,0,0,0,0,0,0,0,0,,,1.2,2.2,6261,False,targets;fum_rec_td;ret_td,PFR+RULE2PT,19541128-SFO-BAL,False,ret_td;fum_rec_td,False,True,ret_td;fum_rec_td,
Dan Edwards,1954,11,1954-12-04,False,BAL,RAM,A,W,22,21,,4,48,0,0,0,0,0,0,0,0,,,4.8,8.8,6261,False,targets;fum_rec_td;ret_td,PFR+RULE2PT,19541204-BAL-RAM,False,ret_td;fum_rec_td,False,True,ret_td;fum_rec_td,
Dan Edwards,1954,12,1954-12-11,False,BAL,SFO,A,L,7,10,,4,44,0,0,0,0,0,0,0,0,,,4.4,8.4,6261,False,targets;fum_rec_td;ret_td,PFR+RULE2PT,19541211-BAL-SFO,False,ret_td;fum_rec_td,False,True,ret_td;fum_rec_td,
Mac Speedie,1950,1,1950-09-16,False,CLE,PHI,A,W,35,10,,7,109,1,0,0,0,0,0,0,0,,,16.9,23.9,20959,False,targets;fum_rec_td;ret_td,PFR+RULE2PT,19500916-CLE-PHI,False,ret_td;fum_rec_td,False,True,ret_td;fum_rec_td,
Mac Speedie,1950,2,1950-09-24,False,CLE,BAL,A,W,31,0,,2,24,0,0,0,0,0,0,0,0,,,2.4,4.4,20959,False,targets;fum_rec_td;ret_td,PFR+RULE2PT,19500924-CLE-BAL,False,ret_td;fum_rec_td,False,True,ret_td;fum_rec_td,
Mac Speedie,1950,3,1950-10-01,False,CLE,NYG,H,L,0,6,,4,34,0,0,0,0,0,0,0,0,,,3.4,7.4,20959,False,targets;fum_rec_td;ret_td,PFR+RULE2PT,19501001-NYG-CLE,False,ret_td;fum_rec_td,False,True,ret_td;fum_rec_td,
Mac Speedie,1950,4,1950-10-07,False,CLE,PIT,A,W,30,17,,5,38,0,0,0,0,0,0,0,0,,,3.8,8.8,20959,False,targets;fum_rec_td;ret_td,PFR+RULE2PT,19501007-CLE-PIT,False,ret_td;fum_rec_td,False,True,ret_td;fum_rec_td,
Mac Speedie,1950,5,1950-10-15,False,CLE,CRD,H,W,34,24,,6,106,0,0,0,0,0,0,0,0,,,10.6,16.6,20959,False,targets;fum_rec_td;ret_td,PFR+RULE2PT,19501015-CRD-CLE,False,ret_td;fum_rec_td,False,True,ret_td;fum_rec_td,
Mac Speedie,1950,6,1950-10-22,False,CLE,NYG,A,L,13,17,,5,65,0,0,0,0,0,0,0,0,,,6.5,11.5,20959,False,targets;fum_rec_td;ret_td,PFR+RULE2PT,19501022-CLE-NYG,False,ret_td;fum_rec_td,False,True,ret_td;fum_rec_td,
Mac Speedie,1950,7,1950-10-29,False,CLE,PIT,H,W,45,7,,2,37,0,0,0,0,0,0,0,0,,,3.7,5.7,20959,False,targets;fum_rec_td;ret_td,PFR+RULE2PT,19501029-PIT-CLE,False,ret_td;fum_rec_td,False,True,ret_td;fum_rec_td,
Mac Speedie,1950,8,1950-11-05,False,CLE,CRD,A,W,10,7,,4,45,0,0,0,0,0,0,0,0,,,4.5,8.5,20959,False,targets;fum_rec_td;ret_td,PFR+RULE2PT,19501105-CLE-CRD,False,ret_td;fum_rec_td,False,True,ret_td;fum_rec_td,
Mac Speedie,1950,9,1950-11-12,False,CLE,SFO,H,W,34,14,,2,29,0,0,0,0,0,0,0,0,,,2.9,4.9,20959,False,targets;fum_rec_td;ret_td,PFR+RULE2PT,19501112-SFO-CLE,False,ret_td;fum_rec_td,False,True,ret_td;fum_rec_td,
Mac Speedie,1950,10,1950-11-19,False,CLE,WAS,H,W,20,14,,1,17,0,0,0,0,0,0,0,0,,,1.7,2.7,20959,False,targets;fum_rec_td;ret_td,PFR+RULE2PT,19501119-WAS-CLE,False,ret_td;fum_rec_td,False,True,ret_td;fum_rec_td,
Mac Speedie,1950,12,1950-12-10,False,CLE,WAS,A,W,45,21,,4,44,0,0,0,0,0,0,0,0,,,4.4,8.4,20959,False,targets;fum_rec_td;ret_td,PFR+RULE2PT,19501210-CLE-WAS,False,ret_td;fum_rec_td,False,True,ret_td;fum_rec_td,
Mac Speedie,1950,13,1950-12-17,True,CLE,NYG,H,W,8,3,,0,0,0,0,0,0,0,0,0,0,,,0.0,0.0,20959,False,targets;fum_rec_td;ret_td,PFR+RULE2PT,19501217-NYG-CLE,False,ret_td;fum_rec_td,False,True,ret_td;fum_rec_td,
Mac Speedie,1950,14,1950-12-24,True,CLE,RAM,H,W,30,28,,1,17,0,0,0,0,0,0,0,0,,,1.7,2.7,20959,False,targets;fum_rec_td;ret_td,PFR+RULE2PT,19501224-RAM-CLE,False,ret_td;fum_rec_td,False,True,ret_td;fum_rec_td,
Mac Speedie,1951,1,1951-09-30,False,CLE,SFO,A,L,10,24,,5,36,0,0,0,0,0,0,0,0,,,3.6,8.6,20959,False,targets;fum_rec_td;ret_td,PFR+RULE2PT,19510930-CLE-SFO,False,ret_td;fum_rec_td,False,True,ret_td;fum_rec_td,
Mac Speedie,1951,2,1951-10-07,False,CLE,RAM,A,W,38,23,,1,41,0,0,0,0,0,0,0,0,,,4.1,5.1,20959,False,targets;fum_rec_td;ret_td,PFR+RULE2PT,19511007-CLE-RAM,False,ret_td;fum_rec_td,False,True,ret_td;fum_rec_td,
Mac Speedie,1951,3,1951-10-14,False,CLE,WAS,H,W,45,0,,3,48,0,0,0,0,0,0,0,0,,,4.8,7.8,20959,False,targets;fum_rec_td;ret_td,PFR+RULE2PT,19511014-WAS-CLE,False,ret_td;fum_rec_td,False,True,ret_td;fum_rec_td,
Mac Speedie,1951,4,1951-10-21,False,CLE,PIT,H,W,17,0,,3,27,0,0,0,0,0,0,0,0,,,2.7,5.7,20959,False,targets;fum_rec_td;ret_td,PFR+RULE2PT,19511021-PIT-CLE,False,ret_td;fum_rec_td,False,True,ret_td;fum_rec_td,
Mac Speedie,1951,7,1951-11-11,False,CLE,PHI,H,W,20,17,,3,60,0,0,0,0,0,0,0,0,,,6.0,9.0,20959,False,targets;fum_rec_td;ret_td,PFR+RULE2PT,19511111-PHI-CLE,False,ret_td;fum_rec_td,False,True,ret_td;fum_rec_td,
Mac Speedie,1951,8,1951-11-18,False,CLE,NYG,A,W,10,0,,1,9,0,0,0,0,0,0,0,0,,,0.9,1.9,20959,False,targets;fum_rec_td;ret_td,PFR+RULE2PT,19511118-CLE-NYG,False,ret_td;fum_rec_td,False,True,ret_td;fum_rec_td,
Mac Speedie,1951,9,1951-11-25,False,CLE,CHI,H,W,42,21,,6,144,0,0,0,0,0,0,0,0,,,14.4,20.4,20959,False,targets;fum_rec_td;ret_td,PFR+RULE2PT,19511125-CHI-CLE,False,ret_td;fum_rec_td,False,True,ret_td;fum_rec_td,
Mac Speedie,1951,10,1951-12-02,False,CLE,CRD,H,W,49,28,,4,73,3,0,0,0,0,0,0,0,,,25.3,29.3,20959,False,targets;fum_rec_td;ret_td,PFR+RULE2PT,19511202-CRD-CLE,False,ret_td;fum_rec_td,False,True,ret_td;fum_rec_td,
Mac Speedie,1951,11,1951-12-09,False,CLE,PIT,A,W,28,0,,4,78,0,0,0,0,0,0,0,0,,,7.8,11.8,20959,False,targets;fum_rec_td;ret_td,PFR+RULE2PT,19511209-CLE-PIT,False,ret_td;fum_rec_td,False,True,ret_td;fum_rec_td,
Mac Speedie,1951,12,1951-12-16,False,CLE,PHI,A,W,24,9,,4,73,0,0,0,0,0,0,0,0,,,7.3,11.3,20959,False,targets;fum_rec_td;ret_td,PFR+RULE2PT,19511216-CLE-PHI,False,ret_td;fum_rec_td,False,True,ret_td;fum_rec_td,
Mac Speedie,1951,13,1951-12-23,True,CLE,RAM,A,L,17,24,,7,81,0,0,0,0,0,0,0,0,,,8.1,15.1,20959,False,targets;fum_rec_td;ret_td,PFR+RULE2PT,19511223-CLE-RAM,False,ret_td;fum_rec_td,False,True,ret_td;fum_rec_td,
Mac Speedie,1952,1,1952-09-28,False,CLE,RAM,H,W,37,7,,4,32,0,0,0,0,0,0,0,0,,,3.2,7.2,20959,False,targets;fum_rec_td;ret_td,PFR+RULE2PT,19520928-RAM-CLE,False,ret_td;fum_rec_td,False,True,ret_td;fum_rec_td,
Mac Speedie,1952,2,1952-10-04,False,CLE,PIT,A,W,21,20,,5,99,0,0,0,0,0,0,0,0,,,9.9,14.9,20959,False,targets;fum_rec_td;ret_td,PFR+RULE2PT,19521004-CLE-PIT,False,ret_td;fum_rec_td,False,True,ret_td;fum_rec_td,
Mac Speedie,1952,3,1952-10-12,False,CLE,NYG,H,L,9,17,,8,161,0,0,0,0,0,0,0,0,,,16.1,24.1,20959,False,targets;fum_rec_td;ret_td,PFR+RULE2PT,19521012-NYG-CLE,False,ret_td;fum_rec_td,False,True,ret_td;fum_rec_td,
Mac Speedie,1952,4,1952-10-19,False,CLE,PHI,A,W,49,7,,5,48,1,0,0,0,0,0,0,0,,,10.8,15.8,20959,False,targets;fum_rec_td;ret_td,PFR+RULE2PT,19521019-CLE-PHI,False,ret_td;fum_rec_td,False,True,ret_td;fum_rec_td,
Mac Speedie,1952,5,1952-10-26,False,CLE,WAS,H,W,19,15,,4,80,0,0,0,0,0,0,0,0,,,8.0,12.0,20959,False,targets;fum_rec_td;ret_td,PFR+RULE2PT,19521026-WAS-CLE,False,ret_td;fum_rec_td,False,True,ret_td;fum_rec_td,
Mac Speedie,1952,6,1952-11-02,False,CLE,DET,A,L,6,17,,5,40,0,0,0,0,0,0,0,0,,,4.0,9.0,20959,False,targets;fum_rec_td;ret_td,PFR+RULE2PT,19521102-CLE-DET,False,ret_td;fum_rec_td,False,True,ret_td;fum_rec_td,
Mac Speedie,1952,7,1952-11-09,False,CLE,CRD,H,W,28,13,,11,157,1,0,0,0,0,0,0,0,,,21.7,32.7,20959,False,targets;fum_rec_td;ret_td,PFR+RULE2PT,19521109-CRD-CLE,False,ret_td;fum_rec_td,False,True,ret_td;fum_rec_td,
Mac Speedie,1952,8,1952-11-16,False,CLE,PIT,H,W,29,28,,4,43,0,0,0,0,0,0,0,0,,,4.3,8.3,20959,False,targets;fum_rec_td;ret_td,PFR+RULE2PT,19521116-PIT-CLE,False,ret_td;fum_rec_td,False,True,ret_td;fum_rec_td,
Mac Speedie,1952,9,1952-11-23,False,CLE,PHI,H,L,20,28,,7,156,2,0,0,0,0,0,0,0,,,27.6,34.6,20959,False,targets;fum_rec_td;ret_td,PFR+RULE2PT,19521123-PHI-CLE,False,ret_td;fum_rec_td,False,True,ret_td;fum_rec_td,
Mac Speedie,1952,10,1952-11-30,False,CLE,WAS,A,W,48,24,,2,33,1,0,0,0,0,0,0,0,,,9.3,11.3,20959,False,targets;fum_rec_td;ret_td,PFR+RULE2PT,19521130-CLE-WAS,False,ret_td;fum_rec_td,False,True,ret_td;fum_rec_td,
Mac Speedie,1952,11,1952-12-07,False,CLE,CRD,A,W,10,0,,1,7,0,0,0,0,0,0,0,0,,,0.7,1.7,20959,False,targets;fum_rec_td;ret_td,PFR+RULE2PT,19521207-CLE-CRD,False,ret_td;fum_rec_td,False,True,ret_td;fum_rec_td,
Mac Speedie,1952,12,1952-12-14,False,CLE,NYG,A,L,34,37,,6,55,0,0,0,0,0,0,0,0,,,5.5,11.5,20959,False,targets;fum_rec_td;ret_td,PFR+RULE2PT,19521214-CLE-NYG,False,ret_td;fum_rec_td,False,True,ret_td;fum_rec_td,
